provincia_code,municipio_code,municipio,lat_municipio,lon_municipio
1,1001,ALEGRÍA-DULANTZI,42.841519,-2.5120525
1,1003,ARAMAIO,43.0352061,-2.5857615
1,1004,ARTZINIEGA,43.1210566,-3.1286742
1,1006,ARMIÑÓN,42.722587,-2.8722115
1,1009,ASPARRENA,42.8862514,-2.2855075
1,1011,BAÑOS DE EBRO/MAÑUETA,42.5295829,-2.6789897
1,1013,BARRUNDIA,42.9148432,-2.5027644
1,1023,ELVILLAR/BILAR,42.5704082,-2.5451889
1,1031,LAGUARDIA,42.5535011,-2.5850848
1,1032,LANCIEGO/LANTZIEGO,42.5625294,-2.5125875
1,1042,OKONDO,43.1563569,-3.0267954
1,1047,ERRIBERABEITIA,42.7255641,-2.9076507
1,1049,AÑANA,42.8021497,-2.9864169
1,1051,AGURAIN/SALVATIERRA,42.8492823,-2.3890592
1,1053,SAN MILLÁN/DONEMILIAGA,42.8798718,-2.3909783
1,1058,LEGUTIO,42.9780816,-2.6430832
1,1059,VITORIA-GASTEIZ,42.8465088,-2.6724025
1,1062,ZAMBRANA,42.6611191,-2.8793698
1,1063,ZUIA,42.9817199,-2.8319393
10,10002,ABERTURA,39.2439535,-5.8141881
10,10003,ACEBO,40.2008358,-6.717543
10,10004,ACEHÚCHE,39.8018959,-6.6335103
10,10006,AHIGAL,40.1890481,-6.1880415
10,10007,ALBALÁ,39.2562411,-6.1861813
10,10008,ALCÁNTARA,39.7206785,-6.8869875
10,10009,ALCOLLARÍN,39.2455213,-5.7368176
10,10010,ALCUÉSCAR,39.1801212,-6.2284451
10,10012,ALDEA DEL CANO,39.2877875,-6.3189052
10,10018,ALISEDA,39.4224611,-6.6918971
10,10020,ALMOHARÍN,39.1754757,-6.0427828
10,10021,ARROYO DE LA LUZ,39.4840338,-6.5845773
10,10023,ARROYOMOLINOS,39.1855991,-6.1630632
10,10027,BENQUERENCIA,39.3101101,-6.0842632
10,10031,BOTIJA,39.3442751,-6.074113
10,10032,BROZAS,39.6111187,-6.7782723
10,10037,CÁCERES,39.4745175,-6.3716761
10,10039,CADALSO,40.2375069,-6.5397962
10,10040,CALZADILLA,40.0614295,-6.5317294
10,10043,CAMPO LUGAR,39.1952574,-5.7718708
10,10044,CAÑAMERO,39.3801055,-5.3892464
10,10045,CAÑAVERAL,39.7897226,-6.3933113
10,10047,CARCABOSO,40.0490389,-6.2136144
10,10049,CASAR DE CÁCERES,39.5614765,-6.4171236
10,10052,CASAS DE DON ANTONIO,39.2363894,-6.2908476
10,10056,CASAS DE MILLÁN,39.8175504,-6.3290452
10,10060,CASTAÑAR DE IBOR,39.6261851,-5.4170221
10,10061,CECLAVÍN,39.8224249,-6.7734102
10,10063,CEREZO,40.2367345,-6.22756
10,10064,CILLEROS,40.1136983,-6.7913987
10,10067,CORIA,39.9831574,-6.5366803
10,10073,ESCURIAL,39.1682141,-5.8840442
10,10081,GARGÜERA,40.0612161,-5.9275376
10,10082,GARROVILLAS DE ALCONÉTAR,39.7131532,-6.5494403
10,10090,GUIJO DE GRANADILLA,40.1937514,-6.163317
10,10096,HERVÁS,40.2738554,-5.8587431
10,10098,HINOJAL,39.7086943,-6.3559447
10,10100,HOYOS,40.1707784,-6.7212412
10,10102,IBAHERNANDO,39.3245084,-5.9169198
10,10104,JARAÍZ DE LA VERA,40.0598888,-5.7551824
10,10105,JARANDILLA DE LA VERA,40.1282875,-5.6587
10,10106,JARILLA,40.1714051,-6.0024421
10,10112,MADRIGALEJO,39.1389963,-5.6272875
10,10115,MALPARTIDA DE CÁCERES,39.4458422,-6.5046747
10,10117,MARCHAGAZ,40.2678024,-6.2745815
10,10118,MATA DE ALCÁNTARA,39.7171865,-6.8181226
10,10121,MIAJADAS,39.1501902,-5.9090558
10,10125,MONROY,39.637491,-6.21351
10,10126,MONTÁNCHEZ,39.2241144,-6.1501782
10,10127,MONTEHERMOSO,40.0883757,-6.3495966
10,10128,MORALEJA,40.0684627,-6.6604617
10,10131,NAVALMORAL DE LA MATA,39.8928306,-5.5401199
10,10133,NAVAS DEL MADROÑO,39.6233075,-6.6506496
10,10137,PALOMERO,40.2465313,-6.2762278
10,10140,PERALEDA DE LA MATA,39.85306,-5.4596157
10,10144,PESGA (LA),40.3261827,-6.1757638
10,10148,PLASENCIA,40.029921,-6.090168
10,10149,PLASENZUELA,39.3818481,-6.0475764
10,10151,PORTEZUELO,39.8123965,-6.4741184
10,10153,PUERTO DE SANTA CRUZ,39.3163339,-5.8588266
10,10155,RIOLOBOS,39.9208114,-6.3040059
10,10158,ROBLEDILLO DE TRUJILLO,39.2689957,-5.9806012
10,10161,RUANES,39.3279182,-6.0132361
10,10163,SALVATIERRA DE SANTIAGO,39.3021566,-6.0334534
10,10165,SANTA ANA,39.3088648,-5.9902187
10,10170,SANTIAGO DEL CAMPO,39.6287478,-6.3644999
10,10172,SANTIBÁÑEZ EL BAJO,40.1763698,-6.2231141
10,10177,SIERRA DE FUENTES,39.4372411,-6.2739777
10,10178,TALAVÁN,39.7156908,-6.2812319
10,10180,TALAYUELA,39.9859921,-5.6096048
10,10181,TEJEDA DE TIÉTAR,40.0186546,-5.8694338
10,10182,TORIL,39.8973513,-5.7805381
10,10183,TORNAVACAS,40.2556866,-5.6885137
10,10184,TORNO (EL),40.1361261,-5.9440836
10,10188,TORRE DE SANTA MARÍA,39.2528863,-6.1173349
10,10190,TORREJÓN EL RUBIO,39.7713402,-6.013256
10,10192,TORREMOCHA,39.3456532,-6.1728733
10,10193,TORREORGAZ,39.3821045,-6.2501398
10,10194,TORREQUEMADA,39.3659135,-6.2210139
10,10195,TRUJILLO,39.4605657,-5.8816626
10,10196,VALDASTILLAS,40.1328693,-5.8791465
10,10198,VALDEFUENTES,39.2737556,-6.126006
10,10202,VALDEOBISPO,40.0821944,-6.2482744
10,10203,VALENCIA DE ALCÁNTARA,39.4131571,-7.2420859
10,10206,VIANDAR DE LA VERA,40.12165,-5.5364459
10,10208,VILLA DEL REY,39.6594817,-6.821092
10,10209,VILLAMESÍAS,39.2452735,-5.8732834
10,10210,VILLAMIEL,40.1870837,-6.7837201
10,10214,VILLAR DE PLASENCIA,40.1380647,-6.0278244
10,10217,ZARZA DE MONTÁNCHEZ,39.2571525,-6.0313973
10,10218,ZARZA LA MAYOR,39.875449,-6.8615176
10,10901,ROSALEJO,39.993376,-5.4567741
11,11001,ALCALÁ DE LOS GAZULES,36.4618805,-5.7238891
11,11002,ALCALÁ DEL VALLE,36.9044094,-5.1720759
11,11003,ALGAR,36.6566286,-5.6564009
11,11004,ALGECIRAS,36.1311725,-5.4473991
11,11005,ALGODONALES,36.879693,-5.4047755
11,11006,ARCOS DE LA FRONTERA,36.7526913,-5.8122092
11,11007,BARBATE,36.1923983,-5.9192837
11,11008,BARRIOS (LOS),36.2586921,-5.6460469
11,11009,BENAOCAZ,36.7006416,-5.421687
11,11010,BORNOS,36.8157427,-5.7434863
11,11011,BOSQUE (EL),36.757294,-5.5067224
11,11012,CÁDIZ,36.5297438,-6.2928976
11,11013,CASTELLAR DE LA FRONTERA,36.2867039,-5.4196952
11,11014,CONIL DE LA FRONTERA,36.277054,-6.0881874
11,11015,CHICLANA DE LA FRONTERA,36.4191096,-6.1460683
11,11016,CHIPIONA,36.7355451,-6.4348221
11,11017,ESPERA,36.8716918,-5.8060565
11,11018,GASTOR (EL),36.8551853,-5.3236056
11,11019,GRAZALEMA,36.7583892,-5.366074
11,11020,JEREZ DE LA FRONTERA,36.6816936,-6.1377402
11,11021,JIMENA DE LA FRONTERA,36.4327335,-5.4527477
11,11022,LÍNEA DE LA CONCEPCIÓN (LA),36.1687585,-5.3692725
11,11023,MEDINA SIDONIA,36.4576714,-5.9272725
11,11024,OLVERA,36.9348951,-5.2601194
11,11025,PATERNA DE RIVERA,36.5229634,-5.864702
11,11026,PRADO DEL REY,36.7879415,-5.5572276
11,11027,PUERTO DE SANTA MARÍA (EL),36.5996012,-6.2286652
11,11028,PUERTO REAL,36.5286856,-6.1902161
11,11029,PUERTO SERRANO,36.9213346,-5.5420668
11,11030,ROTA,36.6228636,-6.3599595
11,11031,SAN FERNANDO,36.4646672,-6.1983492
11,11032,SANLÚCAR DE BARRAMEDA,36.7761393,-6.3534794
11,11033,SAN ROQUE,36.2100586,-5.3868293
11,11034,SETENIL DE LAS BODEGAS,36.8621836,-5.1787
11,11035,TARIFA,36.0129082,-5.6050213
11,11036,TORRE ALHÁQUIME,36.9156897,-5.2347672
11,11037,TREBUJENA,36.8693137,-6.1767017
11,11038,UBRIQUE,36.6769347,-5.4457808
11,11039,VEJER DE LA FRONTERA,36.251937,-5.9670492
11,11040,VILLALUENGA DEL ROSARIO,36.6965773,-5.3860094
11,11041,VILLAMARTÍN,36.8591822,-5.6434544
11,11042,ZAHARA,36.8405841,-5.3905374
11,11901,BENALUP-CASAS VIEJAS,36.3449297,-5.8137236
11,11902,SAN JOSÉ DEL VALLE,36.6062584,-5.7997029
12,12001,ATZENETA DEL MAESTRAT,40.2166007,-0.1709719
12,12002,AÍN,39.9007811,-0.3409807
12,12003,ALBOCÀSSER,40.3577713,0.0241661
12,12004,ALCALÀ DE XIVERT,40.3041662,0.2252763
12,12005,ALCORA (L'),40.0746619,-0.2142146
12,12006,ALCUDIA DE VEO,39.9158376,-0.354769
12,12007,ALFONDEGUILLA,39.8376893,-0.2690126
12,12008,ALGIMIA DE ALMONACID,39.9143599,-0.442368
12,12009,ALMASSORA,39.9435743,-0.0634783
12,12010,ALMEDÍJAR,39.8723007,-0.4093054
12,12011,ALMENARA,39.7521228,-0.2251286
12,12012,ALTURA,39.8512304,-0.5128608
12,12013,ARAÑUEL,40.0715027,-0.4812821
12,12014,ARES DEL MAESTRAT,40.4565353,-0.1319619
12,12015,ARGELITA,40.0541046,-0.3499998
12,12016,ARTANA,39.8911264,-0.2576603
12,12017,AYÓDAR,39.9985635,-0.3744545
12,12018,AZUÉBAR,39.8344623,-0.3692385
12,12020,BARRACAS,40.0162238,-0.6975982
12,12021,BETXÍ,39.9288397,-0.1974253
12,12022,BEJÍS,39.9097775,-0.7078361
12,12024,BENAFER,39.9349547,-0.577643
12,12025,BENAFIGOS,40.2766359,-0.2089684
12,12026,BENASSAL,40.3796457,-0.1422927
12,12027,BENICARLÓ,40.4180244,0.4229813
12,12028,BENICÀSSIM/BENICASIM,40.0554183,0.0644655
12,12029,BENLLOC,40.2112756,0.0270647
12,12032,BORRIANA/BURRIANA,39.8876912,-0.0846321
12,12033,CABANES,40.1564567,0.0437829
12,12034,CÀLIG,40.4619719,0.3548686
12,12036,CANET LO ROIG,40.5508926,0.2429452
12,12037,CASTELL DE CABRES,40.6608092,0.0428379
12,12038,CASTELLFORT,40.5022457,-0.1910962
12,12039,CASTELLNOVO,39.8620764,-0.4574769
12,12040,CASTELLÓ DE LA PLANA,39.9860347,-0.0377354
12,12041,CASTILLO DE VILLAMALEFA,40.1304975,-0.3803927
12,12042,CATÍ,40.4715653,0.0228594
12,12043,CAUDIEL,39.947341,-0.5683782
12,12044,CERVERA DEL MAESTRE,40.4543718,0.2775055
12,12045,CINCTORRES,40.5825853,-0.2161136
12,12046,CIRAT,40.0552625,-0.4624359
12,12048,CORTES DE ARENOSO,40.1864989,-0.5425913
12,12049,COSTUR,40.1200736,-0.1735358
12,12050,COVES DE VINROMÀ (LES),40.3101086,0.1217432
12,12051,CULLA,40.3373914,-0.1651408
12,12052,XERT,40.5186118,0.1585541
12,12053,CHILCHES/XILXES,39.7819689,-0.1876428
12,12055,XODOS/CHODOS,40.2453957,-0.2874577
12,12056,CHÓVAR,39.8509369,-0.3200757
12,12057,ESLIDA,39.8794321,-0.3079326
12,12058,ESPADILLA,40.0266307,-0.3554859
12,12059,FANZARA,40.0191953,-0.3160437
12,12060,FIGUEROLES,40.1174043,-0.2380778
12,12061,FORCALL,40.6460917,-0.199565
12,12063,FUENTE LA REINA,40.0639186,-0.609029
12,12064,FUENTES DE AYÓDAR,40.0208981,-0.4197803
12,12065,GAIBIEL,39.9264703,-0.4956292
12,12067,GELDO,39.8375285,-0.4672257
12,12068,HERBERS,40.7207302,-0.0043748
12,12069,HIGUERAS,39.9841331,-0.5024074
12,12070,JANA (LA),40.512287,0.2524664
12,12071,JÉRICA,39.9117383,-0.5718739
12,12072,LLUCENA/LUCENA DEL CID,40.1380471,-0.2803675
12,12073,LUDIENTE,40.0868846,-0.3717111
12,12074,LLOSA (LA),39.7686633,-0.2060316
12,12075,MATA DE MORELLA (LA),40.6002323,-0.282173
12,12076,MATET,39.9376751,-0.4686984
12,12077,MONCOFA,39.808205,-0.1452657
12,12078,MONTÁN,40.0356894,-0.5542466
12,12079,MONTANEJOS,40.068152,-0.522929
12,12080,MORELLA,40.6188277,-0.0998026
12,12081,NAVAJAS,39.8769924,-0.5075395
12,12082,NULES,39.8532265,-0.1550092
12,12083,OLOCAU DEL REY,40.6376304,-0.3398792
12,12084,ONDA,39.965214,-0.2625745
12,12085,ORPESA/OROPESA DEL MAR,40.0932078,0.1358123
12,12087,PALANQUES,40.7173669,-0.1790528
12,12088,PAVÍAS,39.9733262,-0.4820162
12,12089,PENÍSCOLA/PEÑÍSCOLA,40.3577844,0.4073793
12,12090,PINA DE MONTALGRAO,40.0209763,-0.6549547
12,12091,PORTELL DE MORELLA,40.5328003,-0.2621835
12,12092,PUEBLA DE ARENOSO,40.1048933,-0.5927755
12,12093,POBLA DE BENIFASSÀ (LA),39.977126,-0.0653705
12,12094,POBLA TORNESA (LA),40.1026879,-0.0014726
12,12095,RIBESALBES,40.0220526,-0.2782945
12,12096,ROSSELL,40.61827,0.2214019
12,12097,SACAÑET,39.8521576,-0.7144275
12,12098,SALZADELLA (LA),40.4177148,0.1740316
12,12099,SANT JORDI/SAN JORGE,40.5087496,0.331352
12,12100,SANT MATEU,40.4650329,0.1793192
12,12101,SAN RAFAEL DEL RÍO,40.6069932,0.3491633
12,12102,SANTA MAGDALENA DE PULPIS,40.3561602,0.3028876
12,12103,SERRATELLA (LA),40.3127349,0.0311219
12,12104,SEGORBE,39.8519011,-0.4895537
12,12105,SIERRA ENGARCERÁN,40.2696396,-0.0190324
12,12106,SONEJA,39.8156407,-0.4300063
12,12107,SOT DE FERRER,39.8048407,-0.4103204
12,12108,SUERA/SUERAS,39.952339,-0.3322962
12,12109,TALES,39.9480872,-0.3076291
12,12110,TERESA,39.9002632,-0.6577111
12,12111,TÍRIG,40.4234553,0.0779913
12,12112,TODOLELLA,40.6469756,-0.2467637
12,12113,TOGA,40.0421248,-0.3669719
12,12114,TORÁS,39.919459,-0.6856672
12,12115,TORO (EL),39.9824584,-0.748406
12,12116,TORRALBA DEL PINAR,39.9887744,-0.4382786
12,12117,TORREBLANCA,40.2202661,0.1953363
12,12119,TORRE D'EN BESORA (LA),40.3283469,-0.0746511
12,12120,TORRE D'EN DOMÉNEC (LA),40.2669779,0.0680891
12,12121,TRAIGUERA,40.5246503,0.2899844
12,12122,USERES (LES)/USERAS,40.1572436,-0.1628262
12,12123,VALLAT,40.0304928,-0.3368007
12,12124,VALL D'ALBA,40.1758674,-0.0351001
12,12125,VALL DE ALMONACID,39.9036644,-0.4572788
12,12126,VALL D'UIXÓ (LA),39.8209011,-0.2319275
12,12127,VALLIBONA,40.6030803,0.0465541
12,12128,VILAFAMÉS,40.1125962,-0.0530464
12,12129,VILAFRANCA/VILLAFRANCA DEL CID,40.4270481,-0.2577181
12,12130,VILLAHERMOSA DEL RÍO,40.2029553,-0.4182829
12,12131,VILLAMALUR,39.9648022,-0.3953669
12,12132,VILANOVA D'ALCOLEA,40.2309678,0.072647
12,12133,VILLANUEVA DE VIVER,40.0593289,-0.6474483
12,12134,VILAR DE CANES,40.3579581,-0.0658739
12,12135,VILA-REAL,39.9372616,-0.1004465
12,12136,VILAVELLA (LA),39.8587438,-0.1831882
12,12137,VILLORES,40.6762953,-0.2006783
12,12138,VINARÒS,40.4703992,0.4746076
12,12139,VISTABELLA DEL MAESTRAT,40.2937407,-0.2920742
12,12140,VIVER,39.9212618,-0.5982244
12,12141,ZORITA DEL MAESTRAZGO,40.7287128,-0.166284
12,12142,ZUCAINA,40.1319864,-0.4189382
12,12901,ALQUERIES (LES)/ALQUERÍAS DEL NIÑO PERDIDO,39.8962767,-0.1147361
12,12902,SANT JOAN DE MORÓ,40.0607474,-0.1373779
13,13001,ABENÓJAR,38.8794942,-4.3557024
13,13002,AGUDO,38.9820148,-4.8698279
13,13003,ALAMILLO,38.6780447,-4.7899773
13,13004,ALBALADEJO,38.617876,-2.806439
13,13005,ALCÁZAR DE SAN JUAN,39.3899806,-3.2101376
13,13006,ALCOBA,39.2601129,-4.4769042
13,13007,ALCOLEA DE CALATRAVA,38.9861733,-4.1152469
13,13008,ALCUBILLAS,38.7524763,-3.1343704
13,13009,ALDEA DEL REY,38.7380137,-3.8391468
13,13010,ALHAMBRA,38.8995809,-3.0528676
13,13011,ALMADÉN,38.7742489,-4.832835
13,13012,ALMADENEJOS,38.7378377,-4.7102688
13,13013,ALMAGRO,38.888238,-3.7118218
13,13014,ALMEDINA,38.6240327,-2.954419
13,13015,ALMODÓVAR DEL CAMPO,38.7083953,-4.1760555
13,13016,ALMURADIEL,38.5129637,-3.4967642
13,13018,ARENAS DE SAN JUAN,39.2193056,-3.5027025
13,13019,ARGAMASILLA DE ALBA,39.1286071,-3.0903226
13,13020,ARGAMASILLA DE CALATRAVA,38.7268428,-4.0792825
13,13021,ARROBA DE LOS MONTES,39.1549315,-4.5428754
13,13022,BALLESTEROS DE CALATRAVA,38.8354727,-3.944602
13,13023,BOLAÑOS DE CALATRAVA,38.9062533,-3.6629811
13,13024,BRAZATORTAS,38.6570361,-4.2935853
13,13026,CABEZARRUBIAS DEL PUERTO,38.6149564,-4.1835844
13,13027,CALZADA DE CALATRAVA,38.7043087,-3.7766972
13,13028,CAMPO DE CRIPTANA,39.4052539,-3.1254826
13,13029,CAÑADA DE CALATRAVA,38.8543572,-4.0209377
13,13030,CARACUEL DE CALATRAVA,38.8452505,-4.0633818
13,13031,CARRIÓN DE CALATRAVA,39.0183225,-3.8168257
13,13032,CARRIZOSA,38.8420035,-2.9915308
13,13033,CASTELLAR DE SANTIAGO,38.5391616,-3.2755109
13,13034,CIUDAD REAL,38.9854201,-3.9285138
13,13035,CORRAL DE CALATRAVA,38.8573077,-4.0807008
13,13036,CORTIJOS (LOS),39.3160383,-4.0662575
13,13037,CÓZAR,38.6608157,-3.0735807
13,13038,CHILLÓN,38.7967523,-4.8669119
13,13039,DAIMIEL,39.072196,-3.6143611
13,13040,FERNÁN CABALLERO,39.1225007,-3.9010957
13,13041,FONTANAREJO,39.2194954,-4.5164688
13,13042,FUENCALIENTE,38.405028,-4.3049563
13,13043,FUENLLANA,38.7559532,-2.9583867
13,13044,FUENTE EL FRESNO,39.2276397,-3.7741252
13,13045,GRANÁTULA DE CALATRAVA,38.7958912,-3.7429733
13,13046,GUADALMEZ,38.7259178,-4.9733507
13,13047,HERENCIA,39.3679627,-3.3550331
13,13048,HINOJOSAS DE CALATRAVA,38.6135415,-4.1387605
13,13049,HORCAJO DE LOS MONTES,39.3264887,-4.6500868
13,13050,LABORES (LAS),39.2744812,-3.5187184
13,13051,LUCIANA,38.9844387,-4.2925731
13,13052,MALAGÓN,39.1688771,-3.8512824
13,13053,MANZANARES,38.9962242,-3.3722143
13,13054,MEMBRILLA,38.9724781,-3.3464983
13,13055,MESTANZA,38.5751666,-4.0699752
13,13056,MIGUELTURRA,38.9648147,-3.8898604
13,13057,MONTIEL,38.6981474,-2.8653097
13,13058,MORAL DE CALATRAVA,38.8293937,-3.5793395
13,13059,NAVALPINO,39.2256128,-4.5907981
13,13060,NAVAS DE ESTENA,39.4944354,-4.5210142
13,13061,PEDRO MUÑOZ,39.4060954,-2.9474164
13,13062,PICÓN,39.0497719,-4.0603127
13,13063,PIEDRABUENA,39.0344592,-4.1753284
13,13064,POBLETE,38.9351817,-3.9812082
13,13065,PORZUNA,39.1467218,-4.153826
13,13066,POZUELO DE CALATRAVA,38.9119565,-3.8371496
13,13067,POZUELOS DE CALATRAVA (LOS),38.9130124,-4.1919373
13,13068,PUEBLA DE DON RODRIGO,39.0823124,-4.6168415
13,13069,PUEBLA DEL PRÍNCIPE,38.5665118,-2.9252461
13,13070,PUERTO LÁPICE,39.3243594,-3.4817078
13,13071,PUERTOLLANO,38.6852161,-4.1111749
13,13072,RETUERTA DEL BULLAQUE,39.4620946,-4.40999
13,13073,SACERUELA,38.9434102,-4.6083053
13,13074,SAN CARLOS DEL VALLE,38.8443306,-3.2416783
13,13075,SAN LORENZO DE CALATRAVA,38.4767039,-3.8249484
13,13076,SANTA CRUZ DE LOS CÁÑAMOS,38.636664,-2.8669824
13,13077,SANTA CRUZ DE MUDELA,38.6419862,-3.4666934
13,13078,SOCUÉLLAMOS,39.2834014,-2.7904645
13,13079,SOLANA (LA),38.941937,-3.236528
13,13080,SOLANA DEL PINO,38.4661568,-4.0745968
13,13081,TERRINCHES,38.6096902,-2.8416293
13,13082,TOMELLOSO,39.1585549,-3.0214851
13,13083,TORRALBA DE CALATRAVA,39.0170808,-3.7502053
13,13084,TORRE DE JUAN ABAD,38.5845739,-3.0609335
13,13085,TORRENUEVA,38.6397821,-3.3648129
13,13086,VALDEMANCO DEL ESTERAS,38.9384034,-4.8290585
13,13087,VALDEPEÑAS,38.7594573,-3.3847392
13,13088,VALENZUELA DE CALATRAVA,38.8528367,-3.7723018
13,13089,VILLAHERMOSA,38.7505908,-2.8718753
13,13090,VILLAMANRIQUE,38.5457838,-2.9979338
13,13091,VILLAMAYOR DE CALATRAVA,38.7877317,-4.1386794
13,13092,VILLANUEVA DE LA FUENTE,38.6926503,-2.693727
13,13093,VILLANUEVA DE LOS INFANTES,38.7339635,-3.0135587
13,13094,VILLANUEVA DE SAN CARLOS,38.6219731,-3.909334
13,13095,VILLAR DEL POZO,38.8503411,-3.9635321
13,13096,VILLARRUBIA DE LOS OJOS,39.2181465,-3.6070212
13,13097,VILLARTA DE SAN JUAN,39.2383954,-3.4235166
13,13098,VISO DEL MARQUÉS,38.5217338,-3.5627159
13,13901,ROBLEDO (EL),39.2176173,-4.2811191
13,13902,RUIDERA,38.9773853,-2.8837081
13,13903,ARENALES DE SAN GREGORIO,39.308449,-3.0250984
13,13904,LLANOS DEL CAUDILLO,39.117787,-3.351901
14,14001,ADAMUZ,38.0269999,-4.5245275
14,14002,AGUILAR DE LA FRONTERA,37.5146967,-4.6567166
14,14003,ALCARACEJOS,38.3893241,-4.9673657
14,14004,ALMEDINILLA,37.4405255,-4.0961434
14,14005,ALMODÓVAR DEL RÍO,37.8112483,-5.0194742
14,14006,AÑORA,38.4123556,-4.8976316
14,14007,BAENA,37.6173035,-4.324371
14,14008,BELALCÁZAR,38.575186,-5.1669539
14,14009,BELMEZ,38.272413,-5.2078919
14,14010,BENAMEJÍ,37.2671843,-4.540364
14,14011,BLÁZQUEZ (LOS),38.4073597,-5.4401208
14,14012,BUJALANCE,37.8950265,-4.3810054
14,14013,CABRA,37.4718153,-4.4335616
14,14014,CAÑETE DE LAS TORRES,37.8666708,-4.3184903
14,14015,CARCABUEY,37.4438237,-4.2740867
14,14016,CARDEÑA,38.2703085,-4.3227324
14,14017,CARLOTA (LA),37.6746159,-4.9325335
14,14018,CARPIO (EL),37.9415445,-4.4940255
14,14019,CASTRO DEL RÍO,37.6911602,-4.4826954
14,14020,CONQUISTA,38.4080934,-4.5006552
14,14021,CÓRDOBA,37.8845813,-4.7760138
14,14022,DOÑA MENCÍA,37.5545719,-4.3573672
14,14023,DOS TORRES,38.4442332,-4.8956511
14,14024,ENCINAS REALES,37.2745773,-4.4887626
14,14025,ESPEJO,37.678932,-4.5537827
14,14026,ESPIEL,38.1885533,-5.0189717
14,14027,FERNÁN-NÚÑEZ,37.669931,-4.7253088
14,14028,FUENTE LA LANCHA,38.4224339,-5.0482099
14,14029,FUENTE OBEJUNA,38.2667683,-5.4197812
14,14030,FUENTE PALMERA,37.7049553,-5.099948
14,14031,FUENTE-TÓJAR,37.5107434,-4.145896
14,14032,GRANJUELA (LA),38.3706149,-5.3516486
14,14033,GUADALCÁZAR,37.7578517,-4.9441631
14,14034,GUIJO (EL),38.495977,-4.7831015
14,14035,HINOJOSA DEL DUQUE,38.5004402,-5.1479244
14,14036,HORNACHUELOS,37.8341341,-5.2490384
14,14037,IZNÁJAR,37.2572511,-4.3077099
14,14038,LUCENA,37.4091334,-4.4860128
14,14039,LUQUE,37.5586671,-4.2786296
14,14040,MONTALBÁN DE CÓRDOBA,37.5814618,-4.7496714
14,14041,MONTEMAYOR,37.6484171,-4.6983093
14,14042,MONTILLA,37.5811178,-4.6414726
14,14043,MONTORO,38.0215633,-4.3827296
14,14044,MONTURQUE,37.473299,-4.5814876
14,14045,MORILES,37.4353584,-4.6095901
14,14046,NUEVA CARTEYA,37.5859799,-4.4677573
14,14047,OBEJO,38.1325555,-4.8000174
14,14048,PALENCIANA,37.2486227,-4.5825794
14,14049,PALMA DEL RÍO,37.6949622,-5.2804262
14,14050,PEDRO ABAD,37.9662785,-4.45529
14,14051,PEDROCHE,38.4275719,-4.7629857
14,14052,PEÑARROYA-PUEBLONUEVO,38.3026178,-5.2714828
14,14053,POSADAS,37.8017289,-5.107031
14,14054,POZOBLANCO,38.3780204,-4.848573
14,14055,PRIEGO DE CÓRDOBA,37.4384292,-4.1980422
14,14056,PUENTE GENIL,37.387395,-4.7716241
14,14057,RAMBLA (LA),37.6076108,-4.7398584
14,14058,RUTE,37.3253037,-4.3699771
14,14059,SAN SEBASTIÁN DE LOS BALLESTEROS,37.6535266,-4.8240997
14,14060,SANTAELLA,37.561297,-4.8425505
14,14061,SANTA EUFEMIA,38.5966427,-4.9041947
14,14062,TORRECAMPO,38.4744653,-4.6773881
14,14063,VALENZUELA,37.7751808,-4.220174
14,14064,VALSEQUILLO,38.4049294,-5.3517078
14,14065,VICTORIA (LA),37.6813142,-4.8531883
14,14066,VILLA DEL RÍO,37.980817,-4.2916403
14,14067,VILLAFRANCA DE CÓRDOBA,37.9623001,-4.5459147
14,14068,VILLAHARTA,38.1400552,-4.9037865
14,14069,VILLANUEVA DE CÓRDOBA,38.3230235,-4.6279655
14,14070,VILLANUEVA DEL DUQUE,38.3932039,-4.9995818
14,14071,VILLANUEVA DEL REY,38.1982093,-5.1526791
14,14072,VILLARALTO,38.4549605,-4.9845849
14,14073,VILLAVICIOSA DE CÓRDOBA,38.0756277,-5.0146332
14,14074,VISO (EL),38.4832661,-4.9554413
14,14075,ZUHEROS,37.543409,-4.314876
15,15001,ABEGONDO,43.2273169,-8.2887175
15,15002,AMES,42.8907625,-8.6722375
15,15003,ARANGA,43.2230734,-8.0124434
15,15004,ARES,43.4263299,-8.2440387
15,15005,ARTEIXO,43.3045943,-8.508275
15,15006,ARZÚA,42.9279921,-8.1605667
15,15007,BAÑA (A),42.96155,-8.7534844
15,15008,BERGONDO,43.312425,-8.2470197
15,15009,BETANZOS,43.279239,-8.2105792
15,15010,BOIMORTO,43.012561,-8.1387648
15,15011,BOIRO,42.6462941,-8.8858718
15,15012,BOQUEIXÓN,42.8329263,-8.4432792
15,15013,BRIÓN,42.8548393,-8.7444082
15,15014,CABANA DE BERGANTIÑOS,43.1898484,-8.9142226
15,15015,CABANAS,43.4186891,-8.1609242
15,15016,CAMARIÑAS,43.1310578,-9.1825585
15,15017,CAMBRE,43.2923291,-8.3444415
15,15018,CAPELA (A),43.4420677,-8.0434005
15,15019,CARBALLO,43.2134123,-8.6891286
15,15020,CARNOTA,42.821959,-9.0878032
15,15021,CARRAL,43.2297016,-8.3558882
15,15022,CEDEIRA,43.6602391,-8.0546995
15,15023,CEE,42.9575581,-9.1917202
15,15024,CERCEDA,43.1626367,-8.5034757
15,15025,CERDIDO,43.6042952,-7.9654062
15,15027,COIRÓS,43.2461745,-8.1471228
15,15028,CORCUBIÓN,42.9444958,-9.1942141
15,15029,CORISTANCO,43.163483,-8.7581487
15,15030,CORUÑA (A),42.8814573,-8.5459201
15,15031,CULLEREDO,43.2884816,-8.3894589
15,15032,CURTIS,43.1269872,-8.1432398
15,15033,DODRO,42.7213024,-8.7203857
15,15034,DUMBRÍA,43.0104042,-9.1179528
15,15035,FENE,43.473674,-8.1625614
15,15036,FERROL,43.4845713,-8.2329968
15,15037,FISTERRA,42.9064771,-9.263789
15,15038,FRADES,43.0494377,-8.2837139
15,15039,IRIXOA,43.2877953,-8.0491191
15,15040,LAXE,43.2219125,-9.0059393
15,15041,LARACHA (A),43.2484663,-8.5816182
15,15042,LOUSAME,42.7733607,-8.8329571
15,15043,MALPICA DE BERGANTIÑOS,43.2984389,-8.8247606
15,15044,MAÑÓN,43.6696235,-7.7250321
15,15045,MAZARICOS,42.92795,-8.9941429
15,15046,MELIDE,42.9145741,-8.0136139
15,15047,MESÍA,43.0886943,-8.2156017
15,15048,MIÑO,43.3578653,-8.1792627
15,15049,MOECHE,43.5621201,-7.971905
15,15051,MUGARDOS,43.4618239,-8.2571246
15,15052,MUXÍA,43.1071193,-9.2181926
15,15053,MUROS,42.7744106,-9.0575351
15,15054,NARÓN,43.5010981,-8.1923091
15,15055,NEDA,43.5002779,-8.1582467
15,15056,NEGREIRA,42.9109711,-8.7349564
15,15057,NOIA,42.7850763,-8.8877375
15,15059,ORDES,43.076756,-8.407816
15,15060,OROSO,43.0000895,-8.379909
15,15061,ORTIGUEIRA,43.6843141,-7.8543679
15,15062,OUTES,42.8455717,-8.9140816
15,15064,PADERNE,43.2961787,-8.1562189
15,15065,PADRÓN,42.7390228,-8.6602504
15,15066,PINO (O),42.9356314,-8.3326529
15,15067,POBRA DO CARAMIÑAL (A),42.6046249,-8.9402045
15,15068,PONTECESO,43.2428181,-8.9005051
15,15069,PONTEDEUME,43.4072585,-8.1718823
15,15070,PONTES DE GARCÍA RODRÍGUEZ (AS),43.438943,-7.863266
15,15071,PORTO DO SON,43.3560593,-8.4050559
15,15072,RIANXO,42.6488711,-8.8173676
15,15075,SADA,43.3515799,-8.2534683
15,15076,SAN SADURNIÑO,43.5310797,-8.0531845
15,15077,SANTA COMBA,43.0339953,-8.8066593
15,15081,SOMOZAS (AS),43.5274722,-7.9215955
15,15082,TEO,42.7936431,-8.5507166
15,15083,TOQUES,42.9692524,-7.955717
15,15084,TORDOIA,43.0871726,-8.5471339
15,15085,TOURO,42.8606882,-8.3097928
15,15088,VAL DO DUBRA,43.0234693,-8.6578307
15,15091,VILARMAIOR,43.3550745,-8.1386449
15,15092,VIMIANZO,43.1102989,-9.0327488
15,15093,ZAS,43.0975071,-8.9165734
15,15901,CARIÑO,43.7412174,-7.8698084
15,15902,OZA-CESURAS,43.1931322,-8.1812707
16,16001,ABIA DE LA OBISPALÍA,40.0186019,-2.394852
16,16002,ACEBRÓN (EL),39.9083265,-2.9839914
16,16003,ALARCÓN,39.5462409,-2.0867234
16,16004,ALBALADEJO DEL CUENDE,39.8076114,-2.2277885
16,16005,ALBALATE DE LAS NOGUERAS,40.3661898,-2.2771179
16,16006,ALBENDEA,40.4877452,-2.4174915
16,16007,ALBERCA DE ZÁNCARA (LA),39.5131757,-2.4901565
16,16008,ALCALÁ DE LA VEGA,40.0271894,-1.524851
16,16009,ALCANTUD,40.5484371,-2.3322481
16,16010,ALCÁZAR DEL REY,40.0624404,-2.8073809
16,16011,ALCOHUJATE,40.4173874,-2.614855
16,16012,ALCONCHEL DE LA ESTRELLA,39.719603,-2.5740529
16,16013,ALGARRA,40.0016616,-1.43573
16,16014,ALIAGUILLA,39.7407714,-1.3239912
16,16015,ALMARCHA (LA),39.6860407,-2.3792038
16,16016,ALMENDROS,39.9209017,-2.8846669
16,16017,ALMODÓVAR DEL PINAR,39.72563,-1.9017443
16,16018,ALMONACID DEL MARQUESADO,39.822857,-2.7681298
16,16019,ALTAREJOS,39.912994,-2.3555362
16,16020,ARANDILLA DEL ARROYO,40.5107566,-2.3842697
16,16022,ARCOS DE LA SIERRA,40.3467558,-2.1131138
16,16023,CHILLARÓN DE CUENCA,40.1047007,-2.2210894
16,16024,ARGUISUELAS,39.8323266,-1.821017
16,16025,ARRANCACEPAS,40.3037374,-2.3590462
16,16026,ATALAYA DEL CAÑAVATE,39.518015,-2.2521232
16,16027,BARAJAS DE MELO,40.1234578,-2.9168828
16,16029,BARCHÍN DEL HOYO,39.6636596,-2.0684645
16,16030,BASCUÑANA DE SAN PEDRO,40.213616,-2.2280069
16,16031,BEAMUD,40.1863409,-1.8293402
16,16032,BELINCHÓN,40.0483697,-3.0579594
16,16033,BELMONTE,39.5592831,-2.7038117
16,16034,BELMONTEJO,39.8228067,-2.3442851
16,16035,BETETA,40.572657,-2.0759798
16,16036,BONICHES,39.9854852,-1.6241784
16,16038,BUCIEGAS,40.336223,-2.461798
16,16039,BUENACHE DE ALARCÓN,39.657732,-2.1592025
16,16040,BUENACHE DE LA SIERRA,40.1346928,-2.0007632
16,16041,BUENDÍA,40.3672413,-2.7573386
16,16042,CAMPILLO DE ALTOBUEY,39.611263,-1.7928416
16,16043,CAMPILLOS-PARAVIENTOS,39.9734066,-1.5465215
16,16044,CAMPILLOS-SIERRA,40.1008009,-1.6966379
16,16045,CANALEJAS DEL ARROYO,40.3688671,-2.4946248
16,16046,CAÑADA DEL HOYO,39.9691054,-1.9004676
16,16047,CAÑADA JUNCOSA,39.5494101,-2.2513925
16,16048,CAÑAMARES,40.4521589,-2.2393419
16,16049,CAÑAVATE (EL),39.5429504,-2.3028402
16,16050,CAÑAVERAS,40.3599356,-2.3963157
16,16051,CAÑAVERUELAS,40.400328,-2.6368691
16,16052,CAÑETE,40.0423045,-1.6480255
16,16053,CAÑIZARES,40.5186403,-2.1913136
16,16055,CARBONERAS DE GUADAZAÓN,39.8995669,-1.8115281
16,16056,CARDENETE,39.7661577,-1.6886942
16,16057,CARRASCOSA,40.5908678,-2.1629716
16,16058,CARRASCOSA DE HARO,39.5972679,-2.5411354
16,16060,CASAS DE BENÍTEZ,39.3625621,-2.1296318
16,16061,CASAS DE FERNANDO ALONSO,39.3485644,-2.3233662
16,16062,CASAS DE GARCIMOLINA,39.9977629,-1.4183301
16,16063,CASAS DE GUIJARRO,39.3458137,-2.1641211
16,16064,CASAS DE HARO,39.3250186,-2.2710778
16,16065,CASAS DE LOS PINOS,39.3335028,-2.3703374
16,16066,CASASIMARRO,39.3946426,-2.0385536
16,16067,CASTEJÓN,40.3817975,-2.5212898
16,16068,CASTILLEJO DE INIESTA,39.5261811,-1.7620353
16,16070,CASTILLEJO-SIERRA,40.3752299,-2.1405708
16,16071,CASTILLO-ALBARÁÑEZ,40.2991751,-2.3929946
16,16072,CASTILLO DE GARCIMUÑOZ,39.6601688,-2.3812386
16,16073,CERVERA DEL LLANO,39.7833137,-2.4205283
16,16074,CIERVA (LA),40.0564088,-1.8512278
16,16078,CUENCA,40.0661031,-2.1313528
16,16079,CUEVA DEL HIERRO,40.5828632,-2.0359702
16,16081,CHUMILLAS,39.7711484,-2.0322704
16,16082,ENGUÍDANOS,39.6737312,-1.6062756
16,16083,FRESNEDA DE ALTAREJOS,39.9263108,-2.3158007
16,16084,FRESNEDA DE LA SIERRA,40.3914583,-2.141628
16,16085,FRONTERA (LA),40.4010484,-2.2170389
16,16086,FUENTE DE PEDRO NAHARRO,39.922986,-3.0115776
16,16087,FUENTELESPINO DE HARO,39.6886394,-2.6690603
16,16088,FUENTELESPINO DE MOYA,39.9204894,-1.4707807
16,16089,FUENTES,39.9503682,-2.0210007
16,16091,FUERTESCUSA,40.4756419,-2.1765193
16,16092,GABALDÓN,39.6261519,-1.9449722
16,16093,GARABALLA,39.8144683,-1.3763652
16,16094,GASCUEÑA,40.2996206,-2.5187048
16,16095,GRAJA DE CAMPALBO,39.8990692,-1.2714106
16,16096,GRAJA DE INIESTA,39.5173927,-1.6706163
16,16097,HENAREJOS,39.8647342,-1.4863539
16,16098,HERRUMBLAR (EL),39.4014917,-1.6232149
16,16099,HINOJOSA (LA),39.7283084,-2.4151193
16,16100,HINOJOSOS (LOS),39.6044249,-2.8261235
16,16101,HITO (EL),39.8589283,-2.7150172
16,16102,HONRUBIA,39.613532,-2.2807538
16,16103,HONTANAYA,39.7158522,-2.8349384
16,16104,HONTECILLAS,39.6927948,-2.1868921
16,16106,HORCAJO DE SANTIAGO,39.8421603,-2.9973736
16,16107,HUÉLAMO,40.2766202,-1.8098341
16,16108,HUELVES,40.0425092,-2.8844157
16,16109,HUÉRGUINA,40.04053,-1.608876
16,16110,HUERTA DE LA OBISPALÍA,39.9887886,-2.4794322
16,16111,HUERTA DEL MARQUESADO,40.1457469,-1.686626
16,16112,HUETE,40.143961,-2.6912644
16,16113,INIESTA,39.444555,-1.7487477
16,16115,LAGUNA DEL MARQUESADO,40.1776385,-1.6715429
16,16116,LAGUNASECA,40.5313816,-2.0190418
16,16117,LANDETE,39.9075815,-1.3688998
16,16118,LEDAÑA,39.3561864,-1.715765
16,16119,LEGANIEL,40.1648319,-2.9503566
16,16121,MAJADAS (LAS),40.2975717,-2.0224378
16,16122,MARIANA,40.1664999,-2.1450678
16,16123,MASEGOSA,40.5464824,-2.0257693
16,16124,MESAS (LAS),39.3879951,-2.7645235
16,16125,MINGLANILLA,39.5346608,-1.5948472
16,16126,MIRA,39.7210593,-1.4395226
16,16128,MONREAL DEL LLANO,39.5690417,-2.7602557
16,16129,MONTALBANEJO,39.7340388,-2.4988339
16,16130,MONTALBO,39.8790694,-2.6711349
16,16131,MONTEAGUDO DE LAS SALINAS,39.8046672,-1.8999698
16,16132,MOTA DE ALTAREJOS,39.8816032,-2.3098706
16,16133,MOTA DEL CUERVO,39.5009343,-2.8711089
16,16134,MOTILLA DEL PALANCAR,39.5633334,-1.9114547
16,16135,MOYA,39.9479049,-1.366237
16,16137,NARBONETA,39.7515826,-1.4744993
16,16139,OLIVARES DE JÚCAR,39.7602942,-2.354393
16,16140,OLMEDA DE LA CUESTA,40.31128,-2.476545
16,16141,OLMEDA DEL REY,39.8081313,-2.0828653
16,16142,OLMEDILLA DE ALARCÓN,39.6140029,-2.1037923
16,16143,OLMEDILLA DE ELIZ,40.3025307,-2.4188699
16,16145,OSA DE LA VEGA,39.6611803,-2.7600609
16,16146,PAJARÓN,39.9578209,-1.7832678
16,16147,PAJARONCILLO,39.9462593,-1.7342922
16,16148,PALOMARES DEL CAMPO,39.9458419,-2.598374
16,16149,PALOMERA,40.067254,-2.0482866
16,16150,PARACUELLOS,39.7178176,-1.7879705
16,16151,PAREDES,40.0659163,-2.8544122
16,16153,PEDERNOSO (EL),39.485595,-2.7463452
16,16154,PEDROÑERAS (LAS),39.449747,-2.6729813
16,16155,PERAL (EL),39.4989794,-1.8982021
16,16156,PERALEJA (LA),40.2354319,-2.5556501
16,16157,PESQUERA (LA),39.5720418,-1.5852092
16,16158,PICAZO (EL),39.4473473,-2.0893642
16,16159,PINAREJO,39.6161178,-2.4258982
16,16160,PINEDA DE GIGÜELA,40.0855943,-2.5438748
16,16161,PIQUERAS DEL CASTILLO,39.7206359,-2.0825145
16,16162,PORTALRUBIO DE GUADAMEJUD,40.2721375,-2.6043122
16,16163,PORTILLA,40.2891053,-2.0828367
16,16165,POYATOS,40.4228412,-2.0492767
16,16166,POZOAMARGO,39.3673668,-2.1963828
16,16167,POZORRUBIO DE SANTIAGO,39.8164243,-2.9499721
16,16169,POZUELO (EL),40.6201881,-2.2772876
16,16170,PRIEGO,40.449201,-2.3134558
16,16171,PROVENCIO (EL),39.3759068,-2.5725648
16,16172,PUEBLA DE ALMENARA,39.7851172,-2.8133541
16,16173,VALLE DE ALTOMIRA (EL),40.2252925,-2.7599282
16,16174,PUEBLA DEL SALVADOR,39.5651668,-1.674717
16,16175,QUINTANAR DEL REY,39.3426472,-1.9291582
16,16176,RADA DE HARO,39.5693066,-2.6205352
16,16177,REÍLLO,39.9052464,-1.8723906
16,16181,ROZALÉN DEL MONTE,39.9908714,-2.8052532
16,16185,SACEDA-TRASIERRA,40.1545669,-2.8534818
16,16186,SAELICES,39.9207771,-2.8045626
16,16187,SALINAS DEL MANZANO,40.0888092,-1.5536527
16,16188,SALMERONCILLOS,40.5024229,-2.51518
16,16189,SALVACAÑETE,40.0984878,-1.5020884
16,16190,SAN CLEMENTE,39.4034745,-2.4281278
16,16191,SAN LORENZO DE LA PARRILLA,39.8502261,-2.359628
16,16192,SAN MARTÍN DE BONICHES,39.8865394,-1.5737828
16,16193,SAN PEDRO PALMICHES,40.4298294,-2.4052384
16,16194,SANTA CRUZ DE MOYA,39.9559022,-1.2559322
16,16195,SANTA MARÍA DEL CAMPO RUS,39.5585834,-2.4231351
16,16196,SANTA MARÍA DE LOS LLANOS,39.4899136,-2.8112823
16,16197,SANTA MARÍA DEL VAL,40.5040264,-2.0417378
16,16198,SISANTE,39.4075687,-2.2028088
16,16199,SOLERA DE GABALDÓN,39.7493161,-1.9768851
16,16202,TALAYUELAS,39.8493565,-1.2837214
16,16203,TARANCÓN,40.0086075,-3.0102243
16,16204,TÉBAR,39.4974411,-2.1655023
16,16205,TEJADILLOS,40.1401359,-1.6347259
16,16206,TINAJAS,40.3258732,-2.5812709
16,16209,TORRALBA,40.3033395,-2.2852197
16,16211,TORREJONCILLO DEL REY,40.008647,-2.573366
16,16212,TORRUBIA DEL CAMPO,39.8962421,-2.9614603
16,16213,TORRUBIA DEL CASTILLO,39.6585198,-2.311664
16,16215,TRAGACETE,40.3502278,-1.8510429
16,16216,TRESJUNCOS,39.7001027,-2.7552616
16,16217,TRIBALDOS,39.9724076,-2.8981469
16,16218,UCLÉS,39.9804328,-2.8615799
16,16219,UÑA,40.2231089,-1.977556
16,16224,VALDEMECA,40.2241115,-1.7433762
16,16225,VALDEMORILLO DE LA SIERRA,40.0391444,-1.7804077
16,16227,VALDEMORO-SIERRA,40.1009872,-1.7670594
16,16228,VALDEOLIVAS,40.5054831,-2.4459413
16,16231,VALHERMOSO DE LA FUENTE,39.5524313,-2.0164684
16,16234,VALSALOBRE,40.6173995,-2.0930014
16,16236,VALVERDE DE JÚCAR,39.7197483,-2.2211991
16,16237,VALVERDEJO,39.6159822,-2.0238438
16,16238,VARA DE REY,39.427408,-2.2926689
16,16239,VEGA DEL CODORNO,40.433242,-1.9288045
16,16240,VELLISCA,40.1293719,-2.8142136
16,16242,VILLACONEJOS DE TRABAQUE,40.4010532,-2.3180646
16,16243,VILLAESCUSA DE HARO,39.5971303,-2.6740201
16,16244,VILLAGARCÍA DEL LLANO,39.3265485,-1.8470496
16,16245,VILLALBA DE LA SIERRA,40.2356037,-2.0892952
16,16246,VILLALBA DEL REY,40.3445737,-2.6397251
16,16247,VILLALGORDO DEL MARQUESADO,39.6822592,-2.5088883
16,16248,VILLALPARDO,39.4719685,-1.6245716
16,16249,VILLAMAYOR DE SANTIAGO,39.7286889,-2.9270441
16,16250,VILLANUEVA DE GUADAMEJUD,40.2244737,-2.5056232
16,16251,VILLANUEVA DE LA JARA,39.4399258,-1.9535483
16,16253,VILLAR DE CAÑAS,39.7770883,-2.5629736
16,16254,VILLAR DE DOMINGO GARCÍA,40.2382298,-2.2930526
16,16255,VILLAR DE LA ENCINA,39.6367049,-2.5223557
16,16258,VILLAR DEL HUMO,39.8717006,-1.6272847
16,16259,VILLAR DEL INFANTADO,40.4555118,-2.4791511
16,16263,VILLAR DE OLALLA,40.0148219,-2.1962859
16,16264,VILLAREJO DE FUENTES,39.7886288,-2.695127
16,16265,VILLAREJO DE LA PEÑUELA,40.0878631,-2.4098217
16,16266,VILLAREJO-PERIESTEBAN,39.8712018,-2.4409916
16,16269,VILLARES DEL SAZ,39.8405925,-2.5052703
16,16270,VILLARRUBIO,39.9449175,-2.893322
16,16271,VILLARTA,39.440988,-1.6510932
16,16272,VILLAS DE LA VENTOSA,40.2047493,-2.4315745
16,16273,VILLAVERDE Y PASACONSOL,39.7702019,-2.2643607
16,16274,VÍLLORA,39.7535043,-1.5873076
16,16275,VINDEL,40.5870515,-2.3807498
16,16276,YÉMEDA,39.7628988,-1.7224387
16,16277,ZAFRA DE ZÁNCARA,39.892017,-2.5579885
16,16278,ZAFRILLA,40.1945017,-1.6183696
16,16279,ZARZA DE TAJO,40.0178829,-3.1304586
16,16280,ZARZUELA,40.2560862,-2.1289674
16,16901,CAMPOS DEL PARAÍSO,40.015789,-2.7029123
16,16902,VALDETÓRTOLA,39.9292137,-2.177981
16,16903,VALERAS (LAS),39.7941492,-2.1456638
16,16904,FUENTENAVA DE JÁBAGA,40.1362565,-2.3225856
16,16905,ARCAS,39.9886574,-2.1147528
16,16906,VALDECOLMENAS (LOS),40.1082001,-2.466396
16,16908,POZORRUBIELOS DE LA MANCHA,39.4775994,-2.0391852
16,16909,SOTORRIBAS,40.2801186,-2.2069651
16,16910,VILLAR Y VELASCO,40.1399019,-2.4161551
17,17001,AGULLANA,42.3938409,2.8469168
17,17002,AIGUAVIVA,41.9382389,2.7624155
17,17003,ALBANYÀ,42.3046915,2.7193001
17,17004,ALBONS,42.1058271,3.0849746
17,17005,FAR D'EMPORDÀ (EL),42.250379,3.0055194
17,17006,ALP,42.3736381,1.8871916
17,17007,AMER,42.0092186,2.6030327
17,17008,ANGLÈS,41.9559224,2.6359493
17,17009,ARBÚCIES,41.8160629,2.5141453
17,17010,ARGELAGUER,42.2145207,2.6414922
17,17011,ARMENTERA (L'),42.1718706,3.0741446
17,17012,AVINYONET DE PUIGVENTÓS,42.2499757,2.9145442
17,17013,BEGUR,41.9541918,3.2088349
17,17014,VAJOL (LA),42.4039078,2.800086
17,17015,BANYOLES,42.1180477,2.7653607
17,17016,BÀSCARA,42.1591723,2.9092786
17,17018,BELLCAIRE D'EMPORDÀ,42.0810857,3.0944347
17,17019,BESALÚ,42.1986443,2.6959559
17,17020,BESCANÓ,41.9670349,2.7389937
17,17021,BEUDA,42.2372601,2.7097379
17,17022,BISBAL D'EMPORDÀ (LA),41.9295363,3.036196
17,17023,BLANES,41.6756178,2.7932391
17,17024,BOLVIR,42.417885,1.8798183
17,17025,BORDILS,42.0440682,2.9116018
17,17026,BORRASSÀ,42.2224982,2.9268828
17,17027,BREDA,41.7484044,2.5613326
17,17028,BRUNYOLA I SANT MARTÍ SAPRESA,41.9049114,2.6839536
17,17029,BOADELLA I LES ESCAULES,42.3305346,2.8572023
17,17030,CABANES,42.3087348,2.9764243
17,17031,CABANELLES,42.2302177,2.8187019
17,17032,CADAQUÉS,42.2893484,3.2752159
17,17033,CALDES DE MALAVELLA,41.839282,2.8097485
17,17034,CALONGE I SANT ANTONI,41.8621762,3.0660825
17,17035,CAMÓS,42.0939665,2.7673592
17,17036,CAMPDEVÀNOL,42.2230582,2.1680717
17,17037,CAMPELLES,42.2946353,2.1405635
17,17038,CAMPLLONG,41.8948831,2.8309625
17,17039,CAMPRODON,42.3127896,2.364926
17,17040,CANET D'ADRI,42.0332009,2.7377666
17,17041,CANTALLOPS,42.4235685,2.9248575
17,17042,CAPMANY,42.3725028,2.9209753
17,17043,QUERALBS,42.3495722,2.1632838
17,17044,CASSÀ DE LA SELVA,41.8874685,2.8742461
17,17046,CASTELLFOLLIT DE LA ROCA,42.2193323,2.5512465
17,17047,CASTELLÓ D'EMPÚRIES,42.2591074,3.0746425
17,17048,CASTELL-PLATJA D'ARO,41.8186325,3.0451272
17,17049,CELRÀ,42.0247111,2.8789816
17,17050,CERVIÀ DE TER,42.0676956,2.9122136
17,17051,CISTELLA,42.268711,2.8472717
17,17052,SIURANA,42.2095097,2.9940216
17,17054,COLERA,42.4036867,3.1489254
17,17055,COLOMERS,42.0841561,2.9870811
17,17056,CORNELLÀ DEL TERRI,42.0898363,2.8157343
17,17057,CORÇÀ,41.9893624,3.0170799
17,17058,CRESPIÀ,42.1877796,2.7982926
17,17060,DARNIUS,42.3665352,2.8337409
17,17061,DAS,42.3636176,1.8713459
17,17062,ESCALA (L'),42.113535,3.1387422
17,17064,ESPOLLA,42.3893146,2.9994355
17,17065,ESPONELLÀ,42.1773757,2.7955223
17,17066,FIGUERES,42.2666314,2.9638434
17,17067,FLAÇÀ,42.0456854,2.9569565
17,17068,FOIXÀ,42.0388268,2.9973628
17,17069,FONTANALS DE CERDANYA,42.3840589,1.9118567
17,17070,FONTANILLES,42.0111362,3.1065584
17,17071,FONTCOBERTA,42.1425379,2.7897817
17,17073,FORNELLS DE LA SELVA,41.9319675,2.8090343
17,17074,FORTIÀ,42.2424345,3.0404198
17,17075,GARRIGÀS,42.1929222,2.9539294
17,17076,GARRIGOLES,42.1071682,3.030074
17,17078,GER,42.4115726,1.8472085
17,17079,GIRONA,41.9793006,2.8199439
17,17080,GOMBRÈN,42.2484304,2.0905975
17,17081,GUALTA,42.029638,3.1037954
17,17082,GUILS DE CERDANYA,42.4479402,1.879737
17,17083,HOSTALRIC,41.7451889,2.6330963
17,17084,ISÒVOL,42.3781028,1.8175789
17,17085,JAFRE,42.0726347,3.0107448
17,17086,JONQUERA (LA),42.4207991,2.8728485
17,17087,JUIÀ,42.0172969,2.9067184
17,17088,LLADÓ,42.2478898,2.8120781
17,17089,LLAGOSTERA,41.8289064,2.8920386
17,17090,LLAMBILLES,41.9204519,2.8540402
17,17091,LLANARS,42.3207265,2.344001
17,17092,LLANÇÀ,42.3617316,3.1511804
17,17093,LLERS,42.2956869,2.9114592
17,17094,LLÍVIA,42.4640786,1.9804293
17,17095,LLORET DE MAR,41.6973503,2.8392392
17,17096,LLOSSES (LES),42.1506279,2.1166718
17,17097,MADREMANYA,41.9900799,2.9568764
17,17098,MAIÀ DE MONTCAL,42.2221769,2.7431144
17,17099,MERANGES,42.4460663,1.7870102
17,17100,MASARAC,42.3509939,2.9723618
17,17101,MASSANES,41.7654696,2.6528719
17,17102,MAÇANET DE CABRENYS,42.3861179,2.7485579
17,17103,MAÇANET DE LA SELVA,41.7774422,2.7309252
17,17105,MIERES,42.1244124,2.6401122
17,17106,MOLLET DE PERALADA,42.3595501,2.9999085
17,17107,MOLLÓ,42.3485369,2.4043962
17,17109,MONTAGUT I OIX,42.2309257,2.5967415
17,17110,MONT-RAS,41.9080196,3.144796
17,17111,NAVATA,42.2248425,2.8584815
17,17112,OGASSA,42.2656267,2.2777794
17,17114,OLOT,42.1822177,2.4890211
17,17115,ORDIS,42.2185591,2.9072143
17,17116,OSOR,41.9451025,2.5569285
17,17117,PALAFRUGELL,41.9183618,3.1619905
17,17118,PALAMÓS,41.8495354,3.1278785
17,17119,PALAU DE SANTA EULÀLIA,42.1734468,2.9646635
17,17120,PALAU-SAVERDERA,42.3076083,3.146611
17,17121,PALAU-SATOR,41.9897891,3.1103856
17,17123,PALOL DE REVARDIT,42.0694953,2.7958985
17,17124,PALS,41.9709891,3.1460371
17,17125,PARDINES,42.312731,2.2139864
17,17126,PARLAVÀ,42.022591,3.0304741
17,17128,PAU,42.3161009,3.1161931
17,17129,PEDRET I MARZÀ,42.3078129,3.0706399
17,17130,PERA (LA),42.0205464,2.9736244
17,17132,PERALADA,42.3085047,3.0089916
17,17133,PLANES D'HOSTOLES (LES),42.0565983,2.5384283
17,17134,PLANOLES,42.3148273,2.1029743
17,17135,PONT DE MOLINS,42.3148493,2.9304359
17,17136,PONTÓS,42.1858949,2.9172363
17,17137,PORQUERES,42.1226823,2.7254945
17,17138,PORTBOU,42.4274333,3.1588785
17,17139,PRESES (LES),42.1450901,2.4592158
17,17140,PORT DE LA SELVA (EL),42.3373159,3.2047232
17,17141,PUIGCERDÀ,42.4317966,1.9278693
17,17142,QUART,41.9401591,2.8413516
17,17143,RABÓS,42.3787458,3.0283472
17,17144,REGENCÓS,41.9523563,3.1687852
17,17145,RIBES DE FRESER,42.3057283,2.167817
17,17146,RIELLS I VIABREA,41.7764308,2.5129067
17,17147,RIPOLL,42.1982391,2.1932496
17,17148,RIUDARENES,41.8218536,2.7163817
17,17149,RIUDAURA,42.1887348,2.4093804
17,17150,RIUDELLOTS DE LA SELVA,41.8954981,2.8022296
17,17151,RIUMORS,42.2269331,3.0420591
17,17152,ROSES,42.2632018,3.1755328
17,17153,RUPIÀ,42.0207872,3.0105902
17,17154,SALES DE LLIERCA,42.2358533,2.6499657
17,17155,SALT,41.9741672,2.7949886
17,17158,SANT CLIMENT SESCEBES,42.3693761,2.9802226
17,17159,SANT FELIU DE BUIXALLEU,41.7913017,2.5861463
17,17160,SANT FELIU DE GUÍXOLS,41.7838827,3.0283195
17,17161,SANT FELIU DE PALLEROLS,42.0758164,2.5078037
17,17162,SANT FERRIOL,42.1868577,2.6783028
17,17163,SANT GREGORI,41.9910304,2.7564765
17,17164,SANT HILARI SACALM,41.8780822,2.5131751
17,17165,SANT JAUME DE LLIERCA,42.2119833,2.6074259
17,17166,SANT JORDI DESVALLS,42.0714043,2.9522691
17,17167,SANT JOAN DE LES ABADESSES,42.233743,2.2854845
17,17168,SANT JOAN DE MOLLET,42.0442275,2.941985
17,17169,SANT JULIÀ DE RAMIS,42.0346552,2.8394572
17,17170,VALLFOGONA DE RIPOLLÈS,42.1963139,2.3036247
17,17171,SANT LLORENÇ DE LA MUGA,42.3199618,2.7888647
17,17172,SANT MARTÍ DE LLÉMENA,42.0364324,2.6475329
17,17173,SANT MARTÍ VELL,42.0196093,2.9311901
17,17174,SANT MIQUEL DE CAMPMAJOR,42.135899,2.6790781
17,17175,SANT MIQUEL DE FLUVIÀ,42.1732143,2.9904591
17,17176,SANT MORI,42.1559696,2.9896074
17,17177,SANT PAU DE SEGÚRIES,42.2633408,2.366055
17,17178,SANT PERE PESCADOR,42.1899836,3.0837479
17,17180,SANTA COLOMA DE FARNERS,41.8603109,2.6659047
17,17181,SANTA CRISTINA D'ARO,41.813979,2.9974879
17,17182,SANTA LLOGAIA D'ÀLGUEMA,42.2333519,2.9523456
17,17183,SANT ANIOL DE FINESTRES,42.0694432,2.6084554
17,17184,SANTA PAU,42.1442606,2.571379
17,17185,SANT JOAN LES FONTS,42.2132951,2.5134302
17,17186,SARRIÀ DE TER,42.0141923,2.8175976
17,17187,"SAUS, CAMALLERA I LLAMPAIES",42.1319421,2.979009
17,17189,CELLERA DE TER (LA),41.9707085,2.6250946
17,17190,SERINYÀ,42.1687245,2.7448646
17,17191,SERRA DE DARÓ,42.028087,3.0728658
17,17192,SETCASES,42.375331,2.3016103
17,17193,SILS,41.8098347,2.743055
17,17194,SUSQUEDA,41.9983697,2.5131351
17,17195,TALLADA D'EMPORDÀ (LA),42.0533393,3.0690254
17,17196,TERRADES,42.3106341,2.8381619
17,17197,TORRENT,41.9515047,3.1267566
17,17198,TORROELLA DE FLUVIÀ,42.174492,3.0402489
17,17199,TORROELLA DE MONTGRÍ,42.040982,3.1262041
17,17200,TORTELLÀ,42.233331,2.630869
17,17201,TOSES,42.3218595,2.0168227
17,17202,TOSSA DE MAR,41.7197773,2.9312155
17,17203,ULTRAMORT,42.037127,3.0349373
17,17204,ULLÀ,42.0500542,3.1073899
17,17205,ULLASTRET,42.0008975,3.0689759
17,17206,URÚS,42.3520412,1.8534065
17,17207,VALL D'EN BAS (LA),42.1334,2.4423377
17,17208,VALL DE BIANYA (LA),42.2415208,2.4326305
17,17209,VALL-LLOBREGA,41.8792987,3.1263403
17,17210,VENTALLÓ,42.1491351,3.0268953
17,17211,VERGES,42.0638953,3.0466102
17,17212,VIDRÀ,42.1228239,2.3106778
17,17213,VIDRERES,41.7888681,2.7792768
17,17214,VILABERTRAN,42.2826972,2.9814591
17,17215,VILABLAREIX,41.9569396,2.7728439
17,17216,VILADASENS,42.0951146,2.9294718
17,17217,VILADAMAT,42.1327669,3.0753648
17,17218,VILADEMULS,42.138644,2.8879149
17,17220,VILADRAU,41.8483059,2.3906759
17,17221,VILAFANT,42.2515266,2.9418008
17,17222,VILAÜR,42.1437984,2.9550356
17,17223,VILAJUÏGA,42.3255898,3.0937345
17,17224,VILALLONGA DE TER,42.331497,2.3125292
17,17225,VILAMACOLUM,42.1965528,3.0571146
17,17226,VILAMALLA,42.2165982,2.9708293
17,17227,VILAMANISCLE,42.3743918,3.067464
17,17228,VILANANT,42.2544997,2.8897248
17,17230,VILA-SACRA,42.2668061,3.0170438
17,17232,VILOPRIU,42.1043198,2.9918548
17,17233,VILOBÍ D'ONYAR,41.8882291,2.7423246
17,17234,BIURE,42.3380996,2.8949823
17,17901,"CRUÏLLES, MONELLS I SANT SADURNÍ DE L'HEURA",41.9558251,3.0114014
17,17902,FORALLAC,41.9405813,3.0817246
17,17903,SANT JULIÀ DEL LLOR I BONMATÍ,41.9780037,2.6487993
18,18001,AGRÓN,37.0303435,-3.8301109
18,18002,ALAMEDILLA,37.5816313,-3.2443845
18,18003,ALBOLOTE,37.2306219,-3.6570779
18,18004,ALBONDÓN,36.8281395,-3.2110576
18,18005,ALBUÑÁN,37.2270817,-3.1331968
18,18006,ALBUÑOL,36.7913663,-3.2035944
18,18007,ALBUÑUELAS,36.9286025,-3.6234882
18,18010,ALDEIRE,37.160375,-3.0715949
18,18011,ALFACAR,37.2383551,-3.5663721
18,18012,ALGARINEJO,37.325204,-4.1582073
18,18013,ALHAMA DE GRANADA,37.0028286,-3.9891096
18,18014,ALHENDÍN,37.1078115,-3.6456986
18,18015,ALICÚN DE ORTEGA,37.6079372,-3.1373775
18,18016,ALMEGÍJAR,36.9024897,-3.2998251
18,18017,ALMUÑÉCAR,36.7328699,-3.68968
18,18018,ALQUIFE,37.1799558,-3.1159215
18,18020,ARENAS DEL REY,36.9577036,-3.8944117
18,18021,ARMILLA,37.1431197,-3.6277259
18,18022,ATARFE,37.2226964,-3.6865662
18,18023,BAZA,37.4888637,-2.7709805
18,18024,BEAS DE GRANADA,37.2188678,-3.4807267
18,18025,BEAS DE GUADIX,37.2796225,-3.2058704
18,18027,BENALÚA,37.35113,-3.1636896
18,18028,BENALÚA DE LAS VILLAS,37.4317716,-3.6823181
18,18029,BENAMAUREL,37.6084683,-2.6970148
18,18030,BÉRCHULES,36.9751315,-3.1906736
18,18032,BUBIÓN,36.9488544,-3.3570047
18,18033,BUSQUÍSTAR,36.9378861,-3.2941218
18,18034,CACÍN,37.0599969,-3.9166908
18,18035,CÁDIAR,36.9462307,-3.1802705
18,18036,CÁJAR,37.1342232,-3.5712824
18,18037,CALICASAS,37.2733364,-3.6186074
18,18038,CAMPOTÉJAR,37.4813569,-3.616724
18,18039,CANILES,37.4362471,-2.722409
18,18040,CÁÑAR,36.9264996,-3.4276847
18,18042,CAPILEIRA,36.9613562,-3.3585582
18,18043,CARATAUNAS,36.9229148,-3.4083624
18,18044,CÁSTARAS,36.9313744,-3.2538159
18,18045,CASTILLÉJAR,37.717227,-2.6425103
18,18046,CASTRIL,37.7969475,-2.7814472
18,18047,CENES DE LA VEGA,37.1600004,-3.5390463
18,18048,CIJUELA,37.1998748,-3.8105099
18,18049,COGOLLOS DE GUADIX,37.2241755,-3.1610634
18,18050,COGOLLOS DE LA VEGA,37.2755727,-3.572149
18,18051,COLOMERA,37.36901,-3.712395
18,18053,CORTES DE BAZA,37.6539949,-2.7695935
18,18054,CORTES Y GRAENA,37.2870853,-3.2452634
18,18056,CÚLLAR,37.5835402,-2.5766049
18,18057,CÚLLAR VEGA,37.1535419,-3.6703193
18,18059,CHAUCHINA,37.2014921,-3.7724726
18,18061,CHIMENEAS,37.1312258,-3.8235177
18,18062,CHURRIANA DE LA VEGA,37.1478086,-3.646255
18,18063,DARRO,37.3491909,-3.2933648
18,18064,DEHESAS DE GUADIX,37.5898117,-3.1029758
18,18065,DEHESAS VIEJAS,37.4726794,-3.5521475
18,18066,DEIFONTES,37.3263415,-3.5946529
18,18067,DIEZMA,37.3197784,-3.3326523
18,18068,DÍLAR,37.0737362,-3.6010019
18,18069,DÓLAR,37.178181,-2.9913966
18,18070,DÚDAR,37.186106,-3.4836393
18,18071,DÚRCAL,36.9879333,-3.5663828
18,18072,ESCÚZAR,37.0621708,-3.7611555
18,18074,FERREIRA,37.1723754,-3.0362531
18,18076,FONELAS,37.4133515,-3.1737013
18,18078,FREILA,37.5288858,-2.9072558
18,18079,FUENTE VAQUEROS,37.2193966,-3.7833134
18,18082,GALERA,37.7426081,-2.5507542
18,18083,GOBERNADOR,37.4772919,-3.3200874
18,18084,GÓJAR,37.104497,-3.6057759
18,18085,GOR,37.3696052,-2.9690113
18,18086,GORAFE,37.4795473,-3.0432238
18,18087,GRANADA,37.1734995,-3.5995337
18,18088,GUADAHORTUNA,37.5569024,-3.4010094
18,18089,GUADIX,37.2991265,-3.1373303
18,18093,GUALCHOS,36.7435918,-3.389634
18,18094,GÜÉJAR SIERRA,37.15984,-3.4386253
18,18095,GÜEVÉJAR,37.2570604,-3.597654
18,18096,HUÉLAGO,37.4205176,-3.2622608
18,18097,HUÉNEJA,37.1769362,-2.9485635
18,18098,HUÉSCAR,37.8085844,-2.5398281
18,18099,HUÉTOR DE SANTILLÁN,37.2184811,-3.5173045
18,18100,HUÉTOR TÁJAR,37.1966709,-4.0466475
18,18101,HUÉTOR VEGA,37.1452042,-3.5694625
18,18102,ÍLLORA,37.2885009,-3.8795173
18,18103,ÍTRABO,36.7994012,-3.638604
18,18105,IZNALLOZ,37.3928352,-3.5276704
18,18106,JÁTAR,36.9342472,-3.9092739
18,18107,JAYENA,36.9490364,-3.8228407
18,18108,JÉREZ DEL MARQUESADO,37.1837778,-3.1596338
18,18109,JETE,36.7974469,-3.6679211
18,18111,JUN,37.2217446,-3.5942908
18,18112,JUVILES,36.9481259,-3.2254914
18,18114,CALAHORRA (LA),37.1814745,-3.0640503
18,18115,LÁCHAR,37.1952099,-3.8340663
18,18116,LANJARÓN,36.9181138,-3.4801561
18,18117,LANTEIRA,37.1687458,-3.1382211
18,18119,LECRÍN,36.9428455,-3.5303127
18,18120,LENTEGÍ,36.8342309,-3.6745581
18,18121,LOBRAS,36.9293591,-3.2127608
18,18122,LOJA,37.1664839,-4.1496374
18,18123,LUGROS,37.2296011,-3.2412578
18,18124,LÚJAR,36.7865608,-3.4044407
18,18126,MALAHÁ (LA),37.1013303,-3.7228558
18,18127,MARACENA,37.2076275,-3.633024
18,18128,MARCHAL,37.2963627,-3.2021995
18,18132,MOCLÍN,37.3402105,-3.7858164
18,18133,MOLVÍZAR,36.7867828,-3.6075296
18,18134,MONACHIL,37.1324336,-3.5395284
18,18135,MONTEFRÍO,37.321018,-4.011123
18,18136,MONTEJÍCAR,37.5721215,-3.504669
18,18137,MONTILLANA,37.5001419,-3.6723589
18,18138,MORALEDA DE ZAFAYONA,37.170001,-3.9651417
18,18140,MOTRIL,36.7450888,-3.5207655
18,18141,MURTAS,36.8863182,-3.1098818
18,18143,NIGÜELAS,36.977772,-3.5388692
18,18144,NÍVAR,37.2579297,-3.5779065
18,18145,OGÍJARES,37.1200092,-3.6069199
18,18146,ORCE,37.7212772,-2.4794159
18,18147,ÓRGIVA,36.9005164,-3.4239036
18,18148,OTÍVAR,36.815373,-3.680964
18,18149,VILLA DE OTURA,37.0942895,-3.6345792
18,18150,PADUL,37.0222913,-3.6274938
18,18151,PAMPANEIRA,36.9399641,-3.3615455
18,18152,PEDRO MARTÍNEZ,37.5014235,-3.2303678
18,18153,PELIGROS,37.2306631,-3.6279744
18,18154,PEZA (LA),37.2753546,-3.2849557
18,18157,PINOS GENIL,37.1636857,-3.5018713
18,18158,PINOS PUENTE,37.2516033,-3.749268
18,18159,PÍÑAR,37.4424506,-3.440416
18,18161,POLÍCAR,37.2575189,-3.2332207
18,18162,POLOPOS,36.7950131,-3.2972924
18,18163,PÓRTUGOS,36.9423001,-3.3103162
18,18164,PUEBLA DE DON FADRIQUE,37.9578472,-2.4348912
18,18165,PULIANAS,37.2226481,-3.6080146
18,18167,PURULLENA,37.3147739,-3.1892077
18,18168,QUÉNTAR,37.1920952,-3.4667577
18,18170,RUBITE,36.8094778,-3.3483956
18,18171,SALAR,37.1523024,-4.0669535
18,18173,SALOBREÑA,36.7463725,-3.587332
18,18174,SANTA CRUZ DEL COMERCIO,37.0616141,-3.9760974
18,18175,SANTA FE,37.1895171,-3.7183561
18,18176,SOPORTÚJAR,36.9280751,-3.4052741
18,18177,SORVILÁN,36.7948706,-3.2668027
18,18178,TORRE-CARDELA,37.5045916,-3.3560673
18,18179,TORVIZCÓN,36.8784305,-3.298807
18,18180,TREVÉLEZ,37.0023983,-3.2665989
18,18181,TURÓN,36.8637375,-3.0575117
18,18182,UGÍJAR,36.9630727,-3.0530815
18,18183,VÁLOR,36.9961661,-3.0809964
18,18184,VÉLEZ DE BENAUDALLA,36.8323233,-3.5157759
18,18185,VENTAS DE HUELMA,37.068195,-3.820752
18,18187,VILLANUEVA DE LAS TORRES,37.5568429,-3.0897928
18,18188,VILLANUEVA MESÍA,37.214514,-4.0127316
18,18189,VÍZNAR,37.2312071,-3.5539201
18,18192,ZAFARRAYA,36.9735191,-4.1416876
18,18193,ZUBIA (LA),37.1206862,-3.5850833
18,18194,ZÚJAR,37.5414741,-2.8416795
18,18901,TAHA (LA),36.9331746,-3.330168
18,18902,VALLE (EL),36.494649,-4.7276993
18,18903,NEVADA,37.0410583,-3.0399539
18,18904,ALPUJARRA DE LA SIERRA,37.0223921,-3.1489049
18,18905,GABIAS (LAS),37.1366617,-3.6694522
18,18906,GUÁJARES (LOS),36.8492644,-3.5988533
18,18907,VALLE DEL ZALABÍ,37.2752246,-3.0672117
18,18908,VILLAMENA,36.974998,-3.610597
18,18909,MORELÁBOR,37.4271607,-3.3152413
18,18910,PINAR (EL),36.4870552,-4.7290199
18,18911,VEGAS DEL GENIL,37.168708,-3.6890695
18,18912,CUEVAS DEL CAMPO,37.6086165,-2.9316473
18,18913,ZAGRA,37.2534495,-4.1680873
18,18914,VALDERRUBIO,37.2343089,-3.8238434
18,18915,DOMINGO PÉREZ DE GRANADA,37.4964059,-3.5088958
19,19001,ABÁNADES,40.8929461,-2.4852216
19,19002,ABLANQUE,40.8981026,-2.2290338
19,19004,ALAMINOS,40.8633363,-2.7259879
19,19005,ALARILLA,40.8492909,-3.105145
19,19006,ALBALATE DE ZORITA,40.3087162,-2.8427164
19,19007,ALBARES,40.3073131,-3.0120376
19,19009,ALCOCER,40.4700125,-2.6109525
19,19011,ALCOLEA DEL PINAR,41.0359238,-2.4673489
19,19013,ALCOROCHES,40.6274455,-1.745883
19,19015,ALDEANUEVA DE GUADALAJARA,40.6819148,-3.0471156
19,19017,ALGORA,40.9624637,-2.6663278
19,19018,ALHÓNDIGA,40.5269101,-2.8240798
19,19019,ALIQUE,40.5865777,-2.643947
19,19020,ALMADRONES,40.9012507,-2.773743
19,19021,ALMOGUERA,40.2968314,-2.9844461
19,19022,ALMONACID DE ZORITA,40.3290787,-2.8504403
19,19023,ALOCÉN,40.5745993,-2.750292
19,19024,ALOVERA,40.5953571,-3.2487763
19,19027,ALUSTANTE,40.6153227,-1.6587202
19,19032,ANGUITA,41.0268997,-2.3675178
19,19036,ARANZUEQUE,40.4932446,-3.0775295
19,19039,ARGECILLA,40.8830532,-2.8178235
19,19041,ARMUÑA DE TAJUÑA,40.5312059,-3.0294678
19,19043,ATANZÓN,40.6663709,-2.9980045
19,19044,ATIENZA,41.1991811,-2.8702238
19,19045,AUÑÓN,40.517585,-2.7922351
19,19046,AZUQUECA DE HENARES,40.5683808,-3.2627134
19,19047,BAIDES,41.0025333,-2.7715934
19,19049,BAÑUELOS,41.2863562,-2.9145771
19,19051,BERNINCHES,40.5716705,-2.8010984
19,19053,BRIHUEGA,40.7592489,-2.8703477
19,19054,BUDIA,40.6280576,-2.7562471
19,19055,BUJALARO,40.9372812,-2.8843032
19,19057,BUSTARES,41.1357889,-3.0727214
19,19058,CABANILLAS DEL CAMPO,40.6362915,-3.2337196
19,19060,CAMPILLO DE RANAS,41.0855605,-3.3141991
19,19061,CAMPISÁBALOS,41.2675337,-3.1455702
19,19064,CANREDONDO,40.8128362,-2.4940965
19,19065,CANTALOJAS,41.2346229,-3.2454193
19,19066,CAÑIZAR,40.7697439,-3.0668177
19,19070,CASA DE UCEDA,40.8432863,-3.3711083
19,19071,CASAR (EL),40.7077347,-3.4393744
19,19073,CASAS DE SAN GALINDO,40.8721245,-2.9576836
19,19074,CASPUEÑAS,40.693318,-2.978786
19,19075,CASTEJÓN DE HENARES,40.936896,-2.7867866
19,19078,CASTILFORTE,40.5577798,-2.431665
19,19082,CENTENERA,40.6525754,-3.0541528
19,19086,CIFUENTES,40.7854583,-2.6221233
19,19087,CINCOVILLAS,41.2054105,-2.8193375
19,19088,CIRUELAS,40.7527479,-3.0893328
19,19090,COBETA,40.8655802,-2.1423641
19,19092,COGOLLUDO,40.9470672,-3.0887458
19,19095,CONDEMIOS DE ABAJO,41.2190644,-3.1075391
19,19096,CONDEMIOS DE ARRIBA,41.2158797,-3.1256136
19,19098,COPERNAL,40.867467,-3.0570732
19,19099,CORDUENTE,40.8425877,-1.9783277
19,19102,CUBILLO DE UCEDA (EL),40.8235824,-3.4061382
19,19105,CHILOECHES,40.5732118,-3.1627206
19,19106,CHILLARÓN DEL REY,40.5970133,-2.6898503
19,19107,DRIEBES,40.2453796,-3.0407324
19,19108,DURÓN,40.6256801,-2.726315
19,19110,ESCAMILLA,40.5494673,-2.5624861
19,19111,ESCARICHE,40.4083857,-3.0562623
19,19112,ESCOPETE,40.4154181,-3.0076346
19,19113,ESPINOSA DE HENARES,40.9044591,-3.071876
19,19115,ESTABLÉS,41.0079309,-2.0240908
19,19119,FUENCEMILLÁN,40.9236606,-3.100673
19,19120,FUENTELAHIGUERA DE ALBATAGES,40.7855027,-3.3080066
19,19121,FUENTELENCINA,40.517428,-2.8818847
19,19122,FUENTELSAZ,41.0737084,-1.8307486
19,19123,FUENTELVIEJO,40.5260247,-2.9850841
19,19124,FUENTENOVILLA,40.365604,-3.0942252
19,19126,GALÁPAGOS,40.6965656,-3.3379649
19,19127,GALVE DE SORBE,41.2230204,-3.1835211
19,19130,GUADALAJARA,40.6326979,-3.1646067
19,19132,HENCHE,40.7145199,-2.7074524
19,19133,HERAS DE AYUSO,40.7905921,-3.0997997
19,19134,HERRERÍA,40.8873352,-1.9607161
19,19135,HIENDELAENCINA,41.0835841,-3.0036605
19,19136,HIJES,41.2511034,-2.9992481
19,19138,HITA,40.8248455,-3.0495843
19,19142,HONTOBA,40.4558217,-3.0421008
19,19143,HORCHE,40.5655103,-3.0641857
19,19146,HUERCE (LA),41.1527065,-3.1701284
19,19148,HUERTAHERNANDO,40.8229072,-2.2867333
19,19152,ILLANA,40.1840715,-2.9082083
19,19154,INVIERNAS (LAS),40.8718143,-2.6701571
19,19155,IRUESTE,40.6119055,-2.890509
19,19156,JADRAQUE,40.9263778,-2.9226718
19,19157,JIRUEQUE,40.9647878,-2.9026106
19,19159,LEDANCA,40.8686389,-2.84391
19,19160,LORANCA DE TAJUÑA,40.4478562,-3.1160668
19,19161,LUPIANA,40.6101864,-3.0530986
19,19162,LUZAGA,40.9733413,-2.4454122
19,19165,MAJAELRAYO,41.1116768,-3.30221
19,19167,MALAGUILLA,40.8221438,-3.2565979
19,19169,MANTIEL,40.6190695,-2.6618429
19,19170,MARANCHÓN,41.0465007,-2.2039908
19,19171,MARCHAMALO,40.668958,-3.2013493
19,19174,MATILLAS,40.9524796,-2.8429304
19,19175,MAZARETE,41.0009725,-2.1590207
19,19176,MAZUECOS,40.2626778,-3.0088021
19,19177,MEDRANDA,40.9828433,-2.9375868
19,19179,MEMBRILLERA,40.947242,-2.9781838
19,19181,MIEDES DE ATIENZA,41.2672096,-2.9635623
19,19182,MIERLA (LA),40.9376304,-3.235567
19,19183,MILMARCOS,41.0866191,-1.8764588
19,19184,MILLANA,40.5074841,-2.5709533
19,19185,MIÑOSA (LA),41.1793692,-2.9321633
19,19186,MIRABUENO,40.9444215,-2.7244581
19,19187,MIRALRÍO,40.8886447,-2.9428391
19,19188,MOCHALES,41.0960514,-2.0146711
19,19189,MOHERNANDO,40.8033391,-3.1759957
19,19190,MOLINA DE ARAGÓN,40.8440751,-1.888874
19,19193,MONTARRÓN,40.9104708,-3.1155948
19,19196,MUDUEX,40.8293944,-2.9595765
19,19197,NAVAS DE JADRAQUE (LAS),41.104721,-3.093715
19,19200,OLIVAR (EL),40.6060488,-2.7496506
19,19201,OLMEDA DE COBETA,40.859511,-2.1821306
19,19202,OLMEDA DE JADRAQUE (LA),41.1268149,-2.7411902
19,19204,OREA,40.5568292,-1.7272588
19,19209,PARDOS,40.9474414,-1.9260311
19,19211,PAREJA,40.5562402,-2.6497104
19,19214,PEÑALÉN,40.6658527,-2.06986
19,19215,PEÑALVER,40.5814358,-2.8897168
19,19219,PINILLA DE MOLINA,40.6800088,-1.8802182
19,19220,PIOZ,40.4635353,-3.1759955
19,19223,POVEDA DE LA SIERRA,40.642628,-2.0286932
19,19224,POZO DE ALMOGUERA,40.3425944,-3.0293582
19,19226,PRÁDENA DE ATIENZA,41.1726056,-3.0064613
19,19228,PUEBLA DE BELEÑA,40.8903007,-3.219586
19,19232,RECUENCO (EL),40.6155654,-2.3395431
19,19233,RENERA,40.4916979,-3.0160342
19,19234,RETIENDAS,40.9709424,-3.2749146
19,19235,RIBA DE SAELICES,40.9113143,-2.2969282
19,19239,ROBLEDILLO DE MOHERNANDO,40.8538865,-3.2349308
19,19240,ROBLEDO DE CORPES,41.1179804,-2.9498511
19,19241,ROMANILLOS DE ATIENZA,41.2748772,-2.8957316
19,19242,ROMANONES,40.5705352,-2.9913413
19,19244,SACECORBO,40.8326286,-2.4171017
19,19245,SACEDÓN,40.481085,-2.732881
19,19247,SALMERÓN,40.5450046,-2.4936139
19,19249,SAN ANDRÉS DEL REY,40.6387222,-2.8202344
19,19252,SAYATÓN,40.37602,-2.8532862
19,19254,SELAS,40.9509863,-2.1014671
19,19256,SIENES,41.2005167,-2.6535489
19,19257,SIGÜENZA,41.0680324,-2.6405659
19,19258,SOLANILLOS DEL EXTREMO,40.7509826,-2.6980205
19,19259,SOMOLINOS,41.2451295,-3.0577003
19,19260,SOTILLO (EL),40.8808075,-2.634236
19,19262,TAMAJÓN,41.0007913,-3.2483654
19,19263,TARAGUDO,40.8233201,-3.0795645
19,19265,TARTANEDO,40.9929906,-1.923391
19,19266,TENDILLA,40.5437447,-2.9588771
19,19267,TERZAGA,40.6946785,-1.9045962
19,19269,TOBA (LA),41.0043007,-2.9825168
19,19270,TORDELRÁBANO,41.2185953,-2.7580363
19,19274,TORIJA,40.7433322,-3.0316885
19,19278,TORRECUADRADILLA,40.8533031,-2.5326915
19,19279,TORRE DEL BURGO,40.7945892,-3.0795869
19,19280,TORREJÓN DEL REY,40.6446546,-3.3371795
19,19282,TORREMOCHA DEL CAMPO,40.977763,-2.6187278
19,19283,TORREMOCHA DEL PINAR,40.8895823,-2.0454117
19,19286,TÓRTOLA DE HENARES,40.7066484,-3.1242146
19,19287,TORTUERA,40.9717744,-1.7978002
19,19290,TRIJUEQUE,40.7766776,-2.9956092
19,19291,TRILLO,40.7014301,-2.5930177
19,19293,UCEDA,40.8432607,-3.4635907
19,19296,UTANDE,40.8486006,-2.9302393
19,19298,VALDEARENAS,40.8099076,-2.9919064
19,19300,VALDEAVERUELO,40.6364026,-3.3166943
19,19301,VALDECONCHA,40.4556255,-2.8769211
19,19302,VALDEGRUDAS,40.7138517,-3.0144449
19,19304,VALDENUÑO FERNÁNDEZ,40.7615436,-3.3799778
19,19305,VALDEPEÑAS DE LA SIERRA,40.908197,-3.3869458
19,19307,VALDESOTOS,40.9574718,-3.3286205
19,19308,VALFERMOSO DE TAJUÑA,40.6199766,-2.9545809
19,19311,VALVERDE DE LOS ARROYOS,41.1293314,-3.2336738
19,19317,VILLANUEVA DE ALCORÓN,40.6789978,-2.2531854
19,19318,VILLANUEVA DE ARGECILLA,40.9025356,-2.9137463
19,19323,VILLASECA DE UCEDA,40.8205085,-3.3520123
19,19324,VILLEL DE MESA,41.1257257,-1.989641
19,19325,VIÑUELAS,40.7938811,-3.344096
19,19326,YEBES,40.533141,-3.1104032
19,19327,YEBRA,40.3566154,-2.9666167
19,19330,YÉLAMOS DE ARRIBA,40.639999,-2.84297
19,19331,YUNQUERA DE HENARES,40.7546981,-3.1662667
19,19333,ZAOREJAS,40.7621188,-2.2013142
19,19334,ZARZUELA DE JADRAQUE,41.0682961,-3.043864
19,19335,ZORITA DE LOS CANES,40.3314367,-2.8888967
19,19901,SEMILLAS,41.0591279,-3.1196781
2,2001,ABENGIBRE,39.2089284,-1.5420192
2,2002,ALATOZ,39.0955185,-1.3610539
2,2003,ALBACETE,38.9950921,-1.8559154
2,2004,ALBATANA,38.5709891,-1.5226396
2,2005,ALBOREA,39.2790903,-1.3960986
2,2006,ALCADOZO,38.6488936,-1.980391
2,2007,ALCALÁ DEL JÚCAR,39.1928901,-1.4289945
2,2009,ALMANSA,38.8682065,-1.0978627
2,2010,ALPERA,38.9596638,-1.2308857
2,2011,AYNA,38.5532769,-2.0715082
2,2016,BIENSERVIDA,38.5155914,-2.6113209
2,2018,BONETE,38.8703082,-1.3486771
2,2019,BONILLO (EL),39.0194267,-2.5372246
2,2022,CASAS DE LÁZARO,38.770658,-2.2400615
2,2025,CAUDETE,38.7063356,-0.9867523
2,2026,CENIZATE,39.3036546,-1.6613917
2,2030,ELCHE DE LA SIERRA,38.4483634,-2.0489954
2,2033,FUENTE-ÁLAMO,38.7053213,-1.4492231
2,2034,FUENTEALBILLA,39.2673015,-1.5492105
2,2037,HELLÍN,38.5106649,-1.6995137
2,2039,HIGUERUELA,38.9643114,-1.4443612
2,2042,LETUR,38.3661429,-2.1009119
2,2045,MADRIGUERAS,39.2370979,-1.8001238
2,2047,MASEGOSO,38.7180307,-2.3158435
2,2050,MONTALVOS,39.1670809,-2.0271089
2,2052,MOTILLEJA,39.1804849,-1.7907731
2,2054,NAVAS DE JORQUERA,39.2799099,-1.7184266
2,2059,PEÑASCOSA,38.6723904,-2.4097367
2,2063,POZOHONDO,38.720703,-1.9117449
2,2066,RECUEJA (LA),39.1752416,-1.4913592
2,2068,ROBLEDO,38.7582919,-2.4492291
2,2069,RODA (LA),39.20702,-2.1581637
2,2070,SALOBRE,38.5922615,-2.549574
2,2082,VILLATOYA,39.333966,-1.3387842
2,2085,VIVEROS,38.773242,-2.5755598
2,2901,POZO CAÑADA,38.8028984,-1.7346942
20,20001,ABALTZISKETA,43.047842,-2.1052186
20,20002,ADUNA,43.2038168,-2.050099
20,20003,AIZARNAZABAL,43.2557918,-2.2362989
20,20004,ALBIZTUR,43.1294954,-2.1374208
20,20005,ALEGIA,43.1004352,-2.0983582
20,20006,ALKIZA,43.1725845,-2.1089901
20,20007,ALTZO,43.1004025,-2.0842078
20,20008,AMEZKETA,43.0489646,-2.0878104
20,20009,ANDOAIN,43.2183411,-2.0199432
20,20010,ANOETA,43.1620711,-2.0712454
20,20011,ANTZUOLA,43.0985864,-2.3811024
20,20012,ARAMA,43.0634673,-2.1655819
20,20013,ARETXABALETA,43.0359732,-2.5036785
20,20014,ASTEASU,43.192859,-2.0953446
20,20015,ATAUN,42.9776634,-2.1813897
20,20016,AIA,43.2364978,-2.1486633
20,20017,AZKOITIA,43.1781602,-2.3114989
20,20018,AZPEITIA,43.1838618,-2.2657422
20,20019,BEASAIN,43.0473269,-2.2032868
20,20020,BEIZAMA,43.1340799,-2.2005399
20,20021,BELAUNTZA,43.1350267,-2.0503391
20,20022,BERASTEGI,43.1241497,-1.9791586
20,20023,BERROBI,43.1455807,-2.0266424
20,20024,BIDANIA-GOIATZ,43.1418612,-2.1632121
20,20025,ZEGAMA,42.9758111,-2.290301
20,20026,ZERAIN,43.0125385,-2.2733725
20,20027,ZESTOA,43.2401376,-2.2585203
20,20028,ZIZURKIL,43.1992503,-2.0741092
20,20029,DEBA,43.294141,-2.3539311
20,20030,EIBAR,43.1842839,-2.4732748
20,20031,ELDUAIN,43.1406884,-2.0006998
20,20032,ELGOIBAR,43.2143558,-2.4168588
20,20033,ELGETA,43.1367656,-2.4874683
20,20034,ESKORIATZA,43.0174857,-2.526803
20,20035,EZKIO-ITSASO,43.0812994,-2.2754976
20,20036,HONDARRIBIA,43.3624468,-1.7914309
20,20037,GAINTZA,43.0530503,-2.1331865
20,20038,GABIRIA,43.0502538,-2.2791464
20,20039,GETARIA,43.3044559,-2.2037374
20,20040,HERNANI,43.2661107,-1.9747419
20,20041,HERNIALDE,43.1544948,-2.085194
20,20042,IBARRA,43.1316471,-2.0622574
20,20043,IDIAZABAL,43.0106787,-2.2336128
20,20044,IKAZTEGIETA,43.0945249,-2.1242678
20,20045,IRUN,43.3383176,-1.7888095
20,20046,IRURA,43.1675342,-2.0672224
20,20047,ITSASONDO,43.0678266,-2.1672356
20,20048,LARRAUL,43.1879341,-2.1023955
20,20049,LAZKAO,43.0334542,-2.1861651
20,20050,LEABURU,43.1246812,-2.052317
20,20051,LEGAZPI,43.051235,-2.3344403
20,20052,LEGORRETA,43.0848925,-2.1486222
20,20053,LEZO,43.3212392,-1.8996138
20,20054,LIZARTZA,43.1033934,-2.034474
20,20055,ARRASATE/MONDRAGÓN,43.0656783,-2.4900779
20,20056,MUTRIKU,43.3071181,-2.3871098
20,20057,MUTILOA,43.0220391,-2.2727507
20,20058,OLABERRIA,43.0269276,-2.2036619
20,20059,OÑATI,43.0328523,-2.4137149
20,20060,OREXA,43.0942232,-2.0114313
20,20061,ORIO,43.2760488,-2.127262
20,20062,ORMAIZTEGI,43.0431256,-2.254814
20,20063,OIARTZUN,43.3027326,-1.8609097
20,20064,PASAIA,43.3239952,-1.9200587
20,20065,SORALUZE-PLACENCIA DE LAS ARMAS,43.1742777,-2.4128759
20,20066,ERREZIL,43.1647321,-2.1743978
20,20067,ERRENTERIA,43.3125271,-1.8986133
20,20068,LEINTZ-GATZAGA,42.9868906,-2.5687408
20,20069,DONOSTIA/SAN SEBASTIÁN,43.3224219,-1.9838889
20,20070,SEGURA,43.0090019,-2.2530011
20,20071,TOLOSA,43.1386097,-2.0723558
20,20072,URNIETA,43.24687,-1.9917045
20,20073,USURBIL,43.2703088,-2.0502559
20,20074,BERGARA,43.1175442,-2.4133452
20,20075,VILLABONA,43.1876792,-2.0534727
20,20076,ORDIZIA,43.0539687,-2.1795046
20,20077,URRETXU,43.0920435,-2.3170309
20,20078,ZALDIBIA,43.0410543,-2.1497279
20,20079,ZARAUTZ,43.2834873,-2.1723467
20,20080,ZUMARRAGA,43.0859968,-2.3140925
20,20081,ZUMAIA,43.296653,-2.2571182
20,20901,MENDARO,43.2414979,-2.3711543
20,20902,LASARTE-ORIA,43.2684642,-2.0193784
20,20903,ASTIGARRAGA,43.2815684,-1.9474769
20,20904,BALIARRAIN,43.0694191,-2.1283913
20,20905,ORENDAIN,43.0794987,-2.1141376
20,20906,ALTZAGA,43.0645573,-2.1543131
20,20907,GAZTELU,43.1164447,-2.0228291
21,21001,ALÁJAR,37.8746137,-6.6650601
21,21002,ALJARAQUE,37.2664912,-7.0246859
21,21003,ALMENDRO (EL),37.5059879,-7.2701144
21,21004,ALMONASTER LA REAL,37.8721788,-6.7866023
21,21005,ALMONTE,37.2611686,-6.5175751
21,21006,ALOSNO,37.5496719,-7.115795
21,21007,ARACENA,37.8949414,-6.5624496
21,21008,AROCHE,37.9436167,-6.9539589
21,21009,ARROYOMOLINOS DE LEÓN,38.0235708,-6.4224907
21,21010,AYAMONTE,37.215797,-7.4060169
21,21011,BEAS,37.4254522,-6.7916123
21,21012,BERROCAL,37.6087962,-6.5422243
21,21013,BOLLULLOS PAR DEL CONDADO,37.3382055,-6.5384658
21,21014,BONARES,37.3214037,-6.683161
21,21015,CABEZAS RUBIAS,37.7259134,-7.0867842
21,21016,CALA,37.9719249,-6.3168307
21,21017,CALAÑAS,37.6545062,-6.8786335
21,21018,CAMPILLO (EL),37.6934316,-6.6291703
21,21019,CAMPOFRÍO,37.7655617,-6.5767028
21,21020,CAÑAVERAL DE LEÓN,38.0148419,-6.5285331
21,21021,CARTAYA,37.2829111,-7.1545752
21,21022,CASTAÑO DEL ROBLEDO,37.8954194,-6.7053982
21,21023,CERRO DE ANDÉVALO (EL),37.7351789,-6.9392315
21,21024,CORTECONCEPCIÓN,37.8963289,-6.5073264
21,21025,CORTEGANA,37.9093023,-6.8196169
21,21026,CORTELAZOR,37.93559,-6.6245719
21,21027,CUMBRES DE ENMEDIO,38.0731247,-6.6935095
21,21028,CUMBRES DE SAN BARTOLOMÉ,38.0771839,-6.7432319
21,21029,CUMBRES MAYORES,38.0623177,-6.6466238
21,21030,CHUCENA,37.3636792,-6.3930714
21,21031,ENCINASOLA,38.1369242,-6.8718109
21,21032,ESCACENA DEL CAMPO,37.4088438,-6.3896302
21,21033,FUENTEHERIDOS,37.9034873,-6.6617402
21,21034,GALAROZA,37.9262801,-6.7087298
21,21035,GIBRALEÓN,37.3746324,-6.9690748
21,21036,GRANADA DE RÍO-TINTO (LA),37.7689314,-6.508591
21,21037,GRANADO (EL),37.5210411,-7.416392
21,21038,HIGUERA DE LA SIERRA,37.8365154,-6.4478855
21,21039,HINOJALES,38.0079199,-6.5882245
21,21040,HINOJOS,37.2922174,-6.3794314
21,21041,HUELVA,37.2575874,-6.9484945
21,21042,ISLA CRISTINA,37.2036925,-7.3238913
21,21043,JABUGO,37.9168052,-6.7291607
21,21044,LEPE,37.2551712,-7.201556
21,21045,LINARES DE LA SIERRA,37.8795891,-6.6210675
21,21046,LUCENA DEL PUERTO,37.3035671,-6.7284528
21,21047,MANZANILLA,37.3887479,-6.4316237
21,21048,MARINES (LOS),37.9038172,-6.6211935
21,21049,MINAS DE RIOTINTO,37.6934573,-6.5957844
21,21050,MOGUER,37.2746182,-6.8373527
21,21051,NAVA (LA),37.9634418,-6.7447651
21,21052,NERVA,37.6950788,-6.5504799
21,21053,NIEBLA,37.3609544,-6.6793495
21,21054,PALMA DEL CONDADO (LA),37.3874866,-6.5534536
21,21055,PALOS DE LA FRONTERA,37.2276501,-6.895393
21,21056,PATERNA DEL CAMPO,37.4188311,-6.4025477
21,21057,PAYMOGO,37.7407768,-7.3443325
21,21058,PUEBLA DE GUZMÁN,37.6128869,-7.2488901
21,21059,PUERTO MORAL,37.8917393,-6.4795963
21,21060,PUNTA UMBRÍA,37.1830237,-6.9662203
21,21061,ROCIANA DEL CONDADO,37.3082195,-6.5978918
21,21062,ROSAL DE LA FRONTERA,37.9679076,-7.2204724
21,21063,SAN BARTOLOMÉ DE LA TORRE,37.4462517,-7.1068216
21,21064,SAN JUAN DEL PUERTO,37.3142155,-6.8407764
21,21065,SANLÚCAR DE GUADIANA,37.4726294,-7.4664775
21,21066,SAN SILVESTRE DE GUZMÁN,37.3894253,-7.3478655
21,21067,SANTA ANA LA REAL,37.8639155,-6.7244264
21,21068,SANTA BÁRBARA DE CASA,37.7956688,-7.1885793
21,21069,SANTA OLALLA DEL CALA,37.9066642,-6.2293168
21,21070,TRIGUEROS,37.3830829,-6.834095
21,21071,VALDELARCO,37.9507831,-6.6830885
21,21072,VALVERDE DEL CAMINO,37.5739612,-6.7543559
21,21073,VILLABLANCA,37.3028005,-7.3423138
21,21074,VILLALBA DEL ALCOR,37.3967946,-6.475054
21,21075,VILLANUEVA DE LAS CRUCES,37.6278217,-7.0240704
21,21076,VILLANUEVA DE LOS CASTILLEJOS,37.4992023,-7.2724576
21,21077,VILLARRASA,37.3880086,-6.6054262
21,21078,ZALAMEA LA REAL,37.6793659,-6.6605705
21,21079,ZUFRE,37.8338999,-6.3388735
22,22001,ABIEGO,42.1214498,-0.0707125
22,22002,ABIZANDA,42.2427303,0.1975837
22,22003,ADAHUESCA,42.1464133,-0.0078327
22,22004,AGÜERO,42.355111,-0.7942398
22,22006,AISA,42.6787796,-0.6209437
22,22007,ALBALATE DE CINCA,41.7220639,0.1452258
22,22008,ALBALATILLO,41.7367576,-0.150977
22,22009,ALBELDA,41.864975,0.4605062
22,22011,ALBERO ALTO,42.0501202,-0.3368327
22,22012,ALBERO BAJO,42.0241349,-0.3797341
22,22013,ALBERUELA DE TUBO,41.9077972,-0.2142788
22,22014,ALCALÁ DE GURREA,42.0667747,-0.685267
22,22015,ALCALÁ DEL OBISPO,42.0770501,-0.2913994
22,22016,ALCAMPELL,41.9057339,0.3716406
22,22017,ALCOLEA DE CINCA,41.721179,0.1172654
22,22018,ALCUBIERRE,41.8074299,-0.4533294
22,22019,ALERRE,42.1634839,-0.463311
22,22020,ALFÁNTEGA,41.8289705,0.1484497
22,22021,ALMUDÉVAR,42.0419389,-0.5796768
22,22022,ALMUNIA DE SAN JUAN,41.9352773,0.2433155
22,22023,ALMUNIENTE,41.9508488,-0.412962
22,22024,ALQUÉZAR,42.1719861,0.0244277
22,22025,ALTORRICÓN,41.8011765,0.4131591
22,22027,ANGÜÉS,42.1096849,-0.1530447
22,22028,ANSÓ,42.7554883,-0.8289324
22,22029,ANTILLÓN,42.0355728,-0.1611943
22,22032,ARAGÜÉS DEL PUERTO,42.7066467,-0.6708726
22,22035,ARÉN,42.2581734,0.7215575
22,22036,ARGAVIESO,42.0533571,-0.2786264
22,22037,ARGUIS,42.314765,-0.4389495
22,22039,AYERBE,42.2764391,-0.6892389
22,22040,AZANUY-ALINS,41.9876675,0.3030032
22,22041,AZARA,42.069156,-0.0311466
22,22042,AZLOR,42.0949611,-0.0440883
22,22044,BAILO,42.509587,-0.8117949
22,22046,BALLOBAR,41.620467,0.1919892
22,22047,BANASTÁS,42.1812713,-0.4527524
22,22048,BARBASTRO,42.0366952,0.127238
22,22049,BARBUÉS,41.9792537,-0.4204613
22,22050,BARBUÑALES,42.0255709,-0.0864082
22,22052,BELVER DE CINCA,41.6910541,0.1793943
22,22053,BENABARRE,42.1063137,0.4820182
22,22054,BENASQUE,42.6052663,0.5237318
22,22055,BERBEGAL,41.9615178,-0.002702
22,22057,BIELSA,42.6335545,0.2188591
22,22058,BIERGE,42.1635877,-0.0801229
22,22059,BIESCAS,42.6285893,-0.3215867
22,22060,BINACED,41.8270159,0.2012837
22,22061,BINÉFAR,41.8491553,0.2963994
22,22062,BISAURRI,42.4965763,0.5066156
22,22063,BISCARRUÉS,42.2270257,-0.7508868
22,22064,BLECUA Y TORRES,42.0694746,-0.2001445
22,22066,BOLTAÑA,42.4459826,0.0675933
22,22067,BONANSA,42.4269403,0.6668598
22,22068,BORAU,42.6581476,-0.5874559
22,22069,BROTO,42.6033008,-0.1218449
22,22072,CALDEARENAS,42.3968705,-0.4987215
22,22074,CAMPO,42.409759,0.3972463
22,22076,CANAL DE BERDÚN,42.5985733,-0.8540421
22,22077,CANDASNOS,41.5027134,0.0647699
22,22078,CANFRANC,42.7533689,-0.4796771
22,22079,CAPDESASO,41.8425319,-0.1825408
22,22080,CAPELLA,42.1791593,0.4367227
22,22081,CASBAS DE HUESCA,42.1554832,-0.1402587
22,22082,CASTEJÓN DEL PUENTE,41.9624376,0.1575502
22,22083,CASTEJÓN DE MONEGROS,41.6181075,-0.2401766
22,22084,CASTEJÓN DE SOS,42.5128511,0.4916899
22,22085,CASTELFLORITE,41.8032849,-0.0214772
22,22086,CASTIELLO DE JACA,42.6295985,-0.5501548
22,22087,CASTIGALEU,42.2060962,0.5739789
22,22088,CASTILLAZUELO,42.068633,0.0647387
22,22089,CASTILLONROY,41.8858063,0.5119969
22,22090,COLUNGO,42.1716508,0.0648286
22,22094,CHALAMERA,41.6649798,0.1629008
22,22095,CHÍA,42.5206948,0.465951
22,22096,CHIMILLAS,42.1714448,-0.4530161
22,22099,ESPLÚS,41.7569414,0.3004292
22,22102,ESTADA,42.07189,0.2339054
22,22103,ESTADILLA,42.0575778,0.2440363
22,22105,ESTOPIÑÁN DEL CASTILLO,41.9961077,0.5436671
22,22109,FISCAL,42.4954746,-0.1197784
22,22110,FONZ,42.0097772,0.258297
22,22111,FORADADA DEL TOSCAR,42.4099476,0.350978
22,22112,FRAGA,41.5221304,0.3501756
22,22113,FUEVA (LA),42.3737585,0.29217
22,22114,GISTAÍN,42.5913466,0.3350266
22,22115,GRADO (EL),42.1521195,0.2226813
22,22116,GRAÑÉN,41.940564,-0.3693363
22,22117,GRAUS,42.1904249,0.3389797
22,22119,GURREA DE GÁLLEGO,42.0149023,-0.7618767
22,22122,HOZ DE JACA,42.6910632,-0.3060829
22,22124,HUERTO,41.9323373,-0.1678751
22,22125,HUESCA,42.1382539,-0.4080901
22,22126,IBIECA,42.1606453,-0.2084209
22,22127,IGRIÉS,42.2140794,-0.4321053
22,22128,ILCHE,41.9571188,0.056724
22,22129,ISÁBENA,42.2924313,0.55234
22,22130,JACA,42.5692878,-0.5493763
22,22131,JASA,42.6933735,-0.6666752
22,22133,LABUERDA,42.4501452,0.1349438
22,22135,LALUENGA,42.005351,-0.0476557
22,22136,LALUEZA,41.8423796,-0.2585129
22,22137,LANAJA,41.7730487,-0.3260224
22,22139,LAPERDIGUERA,41.9901988,-0.0449698
22,22141,LASCELLAS-PONZANO,42.0777376,-0.0822942
22,22142,LASCUARRE,42.1853035,0.5157948
22,22143,LASPAÚLES,42.4706663,0.5990718
22,22144,LASPUÑA,42.5038664,0.1551187
22,22149,LOARRE,42.3140366,-0.625272
22,22150,LOPORZANO,42.1612104,-0.3233975
22,22151,LOSCORRALES,42.25297,-0.6414831
22,22156,MONFLORITE-LASCASAS,42.081155,-0.3779189
22,22157,MONTANUY,42.4655684,0.6943621
22,22158,MONZÓN,41.9128162,0.1926668
22,22160,NAVAL,42.1947793,0.1518008
22,22162,NOVALES,42.0326204,-0.2871926
22,22163,NUENO,42.2671628,-0.4392923
22,22164,OLVENA,42.1079128,0.2602987
22,22165,ONTIÑENA,41.6765311,0.0899751
22,22167,OSSO DE CINCA,41.6653628,0.1920949
22,22170,PANTICOSA,42.7236963,-0.2843924
22,22172,PEÑALBA,41.4999914,-0.0408927
22,22173,PEÑAS DE RIGLOS (LAS),42.4021668,-0.7606805
22,22174,PERALTA DE ALCOFEA,41.9321528,-0.0690077
22,22175,PERALTA DE CALASANZ,41.9958233,0.3836608
22,22176,PERALTILLA,42.0552839,-0.0182329
22,22178,PERTUSA,42.0027612,-0.1263732
22,22181,PIRACÉS,42.0049623,-0.31579
22,22182,PLAN,42.5501401,0.3029221
22,22184,POLEÑINO,41.8697083,-0.311029
22,22186,POZÁN DE VERO,42.0811572,0.0321435
22,22187,PUEBLA DE CASTRO (LA),42.1445424,0.2882082
22,22188,PUENTE DE MONTAÑANA,42.1511876,0.6948263
22,22189,PUÉRTOLAS,42.5542524,0.1233777
22,22193,PUEYO DE SANTA CRUZ,41.8570676,0.1568379
22,22195,QUICENA,42.1471578,-0.3588216
22,22197,ROBRES,41.8668638,-0.4607326
22,22199,SABIÑÁNIGO,42.518364,-0.3647899
22,22200,SAHÚN,42.6029992,0.4470204
22,22201,SALAS ALTAS,42.1146574,0.0749541
22,22202,SALAS BAJAS,42.1021031,0.0840063
22,22203,SALILLAS,41.9934513,-0.2242303
22,22204,SALLENT DE GÁLLEGO,42.77121,-0.3340877
22,22205,SAN ESTEBAN DE LITERA,41.9042544,0.3236536
22,22206,SANGARRÉN,42.0177631,-0.4326064
22,22207,SAN JUAN DE PLAN,42.5881642,0.3457117
22,22208,SANTA CILIA,42.5599532,-0.714569
22,22209,SANTA CRUZ DE LA SERÓS,42.5239494,-0.6741522
22,22212,SANTALIESTRA Y SAN QUÍLEZ,42.3180887,0.3494242
22,22213,SARIÑENA,41.7931992,-0.156421
22,22214,SECASTILLA,42.1946674,0.2600905
22,22215,SEIRA,42.4774053,0.4334047
22,22217,SENA,41.7149736,-0.0443852
22,22218,SENÉS DE ALCUBIERRE,41.907392,-0.4907548
22,22220,SESA,41.9962961,-0.2442967
22,22221,SESUÉ,42.5511669,0.472037
22,22222,SIÉTAMO,42.1240627,-0.2813118
22,22223,SOPEIRA,42.3172402,0.7469658
22,22225,TAMARITE DE LITERA,41.8675034,0.421573
22,22226,TARDIENTA,41.9784326,-0.536013
22,22227,TELLA-SIN,42.5875964,0.1827146
22,22228,TIERZ,42.1322984,-0.3537028
22,22229,TOLVA,42.1149441,0.5650762
22,22230,TORLA-ORDESA,42.6276936,-0.112138
22,22232,TORRALBA DE ARAGÓN,41.9343439,-0.5110026
22,22233,TORRE LA RIBERA,42.3730631,0.5266856
22,22234,TORRENTE DE CINCA,41.4731356,0.3348933
22,22235,TORRES DE ALCANADRE,41.9670452,-0.1102331
22,22236,TORRES DE BARBUÉS,41.9603527,-0.4318479
22,22239,TRAMACED,41.9725624,-0.2954517
22,22242,VALFARTA,41.5580695,-0.1323442
22,22245,VELILLA DE CINCA,41.5866393,0.2620195
22,22247,VIACAMP Y LITERA,42.0676759,0.6388095
22,22248,VICIÉN,42.0566199,-0.4408209
22,22249,VILLANOVA,42.5474264,0.4620245
22,22250,VILLANÚA,42.6787415,-0.5309578
22,22251,VILLANUEVA DE SIGENA,41.715614,-0.0089743
22,22252,YEBRA DE BASA,42.4862889,-0.2819086
22,22253,YÉSERO,42.6193423,-0.2503789
22,22254,ZAIDÍN,41.6043154,0.2634123
22,22901,VALLE DE HECHO,42.7307349,-0.7327873
22,22902,PUENTE LA REINA DE JACA,42.5563486,-0.7859784
22,22903,SAN MIGUEL DEL CINCA,41.8220544,0.0810949
22,22904,SOTONERA (LA),42.2539135,-0.545237
22,22905,LUPIÑÉN-ORTILLA,42.1747809,-0.582497
22,22906,SANTA MARÍA DE DULCIS,42.1236648,0.0336774
22,22907,AÍNSA-SOBRARBE,42.3348021,0.0564851
22,22908,HOZ Y COSTEAN,42.1275204,0.1187461
22,22909,VENCILLÓN,41.7050744,0.3240515
23,23001,ALBANCHEZ DE MÁGINA,37.7919927,-3.4678765
23,23002,ALCALÁ LA REAL,37.4619794,-3.922384
23,23003,ALCAUDETE,37.5881403,-4.0812937
23,23004,ALDEAQUEMADA,38.4125181,-3.3716744
23,23005,ANDÚJAR,38.0392362,-4.0505603
23,23006,ARJONA,37.9355989,-4.0544689
23,23007,ARJONILLA,37.9740992,-4.1068464
23,23008,ARQUILLOS,38.1809503,-3.4270554
23,23009,BAEZA,37.9945171,-3.4708163
23,23010,BAILÉN,38.096787,-3.7765601
23,23011,BAÑOS DE LA ENCINA,38.1710134,-3.7744639
23,23012,BEAS DE SEGURA,38.2526786,-2.8908722
23,23014,BEGÍJAR,37.9853073,-3.5342046
23,23015,BÉLMEZ DE LA MORALEDA,37.7238028,-3.3823692
23,23016,BENATAE,38.3528099,-2.6517296
23,23017,CABRA DEL SANTO CRISTO,37.7036217,-3.2867065
23,23018,CAMBIL,37.6768457,-3.5649212
23,23019,CAMPILLO DE ARENAS,37.5552182,-3.6353369
23,23020,CANENA,38.0481647,-3.4816832
23,23021,CARBONEROS,38.2301902,-3.6313917
23,23024,CAROLINA (LA),38.2742478,-3.6152701
23,23025,CASTELLAR,38.251697,-3.1314863
23,23026,CASTILLO DE LOCUBÍN,37.5279563,-3.9422486
23,23027,CAZALILLA,37.9843429,-3.8816451
23,23028,CAZORLA,37.9128927,-3.0038873
23,23029,CHICLANA DE SEGURA,38.3115637,-3.0428203
23,23030,CHILLUÉVAR,38.0018558,-3.0314178
23,23031,ESCAÑUELA,37.8787752,-4.0334742
23,23032,ESPELUY,38.0322769,-3.8623596
23,23033,FRAILES,37.4873237,-3.8370179
23,23034,FUENSANTA DE MARTOS,37.6462911,-3.9110221
23,23035,FUERTE DEL REY,37.8748233,-3.8844425
23,23037,GÉNAVE,38.4299516,-2.7330299
23,23038,GUARDIA DE JAÉN (LA),37.465672,-3.9245826
23,23039,GUARROMÁN,38.1837551,-3.6855149
23,23040,LAHIGUERA,37.9710139,-3.9914609
23,23041,HIGUERA DE CALATRAVA,37.7983906,-4.1574696
23,23042,HINOJARES,37.7155422,-2.9987543
23,23043,HORNOS,38.216737,-2.7191753
23,23044,HUELMA,37.6473035,-3.4551806
23,23045,HUESA,37.7642666,-3.0773233
23,23046,IBROS,38.020922,-3.501422
23,23047,IRUELA (LA),37.9203509,-2.9941404
23,23048,IZNATORAF,38.156867,-3.0327811
23,23049,JABALQUINTO,38.0195785,-3.7275997
23,23050,JAÉN,37.7728858,-3.7883289
23,23051,JAMILENA,37.7467038,-3.9124504
23,23052,JIMENA,37.8409266,-3.4763632
23,23053,JÓDAR,37.8406832,-3.3548686
23,23054,LARVA,37.7599694,-3.2019071
23,23055,LINARES,38.0931247,-3.6357207
23,23056,LOPERA,37.9455526,-4.2142298
23,23057,LUPIÓN,37.9972849,-3.5465487
23,23058,MANCHA REAL,37.7864076,-3.6125494
23,23059,MARMOLEJO,38.044816,-4.170945
23,23060,MARTOS,37.7222633,-3.9703241
23,23061,MENGÍBAR,37.9680499,-3.8087804
23,23062,MONTIZÓN,38.3421949,-3.1036044
23,23063,NAVAS DE SAN JUAN,38.1835107,-3.3136785
23,23064,NOALEJO,37.5290214,-3.6542166
23,23065,ORCERA,38.3180223,-2.6610525
23,23066,PEAL DE BECERRO,37.9121397,-3.1240597
23,23067,PEGALAJAR,37.7400607,-3.6450264
23,23069,PORCUNA,37.8710423,-4.1842853
23,23070,POZO ALCÓN,37.7026954,-2.9350566
23,23071,PUENTE DE GÉNAVE,38.3545624,-2.8031995
23,23072,PUERTA DE SEGURA (LA),38.2542816,-2.7233513
23,23073,QUESADA,37.8429817,-3.0669209
23,23074,RUS,38.0476731,-3.461804
23,23075,SABIOTE,38.0691918,-3.3068128
23,23076,SANTA ELENA,38.3402349,-3.5398078
23,23077,SANTIAGO DE CALATRAVA,37.7534531,-4.169898
23,23079,SANTISTEBAN DEL PUERTO,38.2484355,-3.2061898
23,23080,SANTO TOMÉ,38.0273767,-3.0999333
23,23081,SEGURA DE LA SIERRA,38.2988567,-2.6518766
23,23082,SILES,38.3878613,-2.5826373
23,23084,SORIHUELA DEL GUADALIMAR,38.2404151,-3.0536118
23,23085,TORREBLASCOPEDRO,37.9978262,-3.6352997
23,23086,TORREDELCAMPO,37.7702055,-3.8972315
23,23087,TORREDONJIMENO,37.7610096,-3.9511024
23,23088,TORREPEROGIL,38.0354317,-3.2883496
23,23090,TORRES,37.7846518,-3.5081897
23,23091,TORRES DE ALBÁNCHEZ,38.4153683,-2.67673
23,23092,ÚBEDA,38.0111398,-3.3719098
23,23093,VALDEPEÑAS DE JAÉN,37.5899962,-3.8153262
23,23094,VILCHES,38.2107652,-3.5130577
23,23095,VILLACARRILLO,38.11602,-3.083922
23,23096,VILLANUEVA DE LA REINA,38.0051678,-3.9146981
23,23097,VILLANUEVA DEL ARZOBISPO,38.1685887,-3.0078293
23,23098,VILLARDOMPARDO,37.8381084,-4.0017495
23,23099,VILLARES (LOS),37.6877128,-3.818205
23,23101,VILLARRODRIGO,38.4872582,-2.6363672
23,23901,CÁRCHELES,37.6447567,-3.6385245
23,23902,BEDMAR Y GARCÍEZ,37.8324158,-3.4235304
23,23903,VILLATORRES,37.9331302,-3.7041238
23,23904,SANTIAGO-PONTONES,38.0987617,-2.6568836
23,23905,ARROYO DEL OJANCO,38.3217918,-2.8934526
24,24001,ACEBEDO,43.0391854,-5.1159697
24,24002,ALGADEFE,42.2196382,-5.5851273
24,24003,ALIJA DEL INFANTADO,42.1417568,-5.8367367
24,24004,ALMANZA,42.6581453,-5.0361457
24,24005,ANTIGUA (LA),42.1785923,-5.6899586
24,24006,ARDÓN,42.4364485,-5.5605337
24,24007,ARGANZA,42.6411087,-6.6854111
24,24008,ASTORGA,42.455401,-6.052924
24,24009,BALBOA,42.7062532,-6.9228651
24,24010,BAÑEZA (LA),42.2998096,-5.8970081
24,24011,BARJAS,42.6112016,-6.9792579
24,24012,BARRIOS DE LUNA (LOS),42.8836096,-5.8783676
24,24014,BEMBIBRE,42.615398,-6.416971
24,24015,BENAVIDES,42.5030114,-5.8966106
24,24016,BENUZA,42.4005361,-6.7086507
24,24017,BERCIANOS DEL PÁRAMO,42.3809862,-5.7038921
24,24018,BERCIANOS DEL REAL CAMINO,42.3876814,-5.1451977
24,24019,BERLANGA DEL BIERZO,42.7307946,-6.6030486
24,24020,BOCA DE HUÉRGANO,42.9730324,-4.9253901
24,24021,BOÑAR,42.866767,-5.3233221
24,24022,BORRENES,42.4918575,-6.7266298
24,24023,BRAZUELO,42.4972719,-6.1572036
24,24024,BURGO RANERO (EL),42.4015006,-5.1757403
24,24025,BURÓN,43.0244821,-5.0514632
24,24026,BUSTILLO DEL PÁRAMO,42.4413416,-5.7915737
24,24027,CABAÑAS RARAS,42.6201168,-6.636473
24,24028,CABREROS DEL RÍO,42.4020776,-5.5420111
24,24029,CABRILLANES,42.95367,-6.147952
24,24030,CACABELOS,42.599016,-6.7255949
24,24031,CALZADA DEL COTO,42.3885967,-5.0801303
24,24032,CAMPAZAS,42.1423995,-5.4934322
24,24033,CAMPO DE VILLAVIDEL,42.4390904,-5.5277177
24,24034,CAMPONARAYA,42.5775672,-6.6675865
24,24036,CANDÍN,42.8166961,-6.7283943
24,24037,CÁRMENES,42.9590814,-5.5717451
24,24038,CARRACEDELO,42.5572411,-6.7289709
24,24039,CARRIZO,42.5825403,-5.828846
24,24040,CARROCERA,42.7966168,-5.7435693
24,24041,CARUCEDO,42.4903276,-6.7613409
24,24042,CASTILFALÉ,42.2204088,-5.4220406
24,24044,CASTRILLO DE LA VALDUERNA,42.3237923,-6.1338534
24,24046,CASTROCALBÓN,42.1953893,-5.9799674
24,24047,CASTROCONTRIGO,42.183727,-6.1916204
24,24049,CASTROPODAME,42.5809609,-6.4677875
24,24050,CASTROTIERRA DE VALMADRIGAL,42.3463346,-5.2481945
24,24051,CEA,42.4619773,-5.0127682
24,24052,CEBANICO,42.7249878,-5.0258867
24,24053,CEBRONES DEL RÍO,42.2570401,-5.8258845
24,24054,CIMANES DE LA VEGA,42.118029,-5.5984783
24,24055,CIMANES DEL TEJAR,42.6177068,-5.8059392
24,24056,CISTIERNA,42.8031437,-5.1255957
24,24057,CONGOSTO,42.6175246,-6.5201227
24,24058,CORBILLOS DE LOS OTEROS,42.4077051,-5.4595325
24,24059,CORULLÓN,42.5807721,-6.8185695
24,24060,CRÉMENES,42.9033585,-5.1431358
24,24061,CUADROS,42.7111486,-5.639153
24,24062,CUBILLAS DE LOS OTEROS,42.3719398,-5.5076444
24,24063,CUBILLAS DE RUEDA,42.6558903,-5.1756683
24,24064,CUBILLOS DEL SIL,42.6240882,-6.5629162
24,24065,CHOZAS DE ABAJO,42.5069416,-5.6868872
24,24066,DESTRIANA,42.3269886,-6.093986
24,24067,ENCINEDO,42.2634788,-6.6563752
24,24068,ERCINA (LA),42.8126528,-5.2180226
24,24070,FABERO,42.7680405,-6.6249887
24,24071,FOLGOSO DE LA RIBERA,42.6437299,-6.3195105
24,24073,FRESNO DE LA VEGA,42.3458944,-5.5361462
24,24074,FUENTES DE CARBAJAL,42.1778728,-5.446686
24,24076,GARRAFE DE TORÍO,42.730915,-5.5233043
24,24077,GORDALIZA DEL PINO,42.3435046,-5.1575995
24,24078,GORDONCILLO,42.1344839,-5.4019571
24,24079,GRADEFES,42.6241048,-5.22695
24,24080,GRAJAL DE CAMPOS,42.3209003,-5.0195201
24,24081,GUSENDOS DE LOS OTEROS,42.3775439,-5.4304009
24,24082,HOSPITAL DE ÓRBIGO,42.4636603,-5.8821214
24,24083,IGÜEÑA,42.7283798,-6.2769782
24,24084,IZAGRE,42.2236811,-5.257628
24,24086,JOARILLA DE LAS MATAS,42.2872779,-5.178728
24,24087,LAGUNA DALGA,42.3315999,-5.7506061
24,24088,LAGUNA DE NEGRILLOS,42.2397289,-5.6611973
24,24089,LEÓN,42.5989995,-5.5682413
24,24090,LUCILLO,42.4094446,-6.3027415
24,24091,LUYEGO,42.3430708,-6.2353512
24,24092,LLAMAS DE LA RIBERA,42.6358722,-5.8240344
24,24093,MAGAZ DE CEPEDA,42.5398947,-6.0740882
24,24094,MANSILLA DE LAS MULAS,42.4991013,-5.4169163
24,24095,MANSILLA MAYOR,42.5093156,-5.4436183
24,24096,MARAÑA,43.0501024,-5.1778018
24,24097,MATADEÓN DE LOS OTEROS,42.3376679,-5.3701088
24,24098,MATALLANA DE TORÍO,42.8509237,-5.5200489
24,24099,MATANZA,42.2394861,-5.3764012
24,24100,MOLINASECA,42.5378376,-6.5204633
24,24101,MURIAS DE PAREDES,42.8502169,-6.1912448
24,24102,NOCEDA DEL BIERZO,42.7125142,-6.3984836
24,24103,OENCIA,42.5476235,-6.9702932
24,24104,OMAÑAS (LAS),42.6820104,-5.8689876
24,24105,ONZONILLA,42.5247476,-5.5819058
24,24106,OSEJA DE SAJAMBRE,43.1369687,-5.0388745
24,24107,PAJARES DE LOS OTEROS,42.3300118,-5.4733195
24,24108,PALACIOS DE LA VALDUERNA,42.3279483,-5.9389711
24,24109,PALACIOS DEL SIL,42.8760994,-6.4315336
24,24110,PÁRAMO DEL SIL,42.8210447,-6.4883427
24,24112,PERANZANES,42.8769244,-6.6328486
24,24113,POBLADURA DE PELAYO GARCÍA,42.306,-5.6851992
24,24114,POLA DE GORDÓN (LA),42.8549828,-5.6711735
24,24115,PONFERRADA,42.5454124,-6.5938719
24,24116,POSADA DE VALDEÓN,43.1514682,-4.9189559
24,24117,POZUELO DEL PÁRAMO,42.1711922,-5.7691015
24,24118,PRADO DE LA GUZPEÑA,42.7829122,-5.0253448
24,24119,PRIARANZA DEL BIERZO,42.5102886,-6.6723942
24,24120,PRIORO,42.8944837,-4.9624749
24,24121,PUEBLA DE LILLO,43.0082517,-5.2742117
24,24122,PUENTE DE DOMINGO FLÓREZ,42.4111894,-6.8199576
24,24123,QUINTANA DEL CASTILLO,42.6609431,-6.0467428
24,24124,QUINTANA DEL MARCO,42.2066005,-5.8528918
24,24125,QUINTANA Y CONGOSTO,42.2554282,-6.0362252
24,24127,REGUERAS DE ARRIBA,42.2928319,-5.859695
24,24129,REYERO,42.9484824,-5.1978848
24,24130,RIAÑO,42.9756044,-5.0056656
24,24131,RIEGO DE LA VEGA,42.388342,-5.9826151
24,24132,RIELLO,42.7734736,-5.9449781
24,24133,RIOSECO DE TAPIA,42.7294093,-5.7913406
24,24134,ROBLA (LA),42.8025011,-5.6293673
24,24136,ROPERUELOS DEL PÁRAMO,42.2374116,-5.7815848
24,24137,SABERO,42.8355154,-5.1482534
24,24139,SAHAGÚN,42.3719042,-5.0313138
24,24141,SAN ADRIÁN DEL VALLE,42.130601,-5.7286192
24,24142,SAN ANDRÉS DEL RABANEDO,42.6112327,-5.6168662
24,24143,SANCEDO,42.6673217,-6.6340611
24,24144,SAN CRISTÓBAL DE LA POLANTERA,42.3906726,-5.9076237
24,24145,SAN EMILIANO,42.9713176,-6.0005184
24,24146,SAN ESTEBAN DE NOGALES,42.1586092,-5.9302563
24,24148,SAN JUSTO DE LA VEGA,42.4544676,-6.0145618
24,24149,SAN MILLÁN DE LOS CABALLEROS,42.2853306,-5.5616006
24,24150,SAN PEDRO BERCIANOS,42.391776,-5.7091195
24,24151,SANTA COLOMBA DE CURUEÑO,42.751273,-5.4127086
24,24152,SANTA COLOMBA DE SOMOZA,42.444358,-6.2419948
24,24153,SANTA CRISTINA DE VALMADRIGAL,42.3545205,-5.309315
24,24154,SANTA ELENA DE JAMUZ,42.2601508,-5.8883717
24,24155,SANTA MARÍA DE LA ISLA,42.357705,-5.9286139
24,24156,SANTA MARÍA DEL MONTE DE CEA,42.4915159,-5.1168441
24,24157,SANTA MARÍA DEL PÁRAMO,42.3535304,-5.7490409
24,24158,SANTA MARÍA DE ORDÁS,42.7269256,-5.822626
24,24159,SANTA MARINA DEL REY,42.513174,-5.8591186
24,24160,SANTAS MARTAS,42.4317267,-5.3713608
24,24161,SANTIAGO MILLAS,42.3834972,-6.1053483
24,24162,SANTOVENIA DE LA VALDONCINA,42.5432895,-5.6238125
24,24163,SARIEGOS,42.6471764,-5.6299522
24,24164,SENA DE LUNA,42.9290995,-5.9524814
24,24165,SOBRADO,42.5200635,-6.8530664
24,24166,SOTO DE LA VEGA,42.331609,-5.8816802
24,24167,SOTO Y AMÍO,42.7792845,-5.8858371
24,24168,TORAL DE LOS GUZMANES,42.2428548,-5.5671476
24,24169,TORENO,42.6965966,-6.5127579
24,24170,TORRE DEL BIERZO,42.5957352,-6.3240362
24,24171,TRABADELO,42.649586,-6.8816504
24,24172,TRUCHAS,42.2856851,-6.3775157
24,24173,TURCIA,42.5349945,-5.8766391
24,24174,URDIALES DEL PÁRAMO,42.3709574,-5.7741525
24,24175,VALDEFRESNO,42.5940041,-5.4926699
24,24176,VALDEFUENTES DEL PÁRAMO,42.3244971,-5.8289259
24,24177,VALDELUGUEROS,42.9779071,-5.4172489
24,24178,VALDEMORA,42.1955809,-5.4275174
24,24179,VALDEPIÉLAGO,42.8707271,-5.4002622
24,24180,VALDEPOLO,42.5416752,-5.2476112
24,24181,VALDERAS,42.0787776,-5.444744
24,24182,VALDERREY,42.3943465,-6.0200038
24,24183,VALDERRUEDA,42.8244936,-4.9807602
24,24184,VALDESAMARIO,42.721377,-5.9518021
24,24185,VAL DE SAN LORENZO,42.4166478,-6.1207377
24,24187,VALDEVIMBRE,42.4195695,-5.6202669
24,24188,VALENCIA DE DON JUAN,42.2936047,-5.5188832
24,24189,VALVERDE DE LA VIRGEN,42.5684883,-5.6833212
24,24190,VALVERDE-ENRIQUE,42.3039103,-5.3004313
24,24191,VALLECILLO,42.3560442,-5.2116954
24,24193,VECILLA (LA),42.8486707,-5.4059249
24,24194,VEGACERVERA,42.8860413,-5.5344461
24,24196,VEGA DE ESPINAREDA,42.7265754,-6.6544374
24,24197,VEGA DE INFANZONES,42.4812545,-5.533027
24,24198,VEGA DE VALCARCE,42.6644368,-6.9454103
24,24199,VEGAQUEMADA,42.8187806,-5.3322752
24,24201,VEGAS DEL CONDADO,42.6837669,-5.3652609
24,24202,VILLABLINO,42.9388713,-6.3183421
24,24203,VILLABRAZ,42.2460378,-5.4467541
24,24205,VILLADANGOS DEL PÁRAMO,42.5172921,-5.7668042
24,24206,TORAL DE LOS VADOS,42.5424207,-6.7758086
24,24207,VILLADEMOR DE LA VEGA,42.2697632,-5.5687703
24,24209,VILLAFRANCA DEL BIERZO,42.605583,-6.8111675
24,24210,VILLAGATÓN,42.6423627,-6.1627847
24,24211,VILLAMANDOS,42.1797917,-5.5927195
24,24212,VILLAMAÑÁN,42.3221133,-5.5833776
24,24213,VILLAMARTÍN DE DON SANCHO,42.5685922,-5.0597077
24,24214,VILLAMEJIL,42.5624519,-6.0246299
24,24215,VILLAMOL,42.4275108,-5.048693
24,24216,VILLAMONTÁN DE LA VALDUERNA,42.3094531,-5.996308
24,24217,VILLAMORATIEL DE LAS MATAS,42.3969238,-5.3011836
24,24218,VILLANUEVA DE LAS MANZANAS,42.4727603,-5.4809076
24,24219,VILLAOBISPO DE OTERO,42.5005498,-6.0580907
24,24221,VILLAQUEJIDA,42.1446605,-5.5982594
24,24222,VILLAQUILAMBRE,42.6469775,-5.5596277
24,24223,VILLAREJO DE ÓRBIGO,42.445501,-5.9040383
24,24224,VILLARES DE ÓRBIGO,42.4712672,-5.9089969
24,24225,VILLASABARIEGO,42.532073,-5.4128322
24,24226,VILLASELÁN,42.5610408,-5.0475167
24,24227,VILLATURIEL,42.5185496,-5.4871978
24,24228,VILLAZALA,42.3614809,-5.8543941
24,24229,VILLAZANZO DE VALDERADUEY,42.5356705,-4.9644971
24,24230,ZOTES DEL PÁRAMO,42.2719681,-5.7364405
24,24901,VILLAMANÍN,42.9832524,-5.6950756
24,24902,VILLAORNATE Y CASTRO,42.1880265,-5.5308832
25,25001,ABELLA DE LA CONCA,42.1614592,1.0923357
25,25002,ÀGER,42.0000405,0.7632134
25,25003,AGRAMUNT,41.787076,1.0985119
25,25004,ALAMÚS (ELS),41.6156316,0.7389985
25,25005,ALÀS I CERC,42.3219118,1.5170869
25,25006,ALBAGÉS (L'),41.448483,0.7389506
25,25007,ALBATÀRREC,41.5733194,0.6059163
25,25008,ALBESA,41.7513409,0.6591801
25,25009,ALBI (L'),41.4234389,0.9384768
25,25010,ALCANÓ,41.4811336,0.6167568
25,25011,ALCARRÀS,41.5632578,0.5240396
25,25012,ALCOLETGE,41.6472222,0.6944444
25,25013,ALFARRÀS,41.8319289,0.5703358
25,25014,ALFÉS,41.5214162,0.6200114
25,25015,ALGERRI,41.81505,0.6384169
25,25016,ALGUAIRE,41.7361463,0.585933
25,25017,ALINS,42.549124,1.3180552
25,25019,ALMACELLES,41.7294989,0.4404763
25,25020,ALMATRET,41.3053912,0.423659
25,25021,ALMENAR,41.7961026,0.5688317
25,25022,ALÒS DE BALAGUER,41.9124041,0.9607021
25,25023,ALPICAT,41.6651189,0.5560656
25,25024,ALT ÀNEU,42.6903552,1.0624833
25,25025,NAUT ARAN,42.7016601,0.9131665
25,25027,ANGLESOLA,41.6581289,1.0834165
25,25029,ARBECA,41.5413249,0.9242319
25,25030,PONT DE BAR (EL),42.3721732,1.6047661
25,25031,ARRES,42.7583345,0.7090562
25,25032,ARSÈGUEL,42.3507602,1.5830268
25,25033,ARTESA DE LLEIDA,41.552805,0.7034622
25,25034,ARTESA DE SEGRE,41.8962914,1.0471121
25,25035,SENTIU DE SIÓ (LA),41.8049307,0.8797113
25,25036,ASPA,41.4954431,0.6725123
25,25037,AVELLANES I SANTA LINYA (LES),41.9286777,0.8003304
25,25038,AITONA,41.4939531,0.4591083
25,25039,BAIX PALLARS,42.3386268,1.0139824
25,25040,BALAGUER,41.7896408,0.8050711
25,25041,BARBENS,41.6777676,1.0164683
25,25043,VALL DE BOÍ (LA),42.5428062,0.8675631
25,25044,BASSELLA,42.0062092,1.2960417
25,25045,BAUSEN,42.8347635,0.7158147
25,25046,BELIANES,41.5608943,1.0165748
25,25047,BELLCAIRE D'URGELL,41.7589072,0.904537
25,25048,BELL-LLOC D'URGELL,41.6306236,0.7785425
25,25049,BELLMUNT D'URGELL,41.7741855,0.9519865
25,25050,BELLPUIG,41.6254383,1.0117111
25,25051,BELLVER DE CERDANYA,42.3702061,1.7745202
25,25052,BELLVÍS,41.6721394,0.8176989
25,25053,BENAVENT DE SEGRIÀ,41.6957038,0.6327181
25,25055,BIOSCA,41.8419229,1.3579097
25,25056,BOVERA,41.3269404,0.6386632
25,25057,BÒRDES (ES),42.7375291,0.7200281
25,25058,BORGES BLANQUES (LES),41.5214573,0.8781148
25,25059,BOSSÒST,42.7859893,0.69312
25,25061,CABÓ,42.2391689,1.2469615
25,25062,CAMARASA,41.8756649,0.8778945
25,25063,CANEJAN,42.8382496,0.7399836
25,25064,CASTELLAR DE LA RIBERA,42.022662,1.4161208
25,25067,CASTELLDANS,41.4980663,0.7663389
25,25068,CASTELLNOU DE SEANA,41.6468732,0.9700315
25,25069,CASTELLÓ DE FARFANYA,41.8195348,0.7284574
25,25070,CASTELLSERÀ,41.7461952,0.9885816
25,25071,CAVA,42.3165818,1.6111497
25,25072,CERVERA,41.6730667,1.2729426
25,25073,CERVIÀ DE LES GARRIGUES,41.425096,0.8603483
25,25074,CIUTADILLA,41.5613952,1.1393955
25,25076,COGUL (EL),41.4670206,0.6894153
25,25077,COLL DE NARGÓ,42.1739087,1.3161338
25,25078,CORBINS,41.6905677,0.6930804
25,25079,CUBELLS,41.8526897,0.9587685
25,25081,ESPLUGA CALBA (L'),41.4958498,1.0039347
25,25082,ESPOT,42.5762878,1.0884847
25,25085,ESTARÀS,41.6918538,1.3782786
25,25086,ESTERRI D'ÀNEU,42.6274685,1.1228821
25,25087,ESTERRI DE CARDÓS,42.5924733,1.2620454
25,25088,ESTAMARIU,42.3750366,1.5237335
25,25089,FARRERA,42.4969344,1.27255
25,25092,FLORESTA (LA),41.5103082,0.9195489
25,25093,FONDARELLA,41.6342812,0.8739685
25,25094,FORADADA,41.876869,1.0131802
25,25096,FULIOLA (LA),41.7143699,1.0187145
25,25097,FULLEDA,41.4634427,1.024406
25,25098,GAVET DE LA CONCA,42.123377,0.9202116
25,25099,GOLMÉS,41.6331288,0.9321508
25,25100,GÓSOL,42.2365129,1.6605511
25,25101,GRANADELLA (LA),41.3555437,0.6648954
25,25102,GRANJA D'ESCARP (LA),41.4191264,0.3523723
25,25103,GRANYANELLA,41.6485431,1.2236395
25,25104,GRANYENA DE SEGARRA,41.6238745,1.2461381
25,25105,GRANYENA DE LES GARRIGUES,41.4329666,0.6491956
25,25109,GUIMERÀ,41.5646664,1.1834968
25,25110,GUISSONA,41.785242,1.289032
25,25111,GUIXERS,42.1435607,1.6678083
25,25112,IVARS DE NOGUERA,41.8499999,0.5860625
25,25113,IVARS D'URGELL,41.6809224,0.986114
25,25114,IVORRA,41.7720734,1.3949562
25,25115,ISONA I CONCA DELLÀ,42.1290793,1.0046633
25,25118,JUNCOSA,41.3715158,0.7753498
25,25119,JUNEDA,41.5485218,0.8245593
25,25120,LLEIDA,41.6147605,0.6267842
25,25121,LES,42.8126854,0.7118311
25,25122,LINYOLA,41.7104501,0.9037626
25,25123,LLADORRE,42.6209464,1.2494301
25,25124,LLADURS,42.044734,1.508155
25,25125,LLARDECANS,41.3745721,0.5500271
25,25126,LLAVORSÍ,42.4957479,1.210519
25,25127,LLES DE CERDANYA,42.3903804,1.6875851
25,25128,LLIMIANA,42.0750605,0.91585
25,25130,MALDÀ,41.5505618,1.0396632
25,25131,MASSALCOREIG,41.4591786,0.3596468
25,25132,MASSOTERES,41.7970722,1.3103274
25,25133,MAIALS,41.3640737,0.5053309
25,25134,MENÀRGUENS,41.7300771,0.7438658
25,25135,MIRALCAMP,41.6049685,0.8801705
25,25137,MOLLERUSSA,41.6298226,0.8937727
25,25138,MONTGAI,41.7999989,0.961434
25,25139,MONTELLÀ I MARTINET,42.3229253,1.6931213
25,25140,MONTFERRER I CASTELLBÒ,42.3957216,1.3376396
25,25141,MONTOLIU DE SEGARRA,41.5900878,1.2698212
25,25142,MONTOLIU DE LLEIDA,41.5601373,0.5889379
25,25143,MONTORNÈS DE SEGARRA,41.6009305,1.230309
25,25145,NALEC,41.5601757,1.1151553
25,25146,NAVÈS,41.9911068,1.639612
25,25148,ODÈN,42.1288886,1.4503494
25,25149,OLIANA,42.0671629,1.3149416
25,25152,OLUGES (LES),41.6967254,1.3200824
25,25153,OMELLONS (ELS),41.502237,0.9618227
25,25154,OMELLS DE NA GAIA (ELS),41.5003209,1.0749613
25,25155,ORGANYÀ,42.2107781,1.327822
25,25156,OS DE BALAGUER,41.8713099,0.7193399
25,25157,OSSÓ DE SIÓ,41.7548359,1.1592516
25,25158,PALAU D'ANGLESOLA (EL),41.6576741,0.8750681
25,25161,CONCA DE DALT,42.2310615,1.0565329
25,25163,COMA I LA PEDRA (LA),42.1758114,1.5914256
25,25164,PENELLES,41.7585402,0.9652356
25,25165,PERAMOLA,42.0577991,1.2678488
25,25167,PINÓS,41.8274504,1.5426078
25,25168,POAL (EL),41.6786341,0.8557482
25,25169,POBLA DE CÉRVOLES (LA),41.3594532,0.9199503
25,25170,BELLAGUARDA,41.3372673,0.7361281
25,25171,POBLA DE SEGUR (LA),42.2401756,0.9660326
25,25172,PONTS,41.9154944,1.1863072
25,25173,PONT DE SUERT (EL),42.4079576,0.7401693
25,25174,PORTELLA (LA),41.7396381,0.6397836
25,25175,PRATS I SANSOR,42.3654525,1.8372016
25,25176,PREIXANA,41.6069897,1.0386967
25,25177,PREIXENS,41.7948485,1.0509201
25,25179,PRULLANS,42.3803293,1.7364774
25,25180,PUIGGRÒS,41.5510407,0.8890694
25,25181,PUIGVERD D'AGRAMUNT,41.7780434,1.1215633
25,25182,PUIGVERD DE LLEIDA,41.5436104,0.7334031
25,25183,RIALP,42.4430046,1.1354914
25,25185,RIBERA D'URGELLET,42.2861046,1.4187688
25,25189,ROSSELLÓ,41.694083,0.5962386
25,25190,SALÀS DE PALLARS,42.2120193,0.932087
25,25191,SANAÜJA,41.876169,1.3106363
25,25192,SANT GUIM DE FREIXENET,41.6575687,1.4208056
25,25193,SANT LLORENÇ DE MORUNYS,42.1360783,1.5885869
25,25194,SANT RAMON,41.7253374,1.363189
25,25196,SANT ESTEVE DE LA SARGA,42.0798949,0.7640458
25,25197,SANT GUIM DE LA PLANA,41.7624821,1.3236047
25,25200,SARROCA DE LLEIDA,41.4594249,0.5610144
25,25201,SARROCA DE BELLERA,42.3595877,0.8812388
25,25202,SENTERADA,42.3249257,0.9366155
25,25203,SEU D'URGELL (LA),41.6960344,1.1737144
25,25204,SERÒS,41.4636665,0.4118677
25,25205,SIDAMON,41.6289346,0.8318491
25,25206,SOLERÀS (EL),41.4134942,0.6819598
25,25207,SOLSONA,41.9945762,1.5184038
25,25208,SORIGUERA,42.3848228,1.1834819
25,25209,SORT,42.4114509,1.1298362
25,25210,SOSES,41.5331552,0.4874802
25,25211,SUDANELL,41.556894,0.5669118
25,25212,SUNYER,41.5230023,0.5924514
25,25215,TALARN,42.1860349,0.8995312
25,25216,TALAVERA,41.5817985,1.33826
25,25217,TÀRREGA,41.6472761,1.1409115
25,25218,TARRÉS,41.422847,1.0195198
25,25219,TARROJA DE SEGARRA,41.7308605,1.2742092
25,25220,TÉRMENS,41.7184579,0.7631282
25,25221,TÍRVIA,42.514956,1.243896
25,25223,TORÀ,41.8120807,1.4037146
25,25224,TORMS (ELS),41.3945871,0.7200786
25,25225,TORNABOUS,41.7018162,1.0524009
25,25226,TORREBESSES,41.4265429,0.5947229
25,25227,TORRE DE CABDELLA (LA),42.4130548,0.9786399
25,25228,TORREFARRERA,41.6735377,0.6066894
25,25230,TORREGROSSA,41.5805089,0.8317131
25,25231,TORRELAMEU,41.7043481,0.7028965
25,25232,TORRES DE SEGRE,41.5352381,0.5135629
25,25233,TORRE-SERONA,41.672172,0.6303608
25,25234,TREMP,42.1669782,0.8950137
25,25238,VALLBONA DE LES MONGES,41.5249704,1.0890539
25,25239,VALLS DE VALIRA (LES),42.3775374,1.4553493
25,25240,VALLFOGONA DE BALAGUER,41.7518459,0.8165116
25,25242,VERDÚ,41.6102775,1.143512
25,25243,VIELHA E MIJARAN,42.7017572,0.7954744
25,25244,VILAGRASSA,41.648938,1.1054885
25,25245,VILALLER,42.4759263,0.7165615
25,25247,VILAMÒS,42.7471748,0.7277956
25,25248,VILANOVA DE BELLPUIG,41.6140501,0.9623795
25,25250,VILANOVA DE MEIÀ,41.9953518,1.0228846
25,25251,VILANOVA DE SEGRIÀ,41.7121134,0.6169172
25,25252,VILA-SANA,41.6628331,0.9289367
25,25253,VILOSELL (EL),41.3828759,0.9467814
25,25254,VILANOVA DE LA BARCA,41.6895577,0.7288787
25,25255,VINAIXA,41.4281821,0.9745809
25,25901,VALL DE CARDÓS,42.5936277,1.2026698
25,25902,SANT MARTÍ DE RIUCORB,41.5550892,1.0798514
25,25903,GUINGUETA D'ÀNEU (LA),42.5899473,1.1349055
25,25904,CASTELL DE MUR,42.1209291,0.796629
25,25905,RIBERA D'ONDARA,41.634037,1.3288471
25,25906,VALLS D'AGUILAR (LES),42.2939786,1.3418562
25,25907,TORREFETA I FLOREJACS,41.7787656,1.2473908
25,25908,FÍGOLS I ALINYÀ,42.2068675,1.3889096
25,25909,VANSA I FÓRNOLS (LA),42.2371211,1.4477154
25,25910,JOSA I TUIXÉN,42.2449099,1.5879768
25,25911,PLANS DE SIÓ (ELS),41.7613772,1.1970131
25,25912,GIMENELLS I EL PLA DE LA FONT,41.6714077,0.3842872
25,25913,RIU DE CERDANYA,42.3451931,1.8261265
26,26001,ÁBALOS,42.5727159,-2.7100606
26,26002,AGONCILLO,42.4451704,-2.2913654
26,26003,AGUILAR DEL RÍO ALHAMA,41.9624974,-1.993993
26,26005,ALBELDA DE IREGUA,42.3560509,-2.4736796
26,26006,ALBERITE,42.4060734,-2.4392907
26,26007,ALCANADRE,42.405104,-2.1198668
26,26008,ALDEANUEVA DE EBRO,42.2293469,-1.8880858
26,26009,ALESANCO,42.414271,-2.8171672
26,26011,ALFARO,42.1785741,-1.7492454
26,26013,ANGUCIANA,42.5752687,-2.9027969
26,26014,ANGUIANO,42.2612479,-2.7648813
26,26015,ARENZANA DE ABAJO,42.3865969,-2.7188924
26,26018,ARNEDO,42.2273401,-2.0995697
26,26019,ARRÚBAL,42.4354749,-2.2521162
26,26020,AUSEJO,42.3447755,-2.1690484
26,26021,AUTOL,42.2130714,-2.0057815
26,26022,AZOFRA,42.4234645,-2.8014132
26,26023,BADARÁN,42.3677057,-2.8083919
26,26024,BAÑARES,42.470048,-2.9100066
26,26025,BAÑOS DE RIOJA,42.5118917,-2.9459867
26,26026,BAÑOS DE RÍO TOBÍA,42.3348282,-2.7612306
26,26031,BOBADILLA,42.3175989,-2.7600208
26,26033,BRIÑAS,42.6012036,-2.8307543
26,26034,BRIONES,42.5420879,-2.7878054
26,26036,CALAHORRA,42.3035212,-1.9648758
26,26037,CAMPROVÍN,42.3537041,-2.7228556
26,26038,CANALES DE LA SIERRA,42.1426201,-3.0251241
26,26040,CAÑAS,42.3916416,-2.8462019
26,26041,CÁRDENAS,42.3743627,-2.767099
26,26042,CASALARREINA,42.5479528,-2.9110775
26,26043,CASTAÑARES DE RIOJA,42.5119534,-2.9317081
26,26046,CENICERO,42.4813371,-2.6420483
26,26047,CERVERA DEL RÍO ALHAMA,42.0058319,-1.9554794
26,26049,CIHURI,42.5655085,-2.9218252
26,26050,CIRUEÑA,42.4117511,-2.8955322
26,26051,CLAVIJO,42.3494671,-2.4262521
26,26053,CORERA,42.3432001,-2.2193738
26,26054,CORNAGO,42.0657909,-2.093952
26,26056,CUZCURRITA DE RÍO TIRÓN,42.540534,-2.9636152
26,26059,ENTRENA,42.387465,-2.5299193
26,26061,EZCARAY,42.3257844,-3.0146438
26,26062,FONCEA,42.6149845,-3.0390692
26,26063,FONZALECHE,42.5815093,-3.011968
26,26064,FUENMAYOR,42.4670856,-2.5614574
26,26066,GALILEA,42.3475858,-2.2370324
26,26068,GIMILEO,42.5494612,-2.8229957
26,26069,GRAÑÓN,42.4501692,-3.0272894
26,26070,GRÁVALOS,42.1083069,-2.0001963
26,26071,HARO,42.5768922,-2.8466768
26,26074,HERVÍAS,42.4479948,-2.8877928
26,26075,HORMILLA,42.4378628,-2.7747342
26,26076,HORMILLEJA,42.455544,-2.7309573
26,26078,HORNOS DE MONCALVILLO,42.3919433,-2.5851743
26,26079,HUÉRCANOS,42.4287945,-2.6944867
26,26080,IGEA,42.0686394,-2.0092614
26,26083,LAGUNILLA DEL JUBERA,42.333727,-2.3223243
26,26084,LARDERO,42.4272883,-2.4624393
26,26089,LOGROÑO,42.4661196,-2.4396676
26,26092,MANJARRÉS,42.3918759,-2.6758322
26,26093,MANSILLA DE LA SIERRA,42.1532975,-2.9446257
26,26094,MANZANARES DE RIOJA,42.3951436,-2.895125
26,26096,MEDRANO,42.3827151,-2.5539835
26,26098,MUNILLA,42.188585,-2.2954756
26,26099,MURILLO DE RÍO LEZA,42.4028997,-2.3246959
26,26102,NÁJERA,42.416745,-2.7336874
26,26103,NALDA,42.3351254,-2.4882778
26,26105,NAVARRETE,42.4289697,-2.5616234
26,26107,NIEVA DE CAMEROS,42.2187843,-2.6675237
26,26111,OLLAURI,42.5423293,-2.8327232
26,26112,ORTIGOSA DE CAMEROS,42.1753684,-2.7047836
26,26117,PRADEJÓN,42.3343295,-2.0688783
26,26119,PRÉJANO,42.1866215,-2.1796033
26,26120,QUEL,42.228438,-2.0483069
26,26122,RASILLO DE CAMEROS (EL),42.1960071,-2.6878233
26,26124,RIBAFRECHA,42.3552837,-2.3876788
26,26127,RODEZNO,42.525862,-2.8447876
26,26128,SAJAZARRA,42.5885996,-2.9602984
26,26129,SAN ASENSIO,42.4980158,-2.7498569
26,26131,SAN MILLÁN DE YÉCORA,42.5469329,-3.096822
26,26134,SANTA COLOMA,42.3681935,-2.6563567
26,26138,SANTO DOMINGO DE LA CALZADA,42.4406711,-2.9536395
26,26142,SAN VICENTE DE LA SONSIERRA,42.5624217,-2.7587262
26,26143,SOJUELA,42.3701573,-2.5450196
26,26144,SORZANO,42.3424217,-2.5283408
26,26145,SOTÉS,42.4002904,-2.6019433
26,26148,TIRGO,42.5463903,-2.9483216
26,26150,TORMANTOS,42.4935352,-3.0734709
26,26151,TORRECILLA EN CAMEROS,42.2560793,-2.6305716
26,26154,TORREMONTALBO,42.5011722,-2.6852289
26,26155,TREVIANA,42.5575274,-3.0510631
26,26157,TRICIO,42.4019281,-2.7183425
26,26158,TUDELILLA,42.2995149,-2.1164086
26,26160,URUÑUELA,42.4424543,-2.7080791
26,26162,VALGAÑÓN,42.3172671,-3.0673819
26,26163,VENTOSA,42.4042098,-2.6263385
26,26165,VIGUERA,42.3082258,-2.5337834
26,26167,VILLALOBAR DE RIOJA,42.4918138,-2.9621669
26,26168,VILLAMEDIANA DE IREGUA,42.4259906,-2.4187939
26,26170,VILLAR DE ARNEDO (EL),42.3239523,-2.0927308
26,26171,VILLAR DE TORRE,42.3713866,-2.8645607
26,26172,VILLAREJO,42.372862,-2.88774
26,26175,VILLAVELAYO,42.1317208,-2.9847602
26,26178,VINIEGRA DE ABAJO,42.152461,-2.8891866
26,26180,ZARRATÓN,42.5154514,-2.8817629
27,27001,ABADÍN,43.3637307,-7.4752562
27,27002,ALFOZ,43.5048922,-7.4274046
27,27003,ANTAS DE ULLA,42.7822537,-7.8896857
27,27004,BALEIRA,43.0540026,-7.2280739
27,27005,BARREIROS,43.514168,-7.2505546
27,27006,BECERREÁ,42.8544959,-7.1616043
27,27007,BEGONTE,43.150149,-7.6851632
27,27008,BÓVEDA,42.6240523,-7.4847221
27,27009,CARBALLEDO,42.530768,-7.8055203
27,27010,CASTRO DE REI,43.2096671,-7.4004155
27,27011,CASTROVERDE,43.0300837,-7.3268933
27,27012,CERVANTES,42.8270065,-6.9617665
27,27013,CERVO,43.6696977,-7.4095553
27,27014,CORGO (O),42.9428295,-7.4298314
27,27015,COSPEITO,43.2171022,-7.5628658
27,27016,CHANTADA,42.6096223,-7.7705862
27,27017,FOLGOSO DO COUREL,42.5882486,-7.1925449
27,27018,FONSAGRADA (A),43.1248311,-7.0676605
27,27019,FOZ,43.5688659,-7.2550407
27,27020,FRIOL,43.0303761,-7.7939267
27,27022,GUITIRIZ,43.1807643,-7.8942672
27,27023,GUNTÍN,42.900644,-7.6583307
27,27024,INCIO (O),42.6663998,-7.3632245
27,27026,LÁNCARA,42.8503989,-7.3855767
27,27027,LOURENZÁ,43.459566,-7.2850512
27,27028,LUGO,42.9913123,-7.5908294
27,27029,MEIRA,43.2135737,-7.2936633
27,27030,MONDOÑEDO,43.4296687,-7.3638814
27,27031,MONFORTE DE LEMOS,42.5236693,-7.5096951
27,27032,MONTERROSO,42.7918646,-7.8357837
27,27033,MURAS,43.4677732,-7.7297943
27,27034,NAVIA DE SUARNA,42.9642692,-6.9564727
27,27035,NEGUEIRA DE MUÑIZ,43.1316245,-6.8906978
27,27037,NOGAIS (AS),42.8089027,-7.1089861
27,27038,OUROL,43.5640334,-7.6425182
27,27039,OUTEIRO DE REI,43.1024649,-7.6136338
27,27040,PALAS DE REI,42.8739125,-7.8697964
27,27041,PANTÓN,42.5085938,-7.6423646
27,27042,PARADELA,42.764594,-7.567601
27,27043,PÁRAMO (O),42.8351238,-7.5113208
27,27044,PASTORIZA (A),43.2951145,-7.372277
27,27045,PEDRAFITA DO CEBREIRO,42.7266132,-7.0216754
27,27046,POL,43.1428414,-7.3218753
27,27047,POBRA DO BROLLÓN (A),42.5564957,-7.3921684
27,27048,PONTENOVA (A),43.3478304,-7.1922195
27,27049,PORTOMARÍN,42.808161,-7.6156139
27,27050,QUIROGA,42.4751472,-7.2697796
27,27051,RIBADEO,43.5361589,-7.0436775
27,27052,RIBAS DE SIL,42.4292881,-7.2643601
27,27053,RIBEIRA DE PIQUÍN,43.1984971,-7.2003195
27,27054,RIOTORTO,43.3248159,-7.2732093
27,27055,SAMOS,42.730661,-7.3265903
27,27056,RÁBADE,43.1222814,-7.6228675
27,27057,SARRIA,42.7784203,-7.4146607
27,27058,SAVIÑAO (O),42.6449477,-7.6394859
27,27059,SOBER,42.4618386,-7.5869336
27,27060,TABOADA,42.7156699,-7.7629848
27,27061,TRABADA,43.4471608,-7.1942852
27,27062,TRIACASTELA,42.7563403,-7.2397461
27,27063,VALADOURO (O),43.5345591,-7.484288
27,27066,VIVEIRO,43.6621866,-7.5955019
27,27901,BARALLA,42.8936084,-7.2500667
27,27902,BURELA,43.6606329,-7.3587521
28,28001,ACEBEDA (LA),40.3400841,-3.7177128
28,28002,AJALVIR,40.5342302,-3.4807818
28,28003,ALAMEDA DEL VALLE,40.9177178,-3.8438216
28,28004,ÁLAMO (EL),40.2307296,-3.9905893
28,28005,ALCALÁ DE HENARES,40.481954,-3.363981
28,28006,ALCOBENDAS,40.5400082,-3.6358494
28,28007,ALCORCÓN,40.3492998,-3.8284295
28,28008,ALDEA DEL FRESNO,40.3215212,-4.19936
28,28009,ALGETE,40.5961297,-3.4974479
28,28010,ALPEDRETE,40.6599005,-4.0251223
28,28011,AMBITE,40.3289723,-3.1812115
28,28012,ANCHUELO,40.4653862,-3.2689196
28,28013,ARANJUEZ,40.0322289,-3.6040097
28,28014,ARGANDA DEL REY,40.3007913,-3.4381627
28,28015,ARROYOMOLINOS,40.2729225,-3.9157978
28,28016,ATAZAR (EL),40.4673858,-3.6872764
28,28017,BATRES,40.2091393,-3.9215947
28,28018,BECERRIL DE LA SIERRA,40.7163522,-3.9890699
28,28019,BELMONTE DE TAJO,40.1336305,-3.3398654
28,28020,BERZOSA DEL LOZOYA,40.9757802,-3.5236736
28,28021,BERRUECO (EL),40.8869725,-3.5649319
28,28022,BOADILLA DEL MONTE,40.4053485,-3.8764663
28,28023,BOALO (EL),40.3656199,-3.6164054
28,28024,BRAOJOS,41.0400124,-3.6425888
28,28025,BREA DE TAJO,40.2298255,-3.1094519
28,28026,BRUNETE,40.4050499,-3.9979912
28,28027,BUITRAGO DEL LOZOYA,40.9953477,-3.6350501
28,28028,BUSTARVIEJO,40.8587766,-3.7097632
28,28029,CABANILLAS DE LA SIERRA,40.8216089,-3.6259742
28,28030,CABRERA (LA),40.4719168,-3.7175043
28,28031,CADALSO DE LOS VIDRIOS,40.3014283,-4.4408876
28,28032,CAMARMA DE ESTERUELAS,40.5497252,-3.3785043
28,28033,CAMPO REAL,40.3381881,-3.3813911
28,28034,CANENCIA,40.9095894,-3.7375609
28,28035,CARABAÑA,40.2566206,-3.2375165
28,28036,CASARRUBUELOS,40.1707803,-3.8308526
28,28037,CENICIENTOS,40.2631894,-4.4669801
28,28038,CERCEDILLA,40.7412931,-4.0558002
28,28039,CERVERA DE BUITRAGO,40.9211319,-3.5293404
28,28040,CIEMPOZUELOS,40.1580087,-3.6205514
28,28041,COBEÑA,40.5676083,-3.5048565
28,28042,COLMENAR DEL ARROYO,40.4179997,-4.1972768
28,28043,COLMENAR DE OREJA,40.1074198,-3.3871634
28,28044,COLMENAREJO,40.4966509,-3.6636826
28,28045,COLMENAR VIEJO,40.6588647,-3.7659022
28,28046,COLLADO MEDIANO,40.6943707,-4.0247212
28,28047,COLLADO VILLALBA,40.6432432,-3.992353
28,28048,CORPA,40.4235374,-3.2652482
28,28049,COSLADA,40.423802,-3.5552882
28,28050,CUBAS DE LA SAGRA,40.1908352,-3.8378366
28,28051,CHAPINERÍA,40.379164,-4.2097254
28,28052,CHINCHÓN,40.1408293,-3.4231474
28,28053,DAGANZO DE ARRIBA,40.5451953,-3.45785
28,28054,ESCORIAL (EL),40.5847092,-4.129445
28,28055,ESTREMERA,40.1847306,-3.1062403
28,28056,FRESNEDILLAS DE LA OLIVA,40.486444,-4.1723486
28,28057,FRESNO DE TOROTE,40.5922684,-3.4119681
28,28058,FUENLABRADA,40.282476,-3.7923422
28,28059,FUENTE EL SAZ DE JARAMA,40.6339859,-3.5134668
28,28060,FUENTIDUEÑA DE TAJO,40.1185446,-3.160254
28,28061,GALAPAGAR,40.5774992,-4.0037748
28,28062,GARGANTA DE LOS MONTES,40.9216084,-3.6866546
28,28063,GARGANTILLA DEL LOZOYA Y PINILLA DE BUITRAGO,40.965515,-3.7077908
28,28064,GASCONES,41.0185654,-3.641499
28,28065,GETAFE,40.3070639,-3.7331808
28,28066,GRIÑÓN,40.2136607,-3.8581479
28,28067,GUADALIX DE LA SIERRA,40.7822384,-3.7007794
28,28068,GUADARRAMA,40.6724354,-4.0890384
28,28069,HIRUELA (LA),40.4727771,-3.718673
28,28070,HORCAJO DE LA SIERRA-AOSLOS,41.078683,-3.5839015
28,28071,HORCAJUELO DE LA SIERRA,41.0601151,-3.5457391
28,28072,HOYO DE MANZANARES,40.6227334,-3.9072054
28,28073,HUMANES DE MADRID,40.2508847,-3.8270997
28,28074,LEGANÉS,40.3281942,-3.76527
28,28075,LOECHES,40.3834989,-3.4092989
28,28076,LOZOYA,40.9513281,-3.7917078
28,28078,MADARCOS,41.0477311,-3.5821549
28,28079,MADRID,40.4237276,-3.6899043
28,28080,MAJADAHONDA,40.4728425,-3.8723542
28,28082,MANZANARES EL REAL,40.7267591,-3.8649327
28,28083,MECO,40.553746,-3.3281561
28,28084,MEJORADA DEL CAMPO,40.3971902,-3.4896253
28,28085,MIRAFLORES DE LA SIERRA,40.8137532,-3.7667236
28,28086,MOLAR (EL),40.7352503,-3.5832789
28,28087,MOLINOS (LOS),40.7146904,-4.0733744
28,28088,MONTEJO DE LA SIERRA,41.0593529,-3.530299
28,28089,MORALEJA DE ENMEDIO,40.2615532,-3.8612117
28,28090,MORALZARZAL,40.6791517,-3.9721764
28,28091,MORATA DE TAJUÑA,40.2293683,-3.4366818
28,28092,MÓSTOLES,40.3238525,-3.8649214
28,28093,NAVACERRADA,40.7287926,-4.0151676
28,28094,NAVALAFUENTE,40.82328,-3.6747426
28,28095,NAVALAGAMELLA,40.4690591,-4.1227079
28,28096,NAVALCARNERO,40.2877169,-4.014299
28,28097,NAVARREDONDA Y SAN MAMÉS,41.0073665,-3.731505
28,28099,NAVAS DEL REY,40.3863666,-4.2508402
28,28100,NUEVO BAZTÁN,40.3657118,-3.2427572
28,28102,ORUSCO DE TAJUÑA,40.2844284,-3.2083355
28,28104,PARACUELLOS DE JARAMA,40.5048527,-3.5317621
28,28106,PARLA,40.2373952,-3.7718902
28,28107,PATONES,40.8548194,-3.483954
28,28108,PEDREZUELA,40.745115,-3.6030388
28,28109,PELAYOS DE LA PRESA,40.3605272,-4.3334254
28,28110,PERALES DE TAJUÑA,40.2325861,-3.3506711
28,28111,PEZUELA DE LAS TORRES,40.4186699,-3.1771057
28,28112,PINILLA DEL VALLE,40.9261949,-3.8184676
28,28113,PINTO,40.240985,-3.7005072
28,28114,PIÑUÉCAR-GANDULLAS,41.0355464,-3.5994756
28,28115,POZUELO DE ALARCÓN,40.4346528,-3.814834
28,28116,POZUELO DEL REY,40.3664055,-3.3200082
28,28117,PRÁDENA DEL RINCÓN,41.0443369,-3.5402284
28,28118,PUEBLA DE LA SIERRA,41.0121247,-3.4444367
28,28119,QUIJORNA,40.4290833,-4.0565378
28,28120,RASCAFRÍA,40.9038871,-3.8802853
28,28121,REDUEÑA,40.81615,-3.603583
28,28122,RIBATEJADA,40.6668066,-3.3926066
28,28123,RIVAS-VACIAMADRID,40.3536054,-3.5310879
28,28124,ROBLEDILLO DE LA JARA,40.9529148,-3.5250504
28,28125,ROBLEDO DE CHAVELA,40.5009201,-4.2380999
28,28126,ROBREGORDO,41.1064517,-3.5937466
28,28127,ROZAS DE MADRID (LAS),40.4734032,-3.8295105
28,28128,ROZAS DE PUERTO REAL,40.3098351,-4.4912111
28,28129,SAN AGUSTÍN DEL GUADALIX,40.6793548,-3.6160273
28,28130,SAN FERNANDO DE HENARES,40.4248548,-3.5350369
28,28131,SAN LORENZO DE EL ESCORIAL,40.5926673,-4.1471642
28,28132,SAN MARTÍN DE LA VEGA,40.2110462,-3.5771806
28,28133,SAN MARTÍN DE VALDEIGLESIAS,40.3625,-4.3986503
28,28134,SAN SEBASTIÁN DE LOS REYES,40.5473698,-3.6260586
28,28135,SANTA MARÍA DE LA ALAMEDA,40.5958248,-4.2579208
28,28136,SANTORCAZ,40.4718963,-3.2351787
28,28137,SANTOS DE LA HUMOSA (LOS),40.5017321,-3.2576447
28,28138,SERNA DEL MONTE (LA),41.0607145,-3.6187524
28,28140,SERRANILLOS DEL VALLE,40.2044509,-3.8851988
28,28141,SEVILLA LA NUEVA,40.3475422,-4.0275268
28,28143,SOMOSIERRA,41.133207,-3.581478
28,28144,SOTO DEL REAL,40.7534555,-3.7866207
28,28145,TALAMANCA DE JARAMA,40.7454696,-3.5127576
28,28146,TIELMES,40.2466579,-3.31377
28,28147,TITULCIA,40.1379148,-3.5709978
28,28148,TORREJÓN DE ARDOZ,40.4587767,-3.4793343
28,28149,TORREJÓN DE LA CALZADA,40.2006804,-3.7993298
28,28150,TORREJÓN DE VELASCO,40.1869283,-3.7769069
28,28151,TORRELAGUNA,40.8277149,-3.538293
28,28152,TORRELODONES,40.5762809,-3.928603
28,28153,TORREMOCHA DE JARAMA,40.8351205,-3.4958018
28,28154,TORRES DE LA ALAMEDA,40.4021516,-3.360625
28,28155,VALDARACETE,40.2106508,-3.1954475
28,28156,VALDEAVERO,40.6308406,-3.3328589
28,28157,VALDELAGUNA,40.1605777,-3.367827
28,28158,VALDEMANCO,40.8720106,-3.6629397
28,28159,VALDEMAQUEDA,40.4400186,-3.6756753
28,28160,VALDEMORILLO,40.5016772,-4.0688878
28,28161,VALDEMORO,40.1886844,-3.6705725
28,28162,VALDEOLMOS-ALALPARDO,40.6385429,-3.4532436
28,28163,VALDEPIÉLAGOS,40.7603271,-3.4658585
28,28164,VALDETORRES DE JARAMA,40.6956481,-3.5146559
28,28165,VALDILECHA,40.2926854,-3.3002096
28,28166,VALVERDE DE ALCALÁ,40.4180359,-3.2996775
28,28167,VELILLA DE SAN ANTONIO,40.3671767,-3.4874809
28,28168,VELLÓN (EL),40.3616305,-3.5979855
28,28169,VENTURADA,40.7984762,-3.6207276
28,28170,VILLACONEJOS,40.1040079,-3.4850284
28,28171,VILLA DEL PRADO,40.2764752,-4.3048032
28,28172,VILLALBILLA,40.4323665,-3.2987815
28,28173,VILLAMANRIQUE DE TAJO,40.0686973,-3.240078
28,28174,VILLAMANTA,40.2990939,-4.1090399
28,28175,VILLAMANTILLA,40.3430437,-4.1302234
28,28176,VILLANUEVA DE LA CAÑADA,40.4472106,-4.002795
28,28177,VILLANUEVA DEL PARDILLO,40.4949232,-3.9600065
28,28178,VILLANUEVA DE PERALES,40.3455395,-4.1023184
28,28179,VILLAR DEL OLMO,40.3363814,-3.2355624
28,28180,VILLAREJO DE SALVANÉS,40.1683582,-3.2738764
28,28181,VILLAVICIOSA DE ODÓN,40.3573787,-3.9002334
28,28182,VILLAVIEJA DEL LOZOYA,41.0063622,-3.6716291
28,28183,ZARZALEJO,40.5392812,-4.1624845
28,28901,LOZOYUELA-NAVAS-SIETEIGLESIAS,40.9263383,-3.6176377
28,28902,PUENTES VIEJAS,40.9686582,-3.5946811
28,28903,TRES CANTOS,40.3995202,-3.5414834
29,29001,ALAMEDA,37.207778,-4.6581597
29,29002,ALCAUCÍN,36.9025563,-4.1140053
29,29003,ALFARNATE,36.9942627,-4.2604149
29,29004,ALFARNATEJO,36.9790622,-4.2724898
29,29005,ALGARROBO,36.7732439,-4.0399307
29,29006,ALGATOCÍN,36.5738231,-5.2747134
29,29007,ALHAURÍN DE LA TORRE,36.6627542,-4.562753
29,29008,ALHAURÍN EL GRANDE,36.6421248,-4.6867447
29,29009,ALMÁCHAR,36.808985,-4.2161584
29,29010,ALMARGEN,37.0024585,-5.0218486
29,29011,ALMOGÍA,36.8261541,-4.5406993
29,29012,ÁLORA,36.8238814,-4.7063011
29,29013,ALOZAINA,36.727762,-4.8579969
29,29014,ALPANDEIRE,36.6343447,-5.2028942
29,29015,ANTEQUERA,37.0183652,-4.5596649
29,29016,ÁRCHEZ,36.8390459,-3.9907148
29,29017,ARCHIDONA,37.0945779,-4.3906561
29,29018,ARDALES,36.8781793,-4.8468061
29,29019,ARENAS,36.8160239,-4.0441983
29,29020,ARRIATE,36.7991421,-5.1407457
29,29021,ATAJATE,36.6399535,-5.2450791
29,29022,BENADALID,36.6062679,-5.2690514
29,29023,BENAHAVÍS,36.5222736,-5.0441068
29,29024,BENALAURÍA,36.5942222,-5.261033
29,29025,BENALMÁDENA,36.594519,-4.572284
29,29026,BENAMARGOSA,36.8352646,-4.1935703
29,29027,BENAMOCARRA,36.7912509,-4.1616514
29,29028,BENAOJÁN,36.7188117,-5.2533743
29,29029,BENARRABÁ,36.5508289,-5.2756812
29,29030,BORGE (EL),36.8159056,-4.1929251
29,29031,BURGO (EL),36.7904469,-4.9480972
29,29032,CAMPILLOS,37.0470137,-4.8621698
29,29033,CANILLAS DE ACEITUNO,36.8731665,-4.0821261
29,29034,CANILLAS DE ALBAIDA,36.8461773,-3.9878112
29,29035,CAÑETE LA REAL,36.9515951,-5.0246722
29,29036,CARRATRACA,36.8539382,-4.8209062
29,29037,CARTAJIMA,36.6455316,-5.1539254
29,29038,CÁRTAMA,36.7100716,-4.631539
29,29039,CASABERMEJA,36.893528,-4.4287903
29,29040,CASARABONELA,36.7852106,-4.8430732
29,29041,CASARES,36.4433477,-5.2728863
29,29042,COÍN,36.6600506,-4.7565615
29,29043,COLMENAR,36.9053728,-4.3368078
29,29044,COMARES,36.8494448,-4.2480998
29,29045,CÓMPETA,36.832836,-3.9747057
29,29046,CORTES DE LA FRONTERA,36.6170845,-5.3426714
29,29047,CUEVAS BAJAS,37.2355805,-4.4884171
29,29048,CUEVAS DEL BECERRO,36.87586,-5.0440091
29,29049,CUEVAS DE SAN MARCOS,37.2679779,-4.4141396
29,29050,CÚTAR,36.8310343,-4.2287632
29,29051,ESTEPONA,36.4268068,-5.1468484
29,29052,FARAJÁN,36.6162231,-5.1882209
29,29053,FRIGILIANA,36.7909126,-3.8953919
29,29054,FUENGIROLA,36.5388398,-4.6233974
29,29055,FUENTE DE PIEDRA,37.13528,-4.7298858
29,29056,GAUCÍN,36.5192377,-5.3177544
29,29057,GENALGUACIL,36.5456361,-5.2359435
29,29058,GUARO,36.6561223,-4.834406
29,29059,HUMILLADERO,37.1134101,-4.7031305
29,29060,IGUALEJA,36.6314956,-5.1211832
29,29061,ISTÁN,36.5819684,-4.9495445
29,29062,IZNATE,36.7762195,-4.1849082
29,29063,JIMERA DE LÍBAR,36.6511847,-5.2742346
29,29064,JUBRIQUE,36.5642558,-5.2146149
29,29065,JÚZCAR,36.6255785,-5.1708129
29,29066,MACHARAVIAYA,36.7623774,-4.2138163
29,29067,MÁLAGA,36.7213028,-4.4216366
29,29068,MANILVA,36.3769979,-5.2489786
29,29069,MARBELLA,36.508976,-4.88562
29,29070,MIJAS,36.5957471,-4.6375188
29,29071,MOCLINEJO,36.7715925,-4.2554413
29,29072,MOLLINA,37.1258671,-4.6578941
29,29073,MONDA,36.6300141,-4.8306127
29,29074,MONTEJAQUE,36.7338717,-5.2514725
29,29075,NERJA,36.7468565,-3.8790164
29,29076,OJÉN,36.5645156,-4.8565007
29,29077,PARAUTA,36.6559871,-5.1292424
29,29079,PERIANA,36.9286023,-4.1908814
29,29080,PIZARRA,36.766795,-4.707687
29,29081,PUJERRA,36.6128751,-5.1493344
29,29082,RINCÓN DE LA VICTORIA,36.7162109,-4.2793767
29,29083,RIOGORDO,36.9152823,-4.2934765
29,29084,RONDA,36.7421339,-5.1665916
29,29085,SALARES,36.8544153,-4.0241592
29,29086,SAYALONGA,36.7982701,-4.012961
29,29087,SEDELLA,36.8617323,-4.0336554
29,29088,SIERRA DE YEGUAS,37.1243923,-4.8685644
29,29089,TEBA,36.9834861,-4.9202568
29,29090,TOLOX,36.6874219,-4.9050917
29,29091,TORROX,36.7494528,-3.9547677
29,29092,TOTALÁN,36.7651731,-4.297405
29,29093,VALLE DE ABDALAJÍS,36.9311713,-4.682611
29,29094,VÉLEZ-MÁLAGA,36.7818354,-4.0988099
29,29095,VILLANUEVA DE ALGAIDAS,37.1831293,-4.449969
29,29096,VILLANUEVA DEL ROSARIO,36.998599,-4.3660482
29,29097,VILLANUEVA DEL TRABUCO,37.0283874,-4.337989
29,29098,VILLANUEVA DE TAPIA,37.1835699,-4.334301
29,29099,VIÑUELA,36.8621071,-4.1411364
29,29100,YUNQUERA,36.7346372,-4.9205956
29,29901,TORREMOLINOS,36.6242841,-4.4995448
29,29902,VILLANUEVA DE LA CONCEPCIÓN,36.9318977,-4.5304501
29,29903,MONTECORTO,36.8149906,-5.2983445
29,29904,SERRATO,36.8849238,-4.9810084
3,3002,AGOST,38.436906,-0.6396687
3,3004,AIGÜES,38.500265,-0.3634258
3,3005,ALBATERA,38.1786069,-0.8695616
3,3006,ALCALALÍ,38.7496486,-0.0414327
3,3007,ALCOSSER,38.7950003,-0.4021309
3,3008,ALCOLEJA,38.6755861,-0.3311342
3,3011,ALFÀS DEL PI (L'),38.5676462,-0.0929643
3,3013,ALGUEÑA,38.3380526,-1.0030284
3,3016,ALMUDAINA,38.7607488,-0.3541583
3,3020,BALONES,38.7366221,-0.3424811
3,3022,BENASAU,38.6903361,-0.3433038
3,3023,BENEIXAMA,38.7008815,-0.7641359
3,3025,BENFERRI,38.1406587,-0.9628468
3,3027,BENIARDÀ,38.6835501,-0.2163624
3,3029,BENIGEMBLA,38.7540842,-0.1097443
3,3032,BENIFALLIM,38.6627706,-0.399888
3,3033,BENIFATO,38.6733441,-0.2293991
3,3036,BENILLUP,38.7535607,-0.3788159
3,3039,BENIMASSOT,38.7491212,-0.2923244
3,3040,BENIMELI,38.8228522,-0.0418836
3,3044,BIGASTRO,38.0628171,-0.8996755
3,3046,BUSOT,38.4848359,-0.417211
3,3049,CALLOSA DE SEGURA,38.1251825,-0.8778548
3,3051,CAMP DE MIRRA (EL)/CAMPO DE MIRRA,38.6851578,-0.7782213
3,3053,CASTALLA,38.5957233,-0.6702617
3,3054,CASTELL DE CASTELLS,38.7250325,-0.1939985
3,3057,CONFRIDES,38.6833155,-0.2684296
3,3061,DAYA NUEVA,38.1138879,-0.7609301
3,3062,DAYA VIEJA,38.105114,-0.7380602
3,3069,FINESTRAT,38.5679236,-0.2122319
3,3078,HONDÓN DE LOS FRAILES,38.2757919,-0.9299943
3,3080,JACARILLA,38.061345,-0.8680849
3,3083,XIXONA/JIJONA,38.5392703,-0.5075903
3,3091,MURLA,38.7601227,-0.0826912
3,3094,NUCIA (LA),38.6133727,-0.1257319
3,3097,ORBA,38.7803753,-0.0638798
3,3098,ORXETA,38.5634477,-0.2614226
3,3101,PEDREGUER,38.7938437,0.0343336
3,3103,PENÀGUILA,38.6794181,-0.3590426
3,3106,PLANES,38.7851609,-0.3435236
3,3107,POLOP,38.6226795,-0.1275385
3,3109,RAFAL,38.1036225,-0.8499366
3,3114,ROMANA (LA),38.3672767,-0.8968792
3,3120,SAN MIGUEL DE SALINAS,37.9769051,-0.7890649
3,3123,SAX,38.5350323,-0.818913
3,3124,SELLA,38.6083783,-0.2722519
3,3129,TIBI,38.5328137,-0.5750528
3,3130,TOLLOS,38.7569986,-0.2746901
3,3136,VALL DE GALLINERA (LA),38.8249883,-0.2475529
3,3137,VALL DE LAGUAR (LA),38.7673726,-0.1330206
3,3139,VILA JOIOSA (LA)/VILLAJOYOSA,38.5092037,-0.2182581
3,3903,MONTESINOS (LOS),38.0274262,-0.7434529
30,30001,ABANILLA,38.2058263,-1.0392384
30,30002,ABARÁN,38.2058512,-1.3971219
30,30003,ÁGUILAS,37.4099628,-1.5804922
30,30004,ALBUDEITE,38.0275699,-1.3854647
30,30005,ALCANTARILLA,37.9680649,-1.2149543
30,30006,ALEDO,37.7954317,-1.5731021
30,30007,ALGUAZAS,38.0515024,-1.2416437
30,30008,ALHAMA DE MURCIA,37.8515145,-1.4251045
30,30009,ARCHENA,38.1178119,-1.3025236
30,30010,BENIEL,38.0467801,-1.001421
30,30011,BLANCA,38.1788058,-1.3741839
30,30012,BULLAS,38.049741,-1.6705874
30,30013,CALASPARRA,38.2309457,-1.7000042
30,30014,CAMPOS DEL RÍO,38.0405009,-1.3525268
30,30015,CARAVACA DE LA CRUZ,38.1046979,-1.861118
30,30016,CARTAGENA,37.6155018,-0.987511
30,30017,CEHEGÍN,38.0925078,-1.7987525
30,30018,CEUTÍ,38.0776952,-1.2741301
30,30019,CIEZA,38.2392273,-1.418875
30,30020,FORTUNA,38.1800547,-1.1259457
30,30021,FUENTE ÁLAMO DE MURCIA,37.7212132,-1.172989
30,30022,JUMILLA,38.4735408,-1.3285417
30,30023,LIBRILLA,37.8855696,-1.3548724
30,30024,LORCA,37.6711989,-1.6988592
30,30025,LORQUÍ,38.0815272,-1.2536182
30,30026,MAZARRÓN,37.5984446,-1.31515
30,30027,MOLINA DE SEGURA,38.0572339,-1.2095298
30,30028,MORATALLA,38.1884392,-1.8909344
30,30029,MULA,38.0418669,-1.4906872
30,30030,MURCIA,37.9923795,-1.1305431
30,30031,OJÓS,38.1481011,-1.342091
30,30032,PLIEGO,37.9884543,-1.5061409
30,30033,PUERTO LUMBRERAS,37.5635045,-1.8076233
30,30034,RICOTE,38.1540529,-1.3668162
30,30035,SAN JAVIER,37.8059567,-0.8345537
30,30036,SAN PEDRO DEL PINATAR,37.833892,-0.7902428
30,30037,TORRE-PACHECO,37.7846607,-0.9667964
30,30038,TORRES DE COTILLAS (LAS),38.0329402,-1.2433094
30,30039,TOTANA,37.7697645,-1.5025376
30,30040,ULEA,38.1377134,-1.3321696
30,30041,UNIÓN (LA),37.6219632,-0.8827593
30,30042,VILLANUEVA DEL RÍO SEGURA,38.1361485,-1.3243689
30,30043,YECLA,38.6135956,-1.1157882
30,30901,SANTOMERA,38.0614851,-1.0488795
30,30902,ALCÁZARES (LOS),37.7377253,-0.8610255
31,31001,ABÁIGAR,42.6482651,-2.1420631
31,31002,ABÁRZUZA/ABARTZUZA,42.7268475,-2.0225275
31,31005,ABERIN,42.6123798,-1.9873357
31,31006,ABLITAS,41.9732671,-1.6395971
31,31007,ADIÓS,42.6866956,-1.7359099
31,31009,AIBAR/OIBAR,42.592021,-1.3599999
31,31010,ALTSASU/ALSASUA,42.8949665,-2.1685103
31,31011,ALLÍN/ALLIN,42.7076035,-2.0900572
31,31012,ALLO,42.5673713,-2.0211169
31,31014,ANCÍN/ANTZIN,42.6591907,-2.1898688
31,31015,ANDOSILLA,42.3776047,-1.9434186
31,31016,ANSOÁIN/ANTSOAIN,42.8338,-1.6396906
31,31018,AÑORBE,42.6585023,-1.7138474
31,31019,AOIZ/AGOITZ,42.7862771,-1.3694757
31,31023,ARANGUREN,42.7752661,-1.5754567
31,31025,ARAKIL,42.9114986,-1.8741752
31,31027,ARBIZU,42.9148731,-2.0389985
31,31029,ARCOS (LOS),42.5697418,-2.1923085
31,31030,ARELLANO,42.6052502,-2.047318
31,31032,ARGUEDAS,42.1758188,-1.5970062
31,31035,ARMAÑANZAS,42.560496,-2.2851222
31,31036,ARRÓNIZ,42.5888853,-2.0907566
31,31038,ARTAJONA,42.5876058,-1.7644227
31,31039,ARTAZU,42.6916054,-1.8404446
31,31041,AYEGUI/AIEGI,42.6588276,-2.0369908
31,31042,AZAGRA,42.311403,-1.8946708
31,31043,AZUELO,42.6086595,-2.3493717
31,31044,BAKAIKU,42.8906052,-2.1021121
31,31045,BARÁSOAIN,42.6051018,-1.6453574
31,31046,BARBARIN,42.6016906,-2.1005686
31,31047,BARGOTA,42.5606259,-2.3105858
31,31048,BARILLAS,41.971012,-1.6627478
31,31051,BEIRE,42.4539464,-1.6217023
31,31052,BELASCOÁIN,42.7562505,-1.8324903
31,31053,BERBINZANA,42.5267418,-1.8344769
31,31056,BIURRUN-OLCOZ,42.6732289,-1.6798308
31,31057,BUÑUEL,41.9797495,-1.444881
31,31060,BURLADA/BURLATA,42.8230299,-1.614076
31,31061,BUSTO (EL),42.5490885,-2.2420409
31,31064,CADREITA,42.2181824,-1.6930439
31,31065,CAPARROSO,42.3395614,-1.6543719
31,31066,CÁRCAR,42.3913267,-1.9747429
31,31067,CARCASTILLO,42.3800209,-1.4445327
31,31068,CASCANTE,41.9993288,-1.6786611
31,31072,CINTRUÉNIGO,42.0799132,-1.8034973
31,31074,CIRAUQUI/ZIRAUKI,42.6756793,-1.890971
31,31075,CIRIZA/ZIRITZA,42.7918412,-1.8241361
31,31076,CIZUR,42.7627565,-1.7402328
31,31077,CORELLA,42.1152097,-1.7893729
31,31078,CORTES,41.9235302,-1.4206848
31,31079,DESOJO,42.5881304,-2.2757428
31,31080,DICASTILLO,42.5945083,-2.0283583
31,31083,ECHARRI/ETXARRI,42.7807766,-1.8251709
31,31085,ETXAURI,42.7932285,-1.7900237
31,31086,VALLE DE EGÜÉS/EGUESIBAR,42.8242097,-1.5433515
31,31088,NOÁIN (VALLE DE ELORZ)/NOAIN (ELORTZIBAR),42.760145,-1.6335917
31,31089,ENÉRIZ/ENERITZ,42.6712536,-1.7280262
31,31094,ESLAVA,42.5643609,-1.4594701
31,31096,ESPRONCEDA,42.5969881,-2.3051547
31,31097,ESTELLA-LIZARRA,42.672094,-2.0314834
31,31098,ESTERIBAR,42.9492605,-1.5164292
31,31099,ETAYO,42.6170237,-2.1535115
31,31101,EZCABARTE,42.8725086,-1.6301518
31,31103,EZPROGUI,42.6197254,-1.4460647
31,31104,FALCES,42.3877644,-1.7938282
31,31105,FITERO,42.0557224,-1.8565659
31,31106,FONTELLAS,42.0281362,-1.5761274
31,31107,FUNES,42.3140552,-1.8030376
31,31108,FUSTIÑANA,42.0212249,-1.4857389
31,31109,GALAR,42.7458349,-1.6737626
31,31110,GALLIPIENZO/GALIPENTZU,42.5243351,-1.4100849
31,31114,GARÍNOAIN,42.6005691,-1.6453061
31,31118,GOÑI,42.8513933,-1.9038781
31,31120,GUESÁLAZ/GESALATZ,42.7544433,-1.9109028
31,31121,GUIRGUILLANO,42.7224994,-1.8678902
31,31122,HUARTE/UHARTE,42.8313514,-1.590407
31,31124,IBARGOITI,42.6752246,-1.4602132
31,31125,IGÚZQUIZA,42.6463063,-2.0847845
31,31130,ITURMENDI,42.8897003,-2.1180792
31,31131,IZA/ITZA,42.8854464,-1.7752123
31,31135,JAVIER,42.5911918,-1.2086914
31,31136,JUSLAPEÑA/TXULAPAIN,42.8983415,-1.7018168
31,31138,LAKUNTZA,42.9222192,-2.0227655
31,31142,LARRAGA,42.5580517,-1.8500707
31,31145,LAZAGURRÍA,42.4934802,-2.2418386
31,31146,LEACHE/LEATXE,42.607675,-1.4069932
31,31147,LEGARDA,42.7113388,-1.7727104
31,31148,LEGARIA,42.6482624,-2.1737786
31,31149,LEITZA,43.0806959,-1.9163064
31,31150,LEOZ/LEOTZ,42.5996627,-1.5374154
31,31151,LERGA,42.5662802,-1.5008122
31,31152,LERÍN,42.4827069,-1.9727192
31,31153,LESAKA,43.2471212,-1.7043191
31,31154,LEZAUN,42.7778491,-1.9942909
31,31155,LIÉDENA,42.6191551,-1.2748872
31,31157,LODOSA,42.4241886,-2.0785646
31,31160,LUQUIN,42.6122984,-2.0991905
31,31161,MAÑERU,42.6695386,-1.8620743
31,31163,MARCILLA,42.3258784,-1.7380991
31,31164,MÉLIDA,42.3593658,-1.5474177
31,31165,MENDAVIA,42.4443874,-2.2002884
31,31166,MENDAZA,42.6418273,-2.2359737
31,31167,MENDIGORRIA,42.6262078,-1.8340213
31,31168,METAUTEN,42.6765029,-2.1289658
31,31169,MILAGRO,42.2418183,-1.7628016
31,31170,MIRAFUENTES,42.6218731,-2.2783646
31,31171,MIRANDA DE ARGA,42.4829542,-1.8269034
31,31172,MONREAL/ELO,42.7048477,-1.5072472
31,31173,MONTEAGUDO,41.9620037,-1.6939437
31,31174,MORENTIN,42.6123241,-2.0136591
31,31175,MUES,42.6061514,-2.2262371
31,31176,MURCHANTE,42.0309725,-1.655853
31,31177,MURIETA,42.6562443,-2.1543464
31,31178,MURILLO EL CUENDE,42.3978449,-1.6304866
31,31179,MURILLO EL FRUTO,42.3909899,-1.4599999
31,31180,MURUZÁBAL,42.6887624,-1.7705509
31,31182,NAZAR,42.6368976,-2.2793568
31,31183,OBANOS,42.6808183,-1.7851016
31,31184,OCO,42.6391735,-2.1648705
31,31188,OLAIBAR,42.897162,-1.6028332
31,31189,OLAZTI/OLAZAGUTÍA,42.8756978,-2.1964564
31,31190,OLEJUA,42.6235601,-2.1423082
31,31191,OLITE/ERRIBERRI,42.4813623,-1.6512224
31,31192,OLÓRIZ/OLORITZ,42.6350351,-1.6132927
31,31193,CENDEA DE OLZA/OLTZA ZENDEA,42.8251388,-1.777343
31,31194,VALLE DE OLLO/OLLARAN,42.8583381,-1.8465837
31,31197,ORÍSOAIN,42.6010504,-1.6039299
31,31200,OTEIZA,42.6194776,-1.9537957
31,31201,PAMPLONA/IRUÑA,42.8181992,-1.6440089
31,31202,PERALTA/AZKOIEN,42.3385459,-1.7970061
31,31203,PETILLA DE ARAGÓN,42.4614023,-1.0926115
31,31204,PIEDRAMILLERA,42.6317106,-2.2027196
31,31205,PITILLAS,42.4226867,-1.6203754
31,31206,PUENTE LA REINA/GARES,42.6717107,-1.8155291
31,31207,PUEYO/PUIU,42.565559,-1.6483398
31,31208,RIBAFORADA,41.9979549,-1.5110604
31,31214,SALINAS DE ORO/JAITZ,42.7754085,-1.8893416
31,31215,SAN ADRIÁN,42.3327818,-1.9336689
31,31216,SANGÜESA/ZANGOZA,42.5754899,-1.283336
31,31217,SAN MARTÍN DE UNX,42.5237233,-1.5616093
31,31219,SANSOL,42.5544246,-2.266428
31,31220,SANTACARA,42.3755477,-1.5477333
31,31223,SARTAGUDA,42.3829263,-2.0577832
31,31224,SESMA,42.4771231,-2.0861593
31,31225,SORLADA,42.6150004,-2.2161205
31,31227,TAFALLA,42.5278279,-1.6744823
31,31228,TIEBAS-MURUARTE DE RETA,42.684765,-1.6360433
31,31229,TIRAPU,42.6566786,-1.7029388
31,31230,TORRALBA DEL RÍO,42.6084653,-2.3316332
31,31231,TORRES DEL RÍO,42.5513183,-2.2720136
31,31232,TUDELA,42.063972,-1.6053391
31,31233,TULEBRAS,41.9772744,-1.6767605
31,31234,UCAR,42.6758238,-1.7065464
31,31235,UJUÉ/UXUE,42.5061582,-1.499409
31,31238,UNZUÉ/UNTZUE,42.6515162,-1.626276
31,31240,URDIAIN,42.8868926,-2.1366422
31,31246,UTERGA,42.7102068,-1.7596807
31,31249,VALTIERRA,42.1934365,-1.6316492
31,31250,BERA,43.2813278,-1.6796472
31,31251,VIANA,42.5154725,-2.3713437
31,31253,BIDAURRETA,42.7753457,-1.8350395
31,31254,VILLAFRANCA,42.2774311,-1.7471458
31,31255,VILLAMAYOR DE MONJARDÍN,42.6293847,-2.1041989
31,31257,VILLATUERTA,42.6595159,-1.9934011
31,31258,VILLAVA/ATARRABIA,42.8318984,-1.6071287
31,31260,VALLE DE YERRI/DEIERRI,42.7199833,-1.9802646
31,31261,YESA,42.620176,-1.2021437
31,31262,ZABALZA/ZABALTZA,42.7786842,-1.7986577
31,31265,ZÚÑIGA,42.6930374,-2.3004117
31,31901,BARAÑÁIN/BARAÑAIN,42.8048344,-1.6810202
31,31902,BERRIOPLANO/BERRIOBEITI,42.854508,-1.6903219
31,31903,BERRIOZAR,42.83565,-1.6745719
31,31904,IRURTZUN,42.9184675,-1.8286391
31,31905,BERIÁIN,42.7334799,-1.6447836
31,31906,ORKOIEN,42.8234903,-1.7022679
31,31907,ZIZUR MAYOR/ZIZUR NAGUSIA,42.7887152,-1.692616
32,32001,ALLARIZ,42.1893161,-7.8019484
32,32002,AMOEIRO,42.4142102,-7.9486807
32,32003,ARNOIA (A),42.252591,-8.1293297
32,32004,AVIÓN,42.3873019,-8.2655242
32,32005,BALTAR,41.9509014,-7.7157653
32,32006,BANDE,42.0316148,-7.9749081
32,32007,BAÑOS DE MOLGAS,42.2418656,-7.6727944
32,32008,BARBADÁS,42.301551,-7.8872314
32,32009,BARCO DE VALDEORRAS (O),42.4172173,-6.984035
32,32010,BEADE,42.3292437,-8.1276551
32,32011,BEARIZ,42.4661998,-8.2707274
32,32012,BLANCOS (OS),41.9976233,-7.7522894
32,32013,BOBORÁS,42.4317763,-8.1430006
32,32014,BOLA (A),42.1440451,-7.8944266
32,32015,BOLO (O),42.3069457,-7.0994897
32,32016,CALVOS DE RANDÍN,41.9250298,-7.8590989
32,32017,CARBALLEDA DE VALDEORRAS,42.3439744,-6.8491007
32,32018,CARBALLEDA DE AVIA,42.3208186,-8.1648727
32,32019,CARBALLIÑO (O),42.4300001,-8.0780235
32,32020,CARTELLE,42.2378413,-8.0327765
32,32021,CASTRELO DO VAL,41.9905158,-7.4232094
32,32022,CASTRELO DE MIÑO,42.2965639,-8.0656784
32,32023,CASTRO CALDELAS,42.3725684,-7.3990415
32,32024,CELANOVA,42.1523149,-7.9580863
32,32025,CENLLE,42.3417695,-8.0940135
32,32026,COLES,42.407477,-7.8397499
32,32027,CORTEGADA,42.2072732,-8.170081
32,32028,CUALEDRO,41.9885728,-7.593898
32,32029,CHANDREXA DE QUEIXA,42.2592799,-7.3776155
32,32030,ENTRIMO,41.9537793,-8.134253
32,32031,ESGOS,42.3253312,-7.6960375
32,32033,GOMESENDE,42.1890052,-8.1013586
32,32034,GUDIÑA (A),42.0605483,-7.1403516
32,32035,IRIXO (O),42.5123164,-8.1182265
32,32036,XUNQUEIRA DE AMBÍA,42.2050597,-7.735161
32,32037,XUNQUEIRA DE ESPADANEDO,42.3183776,-7.6294622
32,32038,LAROUCO,42.3466038,-7.1632358
32,32039,LAZA,42.0604757,-7.4612117
32,32040,LEIRO,42.3701611,-8.1248862
32,32041,LOBEIRA,42.0029828,-8.0448022
32,32042,LOBIOS,41.9039062,-8.0599771
32,32043,MACEDA,42.2708159,-7.6508391
32,32044,MANZANEDA,42.3098629,-7.2350007
32,32045,MASIDE,42.4121455,-8.0261462
32,32046,MELÓN,42.2589852,-8.2137609
32,32047,MERCA (A),42.222633,-7.9049545
32,32048,MEZQUITA (A),42.0114543,-7.0451474
32,32049,MONTEDERRAMO,42.2752812,-7.5027103
32,32050,MONTERREI,41.9467657,-7.4491474
32,32051,MUÍÑOS,41.9368705,-7.9800073
32,32052,NOGUEIRA DE RAMUÍN,42.4029157,-7.7057075
32,32053,OÍMBRA,41.8857802,-7.4715679
32,32054,OURENSE,42.3438932,-7.8571792
32,32056,PADRENDA,42.119224,-8.1557789
32,32057,PARADA DE SIL,42.3826196,-7.5685853
32,32058,PEREIRO DE AGUIAR (O),42.3463433,-7.8002637
32,32059,PEROXA (A),42.4397824,-7.7955674
32,32060,PETÍN,42.3823388,-7.1263643
32,32062,PORQUEIRA,42.0249476,-7.8402999
32,32063,POBRA DE TRIVES (A),42.3405898,-7.2547833
32,32064,PONTEDEVA,42.1677079,-8.1368317
32,32065,PUNXÍN,42.3672516,-8.0099031
32,32066,QUINTELA DE LEIRADO,42.1394755,-8.1002451
32,32068,RAMIRÁS,42.1844736,-8.0271836
32,32071,RIÓS,41.9754084,-7.2665824
32,32072,RÚA (A),42.3563727,-7.9053057
32,32073,RUBIÁ,42.4494484,-6.9450653
32,32074,SAN AMARO,42.3734131,-8.0720856
32,32075,SAN CIBRAO DAS VIÑAS,42.2964763,-7.8723141
32,32076,SAN CRISTOVO DE CEA,42.5009975,-7.9415413
32,32077,SANDIÁS,42.1106859,-7.7577611
32,32078,SARREAUS,42.088126,-7.6038003
32,32079,TABOADELA,42.2406812,-7.8253132
32,32080,TEIXEIRA (A),42.3911832,-7.472801
32,32081,TOÉN,42.3167247,-7.9545534
32,32082,TRASMIRAS,42.0232495,-7.6156761
32,32083,VEIGA (A),42.2507678,-7.0260508
32,32084,VEREA,42.1000133,-7.9836179
32,32085,VERÍN,41.9406091,-7.4406032
32,32086,VIANA DO BOLO,42.1804504,-7.1131809
32,32087,VILAMARÍN,42.4647271,-7.8909745
32,32088,VILAMARTÍN DE VALDEORRAS,42.4423009,-7.0646314
32,32089,VILAR DE BARRIO,42.1602913,-7.611113
32,32090,VILAR DE SANTOS,42.0871643,-7.7945799
32,32091,VILARDEVÓS,41.9073842,-7.312875
32,32092,VILARIÑO DE CONSO,42.1661767,-7.1826752
33,33002,ALLER,43.1060163,-5.5808161
33,33003,AMIEVA,43.2450993,-5.0730662
33,33004,AVILÉS,43.5554436,-5.9222466
33,33007,BOAL,43.4102403,-6.8351539
33,33008,CABRALES,43.2713716,-4.8296951
33,33009,CABRANES,43.40717,-5.4239343
33,33011,CANGAS DEL NARCEA,43.1774374,-6.5499784
33,33012,CANGAS DE ONÍS,43.3136138,-5.0658503
33,33013,CARAVIA,43.458107,-5.1897297
33,33014,CARREÑO,43.5517905,-5.7894013
33,33016,CASTRILLÓN,43.5458244,-5.9924295
33,33017,CASTROPOL,43.5276581,-7.0300508
33,33018,COAÑA,43.5126258,-6.7610106
33,33019,COLUNGA,43.4851194,-5.2706728
33,33020,CORVERA DE ASTURIAS,43.5178457,-5.8877648
33,33021,CUDILLERO,43.5433575,-6.1936313
33,33022,DEGAÑA,42.9406475,-6.5712537
33,33023,FRANCO (EL),43.5509962,-6.8289768
33,33024,GIJÓN,43.5449422,-5.66275
33,33025,GOZÓN,43.6056855,-5.8430274
33,33026,GRADO,43.3892333,-6.0696299
33,33028,IBIAS,43.0001254,-6.8219711
33,33030,ILLAS,43.4963339,-5.9674824
33,33031,LANGREO,43.2950131,-5.683431
33,33033,LENA,43.1615692,-5.8281354
33,33034,VALDÉS,43.4847858,-6.4693693
33,33035,LLANERA,43.4544809,-5.8506737
33,33036,LLANES,43.4211205,-4.7530835
33,33037,MIERES,43.2349958,-5.769932
33,33039,MUROS DE NALÓN,43.5429839,-6.1046293
33,33040,NAVA,43.3582544,-5.5057607
33,33041,NAVIA,43.5391112,-6.7233704
33,33043,ONÍS,43.2959886,-4.9714143
33,33044,OVIEDO,43.3533452,-5.8795096
33,33046,PEÑAMELLERA ALTA,43.3105213,-4.7122719
33,33047,PEÑAMELLERA BAJA,43.3086006,-4.5862926
33,33049,PILOÑA,43.3340915,-5.331035
33,33051,PRAVIA,43.4895855,-6.1139029
33,33052,PROAZA,43.2508048,-6.0170071
33,33053,QUIRÓS,43.1519207,-5.9732125
33,33054,REGUERAS (LAS),43.4212378,-5.9733393
33,33055,RIBADEDEVA,43.3718471,-4.5689978
33,33056,RIBADESELLA,43.4456557,-5.0835484
33,33059,SALAS,43.4082096,-6.2568574
33,33061,SAN MARTÍN DE OSCOS,43.2832008,-6.9326774
33,33062,SANTA EULALIA DE OSCOS,43.2586817,-7.0278744
33,33063,SAN TIRSO DE ABRES,43.4032753,-7.1323839
33,33065,SARIEGO,43.4167163,-5.5505981
33,33066,SIERO,43.394024,-5.6349173
33,33067,SOBRESCOBIO,43.193854,-5.4622399
33,33070,TAPIA DE CASARIEGO,43.5692581,-6.9436488
33,33071,TARAMUNDI,43.3605685,-7.1088221
33,33073,TINEO,43.333974,-6.4165462
33,33076,VILLAVICIOSA,43.4813776,-5.4344978
33,33077,VILLAYÓN,43.4476896,-6.7046079
34,34001,ABARCA DE CAMPOS,42.0625676,-4.8418423
34,34003,ABIA DE LAS TORRES,42.4196917,-4.4226995
34,34004,AGUILAR DE CAMPOO,42.7928369,-4.2605438
34,34005,ALAR DEL REY,42.6595668,-4.3111784
34,34006,ALBA DE CERRATO,41.8127116,-4.3652566
34,34009,AMAYUELAS DE ARRIBA,42.211081,-4.4887297
34,34010,AMPUDIA,41.9148751,-4.7792135
34,34011,AMUSCO,42.1728976,-4.4699037
34,34012,ANTIGÜEDAD,41.9465178,-4.1183617
34,34017,ASTUDILLO,42.1927215,-4.2938662
34,34018,AUTILLA DEL PINO,41.9911815,-4.6334702
34,34019,AUTILLO DE CAMPOS,42.0873279,-4.8336762
34,34020,AYUELA,42.6262262,-4.6597711
34,34022,BALTANÁS,41.9370606,-4.2471899
34,34023,VENTA DE BAÑOS,41.9206919,-4.4931598
34,34024,BAQUERÍN DE CAMPOS,42.0157345,-4.7815641
34,34025,BÁRCENA DE CAMPOS,42.4834048,-4.4987889
34,34027,BARRUELO DE SANTULLÁN,42.9087746,-4.2881024
34,34028,BÁSCONES DE OJEDA,42.6705949,-4.5274879
34,34029,BECERRIL DE CAMPOS,42.1079127,-4.6397799
34,34032,BERZOSILLA,42.7801605,-4.0376393
34,34033,BOADA DE CAMPOS,41.9896693,-4.8775277
34,34034,BOADILLA DEL CAMINO,42.2577849,-4.3472897
34,34035,BOADILLA DE RIOSECO,42.1793848,-4.9689427
34,34036,BRAÑOSERA,42.9360092,-4.3076006
34,34037,BUENAVISTA DE VALDAVIA,42.6380596,-4.6145515
34,34038,BUSTILLO DE LA VEGA,42.4558731,-4.7416348
34,34039,BUSTILLO DEL PÁRAMO DE CARRIÓN,42.3550033,-4.7387975
34,34041,CALAHORRA DE BOEDO,42.5747181,-4.3852597
34,34042,CALZADA DE LOS MOLINOS,42.3265894,-4.6518131
34,34045,CAPILLAS,42.0132277,-4.8902508
34,34046,CARDEÑOSA DE VOLPEJERA,42.2322915,-4.7019806
34,34047,CARRIÓN DE LOS CONDES,42.3385404,-4.6017128
34,34048,CASTIL DE VELA,41.9837696,-4.9582139
34,34049,CASTREJÓN DE LA PEÑA,42.808111,-4.5992295
34,34050,CASTRILLO DE DON JUAN,41.7921651,-4.0702134
34,34051,CASTRILLO DE ONIELO,41.8581113,-4.3016225
34,34052,CASTRILLO DE VILLAVEGA,42.4549561,-4.480791
34,34053,CASTROMOCHO,42.0318269,-4.8234305
34,34055,CERVATOS DE LA CUEZA,42.2904319,-4.7693449
34,34056,CERVERA DE PISUERGA,42.8635509,-4.4972234
34,34057,CEVICO DE LA TORRE,41.8515571,-4.4093299
34,34058,CEVICO NAVERO,41.8618652,-4.184837
34,34059,CISNEROS,42.2210096,-4.8578445
34,34060,COBOS DE CERRATO,42.0283301,-4.0018015
34,34061,COLLAZOS DE BOEDO,42.6193852,-4.4832119
34,34062,CONGOSTO DE VALDAVIA,42.715968,-4.6333358
34,34063,CORDOVILLA LA REAL,42.0793366,-4.2599008
34,34066,CUBILLAS DE CERRATO,41.7984696,-4.4663595
34,34067,DEHESA DE MONTEJO,42.8207429,-4.5108875
34,34068,DEHESA DE ROMANOS,42.638722,-4.436018
34,34069,DUEÑAS,41.87652,-4.5462804
34,34070,ESPINOSA DE CERRATO,41.9678437,-3.951621
34,34071,ESPINOSA DE VILLAGONZALO,42.4797222,-4.3719843
34,34072,FRECHILLA,42.1375125,-4.8410751
34,34073,FRESNO DEL RÍO,42.6820747,-4.8173368
34,34074,FRÓMISTA,42.2676867,-4.4055039
34,34076,FUENTES DE NAVA,42.0825955,-4.7826439
34,34077,FUENTES DE VALDEPERO,42.0749607,-4.5005124
34,34079,GRIJOTA,42.0524901,-4.5822734
34,34080,GUARDO,42.7895455,-4.846288
34,34081,GUAZA DE CAMPOS,42.133496,-4.9092466
34,34082,HÉRMEDES DE CERRATO,41.8193273,-4.1753038
34,34083,HERRERA DE PISUERGA,42.5938269,-4.3310029
34,34084,HERRERA DE VALDECAÑAS,42.0488124,-4.2004813
34,34086,HONTORIA DE CERRATO,41.9107107,-4.4413663
34,34087,HORNILLOS DE CERRATO,41.9880783,-4.2724488
34,34088,HUSILLOS,42.0904554,-4.526506
34,34089,ITERO DE LA VEGA,42.2879815,-4.2579672
34,34091,LAGARTOS,42.4059897,-4.90386
34,34092,LANTADILLA,42.3405995,-4.2774864
34,34093,VID DE OJEDA (LA),42.6597761,-4.3849181
34,34094,LEDIGOS,42.3546268,-4.86461
34,34096,LOMAS,42.27354,-4.5503861
34,34098,MAGAZ DE PISUERGA,41.9825261,-4.4279316
34,34099,MANQUILLOS,42.2042764,-4.5675522
34,34100,MANTINOS,42.7522973,-4.8412781
34,34101,MARCILLA DE CAMPOS,42.3178263,-4.3959413
34,34102,MAZARIEGOS,42.0271751,-4.714452
34,34103,MAZUECOS DE VALDEGINATE,42.1680833,-4.840417
34,34104,MELGAR DE YUSO,42.2530925,-4.2533643
34,34106,MENESES DE CAMPOS,41.9413966,-4.9190728
34,34107,MICIECES DE OJEDA,42.6908491,-4.4622322
34,34108,MONZÓN DE CAMPOS,42.1164512,-4.4942161
34,34109,MORATINOS,42.3605222,-4.9266466
34,34110,MUDÁ,42.8760099,-4.3944214
34,34112,NOGAL DE LAS HUERTAS,42.3922913,-4.6416359
34,34113,OLEA DE BOEDO,42.6088759,-4.4509722
34,34114,OLMOS DE OJEDA,42.7223042,-4.4247325
34,34116,OSORNILLO,42.3701512,-4.2911423
34,34120,PALENCIA,42.0108856,-4.5328735
34,34121,PALENZUELA,42.0952764,-4.1300087
34,34122,PÁRAMO DE BOEDO,42.5778506,-4.4003243
34,34123,PAREDES DE NAVA,42.1528695,-4.6922384
34,34124,PAYO DE OJEDA,42.7192977,-4.478643
34,34125,PEDRAZA DE CAMPOS,41.9844125,-4.7343652
34,34126,PEDROSA DE LA VEGA,42.4814511,-4.7467438
34,34127,PERALES,42.1935939,-4.5805331
34,34129,PINO DEL RÍO,42.644198,-4.807965
34,34130,PIÑA DE CAMPOS,42.2134722,-4.4362894
34,34131,POBLACIÓN DE ARROYO,42.3369489,-4.8740936
34,34132,POBLACIÓN DE CAMPOS,42.2697479,-4.4471347
34,34133,POBLACIÓN DE CERRATO,41.7926299,-4.427955
34,34134,POLENTINOS,42.9387931,-4.5264759
34,34135,POMAR DE VALDIVIA,42.7745019,-4.1674162
34,34136,POZA DE LA VEGA,42.5778096,-4.7973318
34,34137,POZO DE URAMA,42.2532748,-4.8939337
34,34139,PRÁDANOS DE OJEDA,42.6804098,-4.3470193
34,34140,PUEBLA DE VALDAVIA (LA),42.6718382,-4.6215997
34,34141,QUINTANA DEL PUENTE,42.0841001,-4.2074696
34,34143,QUINTANILLA DE ONSOÑA,42.4694116,-4.6642034
34,34146,REINOSO DE CERRATO,41.9765269,-4.3829532
34,34147,RENEDO DE LA VEGA,42.4533309,-4.703369
34,34149,REQUENA DE CAMPOS,42.30785,-4.3428348
34,34151,RESPENDA DE LA PEÑA,42.7652208,-4.6860529
34,34152,REVENGA DE CAMPOS,42.2841796,-4.4820395
34,34154,REVILLA DE COLLAZOS,42.6290611,-4.5037161
34,34155,RIBAS DE CAMPOS,42.1526374,-4.5164117
34,34156,RIBEROS DE LA CUEZA,42.2784342,-4.7247277
34,34157,SALDAÑA,42.5227119,-4.7364391
34,34158,SALINAS DE PISUERGA,42.8504615,-4.3769757
34,34159,SAN CEBRIÁN DE CAMPOS,42.2010196,-4.5304159
34,34160,SAN CEBRIÁN DE MUDÁ,42.8927342,-4.3864962
34,34161,SAN CRISTÓBAL DE BOEDO,42.5418534,-4.3530239
34,34163,SAN MAMÉS DE CAMPOS,42.35478,-4.5658356
34,34165,SAN ROMÁN DE LA CUBA,42.2621227,-4.8569195
34,34167,SANTA CECILIA DEL ALCOR,41.9341653,-4.6586291
34,34168,SANTA CRUZ DE BOEDO,42.5255042,-4.3736548
34,34169,SANTERVÁS DE LA VEGA,42.5068203,-4.7985326
34,34170,SANTIBÁÑEZ DE ECLA,42.707615,-4.374304
34,34171,SANTIBÁÑEZ DE LA PEÑA,42.8089295,-4.7299233
34,34174,SANTOYO,42.2149995,-4.3431765
34,34175,SERNA (LA),42.4157678,-4.6645088
34,34176,SOTOBAÑADO Y PRIORATO,42.5899293,-4.4422136
34,34177,SOTO DE CERRATO,41.9530164,-4.4301671
34,34178,TABANERA DE CERRATO,42.0247826,-4.1234622
34,34180,TÁMARA DE CAMPOS,42.2035789,-4.3935873
34,34181,TARIEGO DE CERRATO,41.9049336,-4.4811717
34,34182,TORQUEMADA,42.0340573,-4.3189266
34,34184,TORREMORMOJÓN,41.9605467,-4.7776238
34,34185,TRIOLLO,42.9243179,-4.6810643
34,34186,VALBUENA DE PISUERGA,42.1457693,-4.2387558
34,34189,VALDEOLMILLOS,42.0410076,-4.3999815
34,34190,VALDERRÁBANO,42.606366,-4.6557314
34,34192,VALDE-UCIEZA,42.3971917,-4.5771601
34,34196,VALLE DE CERRATO,41.8798301,-4.3621839
34,34199,VELILLA DEL RÍO CARRIÓN,42.8260298,-4.8473699
34,34201,VERTAVILLO,41.8327417,-4.3269532
34,34202,VILLABASTA DE VALDAVIA,42.5606139,-4.6025948
34,34204,VILLACIDALER,42.2214182,-4.9759098
34,34205,VILLACONANCIO,41.8714837,-4.223565
34,34206,VILLADA,42.2503959,-4.9671551
34,34208,VILLAELES DE VALDAVIA,42.5659809,-4.5838316
34,34210,VILLAHÁN,42.050492,-4.131614
34,34211,VILLAHERREROS,42.3886413,-4.4626671
34,34213,VILLALACO,42.1547483,-4.259306
34,34214,VILLALBA DE GUARDO,42.7217174,-4.8234443
34,34215,VILLALCÁZAR DE SIRGA,42.3167118,-4.541803
34,34216,VILLALCÓN,42.2927331,-4.8546716
34,34217,VILLALOBÓN,42.0306729,-4.5036687
34,34218,VILLALUENGA DE LA VEGA,42.5231823,-4.7650478
34,34220,VILLAMARTÍN DE CAMPOS,42.0163797,-4.6630388
34,34221,VILLAMEDIANA,42.0501652,-4.3612173
34,34222,VILLAMERIEL,42.5284016,-4.4756512
34,34223,VILLAMORONTA,42.402789,-4.6989708
34,34224,VILLAMUERA DE LA CUEZA,42.2588686,-4.6881539
34,34225,VILLAMURIEL DE CERRATO,41.9515154,-4.5151999
34,34227,VILLANUEVA DEL REBOLLAR,42.2412431,-4.7420949
34,34228,VILLANUÑO DE VALDAVIA,42.5074461,-4.5190881
34,34229,VILLAPROVEDO,42.5169576,-4.3963974
34,34230,VILLARMENTERO DE CAMPOS,42.2971612,-4.499231
34,34231,VILLARRABÉ,42.4206517,-4.7840853
34,34232,VILLARRAMIEL,42.0431165,-4.9131746
34,34233,VILLASARRACINO,42.4126984,-4.4960199
34,34234,VILLASILA DE VALDAVIA,42.5320097,-4.5588013
34,34236,VILLATURDE,42.3779394,-4.670475
34,34237,VILLAUMBRALES,42.0889343,-4.6130007
34,34238,VILLAVIUDAS,41.9616715,-4.3415693
34,34240,VILLERÍAS DE CAMPOS,41.9447004,-4.8560902
34,34241,VILLODRE,42.211561,-4.2458531
34,34242,VILLODRIGO,42.144524,-4.0947851
34,34243,VILLOLDO,42.2450964,-4.5965081
34,34245,VILLOTA DEL PÁRAMO,42.5522706,-4.8480686
34,34246,VILLOVIECO,42.2954371,-4.4819042
34,34901,OSORNO LA MAYOR,42.4106725,-4.3609815
34,34902,VALLE DEL RETORTILLO,42.2161871,-4.7757869
34,34903,LOMA DE UCIEZA,42.4771428,-4.5787165
34,34904,PERNÍA (LA),43.0034956,-4.5051133
35,35001,AGAETE,28.1008499,-15.7023479
35,35002,AGÜIMES,27.9049541,-15.4445131
35,35003,ANTIGUA,28.4204111,-14.0130914
35,35004,ARRECIFE,28.9639681,-13.5499014
35,35005,ARTENARA,28.0200099,-15.6465416
35,35006,ARUCAS,28.1184492,-15.5232237
35,35007,BETANCURIA,28.4249637,-14.0573104
35,35008,FIRGAS,28.1072107,-15.5632366
35,35009,GÁLDAR,28.1442408,-15.6542506
35,35010,HARÍA,29.1458859,-13.5001038
35,35011,INGENIO,27.9183781,-15.4357949
35,35012,MOGÁN,27.8838269,-15.7229909
35,35013,MOYA,28.1107662,-15.583223
35,35014,OLIVA (LA),28.6487751,-13.9225701
35,35015,PÁJARA,28.3497867,-14.1080857
35,35016,PALMAS DE GRAN CANARIA (LAS),28.1344745,-15.4350894
35,35017,PUERTO DEL ROSARIO,28.4993424,-13.8599051
35,35018,SAN BARTOLOMÉ,29.0017041,-13.6139122
35,35019,SAN BARTOLOMÉ DE TIRAJANA,27.9252512,-15.5729983
35,35020,ALDEA DE SAN NICOLÁS (LA),27.9853847,-15.7827267
35,35021,SANTA BRÍGIDA,28.035684,-15.4974676
35,35022,SANTA LUCÍA DE TIRAJANA,27.9115471,-15.5405202
35,35023,SANTA MARÍA DE GUÍA DE GRAN CANARIA,28.1390522,-15.6318282
35,35024,TEGUISE,29.0592518,-13.5602184
35,35025,TEJEDA,27.9953756,-15.6153664
35,35026,TELDE,27.9984538,-15.4166761
35,35027,TEROR,28.0590002,-15.5475653
35,35028,TÍAS,28.9543147,-13.6529153
35,35029,TINAJO,29.0665593,-13.6764612
35,35030,TUINEJE,28.3256078,-14.0460201
35,35031,VALSEQUILLO DE GRAN CANARIA,27.9820289,-15.5077157
35,35032,VALLESECO,28.0501609,-15.5744925
35,35033,VEGA DE SAN MATEO,28.0095796,-15.5325123
35,35034,YAIZA,28.9528697,-13.7642134
36,36001,ARBO,42.1201334,-8.3182402
36,36002,BARRO,42.5210289,-8.6394501
36,36003,BAIONA,42.1195339,-8.8501649
36,36004,BUEU,42.3272768,-8.7863966
36,36005,CALDAS DE REIS,42.6041056,-8.6421712
36,36006,CAMBADOS,42.51439,-8.8138414
36,36007,CAMPO LAMEIRO,42.5379231,-8.5101215
36,36008,CANGAS,42.277908,-8.789634
36,36009,CAÑIZA (A),42.2158506,-8.2790051
36,36010,CATOIRA,42.6672017,-8.7218548
36,36013,COVELO,42.2683939,-8.3527426
36,36014,CRECENTE,42.1516954,-8.2239168
36,36015,CUNTIS,42.6353362,-8.5617942
36,36016,DOZÓN,42.5950221,-8.0473457
36,36017,ESTRADA (A),42.6880102,-8.4907139
36,36018,FORCAREI,42.5900309,-8.3509643
36,36019,FORNELOS DE MONTES,42.3278337,-8.4353139
36,36020,AGOLADA,42.762592,-8.0184167
36,36021,GONDOMAR,42.1107672,-8.7620688
36,36022,GROVE (O),42.4693872,-8.8949654
36,36023,GUARDA (A),41.9012351,-8.87412
36,36024,LALÍN,42.6614127,-8.1109759
36,36025,LAMA (A),42.4153636,-8.3865621
36,36026,MARÍN,42.3922393,-8.7029421
36,36027,MEAÑO,42.4529577,-8.7915587
36,36028,MEIS,42.4996133,-8.7249365
36,36029,MOAÑA,42.2816553,-8.7356868
36,36030,MONDARIZ,42.2329417,-8.4548756
36,36031,MONDARIZ-BALNEARIO,42.2194134,-8.4713577
36,36032,MORAÑA,42.5625536,-8.5851562
36,36033,MOS,42.1879926,-8.6262198
36,36034,NEVES (AS),42.0882235,-8.4148446
36,36035,NIGRÁN,42.1405445,-8.8070821
36,36036,OIA,42.031505,-8.8444098
36,36038,PONTEVEDRA,42.4318876,-8.6431592
36,36039,PORRIÑO (O),42.1618812,-8.6202683
36,36040,PORTAS,42.5639366,-8.6570848
36,36041,POIO,42.4419456,-8.6921884
36,36042,PONTEAREAS,42.1741836,-8.5050427
36,36043,PONTE CALDELAS,42.3888113,-8.501742
36,36044,PONTECESURES,42.7169943,-8.6438448
36,36045,REDONDELA,42.284221,-8.6085992
36,36046,RIBADUMIA,42.51333,-8.7537606
36,36047,RODEIRO,42.6490377,-7.9481672
36,36048,ROSAL (O),41.936719,-8.8256755
36,36049,SALCEDA DE CASELAS,42.1068416,-8.5620619
36,36050,SALVATERRA DE MIÑO,42.1081234,-8.4897937
36,36051,SANXENXO,42.4003559,-8.8065952
36,36052,SILLEDA,42.697981,-8.2466373
36,36053,SOUTOMAIOR,42.3386253,-8.5726276
36,36054,TOMIÑO,41.9960109,-8.731412
36,36055,TUI,42.0501375,-8.6466411
36,36056,VALGA,42.6892659,-8.6481157
36,36057,VIGO,42.2376602,-8.7247205
36,36058,VILABOA,42.3433945,-8.6641497
36,36059,VILA DE CRUCES,42.7937228,-8.1699391
36,36060,VILAGARCÍA DE AROUSA,42.5950502,-8.7430537
36,36061,VILANOVA DE AROUSA,42.5622257,-8.8265651
36,36901,ILLA DE AROUSA (A),42.550039,-8.8671561
36,36902,CERDEDO-COTOBADE,42.5503595,-8.4072896
37,37001,ABUSEJO,40.708994,-6.1407932
37,37002,AGALLAS,40.4489784,-6.4414485
37,37003,AHIGAL DE LOS ACEITEROS,40.8724904,-6.7462417
37,37004,AHIGAL DE VILLARINO,41.1579679,-6.3793342
37,37005,ALAMEDA DE GARDÓN (LA),40.6560688,-6.7614311
37,37006,ALAMEDILLA (LA),40.9682428,-5.658483
37,37007,ALARAZ,40.7479808,-5.2880434
37,37008,ALBA DE TORMES,40.8266317,-5.514271
37,37009,ALBA DE YELTES,40.6714704,-6.3164684
37,37010,ALBERCA (LA),40.4889361,-6.1104867
37,37011,ALBERGUERÍA DE ARGAÑÁN (LA),40.4559348,-6.8293672
37,37012,ALCONADA,40.9116545,-5.3622294
37,37013,ALDEACIPRESTE,40.3811075,-5.8978503
37,37014,ALDEADÁVILA DE LA RIBERA,41.2185533,-6.6197619
37,37015,ALDEA DEL OBISPO,40.7070822,-6.7928804
37,37016,ALDEALENGUA,40.9810571,-5.5507326
37,37017,ALDEANUEVA DE FIGUEROA,41.1475441,-5.523389
37,37018,ALDEANUEVA DE LA SIERRA,40.6151176,-6.1002946
37,37019,ALDEARRODRIGO,41.1111845,-5.8063091
37,37020,ALDEARRUBIA,41.008202,-5.4989374
37,37021,ALDEASECA DE ALBA,40.8192396,-5.4457359
37,37022,ALDEASECA DE LA FRONTERA,40.9414175,-5.2067447
37,37023,ALDEATEJADA,40.9249715,-5.6910803
37,37024,ALDEAVIEJA DE TORMES,40.5831764,-5.6163061
37,37025,ALDEHUELA DE LA BÓVEDA,40.8445104,-6.048226
37,37026,ALDEHUELA DE YELTES,40.6625539,-6.243397
37,37027,ALMENARA DE TORMES,41.0640987,-5.822883
37,37028,ALMENDRA,41.2296884,-6.3407669
37,37029,ANAYA DE ALBA,40.7277827,-5.4923608
37,37030,AÑOVER DE TORMES,41.1364093,-5.9148371
37,37031,ARABAYONA DE MÓGICA,41.0472623,-5.3861148
37,37032,ARAPILES,40.8938024,-5.6454046
37,37033,ARCEDIANO,41.0936182,-5.5602675
37,37034,ARCO (EL),41.1100862,-5.8244943
37,37035,ARMENTEROS,40.5927066,-5.4482568
37,37036,SAN MIGUEL DEL ROBLEDO,40.5367707,-6.0449626
37,37037,ATALAYA (LA),40.5030788,-6.4140467
37,37038,BABILAFUENTE,40.9776248,-5.4252383
37,37039,BAÑOBÁREZ,40.8493325,-6.6127882
37,37040,BARBADILLO,40.932821,-5.881979
37,37041,BARBALOS,40.6770678,-5.9421514
37,37042,BARCEO,41.0612538,-6.452043
37,37044,BARRUECOPARDO,41.0725456,-6.6662383
37,37045,BASTIDA (LA),40.5764747,-6.0611439
37,37046,BÉJAR,40.3865812,-5.7649619
37,37047,BELEÑA,40.749959,-5.6265822
37,37049,BERMELLAR,40.9994319,-6.6710727
37,37050,BERROCAL DE HUEBRA,40.7187428,-6.0002251
37,37051,BERROCAL DE SALVATIERRA,40.633183,-5.6888316
37,37052,BOADA,40.8156221,-6.3055378
37,37054,BODÓN (EL),40.4868949,-6.5755741
37,37055,BOGAJO,40.9057597,-6.5304633
37,37056,BOUZA (LA),40.836137,-6.7963394
37,37057,BÓVEDA DEL RÍO ALMAR,40.8574402,-5.2103225
37,37058,BRINCONES,41.1146754,-6.3479305
37,37059,BUENAMADRE,40.8568903,-6.2508147
37,37060,BUENAVISTA,40.7672996,-5.6112011
37,37061,CABACO (EL),40.5648424,-6.1276745
37,37062,CABEZABELLOSA DE LA CALZADA,41.0444068,-5.4890785
37,37063,CABEZA DE BÉJAR (LA),40.518071,-5.6622653
37,37065,CABEZA DEL CABALLO,41.1293878,-6.558837
37,37067,CABRERIZOS,40.9786623,-5.6090032
37,37068,CABRILLAS,40.7397092,-6.1779843
37,37069,CALVARRASA DE ABAJO,40.9466557,-5.5525911
37,37070,CALVARRASA DE ARRIBA,40.9064199,-5.5923007
37,37071,CALZADA DE BÉJAR (LA),40.4026786,-5.8189692
37,37072,CALZADA DE DON DIEGO,40.905963,-5.9020784
37,37073,CALZADA DE VALDUNCIEL,41.0866628,-5.7023399
37,37074,CAMPILLO DE AZABA,40.510727,-6.6888708
37,37077,CAMPO DE PEÑARANDA (EL),40.9861181,-5.2574966
37,37078,CANDELARIO,40.368422,-5.7448323
37,37079,CANILLAS DE ABAJO,40.9222051,-5.9289689
37,37080,CANTAGALLO,40.3730712,-5.8177649
37,37081,CANTALAPIEDRA,41.1236417,-5.1828833
37,37082,CANTALPINO,41.0525942,-5.329936
37,37083,CANTARACILLO,40.9034493,-5.1635137
37,37085,CARBAJOSA DE LA SAGRADA,40.9329307,-5.6508263
37,37086,CARPIO DE AZABA,40.5957827,-6.646288
37,37087,CARRASCAL DE BARREGAS,40.9785475,-5.761562
37,37088,CARRASCAL DEL OBISPO,40.7635857,-5.9981445
37,37089,CASAFRANCA,40.5938599,-5.7604576
37,37090,CASAS DEL CONDE (LAS),40.505367,-6.0450912
37,37091,CASILLAS DE FLORES,40.3831083,-6.7534567
37,37092,CASTELLANOS DE MORISCOS,41.018499,-5.5901998
37,37096,CASTILLEJO DE MARTÍN VIEJO,40.7010553,-6.645907
37,37097,CASTRAZ,40.7054079,-6.3340007
37,37098,CEPEDA,40.4651479,-6.0407743
37,37099,CERECEDA DE LA SIERRA,40.5662971,-6.0923097
37,37100,CEREZAL DE PEÑAHORCADA,41.1303953,-6.6538463
37,37101,CERRALBO,40.9743999,-6.5868328
37,37102,CERRO (EL),40.3270387,-5.9159836
37,37103,CESPEDOSA DE TORMES,40.5445749,-5.5796454
37,37104,CILLEROS DE LA BASTIDA,40.5764747,-6.0611439
37,37106,CIPÉREZ,40.9626362,-6.2649394
37,37107,CIUDAD RODRIGO,40.5973921,-6.5335182
37,37108,COCA DE ALBA,40.8780162,-5.3649354
37,37109,COLMENAR DE MONTEMAYOR,40.3992434,-5.956276
37,37110,CORDOVILLA,40.9512623,-5.4070677
37,37112,CRISTÓBAL,40.4692924,-5.8898816
37,37113,CUBO DE DON SANCHO (EL),40.8946,-6.3074883
37,37114,CHAGARCÍA MEDIANERO,40.6490995,-5.3814275
37,37115,DIOS LE GUARDE,40.6421867,-6.3114043
37,37116,DOÑINOS DE LEDESMA,41.0115802,-6.0339649
37,37117,DOÑINOS DE SALAMANCA,40.9592297,-5.7461394
37,37118,ÉJEME,40.7666852,-5.5390425
37,37119,ENCINA (LA),40.4993696,-6.5305442
37,37120,ENCINA DE SAN SILVESTRE,41.014567,-6.0927389
37,37121,ENCINAS DE ABAJO,40.9343682,-5.4696984
37,37122,ENCINAS DE ARRIBA,40.7709572,-5.556518
37,37123,ENCINASOLA DE LOS COMENDADORES,41.0304889,-6.5317368
37,37124,ENDRINAL,40.5906451,-5.8043348
37,37125,ESCURIAL DE LA SIERRA,40.6165029,-5.9543708
37,37126,ESPADAÑA,41.0622425,-6.2852703
37,37127,ESPEJA,40.5656698,-6.7157965
37,37128,ESPINO DE LA ORBADA,41.1072603,-5.4238395
37,37129,FLORIDA DE LIÉBANA,41.0246765,-5.7619788
37,37130,FORFOLEDA,41.0990542,-5.7491261
37,37131,FRADES DE LA SIERRA,40.6577295,-5.7837246
37,37132,FREGENEDA (LA),40.9891609,-6.8661515
37,37133,FRESNEDOSO,40.4363188,-5.70964
37,37134,FRESNO ALHÁNDIGA,40.7127047,-5.6164191
37,37135,FUENTE DE SAN ESTEBAN (LA),40.8016667,-6.2584252
37,37136,FUENTEGUINALDO,40.4291186,-6.676293
37,37137,FUENTELIANTE,40.8752009,-6.5726791
37,37138,FUENTERROBLE DE SALVATIERRA,40.5640872,-5.7338898
37,37139,FUENTES DE BÉJAR,40.5091667,-5.6916642
37,37140,FUENTES DE OÑORO,40.5885229,-6.8132385
37,37141,GAJATES,40.7823957,-5.3647374
37,37142,GALINDO Y PERAHUY,40.9430522,-5.8721458
37,37143,GALINDUSTE,40.6640934,-5.5398866
37,37144,GALISANCHO,40.7436125,-5.5552805
37,37145,GALLEGOS DE ARGAÑÁN,40.6310965,-6.7021817
37,37146,GALLEGOS DE SOLMIRÓN,40.5369588,-5.4477376
37,37147,GARCIBUEY,40.5160656,-5.9922747
37,37148,GARCIHERNÁNDEZ,40.8600646,-5.4357531
37,37149,GARCIRREY,40.9013423,-6.1302791
37,37150,GEJUELO DEL BARRO,41.0771748,-6.1237903
37,37151,GOLPEJAS,40.9998207,-5.9078911
37,37152,GOMECELLO,41.0430324,-5.535045
37,37154,GUADRAMIRO,41.0169758,-6.4932794
37,37155,GUIJO DE ÁVILA,40.5307637,-5.6401978
37,37156,GUIJUELO,40.5578842,-5.6704362
37,37157,HERGUIJUELA DE CIUDAD RODRIGO,40.4582826,-6.5209705
37,37158,HERGUIJUELA DE LA SIERRA,40.4452222,-6.0744174
37,37159,HERGUIJUELA DEL CAMPO,40.6307421,-5.8637055
37,37160,HINOJOSA DE DUERO,40.9859156,-6.7956914
37,37161,HORCAJO DE MONTEMAYOR,40.4215003,-5.8945223
37,37162,HORCAJO MEDIANERO,40.6393197,-5.4057376
37,37164,HUERTA,40.9684453,-5.468435
37,37165,IRUELOS,41.1417403,-6.3281576
37,37166,ITUERO DE AZABA,40.4849112,-6.6932156
37,37167,JUZBADO,41.0775544,-5.8609827
37,37168,LAGUNILLA,40.3247404,-5.9717522
37,37169,LARRODRIGO,40.7366281,-5.4491021
37,37170,LEDESMA,41.0903872,-5.9987649
37,37171,LEDRADA,40.4688626,-5.7200543
37,37172,LINARES DE RIOFRÍO,40.5822963,-5.9195865
37,37173,LUMBRALES,40.9364713,-6.7204227
37,37174,MACOTERA,40.8307306,-5.2853851
37,37175,MACHACÓN,40.9260708,-5.5241651
37,37176,MADROÑAL,40.4642383,-6.0628365
37,37177,MAÍLLO (EL),40.5648766,-6.1797357
37,37178,MALPARTIDA,40.7625157,-5.2326741
37,37179,MANCERA DE ABAJO,40.8398631,-5.1989493
37,37180,MANZANO (EL),41.1749604,-6.2875837
37,37181,MARTIAGO,40.4542174,-6.490017
37,37182,MARTINAMOR,40.8067817,-5.6000097
37,37183,MARTÍN DE YELTES,40.775789,-6.2912793
37,37184,MASUECO,41.2039379,-6.5887606
37,37185,CASTELLANOS DE VILLIQUERA,41.0522121,-5.6948621
37,37186,MATA DE LEDESMA (LA),41.0010711,-5.9720849
37,37187,MATILLA DE LOS CAÑOS DEL RÍO,40.8250251,-5.9429224
37,37188,MAYA (LA),40.6864019,-5.6125238
37,37189,MEMBRIBE DE LA SIERRA,40.6903863,-5.8063282
37,37190,MIEZA,41.1629627,-6.6902782
37,37191,MILANO (EL),41.0923837,-6.5984217
37,37192,MIRANDA DE AZÁN,40.8868068,-5.6817029
37,37193,MIRANDA DEL CASTAÑAR,40.4843849,-5.9988087
37,37194,MOGARRAZ,40.4922174,-6.0532476
37,37195,MOLINILLO,40.4689678,-5.9451942
37,37196,MONFORTE DE LA SIERRA,40.4832509,-6.056028
37,37197,MONLEÓN,40.584442,-5.8471379
37,37198,MONLERAS,41.1862209,-6.2265124
37,37199,MONSAGRO,40.5036793,-6.2711505
37,37200,MONTEJO,40.6329037,-5.6224313
37,37201,MONTEMAYOR DEL RÍO,40.3478223,-5.8948548
37,37202,MONTERRUBIO DE ARMUÑA,41.0277653,-5.6422552
37,37203,MONTERRUBIO DE LA SIERRA,40.7561053,-5.6927414
37,37204,MORASVERDES,40.6030935,-6.2745505
37,37205,MORILLE,40.8082578,-5.6972237
37,37206,MORÍÑIGO,40.9706153,-5.4138031
37,37207,MORISCOS,41.0080976,-5.5831022
37,37208,MORONTA,40.9773108,-6.4302682
37,37209,MOZÁRBEZ,40.8563307,-5.6513631
37,37211,NARROS DE MATALAYEGUA,40.6990633,-5.9268707
37,37212,NAVACARROS,40.3979551,-5.7143348
37,37213,NAVA DE BÉJAR,40.4754326,-5.6787329
37,37214,NAVA DE FRANCIA,40.5362584,-6.1135342
37,37215,NAVA DE SOTROBAL,40.8896401,-5.2857299
37,37216,NAVALES,40.7885321,-5.4789303
37,37217,NAVALMORAL DE BÉJAR,40.4231446,-5.782842
37,37218,NAVAMORALES,40.4769369,-5.4786156
37,37219,NAVARREDONDA DE LA RINCONADA,40.6068262,-6.0114772
37,37221,NAVASFRÍAS,40.2959784,-6.8192419
37,37222,NEGRILLA DE PALENCIA,41.0919534,-5.5922535
37,37223,OLMEDO DE CAMACES,40.8804555,-6.6236298
37,37224,ORBADA (LA),41.1022683,-5.4829879
37,37225,PAJARES DE LA LAGUNA,41.0875757,-5.5090893
37,37226,PALACIOS DEL ARZOBISPO,41.1659793,-5.8899757
37,37228,PALACIOSRUBIOS,41.0523543,-5.1948709
37,37229,PALENCIA DE NEGRILLA,41.0942842,-5.6014023
37,37230,PARADA DE ARRIBA,40.986719,-5.7922196
37,37231,PARADA DE RUBIALES,41.1479206,-5.4362186
37,37232,PARADINAS DE SAN JUAN,40.9839936,-5.1534922
37,37233,PASTORES,40.5149268,-6.5100082
37,37234,PAYO (EL),40.2858625,-6.7274018
37,37235,PEDRAZA DE ALBA,40.7562378,-5.373362
37,37236,PEDROSILLO DE ALBA,40.8225583,-5.3953579
37,37237,PEDROSILLO DE LOS AIRES,40.7149387,-5.7050775
37,37238,PEDROSILLO EL RALO,41.0632531,-5.5476734
37,37239,PEDROSO DE LA ARMUÑA (EL),41.0807399,-5.3990988
37,37240,PELABRAVO,40.9366792,-5.5790972
37,37241,PELARRODRÍGUEZ,40.887749,-6.211184
37,37242,PELAYOS,40.6497928,-5.5756541
37,37243,PEÑA (LA),41.2242087,-5.9059134
37,37244,PEÑACABALLERA,40.3442754,-5.8606859
37,37245,PEÑAPARDA,40.3203715,-6.6704375
37,37246,PEÑARANDA DE BRACAMONTE,40.9024602,-5.2006416
37,37247,PEÑARANDILLA,40.8834297,-5.3931811
37,37248,PERALEJOS DE ABAJO,41.0042658,-6.3620466
37,37249,PERALEJOS DE ARRIBA,41.0048108,-6.3337391
37,37250,PEREÑA DE LA RIBERA,41.2394584,-6.5233717
37,37251,PEROMINGO,40.4635923,-5.7721684
37,37252,PINEDAS,40.4450129,-5.9609431
37,37253,PINO DE TORMES (EL),41.0360366,-5.7751201
37,37254,PITIEGUA,41.0626777,-5.466176
37,37255,PIZARRAL,40.6161491,-5.6503843
37,37256,POVEDA DE LAS CINTAS,41.0463168,-5.2604557
37,37257,POZOS DE HINOJO,40.9137675,-6.4111023
37,37258,PUEBLA DE AZABA,40.446894,-6.7456794
37,37259,PUEBLA DE SAN MEDEL,40.5118883,-5.7377132
37,37260,PUEBLA DE YELTES,40.6250248,-6.18205
37,37261,PUENTE DEL CONGOSTO,40.4894071,-5.5261785
37,37262,PUERTAS,41.0972025,-6.2869626
37,37263,PUERTO DE BÉJAR,40.350033,-5.8388761
37,37264,PUERTO SEGURO,40.8274835,-6.7606594
37,37265,RÁGAMA,40.9970072,-5.1274597
37,37266,REDONDA (LA),40.9080833,-6.7489952
37,37267,RETORTILLO,40.8016102,-6.359478
37,37268,RINCONADA DE LA SIERRA (LA),40.6123964,-6.0199001
37,37269,ROBLEDA,40.3855498,-6.6043166
37,37270,ROBLIZA DE COJOS,40.8673278,-5.9772044
37,37271,ROLLÁN,40.962603,-5.9177328
37,37272,SAELICES EL CHICO,40.6696789,-6.6333393
37,37273,SAGRADA (LA),40.7437184,-6.0712929
37,37274,SALAMANCA,40.9651572,-5.6640182
37,37275,SALDEANA,41.0213972,-6.6379698
37,37276,SALMORAL,40.8015774,-5.2193644
37,37277,SALVATIERRA DE TORMES,40.5886164,-5.5980169
37,37278,SAN CRISTÓBAL DE LA CUESTA,41.0292742,-5.6186299
37,37279,SANCTI-SPÍRITUS,40.7054616,-6.4005474
37,37280,SANCHÓN DE LA RIBERA,41.0884029,-6.4137772
37,37281,SANCHÓN DE LA SAGRADA,40.743199,-6.0249609
37,37282,SANCHOTELLO,40.4383246,-5.7532266
37,37283,SANDO,40.9684419,-6.1109973
37,37284,SAN ESTEBAN DE LA SIERRA,40.506534,-5.9061444
37,37285,SAN FELICES DE LOS GALLEGOS,40.850122,-6.7088436
37,37286,SAN MARTÍN DEL CASTAÑAR,40.5222349,-6.0646428
37,37287,SAN MIGUEL DE VALERO,40.5420995,-5.9225133
37,37288,SAN MORALES,40.9935287,-5.5022626
37,37289,SAN MUÑOZ,40.7847654,-6.1265642
37,37290,SAN PEDRO DEL VALLE,41.0335775,-5.8607152
37,37291,SAN PEDRO DE ROZADOS,40.790471,-5.7381386
37,37292,SAN PELAYO DE GUAREÑA,41.1165634,-5.8575464
37,37293,SANTA MARÍA DE SANDO,40.9787511,-6.1289175
37,37294,SANTA MARTA DE TORMES,40.9492102,-5.6306215
37,37296,SANTIAGO DE LA PUEBLA,40.8019518,-5.2798486
37,37297,SANTIBÁÑEZ DE BÉJAR,40.4885673,-5.6118141
37,37298,SANTIBÁÑEZ DE LA SIERRA,40.4943348,-5.9152698
37,37299,SANTIZ,41.2058865,-5.8960447
37,37300,SANTOS (LOS),40.5449825,-5.7972566
37,37301,SARDÓN DE LOS FRAILES,41.2145473,-6.270895
37,37302,SAUCELLE,41.0481976,-6.7513831
37,37303,SAHUGO (EL),40.4144679,-6.5418679
37,37304,SEPULCRO-HILARIO,40.6988563,-6.186224
37,37305,SEQUEROS,40.5120817,-6.0246972
37,37306,SERRADILLA DEL ARROYO,40.5214395,-6.3599052
37,37307,SERRADILLA DEL LLANO,40.5003242,-6.3566894
37,37309,SIERPE (LA),40.645467,-5.8569297
37,37310,SIETEIGLESIAS DE TORMES,40.7427699,-5.5763835
37,37311,SOBRADILLO,40.9175505,-6.7988431
37,37312,SORIHUELA,40.4440404,-5.6778047
37,37313,SOTOSERRANO,40.4373792,-6.0332967
37,37314,TABERA DE ABAJO,40.9105527,-6.0014533
37,37315,TALA (LA),40.5896769,-5.5360129
37,37316,TAMAMES,40.6567714,-6.1056098
37,37317,TARAZONA DE GUAREÑA,41.1722212,-5.2499246
37,37318,TARDÁGUILA,41.1142681,-5.5742762
37,37319,TEJADO (EL),40.4426592,-5.5388481
37,37320,TEJEDA Y SEGOYUELA,40.6321386,-6.023044
37,37321,TENEBRÓN,40.6247336,-6.3548703
37,37322,TERRADILLOS,40.8389232,-5.5411976
37,37323,TOPAS,41.1574766,-5.6329809
37,37324,TORDILLOS,40.8522744,-5.3519824
37,37325,TORNADIZO (EL),40.5420699,-5.8930586
37,37327,TORRESMENUDAS,41.1023316,-5.7847217
37,37328,TRABANCA,41.2328785,-6.3837424
37,37329,TREMEDAL DE TORMES,41.0744047,-6.1815403
37,37330,VALDECARROS,40.7693875,-5.422323
37,37331,VALDEFUENTES DE SANGUSÍN,40.4663875,-5.8326427
37,37332,VALDEHIJADEROS,40.4193015,-5.8489097
37,37333,VALDELACASA,40.5059938,-5.7640448
37,37334,VALDELAGEVE,40.3691265,-5.9910255
37,37335,VALDELOSA,41.1713985,-5.7839875
37,37336,VALDEMIERQUE,40.8228876,-5.581335
37,37337,VALDERRODRIGO,41.0657644,-6.5079709
37,37338,VALDUNCIEL,41.0857338,-5.6715006
37,37339,VALERO,40.5347585,-5.9419416
37,37340,VALSALABROSO,41.1099617,-6.5028074
37,37341,VALVERDE DE VALDELACASA,40.4812228,-5.7811248
37,37342,VALVERDÓN,41.0468489,-5.7695719
37,37343,VALLEJERA DE RIOFRÍO,40.4091472,-5.719642
37,37344,VECINOS,40.7782176,-5.8782606
37,37345,VEGA DE TIRADOS,41.0252969,-5.8871142
37,37346,VEGUILLAS (LAS),40.7151029,-5.8317931
37,37347,VELLÉS (LA),41.0740754,-5.5672793
37,37348,VENTOSA DEL RÍO ALMAR,40.927724,-5.3482694
37,37349,VÍDOLA (LA),41.1537832,-6.4878943
37,37350,VILVESTRE,41.1036585,-6.7235558
37,37351,VILLAFLORES,41.0844747,-5.2333507
37,37352,VILLAGONZALO DE TORMES,40.892027,-5.4969423
37,37353,VILLALBA DE LOS LLANOS,40.8003129,-5.9743565
37,37354,VILLAMAYOR,40.9983869,-5.6958422
37,37355,VILLANUEVA DEL CONDE,40.5104644,-6.0112729
37,37356,VILLAR DE ARGAÑÁN,40.6733187,-6.7187284
37,37357,VILLAR DE CIERVO,40.7377372,-6.7390982
37,37358,VILLAR DE GALLIMAZO,40.9536258,-5.2887111
37,37359,VILLAR DE LA YEGUA,40.7259958,-6.7039499
37,37360,VILLAR DE PERALONSO,41.0322087,-6.2223596
37,37361,VILLAR DE SAMANIEGO,41.1234582,-6.4467365
37,37362,VILLARES DE LA REINA,41.0091562,-5.6489616
37,37363,VILLARES DE YELTES,40.866931,-6.4132711
37,37364,VILLARINO DE LOS AIRES,41.2702654,-6.4681957
37,37365,VILLARMAYOR,41.0157341,-5.9711206
37,37366,VILLARMUERTO,41.0564519,-6.3629639
37,37367,VILLASBUENAS,41.0626265,-6.5973185
37,37368,VILLASDARDO,41.0041648,-6.1620485
37,37369,VILLASECO DE LOS GAMITOS,41.0363667,-6.1132214
37,37370,VILLASECO DE LOS REYES,41.1625959,-6.184847
37,37371,VILLASRUBIAS,40.3389758,-6.6383329
37,37372,VILLAVERDE DE GUAREÑA,41.0642682,-5.5251222
37,37373,VILLAVIEJA DE YELTES,40.8760816,-6.4675359
37,37374,VILLORIA,40.9949984,-5.3743706
37,37375,VILLORUELA,41.0083252,-5.3937542
37,37376,VITIGUDINO,41.0086675,-6.4353797
37,37377,YECLA DE YELTES,40.9595529,-6.488173
37,37378,ZAMARRA,40.5192206,-6.4527286
37,37379,ZAMAYÓN,41.1475754,-5.8300362
37,37380,ZARAPICOS,41.038896,-5.8445454
37,37381,ZARZA DE PUMAREDA (LA),41.1625985,-6.6281923
37,37382,ZORITA DE LA FRONTERA,41.0145341,-5.1965946
38,38001,ADEJE,28.1219416,-16.7241893
38,38002,AGULO,28.1881791,-17.1945669
38,38003,ALAJERÓ,28.0619917,-17.2383666
38,38004,ARAFO,28.3404454,-16.4173287
38,38005,ARICO,28.190527,-16.49776
38,38006,ARONA,28.0996248,-16.6809103
38,38007,BARLOVENTO,28.8294169,-17.803359
38,38008,BREÑA ALTA,28.6637814,-17.7867588
38,38009,BREÑA BAJA,28.6305385,-17.7901768
38,38010,BUENAVISTA DEL NORTE,28.3721177,-16.8512557
38,38011,CANDELARIA,28.3546715,-16.3710091
38,38012,FASNIA,28.2356006,-16.4393504
38,38013,FRONTERA,27.7534804,-18.0107229
38,38014,FUENCALIENTE DE LA PALMA,28.5071503,-17.8412107
38,38015,GARACHICO,28.373686,-16.7640491
38,38016,GARAFÍA,28.8038117,-17.9169741
38,38017,GRANADILLA DE ABONA,28.1221408,-16.5766728
38,38018,GUANCHA (LA),28.3738326,-16.6515762
38,38019,GUÍA DE ISORA,28.2101368,-16.7787271
38,38020,GÜÍMAR,28.3150189,-16.4099501
38,38021,HERMIGUA,28.1499249,-17.1989529
38,38022,ICOD DE LOS VINOS,28.3680548,-16.7176389
38,38023,SAN CRISTÓBAL DE LA LAGUNA,28.4857715,-16.3159422
38,38024,LLANOS DE ARIDANE (LOS),28.658972,-17.9131515
38,38025,MATANZA DE ACENTEJO (LA),28.4529931,-16.442792
38,38026,OROTAVA (LA),28.4025205,-16.5102637
38,38027,PASO (EL),28.6514036,-17.8799155
38,38028,PUERTO DE LA CRUZ,28.4159024,-16.5532956
38,38029,PUNTAGORDA,28.7682621,-17.9792892
38,38030,PUNTALLANA,28.7379673,-17.7465582
38,38031,REALEJOS (LOS),28.3503569,-16.5851705
38,38032,ROSARIO (EL),28.4044462,-16.3330086
38,38033,SAN ANDRÉS Y SAUCES,28.7809975,-17.7931666
38,38034,SAN JUAN DE LA RAMBLA,28.3527373,-16.6246406
38,38035,SAN MIGUEL DE ABONA,28.0992051,-16.6167914
38,38036,SAN SEBASTIÁN DE LA GOMERA,28.0910382,-17.1110077
38,38037,SANTA CRUZ DE LA PALMA,28.6818901,-17.7663354
38,38038,SANTA CRUZ DE TENERIFE,28.467178,-16.2507843
38,38039,SANTA ÚRSULA,28.4253094,-16.4917392
38,38040,SANTIAGO DEL TEIDE,28.2957363,-16.8144779
38,38041,SAUZAL (EL),28.4798777,-16.4357489
38,38042,SILOS (LOS),28.3658242,-16.8167118
38,38043,TACORONTE,28.4805316,-16.4137605
38,38044,TANQUE (EL),28.3579462,-16.7742811
38,38045,TAZACORTE,28.642858,-17.9326028
38,38046,TEGUESTE,28.5232609,-16.3407638
38,38047,TIJARAFE,28.711103,-17.9552599
38,38048,VALVERDE,27.809685,-17.9151468
38,38049,VALLE GRAN REY,28.1158533,-17.3209828
38,38050,VALLEHERMOSO,28.1798679,-17.2646825
38,38051,VICTORIA DE ACENTEJO (LA),28.4355816,-16.4440118
38,38052,VILAFLOR DE CHASNA,28.1590955,-16.6365089
38,38053,VILLA DE MAZO,28.5777883,-17.7997124
38,38901,PINAR DE EL HIERRO (EL),27.6377515,-17.9867633
39,39001,ALFOZ DE LLOREDO,43.3773307,-4.1886191
39,39002,AMPUERO,43.3440563,-3.4151482
39,39003,ANIEVAS,43.2019012,-4.0051986
39,39004,ARENAS DE IGUÑA,43.1870286,-4.0496673
39,39005,ARGOÑOS,43.45717,-3.49159
39,39006,ARNUERO,43.4713844,-3.5675443
39,39007,ARREDONDO,43.274538,-3.6017743
39,39008,ASTILLERO (EL),43.4007198,-3.824935
39,39009,BÁRCENA DE CICERO,43.4199578,-3.5089051
39,39010,BÁRCENA DE PIE DE CONCHA,43.1273727,-4.054709
39,39011,BAREYO,43.46812,-3.59844
39,39012,CABEZÓN DE LA SAL,43.3080667,-4.2358532
39,39013,CABEZÓN DE LIÉBANA,43.1328048,-4.5755995
39,39014,CABUÉRNIGA,43.2064824,-4.3050679
39,39015,CAMALEÑO,43.150837,-4.6938837
39,39016,CAMARGO,43.4301,-3.86163
39,39017,CAMPOO DE YUSO,43.030583,-3.9893084
39,39018,CARTES,43.3243805,-4.069902
39,39019,CASTAÑEDA,43.3174975,-3.9260653
39,39020,CASTRO-URDIALES,43.3843347,-3.2162576
39,39021,CIEZA,43.2230443,-4.1248734
39,39022,CILLORIGO DE LIÉBANA,43.2076777,-4.6122569
39,39023,COLINDRES,43.3949637,-3.449786
39,39024,COMILLAS,43.3855344,-4.2901505
39,39025,CORRALES DE BUELNA (LOS),43.2619686,-4.0667653
39,39026,CORVERA DE TORANZO,43.2161496,-3.9620953
39,39027,CAMPOO DE ENMEDIO,43.0025933,-4.1077467
39,39028,ENTRAMBASAGUAS,43.3776292,-3.6823116
39,39029,ESCALANTE,43.4370721,-3.5139242
39,39030,GURIEZO,43.3368356,-3.3249535
39,39031,HAZAS DE CESTO,43.3956539,-3.5908118
39,39032,HERMANDAD DE CAMPOO DE SUSO,43.0335653,-4.277964
39,39033,HERRERÍAS,43.3081749,-4.4683661
39,39034,LAMASÓN,43.2200671,-4.4872277
39,39035,LAREDO,43.41063,-3.4173
39,39036,LIENDO,43.385384,-3.3675194
39,39037,LIÉRGANES,43.3457326,-3.7432184
39,39038,LIMPIAS,43.3642392,-3.4176158
39,39039,LUENA,43.1117585,-3.9070384
39,39040,MARINA DE CUDEYO,43.4195639,-3.7492593
39,39041,MAZCUERRAS,43.29764,-4.20947
39,39042,MEDIO CUDEYO,43.3806902,-3.7624661
39,39043,MERUELO,43.4442752,-3.5824118
39,39044,MIENGO,43.4306997,-4.0000308
39,39045,MIERA,43.2754402,-3.7126373
39,39046,MOLLEDO,43.15187,-4.0428
39,39047,NOJA,43.4813309,-3.5210066
39,39048,PENAGOS,43.3413728,-3.8068404
39,39049,PEÑARRUBIA,43.2463029,-4.5764095
39,39050,PESAGUERO,43.0769294,-4.5386784
39,39051,PESQUERA,43.0820241,-4.0789718
39,39052,PIÉLAGOS,43.4024237,-3.9515711
39,39053,POLACIONES,43.1006846,-4.4143179
39,39054,POLANCO,43.3846227,-4.0180307
39,39055,POTES,43.1536831,-4.623428
39,39056,PUENTE VIESGO,43.2989919,-3.9649215
39,39057,RAMALES DE LA VICTORIA,43.257411,-3.4646482
39,39058,RASINES,43.3068101,-3.4261975
39,39059,REINOSA,43.0010076,-4.1378363
39,39060,REOCÍN,43.3501795,-4.1156222
39,39061,RIBAMONTÁN AL MAR,43.460752,-3.6898984
39,39062,RIBAMONTÁN AL MONTE,43.4081714,-3.6616489
39,39063,RIONANSA,43.2195449,-4.3955368
39,39064,RIOTUERTO,43.3326111,-3.6961004
39,39065,ROZAS DE VALDEARROYO (LAS),42.9736041,-4.0297512
39,39066,RUENTE,43.2586842,-4.2673241
39,39067,RUESGA,43.2949477,-3.5375132
39,39068,RUILOBA,43.3805238,-4.2532897
39,39069,SAN FELICES DE BUELNA,43.2663088,-4.0303292
39,39070,SAN MIGUEL DE AGUAYO,43.0561119,-4.0237999
39,39071,SAN PEDRO DEL ROMERAL,43.115382,-3.8184121
39,39072,SAN ROQUE DE RIOMIERA,43.2191046,-3.7200789
39,39073,SANTA CRUZ DE BEZANA,43.4429407,-3.9049243
39,39074,SANTA MARÍA DE CAYÓN,43.30976,-3.85548
39,39075,SANTANDER,43.4618932,-3.8100255
39,39076,SANTILLANA DEL MAR,43.3906511,-4.108048
39,39077,SANTIURDE DE REINOSA,43.06105,-4.08342
39,39078,SANTIURDE DE TORANZO,43.23715,-3.93946
39,39079,SANTOÑA,43.4449362,-3.4553628
39,39080,SAN VICENTE DE LA BARQUERA,43.38318,-4.40027
39,39081,SARO,43.2598232,-3.8424627
39,39082,SELAYA,43.216694,-3.806861
39,39083,SOBA,43.1915054,-3.5623672
39,39084,SOLÓRZANO,43.3825402,-3.5875913
39,39085,SUANCES,43.4260091,-4.041568
39,39086,TOJOS (LOS),43.1543884,-4.2537967
39,39087,TORRELAVEGA,43.3487303,-4.0515082
39,39088,TRESVISO,43.25713,-4.66813
39,39089,TUDANCA,43.15226,-4.3728
39,39090,UDÍAS,43.338353,-4.2599994
39,39091,VALDÁLIGA,43.3301421,-4.3518153
39,39092,VALDEOLEA,42.9017495,-4.1760599
39,39093,VALDEPRADO DEL RÍO,42.875519,-4.0926302
39,39094,VALDERREDIBLE,42.8564085,-3.9708898
39,39095,VAL DE SAN VICENTE,43.3646297,-4.4785761
39,39096,VEGA DE LIÉBANA,43.0796896,-4.6674984
39,39097,VEGA DE PAS,43.1585436,-3.7821043
39,39098,VILLACARRIEDO,43.2306206,-3.8049489
39,39099,VILLAESCUSA,43.3628514,-3.864296
39,39100,VILLAFUFRE,43.266473,-3.892813
39,39101,VALLE DE VILLAVERDE,43.2323939,-3.282423
39,39102,VOTO,43.3467008,-3.5109605
4,4002,ABRUCENA,37.1332098,-2.797482
4,4003,ADRA,36.748834,-3.0203617
4,4005,ALBOLODUY,37.0327593,-2.6209783
4,4008,ALCÓNTAR,37.3360254,-2.5971447
4,4009,ALCUDIA DE MONTEAGUD,37.2360207,-2.2671732
4,4011,ALHAMA DE ALMERÍA,36.9574546,-2.5667688
4,4012,ALICÚN,36.9658859,-2.6018983
4,4027,BENIZALÓN,37.2121012,-2.2419032
4,4028,BENTARIQUE,36.9865695,-2.6195624
4,4035,CUEVAS DEL ALMANZORA,37.2961366,-1.8807223
4,4036,CHERCOS,37.2667517,-2.258213
4,4041,ENIX,36.8769467,-2.6019386
4,4043,FELIX,36.8686676,-2.6576842
4,4044,FINES,37.360002,-2.2632918
4,4047,GÁDOR,36.9530744,-2.491623
4,4048,GALLARDOS (LOS),37.1675863,-1.9394052
4,4051,HUÉCIJA,36.9677058,-2.6091422
4,4054,ÍLLAR,36.9851023,-2.6391402
4,4058,LÍJAR,37.2949008,-2.2185033
4,4061,LÚCAR,37.4009313,-2.4241485
4,4062,MACAEL,37.3309751,-2.3024387
4,4064,MOJÁCAR,37.1402087,-1.8510071
4,4069,OLULA DEL RÍO,37.3559681,-2.2965931
4,4071,PADULES,36.9978333,-2.7732375
4,4072,PARTALOA,37.4060229,-2.2262739
4,4073,PATERNA DEL RÍO,37.0216846,-2.9526235
4,4077,RÁGOL,36.9949542,-2.681227
4,4079,ROQUETAS DE MAR,36.7630203,-2.6115886
4,4081,SANTA FE DE MONDÚJAR,36.9738035,-2.5307759
4,4083,SERÓN,37.3437187,-2.5084242
4,4090,TAHAL,37.2279746,-2.2854744
4,4092,TÍJOLA,37.3449275,-2.4391712
4,4093,TURRE,37.1523701,-1.8945374
4,4095,ULEILA DEL CAMPO,37.1852556,-2.2035137
4,4097,VELEFIQUE,37.1939294,-2.4029018
4,4098,VÉLEZ-BLANCO,37.6914189,-2.0956638
4,4102,VÍCAR,36.8316986,-2.6430297
4,4902,EJIDO (EL),36.7109765,-2.696357
4,4903,MOJONERA (LA),36.7565596,-2.6800143
40,40001,ABADES,40.914854,-4.2690384
40,40002,ADRADA DE PIRÓN,41.0519643,-4.0517691
40,40003,ADRADOS,41.3677754,-4.1130681
40,40004,AGUILAFUENTE,41.226369,-4.1130553
40,40006,ALDEALCORVO,41.244002,-3.791299
40,40007,ALDEALENGUA DE PEDRAZA,41.0455053,-3.7958168
40,40008,ALDEALENGUA DE SANTA MARÍA,41.4620062,-3.4670096
40,40009,ALDEANUEVA DE LA SERREZUELA,41.4603172,-3.7796605
40,40010,ALDEANUEVA DEL CODONAL,41.0817174,-4.5437054
40,40012,ALDEA REAL,41.1856125,-4.165298
40,40013,ALDEASOÑA,41.4720246,-4.0563689
40,40014,ALDEHORNO,41.512919,-3.7774828
40,40015,ALDEHUELA DEL CODONAL,41.0551736,-4.5376928
40,40016,ALDEONTE,41.3511377,-3.6783359
40,40017,ANAYA,40.9913429,-4.3086181
40,40018,AÑE,41.0379879,-4.2957183
40,40019,ARAHUETES,41.1378436,-3.8569026
40,40020,ARCONES,41.117941,-3.7236088
40,40021,AREVALILLO DE CEGA,41.1618361,-3.8892573
40,40022,ARMUÑA,41.0769827,-4.3199993
40,40024,AYLLÓN,41.4195795,-3.3763517
40,40025,BARBOLLA,41.326037,-3.6714359
40,40026,BASARDILLA,41.0267605,-4.0256509
40,40028,BERCIAL,40.9060273,-4.4368793
40,40029,BERCIMUEL,41.3991011,-3.5704766
40,40030,BERNARDOS,41.1281828,-4.3503802
40,40031,BERNUY DE PORREROS,40.9962216,-4.1172031
40,40032,BOCEGUILLAS,41.3357071,-3.6384171
40,40033,BRIEVA,41.0344175,-4.0537369
40,40034,CABALLAR,41.1229167,-3.9624779
40,40035,CABAÑAS DE POLENDOS,41.06727,-4.1099902
40,40036,CABEZUELA,41.2361557,-3.9309811
40,40037,CALABAZAS DE FUENTIDUEÑA,41.4456227,-4.0099324
40,40039,CAMPO DE SAN PEDRO,41.4295178,-3.5454061
40,40040,CANTALEJO,41.2582596,-3.9274383
40,40041,CANTIMPALOS,41.0749779,-4.157959
40,40043,CARBONERO EL MAYOR,41.1223601,-4.2652816
40,40044,CARRASCAL DEL RÍO,41.3678211,-3.8978334
40,40045,CASLA,41.1664837,-3.6566771
40,40046,CASTILLEJO DE MESLEÓN,41.2807849,-3.6015632
40,40047,CASTRO DE FUENTIDUEÑA,41.4202328,-3.8542354
40,40048,CASTROJIMENO,41.3957126,-3.8476345
40,40049,CASTROSERNA DE ABAJO,41.2078986,-3.7345164
40,40051,CASTROSERRACÍN,41.3937024,-3.8019228
40,40052,CEDILLO DE LA TORRE,41.4250091,-3.6059777
40,40053,CEREZO DE ABAJO,41.2178054,-3.5912905
40,40054,CEREZO DE ARRIBA,41.2386315,-3.558266
40,40055,CILLERUELO DE SAN MAMÉS,41.4320204,-3.5666086
40,40056,COBOS DE FUENTIDUEÑA,41.3832558,-3.9272432
40,40057,COCA,41.2176667,-4.5228361
40,40058,CODORNIZ,41.0661883,-4.600697
40,40059,COLLADO HERMOSO,41.0385114,-3.918265
40,40060,CONDADO DE CASTILNOVO,41.2521776,-3.7441217
40,40061,CORRAL DE AYLLÓN,41.3917236,-3.4591203
40,40062,CUBILLO,41.1216198,-3.9084802
40,40063,CUÉLLAR,41.3997643,-4.3150702
40,40065,CHAÑE,41.3379304,-4.4271261
40,40068,DOMINGO GARCÍA,41.1151681,-4.3792275
40,40069,DONHIERRO,41.1158399,-4.6952886
40,40070,DURUELO,41.2359633,-3.6481057
40,40071,ENCINAS,41.3755042,-3.6675732
40,40072,ENCINILLAS,41.0179102,-4.1574305
40,40073,ESCALONA DEL PRADO,41.1676588,-4.1209546
40,40074,ESCARABAJOSA DE CABEZAS,41.1054801,-4.193449
40,40075,ESCOBAR DE POLENDOS,41.0908033,-4.1311447
40,40076,ESPINAR (EL),40.7170769,-4.2459968
40,40077,ESPIRDO,40.9967952,-4.0733164
40,40078,FRESNEDA DE CUÉLLAR,41.319067,-4.4486539
40,40079,FRESNO DE CANTESPINO,41.3685037,-3.4992497
40,40080,FRESNO DE LA FUENTE,41.3922745,-3.6443027
40,40081,FRUMALES,41.3830544,-4.1869652
40,40082,FUENTE DE SANTA CRUZ,41.210272,-4.6329161
40,40083,FUENTE EL OLMO DE FUENTIDUEÑA,41.3799737,-4.0015765
40,40084,FUENTE EL OLMO DE ÍSCAR,41.2795496,-4.4940173
40,40086,FUENTEPELAYO,41.2219305,-4.1762088
40,40087,FUENTEPIÑEL,41.4011417,-4.041854
40,40088,FUENTERREBOLLO,41.2965232,-3.9325392
40,40089,FUENTESAÚCO DE FUENTIDUEÑA,41.4258579,-4.0610194
40,40091,FUENTESOTO,41.4565788,-3.917711
40,40092,FUENTIDUEÑA,41.4408407,-3.9800537
40,40093,GALLEGOS,41.0745293,-3.7858799
40,40094,GARCILLÁN,40.9777168,-4.2657179
40,40095,GOMEZSERRACÍN,41.2888663,-4.3263743
40,40097,GRAJERA,41.3726057,-3.6130716
40,40099,HONRUBIA DE LA CUESTA,41.5101373,-3.7044319
40,40100,HONTALBILLA,41.3467279,-4.1193875
40,40101,HONTANARES DE ERESMA,40.9822979,-4.2035613
40,40103,HUERTOS (LOS),41.0102912,-4.2194637
40,40104,ITUERO Y LAMA,40.8001736,-4.377953
40,40105,JUARROS DE RIOMOROS,40.9460702,-4.3086829
40,40106,JUARROS DE VOLTOYA,41.030737,-4.5197726
40,40107,LABAJOS,40.8430003,-4.5202241
40,40108,LAGUNA DE CONTRERAS,41.494158,-4.0287474
40,40109,LANGUILLA,41.4491923,-3.4233849
40,40110,LASTRAS DE CUÉLLAR,41.2975006,-4.1070349
40,40111,LASTRAS DEL POZO,40.8789757,-4.3455922
40,40112,LASTRILLA (LA),40.968776,-4.1036258
40,40113,LOSA (LA),40.8534691,-4.1631443
40,40115,MADERUELO,41.4867788,-3.5219055
40,40118,MARAZUELA,40.9798126,-4.3655121
40,40119,MARTÍN MIGUEL,40.9510564,-4.2726858
40,40120,MARTÍN MUÑOZ DE LA DEHESA,41.0653483,-4.6860441
40,40121,MARTÍN MUÑOZ DE LAS POSADAS,40.9943499,-4.5976807
40,40122,MARUGÁN,40.8960384,-4.3843027
40,40123,MATABUENA,41.095702,-3.756594
40,40124,MATA DE CUÉLLAR,41.3966648,-4.4717308
40,40125,MATILLA (LA),41.1910769,-3.7948233
40,40126,MELQUE DE CERCOS,41.0511694,-4.4693488
40,40127,MEMBIBRE DE LA HOZ,41.4478832,-4.097202
40,40128,MIGUELÁÑEZ,41.1217211,-4.3642121
40,40129,MONTEJO DE ARÉVALO,41.1404245,-4.6650411
40,40130,MONTEJO DE LA VEGA DE LA SERREZUELA,41.5489904,-3.6519752
40,40131,MONTERRUBIO,40.8488405,-4.3507292
40,40132,MORAL DE HORNUEZ,41.464961,-3.6158333
40,40134,MOZONCILLO,41.1472335,-4.1857029
40,40135,MUÑOPEDRO,40.8880079,-4.4720127
40,40136,MUÑOVEROS,41.1721422,-3.951645
40,40138,NAVA DE LA ASUNCIÓN,41.1555121,-4.4878095
40,40139,NAVAFRÍA,41.0547237,-3.8250591
40,40140,NAVALILLA,41.3415816,-3.9335412
40,40141,NAVALMANZANO,41.2159893,-4.2557274
40,40142,NAVARES DE AYUSO,41.3746333,-3.708466
40,40143,NAVARES DE ENMEDIO,41.3808088,-3.7221685
40,40144,NAVARES DE LAS CUEVAS,41.413984,-3.7506526
40,40145,NAVAS DE ORO,41.195979,-4.4386447
40,40146,NAVAS DE SAN ANTONIO,40.7601679,-4.3293885
40,40148,NIEVA,41.080622,-4.4259354
40,40149,OLOMBRADA,41.4155608,-4.1601082
40,40150,OREJANA,41.1644848,-3.7803082
40,40151,ORTIGOSA DE PESTAÑO,41.0875411,-4.3947242
40,40152,OTERO DE HERREROS,40.817303,-4.2075237
40,40154,PAJAREJOS,41.3905126,-3.5900869
40,40155,PALAZUELOS DE ERESMA,40.9303438,-4.0577733
40,40156,PEDRAZA,41.1314254,-3.8111166
40,40157,PELAYOS DEL ARROYO,41.050778,-3.941377
40,40158,PEROSILLO,41.392299,-4.1410021
40,40159,PINAREJOS,41.2594806,-4.292713
40,40160,PINARNEGRILLO,41.1907922,-4.2084717
40,40161,CARABIAS,41.4417257,-3.6734929
40,40162,PRÁDENA,41.1373888,-3.6883157
40,40163,PUEBLA DE PEDRAZA,41.2047803,-3.9136196
40,40164,RAPARIEGOS,41.0937349,-4.6528769
40,40165,REBOLLO,41.193162,-3.85785
40,40166,REMONDO,41.3411657,-4.4839051
40,40170,RIAZA,41.279379,-3.4772594
40,40171,RIBOTA,41.365104,-3.4290203
40,40172,RIOFRÍO DE RIAZA,41.2466255,-3.4501051
40,40173,RODA DE ERESMA,41.0282062,-4.1811932
40,40174,SACRAMENIA,41.4936065,-3.9626909
40,40176,SAMBOAL,41.2589394,-4.417447
40,40177,SAN CRISTÓBAL DE CUÉLLAR,41.4057374,-4.4044175
40,40178,SAN CRISTÓBAL DE LA VEGA,41.1120688,-4.6445295
40,40179,SANCHONUÑO,41.3234933,-4.3052465
40,40180,SANGARCÍA,40.9479461,-4.4146706
40,40181,REAL SITIO DE SAN ILDEFONSO,40.8518091,-4.0112969
40,40182,SAN MARTÍN Y MUDRIÁN,41.2229751,-4.3377841
40,40183,SAN MIGUEL DE BERNUY,41.399526,-3.9522087
40,40184,SAN PEDRO DE GAÍLLOS,41.2265411,-3.8094661
40,40185,SANTA MARÍA LA REAL DE NIEVA,41.0706092,-4.4065179
40,40186,SANTA MARTA DEL CERRO,41.2183709,-3.6848182
40,40188,SANTIUSTE DE PEDRAZA,41.082854,-3.8927523
40,40189,SANTIUSTE DE SAN JUAN BAUTISTA,41.1576484,-4.5725068
40,40190,SANTO DOMINGO DE PIRÓN,41.0414069,-3.9905421
40,40191,SANTO TOMÉ DEL PUERTO,41.1968324,-3.5743217
40,40192,SAUQUILLO DE CABEZAS,41.1944319,-4.0674743
40,40193,SEBÚLCOR,41.2713939,-3.8850323
40,40194,SEGOVIA,40.9481192,-4.1172101
40,40195,SEPÚLVEDA,41.2972525,-3.7486519
40,40196,SEQUERA DE FRESNO,41.3667638,-3.5461026
40,40199,SOTOSALBOS,41.0349799,-3.9410805
40,40200,TABANERA LA LUENGA,41.0967576,-4.2385358
40,40201,TOLOCIRIO,41.1337944,-4.6503315
40,40202,TORREADRADA,41.4442118,-3.8397875
40,40203,TORRECABALLEROS,40.9951334,-4.0218815
40,40204,TORRECILLA DEL PINAR,41.3742525,-4.0382663
40,40205,TORREIGLESIAS,41.1023903,-4.0320822
40,40206,TORRE VAL DE SAN PEDRO,41.0732715,-3.8705605
40,40207,TRESCASAS,40.9632936,-4.0357823
40,40208,TURÉGANO,41.1559563,-4.0060215
40,40210,URUEÑAS,41.3562435,-3.7751998
40,40211,VALDEPRADOS,40.8174894,-4.2568565
40,40212,VALDEVACAS DE MONTEJO,41.5208727,-3.6350138
40,40213,VALDEVACAS Y GUIJAR,41.1453602,-3.9103987
40,40214,VALSECA,40.9992568,-4.1744249
40,40215,VALTIENDAS,41.477802,-3.9180548
40,40216,VALVERDE DEL MAJANO,40.9566112,-4.2347062
40,40218,VALLE DE TABLADILLO,41.3626884,-3.8398147
40,40219,VALLELADO,41.4045923,-4.4258466
40,40220,VALLERUELA DE PEDRAZA,41.1792317,-3.8065341
40,40221,VALLERUELA DE SEPÚLVEDA,41.1880079,-3.7735664
40,40222,VEGANZONES,41.192984,-3.9936737
40,40223,VEGAS DE MATUTE,40.794965,-4.2779726
40,40224,VENTOSILLA Y TEJADILLA,41.1837611,-3.6896359
40,40225,VILLACASTÍN,40.7806684,-4.4134435
40,40228,VILLAVERDE DE ÍSCAR,41.3074858,-4.526874
40,40229,VILLAVERDE DE MONTEJO,41.5219643,-3.6540414
40,40230,VILLEGUILLO,41.2524594,-4.5784601
40,40231,YANGUAS DE ERESMA,41.0718126,-4.2394772
40,40233,ZARZUELA DEL MONTE,40.808853,-4.3358547
40,40234,ZARZUELA DEL PINAR,41.2612432,-4.1835312
40,40901,ORTIGOSA DEL MONTE,40.838695,-4.1732934
40,40902,COZUELOS DE FUENTIDUEÑA,41.3911115,-4.0955261
40,40903,MARAZOLEJA,40.9608891,-4.3383896
40,40904,NAVAS DE RIOFRÍO,40.8685395,-4.1363349
40,40905,CUEVAS DE PROVANCO,41.5423781,-3.9623463
40,40906,SAN CRISTÓBAL DE SEGOVIA,40.9525311,-4.0785764
41,41001,AGUADULCE,37.2530195,-4.9906167
41,41002,ALANÍS,38.0365938,-5.7132497
41,41003,ALBAIDA DEL ALJARAFE,37.425499,-6.1650572
41,41004,ALCALÁ DE GUADAÍRA,37.3397709,-5.8408396
41,41005,ALCALÁ DEL RÍO,37.5180979,-5.982018
41,41006,ALCOLEA DEL RÍO,37.6145948,-5.6684391
41,41007,ALGABA (LA),37.4617688,-6.0137447
41,41008,ALGÁMITAS,37.0163821,-5.1488476
41,41009,ALMADÉN DE LA PLATA,37.8736407,-6.0804954
41,41010,ALMENSILLA,37.3100014,-6.1130523
41,41011,ARAHAL,37.2623933,-5.5449325
41,41012,AZNALCÁZAR,37.3035085,-6.2508499
41,41013,AZNALCÓLLAR,37.5193459,-6.2716793
41,41014,BADOLATOSA,37.3062674,-4.672493
41,41015,BENACAZÓN,37.3544497,-6.1961281
41,41016,BOLLULLOS DE LA MITACIÓN,37.3399004,-6.1376821
41,41017,BORMUJOS,37.3715939,-6.07133
41,41018,BRENES,37.5494873,-5.8724046
41,41019,BURGUILLOS,37.5858509,-5.9678094
41,41020,CABEZAS DE SAN JUAN (LAS),37.0185216,-5.9456942
41,41021,CAMAS,37.4020115,-6.0331571
41,41022,CAMPANA (LA),37.5671522,-5.4293186
41,41023,CANTILLANA,37.6088766,-5.8244449
41,41024,CARMONA,37.4717882,-5.641291
41,41025,CARRIÓN DE LOS CÉSPEDES,37.368131,-6.32942
41,41026,CASARICHE,37.2955536,-4.7588421
41,41027,CASTILBLANCO DE LOS ARROYOS,37.6750431,-5.9889206
41,41028,CASTILLEJA DE GUZMÁN,37.4084162,-6.0573214
41,41029,CASTILLEJA DE LA CUESTA,37.3867839,-6.054127
41,41030,CASTILLEJA DEL CAMPO,37.3861783,-6.3346299
41,41031,CASTILLO DE LAS GUARDAS (EL),37.6918634,-6.3160341
41,41032,CAZALLA DE LA SIERRA,37.932188,-5.7595396
41,41033,CONSTANTINA,37.87757,-5.62185
41,41034,CORIA DEL RÍO,37.2892112,-6.0535287
41,41035,CORIPE,36.971831,-5.4403189
41,41036,CORONIL (EL),37.0796909,-5.6329514
41,41037,CORRALES (LOS),37.0992114,-4.9830713
41,41038,DOS HERMANAS,37.283689,-5.9226718
41,41039,ÉCIJA,37.5406007,-5.079589
41,41040,ESPARTINAS,37.3814997,-6.125652
41,41041,ESTEPA,37.29204,-4.8781876
41,41042,FUENTES DE ANDALUCÍA,37.4645318,-5.3443621
41,41043,GARROBO (EL),37.6244685,-6.1711347
41,41044,GELVES,37.3395756,-6.0260114
41,41045,GERENA,37.5293784,-6.1556433
41,41046,GILENA,37.2516267,-4.9154115
41,41047,GINES,37.3877985,-6.0785818
41,41048,GUADALCANAL,38.0928826,-5.8176004
41,41049,GUILLENA,37.5464709,-6.057052
41,41050,HERRERA,37.3653148,-4.8502348
41,41051,HUÉVAR DEL ALJARAFE,37.3558683,-6.2779814
41,41052,LANTEJUELA,37.3536663,-5.2226055
41,41053,LEBRIJA,36.9193102,-6.0764057
41,41054,LORA DE ESTEPA,37.2687903,-4.8271052
41,41055,LORA DEL RÍO,37.6574267,-5.5275818
41,41056,LUISIANA (LA),37.5278048,-5.2481605
41,41057,MADROÑO (EL),37.645739,-6.5119009
41,41058,MAIRENA DEL ALCOR,37.3730933,-5.7489246
41,41059,MAIRENA DEL ALJARAFE,37.3444908,-6.0606771
41,41060,MARCHENA,37.3269051,-5.4161717
41,41061,MARINALEDA,37.3733482,-4.9538606
41,41062,MARTÍN DE LA JARA,37.1078449,-4.963621
41,41063,MOLARES (LOS),37.1559172,-5.718817
41,41064,MONTELLANO,36.9950734,-5.5713466
41,41065,MORÓN DE LA FRONTERA,37.1215305,-5.4559583
41,41066,NAVAS DE LA CONCEPCIÓN (LAS),37.9330698,-5.4651514
41,41067,OLIVARES,37.4167096,-6.1564286
41,41068,OSUNA,37.2373532,-5.1033306
41,41069,PALACIOS Y VILLAFRANCA (LOS),37.1596714,-5.92756
41,41070,PALOMARES DEL RÍO,37.3189698,-6.0634037
41,41071,PARADAS,37.2896007,-5.496847
41,41072,PEDRERA,37.2254137,-4.894143
41,41073,PEDROSO (EL),37.842342,-5.7637863
41,41074,PEÑAFLOR,37.7084447,-5.3457347
41,41075,PILAS,37.3012094,-6.3027773
41,41076,PRUNA,36.972407,-5.2213568
41,41077,PUEBLA DE CAZALLA (LA),37.1170166,-5.2022521
41,41078,PUEBLA DE LOS INFANTES (LA),37.777804,-5.4263203
41,41079,PUEBLA DEL RÍO (LA),37.3750124,-5.9422208
41,41080,REAL DE LA JARA (EL),37.949294,-6.1512521
41,41081,RINCONADA (LA),37.4867198,-5.9814868
41,41082,RODA DE ANDALUCÍA (LA),37.2095844,-4.7732776
41,41083,RONQUILLO (EL),37.7259579,-6.1770926
41,41084,RUBIO (EL),37.3556552,-4.9893444
41,41085,SALTERAS,37.4188774,-6.1109126
41,41086,SAN JUAN DE AZNALFARACHE,37.3599507,-6.03286
41,41087,SANLÚCAR LA MAYOR,37.3864113,-6.2024485
41,41088,SAN NICOLÁS DEL PUERTO,37.9950338,-5.6527851
41,41089,SANTIPONCE,37.4355931,-6.039916
41,41090,SAUCEJO (EL),37.0698592,-5.0970989
41,41091,SEVILLA,37.3886303,-5.9953403
41,41092,TOCINA,37.6097702,-5.7354252
41,41093,TOMARES,37.3762863,-6.0456365
41,41094,UMBRETE,37.368665,-6.1573611
41,41095,UTRERA,37.1824646,-5.7817506
41,41096,VALENCINA DE LA CONCEPCIÓN,37.4175713,-6.0738363
41,41097,VILLAMANRIQUE DE LA CONDESA,37.2465338,-6.3063633
41,41098,VILLANUEVA DEL ARISCAL,37.3966241,-6.1444552
41,41099,VILLANUEVA DEL RÍO Y MINAS,37.6551394,-5.7112257
41,41100,VILLANUEVA DE SAN JUAN,37.0502525,-5.1752275
41,41101,VILLAVERDE DEL RÍO,37.591905,-5.875939
41,41102,VISO DEL ALCOR (EL),37.3969032,-5.7145667
41,41901,CAÑADA ROSAL,37.5976936,-5.2104153
41,41902,ISLA MAYOR,37.1324663,-6.1648075
41,41903,CUERVO DE SEVILLA (EL),37.0617386,-5.8020629
42,42001,ABEJAR,41.8076969,-2.785771
42,42003,ADRADAS,41.3510099,-2.4740263
42,42004,ÁGREDA,41.8548465,-1.9214614
42,42006,ALCONABA,41.72381,-2.3851248
42,42007,ALCUBILLA DE AVELLANEDA,41.7258976,-3.3046827
42,42008,ALCUBILLA DE LAS PEÑAS,41.2516792,-2.5262868
42,42009,ALDEALAFUENTE,41.6714352,-2.3249201
42,42010,ALDEALICES,41.9016663,-2.3097191
42,42011,ALDEALPOZO,41.7826423,-2.205619
42,42012,ALDEALSEÑOR,41.8799681,-2.3144689
42,42013,ALDEHUELA DE PERIÁÑEZ,41.8073233,-2.3069881
42,42014,ALDEHUELAS (LAS),41.9955978,-2.3685483
42,42015,ALENTISQUE,41.4206037,-2.3317557
42,42017,ALMAJANO,41.8512764,-2.3384374
42,42018,ALMALUEZ,41.289103,-2.2694648
42,42019,ALMARZA,41.9477569,-2.4692977
42,42020,ALMAZÁN,41.4870645,-2.5335988
42,42021,ALMAZUL,41.5746727,-2.1458688
42,42022,ALMENAR DE SORIA,41.6817949,-2.2006812
42,42023,ALPANSEQUE,41.2649313,-2.6707464
42,42024,ARANCÓN,41.8005665,-2.2817951
42,42025,ARCOS DE JALÓN,41.2157666,-2.2753018
42,42027,ARÉVALO DE LA SIERRA,41.9473959,-2.4005731
42,42028,AUSEJO DE LA SIERRA,41.8946671,-2.3739405
42,42029,BARAONA,41.2949931,-2.6571594
42,42030,BARCA,41.4551144,-2.6215182
42,42032,BAYUBAS DE ABAJO,41.5273111,-2.8959026
42,42033,BAYUBAS DE ARRIBA,41.5571202,-2.8871843
42,42034,BERATÓN,41.7175073,-1.8112726
42,42035,BERLANGA DE DUERO,41.4661935,-2.8608847
42,42036,BLACOS,41.6813146,-2.8583472
42,42037,BLIECOS,41.5281846,-2.2718261
42,42039,BOROBIA,41.6650094,-1.8966155
42,42041,BUBEROS,41.646883,-2.1946395
42,42042,BUITRAGO,41.8473326,-2.4087706
42,42043,BURGO DE OSMA-CIUDAD DE OSMA,41.5868712,-3.0674254
42,42045,CABREJAS DEL PINAR,41.7950523,-2.8499259
42,42046,CALATAÑAZOR,41.6988312,-2.8186679
42,42048,CALTOJAR,41.4030809,-2.7648035
42,42049,CANDILICHERA,41.7044709,-2.3016123
42,42050,CAÑAMAQUE,41.4438241,-2.2376039
42,42051,CARABANTES,41.5523624,-1.9983174
42,42054,CARRASCOSA DE LA SIERRA,41.8949638,-2.2809422
42,42055,CASAREJOS,41.7964291,-3.0317966
42,42057,CASTILRUIZ,41.8769149,-2.059299
42,42058,CASTILLEJO DE ROBLEDO,41.5591085,-3.4950898
42,42059,CENTENERA DE ANDALUZ,41.5070231,-2.7178655
42,42060,CERBÓN,41.9292939,-2.1687504
42,42061,CIDONES,41.8150609,-2.6405915
42,42062,CIGUDOSA,41.9357183,-2.05623
42,42063,CIHUELA,41.4066105,-2.0000298
42,42064,CIRIA,41.6187602,-1.9668672
42,42065,CIRUJALES DEL RÍO,41.8677085,-2.3265011
42,42068,COSCURITA,41.4351981,-2.4762543
42,42069,COVALEDA,41.9347499,-2.8832493
42,42070,CUBILLA,41.7491751,-2.9373514
42,42071,CUBO DE LA SOLANA,41.6024919,-2.4208326
42,42073,CUEVA DE ÁGREDA,41.7636557,-1.8878804
42,42075,DÉVANOS,41.9035478,-1.9473175
42,42076,DEZA,41.4634042,-2.0220915
42,42078,DURUELO DE LA SIERRA,41.954084,-2.9324408
42,42080,ESPEJA DE SAN MARCELINO,41.8028144,-3.2218652
42,42081,ESPEJÓN,41.8301943,-3.2592724
42,42083,FRECHILLA DE ALMAZÁN,41.4265089,-2.5149913
42,42085,FUENTEARMEGIL,41.7141842,-3.1828877
42,42086,FUENTECAMBRÓN,41.5052901,-3.3289219
42,42087,FUENTECANTOS,41.8497879,-2.4281391
42,42088,FUENTELMONGE,41.4199809,-2.1866825
42,42089,FUENTELSAZ DE SORIA,41.866526,-2.4149229
42,42090,FUENTEPINILLA,41.5669805,-2.7627878
42,42092,FUENTES DE MAGAÑA,41.9355022,-2.1798692
42,42093,FUENTESTRÚN,41.8748261,-2.0819703
42,42094,GARRAY,41.8150617,-2.4460875
42,42095,GOLMAYO,41.766367,-2.5228703
42,42096,GÓMARA,41.6236353,-2.2240494
42,42097,GORMAZ,41.4921737,-3.0047665
42,42100,HINOJOSA DEL CAMPO,41.7389854,-2.0999528
42,42103,LANGA DE DUERO,41.6111953,-3.4004797
42,42105,LICERAS,41.3797605,-3.2438097
42,42106,LOSILLA (LA),41.8728912,-2.2786995
42,42107,MAGAÑA,41.9005681,-2.1631048
42,42108,MAJÁN,41.4690623,-2.3030166
42,42110,MATALEBRERAS,41.8414501,-2.0469084
42,42111,MATAMALA DE ALMAZÁN,41.50537,-2.6411258
42,42113,MEDINACELI,41.1723392,-2.4353741
42,42115,MIÑO DE MEDINACELI,41.1897402,-2.5190951
42,42116,MIÑO DE SAN ESTEBAN,41.535917,-3.3458563
42,42117,MOLINOS DE DUERO,41.8853684,-2.7878102
42,42118,MOMBLONA,41.444201,-2.3461919
42,42119,MONTEAGUDO DE LAS VICARÍAS,41.3649356,-2.1676547
42,42120,MONTEJO DE TIERMES,41.3687938,-3.1993534
42,42121,MONTENEGRO DE CAMEROS,42.0890366,-2.7515359
42,42123,MORÓN DE ALMAZÁN,41.414252,-2.4127325
42,42124,MURIEL DE LA FUENTE,41.7244272,-2.8613848
42,42125,MURIEL VIEJO,41.7826469,-2.9151509
42,42127,NAFRÍA DE UCERO,41.7228757,-3.0944746
42,42128,NARROS,41.8490467,-2.2945564
42,42129,NAVALENO,41.8378004,-3.0046977
42,42130,NEPAS,41.5269269,-2.3981395
42,42131,NOLAY,41.5271435,-2.3505347
42,42132,NOVIERCAS,41.711864,-2.0341011
42,42134,ÓLVEGA,41.779562,-1.9843627
42,42135,ONCALA,41.9707127,-2.3124743
42,42139,PINILLA DEL CAMPO,41.7166114,-2.0836977
42,42140,PORTILLO DE SORIA,41.6351408,-2.1209099
42,42141,PÓVEDA DE SORIA (LA),42.0097029,-2.5014997
42,42142,POZALMURO,41.7747313,-2.1019629
42,42144,QUINTANA REDONDA,41.6402715,-2.615214
42,42145,QUINTANAS DE GORMAZ,41.5088106,-2.9761304
42,42148,QUIÑONERÍA,41.5686564,-2.0379037
42,42149,RÁBANOS (LOS),41.7179987,-2.4766302
42,42151,REBOLLAR,41.9139059,-2.5050538
42,42152,RECUERDA,41.474509,-2.9945728
42,42154,RENIEBLAS,41.8202275,-2.3729328
42,42155,RETORTILLO DE SORIA,41.3113866,-2.9822725
42,42156,REZNOS,41.5915139,-2.0278949
42,42158,RIOSECO DE SORIA,41.64203,-2.8403672
42,42159,ROLLAMIENTA,41.9261046,-2.5307907
42,42160,ROYO (EL),41.9079491,-2.6445665
42,42161,SALDUERO,41.8893733,-2.7973975
42,42162,SAN ESTEBAN DE GORMAZ,41.574307,-3.2041516
42,42163,SAN FELICES,41.9384552,-2.025826
42,42164,SAN LEONARDO DE YAGÜE,41.8293687,-3.0681415
42,42165,SAN PEDRO MANRIQUE,42.029187,-2.229759
42,42166,SANTA CRUZ DE YANGUAS,42.0626346,-2.4489439
42,42167,SANTA MARÍA DE HUERTA,41.2631089,-2.1764224
42,42168,SANTA MARÍA DE LAS HOYAS,41.7710283,-3.1427301
42,42171,SERÓN DE NÁGIMA,41.4956718,-2.2018225
42,42173,SORIA,41.7633842,-2.4642041
42,42174,SOTILLO DEL RINCÓN,41.9319173,-2.602745
42,42175,SUELLACABRAS,41.8530171,-2.2235578
42,42176,TAJAHUERCE,41.7399242,-2.1503766
42,42177,TAJUECO,41.5365732,-2.8489056
42,42178,TALVEILA,41.7838925,-2.9666523
42,42181,TARDELCUENDE,41.5938588,-2.6443721
42,42182,TARODA,41.3478341,-2.4333906
42,42183,TEJADO,41.5892002,-2.267187
42,42184,TORLENGUA,41.4548153,-2.1622235
42,42185,TORREBLACOS,41.6697181,-2.8784509
42,42187,TORRUBIA DE SORIA,41.6302086,-2.0909806
42,42188,TRÉVAGO,41.8737588,-2.1025868
42,42189,UCERO,41.717188,-3.0512695
42,42190,VADILLO,41.7910773,-3.0083146
42,42191,VALDEAVELLANO DE TERA,41.9427543,-2.5754236
42,42192,VALDEGEÑA,41.8171769,-2.1741664
42,42193,VALDELAGUA DEL CERRO,41.8880329,-2.1160161
42,42194,VALDEMALUQUE,41.6737379,-3.0455305
42,42195,VALDENEBRO,41.5716718,-2.9641369
42,42196,VALDEPRADO,41.9383361,-2.1087031
42,42197,VALDERRODILLA,41.5638171,-2.8073995
42,42198,VALTAJEROS,41.9372008,-2.2226601
42,42200,VELAMAZÁN,41.4493695,-2.698678
42,42201,VELILLA DE LA SIERRA,41.8092122,-2.4014378
42,42202,VELILLA DE LOS AJOS,41.4908512,-2.2554815
42,42204,VIANA DE DUERO,41.5342828,-2.4607382
42,42205,VILLACIERVOS,41.7623727,-2.6271019
42,42207,VILLAR DEL ALA,41.9162914,-2.5664646
42,42208,VILLAR DEL CAMPO,41.788444,-2.1490656
42,42209,VILLAR DEL RÍO,42.0756597,-2.3508435
42,42211,VILLARES DE SORIA (LOS),41.4827568,-2.2823817
42,42212,VILLASAYAS,41.3527258,-2.6104426
42,42213,VILLASECA DE ARCIEL,41.6245164,-2.1612609
42,42215,VINUESA,41.9117774,-2.7631085
42,42216,VIZMANOS,42.0236564,-2.4076392
42,42217,VOZMEDIANO,41.8382377,-1.8559358
42,42218,YANGUAS,42.1009867,-2.338373
42,42219,YELO,41.2103021,-2.5290837
43,43001,AIGUAMÚRCIA,41.329339,1.3585409
43,43002,ALBINYANA,41.2454739,1.486748
43,43003,ALBIOL (L'),41.2518657,1.0897995
43,43004,ALCANAR,40.5438634,0.4808409
43,43005,ALCOVER,41.2629186,1.1702772
43,43006,ALDOVER,40.8800537,0.5000194
43,43007,ALEIXAR (L'),41.2010494,1.0451659
43,43008,ALFARA DE CARLES,40.8738809,0.400045
43,43009,ALFORJA,41.2099763,0.9750606
43,43010,ALIÓ,41.2935881,1.3062666
43,43011,ALMOSTER,41.1960574,1.1111352
43,43012,ALTAFULLA,41.1423467,1.3768704
43,43013,AMETLLA DE MAR (L'),40.9033632,0.8140626
43,43014,AMPOSTA,40.7079905,0.5827636
43,43015,ARBOLÍ,41.2425941,0.9487676
43,43016,ARBOÇ (L'),41.2677369,1.6037535
43,43017,ARGENTERA (L'),41.1376505,0.9089999
43,43018,ARNES,40.9110193,0.2610217
43,43019,ASCÓ,41.1805311,0.5679989
43,43020,BANYERES DEL PENEDÈS,41.2791532,1.5813324
43,43021,BARBERÀ DE LA CONCA,41.4110876,1.2288159
43,43022,BATEA,41.094279,0.3140574
43,43023,BELLMUNT DEL PRIORAT,41.1632384,0.7661468
43,43024,BELLVEI,41.2390234,1.5780273
43,43025,BENIFALLET,40.9740568,0.5172791
43,43026,BENISSANET,41.0572357,0.6342959
43,43027,BISBAL DE FALSET (LA),41.2749978,0.7194738
43,43028,BISBAL DEL PENEDÈS (LA),41.2778415,1.4905591
43,43029,BLANCAFORT,41.4388964,1.1593801
43,43030,BONASTRE,41.2211883,1.4400593
43,43031,BORGES DEL CAMP (LES),41.1714818,1.0287796
43,43032,BOT,41.0094492,0.385667
43,43033,BOTARELL,41.1362847,0.9897786
43,43034,BRÀFIM,41.2687867,1.341243
43,43035,CABACÉS,41.2470037,0.7331063
43,43036,CABRA DEL CAMP,41.3952451,1.2772435
43,43037,CALAFELL,41.2014639,1.5680321
43,43038,CAMBRILS,41.0679423,1.0657579
43,43039,CAPAFONTS,41.2948795,1.0269673
43,43040,CAPÇANES,41.1003901,0.7810956
43,43041,CASERES,41.0394845,0.2512487
43,43042,CASTELLVELL DEL CAMP,41.1802558,1.0978312
43,43043,CATLLAR (EL),41.1748794,1.3256814
43,43044,SÉNIA (LA),40.6352128,0.2810833
43,43045,COLLDEJOU,41.0991567,0.8875766
43,43046,CONESA,41.5190356,1.2913382
43,43047,CONSTANTÍ,41.1528113,1.2151822
43,43048,CORBERA D'EBRE,41.0775819,0.4776725
43,43049,CORNUDELLA DE MONTSANT,41.2656573,0.9057114
43,43050,CREIXELL,41.1677349,1.4407074
43,43051,CUNIT,41.197596,1.6344596
43,43052,XERTA,40.9080065,0.4911048
43,43053,DUESAIGÜES,41.1457974,0.9305023
43,43054,ESPLUGA DE FRANCOLÍ (L'),41.4004742,1.1032654
43,43055,FALSET,41.1450982,0.8196237
43,43056,FATARELLA (LA),41.1625016,0.4734986
43,43057,FEBRÓ (LA),41.2772556,1.0039681
43,43058,FIGUERA (LA),41.2162629,0.7312824
43,43059,FIGUEROLA DEL CAMP,41.3720741,1.265571
43,43060,FLIX,41.2340447,0.5560861
43,43061,FORÈS,41.4941385,1.2378499
43,43062,FREGINALS,40.6715945,0.5202611
43,43063,GALERA (LA),40.6823929,0.4637029
43,43064,GANDESA,41.0520413,0.4388956
43,43065,GARCIA,41.1358922,0.6517192
43,43066,GARIDELLS (ELS),41.2071322,1.2471593
43,43067,GINESTAR,41.0432752,0.6356284
43,43068,GODALL,40.6553486,0.4693771
43,43069,GRATALLOPS,41.1934056,0.7768701
43,43070,GUIAMETS (ELS),41.1014359,0.7512122
43,43071,HORTA DE SANT JOAN,40.9554904,0.315402
43,43072,LLOAR (EL),41.185269,0.7505207
43,43073,LLORAC,41.5561484,1.3071491
43,43074,LLORENÇ DEL PENEDÈS,41.2831394,1.5533507
43,43075,MARGALEF,41.2854434,0.7537968
43,43076,MARÇÀ,41.1281164,0.8021678
43,43077,MAS DE BARBERANS,40.7345687,0.3742211
43,43078,MASDENVERGE,40.7150044,0.5311135
43,43079,MASLLORENÇ,41.270168,1.4144917
43,43080,MASÓ (LA),41.1745629,1.4556234
43,43081,MASPUJOLS,41.1817965,1.0457853
43,43082,MASROIG (EL),41.1256089,0.7312995
43,43083,MILÀ (EL),41.2487485,1.2064295
43,43084,MIRAVET,41.0379498,0.5976192
43,43085,MOLAR (EL),41.1629799,0.7058078
43,43086,MONTBLANC,41.3762309,1.1620703
43,43088,MONTBRIÓ DEL CAMP,41.1200937,1.0057341
43,43089,MONTFERRI,41.2655697,1.3666818
43,43090,MONTMELL (EL),41.3151419,1.4535016
43,43091,MONT-RAL,41.2871207,1.0980821
43,43092,MONT-ROIG DEL CAMP,41.0846728,0.9613021
43,43093,MÓRA D'EBRE,41.0893373,0.6412887
43,43094,MÓRA LA NOVA,41.1005287,0.6517231
43,43095,MORELL (EL),41.1923512,1.2071006
43,43096,MORERA DE MONTSANT (LA),41.2627531,0.8422556
43,43097,NOU DE GAIÀ (LA),41.18329,1.3752101
43,43098,NULLES,41.2492881,1.2957338
43,43099,PALMA D'EBRE (LA),41.2833974,0.6656065
43,43100,PALLARESOS (ELS),41.1751622,1.2754982
43,43101,PASSANANT I BELLTALL,41.5319348,1.19646
43,43102,PAÜLS,40.9221798,0.399879
43,43103,PERAFORT,41.1914523,1.2564332
43,43104,PERELLÓ (EL),40.8754052,0.7123762
43,43105,PILES (LES),41.5036851,1.3426056
43,43106,PINELL DE BRAI (EL),41.0170682,0.5151803
43,43107,PIRA,41.4236202,1.2031023
43,43108,PLA DE SANTA MARIA (EL),41.347329,1.2945901
43,43109,POBLA DE MAFUMET (LA),41.1865974,1.2082805
43,43110,POBLA DE MASSALUCA (LA),41.1821736,0.3538733
43,43111,POBLA DE MONTORNÈS (LA),41.1784822,1.4142074
43,43112,POBOLEDA,41.233358,0.844888
43,43113,PONT D'ARMENTERA (EL),41.3832207,1.3626908
43,43114,PORRERA,41.1889652,0.8560917
43,43115,PRADELL DE LA TEIXETA,41.1566981,0.8759861
43,43116,PRADES,41.3096688,0.9873776
43,43117,PRAT DE COMTE,40.9829428,0.4057612
43,43118,PRATDIP,41.0515188,0.8716047
43,43119,PUIGPELAT,41.2798081,1.2970011
43,43120,QUEROL,41.4234071,1.3970189
43,43121,RASQUERA,41.003625,0.5988478
43,43122,RENAU,41.2249813,1.3113308
43,43123,REUS,41.1555564,1.1076133
43,43124,RIBA (LA),41.3169975,1.1771329
43,43125,RIBA-ROJA D'EBRE,41.2514635,0.4855561
43,43126,RIERA DE GAIÀ (LA),41.1686281,1.3582853
43,43127,RIUDECANYES,41.1303686,0.9618942
43,43128,RIUDECOLS,41.1680845,0.9746249
43,43129,RIUDOMS,41.1390915,1.0519702
43,43130,ROCAFORT DE QUERALT,41.4784492,1.2813851
43,43131,RODA DE BERÀ,41.1857961,1.4569904
43,43132,RODONYÀ,41.2826844,1.3990724
43,43133,ROQUETES,40.8203657,0.50343
43,43134,ROURELL (EL),41.223574,1.2183923
43,43135,SALOMÓ,41.2295948,1.3747378
43,43136,RÀPITA (LA),40.6178149,0.5900091
43,43137,SANT JAUME DELS DOMENYS,41.2988526,1.5601007
43,43138,SANTA BÀRBARA,40.7145779,0.4927561
43,43139,SANTA COLOMA DE QUERALT,41.5320987,1.3884221
43,43140,SANTA OLIVA,41.2532889,1.5510139
43,43141,PONTILS,41.4774835,1.3884066
43,43142,SARRAL,41.4453774,1.2469434
43,43143,SAVALLÀ DEL COMTAT,41.5428139,1.2997894
43,43144,SECUITA (LA),41.2040962,1.280166
43,43145,SELVA DEL CAMP (LA),41.2145609,1.1377856
43,43146,SENAN,41.4696984,1.0874668
43,43147,SOLIVELLA,41.4551755,1.1782848
43,43148,TARRAGONA,41.1172364,1.2546057
43,43149,TIVENYS,40.9063633,0.5123178
43,43150,TIVISSA,41.0416528,0.7346523
43,43151,TORRE DE FONTAUBELLA (LA),41.1255537,0.8640065
43,43152,TORRE DE L'ESPANYOL (LA),41.2137444,0.6772615
43,43153,TORREDEMBARRA,41.146155,1.3959508
43,43154,TORROJA DEL PRIORAT,41.2133186,0.8106095
43,43155,TORTOSA,40.8110158,0.5209333
43,43156,ULLDECONA,40.5967567,0.4475376
43,43157,ULLDEMOLINS,41.3222886,0.8761351
43,43159,VALLFOGONA DE RIUCORB,41.5632199,1.2363297
43,43160,VALLMOLL,41.2426301,1.2488953
43,43161,VALLS,41.2835355,1.2473637
43,43162,VANDELLÒS I L'HOSPITALET DE L'INFANT,40.9985238,0.8493534
43,43163,VENDRELL (EL),41.2199677,1.5348566
43,43164,VESPELLA DE GAIÀ,41.2040993,1.3599407
43,43165,VILABELLA,41.2467608,1.3298797
43,43166,VILALLONGA DEL CAMP,41.2080149,1.2074709
43,43167,VILANOVA D'ESCORNALBOU,41.1129833,0.9366799
43,43168,VILANOVA DE PRADES,41.347873,0.9571484
43,43169,VILAPLANA,41.2281084,1.0336452
43,43170,VILA-RODONA,41.3108464,1.3581489
43,43171,VILA-SECA,41.1109268,1.144961
43,43172,VILAVERD,41.3346124,1.1774773
43,43173,VILELLA ALTA (LA),41.2245689,0.7811314
43,43174,VILELLA BAIXA (LA),41.229676,0.7353127
43,43175,VILALBA DELS ARCS,41.1203999,0.4097144
43,43176,VIMBODÍ I POBLET,41.3848171,1.0491469
43,43177,VINEBRE,41.1835005,0.5894559
43,43178,VINYOLS I ELS ARCS,41.1139986,1.0387245
43,43901,DELTEBRE,40.7203938,0.7243445
43,43902,SANT JAUME D'ENVEJA,40.7062849,0.7182888
43,43903,CAMARLES,40.7735425,0.6738724
43,43904,ALDEA (L'),40.7445104,0.6188148
43,43905,SALOU,41.0768193,1.1440411
43,43906,AMPOLLA (L'),40.8122038,0.706957
43,43907,CANONJA (LA),41.120408,1.1820704
44,44001,ABABUJ,40.5490913,-0.8081778
44,44002,ABEJUELA,39.9102257,-0.8929933
44,44004,AGUAVIVA,40.8226656,-0.1975397
44,44005,AGUILAR DEL ALFAMBRA,40.5900281,-0.7957918
44,44006,ALACÓN,41.0227436,-0.697756
44,44007,ALBA,40.6178613,-1.3451178
44,44008,ALBALATE DEL ARZOBISPO,41.1241985,-0.5725805
44,44009,ALBARRACÍN,40.4072825,-1.4442792
44,44010,ALBENTOSA,40.1032434,-0.7690264
44,44011,ALCAINE,40.9531735,-0.7054491
44,44012,ALCALÁ DE LA SELVA,40.3718835,-0.7198401
44,44013,ALCAÑIZ,41.0506674,-0.1299694
44,44014,ALCORISA,40.8917054,-0.3821184
44,44016,ALFAMBRA,40.5470763,-1.0336291
44,44017,ALIAGA,40.6735981,-0.7033638
44,44019,ALOBRAS,40.1793207,-1.3886401
44,44021,ALLEPUZ,40.4924526,-0.7290795
44,44022,ALLOZA,40.9692882,-0.5304939
44,44025,ANDORRA,40.9753365,-0.4442782
44,44026,ARCOS DE LAS SALINAS,39.9924426,-1.0428521
44,44027,ARENS DE LLEDÓ,40.9924212,0.2708073
44,44028,ARGENTE,40.6887842,-1.1628165
44,44029,ARIÑO,41.0305185,-0.5917829
44,44031,AZAILA,41.2912333,-0.4942811
44,44033,BÁGUENA,41.0405505,-1.3563189
44,44034,BAÑÓN,40.8395298,-1.1905521
44,44035,BARRACHINA,40.8968866,-1.1399756
44,44037,BECEITE,40.8308335,0.1824413
44,44038,BELMONTE DE SAN JOSÉ,40.875041,-0.0632102
44,44039,BELLO,40.922441,-1.4997476
44,44040,BERGE,40.8577139,-0.4271096
44,44041,BEZAS,40.3307741,-1.324503
44,44042,BLANCAS,40.8137384,-1.4812997
44,44043,BLESA,41.0515376,-0.8856396
44,44044,BORDÓN,40.6871025,-0.3218359
44,44045,BRONCHALES,40.5089282,-1.5886007
44,44046,BUEÑA,40.7085066,-1.2672166
44,44047,BURBÁGUENA,41.0175998,-1.3386315
44,44048,CABRA DE MORA,40.3175281,-0.8073019
44,44049,CALACEITE,41.0120112,0.1873566
44,44050,CALAMOCHA,40.9198824,-1.299434
44,44051,CALANDA,40.9403014,-0.2314866
44,44052,CALOMARDE,40.3725088,-1.5750772
44,44053,CAMAÑAS,40.6430167,-1.1376101
44,44054,CAMARENA DE LA SIERRA,40.1483952,-1.0408801
44,44055,CAMARILLAS,40.6126449,-0.7541341
44,44056,CAMINREAL,40.8386895,-1.3252771
44,44059,CANTAVIEJA,40.5252721,-0.4062131
44,44061,CAÑADA DE VERICH (LA),40.8670608,-0.1023787
44,44063,CAÑIZAR DEL OLIVAR,40.8165916,-0.6451058
44,44064,CASCANTE DEL RÍO,40.1957871,-1.1142918
44,44065,CASTEJÓN DE TORNOS,40.9974874,-1.4267934
44,44066,CASTEL DE CABRA,40.7991312,-0.7033728
44,44067,CASTELNOU,41.228336,-0.3646998
44,44068,CASTELSERÁS,40.9814929,-0.1442085
44,44070,CASTELLAR (EL),40.3650349,-0.8173009
44,44071,CASTELLOTE,40.7992317,-0.3180374
44,44074,CEDRILLAS,40.436033,-0.8528742
44,44075,CELADAS,40.4739842,-1.1498081
44,44076,CELLA,40.4544298,-1.2859865
44,44077,CEROLLERA (LA),40.8399171,-0.0550066
44,44080,CODOÑERA (LA),40.9341106,-0.0851034
44,44082,CORBALÁN,40.4032092,-0.9852685
44,44084,CORTES DE ARAGÓN,40.9737275,-0.8352589
44,44085,COSA,40.8339734,-1.1353123
44,44086,CRETAS,40.9220046,0.2157272
44,44087,CRIVILLÉN,40.88321,-0.5768456
44,44088,CUBA (LA),40.5916447,-0.2981642
44,44089,CUBLA,40.2102421,-1.0787138
44,44090,CUCALÓN,41.0860556,-1.2153321
44,44092,CUERVO (EL),40.1510523,-1.3258089
44,44093,CUEVAS DE ALMUDÉN,40.7132549,-0.8290206
44,44094,CUEVAS LABRADAS,40.4536135,-1.0508498
44,44096,EJULVE,40.7756197,-0.554384
44,44097,ESCORIHUELA,40.5450501,-0.9711173
44,44099,ESCUCHA,40.7946466,-0.8098411
44,44100,ESTERCUEL,40.8548033,-0.6321144
44,44101,FERRERUELA DE HUERVA,41.0634202,-1.2332963
44,44103,FORMICHE ALTO,40.324288,-0.8934975
44,44105,FÓRNOLES,40.8933257,-0.0039691
44,44106,FORTANETE,40.5051134,-0.5208053
44,44107,FOZ-CALANDA,40.922231,-0.2665925
44,44108,FRESNEDA (LA),40.9284278,0.0673627
44,44109,FRÍAS DE ALBARRACÍN,40.3389342,-1.6173933
44,44110,FUENFERRADA,40.8689227,-1.0119277
44,44111,FUENTES CALIENTES,40.7004538,-0.9786854
44,44112,FUENTES CLARAS,40.8640489,-1.3241011
44,44113,FUENTES DE RUBIELOS,40.1691586,-0.618784
44,44114,FUENTESPALDA,40.8070873,0.0657727
44,44115,GALVE,40.6552414,-0.8812969
44,44116,GARGALLO,40.836081,-0.5837944
44,44117,GEA DE ALBARRACÍN,40.4104638,-1.3457211
44,44118,GINEBROSA (LA),40.8702559,-0.1340649
44,44119,GRIEGOS,40.4265704,-1.7116578
44,44120,GUADALAVIAR,40.3891162,-1.7182556
44,44121,GÚDAR,40.4418233,-0.7199933
44,44122,HÍJAR,41.1747377,-0.4515985
44,44123,HINOJOSA DE JARQUE,40.6901845,-0.7861129
44,44124,HOZ DE LA VIEJA (LA),40.9260421,-0.8413199
44,44125,HUESA DEL COMÚN,41.0104815,-0.9197856
44,44126,IGLESUELA DEL CID (LA),40.4824529,-0.3139795
44,44127,JABALOYAS,40.240197,-1.4075138
44,44128,JARQUE DE LA VAL,40.7024937,-0.8009751
44,44129,JATIEL,41.2191924,-0.3811707
44,44132,LAGUERUELA,41.0415731,-1.1915116
44,44135,LIBROS,40.1619238,-1.2341011
44,44136,LIDÓN,40.7175307,-1.1124556
44,44137,LINARES DE MORA,40.3218981,-0.5751237
44,44138,LOSCOS,41.081388,-1.0449678
44,44141,LLEDÓ,40.9554022,0.2771743
44,44143,MANZANERA,40.0577849,-0.8302624
44,44144,MARTÍN DEL RÍO,40.8444902,-0.8955596
44,44145,MAS DE LAS MATAS,40.8330753,-0.2417955
44,44146,MATA DE LOS OLMOS (LA),40.8647546,-0.5203408
44,44147,MAZALEÓN,41.0498797,0.1045477
44,44148,MEZQUITA DE JARQUE,40.7209505,-0.8667062
44,44149,MIRAMBEL,40.5868013,-0.3423874
44,44151,MOLINOS,40.819867,-0.4504486
44,44152,MONFORTE DE MOYUELA,41.0547646,-1.0142555
44,44153,MONREAL DEL CAMPO,40.7749459,-1.3493715
44,44154,MONROYO,40.7872816,-0.0330661
44,44155,MONTALBÁN,40.8405106,-0.7945675
44,44156,MONTEAGUDO DEL CASTILLO,40.4568776,-0.8176137
44,44157,MONTERDE DE ALBARRACÍN,40.4974056,-1.4918671
44,44158,MORA DE RUBIELOS,40.2515738,-0.7533922
44,44159,MOSCARDÓN,40.332479,-1.5368889
44,44160,MOSQUERUELA,40.3615312,-0.4492901
44,44161,MUNIESA,41.0315677,-0.8099565
44,44163,NOGUERA DE ALBARRACÍN,40.4588517,-1.5977209
44,44165,NOGUERUELAS,40.2377581,-0.6361851
44,44167,OBÓN,40.9047511,-0.7232771
44,44168,ODÓN,40.8841326,-1.56773
44,44169,OJOS NEGROS,40.737139,-1.4987787
44,44171,OLBA,40.1325902,-0.6250429
44,44172,OLIETE,40.9976521,-0.6732831
44,44173,OLMOS (LOS),40.8659024,-0.5212868
44,44174,ORIHUELA DEL TREMEDAL,40.5507519,-1.6504341
44,44175,ORRIOS,40.5871985,-0.987305
44,44176,PALOMAR DE ARROYOS,40.7796665,-0.7502131
44,44177,PANCRUDO,40.7620908,-1.0292935
44,44178,PARRAS DE CASTELLOTE (LAS),40.7754734,-0.2439791
44,44179,PEÑARROYA DE TASTAVINS,40.7560869,0.0408641
44,44180,PERACENSE,40.6413603,-1.4698693
44,44181,PERALEJOS,40.4837318,-1.0329396
44,44182,PERALES DEL ALFAMBRA,40.6351452,-1.0014936
44,44183,PITARQUE,40.6478037,-0.5936311
44,44184,PLOU,40.9922654,-0.8538516
44,44185,POBO (EL),40.5078458,-0.8612705
44,44187,PORTELLADA (LA),40.8819568,0.0562841
44,44189,POZONDÓN,40.5610374,-1.4701596
44,44190,POZUEL DEL CAMPO,40.7711768,-1.5056434
44,44191,PUEBLA DE HÍJAR (LA),41.2136812,-0.4461446
44,44192,PUEBLA DE VALVERDE (LA),40.2123934,-0.9439513
44,44193,PUERTOMINGALVO,40.264779,-0.4596302
44,44194,RÁFALES,40.8374196,0.0202265
44,44195,RILLO,40.7229168,-0.9961613
44,44196,RIODEVA,40.1175989,-1.1471163
44,44197,RÓDENAS,40.6394853,-1.5159131
44,44198,ROYUELA,40.3778176,-1.5127776
44,44199,RUBIALES,40.2764146,-1.2711769
44,44200,RUBIELOS DE LA CÉRIDA,40.7704251,-1.2121906
44,44201,RUBIELOS DE MORA,40.1904408,-0.6519276
44,44205,SAMPER DE CALANDA,41.1892077,-0.3882399
44,44206,SAN AGUSTÍN,40.0591346,-0.6930191
44,44207,SAN MARTÍN DEL RÍO,41.065914,-1.3867518
44,44209,SANTA EULALIA,40.5689033,-1.3144106
44,44210,SARRIÓN,40.1407038,-0.8167512
44,44213,SINGRA,40.6558585,-1.3115801
44,44215,TERRIENTE,40.2973356,-1.5044307
44,44216,TERUEL,40.3436719,-1.1081939
44,44219,TORNOS,40.9625217,-1.4333116
44,44220,TORRALBA DE LOS SISONES,40.8906914,-1.4586355
44,44221,TORRECILLA DE ALCAÑIZ,40.9619835,-0.0909037
44,44222,TORRECILLA DEL REBOLLAR,40.9101277,-1.0719899
44,44223,TORRE DE ARCAS,40.7518062,-0.0690015
44,44225,TORRE DEL COMPTE,40.9366482,0.1098142
44,44226,TORRELACÁRCEL,40.6145499,-1.3013762
44,44227,TORRE LOS NEGROS,40.8532367,-1.0970115
44,44228,TORREMOCHA DE JILOCA,40.5895233,-1.2962012
44,44229,TORRES DE ALBARRACÍN,40.4275546,-1.5315671
44,44230,TORREVELILLA,40.9022102,-0.1090104
44,44231,TORRIJAS,40.0234779,-0.9574493
44,44232,TORRIJO DEL CAMPO,40.8245212,-1.3381918
44,44234,TRAMACASTIEL,40.1883603,-1.2401816
44,44235,TRAMACASTILLA,40.4305279,-1.5741925
44,44236,TRONCHÓN,40.6212083,-0.398535
44,44237,URREA DE GAÉN,41.1600888,-0.4705135
44,44238,UTRILLAS,40.8127979,-0.8438735
44,44240,VALBONA,40.2284734,-0.8112301
44,44241,VALDEALGORFA,40.9902188,-0.0338597
44,44243,VALDECUENCA,40.2978409,-1.4081938
44,44244,VALDELINARES,40.3913722,-0.6059123
44,44245,VALDELTORMO,40.9872355,0.0838425
44,44246,VALDERROBRES,40.873436,0.1550923
44,44247,VALJUNQUERA,40.9525808,0.0255796
44,44249,VALLECILLO (EL),40.2348692,-1.5662929
44,44251,VILLAFRANCA DEL CAMPO,40.6946554,-1.3476755
44,44252,VILLAHERMOSA DEL CAMPO,41.1126297,-1.2309273
44,44257,VILLAR DEL COBO,40.3950117,-1.6730231
44,44258,VILLAR DEL SALZ,40.6820245,-1.49984
44,44260,VILLARLUENGO,40.6487546,-0.5293047
44,44261,VILLARQUEMADO,40.5170637,-1.265061
44,44262,VILLARROYA DE LOS PINARES,40.5302594,-0.6682932
44,44263,VILLASTAR,40.2811074,-1.1512179
44,44264,VILLEL,40.2347781,-1.1882946
44,44265,VINACEITE,41.2660396,-0.5793052
44,44266,VISIEDO,40.6857256,-1.0971868
44,44267,VIVEL DEL RÍO MARTÍN,40.8704933,-0.9404566
45,45001,AJOFRÍN,39.7111302,-3.98115
45,45002,ALAMEDA DE LA SAGRA,40.013303,-3.7968786
45,45005,ALCAÑIZO,39.9026662,-5.1053
45,45006,ALCAUDETE DE LA JARA,39.788931,-4.8678158
45,45007,ALCOLEA DE TAJO,39.8092556,-5.1477785
45,45008,ALDEA EN CABO,40.1845515,-4.4573374
45,45009,ALDEANUEVA DE BARBARROYA,39.7605277,-5.0240869
45,45010,ALDEANUEVA DE SAN BARTOLOMÉ,39.6368669,-5.1127375
45,45011,ALMENDRAL DE LA CAÑADA,40.1830548,-4.7408516
45,45012,ALMONACID DE TOLEDO,39.7538204,-3.8543691
45,45013,ALMOROX,40.2330255,-4.3889347
45,45014,AÑOVER DE TAJO,39.9877375,-3.7660548
45,45015,ARCICÓLLAR,40.0541018,-4.1159804
45,45016,ARGÉS,39.8062915,-4.056902
45,45017,AZUTÁN,39.7848365,-5.1276885
45,45018,BARCIENCE,39.9834419,-4.2362793
45,45019,BARGAS,39.9393212,-4.0201526
45,45020,BELVÍS DE LA JARA,39.7594199,-4.9496046
45,45021,BOROX,40.06967,-3.7411508
45,45022,BUENAVENTURA,40.1766024,-4.8498756
45,45023,BURGUILLOS DE TOLEDO,39.7983122,-3.9915094
45,45024,BURUJÓN,39.901105,-4.2981451
45,45025,CABAÑAS DE LA SAGRA,40.005774,-3.9479133
45,45027,CABEZAMESADA,39.8166147,-3.1029185
45,45028,CALERA Y CHOZAS,39.8826545,-4.9791609
45,45029,CALERUELA,39.8744972,-5.2558765
45,45030,CALZADA DE OROPESA,39.8978576,-5.2785136
45,45031,CAMARENA,40.0925817,-4.1212536
45,45032,CAMARENILLA,40.0172068,-4.0738169
45,45033,CAMPILLO DE LA JARA (EL),39.589965,-5.0546933
45,45035,CARDIEL DE LOS MONTES,40.0629152,-4.6547091
45,45036,CARMENA,39.9556215,-4.4014821
45,45037,CARPIO DE TAJO (EL),39.8874679,-4.454366
45,45038,CARRANQUE,40.1702567,-3.9000333
45,45039,CARRICHES,39.9639132,-4.4586415
45,45040,CASAR DE ESCALONA (EL),40.0659782,-4.5195347
45,45041,CASARRUBIOS DEL MONTE,40.185405,-4.0377056
45,45042,CASASBUENAS,39.7607428,-4.1264909
45,45043,CASTILLO DE BAYUELA,40.0998825,-4.6851982
45,45045,CAZALEGAS,40.0099432,-4.6772621
45,45046,CEBOLLA,39.9470727,-4.5726539
45,45047,CEDILLO DEL CONDADO,40.1153734,-3.9257738
45,45048,CERRALBOS (LOS),39.9837814,-4.5691242
45,45049,CERVERA DE LOS MONTES,40.0514382,-4.8102512
45,45050,CIRUELOS,39.9383171,-3.6137358
45,45051,COBEJA,40.0235161,-3.8581058
45,45052,COBISA,39.8044211,-4.0247277
45,45053,CONSUEGRA,39.460918,-3.6070786
45,45054,CORRAL DE ALMAGUER,39.7607947,-3.168367
45,45055,CUERVA,39.6639009,-4.2103258
45,45058,DOMINGO PÉREZ,39.9757512,-4.5049656
45,45059,DOSBARRIOS,39.8833764,-3.4820586
45,45060,ERUSTES,39.9565393,-4.4974032
45,45061,ESCALONA,40.1665576,-4.4038607
45,45063,ESPINOSO DEL REY,39.6525317,-4.7842048
45,45064,ESQUIVIAS,40.1040681,-3.7674804
45,45065,ESTRELLA (LA),39.6898035,-5.0933003
45,45066,FUENSALIDA,40.0530549,-4.2088378
45,45067,GÁLVEZ,39.7005585,-4.2737085
45,45069,GERINDOTE,39.9655586,-4.3022455
45,45070,GUADAMUR,39.8113689,-4.1488803
45,45071,GUARDIA (LA),39.7861587,-3.4750404
45,45072,HERENCIAS (LAS),39.8678726,-4.9215913
45,45073,HERRERUELA DE OROPESA,39.8887993,-5.2421986
45,45074,HINOJOSA DE SAN VICENTE,40.1035582,-4.7217597
45,45075,HONTANAR,39.6123384,-4.4982966
45,45076,HORMIGOS,40.0978717,-4.4443425
45,45077,HUECAS,40.011646,-4.195586
45,45078,HUERTA DE VALDECARÁBANOS,39.862804,-3.6112173
45,45079,IGLESUELA DEL TIÉTAR (LA),40.2326671,-4.7515028
45,45081,ILLESCAS,40.1248436,-3.8492688
45,45082,LAGARTERA,39.9075575,-5.2001378
45,45083,LAYOS,39.77672,-4.0638382
45,45084,LILLO,39.72286,-3.3054972
45,45087,MADRIDEJOS,39.4697204,-3.5353737
45,45088,MAGÁN,39.961848,-3.9308991
45,45089,MALPICA DE TAJO,39.8946197,-4.54845
45,45090,MANZANEQUE,39.635631,-3.7930731
45,45091,MAQUEDA,40.06533,-4.3720335
45,45092,MARJALIZA,39.5632323,-3.9343743
45,45093,MARRUPE,40.0901761,-4.7942637
45,45094,MASCARAQUE,39.7160016,-3.8124941
45,45095,MATA (LA),39.9428781,-4.4381101
45,45097,MEJORADA,40.010038,-4.8831104
45,45098,MENASALBAS,39.6410143,-4.2836557
45,45099,MÉNTRIDA,40.2379032,-4.1945535
45,45100,MESEGAR DE TAJO,39.9253874,-4.5020573
45,45101,MIGUEL ESTEBAN,39.5260507,-3.076188
45,45102,MOCEJÓN,39.9381943,-3.9168339
45,45103,MOHEDAS DE LA JARA,39.5985699,-5.1519722
45,45104,MONTEARAGÓN,39.964403,-4.631065
45,45105,MONTESCLAROS,40.106226,-4.9389917
45,45106,MORA,39.683223,-3.7727849
45,45107,NAMBROCA,39.7978442,-3.9444599
45,45108,NAVA DE RICOMALILLO (LA),39.651619,-4.9901157
45,45109,NAVAHERMOSA,39.6334281,-4.4691896
45,45110,NAVALCÁN,40.0690965,-5.0931741
45,45111,NAVALMORALEJO,39.739225,-5.1429775
45,45112,NAVALMORALES (LOS),39.722815,-4.6391806
45,45113,NAVALUCILLOS (LOS),39.6671024,-4.6415461
45,45114,NAVAMORCUENDE,40.1560188,-4.7865619
45,45115,NOBLEJAS,39.9803187,-3.4403876
45,45116,NOEZ,39.7409874,-4.1842477
45,45117,NOMBELA,40.1570908,-4.5033817
45,45118,NOVÉS,40.0450267,-4.2730023
45,45119,NUMANCIA DE LA SAGRA,40.0785096,-3.8569693
45,45121,OCAÑA,39.9586665,-3.5007717
45,45122,OLÍAS DEL REY,39.9447357,-3.9872516
45,45123,ONTÍGOLA,40.00348,-3.572782
45,45124,ORGAZ,39.6475279,-3.8748671
45,45125,OROPESA,39.9175144,-5.1747241
45,45127,PALOMEQUE,40.1199294,-3.9635482
45,45128,PANTOJA,40.0454287,-3.8354787
45,45129,PAREDES DE ESCALONA,40.2045419,-4.429744
45,45130,PARRILLAS,40.0630933,-5.0633547
45,45132,PEPINO,40.0326263,-4.8024429
45,45133,POLÁN,39.7888594,-4.1667072
45,45134,PORTILLO DE TOLEDO,40.0626338,-4.2273404
45,45135,PUEBLA DE ALMORADIEL (LA),39.5982659,-3.1186131
45,45136,PUEBLA DE MONTALBÁN (LA),39.8644503,-4.3592794
45,45137,PUEBLANUEVA (LA),39.9124157,-4.6772716
45,45138,PUENTE DEL ARZOBISPO (EL),39.8019157,-5.1709855
45,45139,PUERTO DE SAN VICENTE,39.5224262,-5.1139392
45,45140,PULGAR,39.693534,-4.1528876
45,45141,QUERO,39.5100043,-3.2472032
45,45142,QUINTANAR DE LA ORDEN,39.5908125,-3.043053
45,45143,QUISMONDO,40.1056113,-4.3243085
45,45144,REAL DE SAN VICENTE (EL),40.1368342,-4.6904462
45,45145,RECAS,40.0531375,-3.9902585
45,45146,RETAMOSO DE LA JARA,39.7427485,-4.7557209
45,45148,ROBLEDO DEL MAZO,39.6094103,-4.9048825
45,45149,ROMERAL (EL),39.7072283,-3.4340122
45,45150,SAN BARTOLOMÉ DE LAS ABIERTAS,39.8275665,-4.7183014
45,45151,SAN MARTÍN DE MONTALBÁN,39.7021643,-4.3880846
45,45152,SAN MARTÍN DE PUSA,39.7826821,-4.6336085
45,45153,SAN PABLO DE LOS MONTES,39.5403833,-4.3298383
45,45154,SAN ROMÁN DE LOS MONTES,40.0674417,-4.7322334
45,45155,SANTA ANA DE PUSA,39.7620169,-4.7112606
45,45156,SANTA CRUZ DE LA ZARZA,39.9812739,-3.1886386
45,45157,SANTA CRUZ DEL RETAMAR,40.1186831,-4.2414455
45,45158,SANTA OLALLA,40.024331,-4.4282433
45,45160,SEGURILLA,40.0227539,-4.8657291
45,45161,SESEÑA,40.1039653,-3.6923825
45,45162,SEVILLEJA DE LA JARA,39.5743406,-4.9647281
45,45163,SONSECA,39.6797915,-3.9776083
45,45164,SOTILLO DE LAS PALOMAS,40.1032447,-4.8282463
45,45165,TALAVERA DE LA REINA,39.9603798,-4.8311717
45,45166,TEMBLEQUE,39.6970824,-3.5020102
45,45167,TOBOSO (EL),39.5129195,-2.9954597
45,45168,TOLEDO,39.8558913,-4.024265
45,45169,TORRALBA DE OROPESA,39.9340436,-5.1536888
45,45170,TORRECILLA DE LA JARA,39.7037025,-4.7722444
45,45171,TORRE DE ESTEBAN HAMBRÁN (LA),40.1718503,-4.2157943
45,45172,TORRICO,39.8301082,-5.2270015
45,45173,TORRIJOS,39.9811627,-4.2805629
45,45174,TOTANÉS,39.7102971,-4.2245753
45,45175,TURLEQUE,39.6011467,-3.6139069
45,45176,UGENA,40.1574161,-3.8766994
45,45177,URDA,39.4102779,-3.7167932
45,45179,VALDEVERDEJA,39.7955554,-5.2450131
45,45180,VALMOJADO,40.2043735,-4.0908078
45,45181,VELADA,39.9768698,-4.9756417
45,45182,VENTAS CON PEÑA AGUILERA (LAS),39.6175323,-4.2254904
45,45183,VENTAS DE RETAMOSA (LAS),40.1506101,-4.1136411
45,45184,VENTAS DE SAN JULIÁN (LAS),40.0082158,-5.2947971
45,45185,VILLACAÑAS,39.625027,-3.333785
45,45187,VILLAFRANCA DE LOS CABALLEROS,39.4263038,-3.3598689
45,45188,VILLALUENGA DE LA SAGRA,40.0271087,-3.9115161
45,45189,VILLAMIEL DE TOLEDO,39.9839099,-4.126224
45,45190,VILLAMINAYA,39.7114161,-3.8711454
45,45191,VILLAMUELAS,39.8180633,-3.7348556
45,45192,VILLANUEVA DE ALCARDETE,39.6717245,-3.0152647
45,45193,VILLANUEVA DE BOGAS,39.7240112,-3.657196
45,45194,VILLAREJO DE MONTALBÁN,39.7689628,-4.573705
45,45195,VILLARRUBIA DE SANTIAGO,39.9847858,-3.3667545
45,45196,VILLASECA DE LA SAGRA,39.9623605,-3.8829959
45,45197,VILLASEQUILLA,39.8762661,-3.7310065
45,45198,VILLATOBAS,39.9018494,-3.3239156
45,45199,VISO DE SAN JUAN (EL),40.1429658,-3.9171229
45,45200,YÉBENES (LOS),39.5823444,-3.8702361
45,45201,YELES,40.1197677,-3.8042363
45,45202,YEPES,39.9037704,-3.6240919
45,45203,YUNCLER,40.0440004,-3.9008053
45,45205,YUNCOS,40.0871868,-3.8735226
45,45901,SANTO DOMINGO-CAUDILLA,40.0100661,-4.3194669
46,46001,ADEMUZ,40.0631649,-1.2856816
46,46002,ADOR,38.9195136,-0.2242702
46,46004,AGULLENT,38.8232056,-0.5475331
46,46005,ALAQUÀS,39.4572928,-0.46098
46,46006,ALBAIDA,38.838669,-0.5181895
46,46007,ALBAL,39.3956438,-0.4150821
46,46008,ALBALAT DE LA RIBERA,39.2012627,-0.3866468
46,46009,ALBALAT DELS SORELLS,39.5436955,-0.3461912
46,46010,ALBALAT DELS TARONGERS,39.7028908,-0.3371981
46,46011,ALBERIC,39.1164369,-0.5201838
46,46012,ALBORACHE,39.3917086,-0.7711311
46,46013,ALBORAIA/ALBORAYA,39.5010119,-0.3499577
46,46014,ALBUIXECH,39.5442852,-0.3247783
46,46015,ALCÀSSER,39.3677124,-0.4446741
46,46016,ALCÀNTERA DE XÚQUER,39.068793,-0.5620285
46,46017,ALZIRA,39.151212,-0.4346556
46,46018,ALCUBLAS,39.7979196,-0.7025736
46,46019,ALCÚDIA (L'),39.1940168,-0.5071025
46,46020,ALCÚDIA DE CRESPINS (L'),38.9710757,-0.5890951
46,46021,ALDAIA,39.4647886,-0.4607604
46,46022,ALFAFAR,39.4200749,-0.3891355
46,46023,ALFAUIR,38.9283659,-0.2516595
46,46024,ALFARA DE LA BARONIA,39.763024,-0.3553553
46,46025,ALFARA DEL PATRIARCA,39.544129,-0.3856585
46,46026,ALFARP,39.2767738,-0.5605178
46,46027,ALFARRASÍ,38.9043757,-0.4967679
46,46028,ALGAR DE PALANCIA,39.7810953,-0.367464
46,46029,ALGEMESÍ,39.190758,-0.4357471
46,46030,ALGÍMIA D'ALFARA,39.7536532,-0.3629841
46,46031,ALGINET,39.2651129,-0.4716912
46,46032,ALMÀSSERA,39.5118213,-0.3562374
46,46033,ALMISERÀ,38.9161848,-0.2848533
46,46034,ALMOINES,38.9435394,-0.1817019
46,46035,ALMUSSAFES,39.2924334,-0.4138577
46,46036,ALPUENTE,39.8759884,-1.0137762
46,46037,ALQUERIA DE LA COMTESSA (L'),38.9400276,-0.1412275
46,46039,ANNA,39.0204311,-0.6461361
46,46040,ANTELLA,39.0792449,-0.5926271
46,46041,ARAS DE LOS OLMOS,39.9242294,-1.1332322
46,46042,AIELO DE MALFERIT,38.8803632,-0.5911695
46,46043,AIELO DE RUGAT,38.8820575,-0.3442639
46,46044,AYORA,39.0596612,-1.057216
46,46045,BARXETA,39.0225353,-0.4165167
46,46046,BARX,39.0148124,-0.302021
46,46047,BÈLGIDA,38.8595605,-0.47474
46,46048,BELLREGUARD,38.9462948,-0.1615484
46,46049,BELLÚS,38.9452803,-0.48611
46,46050,BENAGÉBER,39.7072913,-1.1005101
46,46051,BENAGUASIL,39.5942907,-0.588849
46,46052,BENAVITES,39.7407299,-0.2585095
46,46053,BENEIXIDA,39.0573274,-0.5487333
46,46054,BENETÚSSER,39.4228928,-0.3974783
46,46055,BENIARJÓ,38.9324698,-0.1870182
46,46056,BENIATJAR,38.8479764,-0.4168998
46,46057,BENICOLET,38.9193454,-0.3460118
46,46058,BENIFAIRÓ DE LES VALLS,39.7277183,-0.2686309
46,46059,BENIFAIRÓ DE LA VALLDIGNA,39.0533163,-0.302872
46,46060,BENIFAIÓ,39.2854089,-0.426264
46,46061,BENIFLÁ,38.9282759,-0.1884609
46,46062,BENIGÀNIM,38.9438844,-0.4441621
46,46063,BENIMODO,39.2135344,-0.5267415
46,46064,BENIMUSLEM,39.1319694,-0.4923176
46,46065,BENIPARRELL,39.3819923,-0.4119964
46,46066,BENIRREDRÀ,38.9617924,-0.1926545
46,46067,BENISSANÓ,39.6133078,-0.5752895
46,46068,BENISSODA,38.832174,-0.5302439
46,46069,BENISSUERA,38.9127559,-0.477434
46,46070,BÉTERA,39.5917307,-0.4622695
46,46071,BICORP,39.1323971,-0.7877353
46,46072,BOCAIRENT,38.7669181,-0.610892
46,46073,BOLBAITE,39.0609622,-0.6744835
46,46074,BONREPÒS I MIRAMBELL,39.5174981,-0.3655773
46,46075,BUFALI,38.8685814,-0.5169155
46,46076,BUGARRA,39.6085472,-0.7758284
46,46077,BUÑOL,39.4189582,-0.7909637
46,46078,BURJASSOT,39.5090599,-0.4108581
46,46079,CALLES,39.7254187,-0.973942
46,46080,CAMPORROBLES,39.6472415,-1.4009335
46,46081,CANALS,38.9623954,-0.5832175
46,46082,CANET D'EN BERENGUER,39.6804554,-0.2209621
46,46083,CARCAIXENT,39.1209651,-0.4472814
46,46084,CÀRCER,39.069966,-0.5678287
46,46085,CARLET,39.2251696,-0.5202051
46,46086,CARRÍCOLA,38.8403002,-0.4720736
46,46087,CASAS ALTAS,40.0395154,-1.2629814
46,46088,CASAS BAJAS,40.0237302,-1.2604112
46,46089,CASINOS,39.6995635,-0.7073505
46,46090,CASTELLÓ DE RUGAT,38.874757,-0.3818165
46,46091,CASTELLONET DE LA CONQUESTA,38.9154896,-0.2630171
46,46092,CASTIELFABIB,40.1304259,-1.3041318
46,46093,CATADAU,39.2748065,-0.5710963
46,46094,CATARROJA,39.4033747,-0.4028759
46,46095,CAUDETE DE LAS FUENTES,39.5591102,-1.2803019
46,46096,CERDÀ,38.9858731,-0.5739568
46,46097,COFRENTES,39.2299883,-1.0619387
46,46098,CORBERA,39.1580768,-0.3540631
46,46099,CORTES DE PALLÁS,39.2423365,-0.9403895
46,46100,COTES,39.0703715,-0.5747878
46,46101,QUART DE LES VALLS,39.7398739,-0.2727995
46,46102,QUART DE POBLET,39.4827253,-0.4438854
46,46103,QUARTELL,39.7373882,-0.2640069
46,46104,QUATRETONDA,38.9456993,-0.4016262
46,46105,CULLERA,39.1647217,-0.2542313
46,46106,CHELVA,39.7486658,-0.9976861
46,46107,CHELLA,39.0419132,-0.6590644
46,46108,CHERA,39.5931474,-0.9729021
46,46109,CHESTE,39.4939368,-0.6842101
46,46111,CHIVA,39.4726098,-0.7178348
46,46112,CHULILLA,39.6563771,-0.8921028
46,46113,DAIMÚS,38.9687811,-0.1534297
46,46114,DOMEÑO,39.6600701,-0.6720763
46,46115,DOS AGUAS,39.2890143,-0.8004748
46,46116,ELIANA (L'),39.5659086,-0.5302784
46,46117,EMPERADOR,39.5540582,-0.3388611
46,46118,ENGUERA,38.9804366,-0.6894299
46,46119,ÉNOVA (L'),39.0444939,-0.4808417
46,46120,ESTIVELLA,39.7133707,-0.3485272
46,46121,ESTUBENY,39.0174058,-0.6237803
46,46122,FAURA,39.7262295,-0.2611236
46,46123,FAVARA,39.1273559,-0.2916155
46,46124,FONTANARS DELS ALFORINS,38.7841381,-0.7855195
46,46125,FORTALENY,39.1838545,-0.3151293
46,46126,FOIOS,39.5381541,-0.3561396
46,46127,FONT D'EN CARRÒS (LA),38.9166494,-0.1683368
46,46128,FONT DE LA FIGUERA (LA),38.5644668,-0.3787903
46,46129,FUENTERROBLES,39.5851621,-1.364704
46,46130,GAVARDA,39.0901402,-0.5450696
46,46131,GANDIA,38.9675925,-0.1803423
46,46132,GENOVÉS (EL),38.9882498,-0.4710137
46,46134,GILET,39.6786015,-0.32506
46,46135,GODELLA,39.5184276,-0.4103168
46,46136,GODELLETA,39.4218028,-0.6867262
46,46137,GRANJA DE LA COSTERA (LA),38.9962573,-0.5560668
46,46138,GUADASSÉQUIES,38.9245811,-0.4865189
46,46139,GUADASSUAR,39.1857839,-0.4778181
46,46140,GUARDAMAR DE LA SAFOR,38.9615238,-0.1488153
46,46141,HIGUERUELAS,39.7900911,-0.8617383
46,46142,JALANCE,39.1909885,-1.0772386
46,46144,JARAFUEL,39.1398863,-1.0728491
46,46147,LLÍRIA,39.6251478,-0.5952749
46,46148,LORIGUILLA,39.4905062,-0.5722427
46,46150,LLUTXENT,38.9427057,-0.3565953
46,46151,LLOCNOU D'EN FENOLLET,39.0124141,-0.4664784
46,46153,LLOCNOU DE SANT JERONI,38.9130107,-0.2841276
46,46154,LLANERA DE RANES,38.9928696,-0.5718391
46,46155,LLAURÍ,39.1469364,-0.3299823
46,46156,LLOMBAI,39.2816214,-0.5731796
46,46157,LLOSA DE RANES (LA),39.0185366,-0.5335879
46,46158,MACASTRE,39.3820383,-0.7854865
46,46159,MANISES,39.492989,-0.4621429
46,46160,MANUEL,39.0513265,-0.4909038
46,46161,MARINES,39.6755957,-0.5612995
46,46162,MASSALAVÉS,39.1420011,-0.522717
46,46163,MASSALFASSAR,39.5579365,-0.3258587
46,46164,MASSAMAGRELL,39.5703995,-0.3302101
46,46165,MASSANASSA,39.4108561,-0.4000846
46,46166,MELIANA,39.528475,-0.3488606
46,46167,MILLARES,39.2375388,-0.7736084
46,46168,MIRAMAR,38.9505154,-0.1415109
46,46169,MISLATA,39.4751444,-0.4179125
46,46170,MOIXENT/MOGENTE,38.8753162,-0.7495353
46,46171,MONCADA,39.5450484,-0.3941015
46,46172,MONTSERRAT,39.3576494,-0.6031
46,46173,MONTAVERNER,38.8879955,-0.4932477
46,46174,MONTESA,38.9481556,-0.6492732
46,46175,MONTITXELVO/MONTICHELVO,38.891134,-0.3396607
46,46176,MONTROI/MONTROY,39.3406742,-0.6138111
46,46177,MUSEROS,39.5603068,-0.3365952
46,46178,NÀQUERA/NÁQUERA,39.6583957,-0.4255343
46,46179,NAVARRÉS,39.1024656,-0.6953201
46,46180,NOVETLÈ/NOVELÉ,38.9806142,-0.5474381
46,46181,OLIVA,38.9202443,-0.1208981
46,46182,OLOCAU,39.7006763,-0.531206
46,46183,OLLERIA (L'),38.9144633,-0.5535651
46,46184,ONTINYENT,38.8208523,-0.6099929
46,46185,OTOS,38.8537863,-0.444257
46,46186,PAIPORTA,39.4279722,-0.4184254
46,46187,PALMA DE GANDÍA,38.9249523,-0.2210245
46,46188,PALMERA,38.9417448,-0.1537426
46,46189,PALOMAR (EL),38.8543122,-0.5030984
46,46190,PATERNA,39.5039227,-0.4421014
46,46191,PEDRALBA,39.6053522,-0.7260062
46,46192,PETRÉS,39.6839991,-0.3102425
46,46193,PICANYA,39.4353965,-0.4358777
46,46194,PICASSENT,39.363519,-0.4611789
46,46195,PILES,38.9407693,-0.1325845
46,46196,PINET,38.9827649,-0.3383891
46,46198,POTRIES,38.915234,-0.1949104
46,46199,POBLA DE FARNALS (LA),39.5788818,-0.3296332
46,46200,POBLA DEL DUC (LA),38.9010354,-0.3907092
46,46201,PUEBLA DE SAN MIGUEL,40.044968,-1.1443952
46,46202,POBLA DE VALLBONA (LA),39.585611,-0.551639
46,46203,POBLA LLARGA (LA),39.0832888,-0.4696305
46,46204,PUIG DE SANTA MARIA (EL),39.5885981,-0.3033266
46,46205,PUÇOL,39.6172229,-0.3028272
46,46206,QUESA,39.1196086,-0.7402726
46,46207,RAFELBUNYOL,39.5884632,-0.3325421
46,46208,RAFELCOFER,38.9327181,-0.1664006
46,46209,RAFELGUARAF,39.0516722,-0.4550355
46,46210,RÁFOL DE SALEM,38.8659425,-0.3972952
46,46211,REAL DE GANDIA (EL),38.9448024,-0.199795
46,46212,REAL,39.3342846,-0.608392
46,46213,REQUENA,39.4880777,-1.1001643
46,46214,RIBA-ROJA DE TÚRIA,39.5463524,-0.5699662
46,46215,RIOLA,39.1974256,-0.334858
46,46216,ROCAFORT,39.5300573,-0.4109383
46,46217,ROTGLÀ I CORBERÀ,39.0039511,-0.5647874
46,46218,RÒTOVA,38.9325529,-0.2580968
46,46219,RUGAT,38.8792847,-0.36232
46,46220,SAGUNT/SAGUNTO,39.6792916,-0.2786451
46,46221,SALEM,38.8543784,-0.3814159
46,46222,SANT JOANET,39.071992,-0.4869889
46,46223,SEDAVÍ,39.4247119,-0.3834581
46,46224,SEGART,39.6833431,-0.3744773
46,46225,SELLENT,39.0317983,-0.5874749
46,46226,SEMPERE,38.9198161,-0.4800619
46,46227,SENYERA,39.0635511,-0.5099664
46,46228,SERRA,39.6851966,-0.4281287
46,46229,SIETE AGUAS,39.4715188,-0.9156646
46,46230,SILLA,39.3632045,-0.4112618
46,46231,SIMAT DE LA VALLDIGNA,39.0435012,-0.3114531
46,46232,SINARCAS,39.7325775,-1.2300935
46,46233,SOLLANA,39.2784514,-0.3818215
46,46234,SOT DE CHERA,39.6212861,-0.9102321
46,46235,SUECA,39.2025604,-0.3111645
46,46236,SUMACÀRCER,39.0962162,-0.6296261
46,46237,TAVERNES BLANQUES,39.5064294,-0.3625992
46,46238,TAVERNES DE LA VALLDIGNA,39.0715565,-0.2678045
46,46239,TERESA DE COFRENTES,39.1064363,-1.0510067
46,46240,TERRATEIG,38.8948459,-0.3200938
46,46241,TITAGUAS,39.8655907,-1.0821531
46,46242,TORREBAJA,40.0960725,-1.2567771
46,46243,TORRELLA,38.9886227,-0.5714242
46,46244,TORRENT,39.436668,-0.4656213
46,46245,TORRES TORRES,39.7434288,-0.357507
46,46246,TOUS,39.1397505,-0.5881834
46,46248,TURÍS,39.3898826,-0.7104878
46,46249,UTIEL,39.5680797,-1.2051604
46,46250,VALÈNCIA,39.4697065,-0.3763353
46,46251,VALLADA,38.8959364,-0.6890986
46,46252,VALLANCA,40.0630346,-1.3389357
46,46253,VALLÉS,38.9858253,-0.5562883
46,46257,CASTELLÓ,39.0795781,-0.5123755
46,46902,GÁTOVA,39.7696335,-0.5205666
46,46903,SAN ANTONIO DE BENAGÉBER,39.5619478,-0.5001275
46,46904,BENICULL DE XÚQUER,39.1853985,-0.3821957
47,47001,ADALIA,41.6486513,-5.1213107
47,47002,AGUASAL,41.2748427,-4.6531667
47,47003,AGUILAR DE CAMPOS,41.9840369,-5.1807319
47,47004,ALAEJOS,41.3074062,-5.2160343
47,47005,ALCAZARÉN,41.3709297,-4.6715674
47,47006,ALDEA DE SAN MIGUEL,41.4613263,-4.6160576
47,47007,ALDEAMAYOR DE SAN MARTÍN,41.5121927,-4.6398863
47,47008,ALMENARA DE ADAJA,41.2140052,-4.677067
47,47009,AMUSQUILLO,41.7488589,-4.3016445
47,47010,ARROYO DE LA ENCOMIENDA,41.6221279,-4.7813957
47,47011,ATAQUINES,41.1818477,-4.8057355
47,47012,BAHABÓN,41.4809876,-4.2786005
47,47013,BARCIAL DE LA LOMA,41.9505269,-5.2846539
47,47014,BARRUELO DEL VALLE,41.6738042,-5.0694379
47,47015,BECILLA DE VALDERADUEY,42.0980087,-5.2179628
47,47016,BENAFARCES,41.6210848,-5.2935315
47,47017,BERCERO,41.5635561,-5.0558951
47,47018,BERCERUELO,41.5802174,-5.0325645
47,47019,BERRUECES,41.945506,-5.0975153
47,47020,BOBADILLA DEL CAMPO,41.2051084,-5.0227588
47,47021,BOCIGAS,41.2291692,-4.6809528
47,47022,BOCOS DE DUERO,41.6236618,-4.0690547
47,47023,BOECILLO,41.5406814,-4.6993793
47,47024,BOLAÑOS DE CAMPOS,42.0062728,-5.2838725
47,47025,BRAHOJOS DE MEDINA,41.2313136,-5.0419437
47,47026,BUSTILLO DE CHAVES,42.1304506,-5.0910466
47,47027,CABEZÓN DE PISUERGA,41.7339524,-4.6458137
47,47028,CABEZÓN DE VALDERADUEY,42.1678462,-5.1580301
47,47029,CABREROS DEL MONTE,41.8493512,-5.2708928
47,47030,CAMPASPERO,41.491752,-4.1940936
47,47031,CAMPILLO (EL),41.2567762,-5.0137098
47,47032,CAMPORREDONDO,41.47374,-4.50527
47,47033,CANALEJAS DE PEÑAFIEL,41.5259435,-4.1160956
47,47034,CANILLAS DE ESGUEVA,41.7548204,-4.1251057
47,47035,CARPIO,41.2126514,-5.10906
47,47036,CASASOLA DE ARIÓN,41.5778586,-5.2413147
47,47037,CASTREJÓN DE TRABANCOS,41.2528961,-5.1709387
47,47038,CASTRILLO DE DUERO,41.5750378,-4.0144512
47,47039,CASTRILLO-TEJERIEGO,41.7030938,-4.3714958
47,47040,CASTROBOL,42.1373037,-5.3137491
47,47041,CASTRODEZA,41.6485234,-4.9595968
47,47042,CASTROMEMBIBRE,41.6724619,-5.3047229
47,47043,CASTROMONTE,41.7732772,-5.0403843
47,47044,CASTRONUEVO DE ESGUEVA,41.6810453,-4.5878502
47,47045,CASTRONUÑO,41.3887733,-5.2633186
47,47046,CASTROPONCE,42.1265987,-5.1828867
47,47047,CASTROVERDE DE CERRATO,41.7564594,-4.2211944
47,47048,CEINOS DE CAMPOS,42.0321225,-5.1501864
47,47049,CERVILLEGO DE LA CRUZ,41.1874001,-4.9498759
47,47050,CIGALES,41.7582863,-4.6989785
47,47051,CIGUÑUELA,41.6403944,-4.8564949
47,47052,CISTÉRNIGA,41.6121464,-4.6851558
47,47053,COGECES DE ÍSCAR,41.4062774,-4.5452791
47,47054,COGECES DEL MONTE,41.5102875,-4.31692
47,47055,CORCOS,41.809877,-4.6932238
47,47056,CORRALES DE DUERO,41.6713964,-4.0485657
47,47057,CUBILLAS DE SANTA MARTA,41.8341232,-4.6134628
47,47058,CUENCA DE CAMPOS,42.0585105,-5.0547427
47,47059,CURIEL DE DUERO,41.6401393,-4.0992767
47,47060,ENCINAS DE ESGUEVA,41.7568949,-4.1034145
47,47061,ESGUEVILLAS DE ESGUEVA,41.7508298,-4.3796295
47,47062,FOMBELLIDA,41.7673325,-4.1855457
47,47063,FOMPEDRAZA,41.5348052,-4.145634
47,47064,FONTIHOYUELO,42.1620231,-5.057964
47,47065,FRESNO EL VIEJO,41.1962185,-5.1463866
47,47066,FUENSALDAÑA,41.7066036,-4.7637721
47,47067,FUENTE EL SOL,41.1763482,-4.9346829
47,47068,FUENTE-OLMEDO,41.2436986,-4.646986
47,47069,GALLEGOS DE HORNIJA,41.6095336,-5.0979005
47,47070,GATÓN DE CAMPOS,42.0501045,-4.9798355
47,47071,GERIA,41.5789122,-4.8756666
47,47073,HERRÍN DE CAMPOS,42.1247742,-4.9517227
47,47074,HORNILLOS DE ERESMA,41.3667221,-4.7179864
47,47075,ÍSCAR,41.3634512,-4.5338953
47,47076,LAGUNA DE DUERO,41.582811,-4.7214404
47,47077,LANGAYO,41.5695574,-4.1981884
47,47078,LOMOVIEJO,41.149968,-4.9169301
47,47079,LLANO DE OLMEDO,41.2674383,-4.614043
47,47080,MANZANILLO,41.586343,-4.189038
47,47081,MARZALES,41.5873694,-5.1330732
47,47082,MATAPOZUELOS,41.4139112,-4.7900363
47,47083,MATILLA DE LOS CAÑOS,41.5477912,-4.9678309
47,47084,MAYORGA,42.1666301,-5.2626995
47,47085,MEDINA DEL CAMPO,41.3085496,-4.9150256
47,47086,MEDINA DE RIOSECO,41.8836792,-5.0433596
47,47087,MEGECES,41.40716,-4.5666702
47,47088,MELGAR DE ABAJO,42.2432398,-5.1421583
47,47089,MELGAR DE ARRIBA,42.2679286,-5.0948712
47,47090,MOJADOS,41.4305877,-4.664366
47,47091,MONASTERIO DE VEGA,42.2304106,-5.1803749
47,47092,MONTEALEGRE DE CAMPOS,41.9011291,-4.897662
47,47093,MONTEMAYOR DE PILILLA,41.5090909,-4.4593002
47,47094,MORAL DE LA REINA,41.9851834,-5.0719088
47,47095,MORALEJA DE LAS PANADERAS,41.2766257,-4.8245891
47,47096,MORALES DE CAMPOS,41.8605039,-5.1733549
47,47097,MOTA DEL MARQUÉS,41.6327366,-5.1772834
47,47098,MUCIENTES,41.7425016,-4.7625466
47,47099,MUDARRA (LA),41.7793945,-4.9440331
47,47100,MURIEL,41.1230669,-4.8421401
47,47101,NAVA DEL REY,41.3304513,-5.0813732
47,47102,NUEVA VILLA DE LAS TORRES,41.267642,-5.0571078
47,47103,OLIVARES DE DUERO,41.6377939,-4.365098
47,47104,OLMEDO,41.2870983,-4.68669
47,47105,OLMOS DE ESGUEVA,41.6878294,-4.5225045
47,47106,OLMOS DE PEÑAFIEL,41.5721353,-4.0421982
47,47109,PALAZUELO DE VEDIJA,41.9296483,-5.1449792
47,47110,PARRILLA (LA),41.5363939,-4.5326282
47,47111,PEDRAJA DE PORTILLO (LA),41.4726054,-4.6447136
47,47112,PEDRAJAS DE SAN ESTEBAN,41.3419664,-4.5807181
47,47113,PEDROSA DEL REY,41.5558293,-5.202822
47,47114,PEÑAFIEL,41.5966366,-4.1215713
47,47115,PEÑAFLOR DE HORNIJA,41.7115693,-4.9810606
47,47116,PESQUERA DE DUERO,41.6416062,-4.1558587
47,47117,PIÑA DE ESGUEVA,41.7282613,-4.4285403
47,47118,PIÑEL DE ABAJO,41.6748572,-4.147671
47,47119,PIÑEL DE ARRIBA,41.6988945,-4.1284803
47,47121,POLLOS,41.4433109,-5.12548
47,47122,PORTILLO,41.4787706,-4.5887736
47,47123,POZAL DE GALLINAS,41.3178397,-4.8382239
47,47124,POZALDEZ,41.3721132,-4.8446431
47,47125,POZUELO DE LA ORDEN,41.82224,-5.25906
47,47126,PURAS,41.1823173,-4.6491499
47,47127,QUINTANILLA DE ARRIBA,41.6197055,-4.2182197
47,47128,QUINTANILLA DEL MOLAR,41.9890105,-5.4493242
47,47129,QUINTANILLA DE ONÉSIMO,41.6258997,-4.3627746
47,47130,QUINTANILLA DE TRIGUEROS,41.853865,-4.659214
47,47131,RÁBANO,41.5330207,-4.0614104
47,47132,RAMIRO,41.2285281,-4.7857515
47,47133,RENEDO DE ESGUEVA,41.6539858,-4.6276293
47,47134,ROALES DE CAMPOS,42.0301979,-5.4754453
47,47135,ROBLADILLO,41.6080465,-4.9101378
47,47137,ROTURAS,41.6682638,-4.1180563
47,47138,RUBÍ DE BRACAMONTE,41.2143669,-4.9241377
47,47139,RUEDA,41.4129785,-4.9597533
47,47140,SAELICES DE MAYORGA,42.21125,-5.20639
47,47141,SALVADOR DE ZAPARDIEL,41.1170881,-4.8755215
47,47142,SAN CEBRIÁN DE MAZOTE,41.6809699,-5.1478652
47,47143,SAN LLORENTE,41.6862157,-4.0649041
47,47144,SAN MARTÍN DE VALVENÍ,41.7528325,-4.5666194
47,47145,SAN MIGUEL DEL ARROYO,41.4432554,-4.4602885
47,47146,SAN MIGUEL DEL PINO,41.5091453,-4.9112037
47,47147,SAN PABLO DE LA MORALEJA,41.1606619,-4.7772993
47,47148,SAN PEDRO DE LATARCE,41.736029,-5.326388
47,47149,SAN PELAYO,41.6808404,-5.034009
47,47150,SAN ROMÁN DE HORNIJA,41.4806517,-5.2852187
47,47151,SAN SALVADOR,41.6201693,-5.0868382
47,47152,SANTA EUFEMIA DEL ARROYO,41.8957208,-5.2651296
47,47153,SANTERVÁS DE CAMPOS,42.2175962,-5.0992819
47,47154,SANTIBÁÑEZ DE VALCORBA,41.570979,-4.4496476
47,47155,SANTOVENIA DE PISUERGA,41.693651,-4.6895991
47,47156,SAN VICENTE DEL PALACIO,41.2191791,-4.8514466
47,47157,SARDÓN DE DUERO,41.6085193,-4.4339323
47,47158,SECA (LA),41.4144651,-4.9072398
47,47159,SERRADA,41.456944,-4.8625389
47,47160,SIETE IGLESIAS DE TRABANCOS,41.3517512,-5.1846146
47,47161,SIMANCAS,41.5902895,-4.8268115
47,47162,TAMARIZ DE CAMPOS,41.9762331,-5.024203
47,47163,TIEDRA,41.6524191,-5.2675586
47,47164,TORDEHUMOS,41.814441,-5.1576521
47,47165,TORDESILLAS,41.500851,-5.00053
47,47166,TORRECILLA DE LA ABADESA,41.4847317,-5.0865117
47,47167,TORRECILLA DE LA ORDEN,41.2195826,-5.2238078
47,47168,TORRECILLA DE LA TORRE,41.6665859,-5.049413
47,47169,TORRE DE ESGUEVA,41.7683027,-4.1998757
47,47170,TORRE DE PEÑAFIEL,41.5366171,-4.0885448
47,47171,TORRELOBATÓN,41.6490374,-5.0250798
47,47172,TORRESCÁRCELA,41.4848875,-4.3189577
47,47173,TRASPINEDO,41.5759433,-4.4746989
47,47174,TRIGUEROS DEL VALLE,41.8300568,-4.6526122
47,47175,TUDELA DE DUERO,41.5837494,-4.5796496
47,47176,UNIÓN DE CAMPOS (LA),42.0763247,-5.3247443
47,47177,URONES DE CASTROPONCE,42.0985572,-5.2819753
47,47178,URUEÑA,41.7271665,-5.2035577
47,47179,VALBUENA DE DUERO,41.6422564,-4.2928336
47,47180,VALDEARCOS DE LA VEGA,41.6426037,-4.048322
47,47181,VALDENEBRO DE LOS VALLES,41.8560793,-4.9691952
47,47182,VALDESTILLAS,41.4768774,-4.7707764
47,47183,VALDUNQUILLO,42.0417166,-5.3125914
47,47184,VALORIA LA BUENA,41.7999746,-4.5299579
47,47185,VALVERDE DE CAMPOS,41.8348449,-5.0371188
47,47186,VALLADOLID,41.6521807,-4.728605
47,47187,VEGA DE RUIPONCE,42.1876793,-5.1158472
47,47188,VEGA DE VALDETRONCO,41.5943975,-5.1134562
47,47189,VELASCÁLVARO,41.2302923,-4.9717742
47,47190,VELILLA,41.5585623,-5.0048279
47,47191,VELLIZA,41.579515,-4.9475147
47,47192,VENTOSA DE LA CUESTA,41.4113769,-4.8290416
47,47193,VIANA DE CEGA,41.52874,-4.75207
47,47194,VILORIA,41.445392,-4.3827406
47,47195,VILLABÁÑEZ,41.6302404,-4.5220775
47,47196,VILLABARUZ DE CAMPOS,42.010095,-4.9962749
47,47197,VILLABRÁGIMA,41.82283,-5.11498
47,47198,VILLACARRALÓN,42.1895019,-5.0425144
47,47199,VILLACID DE CAMPOS,42.0827855,-5.124154
47,47200,VILLACO,41.7407958,-4.2684266
47,47203,VILLAFRADES DE CAMPOS,42.0783899,-4.9708003
47,47204,VILLAFRANCA DE DUERO,41.4330414,-5.3017449
47,47205,VILLAFRECHÓS,41.8937907,-5.2181971
47,47206,VILLAFUERTE,41.7348134,-4.3240657
47,47207,VILLAGARCÍA DE CAMPOS,41.7813337,-5.1930752
47,47208,VILLAGÓMEZ LA NUEVA,42.1557798,-5.1422017
47,47209,VILLALÁN DE CAMPOS,42.0141638,-5.2360874
47,47210,VILLALAR DE LOS COMUNEROS,41.5499934,-5.1384795
47,47211,VILLALBA DE LA LOMA,42.1745783,-5.1902681
47,47212,VILLALBA DE LOS ALCORES,41.8636295,-4.859104
47,47213,VILLALBARBA,41.6044064,-5.212377
47,47214,VILLALÓN DE CAMPOS,42.0984494,-5.0347132
47,47215,VILLAMURIEL DE CAMPOS,41.9468776,-5.2075331
47,47216,VILLÁN DE TORDESILLAS,41.5927732,-4.9212971
47,47217,VILLANUBLA,41.6987674,-4.8419751
47,47218,VILLANUEVA DE DUERO,41.5179063,-4.8673384
47,47219,VILLANUEVA DE LA CONDESA,42.1489308,-5.0954584
47,47220,VILLANUEVA DE LOS CABALLEROS,41.7591711,-5.2479646
47,47221,VILLANUEVA DE LOS INFANTES,41.7032195,-4.4831772
47,47222,VILLANUEVA DE SAN MANCIO,41.9282922,-5.0116847
47,47223,VILLARDEFRADES,41.72419,-5.25343
47,47224,VILLARMENTERO DE ESGUEVA,41.6848435,-4.5453336
47,47225,VILLASEXMIR,41.63969,-5.06452
47,47226,VILLAVAQUERÍN,41.6636072,-4.4624964
47,47227,VILLAVELLID,41.6924694,-5.2769707
47,47228,VILLAVERDE DE MEDINA,41.3066295,-5.0253531
47,47229,VILLAVICENCIO DE LOS CABALLEROS,42.0589395,-5.2354622
47,47230,WAMBA,41.6753325,-4.9170281
47,47231,ZARATÁN,41.6594549,-4.7833204
47,47232,ZARZA (LA),41.2612189,-4.7698263
48,48001,ABADIÑO,43.1239544,-2.6226885
48,48002,ABANTO Y CIÉRVANA-ABANTO ZIERBENA,43.3188635,-3.075375
48,48003,AMOREBIETA-ETXANO,43.2158831,-2.7094577
48,48004,AMOROTO,43.3277464,-2.5147793
48,48005,ARAKALDO,43.152773,-2.9349498
48,48006,ARANTZAZU,43.156731,-2.7905895
48,48007,MUNITIBAR-ARBATZEGI GERRIKAITZ,43.25674,-2.5948191
48,48008,ARTZENTALES,43.2511476,-3.2219332
48,48009,ARRANKUDIAGA-ZOLLO,43.1766868,-2.9345437
48,48010,ARRIETA,43.3416679,-2.7693167
48,48011,ARRIGORRIAGA,43.2065921,-2.8873537
48,48012,BAKIO,43.4219186,-2.8157899
48,48013,BARAKALDO,43.2949177,-2.9887476
48,48014,BARRIKA,43.3988863,-2.9673176
48,48015,BASAURI,43.2306849,-2.8844587
48,48016,BERANGO,43.3628719,-2.9957746
48,48017,BERMEO,43.4194242,-2.7231562
48,48018,BERRIATUA,43.3123614,-2.4699443
48,48019,BERRIZ,43.1690476,-2.57392
48,48020,BILBAO,43.2630018,-2.9350039
48,48021,BUSTURIA,43.3823418,-2.6982634
48,48022,KARRANTZA HARANA/VALLE DE CARRANZA,43.2057433,-3.3639367
48,48023,ARTEA,43.1335118,-2.7839858
48,48024,ZEANURI,43.0984018,-2.7494734
48,48025,ZEBERIO,43.1507943,-2.8571568
48,48026,DIMA,43.1430694,-2.7508974
48,48027,DURANGO,43.1707065,-2.6334897
48,48028,EA,43.3804335,-2.5848533
48,48029,ETXEBARRI,43.2526907,-2.883221
48,48030,ETXEBARRIA,43.2549832,-2.4787005
48,48031,ELANTXOBE,43.4031122,-2.6404556
48,48032,ELORRIO,43.1304644,-2.5426453
48,48033,EREÑO,43.3510437,-2.6162545
48,48034,ERMUA,43.1862849,-2.5027614
48,48035,FRUIZ,43.3279874,-2.7847278
48,48036,GALDAKAO,43.2332639,-2.8453385
48,48037,GALDAMES,43.2541103,-3.097637
48,48038,GAMIZ-FIKA,43.3138723,-2.8248188
48,48039,GARAI,43.1941174,-2.6117318
48,48040,GATIKA,43.3637855,-2.8761795
48,48041,GAUTEGIZ ARTEAGA,43.368057,-2.6525285
48,48042,GORDEXOLA,43.179851,-3.0737749
48,48043,GORLIZ,43.4127349,-2.9375015
48,48044,GETXO,43.3513508,-3.0086607
48,48045,GÜEÑES,43.2090164,-3.094502
48,48046,GERNIKA-LUMO,43.3143976,-2.6778593
48,48047,GIZABURUAGA,43.331607,-2.5391336
48,48048,IBARRANGELU,43.3899697,-2.6332481
48,48049,ISPASTER,43.3631486,-2.5468679
48,48050,IZURTZA,43.1544933,-2.6397796
48,48051,LANESTOSA,43.2184716,-3.4391344
48,48052,LARRABETZU,43.2612471,-2.7959022
48,48053,LAUKIZ,43.3521257,-2.9073748
48,48054,LEIOA,43.3271048,-2.9846079
48,48055,LEMOA,43.2098775,-2.7788097
48,48056,LEMOIZ,43.4120254,-2.9026473
48,48057,LEKEITIO,43.3637081,-2.5059965
48,48058,MALLABIA,43.1895207,-2.5298369
48,48059,MAÑARIA,43.1383492,-2.6608199
48,48060,MARKINA-XEMEIN,43.2675586,-2.4974864
48,48061,MARURI-JATABE,43.3793511,-2.8689304
48,48062,MENDATA,43.2811957,-2.6437276
48,48063,MENDEXA,43.3482604,-2.4897641
48,48064,MEÑAKA,43.3627405,-2.8023477
48,48065,UGAO-MIRABALLES,43.1803743,-2.9016079
48,48066,MORGA,43.3000301,-2.752374
48,48067,MUXIKA,43.2926038,-2.7083505
48,48068,MUNDAKA,43.407824,-2.6992833
48,48069,MUNGIA,43.3540663,-2.8464157
48,48070,AULESTI,43.296423,-2.5628139
48,48071,MUSKIZ,43.3230375,-3.1243029
48,48072,OTXANDIO,43.0408347,-2.6542222
48,48073,ONDARROA,43.3221481,-2.4221989
48,48074,URDUÑA/ORDUÑA,42.994926,-3.009915
48,48075,OROZKO,43.1068473,-2.9120602
48,48076,SUKARRIETA,43.394207,-2.6970992
48,48077,PLENTZIA,43.4051753,-2.9478553
48,48078,PORTUGALETE,43.3189646,-3.0198633
48,48079,ERRIGOITI,43.3185225,-2.7247594
48,48080,VALLE DE TRÁPAGA-TRAPAGARAN,43.303062,-3.0392135
48,48081,LEZAMA,43.2743248,-2.8329246
48,48082,SANTURTZI,43.3287527,-3.0318766
48,48083,ORTUELLA,43.3105667,-3.0555981
48,48084,SESTAO,43.309341,-3.0074501
48,48085,SOPELA,43.3802735,-2.9838326
48,48086,SOPUERTA,43.2548196,-3.1703684
48,48087,TRUCIOS-TURTZIOZ,43.2712711,-3.2562469
48,48088,UBIDE,43.0301561,-2.690822
48,48089,URDULIZ,43.3730262,-2.9482016
48,48090,BALMASEDA,43.1940413,-3.1945492
48,48091,ATXONDO,43.1302284,-2.5856042
48,48092,BEDIA,43.2084398,-2.8019783
48,48093,AREATZA,43.1214494,-2.7694128
48,48094,IGORRE,43.1642445,-2.7783435
48,48095,ZALDIBAR,43.1697719,-2.548773
48,48096,ZALLA,43.2075112,-3.1418687
48,48097,ZARATAMO,43.211818,-2.873426
48,48901,DERIO,43.2907714,-2.8870439
48,48902,ERANDIO,43.3172935,-2.9578103
48,48903,LOIU,43.3165195,-2.9199869
48,48904,SONDIKA,43.2979405,-2.9272819
48,48905,ZAMUDIO,43.2827605,-2.8623645
48,48906,FORUA,43.3353442,-2.6889288
48,48907,KORTEZUBI,43.3408832,-2.6554179
48,48908,MURUETA,43.3525749,-2.6828411
48,48909,NABARNIZ,43.3215488,-2.5844368
48,48910,IURRETA,43.1766676,-2.6339298
48,48911,AJANGIZ,43.3053704,-2.6657586
48,48912,ALONSOTEGI,43.2459197,-2.9884396
48,48913,ZIERBENA,43.3518319,-3.082039
48,48914,ARRATZU,43.3189596,-2.6452172
48,48915,ZIORTZA-BOLIBAR,43.2506116,-2.5478839
49,49002,ABEZAMES,41.6260896,-5.4262519
49,49003,ALCAÑICES,41.6996962,-6.3471637
49,49004,ALCUBILLA DE NOGALES,42.1285058,-5.9212583
49,49005,ALFARAZ DE SAYAGO,41.2273404,-5.9834205
49,49006,ALGODRE,41.5667182,-5.6036991
49,49007,ALMARAZ DE DUERO,41.4741028,-5.9159805
49,49008,ALMEIDA DE SAYAGO,41.2663937,-6.073378
49,49009,ANDAVÍAS,41.5957846,-5.8568492
49,49010,ARCENILLAS,41.4561135,-5.6857564
49,49011,ARCOS DE LA POLVOROSA,41.9451237,-5.6971271
49,49012,ARGAÑÍN,41.4396293,-6.2086986
49,49013,ARGUJILLO,41.3129372,-5.5864446
49,49014,ARQUILLINOS,41.7108837,-5.6557204
49,49015,ARRABALDE,42.1078663,-5.8935312
49,49016,ASPARIEGOS,41.6757149,-5.5980337
49,49017,ASTURIANOS,42.0522792,-6.4895017
49,49018,AYOÓ DE VIDRIALES,42.1305787,-6.0641972
49,49019,BARCIAL DEL BARCO,41.9350016,-5.6615703
49,49020,BELVER DE LOS MONTES,41.7227575,-5.4506277
49,49021,BENAVENTE,42.0032862,-5.6738595
49,49022,BENEGILES,41.6282476,-5.6332652
49,49023,BERMILLO DE SAYAGO,41.3652089,-6.1117432
49,49024,BÓVEDA DE TORO (LA),41.3362217,-5.4099124
49,49025,BRETÓ,41.8804451,-5.7377192
49,49026,BRETOCINO,41.8847648,-5.7530596
49,49027,BRIME DE SOG,42.0612368,-6.046729
49,49028,BRIME DE URZ,42.0375321,-5.873206
49,49029,BURGANES DE VALVERDE,41.9210398,-5.782255
49,49030,BUSTILLO DEL ORO,41.6760286,-5.4599831
49,49031,CABAÑAS DE SAYAGO,41.3324423,-5.7904375
49,49032,CALZADILLA DE TERA,41.9783875,-6.083007
49,49033,CAMARZANA DE TERA,41.9946409,-6.0264373
49,49034,CAÑIZAL,41.1665698,-5.3679381
49,49035,CAÑIZO,41.770215,-5.5011134
49,49036,CARBAJALES DE ALBA,41.6528058,-5.9975786
49,49037,CARBELLINO,41.2318061,-6.1471131
49,49038,CASASECA DE CAMPEÁN,41.3741743,-5.7465569
49,49039,CASASECA DE LAS CHANAS,41.4379642,-5.6751223
49,49040,CASTRILLO DE LA GUAREÑA,41.2294199,-5.3257849
49,49041,CASTROGONZALO,41.9889037,-5.6036131
49,49042,CASTRONUEVO,41.7205541,-5.5427637
49,49043,CASTROVERDE DE CAMPOS,41.9704829,-5.3145849
49,49044,CAZURRA,41.4155012,-5.7041044
49,49046,CERECINOS DE CAMPOS,41.9007181,-5.4850237
49,49047,CERECINOS DEL CARRIZAL,41.6831617,-5.6536476
49,49048,CERNADILLA,42.0208673,-6.4170982
49,49050,COBREROS,42.0731227,-6.7017956
49,49052,COOMONTE,42.1162872,-5.8126344
49,49053,CORESES,41.5485022,-5.6208725
49,49054,CORRALES DEL VINO,41.3577746,-5.7252637
49,49055,COTANES DEL MONTE,41.8169012,-5.2898081
49,49056,CUBILLOS,41.5740404,-5.7402123
49,49057,CUBO DE BENAVENTE,42.1244561,-6.1635419
49,49058,CUBO DE TIERRA DEL VINO (EL),41.2449541,-5.7455118
49,49059,CUELGAMURES,41.3068846,-5.6580555
49,49061,ENTRALA,41.4311963,-5.7547283
49,49062,ESPADAÑEDO,42.1161382,-6.3936304
49,49063,FARAMONTANOS DE TÁBARA,41.8358287,-5.8877477
49,49064,FARIZA,41.42082,-6.2717612
49,49065,FERMOSELLE,41.3174146,-6.3949234
49,49066,FERRERAS DE ABAJO,41.8972381,-6.0768127
49,49067,FERRERAS DE ARRIBA,41.8986094,-6.1944138
49,49068,FERRERUELA,41.7664064,-6.0720809
49,49069,FIGUERUELA DE ARRIBA,41.8695277,-6.4448413
49,49071,FONFRÍA,41.6361335,-6.1394852
49,49075,FRESNO DE LA POLVOROSA,42.0826452,-5.7698581
49,49076,FRESNO DE LA RIBERA,41.5287524,-5.5676104
49,49077,FRESNO DE SAYAGO,41.3184207,-5.9708098
49,49078,FRIERA DE VALVERDE,41.9131749,-5.8416263
49,49079,FUENTE ENCALADA,42.1100414,-5.9964344
49,49080,FUENTELAPEÑA,41.2515618,-5.3830038
49,49081,FUENTESAÚCO,41.2306008,-5.4964931
49,49082,FUENTES DE ROPEL,42.00262,-5.5458473
49,49083,FUENTESECAS,41.6305782,-5.4728015
49,49084,FUENTESPREADAS,41.326197,-5.6284134
49,49085,GALENDE,42.1051925,-6.6622276
49,49086,GALLEGOS DEL PAN,41.6001511,-5.5815547
49,49087,GALLEGOS DEL RÍO,41.7352273,-6.1736307
49,49088,GAMONES,41.4670486,-6.1778005
49,49090,GEMA,41.4196754,-5.648145
49,49091,GRANJA DE MORERUELA,41.809162,-5.7388413
49,49092,GRANUCILLO,42.0514075,-5.9277833
49,49093,GUARRATE,41.2896468,-5.4414699
49,49094,HERMISENDE,41.9688114,-6.8955455
49,49095,HINIESTA (LA),41.551995,-5.79892
49,49096,JAMBRINA,41.3937506,-5.6638372
49,49097,JUSTEL,42.15014,-6.2943488
49,49098,LOSACINO,41.6801775,-6.0804218
49,49099,LOSACIO,41.7108807,-6.0398748
49,49100,LUBIÁN,42.0352659,-6.9051722
49,49101,LUELMO,41.4396127,-6.1327146
49,49102,MADERAL (EL),41.2820235,-5.6230533
49,49103,MADRIDANOS,41.4803445,-5.6040598
49,49104,MAHIDE,41.8688255,-6.3772489
49,49105,MAIRE DE CASTROPONCE,42.1134195,-5.7837458
49,49107,MALVA,41.6545033,-5.4865985
49,49108,MANGANESES DE LA LAMPREANA,41.7505124,-5.7108208
49,49109,MANGANESES DE LA POLVOROSA,42.0362362,-5.7463806
49,49110,MANZANAL DE ARRIBA,41.9914505,-6.4397691
49,49111,MANZANAL DEL BARCO,41.6353542,-5.9477982
49,49112,MANZANAL DE LOS INFANTES,42.054973,-6.3828094
49,49113,MATILLA DE ARZÓN,42.1060915,-5.6415868
49,49114,MATILLA LA SECA,41.579216,-5.5002606
49,49115,MAYALDE,41.2510629,-5.797501
49,49116,MELGAR DE TERA,41.965762,-6.0141347
49,49117,MICERECES DE TERA,41.9886738,-5.8712632
49,49118,MILLES DE LA POLVOROSA,41.9231714,-5.7329641
49,49119,MOLACILLOS,41.5822526,-5.6590964
49,49120,MOLEZUELAS DE LA CARBALLEDA,42.0827555,-6.1861859
49,49121,MOMBUEY,42.0226242,-6.3311768
49,49122,MONFARRACINOS,41.5526221,-5.7064267
49,49123,MONTAMARTA,41.6471097,-5.8049764
49,49124,MORAL DE SAYAGO,41.4725316,-6.1010812
49,49125,MORALEJA DEL VINO,41.4632879,-5.6556087
49,49126,MORALEJA DE SAYAGO,41.1709984,-6.0015141
49,49127,MORALES DEL VINO,41.4460546,-5.7324233
49,49128,MORALES DE REY,42.067814,-5.7856032
49,49129,MORALES DE TORO,41.5365564,-5.3068437
49,49130,MORALES DE VALVERDE,41.9398478,-5.8893572
49,49131,MORALINA,41.4890586,-6.1375644
49,49132,MORERUELA DE LOS INFANZONES,41.6317878,-5.7060581
49,49133,MORERUELA DE TÁBARA,41.7990061,-5.8693434
49,49134,MUELAS DE LOS CABALLEROS,42.1299928,-6.3353407
49,49135,MUELAS DEL PAN,41.5223667,-5.9684562
49,49136,MUGA DE SAYAGO,41.387433,-6.1983931
49,49137,NAVIANOS DE VALVERDE,41.9546388,-5.8160695
49,49138,OLMILLOS DE CASTRO,41.7319475,-5.9675632
49,49139,OTERO DE BODAS,41.9379897,-6.1505683
49,49141,PAJARES DE LA LAMPREANA,41.7150668,-5.6940013
49,49142,PALACIOS DEL PAN,41.604025,-5.8767025
49,49143,PALACIOS DE SANABRIA,42.0572677,-6.5248073
49,49145,PEDRALBA DE LA PRADERÍA,42.0245478,-6.6938232
49,49146,PEGO (EL),41.3341528,-5.4672646
49,49147,PELEAGONZALO,41.4821901,-5.4826702
49,49148,PELEAS DE ABAJO,41.3921082,-5.6899349
49,49149,PEÑAUSENDE,41.2873276,-5.8667465
49,49150,PEQUE,42.0728595,-6.2747826
49,49151,PERDIGÓN (EL),41.412691,-5.7530534
49,49152,PERERUELA,41.415918,-5.8773739
49,49153,PERILLA DE CASTRO,41.7254943,-5.8768377
49,49154,PÍAS,42.0919273,-6.9934658
49,49155,PIEDRAHITA DE CASTRO,41.6807915,-5.728865
49,49156,PINILLA DE TORO,41.6284442,-5.3621456
49,49157,PINO DEL ORO,41.5767473,-6.1212504
49,49158,PIÑERO (EL),41.3536144,-5.5880325
49,49159,POBLADURA DEL VALLE,42.1019883,-5.7337697
49,49160,POBLADURA DE VALDERADUEY,41.7001062,-5.5423917
49,49162,PORTO,42.167526,-6.8987704
49,49163,POZOANTIGUO,41.5981471,-5.4338766
49,49164,POZUELO DE TÁBARA,41.7850818,-5.8949829
49,49165,PRADO,41.9203967,-5.4203949
49,49166,PUEBLA DE SANABRIA,42.054621,-6.6342086
49,49167,PUEBLICA DE VALVERDE,41.9193398,-5.8980245
49,49168,QUINTANILLA DEL MONTE,41.8671057,-5.3496902
49,49169,QUINTANILLA DEL OLMO,41.9056319,-5.4072724
49,49170,QUINTANILLA DE URZ,42.0325562,-5.8477793
49,49171,QUIRUELAS DE VIDRIALES,42.0182604,-5.8300875
49,49172,RABANALES,41.7426643,-6.2766869
49,49173,RÁBANO DE ALISTE,41.7445525,-6.4331626
49,49174,REQUEJO,42.0283353,-6.7632719
49,49175,REVELLINOS,41.8893028,-5.5681084
49,49176,RIOFRÍO DE ALISTE,41.8159422,-6.1767542
49,49177,RIONEGRO DEL PUENTE,42.0055905,-6.2281127
49,49178,ROALES,41.5523885,-5.7735283
49,49179,ROBLEDA-CERVANTES,42.0770336,-6.5875744
49,49180,ROELOS DE SAYAGO,41.2520394,-6.1717115
49,49181,ROSINOS DE LA REQUEJADA,42.0883805,-6.5347656
49,49183,SALCE,41.2713023,-6.216758
49,49184,SAMIR DE LOS CAÑOS,41.6735174,-6.1637332
49,49185,SAN AGUSTÍN DEL POZO,41.8856651,-5.5934648
49,49186,SAN CEBRIÁN DE CASTRO,41.7050248,-5.7549516
49,49187,SAN CRISTÓBAL DE ENTREVIÑAS,42.0468353,-5.6345483
49,49188,SAN ESTEBAN DEL MOLAR,41.9371762,-5.5521844
49,49189,SAN JUSTO,42.1343272,-6.6253752
49,49190,SAN MARTÍN DE VALDERADUEY,41.8135325,-5.4718604
49,49191,SAN MIGUEL DE LA RIBERA,41.3332169,-5.5760508
49,49192,SAN MIGUEL DEL VALLE,42.0295117,-5.4969244
49,49193,SAN PEDRO DE CEQUE,42.0432719,-6.0736153
49,49194,SAN PEDRO DE LA NAVE-ALMENDRA,41.5878594,-5.9399653
49,49197,SANTA CLARA DE AVEDILLO,41.3396133,-5.6767612
49,49199,SANTA COLOMBA DE LAS MONJAS,41.9575434,-5.6835728
49,49200,SANTA CRISTINA DE LA POLVOROSA,42.0006481,-5.7123518
49,49201,SANTA CROYA DE TERA,41.9833847,-5.9759775
49,49202,SANTA EUFEMIA DEL BARCO,41.6771943,-5.8984013
49,49203,SANTA MARÍA DE LA VEGA,42.0832786,-5.8066651
49,49204,SANTA MARÍA DE VALVERDE,41.9347356,-5.9359004
49,49205,SANTIBÁÑEZ DE TERA,41.9852088,-5.9232933
49,49206,SANTIBÁÑEZ DE VIDRIALES,42.0735273,-6.0150542
49,49207,SANTOVENIA,41.8787581,-5.708769
49,49208,SAN VICENTE DE LA CABEZA,41.8065361,-6.2498383
49,49209,SAN VITERO,41.7784341,-6.347301
49,49210,SANZOLES,41.4316769,-5.5668032
49,49214,TÁBARA,41.8248097,-5.9593227
49,49216,TAPIOLES,41.8569635,-5.4961823
49,49219,TORO,41.5216963,-5.3939824
5,5001,ADANERO,40.9438737,-4.6038249
5,5012,AMAVIDA,40.5738657,-5.0655314
5,5013,ARENAL (EL),40.2660188,-5.0857802
5,5016,ARÉVALO,41.0632758,-4.7198921
5,5019,ÁVILA,40.656478,-4.7002172
5,5023,BARROMÁN,41.0655459,-4.9314522
50,50001,ABANTO,41.1376502,-1.6987114
50,50002,ACERED,41.1710444,-1.6048931
50,50003,AGÓN,41.8564455,-1.4533153
50,50004,AGUARÓN,41.3388995,-1.2698053
50,50005,AGUILÓN,41.294514,-1.0464601
50,50006,AINZÓN,41.816236,-1.5198464
50,50007,ALADRÉN,41.2492023,-1.1557811
50,50008,ALAGÓN,41.7711121,-1.1188807
50,50009,ALARBA,41.2045968,-1.6129481
50,50010,ALBERITE DE SAN JUAN,41.8202772,-1.4709561
50,50011,ALBETA,41.8267352,-1.500093
50,50012,ALBORGE,41.3344672,-0.3570756
50,50013,ALCALÁ DE EBRO,41.8140364,-1.194081
50,50014,ALCALÁ DE MONCAYO,41.7863271,-1.6969822
50,50015,ALCONCHEL DE ARIZA,41.2040862,-2.1220539
50,50016,ALDEHUELA DE LIESTOS,41.0642215,-1.7005882
50,50017,ALFAJARÍN,41.6137838,-0.7036902
50,50018,ALFAMÉN,41.4383641,-1.2431728
50,50019,ALFORQUE,41.3304407,-0.3857483
50,50020,ALHAMA DE ARAGÓN,41.2965036,-1.8949513
50,50022,ALMOLDA (LA),41.5543747,-0.2123109
50,50023,ALMONACID DE LA CUBA,41.2802511,-0.7930118
50,50024,ALMONACID DE LA SIERRA,41.3971069,-1.3235508
50,50025,ALMUNIA DE DOÑA GODINA (LA),41.4778296,-1.3729243
50,50026,ALPARTIR,41.4221759,-1.3804337
50,50027,AMBEL,41.7953524,-1.615602
50,50028,ANENTO,41.0700726,-1.3333288
50,50029,ANIÑÓN,41.4454871,-1.7049546
50,50030,AÑÓN DE MONCAYO,41.7786064,-1.7211497
50,50031,ARANDA DE MONCAYO,41.5774022,-1.7916285
50,50032,ARÁNDIGA,41.5099059,-1.5006902
50,50033,ARDISA,42.2016921,-0.7590935
50,50034,ARIZA,41.3103593,-2.0555644
50,50035,ARTIEDA,42.586845,-0.9834508
50,50036,ASÍN,42.283691,-1.0466465
50,50037,ATEA,41.160105,-1.5545624
50,50038,ATECA,41.3308277,-1.7928985
50,50039,AZUARA,41.2578076,-0.8695188
50,50040,BADULES,41.1380273,-1.2517957
50,50041,BAGÜÉS,42.5493106,-0.9459128
50,50043,BÁRBOLES,41.7124238,-1.1879274
50,50044,BARDALLUR,41.6839075,-1.2122682
50,50045,BELCHITE,41.3061444,-0.7547209
50,50046,BELMONTE DE GRACIÁN,41.3128783,-1.5377408
50,50048,BERRUECO,40.9905734,-1.4668813
50,50051,BIOTA,42.2621423,-1.1873682
50,50052,BISIMBRE,41.8560133,-1.4433266
50,50053,BOQUIÑENI,41.8481709,-1.2519755
50,50054,BORDALBA,41.4166975,-2.0784744
50,50055,BORJA,41.8348235,-1.5337542
50,50056,BOTORRITA,41.5070732,-1.0309569
50,50057,BREA DE ARAGÓN,41.5232308,-1.6007466
50,50058,BUBIERCA,41.3143781,-1.8537739
50,50059,BUJARALOZ,41.4979089,-0.1511751
50,50060,BULBUENTE,41.8177167,-1.6025667
50,50061,BURETA,41.8168992,-1.4882023
50,50062,BURGO DE EBRO (EL),41.5716604,-0.7424788
50,50063,BUSTE (EL),41.88607,-1.6014515
50,50064,CABAÑAS DE EBRO,41.7945931,-1.1624759
50,50065,CABOLAFUENTE,41.2114483,-2.0395394
50,50066,CADRETE,41.5556662,-0.9611928
50,50067,CALATAYUD,41.3527628,-1.6422977
50,50068,CALATORAO,41.5222363,-1.3464441
50,50069,CALCENA,41.6552887,-1.7181092
50,50070,CALMARZA,41.1578953,-1.9117558
50,50071,CAMPILLO DE ARAGÓN,41.1260772,-1.8431034
50,50072,CARENAS,41.2777659,-1.7974802
50,50073,CARIÑENA,41.3382122,-1.2263149
50,50901,BIEL,42.3868638,-0.9357054
51,51001,CEUTA,35.894422,-5.3558174
52,52001,MELILLA,35.2929115,-2.9507202
6,6002,ACEUCHAL,38.6479821,-6.486997
6,6004,ALANGE,38.7851386,-6.2472718
6,6007,ALCONCHEL,38.5167174,-7.0709841
6,6010,ALMENDRAL,38.613547,-6.8224367
6,6011,ALMENDRALEJO,38.6846791,-6.4067802
6,6015,BADAJOZ,38.878187,-6.9701115
7,7001,ALARÓ,39.7061528,2.7907216
7,7002,ALAIOR,39.9337077,4.1397673
7,7004,ALGAIDA,39.5589416,2.8943429
7,7005,ANDRATX,39.5745956,2.4202061
8,8002,AGUILAR DE SEGARRA,41.7394902,1.6316676
8,8006,ARENYS DE MAR,41.5797031,2.5491562
8,8011,AVIÀ,42.0774337,1.8221304
8,8013,AVINYONET DEL PENEDÈS,41.3559709,1.7823978
8,8015,BADALONA,41.4493539,2.248254
8,8016,BAGÀ,42.2527659,1.8625903
9,9001,ABAJAS,42.623387,-3.581355
9,9003,ADRADA DE HAZA,41.5949919,-3.822566
9,9006,AGUAS CÁNDIDAS,42.7164495,-3.5030822
9,9007,AGUILAR DE BUREBA,42.5906726,-3.3277768
9,9009,ALBILLOS,42.2764472,-3.7909197
9,9011,ALFOZ DE BRICIA,42.8958175,-3.842537
9,9012,ALFOZ DE SANTA GADEA,42.9426597,-3.9446275
9,9013,ALTABLE,42.6032004,-3.0771775
9,9014,ALTOS (LOS),42.7811566,-3.6202096
9,9016,AMEYUGO,42.6560702,-3.0611514
9,9017,ANGUIX,41.7536922,-3.9324525
9,9018,ARANDA DE DUERO,41.6715067,-3.6851172
9,9019,ARANDILLA,41.7376945,-3.4297936
9,9020,ARAUZO DE MIEL,41.8595865,-3.3880076
9,9021,ARAUZO DE SALCE,41.8195157,-3.4120266
9,9022,ARAUZO DE TORRE,41.7982057,-3.4223744
9,9023,ARCOS,42.2652637,-3.7555708
9,9024,ARENILLAS DE RIOPISUERGA,42.3558474,-4.2337768
9,9025,ARIJA,42.9916248,-3.9451961
9,9026,ARLANZÓN,42.322506,-3.459265
9,9027,ARRAYA DE OCA,42.4145422,-3.3973407
9,9029,ATAPUERCA,42.3768153,-3.5073517
9,9030,AUSINES (LOS),42.2261199,-3.5909355
9,9032,AVELLANOSA DE MUÑÓ,41.9834994,-3.8257745
9,9033,BAHABÓN DE ESGUEVA,41.8613881,-3.7292698
9,9034,BALBASES (LOS),42.2147696,-4.0633841
9,9035,BAÑOS DE VALDEARADOS,41.7700928,-3.5559268
9,9037,BARBADILLO DE HERREROS,42.1507572,-3.1743638
9,9038,BARBADILLO DEL MERCADO,42.0388829,-3.3582471
9,9039,BARBADILLO DEL PEZ,42.1200477,-3.2284599
9,9041,BARRIO DE MUÑÓ,42.175337,-4.0072058
9,9043,BARRIOS DE BUREBA (LOS),42.6250305,-3.3884899
9,9044,BARRIOS DE COLINA,42.3956912,-3.4608358
9,9045,BASCONCILLOS DEL TOZO,42.7028611,-3.9893958
9,9047,BELBIMBRE,42.168718,-4.0127101
9,9048,BELORADO,42.4197032,-3.1917821
9,9050,BERBERANA,42.9198502,-3.0594587
9,9051,BERLANGAS DE ROA,41.6892721,-3.8735919
9,9054,BOZOÓ,42.7265604,-3.0860117
9,9055,BRAZACORTA,41.717424,-3.3669996
9,9056,BRIVIESCA,42.549796,-3.3218059
9,9057,BUGEDO,42.6495414,-3.0176193
9,9058,BUNIEL,42.3107862,-3.8225965
9,9059,BURGOS,42.343926,-3.696977
9,9060,BUSTO DE BUREBA,42.6591582,-3.2650205
9,9061,CABAÑES DE ESGUEVA,41.8307221,-3.7853541
9,9062,CABEZÓN DE LA SIERRA,41.9343089,-3.2418285
9,9063,CAVIA,42.2848973,-3.8475054
9,9064,CALERUEGA,41.8252955,-3.4870326
9,9065,CAMPILLO DE ARANDA,41.6107659,-3.7305204
9,9066,CAMPOLARA,42.1193977,-3.4271819
9,9067,CANICOSA DE LA SIERRA,41.9370583,-3.0413238
9,9068,CANTABRANA,42.734353,-3.4670984
9,9071,CARCEDO DE BUREBA,42.5783936,-3.4982038
9,9072,CARCEDO DE BURGOS,42.2870348,-3.6219998
9,9073,CARDEÑADIJO,42.3007027,-3.667743
9,9074,CARDEÑAJIMENO,42.3303559,-3.6208379
9,9075,CARDEÑUELA RIOPICO,42.3593611,-3.5600242
9,9077,CASCAJARES DE BUREBA,42.6794782,-3.2378381
9,9078,CASCAJARES DE LA SIERRA,42.0619334,-3.4002726
9,9079,CASTELLANOS DE CASTRO,42.3289446,-4.033354
9,9082,CASTILDELGADO,42.4372642,-3.0848612
9,9083,CASTIL DE PEONES,42.4837724,-3.3844208
9,9084,CASTRILLO DE LA REINA,41.9864699,-3.2363146
9,9085,CASTRILLO DE LA VEGA,41.6519593,-3.7806462
9,9086,CASTRILLO DEL VAL,42.3140713,-3.5846841
9,9088,CASTRILLO DE RIOPISUERGA,42.5150153,-4.252278
9,9090,CASTRILLO MOTA DE JUDÍOS,42.3078072,-4.1722363
9,9091,CASTROJERIZ,42.2883697,-4.1406403
9,9093,CAYUELA,42.2730934,-3.8203405
9,9094,CEBRECOS,41.9843991,-3.596321
9,9095,CELADA DEL CAMINO,42.26278,-3.9344242
9,9098,CEREZO DE RÍO TIRÓN,42.4919916,-3.1356369
9,9100,CERRATÓN DE JUARROS,42.4236317,-3.3744439
9,9101,CIADONCHA,42.1592689,-3.9341394
9,9102,CILLAPERLATA,42.7824799,-3.3582255
9,9103,CILLERUELO DE ABAJO,41.8841088,-3.7963274
9,9104,CILLERUELO DE ARRIBA,41.9047903,-3.6606354
9,9105,CIRUELOS DE CERVERA,41.9058747,-3.5299981
9,9108,COGOLLOS,42.2015894,-3.6985858
9,9109,CONDADO DE TREVIÑO,42.7163048,-2.7053317
9,9110,CONTRERAS,42.0197874,-3.4104416
9,9112,CORUÑA DEL CONDE,41.7657004,-3.3905895
9,9113,COVARRUBIAS,42.0592944,-3.5201803
9,9114,CUBILLO DEL CAMPO,42.1684304,-3.6105135
9,9115,CUBO DE BUREBA,42.640148,-3.2060056
9,9117,CUEVA DE ROA (LA),41.6471809,-3.9326028
9,9119,CUEVAS DE SAN CLEMENTE,42.1300713,-3.5688189
9,9120,ENCÍO,42.6683531,-3.0843048
9,9122,ESPINOSA DE CERVERA,41.8967066,-3.4688486
9,9123,ESPINOSA DEL CAMINO,42.4055584,-3.2796725
9,9124,ESPINOSA DE LOS MONTEROS,43.0766376,-3.5520277
9,9125,ESTÉPAR,42.2768521,-3.8981555
9,9127,FONTIOSO,41.9428631,-3.7384163
9,9128,FRANDOVÍNEZ,42.3097248,-3.8376636
9,9129,FRESNEDA DE LA SIERRA TIRÓN,42.3152939,-3.1360093
9,9130,FRESNEÑA,42.4141555,-3.134669
9,9131,FRESNILLO DE LAS DUEÑAS,41.647788,-3.6457363
9,9132,FRESNO DE RÍO TIRÓN,42.4595758,-3.1740093
9,9133,FRESNO DE RODILLA,42.4196959,-3.4846875
9,9134,FRÍAS,42.7617467,-3.2939646
9,9135,FUENTEBUREBA,42.6340379,-3.2350577
9,9136,FUENTECÉN,41.6284256,-3.8678285
9,9137,FUENTELCÉSPED,41.5910569,-3.6401714
9,9138,FUENTELISENDO,41.6218103,-3.9012949
9,9139,FUENTEMOLINOS,41.6047416,-3.8499883
9,9140,FUENTENEBRO,41.5274546,-3.7545241
9,9141,FUENTESPINA,41.6323892,-3.6853483
9,9143,GALBARROS,42.5279739,-3.4382172
9,9144,GALLEGA (LA),41.8987863,-3.2637004
9,9148,GRIJALBA,42.4302456,-4.1189988
9,9149,GRISALEÑA,42.5913666,-3.264126
9,9151,GUMIEL DE IZÁN,41.772825,-3.6878244
9,9152,GUMIEL DE MERCADO,41.7569677,-3.8023633
9,9154,HACINAS,41.9850692,-3.2871138
9,9155,HAZA,41.6210565,-3.8310662
9,9159,HONTANAS,42.3126025,-4.0444754
9,9160,HONTANGAS,41.5826524,-3.7958319
9,9162,HONTORIA DE LA CANTERA,42.1891184,-3.6425771
9,9163,HONTORIA DEL PINAR,41.8484523,-3.1629214
9,9164,HONTORIA DE VALDEARADOS,41.7446524,-3.5198104
9,9166,HORMAZAS (LAS),42.5239901,-3.9059746
9,9167,HORNILLOS DEL CAMINO,42.3385369,-3.9259523
9,9168,HORRA (LA),41.7402299,-3.8752323
9,9169,HORTIGÜELA,42.0684401,-3.425765
9,9170,HOYALES DE ROA,41.6595641,-3.8613846
9,9172,HUÉRMECES,42.5226323,-3.7712031
9,9173,HUERTA DE ARRIBA,42.1166474,-3.0820186
9,9174,HUERTA DE REY,41.8401218,-3.3480473
9,9175,HUMADA,42.6679688,-4.0837157
9,9176,HURONES,42.4064376,-3.6136387
9,9177,IBEAS DE JUARROS,42.3316845,-3.5358434
9,9178,IBRILLOS,42.4541673,-3.0826424
9,9179,IGLESIARRUBIA,41.9744459,-3.8469783
9,9180,IGLESIAS,42.2975797,-3.989185
9,9181,ISAR,42.3615993,-3.9304431
9,9182,ITERO DEL CASTILLO,42.2898425,-4.2442995
9,9183,JARAMILLO DE LA FUENTE,42.1151721,-3.3125095
9,9190,JUNTA DE VILLALBA DE LOSA,42.9538972,-3.0679014
9,9192,JURISDICCIÓN DE SAN ZADORNIL,42.8380059,-3.176831
9,9194,LERMA,42.0262334,-3.7559335
9,9195,LLANO DE BUREBA,42.6244785,-3.4589436
9,9196,MADRIGAL DEL MONTE,42.1446198,-3.675334
9,9197,MADRIGALEJO DEL MONTE,42.1244801,-3.7248736
9,9198,MAHAMUD,42.1200649,-3.9409416
9,9199,MAMBRILLA DE CASTREJÓN,41.6669494,-3.9848011
9,9200,MAMBRILLAS DE LARA,42.0949074,-3.4613668
9,9201,MAMOLAR,41.927038,-3.362244
9,9206,MAZUELA,42.2064052,-3.917864
9,9208,MECERREYES,42.0955345,-3.5741907
9,9209,MEDINA DE POMAR,42.9322092,-3.4861165
9,9211,MELGAR DE FERNAMENTAL,42.4036374,-4.2469137
9,9213,MERINDAD DE CUESTA-URRIA,42.858023,-3.4378353
9,9214,MERINDAD DE MONTIJA,43.0636672,-3.4868066
9,9215,MERINDAD DE SOTOSCUEVA,43.0374533,-3.6287009
9,9216,MERINDAD DE VALDEPORRES,43.0124136,-3.7706887
9,9217,MERINDAD DE VALDIVIELSO,42.8247133,-3.5466529
9,9218,MILAGROS,41.5752405,-3.6980329
9,9219,MIRANDA DE EBRO,42.6855632,-2.9478451
9,9220,MIRAVECHE,42.6743332,-3.1991375
9,9221,MODÚBAR DE LA EMPAREDADA,42.2599799,-3.6593957
9,9223,MONASTERIO DE LA SIERRA,42.0507106,-3.1931525
9,9224,MONASTERIO DE RODILLA,42.4580177,-3.4675464
9,9225,MONCALVILLO,41.9543436,-3.1993036
9,9226,MONTERRUBIO DE LA DEMANDA,42.1491104,-3.1131226
9,9227,MONTORIO,42.5852589,-3.7767155
9,9228,MORADILLO DE ROA,41.5518807,-3.7917008
9,9229,NAVA DE ROA,41.6120189,-3.9630565
9,9231,NEBREDA,41.9685521,-3.6341657
9,9232,NEILA,42.0601046,-2.9970186
9,9235,OLMEDILLO DE ROA,41.7836695,-3.9340194
9,9236,OLMILLOS DE MUÑÓ,42.2028204,-3.9398962
9,9238,OÑA,42.7343909,-3.413458
9,9239,OQUILLAS,41.8315653,-3.7034821
9,9241,ORBANEJA RIOPICO,42.3600672,-3.5849447
9,9242,PADILLA DE ABAJO,42.4074692,-4.1767266
9,9243,PADILLA DE ARRIBA,42.4382653,-4.1932038
9,9244,PADRONES DE BUREBA,42.7057482,-3.53218
9,9246,PALACIOS DE LA SIERRA,41.9639356,-3.1282384
9,9247,PALACIOS DE RIOPISUERGA,42.3433567,-4.2568616
9,9248,PALAZUELOS DE LA SIERRA,42.211946,-3.4601818
9,9249,PALAZUELOS DE MUÑÓ,42.1966199,-3.9890626
9,9250,PAMPLIEGA,42.2061659,-3.9871757
9,9251,PANCORBO,42.6353553,-3.1109887
9,9253,PARDILLA,41.5517433,-3.7110923
9,9255,PARTIDO DE LA SIERRA EN TOBALINA,42.7248935,-3.2105357
9,9256,PEDROSA DE DUERO,41.7123411,-3.9869811
9,9257,PEDROSA DEL PÁRAMO,42.4412181,-3.9737005
9,9258,PEDROSA DEL PRÍNCIPE,42.2496567,-4.1992265
9,9259,PEDROSA DE RÍO ÚRBEL,42.409941,-3.8217817
9,9261,PEÑARANDA DE DUERO,41.6882886,-3.4799443
9,9262,PERAL DE ARLANZA,42.0760549,-4.0771698
9,9265,PIÉRNIGAS,42.5901504,-3.4131187
9,9266,PINEDA DE LA SIERRA,42.2161087,-3.2972245
9,9267,PINEDA TRASMONTE,41.9086885,-3.6956524
9,9268,PINILLA DE LOS BARRUECOS,41.9180505,-3.3041718
9,9270,PINILLA TRASMONTE,41.873491,-3.619404
9,9272,POZA DE LA SAL,42.6669682,-3.5018934
9,9273,PRÁDANOS DE BUREBA,42.5027424,-3.3477004
9,9274,PRADOLUENGO,42.3240754,-3.2011736
9,9275,PRESENCIO,42.1859701,-3.9013025
9,9276,PUEBLA DE ARGANZÓN (LA),42.7665947,-2.8308646
9,9277,PUENTEDURA,42.042031,-3.5830801
9,9279,QUEMADA,41.7010286,-3.5751661
9,9280,QUINTANABUREBA,42.586161,-3.3664052
9,9281,QUINTANA DEL PIDIO,41.7595385,-3.7509232
9,9283,QUINTANAÉLEZ,42.6693759,-3.2987332
9,9287,QUINTANAORTUÑO,42.4501431,-3.6834145
9,9288,QUINTANAPALLA,42.4084263,-3.5345514
9,9289,QUINTANAR DE LA SIERRA,41.9816833,-3.0413087
9,9292,QUINTANAVIDES,42.4817142,-3.4241465
9,9294,QUINTANILLA DE LA MATA,41.9888129,-3.7681497
9,9295,QUINTANILLA DEL COCO,41.9787884,-3.5176199
9,9297,QUINTANILLAS (LAS),42.3723251,-3.8437002
9,9298,QUINTANILLA SAN GARCÍA,42.5482373,-3.1931626
9,9301,QUINTANILLA VIVAR,42.414355,-3.6886408
9,9302,RABANERA DEL PINAR,41.8938326,-3.1966167
9,9303,RÁBANOS,42.319986,-3.2702341
9,9304,RABÉ DE LAS CALZADAS,42.3401932,-3.8341082
9,9306,REBOLLEDO DE LA TORRE,42.6889148,-4.2271223
9,9307,REDECILLA DEL CAMINO,42.4379725,-3.0651553
9,9309,REGUMIEL DE LA SIERRA,41.9601019,-2.9841395
9,9311,RETUERTA,42.0296682,-3.5065409
9,9312,REVILLA Y AHEDO (LA),42.012589,-3.3309834
9,9314,REVILLA DEL CAMPO,42.2117838,-3.5400609
9,9315,REVILLARRUZ,42.2304991,-3.6527718
9,9316,REVILLA VALLEJERA,42.1470153,-4.1339604
9,9317,REZMONDO,42.5156436,-4.238958
9,9318,RIOCAVADO DE LA SIERRA,42.1525792,-3.1973947
9,9321,ROA,41.6966212,-3.9284274
9,9323,ROJAS,42.5782752,-3.4422375
9,9325,ROYUELA DE RÍO FRANCO,41.9989528,-3.9582255
9,9326,RUBENA,42.3877898,-3.573971
9,9327,RUBLACEDO DE ABAJO,42.5534049,-3.5017388
9,9328,RUCANDIO,42.7515741,-3.5415035
9,9329,SALAS DE BUREBA,42.6923,-3.4731994
9,9330,SALAS DE LOS INFANTES,42.0220376,-3.2880776
9,9332,SALDAÑA DE BURGOS,42.2577067,-3.6851708
9,9335,SAN ADRIÁN DE JUARROS,42.2741651,-3.4755771
9,9337,SAN JUAN DEL MONTE,41.6834075,-3.5220473
9,9338,SAN MAMÉS DE BURGOS,42.3364498,-3.7940524
9,9339,SAN MARTÍN DE RUBIALES,41.6413076,-3.99085
9,9340,SAN MILLÁN DE LARA,42.1363624,-3.345226
9,9343,SANTA CECILIA,42.0522264,-3.802824
9,9345,SANTA CRUZ DE LA SALCEDA,41.5948858,-3.5944326
9,9346,SANTA CRUZ DEL VALLE URBIÓN,42.3051485,-3.2227788
9,9347,SANTA GADEA DEL CID,42.7150547,-3.0590421
9,9348,SANTA INÉS,42.0382705,-3.7028525
9,9350,SANTA MARÍA DEL CAMPO,42.1319646,-3.9754561
9,9351,SANTA MARÍA DEL INVIERNO,42.4428531,-3.4377738
9,9352,SANTA MARÍA DEL MERCADILLO,41.8600273,-3.559039
9,9354,SANTA OLALLA DE BUREBA,42.4786307,-3.439743
9,9355,SANTIBÁÑEZ DE ESGUEVA,41.8336543,-3.7588164
9,9358,SANTO DOMINGO DE SILOS,41.962597,-3.4185675
9,9361,SARGENTES DE LA LORA,42.7689435,-3.8721491
9,9362,SARRACÍN,42.259659,-3.6978927
9,9363,SASAMÓN,42.4179379,-4.0432798
9,9365,SEQUERA DE HAZA (LA),41.5638715,-3.8165088
9,9366,SOLARANA,41.971418,-3.6586441
9,9368,SORDILLOS,42.4619774,-4.1068703
9,9369,SOTILLO DE LA RIBERA,41.7780479,-3.8257716
9,9372,SOTRAGERO,42.4099668,-3.7127498
9,9373,SOTRESGUDO,42.5788583,-4.1770058
9,9374,SUSINOS DEL PÁRAMO,42.4715972,-3.9247468
9,9375,TAMARÓN,42.2723225,-3.9905439
9,9377,TARDAJOS,42.3488737,-3.8186139
9,9378,TEJADA,41.9524564,-3.535309
9,9380,TERRADILLOS DE ESGUEVA,41.8200951,-3.84288
9,9381,TINIEBLAS DE LA SIERRA,42.17271,-3.3629645
9,9382,TOBAR,42.4838628,-3.9389483
9,9384,TORDÓMAR,42.0460696,-3.8653108
9,9386,TORRECILLA DEL MONTE,42.0950629,-3.6937373
9,9387,TORREGALINDO,41.5826767,-3.7523294
9,9388,TORRELARA,42.1663038,-3.5167991
9,9389,TORREPADRE,42.0436922,-3.9370054
9,9390,TORRESANDINO,41.829831,-3.9100954
9,9391,TÓRTOLES DE ESGUEVA,41.8164583,-4.0212511
9,9392,TOSANTOS,42.4141088,-3.2424229
9,9394,TRESPADERNE,42.8025289,-3.3905472
9,9395,TUBILLA DEL AGUA,42.7090683,-3.8034079
9,9396,TUBILLA DEL LAGO,41.8017679,-3.5866896
9,9398,ÚRBEL DEL CASTILLO,42.6192167,-3.8447275
9,9400,VADOCONDES,41.639997,-3.5719867
9,9403,VALDEANDE,41.833454,-3.5287921
9,9405,VALDEZATE,41.6023916,-3.9305323
9,9406,VALDORROS,42.1716923,-3.7089469
9,9407,VALMALA,42.3050748,-3.255344
9,9408,VALLARTA DE BUREBA,42.5885237,-3.2048503
9,9410,VALLE DE MENA,43.1094373,-3.2949068
9,9411,VALLE DE OCA,42.4385478,-3.3256339
9,9412,VALLE DE TOBALINA,42.8059696,-3.2539819
9,9413,VALLE DE VALDEBEZANA,42.9694166,-3.8266075
9,9414,VALLE DE VALDELAGUNA,42.1034698,-3.1558828
9,9415,VALLE DE VALDELUCIO,42.7184798,-4.104153
9,9417,VALLEJERA,42.1823695,-4.1520827
9,9418,VALLES DE PALENZUELA,42.1199335,-4.0778341
9,9419,VALLUÉRCANES,42.572554,-3.1198541
9,9421,VID Y BARRIOS (LA),41.6288929,-3.48816
9,9422,VID DE BUREBA (LA),42.6331952,-3.3013271
9,9423,VILEÑA,42.6221486,-3.3239409
9,9424,VILORIA DE RIOJA,42.4264666,-3.1003951
9,9425,VILVIESTRE DEL PINAR,41.9520417,-3.0781122
9,9427,VILLADIEGO,42.5147918,-4.0107323
9,9428,VILLAESCUSA DE ROA,41.727792,-4.0165272
9,9429,VILLAESCUSA LA SOMBRÍA,42.4149504,-3.4184599
9,9430,VILLAESPASA,42.0997383,-3.4040923
9,9431,VILLAFRANCA MONTES DE OCA,42.3883784,-3.3086147
9,9432,VILLAFRUELA,41.9175141,-3.9122928
9,9434,VILLAGONZALO PEDERNALES,42.3017566,-3.733804
9,9437,VILLAHOZ,42.0773181,-3.9126109
9,9438,VILLALBA DE DUERO,41.6825764,-3.7437137
9,9439,VILLALBILLA DE BURGOS,42.3470908,-3.7796129
9,9440,VILLALBILLA DE GUMIEL,41.807094,-3.6252649
9,9441,VILLALDEMIRO,42.2473312,-3.9843067
9,9442,VILLALMANZO,42.0481459,-3.7420888
9,9443,VILLAMAYOR DE LOS MONTES,42.1059603,-3.76587
9,9444,VILLAMAYOR DE TREVIÑO,42.4593941,-4.1198699
9,9445,VILLAMBISTIA,42.4051648,-3.261804
9,9446,VILLAMEDIANILLA,42.1608548,-4.1462672
9,9447,VILLAMIEL DE LA SIERRA,42.1915528,-3.4174828
9,9448,VILLANGÓMEZ,42.180034,-3.7734699
9,9449,VILLANUEVA DE ARGAÑO,42.3804783,-3.933169
9,9450,VILLANUEVA DE CARAZO,41.9854996,-3.3234783
9,9451,VILLANUEVA DE GUMIEL,41.7377866,-3.6267453
9,9454,VILLANUEVA DE TEBA,42.6488808,-3.1635397
9,9455,VILLAQUIRÁN DE LA PUEBLA,42.2828862,-4.1001439
9,9456,VILLAQUIRÁN DE LOS INFANTES,42.2268384,-4.0087348
9,9458,VILLARIEZO,42.269929,-3.7329673
9,9460,VILLASANDINO,42.3714082,-4.1097601
9,9463,VILLASUR DE HERREROS,42.3082255,-3.3938217
9,9464,VILLATUELDA,41.8153167,-3.8810981
9,9466,VILLAVERDE DEL MONTE,42.160431,-3.8151528
9,9467,VILLAVERDE-MOGINA,42.1605481,-4.0508335
9,9471,VILLAYERNO MORQUILLAS,42.3954921,-3.6394988
9,9472,VILLAZOPEQUE,42.1983071,-4.0165214
9,9473,VILLEGAS,42.468108,-4.0169491
9,9476,VILLORUEBO,42.1682973,-3.4420655
9,9478,VIZCAÍNOS,42.1018113,-3.2669089
9,9480,ZAEL,42.1098268,-3.824322
9,9482,ZARZOSA DE RÍO PISUERGA,42.5359838,-4.2680635
9,9483,ZAZUAR,41.6954792,-3.5542511
9,9485,ZUÑEDA,42.6048358,-3.2264746
9,9901,QUINTANILLA DEL AGUA Y TORDUELES,42.0431309,-3.6530461
9,9902,VALLE DE SANTIBÁÑEZ,42.4828441,-3.8137899
9,9903,VILLARCAYO DE MERINDAD DE CASTILLA LA VIEJA,42.9338207,-3.5878851
9,9904,VALLE DE LAS NAVAS,42.4828549,-3.5827528
9,9905,VALLE DE SEDANO,42.7405467,-3.7151121
9,9906,MERINDAD DE RÍO UBIERNA,42.5511918,-3.6647401
9,9907,ALFOZ DE QUINTANADUEÑAS,42.4086943,-3.7497753
9,9908,VALLE DE LOSA,42.9872103,-3.2257037
