municipio_code,lat,lon,kind
01001,42.841519,-2.5120525,centroide_nominatim_historico
01003,43.0352061,-2.5857615,centroide_nominatim_historico
01004,43.1210566,-3.1286742,centroide_nominatim_historico
01006,42.722587,-2.8722115,centroide_nominatim_historico
01009,42.8862514,-2.2855075,centroide_nominatim_historico
01011,42.5295829,-2.6789897,centroide_nominatim_historico
01013,42.9148432,-2.5027644,centroide_nominatim_historico
01023,42.5704082,-2.5451889,centroide_nominatim_historico
01031,42.5535011,-2.5850848,centroide_nominatim_historico
01032,42.5625294,-2.5125875,centroide_nominatim_historico
01042,43.1563569,-3.0267954,centroide_nominatim_historico
01047,42.7255641,-2.9076507,centroide_nominatim_historico
01049,42.8021497,-2.9864169,centroide_nominatim_historico
01051,42.8492823,-2.3890592,centroide_nominatim_historico
01053,42.8798718,-2.3909783,centroide_nominatim_historico
01058,42.9780816,-2.6430832,centroide_nominatim_historico
01059,42.8465088,-2.6724025,centroide_nominatim_historico
01062,42.6611191,-2.8793698,centroide_nominatim_historico
01063,42.9817199,-2.8319393,centroide_nominatim_historico
10002,39.2439535,-5.8141881,centroide_nominatim_historico
10003,40.2008358,-6.717543,centroide_nominatim_historico
10004,39.8018959,-6.6335103,centroide_nominatim_historico
10006,40.1890481,-6.1880415,centroide_nominatim_historico
10007,39.2562411,-6.1861813,centroide_nominatim_historico
10008,39.7206785,-6.8869875,centroide_nominatim_historico
10009,39.2455213,-5.7368176,centroide_nominatim_historico
10010,39.1801212,-6.2284451,centroide_nominatim_historico
10012,39.2877875,-6.3189052,centroide_nominatim_historico
10018,39.4224611,-6.6918971,centroide_nominatim_historico
10020,39.1754757,-6.0427828,centroide_nominatim_historico
10021,39.4840338,-6.5845773,centroide_nominatim_historico
10023,39.1855991,-6.1630632,centroide_nominatim_historico
10027,39.3101101,-6.0842632,centroide_nominatim_historico
10031,39.3442751,-6.074113,centroide_nominatim_historico
10032,39.6111187,-6.7782723,centroide_nominatim_historico
10037,39.4745175,-6.3716761,centroide_nominatim_historico
10039,40.2375069,-6.5397962,centroide_nominatim_historico
10040,40.0614295,-6.5317294,centroide_nominatim_historico
10043,39.1952574,-5.7718708,centroide_nominatim_historico
10044,39.3801055,-5.3892464,centroide_nominatim_historico
10045,39.7897226,-6.3933113,centroide_nominatim_historico
10047,40.0490389,-6.2136144,centroide_nominatim_historico
10049,39.5614765,-6.4171236,centroide_nominatim_historico
10052,39.2363894,-6.2908476,centroide_nominatim_historico
10056,39.8175504,-6.3290452,centroide_nominatim_historico
10060,39.6261851,-5.4170221,centroide_nominatim_historico
10061,39.8224249,-6.7734102,centroide_nominatim_historico
10063,40.2367345,-6.22756,centroide_nominatim_historico
10064,40.1136983,-6.7913987,centroide_nominatim_historico
10067,39.9831574,-6.5366803,centroide_nominatim_historico
10073,39.1682141,-5.8840442,centroide_nominatim_historico
10081,40.0612161,-5.9275376,centroide_nominatim_historico
10082,39.7131532,-6.5494403,centroide_nominatim_historico
10090,40.1937514,-6.163317,centroide_nominatim_historico
10096,40.2738554,-5.8587431,centroide_nominatim_historico
10098,39.7086943,-6.3559447,centroide_nominatim_historico
10100,40.1707784,-6.7212412,centroide_nominatim_historico
10102,39.3245084,-5.9169198,centroide_nominatim_historico
10104,40.0598888,-5.7551824,centroide_nominatim_historico
10105,40.1282875,-5.6587,centroide_nominatim_historico
10106,40.1714051,-6.0024421,centroide_nominatim_historico
10112,39.1389963,-5.6272875,centroide_nominatim_historico
10115,39.4458422,-6.5046747,centroide_nominatim_historico
10117,40.2678024,-6.2745815,centroide_nominatim_historico
10118,39.7171865,-6.8181226,centroide_nominatim_historico
10121,39.1501902,-5.9090558,centroide_nominatim_historico
10125,39.637491,-6.21351,centroide_nominatim_historico
10126,39.2241144,-6.1501782,centroide_nominatim_historico
10127,40.0883757,-6.3495966,centroide_nominatim_historico
10128,40.0684627,-6.6604617,centroide_nominatim_historico
10131,39.8928306,-5.5401199,centroide_nominatim_historico
10133,39.6233075,-6.6506496,centroide_nominatim_historico
10137,40.2465313,-6.2762278,centroide_nominatim_historico
10140,39.85306,-5.4596157,centroide_nominatim_historico
10144,40.3261827,-6.1757638,centroide_nominatim_historico
10148,40.029921,-6.090168,centroide_nominatim_historico
10149,39.3818481,-6.0475764,centroide_nominatim_historico
10151,39.8123965,-6.4741184,centroide_nominatim_historico
10153,39.3163339,-5.8588266,centroide_nominatim_historico
10155,39.9208114,-6.3040059,centroide_nominatim_historico
10158,39.2689957,-5.9806012,centroide_nominatim_historico
10161,39.3279182,-6.0132361,centroide_nominatim_historico
10163,39.3021566,-6.0334534,centroide_nominatim_historico
10165,39.3088648,-5.9902187,centroide_nominatim_historico
10170,39.6287478,-6.3644999,centroide_nominatim_historico
10172,40.1763698,-6.2231141,centroide_nominatim_historico
10177,39.4372411,-6.2739777,centroide_nominatim_historico
10178,39.7156908,-6.2812319,centroide_nominatim_historico
10180,39.9859921,-5.6096048,centroide_nominatim_historico
10181,40.0186546,-5.8694338,centroide_nominatim_historico
10182,39.8973513,-5.7805381,centroide_nominatim_historico
10183,40.2556866,-5.6885137,centroide_nominatim_historico
10184,40.1361261,-5.9440836,centroide_nominatim_historico
10188,39.2528863,-6.1173349,centroide_nominatim_historico
10190,39.7713402,-6.013256,centroide_nominatim_historico
10192,39.3456532,-6.1728733,centroide_nominatim_historico
10193,39.3821045,-6.2501398,centroide_nominatim_historico
10194,39.3659135,-6.2210139,centroide_nominatim_historico
10195,39.4605657,-5.8816626,centroide_nominatim_historico
10196,40.1328693,-5.8791465,centroide_nominatim_historico
10198,39.2737556,-6.126006,centroide_nominatim_historico
10202,40.0821944,-6.2482744,centroide_nominatim_historico
10203,39.4131571,-7.2420859,centroide_nominatim_historico
10206,40.12165,-5.5364459,centroide_nominatim_historico
10208,39.6594817,-6.821092,centroide_nominatim_historico
10209,39.2452735,-5.8732834,centroide_nominatim_historico
10210,40.1870837,-6.7837201,centroide_nominatim_historico
10214,40.1380647,-6.0278244,centroide_nominatim_historico
10217,39.2571525,-6.0313973,centroide_nominatim_historico
10218,39.875449,-6.8615176,centroide_nominatim_historico
10901,39.993376,-5.4567741,centroide_nominatim_historico
11001,36.4618805,-5.7238891,centroide_nominatim_historico
11002,36.9044094,-5.1720759,centroide_nominatim_historico
11003,36.6566286,-5.6564009,centroide_nominatim_historico
11004,36.1311725,-5.4473991,centroide_nominatim_historico
11005,36.879693,-5.4047755,centroide_nominatim_historico
11006,36.7526913,-5.8122092,centroide_nominatim_historico
11007,36.1923983,-5.9192837,centroide_nominatim_historico
11008,36.2586921,-5.6460469,centroide_nominatim_historico
11009,36.7006416,-5.421687,centroide_nominatim_historico
11010,36.8157427,-5.7434863,centroide_nominatim_historico
11011,36.757294,-5.5067224,centroide_nominatim_historico
11012,36.5297438,-6.2928976,centroide_nominatim_historico
11013,36.2867039,-5.4196952,centroide_nominatim_historico
11014,36.277054,-6.0881874,centroide_nominatim_historico
11015,36.4191096,-6.1460683,centroide_nominatim_historico
11016,36.7355451,-6.4348221,centroide_nominatim_historico
11017,36.8716918,-5.8060565,centroide_nominatim_historico
11018,36.8551853,-5.3236056,centroide_nominatim_historico
11019,36.7583892,-5.366074,centroide_nominatim_historico
11020,36.6816936,-6.1377402,centroide_nominatim_historico
11021,36.4327335,-5.4527477,centroide_nominatim_historico
11022,36.1687585,-5.3692725,centroide_nominatim_historico
11023,36.4576714,-5.9272725,centroide_nominatim_historico
11024,36.9348951,-5.2601194,centroide_nominatim_historico
11025,36.5229634,-5.864702,centroide_nominatim_historico
11026,36.7879415,-5.5572276,centroide_nominatim_historico
11027,36.5996012,-6.2286652,centroide_nominatim_historico
11028,36.5286856,-6.1902161,centroide_nominatim_historico
11029,36.9213346,-5.5420668,centroide_nominatim_historico
11030,36.6228636,-6.3599595,centroide_nominatim_historico
11031,36.4646672,-6.1983492,centroide_nominatim_historico
11032,36.7761393,-6.3534794,centroide_nominatim_historico
11033,36.2100586,-5.3868293,centroide_nominatim_historico
11034,36.8621836,-5.1787,centroide_nominatim_historico
11035,36.0129082,-5.6050213,centroide_nominatim_historico
11036,36.9156897,-5.2347672,centroide_nominatim_historico
11037,36.8693137,-6.1767017,centroide_nominatim_historico
11038,36.6769347,-5.4457808,centroide_nominatim_historico
11039,36.251937,-5.9670492,centroide_nominatim_historico
11040,36.6965773,-5.3860094,centroide_nominatim_historico
11041,36.8591822,-5.6434544,centroide_nominatim_historico
11042,36.8405841,-5.3905374,centroide_nominatim_historico
11901,36.3449297,-5.8137236,centroide_nominatim_historico
11902,36.6062584,-5.7997029,centroide_nominatim_historico
12001,40.2166007,-0.1709719,centroide_nominatim_historico
12002,39.9007811,-0.3409807,centroide_nominatim_historico
12003,40.3577713,0.0241661,centroide_nominatim_historico
12004,40.3041662,0.2252763,centroide_nominatim_historico
12005,40.0746619,-0.2142146,centroide_nominatim_historico
12006,39.9158376,-0.354769,centroide_nominatim_historico
12007,39.8376893,-0.2690126,centroide_nominatim_historico
12008,39.9143599,-0.442368,centroide_nominatim_historico
12009,39.9435743,-0.0634783,centroide_nominatim_historico
12010,39.8723007,-0.4093054,centroide_nominatim_historico
12011,39.7521228,-0.2251286,centroide_nominatim_historico
12012,39.8512304,-0.5128608,centroide_nominatim_historico
12013,40.0715027,-0.4812821,centroide_nominatim_historico
12014,40.4565353,-0.1319619,centroide_nominatim_historico
12015,40.0541046,-0.3499998,centroide_nominatim_historico
12016,39.8911264,-0.2576603,centroide_nominatim_historico
12017,39.9985635,-0.3744545,centroide_nominatim_historico
12018,39.8344623,-0.3692385,centroide_nominatim_historico
12020,40.0162238,-0.6975982,centroide_nominatim_historico
12021,39.9288397,-0.1974253,centroide_nominatim_historico
12022,39.9097775,-0.7078361,centroide_nominatim_historico
12024,39.9349547,-0.577643,centroide_nominatim_historico
12025,40.2766359,-0.2089684,centroide_nominatim_historico
12026,40.3796457,-0.1422927,centroide_nominatim_historico
12027,40.4180244,0.4229813,centroide_nominatim_historico
12028,40.0554183,0.0644655,centroide_nominatim_historico
12029,40.2112756,0.0270647,centroide_nominatim_historico
12032,39.8876912,-0.0846321,centroide_nominatim_historico
12033,40.1564567,0.0437829,centroide_nominatim_historico
12034,40.4619719,0.3548686,centroide_nominatim_historico
12036,40.5508926,0.2429452,centroide_nominatim_historico
12037,40.6608092,0.0428379,centroide_nominatim_historico
12038,40.5022457,-0.1910962,centroide_nominatim_historico
12039,39.8620764,-0.4574769,centroide_nominatim_historico
12040,39.9860347,-0.0377354,centroide_nominatim_historico
12041,40.1304975,-0.3803927,centroide_nominatim_historico
12042,40.4715653,0.0228594,centroide_nominatim_historico
12043,39.947341,-0.5683782,centroide_nominatim_historico
12044,40.4543718,0.2775055,centroide_nominatim_historico
12045,40.5825853,-0.2161136,centroide_nominatim_historico
12046,40.0552625,-0.4624359,centroide_nominatim_historico
12048,40.1864989,-0.5425913,centroide_nominatim_historico
12049,40.1200736,-0.1735358,centroide_nominatim_historico
12050,40.3101086,0.1217432,centroide_nominatim_historico
12051,40.3373914,-0.1651408,centroide_nominatim_historico
12052,40.5186118,0.1585541,centroide_nominatim_historico
12053,39.7819689,-0.1876428,centroide_nominatim_historico
12055,40.2453957,-0.2874577,centroide_nominatim_historico
12056,39.8509369,-0.3200757,centroide_nominatim_historico
12057,39.8794321,-0.3079326,centroide_nominatim_historico
12058,40.0266307,-0.3554859,centroide_nominatim_historico
12059,40.0191953,-0.3160437,centroide_nominatim_historico
12060,40.1174043,-0.2380778,centroide_nominatim_historico
12061,40.6460917,-0.199565,centroide_nominatim_historico
12063,40.0639186,-0.609029,centroide_nominatim_historico
12064,40.0208981,-0.4197803,centroide_nominatim_historico
12065,39.9264703,-0.4956292,centroide_nominatim_historico
12067,39.8375285,-0.4672257,centroide_nominatim_historico
12068,40.7207302,-0.0043748,centroide_nominatim_historico
12069,39.9841331,-0.5024074,centroide_nominatim_historico
12070,40.512287,0.2524664,centroide_nominatim_historico
12071,39.9117383,-0.5718739,centroide_nominatim_historico
12072,40.1380471,-0.2803675,centroide_nominatim_historico
12073,40.0868846,-0.3717111,centroide_nominatim_historico
12074,39.7686633,-0.2060316,centroide_nominatim_historico
12075,40.6002323,-0.282173,centroide_nominatim_historico
12076,39.9376751,-0.4686984,centroide_nominatim_historico
12077,39.808205,-0.1452657,centroide_nominatim_historico
12078,40.0356894,-0.5542466,centroide_nominatim_historico
12079,40.068152,-0.522929,centroide_nominatim_historico
12080,40.6188277,-0.0998026,centroide_nominatim_historico
12081,39.8769924,-0.5075395,centroide_nominatim_historico
12082,39.8532265,-0.1550092,centroide_nominatim_historico
12083,40.6376304,-0.3398792,centroide_nominatim_historico
12084,39.965214,-0.2625745,centroide_nominatim_historico
12085,40.0932078,0.1358123,centroide_nominatim_historico
12087,40.7173669,-0.1790528,centroide_nominatim_historico
12088,39.9733262,-0.4820162,centroide_nominatim_historico
12089,40.3577844,0.4073793,centroide_nominatim_historico
12090,40.0209763,-0.6549547,centroide_nominatim_historico
12091,40.5328003,-0.2621835,centroide_nominatim_historico
12092,40.1048933,-0.5927755,centroide_nominatim_historico
12093,39.977126,-0.0653705,centroide_nominatim_historico
12094,40.1026879,-0.0014726,centroide_nominatim_historico
12095,40.0220526,-0.2782945,centroide_nominatim_historico
12096,40.61827,0.2214019,centroide_nominatim_historico
12097,39.8521576,-0.7144275,centroide_nominatim_historico
12098,40.4177148,0.1740316,centroide_nominatim_historico
12099,40.5087496,0.331352,centroide_nominatim_historico
12100,40.4650329,0.1793192,centroide_nominatim_historico
12101,40.6069932,0.3491633,centroide_nominatim_historico
12102,40.3561602,0.3028876,centroide_nominatim_historico
12103,40.3127349,0.0311219,centroide_nominatim_historico
12104,39.8519011,-0.4895537,centroide_nominatim_historico
12105,40.2696396,-0.0190324,centroide_nominatim_historico
12106,39.8156407,-0.4300063,centroide_nominatim_historico
12107,39.8048407,-0.4103204,centroide_nominatim_historico
12108,39.952339,-0.3322962,centroide_nominatim_historico
12109,39.9480872,-0.3076291,centroide_nominatim_historico
12110,39.9002632,-0.6577111,centroide_nominatim_historico
12111,40.4234553,0.0779913,centroide_nominatim_historico
12112,40.6469756,-0.2467637,centroide_nominatim_historico
12113,40.0421248,-0.3669719,centroide_nominatim_historico
12114,39.919459,-0.6856672,centroide_nominatim_historico
12115,39.9824584,-0.748406,centroide_nominatim_historico
12116,39.9887744,-0.4382786,centroide_nominatim_historico
12117,40.2202661,0.1953363,centroide_nominatim_historico
12119,40.3283469,-0.0746511,centroide_nominatim_historico
12120,40.2669779,0.0680891,centroide_nominatim_historico
12121,40.5246503,0.2899844,centroide_nominatim_historico
12122,40.1572436,-0.1628262,centroide_nominatim_historico
12123,40.0304928,-0.3368007,centroide_nominatim_historico
12124,40.1758674,-0.0351001,centroide_nominatim_historico
12125,39.9036644,-0.4572788,centroide_nominatim_historico
12126,39.8209011,-0.2319275,centroide_nominatim_historico
12127,40.6030803,0.0465541,centroide_nominatim_historico
12128,40.1125962,-0.0530464,centroide_nominatim_historico
12129,40.4270481,-0.2577181,centroide_nominatim_historico
12130,40.2029553,-0.4182829,centroide_nominatim_historico
12131,39.9648022,-0.3953669,centroide_nominatim_historico
12132,40.2309678,0.072647,centroide_nominatim_historico
12133,40.0593289,-0.6474483,centroide_nominatim_historico
12134,40.3579581,-0.0658739,centroide_nominatim_historico
12135,39.9372616,-0.1004465,centroide_nominatim_historico
12136,39.8587438,-0.1831882,centroide_nominatim_historico
12137,40.6762953,-0.2006783,centroide_nominatim_historico
12138,40.4703992,0.4746076,centroide_nominatim_historico
12139,40.2937407,-0.2920742,centroide_nominatim_historico
12140,39.9212618,-0.5982244,centroide_nominatim_historico
12141,40.7287128,-0.166284,centroide_nominatim_historico
12142,40.1319864,-0.4189382,centroide_nominatim_historico
12901,39.8962767,-0.1147361,centroide_nominatim_historico
12902,40.0607474,-0.1373779,centroide_nominatim_historico
13001,38.8794942,-4.3557024,centroide_nominatim_historico
13002,38.9820148,-4.8698279,centroide_nominatim_historico
13003,38.6780447,-4.7899773,centroide_nominatim_historico
13004,38.617876,-2.806439,centroide_nominatim_historico
13005,39.3899806,-3.2101376,centroide_nominatim_historico
13006,39.2601129,-4.4769042,centroide_nominatim_historico
13007,38.9861733,-4.1152469,centroide_nominatim_historico
13008,38.7524763,-3.1343704,centroide_nominatim_historico
13009,38.7380137,-3.8391468,centroide_nominatim_historico
13010,38.8995809,-3.0528676,centroide_nominatim_historico
13011,38.7742489,-4.832835,centroide_nominatim_historico
13012,38.7378377,-4.7102688,centroide_nominatim_historico
13013,38.888238,-3.7118218,centroide_nominatim_historico
13014,38.6240327,-2.954419,centroide_nominatim_historico
13015,38.7083953,-4.1760555,centroide_nominatim_historico
13016,38.5129637,-3.4967642,centroide_nominatim_historico
13018,39.2193056,-3.5027025,centroide_nominatim_historico
13019,39.1286071,-3.0903226,centroide_nominatim_historico
13020,38.7268428,-4.0792825,centroide_nominatim_historico
13021,39.1549315,-4.5428754,centroide_nominatim_historico
13022,38.8354727,-3.944602,centroide_nominatim_historico
13023,38.9062533,-3.6629811,centroide_nominatim_historico
13024,38.6570361,-4.2935853,centroide_nominatim_historico
13026,38.6149564,-4.1835844,centroide_nominatim_historico
13027,38.7043087,-3.7766972,centroide_nominatim_historico
13028,39.4052539,-3.1254826,centroide_nominatim_historico
13029,38.8543572,-4.0209377,centroide_nominatim_historico
13030,38.8452505,-4.0633818,centroide_nominatim_historico
13031,39.0183225,-3.8168257,centroide_nominatim_historico
13032,38.8420035,-2.9915308,centroide_nominatim_historico
13033,38.5391616,-3.2755109,centroide_nominatim_historico
13034,38.9854201,-3.9285138,centroide_nominatim_historico
13035,38.8573077,-4.0807008,centroide_nominatim_historico
13036,39.3160383,-4.0662575,centroide_nominatim_historico
13037,38.6608157,-3.0735807,centroide_nominatim_historico
13038,38.7967523,-4.8669119,centroide_nominatim_historico
13039,39.072196,-3.6143611,centroide_nominatim_historico
13040,39.1225007,-3.9010957,centroide_nominatim_historico
13041,39.2194954,-4.5164688,centroide_nominatim_historico
13042,38.405028,-4.3049563,centroide_nominatim_historico
13043,38.7559532,-2.9583867,centroide_nominatim_historico
13044,39.2276397,-3.7741252,centroide_nominatim_historico
13045,38.7958912,-3.7429733,centroide_nominatim_historico
13046,38.7259178,-4.9733507,centroide_nominatim_historico
13047,39.3679627,-3.3550331,centroide_nominatim_historico
13048,38.6135415,-4.1387605,centroide_nominatim_historico
13049,39.3264887,-4.6500868,centroide_nominatim_historico
13050,39.2744812,-3.5187184,centroide_nominatim_historico
13051,38.9844387,-4.2925731,centroide_nominatim_historico
13052,39.1688771,-3.8512824,centroide_nominatim_historico
13053,38.9962242,-3.3722143,centroide_nominatim_historico
13054,38.9724781,-3.3464983,centroide_nominatim_historico
13055,38.5751666,-4.0699752,centroide_nominatim_historico
13056,38.9648147,-3.8898604,centroide_nominatim_historico
13057,38.6981474,-2.8653097,centroide_nominatim_historico
13058,38.8293937,-3.5793395,centroide_nominatim_historico
13059,39.2256128,-4.5907981,centroide_nominatim_historico
13060,39.4944354,-4.5210142,centroide_nominatim_historico
13061,39.4060954,-2.9474164,centroide_nominatim_historico
13062,39.0497719,-4.0603127,centroide_nominatim_historico
13063,39.0344592,-4.1753284,centroide_nominatim_historico
13064,38.9351817,-3.9812082,centroide_nominatim_historico
13065,39.1467218,-4.153826,centroide_nominatim_historico
13066,38.9119565,-3.8371496,centroide_nominatim_historico
13067,38.9130124,-4.1919373,centroide_nominatim_historico
13068,39.0823124,-4.6168415,centroide_nominatim_historico
13069,38.5665118,-2.9252461,centroide_nominatim_historico
13070,39.3243594,-3.4817078,centroide_nominatim_historico
13071,38.6852161,-4.1111749,centroide_nominatim_historico
13072,39.4620946,-4.40999,centroide_nominatim_historico
13073,38.9434102,-4.6083053,centroide_nominatim_historico
13074,38.8443306,-3.2416783,centroide_nominatim_historico
13075,38.4767039,-3.8249484,centroide_nominatim_historico
13076,38.636664,-2.8669824,centroide_nominatim_historico
13077,38.6419862,-3.4666934,centroide_nominatim_historico
13078,39.2834014,-2.7904645,centroide_nominatim_historico
13079,38.941937,-3.236528,centroide_nominatim_historico
13080,38.4661568,-4.0745968,centroide_nominatim_historico
13081,38.6096902,-2.8416293,centroide_nominatim_historico
13082,39.1585549,-3.0214851,centroide_nominatim_historico
13083,39.0170808,-3.7502053,centroide_nominatim_historico
13084,38.5845739,-3.0609335,centroide_nominatim_historico
13085,38.6397821,-3.3648129,centroide_nominatim_historico
13086,38.9384034,-4.8290585,centroide_nominatim_historico
13087,38.7594573,-3.3847392,centroide_nominatim_historico
13088,38.8528367,-3.7723018,centroide_nominatim_historico
13089,38.7505908,-2.8718753,centroide_nominatim_historico
13090,38.5457838,-2.9979338,centroide_nominatim_historico
13091,38.7877317,-4.1386794,centroide_nominatim_historico
13092,38.6926503,-2.693727,centroide_nominatim_historico
13093,38.7339635,-3.0135587,centroide_nominatim_historico
13094,38.6219731,-3.909334,centroide_nominatim_historico
13095,38.8503411,-3.9635321,centroide_nominatim_historico
13096,39.2181465,-3.6070212,centroide_nominatim_historico
13097,39.2383954,-3.4235166,centroide_nominatim_historico
13098,38.5217338,-3.5627159,centroide_nominatim_historico
13901,39.2176173,-4.2811191,centroide_nominatim_historico
13902,38.9773853,-2.8837081,centroide_nominatim_historico
13903,39.308449,-3.0250984,centroide_nominatim_historico
13904,39.117787,-3.351901,centroide_nominatim_historico
14001,38.0269999,-4.5245275,centroide_nominatim_historico
14002,37.5146967,-4.6567166,centroide_nominatim_historico
14003,38.3893241,-4.9673657,centroide_nominatim_historico
14004,37.4405255,-4.0961434,centroide_nominatim_historico
14005,37.8112483,-5.0194742,centroide_nominatim_historico
14006,38.4123556,-4.8976316,centroide_nominatim_historico
14007,37.6173035,-4.324371,centroide_nominatim_historico
14008,38.575186,-5.1669539,centroide_nominatim_historico
14009,38.272413,-5.2078919,centroide_nominatim_historico
14010,37.2671843,-4.540364,centroide_nominatim_historico
14011,38.4073597,-5.4401208,centroide_nominatim_historico
14012,37.8950265,-4.3810054,centroide_nominatim_historico
14013,37.4718153,-4.4335616,centroide_nominatim_historico
14014,37.8666708,-4.3184903,centroide_nominatim_historico
14015,37.4438237,-4.2740867,centroide_nominatim_historico
14016,38.2703085,-4.3227324,centroide_nominatim_historico
14017,37.6746159,-4.9325335,centroide_nominatim_historico
14018,37.9415445,-4.4940255,centroide_nominatim_historico
14019,37.6911602,-4.4826954,centroide_nominatim_historico
14020,38.4080934,-4.5006552,centroide_nominatim_historico
14021,37.8845813,-4.7760138,centroide_nominatim_historico
14022,37.5545719,-4.3573672,centroide_nominatim_historico
14023,38.4442332,-4.8956511,centroide_nominatim_historico
14024,37.2745773,-4.4887626,centroide_nominatim_historico
14025,37.678932,-4.5537827,centroide_nominatim_historico
14026,38.1885533,-5.0189717,centroide_nominatim_historico
14027,37.669931,-4.7253088,centroide_nominatim_historico
14028,38.4224339,-5.0482099,centroide_nominatim_historico
14029,38.2667683,-5.4197812,centroide_nominatim_historico
14030,37.7049553,-5.099948,centroide_nominatim_historico
14031,37.5107434,-4.145896,centroide_nominatim_historico
14032,38.3706149,-5.3516486,centroide_nominatim_historico
14033,37.7578517,-4.9441631,centroide_nominatim_historico
14034,38.495977,-4.7831015,centroide_nominatim_historico
14035,38.5004402,-5.1479244,centroide_nominatim_historico
14036,37.8341341,-5.2490384,centroide_nominatim_historico
14037,37.2572511,-4.3077099,centroide_nominatim_historico
14038,37.4091334,-4.4860128,centroide_nominatim_historico
14039,37.5586671,-4.2786296,centroide_nominatim_historico
14040,37.5814618,-4.7496714,centroide_nominatim_historico
14041,37.6484171,-4.6983093,centroide_nominatim_historico
14042,37.5811178,-4.6414726,centroide_nominatim_historico
14043,38.0215633,-4.3827296,centroide_nominatim_historico
14044,37.473299,-4.5814876,centroide_nominatim_historico
14045,37.4353584,-4.6095901,centroide_nominatim_historico
14046,37.5859799,-4.4677573,centroide_nominatim_historico
14047,38.1325555,-4.8000174,centroide_nominatim_historico
14048,37.2486227,-4.5825794,centroide_nominatim_historico
14049,37.6949622,-5.2804262,centroide_nominatim_historico
14050,37.9662785,-4.45529,centroide_nominatim_historico
14051,38.4275719,-4.7629857,centroide_nominatim_historico
14052,38.3026178,-5.2714828,centroide_nominatim_historico
14053,37.8017289,-5.107031,centroide_nominatim_historico
14054,38.3780204,-4.848573,centroide_nominatim_historico
14055,37.4384292,-4.1980422,centroide_nominatim_historico
14056,37.387395,-4.7716241,centroide_nominatim_historico
14057,37.6076108,-4.7398584,centroide_nominatim_historico
14058,37.3253037,-4.3699771,centroide_nominatim_historico
14059,37.6535266,-4.8240997,centroide_nominatim_historico
14060,37.561297,-4.8425505,centroide_nominatim_historico
14061,38.5966427,-4.9041947,centroide_nominatim_historico
14062,38.4744653,-4.6773881,centroide_nominatim_historico
14063,37.7751808,-4.220174,centroide_nominatim_historico
14064,38.4049294,-5.3517078,centroide_nominatim_historico
14065,37.6813142,-4.8531883,centroide_nominatim_historico
14066,37.980817,-4.2916403,centroide_nominatim_historico
14067,37.9623001,-4.5459147,centroide_nominatim_historico
14068,38.1400552,-4.9037865,centroide_nominatim_historico
14069,38.3230235,-4.6279655,centroide_nominatim_historico
14070,38.3932039,-4.9995818,centroide_nominatim_historico
14071,38.1982093,-5.1526791,centroide_nominatim_historico
14072,38.4549605,-4.9845849,centroide_nominatim_historico
14073,38.0756277,-5.0146332,centroide_nominatim_historico
14074,38.4832661,-4.9554413,centroide_nominatim_historico
14075,37.543409,-4.314876,centroide_nominatim_historico
15001,43.2273169,-8.2887175,centroide_nominatim_historico
15002,42.8907625,-8.6722375,centroide_nominatim_historico
15003,43.2230734,-8.0124434,centroide_nominatim_historico
15004,43.4263299,-8.2440387,centroide_nominatim_historico
15005,43.3045943,-8.508275,centroide_nominatim_historico
15006,42.9279921,-8.1605667,centroide_nominatim_historico
15007,42.96155,-8.7534844,centroide_nominatim_historico
15008,43.312425,-8.2470197,centroide_nominatim_historico
15009,43.279239,-8.2105792,centroide_nominatim_historico
15010,43.012561,-8.1387648,centroide_nominatim_historico
15011,42.6462941,-8.8858718,centroide_nominatim_historico
15012,42.8329263,-8.4432792,centroide_nominatim_historico
15013,42.8548393,-8.7444082,centroide_nominatim_historico
15014,43.1898484,-8.9142226,centroide_nominatim_historico
15015,43.4186891,-8.1609242,centroide_nominatim_historico
15016,43.1310578,-9.1825585,centroide_nominatim_historico
15017,43.2923291,-8.3444415,centroide_nominatim_historico
15018,43.4420677,-8.0434005,centroide_nominatim_historico
15019,43.2134123,-8.6891286,centroide_nominatim_historico
15020,42.821959,-9.0878032,centroide_nominatim_historico
15021,43.2297016,-8.3558882,centroide_nominatim_historico
15022,43.6602391,-8.0546995,centroide_nominatim_historico
15023,42.9575581,-9.1917202,centroide_nominatim_historico
15024,43.1626367,-8.5034757,centroide_nominatim_historico
15025,43.6042952,-7.9654062,centroide_nominatim_historico
15027,43.2461745,-8.1471228,centroide_nominatim_historico
15028,42.9444958,-9.1942141,centroide_nominatim_historico
15029,43.163483,-8.7581487,centroide_nominatim_historico
15030,42.8814573,-8.5459201,centroide_nominatim_historico
15031,43.2884816,-8.3894589,centroide_nominatim_historico
15032,43.1269872,-8.1432398,centroide_nominatim_historico
15033,42.7213024,-8.7203857,centroide_nominatim_historico
15034,43.0104042,-9.1179528,centroide_nominatim_historico
15035,43.473674,-8.1625614,centroide_nominatim_historico
15036,43.4845713,-8.2329968,centroide_nominatim_historico
15037,42.9064771,-9.263789,centroide_nominatim_historico
15038,43.0494377,-8.2837139,centroide_nominatim_historico
15039,43.2877953,-8.0491191,centroide_nominatim_historico
15040,43.2219125,-9.0059393,centroide_nominatim_historico
15041,43.2484663,-8.5816182,centroide_nominatim_historico
15042,42.7733607,-8.8329571,centroide_nominatim_historico
15043,43.2984389,-8.8247606,centroide_nominatim_historico
15044,43.6696235,-7.7250321,centroide_nominatim_historico
15045,42.92795,-8.9941429,centroide_nominatim_historico
15046,42.9145741,-8.0136139,centroide_nominatim_historico
15047,43.0886943,-8.2156017,centroide_nominatim_historico
15048,43.3578653,-8.1792627,centroide_nominatim_historico
15049,43.5621201,-7.971905,centroide_nominatim_historico
15051,43.4618239,-8.2571246,centroide_nominatim_historico
15052,43.1071193,-9.2181926,centroide_nominatim_historico
15053,42.7744106,-9.0575351,centroide_nominatim_historico
15054,43.5010981,-8.1923091,centroide_nominatim_historico
15055,43.5002779,-8.1582467,centroide_nominatim_historico
15056,42.9109711,-8.7349564,centroide_nominatim_historico
15057,42.7850763,-8.8877375,centroide_nominatim_historico
15059,43.076756,-8.407816,centroide_nominatim_historico
15060,43.0000895,-8.379909,centroide_nominatim_historico
15061,43.6843141,-7.8543679,centroide_nominatim_historico
15062,42.8455717,-8.9140816,centroide_nominatim_historico
15064,43.2961787,-8.1562189,centroide_nominatim_historico
15065,42.7390228,-8.6602504,centroide_nominatim_historico
15066,42.9356314,-8.3326529,centroide_nominatim_historico
15067,42.6046249,-8.9402045,centroide_nominatim_historico
15068,43.2428181,-8.9005051,centroide_nominatim_historico
15069,43.4072585,-8.1718823,centroide_nominatim_historico
15070,43.438943,-7.863266,centroide_nominatim_historico
15071,43.3560593,-8.4050559,centroide_nominatim_historico
15072,42.6488711,-8.8173676,centroide_nominatim_historico
15075,43.3515799,-8.2534683,centroide_nominatim_historico
15076,43.5310797,-8.0531845,centroide_nominatim_historico
15077,43.0339953,-8.8066593,centroide_nominatim_historico
15081,43.5274722,-7.9215955,centroide_nominatim_historico
15082,42.7936431,-8.5507166,centroide_nominatim_historico
15083,42.9692524,-7.955717,centroide_nominatim_historico
15084,43.0871726,-8.5471339,centroide_nominatim_historico
15085,42.8606882,-8.3097928,centroide_nominatim_historico
15088,43.0234693,-8.6578307,centroide_nominatim_historico
15091,43.3550745,-8.1386449,centroide_nominatim_historico
15092,43.1102989,-9.0327488,centroide_nominatim_historico
15093,43.0975071,-8.9165734,centroide_nominatim_historico
15901,43.7412174,-7.8698084,centroide_nominatim_historico
15902,43.1931322,-8.1812707,centroide_nominatim_historico
16001,40.0186019,-2.394852,centroide_nominatim_historico
16002,39.9083265,-2.9839914,centroide_nominatim_historico
16003,39.5462409,-2.0867234,centroide_nominatim_historico
16004,39.8076114,-2.2277885,centroide_nominatim_historico
16005,40.3661898,-2.2771179,centroide_nominatim_historico
16006,40.4877452,-2.4174915,centroide_nominatim_historico
16007,39.5131757,-2.4901565,centroide_nominatim_historico
16008,40.0271894,-1.524851,centroide_nominatim_historico
16009,40.5484371,-2.3322481,centroide_nominatim_historico
16010,40.0624404,-2.8073809,centroide_nominatim_historico
16011,40.4173874,-2.614855,centroide_nominatim_historico
16012,39.719603,-2.5740529,centroide_nominatim_historico
16013,40.0016616,-1.43573,centroide_nominatim_historico
16014,39.7407714,-1.3239912,centroide_nominatim_historico
16015,39.6860407,-2.3792038,centroide_nominatim_historico
16016,39.9209017,-2.8846669,centroide_nominatim_historico
16017,39.72563,-1.9017443,centroide_nominatim_historico
16018,39.822857,-2.7681298,centroide_nominatim_historico
16019,39.912994,-2.3555362,centroide_nominatim_historico
16020,40.5107566,-2.3842697,centroide_nominatim_historico
16022,40.3467558,-2.1131138,centroide_nominatim_historico
16023,40.1047007,-2.2210894,centroide_nominatim_historico
16024,39.8323266,-1.821017,centroide_nominatim_historico
16025,40.3037374,-2.3590462,centroide_nominatim_historico
16026,39.518015,-2.2521232,centroide_nominatim_historico
16027,40.1234578,-2.9168828,centroide_nominatim_historico
16029,39.6636596,-2.0684645,centroide_nominatim_historico
16030,40.213616,-2.2280069,centroide_nominatim_historico
16031,40.1863409,-1.8293402,centroide_nominatim_historico
16032,40.0483697,-3.0579594,centroide_nominatim_historico
16033,39.5592831,-2.7038117,centroide_nominatim_historico
16034,39.8228067,-2.3442851,centroide_nominatim_historico
16035,40.572657,-2.0759798,centroide_nominatim_historico
16036,39.9854852,-1.6241784,centroide_nominatim_historico
16038,40.336223,-2.461798,centroide_nominatim_historico
16039,39.657732,-2.1592025,centroide_nominatim_historico
16040,40.1346928,-2.0007632,centroide_nominatim_historico
16041,40.3672413,-2.7573386,centroide_nominatim_historico
16042,39.611263,-1.7928416,centroide_nominatim_historico
16043,39.9734066,-1.5465215,centroide_nominatim_historico
16044,40.1008009,-1.6966379,centroide_nominatim_historico
16045,40.3688671,-2.4946248,centroide_nominatim_historico
16046,39.9691054,-1.9004676,centroide_nominatim_historico
16047,39.5494101,-2.2513925,centroide_nominatim_historico
16048,40.4521589,-2.2393419,centroide_nominatim_historico
16049,39.5429504,-2.3028402,centroide_nominatim_historico
16050,40.3599356,-2.3963157,centroide_nominatim_historico
16051,40.400328,-2.6368691,centroide_nominatim_historico
16052,40.0423045,-1.6480255,centroide_nominatim_historico
16053,40.5186403,-2.1913136,centroide_nominatim_historico
16055,39.8995669,-1.8115281,centroide_nominatim_historico
16056,39.7661577,-1.6886942,centroide_nominatim_historico
16057,40.5908678,-2.1629716,centroide_nominatim_historico
16058,39.5972679,-2.5411354,centroide_nominatim_historico
16060,39.3625621,-2.1296318,centroide_nominatim_historico
16061,39.3485644,-2.3233662,centroide_nominatim_historico
16062,39.9977629,-1.4183301,centroide_nominatim_historico
16063,39.3458137,-2.1641211,centroide_nominatim_historico
16064,39.3250186,-2.2710778,centroide_nominatim_historico
16065,39.3335028,-2.3703374,centroide_nominatim_historico
16066,39.3946426,-2.0385536,centroide_nominatim_historico
16067,40.3817975,-2.5212898,centroide_nominatim_historico
16068,39.5261811,-1.7620353,centroide_nominatim_historico
16070,40.3752299,-2.1405708,centroide_nominatim_historico
16071,40.2991751,-2.3929946,centroide_nominatim_historico
16072,39.6601688,-2.3812386,centroide_nominatim_historico
16073,39.7833137,-2.4205283,centroide_nominatim_historico
16074,40.0564088,-1.8512278,centroide_nominatim_historico
16078,40.0661031,-2.1313528,centroide_nominatim_historico
16079,40.5828632,-2.0359702,centroide_nominatim_historico
16081,39.7711484,-2.0322704,centroide_nominatim_historico
16082,39.6737312,-1.6062756,centroide_nominatim_historico
16083,39.9263108,-2.3158007,centroide_nominatim_historico
16084,40.3914583,-2.141628,centroide_nominatim_historico
16085,40.4010484,-2.2170389,centroide_nominatim_historico
16086,39.922986,-3.0115776,centroide_nominatim_historico
16087,39.6886394,-2.6690603,centroide_nominatim_historico
16088,39.9204894,-1.4707807,centroide_nominatim_historico
16089,39.9503682,-2.0210007,centroide_nominatim_historico
16091,40.4756419,-2.1765193,centroide_nominatim_historico
16092,39.6261519,-1.9449722,centroide_nominatim_historico
16093,39.8144683,-1.3763652,centroide_nominatim_historico
16094,40.2996206,-2.5187048,centroide_nominatim_historico
16095,39.8990692,-1.2714106,centroide_nominatim_historico
16096,39.5173927,-1.6706163,centroide_nominatim_historico
16097,39.8647342,-1.4863539,centroide_nominatim_historico
16098,39.4014917,-1.6232149,centroide_nominatim_historico
16099,39.7283084,-2.4151193,centroide_nominatim_historico
16100,39.6044249,-2.8261235,centroide_nominatim_historico
16101,39.8589283,-2.7150172,centroide_nominatim_historico
16102,39.613532,-2.2807538,centroide_nominatim_historico
16103,39.7158522,-2.8349384,centroide_nominatim_historico
16104,39.6927948,-2.1868921,centroide_nominatim_historico
16106,39.8421603,-2.9973736,centroide_nominatim_historico
16107,40.2766202,-1.8098341,centroide_nominatim_historico
16108,40.0425092,-2.8844157,centroide_nominatim_historico
16109,40.04053,-1.608876,centroide_nominatim_historico
16110,39.9887886,-2.4794322,centroide_nominatim_historico
16111,40.1457469,-1.686626,centroide_nominatim_historico
16112,40.143961,-2.6912644,centroide_nominatim_historico
16113,39.444555,-1.7487477,centroide_nominatim_historico
16115,40.1776385,-1.6715429,centroide_nominatim_historico
16116,40.5313816,-2.0190418,centroide_nominatim_historico
16117,39.9075815,-1.3688998,centroide_nominatim_historico
16118,39.3561864,-1.715765,centroide_nominatim_historico
16119,40.1648319,-2.9503566,centroide_nominatim_historico
16121,40.2975717,-2.0224378,centroide_nominatim_historico
16122,40.1664999,-2.1450678,centroide_nominatim_historico
16123,40.5464824,-2.0257693,centroide_nominatim_historico
16124,39.3879951,-2.7645235,centroide_nominatim_historico
16125,39.5346608,-1.5948472,centroide_nominatim_historico
16126,39.7210593,-1.4395226,centroide_nominatim_historico
16128,39.5690417,-2.7602557,centroide_nominatim_historico
16129,39.7340388,-2.4988339,centroide_nominatim_historico
16130,39.8790694,-2.6711349,centroide_nominatim_historico
16131,39.8046672,-1.8999698,centroide_nominatim_historico
16132,39.8816032,-2.3098706,centroide_nominatim_historico
16133,39.5009343,-2.8711089,centroide_nominatim_historico
16134,39.5633334,-1.9114547,centroide_nominatim_historico
16135,39.9479049,-1.366237,centroide_nominatim_historico
16137,39.7515826,-1.4744993,centroide_nominatim_historico
16139,39.7602942,-2.354393,centroide_nominatim_historico
16140,40.31128,-2.476545,centroide_nominatim_historico
16141,39.8081313,-2.0828653,centroide_nominatim_historico
16142,39.6140029,-2.1037923,centroide_nominatim_historico
16143,40.3025307,-2.4188699,centroide_nominatim_historico
16145,39.6611803,-2.7600609,centroide_nominatim_historico
16146,39.9578209,-1.7832678,centroide_nominatim_historico
16147,39.9462593,-1.7342922,centroide_nominatim_historico
16148,39.9458419,-2.598374,centroide_nominatim_historico
16149,40.067254,-2.0482866,centroide_nominatim_historico
16150,39.7178176,-1.7879705,centroide_nominatim_historico
16151,40.0659163,-2.8544122,centroide_nominatim_historico
16153,39.485595,-2.7463452,centroide_nominatim_historico
16154,39.449747,-2.6729813,centroide_nominatim_historico
16155,39.4989794,-1.8982021,centroide_nominatim_historico
16156,40.2354319,-2.5556501,centroide_nominatim_historico
16157,39.5720418,-1.5852092,centroide_nominatim_historico
16158,39.4473473,-2.0893642,centroide_nominatim_historico
16159,39.6161178,-2.4258982,centroide_nominatim_historico
16160,40.0855943,-2.5438748,centroide_nominatim_historico
16161,39.7206359,-2.0825145,centroide_nominatim_historico
16162,40.2721375,-2.6043122,centroide_nominatim_historico
16163,40.2891053,-2.0828367,centroide_nominatim_historico
16165,40.4228412,-2.0492767,centroide_nominatim_historico
16166,39.3673668,-2.1963828,centroide_nominatim_historico
16167,39.8164243,-2.9499721,centroide_nominatim_historico
16169,40.6201881,-2.2772876,centroide_nominatim_historico
16170,40.449201,-2.3134558,centroide_nominatim_historico
16171,39.3759068,-2.5725648,centroide_nominatim_historico
16172,39.7851172,-2.8133541,centroide_nominatim_historico
16173,40.2252925,-2.7599282,centroide_nominatim_historico
16174,39.5651668,-1.674717,centroide_nominatim_historico
16175,39.3426472,-1.9291582,centroide_nominatim_historico
16176,39.5693066,-2.6205352,centroide_nominatim_historico
16177,39.9052464,-1.8723906,centroide_nominatim_historico
16181,39.9908714,-2.8052532,centroide_nominatim_historico
16185,40.1545669,-2.8534818,centroide_nominatim_historico
16186,39.9207771,-2.8045626,centroide_nominatim_historico
16187,40.0888092,-1.5536527,centroide_nominatim_historico
16188,40.5024229,-2.51518,centroide_nominatim_historico
16189,40.0984878,-1.5020884,centroide_nominatim_historico
16190,39.4034745,-2.4281278,centroide_nominatim_historico
16191,39.8502261,-2.359628,centroide_nominatim_historico
16192,39.8865394,-1.5737828,centroide_nominatim_historico
16193,40.4298294,-2.4052384,centroide_nominatim_historico
16194,39.9559022,-1.2559322,centroide_nominatim_historico
16195,39.5585834,-2.4231351,centroide_nominatim_historico
16196,39.4899136,-2.8112823,centroide_nominatim_historico
16197,40.5040264,-2.0417378,centroide_nominatim_historico
16198,39.4075687,-2.2028088,centroide_nominatim_historico
16199,39.7493161,-1.9768851,centroide_nominatim_historico
16202,39.8493565,-1.2837214,centroide_nominatim_historico
16203,40.0086075,-3.0102243,centroide_nominatim_historico
16204,39.4974411,-2.1655023,centroide_nominatim_historico
16205,40.1401359,-1.6347259,centroide_nominatim_historico
16206,40.3258732,-2.5812709,centroide_nominatim_historico
16209,40.3033395,-2.2852197,centroide_nominatim_historico
16211,40.008647,-2.573366,centroide_nominatim_historico
16212,39.8962421,-2.9614603,centroide_nominatim_historico
16213,39.6585198,-2.311664,centroide_nominatim_historico
16215,40.3502278,-1.8510429,centroide_nominatim_historico
16216,39.7001027,-2.7552616,centroide_nominatim_historico
16217,39.9724076,-2.8981469,centroide_nominatim_historico
16218,39.9804328,-2.8615799,centroide_nominatim_historico
16219,40.2231089,-1.977556,centroide_nominatim_historico
16224,40.2241115,-1.7433762,centroide_nominatim_historico
16225,40.0391444,-1.7804077,centroide_nominatim_historico
16227,40.1009872,-1.7670594,centroide_nominatim_historico
16228,40.5054831,-2.4459413,centroide_nominatim_historico
16231,39.5524313,-2.0164684,centroide_nominatim_historico
16234,40.6173995,-2.0930014,centroide_nominatim_historico
16236,39.7197483,-2.2211991,centroide_nominatim_historico
16237,39.6159822,-2.0238438,centroide_nominatim_historico
16238,39.427408,-2.2926689,centroide_nominatim_historico
16239,40.433242,-1.9288045,centroide_nominatim_historico
16240,40.1293719,-2.8142136,centroide_nominatim_historico
16242,40.4010532,-2.3180646,centroide_nominatim_historico
16243,39.5971303,-2.6740201,centroide_nominatim_historico
16244,39.3265485,-1.8470496,centroide_nominatim_historico
16245,40.2356037,-2.0892952,centroide_nominatim_historico
16246,40.3445737,-2.6397251,centroide_nominatim_historico
16247,39.6822592,-2.5088883,centroide_nominatim_historico
16248,39.4719685,-1.6245716,centroide_nominatim_historico
16249,39.7286889,-2.9270441,centroide_nominatim_historico
16250,40.2244737,-2.5056232,centroide_nominatim_historico
16251,39.4399258,-1.9535483,centroide_nominatim_historico
16253,39.7770883,-2.5629736,centroide_nominatim_historico
16254,40.2382298,-2.2930526,centroide_nominatim_historico
16255,39.6367049,-2.5223557,centroide_nominatim_historico
16258,39.8717006,-1.6272847,centroide_nominatim_historico
16259,40.4555118,-2.4791511,centroide_nominatim_historico
16263,40.0148219,-2.1962859,centroide_nominatim_historico
16264,39.7886288,-2.695127,centroide_nominatim_historico
16265,40.0878631,-2.4098217,centroide_nominatim_historico
16266,39.8712018,-2.4409916,centroide_nominatim_historico
16269,39.8405925,-2.5052703,centroide_nominatim_historico
16270,39.9449175,-2.893322,centroide_nominatim_historico
16271,39.440988,-1.6510932,centroide_nominatim_historico
16272,40.2047493,-2.4315745,centroide_nominatim_historico
16273,39.7702019,-2.2643607,centroide_nominatim_historico
16274,39.7535043,-1.5873076,centroide_nominatim_historico
16275,40.5870515,-2.3807498,centroide_nominatim_historico
16276,39.7628988,-1.7224387,centroide_nominatim_historico
16277,39.892017,-2.5579885,centroide_nominatim_historico
16278,40.1945017,-1.6183696,centroide_nominatim_historico
16279,40.0178829,-3.1304586,centroide_nominatim_historico
16280,40.2560862,-2.1289674,centroide_nominatim_historico
16901,40.015789,-2.7029123,centroide_nominatim_historico
16902,39.9292137,-2.177981,centroide_nominatim_historico
16903,39.7941492,-2.1456638,centroide_nominatim_historico
16904,40.1362565,-2.3225856,centroide_nominatim_historico
16905,39.9886574,-2.1147528,centroide_nominatim_historico
16906,40.1082001,-2.466396,centroide_nominatim_historico
16908,39.4775994,-2.0391852,centroide_nominatim_historico
16909,40.2801186,-2.2069651,centroide_nominatim_historico
16910,40.1399019,-2.4161551,centroide_nominatim_historico
17001,42.3938409,2.8469168,centroide_nominatim_historico
17002,41.9382389,2.7624155,centroide_nominatim_historico
17003,42.3046915,2.7193001,centroide_nominatim_historico
17004,42.1058271,3.0849746,centroide_nominatim_historico
17005,42.250379,3.0055194,centroide_nominatim_historico
17006,42.3736381,1.8871916,centroide_nominatim_historico
17007,42.0092186,2.6030327,centroide_nominatim_historico
17008,41.9559224,2.6359493,centroide_nominatim_historico
17009,41.8160629,2.5141453,centroide_nominatim_historico
17010,42.2145207,2.6414922,centroide_nominatim_historico
17011,42.1718706,3.0741446,centroide_nominatim_historico
17012,42.2499757,2.9145442,centroide_nominatim_historico
17013,41.9541918,3.2088349,centroide_nominatim_historico
17014,42.4039078,2.800086,centroide_nominatim_historico
17015,42.1180477,2.7653607,centroide_nominatim_historico
17016,42.1591723,2.9092786,centroide_nominatim_historico
17018,42.0810857,3.0944347,centroide_nominatim_historico
17019,42.1986443,2.6959559,centroide_nominatim_historico
17020,41.9670349,2.7389937,centroide_nominatim_historico
17021,42.2372601,2.7097379,centroide_nominatim_historico
17022,41.9295363,3.036196,centroide_nominatim_historico
17023,41.6756178,2.7932391,centroide_nominatim_historico
17024,42.417885,1.8798183,centroide_nominatim_historico
17025,42.0440682,2.9116018,centroide_nominatim_historico
17026,42.2224982,2.9268828,centroide_nominatim_historico
17027,41.7484044,2.5613326,centroide_nominatim_historico
17028,41.9049114,2.6839536,centroide_nominatim_historico
17029,42.3305346,2.8572023,centroide_nominatim_historico
17030,42.3087348,2.9764243,centroide_nominatim_historico
17031,42.2302177,2.8187019,centroide_nominatim_historico
17032,42.2893484,3.2752159,centroide_nominatim_historico
17033,41.839282,2.8097485,centroide_nominatim_historico
17034,41.8621762,3.0660825,centroide_nominatim_historico
17035,42.0939665,2.7673592,centroide_nominatim_historico
17036,42.2230582,2.1680717,centroide_nominatim_historico
17037,42.2946353,2.1405635,centroide_nominatim_historico
17038,41.8948831,2.8309625,centroide_nominatim_historico
17039,42.3127896,2.364926,centroide_nominatim_historico
17040,42.0332009,2.7377666,centroide_nominatim_historico
17041,42.4235685,2.9248575,centroide_nominatim_historico
17042,42.3725028,2.9209753,centroide_nominatim_historico
17043,42.3495722,2.1632838,centroide_nominatim_historico
17044,41.8874685,2.8742461,centroide_nominatim_historico
17046,42.2193323,2.5512465,centroide_nominatim_historico
17047,42.2591074,3.0746425,centroide_nominatim_historico
17048,41.8186325,3.0451272,centroide_nominatim_historico
17049,42.0247111,2.8789816,centroide_nominatim_historico
17050,42.0676956,2.9122136,centroide_nominatim_historico
17051,42.268711,2.8472717,centroide_nominatim_historico
17052,42.2095097,2.9940216,centroide_nominatim_historico
17054,42.4036867,3.1489254,centroide_nominatim_historico
17055,42.0841561,2.9870811,centroide_nominatim_historico
17056,42.0898363,2.8157343,centroide_nominatim_historico
17057,41.9893624,3.0170799,centroide_nominatim_historico
17058,42.1877796,2.7982926,centroide_nominatim_historico
17060,42.3665352,2.8337409,centroide_nominatim_historico
17061,42.3636176,1.8713459,centroide_nominatim_historico
17062,42.113535,3.1387422,centroide_nominatim_historico
17064,42.3893146,2.9994355,centroide_nominatim_historico
17065,42.1773757,2.7955223,centroide_nominatim_historico
17066,42.2666314,2.9638434,centroide_nominatim_historico
17067,42.0456854,2.9569565,centroide_nominatim_historico
17068,42.0388268,2.9973628,centroide_nominatim_historico
17069,42.3840589,1.9118567,centroide_nominatim_historico
17070,42.0111362,3.1065584,centroide_nominatim_historico
17071,42.1425379,2.7897817,centroide_nominatim_historico
17073,41.9319675,2.8090343,centroide_nominatim_historico
17074,42.2424345,3.0404198,centroide_nominatim_historico
17075,42.1929222,2.9539294,centroide_nominatim_historico
17076,42.1071682,3.030074,centroide_nominatim_historico
17078,42.4115726,1.8472085,centroide_nominatim_historico
17079,41.9793006,2.8199439,centroide_nominatim_historico
17080,42.2484304,2.0905975,centroide_nominatim_historico
17081,42.029638,3.1037954,centroide_nominatim_historico
17082,42.4479402,1.879737,centroide_nominatim_historico
17083,41.7451889,2.6330963,centroide_nominatim_historico
17084,42.3781028,1.8175789,centroide_nominatim_historico
17085,42.0726347,3.0107448,centroide_nominatim_historico
17086,42.4207991,2.8728485,centroide_nominatim_historico
17087,42.0172969,2.9067184,centroide_nominatim_historico
17088,42.2478898,2.8120781,centroide_nominatim_historico
17089,41.8289064,2.8920386,centroide_nominatim_historico
17090,41.9204519,2.8540402,centroide_nominatim_historico
17091,42.3207265,2.344001,centroide_nominatim_historico
17092,42.3617316,3.1511804,centroide_nominatim_historico
17093,42.2956869,2.9114592,centroide_nominatim_historico
17094,42.4640786,1.9804293,centroide_nominatim_historico
17095,41.6973503,2.8392392,centroide_nominatim_historico
17096,42.1506279,2.1166718,centroide_nominatim_historico
17097,41.9900799,2.9568764,centroide_nominatim_historico
17098,42.2221769,2.7431144,centroide_nominatim_historico
17099,42.4460663,1.7870102,centroide_nominatim_historico
17100,42.3509939,2.9723618,centroide_nominatim_historico
17101,41.7654696,2.6528719,centroide_nominatim_historico
17102,42.3861179,2.7485579,centroide_nominatim_historico
17103,41.7774422,2.7309252,centroide_nominatim_historico
17105,42.1244124,2.6401122,centroide_nominatim_historico
17106,42.3595501,2.9999085,centroide_nominatim_historico
17107,42.3485369,2.4043962,centroide_nominatim_historico
17109,42.2309257,2.5967415,centroide_nominatim_historico
17110,41.9080196,3.144796,centroide_nominatim_historico
17111,42.2248425,2.8584815,centroide_nominatim_historico
17112,42.2656267,2.2777794,centroide_nominatim_historico
17114,42.1822177,2.4890211,centroide_nominatim_historico
17115,42.2185591,2.9072143,centroide_nominatim_historico
17116,41.9451025,2.5569285,centroide_nominatim_historico
17117,41.9183618,3.1619905,centroide_nominatim_historico
17118,41.8495354,3.1278785,centroide_nominatim_historico
17119,42.1734468,2.9646635,centroide_nominatim_historico
17120,42.3076083,3.146611,centroide_nominatim_historico
17121,41.9897891,3.1103856,centroide_nominatim_historico
17123,42.0694953,2.7958985,centroide_nominatim_historico
17124,41.9709891,3.1460371,centroide_nominatim_historico
17125,42.312731,2.2139864,centroide_nominatim_historico
17126,42.022591,3.0304741,centroide_nominatim_historico
17128,42.3161009,3.1161931,centroide_nominatim_historico
17129,42.3078129,3.0706399,centroide_nominatim_historico
17130,42.0205464,2.9736244,centroide_nominatim_historico
17132,42.3085047,3.0089916,centroide_nominatim_historico
17133,42.0565983,2.5384283,centroide_nominatim_historico
17134,42.3148273,2.1029743,centroide_nominatim_historico
17135,42.3148493,2.9304359,centroide_nominatim_historico
17136,42.1858949,2.9172363,centroide_nominatim_historico
17137,42.1226823,2.7254945,centroide_nominatim_historico
17138,42.4274333,3.1588785,centroide_nominatim_historico
17139,42.1450901,2.4592158,centroide_nominatim_historico
17140,42.3373159,3.2047232,centroide_nominatim_historico
17141,42.4317966,1.9278693,centroide_nominatim_historico
17142,41.9401591,2.8413516,centroide_nominatim_historico
17143,42.3787458,3.0283472,centroide_nominatim_historico
17144,41.9523563,3.1687852,centroide_nominatim_historico
17145,42.3057283,2.167817,centroide_nominatim_historico
17146,41.7764308,2.5129067,centroide_nominatim_historico
17147,42.1982391,2.1932496,centroide_nominatim_historico
17148,41.8218536,2.7163817,centroide_nominatim_historico
17149,42.1887348,2.4093804,centroide_nominatim_historico
17150,41.8954981,2.8022296,centroide_nominatim_historico
17151,42.2269331,3.0420591,centroide_nominatim_historico
17152,42.2632018,3.1755328,centroide_nominatim_historico
17153,42.0207872,3.0105902,centroide_nominatim_historico
17154,42.2358533,2.6499657,centroide_nominatim_historico
17155,41.9741672,2.7949886,centroide_nominatim_historico
17158,42.3693761,2.9802226,centroide_nominatim_historico
17159,41.7913017,2.5861463,centroide_nominatim_historico
17160,41.7838827,3.0283195,centroide_nominatim_historico
17161,42.0758164,2.5078037,centroide_nominatim_historico
17162,42.1868577,2.6783028,centroide_nominatim_historico
17163,41.9910304,2.7564765,centroide_nominatim_historico
17164,41.8780822,2.5131751,centroide_nominatim_historico
17165,42.2119833,2.6074259,centroide_nominatim_historico
17166,42.0714043,2.9522691,centroide_nominatim_historico
17167,42.233743,2.2854845,centroide_nominatim_historico
17168,42.0442275,2.941985,centroide_nominatim_historico
17169,42.0346552,2.8394572,centroide_nominatim_historico
17170,42.1963139,2.3036247,centroide_nominatim_historico
17171,42.3199618,2.7888647,centroide_nominatim_historico
17172,42.0364324,2.6475329,centroide_nominatim_historico
17173,42.0196093,2.9311901,centroide_nominatim_historico
17174,42.135899,2.6790781,centroide_nominatim_historico
17175,42.1732143,2.9904591,centroide_nominatim_historico
17176,42.1559696,2.9896074,centroide_nominatim_historico
17177,42.2633408,2.366055,centroide_nominatim_historico
17178,42.1899836,3.0837479,centroide_nominatim_historico
17180,41.8603109,2.6659047,centroide_nominatim_historico
17181,41.813979,2.9974879,centroide_nominatim_historico
17182,42.2333519,2.9523456,centroide_nominatim_historico
17183,42.0694432,2.6084554,centroide_nominatim_historico
17184,42.1442606,2.571379,centroide_nominatim_historico
17185,42.2132951,2.5134302,centroide_nominatim_historico
17186,42.0141923,2.8175976,centroide_nominatim_historico
17187,42.1319421,2.979009,centroide_nominatim_historico
17189,41.9707085,2.6250946,centroide_nominatim_historico
17190,42.1687245,2.7448646,centroide_nominatim_historico
17191,42.028087,3.0728658,centroide_nominatim_historico
17192,42.375331,2.3016103,centroide_nominatim_historico
17193,41.8098347,2.743055,centroide_nominatim_historico
17194,41.9983697,2.5131351,centroide_nominatim_historico
17195,42.0533393,3.0690254,centroide_nominatim_historico
17196,42.3106341,2.8381619,centroide_nominatim_historico
17197,41.9515047,3.1267566,centroide_nominatim_historico
17198,42.174492,3.0402489,centroide_nominatim_historico
17199,42.040982,3.1262041,centroide_nominatim_historico
17200,42.233331,2.630869,centroide_nominatim_historico
17201,42.3218595,2.0168227,centroide_nominatim_historico
17202,41.7197773,2.9312155,centroide_nominatim_historico
17203,42.037127,3.0349373,centroide_nominatim_historico
17204,42.0500542,3.1073899,centroide_nominatim_historico
17205,42.0008975,3.0689759,centroide_nominatim_historico
17206,42.3520412,1.8534065,centroide_nominatim_historico
17207,42.1334,2.4423377,centroide_nominatim_historico
17208,42.2415208,2.4326305,centroide_nominatim_historico
17209,41.8792987,3.1263403,centroide_nominatim_historico
17210,42.1491351,3.0268953,centroide_nominatim_historico
17211,42.0638953,3.0466102,centroide_nominatim_historico
17212,42.1228239,2.3106778,centroide_nominatim_historico
17213,41.7888681,2.7792768,centroide_nominatim_historico
17214,42.2826972,2.9814591,centroide_nominatim_historico
17215,41.9569396,2.7728439,centroide_nominatim_historico
17216,42.0951146,2.9294718,centroide_nominatim_historico
17217,42.1327669,3.0753648,centroide_nominatim_historico
17218,42.138644,2.8879149,centroide_nominatim_historico
17220,41.8483059,2.3906759,centroide_nominatim_historico
17221,42.2515266,2.9418008,centroide_nominatim_historico
17222,42.1437984,2.9550356,centroide_nominatim_historico
17223,42.3255898,3.0937345,centroide_nominatim_historico
17224,42.331497,2.3125292,centroide_nominatim_historico
17225,42.1965528,3.0571146,centroide_nominatim_historico
17226,42.2165982,2.9708293,centroide_nominatim_historico
17227,42.3743918,3.067464,centroide_nominatim_historico
17228,42.2544997,2.8897248,centroide_nominatim_historico
17230,42.2668061,3.0170438,centroide_nominatim_historico
17232,42.1043198,2.9918548,centroide_nominatim_historico
17233,41.8882291,2.7423246,centroide_nominatim_historico
17234,42.3380996,2.8949823,centroide_nominatim_historico
17901,41.9558251,3.0114014,centroide_nominatim_historico
17902,41.9405813,3.0817246,centroide_nominatim_historico
17903,41.9780037,2.6487993,centroide_nominatim_historico
18001,37.0303435,-3.8301109,centroide_nominatim_historico
18002,37.5816313,-3.2443845,centroide_nominatim_historico
18003,37.2306219,-3.6570779,centroide_nominatim_historico
18004,36.8281395,-3.2110576,centroide_nominatim_historico
18005,37.2270817,-3.1331968,centroide_nominatim_historico
18006,36.7913663,-3.2035944,centroide_nominatim_historico
18007,36.9286025,-3.6234882,centroide_nominatim_historico
18010,37.160375,-3.0715949,centroide_nominatim_historico
18011,37.2383551,-3.5663721,centroide_nominatim_historico
18012,37.325204,-4.1582073,centroide_nominatim_historico
18013,37.0028286,-3.9891096,centroide_nominatim_historico
18014,37.1078115,-3.6456986,centroide_nominatim_historico
18015,37.6079372,-3.1373775,centroide_nominatim_historico
18016,36.9024897,-3.2998251,centroide_nominatim_historico
18017,36.7328699,-3.68968,centroide_nominatim_historico
18018,37.1799558,-3.1159215,centroide_nominatim_historico
18020,36.9577036,-3.8944117,centroide_nominatim_historico
18021,37.1431197,-3.6277259,centroide_nominatim_historico
18022,37.2226964,-3.6865662,centroide_nominatim_historico
18023,37.4888637,-2.7709805,centroide_nominatim_historico
18024,37.2188678,-3.4807267,centroide_nominatim_historico
18025,37.2796225,-3.2058704,centroide_nominatim_historico
18027,37.35113,-3.1636896,centroide_nominatim_historico
18028,37.4317716,-3.6823181,centroide_nominatim_historico
18029,37.6084683,-2.6970148,centroide_nominatim_historico
18030,36.9751315,-3.1906736,centroide_nominatim_historico
18032,36.9488544,-3.3570047,centroide_nominatim_historico
18033,36.9378861,-3.2941218,centroide_nominatim_historico
18034,37.0599969,-3.9166908,centroide_nominatim_historico
18035,36.9462307,-3.1802705,centroide_nominatim_historico
18036,37.1342232,-3.5712824,centroide_nominatim_historico
18037,37.2733364,-3.6186074,centroide_nominatim_historico
18038,37.4813569,-3.616724,centroide_nominatim_historico
18039,37.4362471,-2.722409,centroide_nominatim_historico
18040,36.9264996,-3.4276847,centroide_nominatim_historico
18042,36.9613562,-3.3585582,centroide_nominatim_historico
18043,36.9229148,-3.4083624,centroide_nominatim_historico
18044,36.9313744,-3.2538159,centroide_nominatim_historico
18045,37.717227,-2.6425103,centroide_nominatim_historico
18046,37.7969475,-2.7814472,centroide_nominatim_historico
18047,37.1600004,-3.5390463,centroide_nominatim_historico
18048,37.1998748,-3.8105099,centroide_nominatim_historico
18049,37.2241755,-3.1610634,centroide_nominatim_historico
18050,37.2755727,-3.572149,centroide_nominatim_historico
18051,37.36901,-3.712395,centroide_nominatim_historico
18053,37.6539949,-2.7695935,centroide_nominatim_historico
18054,37.2870853,-3.2452634,centroide_nominatim_historico
18056,37.5835402,-2.5766049,centroide_nominatim_historico
18057,37.1535419,-3.6703193,centroide_nominatim_historico
18059,37.2014921,-3.7724726,centroide_nominatim_historico
18061,37.1312258,-3.8235177,centroide_nominatim_historico
18062,37.1478086,-3.646255,centroide_nominatim_historico
18063,37.3491909,-3.2933648,centroide_nominatim_historico
18064,37.5898117,-3.1029758,centroide_nominatim_historico
18065,37.4726794,-3.5521475,centroide_nominatim_historico
18066,37.3263415,-3.5946529,centroide_nominatim_historico
18067,37.3197784,-3.3326523,centroide_nominatim_historico
18068,37.0737362,-3.6010019,centroide_nominatim_historico
18069,37.178181,-2.9913966,centroide_nominatim_historico
18070,37.186106,-3.4836393,centroide_nominatim_historico
18071,36.9879333,-3.5663828,centroide_nominatim_historico
18072,37.0621708,-3.7611555,centroide_nominatim_historico
18074,37.1723754,-3.0362531,centroide_nominatim_historico
18076,37.4133515,-3.1737013,centroide_nominatim_historico
18078,37.5288858,-2.9072558,centroide_nominatim_historico
18079,37.2193966,-3.7833134,centroide_nominatim_historico
18082,37.7426081,-2.5507542,centroide_nominatim_historico
18083,37.4772919,-3.3200874,centroide_nominatim_historico
18084,37.104497,-3.6057759,centroide_nominatim_historico
18085,37.3696052,-2.9690113,centroide_nominatim_historico
18086,37.4795473,-3.0432238,centroide_nominatim_historico
18087,37.1734995,-3.5995337,centroide_nominatim_historico
18088,37.5569024,-3.4010094,centroide_nominatim_historico
18089,37.2991265,-3.1373303,centroide_nominatim_historico
18093,36.7435918,-3.389634,centroide_nominatim_historico
18094,37.15984,-3.4386253,centroide_nominatim_historico
18095,37.2570604,-3.597654,centroide_nominatim_historico
18096,37.4205176,-3.2622608,centroide_nominatim_historico
18097,37.1769362,-2.9485635,centroide_nominatim_historico
18098,37.8085844,-2.5398281,centroide_nominatim_historico
18099,37.2184811,-3.5173045,centroide_nominatim_historico
18100,37.1966709,-4.0466475,centroide_nominatim_historico
18101,37.1452042,-3.5694625,centroide_nominatim_historico
18102,37.2885009,-3.8795173,centroide_nominatim_historico
18103,36.7994012,-3.638604,centroide_nominatim_historico
18105,37.3928352,-3.5276704,centroide_nominatim_historico
18106,36.9342472,-3.9092739,centroide_nominatim_historico
18107,36.9490364,-3.8228407,centroide_nominatim_historico
18108,37.1837778,-3.1596338,centroide_nominatim_historico
18109,36.7974469,-3.6679211,centroide_nominatim_historico
18111,37.2217446,-3.5942908,centroide_nominatim_historico
18112,36.9481259,-3.2254914,centroide_nominatim_historico
18114,37.1814745,-3.0640503,centroide_nominatim_historico
18115,37.1952099,-3.8340663,centroide_nominatim_historico
18116,36.9181138,-3.4801561,centroide_nominatim_historico
18117,37.1687458,-3.1382211,centroide_nominatim_historico
18119,36.9428455,-3.5303127,centroide_nominatim_historico
18120,36.8342309,-3.6745581,centroide_nominatim_historico
18121,36.9293591,-3.2127608,centroide_nominatim_historico
18122,37.1664839,-4.1496374,centroide_nominatim_historico
18123,37.2296011,-3.2412578,centroide_nominatim_historico
18124,36.7865608,-3.4044407,centroide_nominatim_historico
18126,37.1013303,-3.7228558,centroide_nominatim_historico
18127,37.2076275,-3.633024,centroide_nominatim_historico
18128,37.2963627,-3.2021995,centroide_nominatim_historico
18132,37.3402105,-3.7858164,centroide_nominatim_historico
18133,36.7867828,-3.6075296,centroide_nominatim_historico
18134,37.1324336,-3.5395284,centroide_nominatim_historico
18135,37.321018,-4.011123,centroide_nominatim_historico
18136,37.5721215,-3.504669,centroide_nominatim_historico
18137,37.5001419,-3.6723589,centroide_nominatim_historico
18138,37.170001,-3.9651417,centroide_nominatim_historico
18140,36.7450888,-3.5207655,centroide_nominatim_historico
18141,36.8863182,-3.1098818,centroide_nominatim_historico
18143,36.977772,-3.5388692,centroide_nominatim_historico
18144,37.2579297,-3.5779065,centroide_nominatim_historico
18145,37.1200092,-3.6069199,centroide_nominatim_historico
18146,37.7212772,-2.4794159,centroide_nominatim_historico
18147,36.9005164,-3.4239036,centroide_nominatim_historico
18148,36.815373,-3.680964,centroide_nominatim_historico
18149,37.0942895,-3.6345792,centroide_nominatim_historico
18150,37.0222913,-3.6274938,centroide_nominatim_historico
18151,36.9399641,-3.3615455,centroide_nominatim_historico
18152,37.5014235,-3.2303678,centroide_nominatim_historico
18153,37.2306631,-3.6279744,centroide_nominatim_historico
18154,37.2753546,-3.2849557,centroide_nominatim_historico
18157,37.1636857,-3.5018713,centroide_nominatim_historico
18158,37.2516033,-3.749268,centroide_nominatim_historico
18159,37.4424506,-3.440416,centroide_nominatim_historico
18161,37.2575189,-3.2332207,centroide_nominatim_historico
18162,36.7950131,-3.2972924,centroide_nominatim_historico
18163,36.9423001,-3.3103162,centroide_nominatim_historico
18164,37.9578472,-2.4348912,centroide_nominatim_historico
18165,37.2226481,-3.6080146,centroide_nominatim_historico
18167,37.3147739,-3.1892077,centroide_nominatim_historico
18168,37.1920952,-3.4667577,centroide_nominatim_historico
18170,36.8094778,-3.3483956,centroide_nominatim_historico
18171,37.1523024,-4.0669535,centroide_nominatim_historico
18173,36.7463725,-3.587332,centroide_nominatim_historico
18174,37.0616141,-3.9760974,centroide_nominatim_historico
18175,37.1895171,-3.7183561,centroide_nominatim_historico
18176,36.9280751,-3.4052741,centroide_nominatim_historico
18177,36.7948706,-3.2668027,centroide_nominatim_historico
18178,37.5045916,-3.3560673,centroide_nominatim_historico
18179,36.8784305,-3.298807,centroide_nominatim_historico
18180,37.0023983,-3.2665989,centroide_nominatim_historico
18181,36.8637375,-3.0575117,centroide_nominatim_historico
18182,36.9630727,-3.0530815,centroide_nominatim_historico
18183,36.9961661,-3.0809964,centroide_nominatim_historico
18184,36.8323233,-3.5157759,centroide_nominatim_historico
18185,37.068195,-3.820752,centroide_nominatim_historico
18187,37.5568429,-3.0897928,centroide_nominatim_historico
18188,37.214514,-4.0127316,centroide_nominatim_historico
18189,37.2312071,-3.5539201,centroide_nominatim_historico
18192,36.9735191,-4.1416876,centroide_nominatim_historico
18193,37.1206862,-3.5850833,centroide_nominatim_historico
18194,37.5414741,-2.8416795,centroide_nominatim_historico
18901,36.9331746,-3.330168,centroide_nominatim_historico
18902,36.494649,-4.7276993,centroide_nominatim_historico
18903,37.0410583,-3.0399539,centroide_nominatim_historico
18904,37.0223921,-3.1489049,centroide_nominatim_historico
18905,37.1366617,-3.6694522,centroide_nominatim_historico
18906,36.8492644,-3.5988533,centroide_nominatim_historico
18907,37.2752246,-3.0672117,centroide_nominatim_historico
18908,36.974998,-3.610597,centroide_nominatim_historico
18909,37.4271607,-3.3152413,centroide_nominatim_historico
18910,36.4870552,-4.7290199,centroide_nominatim_historico
18911,37.168708,-3.6890695,centroide_nominatim_historico
18912,37.6086165,-2.9316473,centroide_nominatim_historico
18913,37.2534495,-4.1680873,centroide_nominatim_historico
18914,37.2343089,-3.8238434,centroide_nominatim_historico
18915,37.4964059,-3.5088958,centroide_nominatim_historico
19001,40.8929461,-2.4852216,centroide_nominatim_historico
19002,40.8981026,-2.2290338,centroide_nominatim_historico
19004,40.8633363,-2.7259879,centroide_nominatim_historico
19005,40.8492909,-3.105145,centroide_nominatim_historico
19006,40.3087162,-2.8427164,centroide_nominatim_historico
19007,40.3073131,-3.0120376,centroide_nominatim_historico
19009,40.4700125,-2.6109525,centroide_nominatim_historico
19011,41.0359238,-2.4673489,centroide_nominatim_historico
19013,40.6274455,-1.745883,centroide_nominatim_historico
19015,40.6819148,-3.0471156,centroide_nominatim_historico
19017,40.9624637,-2.6663278,centroide_nominatim_historico
19018,40.5269101,-2.8240798,centroide_nominatim_historico
19019,40.5865777,-2.643947,centroide_nominatim_historico
19020,40.9012507,-2.773743,centroide_nominatim_historico
19021,40.2968314,-2.9844461,centroide_nominatim_historico
19022,40.3290787,-2.8504403,centroide_nominatim_historico
19023,40.5745993,-2.750292,centroide_nominatim_historico
19024,40.5953571,-3.2487763,centroide_nominatim_historico
19027,40.6153227,-1.6587202,centroide_nominatim_historico
19032,41.0268997,-2.3675178,centroide_nominatim_historico
19036,40.4932446,-3.0775295,centroide_nominatim_historico
19039,40.8830532,-2.8178235,centroide_nominatim_historico
19041,40.5312059,-3.0294678,centroide_nominatim_historico
19043,40.6663709,-2.9980045,centroide_nominatim_historico
19044,41.1991811,-2.8702238,centroide_nominatim_historico
19045,40.517585,-2.7922351,centroide_nominatim_historico
19046,40.5683808,-3.2627134,centroide_nominatim_historico
19047,41.0025333,-2.7715934,centroide_nominatim_historico
19049,41.2863562,-2.9145771,centroide_nominatim_historico
19051,40.5716705,-2.8010984,centroide_nominatim_historico
19053,40.7592489,-2.8703477,centroide_nominatim_historico
19054,40.6280576,-2.7562471,centroide_nominatim_historico
19055,40.9372812,-2.8843032,centroide_nominatim_historico
19057,41.1357889,-3.0727214,centroide_nominatim_historico
19058,40.6362915,-3.2337196,centroide_nominatim_historico
19060,41.0855605,-3.3141991,centroide_nominatim_historico
19061,41.2675337,-3.1455702,centroide_nominatim_historico
19064,40.8128362,-2.4940965,centroide_nominatim_historico
19065,41.2346229,-3.2454193,centroide_nominatim_historico
19066,40.7697439,-3.0668177,centroide_nominatim_historico
19070,40.8432863,-3.3711083,centroide_nominatim_historico
19071,40.7077347,-3.4393744,centroide_nominatim_historico
19073,40.8721245,-2.9576836,centroide_nominatim_historico
19074,40.693318,-2.978786,centroide_nominatim_historico
19075,40.936896,-2.7867866,centroide_nominatim_historico
19078,40.5577798,-2.431665,centroide_nominatim_historico
19082,40.6525754,-3.0541528,centroide_nominatim_historico
19086,40.7854583,-2.6221233,centroide_nominatim_historico
19087,41.2054105,-2.8193375,centroide_nominatim_historico
19088,40.7527479,-3.0893328,centroide_nominatim_historico
19090,40.8655802,-2.1423641,centroide_nominatim_historico
19092,40.9470672,-3.0887458,centroide_nominatim_historico
19095,41.2190644,-3.1075391,centroide_nominatim_historico
19096,41.2158797,-3.1256136,centroide_nominatim_historico
19098,40.867467,-3.0570732,centroide_nominatim_historico
19099,40.8425877,-1.9783277,centroide_nominatim_historico
19102,40.8235824,-3.4061382,centroide_nominatim_historico
19105,40.5732118,-3.1627206,centroide_nominatim_historico
19106,40.5970133,-2.6898503,centroide_nominatim_historico
19107,40.2453796,-3.0407324,centroide_nominatim_historico
19108,40.6256801,-2.726315,centroide_nominatim_historico
19110,40.5494673,-2.5624861,centroide_nominatim_historico
19111,40.4083857,-3.0562623,centroide_nominatim_historico
19112,40.4154181,-3.0076346,centroide_nominatim_historico
19113,40.9044591,-3.071876,centroide_nominatim_historico
19115,41.0079309,-2.0240908,centroide_nominatim_historico
19119,40.9236606,-3.100673,centroide_nominatim_historico
19120,40.7855027,-3.3080066,centroide_nominatim_historico
19121,40.517428,-2.8818847,centroide_nominatim_historico
19122,41.0737084,-1.8307486,centroide_nominatim_historico
19123,40.5260247,-2.9850841,centroide_nominatim_historico
19124,40.365604,-3.0942252,centroide_nominatim_historico
19126,40.6965656,-3.3379649,centroide_nominatim_historico
19127,41.2230204,-3.1835211,centroide_nominatim_historico
19130,40.6326979,-3.1646067,centroide_nominatim_historico
19132,40.7145199,-2.7074524,centroide_nominatim_historico
19133,40.7905921,-3.0997997,centroide_nominatim_historico
19134,40.8873352,-1.9607161,centroide_nominatim_historico
19135,41.0835841,-3.0036605,centroide_nominatim_historico
19136,41.2511034,-2.9992481,centroide_nominatim_historico
19138,40.8248455,-3.0495843,centroide_nominatim_historico
19142,40.4558217,-3.0421008,centroide_nominatim_historico
19143,40.5655103,-3.0641857,centroide_nominatim_historico
19146,41.1527065,-3.1701284,centroide_nominatim_historico
19148,40.8229072,-2.2867333,centroide_nominatim_historico
19152,40.1840715,-2.9082083,centroide_nominatim_historico
19154,40.8718143,-2.6701571,centroide_nominatim_historico
19155,40.6119055,-2.890509,centroide_nominatim_historico
19156,40.9263778,-2.9226718,centroide_nominatim_historico
19157,40.9647878,-2.9026106,centroide_nominatim_historico
19159,40.8686389,-2.84391,centroide_nominatim_historico
19160,40.4478562,-3.1160668,centroide_nominatim_historico
19161,40.6101864,-3.0530986,centroide_nominatim_historico
19162,40.9733413,-2.4454122,centroide_nominatim_historico
19165,41.1116768,-3.30221,centroide_nominatim_historico
19167,40.8221438,-3.2565979,centroide_nominatim_historico
19169,40.6190695,-2.6618429,centroide_nominatim_historico
19170,41.0465007,-2.2039908,centroide_nominatim_historico
19171,40.668958,-3.2013493,centroide_nominatim_historico
19174,40.9524796,-2.8429304,centroide_nominatim_historico
19175,41.0009725,-2.1590207,centroide_nominatim_historico
19176,40.2626778,-3.0088021,centroide_nominatim_historico
19177,40.9828433,-2.9375868,centroide_nominatim_historico
19179,40.947242,-2.9781838,centroide_nominatim_historico
19181,41.2672096,-2.9635623,centroide_nominatim_historico
19182,40.9376304,-3.235567,centroide_nominatim_historico
19183,41.0866191,-1.8764588,centroide_nominatim_historico
19184,40.5074841,-2.5709533,centroide_nominatim_historico
19185,41.1793692,-2.9321633,centroide_nominatim_historico
19186,40.9444215,-2.7244581,centroide_nominatim_historico
19187,40.8886447,-2.9428391,centroide_nominatim_historico
19188,41.0960514,-2.0146711,centroide_nominatim_historico
19189,40.8033391,-3.1759957,centroide_nominatim_historico
19190,40.8440751,-1.888874,centroide_nominatim_historico
19193,40.9104708,-3.1155948,centroide_nominatim_historico
19196,40.8293944,-2.9595765,centroide_nominatim_historico
19197,41.104721,-3.093715,centroide_nominatim_historico
19200,40.6060488,-2.7496506,centroide_nominatim_historico
19201,40.859511,-2.1821306,centroide_nominatim_historico
19202,41.1268149,-2.7411902,centroide_nominatim_historico
19204,40.5568292,-1.7272588,centroide_nominatim_historico
19209,40.9474414,-1.9260311,centroide_nominatim_historico
19211,40.5562402,-2.6497104,centroide_nominatim_historico
19214,40.6658527,-2.06986,centroide_nominatim_historico
19215,40.5814358,-2.8897168,centroide_nominatim_historico
19219,40.6800088,-1.8802182,centroide_nominatim_historico
19220,40.4635353,-3.1759955,centroide_nominatim_historico
19223,40.642628,-2.0286932,centroide_nominatim_historico
19224,40.3425944,-3.0293582,centroide_nominatim_historico
19226,41.1726056,-3.0064613,centroide_nominatim_historico
19228,40.8903007,-3.219586,centroide_nominatim_historico
19232,40.6155654,-2.3395431,centroide_nominatim_historico
19233,40.4916979,-3.0160342,centroide_nominatim_historico
19234,40.9709424,-3.2749146,centroide_nominatim_historico
19235,40.9113143,-2.2969282,centroide_nominatim_historico
19239,40.8538865,-3.2349308,centroide_nominatim_historico
19240,41.1179804,-2.9498511,centroide_nominatim_historico
19241,41.2748772,-2.8957316,centroide_nominatim_historico
19242,40.5705352,-2.9913413,centroide_nominatim_historico
19244,40.8326286,-2.4171017,centroide_nominatim_historico
19245,40.481085,-2.732881,centroide_nominatim_historico
19247,40.5450046,-2.4936139,centroide_nominatim_historico
19249,40.6387222,-2.8202344,centroide_nominatim_historico
19252,40.37602,-2.8532862,centroide_nominatim_historico
19254,40.9509863,-2.1014671,centroide_nominatim_historico
19256,41.2005167,-2.6535489,centroide_nominatim_historico
19257,41.0680324,-2.6405659,centroide_nominatim_historico
19258,40.7509826,-2.6980205,centroide_nominatim_historico
19259,41.2451295,-3.0577003,centroide_nominatim_historico
19260,40.8808075,-2.634236,centroide_nominatim_historico
19262,41.0007913,-3.2483654,centroide_nominatim_historico
19263,40.8233201,-3.0795645,centroide_nominatim_historico
19265,40.9929906,-1.923391,centroide_nominatim_historico
19266,40.5437447,-2.9588771,centroide_nominatim_historico
19267,40.6946785,-1.9045962,centroide_nominatim_historico
19269,41.0043007,-2.9825168,centroide_nominatim_historico
19270,41.2185953,-2.7580363,centroide_nominatim_historico
19274,40.7433322,-3.0316885,centroide_nominatim_historico
19278,40.8533031,-2.5326915,centroide_nominatim_historico
19279,40.7945892,-3.0795869,centroide_nominatim_historico
19280,40.6446546,-3.3371795,centroide_nominatim_historico
19282,40.977763,-2.6187278,centroide_nominatim_historico
19283,40.8895823,-2.0454117,centroide_nominatim_historico
19286,40.7066484,-3.1242146,centroide_nominatim_historico
19287,40.9717744,-1.7978002,centroide_nominatim_historico
19290,40.7766776,-2.9956092,centroide_nominatim_historico
19291,40.7014301,-2.5930177,centroide_nominatim_historico
19293,40.8432607,-3.4635907,centroide_nominatim_historico
19296,40.8486006,-2.9302393,centroide_nominatim_historico
19298,40.8099076,-2.9919064,centroide_nominatim_historico
19300,40.6364026,-3.3166943,centroide_nominatim_historico
19301,40.4556255,-2.8769211,centroide_nominatim_historico
19302,40.7138517,-3.0144449,centroide_nominatim_historico
19304,40.7615436,-3.3799778,centroide_nominatim_historico
19305,40.908197,-3.3869458,centroide_nominatim_historico
19307,40.9574718,-3.3286205,centroide_nominatim_historico
19308,40.6199766,-2.9545809,centroide_nominatim_historico
19311,41.1293314,-3.2336738,centroide_nominatim_historico
19317,40.6789978,-2.2531854,centroide_nominatim_historico
19318,40.9025356,-2.9137463,centroide_nominatim_historico
19323,40.8205085,-3.3520123,centroide_nominatim_historico
19324,41.1257257,-1.989641,centroide_nominatim_historico
19325,40.7938811,-3.344096,centroide_nominatim_historico
19326,40.533141,-3.1104032,centroide_nominatim_historico
19327,40.3566154,-2.9666167,centroide_nominatim_historico
19330,40.639999,-2.84297,centroide_nominatim_historico
19331,40.7546981,-3.1662667,centroide_nominatim_historico
19333,40.7621188,-2.2013142,centroide_nominatim_historico
19334,41.0682961,-3.043864,centroide_nominatim_historico
19335,40.3314367,-2.8888967,centroide_nominatim_historico
19901,41.0591279,-3.1196781,centroide_nominatim_historico
02001,39.2089284,-1.5420192,centroide_nominatim_historico
02002,39.0955185,-1.3610539,centroide_nominatim_historico
02003,38.9950921,-1.8559154,centroide_nominatim_historico
02004,38.5709891,-1.5226396,centroide_nominatim_historico
02005,39.2790903,-1.3960986,centroide_nominatim_historico
02006,38.6488936,-1.980391,centroide_nominatim_historico
02007,39.1928901,-1.4289945,centroide_nominatim_historico
02009,38.8682065,-1.0978627,centroide_nominatim_historico
02010,38.9596638,-1.2308857,centroide_nominatim_historico
02011,38.5532769,-2.0715082,centroide_nominatim_historico
02016,38.5155914,-2.6113209,centroide_nominatim_historico
02018,38.8703082,-1.3486771,centroide_nominatim_historico
02019,39.0194267,-2.5372246,centroide_nominatim_historico
02022,38.770658,-2.2400615,centroide_nominatim_historico
02025,38.7063356,-0.9867523,centroide_nominatim_historico
02026,39.3036546,-1.6613917,centroide_nominatim_historico
02030,38.4483634,-2.0489954,centroide_nominatim_historico
02033,38.7053213,-1.4492231,centroide_nominatim_historico
02034,39.2673015,-1.5492105,centroide_nominatim_historico
02037,38.5106649,-1.6995137,centroide_nominatim_historico
02039,38.9643114,-1.4443612,centroide_nominatim_historico
02042,38.3661429,-2.1009119,centroide_nominatim_historico
02045,39.2370979,-1.8001238,centroide_nominatim_historico
02047,38.7180307,-2.3158435,centroide_nominatim_historico
02050,39.1670809,-2.0271089,centroide_nominatim_historico
02052,39.1804849,-1.7907731,centroide_nominatim_historico
02054,39.2799099,-1.7184266,centroide_nominatim_historico
02059,38.6723904,-2.4097367,centroide_nominatim_historico
02063,38.720703,-1.9117449,centroide_nominatim_historico
02066,39.1752416,-1.4913592,centroide_nominatim_historico
02068,38.7582919,-2.4492291,centroide_nominatim_historico
02069,39.20702,-2.1581637,centroide_nominatim_historico
02070,38.5922615,-2.549574,centroide_nominatim_historico
02082,39.333966,-1.3387842,centroide_nominatim_historico
02085,38.773242,-2.5755598,centroide_nominatim_historico
02901,38.8028984,-1.7346942,centroide_nominatim_historico
20001,43.047842,-2.1052186,centroide_nominatim_historico
20002,43.2038168,-2.050099,centroide_nominatim_historico
20003,43.2557918,-2.2362989,centroide_nominatim_historico
20004,43.1294954,-2.1374208,centroide_nominatim_historico
20005,43.1004352,-2.0983582,centroide_nominatim_historico
20006,43.1725845,-2.1089901,centroide_nominatim_historico
20007,43.1004025,-2.0842078,centroide_nominatim_historico
20008,43.0489646,-2.0878104,centroide_nominatim_historico
20009,43.2183411,-2.0199432,centroide_nominatim_historico
20010,43.1620711,-2.0712454,centroide_nominatim_historico
20011,43.0985864,-2.3811024,centroide_nominatim_historico
20012,43.0634673,-2.1655819,centroide_nominatim_historico
20013,43.0359732,-2.5036785,centroide_nominatim_historico
20014,43.192859,-2.0953446,centroide_nominatim_historico
20015,42.9776634,-2.1813897,centroide_nominatim_historico
20016,43.2364978,-2.1486633,centroide_nominatim_historico
20017,43.1781602,-2.3114989,centroide_nominatim_historico
20018,43.1838618,-2.2657422,centroide_nominatim_historico
20019,43.0473269,-2.2032868,centroide_nominatim_historico
20020,43.1340799,-2.2005399,centroide_nominatim_historico
20021,43.1350267,-2.0503391,centroide_nominatim_historico
20022,43.1241497,-1.9791586,centroide_nominatim_historico
20023,43.1455807,-2.0266424,centroide_nominatim_historico
20024,43.1418612,-2.1632121,centroide_nominatim_historico
20025,42.9758111,-2.290301,centroide_nominatim_historico
20026,43.0125385,-2.2733725,centroide_nominatim_historico
20027,43.2401376,-2.2585203,centroide_nominatim_historico
20028,43.1992503,-2.0741092,centroide_nominatim_historico
20029,43.294141,-2.3539311,centroide_nominatim_historico
20030,43.1842839,-2.4732748,centroide_nominatim_historico
20031,43.1406884,-2.0006998,centroide_nominatim_historico
20032,43.2143558,-2.4168588,centroide_nominatim_historico
20033,43.1367656,-2.4874683,centroide_nominatim_historico
20034,43.0174857,-2.526803,centroide_nominatim_historico
20035,43.0812994,-2.2754976,centroide_nominatim_historico
20036,43.3624468,-1.7914309,centroide_nominatim_historico
20037,43.0530503,-2.1331865,centroide_nominatim_historico
20038,43.0502538,-2.2791464,centroide_nominatim_historico
20039,43.3044559,-2.2037374,centroide_nominatim_historico
20040,43.2661107,-1.9747419,centroide_nominatim_historico
20041,43.1544948,-2.085194,centroide_nominatim_historico
20042,43.1316471,-2.0622574,centroide_nominatim_historico
20043,43.0106787,-2.2336128,centroide_nominatim_historico
20044,43.0945249,-2.1242678,centroide_nominatim_historico
20045,43.3383176,-1.7888095,centroide_nominatim_historico
20046,43.1675342,-2.0672224,centroide_nominatim_historico
20047,43.0678266,-2.1672356,centroide_nominatim_historico
20048,43.1879341,-2.1023955,centroide_nominatim_historico
20049,43.0334542,-2.1861651,centroide_nominatim_historico
20050,43.1246812,-2.052317,centroide_nominatim_historico
20051,43.051235,-2.3344403,centroide_nominatim_historico
20052,43.0848925,-2.1486222,centroide_nominatim_historico
20053,43.3212392,-1.8996138,centroide_nominatim_historico
20054,43.1033934,-2.034474,centroide_nominatim_historico
20055,43.0656783,-2.4900779,centroide_nominatim_historico
20056,43.3071181,-2.3871098,centroide_nominatim_historico
20057,43.0220391,-2.2727507,centroide_nominatim_historico
20058,43.0269276,-2.2036619,centroide_nominatim_historico
20059,43.0328523,-2.4137149,centroide_nominatim_historico
20060,43.0942232,-2.0114313,centroide_nominatim_historico
20061,43.2760488,-2.127262,centroide_nominatim_historico
20062,43.0431256,-2.254814,centroide_nominatim_historico
20063,43.3027326,-1.8609097,centroide_nominatim_historico
20064,43.3239952,-1.9200587,centroide_nominatim_historico
20065,43.1742777,-2.4128759,centroide_nominatim_historico
20066,43.1647321,-2.1743978,centroide_nominatim_historico
20067,43.3125271,-1.8986133,centroide_nominatim_historico
20068,42.9868906,-2.5687408,centroide_nominatim_historico
20069,43.3224219,-1.9838889,centroide_nominatim_historico
20070,43.0090019,-2.2530011,centroide_nominatim_historico
20071,43.1386097,-2.0723558,centroide_nominatim_historico
20072,43.24687,-1.9917045,centroide_nominatim_historico
20073,43.2703088,-2.0502559,centroide_nominatim_historico
20074,43.1175442,-2.4133452,centroide_nominatim_historico
20075,43.1876792,-2.0534727,centroide_nominatim_historico
20076,43.0539687,-2.1795046,centroide_nominatim_historico
20077,43.0920435,-2.3170309,centroide_nominatim_historico
20078,43.0410543,-2.1497279,centroide_nominatim_historico
20079,43.2834873,-2.1723467,centroide_nominatim_historico
20080,43.0859968,-2.3140925,centroide_nominatim_historico
20081,43.296653,-2.2571182,centroide_nominatim_historico
20901,43.2414979,-2.3711543,centroide_nominatim_historico
20902,43.2684642,-2.0193784,centroide_nominatim_historico
20903,43.2815684,-1.9474769,centroide_nominatim_historico
20904,43.0694191,-2.1283913,centroide_nominatim_historico
20905,43.0794987,-2.1141376,centroide_nominatim_historico
20906,43.0645573,-2.1543131,centroide_nominatim_historico
20907,43.1164447,-2.0228291,centroide_nominatim_historico
21001,37.8746137,-6.6650601,centroide_nominatim_historico
21002,37.2664912,-7.0246859,centroide_nominatim_historico
21003,37.5059879,-7.2701144,centroide_nominatim_historico
21004,37.8721788,-6.7866023,centroide_nominatim_historico
21005,37.2611686,-6.5175751,centroide_nominatim_historico
21006,37.5496719,-7.115795,centroide_nominatim_historico
21007,37.8949414,-6.5624496,centroide_nominatim_historico
21008,37.9436167,-6.9539589,centroide_nominatim_historico
21009,38.0235708,-6.4224907,centroide_nominatim_historico
21010,37.215797,-7.4060169,centroide_nominatim_historico
21011,37.4254522,-6.7916123,centroide_nominatim_historico
21012,37.6087962,-6.5422243,centroide_nominatim_historico
21013,37.3382055,-6.5384658,centroide_nominatim_historico
21014,37.3214037,-6.683161,centroide_nominatim_historico
21015,37.7259134,-7.0867842,centroide_nominatim_historico
21016,37.9719249,-6.3168307,centroide_nominatim_historico
21017,37.6545062,-6.8786335,centroide_nominatim_historico
21018,37.6934316,-6.6291703,centroide_nominatim_historico
21019,37.7655617,-6.5767028,centroide_nominatim_historico
21020,38.0148419,-6.5285331,centroide_nominatim_historico
21021,37.2829111,-7.1545752,centroide_nominatim_historico
21022,37.8954194,-6.7053982,centroide_nominatim_historico
21023,37.7351789,-6.9392315,centroide_nominatim_historico
21024,37.8963289,-6.5073264,centroide_nominatim_historico
21025,37.9093023,-6.8196169,centroide_nominatim_historico
21026,37.93559,-6.6245719,centroide_nominatim_historico
21027,38.0731247,-6.6935095,centroide_nominatim_historico
21028,38.0771839,-6.7432319,centroide_nominatim_historico
21029,38.0623177,-6.6466238,centroide_nominatim_historico
21030,37.3636792,-6.3930714,centroide_nominatim_historico
21031,38.1369242,-6.8718109,centroide_nominatim_historico
21032,37.4088438,-6.3896302,centroide_nominatim_historico
21033,37.9034873,-6.6617402,centroide_nominatim_historico
21034,37.9262801,-6.7087298,centroide_nominatim_historico
21035,37.3746324,-6.9690748,centroide_nominatim_historico
21036,37.7689314,-6.508591,centroide_nominatim_historico
21037,37.5210411,-7.416392,centroide_nominatim_historico
21038,37.8365154,-6.4478855,centroide_nominatim_historico
21039,38.0079199,-6.5882245,centroide_nominatim_historico
21040,37.2922174,-6.3794314,centroide_nominatim_historico
21041,37.2575874,-6.9484945,centroide_nominatim_historico
21042,37.2036925,-7.3238913,centroide_nominatim_historico
21043,37.9168052,-6.7291607,centroide_nominatim_historico
21044,37.2551712,-7.201556,centroide_nominatim_historico
21045,37.8795891,-6.6210675,centroide_nominatim_historico
21046,37.3035671,-6.7284528,centroide_nominatim_historico
21047,37.3887479,-6.4316237,centroide_nominatim_historico
21048,37.9038172,-6.6211935,centroide_nominatim_historico
21049,37.6934573,-6.5957844,centroide_nominatim_historico
21050,37.2746182,-6.8373527,centroide_nominatim_historico
21051,37.9634418,-6.7447651,centroide_nominatim_historico
21052,37.6950788,-6.5504799,centroide_nominatim_historico
21053,37.3609544,-6.6793495,centroide_nominatim_historico
21054,37.3874866,-6.5534536,centroide_nominatim_historico
21055,37.2276501,-6.895393,centroide_nominatim_historico
21056,37.4188311,-6.4025477,centroide_nominatim_historico
21057,37.7407768,-7.3443325,centroide_nominatim_historico
21058,37.6128869,-7.2488901,centroide_nominatim_historico
21059,37.8917393,-6.4795963,centroide_nominatim_historico
21060,37.1830237,-6.9662203,centroide_nominatim_historico
21061,37.3082195,-6.5978918,centroide_nominatim_historico
21062,37.9679076,-7.2204724,centroide_nominatim_historico
21063,37.4462517,-7.1068216,centroide_nominatim_historico
21064,37.3142155,-6.8407764,centroide_nominatim_historico
21065,37.4726294,-7.4664775,centroide_nominatim_historico
21066,37.3894253,-7.3478655,centroide_nominatim_historico
21067,37.8639155,-6.7244264,centroide_nominatim_historico
21068,37.7956688,-7.1885793,centroide_nominatim_historico
21069,37.9066642,-6.2293168,centroide_nominatim_historico
21070,37.3830829,-6.834095,centroide_nominatim_historico
21071,37.9507831,-6.6830885,centroide_nominatim_historico
21072,37.5739612,-6.7543559,centroide_nominatim_historico
21073,37.3028005,-7.3423138,centroide_nominatim_historico
21074,37.3967946,-6.475054,centroide_nominatim_historico
21075,37.6278217,-7.0240704,centroide_nominatim_historico
21076,37.4992023,-7.2724576,centroide_nominatim_historico
21077,37.3880086,-6.6054262,centroide_nominatim_historico
21078,37.6793659,-6.6605705,centroide_nominatim_historico
21079,37.8338999,-6.3388735,centroide_nominatim_historico
22001,42.1214498,-0.0707125,centroide_nominatim_historico
22002,42.2427303,0.1975837,centroide_nominatim_historico
22003,42.1464133,-0.0078327,centroide_nominatim_historico
22004,42.355111,-0.7942398,centroide_nominatim_historico
22006,42.6787796,-0.6209437,centroide_nominatim_historico
22007,41.7220639,0.1452258,centroide_nominatim_historico
22008,41.7367576,-0.150977,centroide_nominatim_historico
22009,41.864975,0.4605062,centroide_nominatim_historico
22011,42.0501202,-0.3368327,centroide_nominatim_historico
22012,42.0241349,-0.3797341,centroide_nominatim_historico
22013,41.9077972,-0.2142788,centroide_nominatim_historico
22014,42.0667747,-0.685267,centroide_nominatim_historico
22015,42.0770501,-0.2913994,centroide_nominatim_historico
22016,41.9057339,0.3716406,centroide_nominatim_historico
22017,41.721179,0.1172654,centroide_nominatim_historico
22018,41.8074299,-0.4533294,centroide_nominatim_historico
22019,42.1634839,-0.463311,centroide_nominatim_historico
22020,41.8289705,0.1484497,centroide_nominatim_historico
22021,42.0419389,-0.5796768,centroide_nominatim_historico
22022,41.9352773,0.2433155,centroide_nominatim_historico
22023,41.9508488,-0.412962,centroide_nominatim_historico
22024,42.1719861,0.0244277,centroide_nominatim_historico
22025,41.8011765,0.4131591,centroide_nominatim_historico
22027,42.1096849,-0.1530447,centroide_nominatim_historico
22028,42.7554883,-0.8289324,centroide_nominatim_historico
22029,42.0355728,-0.1611943,centroide_nominatim_historico
22032,42.7066467,-0.6708726,centroide_nominatim_historico
22035,42.2581734,0.7215575,centroide_nominatim_historico
22036,42.0533571,-0.2786264,centroide_nominatim_historico
22037,42.314765,-0.4389495,centroide_nominatim_historico
22039,42.2764391,-0.6892389,centroide_nominatim_historico
22040,41.9876675,0.3030032,centroide_nominatim_historico
22041,42.069156,-0.0311466,centroide_nominatim_historico
22042,42.0949611,-0.0440883,centroide_nominatim_historico
22044,42.509587,-0.8117949,centroide_nominatim_historico
22046,41.620467,0.1919892,centroide_nominatim_historico
22047,42.1812713,-0.4527524,centroide_nominatim_historico
22048,42.0366952,0.127238,centroide_nominatim_historico
22049,41.9792537,-0.4204613,centroide_nominatim_historico
22050,42.0255709,-0.0864082,centroide_nominatim_historico
22052,41.6910541,0.1793943,centroide_nominatim_historico
22053,42.1063137,0.4820182,centroide_nominatim_historico
22054,42.6052663,0.5237318,centroide_nominatim_historico
22055,41.9615178,-0.002702,centroide_nominatim_historico
22057,42.6335545,0.2188591,centroide_nominatim_historico
22058,42.1635877,-0.0801229,centroide_nominatim_historico
22059,42.6285893,-0.3215867,centroide_nominatim_historico
22060,41.8270159,0.2012837,centroide_nominatim_historico
22061,41.8491553,0.2963994,centroide_nominatim_historico
22062,42.4965763,0.5066156,centroide_nominatim_historico
22063,42.2270257,-0.7508868,centroide_nominatim_historico
22064,42.0694746,-0.2001445,centroide_nominatim_historico
22066,42.4459826,0.0675933,centroide_nominatim_historico
22067,42.4269403,0.6668598,centroide_nominatim_historico
22068,42.6581476,-0.5874559,centroide_nominatim_historico
22069,42.6033008,-0.1218449,centroide_nominatim_historico
22072,42.3968705,-0.4987215,centroide_nominatim_historico
22074,42.409759,0.3972463,centroide_nominatim_historico
22076,42.5985733,-0.8540421,centroide_nominatim_historico
22077,41.5027134,0.0647699,centroide_nominatim_historico
22078,42.7533689,-0.4796771,centroide_nominatim_historico
22079,41.8425319,-0.1825408,centroide_nominatim_historico
22080,42.1791593,0.4367227,centroide_nominatim_historico
22081,42.1554832,-0.1402587,centroide_nominatim_historico
22082,41.9624376,0.1575502,centroide_nominatim_historico
22083,41.6181075,-0.2401766,centroide_nominatim_historico
22084,42.5128511,0.4916899,centroide_nominatim_historico
22085,41.8032849,-0.0214772,centroide_nominatim_historico
22086,42.6295985,-0.5501548,centroide_nominatim_historico
22087,42.2060962,0.5739789,centroide_nominatim_historico
22088,42.068633,0.0647387,centroide_nominatim_historico
22089,41.8858063,0.5119969,centroide_nominatim_historico
22090,42.1716508,0.0648286,centroide_nominatim_historico
22094,41.6649798,0.1629008,centroide_nominatim_historico
22095,42.5206948,0.465951,centroide_nominatim_historico
22096,42.1714448,-0.4530161,centroide_nominatim_historico
22099,41.7569414,0.3004292,centroide_nominatim_historico
22102,42.07189,0.2339054,centroide_nominatim_historico
22103,42.0575778,0.2440363,centroide_nominatim_historico
22105,41.9961077,0.5436671,centroide_nominatim_historico
22109,42.4954746,-0.1197784,centroide_nominatim_historico
22110,42.0097772,0.258297,centroide_nominatim_historico
22111,42.4099476,0.350978,centroide_nominatim_historico
22112,41.5221304,0.3501756,centroide_nominatim_historico
22113,42.3737585,0.29217,centroide_nominatim_historico
22114,42.5913466,0.3350266,centroide_nominatim_historico
22115,42.1521195,0.2226813,centroide_nominatim_historico
22116,41.940564,-0.3693363,centroide_nominatim_historico
22117,42.1904249,0.3389797,centroide_nominatim_historico
22119,42.0149023,-0.7618767,centroide_nominatim_historico
22122,42.6910632,-0.3060829,centroide_nominatim_historico
22124,41.9323373,-0.1678751,centroide_nominatim_historico
22125,42.1382539,-0.4080901,centroide_nominatim_historico
22126,42.1606453,-0.2084209,centroide_nominatim_historico
22127,42.2140794,-0.4321053,centroide_nominatim_historico
22128,41.9571188,0.056724,centroide_nominatim_historico
22129,42.2924313,0.55234,centroide_nominatim_historico
22130,42.5692878,-0.5493763,centroide_nominatim_historico
22131,42.6933735,-0.6666752,centroide_nominatim_historico
22133,42.4501452,0.1349438,centroide_nominatim_historico
22135,42.005351,-0.0476557,centroide_nominatim_historico
22136,41.8423796,-0.2585129,centroide_nominatim_historico
22137,41.7730487,-0.3260224,centroide_nominatim_historico
22139,41.9901988,-0.0449698,centroide_nominatim_historico
22141,42.0777376,-0.0822942,centroide_nominatim_historico
22142,42.1853035,0.5157948,centroide_nominatim_historico
22143,42.4706663,0.5990718,centroide_nominatim_historico
22144,42.5038664,0.1551187,centroide_nominatim_historico
22149,42.3140366,-0.625272,centroide_nominatim_historico
22150,42.1612104,-0.3233975,centroide_nominatim_historico
22151,42.25297,-0.6414831,centroide_nominatim_historico
22156,42.081155,-0.3779189,centroide_nominatim_historico
22157,42.4655684,0.6943621,centroide_nominatim_historico
22158,41.9128162,0.1926668,centroide_nominatim_historico
22160,42.1947793,0.1518008,centroide_nominatim_historico
22162,42.0326204,-0.2871926,centroide_nominatim_historico
22163,42.2671628,-0.4392923,centroide_nominatim_historico
22164,42.1079128,0.2602987,centroide_nominatim_historico
22165,41.6765311,0.0899751,centroide_nominatim_historico
22167,41.6653628,0.1920949,centroide_nominatim_historico
22170,42.7236963,-0.2843924,centroide_nominatim_historico
22172,41.4999914,-0.0408927,centroide_nominatim_historico
22173,42.4021668,-0.7606805,centroide_nominatim_historico
22174,41.9321528,-0.0690077,centroide_nominatim_historico
22175,41.9958233,0.3836608,centroide_nominatim_historico
22176,42.0552839,-0.0182329,centroide_nominatim_historico
22178,42.0027612,-0.1263732,centroide_nominatim_historico
22181,42.0049623,-0.31579,centroide_nominatim_historico
22182,42.5501401,0.3029221,centroide_nominatim_historico
22184,41.8697083,-0.311029,centroide_nominatim_historico
22186,42.0811572,0.0321435,centroide_nominatim_historico
22187,42.1445424,0.2882082,centroide_nominatim_historico
22188,42.1511876,0.6948263,centroide_nominatim_historico
22189,42.5542524,0.1233777,centroide_nominatim_historico
22193,41.8570676,0.1568379,centroide_nominatim_historico
22195,42.1471578,-0.3588216,centroide_nominatim_historico
22197,41.8668638,-0.4607326,centroide_nominatim_historico
22199,42.518364,-0.3647899,centroide_nominatim_historico
22200,42.6029992,0.4470204,centroide_nominatim_historico
22201,42.1146574,0.0749541,centroide_nominatim_historico
22202,42.1021031,0.0840063,centroide_nominatim_historico
22203,41.9934513,-0.2242303,centroide_nominatim_historico
22204,42.77121,-0.3340877,centroide_nominatim_historico
22205,41.9042544,0.3236536,centroide_nominatim_historico
22206,42.0177631,-0.4326064,centroide_nominatim_historico
22207,42.5881642,0.3457117,centroide_nominatim_historico
22208,42.5599532,-0.714569,centroide_nominatim_historico
22209,42.5239494,-0.6741522,centroide_nominatim_historico
22212,42.3180887,0.3494242,centroide_nominatim_historico
22213,41.7931992,-0.156421,centroide_nominatim_historico
22214,42.1946674,0.2600905,centroide_nominatim_historico
22215,42.4774053,0.4334047,centroide_nominatim_historico
22217,41.7149736,-0.0443852,centroide_nominatim_historico
22218,41.907392,-0.4907548,centroide_nominatim_historico
22220,41.9962961,-0.2442967,centroide_nominatim_historico
22221,42.5511669,0.472037,centroide_nominatim_historico
22222,42.1240627,-0.2813118,centroide_nominatim_historico
22223,42.3172402,0.7469658,centroide_nominatim_historico
22225,41.8675034,0.421573,centroide_nominatim_historico
22226,41.9784326,-0.536013,centroide_nominatim_historico
22227,42.5875964,0.1827146,centroide_nominatim_historico
22228,42.1322984,-0.3537028,centroide_nominatim_historico
22229,42.1149441,0.5650762,centroide_nominatim_historico
22230,42.6276936,-0.112138,centroide_nominatim_historico
22232,41.9343439,-0.5110026,centroide_nominatim_historico
22233,42.3730631,0.5266856,centroide_nominatim_historico
22234,41.4731356,0.3348933,centroide_nominatim_historico
22235,41.9670452,-0.1102331,centroide_nominatim_historico
22236,41.9603527,-0.4318479,centroide_nominatim_historico
22239,41.9725624,-0.2954517,centroide_nominatim_historico
22242,41.5580695,-0.1323442,centroide_nominatim_historico
22245,41.5866393,0.2620195,centroide_nominatim_historico
22247,42.0676759,0.6388095,centroide_nominatim_historico
22248,42.0566199,-0.4408209,centroide_nominatim_historico
22249,42.5474264,0.4620245,centroide_nominatim_historico
22250,42.6787415,-0.5309578,centroide_nominatim_historico
22251,41.715614,-0.0089743,centroide_nominatim_historico
22252,42.4862889,-0.2819086,centroide_nominatim_historico
22253,42.6193423,-0.2503789,centroide_nominatim_historico
22254,41.6043154,0.2634123,centroide_nominatim_historico
22901,42.7307349,-0.7327873,centroide_nominatim_historico
22902,42.5563486,-0.7859784,centroide_nominatim_historico
22903,41.8220544,0.0810949,centroide_nominatim_historico
22904,42.2539135,-0.545237,centroide_nominatim_historico
22905,42.1747809,-0.582497,centroide_nominatim_historico
22906,42.1236648,0.0336774,centroide_nominatim_historico
22907,42.3348021,0.0564851,centroide_nominatim_historico
22908,42.1275204,0.1187461,centroide_nominatim_historico
22909,41.7050744,0.3240515,centroide_nominatim_historico
23001,37.7919927,-3.4678765,centroide_nominatim_historico
23002,37.4619794,-3.922384,centroide_nominatim_historico
23003,37.5881403,-4.0812937,centroide_nominatim_historico
23004,38.4125181,-3.3716744,centroide_nominatim_historico
23005,38.0392362,-4.0505603,centroide_nominatim_historico
23006,37.9355989,-4.0544689,centroide_nominatim_historico
23007,37.9740992,-4.1068464,centroide_nominatim_historico
23008,38.1809503,-3.4270554,centroide_nominatim_historico
23009,37.9945171,-3.4708163,centroide_nominatim_historico
23010,38.096787,-3.7765601,centroide_nominatim_historico
23011,38.1710134,-3.7744639,centroide_nominatim_historico
23012,38.2526786,-2.8908722,centroide_nominatim_historico
23014,37.9853073,-3.5342046,centroide_nominatim_historico
23015,37.7238028,-3.3823692,centroide_nominatim_historico
23016,38.3528099,-2.6517296,centroide_nominatim_historico
23017,37.7036217,-3.2867065,centroide_nominatim_historico
23018,37.6768457,-3.5649212,centroide_nominatim_historico
23019,37.5552182,-3.6353369,centroide_nominatim_historico
23020,38.0481647,-3.4816832,centroide_nominatim_historico
23021,38.2301902,-3.6313917,centroide_nominatim_historico
23024,38.2742478,-3.6152701,centroide_nominatim_historico
23025,38.251697,-3.1314863,centroide_nominatim_historico
23026,37.5279563,-3.9422486,centroide_nominatim_historico
23027,37.9843429,-3.8816451,centroide_nominatim_historico
23028,37.9128927,-3.0038873,centroide_nominatim_historico
23029,38.3115637,-3.0428203,centroide_nominatim_historico
23030,38.0018558,-3.0314178,centroide_nominatim_historico
23031,37.8787752,-4.0334742,centroide_nominatim_historico
23032,38.0322769,-3.8623596,centroide_nominatim_historico
23033,37.4873237,-3.8370179,centroide_nominatim_historico
23034,37.6462911,-3.9110221,centroide_nominatim_historico
23035,37.8748233,-3.8844425,centroide_nominatim_historico
23037,38.4299516,-2.7330299,centroide_nominatim_historico
23038,37.465672,-3.9245826,centroide_nominatim_historico
23039,38.1837551,-3.6855149,centroide_nominatim_historico
23040,37.9710139,-3.9914609,centroide_nominatim_historico
23041,37.7983906,-4.1574696,centroide_nominatim_historico
23042,37.7155422,-2.9987543,centroide_nominatim_historico
23043,38.216737,-2.7191753,centroide_nominatim_historico
23044,37.6473035,-3.4551806,centroide_nominatim_historico
23045,37.7642666,-3.0773233,centroide_nominatim_historico
23046,38.020922,-3.501422,centroide_nominatim_historico
23047,37.9203509,-2.9941404,centroide_nominatim_historico
23048,38.156867,-3.0327811,centroide_nominatim_historico
23049,38.0195785,-3.7275997,centroide_nominatim_historico
23050,37.7728858,-3.7883289,centroide_nominatim_historico
23051,37.7467038,-3.9124504,centroide_nominatim_historico
23052,37.8409266,-3.4763632,centroide_nominatim_historico
23053,37.8406832,-3.3548686,centroide_nominatim_historico
23054,37.7599694,-3.2019071,centroide_nominatim_historico
23055,38.0931247,-3.6357207,centroide_nominatim_historico
23056,37.9455526,-4.2142298,centroide_nominatim_historico
23057,37.9972849,-3.5465487,centroide_nominatim_historico
23058,37.7864076,-3.6125494,centroide_nominatim_historico
23059,38.044816,-4.170945,centroide_nominatim_historico
23060,37.7222633,-3.9703241,centroide_nominatim_historico
23061,37.9680499,-3.8087804,centroide_nominatim_historico
23062,38.3421949,-3.1036044,centroide_nominatim_historico
23063,38.1835107,-3.3136785,centroide_nominatim_historico
23064,37.5290214,-3.6542166,centroide_nominatim_historico
23065,38.3180223,-2.6610525,centroide_nominatim_historico
23066,37.9121397,-3.1240597,centroide_nominatim_historico
23067,37.7400607,-3.6450264,centroide_nominatim_historico
23069,37.8710423,-4.1842853,centroide_nominatim_historico
23070,37.7026954,-2.9350566,centroide_nominatim_historico
23071,38.3545624,-2.8031995,centroide_nominatim_historico
23072,38.2542816,-2.7233513,centroide_nominatim_historico
23073,37.8429817,-3.0669209,centroide_nominatim_historico
23074,38.0476731,-3.461804,centroide_nominatim_historico
23075,38.0691918,-3.3068128,centroide_nominatim_historico
23076,38.3402349,-3.5398078,centroide_nominatim_historico
23077,37.7534531,-4.169898,centroide_nominatim_historico
23079,38.2484355,-3.2061898,centroide_nominatim_historico
23080,38.0273767,-3.0999333,centroide_nominatim_historico
23081,38.2988567,-2.6518766,centroide_nominatim_historico
23082,38.3878613,-2.5826373,centroide_nominatim_historico
23084,38.2404151,-3.0536118,centroide_nominatim_historico
23085,37.9978262,-3.6352997,centroide_nominatim_historico
23086,37.7702055,-3.8972315,centroide_nominatim_historico
23087,37.7610096,-3.9511024,centroide_nominatim_historico
23088,38.0354317,-3.2883496,centroide_nominatim_historico
23090,37.7846518,-3.5081897,centroide_nominatim_historico
23091,38.4153683,-2.67673,centroide_nominatim_historico
23092,38.0111398,-3.3719098,centroide_nominatim_historico
23093,37.5899962,-3.8153262,centroide_nominatim_historico
23094,38.2107652,-3.5130577,centroide_nominatim_historico
23095,38.11602,-3.083922,centroide_nominatim_historico
23096,38.0051678,-3.9146981,centroide_nominatim_historico
23097,38.1685887,-3.0078293,centroide_nominatim_historico
23098,37.8381084,-4.0017495,centroide_nominatim_historico
23099,37.6877128,-3.818205,centroide_nominatim_historico
23101,38.4872582,-2.6363672,centroide_nominatim_historico
23901,37.6447567,-3.6385245,centroide_nominatim_historico
23902,37.8324158,-3.4235304,centroide_nominatim_historico
23903,37.9331302,-3.7041238,centroide_nominatim_historico
23904,38.0987617,-2.6568836,centroide_nominatim_historico
23905,38.3217918,-2.8934526,centroide_nominatim_historico
24001,43.0391854,-5.1159697,centroide_nominatim_historico
24002,42.2196382,-5.5851273,centroide_nominatim_historico
24003,42.1417568,-5.8367367,centroide_nominatim_historico
24004,42.6581453,-5.0361457,centroide_nominatim_historico
24005,42.1785923,-5.6899586,centroide_nominatim_historico
24006,42.4364485,-5.5605337,centroide_nominatim_historico
24007,42.6411087,-6.6854111,centroide_nominatim_historico
24008,42.455401,-6.052924,centroide_nominatim_historico
24009,42.7062532,-6.9228651,centroide_nominatim_historico
24010,42.2998096,-5.8970081,centroide_nominatim_historico
24011,42.6112016,-6.9792579,centroide_nominatim_historico
24012,42.8836096,-5.8783676,centroide_nominatim_historico
24014,42.615398,-6.416971,centroide_nominatim_historico
24015,42.5030114,-5.8966106,centroide_nominatim_historico
24016,42.4005361,-6.7086507,centroide_nominatim_historico
24017,42.3809862,-5.7038921,centroide_nominatim_historico
24018,42.3876814,-5.1451977,centroide_nominatim_historico
24019,42.7307946,-6.6030486,centroide_nominatim_historico
24020,42.9730324,-4.9253901,centroide_nominatim_historico
24021,42.866767,-5.3233221,centroide_nominatim_historico
24022,42.4918575,-6.7266298,centroide_nominatim_historico
24023,42.4972719,-6.1572036,centroide_nominatim_historico
24024,42.4015006,-5.1757403,centroide_nominatim_historico
24025,43.0244821,-5.0514632,centroide_nominatim_historico
24026,42.4413416,-5.7915737,centroide_nominatim_historico
24027,42.6201168,-6.636473,centroide_nominatim_historico
24028,42.4020776,-5.5420111,centroide_nominatim_historico
24029,42.95367,-6.147952,centroide_nominatim_historico
24030,42.599016,-6.7255949,centroide_nominatim_historico
24031,42.3885967,-5.0801303,centroide_nominatim_historico
24032,42.1423995,-5.4934322,centroide_nominatim_historico
24033,42.4390904,-5.5277177,centroide_nominatim_historico
24034,42.5775672,-6.6675865,centroide_nominatim_historico
24036,42.8166961,-6.7283943,centroide_nominatim_historico
24037,42.9590814,-5.5717451,centroide_nominatim_historico
24038,42.5572411,-6.7289709,centroide_nominatim_historico
24039,42.5825403,-5.828846,centroide_nominatim_historico
24040,42.7966168,-5.7435693,centroide_nominatim_historico
24041,42.4903276,-6.7613409,centroide_nominatim_historico
24042,42.2204088,-5.4220406,centroide_nominatim_historico
24044,42.3237923,-6.1338534,centroide_nominatim_historico
24046,42.1953893,-5.9799674,centroide_nominatim_historico
24047,42.183727,-6.1916204,centroide_nominatim_historico
24049,42.5809609,-6.4677875,centroide_nominatim_historico
24050,42.3463346,-5.2481945,centroide_nominatim_historico
24051,42.4619773,-5.0127682,centroide_nominatim_historico
24052,42.7249878,-5.0258867,centroide_nominatim_historico
24053,42.2570401,-5.8258845,centroide_nominatim_historico
24054,42.118029,-5.5984783,centroide_nominatim_historico
24055,42.6177068,-5.8059392,centroide_nominatim_historico
24056,42.8031437,-5.1255957,centroide_nominatim_historico
24057,42.6175246,-6.5201227,centroide_nominatim_historico
24058,42.4077051,-5.4595325,centroide_nominatim_historico
24059,42.5807721,-6.8185695,centroide_nominatim_historico
24060,42.9033585,-5.1431358,centroide_nominatim_historico
24061,42.7111486,-5.639153,centroide_nominatim_historico
24062,42.3719398,-5.5076444,centroide_nominatim_historico
24063,42.6558903,-5.1756683,centroide_nominatim_historico
24064,42.6240882,-6.5629162,centroide_nominatim_historico
24065,42.5069416,-5.6868872,centroide_nominatim_historico
24066,42.3269886,-6.093986,centroide_nominatim_historico
24067,42.2634788,-6.6563752,centroide_nominatim_historico
24068,42.8126528,-5.2180226,centroide_nominatim_historico
24070,42.7680405,-6.6249887,centroide_nominatim_historico
24071,42.6437299,-6.3195105,centroide_nominatim_historico
24073,42.3458944,-5.5361462,centroide_nominatim_historico
24074,42.1778728,-5.446686,centroide_nominatim_historico
24076,42.730915,-5.5233043,centroide_nominatim_historico
24077,42.3435046,-5.1575995,centroide_nominatim_historico
24078,42.1344839,-5.4019571,centroide_nominatim_historico
24079,42.6241048,-5.22695,centroide_nominatim_historico
24080,42.3209003,-5.0195201,centroide_nominatim_historico
24081,42.3775439,-5.4304009,centroide_nominatim_historico
24082,42.4636603,-5.8821214,centroide_nominatim_historico
24083,42.7283798,-6.2769782,centroide_nominatim_historico
24084,42.2236811,-5.257628,centroide_nominatim_historico
24086,42.2872779,-5.178728,centroide_nominatim_historico
24087,42.3315999,-5.7506061,centroide_nominatim_historico
24088,42.2397289,-5.6611973,centroide_nominatim_historico
24089,42.5989995,-5.5682413,centroide_nominatim_historico
24090,42.4094446,-6.3027415,centroide_nominatim_historico
24091,42.3430708,-6.2353512,centroide_nominatim_historico
24092,42.6358722,-5.8240344,centroide_nominatim_historico
24093,42.5398947,-6.0740882,centroide_nominatim_historico
24094,42.4991013,-5.4169163,centroide_nominatim_historico
24095,42.5093156,-5.4436183,centroide_nominatim_historico
24096,43.0501024,-5.1778018,centroide_nominatim_historico
24097,42.3376679,-5.3701088,centroide_nominatim_historico
24098,42.8509237,-5.5200489,centroide_nominatim_historico
24099,42.2394861,-5.3764012,centroide_nominatim_historico
24100,42.5378376,-6.5204633,centroide_nominatim_historico
24101,42.8502169,-6.1912448,centroide_nominatim_historico
24102,42.7125142,-6.3984836,centroide_nominatim_historico
24103,42.5476235,-6.9702932,centroide_nominatim_historico
24104,42.6820104,-5.8689876,centroide_nominatim_historico
24105,42.5247476,-5.5819058,centroide_nominatim_historico
24106,43.1369687,-5.0388745,centroide_nominatim_historico
24107,42.3300118,-5.4733195,centroide_nominatim_historico
24108,42.3279483,-5.9389711,centroide_nominatim_historico
24109,42.8760994,-6.4315336,centroide_nominatim_historico
24110,42.8210447,-6.4883427,centroide_nominatim_historico
24112,42.8769244,-6.6328486,centroide_nominatim_historico
24113,42.306,-5.6851992,centroide_nominatim_historico
24114,42.8549828,-5.6711735,centroide_nominatim_historico
24115,42.5454124,-6.5938719,centroide_nominatim_historico
24116,43.1514682,-4.9189559,centroide_nominatim_historico
24117,42.1711922,-5.7691015,centroide_nominatim_historico
24118,42.7829122,-5.0253448,centroide_nominatim_historico
24119,42.5102886,-6.6723942,centroide_nominatim_historico
24120,42.8944837,-4.9624749,centroide_nominatim_historico
24121,43.0082517,-5.2742117,centroide_nominatim_historico
24122,42.4111894,-6.8199576,centroide_nominatim_historico
24123,42.6609431,-6.0467428,centroide_nominatim_historico
24124,42.2066005,-5.8528918,centroide_nominatim_historico
24125,42.2554282,-6.0362252,centroide_nominatim_historico
24127,42.2928319,-5.859695,centroide_nominatim_historico
24129,42.9484824,-5.1978848,centroide_nominatim_historico
24130,42.9756044,-5.0056656,centroide_nominatim_historico
24131,42.388342,-5.9826151,centroide_nominatim_historico
24132,42.7734736,-5.9449781,centroide_nominatim_historico
24133,42.7294093,-5.7913406,centroide_nominatim_historico
24134,42.8025011,-5.6293673,centroide_nominatim_historico
24136,42.2374116,-5.7815848,centroide_nominatim_historico
24137,42.8355154,-5.1482534,centroide_nominatim_historico
24139,42.3719042,-5.0313138,centroide_nominatim_historico
24141,42.130601,-5.7286192,centroide_nominatim_historico
24142,42.6112327,-5.6168662,centroide_nominatim_historico
24143,42.6673217,-6.6340611,centroide_nominatim_historico
24144,42.3906726,-5.9076237,centroide_nominatim_historico
24145,42.9713176,-6.0005184,centroide_nominatim_historico
24146,42.1586092,-5.9302563,centroide_nominatim_historico
24148,42.4544676,-6.0145618,centroide_nominatim_historico
24149,42.2853306,-5.5616006,centroide_nominatim_historico
24150,42.391776,-5.7091195,centroide_nominatim_historico
24151,42.751273,-5.4127086,centroide_nominatim_historico
24152,42.444358,-6.2419948,centroide_nominatim_historico
24153,42.3545205,-5.309315,centroide_nominatim_historico
24154,42.2601508,-5.8883717,centroide_nominatim_historico
24155,42.357705,-5.9286139,centroide_nominatim_historico
24156,42.4915159,-5.1168441,centroide_nominatim_historico
24157,42.3535304,-5.7490409,centroide_nominatim_historico
24158,42.7269256,-5.822626,centroide_nominatim_historico
24159,42.513174,-5.8591186,centroide_nominatim_historico
24160,42.4317267,-5.3713608,centroide_nominatim_historico
24161,42.3834972,-6.1053483,centroide_nominatim_historico
24162,42.5432895,-5.6238125,centroide_nominatim_historico
24163,42.6471764,-5.6299522,centroide_nominatim_historico
24164,42.9290995,-5.9524814,centroide_nominatim_historico
24165,42.5200635,-6.8530664,centroide_nominatim_historico
24166,42.331609,-5.8816802,centroide_nominatim_historico
24167,42.7792845,-5.8858371,centroide_nominatim_historico
24168,42.2428548,-5.5671476,centroide_nominatim_historico
24169,42.6965966,-6.5127579,centroide_nominatim_historico
24170,42.5957352,-6.3240362,centroide_nominatim_historico
24171,42.649586,-6.8816504,centroide_nominatim_historico
24172,42.2856851,-6.3775157,centroide_nominatim_historico
24173,42.5349945,-5.8766391,centroide_nominatim_historico
24174,42.3709574,-5.7741525,centroide_nominatim_historico
24175,42.5940041,-5.4926699,centroide_nominatim_historico
24176,42.3244971,-5.8289259,centroide_nominatim_historico
24177,42.9779071,-5.4172489,centroide_nominatim_historico
24178,42.1955809,-5.4275174,centroide_nominatim_historico
24179,42.8707271,-5.4002622,centroide_nominatim_historico
24180,42.5416752,-5.2476112,centroide_nominatim_historico
24181,42.0787776,-5.444744,centroide_nominatim_historico
24182,42.3943465,-6.0200038,centroide_nominatim_historico
24183,42.8244936,-4.9807602,centroide_nominatim_historico
24184,42.721377,-5.9518021,centroide_nominatim_historico
24185,42.4166478,-6.1207377,centroide_nominatim_historico
24187,42.4195695,-5.6202669,centroide_nominatim_historico
24188,42.2936047,-5.5188832,centroide_nominatim_historico
24189,42.5684883,-5.6833212,centroide_nominatim_historico
24190,42.3039103,-5.3004313,centroide_nominatim_historico
24191,42.3560442,-5.2116954,centroide_nominatim_historico
24193,42.8486707,-5.4059249,centroide_nominatim_historico
24194,42.8860413,-5.5344461,centroide_nominatim_historico
24196,42.7265754,-6.6544374,centroide_nominatim_historico
24197,42.4812545,-5.533027,centroide_nominatim_historico
24198,42.6644368,-6.9454103,centroide_nominatim_historico
24199,42.8187806,-5.3322752,centroide_nominatim_historico
24201,42.6837669,-5.3652609,centroide_nominatim_historico
24202,42.9388713,-6.3183421,centroide_nominatim_historico
24203,42.2460378,-5.4467541,centroide_nominatim_historico
24205,42.5172921,-5.7668042,centroide_nominatim_historico
24206,42.5424207,-6.7758086,centroide_nominatim_historico
24207,42.2697632,-5.5687703,centroide_nominatim_historico
24209,42.605583,-6.8111675,centroide_nominatim_historico
24210,42.6423627,-6.1627847,centroide_nominatim_historico
24211,42.1797917,-5.5927195,centroide_nominatim_historico
24212,42.3221133,-5.5833776,centroide_nominatim_historico
24213,42.5685922,-5.0597077,centroide_nominatim_historico
24214,42.5624519,-6.0246299,centroide_nominatim_historico
24215,42.4275108,-5.048693,centroide_nominatim_historico
24216,42.3094531,-5.996308,centroide_nominatim_historico
24217,42.3969238,-5.3011836,centroide_nominatim_historico
24218,42.4727603,-5.4809076,centroide_nominatim_historico
24219,42.5005498,-6.0580907,centroide_nominatim_historico
24221,42.1446605,-5.5982594,centroide_nominatim_historico
24222,42.6469775,-5.5596277,centroide_nominatim_historico
24223,42.445501,-5.9040383,centroide_nominatim_historico
24224,42.4712672,-5.9089969,centroide_nominatim_historico
24225,42.532073,-5.4128322,centroide_nominatim_historico
24226,42.5610408,-5.0475167,centroide_nominatim_historico
24227,42.5185496,-5.4871978,centroide_nominatim_historico
24228,42.3614809,-5.8543941,centroide_nominatim_historico
24229,42.5356705,-4.9644971,centroide_nominatim_historico
24230,42.2719681,-5.7364405,centroide_nominatim_historico
24901,42.9832524,-5.6950756,centroide_nominatim_historico
24902,42.1880265,-5.5308832,centroide_nominatim_historico
25001,42.1614592,1.0923357,centroide_nominatim_historico
25002,42.0000405,0.7632134,centroide_nominatim_historico
25003,41.787076,1.0985119,centroide_nominatim_historico
25004,41.6156316,0.7389985,centroide_nominatim_historico
25005,42.3219118,1.5170869,centroide_nominatim_historico
25006,41.448483,0.7389506,centroide_nominatim_historico
25007,41.5733194,0.6059163,centroide_nominatim_historico
25008,41.7513409,0.6591801,centroide_nominatim_historico
25009,41.4234389,0.9384768,centroide_nominatim_historico
25010,41.4811336,0.6167568,centroide_nominatim_historico
25011,41.5632578,0.5240396,centroide_nominatim_historico
25012,41.6472222,0.6944444,centroide_nominatim_historico
25013,41.8319289,0.5703358,centroide_nominatim_historico
25014,41.5214162,0.6200114,centroide_nominatim_historico
25015,41.81505,0.6384169,centroide_nominatim_historico
25016,41.7361463,0.585933,centroide_nominatim_historico
25017,42.549124,1.3180552,centroide_nominatim_historico
25019,41.7294989,0.4404763,centroide_nominatim_historico
25020,41.3053912,0.423659,centroide_nominatim_historico
25021,41.7961026,0.5688317,centroide_nominatim_historico
25022,41.9124041,0.9607021,centroide_nominatim_historico
25023,41.6651189,0.5560656,centroide_nominatim_historico
25024,42.6903552,1.0624833,centroide_nominatim_historico
25025,42.7016601,0.9131665,centroide_nominatim_historico
25027,41.6581289,1.0834165,centroide_nominatim_historico
25029,41.5413249,0.9242319,centroide_nominatim_historico
25030,42.3721732,1.6047661,centroide_nominatim_historico
25031,42.7583345,0.7090562,centroide_nominatim_historico
25032,42.3507602,1.5830268,centroide_nominatim_historico
25033,41.552805,0.7034622,centroide_nominatim_historico
25034,41.8962914,1.0471121,centroide_nominatim_historico
25035,41.8049307,0.8797113,centroide_nominatim_historico
25036,41.4954431,0.6725123,centroide_nominatim_historico
25037,41.9286777,0.8003304,centroide_nominatim_historico
25038,41.4939531,0.4591083,centroide_nominatim_historico
25039,42.3386268,1.0139824,centroide_nominatim_historico
25040,41.7896408,0.8050711,centroide_nominatim_historico
25041,41.6777676,1.0164683,centroide_nominatim_historico
25043,42.5428062,0.8675631,centroide_nominatim_historico
25044,42.0062092,1.2960417,centroide_nominatim_historico
25045,42.8347635,0.7158147,centroide_nominatim_historico
25046,41.5608943,1.0165748,centroide_nominatim_historico
25047,41.7589072,0.904537,centroide_nominatim_historico
25048,41.6306236,0.7785425,centroide_nominatim_historico
25049,41.7741855,0.9519865,centroide_nominatim_historico
25050,41.6254383,1.0117111,centroide_nominatim_historico
25051,42.3702061,1.7745202,centroide_nominatim_historico
25052,41.6721394,0.8176989,centroide_nominatim_historico
25053,41.6957038,0.6327181,centroide_nominatim_historico
25055,41.8419229,1.3579097,centroide_nominatim_historico
25056,41.3269404,0.6386632,centroide_nominatim_historico
25057,42.7375291,0.7200281,centroide_nominatim_historico
25058,41.5214573,0.8781148,centroide_nominatim_historico
25059,42.7859893,0.69312,centroide_nominatim_historico
25061,42.2391689,1.2469615,centroide_nominatim_historico
25062,41.8756649,0.8778945,centroide_nominatim_historico
25063,42.8382496,0.7399836,centroide_nominatim_historico
25064,42.022662,1.4161208,centroide_nominatim_historico
25067,41.4980663,0.7663389,centroide_nominatim_historico
25068,41.6468732,0.9700315,centroide_nominatim_historico
25069,41.8195348,0.7284574,centroide_nominatim_historico
25070,41.7461952,0.9885816,centroide_nominatim_historico
25071,42.3165818,1.6111497,centroide_nominatim_historico
25072,41.6730667,1.2729426,centroide_nominatim_historico
25073,41.425096,0.8603483,centroide_nominatim_historico
25074,41.5613952,1.1393955,centroide_nominatim_historico
25076,41.4670206,0.6894153,centroide_nominatim_historico
25077,42.1739087,1.3161338,centroide_nominatim_historico
25078,41.6905677,0.6930804,centroide_nominatim_historico
25079,41.8526897,0.9587685,centroide_nominatim_historico
25081,41.4958498,1.0039347,centroide_nominatim_historico
25082,42.5762878,1.0884847,centroide_nominatim_historico
25085,41.6918538,1.3782786,centroide_nominatim_historico
25086,42.6274685,1.1228821,centroide_nominatim_historico
25087,42.5924733,1.2620454,centroide_nominatim_historico
25088,42.3750366,1.5237335,centroide_nominatim_historico
25089,42.4969344,1.27255,centroide_nominatim_historico
25092,41.5103082,0.9195489,centroide_nominatim_historico
25093,41.6342812,0.8739685,centroide_nominatim_historico
25094,41.876869,1.0131802,centroide_nominatim_historico
25096,41.7143699,1.0187145,centroide_nominatim_historico
25097,41.4634427,1.024406,centroide_nominatim_historico
25098,42.123377,0.9202116,centroide_nominatim_historico
25099,41.6331288,0.9321508,centroide_nominatim_historico
25100,42.2365129,1.6605511,centroide_nominatim_historico
25101,41.3555437,0.6648954,centroide_nominatim_historico
25102,41.4191264,0.3523723,centroide_nominatim_historico
25103,41.6485431,1.2236395,centroide_nominatim_historico
25104,41.6238745,1.2461381,centroide_nominatim_historico
25105,41.4329666,0.6491956,centroide_nominatim_historico
25109,41.5646664,1.1834968,centroide_nominatim_historico
25110,41.785242,1.289032,centroide_nominatim_historico
25111,42.1435607,1.6678083,centroide_nominatim_historico
25112,41.8499999,0.5860625,centroide_nominatim_historico
25113,41.6809224,0.986114,centroide_nominatim_historico
25114,41.7720734,1.3949562,centroide_nominatim_historico
25115,42.1290793,1.0046633,centroide_nominatim_historico
25118,41.3715158,0.7753498,centroide_nominatim_historico
25119,41.5485218,0.8245593,centroide_nominatim_historico
25120,41.6147605,0.6267842,centroide_nominatim_historico
25121,42.8126854,0.7118311,centroide_nominatim_historico
25122,41.7104501,0.9037626,centroide_nominatim_historico
25123,42.6209464,1.2494301,centroide_nominatim_historico
25124,42.044734,1.508155,centroide_nominatim_historico
25125,41.3745721,0.5500271,centroide_nominatim_historico
25126,42.4957479,1.210519,centroide_nominatim_historico
25127,42.3903804,1.6875851,centroide_nominatim_historico
25128,42.0750605,0.91585,centroide_nominatim_historico
25130,41.5505618,1.0396632,centroide_nominatim_historico
25131,41.4591786,0.3596468,centroide_nominatim_historico
25132,41.7970722,1.3103274,centroide_nominatim_historico
25133,41.3640737,0.5053309,centroide_nominatim_historico
25134,41.7300771,0.7438658,centroide_nominatim_historico
25135,41.6049685,0.8801705,centroide_nominatim_historico
25137,41.6298226,0.8937727,centroide_nominatim_historico
25138,41.7999989,0.961434,centroide_nominatim_historico
25139,42.3229253,1.6931213,centroide_nominatim_historico
25140,42.3957216,1.3376396,centroide_nominatim_historico
25141,41.5900878,1.2698212,centroide_nominatim_historico
25142,41.5601373,0.5889379,centroide_nominatim_historico
25143,41.6009305,1.230309,centroide_nominatim_historico
25145,41.5601757,1.1151553,centroide_nominatim_historico
25146,41.9911068,1.639612,centroide_nominatim_historico
25148,42.1288886,1.4503494,centroide_nominatim_historico
25149,42.0671629,1.3149416,centroide_nominatim_historico
25152,41.6967254,1.3200824,centroide_nominatim_historico
25153,41.502237,0.9618227,centroide_nominatim_historico
25154,41.5003209,1.0749613,centroide_nominatim_historico
25155,42.2107781,1.327822,centroide_nominatim_historico
25156,41.8713099,0.7193399,centroide_nominatim_historico
25157,41.7548359,1.1592516,centroide_nominatim_historico
25158,41.6576741,0.8750681,centroide_nominatim_historico
25161,42.2310615,1.0565329,centroide_nominatim_historico
25163,42.1758114,1.5914256,centroide_nominatim_historico
25164,41.7585402,0.9652356,centroide_nominatim_historico
25165,42.0577991,1.2678488,centroide_nominatim_historico
25167,41.8274504,1.5426078,centroide_nominatim_historico
25168,41.6786341,0.8557482,centroide_nominatim_historico
25169,41.3594532,0.9199503,centroide_nominatim_historico
25170,41.3372673,0.7361281,centroide_nominatim_historico
25171,42.2401756,0.9660326,centroide_nominatim_historico
25172,41.9154944,1.1863072,centroide_nominatim_historico
25173,42.4079576,0.7401693,centroide_nominatim_historico
25174,41.7396381,0.6397836,centroide_nominatim_historico
25175,42.3654525,1.8372016,centroide_nominatim_historico
25176,41.6069897,1.0386967,centroide_nominatim_historico
25177,41.7948485,1.0509201,centroide_nominatim_historico
25179,42.3803293,1.7364774,centroide_nominatim_historico
25180,41.5510407,0.8890694,centroide_nominatim_historico
25181,41.7780434,1.1215633,centroide_nominatim_historico
25182,41.5436104,0.7334031,centroide_nominatim_historico
25183,42.4430046,1.1354914,centroide_nominatim_historico
25185,42.2861046,1.4187688,centroide_nominatim_historico
25189,41.694083,0.5962386,centroide_nominatim_historico
25190,42.2120193,0.932087,centroide_nominatim_historico
25191,41.876169,1.3106363,centroide_nominatim_historico
25192,41.6575687,1.4208056,centroide_nominatim_historico
25193,42.1360783,1.5885869,centroide_nominatim_historico
25194,41.7253374,1.363189,centroide_nominatim_historico
25196,42.0798949,0.7640458,centroide_nominatim_historico
25197,41.7624821,1.3236047,centroide_nominatim_historico
25200,41.4594249,0.5610144,centroide_nominatim_historico
25201,42.3595877,0.8812388,centroide_nominatim_historico
25202,42.3249257,0.9366155,centroide_nominatim_historico
25203,41.6960344,1.1737144,centroide_nominatim_historico
25204,41.4636665,0.4118677,centroide_nominatim_historico
25205,41.6289346,0.8318491,centroide_nominatim_historico
25206,41.4134942,0.6819598,centroide_nominatim_historico
25207,41.9945762,1.5184038,centroide_nominatim_historico
25208,42.3848228,1.1834819,centroide_nominatim_historico
25209,42.4114509,1.1298362,centroide_nominatim_historico
25210,41.5331552,0.4874802,centroide_nominatim_historico
25211,41.556894,0.5669118,centroide_nominatim_historico
25212,41.5230023,0.5924514,centroide_nominatim_historico
25215,42.1860349,0.8995312,centroide_nominatim_historico
25216,41.5817985,1.33826,centroide_nominatim_historico
25217,41.6472761,1.1409115,centroide_nominatim_historico
25218,41.422847,1.0195198,centroide_nominatim_historico
25219,41.7308605,1.2742092,centroide_nominatim_historico
25220,41.7184579,0.7631282,centroide_nominatim_historico
25221,42.514956,1.243896,centroide_nominatim_historico
25223,41.8120807,1.4037146,centroide_nominatim_historico
25224,41.3945871,0.7200786,centroide_nominatim_historico
25225,41.7018162,1.0524009,centroide_nominatim_historico
25226,41.4265429,0.5947229,centroide_nominatim_historico
25227,42.4130548,0.9786399,centroide_nominatim_historico
25228,41.6735377,0.6066894,centroide_nominatim_historico
25230,41.5805089,0.8317131,centroide_nominatim_historico
25231,41.7043481,0.7028965,centroide_nominatim_historico
25232,41.5352381,0.5135629,centroide_nominatim_historico
25233,41.672172,0.6303608,centroide_nominatim_historico
25234,42.1669782,0.8950137,centroide_nominatim_historico
25238,41.5249704,1.0890539,centroide_nominatim_historico
25239,42.3775374,1.4553493,centroide_nominatim_historico
25240,41.7518459,0.8165116,centroide_nominatim_historico
25242,41.6102775,1.143512,centroide_nominatim_historico
25243,42.7017572,0.7954744,centroide_nominatim_historico
25244,41.648938,1.1054885,centroide_nominatim_historico
25245,42.4759263,0.7165615,centroide_nominatim_historico
25247,42.7471748,0.7277956,centroide_nominatim_historico
25248,41.6140501,0.9623795,centroide_nominatim_historico
25250,41.9953518,1.0228846,centroide_nominatim_historico
25251,41.7121134,0.6169172,centroide_nominatim_historico
25252,41.6628331,0.9289367,centroide_nominatim_historico
25253,41.3828759,0.9467814,centroide_nominatim_historico
25254,41.6895577,0.7288787,centroide_nominatim_historico
25255,41.4281821,0.9745809,centroide_nominatim_historico
25901,42.5936277,1.2026698,centroide_nominatim_historico
25902,41.5550892,1.0798514,centroide_nominatim_historico
25903,42.5899473,1.1349055,centroide_nominatim_historico
25904,42.1209291,0.796629,centroide_nominatim_historico
25905,41.634037,1.3288471,centroide_nominatim_historico
25906,42.2939786,1.3418562,centroide_nominatim_historico
25907,41.7787656,1.2473908,centroide_nominatim_historico
25908,42.2068675,1.3889096,centroide_nominatim_historico
25909,42.2371211,1.4477154,centroide_nominatim_historico
25910,42.2449099,1.5879768,centroide_nominatim_historico
25911,41.7613772,1.1970131,centroide_nominatim_historico
25912,41.6714077,0.3842872,centroide_nominatim_historico
25913,42.3451931,1.8261265,centroide_nominatim_historico
26001,42.5727159,-2.7100606,centroide_nominatim_historico
26002,42.4451704,-2.2913654,centroide_nominatim_historico
26003,41.9624974,-1.993993,centroide_nominatim_historico
26005,42.3560509,-2.4736796,centroide_nominatim_historico
26006,42.4060734,-2.4392907,centroide_nominatim_historico
26007,42.405104,-2.1198668,centroide_nominatim_historico
26008,42.2293469,-1.8880858,centroide_nominatim_historico
26009,42.414271,-2.8171672,centroide_nominatim_historico
26011,42.1785741,-1.7492454,centroide_nominatim_historico
26013,42.5752687,-2.9027969,centroide_nominatim_historico
26014,42.2612479,-2.7648813,centroide_nominatim_historico
26015,42.3865969,-2.7188924,centroide_nominatim_historico
26018,42.2273401,-2.0995697,centroide_nominatim_historico
26019,42.4354749,-2.2521162,centroide_nominatim_historico
26020,42.3447755,-2.1690484,centroide_nominatim_historico
26021,42.2130714,-2.0057815,centroide_nominatim_historico
26022,42.4234645,-2.8014132,centroide_nominatim_historico
26023,42.3677057,-2.8083919,centroide_nominatim_historico
26024,42.470048,-2.9100066,centroide_nominatim_historico
26025,42.5118917,-2.9459867,centroide_nominatim_historico
26026,42.3348282,-2.7612306,centroide_nominatim_historico
26031,42.3175989,-2.7600208,centroide_nominatim_historico
26033,42.6012036,-2.8307543,centroide_nominatim_historico
26034,42.5420879,-2.7878054,centroide_nominatim_historico
26036,42.3035212,-1.9648758,centroide_nominatim_historico
26037,42.3537041,-2.7228556,centroide_nominatim_historico
26038,42.1426201,-3.0251241,centroide_nominatim_historico
26040,42.3916416,-2.8462019,centroide_nominatim_historico
26041,42.3743627,-2.767099,centroide_nominatim_historico
26042,42.5479528,-2.9110775,centroide_nominatim_historico
26043,42.5119534,-2.9317081,centroide_nominatim_historico
26046,42.4813371,-2.6420483,centroide_nominatim_historico
26047,42.0058319,-1.9554794,centroide_nominatim_historico
26049,42.5655085,-2.9218252,centroide_nominatim_historico
26050,42.4117511,-2.8955322,centroide_nominatim_historico
26051,42.3494671,-2.4262521,centroide_nominatim_historico
26053,42.3432001,-2.2193738,centroide_nominatim_historico
26054,42.0657909,-2.093952,centroide_nominatim_historico
26056,42.540534,-2.9636152,centroide_nominatim_historico
26059,42.387465,-2.5299193,centroide_nominatim_historico
26061,42.3257844,-3.0146438,centroide_nominatim_historico
26062,42.6149845,-3.0390692,centroide_nominatim_historico
26063,42.5815093,-3.011968,centroide_nominatim_historico
26064,42.4670856,-2.5614574,centroide_nominatim_historico
26066,42.3475858,-2.2370324,centroide_nominatim_historico
26068,42.5494612,-2.8229957,centroide_nominatim_historico
26069,42.4501692,-3.0272894,centroide_nominatim_historico
26070,42.1083069,-2.0001963,centroide_nominatim_historico
26071,42.5768922,-2.8466768,centroide_nominatim_historico
26074,42.4479948,-2.8877928,centroide_nominatim_historico
26075,42.4378628,-2.7747342,centroide_nominatim_historico
26076,42.455544,-2.7309573,centroide_nominatim_historico
26078,42.3919433,-2.5851743,centroide_nominatim_historico
26079,42.4287945,-2.6944867,centroide_nominatim_historico
26080,42.0686394,-2.0092614,centroide_nominatim_historico
26083,42.333727,-2.3223243,centroide_nominatim_historico
26084,42.4272883,-2.4624393,centroide_nominatim_historico
26089,42.4661196,-2.4396676,centroide_nominatim_historico
26092,42.3918759,-2.6758322,centroide_nominatim_historico
26093,42.1532975,-2.9446257,centroide_nominatim_historico
26094,42.3951436,-2.895125,centroide_nominatim_historico
26096,42.3827151,-2.5539835,centroide_nominatim_historico
26098,42.188585,-2.2954756,centroide_nominatim_historico
26099,42.4028997,-2.3246959,centroide_nominatim_historico
26102,42.416745,-2.7336874,centroide_nominatim_historico
26103,42.3351254,-2.4882778,centroide_nominatim_historico
26105,42.4289697,-2.5616234,centroide_nominatim_historico
26107,42.2187843,-2.6675237,centroide_nominatim_historico
26111,42.5423293,-2.8327232,centroide_nominatim_historico
26112,42.1753684,-2.7047836,centroide_nominatim_historico
26117,42.3343295,-2.0688783,centroide_nominatim_historico
26119,42.1866215,-2.1796033,centroide_nominatim_historico
26120,42.228438,-2.0483069,centroide_nominatim_historico
26122,42.1960071,-2.6878233,centroide_nominatim_historico
26124,42.3552837,-2.3876788,centroide_nominatim_historico
26127,42.525862,-2.8447876,centroide_nominatim_historico
26128,42.5885996,-2.9602984,centroide_nominatim_historico
26129,42.4980158,-2.7498569,centroide_nominatim_historico
26131,42.5469329,-3.096822,centroide_nominatim_historico
26134,42.3681935,-2.6563567,centroide_nominatim_historico
26138,42.4406711,-2.9536395,centroide_nominatim_historico
26142,42.5624217,-2.7587262,centroide_nominatim_historico
26143,42.3701573,-2.5450196,centroide_nominatim_historico
26144,42.3424217,-2.5283408,centroide_nominatim_historico
26145,42.4002904,-2.6019433,centroide_nominatim_historico
26148,42.5463903,-2.9483216,centroide_nominatim_historico
26150,42.4935352,-3.0734709,centroide_nominatim_historico
26151,42.2560793,-2.6305716,centroide_nominatim_historico
26154,42.5011722,-2.6852289,centroide_nominatim_historico
26155,42.5575274,-3.0510631,centroide_nominatim_historico
26157,42.4019281,-2.7183425,centroide_nominatim_historico
26158,42.2995149,-2.1164086,centroide_nominatim_historico
26160,42.4424543,-2.7080791,centroide_nominatim_historico
26162,42.3172671,-3.0673819,centroide_nominatim_historico
26163,42.4042098,-2.6263385,centroide_nominatim_historico
26165,42.3082258,-2.5337834,centroide_nominatim_historico
26167,42.4918138,-2.9621669,centroide_nominatim_historico
26168,42.4259906,-2.4187939,centroide_nominatim_historico
26170,42.3239523,-2.0927308,centroide_nominatim_historico
26171,42.3713866,-2.8645607,centroide_nominatim_historico
26172,42.372862,-2.88774,centroide_nominatim_historico
26175,42.1317208,-2.9847602,centroide_nominatim_historico
26178,42.152461,-2.8891866,centroide_nominatim_historico
26180,42.5154514,-2.8817629,centroide_nominatim_historico
27001,43.3637307,-7.4752562,centroide_nominatim_historico
27002,43.5048922,-7.4274046,centroide_nominatim_historico
27003,42.7822537,-7.8896857,centroide_nominatim_historico
27004,43.0540026,-7.2280739,centroide_nominatim_historico
27005,43.514168,-7.2505546,centroide_nominatim_historico
27006,42.8544959,-7.1616043,centroide_nominatim_historico
27007,43.150149,-7.6851632,centroide_nominatim_historico
27008,42.6240523,-7.4847221,centroide_nominatim_historico
27009,42.530768,-7.8055203,centroide_nominatim_historico
27010,43.2096671,-7.4004155,centroide_nominatim_historico
27011,43.0300837,-7.3268933,centroide_nominatim_historico
27012,42.8270065,-6.9617665,centroide_nominatim_historico
27013,43.6696977,-7.4095553,centroide_nominatim_historico
27014,42.9428295,-7.4298314,centroide_nominatim_historico
27015,43.2171022,-7.5628658,centroide_nominatim_historico
27016,42.6096223,-7.7705862,centroide_nominatim_historico
27017,42.5882486,-7.1925449,centroide_nominatim_historico
27018,43.1248311,-7.0676605,centroide_nominatim_historico
27019,43.5688659,-7.2550407,centroide_nominatim_historico
27020,43.0303761,-7.7939267,centroide_nominatim_historico
27022,43.1807643,-7.8942672,centroide_nominatim_historico
27023,42.900644,-7.6583307,centroide_nominatim_historico
27024,42.6663998,-7.3632245,centroide_nominatim_historico
27026,42.8503989,-7.3855767,centroide_nominatim_historico
27027,43.459566,-7.2850512,centroide_nominatim_historico
27028,42.9913123,-7.5908294,centroide_nominatim_historico
27029,43.2135737,-7.2936633,centroide_nominatim_historico
27030,43.4296687,-7.3638814,centroide_nominatim_historico
27031,42.5236693,-7.5096951,centroide_nominatim_historico
27032,42.7918646,-7.8357837,centroide_nominatim_historico
27033,43.4677732,-7.7297943,centroide_nominatim_historico
27034,42.9642692,-6.9564727,centroide_nominatim_historico
27035,43.1316245,-6.8906978,centroide_nominatim_historico
27037,42.8089027,-7.1089861,centroide_nominatim_historico
27038,43.5640334,-7.6425182,centroide_nominatim_historico
27039,43.1024649,-7.6136338,centroide_nominatim_historico
27040,42.8739125,-7.8697964,centroide_nominatim_historico
27041,42.5085938,-7.6423646,centroide_nominatim_historico
27042,42.764594,-7.567601,centroide_nominatim_historico
27043,42.8351238,-7.5113208,centroide_nominatim_historico
27044,43.2951145,-7.372277,centroide_nominatim_historico
27045,42.7266132,-7.0216754,centroide_nominatim_historico
27046,43.1428414,-7.3218753,centroide_nominatim_historico
27047,42.5564957,-7.3921684,centroide_nominatim_historico
27048,43.3478304,-7.1922195,centroide_nominatim_historico
27049,42.808161,-7.6156139,centroide_nominatim_historico
27050,42.4751472,-7.2697796,centroide_nominatim_historico
27051,43.5361589,-7.0436775,centroide_nominatim_historico
27052,42.4292881,-7.2643601,centroide_nominatim_historico
27053,43.1984971,-7.2003195,centroide_nominatim_historico
27054,43.3248159,-7.2732093,centroide_nominatim_historico
27055,42.730661,-7.3265903,centroide_nominatim_historico
27056,43.1222814,-7.6228675,centroide_nominatim_historico
27057,42.7784203,-7.4146607,centroide_nominatim_historico
27058,42.6449477,-7.6394859,centroide_nominatim_historico
27059,42.4618386,-7.5869336,centroide_nominatim_historico
27060,42.7156699,-7.7629848,centroide_nominatim_historico
27061,43.4471608,-7.1942852,centroide_nominatim_historico
27062,42.7563403,-7.2397461,centroide_nominatim_historico
27063,43.5345591,-7.484288,centroide_nominatim_historico
27066,43.6621866,-7.5955019,centroide_nominatim_historico
27901,42.8936084,-7.2500667,centroide_nominatim_historico
27902,43.6606329,-7.3587521,centroide_nominatim_historico
28001,40.3400841,-3.7177128,centroide_nominatim_historico
28002,40.5342302,-3.4807818,centroide_nominatim_historico
28003,40.9177178,-3.8438216,centroide_nominatim_historico
28004,40.2307296,-3.9905893,centroide_nominatim_historico
28005,40.481954,-3.363981,centroide_nominatim_historico
28006,40.5400082,-3.6358494,centroide_nominatim_historico
28007,40.3492998,-3.8284295,centroide_nominatim_historico
28008,40.3215212,-4.19936,centroide_nominatim_historico
28009,40.5961297,-3.4974479,centroide_nominatim_historico
28010,40.6599005,-4.0251223,centroide_nominatim_historico
28011,40.3289723,-3.1812115,centroide_nominatim_historico
28012,40.4653862,-3.2689196,centroide_nominatim_historico
28013,40.0322289,-3.6040097,centroide_nominatim_historico
28014,40.3007913,-3.4381627,centroide_nominatim_historico
28015,40.2729225,-3.9157978,centroide_nominatim_historico
28016,40.4673858,-3.6872764,centroide_nominatim_historico
28017,40.2091393,-3.9215947,centroide_nominatim_historico
28018,40.7163522,-3.9890699,centroide_nominatim_historico
28019,40.1336305,-3.3398654,centroide_nominatim_historico
28020,40.9757802,-3.5236736,centroide_nominatim_historico
28021,40.8869725,-3.5649319,centroide_nominatim_historico
28022,40.4053485,-3.8764663,centroide_nominatim_historico
28023,40.3656199,-3.6164054,centroide_nominatim_historico
28024,41.0400124,-3.6425888,centroide_nominatim_historico
28025,40.2298255,-3.1094519,centroide_nominatim_historico
28026,40.4050499,-3.9979912,centroide_nominatim_historico
28027,40.9953477,-3.6350501,centroide_nominatim_historico
28028,40.8587766,-3.7097632,centroide_nominatim_historico
28029,40.8216089,-3.6259742,centroide_nominatim_historico
28030,40.4719168,-3.7175043,centroide_nominatim_historico
28031,40.3014283,-4.4408876,centroide_nominatim_historico
28032,40.5497252,-3.3785043,centroide_nominatim_historico
28033,40.3381881,-3.3813911,centroide_nominatim_historico
28034,40.9095894,-3.7375609,centroide_nominatim_historico
28035,40.2566206,-3.2375165,centroide_nominatim_historico
28036,40.1707803,-3.8308526,centroide_nominatim_historico
28037,40.2631894,-4.4669801,centroide_nominatim_historico
28038,40.7412931,-4.0558002,centroide_nominatim_historico
28039,40.9211319,-3.5293404,centroide_nominatim_historico
28040,40.1580087,-3.6205514,centroide_nominatim_historico
28041,40.5676083,-3.5048565,centroide_nominatim_historico
28042,40.4179997,-4.1972768,centroide_nominatim_historico
28043,40.1074198,-3.3871634,centroide_nominatim_historico
28044,40.4966509,-3.6636826,centroide_nominatim_historico
28045,40.6588647,-3.7659022,centroide_nominatim_historico
28046,40.6943707,-4.0247212,centroide_nominatim_historico
28047,40.6432432,-3.992353,centroide_nominatim_historico
28048,40.4235374,-3.2652482,centroide_nominatim_historico
28049,40.423802,-3.5552882,centroide_nominatim_historico
28050,40.1908352,-3.8378366,centroide_nominatim_historico
28051,40.379164,-4.2097254,centroide_nominatim_historico
28052,40.1408293,-3.4231474,centroide_nominatim_historico
28053,40.5451953,-3.45785,centroide_nominatim_historico
28054,40.5847092,-4.129445,centroide_nominatim_historico
28055,40.1847306,-3.1062403,centroide_nominatim_historico
28056,40.486444,-4.1723486,centroide_nominatim_historico
28057,40.5922684,-3.4119681,centroide_nominatim_historico
28058,40.282476,-3.7923422,centroide_nominatim_historico
28059,40.6339859,-3.5134668,centroide_nominatim_historico
28060,40.1185446,-3.160254,centroide_nominatim_historico
28061,40.5774992,-4.0037748,centroide_nominatim_historico
28062,40.9216084,-3.6866546,centroide_nominatim_historico
28063,40.965515,-3.7077908,centroide_nominatim_historico
28064,41.0185654,-3.641499,centroide_nominatim_historico
28065,40.3070639,-3.7331808,centroide_nominatim_historico
28066,40.2136607,-3.8581479,centroide_nominatim_historico
28067,40.7822384,-3.7007794,centroide_nominatim_historico
28068,40.6724354,-4.0890384,centroide_nominatim_historico
28069,40.4727771,-3.718673,centroide_nominatim_historico
28070,41.078683,-3.5839015,centroide_nominatim_historico
28071,41.0601151,-3.5457391,centroide_nominatim_historico
28072,40.6227334,-3.9072054,centroide_nominatim_historico
28073,40.2508847,-3.8270997,centroide_nominatim_historico
28074,40.3281942,-3.76527,centroide_nominatim_historico
28075,40.3834989,-3.4092989,centroide_nominatim_historico
28076,40.9513281,-3.7917078,centroide_nominatim_historico
28078,41.0477311,-3.5821549,centroide_nominatim_historico
28079,40.4237276,-3.6899043,centroide_nominatim_historico
28080,40.4728425,-3.8723542,centroide_nominatim_historico
28082,40.7267591,-3.8649327,centroide_nominatim_historico
28083,40.553746,-3.3281561,centroide_nominatim_historico
28084,40.3971902,-3.4896253,centroide_nominatim_historico
28085,40.8137532,-3.7667236,centroide_nominatim_historico
28086,40.7352503,-3.5832789,centroide_nominatim_historico
28087,40.7146904,-4.0733744,centroide_nominatim_historico
28088,41.0593529,-3.530299,centroide_nominatim_historico
28089,40.2615532,-3.8612117,centroide_nominatim_historico
28090,40.6791517,-3.9721764,centroide_nominatim_historico
28091,40.2293683,-3.4366818,centroide_nominatim_historico
28092,40.3238525,-3.8649214,centroide_nominatim_historico
28093,40.7287926,-4.0151676,centroide_nominatim_historico
28094,40.82328,-3.6747426,centroide_nominatim_historico
28095,40.4690591,-4.1227079,centroide_nominatim_historico
28096,40.2877169,-4.014299,centroide_nominatim_historico
28097,41.0073665,-3.731505,centroide_nominatim_historico
28099,40.3863666,-4.2508402,centroide_nominatim_historico
28100,40.3657118,-3.2427572,centroide_nominatim_historico
28102,40.2844284,-3.2083355,centroide_nominatim_historico
28104,40.5048527,-3.5317621,centroide_nominatim_historico
28106,40.2373952,-3.7718902,centroide_nominatim_historico
28107,40.8548194,-3.483954,centroide_nominatim_historico
28108,40.745115,-3.6030388,centroide_nominatim_historico
28109,40.3605272,-4.3334254,centroide_nominatim_historico
28110,40.2325861,-3.3506711,centroide_nominatim_historico
28111,40.4186699,-3.1771057,centroide_nominatim_historico
28112,40.9261949,-3.8184676,centroide_nominatim_historico
28113,40.240985,-3.7005072,centroide_nominatim_historico
28114,41.0355464,-3.5994756,centroide_nominatim_historico
28115,40.4346528,-3.814834,centroide_nominatim_historico
28116,40.3664055,-3.3200082,centroide_nominatim_historico
28117,41.0443369,-3.5402284,centroide_nominatim_historico
28118,41.0121247,-3.4444367,centroide_nominatim_historico
28119,40.4290833,-4.0565378,centroide_nominatim_historico
28120,40.9038871,-3.8802853,centroide_nominatim_historico
28121,40.81615,-3.603583,centroide_nominatim_historico
28122,40.6668066,-3.3926066,centroide_nominatim_historico
28123,40.3536054,-3.5310879,centroide_nominatim_historico
28124,40.9529148,-3.5250504,centroide_nominatim_historico
28125,40.5009201,-4.2380999,centroide_nominatim_historico
28126,41.1064517,-3.5937466,centroide_nominatim_historico
28127,40.4734032,-3.8295105,centroide_nominatim_historico
28128,40.3098351,-4.4912111,centroide_nominatim_historico
28129,40.6793548,-3.6160273,centroide_nominatim_historico
28130,40.4248548,-3.5350369,centroide_nominatim_historico
28131,40.5926673,-4.1471642,centroide_nominatim_historico
28132,40.2110462,-3.5771806,centroide_nominatim_historico
28133,40.3625,-4.3986503,centroide_nominatim_historico
28134,40.5473698,-3.6260586,centroide_nominatim_historico
28135,40.5958248,-4.2579208,centroide_nominatim_historico
28136,40.4718963,-3.2351787,centroide_nominatim_historico
28137,40.5017321,-3.2576447,centroide_nominatim_historico
28138,41.0607145,-3.6187524,centroide_nominatim_historico
28140,40.2044509,-3.8851988,centroide_nominatim_historico
28141,40.3475422,-4.0275268,centroide_nominatim_historico
28143,41.133207,-3.581478,centroide_nominatim_historico
28144,40.7534555,-3.7866207,centroide_nominatim_historico
28145,40.7454696,-3.5127576,centroide_nominatim_historico
28146,40.2466579,-3.31377,centroide_nominatim_historico
28147,40.1379148,-3.5709978,centroide_nominatim_historico
28148,40.4587767,-3.4793343,centroide_nominatim_historico
28149,40.2006804,-3.7993298,centroide_nominatim_historico
28150,40.1869283,-3.7769069,centroide_nominatim_historico
28151,40.8277149,-3.538293,centroide_nominatim_historico
28152,40.5762809,-3.928603,centroide_nominatim_historico
28153,40.8351205,-3.4958018,centroide_nominatim_historico
28154,40.4021516,-3.360625,centroide_nominatim_historico
28155,40.2106508,-3.1954475,centroide_nominatim_historico
28156,40.6308406,-3.3328589,centroide_nominatim_historico
28157,40.1605777,-3.367827,centroide_nominatim_historico
28158,40.8720106,-3.6629397,centroide_nominatim_historico
28159,40.4400186,-3.6756753,centroide_nominatim_historico
28160,40.5016772,-4.0688878,centroide_nominatim_historico
28161,40.1886844,-3.6705725,centroide_nominatim_historico
28162,40.6385429,-3.4532436,centroide_nominatim_historico
28163,40.7603271,-3.4658585,centroide_nominatim_historico
28164,40.6956481,-3.5146559,centroide_nominatim_historico
28165,40.2926854,-3.3002096,centroide_nominatim_historico
28166,40.4180359,-3.2996775,centroide_nominatim_historico
28167,40.3671767,-3.4874809,centroide_nominatim_historico
28168,40.3616305,-3.5979855,centroide_nominatim_historico
28169,40.7984762,-3.6207276,centroide_nominatim_historico
28170,40.1040079,-3.4850284,centroide_nominatim_historico
28171,40.2764752,-4.3048032,centroide_nominatim_historico
28172,40.4323665,-3.2987815,centroide_nominatim_historico
28173,40.0686973,-3.240078,centroide_nominatim_historico
28174,40.2990939,-4.1090399,centroide_nominatim_historico
28175,40.3430437,-4.1302234,centroide_nominatim_historico
28176,40.4472106,-4.002795,centroide_nominatim_historico
28177,40.4949232,-3.9600065,centroide_nominatim_historico
28178,40.3455395,-4.1023184,centroide_nominatim_historico
28179,40.3363814,-3.2355624,centroide_nominatim_historico
28180,40.1683582,-3.2738764,centroide_nominatim_historico
28181,40.3573787,-3.9002334,centroide_nominatim_historico
28182,41.0063622,-3.6716291,centroide_nominatim_historico
28183,40.5392812,-4.1624845,centroide_nominatim_historico
28901,40.9263383,-3.6176377,centroide_nominatim_historico
28902,40.9686582,-3.5946811,centroide_nominatim_historico
28903,40.3995202,-3.5414834,centroide_nominatim_historico
29001,37.207778,-4.6581597,centroide_nominatim_historico
29002,36.9025563,-4.1140053,centroide_nominatim_historico
29003,36.9942627,-4.2604149,centroide_nominatim_historico
29004,36.9790622,-4.2724898,centroide_nominatim_historico
29005,36.7732439,-4.0399307,centroide_nominatim_historico
29006,36.5738231,-5.2747134,centroide_nominatim_historico
29007,36.6627542,-4.562753,centroide_nominatim_historico
29008,36.6421248,-4.6867447,centroide_nominatim_historico
29009,36.808985,-4.2161584,centroide_nominatim_historico
29010,37.0024585,-5.0218486,centroide_nominatim_historico
29011,36.8261541,-4.5406993,centroide_nominatim_historico
29012,36.8238814,-4.7063011,centroide_nominatim_historico
29013,36.727762,-4.8579969,centroide_nominatim_historico
29014,36.6343447,-5.2028942,centroide_nominatim_historico
29015,37.0183652,-4.5596649,centroide_nominatim_historico
29016,36.8390459,-3.9907148,centroide_nominatim_historico
29017,37.0945779,-4.3906561,centroide_nominatim_historico
29018,36.8781793,-4.8468061,centroide_nominatim_historico
29019,36.8160239,-4.0441983,centroide_nominatim_historico
29020,36.7991421,-5.1407457,centroide_nominatim_historico
29021,36.6399535,-5.2450791,centroide_nominatim_historico
29022,36.6062679,-5.2690514,centroide_nominatim_historico
29023,36.5222736,-5.0441068,centroide_nominatim_historico
29024,36.5942222,-5.261033,centroide_nominatim_historico
29025,36.594519,-4.572284,centroide_nominatim_historico
29026,36.8352646,-4.1935703,centroide_nominatim_historico
29027,36.7912509,-4.1616514,centroide_nominatim_historico
29028,36.7188117,-5.2533743,centroide_nominatim_historico
29029,36.5508289,-5.2756812,centroide_nominatim_historico
29030,36.8159056,-4.1929251,centroide_nominatim_historico
29031,36.7904469,-4.9480972,centroide_nominatim_historico
29032,37.0470137,-4.8621698,centroide_nominatim_historico
29033,36.8731665,-4.0821261,centroide_nominatim_historico
29034,36.8461773,-3.9878112,centroide_nominatim_historico
29035,36.9515951,-5.0246722,centroide_nominatim_historico
29036,36.8539382,-4.8209062,centroide_nominatim_historico
29037,36.6455316,-5.1539254,centroide_nominatim_historico
29038,36.7100716,-4.631539,centroide_nominatim_historico
29039,36.893528,-4.4287903,centroide_nominatim_historico
29040,36.7852106,-4.8430732,centroide_nominatim_historico
29041,36.4433477,-5.2728863,centroide_nominatim_historico
29042,36.6600506,-4.7565615,centroide_nominatim_historico
29043,36.9053728,-4.3368078,centroide_nominatim_historico
29044,36.8494448,-4.2480998,centroide_nominatim_historico
29045,36.832836,-3.9747057,centroide_nominatim_historico
29046,36.6170845,-5.3426714,centroide_nominatim_historico
29047,37.2355805,-4.4884171,centroide_nominatim_historico
29048,36.87586,-5.0440091,centroide_nominatim_historico
29049,37.2679779,-4.4141396,centroide_nominatim_historico
29050,36.8310343,-4.2287632,centroide_nominatim_historico
29051,36.4268068,-5.1468484,centroide_nominatim_historico
29052,36.6162231,-5.1882209,centroide_nominatim_historico
29053,36.7909126,-3.8953919,centroide_nominatim_historico
29054,36.5388398,-4.6233974,centroide_nominatim_historico
29055,37.13528,-4.7298858,centroide_nominatim_historico
29056,36.5192377,-5.3177544,centroide_nominatim_historico
29057,36.5456361,-5.2359435,centroide_nominatim_historico
29058,36.6561223,-4.834406,centroide_nominatim_historico
29059,37.1134101,-4.7031305,centroide_nominatim_historico
29060,36.6314956,-5.1211832,centroide_nominatim_historico
29061,36.5819684,-4.9495445,centroide_nominatim_historico
29062,36.7762195,-4.1849082,centroide_nominatim_historico
29063,36.6511847,-5.2742346,centroide_nominatim_historico
29064,36.5642558,-5.2146149,centroide_nominatim_historico
29065,36.6255785,-5.1708129,centroide_nominatim_historico
29066,36.7623774,-4.2138163,centroide_nominatim_historico
29067,36.7213028,-4.4216366,centroide_nominatim_historico
29068,36.3769979,-5.2489786,centroide_nominatim_historico
29069,36.508976,-4.88562,centroide_nominatim_historico
29070,36.5957471,-4.6375188,centroide_nominatim_historico
29071,36.7715925,-4.2554413,centroide_nominatim_historico
29072,37.1258671,-4.6578941,centroide_nominatim_historico
29073,36.6300141,-4.8306127,centroide_nominatim_historico
29074,36.7338717,-5.2514725,centroide_nominatim_historico
29075,36.7468565,-3.8790164,centroide_nominatim_historico
29076,36.5645156,-4.8565007,centroide_nominatim_historico
29077,36.6559871,-5.1292424,centroide_nominatim_historico
29079,36.9286023,-4.1908814,centroide_nominatim_historico
29080,36.766795,-4.707687,centroide_nominatim_historico
29081,36.6128751,-5.1493344,centroide_nominatim_historico
29082,36.7162109,-4.2793767,centroide_nominatim_historico
29083,36.9152823,-4.2934765,centroide_nominatim_historico
29084,36.7421339,-5.1665916,centroide_nominatim_historico
29085,36.8544153,-4.0241592,centroide_nominatim_historico
29086,36.7982701,-4.012961,centroide_nominatim_historico
29087,36.8617323,-4.0336554,centroide_nominatim_historico
29088,37.1243923,-4.8685644,centroide_nominatim_historico
29089,36.9834861,-4.9202568,centroide_nominatim_historico
29090,36.6874219,-4.9050917,centroide_nominatim_historico
29091,36.7494528,-3.9547677,centroide_nominatim_historico
29092,36.7651731,-4.297405,centroide_nominatim_historico
29093,36.9311713,-4.682611,centroide_nominatim_historico
29094,36.7818354,-4.0988099,centroide_nominatim_historico
29095,37.1831293,-4.449969,centroide_nominatim_historico
29096,36.998599,-4.3660482,centroide_nominatim_historico
29097,37.0283874,-4.337989,centroide_nominatim_historico
29098,37.1835699,-4.334301,centroide_nominatim_historico
29099,36.8621071,-4.1411364,centroide_nominatim_historico
29100,36.7346372,-4.9205956,centroide_nominatim_historico
29901,36.6242841,-4.4995448,centroide_nominatim_historico
29902,36.9318977,-4.5304501,centroide_nominatim_historico
29903,36.8149906,-5.2983445,centroide_nominatim_historico
29904,36.8849238,-4.9810084,centroide_nominatim_historico
03002,38.436906,-0.6396687,centroide_nominatim_historico
03004,38.500265,-0.3634258,centroide_nominatim_historico
03005,38.1786069,-0.8695616,centroide_nominatim_historico
03006,38.7496486,-0.0414327,centroide_nominatim_historico
03007,38.7950003,-0.4021309,centroide_nominatim_historico
03008,38.6755861,-0.3311342,centroide_nominatim_historico
03011,38.5676462,-0.0929643,centroide_nominatim_historico
03013,38.3380526,-1.0030284,centroide_nominatim_historico
03016,38.7607488,-0.3541583,centroide_nominatim_historico
03020,38.7366221,-0.3424811,centroide_nominatim_historico
03022,38.6903361,-0.3433038,centroide_nominatim_historico
03023,38.7008815,-0.7641359,centroide_nominatim_historico
03025,38.1406587,-0.9628468,centroide_nominatim_historico
03027,38.6835501,-0.2163624,centroide_nominatim_historico
03029,38.7540842,-0.1097443,centroide_nominatim_historico
03032,38.6627706,-0.399888,centroide_nominatim_historico
03033,38.6733441,-0.2293991,centroide_nominatim_historico
03036,38.7535607,-0.3788159,centroide_nominatim_historico
03039,38.7491212,-0.2923244,centroide_nominatim_historico
03040,38.8228522,-0.0418836,centroide_nominatim_historico
03044,38.0628171,-0.8996755,centroide_nominatim_historico
03046,38.4848359,-0.417211,centroide_nominatim_historico
03049,38.1251825,-0.8778548,centroide_nominatim_historico
03051,38.6851578,-0.7782213,centroide_nominatim_historico
03053,38.5957233,-0.6702617,centroide_nominatim_historico
03054,38.7250325,-0.1939985,centroide_nominatim_historico
03057,38.6833155,-0.2684296,centroide_nominatim_historico
03061,38.1138879,-0.7609301,centroide_nominatim_historico
03062,38.105114,-0.7380602,centroide_nominatim_historico
03069,38.5679236,-0.2122319,centroide_nominatim_historico
03078,38.2757919,-0.9299943,centroide_nominatim_historico
03080,38.061345,-0.8680849,centroide_nominatim_historico
03083,38.5392703,-0.5075903,centroide_nominatim_historico
03091,38.7601227,-0.0826912,centroide_nominatim_historico
03094,38.6133727,-0.1257319,centroide_nominatim_historico
03097,38.7803753,-0.0638798,centroide_nominatim_historico
03098,38.5634477,-0.2614226,centroide_nominatim_historico
03101,38.7938437,0.0343336,centroide_nominatim_historico
03103,38.6794181,-0.3590426,centroide_nominatim_historico
03106,38.7851609,-0.3435236,centroide_nominatim_historico
03107,38.6226795,-0.1275385,centroide_nominatim_historico
03109,38.1036225,-0.8499366,centroide_nominatim_historico
03114,38.3672767,-0.8968792,centroide_nominatim_historico
03120,37.9769051,-0.7890649,centroide_nominatim_historico
03123,38.5350323,-0.818913,centroide_nominatim_historico
03124,38.6083783,-0.2722519,centroide_nominatim_historico
03129,38.5328137,-0.5750528,centroide_nominatim_historico
03130,38.7569986,-0.2746901,centroide_nominatim_historico
03136,38.8249883,-0.2475529,centroide_nominatim_historico
03137,38.7673726,-0.1330206,centroide_nominatim_historico
03139,38.5092037,-0.2182581,centroide_nominatim_historico
03903,38.0274262,-0.7434529,centroide_nominatim_historico
30001,38.2058263,-1.0392384,centroide_nominatim_historico
30002,38.2058512,-1.3971219,centroide_nominatim_historico
30003,37.4099628,-1.5804922,centroide_nominatim_historico
30004,38.0275699,-1.3854647,centroide_nominatim_historico
30005,37.9680649,-1.2149543,centroide_nominatim_historico
30006,37.7954317,-1.5731021,centroide_nominatim_historico
30007,38.0515024,-1.2416437,centroide_nominatim_historico
30008,37.8515145,-1.4251045,centroide_nominatim_historico
30009,38.1178119,-1.3025236,centroide_nominatim_historico
30010,38.0467801,-1.001421,centroide_nominatim_historico
30011,38.1788058,-1.3741839,centroide_nominatim_historico
30012,38.049741,-1.6705874,centroide_nominatim_historico
30013,38.2309457,-1.7000042,centroide_nominatim_historico
30014,38.0405009,-1.3525268,centroide_nominatim_historico
30015,38.1046979,-1.861118,centroide_nominatim_historico
30016,37.6155018,-0.987511,centroide_nominatim_historico
30017,38.0925078,-1.7987525,centroide_nominatim_historico
30018,38.0776952,-1.2741301,centroide_nominatim_historico
30019,38.2392273,-1.418875,centroide_nominatim_historico
30020,38.1800547,-1.1259457,centroide_nominatim_historico
30021,37.7212132,-1.172989,centroide_nominatim_historico
30022,38.4735408,-1.3285417,centroide_nominatim_historico
30023,37.8855696,-1.3548724,centroide_nominatim_historico
30024,37.6711989,-1.6988592,centroide_nominatim_historico
30025,38.0815272,-1.2536182,centroide_nominatim_historico
30026,37.5984446,-1.31515,centroide_nominatim_historico
30027,38.0572339,-1.2095298,centroide_nominatim_historico
30028,38.1884392,-1.8909344,centroide_nominatim_historico
30029,38.0418669,-1.4906872,centroide_nominatim_historico
30030,37.9923795,-1.1305431,centroide_nominatim_historico
30031,38.1481011,-1.342091,centroide_nominatim_historico
30032,37.9884543,-1.5061409,centroide_nominatim_historico
30033,37.5635045,-1.8076233,centroide_nominatim_historico
30034,38.1540529,-1.3668162,centroide_nominatim_historico
30035,37.8059567,-0.8345537,centroide_nominatim_historico
30036,37.833892,-0.7902428,centroide_nominatim_historico
30037,37.7846607,-0.9667964,centroide_nominatim_historico
30038,38.0329402,-1.2433094,centroide_nominatim_historico
30039,37.7697645,-1.5025376,centroide_nominatim_historico
30040,38.1377134,-1.3321696,centroide_nominatim_historico
30041,37.6219632,-0.8827593,centroide_nominatim_historico
30042,38.1361485,-1.3243689,centroide_nominatim_historico
30043,38.6135956,-1.1157882,centroide_nominatim_historico
30901,38.0614851,-1.0488795,centroide_nominatim_historico
30902,37.7377253,-0.8610255,centroide_nominatim_historico
31001,42.6482651,-2.1420631,centroide_nominatim_historico
31002,42.7268475,-2.0225275,centroide_nominatim_historico
31005,42.6123798,-1.9873357,centroide_nominatim_historico
31006,41.9732671,-1.6395971,centroide_nominatim_historico
31007,42.6866956,-1.7359099,centroide_nominatim_historico
31009,42.592021,-1.3599999,centroide_nominatim_historico
31010,42.8949665,-2.1685103,centroide_nominatim_historico
31011,42.7076035,-2.0900572,centroide_nominatim_historico
31012,42.5673713,-2.0211169,centroide_nominatim_historico
31014,42.6591907,-2.1898688,centroide_nominatim_historico
31015,42.3776047,-1.9434186,centroide_nominatim_historico
31016,42.8338,-1.6396906,centroide_nominatim_historico
31018,42.6585023,-1.7138474,centroide_nominatim_historico
31019,42.7862771,-1.3694757,centroide_nominatim_historico
31023,42.7752661,-1.5754567,centroide_nominatim_historico
31025,42.9114986,-1.8741752,centroide_nominatim_historico
31027,42.9148731,-2.0389985,centroide_nominatim_historico
31029,42.5697418,-2.1923085,centroide_nominatim_historico
31030,42.6052502,-2.047318,centroide_nominatim_historico
31032,42.1758188,-1.5970062,centroide_nominatim_historico
31035,42.560496,-2.2851222,centroide_nominatim_historico
31036,42.5888853,-2.0907566,centroide_nominatim_historico
31038,42.5876058,-1.7644227,centroide_nominatim_historico
31039,42.6916054,-1.8404446,centroide_nominatim_historico
31041,42.6588276,-2.0369908,centroide_nominatim_historico
31042,42.311403,-1.8946708,centroide_nominatim_historico
31043,42.6086595,-2.3493717,centroide_nominatim_historico
31044,42.8906052,-2.1021121,centroide_nominatim_historico
31045,42.6051018,-1.6453574,centroide_nominatim_historico
31046,42.6016906,-2.1005686,centroide_nominatim_historico
31047,42.5606259,-2.3105858,centroide_nominatim_historico
31048,41.971012,-1.6627478,centroide_nominatim_historico
31051,42.4539464,-1.6217023,centroide_nominatim_historico
31052,42.7562505,-1.8324903,centroide_nominatim_historico
31053,42.5267418,-1.8344769,centroide_nominatim_historico
31056,42.6732289,-1.6798308,centroide_nominatim_historico
31057,41.9797495,-1.444881,centroide_nominatim_historico
31060,42.8230299,-1.614076,centroide_nominatim_historico
31061,42.5490885,-2.2420409,centroide_nominatim_historico
31064,42.2181824,-1.6930439,centroide_nominatim_historico
31065,42.3395614,-1.6543719,centroide_nominatim_historico
31066,42.3913267,-1.9747429,centroide_nominatim_historico
31067,42.3800209,-1.4445327,centroide_nominatim_historico
31068,41.9993288,-1.6786611,centroide_nominatim_historico
31072,42.0799132,-1.8034973,centroide_nominatim_historico
31074,42.6756793,-1.890971,centroide_nominatim_historico
31075,42.7918412,-1.8241361,centroide_nominatim_historico
31076,42.7627565,-1.7402328,centroide_nominatim_historico
31077,42.1152097,-1.7893729,centroide_nominatim_historico
31078,41.9235302,-1.4206848,centroide_nominatim_historico
31079,42.5881304,-2.2757428,centroide_nominatim_historico
31080,42.5945083,-2.0283583,centroide_nominatim_historico
31083,42.7807766,-1.8251709,centroide_nominatim_historico
31085,42.7932285,-1.7900237,centroide_nominatim_historico
31086,42.8242097,-1.5433515,centroide_nominatim_historico
31088,42.760145,-1.6335917,centroide_nominatim_historico
31089,42.6712536,-1.7280262,centroide_nominatim_historico
31094,42.5643609,-1.4594701,centroide_nominatim_historico
31096,42.5969881,-2.3051547,centroide_nominatim_historico
31097,42.672094,-2.0314834,centroide_nominatim_historico
31098,42.9492605,-1.5164292,centroide_nominatim_historico
31099,42.6170237,-2.1535115,centroide_nominatim_historico
31101,42.8725086,-1.6301518,centroide_nominatim_historico
31103,42.6197254,-1.4460647,centroide_nominatim_historico
31104,42.3877644,-1.7938282,centroide_nominatim_historico
31105,42.0557224,-1.8565659,centroide_nominatim_historico
31106,42.0281362,-1.5761274,centroide_nominatim_historico
31107,42.3140552,-1.8030376,centroide_nominatim_historico
31108,42.0212249,-1.4857389,centroide_nominatim_historico
31109,42.7458349,-1.6737626,centroide_nominatim_historico
31110,42.5243351,-1.4100849,centroide_nominatim_historico
31114,42.6005691,-1.6453061,centroide_nominatim_historico
31118,42.8513933,-1.9038781,centroide_nominatim_historico
31120,42.7544433,-1.9109028,centroide_nominatim_historico
31121,42.7224994,-1.8678902,centroide_nominatim_historico
31122,42.8313514,-1.590407,centroide_nominatim_historico
31124,42.6752246,-1.4602132,centroide_nominatim_historico
31125,42.6463063,-2.0847845,centroide_nominatim_historico
31130,42.8897003,-2.1180792,centroide_nominatim_historico
31131,42.8854464,-1.7752123,centroide_nominatim_historico
31135,42.5911918,-1.2086914,centroide_nominatim_historico
31136,42.8983415,-1.7018168,centroide_nominatim_historico
31138,42.9222192,-2.0227655,centroide_nominatim_historico
31142,42.5580517,-1.8500707,centroide_nominatim_historico
31145,42.4934802,-2.2418386,centroide_nominatim_historico
31146,42.607675,-1.4069932,centroide_nominatim_historico
31147,42.7113388,-1.7727104,centroide_nominatim_historico
31148,42.6482624,-2.1737786,centroide_nominatim_historico
31149,43.0806959,-1.9163064,centroide_nominatim_historico
31150,42.5996627,-1.5374154,centroide_nominatim_historico
31151,42.5662802,-1.5008122,centroide_nominatim_historico
31152,42.4827069,-1.9727192,centroide_nominatim_historico
31153,43.2471212,-1.7043191,centroide_nominatim_historico
31154,42.7778491,-1.9942909,centroide_nominatim_historico
31155,42.6191551,-1.2748872,centroide_nominatim_historico
31157,42.4241886,-2.0785646,centroide_nominatim_historico
31160,42.6122984,-2.0991905,centroide_nominatim_historico
31161,42.6695386,-1.8620743,centroide_nominatim_historico
31163,42.3258784,-1.7380991,centroide_nominatim_historico
31164,42.3593658,-1.5474177,centroide_nominatim_historico
31165,42.4443874,-2.2002884,centroide_nominatim_historico
31166,42.6418273,-2.2359737,centroide_nominatim_historico
31167,42.6262078,-1.8340213,centroide_nominatim_historico
31168,42.6765029,-2.1289658,centroide_nominatim_historico
31169,42.2418183,-1.7628016,centroide_nominatim_historico
31170,42.6218731,-2.2783646,centroide_nominatim_historico
31171,42.4829542,-1.8269034,centroide_nominatim_historico
31172,42.7048477,-1.5072472,centroide_nominatim_historico
31173,41.9620037,-1.6939437,centroide_nominatim_historico
31174,42.6123241,-2.0136591,centroide_nominatim_historico
31175,42.6061514,-2.2262371,centroide_nominatim_historico
31176,42.0309725,-1.655853,centroide_nominatim_historico
31177,42.6562443,-2.1543464,centroide_nominatim_historico
31178,42.3978449,-1.6304866,centroide_nominatim_historico
31179,42.3909899,-1.4599999,centroide_nominatim_historico
31180,42.6887624,-1.7705509,centroide_nominatim_historico
31182,42.6368976,-2.2793568,centroide_nominatim_historico
31183,42.6808183,-1.7851016,centroide_nominatim_historico
31184,42.6391735,-2.1648705,centroide_nominatim_historico
31188,42.897162,-1.6028332,centroide_nominatim_historico
31189,42.8756978,-2.1964564,centroide_nominatim_historico
31190,42.6235601,-2.1423082,centroide_nominatim_historico
31191,42.4813623,-1.6512224,centroide_nominatim_historico
31192,42.6350351,-1.6132927,centroide_nominatim_historico
31193,42.8251388,-1.777343,centroide_nominatim_historico
31194,42.8583381,-1.8465837,centroide_nominatim_historico
31197,42.6010504,-1.6039299,centroide_nominatim_historico
31200,42.6194776,-1.9537957,centroide_nominatim_historico
31201,42.8181992,-1.6440089,centroide_nominatim_historico
31202,42.3385459,-1.7970061,centroide_nominatim_historico
31203,42.4614023,-1.0926115,centroide_nominatim_historico
31204,42.6317106,-2.2027196,centroide_nominatim_historico
31205,42.4226867,-1.6203754,centroide_nominatim_historico
31206,42.6717107,-1.8155291,centroide_nominatim_historico
31207,42.565559,-1.6483398,centroide_nominatim_historico
31208,41.9979549,-1.5110604,centroide_nominatim_historico
31214,42.7754085,-1.8893416,centroide_nominatim_historico
31215,42.3327818,-1.9336689,centroide_nominatim_historico
31216,42.5754899,-1.283336,centroide_nominatim_historico
31217,42.5237233,-1.5616093,centroide_nominatim_historico
31219,42.5544246,-2.266428,centroide_nominatim_historico
31220,42.3755477,-1.5477333,centroide_nominatim_historico
31223,42.3829263,-2.0577832,centroide_nominatim_historico
31224,42.4771231,-2.0861593,centroide_nominatim_historico
31225,42.6150004,-2.2161205,centroide_nominatim_historico
31227,42.5278279,-1.6744823,centroide_nominatim_historico
31228,42.684765,-1.6360433,centroide_nominatim_historico
31229,42.6566786,-1.7029388,centroide_nominatim_historico
31230,42.6084653,-2.3316332,centroide_nominatim_historico
31231,42.5513183,-2.2720136,centroide_nominatim_historico
31232,42.063972,-1.6053391,centroide_nominatim_historico
31233,41.9772744,-1.6767605,centroide_nominatim_historico
31234,42.6758238,-1.7065464,centroide_nominatim_historico
31235,42.5061582,-1.499409,centroide_nominatim_historico
31238,42.6515162,-1.626276,centroide_nominatim_historico
31240,42.8868926,-2.1366422,centroide_nominatim_historico
31246,42.7102068,-1.7596807,centroide_nominatim_historico
31249,42.1934365,-1.6316492,centroide_nominatim_historico
31250,43.2813278,-1.6796472,centroide_nominatim_historico
31251,42.5154725,-2.3713437,centroide_nominatim_historico
31253,42.7753457,-1.8350395,centroide_nominatim_historico
31254,42.2774311,-1.7471458,centroide_nominatim_historico
31255,42.6293847,-2.1041989,centroide_nominatim_historico
31257,42.6595159,-1.9934011,centroide_nominatim_historico
31258,42.8318984,-1.6071287,centroide_nominatim_historico
31260,42.7199833,-1.9802646,centroide_nominatim_historico
31261,42.620176,-1.2021437,centroide_nominatim_historico
31262,42.7786842,-1.7986577,centroide_nominatim_historico
31265,42.6930374,-2.3004117,centroide_nominatim_historico
31901,42.8048344,-1.6810202,centroide_nominatim_historico
31902,42.854508,-1.6903219,centroide_nominatim_historico
31903,42.83565,-1.6745719,centroide_nominatim_historico
31904,42.9184675,-1.8286391,centroide_nominatim_historico
31905,42.7334799,-1.6447836,centroide_nominatim_historico
31906,42.8234903,-1.7022679,centroide_nominatim_historico
31907,42.7887152,-1.692616,centroide_nominatim_historico
32001,42.1893161,-7.8019484,centroide_nominatim_historico
32002,42.4142102,-7.9486807,centroide_nominatim_historico
32003,42.252591,-8.1293297,centroide_nominatim_historico
32004,42.3873019,-8.2655242,centroide_nominatim_historico
32005,41.9509014,-7.7157653,centroide_nominatim_historico
32006,42.0316148,-7.9749081,centroide_nominatim_historico
32007,42.2418656,-7.6727944,centroide_nominatim_historico
32008,42.301551,-7.8872314,centroide_nominatim_historico
32009,42.4172173,-6.984035,centroide_nominatim_historico
32010,42.3292437,-8.1276551,centroide_nominatim_historico
32011,42.4661998,-8.2707274,centroide_nominatim_historico
32012,41.9976233,-7.7522894,centroide_nominatim_historico
32013,42.4317763,-8.1430006,centroide_nominatim_historico
32014,42.1440451,-7.8944266,centroide_nominatim_historico
32015,42.3069457,-7.0994897,centroide_nominatim_historico
32016,41.9250298,-7.8590989,centroide_nominatim_historico
32017,42.3439744,-6.8491007,centroide_nominatim_historico
32018,42.3208186,-8.1648727,centroide_nominatim_historico
32019,42.4300001,-8.0780235,centroide_nominatim_historico
32020,42.2378413,-8.0327765,centroide_nominatim_historico
32021,41.9905158,-7.4232094,centroide_nominatim_historico
32022,42.2965639,-8.0656784,centroide_nominatim_historico
32023,42.3725684,-7.3990415,centroide_nominatim_historico
32024,42.1523149,-7.9580863,centroide_nominatim_historico
32025,42.3417695,-8.0940135,centroide_nominatim_historico
32026,42.407477,-7.8397499,centroide_nominatim_historico
32027,42.2072732,-8.170081,centroide_nominatim_historico
32028,41.9885728,-7.593898,centroide_nominatim_historico
32029,42.2592799,-7.3776155,centroide_nominatim_historico
32030,41.9537793,-8.134253,centroide_nominatim_historico
32031,42.3253312,-7.6960375,centroide_nominatim_historico
32033,42.1890052,-8.1013586,centroide_nominatim_historico
32034,42.0605483,-7.1403516,centroide_nominatim_historico
32035,42.5123164,-8.1182265,centroide_nominatim_historico
32036,42.2050597,-7.735161,centroide_nominatim_historico
32037,42.3183776,-7.6294622,centroide_nominatim_historico
32038,42.3466038,-7.1632358,centroide_nominatim_historico
32039,42.0604757,-7.4612117,centroide_nominatim_historico
32040,42.3701611,-8.1248862,centroide_nominatim_historico
32041,42.0029828,-8.0448022,centroide_nominatim_historico
32042,41.9039062,-8.0599771,centroide_nominatim_historico
32043,42.2708159,-7.6508391,centroide_nominatim_historico
32044,42.3098629,-7.2350007,centroide_nominatim_historico
32045,42.4121455,-8.0261462,centroide_nominatim_historico
32046,42.2589852,-8.2137609,centroide_nominatim_historico
32047,42.222633,-7.9049545,centroide_nominatim_historico
32048,42.0114543,-7.0451474,centroide_nominatim_historico
32049,42.2752812,-7.5027103,centroide_nominatim_historico
32050,41.9467657,-7.4491474,centroide_nominatim_historico
32051,41.9368705,-7.9800073,centroide_nominatim_historico
32052,42.4029157,-7.7057075,centroide_nominatim_historico
32053,41.8857802,-7.4715679,centroide_nominatim_historico
32054,42.3438932,-7.8571792,centroide_nominatim_historico
32056,42.119224,-8.1557789,centroide_nominatim_historico
32057,42.3826196,-7.5685853,centroide_nominatim_historico
32058,42.3463433,-7.8002637,centroide_nominatim_historico
32059,42.4397824,-7.7955674,centroide_nominatim_historico
32060,42.3823388,-7.1263643,centroide_nominatim_historico
32062,42.0249476,-7.8402999,centroide_nominatim_historico
32063,42.3405898,-7.2547833,centroide_nominatim_historico
32064,42.1677079,-8.1368317,centroide_nominatim_historico
32065,42.3672516,-8.0099031,centroide_nominatim_historico
32066,42.1394755,-8.1002451,centroide_nominatim_historico
32068,42.1844736,-8.0271836,centroide_nominatim_historico
32071,41.9754084,-7.2665824,centroide_nominatim_historico
32072,42.3563727,-7.9053057,centroide_nominatim_historico
32073,42.4494484,-6.9450653,centroide_nominatim_historico
32074,42.3734131,-8.0720856,centroide_nominatim_historico
32075,42.2964763,-7.8723141,centroide_nominatim_historico
32076,42.5009975,-7.9415413,centroide_nominatim_historico
32077,42.1106859,-7.7577611,centroide_nominatim_historico
32078,42.088126,-7.6038003,centroide_nominatim_historico
32079,42.2406812,-7.8253132,centroide_nominatim_historico
32080,42.3911832,-7.472801,centroide_nominatim_historico
32081,42.3167247,-7.9545534,centroide_nominatim_historico
32082,42.0232495,-7.6156761,centroide_nominatim_historico
32083,42.2507678,-7.0260508,centroide_nominatim_historico
32084,42.1000133,-7.9836179,centroide_nominatim_historico
32085,41.9406091,-7.4406032,centroide_nominatim_historico
32086,42.1804504,-7.1131809,centroide_nominatim_historico
32087,42.4647271,-7.8909745,centroide_nominatim_historico
32088,42.4423009,-7.0646314,centroide_nominatim_historico
32089,42.1602913,-7.611113,centroide_nominatim_historico
32090,42.0871643,-7.7945799,centroide_nominatim_historico
32091,41.9073842,-7.312875,centroide_nominatim_historico
32092,42.1661767,-7.1826752,centroide_nominatim_historico
33002,43.1060163,-5.5808161,centroide_nominatim_historico
33003,43.2450993,-5.0730662,centroide_nominatim_historico
33004,43.5554436,-5.9222466,centroide_nominatim_historico
33007,43.4102403,-6.8351539,centroide_nominatim_historico
33008,43.2713716,-4.8296951,centroide_nominatim_historico
33009,43.40717,-5.4239343,centroide_nominatim_historico
33011,43.1774374,-6.5499784,centroide_nominatim_historico
33012,43.3136138,-5.0658503,centroide_nominatim_historico
33013,43.458107,-5.1897297,centroide_nominatim_historico
33014,43.5517905,-5.7894013,centroide_nominatim_historico
33016,43.5458244,-5.9924295,centroide_nominatim_historico
33017,43.5276581,-7.0300508,centroide_nominatim_historico
33018,43.5126258,-6.7610106,centroide_nominatim_historico
33019,43.4851194,-5.2706728,centroide_nominatim_historico
33020,43.5178457,-5.8877648,centroide_nominatim_historico
33021,43.5433575,-6.1936313,centroide_nominatim_historico
33022,42.9406475,-6.5712537,centroide_nominatim_historico
33023,43.5509962,-6.8289768,centroide_nominatim_historico
33024,43.5449422,-5.66275,centroide_nominatim_historico
33025,43.6056855,-5.8430274,centroide_nominatim_historico
33026,43.3892333,-6.0696299,centroide_nominatim_historico
33028,43.0001254,-6.8219711,centroide_nominatim_historico
33030,43.4963339,-5.9674824,centroide_nominatim_historico
33031,43.2950131,-5.683431,centroide_nominatim_historico
33033,43.1615692,-5.8281354,centroide_nominatim_historico
33034,43.4847858,-6.4693693,centroide_nominatim_historico
33035,43.4544809,-5.8506737,centroide_nominatim_historico
33036,43.4211205,-4.7530835,centroide_nominatim_historico
33037,43.2349958,-5.769932,centroide_nominatim_historico
33039,43.5429839,-6.1046293,centroide_nominatim_historico
33040,43.3582544,-5.5057607,centroide_nominatim_historico
33041,43.5391112,-6.7233704,centroide_nominatim_historico
33043,43.2959886,-4.9714143,centroide_nominatim_historico
33044,43.3533452,-5.8795096,centroide_nominatim_historico
33046,43.3105213,-4.7122719,centroide_nominatim_historico
33047,43.3086006,-4.5862926,centroide_nominatim_historico
33049,43.3340915,-5.331035,centroide_nominatim_historico
33051,43.4895855,-6.1139029,centroide_nominatim_historico
33052,43.2508048,-6.0170071,centroide_nominatim_historico
33053,43.1519207,-5.9732125,centroide_nominatim_historico
33054,43.4212378,-5.9733393,centroide_nominatim_historico
33055,43.3718471,-4.5689978,centroide_nominatim_historico
33056,43.4456557,-5.0835484,centroide_nominatim_historico
33059,43.4082096,-6.2568574,centroide_nominatim_historico
33061,43.2832008,-6.9326774,centroide_nominatim_historico
33062,43.2586817,-7.0278744,centroide_nominatim_historico
33063,43.4032753,-7.1323839,centroide_nominatim_historico
33065,43.4167163,-5.5505981,centroide_nominatim_historico
33066,43.394024,-5.6349173,centroide_nominatim_historico
33067,43.193854,-5.4622399,centroide_nominatim_historico
33070,43.5692581,-6.9436488,centroide_nominatim_historico
33071,43.3605685,-7.1088221,centroide_nominatim_historico
33073,43.333974,-6.4165462,centroide_nominatim_historico
33076,43.4813776,-5.4344978,centroide_nominatim_historico
33077,43.4476896,-6.7046079,centroide_nominatim_historico
34001,42.0625676,-4.8418423,centroide_nominatim_historico
34003,42.4196917,-4.4226995,centroide_nominatim_historico
34004,42.7928369,-4.2605438,centroide_nominatim_historico
34005,42.6595668,-4.3111784,centroide_nominatim_historico
34006,41.8127116,-4.3652566,centroide_nominatim_historico
34009,42.211081,-4.4887297,centroide_nominatim_historico
34010,41.9148751,-4.7792135,centroide_nominatim_historico
34011,42.1728976,-4.4699037,centroide_nominatim_historico
34012,41.9465178,-4.1183617,centroide_nominatim_historico
34017,42.1927215,-4.2938662,centroide_nominatim_historico
34018,41.9911815,-4.6334702,centroide_nominatim_historico
34019,42.0873279,-4.8336762,centroide_nominatim_historico
34020,42.6262262,-4.6597711,centroide_nominatim_historico
34022,41.9370606,-4.2471899,centroide_nominatim_historico
34023,41.9206919,-4.4931598,centroide_nominatim_historico
34024,42.0157345,-4.7815641,centroide_nominatim_historico
34025,42.4834048,-4.4987889,centroide_nominatim_historico
34027,42.9087746,-4.2881024,centroide_nominatim_historico
34028,42.6705949,-4.5274879,centroide_nominatim_historico
34029,42.1079127,-4.6397799,centroide_nominatim_historico
34032,42.7801605,-4.0376393,centroide_nominatim_historico
34033,41.9896693,-4.8775277,centroide_nominatim_historico
34034,42.2577849,-4.3472897,centroide_nominatim_historico
34035,42.1793848,-4.9689427,centroide_nominatim_historico
34036,42.9360092,-4.3076006,centroide_nominatim_historico
34037,42.6380596,-4.6145515,centroide_nominatim_historico
34038,42.4558731,-4.7416348,centroide_nominatim_historico
34039,42.3550033,-4.7387975,centroide_nominatim_historico
34041,42.5747181,-4.3852597,centroide_nominatim_historico
34042,42.3265894,-4.6518131,centroide_nominatim_historico
34045,42.0132277,-4.8902508,centroide_nominatim_historico
34046,42.2322915,-4.7019806,centroide_nominatim_historico
34047,42.3385404,-4.6017128,centroide_nominatim_historico
34048,41.9837696,-4.9582139,centroide_nominatim_historico
34049,42.808111,-4.5992295,centroide_nominatim_historico
34050,41.7921651,-4.0702134,centroide_nominatim_historico
34051,41.8581113,-4.3016225,centroide_nominatim_historico
34052,42.4549561,-4.480791,centroide_nominatim_historico
34053,42.0318269,-4.8234305,centroide_nominatim_historico
34055,42.2904319,-4.7693449,centroide_nominatim_historico
34056,42.8635509,-4.4972234,centroide_nominatim_historico
34057,41.8515571,-4.4093299,centroide_nominatim_historico
34058,41.8618652,-4.184837,centroide_nominatim_historico
34059,42.2210096,-4.8578445,centroide_nominatim_historico
34060,42.0283301,-4.0018015,centroide_nominatim_historico
34061,42.6193852,-4.4832119,centroide_nominatim_historico
34062,42.715968,-4.6333358,centroide_nominatim_historico
34063,42.0793366,-4.2599008,centroide_nominatim_historico
34066,41.7984696,-4.4663595,centroide_nominatim_historico
34067,42.8207429,-4.5108875,centroide_nominatim_historico
34068,42.638722,-4.436018,centroide_nominatim_historico
34069,41.87652,-4.5462804,centroide_nominatim_historico
34070,41.9678437,-3.951621,centroide_nominatim_historico
34071,42.4797222,-4.3719843,centroide_nominatim_historico
34072,42.1375125,-4.8410751,centroide_nominatim_historico
34073,42.6820747,-4.8173368,centroide_nominatim_historico
34074,42.2676867,-4.4055039,centroide_nominatim_historico
34076,42.0825955,-4.7826439,centroide_nominatim_historico
34077,42.0749607,-4.5005124,centroide_nominatim_historico
34079,42.0524901,-4.5822734,centroide_nominatim_historico
34080,42.7895455,-4.846288,centroide_nominatim_historico
34081,42.133496,-4.9092466,centroide_nominatim_historico
34082,41.8193273,-4.1753038,centroide_nominatim_historico
34083,42.5938269,-4.3310029,centroide_nominatim_historico
34084,42.0488124,-4.2004813,centroide_nominatim_historico
34086,41.9107107,-4.4413663,centroide_nominatim_historico
34087,41.9880783,-4.2724488,centroide_nominatim_historico
34088,42.0904554,-4.526506,centroide_nominatim_historico
34089,42.2879815,-4.2579672,centroide_nominatim_historico
34091,42.4059897,-4.90386,centroide_nominatim_historico
34092,42.3405995,-4.2774864,centroide_nominatim_historico
34093,42.6597761,-4.3849181,centroide_nominatim_historico
34094,42.3546268,-4.86461,centroide_nominatim_historico
34096,42.27354,-4.5503861,centroide_nominatim_historico
34098,41.9825261,-4.4279316,centroide_nominatim_historico
34099,42.2042764,-4.5675522,centroide_nominatim_historico
34100,42.7522973,-4.8412781,centroide_nominatim_historico
34101,42.3178263,-4.3959413,centroide_nominatim_historico
34102,42.0271751,-4.714452,centroide_nominatim_historico
34103,42.1680833,-4.840417,centroide_nominatim_historico
34104,42.2530925,-4.2533643,centroide_nominatim_historico
34106,41.9413966,-4.9190728,centroide_nominatim_historico
34107,42.6908491,-4.4622322,centroide_nominatim_historico
34108,42.1164512,-4.4942161,centroide_nominatim_historico
34109,42.3605222,-4.9266466,centroide_nominatim_historico
34110,42.8760099,-4.3944214,centroide_nominatim_historico
34112,42.3922913,-4.6416359,centroide_nominatim_historico
34113,42.6088759,-4.4509722,centroide_nominatim_historico
34114,42.7223042,-4.4247325,centroide_nominatim_historico
34116,42.3701512,-4.2911423,centroide_nominatim_historico
34120,42.0108856,-4.5328735,centroide_nominatim_historico
34121,42.0952764,-4.1300087,centroide_nominatim_historico
34122,42.5778506,-4.4003243,centroide_nominatim_historico
34123,42.1528695,-4.6922384,centroide_nominatim_historico
34124,42.7192977,-4.478643,centroide_nominatim_historico
34125,41.9844125,-4.7343652,centroide_nominatim_historico
34126,42.4814511,-4.7467438,centroide_nominatim_historico
34127,42.1935939,-4.5805331,centroide_nominatim_historico
34129,42.644198,-4.807965,centroide_nominatim_historico
34130,42.2134722,-4.4362894,centroide_nominatim_historico
34131,42.3369489,-4.8740936,centroide_nominatim_historico
34132,42.2697479,-4.4471347,centroide_nominatim_historico
34133,41.7926299,-4.427955,centroide_nominatim_historico
34134,42.9387931,-4.5264759,centroide_nominatim_historico
34135,42.7745019,-4.1674162,centroide_nominatim_historico
34136,42.5778096,-4.7973318,centroide_nominatim_historico
34137,42.2532748,-4.8939337,centroide_nominatim_historico
34139,42.6804098,-4.3470193,centroide_nominatim_historico
34140,42.6718382,-4.6215997,centroide_nominatim_historico
34141,42.0841001,-4.2074696,centroide_nominatim_historico
34143,42.4694116,-4.6642034,centroide_nominatim_historico
34146,41.9765269,-4.3829532,centroide_nominatim_historico
34147,42.4533309,-4.703369,centroide_nominatim_historico
34149,42.30785,-4.3428348,centroide_nominatim_historico
34151,42.7652208,-4.6860529,centroide_nominatim_historico
34152,42.2841796,-4.4820395,centroide_nominatim_historico
34154,42.6290611,-4.5037161,centroide_nominatim_historico
34155,42.1526374,-4.5164117,centroide_nominatim_historico
34156,42.2784342,-4.7247277,centroide_nominatim_historico
34157,42.5227119,-4.7364391,centroide_nominatim_historico
34158,42.8504615,-4.3769757,centroide_nominatim_historico
34159,42.2010196,-4.5304159,centroide_nominatim_historico
34160,42.8927342,-4.3864962,centroide_nominatim_historico
34161,42.5418534,-4.3530239,centroide_nominatim_historico
34163,42.35478,-4.5658356,centroide_nominatim_historico
34165,42.2621227,-4.8569195,centroide_nominatim_historico
34167,41.9341653,-4.6586291,centroide_nominatim_historico
34168,42.5255042,-4.3736548,centroide_nominatim_historico
34169,42.5068203,-4.7985326,centroide_nominatim_historico
34170,42.707615,-4.374304,centroide_nominatim_historico
34171,42.8089295,-4.7299233,centroide_nominatim_historico
34174,42.2149995,-4.3431765,centroide_nominatim_historico
34175,42.4157678,-4.6645088,centroide_nominatim_historico
34176,42.5899293,-4.4422136,centroide_nominatim_historico
34177,41.9530164,-4.4301671,centroide_nominatim_historico
34178,42.0247826,-4.1234622,centroide_nominatim_historico
34180,42.2035789,-4.3935873,centroide_nominatim_historico
34181,41.9049336,-4.4811717,centroide_nominatim_historico
34182,42.0340573,-4.3189266,centroide_nominatim_historico
34184,41.9605467,-4.7776238,centroide_nominatim_historico
34185,42.9243179,-4.6810643,centroide_nominatim_historico
34186,42.1457693,-4.2387558,centroide_nominatim_historico
34189,42.0410076,-4.3999815,centroide_nominatim_historico
34190,42.606366,-4.6557314,centroide_nominatim_historico
34192,42.3971917,-4.5771601,centroide_nominatim_historico
34196,41.8798301,-4.3621839,centroide_nominatim_historico
34199,42.8260298,-4.8473699,centroide_nominatim_historico
34201,41.8327417,-4.3269532,centroide_nominatim_historico
34202,42.5606139,-4.6025948,centroide_nominatim_historico
34204,42.2214182,-4.9759098,centroide_nominatim_historico
34205,41.8714837,-4.223565,centroide_nominatim_historico
34206,42.2503959,-4.9671551,centroide_nominatim_historico
34208,42.5659809,-4.5838316,centroide_nominatim_historico
34210,42.050492,-4.131614,centroide_nominatim_historico
34211,42.3886413,-4.4626671,centroide_nominatim_historico
34213,42.1547483,-4.259306,centroide_nominatim_historico
34214,42.7217174,-4.8234443,centroide_nominatim_historico
34215,42.3167118,-4.541803,centroide_nominatim_historico
34216,42.2927331,-4.8546716,centroide_nominatim_historico
34217,42.0306729,-4.5036687,centroide_nominatim_historico
34218,42.5231823,-4.7650478,centroide_nominatim_historico
34220,42.0163797,-4.6630388,centroide_nominatim_historico
34221,42.0501652,-4.3612173,centroide_nominatim_historico
34222,42.5284016,-4.4756512,centroide_nominatim_historico
34223,42.402789,-4.6989708,centroide_nominatim_historico
34224,42.2588686,-4.6881539,centroide_nominatim_historico
34225,41.9515154,-4.5151999,centroide_nominatim_historico
34227,42.2412431,-4.7420949,centroide_nominatim_historico
34228,42.5074461,-4.5190881,centroide_nominatim_historico
34229,42.5169576,-4.3963974,centroide_nominatim_historico
34230,42.2971612,-4.499231,centroide_nominatim_historico
34231,42.4206517,-4.7840853,centroide_nominatim_historico
34232,42.0431165,-4.9131746,centroide_nominatim_historico
34233,42.4126984,-4.4960199,centroide_nominatim_historico
34234,42.5320097,-4.5588013,centroide_nominatim_historico
34236,42.3779394,-4.670475,centroide_nominatim_historico
34237,42.0889343,-4.6130007,centroide_nominatim_historico
34238,41.9616715,-4.3415693,centroide_nominatim_historico
34240,41.9447004,-4.8560902,centroide_nominatim_historico
34241,42.211561,-4.2458531,centroide_nominatim_historico
34242,42.144524,-4.0947851,centroide_nominatim_historico
34243,42.2450964,-4.5965081,centroide_nominatim_historico
34245,42.5522706,-4.8480686,centroide_nominatim_historico
34246,42.2954371,-4.4819042,centroide_nominatim_historico
34901,42.4106725,-4.3609815,centroide_nominatim_historico
34902,42.2161871,-4.7757869,centroide_nominatim_historico
34903,42.4771428,-4.5787165,centroide_nominatim_historico
34904,43.0034956,-4.5051133,centroide_nominatim_historico
35001,28.1008499,-15.7023479,centroide_nominatim_historico
35002,27.9049541,-15.4445131,centroide_nominatim_historico
35003,28.4204111,-14.0130914,centroide_nominatim_historico
35004,28.9639681,-13.5499014,centroide_nominatim_historico
35005,28.0200099,-15.6465416,centroide_nominatim_historico
35006,28.1184492,-15.5232237,centroide_nominatim_historico
35007,28.4249637,-14.0573104,centroide_nominatim_historico
35008,28.1072107,-15.5632366,centroide_nominatim_historico
35009,28.1442408,-15.6542506,centroide_nominatim_historico
35010,29.1458859,-13.5001038,centroide_nominatim_historico
35011,27.9183781,-15.4357949,centroide_nominatim_historico
35012,27.8838269,-15.7229909,centroide_nominatim_historico
35013,28.1107662,-15.583223,centroide_nominatim_historico
35014,28.6487751,-13.9225701,centroide_nominatim_historico
35015,28.3497867,-14.1080857,centroide_nominatim_historico
35016,28.1344745,-15.4350894,centroide_nominatim_historico
35017,28.4993424,-13.8599051,centroide_nominatim_historico
35018,29.0017041,-13.6139122,centroide_nominatim_historico
35019,27.9252512,-15.5729983,centroide_nominatim_historico
35020,27.9853847,-15.7827267,centroide_nominatim_historico
35021,28.035684,-15.4974676,centroide_nominatim_historico
35022,27.9115471,-15.5405202,centroide_nominatim_historico
35023,28.1390522,-15.6318282,centroide_nominatim_historico
35024,29.0592518,-13.5602184,centroide_nominatim_historico
35025,27.9953756,-15.6153664,centroide_nominatim_historico
35026,27.9984538,-15.4166761,centroide_nominatim_historico
35027,28.0590002,-15.5475653,centroide_nominatim_historico
35028,28.9543147,-13.6529153,centroide_nominatim_historico
35029,29.0665593,-13.6764612,centroide_nominatim_historico
35030,28.3256078,-14.0460201,centroide_nominatim_historico
35031,27.9820289,-15.5077157,centroide_nominatim_historico
35032,28.0501609,-15.5744925,centroide_nominatim_historico
35033,28.0095796,-15.5325123,centroide_nominatim_historico
35034,28.9528697,-13.7642134,centroide_nominatim_historico
36001,42.1201334,-8.3182402,centroide_nominatim_historico
36002,42.5210289,-8.6394501,centroide_nominatim_historico
36003,42.1195339,-8.8501649,centroide_nominatim_historico
36004,42.3272768,-8.7863966,centroide_nominatim_historico
36005,42.6041056,-8.6421712,centroide_nominatim_historico
36006,42.51439,-8.8138414,centroide_nominatim_historico
36007,42.5379231,-8.5101215,centroide_nominatim_historico
36008,42.277908,-8.789634,centroide_nominatim_historico
36009,42.2158506,-8.2790051,centroide_nominatim_historico
36010,42.6672017,-8.7218548,centroide_nominatim_historico
36013,42.2683939,-8.3527426,centroide_nominatim_historico
36014,42.1516954,-8.2239168,centroide_nominatim_historico
36015,42.6353362,-8.5617942,centroide_nominatim_historico
36016,42.5950221,-8.0473457,centroide_nominatim_historico
36017,42.6880102,-8.4907139,centroide_nominatim_historico
36018,42.5900309,-8.3509643,centroide_nominatim_historico
36019,42.3278337,-8.4353139,centroide_nominatim_historico
36020,42.762592,-8.0184167,centroide_nominatim_historico
36021,42.1107672,-8.7620688,centroide_nominatim_historico
36022,42.4693872,-8.8949654,centroide_nominatim_historico
36023,41.9012351,-8.87412,centroide_nominatim_historico
36024,42.6614127,-8.1109759,centroide_nominatim_historico
36025,42.4153636,-8.3865621,centroide_nominatim_historico
36026,42.3922393,-8.7029421,centroide_nominatim_historico
36027,42.4529577,-8.7915587,centroide_nominatim_historico
36028,42.4996133,-8.7249365,centroide_nominatim_historico
36029,42.2816553,-8.7356868,centroide_nominatim_historico
36030,42.2329417,-8.4548756,centroide_nominatim_historico
36031,42.2194134,-8.4713577,centroide_nominatim_historico
36032,42.5625536,-8.5851562,centroide_nominatim_historico
36033,42.1879926,-8.6262198,centroide_nominatim_historico
36034,42.0882235,-8.4148446,centroide_nominatim_historico
36035,42.1405445,-8.8070821,centroide_nominatim_historico
36036,42.031505,-8.8444098,centroide_nominatim_historico
36038,42.4318876,-8.6431592,centroide_nominatim_historico
36039,42.1618812,-8.6202683,centroide_nominatim_historico
36040,42.5639366,-8.6570848,centroide_nominatim_historico
36041,42.4419456,-8.6921884,centroide_nominatim_historico
36042,42.1741836,-8.5050427,centroide_nominatim_historico
36043,42.3888113,-8.501742,centroide_nominatim_historico
36044,42.7169943,-8.6438448,centroide_nominatim_historico
36045,42.284221,-8.6085992,centroide_nominatim_historico
36046,42.51333,-8.7537606,centroide_nominatim_historico
36047,42.6490377,-7.9481672,centroide_nominatim_historico
36048,41.936719,-8.8256755,centroide_nominatim_historico
36049,42.1068416,-8.5620619,centroide_nominatim_historico
36050,42.1081234,-8.4897937,centroide_nominatim_historico
36051,42.4003559,-8.8065952,centroide_nominatim_historico
36052,42.697981,-8.2466373,centroide_nominatim_historico
36053,42.3386253,-8.5726276,centroide_nominatim_historico
36054,41.9960109,-8.731412,centroide_nominatim_historico
36055,42.0501375,-8.6466411,centroide_nominatim_historico
36056,42.6892659,-8.6481157,centroide_nominatim_historico
36057,42.2376602,-8.7247205,centroide_nominatim_historico
36058,42.3433945,-8.6641497,centroide_nominatim_historico
36059,42.7937228,-8.1699391,centroide_nominatim_historico
36060,42.5950502,-8.7430537,centroide_nominatim_historico
36061,42.5622257,-8.8265651,centroide_nominatim_historico
36901,42.550039,-8.8671561,centroide_nominatim_historico
36902,42.5503595,-8.4072896,centroide_nominatim_historico
37001,40.708994,-6.1407932,centroide_nominatim_historico
37002,40.4489784,-6.4414485,centroide_nominatim_historico
37003,40.8724904,-6.7462417,centroide_nominatim_historico
37004,41.1579679,-6.3793342,centroide_nominatim_historico
37005,40.6560688,-6.7614311,centroide_nominatim_historico
37006,40.9682428,-5.658483,centroide_nominatim_historico
37007,40.7479808,-5.2880434,centroide_nominatim_historico
37008,40.8266317,-5.514271,centroide_nominatim_historico
37009,40.6714704,-6.3164684,centroide_nominatim_historico
37010,40.4889361,-6.1104867,centroide_nominatim_historico
37011,40.4559348,-6.8293672,centroide_nominatim_historico
37012,40.9116545,-5.3622294,centroide_nominatim_historico
37013,40.3811075,-5.8978503,centroide_nominatim_historico
37014,41.2185533,-6.6197619,centroide_nominatim_historico
37015,40.7070822,-6.7928804,centroide_nominatim_historico
37016,40.9810571,-5.5507326,centroide_nominatim_historico
37017,41.1475441,-5.523389,centroide_nominatim_historico
37018,40.6151176,-6.1002946,centroide_nominatim_historico
37019,41.1111845,-5.8063091,centroide_nominatim_historico
37020,41.008202,-5.4989374,centroide_nominatim_historico
37021,40.8192396,-5.4457359,centroide_nominatim_historico
37022,40.9414175,-5.2067447,centroide_nominatim_historico
37023,40.9249715,-5.6910803,centroide_nominatim_historico
37024,40.5831764,-5.6163061,centroide_nominatim_historico
37025,40.8445104,-6.048226,centroide_nominatim_historico
37026,40.6625539,-6.243397,centroide_nominatim_historico
37027,41.0640987,-5.822883,centroide_nominatim_historico
37028,41.2296884,-6.3407669,centroide_nominatim_historico
37029,40.7277827,-5.4923608,centroide_nominatim_historico
37030,41.1364093,-5.9148371,centroide_nominatim_historico
37031,41.0472623,-5.3861148,centroide_nominatim_historico
37032,40.8938024,-5.6454046,centroide_nominatim_historico
37033,41.0936182,-5.5602675,centroide_nominatim_historico
37034,41.1100862,-5.8244943,centroide_nominatim_historico
37035,40.5927066,-5.4482568,centroide_nominatim_historico
37036,40.5367707,-6.0449626,centroide_nominatim_historico
37037,40.5030788,-6.4140467,centroide_nominatim_historico
37038,40.9776248,-5.4252383,centroide_nominatim_historico
37039,40.8493325,-6.6127882,centroide_nominatim_historico
37040,40.932821,-5.881979,centroide_nominatim_historico
37041,40.6770678,-5.9421514,centroide_nominatim_historico
37042,41.0612538,-6.452043,centroide_nominatim_historico
37044,41.0725456,-6.6662383,centroide_nominatim_historico
37045,40.5764747,-6.0611439,centroide_nominatim_historico
37046,40.3865812,-5.7649619,centroide_nominatim_historico
37047,40.749959,-5.6265822,centroide_nominatim_historico
37049,40.9994319,-6.6710727,centroide_nominatim_historico
37050,40.7187428,-6.0002251,centroide_nominatim_historico
37051,40.633183,-5.6888316,centroide_nominatim_historico
37052,40.8156221,-6.3055378,centroide_nominatim_historico
37054,40.4868949,-6.5755741,centroide_nominatim_historico
37055,40.9057597,-6.5304633,centroide_nominatim_historico
37056,40.836137,-6.7963394,centroide_nominatim_historico
37057,40.8574402,-5.2103225,centroide_nominatim_historico
37058,41.1146754,-6.3479305,centroide_nominatim_historico
37059,40.8568903,-6.2508147,centroide_nominatim_historico
37060,40.7672996,-5.6112011,centroide_nominatim_historico
37061,40.5648424,-6.1276745,centroide_nominatim_historico
37062,41.0444068,-5.4890785,centroide_nominatim_historico
37063,40.518071,-5.6622653,centroide_nominatim_historico
37065,41.1293878,-6.558837,centroide_nominatim_historico
37067,40.9786623,-5.6090032,centroide_nominatim_historico
37068,40.7397092,-6.1779843,centroide_nominatim_historico
37069,40.9466557,-5.5525911,centroide_nominatim_historico
37070,40.9064199,-5.5923007,centroide_nominatim_historico
37071,40.4026786,-5.8189692,centroide_nominatim_historico
37072,40.905963,-5.9020784,centroide_nominatim_historico
37073,41.0866628,-5.7023399,centroide_nominatim_historico
37074,40.510727,-6.6888708,centroide_nominatim_historico
37077,40.9861181,-5.2574966,centroide_nominatim_historico
37078,40.368422,-5.7448323,centroide_nominatim_historico
37079,40.9222051,-5.9289689,centroide_nominatim_historico
37080,40.3730712,-5.8177649,centroide_nominatim_historico
37081,41.1236417,-5.1828833,centroide_nominatim_historico
37082,41.0525942,-5.329936,centroide_nominatim_historico
37083,40.9034493,-5.1635137,centroide_nominatim_historico
37085,40.9329307,-5.6508263,centroide_nominatim_historico
37086,40.5957827,-6.646288,centroide_nominatim_historico
37087,40.9785475,-5.761562,centroide_nominatim_historico
37088,40.7635857,-5.9981445,centroide_nominatim_historico
37089,40.5938599,-5.7604576,centroide_nominatim_historico
37090,40.505367,-6.0450912,centroide_nominatim_historico
37091,40.3831083,-6.7534567,centroide_nominatim_historico
37092,41.018499,-5.5901998,centroide_nominatim_historico
37096,40.7010553,-6.645907,centroide_nominatim_historico
37097,40.7054079,-6.3340007,centroide_nominatim_historico
37098,40.4651479,-6.0407743,centroide_nominatim_historico
37099,40.5662971,-6.0923097,centroide_nominatim_historico
37100,41.1303953,-6.6538463,centroide_nominatim_historico
37101,40.9743999,-6.5868328,centroide_nominatim_historico
37102,40.3270387,-5.9159836,centroide_nominatim_historico
37103,40.5445749,-5.5796454,centroide_nominatim_historico
37104,40.5764747,-6.0611439,centroide_nominatim_historico
37106,40.9626362,-6.2649394,centroide_nominatim_historico
37107,40.5973921,-6.5335182,centroide_nominatim_historico
37108,40.8780162,-5.3649354,centroide_nominatim_historico
37109,40.3992434,-5.956276,centroide_nominatim_historico
37110,40.9512623,-5.4070677,centroide_nominatim_historico
37112,40.4692924,-5.8898816,centroide_nominatim_historico
37113,40.8946,-6.3074883,centroide_nominatim_historico
37114,40.6490995,-5.3814275,centroide_nominatim_historico
37115,40.6421867,-6.3114043,centroide_nominatim_historico
37116,41.0115802,-6.0339649,centroide_nominatim_historico
37117,40.9592297,-5.7461394,centroide_nominatim_historico
37118,40.7666852,-5.5390425,centroide_nominatim_historico
37119,40.4993696,-6.5305442,centroide_nominatim_historico
37120,41.014567,-6.0927389,centroide_nominatim_historico
37121,40.9343682,-5.4696984,centroide_nominatim_historico
37122,40.7709572,-5.556518,centroide_nominatim_historico
37123,41.0304889,-6.5317368,centroide_nominatim_historico
37124,40.5906451,-5.8043348,centroide_nominatim_historico
37125,40.6165029,-5.9543708,centroide_nominatim_historico
37126,41.0622425,-6.2852703,centroide_nominatim_historico
37127,40.5656698,-6.7157965,centroide_nominatim_historico
37128,41.1072603,-5.4238395,centroide_nominatim_historico
37129,41.0246765,-5.7619788,centroide_nominatim_historico
37130,41.0990542,-5.7491261,centroide_nominatim_historico
37131,40.6577295,-5.7837246,centroide_nominatim_historico
37132,40.9891609,-6.8661515,centroide_nominatim_historico
37133,40.4363188,-5.70964,centroide_nominatim_historico
37134,40.7127047,-5.6164191,centroide_nominatim_historico
37135,40.8016667,-6.2584252,centroide_nominatim_historico
37136,40.4291186,-6.676293,centroide_nominatim_historico
37137,40.8752009,-6.5726791,centroide_nominatim_historico
37138,40.5640872,-5.7338898,centroide_nominatim_historico
37139,40.5091667,-5.6916642,centroide_nominatim_historico
37140,40.5885229,-6.8132385,centroide_nominatim_historico
37141,40.7823957,-5.3647374,centroide_nominatim_historico
37142,40.9430522,-5.8721458,centroide_nominatim_historico
37143,40.6640934,-5.5398866,centroide_nominatim_historico
37144,40.7436125,-5.5552805,centroide_nominatim_historico
37145,40.6310965,-6.7021817,centroide_nominatim_historico
37146,40.5369588,-5.4477376,centroide_nominatim_historico
37147,40.5160656,-5.9922747,centroide_nominatim_historico
37148,40.8600646,-5.4357531,centroide_nominatim_historico
37149,40.9013423,-6.1302791,centroide_nominatim_historico
37150,41.0771748,-6.1237903,centroide_nominatim_historico
37151,40.9998207,-5.9078911,centroide_nominatim_historico
37152,41.0430324,-5.535045,centroide_nominatim_historico
37154,41.0169758,-6.4932794,centroide_nominatim_historico
37155,40.5307637,-5.6401978,centroide_nominatim_historico
37156,40.5578842,-5.6704362,centroide_nominatim_historico
37157,40.4582826,-6.5209705,centroide_nominatim_historico
37158,40.4452222,-6.0744174,centroide_nominatim_historico
37159,40.6307421,-5.8637055,centroide_nominatim_historico
37160,40.9859156,-6.7956914,centroide_nominatim_historico
37161,40.4215003,-5.8945223,centroide_nominatim_historico
37162,40.6393197,-5.4057376,centroide_nominatim_historico
37164,40.9684453,-5.468435,centroide_nominatim_historico
37165,41.1417403,-6.3281576,centroide_nominatim_historico
37166,40.4849112,-6.6932156,centroide_nominatim_historico
37167,41.0775544,-5.8609827,centroide_nominatim_historico
37168,40.3247404,-5.9717522,centroide_nominatim_historico
37169,40.7366281,-5.4491021,centroide_nominatim_historico
37170,41.0903872,-5.9987649,centroide_nominatim_historico
37171,40.4688626,-5.7200543,centroide_nominatim_historico
37172,40.5822963,-5.9195865,centroide_nominatim_historico
37173,40.9364713,-6.7204227,centroide_nominatim_historico
37174,40.8307306,-5.2853851,centroide_nominatim_historico
37175,40.9260708,-5.5241651,centroide_nominatim_historico
37176,40.4642383,-6.0628365,centroide_nominatim_historico
37177,40.5648766,-6.1797357,centroide_nominatim_historico
37178,40.7625157,-5.2326741,centroide_nominatim_historico
37179,40.8398631,-5.1989493,centroide_nominatim_historico
37180,41.1749604,-6.2875837,centroide_nominatim_historico
37181,40.4542174,-6.490017,centroide_nominatim_historico
37182,40.8067817,-5.6000097,centroide_nominatim_historico
37183,40.775789,-6.2912793,centroide_nominatim_historico
37184,41.2039379,-6.5887606,centroide_nominatim_historico
37185,41.0522121,-5.6948621,centroide_nominatim_historico
37186,41.0010711,-5.9720849,centroide_nominatim_historico
37187,40.8250251,-5.9429224,centroide_nominatim_historico
37188,40.6864019,-5.6125238,centroide_nominatim_historico
37189,40.6903863,-5.8063282,centroide_nominatim_historico
37190,41.1629627,-6.6902782,centroide_nominatim_historico
37191,41.0923837,-6.5984217,centroide_nominatim_historico
37192,40.8868068,-5.6817029,centroide_nominatim_historico
37193,40.4843849,-5.9988087,centroide_nominatim_historico
37194,40.4922174,-6.0532476,centroide_nominatim_historico
37195,40.4689678,-5.9451942,centroide_nominatim_historico
37196,40.4832509,-6.056028,centroide_nominatim_historico
37197,40.584442,-5.8471379,centroide_nominatim_historico
37198,41.1862209,-6.2265124,centroide_nominatim_historico
37199,40.5036793,-6.2711505,centroide_nominatim_historico
37200,40.6329037,-5.6224313,centroide_nominatim_historico
37201,40.3478223,-5.8948548,centroide_nominatim_historico
37202,41.0277653,-5.6422552,centroide_nominatim_historico
37203,40.7561053,-5.6927414,centroide_nominatim_historico
37204,40.6030935,-6.2745505,centroide_nominatim_historico
37205,40.8082578,-5.6972237,centroide_nominatim_historico
37206,40.9706153,-5.4138031,centroide_nominatim_historico
37207,41.0080976,-5.5831022,centroide_nominatim_historico
37208,40.9773108,-6.4302682,centroide_nominatim_historico
37209,40.8563307,-5.6513631,centroide_nominatim_historico
37211,40.6990633,-5.9268707,centroide_nominatim_historico
37212,40.3979551,-5.7143348,centroide_nominatim_historico
37213,40.4754326,-5.6787329,centroide_nominatim_historico
37214,40.5362584,-6.1135342,centroide_nominatim_historico
37215,40.8896401,-5.2857299,centroide_nominatim_historico
37216,40.7885321,-5.4789303,centroide_nominatim_historico
37217,40.4231446,-5.782842,centroide_nominatim_historico
37218,40.4769369,-5.4786156,centroide_nominatim_historico
37219,40.6068262,-6.0114772,centroide_nominatim_historico
37221,40.2959784,-6.8192419,centroide_nominatim_historico
37222,41.0919534,-5.5922535,centroide_nominatim_historico
37223,40.8804555,-6.6236298,centroide_nominatim_historico
37224,41.1022683,-5.4829879,centroide_nominatim_historico
37225,41.0875757,-5.5090893,centroide_nominatim_historico
37226,41.1659793,-5.8899757,centroide_nominatim_historico
37228,41.0523543,-5.1948709,centroide_nominatim_historico
37229,41.0942842,-5.6014023,centroide_nominatim_historico
37230,40.986719,-5.7922196,centroide_nominatim_historico
37231,41.1479206,-5.4362186,centroide_nominatim_historico
37232,40.9839936,-5.1534922,centroide_nominatim_historico
37233,40.5149268,-6.5100082,centroide_nominatim_historico
37234,40.2858625,-6.7274018,centroide_nominatim_historico
37235,40.7562378,-5.373362,centroide_nominatim_historico
37236,40.8225583,-5.3953579,centroide_nominatim_historico
37237,40.7149387,-5.7050775,centroide_nominatim_historico
37238,41.0632531,-5.5476734,centroide_nominatim_historico
37239,41.0807399,-5.3990988,centroide_nominatim_historico
37240,40.9366792,-5.5790972,centroide_nominatim_historico
37241,40.887749,-6.211184,centroide_nominatim_historico
37242,40.6497928,-5.5756541,centroide_nominatim_historico
37243,41.2242087,-5.9059134,centroide_nominatim_historico
37244,40.3442754,-5.8606859,centroide_nominatim_historico
37245,40.3203715,-6.6704375,centroide_nominatim_historico
37246,40.9024602,-5.2006416,centroide_nominatim_historico
37247,40.8834297,-5.3931811,centroide_nominatim_historico
37248,41.0042658,-6.3620466,centroide_nominatim_historico
37249,41.0048108,-6.3337391,centroide_nominatim_historico
37250,41.2394584,-6.5233717,centroide_nominatim_historico
37251,40.4635923,-5.7721684,centroide_nominatim_historico
37252,40.4450129,-5.9609431,centroide_nominatim_historico
37253,41.0360366,-5.7751201,centroide_nominatim_historico
37254,41.0626777,-5.466176,centroide_nominatim_historico
37255,40.6161491,-5.6503843,centroide_nominatim_historico
37256,41.0463168,-5.2604557,centroide_nominatim_historico
37257,40.9137675,-6.4111023,centroide_nominatim_historico
37258,40.446894,-6.7456794,centroide_nominatim_historico
37259,40.5118883,-5.7377132,centroide_nominatim_historico
37260,40.6250248,-6.18205,centroide_nominatim_historico
37261,40.4894071,-5.5261785,centroide_nominatim_historico
37262,41.0972025,-6.2869626,centroide_nominatim_historico
37263,40.350033,-5.8388761,centroide_nominatim_historico
37264,40.8274835,-6.7606594,centroide_nominatim_historico
37265,40.9970072,-5.1274597,centroide_nominatim_historico
37266,40.9080833,-6.7489952,centroide_nominatim_historico
37267,40.8016102,-6.359478,centroide_nominatim_historico
37268,40.6123964,-6.0199001,centroide_nominatim_historico
37269,40.3855498,-6.6043166,centroide_nominatim_historico
37270,40.8673278,-5.9772044,centroide_nominatim_historico
37271,40.962603,-5.9177328,centroide_nominatim_historico
37272,40.6696789,-6.6333393,centroide_nominatim_historico
37273,40.7437184,-6.0712929,centroide_nominatim_historico
37274,40.9651572,-5.6640182,centroide_nominatim_historico
37275,41.0213972,-6.6379698,centroide_nominatim_historico
37276,40.8015774,-5.2193644,centroide_nominatim_historico
37277,40.5886164,-5.5980169,centroide_nominatim_historico
37278,41.0292742,-5.6186299,centroide_nominatim_historico
37279,40.7054616,-6.4005474,centroide_nominatim_historico
37280,41.0884029,-6.4137772,centroide_nominatim_historico
37281,40.743199,-6.0249609,centroide_nominatim_historico
37282,40.4383246,-5.7532266,centroide_nominatim_historico
37283,40.9684419,-6.1109973,centroide_nominatim_historico
37284,40.506534,-5.9061444,centroide_nominatim_historico
37285,40.850122,-6.7088436,centroide_nominatim_historico
37286,40.5222349,-6.0646428,centroide_nominatim_historico
37287,40.5420995,-5.9225133,centroide_nominatim_historico
37288,40.9935287,-5.5022626,centroide_nominatim_historico
37289,40.7847654,-6.1265642,centroide_nominatim_historico
37290,41.0335775,-5.8607152,centroide_nominatim_historico
37291,40.790471,-5.7381386,centroide_nominatim_historico
37292,41.1165634,-5.8575464,centroide_nominatim_historico
37293,40.9787511,-6.1289175,centroide_nominatim_historico
37294,40.9492102,-5.6306215,centroide_nominatim_historico
37296,40.8019518,-5.2798486,centroide_nominatim_historico
37297,40.4885673,-5.6118141,centroide_nominatim_historico
37298,40.4943348,-5.9152698,centroide_nominatim_historico
37299,41.2058865,-5.8960447,centroide_nominatim_historico
37300,40.5449825,-5.7972566,centroide_nominatim_historico
37301,41.2145473,-6.270895,centroide_nominatim_historico
37302,41.0481976,-6.7513831,centroide_nominatim_historico
37303,40.4144679,-6.5418679,centroide_nominatim_historico
37304,40.6988563,-6.186224,centroide_nominatim_historico
37305,40.5120817,-6.0246972,centroide_nominatim_historico
37306,40.5214395,-6.3599052,centroide_nominatim_historico
37307,40.5003242,-6.3566894,centroide_nominatim_historico
37309,40.645467,-5.8569297,centroide_nominatim_historico
37310,40.7427699,-5.5763835,centroide_nominatim_historico
37311,40.9175505,-6.7988431,centroide_nominatim_historico
37312,40.4440404,-5.6778047,centroide_nominatim_historico
37313,40.4373792,-6.0332967,centroide_nominatim_historico
37314,40.9105527,-6.0014533,centroide_nominatim_historico
37315,40.5896769,-5.5360129,centroide_nominatim_historico
37316,40.6567714,-6.1056098,centroide_nominatim_historico
37317,41.1722212,-5.2499246,centroide_nominatim_historico
37318,41.1142681,-5.5742762,centroide_nominatim_historico
37319,40.4426592,-5.5388481,centroide_nominatim_historico
37320,40.6321386,-6.023044,centroide_nominatim_historico
37321,40.6247336,-6.3548703,centroide_nominatim_historico
37322,40.8389232,-5.5411976,centroide_nominatim_historico
37323,41.1574766,-5.6329809,centroide_nominatim_historico
37324,40.8522744,-5.3519824,centroide_nominatim_historico
37325,40.5420699,-5.8930586,centroide_nominatim_historico
37327,41.1023316,-5.7847217,centroide_nominatim_historico
37328,41.2328785,-6.3837424,centroide_nominatim_historico
37329,41.0744047,-6.1815403,centroide_nominatim_historico
37330,40.7693875,-5.422323,centroide_nominatim_historico
37331,40.4663875,-5.8326427,centroide_nominatim_historico
37332,40.4193015,-5.8489097,centroide_nominatim_historico
37333,40.5059938,-5.7640448,centroide_nominatim_historico
37334,40.3691265,-5.9910255,centroide_nominatim_historico
37335,41.1713985,-5.7839875,centroide_nominatim_historico
37336,40.8228876,-5.581335,centroide_nominatim_historico
37337,41.0657644,-6.5079709,centroide_nominatim_historico
37338,41.0857338,-5.6715006,centroide_nominatim_historico
37339,40.5347585,-5.9419416,centroide_nominatim_historico
37340,41.1099617,-6.5028074,centroide_nominatim_historico
37341,40.4812228,-5.7811248,centroide_nominatim_historico
37342,41.0468489,-5.7695719,centroide_nominatim_historico
37343,40.4091472,-5.719642,centroide_nominatim_historico
37344,40.7782176,-5.8782606,centroide_nominatim_historico
37345,41.0252969,-5.8871142,centroide_nominatim_historico
37346,40.7151029,-5.8317931,centroide_nominatim_historico
37347,41.0740754,-5.5672793,centroide_nominatim_historico
37348,40.927724,-5.3482694,centroide_nominatim_historico
37349,41.1537832,-6.4878943,centroide_nominatim_historico
37350,41.1036585,-6.7235558,centroide_nominatim_historico
37351,41.0844747,-5.2333507,centroide_nominatim_historico
37352,40.892027,-5.4969423,centroide_nominatim_historico
37353,40.8003129,-5.9743565,centroide_nominatim_historico
37354,40.9983869,-5.6958422,centroide_nominatim_historico
37355,40.5104644,-6.0112729,centroide_nominatim_historico
37356,40.6733187,-6.7187284,centroide_nominatim_historico
37357,40.7377372,-6.7390982,centroide_nominatim_historico
37358,40.9536258,-5.2887111,centroide_nominatim_historico
37359,40.7259958,-6.7039499,centroide_nominatim_historico
37360,41.0322087,-6.2223596,centroide_nominatim_historico
37361,41.1234582,-6.4467365,centroide_nominatim_historico
37362,41.0091562,-5.6489616,centroide_nominatim_historico
37363,40.866931,-6.4132711,centroide_nominatim_historico
37364,41.2702654,-6.4681957,centroide_nominatim_historico
37365,41.0157341,-5.9711206,centroide_nominatim_historico
37366,41.0564519,-6.3629639,centroide_nominatim_historico
37367,41.0626265,-6.5973185,centroide_nominatim_historico
37368,41.0041648,-6.1620485,centroide_nominatim_historico
37369,41.0363667,-6.1132214,centroide_nominatim_historico
37370,41.1625959,-6.184847,centroide_nominatim_historico
37371,40.3389758,-6.6383329,centroide_nominatim_historico
37372,41.0642682,-5.5251222,centroide_nominatim_historico
37373,40.8760816,-6.4675359,centroide_nominatim_historico
37374,40.9949984,-5.3743706,centroide_nominatim_historico
37375,41.0083252,-5.3937542,centroide_nominatim_historico
37376,41.0086675,-6.4353797,centroide_nominatim_historico
37377,40.9595529,-6.488173,centroide_nominatim_historico
37378,40.5192206,-6.4527286,centroide_nominatim_historico
37379,41.1475754,-5.8300362,centroide_nominatim_historico
37380,41.038896,-5.8445454,centroide_nominatim_historico
37381,41.1625985,-6.6281923,centroide_nominatim_historico
37382,41.0145341,-5.1965946,centroide_nominatim_historico
38001,28.1219416,-16.7241893,centroide_nominatim_historico
38002,28.1881791,-17.1945669,centroide_nominatim_historico
38003,28.0619917,-17.2383666,centroide_nominatim_historico
38004,28.3404454,-16.4173287,centroide_nominatim_historico
38005,28.190527,-16.49776,centroide_nominatim_historico
38006,28.0996248,-16.6809103,centroide_nominatim_historico
38007,28.8294169,-17.803359,centroide_nominatim_historico
38008,28.6637814,-17.7867588,centroide_nominatim_historico
38009,28.6305385,-17.7901768,centroide_nominatim_historico
38010,28.3721177,-16.8512557,centroide_nominatim_historico
38011,28.3546715,-16.3710091,centroide_nominatim_historico
38012,28.2356006,-16.4393504,centroide_nominatim_historico
38013,27.7534804,-18.0107229,centroide_nominatim_historico
38014,28.5071503,-17.8412107,centroide_nominatim_historico
38015,28.373686,-16.7640491,centroide_nominatim_historico
38016,28.8038117,-17.9169741,centroide_nominatim_historico
38017,28.1221408,-16.5766728,centroide_nominatim_historico
38018,28.3738326,-16.6515762,centroide_nominatim_historico
38019,28.2101368,-16.7787271,centroide_nominatim_historico
38020,28.3150189,-16.4099501,centroide_nominatim_historico
38021,28.1499249,-17.1989529,centroide_nominatim_historico
38022,28.3680548,-16.7176389,centroide_nominatim_historico
38023,28.4857715,-16.3159422,centroide_nominatim_historico
38024,28.658972,-17.9131515,centroide_nominatim_historico
38025,28.4529931,-16.442792,centroide_nominatim_historico
38026,28.4025205,-16.5102637,centroide_nominatim_historico
38027,28.6514036,-17.8799155,centroide_nominatim_historico
38028,28.4159024,-16.5532956,centroide_nominatim_historico
38029,28.7682621,-17.9792892,centroide_nominatim_historico
38030,28.7379673,-17.7465582,centroide_nominatim_historico
38031,28.3503569,-16.5851705,centroide_nominatim_historico
38032,28.4044462,-16.3330086,centroide_nominatim_historico
38033,28.7809975,-17.7931666,centroide_nominatim_historico
38034,28.3527373,-16.6246406,centroide_nominatim_historico
38035,28.0992051,-16.6167914,centroide_nominatim_historico
38036,28.0910382,-17.1110077,centroide_nominatim_historico
38037,28.6818901,-17.7663354,centroide_nominatim_historico
38038,28.467178,-16.2507843,centroide_nominatim_historico
38039,28.4253094,-16.4917392,centroide_nominatim_historico
38040,28.2957363,-16.8144779,centroide_nominatim_historico
38041,28.4798777,-16.4357489,centroide_nominatim_historico
38042,28.3658242,-16.8167118,centroide_nominatim_historico
38043,28.4805316,-16.4137605,centroide_nominatim_historico
38044,28.3579462,-16.7742811,centroide_nominatim_historico
38045,28.642858,-17.9326028,centroide_nominatim_historico
38046,28.5232609,-16.3407638,centroide_nominatim_historico
38047,28.711103,-17.9552599,centroide_nominatim_historico
38048,27.809685,-17.9151468,centroide_nominatim_historico
38049,28.1158533,-17.3209828,centroide_nominatim_historico
38050,28.1798679,-17.2646825,centroide_nominatim_historico
38051,28.4355816,-16.4440118,centroide_nominatim_historico
38052,28.1590955,-16.6365089,centroide_nominatim_historico
38053,28.5777883,-17.7997124,centroide_nominatim_historico
38901,27.6377515,-17.9867633,centroide_nominatim_historico
39001,43.3773307,-4.1886191,centroide_nominatim_historico
39002,43.3440563,-3.4151482,centroide_nominatim_historico
39003,43.2019012,-4.0051986,centroide_nominatim_historico
39004,43.1870286,-4.0496673,centroide_nominatim_historico
39005,43.45717,-3.49159,centroide_nominatim_historico
39006,43.4713844,-3.5675443,centroide_nominatim_historico
39007,43.274538,-3.6017743,centroide_nominatim_historico
39008,43.4007198,-3.824935,centroide_nominatim_historico
39009,43.4199578,-3.5089051,centroide_nominatim_historico
39010,43.1273727,-4.054709,centroide_nominatim_historico
39011,43.46812,-3.59844,centroide_nominatim_historico
39012,43.3080667,-4.2358532,centroide_nominatim_historico
39013,43.1328048,-4.5755995,centroide_nominatim_historico
39014,43.2064824,-4.3050679,centroide_nominatim_historico
39015,43.150837,-4.6938837,centroide_nominatim_historico
39016,43.4301,-3.86163,centroide_nominatim_historico
39017,43.030583,-3.9893084,centroide_nominatim_historico
39018,43.3243805,-4.069902,centroide_nominatim_historico
39019,43.3174975,-3.9260653,centroide_nominatim_historico
39020,43.3843347,-3.2162576,centroide_nominatim_historico
39021,43.2230443,-4.1248734,centroide_nominatim_historico
39022,43.2076777,-4.6122569,centroide_nominatim_historico
39023,43.3949637,-3.449786,centroide_nominatim_historico
39024,43.3855344,-4.2901505,centroide_nominatim_historico
39025,43.2619686,-4.0667653,centroide_nominatim_historico
39026,43.2161496,-3.9620953,centroide_nominatim_historico
39027,43.0025933,-4.1077467,centroide_nominatim_historico
39028,43.3776292,-3.6823116,centroide_nominatim_historico
39029,43.4370721,-3.5139242,centroide_nominatim_historico
39030,43.3368356,-3.3249535,centroide_nominatim_historico
39031,43.3956539,-3.5908118,centroide_nominatim_historico
39032,43.0335653,-4.277964,centroide_nominatim_historico
39033,43.3081749,-4.4683661,centroide_nominatim_historico
39034,43.2200671,-4.4872277,centroide_nominatim_historico
39035,43.41063,-3.4173,centroide_nominatim_historico
39036,43.385384,-3.3675194,centroide_nominatim_historico
39037,43.3457326,-3.7432184,centroide_nominatim_historico
39038,43.3642392,-3.4176158,centroide_nominatim_historico
39039,43.1117585,-3.9070384,centroide_nominatim_historico
39040,43.4195639,-3.7492593,centroide_nominatim_historico
39041,43.29764,-4.20947,centroide_nominatim_historico
39042,43.3806902,-3.7624661,centroide_nominatim_historico
39043,43.4442752,-3.5824118,centroide_nominatim_historico
39044,43.4306997,-4.0000308,centroide_nominatim_historico
39045,43.2754402,-3.7126373,centroide_nominatim_historico
39046,43.15187,-4.0428,centroide_nominatim_historico
39047,43.4813309,-3.5210066,centroide_nominatim_historico
39048,43.3413728,-3.8068404,centroide_nominatim_historico
39049,43.2463029,-4.5764095,centroide_nominatim_historico
39050,43.0769294,-4.5386784,centroide_nominatim_historico
39051,43.0820241,-4.0789718,centroide_nominatim_historico
39052,43.4024237,-3.9515711,centroide_nominatim_historico
39053,43.1006846,-4.4143179,centroide_nominatim_historico
39054,43.3846227,-4.0180307,centroide_nominatim_historico
39055,43.1536831,-4.623428,centroide_nominatim_historico
39056,43.2989919,-3.9649215,centroide_nominatim_historico
39057,43.257411,-3.4646482,centroide_nominatim_historico
39058,43.3068101,-3.4261975,centroide_nominatim_historico
39059,43.0010076,-4.1378363,centroide_nominatim_historico
39060,43.3501795,-4.1156222,centroide_nominatim_historico
39061,43.460752,-3.6898984,centroide_nominatim_historico
39062,43.4081714,-3.6616489,centroide_nominatim_historico
39063,43.2195449,-4.3955368,centroide_nominatim_historico
39064,43.3326111,-3.6961004,centroide_nominatim_historico
39065,42.9736041,-4.0297512,centroide_nominatim_historico
39066,43.2586842,-4.2673241,centroide_nominatim_historico
39067,43.2949477,-3.5375132,centroide_nominatim_historico
39068,43.3805238,-4.2532897,centroide_nominatim_historico
39069,43.2663088,-4.0303292,centroide_nominatim_historico
39070,43.0561119,-4.0237999,centroide_nominatim_historico
39071,43.115382,-3.8184121,centroide_nominatim_historico
39072,43.2191046,-3.7200789,centroide_nominatim_historico
39073,43.4429407,-3.9049243,centroide_nominatim_historico
39074,43.30976,-3.85548,centroide_nominatim_historico
39075,43.4618932,-3.8100255,centroide_nominatim_historico
39076,43.3906511,-4.108048,centroide_nominatim_historico
39077,43.06105,-4.08342,centroide_nominatim_historico
39078,43.23715,-3.93946,centroide_nominatim_historico
39079,43.4449362,-3.4553628,centroide_nominatim_historico
39080,43.38318,-4.40027,centroide_nominatim_historico
39081,43.2598232,-3.8424627,centroide_nominatim_historico
39082,43.216694,-3.806861,centroide_nominatim_historico
39083,43.1915054,-3.5623672,centroide_nominatim_historico
39084,43.3825402,-3.5875913,centroide_nominatim_historico
39085,43.4260091,-4.041568,centroide_nominatim_historico
39086,43.1543884,-4.2537967,centroide_nominatim_historico
39087,43.3487303,-4.0515082,centroide_nominatim_historico
39088,43.25713,-4.66813,centroide_nominatim_historico
39089,43.15226,-4.3728,centroide_nominatim_historico
39090,43.338353,-4.2599994,centroide_nominatim_historico
39091,43.3301421,-4.3518153,centroide_nominatim_historico
39092,42.9017495,-4.1760599,centroide_nominatim_historico
39093,42.875519,-4.0926302,centroide_nominatim_historico
39094,42.8564085,-3.9708898,centroide_nominatim_historico
39095,43.3646297,-4.4785761,centroide_nominatim_historico
39096,43.0796896,-4.6674984,centroide_nominatim_historico
39097,43.1585436,-3.7821043,centroide_nominatim_historico
39098,43.2306206,-3.8049489,centroide_nominatim_historico
39099,43.3628514,-3.864296,centroide_nominatim_historico
39100,43.266473,-3.892813,centroide_nominatim_historico
39101,43.2323939,-3.282423,centroide_nominatim_historico
39102,43.3467008,-3.5109605,centroide_nominatim_historico
04002,37.1332098,-2.797482,centroide_nominatim_historico
04003,36.748834,-3.0203617,centroide_nominatim_historico
04005,37.0327593,-2.6209783,centroide_nominatim_historico
04008,37.3360254,-2.5971447,centroide_nominatim_historico
04009,37.2360207,-2.2671732,centroide_nominatim_historico
04011,36.9574546,-2.5667688,centroide_nominatim_historico
04012,36.9658859,-2.6018983,centroide_nominatim_historico
04027,37.2121012,-2.2419032,centroide_nominatim_historico
04028,36.9865695,-2.6195624,centroide_nominatim_historico
04035,37.2961366,-1.8807223,centroide_nominatim_historico
04036,37.2667517,-2.258213,centroide_nominatim_historico
04041,36.8769467,-2.6019386,centroide_nominatim_historico
04043,36.8686676,-2.6576842,centroide_nominatim_historico
04044,37.360002,-2.2632918,centroide_nominatim_historico
04047,36.9530744,-2.491623,centroide_nominatim_historico
04048,37.1675863,-1.9394052,centroide_nominatim_historico
04051,36.9677058,-2.6091422,centroide_nominatim_historico
04054,36.9851023,-2.6391402,centroide_nominatim_historico
04058,37.2949008,-2.2185033,centroide_nominatim_historico
04061,37.4009313,-2.4241485,centroide_nominatim_historico
04062,37.3309751,-2.3024387,centroide_nominatim_historico
04064,37.1402087,-1.8510071,centroide_nominatim_historico
04069,37.3559681,-2.2965931,centroide_nominatim_historico
04071,36.9978333,-2.7732375,centroide_nominatim_historico
04072,37.4060229,-2.2262739,centroide_nominatim_historico
04073,37.0216846,-2.9526235,centroide_nominatim_historico
04077,36.9949542,-2.681227,centroide_nominatim_historico
04079,36.7630203,-2.6115886,centroide_nominatim_historico
04081,36.9738035,-2.5307759,centroide_nominatim_historico
04083,37.3437187,-2.5084242,centroide_nominatim_historico
04090,37.2279746,-2.2854744,centroide_nominatim_historico
04092,37.3449275,-2.4391712,centroide_nominatim_historico
04093,37.1523701,-1.8945374,centroide_nominatim_historico
04095,37.1852556,-2.2035137,centroide_nominatim_historico
04097,37.1939294,-2.4029018,centroide_nominatim_historico
04098,37.6914189,-2.0956638,centroide_nominatim_historico
04102,36.8316986,-2.6430297,centroide_nominatim_historico
04902,36.7109765,-2.696357,centroide_nominatim_historico
04903,36.7565596,-2.6800143,centroide_nominatim_historico
40001,40.914854,-4.2690384,centroide_nominatim_historico
40002,41.0519643,-4.0517691,centroide_nominatim_historico
40003,41.3677754,-4.1130681,centroide_nominatim_historico
40004,41.226369,-4.1130553,centroide_nominatim_historico
40006,41.244002,-3.791299,centroide_nominatim_historico
40007,41.0455053,-3.7958168,centroide_nominatim_historico
40008,41.4620062,-3.4670096,centroide_nominatim_historico
40009,41.4603172,-3.7796605,centroide_nominatim_historico
40010,41.0817174,-4.5437054,centroide_nominatim_historico
40012,41.1856125,-4.165298,centroide_nominatim_historico
40013,41.4720246,-4.0563689,centroide_nominatim_historico
40014,41.512919,-3.7774828,centroide_nominatim_historico
40015,41.0551736,-4.5376928,centroide_nominatim_historico
40016,41.3511377,-3.6783359,centroide_nominatim_historico
40017,40.9913429,-4.3086181,centroide_nominatim_historico
40018,41.0379879,-4.2957183,centroide_nominatim_historico
40019,41.1378436,-3.8569026,centroide_nominatim_historico
40020,41.117941,-3.7236088,centroide_nominatim_historico
40021,41.1618361,-3.8892573,centroide_nominatim_historico
40022,41.0769827,-4.3199993,centroide_nominatim_historico
40024,41.4195795,-3.3763517,centroide_nominatim_historico
40025,41.326037,-3.6714359,centroide_nominatim_historico
40026,41.0267605,-4.0256509,centroide_nominatim_historico
40028,40.9060273,-4.4368793,centroide_nominatim_historico
40029,41.3991011,-3.5704766,centroide_nominatim_historico
40030,41.1281828,-4.3503802,centroide_nominatim_historico
40031,40.9962216,-4.1172031,centroide_nominatim_historico
40032,41.3357071,-3.6384171,centroide_nominatim_historico
40033,41.0344175,-4.0537369,centroide_nominatim_historico
40034,41.1229167,-3.9624779,centroide_nominatim_historico
40035,41.06727,-4.1099902,centroide_nominatim_historico
40036,41.2361557,-3.9309811,centroide_nominatim_historico
40037,41.4456227,-4.0099324,centroide_nominatim_historico
40039,41.4295178,-3.5454061,centroide_nominatim_historico
40040,41.2582596,-3.9274383,centroide_nominatim_historico
40041,41.0749779,-4.157959,centroide_nominatim_historico
40043,41.1223601,-4.2652816,centroide_nominatim_historico
40044,41.3678211,-3.8978334,centroide_nominatim_historico
40045,41.1664837,-3.6566771,centroide_nominatim_historico
40046,41.2807849,-3.6015632,centroide_nominatim_historico
40047,41.4202328,-3.8542354,centroide_nominatim_historico
40048,41.3957126,-3.8476345,centroide_nominatim_historico
40049,41.2078986,-3.7345164,centroide_nominatim_historico
40051,41.3937024,-3.8019228,centroide_nominatim_historico
40052,41.4250091,-3.6059777,centroide_nominatim_historico
40053,41.2178054,-3.5912905,centroide_nominatim_historico
40054,41.2386315,-3.558266,centroide_nominatim_historico
40055,41.4320204,-3.5666086,centroide_nominatim_historico
40056,41.3832558,-3.9272432,centroide_nominatim_historico
40057,41.2176667,-4.5228361,centroide_nominatim_historico
40058,41.0661883,-4.600697,centroide_nominatim_historico
40059,41.0385114,-3.918265,centroide_nominatim_historico
40060,41.2521776,-3.7441217,centroide_nominatim_historico
40061,41.3917236,-3.4591203,centroide_nominatim_historico
40062,41.1216198,-3.9084802,centroide_nominatim_historico
40063,41.3997643,-4.3150702,centroide_nominatim_historico
40065,41.3379304,-4.4271261,centroide_nominatim_historico
40068,41.1151681,-4.3792275,centroide_nominatim_historico
40069,41.1158399,-4.6952886,centroide_nominatim_historico
40070,41.2359633,-3.6481057,centroide_nominatim_historico
40071,41.3755042,-3.6675732,centroide_nominatim_historico
40072,41.0179102,-4.1574305,centroide_nominatim_historico
40073,41.1676588,-4.1209546,centroide_nominatim_historico
40074,41.1054801,-4.193449,centroide_nominatim_historico
40075,41.0908033,-4.1311447,centroide_nominatim_historico
40076,40.7170769,-4.2459968,centroide_nominatim_historico
40077,40.9967952,-4.0733164,centroide_nominatim_historico
40078,41.319067,-4.4486539,centroide_nominatim_historico
40079,41.3685037,-3.4992497,centroide_nominatim_historico
40080,41.3922745,-3.6443027,centroide_nominatim_historico
40081,41.3830544,-4.1869652,centroide_nominatim_historico
40082,41.210272,-4.6329161,centroide_nominatim_historico
40083,41.3799737,-4.0015765,centroide_nominatim_historico
40084,41.2795496,-4.4940173,centroide_nominatim_historico
40086,41.2219305,-4.1762088,centroide_nominatim_historico
40087,41.4011417,-4.041854,centroide_nominatim_historico
40088,41.2965232,-3.9325392,centroide_nominatim_historico
40089,41.4258579,-4.0610194,centroide_nominatim_historico
40091,41.4565788,-3.917711,centroide_nominatim_historico
40092,41.4408407,-3.9800537,centroide_nominatim_historico
40093,41.0745293,-3.7858799,centroide_nominatim_historico
40094,40.9777168,-4.2657179,centroide_nominatim_historico
40095,41.2888663,-4.3263743,centroide_nominatim_historico
40097,41.3726057,-3.6130716,centroide_nominatim_historico
40099,41.5101373,-3.7044319,centroide_nominatim_historico
40100,41.3467279,-4.1193875,centroide_nominatim_historico
40101,40.9822979,-4.2035613,centroide_nominatim_historico
40103,41.0102912,-4.2194637,centroide_nominatim_historico
40104,40.8001736,-4.377953,centroide_nominatim_historico
40105,40.9460702,-4.3086829,centroide_nominatim_historico
40106,41.030737,-4.5197726,centroide_nominatim_historico
40107,40.8430003,-4.5202241,centroide_nominatim_historico
40108,41.494158,-4.0287474,centroide_nominatim_historico
40109,41.4491923,-3.4233849,centroide_nominatim_historico
40110,41.2975006,-4.1070349,centroide_nominatim_historico
40111,40.8789757,-4.3455922,centroide_nominatim_historico
40112,40.968776,-4.1036258,centroide_nominatim_historico
40113,40.8534691,-4.1631443,centroide_nominatim_historico
40115,41.4867788,-3.5219055,centroide_nominatim_historico
40118,40.9798126,-4.3655121,centroide_nominatim_historico
40119,40.9510564,-4.2726858,centroide_nominatim_historico
40120,41.0653483,-4.6860441,centroide_nominatim_historico
40121,40.9943499,-4.5976807,centroide_nominatim_historico
40122,40.8960384,-4.3843027,centroide_nominatim_historico
40123,41.095702,-3.756594,centroide_nominatim_historico
40124,41.3966648,-4.4717308,centroide_nominatim_historico
40125,41.1910769,-3.7948233,centroide_nominatim_historico
40126,41.0511694,-4.4693488,centroide_nominatim_historico
40127,41.4478832,-4.097202,centroide_nominatim_historico
40128,41.1217211,-4.3642121,centroide_nominatim_historico
40129,41.1404245,-4.6650411,centroide_nominatim_historico
40130,41.5489904,-3.6519752,centroide_nominatim_historico
40131,40.8488405,-4.3507292,centroide_nominatim_historico
40132,41.464961,-3.6158333,centroide_nominatim_historico
40134,41.1472335,-4.1857029,centroide_nominatim_historico
40135,40.8880079,-4.4720127,centroide_nominatim_historico
40136,41.1721422,-3.951645,centroide_nominatim_historico
40138,41.1555121,-4.4878095,centroide_nominatim_historico
40139,41.0547237,-3.8250591,centroide_nominatim_historico
40140,41.3415816,-3.9335412,centroide_nominatim_historico
40141,41.2159893,-4.2557274,centroide_nominatim_historico
40142,41.3746333,-3.708466,centroide_nominatim_historico
40143,41.3808088,-3.7221685,centroide_nominatim_historico
40144,41.413984,-3.7506526,centroide_nominatim_historico
40145,41.195979,-4.4386447,centroide_nominatim_historico
40146,40.7601679,-4.3293885,centroide_nominatim_historico
40148,41.080622,-4.4259354,centroide_nominatim_historico
40149,41.4155608,-4.1601082,centroide_nominatim_historico
40150,41.1644848,-3.7803082,centroide_nominatim_historico
40151,41.0875411,-4.3947242,centroide_nominatim_historico
40152,40.817303,-4.2075237,centroide_nominatim_historico
40154,41.3905126,-3.5900869,centroide_nominatim_historico
40155,40.9303438,-4.0577733,centroide_nominatim_historico
40156,41.1314254,-3.8111166,centroide_nominatim_historico
40157,41.050778,-3.941377,centroide_nominatim_historico
40158,41.392299,-4.1410021,centroide_nominatim_historico
40159,41.2594806,-4.292713,centroide_nominatim_historico
40160,41.1907922,-4.2084717,centroide_nominatim_historico
40161,41.4417257,-3.6734929,centroide_nominatim_historico
40162,41.1373888,-3.6883157,centroide_nominatim_historico
40163,41.2047803,-3.9136196,centroide_nominatim_historico
40164,41.0937349,-4.6528769,centroide_nominatim_historico
40165,41.193162,-3.85785,centroide_nominatim_historico
40166,41.3411657,-4.4839051,centroide_nominatim_historico
40170,41.279379,-3.4772594,centroide_nominatim_historico
40171,41.365104,-3.4290203,centroide_nominatim_historico
40172,41.2466255,-3.4501051,centroide_nominatim_historico
40173,41.0282062,-4.1811932,centroide_nominatim_historico
40174,41.4936065,-3.9626909,centroide_nominatim_historico
40176,41.2589394,-4.417447,centroide_nominatim_historico
40177,41.4057374,-4.4044175,centroide_nominatim_historico
40178,41.1120688,-4.6445295,centroide_nominatim_historico
40179,41.3234933,-4.3052465,centroide_nominatim_historico
40180,40.9479461,-4.4146706,centroide_nominatim_historico
40181,40.8518091,-4.0112969,centroide_nominatim_historico
40182,41.2229751,-4.3377841,centroide_nominatim_historico
40183,41.399526,-3.9522087,centroide_nominatim_historico
40184,41.2265411,-3.8094661,centroide_nominatim_historico
40185,41.0706092,-4.4065179,centroide_nominatim_historico
40186,41.2183709,-3.6848182,centroide_nominatim_historico
40188,41.082854,-3.8927523,centroide_nominatim_historico
40189,41.1576484,-4.5725068,centroide_nominatim_historico
40190,41.0414069,-3.9905421,centroide_nominatim_historico
40191,41.1968324,-3.5743217,centroide_nominatim_historico
40192,41.1944319,-4.0674743,centroide_nominatim_historico
40193,41.2713939,-3.8850323,centroide_nominatim_historico
40194,40.9481192,-4.1172101,centroide_nominatim_historico
40195,41.2972525,-3.7486519,centroide_nominatim_historico
40196,41.3667638,-3.5461026,centroide_nominatim_historico
40199,41.0349799,-3.9410805,centroide_nominatim_historico
40200,41.0967576,-4.2385358,centroide_nominatim_historico
40201,41.1337944,-4.6503315,centroide_nominatim_historico
40202,41.4442118,-3.8397875,centroide_nominatim_historico
40203,40.9951334,-4.0218815,centroide_nominatim_historico
40204,41.3742525,-4.0382663,centroide_nominatim_historico
40205,41.1023903,-4.0320822,centroide_nominatim_historico
40206,41.0732715,-3.8705605,centroide_nominatim_historico
40207,40.9632936,-4.0357823,centroide_nominatim_historico
40208,41.1559563,-4.0060215,centroide_nominatim_historico
40210,41.3562435,-3.7751998,centroide_nominatim_historico
40211,40.8174894,-4.2568565,centroide_nominatim_historico
40212,41.5208727,-3.6350138,centroide_nominatim_historico
40213,41.1453602,-3.9103987,centroide_nominatim_historico
40214,40.9992568,-4.1744249,centroide_nominatim_historico
40215,41.477802,-3.9180548,centroide_nominatim_historico
40216,40.9566112,-4.2347062,centroide_nominatim_historico
40218,41.3626884,-3.8398147,centroide_nominatim_historico
40219,41.4045923,-4.4258466,centroide_nominatim_historico
40220,41.1792317,-3.8065341,centroide_nominatim_historico
40221,41.1880079,-3.7735664,centroide_nominatim_historico
40222,41.192984,-3.9936737,centroide_nominatim_historico
40223,40.794965,-4.2779726,centroide_nominatim_historico
40224,41.1837611,-3.6896359,centroide_nominatim_historico
40225,40.7806684,-4.4134435,centroide_nominatim_historico
40228,41.3074858,-4.526874,centroide_nominatim_historico
40229,41.5219643,-3.6540414,centroide_nominatim_historico
40230,41.2524594,-4.5784601,centroide_nominatim_historico
40231,41.0718126,-4.2394772,centroide_nominatim_historico
40233,40.808853,-4.3358547,centroide_nominatim_historico
40234,41.2612432,-4.1835312,centroide_nominatim_historico
40901,40.838695,-4.1732934,centroide_nominatim_historico
40902,41.3911115,-4.0955261,centroide_nominatim_historico
40903,40.9608891,-4.3383896,centroide_nominatim_historico
40904,40.8685395,-4.1363349,centroide_nominatim_historico
40905,41.5423781,-3.9623463,centroide_nominatim_historico
40906,40.9525311,-4.0785764,centroide_nominatim_historico
41001,37.2530195,-4.9906167,centroide_nominatim_historico
41002,38.0365938,-5.7132497,centroide_nominatim_historico
41003,37.425499,-6.1650572,centroide_nominatim_historico
41004,37.3397709,-5.8408396,centroide_nominatim_historico
41005,37.5180979,-5.982018,centroide_nominatim_historico
41006,37.6145948,-5.6684391,centroide_nominatim_historico
41007,37.4617688,-6.0137447,centroide_nominatim_historico
41008,37.0163821,-5.1488476,centroide_nominatim_historico
41009,37.8736407,-6.0804954,centroide_nominatim_historico
41010,37.3100014,-6.1130523,centroide_nominatim_historico
41011,37.2623933,-5.5449325,centroide_nominatim_historico
41012,37.3035085,-6.2508499,centroide_nominatim_historico
41013,37.5193459,-6.2716793,centroide_nominatim_historico
41014,37.3062674,-4.672493,centroide_nominatim_historico
41015,37.3544497,-6.1961281,centroide_nominatim_historico
41016,37.3399004,-6.1376821,centroide_nominatim_historico
41017,37.3715939,-6.07133,centroide_nominatim_historico
41018,37.5494873,-5.8724046,centroide_nominatim_historico
41019,37.5858509,-5.9678094,centroide_nominatim_historico
41020,37.0185216,-5.9456942,centroide_nominatim_historico
41021,37.4020115,-6.0331571,centroide_nominatim_historico
41022,37.5671522,-5.4293186,centroide_nominatim_historico
41023,37.6088766,-5.8244449,centroide_nominatim_historico
41024,37.4717882,-5.641291,centroide_nominatim_historico
41025,37.368131,-6.32942,centroide_nominatim_historico
41026,37.2955536,-4.7588421,centroide_nominatim_historico
41027,37.6750431,-5.9889206,centroide_nominatim_historico
41028,37.4084162,-6.0573214,centroide_nominatim_historico
41029,37.3867839,-6.054127,centroide_nominatim_historico
41030,37.3861783,-6.3346299,centroide_nominatim_historico
41031,37.6918634,-6.3160341,centroide_nominatim_historico
41032,37.932188,-5.7595396,centroide_nominatim_historico
41033,37.87757,-5.62185,centroide_nominatim_historico
41034,37.2892112,-6.0535287,centroide_nominatim_historico
41035,36.971831,-5.4403189,centroide_nominatim_historico
41036,37.0796909,-5.6329514,centroide_nominatim_historico
41037,37.0992114,-4.9830713,centroide_nominatim_historico
41038,37.283689,-5.9226718,centroide_nominatim_historico
41039,37.5406007,-5.079589,centroide_nominatim_historico
41040,37.3814997,-6.125652,centroide_nominatim_historico
41041,37.29204,-4.8781876,centroide_nominatim_historico
41042,37.4645318,-5.3443621,centroide_nominatim_historico
41043,37.6244685,-6.1711347,centroide_nominatim_historico
41044,37.3395756,-6.0260114,centroide_nominatim_historico
41045,37.5293784,-6.1556433,centroide_nominatim_historico
41046,37.2516267,-4.9154115,centroide_nominatim_historico
41047,37.3877985,-6.0785818,centroide_nominatim_historico
41048,38.0928826,-5.8176004,centroide_nominatim_historico
41049,37.5464709,-6.057052,centroide_nominatim_historico
41050,37.3653148,-4.8502348,centroide_nominatim_historico
41051,37.3558683,-6.2779814,centroide_nominatim_historico
41052,37.3536663,-5.2226055,centroide_nominatim_historico
41053,36.9193102,-6.0764057,centroide_nominatim_historico
41054,37.2687903,-4.8271052,centroide_nominatim_historico
41055,37.6574267,-5.5275818,centroide_nominatim_historico
41056,37.5278048,-5.2481605,centroide_nominatim_historico
41057,37.645739,-6.5119009,centroide_nominatim_historico
41058,37.3730933,-5.7489246,centroide_nominatim_historico
41059,37.3444908,-6.0606771,centroide_nominatim_historico
41060,37.3269051,-5.4161717,centroide_nominatim_historico
41061,37.3733482,-4.9538606,centroide_nominatim_historico
41062,37.1078449,-4.963621,centroide_nominatim_historico
41063,37.1559172,-5.718817,centroide_nominatim_historico
41064,36.9950734,-5.5713466,centroide_nominatim_historico
41065,37.1215305,-5.4559583,centroide_nominatim_historico
41066,37.9330698,-5.4651514,centroide_nominatim_historico
41067,37.4167096,-6.1564286,centroide_nominatim_historico
41068,37.2373532,-5.1033306,centroide_nominatim_historico
41069,37.1596714,-5.92756,centroide_nominatim_historico
41070,37.3189698,-6.0634037,centroide_nominatim_historico
41071,37.2896007,-5.496847,centroide_nominatim_historico
41072,37.2254137,-4.894143,centroide_nominatim_historico
41073,37.842342,-5.7637863,centroide_nominatim_historico
41074,37.7084447,-5.3457347,centroide_nominatim_historico
41075,37.3012094,-6.3027773,centroide_nominatim_historico
41076,36.972407,-5.2213568,centroide_nominatim_historico
41077,37.1170166,-5.2022521,centroide_nominatim_historico
41078,37.777804,-5.4263203,centroide_nominatim_historico
41079,37.3750124,-5.9422208,centroide_nominatim_historico
41080,37.949294,-6.1512521,centroide_nominatim_historico
41081,37.4867198,-5.9814868,centroide_nominatim_historico
41082,37.2095844,-4.7732776,centroide_nominatim_historico
41083,37.7259579,-6.1770926,centroide_nominatim_historico
41084,37.3556552,-4.9893444,centroide_nominatim_historico
41085,37.4188774,-6.1109126,centroide_nominatim_historico
41086,37.3599507,-6.03286,centroide_nominatim_historico
41087,37.3864113,-6.2024485,centroide_nominatim_historico
41088,37.9950338,-5.6527851,centroide_nominatim_historico
41089,37.4355931,-6.039916,centroide_nominatim_historico
41090,37.0698592,-5.0970989,centroide_nominatim_historico
41091,37.3886303,-5.9953403,centroide_nominatim_historico
41092,37.6097702,-5.7354252,centroide_nominatim_historico
41093,37.3762863,-6.0456365,centroide_nominatim_historico
41094,37.368665,-6.1573611,centroide_nominatim_historico
41095,37.1824646,-5.7817506,centroide_nominatim_historico
41096,37.4175713,-6.0738363,centroide_nominatim_historico
41097,37.2465338,-6.3063633,centroide_nominatim_historico
41098,37.3966241,-6.1444552,centroide_nominatim_historico
41099,37.6551394,-5.7112257,centroide_nominatim_historico
41100,37.0502525,-5.1752275,centroide_nominatim_historico
41101,37.591905,-5.875939,centroide_nominatim_historico
41102,37.3969032,-5.7145667,centroide_nominatim_historico
41901,37.5976936,-5.2104153,centroide_nominatim_historico
41902,37.1324663,-6.1648075,centroide_nominatim_historico
41903,37.0617386,-5.8020629,centroide_nominatim_historico
42001,41.8076969,-2.785771,centroide_nominatim_historico
42003,41.3510099,-2.4740263,centroide_nominatim_historico
42004,41.8548465,-1.9214614,centroide_nominatim_historico
42006,41.72381,-2.3851248,centroide_nominatim_historico
42007,41.7258976,-3.3046827,centroide_nominatim_historico
42008,41.2516792,-2.5262868,centroide_nominatim_historico
42009,41.6714352,-2.3249201,centroide_nominatim_historico
42010,41.9016663,-2.3097191,centroide_nominatim_historico
42011,41.7826423,-2.205619,centroide_nominatim_historico
42012,41.8799681,-2.3144689,centroide_nominatim_historico
42013,41.8073233,-2.3069881,centroide_nominatim_historico
42014,41.9955978,-2.3685483,centroide_nominatim_historico
42015,41.4206037,-2.3317557,centroide_nominatim_historico
42017,41.8512764,-2.3384374,centroide_nominatim_historico
42018,41.289103,-2.2694648,centroide_nominatim_historico
42019,41.9477569,-2.4692977,centroide_nominatim_historico
42020,41.4870645,-2.5335988,centroide_nominatim_historico
42021,41.5746727,-2.1458688,centroide_nominatim_historico
42022,41.6817949,-2.2006812,centroide_nominatim_historico
42023,41.2649313,-2.6707464,centroide_nominatim_historico
42024,41.8005665,-2.2817951,centroide_nominatim_historico
42025,41.2157666,-2.2753018,centroide_nominatim_historico
42027,41.9473959,-2.4005731,centroide_nominatim_historico
42028,41.8946671,-2.3739405,centroide_nominatim_historico
42029,41.2949931,-2.6571594,centroide_nominatim_historico
42030,41.4551144,-2.6215182,centroide_nominatim_historico
42032,41.5273111,-2.8959026,centroide_nominatim_historico
42033,41.5571202,-2.8871843,centroide_nominatim_historico
42034,41.7175073,-1.8112726,centroide_nominatim_historico
42035,41.4661935,-2.8608847,centroide_nominatim_historico
42036,41.6813146,-2.8583472,centroide_nominatim_historico
42037,41.5281846,-2.2718261,centroide_nominatim_historico
42039,41.6650094,-1.8966155,centroide_nominatim_historico
42041,41.646883,-2.1946395,centroide_nominatim_historico
42042,41.8473326,-2.4087706,centroide_nominatim_historico
42043,41.5868712,-3.0674254,centroide_nominatim_historico
42045,41.7950523,-2.8499259,centroide_nominatim_historico
42046,41.6988312,-2.8186679,centroide_nominatim_historico
42048,41.4030809,-2.7648035,centroide_nominatim_historico
42049,41.7044709,-2.3016123,centroide_nominatim_historico
42050,41.4438241,-2.2376039,centroide_nominatim_historico
42051,41.5523624,-1.9983174,centroide_nominatim_historico
42054,41.8949638,-2.2809422,centroide_nominatim_historico
42055,41.7964291,-3.0317966,centroide_nominatim_historico
42057,41.8769149,-2.059299,centroide_nominatim_historico
42058,41.5591085,-3.4950898,centroide_nominatim_historico
42059,41.5070231,-2.7178655,centroide_nominatim_historico
42060,41.9292939,-2.1687504,centroide_nominatim_historico
42061,41.8150609,-2.6405915,centroide_nominatim_historico
42062,41.9357183,-2.05623,centroide_nominatim_historico
42063,41.4066105,-2.0000298,centroide_nominatim_historico
42064,41.6187602,-1.9668672,centroide_nominatim_historico
42065,41.8677085,-2.3265011,centroide_nominatim_historico
42068,41.4351981,-2.4762543,centroide_nominatim_historico
42069,41.9347499,-2.8832493,centroide_nominatim_historico
42070,41.7491751,-2.9373514,centroide_nominatim_historico
42071,41.6024919,-2.4208326,centroide_nominatim_historico
42073,41.7636557,-1.8878804,centroide_nominatim_historico
42075,41.9035478,-1.9473175,centroide_nominatim_historico
42076,41.4634042,-2.0220915,centroide_nominatim_historico
42078,41.954084,-2.9324408,centroide_nominatim_historico
42080,41.8028144,-3.2218652,centroide_nominatim_historico
42081,41.8301943,-3.2592724,centroide_nominatim_historico
42083,41.4265089,-2.5149913,centroide_nominatim_historico
42085,41.7141842,-3.1828877,centroide_nominatim_historico
42086,41.5052901,-3.3289219,centroide_nominatim_historico
42087,41.8497879,-2.4281391,centroide_nominatim_historico
42088,41.4199809,-2.1866825,centroide_nominatim_historico
42089,41.866526,-2.4149229,centroide_nominatim_historico
42090,41.5669805,-2.7627878,centroide_nominatim_historico
42092,41.9355022,-2.1798692,centroide_nominatim_historico
42093,41.8748261,-2.0819703,centroide_nominatim_historico
42094,41.8150617,-2.4460875,centroide_nominatim_historico
42095,41.766367,-2.5228703,centroide_nominatim_historico
42096,41.6236353,-2.2240494,centroide_nominatim_historico
42097,41.4921737,-3.0047665,centroide_nominatim_historico
42100,41.7389854,-2.0999528,centroide_nominatim_historico
42103,41.6111953,-3.4004797,centroide_nominatim_historico
42105,41.3797605,-3.2438097,centroide_nominatim_historico
42106,41.8728912,-2.2786995,centroide_nominatim_historico
42107,41.9005681,-2.1631048,centroide_nominatim_historico
42108,41.4690623,-2.3030166,centroide_nominatim_historico
42110,41.8414501,-2.0469084,centroide_nominatim_historico
42111,41.50537,-2.6411258,centroide_nominatim_historico
42113,41.1723392,-2.4353741,centroide_nominatim_historico
42115,41.1897402,-2.5190951,centroide_nominatim_historico
42116,41.535917,-3.3458563,centroide_nominatim_historico
42117,41.8853684,-2.7878102,centroide_nominatim_historico
42118,41.444201,-2.3461919,centroide_nominatim_historico
42119,41.3649356,-2.1676547,centroide_nominatim_historico
42120,41.3687938,-3.1993534,centroide_nominatim_historico
42121,42.0890366,-2.7515359,centroide_nominatim_historico
42123,41.414252,-2.4127325,centroide_nominatim_historico
42124,41.7244272,-2.8613848,centroide_nominatim_historico
42125,41.7826469,-2.9151509,centroide_nominatim_historico
42127,41.7228757,-3.0944746,centroide_nominatim_historico
42128,41.8490467,-2.2945564,centroide_nominatim_historico
42129,41.8378004,-3.0046977,centroide_nominatim_historico
42130,41.5269269,-2.3981395,centroide_nominatim_historico
42131,41.5271435,-2.3505347,centroide_nominatim_historico
42132,41.711864,-2.0341011,centroide_nominatim_historico
42134,41.779562,-1.9843627,centroide_nominatim_historico
42135,41.9707127,-2.3124743,centroide_nominatim_historico
42139,41.7166114,-2.0836977,centroide_nominatim_historico
42140,41.6351408,-2.1209099,centroide_nominatim_historico
42141,42.0097029,-2.5014997,centroide_nominatim_historico
42142,41.7747313,-2.1019629,centroide_nominatim_historico
42144,41.6402715,-2.615214,centroide_nominatim_historico
42145,41.5088106,-2.9761304,centroide_nominatim_historico
42148,41.5686564,-2.0379037,centroide_nominatim_historico
42149,41.7179987,-2.4766302,centroide_nominatim_historico
42151,41.9139059,-2.5050538,centroide_nominatim_historico
42152,41.474509,-2.9945728,centroide_nominatim_historico
42154,41.8202275,-2.3729328,centroide_nominatim_historico
42155,41.3113866,-2.9822725,centroide_nominatim_historico
42156,41.5915139,-2.0278949,centroide_nominatim_historico
42158,41.64203,-2.8403672,centroide_nominatim_historico
42159,41.9261046,-2.5307907,centroide_nominatim_historico
42160,41.9079491,-2.6445665,centroide_nominatim_historico
42161,41.8893733,-2.7973975,centroide_nominatim_historico
42162,41.574307,-3.2041516,centroide_nominatim_historico
42163,41.9384552,-2.025826,centroide_nominatim_historico
42164,41.8293687,-3.0681415,centroide_nominatim_historico
42165,42.029187,-2.229759,centroide_nominatim_historico
42166,42.0626346,-2.4489439,centroide_nominatim_historico
42167,41.2631089,-2.1764224,centroide_nominatim_historico
42168,41.7710283,-3.1427301,centroide_nominatim_historico
42171,41.4956718,-2.2018225,centroide_nominatim_historico
42173,41.7633842,-2.4642041,centroide_nominatim_historico
42174,41.9319173,-2.602745,centroide_nominatim_historico
42175,41.8530171,-2.2235578,centroide_nominatim_historico
42176,41.7399242,-2.1503766,centroide_nominatim_historico
42177,41.5365732,-2.8489056,centroide_nominatim_historico
42178,41.7838925,-2.9666523,centroide_nominatim_historico
42181,41.5938588,-2.6443721,centroide_nominatim_historico
42182,41.3478341,-2.4333906,centroide_nominatim_historico
42183,41.5892002,-2.267187,centroide_nominatim_historico
42184,41.4548153,-2.1622235,centroide_nominatim_historico
42185,41.6697181,-2.8784509,centroide_nominatim_historico
42187,41.6302086,-2.0909806,centroide_nominatim_historico
42188,41.8737588,-2.1025868,centroide_nominatim_historico
42189,41.717188,-3.0512695,centroide_nominatim_historico
42190,41.7910773,-3.0083146,centroide_nominatim_historico
42191,41.9427543,-2.5754236,centroide_nominatim_historico
42192,41.8171769,-2.1741664,centroide_nominatim_historico
42193,41.8880329,-2.1160161,centroide_nominatim_historico
42194,41.6737379,-3.0455305,centroide_nominatim_historico
42195,41.5716718,-2.9641369,centroide_nominatim_historico
42196,41.9383361,-2.1087031,centroide_nominatim_historico
42197,41.5638171,-2.8073995,centroide_nominatim_historico
42198,41.9372008,-2.2226601,centroide_nominatim_historico
42200,41.4493695,-2.698678,centroide_nominatim_historico
42201,41.8092122,-2.4014378,centroide_nominatim_historico
42202,41.4908512,-2.2554815,centroide_nominatim_historico
42204,41.5342828,-2.4607382,centroide_nominatim_historico
42205,41.7623727,-2.6271019,centroide_nominatim_historico
42207,41.9162914,-2.5664646,centroide_nominatim_historico
42208,41.788444,-2.1490656,centroide_nominatim_historico
42209,42.0756597,-2.3508435,centroide_nominatim_historico
42211,41.4827568,-2.2823817,centroide_nominatim_historico
42212,41.3527258,-2.6104426,centroide_nominatim_historico
42213,41.6245164,-2.1612609,centroide_nominatim_historico
42215,41.9117774,-2.7631085,centroide_nominatim_historico
42216,42.0236564,-2.4076392,centroide_nominatim_historico
42217,41.8382377,-1.8559358,centroide_nominatim_historico
42218,42.1009867,-2.338373,centroide_nominatim_historico
42219,41.2103021,-2.5290837,centroide_nominatim_historico
43001,41.329339,1.3585409,centroide_nominatim_historico
43002,41.2454739,1.486748,centroide_nominatim_historico
43003,41.2518657,1.0897995,centroide_nominatim_historico
43004,40.5438634,0.4808409,centroide_nominatim_historico
43005,41.2629186,1.1702772,centroide_nominatim_historico
43006,40.8800537,0.5000194,centroide_nominatim_historico
43007,41.2010494,1.0451659,centroide_nominatim_historico
43008,40.8738809,0.400045,centroide_nominatim_historico
43009,41.2099763,0.9750606,centroide_nominatim_historico
43010,41.2935881,1.3062666,centroide_nominatim_historico
43011,41.1960574,1.1111352,centroide_nominatim_historico
43012,41.1423467,1.3768704,centroide_nominatim_historico
43013,40.9033632,0.8140626,centroide_nominatim_historico
43014,40.7079905,0.5827636,centroide_nominatim_historico
43015,41.2425941,0.9487676,centroide_nominatim_historico
43016,41.2677369,1.6037535,centroide_nominatim_historico
43017,41.1376505,0.9089999,centroide_nominatim_historico
43018,40.9110193,0.2610217,centroide_nominatim_historico
43019,41.1805311,0.5679989,centroide_nominatim_historico
43020,41.2791532,1.5813324,centroide_nominatim_historico
43021,41.4110876,1.2288159,centroide_nominatim_historico
43022,41.094279,0.3140574,centroide_nominatim_historico
43023,41.1632384,0.7661468,centroide_nominatim_historico
43024,41.2390234,1.5780273,centroide_nominatim_historico
43025,40.9740568,0.5172791,centroide_nominatim_historico
43026,41.0572357,0.6342959,centroide_nominatim_historico
43027,41.2749978,0.7194738,centroide_nominatim_historico
43028,41.2778415,1.4905591,centroide_nominatim_historico
43029,41.4388964,1.1593801,centroide_nominatim_historico
43030,41.2211883,1.4400593,centroide_nominatim_historico
43031,41.1714818,1.0287796,centroide_nominatim_historico
43032,41.0094492,0.385667,centroide_nominatim_historico
43033,41.1362847,0.9897786,centroide_nominatim_historico
43034,41.2687867,1.341243,centroide_nominatim_historico
43035,41.2470037,0.7331063,centroide_nominatim_historico
43036,41.3952451,1.2772435,centroide_nominatim_historico
43037,41.2014639,1.5680321,centroide_nominatim_historico
43038,41.0679423,1.0657579,centroide_nominatim_historico
43039,41.2948795,1.0269673,centroide_nominatim_historico
43040,41.1003901,0.7810956,centroide_nominatim_historico
43041,41.0394845,0.2512487,centroide_nominatim_historico
43042,41.1802558,1.0978312,centroide_nominatim_historico
43043,41.1748794,1.3256814,centroide_nominatim_historico
43044,40.6352128,0.2810833,centroide_nominatim_historico
43045,41.0991567,0.8875766,centroide_nominatim_historico
43046,41.5190356,1.2913382,centroide_nominatim_historico
43047,41.1528113,1.2151822,centroide_nominatim_historico
43048,41.0775819,0.4776725,centroide_nominatim_historico
43049,41.2656573,0.9057114,centroide_nominatim_historico
43050,41.1677349,1.4407074,centroide_nominatim_historico
43051,41.197596,1.6344596,centroide_nominatim_historico
43052,40.9080065,0.4911048,centroide_nominatim_historico
43053,41.1457974,0.9305023,centroide_nominatim_historico
43054,41.4004742,1.1032654,centroide_nominatim_historico
43055,41.1450982,0.8196237,centroide_nominatim_historico
43056,41.1625016,0.4734986,centroide_nominatim_historico
43057,41.2772556,1.0039681,centroide_nominatim_historico
43058,41.2162629,0.7312824,centroide_nominatim_historico
43059,41.3720741,1.265571,centroide_nominatim_historico
43060,41.2340447,0.5560861,centroide_nominatim_historico
43061,41.4941385,1.2378499,centroide_nominatim_historico
43062,40.6715945,0.5202611,centroide_nominatim_historico
43063,40.6823929,0.4637029,centroide_nominatim_historico
43064,41.0520413,0.4388956,centroide_nominatim_historico
43065,41.1358922,0.6517192,centroide_nominatim_historico
43066,41.2071322,1.2471593,centroide_nominatim_historico
43067,41.0432752,0.6356284,centroide_nominatim_historico
43068,40.6553486,0.4693771,centroide_nominatim_historico
43069,41.1934056,0.7768701,centroide_nominatim_historico
43070,41.1014359,0.7512122,centroide_nominatim_historico
43071,40.9554904,0.315402,centroide_nominatim_historico
43072,41.185269,0.7505207,centroide_nominatim_historico
43073,41.5561484,1.3071491,centroide_nominatim_historico
43074,41.2831394,1.5533507,centroide_nominatim_historico
43075,41.2854434,0.7537968,centroide_nominatim_historico
43076,41.1281164,0.8021678,centroide_nominatim_historico
43077,40.7345687,0.3742211,centroide_nominatim_historico
43078,40.7150044,0.5311135,centroide_nominatim_historico
43079,41.270168,1.4144917,centroide_nominatim_historico
43080,41.1745629,1.4556234,centroide_nominatim_historico
43081,41.1817965,1.0457853,centroide_nominatim_historico
43082,41.1256089,0.7312995,centroide_nominatim_historico
43083,41.2487485,1.2064295,centroide_nominatim_historico
43084,41.0379498,0.5976192,centroide_nominatim_historico
43085,41.1629799,0.7058078,centroide_nominatim_historico
43086,41.3762309,1.1620703,centroide_nominatim_historico
43088,41.1200937,1.0057341,centroide_nominatim_historico
43089,41.2655697,1.3666818,centroide_nominatim_historico
43090,41.3151419,1.4535016,centroide_nominatim_historico
43091,41.2871207,1.0980821,centroide_nominatim_historico
43092,41.0846728,0.9613021,centroide_nominatim_historico
43093,41.0893373,0.6412887,centroide_nominatim_historico
43094,41.1005287,0.6517231,centroide_nominatim_historico
43095,41.1923512,1.2071006,centroide_nominatim_historico
43096,41.2627531,0.8422556,centroide_nominatim_historico
43097,41.18329,1.3752101,centroide_nominatim_historico
43098,41.2492881,1.2957338,centroide_nominatim_historico
43099,41.2833974,0.6656065,centroide_nominatim_historico
43100,41.1751622,1.2754982,centroide_nominatim_historico
43101,41.5319348,1.19646,centroide_nominatim_historico
43102,40.9221798,0.399879,centroide_nominatim_historico
43103,41.1914523,1.2564332,centroide_nominatim_historico
43104,40.8754052,0.7123762,centroide_nominatim_historico
43105,41.5036851,1.3426056,centroide_nominatim_historico
43106,41.0170682,0.5151803,centroide_nominatim_historico
43107,41.4236202,1.2031023,centroide_nominatim_historico
43108,41.347329,1.2945901,centroide_nominatim_historico
43109,41.1865974,1.2082805,centroide_nominatim_historico
43110,41.1821736,0.3538733,centroide_nominatim_historico
43111,41.1784822,1.4142074,centroide_nominatim_historico
43112,41.233358,0.844888,centroide_nominatim_historico
43113,41.3832207,1.3626908,centroide_nominatim_historico
43114,41.1889652,0.8560917,centroide_nominatim_historico
43115,41.1566981,0.8759861,centroide_nominatim_historico
43116,41.3096688,0.9873776,centroide_nominatim_historico
43117,40.9829428,0.4057612,centroide_nominatim_historico
43118,41.0515188,0.8716047,centroide_nominatim_historico
43119,41.2798081,1.2970011,centroide_nominatim_historico
43120,41.4234071,1.3970189,centroide_nominatim_historico
43121,41.003625,0.5988478,centroide_nominatim_historico
43122,41.2249813,1.3113308,centroide_nominatim_historico
43123,41.1555564,1.1076133,centroide_nominatim_historico
43124,41.3169975,1.1771329,centroide_nominatim_historico
43125,41.2514635,0.4855561,centroide_nominatim_historico
43126,41.1686281,1.3582853,centroide_nominatim_historico
43127,41.1303686,0.9618942,centroide_nominatim_historico
43128,41.1680845,0.9746249,centroide_nominatim_historico
43129,41.1390915,1.0519702,centroide_nominatim_historico
43130,41.4784492,1.2813851,centroide_nominatim_historico
43131,41.1857961,1.4569904,centroide_nominatim_historico
43132,41.2826844,1.3990724,centroide_nominatim_historico
43133,40.8203657,0.50343,centroide_nominatim_historico
43134,41.223574,1.2183923,centroide_nominatim_historico
43135,41.2295948,1.3747378,centroide_nominatim_historico
43136,40.6178149,0.5900091,centroide_nominatim_historico
43137,41.2988526,1.5601007,centroide_nominatim_historico
43138,40.7145779,0.4927561,centroide_nominatim_historico
43139,41.5320987,1.3884221,centroide_nominatim_historico
43140,41.2532889,1.5510139,centroide_nominatim_historico
43141,41.4774835,1.3884066,centroide_nominatim_historico
43142,41.4453774,1.2469434,centroide_nominatim_historico
43143,41.5428139,1.2997894,centroide_nominatim_historico
43144,41.2040962,1.280166,centroide_nominatim_historico
43145,41.2145609,1.1377856,centroide_nominatim_historico
43146,41.4696984,1.0874668,centroide_nominatim_historico
43147,41.4551755,1.1782848,centroide_nominatim_historico
43148,41.1172364,1.2546057,centroide_nominatim_historico
43149,40.9063633,0.5123178,centroide_nominatim_historico
43150,41.0416528,0.7346523,centroide_nominatim_historico
43151,41.1255537,0.8640065,centroide_nominatim_historico
43152,41.2137444,0.6772615,centroide_nominatim_historico
43153,41.146155,1.3959508,centroide_nominatim_historico
43154,41.2133186,0.8106095,centroide_nominatim_historico
43155,40.8110158,0.5209333,centroide_nominatim_historico
43156,40.5967567,0.4475376,centroide_nominatim_historico
43157,41.3222886,0.8761351,centroide_nominatim_historico
43159,41.5632199,1.2363297,centroide_nominatim_historico
43160,41.2426301,1.2488953,centroide_nominatim_historico
43161,41.2835355,1.2473637,centroide_nominatim_historico
43162,40.9985238,0.8493534,centroide_nominatim_historico
43163,41.2199677,1.5348566,centroide_nominatim_historico
43164,41.2040993,1.3599407,centroide_nominatim_historico
43165,41.2467608,1.3298797,centroide_nominatim_historico
43166,41.2080149,1.2074709,centroide_nominatim_historico
43167,41.1129833,0.9366799,centroide_nominatim_historico
43168,41.347873,0.9571484,centroide_nominatim_historico
43169,41.2281084,1.0336452,centroide_nominatim_historico
43170,41.3108464,1.3581489,centroide_nominatim_historico
43171,41.1109268,1.144961,centroide_nominatim_historico
43172,41.3346124,1.1774773,centroide_nominatim_historico
43173,41.2245689,0.7811314,centroide_nominatim_historico
43174,41.229676,0.7353127,centroide_nominatim_historico
43175,41.1203999,0.4097144,centroide_nominatim_historico
43176,41.3848171,1.0491469,centroide_nominatim_historico
43177,41.1835005,0.5894559,centroide_nominatim_historico
43178,41.1139986,1.0387245,centroide_nominatim_historico
43901,40.7203938,0.7243445,centroide_nominatim_historico
43902,40.7062849,0.7182888,centroide_nominatim_historico
43903,40.7735425,0.6738724,centroide_nominatim_historico
43904,40.7445104,0.6188148,centroide_nominatim_historico
43905,41.0768193,1.1440411,centroide_nominatim_historico
43906,40.8122038,0.706957,centroide_nominatim_historico
43907,41.120408,1.1820704,centroide_nominatim_historico
44001,40.5490913,-0.8081778,centroide_nominatim_historico
44002,39.9102257,-0.8929933,centroide_nominatim_historico
44004,40.8226656,-0.1975397,centroide_nominatim_historico
44005,40.5900281,-0.7957918,centroide_nominatim_historico
44006,41.0227436,-0.697756,centroide_nominatim_historico
44007,40.6178613,-1.3451178,centroide_nominatim_historico
44008,41.1241985,-0.5725805,centroide_nominatim_historico
44009,40.4072825,-1.4442792,centroide_nominatim_historico
44010,40.1032434,-0.7690264,centroide_nominatim_historico
44011,40.9531735,-0.7054491,centroide_nominatim_historico
44012,40.3718835,-0.7198401,centroide_nominatim_historico
44013,41.0506674,-0.1299694,centroide_nominatim_historico
44014,40.8917054,-0.3821184,centroide_nominatim_historico
44016,40.5470763,-1.0336291,centroide_nominatim_historico
44017,40.6735981,-0.7033638,centroide_nominatim_historico
44019,40.1793207,-1.3886401,centroide_nominatim_historico
44021,40.4924526,-0.7290795,centroide_nominatim_historico
44022,40.9692882,-0.5304939,centroide_nominatim_historico
44025,40.9753365,-0.4442782,centroide_nominatim_historico
44026,39.9924426,-1.0428521,centroide_nominatim_historico
44027,40.9924212,0.2708073,centroide_nominatim_historico
44028,40.6887842,-1.1628165,centroide_nominatim_historico
44029,41.0305185,-0.5917829,centroide_nominatim_historico
44031,41.2912333,-0.4942811,centroide_nominatim_historico
44033,41.0405505,-1.3563189,centroide_nominatim_historico
44034,40.8395298,-1.1905521,centroide_nominatim_historico
44035,40.8968866,-1.1399756,centroide_nominatim_historico
44037,40.8308335,0.1824413,centroide_nominatim_historico
44038,40.875041,-0.0632102,centroide_nominatim_historico
44039,40.922441,-1.4997476,centroide_nominatim_historico
44040,40.8577139,-0.4271096,centroide_nominatim_historico
44041,40.3307741,-1.324503,centroide_nominatim_historico
44042,40.8137384,-1.4812997,centroide_nominatim_historico
44043,41.0515376,-0.8856396,centroide_nominatim_historico
44044,40.6871025,-0.3218359,centroide_nominatim_historico
44045,40.5089282,-1.5886007,centroide_nominatim_historico
44046,40.7085066,-1.2672166,centroide_nominatim_historico
44047,41.0175998,-1.3386315,centroide_nominatim_historico
44048,40.3175281,-0.8073019,centroide_nominatim_historico
44049,41.0120112,0.1873566,centroide_nominatim_historico
44050,40.9198824,-1.299434,centroide_nominatim_historico
44051,40.9403014,-0.2314866,centroide_nominatim_historico
44052,40.3725088,-1.5750772,centroide_nominatim_historico
44053,40.6430167,-1.1376101,centroide_nominatim_historico
44054,40.1483952,-1.0408801,centroide_nominatim_historico
44055,40.6126449,-0.7541341,centroide_nominatim_historico
44056,40.8386895,-1.3252771,centroide_nominatim_historico
44059,40.5252721,-0.4062131,centroide_nominatim_historico
44061,40.8670608,-0.1023787,centroide_nominatim_historico
44063,40.8165916,-0.6451058,centroide_nominatim_historico
44064,40.1957871,-1.1142918,centroide_nominatim_historico
44065,40.9974874,-1.4267934,centroide_nominatim_historico
44066,40.7991312,-0.7033728,centroide_nominatim_historico
44067,41.228336,-0.3646998,centroide_nominatim_historico
44068,40.9814929,-0.1442085,centroide_nominatim_historico
44070,40.3650349,-0.8173009,centroide_nominatim_historico
44071,40.7992317,-0.3180374,centroide_nominatim_historico
44074,40.436033,-0.8528742,centroide_nominatim_historico
44075,40.4739842,-1.1498081,centroide_nominatim_historico
44076,40.4544298,-1.2859865,centroide_nominatim_historico
44077,40.8399171,-0.0550066,centroide_nominatim_historico
44080,40.9341106,-0.0851034,centroide_nominatim_historico
44082,40.4032092,-0.9852685,centroide_nominatim_historico
44084,40.9737275,-0.8352589,centroide_nominatim_historico
44085,40.8339734,-1.1353123,centroide_nominatim_historico
44086,40.9220046,0.2157272,centroide_nominatim_historico
44087,40.88321,-0.5768456,centroide_nominatim_historico
44088,40.5916447,-0.2981642,centroide_nominatim_historico
44089,40.2102421,-1.0787138,centroide_nominatim_historico
44090,41.0860556,-1.2153321,centroide_nominatim_historico
44092,40.1510523,-1.3258089,centroide_nominatim_historico
44093,40.7132549,-0.8290206,centroide_nominatim_historico
44094,40.4536135,-1.0508498,centroide_nominatim_historico
44096,40.7756197,-0.554384,centroide_nominatim_historico
44097,40.5450501,-0.9711173,centroide_nominatim_historico
44099,40.7946466,-0.8098411,centroide_nominatim_historico
44100,40.8548033,-0.6321144,centroide_nominatim_historico
44101,41.0634202,-1.2332963,centroide_nominatim_historico
44103,40.324288,-0.8934975,centroide_nominatim_historico
44105,40.8933257,-0.0039691,centroide_nominatim_historico
44106,40.5051134,-0.5208053,centroide_nominatim_historico
44107,40.922231,-0.2665925,centroide_nominatim_historico
44108,40.9284278,0.0673627,centroide_nominatim_historico
44109,40.3389342,-1.6173933,centroide_nominatim_historico
44110,40.8689227,-1.0119277,centroide_nominatim_historico
44111,40.7004538,-0.9786854,centroide_nominatim_historico
44112,40.8640489,-1.3241011,centroide_nominatim_historico
44113,40.1691586,-0.618784,centroide_nominatim_historico
44114,40.8070873,0.0657727,centroide_nominatim_historico
44115,40.6552414,-0.8812969,centroide_nominatim_historico
44116,40.836081,-0.5837944,centroide_nominatim_historico
44117,40.4104638,-1.3457211,centroide_nominatim_historico
44118,40.8702559,-0.1340649,centroide_nominatim_historico
44119,40.4265704,-1.7116578,centroide_nominatim_historico
44120,40.3891162,-1.7182556,centroide_nominatim_historico
44121,40.4418233,-0.7199933,centroide_nominatim_historico
44122,41.1747377,-0.4515985,centroide_nominatim_historico
44123,40.6901845,-0.7861129,centroide_nominatim_historico
44124,40.9260421,-0.8413199,centroide_nominatim_historico
44125,41.0104815,-0.9197856,centroide_nominatim_historico
44126,40.4824529,-0.3139795,centroide_nominatim_historico
44127,40.240197,-1.4075138,centroide_nominatim_historico
44128,40.7024937,-0.8009751,centroide_nominatim_historico
44129,41.2191924,-0.3811707,centroide_nominatim_historico
44132,41.0415731,-1.1915116,centroide_nominatim_historico
44135,40.1619238,-1.2341011,centroide_nominatim_historico
44136,40.7175307,-1.1124556,centroide_nominatim_historico
44137,40.3218981,-0.5751237,centroide_nominatim_historico
44138,41.081388,-1.0449678,centroide_nominatim_historico
44141,40.9554022,0.2771743,centroide_nominatim_historico
44143,40.0577849,-0.8302624,centroide_nominatim_historico
44144,40.8444902,-0.8955596,centroide_nominatim_historico
44145,40.8330753,-0.2417955,centroide_nominatim_historico
44146,40.8647546,-0.5203408,centroide_nominatim_historico
44147,41.0498797,0.1045477,centroide_nominatim_historico
44148,40.7209505,-0.8667062,centroide_nominatim_historico
44149,40.5868013,-0.3423874,centroide_nominatim_historico
44151,40.819867,-0.4504486,centroide_nominatim_historico
44152,41.0547646,-1.0142555,centroide_nominatim_historico
44153,40.7749459,-1.3493715,centroide_nominatim_historico
44154,40.7872816,-0.0330661,centroide_nominatim_historico
44155,40.8405106,-0.7945675,centroide_nominatim_historico
44156,40.4568776,-0.8176137,centroide_nominatim_historico
44157,40.4974056,-1.4918671,centroide_nominatim_historico
44158,40.2515738,-0.7533922,centroide_nominatim_historico
44159,40.332479,-1.5368889,centroide_nominatim_historico
44160,40.3615312,-0.4492901,centroide_nominatim_historico
44161,41.0315677,-0.8099565,centroide_nominatim_historico
44163,40.4588517,-1.5977209,centroide_nominatim_historico
44165,40.2377581,-0.6361851,centroide_nominatim_historico
44167,40.9047511,-0.7232771,centroide_nominatim_historico
44168,40.8841326,-1.56773,centroide_nominatim_historico
44169,40.737139,-1.4987787,centroide_nominatim_historico
44171,40.1325902,-0.6250429,centroide_nominatim_historico
44172,40.9976521,-0.6732831,centroide_nominatim_historico
44173,40.8659024,-0.5212868,centroide_nominatim_historico
44174,40.5507519,-1.6504341,centroide_nominatim_historico
44175,40.5871985,-0.987305,centroide_nominatim_historico
44176,40.7796665,-0.7502131,centroide_nominatim_historico
44177,40.7620908,-1.0292935,centroide_nominatim_historico
44178,40.7754734,-0.2439791,centroide_nominatim_historico
44179,40.7560869,0.0408641,centroide_nominatim_historico
44180,40.6413603,-1.4698693,centroide_nominatim_historico
44181,40.4837318,-1.0329396,centroide_nominatim_historico
44182,40.6351452,-1.0014936,centroide_nominatim_historico
44183,40.6478037,-0.5936311,centroide_nominatim_historico
44184,40.9922654,-0.8538516,centroide_nominatim_historico
44185,40.5078458,-0.8612705,centroide_nominatim_historico
44187,40.8819568,0.0562841,centroide_nominatim_historico
44189,40.5610374,-1.4701596,centroide_nominatim_historico
44190,40.7711768,-1.5056434,centroide_nominatim_historico
44191,41.2136812,-0.4461446,centroide_nominatim_historico
44192,40.2123934,-0.9439513,centroide_nominatim_historico
44193,40.264779,-0.4596302,centroide_nominatim_historico
44194,40.8374196,0.0202265,centroide_nominatim_historico
44195,40.7229168,-0.9961613,centroide_nominatim_historico
44196,40.1175989,-1.1471163,centroide_nominatim_historico
44197,40.6394853,-1.5159131,centroide_nominatim_historico
44198,40.3778176,-1.5127776,centroide_nominatim_historico
44199,40.2764146,-1.2711769,centroide_nominatim_historico
44200,40.7704251,-1.2121906,centroide_nominatim_historico
44201,40.1904408,-0.6519276,centroide_nominatim_historico
44205,41.1892077,-0.3882399,centroide_nominatim_historico
44206,40.0591346,-0.6930191,centroide_nominatim_historico
44207,41.065914,-1.3867518,centroide_nominatim_historico
44209,40.5689033,-1.3144106,centroide_nominatim_historico
44210,40.1407038,-0.8167512,centroide_nominatim_historico
44213,40.6558585,-1.3115801,centroide_nominatim_historico
44215,40.2973356,-1.5044307,centroide_nominatim_historico
44216,40.3436719,-1.1081939,centroide_nominatim_historico
44219,40.9625217,-1.4333116,centroide_nominatim_historico
44220,40.8906914,-1.4586355,centroide_nominatim_historico
44221,40.9619835,-0.0909037,centroide_nominatim_historico
44222,40.9101277,-1.0719899,centroide_nominatim_historico
44223,40.7518062,-0.0690015,centroide_nominatim_historico
44225,40.9366482,0.1098142,centroide_nominatim_historico
44226,40.6145499,-1.3013762,centroide_nominatim_historico
44227,40.8532367,-1.0970115,centroide_nominatim_historico
44228,40.5895233,-1.2962012,centroide_nominatim_historico
44229,40.4275546,-1.5315671,centroide_nominatim_historico
44230,40.9022102,-0.1090104,centroide_nominatim_historico
44231,40.0234779,-0.9574493,centroide_nominatim_historico
44232,40.8245212,-1.3381918,centroide_nominatim_historico
44234,40.1883603,-1.2401816,centroide_nominatim_historico
44235,40.4305279,-1.5741925,centroide_nominatim_historico
44236,40.6212083,-0.398535,centroide_nominatim_historico
44237,41.1600888,-0.4705135,centroide_nominatim_historico
44238,40.8127979,-0.8438735,centroide_nominatim_historico
44240,40.2284734,-0.8112301,centroide_nominatim_historico
44241,40.9902188,-0.0338597,centroide_nominatim_historico
44243,40.2978409,-1.4081938,centroide_nominatim_historico
44244,40.3913722,-0.6059123,centroide_nominatim_historico
44245,40.9872355,0.0838425,centroide_nominatim_historico
44246,40.873436,0.1550923,centroide_nominatim_historico
44247,40.9525808,0.0255796,centroide_nominatim_historico
44249,40.2348692,-1.5662929,centroide_nominatim_historico
44251,40.6946554,-1.3476755,centroide_nominatim_historico
44252,41.1126297,-1.2309273,centroide_nominatim_historico
44257,40.3950117,-1.6730231,centroide_nominatim_historico
44258,40.6820245,-1.49984,centroide_nominatim_historico
44260,40.6487546,-0.5293047,centroide_nominatim_historico
44261,40.5170637,-1.265061,centroide_nominatim_historico
44262,40.5302594,-0.6682932,centroide_nominatim_historico
44263,40.2811074,-1.1512179,centroide_nominatim_historico
44264,40.2347781,-1.1882946,centroide_nominatim_historico
44265,41.2660396,-0.5793052,centroide_nominatim_historico
44266,40.6857256,-1.0971868,centroide_nominatim_historico
44267,40.8704933,-0.9404566,centroide_nominatim_historico
45001,39.7111302,-3.98115,centroide_nominatim_historico
45002,40.013303,-3.7968786,centroide_nominatim_historico
45005,39.9026662,-5.1053,centroide_nominatim_historico
45006,39.788931,-4.8678158,centroide_nominatim_historico
45007,39.8092556,-5.1477785,centroide_nominatim_historico
45008,40.1845515,-4.4573374,centroide_nominatim_historico
45009,39.7605277,-5.0240869,centroide_nominatim_historico
45010,39.6368669,-5.1127375,centroide_nominatim_historico
45011,40.1830548,-4.7408516,centroide_nominatim_historico
45012,39.7538204,-3.8543691,centroide_nominatim_historico
45013,40.2330255,-4.3889347,centroide_nominatim_historico
45014,39.9877375,-3.7660548,centroide_nominatim_historico
45015,40.0541018,-4.1159804,centroide_nominatim_historico
45016,39.8062915,-4.056902,centroide_nominatim_historico
45017,39.7848365,-5.1276885,centroide_nominatim_historico
45018,39.9834419,-4.2362793,centroide_nominatim_historico
45019,39.9393212,-4.0201526,centroide_nominatim_historico
45020,39.7594199,-4.9496046,centroide_nominatim_historico
45021,40.06967,-3.7411508,centroide_nominatim_historico
45022,40.1766024,-4.8498756,centroide_nominatim_historico
45023,39.7983122,-3.9915094,centroide_nominatim_historico
45024,39.901105,-4.2981451,centroide_nominatim_historico
45025,40.005774,-3.9479133,centroide_nominatim_historico
45027,39.8166147,-3.1029185,centroide_nominatim_historico
45028,39.8826545,-4.9791609,centroide_nominatim_historico
45029,39.8744972,-5.2558765,centroide_nominatim_historico
45030,39.8978576,-5.2785136,centroide_nominatim_historico
45031,40.0925817,-4.1212536,centroide_nominatim_historico
45032,40.0172068,-4.0738169,centroide_nominatim_historico
45033,39.589965,-5.0546933,centroide_nominatim_historico
45035,40.0629152,-4.6547091,centroide_nominatim_historico
45036,39.9556215,-4.4014821,centroide_nominatim_historico
45037,39.8874679,-4.454366,centroide_nominatim_historico
45038,40.1702567,-3.9000333,centroide_nominatim_historico
45039,39.9639132,-4.4586415,centroide_nominatim_historico
45040,40.0659782,-4.5195347,centroide_nominatim_historico
45041,40.185405,-4.0377056,centroide_nominatim_historico
45042,39.7607428,-4.1264909,centroide_nominatim_historico
45043,40.0998825,-4.6851982,centroide_nominatim_historico
45045,40.0099432,-4.6772621,centroide_nominatim_historico
45046,39.9470727,-4.5726539,centroide_nominatim_historico
45047,40.1153734,-3.9257738,centroide_nominatim_historico
45048,39.9837814,-4.5691242,centroide_nominatim_historico
45049,40.0514382,-4.8102512,centroide_nominatim_historico
45050,39.9383171,-3.6137358,centroide_nominatim_historico
45051,40.0235161,-3.8581058,centroide_nominatim_historico
45052,39.8044211,-4.0247277,centroide_nominatim_historico
45053,39.460918,-3.6070786,centroide_nominatim_historico
45054,39.7607947,-3.168367,centroide_nominatim_historico
45055,39.6639009,-4.2103258,centroide_nominatim_historico
45058,39.9757512,-4.5049656,centroide_nominatim_historico
45059,39.8833764,-3.4820586,centroide_nominatim_historico
45060,39.9565393,-4.4974032,centroide_nominatim_historico
45061,40.1665576,-4.4038607,centroide_nominatim_historico
45063,39.6525317,-4.7842048,centroide_nominatim_historico
45064,40.1040681,-3.7674804,centroide_nominatim_historico
45065,39.6898035,-5.0933003,centroide_nominatim_historico
45066,40.0530549,-4.2088378,centroide_nominatim_historico
45067,39.7005585,-4.2737085,centroide_nominatim_historico
45069,39.9655586,-4.3022455,centroide_nominatim_historico
45070,39.8113689,-4.1488803,centroide_nominatim_historico
45071,39.7861587,-3.4750404,centroide_nominatim_historico
45072,39.8678726,-4.9215913,centroide_nominatim_historico
45073,39.8887993,-5.2421986,centroide_nominatim_historico
45074,40.1035582,-4.7217597,centroide_nominatim_historico
45075,39.6123384,-4.4982966,centroide_nominatim_historico
45076,40.0978717,-4.4443425,centroide_nominatim_historico
45077,40.011646,-4.195586,centroide_nominatim_historico
45078,39.862804,-3.6112173,centroide_nominatim_historico
45079,40.2326671,-4.7515028,centroide_nominatim_historico
45081,40.1248436,-3.8492688,centroide_nominatim_historico
45082,39.9075575,-5.2001378,centroide_nominatim_historico
45083,39.77672,-4.0638382,centroide_nominatim_historico
45084,39.72286,-3.3054972,centroide_nominatim_historico
45087,39.4697204,-3.5353737,centroide_nominatim_historico
45088,39.961848,-3.9308991,centroide_nominatim_historico
45089,39.8946197,-4.54845,centroide_nominatim_historico
45090,39.635631,-3.7930731,centroide_nominatim_historico
45091,40.06533,-4.3720335,centroide_nominatim_historico
45092,39.5632323,-3.9343743,centroide_nominatim_historico
45093,40.0901761,-4.7942637,centroide_nominatim_historico
45094,39.7160016,-3.8124941,centroide_nominatim_historico
45095,39.9428781,-4.4381101,centroide_nominatim_historico
45097,40.010038,-4.8831104,centroide_nominatim_historico
45098,39.6410143,-4.2836557,centroide_nominatim_historico
45099,40.2379032,-4.1945535,centroide_nominatim_historico
45100,39.9253874,-4.5020573,centroide_nominatim_historico
45101,39.5260507,-3.076188,centroide_nominatim_historico
45102,39.9381943,-3.9168339,centroide_nominatim_historico
45103,39.5985699,-5.1519722,centroide_nominatim_historico
45104,39.964403,-4.631065,centroide_nominatim_historico
45105,40.106226,-4.9389917,centroide_nominatim_historico
45106,39.683223,-3.7727849,centroide_nominatim_historico
45107,39.7978442,-3.9444599,centroide_nominatim_historico
45108,39.651619,-4.9901157,centroide_nominatim_historico
45109,39.6334281,-4.4691896,centroide_nominatim_historico
45110,40.0690965,-5.0931741,centroide_nominatim_historico
45111,39.739225,-5.1429775,centroide_nominatim_historico
45112,39.722815,-4.6391806,centroide_nominatim_historico
45113,39.6671024,-4.6415461,centroide_nominatim_historico
45114,40.1560188,-4.7865619,centroide_nominatim_historico
45115,39.9803187,-3.4403876,centroide_nominatim_historico
45116,39.7409874,-4.1842477,centroide_nominatim_historico
45117,40.1570908,-4.5033817,centroide_nominatim_historico
45118,40.0450267,-4.2730023,centroide_nominatim_historico
45119,40.0785096,-3.8569693,centroide_nominatim_historico
45121,39.9586665,-3.5007717,centroide_nominatim_historico
45122,39.9447357,-3.9872516,centroide_nominatim_historico
45123,40.00348,-3.572782,centroide_nominatim_historico
45124,39.6475279,-3.8748671,centroide_nominatim_historico
45125,39.9175144,-5.1747241,centroide_nominatim_historico
45127,40.1199294,-3.9635482,centroide_nominatim_historico
45128,40.0454287,-3.8354787,centroide_nominatim_historico
45129,40.2045419,-4.429744,centroide_nominatim_historico
45130,40.0630933,-5.0633547,centroide_nominatim_historico
45132,40.0326263,-4.8024429,centroide_nominatim_historico
45133,39.7888594,-4.1667072,centroide_nominatim_historico
45134,40.0626338,-4.2273404,centroide_nominatim_historico
45135,39.5982659,-3.1186131,centroide_nominatim_historico
45136,39.8644503,-4.3592794,centroide_nominatim_historico
45137,39.9124157,-4.6772716,centroide_nominatim_historico
45138,39.8019157,-5.1709855,centroide_nominatim_historico
45139,39.5224262,-5.1139392,centroide_nominatim_historico
45140,39.693534,-4.1528876,centroide_nominatim_historico
45141,39.5100043,-3.2472032,centroide_nominatim_historico
45142,39.5908125,-3.043053,centroide_nominatim_historico
45143,40.1056113,-4.3243085,centroide_nominatim_historico
45144,40.1368342,-4.6904462,centroide_nominatim_historico
45145,40.0531375,-3.9902585,centroide_nominatim_historico
45146,39.7427485,-4.7557209,centroide_nominatim_historico
45148,39.6094103,-4.9048825,centroide_nominatim_historico
45149,39.7072283,-3.4340122,centroide_nominatim_historico
45150,39.8275665,-4.7183014,centroide_nominatim_historico
45151,39.7021643,-4.3880846,centroide_nominatim_historico
45152,39.7826821,-4.6336085,centroide_nominatim_historico
45153,39.5403833,-4.3298383,centroide_nominatim_historico
45154,40.0674417,-4.7322334,centroide_nominatim_historico
45155,39.7620169,-4.7112606,centroide_nominatim_historico
45156,39.9812739,-3.1886386,centroide_nominatim_historico
45157,40.1186831,-4.2414455,centroide_nominatim_historico
45158,40.024331,-4.4282433,centroide_nominatim_historico
45160,40.0227539,-4.8657291,centroide_nominatim_historico
45161,40.1039653,-3.6923825,centroide_nominatim_historico
45162,39.5743406,-4.9647281,centroide_nominatim_historico
45163,39.6797915,-3.9776083,centroide_nominatim_historico
45164,40.1032447,-4.8282463,centroide_nominatim_historico
45165,39.9603798,-4.8311717,centroide_nominatim_historico
45166,39.6970824,-3.5020102,centroide_nominatim_historico
45167,39.5129195,-2.9954597,centroide_nominatim_historico
45168,39.8558913,-4.024265,centroide_nominatim_historico
45169,39.9340436,-5.1536888,centroide_nominatim_historico
45170,39.7037025,-4.7722444,centroide_nominatim_historico
45171,40.1718503,-4.2157943,centroide_nominatim_historico
45172,39.8301082,-5.2270015,centroide_nominatim_historico
45173,39.9811627,-4.2805629,centroide_nominatim_historico
45174,39.7102971,-4.2245753,centroide_nominatim_historico
45175,39.6011467,-3.6139069,centroide_nominatim_historico
45176,40.1574161,-3.8766994,centroide_nominatim_historico
45177,39.4102779,-3.7167932,centroide_nominatim_historico
45179,39.7955554,-5.2450131,centroide_nominatim_historico
45180,40.2043735,-4.0908078,centroide_nominatim_historico
45181,39.9768698,-4.9756417,centroide_nominatim_historico
45182,39.6175323,-4.2254904,centroide_nominatim_historico
45183,40.1506101,-4.1136411,centroide_nominatim_historico
45184,40.0082158,-5.2947971,centroide_nominatim_historico
45185,39.625027,-3.333785,centroide_nominatim_historico
45187,39.4263038,-3.3598689,centroide_nominatim_historico
45188,40.0271087,-3.9115161,centroide_nominatim_historico
45189,39.9839099,-4.126224,centroide_nominatim_historico
45190,39.7114161,-3.8711454,centroide_nominatim_historico
45191,39.8180633,-3.7348556,centroide_nominatim_historico
45192,39.6717245,-3.0152647,centroide_nominatim_historico
45193,39.7240112,-3.657196,centroide_nominatim_historico
45194,39.7689628,-4.573705,centroide_nominatim_historico
45195,39.9847858,-3.3667545,centroide_nominatim_historico
45196,39.9623605,-3.8829959,centroide_nominatim_historico
45197,39.8762661,-3.7310065,centroide_nominatim_historico
45198,39.9018494,-3.3239156,centroide_nominatim_historico
45199,40.1429658,-3.9171229,centroide_nominatim_historico
45200,39.5823444,-3.8702361,centroide_nominatim_historico
45201,40.1197677,-3.8042363,centroide_nominatim_historico
45202,39.9037704,-3.6240919,centroide_nominatim_historico
45203,40.0440004,-3.9008053,centroide_nominatim_historico
45205,40.0871868,-3.8735226,centroide_nominatim_historico
45901,40.0100661,-4.3194669,centroide_nominatim_historico
46001,40.0631649,-1.2856816,centroide_nominatim_historico
46002,38.9195136,-0.2242702,centroide_nominatim_historico
46004,38.8232056,-0.5475331,centroide_nominatim_historico
46005,39.4572928,-0.46098,centroide_nominatim_historico
46006,38.838669,-0.5181895,centroide_nominatim_historico
46007,39.3956438,-0.4150821,centroide_nominatim_historico
46008,39.2012627,-0.3866468,centroide_nominatim_historico
46009,39.5436955,-0.3461912,centroide_nominatim_historico
46010,39.7028908,-0.3371981,centroide_nominatim_historico
46011,39.1164369,-0.5201838,centroide_nominatim_historico
46012,39.3917086,-0.7711311,centroide_nominatim_historico
46013,39.5010119,-0.3499577,centroide_nominatim_historico
46014,39.5442852,-0.3247783,centroide_nominatim_historico
46015,39.3677124,-0.4446741,centroide_nominatim_historico
46016,39.068793,-0.5620285,centroide_nominatim_historico
46017,39.151212,-0.4346556,centroide_nominatim_historico
46018,39.7979196,-0.7025736,centroide_nominatim_historico
46019,39.1940168,-0.5071025,centroide_nominatim_historico
46020,38.9710757,-0.5890951,centroide_nominatim_historico
46021,39.4647886,-0.4607604,centroide_nominatim_historico
46022,39.4200749,-0.3891355,centroide_nominatim_historico
46023,38.9283659,-0.2516595,centroide_nominatim_historico
46024,39.763024,-0.3553553,centroide_nominatim_historico
46025,39.544129,-0.3856585,centroide_nominatim_historico
46026,39.2767738,-0.5605178,centroide_nominatim_historico
46027,38.9043757,-0.4967679,centroide_nominatim_historico
46028,39.7810953,-0.367464,centroide_nominatim_historico
46029,39.190758,-0.4357471,centroide_nominatim_historico
46030,39.7536532,-0.3629841,centroide_nominatim_historico
46031,39.2651129,-0.4716912,centroide_nominatim_historico
46032,39.5118213,-0.3562374,centroide_nominatim_historico
46033,38.9161848,-0.2848533,centroide_nominatim_historico
46034,38.9435394,-0.1817019,centroide_nominatim_historico
46035,39.2924334,-0.4138577,centroide_nominatim_historico
46036,39.8759884,-1.0137762,centroide_nominatim_historico
46037,38.9400276,-0.1412275,centroide_nominatim_historico
46039,39.0204311,-0.6461361,centroide_nominatim_historico
46040,39.0792449,-0.5926271,centroide_nominatim_historico
46041,39.9242294,-1.1332322,centroide_nominatim_historico
46042,38.8803632,-0.5911695,centroide_nominatim_historico
46043,38.8820575,-0.3442639,centroide_nominatim_historico
46044,39.0596612,-1.057216,centroide_nominatim_historico
46045,39.0225353,-0.4165167,centroide_nominatim_historico
46046,39.0148124,-0.302021,centroide_nominatim_historico
46047,38.8595605,-0.47474,centroide_nominatim_historico
46048,38.9462948,-0.1615484,centroide_nominatim_historico
46049,38.9452803,-0.48611,centroide_nominatim_historico
46050,39.7072913,-1.1005101,centroide_nominatim_historico
46051,39.5942907,-0.588849,centroide_nominatim_historico
46052,39.7407299,-0.2585095,centroide_nominatim_historico
46053,39.0573274,-0.5487333,centroide_nominatim_historico
46054,39.4228928,-0.3974783,centroide_nominatim_historico
46055,38.9324698,-0.1870182,centroide_nominatim_historico
46056,38.8479764,-0.4168998,centroide_nominatim_historico
46057,38.9193454,-0.3460118,centroide_nominatim_historico
46058,39.7277183,-0.2686309,centroide_nominatim_historico
46059,39.0533163,-0.302872,centroide_nominatim_historico
46060,39.2854089,-0.426264,centroide_nominatim_historico
46061,38.9282759,-0.1884609,centroide_nominatim_historico
46062,38.9438844,-0.4441621,centroide_nominatim_historico
46063,39.2135344,-0.5267415,centroide_nominatim_historico
46064,39.1319694,-0.4923176,centroide_nominatim_historico
46065,39.3819923,-0.4119964,centroide_nominatim_historico
46066,38.9617924,-0.1926545,centroide_nominatim_historico
46067,39.6133078,-0.5752895,centroide_nominatim_historico
46068,38.832174,-0.5302439,centroide_nominatim_historico
46069,38.9127559,-0.477434,centroide_nominatim_historico
46070,39.5917307,-0.4622695,centroide_nominatim_historico
46071,39.1323971,-0.7877353,centroide_nominatim_historico
46072,38.7669181,-0.610892,centroide_nominatim_historico
46073,39.0609622,-0.6744835,centroide_nominatim_historico
46074,39.5174981,-0.3655773,centroide_nominatim_historico
46075,38.8685814,-0.5169155,centroide_nominatim_historico
46076,39.6085472,-0.7758284,centroide_nominatim_historico
46077,39.4189582,-0.7909637,centroide_nominatim_historico
46078,39.5090599,-0.4108581,centroide_nominatim_historico
46079,39.7254187,-0.973942,centroide_nominatim_historico
46080,39.6472415,-1.4009335,centroide_nominatim_historico
46081,38.9623954,-0.5832175,centroide_nominatim_historico
46082,39.6804554,-0.2209621,centroide_nominatim_historico
46083,39.1209651,-0.4472814,centroide_nominatim_historico
46084,39.069966,-0.5678287,centroide_nominatim_historico
46085,39.2251696,-0.5202051,centroide_nominatim_historico
46086,38.8403002,-0.4720736,centroide_nominatim_historico
46087,40.0395154,-1.2629814,centroide_nominatim_historico
46088,40.0237302,-1.2604112,centroide_nominatim_historico
46089,39.6995635,-0.7073505,centroide_nominatim_historico
46090,38.874757,-0.3818165,centroide_nominatim_historico
46091,38.9154896,-0.2630171,centroide_nominatim_historico
46092,40.1304259,-1.3041318,centroide_nominatim_historico
46093,39.2748065,-0.5710963,centroide_nominatim_historico
46094,39.4033747,-0.4028759,centroide_nominatim_historico
46095,39.5591102,-1.2803019,centroide_nominatim_historico
46096,38.9858731,-0.5739568,centroide_nominatim_historico
46097,39.2299883,-1.0619387,centroide_nominatim_historico
46098,39.1580768,-0.3540631,centroide_nominatim_historico
46099,39.2423365,-0.9403895,centroide_nominatim_historico
46100,39.0703715,-0.5747878,centroide_nominatim_historico
46101,39.7398739,-0.2727995,centroide_nominatim_historico
46102,39.4827253,-0.4438854,centroide_nominatim_historico
46103,39.7373882,-0.2640069,centroide_nominatim_historico
46104,38.9456993,-0.4016262,centroide_nominatim_historico
46105,39.1647217,-0.2542313,centroide_nominatim_historico
46106,39.7486658,-0.9976861,centroide_nominatim_historico
46107,39.0419132,-0.6590644,centroide_nominatim_historico
46108,39.5931474,-0.9729021,centroide_nominatim_historico
46109,39.4939368,-0.6842101,centroide_nominatim_historico
46111,39.4726098,-0.7178348,centroide_nominatim_historico
46112,39.6563771,-0.8921028,centroide_nominatim_historico
46113,38.9687811,-0.1534297,centroide_nominatim_historico
46114,39.6600701,-0.6720763,centroide_nominatim_historico
46115,39.2890143,-0.8004748,centroide_nominatim_historico
46116,39.5659086,-0.5302784,centroide_nominatim_historico
46117,39.5540582,-0.3388611,centroide_nominatim_historico
46118,38.9804366,-0.6894299,centroide_nominatim_historico
46119,39.0444939,-0.4808417,centroide_nominatim_historico
46120,39.7133707,-0.3485272,centroide_nominatim_historico
46121,39.0174058,-0.6237803,centroide_nominatim_historico
46122,39.7262295,-0.2611236,centroide_nominatim_historico
46123,39.1273559,-0.2916155,centroide_nominatim_historico
46124,38.7841381,-0.7855195,centroide_nominatim_historico
46125,39.1838545,-0.3151293,centroide_nominatim_historico
46126,39.5381541,-0.3561396,centroide_nominatim_historico
46127,38.9166494,-0.1683368,centroide_nominatim_historico
46128,38.5644668,-0.3787903,centroide_nominatim_historico
46129,39.5851621,-1.364704,centroide_nominatim_historico
46130,39.0901402,-0.5450696,centroide_nominatim_historico
46131,38.9675925,-0.1803423,centroide_nominatim_historico
46132,38.9882498,-0.4710137,centroide_nominatim_historico
46134,39.6786015,-0.32506,centroide_nominatim_historico
46135,39.5184276,-0.4103168,centroide_nominatim_historico
46136,39.4218028,-0.6867262,centroide_nominatim_historico
46137,38.9962573,-0.5560668,centroide_nominatim_historico
46138,38.9245811,-0.4865189,centroide_nominatim_historico
46139,39.1857839,-0.4778181,centroide_nominatim_historico
46140,38.9615238,-0.1488153,centroide_nominatim_historico
46141,39.7900911,-0.8617383,centroide_nominatim_historico
46142,39.1909885,-1.0772386,centroide_nominatim_historico
46144,39.1398863,-1.0728491,centroide_nominatim_historico
46147,39.6251478,-0.5952749,centroide_nominatim_historico
46148,39.4905062,-0.5722427,centroide_nominatim_historico
46150,38.9427057,-0.3565953,centroide_nominatim_historico
46151,39.0124141,-0.4664784,centroide_nominatim_historico
46153,38.9130107,-0.2841276,centroide_nominatim_historico
46154,38.9928696,-0.5718391,centroide_nominatim_historico
46155,39.1469364,-0.3299823,centroide_nominatim_historico
46156,39.2816214,-0.5731796,centroide_nominatim_historico
46157,39.0185366,-0.5335879,centroide_nominatim_historico
46158,39.3820383,-0.7854865,centroide_nominatim_historico
46159,39.492989,-0.4621429,centroide_nominatim_historico
46160,39.0513265,-0.4909038,centroide_nominatim_historico
46161,39.6755957,-0.5612995,centroide_nominatim_historico
46162,39.1420011,-0.522717,centroide_nominatim_historico
46163,39.5579365,-0.3258587,centroide_nominatim_historico
46164,39.5703995,-0.3302101,centroide_nominatim_historico
46165,39.4108561,-0.4000846,centroide_nominatim_historico
46166,39.528475,-0.3488606,centroide_nominatim_historico
46167,39.2375388,-0.7736084,centroide_nominatim_historico
46168,38.9505154,-0.1415109,centroide_nominatim_historico
46169,39.4751444,-0.4179125,centroide_nominatim_historico
46170,38.8753162,-0.7495353,centroide_nominatim_historico
46171,39.5450484,-0.3941015,centroide_nominatim_historico
46172,39.3576494,-0.6031,centroide_nominatim_historico
46173,38.8879955,-0.4932477,centroide_nominatim_historico
46174,38.9481556,-0.6492732,centroide_nominatim_historico
46175,38.891134,-0.3396607,centroide_nominatim_historico
46176,39.3406742,-0.6138111,centroide_nominatim_historico
46177,39.5603068,-0.3365952,centroide_nominatim_historico
46178,39.6583957,-0.4255343,centroide_nominatim_historico
46179,39.1024656,-0.6953201,centroide_nominatim_historico
46180,38.9806142,-0.5474381,centroide_nominatim_historico
46181,38.9202443,-0.1208981,centroide_nominatim_historico
46182,39.7006763,-0.531206,centroide_nominatim_historico
46183,38.9144633,-0.5535651,centroide_nominatim_historico
46184,38.8208523,-0.6099929,centroide_nominatim_historico
46185,38.8537863,-0.444257,centroide_nominatim_historico
46186,39.4279722,-0.4184254,centroide_nominatim_historico
46187,38.9249523,-0.2210245,centroide_nominatim_historico
46188,38.9417448,-0.1537426,centroide_nominatim_historico
46189,38.8543122,-0.5030984,centroide_nominatim_historico
46190,39.5039227,-0.4421014,centroide_nominatim_historico
46191,39.6053522,-0.7260062,centroide_nominatim_historico
46192,39.6839991,-0.3102425,centroide_nominatim_historico
46193,39.4353965,-0.4358777,centroide_nominatim_historico
46194,39.363519,-0.4611789,centroide_nominatim_historico
46195,38.9407693,-0.1325845,centroide_nominatim_historico
46196,38.9827649,-0.3383891,centroide_nominatim_historico
46198,38.915234,-0.1949104,centroide_nominatim_historico
46199,39.5788818,-0.3296332,centroide_nominatim_historico
46200,38.9010354,-0.3907092,centroide_nominatim_historico
46201,40.044968,-1.1443952,centroide_nominatim_historico
46202,39.585611,-0.551639,centroide_nominatim_historico
46203,39.0832888,-0.4696305,centroide_nominatim_historico
46204,39.5885981,-0.3033266,centroide_nominatim_historico
46205,39.6172229,-0.3028272,centroide_nominatim_historico
46206,39.1196086,-0.7402726,centroide_nominatim_historico
46207,39.5884632,-0.3325421,centroide_nominatim_historico
46208,38.9327181,-0.1664006,centroide_nominatim_historico
46209,39.0516722,-0.4550355,centroide_nominatim_historico
46210,38.8659425,-0.3972952,centroide_nominatim_historico
46211,38.9448024,-0.199795,centroide_nominatim_historico
46212,39.3342846,-0.608392,centroide_nominatim_historico
46213,39.4880777,-1.1001643,centroide_nominatim_historico
46214,39.5463524,-0.5699662,centroide_nominatim_historico
46215,39.1974256,-0.334858,centroide_nominatim_historico
46216,39.5300573,-0.4109383,centroide_nominatim_historico
46217,39.0039511,-0.5647874,centroide_nominatim_historico
46218,38.9325529,-0.2580968,centroide_nominatim_historico
46219,38.8792847,-0.36232,centroide_nominatim_historico
46220,39.6792916,-0.2786451,centroide_nominatim_historico
46221,38.8543784,-0.3814159,centroide_nominatim_historico
46222,39.071992,-0.4869889,centroide_nominatim_historico
46223,39.4247119,-0.3834581,centroide_nominatim_historico
46224,39.6833431,-0.3744773,centroide_nominatim_historico
46225,39.0317983,-0.5874749,centroide_nominatim_historico
46226,38.9198161,-0.4800619,centroide_nominatim_historico
46227,39.0635511,-0.5099664,centroide_nominatim_historico
46228,39.6851966,-0.4281287,centroide_nominatim_historico
46229,39.4715188,-0.9156646,centroide_nominatim_historico
46230,39.3632045,-0.4112618,centroide_nominatim_historico
46231,39.0435012,-0.3114531,centroide_nominatim_historico
46232,39.7325775,-1.2300935,centroide_nominatim_historico
46233,39.2784514,-0.3818215,centroide_nominatim_historico
46234,39.6212861,-0.9102321,centroide_nominatim_historico
46235,39.2025604,-0.3111645,centroide_nominatim_historico
46236,39.0962162,-0.6296261,centroide_nominatim_historico
46237,39.5064294,-0.3625992,centroide_nominatim_historico
46238,39.0715565,-0.2678045,centroide_nominatim_historico
46239,39.1064363,-1.0510067,centroide_nominatim_historico
46240,38.8948459,-0.3200938,centroide_nominatim_historico
46241,39.8655907,-1.0821531,centroide_nominatim_historico
46242,40.0960725,-1.2567771,centroide_nominatim_historico
46243,38.9886227,-0.5714242,centroide_nominatim_historico
46244,39.436668,-0.4656213,centroide_nominatim_historico
46245,39.7434288,-0.357507,centroide_nominatim_historico
46246,39.1397505,-0.5881834,centroide_nominatim_historico
46248,39.3898826,-0.7104878,centroide_nominatim_historico
46249,39.5680797,-1.2051604,centroide_nominatim_historico
46250,39.4697065,-0.3763353,centroide_nominatim_historico
46251,38.8959364,-0.6890986,centroide_nominatim_historico
46252,40.0630346,-1.3389357,centroide_nominatim_historico
46253,38.9858253,-0.5562883,centroide_nominatim_historico
46257,39.0795781,-0.5123755,centroide_nominatim_historico
46902,39.7696335,-0.5205666,centroide_nominatim_historico
46903,39.5619478,-0.5001275,centroide_nominatim_historico
46904,39.1853985,-0.3821957,centroide_nominatim_historico
47001,41.6486513,-5.1213107,centroide_nominatim_historico
47002,41.2748427,-4.6531667,centroide_nominatim_historico
47003,41.9840369,-5.1807319,centroide_nominatim_historico
47004,41.3074062,-5.2160343,centroide_nominatim_historico
47005,41.3709297,-4.6715674,centroide_nominatim_historico
47006,41.4613263,-4.6160576,centroide_nominatim_historico
47007,41.5121927,-4.6398863,centroide_nominatim_historico
47008,41.2140052,-4.677067,centroide_nominatim_historico
47009,41.7488589,-4.3016445,centroide_nominatim_historico
47010,41.6221279,-4.7813957,centroide_nominatim_historico
47011,41.1818477,-4.8057355,centroide_nominatim_historico
47012,41.4809876,-4.2786005,centroide_nominatim_historico
47013,41.9505269,-5.2846539,centroide_nominatim_historico
47014,41.6738042,-5.0694379,centroide_nominatim_historico
47015,42.0980087,-5.2179628,centroide_nominatim_historico
47016,41.6210848,-5.2935315,centroide_nominatim_historico
47017,41.5635561,-5.0558951,centroide_nominatim_historico
47018,41.5802174,-5.0325645,centroide_nominatim_historico
47019,41.945506,-5.0975153,centroide_nominatim_historico
47020,41.2051084,-5.0227588,centroide_nominatim_historico
47021,41.2291692,-4.6809528,centroide_nominatim_historico
47022,41.6236618,-4.0690547,centroide_nominatim_historico
47023,41.5406814,-4.6993793,centroide_nominatim_historico
47024,42.0062728,-5.2838725,centroide_nominatim_historico
47025,41.2313136,-5.0419437,centroide_nominatim_historico
47026,42.1304506,-5.0910466,centroide_nominatim_historico
47027,41.7339524,-4.6458137,centroide_nominatim_historico
47028,42.1678462,-5.1580301,centroide_nominatim_historico
47029,41.8493512,-5.2708928,centroide_nominatim_historico
47030,41.491752,-4.1940936,centroide_nominatim_historico
47031,41.2567762,-5.0137098,centroide_nominatim_historico
47032,41.47374,-4.50527,centroide_nominatim_historico
47033,41.5259435,-4.1160956,centroide_nominatim_historico
47034,41.7548204,-4.1251057,centroide_nominatim_historico
47035,41.2126514,-5.10906,centroide_nominatim_historico
47036,41.5778586,-5.2413147,centroide_nominatim_historico
47037,41.2528961,-5.1709387,centroide_nominatim_historico
47038,41.5750378,-4.0144512,centroide_nominatim_historico
47039,41.7030938,-4.3714958,centroide_nominatim_historico
47040,42.1373037,-5.3137491,centroide_nominatim_historico
47041,41.6485234,-4.9595968,centroide_nominatim_historico
47042,41.6724619,-5.3047229,centroide_nominatim_historico
47043,41.7732772,-5.0403843,centroide_nominatim_historico
47044,41.6810453,-4.5878502,centroide_nominatim_historico
47045,41.3887733,-5.2633186,centroide_nominatim_historico
47046,42.1265987,-5.1828867,centroide_nominatim_historico
47047,41.7564594,-4.2211944,centroide_nominatim_historico
47048,42.0321225,-5.1501864,centroide_nominatim_historico
47049,41.1874001,-4.9498759,centroide_nominatim_historico
47050,41.7582863,-4.6989785,centroide_nominatim_historico
47051,41.6403944,-4.8564949,centroide_nominatim_historico
47052,41.6121464,-4.6851558,centroide_nominatim_historico
47053,41.4062774,-4.5452791,centroide_nominatim_historico
47054,41.5102875,-4.31692,centroide_nominatim_historico
47055,41.809877,-4.6932238,centroide_nominatim_historico
47056,41.6713964,-4.0485657,centroide_nominatim_historico
47057,41.8341232,-4.6134628,centroide_nominatim_historico
47058,42.0585105,-5.0547427,centroide_nominatim_historico
47059,41.6401393,-4.0992767,centroide_nominatim_historico
47060,41.7568949,-4.1034145,centroide_nominatim_historico
47061,41.7508298,-4.3796295,centroide_nominatim_historico
47062,41.7673325,-4.1855457,centroide_nominatim_historico
47063,41.5348052,-4.145634,centroide_nominatim_historico
47064,42.1620231,-5.057964,centroide_nominatim_historico
47065,41.1962185,-5.1463866,centroide_nominatim_historico
47066,41.7066036,-4.7637721,centroide_nominatim_historico
47067,41.1763482,-4.9346829,centroide_nominatim_historico
47068,41.2436986,-4.646986,centroide_nominatim_historico
47069,41.6095336,-5.0979005,centroide_nominatim_historico
47070,42.0501045,-4.9798355,centroide_nominatim_historico
47071,41.5789122,-4.8756666,centroide_nominatim_historico
47073,42.1247742,-4.9517227,centroide_nominatim_historico
47074,41.3667221,-4.7179864,centroide_nominatim_historico
47075,41.3634512,-4.5338953,centroide_nominatim_historico
47076,41.582811,-4.7214404,centroide_nominatim_historico
47077,41.5695574,-4.1981884,centroide_nominatim_historico
47078,41.149968,-4.9169301,centroide_nominatim_historico
47079,41.2674383,-4.614043,centroide_nominatim_historico
47080,41.586343,-4.189038,centroide_nominatim_historico
47081,41.5873694,-5.1330732,centroide_nominatim_historico
47082,41.4139112,-4.7900363,centroide_nominatim_historico
47083,41.5477912,-4.9678309,centroide_nominatim_historico
47084,42.1666301,-5.2626995,centroide_nominatim_historico
47085,41.3085496,-4.9150256,centroide_nominatim_historico
47086,41.8836792,-5.0433596,centroide_nominatim_historico
47087,41.40716,-4.5666702,centroide_nominatim_historico
47088,42.2432398,-5.1421583,centroide_nominatim_historico
47089,42.2679286,-5.0948712,centroide_nominatim_historico
47090,41.4305877,-4.664366,centroide_nominatim_historico
47091,42.2304106,-5.1803749,centroide_nominatim_historico
47092,41.9011291,-4.897662,centroide_nominatim_historico
47093,41.5090909,-4.4593002,centroide_nominatim_historico
47094,41.9851834,-5.0719088,centroide_nominatim_historico
47095,41.2766257,-4.8245891,centroide_nominatim_historico
47096,41.8605039,-5.1733549,centroide_nominatim_historico
47097,41.6327366,-5.1772834,centroide_nominatim_historico
47098,41.7425016,-4.7625466,centroide_nominatim_historico
47099,41.7793945,-4.9440331,centroide_nominatim_historico
47100,41.1230669,-4.8421401,centroide_nominatim_historico
47101,41.3304513,-5.0813732,centroide_nominatim_historico
47102,41.267642,-5.0571078,centroide_nominatim_historico
47103,41.6377939,-4.365098,centroide_nominatim_historico
47104,41.2870983,-4.68669,centroide_nominatim_historico
47105,41.6878294,-4.5225045,centroide_nominatim_historico
47106,41.5721353,-4.0421982,centroide_nominatim_historico
47109,41.9296483,-5.1449792,centroide_nominatim_historico
47110,41.5363939,-4.5326282,centroide_nominatim_historico
47111,41.4726054,-4.6447136,centroide_nominatim_historico
47112,41.3419664,-4.5807181,centroide_nominatim_historico
47113,41.5558293,-5.202822,centroide_nominatim_historico
47114,41.5966366,-4.1215713,centroide_nominatim_historico
47115,41.7115693,-4.9810606,centroide_nominatim_historico
47116,41.6416062,-4.1558587,centroide_nominatim_historico
47117,41.7282613,-4.4285403,centroide_nominatim_historico
47118,41.6748572,-4.147671,centroide_nominatim_historico
47119,41.6988945,-4.1284803,centroide_nominatim_historico
47121,41.4433109,-5.12548,centroide_nominatim_historico
47122,41.4787706,-4.5887736,centroide_nominatim_historico
47123,41.3178397,-4.8382239,centroide_nominatim_historico
47124,41.3721132,-4.8446431,centroide_nominatim_historico
47125,41.82224,-5.25906,centroide_nominatim_historico
47126,41.1823173,-4.6491499,centroide_nominatim_historico
47127,41.6197055,-4.2182197,centroide_nominatim_historico
47128,41.9890105,-5.4493242,centroide_nominatim_historico
47129,41.6258997,-4.3627746,centroide_nominatim_historico
47130,41.853865,-4.659214,centroide_nominatim_historico
47131,41.5330207,-4.0614104,centroide_nominatim_historico
47132,41.2285281,-4.7857515,centroide_nominatim_historico
47133,41.6539858,-4.6276293,centroide_nominatim_historico
47134,42.0301979,-5.4754453,centroide_nominatim_historico
47135,41.6080465,-4.9101378,centroide_nominatim_historico
47137,41.6682638,-4.1180563,centroide_nominatim_historico
47138,41.2143669,-4.9241377,centroide_nominatim_historico
47139,41.4129785,-4.9597533,centroide_nominatim_historico
47140,42.21125,-5.20639,centroide_nominatim_historico
47141,41.1170881,-4.8755215,centroide_nominatim_historico
47142,41.6809699,-5.1478652,centroide_nominatim_historico
47143,41.6862157,-4.0649041,centroide_nominatim_historico
47144,41.7528325,-4.5666194,centroide_nominatim_historico
47145,41.4432554,-4.4602885,centroide_nominatim_historico
47146,41.5091453,-4.9112037,centroide_nominatim_historico
47147,41.1606619,-4.7772993,centroide_nominatim_historico
47148,41.736029,-5.326388,centroide_nominatim_historico
47149,41.6808404,-5.034009,centroide_nominatim_historico
47150,41.4806517,-5.2852187,centroide_nominatim_historico
47151,41.6201693,-5.0868382,centroide_nominatim_historico
47152,41.8957208,-5.2651296,centroide_nominatim_historico
47153,42.2175962,-5.0992819,centroide_nominatim_historico
47154,41.570979,-4.4496476,centroide_nominatim_historico
47155,41.693651,-4.6895991,centroide_nominatim_historico
47156,41.2191791,-4.8514466,centroide_nominatim_historico
47157,41.6085193,-4.4339323,centroide_nominatim_historico
47158,41.4144651,-4.9072398,centroide_nominatim_historico
47159,41.456944,-4.8625389,centroide_nominatim_historico
47160,41.3517512,-5.1846146,centroide_nominatim_historico
47161,41.5902895,-4.8268115,centroide_nominatim_historico
47162,41.9762331,-5.024203,centroide_nominatim_historico
47163,41.6524191,-5.2675586,centroide_nominatim_historico
47164,41.814441,-5.1576521,centroide_nominatim_historico
47165,41.500851,-5.00053,centroide_nominatim_historico
47166,41.4847317,-5.0865117,centroide_nominatim_historico
47167,41.2195826,-5.2238078,centroide_nominatim_historico
47168,41.6665859,-5.049413,centroide_nominatim_historico
47169,41.7683027,-4.1998757,centroide_nominatim_historico
47170,41.5366171,-4.0885448,centroide_nominatim_historico
47171,41.6490374,-5.0250798,centroide_nominatim_historico
47172,41.4848875,-4.3189577,centroide_nominatim_historico
47173,41.5759433,-4.4746989,centroide_nominatim_historico
47174,41.8300568,-4.6526122,centroide_nominatim_historico
47175,41.5837494,-4.5796496,centroide_nominatim_historico
47176,42.0763247,-5.3247443,centroide_nominatim_historico
47177,42.0985572,-5.2819753,centroide_nominatim_historico
47178,41.7271665,-5.2035577,centroide_nominatim_historico
47179,41.6422564,-4.2928336,centroide_nominatim_historico
47180,41.6426037,-4.048322,centroide_nominatim_historico
47181,41.8560793,-4.9691952,centroide_nominatim_historico
47182,41.4768774,-4.7707764,centroide_nominatim_historico
47183,42.0417166,-5.3125914,centroide_nominatim_historico
47184,41.7999746,-4.5299579,centroide_nominatim_historico
47185,41.8348449,-5.0371188,centroide_nominatim_historico
47186,41.6521807,-4.728605,centroide_nominatim_historico
47187,42.1876793,-5.1158472,centroide_nominatim_historico
47188,41.5943975,-5.1134562,centroide_nominatim_historico
47189,41.2302923,-4.9717742,centroide_nominatim_historico
47190,41.5585623,-5.0048279,centroide_nominatim_historico
47191,41.579515,-4.9475147,centroide_nominatim_historico
47192,41.4113769,-4.8290416,centroide_nominatim_historico
47193,41.52874,-4.75207,centroide_nominatim_historico
47194,41.445392,-4.3827406,centroide_nominatim_historico
47195,41.6302404,-4.5220775,centroide_nominatim_historico
47196,42.010095,-4.9962749,centroide_nominatim_historico
47197,41.82283,-5.11498,centroide_nominatim_historico
47198,42.1895019,-5.0425144,centroide_nominatim_historico
47199,42.0827855,-5.124154,centroide_nominatim_historico
47200,41.7407958,-4.2684266,centroide_nominatim_historico
47203,42.0783899,-4.9708003,centroide_nominatim_historico
47204,41.4330414,-5.3017449,centroide_nominatim_historico
47205,41.8937907,-5.2181971,centroide_nominatim_historico
47206,41.7348134,-4.3240657,centroide_nominatim_historico
47207,41.7813337,-5.1930752,centroide_nominatim_historico
47208,42.1557798,-5.1422017,centroide_nominatim_historico
47209,42.0141638,-5.2360874,centroide_nominatim_historico
47210,41.5499934,-5.1384795,centroide_nominatim_historico
47211,42.1745783,-5.1902681,centroide_nominatim_historico
47212,41.8636295,-4.859104,centroide_nominatim_historico
47213,41.6044064,-5.212377,centroide_nominatim_historico
47214,42.0984494,-5.0347132,centroide_nominatim_historico
47215,41.9468776,-5.2075331,centroide_nominatim_historico
47216,41.5927732,-4.9212971,centroide_nominatim_historico
47217,41.6987674,-4.8419751,centroide_nominatim_historico
47218,41.5179063,-4.8673384,centroide_nominatim_historico
47219,42.1489308,-5.0954584,centroide_nominatim_historico
47220,41.7591711,-5.2479646,centroide_nominatim_historico
47221,41.7032195,-4.4831772,centroide_nominatim_historico
47222,41.9282922,-5.0116847,centroide_nominatim_historico
47223,41.72419,-5.25343,centroide_nominatim_historico
47224,41.6848435,-4.5453336,centroide_nominatim_historico
47225,41.63969,-5.06452,centroide_nominatim_historico
47226,41.6636072,-4.4624964,centroide_nominatim_historico
47227,41.6924694,-5.2769707,centroide_nominatim_historico
47228,41.3066295,-5.0253531,centroide_nominatim_historico
47229,42.0589395,-5.2354622,centroide_nominatim_historico
47230,41.6753325,-4.9170281,centroide_nominatim_historico
47231,41.6594549,-4.7833204,centroide_nominatim_historico
47232,41.2612189,-4.7698263,centroide_nominatim_historico
48001,43.1239544,-2.6226885,centroide_nominatim_historico
48002,43.3188635,-3.075375,centroide_nominatim_historico
48003,43.2158831,-2.7094577,centroide_nominatim_historico
48004,43.3277464,-2.5147793,centroide_nominatim_historico
48005,43.152773,-2.9349498,centroide_nominatim_historico
48006,43.156731,-2.7905895,centroide_nominatim_historico
48007,43.25674,-2.5948191,centroide_nominatim_historico
48008,43.2511476,-3.2219332,centroide_nominatim_historico
48009,43.1766868,-2.9345437,centroide_nominatim_historico
48010,43.3416679,-2.7693167,centroide_nominatim_historico
48011,43.2065921,-2.8873537,centroide_nominatim_historico
48012,43.4219186,-2.8157899,centroide_nominatim_historico
48013,43.2949177,-2.9887476,centroide_nominatim_historico
48014,43.3988863,-2.9673176,centroide_nominatim_historico
48015,43.2306849,-2.8844587,centroide_nominatim_historico
48016,43.3628719,-2.9957746,centroide_nominatim_historico
48017,43.4194242,-2.7231562,centroide_nominatim_historico
48018,43.3123614,-2.4699443,centroide_nominatim_historico
48019,43.1690476,-2.57392,centroide_nominatim_historico
48020,43.2630018,-2.9350039,centroide_nominatim_historico
48021,43.3823418,-2.6982634,centroide_nominatim_historico
48022,43.2057433,-3.3639367,centroide_nominatim_historico
48023,43.1335118,-2.7839858,centroide_nominatim_historico
48024,43.0984018,-2.7494734,centroide_nominatim_historico
48025,43.1507943,-2.8571568,centroide_nominatim_historico
48026,43.1430694,-2.7508974,centroide_nominatim_historico
48027,43.1707065,-2.6334897,centroide_nominatim_historico
48028,43.3804335,-2.5848533,centroide_nominatim_historico
48029,43.2526907,-2.883221,centroide_nominatim_historico
48030,43.2549832,-2.4787005,centroide_nominatim_historico
48031,43.4031122,-2.6404556,centroide_nominatim_historico
48032,43.1304644,-2.5426453,centroide_nominatim_historico
48033,43.3510437,-2.6162545,centroide_nominatim_historico
48034,43.1862849,-2.5027614,centroide_nominatim_historico
48035,43.3279874,-2.7847278,centroide_nominatim_historico
48036,43.2332639,-2.8453385,centroide_nominatim_historico
48037,43.2541103,-3.097637,centroide_nominatim_historico
48038,43.3138723,-2.8248188,centroide_nominatim_historico
48039,43.1941174,-2.6117318,centroide_nominatim_historico
48040,43.3637855,-2.8761795,centroide_nominatim_historico
48041,43.368057,-2.6525285,centroide_nominatim_historico
48042,43.179851,-3.0737749,centroide_nominatim_historico
48043,43.4127349,-2.9375015,centroide_nominatim_historico
48044,43.3513508,-3.0086607,centroide_nominatim_historico
48045,43.2090164,-3.094502,centroide_nominatim_historico
48046,43.3143976,-2.6778593,centroide_nominatim_historico
48047,43.331607,-2.5391336,centroide_nominatim_historico
48048,43.3899697,-2.6332481,centroide_nominatim_historico
48049,43.3631486,-2.5468679,centroide_nominatim_historico
48050,43.1544933,-2.6397796,centroide_nominatim_historico
48051,43.2184716,-3.4391344,centroide_nominatim_historico
48052,43.2612471,-2.7959022,centroide_nominatim_historico
48053,43.3521257,-2.9073748,centroide_nominatim_historico
48054,43.3271048,-2.9846079,centroide_nominatim_historico
48055,43.2098775,-2.7788097,centroide_nominatim_historico
48056,43.4120254,-2.9026473,centroide_nominatim_historico
48057,43.3637081,-2.5059965,centroide_nominatim_historico
48058,43.1895207,-2.5298369,centroide_nominatim_historico
48059,43.1383492,-2.6608199,centroide_nominatim_historico
48060,43.2675586,-2.4974864,centroide_nominatim_historico
48061,43.3793511,-2.8689304,centroide_nominatim_historico
48062,43.2811957,-2.6437276,centroide_nominatim_historico
48063,43.3482604,-2.4897641,centroide_nominatim_historico
48064,43.3627405,-2.8023477,centroide_nominatim_historico
48065,43.1803743,-2.9016079,centroide_nominatim_historico
48066,43.3000301,-2.752374,centroide_nominatim_historico
48067,43.2926038,-2.7083505,centroide_nominatim_historico
48068,43.407824,-2.6992833,centroide_nominatim_historico
48069,43.3540663,-2.8464157,centroide_nominatim_historico
48070,43.296423,-2.5628139,centroide_nominatim_historico
48071,43.3230375,-3.1243029,centroide_nominatim_historico
48072,43.0408347,-2.6542222,centroide_nominatim_historico
48073,43.3221481,-2.4221989,centroide_nominatim_historico
48074,42.994926,-3.009915,centroide_nominatim_historico
48075,43.1068473,-2.9120602,centroide_nominatim_historico
48076,43.394207,-2.6970992,centroide_nominatim_historico
48077,43.4051753,-2.9478553,centroide_nominatim_historico
48078,43.3189646,-3.0198633,centroide_nominatim_historico
48079,43.3185225,-2.7247594,centroide_nominatim_historico
48080,43.303062,-3.0392135,centroide_nominatim_historico
48081,43.2743248,-2.8329246,centroide_nominatim_historico
48082,43.3287527,-3.0318766,centroide_nominatim_historico
48083,43.3105667,-3.0555981,centroide_nominatim_historico
48084,43.309341,-3.0074501,centroide_nominatim_historico
48085,43.3802735,-2.9838326,centroide_nominatim_historico
48086,43.2548196,-3.1703684,centroide_nominatim_historico
48087,43.2712711,-3.2562469,centroide_nominatim_historico
48088,43.0301561,-2.690822,centroide_nominatim_historico
48089,43.3730262,-2.9482016,centroide_nominatim_historico
48090,43.1940413,-3.1945492,centroide_nominatim_historico
48091,43.1302284,-2.5856042,centroide_nominatim_historico
48092,43.2084398,-2.8019783,centroide_nominatim_historico
48093,43.1214494,-2.7694128,centroide_nominatim_historico
48094,43.1642445,-2.7783435,centroide_nominatim_historico
48095,43.1697719,-2.548773,centroide_nominatim_historico
48096,43.2075112,-3.1418687,centroide_nominatim_historico
48097,43.211818,-2.873426,centroide_nominatim_historico
48901,43.2907714,-2.8870439,centroide_nominatim_historico
48902,43.3172935,-2.9578103,centroide_nominatim_historico
48903,43.3165195,-2.9199869,centroide_nominatim_historico
48904,43.2979405,-2.9272819,centroide_nominatim_historico
48905,43.2827605,-2.8623645,centroide_nominatim_historico
48906,43.3353442,-2.6889288,centroide_nominatim_historico
48907,43.3408832,-2.6554179,centroide_nominatim_historico
48908,43.3525749,-2.6828411,centroide_nominatim_historico
48909,43.3215488,-2.5844368,centroide_nominatim_historico
48910,43.1766676,-2.6339298,centroide_nominatim_historico
48911,43.3053704,-2.6657586,centroide_nominatim_historico
48912,43.2459197,-2.9884396,centroide_nominatim_historico
48913,43.3518319,-3.082039,centroide_nominatim_historico
48914,43.3189596,-2.6452172,centroide_nominatim_historico
48915,43.2506116,-2.5478839,centroide_nominatim_historico
49002,41.6260896,-5.4262519,centroide_nominatim_historico
49003,41.6996962,-6.3471637,centroide_nominatim_historico
49004,42.1285058,-5.9212583,centroide_nominatim_historico
49005,41.2273404,-5.9834205,centroide_nominatim_historico
49006,41.5667182,-5.6036991,centroide_nominatim_historico
49007,41.4741028,-5.9159805,centroide_nominatim_historico
49008,41.2663937,-6.073378,centroide_nominatim_historico
49009,41.5957846,-5.8568492,centroide_nominatim_historico
49010,41.4561135,-5.6857564,centroide_nominatim_historico
49011,41.9451237,-5.6971271,centroide_nominatim_historico
49012,41.4396293,-6.2086986,centroide_nominatim_historico
49013,41.3129372,-5.5864446,centroide_nominatim_historico
49014,41.7108837,-5.6557204,centroide_nominatim_historico
49015,42.1078663,-5.8935312,centroide_nominatim_historico
49016,41.6757149,-5.5980337,centroide_nominatim_historico
49017,42.0522792,-6.4895017,centroide_nominatim_historico
49018,42.1305787,-6.0641972,centroide_nominatim_historico
49019,41.9350016,-5.6615703,centroide_nominatim_historico
49020,41.7227575,-5.4506277,centroide_nominatim_historico
49021,42.0032862,-5.6738595,centroide_nominatim_historico
49022,41.6282476,-5.6332652,centroide_nominatim_historico
49023,41.3652089,-6.1117432,centroide_nominatim_historico
49024,41.3362217,-5.4099124,centroide_nominatim_historico
49025,41.8804451,-5.7377192,centroide_nominatim_historico
49026,41.8847648,-5.7530596,centroide_nominatim_historico
49027,42.0612368,-6.046729,centroide_nominatim_historico
49028,42.0375321,-5.873206,centroide_nominatim_historico
49029,41.9210398,-5.782255,centroide_nominatim_historico
49030,41.6760286,-5.4599831,centroide_nominatim_historico
49031,41.3324423,-5.7904375,centroide_nominatim_historico
49032,41.9783875,-6.083007,centroide_nominatim_historico
49033,41.9946409,-6.0264373,centroide_nominatim_historico
49034,41.1665698,-5.3679381,centroide_nominatim_historico
49035,41.770215,-5.5011134,centroide_nominatim_historico
49036,41.6528058,-5.9975786,centroide_nominatim_historico
49037,41.2318061,-6.1471131,centroide_nominatim_historico
49038,41.3741743,-5.7465569,centroide_nominatim_historico
49039,41.4379642,-5.6751223,centroide_nominatim_historico
49040,41.2294199,-5.3257849,centroide_nominatim_historico
49041,41.9889037,-5.6036131,centroide_nominatim_historico
49042,41.7205541,-5.5427637,centroide_nominatim_historico
49043,41.9704829,-5.3145849,centroide_nominatim_historico
49044,41.4155012,-5.7041044,centroide_nominatim_historico
49046,41.9007181,-5.4850237,centroide_nominatim_historico
49047,41.6831617,-5.6536476,centroide_nominatim_historico
49048,42.0208673,-6.4170982,centroide_nominatim_historico
49050,42.0731227,-6.7017956,centroide_nominatim_historico
49052,42.1162872,-5.8126344,centroide_nominatim_historico
49053,41.5485022,-5.6208725,centroide_nominatim_historico
49054,41.3577746,-5.7252637,centroide_nominatim_historico
49055,41.8169012,-5.2898081,centroide_nominatim_historico
49056,41.5740404,-5.7402123,centroide_nominatim_historico
49057,42.1244561,-6.1635419,centroide_nominatim_historico
49058,41.2449541,-5.7455118,centroide_nominatim_historico
49059,41.3068846,-5.6580555,centroide_nominatim_historico
49061,41.4311963,-5.7547283,centroide_nominatim_historico
49062,42.1161382,-6.3936304,centroide_nominatim_historico
49063,41.8358287,-5.8877477,centroide_nominatim_historico
49064,41.42082,-6.2717612,centroide_nominatim_historico
49065,41.3174146,-6.3949234,centroide_nominatim_historico
49066,41.8972381,-6.0768127,centroide_nominatim_historico
49067,41.8986094,-6.1944138,centroide_nominatim_historico
49068,41.7664064,-6.0720809,centroide_nominatim_historico
49069,41.8695277,-6.4448413,centroide_nominatim_historico
49071,41.6361335,-6.1394852,centroide_nominatim_historico
49075,42.0826452,-5.7698581,centroide_nominatim_historico
49076,41.5287524,-5.5676104,centroide_nominatim_historico
49077,41.3184207,-5.9708098,centroide_nominatim_historico
49078,41.9131749,-5.8416263,centroide_nominatim_historico
49079,42.1100414,-5.9964344,centroide_nominatim_historico
49080,41.2515618,-5.3830038,centroide_nominatim_historico
49081,41.2306008,-5.4964931,centroide_nominatim_historico
49082,42.00262,-5.5458473,centroide_nominatim_historico
49083,41.6305782,-5.4728015,centroide_nominatim_historico
49084,41.326197,-5.6284134,centroide_nominatim_historico
49085,42.1051925,-6.6622276,centroide_nominatim_historico
49086,41.6001511,-5.5815547,centroide_nominatim_historico
49087,41.7352273,-6.1736307,centroide_nominatim_historico
49088,41.4670486,-6.1778005,centroide_nominatim_historico
49090,41.4196754,-5.648145,centroide_nominatim_historico
49091,41.809162,-5.7388413,centroide_nominatim_historico
49092,42.0514075,-5.9277833,centroide_nominatim_historico
49093,41.2896468,-5.4414699,centroide_nominatim_historico
49094,41.9688114,-6.8955455,centroide_nominatim_historico
49095,41.551995,-5.79892,centroide_nominatim_historico
49096,41.3937506,-5.6638372,centroide_nominatim_historico
49097,42.15014,-6.2943488,centroide_nominatim_historico
49098,41.6801775,-6.0804218,centroide_nominatim_historico
49099,41.7108807,-6.0398748,centroide_nominatim_historico
49100,42.0352659,-6.9051722,centroide_nominatim_historico
49101,41.4396127,-6.1327146,centroide_nominatim_historico
49102,41.2820235,-5.6230533,centroide_nominatim_historico
49103,41.4803445,-5.6040598,centroide_nominatim_historico
49104,41.8688255,-6.3772489,centroide_nominatim_historico
49105,42.1134195,-5.7837458,centroide_nominatim_historico
49107,41.6545033,-5.4865985,centroide_nominatim_historico
49108,41.7505124,-5.7108208,centroide_nominatim_historico
49109,42.0362362,-5.7463806,centroide_nominatim_historico
49110,41.9914505,-6.4397691,centroide_nominatim_historico
49111,41.6353542,-5.9477982,centroide_nominatim_historico
49112,42.054973,-6.3828094,centroide_nominatim_historico
49113,42.1060915,-5.6415868,centroide_nominatim_historico
49114,41.579216,-5.5002606,centroide_nominatim_historico
49115,41.2510629,-5.797501,centroide_nominatim_historico
49116,41.965762,-6.0141347,centroide_nominatim_historico
49117,41.9886738,-5.8712632,centroide_nominatim_historico
49118,41.9231714,-5.7329641,centroide_nominatim_historico
49119,41.5822526,-5.6590964,centroide_nominatim_historico
49120,42.0827555,-6.1861859,centroide_nominatim_historico
49121,42.0226242,-6.3311768,centroide_nominatim_historico
49122,41.5526221,-5.7064267,centroide_nominatim_historico
49123,41.6471097,-5.8049764,centroide_nominatim_historico
49124,41.4725316,-6.1010812,centroide_nominatim_historico
49125,41.4632879,-5.6556087,centroide_nominatim_historico
49126,41.1709984,-6.0015141,centroide_nominatim_historico
49127,41.4460546,-5.7324233,centroide_nominatim_historico
49128,42.067814,-5.7856032,centroide_nominatim_historico
49129,41.5365564,-5.3068437,centroide_nominatim_historico
49130,41.9398478,-5.8893572,centroide_nominatim_historico
49131,41.4890586,-6.1375644,centroide_nominatim_historico
49132,41.6317878,-5.7060581,centroide_nominatim_historico
49133,41.7990061,-5.8693434,centroide_nominatim_historico
49134,42.1299928,-6.3353407,centroide_nominatim_historico
49135,41.5223667,-5.9684562,centroide_nominatim_historico
49136,41.387433,-6.1983931,centroide_nominatim_historico
49137,41.9546388,-5.8160695,centroide_nominatim_historico
49138,41.7319475,-5.9675632,centroide_nominatim_historico
49139,41.9379897,-6.1505683,centroide_nominatim_historico
49141,41.7150668,-5.6940013,centroide_nominatim_historico
49142,41.604025,-5.8767025,centroide_nominatim_historico
49143,42.0572677,-6.5248073,centroide_nominatim_historico
49145,42.0245478,-6.6938232,centroide_nominatim_historico
49146,41.3341528,-5.4672646,centroide_nominatim_historico
49147,41.4821901,-5.4826702,centroide_nominatim_historico
49148,41.3921082,-5.6899349,centroide_nominatim_historico
49149,41.2873276,-5.8667465,centroide_nominatim_historico
49150,42.0728595,-6.2747826,centroide_nominatim_historico
49151,41.412691,-5.7530534,centroide_nominatim_historico
49152,41.415918,-5.8773739,centroide_nominatim_historico
49153,41.7254943,-5.8768377,centroide_nominatim_historico
49154,42.0919273,-6.9934658,centroide_nominatim_historico
49155,41.6807915,-5.728865,centroide_nominatim_historico
49156,41.6284442,-5.3621456,centroide_nominatim_historico
49157,41.5767473,-6.1212504,centroide_nominatim_historico
49158,41.3536144,-5.5880325,centroide_nominatim_historico
49159,42.1019883,-5.7337697,centroide_nominatim_historico
49160,41.7001062,-5.5423917,centroide_nominatim_historico
49162,42.167526,-6.8987704,centroide_nominatim_historico
49163,41.5981471,-5.4338766,centroide_nominatim_historico
49164,41.7850818,-5.8949829,centroide_nominatim_historico
49165,41.9203967,-5.4203949,centroide_nominatim_historico
49166,42.054621,-6.6342086,centroide_nominatim_historico
49167,41.9193398,-5.8980245,centroide_nominatim_historico
49168,41.8671057,-5.3496902,centroide_nominatim_historico
49169,41.9056319,-5.4072724,centroide_nominatim_historico
49170,42.0325562,-5.8477793,centroide_nominatim_historico
49171,42.0182604,-5.8300875,centroide_nominatim_historico
49172,41.7426643,-6.2766869,centroide_nominatim_historico
49173,41.7445525,-6.4331626,centroide_nominatim_historico
49174,42.0283353,-6.7632719,centroide_nominatim_historico
49175,41.8893028,-5.5681084,centroide_nominatim_historico
49176,41.8159422,-6.1767542,centroide_nominatim_historico
49177,42.0055905,-6.2281127,centroide_nominatim_historico
49178,41.5523885,-5.7735283,centroide_nominatim_historico
49179,42.0770336,-6.5875744,centroide_nominatim_historico
49180,41.2520394,-6.1717115,centroide_nominatim_historico
49181,42.0883805,-6.5347656,centroide_nominatim_historico
49183,41.2713023,-6.216758,centroide_nominatim_historico
49184,41.6735174,-6.1637332,centroide_nominatim_historico
49185,41.8856651,-5.5934648,centroide_nominatim_historico
49186,41.7050248,-5.7549516,centroide_nominatim_historico
49187,42.0468353,-5.6345483,centroide_nominatim_historico
49188,41.9371762,-5.5521844,centroide_nominatim_historico
49189,42.1343272,-6.6253752,centroide_nominatim_historico
49190,41.8135325,-5.4718604,centroide_nominatim_historico
49191,41.3332169,-5.5760508,centroide_nominatim_historico
49192,42.0295117,-5.4969244,centroide_nominatim_historico
49193,42.0432719,-6.0736153,centroide_nominatim_historico
49194,41.5878594,-5.9399653,centroide_nominatim_historico
49197,41.3396133,-5.6767612,centroide_nominatim_historico
49199,41.9575434,-5.6835728,centroide_nominatim_historico
49200,42.0006481,-5.7123518,centroide_nominatim_historico
49201,41.9833847,-5.9759775,centroide_nominatim_historico
49202,41.6771943,-5.8984013,centroide_nominatim_historico
49203,42.0832786,-5.8066651,centroide_nominatim_historico
49204,41.9347356,-5.9359004,centroide_nominatim_historico
49205,41.9852088,-5.9232933,centroide_nominatim_historico
49206,42.0735273,-6.0150542,centroide_nominatim_historico
49207,41.8787581,-5.708769,centroide_nominatim_historico
49208,41.8065361,-6.2498383,centroide_nominatim_historico
49209,41.7784341,-6.347301,centroide_nominatim_historico
49210,41.4316769,-5.5668032,centroide_nominatim_historico
49214,41.8248097,-5.9593227,centroide_nominatim_historico
49216,41.8569635,-5.4961823,centroide_nominatim_historico
49219,41.5216963,-5.3939824,centroide_nominatim_historico
05001,40.9438737,-4.6038249,centroide_nominatim_historico
05012,40.5738657,-5.0655314,centroide_nominatim_historico
05013,40.2660188,-5.0857802,centroide_nominatim_historico
05016,41.0632758,-4.7198921,centroide_nominatim_historico
05019,40.656478,-4.7002172,centroide_nominatim_historico
05023,41.0655459,-4.9314522,centroide_nominatim_historico
50001,41.1376502,-1.6987114,centroide_nominatim_historico
50002,41.1710444,-1.6048931,centroide_nominatim_historico
50003,41.8564455,-1.4533153,centroide_nominatim_historico
50004,41.3388995,-1.2698053,centroide_nominatim_historico
50005,41.294514,-1.0464601,centroide_nominatim_historico
50006,41.816236,-1.5198464,centroide_nominatim_historico
50007,41.2492023,-1.1557811,centroide_nominatim_historico
50008,41.7711121,-1.1188807,centroide_nominatim_historico
50009,41.2045968,-1.6129481,centroide_nominatim_historico
50010,41.8202772,-1.4709561,centroide_nominatim_historico
50011,41.8267352,-1.500093,centroide_nominatim_historico
50012,41.3344672,-0.3570756,centroide_nominatim_historico
50013,41.8140364,-1.194081,centroide_nominatim_historico
50014,41.7863271,-1.6969822,centroide_nominatim_historico
50015,41.2040862,-2.1220539,centroide_nominatim_historico
50016,41.0642215,-1.7005882,centroide_nominatim_historico
50017,41.6137838,-0.7036902,centroide_nominatim_historico
50018,41.4383641,-1.2431728,centroide_nominatim_historico
50019,41.3304407,-0.3857483,centroide_nominatim_historico
50020,41.2965036,-1.8949513,centroide_nominatim_historico
50022,41.5543747,-0.2123109,centroide_nominatim_historico
50023,41.2802511,-0.7930118,centroide_nominatim_historico
50024,41.3971069,-1.3235508,centroide_nominatim_historico
50025,41.4778296,-1.3729243,centroide_nominatim_historico
50026,41.4221759,-1.3804337,centroide_nominatim_historico
50027,41.7953524,-1.615602,centroide_nominatim_historico
50028,41.0700726,-1.3333288,centroide_nominatim_historico
50029,41.4454871,-1.7049546,centroide_nominatim_historico
50030,41.7786064,-1.7211497,centroide_nominatim_historico
50031,41.5774022,-1.7916285,centroide_nominatim_historico
50032,41.5099059,-1.5006902,centroide_nominatim_historico
50033,42.2016921,-0.7590935,centroide_nominatim_historico
50034,41.3103593,-2.0555644,centroide_nominatim_historico
50035,42.586845,-0.9834508,centroide_nominatim_historico
50036,42.283691,-1.0466465,centroide_nominatim_historico
50037,41.160105,-1.5545624,centroide_nominatim_historico
50038,41.3308277,-1.7928985,centroide_nominatim_historico
50039,41.2578076,-0.8695188,centroide_nominatim_historico
50040,41.1380273,-1.2517957,centroide_nominatim_historico
50041,42.5493106,-0.9459128,centroide_nominatim_historico
50043,41.7124238,-1.1879274,centroide_nominatim_historico
50044,41.6839075,-1.2122682,centroide_nominatim_historico
50045,41.3061444,-0.7547209,centroide_nominatim_historico
50046,41.3128783,-1.5377408,centroide_nominatim_historico
50048,40.9905734,-1.4668813,centroide_nominatim_historico
50051,42.2621423,-1.1873682,centroide_nominatim_historico
50052,41.8560133,-1.4433266,centroide_nominatim_historico
50053,41.8481709,-1.2519755,centroide_nominatim_historico
50054,41.4166975,-2.0784744,centroide_nominatim_historico
50055,41.8348235,-1.5337542,centroide_nominatim_historico
50056,41.5070732,-1.0309569,centroide_nominatim_historico
50057,41.5232308,-1.6007466,centroide_nominatim_historico
50058,41.3143781,-1.8537739,centroide_nominatim_historico
50059,41.4979089,-0.1511751,centroide_nominatim_historico
50060,41.8177167,-1.6025667,centroide_nominatim_historico
50061,41.8168992,-1.4882023,centroide_nominatim_historico
50062,41.5716604,-0.7424788,centroide_nominatim_historico
50063,41.88607,-1.6014515,centroide_nominatim_historico
50064,41.7945931,-1.1624759,centroide_nominatim_historico
50065,41.2114483,-2.0395394,centroide_nominatim_historico
50066,41.5556662,-0.9611928,centroide_nominatim_historico
50067,41.3527628,-1.6422977,centroide_nominatim_historico
50068,41.5222363,-1.3464441,centroide_nominatim_historico
50069,41.6552887,-1.7181092,centroide_nominatim_historico
50070,41.1578953,-1.9117558,centroide_nominatim_historico
50071,41.1260772,-1.8431034,centroide_nominatim_historico
50072,41.2777659,-1.7974802,centroide_nominatim_historico
50073,41.3382122,-1.2263149,centroide_nominatim_historico
50901,42.3868638,-0.9357054,centroide_nominatim_historico
51001,35.894422,-5.3558174,centroide_nominatim_historico
52001,35.2929115,-2.9507202,centroide_nominatim_historico
06002,38.6479821,-6.486997,centroide_nominatim_historico
06004,38.7851386,-6.2472718,centroide_nominatim_historico
06007,38.5167174,-7.0709841,centroide_nominatim_historico
06010,38.613547,-6.8224367,centroide_nominatim_historico
06011,38.6846791,-6.4067802,centroide_nominatim_historico
06015,38.878187,-6.9701115,centroide_nominatim_historico
07001,39.7061528,2.7907216,centroide_nominatim_historico
07002,39.9337077,4.1397673,centroide_nominatim_historico
07004,39.5589416,2.8943429,centroide_nominatim_historico
07005,39.5745956,2.4202061,centroide_nominatim_historico
08002,41.7394902,1.6316676,centroide_nominatim_historico
08006,41.5797031,2.5491562,centroide_nominatim_historico
08011,42.0774337,1.8221304,centroide_nominatim_historico
08013,41.3559709,1.7823978,centroide_nominatim_historico
08015,41.4493539,2.248254,centroide_nominatim_historico
08016,42.2527659,1.8625903,centroide_nominatim_historico
09001,42.623387,-3.581355,centroide_nominatim_historico
09003,41.5949919,-3.822566,centroide_nominatim_historico
09006,42.7164495,-3.5030822,centroide_nominatim_historico
09007,42.5906726,-3.3277768,centroide_nominatim_historico
09009,42.2764472,-3.7909197,centroide_nominatim_historico
09011,42.8958175,-3.842537,centroide_nominatim_historico
09012,42.9426597,-3.9446275,centroide_nominatim_historico
09013,42.6032004,-3.0771775,centroide_nominatim_historico
09014,42.7811566,-3.6202096,centroide_nominatim_historico
09016,42.6560702,-3.0611514,centroide_nominatim_historico
09017,41.7536922,-3.9324525,centroide_nominatim_historico
09018,41.6715067,-3.6851172,centroide_nominatim_historico
09019,41.7376945,-3.4297936,centroide_nominatim_historico
09020,41.8595865,-3.3880076,centroide_nominatim_historico
09021,41.8195157,-3.4120266,centroide_nominatim_historico
09022,41.7982057,-3.4223744,centroide_nominatim_historico
09023,42.2652637,-3.7555708,centroide_nominatim_historico
09024,42.3558474,-4.2337768,centroide_nominatim_historico
09025,42.9916248,-3.9451961,centroide_nominatim_historico
09026,42.322506,-3.459265,centroide_nominatim_historico
09027,42.4145422,-3.3973407,centroide_nominatim_historico
09029,42.3768153,-3.5073517,centroide_nominatim_historico
09030,42.2261199,-3.5909355,centroide_nominatim_historico
09032,41.9834994,-3.8257745,centroide_nominatim_historico
09033,41.8613881,-3.7292698,centroide_nominatim_historico
09034,42.2147696,-4.0633841,centroide_nominatim_historico
09035,41.7700928,-3.5559268,centroide_nominatim_historico
09037,42.1507572,-3.1743638,centroide_nominatim_historico
09038,42.0388829,-3.3582471,centroide_nominatim_historico
09039,42.1200477,-3.2284599,centroide_nominatim_historico
09041,42.175337,-4.0072058,centroide_nominatim_historico
09043,42.6250305,-3.3884899,centroide_nominatim_historico
09044,42.3956912,-3.4608358,centroide_nominatim_historico
09045,42.7028611,-3.9893958,centroide_nominatim_historico
09047,42.168718,-4.0127101,centroide_nominatim_historico
09048,42.4197032,-3.1917821,centroide_nominatim_historico
09050,42.9198502,-3.0594587,centroide_nominatim_historico
09051,41.6892721,-3.8735919,centroide_nominatim_historico
09054,42.7265604,-3.0860117,centroide_nominatim_historico
09055,41.717424,-3.3669996,centroide_nominatim_historico
09056,42.549796,-3.3218059,centroide_nominatim_historico
09057,42.6495414,-3.0176193,centroide_nominatim_historico
09058,42.3107862,-3.8225965,centroide_nominatim_historico
09059,42.343926,-3.696977,centroide_nominatim_historico
09060,42.6591582,-3.2650205,centroide_nominatim_historico
09061,41.8307221,-3.7853541,centroide_nominatim_historico
09062,41.9343089,-3.2418285,centroide_nominatim_historico
09063,42.2848973,-3.8475054,centroide_nominatim_historico
09064,41.8252955,-3.4870326,centroide_nominatim_historico
09065,41.6107659,-3.7305204,centroide_nominatim_historico
09066,42.1193977,-3.4271819,centroide_nominatim_historico
09067,41.9370583,-3.0413238,centroide_nominatim_historico
09068,42.734353,-3.4670984,centroide_nominatim_historico
09071,42.5783936,-3.4982038,centroide_nominatim_historico
09072,42.2870348,-3.6219998,centroide_nominatim_historico
09073,42.3007027,-3.667743,centroide_nominatim_historico
09074,42.3303559,-3.6208379,centroide_nominatim_historico
09075,42.3593611,-3.5600242,centroide_nominatim_historico
09077,42.6794782,-3.2378381,centroide_nominatim_historico
09078,42.0619334,-3.4002726,centroide_nominatim_historico
09079,42.3289446,-4.033354,centroide_nominatim_historico
09082,42.4372642,-3.0848612,centroide_nominatim_historico
09083,42.4837724,-3.3844208,centroide_nominatim_historico
09084,41.9864699,-3.2363146,centroide_nominatim_historico
09085,41.6519593,-3.7806462,centroide_nominatim_historico
09086,42.3140713,-3.5846841,centroide_nominatim_historico
09088,42.5150153,-4.252278,centroide_nominatim_historico
09090,42.3078072,-4.1722363,centroide_nominatim_historico
09091,42.2883697,-4.1406403,centroide_nominatim_historico
09093,42.2730934,-3.8203405,centroide_nominatim_historico
09094,41.9843991,-3.596321,centroide_nominatim_historico
09095,42.26278,-3.9344242,centroide_nominatim_historico
09098,42.4919916,-3.1356369,centroide_nominatim_historico
09100,42.4236317,-3.3744439,centroide_nominatim_historico
09101,42.1592689,-3.9341394,centroide_nominatim_historico
09102,42.7824799,-3.3582255,centroide_nominatim_historico
09103,41.8841088,-3.7963274,centroide_nominatim_historico
09104,41.9047903,-3.6606354,centroide_nominatim_historico
09105,41.9058747,-3.5299981,centroide_nominatim_historico
09108,42.2015894,-3.6985858,centroide_nominatim_historico
09109,42.7163048,-2.7053317,centroide_nominatim_historico
09110,42.0197874,-3.4104416,centroide_nominatim_historico
09112,41.7657004,-3.3905895,centroide_nominatim_historico
09113,42.0592944,-3.5201803,centroide_nominatim_historico
09114,42.1684304,-3.6105135,centroide_nominatim_historico
09115,42.640148,-3.2060056,centroide_nominatim_historico
09117,41.6471809,-3.9326028,centroide_nominatim_historico
09119,42.1300713,-3.5688189,centroide_nominatim_historico
09120,42.6683531,-3.0843048,centroide_nominatim_historico
09122,41.8967066,-3.4688486,centroide_nominatim_historico
09123,42.4055584,-3.2796725,centroide_nominatim_historico
09124,43.0766376,-3.5520277,centroide_nominatim_historico
09125,42.2768521,-3.8981555,centroide_nominatim_historico
09127,41.9428631,-3.7384163,centroide_nominatim_historico
09128,42.3097248,-3.8376636,centroide_nominatim_historico
09129,42.3152939,-3.1360093,centroide_nominatim_historico
09130,42.4141555,-3.134669,centroide_nominatim_historico
09131,41.647788,-3.6457363,centroide_nominatim_historico
09132,42.4595758,-3.1740093,centroide_nominatim_historico
09133,42.4196959,-3.4846875,centroide_nominatim_historico
09134,42.7617467,-3.2939646,centroide_nominatim_historico
09135,42.6340379,-3.2350577,centroide_nominatim_historico
09136,41.6284256,-3.8678285,centroide_nominatim_historico
09137,41.5910569,-3.6401714,centroide_nominatim_historico
09138,41.6218103,-3.9012949,centroide_nominatim_historico
09139,41.6047416,-3.8499883,centroide_nominatim_historico
09140,41.5274546,-3.7545241,centroide_nominatim_historico
09141,41.6323892,-3.6853483,centroide_nominatim_historico
09143,42.5279739,-3.4382172,centroide_nominatim_historico
09144,41.8987863,-3.2637004,centroide_nominatim_historico
09148,42.4302456,-4.1189988,centroide_nominatim_historico
09149,42.5913666,-3.264126,centroide_nominatim_historico
09151,41.772825,-3.6878244,centroide_nominatim_historico
09152,41.7569677,-3.8023633,centroide_nominatim_historico
09154,41.9850692,-3.2871138,centroide_nominatim_historico
09155,41.6210565,-3.8310662,centroide_nominatim_historico
09159,42.3126025,-4.0444754,centroide_nominatim_historico
09160,41.5826524,-3.7958319,centroide_nominatim_historico
09162,42.1891184,-3.6425771,centroide_nominatim_historico
09163,41.8484523,-3.1629214,centroide_nominatim_historico
09164,41.7446524,-3.5198104,centroide_nominatim_historico
09166,42.5239901,-3.9059746,centroide_nominatim_historico
09167,42.3385369,-3.9259523,centroide_nominatim_historico
09168,41.7402299,-3.8752323,centroide_nominatim_historico
09169,42.0684401,-3.425765,centroide_nominatim_historico
09170,41.6595641,-3.8613846,centroide_nominatim_historico
09172,42.5226323,-3.7712031,centroide_nominatim_historico
09173,42.1166474,-3.0820186,centroide_nominatim_historico
09174,41.8401218,-3.3480473,centroide_nominatim_historico
09175,42.6679688,-4.0837157,centroide_nominatim_historico
09176,42.4064376,-3.6136387,centroide_nominatim_historico
09177,42.3316845,-3.5358434,centroide_nominatim_historico
09178,42.4541673,-3.0826424,centroide_nominatim_historico
09179,41.9744459,-3.8469783,centroide_nominatim_historico
09180,42.2975797,-3.989185,centroide_nominatim_historico
09181,42.3615993,-3.9304431,centroide_nominatim_historico
09182,42.2898425,-4.2442995,centroide_nominatim_historico
09183,42.1151721,-3.3125095,centroide_nominatim_historico
09190,42.9538972,-3.0679014,centroide_nominatim_historico
09192,42.8380059,-3.176831,centroide_nominatim_historico
09194,42.0262334,-3.7559335,centroide_nominatim_historico
09195,42.6244785,-3.4589436,centroide_nominatim_historico
09196,42.1446198,-3.675334,centroide_nominatim_historico
09197,42.1244801,-3.7248736,centroide_nominatim_historico
09198,42.1200649,-3.9409416,centroide_nominatim_historico
09199,41.6669494,-3.9848011,centroide_nominatim_historico
09200,42.0949074,-3.4613668,centroide_nominatim_historico
09201,41.927038,-3.362244,centroide_nominatim_historico
09206,42.2064052,-3.917864,centroide_nominatim_historico
09208,42.0955345,-3.5741907,centroide_nominatim_historico
09209,42.9322092,-3.4861165,centroide_nominatim_historico
09211,42.4036374,-4.2469137,centroide_nominatim_historico
09213,42.858023,-3.4378353,centroide_nominatim_historico
09214,43.0636672,-3.4868066,centroide_nominatim_historico
09215,43.0374533,-3.6287009,centroide_nominatim_historico
09216,43.0124136,-3.7706887,centroide_nominatim_historico
09217,42.8247133,-3.5466529,centroide_nominatim_historico
09218,41.5752405,-3.6980329,centroide_nominatim_historico
09219,42.6855632,-2.9478451,centroide_nominatim_historico
09220,42.6743332,-3.1991375,centroide_nominatim_historico
09221,42.2599799,-3.6593957,centroide_nominatim_historico
09223,42.0507106,-3.1931525,centroide_nominatim_historico
09224,42.4580177,-3.4675464,centroide_nominatim_historico
09225,41.9543436,-3.1993036,centroide_nominatim_historico
09226,42.1491104,-3.1131226,centroide_nominatim_historico
09227,42.5852589,-3.7767155,centroide_nominatim_historico
09228,41.5518807,-3.7917008,centroide_nominatim_historico
09229,41.6120189,-3.9630565,centroide_nominatim_historico
09231,41.9685521,-3.6341657,centroide_nominatim_historico
09232,42.0601046,-2.9970186,centroide_nominatim_historico
09235,41.7836695,-3.9340194,centroide_nominatim_historico
09236,42.2028204,-3.9398962,centroide_nominatim_historico
09238,42.7343909,-3.413458,centroide_nominatim_historico
09239,41.8315653,-3.7034821,centroide_nominatim_historico
09241,42.3600672,-3.5849447,centroide_nominatim_historico
09242,42.4074692,-4.1767266,centroide_nominatim_historico
09243,42.4382653,-4.1932038,centroide_nominatim_historico
09244,42.7057482,-3.53218,centroide_nominatim_historico
09246,41.9639356,-3.1282384,centroide_nominatim_historico
09247,42.3433567,-4.2568616,centroide_nominatim_historico
09248,42.211946,-3.4601818,centroide_nominatim_historico
09249,42.1966199,-3.9890626,centroide_nominatim_historico
09250,42.2061659,-3.9871757,centroide_nominatim_historico
09251,42.6353553,-3.1109887,centroide_nominatim_historico
09253,41.5517433,-3.7110923,centroide_nominatim_historico
09255,42.7248935,-3.2105357,centroide_nominatim_historico
09256,41.7123411,-3.9869811,centroide_nominatim_historico
09257,42.4412181,-3.9737005,centroide_nominatim_historico
09258,42.2496567,-4.1992265,centroide_nominatim_historico
09259,42.409941,-3.8217817,centroide_nominatim_historico
09261,41.6882886,-3.4799443,centroide_nominatim_historico
09262,42.0760549,-4.0771698,centroide_nominatim_historico
09265,42.5901504,-3.4131187,centroide_nominatim_historico
09266,42.2161087,-3.2972245,centroide_nominatim_historico
09267,41.9086885,-3.6956524,centroide_nominatim_historico
09268,41.9180505,-3.3041718,centroide_nominatim_historico
09270,41.873491,-3.619404,centroide_nominatim_historico
09272,42.6669682,-3.5018934,centroide_nominatim_historico
09273,42.5027424,-3.3477004,centroide_nominatim_historico
09274,42.3240754,-3.2011736,centroide_nominatim_historico
09275,42.1859701,-3.9013025,centroide_nominatim_historico
09276,42.7665947,-2.8308646,centroide_nominatim_historico
09277,42.042031,-3.5830801,centroide_nominatim_historico
09279,41.7010286,-3.5751661,centroide_nominatim_historico
09280,42.586161,-3.3664052,centroide_nominatim_historico
09281,41.7595385,-3.7509232,centroide_nominatim_historico
09283,42.6693759,-3.2987332,centroide_nominatim_historico
09287,42.4501431,-3.6834145,centroide_nominatim_historico
09288,42.4084263,-3.5345514,centroide_nominatim_historico
09289,41.9816833,-3.0413087,centroide_nominatim_historico
09292,42.4817142,-3.4241465,centroide_nominatim_historico
09294,41.9888129,-3.7681497,centroide_nominatim_historico
09295,41.9787884,-3.5176199,centroide_nominatim_historico
09297,42.3723251,-3.8437002,centroide_nominatim_historico
09298,42.5482373,-3.1931626,centroide_nominatim_historico
09301,42.414355,-3.6886408,centroide_nominatim_historico
09302,41.8938326,-3.1966167,centroide_nominatim_historico
09303,42.319986,-3.2702341,centroide_nominatim_historico
09304,42.3401932,-3.8341082,centroide_nominatim_historico
09306,42.6889148,-4.2271223,centroide_nominatim_historico
09307,42.4379725,-3.0651553,centroide_nominatim_historico
09309,41.9601019,-2.9841395,centroide_nominatim_historico
09311,42.0296682,-3.5065409,centroide_nominatim_historico
09312,42.012589,-3.3309834,centroide_nominatim_historico
09314,42.2117838,-3.5400609,centroide_nominatim_historico
09315,42.2304991,-3.6527718,centroide_nominatim_historico
09316,42.1470153,-4.1339604,centroide_nominatim_historico
09317,42.5156436,-4.238958,centroide_nominatim_historico
09318,42.1525792,-3.1973947,centroide_nominatim_historico
09321,41.6966212,-3.9284274,centroide_nominatim_historico
09323,42.5782752,-3.4422375,centroide_nominatim_historico
09325,41.9989528,-3.9582255,centroide_nominatim_historico
09326,42.3877898,-3.573971,centroide_nominatim_historico
09327,42.5534049,-3.5017388,centroide_nominatim_historico
09328,42.7515741,-3.5415035,centroide_nominatim_historico
09329,42.6923,-3.4731994,centroide_nominatim_historico
09330,42.0220376,-3.2880776,centroide_nominatim_historico
09332,42.2577067,-3.6851708,centroide_nominatim_historico
09335,42.2741651,-3.4755771,centroide_nominatim_historico
09337,41.6834075,-3.5220473,centroide_nominatim_historico
09338,42.3364498,-3.7940524,centroide_nominatim_historico
09339,41.6413076,-3.99085,centroide_nominatim_historico
09340,42.1363624,-3.345226,centroide_nominatim_historico
09343,42.0522264,-3.802824,centroide_nominatim_historico
09345,41.5948858,-3.5944326,centroide_nominatim_historico
09346,42.3051485,-3.2227788,centroide_nominatim_historico
09347,42.7150547,-3.0590421,centroide_nominatim_historico
09348,42.0382705,-3.7028525,centroide_nominatim_historico
09350,42.1319646,-3.9754561,centroide_nominatim_historico
09351,42.4428531,-3.4377738,centroide_nominatim_historico
09352,41.8600273,-3.559039,centroide_nominatim_historico
09354,42.4786307,-3.439743,centroide_nominatim_historico
09355,41.8336543,-3.7588164,centroide_nominatim_historico
09358,41.962597,-3.4185675,centroide_nominatim_historico
09361,42.7689435,-3.8721491,centroide_nominatim_historico
09362,42.259659,-3.6978927,centroide_nominatim_historico
09363,42.4179379,-4.0432798,centroide_nominatim_historico
09365,41.5638715,-3.8165088,centroide_nominatim_historico
09366,41.971418,-3.6586441,centroide_nominatim_historico
09368,42.4619774,-4.1068703,centroide_nominatim_historico
09369,41.7780479,-3.8257716,centroide_nominatim_historico
09372,42.4099668,-3.7127498,centroide_nominatim_historico
09373,42.5788583,-4.1770058,centroide_nominatim_historico
09374,42.4715972,-3.9247468,centroide_nominatim_historico
09375,42.2723225,-3.9905439,centroide_nominatim_historico
09377,42.3488737,-3.8186139,centroide_nominatim_historico
09378,41.9524564,-3.535309,centroide_nominatim_historico
09380,41.8200951,-3.84288,centroide_nominatim_historico
09381,42.17271,-3.3629645,centroide_nominatim_historico
09382,42.4838628,-3.9389483,centroide_nominatim_historico
09384,42.0460696,-3.8653108,centroide_nominatim_historico
09386,42.0950629,-3.6937373,centroide_nominatim_historico
09387,41.5826767,-3.7523294,centroide_nominatim_historico
09388,42.1663038,-3.5167991,centroide_nominatim_historico
09389,42.0436922,-3.9370054,centroide_nominatim_historico
09390,41.829831,-3.9100954,centroide_nominatim_historico
09391,41.8164583,-4.0212511,centroide_nominatim_historico
09392,42.4141088,-3.2424229,centroide_nominatim_historico
09394,42.8025289,-3.3905472,centroide_nominatim_historico
09395,42.7090683,-3.8034079,centroide_nominatim_historico
09396,41.8017679,-3.5866896,centroide_nominatim_historico
09398,42.6192167,-3.8447275,centroide_nominatim_historico
09400,41.639997,-3.5719867,centroide_nominatim_historico
09403,41.833454,-3.5287921,centroide_nominatim_historico
09405,41.6023916,-3.9305323,centroide_nominatim_historico
09406,42.1716923,-3.7089469,centroide_nominatim_historico
09407,42.3050748,-3.255344,centroide_nominatim_historico
09408,42.5885237,-3.2048503,centroide_nominatim_historico
09410,43.1094373,-3.2949068,centroide_nominatim_historico
09411,42.4385478,-3.3256339,centroide_nominatim_historico
09412,42.8059696,-3.2539819,centroide_nominatim_historico
09413,42.9694166,-3.8266075,centroide_nominatim_historico
09414,42.1034698,-3.1558828,centroide_nominatim_historico
09415,42.7184798,-4.104153,centroide_nominatim_historico
09417,42.1823695,-4.1520827,centroide_nominatim_historico
09418,42.1199335,-4.0778341,centroide_nominatim_historico
09419,42.572554,-3.1198541,centroide_nominatim_historico
09421,41.6288929,-3.48816,centroide_nominatim_historico
09422,42.6331952,-3.3013271,centroide_nominatim_historico
09423,42.6221486,-3.3239409,centroide_nominatim_historico
09424,42.4264666,-3.1003951,centroide_nominatim_historico
09425,41.9520417,-3.0781122,centroide_nominatim_historico
09427,42.5147918,-4.0107323,centroide_nominatim_historico
09428,41.727792,-4.0165272,centroide_nominatim_historico
09429,42.4149504,-3.4184599,centroide_nominatim_historico
09430,42.0997383,-3.4040923,centroide_nominatim_historico
09431,42.3883784,-3.3086147,centroide_nominatim_historico
09432,41.9175141,-3.9122928,centroide_nominatim_historico
09434,42.3017566,-3.733804,centroide_nominatim_historico
09437,42.0773181,-3.9126109,centroide_nominatim_historico
09438,41.6825764,-3.7437137,centroide_nominatim_historico
09439,42.3470908,-3.7796129,centroide_nominatim_historico
09440,41.807094,-3.6252649,centroide_nominatim_historico
09441,42.2473312,-3.9843067,centroide_nominatim_historico
09442,42.0481459,-3.7420888,centroide_nominatim_historico
09443,42.1059603,-3.76587,centroide_nominatim_historico
09444,42.4593941,-4.1198699,centroide_nominatim_historico
09445,42.4051648,-3.261804,centroide_nominatim_historico
09446,42.1608548,-4.1462672,centroide_nominatim_historico
09447,42.1915528,-3.4174828,centroide_nominatim_historico
09448,42.180034,-3.7734699,centroide_nominatim_historico
09449,42.3804783,-3.933169,centroide_nominatim_historico
09450,41.9854996,-3.3234783,centroide_nominatim_historico
09451,41.7377866,-3.6267453,centroide_nominatim_historico
09454,42.6488808,-3.1635397,centroide_nominatim_historico
09455,42.2828862,-4.1001439,centroide_nominatim_historico
09456,42.2268384,-4.0087348,centroide_nominatim_historico
09458,42.269929,-3.7329673,centroide_nominatim_historico
09460,42.3714082,-4.1097601,centroide_nominatim_historico
09463,42.3082255,-3.3938217,centroide_nominatim_historico
09464,41.8153167,-3.8810981,centroide_nominatim_historico
09466,42.160431,-3.8151528,centroide_nominatim_historico
09467,42.1605481,-4.0508335,centroide_nominatim_historico
09471,42.3954921,-3.6394988,centroide_nominatim_historico
09472,42.1983071,-4.0165214,centroide_nominatim_historico
09473,42.468108,-4.0169491,centroide_nominatim_historico
09476,42.1682973,-3.4420655,centroide_nominatim_historico
09478,42.1018113,-3.2669089,centroide_nominatim_historico
09480,42.1098268,-3.824322,centroide_nominatim_historico
09482,42.5359838,-4.2680635,centroide_nominatim_historico
09483,41.6954792,-3.5542511,centroide_nominatim_historico
09485,42.6048358,-3.2264746,centroide_nominatim_historico
09901,42.0431309,-3.6530461,centroide_nominatim_historico
09902,42.4828441,-3.8137899,centroide_nominatim_historico
09903,42.9338207,-3.5878851,centroide_nominatim_historico
09904,42.4828549,-3.5827528,centroide_nominatim_historico
09905,42.7405467,-3.7151121,centroide_nominatim_historico
09906,42.5511918,-3.6647401,centroide_nominatim_historico
09907,42.4086943,-3.7497753,centroide_nominatim_historico
09908,42.9872103,-3.2257037,centroide_nominatim_historico
01001,42.829133,-2.5110825,ancla_actual
01002,43.05,-3.0,ancla_actual
01003,43.0459861,-2.5936346,ancla_actual
01004,43.12145,-3.12972,ancla_actual
01006,42.72313,-2.87172,ancla_actual
01008,42.9242632,-2.6143292,ancla_actual
01009,42.8942433,-2.3160038,ancla_actual
01010,43.0754914,-3.0782746,ancla_actual
01011,42.5227521,-2.6749314,ancla_actual
01013,42.9117237,-2.4928981,ancla_actual
01014,42.68254,-2.85832,ancla_actual
01016,42.62663,-2.49784,ancla_actual
01017,42.6866556,-2.3608927,ancla_actual
01018,42.9686818,-2.7307028,ancla_actual
01019,42.59113,-2.51656,ancla_actual
01020,42.8957906,-2.935609,ancla_actual
01021,42.865049,-2.547202,ancla_actual
01022,42.51569,-2.61897,ancla_actual
01023,42.5620561,-2.5405537,ancla_actual
01027,42.83555,-2.4297,ancla_actual
01028,42.58974,-2.79568,ancla_actual
01030,42.62625,-2.58385,ancla_actual
01031,42.55461,-2.58528,ancla_actual
01032,42.5441189,-2.4999267,ancla_actual
01033,42.49455,-2.57341,ancla_actual
01034,42.56552,-2.63324,ancla_actual
01036,43.1384347,-2.9777016,ancla_actual
01037,42.7491148,-2.4452467,ancla_actual
01039,42.52571,-2.40828,ancla_actual
01041,42.54566,-2.6265,ancla_actual
01042,43.1684875,-3.0179297,ancla_actual
01043,42.5445645,-2.4328496,ancla_actual
01044,42.6383155,-2.7005451,ancla_actual
01046,42.802459,-2.9251234,ancla_actual
01047,42.7244909,-2.9027603,ancla_actual
01049,42.8137375,-2.9916165,ancla_actual
01051,42.8384361,-2.3871359,ancla_actual
01052,42.56854,-2.67974,ancla_actual
01053,42.87118,-2.4115,ancla_actual
01054,42.96625,-2.9208979,ancla_actual
01055,42.84777,-3.09883,ancla_actual
01056,42.7572091,-2.3183768,ancla_actual
01057,42.54787,-2.66552,ancla_actual
01058,42.978,-2.64237,ancla_actual
01059,42.84998,-2.67268,ancla_actual
01060,42.5555162,-2.4687056,ancla_actual
01061,42.88552,-2.34747,ancla_actual
01062,42.66102,-2.87909,ancla_actual
01063,42.9843849,-2.8358895,ancla_actual
01901,42.8265197,-2.8194319,ancla_actual
01902,42.7554065,-3.0139769,ancla_actual
02001,39.21667,-1.53333,ancla_actual
02002,39.09495,-1.36098,ancla_actual
02003,38.98289,-1.94065,ancla_actual
02004,38.57057,-1.5221,ancla_actual
02005,39.28333,-1.38333,ancla_actual
02006,38.64916,-1.97998,ancla_actual
02007,39.19313,-1.43017,ancla_actual
02008,38.6668,-2.49105,ancla_actual
02009,38.86917,-1.09713,ancla_actual
02010,38.95866,-1.23052,ancla_actual
02011,38.55,-2.08333,ancla_actual
02012,38.88444,-2.1518,ancla_actual
02013,39.26667,-1.2,ancla_actual
02014,38.84179,-2.45608,ancla_actual
02015,39.04607,-2.20152,ancla_actual
02016,38.51716,-2.61087,ancla_actual
02017,38.58139,-2.2129,ancla_actual
02018,38.87136,-1.34851,ancla_actual
02019,38.95048,-2.54048,ancla_actual
02020,39.10202,-1.30879,ancla_actual
02021,39.1019,-1.55821,ancla_actual
02022,38.77056,-2.24044,ancla_actual
02023,39.25,-1.33333,ancla_actual
02024,39.28333,-1.46667,ancla_actual
02025,38.70679,-0.98723,ancla_actual
02026,39.3,-1.65,ancla_actual
02027,38.83462,-1.46034,ancla_actual
02028,38.43115,-2.5055,ancla_actual
02029,38.92088,-1.72018,ancla_actual
02030,38.45123,-2.0476,ancla_actual
02031,38.35,-2.0,ancla_actual
02032,39.23333,-2.06667,ancla_actual
02033,38.69288,-1.43158,ancla_actual
02034,39.26667,-1.55,ancla_actual
02035,39.11452,-1.99603,ancla_actual
02036,39.23333,-1.63333,ancla_actual
02037,38.5106,-1.70096,ancla_actual
02038,38.96282,-2.12677,ancla_actual
02039,38.96371,-1.4437,ancla_actual
02040,38.9579,-1.55679,ancla_actual
02041,39.16667,-1.51667,ancla_actual
02042,38.36626,-2.10206,ancla_actual
02043,38.9497,-2.35419,ancla_actual
02044,38.54267,-1.95367,ancla_actual
02045,39.23333,-1.8,ancla_actual
02046,39.21667,-1.73333,ancla_actual
02047,38.71833,-2.3161,ancla_actual
02048,39.27052,-2.32176,ancla_actual
02049,38.46717,-2.23939,ancla_actual
02050,39.16667,-2.01667,ancla_actual
02051,38.78856,-1.32722,ancla_actual
02052,39.18333,-1.78333,ancla_actual
02053,39.04217,-2.48068,ancla_actual
02054,39.28333,-1.71667,ancla_actual
02055,38.14751,-2.30202,ancla_actual
02056,38.61509,-1.49724,ancla_actual
02057,38.96398,-2.74553,ancla_actual
02058,38.59751,-2.34421,ancla_actual
02059,38.67215,-2.40991,ancla_actual
02060,38.7288,-2.005,ancla_actual
02061,38.82628,-1.55662,ancla_actual
02062,38.70022,-2.60212,ancla_actual
02063,38.72095,-1.91192,ancla_actual
02064,39.07632,-1.50699,ancla_actual
02065,38.80989,-2.10101,ancla_actual
02066,39.18333,-1.48333,ancla_actual
02067,38.5,-2.45,ancla_actual
02068,38.75807,-2.45042,ancla_actual
02069,39.20735,-2.15723,ancla_actual
02070,38.59297,-2.55038,ancla_actual
02071,38.82493,-2.18276,ancla_actual
02072,38.33232,-1.98485,ancla_actual
02073,39.25,-1.91667,ancla_actual
02074,38.59213,-1.69191,ancla_actual
02075,39.13514,-1.67703,ancla_actual
02076,38.63316,-2.50045,ancla_actual
02077,39.2,-1.23333,ancla_actual
02078,39.3194875,-2.044672,ancla_actual
02079,39.36667,-1.58333,ancla_actual
02080,38.575,-2.63384,ancla_actual
02081,39.26992,-2.60119,ancla_actual
02082,39.3229455,-1.3320477,ancla_actual
02083,39.12646,-1.45712,ancla_actual
02084,38.45525,-2.51782,ancla_actual
02085,38.7726,-2.57449,ancla_actual
02086,38.36852,-2.31756,ancla_actual
02901,38.7828011,-1.7597101,ancla_actual
03001,38.84819,-0.15324,ancla_actual
03002,38.44003,-0.63836,ancla_actual
03003,38.78333,-0.51667,ancla_actual
03004,38.5,-0.35,ancla_actual
03005,38.17902,-0.87059,ancla_actual
03006,38.75038,-0.04013,ancla_actual
03007,38.79501,-0.40244,ancla_actual
03008,38.6648933,-0.3274626,ancla_actual
03009,38.70545,-0.47432,ancla_actual
03010,38.77339,-0.55551,ancla_actual
03011,38.58055,-0.10321,ancla_actual
03012,38.08636,-0.79646,ancla_actual
03013,38.33905,-1.00433,ancla_actual
03014,38.34517,-0.48149,ancla_actual
03015,38.10879,-0.79197,ancla_actual
03016,38.75999,-0.35149,ancla_actual
03017,38.7702446,-0.4188283,ancla_actual
03018,38.59878,-0.05151,ancla_actual
03019,38.34511,-0.76721,ancla_actual
03020,38.73726,-0.34324,ancla_actual
03021,38.71667,-0.65,ancla_actual
03022,38.69047,-0.34278,ancla_actual
03023,38.7,-0.76667,ancla_actual
03024,38.07728,-0.83942,ancla_actual
03025,38.14129,-0.96212,ancla_actual
03026,38.82232,-0.0021,ancla_actual
03027,38.68433,-0.21629,ancla_actual
03028,38.82019,-0.37741,ancla_actual
03029,38.7468673,-0.1158063,ancla_actual
03030,38.79278,-0.02992,ancla_actual
03031,38.53816,-0.13098,ancla_actual
03032,38.66259,-0.39994,ancla_actual
03033,38.67395,-0.2292,ancla_actual
03034,38.07785,-0.7368,ancla_actual
03035,38.70012,-0.38998,ancla_actual
03036,38.75397,-0.37991,ancla_actual
03037,38.67709,-0.21057,ancla_actual
03038,38.7759,-0.39079,ancla_actual
03039,38.75,-0.28333,ancla_actual
03040,38.82362,-0.04221,ancla_actual
03041,38.71492,0.04849,ancla_actual
03042,38.7246356,0.1486441,ancla_actual
03043,38.63117,-0.76458,ancla_actual
03044,38.06237,-0.89841,ancla_actual
03045,38.67529,-0.11184,ancla_actual
03046,38.48206,-0.41918,ancla_actual
03047,38.6447,0.0445,ancla_actual
03048,38.65,-0.11667,ancla_actual
03049,38.12497,-0.87822,ancla_actual
03050,38.42885,-0.39774,ancla_actual
03051,38.7036853,-0.8019933,ancla_actual
03052,38.6739,-0.8133,ancla_actual
03053,38.59694,-0.67207,ancla_actual
03054,38.72555,-0.19242,ancla_actual
03055,38.16061,-0.80209,ancla_actual
03056,38.73975,-0.43976,ancla_actual
03057,38.68451,-0.2689,ancla_actual
03058,38.14164,-0.88736,ancla_actual
03059,38.2346394,-0.8143233,ancla_actual
03060,38.7166004,-0.3145288,ancla_actual
03061,38.11313,-0.76028,ancla_actual
03062,38.1048,-0.73804,ancla_actual
03063,38.84078,0.10574,ancla_actual
03064,38.14002,-0.77088,ancla_actual
03065,38.26218,-0.70107,ancla_actual
03066,38.47783,-0.79157,ancla_actual
03067,38.73501,-0.26766,ancla_actual
03068,38.73101,-0.24726,ancla_actual
03069,38.56737,-0.21235,ancla_actual
03070,38.0942263,-0.7364005,ancla_actual
03071,38.77443,0.08538,ancla_actual
03072,38.8159302,-0.410837,ancla_actual
03073,38.71896,-0.35589,ancla_actual
03074,38.15157,-0.8917,ancla_actual
03075,38.6700065,-0.1684703,ancla_actual
03076,38.09031,-0.65556,ancla_actual
03077,38.3077634,-0.8950608,ancla_actual
03078,38.2739,-0.92938,ancla_actual
03079,38.62533,-0.57225,ancla_actual
03080,38.06247,-0.86822,ancla_actual
03081,38.7125269,-0.0310864,ancla_actual
03082,38.7673761,0.1630331,ancla_actual
03083,38.5510886,-0.4896159,ancla_actual
03084,38.8496853,-0.3086573,ancla_actual
03085,38.74272,0.006,ancla_actual
03086,38.73082,-0.36274,ancla_actual
03088,38.38027,-0.7285,ancla_actual
03089,38.4285577,-0.9124624,ancla_actual
03090,38.4158,-0.44529,ancla_actual
03091,38.76037,-0.08208,ancla_actual
03092,38.7887146,-0.4461249,ancla_actual
03093,38.38479,-0.76773,ancla_actual
03094,38.61372,-0.1269,ancla_actual
03095,38.82817,0.0172,ancla_actual
03096,38.62606,-0.67313,ancla_actual
03097,38.78041,-0.06278,ancla_actual
03098,38.5535184,-0.2797615,ancla_actual
03099,38.08483,-0.94401,ancla_actual
03100,38.74502,-0.06446,ancla_actual
03101,38.79312,0.03411,ancla_actual
03102,38.84305,-0.11707,ancla_actual
03103,38.68,-0.35845,ancla_actual
03104,38.4921629,-0.7316577,ancla_actual
03105,38.4122911,-1.0290588,ancla_actual
03106,38.78524,-0.34271,ancla_actual
03107,38.62258,-0.1309,ancla_actual
03109,38.10458,-0.84904,ancla_actual
03110,38.8307983,-0.0509221,ancla_actual
03111,38.11619,-0.90981,ancla_actual
03112,38.58725,-0.31157,ancla_actual
03113,38.08799,-0.72544,ancla_actual
03114,38.36753,-0.89862,ancla_actual
03115,38.81102,-0.06559,ancla_actual
03116,38.52025,-0.91202,ancla_actual
03117,38.81967,-0.03406,ancla_actual
03118,38.1133,-0.7173,ancla_actual
03119,38.40148,-0.43623,ancla_actual
03120,37.97972,-0.78904,ancla_actual
03121,38.19165,-0.5658,ancla_actual
03122,38.4270895,-0.5344415,ancla_actual
03123,38.53729,-0.81779,ancla_actual
03124,38.60926,-0.27305,ancla_actual
03125,38.72804,0.04176,ancla_actual
03127,38.69413,-0.10141,ancla_actual
03128,38.7294,0.10383,ancla_actual
03129,38.53072,-0.57776,ancla_actual
03130,38.75629,-0.27466,ancla_actual
03131,38.80143,-0.0716,ancla_actual
03132,38.6048485,-0.4114783,ancla_actual
03133,37.97872,-0.68222,ancla_actual
03134,38.7883236,-0.2537451,ancla_actual
03135,38.80561,-0.1589,ancla_actual
03136,38.82313,-0.2417,ancla_actual
03137,38.7750582,-0.1308775,ancla_actual
03138,38.8506036,-0.0047564,ancla_actual
03139,38.50754,-0.23346,ancla_actual
03140,38.6373,-0.86568,ancla_actual
03901,38.85381,0.02103,ancla_actual
03902,37.86591,-0.79256,ancla_actual
03903,38.02822,-0.74501,ancla_actual
03904,38.17249,-0.83874,ancla_actual
04001,37.14245,-2.77808,ancla_actual
04002,37.13226,-2.79711,ancla_actual
04003,36.74831,-3.02076,ancla_actual
04004,37.28361,-2.18229,ancla_actual
04005,37.03346,-2.62164,ancla_actual
04006,37.38856,-2.14949,ancla_actual
04007,36.97458,-2.9615,ancla_actual
04008,37.33647,-2.59725,ancla_actual
04009,37.23529,-2.2665,ancla_actual
04010,36.99003,-2.58655,ancla_actual
04011,36.95692,-2.56861,ancla_actual
04012,36.9658,-2.60212,ancla_actual
04013,36.83814,-2.45974,ancla_actual
04014,37.00262,-2.79051,ancla_actual
04015,37.00247,-2.59476,ancla_actual
04016,37.24536,-1.9176,ancla_actual
04017,37.35024,-2.07384,ancla_actual
04018,37.3503,-2.4115,ancla_actual
04019,37.25984,-2.45308,ancla_actual
04020,37.03073,-2.99606,ancla_actual
04021,37.33062,-2.4361,ancla_actual
04022,37.19389,-1.98166,ancla_actual
04023,37.01237,-2.79134,ancla_actual
04024,36.92493,-2.45941,ancla_actual
04026,37.23138,-2.23935,ancla_actual
04027,37.21213,-2.2418,ancla_actual
04028,36.98823,-2.61991,ancla_actual
04029,36.84693,-2.94966,ancla_actual
04030,37.00959,-2.73943,ancla_actual
04031,37.35146,-2.19209,ancla_actual
04032,36.99666,-1.89651,ancla_actual
04033,37.18484,-2.44024,ancla_actual
04034,37.26166,-2.21098,ancla_actual
04035,37.29678,-1.88218,ancla_actual
04036,37.2545,-2.26657,ancla_actual
04037,37.59527,-2.26844,ancla_actual
04038,36.82179,-2.87138,ancla_actual
04041,36.87732,-2.6018,ancla_actual
04043,36.8763173,-2.6988025,ancla_actual
04044,37.36074,-2.2581,ancla_actual
04045,37.1715,-2.84011,ancla_actual
04046,36.9802,-2.85957,ancla_actual
04047,36.95322,-2.49254,ancla_actual
04048,37.16832,-1.94029,ancla_actual
04049,37.18141,-1.82252,ancla_actual
04050,37.11886,-2.54012,ancla_actual
04051,36.96804,-2.60941,ancla_actual
04052,36.88507,-2.4376,ancla_actual
04053,37.38918,-1.943,ancla_actual
04054,36.98562,-2.63871,ancla_actual
04055,36.99344,-2.66046,ancla_actual
04056,37.29771,-2.33419,ancla_actual
04057,37.011156,-2.9028988,ancla_actual
04058,37.29492,-2.21937,ancla_actual
04059,37.21538,-2.06677,ancla_actual
04060,37.04037,-2.20095,ancla_actual
04061,37.40035,-2.42496,ancla_actual
04062,37.33318,-2.30087,ancla_actual
04063,37.71023,-2.16454,ancla_actual
04065,37.10615,-2.64846,ancla_actual
04066,36.96655,-2.20595,ancla_actual
04067,37.03861,-2.74524,ancla_actual
04068,37.17475,-2.4743,ancla_actual
04069,37.35445,-2.29754,ancla_actual
04070,37.4853,-2.29292,ancla_actual
04071,36.99813,-2.77367,ancla_actual
04072,37.40764,-2.22526,ancla_actual
04073,37.02222,-2.95343,ancla_actual
04074,36.91619,-2.43689,ancla_actual
04075,37.41154,-1.74496,ancla_actual
04076,37.34744,-2.3608,ancla_actual
04077,36.99523,-2.68178,ancla_actual
04078,36.94508,-2.46302,ancla_actual
04079,36.76419,-2.61475,ancla_actual
04080,37.01736,-2.60337,ancla_actual
04081,36.97479,-2.53126,ancla_actual
04082,37.20367,-2.34631,ancla_actual
04083,37.34485,-2.50913,ancla_actual
04084,37.32237,-2.39844,ancla_actual
04085,37.39176,-2.38828,ancla_actual
04086,37.09761,-2.12349,ancla_actual
04087,37.33866,-2.38817,ancla_actual
04088,37.04992,-2.39084,ancla_actual
04089,37.4688,-2.07736,ancla_actual
04090,37.22797,-2.2847,ancla_actual
04091,36.98393,-2.59679,ancla_actual
04092,37.34606,-2.43326,ancla_actual
04093,37.15224,-1.89497,ancla_actual
04094,37.02948,-2.26607,ancla_actual
04095,37.1846,-2.20491,ancla_actual
04096,37.3974,-2.36485,ancla_actual
04097,37.19407,-2.40155,ancla_actual
04098,37.69178,-2.09587,ancla_actual
04099,37.64844,-2.07686,ancla_actual
04100,37.24345,-1.85905,ancla_actual
04101,36.89006,-2.42695,ancla_actual
04102,36.83155,-2.64273,ancla_actual
04103,37.34218,-2.03985,ancla_actual
04901,37.1600009,-2.7208785,ancla_actual
04902,36.7482308,-2.7813629,ancla_actual
04903,36.7745987,-2.6920428,ancla_actual
04904,36.74886,-2.9097,ancla_actual
05001,40.94487,-4.60561,ancla_actual
05002,40.29953,-4.63589,ancla_actual
05005,40.83795,-4.88129,ancla_actual
05007,40.38189,-5.42142,ancla_actual
05008,41.04912,-4.81707,ancla_actual
05010,40.41092,-5.40983,ancla_actual
05012,40.57371,-5.06541,ancla_actual
05013,40.26619,-5.08617,ancla_actual
05014,40.21041,-5.08694,ancla_actual
05015,40.5864215,-5.3713447,ancla_actual
05016,41.06255,-4.72042,ancla_actual
05017,40.78227,-4.83649,ancla_actual
05018,40.38909,-5.38811,ancla_actual
05019,40.65724,-4.69951,ancla_actual
05021,40.3571,-5.52365,ancla_actual
05022,40.4428576,-4.595146,ancla_actual
05023,41.06536,-4.93066,ancla_actual
05024,40.40369,-5.63577,ancla_actual
05025,40.53821,-5.32561,ancla_actual
05026,41.04675,-4.9691,ancla_actual
05027,40.8012738,-4.7663468,ancla_actual
05029,40.9757,-4.94468,ancla_actual
05030,40.69436,-4.59474,ancla_actual
05033,40.80146,-5.08703,ancla_actual
05034,41.12367,-4.98983,ancla_actual
05035,40.87744,-4.63743,ancla_actual
05036,40.91612,-4.73,ancla_actual
05037,40.31584,-5.44294,ancla_actual
05038,40.53063,-5.26452,ancla_actual
05039,40.77846,-4.93934,ancla_actual
05040,40.7335126,-4.8368799,ancla_actual
05041,40.41416,-4.78509,ancla_actual
05042,40.94218,-4.84184,ancla_actual
05043,41.00139,-4.95453,ancla_actual
05044,40.71557,-5.20956,ancla_actual
05045,40.9009,-4.80212,ancla_actual
05046,41.00331,-4.90163,ancla_actual
05047,40.15521,-5.24045,ancla_actual
05048,40.95215,-4.95455,ancla_actual
05049,40.7424,-4.74579,ancla_actual
05051,40.34777,-5.55474,ancla_actual
05052,40.5255264,-5.1790352,ancla_actual
05053,40.6645375,-4.8203075,ancla_actual
05054,40.28325,-4.7667,ancla_actual
05055,40.3261,-4.57182,ancla_actual
05056,41.0845,-4.90984,ancla_actual
05057,40.45835,-4.46433,ancla_actual
05058,40.4578,-5.04833,ancla_actual
05059,40.70675,-4.98135,ancla_actual
05060,40.96662,-5.01405,ancla_actual
05061,40.64753,-4.76595,ancla_actual
05062,40.88743,-4.9314,ancla_actual
05063,40.55307,-5.35398,ancla_actual
05064,40.93821,-4.87515,ancla_actual
05065,40.87128,-4.97094,ancla_actual
05066,40.29418,-5.00938,ancla_actual
05067,40.70267,-4.95769,ancla_actual
05069,40.95978,-4.84627,ancla_actual
05070,41.08954,-4.80634,ancla_actual
05072,41.0087,-4.6537,ancla_actual
05073,40.93358,-5.07914,ancla_actual
05074,40.92997,-4.96445,ancla_actual
05075,40.23233,-4.62201,ancla_actual
05076,40.61572,-4.75746,ancla_actual
05077,40.97771,-4.90825,ancla_actual
05078,41.01769,-4.89907,ancla_actual
05079,40.70634,-4.90643,ancla_actual
05080,40.71693,-5.11224,ancla_actual
05081,40.44965,-5.1042,ancla_actual
05082,40.27791,-4.85321,ancla_actual
05083,40.59159,-4.78178,ancla_actual
05084,40.415819,-5.5944476,ancla_actual
05085,40.2799966,-5.5929271,ancla_actual
05086,40.87705,-5.12308,ancla_actual
05087,40.82652,-4.7409,ancla_actual
05088,40.7619676,-4.9687209,ancla_actual
05089,40.22225,-5.1395,ancla_actual
05090,40.98295,-4.63839,ancla_actual
05092,40.85753,-4.73045,ancla_actual
05093,40.5865386,-4.5402187,ancla_actual
05094,40.80361,-5.03892,ancla_actual
05095,40.23903,-4.60361,ancla_actual
05096,40.53013,-4.96734,ancla_actual
05097,40.43674,-5.46615,ancla_actual
05099,41.06497,-5.09092,ancla_actual
05100,40.24994,-5.10356,ancla_actual
05101,40.3989,-4.97455,ancla_actual
05102,40.50084,-4.42357,ancla_actual
05103,40.4627,-5.41097,ancla_actual
05104,40.35945,-5.20027,ancla_actual
05105,40.35623,-5.17505,ancla_actual
05106,40.39237,-5.06713,ancla_actual
05107,40.692,-5.11379,ancla_actual
05108,40.41076,-5.55698,ancla_actual
05109,41.0055,-4.85946,ancla_actual
05110,40.20499,-4.93548,ancla_actual
05112,40.3971592,-5.5347606,ancla_actual
05113,40.32773,-5.50016,ancla_actual
05114,41.08968,-4.99863,ancla_actual
05115,40.80929,-4.51186,ancla_actual
05116,40.52208,-5.35026,ancla_actual
05117,41.01925,-5.00873,ancla_actual
05118,40.79139,-5.14772,ancla_actual
05119,40.66441,-5.07719,ancla_actual
05120,40.7118558,-4.8260657,ancla_actual
05121,40.67392,-4.78156,ancla_actual
05122,40.63046,-5.34801,ancla_actual
05123,40.70104,-4.56341,ancla_actual
05124,40.43967,-5.61772,ancla_actual
05125,40.50006,-4.99983,ancla_actual
05126,40.50209,-5.30131,ancla_actual
05127,40.29655,-4.83651,ancla_actual
05128,40.75192,-4.66583,ancla_actual
05129,40.53322,-5.40552,ancla_actual
05130,40.55435,-4.82449,ancla_actual
05131,40.7363947,-5.0854363,ancla_actual
05132,40.25987,-5.01749,ancla_actual
05133,40.76953,-4.78131,ancla_actual
05134,41.10732,-4.95717,ancla_actual
05135,40.59042,-5.01447,ancla_actual
05136,40.70678,-5.02717,ancla_actual
05138,40.60324,-4.89895,ancla_actual
05139,40.82181,-4.92223,ancla_actual
05140,40.85878,-4.87992,ancla_actual
05141,40.63408,-4.81876,ancla_actual
05142,40.92097,-5.03559,ancla_actual
05143,40.54236,-5.04187,ancla_actual
05144,40.56673,-5.46584,ancla_actual
05145,40.66488,-4.96577,ancla_actual
05147,40.85869,-5.0601,ancla_actual
05148,40.54131,-4.99291,ancla_actual
05149,40.87268,-4.86909,ancla_actual
05151,40.48602,-5.1838,ancla_actual
05152,40.97803,-4.77573,ancla_actual
05153,40.29321,-5.54022,ancla_actual
05154,40.42524,-5.08285,ancla_actual
05155,40.47163,-5.27756,ancla_actual
05156,40.3251,-4.49661,ancla_actual
05157,40.43993,-4.93122,ancla_actual
05158,40.46028,-4.76859,ancla_actual
05159,40.27835,-5.50042,ancla_actual
05160,40.40212,-4.92999,ancla_actual
05161,40.59398,-4.41149,ancla_actual
05162,40.3528,-5.30084,ancla_actual
05163,40.41123,-4.70897,ancla_actual
05164,40.42558,-4.91108,ancla_actual
05165,40.36136,-5.13268,ancla_actual
05166,40.45416,-4.82199,ancla_actual
05167,40.36417,-4.89352,ancla_actual
05168,40.60244,-4.33449,ancla_actual
05169,40.4152,-4.87155,ancla_actual
05170,40.33602,-5.5322,ancla_actual
05171,40.42372,-5.6509,ancla_actual
05172,40.58945,-4.83895,ancla_actual
05173,40.70596,-4.51633,ancla_actual
05174,40.99846,-4.64833,ancla_actual
05175,40.83984,-4.76964,ancla_actual
05176,40.62168,-4.84523,ancla_actual
05177,40.92398,-4.64048,ancla_actual
05178,41.11798,-4.78496,ancla_actual
05179,40.8679,-4.83399,ancla_actual
05180,40.79858,-4.98994,ancla_actual
05181,40.65637,-5.27733,ancla_actual
05182,40.24214,-4.90963,ancla_actual
05183,40.93727,-4.78571,ancla_actual
05184,40.6262,-4.23154,ancla_actual
05185,40.77266,-4.74595,ancla_actual
05186,40.46475,-5.32831,ancla_actual
05187,40.31721,-4.70025,ancla_actual
05188,40.56799,-5.07909,ancla_actual
05189,40.17254,-5.16597,ancla_actual
05190,40.80095,-4.66772,ancla_actual
05191,40.5502,-5.07015,ancla_actual
05192,40.288,-5.62366,ancla_actual
05193,41.02344,-5.07377,ancla_actual
05194,40.8314,-4.8043,ancla_actual
05195,40.54866,-4.77796,ancla_actual
05196,40.9021,-4.98836,ancla_actual
05197,40.61179,-4.81013,ancla_actual
05198,40.87836,-5.09629,ancla_actual
05199,40.40783,-5.66261,ancla_actual
05200,40.49257,-5.38519,ancla_actual
05201,40.54332,-4.54031,ancla_actual
05204,40.89347,-4.58132,ancla_actual
05205,40.66475,-4.91494,ancla_actual
05206,40.74705,-4.62413,ancla_actual
05207,40.2751,-4.98215,ancla_actual
05208,41.0927,-4.90049,ancla_actual
05209,40.76912,-5.11523,ancla_actual
05210,40.8302,-4.83957,ancla_actual
05211,40.4788,-4.68238,ancla_actual
05212,40.45909,-4.81711,ancla_actual
05213,40.6383904,-5.0627797,ancla_actual
05214,40.36984,-5.48848,ancla_actual
05215,40.43053,-5.155,ancla_actual
05216,40.3683,-5.05443,ancla_actual
05217,40.48722,-5.28654,ancla_actual
05218,40.67064,-5.28857,ancla_actual
05219,40.88141,-4.75612,ancla_actual
05220,40.80213,-4.87075,ancla_actual
05221,40.2516,-5.00133,ancla_actual
05222,40.54265,-4.58036,ancla_actual
05224,40.60096,-4.92319,ancla_actual
05225,40.50845,-5.40483,ancla_actual
05226,40.38925,-5.45112,ancla_actual
05227,40.30337,-4.55411,ancla_actual
05228,40.43326,-5.35631,ancla_actual
05229,40.812,-4.63383,ancla_actual
05230,40.78726,-4.91048,ancla_actual
05231,40.96773,-4.80194,ancla_actual
05232,40.63169,-4.79284,ancla_actual
05233,40.33625,-4.91165,ancla_actual
05234,40.79939,-4.93361,ancla_actual
05235,41.0765,-4.83242,ancla_actual
05236,40.3306882,-5.6467132,ancla_actual
05237,40.73892,-5.01159,ancla_actual
05238,40.55294,-4.90479,ancla_actual
05239,40.5417,-4.84548,ancla_actual
05240,40.2912,-4.58385,ancla_actual
05241,40.41533,-4.50156,ancla_actual
05242,40.934,-4.72767,ancla_actual
05243,40.75168,-4.58191,ancla_actual
05244,40.30404,-5.51185,ancla_actual
05245,40.62757,-4.61426,ancla_actual
05246,40.5612,-5.2612,ancla_actual
05247,40.5916,-4.96491,ancla_actual
05249,40.3153,-5.58037,ancla_actual
05251,40.60634,-5.12506,ancla_actual
05252,40.65931,-5.01183,ancla_actual
05253,40.83618,-4.64287,ancla_actual
05254,40.84157,-4.62324,ancla_actual
05256,40.75865,-4.87379,ancla_actual
05257,40.49806,-5.23005,ancla_actual
05258,40.88269,-4.7165,ancla_actual
05259,41.04095,-4.85419,ancla_actual
05260,40.57646,-5.18002,ancla_actual
05261,40.47462,-5.43307,ancla_actual
05262,40.28638,-4.99674,ancla_actual
05263,40.55609,-5.11262,ancla_actual
05264,40.85074,-4.92115,ancla_actual
05265,40.81178,-5.00583,ancla_actual
05266,40.60648,-5.33791,ancla_actual
05267,40.35554,-5.32826,ancla_actual
05901,40.3563494,-5.2415989,ancla_actual
05902,40.75364,-4.49683,ancla_actual
05903,40.6682397,-5.3347147,ancla_actual
05904,40.3459768,-5.3740906,ancla_actual
05905,40.3704849,-4.8230979,ancla_actual
06001,39.07678,-5.57384,ancla_actual
06002,38.64627,-6.48636,ancla_actual
06003,38.2475361,-5.8787742,ancla_actual
06004,38.78495,-6.24574,ancla_actual
06005,38.71779,-6.82326,ancla_actual
06006,39.22076,-7.00234,ancla_actual
06007,38.51648,-7.07161,ancla_actual
06008,38.4,-6.46667,ancla_actual
06009,39.04425,-6.33109,ancla_actual
06010,38.61418,-6.82097,ancla_actual
06011,38.68316,-6.40747,ancla_actual
06012,38.85443,-6.45402,ancla_actual
06013,38.33333,-6.46667,ancla_actual
06014,38.26667,-5.68333,ancla_actual
06015,38.87789,-6.97061,ancla_actual
06016,38.51473,-6.84923,ancla_actual
06017,38.95578,-4.91039,ancla_actual
06018,38.70007,-5.49512,ancla_actual
06019,38.28333,-5.81667,ancla_actual
06020,38.3,-6.2,ancla_actual
06021,38.14751,-6.5595,ancla_actual
06022,38.38008,-6.59037,ancla_actual
06023,38.72227,-5.21946,ancla_actual
06024,38.08333,-6.41667,ancla_actual
06025,38.88861,-6.38791,ancla_actual
06026,38.1,-6.33333,ancla_actual
06027,38.3,-6.31667,ancla_actual
06028,38.8644,-5.61744,ancla_actual
06029,38.50196,-5.83139,ancla_actual
06030,38.82037,-5.08417,ancla_actual
06031,39.15455,-6.33864,ancla_actual
06032,39.02282,-6.33732,ancla_actual
06033,39.10822,-5.33077,ancla_actual
06034,38.2,-5.96667,ancla_actual
06035,39.28487,-5.09098,ancla_actual
06036,38.73204,-5.5439,ancla_actual
06037,39.20878,-7.1733,ancla_actual
06038,39.14763,-6.43619,ancla_actual
06039,38.92045,-5.66978,ancla_actual
06040,38.72631,-6.67035,ancla_actual
06041,38.83745,-6.09867,ancla_actual
06042,38.51225,-7.28177,ancla_actual
06043,38.84837,-6.27475,ancla_actual
06044,38.95627,-5.86162,ancla_actual
06045,38.71855,-6.71349,ancla_actual
06046,38.9433,-6.43549,ancla_actual
06047,38.651,-5.60657,ancla_actual
06048,38.97517,-5.26968,ancla_actual
06049,38.51151,-6.56416,ancla_actual
06050,38.16922,-6.6537,ancla_actual
06051,39.13288,-4.93513,ancla_actual
06052,38.25,-6.3,ancla_actual
06053,38.15,-5.9,ancla_actual
06054,38.52656,-6.44782,ancla_actual
06055,38.06866,-6.53884,ancla_actual
06056,39.04956,-4.99856,ancla_actual
06057,38.88022,-5.04759,ancla_actual
06058,38.91961,-6.47747,ancla_actual
06059,38.31667,-5.58333,ancla_actual
06060,38.85952,-6.09987,ancla_actual
06061,38.8701081,-5.7996577,ancla_actual
06062,39.3444224,-4.8328852,ancla_actual
06063,39.1684,-5.05049,ancla_actual
06064,38.64616,-5.74129,ancla_actual
06065,38.37504,-5.99922,ancla_actual
06066,38.447,-6.97517,ancla_actual
06067,38.14088,-6.68922,ancla_actual
06068,38.48333,-6.18333,ancla_actual
06069,38.55428,-6.06829,ancla_actual
06070,38.32063,-6.7726,ancla_actual
06071,38.45,-6.51667,ancla_actual
06072,38.84876,-6.62365,ancla_actual
06073,38.45,-6.05,ancla_actual
06074,38.23333,-6.01667,ancla_actual
06075,38.89648,-5.73437,ancla_actual
06076,38.36667,-5.83333,ancla_actual
06077,38.1213426,-5.710479,ancla_actual
06078,38.6747,-5.64054,ancla_actual
06079,38.81404,-6.02041,ancla_actual
06080,38.96265,-5.95785,ancla_actual
06081,38.33333,-6.4,ancla_actual
06082,38.93554,-5.93335,ancla_actual
06083,38.91802,-6.34292,ancla_actual
06084,39.002,-6.28893,ancla_actual
06085,38.08333,-6.26667,ancla_actual
06086,38.15,-6.2,ancla_actual
06087,38.58876,-5.44569,ancla_actual
06088,38.90839,-6.61785,ancla_actual
06089,38.54567,-6.6531,ancla_actual
06090,39.06328,-6.50525,ancla_actual
06091,39.09436,-5.4681,ancla_actual
06092,38.58629,-6.74901,ancla_actual
06093,38.27595,-6.91873,ancla_actual
06094,38.79051,-6.12402,ancla_actual
06095,38.68269,-7.10046,ancla_actual
06096,39.0187632,-5.5073675,ancla_actual
06097,39.00617,-5.53441,ancla_actual
06098,38.69277,-6.1349,ancla_actual
06099,38.5212,-6.6226,ancla_actual
06100,38.82019,-5.11405,ancla_actual
06101,38.4863073,-5.5958591,ancla_actual
06102,38.98648,-5.25633,ancla_actual
06103,38.89441,-6.62592,ancla_actual
06104,38.66455,-6.10216,ancla_actual
06105,38.08333,-6.08333,ancla_actual
06106,38.57032,-6.19584,ancla_actual
06107,39.1763,-6.62764,ancla_actual
06108,38.4,-6.4,ancla_actual
06109,38.74595,-5.67233,ancla_actual
06110,38.18333,-5.95,ancla_actual
06111,39.05252,-5.80868,ancla_actual
06112,38.5901257,-5.8580298,ancla_actual
06113,38.55177,-6.23768,ancla_actual
06114,38.891882,-5.1138407,ancla_actual
06115,39.10966,-6.68916,ancla_actual
06116,38.5102,-6.78627,ancla_actual
06117,38.49091,-6.68423,ancla_actual
06118,38.920158,-5.1762677,ancla_actual
06119,38.95007,-6.18645,ancla_actual
06120,39.01118,-6.01158,ancla_actual
06121,38.61421,-6.62799,ancla_actual
06122,38.45,-6.38333,ancla_actual
06123,39.36132,-7.13766,ancla_actual
06124,38.11667,-6.51667,ancla_actual
06125,38.97718,-5.04969,ancla_actual
06126,38.72527,-6.53899,ancla_actual
06127,39.03697,-5.23423,ancla_actual
06128,38.87794,-6.76856,ancla_actual
06129,38.52861,-7.01713,ancla_actual
06130,38.9897012,-4.9543562,ancla_actual
06131,38.61913,-6.7958,ancla_actual
06132,38.9014,-6.53858,ancla_actual
06133,38.7910035,-6.3758545,ancla_actual
06134,38.18333,-6.0,ancla_actual
06135,38.95233,-6.25759,ancla_actual
06136,38.35,-6.16667,ancla_actual
06137,39.24289,-5.19,ancla_actual
06138,38.91542,-6.06765,ancla_actual
06139,38.40518,-6.00403,ancla_actual
06140,38.24243,-7.11965,ancla_actual
06141,38.26667,-6.46667,ancla_actual
06142,38.3271,-6.53648,ancla_actual
06143,38.67059,-6.98036,ancla_actual
06144,38.21667,-5.81667,ancla_actual
06145,38.91122,-6.21999,ancla_actual
06146,38.7101,-5.79847,ancla_actual
06147,38.37889,-6.80371,ancla_actual
06148,38.36637,-6.7886,ancla_actual
06149,38.56144,-6.3381,ancla_actual
06150,38.3,-6.08333,ancla_actual
06151,38.86329,-6.19665,ancla_actual
06152,38.61294,-6.50914,ancla_actual
06153,38.97655,-5.7974,ancla_actual
06154,38.376,-7.16753,ancla_actual
06155,39.1331,-6.84762,ancla_actual
06156,39.07651,-5.81074,ancla_actual
06157,39.21386,-4.79227,ancla_actual
06158,38.42539,-6.41734,ancla_actual
06159,38.33135,-6.95533,ancla_actual
06160,38.65131,-5.66063,ancla_actual
06161,38.80711,-5.15682,ancla_actual
06162,38.8048135,-6.2630933,ancla_actual
06901,38.88943,-6.70029,ancla_actual
06902,38.9235079,-6.75761,ancla_actual
06903,38.9368664,-6.6741308,ancla_actual
07001,39.70441,2.79181,ancla_actual
07002,39.93034,4.14039,ancla_actual
07003,39.85316,3.12138,ancla_actual
07004,39.55899,2.89541,ancla_actual
07005,39.57553,2.42017,ancla_actual
07006,39.69315,3.34979,ancla_actual
07007,39.68734,2.51409,ancla_actual
07008,39.68744,2.84396,ancla_actual
07009,39.75809,2.98349,ancla_actual
07010,39.69634,2.69955,ancla_actual
07011,39.5657,2.50621,ancla_actual
07012,39.7747,2.96506,ancla_actual
07013,39.43099,3.01935,ancla_actual
07014,39.70237,3.43532,ancla_actual
07015,40.00112,3.84144,ancla_actual
07016,39.66861,2.81267,ancla_actual
07017,39.65675,2.94953,ancla_actual
07018,39.74806,2.64823,ancla_actual
07019,39.82138,2.86941,ancla_actual
07020,39.66794,2.57867,ancla_actual
07021,39.65338,2.4813,ancla_actual
07022,39.4696,3.14831,ancla_actual
07023,39.98324,4.01181,ancla_actual
07024,38.70566,1.42893,ancla_actual
07025,39.78232,2.74107,ancla_actual
07026,38.90883,1.43296,ancla_actual
07027,39.7211,2.91093,ancla_actual
07028,39.61835,2.97493,ancla_actual
07029,39.71849,2.8669,ancla_actual
07030,39.69933,3.00681,ancla_actual
07031,39.49093,2.89108,ancla_actual
07032,39.88853,4.26583,ancla_actual
07033,39.56964,3.20955,ancla_actual
07034,39.74966,2.87284,ancla_actual
07035,39.66306,3.073,ancla_actual
07036,39.62142,2.7253,ancla_actual
07037,39.99014,4.09387,ancla_actual
07038,39.56742,2.98189,ancla_actual
07039,39.73661,3.05559,ancla_actual
07040,39.56939,2.65024,ancla_actual
07041,39.61351,3.11312,ancla_actual
07042,39.87678,3.01626,ancla_actual
07043,39.51434,3.02197,ancla_actual
07044,39.7692,3.02394,ancla_actual
07045,39.62514,2.52759,ancla_actual
07046,38.98068,1.30362,ancla_actual
07047,39.64598,2.89769,ancla_actual
07048,38.92239,1.29437,ancla_actual
07049,39.59621,3.0392,ancla_actual
07050,39.07891,1.51397,ancla_actual
07051,39.61009,3.2838,ancla_actual
07052,39.84939,4.25819,ancla_actual
07053,39.62361,2.83864,ancla_actual
07054,38.98457,1.53409,ancla_actual
07055,39.70143,3.10215,ancla_actual
07056,39.65111,2.77317,ancla_actual
07057,39.35461,3.12907,ancla_actual
07058,39.75504,2.90069,ancla_actual
07059,39.33831,3.05274,ancla_actual
07060,39.64254,3.01034,ancla_actual
07061,39.76623,2.71521,ancla_actual
07062,39.62073,3.36008,ancla_actual
07063,39.71042,2.6223,ancla_actual
07064,39.8776,4.2899,ancla_actual
07065,39.56894,3.08815,ancla_actual
07901,39.65048,3.11055,ancla_actual
07902,39.94657,4.05121,ancla_actual
08001,41.51682,1.901,ancla_actual
08002,41.74822,1.62919,ancla_actual
08003,41.49379,2.29451,ancla_actual
08004,42.1193,2.10135,ancla_actual
08005,41.66667,2.26667,ancla_actual
08006,41.5819,2.54936,ancla_actual
08007,41.61424,2.53972,ancla_actual
08008,41.598,1.44511,ancla_actual
08009,41.55336,2.40114,ancla_actual
08010,41.798,1.95428,ancla_actual
08011,42.06667,1.85,ancla_actual
08012,41.86367,1.97095,ancla_actual
08013,41.35,1.78333,ancla_actual
08014,41.76807,2.25051,ancla_actual
08015,41.45004,2.24741,ancla_actual
08016,42.25289,1.86098,ancla_actual
08017,41.8181761,2.2115778,ancla_actual
08018,41.86311,1.87356,ancla_actual
08019,41.38879,2.15899,ancla_actual
08020,41.33333,1.93333,ancla_actual
08021,41.51695,1.43333,ancla_actual
08022,42.10429,1.84628,ancla_actual
08023,41.6817465,2.2050845,ancla_actual
08024,42.13564,1.99428,ancla_actual
08025,41.58333,1.78333,ancla_actual
08026,41.81657,2.30531,ancla_actual
08027,41.3716344,1.6899453,ancla_actual
08028,41.4888991,1.7104935,ancla_actual
08029,41.51667,2.4,ancla_actual
08030,41.5276,2.36996,ancla_actual
08031,41.73289,1.51375,ancla_actual
08032,41.5707343,2.523785,ancla_actual
08033,41.63333,2.16667,ancla_actual
08034,41.7889,1.98672,ancla_actual
08035,41.61381,2.65423,ancla_actual
08036,41.76132,1.47715,ancla_actual
08037,41.92527,2.28378,ancla_actual
08038,41.78146,1.78401,ancla_actual
08039,41.71667,2.46667,ancla_actual
08040,41.59054,2.58116,ancla_actual
08041,41.61667,2.28333,ancla_actual
08042,41.68333,2.35,ancla_actual
08043,41.28333,1.73333,ancla_actual
08044,41.53005,1.68651,ancla_actual
08045,42.0772,1.75352,ancla_actual
08046,41.63976,2.35739,ancla_actual
08047,41.91371,1.67855,ancla_actual
08048,41.53198,1.62074,ancla_actual
08049,42.01263,1.84416,ancla_actual
08050,42.12299,1.77378,ancla_actual
08051,41.61667,2.08333,ancla_actual
08052,42.28333,2.01667,ancla_actual
08053,41.63395,1.86394,ancla_actual
08054,41.47534,1.98174,ancla_actual
08055,41.76074,2.16128,ancla_actual
08056,41.27794,1.97033,ancla_actual
08057,42.17291,1.94529,ancla_actual
08058,41.2675716,1.6338204,ancla_actual
08059,41.66667,1.7,ancla_actual
08060,41.76667,1.43333,ancla_actual
08061,41.6774127,1.8272192,ancla_actual
08062,41.83444,1.83721,ancla_actual
08063,41.59829,1.70057,ancla_actual
08064,41.75,2.11667,ancla_actual
08065,41.3342975,1.603756,ancla_actual
08066,41.45,1.9,ancla_actual
08067,41.79746,2.21902,ancla_actual
08068,41.39587,1.95917,ancla_actual
08069,41.57009,1.82712,ancla_actual
08070,41.8258,2.17546,ancla_actual
08071,41.6429804,1.50508,ancla_actual
08072,41.41702,1.9197,ancla_actual
08073,41.35,2.08333,ancla_actual
08074,41.20772,1.67267,ancla_actual
08075,41.58333,2.41667,ancla_actual
08076,41.53809,1.87025,ancla_actual
08077,41.37732,2.08809,ancla_actual
08078,42.05318,1.77227,ancla_actual
08079,41.86924,2.11223,ancla_actual
08080,42.18102,1.83605,ancla_actual
08081,41.73333,2.45,ancla_actual
08082,41.720247,2.6424934,ancla_actual
08083,41.93881,2.31741,ancla_actual
08084,41.76303,1.66867,ancla_actual
08085,41.4343,1.59096,ancla_actual
08086,41.61929,2.29829,ancla_actual
08087,41.69243,2.11346,ancla_actual
08088,41.68333,2.28333,ancla_actual
08089,41.30605,2.00123,ancla_actual
08090,41.91667,1.93333,ancla_actual
08091,41.43333,1.86667,ancla_actual
08092,42.03433,1.88019,ancla_actual
08093,42.265307,1.7864478,ancla_actual
08094,41.3768858,1.722443,ancla_actual
08095,41.72741,2.05924,ancla_actual
08096,41.60797,2.28773,ancla_actual
08097,41.7372888,2.504246,ancla_actual
08098,41.68333,1.76667,ancla_actual
08099,42.2349,1.87716,ancla_actual
08100,41.95419,2.23537,ancla_actual
08101,41.35967,2.10028,ancla_actual
08102,41.58098,1.6172,ancla_actual
08103,41.60193,1.5475,ancla_actual
08104,41.47145,1.53241,ancla_actual
08105,41.5144057,2.2031772,ancla_actual
08106,41.63333,2.4,ancla_actual
08107,41.61667,2.23333,ancla_actual
08108,41.5880697,2.2308847,ancla_actual
08109,42.05,2.03333,ancla_actual
08110,41.64662,2.74135,ancla_actual
08111,41.89461,2.2437,ancla_actual
08112,42.00228,2.28476,ancla_actual
08113,41.72815,1.82399,ancla_actual
08114,41.47402,1.93062,ancla_actual
08115,41.53333,2.23333,ancla_actual
08116,41.9825195,2.3254956,ancla_actual
08117,42.0236226,2.226563,ancla_actual
08118,41.47978,2.3188,ancla_actual
08119,41.50353,1.81136,ancla_actual
08120,41.59886,2.02648,ancla_actual
08121,41.54211,2.4445,ancla_actual
08122,41.47798,1.61222,ancla_actual
08123,41.41667,2.01667,ancla_actual
08124,41.54026,2.21306,ancla_actual
08125,41.48333,2.18333,ancla_actual
08126,41.46859,2.28001,ancla_actual
08127,41.61667,1.85,ancla_actual
08128,41.76043,2.01685,ancla_actual
08129,41.88333,2.18333,ancla_actual
08130,42.0187467,1.7750382,ancla_actual
08131,42.11667,2.21667,ancla_actual
08132,42.01748,1.73502,ancla_actual
08133,41.62588,1.41502,ancla_actual
08134,41.7171569,2.2722104,ancla_actual
08135,41.55002,2.2419,ancla_actual
08136,41.54206,2.26748,ancla_actual
08137,41.75726,2.39944,ancla_actual
08138,41.81112,2.09839,ancla_actual
08139,41.69943,1.97612,ancla_actual
08140,41.75171,1.90357,ancla_actual
08141,41.89998,1.87763,ancla_actual
08142,42.16667,1.88333,ancla_actual
08143,41.6,1.65,ancla_actual
08144,42.06667,1.9,ancla_actual
08145,41.3192888,1.7244732,ancla_actual
08146,41.35435,1.84907,ancla_actual
08147,41.54372,1.89407,ancla_actual
08148,41.31667,1.81667,ancla_actual
08149,41.9854,2.09457,ancla_actual
08150,42.05967,2.22066,ancla_actual
08151,41.93333,2.06667,ancla_actual
08152,41.5187,1.57536,ancla_actual
08153,41.55,2.35,ancla_actual
08154,41.3602805,1.6661843,ancla_actual
08155,41.66667,2.75,ancla_actual
08156,41.58569,2.17709,ancla_actual
08157,41.42394,1.99505,ancla_actual
08158,41.4421818,2.0119134,ancla_actual
08159,41.57481,2.23306,ancla_actual
08160,42.04226,2.10703,ancla_actual
08161,41.52232,1.75076,ancla_actual
08162,41.53423,1.76951,ancla_actual
08163,41.62763,2.6889,ancla_actual
08164,41.41667,1.71667,ancla_actual
08165,41.55423,1.67712,ancla_actual
08166,42.2449,1.97405,ancla_actual
08167,41.55,2.15,ancla_actual
08168,41.41313,1.51458,ancla_actual
08169,41.32784,2.09472,ancla_actual
08170,41.70592,1.54319,ancla_actual
08171,42.01667,2.03333,ancla_actual
08172,41.49206,2.36524,ancla_actual
08174,41.4037056,1.7030262,ancla_actual
08175,41.96667,1.88333,ancla_actual
08176,41.7171,1.42088,ancla_actual
08177,42.1,1.98333,ancla_actual
08178,41.72802,1.70621,ancla_actual
08179,41.63333,1.91667,ancla_actual
08180,41.49686,2.15739,ancla_actual
08181,41.58333,2.33333,ancla_actual
08182,41.7041346,1.9069866,ancla_actual
08183,41.98246,2.31125,ancla_actual
08184,41.49226,2.03305,ancla_actual
08185,41.6571241,1.5747702,ancla_actual
08187,41.54329,2.10942,ancla_actual
08188,42.05,1.96667,ancla_actual
08189,41.73333,1.58333,ancla_actual
08190,42.23333,1.73333,ancla_actual
08191,41.82602,1.8955,ancla_actual
08192,41.78309,1.84673,ancla_actual
08193,41.61667,2.56667,ancla_actual
08194,41.43073,2.21855,ancla_actual
08195,42.08333,2.13333,ancla_actual
08196,41.44659,1.97187,ancla_actual
08197,41.56667,2.48333,ancla_actual
08198,41.66667,2.4,ancla_actual
08199,41.98333,2.18333,ancla_actual
08200,41.34357,2.03659,ancla_actual
08201,42.05,2.15,ancla_actual
08202,41.68921,2.48965,ancla_actual
08203,41.61667,2.6,ancla_actual
08204,41.33333,2.0,ancla_actual
08205,41.47063,2.08611,ancla_actual
08206,41.36667,1.75,ancla_actual
08207,41.7062,2.43153,ancla_actual
08208,41.49341,1.8833,ancla_actual
08209,41.51667,2.23333,ancla_actual
08210,41.7,2.16667,ancla_actual
08211,41.38333,2.05,ancla_actual
08212,41.9384851,2.0072406,ancla_actual
08213,41.75,1.86667,ancla_actual
08214,41.51667,2.36667,ancla_actual
08215,42.0141,2.24018,ancla_actual
08216,42.190668,2.0298025,ancla_actual
08217,41.36718,2.0574,ancla_actual
08218,41.74549,1.80476,ancla_actual
08219,41.50507,2.39227,ancla_actual
08220,41.92189,2.32447,ancla_actual
08221,41.38389,2.06758,ancla_actual
08222,41.46667,1.83333,ancla_actual
08223,41.67968,2.05766,ancla_actual
08224,41.76617,2.20566,ancla_actual
08225,42.03333,2.08333,ancla_actual
08226,41.55,1.51667,ancla_actual
08227,41.38576,1.61121,ancla_actual
08228,41.703424,1.5031951,ancla_actual
08229,41.8,1.73333,ancla_actual
08230,41.5,2.35,ancla_actual
08231,41.26045,1.77391,ancla_actual
08232,41.45,1.7,ancla_actual
08233,42.08333,2.3,ancla_actual
08234,41.68333,2.38333,ancla_actual
08235,41.60177,2.61741,ancla_actual
08236,41.46235,1.66391,ancla_actual
08237,42.1027974,2.2297888,ancla_actual
08238,41.53333,2.08333,ancla_actual
08239,41.73333,2.15,ancla_actual
08240,41.42555,1.78519,ancla_actual
08241,41.9,2.38333,ancla_actual
08242,41.628877,1.8026642,ancla_actual
08243,41.9979413,2.2107593,ancla_actual
08244,41.36736,2.01426,ancla_actual
08245,41.45152,2.2081,ancla_actual
08246,41.9,2.28333,ancla_actual
08247,41.91058,2.18903,ancla_actual
08248,41.65,2.23333,ancla_actual
08249,41.38333,1.71667,ancla_actual
08250,41.5606766,1.5766041,ancla_actual
08251,41.3116624,1.6640577,ancla_actual
08252,41.5159,2.12457,ancla_actual
08253,42.12705,2.25848,ancla_actual
08254,42.0392891,2.360287,ancla_actual
08255,42.0,1.98333,ancla_actual
08256,41.5178418,2.2615535,ancla_actual
08257,41.5054861,1.5159214,ancla_actual
08258,41.86667,2.03333,ancla_actual
08259,41.69417,2.44566,ancla_actual
08260,41.53333,2.18333,ancla_actual
08261,41.63333,2.71667,ancla_actual
08262,41.66667,1.86667,ancla_actual
08263,41.39317,2.00689,ancla_actual
08264,41.57853,2.50879,ancla_actual
08265,42.0647192,2.2648641,ancla_actual
08266,41.49109,2.14079,ancla_actual
08267,41.60862,2.13532,ancla_actual
08268,42.139443,1.8500956,ancla_actual
08269,41.83831,2.28007,ancla_actual
08270,41.23506,1.81193,ancla_actual
08271,42.03597,2.16502,ancla_actual
08272,42.11236,2.16083,ancla_actual
08273,41.4,1.83333,ancla_actual
08274,41.83333,1.75,ancla_actual
08275,41.95592,2.32533,ancla_actual
08276,41.73747,2.2672,ancla_actual
08277,41.7374,1.97791,ancla_actual
08278,41.87495,2.28662,ancla_actual
08279,41.56667,2.01667,ancla_actual
08280,41.99572,2.41859,ancla_actual
08281,41.49804,2.32206,ancla_actual
08282,41.48201,2.26702,ancla_actual
08283,41.84789,2.22808,ancla_actual
08284,41.69914,2.71888,ancla_actual
08285,42.04627,2.26679,ancla_actual
08286,41.523716,1.6590914,ancla_actual
08287,41.4406317,1.7229033,ancla_actual
08288,41.4093473,1.5702455,ancla_actual
08289,41.35,1.98333,ancla_actual
08290,41.52643,1.95537,ancla_actual
08291,41.6,1.91667,ancla_actual
08292,41.51667,1.71667,ancla_actual
08293,42.20347,1.81815,ancla_actual
08294,41.64822,2.50996,ancla_actual
08295,41.38676,1.93205,ancla_actual
08296,41.53333,2.3,ancla_actual
08297,41.6681837,1.4806986,ancla_actual
08298,41.93012,2.25486,ancla_actual
08299,42.13695,1.93162,ancla_actual
08300,41.55,1.95,ancla_actual
08301,41.31405,2.01427,ancla_actual
08302,41.57165,1.63751,ancla_actual
08303,41.947,2.3844,ancla_actual
08304,41.3857319,1.6660681,ancla_actual
08305,41.34618,1.69713,ancla_actual
08306,41.6403339,2.4631414,ancla_actual
08307,41.22392,1.72511,ancla_actual
08308,41.9478093,1.7933801,ancla_actual
08901,42.0291205,2.4632758,ancla_actual
08902,41.5550472,2.3066427,ancla_actual
08903,42.2235,1.89308,ancla_actual
08904,41.5082047,2.1149012,ancla_actual
08905,41.4102056,1.9632724,ancla_actual
09001,42.6231,-3.58086,ancla_actual
09003,41.59454,-3.82327,ancla_actual
09006,42.71652,-3.50258,ancla_actual
09007,42.58974,-3.32913,ancla_actual
09009,42.2768,-3.78908,ancla_actual
09010,42.47222,-3.3579,ancla_actual
09011,42.8981942,-3.8574204,ancla_actual
09012,42.943575,-3.949993,ancla_actual
09013,42.60276,-3.07719,ancla_actual
09014,42.7848009,-3.6465774,ancla_actual
09016,42.65617,-3.0617,ancla_actual
09017,41.75331,-3.93125,ancla_actual
09018,41.67041,-3.6892,ancla_actual
09019,41.73778,-3.42914,ancla_actual
09020,41.85878,-3.38773,ancla_actual
09021,41.81919,-3.41191,ancla_actual
09022,41.79818,-3.42314,ancla_actual
09023,42.26664,-3.75458,ancla_actual
09024,42.35728,-4.23523,ancla_actual
09025,42.9935,-3.94497,ancla_actual
09026,42.32267,-3.45784,ancla_actual
09027,42.41488,-3.39781,ancla_actual
09029,42.37757,-3.5079,ancla_actual
09030,42.2019549,-3.5815179,ancla_actual
09032,41.98349,-3.82553,ancla_actual
09033,41.86162,-3.7298,ancla_actual
09034,42.21507,-4.06481,ancla_actual
09036,42.50258,-3.27957,ancla_actual
09037,42.14974,-3.17702,ancla_actual
09038,42.03858,-3.35669,ancla_actual
09039,42.11879,-3.22803,ancla_actual
09041,42.17584,-4.00715,ancla_actual
09043,42.64607,-3.39139,ancla_actual
09044,42.39595,-3.46001,ancla_actual
09045,42.70236,-3.98937,ancla_actual
09046,42.42548,-3.08231,ancla_actual
09047,42.16873,-4.0128,ancla_actual
09048,42.42048,-3.19133,ancla_actual
09050,42.91784,-3.06063,ancla_actual
09051,41.68913,-3.87284,ancla_actual
09052,42.62678,-3.26652,ancla_actual
09054,42.72687,-3.08644,ancla_actual
09055,41.71737,-3.36711,ancla_actual
09056,42.54993,-3.32315,ancla_actual
09057,42.64912,-3.01786,ancla_actual
09058,42.31197,-3.8223,ancla_actual
09059,42.34106,-3.70184,ancla_actual
09060,42.6591,-3.26512,ancla_actual
09061,41.83023,-3.78824,ancla_actual
09062,41.93434,-3.24153,ancla_actual
09063,42.2822126,-3.8446762,ancla_actual
09064,41.82548,-3.48593,ancla_actual
09065,41.61015,-3.73017,ancla_actual
09066,42.11953,-3.4274,ancla_actual
09067,41.93673,-3.04089,ancla_actual
09068,42.73422,-3.46704,ancla_actual
09070,41.96832,-3.3531,ancla_actual
09071,42.57818,-3.49831,ancla_actual
09072,42.28696,-3.62274,ancla_actual
09073,42.30217,-3.66779,ancla_actual
09074,42.33038,-3.62103,ancla_actual
09075,42.36019,-3.5582,ancla_actual
09076,42.48141,-3.28319,ancla_actual
09077,42.67884,-3.23768,ancla_actual
09078,42.06177,-3.39936,ancla_actual
09079,42.32806,-4.03417,ancla_actual
09082,42.43756,-3.08389,ancla_actual
09083,42.48347,-3.38461,ancla_actual
09084,41.98714,-3.2356,ancla_actual
09085,41.65166,-3.78089,ancla_actual
09086,42.31401,-3.58501,ancla_actual
09088,42.51476,-4.25337,ancla_actual
09090,42.30782,-4.17283,ancla_actual
09091,42.2756986,-4.1424936,ancla_actual
09093,42.27223,-3.81895,ancla_actual
09094,41.98408,-3.59661,ancla_actual
09095,42.26359,-3.93362,ancla_actual
09098,42.4914,-3.136,ancla_actual
09100,42.42227,-3.37347,ancla_actual
09101,42.15814,-3.93235,ancla_actual
09102,42.7773369,-3.3751495,ancla_actual
09103,41.88405,-3.79723,ancla_actual
09104,41.90487,-3.66102,ancla_actual
09105,41.90562,-3.53015,ancla_actual
09108,42.19982,-3.70005,ancla_actual
09109,42.7193202,-2.6903292,ancla_actual
09110,42.02004,-3.41084,ancla_actual
09113,42.05927,-3.51956,ancla_actual
09114,42.16854,-3.61025,ancla_actual
09115,42.64011,-3.20626,ancla_actual
09117,41.66683,-3.94117,ancla_actual
09119,42.13009,-3.5684,ancla_actual
09120,42.67115,-3.0868,ancla_actual
09122,41.89683,-3.46858,ancla_actual
09123,42.4059,-3.28019,ancla_actual
09124,43.07754,-3.55365,ancla_actual
09125,42.27731,-3.89946,ancla_actual
09127,41.94273,-3.73872,ancla_actual
09128,42.31032,-3.83783,ancla_actual
09129,42.31535,-3.13596,ancla_actual
09130,42.41366,-3.13453,ancla_actual
09131,41.647,-3.64558,ancla_actual
09132,42.4640696,-3.1858681,ancla_actual
09133,42.42054,-3.48507,ancla_actual
09134,42.76225,-3.29394,ancla_actual
09136,41.62852,-3.86867,ancla_actual
09137,41.59162,-3.64064,ancla_actual
09138,41.62274,-3.90129,ancla_actual
09139,41.60477,-3.85005,ancla_actual
09140,41.52873,-3.75449,ancla_actual
09141,41.63079,-3.68475,ancla_actual
09143,42.52729,-3.43827,ancla_actual
09144,41.89861,-3.26406,ancla_actual
09148,42.43002,-4.11896,ancla_actual
09149,42.59122,-3.26416,ancla_actual
09151,41.77303,-3.68755,ancla_actual
09152,41.7340398,-3.8050487,ancla_actual
09155,41.61667,-3.81667,ancla_actual
09159,42.31312,-4.04529,ancla_actual
09160,41.58216,-3.7955,ancla_actual
09162,42.18879,-3.64251,ancla_actual
09163,41.84838,-3.16245,ancla_actual
09164,41.74488,-3.51983,ancla_actual
09166,42.5237769,-3.9045315,ancla_actual
09167,42.33863,-3.9256,ancla_actual
09168,41.74139,-3.8756,ancla_actual
09170,41.65893,-3.86202,ancla_actual
09172,42.5225,-3.77072,ancla_actual
09173,42.11672,-3.08211,ancla_actual
09174,41.8095115,-3.3298476,ancla_actual
09175,42.66667,-4.08333,ancla_actual
09176,42.40571,-3.61588,ancla_actual
09177,42.33088,-3.53519,ancla_actual
09178,42.45431,-3.08238,ancla_actual
09179,41.97383,-3.84701,ancla_actual
09180,42.29807,-3.98932,ancla_actual
09181,42.3614,-3.9304,ancla_actual
09182,42.28988,-4.24441,ancla_actual
09183,42.11472,-3.31239,ancla_actual
09184,42.08568,-3.35868,ancla_actual
09189,43.0387903,-3.4066123,ancla_actual
09190,42.955305,-3.0713001,ancla_actual
09191,42.1388763,-3.4607482,ancla_actual
09192,42.8390674,-3.1710416,ancla_actual
09194,42.02609,-3.75978,ancla_actual
09195,42.62435,-3.4589,ancla_actual
09196,42.14464,-3.67571,ancla_actual
09197,42.12442,-3.72509,ancla_actual
09198,42.11981,-3.9406,ancla_actual
09199,41.66634,-3.98448,ancla_actual
09200,42.09446,-3.46195,ancla_actual
09201,41.92762,-3.36228,ancla_actual
09202,42.45728,-3.94461,ancla_actual
09206,42.20767,-3.9192,ancla_actual
09208,42.09536,-3.57393,ancla_actual
09209,42.92938,-3.48804,ancla_actual
09211,42.40445,-4.24484,ancla_actual
09213,42.8635047,-3.4032471,ancla_actual
09214,43.0693884,-3.485592,ancla_actual
09215,43.0412134,-3.6523929,ancla_actual
09216,43.0202266,-3.7591527,ancla_actual
09217,42.8228183,-3.5499358,ancla_actual
09218,41.575,-3.69907,ancla_actual
09219,42.6865,-2.94695,ancla_actual
09220,42.67396,-3.19947,ancla_actual
09221,42.26118,-3.65965,ancla_actual
09223,42.0518,-3.19314,ancla_actual
09224,42.45775,-3.46965,ancla_actual
09225,41.95413,-3.19886,ancla_actual
09226,42.1482443,-3.1099379,ancla_actual
09227,42.58469,-3.77724,ancla_actual
09228,41.55164,-3.79118,ancla_actual
09229,41.61326,-3.96442,ancla_actual
09230,42.6809,-3.32698,ancla_actual
09231,41.96881,-3.6343,ancla_actual
09232,42.06016,-2.99691,ancla_actual
09235,41.78362,-3.93419,ancla_actual
09236,42.20322,-3.93911,ancla_actual
09238,42.734,-3.41459,ancla_actual
09239,41.83085,-3.70564,ancla_actual
09241,42.36083,-3.58223,ancla_actual
09242,42.40774,-4.17652,ancla_actual
09243,42.43803,-4.19094,ancla_actual
09244,42.70582,-3.53296,ancla_actual
09246,41.96392,-3.12788,ancla_actual
09247,42.34395,-4.25686,ancla_actual
09248,42.21162,-3.46014,ancla_actual
09249,42.19692,-3.98984,ancla_actual
09250,42.20582,-3.98666,ancla_actual
09251,42.63418,-3.1118,ancla_actual
09253,41.55183,-3.71089,ancla_actual
09255,42.7244855,-3.2287875,ancla_actual
09256,41.71289,-3.98804,ancla_actual
09257,42.44208,-3.9719,ancla_actual
09258,42.24918,-4.19849,ancla_actual
09259,42.40964,-3.82215,ancla_actual
09261,41.68849,-3.47863,ancla_actual
09262,42.07612,-4.07733,ancla_actual
09265,42.5903,-3.41337,ancla_actual
09266,42.2156,-3.2969,ancla_actual
09267,41.9092,-3.69565,ancla_actual
09268,41.91791,-3.30371,ancla_actual
09269,42.06815,-3.32706,ancla_actual
09270,41.87324,-3.61971,ancla_actual
09272,42.66542,-3.5014,ancla_actual
09273,42.50264,-3.34752,ancla_actual
09274,42.32484,-3.20284,ancla_actual
09275,42.18656,-3.90135,ancla_actual
09276,42.76622,-2.83059,ancla_actual
09277,42.04134,-3.58227,ancla_actual
09279,41.70073,-3.57476,ancla_actual
09280,42.58665,-3.36685,ancla_actual
09281,41.75886,-3.75121,ancla_actual
09283,42.66921,-3.29877,ancla_actual
09287,42.45,-3.68333,ancla_actual
09288,42.40914,-3.53296,ancla_actual
09289,41.98288,-3.03765,ancla_actual
09292,42.48084,-3.42449,ancla_actual
09294,41.98855,-3.76756,ancla_actual
09295,41.98333,-3.51667,ancla_actual
09297,42.37224,-3.84307,ancla_actual
09298,42.5485,-3.19321,ancla_actual
09301,42.41585,-3.68849,ancla_actual
09302,41.89375,-3.19665,ancla_actual
09303,42.31971,-3.27029,ancla_actual
09304,42.34065,-3.83414,ancla_actual
09306,42.68931,-4.22693,ancla_actual
09307,42.43804,-3.06547,ancla_actual
09308,42.46675,-3.11531,ancla_actual
09309,41.95623,-2.98843,ancla_actual
09310,42.50915,-3.38466,ancla_actual
09311,42.02945,-3.50679,ancla_actual
09312,42.0082951,-3.3474913,ancla_actual
09314,42.21081,-3.54289,ancla_actual
09315,42.23006,-3.65246,ancla_actual
09316,42.1506473,-4.1306159,ancla_actual
09317,42.51565,-4.23877,ancla_actual
09318,42.15209,-3.19759,ancla_actual
09321,41.69699,-3.92782,ancla_actual
09323,42.57781,-3.44195,ancla_actual
09325,42.00217,-3.95547,ancla_actual
09326,42.38746,-3.57485,ancla_actual
09327,42.55332,-3.50236,ancla_actual
09328,42.75111,-3.54166,ancla_actual
09329,42.6919,-3.47359,ancla_actual
09330,42.02242,-3.28631,ancla_actual
09332,42.2691146,-3.6849887,ancla_actual
09334,42.55243,-3.38753,ancla_actual
09335,42.27427,-3.47551,ancla_actual
09337,41.68313,-3.52337,ancla_actual
09338,42.33685,-3.79397,ancla_actual
09339,41.64191,-3.99134,ancla_actual
09340,42.13621,-3.34515,ancla_actual
09343,42.05225,-3.80345,ancla_actual
09345,41.59591,-3.59317,ancla_actual
09346,42.30558,-3.2214,ancla_actual
09347,42.71531,-3.05885,ancla_actual
09348,42.04013,-3.70322,ancla_actual
09350,42.13304,-3.97283,ancla_actual
09352,41.8650408,-3.5581261,ancla_actual
09353,42.6271757,-3.1797429,ancla_actual
09354,42.47721,-3.44109,ancla_actual
09355,41.8263367,-3.7508748,ancla_actual
09356,41.97354,-3.48142,ancla_actual
09358,41.964,-3.4174,ancla_actual
09360,42.33756,-3.1621,ancla_actual
09361,42.76917,-3.87278,ancla_actual
09362,42.2447979,-3.7032093,ancla_actual
09363,42.41687,-4.04288,ancla_actual
09365,41.56398,-3.81715,ancla_actual
09366,41.97168,-3.65876,ancla_actual
09368,42.46197,-4.10726,ancla_actual
09369,41.77717,-3.82525,ancla_actual
09372,42.40996,-3.71312,ancla_actual
09373,42.57935,-4.17725,ancla_actual
09374,42.47108,-3.92555,ancla_actual
09375,42.27386,-3.99154,ancla_actual
09377,42.34909,-3.817,ancla_actual
09378,41.95249,-3.53514,ancla_actual
09380,41.81885,-3.84318,ancla_actual
09381,42.1800235,-3.3645532,ancla_actual
09382,42.48384,-3.93984,ancla_actual
09384,42.0463,-3.86514,ancla_actual
09386,42.0949,-3.69356,ancla_actual
09387,41.58299,-3.75222,ancla_actual
09388,42.16673,-3.51689,ancla_actual
09389,42.04388,-3.93701,ancla_actual
09390,41.8292,-3.90981,ancla_actual
09391,41.8276819,-4.0212653,ancla_actual
09392,42.41368,-3.24286,ancla_actual
09394,42.80221,-3.38989,ancla_actual
09395,42.70932,-3.80116,ancla_actual
09396,41.80154,-3.58625,ancla_actual
09398,42.62044,-3.84418,ancla_actual
09400,41.63925,-3.57378,ancla_actual
09403,41.83302,-3.52792,ancla_actual
09405,41.60231,-3.93045,ancla_actual
09406,42.17232,-3.70938,ancla_actual
09407,42.3059,-3.25456,ancla_actual
09408,42.58864,-3.20457,ancla_actual
09409,42.8998983,-3.6952057,ancla_actual
09410,43.1138077,-3.2709064,ancla_actual
09411,42.4425019,-3.3243074,ancla_actual
09412,42.7952546,-3.2415688,ancla_actual
09413,42.9699595,-3.8233392,ancla_actual
09414,42.0947575,-3.1422031,ancla_actual
09415,42.7238429,-4.081106,ancla_actual
09416,42.8587062,-3.7495965,ancla_actual
09417,42.1857488,-4.1554031,ancla_actual
09418,42.12019,-4.0775,ancla_actual
09419,42.5722,-3.12113,ancla_actual
09421,41.6211692,-3.4881722,ancla_actual
09422,42.63068,-3.30074,ancla_actual
09423,42.62227,-3.32293,ancla_actual
09424,42.42608,-3.10056,ancla_actual
09425,41.95033,-3.07803,ancla_actual
09427,42.51589,-4.00958,ancla_actual
09428,41.72727,-4.0172,ancla_actual
09429,42.41518,-3.4184,ancla_actual
09430,42.09991,-3.40436,ancla_actual
09431,42.38781,-3.30949,ancla_actual
09432,41.91647,-3.91371,ancla_actual
09433,42.34872,-3.19203,ancla_actual
09434,42.30145,-3.73539,ancla_actual
09437,42.07587,-3.9129,ancla_actual
09438,41.68243,-3.74443,ancla_actual
09439,42.34757,-3.78101,ancla_actual
09440,41.80621,-3.62584,ancla_actual
09441,42.24719,-3.98534,ancla_actual
09442,42.0484,-3.74195,ancla_actual
09443,42.10565,-3.76542,ancla_actual
09444,42.46048,-4.11923,ancla_actual
09445,42.40543,-3.26192,ancla_actual
09446,42.1607,-4.14592,ancla_actual
09447,42.19124,-3.41771,ancla_actual
09448,42.17961,-3.77419,ancla_actual
09449,42.38045,-3.93353,ancla_actual
09450,41.98275,-3.32428,ancla_actual
09451,41.73778,-3.62658,ancla_actual
09454,42.6489,-3.16313,ancla_actual
09455,42.28287,-4.10037,ancla_actual
09456,42.22744,-4.00864,ancla_actual
09458,42.26965,-3.73272,ancla_actual
09460,42.37072,-4.10975,ancla_actual
09463,42.30764,-3.3942,ancla_actual
09464,41.81499,-3.88054,ancla_actual
09466,42.16075,-3.81421,ancla_actual
09467,42.16041,-4.05024,ancla_actual
09471,42.3975977,-3.6402483,ancla_actual
09472,42.19845,-4.01688,ancla_actual
09473,42.46866,-4.01759,ancla_actual
09476,42.16874,-3.44159,ancla_actual
09478,42.10359,-3.26698,ancla_actual
09480,42.10587,-3.82623,ancla_actual
09482,42.5429609,-4.2569352,ancla_actual
09483,41.69528,-3.55451,ancla_actual
09485,42.60501,-3.22632,ancla_actual
09901,42.0423233,-3.6413606,ancla_actual
09902,42.4800606,-3.8179153,ancla_actual
09903,42.9384378,-3.5742822,ancla_actual
09904,42.4726719,-3.583373,ancla_actual
09905,42.7315137,-3.7441473,ancla_actual
09906,42.5563717,-3.6716218,ancla_actual
09907,42.4029203,-3.7536185,ancla_actual
09908,42.9877965,-3.2203378,ancla_actual
10001,40.25922,-5.97828,ancla_actual
10002,39.24352,-5.81394,ancla_actual
10003,40.20105,-6.71689,ancla_actual
10004,39.8026,-6.63372,ancla_actual
10005,40.15008,-6.33292,ancla_actual
10006,40.18954,-6.18815,ancla_actual
10007,39.25592,-6.18528,ancla_actual
10008,39.71895,-6.88375,ancla_actual
10009,39.2447,-5.73924,ancla_actual
10010,39.18091,-6.22917,ancla_actual
10011,39.52725,-5.62936,ancla_actual
10012,39.28874,-6.31806,ancla_actual
10013,39.5698667,-5.9220269,ancla_actual
10014,40.1271,-5.7015,ancla_actual
10015,40.2598,-5.92886,ancla_actual
10016,40.0153955,-6.2397596,ancla_actual
10017,39.44803,-5.21754,ancla_actual
10018,39.42329,-6.69228,ancla_actual
10019,39.81416,-5.67698,ancla_actual
10020,39.17685,-6.04283,ancla_actual
10021,39.48511,-6.58401,ancla_actual
10022,40.05277,-5.85111,ancla_actual
10023,39.132855,-6.1459158,ancla_actual
10024,40.31671,-5.86009,ancla_actual
10025,40.08477,-5.88068,ancla_actual
10026,39.81913,-5.60915,ancla_actual
10027,39.30994,-6.08465,ancla_actual
10028,39.81948,-5.34951,ancla_actual
10029,39.43673,-5.46121,ancla_actual
10030,39.78457,-5.485,ancla_actual
10031,39.34498,-6.07318,ancla_actual
10032,39.61278,-6.7777,ancla_actual
10033,39.54804,-5.51203,ancla_actual
10034,40.13763,-6.00086,ancla_actual
10035,40.19364,-5.8065,ancla_actual
10036,40.11324,-5.89293,ancla_actual
10037,39.47649,-6.37224,ancla_actual
10038,39.91557,-6.66909,ancla_actual
10039,40.23743,-6.54083,ancla_actual
10040,40.06014,-6.53328,ancla_actual
10041,40.32719,-6.28923,ancla_actual
10042,39.70297,-5.57436,ancla_actual
10043,39.1696365,-5.7651065,ancla_actual
10044,39.37995,-5.38857,ancla_actual
10045,39.79198,-6.3913,ancla_actual
10046,39.60333,-7.19565,ancla_actual
10047,40.04968,-6.21375,ancla_actual
10048,39.63333,-5.21667,ancla_actual
10049,39.56106,-6.41944,ancla_actual
10050,40.29483,-6.25698,ancla_actual
10051,40.43333,-6.28333,ancla_actual
10052,39.23578,-6.29143,ancla_actual
10053,40.00932,-6.60073,ancla_actual
10054,40.10785,-5.90509,ancla_actual
10055,40.2032,-5.96152,ancla_actual
10056,39.81757,-6.32966,ancla_actual
10057,39.72687,-5.74363,ancla_actual
10058,39.88642,-5.68193,ancla_actual
10059,39.96543,-6.63711,ancla_actual
10060,39.62843,-5.41709,ancla_actual
10061,39.82231,-6.77329,ancla_actual
10062,39.65099,-7.49817,ancla_actual
10063,40.23678,-6.22764,ancla_actual
10064,40.11486,-6.79256,ancla_actual
10065,40.05729,-5.72052,ancla_actual
10066,39.3507,-5.73464,ancla_actual
10067,39.98406,-6.53603,ancla_actual
10068,40.0729209,-5.681105,ancla_actual
10069,39.4476489,-6.0001282,ancla_actual
10070,39.64359,-5.64576,ancla_actual
10071,40.30446,-6.48666,ancla_actual
10072,40.21648,-6.84616,ancla_actual
10073,39.16857,-5.88465,ancla_actual
10075,39.68418,-5.50899,ancla_actual
10076,39.97642,-6.26782,ancla_actual
10077,39.41287,-5.62821,ancla_actual
10078,40.32888,-5.82321,ancla_actual
10079,40.11049,-5.77665,ancla_actual
10080,40.24835,-5.92068,ancla_actual
10081,40.0613,-5.92781,ancla_actual
10082,39.6893602,-6.5130046,ancla_actual
10083,39.71984,-5.34678,ancla_actual
10084,40.23758,-6.59684,ancla_actual
10085,39.8656,-5.34343,ancla_actual
10086,40.23935,-5.99481,ancla_actual
10087,39.4508,-5.32588,ancla_actual
10088,40.10098,-6.46383,ancla_actual
10089,40.09383,-6.41007,ancla_actual
10090,40.19351,-6.16339,ancla_actual
10091,40.1541,-5.65414,ancla_actual
10092,39.37452,-5.76001,ancla_actual
10093,40.21246,-6.46479,ancla_actual
10094,39.63865,-7.40619,ancla_actual
10095,39.46265,-6.90615,ancla_actual
10096,40.27081,-5.86721,ancla_actual
10097,39.72551,-5.66692,ancla_actual
10098,39.709,-6.35567,ancla_actual
10099,39.89916,-6.34999,ancla_actual
10100,40.17154,-6.72092,ancla_actual
10101,40.05582,-6.61568,ancla_actual
10102,39.32538,-5.91833,ancla_actual
10103,39.66624,-5.81308,ancla_actual
10104,40.06005,-5.75426,ancla_actual
10105,40.12915,-5.66079,ancla_actual
10106,40.17156,-6.00281,ancla_actual
10107,40.22271,-5.75011,ancla_actual
10108,40.46576,-6.22427,ancla_actual
10109,39.33641,-5.49281,ancla_actual
10110,40.12158,-5.60454,ancla_actual
10111,40.1476,-5.36818,ancla_actual
10112,39.13858,-5.6274,ancla_actual
10113,39.42526,-5.75568,ancla_actual
10114,39.94291,-5.74589,ancla_actual
10115,39.44664,-6.5076,ancla_actual
10116,39.97962,-6.04609,ancla_actual
10117,40.26769,-6.27485,ancla_actual
10118,39.71738,-6.81825,ancla_actual
10119,39.52703,-7.0538,ancla_actual
10120,39.75587,-5.54637,ancla_actual
10121,39.15127,-5.90841,ancla_actual
10122,39.84917,-5.58079,ancla_actual
10123,39.8623,-6.23274,ancla_actual
10124,40.26891,-6.20292,ancla_actual
10125,39.63689,-6.20865,ancla_actual
10126,39.22548,-6.14914,ancla_actual
10127,40.08796,-6.34984,ancla_actual
10128,40.06682,-6.65983,ancla_actual
10129,40.01884,-6.39746,ancla_actual
10130,40.17712,-5.83108,ancla_actual
10131,39.89158,-5.54064,ancla_actual
10132,39.58389,-5.41328,ancla_actual
10133,39.6229,-6.6526,ancla_actual
10134,39.50918,-5.43766,ancla_actual
10135,40.40692,-6.24636,ancla_actual
10136,40.11227,-6.08648,ancla_actual
10137,40.24688,-6.27706,ancla_actual
10138,40.0248203,-5.8150906,ancla_actual
10139,39.82522,-6.41251,ancla_actual
10140,39.85288,-5.46065,ancla_actual
10141,39.7413,-5.38726,ancla_actual
10142,40.15596,-6.68192,ancla_actual
10143,39.91807,-6.64589,ancla_actual
10144,40.3263,-6.17603,ancla_actual
10145,39.78417,-6.92588,ancla_actual
10146,40.30351,-6.33181,ancla_actual
10147,40.11731,-5.84787,ancla_actual
10148,40.03116,-6.08845,ancla_actual
10149,39.38194,-6.04786,ancla_actual
10150,39.91757,-6.56218,ancla_actual
10151,39.81233,-6.47433,ancla_actual
10152,40.14805,-6.41458,ancla_actual
10153,39.31631,-5.85875,ancla_actual
10154,40.15389,-5.89956,ancla_actual
10155,39.92074,-6.30397,ancla_actual
10156,40.32234,-6.47129,ancla_actual
10157,40.10093,-5.58896,ancla_actual
10158,39.26956,-5.98001,ancla_actual
10159,39.60962,-5.50855,ancla_actual
10160,39.74199,-5.70081,ancla_actual
10161,39.32814,-6.01347,ancla_actual
10162,39.48018,-7.00758,ancla_actual
10163,39.30363,-6.03206,ancla_actual
10164,40.21241,-6.79535,ancla_actual
10165,39.30823,-5.99027,ancla_actual
10166,39.33635,-5.84561,ancla_actual
10167,40.19167,-6.34003,ancla_actual
10168,39.5115,-6.09881,ancla_actual
10169,39.60661,-7.24402,ancla_actual
10170,39.6284,-6.36362,ancla_actual
10171,40.18525,-6.54782,ancla_actual
10172,40.17637,-6.22441,ancla_actual
10173,39.85284,-5.67781,ancla_actual
10174,40.22427,-5.94836,ancla_actual
10175,39.8292,-6.14034,ancla_actual
10176,39.81735,-5.80263,ancla_actual
10177,39.43997,-6.27242,ancla_actual
10178,39.71715,-6.28146,ancla_actual
10179,40.1382022,-5.5171246,ancla_actual
10180,39.98701,-5.60982,ancla_actual
10181,40.0179,-5.86953,ancla_actual
10182,39.89749,-5.7795,ancla_actual
10183,40.25498,-5.68876,ancla_actual
10184,40.13604,-5.94426,ancla_actual
10185,40.24788,-6.41606,ancla_actual
10186,39.56837,-5.74238,ancla_actual
10187,40.22333,-6.57686,ancla_actual
10188,39.25441,-6.1161,ancla_actual
10189,39.89675,-6.46712,ancla_actual
10190,39.77068,-6.0126,ancla_actual
10191,40.04658,-5.77471,ancla_actual
10192,39.34565,-6.17335,ancla_actual
10193,39.3831,-6.24941,ancla_actual
10194,39.36664,-6.22052,ancla_actual
10195,39.45786,-5.88203,ancla_actual
10196,40.13293,-5.87932,ancla_actual
10197,39.75919,-5.61951,ancla_actual
10198,39.27433,-6.12183,ancla_actual
10199,39.83659,-5.52307,ancla_actual
10200,39.72588,-5.28296,ancla_actual
10201,39.20588,-6.06622,ancla_actual
10202,40.08297,-6.24757,ancla_actual
10203,39.41148,-7.24435,ancla_actual
10204,40.12268,-5.49541,ancla_actual
10205,40.2221,-6.87848,ancla_actual
10206,40.12191,-5.53593,ancla_actual
10207,40.14223,-6.42679,ancla_actual
10208,39.65955,-6.82122,ancla_actual
10209,39.24568,-5.87307,ancla_actual
10210,40.18635,-6.78425,ancla_actual
10211,40.20163,-6.40611,ancla_actual
10212,40.12998,-5.4625,ancla_actual
10213,39.70631,-5.19583,ancla_actual
10214,40.13773,-6.0279,ancla_actual
10215,40.17879,-6.62641,ancla_actual
10216,40.23723,-6.0485,ancla_actual
10217,39.25756,-6.03248,ancla_actual
10218,39.87692,-6.86211,ancla_actual
10219,39.28522,-5.69973,ancla_actual
10901,39.9841685,-5.4634346,ancla_actual
10902,40.0427086,-6.7266882,ancla_actual
10903,39.97416,-6.31757,ancla_actual
10904,40.02945,-5.48192,ancla_actual
10905,40.0702399,-5.3918475,ancla_actual
11001,36.46212,-5.72382,ancla_actual
11002,36.90448,-5.1724,ancla_actual
11003,36.65748,-5.65558,ancla_actual
11004,36.13326,-5.45051,ancla_actual
11005,36.88044,-5.40536,ancla_actual
11006,36.75075,-5.81056,ancla_actual
11007,36.19237,-5.92186,ancla_actual
11008,36.2206792,-5.558883,ancla_actual
11009,36.70069,-5.42222,ancla_actual
11010,36.81677,-5.74448,ancla_actual
11011,36.75828,-5.50535,ancla_actual
11012,36.52672,-6.2891,ancla_actual
11013,36.31736,-5.45407,ancla_actual
11014,36.27719,-6.0885,ancla_actual
11015,36.41976,-6.14367,ancla_actual
11016,36.73663,-6.43703,ancla_actual
11017,36.87446,-5.806,ancla_actual
11018,36.85478,-5.32334,ancla_actual
11019,36.76018,-5.36839,ancla_actual
11020,36.68645,-6.13606,ancla_actual
11021,36.43517,-5.45387,ancla_actual
11022,36.16809,-5.34777,ancla_actual
11023,36.45695,-5.92717,ancla_actual
11024,36.93418,-5.26678,ancla_actual
11025,36.52246,-5.86578,ancla_actual
11026,36.78756,-5.55589,ancla_actual
11027,36.59389,-6.23298,ancla_actual
11028,36.52819,-6.19011,ancla_actual
11029,36.92209,-5.54304,ancla_actual
11030,36.62364,-6.35997,ancla_actual
11031,36.4759,-6.19817,ancla_actual
11032,36.77808,-6.3515,ancla_actual
11033,36.20983,-5.38452,ancla_actual
11034,36.8713304,-5.1762233,ancla_actual
11035,36.01393,-5.60695,ancla_actual
11036,36.91588,-5.23381,ancla_actual
11037,36.87075,-6.17586,ancla_actual
11038,36.67777,-5.446,ancla_actual
11039,36.25213,-5.96717,ancla_actual
11040,36.69644,-5.38601,ancla_actual
11041,36.85979,-5.64485,ancla_actual
11042,36.84055,-5.39128,ancla_actual
11901,36.34375,-5.8128,ancla_actual
11902,36.60554,-5.79895,ancla_actual
11903,36.358974,-5.363161,ancla_actual
12001,40.2348121,-0.185751,ancla_actual
12002,39.8938369,-0.3486753,ancla_actual
12003,40.35,0.03333,ancla_actual
12004,40.3,0.23333,ancla_actual
12005,40.06667,-0.2,ancla_actual
12006,39.91667,-0.35,ancla_actual
12007,39.83333,-0.26667,ancla_actual
12008,39.91667,-0.43333,ancla_actual
12009,39.9512797,-0.0680263,ancla_actual
12010,39.86667,-0.4,ancla_actual
12011,39.75,-0.21667,ancla_actual
12012,39.85,-0.51667,ancla_actual
12013,40.06667,-0.48333,ancla_actual
12014,40.45675,-0.13267,ancla_actual
12015,40.05,-0.35,ancla_actual
12016,39.89104,-0.25758,ancla_actual
12017,40.0,-0.36667,ancla_actual
12018,39.83333,-0.36667,ancla_actual
12020,40.01667,-0.68333,ancla_actual
12021,39.93333,-0.2,ancla_actual
12022,39.9009206,-0.7364025,ancla_actual
12024,39.93333,-0.56667,ancla_actual
12025,40.27641,-0.20772,ancla_actual
12026,40.3769,-0.1397,ancla_actual
12027,40.4165,0.42709,ancla_actual
12028,40.05,0.06667,ancla_actual
12029,40.21075,0.02717,ancla_actual
12031,40.04249,-0.07025,ancla_actual
12032,39.88901,-0.08499,ancla_actual
12033,40.156,0.04325,ancla_actual
12034,40.46262,0.35521,ancla_actual
12036,40.55142,0.24308,ancla_actual
12037,40.66058,0.04217,ancla_actual
12038,40.50208,-0.19133,ancla_actual
12039,39.86667,-0.45,ancla_actual
12040,39.98567,-0.04935,ancla_actual
12041,40.13333,-0.38333,ancla_actual
12042,40.47156,0.02275,ancla_actual
12043,39.95,-0.56667,ancla_actual
12044,40.45366,0.27659,ancla_actual
12045,40.58333,-0.21667,ancla_actual
12046,40.05,-0.45,ancla_actual
12048,40.18812,-0.54195,ancla_actual
12049,40.11971,-0.17385,ancla_actual
12050,40.3237489,0.1183895,ancla_actual
12051,40.3365,-0.16569,ancla_actual
12052,40.51944,0.15831,ancla_actual
12053,39.7796873,-0.1810713,ancla_actual
12055,40.2307753,-0.2895887,ancla_actual
12056,39.85,-0.31667,ancla_actual
12057,39.88333,-0.3,ancla_actual
12058,40.03333,-0.35,ancla_actual
12059,40.01667,-0.31667,ancla_actual
12060,40.11667,-0.23333,ancla_actual
12061,40.64542,-0.19992,ancla_actual
12063,40.0570514,-0.6090907,ancla_actual
12064,40.03333,-0.41667,ancla_actual
12065,39.93333,-0.48333,ancla_actual
12067,39.83333,-0.46667,ancla_actual
12068,40.721,-0.00441,ancla_actual
12069,39.98333,-0.5,ancla_actual
12070,40.5022836,0.238572,ancla_actual
12071,39.91667,-0.56667,ancla_actual
12072,40.13333,-0.28333,ancla_actual
12073,40.08333,-0.36667,ancla_actual
12074,39.76667,-0.2,ancla_actual
12075,40.6165,-0.27983,ancla_actual
12076,39.93333,-0.46667,ancla_actual
12077,39.80907,-0.14701,ancla_actual
12078,40.03333,-0.55,ancla_actual
12079,40.06667,-0.51667,ancla_actual
12080,40.61966,-0.09892,ancla_actual
12081,39.88333,-0.5,ancla_actual
12082,39.85362,-0.15643,ancla_actual
12083,40.63775,-0.34041,ancla_actual
12084,39.96495,-0.26041,ancla_actual
12085,40.0920039,0.123061,ancla_actual
12087,40.718,-0.17941,ancla_actual
12088,39.96667,-0.48333,ancla_actual
12089,40.3574,0.40692,ancla_actual
12090,40.01667,-0.65,ancla_actual
12091,40.53267,-0.26249,ancla_actual
12092,40.1,-0.58333,ancla_actual
12093,40.6858367,0.1652549,ancla_actual
12094,40.1034759,-0.0012214,ancla_actual
12095,40.01667,-0.26667,ancla_actual
12096,40.6222674,0.224625,ancla_actual
12097,39.86667,-0.71667,ancla_actual
12098,40.4173874,0.147384,ancla_actual
12099,40.50982,0.33208,ancla_actual
12100,40.4659431,0.1739355,ancla_actual
12101,40.5945268,0.3393142,ancla_actual
12102,40.35625,0.30258,ancla_actual
12103,40.31284,0.0315,ancla_actual
12104,39.85,-0.48333,ancla_actual
12105,40.26929,-0.01892,ancla_actual
12106,39.81667,-0.41667,ancla_actual
12107,39.8,-0.4,ancla_actual
12108,39.9537577,-0.3533756,ancla_actual
12109,39.94844,-0.30719,ancla_actual
12110,39.90051,-0.65738,ancla_actual
12111,40.42316,0.07792,ancla_actual
12112,40.64675,-0.24675,ancla_actual
12113,40.05,-0.36667,ancla_actual
12114,39.91667,-0.68333,ancla_actual
12115,39.98333,-0.75,ancla_actual
12116,39.98333,-0.43333,ancla_actual
12117,40.22033,0.1965,ancla_actual
12118,40.05,-0.4,ancla_actual
12119,40.3203742,-0.0803469,ancla_actual
12120,40.2681521,0.0726847,ancla_actual
12121,40.52511,0.29023,ancla_actual
12122,40.1783389,-0.1337817,ancla_actual
12123,40.0369641,-0.3337829,ancla_actual
12124,40.17534,-0.03567,ancla_actual
12125,39.9,-0.45,ancla_actual
12126,39.82548,-0.23355,ancla_actual
12127,40.603,0.04642,ancla_actual
12128,40.1217641,-0.0710456,ancla_actual
12129,40.4314864,-0.2636307,ancla_actual
12130,40.20268,-0.4199,ancla_actual
12131,39.96667,-0.4,ancla_actual
12132,40.2393843,0.0903473,ancla_actual
12133,40.0578483,-0.638547,ancla_actual
12134,40.3541398,-0.0631528,ancla_actual
12135,39.9383,-0.10087,ancla_actual
12136,39.8637939,-0.1923564,ancla_actual
12137,40.67478,-0.20023,ancla_actual
12138,40.47033,0.47559,ancla_actual
12139,40.29617,-0.29435,ancla_actual
12140,39.91667,-0.6,ancla_actual
12141,40.72817,-0.16667,ancla_actual
12142,40.11667,-0.41667,ancla_actual
12901,39.89466,-0.12943,ancla_actual
12902,40.0687983,-0.1269739,ancla_actual
13001,38.88032,-4.35702,ancla_actual
13002,38.98183,-4.87133,ancla_actual
13003,38.67842,-4.79008,ancla_actual
13004,38.61887,-2.80784,ancla_actual
13005,39.39011,-3.20827,ancla_actual
13006,39.25988,-4.47715,ancla_actual
13007,38.9868,-4.11597,ancla_actual
13008,38.75312,-3.13407,ancla_actual
13009,38.7383,-3.84017,ancla_actual
13010,38.89925,-3.05333,ancla_actual
13011,38.77541,-4.83156,ancla_actual
13012,38.73851,-4.71073,ancla_actual
13013,38.88941,-3.71131,ancla_actual
13014,38.62453,-2.95382,ancla_actual
13015,38.70936,-4.17908,ancla_actual
13016,38.51325,-3.49776,ancla_actual
13017,39.48059,-4.83381,ancla_actual
13018,39.21861,-3.50211,ancla_actual
13019,39.12917,-3.09247,ancla_actual
13020,38.72985,-4.07627,ancla_actual
13021,39.1635689,-4.5577954,ancla_actual
13022,38.8346,-3.9447,ancla_actual
13023,38.9069,-3.66345,ancla_actual
13024,38.65869,-4.29368,ancla_actual
13025,38.84469,-4.2983,ancla_actual
13026,38.61508,-4.18452,ancla_actual
13027,38.6147573,-3.7604962,ancla_actual
13028,39.40463,-3.12492,ancla_actual
13029,38.85429,-4.02103,ancla_actual
13030,38.8301466,-4.054576,ancla_actual
13031,39.01897,-3.81683,ancla_actual
13032,38.84204,-2.9925,ancla_actual
13033,38.53928,-3.27573,ancla_actual
13034,38.96419,-3.95089,ancla_actual
13035,38.85793,-4.0814,ancla_actual
13036,39.3209298,-4.0360999,ancla_actual
13037,38.66219,-3.07205,ancla_actual
13038,38.79595,-4.86628,ancla_actual
13039,39.07004,-3.61498,ancla_actual
13040,39.1237227,-3.9483873,ancla_actual
13041,39.22014,-4.51753,ancla_actual
13042,38.40602,-4.30492,ancla_actual
13043,38.7559,-2.95814,ancla_actual
13044,39.22839,-3.77487,ancla_actual
13045,38.7969,-3.74337,ancla_actual
13046,38.72665,-4.97104,ancla_actual
13047,39.36616,-3.35735,ancla_actual
13048,38.61446,-4.13979,ancla_actual
13049,39.3273,-4.65168,ancla_actual
13050,39.2472022,-3.5537162,ancla_actual
13051,38.98452,-4.29247,ancla_actual
13052,39.16668,-3.85419,ancla_actual
13053,38.99915,-3.36991,ancla_actual
13054,38.97198,-3.3433,ancla_actual
13055,38.57616,-4.07096,ancla_actual
13056,38.96442,-3.89047,ancla_actual
13057,38.69802,-2.86441,ancla_actual
13058,38.82989,-3.57813,ancla_actual
13059,39.22573,-4.59133,ancla_actual
13060,39.49481,-4.52155,ancla_actual
13061,39.40285,-2.94664,ancla_actual
13062,39.05074,-4.06084,ancla_actual
13063,39.03536,-4.17512,ancla_actual
13064,38.9355,-3.98137,ancla_actual
13065,39.14618,-4.15407,ancla_actual
13066,38.8848882,-3.8407843,ancla_actual
13067,38.9239614,-4.1915926,ancla_actual
13068,39.08564,-4.61966,ancla_actual
13069,38.56766,-2.92605,ancla_actual
13070,39.2781512,-3.4799186,ancla_actual
13071,38.68712,-4.10734,ancla_actual
13072,39.4290602,-4.2524245,ancla_actual
13073,38.94382,-4.60768,ancla_actual
13074,38.84399,-3.24148,ancla_actual
13075,38.47681,-3.82605,ancla_actual
13076,38.63759,-2.86618,ancla_actual
13077,38.64241,-3.4665,ancla_actual
13078,39.28581,-2.79205,ancla_actual
13079,38.94422,-3.2381,ancla_actual
13080,38.4672,-4.0752,ancla_actual
13081,38.61057,-2.84215,ancla_actual
13082,39.15759,-3.02156,ancla_actual
13083,39.01785,-3.75105,ancla_actual
13084,38.58417,-3.05994,ancla_actual
13085,38.6396,-3.36259,ancla_actual
13086,38.93858,-4.8292,ancla_actual
13087,38.76211,-3.38483,ancla_actual
13088,38.85254,-3.7721,ancla_actual
13089,38.75023,-2.87066,ancla_actual
13090,38.54636,-2.99729,ancla_actual
13091,38.78763,-4.13774,ancla_actual
13092,38.69463,-2.69637,ancla_actual
13093,38.720196,-3.0356963,ancla_actual
13094,38.62173,-3.90903,ancla_actual
13095,38.8501,-3.96405,ancla_actual
13096,39.22085,-3.60802,ancla_actual
13097,39.23785,-3.42333,ancla_actual
13098,38.52208,-3.56348,ancla_actual
13901,39.21898,-4.28099,ancla_actual
13902,38.97775,-2.88321,ancla_actual
13903,39.2990807,-3.0425122,ancla_actual
13904,39.11797,-3.3516,ancla_actual
14001,38.02674,-4.52231,ancla_actual
14002,37.51476,-4.65717,ancla_actual
14003,38.38333,-4.96667,ancla_actual
14004,37.43902,-4.09052,ancla_actual
14005,37.8107,-5.02037,ancla_actual
14006,38.41667,-4.9,ancla_actual
14007,37.6167,-4.32245,ancla_actual
14008,38.57566,-5.16653,ancla_actual
14009,38.26667,-5.2,ancla_actual
14010,37.26833,-4.54123,ancla_actual
14011,38.4245079,-5.4540698,ancla_actual
14012,37.89556,-4.38074,ancla_actual
14013,37.47249,-4.44206,ancla_actual
14014,37.86717,-4.31835,ancla_actual
14015,37.4442,-4.27471,ancla_actual
14016,38.27023,-4.32358,ancla_actual
14017,37.67359,-4.93122,ancla_actual
14018,37.94085,-4.49696,ancla_actual
14019,37.69125,-4.48058,ancla_actual
14020,38.4,-4.5,ancla_actual
14021,37.89155,-4.77275,ancla_actual
14022,37.55346,-4.35602,ancla_actual
14023,38.45,-4.9,ancla_actual
14024,37.27419,-4.48828,ancla_actual
14025,37.6798,-4.55355,ancla_actual
14026,38.2,-5.01667,ancla_actual
14027,37.67044,-4.7264,ancla_actual
14028,38.4195683,-5.0485131,ancla_actual
14029,38.26667,-5.41667,ancla_actual
14030,37.70494,-5.09965,ancla_actual
14031,37.51095,-4.14631,ancla_actual
14032,38.36667,-5.35,ancla_actual
14033,37.75738,-4.94387,ancla_actual
14034,38.5243429,-4.7564431,ancla_actual
14035,38.50057,-5.14651,ancla_actual
14036,37.83333,-5.23333,ancla_actual
14037,37.25766,-4.30836,ancla_actual
14038,37.40881,-4.48522,ancla_actual
14039,37.55797,-4.27974,ancla_actual
14040,37.57996,-4.74935,ancla_actual
14041,37.6479,-4.69779,ancla_actual
14042,37.58627,-4.63805,ancla_actual
14043,38.02409,-4.3834,ancla_actual
14044,37.47186,-4.58164,ancla_actual
14045,37.4367,-4.60761,ancla_actual
14046,37.5863,-4.46759,ancla_actual
14047,38.13265,-4.80018,ancla_actual
14048,37.24851,-4.58261,ancla_actual
14049,37.70024,-5.28121,ancla_actual
14050,37.96686,-4.4556,ancla_actual
14051,38.42848,-4.76325,ancla_actual
14052,38.3,-5.26667,ancla_actual
14053,37.80205,-5.10726,ancla_actual
14054,38.37906,-4.84827,ancla_actual
14055,37.43807,-4.19523,ancla_actual
14056,37.38943,-4.76686,ancla_actual
14057,37.6076,-4.73962,ancla_actual
14058,37.3269,-4.36827,ancla_actual
14059,37.65376,-4.82409,ancla_actual
14060,37.56294,-4.84362,ancla_actual
14061,38.6,-4.9,ancla_actual
14062,38.46667,-4.66667,ancla_actual
14063,37.7756,-4.22038,ancla_actual
14064,38.4,-5.35,ancla_actual
14065,37.68126,-4.85199,ancla_actual
14066,37.98108,-4.29003,ancla_actual
14067,37.96257,-4.54547,ancla_actual
14068,38.13333,-4.9,ancla_actual
14069,38.32277,-4.62873,ancla_actual
14070,38.38333,-5.0,ancla_actual
14071,38.2,-5.15,ancla_actual
14072,38.45,-4.98333,ancla_actual
14073,38.08333,-5.01667,ancla_actual
14074,38.5989609,-5.0289212,ancla_actual
14075,37.54332,-4.31531,ancla_actual
14901,37.6756047,-5.1429701,ancla_actual
14902,37.6264905,-4.8702688,ancla_actual
15001,43.21667,-8.28333,ancla_actual
15002,42.90426,-8.65551,ancla_actual
15003,43.23469,-8.01705,ancla_actual
15004,43.42995,-8.24254,ancla_actual
15005,43.30482,-8.50749,ancla_actual
15006,42.9281,-8.1641,ancla_actual
15007,42.9618,-8.75784,ancla_actual
15008,43.31667,-8.23333,ancla_actual
15009,43.28042,-8.21467,ancla_actual
15010,43.0,-8.13333,ancla_actual
15011,42.64725,-8.88459,ancla_actual
15012,42.8275162,-8.4226271,ancla_actual
15013,42.86716,-8.67783,ancla_actual
15014,43.1943677,-8.895676,ancla_actual
15015,43.41759,-8.15925,ancla_actual
15016,43.13115,-9.18172,ancla_actual
15017,43.29438,-8.34736,ancla_actual
15018,43.4449471,-8.0410977,ancla_actual
15019,43.213,-8.69104,ancla_actual
15020,42.8233,-9.08913,ancla_actual
15021,43.2286,-8.35545,ancla_actual
15022,43.66044,-8.05719,ancla_actual
15023,42.95466,-9.188,ancla_actual
15024,43.18333,-8.48333,ancla_actual
15025,43.62063,-7.99959,ancla_actual
15027,43.25,-8.16667,ancla_actual
15028,42.94414,-9.1926,ancla_actual
15029,43.2,-8.75,ancla_actual
15030,43.37135,-8.396,ancla_actual
15031,43.28788,-8.38858,ancla_actual
15032,43.12374,-8.14818,ancla_actual
15033,42.7227712,-8.7201138,ancla_actual
15034,43.00836,-9.11328,ancla_actual
15035,43.45,-8.15,ancla_actual
15036,43.48451,-8.23293,ancla_actual
15037,42.90492,-9.26289,ancla_actual
15038,43.05011,-8.29391,ancla_actual
15039,43.2847,-8.05916,ancla_actual
15040,43.22019,-9.0063,ancla_actual
15041,43.2323419,-8.553653,ancla_actual
15042,42.76477,-8.84926,ancla_actual
15043,43.2971296,-8.8141956,ancla_actual
15044,43.65,-7.73333,ancla_actual
15045,42.94033,-8.97187,ancla_actual
15046,42.91382,-8.01496,ancla_actual
15047,43.1,-8.26667,ancla_actual
15048,43.35,-8.2,ancla_actual
15049,43.55,-8.01667,ancla_actual
15050,43.33333,-8.01667,ancla_actual
15051,43.4604,-8.25507,ancla_actual
15052,43.0578409,-9.1930408,ancla_actual
15053,42.77617,-9.06032,ancla_actual
15054,43.50175,-8.19082,ancla_actual
15055,43.49955,-8.15935,ancla_actual
15056,42.90402,-8.74273,ancla_actual
15057,42.78583,-8.88734,ancla_actual
15058,43.33333,-8.31667,ancla_actual
15059,43.07654,-8.409,ancla_actual
15060,42.98333,-8.43333,ancla_actual
15061,43.6515324,-7.8289966,ancla_actual
15062,42.85061,-8.92645,ancla_actual
15064,43.28567,-8.17415,ancla_actual
15065,42.73875,-8.66057,ancla_actual
15066,42.93587,-8.33284,ancla_actual
15067,42.60295,-8.93824,ancla_actual
15068,43.24326,-8.90081,ancla_actual
15069,43.40779,-8.17211,ancla_actual
15070,43.45266,-7.85178,ancla_actual
15071,42.72482,-9.00527,ancla_actual
15072,42.64977,-8.81763,ancla_actual
15073,42.5755755,-9.0117721,ancla_actual
15074,42.76295,-8.70528,ancla_actual
15075,43.35619,-8.25796,ancla_actual
15076,43.53333,-8.06667,ancla_actual
15077,43.03306,-8.80925,ancla_actual
15078,42.88052,-8.54569,ancla_actual
15079,42.87388,-8.05497,ancla_actual
15080,43.03882,-8.02784,ancla_actual
15081,43.5248922,-7.9202724,ancla_actual
15082,42.795,-8.548,ancla_actual
15083,42.9697086,-7.9545052,ancla_actual
15084,43.0880997,-8.5605597,ancla_actual
15085,42.86812,-8.30764,ancla_actual
15086,43.01667,-8.53333,ancla_actual
15087,43.6,-8.13333,ancla_actual
15088,43.0196412,-8.6540292,ancla_actual
15089,42.77817,-8.47636,ancla_actual
15090,43.07106,-8.12163,ancla_actual
15091,43.3565868,-8.123154,ancla_actual
15092,43.10988,-9.03351,ancla_actual
15093,43.09885,-8.91558,ancla_actual
15901,43.74134,-7.86715,ancla_actual
15902,43.1828449,-8.1890812,ancla_actual
16001,40.01836,-2.39499,ancla_actual
16002,39.90866,-2.98321,ancla_actual
16003,39.55,-2.08333,ancla_actual
16004,39.80684,-2.22903,ancla_actual
16005,40.36614,-2.27718,ancla_actual
16006,40.48751,-2.41747,ancla_actual
16007,39.51458,-2.49272,ancla_actual
16008,40.03333,-1.51667,ancla_actual
16009,40.54818,-2.33258,ancla_actual
16010,40.06289,-2.80782,ancla_actual
16011,40.41763,-2.6149,ancla_actual
16012,39.71963,-2.57366,ancla_actual
16013,40.0,-1.43333,ancla_actual
16014,39.74143,-1.32567,ancla_actual
16015,39.68626,-2.38011,ancla_actual
16017,39.71667,-1.88333,ancla_actual
16018,39.82344,-2.7677,ancla_actual
16019,39.91258,-2.35692,ancla_actual
16020,40.51056,-2.38355,ancla_actual
16022,40.34664,-2.1131,ancla_actual
16023,40.10539,-2.22181,ancla_actual
16024,39.83333,-1.81667,ancla_actual
16025,40.3032,-2.35899,ancla_actual
16026,39.51864,-2.25175,ancla_actual
16027,40.1234,-2.91675,ancla_actual
16029,39.66667,-2.06667,ancla_actual
16030,40.21322,-2.22812,ancla_actual
16031,40.18645,-1.8288,ancla_actual
16032,40.04603,-3.05517,ancla_actual
16033,39.55746,-2.70461,ancla_actual
16034,39.82212,-2.34467,ancla_actual
16035,40.57191,-2.07588,ancla_actual
16036,39.98333,-1.61667,ancla_actual
16038,40.33622,-2.4625,ancla_actual
16039,39.65,-2.16667,ancla_actual
16040,40.13333,-2.0,ancla_actual
16041,40.36643,-2.75645,ancla_actual
16042,39.6,-1.8,ancla_actual
16043,39.98333,-1.55,ancla_actual
16044,40.1,-1.7,ancla_actual
16045,40.3685,-2.49408,ancla_actual
16046,39.96667,-1.9,ancla_actual
16047,39.5560897,-2.2293031,ancla_actual
16048,40.45203,-2.23983,ancla_actual
16049,39.54285,-2.30342,ancla_actual
16050,40.35994,-2.39611,ancla_actual
16051,40.40024,-2.63719,ancla_actual
16052,40.05,-1.65,ancla_actual
16053,40.5187,-2.19201,ancla_actual
16055,39.88333,-1.8,ancla_actual
16056,39.76667,-1.68333,ancla_actual
16057,40.59092,-2.16305,ancla_actual
16058,39.59757,-2.54182,ancla_actual
16060,39.3048548,-2.1122317,ancla_actual
16061,39.35065,-2.32402,ancla_actual
16062,40.0,-1.41667,ancla_actual
16063,39.35,-2.16667,ancla_actual
16064,39.33355,-2.27273,ancla_actual
16065,39.33375,-2.36984,ancla_actual
16066,39.36667,-2.03333,ancla_actual
16067,40.38124,-2.5202,ancla_actual
16068,39.53333,-1.76667,ancla_actual
16070,40.37477,-2.1404,ancla_actual
16071,40.29869,-2.39277,ancla_actual
16072,39.65928,-2.3803,ancla_actual
16073,39.78312,-2.42019,ancla_actual
16074,40.05,-1.85,ancla_actual
16078,40.06667,-2.13333,ancla_actual
16079,40.58258,-2.03612,ancla_actual
16081,39.76667,-2.03333,ancla_actual
16082,39.66667,-1.6,ancla_actual
16083,39.92577,-2.31498,ancla_actual
16084,40.39101,-2.14233,ancla_actual
16085,40.40161,-2.21699,ancla_actual
16086,39.92438,-3.00916,ancla_actual
16087,39.68934,-2.66869,ancla_actual
16088,39.91667,-1.46667,ancla_actual
16089,39.96667,-2.01667,ancla_actual
16091,40.47552,-2.1762,ancla_actual
16092,39.61667,-1.93333,ancla_actual
16093,39.81667,-1.36667,ancla_actual
16094,40.29937,-2.51856,ancla_actual
16095,39.9,-1.26667,ancla_actual
16096,39.51667,-1.66667,ancla_actual
16097,39.86667,-1.48333,ancla_actual
16098,39.4,-1.61667,ancla_actual
16099,39.72778,-2.41403,ancla_actual
16100,39.60417,-2.82572,ancla_actual
16101,39.85927,-2.71536,ancla_actual
16102,39.61358,-2.28077,ancla_actual
16103,39.71553,-2.83516,ancla_actual
16104,39.7,-2.18333,ancla_actual
16106,39.84221,-2.99724,ancla_actual
16107,40.27658,-1.80957,ancla_actual
16108,40.04282,-2.88444,ancla_actual
16109,40.03333,-1.6,ancla_actual
16110,39.98901,-2.47875,ancla_actual
16111,40.15,-1.68333,ancla_actual
16112,40.14526,-2.69026,ancla_actual
16113,39.43333,-1.75,ancla_actual
16115,40.17749,-1.67167,ancla_actual
16116,40.531,-2.01956,ancla_actual
16117,39.9,-1.36667,ancla_actual
16118,39.36667,-1.7,ancla_actual
16119,40.16568,-2.94966,ancla_actual
16121,40.29732,-2.02146,ancla_actual
16122,40.16717,-2.14601,ancla_actual
16123,40.54689,-2.02588,ancla_actual
16124,39.38871,-2.76524,ancla_actual
16125,39.53333,-1.6,ancla_actual
16126,39.71667,-1.43333,ancla_actual
16128,39.56888,-2.76046,ancla_actual
16129,39.73369,-2.49911,ancla_actual
16130,39.87994,-2.67038,ancla_actual
16131,39.8,-1.9,ancla_actual
16132,39.88201,-2.30958,ancla_actual
16133,39.50189,-2.86994,ancla_actual
16134,39.56667,-1.88333,ancla_actual
16135,39.95,-1.36667,ancla_actual
16137,39.75,-1.46667,ancla_actual
16139,39.76101,-2.35589,ancla_actual
16140,40.31088,-2.47592,ancla_actual
16141,39.8,-2.08333,ancla_actual
16142,39.61667,-2.1,ancla_actual
16143,40.30232,-2.41952,ancla_actual
16145,39.65977,-2.75998,ancla_actual
16146,39.95,-1.78333,ancla_actual
16147,39.95,-1.73333,ancla_actual
16148,39.94664,-2.59776,ancla_actual
16149,40.06667,-2.05,ancla_actual
16150,39.71667,-1.78333,ancla_actual
16151,40.06578,-2.854,ancla_actual
16152,39.86882,-2.20443,ancla_actual
16153,39.4858,-2.74642,ancla_actual
16154,39.44997,-2.67394,ancla_actual
16155,39.5,-1.9,ancla_actual
16156,40.23527,-2.55611,ancla_actual
16157,39.58333,-1.56667,ancla_actual
16158,39.4456804,-2.1033169,ancla_actual
16159,39.61639,-2.42592,ancla_actual
16160,40.08546,-2.54368,ancla_actual
16161,39.71667,-2.06667,ancla_actual
16162,40.2815114,-2.6085556,ancla_actual
16163,40.28957,-2.08178,ancla_actual
16165,40.42327,-2.04954,ancla_actual
16166,39.36558,-2.19617,ancla_actual
16167,39.81645,-2.94936,ancla_actual
16169,40.61964,-2.27646,ancla_actual
16170,40.44936,-2.31435,ancla_actual
16171,39.3774,-2.57448,ancla_actual
16172,39.7844,-2.81435,ancla_actual
16173,40.2405814,-2.7676805,ancla_actual
16174,39.56667,-1.66667,ancla_actual
16175,39.33333,-1.93333,ancla_actual
16176,39.57002,-2.62086,ancla_actual
16177,39.9,-1.86667,ancla_actual
16181,39.99083,-2.80525,ancla_actual
16185,40.15525,-2.85369,ancla_actual
16186,39.92061,-2.80502,ancla_actual
16187,40.08333,-1.55,ancla_actual
16188,40.5009649,-2.5225433,ancla_actual
16189,40.1,-1.5,ancla_actual
16190,39.4041,-2.42819,ancla_actual
16191,39.85129,-2.36079,ancla_actual
16192,39.9,-1.56667,ancla_actual
16193,40.42956,-2.40602,ancla_actual
16194,39.95,-1.26667,ancla_actual
16195,39.55942,-2.42306,ancla_actual
16196,39.4827392,-2.8100031,ancla_actual
16197,40.50439,-2.04115,ancla_actual
16198,39.40849,-2.20173,ancla_actual
16199,39.7515906,-1.967873,ancla_actual
16202,39.85,-1.28333,ancla_actual
16203,40.00851,-3.00731,ancla_actual
16204,39.5,-2.16667,ancla_actual
16205,40.13333,-1.63333,ancla_actual
16206,40.32547,-2.58228,ancla_actual
16209,40.30253,-2.28546,ancla_actual
16211,40.0084,-2.57107,ancla_actual
16212,39.89749,-2.96133,ancla_actual
16215,40.35011,-1.85102,ancla_actual
16216,39.70087,-2.75502,ancla_actual
16217,39.97264,-2.89809,ancla_actual
16218,39.97938,-2.86143,ancla_actual
16219,40.2241,-1.97788,ancla_actual
16224,40.22367,-1.74358,ancla_actual
16225,40.03333,-1.78333,ancla_actual
16227,40.1,-1.76667,ancla_actual
16228,40.506,-2.44532,ancla_actual
16231,39.56667,-2.01667,ancla_actual
16236,39.71866,-2.22135,ancla_actual
16237,39.61667,-2.01667,ancla_actual
16238,39.42595,-2.29404,ancla_actual
16239,40.42457,-1.91312,ancla_actual
16240,40.12965,-2.81444,ancla_actual
16242,40.40064,-2.31956,ancla_actual
16243,39.5989,-2.67352,ancla_actual
16244,39.31667,-1.83333,ancla_actual
16245,40.23437,-2.08929,ancla_actual
16246,40.34653,-2.63902,ancla_actual
16247,39.68245,-2.50885,ancla_actual
16248,39.46667,-1.63333,ancla_actual
16249,39.73072,-2.92357,ancla_actual
16250,40.2196347,-2.5050981,ancla_actual
16251,39.43333,-1.93333,ancla_actual
16253,39.7786,-2.56428,ancla_actual
16254,40.23732,-2.29136,ancla_actual
16255,39.63725,-2.52155,ancla_actual
16258,39.86667,-1.63333,ancla_actual
16259,40.45514,-2.47905,ancla_actual
16263,40.01496,-2.19561,ancla_actual
16264,39.78809,-2.6968,ancla_actual
16265,40.08745,-2.40996,ancla_actual
16266,39.87231,-2.44145,ancla_actual
16269,39.84109,-2.50427,ancla_actual
16270,39.94511,-2.89431,ancla_actual
16271,39.45,-1.65,ancla_actual
16272,40.2302904,-2.4112908,ancla_actual
16273,39.77099,-2.26552,ancla_actual
16274,39.75,-1.58333,ancla_actual
16275,40.58743,-2.3806,ancla_actual
16276,39.7584304,-1.7356889,ancla_actual
16277,39.89203,-2.55786,ancla_actual
16278,40.2,-1.61667,ancla_actual
16279,40.01591,-3.12877,ancla_actual
16280,40.25902,-2.11034,ancla_actual
16901,40.0255843,-2.7027516,ancla_actual
16902,39.9240319,-2.1702863,ancla_actual
16903,39.7960213,-2.1469397,ancla_actual
16904,40.1299624,-2.3071168,ancla_actual
16905,39.98333,-2.11667,ancla_actual
16906,40.1083953,-2.4700967,ancla_actual
16908,39.4786813,-2.0223833,ancla_actual
16909,40.2855504,-2.1872337,ancla_actual
16910,40.1397677,-2.4092842,ancla_actual
17001,42.39408,2.84666,ancla_actual
17002,41.9384,2.76217,ancla_actual
17003,42.30431,2.71995,ancla_actual
17004,42.10389,3.08433,ancla_actual
17005,42.25195,2.99588,ancla_actual
17006,42.37256,1.88699,ancla_actual
17007,42.01053,2.60204,ancla_actual
17008,41.95617,2.63603,ancla_actual
17009,41.81667,2.51667,ancla_actual
17010,42.21563,2.64193,ancla_actual
17011,42.17153,3.07439,ancla_actual
17012,42.24984,2.91509,ancla_actual
17013,41.95,3.21667,ancla_actual
17014,42.4038,2.80016,ancla_actual
17015,42.11667,2.76667,ancla_actual
17016,42.15998,2.91028,ancla_actual
17018,42.08012,3.09493,ancla_actual
17019,42.19893,2.69953,ancla_actual
17020,41.96603,2.73922,ancla_actual
17021,42.23722,2.70942,ancla_actual
17022,41.9441008,3.0429751,ancla_actual
17023,41.67419,2.79036,ancla_actual
17024,42.41775,1.87986,ancla_actual
17025,42.04336,2.91088,ancla_actual
17026,42.22316,2.9261,ancla_actual
17027,41.74833,2.55964,ancla_actual
17028,41.9,2.68333,ancla_actual
17029,42.3291241,2.8664804,ancla_actual
17030,42.30805,2.97766,ancla_actual
17031,42.23068,2.81997,ancla_actual
17032,42.28856,3.27706,ancla_actual
17033,41.83333,2.81667,ancla_actual
17034,41.85869,3.07926,ancla_actual
17035,42.08776,2.76288,ancla_actual
17036,42.22445,2.1686,ancla_actual
17037,42.29471,2.1407,ancla_actual
17038,41.89653,2.83219,ancla_actual
17039,42.31185,2.36506,ancla_actual
17040,42.03333,2.73333,ancla_actual
17041,42.42216,2.92524,ancla_actual
17042,42.37351,2.92026,ancla_actual
17043,42.34928,2.16285,ancla_actual
17044,41.88784,2.87524,ancla_actual
17046,42.21968,2.54947,ancla_actual
17047,42.25673,3.07446,ancla_actual
17048,41.81751,3.06742,ancla_actual
17049,42.03333,2.88333,ancla_actual
17050,42.0665,2.90743,ancla_actual
17051,42.2687,2.8478,ancla_actual
17052,42.20916,2.99392,ancla_actual
17054,42.40394,3.15153,ancla_actual
17055,42.08333,2.98333,ancla_actual
17056,42.08333,2.81667,ancla_actual
17057,41.98333,3.01667,ancla_actual
17058,42.18333,2.8,ancla_actual
17060,42.36667,2.83333,ancla_actual
17061,42.36143,1.87051,ancla_actual
17062,42.12562,3.13261,ancla_actual
17063,41.86667,2.41667,ancla_actual
17064,42.3912,3.00064,ancla_actual
17065,42.16667,2.8,ancla_actual
17066,42.26645,2.96163,ancla_actual
17067,42.0454967,2.9624613,ancla_actual
17068,42.03626,3.00021,ancla_actual
17069,42.3856066,1.9197288,ancla_actual
17070,42.01117,3.10776,ancla_actual
17071,42.13333,2.8,ancla_actual
17073,41.93159,2.80907,ancla_actual
17074,42.2432,3.03881,ancla_actual
17075,42.19343,2.95438,ancla_actual
17076,42.1,3.03333,ancla_actual
17077,42.34392,3.06506,ancla_actual
17078,42.41059,1.84536,ancla_actual
17079,41.98311,2.82493,ancla_actual
17080,42.25,2.1,ancla_actual
17081,42.02953,3.10312,ancla_actual
17082,42.4474,1.88012,ancla_actual
17083,41.75,2.63333,ancla_actual
17084,42.37763,1.81807,ancla_actual
17085,42.07254,3.01062,ancla_actual
17086,42.41728,2.87363,ancla_actual
17087,42.01667,2.91667,ancla_actual
17088,42.24769,2.81373,ancla_actual
17089,41.82688,2.89365,ancla_actual
17090,41.92106,2.85078,ancla_actual
17091,42.31667,2.35,ancla_actual
17092,42.36241,3.15213,ancla_actual
17093,42.29571,2.91183,ancla_actual
17094,42.46462,1.9807,ancla_actual
17095,41.69993,2.84565,ancla_actual
17096,42.15,2.11667,ancla_actual
17097,41.98333,2.96667,ancla_actual
17098,42.22134,2.74469,ancla_actual
17099,42.44518,1.78777,ancla_actual
17100,42.3509,2.97296,ancla_actual
17101,41.76536,2.65324,ancla_actual
17102,42.38597,2.74806,ancla_actual
17103,41.78333,2.73333,ancla_actual
17105,42.12247,2.6385,ancla_actual
17106,42.35959,3.00034,ancla_actual
17107,42.34719,2.40506,ancla_actual
17109,42.2737833,2.5534886,ancla_actual
17110,41.9,3.15,ancla_actual
17111,42.22353,2.8611,ancla_actual
17112,42.27159,2.23148,ancla_actual
17114,42.18096,2.49012,ancla_actual
17115,42.2183,2.90705,ancla_actual
17116,41.94596,2.55535,ancla_actual
17117,41.91738,3.1631,ancla_actual
17118,41.84843,3.12912,ancla_actual
17119,42.1793183,2.9753473,ancla_actual
17120,42.30778,3.14685,ancla_actual
17121,41.98897,3.11016,ancla_actual
17123,42.06667,2.8,ancla_actual
17124,41.97102,3.14814,ancla_actual
17125,42.31312,2.21375,ancla_actual
17126,42.02163,3.03197,ancla_actual
17129,42.3069431,3.0698909,ancla_actual
17130,42.02052,2.97409,ancla_actual
17132,42.30823,3.0091,ancla_actual
17133,42.05669,2.54093,ancla_actual
17134,42.31667,2.1,ancla_actual
17135,42.3144,2.92996,ancla_actual
17136,42.18665,2.91706,ancla_actual
17137,42.11682,2.74143,ancla_actual
17138,42.4265,3.15805,ancla_actual
17139,42.14508,2.46025,ancla_actual
17140,42.33691,3.20492,ancla_actual
17141,42.4316,1.92819,ancla_actual
17142,41.9532709,2.8872557,ancla_actual
17143,42.3789,3.02828,ancla_actual
17144,41.95271,3.17006,ancla_actual
17145,42.30417,2.16757,ancla_actual
17146,41.78333,2.51667,ancla_actual
17147,42.20064,2.19033,ancla_actual
17148,41.81667,2.71667,ancla_actual
17149,42.18824,2.40935,ancla_actual
17150,41.89327,2.80452,ancla_actual
17151,42.22726,3.0419,ancla_actual
17152,42.26199,3.17689,ancla_actual
17153,42.01667,3.01667,ancla_actual
17154,42.23333,2.65,ancla_actual
17155,41.97489,2.79281,ancla_actual
17157,41.86667,2.83333,ancla_actual
17158,42.36888,2.97996,ancla_actual
17159,41.78333,2.58333,ancla_actual
17160,41.78333,3.03333,ancla_actual
17161,42.07708,2.50935,ancla_actual
17162,42.2,2.66667,ancla_actual
17163,41.98333,2.73333,ancla_actual
17164,41.88333,2.51667,ancla_actual
17165,42.2098117,2.5939379,ancla_actual
17166,42.06667,2.95,ancla_actual
17167,42.23332,2.28524,ancla_actual
17168,42.0462381,2.9381868,ancla_actual
17169,42.02932,2.85338,ancla_actual
17170,42.1859223,2.3052847,ancla_actual
17171,42.31976,2.78888,ancla_actual
17172,42.0376082,2.6711661,ancla_actual
17173,42.01667,2.93333,ancla_actual
17174,42.13333,2.68333,ancla_actual
17175,42.172,2.99259,ancla_actual
17176,42.1559,2.98946,ancla_actual
17177,42.26108,2.36579,ancla_actual
17178,42.18812,3.08212,ancla_actual
17180,41.86667,2.66667,ancla_actual
17181,41.81667,3.0,ancla_actual
17182,42.23332,2.95238,ancla_actual
17183,42.09023,2.58688,ancla_actual
17184,42.1443,2.57123,ancla_actual
17185,42.21186,2.51291,ancla_actual
17186,42.0139564,2.8123476,ancla_actual
17187,42.1324,2.97742,ancla_actual
17188,42.32416,3.18698,ancla_actual
17189,41.96919,2.62402,ancla_actual
17190,42.17021,2.74392,ancla_actual
17191,42.02877,3.07222,ancla_actual
17192,42.37554,2.30179,ancla_actual
17193,41.80842,2.74507,ancla_actual
17194,41.97776,2.51652,ancla_actual
17195,42.0802,3.05583,ancla_actual
17196,42.31032,2.83855,ancla_actual
17197,41.95243,3.12684,ancla_actual
17198,42.17522,3.04025,ancla_actual
17199,42.04254,3.12703,ancla_actual
17200,42.23333,2.63333,ancla_actual
17201,42.32162,2.01582,ancla_actual
17202,41.71667,2.93333,ancla_actual
17203,42.0364,3.03455,ancla_actual
17204,42.04964,3.10754,ancla_actual
17205,42.0,3.06667,ancla_actual
17206,42.35131,1.85343,ancla_actual
17207,42.125696,2.4236289,ancla_actual
17208,42.2377047,2.433666,ancla_actual
17209,41.88055,3.12641,ancla_actual
17210,42.14921,3.02635,ancla_actual
17211,42.06283,3.04579,ancla_actual
17212,42.12285,2.30977,ancla_actual
17213,41.78333,2.78333,ancla_actual
17214,42.28255,2.98144,ancla_actual
17215,41.95746,2.77377,ancla_actual
17216,42.08333,2.93333,ancla_actual
17217,42.13299,3.07555,ancla_actual
17218,42.1389,2.88819,ancla_actual
17220,41.84746,2.39019,ancla_actual
17221,42.24668,2.9382,ancla_actual
17222,42.14382,2.95419,ancla_actual
17223,42.32533,3.09302,ancla_actual
17224,42.32998,2.31652,ancla_actual
17225,42.19618,3.05662,ancla_actual
17226,42.2172,2.97009,ancla_actual
17227,42.37522,3.06755,ancla_actual
17228,42.25471,2.88923,ancla_actual
17230,42.26578,3.01839,ancla_actual
17232,42.1,3.0,ancla_actual
17233,41.88333,2.75,ancla_actual
17234,42.33734,2.89513,ancla_actual
17901,41.9236369,2.9818881,ancla_actual
17902,41.9389312,3.0855921,ancla_actual
17903,41.9752286,2.6503326,ancla_actual
18001,37.03023,-3.8287,ancla_actual
18002,37.58232,-3.24241,ancla_actual
18003,37.23088,-3.6551,ancla_actual
18004,36.8277,-3.21144,ancla_actual
18006,36.79203,-3.205,ancla_actual
18007,36.92828,-3.63184,ancla_actual
18010,37.16012,-3.07204,ancla_actual
18011,37.23744,-3.56807,ancla_actual
18012,37.32526,-4.1585,ancla_actual
18013,37.00689,-3.98963,ancla_actual
18014,37.10879,-3.64557,ancla_actual
18015,37.60898,-3.13648,ancla_actual
18016,36.90258,-3.30122,ancla_actual
18017,36.73246,-3.69173,ancla_actual
18018,37.18024,-3.11553,ancla_actual
18020,36.95799,-3.89362,ancla_actual
18021,37.14386,-3.62534,ancla_actual
18022,37.22479,-3.68686,ancla_actual
18023,37.49073,-2.77259,ancla_actual
18024,37.21803,-3.48095,ancla_actual
18025,37.27861,-3.20579,ancla_actual
18027,37.3561834,-3.1648376,ancla_actual
18028,37.42742,-3.68346,ancla_actual
18029,37.60826,-2.7025,ancla_actual
18030,36.97678,-3.19067,ancla_actual
18032,36.949,-3.35615,ancla_actual
18033,36.93796,-3.29444,ancla_actual
18034,37.05995,-3.91689,ancla_actual
18035,36.94591,-3.1802,ancla_actual
18036,37.13381,-3.57274,ancla_actual
18037,37.2713,-3.61345,ancla_actual
18038,37.48235,-3.61771,ancla_actual
18039,37.43671,-2.72482,ancla_actual
18040,36.92684,-3.42808,ancla_actual
18042,36.96148,-3.35864,ancla_actual
18043,36.92204,-3.40834,ancla_actual
18044,36.93164,-3.25406,ancla_actual
18045,37.71697,-2.6406,ancla_actual
18046,37.79581,-2.78002,ancla_actual
18047,37.16006,-3.53548,ancla_actual
18048,37.198,-3.81174,ancla_actual
18049,37.22521,-3.16094,ancla_actual
18050,37.2981169,-3.5586852,ancla_actual
18051,37.37156,-3.71393,ancla_actual
18053,37.65514,-2.77167,ancla_actual
18054,37.302119,-3.23549,ancla_actual
18056,37.5678122,-2.5197931,ancla_actual
18057,37.15361,-3.67072,ancla_actual
18059,37.19977,-3.77157,ancla_actual
18061,37.13125,-3.8213,ancla_actual
18062,37.14499,-3.64617,ancla_actual
18063,37.34987,-3.29465,ancla_actual
18064,37.58876,-3.10317,ancla_actual
18065,37.4853057,-3.5597732,ancla_actual
18066,37.3262,-3.59568,ancla_actual
18067,37.31982,-3.33256,ancla_actual
18068,37.07282,-3.60134,ancla_actual
18069,37.17968,-2.9911,ancla_actual
18070,37.18579,-3.48347,ancla_actual
18071,36.98788,-3.56601,ancla_actual
18072,37.06219,-3.76126,ancla_actual
18074,37.17247,-3.03539,ancla_actual
18076,37.41042,-3.17158,ancla_actual
18077,36.9465174,-3.8544604,ancla_actual
18078,37.5299,-2.90828,ancla_actual
18079,37.22019,-3.78294,ancla_actual
18082,37.74262,-2.55175,ancla_actual
18083,37.47845,-3.32119,ancla_actual
18084,37.10456,-3.60565,ancla_actual
18085,37.36937,-2.97016,ancla_actual
18086,37.48014,-3.04206,ancla_actual
18087,37.18817,-3.60667,ancla_actual
18088,37.55711,-3.39859,ancla_actual
18089,37.29932,-3.13922,ancla_actual
18093,36.74467,-3.39079,ancla_actual
18094,37.15994,-3.43863,ancla_actual
18095,37.25759,-3.59691,ancla_actual
18096,37.41972,-3.26226,ancla_actual
18097,37.1766,-2.95024,ancla_actual
18098,37.81104,-2.54116,ancla_actual
18099,37.2915679,-3.45402,ancla_actual
18100,37.19834,-4.04692,ancla_actual
18101,37.14529,-3.56963,ancla_actual
18102,37.28771,-3.88109,ancla_actual
18103,36.79998,-3.63899,ancla_actual
18105,37.39258,-3.52762,ancla_actual
18106,36.93499,-3.91149,ancla_actual
18107,36.9492,-3.82313,ancla_actual
18109,36.79691,-3.6672,ancla_actual
18111,37.22083,-3.59407,ancla_actual
18112,36.94879,-3.22586,ancla_actual
18114,37.18333,-3.06667,ancla_actual
18115,37.19519,-3.83277,ancla_actual
18116,36.91853,-3.4818,ancla_actual
18119,36.950992,-3.5272956,ancla_actual
18120,36.83613,-3.67426,ancla_actual
18121,36.92849,-3.2123,ancla_actual
18122,37.16887,-4.15129,ancla_actual
18123,37.22942,-3.2415,ancla_actual
18124,36.78831,-3.404,ancla_actual
18126,37.1002468,-3.7356881,ancla_actual
18127,37.20764,-3.63493,ancla_actual
18128,37.29639,-3.20353,ancla_actual
18132,37.33959,-3.78651,ancla_actual
18133,36.78592,-3.60783,ancla_actual
18134,37.1332,-3.53724,ancla_actual
18135,37.32308,-4.00898,ancla_actual
18136,37.57223,-3.50527,ancla_actual
18137,37.50168,-3.67368,ancla_actual
18138,37.16723,-3.96505,ancla_actual
18140,36.75066,-3.5179,ancla_actual
18141,36.88504,-3.10945,ancla_actual
18143,36.9776,-3.53949,ancla_actual
18144,37.25909,-3.57768,ancla_actual
18145,37.11913,-3.60772,ancla_actual
18146,37.7212,-2.47752,ancla_actual
18147,36.90259,-3.42379,ancla_actual
18148,36.81582,-3.67979,ancla_actual
18149,37.08846,-3.63321,ancla_actual
18150,37.02462,-3.62678,ancla_actual
18151,36.94015,-3.36096,ancla_actual
18152,37.5029,-3.23134,ancla_actual
18153,37.23231,-3.62901,ancla_actual
18154,37.27595,-3.28568,ancla_actual
18157,37.16346,-3.50215,ancla_actual
18158,37.25109,-3.74967,ancla_actual
18159,37.44457,-3.43861,ancla_actual
18161,37.25759,-3.23375,ancla_actual
18162,36.79466,-3.29816,ancla_actual
18163,36.94193,-3.31066,ancla_actual
18164,37.96156,-2.43961,ancla_actual
18165,37.22302,-3.60832,ancla_actual
18167,37.31763,-3.19056,ancla_actual
18168,37.19253,-3.46653,ancla_actual
18170,36.80947,-3.34816,ancla_actual
18171,37.15036,-4.06576,ancla_actual
18173,36.74277,-3.58717,ancla_actual
18174,37.06244,-3.97551,ancla_actual
18175,37.1824861,-3.7401798,ancla_actual
18176,36.92863,-3.40542,ancla_actual
18177,36.79505,-3.26769,ancla_actual
18179,36.8537333,-3.2819728,ancla_actual
18180,37.00037,-3.26545,ancla_actual
18181,36.8446237,-3.083411,ancla_actual
18182,36.96087,-3.05523,ancla_actual
18183,36.99618,-3.08287,ancla_actual
18184,36.83244,-3.51539,ancla_actual
18185,37.0684,-3.81983,ancla_actual
18187,37.55719,-3.08868,ancla_actual
18188,37.21454,-4.01404,ancla_actual
18189,37.23149,-3.55382,ancla_actual
18192,36.97554,-4.14442,ancla_actual
18193,37.110237,-3.5716646,ancla_actual
18194,37.54285,-2.84197,ancla_actual
18901,36.9251746,-3.3357298,ancla_actual
18902,36.9283709,-3.5951804,ancla_actual
18903,37.03985,-3.0370898,ancla_actual
18904,37.0191655,-3.1425408,ancla_actual
18905,37.13548,-3.67029,ancla_actual
18906,36.8519099,-3.6033899,ancla_actual
18907,37.2846053,-3.0001925,ancla_actual
18908,36.9759473,-3.6051169,ancla_actual
18909,37.4356964,-3.3120375,ancla_actual
18910,36.8949044,-3.5422415,ancla_actual
18911,37.1696524,-3.6931868,ancla_actual
18912,37.60755,-2.92938,ancla_actual
18913,37.25561,-4.16905,ancla_actual
18914,37.2364025,-3.8225966,ancla_actual
18915,37.4901707,-3.5067006,ancla_actual
18916,36.7088431,-3.4806266,ancla_actual
19001,40.89261,-2.48526,ancla_actual
19002,40.89818,-2.22523,ancla_actual
19003,40.67584,-1.67916,ancla_actual
19004,40.86303,-2.72573,ancla_actual
19005,40.84711,-3.1031,ancla_actual
19006,40.30812,-2.84267,ancla_actual
19007,40.3069,-3.00897,ancla_actual
19008,41.22742,-3.05171,ancla_actual
19009,40.46972,-2.6094,ancla_actual
19010,41.2096,-2.78483,ancla_actual
19011,41.03569,-2.46645,ancla_actual
19013,40.62669,-1.74629,ancla_actual
19015,40.67988,-3.04438,ancla_actual
19016,41.13494,-1.95964,ancla_actual
19017,40.96324,-2.66688,ancla_actual
19018,40.52669,-2.82438,ancla_actual
19019,40.58671,-2.64441,ancla_actual
19020,40.90096,-2.77406,ancla_actual
19021,40.29713,-2.9824,ancla_actual
19022,40.32932,-2.8504,ancla_actual
19023,40.57455,-2.74993,ancla_actual
19024,40.59368,-3.24529,ancla_actual
19027,40.61442,-1.6591,ancla_actual
19031,41.0672687,-2.8587133,ancla_actual
19032,41.02659,-2.36849,ancla_actual
19033,40.97084,-2.13066,ancla_actual
19034,40.74336,-1.73697,ancla_actual
19036,40.49094,-3.07448,ancla_actual
19037,40.96434,-3.11505,ancla_actual
19038,40.66999,-2.40236,ancla_actual
19039,40.88151,-2.82181,ancla_actual
19040,40.7358,-2.30257,ancla_actual
19041,40.52884,-3.02819,ancla_actual
19042,41.10246,-3.13005,ancla_actual
19043,40.66697,-2.99686,ancla_actual
19044,41.19722,-2.87129,ancla_actual
19045,40.51752,-2.7925,ancla_actual
19046,40.56566,-3.26753,ancla_actual
19047,41.00685,-2.7762,ancla_actual
19048,40.71667,-1.96667,ancla_actual
19049,41.28601,-2.91477,ancla_actual
19050,40.79026,-2.75246,ancla_actual
19051,40.57106,-2.80121,ancla_actual
19052,41.13547,-2.88719,ancla_actual
19053,40.76049,-2.86966,ancla_actual
19054,40.62734,-2.75846,ancla_actual
19055,40.93687,-2.88333,ancla_actual
19057,41.13333,-3.06667,ancla_actual
19058,40.63376,-3.22937,ancla_actual
19059,40.88376,-1.68505,ancla_actual
19060,41.08601,-3.31431,ancla_actual
19061,41.26667,-3.13333,ancla_actual
19064,40.81257,-2.49377,ancla_actual
19065,41.23472,-3.24629,ancla_actual
19066,40.76763,-3.06399,ancla_actual
19067,41.09668,-3.46517,ancla_actual
19070,40.84115,-3.36849,ancla_actual
19071,40.7278744,-3.4226974,ancla_actual
19073,40.87234,-2.9575,ancla_actual
19074,40.69497,-2.97941,ancla_actual
19075,40.93762,-2.78665,ancla_actual
19076,40.81902,-1.75932,ancla_actual
19078,40.55735,-2.43226,ancla_actual
19079,40.81431,-1.85782,ancla_actual
19080,40.9902417,-2.8747229,ancla_actual
19081,40.97916,-2.85053,ancla_actual
19082,40.65064,-3.0512,ancla_actual
19086,40.78622,-2.62245,ancla_actual
19087,41.20501,-2.81834,ancla_actual
19088,40.75021,-3.0858,ancla_actual
19089,41.003282,-2.2196144,ancla_actual
19090,40.8656,-2.14211,ancla_actual
19091,40.84818,-2.74425,ancla_actual
19092,40.94691,-3.0893,ancla_actual
19095,41.21667,-3.1,ancla_actual
19096,41.21644,-3.12543,ancla_actual
19097,41.03719,-2.98569,ancla_actual
19098,40.86463,-3.05396,ancla_actual
19099,40.84304,-1.97841,ancla_actual
19102,40.82159,-3.40375,ancla_actual
19103,40.58614,-1.79056,ancla_actual
19104,40.606,-1.82787,ancla_actual
19105,40.57038,-3.16003,ancla_actual
19106,40.59818,-2.69126,ancla_actual
19107,40.24498,-3.04165,ancla_actual
19108,40.6253,-2.72662,ancla_actual
19109,40.97256,-1.71206,ancla_actual
19110,40.54979,-2.56292,ancla_actual
19111,40.40553,-3.0531,ancla_actual
19112,40.41324,-3.0046,ancla_actual
19113,40.90053,-3.06956,ancla_actual
19114,40.8565,-2.37084,ancla_actual
19115,41.00767,-2.02438,ancla_actual
19116,41.05821,-2.52363,ancla_actual
19117,40.72466,-3.17309,ancla_actual
19118,40.75589,-1.99861,ancla_actual
19119,40.92063,-3.09818,ancla_actual
19120,40.78312,-3.30492,ancla_actual
19121,40.51781,-2.88226,ancla_actual
19122,41.07359,-1.83108,ancla_actual
19123,40.52637,-2.9843,ancla_actual
19124,40.36248,-3.09102,ancla_actual
19125,40.84147,-2.89229,ancla_actual
19126,40.69347,-3.33537,ancla_actual
19127,41.21667,-3.18333,ancla_actual
19129,41.14243,-3.01924,ancla_actual
19130,40.62862,-3.16185,ancla_actual
19132,40.71474,-2.70746,ancla_actual
19133,40.7870224,-3.1139988,ancla_actual
19134,40.88815,-1.96014,ancla_actual
19135,41.08373,-3.00337,ancla_actual
19136,41.25139,-2.99989,ancla_actual
19138,40.82149,-3.0454,ancla_actual
19139,40.80118,-1.68558,ancla_actual
19142,40.45385,-3.03858,ancla_actual
19143,40.56399,-3.0611,ancla_actual
19145,40.9558843,-2.4083826,ancla_actual
19146,41.15,-3.16667,ancla_actual
19147,41.05332,-2.79711,ancla_actual
19148,40.82348,-2.28697,ancla_actual
19150,40.46221,-2.96039,ancla_actual
19151,40.82598,-3.15257,ancla_actual
19152,40.18442,-2.90889,ancla_actual
19153,40.994,-2.37063,ancla_actual
19154,40.87234,-2.6702,ancla_actual
19155,40.61206,-2.89072,ancla_actual
19156,40.92454,-2.92468,ancla_actual
19157,40.96431,-2.90289,ancla_actual
19159,40.86881,-2.8434,ancla_actual
19160,40.44368,-3.11082,ancla_actual
19161,40.60846,-3.05118,ancla_actual
19162,40.97337,-2.44497,ancla_actual
19163,41.02691,-2.27691,ancla_actual
19165,41.1126,-3.30257,ancla_actual
19166,40.7874,-3.24465,ancla_actual
19167,40.81956,-3.2545,ancla_actual
19168,40.9561,-2.75021,ancla_actual
19169,40.61892,-2.66324,ancla_actual
19170,41.04754,-2.20482,ancla_actual
19171,40.66677,-3.19914,ancla_actual
19172,40.82552,-2.69532,ancla_actual
19173,40.86463,-3.28944,ancla_actual
19174,40.94415,-2.8359,ancla_actual
19175,41.00086,-2.15921,ancla_actual
19176,40.2602,-3.00755,ancla_actual
19177,40.98333,-2.93719,ancla_actual
19178,40.63911,-1.87041,ancla_actual
19179,40.94807,-2.97969,ancla_actual
19181,41.26672,-2.96375,ancla_actual
19182,40.93518,-3.23277,ancla_actual
19183,41.08622,-1.87652,ancla_actual
19184,40.50717,-2.57116,ancla_actual
19185,41.17948,-2.93226,ancla_actual
19186,40.94479,-2.72438,ancla_actual
19187,40.88901,-2.9434,ancla_actual
19188,41.09647,-2.0156,ancla_actual
19189,40.80129,-3.17234,ancla_actual
19190,40.84358,-1.88762,ancla_actual
19191,40.98547,-3.09711,ancla_actual
19192,40.32095,-3.10686,ancla_actual
19193,40.90675,-3.11495,ancla_actual
19194,40.50182,-2.94276,ancla_actual
19195,40.78687,-1.70717,ancla_actual
19196,40.8293,-2.95899,ancla_actual
19197,41.1038744,-3.0878678,ancla_actual
19198,41.02737,-2.85878,ancla_actual
19199,40.77234,-2.39764,ancla_actual
19200,40.60664,-2.74957,ancla_actual
19201,40.85971,-2.1828,ancla_actual
19202,41.12695,-2.74147,ancla_actual
19203,41.13333,-3.11667,ancla_actual
19204,40.55725,-1.72738,ancla_actual
19208,41.0561,-2.9106,ancla_actual
19209,40.94818,-1.92555,ancla_actual
19210,41.24283,-2.73376,ancla_actual
19211,40.55578,-2.64882,ancla_actual
19212,40.41902,-2.92256,ancla_actual
19213,40.77934,-1.57033,ancla_actual
19214,40.6656,-2.06999,ancla_actual
19215,40.5814,-2.8889,ancla_actual
19216,40.59336,-1.90953,ancla_actual
19217,40.61078,-2.44957,ancla_actual
19218,41.01988,-2.94254,ancla_actual
19219,40.67969,-1.88034,ancla_actual
19220,40.46153,-3.17234,ancla_actual
19221,40.66367,-1.72202,ancla_actual
19222,40.77669,-1.64979,ancla_actual
19223,40.64329,-2.02905,ancla_actual
19224,40.3403,-3.02638,ancla_actual
19225,40.49533,-3.1814,ancla_actual
19226,41.17245,-3.00728,ancla_actual
19227,40.78505,-1.79329,ancla_actual
19228,40.88794,-3.21624,ancla_actual
19229,40.92532,-3.30018,ancla_actual
19230,40.60532,-3.2753,ancla_actual
19231,41.0904,-2.84201,ancla_actual
19232,40.61538,-2.33965,ancla_actual
19233,40.48976,-3.01367,ancla_actual
19234,40.96835,-3.27229,ancla_actual
19235,40.91145,-2.29715,ancla_actual
19237,40.86635,-1.9374,ancla_actual
19238,41.13762,-2.82405,ancla_actual
19239,40.85118,-3.23162,ancla_actual
19240,41.11838,-2.95,ancla_actual
19241,41.26667,-2.9,ancla_actual
19242,40.57149,-2.99072,ancla_actual
19243,40.91795,-1.85439,ancla_actual
19244,40.8328,-2.41838,ancla_actual
19245,40.48076,-2.73337,ancla_actual
19246,40.90723,-2.32325,ancla_actual
19247,40.54529,-2.49315,ancla_actual
19248,40.99775,-3.02423,ancla_actual
19249,40.63837,-2.8202,ancla_actual
19250,41.08462,-2.80953,ancla_actual
19251,41.03098,-2.52905,ancla_actual
19252,40.37635,-2.85253,ancla_actual
19254,40.9515,-2.10203,ancla_actual
19255,40.73419,-1.6172,ancla_actual
19256,41.20096,-2.65332,ancla_actual
19257,41.06892,-2.64308,ancla_actual
19258,40.75088,-2.69799,ancla_actual
19259,41.24606,-3.06004,ancla_actual
19260,40.88151,-2.6359,ancla_actual
19261,40.92149,-2.39211,ancla_actual
19262,40.99914,-3.24743,ancla_actual
19263,40.82106,-3.0768,ancla_actual
19264,40.69743,-1.96817,ancla_actual
19265,40.99347,-1.92459,ancla_actual
19266,40.54379,-2.95782,ancla_actual
19267,40.69508,-1.90386,ancla_actual
19268,40.74925,-1.93069,ancla_actual
19269,41.00482,-2.98012,ancla_actual
19270,41.21827,-2.75792,ancla_actual
19271,40.72165,-1.67036,ancla_actual
19272,40.67074,-1.59372,ancla_actual
19274,40.74251,-3.0283,ancla_actual
19277,40.74947,-1.80707,ancla_actual
19278,40.85364,-2.53215,ancla_actual
19279,40.79176,-3.07723,ancla_actual
19280,40.64325,-3.33376,ancla_actual
19281,41.01881,-2.89918,ancla_actual
19282,40.97819,-2.61881,ancla_actual
19283,40.88954,-2.04497,ancla_actual
19284,40.76528,-1.8419,ancla_actual
19285,40.96581,-1.90064,ancla_actual
19286,40.70425,-3.12316,ancla_actual
19287,40.97181,-1.79764,ancla_actual
19288,40.93414,-3.35024,ancla_actual
19289,40.66817,-1.80971,ancla_actual
19290,40.77426,-2.99253,ancla_actual
19291,40.70086,-2.59265,ancla_actual
19293,40.83944,-3.4604,ancla_actual
19294,41.23526,-3.00482,ancla_actual
19296,40.84832,-2.9277,ancla_actual
19297,40.5171,-3.12652,ancla_actual
19298,40.80939,-2.99218,ancla_actual
19299,40.6656,-2.96977,ancla_actual
19300,40.63473,-3.31367,ancla_actual
19301,40.45643,-2.87663,ancla_actual
19302,40.71125,-3.01209,ancla_actual
19303,41.22637,-2.67588,ancla_actual
19304,40.75981,-3.3768,ancla_actual
19305,40.90562,-3.38414,ancla_actual
19306,40.81035,-2.72887,ancla_actual
19307,40.95546,-3.32542,ancla_actual
19308,40.61902,-2.95407,ancla_actual
19309,40.7859,-1.96121,ancla_actual
19310,40.7142,-2.40225,ancla_actual
19311,41.1293,-3.23333,ancla_actual
19314,41.02577,-2.76966,ancla_actual
19317,40.67956,-2.25145,ancla_actual
19318,40.90257,-2.91431,ancla_actual
19319,40.58216,-3.29764,ancla_actual
19321,41.10169,-3.02558,ancla_actual
19322,40.9606,-2.79775,ancla_actual
19323,40.81827,-3.34904,ancla_actual
19324,41.12616,-1.99072,ancla_actual
19325,40.79229,-3.34036,ancla_actual
19326,40.53162,-3.10782,ancla_actual
19327,40.35702,-2.9663,ancla_actual
19329,40.63092,-2.85803,ancla_actual
19330,40.64008,-2.8434,ancla_actual
19331,40.75139,-3.1626,ancla_actual
19332,40.91506,-1.68387,ancla_actual
19333,40.76209,-2.2012,ancla_actual
19334,41.06838,-3.04436,ancla_actual
19335,40.33052,-2.88764,ancla_actual
19901,41.05857,-3.11945,ancla_actual
20001,43.04744,-2.10532,ancla_actual
20002,43.20375,-2.05033,ancla_actual
20003,43.25591,-2.23607,ancla_actual
20004,43.12933,-2.13649,ancla_actual
20005,43.10097,-2.09637,ancla_actual
20006,43.17263,-2.10923,ancla_actual
20007,43.0968679,-2.0681217,ancla_actual
20008,43.04813,-2.08541,ancla_actual
20009,43.21658,-2.0253,ancla_actual
20010,43.16241,-2.07107,ancla_actual
20011,43.09725,-2.37998,ancla_actual
20012,43.06335,-2.1654,ancla_actual
20013,43.03414,-2.50456,ancla_actual
20014,43.19436,-2.09818,ancla_actual
20015,43.00612,-2.17663,ancla_actual
20016,43.23721,-2.14833,ancla_actual
20017,43.17744,-2.31129,ancla_actual
20018,43.18246,-2.26693,ancla_actual
20019,43.05017,-2.20087,ancla_actual
20020,43.13385,-2.20001,ancla_actual
20021,43.13586,-2.05156,ancla_actual
20022,43.12423,-1.98019,ancla_actual
20023,43.14518,-2.02623,ancla_actual
20024,43.135265,-2.1651455,ancla_actual
20025,42.97556,-2.29091,ancla_actual
20026,43.01237,-2.27264,ancla_actual
20027,43.23973,-2.2579,ancla_actual
20028,43.19917,-2.0742,ancla_actual
20029,43.29571,-2.35213,ancla_actual
20030,43.18493,-2.47158,ancla_actual
20031,43.14017,-2.00102,ancla_actual
20032,43.21601,-2.41334,ancla_actual
20033,43.13703,-2.48862,ancla_actual
20034,43.01829,-2.52598,ancla_actual
20035,43.0839241,-2.267424,ancla_actual
20036,43.36859,-1.79622,ancla_actual
20037,43.05271,-2.1329,ancla_actual
20038,43.04934,-2.27962,ancla_actual
20039,43.30326,-2.20444,ancla_actual
20040,43.26615,-1.97615,ancla_actual
20042,43.13127,-2.06487,ancla_actual
20043,43.01189,-2.23356,ancla_actual
20044,43.09444,-2.12373,ancla_actual
20045,43.33904,-1.78938,ancla_actual
20046,43.16651,-2.06746,ancla_actual
20047,43.06909,-2.16464,ancla_actual
20048,43.18773,-2.10202,ancla_actual
20049,43.03239,-2.18616,ancla_actual
20050,43.12188,-2.0543,ancla_actual
20051,43.05319,-2.33689,ancla_actual
20052,43.08464,-2.15017,ancla_actual
20053,43.32142,-1.89739,ancla_actual
20054,43.10236,-2.03489,ancla_actual
20055,43.0701416,-2.499509,ancla_actual
20056,43.30643,-2.38517,ancla_actual
20057,43.02288,-2.27257,ancla_actual
20058,43.02726,-2.20349,ancla_actual
20059,43.03262,-2.40997,ancla_actual
20060,43.09382,-2.01119,ancla_actual
20061,43.2787,-2.12537,ancla_actual
20062,43.04339,-2.25673,ancla_actual
20063,43.29828,-1.86129,ancla_actual
20064,43.3253,-1.92707,ancla_actual
20065,43.1776166,-2.4114173,ancla_actual
20066,43.16505,-2.17395,ancla_actual
20067,43.31195,-1.90234,ancla_actual
20068,42.98684,-2.56851,ancla_actual
20069,43.31283,-1.97499,ancla_actual
20070,43.00753,-2.254,ancla_actual
20071,43.13484,-2.07801,ancla_actual
20072,43.24727,-1.99084,ancla_actual
20073,43.27164,-2.04912,ancla_actual
20074,43.1151,-2.4175,ancla_actual
20075,43.1854,-2.05304,ancla_actual
20076,43.0541,-2.17632,ancla_actual
20077,43.091,-2.31701,ancla_actual
20078,43.0372,-2.1506,ancla_actual
20079,43.28444,-2.16992,ancla_actual
20080,43.08858,-2.31408,ancla_actual
20081,43.29469,-2.25341,ancla_actual
20901,43.25326,-2.38568,ancla_actual
20902,43.2602184,-2.0128649,ancla_actual
20903,43.28174,-1.94634,ancla_actual
20904,43.06928,-2.12781,ancla_actual
20905,43.07896,-2.11201,ancla_actual
20906,43.06468,-2.154,ancla_actual
20907,43.11622,-2.02439,ancla_actual
21001,37.87408,-6.66536,ancla_actual
21002,37.26989,-7.02313,ancla_actual
21003,37.50756,-7.27038,ancla_actual
21004,37.87396,-6.78872,ancla_actual
21005,37.2647,-6.51667,ancla_actual
21006,37.54861,-7.1147,ancla_actual
21007,37.89396,-6.56116,ancla_actual
21008,37.94213,-6.9576,ancla_actual
21009,38.01667,-6.41667,ancla_actual
21010,37.21329,-7.40807,ancla_actual
21011,37.4257,-6.79318,ancla_actual
21012,37.60863,-6.54147,ancla_actual
21013,37.34127,-6.5397,ancla_actual
21014,37.32423,-6.68073,ancla_actual
21015,37.7266,-7.08738,ancla_actual
21016,37.96667,-6.31667,ancla_actual
21017,37.65568,-6.8805,ancla_actual
21018,37.69454,-6.6298,ancla_actual
21019,37.76652,-6.57363,ancla_actual
21020,38.01667,-6.51667,ancla_actual
21021,37.28114,-7.15071,ancla_actual
21022,37.8881083,-6.6871244,ancla_actual
21023,37.73537,-6.93692,ancla_actual
21024,37.9,-6.5,ancla_actual
21025,37.91116,-6.82045,ancla_actual
21026,37.93639,-6.62462,ancla_actual
21027,38.0751502,-6.696744,ancla_actual
21028,38.07803,-6.74446,ancla_actual
21029,38.06194,-6.64565,ancla_actual
21030,37.36305,-6.39304,ancla_actual
21031,38.13413,-6.86675,ancla_actual
21032,37.40837,-6.3887,ancla_actual
21033,37.90545,-6.66108,ancla_actual
21034,37.92864,-6.7073,ancla_actual
21035,37.37628,-6.96895,ancla_actual
21036,37.76879,-6.50848,ancla_actual
21037,37.51976,-7.41605,ancla_actual
21038,37.83333,-6.45,ancla_actual
21039,38.0,-6.58333,ancla_actual
21040,37.29173,-6.37872,ancla_actual
21041,37.26638,-6.94004,ancla_actual
21042,37.2,-7.31667,ancla_actual
21043,37.91622,-6.72968,ancla_actual
21044,37.25482,-7.20433,ancla_actual
21045,37.87963,-6.62321,ancla_actual
21046,37.30396,-6.72926,ancla_actual
21047,37.38987,-6.43295,ancla_actual
21048,37.90345,-6.62385,ancla_actual
21049,37.69694,-6.59434,ancla_actual
21050,37.27559,-6.83851,ancla_actual
21051,37.96025,-6.74541,ancla_actual
21052,37.69627,-6.54967,ancla_actual
21053,37.36213,-6.67894,ancla_actual
21054,37.38605,-6.55231,ancla_actual
21055,37.23457,-6.89471,ancla_actual
21056,37.41948,-6.40248,ancla_actual
21057,37.73999,-7.34499,ancla_actual
21058,37.61427,-7.24878,ancla_actual
21059,37.88333,-6.46667,ancla_actual
21060,37.18213,-6.96605,ancla_actual
21061,37.2908342,-6.6174307,ancla_actual
21062,37.96754,-7.21889,ancla_actual
21063,37.44515,-7.10597,ancla_actual
21064,37.31667,-6.84139,ancla_actual
21065,37.47268,-7.46546,ancla_actual
21066,37.3877,-7.34908,ancla_actual
21067,37.86245,-6.72385,ancla_actual
21068,37.79665,-7.18735,ancla_actual
21069,37.9,-6.21667,ancla_actual
21070,37.38606,-6.8268,ancla_actual
21071,37.94877,-6.68202,ancla_actual
21072,37.57511,-6.75432,ancla_actual
21073,37.30239,-7.34413,ancla_actual
21074,37.39731,-6.47461,ancla_actual
21075,37.62783,-7.02359,ancla_actual
21076,37.4994,-7.29118,ancla_actual
21077,37.38849,-6.60641,ancla_actual
21078,37.68012,-6.65977,ancla_actual
21079,37.83333,-6.33333,ancla_actual
21902,37.6906247,-6.8735525,ancla_actual
22001,42.12094,-0.06873,ancla_actual
22002,42.24236,0.19717,ancla_actual
22003,42.1461,-0.00804,ancla_actual
22004,42.35505,-0.79324,ancla_actual
22006,42.67966,-0.62038,ancla_actual
22007,41.72521,0.15244,ancla_actual
22008,41.73527,-0.15115,ancla_actual
22009,41.86542,0.45999,ancla_actual
22011,42.05031,-0.3371,ancla_actual
22012,42.0238,-0.38018,ancla_actual
22013,41.90846,-0.21418,ancla_actual
22014,42.06653,-0.68534,ancla_actual
22015,42.0773,-0.2912,ancla_actual
22016,41.8788884,0.4357937,ancla_actual
22017,41.71944,0.11716,ancla_actual
22018,41.80757,-0.45291,ancla_actual
22019,42.16468,-0.46369,ancla_actual
22020,41.82832,0.14823,ancla_actual
22021,42.04255,-0.58141,ancla_actual
22022,41.9502512,0.2365882,ancla_actual
22023,41.94949,-0.41173,ancla_actual
22024,42.17268,0.02586,ancla_actual
22025,41.7843371,0.4129622,ancla_actual
22027,42.11109,-0.15298,ancla_actual
22028,42.75785,-0.82947,ancla_actual
22029,42.03639,-0.16239,ancla_actual
22032,42.70641,-0.66999,ancla_actual
22035,42.25817,0.72141,ancla_actual
22036,42.05275,-0.27834,ancla_actual
22037,42.31476,-0.43967,ancla_actual
22039,42.27267,-0.68844,ancla_actual
22040,41.9813272,0.3101947,ancla_actual
22041,42.07033,-0.02921,ancla_actual
22042,42.09427,-0.04594,ancla_actual
22043,41.95325,0.45956,ancla_actual
22044,42.50906,-0.81136,ancla_actual
22045,41.9129111,0.5560335,ancla_actual
22046,41.62106,0.192,ancla_actual
22047,42.18089,-0.45191,ancla_actual
22048,42.03565,0.12686,ancla_actual
22049,41.98085,-0.41949,ancla_actual
22050,42.02563,-0.08659,ancla_actual
22051,42.24219,0.06934,ancla_actual
22052,41.69272,0.17827,ancla_actual
22053,42.0840996,0.4791408,ancla_actual
22054,42.60528,0.52305,ancla_actual
22055,41.95959,-0.00326,ancla_actual
22057,42.63347,0.21858,ancla_actual
22058,42.16216,-0.08326,ancla_actual
22059,42.62897,-0.32135,ancla_actual
22060,41.82564,0.20084,ancla_actual
22061,41.85141,0.29433,ancla_actual
22062,42.49677,0.50647,ancla_actual
22063,42.22867,-0.74967,ancla_actual
22064,42.071426,-0.2005737,ancla_actual
22066,42.4455,0.06802,ancla_actual
22068,42.65858,-0.58846,ancla_actual
22069,42.60434,-0.12351,ancla_actual
22072,42.4035791,-0.5100226,ancla_actual
22074,42.40956,0.39615,ancla_actual
22075,41.95856,0.52136,ancla_actual
22076,42.6091124,-0.8618543,ancla_actual
22077,41.50213,0.06425,ancla_actual
22078,42.71628,-0.52563,ancla_actual
22079,41.84287,-0.18316,ancla_actual
22080,42.19635,0.39637,ancla_actual
22081,42.1555,-0.1399,ancla_actual
22082,41.96179,0.15883,ancla_actual
22083,41.61802,-0.24013,ancla_actual
22084,42.51235,0.49241,ancla_actual
22085,41.80273,-0.02169,ancla_actual
22087,42.20374,0.57944,ancla_actual
22088,42.06774,0.06491,ancla_actual
22089,41.8792211,0.5420619,ancla_actual
22090,42.17125,0.06812,ancla_actual
22094,41.66567,0.16299,ancla_actual
22095,42.5208,0.46563,ancla_actual
22096,42.17033,-0.45168,ancla_actual
22099,41.7987,0.27586,ancla_actual
22102,42.07201,0.23219,ancla_actual
22103,42.05657,0.24343,ancla_actual
22105,42.0102082,0.5495509,ancla_actual
22106,42.7344,-0.88131,ancla_actual
22107,42.5959909,0.0129733,ancla_actual
22109,42.49561,-0.12094,ancla_actual
22110,42.01015,0.25878,ancla_actual
22111,42.4156889,0.3671234,ancla_actual
22112,41.52294,0.34894,ancla_actual
22113,42.3651766,0.2710858,ancla_actual
22114,42.5911,0.33478,ancla_actual
22115,42.15096,0.22337,ancla_actual
22116,41.94104,-0.36941,ancla_actual
22117,42.18885,0.33749,ancla_actual
22119,42.01541,-0.7615,ancla_actual
22122,42.69045,-0.3065,ancla_actual
22124,41.93128,-0.16684,ancla_actual
22125,42.13615,-0.4087,ancla_actual
22126,42.16079,-0.20855,ancla_actual
22127,42.21443,-0.43201,ancla_actual
22128,41.95702,0.05728,ancla_actual
22129,42.3039906,0.5348825,ancla_actual
22130,42.56898,-0.54987,ancla_actual
22131,42.6948,-0.66605,ancla_actual
22133,42.45234,0.13561,ancla_actual
22135,42.00703,-0.04715,ancla_actual
22136,41.83967,-0.25493,ancla_actual
22137,41.77063,-0.33095,ancla_actual
22139,41.99053,-0.04657,ancla_actual
22141,42.0651928,-0.0792333,ancla_actual
22142,42.19611,0.5201,ancla_actual
22143,42.47136,0.59698,ancla_actual
22144,42.50374,0.15441,ancla_actual
22149,42.31432,-0.62588,ancla_actual
22150,42.16137,-0.32337,ancla_actual
22151,42.25451,-0.64296,ancla_actual
22155,42.2298522,0.6121526,ancla_actual
22156,42.0823298,-0.3735705,ancla_actual
22157,42.5396763,0.6809819,ancla_actual
22158,41.91084,0.19406,ancla_actual
22160,42.19503,0.15183,ancla_actual
22162,42.03201,-0.287,ancla_actual
22163,42.26697,-0.43906,ancla_actual
22164,42.1074336,0.2661235,ancla_actual
22165,41.67663,0.08858,ancla_actual
22167,41.66631,0.1914,ancla_actual
22168,42.3227,0.24376,ancla_actual
22170,42.72381,-0.2817,ancla_actual
22172,41.50087,-0.03798,ancla_actual
22173,42.4026767,-0.7163288,ancla_actual
22174,41.93153,-0.0677,ancla_actual
22175,42.0007841,0.3840374,ancla_actual
22176,42.05407,-0.0184,ancla_actual
22177,42.2734039,0.3434542,ancla_actual
22178,42.00214,-0.12732,ancla_actual
22181,42.00448,-0.31769,ancla_actual
22182,42.58126,0.33742,ancla_actual
22184,41.86972,-0.31009,ancla_actual
22186,42.08219,0.03066,ancla_actual
22187,42.14595,0.2877,ancla_actual
22188,42.1692315,0.6693631,ancla_actual
22189,42.54748,0.13214,ancla_actual
22190,42.44233,0.16119,ancla_actual
22193,41.85799,0.1566,ancla_actual
22195,42.14797,-0.36049,ancla_actual
22197,41.86746,-0.46094,ancla_actual
22199,42.51924,-0.36607,ancla_actual
22200,42.5759,0.46546,ancla_actual
22201,42.11407,0.06821,ancla_actual
22202,42.10046,0.08349,ancla_actual
22203,41.99498,-0.22278,ancla_actual
22204,42.77127,-0.33448,ancla_actual
22205,41.897385,0.3306838,ancla_actual
22206,42.01921,-0.43323,ancla_actual
22207,42.58818,0.34504,ancla_actual
22208,42.5632222,-0.7156197,ancla_actual
22209,42.52271,-0.67515,ancla_actual
22212,42.3175291,0.3595694,ancla_actual
22213,41.79128,-0.15804,ancla_actual
22214,42.18112,0.26736,ancla_actual
22215,42.47696,0.43127,ancla_actual
22217,41.71587,-0.04234,ancla_actual
22218,41.90731,-0.48906,ancla_actual
22220,41.99484,-0.24511,ancla_actual
22221,42.55131,0.47212,ancla_actual
22222,42.12392,-0.28066,ancla_actual
22223,42.31615,0.74632,ancla_actual
22225,41.8155917,0.3826903,ancla_actual
22226,41.97781,-0.53731,ancla_actual
22227,42.5933401,0.216745,ancla_actual
22228,42.13356,-0.35489,ancla_actual
22229,42.1345932,0.5646547,ancla_actual
22230,42.6808011,-0.1338612,ancla_actual
22232,41.93487,-0.51053,ancla_actual
22233,42.3793279,0.5412688,ancla_actual
22234,41.4503088,0.3034733,ancla_actual
22235,41.96727,-0.11096,ancla_actual
22236,41.9605,-0.4335,ancla_actual
22239,41.97318,-0.29752,ancla_actual
22242,41.55726,-0.13304,ancla_actual
22243,42.4295372,0.4632297,ancla_actual
22244,42.3822916,0.491044,ancla_actual
22245,41.5807858,0.2549603,ancla_actual
22246,42.36652,0.59418,ancla_actual
22247,42.072934,0.6343581,ancla_actual
22248,42.0432744,-0.4578385,ancla_actual
22249,42.54702,0.46183,ancla_actual
22250,42.6797,-0.53769,ancla_actual
22251,41.71576,-0.00897,ancla_actual
22252,42.48647,-0.28178,ancla_actual
22253,42.61911,-0.2502,ancla_actual
22254,41.60402,0.26429,ancla_actual
22901,42.73844,-0.75016,ancla_actual
22902,42.55908,-0.78759,ancla_actual
22903,41.8196709,0.0826546,ancla_actual
22904,42.2483893,-0.5416097,ancla_actual
22905,42.162847,-0.6329017,ancla_actual
22906,42.1222265,0.0263352,ancla_actual
22907,42.3454926,0.0940238,ancla_actual
22908,42.16881,0.12056,ancla_actual
22909,41.7085786,0.3261514,ancla_actual
23001,37.79263,-3.46833,ancla_actual
23002,37.4614,-3.92301,ancla_actual
23003,37.59091,-4.08237,ancla_actual
23004,38.41215,-3.37137,ancla_actual
23005,38.03922,-4.05077,ancla_actual
23006,37.93493,-4.05478,ancla_actual
23007,37.97422,-4.10677,ancla_actual
23008,38.18148,-3.42827,ancla_actual
23009,37.99384,-3.47103,ancla_actual
23010,38.09639,-3.77786,ancla_actual
23011,38.17379,-3.77477,ancla_actual
23012,38.2524,-2.88875,ancla_actual
23014,37.98492,-3.53094,ancla_actual
23015,37.72382,-3.38207,ancla_actual
23016,38.35323,-2.65121,ancla_actual
23017,37.70379,-3.28765,ancla_actual
23018,37.67934,-3.56537,ancla_actual
23019,37.55535,-3.63552,ancla_actual
23020,38.0493,-3.4831,ancla_actual
23021,38.22958,-3.63139,ancla_actual
23024,38.3067101,-3.6153934,ancla_actual
23025,38.2958062,-3.1419536,ancla_actual
23026,37.52858,-3.9422,ancla_actual
23027,37.98389,-3.88295,ancla_actual
23028,37.91495,-3.00342,ancla_actual
23029,38.31187,-3.04219,ancla_actual
23030,38.00088,-3.0324,ancla_actual
23031,37.87885,-4.03376,ancla_actual
23032,38.0318,-3.86309,ancla_actual
23033,37.48617,-3.83743,ancla_actual
23034,37.64756,-3.90846,ancla_actual
23035,37.87492,-3.88389,ancla_actual
23037,38.43062,-2.7331,ancla_actual
23038,37.74303,-3.69312,ancla_actual
23039,38.18282,-3.68697,ancla_actual
23040,37.9658345,-3.9860119,ancla_actual
23041,37.79848,-4.15737,ancla_actual
23042,37.71586,-2.99769,ancla_actual
23043,38.2171,-2.72052,ancla_actual
23044,37.64784,-3.45985,ancla_actual
23045,37.76434,-3.07639,ancla_actual
23046,38.02106,-3.50313,ancla_actual
23047,37.9649805,-2.9306451,ancla_actual
23048,38.15706,-3.03242,ancla_actual
23049,38.01935,-3.72512,ancla_actual
23050,37.76922,-3.79028,ancla_actual
23051,37.74717,-3.91433,ancla_actual
23052,37.84157,-3.4771,ancla_actual
23053,37.84064,-3.35262,ancla_actual
23054,37.76069,-3.20269,ancla_actual
23055,38.09519,-3.63602,ancla_actual
23056,37.94542,-4.21463,ancla_actual
23057,37.99653,-3.54699,ancla_actual
23058,37.78627,-3.61226,ancla_actual
23059,38.04549,-4.17029,ancla_actual
23060,37.72107,-3.97264,ancla_actual
23061,37.96978,-3.80884,ancla_actual
23062,38.34249,-3.10404,ancla_actual
23063,38.18382,-3.31598,ancla_actual
23064,37.53017,-3.65615,ancla_actual
23065,38.31742,-2.66487,ancla_actual
23066,37.91338,-3.12148,ancla_actual
23067,37.74008,-3.64946,ancla_actual
23069,37.87102,-4.18501,ancla_actual
23070,37.70256,-2.93367,ancla_actual
23071,38.35544,-2.8032,ancla_actual
23072,38.3765289,-2.7884293,ancla_actual
23073,37.84338,-3.06561,ancla_actual
23074,38.04759,-3.46254,ancla_actual
23075,38.06916,-3.31448,ancla_actual
23076,38.34162,-3.53953,ancla_actual
23077,37.75382,-4.17093,ancla_actual
23079,38.24829,-3.20762,ancla_actual
23080,38.02861,-3.10092,ancla_actual
23081,38.29777,-2.65229,ancla_actual
23082,38.38983,-2.5819,ancla_actual
23084,38.24062,-3.0536,ancla_actual
23085,37.9975,-3.6378,ancla_actual
23086,37.77051,-3.89731,ancla_actual
23087,37.76748,-3.95776,ancla_actual
23088,38.0354,-3.28998,ancla_actual
23090,37.78537,-3.50902,ancla_actual
23091,38.4155,-2.67785,ancla_actual
23092,38.01328,-3.3705,ancla_actual
23093,37.58903,-3.8145,ancla_actual
23094,38.20695,-3.51025,ancla_actual
23095,38.1156,-3.0848,ancla_actual
23096,38.00432,-3.91603,ancla_actual
23097,38.16842,-3.00742,ancla_actual
23098,37.83735,-4.00051,ancla_actual
23099,37.69146,-3.81868,ancla_actual
23101,38.48333,-2.6,ancla_actual
23901,37.6418352,-3.6370719,ancla_actual
23902,37.8381974,-3.4236717,ancla_actual
23903,37.9299542,-3.6939847,ancla_actual
23904,38.0978702,-2.6743524,ancla_actual
23905,38.32065,-2.89486,ancla_actual
24001,43.03969,-5.116,ancla_actual
24002,42.21931,-5.58419,ancla_actual
24003,42.1529976,-5.8467078,ancla_actual
24004,42.65825,-5.0362,ancla_actual
24005,42.17861,-5.68984,ancla_actual
24006,42.43629,-5.56048,ancla_actual
24007,42.64077,-6.68627,ancla_actual
24008,42.45879,-6.05601,ancla_actual
24009,42.70608,-6.92222,ancla_actual
24010,42.30026,-5.89772,ancla_actual
24011,42.61182,-6.97979,ancla_actual
24012,42.84399,-5.86233,ancla_actual
24014,42.61771,-6.41545,ancla_actual
24015,42.50442,-5.89442,ancla_actual
24016,42.39941,-6.70969,ancla_actual
24017,42.38017,-5.70834,ancla_actual
24018,42.38732,-5.14462,ancla_actual
24019,42.73104,-6.60565,ancla_actual
24020,42.97287,-4.92419,ancla_actual
24021,42.8668,-5.32386,ancla_actual
24022,42.49019,-6.72338,ancla_actual
24023,42.49702,-6.15734,ancla_actual
24024,42.42225,-5.21919,ancla_actual
24025,43.02486,-5.05119,ancla_actual
24026,42.44126,-5.7928,ancla_actual
24027,42.6197449,-6.6257336,ancla_actual
24028,42.40205,-5.54154,ancla_actual
24029,42.95343,-6.14849,ancla_actual
24030,42.60021,-6.72373,ancla_actual
24031,42.38613,-5.07809,ancla_actual
24032,42.14219,-5.49349,ancla_actual
24033,42.43906,-5.52808,ancla_actual
24034,42.57799,-6.66709,ancla_actual
24036,42.81695,-6.72848,ancla_actual
24037,42.95863,-5.57346,ancla_actual
24038,42.55602,-6.73317,ancla_actual
24039,42.5875854,-5.8468403,ancla_actual
24040,42.79605,-5.74374,ancla_actual
24041,42.49029,-6.76565,ancla_actual
24042,42.21991,-5.42122,ancla_actual
24043,42.34036,-6.54451,ancla_actual
24044,42.32393,-6.13455,ancla_actual
24046,42.19706,-5.98226,ancla_actual
24047,42.18363,-6.19022,ancla_actual
24049,42.57943,-6.46837,ancla_actual
24050,42.3410457,-5.2347379,ancla_actual
24051,42.46278,-5.01152,ancla_actual
24052,42.72526,-5.02568,ancla_actual
24053,42.25726,-5.82622,ancla_actual
24054,42.11646,-5.59851,ancla_actual
24055,42.61789,-5.80506,ancla_actual
24056,42.80344,-5.12664,ancla_actual
24057,42.61755,-6.52048,ancla_actual
24058,42.40769,-5.45963,ancla_actual
24059,42.57896,-6.81925,ancla_actual
24060,42.90357,-5.14374,ancla_actual
24061,42.71163,-5.63828,ancla_actual
24062,42.37199,-5.50877,ancla_actual
24063,42.65626,-5.17528,ancla_actual
24064,42.62519,-6.5636,ancla_actual
24065,42.50657,-5.68656,ancla_actual
24066,42.32729,-6.09573,ancla_actual
24067,42.27049,-6.59368,ancla_actual
24068,42.81348,-5.2184,ancla_actual
24069,42.31337,-4.96573,ancla_actual
24070,42.76803,-6.62651,ancla_actual
24071,42.64693,-6.32035,ancla_actual
24073,42.34545,-5.53587,ancla_actual
24074,42.17776,-5.44606,ancla_actual
24076,42.73285,-5.5236,ancla_actual
24077,42.34357,-5.15731,ancla_actual
24078,42.13557,-5.40181,ancla_actual
24079,42.62396,-5.22691,ancla_actual
24080,42.32073,-5.01938,ancla_actual
24081,42.37818,-5.43088,ancla_actual
24082,42.46354,-5.88636,ancla_actual
24083,42.72853,-6.27738,ancla_actual
24084,42.2241,-5.25727,ancla_actual
24086,42.28755,-5.17855,ancla_actual
24087,42.33192,-5.7522,ancla_actual
24088,42.23889,-5.66066,ancla_actual
24089,42.60003,-5.57032,ancla_actual
24090,42.40964,-6.30394,ancla_actual
24091,42.36667,-6.23333,ancla_actual
24092,42.63504,-5.82524,ancla_actual
24093,42.53967,-6.0717,ancla_actual
24094,42.49886,-5.41738,ancla_actual
24095,42.50943,-5.44271,ancla_actual
24096,43.04991,-5.17726,ancla_actual
24097,42.33776,-5.36887,ancla_actual
24098,42.8656,-5.52034,ancla_actual
24099,42.24004,-5.37573,ancla_actual
24100,42.53829,-6.51997,ancla_actual
24101,42.85027,-6.19164,ancla_actual
24102,42.7113741,-6.4004429,ancla_actual
24103,42.54758,-6.96859,ancla_actual
24104,42.68145,-5.87141,ancla_actual
24105,42.52435,-5.5816,ancla_actual
24106,43.13671,-5.03786,ancla_actual
24107,42.3301,-5.47313,ancla_actual
24108,42.32773,-5.9383,ancla_actual
24109,42.87601,-6.4315,ancla_actual
24110,42.82056,-6.48747,ancla_actual
24112,42.87725,-6.63383,ancla_actual
24113,42.30602,-5.6856,ancla_actual
24114,42.85658,-5.66768,ancla_actual
24115,42.54664,-6.59619,ancla_actual
24116,43.15154,-4.92102,ancla_actual
24117,42.17101,-5.76813,ancla_actual
24118,42.78309,-5.02554,ancla_actual
24119,42.50978,-6.67017,ancla_actual
24120,42.89481,-4.96349,ancla_actual
24121,43.00691,-5.27387,ancla_actual
24122,42.41166,-6.82077,ancla_actual
24123,42.65987,-6.04978,ancla_actual
24124,42.2067,-5.8503,ancla_actual
24125,42.25585,-6.03636,ancla_actual
24127,42.29414,-5.85958,ancla_actual
24129,42.94882,-5.19892,ancla_actual
24130,42.97705,-5.00352,ancla_actual
24131,42.39138,-5.98102,ancla_actual
24132,42.8069289,-6.0203881,ancla_actual
24133,42.7296,-5.79016,ancla_actual
24134,42.80302,-5.62904,ancla_actual
24136,42.2378,-5.78235,ancla_actual
24137,42.83593,-5.14875,ancla_actual
24139,42.37085,-5.02942,ancla_actual
24141,42.13033,-5.72905,ancla_actual
24142,42.61174,-5.61671,ancla_actual
24143,42.66666,-6.63456,ancla_actual
24144,42.39041,-5.90732,ancla_actual
24145,42.97164,-6.00075,ancla_actual
24146,42.15995,-5.93065,ancla_actual
24148,42.45696,-6.01825,ancla_actual
24149,42.2852,-5.56107,ancla_actual
24150,42.39145,-5.71341,ancla_actual
24151,42.75058,-5.41201,ancla_actual
24152,42.44466,-6.24483,ancla_actual
24154,42.26064,-5.88762,ancla_actual
24155,42.35533,-5.9287,ancla_actual
24156,42.49137,-5.11689,ancla_actual
24157,42.35512,-5.75151,ancla_actual
24158,42.72653,-5.82301,ancla_actual
24159,42.51334,-5.86065,ancla_actual
24160,42.4322,-5.37066,ancla_actual
24161,42.38379,-6.10538,ancla_actual
24162,42.5404842,-5.617804,ancla_actual
24163,42.65,-5.63333,ancla_actual
24164,42.92906,-5.95267,ancla_actual
24165,42.51667,-6.85,ancla_actual
24166,42.33227,-5.88225,ancla_actual
24167,42.77477,-5.88693,ancla_actual
24168,42.24274,-5.56771,ancla_actual
24169,42.69955,-6.51236,ancla_actual
24170,42.60769,-6.36675,ancla_actual
24171,42.64874,-6.88,ancla_actual
24172,42.26093,-6.43605,ancla_actual
24173,42.53431,-5.87844,ancla_actual
24174,42.37034,-5.77297,ancla_actual
24175,42.59492,-5.49355,ancla_actual
24176,42.3237,-5.83097,ancla_actual
24177,42.9813674,-5.4215371,ancla_actual
24178,42.19541,-5.42747,ancla_actual
24179,42.86895,-5.39763,ancla_actual
24180,42.57686,-5.22513,ancla_actual
24181,42.0783,-5.44355,ancla_actual
24182,42.39408,-6.02151,ancla_actual
24183,42.81558,-4.94731,ancla_actual
24184,42.72094,-5.95104,ancla_actual
24185,42.41819,-6.12391,ancla_actual
24187,42.41959,-5.61975,ancla_actual
24188,42.29374,-5.5172,ancla_actual
24189,42.56823,-5.68461,ancla_actual
24190,42.30459,-5.2999,ancla_actual
24191,42.35604,-5.21088,ancla_actual
24193,42.8234427,-5.4072857,ancla_actual
24194,42.88808,-5.53549,ancla_actual
24196,42.72537,-6.65439,ancla_actual
24197,42.48116,-5.53295,ancla_actual
24198,42.66068,-6.93785,ancla_actual
24199,42.8187,-5.33242,ancla_actual
24201,42.6738765,-5.385769,ancla_actual
24202,42.93932,-6.31943,ancla_actual
24203,42.24658,-5.44593,ancla_actual
24205,42.51672,-5.76737,ancla_actual
24206,42.54311,-6.7771,ancla_actual
24207,42.26964,-5.56808,ancla_actual
24209,42.60601,-6.81069,ancla_actual
24210,42.63413,-6.16184,ancla_actual
24211,42.18058,-5.59397,ancla_actual
24212,42.32198,-5.58195,ancla_actual
24213,42.56943,-5.06056,ancla_actual
24214,42.56205,-6.02514,ancla_actual
24215,42.42766,-5.04832,ancla_actual
24216,42.30962,-5.99656,ancla_actual
24217,42.39755,-5.30064,ancla_actual
24218,42.47264,-5.48043,ancla_actual
24219,42.50065,-6.05809,ancla_actual
24221,42.145,-5.59699,ancla_actual
24222,42.64685,-5.55835,ancla_actual
24223,42.44559,-5.90462,ancla_actual
24224,42.46955,-5.91002,ancla_actual
24225,42.53288,-5.41322,ancla_actual
24226,42.56105,-5.0482,ancla_actual
24227,42.51819,-5.48615,ancla_actual
24228,42.36146,-5.856,ancla_actual
24229,42.53592,-4.96462,ancla_actual
24230,42.27268,-5.73617,ancla_actual
24901,42.93864,-5.65669,ancla_actual
24902,42.1885574,-5.5302616,ancla_actual
25001,42.16163,1.09228,ancla_actual
25002,42.0,0.76667,ancla_actual
25003,41.78686,1.09683,ancla_actual
25004,41.6092757,0.7382597,ancla_actual
25005,42.35,1.51667,ancla_actual
25006,41.4464207,0.7531653,ancla_actual
25007,41.56667,0.6,ancla_actual
25008,41.75282,0.65936,ancla_actual
25009,41.432974,0.9230827,ancla_actual
25010,41.48064,0.61659,ancla_actual
25011,41.56667,0.51667,ancla_actual
25012,41.64762,0.69383,ancla_actual
25013,41.8301183,0.5659927,ancla_actual
25014,41.52143,0.6205,ancla_actual
25015,41.81482,0.63633,ancla_actual
25016,41.73703,0.5845,ancla_actual
25017,42.5793872,1.3516689,ancla_actual
25019,41.73216,0.43722,ancla_actual
25020,41.30556,0.42418,ancla_actual
25021,41.79604,0.56834,ancla_actual
25022,41.91667,0.96667,ancla_actual
25023,41.6657,0.55564,ancla_actual
25024,42.6827706,1.0605972,ancla_actual
25025,42.7011678,0.9243045,ancla_actual
25027,41.65649,1.08286,ancla_actual
25029,41.54153,0.92457,ancla_actual
25030,42.3711,1.60538,ancla_actual
25031,42.7605487,0.7077494,ancla_actual
25032,42.34998,1.58418,ancla_actual
25033,41.55,0.7,ancla_actual
25034,41.89467,1.04625,ancla_actual
25035,41.8036154,0.8783614,ancla_actual
25036,41.49472,0.67277,ancla_actual
25037,41.9189847,0.7844785,ancla_actual
25038,41.48333,0.46667,ancla_actual
25039,42.3214972,1.0608134,ancla_actual
25040,41.79117,0.81094,ancla_actual
25041,41.6784,1.01731,ancla_actual
25042,42.0275656,1.1812731,ancla_actual
25043,42.5351339,0.8568895,ancla_actual
25044,42.01667,1.3,ancla_actual
25045,42.83454,0.71687,ancla_actual
25046,41.56025,1.01602,ancla_actual
25047,41.75,0.91667,ancla_actual
25048,41.63333,0.78333,ancla_actual
25049,41.7617635,0.9463465,ancla_actual
25050,41.62595,1.01144,ancla_actual
25051,42.36667,1.78333,ancla_actual
25052,41.67269,0.81768,ancla_actual
25053,41.69615,0.63365,ancla_actual
25055,41.84186,1.35889,ancla_actual
25056,41.31667,0.65,ancla_actual
25057,42.73333,0.71667,ancla_actual
25058,41.4985693,0.8658385,ancla_actual
25059,42.78333,0.7,ancla_actual
25060,41.8515,1.21579,ancla_actual
25061,42.2394188,1.2349963,ancla_actual
25062,41.87486,0.87814,ancla_actual
25063,42.83836,0.739,ancla_actual
25064,42.0122088,1.404059,ancla_actual
25067,41.5,0.76667,ancla_actual
25068,41.64802,0.97093,ancla_actual
25069,41.81667,0.73333,ancla_actual
25070,41.75,1.0,ancla_actual
25071,42.315373,1.6135235,ancla_actual
25072,41.67003,1.2721,ancla_actual
25073,41.436255,0.8408783,ancla_actual
25074,41.56113,1.13935,ancla_actual
25075,41.96204,1.60233,ancla_actual
25076,41.46667,0.68333,ancla_actual
25077,42.17473,1.31694,ancla_actual
25078,41.68333,0.7,ancla_actual
25079,41.85062,0.959,ancla_actual
25081,41.4909393,1.0056654,ancla_actual
25082,42.57838,1.08666,ancla_actual
25085,41.7048329,1.3903101,ancla_actual
25086,42.63333,1.13333,ancla_actual
25087,42.59254,1.2626,ancla_actual
25088,42.37326,1.52349,ancla_actual
25089,42.49654,1.27216,ancla_actual
25092,41.51667,0.91667,ancla_actual
25093,41.63469,0.87343,ancla_actual
25094,41.8734396,1.0116098,ancla_actual
25096,41.71358,1.01746,ancla_actual
25097,41.46334,1.02395,ancla_actual
25098,42.0727399,0.9897336,ancla_actual
25099,41.63354,0.93125,ancla_actual
25100,42.23697,1.6601,ancla_actual
25101,41.35,0.66667,ancla_actual
25102,41.41667,0.36667,ancla_actual
25103,41.6553455,1.2141801,ancla_actual
25104,41.61667,1.25,ancla_actual
25105,41.43333,0.65,ancla_actual
25109,41.5645,1.18528,ancla_actual
25110,41.78333,1.3,ancla_actual
25111,42.1395912,1.6410574,ancla_actual
25112,41.85,0.6,ancla_actual
25113,41.68019,0.98696,ancla_actual
25114,41.76667,1.4,ancla_actual
25115,42.1267111,1.0380823,ancla_actual
25118,41.37033,0.7765,ancla_actual
25119,41.54847,0.82451,ancla_actual
25120,41.61674,0.62218,ancla_actual
25121,42.81076,0.7105,ancla_actual
25122,41.7,0.91667,ancla_actual
25123,42.62138,1.24893,ancla_actual
25124,42.04292,1.50856,ancla_actual
25125,41.3870616,0.5385285,ancla_actual
25126,42.49515,1.21101,ancla_actual
25127,42.39025,1.68692,ancla_actual
25128,42.07476,0.91621,ancla_actual
25129,41.9233516,1.4619208,ancla_actual
25130,41.55,1.03333,ancla_actual
25131,41.4583501,0.3595514,ancla_actual
25132,41.8,1.31667,ancla_actual
25133,41.36667,0.5,ancla_actual
25134,41.73333,0.75,ancla_actual
25135,41.60516,0.87987,ancla_actual
25136,41.784104,1.5420607,ancla_actual
25137,41.63333,0.9,ancla_actual
25138,41.8,0.96667,ancla_actual
25139,42.3217395,1.6930483,ancla_actual
25140,42.385227,1.328803,ancla_actual
25141,41.5877661,1.2705735,ancla_actual
25142,41.5539579,0.5980191,ancla_actual
25143,41.6,1.23333,ancla_actual
25145,41.55,1.11667,ancla_actual
25146,42.0474155,1.6348693,ancla_actual
25148,42.1228129,1.4389379,ancla_actual
25149,42.06895,1.31353,ancla_actual
25150,41.87566,1.17631,ancla_actual
25151,42.01035,1.5646,ancla_actual
25152,41.6931386,1.3395405,ancla_actual
25153,41.5,0.96667,ancla_actual
25154,41.50041,1.07524,ancla_actual
25155,42.21667,1.33333,ancla_actual
25156,41.87314,0.72017,ancla_actual
25157,41.75485,1.159,ancla_actual
25158,41.65,0.88333,ancla_actual
25161,42.2408603,1.0094452,ancla_actual
25163,42.176051,1.5831344,ancla_actual
25164,41.7295118,0.9497316,ancla_actual
25165,42.05771,1.26767,ancla_actual
25166,41.951648,1.3686888,ancla_actual
25167,41.8444704,1.5500608,ancla_actual
25168,41.675666,0.8713683,ancla_actual
25169,41.381214,0.8822524,ancla_actual
25170,41.33741,0.736,ancla_actual
25171,42.25,0.96667,ancla_actual
25172,41.91607,1.18515,ancla_actual
25173,42.40815,0.74171,ancla_actual
25174,41.73333,0.65,ancla_actual
25175,42.3661476,1.8330811,ancla_actual
25176,41.60748,1.03831,ancla_actual
25177,41.7964,1.05057,ancla_actual
25179,42.37877,1.73773,ancla_actual
25180,41.5583269,0.8789353,ancla_actual
25181,41.76667,1.13333,ancla_actual
25182,41.53333,0.73333,ancla_actual
25183,42.44354,1.13537,ancla_actual
25185,42.291057,1.3978416,ancla_actual
25186,41.9223017,1.5536067,ancla_actual
25189,41.69374,0.59515,ancla_actual
25190,42.2219502,0.9216479,ancla_actual
25191,41.88333,1.31667,ancla_actual
25192,41.65573,1.42024,ancla_actual
25193,42.13333,1.6,ancla_actual
25194,41.7334042,1.3587284,ancla_actual
25196,42.0774839,0.7676229,ancla_actual
25197,41.76285,1.3237,ancla_actual
25200,41.45,0.56667,ancla_actual
25201,42.4084923,0.8864758,ancla_actual
25202,42.32549,0.93641,ancla_actual
25203,42.35877,1.46144,ancla_actual
25204,41.46667,0.41667,ancla_actual
25205,41.63333,0.83333,ancla_actual
25206,41.41667,0.68333,ancla_actual
25207,41.99395,1.51706,ancla_actual
25208,42.3759636,1.1460163,ancla_actual
25209,42.41319,1.13045,ancla_actual
25210,41.53333,0.48333,ancla_actual
25211,41.55663,0.56708,ancla_actual
25212,41.52268,0.59197,ancla_actual
25215,42.18575,0.90068,ancla_actual
25216,41.58157,1.3383,ancla_actual
25217,41.64704,1.13957,ancla_actual
25218,41.4296609,1.0218054,ancla_actual
25219,41.73333,1.28333,ancla_actual
25220,41.71667,0.76667,ancla_actual
25221,42.51667,1.25,ancla_actual
25222,41.97527,1.25608,ancla_actual
25223,41.8420039,1.4420011,ancla_actual
25224,41.38333,0.71667,ancla_actual
25225,41.70117,1.05384,ancla_actual
25226,41.43333,0.6,ancla_actual
25227,42.42216,0.98238,ancla_actual
25228,41.67318,0.60671,ancla_actual
25230,41.583745,0.8097775,ancla_actual
25231,41.7,0.7,ancla_actual
25232,41.53399,0.5142,ancla_actual
25233,41.66667,0.63333,ancla_actual
25234,42.16703,0.89487,ancla_actual
25238,41.52631,1.08872,ancla_actual
25239,42.37579,1.45208,ancla_actual
25240,41.75211,0.81385,ancla_actual
25242,41.61057,1.14284,ancla_actual
25243,42.7059459,0.7871254,ancla_actual
25244,41.6430977,1.0880603,ancla_actual
25245,42.47624,0.71686,ancla_actual
25247,42.7554695,0.7328944,ancla_actual
25248,41.61379,0.96432,ancla_actual
25249,41.91667,1.25,ancla_actual
25250,41.9932678,1.0070882,ancla_actual
25251,41.71667,0.61667,ancla_actual
25252,41.66259,0.92731,ancla_actual
25253,41.38333,0.95,ancla_actual
25254,41.68333,0.73333,ancla_actual
25255,41.43333,0.98333,ancla_actual
25901,42.5869936,1.2164441,ancla_actual
25902,41.5594689,1.064813,ancla_actual
25903,42.6029474,1.1537366,ancla_actual
25904,42.0982651,0.8504964,ancla_actual
25905,41.6311094,1.3256844,ancla_actual
25906,42.3029385,1.2423347,ancla_actual
25907,41.7924441,1.2601442,ancla_actual
25908,42.1950852,1.399338,ancla_actual
25909,42.2469557,1.4968343,ancla_actual
25910,42.2460339,1.6031768,ancla_actual
25911,41.7355323,1.2065863,ancla_actual
25912,41.6675446,0.3826589,ancla_actual
25913,42.34541,1.82631,ancla_actual
26001,42.57154,-2.70956,ancla_actual
26002,42.44667,-2.2898,ancla_actual
26003,41.96212,-1.9934,ancla_actual
26004,42.16705,-2.48752,ancla_actual
26005,42.35837,-2.47278,ancla_actual
26006,42.40704,-2.43894,ancla_actual
26007,42.40492,-2.12073,ancla_actual
26008,42.22911,-1.88735,ancla_actual
26009,42.41409,-2.81666,ancla_actual
26010,42.40554,-2.68938,ancla_actual
26011,42.18032,-1.75016,ancla_actual
26012,42.2165,-2.59873,ancla_actual
26013,42.57421,-2.90124,ancla_actual
26014,42.26381,-2.76463,ancla_actual
26015,42.38599,-2.7194,ancla_actual
26016,42.38745,-2.69494,ancla_actual
26017,42.21221,-2.23602,ancla_actual
26018,42.228,-2.10083,ancla_actual
26019,42.43485,-2.25143,ancla_actual
26020,42.3421,-2.1671,ancla_actual
26021,42.21661,-2.00525,ancla_actual
26022,42.424,-2.80086,ancla_actual
26023,42.36794,-2.81079,ancla_actual
26024,42.46838,-2.9101,ancla_actual
26025,42.5123,-2.94635,ancla_actual
26026,42.33533,-2.76099,ancla_actual
26027,42.33906,-2.85239,ancla_actual
26028,42.25285,-2.13221,ancla_actual
26029,42.24462,-2.1583,ancla_actual
26030,42.37036,-2.67076,ancla_actual
26031,42.31873,-2.75992,ancla_actual
26032,42.16462,-2.7945,ancla_actual
26033,42.60106,-2.83192,ancla_actual
26034,42.54397,-2.78572,ancla_actual
26035,42.19716,-2.51989,ancla_actual
26036,42.30506,-1.96521,ancla_actual
26037,42.35387,-2.72294,ancla_actual
26038,42.14233,-3.02458,ancla_actual
26039,42.3995,-2.84091,ancla_actual
26040,42.3924,-2.84649,ancla_actual
26041,42.37464,-2.76726,ancla_actual
26042,42.54911,-2.90994,ancla_actual
26043,42.51248,-2.93148,ancla_actual
26044,42.32938,-2.66122,ancla_actual
26045,42.62703,-3.00016,ancla_actual
26046,42.4813,-2.64412,ancla_actual
26047,42.00517,-1.95531,ancla_actual
26048,42.49518,-2.87834,ancla_actual
26049,42.56499,-2.92287,ancla_actual
26050,42.41214,-2.89593,ancla_actual
26051,42.34897,-2.42666,ancla_actual
26052,42.38557,-2.815,ancla_actual
26053,42.34344,-2.22023,ancla_actual
26054,42.06444,-2.09486,ancla_actual
26055,42.43208,-2.99535,ancla_actual
26056,42.54151,-2.96421,ancla_actual
26057,42.37115,-2.58187,ancla_actual
26058,42.14946,-2.26953,ancla_actual
26059,42.38782,-2.53066,ancla_actual
26060,42.32953,-2.85092,ancla_actual
26061,42.32536,-3.01309,ancla_actual
26062,42.61529,-3.03897,ancla_actual
26063,42.58114,-3.01218,ancla_actual
26064,42.46729,-2.56153,ancla_actual
26065,42.62181,-2.96087,ancla_actual
26066,42.34703,-2.23605,ancla_actual
26067,42.17229,-2.61793,ancla_actual
26068,42.54992,-2.82237,ancla_actual
26069,42.44992,-3.02767,ancla_actual
26070,42.10836,-1.99874,ancla_actual
26071,42.57634,-2.8476,ancla_actual
26072,42.21423,-2.16488,ancla_actual
26073,42.50295,-3.01954,ancla_actual
26074,42.44781,-2.88714,ancla_actual
26075,42.43828,-2.77447,ancla_actual
26076,42.45628,-2.73155,ancla_actual
26077,42.21001,-2.4196,ancla_actual
26078,42.39198,-2.5855,ancla_actual
26079,42.428,-2.69589,ancla_actual
26080,42.06777,-2.01094,ancla_actual
26081,42.21804,-2.49004,ancla_actual
26082,42.17455,-2.54282,ancla_actual
26083,42.33414,-2.32117,ancla_actual
26084,42.42686,-2.46153,ancla_actual
26086,42.32032,-2.719,ancla_actual
26087,42.50281,-3.04701,ancla_actual
26088,42.32952,-2.40606,ancla_actual
26089,42.46615,-2.45115,ancla_actual
26091,42.10477,-2.62189,ancla_actual
26092,42.39152,-2.67512,ancla_actual
26093,42.124198,-2.9215035,ancla_actual
26094,42.3961,-2.8959,ancla_actual
26095,42.29888,-2.79564,ancla_actual
26096,42.38361,-2.55394,ancla_actual
26098,42.189,-2.29506,ancla_actual
26099,42.40099,-2.32464,ancla_actual
26100,42.13364,-2.11175,ancla_actual
26101,42.22509,-2.53038,ancla_actual
26102,42.41822,-2.72865,ancla_actual
26103,42.33467,-2.4871,ancla_actual
26104,41.96667,-2.1,ancla_actual
26105,42.43068,-2.56466,ancla_actual
26106,42.27014,-2.61993,ancla_actual
26107,42.21835,-2.667,ancla_actual
26108,42.29898,-2.24019,ancla_actual
26109,42.52525,-3.00415,ancla_actual
26110,42.3472,-3.0049,ancla_actual
26111,42.54256,-2.83448,ancla_actual
26112,42.17568,-2.70513,ancla_actual
26113,42.31776,-2.92539,ancla_actual
26114,42.29959,-2.71889,ancla_actual
26115,42.19951,-2.59709,ancla_actual
26117,42.33446,-2.06851,ancla_actual
26118,42.1766,-2.64185,ancla_actual
26119,42.18648,-2.17998,ancla_actual
26120,42.22979,-2.05196,ancla_actual
26121,42.18955,-2.48654,ancla_actual
26122,42.19355,-2.69963,ancla_actual
26123,42.33746,-2.20204,ancla_actual
26124,42.35539,-2.39,ancla_actual
26125,42.23475,-1.85214,ancla_actual
26126,42.27593,-2.29245,ancla_actual
26127,42.52576,-2.84597,ancla_actual
26128,42.58884,-2.96124,ancla_actual
26129,42.49677,-2.75057,ancla_actual
26130,42.32974,-2.86185,ancla_actual
26131,42.54705,-3.09681,ancla_actual
26132,42.23255,-2.47436,ancla_actual
26134,42.36717,-2.65598,ancla_actual
26135,42.3076402,-2.3096821,ancla_actual
26136,42.2096,-2.19174,ancla_actual
26138,42.44015,-2.95365,ancla_actual
26139,42.48219,-2.88923,ancla_actual
26140,42.3897101,-2.9902163,ancla_actual
26141,42.37696,-2.95437,ancla_actual
26142,42.56321,-2.76071,ancla_actual
26143,42.36988,-2.54525,ancla_actual
26144,42.34307,-2.52872,ancla_actual
26145,42.40001,-2.60342,ancla_actual
26146,42.28591,-2.42597,ancla_actual
26147,42.25809,-2.44375,ancla_actual
26148,42.54587,-2.9494,ancla_actual
26149,42.29846,-2.81399,ancla_actual
26150,42.49431,-3.07446,ancla_actual
26151,42.25532,-2.63109,ancla_actual
26152,42.40825,-2.83379,ancla_actual
26153,42.24133,-2.51805,ancla_actual
26154,42.5,-2.68333,ancla_actual
26155,42.55901,-3.05032,ancla_actual
26157,42.40223,-2.71912,ancla_actual
26158,42.30023,-2.11749,ancla_actual
26160,42.4431,-2.70749,ancla_actual
26161,41.98408,-2.07403,ancla_actual
26162,42.31782,-3.06725,ancla_actual
26163,42.40495,-2.62651,ancla_actual
26164,42.15705,-2.85044,ancla_actual
26165,42.30934,-2.53334,ancla_actual
26166,42.60967,-2.88687,ancla_actual
26167,42.49123,-2.96404,ancla_actual
26168,42.42658,-2.41943,ancla_actual
26169,42.16719,-2.6504,ancla_actual
26170,42.32092,-2.09533,ancla_actual
26171,42.37133,-2.86411,ancla_actual
26172,42.37417,-2.88712,ancla_actual
26173,42.13053,-2.06896,ancla_actual
26174,42.42998,-3.0484,ancla_actual
26175,42.13084,-2.98565,ancla_actual
26176,42.32051,-2.8137,ancla_actual
26177,42.11383,-2.67413,ancla_actual
26178,42.15055,-2.8893,ancla_actual
26179,42.09513,-2.83304,ancla_actual
26180,42.51649,-2.88094,ancla_actual
26181,42.18294,-2.34297,ancla_actual
26183,42.32565,-3.03925,ancla_actual
27001,43.36667,-7.48333,ancla_actual
27002,43.502534,-7.4337151,ancla_actual
27003,42.7746295,-7.9045744,ancla_actual
27004,43.04265,-7.2148359,ancla_actual
27005,43.53321,-7.23342,ancla_actual
27006,42.8561,-7.1636,ancla_actual
27007,43.15121,-7.68643,ancla_actual
27008,42.62359,-7.48482,ancla_actual
27009,42.52191,-7.8284,ancla_actual
27010,43.20866,-7.40026,ancla_actual
27011,43.0302,-7.32428,ancla_actual
27012,42.8303857,-6.966601,ancla_actual
27013,43.67019,-7.41013,ancla_actual
27014,42.9306413,-7.4345019,ancla_actual
27015,43.21667,-7.55,ancla_actual
27016,42.60876,-7.77115,ancla_actual
27017,42.58876,-7.1954,ancla_actual
27018,43.1337715,-7.0802381,ancla_actual
27019,43.5692,-7.25441,ancla_actual
27020,43.03213,-7.79514,ancla_actual
27021,43.3737487,-7.7959784,ancla_actual
27022,43.18169,-7.89656,ancla_actual
27023,42.88702,-7.69259,ancla_actual
27024,42.63333,-7.35,ancla_actual
27025,43.68656,-7.5113,ancla_actual
27026,42.86425,-7.33667,ancla_actual
27027,43.454449,-7.2835593,ancla_actual
27028,43.00992,-7.55602,ancla_actual
27029,43.21337,-7.29372,ancla_actual
27030,43.4,-7.4,ancla_actual
27031,42.52165,-7.51422,ancla_actual
27032,42.7925,-7.83425,ancla_actual
27033,43.46685,-7.72383,ancla_actual
27034,42.96667,-7.0,ancla_actual
27035,43.1260756,-6.8902756,ancla_actual
27037,42.7750924,-7.101387,ancla_actual
27038,43.5604468,-7.6422671,ancla_actual
27039,43.10198,-7.61497,ancla_actual
27040,42.896194,-7.8702825,ancla_actual
27041,42.51667,-7.6,ancla_actual
27042,42.76667,-7.56667,ancla_actual
27043,42.8345535,-7.5246838,ancla_actual
27044,43.3004044,-7.3562084,ancla_actual
27045,42.6924513,-7.0834597,ancla_actual
27046,43.14892,-7.33022,ancla_actual
27047,42.55612,-7.3914,ancla_actual
27048,43.3251233,-7.1840303,ancla_actual
27049,42.8062,-7.61644,ancla_actual
27050,42.47678,-7.27463,ancla_actual
27051,43.53704,-7.04095,ancla_actual
27052,42.4351443,-7.294167,ancla_actual
27053,43.1911952,-7.1959802,ancla_actual
27054,43.343,-7.26083,ancla_actual
27055,42.731,-7.32582,ancla_actual
27056,43.117,-7.61714,ancla_actual
27057,42.78148,-7.41431,ancla_actual
27058,42.6395171,-7.6482963,ancla_actual
27059,42.46127,-7.5864,ancla_actual
27060,42.699,-7.82298,ancla_actual
27061,43.44475,-7.19527,ancla_actual
27062,42.75565,-7.24136,ancla_actual
27063,43.5378967,-7.4813464,ancla_actual
27064,43.73358,-7.67416,ancla_actual
27065,43.29806,-7.6813,ancla_actual
27066,43.66228,-7.59344,ancla_actual
27901,42.89207,-7.25492,ancla_actual
27902,43.6572157,-7.3658814,ancla_actual
28001,41.08711,-3.62454,ancla_actual
28002,40.53205,-3.47841,ancla_actual
28003,40.9187,-3.84243,ancla_actual
28004,40.23066,-3.99447,ancla_actual
28005,40.48205,-3.35996,ancla_actual
28006,40.54746,-3.64197,ancla_actual
28007,40.34582,-3.82487,ancla_actual
28008,40.3236,-4.20319,ancla_actual
28009,40.59711,-3.49743,ancla_actual
28010,40.65889,-4.02512,ancla_actual
28011,40.3319,-3.18034,ancla_actual
28012,40.46527,-3.26838,ancla_actual
28013,40.03108,-3.60246,ancla_actual
28014,40.2923693,-3.4454944,ancla_actual
28015,40.26951,-3.91946,ancla_actual
28016,40.93237,-3.46849,ancla_actual
28017,40.20981,-3.92331,ancla_actual
28018,40.71699,-3.98858,ancla_actual
28019,40.13162,-3.3358,ancla_actual
28020,40.9732,-3.52009,ancla_actual
28021,40.88569,-3.55803,ancla_actual
28022,40.405,-3.87835,ancla_actual
28023,40.7090561,-3.9220238,ancla_actual
28024,41.0404,-3.64329,ancla_actual
28025,40.23333,-3.1,ancla_actual
28026,40.40532,-3.9985,ancla_actual
28027,40.9909,-3.63365,ancla_actual
28028,40.8572,-3.70766,ancla_actual
28029,40.82009,-3.62438,ancla_actual
28030,40.86386,-3.61265,ancla_actual
28031,40.30067,-4.43348,ancla_actual
28032,40.55032,-3.37295,ancla_actual
28033,40.33333,-3.38333,ancla_actual
28034,40.90728,-3.73523,ancla_actual
28035,40.25424,-3.23572,ancla_actual
28036,40.17146,-3.83105,ancla_actual
28037,40.26459,-4.46683,ancla_actual
28038,40.74101,-4.05644,ancla_actual
28039,40.91988,-3.52702,ancla_actual
28040,40.15913,-3.62103,ancla_actual
28041,40.56667,-3.5,ancla_actual
28042,40.41897,-4.19845,ancla_actual
28043,40.10675,-3.38547,ancla_actual
28044,40.56063,-4.01713,ancla_actual
28045,40.65909,-3.76762,ancla_actual
28046,40.69326,-4.0228,ancla_actual
28047,40.63506,-4.00486,ancla_actual
28048,40.42327,-3.26003,ancla_actual
28049,40.42378,-3.56129,ancla_actual
28050,40.1910026,-3.8370197,ancla_actual
28051,40.37891,-4.21009,ancla_actual
28052,40.1402,-3.42267,ancla_actual
28053,40.54293,-3.45457,ancla_actual
28054,40.58254,-4.12846,ancla_actual
28055,40.18333,-3.1,ancla_actual
28056,40.4789088,-4.1831918,ancla_actual
28057,40.5904,-3.41003,ancla_actual
28058,40.28419,-3.79415,ancla_actual
28059,40.6422414,-3.5236479,ancla_actual
28060,40.11574,-3.15718,ancla_actual
28061,40.5783,-4.00426,ancla_actual
28062,40.91992,-3.68375,ancla_actual
28063,40.9668531,-3.7043102,ancla_actual
28064,41.01843,-3.64217,ancla_actual
28065,40.30571,-3.73295,ancla_actual
28066,40.21249,-3.85482,ancla_actual
28067,40.78496,-3.69347,ancla_actual
28068,40.6727,-4.08949,ancla_actual
28069,41.07787,-3.4549,ancla_actual
28070,41.06723,-3.58534,ancla_actual
28071,41.06019,-3.5464,ancla_actual
28072,40.62265,-3.90733,ancla_actual
28073,40.25038,-3.83062,ancla_actual
28074,40.32718,-3.7635,ancla_actual
28075,40.38343,-3.4146,ancla_actual
28076,40.94949,-3.79086,ancla_actual
28078,41.0413963,-3.5722212,ancla_actual
28079,40.4165,-3.70256,ancla_actual
28080,40.47353,-3.87182,ancla_actual
28082,40.72627,-3.86265,ancla_actual
28083,40.55274,-3.32894,ancla_actual
28084,40.39283,-3.48194,ancla_actual
28085,40.8155,-3.76213,ancla_actual
28086,40.7005631,-3.5712347,ancla_actual
28087,40.71578,-4.07402,ancla_actual
28088,41.05955,-3.52993,ancla_actual
28089,40.26125,-3.85963,ancla_actual
28090,40.67816,-3.9707,ancla_actual
28091,40.2268,-3.43269,ancla_actual
28092,40.32234,-3.86496,ancla_actual
28093,40.72905,-4.01696,ancla_actual
28094,40.82063,-3.67266,ancla_actual
28095,40.46894,-4.12334,ancla_actual
28096,40.28908,-4.01197,ancla_actual
28097,41.0055269,-3.729117,ancla_actual
28099,40.3861,-4.25117,ancla_actual
28100,40.36731,-3.24125,ancla_actual
28101,40.3686164,-3.2060663,ancla_actual
28102,40.2899514,-3.2106766,ancla_actual
28104,40.50353,-3.52775,ancla_actual
28106,40.23604,-3.76752,ancla_actual
28107,40.85563,-3.4849,ancla_actual
28108,40.74277,-3.5998,ancla_actual
28109,40.36051,-4.33462,ancla_actual
28110,40.2313,-3.35021,ancla_actual
28111,40.41613,-3.17363,ancla_actual
28112,40.92448,-3.81688,ancla_actual
28113,40.24147,-3.69999,ancla_actual
28114,41.0294013,-3.5990651,ancla_actual
28115,40.43293,-3.81338,ancla_actual
28116,40.36463,-3.31699,ancla_actual
28117,41.04414,-3.54075,ancla_actual
28118,41.0037361,-3.4519379,ancla_actual
28119,40.42763,-4.05683,ancla_actual
28120,40.90407,-3.87898,ancla_actual
28121,40.81685,-3.59837,ancla_actual
28122,40.6642,-3.38976,ancla_actual
28123,40.32605,-3.51089,ancla_actual
28124,40.95054,-3.52181,ancla_actual
28125,40.50062,-4.23635,ancla_actual
28126,41.10657,-3.59369,ancla_actual
28127,40.49292,-3.87371,ancla_actual
28128,40.31667,-4.48333,ancla_actual
28129,40.67882,-3.61639,ancla_actual
28130,40.42386,-3.53261,ancla_actual
28131,40.59144,-4.14738,ancla_actual
28132,40.20735,-3.57063,ancla_actual
28133,40.36185,-4.39831,ancla_actual
28134,40.55555,-3.62733,ancla_actual
28135,40.59492,-4.25772,ancla_actual
28136,40.47176,-3.23462,ancla_actual
28137,40.49968,-3.25332,ancla_actual
28138,41.03108,-3.62502,ancla_actual
28140,40.20211,-3.88187,ancla_actual
28141,40.34775,-4.02727,ancla_actual
28143,41.13269,-3.58237,ancla_actual
28144,40.75257,-3.78019,ancla_actual
28145,40.74325,-3.50889,ancla_actual
28146,40.24652,-3.31461,ancla_actual
28147,40.13537,-3.56763,ancla_actual
28148,40.45535,-3.46973,ancla_actual
28149,40.19886,-3.797,ancla_actual
28150,40.18746,-3.77681,ancla_actual
28151,40.82764,-3.53683,ancla_actual
28152,40.57654,-3.92658,ancla_actual
28153,40.84148,-3.49666,ancla_actual
28154,40.40264,-3.35767,ancla_actual
28155,40.2077,-3.19101,ancla_actual
28156,40.6298,-3.33001,ancla_actual
28157,40.176198,-3.3719997,ancla_actual
28158,40.87039,-3.65873,ancla_actual
28159,40.51201,-4.29722,ancla_actual
28160,40.50064,-4.0671,ancla_actual
28161,40.19081,-3.67887,ancla_actual
28162,40.636298,-3.4618173,ancla_actual
28163,40.75842,-3.46163,ancla_actual
28164,40.69366,-3.51156,ancla_actual
28165,40.2953,-3.30233,ancla_actual
28166,40.41667,-3.29631,ancla_actual
28167,40.36516,-3.48484,ancla_actual
28168,40.76495,-3.57969,ancla_actual
28169,40.79717,-3.61974,ancla_actual
28170,40.10139,-3.48258,ancla_actual
28171,40.27852,-4.30534,ancla_actual
28172,40.43044,-3.29904,ancla_actual
28173,40.06617,-3.23668,ancla_actual
28174,40.29858,-4.1088,ancla_actual
28175,40.33846,-4.12986,ancla_actual
28176,40.44689,-4.00428,ancla_actual
28177,40.49014,-3.96383,ancla_actual
28178,40.34541,-4.09891,ancla_actual
28179,40.33468,-3.23399,ancla_actual
28180,40.16663,-3.27277,ancla_actual
28181,40.3581,-3.9043,ancla_actual
28182,41.00396,-3.6687,ancla_actual
28183,40.54811,-4.18176,ancla_actual
28901,40.9164952,-3.6209332,ancla_actual
28902,40.9782668,-3.5607207,ancla_actual
28903,40.60092,-3.70806,ancla_actual
29001,37.2087,-4.6586,ancla_actual
29002,36.90301,-4.11406,ancla_actual
29003,36.99426,-4.25929,ancla_actual
29004,36.9644239,-4.2638885,ancla_actual
29005,36.77388,-4.03952,ancla_actual
29006,36.57356,-5.27554,ancla_actual
29007,36.66401,-4.56139,ancla_actual
29008,36.643,-4.68728,ancla_actual
29009,36.80892,-4.21614,ancla_actual
29010,37.0021,-5.02178,ancla_actual
29011,36.8255,-4.5407,ancla_actual
29012,36.82358,-4.70575,ancla_actual
29013,36.72736,-4.85761,ancla_actual
29014,36.63402,-5.20216,ancla_actual
29015,37.01938,-4.56123,ancla_actual
29016,36.83992,-3.99208,ancla_actual
29017,37.09654,-4.38869,ancla_actual
29018,36.87804,-4.84694,ancla_actual
29019,36.81625,-4.04411,ancla_actual
29020,36.80005,-5.1408,ancla_actual
29021,36.64017,-5.24606,ancla_actual
29022,36.60639,-5.26917,ancla_actual
29023,36.52361,-5.04631,ancla_actual
29024,36.59445,-5.26099,ancla_actual
29025,36.5961,-4.57267,ancla_actual
29026,36.83499,-4.19362,ancla_actual
29027,36.79075,-4.16146,ancla_actual
29028,36.71929,-5.2522,ancla_actual
29029,36.5512,-5.27608,ancla_actual
29030,36.8213831,-4.251232,ancla_actual
29031,36.78963,-4.94724,ancla_actual
29032,37.04826,-4.86308,ancla_actual
29033,36.87303,-4.08254,ancla_actual
29034,36.84665,-3.98678,ancla_actual
29035,36.95154,-5.0244,ancla_actual
29036,36.8529,-4.81998,ancla_actual
29037,36.64548,-5.1541,ancla_actual
29038,36.71068,-4.63297,ancla_actual
29039,36.8926,-4.42938,ancla_actual
29040,36.78616,-4.84276,ancla_actual
29041,36.44689,-5.2858,ancla_actual
29042,36.65947,-4.75639,ancla_actual
29043,36.90519,-4.33557,ancla_actual
29044,36.84929,-4.24664,ancla_actual
29045,36.83352,-3.9743,ancla_actual
29047,37.23526,-4.48714,ancla_actual
29048,36.87537,-5.04488,ancla_actual
29049,37.26666,-4.41432,ancla_actual
29050,36.83134,-4.22739,ancla_actual
29051,36.42764,-5.14589,ancla_actual
29052,36.61695,-5.18839,ancla_actual
29053,36.78747,-3.89441,ancla_actual
29054,36.53998,-4.62473,ancla_actual
29055,37.13526,-4.73,ancla_actual
29056,36.51784,-5.31581,ancla_actual
29057,36.54546,-5.23572,ancla_actual
29058,36.6563,-4.83433,ancla_actual
29059,37.1139,-4.70298,ancla_actual
29060,36.63208,-5.12188,ancla_actual
29061,36.58273,-4.94956,ancla_actual
29062,36.78333,-4.18333,ancla_actual
29063,36.65119,-5.27412,ancla_actual
29064,36.56475,-5.2156,ancla_actual
29065,36.62442,-5.16971,ancla_actual
29066,36.7624,-4.21389,ancla_actual
29067,36.72016,-4.42034,ancla_actual
29068,36.37645,-5.25026,ancla_actual
29069,36.51543,-4.88583,ancla_actual
29070,36.59575,-4.63728,ancla_actual
29071,36.77134,-4.25514,ancla_actual
29072,37.12534,-4.65686,ancla_actual
29073,36.63027,-4.83192,ancla_actual
29074,36.73684,-5.2499,ancla_actual
29075,36.75278,-3.8744,ancla_actual
29076,36.56486,-4.85561,ancla_actual
29077,36.65629,-5.12916,ancla_actual
29079,36.92931,-4.19163,ancla_actual
29080,36.76543,-4.70833,ancla_actual
29081,36.61274,-5.14979,ancla_actual
29082,36.71715,-4.27583,ancla_actual
29083,36.91727,-4.29318,ancla_actual
29084,36.74231,-5.16709,ancla_actual
29085,36.85463,-4.02434,ancla_actual
29086,36.79819,-4.01325,ancla_actual
29087,36.86232,-4.03314,ancla_actual
29088,37.1242,-4.86773,ancla_actual
29089,36.98358,-4.91913,ancla_actual
29090,36.68721,-4.90511,ancla_actual
29091,36.75793,-3.95233,ancla_actual
29092,36.76526,-4.29707,ancla_actual
29093,36.93207,-4.68257,ancla_actual
29094,36.78107,-4.10266,ancla_actual
29095,37.1835,-4.45032,ancla_actual
29096,36.99679,-4.36535,ancla_actual
29097,37.02832,-4.33891,ancla_actual
29098,37.18276,-4.33383,ancla_actual
29099,36.86307,-4.14124,ancla_actual
29100,36.73252,-4.92122,ancla_actual
29901,36.62035,-4.49976,ancla_actual
29902,36.93027,-4.53041,ancla_actual
29903,36.8214569,-5.2932423,ancla_actual
29904,36.88541,-4.98147,ancla_actual
30001,38.20537,-1.04153,ancla_actual
30002,38.20551,-1.39907,ancla_actual
30003,37.4063,-1.58289,ancla_actual
30004,38.02895,-1.38664,ancla_actual
30005,37.96939,-1.21714,ancla_actual
30006,37.79341,-1.57356,ancla_actual
30007,38.05356,-1.25051,ancla_actual
30008,37.85103,-1.42507,ancla_actual
30009,38.11631,-1.30043,ancla_actual
30010,38.04636,-1.00233,ancla_actual
30011,38.1791,-1.37473,ancla_actual
30012,38.04667,-1.67227,ancla_actual
30013,38.22997,-1.69986,ancla_actual
30014,38.03966,-1.35306,ancla_actual
30015,38.006945,-2.0266688,ancla_actual
30016,37.60197,-0.98397,ancla_actual
30017,38.09242,-1.7985,ancla_actual
30018,38.07859,-1.27467,ancla_actual
30019,38.23998,-1.41987,ancla_actual
30020,38.1814,-1.1259,ancla_actual
30021,37.72389,-1.16972,ancla_actual
30022,38.47917,-1.325,ancla_actual
30023,37.88642,-1.35557,ancla_actual
30024,37.67119,-1.7017,ancla_actual
30025,38.08261,-1.25103,ancla_actual
30026,37.5992,-1.31493,ancla_actual
30027,38.05456,-1.20763,ancla_actual
30028,38.18928,-1.89183,ancla_actual
30029,38.04095,-1.49014,ancla_actual
30030,37.98704,-1.13004,ancla_actual
30031,38.147,-1.34261,ancla_actual
30032,37.98946,-1.50444,ancla_actual
30033,37.56329,-1.80974,ancla_actual
30034,38.15338,-1.36557,ancla_actual
30035,37.80626,-0.83736,ancla_actual
30036,37.83568,-0.79102,ancla_actual
30037,37.74293,-0.95396,ancla_actual
30038,38.02822,-1.24188,ancla_actual
30039,37.7688,-1.50229,ancla_actual
30040,38.14045,-1.33007,ancla_actual
30041,37.61915,-0.87799,ancla_actual
30042,38.13572,-1.32455,ancla_actual
30043,38.61365,-1.11468,ancla_actual
30901,38.06147,-1.04877,ancla_actual
30902,37.74425,-0.85041,ancla_actual
31001,42.64823,-2.14182,ancla_actual
31002,42.7525279,-2.0404602,ancla_actual
31003,42.9,-1.2,ancla_actual
31004,42.911533,-1.2085525,ancla_actual
31005,42.6148593,-1.9892311,ancla_actual
31006,41.9745,-1.64053,ancla_actual
31007,42.68635,-1.73532,ancla_actual
31008,42.61249,-2.38987,ancla_actual
31009,42.59202,-1.36042,ancla_actual
31010,42.89999,-2.16516,ancla_actual
31011,42.711714,-2.082316,ancla_actual
31012,42.56738,-2.02052,ancla_actual
31013,42.7726813,-2.1269193,ancla_actual
31014,42.66047,-2.18885,ancla_actual
31015,42.37729,-1.94267,ancla_actual
31016,42.837417,-1.6440666,ancla_actual
31017,42.9712157,-1.5887857,ancla_actual
31018,42.65732,-1.7149,ancla_actual
31019,42.7877536,-1.3571969,ancla_actual
31020,43.0340954,-2.0013821,ancla_actual
31021,42.77979,-2.22924,ancla_actual
31022,43.19623,-1.72494,ancla_actual
31023,42.7734125,-1.5703965,ancla_actual
31024,43.19956,-1.89569,ancla_actual
31025,42.9103796,-1.8678355,ancla_actual
31026,42.56172,-2.356,ancla_actual
31027,42.91545,-2.03917,ancla_actual
31028,42.86496,-1.37796,ancla_actual
31029,42.57076,-2.19275,ancla_actual
31030,42.60598,-2.04653,ancla_actual
31031,43.08209,-1.95198,ancla_actual
31032,42.17759,-1.59719,ancla_actual
31033,42.95283,-1.26584,ancla_actual
31034,42.9420756,-1.2647858,ancla_actual
31035,42.55963,-2.28476,ancla_actual
31036,42.58823,-2.09237,ancla_actual
31037,42.92186,-2.00157,ancla_actual
31038,42.58867,-1.76504,ancla_actual
31039,42.69228,-1.83954,ancla_actual
31040,42.9471134,-1.7125366,ancla_actual
31041,42.65656,-2.03934,ancla_actual
31042,42.3,-1.9,ancla_actual
31043,42.60844,-2.34987,ancla_actual
31044,42.89244,-2.10251,ancla_actual
31045,42.60339,-1.64658,ancla_actual
31046,42.60197,-2.10203,ancla_actual
31047,42.55982,-2.31067,ancla_actual
31048,41.971104,-1.6626632,ancla_actual
31049,43.0262426,-1.8056039,ancla_actual
31050,43.1591522,-1.5061011,ancla_actual
31051,42.45415,-1.62101,ancla_actual
31052,42.75619,-1.83227,ancla_actual
31053,42.52779,-1.83419,ancla_actual
31054,43.1442265,-1.6185874,ancla_actual
31055,43.02555,-1.98029,ancla_actual
31056,42.66509,-1.68105,ancla_actual
31057,41.98009,-1.44503,ancla_actual
31058,42.9904709,-1.3380423,ancla_actual
31059,42.71995,-1.00443,ancla_actual
31060,42.8243034,-1.616234,ancla_actual
31061,42.54876,-2.24085,ancla_actual
31062,42.03249,-1.52591,ancla_actual
31063,42.62966,-2.41133,ancla_actual
31064,42.21667,-1.68333,ancla_actual
31065,42.34129,-1.64962,ancla_actual
31066,42.39314,-1.97904,ancla_actual
31067,42.37908,-1.44376,ancla_actual
31068,41.99769,-1.68098,ancla_actual
31069,42.52255,-1.36636,ancla_actual
31070,42.16912,-1.68951,ancla_actual
31071,42.6664701,-1.0691673,ancla_actual
31072,42.07937,-1.80458,ancla_actual
31073,42.87068,-2.22954,ancla_actual
31074,42.67596,-1.89115,ancla_actual
31075,42.79019,-1.82822,ancla_actual
31076,42.759242,-1.7324494,ancla_actual
31077,42.11507,-1.78563,ancla_actual
31078,41.92269,-1.42045,ancla_actual
31079,42.5879,-2.27438,ancla_actual
31080,42.59647,-2.02666,ancla_actual
31081,43.11172,-1.67372,ancla_actual
31082,43.23376,-1.63671,ancla_actual
31083,42.78017,-1.82525,ancla_actual
31084,42.9222365,-2.0794518,ancla_actual
31085,42.8006609,-1.8091497,ancla_actual
31086,42.81292,-1.59815,ancla_actual
31087,43.13858,-1.68657,ancla_actual
31088,42.7276054,-1.5905576,ancla_actual
31089,42.67095,-1.72794,ancla_actual
31090,43.08333,-1.8,ancla_actual
31091,42.897765,-2.0233462,ancla_actual
31092,42.9719998,-1.4280203,ancla_actual
31093,42.8955712,-1.0667845,ancla_actual
31094,42.56459,-1.45947,ancla_actual
31095,42.8590058,-1.0912813,ancla_actual
31096,42.59707,-2.30524,ancla_actual
31097,42.67182,-2.03226,ancla_actual
31098,42.9461014,-1.5271897,ancla_actual
31099,42.61695,-2.15447,ancla_actual
31100,42.77641,-2.20638,ancla_actual
31101,42.8693371,-1.6340987,ancla_actual
31102,43.08333,-1.81667,ancla_actual
31103,42.6088262,-1.4559494,ancla_actual
31104,42.38966,-1.79321,ancla_actual
31105,42.0577,-1.85756,ancla_actual
31106,42.02694,-1.57648,ancla_actual
31107,42.31562,-1.80017,ancla_actual
31108,42.02087,-1.48526,ancla_actual
31109,42.76147,-1.69881,ancla_actual
31110,42.5245,-1.41115,ancla_actual
31111,42.78413,-1.0961,ancla_actual
31112,42.93333,-1.23333,ancla_actual
31113,42.78937,-0.92589,ancla_actual
31114,42.60036,-1.64434,ancla_actual
31115,42.94818,-1.28624,ancla_actual
31116,42.6452,-2.39021,ancla_actual
31117,43.17187,-1.86411,ancla_actual
31118,42.85167,-1.90358,ancla_actual
31119,42.8188305,-1.0659375,ancla_actual
31120,42.7637841,-1.9222817,ancla_actual
31121,42.71725,-1.87798,ancla_actual
31122,42.83035,-1.59087,ancla_actual
31123,42.9268584,-1.9613016,ancla_actual
31124,42.6743006,-1.4574837,ancla_actual
31125,42.64545,-2.08551,ancla_actual
31126,42.9557421,-1.7942213,ancla_actual
31127,42.92287,-1.94595,ancla_actual
31128,42.9040697,-0.8549861,ancla_actual
31129,43.12897,-1.70714,ancla_actual
31130,42.88993,-2.11916,ancla_actual
31131,42.83664,-1.7294,ancla_actual
31132,42.7298391,-1.4186513,ancla_actual
31133,42.9283017,-1.0367173,ancla_actual
31134,42.8994096,-1.1511942,ancla_actual
31135,42.59119,-1.20884,ancla_actual
31136,42.903295,-1.706583,ancla_actual
31137,43.08333,-1.75,ancla_actual
31138,42.92249,-2.02337,ancla_actual
31139,42.7136146,-2.2537848,ancla_actual
31140,43.0,-1.61667,ancla_actual
31141,42.60478,-2.46008,ancla_actual
31142,42.55841,-1.84954,ancla_actual
31143,42.7797,-2.25682,ancla_actual
31144,43.0002468,-1.906333,ancla_actual
31145,42.49286,-2.24018,ancla_actual
31146,42.60718,-1.40728,ancla_actual
31147,42.71183,-1.76846,ancla_actual
31148,42.64924,-2.17392,ancla_actual
31149,43.08333,-1.91667,ancla_actual
31150,42.5997392,-1.5597809,ancla_actual
31151,42.56781,-1.5011,ancla_actual
31152,42.48318,-1.97184,ancla_actual
31153,43.25,-1.7,ancla_actual
31154,42.77739,-1.99385,ancla_actual
31155,42.61943,-1.27579,ancla_actual
31156,42.79868,-1.46753,ancla_actual
31157,42.42269,-2.07741,ancla_actual
31158,42.7817779,-1.3586316,ancla_actual
31159,42.65303,-1.30669,ancla_actual
31160,42.61215,-2.09904,ancla_actual
31161,42.67001,-1.86297,ancla_actual
31162,42.62941,-2.43931,ancla_actual
31163,42.32794,-1.73714,ancla_actual
31164,42.35869,-1.54888,ancla_actual
31165,42.44335,-2.20087,ancla_actual
31166,42.6542406,-2.2477739,ancla_actual
31167,42.62822,-1.8345,ancla_actual
31168,42.67714,-2.13015,ancla_actual
31169,42.2416,-1.76588,ancla_actual
31170,42.62297,-2.27966,ancla_actual
31171,42.48337,-1.82759,ancla_actual
31172,42.70421,-1.50785,ancla_actual
31173,41.96667,-1.68333,ancla_actual
31174,42.61286,-2.01393,ancla_actual
31175,42.5986282,-2.2340581,ancla_actual
31176,42.03185,-1.65582,ancla_actual
31177,42.65618,-2.15452,ancla_actual
31178,42.3439192,-1.5995565,ancla_actual
31179,42.39272,-1.46034,ancla_actual
31180,42.69051,-1.76931,ancla_actual
31181,42.71758,-1.11744,ancla_actual
31182,42.63686,-2.27966,ancla_actual
31183,42.68071,-1.78493,ancla_actual
31184,42.63828,-2.16476,ancla_actual
31185,42.9585376,-1.0758284,ancla_actual
31186,42.9320411,-1.6464271,ancla_actual
31187,43.11667,-1.68333,ancla_actual
31188,42.8964334,-1.603064,ancla_actual
31189,42.8877555,-2.2015875,ancla_actual
31190,42.62329,-2.14202,ancla_actual
31191,42.47971,-1.65196,ancla_actual
31192,42.63522,-1.61276,ancla_actual
31193,42.8207575,-1.7658204,ancla_actual
31194,42.8604054,-1.8514682,ancla_actual
31195,43.0074944,-1.2140062,ancla_actual
31196,42.96728,-1.24213,ancla_actual
31197,42.60122,-1.60403,ancla_actual
31198,42.86873,-1.09683,ancla_actual
31199,42.9065719,-1.3045262,ancla_actual
31200,42.61905,-1.95385,ancla_actual
31201,42.81687,-1.64323,ancla_actual
31202,42.33834,-1.80035,ancla_actual
31203,42.45,-1.11667,ancla_actual
31204,42.632,-2.20416,ancla_actual
31205,42.42172,-1.62017,ancla_actual
31206,42.67291,-1.81412,ancla_actual
31207,42.56506,-1.64826,ancla_actual
31208,41.99814,-1.51272,ancla_actual
31209,42.6843351,-1.195133,ancla_actual
31210,42.81001,-0.95611,ancla_actual
31211,43.0142537,-1.3081254,ancla_actual
31212,42.5731582,-1.3941071,ancla_actual
31213,43.08858,-1.77946,ancla_actual
31214,42.77487,-1.88999,ancla_actual
31215,42.33433,-1.93509,ancla_actual
31216,42.5691753,-1.2716037,ancla_actual
31217,42.52473,-1.56091,ancla_actual
31219,42.55362,-2.26676,ancla_actual
31220,42.3894751,-1.5495536,ancla_actual
31221,43.13333,-1.66667,ancla_actual
31222,42.8404397,-1.1037668,ancla_actual
31223,42.38333,-2.05709,ancla_actual
31224,42.47748,-2.08353,ancla_actual
31225,42.61507,-2.21525,ancla_actual
31226,43.16667,-1.66667,ancla_actual
31227,42.52687,-1.67446,ancla_actual
31228,42.6858793,-1.6406296,ancla_actual
31229,42.6574,-1.70263,ancla_actual
31230,42.6217314,-2.3214969,ancla_actual
31231,42.55162,-2.27285,ancla_actual
31232,42.06166,-1.60452,ancla_actual
31233,41.97695,-1.67618,ancla_actual
31234,42.67667,-1.70528,ancla_actual
31235,42.5,-1.5,ancla_actual
31236,43.009652,-1.6863909,ancla_actual
31237,42.7290671,-1.4794526,ancla_actual
31238,42.65252,-1.62598,ancla_actual
31239,43.2770374,-1.5108029,ancla_actual
31240,42.88829,-2.13667,ancla_actual
31241,42.7915799,-1.2263651,ancla_actual
31242,42.6906139,-1.327945,ancla_actual
31243,42.778762,-1.4528311,ancla_actual
31244,43.0824536,-1.7095039,ancla_actual
31245,42.83029,-0.94617,ancla_actual
31246,42.70981,-1.76004,ancla_actual
31247,42.89189,-0.94039,ancla_actual
31248,43.1,-1.3,ancla_actual
31249,42.19653,-1.63459,ancla_actual
31250,43.2874673,-1.6682406,ancla_actual
31251,42.51552,-2.37123,ancla_actual
31252,42.80206,-1.01391,ancla_actual
31253,42.7683986,-1.8425539,ancla_actual
31254,42.27933,-1.74628,ancla_actual
31255,42.62937,-2.10503,ancla_actual
31256,42.949647,-1.2085904,ancla_actual
31257,42.66022,-1.99247,ancla_actual
31258,42.832822,-1.6099131,ancla_actual
31259,43.22526,-1.70048,ancla_actual
31260,42.70981,-2.00174,ancla_actual
31261,42.62025,-1.2036,ancla_actual
31262,42.766323,-1.7998762,ancla_actual
31263,43.12473,-1.74219,ancla_actual
31264,43.26964,-1.54113,ancla_actual
31265,42.69247,-2.29982,ancla_actual
31901,42.80567,-1.67731,ancla_actual
31902,42.8580388,-1.7032669,ancla_actual
31903,42.843157,-1.6697697,ancla_actual
31904,42.91667,-1.83333,ancla_actual
31905,42.73347,-1.64448,ancla_actual
31906,42.8259841,-1.7044041,ancla_actual
31907,42.78795,-1.69065,ancla_actual
31908,43.0005,-1.89257,ancla_actual
32001,42.19044,-7.80175,ancla_actual
32002,42.41667,-7.95,ancla_actual
32003,42.2512477,-8.132125,ancla_actual
32004,42.37506,-8.2512,ancla_actual
32005,41.952,-7.71581,ancla_actual
32006,42.0312,-7.97489,ancla_actual
32007,42.24148,-7.67223,ancla_actual
32008,42.31617,-7.88474,ancla_actual
32009,42.41642,-6.99005,ancla_actual
32010,42.33074,-8.1295,ancla_actual
32011,42.46866,-8.27328,ancla_actual
32012,41.9806769,-7.7583548,ancla_actual
32013,42.43332,-8.14431,ancla_actual
32014,42.1523,-7.9146,ancla_actual
32015,42.30702,-7.09897,ancla_actual
32016,41.9343651,-7.8565467,ancla_actual
32017,42.3452504,-6.8454123,ancla_actual
32018,42.3214,-8.16456,ancla_actual
32019,42.43163,-8.07899,ancla_actual
32020,42.25109,-8.07062,ancla_actual
32021,42.0391546,-7.3579932,ancla_actual
32022,42.28463,-8.10627,ancla_actual
32023,42.37366,-7.42578,ancla_actual
32024,42.15303,-7.95513,ancla_actual
32025,42.34183,-8.08982,ancla_actual
32026,42.40071,-7.83526,ancla_actual
32027,42.20983,-8.1682,ancla_actual
32028,41.98897,-7.59464,ancla_actual
32029,42.2507055,-7.3755765,ancla_actual
32030,41.93297,-8.11725,ancla_actual
32031,42.32549,-7.69691,ancla_actual
32032,42.0635,-7.72459,ancla_actual
32033,42.1889087,-8.0983486,ancla_actual
32034,42.06103,-7.13875,ancla_actual
32035,42.5139776,-8.140928,ancla_actual
32036,42.1800386,-7.71666,ancla_actual
32037,42.31942,-7.63028,ancla_actual
32038,42.3542113,-7.1659527,ancla_actual
32039,42.06136,-7.462,ancla_actual
32040,42.3731986,-8.1565364,ancla_actual
32041,42.0013448,-8.0470103,ancla_actual
32042,41.87493,-8.08783,ancla_actual
32043,42.26972,-7.65052,ancla_actual
32044,42.30962,-7.23209,ancla_actual
32045,42.41031,-8.02582,ancla_actual
32046,42.26016,-8.214,ancla_actual
32047,42.22261,-7.90492,ancla_actual
32048,42.01314,-7.04675,ancla_actual
32049,42.27554,-7.50138,ancla_actual
32050,41.9474965,-7.5213743,ancla_actual
32051,41.9336295,-7.961475,ancla_actual
32052,42.41712,-7.74982,ancla_actual
32053,41.8702755,-7.5214413,ancla_actual
32054,42.33669,-7.86407,ancla_actual
32055,42.2774537,-7.7459676,ancla_actual
32056,42.13333,-8.15,ancla_actual
32057,42.3627133,-7.5620071,ancla_actual
32058,42.3434549,-7.7798785,ancla_actual
32059,42.44132,-7.79454,ancla_actual
32060,42.38191,-7.12899,ancla_actual
32061,42.5012,-8.00151,ancla_actual
32062,42.01667,-7.85,ancla_actual
32063,42.3253591,-7.2784899,ancla_actual
32064,42.1686629,-8.1394335,ancla_actual
32065,42.37072,-8.01058,ancla_actual
32066,42.13967,-8.10126,ancla_actual
32067,42.08364,-7.83503,ancla_actual
32068,42.182721,-8.0375553,ancla_actual
32069,42.28804,-8.14362,ancla_actual
32070,42.3859776,-7.3134223,ancla_actual
32071,41.97457,-7.28234,ancla_actual
32072,42.40048,-7.10268,ancla_actual
32073,42.468044,-6.8960273,ancla_actual
32074,42.37385,-8.07347,ancla_actual
32075,42.2780852,-7.8535994,ancla_actual
32076,42.4988323,-7.9561735,ancla_actual
32077,42.1123,-7.75678,ancla_actual
32078,42.08784,-7.60348,ancla_actual
32079,42.24234,-7.82719,ancla_actual
32080,42.39098,-7.47345,ancla_actual
32081,42.31765,-7.95435,ancla_actual
32082,42.0254,-7.61735,ancla_actual
32083,42.25004,-7.0261,ancla_actual
32084,42.10653,-8.00092,ancla_actual
32085,41.94149,-7.43809,ancla_actual
32086,42.1795,-7.11219,ancla_actual
32087,42.46488,-7.89119,ancla_actual
32088,42.41417,-7.06078,ancla_actual
32089,42.16048,-7.61112,ancla_actual
32090,42.08644,-7.79669,ancla_actual
32091,41.91667,-7.3,ancla_actual
32092,42.16667,-7.18333,ancla_actual
33001,43.2363121,-6.7149054,ancla_actual
33002,43.1087198,-5.595634,ancla_actual
33003,43.24403,-5.0746,ancla_actual
33004,43.55473,-5.92483,ancla_actual
33005,43.2681907,-6.2529158,ancla_actual
33006,43.31667,-5.55,ancla_actual
33007,43.432,-6.81513,ancla_actual
33008,43.2723109,-4.8281104,ancla_actual
33009,43.4048931,-5.4216048,ancla_actual
33010,43.4487131,-6.0560176,ancla_actual
33011,43.18333,-6.55,ancla_actual
33012,43.3514,-5.12916,ancla_actual
33013,43.46058,-5.19181,ancla_actual
33014,43.5499589,-5.7910901,ancla_actual
33015,43.1622002,-5.3329934,ancla_actual
33016,43.54793,-5.99381,ancla_actual
33017,43.52777,-7.03048,ancla_actual
33018,43.51392,-6.75527,ancla_actual
33019,43.48531,-5.27009,ancla_actual
33020,43.53554,-5.88893,ancla_actual
33021,43.56217,-6.14589,ancla_actual
33022,42.93969,-6.56935,ancla_actual
33023,43.55522,-6.8662,ancla_actual
33024,43.53573,-5.66152,ancla_actual
33025,43.6031774,-5.848667,ancla_actual
33026,43.38801,-6.07433,ancla_actual
33027,43.21554,-6.8757,ancla_actual
33028,43.0045265,-6.8128207,ancla_actual
33029,43.33385,-6.8656,ancla_actual
33030,43.49716,-5.97499,ancla_actual
33031,43.2970141,-5.6935957,ancla_actual
33032,43.2281724,-5.5447227,ancla_actual
33033,43.0733197,-5.8217024,ancla_actual
33034,43.494715,-6.4678278,ancla_actual
33035,43.43963,-5.8508,ancla_actual
33036,43.41982,-4.75485,ancla_actual
33037,43.25,-5.76667,ancla_actual
33038,43.2668514,-5.9020162,ancla_actual
33039,43.54277,-6.10348,ancla_actual
33040,43.3581,-5.51064,ancla_actual
33041,43.53544,-6.71935,ancla_actual
33042,43.39364,-5.70662,ancla_actual
33043,43.33829,-4.96608,ancla_actual
33044,43.36029,-5.84476,ancla_actual
33045,43.35,-5.15,ancla_actual
33046,43.3207839,-4.7155447,ancla_actual
33047,43.3096823,-4.5968606,ancla_actual
33048,43.25,-6.86667,ancla_actual
33049,43.35,-5.36667,ancla_actual
33050,43.1886144,-5.1722639,ancla_actual
33051,43.48861,-6.1117,ancla_actual
33052,43.25178,-6.01633,ancla_actual
33053,43.1400155,-5.9603953,ancla_actual
33054,43.42126,-5.9725041,ancla_actual
33055,43.3713334,-4.5640331,ancla_actual
33056,43.46145,-5.05955,ancla_actual
33057,43.3048991,-5.8835605,ancla_actual
33058,43.2139496,-5.8919613,ancla_actual
33059,43.4118,-6.26023,ancla_actual
33060,43.2743788,-5.6152688,ancla_actual
33061,43.26587,-6.96241,ancla_actual
33062,43.2595,-7.01895,ancla_actual
33063,43.40873,-7.14317,ancla_actual
33064,43.2880259,-5.9810624,ancla_actual
33065,43.4,-5.53333,ancla_actual
33066,43.3930272,-5.6853737,ancla_actual
33067,43.1934763,-5.4640152,ancla_actual
33068,43.0973795,-6.2492873,ancla_actual
33069,43.53288,-6.06984,ancla_actual
33070,43.57019,-6.94383,ancla_actual
33071,43.3602,-7.10828,ancla_actual
33072,43.1407274,-6.107185,ancla_actual
33073,43.33765,-6.41452,ancla_actual
33074,43.46834,-7.0539,ancla_actual
33075,43.31144,-6.98645,ancla_actual
33076,43.48126,-5.43574,ancla_actual
33077,43.4119506,-6.705895,ancla_actual
33078,43.2614284,-6.1090398,ancla_actual
34001,42.06253,-4.84123,ancla_actual
34003,42.42016,-4.42131,ancla_actual
34004,42.79452,-4.25892,ancla_actual
34005,42.66037,-4.31271,ancla_actual
34006,41.81276,-4.3647,ancla_actual
34009,42.21108,-4.4888,ancla_actual
34010,41.91608,-4.78033,ancla_actual
34011,42.17306,-4.47018,ancla_actual
34012,41.94681,-4.12058,ancla_actual
34015,42.32774,-4.49617,ancla_actual
34017,42.1933,-4.29394,ancla_actual
34018,41.99207,-4.63393,ancla_actual
34019,42.08725,-4.83376,ancla_actual
34022,41.93775,-4.24656,ancla_actual
34023,41.9211,-4.49089,ancla_actual
34024,42.016,-4.78185,ancla_actual
34025,42.48428,-4.49875,ancla_actual
34027,42.90641,-4.28593,ancla_actual
34028,42.67064,-4.52693,ancla_actual
34029,42.10841,-4.64152,ancla_actual
34031,41.94255,-4.98659,ancla_actual
34032,42.78053,-4.03753,ancla_actual
34033,41.98957,-4.8773,ancla_actual
34034,42.25934,-4.34525,ancla_actual
34035,42.17954,-4.96983,ancla_actual
34036,42.9362,-4.30833,ancla_actual
34037,42.63788,-4.61446,ancla_actual
34038,42.45605,-4.74115,ancla_actual
34039,42.35509,-4.7398,ancla_actual
34041,42.57409,-4.38485,ancla_actual
34042,42.32724,-4.65293,ancla_actual
34045,42.01362,-4.89051,ancla_actual
34046,42.23214,-4.70197,ancla_actual
34047,42.3413,-4.60071,ancla_actual
34048,41.98461,-4.9592,ancla_actual
34049,42.80795,-4.59901,ancla_actual
34050,41.79086,-4.07031,ancla_actual
34051,41.8582,-4.30125,ancla_actual
34052,42.45463,-4.48069,ancla_actual
34053,42.03104,-4.82404,ancla_actual
34055,42.29054,-4.76947,ancla_actual
34056,42.86676,-4.49796,ancla_actual
34057,41.85113,-4.40973,ancla_actual
34058,41.86112,-4.18498,ancla_actual
34059,42.22046,-4.85807,ancla_actual
34060,42.02808,-4.00251,ancla_actual
34061,42.62009,-4.48294,ancla_actual
34062,42.71584,-4.63366,ancla_actual
34063,42.07961,-4.25988,ancla_actual
34066,41.79844,-4.4672,ancla_actual
34067,42.81939,-4.51019,ancla_actual
34068,42.63876,-4.43518,ancla_actual
34069,41.87717,-4.54714,ancla_actual
34070,41.96679,-3.95346,ancla_actual
34071,42.47949,-4.37218,ancla_actual
34072,42.13768,-4.84112,ancla_actual
34073,42.68176,-4.81734,ancla_actual
34074,42.26667,-4.40546,ancla_actual
34076,42.08333,-4.78333,ancla_actual
34077,42.07532,-4.5005,ancla_actual
34079,42.05289,-4.58309,ancla_actual
34080,42.78966,-4.84823,ancla_actual
34081,42.13365,-4.90949,ancla_actual
34082,41.81972,-4.17361,ancla_actual
34083,42.59492,-4.33034,ancla_actual
34084,42.04828,-4.20004,ancla_actual
34086,41.91061,-4.44209,ancla_actual
34087,41.98772,-4.27207,ancla_actual
34088,42.09054,-4.52709,ancla_actual
34089,42.28804,-4.25677,ancla_actual
34091,42.40578,-4.90454,ancla_actual
34092,42.34078,-4.27866,ancla_actual
34093,42.656253,-4.3937861,ancla_actual
34094,42.3548,-4.8648,ancla_actual
34096,42.27362,-4.55095,ancla_actual
34098,41.9877104,-4.4469996,ancla_actual
34099,42.20518,-4.56841,ancla_actual
34100,42.75259,-4.84213,ancla_actual
34101,42.3177,-4.3967,ancla_actual
34102,42.02691,-4.71542,ancla_actual
34103,42.16814,-4.84059,ancla_actual
34104,42.25381,-4.25394,ancla_actual
34106,41.94142,-4.91927,ancla_actual
34107,42.69078,-4.46166,ancla_actual
34108,42.11604,-4.49283,ancla_actual
34109,42.36191,-4.92831,ancla_actual
34110,42.8753,-4.39426,ancla_actual
34112,42.39255,-4.64156,ancla_actual
34113,42.6099,-4.4504,ancla_actual
34114,42.72274,-4.42446,ancla_actual
34116,42.37047,-4.29153,ancla_actual
34120,42.00955,-4.52406,ancla_actual
34121,42.09518,-4.13039,ancla_actual
34122,42.57842,-4.40042,ancla_actual
34123,42.15367,-4.69193,ancla_actual
34124,42.71859,-4.47752,ancla_actual
34125,41.98419,-4.73524,ancla_actual
34126,42.48159,-4.74678,ancla_actual
34127,42.19398,-4.58105,ancla_actual
34129,42.64504,-4.80795,ancla_actual
34130,42.21326,-4.43657,ancla_actual
34131,42.33675,-4.87398,ancla_actual
34132,42.26994,-4.44744,ancla_actual
34133,41.79298,-4.42874,ancla_actual
34134,42.93932,-4.52887,ancla_actual
34135,42.77437,-4.16756,ancla_actual
34136,42.57823,-4.79845,ancla_actual
34137,42.25438,-4.89389,ancla_actual
34139,42.68156,-4.34659,ancla_actual
34140,42.67454,-4.60926,ancla_actual
34141,42.08471,-4.20649,ancla_actual
34143,42.46937,-4.66385,ancla_actual
34146,41.97624,-4.38337,ancla_actual
34147,42.45348,-4.70298,ancla_actual
34149,42.30796,-4.34304,ancla_actual
34151,42.76512,-4.6854,ancla_actual
34152,42.28401,-4.48218,ancla_actual
34154,42.6296,-4.50343,ancla_actual
34155,42.15249,-4.51649,ancla_actual
34156,42.27881,-4.72503,ancla_actual
34157,42.52146,-4.73605,ancla_actual
34158,42.85046,-4.37783,ancla_actual
34159,42.20063,-4.53127,ancla_actual
34160,42.89261,-4.38719,ancla_actual
34161,42.54194,-4.35325,ancla_actual
34163,42.35512,-4.56565,ancla_actual
34165,42.26257,-4.85724,ancla_actual
34167,41.93227,-4.65546,ancla_actual
34168,42.52531,-4.37398,ancla_actual
34169,42.50677,-4.80002,ancla_actual
34170,42.70784,-4.37263,ancla_actual
34171,42.80929,-4.73026,ancla_actual
34174,42.21473,-4.34296,ancla_actual
34175,42.41631,-4.66399,ancla_actual
34176,42.58987,-4.44185,ancla_actual
34177,41.95312,-4.42998,ancla_actual
34178,42.02469,-4.12361,ancla_actual
34179,42.64728,-4.69414,ancla_actual
34180,42.1996319,-4.40388,ancla_actual
34181,41.8884741,-4.4742038,ancla_actual
34182,42.0349,-4.31841,ancla_actual
34184,41.96018,-4.77765,ancla_actual
34185,42.92456,-4.6813,ancla_actual
34186,42.14584,-4.2401,ancla_actual
34189,42.04123,-4.40015,ancla_actual
34190,42.60674,-4.65584,ancla_actual
34192,42.3987291,-4.5750852,ancla_actual
34196,41.88045,-4.36243,ancla_actual
34199,42.82611,-4.84626,ancla_actual
34201,41.83281,-4.32707,ancla_actual
34202,42.5557316,-4.6152669,ancla_actual
34204,42.22168,-4.97668,ancla_actual
34205,41.87174,-4.22379,ancla_actual
34206,42.25111,-4.96708,ancla_actual
34208,42.56556,-4.58318,ancla_actual
34210,42.05031,-4.13104,ancla_actual
34211,42.38964,-4.46254,ancla_actual
34213,42.15569,-4.2594,ancla_actual
34214,42.72229,-4.82328,ancla_actual
34215,42.31662,-4.54278,ancla_actual
34216,42.29287,-4.85527,ancla_actual
34217,42.03037,-4.5034,ancla_actual
34218,42.52386,-4.76489,ancla_actual
34220,42.01598,-4.66414,ancla_actual
34222,42.52822,-4.47572,ancla_actual
34223,42.40337,-4.69899,ancla_actual
34224,42.25843,-4.6886,ancla_actual
34225,41.94935,-4.51584,ancla_actual
34227,42.24114,-4.74288,ancla_actual
34228,42.50775,-4.51887,ancla_actual
34229,42.51674,-4.39645,ancla_actual
34230,42.29777,-4.49992,ancla_actual
34231,42.4209,-4.78445,ancla_actual
34232,42.04301,-4.91215,ancla_actual
34233,42.41207,-4.49633,ancla_actual
34234,42.53192,-4.55884,ancla_actual
34236,42.37769,-4.67085,ancla_actual
34237,42.08873,-4.61384,ancla_actual
34238,41.96227,-4.342,ancla_actual
34240,41.948756,-4.8571926,ancla_actual
34241,42.21161,-4.24484,ancla_actual
34242,42.14436,-4.09527,ancla_actual
34243,42.24782,-4.59592,ancla_actual
34245,42.55234,-4.84893,ancla_actual
34246,42.29478,-4.48122,ancla_actual
34901,42.3888967,-4.376091,ancla_actual
34902,42.2170667,-4.7836866,ancla_actual
34903,42.4641032,-4.5806281,ancla_actual
34904,43.0008874,-4.4950963,ancla_actual
35001,28.10023,-15.69998,ancla_actual
35002,27.90539,-15.44609,ancla_actual
35003,28.42307,-14.01379,ancla_actual
35004,28.96302,-13.54769,ancla_actual
35005,28.02055,-15.64693,ancla_actual
35006,28.11983,-15.52325,ancla_actual
35007,28.42328,-14.05564,ancla_actual
35008,28.10711,-15.56299,ancla_actual
35009,28.14701,-15.6502,ancla_actual
35010,29.14553,-13.49986,ancla_actual
35011,27.91855,-15.43433,ancla_actual
35012,27.88385,-15.72538,ancla_actual
35013,28.11106,-15.58285,ancla_actual
35014,28.61052,-13.92912,ancla_actual
35015,28.35039,-14.1076,ancla_actual
35016,28.10178,-15.41573,ancla_actual
35017,28.50038,-13.86272,ancla_actual
35018,29.00093,-13.613,ancla_actual
35019,27.92481,-15.57329,ancla_actual
35020,27.949587,-15.7874075,ancla_actual
35021,28.03197,-15.50425,ancla_actual
35022,27.8698056,-15.4887683,ancla_actual
35023,28.1159464,-15.6183988,ancla_actual
35024,29.06049,-13.56397,ancla_actual
35025,27.99508,-15.61543,ancla_actual
35026,27.99243,-15.41915,ancla_actual
35027,28.06062,-15.54909,ancla_actual
35028,28.96108,-13.64502,ancla_actual
35029,29.06326,-13.67647,ancla_actual
35030,28.32372,-14.04722,ancla_actual
35031,27.98562,-15.49725,ancla_actual
35032,28.0433,-15.57623,ancla_actual
35033,28.00892,-15.5333,ancla_actual
35034,28.95678,-13.76535,ancla_actual
36001,42.11667,-8.31667,ancla_actual
36002,42.55534,-8.62231,ancla_actual
36003,42.11667,-8.85,ancla_actual
36004,42.32458,-8.78497,ancla_actual
36005,42.60473,-8.6423,ancla_actual
36006,42.51222,-8.8131,ancla_actual
36007,42.5439519,-8.5247902,ancla_actual
36008,42.26413,-8.78463,ancla_actual
36009,42.21667,-8.26667,ancla_actual
36010,42.66748,-8.72323,ancla_actual
36013,42.23152,-8.363,ancla_actual
36014,42.1858961,-8.2102567,ancla_actual
36015,42.63396,-8.56256,ancla_actual
36016,42.58333,-8.01667,ancla_actual
36017,42.68911,-8.48842,ancla_actual
36018,42.59233,-8.3509,ancla_actual
36019,42.34126,-8.45291,ancla_actual
36020,42.7881374,-8.0332288,ancla_actual
36021,42.11155,-8.74971,ancla_actual
36022,42.49444,-8.86502,ancla_actual
36023,41.90131,-8.87423,ancla_actual
36024,42.66085,-8.11285,ancla_actual
36025,42.4119438,-8.3874392,ancla_actual
36026,42.39145,-8.70136,ancla_actual
36027,42.44661,-8.78122,ancla_actual
36028,42.5,-8.75,ancla_actual
36029,42.27807,-8.73921,ancla_actual
36030,42.2311,-8.45839,ancla_actual
36031,42.22686,-8.46728,ancla_actual
36032,42.55,-8.58333,ancla_actual
36033,42.1972668,-8.6230622,ancla_actual
36034,42.1219504,-8.4011249,ancla_actual
36035,42.14153,-8.80656,ancla_actual
36036,42.0,-8.86667,ancla_actual
36037,42.2862862,-8.5355353,ancla_actual
36038,42.431,-8.64435,ancla_actual
36039,42.1331998,-8.628936,ancla_actual
36040,42.58531,-8.65573,ancla_actual
36041,42.42929,-8.66075,ancla_actual
36042,42.17476,-8.50398,ancla_actual
36043,42.38911,-8.50235,ancla_actual
36044,42.7144611,-8.6363127,ancla_actual
36045,42.28337,-8.6096,ancla_actual
36046,42.51667,-8.75,ancla_actual
36047,42.65193,-7.95519,ancla_actual
36048,41.93536,-8.83677,ancla_actual
36049,42.1004135,-8.5743371,ancla_actual
36050,42.1129429,-8.4852132,ancla_actual
36051,42.39996,-8.80698,ancla_actual
36052,42.69605,-8.24653,ancla_actual
36053,42.33333,-8.56667,ancla_actual
36054,41.98772,-8.75502,ancla_actual
36055,42.04713,-8.64435,ancla_actual
36056,42.69792,-8.63959,ancla_actual
36057,42.23282,-8.72264,ancla_actual
36058,42.36667,-8.63333,ancla_actual
36059,42.7985357,-8.220154,ancla_actual
36060,42.59631,-8.76426,ancla_actual
36061,42.564,-8.82797,ancla_actual
36901,42.5517706,-8.8742343,ancla_actual
36902,42.4992132,-8.4575536,ancla_actual
37001,40.709,-6.14074,ancla_actual
37002,40.44867,-6.44176,ancla_actual
37003,40.87231,-6.74702,ancla_actual
37004,41.15819,-6.38037,ancla_actual
37005,40.65071,-6.75841,ancla_actual
37006,40.47245,-6.82845,ancla_actual
37007,40.74886,-5.28781,ancla_actual
37008,40.82664,-5.51237,ancla_actual
37009,40.6718,-6.3166,ancla_actual
37010,40.48908,-6.11107,ancla_actual
37011,40.41302,-6.81482,ancla_actual
37012,40.91092,-5.36305,ancla_actual
37013,40.3809,-5.89754,ancla_actual
37014,41.21769,-6.61786,ancla_actual
37015,40.70677,-6.79253,ancla_actual
37016,40.9809,-5.54922,ancla_actual
37017,41.14809,-5.52404,ancla_actual
37018,40.6162,-6.10023,ancla_actual
37019,41.10966,-5.80726,ancla_actual
37020,41.00807,-5.49829,ancla_actual
37021,40.81909,-5.44699,ancla_actual
37022,40.94161,-5.20719,ancla_actual
37023,40.92168,-5.69273,ancla_actual
37024,40.58307,-5.61705,ancla_actual
37025,40.85077,-6.0526,ancla_actual
37026,40.66254,-6.24332,ancla_actual
37027,41.0639,-5.8235,ancla_actual
37028,41.22922,-6.34068,ancla_actual
37029,40.72828,-5.49266,ancla_actual
37030,41.13658,-5.91585,ancla_actual
37031,41.0472966,-5.3931443,ancla_actual
37032,40.89366,-5.64494,ancla_actual
37033,41.09379,-5.56055,ancla_actual
37034,41.1109,-5.82451,ancla_actual
37035,40.5932,-5.44806,ancla_actual
37036,40.5429184,-6.0455711,ancla_actual
37037,40.50255,-6.41456,ancla_actual
37038,40.97704,-5.42554,ancla_actual
37039,40.84825,-6.61311,ancla_actual
37040,40.92983,-5.88016,ancla_actual
37041,40.67678,-5.94258,ancla_actual
37042,41.06108,-6.45175,ancla_actual
37044,41.07215,-6.66423,ancla_actual
37045,40.58536,-6.0589,ancla_actual
37046,40.38641,-5.76341,ancla_actual
37047,40.75067,-5.62713,ancla_actual
37049,40.99918,-6.67014,ancla_actual
37050,40.71864,-6.00054,ancla_actual
37051,40.63331,-5.69005,ancla_actual
37052,40.81569,-6.30611,ancla_actual
37054,40.48791,-6.57522,ancla_actual
37055,40.9071,-6.53065,ancla_actual
37056,40.83626,-6.79551,ancla_actual
37057,40.85719,-5.2103,ancla_actual
37058,41.11339,-6.34865,ancla_actual
37059,40.85705,-6.24987,ancla_actual
37060,40.76763,-5.61139,ancla_actual
37061,40.56552,-6.12848,ancla_actual
37062,41.04395,-5.48866,ancla_actual
37063,40.49574,-5.66259,ancla_actual
37065,41.12982,-6.55742,ancla_actual
37067,40.97808,-5.60907,ancla_actual
37068,40.73977,-6.17873,ancla_actual
37069,40.94638,-5.55258,ancla_actual
37070,40.90672,-5.59199,ancla_actual
37071,40.41182,-5.81809,ancla_actual
37072,40.905,-5.90279,ancla_actual
37073,41.08663,-5.70219,ancla_actual
37074,40.50951,-6.68705,ancla_actual
37077,40.98491,-5.25799,ancla_actual
37078,40.36806,-5.74499,ancla_actual
37079,40.92266,-5.92905,ancla_actual
37080,40.37239,-5.8189,ancla_actual
37081,41.1263,-5.18351,ancla_actual
37082,41.05341,-5.33045,ancla_actual
37083,40.90376,-5.16291,ancla_actual
37085,40.93305,-5.65026,ancla_actual
37086,40.59602,-6.6468,ancla_actual
37087,40.97868,-5.76227,ancla_actual
37088,40.76376,-5.99913,ancla_actual
37089,40.59267,-5.76039,ancla_actual
37090,40.50753,-6.04089,ancla_actual
37091,40.38108,-6.75602,ancla_actual
37092,41.01917,-5.59065,ancla_actual
37096,40.69728,-6.63763,ancla_actual
37097,40.70517,-6.33383,ancla_actual
37098,40.466,-6.041,ancla_actual
37099,40.56627,-6.0914,ancla_actual
37100,41.13071,-6.65357,ancla_actual
37101,40.97347,-6.5871,ancla_actual
37102,40.31667,-5.91667,ancla_actual
37103,40.5413849,-5.5709262,ancla_actual
37104,40.57614,-6.06094,ancla_actual
37106,40.9621,-6.26552,ancla_actual
37107,40.6,-6.53333,ancla_actual
37108,40.87833,-5.36537,ancla_actual
37109,40.39957,-5.95618,ancla_actual
37110,40.95095,-5.40725,ancla_actual
37112,40.46923,-5.88967,ancla_actual
37113,40.89089,-6.30536,ancla_actual
37114,40.64964,-5.38201,ancla_actual
37115,40.64283,-6.31511,ancla_actual
37116,41.01251,-6.03412,ancla_actual
37117,40.95978,-5.74349,ancla_actual
37118,40.76685,-5.53828,ancla_actual
37119,40.4991,-6.53059,ancla_actual
37120,41.01442,-6.09268,ancla_actual
37121,40.93493,-5.47037,ancla_actual
37122,40.7712,-5.55661,ancla_actual
37123,41.03089,-6.53261,ancla_actual
37124,40.59109,-5.80411,ancla_actual
37125,40.61731,-5.9552,ancla_actual
37126,41.06085,-6.28457,ancla_actual
37127,40.56565,-6.71582,ancla_actual
37128,41.10693,-5.42515,ancla_actual
37129,41.02361,-5.76252,ancla_actual
37130,41.09779,-5.74979,ancla_actual
37131,40.65687,-5.78223,ancla_actual
37132,40.98866,-6.86829,ancla_actual
37133,40.43619,-5.70969,ancla_actual
37134,40.71316,-5.61642,ancla_actual
37135,40.80161,-6.25852,ancla_actual
37136,40.42876,-6.67528,ancla_actual
37137,40.8747,-6.57306,ancla_actual
37138,40.56466,-5.73379,ancla_actual
37139,40.50815,-5.6927,ancla_actual
37140,40.59102,-6.81144,ancla_actual
37141,40.78254,-5.36506,ancla_actual
37142,40.94397,-5.8741,ancla_actual
37143,40.66266,-5.54003,ancla_actual
37144,40.74418,-5.55471,ancla_actual
37145,40.63146,-6.70246,ancla_actual
37146,40.533893,-5.4629304,ancla_actual
37147,40.51552,-5.99439,ancla_actual
37148,40.86096,-5.43567,ancla_actual
37149,40.90049,-6.1312,ancla_actual
37150,41.07633,-6.12332,ancla_actual
37151,40.99981,-5.90687,ancla_actual
37152,41.0428,-5.53585,ancla_actual
37154,41.01703,-6.49369,ancla_actual
37155,40.53078,-5.6397,ancla_actual
37156,40.55757,-5.67067,ancla_actual
37157,40.4586,-6.52075,ancla_actual
37158,40.44535,-6.07445,ancla_actual
37159,40.63102,-5.86398,ancla_actual
37160,40.98674,-6.79529,ancla_actual
37161,40.42265,-5.89427,ancla_actual
37162,40.63976,-5.40584,ancla_actual
37163,40.40723,-5.69884,ancla_actual
37164,40.96843,-5.46769,ancla_actual
37165,41.14135,-6.32808,ancla_actual
37166,40.48487,-6.69272,ancla_actual
37167,41.07791,-5.8614,ancla_actual
37168,40.32491,-5.97132,ancla_actual
37169,40.73722,-5.44895,ancla_actual
37170,41.08829,-6.00178,ancla_actual
37171,40.46878,-5.72038,ancla_actual
37172,40.58338,-5.92091,ancla_actual
37173,40.93501,-6.71948,ancla_actual
37174,40.83105,-5.28526,ancla_actual
37175,40.92623,-5.5243,ancla_actual
37176,40.46407,-6.06271,ancla_actual
37177,40.56611,-6.18083,ancla_actual
37178,40.76269,-5.23149,ancla_actual
37179,40.83974,-5.19933,ancla_actual
37180,41.17421,-6.2886,ancla_actual
37181,40.4542,-6.4901,ancla_actual
37182,40.80676,-5.59913,ancla_actual
37183,40.77594,-6.29162,ancla_actual
37184,41.20352,-6.58938,ancla_actual
37185,41.05139,-5.69477,ancla_actual
37186,41.00054,-5.97101,ancla_actual
37187,40.82539,-5.94276,ancla_actual
37188,40.68711,-5.61307,ancla_actual
37189,40.69123,-5.80568,ancla_actual
37190,41.16424,-6.69137,ancla_actual
37191,41.0975154,-6.6043565,ancla_actual
37192,40.88752,-5.68182,ancla_actual
37193,40.48448,-5.99581,ancla_actual
37194,40.49264,-6.05327,ancla_actual
37195,40.46898,-5.94493,ancla_actual
37196,40.48264,-6.05671,ancla_actual
37197,40.58192,-5.84312,ancla_actual
37198,41.18704,-6.22622,ancla_actual
37199,40.50343,-6.2711,ancla_actual
37200,40.63246,-5.62287,ancla_actual
37201,40.34836,-5.89427,ancla_actual
37202,41.02651,-5.64389,ancla_actual
37203,40.75592,-5.69329,ancla_actual
37204,40.60019,-6.27503,ancla_actual
37205,40.80693,-5.69833,ancla_actual
37206,40.97004,-5.41458,ancla_actual
37207,41.00818,-5.58184,ancla_actual
37208,40.97688,-6.43103,ancla_actual
37209,40.85652,-5.65144,ancla_actual
37211,40.6988,-5.92658,ancla_actual
37212,40.39776,-5.71425,ancla_actual
37213,40.47518,-5.67856,ancla_actual
37214,40.53572,-6.11628,ancla_actual
37215,40.89039,-5.28562,ancla_actual
37216,40.78857,-5.47863,ancla_actual
37217,40.42264,-5.7831,ancla_actual
37218,40.47618,-5.47893,ancla_actual
37219,40.60657,-6.01169,ancla_actual
37221,40.29679,-6.81975,ancla_actual
37222,41.09185,-5.59165,ancla_actual
37223,40.87967,-6.6236,ancla_actual
37224,41.10285,-5.48315,ancla_actual
37225,41.08754,-5.50888,ancla_actual
37226,41.16655,-5.88933,ancla_actual
37228,41.05238,-5.19507,ancla_actual
37229,41.09439,-5.60168,ancla_actual
37230,40.98655,-5.79332,ancla_actual
37231,41.14818,-5.43638,ancla_actual
37232,40.98325,-5.15418,ancla_actual
37233,40.51508,-6.51018,ancla_actual
37234,40.28681,-6.72701,ancla_actual
37235,40.75502,-5.37524,ancla_actual
37236,40.82277,-5.39506,ancla_actual
37237,40.71524,-5.70511,ancla_actual
37238,41.06305,-5.54794,ancla_actual
37239,41.08074,-5.39901,ancla_actual
37240,40.93658,-5.57916,ancla_actual
37241,40.88723,-6.21271,ancla_actual
37242,40.64985,-5.5758,ancla_actual
37243,41.1748,-6.51938,ancla_actual
37244,40.34353,-5.86121,ancla_actual
37245,40.32093,-6.66948,ancla_actual
37246,40.90108,-5.20026,ancla_actual
37247,40.88348,-5.3936,ancla_actual
37248,41.00469,-6.36238,ancla_actual
37249,41.0041,-6.33362,ancla_actual
37250,41.2303022,-6.5251071,ancla_actual
37251,40.46386,-5.77238,ancla_actual
37252,40.44493,-5.96025,ancla_actual
37253,41.0394,-5.79347,ancla_actual
37254,41.0621,-5.46647,ancla_actual
37255,40.6145,-5.65238,ancla_actual
37256,41.04596,-5.26019,ancla_actual
37257,40.91303,-6.41144,ancla_actual
37258,40.44732,-6.74616,ancla_actual
37259,40.51073,-5.73673,ancla_actual
37260,40.62528,-6.1815,ancla_actual
37261,40.49041,-5.52628,ancla_actual
37262,41.09681,-6.28752,ancla_actual
37263,40.35052,-5.83756,ancla_actual
37264,40.82718,-6.76109,ancla_actual
37265,40.99768,-5.12724,ancla_actual
37266,40.90856,-6.74872,ancla_actual
37267,40.80132,-6.35951,ancla_actual
37268,40.61275,-6.02052,ancla_actual
37269,40.38469,-6.60726,ancla_actual
37270,40.86766,-5.97786,ancla_actual
37271,40.9623,-5.91753,ancla_actual
37272,40.66998,-6.63271,ancla_actual
37273,40.74399,-6.07195,ancla_actual
37274,40.96882,-5.66388,ancla_actual
37275,41.02068,-6.64015,ancla_actual
37276,40.80137,-5.2191,ancla_actual
37277,40.59007,-5.59763,ancla_actual
37278,41.02919,-5.61771,ancla_actual
37279,40.7313225,-6.4268814,ancla_actual
37280,41.08844,-6.41314,ancla_actual
37281,40.74287,-6.02502,ancla_actual
37282,40.43812,-5.75394,ancla_actual
37283,40.96773,-6.11136,ancla_actual
37284,40.5068,-5.90619,ancla_actual
37285,40.84954,-6.70804,ancla_actual
37286,40.52264,-6.06387,ancla_actual
37287,40.54361,-5.9228,ancla_actual
37288,40.99358,-5.50234,ancla_actual
37289,40.78334,-6.12758,ancla_actual
37290,41.03332,-5.86025,ancla_actual
37291,40.79008,-5.73716,ancla_actual
37292,41.11579,-5.85702,ancla_actual
37293,40.97909,-6.12904,ancla_actual
37294,40.95065,-5.62723,ancla_actual
37296,40.80132,-5.28073,ancla_actual
37297,40.48785,-5.6111,ancla_actual
37298,40.49464,-5.91576,ancla_actual
37299,41.20579,-5.89654,ancla_actual
37300,40.54444,-5.79774,ancla_actual
37301,41.21373,-6.27101,ancla_actual
37302,41.04769,-6.75328,ancla_actual
37303,40.4010808,-6.5375529,ancla_actual
37304,40.69929,-6.18662,ancla_actual
37305,40.51295,-6.02495,ancla_actual
37306,40.52133,-6.36008,ancla_actual
37307,40.49996,-6.35701,ancla_actual
37309,40.64584,-5.85656,ancla_actual
37310,40.738928,-5.5886671,ancla_actual
37311,40.91754,-6.79729,ancla_actual
37312,40.44378,-5.67818,ancla_actual
37313,40.43499,-6.03261,ancla_actual
37314,40.91021,-6.00227,ancla_actual
37315,40.58944,-5.53719,ancla_actual
37316,40.65725,-6.10536,ancla_actual
37317,41.17206,-5.25005,ancla_actual
37318,41.11493,-5.57423,ancla_actual
37319,40.44246,-5.53923,ancla_actual
37320,40.63155,-6.02311,ancla_actual
37321,40.62449,-6.3545,ancla_actual
37322,40.83836,-5.5416,ancla_actual
37323,41.15759,-5.63402,ancla_actual
37324,40.85266,-5.35278,ancla_actual
37325,40.54296,-5.8915,ancla_actual
37327,41.10249,-5.78475,ancla_actual
37328,41.23278,-6.38484,ancla_actual
37329,41.07423,-6.18164,ancla_actual
37330,40.77007,-5.42219,ancla_actual
37331,40.46578,-5.83286,ancla_actual
37332,40.41916,-5.84792,ancla_actual
37333,40.50631,-5.76354,ancla_actual
37334,40.36949,-5.99078,ancla_actual
37335,41.17157,-5.7839,ancla_actual
37336,40.82176,-5.58225,ancla_actual
37337,41.06524,-6.50878,ancla_actual
37338,41.08544,-5.67217,ancla_actual
37339,40.53533,-5.94307,ancla_actual
37340,41.10962,-6.50269,ancla_actual
37341,40.48155,-5.78145,ancla_actual
37342,41.04691,-5.76955,ancla_actual
37343,40.4091,-5.71943,ancla_actual
37344,40.77875,-5.87815,ancla_actual
37345,41.02543,-5.88667,ancla_actual
37346,40.71583,-5.8327,ancla_actual
37347,41.07399,-5.56824,ancla_actual
37348,40.92728,-5.34838,ancla_actual
37349,41.15434,-6.48733,ancla_actual
37350,41.10636,-6.72725,ancla_actual
37351,41.08397,-5.23436,ancla_actual
37352,40.89221,-5.49664,ancla_actual
37353,40.8002,-5.9758,ancla_actual
37354,40.99939,-5.69579,ancla_actual
37355,40.51039,-6.0121,ancla_actual
37356,40.6716073,-6.7046957,ancla_actual
37357,40.73772,-6.7385,ancla_actual
37358,40.95367,-5.28819,ancla_actual
37359,40.72554,-6.70364,ancla_actual
37360,41.03223,-6.22284,ancla_actual
37361,41.11667,-6.43333,ancla_actual
37362,41.00832,-5.64881,ancla_actual
37363,40.86594,-6.413,ancla_actual
37364,41.27102,-6.46847,ancla_actual
37365,41.01514,-5.97151,ancla_actual
37366,41.0562,-6.36294,ancla_actual
37367,41.06263,-6.59662,ancla_actual
37368,41.00449,-6.16303,ancla_actual
37369,41.03621,-6.11323,ancla_actual
37370,41.16262,-6.18426,ancla_actual
37371,40.33822,-6.6392,ancla_actual
37372,41.06406,-5.52492,ancla_actual
37373,40.87573,-6.46792,ancla_actual
37374,40.99435,-5.37363,ancla_actual
37375,41.0086,-5.39381,ancla_actual
37376,41.00912,-6.43404,ancla_actual
37377,40.95917,-6.48904,ancla_actual
37378,40.51893,-6.45248,ancla_actual
37379,41.14861,-5.83054,ancla_actual
37380,41.0383,-5.84526,ancla_actual
37381,41.16191,-6.62747,ancla_actual
38001,28.12271,-16.726,ancla_actual
38002,28.18778,-17.19678,ancla_actual
38003,28.06205,-17.24073,ancla_actual
38004,28.33971,-16.42244,ancla_actual
38005,28.192441,-16.5042672,ancla_actual
38006,28.09962,-16.68102,ancla_actual
38007,28.82708,-17.80377,ancla_actual
38008,28.65,-17.78333,ancla_actual
38009,28.63011,-17.78953,ancla_actual
38010,28.37458,-16.86098,ancla_actual
38011,28.3548,-16.37268,ancla_actual
38012,28.23638,-16.43886,ancla_actual
38013,27.75404,-18.00367,ancla_actual
38014,28.49236,-17.84529,ancla_actual
38015,28.37365,-16.76342,ancla_actual
38016,28.81667,-17.93333,ancla_actual
38017,28.11882,-16.57599,ancla_actual
38018,28.3732,-16.65158,ancla_actual
38019,28.21154,-16.77947,ancla_actual
38020,28.31122,-16.41276,ancla_actual
38021,28.16766,-17.19051,ancla_actual
38022,28.37241,-16.71188,ancla_actual
38023,28.5098785,-16.3263161,ancla_actual
38024,28.65851,-17.91821,ancla_actual
38025,28.45242,-16.4472,ancla_actual
38026,28.39076,-16.52309,ancla_actual
38027,28.65007,-17.88274,ancla_actual
38028,28.41686,-16.55085,ancla_actual
38029,28.7749,-17.97741,ancla_actual
38030,28.73333,-17.73333,ancla_actual
38031,28.38487,-16.58275,ancla_actual
38032,28.4303254,-16.3589643,ancla_actual
38033,28.7765217,-17.7992049,ancla_actual
38034,28.39276,-16.65015,ancla_actual
38035,28.09826,-16.61708,ancla_actual
38036,28.09163,-17.11331,ancla_actual
38037,28.68351,-17.76421,ancla_actual
38038,28.46824,-16.25462,ancla_actual
38039,28.42613,-16.48876,ancla_actual
38040,28.294,-16.81618,ancla_actual
38041,28.4561172,-16.4239622,ancla_actual
38042,28.3661,-16.81552,ancla_actual
38043,28.47688,-16.41016,ancla_actual
38044,28.3312548,-16.780701,ancla_actual
38045,28.64186,-17.93394,ancla_actual
38046,28.52236,-16.34074,ancla_actual
38047,28.7,-17.95,ancla_actual
38048,27.80628,-17.91578,ancla_actual
38049,28.08504,-17.33385,ancla_actual
38050,28.1424138,-17.2844817,ancla_actual
38051,28.43231,-16.46232,ancla_actual
38052,28.15623,-16.63592,ancla_actual
38053,28.5796836,-17.7972561,ancla_actual
38901,27.6959608,-18.0252042,ancla_actual
39001,43.3764223,-4.1829531,ancla_actual
39002,43.34268,-3.41667,ancla_actual
39003,43.2003025,-4.0033883,ancla_actual
39004,43.18293,-4.04729,ancla_actual
39005,43.4574,-3.49013,ancla_actual
39006,43.47756,-3.56959,ancla_actual
39007,43.27325,-3.60031,ancla_actual
39008,43.40094,-3.82051,ancla_actual
39009,43.4216,-3.5103,ancla_actual
39010,43.1258,-4.05662,ancla_actual
39011,43.46686,-3.60083,ancla_actual
39012,43.30824,-4.23571,ancla_actual
39013,43.13437,-4.5763,ancla_actual
39014,43.2114356,-4.3042878,ancla_actual
39015,43.15078,-4.69376,ancla_actual
39016,43.40744,-3.88498,ancla_actual
39017,43.0279188,-3.9856362,ancla_actual
39018,43.32596,-4.06893,ancla_actual
39019,43.3181782,-3.9284413,ancla_actual
39020,43.38285,-3.22043,ancla_actual
39021,43.2234469,-4.1307031,ancla_actual
39022,43.2064743,-4.6214677,ancla_actual
39023,43.39667,-3.45361,ancla_actual
39024,43.38603,-4.29162,ancla_actual
39025,43.26358,-4.07262,ancla_actual
39026,43.2108538,-3.953604,ancla_actual
39027,42.9920216,-4.1230833,ancla_actual
39028,43.37846,-3.68072,ancla_actual
39029,43.43678,-3.51347,ancla_actual
39030,43.3315626,-3.3074287,ancla_actual
39031,43.39653,-3.58916,ancla_actual
39032,43.024208,-4.2508142,ancla_actual
39033,43.3107803,-4.477455,ancla_actual
39034,43.2276613,-4.4932121,ancla_actual
39035,43.4098,-3.41613,ancla_actual
39036,43.4008,-3.37029,ancla_actual
39037,43.34614,-3.74668,ancla_actual
39038,43.36402,-3.41778,ancla_actual
39039,43.1068845,-3.9011409,ancla_actual
39040,43.4175768,-3.7577101,ancla_actual
39041,43.2894834,-4.1753487,ancla_actual
39042,43.3799308,-3.7593628,ancla_actual
39043,43.4440811,-3.5852414,ancla_actual
39044,43.42861,-3.99866,ancla_actual
39045,43.2856121,-3.7177145,ancla_actual
39046,43.14974,-4.04239,ancla_actual
39047,43.48917,-3.52306,ancla_actual
39048,43.35216,-3.81382,ancla_actual
39049,43.254774,-4.5772629,ancla_actual
39050,43.0648617,-4.5348141,ancla_actual
39051,43.08223,-4.07932,ancla_actual
39052,43.387345,-3.9454429,ancla_actual
39053,43.0920409,-4.4149358,ancla_actual
39054,43.38524,-4.01642,ancla_actual
39055,43.15457,-4.62055,ancla_actual
39056,43.29815,-3.96817,ancla_actual
39057,43.2572,-3.46516,ancla_actual
39058,43.30505,-3.42919,ancla_actual
39059,42.99959,-4.13801,ancla_actual
39060,43.33915,-4.09403,ancla_actual
39061,43.4577899,-3.6939161,ancla_actual
39062,43.4106747,-3.6584665,ancla_actual
39063,43.220337,-4.4205177,ancla_actual
39064,43.3302236,-3.688305,ancla_actual
39065,42.9674653,-4.0212331,ancla_actual
39066,43.25826,-4.26791,ancla_actual
39067,43.285713,-3.5702279,ancla_actual
39068,43.3807646,-4.2509086,ancla_actual
39069,43.2713364,-4.0311013,ancla_actual
39070,43.05383,-4.0255,ancla_actual
39071,43.11514,-3.8186,ancla_actual
39072,43.23473,-3.7018,ancla_actual
39073,43.4437,-3.90324,ancla_actual
39074,43.30849,-3.8368,ancla_actual
39075,43.46589,-3.80493,ancla_actual
39076,43.3902457,-4.0945352,ancla_actual
39077,43.06144,-4.08351,ancla_actual
39078,43.23819,-3.93947,ancla_actual
39079,43.44386,-3.45757,ancla_actual
39080,43.38509,-4.39934,ancla_actual
39081,43.2597,-3.83607,ancla_actual
39082,43.21376,-3.80563,ancla_actual
39083,43.1960048,-3.5485746,ancla_actual
39084,43.38233,-3.58785,ancla_actual
39085,43.43341,-4.04338,ancla_actual
39086,43.15483,-4.25352,ancla_actual
39087,43.34943,-4.04785,ancla_actual
39088,43.25753,-4.66768,ancla_actual
39089,43.15198,-4.37262,ancla_actual
39090,43.3386,-4.24381,ancla_actual
39091,43.3182316,-4.3434996,ancla_actual
39092,42.9062871,-4.184786,ancla_actual
39093,42.87136,-4.08836,ancla_actual
39094,42.8388522,-3.9680458,ancla_actual
39095,43.3636012,-4.4777506,ancla_actual
39096,43.0743352,-4.6668549,ancla_actual
39097,43.15692,-3.78316,ancla_actual
39098,43.22851,-3.81057,ancla_actual
39099,43.3627024,-3.8580477,ancla_actual
39100,43.26557,-3.8937,ancla_actual
39101,43.2370535,-3.278268,ancla_actual
39102,43.3463894,-3.5053137,ancla_actual
40001,40.91646,-4.26937,ancla_actual
40002,41.05257,-4.05107,ancla_actual
40003,41.36816,-4.11186,ancla_actual
40004,41.22667,-4.11185,ancla_actual
40005,41.45015,-3.48554,ancla_actual
40006,41.24443,-3.79136,ancla_actual
40007,41.0391824,-3.801551,ancla_actual
40008,41.46196,-3.46723,ancla_actual
40009,41.4625988,-3.7853246,ancla_actual
40010,41.08236,-4.54369,ancla_actual
40012,41.18553,-4.16559,ancla_actual
40013,41.47285,-4.05711,ancla_actual
40014,41.508891,-3.7831532,ancla_actual
40015,41.05504,-4.53863,ancla_actual
40016,41.35092,-3.67847,ancla_actual
40017,40.99184,-4.3095,ancla_actual
40018,41.03702,-4.29462,ancla_actual
40019,41.13762,-3.85664,ancla_actual
40020,41.11817,-3.72384,ancla_actual
40021,41.16174,-3.88911,ancla_actual
40022,41.07715,-4.31949,ancla_actual
40024,41.41899,-3.37537,ancla_actual
40025,41.32567,-3.67361,ancla_actual
40026,41.02737,-4.02598,ancla_actual
40028,40.90711,-4.43638,ancla_actual
40029,41.39925,-3.57051,ancla_actual
40030,41.12787,-4.35119,ancla_actual
40031,40.99842,-4.11804,ancla_actual
40032,41.33641,-3.63828,ancla_actual
40033,41.03483,-4.05364,ancla_actual
40034,41.12159,-3.9642,ancla_actual
40035,41.06667,-4.1101,ancla_actual
40036,41.2359,-3.93173,ancla_actual
40037,41.4515349,-4.0121027,ancla_actual
40039,41.42992,-3.54599,ancla_actual
40040,41.2576,-3.92791,ancla_actual
40041,41.07406,-4.15988,ancla_actual
40043,41.12257,-4.26478,ancla_actual
40044,41.36801,-3.89819,ancla_actual
40045,41.16602,-3.65643,ancla_actual
40046,41.281,-3.60137,ancla_actual
40047,41.42044,-3.85528,ancla_actual
40048,41.39659,-3.84726,ancla_actual
40049,41.20835,-3.73387,ancla_actual
40051,41.39329,-3.80196,ancla_actual
40052,41.42482,-3.60577,ancla_actual
40053,41.21817,-3.59126,ancla_actual
40054,41.2389,-3.55846,ancla_actual
40055,41.4322,-3.56614,ancla_actual
40056,41.38265,-3.92723,ancla_actual
40057,41.21767,-4.52145,ancla_actual
40058,41.06745,-4.60021,ancla_actual
40059,41.03869,-3.91859,ancla_actual
40060,41.2458368,-3.7492956,ancla_actual
40061,41.39081,-3.45856,ancla_actual
40062,41.12138,-3.90878,ancla_actual
40063,41.40155,-4.31474,ancla_actual
40065,41.33834,-4.42764,ancla_actual
40068,41.11528,-4.37927,ancla_actual
40069,41.11642,-4.6967,ancla_actual
40070,41.23622,-3.64914,ancla_actual
40071,41.37511,-3.66762,ancla_actual
40072,41.01809,-4.15784,ancla_actual
40073,41.16682,-4.12272,ancla_actual
40074,41.1047,-4.19411,ancla_actual
40075,41.09079,-4.13117,ancla_actual
40076,40.71884,-4.24724,ancla_actual
40077,40.99764,-4.07331,ancla_actual
40078,41.31905,-4.44938,ancla_actual
40079,41.3682,-3.4995,ancla_actual
40080,41.39243,-3.64491,ancla_actual
40081,41.38333,-4.18631,ancla_actual
40082,41.20972,-4.6353,ancla_actual
40083,41.37929,-4.00086,ancla_actual
40084,41.28104,-4.49341,ancla_actual
40086,41.22249,-4.1757,ancla_actual
40087,41.39892,-4.04295,ancla_actual
40088,41.3,-3.93333,ancla_actual
40089,41.42445,-4.06215,ancla_actual
40091,41.45664,-3.91835,ancla_actual
40092,41.44226,-3.97899,ancla_actual
40093,41.07508,-3.78591,ancla_actual
40094,40.97771,-4.26577,ancla_actual
40095,41.28961,-4.32613,ancla_actual
40097,41.37319,-3.61304,ancla_actual
40099,41.50998,-3.70453,ancla_actual
40100,41.34551,-4.12149,ancla_actual
40101,40.98273,-4.20439,ancla_actual
40103,41.01004,-4.21877,ancla_actual
40104,40.80066,-4.37917,ancla_actual
40105,40.94644,-4.30811,ancla_actual
40106,41.03097,-4.51922,ancla_actual
40107,40.84335,-4.52005,ancla_actual
40108,41.49513,-4.02874,ancla_actual
40109,41.44926,-3.42438,ancla_actual
40110,41.29762,-4.1067,ancla_actual
40111,40.8792,-4.34658,ancla_actual
40112,40.96817,-4.10468,ancla_actual
40113,40.8536,-4.16387,ancla_actual
40115,41.48644,-3.52218,ancla_actual
40118,40.97912,-4.36506,ancla_actual
40119,40.9522,-4.27166,ancla_actual
40120,41.06652,-4.68676,ancla_actual
40121,40.99546,-4.59672,ancla_actual
40122,40.89943,-4.38383,ancla_actual
40123,41.0959,-3.75827,ancla_actual
40124,41.39655,-4.47167,ancla_actual
40125,41.19115,-3.79436,ancla_actual
40126,41.05166,-4.46944,ancla_actual
40127,41.44958,-4.09571,ancla_actual
40128,41.12155,-4.3641,ancla_actual
40129,41.14027,-4.66414,ancla_actual
40130,41.55032,-3.65406,ancla_actual
40131,40.84914,-4.35001,ancla_actual
40132,41.4714807,-3.6225042,ancla_actual
40134,41.14539,-4.18753,ancla_actual
40135,40.88804,-4.47213,ancla_actual
40136,41.17234,-3.95161,ancla_actual
40138,41.15586,-4.48751,ancla_actual
40139,41.05514,-3.82478,ancla_actual
40140,41.34146,-3.93211,ancla_actual
40141,41.21594,-4.25631,ancla_actual
40142,41.37447,-3.70745,ancla_actual
40143,41.38096,-3.72283,ancla_actual
40144,41.41431,-3.75076,ancla_actual
40145,41.19627,-4.43754,ancla_actual
40146,40.7604,-4.33052,ancla_actual
40148,41.08191,-4.42501,ancla_actual
40149,41.41492,-4.16071,ancla_actual
40150,41.1583785,-3.7704437,ancla_actual
40151,41.08741,-4.39516,ancla_actual
40152,40.82016,-4.2099,ancla_actual
40154,41.38994,-3.58997,ancla_actual
40155,40.93055,-4.06071,ancla_actual
40156,41.13092,-3.81116,ancla_actual
40157,41.05086,-3.94104,ancla_actual
40158,41.39294,-4.14115,ancla_actual
40159,41.2595,-4.29364,ancla_actual
40160,41.19098,-4.20967,ancla_actual
40161,41.45555,-3.70753,ancla_actual
40162,41.13911,-3.68823,ancla_actual
40163,41.20557,-3.91378,ancla_actual
40164,41.09498,-4.65271,ancla_actual
40165,41.19318,-3.85771,ancla_actual
40166,41.341,-4.4839,ancla_actual
40168,41.4264,-3.48893,ancla_actual
40170,41.27826,-3.47787,ancla_actual
40171,41.36477,-3.42964,ancla_actual
40172,41.24687,-3.44992,ancla_actual
40173,41.02852,-4.1813,ancla_actual
40174,41.49419,-3.9621,ancla_actual
40176,41.25758,-4.41727,ancla_actual
40177,41.40591,-4.40445,ancla_actual
40179,41.32325,-4.30531,ancla_actual
40180,40.95023,-4.41085,ancla_actual
40181,40.90182,-4.00685,ancla_actual
40182,41.2226408,-4.3436439,ancla_actual
40183,41.39884,-3.95228,ancla_actual
40184,41.22662,-3.80921,ancla_actual
40185,41.06998,-4.40709,ancla_actual
40186,41.21843,-3.68582,ancla_actual
40188,41.0962194,-3.8742549,ancla_actual
40189,41.15593,-4.57202,ancla_actual
40190,41.04104,-3.98933,ancla_actual
40191,41.1822527,-3.5893113,ancla_actual
40192,41.19422,-4.06884,ancla_actual
40193,41.27091,-3.88398,ancla_actual
40194,40.94808,-4.11839,ancla_actual
40195,41.29695,-3.74221,ancla_actual
40196,41.3664,-3.54612,ancla_actual
40198,41.25846,-3.63729,ancla_actual
40199,41.03537,-3.94115,ancla_actual
40200,41.09647,-4.23937,ancla_actual
40201,41.13425,-4.65121,ancla_actual
40202,41.44474,-3.84,ancla_actual
40203,40.99211,-4.0247,ancla_actual
40204,41.3736,-4.03838,ancla_actual
40205,41.10236,-4.0328,ancla_actual
40206,41.07534,-3.87116,ancla_actual
40207,40.96442,-4.0359,ancla_actual
40208,41.1561,-4.00696,ancla_actual
40210,41.35589,-3.77391,ancla_actual
40211,40.81766,-4.25734,ancla_actual
40212,41.52068,-3.63571,ancla_actual
40213,41.1496276,-3.9214126,ancla_actual
40214,40.99933,-4.17514,ancla_actual
40215,41.47851,-3.91766,ancla_actual
40216,40.95689,-4.23468,ancla_actual
40218,41.36304,-3.83966,ancla_actual
40219,41.40436,-4.42662,ancla_actual
40220,41.17937,-3.80717,ancla_actual
40221,41.18794,-3.77277,ancla_actual
40222,41.19308,-3.99329,ancla_actual
40223,40.79476,-4.27762,ancla_actual
40224,41.1831258,-3.689794,ancla_actual
40225,40.7796,-4.41357,ancla_actual
40228,41.30662,-4.52753,ancla_actual
40229,41.52225,-3.65452,ancla_actual
40230,41.2529,-4.57951,ancla_actual
40231,41.07201,-4.23905,ancla_actual
40233,40.80888,-4.33613,ancla_actual
40234,41.26018,-4.18457,ancla_actual
40901,40.84182,-4.17724,ancla_actual
40902,41.39086,-4.09564,ancla_actual
40903,40.96086,-4.33882,ancla_actual
40904,40.86708,-4.1346,ancla_actual
40905,41.54209,-3.96203,ancla_actual
40906,40.95225,-4.07652,ancla_actual
41001,37.25273,-4.99269,ancla_actual
41002,38.03333,-5.71667,ancla_actual
41003,37.42354,-6.16675,ancla_actual
41004,37.33791,-5.83951,ancla_actual
41005,37.5178,-5.98185,ancla_actual
41006,37.61506,-5.66694,ancla_actual
41007,37.46325,-6.01113,ancla_actual
41008,37.01516,-5.14949,ancla_actual
41009,37.87221,-6.08085,ancla_actual
41010,37.31099,-6.10998,ancla_actual
41011,37.2005077,-5.5732192,ancla_actual
41012,37.30422,-6.24963,ancla_actual
41013,37.51914,-6.26988,ancla_actual
41014,37.30785,-4.67296,ancla_actual
41015,37.35289,-6.19663,ancla_actual
41016,37.3151085,-6.1529105,ancla_actual
41017,37.37358,-6.07233,ancla_actual
41018,37.54944,-5.87139,ancla_actual
41019,37.5844,-5.96654,ancla_actual
41020,36.9838,-5.93933,ancla_actual
41021,37.40202,-6.03314,ancla_actual
41022,37.56891,-5.4267,ancla_actual
41023,37.61032,-5.82472,ancla_actual
41024,37.47125,-5.64608,ancla_actual
41025,37.37007,-6.32923,ancla_actual
41026,37.29389,-4.75972,ancla_actual
41027,37.67576,-5.98886,ancla_actual
41028,37.40955,-6.05515,ancla_actual
41029,37.38594,-6.05258,ancla_actual
41030,37.38627,-6.33443,ancla_actual
41031,37.69314,-6.31503,ancla_actual
41032,37.93333,-5.75,ancla_actual
41033,37.86667,-5.61667,ancla_actual
41034,37.28766,-6.0541,ancla_actual
41035,36.97335,-5.44022,ancla_actual
41036,37.02638,-5.6194928,ancla_actual
41037,37.09918,-4.98429,ancla_actual
41038,37.28287,-5.92088,ancla_actual
41039,37.5422,-5.0826,ancla_actual
41040,37.38154,-6.12578,ancla_actual
41041,37.29263,-4.87896,ancla_actual
41042,37.46409,-5.34615,ancla_actual
41043,37.62612,-6.1723,ancla_actual
41044,37.33481,-6.02601,ancla_actual
41045,37.52957,-6.15479,ancla_actual
41046,37.2515,-4.91442,ancla_actual
41047,37.38647,-6.07729,ancla_actual
41048,38.1,-5.81667,ancla_actual
41049,37.54262,-6.05626,ancla_actual
41050,37.36396,-4.84979,ancla_actual
41051,37.35517,-6.27735,ancla_actual
41052,37.3613496,-5.2205931,ancla_actual
41053,36.92077,-6.07529,ancla_actual
41054,37.26926,-4.82759,ancla_actual
41055,37.65896,-5.52751,ancla_actual
41056,37.52602,-5.24883,ancla_actual
41057,37.64579,-6.51376,ancla_actual
41058,37.37301,-5.74951,ancla_actual
41059,37.34461,-6.06391,ancla_actual
41060,37.329,-5.41681,ancla_actual
41061,37.3712,-4.95949,ancla_actual
41062,37.10867,-4.96347,ancla_actual
41063,37.15704,-5.71802,ancla_actual
41064,36.99531,-5.57145,ancla_actual
41065,37.12084,-5.45403,ancla_actual
41066,37.93333,-5.46667,ancla_actual
41067,37.41802,-6.15603,ancla_actual
41068,37.2376,-5.10311,ancla_actual
41069,37.16181,-5.92433,ancla_actual
41070,37.32225,-6.05863,ancla_actual
41071,37.29047,-5.49703,ancla_actual
41072,37.22604,-4.8942,ancla_actual
41073,37.85,-5.76667,ancla_actual
41074,37.70892,-5.34504,ancla_actual
41075,37.30337,-6.30097,ancla_actual
41076,36.97226,-5.2223,ancla_actual
41077,37.1623503,-5.2751224,ancla_actual
41078,37.7809,-5.38837,ancla_actual
41079,37.1059644,-6.1443406,ancla_actual
41080,37.9505307,-6.0503641,ancla_actual
41081,37.48613,-5.98091,ancla_actual
41082,37.20381,-4.77802,ancla_actual
41083,37.72628,-6.1762,ancla_actual
41084,37.35617,-4.98896,ancla_actual
41085,37.4206,-6.11049,ancla_actual
41086,37.35813,-6.03731,ancla_actual
41087,37.38758,-6.20346,ancla_actual
41088,38.0,-5.65,ancla_actual
41089,37.43553,-6.04106,ancla_actual
41090,37.07237,-5.09818,ancla_actual
41091,37.38283,-5.97317,ancla_actual
41092,37.60904,-5.73403,ancla_actual
41093,37.37281,-6.04589,ancla_actual
41094,37.36881,-6.15847,ancla_actual
41095,37.18516,-5.78093,ancla_actual
41096,37.41618,-6.07422,ancla_actual
41097,37.24481,-6.30665,ancla_actual
41098,37.39623,-6.14077,ancla_actual
41099,37.65502,-5.71369,ancla_actual
41100,37.04955,-5.1754,ancla_actual
41101,37.58919,-5.87443,ancla_actual
41102,37.39106,-5.71993,ancla_actual
41901,37.59924,-5.21016,ancla_actual
41902,37.1117472,-6.178241,ancla_actual
41903,36.8627224,-6.0137948,ancla_actual
41904,37.0530688,-5.7900613,ancla_actual
42001,41.80755,-2.78407,ancla_actual
42003,41.35098,-2.47373,ancla_actual
42004,41.85588,-1.92244,ancla_actual
42006,41.7236,-2.38483,ancla_actual
42008,41.25129,-2.52684,ancla_actual
42009,41.67194,-2.32522,ancla_actual
42010,41.9067842,-2.3020544,ancla_actual
42011,41.78258,-2.20416,ancla_actual
42012,41.8789,-2.31565,ancla_actual
42013,41.8077,-2.30671,ancla_actual
42014,41.9947,-2.36499,ancla_actual
42015,41.42059,-2.33189,ancla_actual
42016,41.65412,-2.25314,ancla_actual
42017,41.85095,-2.3383,ancla_actual
42018,41.28932,-2.26871,ancla_actual
42019,41.94678,-2.469,ancla_actual
42020,41.48648,-2.53088,ancla_actual
42021,41.574,-2.1462,ancla_actual
42022,41.6823,-2.20082,ancla_actual
42023,41.26505,-2.67064,ancla_actual
42024,41.80017,-2.28141,ancla_actual
42025,41.21592,-2.2747,ancla_actual
42026,41.34706,-2.84618,ancla_actual
42027,41.94723,-2.40033,ancla_actual
42028,41.89462,-2.37394,ancla_actual
42029,41.2978445,-2.6195859,ancla_actual
42030,41.4549,-2.62217,ancla_actual
42031,41.29146,-2.8163,ancla_actual
42032,41.52747,-2.89586,ancla_actual
42033,41.5575,-2.88731,ancla_actual
42034,41.71749,-1.81092,ancla_actual
42035,41.4656,-2.86147,ancla_actual
42036,41.6809,-2.85826,ancla_actual
42037,41.5279,-2.27135,ancla_actual
42038,41.55245,-2.36625,ancla_actual
42039,41.66481,-1.89615,ancla_actual
42041,41.64692,-2.19406,ancla_actual
42042,41.84735,-2.40858,ancla_actual
42043,41.5983303,-3.05229,ancla_actual
42044,41.68096,-2.26964,ancla_actual
42045,41.79596,-2.84945,ancla_actual
42046,41.69879,-2.81837,ancla_actual
42048,41.40226,-2.76436,ancla_actual
42049,41.70434,-2.30123,ancla_actual
42050,41.44453,-2.23792,ancla_actual
42051,41.55211,-1.9981,ancla_actual
42052,41.38321,-3.09146,ancla_actual
42053,41.42338,-3.08955,ancla_actual
42054,41.89535,-2.28003,ancla_actual
42055,41.79651,-3.03251,ancla_actual
42056,41.91929,-2.30497,ancla_actual
42057,41.87678,-2.0593,ancla_actual
42058,41.55867,-3.49689,ancla_actual
42059,41.50679,-2.71813,ancla_actual
42060,41.92934,-2.16895,ancla_actual
42061,41.81444,-2.63991,ancla_actual
42062,41.93333,-2.05,ancla_actual
42063,41.40721,-1.99989,ancla_actual
42064,41.61831,-1.96578,ancla_actual
42065,41.86691,-2.32549,ancla_actual
42068,41.43483,-2.47571,ancla_actual
42069,41.93493,-2.88325,ancla_actual
42070,41.74905,-2.93717,ancla_actual
42071,41.60224,-2.42179,ancla_actual
42073,41.7631,-1.88818,ancla_actual
42075,41.9079923,-1.9506793,ancla_actual
42076,41.46373,-2.02046,ancla_actual
42078,41.95448,-2.93086,ancla_actual
42079,41.48626,-2.3714,ancla_actual
42080,41.80227,-3.2223,ancla_actual
42081,41.83023,-3.25936,ancla_actual
42082,41.92661,-2.33322,ancla_actual
42083,41.42656,-2.51444,ancla_actual
42084,41.45247,-3.09123,ancla_actual
42085,41.71496,-3.18362,ancla_actual
42086,41.50579,-3.32872,ancla_actual
42087,41.84929,-2.42846,ancla_actual
42088,41.4121644,-2.176024,ancla_actual
42089,41.86586,-2.41525,ancla_actual
42090,41.56683,-2.76288,ancla_actual
42092,41.93521,-2.1795,ancla_actual
42093,41.87466,-2.08283,ancla_actual
42094,41.81617,-2.44592,ancla_actual
42095,41.7662,-2.52267,ancla_actual
42096,41.62347,-2.22493,ancla_actual
42097,41.49232,-3.005,ancla_actual
42098,41.76269,-3.01243,ancla_actual
42100,41.73844,-2.09946,ancla_actual
42103,41.60985,-3.40061,ancla_actual
42105,41.37939,-3.24371,ancla_actual
42106,41.8726,-2.27853,ancla_actual
42107,41.90089,-2.16269,ancla_actual
42108,41.46888,-2.30268,ancla_actual
42110,41.84116,-2.04644,ancla_actual
42111,41.50563,-2.64122,ancla_actual
42113,41.17224,-2.43476,ancla_actual
42115,41.1766484,-2.5425524,ancla_actual
42116,41.53584,-3.34579,ancla_actual
42117,41.88603,-2.78682,ancla_actual
42118,41.4442,-2.3466,ancla_actual
42119,41.36485,-2.1696,ancla_actual
42120,41.36838,-3.20016,ancla_actual
42121,42.08924,-2.75406,ancla_actual
42123,41.41361,-2.41317,ancla_actual
42124,41.7232,-2.86,ancla_actual
42127,41.72273,-3.09499,ancla_actual
42128,41.84923,-2.29474,ancla_actual
42129,41.8383,-3.00418,ancla_actual
42130,41.52639,-2.39866,ancla_actual
42131,41.52721,-2.35061,ancla_actual
42132,41.71194,-2.03433,ancla_actual
42134,41.77901,-1.98391,ancla_actual
42135,41.97021,-2.31493,ancla_actual
42139,41.71691,-2.0835,ancla_actual
42140,41.63504,-2.12142,ancla_actual
42141,42.01226,-2.50444,ancla_actual
42142,41.77449,-2.10215,ancla_actual
42144,41.63905,-2.61449,ancla_actual
42145,41.50926,-2.97631,ancla_actual
42148,41.5512014,-2.0545099,ancla_actual
42149,41.71803,-2.47647,ancla_actual
42151,41.91395,-2.50583,ancla_actual
42152,41.47408,-2.9946,ancla_actual
42153,41.33297,-2.74925,ancla_actual
42154,41.82009,-2.37236,ancla_actual
42155,41.31092,-2.98228,ancla_actual
42156,41.5909,-2.02779,ancla_actual
42157,41.35182,-2.79629,ancla_actual
42158,41.6366059,-2.8510993,ancla_actual
42159,41.92592,-2.53125,ancla_actual
42160,41.90871,-2.64619,ancla_actual
42161,41.88946,-2.7967,ancla_actual
42162,41.57436,-3.20418,ancla_actual
42163,41.93708,-2.02638,ancla_actual
42164,41.83034,-3.0688,ancla_actual
42165,42.0286,-2.23104,ancla_actual
42166,42.0625,-2.44894,ancla_actual
42167,41.26667,-2.16667,ancla_actual
42168,41.77145,-3.14172,ancla_actual
42171,41.5030192,-2.1949165,ancla_actual
42172,41.46932,-2.38164,ancla_actual
42173,41.76401,-2.46883,ancla_actual
42174,41.9322,-2.60297,ancla_actual
42175,41.85298,-2.22398,ancla_actual
42176,41.73991,-2.15069,ancla_actual
42177,41.53641,-2.84845,ancla_actual
42178,41.78379,-2.96653,ancla_actual
42181,41.59402,-2.64439,ancla_actual
42182,41.34798,-2.43318,ancla_actual
42183,41.58887,-2.26721,ancla_actual
42184,41.45483,-2.16183,ancla_actual
42185,41.66927,-2.87881,ancla_actual
42187,41.63045,-2.09151,ancla_actual
42188,41.859228,-2.1177261,ancla_actual
42189,41.71685,-3.05154,ancla_actual
42190,41.79111,-3.00845,ancla_actual
42191,41.94229,-2.57634,ancla_actual
42192,41.8230983,-2.164716,ancla_actual
42193,41.88825,-2.11538,ancla_actual
42194,41.67377,-3.04643,ancla_actual
42195,41.57167,-2.96424,ancla_actual
42196,41.93768,-2.10915,ancla_actual
42197,41.56346,-2.80777,ancla_actual
42198,41.93808,-2.22289,ancla_actual
42200,41.44895,-2.69935,ancla_actual
42201,41.7970073,-2.4094652,ancla_actual
42202,41.49058,-2.25579,ancla_actual
42204,41.53406,-2.46099,ancla_actual
42205,41.76227,-2.62678,ancla_actual
42206,41.4674,-3.06223,ancla_actual
42207,41.91638,-2.56651,ancla_actual
42208,41.78881,-2.14955,ancla_actual
42211,41.86497,-2.3551,ancla_actual
42212,41.35291,-2.61011,ancla_actual
42213,41.6243,-2.16176,ancla_actual
42215,41.91032,-2.76483,ancla_actual
42216,42.02342,-2.40869,ancla_actual
42217,41.83752,-1.8558,ancla_actual
42218,42.10171,-2.33986,ancla_actual
42219,41.21667,-2.51667,ancla_actual
43001,41.33333,1.36667,ancla_actual
43002,41.25,1.48333,ancla_actual
43003,41.2458422,1.1042031,ancla_actual
43004,40.54316,0.48082,ancla_actual
43005,41.26267,1.1701,ancla_actual
43006,40.87952,0.49996,ancla_actual
43007,41.2083571,1.0500649,ancla_actual
43008,40.87366,0.40017,ancla_actual
43009,41.21108,0.97542,ancla_actual
43010,41.29422,1.30585,ancla_actual
43011,41.19758,1.11167,ancla_actual
43012,41.14286,1.37269,ancla_actual
43013,40.9,0.8,ancla_actual
43014,40.70995,0.57856,ancla_actual
43015,41.24223,0.94873,ancla_actual
43016,41.2731036,1.60659,ancla_actual
43017,41.1312017,0.9031845,ancla_actual
43018,40.91046,0.26105,ancla_actual
43019,41.18333,0.56667,ancla_actual
43020,41.28333,1.58333,ancla_actual
43021,41.4,1.23333,ancla_actual
43022,41.09434,0.311,ancla_actual
43023,41.1588829,0.7595891,ancla_actual
43024,41.23333,1.58333,ancla_actual
43025,40.97422,0.51767,ancla_actual
43026,41.0682907,0.5841714,ancla_actual
43027,41.28014,0.72303,ancla_actual
43028,41.28333,1.48333,ancla_actual
43029,41.4374,1.15983,ancla_actual
43030,41.22031,1.43936,ancla_actual
43031,41.16667,1.01667,ancla_actual
43032,41.00916,0.38392,ancla_actual
43033,41.13627,0.98919,ancla_actual
43034,41.26667,1.33333,ancla_actual
43035,41.24856,0.73514,ancla_actual
43036,41.4,1.28333,ancla_actual
43037,41.19997,1.5683,ancla_actual
43038,41.06997,1.05949,ancla_actual
43039,41.3,1.03333,ancla_actual
43040,41.1,0.78333,ancla_actual
43041,41.0426621,0.2816609,ancla_actual
43042,41.17549,1.10155,ancla_actual
43043,41.16667,1.31667,ancla_actual
43044,40.63333,0.28333,ancla_actual
43045,41.0997,0.88717,ancla_actual
43046,41.51667,1.3,ancla_actual
43047,41.15392,1.21262,ancla_actual
43048,41.0986954,0.4757089,ancla_actual
43049,41.2689636,0.917935,ancla_actual
43050,41.16618,1.44032,ancla_actual
43051,41.19829,1.63645,ancla_actual
43052,40.90944,0.49167,ancla_actual
43053,41.15,0.93333,ancla_actual
43054,41.4212142,1.1040554,ancla_actual
43055,41.14576,0.81979,ancla_actual
43056,41.16667,0.48333,ancla_actual
43057,41.26667,1.0,ancla_actual
43058,41.2011168,0.7120509,ancla_actual
43059,41.3585938,1.2546878,ancla_actual
43060,41.23074,0.55008,ancla_actual
43061,41.48333,1.23333,ancla_actual
43062,40.67133,0.51967,ancla_actual
43063,40.6946131,0.4398435,ancla_actual
43064,41.05375,0.4385,ancla_actual
43065,41.13333,0.65,ancla_actual
43066,41.2097158,1.2450349,ancla_actual
43067,41.04184,0.6329,ancla_actual
43068,40.65516,0.46858,ancla_actual
43069,41.1932,0.77702,ancla_actual
43070,41.1,0.75,ancla_actual
43071,40.95,0.31667,ancla_actual
43072,41.1923953,0.7407098,ancla_actual
43073,41.5561922,1.330427,ancla_actual
43074,41.28333,1.55,ancla_actual
43075,41.28496,0.75331,ancla_actual
43076,41.1266346,0.8013279,ancla_actual
43077,40.73333,0.36667,ancla_actual
43078,40.716,0.53009,ancla_actual
43079,41.26667,1.41667,ancla_actual
43080,41.23333,1.21667,ancla_actual
43081,41.18225,1.04534,ancla_actual
43082,41.13333,0.73333,ancla_actual
43083,41.25,1.2,ancla_actual
43084,41.0393,0.59665,ancla_actual
43085,41.16321,0.70604,ancla_actual
43086,41.37636,1.16163,ancla_actual
43088,41.11667,1.0,ancla_actual
43089,41.26545,1.36517,ancla_actual
43090,41.3315222,1.4870237,ancla_actual
43091,41.28333,1.1,ancla_actual
43092,41.08675,0.95925,ancla_actual
43093,41.08333,0.63333,ancla_actual
43094,41.1,0.65,ancla_actual
43095,41.2,1.21667,ancla_actual
43096,41.26529,0.84157,ancla_actual
43097,41.1857915,1.3792423,ancla_actual
43098,41.24893,1.29472,ancla_actual
43099,41.2706431,0.6638409,ancla_actual
43100,41.17491,1.2709,ancla_actual
43101,41.5203747,1.1997188,ancla_actual
43102,40.91667,0.4,ancla_actual
43103,41.19161,1.2555,ancla_actual
43104,40.87431,0.71125,ancla_actual
43105,41.5,1.35,ancla_actual
43106,41.0186443,0.5016921,ancla_actual
43107,41.4231,1.20176,ancla_actual
43108,41.36336,1.29152,ancla_actual
43109,41.18333,1.21667,ancla_actual
43110,41.18333,0.35,ancla_actual
43111,41.17768,1.41389,ancla_actual
43112,41.23483,0.84534,ancla_actual
43113,41.4067099,1.3400264,ancla_actual
43114,41.18883,0.85608,ancla_actual
43115,41.15659,0.87616,ancla_actual
43116,41.30983,0.98866,ancla_actual
43117,40.98333,0.4,ancla_actual
43118,41.05191,0.87135,ancla_actual
43119,41.27899,1.29713,ancla_actual
43120,41.42293,1.39684,ancla_actual
43121,41.00267,0.59967,ancla_actual
43122,41.22448,1.31083,ancla_actual
43123,41.15612,1.10687,ancla_actual
43124,41.3068262,1.1715001,ancla_actual
43125,41.25,0.48333,ancla_actual
43126,41.16667,1.36667,ancla_actual
43127,41.13333,0.96667,ancla_actual
43128,41.169,0.97625,ancla_actual
43129,41.13333,1.05,ancla_actual
43130,41.4800888,1.2696557,ancla_actual
43131,41.18645,1.45893,ancla_actual
43132,41.28333,1.4,ancla_actual
43133,40.8203,0.50262,ancla_actual
43134,41.2223451,1.2202182,ancla_actual
43135,41.22955,1.37445,ancla_actual
43136,40.5937249,0.7122753,ancla_actual
43137,41.3,1.56667,ancla_actual
43138,40.7231926,0.4813548,ancla_actual
43139,41.53333,1.38333,ancla_actual
43140,41.25357,1.55086,ancla_actual
43141,41.47734,1.38772,ancla_actual
43142,41.44485,1.24806,ancla_actual
43143,41.53333,1.3,ancla_actual
43144,41.2094222,1.2759485,ancla_actual
43145,41.21484,1.13883,ancla_actual
43146,41.46994,1.08541,ancla_actual
43147,41.45505,1.17824,ancla_actual
43148,41.11905,1.24544,ancla_actual
43149,40.90787,0.51236,ancla_actual
43150,41.03333,0.73333,ancla_actual
43151,41.11667,0.86667,ancla_actual
43152,41.18333,0.63333,ancla_actual
43153,41.14505,1.39861,ancla_actual
43154,41.21667,0.81667,ancla_actual
43155,40.81249,0.5216,ancla_actual
43156,40.59734,0.44718,ancla_actual
43157,41.32216,0.8765,ancla_actual
43158,41.37958,0.98342,ancla_actual
43159,41.5628,1.23691,ancla_actual
43160,41.24311,1.249,ancla_actual
43161,41.28612,1.24993,ancla_actual
43162,40.995636,0.8435957,ancla_actual
43163,41.21667,1.53333,ancla_actual
43164,41.2,1.36667,ancla_actual
43165,41.24779,1.33019,ancla_actual
43166,41.20927,1.20465,ancla_actual
43167,41.11667,0.93333,ancla_actual
43168,41.3485,0.95667,ancla_actual
43169,41.228,1.03325,ancla_actual
43170,41.3084442,1.3680043,ancla_actual
43171,41.11118,1.14764,ancla_actual
43172,41.3344304,1.1642155,ancla_actual
43173,41.21667,0.78333,ancla_actual
43174,41.21667,0.76667,ancla_actual
43175,41.11667,0.41667,ancla_actual
43176,41.40069,1.05056,ancla_actual
43177,41.18464,0.58945,ancla_actual
43178,41.11667,1.03333,ancla_actual
43901,40.71944,0.70835,ancla_actual
43902,40.70563,0.72561,ancla_actual
43903,40.78169,0.65509,ancla_actual
43904,40.74212,0.61232,ancla_actual
43905,41.07663,1.14163,ancla_actual
43906,40.81235,0.71008,ancla_actual
43907,41.1148086,1.180985,ancla_actual
44001,40.54908,-0.80758,ancla_actual
44002,39.91039,-0.89444,ancla_actual
44003,40.67158,-1.23475,ancla_actual
44004,40.82211,-0.19532,ancla_actual
44005,40.59027,-0.79589,ancla_actual
44006,41.02575,-0.69782,ancla_actual
44007,40.61825,-1.34658,ancla_actual
44008,41.12173,-0.51142,ancla_actual
44009,40.40818,-1.44375,ancla_actual
44010,40.10282,-0.76764,ancla_actual
44011,40.95341,-0.70583,ancla_actual
44012,40.37183,-0.72015,ancla_actual
44013,41.05,-0.13333,ancla_actual
44014,40.8921,-0.38143,ancla_actual
44016,40.54638,-1.03314,ancla_actual
44017,40.67411,-0.70333,ancla_actual
44018,40.60489,-1.438,ancla_actual
44019,40.18169,-1.38731,ancla_actual
44020,40.79958,-1.06625,ancla_actual
44021,40.49295,-0.72478,ancla_actual
44022,40.96942,-0.52941,ancla_actual
44023,40.98533,-1.04258,ancla_actual
44024,40.98225,-0.98367,ancla_actual
44025,40.97655,-0.44721,ancla_actual
44026,39.98333,-1.03333,ancla_actual
44027,40.99244,0.27092,ancla_actual
44028,40.68841,-1.16217,ancla_actual
44029,41.03019,-0.59206,ancla_actual
44031,41.306337,-0.509748,ancla_actual
44032,41.09216,-1.12241,ancla_actual
44033,41.04181,-1.35767,ancla_actual
44034,40.83825,-1.19091,ancla_actual
44035,40.89688,-1.13858,ancla_actual
44036,41.03633,-1.14725,ancla_actual
44037,40.8101271,0.2002082,ancla_actual
44038,40.8829368,-0.0613855,ancla_actual
44039,40.92266,-1.4985,ancla_actual
44040,40.85791,-0.42709,ancla_actual
44041,40.33076,-1.32511,ancla_actual
44042,40.81392,-1.48208,ancla_actual
44043,41.0515,-0.885,ancla_actual
44044,40.6865,-0.32216,ancla_actual
44045,40.51171,-1.58821,ancla_actual
44046,40.70881,-1.26742,ancla_actual
44047,41.01783,-1.33825,ancla_actual
44048,40.31696,-0.80678,ancla_actual
44049,41.01625,0.18876,ancla_actual
44050,40.91933,-1.2975,ancla_actual
44051,40.94153,-0.23243,ancla_actual
44052,40.37264,-1.57435,ancla_actual
44053,40.64308,-1.13752,ancla_actual
44054,40.15,-1.03333,ancla_actual
44055,40.61242,-0.75416,ancla_actual
44056,40.83883,-1.32416,ancla_actual
44059,40.52642,-0.40558,ancla_actual
44060,40.57934,-0.53682,ancla_actual
44061,40.87133,-0.09992,ancla_actual
44062,40.70811,-0.91489,ancla_actual
44063,40.81622,-0.64567,ancla_actual
44064,40.19652,-1.11414,ancla_actual
44065,40.99726,-1.42805,ancla_actual
44066,40.80255,-0.696,ancla_actual
44067,41.22892,-0.36434,ancla_actual
44068,40.98133,-0.14666,ancla_actual
44070,40.36531,-0.81734,ancla_actual
44071,40.8,-0.31975,ancla_actual
44074,40.43708,-0.8515,ancla_actual
44075,40.47542,-1.15013,ancla_actual
44076,40.45325,-1.2875,ancla_actual
44077,40.824541,-0.0815932,ancla_actual
44080,40.93367,-0.08578,ancla_actual
44082,40.40308,-0.98525,ancla_actual
44084,40.97366,-0.83575,ancla_actual
44085,40.83392,-1.1365,ancla_actual
44086,40.92807,0.21166,ancla_actual
44087,40.88325,-0.57666,ancla_actual
44088,40.59166,-0.29707,ancla_actual
44089,40.20978,-1.07917,ancla_actual
44090,41.08608,-1.21475,ancla_actual
44092,40.15105,-1.32581,ancla_actual
44093,40.71342,-0.82958,ancla_actual
44094,40.4535,-1.05008,ancla_actual
44096,40.77633,-0.55344,ancla_actual
44097,40.544,-0.97078,ancla_actual
44099,40.79467,-0.81012,ancla_actual
44100,40.855,-0.63208,ancla_actual
44101,41.06325,-1.2335,ancla_actual
44102,40.99566,-1.08475,ancla_actual
44103,40.32367,-0.89241,ancla_actual
44105,40.89359,-0.00383,ancla_actual
44106,40.50533,-0.52283,ancla_actual
44107,40.92208,-0.26483,ancla_actual
44108,40.92817,0.07417,ancla_actual
44109,40.33754,-1.6147,ancla_actual
44110,40.86923,-1.01179,ancla_actual
44111,40.7,-0.96667,ancla_actual
44112,40.86375,-1.32266,ancla_actual
44113,40.16667,-0.61667,ancla_actual
44114,40.80666,0.06517,ancla_actual
44115,40.65591,-0.88217,ancla_actual
44116,40.83583,-0.58442,ancla_actual
44117,40.41114,-1.34823,ancla_actual
44118,40.86991,-0.13525,ancla_actual
44119,40.42722,-1.71201,ancla_actual
44120,40.38824,-1.71803,ancla_actual
44121,40.44107,-0.72048,ancla_actual
44122,41.17429,-0.45112,ancla_actual
44123,40.69049,-0.78541,ancla_actual
44124,40.92391,-0.84299,ancla_actual
44125,41.01053,-0.91882,ancla_actual
44126,40.48312,-0.31938,ancla_actual
44127,40.2401,-1.40886,ancla_actual
44128,40.70283,-0.80083,ancla_actual
44129,41.22008,-0.38183,ancla_actual
44130,40.54275,-0.75308,ancla_actual
44131,40.9555,-0.76683,ancla_actual
44132,41.0425,-1.19283,ancla_actual
44133,41.0985,-1.20616,ancla_actual
44135,40.16311,-1.23361,ancla_actual
44136,40.71725,-1.1125,ancla_actual
44137,40.32159,-0.57468,ancla_actual
44138,41.08108,-1.04433,ancla_actual
44141,40.95498,0.27749,ancla_actual
44142,40.96708,-0.89041,ancla_actual
44143,40.05,-0.83333,ancla_actual
44144,40.84459,-0.89549,ancla_actual
44145,40.83408,-0.24292,ancla_actual
44146,40.86592,-0.52116,ancla_actual
44147,41.05056,0.1029,ancla_actual
44148,40.721,-0.867,ancla_actual
44149,40.58733,-0.34266,ancla_actual
44150,40.5654071,-0.7012023,ancla_actual
44151,40.821,-0.45017,ancla_actual
44152,41.05512,-1.01411,ancla_actual
44153,40.788,-1.35541,ancla_actual
44154,40.78775,-0.0355,ancla_actual
44155,40.83278,-0.80178,ancla_actual
44156,40.45656,-0.81781,ancla_actual
44157,40.49708,-1.49216,ancla_actual
44158,40.2502,-0.75249,ancla_actual
44159,40.33295,-1.53683,ancla_actual
44160,40.36133,-0.4489,ancla_actual
44161,41.03308,-0.81141,ancla_actual
44163,40.457511,-1.6221026,ancla_actual
44164,41.13475,-1.06708,ancla_actual
44165,40.23622,-0.63606,ancla_actual
44167,40.9045,-0.723,ancla_actual
44168,40.88417,-1.56792,ancla_actual
44169,40.7375,-1.49875,ancla_actual
44171,40.13333,-0.61667,ancla_actual
44172,40.99791,-0.67429,ancla_actual
44173,40.8775,-0.48741,ancla_actual
44174,40.55,-1.65,ancla_actual
44175,40.58945,-0.98614,ancla_actual
44176,40.77911,-0.75055,ancla_actual
44177,40.76223,-1.02967,ancla_actual
44178,40.77544,-0.24426,ancla_actual
44179,40.75616,0.03983,ancla_actual
44180,40.64099,-1.47075,ancla_actual
44181,40.48433,-1.03408,ancla_actual
44182,40.63383,-1.00181,ancla_actual
44183,40.6485,-0.59324,ancla_actual
44184,40.99274,-0.85441,ancla_actual
44185,40.508,-0.861,ancla_actual
44187,40.882,0.05476,ancla_actual
44189,40.56112,-1.47033,ancla_actual
44190,40.77125,-1.50575,ancla_actual
44191,41.22216,-0.44091,ancla_actual
44192,40.22409,-0.92783,ancla_actual
44193,40.2643,-0.45756,ancla_actual
44194,40.8377,0.01923,ancla_actual
44195,40.72233,-0.99623,ancla_actual
44196,40.11667,-1.15,ancla_actual
44197,40.64076,-1.51617,ancla_actual
44198,40.37846,-1.51337,ancla_actual
44199,40.27623,-1.27167,ancla_actual
44200,40.77058,-1.21291,ancla_actual
44201,40.18894,-0.65307,ancla_actual
44203,40.962,-1.00433,ancla_actual
44204,40.32513,-1.42782,ancla_actual
44205,41.18933,-0.38883,ancla_actual
44206,40.05929,-0.69254,ancla_actual
44207,41.06633,-1.38733,ancla_actual
44208,41.11475,-1.08933,ancla_actual
44209,40.56742,-1.31354,ancla_actual
44210,40.14175,-0.81533,ancla_actual
44211,40.94088,-0.95111,ancla_actual
44212,40.81225,-0.33816,ancla_actual
44213,40.65508,-1.31158,ancla_actual
44215,40.29741,-1.50399,ancla_actual
44216,40.3456,-1.10646,ancla_actual
44217,40.2273825,-1.4956071,ancla_actual
44218,40.20266,-1.35406,ancla_actual
44219,40.96188,-1.43389,ancla_actual
44220,40.89084,-1.45866,ancla_actual
44221,40.96056,-0.09077,ancla_actual
44222,40.90978,-1.07244,ancla_actual
44223,40.75137,-0.06892,ancla_actual
44224,40.84166,-0.71783,ancla_actual
44225,40.93625,0.10934,ancla_actual
44226,40.6265941,-1.2744167,ancla_actual
44227,40.85308,-1.09782,ancla_actual
44228,40.59001,-1.29659,ancla_actual
44229,40.42709,-1.53242,ancla_actual
44230,40.902,-0.10977,ancla_actual
44231,40.01667,-0.95,ancla_actual
44232,40.82575,-1.33766,ancla_actual
44234,40.18842,-1.24081,ancla_actual
44235,40.43059,-1.57466,ancla_actual
44236,40.62091,-0.39833,ancla_actual
44237,41.16062,-0.4701,ancla_actual
44238,40.81267,-0.84545,ancla_actual
44239,40.19092,-1.09134,ancla_actual
44240,40.22877,-0.81079,ancla_actual
44241,40.99066,-0.03433,ancla_actual
44243,40.29776,-1.40829,ancla_actual
44244,40.39114,-0.60593,ancla_actual
44245,40.98716,0.08342,ancla_actual
44246,40.87209,0.15431,ancla_actual
44247,40.9525,0.02575,ancla_actual
44249,40.23408,-1.56686,ancla_actual
44250,40.15,-1.4,ancla_actual
44251,40.69545,-1.34722,ancla_actual
44252,41.10942,-1.24692,ancla_actual
44256,40.89108,-1.00837,ancla_actual
44257,40.39475,-1.67332,ancla_actual
44258,40.682,-1.49967,ancla_actual
44260,40.64842,-0.53066,ancla_actual
44261,40.5175,-1.265,ancla_actual
44262,40.52917,-0.669,ancla_actual
44263,40.28102,-1.15139,ancla_actual
44264,40.23463,-1.18611,ancla_actual
44265,41.2715019,-0.5901389,ancla_actual
44266,40.68558,-1.09709,ancla_actual
44267,40.87091,-0.93889,ancla_actual
44268,40.78411,-0.61944,ancla_actual
45001,39.71088,-3.9822,ancla_actual
45002,40.0053035,-3.8028245,ancla_actual
45003,39.89698,-4.22895,ancla_actual
45004,40.00224,-4.36852,ancla_actual
45005,39.90315,-5.10588,ancla_actual
45006,39.7733564,-4.851768,ancla_actual
45007,39.80966,-5.14738,ancla_actual
45008,40.1933052,-4.4722043,ancla_actual
45009,39.75934,-5.02287,ancla_actual
45010,39.63608,-5.11307,ancla_actual
45011,40.18456,-4.74173,ancla_actual
45012,39.75445,-3.85242,ancla_actual
45013,40.23423,-4.39044,ancla_actual
45014,39.98873,-3.76579,ancla_actual
45015,40.05517,-4.11638,ancla_actual
45016,39.80625,-4.05702,ancla_actual
45017,39.78564,-5.1273,ancla_actual
45018,39.98367,-4.23437,ancla_actual
45019,39.94113,-4.01979,ancla_actual
45020,39.75768,-4.94932,ancla_actual
45021,40.06795,-3.73804,ancla_actual
45022,40.17705,-4.85003,ancla_actual
45023,39.79635,-3.99254,ancla_actual
45024,39.90113,-4.2973,ancla_actual
45025,40.0061,-3.9456,ancla_actual
45026,39.89051,-3.53502,ancla_actual
45027,39.8163,-3.10236,ancla_actual
45028,39.88278,-4.98213,ancla_actual
45029,39.87483,-5.25693,ancla_actual
45030,39.9806885,-5.3031758,ancla_actual
45031,40.09311,-4.11927,ancla_actual
45032,40.01672,-4.07624,ancla_actual
45033,39.58918,-5.05532,ancla_actual
45034,39.42704,-3.45503,ancla_actual
45035,40.06348,-4.65488,ancla_actual
45037,39.88796,-4.45388,ancla_actual
45038,40.16976,-3.90092,ancla_actual
45039,39.96417,-4.45864,ancla_actual
45040,40.0464,-4.52507,ancla_actual
45041,40.18697,-4.03644,ancla_actual
45042,39.76117,-4.12558,ancla_actual
45043,40.10032,-4.68562,ancla_actual
45045,40.00958,-4.67606,ancla_actual
45046,39.94897,-4.57175,ancla_actual
45047,40.1126,-3.92127,ancla_actual
45048,39.98461,-4.56826,ancla_actual
45049,40.05182,-4.81072,ancla_actual
45050,39.93881,-3.61383,ancla_actual
45051,40.02076,-3.85599,ancla_actual
45052,39.80425,-4.02528,ancla_actual
45053,39.46246,-3.608,ancla_actual
45054,39.75987,-3.16452,ancla_actual
45055,39.66374,-4.21085,ancla_actual
45056,40.10014,-4.04333,ancla_actual
45057,39.73191,-3.94365,ancla_actual
45058,39.97661,-4.50554,ancla_actual
45059,39.88199,-3.48419,ancla_actual
45060,39.95667,-4.49656,ancla_actual
45061,40.1669,-4.40484,ancla_actual
45062,39.9257,-4.35095,ancla_actual
45063,39.65333,-4.78371,ancla_actual
45064,40.1044,-3.76677,ancla_actual
45065,39.68937,-5.09543,ancla_actual
45066,40.05288,-4.20718,ancla_actual
45067,39.70208,-4.27239,ancla_actual
45068,40.1152667,-4.6379245,ancla_actual
45069,39.96594,-4.30278,ancla_actual
45070,39.81178,-4.14885,ancla_actual
45071,39.78795,-3.47604,ancla_actual
45072,39.8713492,-4.8496159,ancla_actual
45073,39.88928,-5.24279,ancla_actual
45074,40.10463,-4.72269,ancla_actual
45075,39.61297,-4.49663,ancla_actual
45076,40.09778,-4.44473,ancla_actual
45077,40.0123,-4.19541,ancla_actual
45078,39.86319,-3.61275,ancla_actual
45079,40.23277,-4.75162,ancla_actual
45080,39.97079,-4.55743,ancla_actual
45081,40.12213,-3.84704,ancla_actual
45082,39.90557,-5.20143,ancla_actual
45083,39.77703,-4.06448,ancla_actual
45084,39.72331,-3.30618,ancla_actual
45085,40.09061,-3.96713,ancla_actual
45086,39.9851,-4.61279,ancla_actual
45087,39.46823,-3.53196,ancla_actual
45088,39.96138,-3.93164,ancla_actual
45089,39.8848042,-4.5812849,ancla_actual
45090,39.63549,-3.79249,ancla_actual
45091,40.06614,-4.37066,ancla_actual
45092,39.56329,-3.93499,ancla_actual
45093,40.0903488,-4.8033604,ancla_actual
45094,39.71643,-3.81254,ancla_actual
45095,39.94124,-4.43822,ancla_actual
45096,39.69411,-4.01962,ancla_actual
45097,40.00991,-4.88506,ancla_actual
45098,39.63954,-4.28418,ancla_actual
45099,40.23899,-4.19337,ancla_actual
45100,39.9211665,-4.5012602,ancla_actual
45101,39.52448,-3.07618,ancla_actual
45102,39.93934,-3.91716,ancla_actual
45103,39.60417,-5.14247,ancla_actual
45104,39.96425,-4.63214,ancla_actual
45105,40.10646,-4.93849,ancla_actual
45106,39.68492,-3.77394,ancla_actual
45107,39.79771,-3.94434,ancla_actual
45108,39.64961,-4.99113,ancla_actual
45109,39.63526,-4.47012,ancla_actual
45110,40.06667,-5.08333,ancla_actual
45111,39.73929,-5.14359,ancla_actual
45112,39.72526,-4.64227,ancla_actual
45113,39.66665,-4.64205,ancla_actual
45114,40.15659,-4.78625,ancla_actual
45115,39.98061,-3.44001,ancla_actual
45116,39.74094,-4.18408,ancla_actual
45117,40.1553,-4.50223,ancla_actual
45118,40.04746,-4.27471,ancla_actual
45119,40.07395,-3.85118,ancla_actual
45120,40.11383,-4.61978,ancla_actual
45121,39.95785,-3.4982,ancla_actual
45122,39.94436,-3.98684,ancla_actual
45123,40.00421,-3.57227,ancla_actual
45124,39.64826,-3.87577,ancla_actual
45125,39.91726,-5.17371,ancla_actual
45126,40.00096,-4.51539,ancla_actual
45127,40.11966,-3.96403,ancla_actual
45128,40.04336,-3.8328,ancla_actual
45129,40.20472,-4.4305,ancla_actual
45130,40.06225,-5.0639,ancla_actual
45131,40.17599,-4.59842,ancla_actual
45132,40.0159771,-4.7855411,ancla_actual
45133,39.78765,-4.16792,ancla_actual
45134,40.06415,-4.22793,ancla_actual
45135,39.59862,-3.11782,ancla_actual
45136,39.8163422,-4.3793433,ancla_actual
45137,39.91208,-4.67933,ancla_actual
45138,39.80174,-5.17178,ancla_actual
45139,39.52283,-5.11407,ancla_actual
45140,39.69383,-4.15233,ancla_actual
45141,39.51111,-3.24741,ancla_actual
45142,39.59369,-3.04165,ancla_actual
45143,40.10533,-4.32394,ancla_actual
45144,40.13561,-4.69095,ancla_actual
45145,40.05286,-3.9909,ancla_actual
45146,39.7416381,-4.7721901,ancla_actual
45147,39.96206,-4.193,ancla_actual
45148,39.60986,-4.90503,ancla_actual
45149,39.7228184,-3.4380111,ancla_actual
45150,39.82972,-4.71901,ancla_actual
45151,39.70186,-4.38796,ancla_actual
45152,39.78404,-4.63252,ancla_actual
45153,39.5231392,-4.3230394,ancla_actual
45154,40.0526968,-4.7416088,ancla_actual
45155,39.76238,-4.70904,ancla_actual
45156,39.98104,-3.18787,ancla_actual
45157,40.11917,-4.24158,ancla_actual
45158,40.02348,-4.43025,ancla_actual
45159,40.2132,-4.79427,ancla_actual
45160,40.02386,-4.86418,ancla_actual
45161,40.10473,-3.69793,ancla_actual
45162,39.57488,-4.96387,ancla_actual
45163,39.67747,-3.97448,ancla_actual
45164,40.10359,-4.82736,ancla_actual
45165,39.96348,-4.83076,ancla_actual
45166,39.69541,-3.50429,ancla_actual
45167,39.51333,-2.99726,ancla_actual
45168,39.8581,-4.02263,ancla_actual
45169,39.93384,-5.15404,ancla_actual
45170,39.70425,-4.77186,ancla_actual
45171,40.16935,-4.21549,ancla_actual
45172,39.82918,-5.22581,ancla_actual
45173,39.98195,-4.28349,ancla_actual
45174,39.71057,-4.22655,ancla_actual
45175,39.60138,-3.61404,ancla_actual
45176,40.15572,-3.87603,ancla_actual
45177,39.41179,-3.71493,ancla_actual
45179,39.79635,-5.24544,ancla_actual
45180,40.20444,-4.09146,ancla_actual
45181,39.97687,-4.97641,ancla_actual
45182,39.5678405,-4.2301844,ancla_actual
45183,40.15526,-4.11455,ancla_actual
45184,40.00894,-5.29512,ancla_actual
45185,39.62367,-3.33813,ancla_actual
45186,39.6279322,-3.2049633,ancla_actual
45187,39.42824,-3.36079,ancla_actual
45188,40.0237893,-3.9115378,ancla_actual
45189,39.96482,-4.12627,ancla_actual
45190,39.71197,-3.87055,ancla_actual
45191,39.81784,-3.73461,ancla_actual
45192,39.67321,-3.01445,ancla_actual
45193,39.72347,-3.65743,ancla_actual
45194,39.76913,-4.57314,ancla_actual
45195,39.98555,-3.36898,ancla_actual
45196,39.96185,-3.88291,ancla_actual
45197,39.8628328,-3.7061518,ancla_actual
45198,39.90187,-3.32386,ancla_actual
45199,40.14154,-3.91817,ancla_actual
45200,39.58158,-3.87058,ancla_actual
45201,40.12035,-3.80487,ancla_actual
45202,39.90199,-3.62517,ancla_actual
45203,40.04079,-3.89979,ancla_actual
45204,40.02017,-3.98696,ancla_actual
45205,40.0859,-3.87106,ancla_actual
45901,40.0145382,-4.337265,ancla_actual
46001,40.06139,-1.28677,ancla_actual
46002,38.91823,-0.22247,ancla_actual
46003,38.83333,-0.5,ancla_actual
46004,38.82273,-0.54833,ancla_actual
46005,39.45568,-0.461,ancla_actual
46006,38.83798,-0.51721,ancla_actual
46007,39.4,-0.41667,ancla_actual
46008,39.2,-0.38333,ancla_actual
46009,39.54358,-0.3456,ancla_actual
46010,39.7,-0.33333,ancla_actual
46011,39.11667,-0.51667,ancla_actual
46012,39.38333,-0.76667,ancla_actual
46013,39.5,-0.35,ancla_actual
46014,39.55,-0.31667,ancla_actual
46015,39.36791,-0.44447,ancla_actual
46016,39.065752,-0.5579098,ancla_actual
46017,39.15,-0.43333,ancla_actual
46018,39.8,-0.7,ancla_actual
46019,39.19717,-0.50537,ancla_actual
46020,38.971467,-0.6047077,ancla_actual
46021,39.46569,-0.46005,ancla_actual
46022,39.41667,-0.38333,ancla_actual
46023,38.9299715,-0.2464081,ancla_actual
46024,39.76667,-0.35,ancla_actual
46025,39.55,-0.38333,ancla_actual
46026,39.28333,-0.55,ancla_actual
46027,38.9,-0.5,ancla_actual
46028,39.7857549,-0.3639314,ancla_actual
46029,39.19042,-0.43572,ancla_actual
46030,39.75,-0.36667,ancla_actual
46031,39.26667,-0.46667,ancla_actual
46032,39.5104,-0.35693,ancla_actual
46033,38.91667,-0.28333,ancla_actual
46034,38.94325,-0.18155,ancla_actual
46035,39.2970113,-0.4114562,ancla_actual
46036,39.86667,-1.01667,ancla_actual
46037,38.93333,-0.15,ancla_actual
46038,39.83333,-0.8,ancla_actual
46039,39.02029,-0.64621,ancla_actual
46040,39.07977,-0.59195,ancla_actual
46041,39.91667,-1.13333,ancla_actual
46042,38.88333,-0.58333,ancla_actual
46043,38.8785645,-0.3425219,ancla_actual
46044,39.05852,-1.05635,ancla_actual
46045,39.01667,-0.41667,ancla_actual
46046,39.01667,-0.3,ancla_actual
46047,38.85,-0.46667,ancla_actual
46048,38.95,-0.16667,ancla_actual
46049,38.9458,-0.48697,ancla_actual
46050,39.71667,-1.1,ancla_actual
46051,39.6,-0.58333,ancla_actual
46052,39.73333,-0.25,ancla_actual
46053,39.06667,-0.55,ancla_actual
46054,39.42265,-0.39686,ancla_actual
46055,38.93249,-0.18634,ancla_actual
46056,38.84754,-0.41736,ancla_actual
46057,38.91987,-0.34694,ancla_actual
46058,39.73333,-0.26667,ancla_actual
46059,39.0625191,-0.3020165,ancla_actual
46060,39.28439,-0.42598,ancla_actual
46061,38.9267998,-0.1900806,ancla_actual
46062,38.95,-0.43333,ancla_actual
46063,39.21403,-0.52679,ancla_actual
46064,39.13162,-0.49288,ancla_actual
46065,39.38333,-0.41667,ancla_actual
46066,38.9611,-0.19739,ancla_actual
46067,39.61667,-0.56667,ancla_actual
46068,38.8263585,-0.5320554,ancla_actual
46069,38.9132,-0.47784,ancla_actual
46070,39.59111,-0.46151,ancla_actual
46071,39.13215,-0.7872,ancla_actual
46072,38.76667,-0.61667,ancla_actual
46073,39.06041,-0.67466,ancla_actual
46074,39.51667,-0.36667,ancla_actual
46075,38.86775,-0.51617,ancla_actual
46076,39.61667,-0.76667,ancla_actual
46077,39.41667,-0.78333,ancla_actual
46078,39.50984,-0.41327,ancla_actual
46079,39.72118,-0.97057,ancla_actual
46080,39.65,-1.4,ancla_actual
46081,38.96251,-0.58443,ancla_actual
46082,39.68333,-0.21667,ancla_actual
46083,39.1218,-0.44812,ancla_actual
46084,39.06667,-0.56667,ancla_actual
46085,39.2266,-0.52142,ancla_actual
46086,38.84133,-0.4726,ancla_actual
46087,40.03333,-1.26667,ancla_actual
46088,40.01667,-1.26667,ancla_actual
46089,39.7,-0.7,ancla_actual
46090,38.8797362,-0.3863386,ancla_actual
46091,38.91667,-0.26667,ancla_actual
46092,40.13076,-1.30396,ancla_actual
46093,39.26667,-0.56667,ancla_actual
46094,39.4,-0.4,ancla_actual
46095,39.55965,-1.27853,ancla_actual
46096,38.9847143,-0.6136993,ancla_actual
46097,39.22926,-1.06061,ancla_actual
46098,39.15,-0.35,ancla_actual
46099,39.25,-0.93333,ancla_actual
46100,39.0701,-0.57449,ancla_actual
46101,39.7446921,-0.2888414,ancla_actual
46102,39.48139,-0.43937,ancla_actual
46103,39.73751,-0.26458,ancla_actual
46104,38.95,-0.4,ancla_actual
46105,39.16667,-0.25,ancla_actual
46106,39.7493,-0.99684,ancla_actual
46107,39.04203,-0.65916,ancla_actual
46108,39.6,-0.96667,ancla_actual
46109,39.48333,-0.68333,ancla_actual
46110,39.46588,-0.42589,ancla_actual
46111,39.46667,-0.71667,ancla_actual
46112,39.65,-0.88333,ancla_actual
46113,38.96667,-0.15,ancla_actual
46114,39.66115,-0.67077,ancla_actual
46115,39.28333,-0.8,ancla_actual
46116,39.56667,-0.53333,ancla_actual
46117,39.5538394,-0.3391971,ancla_actual
46118,38.97974,-0.68683,ancla_actual
46119,39.05,-0.48333,ancla_actual
46120,39.71667,-0.35,ancla_actual
46121,39.01792,-0.62379,ancla_actual
46122,39.7278662,-0.2582283,ancla_actual
46123,39.1184096,-0.2995377,ancla_actual
46124,38.78423,-0.78667,ancla_actual
46125,39.1773458,-0.3166049,ancla_actual
46126,39.5451897,-0.3605905,ancla_actual
46127,38.91531,-0.17063,ancla_actual
46128,38.8,-0.88333,ancla_actual
46129,39.58333,-1.35,ancla_actual
46130,39.08333,-0.55,ancla_actual
46131,38.96667,-0.18333,ancla_actual
46132,38.98915,-0.46992,ancla_actual
46133,39.6,-0.83333,ancla_actual
46135,39.53333,-0.41667,ancla_actual
46136,39.41667,-0.68333,ancla_actual
46137,38.9951256,-0.55831,ancla_actual
46138,38.92539,-0.48585,ancla_actual
46139,39.18663,-0.47859,ancla_actual
46140,38.9632324,-0.1462137,ancla_actual
46141,39.772497,-0.8629977,ancla_actual
46142,39.2,-1.06667,ancla_actual
46143,39.03333,-0.21667,ancla_actual
46144,39.14013,-1.07306,ancla_actual
46145,38.99042,-0.51852,ancla_actual
46146,39.01667,-0.21667,ancla_actual
46147,39.62894,-0.59783,ancla_actual
46148,39.49016,-0.57143,ancla_actual
46149,39.7,-0.86667,ancla_actual
46150,38.93333,-0.35,ancla_actual
46151,39.01357,-0.46658,ancla_actual
46152,39.4205844,-0.3819677,ancla_actual
46153,38.9026127,-0.2898615,ancla_actual
46154,38.99507,-0.57534,ancla_actual
46155,39.14671,-0.32944,ancla_actual
46156,39.28333,-0.56667,ancla_actual
46157,39.0279752,-0.5372008,ancla_actual
46158,39.38333,-0.78333,ancla_actual
46159,39.49139,-0.46349,ancla_actual
46160,39.05059,-0.48978,ancla_actual
46161,39.74165,-0.53103,ancla_actual
46162,39.14377,-0.5226,ancla_actual
46163,39.5577,-0.32555,ancla_actual
46164,39.56667,-0.33333,ancla_actual
46165,39.3908651,-0.3600605,ancla_actual
46166,39.5250165,-0.3349674,ancla_actual
46167,39.2111135,-0.7930659,ancla_actual
46168,38.95036,-0.14007,ancla_actual
46169,39.47523,-0.41825,ancla_actual
46170,38.86451,-0.7977086,ancla_actual
46171,39.54555,-0.39551,ancla_actual
46172,39.363266,-0.5842458,ancla_actual
46173,38.885575,-0.4908109,ancla_actual
46174,38.9503,-0.652,ancla_actual
46175,38.89129,-0.34123,ancla_actual
46176,39.33333,-0.61667,ancla_actual
46177,39.56667,-0.35,ancla_actual
46178,39.65,-0.41667,ancla_actual
46179,39.10198,-0.69469,ancla_actual
46180,38.9784089,-0.5506147,ancla_actual
46181,38.91971,-0.11935,ancla_actual
46182,39.7,-0.53333,ancla_actual
46183,38.91667,-0.55,ancla_actual
46184,38.82191,-0.60603,ancla_actual
46185,38.85427,-0.44399,ancla_actual
46186,39.42814,-0.41765,ancla_actual
46187,38.92672,-0.22028,ancla_actual
46188,38.93927,-0.15411,ancla_actual
46189,38.8532969,-0.4908439,ancla_actual
46190,39.50263,-0.44079,ancla_actual
46191,39.6,-0.71667,ancla_actual
46192,39.6839075,-0.311351,ancla_actual
46193,39.43333,-0.43333,ancla_actual
46194,39.3635,-0.45949,ancla_actual
46195,38.94143,-0.13286,ancla_actual
46196,38.98176,-0.3387,ancla_actual
46197,39.1906763,-0.3723098,ancla_actual
46198,38.91617,-0.19594,ancla_actual
46199,39.56571,-0.28425,ancla_actual
46200,38.9052318,-0.4237339,ancla_actual
46201,40.05,-1.13333,ancla_actual
46202,39.59747,-0.55468,ancla_actual
46203,39.08333,-0.46667,ancla_actual
46204,39.58869,-0.30333,ancla_actual
46205,39.61667,-0.3,ancla_actual
46206,39.1197,-0.74,ancla_actual
46207,39.595186,-0.3479859,ancla_actual
46208,38.93248,-0.16772,ancla_actual
46209,39.05126,-0.45543,ancla_actual
46210,38.86651,-0.39991,ancla_actual
46211,38.94817,-0.19239,ancla_actual
46212,39.33333,-0.6,ancla_actual
46213,39.48834,-1.10044,ancla_actual
46214,39.5203085,-0.5604098,ancla_actual
46215,39.2,-0.33333,ancla_actual
46216,39.5360537,-0.413331,ancla_actual
46217,39.0115611,-0.5635941,ancla_actual
46218,38.93205,-0.25765,ancla_actual
46219,38.87933,-0.36115,ancla_actual
46220,39.6901176,-0.2782471,ancla_actual
46221,38.8521,-0.37977,ancla_actual
46222,39.07104,-0.48705,ancla_actual
46223,39.423949,-0.3761614,ancla_actual
46224,39.68333,-0.36667,ancla_actual
46225,39.03221,-0.58784,ancla_actual
46226,38.92014,-0.4814,ancla_actual
46227,39.06667,-0.5,ancla_actual
46228,39.68333,-0.43333,ancla_actual
46229,39.46667,-0.91667,ancla_actual
46230,39.36257,-0.41169,ancla_actual
46231,39.03333,-0.31667,ancla_actual
46232,39.73333,-1.23333,ancla_actual
46233,39.2783,-0.38238,ancla_actual
46234,39.6100657,-0.9137387,ancla_actual
46235,39.2026,-0.31114,ancla_actual
46236,39.0862589,-0.6330371,ancla_actual
46237,39.5073493,-0.3643668,ancla_actual
46238,39.07195,-0.26623,ancla_actual
46239,39.10563,-1.05105,ancla_actual
46240,38.89453,-0.31993,ancla_actual
46241,39.86667,-1.08333,ancla_actual
46242,40.1016647,-1.2598465,ancla_actual
46243,38.98446,-0.56727,ancla_actual
46244,39.43705,-0.46546,ancla_actual
46245,39.73333,-0.35,ancla_actual
46246,39.13951,-0.58777,ancla_actual
46247,39.76667,-1.03333,ancla_actual
46248,39.38333,-0.7,ancla_actual
46249,39.56667,-1.2,ancla_actual
46250,39.5,-0.36667,ancla_actual
46251,38.89575,-0.69104,ancla_actual
46252,40.06667,-1.33333,ancla_actual
46253,38.98518,-0.55696,ancla_actual
46254,39.48333,-1.35,ancla_actual
46255,38.88566,-0.20795,ancla_actual
46256,39.56916,-0.62453,ancla_actual
46257,39.073377,-0.520292,ancla_actual
46258,39.73333,-0.81667,ancla_actual
46259,39.53333,-1.43333,ancla_actual
46260,39.53333,-0.36667,ancla_actual
46261,39.38333,-0.8,ancla_actual
46262,39.88333,-0.95,ancla_actual
46263,39.09175,-1.07532,ancla_actual
46902,39.7616829,-0.5302091,ancla_actual
46903,39.5622146,-0.4959864,ancla_actual
46904,39.18333,-0.38333,ancla_actual
47001,41.64894,-5.12107,ancla_actual
47002,41.27495,-4.6529,ancla_actual
47003,41.98375,-5.18117,ancla_actual
47004,41.30732,-5.21567,ancla_actual
47005,41.37061,-4.67262,ancla_actual
47006,41.46098,-4.6158,ancla_actual
47007,41.51256,-4.63955,ancla_actual
47008,41.21406,-4.67824,ancla_actual
47009,41.74853,-4.30117,ancla_actual
47010,41.60956,-4.79692,ancla_actual
47011,41.18247,-4.80319,ancla_actual
47012,41.48141,-4.27941,ancla_actual
47013,41.95139,-5.28353,ancla_actual
47014,41.6757845,-5.0847654,ancla_actual
47015,42.09905,-5.21805,ancla_actual
47016,41.62133,-5.29285,ancla_actual
47017,41.56397,-5.0558,ancla_actual
47018,41.58033,-5.03267,ancla_actual
47019,41.94606,-5.09693,ancla_actual
47020,41.20432,-5.02294,ancla_actual
47021,41.2307,-4.68128,ancla_actual
47022,41.62339,-4.07048,ancla_actual
47023,41.5409,-4.6994,ancla_actual
47024,42.0068,-5.28428,ancla_actual
47025,41.2229723,-5.0471802,ancla_actual
47026,42.13114,-5.09169,ancla_actual
47027,41.7272034,-4.6204658,ancla_actual
47028,42.16793,-5.15892,ancla_actual
47029,41.84906,-5.27016,ancla_actual
47030,41.49208,-4.19608,ancla_actual
47031,41.25793,-5.01487,ancla_actual
47032,41.47333,-4.50503,ancla_actual
47033,41.52513,-4.11546,ancla_actual
47034,41.75464,-4.12502,ancla_actual
47035,41.21329,-5.10907,ancla_actual
47036,41.57825,-5.24076,ancla_actual
47037,41.250972,-5.1786817,ancla_actual
47038,41.57494,-4.01547,ancla_actual
47039,41.7034,-4.37142,ancla_actual
47040,42.13717,-5.31423,ancla_actual
47041,41.64921,-4.95888,ancla_actual
47043,41.77355,-5.03909,ancla_actual
47044,41.6818,-4.58866,ancla_actual
47045,41.38918,-5.26408,ancla_actual
47046,42.12646,-5.18245,ancla_actual
47047,41.75609,-4.22151,ancla_actual
47048,42.03284,-5.15007,ancla_actual
47049,41.18783,-4.94966,ancla_actual
47050,41.7578,-4.69848,ancla_actual
47051,41.64064,-4.85688,ancla_actual
47052,41.61294,-4.68697,ancla_actual
47053,41.40617,-4.54539,ancla_actual
47054,41.5103,-4.31721,ancla_actual
47055,41.80946,-4.6927,ancla_actual
47056,41.67205,-4.04817,ancla_actual
47057,41.83358,-4.61463,ancla_actual
47058,42.05927,-5.05539,ancla_actual
47059,41.64327,-4.1011,ancla_actual
47060,41.75653,-4.10357,ancla_actual
47061,41.75018,-4.38062,ancla_actual
47062,41.76693,-4.18409,ancla_actual
47063,41.53541,-4.14483,ancla_actual
47064,42.16192,-5.05791,ancla_actual
47065,41.19752,-5.14413,ancla_actual
47066,41.70617,-4.76547,ancla_actual
47067,41.17603,-4.9343,ancla_actual
47068,41.24397,-4.6474,ancla_actual
47069,41.6098,-5.09768,ancla_actual
47070,42.04984,-4.98078,ancla_actual
47071,41.57868,-4.87663,ancla_actual
47073,42.12476,-4.95239,ancla_actual
47074,41.3576094,-4.7278198,ancla_actual
47075,41.36117,-4.53348,ancla_actual
47076,41.58151,-4.72332,ancla_actual
47077,41.56986,-4.19866,ancla_actual
47078,41.1569604,-4.8978602,ancla_actual
47079,41.26727,-4.61386,ancla_actual
47080,41.58617,-4.18826,ancla_actual
47081,41.58644,-5.13455,ancla_actual
47082,41.41423,-4.79122,ancla_actual
47083,41.54818,-4.96761,ancla_actual
47084,42.16687,-5.26304,ancla_actual
47085,41.31239,-4.91413,ancla_actual
47086,41.88327,-5.04405,ancla_actual
47087,41.40828,-4.56166,ancla_actual
47088,42.24344,-5.14216,ancla_actual
47089,42.26806,-5.09712,ancla_actual
47090,41.43237,-4.6649,ancla_actual
47091,42.23015,-5.18095,ancla_actual
47092,41.8920278,-4.9071299,ancla_actual
47093,41.50874,-4.45745,ancla_actual
47094,41.98611,-5.07208,ancla_actual
47095,41.27636,-4.82521,ancla_actual
47096,41.86068,-5.17252,ancla_actual
47097,41.63247,-5.17681,ancla_actual
47098,41.74278,-4.76191,ancla_actual
47099,41.77988,-4.94506,ancla_actual
47100,41.1255984,-4.8453567,ancla_actual
47101,41.33036,-5.08095,ancla_actual
47102,41.26762,-5.05685,ancla_actual
47103,41.63755,-4.36547,ancla_actual
47104,41.28706,-4.68878,ancla_actual
47105,41.68815,-4.52255,ancla_actual
47106,41.57142,-4.04316,ancla_actual
47109,41.92966,-5.14534,ancla_actual
47110,41.53633,-4.5336,ancla_actual
47111,41.4803925,-4.6960071,ancla_actual
47112,41.34145,-4.58225,ancla_actual
47113,41.55617,-5.20466,ancla_actual
47114,41.60165,-4.11418,ancla_actual
47115,41.71159,-4.98333,ancla_actual
47116,41.64171,-4.1559,ancla_actual
47117,41.72843,-4.42823,ancla_actual
47118,41.67459,-4.14655,ancla_actual
47119,41.69923,-4.12808,ancla_actual
47121,41.44406,-5.12491,ancla_actual
47122,41.47867,-4.58967,ancla_actual
47123,41.31831,-4.83936,ancla_actual
47124,41.37154,-4.84418,ancla_actual
47125,41.82138,-5.25891,ancla_actual
47126,41.18333,-4.65,ancla_actual
47127,41.61974,-4.21774,ancla_actual
47128,41.98935,-5.44928,ancla_actual
47129,41.6249,-4.36291,ancla_actual
47130,41.85449,-4.65931,ancla_actual
47131,41.53314,-4.06214,ancla_actual
47132,41.22845,-4.78608,ancla_actual
47133,41.6504717,-4.6277526,ancla_actual
47134,42.0415982,-5.4742871,ancla_actual
47135,41.60838,-4.90992,ancla_actual
47137,41.66791,-4.11901,ancla_actual
47138,41.21421,-4.92491,ancla_actual
47139,41.41231,-4.95885,ancla_actual
47140,42.21206,-5.20534,ancla_actual
47141,41.11696,-4.87486,ancla_actual
47142,41.68022,-5.14847,ancla_actual
47143,41.68631,-4.066,ancla_actual
47144,41.75336,-4.56724,ancla_actual
47145,41.44328,-4.4599,ancla_actual
47146,41.50941,-4.91149,ancla_actual
47147,41.161,-4.77761,ancla_actual
47148,41.73556,-5.32592,ancla_actual
47149,41.68033,-5.03403,ancla_actual
47150,41.48131,-5.28454,ancla_actual
47151,41.6206,-5.08713,ancla_actual
47152,41.89505,-5.26575,ancla_actual
47153,42.2182,-5.10027,ancla_actual
47154,41.56983,-4.44938,ancla_actual
47155,41.69457,-4.69029,ancla_actual
47156,41.21901,-4.85158,ancla_actual
47157,41.60847,-4.43397,ancla_actual
47158,41.41364,-4.90552,ancla_actual
47159,41.45722,-4.86279,ancla_actual
47160,41.35223,-5.18488,ancla_actual
47161,41.59072,-4.82796,ancla_actual
47162,41.97706,-5.02335,ancla_actual
47163,41.65239,-5.26688,ancla_actual
47164,41.81531,-5.15811,ancla_actual
47165,41.50202,-5.00146,ancla_actual
47166,41.48498,-5.08762,ancla_actual
47167,41.21885,-5.22384,ancla_actual
47168,41.66716,-5.04982,ancla_actual
47169,41.76821,-4.20003,ancla_actual
47170,41.53646,-4.08833,ancla_actual
47171,41.64942,-5.02526,ancla_actual
47172,41.48455,-4.3192,ancla_actual
47173,41.57509,-4.47569,ancla_actual
47174,41.83049,-4.65179,ancla_actual
47175,41.5845,-4.58093,ancla_actual
47176,42.0776,-5.32607,ancla_actual
47177,42.09911,-5.28222,ancla_actual
47178,41.72738,-5.20304,ancla_actual
47179,41.64323,-4.29271,ancla_actual
47180,41.6426,-4.04845,ancla_actual
47181,41.8569,-4.97005,ancla_actual
47182,41.47697,-4.77116,ancla_actual
47183,42.04232,-5.31339,ancla_actual
47184,41.79966,-4.53055,ancla_actual
47185,41.8351,-5.03674,ancla_actual
47186,41.65541,-4.72353,ancla_actual
47187,42.18808,-5.11477,ancla_actual
47188,41.59364,-5.11319,ancla_actual
47189,41.23028,-4.97242,ancla_actual
47190,41.5592,-5.00454,ancla_actual
47191,41.57918,-4.94655,ancla_actual
47192,41.4111,-4.82932,ancla_actual
47193,41.52927,-4.75245,ancla_actual
47194,41.44604,-4.38356,ancla_actual
47195,41.63097,-4.52192,ancla_actual
47196,42.01099,-4.99624,ancla_actual
47197,41.82178,-5.11546,ancla_actual
47198,42.18999,-5.04324,ancla_actual
47199,42.0825,-5.12498,ancla_actual
47200,41.74022,-4.26817,ancla_actual
47203,42.07853,-4.97125,ancla_actual
47204,41.4331,-5.30192,ancla_actual
47205,41.8929,-5.21859,ancla_actual
47206,41.73431,-4.32365,ancla_actual
47207,41.78032,-5.19242,ancla_actual
47208,42.15592,-5.14208,ancla_actual
47209,42.01484,-5.23642,ancla_actual
47210,41.54966,-5.1381,ancla_actual
47211,42.17472,-5.19023,ancla_actual
47212,41.86361,-4.86063,ancla_actual
47213,41.60389,-5.21281,ancla_actual
47214,42.09994,-5.0344,ancla_actual
47215,41.9469,-5.20717,ancla_actual
47216,41.59311,-4.92214,ancla_actual
47217,41.69877,-4.84173,ancla_actual
47218,41.51946,-4.86671,ancla_actual
47219,42.14914,-5.0955,ancla_actual
47220,41.75916,-5.24786,ancla_actual
47221,41.70293,-4.48313,ancla_actual
47222,41.92842,-5.012,ancla_actual
47223,41.72358,-5.25513,ancla_actual
47224,41.68515,-4.54636,ancla_actual
47225,41.63943,-5.0647,ancla_actual
47226,41.66357,-4.46287,ancla_actual
47227,41.69218,-5.2763,ancla_actual
47228,41.30687,-5.02625,ancla_actual
47229,42.05893,-5.23566,ancla_actual
47230,41.67525,-4.91748,ancla_actual
47231,41.65971,-4.78417,ancla_actual
47232,41.26201,-4.77072,ancla_actual
48001,43.1511,-2.60942,ancla_actual
48002,43.3086616,-3.088908,ancla_actual
48003,43.21667,-2.73333,ancla_actual
48004,43.32634,-2.51349,ancla_actual
48005,43.15,-2.93333,ancla_actual
48006,43.1514822,-2.7926325,ancla_actual
48007,43.2587702,-2.5978481,ancla_actual
48008,43.2377306,-3.2338306,ancla_actual
48009,43.1787012,-2.9394894,ancla_actual
48010,43.3464684,-2.7636065,ancla_actual
48011,43.21006,-2.88562,ancla_actual
48012,43.42917,-2.80881,ancla_actual
48013,43.29639,-2.98813,ancla_actual
48014,43.3978925,-2.9621953,ancla_actual
48015,43.2397,-2.8858,ancla_actual
48016,43.365,-2.99601,ancla_actual
48017,43.42088,-2.72152,ancla_actual
48018,43.31667,-2.46667,ancla_actual
48019,43.16667,-2.56667,ancla_actual
48020,43.26271,-2.92528,ancla_actual
48021,43.3720871,-2.7182703,ancla_actual
48022,43.2090891,-3.3649303,ancla_actual
48023,43.1258888,-2.800573,ancla_actual
48024,43.1,-2.75,ancla_actual
48025,43.151057,-2.8551835,ancla_actual
48026,43.1209241,-2.715969,ancla_actual
48027,43.17124,-2.6338,ancla_actual
48028,43.37985,-2.58556,ancla_actual
48029,43.2517915,-2.885545,ancla_actual
48030,43.25414,-2.47776,ancla_actual
48031,43.40243,-2.63912,ancla_actual
48032,43.12924,-2.54056,ancla_actual
48033,43.3510624,-2.6108099,ancla_actual
48034,43.18725,-2.50261,ancla_actual
48035,43.33333,-2.78333,ancla_actual
48036,43.23073,-2.8429,ancla_actual
48037,43.2624858,-3.0989523,ancla_actual
48038,43.3132005,-2.8122046,ancla_actual
48039,43.19279,-2.60992,ancla_actual
48040,43.36313,-2.87294,ancla_actual
48041,43.3666629,-2.6584529,ancla_actual
48042,43.1786,-3.076,ancla_actual
48043,43.4177189,-2.9327119,ancla_actual
48044,43.35689,-3.01146,ancla_actual
48045,43.21252,-3.09497,ancla_actual
48046,43.31667,-2.68333,ancla_actual
48047,43.33333,-2.53333,ancla_actual
48048,43.39027,-2.63423,ancla_actual
48049,43.36667,-2.53333,ancla_actual
48050,43.1489792,-2.6480827,ancla_actual
48051,43.21986,-3.4392,ancla_actual
48052,43.26117,-2.79572,ancla_actual
48053,43.3488707,-2.9159346,ancla_actual
48054,43.32686,-2.98884,ancla_actual
48055,43.2044275,-2.770602,ancla_actual
48056,43.4173543,-2.8901414,ancla_actual
48057,43.36417,-2.50492,ancla_actual
48058,43.1884,-2.52998,ancla_actual
48059,43.13819,-2.66104,ancla_actual
48060,43.26667,-2.5,ancla_actual
48061,43.395545,-2.8682541,ancla_actual
48062,43.2781141,-2.6355676,ancla_actual
48063,43.3459,-2.4842,ancla_actual
48064,43.3671112,-2.7895338,ancla_actual
48065,43.1825244,-2.9041266,ancla_actual
48066,43.3008454,-2.7600677,ancla_actual
48067,43.28905,-2.68937,ancla_actual
48068,43.40804,-2.69852,ancla_actual
48069,43.35461,-2.84524,ancla_actual
48070,43.3,-2.56667,ancla_actual
48071,43.3254072,-3.1297164,ancla_actual
48072,43.03333,-2.65,ancla_actual
48073,43.3196493,-2.4336053,ancla_actual
48074,43.0092756,-3.0314543,ancla_actual
48075,43.0881196,-2.8781334,ancla_actual
48076,43.393695,-2.7011036,ancla_actual
48077,43.4053,-2.94794,ancla_actual
48078,43.32099,-3.02064,ancla_actual
48079,43.31667,-2.71667,ancla_actual
48080,43.2895806,-3.0370144,ancla_actual
48081,43.26667,-2.83333,ancla_actual
48082,43.32842,-3.03248,ancla_actual
48083,43.31113,-3.05617,ancla_actual
48084,43.30975,-3.00716,ancla_actual
48085,43.37891,-2.98313,ancla_actual
48086,43.26239,-3.15505,ancla_actual
48087,43.2805127,-3.2848718,ancla_actual
48088,43.02396,-2.68759,ancla_actual
48089,43.3667208,-2.9448212,ancla_actual
48090,43.2,-3.2,ancla_actual
48091,43.1053166,-2.5868391,ancla_actual
48092,43.21667,-2.8,ancla_actual
48093,43.11667,-2.76667,ancla_actual
48094,43.16667,-2.76667,ancla_actual
48095,43.16667,-2.53333,ancla_actual
48096,43.23333,-3.13333,ancla_actual
48097,43.21667,-2.86667,ancla_actual
48901,43.30544,-2.88116,ancla_actual
48902,43.30438,-2.97352,ancla_actual
48903,43.31667,-2.93333,ancla_actual
48904,43.3002,-2.92442,ancla_actual
48905,43.286,-2.87,ancla_actual
48906,43.33343,-2.67504,ancla_actual
48907,43.33333,-2.65,ancla_actual
48908,43.35433,-2.68461,ancla_actual
48909,43.3229775,-2.5840218,ancla_actual
48910,43.18333,-2.63333,ancla_actual
48911,43.3000342,-2.6670908,ancla_actual
48912,43.24483,-2.98759,ancla_actual
48913,43.35,-3.08333,ancla_actual
48914,43.312409,-2.6337895,ancla_actual
48915,43.2454708,-2.5544516,ancla_actual
49002,41.62642,-5.42577,ancla_actual
49003,41.6994,-6.34647,ancla_actual
49004,42.12787,-5.92184,ancla_actual
49005,41.2237775,-5.965922,ancla_actual
49006,41.56631,-5.60406,ancla_actual
49007,41.47505,-5.91654,ancla_actual
49008,41.2595327,-6.0580771,ancla_actual
49009,41.59702,-5.85646,ancla_actual
49010,41.45641,-5.68512,ancla_actual
49011,41.94389,-5.69731,ancla_actual
49012,41.43948,-6.20827,ancla_actual
49013,41.31156,-5.58763,ancla_actual
49014,41.7099,-5.65708,ancla_actual
49015,42.1076,-5.89441,ancla_actual
49016,41.67458,-5.59955,ancla_actual
49017,42.05201,-6.4894,ancla_actual
49018,42.13042,-6.0655,ancla_actual
49019,41.93353,-5.66268,ancla_actual
49020,41.72284,-5.45182,ancla_actual
49021,42.00249,-5.67826,ancla_actual
49022,41.627,-5.63479,ancla_actual
49023,41.36648,-6.11223,ancla_actual
49024,41.34441,-5.40995,ancla_actual
49025,41.87917,-5.73902,ancla_actual
49026,41.8843,-5.75473,ancla_actual
49027,42.06162,-6.04791,ancla_actual
49028,42.03794,-5.87326,ancla_actual
49029,41.9213,-5.78244,ancla_actual
49030,41.6746,-5.46158,ancla_actual
49031,41.33333,-5.78333,ancla_actual
49032,41.97899,-6.08243,ancla_actual
49033,41.99471,-6.02657,ancla_actual
49034,41.16654,-5.36828,ancla_actual
49035,41.76955,-5.50199,ancla_actual
49036,41.65347,-5.99706,ancla_actual
49037,41.22975,-6.14901,ancla_actual
49038,41.37429,-5.74648,ancla_actual
49039,41.4387,-5.67547,ancla_actual
49040,41.23043,-5.3255,ancla_actual
49041,41.99099,-5.60301,ancla_actual
49042,41.72046,-5.54315,ancla_actual
49043,41.97049,-5.31434,ancla_actual
49044,41.41583,-5.70454,ancla_actual
49046,41.90017,-5.48605,ancla_actual
49047,41.68384,-5.65303,ancla_actual
49048,42.02083,-6.41701,ancla_actual
49050,42.07323,-6.70053,ancla_actual
49052,42.11546,-5.81316,ancla_actual
49053,41.54794,-5.62252,ancla_actual
49054,41.358,-5.72479,ancla_actual
49055,41.8121482,-5.3119085,ancla_actual
49056,41.57436,-5.7392,ancla_actual
49057,42.1249,-6.16342,ancla_actual
49058,41.25575,-5.71052,ancla_actual
49059,41.30738,-5.65769,ancla_actual
49061,41.43006,-5.75556,ancla_actual
49062,42.11618,-6.39419,ancla_actual
49063,41.83469,-5.88883,ancla_actual
49064,41.41667,-6.26667,ancla_actual
49065,41.31738,-6.39584,ancla_actual
49066,41.89651,-6.07904,ancla_actual
49067,41.89878,-6.19461,ancla_actual
49068,41.76673,-6.07215,ancla_actual
49069,41.86867,-6.44454,ancla_actual
49071,41.63493,-6.14081,ancla_actual
49075,42.0831,-5.76969,ancla_actual
49076,41.52926,-5.56658,ancla_actual
49077,41.31848,-5.97129,ancla_actual
49078,41.91214,-5.84153,ancla_actual
49079,42.11011,-5.99622,ancla_actual
49080,41.25144,-5.38325,ancla_actual
49081,41.23043,-5.49722,ancla_actual
49082,42.00377,-5.54532,ancla_actual
49083,41.63077,-5.47252,ancla_actual
49084,41.32627,-5.62798,ancla_actual
49085,42.1044,-6.66252,ancla_actual
49086,41.59985,-5.58117,ancla_actual
49087,41.73497,-6.17435,ancla_actual
49088,41.4669,-6.17621,ancla_actual
49090,41.41855,-5.64906,ancla_actual
49091,41.81026,-5.73893,ancla_actual
49092,42.05209,-5.92777,ancla_actual
49093,41.28985,-5.44224,ancla_actual
49094,41.96898,-6.89616,ancla_actual
49095,41.55241,-5.79885,ancla_actual
49096,41.39196,-5.66411,ancla_actual
49097,42.14861,-6.29594,ancla_actual
49098,41.68084,-6.07986,ancla_actual
49099,41.71092,-6.04059,ancla_actual
49100,42.03569,-6.90541,ancla_actual
49101,41.4403,-6.13338,ancla_actual
49102,41.28177,-5.62312,ancla_actual
49103,41.47967,-5.60459,ancla_actual
49104,41.86917,-6.37784,ancla_actual
49105,42.11283,-5.78475,ancla_actual
49107,41.65467,-5.48657,ancla_actual
49108,41.75085,-5.71048,ancla_actual
49109,42.03563,-5.74694,ancla_actual
49110,41.99217,-6.44012,ancla_actual
49111,41.63501,-5.94671,ancla_actual
49112,42.05428,-6.38288,ancla_actual
49113,42.10499,-5.64156,ancla_actual
49114,41.57935,-5.5003,ancla_actual
49115,41.2508,-5.79767,ancla_actual
49116,41.96618,-6.0139,ancla_actual
49117,41.98886,-5.87133,ancla_actual
49118,41.92339,-5.73309,ancla_actual
49119,41.58269,-5.66046,ancla_actual
49120,42.08166,-6.18723,ancla_actual
49121,42.02283,-6.33027,ancla_actual
49122,41.55468,-5.70795,ancla_actual
49123,41.64724,-5.80402,ancla_actual
49124,41.47019,-6.1006,ancla_actual
49125,41.46385,-5.65631,ancla_actual
49126,41.16916,-6.00369,ancla_actual
49127,41.44736,-5.7307,ancla_actual
49128,42.0594315,-5.7850837,ancla_actual
49129,41.53737,-5.30642,ancla_actual
49130,41.93643,-5.89255,ancla_actual
49131,41.49001,-6.1367,ancla_actual
49132,41.63118,-5.70614,ancla_actual
49133,41.79588,-5.86849,ancla_actual
49134,42.12843,-6.33719,ancla_actual
49135,41.52098,-5.97032,ancla_actual
49136,41.38779,-6.19777,ancla_actual
49137,41.95319,-5.81781,ancla_actual
49138,41.73179,-5.96791,ancla_actual
49139,41.93868,-6.15024,ancla_actual
49141,41.71551,-5.69351,ancla_actual
49142,41.60242,-5.87773,ancla_actual
49143,42.05901,-6.52362,ancla_actual
49145,42.02476,-6.69556,ancla_actual
49146,41.334,-5.46711,ancla_actual
49147,41.48175,-5.48304,ancla_actual
49148,41.3926,-5.68966,ancla_actual
49149,41.28662,-5.86755,ancla_actual
49150,42.07297,-6.27489,ancla_actual
49151,41.41267,-5.75277,ancla_actual
49152,41.4165,-5.87812,ancla_actual
49153,41.7254,-5.87636,ancla_actual
49154,42.08333,-7.0,ancla_actual
49155,41.68089,-5.72886,ancla_actual
49156,41.62783,-5.36414,ancla_actual
49157,41.5850537,-6.1198659,ancla_actual
49158,41.3532,-5.58841,ancla_actual
49159,42.10257,-5.73333,ancla_actual
49160,41.70009,-5.54189,ancla_actual
49162,42.16737,-6.89934,ancla_actual
49163,41.5973,-5.4366,ancla_actual
49164,41.78502,-5.89455,ancla_actual
49165,41.92077,-5.42027,ancla_actual
49166,42.05401,-6.6335,ancla_actual
49167,41.91843,-5.89975,ancla_actual
49168,41.86812,-5.34928,ancla_actual
49170,42.0329,-5.84866,ancla_actual
49171,42.01762,-5.82947,ancla_actual
49172,41.74287,-6.27674,ancla_actual
49173,41.7443,-6.43302,ancla_actual
49174,42.03044,-6.74227,ancla_actual
49175,41.88982,-5.56871,ancla_actual
49176,41.81724,-6.17741,ancla_actual
49177,42.00489,-6.22789,ancla_actual
49178,41.5517,-5.77211,ancla_actual
49179,42.08246,-6.59414,ancla_actual
49180,41.2706535,-6.1745911,ancla_actual
49181,42.1381305,-6.518948,ancla_actual
49183,41.26996,-6.21875,ancla_actual
49184,41.6728,-6.16415,ancla_actual
49185,41.88613,-5.59351,ancla_actual
49186,41.70632,-5.75605,ancla_actual
49187,42.04575,-5.63468,ancla_actual
49188,41.93717,-5.55158,ancla_actual
49189,42.13321,-6.62388,ancla_actual
49190,41.81414,-5.47249,ancla_actual
49191,41.33301,-5.57689,ancla_actual
49192,42.0346781,-5.5011551,ancla_actual
49193,42.04334,-6.07242,ancla_actual
49194,41.5854534,-5.935909,ancla_actual
49197,41.33877,-5.67692,ancla_actual
49199,41.95833,-5.68389,ancla_actual
49200,41.99985,-5.71355,ancla_actual
49201,41.98334,-5.97725,ancla_actual
49202,41.67808,-5.89831,ancla_actual
49203,42.08497,-5.80851,ancla_actual
49204,41.93479,-5.9356,ancla_actual
49205,41.98563,-5.92257,ancla_actual
49206,42.07362,-6.01549,ancla_actual
49207,41.87857,-5.71003,ancla_actual
49208,41.80696,-6.24993,ancla_actual
49209,41.7774,-6.34877,ancla_actual
49210,41.43235,-5.5671,ancla_actual
49214,41.82458,-5.9642,ancla_actual
49216,41.85741,-5.49623,ancla_actual
49219,41.52417,-5.39534,ancla_actual
49220,42.09056,-5.72366,ancla_actual
49221,41.487,-6.18335,ancla_actual
49222,41.61701,-5.67173,ancla_actual
49223,41.74793,-6.49094,ancla_actual
49224,42.12165,-6.65407,ancla_actual
49225,42.08662,-6.14475,ancla_actual
49226,41.28242,-5.353,ancla_actual
49227,41.54863,-5.74916,ancla_actual
49228,41.45172,-5.45232,ancla_actual
49229,42.02233,-5.50998,ancla_actual
49230,41.13532,-5.32611,ancla_actual
49231,41.99759,-6.125,ancla_actual
49232,41.97057,-5.46324,ancla_actual
49233,41.70026,-6.10675,ancla_actual
49234,41.38957,-5.53596,ancla_actual
49235,41.6548,-5.36609,ancla_actual
49236,41.91011,-5.57424,ancla_actual
49237,41.61299,-6.04056,ancla_actual
49238,42.05394,-5.72748,ancla_actual
49239,41.38074,-5.40787,ancla_actual
49240,41.547,-6.13305,ancla_actual
49241,41.20617,-5.46406,ancla_actual
49242,41.84692,-5.61527,ancla_actual
49243,42.0983,-5.85802,ancla_actual
49244,42.11884,-5.95554,ancla_actual
49245,41.49414,-5.5891,ancla_actual
49246,41.74327,-5.64094,ancla_actual
49247,41.52229,-6.04801,ancla_actual
49248,41.94567,-5.47517,ancla_actual
49249,41.59767,-5.29769,ancla_actual
49250,41.86517,-5.41231,ancla_actual
49251,41.61005,-5.54545,ancla_actual
49252,41.8987,-5.35963,ancla_actual
49255,41.25244,-5.57485,ancla_actual
49256,41.97398,-5.78043,ancla_actual
49257,41.97607,-5.664,ancla_actual
49258,41.35447,-5.7702,ancla_actual
49259,41.93478,-5.97942,ancla_actual
49260,41.98492,-5.4066,ancla_actual
49261,41.49224,-5.68359,ancla_actual
49262,41.94206,-6.28647,ancla_actual
49263,41.92503,-5.34039,ancla_actual
49264,41.33024,-6.18935,ancla_actual
49265,41.53543,-6.18327,ancla_actual
49266,41.8195,-5.46439,ancla_actual
49267,41.58483,-5.37707,ancla_actual
49268,41.79522,-5.63898,ancla_actual
49269,41.4748066,-5.9912124,ancla_actual
49270,41.57812,-5.34287,ancla_actual
49271,41.91922,-5.67871,ancla_actual
49272,41.94516,-5.84849,ancla_actual
49273,41.7733,-6.47117,ancla_actual
49275,41.50633,-5.74456,ancla_actual
50001,41.13751,-1.69818,ancla_actual
50002,41.1708,-1.604,ancla_actual
50003,41.85574,-1.45233,ancla_actual
50004,41.33901,-1.27055,ancla_actual
50005,41.29467,-1.04634,ancla_actual
50006,41.81644,-1.51995,ancla_actual
50007,41.24917,-1.15591,ancla_actual
50008,41.76964,-1.11906,ancla_actual
50009,41.20482,-1.61335,ancla_actual
50010,41.82009,-1.47063,ancla_actual
50011,41.82636,-1.49936,ancla_actual
50012,41.33367,-0.35675,ancla_actual
50013,41.81495,-1.19429,ancla_actual
50014,41.7861,-1.69544,ancla_actual
50015,41.20428,-2.12191,ancla_actual
50016,41.0641,-1.70107,ancla_actual
50017,41.614,-0.7037,ancla_actual
50018,41.43919,-1.24458,ancla_actual
50019,41.32942,-0.38525,ancla_actual
50020,41.29657,-1.89358,ancla_actual
50021,41.27992,-0.55067,ancla_actual
50022,41.55339,-0.21152,ancla_actual
50023,41.28067,-0.79266,ancla_actual
50024,41.39754,-1.32394,ancla_actual
50025,41.4767,-1.37451,ancla_actual
50026,41.42253,-1.38061,ancla_actual
50027,41.79472,-1.6152,ancla_actual
50028,41.06958,-1.33375,ancla_actual
50029,41.44481,-1.70434,ancla_actual
50030,41.7587633,-1.7527589,ancla_actual
50031,41.57749,-1.79171,ancla_actual
50032,41.50872,-1.50074,ancla_actual
50033,42.194506,-0.7829391,ancla_actual
50034,41.31442,-2.05332,ancla_actual
50035,42.58538,-0.98422,ancla_actual
50036,42.28314,-1.04657,ancla_actual
50037,41.16059,-1.55533,ancla_actual
50038,41.33092,-1.79353,ancla_actual
50039,41.25822,-0.87078,ancla_actual
50040,41.13901,-1.25366,ancla_actual
50041,42.54935,-0.94577,ancla_actual
50042,41.08737,-1.45998,ancla_actual
50043,41.70898,-1.18594,ancla_actual
50044,41.68423,-1.21183,ancla_actual
50045,41.306,-0.754,ancla_actual
50046,41.3283785,-1.4991821,ancla_actual
50047,41.56133,-1.94431,ancla_actual
50048,40.9806662,-1.4743525,ancla_actual
50050,41.54083,-1.92039,ancla_actual
50051,42.26214,-1.18735,ancla_actual
50052,41.85607,-1.44268,ancla_actual
50053,41.84804,-1.25246,ancla_actual
50054,41.41667,-2.06667,ancla_actual
50055,41.83412,-1.53271,ancla_actual
50057,41.52387,-1.60261,ancla_actual
50058,41.31482,-1.85386,ancla_actual
50059,41.49806,-0.1529,ancla_actual
50060,41.8197,-1.60238,ancla_actual
50061,41.81572,-1.48819,ancla_actual
50062,41.57157,-0.74128,ancla_actual
50063,41.88565,-1.60168,ancla_actual
50064,41.7960981,-1.1668994,ancla_actual
50065,41.21053,-2.04133,ancla_actual
50066,41.55575,-0.96013,ancla_actual
50067,41.35353,-1.64318,ancla_actual
50068,41.52228,-1.34702,ancla_actual
50069,41.65515,-1.71764,ancla_actual
50070,41.1581,-1.91196,ancla_actual
50071,41.12648,-1.84393,ancla_actual
50072,41.27755,-1.79754,ancla_actual
50073,41.33733,-1.22444,ancla_actual
50074,41.23402,-0.03945,ancla_actual
50075,41.18365,-1.63612,ancla_actual
50076,41.30976,-1.81084,ancla_actual
50077,41.98204,-0.99393,ancla_actual
50078,42.37662,-1.27326,ancla_actual
50079,41.43301,-1.73568,ancla_actual
50080,41.21567,-1.21525,ancla_actual
50081,41.29208,-1.96281,ancla_actual
50082,41.10118,-1.77352,ancla_actual
50083,41.33966,-0.37116,ancla_actual
50084,41.52957,-1.83773,ancla_actual
50085,41.3403139,-0.6813817,ancla_actual
50086,41.29266,-1.37425,ancla_actual
50087,41.30535,-1.91731,ancla_actual
50088,41.36559,-1.29867,ancla_actual
50089,41.59466,-0.93268,ancla_actual
50090,41.09604,-1.63729,ancla_actual
50091,40.96007,-1.55062,ancla_actual
50092,41.26317,-0.12741,ancla_actual
50093,41.48696,-1.48012,ancla_actual
50094,41.11475,-1.41492,ancla_actual
50095,42.12632,-1.13716,ancla_actual
50096,41.3783,-1.97373,ancla_actual
50098,41.28516,-1.27516,ancla_actual
50099,41.60045,-1.28007,ancla_actual
50100,42.11732,-0.95019,ancla_actual
50101,41.29149,-0.32308,ancla_actual
50102,41.1775,0.16908,ancla_actual
50104,41.68122,-0.50678,ancla_actual
50105,41.23851,0.33302,ancla_actual
50106,41.87849,-1.78218,ancla_actual
50107,41.76651,-1.17473,ancla_actual
50108,41.14442,-1.19266,ancla_actual
50109,42.27371,-0.93211,ancla_actual
50110,41.414,-1.49577,ancla_actual
50111,41.88333,-1.45,ancla_actual
50113,41.7605,-1.47213,ancla_actual
50114,41.34245,-0.95988,ancla_actual
50115,41.5125,-0.63159,ancla_actual
50116,41.22859,-1.53616,ancla_actual
50117,40.99624,-1.50774,ancla_actual
50118,41.8683,-1.31577,ancla_actual
50119,41.40766,-0.46158,ancla_actual
50120,41.26838,-1.8641,ancla_actual
50121,41.54583,-1.64915,ancla_actual
50122,41.87109,-1.72794,ancla_actual
50123,41.74524,-1.1626,ancla_actual
50124,41.21024,-1.08271,ancla_actual
50125,41.21667,-1.83333,ancla_actual
50126,41.53818,-1.62747,ancla_actual
50128,42.48729,-1.054,ancla_actual
50129,41.19083,-1.8844,ancla_actual
50130,41.55613,-1.67563,ancla_actual
50131,41.45198,-0.99256,ancla_actual
50132,41.74449,-1.07463,ancla_actual
50133,41.2397,-0.80487,ancla_actual
50134,41.212,-1.3985,ancla_actual
50135,42.29546,-1.24483,ancla_actual
50136,41.20491,-0.71133,ancla_actual
50137,41.79868,-0.61174,ancla_actual
50138,41.08633,-1.28483,ancla_actual
50139,41.25512,-0.80269,ancla_actual
50140,41.81407,-1.75276,ancla_actual
50141,41.83533,-1.76196,ancla_actual
50142,42.47848,-1.02208,ancla_actual
50143,41.40308,-1.16876,ancla_actual
50144,42.48092,-0.9342,ancla_actual
50146,41.55301,-1.31305,ancla_actual
50147,41.82857,-1.23889,ancla_actual
50148,42.36974,-1.02421,ancla_actual
50149,41.16583,-1.14575,ancla_actual
50150,41.62953,-1.30156,ancla_actual
50151,42.1676,-0.93292,ancla_actual
50152,41.12251,0.13926,ancla_actual
50153,41.83248,-1.45979,ancla_actual
50154,41.19275,-1.30292,ancla_actual
50155,41.56856,-1.87481,ancla_actual
50156,41.82762,-1.54906,ancla_actual
50157,41.95235,-1.67199,ancla_actual
50159,41.28772,-1.61603,ancla_actual
50160,41.90064,-1.41994,ancla_actual
50161,41.15,-1.46667,ancla_actual
50162,41.2895,-1.51842,ancla_actual
50163,41.5388,-0.99615,ancla_actual
50164,41.4495141,-0.7294657,ancla_actual
50165,41.3389267,0.2300921,ancla_actual
50166,41.55119,-1.53858,ancla_actual
50167,41.42581,-1.08276,ancla_actual
50168,42.58544,-0.95478,ancla_actual
50169,41.245225,-1.459709,ancla_actual
50170,41.63856,-0.4157,ancla_actual
50171,41.12817,-0.83591,ancla_actual
50172,41.29165,-2.10493,ancla_actual
50173,41.17434,-1.73505,ancla_actual
50174,41.20667,-1.5155,ancla_actual
50175,41.47348,-1.47628,ancla_actual
50176,41.24797,-1.58665,ancla_actual
50177,41.47326,-1.56491,ancla_actual
50178,41.39775,-1.82839,ancla_actual
50179,41.12792,-0.92225,ancla_actual
50180,41.4841,-1.06807,ancla_actual
50181,41.46633,-1.08503,ancla_actual
50182,41.58014,-1.11719,ancla_actual
50183,41.25203,-1.70557,ancla_actual
50184,41.15967,-1.48275,ancla_actual
50185,42.3273058,-0.7592939,ancla_actual
50186,42.51255,-1.14822,ancla_actual
50187,41.53621,-1.5245,ancla_actual
50188,41.1073,-1.35904,ancla_actual
50189,41.20881,0.24775,ancla_actual
50190,41.95,-1.7,ancla_actual
50191,41.93334,-1.39412,ancla_actual
50192,41.21185,-1.78954,ancla_actual
50193,41.5819918,-0.6853816,ancla_actual
50194,41.23965,-1.64647,ancla_actual
50195,41.10975,-1.48933,ancla_actual
50196,41.29842,-1.47849,ancla_actual
50197,42.27765,-1.0015,ancla_actual
50198,41.59564,-1.70026,ancla_actual
50199,41.53345,-0.57922,ancla_actual
50200,41.284,-1.21224,ancla_actual
50201,41.31378,-1.64029,ancla_actual
50202,41.42273,-1.56245,ancla_actual
50203,41.6048018,-0.7667508,ancla_actual
50204,41.79102,-1.21357,ancla_actual
50205,42.03813,-0.87631,ancla_actual
50206,41.75458,-0.63148,ancla_actual
50207,42.12124,-0.80373,ancla_actual
50208,41.48846,-0.5312,ancla_actual
50209,41.73657,-1.10041,ancla_actual
50210,42.5493496,-1.0296666,ancla_actual
50211,41.68154,-1.22996,ancla_actual
50212,41.71135,-1.20251,ancla_actual
50213,41.11209,-0.96442,ancla_actual
50214,41.63765,-1.84104,ancla_actual
50215,41.35,-2.15,ancla_actual
50216,41.7643,-1.42305,ancla_actual
50217,41.86111,-1.26325,ancla_actual
50218,41.38517,-0.85558,ancla_actual
50219,41.6351807,-0.7478291,ancla_actual
50220,42.15252,-0.7577,ancla_actual
50221,41.68259,-1.76519,ancla_actual
50222,41.42378,-0.49592,ancla_actual
50223,41.83946,-1.17768,ancla_actual
50224,41.1435,-1.38376,ancla_actual
50225,41.5058,-1.40468,ancla_actual
50227,41.12636,-1.27502,ancla_actual
50228,41.63362,-1.2744,ancla_actual
50229,41.2835,-1.48142,ancla_actual
50230,42.2818,-1.26951,ancla_actual
50231,41.56789,-1.32344,ancla_actual
50232,42.67002,-1.00475,ancla_actual
50233,41.23458,-0.8251,ancla_actual
50234,41.8350663,-1.7920779,ancla_actual
50235,41.83043,-0.76578,ancla_actual
50236,41.3705,-1.43009,ancla_actual
50237,41.8824,-1.75637,ancla_actual
50238,42.287,-0.76065,ancla_actual
50239,41.03172,-1.51028,ancla_actual
50240,41.32166,-0.35075,ancla_actual
50241,41.4491163,-1.5587011,ancla_actual
50242,41.34613,-1.53177,ancla_actual
50243,41.48595,-1.59501,ancla_actual
50244,42.04818,-0.91025,ancla_actual
50245,42.6303,-1.01212,ancla_actual
50246,41.17124,-2.00386,ancla_actual
50247,41.73875,-1.03765,ancla_actual
50248,42.49686,-1.21514,ancla_actual
50249,41.695,-1.54335,ancla_actual
50250,41.73051,-1.67857,ancla_actual
50251,41.90475,-1.72678,ancla_actual
50252,41.91804,-1.25343,ancla_actual
50253,41.32811,-1.71329,ancla_actual
50254,41.6120917,-1.5880521,ancla_actual
50255,41.33866,-1.39975,ancla_actual
50256,41.03622,-1.66046,ancla_actual
50257,41.41803,-1.68429,ancla_actual
50258,41.21009,-1.338,ancla_actual
50259,41.23767,-2.128,ancla_actual
50260,41.58133,-1.95181,ancla_actual
50261,41.89444,-1.77139,ancla_actual
50262,41.75797,-1.0655,ancla_actual
50263,41.47304,-1.87441,ancla_actual
50264,41.31542,-1.07292,ancla_actual
50265,41.82599,-1.72279,ancla_actual
50266,41.64308,-1.64192,ancla_actual
50267,42.35963,-1.12842,ancla_actual
50268,42.56572,-1.16944,ancla_actual
50269,41.66715,-1.2342,ancla_actual
50270,42.51943,-1.13022,ancla_actual
50271,41.05554,-1.55954,ancla_actual
50272,41.70826,-0.99916,ancla_actual
50273,41.07275,-1.42376,ancla_actual
50274,41.05787,-1.44934,ancla_actual
50275,41.44351,-0.88482,ancla_actual
50276,42.15821,-0.85481,ancla_actual
50277,41.29855,-1.7408,ancla_actual
50278,41.37416,-0.43483,ancla_actual
50279,41.27509,-1.60396,ancla_actual
50280,41.824,-1.68799,ancla_actual
50281,41.92708,-1.68123,ancla_actual
50282,41.27266,-1.72609,ancla_actual
50283,41.16234,-1.288,ancla_actual
50284,41.19509,-1.50983,ancla_actual
50285,41.57473,-0.65039,ancla_actual
50286,41.32742,-1.54833,ancla_actual
50287,41.43548,-1.84125,ancla_actual
50288,41.76917,-0.8235,ancla_actual
50289,41.07625,-1.3896,ancla_actual
50290,41.3594882,-1.0260542,ancla_actual
50291,41.15949,-1.04199,ancla_actual
50292,41.19034,-1.28983,ancla_actual
50293,41.46346,-1.7835,ancla_actual
50294,41.14309,-1.32416,ancla_actual
50295,41.2185,-1.15358,ancla_actual
50296,41.32757,-0.42909,ancla_actual
50297,41.65606,-0.87734,ancla_actual
50298,41.86775,-0.78984,ancla_actual
50901,42.38763,-0.94154,ancla_actual
50902,42.08826,-0.77587,ancla_actual
50903,41.68584,-0.7723,ancla_actual
51001,35.88919,-5.32042,ancla_actual
52001,35.29369,-2.93833,ancla_actual
01014,42.686978,-2.8332586,geo_point_2d
01004,43.1297086,-3.1414675,geo_point_2d
01059,42.8503137,-2.6878723,geo_point_2d
01054,42.96625,-2.9208979,geo_point_2d
01052,42.5705897,-2.6735292,geo_point_2d
01006,42.7141142,-2.8733878,geo_point_2d
01041,42.5397089,-2.6314286,geo_point_2d
01016,42.6939964,-2.523656,geo_point_2d
01053,42.8789622,-2.3928891,geo_point_2d
01062,42.6572948,-2.8221566,geo_point_2d
01031,42.5486152,-2.57377,geo_point_2d
01028,42.6054983,-2.8086479,geo_point_2d
01027,42.822721,-2.4761857,geo_point_2d
01030,42.6212381,-2.6083834,geo_point_2d
01002,43.0256559,-2.9718928,geo_point_2d
01057,42.5413207,-2.661427,geo_point_2d
01022,42.507301,-2.6248706,geo_point_2d
01058,42.9829074,-2.6477835,geo_point_2d
01061,42.9002612,-2.3439046,geo_point_2d
01055,42.864068,-3.1283281,geo_point_2d
01034,42.5712383,-2.6374561,geo_point_2d
01039,42.5274316,-2.4150374,geo_point_2d
01033,42.4946852,-2.5702709,geo_point_2d
01019,42.5951914,-2.5145122,geo_point_2d
02047,38.7226954,-2.3137558,geo_point_2d
02018,38.8880488,-1.3085599,geo_point_2d
02084,38.4623987,-2.5176297,geo_point_2d
02028,38.422891,-2.5011693,geo_point_2d
02066,39.1483895,-1.4568392,geo_point_2d
02023,39.2491319,-1.3008365,geo_point_2d
02044,38.5447617,-1.9362348,geo_point_2d
02054,39.2836797,-1.7266173,geo_point_2d
02012,38.8869785,-2.1376181,geo_point_2d
02036,39.2365769,-1.6359398,geo_point_2d
02014,38.8444241,-2.4757597,geo_point_2d
02086,38.3382908,-2.3480927,geo_point_2d
02027,38.8112327,-1.440529,geo_point_2d
02025,38.7080737,-1.0100406,geo_point_2d
02017,38.5834911,-2.2344335,geo_point_2d
02024,39.3119259,-1.458787,geo_point_2d
02001,39.2145443,-1.5390068,geo_point_2d
02057,38.9688184,-2.7653173,geo_point_2d
02009,38.8410468,-1.0902526,geo_point_2d
02039,38.9663776,-1.4290404,geo_point_2d
02019,38.9404261,-2.5836188,geo_point_2d
02020,39.1062044,-1.2881944,geo_point_2d
02077,39.1942911,-1.2482142,geo_point_2d
02053,39.0859758,-2.4507915,geo_point_2d
02080,38.5794515,-2.6408717,geo_point_2d
02038,38.9447351,-2.1031276,geo_point_2d
02006,38.6624803,-2.0566745,geo_point_2d
02075,39.1213767,-1.6674072,geo_point_2d
02058,38.5876804,-2.343615,geo_point_2d
02070,38.575419,-2.5474937,geo_point_2d
02022,38.7557838,-2.2289832,geo_point_2d
02072,38.3392305,-1.9087154,geo_point_2d
02074,38.6203122,-1.6639699,geo_point_2d
02033,38.7084794,-1.4579582,geo_point_2d
02067,38.4815892,-2.4238746,geo_point_2d
02065,38.8143445,-2.0871443,geo_point_2d
02049,38.4918768,-2.2917184,geo_point_2d
02064,39.0592592,-1.4822505,geo_point_2d
02031,38.3865866,-1.9462032,geo_point_2d
02069,39.1725967,-2.1979283,geo_point_2d
02010,38.9886953,-1.2735501,geo_point_2d
02011,38.5650795,-2.1049712,geo_point_2d
02045,39.2337178,-1.8143274,geo_point_2d
02042,38.3192916,-2.1308237,geo_point_2d
02005,39.2917357,-1.3859454,geo_point_2d
02076,38.5810612,-2.5066014,geo_point_2d
02052,39.1703038,-1.7767275,geo_point_2d
02016,38.5301027,-2.647611,geo_point_2d
02073,39.238975,-1.9366393,geo_point_2d
02003,38.9559789,-1.8915619,geo_point_2d
02051,38.7640569,-1.307266,geo_point_2d
02043,38.9523363,-2.3082126,geo_point_2d
02008,38.7189178,-2.5308051,geo_point_2d
02026,39.2981965,-1.6605207,geo_point_2d
02013,39.2623268,-1.2099088,geo_point_2d
02004,38.5761105,-1.5158727,geo_point_2d
02034,39.2497806,-1.5678809,geo_point_2d
02040,38.9608735,-1.562489,geo_point_2d
02007,39.1857149,-1.4028061,geo_point_2d
02041,39.1603484,-1.5456522,geo_point_2d
02079,39.3589699,-1.5501963,geo_point_2d
02061,38.7939028,-1.5255999,geo_point_2d
02050,39.1706479,-2.0317289,geo_point_2d
02062,38.7053453,-2.6190304,geo_point_2d
02037,38.461899,-1.6730794,geo_point_2d
02021,39.097268,-1.5748818,geo_point_2d
02048,39.221278,-2.3154243,geo_point_2d
02035,39.1111262,-1.9977259,geo_point_2d
02060,38.7373463,-2.0280008,geo_point_2d
02032,39.2404996,-2.06865,geo_point_2d
02030,38.454634,-2.0956429,geo_point_2d
02056,38.6221011,-1.4901078,geo_point_2d
02046,39.2048051,-1.7165267,geo_point_2d
02081,39.1936624,-2.6100864,geo_point_2d
02015,39.0330241,-2.2048634,geo_point_2d
02068,38.776488,-2.4299399,geo_point_2d
02059,38.6693988,-2.3288731,geo_point_2d
02071,38.7897451,-2.1850368,geo_point_2d
02063,38.7119951,-1.9133717,geo_point_2d
02085,38.8002769,-2.5747772,geo_point_2d
02055,38.1432093,-2.3605705,geo_point_2d
02002,39.0797094,-1.370423,geo_point_2d
02083,39.1178394,-1.4682428,geo_point_2d
02029,38.875934,-1.6363208,geo_point_2d
03118,38.1250969,-0.6927226,geo_point_2d
03133,38.0003935,-0.7046973,geo_point_2d
03128,38.7119056,0.1144406,geo_point_2d
03096,38.6333553,-0.6609971,geo_point_2d
03903,38.024698,-0.7551043,geo_point_2d
03123,38.5484562,-0.813331,geo_point_2d
03904,38.1747931,-0.8421919,geo_point_2d
03037,38.6456281,-0.2026252,geo_point_2d
03007,38.7950771,-0.4006365,geo_point_2d
03113,38.0739933,-0.718393,geo_point_2d
03074,38.1547042,-0.8946043,geo_point_2d
03125,38.7344378,0.0442874,geo_point_2d
03057,38.6792122,-0.2766354,geo_point_2d
03043,38.6445319,-0.7479472,geo_point_2d
03036,38.7563595,-0.3799616,geo_point_2d
03107,38.6207726,-0.1524333,geo_point_2d
03011,38.5783303,-0.0887095,geo_point_2d
03039,38.7538476,-0.298751,geo_point_2d
03006,38.7558832,-0.0309911,geo_point_2d
03124,38.617886,-0.2788337,geo_point_2d
03069,38.5741811,-0.2033908,geo_point_2d
03114,38.3551615,-0.9078528,geo_point_2d
03088,38.3849921,-0.6950042,geo_point_2d
03078,38.268956,-0.9322342,geo_point_2d
03038,38.7753346,-0.3915509,geo_point_2d
03101,38.7934611,0.0314695,geo_point_2d
03010,38.7808723,-0.5637424,geo_point_2d
03139,38.5211904,-0.251488,geo_point_2d
03004,38.5100667,-0.3633295,geo_point_2d
03020,38.7441412,-0.3332054,geo_point_2d
03112,38.5713338,-0.3395396,geo_point_2d
03064,38.1388935,-0.7549227,geo_point_2d
03076,38.0803239,-0.6683964,geo_point_2d
03053,38.567969,-0.6706121,geo_point_2d
03023,38.7221739,-0.7605996,geo_point_2d
03034,38.0749212,-0.7408661,geo_point_2d
03103,38.658153,-0.3735025,geo_point_2d
03130,38.7627051,-0.2473927,geo_point_2d
03027,38.6960453,-0.2142813,geo_point_2d
03106,38.7922854,-0.3315845,geo_point_2d
03129,38.5214789,-0.5943199,geo_point_2d
03068,38.7305851,-0.2405913,geo_point_2d
03044,38.0602115,-0.8954078,geo_point_2d
03002,38.4423194,-0.6416514,geo_point_2d
03033,38.6602799,-0.2412531,geo_point_2d
03009,38.6822796,-0.5165807,geo_point_2d
03046,38.5009454,-0.4184763,geo_point_2d
03040,38.8291918,-0.0357844,geo_point_2d
03030,38.7922911,-0.0270073,geo_point_2d
03058,38.1437736,-0.8999429,geo_point_2d
03018,38.6253396,-0.0472396,geo_point_2d
03136,38.829608,-0.2321318,geo_point_2d
03016,38.7641794,-0.3578221,geo_point_2d
03005,38.2159439,-0.891871,geo_point_2d
03080,38.0479284,-0.8517192,geo_point_2d
03119,38.4045898,-0.4284778,geo_point_2d
03902,37.8998699,-0.8295747,geo_point_2d
03085,38.7294923,0.0080928,geo_point_2d
03012,38.0640559,-0.7866823,geo_point_2d
03067,38.7315629,-0.2743586,geo_point_2d
03135,38.8004771,-0.1704184,geo_point_2d
03001,38.8590315,-0.1687323,geo_point_2d
03050,38.4621453,-0.3729383,geo_point_2d
03111,38.1223308,-0.9215076,geo_point_2d
03054,38.7350248,-0.1870674,geo_point_2d
03097,38.7850817,-0.0661658,geo_point_2d
03035,38.7056836,-0.3956959,geo_point_2d
03091,38.7658938,-0.0770109,geo_point_2d
03093,38.3942616,-0.7861292,geo_point_2d
03013,38.3435687,-1.0041024,geo_point_2d
03041,38.6922998,0.0378943,geo_point_2d
03015,38.0721385,-0.7914978,geo_point_2d
03117,38.8156878,-0.0288579,geo_point_2d
03031,38.5548969,-0.1288872,geo_point_2d
03127,38.7071833,-0.0965784,geo_point_2d
03052,38.685559,-0.821741,geo_point_2d
03049,38.1341478,-0.8710927,geo_point_2d
03061,38.1098414,-0.7629147,geo_point_2d
03079,38.6248704,-0.5629859,geo_point_2d
03094,38.6011117,-0.1202399,geo_point_2d
03116,38.507813,-0.9104737,geo_point_2d
03003,38.7869146,-0.5119314,geo_point_2d
03086,38.7403512,-0.3784322,geo_point_2d
03045,38.6848703,-0.1212634,geo_point_2d
03102,38.8436672,-0.099964,geo_point_2d
03095,38.8269777,0.0150746,geo_point_2d
03014,38.3822222,-0.5375621,geo_point_2d
03066,38.474938,-0.8208411,geo_point_2d
03121,38.2035087,-0.5773037,geo_point_2d
03140,38.633954,-0.9139065,geo_point_2d
03099,38.0672017,-0.9093755,geo_point_2d
03055,38.1523458,-0.7975773,geo_point_2d
03120,37.9748501,-0.8031119,geo_point_2d
03062,38.1057467,-0.7350622,geo_point_2d
03115,38.8181311,-0.0668361,geo_point_2d
03032,38.6549605,-0.4116663,geo_point_2d
03024,38.0736708,-0.8319496,geo_point_2d
03109,38.1061785,-0.8500154,geo_point_2d
03065,38.2472284,-0.6648036,geo_point_2d
03073,38.7221606,-0.3737772,geo_point_2d
03021,38.7054895,-0.6778754,geo_point_2d
03048,38.6533555,-0.1042851,geo_point_2d
03028,38.8256246,-0.3630892,geo_point_2d
03047,38.6526359,0.0442345,geo_point_2d
03019,38.329662,-0.7854866,geo_point_2d
03131,38.8038263,-0.0728113,geo_point_2d
03063,38.8242697,0.0796622,geo_point_2d
03090,38.4344077,-0.4749189,geo_point_2d
03100,38.7391884,-0.0738832,geo_point_2d
03025,38.1517792,-0.9831386,geo_point_2d
03071,38.768062,0.0698411,geo_point_2d
03026,38.8175545,-0.0115822,geo_point_2d
03022,38.6957376,-0.3378829,geo_point_2d
03901,38.854716,0.0177923,geo_point_2d
03056,38.7374999,-0.4468904,geo_point_2d
04068,37.1728782,-2.4880064,geo_point_2d
04028,36.9630584,-2.650441,geo_point_2d
04020,37.0551935,-2.99462,geo_point_2d
04080,37.037485,-2.5802228,geo_point_2d
04079,36.7757721,-2.6171104,geo_point_2d
04033,37.1797346,-2.4514326,geo_point_2d
04090,37.1891146,-2.2833896,geo_point_2d
04005,37.0624915,-2.6285027,geo_point_2d
04062,37.3090574,-2.2962108,geo_point_2d
04098,37.7885442,-2.1059475,geo_point_2d
04052,36.8871809,-2.4655326,geo_point_2d
04024,36.9160396,-2.4739464,geo_point_2d
04014,36.964394,-2.8021059,geo_point_2d
04016,37.2532298,-1.9532046,geo_point_2d
04002,37.1306077,-2.8261579,geo_point_2d
04026,37.2350353,-2.2261458,geo_point_2d
04012,36.949853,-2.6037415,geo_point_2d
04076,37.3789786,-2.3611871,geo_point_2d
04041,36.8756375,-2.5965113,geo_point_2d
04004,37.2849799,-2.1609157,geo_point_2d
04009,37.2338341,-2.2552458,geo_point_2d
04091,36.9480787,-2.6268802,geo_point_2d
04030,36.9914088,-2.7351979,geo_point_2d
04067,37.0615313,-2.7612098,geo_point_2d
04018,37.3567086,-2.4163078,geo_point_2d
04066,36.8902313,-2.1262124,geo_point_2d
04048,37.1598975,-1.9512667,geo_point_2d
04071,36.9646138,-2.7710229,geo_point_2d
04059,37.228431,-2.0673187,geo_point_2d
04065,37.1349537,-2.6586075,geo_point_2d
04035,37.3231376,-1.8151541,geo_point_2d
04081,36.9913286,-2.5222701,geo_point_2d
04099,37.5903558,-2.0645201,geo_point_2d
04003,36.7722267,-3.0505481,geo_point_2d
04037,37.6028521,-2.268339,geo_point_2d
04069,37.3790859,-2.3033119,geo_point_2d
04082,37.1887205,-2.3345903,geo_point_2d
04001,37.1623993,-2.7667656,geo_point_2d
04032,37.003883,-1.9398147,geo_point_2d
04060,37.0419001,-2.1542615,geo_point_2d
04096,37.3928857,-2.3489481,geo_point_2d
04097,37.1969349,-2.399367,geo_point_2d
04044,37.3655005,-2.2676089,geo_point_2d
04054,36.9819886,-2.6462456,geo_point_2d
04904,36.7768637,-2.9311757,geo_point_2d
04019,37.2519229,-2.4771243,geo_point_2d
04047,36.95595,-2.5074352,geo_point_2d
04022,37.1772972,-1.9928888,geo_point_2d
04055,36.966378,-2.686291,geo_point_2d
04095,37.1765787,-2.1868127,geo_point_2d
04092,37.4011306,-2.4906822,geo_point_2d
04023,37.0429657,-2.8086557,geo_point_2d
04056,37.2877239,-2.3438708,geo_point_2d
04073,37.0486141,-2.9492122,geo_point_2d
04029,36.8549706,-2.9641448,geo_point_2d
04093,37.106146,-1.9393821,geo_point_2d
04086,37.1001246,-2.0895464,geo_point_2d
04015,37.0248313,-2.5895759,geo_point_2d
04053,37.4285978,-1.9394276,geo_point_2d
04013,36.8756778,-2.3423022,geo_point_2d
04008,37.3136023,-2.623453,geo_point_2d
04027,37.2029336,-2.2173676,geo_point_2d
04074,36.942769,-2.400727,geo_point_2d
04061,37.4381693,-2.4418904,geo_point_2d
04087,37.3174007,-2.3807035,geo_point_2d
04006,37.4498977,-2.136029,geo_point_2d
04050,37.1498974,-2.5567713,geo_point_2d
04085,37.417315,-2.3903736,geo_point_2d
04077,37.0001813,-2.6937669,geo_point_2d
04084,37.2939866,-2.3939434,geo_point_2d
04031,37.3415245,-2.1803977,geo_point_2d
04017,37.353017,-2.0840838,geo_point_2d
04088,37.071071,-2.3629796,geo_point_2d
04078,36.9710963,-2.4400963,geo_point_2d
04034,37.2489259,-2.185446,geo_point_2d
04089,37.4801882,-2.0624496,geo_point_2d
04051,36.9477039,-2.6281738,geo_point_2d
04100,37.2251202,-1.856167,geo_point_2d
04064,37.114293,-1.8662927,geo_point_2d
04038,36.8485581,-2.8233764,geo_point_2d
04058,37.292971,-2.2305732,geo_point_2d
04010,36.9940085,-2.5606236,geo_point_2d
04049,37.1873136,-1.8314599,geo_point_2d
04101,36.8942281,-2.3989461,geo_point_2d
04036,37.2637589,-2.2719961,geo_point_2d
04011,36.9454693,-2.5751153,geo_point_2d
04045,37.1878916,-2.856736,geo_point_2d
04072,37.4108724,-2.2300442,geo_point_2d
04083,37.3419027,-2.5465288,geo_point_2d
04021,37.314391,-2.4479087,geo_point_2d
04046,36.9750525,-2.8552608,geo_point_2d
04103,37.359264,-2.0322981,geo_point_2d
04094,37.0290267,-2.2622262,geo_point_2d
04102,36.8125331,-2.6605748,geo_point_2d
04070,37.4941497,-2.2893922,geo_point_2d
04075,37.3998886,-1.728482,geo_point_2d
04007,36.9386799,-2.9903761,geo_point_2d
04063,37.7499411,-2.2396811,geo_point_2d
05048,40.955836,-4.9601376,geo_point_2d
05001,40.9432354,-4.6008812,geo_point_2d
05051,40.3542851,-5.560723,geo_point_2d
05251,40.6134933,-5.129796,geo_point_2d
05197,40.6110276,-4.8063664,geo_point_2d
05043,41.0014908,-4.9657224,geo_point_2d
05143,40.5407671,-5.0322153,geo_point_2d
05247,40.607782,-4.96562,geo_point_2d
05014,40.1731394,-5.1121124,geo_point_2d
05063,40.5509525,-5.3621963,geo_point_2d
05198,40.8879698,-5.0800045,geo_point_2d
05180,40.7931924,-4.990419,geo_point_2d
05061,40.6446787,-4.7588353,geo_point_2d
05224,40.6004105,-4.9383172,geo_point_2d
05109,41.003206,-4.8535136,geo_point_2d
05024,40.3860914,-5.6326018,geo_point_2d
05129,40.5563826,-5.4007492,geo_point_2d
05183,40.937166,-4.7841409,geo_point_2d
05136,40.7083649,-5.0362407,geo_point_2d
05108,40.4117581,-5.5656416,geo_point_2d
05239,40.5121613,-4.8647854,geo_point_2d
05237,40.7433614,-5.008958,geo_point_2d
05039,40.7578865,-4.9275626,geo_point_2d
05101,40.4042266,-4.9872751,geo_point_2d
05259,41.0421499,-4.8656268,geo_point_2d
05187,40.3211837,-4.7113474,geo_point_2d
05083,40.5860465,-4.7780566,geo_point_2d
05199,40.3917958,-5.6728544,geo_point_2d
05230,40.7876334,-4.9012938,geo_point_2d
05232,40.6301016,-4.786285,geo_point_2d
05054,40.2997184,-4.7730001,geo_point_2d
05226,40.386332,-5.4549597,geo_point_2d
05070,41.0848037,-4.8021266,geo_point_2d
05081,40.4536743,-5.1162463,geo_point_2d
05065,40.8592252,-4.972381,geo_point_2d
05179,40.8763783,-4.8415051,geo_point_2d
05189,40.1712273,-5.1621854,geo_point_2d
05062,40.8847744,-4.92928,geo_point_2d
05245,40.6038265,-4.609597,geo_point_2d
05016,41.0449706,-4.7196729,geo_point_2d
05234,40.7937185,-4.9371888,geo_point_2d
05166,40.4398734,-4.8359297,geo_point_2d
05208,41.0981062,-4.8951983,geo_point_2d
05044,40.6936095,-5.2036336,geo_point_2d
05123,40.7074075,-4.5559579,geo_point_2d
05115,40.8158489,-4.5566094,geo_point_2d
05075,40.2360442,-4.6572617,geo_point_2d
05019,40.6622265,-4.6458346,geo_point_2d
05008,41.0427622,-4.8031274,geo_point_2d
05241,40.3888881,-4.4951966,geo_point_2d
05227,40.3051732,-4.5497871,geo_point_2d
05118,40.7951845,-5.1488205,geo_point_2d
05012,40.5781974,-5.0623087,geo_point_2d
05037,40.2891838,-5.4095635,geo_point_2d
05257,40.4877969,-5.1671181,geo_point_2d
05216,40.360129,-5.0438816,geo_point_2d
05196,40.8839815,-5.0121736,geo_point_2d
05029,40.9721373,-4.9374091,geo_point_2d
05119,40.6707118,-5.072686,geo_point_2d
05244,40.3071987,-5.5052997,geo_point_2d
05215,40.4271252,-5.1766434,geo_point_2d
05102,40.5084395,-4.3977128,geo_point_2d
05249,40.3142288,-5.5747225,geo_point_2d
05030,40.6973693,-4.5931302,geo_point_2d
05047,40.1756639,-5.2786936,geo_point_2d
05135,40.5970858,-5.0213323,geo_point_2d
05243,40.7550967,-4.5841007,geo_point_2d
05049,40.7366942,-4.7319905,geo_point_2d
05080,40.7040989,-5.1439531,geo_point_2d
05168,40.5932351,-4.3491756,geo_point_2d
05252,40.6678418,-5.0144895,geo_point_2d
05228,40.4272317,-5.3386963,geo_point_2d
05141,40.6361672,-4.8168372,geo_point_2d
05170,40.3219474,-5.5369688,geo_point_2d
05078,41.0245733,-4.911798,geo_point_2d
05902,40.7171307,-4.4618238,geo_point_2d
05057,40.4530694,-4.4332484,geo_point_2d
05072,41.0166291,-4.6669513,geo_point_2d
05193,41.0218988,-5.0669926,geo_point_2d
05171,40.429082,-5.6521085,geo_point_2d
05231,40.9643362,-4.8035849,geo_point_2d
05046,40.9964964,-4.9053691,geo_point_2d
05017,40.7845455,-4.832952,geo_point_2d
05191,40.5413332,-5.0762104,geo_point_2d
05261,40.4772243,-5.4418261,geo_point_2d
05058,40.456168,-5.0528063,geo_point_2d
05256,40.7504569,-4.8807866,geo_point_2d
05105,40.3257715,-5.1751476,geo_point_2d
05195,40.5395974,-4.7549824,geo_point_2d
05092,40.8550588,-4.7187387,geo_point_2d
05267,40.3084782,-5.3145812,geo_point_2d
05005,40.8344382,-4.8849755,geo_point_2d
05125,40.4997465,-5.0137846,geo_point_2d
05185,40.7959906,-4.7218608,geo_point_2d
05132,40.2111169,-5.0075335,geo_point_2d
05090,40.9677256,-4.6528727,geo_point_2d
05235,41.0773009,-4.8430054,geo_point_2d
05045,40.9020251,-4.8077894,geo_point_2d
05055,40.331716,-4.5755248,geo_point_2d
05130,40.5555552,-4.8226978,geo_point_2d
05139,40.8156491,-4.9400587,geo_point_2d
05094,40.8035185,-5.0438458,geo_point_2d
05074,40.9250414,-4.9587719,geo_point_2d
05082,40.2730616,-4.86961,geo_point_2d
05176,40.6307705,-4.8648712,geo_point_2d
05114,41.1013431,-5.0310249,geo_point_2d
05212,40.4684305,-4.8450828,geo_point_2d
05153,40.2695086,-5.5571184,geo_point_2d
05222,40.5312968,-4.6003436,geo_point_2d
05107,40.680475,-5.1055077,geo_point_2d
05018,40.3877019,-5.3867416,geo_point_2d
05253,40.8378788,-4.6572042,geo_point_2d
05265,40.8207751,-5.0031919,geo_point_2d
05124,40.4514539,-5.6031647,geo_point_2d
05025,40.5488542,-5.3187143,geo_point_2d
05113,40.336734,-5.4741936,geo_point_2d
05023,41.0561503,-4.9303248,geo_point_2d
05233,40.328253,-4.906292,geo_point_2d
05069,40.9646292,-4.8535423,geo_point_2d
05076,40.620227,-4.7510833,geo_point_2d
05142,40.9225947,-5.032121,geo_point_2d
05158,40.462433,-4.7474333,geo_point_2d
05246,40.5719039,-5.2733706,geo_point_2d
05161,40.5959003,-4.4433077,geo_point_2d
05192,40.2721014,-5.6325321,geo_point_2d
05157,40.4550764,-4.9466841,geo_point_2d
05160,40.3906598,-4.9233397,geo_point_2d
05156,40.3392687,-4.4893485,geo_point_2d
05221,40.2140507,-4.9977905,geo_point_2d
05172,40.592043,-4.8438123,geo_point_2d
05263,40.5297551,-5.0989415,geo_point_2d
05181,40.6438642,-5.2670251,geo_point_2d
05038,40.5485042,-5.250079,geo_point_2d
05238,40.5404943,-4.9145943,geo_point_2d
05007,40.3750646,-5.4276339,geo_point_2d
05159,40.2430978,-5.5048142,geo_point_2d
05200,40.4897237,-5.3763501,geo_point_2d
05079,40.7020392,-4.9119698,geo_point_2d
05035,40.8746822,-4.6446141,geo_point_2d
05126,40.5151252,-5.3083322,geo_point_2d
05218,40.6926532,-5.2723918,geo_point_2d
05167,40.3583396,-4.8732087,geo_point_2d
05103,40.4599071,-5.4095138,geo_point_2d
05164,40.4240943,-4.9190555,geo_point_2d
05264,40.8518171,-4.9257665,geo_point_2d
05178,41.1113413,-4.7634658,geo_point_2d
05064,40.9254861,-4.881836,geo_point_2d
05100,40.2617574,-5.1274244,geo_point_2d
05214,40.3760073,-5.4966394,geo_point_2d
05121,40.6812787,-4.7813345,geo_point_2d
05086,40.871281,-5.1276566,geo_point_2d
05173,40.7262213,-4.5122615,geo_point_2d
05067,40.720729,-4.949495,geo_point_2d
05177,40.9189654,-4.6460717,geo_point_2d
05077,40.9736233,-4.8965276,geo_point_2d
05138,40.597392,-4.9046187,geo_point_2d
05149,40.8805739,-4.8720584,geo_point_2d
05036,40.9157226,-4.7388874,geo_point_2d
05229,40.796894,-4.6403436,geo_point_2d
05162,40.3250255,-5.2773784,geo_point_2d
05133,40.7695267,-4.7891001,geo_point_2d
05026,41.0412481,-4.9746062,geo_point_2d
05073,40.9418566,-5.0837783,geo_point_2d
05087,40.8277537,-4.7292428,geo_point_2d
05013,40.2766987,-5.0830165,geo_point_2d
05220,40.793804,-4.8698217,geo_point_2d
05152,40.9968108,-4.7653794,geo_point_2d
05169,40.409951,-4.855735,geo_point_2d
05089,40.2190395,-5.1440983,geo_point_2d
05205,40.678895,-4.8811792,geo_point_2d
05151,40.4878484,-5.1626735,geo_point_2d
05207,40.2862398,-4.9595116,geo_point_2d
05110,40.1920916,-4.9386365,geo_point_2d
05145,40.6743177,-4.9587062,geo_point_2d
05219,40.8925197,-4.7436738,geo_point_2d
05188,40.5745694,-5.0880302,geo_point_2d
05128,40.7649978,-4.6790119,geo_point_2d
05104,40.3693596,-5.2035866,geo_point_2d
05106,40.39101,-5.0666557,geo_point_2d
05182,40.243346,-4.908975,geo_point_2d
05201,40.5384774,-4.4833048,geo_point_2d
05154,40.4206804,-5.0891439,geo_point_2d
05066,40.2959922,-5.0292831,geo_point_2d
05099,41.0702159,-5.1101499,geo_point_2d
05186,40.4699264,-5.3384129,geo_point_2d
05097,40.4329839,-5.4707632,geo_point_2d
05059,40.6997028,-4.9888525,geo_point_2d
05175,40.8502275,-4.7722233,geo_point_2d
05240,40.2942572,-4.5959392,geo_point_2d
05242,40.9492659,-4.7125852,geo_point_2d
05134,41.1150862,-4.9440616,geo_point_2d
05148,40.5371948,-4.9949229,geo_point_2d
05174,40.9927924,-4.6584089,geo_point_2d
05211,40.4675173,-4.6762517,geo_point_2d
05260,40.5840292,-5.1922478,geo_point_2d
05163,40.3951862,-4.6927048,geo_point_2d
05116,40.5173328,-5.3510942,geo_point_2d
05184,40.648662,-4.2267521,geo_point_2d
05210,40.8224018,-4.8324019,geo_point_2d
05165,40.349457,-5.1169549,geo_point_2d
05217,40.4915957,-5.2790835,geo_point_2d
05021,40.3557033,-5.5207815,geo_point_2d
05194,40.8373547,-4.8014311,geo_point_2d
05010,40.4166398,-5.4025334,geo_point_2d
05096,40.5171268,-4.9682144,geo_point_2d
05140,40.8677424,-4.8912233,geo_point_2d
05258,40.8869778,-4.6992154,geo_point_2d
05042,40.9351846,-4.8349223,geo_point_2d
05117,41.0087809,-5.0230091,geo_point_2d
05262,40.3274996,-4.9861438,geo_point_2d
05095,40.2288973,-4.6080916,geo_point_2d
05147,40.8497433,-5.0615819,geo_point_2d
05144,40.5738901,-5.4699905,geo_point_2d
05204,40.8933103,-4.5857249,geo_point_2d
05041,40.388055,-4.7779864,geo_point_2d
05266,40.6042288,-5.3170424,geo_point_2d
05002,40.3082059,-4.6538426,geo_point_2d
05060,40.9691528,-5.0189023,geo_point_2d
05190,40.8022233,-4.6676101,geo_point_2d
05127,40.2851126,-4.8319024,geo_point_2d
05155,40.461768,-5.2603183,geo_point_2d
05225,40.5069411,-5.4152731,geo_point_2d
05254,40.8471844,-4.6036759,geo_point_2d
05206,40.7400702,-4.63129,geo_point_2d
05056,41.0794019,-4.9072815,geo_point_2d
05033,40.8202823,-5.1150648,geo_point_2d
05209,40.7640194,-5.1138101,geo_point_2d
05122,40.6285255,-5.3572919,geo_point_2d
05034,41.1419083,-4.9869315,geo_point_2d
06079,38.7891244,-6.0115751,geo_point_2d
06043,38.8603118,-6.2780982,geo_point_2d
06034,38.1961553,-5.9620025,geo_point_2d
06110,38.1592284,-5.9415439,geo_point_2d
06123,39.3381994,-7.0294016,geo_point_2d
06094,38.731137,-6.0396539,geo_point_2d
06128,38.8616197,-6.7513045,geo_point_2d
06154,38.3853819,-7.1508868,geo_point_2d
06070,38.3295902,-6.799127,geo_point_2d
06020,38.3138516,-6.2109922,geo_point_2d
06092,38.6058759,-6.7375417,geo_point_2d
06144,38.2063467,-5.8085772,geo_point_2d
06027,38.3163993,-6.3119003,geo_point_2d
06018,38.6732343,-5.450764,geo_point_2d
06006,39.2158281,-6.9509715,geo_point_2d
06078,38.6943175,-5.6239144,geo_point_2d
06146,38.7115307,-5.8303743,geo_point_2d
06120,39.0243943,-6.0348007,geo_point_2d
06127,39.1377165,-5.2188534,geo_point_2d
06086,38.1295425,-6.166847,geo_point_2d
06126,38.7341152,-6.5667034,geo_point_2d
06068,38.4728359,-6.1893011,geo_point_2d
06098,38.7049675,-6.1548649,geo_point_2d
06131,38.6429567,-6.7656731,geo_point_2d
06011,38.7083408,-6.4094635,geo_point_2d
06095,38.6540042,-7.1207936,geo_point_2d
06002,38.6635861,-6.4907849,geo_point_2d
06045,38.7126964,-6.7036516,geo_point_2d
06016,38.5076931,-6.8850928,geo_point_2d
06048,38.9583683,-5.3692967,geo_point_2d
06138,38.9109022,-6.0636654,geo_point_2d
06111,39.0510004,-5.8016077,geo_point_2d
06012,38.8391821,-6.453043,geo_point_2d
06058,38.932576,-6.4866829,geo_point_2d
06035,39.3113374,-5.0876246,geo_point_2d
06157,39.2275912,-4.7750788,geo_point_2d
06017,38.923538,-4.8930009,geo_point_2d
06147,38.3838258,-6.7970502,geo_point_2d
06149,38.5868138,-6.3389046,geo_point_2d
06022,38.3856678,-6.5891133,geo_point_2d
06010,38.6105768,-6.8384333,geo_point_2d
06063,39.2331185,-5.0138505,geo_point_2d
06115,39.093415,-6.6658272,geo_point_2d
06137,39.270323,-5.1958449,geo_point_2d
06038,39.1413584,-6.4380829,geo_point_2d
06124,38.1345888,-6.4597205,geo_point_2d
06001,39.0711316,-5.5942973,geo_point_2d
06116,38.5127129,-6.7735373,geo_point_2d
06037,39.2248127,-7.1933748,geo_point_2d
06065,38.3328829,-5.9721598,geo_point_2d
06140,38.2405097,-7.1006732,geo_point_2d
06085,38.0409074,-6.2018811,geo_point_2d
06071,38.4565364,-6.5223077,geo_point_2d
06090,39.0697099,-6.5135164,geo_point_2d
06139,38.4412805,-5.9599902,geo_point_2d
06013,38.338986,-6.4877786,geo_point_2d
06005,38.7115782,-6.7980455,geo_point_2d
06052,38.2313367,-6.2917614,geo_point_2d
06102,39.0788761,-5.2380801,geo_point_2d
06122,38.4671196,-6.3339562,geo_point_2d
06150,38.3099572,-6.077375,geo_point_2d
06148,38.3652733,-6.7855553,geo_point_2d
06160,38.6206529,-5.6739961,geo_point_2d
06089,38.5684737,-6.6723655,geo_point_2d
06074,38.2336027,-6.0472434,geo_point_2d
06158,38.4369252,-6.4502699,geo_point_2d
06051,39.1361372,-4.903968,geo_point_2d
06141,38.2661531,-6.4718882,geo_point_2d
06151,38.84623,-6.210492,geo_point_2d
06082,38.9151567,-5.9427374,geo_point_2d
06060,38.9010253,-6.088366,geo_point_2d
06039,38.9462022,-5.6437127,geo_point_2d
06091,39.112365,-5.4872141,geo_point_2d
06106,38.5918127,-6.2038368,geo_point_2d
06036,38.7907263,-5.4848157,geo_point_2d
06153,38.9949286,-5.7350539,geo_point_2d
06083,38.9740698,-6.4131246,geo_point_2d
06032,39.0211698,-6.336261,geo_point_2d
06008,38.3996164,-6.4761246,geo_point_2d
06042,38.5436635,-7.2640082,geo_point_2d
06014,38.2802492,-5.6799411,geo_point_2d
06050,38.2091477,-6.5837691,geo_point_2d
06044,38.9427266,-5.8926469,geo_point_2d
06109,38.7624966,-5.719646,geo_point_2d
06107,39.177711,-6.6259132,geo_point_2d
06145,38.9054508,-6.2304654,geo_point_2d
06143,38.6676382,-6.9762268,geo_point_2d
06132,38.9086555,-6.549829,geo_point_2d
06064,38.6418865,-5.7727257,geo_point_2d
06088,38.9495416,-6.5786105,geo_point_2d
06025,38.8739501,-6.3829362,geo_point_2d
06024,38.0947316,-6.3973559,geo_point_2d
06076,38.3800062,-5.8405882,geo_point_2d
06069,38.5659784,-6.0575396,geo_point_2d
06031,39.1489675,-6.3475984,geo_point_2d
06125,38.9795156,-5.076814,geo_point_2d
06067,38.1403777,-6.7276855,geo_point_2d
06041,38.8253433,-6.1001016,geo_point_2d
06142,38.3298443,-6.5348009,geo_point_2d
06033,39.1771412,-5.3051337,geo_point_2d
06026,38.0724367,-6.3382424,geo_point_2d
06066,38.4199841,-6.9960899,geo_point_2d
06136,38.3928789,-6.185311,geo_point_2d
06159,38.3237733,-6.992235,geo_point_2d
06072,38.8390121,-6.6107894,geo_point_2d
06152,38.6213903,-6.5483016,geo_point_2d
06155,39.1171944,-6.8265679,geo_point_2d
06075,38.8805655,-5.722813,geo_point_2d
06004,38.7250056,-6.2658203,geo_point_2d
06049,38.4978744,-6.5483775,geo_point_2d
06023,38.7722479,-5.2766864,geo_point_2d
06084,39.0160772,-6.2804521,geo_point_2d
06161,38.7599691,-5.1429744,geo_point_2d
06028,38.8803048,-5.5991678,geo_point_2d
06080,38.9682318,-5.9896844,geo_point_2d
06087,38.6089726,-5.4455641,geo_point_2d
06135,38.9581629,-6.2497025,geo_point_2d
06059,38.3340751,-5.6006591,geo_point_2d
06119,38.9600323,-6.1834141,geo_point_2d
06055,38.0650023,-6.5329351,geo_point_2d
06007,38.5160715,-7.1451572,geo_point_2d
06030,38.7955763,-5.0374327,geo_point_2d
06156,39.0966736,-5.8024323,geo_point_2d
06073,38.461613,-6.0803276,geo_point_2d
06081,38.3308225,-6.4064818,geo_point_2d
06121,38.6470522,-6.6415445,geo_point_2d
06053,38.1059821,-5.941739,geo_point_2d
06057,38.8888763,-5.0017679,geo_point_2d
06108,38.3944693,-6.3645978,geo_point_2d
06029,38.5050221,-5.8031804,geo_point_2d
06129,38.5264056,-7.0038473,geo_point_2d
06117,38.490042,-6.6792171,geo_point_2d
06104,38.6601819,-6.0677894,geo_point_2d
06015,38.8690443,-6.8545537,geo_point_2d
06113,38.5740694,-6.245961,geo_point_2d
06105,38.081479,-6.0694986,geo_point_2d
06009,39.0566488,-6.333692,geo_point_2d
06134,38.1557735,-6.0131776,geo_point_2d
06046,38.9511079,-6.4354807,geo_point_2d
06100,38.8320009,-5.1386715,geo_point_2d
06040,38.7288511,-6.654348,geo_point_2d
06047,38.65302,-5.6006062,geo_point_2d
06054,38.5503477,-6.4397198,geo_point_2d
06021,38.1639708,-6.5356125,geo_point_2d
06093,38.2534599,-6.9885338,geo_point_2d
06901,38.8876335,-6.6933493,geo_point_2d
06103,38.8788405,-6.6287473,geo_point_2d
06019,38.2895943,-5.8425576,geo_point_2d
06097,39.0171397,-5.5523207,geo_point_2d
06056,39.0756522,-5.0052331,geo_point_2d
06099,38.5349163,-6.6103151,geo_point_2d
07021,39.6488408,2.4765004,geo_point_2d
07030,39.6999585,3.0239312,geo_point_2d
07025,39.7962927,2.751202,geo_point_2d
07028,39.6189026,2.9762695,geo_point_2d
07053,39.6187228,2.8342668,geo_point_2d
07012,39.7974398,2.9665127,geo_point_2d
07042,39.8867221,3.0295039,geo_point_2d
07052,39.8365363,4.2540334,geo_point_2d
07011,39.5510111,2.5081131,geo_point_2d
07034,39.7609689,2.86421,geo_point_2d
07032,39.9154486,4.2322821,geo_point_2d
07035,39.6744575,3.0945273,geo_point_2d
07005,39.5820536,2.4024204,geo_point_2d
07003,39.8424001,3.1118328,geo_point_2d
07027,39.7117275,2.9421623,geo_point_2d
07009,39.7580949,2.9850547,geo_point_2d
07038,39.5645592,2.9911128,geo_point_2d
07056,39.6641259,2.772133,geo_point_2d
07048,38.9082188,1.3083123,geo_point_2d
07902,39.9432968,4.0379279,geo_point_2d
07064,39.8644031,4.2858774,geo_point_2d
07024,38.6919716,1.4589452,geo_point_2d
07018,39.748588,2.648449,geo_point_2d
07004,39.5648772,2.9038807,geo_point_2d
07037,40.0124926,4.1120961,geo_point_2d
07046,38.9963622,1.3585901,geo_point_2d
07060,39.6463568,3.0211959,geo_point_2d
07013,39.4068412,3.0146133,geo_point_2d
07043,39.5072811,3.0307587,geo_point_2d
07055,39.7210433,3.1547054,geo_point_2d
07051,39.6172653,3.3053405,geo_point_2d
07040,39.5561315,2.7154851,geo_point_2d
07033,39.5548441,3.2354355,geo_point_2d
07023,39.990365,4.0031128,geo_point_2d
07041,39.628732,3.142976,geo_point_2d
07045,39.6269061,2.5289659,geo_point_2d
07010,39.7075695,2.7124808,geo_point_2d
07059,39.3310161,3.0435616,geo_point_2d
07029,39.7202602,2.8584709,geo_point_2d
07031,39.4501174,2.8512984,geo_point_2d
07044,39.7803447,3.0288533,geo_point_2d
07049,39.5879936,3.0452162,geo_point_2d
07017,39.6554311,2.9493193,geo_point_2d
07001,39.7235416,2.8024058,geo_point_2d
07058,39.7687653,2.9089954,geo_point_2d
07065,39.5570294,3.1173888,geo_point_2d
07020,39.6627933,2.5868927,geo_point_2d
07063,39.7038896,2.6199851,geo_point_2d
07047,39.6404288,2.8980451,geo_point_2d
07061,39.774987,2.7063336,geo_point_2d
07007,39.6813156,2.5273774,geo_point_2d
07022,39.4515762,3.1597943,geo_point_2d
07054,38.9930387,1.4971209,geo_point_2d
07015,39.9947525,3.8939412,geo_point_2d
07002,39.9186304,4.1353977,geo_point_2d
07901,39.6558842,3.1326717,geo_point_2d
07057,39.3493962,3.1321958,geo_point_2d
07050,39.0621343,1.4877142,geo_point_2d
07062,39.6403515,3.3711254,geo_point_2d
07036,39.6237608,2.7285583,geo_point_2d
07039,39.7579003,3.085594,geo_point_2d
07006,39.7146288,3.3286901,geo_point_2d
07014,39.6970722,3.4273574,geo_point_2d
07026,38.9136774,1.4191084,geo_point_2d
07016,39.6650285,2.8179355,geo_point_2d
07008,39.684515,2.8568206,geo_point_2d
07019,39.82792,2.8480249,geo_point_2d
08128,41.7574507,2.020469,geo_point_2d
08180,41.4996026,2.1542262,geo_point_2d
08109,42.0694438,2.0511591,geo_point_2d
08085,41.4220071,1.6439779,geo_point_2d
08171,41.9979263,2.0231641,geo_point_2d
08249,41.388554,1.72007,geo_point_2d
08057,42.1775441,1.9450912,geo_point_2d
08035,41.6230683,2.6463274,geo_point_2d
08010,41.7962131,1.9569737,geo_point_2d
08187,41.5552009,2.101643,geo_point_2d
08151,41.9489909,2.0703502,geo_point_2d
08169,41.3100219,2.0987945,geo_point_2d
08055,41.7721928,2.1325858,geo_point_2d
08029,41.5257563,2.4008162,geo_point_2d
08239,41.7258574,2.1852463,geo_point_2d
08150,42.0696625,2.2231133,geo_point_2d
08147,41.5537058,1.9014967,geo_point_2d
08220,41.9071979,2.3256201,geo_point_2d
08053,41.6387521,1.8533554,geo_point_2d
08278,41.8743417,2.2864994,geo_point_2d
08272,42.1058577,2.1704957,geo_point_2d
08118,41.4824943,2.3185751,geo_point_2d
08165,41.5583142,1.681167,geo_point_2d
08138,41.8199923,2.1017761,geo_point_2d
08106,41.6356984,2.4081143,geo_point_2d
08283,41.8557404,2.219402,geo_point_2d
08014,41.7813432,2.2644891,geo_point_2d
08073,41.3552712,2.0763792,geo_point_2d
08015,41.4618856,2.2365941,geo_point_2d
08240,41.4386208,1.7873379,geo_point_2d
08123,41.4207462,2.0344007,geo_point_2d
08263,41.3905271,2.0029294,geo_point_2d
08226,41.5523367,1.5012266,geo_point_2d
08060,41.7710064,1.4358004,geo_point_2d
08215,42.0156557,2.2378409,geo_point_2d
08184,41.5015892,2.0146716,geo_point_2d
08139,41.6836519,1.9750751,geo_point_2d
08307,41.2370829,1.7048019,geo_point_2d
08210,41.698675,2.1611369,geo_point_2d
08043,41.283514,1.7210013,geo_point_2d
08159,41.5673485,2.2322754,geo_point_2d
08160,42.048063,2.1074045,geo_point_2d
08016,42.2790693,1.8581789,geo_point_2d
08047,41.9070395,1.660043,geo_point_2d
08068,41.392834,1.9420281,geo_point_2d
08083,41.9406814,2.3147648,geo_point_2d
08285,42.0382914,2.266405,geo_point_2d
08194,41.4241342,2.2216873,geo_point_2d
08213,41.7558769,1.8719933,geo_point_2d
08301,41.30295,2.0319321,geo_point_2d
08253,42.1219004,2.260109,geo_point_2d
08002,41.729657,1.6179598,geo_point_2d
08034,41.7725831,1.969952,geo_point_2d
08021,41.5133655,1.4476429,geo_point_2d
08077,41.3790197,2.0908294,geo_point_2d
08141,41.888778,1.7717964,geo_point_2d
08270,41.2559976,1.8600581,geo_point_2d
08302,41.5612663,1.6340271,geo_point_2d
08026,41.8040535,2.3166893,geo_point_2d
08280,42.0048685,2.40352,geo_point_2d
08275,41.9561066,2.3443287,geo_point_2d
08066,41.4481369,1.9171354,geo_point_2d
08048,41.5339049,1.6245371,geo_point_2d
08052,42.2821864,1.9993566,geo_point_2d
08075,41.6043296,2.4396508,geo_point_2d
08155,41.6714573,2.7301252,geo_point_2d
08044,41.5292868,1.6881149,geo_point_2d
08125,41.4894255,2.1843393,geo_point_2d
08020,41.3185203,1.9010816,geo_point_2d
08211,41.3950709,2.0494165,geo_point_2d
08245,41.4577933,2.2059504,geo_point_2d
08008,41.5953821,1.4546098,geo_point_2d
08267,41.6133911,2.1305063,geo_point_2d
08132,42.0071697,1.7072695,geo_point_2d
08140,41.7548208,1.9103681,geo_point_2d
08236,41.4527311,1.6654019,geo_point_2d
08207,41.7140846,2.4214413,geo_point_2d
08011,42.0657447,1.8306312,geo_point_2d
08181,41.5961856,2.3348326,geo_point_2d
08091,41.4351891,1.8589867,geo_point_2d
08119,41.5000135,1.8072579,geo_point_2d
08205,41.4619581,2.0730571,geo_point_2d
08231,41.2621356,1.7760655,geo_point_2d
08279,41.5753604,2.0080015,geo_point_2d
08042,41.7027385,2.3376758,geo_point_2d
08054,41.4827953,1.9681859,geo_point_2d
08149,42.0009689,2.0947486,geo_point_2d
08204,41.3332723,1.9855871,geo_point_2d
08247,41.9125709,2.1736071,geo_point_2d
08133,41.6190939,1.3991542,geo_point_2d
08001,41.5163873,1.9099767,geo_point_2d
08299,42.1364882,1.923068,geo_point_2d
08112,42.0073543,2.2798754,geo_point_2d
08233,42.0865038,2.3300598,geo_point_2d
08059,41.6694871,1.6772571,geo_point_2d
08305,41.3475186,1.7005942,geo_point_2d
08227,41.3744797,1.6198859,geo_point_2d
08198,41.6608677,2.3950909,geo_point_2d
08107,41.6115244,2.2245902,geo_point_2d
08178,41.7208785,1.7128422,geo_point_2d
08081,41.7538073,2.4391822,geo_point_2d
08110,41.6505244,2.7460066,geo_point_2d
08241,41.9051196,2.3798599,geo_point_2d
08303,41.9429214,2.4221601,geo_point_2d
08293,42.2062354,1.8123105,geo_point_2d
08009,41.5619976,2.3912588,geo_point_2d
08189,41.7514185,1.5629806,geo_point_2d
08084,41.764927,1.7125075,geo_point_2d
08292,41.5278325,1.7086803,geo_point_2d
08235,41.6073727,2.6158322,geo_point_2d
08087,41.6943931,2.114148,geo_point_2d
08038,41.8002047,1.7846133,geo_point_2d
08089,41.294527,1.9835691,geo_point_2d
08167,41.5579177,2.152116,geo_point_2d
08200,41.3349819,2.0419096,geo_point_2d
08289,41.3545235,1.9710718,geo_point_2d
08101,41.3582331,2.1122135,geo_point_2d
08003,41.4990716,2.2919379,geo_point_2d
08266,41.4806058,2.1227387,geo_point_2d
08281,41.5005426,2.3216713,geo_point_2d
08175,41.965429,1.8688854,geo_point_2d
08222,41.4703502,1.8347744,geo_point_2d
08259,41.6842466,2.4535674,geo_point_2d
08224,41.7507905,2.2180759,geo_point_2d
08100,41.9619545,2.2258755,geo_point_2d
08072,41.4244326,1.930335,geo_point_2d
08260,41.5331843,2.1765506,geo_point_2d
08284,41.6928248,2.6859985,geo_point_2d
08041,41.6265653,2.269578,geo_point_2d
08078,42.0442369,1.7530496,geo_point_2d
08201,42.0532515,2.1588523,geo_point_2d
08188,42.029018,1.9439702,geo_point_2d
08183,41.9805333,2.3091419,geo_point_2d
08166,42.2294856,1.9754439,geo_point_2d
08294,41.6466549,2.4969133,geo_point_2d
08153,41.5551152,2.3510464,geo_point_2d
08196,41.4513498,1.9636976,geo_point_2d
08005,41.6635408,2.2560712,geo_point_2d
08136,41.544736,2.2654531,geo_point_2d
08214,41.5241686,2.347658,geo_point_2d
08225,42.034384,2.0701294,geo_point_2d
08039,41.7257289,2.4716986,geo_point_2d
08162,41.542472,1.7954879,geo_point_2d
08024,42.1283933,2.0125538,geo_point_2d
08012,41.8604911,1.976427,geo_point_2d
08164,41.4147035,1.7213474,geo_point_2d
08170,41.7064376,1.5518107,geo_point_2d
08218,41.7632291,1.7973216,geo_point_2d
08261,41.6499577,2.6958406,geo_point_2d
08221,41.3925612,2.0791839,geo_point_2d
08157,41.4215888,1.9856012,geo_point_2d
08276,41.7561882,2.3011747,geo_point_2d
08080,42.1684559,1.7850714,geo_point_2d
08062,41.8328413,1.8181319,geo_point_2d
08067,41.7853873,2.2219327,geo_point_2d
08090,41.9283044,1.9280773,geo_point_2d
08086,41.6492219,2.3126592,geo_point_2d
08163,41.6323311,2.6725872,geo_point_2d
08234,41.7115274,2.3862516,geo_point_2d
08069,41.5731103,1.8276192,geo_point_2d
08192,41.7836638,1.8358184,geo_point_2d
08248,41.6470004,2.2217682,geo_point_2d
08079,41.8716772,2.1096819,geo_point_2d
08271,42.0216219,2.170163,geo_point_2d
08290,41.525477,1.963282,geo_point_2d
08092,42.0266268,1.8846258,geo_point_2d
08179,41.6434321,1.9187279,geo_point_2d
08255,41.9888357,1.9682448,geo_point_2d
08121,41.5542473,2.4466613,geo_point_2d
08022,42.1006329,1.8475989,geo_point_2d
08137,41.7797018,2.3905573,geo_point_2d
08114,41.4790602,1.9174035,geo_point_2d
08051,41.6225475,2.0743247,geo_point_2d
08144,42.0628788,1.9077436,geo_point_2d
08161,41.5111524,1.7499446,geo_point_2d
08229,41.8158891,1.6698885,geo_point_2d
08291,41.6039179,1.9174856,geo_point_2d
08018,41.8661523,1.8652875,geo_point_2d
08238,41.5249979,2.0700269,geo_point_2d
08129,41.890387,2.1574822,geo_point_2d
08300,41.5577552,1.9514955,geo_point_2d
08111,41.8858274,2.2421759,geo_point_2d
08098,41.6762744,1.7621031,geo_point_2d
08142,42.1772339,1.8911215,geo_point_2d
08273,41.3981336,1.8046868,geo_point_2d
08113,41.7206443,1.8256021,geo_point_2d
08124,41.5489926,2.2098504,geo_point_2d
08143,41.6186005,1.631426,geo_point_2d
08230,41.5057715,2.3438979,geo_point_2d
08049,42.0175774,1.8410853,geo_point_2d
08102,41.5859454,1.614514,geo_point_2d
08209,41.5076956,2.2335237,geo_point_2d
08903,42.2185829,1.9090433,geo_point_2d
08195,42.0815458,2.1314433,geo_point_2d
08203,41.6295483,2.6040778,geo_point_2d
08045,42.0872652,1.7514018,geo_point_2d
08103,41.6047205,1.5292153,geo_point_2d
08033,41.6446325,2.1572713,geo_point_2d
08282,41.4858151,2.2682187,geo_point_2d
08190,42.2290354,1.7350121,geo_point_2d
08193,41.6392968,2.5678,geo_point_2d
08146,41.3534255,1.8522879,geo_point_2d
08031,41.7215604,1.5061215,geo_point_2d
08004,42.1211427,2.0919528,geo_point_2d
08036,41.7501145,1.4853835,geo_point_2d
08063,41.5962971,1.7039126,geo_point_2d
08199,41.9693136,2.1544868,geo_point_2d
08274,41.8346981,1.7640268,geo_point_2d
08197,41.577562,2.4839802,geo_point_2d
08126,41.4708889,2.279949,geo_point_2d
08064,41.7516836,2.1027185,geo_point_2d
08104,41.4693256,1.5387576,geo_point_2d
08262,41.6691007,1.8769889,geo_point_2d
08156,41.5804802,2.1749468,geo_point_2d
08040,41.5986164,2.5764623,geo_point_2d
08208,41.4865456,1.8763276,geo_point_2d
08246,41.9082983,2.2809381,geo_point_2d
08177,42.0969802,1.9653941,geo_point_2d
08013,41.3522285,1.7831006,geo_point_2d
08176,41.706771,1.4348581,geo_point_2d
08122,41.4810352,1.6321354,geo_point_2d
08295,41.3736337,1.916955,geo_point_2d
08030,41.5295442,2.3675226,geo_point_2d
08037,41.9257318,2.2977201,geo_point_2d
08131,42.1210962,2.2124334,geo_point_2d
08168,41.4127092,1.5120957,geo_point_2d
08298,41.9223627,2.2362398,geo_point_2d
08095,41.7271265,2.0630009,geo_point_2d
08206,41.3559498,1.7534602,geo_point_2d
08135,41.5568502,2.2511979,geo_point_2d
08252,41.5182157,2.1353564,geo_point_2d
08244,41.3678612,2.0187314,geo_point_2d
08277,41.7318664,1.9519136,geo_point_2d
08070,41.8311924,2.1743045,geo_point_2d
08076,41.549763,1.8628628,geo_point_2d
08096,41.593579,2.2789413,geo_point_2d
08232,41.4584958,1.6974156,geo_point_2d
08217,41.3673337,2.056559,geo_point_2d
08099,42.2625753,1.8829969,geo_point_2d
08152,41.524237,1.5777939,geo_point_2d
08115,41.5315906,2.2371729,geo_point_2d
08074,41.217587,1.6603531,geo_point_2d
08019,41.3999931,2.1512253,geo_point_2d
08148,41.2993785,1.8117,geo_point_2d
08007,41.609992,2.5307545,geo_point_2d
08120,41.628359,2.0124342,geo_point_2d
08269,41.8303607,2.2814184,geo_point_2d
08006,41.5831585,2.5473946,geo_point_2d
08264,41.5812536,2.5081571,geo_point_2d
08025,41.6099057,1.7635018,geo_point_2d
08202,41.6890128,2.5402823,geo_point_2d
08296,41.5268563,2.2988541,geo_point_2d
08056,41.2765812,1.9705329,geo_point_2d
08223,41.6829411,2.0539972,geo_point_2d
08191,41.8320567,1.9058844,geo_point_2d
08050,42.1237289,1.7585189,geo_point_2d
08046,41.6459573,2.3551264,geo_point_2d
08088,41.6903085,2.2818366,geo_point_2d
08172,41.4922165,2.3581685,geo_point_2d
08258,41.8694041,2.0487976,geo_point_2d
08127,41.6095265,1.8420821,geo_point_2d
08219,41.5053827,2.3838535,geo_point_2d
09304,42.3358007,-3.8551093,geo_point_2d
09088,42.5464684,-4.2698048,geo_point_2d
09472,42.1932996,-4.0227121,geo_point_2d
09007,42.5915357,-3.3325779,geo_point_2d
09350,42.1137338,-3.9891581,geo_point_2d
09269,42.0769165,-3.3115895,geo_point_2d
09438,41.6836386,-3.7564315,geo_point_2d
09036,42.5035655,-3.2723671,geo_point_2d
09047,42.1587601,-4.0147069,geo_point_2d
09072,42.2760971,-3.621059,geo_point_2d
09228,41.5474903,-3.7886695,geo_point_2d
09387,41.575525,-3.7506509,geo_point_2d
09068,42.7376168,-3.4682992,geo_point_2d
09456,42.2325634,-4.0156583,geo_point_2d
09309,41.9606083,-2.9794202,geo_point_2d
09244,42.7028638,-3.5569026,geo_point_2d
09079,42.3293306,-4.0277517,geo_point_2d
09372,42.4139119,-3.7189921,geo_point_2d
09085,41.6489389,-3.770893,geo_point_2d
09335,42.2765913,-3.4652788,geo_point_2d
09010,42.4735776,-3.3565348,geo_point_2d
09020,41.8716143,-3.3917595,geo_point_2d
09113,42.057643,-3.5324361,geo_point_2d
09077,42.6784844,-3.2342188,geo_point_2d
09277,42.0453834,-3.5859071,geo_point_2d
09202,42.4547482,-3.9448456,geo_point_2d
09351,42.4361895,-3.4345783,geo_point_2d
09321,41.6957034,-3.9209044,geo_point_2d
09162,42.1951889,-3.6364357,geo_point_2d
09225,41.9502489,-3.193519,geo_point_2d
09129,42.2813656,-3.1309125,geo_point_2d
09428,41.7260216,-4.0327674,geo_point_2d
09407,42.2924889,-3.2532659,geo_point_2d
09196,42.14012,-3.6563114,geo_point_2d
09451,41.7418049,-3.6300527,geo_point_2d
09340,42.1519098,-3.3268918,geo_point_2d
09009,42.285052,-3.7886639,geo_point_2d
09180,42.3063092,-3.9971631,geo_point_2d
09136,41.632902,-3.872586,geo_point_2d
09275,42.1858538,-3.8696912,geo_point_2d
09270,41.8791301,-3.6251652,geo_point_2d
09001,42.6191012,-3.5859591,geo_point_2d
09297,42.3721493,-3.8477941,geo_point_2d
09374,42.475694,-3.911165,geo_point_2d
09045,42.6812584,-3.9513188,geo_point_2d
09281,41.7620579,-3.7494847,geo_point_2d
09195,42.6228942,-3.4447757,geo_point_2d
09018,41.6899457,-3.6848378,geo_point_2d
09141,41.627528,-3.6824684,geo_point_2d
09306,42.6881188,-4.2132279,geo_point_2d
09337,41.6841912,-3.5169767,geo_point_2d
09378,41.9531111,-3.5496439,geo_point_2d
09425,41.935822,-3.0756962,geo_point_2d
09221,42.2646091,-3.6584985,geo_point_2d
09422,42.632854,-3.3019121,geo_point_2d
09303,42.3095245,-3.2872579,geo_point_2d
09218,41.5842727,-3.6827967,geo_point_2d
09074,42.3290183,-3.6128473,geo_point_2d
09208,42.0973358,-3.5928879,geo_point_2d
09360,42.3566321,-3.1677046,geo_point_2d
09172,42.5427425,-3.7897535,geo_point_2d
09433,42.3489084,-3.1956926,geo_point_2d
09181,42.3945401,-3.9230339,geo_point_2d
09220,42.6778442,-3.190755,geo_point_2d
09326,42.3903866,-3.5761599,geo_point_2d
09259,42.4189889,-3.8400547,geo_point_2d
09373,42.5944038,-4.2009779,geo_point_2d
09198,42.1304976,-3.9122855,geo_point_2d
09478,42.1059035,-3.2742634,geo_point_2d
09219,42.6730573,-2.9636553,geo_point_2d
09485,42.6035812,-3.2238638,geo_point_2d
09448,42.1822655,-3.7795453,geo_point_2d
09176,42.4094133,-3.6069357,geo_point_2d
09143,42.5209255,-3.4513644,geo_point_2d
09200,42.1121637,-3.4909719,geo_point_2d
09070,41.9616447,-3.3533498,geo_point_2d
09375,42.2727768,-3.9945359,geo_point_2d
09201,41.9196737,-3.3553819,geo_point_2d
09454,42.6479592,-3.1625953,geo_point_2d
09120,42.6840652,-3.1077431,geo_point_2d
09347,42.7084234,-3.0745736,geo_point_2d
09137,41.5995768,-3.6389178,geo_point_2d
09058,42.3107262,-3.8055231,geo_point_2d
09389,42.0495673,-3.9778571,geo_point_2d
09388,42.168688,-3.508386,geo_point_2d
09224,42.4622172,-3.4918279,geo_point_2d
09258,42.2377611,-4.2026508,geo_point_2d
09274,42.3150946,-3.201225,geo_point_2d
09103,41.894896,-3.8038121,geo_point_2d
09104,41.9093353,-3.6516851,geo_point_2d
09041,42.1798425,-3.9998382,geo_point_2d
09314,42.200115,-3.5349506,geo_point_2d
09473,42.4662819,-4.0230225,geo_point_2d
09232,42.052703,-2.9772956,geo_point_2d
09363,42.3925717,-4.0318426,geo_point_2d
09160,41.5892507,-3.7889499,geo_point_2d
09447,42.1978715,-3.4097538,geo_point_2d
09059,42.3514855,-3.6820312,geo_point_2d
09395,42.7158403,-3.819963,geo_point_2d
09405,41.5924189,-3.9321442,geo_point_2d
09065,41.6088149,-3.7321735,geo_point_2d
09288,42.4145498,-3.5367658,geo_point_2d
09441,42.2473873,-3.9859407,geo_point_2d
09071,42.581152,-3.5158233,geo_point_2d
09117,41.6550903,-3.9409598,geo_point_2d
09125,42.2660794,-3.8794999,geo_point_2d
09450,41.9846374,-3.3244217,geo_point_2d
09025,42.9872458,-3.9509618,geo_point_2d
09170,41.6594079,-3.8537751,geo_point_2d
09039,42.1213496,-3.2324605,geo_point_2d
09268,41.9163518,-3.3041927,geo_point_2d
09033,41.8650301,-3.7249023,geo_point_2d
09122,41.8921203,-3.4690575,geo_point_2d
09235,41.78162,-3.9287282,geo_point_2d
09043,42.6424025,-3.3666408,geo_point_2d
09073,42.295863,-3.6666779,geo_point_2d
09048,42.4228446,-3.1946627,geo_point_2d
09261,41.6869237,-3.4664177,geo_point_2d
09168,41.7429213,-3.8756195,geo_point_2d
09406,42.1722417,-3.7098376,geo_point_2d
09442,42.0654355,-3.7326075,geo_point_2d
09178,42.4618696,-3.0758577,geo_point_2d
09301,42.4130341,-3.6802093,geo_point_2d
09251,42.6497393,-3.1263147,geo_point_2d
09024,42.3495049,-4.2232699,geo_point_2d
09266,42.2210195,-3.2892577,geo_point_2d
09294,41.9942149,-3.7890261,geo_point_2d
09400,41.6283962,-3.5725226,geo_point_2d
09231,41.9598471,-3.6202961,geo_point_2d
09302,41.8960815,-3.1978151,geo_point_2d
09356,41.9750795,-3.4842099,geo_point_2d
09229,41.6151927,-3.9642496,geo_point_2d
09246,41.9591088,-3.1208737,geo_point_2d
09128,42.3102291,-3.8462974,geo_point_2d
09346,42.2730455,-3.2094905,geo_point_2d
09483,41.68138,-3.551489,geo_point_2d
09114,42.1558116,-3.5992195,geo_point_2d
09066,42.1196731,-3.4201251,geo_point_2d
09423,42.6162178,-3.3233813,geo_point_2d
09392,42.412436,-3.2414221,geo_point_2d
09323,42.585278,-3.4473136,geo_point_2d
09023,42.24626,-3.7583429,geo_point_2d
09197,42.1444428,-3.7315043,geo_point_2d
09035,41.7703784,-3.5564469,geo_point_2d
09466,42.1405168,-3.8403511,geo_point_2d
09256,41.7364486,-3.9955565,geo_point_2d
09361,42.7407755,-3.8934783,geo_point_2d
09144,41.8960537,-3.2595174,geo_point_2d
09230,42.6863611,-3.3334159,geo_point_2d
09112,41.7565998,-3.3919976,geo_point_2d
09090,42.3027361,-4.1924095,geo_point_2d
09084,41.9801382,-3.2354989,geo_point_2d
09100,42.4150433,-3.3655792,geo_point_2d
09430,42.114792,-3.3924185,geo_point_2d
09164,41.7517582,-3.5077393,geo_point_2d
09038,42.042552,-3.3645457,geo_point_2d
09119,42.1275109,-3.5850017,geo_point_2d
09330,42.0448446,-3.2747387,geo_point_2d
09418,42.120661,-4.0731825,geo_point_2d
09044,42.3870906,-3.4449495,geo_point_2d
09249,42.1841294,-3.9780174,geo_point_2d
09386,42.101675,-3.6836839,geo_point_2d
09267,41.9102513,-3.6950533,geo_point_2d
09432,41.9213883,-3.9270153,geo_point_2d
09149,42.5929435,-3.267328,geo_point_2d
09086,42.3108853,-3.5828779,geo_point_2d
09239,41.8298987,-3.6975253,geo_point_2d
09064,41.8230859,-3.4748826,geo_point_2d
09159,42.3090971,-4.0484254,geo_point_2d
09318,42.1791885,-3.2213559,geo_point_2d
09345,41.5913874,-3.5834488,geo_point_2d
09449,42.3833929,-3.9394322,geo_point_2d
09295,41.9854454,-3.5257497,geo_point_2d
09325,41.9953683,-3.9648521,geo_point_2d
09242,42.4024334,-4.1790925,geo_point_2d
09292,42.4784372,-3.4203264,geo_point_2d
09151,41.7707222,-3.6913395,geo_point_2d
09308,42.4563794,-3.1171078,geo_point_2d
09133,42.4211633,-3.4812023,geo_point_2d
09184,42.09211,-3.3595088,geo_point_2d
09094,41.9928418,-3.5897873,geo_point_2d
09287,42.4540375,-3.6917519,geo_point_2d
09082,42.4421954,-3.0894467,geo_point_2d
09273,42.4987557,-3.3441974,geo_point_2d
09424,42.4201051,-3.104048,geo_point_2d
09446,42.164207,-4.1494227,geo_point_2d
09437,42.0733389,-3.9117393,geo_point_2d
09368,42.4590401,-4.0930809,geo_point_2d
09427,42.5555032,-4.016013,geo_point_2d
09262,42.0703744,-4.0664593,geo_point_2d
09075,42.3649008,-3.5459161,geo_point_2d
09408,42.5822122,-3.2094034,geo_point_2d
09467,42.1505081,-4.0495992,geo_point_2d
09183,42.1199066,-3.3159073,geo_point_2d
09022,41.7921905,-3.4336025,geo_point_2d
09439,42.3292361,-3.7679403,geo_point_2d
09311,42.03062,-3.4993532,geo_point_2d
09250,42.2234375,-3.9582102,geo_point_2d
09052,42.6244946,-3.2699758,geo_point_2d
09110,42.0250087,-3.4252114,geo_point_2d
09155,41.579948,-3.8466453,geo_point_2d
09101,42.1635956,-3.9369494,geo_point_2d
09139,41.6020222,-3.857494,geo_point_2d
09140,41.5085641,-3.7478701,geo_point_2d
09265,42.6011646,-3.4053518,geo_point_2d
09060,42.6588794,-3.2598813,geo_point_2d
09354,42.4812664,-3.4487398,geo_point_2d
09444,42.468371,-4.1441947,geo_point_2d
09396,41.7957324,-3.5899037,geo_point_2d
09199,41.6668936,-3.9914857,geo_point_2d
09067,41.9249349,-3.0334401,geo_point_2d
09115,42.6370996,-3.2070585,geo_point_2d
09243,42.4506998,-4.1876712,geo_point_2d
09051,41.6837078,-3.8593335,geo_point_2d
09017,41.7508074,-3.9269579,geo_point_2d
09390,41.8570806,-3.9328436,geo_point_2d
09076,42.4783955,-3.2946421,geo_point_2d
09098,42.5032391,-3.1370388,geo_point_2d
09440,41.8131131,-3.6260833,geo_point_2d
09055,41.6981904,-3.3922841,geo_point_2d
09078,42.0654349,-3.3932429,geo_point_2d
09329,42.6949755,-3.4729299,geo_point_2d
09394,42.813495,-3.380925,geo_point_2d
09108,42.1995243,-3.7003655,geo_point_2d
09037,42.1953496,-3.1586574,geo_point_2d
09021,41.8224816,-3.4093037,geo_point_2d
09280,42.5882243,-3.3719653,geo_point_2d
09238,42.716576,-3.3852288,geo_point_2d
09062,41.9321281,-3.2418512,geo_point_2d
09123,42.4044494,-3.2820989,geo_point_2d
09358,41.9542639,-3.4305955,geo_point_2d
09130,42.4052863,-3.1346827,geo_point_2d
09443,42.1086253,-3.7635407,geo_point_2d
09135,42.6309186,-3.2367943,geo_point_2d
09480,42.101683,-3.8333582,geo_point_2d
09054,42.7393714,-3.0967682,geo_point_2d
09419,42.5774433,-3.1227168,geo_point_2d
09460,42.3808009,-4.1154235,geo_point_2d
09307,42.4180305,-3.0645625,geo_point_2d
09369,41.8038803,-3.8267789,geo_point_2d
09343,42.0593973,-3.8019938,geo_point_2d
09276,42.7726343,-2.8192713,geo_point_2d
09476,42.1722812,-3.4473028,geo_point_2d
09377,42.3532723,-3.8143114,geo_point_2d
09403,41.8352028,-3.5287604,geo_point_2d
09182,42.287054,-4.2311947,geo_point_2d
09310,42.5094267,-3.3883732,geo_point_2d
09211,42.4316086,-4.2554103,geo_point_2d
09050,42.912737,-3.0561695,geo_point_2d
09105,41.9139915,-3.5308657,geo_point_2d
09026,42.3388107,-3.4350682,geo_point_2d
09463,42.2827224,-3.356927,geo_point_2d
09445,42.4105328,-3.2628757,geo_point_2d
09027,42.4019048,-3.3897999,geo_point_2d
09366,41.9631408,-3.6593943,geo_point_2d
09248,42.2129437,-3.4574215,geo_point_2d
09272,42.6577691,-3.5271295,geo_point_2d
09154,41.9817684,-3.2835055,geo_point_2d
09384,42.0496257,-3.8593454,geo_point_2d
09093,42.26247,-3.8020322,geo_point_2d
09124,43.1128899,-3.5995112,geo_point_2d
09148,42.4274168,-4.1203632,geo_point_2d
09177,42.2705764,-3.4962842,geo_point_2d
09464,41.8084334,-3.8807936,geo_point_2d
09236,42.202708,-3.9440865,geo_point_2d
09317,42.5139996,-4.231159,geo_point_2d
09328,42.7565605,-3.5337607,geo_point_2d
09095,42.2679604,-3.9397689,geo_point_2d
09134,42.7538135,-3.2962032,geo_point_2d
09163,41.8519096,-3.1652998,geo_point_2d
09429,42.4091974,-3.410408,geo_point_2d
09257,42.4422207,-3.9718254,geo_point_2d
09029,42.38139,-3.5068072,geo_point_2d
09179,41.9619632,-3.8456026,geo_point_2d
09034,42.2182817,-4.0709396,geo_point_2d
09223,42.0520384,-3.1860326,geo_point_2d
09253,41.5501534,-3.7087593,geo_point_2d
09056,42.5413487,-3.3142651,geo_point_2d
09458,42.2686128,-3.7209378,geo_point_2d
09138,41.6199782,-3.9034996,geo_point_2d
09434,42.2989326,-3.7316394,geo_point_2d
09167,42.3390769,-3.9291706,geo_point_2d
09173,42.0970358,-3.0699493,geo_point_2d
09365,41.5661868,-3.814826,geo_point_2d
09032,41.9901172,-3.8562685,geo_point_2d
09016,42.6564388,-3.0588655,geo_point_2d
09339,41.6363952,-4.0000208,geo_point_2d
09175,42.6548841,-4.0777343,geo_point_2d
09013,42.6007024,-3.0787238,geo_point_2d
09431,42.3740336,-3.3128093,geo_point_2d
09398,42.6086226,-3.8353759,geo_point_2d
09315,42.2271254,-3.6637958,geo_point_2d
09127,41.9276894,-3.743414,geo_point_2d
09247,42.3379039,-4.2570156,geo_point_2d
09169,42.0611203,-3.4538787,geo_point_2d
09209,42.9497327,-3.3998294,geo_point_2d
09334,42.5562949,-3.3819684,geo_point_2d
09227,42.5876476,-3.766127,geo_point_2d
09382,42.4881706,-3.9384648,geo_point_2d
09348,42.0542221,-3.6939862,geo_point_2d
09046,42.4094842,-3.0987774,geo_point_2d
09206,42.2097549,-3.9148725,geo_point_2d
09006,42.7339597,-3.4972188,geo_point_2d
09455,42.2797254,-4.0856554,geo_point_2d
09194,41.9867707,-3.7644439,geo_point_2d
09131,41.6387986,-3.6334035,geo_point_2d
09019,41.7322366,-3.427139,geo_point_2d
09057,42.6538801,-3.0225431,geo_point_2d
09083,42.4703326,-3.3852002,geo_point_2d
09283,42.6748171,-3.2976006,geo_point_2d
09289,42.0037581,-3.0185045,geo_point_2d
09279,41.7071153,-3.5803221,geo_point_2d
09380,41.803322,-3.8508793,geo_point_2d
09003,41.598118,-3.8181247,geo_point_2d
09338,42.3315723,-3.7984088,geo_point_2d
09061,41.8356073,-3.7947311,geo_point_2d
09298,42.5514964,-3.1923463,geo_point_2d
09241,42.35872,-3.5797173,geo_point_2d
09327,42.5369998,-3.5046634,geo_point_2d
10183,40.2405476,-5.6818464,geo_point_2d
10168,39.5049478,-6.0900047,geo_point_2d
10117,40.2729671,-6.2796163,geo_point_2d
10199,39.8278483,-5.5287141,geo_point_2d
10078,40.3220384,-5.8121853,geo_point_2d
10053,40.0100532,-6.6041047,geo_point_2d
10202,40.0835273,-6.2367517,geo_point_2d
10073,39.1889936,-5.9070392,geo_point_2d
10090,40.1947147,-6.141594,geo_point_2d
10180,40.0026478,-5.4794441,geo_point_2d
10009,39.2140494,-5.7180738,geo_point_2d
10020,39.141378,-6.0589421,geo_point_2d
10056,39.7916229,-6.2796258,geo_point_2d
10070,39.6441906,-5.6485717,geo_point_2d
10175,39.7978839,-6.1032976,geo_point_2d
10159,39.6205874,-5.5278503,geo_point_2d
10045,39.7981128,-6.3840494,geo_point_2d
10019,39.8009107,-5.6663716,geo_point_2d
10071,40.3048138,-6.5152751,geo_point_2d
10048,39.6414602,-5.219037,geo_point_2d
10130,40.1731735,-5.8584644,geo_point_2d
10057,39.7391692,-5.7612123,geo_point_2d
10173,39.8497265,-5.6875817,geo_point_2d
10061,39.8281972,-6.7510254,geo_point_2d
10148,40.0147678,-6.140981,geo_point_2d
10120,39.7650882,-5.5516506,geo_point_2d
10007,39.2634493,-6.210882,geo_point_2d
10219,39.2768076,-5.6532984,geo_point_2d
10181,39.9931532,-5.8704169,geo_point_2d
10195,39.5321997,-5.9613867,geo_point_2d
10904,40.0255008,-5.4835657,geo_point_2d
10012,39.2878146,-6.3085759,geo_point_2d
10081,40.0307261,-5.9348941,geo_point_2d
10188,39.2527471,-6.0959837,geo_point_2d
10001,40.2819017,-6.0080242,geo_point_2d
10135,40.4057713,-6.254173,geo_point_2d
10064,40.059028,-6.8137641,geo_point_2d
10067,39.9787952,-6.5050348,geo_point_2d
10051,40.4372217,-6.3106164,geo_point_2d
10126,39.1831627,-6.1941134,geo_point_2d
10006,40.1694292,-6.2009246,geo_point_2d
10080,40.2344933,-5.9030831,geo_point_2d
10022,40.0499149,-5.8716607,geo_point_2d
10065,40.0274579,-5.6879707,geo_point_2d
10017,39.4384317,-5.1859652,geo_point_2d
10094,39.5941872,-7.3886594,geo_point_2d
10077,39.4222353,-5.6184749,geo_point_2d
10086,40.2423752,-6.0003791,geo_point_2d
10149,39.3722521,-6.0483804,geo_point_2d
10044,39.3702646,-5.3882805,geo_point_2d
10102,39.3314052,-5.9173066,geo_point_2d
10163,39.2962128,-6.048683,geo_point_2d
10184,40.1282702,-5.9500494,geo_point_2d
10072,40.222878,-6.8326692,geo_point_2d
10097,39.7234607,-5.6588254,geo_point_2d
10209,39.2390825,-5.8863371,geo_point_2d
10105,40.0907155,-5.6323932,geo_point_2d
10125,39.6668439,-6.151681,geo_point_2d
10166,39.3409349,-5.8370612,geo_point_2d
10054,40.0987757,-5.9406005,geo_point_2d
10214,40.1475529,-6.0427286,geo_point_2d
10076,40.0009669,-6.28197,geo_point_2d
10028,39.8241962,-5.3535069,geo_point_2d
10115,39.4417708,-6.4993174,geo_point_2d
10158,39.2644914,-5.9752009,geo_point_2d
10182,39.8851487,-5.8595504,geo_point_2d
10027,39.308475,-6.0883209,geo_point_2d
10038,39.8970647,-6.6724613,geo_point_2d
10109,39.2732663,-5.4814349,geo_point_2d
10025,40.0800768,-5.8932427,geo_point_2d
10156,40.3430499,-6.4725036,geo_point_2d
10062,39.6273925,-7.4791961,geo_point_2d
10085,39.8485496,-5.3569511,geo_point_2d
10002,39.2550958,-5.8065343,geo_point_2d
10197,39.7534796,-5.6154577,geo_point_2d
10005,40.1334342,-6.3075467,geo_point_2d
10093,40.2186126,-6.4811467,geo_point_2d
10033,39.5449251,-5.4999852,geo_point_2d
10010,39.164505,-6.2357713,geo_point_2d
10203,39.4412959,-7.2154271,geo_point_2d
10096,40.2695295,-5.837112,geo_point_2d
10083,39.7159226,-5.3501758,geo_point_2d
10193,39.3589941,-6.2598508,geo_point_2d
10008,39.692926,-6.8890534,geo_point_2d
10030,39.7882163,-5.4560212,geo_point_2d
10133,39.6465062,-6.642516,geo_point_2d
10039,40.2469054,-6.5308323,geo_point_2d
10154,40.1583678,-5.9107847,geo_point_2d
10055,40.1963611,-5.9528804,geo_point_2d
10190,39.7547925,-5.9762507,geo_point_2d
10058,39.9236834,-5.6833622,geo_point_2d
10194,39.340558,-6.2316244,geo_point_2d
10046,39.6212264,-7.1789657,geo_point_2d
10186,39.5820212,-5.7614924,geo_point_2d
10164,40.2057588,-6.8088678,geo_point_2d
10049,39.5651487,-6.4739348,geo_point_2d
10165,39.3420313,-5.9656836,geo_point_2d
10084,40.19957,-6.6289134,geo_point_2d
10131,39.9306962,-5.5574285,geo_point_2d
10110,40.1447445,-5.5794128,geo_point_2d
10142,40.1354763,-6.6902634,geo_point_2d
10152,40.1380723,-6.4003671,geo_point_2d
10213,39.6505725,-5.2569387,geo_point_2d
10146,40.3348474,-6.3887971,geo_point_2d
10095,39.4337195,-6.8648194,geo_point_2d
10136,40.1128544,-6.1068685,geo_point_2d
10143,39.8835669,-6.6187467,geo_point_2d
10059,39.9671479,-6.6621541,geo_point_2d
10031,39.3422318,-6.0855202,geo_point_2d
10170,39.6459223,-6.382148,geo_point_2d
10092,39.3676042,-5.7621716,geo_point_2d
10040,40.0582831,-6.5518472,geo_point_2d
10147,40.1162067,-5.8375442,geo_point_2d
10903,39.9661,-6.3190417,geo_point_2d
10128,40.0238832,-6.7004192,geo_point_2d
10091,40.170312,-5.6464958,geo_point_2d
10129,40.0002076,-6.4072621,geo_point_2d
10189,39.9101518,-6.4643441,geo_point_2d
10112,39.1417039,-5.6424996,geo_point_2d
10014,40.1411103,-5.7107885,geo_point_2d
10108,40.4471759,-6.1935705,geo_point_2d
10089,40.0403776,-6.3935353,geo_point_2d
10063,40.2292763,-6.2426009,geo_point_2d
10210,40.1572108,-6.8039507,geo_point_2d
10134,39.5054294,-5.4280369,geo_point_2d
10018,39.4045434,-6.6977389,geo_point_2d
10003,40.2169006,-6.7200724,geo_point_2d
10116,39.9381487,-6.052592,geo_point_2d
10153,39.2941548,-5.8690337,geo_point_2d
10167,40.2073687,-6.3299449,geo_point_2d
10024,40.304639,-5.877688,geo_point_2d
10103,39.6957533,-5.8316388,geo_point_2d
10200,39.7146575,-5.2975551,geo_point_2d
10100,40.1645249,-6.7223653,geo_point_2d
10174,40.2178899,-5.9347922,geo_point_2d
10122,39.8550527,-5.565455,geo_point_2d
10137,40.245804,-6.2762276,geo_point_2d
10155,39.9238968,-6.3331355,geo_point_2d
10191,40.0360285,-5.7795615,geo_point_2d
10176,39.8158809,-5.8155348,geo_point_2d
10198,39.2915056,-6.1300358,geo_point_2d
10113,39.4538268,-5.7341915,geo_point_2d
10035,40.2031415,-5.8059588,geo_point_2d
10052,39.2325158,-6.280878,geo_point_2d
10029,39.4497553,-5.5083621,geo_point_2d
10123,39.859614,-6.2294942,geo_point_2d
10212,40.1602925,-5.4282296,geo_point_2d
10144,40.3124746,-6.1571354,geo_point_2d
10192,39.3256878,-6.1754921,geo_point_2d
10099,39.8890356,-6.3525392,geo_point_2d
10041,40.3542673,-6.2016242,geo_point_2d
10185,40.2544561,-6.4154695,geo_point_2d
10101,40.0617682,-6.6119467,geo_point_2d
10075,39.6815424,-5.5212604,geo_point_2d
10107,40.2224543,-5.7432967,geo_point_2d
10162,39.4708758,-7.0042151,geo_point_2d
10021,39.5196203,-6.5829281,geo_point_2d
10157,40.0876083,-5.5799157,geo_point_2d
10098,39.7052434,-6.349236,geo_point_2d
10172,40.1615149,-6.2440546,geo_point_2d
10106,40.176997,-5.999698,geo_point_2d
10201,39.2039515,-6.0658138,geo_point_2d
10114,39.9500332,-5.7750214,geo_point_2d
10060,39.673766,-5.4341197,geo_point_2d
10079,40.1148628,-5.7815783,geo_point_2d
10206,40.1434202,-5.5415807,geo_point_2d
10104,40.0218235,-5.7502567,geo_point_2d
10207,40.1473357,-6.4805265,geo_point_2d
10151,39.7945878,-6.5101947,geo_point_2d
10196,40.1428223,-5.902374,geo_point_2d
10160,39.7595383,-5.7075264,geo_point_2d
10187,40.219669,-6.5659062,geo_point_2d
10205,40.1821923,-6.9368857,geo_point_2d
10042,39.7133067,-5.5817165,geo_point_2d
10141,39.7503111,-5.3897988,geo_point_2d
10124,40.2706602,-6.1787412,geo_point_2d
10211,40.2044356,-6.4041134,geo_point_2d
10032,39.5540472,-6.7612767,geo_point_2d
10050,40.287142,-6.2723591,geo_point_2d
10121,39.1239843,-5.9323326,geo_point_2d
10139,39.8523223,-6.4052605,geo_point_2d
10004,39.7964463,-6.6444641,geo_point_2d
10150,39.88326,-6.5592077,geo_point_2d
10216,40.2660472,-6.0727878,geo_point_2d
10208,39.6556689,-6.8102111,geo_point_2d
10011,39.5306204,-5.6380103,geo_point_2d
10026,39.8180584,-5.6104409,geo_point_2d
10087,39.4497684,-5.3201673,geo_point_2d
10111,40.1888694,-5.371161,geo_point_2d
10066,39.3372086,-5.7313189,geo_point_2d
10169,39.6160927,-7.2458675,geo_point_2d
10204,40.1253972,-5.4914589,geo_point_2d
10217,39.2378859,-6.0357923,geo_point_2d
10118,39.7160286,-6.7904674,geo_point_2d
10119,39.5799052,-7.0844053,geo_point_2d
10161,39.3290689,-6.0111225,geo_point_2d
10145,39.7846891,-6.9396589,geo_point_2d
10171,40.1867423,-6.5490404,geo_point_2d
10218,39.9100522,-6.83391,geo_point_2d
10140,39.8679344,-5.4596373,geo_point_2d
10127,40.0543381,-6.3360132,geo_point_2d
10132,39.5869544,-5.383726,geo_point_2d
10177,39.4097663,-6.2694123,geo_point_2d
10037,39.3707226,-6.4491547,geo_point_2d
10178,39.6678069,-6.2785875,geo_point_2d
10036,40.1172834,-5.8900942,geo_point_2d
10047,40.0490204,-6.2181595,geo_point_2d
10088,40.0628697,-6.4674993,geo_point_2d
10034,40.125128,-5.9978822,geo_point_2d
10215,40.1640655,-6.6262072,geo_point_2d
10015,40.2625821,-5.9377017,geo_point_2d
11001,36.4439672,-5.6944321,geo_point_2d
11038,36.6585866,-5.4636992,geo_point_2d
11019,36.770865,-5.3894801,geo_point_2d
11040,36.6863285,-5.3671266,geo_point_2d
11027,36.6312142,-6.2349254,geo_point_2d
11011,36.7537004,-5.5107687,geo_point_2d
11018,36.846353,-5.3451488,geo_point_2d
11012,36.4945681,-6.266429,geo_point_2d
11020,36.6819959,-5.9666998,geo_point_2d
11902,36.6168497,-5.7415805,geo_point_2d
11039,36.2819342,-5.941885,geo_point_2d
11026,36.7836341,-5.5460158,geo_point_2d
11030,36.6678261,-6.3553744,geo_point_2d
11035,36.1258483,-5.6836289,geo_point_2d
11028,36.5235205,-6.1113353,geo_point_2d
11041,36.8728491,-5.6165003,geo_point_2d
11021,36.4386851,-5.4731053,geo_point_2d
11010,36.8492896,-5.7124383,geo_point_2d
11009,36.7123789,-5.4525349,geo_point_2d
11025,36.5221175,-5.8526408,geo_point_2d
11016,36.7266344,-6.4068466,geo_point_2d
11029,36.9789379,-5.4762547,geo_point_2d
11015,36.3997775,-6.1099581,geo_point_2d
11022,36.2017994,-5.3414501,geo_point_2d
11005,36.891128,-5.4338195,geo_point_2d
11032,36.8065251,-6.3084627,geo_point_2d
11007,36.2003256,-5.8993968,geo_point_2d
11901,36.3317779,-5.7756591,geo_point_2d
11006,36.7434953,-5.7546295,geo_point_2d
11031,36.4535268,-6.2046889,geo_point_2d
11014,36.3114143,-6.0780728,geo_point_2d
11042,36.8298805,-5.4449157,geo_point_2d
11017,36.8785368,-5.8016553,geo_point_2d
11002,36.921575,-5.1495778,geo_point_2d
11024,36.9508828,-5.2817861,geo_point_2d
11003,36.6551402,-5.6447449,geo_point_2d
11033,36.2588695,-5.35123,geo_point_2d
11004,36.1071955,-5.4782979,geo_point_2d
11036,36.910535,-5.2314784,geo_point_2d
11037,36.8707157,-6.2156444,geo_point_2d
11013,36.3115477,-5.4647444,geo_point_2d
11023,36.3967217,-5.8673864,geo_point_2d
12033,40.1443574,0.0937623,geo_point_2d
12117,40.2098273,0.2014952,geo_point_2d
12039,39.8544224,-0.4485713,geo_point_2d
12043,39.9870705,-0.5721026,geo_point_2d
12028,40.0564557,0.0421891,geo_point_2d
12038,40.5061842,-0.1994418,geo_point_2d
12068,40.7087187,-0.0147888,geo_point_2d
12127,40.6080023,0.0886096,geo_point_2d
12097,39.8525131,-0.7345388,geo_point_2d
12029,40.2077838,0.0576181,geo_point_2d
12049,40.1217132,-0.1623715,geo_point_2d
12103,40.3099212,0.0376226,geo_point_2d
12130,40.2057268,-0.423011,geo_point_2d
12109,39.9452424,-0.3006188,geo_point_2d
12084,39.9797027,-0.2278124,geo_point_2d
12091,40.5392979,-0.2681198,geo_point_2d
12020,39.9988823,-0.6961278,geo_point_2d
12037,40.6697835,0.0427672,geo_point_2d
12087,40.7099175,-0.190161,geo_point_2d
12079,40.0693674,-0.5350975,geo_point_2d
12131,39.9589291,-0.4069339,geo_point_2d
12027,40.4437324,0.402637,geo_point_2d
12139,40.3063725,-0.297577,geo_point_2d
12107,39.8016722,-0.4013003,geo_point_2d
12025,40.2731679,-0.1953147,geo_point_2d
12082,39.8528191,-0.1592985,geo_point_2d
12069,39.9917632,-0.5085166,geo_point_2d
12011,39.7512594,-0.2264394,geo_point_2d
12901,39.8895188,-0.1297764,geo_point_2d
12010,39.8723424,-0.4079526,geo_point_2d
12121,40.5490502,0.3181805,geo_point_2d
12074,39.7671786,-0.2024308,geo_point_2d
12099,40.5373789,0.3596181,geo_point_2d
12135,39.9331312,-0.1287624,geo_point_2d
12067,39.8360156,-0.4655785,geo_point_2d
12051,40.3081863,-0.1234821,geo_point_2d
12081,39.8814272,-0.5005228,geo_point_2d
12056,39.849145,-0.3240374,geo_point_2d
12125,39.8978507,-0.4582153,geo_point_2d
12140,39.9322367,-0.6301166,geo_point_2d
12095,40.0269635,-0.2778344,geo_point_2d
12017,39.9920373,-0.3849618,geo_point_2d
12032,39.890047,-0.0743249,geo_point_2d
12004,40.295829,0.2312509,geo_point_2d
12118,40.0491206,-0.4041323,geo_point_2d
12124,40.1821173,-0.0293317,geo_point_2d
12141,40.7416951,-0.1648094,geo_point_2d
12072,40.149576,-0.2809772,geo_point_2d
12089,40.3569337,0.3551091,geo_point_2d
12077,39.79882,-0.1529203,geo_point_2d
12052,40.5338767,0.1343551,geo_point_2d
12036,40.5615911,0.2335509,geo_point_2d
12031,40.0506044,-0.0702302,geo_point_2d
12016,39.8953319,-0.2465049,geo_point_2d
12026,40.3864947,-0.1677368,geo_point_2d
12073,40.0956402,-0.3773169,geo_point_2d
12114,39.9289006,-0.6862752,geo_point_2d
12012,39.8149259,-0.5846404,geo_point_2d
12111,40.4329823,0.0705093,geo_point_2d
12083,40.6415152,-0.3392815,geo_point_2d
12116,39.9948774,-0.4491641,geo_point_2d
12126,39.8135985,-0.2349697,geo_point_2d
12045,40.576223,-0.2196046,geo_point_2d
12065,39.9296628,-0.4994019,geo_point_2d
12105,40.2634404,-0.0270799,geo_point_2d
12137,40.6794175,-0.2093519,geo_point_2d
12088,39.9700658,-0.4817015,geo_point_2d
12014,40.4448476,-0.1096815,geo_point_2d
12048,40.1715389,-0.5289264,geo_point_2d
12075,40.6114826,-0.2777128,geo_point_2d
12058,40.0207684,-0.365981,geo_point_2d
12046,40.0511653,-0.4556515,geo_point_2d
12060,40.1263978,-0.2223784,geo_point_2d
12003,40.373172,0.0171264,geo_point_2d
12006,39.9208116,-0.3448408,geo_point_2d
12021,39.9212959,-0.1961445,geo_point_2d
12138,40.5102533,0.435228,geo_point_2d
12092,40.1026658,-0.5807582,geo_point_2d
12071,39.889729,-0.5844741,geo_point_2d
12007,39.8385543,-0.2815269,geo_point_2d
12044,40.443441,0.2823104,geo_point_2d
12008,39.9153881,-0.4207385,geo_point_2d
12034,40.4678368,0.3524743,geo_point_2d
12040,39.9972521,-0.0429967,geo_point_2d
12042,40.4745332,0.019963,geo_point_2d
12110,39.8887086,-0.6748945,geo_point_2d
12005,40.065667,-0.2160555,geo_point_2d
12013,40.0833149,-0.488504,geo_point_2d
12142,40.1316434,-0.4471898,geo_point_2d
12113,40.05155,-0.3758752,geo_point_2d
12080,40.597901,-0.0754877,geo_point_2d
12061,40.6571658,-0.2123364,geo_point_2d
12057,39.8869441,-0.3049119,geo_point_2d
12115,39.96077,-0.7743603,geo_point_2d
12018,39.8506582,-0.3663713,geo_point_2d
12106,39.8194593,-0.3763149,geo_point_2d
12064,40.0206883,-0.4256125,geo_point_2d
12102,40.3746999,0.2733076,geo_point_2d
12024,39.9699903,-0.6057444,geo_point_2d
12112,40.644345,-0.2624275,geo_point_2d
12015,40.0670741,-0.3409561,geo_point_2d
12076,39.9437072,-0.4564263,geo_point_2d
12078,40.0292633,-0.5503516,geo_point_2d
12090,40.0143253,-0.6496464,geo_point_2d
12104,39.7878119,-0.4630445,geo_point_2d
12041,40.1459191,-0.3670601,geo_point_2d
12059,40.0125072,-0.3152974,geo_point_2d
13025,38.8510251,-4.2948745,geo_point_2d
13902,39.0005631,-2.901759,geo_point_2d
13090,38.507579,-3.0572211,geo_point_2d
13034,38.9709826,-3.9733691,geo_point_2d
13041,39.2067089,-4.5123391,geo_point_2d
13068,39.1054996,-4.6617207,geo_point_2d
13013,38.8993691,-3.7295083,geo_point_2d
13029,38.8367828,-4.0183071,geo_point_2d
13901,39.2109383,-4.3042697,geo_point_2d
13060,39.4631535,-4.539263,geo_point_2d
13039,39.0675149,-3.6115055,geo_point_2d
13051,38.9885291,-4.3775515,geo_point_2d
13012,38.7725777,-4.6671997,geo_point_2d
13037,38.660102,-3.0872917,geo_point_2d
13019,39.077557,-3.0526746,geo_point_2d
13904,39.1161711,-3.3463817,geo_point_2d
13009,38.7203999,-3.8705547,geo_point_2d
13050,39.2186896,-3.5132773,geo_point_2d
13083,39.0501924,-3.7640516,geo_point_2d
13017,39.4572344,-4.8415324,geo_point_2d
13071,38.6492411,-4.0606866,geo_point_2d
13078,39.2558532,-2.8418432,geo_point_2d
13042,38.4297341,-4.2909719,geo_point_2d
13087,38.7864884,-3.4034615,geo_point_2d
13059,39.255537,-4.6187566,geo_point_2d
13053,39.0274081,-3.3762937,geo_point_2d
13045,38.7638904,-3.6954231,geo_point_2d
13058,38.7878497,-3.5786439,geo_point_2d
13026,38.561727,-4.2492903,geo_point_2d
13052,39.2138385,-3.985657,geo_point_2d
13044,39.2455053,-3.8339027,geo_point_2d
13001,38.8781683,-4.4515044,geo_point_2d
13057,38.6580733,-2.9093289,geo_point_2d
13069,38.5597181,-2.9198852,geo_point_2d
13006,39.3100079,-4.4150087,geo_point_2d
13003,38.6748715,-4.8105523,geo_point_2d
13085,38.6362217,-3.3514899,geo_point_2d
13015,38.6548886,-4.4952627,geo_point_2d
13075,38.4640292,-3.8389033,geo_point_2d
13056,39.0209361,-3.9163076,geo_point_2d
13076,38.634447,-2.8792215,geo_point_2d
13008,38.7555157,-3.1454567,geo_point_2d
13032,38.8486892,-2.9821993,geo_point_2d
13028,39.3621836,-3.0814515,geo_point_2d
13077,38.6392664,-3.5046804,geo_point_2d
13055,38.4835912,-3.9845165,geo_point_2d
13088,38.8374518,-3.7864622,geo_point_2d
13092,38.6963936,-2.7036647,geo_point_2d
13047,39.3023131,-3.401576,geo_point_2d
13073,38.9615798,-4.6033935,geo_point_2d
13084,38.598704,-3.2285076,geo_point_2d
13018,39.2075819,-3.5075548,geo_point_2d
13038,38.8076887,-4.8766996,geo_point_2d
13098,38.5112403,-3.5824245,geo_point_2d
13065,39.2001664,-4.1846699,geo_point_2d
13010,38.9158176,-3.0586587,geo_point_2d
13054,38.9157486,-3.324557,geo_point_2d
13096,39.2157482,-3.6440945,geo_point_2d
13023,38.9100359,-3.6240974,geo_point_2d
13063,39.089203,-4.302165,geo_point_2d
13005,39.284213,-3.2393173,geo_point_2d
13043,38.7614288,-2.9632476,geo_point_2d
13095,38.8495232,-3.9727796,geo_point_2d
13035,38.8758244,-4.1274008,geo_point_2d
13002,39.0104836,-4.8188703,geo_point_2d
13086,38.9544487,-4.7420958,geo_point_2d
13048,38.5556764,-4.1728777,geo_point_2d
13004,38.6099492,-2.7897697,geo_point_2d
13082,39.2076932,-2.9695984,geo_point_2d
13014,38.6205582,-2.9621771,geo_point_2d
13074,38.8446122,-3.2430795,geo_point_2d
13033,38.5327933,-3.2828603,geo_point_2d
13080,38.4572183,-4.1070045,geo_point_2d
13081,38.5822618,-2.8515991,geo_point_2d
13094,38.6040554,-3.8793106,geo_point_2d
13097,39.2106782,-3.4349646,geo_point_2d
13022,38.816941,-3.9468628,geo_point_2d
13091,38.7966066,-4.1837933,geo_point_2d
13046,38.7226126,-4.9550323,geo_point_2d
13079,38.928193,-3.212731,geo_point_2d
13020,38.7411137,-4.0234931,geo_point_2d
13062,39.0593234,-4.0716544,geo_point_2d
13031,39.0495732,-3.8353741,geo_point_2d
13089,38.8116853,-2.8429716,geo_point_2d
13024,38.5752843,-4.361146,geo_point_2d
13064,38.9307246,-4.0004864,geo_point_2d
13007,38.9773484,-4.1191821,geo_point_2d
13049,39.3613935,-4.6380691,geo_point_2d
13061,39.3987147,-2.9414904,geo_point_2d
13011,38.8047813,-4.741767,geo_point_2d
13016,38.4690971,-3.4884692,geo_point_2d
14026,38.1327603,-5.0764344,geo_point_2d
14071,38.1436622,-5.1892997,geo_point_2d
14063,37.7699539,-4.2413595,geo_point_2d
14025,37.6693541,-4.5568834,geo_point_2d
14031,37.5187154,-4.1292189,geo_point_2d
14043,38.1042876,-4.3656986,geo_point_2d
14027,37.6859969,-4.7283754,geo_point_2d
14056,37.4025535,-4.7613032,geo_point_2d
14069,38.276164,-4.6296725,geo_point_2d
14036,37.9479736,-5.3287034,geo_point_2d
14075,37.5266687,-4.3325449,geo_point_2d
14070,38.3479625,-5.0389231,geo_point_2d
14007,37.6790865,-4.3128987,geo_point_2d
14004,37.4358033,-4.06749,geo_point_2d
14017,37.6784347,-4.9323208,geo_point_2d
14039,37.5564866,-4.2384218,geo_point_2d
14023,38.4706659,-4.8534446,geo_point_2d
14052,38.3175867,-5.2443202,geo_point_2d
14048,37.2490111,-4.5914997,geo_point_2d
14054,38.2628724,-4.7987429,geo_point_2d
14003,38.2939969,-4.9357128,geo_point_2d
14061,38.6060341,-4.8973493,geo_point_2d
14032,38.360448,-5.3374232,geo_point_2d
14020,38.4054607,-4.4917332,geo_point_2d
14015,37.4484842,-4.3039245,geo_point_2d
14058,37.3479292,-4.3686899,geo_point_2d
14001,38.0905003,-4.5676566,geo_point_2d
14047,38.0740148,-4.760518,geo_point_2d
14066,37.9813866,-4.2987228,geo_point_2d
14068,38.1386057,-4.8998341,geo_point_2d
14024,37.2779241,-4.4752772,geo_point_2d
14030,37.720277,-5.0923324,geo_point_2d
14010,37.2477173,-4.54218,geo_point_2d
14049,37.6726665,-5.2923035,geo_point_2d
14029,38.2647762,-5.4278758,geo_point_2d
14021,37.8492995,-4.7017687,geo_point_2d
14018,37.9335294,-4.4901969,geo_point_2d
14005,37.8388853,-5.0102768,geo_point_2d
14044,37.475876,-4.5812609,geo_point_2d
14060,37.5337292,-4.8522541,geo_point_2d
14073,38.0134665,-5.0081167,geo_point_2d
14055,37.4313896,-4.19258,geo_point_2d
14067,37.9546448,-4.5564477,geo_point_2d
14040,37.5507934,-4.7511023,geo_point_2d
14006,38.324469,-4.8674249,geo_point_2d
14013,37.4896045,-4.4498994,geo_point_2d
14046,37.5999046,-4.4475814,geo_point_2d
14009,38.2655862,-5.1840705,geo_point_2d
14062,38.4624564,-4.6347184,geo_point_2d
14022,37.5526892,-4.369243,geo_point_2d
14002,37.4621523,-4.6776657,geo_point_2d
14074,38.5988475,-4.9938191,geo_point_2d
14016,38.2768199,-4.3673529,geo_point_2d
14050,37.969526,-4.4556946,geo_point_2d
14064,38.4590105,-5.3752287,geo_point_2d
14045,37.4268327,-4.6281491,geo_point_2d
14072,38.4549727,-4.9752589,geo_point_2d
14051,38.4217019,-4.7417463,geo_point_2d
14042,37.5720989,-4.6384587,geo_point_2d
14053,37.8378063,-5.1178532,geo_point_2d
14037,37.2659907,-4.3073627,geo_point_2d
14057,37.6687012,-4.7880218,geo_point_2d
14014,37.8485277,-4.3293291,geo_point_2d
14059,37.6671601,-4.8319133,geo_point_2d
14065,37.6966551,-4.8544759,geo_point_2d
14019,37.6824265,-4.4793625,geo_point_2d
14012,37.9163161,-4.3724794,geo_point_2d
14033,37.7517832,-4.9727659,geo_point_2d
14008,38.5913936,-5.1488173,geo_point_2d
14035,38.4534317,-5.1887902,geo_point_2d
14041,37.6554092,-4.6568301,geo_point_2d
14038,37.3572053,-4.541873,geo_point_2d
15055,43.4981917,-8.1263008,geo_point_2d
15013,42.8517189,-8.7209638,geo_point_2d
15021,43.2120346,-8.3600581,geo_point_2d
15059,43.0920863,-8.3991336,geo_point_2d
15076,43.5285503,-8.0475318,geo_point_2d
15077,43.0454457,-8.8068124,geo_point_2d
15074,42.7884483,-8.7252523,geo_point_2d
15044,43.6524244,-7.7342366,geo_point_2d
15045,42.9300537,-8.9916498,geo_point_2d
15029,43.1607921,-8.76801,geo_point_2d
15008,43.3115509,-8.2487817,geo_point_2d
15079,42.8683168,-8.0708287,geo_point_2d
15035,43.4620875,-8.1596522,geo_point_2d
15078,42.9105582,-8.5171766,geo_point_2d
15022,43.6735813,-8.0049729,geo_point_2d
15046,42.9336767,-8.037322,geo_point_2d
15034,42.9884131,-9.0971507,geo_point_2d
15004,43.4377677,-8.2570377,geo_point_2d
15068,43.2611352,-8.878465,geo_point_2d
15006,42.926876,-8.1824508,geo_point_2d
15037,42.9373033,-9.260468,geo_point_2d
15069,43.4002038,-8.1546205,geo_point_2d
15005,43.298732,-8.50865,geo_point_2d
15053,42.8042322,-9.0347636,geo_point_2d
15072,42.6840767,-8.7856802,geo_point_2d
15054,43.5388161,-8.1675874,geo_point_2d
15089,42.7808314,-8.4644472,geo_point_2d
15016,43.1599633,-9.1455163,geo_point_2d
15001,43.2090282,-8.2949973,geo_point_2d
15009,43.2752338,-8.2231386,geo_point_2d
15038,43.0452081,-8.2775297,geo_point_2d
15040,43.1876397,-9.0191967,geo_point_2d
15039,43.2854966,-8.0696002,geo_point_2d
15056,42.9086895,-8.8182176,geo_point_2d
15002,42.8909998,-8.6461758,geo_point_2d
15048,43.3561042,-8.1787471,geo_point_2d
15060,42.9982643,-8.3874258,geo_point_2d
15075,43.3537532,-8.2821344,geo_point_2d
15064,43.2951764,-8.1614102,geo_point_2d
15085,42.8574801,-8.3121981,geo_point_2d
15086,43.0111834,-8.5389909,geo_point_2d
15901,43.7264048,-7.9012605,geo_point_2d
15023,42.9694146,-9.1953477,geo_point_2d
15062,42.8509653,-8.9219312,geo_point_2d
15011,42.6791668,-8.888991,geo_point_2d
15080,43.0563651,-7.9974439,geo_point_2d
15020,42.845632,-9.1019178,geo_point_2d
15030,43.3461183,-8.4222457,geo_point_2d
15031,43.2734082,-8.4065943,geo_point_2d
15025,43.6116963,-7.9620848,geo_point_2d
15050,43.3477248,-7.999352,geo_point_2d
15093,43.0908853,-8.9254396,geo_point_2d
15051,43.450029,-8.2334484,geo_point_2d
15032,43.1351859,-8.0456085,geo_point_2d
15087,43.603172,-8.1230972,geo_point_2d
15019,43.2125901,-8.6686965,geo_point_2d
15058,43.3499135,-8.3308332,geo_point_2d
15057,42.8009383,-8.8713455,geo_point_2d
15024,43.1670891,-8.4833326,geo_point_2d
15036,43.5098392,-8.2703888,geo_point_2d
15066,42.9382192,-8.3230851,geo_point_2d
15049,43.5653809,-7.9790872,geo_point_2d
15027,43.2418257,-8.138152,geo_point_2d
15090,43.072147,-8.0993526,geo_point_2d
15042,42.7652713,-8.8359794,geo_point_2d
15065,42.7573495,-8.6310873,geo_point_2d
15017,43.279719,-8.3288783,geo_point_2d
15003,43.222815,-8.0128376,geo_point_2d
15028,42.931524,-9.198309,geo_point_2d
15092,43.0957353,-9.037207,geo_point_2d
15015,43.4342452,-8.1309756,geo_point_2d
15010,43.0083918,-8.1306933,geo_point_2d
15070,43.4637548,-7.873094,geo_point_2d
15007,42.9634257,-8.7528807,geo_point_2d
15047,43.0991393,-8.2342811,geo_point_2d
15082,42.7972355,-8.5649021,geo_point_2d
15067,42.625861,-8.9480872,geo_point_2d
15071,42.6855509,-8.9889495,geo_point_2d
16046,39.9778635,-1.9017398,geo_point_2d
16025,40.3078597,-2.3500829,geo_point_2d
16023,40.1192817,-2.2184719,geo_point_2d
16128,39.5607096,-2.7728427,geo_point_2d
16008,40.031695,-1.5130055,geo_point_2d
16031,40.1932606,-1.8329646,geo_point_2d
16176,39.5761411,-2.6104443,geo_point_2d
16149,40.0717219,-2.023733,geo_point_2d
16271,39.4427937,-1.6496034,geo_point_2d
16126,39.6710341,-1.4699995,geo_point_2d
16192,39.8745925,-1.5611818,geo_point_2d
16106,39.8477084,-3.0331217,geo_point_2d
16242,40.3980393,-2.3193377,geo_point_2d
16100,39.5978011,-2.8538365,geo_point_2d
16014,39.7291377,-1.3227766,geo_point_2d
16146,39.9692237,-1.79328,geo_point_2d
16905,39.9540204,-2.088807,geo_point_2d
16147,39.9453558,-1.7166165,geo_point_2d
16017,39.7034079,-1.8892953,geo_point_2d
16067,40.396855,-2.5399198,geo_point_2d
16012,39.7171639,-2.5804257,geo_point_2d
16019,39.9248713,-2.3969083,geo_point_2d
16045,40.3868245,-2.4688147,geo_point_2d
16117,39.8966352,-1.355722,geo_point_2d
16139,39.7526804,-2.3305073,geo_point_2d
16036,39.9741615,-1.6228964,geo_point_2d
16248,39.4711898,-1.632533,geo_point_2d
16273,39.774409,-2.2812891,geo_point_2d
16135,39.967178,-1.3535932,geo_point_2d
16078,40.2054238,-1.993884,geo_point_2d
16085,40.3959155,-2.2113776,geo_point_2d
16093,39.8060938,-1.3742157,geo_point_2d
16218,39.9561532,-2.8656803,geo_point_2d
16244,39.3381336,-1.8185294,geo_point_2d
16104,39.6915946,-2.1867195,geo_point_2d
16110,39.9773026,-2.48017,geo_point_2d
16102,39.6060524,-2.2684996,geo_point_2d
16109,40.0382908,-1.5975994,geo_point_2d
16121,40.3033508,-2.0028122,geo_point_2d
16278,40.2266535,-1.6314884,geo_point_2d
16009,40.5354154,-2.3203921,geo_point_2d
16212,39.8804633,-2.9437632,geo_point_2d
16051,40.412936,-2.6471383,geo_point_2d
16113,39.4566318,-1.736292,geo_point_2d
16034,39.8147716,-2.3293426,geo_point_2d
16042,39.6162523,-1.7957282,geo_point_2d
16154,39.4583631,-2.638271,geo_point_2d
16026,39.5146473,-2.2456711,geo_point_2d
16098,39.4009312,-1.6131126,geo_point_2d
16089,39.9307896,-2.0006744,geo_point_2d
16062,40.0099827,-1.4074474,geo_point_2d
16211,40.014976,-2.5405316,geo_point_2d
16004,39.8050075,-2.2346284,geo_point_2d
16160,40.0882059,-2.5368749,geo_point_2d
16032,40.0515216,-3.0380843,geo_point_2d
16239,40.443427,-1.944371,geo_point_2d
16118,39.3691883,-1.7115906,geo_point_2d
16266,39.8851757,-2.45019,geo_point_2d
16280,40.2668904,-2.1395441,geo_point_2d
16231,39.5505625,-2.0066225,geo_point_2d
16185,40.1670479,-2.8508753,geo_point_2d
16013,40.0265289,-1.4438393,geo_point_2d
16029,39.6828569,-2.0377043,geo_point_2d
16111,40.1504874,-1.7064661,geo_point_2d
16043,39.9673673,-1.5400568,geo_point_2d
16108,40.0457521,-2.9047159,geo_point_2d
16022,40.3435528,-2.0896769,geo_point_2d
16053,40.512406,-2.1906778,geo_point_2d
16205,40.1330009,-1.6104221,geo_point_2d
16172,39.7873537,-2.8062507,geo_point_2d
16072,39.6714678,-2.3566766,geo_point_2d
16066,39.3839527,-2.0410374,geo_point_2d
16073,39.787742,-2.4359125,geo_point_2d
16141,39.8256175,-2.0651834,geo_point_2d
16219,40.2191333,-1.9756561,geo_point_2d
16148,39.9390202,-2.6248934,geo_point_2d
16243,39.620243,-2.6306153,geo_point_2d
16238,39.4266532,-2.2990581,geo_point_2d
16191,39.8461988,-2.385443,geo_point_2d
16277,39.8967188,-2.5451003,geo_point_2d
16124,39.3750566,-2.7329348,geo_point_2d
16003,39.5347706,-2.0691489,geo_point_2d
16024,39.8311871,-1.832241,geo_point_2d
16190,39.4082294,-2.4328719,geo_point_2d
16116,40.5135177,-1.9958523,geo_point_2d
16145,39.6425399,-2.7603924,geo_point_2d
16050,40.3571321,-2.3941213,geo_point_2d
16016,39.8741922,-2.8745449,geo_point_2d
16181,39.9875829,-2.7989609,geo_point_2d
16265,40.0842627,-2.4014021,geo_point_2d
16245,40.2369962,-2.082879,geo_point_2d
16151,40.0759609,-2.8541583,geo_point_2d
16081,39.765465,-2.0388053,geo_point_2d
16198,39.4028856,-2.1683311,geo_point_2d
16161,39.7210596,-2.0851835,geo_point_2d
16087,39.682292,-2.6415799,geo_point_2d
16258,39.87217,-1.6459752,geo_point_2d
16071,40.2945444,-2.3877444,geo_point_2d
16091,40.4609185,-2.154757,geo_point_2d
16020,40.5133992,-2.3799465,geo_point_2d
16202,39.8288276,-1.2727961,geo_point_2d
16084,40.4056766,-2.1426311,geo_point_2d
16038,40.3391725,-2.4653093,geo_point_2d
16279,40.0280168,-3.1273772,geo_point_2d
16216,39.7027213,-2.7461843,geo_point_2d
16215,40.3625167,-1.8440723,geo_point_2d
16133,39.4590309,-2.8693194,geo_point_2d
16095,39.8961326,-1.2733827,geo_point_2d
16035,40.5593836,-2.0530303,geo_point_2d
16096,39.5163725,-1.6777045,geo_point_2d
16166,39.3317008,-2.1939235,geo_point_2d
16030,40.2098645,-2.2245419,geo_point_2d
16195,39.5543401,-2.4238505,geo_point_2d
16217,39.9811544,-2.9160817,geo_point_2d
16033,39.5653588,-2.7031394,geo_point_2d
16165,40.426716,-2.0478735,geo_point_2d
16070,40.3796581,-2.1049844,geo_point_2d
16194,39.9492075,-1.225124,geo_point_2d
16142,39.6187654,-2.1094352,geo_point_2d
16094,40.2972456,-2.5343836,geo_point_2d
16001,40.0374092,-2.3840338,geo_point_2d
16240,40.1222774,-2.8015536,geo_point_2d
16130,39.8646986,-2.656309,geo_point_2d
16005,40.3643014,-2.2843703,geo_point_2d
16204,39.5030485,-2.1540348,geo_point_2d
16052,40.0361571,-1.6660746,geo_point_2d
16263,39.9935512,-2.2622801,geo_point_2d
16011,40.4236905,-2.6015862,geo_point_2d
16074,40.0618284,-1.8691401,geo_point_2d
16237,39.6227099,-2.030859,geo_point_2d
16275,40.582925,-2.3846468,geo_point_2d
16048,40.4410936,-2.2406535,geo_point_2d
16079,40.5752986,-2.0055465,geo_point_2d
16119,40.1634904,-2.9769682,geo_point_2d
16254,40.2244016,-2.2778438,geo_point_2d
16259,40.4434932,-2.4857979,geo_point_2d
16088,39.9290613,-1.4668562,geo_point_2d
16006,40.4722968,-2.3994723,geo_point_2d
16056,39.7991487,-1.7026285,geo_point_2d
16086,39.9276083,-3.0428979,geo_point_2d
16137,39.75673,-1.4940568,geo_point_2d
16209,40.3039306,-2.2881363,geo_point_2d
16251,39.4234564,-1.9437039,geo_point_2d
16061,39.3477203,-2.3288754,geo_point_2d
16143,40.2981823,-2.4214201,geo_point_2d
16129,39.7408033,-2.507975,geo_point_2d
16236,39.7137432,-2.2305582,geo_point_2d
16203,39.9965342,-3.0057918,geo_point_2d
16010,40.0545298,-2.8083736,geo_point_2d
16103,39.7086262,-2.8242983,geo_point_2d
16167,39.8092425,-2.9408058,geo_point_2d
16193,40.43058,-2.4047499,geo_point_2d
16055,39.8943594,-1.7958291,geo_point_2d
16002,39.9081747,-2.9807344,geo_point_2d
16027,40.1168627,-2.962305,geo_point_2d
16082,39.6670357,-1.6279896,geo_point_2d
16255,39.6336975,-2.5308302,geo_point_2d
16249,39.7279211,-2.9172667,geo_point_2d
16234,40.6263517,-2.120149,geo_point_2d
16227,40.1293845,-1.7783924,geo_point_2d
16063,39.344399,-2.1599532,geo_point_2d
16140,40.3078108,-2.4701869,geo_point_2d
16112,40.1587066,-2.6362467,geo_point_2d
16152,39.8676741,-2.2189798,geo_point_2d
16068,39.5304854,-1.7512259,geo_point_2d
16246,40.3476553,-2.6642088,geo_point_2d
16083,39.9286339,-2.3023268,geo_point_2d
16058,39.5913251,-2.5519192,geo_point_2d
16186,39.899269,-2.8036433,geo_point_2d
16247,39.6817309,-2.5112028,geo_point_2d
16123,40.5415489,-1.9832719,geo_point_2d
16157,39.5829904,-1.5697961,geo_point_2d
16099,39.726603,-2.4249832,geo_point_2d
16044,40.0922601,-1.6865485,geo_point_2d
16253,39.8024493,-2.5807851,geo_point_2d
16197,40.488783,-2.0499503,geo_point_2d
16264,39.7597591,-2.6806737,geo_point_2d
16097,39.8320017,-1.4808,geo_point_2d
16206,40.3336628,-2.582921,geo_point_2d
16163,40.2992977,-2.0743295,geo_point_2d
16169,40.5964411,-2.2646419,geo_point_2d
16270,39.946826,-2.9070933,geo_point_2d
16040,40.1252585,-1.9845521,geo_point_2d
16150,39.7155978,-1.7666929,geo_point_2d
16122,40.173112,-2.1253558,geo_point_2d
16064,39.2943093,-2.2613143,geo_point_2d
16175,39.3376435,-1.9405673,geo_point_2d
16115,40.191861,-1.6731662,geo_point_2d
16228,40.4958259,-2.4562938,geo_point_2d
16189,40.1333325,-1.4882317,geo_point_2d
16132,39.8722276,-2.3051816,geo_point_2d
16187,40.0837711,-1.5546146,geo_point_2d
16171,39.3801667,-2.5708301,geo_point_2d
16225,40.0335102,-1.7721485,geo_point_2d
16041,40.3731327,-2.7626667,geo_point_2d
16153,39.4794821,-2.7518161,geo_point_2d
16274,39.7517457,-1.5917901,geo_point_2d
16107,40.2769523,-1.8149284,geo_point_2d
16170,40.4566268,-2.3172884,geo_point_2d
16131,39.8094731,-1.9202295,geo_point_2d
16007,39.4977217,-2.4986985,geo_point_2d
16159,39.6147173,-2.4170804,geo_point_2d
16057,40.5840485,-2.1938729,geo_point_2d
16018,39.8272586,-2.781614,geo_point_2d
16224,40.2250732,-1.7429905,geo_point_2d
16177,39.8864841,-1.8985085,geo_point_2d
16155,39.491608,-1.8845922,geo_point_2d
16092,39.6427272,-1.9547845,geo_point_2d
16269,39.8328689,-2.5093014,geo_point_2d
16065,39.2959672,-2.3804737,geo_point_2d
16134,39.5630389,-1.9097162,geo_point_2d
16039,39.6521745,-2.1570923,geo_point_2d
16049,39.5416629,-2.3271007,geo_point_2d
16015,39.6908046,-2.387359,geo_point_2d
16174,39.566341,-1.6779968,geo_point_2d
16101,39.8475054,-2.7232793,geo_point_2d
16125,39.5077373,-1.5697566,geo_point_2d
16156,40.2408916,-2.5504385,geo_point_2d
16213,39.6632309,-2.2972234,geo_point_2d
17032,42.2908022,3.2736516,geo_point_2d
17134,42.3219419,2.1025671,geo_point_2d
17149,42.1904731,2.388668,geo_point_2d
17047,42.2476217,3.0977101,geo_point_2d
17062,42.1219961,3.1227166,geo_point_2d
17125,42.3062899,2.2304588,geo_point_2d
17103,41.7634821,2.7247893,geo_point_2d
17140,42.3248566,3.2163408,geo_point_2d
17044,41.8795206,2.8880758,geo_point_2d
17099,42.4578891,1.7659025,geo_point_2d
17002,41.9282469,2.7721496,geo_point_2d
17054,42.4026483,3.1235261,geo_point_2d
17092,42.366417,3.1266081,geo_point_2d
17151,42.2233419,3.0461455,geo_point_2d
17034,41.8635028,3.0730235,geo_point_2d
17025,42.0472444,2.9104462,geo_point_2d
17040,42.0561796,2.7244611,geo_point_2d
17194,41.995373,2.5188311,geo_point_2d
17078,42.4381959,1.8287558,geo_point_2d
17191,42.0307642,3.0655178,geo_point_2d
17195,42.0762899,3.0627105,geo_point_2d
17093,42.2944443,2.9122288,geo_point_2d
17082,42.4512765,1.8674842,geo_point_2d
17110,41.8939086,3.1488683,geo_point_2d
17043,42.3786329,2.171202,geo_point_2d
17192,42.400111,2.2943207,geo_point_2d
17130,42.0174766,2.9712972,geo_point_2d
17117,41.9137285,3.1687977,geo_point_2d
17223,42.3327454,3.1029626,geo_point_2d
17051,42.280376,2.8306326,geo_point_2d
17039,42.3104857,2.4310243,geo_point_2d
17215,41.9534168,2.7815454,geo_point_2d
17136,42.1847546,2.9115058,geo_point_2d
17174,42.1284458,2.6776569,geo_point_2d
17233,41.8914747,2.7392844,geo_point_2d
17135,42.3201082,2.9259165,geo_point_2d
17012,42.2529398,2.9142588,geo_point_2d
17066,42.2705944,2.9718704,geo_point_2d
17070,42.0146805,3.108409,geo_point_2d
17197,41.9515045,3.1290701,geo_point_2d
17118,41.8660273,3.1303008,geo_point_2d
17124,41.9827106,3.1689054,geo_point_2d
17209,41.8860052,3.1243871,geo_point_2d
17060,42.363724,2.829184,geo_point_2d
17063,41.8737477,2.4230381,geo_point_2d
17133,42.0644904,2.5494295,geo_point_2d
17132,42.3018392,3.029769,geo_point_2d
17147,42.1861941,2.2138952,geo_point_2d
17016,42.1413246,2.9161113,geo_point_2d
17143,42.3998245,3.0465067,geo_point_2d
17196,42.3116063,2.842666,geo_point_2d
17007,42.0104562,2.6016974,geo_point_2d
17189,41.9712153,2.600094,geo_point_2d
17061,42.3624054,1.8670479,geo_point_2d
17183,42.0745678,2.6021975,geo_point_2d
17188,42.3167887,3.1872018,geo_point_2d
17096,42.1665518,2.1005031,geo_point_2d
17050,42.0667033,2.9086634,geo_point_2d
17107,42.3697457,2.4003694,geo_point_2d
17137,42.1218281,2.7303406,geo_point_2d
17200,42.2434742,2.6207966,geo_point_2d
17038,41.897954,2.8321472,geo_point_2d
17087,42.0134493,2.9079754,geo_point_2d
17185,42.2025471,2.5354012,geo_point_2d
17081,42.0253778,3.1170249,geo_point_2d
17176,42.151059,2.9884714,geo_point_2d
17177,42.2652949,2.3616305,geo_point_2d
17071,42.1360385,2.8050964,geo_point_2d
17035,42.0844257,2.7620736,geo_point_2d
17201,42.3258621,2.0357016,geo_point_2d
17102,42.3842916,2.7327533,geo_point_2d
17048,41.8214185,3.0465317,geo_point_2d
17145,42.3000396,2.1713938,geo_point_2d
17010,42.2096582,2.6300449,geo_point_2d
17037,42.2851598,2.134759,geo_point_2d
17057,41.9949767,3.0175012,geo_point_2d
17203,42.0397469,3.0371162,geo_point_2d
17224,42.3418605,2.2784475,geo_point_2d
17175,42.1767762,2.9950696,geo_point_2d
17088,42.2544327,2.8101943,geo_point_2d
17106,42.3495414,3.0096818,geo_point_2d
17085,42.0730435,3.0132311,geo_point_2d
17173,42.0055046,2.9280594,geo_point_2d
17030,42.3081639,2.968095,geo_point_2d
17046,42.2186901,2.5431234,geo_point_2d
17182,42.2329239,2.9524761,geo_point_2d
17105,42.1220919,2.6312192,geo_point_2d
17005,42.2456417,2.9930754,geo_point_2d
17228,42.2567016,2.8800434,geo_point_2d
17225,42.1993363,3.0565936,geo_point_2d
17094,42.4661436,1.9813797,geo_point_2d
17227,42.3762414,3.066905,geo_point_2d
17205,41.9996607,3.0710837,geo_point_2d
17006,42.3467544,1.9360683,geo_point_2d
17155,41.9736522,2.7847425,geo_point_2d
17021,42.2393515,2.7151559,geo_point_2d
17150,41.8933503,2.7963789,geo_point_2d
17042,42.371458,2.9076743,geo_point_2d
17120,42.3005437,3.1420226,geo_point_2d
17033,41.8340611,2.8086973,geo_point_2d
17001,42.4058048,2.8407592,geo_point_2d
17216,42.0971356,2.9240514,geo_point_2d
17098,42.2109771,2.7490631,geo_point_2d
17181,41.8275711,2.9816667,geo_point_2d
17112,42.2645723,2.2525543,geo_point_2d
17111,42.2177668,2.861733,geo_point_2d
17101,41.775222,2.6489561,geo_point_2d
17153,42.0168817,3.0097259,geo_point_2d
17091,42.3417481,2.3469469,geo_point_2d
17193,41.827736,2.7392826,geo_point_2d
17074,42.2428559,3.0357698,geo_point_2d
17115,42.2159044,2.8945571,geo_point_2d
17013,41.9478833,3.1999165,geo_point_2d
17220,41.8444711,2.3725589,geo_point_2d
17184,42.1512152,2.569255,geo_point_2d
17157,41.8695833,2.823235,geo_point_2d
17121,41.9840012,3.1198741,geo_point_2d
17052,42.2119745,3.0071254,geo_point_2d
17222,42.1389034,2.9562638,geo_point_2d
17049,42.0178867,2.8780122,geo_point_2d
17210,42.1511573,3.0417023,geo_point_2d
17144,41.9495976,3.1718238,geo_point_2d
17008,41.9440772,2.6378483,geo_point_2d
17217,42.1276914,3.0633359,geo_point_2d
17169,42.0455189,2.8490392,geo_point_2d
17204,42.0509164,3.103876,geo_point_2d
17079,41.9847921,2.8352816,geo_point_2d
17041,42.4181796,2.9281669,geo_point_2d
17146,41.7613027,2.5210243,geo_point_2d
17226,42.2220619,2.9729733,geo_point_2d
17090,41.9228041,2.86916,geo_point_2d
17089,41.8150132,2.908154,geo_point_2d
17178,42.1864493,3.0918605,geo_point_2d
17163,42.0010846,2.7474399,geo_point_2d
17031,42.2479836,2.7859325,geo_point_2d
17097,41.9859306,2.9531754,geo_point_2d
17114,42.1768844,2.4939759,geo_point_2d
17064,42.4292669,3.0055732,geo_point_2d
17162,42.1859764,2.6648602,geo_point_2d
17055,42.0840782,2.9886531,geo_point_2d
17167,42.2339159,2.3020285,geo_point_2d
17023,41.6892185,2.7829,geo_point_2d
17198,42.1863289,3.0305341,geo_point_2d
17160,41.783142,3.0110528,geo_point_2d
17126,42.0199791,3.0422908,geo_point_2d
17158,42.3884114,2.9666666,geo_point_2d
17123,42.0561876,2.803856,geo_point_2d
17015,42.122096,2.7711459,geo_point_2d
17009,41.8245353,2.490877,geo_point_2d
17202,41.74184,2.9149904,geo_point_2d
17212,42.1422283,2.3275179,geo_point_2d
17026,42.2178192,2.9305638,geo_point_2d
17086,42.4396404,2.9032918,geo_point_2d
17020,41.9531224,2.7166623,geo_point_2d
17003,42.3182295,2.6624926,geo_point_2d
17211,42.0680558,3.0430371,geo_point_2d
17028,41.9122669,2.6720151,geo_point_2d
17024,42.416529,1.8825327,geo_point_2d
17159,41.7812712,2.5869057,geo_point_2d
17171,42.3259051,2.7698708,geo_point_2d
17148,41.8218189,2.6718656,geo_point_2d
17011,42.1659661,3.0850104,geo_point_2d
17084,42.3913339,1.8236875,geo_point_2d
17138,42.4269617,3.1381221,geo_point_2d
17076,42.1060241,3.0240145,geo_point_2d
17077,42.3436194,3.0625004,geo_point_2d
17141,42.4159648,1.938539,geo_point_2d
17152,42.2712574,3.1997266,geo_point_2d
17221,42.2495257,2.9450562,geo_point_2d
17018,42.0867393,3.103813,geo_point_2d
17004,42.1073071,3.0809342,geo_point_2d
17068,42.0505014,3.0005718,geo_point_2d
17232,42.1093801,2.9874581,geo_point_2d
17164,41.9020227,2.5012415,geo_point_2d
17083,41.7409367,2.6304067,geo_point_2d
17187,42.1259493,2.9612887,geo_point_2d
17128,42.3091476,3.113811,geo_point_2d
17080,42.2506517,2.0702812,geo_point_2d
17180,41.8686235,2.6253254,geo_point_2d
17095,41.7224649,2.8346094,geo_point_2d
17206,42.3307305,1.8591795,geo_point_2d
17199,42.0572677,3.1607049,geo_point_2d
17036,42.2371524,2.1391932,geo_point_2d
17230,42.2622602,3.0209704,geo_point_2d
17058,42.1929314,2.7994288,geo_point_2d
17019,42.2014922,2.6981735,geo_point_2d
17065,42.1713047,2.8011938,geo_point_2d
17190,42.1674233,2.7379102,geo_point_2d
17214,42.2833397,2.9812817,geo_point_2d
17234,42.3397438,2.9017671,geo_point_2d
17116,41.9417726,2.562671,geo_point_2d
17154,42.2651311,2.6350231,geo_point_2d
17166,42.0738316,2.9538487,geo_point_2d
17027,41.7532549,2.5565201,geo_point_2d
17100,42.3433628,2.9629836,geo_point_2d
17139,42.1473884,2.4739877,geo_point_2d
17073,41.9279399,2.8117488,geo_point_2d
17161,42.0989278,2.5072257,geo_point_2d
17056,42.0905994,2.8241371,geo_point_2d
17075,42.1823791,2.9534004,geo_point_2d
17213,41.7745313,2.8118053,geo_point_2d
17218,42.1343835,2.8647368,geo_point_2d
17014,42.4056298,2.7988422,geo_point_2d
18088,37.5297374,-3.3933576,geo_point_2d
18912,37.6127242,-2.9129244,geo_point_2d
18102,37.2825409,-3.8981406,geo_point_2d
18005,37.2331595,-3.1405989,geo_point_2d
18093,36.7379283,-3.3916562,geo_point_2d
18149,37.0738671,-3.6523612,geo_point_2d
18061,37.1220717,-3.8445726,geo_point_2d
18040,36.9601175,-3.4253244,geo_point_2d
18084,37.0938422,-3.5895142,geo_point_2d
18089,37.3894659,-3.0804845,geo_point_2d
18107,36.9396537,-3.7928838,geo_point_2d
18011,37.2471744,-3.5551945,geo_point_2d
18171,37.1378753,-4.0386405,geo_point_2d
18151,36.9632977,-3.3792242,geo_point_2d
18045,37.7359382,-2.6781773,geo_point_2d
18105,37.402791,-3.5342879,geo_point_2d
18194,37.5720799,-2.8471356,geo_point_2d
18001,37.0136014,-3.8206447,geo_point_2d
18066,37.3452038,-3.5943521,geo_point_2d
18076,37.4220074,-3.1678166,geo_point_2d
18111,37.2164778,-3.5885737,geo_point_2d
18098,37.8917901,-2.5868024,geo_point_2d
18146,37.7191891,-2.3982188,geo_point_2d
18094,37.144971,-3.3574646,geo_point_2d
18109,36.7967645,-3.664501,geo_point_2d
18032,36.9885234,-3.3710971,geo_point_2d
18002,37.5880584,-3.2425923,geo_point_2d
18020,36.9494837,-3.8756034,geo_point_2d
18903,37.03985,-3.0370898,geo_point_2d
18010,37.1591785,-3.0769433,geo_point_2d
18168,37.2307587,-3.4154564,geo_point_2d
18079,37.2188643,-3.7851457,geo_point_2d
18103,36.7892055,-3.6391443,geo_point_2d
18106,36.9342362,-3.9156549,geo_point_2d
18087,37.1856472,-3.5914067,geo_point_2d
18173,36.7622485,-3.5833657,geo_point_2d
18164,37.9285093,-2.402279,geo_point_2d
18021,37.1478165,-3.6193903,geo_point_2d
18007,36.9279684,-3.6882201,geo_point_2d
18039,37.4159306,-2.6813089,geo_point_2d
18154,37.2784703,-3.3113379,geo_point_2d
18047,37.1553716,-3.5374542,geo_point_2d
18178,37.4984243,-3.3587849,geo_point_2d
18024,37.236865,-3.4647118,geo_point_2d
18013,36.9945868,-3.9996483,geo_point_2d
18097,37.1879481,-2.9357581,geo_point_2d
18117,37.1472874,-3.1383809,geo_point_2d
18069,37.2134508,-2.955347,geo_point_2d
18046,37.8270706,-2.7742378,geo_point_2d
18138,37.1808189,-3.9506341,geo_point_2d
18182,36.9474974,-3.0680203,geo_point_2d
18100,37.1968247,-4.0468028,geo_point_2d
18044,36.9152705,-3.2408837,geo_point_2d
18003,37.3050848,-3.658989,geo_point_2d
18133,36.791949,-3.6019628,geo_point_2d
18034,37.0759036,-3.9146386,geo_point_2d
18913,37.252708,-4.1741689,geo_point_2d
18127,37.2104747,-3.6400689,geo_point_2d
18152,37.5134198,-3.2204843,geo_point_2d
18078,37.5221227,-2.9259674,geo_point_2d
18068,37.0620532,-3.5186733,geo_point_2d
18042,37.0133323,-3.344223,geo_point_2d
18159,37.4307218,-3.4049486,geo_point_2d
18108,37.1527227,-3.1950481,geo_point_2d
18015,37.6086686,-3.1611795,geo_point_2d
18004,36.8429109,-3.2072822,geo_point_2d
18161,37.2485516,-3.2408612,geo_point_2d
18095,37.2574314,-3.6015644,geo_point_2d
18077,36.9523891,-3.8468949,geo_point_2d
18135,37.3322288,-4.0317743,geo_point_2d
18192,36.9962951,-4.1541573,geo_point_2d
18114,37.2249155,-3.0426086,geo_point_2d
18124,36.7817509,-3.3840504,geo_point_2d
18036,37.1318067,-3.570789,geo_point_2d
18082,37.717512,-2.563416,geo_point_2d
18014,37.0661734,-3.7012129,geo_point_2d
18043,36.9185781,-3.3944277,geo_point_2d
18049,37.2304703,-3.1766932,geo_point_2d
18180,37.0497917,-3.2598303,geo_point_2d
18123,37.2043994,-3.2489245,geo_point_2d
18029,37.6288894,-2.6980332,geo_point_2d
18116,36.950283,-3.464238,geo_point_2d
18141,36.8668623,-3.130388,geo_point_2d
18144,37.2655697,-3.5553024,geo_point_2d
18101,37.1481887,-3.5665514,geo_point_2d
18062,37.1495902,-3.6423206,geo_point_2d
18086,37.5197712,-3.0360942,geo_point_2d
18018,37.185807,-3.1097161,geo_point_2d
18132,37.3563655,-3.7942987,geo_point_2d
18134,37.1051461,-3.4752633,geo_point_2d
18128,37.2988568,-3.1964713,geo_point_2d
18120,36.8440647,-3.6876165,geo_point_2d
18147,36.8649562,-3.3985567,geo_point_2d
18030,37.0255017,-3.1964607,geo_point_2d
18035,36.9278768,-3.1657658,geo_point_2d
18083,37.4775448,-3.3037245,geo_point_2d
18085,37.374156,-2.9511762,geo_point_2d
18183,37.0255135,-3.094543,geo_point_2d
18025,37.2764072,-3.2132146,geo_point_2d
18162,36.7770568,-3.3012379,geo_point_2d
18057,37.1584731,-3.6784727,geo_point_2d
18176,36.9566016,-3.3992134,geo_point_2d
18063,37.365087,-3.2848956,geo_point_2d
18187,37.530476,-3.1116725,geo_point_2d
18177,36.7903841,-3.2626733,geo_point_2d
18148,36.8380637,-3.7448221,geo_point_2d
18023,37.4142815,-2.7733843,geo_point_2d
18167,37.3398883,-3.1994104,geo_point_2d
18189,37.2363771,-3.538449,geo_point_2d
18140,36.7450979,-3.4842713,geo_point_2d
18145,37.1232409,-3.61636,geo_point_2d
18022,37.2567829,-3.7052735,geo_point_2d
18184,36.8204865,-3.489884,geo_point_2d
18067,37.3247085,-3.3521121,geo_point_2d
18059,37.1782994,-3.7871798,geo_point_2d
18112,36.9634746,-3.2306486,geo_point_2d
18053,37.6890225,-2.8182607,geo_point_2d
18165,37.2263088,-3.6094956,geo_point_2d
18170,36.7824429,-3.3387486,geo_point_2d
18074,37.1784231,-3.0253561,geo_point_2d
18016,36.9023602,-3.2844858,geo_point_2d
18012,37.3001505,-4.1904528,geo_point_2d
18038,37.505684,-3.5992994,geo_point_2d
18051,37.3854696,-3.7128232,geo_point_2d
18137,37.4709143,-3.7219507,geo_point_2d
18163,36.9715977,-3.3057815,geo_point_2d
18185,37.0686824,-3.834339,geo_point_2d
18072,37.0511782,-3.7764068,geo_point_2d
18017,36.7688558,-3.724761,geo_point_2d
18033,36.9576582,-3.2788203,geo_point_2d
18121,36.9110023,-3.2103111,geo_point_2d
18174,37.0642933,-3.9746704,geo_point_2d
18064,37.5942452,-3.0785948,geo_point_2d
18096,37.4158485,-3.2651415,geo_point_2d
18028,37.443106,-3.6707393,geo_point_2d
18188,37.2295905,-4.007085,geo_point_2d
18070,37.1859193,-3.4901987,geo_point_2d
18153,37.2416402,-3.6302119,geo_point_2d
18006,36.7806481,-3.1878625,geo_point_2d
18158,37.2385395,-3.8094142,geo_point_2d
18122,37.155015,-4.1855802,geo_point_2d
18048,37.1700957,-3.8260314,geo_point_2d
18037,37.2802071,-3.6278398,geo_point_2d
18150,37.0140818,-3.6699089,geo_point_2d
18071,37.0221356,-3.5133212,geo_point_2d
18905,37.1327077,-3.696554,geo_point_2d
18157,37.1595013,-3.5043656,geo_point_2d
18115,37.1851009,-3.8443344,geo_point_2d
18136,37.5601967,-3.5092303,geo_point_2d
18143,36.991596,-3.502914,geo_point_2d
19105,40.5702995,-3.1945695,geo_point_2d
19252,40.4238494,-2.823876,geo_point_2d
19204,40.5322891,-1.7310343,geo_point_2d
19307,40.97603,-3.3203246,geo_point_2d
19024,40.5916459,-3.2455404,geo_point_2d
19004,40.8745657,-2.7235016,geo_point_2d
19042,41.0755129,-3.1337792,geo_point_2d
19247,40.5430168,-2.4897268,geo_point_2d
19159,40.8598929,-2.8533473,geo_point_2d
19179,40.9460207,-2.9955452,geo_point_2d
19019,40.5878376,-2.6515829,geo_point_2d
19102,40.813586,-3.4106125,geo_point_2d
19009,40.4634056,-2.5819603,geo_point_2d
19130,40.6400914,-3.1758464,geo_point_2d
19196,40.8177019,-2.94672,geo_point_2d
19209,40.9438274,-1.9308096,geo_point_2d
19065,41.2264934,-3.2928894,geo_point_2d
19120,40.7803573,-3.3110278,geo_point_2d
19010,41.2135908,-2.7828991,geo_point_2d
19125,40.8308298,-2.8873963,geo_point_2d
19259,41.2594896,-3.065879,geo_point_2d
19046,40.5567207,-3.263128,geo_point_2d
19108,40.633674,-2.7149969,geo_point_2d
19261,40.912961,-2.3952729,geo_point_2d
19174,40.9414376,-2.8336223,geo_point_2d
19198,41.0291374,-2.8598582,geo_point_2d
19243,40.9332432,-1.8500142,geo_point_2d
19173,40.8735989,-3.3002595,geo_point_2d
19123,40.5203575,-2.990022,geo_point_2d
19333,40.7596005,-2.1869334,geo_point_2d
19154,40.8668502,-2.670185,geo_point_2d
19118,40.740593,-2.0278492,geo_point_2d
19329,40.6186043,-2.8549378,geo_point_2d
19033,40.9679636,-2.1530858,geo_point_2d
19092,40.9391283,-3.1265752,geo_point_2d
19311,41.134538,-3.2351803,geo_point_2d
19287,40.9936844,-1.7811458,geo_point_2d
19038,40.6725164,-2.4013337,geo_point_2d
19156,40.9288656,-2.9363228,geo_point_2d
19168,40.9612328,-2.7389626,geo_point_2d
19294,41.2267786,-3.0111672,geo_point_2d
19265,41.0260031,-1.9386429,geo_point_2d
19232,40.6205942,-2.3326122,geo_point_2d
19139,40.8190648,-1.6653888,geo_point_2d
19264,40.6739433,-1.9773071,geo_point_2d
19048,40.7185825,-2.0011592,geo_point_2d
19269,41.0082524,-3.0060593,geo_point_2d
19070,40.8484627,-3.3656183,geo_point_2d
19005,40.8405064,-3.1062708,geo_point_2d
19278,40.8433793,-2.5388501,geo_point_2d
19183,41.0920857,-1.8816587,geo_point_2d
19050,40.7847994,-2.7596594,geo_point_2d
19135,41.0800961,-2.9969753,geo_point_2d
19200,40.6004834,-2.7611454,geo_point_2d
19211,40.5618194,-2.651134,geo_point_2d
19186,40.9263377,-2.711702,geo_point_2d
19284,40.7558187,-1.851411,geo_point_2d
19237,40.8846007,-1.9268891,geo_point_2d
19318,40.9029287,-2.9161939,geo_point_2d
19058,40.6339345,-3.2421755,geo_point_2d
19293,40.8290554,-3.450963,geo_point_2d
19167,40.8327915,-3.264327,geo_point_2d
19901,41.0448481,-3.1248514,geo_point_2d
19163,41.029018,-2.2792358,geo_point_2d
19043,40.6605387,-3.0100848,geo_point_2d
19191,40.9976371,-3.1136788,geo_point_2d
19271,40.7137101,-1.6814467,geo_point_2d
19297,40.5128698,-3.1257794,geo_point_2d
19115,41.0059695,-2.025795,geo_point_2d
19219,40.6729345,-1.8762855,geo_point_2d
19241,41.2803351,-2.8889406,geo_point_2d
19027,40.6103066,-1.632053,geo_point_2d
19301,40.4531128,-2.8747403,geo_point_2d
19075,40.9317774,-2.7867088,geo_point_2d
19262,41.0305531,-3.2300658,geo_point_2d
19272,40.6657989,-1.5803782,geo_point_2d
19096,41.1892876,-3.1106809,geo_point_2d
19280,40.6662954,-3.3470213,geo_point_2d
19037,40.9828639,-3.1516203,geo_point_2d
19169,40.625426,-2.6689674,geo_point_2d
19300,40.6481044,-3.3068157,geo_point_2d
19335,40.3275664,-2.8886661,geo_point_2d
19238,41.1252609,-2.8161544,geo_point_2d
19040,40.7364847,-2.3228874,geo_point_2d
19222,40.7949855,-1.6191596,geo_point_2d
19254,40.9413894,-2.1105925,geo_point_2d
19126,40.708959,-3.3510937,geo_point_2d
19166,40.7853101,-3.2464768,geo_point_2d
19268,40.7480079,-1.9217695,geo_point_2d
19190,40.8738547,-1.8082246,geo_point_2d
19150,40.4627105,-2.9619775,geo_point_2d
19314,41.0282315,-2.7857965,geo_point_2d
19162,40.9669874,-2.4469199,geo_point_2d
19006,40.2863859,-2.8505405,geo_point_2d
19290,40.7812527,-2.9843961,geo_point_2d
19203,41.1132786,-3.1349735,geo_point_2d
19224,40.3478045,-3.0294502,geo_point_2d
19171,40.6812385,-3.2093774,geo_point_2d
19022,40.2879565,-2.8412157,geo_point_2d
19256,41.2021914,-2.6360283,geo_point_2d
19076,40.8265618,-1.7488496,geo_point_2d
19016,41.1367382,-1.9498587,geo_point_2d
19036,40.4913567,-3.0777767,geo_point_2d
19110,40.5538982,-2.5664034,geo_point_2d
19304,40.7584053,-3.3752161,geo_point_2d
19112,40.4160437,-3.0035571,geo_point_2d
19181,41.2545059,-2.962314,geo_point_2d
19260,40.8760184,-2.6314051,geo_point_2d
19270,41.2151183,-2.7573943,geo_point_2d
19054,40.6687282,-2.7627749,geo_point_2d
19114,40.8599024,-2.3698445,geo_point_2d
19015,40.6911511,-3.0513818,geo_point_2d
19218,41.0196769,-2.9427186,geo_point_2d
19013,40.6264324,-1.7511178,geo_point_2d
19176,40.2622309,-3.0196478,geo_point_2d
19057,41.1357923,-3.072538,geo_point_2d
19193,40.9039264,-3.1172391,geo_point_2d
19216,40.5894012,-1.899153,geo_point_2d
19334,41.0619232,-3.0566562,geo_point_2d
19061,41.2614117,-3.1405448,geo_point_2d
19119,40.9203897,-3.0959719,geo_point_2d
19059,40.8644609,-1.6711456,geo_point_2d
19066,40.7739659,-3.070034,geo_point_2d
19248,40.9878074,-3.0340041,geo_point_2d
19212,40.4038669,-2.9090063,geo_point_2d
19148,40.8232058,-2.2883739,geo_point_2d
19239,40.8450821,-3.2182122,geo_point_2d
19002,40.9021402,-2.2207042,geo_point_2d
19079,40.8012384,-1.8710239,geo_point_2d
19082,40.6509267,-3.0577945,geo_point_2d
19060,41.0546889,-3.3275935,geo_point_2d
19153,40.9917209,-2.3707276,geo_point_2d
19017,40.9489538,-2.6700906,geo_point_2d
19214,40.6772171,-2.0928386,geo_point_2d
19157,40.9661552,-2.9065769,geo_point_2d
19132,40.7177,-2.704945,geo_point_2d
19099,40.8425238,-2.0242256,geo_point_2d
19113,40.8986174,-3.0460846,geo_point_2d
19249,40.6306847,-2.8130158,geo_point_2d
19242,40.5722784,-2.9844129,geo_point_2d
19231,41.0896779,-2.8440918,geo_point_2d
19319,40.5921909,-3.3045093,geo_point_2d
19020,40.8953362,-2.7619475,geo_point_2d
19074,40.6999298,-2.9741382,geo_point_2d
19283,40.8847951,-2.0560386,geo_point_2d
19122,41.0550556,-1.8194317,geo_point_2d
19127,41.2057654,-3.1969166,geo_point_2d
19195,40.7716572,-1.7023877,geo_point_2d
19155,40.607609,-2.8933166,geo_point_2d
19055,40.9359499,-2.8775358,geo_point_2d
19286,40.7122092,-3.1240537,geo_point_2d
19240,41.1120488,-2.9419476,geo_point_2d
19053,40.7398776,-2.8540869,geo_point_2d
19152,40.1963864,-2.9507451,geo_point_2d
19257,41.1033178,-2.6566555,geo_point_2d
19098,40.869662,-3.0524698,geo_point_2d
19291,40.6686417,-2.5553594,geo_point_2d
19187,40.8893128,-2.9366131,geo_point_2d
19258,40.7582144,-2.6920321,geo_point_2d
19228,40.8950618,-3.2318046,geo_point_2d
19308,40.613391,-2.9596673,geo_point_2d
19325,40.7909209,-3.3488246,geo_point_2d
19086,40.7498207,-2.5859307,geo_point_2d
19103,40.5093452,-1.8104432,geo_point_2d
19321,41.1030237,-3.0279874,geo_point_2d
19277,40.7319337,-1.8152853,geo_point_2d
19007,40.3070043,-3.0378463,geo_point_2d
19281,41.0140446,-2.9064739,geo_point_2d
19230,40.6117337,-3.2828483,geo_point_2d
19124,40.3743719,-3.1032141,geo_point_2d
19121,40.5072144,-2.8732272,geo_point_2d
19235,40.9046517,-2.2870985,geo_point_2d
19305,40.9094308,-3.4005435,geo_point_2d
19303,41.2276982,-2.6743816,geo_point_2d
19078,40.5599631,-2.4306587,geo_point_2d
19117,40.7289851,-3.1882285,geo_point_2d
19244,40.827269,-2.4140108,geo_point_2d
19091,40.8419814,-2.7375568,geo_point_2d
19175,40.9784014,-2.1860374,geo_point_2d
19107,40.2379776,-3.0431576,geo_point_2d
19282,40.9230934,-2.5775368,geo_point_2d
19327,40.3512878,-2.9570854,geo_point_2d
19246,40.9067721,-2.3386879,geo_point_2d
19073,40.8726436,-2.9638215,geo_point_2d
19151,40.8495606,-3.1534248,geo_point_2d
19170,41.0512839,-2.1362656,geo_point_2d
19143,40.5668439,-3.0655506,geo_point_2d
19018,40.517236,-2.8326428,geo_point_2d
19322,40.9649692,-2.8011579,geo_point_2d
19234,40.9735419,-3.282306,geo_point_2d
19142,40.4477344,-3.0393304,geo_point_2d
19184,40.5050984,-2.5751126,geo_point_2d
19146,41.1399475,-3.1707359,geo_point_2d
19215,40.5743252,-2.8882123,geo_point_2d
19104,40.6036307,-1.83223,geo_point_2d
19285,40.9681298,-1.882514,geo_point_2d
19097,41.0470855,-2.9772385,geo_point_2d
19011,40.9975988,-2.4827276,geo_point_2d
19199,40.7741691,-2.3971919,geo_point_2d
19226,41.1820656,-3.0099016,geo_point_2d
19039,40.8888568,-2.8162211,geo_point_2d
19041,40.5249028,-3.0361282,geo_point_2d
19309,40.7783143,-1.9894362,geo_point_2d
19003,40.670829,-1.6739776,geo_point_2d
19008,41.2188087,-3.057004,geo_point_2d
19111,40.4009103,-3.0603544,geo_point_2d
19090,40.8759791,-2.1380399,geo_point_2d
19161,40.614619,-3.0461304,geo_point_2d
19330,40.6486056,-2.8431939,geo_point_2d
19255,40.7275569,-1.6003332,geo_point_2d
19225,40.4959899,-3.1796948,geo_point_2d
19221,40.6632079,-1.7326822,geo_point_2d
19021,40.2722463,-3.0380807,geo_point_2d
19223,40.6284361,-2.014158,geo_point_2d
19172,40.8257285,-2.698998,geo_point_2d
19165,41.1399166,-3.3231509,geo_point_2d
19324,41.1286356,-1.9966221,geo_point_2d
19217,40.6090824,-2.4836427,geo_point_2d
19136,41.2615687,-3.0161402,geo_point_2d
19233,40.4887399,-3.0167542,geo_point_2d
19263,40.8241516,-3.0858662,geo_point_2d
19296,40.8546421,-2.9232118,geo_point_2d
19227,40.7836725,-1.8027715,geo_point_2d
19202,41.1238967,-2.7416625,geo_point_2d
19134,40.8946701,-1.9567008,geo_point_2d
19052,41.1235552,-2.8880161,geo_point_2d
19274,40.744951,-3.0388959,geo_point_2d
19188,41.0955297,-2.0305009,geo_point_2d
19116,41.063983,-2.5299089,geo_point_2d
19032,41.0017118,-2.3524337,geo_point_2d
19201,40.8427751,-2.2082289,geo_point_2d
19192,40.3188677,-3.1181064,geo_point_2d
19051,40.5699847,-2.8121184,geo_point_2d
19081,40.9783888,-2.8425579,geo_point_2d
19266,40.54631,-2.9505839,geo_point_2d
19288,40.9580449,-3.3661002,geo_point_2d
19044,41.2082785,-2.8699464,geo_point_2d
19177,40.9855025,-2.9384454,geo_point_2d
19208,41.059028,-2.9152259,geo_point_2d
19279,40.8016516,-3.0854711,geo_point_2d
19220,40.4607787,-3.1735375,geo_point_2d
19138,40.8427316,-3.0288434,geo_point_2d
19213,40.7843484,-1.5627555,geo_point_2d
19332,40.9292021,-1.6614232,geo_point_2d
19245,40.4659224,-2.710913,geo_point_2d
19185,41.1842616,-2.9369723,geo_point_2d
19210,41.242643,-2.7341985,geo_point_2d
19109,40.9743704,-1.713669,geo_point_2d
19034,40.7344236,-1.74024,geo_point_2d
19317,40.6692265,-2.23438,geo_point_2d
19045,40.5132198,-2.779169,geo_point_2d
19298,40.8225958,-2.9933751,geo_point_2d
19067,41.1277572,-3.4269329,geo_point_2d
19194,40.503548,-2.9382581,geo_point_2d
19251,41.0250037,-2.5550273,geo_point_2d
19310,40.717541,-2.3934176,geo_point_2d
19087,41.1984048,-2.8175713,geo_point_2d
19047,41.0014012,-2.7744876,geo_point_2d
19306,40.8080698,-2.7349413,geo_point_2d
19326,40.5404182,-3.1020676,geo_point_2d
19289,40.6721863,-1.8065616,geo_point_2d
19178,40.6352142,-1.8646266,geo_point_2d
19160,40.4409276,-3.1155332,geo_point_2d
19250,41.0872279,-2.8090651,geo_point_2d
19182,40.9394788,-3.2415342,geo_point_2d
19267,40.7008748,-1.9058273,geo_point_2d
19049,41.2982257,-2.9184336,geo_point_2d
19331,40.7591471,-3.1751263,geo_point_2d
19106,40.5917096,-2.7000597,geo_point_2d
19095,41.2137131,-3.1010799,geo_point_2d
19064,40.7998413,-2.5091367,geo_point_2d
19229,40.9184207,-3.3000255,geo_point_2d
19323,40.8367607,-3.3421344,geo_point_2d
19302,40.7176533,-3.0053773,geo_point_2d
19299,40.6631798,-2.9617802,geo_point_2d
19001,40.885812,-2.4689632,geo_point_2d
19189,40.7986742,-3.1737255,geo_point_2d
19147,41.0527865,-2.7906085,geo_point_2d
19088,40.750859,-3.1047219,geo_point_2d
19023,40.5662521,-2.7413274,geo_point_2d
19129,41.1406404,-3.0091161,geo_point_2d
20023,43.1458443,-2.0258154,geo_point_2d
20067,43.2643844,-1.8885108,geo_point_2d
20074,43.1246871,-2.4288933,geo_point_2d
20006,43.1703587,-2.1141506,geo_point_2d
20005,43.0991799,-2.0992052,geo_point_2d
20076,43.0590801,-2.181245,geo_point_2d
20020,43.1263607,-2.203377,geo_point_2d
20026,43.0101048,-2.2923751,geo_point_2d
20054,43.0938928,-2.0308681,geo_point_2d
20903,43.2777229,-1.9337208,geo_point_2d
20047,43.0822324,-2.1809172,geo_point_2d
20036,43.3615832,-1.8253341,geo_point_2d
20072,43.2269275,-1.9712765,geo_point_2d
20002,43.2127092,-2.0562903,geo_point_2d
20017,43.1741596,-2.3290273,geo_point_2d
20069,43.2953556,-1.9880372,geo_point_2d
20904,43.0724719,-2.1322095,geo_point_2d
20003,43.2640796,-2.2329112,geo_point_2d
20053,43.327665,-1.8775944,geo_point_2d
20043,42.987228,-2.2329382,geo_point_2d
20027,43.2362701,-2.2423769,geo_point_2d
20068,42.9753234,-2.5644907,geo_point_2d
20050,43.1211477,-2.0540692,geo_point_2d
20077,43.0969503,-2.331405,geo_point_2d
20071,43.1062887,-2.0810433,geo_point_2d
20052,43.0892447,-2.1522056,geo_point_2d
20051,43.0288097,-2.3421845,geo_point_2d
20025,42.9650008,-2.296157,geo_point_2d
20075,43.1802069,-2.0306335,geo_point_2d
20044,43.090899,-2.1209346,geo_point_2d
20022,43.1315189,-1.9605877,geo_point_2d
20039,43.2940701,-2.213688,geo_point_2d
20045,43.3187741,-1.7844843,geo_point_2d
20010,43.168334,-2.0750595,geo_point_2d
20018,43.1625547,-2.2597506,geo_point_2d
20009,43.2162145,-2.0132194,geo_point_2d
20001,43.0387078,-2.1056716,geo_point_2d
20057,43.0278866,-2.2811589,geo_point_2d
20048,43.1859826,-2.1222379,geo_point_2d
20901,43.2464591,-2.3814847,geo_point_2d
20063,43.2764359,-1.8390789,geo_point_2d
20028,43.2167683,-2.0771266,geo_point_2d
20019,43.0722993,-2.2193819,geo_point_2d
20032,43.2144889,-2.40339,geo_point_2d
20029,43.2637678,-2.3201759,geo_point_2d
20021,43.1357354,-2.0391499,geo_point_2d
20034,42.9995735,-2.5332524,geo_point_2d
20031,43.1628871,-1.9746863,geo_point_2d
20046,43.1655859,-2.0572014,geo_point_2d
20041,43.1538397,-2.0949624,geo_point_2d
20078,43.0252095,-2.1377619,geo_point_2d
20040,43.2360362,-1.9429779,geo_point_2d
20058,43.0242473,-2.2067203,geo_point_2d
20008,43.0484456,-2.071881,geo_point_2d
20030,43.1963342,-2.4662282,geo_point_2d
20070,42.9962102,-2.2596385,geo_point_2d
20066,43.1757428,-2.1853202,geo_point_2d
20906,43.0655176,-2.1507503,geo_point_2d
20079,43.2740726,-2.1692116,geo_point_2d
20013,43.0189475,-2.4856276,geo_point_2d
20080,43.1021834,-2.3099093,geo_point_2d
20907,43.1069522,-2.0187896,geo_point_2d
20049,43.0210261,-2.1719497,geo_point_2d
20042,43.1423764,-2.0491037,geo_point_2d
20014,43.2040818,-2.1152713,geo_point_2d
20011,43.0977927,-2.3753601,geo_point_2d
20081,43.286038,-2.2449617,geo_point_2d
20004,43.131453,-2.1395839,geo_point_2d
20062,43.0422237,-2.251433,geo_point_2d
20059,43.0112227,-2.4137925,geo_point_2d
20016,43.2430561,-2.1493865,geo_point_2d
20064,43.3389097,-1.894744,geo_point_2d
20015,42.9736539,-2.1620826,geo_point_2d
20033,43.1480027,-2.4827274,geo_point_2d
20037,43.0539019,-2.1310421,geo_point_2d
20038,43.0520205,-2.2960351,geo_point_2d
20056,43.2935055,-2.3990113,geo_point_2d
20061,43.2874716,-2.1075594,geo_point_2d
20905,43.0782699,-2.1065912,geo_point_2d
20073,43.2734233,-2.0625429,geo_point_2d
20012,43.0591695,-2.1632576,geo_point_2d
20060,43.0901263,-2.0023126,geo_point_2d
21020,37.9940148,-6.5007617,geo_point_2d
21079,37.823093,-6.3607693,geo_point_2d
21016,37.9596252,-6.3323276,geo_point_2d
21073,37.3077341,-7.3307498,geo_point_2d
21038,37.8335314,-6.4446369,geo_point_2d
21057,37.7468147,-7.3165043,geo_point_2d
21014,37.2777107,-6.6891955,geo_point_2d
21019,37.7703168,-6.5827867,geo_point_2d
21042,37.2256831,-7.2872474,geo_point_2d
21045,37.8545294,-6.6068433,geo_point_2d
21048,37.9022926,-6.6217147,geo_point_2d
21043,37.9124742,-6.7499222,geo_point_2d
21065,37.4489786,-7.4032439,geo_point_2d
21032,37.4996796,-6.3907855,geo_point_2d
21060,37.2165327,-7.0170143,geo_point_2d
21007,37.8718339,-6.5571429,geo_point_2d
21006,37.5625005,-7.0933701,geo_point_2d
21054,37.4029085,-6.5556896,geo_point_2d
21018,37.7056117,-6.6491368,geo_point_2d
21039,38.0011335,-6.5722995,geo_point_2d
21062,37.9247254,-7.1889228,geo_point_2d
21056,37.4719472,-6.4656403,geo_point_2d
21031,38.1279546,-6.8968124,geo_point_2d
21075,37.618982,-7.014211,geo_point_2d
21015,37.7667677,-7.1070281,geo_point_2d
21028,38.0581937,-6.7982406,geo_point_2d
21030,37.3551415,-6.3946957,geo_point_2d
21012,37.5661865,-6.5086856,geo_point_2d
21058,37.6355127,-7.3019854,geo_point_2d
21072,37.5591209,-6.7399333,geo_point_2d
21036,37.771979,-6.5088366,geo_point_2d
21076,37.455157,-7.207843,geo_point_2d
21055,37.1939415,-6.8926564,geo_point_2d
21013,37.3302643,-6.5358657,geo_point_2d
21077,37.4007726,-6.6282085,geo_point_2d
21071,37.9519095,-6.6714154,geo_point_2d
21001,37.849563,-6.6557813,geo_point_2d
21069,37.879331,-6.2191724,geo_point_2d
21068,37.796346,-7.2034186,geo_point_2d
21010,37.2686273,-7.3844178,geo_point_2d
21025,37.8549713,-6.9179703,geo_point_2d
21026,37.9588359,-6.6248864,geo_point_2d
21009,38.0079961,-6.4179858,geo_point_2d
21050,37.2092824,-6.8081586,geo_point_2d
21067,37.8538191,-6.7200041,geo_point_2d
21034,37.9273783,-6.6918299,geo_point_2d
21011,37.4621145,-6.810037,geo_point_2d
21049,37.7001794,-6.583828,geo_point_2d
21051,37.9742127,-6.7585156,geo_point_2d
21002,37.281415,-7.0201655,geo_point_2d
21078,37.6368998,-6.6756145,geo_point_2d
21017,37.6016022,-6.9190162,geo_point_2d
21064,37.3404572,-6.8428292,geo_point_2d
21053,37.4348664,-6.6786836,geo_point_2d
21059,37.8922833,-6.4658655,geo_point_2d
21074,37.4022516,-6.4933899,geo_point_2d
21005,37.1011691,-6.5337854,geo_point_2d
21070,37.4141591,-6.8488162,geo_point_2d
21023,37.7081804,-7.0148378,geo_point_2d
21035,37.3960277,-6.994444,geo_point_2d
21041,37.2725058,-6.9293443,geo_point_2d
21003,37.5510586,-7.3409809,geo_point_2d
21040,37.1681763,-6.4011695,geo_point_2d
21008,37.9477676,-6.9897627,geo_point_2d
21066,37.3854389,-7.3790285,geo_point_2d
21004,37.8002905,-6.7829845,geo_point_2d
21063,37.4332855,-7.0988149,geo_point_2d
21021,37.3134027,-7.1548442,geo_point_2d
21024,37.9330676,-6.4939647,geo_point_2d
21047,37.4034436,-6.4482125,geo_point_2d
21052,37.7050725,-6.5291285,geo_point_2d
21037,37.5183666,-7.4295184,geo_point_2d
21046,37.2512788,-6.7364155,geo_point_2d
21033,37.907952,-6.6603157,geo_point_2d
21044,37.2801905,-7.2245786,geo_point_2d
21029,38.0333719,-6.6596832,geo_point_2d
22151,42.2125442,-0.6627163,geo_point_2d
22174,41.8926377,-0.0422425,geo_point_2d
22130,42.5507989,-0.5514831,geo_point_2d
22218,41.9031571,-0.5108272,geo_point_2d
22012,42.0259661,-0.3820067,geo_point_2d
22168,42.3206498,0.2410416,geo_point_2d
22061,41.8453261,0.2920129,geo_point_2d
22109,42.4850465,-0.065865,geo_point_2d
22142,42.1898692,0.5208397,geo_point_2d
22037,42.3221282,-0.4790798,geo_point_2d
22167,41.6669896,0.2213025,geo_point_2d
22078,42.7535711,-0.4813357,geo_point_2d
22023,41.9312401,-0.4322383,geo_point_2d
22009,41.8486456,0.4939073,geo_point_2d
22019,42.1639138,-0.4801942,geo_point_2d
22128,41.9419877,0.0546411,geo_point_2d
22077,41.4959251,0.0700782,geo_point_2d
22172,41.4667036,-0.0455776,geo_point_2d
22082,41.9628102,0.1414137,geo_point_2d
22036,42.0511434,-0.2807191,geo_point_2d
22133,42.4574622,0.1129542,geo_point_2d
22046,41.5914134,0.1392484,geo_point_2d
22135,42.0136269,-0.0099977,geo_point_2d
22232,41.9184626,-0.5325892,geo_point_2d
22181,42.003021,-0.3187777,geo_point_2d
22039,42.2503226,-0.7010093,geo_point_2d
22226,41.9566644,-0.5669876,geo_point_2d
22054,42.636451,0.5717542,geo_point_2d
22063,42.2077581,-0.735235,geo_point_2d
22222,42.1407816,-0.2569695,geo_point_2d
22249,42.5490552,0.4565428,geo_point_2d
22114,42.6629015,0.3492897,geo_point_2d
22047,42.189058,-0.4570114,geo_point_2d
22008,41.7352172,-0.154753,geo_point_2d
22087,42.2067097,0.5755483,geo_point_2d
22204,42.7745176,-0.3445464,geo_point_2d
22252,42.491213,-0.2376946,geo_point_2d
22032,42.7280431,-0.654546,geo_point_2d
22112,41.4834314,0.2162097,geo_point_2d
22235,41.9603567,-0.0995429,geo_point_2d
22007,41.7398313,0.1654783,geo_point_2d
22214,42.1956324,0.257218,geo_point_2d
22246,42.3810257,0.6044054,geo_point_2d
22088,42.056627,0.0504601,geo_point_2d
22144,42.5092881,0.1950344,geo_point_2d
22075,41.949099,0.5305907,geo_point_2d
22207,42.6232006,0.3862911,geo_point_2d
22017,41.7286301,0.0779237,geo_point_2d
22096,42.1577509,-0.4851082,geo_point_2d
22127,42.2074601,-0.4335843,geo_point_2d
22062,42.4878839,0.5242384,geo_point_2d
22163,42.2905351,-0.3463668,geo_point_2d
22049,41.9822008,-0.4368429,geo_point_2d
22131,42.7002213,-0.6506604,geo_point_2d
22239,41.967573,-0.307267,geo_point_2d
22215,42.4991881,0.3971572,geo_point_2d
22080,42.1807534,0.4377642,geo_point_2d
22051,42.2493702,0.0636636,geo_point_2d
22136,41.8602779,-0.2495674,geo_point_2d
22908,42.1245006,0.1466859,geo_point_2d
22170,42.7366732,-0.2397558,geo_point_2d
22190,42.4641335,0.2035446,geo_point_2d
22158,41.8995524,0.1682975,geo_point_2d
22189,42.5610753,0.1105647,geo_point_2d
22110,42.0010635,0.2385779,geo_point_2d
22901,42.7349707,-0.7295447,geo_point_2d
22050,42.0344746,-0.0980447,geo_point_2d
22254,41.6256871,0.2855966,geo_point_2d
22213,41.7693681,-0.1776555,geo_point_2d
22178,41.9989884,-0.1288617,geo_point_2d
22015,42.0820661,-0.2753453,geo_point_2d
22197,41.8659131,-0.4742512,geo_point_2d
22028,42.8108363,-0.7683992,geo_point_2d
22068,42.6746422,-0.5820537,geo_point_2d
22217,41.6735422,-0.0924163,geo_point_2d
22193,41.8526947,0.1603507,geo_point_2d
22251,41.6670433,-0.0391348,geo_point_2d
22223,42.338643,0.7202996,geo_point_2d
22902,42.5881414,-0.7630221,geo_point_2d
22209,42.5330979,-0.6824432,geo_point_2d
22002,42.256848,0.190268,geo_point_2d
22074,42.429171,0.3951314,geo_point_2d
22236,41.9575862,-0.4534332,geo_point_2d
22242,41.5500018,-0.1202263,geo_point_2d
22137,41.7438164,-0.3488712,geo_point_2d
22044,42.5010301,-0.8071927,geo_point_2d
22149,42.3186271,-0.6464476,geo_point_2d
22116,41.9235395,-0.3545435,geo_point_2d
22124,41.9257186,-0.18639,geo_point_2d
22200,42.603877,0.4557626,geo_point_2d
22228,42.128376,-0.35354,geo_point_2d
22057,42.6695742,0.1770123,geo_point_2d
22182,42.5486849,0.3013571,geo_point_2d
22011,42.0526949,-0.3419736,geo_point_2d
22018,41.7913873,-0.4483963,geo_point_2d
22102,42.0792703,0.250313,geo_point_2d
22081,42.2141653,-0.1773499,geo_point_2d
22220,41.9962622,-0.2458496,geo_point_2d
22041,42.0684517,-0.0291285,geo_point_2d
22021,42.0552275,-0.5836062,geo_point_2d
22014,42.0983312,-0.6833028,geo_point_2d
22058,42.2503369,-0.0909045,geo_point_2d
22115,42.130622,0.2024589,geo_point_2d
22165,41.631448,0.0435859,geo_point_2d
22052,41.7130071,0.2384077,geo_point_2d
22201,42.119792,0.0729672,geo_point_2d
22160,42.1982085,0.1751699,geo_point_2d
22162,42.0288597,-0.2810724,geo_point_2d
22176,42.0469903,-0.013128,geo_point_2d
22069,42.5672455,-0.14057,geo_point_2d
22187,42.1365684,0.2967065,geo_point_2d
22067,42.4116597,0.6912049,geo_point_2d
22006,42.7082988,-0.6020849,geo_point_2d
22139,41.9909115,-0.053504,geo_point_2d
22250,42.684203,-0.5103699,geo_point_2d
22126,42.1540634,-0.1959137,geo_point_2d
22203,41.9811528,-0.1801861,geo_point_2d
22086,42.6384254,-0.5555537,geo_point_2d
22103,42.0452193,0.2490624,geo_point_2d
22253,42.6319573,-0.2276185,geo_point_2d
22122,42.6857449,-0.2942041,geo_point_2d
22221,42.5506689,0.477703,geo_point_2d
22001,42.13668,-0.0654649,geo_point_2d
22060,41.808854,0.2087724,geo_point_2d
22090,42.1841659,0.0669528,geo_point_2d
22094,41.6677982,0.1542806,geo_point_2d
22027,42.0889977,-0.1586481,geo_point_2d
22119,42.0165172,-0.7584277,geo_point_2d
22029,42.0243216,-0.1719272,geo_point_2d
22043,41.9581556,0.4646095,geo_point_2d
22066,42.4152465,0.0024676,geo_point_2d
22083,41.6459192,-0.2088865,geo_point_2d
22024,42.179185,0.0072169,geo_point_2d
22195,42.1525312,-0.3579679,geo_point_2d
22084,42.5302694,0.5204798,geo_point_2d
22186,42.0769554,0.0279208,geo_point_2d
22106,42.7281072,-0.8798612,geo_point_2d
22020,41.8258563,0.1517632,geo_point_2d
22003,42.1983599,-0.0250363,geo_point_2d
22079,41.8424619,-0.1874287,geo_point_2d
22184,41.8560419,-0.3227738,geo_point_2d
22042,42.0972294,-0.0387412,geo_point_2d
22095,42.5257725,0.4446067,geo_point_2d
22199,42.4520244,-0.3020697,geo_point_2d
22150,42.2173262,-0.3005979,geo_point_2d
22013,41.8973517,-0.2319923,geo_point_2d
22099,41.7658145,0.2988268,geo_point_2d
22055,41.9643494,-0.0037829,geo_point_2d
22143,42.4650827,0.5968872,geo_point_2d
22202,42.0949606,0.0874155,geo_point_2d
22048,42.0357717,0.1224267,geo_point_2d
22125,42.1279596,-0.4299136,geo_point_2d
22085,41.800092,-0.0079203,geo_point_2d
22035,42.289998,0.6748916,geo_point_2d
22059,42.6289581,-0.3146814,geo_point_2d
22206,42.0116264,-0.4545926,geo_point_2d
22004,42.322959,-0.8301959,geo_point_2d
22117,42.2095821,0.384743,geo_point_2d
23101,38.4823955,-2.6709242,geo_point_2d
23009,37.9453467,-3.4907632,geo_point_2d
23008,38.2056683,-3.4157075,geo_point_2d
23067,37.7209648,-3.6313919,geo_point_2d
23095,38.0859998,-3.0408126,geo_point_2d
23076,38.3693952,-3.540081,geo_point_2d
23005,38.2235286,-4.0503616,geo_point_2d
23051,37.7387544,-3.916412,geo_point_2d
23071,38.3367782,-2.8131502,geo_point_2d
23080,38.0182359,-3.007787,geo_point_2d
23018,37.6749331,-3.5469875,geo_point_2d
23021,38.2171132,-3.6296785,geo_point_2d
23014,37.9733593,-3.5703185,geo_point_2d
23030,37.9907068,-3.0343056,geo_point_2d
23032,38.0211246,-3.8617157,geo_point_2d
23075,38.0936167,-3.2604509,geo_point_2d
23049,38.0171686,-3.7508266,geo_point_2d
23088,38.0116951,-3.2407228,geo_point_2d
23012,38.2535512,-2.8667719,geo_point_2d
23059,38.0695413,-4.1712939,geo_point_2d
23054,37.7679348,-3.1961731,geo_point_2d
23093,37.5809924,-3.7908692,geo_point_2d
23097,38.1713625,-2.947197,geo_point_2d
23096,38.140238,-3.8925861,geo_point_2d
23053,37.8319985,-3.3314656,geo_point_2d
23010,38.0927317,-3.7788925,geo_point_2d
23081,38.2529023,-2.6588517,geo_point_2d
23077,37.7400326,-4.1901036,geo_point_2d
23026,37.5484053,-3.9483466,geo_point_2d
23094,38.2247276,-3.4793341,geo_point_2d
23052,37.8397181,-3.5165255,geo_point_2d
23098,37.8432432,-3.9997832,geo_point_2d
23048,38.1310092,-2.9874157,geo_point_2d
23074,38.0777564,-3.4540768,geo_point_2d
23082,38.3810677,-2.5756931,geo_point_2d
23090,37.781929,-3.5298113,geo_point_2d
23011,38.2850083,-3.7698698,geo_point_2d
23006,37.9264609,-4.0783208,geo_point_2d
23001,37.7750504,-3.4579353,geo_point_2d
23016,38.3530157,-2.6562657,geo_point_2d
23028,37.9118216,-2.9648322,geo_point_2d
23045,37.6965933,-3.0656016,geo_point_2d
23061,37.9622123,-3.808428,geo_point_2d
23039,38.1490441,-3.7581752,geo_point_2d
23029,38.3525214,-2.9871348,geo_point_2d
23079,38.2983116,-3.2508789,geo_point_2d
23069,37.8568934,-4.2053765,geo_point_2d
23007,37.9834174,-4.1220601,geo_point_2d
23035,37.9021211,-3.9018983,geo_point_2d
23027,37.9598766,-3.8849664,geo_point_2d
23066,37.880613,-3.0990454,geo_point_2d
23057,38.0140771,-3.5768427,geo_point_2d
23038,37.7521917,-3.6989186,geo_point_2d
23070,37.7123394,-2.9474019,geo_point_2d
23064,37.5371928,-3.6609641,geo_point_2d
23017,37.7025791,-3.2462811,geo_point_2d
23044,37.6474783,-3.3971218,geo_point_2d
23003,37.602965,-4.0973739,geo_point_2d
23002,37.4534298,-3.9320369,geo_point_2d
23065,38.3680386,-2.7359792,geo_point_2d
23041,37.7955743,-4.1539642,geo_point_2d
23087,37.7950301,-4.0441309,geo_point_2d
23086,37.8258529,-3.9126517,geo_point_2d
23020,38.0590686,-3.5020622,geo_point_2d
23015,37.732126,-3.3702025,geo_point_2d
23073,37.7820348,-3.0879956,geo_point_2d
23037,38.4414186,-2.7521542,geo_point_2d
23060,37.6897461,-4.0180773,geo_point_2d
23085,37.9841571,-3.66091,geo_point_2d
23033,37.4928359,-3.8239195,geo_point_2d
23004,38.403551,-3.3606098,geo_point_2d
23034,37.6309184,-3.9117115,geo_point_2d
23043,38.1857918,-2.7326417,geo_point_2d
23056,37.9612547,-4.2318053,geo_point_2d
23062,38.384841,-3.1014201,geo_point_2d
23084,38.21167,-2.9411422,geo_point_2d
23905,38.3088024,-2.8862517,geo_point_2d
23055,38.0960915,-3.6367649,geo_point_2d
23031,37.8754927,-4.0319658,geo_point_2d
23046,38.0491496,-3.5402408,geo_point_2d
23099,37.6847836,-3.8375432,geo_point_2d
23063,38.2190518,-3.3366411,geo_point_2d
23058,37.8355345,-3.6104726,geo_point_2d
23050,37.8091855,-3.7513325,geo_point_2d
23091,38.4168843,-2.67902,geo_point_2d
23019,37.5849753,-3.6530208,geo_point_2d
23092,37.9935952,-3.3093904,geo_point_2d
23042,37.725366,-3.0030272,geo_point_2d
24018,42.3883547,-5.1495867,geo_point_2d
24078,42.131989,-5.4027069,geo_point_2d
24032,42.1467391,-5.4997611,geo_point_2d
24044,42.3234921,-6.1466472,geo_point_2d
24060,42.9231966,-5.1324822,geo_point_2d
24170,42.5767143,-6.3228769,geo_point_2d
24142,42.6260608,-5.6758111,geo_point_2d
24185,42.4068885,-6.1523401,geo_point_2d
24202,42.9632567,-6.3295424,geo_point_2d
24190,42.306991,-5.2866899,geo_point_2d
24051,42.524838,-4.9737763,geo_point_2d
24022,42.4825928,-6.7327854,geo_point_2d
24009,42.7155778,-6.9194046,geo_point_2d
24059,42.5742363,-6.8553854,geo_point_2d
24181,42.086264,-5.4446735,geo_point_2d
24026,42.4386226,-5.8002968,geo_point_2d
24161,42.4022424,-6.1104,geo_point_2d
24121,43.0287692,-5.2901907,geo_point_2d
24023,42.5113736,-6.1781332,geo_point_2d
24052,42.7212063,-5.0653961,geo_point_2d
24125,42.2577133,-6.0784806,geo_point_2d
24129,42.9504808,-5.1984003,geo_point_2d
24155,42.3633169,-5.9308324,geo_point_2d
24211,42.1827165,-5.5914275,geo_point_2d
24134,42.8021992,-5.617928,geo_point_2d
24019,42.7375406,-6.5783261,geo_point_2d
24020,42.9949163,-4.8613544,geo_point_2d
24063,42.6652946,-5.1521063,geo_point_2d
24122,42.4190515,-6.7792396,geo_point_2d
24209,42.6992955,-6.8084092,geo_point_2d
24225,42.5466113,-5.39086,geo_point_2d
24021,42.9032377,-5.2857337,geo_point_2d
24130,42.9745177,-5.0157375,geo_point_2d
24010,42.2927478,-5.9062775,geo_point_2d
24056,42.7971034,-5.1176704,geo_point_2d
24189,42.5721205,-5.6932288,geo_point_2d
24179,42.8819945,-5.4222182,geo_point_2d
24077,42.3399978,-5.1478252,geo_point_2d
24108,42.3142655,-5.9476722,geo_point_2d
24034,42.5810565,-6.6770188,geo_point_2d
24053,42.2574097,-5.8402265,geo_point_2d
24229,42.5644606,-4.9457182,geo_point_2d
24226,42.5665065,-5.0319614,geo_point_2d
24230,42.2644163,-5.7311712,geo_point_2d
24173,42.5512216,-5.885317,geo_point_2d
24222,42.6503313,-5.5454913,geo_point_2d
24033,42.4386458,-5.525688,geo_point_2d
24099,42.2657281,-5.3665525,geo_point_2d
24117,42.1635013,-5.7669509,geo_point_2d
24083,42.7363185,-6.2664813,geo_point_2d
24123,42.6585107,-6.0047242,geo_point_2d
24144,42.3924745,-5.9127751,geo_point_2d
24214,42.5778295,-6.0195571,geo_point_2d
24148,42.462398,-6.0068734,geo_point_2d
24176,42.3109572,-5.8237598,geo_point_2d
24043,42.3483919,-6.5459561,geo_point_2d
24194,42.8963718,-5.5672358,geo_point_2d
24096,43.0557821,-5.1963283,geo_point_2d
24094,42.4998566,-5.3743743,geo_point_2d
24061,42.7229626,-5.6658543,geo_point_2d
24073,42.3475089,-5.5360163,geo_point_2d
24110,42.8229511,-6.4920303,geo_point_2d
24196,42.754546,-6.7322463,geo_point_2d
24136,42.2255792,-5.7862009,geo_point_2d
24174,42.3784797,-5.778783,geo_point_2d
24217,42.4043608,-5.3078752,geo_point_2d
24107,42.3348182,-5.4549928,geo_point_2d
24151,42.7521063,-5.4138597,geo_point_2d
24105,42.5178394,-5.5832709,geo_point_2d
24143,42.6722021,-6.6353665,geo_point_2d
24038,42.5504356,-6.7331637,geo_point_2d
24152,42.4694014,-6.2904996,geo_point_2d
24157,42.3571697,-5.7479225,geo_point_2d
24024,42.4368769,-5.2082465,geo_point_2d
24124,42.2007336,-5.8617786,geo_point_2d
24040,42.800558,-5.7540068,geo_point_2d
24165,42.5201493,-6.8718974,geo_point_2d
24098,42.8477136,-5.5120417,geo_point_2d
24069,42.3186983,-4.9652926,geo_point_2d
24074,42.1764598,-5.4590468,geo_point_2d
24901,42.97124,-5.7061042,geo_point_2d
24007,42.6527062,-6.6831809,geo_point_2d
24115,42.4972384,-6.5641768,geo_point_2d
24114,42.8740357,-5.6910606,geo_point_2d
24062,42.3783495,-5.5107918,geo_point_2d
24046,42.1952054,-5.9985702,geo_point_2d
24028,42.4037672,-5.5253938,geo_point_2d
24025,43.0630275,-5.0331869,geo_point_2d
24100,42.5258772,-6.4580844,geo_point_2d
24095,42.5122438,-5.4463624,geo_point_2d
24168,42.2413624,-5.5700631,geo_point_2d
24109,42.875032,-6.4068473,geo_point_2d
24091,42.3349088,-6.2362625,geo_point_2d
24188,42.2832326,-5.5009214,geo_point_2d
24092,42.6393001,-5.8705358,geo_point_2d
24029,42.9714977,-6.1674268,geo_point_2d
24156,42.4965771,-5.1358247,geo_point_2d
24058,42.4113685,-5.4542857,geo_point_2d
24065,42.4871025,-5.6748835,geo_point_2d
24042,42.2082807,-5.4126547,geo_point_2d
24203,42.2548461,-5.4450737,geo_point_2d
24184,42.7282585,-6.0231258,geo_point_2d
24113,42.303847,-5.6667831,geo_point_2d
24101,42.8349533,-6.192738,geo_point_2d
24183,42.825664,-4.9740447,geo_point_2d
24207,42.267681,-5.5825131,geo_point_2d
24066,42.3288543,-6.0957833,geo_point_2d
24097,42.3347934,-5.3732526,geo_point_2d
24086,42.2944804,-5.1881363,geo_point_2d
24037,42.9696893,-5.5496229,geo_point_2d
24187,42.4116913,-5.648595,geo_point_2d
24031,42.3910199,-5.08672,geo_point_2d
24227,42.5230202,-5.5050472,geo_point_2d
24158,42.7384202,-5.8364467,geo_point_2d
24068,42.7873773,-5.2312475,geo_point_2d
24103,42.5438395,-6.9927961,geo_point_2d
24218,42.4634074,-5.471715,geo_point_2d
24084,42.2397188,-5.2843798,geo_point_2d
24047,42.2098558,-6.1897928,geo_point_2d
24163,42.658379,-5.6293059,geo_point_2d
24011,42.6125774,-6.9879971,geo_point_2d
24150,42.4120673,-5.7198968,geo_point_2d
24216,42.3055875,-6.0187408,geo_point_2d
24153,42.3612344,-5.3100833,geo_point_2d
24191,42.3487409,-5.2083108,geo_point_2d
24215,42.4497907,-5.052283,geo_point_2d
24205,42.5202061,-5.7720912,geo_point_2d
24055,42.6043515,-5.7860162,geo_point_2d
24219,42.502363,-6.0553211,geo_point_2d
24171,42.647256,-6.8743284,geo_point_2d
24167,42.7794915,-5.8757576,geo_point_2d
24087,42.3167761,-5.7596226,geo_point_2d
24118,42.7885241,-5.0329897,geo_point_2d
24169,42.7157507,-6.5040132,geo_point_2d
24180,42.5542118,-5.2259397,geo_point_2d
24106,43.1363634,-5.0422901,geo_point_2d
24089,42.5885503,-5.5762596,geo_point_2d
24071,42.6535963,-6.327755,geo_point_2d
24014,42.6479234,-6.4368097,geo_point_2d
24213,42.5839376,-5.0914118,geo_point_2d
24212,42.3396583,-5.6003205,geo_point_2d
24008,42.46266,-6.1159566,geo_point_2d
24198,42.6786308,-6.9769796,geo_point_2d
24067,42.2630671,-6.6419453,geo_point_2d
24197,42.4887036,-5.5466554,geo_point_2d
24159,42.4927408,-5.8418097,geo_point_2d
24054,42.1082212,-5.6059338,geo_point_2d
24041,42.4854092,-6.7892276,geo_point_2d
24119,42.4824832,-6.6724221,geo_point_2d
24004,42.6717235,-5.0099596,geo_point_2d
24210,42.635103,-6.1774593,geo_point_2d
24137,42.8378676,-5.1668288,geo_point_2d
24016,42.3812413,-6.6725635,geo_point_2d
24006,42.4299768,-5.5885712,geo_point_2d
24149,42.2901692,-5.5806271,geo_point_2d
24030,42.6264019,-6.7310654,geo_point_2d
24221,42.121644,-5.5785604,geo_point_2d
24079,42.6508611,-5.2766868,geo_point_2d
24206,42.5537152,-6.7754693,geo_point_2d
24082,42.4631973,-5.8826529,geo_point_2d
24120,42.8979808,-4.9768969,geo_point_2d
24223,42.4325038,-5.918073,geo_point_2d
24182,42.3919562,-6.0295749,geo_point_2d
24049,42.5785915,-6.4428098,geo_point_2d
24081,42.382392,-5.4226261,geo_point_2d
24070,42.7798433,-6.6178005,geo_point_2d
24172,42.2670925,-6.4157267,geo_point_2d
24160,42.4531821,-5.3450113,geo_point_2d
24228,42.3735724,-5.850282,geo_point_2d
24093,42.56823,-6.1091437,geo_point_2d
24064,42.6511637,-6.5737376,geo_point_2d
24005,42.1753374,-5.6873259,geo_point_2d
24139,42.3690994,-5.0060449,geo_point_2d
24116,43.1592126,-4.9166948,geo_point_2d
24012,42.848731,-5.8560095,geo_point_2d
24088,42.2343129,-5.6546202,geo_point_2d
24131,42.365867,-5.9770523,geo_point_2d
24127,42.2933495,-5.8559907,geo_point_2d
24154,42.2431526,-5.9111195,geo_point_2d
24015,42.5344967,-5.9419321,geo_point_2d
24146,42.1587479,-5.939596,geo_point_2d
24057,42.6091319,-6.512077,geo_point_2d
24080,42.3162145,-5.0156353,geo_point_2d
24002,42.211656,-5.5783293,geo_point_2d
24141,42.1287215,-5.7194459,geo_point_2d
24017,42.3510202,-5.6878405,geo_point_2d
24175,42.6103531,-5.4744924,geo_point_2d
24090,42.3877754,-6.3730717,geo_point_2d
24112,42.8788575,-6.6489411,geo_point_2d
24001,43.0337252,-5.1216857,geo_point_2d
24199,42.7985262,-5.3294234,geo_point_2d
24145,42.9853573,-6.019026,geo_point_2d
24166,42.3364552,-5.8947072,geo_point_2d
24076,42.738574,-5.53362,geo_point_2d
24036,42.8398376,-6.7538173,geo_point_2d
24224,42.4725576,-5.9285173,geo_point_2d
24164,42.9182426,-5.9222642,geo_point_2d
24178,42.1895414,-5.4243211,geo_point_2d
24104,42.6891528,-5.8695911,geo_point_2d
24133,42.7034995,-5.7664643,geo_point_2d
25242,41.5951197,1.126553,geo_point_2d
25202,42.3216589,0.9235983,geo_point_2d
25123,42.673015,1.2770911,geo_point_2d
25030,42.379539,1.6140532,geo_point_2d
25112,41.8680115,0.609635,geo_point_2d
25050,41.6298681,1.0062767,geo_point_2d
25053,41.6930709,0.6439253,geo_point_2d
25132,41.8008014,1.3325237,geo_point_2d
25003,41.7875062,1.0683191,geo_point_2d
25114,41.7698794,1.3904929,geo_point_2d
25254,41.6814549,0.7350341,geo_point_2d
25138,41.7965235,0.9714172,geo_point_2d
25010,41.469681,0.625526,geo_point_2d
25154,41.4968777,1.0766082,geo_point_2d
25150,41.8570936,1.1731356,geo_point_2d
25005,42.3224959,1.5204854,geo_point_2d
25096,41.7162942,1.0015307,geo_point_2d
25219,41.722251,1.277156,geo_point_2d
25086,42.6221111,1.1183412,geo_point_2d
25225,41.7107704,1.0595507,geo_point_2d
25118,41.3803484,0.7864169,geo_point_2d
25176,41.6014666,1.0465577,geo_point_2d
25207,41.9927873,1.5182375,geo_point_2d
25137,41.6237132,0.8853067,geo_point_2d
25062,41.9138537,0.8674051,geo_point_2d
25226,41.420719,0.5983449,geo_point_2d
25063,42.8162008,0.7963247,geo_point_2d
25011,41.6092494,0.4659285,geo_point_2d
25023,41.6702594,0.5551827,geo_point_2d
25044,42.0107462,1.3026967,geo_point_2d
25100,42.2085802,1.6688342,geo_point_2d
25038,41.4749103,0.47175,geo_point_2d
25110,41.7891415,1.2875368,geo_point_2d
25119,41.534601,0.823577,geo_point_2d
25156,41.8999829,0.6819065,geo_point_2d
25109,41.5653611,1.1850364,geo_point_2d
25055,41.8712076,1.3734955,geo_point_2d
25200,41.4640488,0.5599532,geo_point_2d
25233,41.6763766,0.6358697,geo_point_2d
25173,42.3939868,0.8003794,geo_point_2d
25078,41.6862961,0.6797097,geo_point_2d
25191,41.8652475,1.3084447,geo_point_2d
25240,41.7523754,0.8338968,geo_point_2d
25051,42.3659743,1.7688009,geo_point_2d
25149,42.0948804,1.3229683,geo_point_2d
25014,41.5139269,0.6346518,geo_point_2d
25210,41.5393294,0.4665537,geo_point_2d
25120,41.6312045,0.5814369,geo_point_2d
25171,42.2706259,0.9806921,geo_point_2d
25102,41.4053639,0.3739777,geo_point_2d
25021,41.7843697,0.5393747,geo_point_2d
25239,42.4433319,1.4546531,geo_point_2d
25088,42.3816775,1.5254954,geo_point_2d
25085,41.703696,1.3811298,geo_point_2d
25165,42.0801185,1.2634954,geo_point_2d
25153,41.4943266,0.9601192,geo_point_2d
25174,41.7335784,0.6426393,geo_point_2d
25913,42.3239165,1.8237181,geo_point_2d
25087,42.587856,1.2685954,geo_point_2d
25206,41.4205701,0.6991874,geo_point_2d
25016,41.7388447,0.5619279,geo_point_2d
25215,42.1784694,0.8960872,geo_point_2d
25245,42.5411619,0.758124,geo_point_2d
25057,42.7189284,0.7038929,geo_point_2d
25001,42.175743,1.1180041,geo_point_2d
25079,41.8378691,0.9611755,geo_point_2d
25221,42.5186742,1.2341038,geo_point_2d
25027,41.6627643,1.0588744,geo_point_2d
25092,41.4972869,0.9242262,geo_point_2d
25192,41.6551488,1.405866,geo_point_2d
25134,41.7382575,0.7300911,geo_point_2d
25104,41.6200707,1.22052,geo_point_2d
25209,42.4430331,1.0802703,geo_point_2d
25105,41.4349673,0.6535776,geo_point_2d
25157,41.7460952,1.1471812,geo_point_2d
25181,41.7524803,1.1030065,geo_point_2d
25130,41.5315923,1.0237637,geo_point_2d
25074,41.5430301,1.1454096,geo_point_2d
25045,42.8415379,0.7001601,geo_point_2d
25072,41.6798731,1.2819528,geo_point_2d
25227,42.4441079,0.9726945,geo_point_2d
25070,41.7507473,0.9900226,geo_point_2d
25046,41.5702177,0.9927353,geo_point_2d
25093,41.6290955,0.8668456,geo_point_2d
25077,42.1574935,1.2417763,geo_point_2d
25075,41.9472375,1.5990465,geo_point_2d
25004,41.6049322,0.7586863,geo_point_2d
25145,41.5468558,1.1175107,geo_point_2d
25158,41.6496513,0.8622909,geo_point_2d
25248,41.6016893,0.9551622,geo_point_2d
25124,42.0629242,1.4766835,geo_point_2d
25252,41.6621937,0.9214078,geo_point_2d
25022,41.9225463,0.9448384,geo_point_2d
25193,42.1323904,1.5874553,geo_point_2d
25127,42.4348564,1.6675272,geo_point_2d
25121,42.8095593,0.7131358,geo_point_2d
25135,41.5983586,0.8952047,geo_point_2d
25019,41.7313175,0.4577048,geo_point_2d
25249,41.8985273,1.2620344,geo_point_2d
25217,41.6726702,1.1416657,geo_point_2d
25222,41.9565166,1.2354193,geo_point_2d
25082,42.5657649,1.0441263,geo_point_2d
25126,42.487268,1.1904794,geo_point_2d
25172,41.915462,1.1664199,geo_point_2d
25151,41.9925116,1.5304226,geo_point_2d
25097,41.4610775,1.0341601,geo_point_2d
25008,41.7592056,0.6704613,geo_point_2d
25099,41.6247578,0.9268597,geo_point_2d
25203,42.3558832,1.4626136,geo_point_2d
25059,42.7781878,0.6891237,geo_point_2d
25128,42.0586579,0.9286116,geo_point_2d
25189,41.6951489,0.5920196,geo_point_2d
25052,41.681501,0.8170898,geo_point_2d
25056,41.3172716,0.6384292,geo_point_2d
25012,41.6485254,0.6996345,geo_point_2d
25143,41.5991635,1.212602,geo_point_2d
25036,41.4964499,0.6749538,geo_point_2d
25067,41.49264,0.7607921,geo_point_2d
25089,42.4832125,1.2963389,geo_point_2d
25002,42.0006063,0.7389199,geo_point_2d
25076,41.457151,0.6928802,geo_point_2d
25034,41.9362843,1.0814397,geo_point_2d
25048,41.6318569,0.7736089,geo_point_2d
25211,41.5554686,0.5691878,geo_point_2d
25212,41.5201725,0.5882165,geo_point_2d
25231,41.7122674,0.7029462,geo_point_2d
25255,41.4399316,0.9759099,geo_point_2d
25251,41.7115862,0.6210485,geo_point_2d
25253,41.3865238,0.9514613,geo_point_2d
25182,41.542558,0.7372155,geo_point_2d
25179,42.3878207,1.7270382,geo_point_2d
25224,41.3951047,0.7214278,geo_point_2d
25220,41.7197545,0.7869073,geo_point_2d
25041,41.6880994,1.0451243,geo_point_2d
25216,41.5848858,1.3611424,geo_point_2d
25029,41.5446291,0.936703,geo_point_2d
25015,41.8234758,0.635175,geo_point_2d
25033,41.5438296,0.698147,geo_point_2d
25234,42.2151777,0.802245,geo_point_2d
25228,41.693506,0.556726,geo_point_2d
25122,41.7074388,0.8902867,geo_point_2d
25133,41.3432242,0.5063996,geo_point_2d
25205,41.6261266,0.83358,geo_point_2d
25060,41.8376568,1.2049055,geo_point_2d
25170,41.3386124,0.7303308,geo_point_2d
25069,41.8137645,0.7173638,geo_point_2d
25197,41.7638148,1.3446035,geo_point_2d
25204,41.4144123,0.4229896,geo_point_2d
25232,41.5301625,0.5195946,geo_point_2d
25101,41.3658424,0.6506428,geo_point_2d
25068,41.6524412,0.9708986,geo_point_2d
25007,41.5662688,0.6176182,geo_point_2d
25113,41.6886333,0.9666836,geo_point_2d
25238,41.5019363,1.1232833,geo_point_2d
25177,41.8007921,1.0337468,geo_point_2d
25020,41.3209827,0.4066957,geo_point_2d
25040,41.7830541,0.7917669,geo_point_2d
25032,42.3516795,1.5851079,geo_point_2d
25155,42.2106378,1.3190256,geo_point_2d
25047,41.7598152,0.8905419,geo_point_2d
25183,42.4612741,1.1467344,geo_point_2d
26005,42.365821,-2.4684738,geo_point_2d
26080,42.0590811,-2.0263,geo_point_2d
26061,42.2599441,-3.0243331,geo_point_2d
26136,42.2262153,-2.1928138,geo_point_2d
26142,42.5732984,-2.7467842,geo_point_2d
26013,42.5718548,-2.9026709,geo_point_2d
26015,42.3776108,-2.7180153,geo_point_2d
26177,42.0678219,-2.6918836,geo_point_2d
26094,42.3842846,-2.9106518,geo_point_2d
26068,42.5501426,-2.8184075,geo_point_2d
26083,42.334141,-2.3394221,geo_point_2d
26173,42.1344585,-2.0602,geo_point_2d
26119,42.1662178,-2.1818654,geo_point_2d
26031,42.3178343,-2.7589597,geo_point_2d
26027,42.3182539,-2.8758334,geo_point_2d
26082,42.1579918,-2.5472256,geo_point_2d
26144,42.3412406,-2.5280043,geo_point_2d
26010,42.4062546,-2.674547,geo_point_2d
26078,42.3968492,-2.5805998,geo_point_2d
26081,42.2144778,-2.4941019,geo_point_2d
26012,42.2323887,-2.5877548,geo_point_2d
26179,42.0794303,-2.8248853,geo_point_2d
26067,42.1696969,-2.6119864,geo_point_2d
26004,42.1586334,-2.4413095,geo_point_2d
26038,42.1672193,-3.0587825,geo_point_2d
26099,42.4026975,-2.3095982,geo_point_2d
26167,42.4901452,-2.9707552,geo_point_2d
26130,42.2954132,-2.9000635,geo_point_2d
26132,42.2255416,-2.4599854,geo_point_2d
26029,42.250416,-2.1684555,geo_point_2d
26101,42.221996,-2.5452146,geo_point_2d
26018,42.2166271,-2.0951625,geo_point_2d
26052,42.3883256,-2.80882,geo_point_2d
26017,42.2162744,-2.2383152,geo_point_2d
26051,42.3625559,-2.4269252,geo_point_2d
26073,42.4994765,-3.0124333,geo_point_2d
26021,42.1966074,-1.9850386,geo_point_2d
26108,42.3024214,-2.2078805,geo_point_2d
26064,42.4655131,-2.5755436,geo_point_2d
26178,42.1177958,-2.8810142,geo_point_2d
26025,42.5117722,-2.9537811,geo_point_2d
26070,42.1170419,-1.9887885,geo_point_2d
26139,42.4787033,-2.8633639,geo_point_2d
26072,42.2224252,-2.1663025,geo_point_2d
26091,42.0758302,-2.5932405,geo_point_2d
26032,42.1724639,-2.7821786,geo_point_2d
26171,42.3651921,-2.870464,geo_point_2d
26002,42.4326822,-2.2823082,geo_point_2d
26036,42.2953432,-1.9560628,geo_point_2d
26124,42.3616879,-2.3692154,geo_point_2d
26057,42.3583274,-2.5925326,geo_point_2d
26163,42.4027265,-2.6310002,geo_point_2d
26019,42.429565,-2.2519567,geo_point_2d
26118,42.1862762,-2.6428312,geo_point_2d
26095,42.2908285,-2.7974497,geo_point_2d
26066,42.3657737,-2.2310362,geo_point_2d
26050,42.4210678,-2.8832771,geo_point_2d
26114,42.2944624,-2.6965327,geo_point_2d
26009,42.4214484,-2.8181364,geo_point_2d
26001,42.5667187,-2.7036348,geo_point_2d
26088,42.3294709,-2.4071531,geo_point_2d
26146,42.2815385,-2.4281299,geo_point_2d
26016,42.377617,-2.6897049,geo_point_2d
26115,42.1908271,-2.595321,geo_point_2d
26035,42.1887002,-2.5183787,geo_point_2d
26183,42.3215419,-3.0443342,geo_point_2d
26168,42.4285312,-2.4015603,geo_point_2d
26003,41.9549295,-1.9841481,geo_point_2d
26155,42.5576043,-3.0474544,geo_point_2d
26109,42.5242293,-3.0030447,geo_point_2d
26153,42.2458728,-2.5279694,geo_point_2d
26169,42.1533127,-2.6493688,geo_point_2d
26087,42.5082701,-3.0450402,geo_point_2d
26158,42.2915032,-2.1135544,geo_point_2d
26181,42.1731249,-2.354144,geo_point_2d
26151,42.2575169,-2.6322026,geo_point_2d
26103,42.3269315,-2.4823218,geo_point_2d
26062,42.6163233,-3.0478504,geo_point_2d
26008,42.2287226,-1.9098772,geo_point_2d
26107,42.2209084,-2.6833115,geo_point_2d
26143,42.3579204,-2.5556756,geo_point_2d
26125,42.2306698,-1.8506578,geo_point_2d
26077,42.2123766,-2.4090448,geo_point_2d
26122,42.1912429,-2.7204756,geo_point_2d
26076,42.4628697,-2.7348424,geo_point_2d
26165,42.2974892,-2.5325493,geo_point_2d
26048,42.4819879,-2.8616693,geo_point_2d
26111,42.5375226,-2.8266605,geo_point_2d
26127,42.519054,-2.8373725,geo_point_2d
26058,42.1364485,-2.252563,geo_point_2d
26180,42.5185245,-2.8750114,geo_point_2d
26113,42.3057502,-2.9268432,geo_point_2d
26053,42.3553097,-2.2163582,geo_point_2d
26149,42.2722051,-2.862178,geo_point_2d
26014,42.2513984,-2.7740778,geo_point_2d
26079,42.4322458,-2.6668049,geo_point_2d
26157,42.4001229,-2.7130229,geo_point_2d
26069,42.451973,-3.0220135,geo_point_2d
26084,42.4182028,-2.4713336,geo_point_2d
26060,42.3163418,-2.8497849,geo_point_2d
26110,42.3515356,-2.9997852,geo_point_2d
26164,42.1693676,-2.839778,geo_point_2d
26174,42.4065224,-3.058516,geo_point_2d
26023,42.3626332,-2.8046603,geo_point_2d
26011,42.163619,-1.831068,geo_point_2d
26071,42.5849899,-2.8615071,geo_point_2d
26065,42.621582,-2.955393,geo_point_2d
26039,42.3971398,-2.8341702,geo_point_2d
26026,42.3406885,-2.7586289,geo_point_2d
26160,42.4570483,-2.7019898,geo_point_2d
26040,42.3959992,-2.8593024,geo_point_2d
26105,42.4290343,-2.5651274,geo_point_2d
26112,42.1611396,-2.7143425,geo_point_2d
26034,42.5172843,-2.7909133,geo_point_2d
26043,42.5116637,-2.9206607,geo_point_2d
26059,42.3928658,-2.5155285,geo_point_2d
26022,42.4374517,-2.8015304,geo_point_2d
26049,42.5799446,-2.9261371,geo_point_2d
26128,42.590791,-2.9503772,geo_point_2d
26102,42.4189486,-2.7444213,geo_point_2d
26172,42.3695856,-2.8917163,geo_point_2d
26138,42.4330581,-2.9568169,geo_point_2d
26147,42.255489,-2.4399275,geo_point_2d
26086,42.3186562,-2.705846,geo_point_2d
26030,42.3645,-2.6703613,geo_point_2d
26074,42.4471073,-2.8648835,geo_point_2d
26063,42.587824,-2.9995632,geo_point_2d
26044,42.3222216,-2.6538711,geo_point_2d
26162,42.3218886,-3.0792083,geo_point_2d
26089,42.4638374,-2.4543173,geo_point_2d
26100,42.1278343,-2.1297741,geo_point_2d
26166,42.6069797,-2.8929341,geo_point_2d
26123,42.3465449,-2.2002132,geo_point_2d
26145,42.3950786,-2.6064763,geo_point_2d
26033,42.6048361,-2.8319658,geo_point_2d
26037,42.3528048,-2.716479,geo_point_2d
26176,42.3195097,-2.8153698,geo_point_2d
26055,42.427125,-3.0026871,geo_point_2d
26041,42.3745501,-2.7669401,geo_point_2d
26175,42.1517703,-2.9862052,geo_point_2d
26096,42.3880346,-2.5575438,geo_point_2d
26117,42.3279692,-2.0361646,geo_point_2d
26126,42.2553016,-2.290834,geo_point_2d
26054,42.0643235,-2.0978687,geo_point_2d
26129,42.5039854,-2.7367637,geo_point_2d
26121,42.1852134,-2.4773663,geo_point_2d
26007,42.3998508,-2.1576111,geo_point_2d
26131,42.5470643,-3.1003592,geo_point_2d
26120,42.2043807,-2.043523,geo_point_2d
26042,42.5471899,-2.9053161,geo_point_2d
26152,42.4129898,-2.8415841,geo_point_2d
26056,42.5490748,-2.9708634,geo_point_2d
26148,42.5434039,-2.9406776,geo_point_2d
26134,42.3586361,-2.6366805,geo_point_2d
26006,42.4006828,-2.4106436,geo_point_2d
26028,42.2652258,-2.1500718,geo_point_2d
26092,42.3908654,-2.6649167,geo_point_2d
26104,41.9699502,-2.0895836,geo_point_2d
26024,42.4660172,-2.914157,geo_point_2d
26154,42.5081805,-2.6867717,geo_point_2d
26098,42.2008868,-2.3304783,geo_point_2d
26046,42.474097,-2.6541402,geo_point_2d
26045,42.622817,-3.0020438,geo_point_2d
26047,42.0179464,-1.9433407,geo_point_2d
26075,42.4512844,-2.7798882,geo_point_2d
26150,42.4917707,-3.0701776,geo_point_2d
26020,42.3541991,-2.1423126,geo_point_2d
26170,42.3129563,-2.0718038,geo_point_2d
26161,41.9870431,-2.0706721,geo_point_2d
26141,42.3706435,-2.9454892,geo_point_2d
26106,42.2887632,-2.6156422,geo_point_2d
27020,43.0408121,-7.8135668,geo_point_2d
27031,42.5181035,-7.493312,geo_point_2d
27001,43.3725835,-7.4921799,geo_point_2d
27030,43.4395127,-7.368083,geo_point_2d
27016,42.6121239,-7.8041065,geo_point_2d
27011,43.0231574,-7.3353759,geo_point_2d
27022,43.2064759,-7.8562207,geo_point_2d
27050,42.4909699,-7.1931703,geo_point_2d
27057,42.7719555,-7.4318233,geo_point_2d
27062,42.7617262,-7.2166557,geo_point_2d
27025,43.6690967,-7.5113902,geo_point_2d
27013,43.643982,-7.4317452,geo_point_2d
27041,42.5059691,-7.6479516,geo_point_2d
27007,43.1579642,-7.6933924,geo_point_2d
27024,42.6715807,-7.3690458,geo_point_2d
27046,43.1411281,-7.3313893,geo_point_2d
27065,43.3175102,-7.6617944,geo_point_2d
27026,42.8453785,-7.3356863,geo_point_2d
27054,43.3249116,-7.2647972,geo_point_2d
27060,42.7182354,-7.7600807,geo_point_2d
27047,42.5640465,-7.3672925,geo_point_2d
27006,42.8827574,-7.1432432,geo_point_2d
27061,43.4403126,-7.1789353,geo_point_2d
27032,42.8169748,-7.8025812,geo_point_2d
27010,43.1738986,-7.439414,geo_point_2d
27034,42.9574669,-6.9642322,geo_point_2d
27029,43.2225349,-7.2602668,geo_point_2d
27039,43.1005735,-7.6052275,geo_point_2d
27055,42.712157,-7.2770625,geo_point_2d
27066,43.6333933,-7.5881708,geo_point_2d
27019,43.5770382,-7.3295969,geo_point_2d
27008,42.6355369,-7.4952303,geo_point_2d
27023,42.9015699,-7.6579709,geo_point_2d
27005,43.5191373,-7.2295883,geo_point_2d
27004,43.04265,-7.2148359,geo_point_2d
27059,42.4332626,-7.5549288,geo_point_2d
27017,42.6126247,-7.1744086,geo_point_2d
27049,42.8171047,-7.683127,geo_point_2d
27028,43.0013253,-7.5648718,geo_point_2d
27009,42.5237279,-7.8093994,geo_point_2d
27064,43.6827643,-7.6712483,geo_point_2d
27015,43.2217667,-7.5356368,geo_point_2d
27901,42.9067274,-7.2525409,geo_point_2d
27056,43.1248682,-7.6223741,geo_point_2d
27051,43.5122984,-7.1127901,geo_point_2d
27042,42.7422487,-7.5778103,geo_point_2d
27033,43.4809479,-7.6644367,geo_point_2d
28042,40.4058797,-4.1928762,geo_point_2d
28163,40.7641118,-3.4708639,geo_point_2d
28117,41.0397197,-3.5097306,geo_point_2d
28151,40.82272,-3.5472897,geo_point_2d
28125,40.4803457,-4.2420732,geo_point_2d
28079,40.4654289,-3.6964664,geo_point_2d
28099,40.3831305,-4.2710326,geo_point_2d
28029,40.8254588,-3.6347573,geo_point_2d
28004,40.2324046,-3.9892581,geo_point_2d
28130,40.4361137,-3.4848637,geo_point_2d
28001,41.0931462,-3.6357101,geo_point_2d
28145,40.7371866,-3.4913528,geo_point_2d
28178,40.3728472,-4.0905954,geo_point_2d
28091,40.2311581,-3.4479772,geo_point_2d
28093,40.7490473,-4.0052688,geo_point_2d
28183,40.5434542,-4.1797154,geo_point_2d
28156,40.6226738,-3.3501593,geo_point_2d
28090,40.6646696,-3.9470694,geo_point_2d
28009,40.6082182,-3.5299274,geo_point_2d
28008,40.3092562,-4.2237845,geo_point_2d
28180,40.1299004,-3.2682374,geo_point_2d
28054,40.5856276,-4.0948604,geo_point_2d
28144,40.7476811,-3.7882018,geo_point_2d
28068,40.6773049,-4.1099857,geo_point_2d
28047,40.641213,-3.9884382,geo_point_2d
28010,40.6618419,-4.020814,geo_point_2d
28053,40.5595811,-3.4447964,geo_point_2d
28071,41.0911201,-3.5434995,geo_point_2d
28158,40.8625944,-3.6655352,geo_point_2d
28106,40.2306589,-3.7669479,geo_point_2d
28136,40.47144,-3.2234224,geo_point_2d
28087,40.7209026,-4.093167,geo_point_2d
28006,40.5345949,-3.6301211,geo_point_2d
28067,40.7685112,-3.6842376,geo_point_2d
28062,40.9291543,-3.684102,geo_point_2d
28045,40.6639494,-3.7460808,geo_point_2d
28049,40.4268736,-3.5530212,geo_point_2d
28135,40.5947214,-4.2453009,geo_point_2d
28173,40.0761637,-3.2487128,geo_point_2d
28120,40.8639747,-3.8955961,geo_point_2d
28104,40.514342,-3.5246499,geo_point_2d
28137,40.5127769,-3.2555214,geo_point_2d
28160,40.5040008,-4.0686135,geo_point_2d
28020,40.973661,-3.5282487,geo_point_2d
28127,40.5218007,-3.8919823,geo_point_2d
28172,40.4423191,-3.3251636,geo_point_2d
28060,40.110997,-3.1591046,geo_point_2d
28129,40.6860065,-3.63213,geo_point_2d
28057,40.6093686,-3.4093552,geo_point_2d
28094,40.817194,-3.6769579,geo_point_2d
28147,40.1459275,-3.5607664,geo_point_2d
28112,40.938043,-3.8312498,geo_point_2d
28033,40.3229988,-3.3732816,geo_point_2d
28148,40.4700321,-3.4604905,geo_point_2d
28011,40.3407742,-3.1766838,geo_point_2d
28128,40.3027005,-4.5153255,geo_point_2d
28005,40.4945916,-3.3696004,geo_point_2d
28061,40.574919,-3.9859643,geo_point_2d
28165,40.2951198,-3.303618,geo_point_2d
28168,40.7691599,-3.5611396,geo_point_2d
28017,40.2227383,-3.9260122,geo_point_2d
28119,40.4184585,-4.0607008,geo_point_2d
28084,40.4002235,-3.4750944,geo_point_2d
28109,40.3599122,-4.327977,geo_point_2d
28175,40.3424775,-4.1438833,geo_point_2d
28113,40.2469152,-3.6856038,geo_point_2d
28043,40.0810752,-3.4517782,geo_point_2d
28021,40.881951,-3.55784,geo_point_2d
28082,40.7504396,-3.877958,geo_point_2d
28182,41.0280834,-3.7023096,geo_point_2d
28048,40.4188776,-3.24815,geo_point_2d
28003,40.9203836,-3.8500021,geo_point_2d
28073,40.251505,-3.8261029,geo_point_2d
28069,41.0692196,-3.4547247,geo_point_2d
28171,40.2751505,-4.3062789,geo_point_2d
28080,40.4687649,-3.8951334,geo_point_2d
28111,40.4074645,-3.1780886,geo_point_2d
28122,40.6627883,-3.4115853,geo_point_2d
28089,40.2578786,-3.8797036,geo_point_2d
28028,40.841572,-3.7283455,geo_point_2d
28052,40.1624522,-3.4782846,geo_point_2d
28095,40.4401304,-4.1299714,geo_point_2d
28155,40.1983067,-3.1994003,geo_point_2d
28181,40.3606845,-3.9369563,geo_point_2d
28141,40.3538854,-4.0386088,geo_point_2d
28013,39.9948762,-3.6788875,geo_point_2d
28018,40.7058572,-3.9370641,geo_point_2d
28055,40.1463855,-3.1088126,geo_point_2d
28030,40.8628493,-3.6132108,geo_point_2d
28035,40.2544217,-3.2461425,geo_point_2d
28025,40.2405623,-3.1210125,geo_point_2d
28046,40.6937902,-4.032242,geo_point_2d
28039,40.9166339,-3.5241133,geo_point_2d
28132,40.2431307,-3.5616328,geo_point_2d
28088,41.0919401,-3.5114027,geo_point_2d
28037,40.2439938,-4.508369,geo_point_2d
28146,40.2332713,-3.3020833,geo_point_2d
28174,40.2917155,-4.1212062,geo_point_2d
28076,40.9620565,-3.7842781,geo_point_2d
28058,40.2830247,-3.7967814,geo_point_2d
28126,41.1225988,-3.6048386,geo_point_2d
28121,40.8163477,-3.5940791,geo_point_2d
28177,40.4904647,-3.9684654,geo_point_2d
28096,40.2886958,-4.0141526,geo_point_2d
28179,40.3321536,-3.2408791,geo_point_2d
28064,41.0355161,-3.6734623,geo_point_2d
28164,40.6903837,-3.5107182,geo_point_2d
28083,40.5570815,-3.3230724,geo_point_2d
28123,40.3398806,-3.5283226,geo_point_2d
28075,40.3824126,-3.4176893,geo_point_2d
28149,40.2031347,-3.7984834,geo_point_2d
28167,40.363896,-3.4759999,geo_point_2d
28072,40.6158975,-3.8932892,geo_point_2d
28110,40.226417,-3.3527576,geo_point_2d
28134,40.5750833,-3.599623,geo_point_2d
28070,41.0797631,-3.5823797,geo_point_2d
28007,40.3583939,-3.8372317,geo_point_2d
28107,40.8827441,-3.4847934,geo_point_2d
28026,40.3971584,-3.9949642,geo_point_2d
28903,40.6113344,-3.7259854,geo_point_2d
28092,40.3188025,-3.890351,geo_point_2d
28074,40.3307059,-3.7714933,geo_point_2d
28034,40.8928953,-3.7601444,geo_point_2d
28131,40.6187253,-4.1303943,geo_point_2d
28154,40.4101353,-3.3684525,geo_point_2d
28085,40.7970796,-3.7775444,geo_point_2d
28170,40.1126095,-3.4991481,geo_point_2d
28176,40.4478876,-3.9853422,geo_point_2d
28041,40.5681697,-3.5075329,geo_point_2d
28024,41.0595657,-3.6598258,geo_point_2d
28159,40.5070718,-4.299611,geo_point_2d
28012,40.4664096,-3.276799,geo_point_2d
28153,40.8337218,-3.5003008,geo_point_2d
28161,40.1832573,-3.6575144,geo_point_2d
28108,40.7419059,-3.6249629,geo_point_2d
28002,40.5239758,-3.4801386,geo_point_2d
28143,41.1416104,-3.568581,geo_point_2d
28051,40.3707578,-4.2103947,geo_point_2d
28133,40.3619164,-4.3658116,geo_point_2d
28166,40.4048836,-3.3010088,geo_point_2d
28066,40.2179448,-3.8429012,geo_point_2d
28124,40.9484938,-3.5204999,geo_point_2d
28027,40.9884092,-3.6271785,geo_point_2d
28138,41.0373766,-3.6223078,geo_point_2d
28022,40.4203347,-3.8926773,geo_point_2d
28016,40.9396749,-3.466687,geo_point_2d
28036,40.1724036,-3.832015,geo_point_2d
28044,40.5375919,-4.0189705,geo_point_2d
28100,40.3750434,-3.2533398,geo_point_2d
28169,40.7972355,-3.6223334,geo_point_2d
28032,40.562269,-3.3759336,geo_point_2d
28116,40.361384,-3.3089288,geo_point_2d
28115,40.4287753,-3.8138278,geo_point_2d
28150,40.1745846,-3.7474249,geo_point_2d
28015,40.2801112,-3.9158092,geo_point_2d
28140,40.2071323,-3.894096,geo_point_2d
28031,40.2984834,-4.4328263,geo_point_2d
28040,40.1516502,-3.6071373,geo_point_2d
28038,40.7557992,-4.0599335,geo_point_2d
28019,40.1374875,-3.333861,geo_point_2d
28152,40.5756586,-3.9261638,geo_point_2d
28065,40.2991381,-3.6734265,geo_point_2d
29037,36.6598753,-5.1551091,geo_point_2d
29028,36.7015582,-5.2611758,geo_point_2d
29084,36.7777622,-5.1285406,geo_point_2d
29071,36.766812,-4.2592969,geo_point_2d
29014,36.6555008,-5.2171206,geo_point_2d
29016,36.8273937,-3.9961126,geo_point_2d
29080,36.7659078,-4.7071533,geo_point_2d
29008,36.6490488,-4.6838039,geo_point_2d
29088,37.1449468,-4.8560629,geo_point_2d
29081,36.586302,-5.1296233,geo_point_2d
29026,36.8432035,-4.1979426,geo_point_2d
29901,36.6259872,-4.5157521,geo_point_2d
29070,36.5598392,-4.6846604,geo_point_2d
29051,36.4665623,-5.140871,geo_point_2d
29002,36.9163506,-4.1165488,geo_point_2d
29059,37.1352598,-4.6909076,geo_point_2d
29036,36.8455493,-4.8217223,geo_point_2d
29031,36.803695,-4.954516,geo_point_2d
29056,36.501038,-5.3475913,geo_point_2d
29083,36.923029,-4.2792841,geo_point_2d
29046,36.5760045,-5.4310931,geo_point_2d
29053,36.8049304,-3.8955325,geo_point_2d
29045,36.8347435,-3.9216272,geo_point_2d
29095,37.188527,-4.4174493,geo_point_2d
29023,36.5455502,-5.0493201,geo_point_2d
29040,36.7954154,-4.8233767,geo_point_2d
29021,36.640757,-5.2467372,geo_point_2d
29061,36.6003959,-4.9637964,geo_point_2d
29044,36.8555442,-4.2574167,geo_point_2d
29027,36.7874785,-4.1652416,geo_point_2d
29005,36.7663797,-4.0442282,geo_point_2d
29013,36.731575,-4.8588995,geo_point_2d
29042,36.6713123,-4.7687796,geo_point_2d
29096,37.0084824,-4.3676022,geo_point_2d
29017,37.1056999,-4.3919141,geo_point_2d
29022,36.6145134,-5.2765775,geo_point_2d
29049,37.252308,-4.4205614,geo_point_2d
29012,36.8569629,-4.698769,geo_point_2d
29041,36.4325087,-5.2755303,geo_point_2d
29067,36.7676164,-4.4239432,geo_point_2d
29058,36.6739072,-4.8398497,geo_point_2d
29011,36.8418411,-4.5485392,geo_point_2d
29018,36.8927893,-4.8471648,geo_point_2d
29090,36.677824,-4.9421015,geo_point_2d
29048,36.8731046,-5.046433,geo_point_2d
29062,36.7839393,-4.1915725,geo_point_2d
29057,36.5244557,-5.224086,geo_point_2d
29010,37.0233881,-5.019277,geo_point_2d
29055,37.1234153,-4.7550588,geo_point_2d
29024,36.5872577,-5.3022546,geo_point_2d
29020,36.7963118,-5.1359085,geo_point_2d
29019,36.8129966,-4.055323,geo_point_2d
29039,36.8824066,-4.4314218,geo_point_2d
29064,36.5609189,-5.2040238,geo_point_2d
29099,36.8671928,-4.1635206,geo_point_2d
29098,37.1813741,-4.3419647,geo_point_2d
29086,36.7956318,-4.0091998,geo_point_2d
29001,37.227182,-4.6678463,geo_point_2d
29009,36.8217598,-4.2216266,geo_point_2d
29015,37.0363439,-4.5838717,geo_point_2d
29068,36.3527257,-5.2617435,geo_point_2d
29073,36.6277896,-4.8541226,geo_point_2d
29069,36.5144151,-4.8763867,geo_point_2d
29025,36.5973459,-4.5615306,geo_point_2d
29089,36.9780438,-4.9269149,geo_point_2d
29904,36.8605089,-4.9913323,geo_point_2d
29052,36.6051819,-5.1976715,geo_point_2d
29076,36.5663379,-4.8381817,geo_point_2d
29085,36.8586988,-4.0147393,geo_point_2d
29054,36.5582369,-4.6147421,geo_point_2d
29007,36.661526,-4.5830171,geo_point_2d
29033,36.8737125,-4.0925417,geo_point_2d
29097,37.0401842,-4.3195662,geo_point_2d
29074,36.7280847,-5.2855988,geo_point_2d
29035,36.9489418,-5.0374879,geo_point_2d
29029,36.548403,-5.3004987,geo_point_2d
29093,36.9389458,-4.6743389,geo_point_2d
29082,36.7304525,-4.2701124,geo_point_2d
29066,36.7698407,-4.2222228,geo_point_2d
29006,36.5746434,-5.2890006,geo_point_2d
29038,36.7370733,-4.6427659,geo_point_2d
29091,36.7645025,-3.9540938,geo_point_2d
29902,36.9293278,-4.5279789,geo_point_2d
29077,36.6665522,-5.0829791,geo_point_2d
29087,36.863386,-4.0447457,geo_point_2d
29003,36.9921182,-4.2481256,geo_point_2d
29050,36.8621728,-4.2259318,geo_point_2d
29065,36.591601,-5.1614187,geo_point_2d
29100,36.7347681,-4.9378576,geo_point_2d
29032,37.0335295,-4.8631197,geo_point_2d
29092,36.7595599,-4.2950234,geo_point_2d
29094,36.7726548,-4.1348172,geo_point_2d
29034,36.8633181,-3.9711549,geo_point_2d
29060,36.6217863,-5.0947861,geo_point_2d
29079,36.9323087,-4.1935573,geo_point_2d
29075,36.7858571,-3.8300149,geo_point_2d
29047,37.2264076,-4.4755052,geo_point_2d
29043,36.9158052,-4.3293959,geo_point_2d
29063,36.6569847,-5.2781215,geo_point_2d
29072,37.1434575,-4.6471851,geo_point_2d
30033,37.5472352,-1.8162297,geo_point_2d
30014,38.05065,-1.3668888,geo_point_2d
30037,37.7774888,-0.9669352,geo_point_2d
30901,38.0857257,-1.0567013,geo_point_2d
30011,38.2129234,-1.2974005,geo_point_2d
30029,38.0084869,-1.5405003,geo_point_2d
30008,37.8223446,-1.3874264,geo_point_2d
30010,38.0268927,-0.9919559,geo_point_2d
30028,38.1988066,-1.9911167,geo_point_2d
30030,37.9216752,-1.1071535,geo_point_2d
30013,38.2372947,-1.6562711,geo_point_2d
30039,37.7774936,-1.5272353,geo_point_2d
30032,37.9774721,-1.503767,geo_point_2d
30019,38.2738386,-1.4698306,geo_point_2d
30017,38.0757623,-1.7463374,geo_point_2d
30035,37.8098356,-0.8376457,geo_point_2d
30041,37.6133339,-0.8800947,geo_point_2d
30031,38.106576,-1.361476,geo_point_2d
30009,38.1116437,-1.2951703,geo_point_2d
30034,38.1492613,-1.4364196,geo_point_2d
30038,38.0210306,-1.2682125,geo_point_2d
30004,38.0295414,-1.382685,geo_point_2d
30023,37.9050388,-1.3406837,geo_point_2d
30027,38.1227247,-1.1993384,geo_point_2d
30021,37.7322684,-1.2139261,geo_point_2d
30012,38.0411235,-1.6732382,geo_point_2d
30902,37.7433476,-0.8654338,geo_point_2d
30003,37.467979,-1.5901441,geo_point_2d
30026,37.620771,-1.3522959,geo_point_2d
30016,37.6386908,-0.9896415,geo_point_2d
30001,38.2549552,-1.051719,geo_point_2d
30043,38.6063733,-1.1508029,geo_point_2d
30002,38.2533949,-1.3212033,geo_point_2d
30020,38.2032039,-1.1360704,geo_point_2d
30018,38.0859345,-1.2811582,geo_point_2d
30040,38.16409,-1.287415,geo_point_2d
30006,37.7909503,-1.6165228,geo_point_2d
30024,37.6990339,-1.7544797,geo_point_2d
30025,38.1012539,-1.2508394,geo_point_2d
30036,37.8335139,-0.7895448,geo_point_2d
30042,38.1004499,-1.3230664,geo_point_2d
30022,38.4692025,-1.3098087,geo_point_2d
30005,37.9717978,-1.2318191,geo_point_2d
30007,38.0574281,-1.2729937,geo_point_2d
31191,42.4452543,-1.6748858,geo_point_2d
31039,42.6866236,-1.8408891,geo_point_2d
31046,42.5815504,-2.1328372,geo_point_2d
31171,42.482311,-1.8300489,geo_point_2d
31907,42.7900983,-1.6950739,geo_point_2d
31255,42.6140876,-2.1278911,geo_point_2d
31210,42.8059329,-0.9538484,geo_point_2d
31045,42.612322,-1.6712569,geo_point_2d
31111,42.7925714,-1.1022069,geo_point_2d
31089,42.664513,-1.7440122,geo_point_2d
31192,42.6424792,-1.599593,geo_point_2d
31031,43.078744,-1.9554767,geo_point_2d
31131,42.8854682,-1.7734686,geo_point_2d
31176,42.0441654,-1.6693966,geo_point_2d
31059,42.7369079,-0.9953225,geo_point_2d
31127,42.9128957,-1.9368383,geo_point_2d
31114,42.5943518,-1.6648733,geo_point_2d
31240,42.9049657,-2.1452562,geo_point_2d
31108,42.0345154,-1.4431453,geo_point_2d
31163,42.3419378,-1.7221891,geo_point_2d
31207,42.5672297,-1.6581469,geo_point_2d
31254,42.2739182,-1.7254135,geo_point_2d
31066,42.4140055,-1.9817778,geo_point_2d
31001,42.6437742,-2.1378964,geo_point_2d
31062,42.047787,-1.5229901,geo_point_2d
31075,42.791698,-1.8251296,geo_point_2d
31043,42.6061194,-2.3509106,geo_point_2d
31265,42.6919564,-2.2954041,geo_point_2d
31003,42.897094,-1.2007234,geo_point_2d
31905,42.7316525,-1.6437024,geo_point_2d
31035,42.5440557,-2.2882449,geo_point_2d
31190,42.6243606,-2.139891,geo_point_2d
31167,42.6118601,-1.8408603,geo_point_2d
31109,42.7475123,-1.6707634,geo_point_2d
31226,43.1792585,-1.664822,geo_point_2d
31096,42.5967176,-2.3021416,geo_point_2d
31087,43.1379736,-1.6909138,geo_point_2d
31174,42.598042,-1.9961331,geo_point_2d
31221,43.1350998,-1.6700566,geo_point_2d
31037,42.933105,-2.0035173,geo_point_2d
31116,42.6488539,-2.39918,geo_point_2d
31010,42.9131856,-2.1829785,geo_point_2d
31180,42.6886641,-1.7620518,geo_point_2d
31232,42.0812134,-1.6444569,geo_point_2d
31009,42.5926153,-1.3546466,geo_point_2d
31067,42.3525037,-1.4136753,geo_point_2d
31090,43.105426,-1.8043128,geo_point_2d
31077,42.1129999,-1.7923088,geo_point_2d
31155,42.614791,-1.2611967,geo_point_2d
31033,42.9673838,-1.2754623,geo_point_2d
31170,42.6213088,-2.280978,geo_point_2d
31012,42.5411467,-2.0110028,geo_point_2d
31145,42.4912478,-2.2309604,geo_point_2d
31247,42.9148245,-0.9593268,geo_point_2d
31151,42.5625688,-1.4994847,geo_point_2d
31159,42.6479306,-1.2899669,geo_point_2d
31081,43.0902571,-1.6631126,geo_point_2d
31183,42.661631,-1.7854088,geo_point_2d
31074,42.6601903,-1.8992203,geo_point_2d
31213,43.087269,-1.7763518,geo_point_2d
31152,42.4785819,-1.9597183,geo_point_2d
31102,43.0994318,-1.83852,geo_point_2d
31257,42.6396223,-1.9545455,geo_point_2d
31086,42.8232225,-1.5485765,geo_point_2d
31263,43.1300011,-1.7556709,geo_point_2d
31201,42.8149411,-1.6513679,geo_point_2d
31078,41.9385357,-1.4445189,geo_point_2d
31147,42.7185236,-1.7775223,geo_point_2d
31238,42.6632159,-1.6234019,geo_point_2d
31182,42.6408004,-2.287343,geo_point_2d
31148,42.6429979,-2.1803368,geo_point_2d
31179,42.3996815,-1.4706246,geo_point_2d
31161,42.6548314,-1.8580165,geo_point_2d
31097,42.6666353,-2.0270381,geo_point_2d
31168,42.6820772,-2.1203432,geo_point_2d
31080,42.5623929,-2.0409059,geo_point_2d
31070,42.1558989,-1.6795322,geo_point_2d
31052,42.7501666,-1.8299359,geo_point_2d
31117,43.1892795,-1.8294722,geo_point_2d
31068,42.0116451,-1.7081291,geo_point_2d
31156,42.8303139,-1.467334,geo_point_2d
31233,41.9830102,-1.6846707,geo_point_2d
31259,43.2191827,-1.6906817,geo_point_2d
31122,42.829047,-1.5930405,geo_point_2d
31215,42.3451919,-1.919353,geo_point_2d
31051,42.4635723,-1.5984926,geo_point_2d
31130,42.9051832,-2.1252077,geo_point_2d
31018,42.6373282,-1.7274349,geo_point_2d
31024,43.195889,-1.8976185,geo_point_2d
31061,42.5396668,-2.2381284,geo_point_2d
31006,41.9613149,-1.5857344,geo_point_2d
31015,42.3837709,-1.9464511,geo_point_2d
31224,42.4706613,-2.0871218,geo_point_2d
31069,42.4710356,-1.3661628,geo_point_2d
31021,42.7709081,-2.2311631,geo_point_2d
31173,41.9676298,-1.7048002,geo_point_2d
31073,42.8836533,-2.2292149,geo_point_2d
31032,42.1867167,-1.5726553,geo_point_2d
31082,43.2335951,-1.6181616,geo_point_2d
31143,42.7757248,-2.2583595,geo_point_2d
31137,43.0983358,-1.7562962,geo_point_2d
31229,42.6474895,-1.6933111,geo_point_2d
31162,42.6233515,-2.4449044,geo_point_2d
31206,42.6953221,-1.8168627,geo_point_2d
31064,42.2267454,-1.6849398,geo_point_2d
31146,42.6150475,-1.4127249,geo_point_2d
31187,43.0906975,-1.6918807,geo_point_2d
31057,41.973017,-1.4522915,geo_point_2d
31153,43.2586839,-1.7379916,geo_point_2d
31246,42.7146786,-1.7526257,geo_point_2d
31184,42.6383312,-2.1629097,geo_point_2d
31165,42.4525559,-2.1962047,geo_point_2d
31121,42.7207051,-1.8644656,geo_point_2d
31115,42.9555123,-1.304602,geo_point_2d
31079,42.5875812,-2.2671432,geo_point_2d
31138,42.9341694,-2.0173067,geo_point_2d
31026,42.5665996,-2.3592128,geo_point_2d
31041,42.6487579,-2.0469966,geo_point_2d
31252,42.8167947,-1.0077954,geo_point_2d
31177,42.6610604,-2.1508482,geo_point_2d
31094,42.5673111,-1.4606891,geo_point_2d
31157,42.4043378,-2.0757431,geo_point_2d
31106,42.0091873,-1.5690497,geo_point_2d
31099,42.6122397,-2.1732839,geo_point_2d
31007,42.6939638,-1.7356876,geo_point_2d
31154,42.7934355,-2.0074269,geo_point_2d
31208,41.9811138,-1.5208944,geo_point_2d
31149,43.1030214,-1.8930729,geo_point_2d
31056,42.677228,-1.6776266,geo_point_2d
31022,43.1914245,-1.7396173,geo_point_2d
31038,42.5827811,-1.7592965,geo_point_2d
31251,42.5060544,-2.358569,geo_point_2d
31140,43.0092869,-1.6096161,geo_point_2d
31200,42.5800163,-1.9447192,geo_point_2d
31008,42.6108512,-2.3847746,geo_point_2d
31217,42.5179392,-1.5738667,geo_point_2d
31227,42.5157269,-1.7100459,geo_point_2d
31214,42.7785445,-1.8813827,geo_point_2d
31110,42.4981597,-1.4173544,geo_point_2d
31044,42.9073506,-2.1081752,geo_point_2d
31083,42.7806407,-1.8279152,geo_point_2d
31231,42.520866,-2.270881,geo_point_2d
31100,42.7686433,-2.2073898,geo_point_2d
31197,42.5989333,-1.5948028,geo_point_2d
31135,42.504118,-1.2898392,geo_point_2d
31142,42.548977,-1.8648912,geo_point_2d
31160,42.5706548,-2.1318114,geo_point_2d
31107,42.2900766,-1.8061857,geo_point_2d
31248,43.0650973,-1.314029,geo_point_2d
31264,43.2687933,-1.544932,geo_point_2d
31234,42.6861295,-1.7064914,geo_point_2d
31125,42.6433969,-2.0892865,geo_point_2d
31065,42.3241,-1.6576774,geo_point_2d
31141,42.6003521,-2.4606111,geo_point_2d
31245,42.8349478,-0.9306235,geo_point_2d
31072,42.0658822,-1.7941965,geo_point_2d
31223,42.3846121,-2.0419226,geo_point_2d
31219,42.5384462,-2.2531442,geo_point_2d
31249,42.2153447,-1.615986,geo_point_2d
31904,42.9238982,-1.824105,geo_point_2d
31198,42.8754036,-1.0734272,geo_point_2d
31014,42.6648022,-2.1872407,geo_point_2d
31129,43.1356626,-1.7206159,geo_point_2d
31225,42.6113824,-2.2145188,geo_point_2d
31063,42.6348737,-2.4247262,geo_point_2d
31203,42.4464712,-1.1115992,geo_point_2d
31027,42.931822,-2.0398302,geo_point_2d
31104,42.4197655,-1.8100007,geo_point_2d
31181,42.7292893,-1.1159054,geo_point_2d
31172,42.7046049,-1.5267005,geo_point_2d
31202,42.3564803,-1.802453,geo_point_2d
31042,42.2991003,-1.8743481,geo_point_2d
31908,43.0109167,-1.904423,geo_point_2d
31028,42.8750789,-1.3485465,geo_point_2d
31029,42.5440365,-2.1892558,geo_point_2d
31112,42.9188738,-1.2474415,geo_point_2d
31164,42.3462545,-1.5287842,geo_point_2d
31261,42.6269593,-1.1927097,geo_point_2d
31053,42.5193179,-1.8411953,geo_point_2d
31235,42.4751642,-1.4916424,geo_point_2d
31901,42.8039662,-1.6892268,geo_point_2d
31030,42.5774076,-2.06158,geo_point_2d
31055,43.0160023,-1.9758136,geo_point_2d
31113,42.782359,-0.8969182,geo_point_2d
31169,42.2360087,-1.7654673,geo_point_2d
31196,42.9738094,-1.2522948,geo_point_2d
31204,42.6209415,-2.2102478,geo_point_2d
31105,42.0441357,-1.8638558,geo_point_2d
31036,42.552129,-2.105179,geo_point_2d
31260,42.7953494,-2.0438335,geo_point_2d
31118,42.8309799,-1.8961926,geo_point_2d
31047,42.5348647,-2.3078626,geo_point_2d
31205,42.4249773,-1.5829257,geo_point_2d
32007,42.2260659,-7.6785379,geo_point_2d
32011,42.4802479,-8.2796289,geo_point_2d
32039,42.0998355,-7.4539689,geo_point_2d
32089,42.1726371,-7.5616293,geo_point_2d
32072,42.4118246,-7.1236932,geo_point_2d
32001,42.1905022,-7.8046614,geo_point_2d
32027,42.207741,-8.1493441,geo_point_2d
32037,42.3215666,-7.6363593,geo_point_2d
32090,42.096573,-7.8032588,geo_point_2d
32052,42.3961047,-7.7079632,geo_point_2d
32009,42.4153131,-6.9823826,geo_point_2d
32030,41.942916,-8.1392436,geo_point_2d
32020,42.2389,-8.0214719,geo_point_2d
32018,42.3290256,-8.1884797,geo_point_2d
32034,42.0389083,-7.1678063,geo_point_2d
32049,42.2813406,-7.5036389,geo_point_2d
32024,42.1588345,-7.9733468,geo_point_2d
32060,42.3671359,-7.0977011,geo_point_2d
32032,42.0445958,-7.7060849,geo_point_2d
32048,42.0068631,-7.0338011,geo_point_2d
32031,42.3334064,-7.6966296,geo_point_2d
32077,42.1120726,-7.7472219,geo_point_2d
32083,42.2651402,-6.9588873,geo_point_2d
32013,42.44345,-8.1770592,geo_point_2d
32092,42.151262,-7.266343,geo_point_2d
32065,42.3707658,-8.010897,geo_point_2d
32069,42.2903863,-8.136732,geo_point_2d
32046,42.274609,-8.2220062,geo_point_2d
32044,42.2699814,-7.2203401,geo_point_2d
32071,41.9731487,-7.2749372,geo_point_2d
32047,42.2188049,-7.9033689,geo_point_2d
32014,42.1451866,-7.8975438,geo_point_2d
32086,42.1535979,-7.079514,geo_point_2d
32025,42.3394938,-8.077202,geo_point_2d
32023,42.3744242,-7.4040887,geo_point_2d
32005,41.935014,-7.7376003,geo_point_2d
32026,42.4065981,-7.8383857,geo_point_2d
32066,42.1239811,-8.0907059,geo_point_2d
32019,42.4414769,-8.0768382,geo_point_2d
32008,42.3005715,-7.9073617,geo_point_2d
32004,42.3879742,-8.2727202,geo_point_2d
32067,42.0909654,-7.8547312,geo_point_2d
32056,42.1185654,-8.1548962,geo_point_2d
32079,42.2482042,-7.8264836,geo_point_2d
32082,42.028196,-7.6232115,geo_point_2d
32062,42.0185582,-7.8439444,geo_point_2d
32010,42.3252272,-8.133114,geo_point_2d
32015,42.2966413,-7.1069836,geo_point_2d
32085,41.9065378,-7.4163009,geo_point_2d
32043,42.256728,-7.6000078,geo_point_2d
32091,41.9015504,-7.301259,geo_point_2d
32002,42.3985446,-7.9457242,geo_point_2d
32087,42.4629275,-7.8914732,geo_point_2d
32028,41.9622497,-7.5944622,geo_point_2d
32022,42.2942943,-8.0646976,geo_point_2d
32088,42.4484122,-7.0536217,geo_point_2d
32045,42.4194555,-8.0181692,geo_point_2d
32080,42.3703253,-7.4768117,geo_point_2d
32042,41.8754808,-8.0870602,geo_point_2d
32054,42.3507465,-7.8898791,geo_point_2d
32061,42.5229529,-8.0116166,geo_point_2d
32074,42.3711617,-8.0626104,geo_point_2d
32078,42.1068939,-7.6032489,geo_point_2d
32006,42.0315557,-7.9708,geo_point_2d
32059,42.4555939,-7.8019872,geo_point_2d
32081,42.3067577,-7.9663156,geo_point_2d
32084,42.0949126,-7.9912454,geo_point_2d
33003,43.2428359,-5.0938042,geo_point_2d
33075,43.3246448,-6.9895916,geo_point_2d
33035,43.4536214,-5.861927,geo_point_2d
33044,43.3497084,-5.8736178,geo_point_2d
33029,43.3406734,-6.8499445,geo_point_2d
33052,43.2280734,-6.0439082,geo_point_2d
33019,43.4683393,-5.2844196,geo_point_2d
33076,43.4850047,-5.4593545,geo_point_2d
33041,43.52932,-6.6761339,geo_point_2d
33070,43.5254087,-6.9224783,geo_point_2d
33045,43.3665718,-5.1878248,geo_point_2d
33065,43.4120705,-5.5515805,geo_point_2d
33061,43.2796056,-6.9379628,geo_point_2d
33022,42.9468262,-6.5601067,geo_point_2d
33059,43.4134248,-6.2494566,geo_point_2d
33017,43.4743856,-6.970312,geo_point_2d
33037,43.2335275,-5.7542659,geo_point_2d
33016,43.5492631,-5.9924908,geo_point_2d
33018,43.510305,-6.762766,geo_point_2d
33062,43.2558901,-7.0277278,geo_point_2d
33027,43.196402,-6.8989781,geo_point_2d
33030,43.4973137,-5.9661715,geo_point_2d
33042,43.4020307,-5.7014026,geo_point_2d
33051,43.4850398,-6.1500052,geo_point_2d
33073,43.3374878,-6.4840113,geo_point_2d
33006,43.3237081,-5.5612415,geo_point_2d
33007,43.4174603,-6.8226926,geo_point_2d
33036,43.398017,-4.8324547,geo_point_2d
33069,43.5254938,-6.0553128,geo_point_2d
33013,43.4604643,-5.1916363,geo_point_2d
33040,43.3515858,-5.4931199,geo_point_2d
33074,43.4218032,-7.0254579,geo_point_2d
33039,43.5489546,-6.0982039,geo_point_2d
33012,43.3252895,-5.0555239,geo_point_2d
33048,43.2718834,-6.8688169,geo_point_2d
33049,43.3300052,-5.3376377,geo_point_2d
33004,43.55917,-5.9190952,geo_point_2d
33024,43.5007534,-5.6824346,geo_point_2d
33026,43.3204616,-6.0967014,geo_point_2d
33071,43.3594232,-7.0764736,geo_point_2d
33020,43.5156126,-5.8790046,geo_point_2d
33023,43.5099124,-6.8417493,geo_point_2d
33063,43.4046029,-7.1390692,geo_point_2d
33011,43.1032098,-6.551973,geo_point_2d
33021,43.5438988,-6.2291896,geo_point_2d
33043,43.3036566,-4.954864,geo_point_2d
33056,43.444883,-5.0836973,geo_point_2d
34185,42.9318392,-4.6793909,geo_point_2d
34096,42.2725168,-4.5540955,geo_point_2d
34031,41.9406665,-4.9789207,geo_point_2d
34104,42.249236,-4.2659755,geo_point_2d
34034,42.2668753,-4.3362719,geo_point_2d
34106,41.9496175,-4.9153151,geo_point_2d
34051,41.8626321,-4.2892339,geo_point_2d
34229,42.5162338,-4.4079349,geo_point_2d
34132,42.2650736,-4.4571349,geo_point_2d
34189,42.0464418,-4.4163004,geo_point_2d
34165,42.2650095,-4.8544642,geo_point_2d
34213,42.1424853,-4.2698109,geo_point_2d
34196,41.8939336,-4.3532061,geo_point_2d
34107,42.6847195,-4.4681956,geo_point_2d
34174,42.2206274,-4.3468153,geo_point_2d
34177,41.945359,-4.4265027,geo_point_2d
34028,42.6792675,-4.5373905,geo_point_2d
34047,42.3271113,-4.6159523,geo_point_2d
34130,42.2157918,-4.4397884,geo_point_2d
34069,41.8756742,-4.5617947,geo_point_2d
34238,41.9556994,-4.3289727,geo_point_2d
34242,42.1498063,-4.0865096,geo_point_2d
34058,41.8594338,-4.150864,geo_point_2d
34186,42.1527242,-4.2229502,geo_point_2d
34017,42.1621574,-4.3192427,geo_point_2d
34071,42.4724734,-4.3747145,geo_point_2d
34154,42.6354225,-4.5223323,geo_point_2d
34220,42.0099116,-4.6793748,geo_point_2d
34073,42.6833415,-4.8383835,geo_point_2d
34037,42.6319517,-4.6049339,geo_point_2d
34218,42.5254854,-4.7763829,geo_point_2d
34027,42.8833539,-4.3067149,geo_point_2d
34199,42.8995164,-4.7828343,geo_point_2d
34089,42.2901918,-4.2789564,geo_point_2d
34083,42.5485627,-4.3108854,geo_point_2d
34038,42.4436667,-4.7451321,geo_point_2d
34080,42.7860487,-4.8522554,geo_point_2d
34139,42.6722169,-4.353031,geo_point_2d
34168,42.5154256,-4.3487201,geo_point_2d
34116,42.3674176,-4.3076936,geo_point_2d
34070,41.9564491,-3.9574148,geo_point_2d
34127,42.1784397,-4.5911542,geo_point_2d
34001,42.0591696,-4.846374,geo_point_2d
34076,42.0902114,-4.7674828,geo_point_2d
34236,42.3710711,-4.6865083,geo_point_2d
34184,41.9648965,-4.7880619,geo_point_2d
34223,42.3993137,-4.7049279,geo_point_2d
34048,41.9824018,-4.950956,geo_point_2d
34029,42.1129113,-4.6342994,geo_point_2d
34230,42.291302,-4.5156163,geo_point_2d
34011,42.1486611,-4.4431566,geo_point_2d
34205,41.8683686,-4.2134931,geo_point_2d
34041,42.5665454,-4.3799885,geo_point_2d
34072,42.1343514,-4.8385752,geo_point_2d
34161,42.5406211,-4.3504743,geo_point_2d
34049,42.7964972,-4.6005841,geo_point_2d
34039,42.3487008,-4.732058,geo_point_2d
34084,42.0422762,-4.2045634,geo_point_2d
34221,42.040721,-4.3761508,geo_point_2d
34208,42.5758349,-4.5582482,geo_point_2d
34100,42.7563314,-4.8572291,geo_point_2d
34136,42.5790222,-4.821587,geo_point_2d
34003,42.4355523,-4.4190458,geo_point_2d
34246,42.3104742,-4.4642582,geo_point_2d
34169,42.497382,-4.8360015,geo_point_2d
34035,42.1772863,-4.9680809,geo_point_2d
34231,42.4161995,-4.8022818,geo_point_2d
34123,42.1681741,-4.6913819,geo_point_2d
34176,42.5952116,-4.445965,geo_point_2d
34056,42.9039335,-4.5285257,geo_point_2d
34012,41.9303781,-4.0886634,geo_point_2d
34159,42.1995243,-4.5262203,geo_point_2d
34122,42.5902484,-4.3908412,geo_point_2d
34024,42.0196648,-4.7644654,geo_point_2d
34045,42.0100676,-4.8976193,geo_point_2d
34175,42.4172522,-4.6578184,geo_point_2d
34109,42.3544716,-4.9356906,geo_point_2d
34005,42.6728252,-4.3039573,geo_point_2d
34067,42.8200944,-4.5150865,geo_point_2d
34131,42.3258723,-4.8772376,geo_point_2d
34009,42.2217821,-4.4862609,geo_point_2d
34102,42.0417168,-4.7093788,geo_point_2d
34042,42.316036,-4.6628061,geo_point_2d
34088,42.0921677,-4.53807,geo_point_2d
34025,42.4869859,-4.4993757,geo_point_2d
34140,42.6886779,-4.593859,geo_point_2d
34099,42.2132318,-4.5646507,geo_point_2d
34103,42.1686461,-4.8401564,geo_point_2d
34179,42.654517,-4.708141,geo_point_2d
34232,42.0479122,-4.9118208,geo_point_2d
34151,42.7404685,-4.703211,geo_point_2d
34086,41.9120169,-4.4168402,geo_point_2d
34091,42.4062066,-4.8862446,geo_point_2d
34167,41.9240095,-4.6632822,geo_point_2d
34057,41.8514221,-4.4234615,geo_point_2d
34052,42.4545806,-4.4779419,geo_point_2d
34243,42.2556696,-4.5982716,geo_point_2d
34217,42.0254944,-4.4817811,geo_point_2d
34124,42.7284969,-4.4970063,geo_point_2d
34125,41.9714947,-4.71698,geo_point_2d
34190,42.6005452,-4.6521715,geo_point_2d
34004,42.792548,-4.2820619,geo_point_2d
34066,41.7903976,-4.4702737,geo_point_2d
34156,42.2829367,-4.712961,geo_point_2d
34108,42.1043881,-4.4686862,geo_point_2d
34206,42.2684858,-4.9565948,geo_point_2d
34053,42.0185644,-4.8244202,geo_point_2d
34121,42.0278993,-4.0903635,geo_point_2d
34101,42.3234683,-4.398873,geo_point_2d
34110,42.8781421,-4.3993373,geo_point_2d
34081,42.1281328,-4.903577,geo_point_2d
34032,42.7905244,-4.0176377,geo_point_2d
34160,42.9085627,-4.3852523,geo_point_2d
34061,42.6367016,-4.4928181,geo_point_2d
34082,41.8178981,-4.1727501,geo_point_2d
34063,42.0979238,-4.2387136,geo_point_2d
34020,42.6422375,-4.7036379,geo_point_2d
34149,42.3067346,-4.3408454,geo_point_2d
34060,42.0140294,-4.0293076,geo_point_2d
34155,42.1504327,-4.5207233,geo_point_2d
34077,42.0627719,-4.4851087,geo_point_2d
34015,42.3394914,-4.4869549,geo_point_2d
34158,42.851773,-4.3693065,geo_point_2d
34006,41.8005824,-4.3685203,geo_point_2d
34134,42.9418653,-4.5476001,geo_point_2d
34215,42.3169523,-4.5406548,geo_point_2d
34018,41.9842764,-4.6328836,geo_point_2d
34094,42.3680013,-4.8448211,geo_point_2d
34163,42.3574076,-4.5453849,geo_point_2d
34010,41.8974451,-4.7674161,geo_point_2d
34216,42.2952422,-4.8596208,geo_point_2d
34152,42.2631597,-4.5035399,geo_point_2d
34068,42.6382267,-4.4423202,geo_point_2d
34079,42.0502938,-4.5883331,geo_point_2d
34046,42.228983,-4.6997009,geo_point_2d
34092,42.3318909,-4.3022431,geo_point_2d
34129,42.6413305,-4.8009211,geo_point_2d
34074,42.2666274,-4.4052337,geo_point_2d
34214,42.7229968,-4.8406901,geo_point_2d
34113,42.6082859,-4.463511,geo_point_2d
34171,42.8059842,-4.7248165,geo_point_2d
34023,41.9290295,-4.4708082,geo_point_2d
34178,42.0160376,-4.1064252,geo_point_2d
34087,41.9943262,-4.2583848,geo_point_2d
34059,42.2099659,-4.8701703,geo_point_2d
34234,42.544634,-4.5507597,geo_point_2d
34227,42.2404341,-4.7362493,geo_point_2d
34222,42.5360702,-4.4647062,geo_point_2d
34050,41.8246563,-4.0895791,geo_point_2d
34055,42.3113725,-4.7798683,geo_point_2d
34147,42.4372786,-4.7067581,geo_point_2d
34141,42.0917628,-4.2032356,geo_point_2d
34204,42.216717,-4.9782482,geo_point_2d
34233,42.4073222,-4.5100938,geo_point_2d
34019,42.087907,-4.8506261,geo_point_2d
34135,42.7772361,-4.1695039,geo_point_2d
34022,41.9404026,-4.2035628,geo_point_2d
34133,41.7910906,-4.4318525,geo_point_2d
34210,42.0545059,-4.1489706,geo_point_2d
34224,42.2527801,-4.6714586,geo_point_2d
34146,41.9603399,-4.3856642,geo_point_2d
34182,42.0395099,-4.2998121,geo_point_2d
34228,42.5151003,-4.5239016,geo_point_2d
34120,41.9832535,-4.5651555,geo_point_2d
34033,41.9856929,-4.8791831,geo_point_2d
34112,42.3891878,-4.6337196,geo_point_2d
34157,42.559062,-4.703416,geo_point_2d
34062,42.7066617,-4.6666546,geo_point_2d
34241,42.213986,-4.2499398,geo_point_2d
34225,41.9520338,-4.5081877,geo_point_2d
34114,42.7335885,-4.4663698,geo_point_2d
34170,42.7191928,-4.3671423,geo_point_2d
34143,42.4748163,-4.6640109,geo_point_2d
34137,42.2578836,-4.8999296,geo_point_2d
34237,42.0750612,-4.6143423,geo_point_2d
34245,42.5860809,-4.8632346,geo_point_2d
34126,42.4788159,-4.7477785,geo_point_2d
34201,41.8181128,-4.3065997,geo_point_2d
34036,42.9389549,-4.2953087,geo_point_2d
34211,42.3878459,-4.468729,geo_point_2d
35013,28.087636,-15.5925725,geo_point_2d
35028,28.9560874,-13.6621297,geo_point_2d
35012,27.8575556,-15.7169173,geo_point_2d
35007,28.4344132,-14.0871681,geo_point_2d
35021,28.0332134,-15.4953831,geo_point_2d
35034,28.9351251,-13.7851329,geo_point_2d
35006,28.1203047,-15.522487,geo_point_2d
35014,28.652127,-13.9249524,geo_point_2d
35002,27.8951,-15.457326,geo_point_2d
35024,29.0948589,-13.5474963,geo_point_2d
35032,28.0442779,-15.5831039,geo_point_2d
35015,28.2052172,-14.2409894,geo_point_2d
35033,28.0000623,-15.5595988,geo_point_2d
35011,27.9306654,-15.4434828,geo_point_2d
35001,28.0693553,-15.6983281,geo_point_2d
35018,28.9901036,-13.6156381,geo_point_2d
35005,28.0189529,-15.6971652,geo_point_2d
35031,27.9843385,-15.5090292,geo_point_2d
35004,28.9782959,-13.5622454,geo_point_2d
35003,28.3777816,-13.9502802,geo_point_2d
35017,28.5107928,-13.9506506,geo_point_2d
35016,28.0913871,-15.4548716,geo_point_2d
35025,27.968057,-15.6599515,geo_point_2d
35030,28.2720656,-14.044339,geo_point_2d
35029,29.0455051,-13.7082095,geo_point_2d
35010,29.1618452,-13.4752297,geo_point_2d
35027,28.0599488,-15.5402745,geo_point_2d
35009,28.1091878,-15.6611154,geo_point_2d
35026,27.9831045,-15.4293108,geo_point_2d
35019,27.840917,-15.5828703,geo_point_2d
35008,28.1079036,-15.5582831,geo_point_2d
36010,42.6585968,-8.7064986,geo_point_2d
36060,42.5970326,-8.7515181,geo_point_2d
36004,42.3276204,-8.804077,geo_point_2d
36032,42.5668715,-8.5845469,geo_point_2d
36003,42.0920721,-8.8442671,geo_point_2d
36047,42.6590961,-7.9455161,geo_point_2d
36036,42.0208339,-8.8459791,geo_point_2d
36008,42.2765956,-8.8123716,geo_point_2d
36058,42.3512585,-8.6523902,geo_point_2d
36056,42.6901046,-8.6540242,geo_point_2d
36053,42.3348773,-8.5672558,geo_point_2d
36015,42.6404634,-8.5567655,geo_point_2d
36009,42.2023986,-8.2899209,geo_point_2d
36048,41.9399389,-8.8331911,geo_point_2d
36013,42.2711323,-8.3463414,geo_point_2d
36055,42.0649753,-8.6592729,geo_point_2d
36057,42.2036186,-8.7224938,geo_point_2d
36054,42.0055985,-8.7488814,geo_point_2d
36017,42.6869049,-8.4573353,geo_point_2d
36042,42.1864488,-8.5152672,geo_point_2d
36005,42.6153879,-8.6572105,geo_point_2d
36001,42.1233151,-8.319146,geo_point_2d
36030,42.2433074,-8.4449129,geo_point_2d
36029,42.3004509,-8.7163002,geo_point_2d
36016,42.5900932,-8.0465507,geo_point_2d
36022,42.4735946,-8.8901229,geo_point_2d
36043,42.3850575,-8.5168106,geo_point_2d
36002,42.5250242,-8.6452158,geo_point_2d
36045,42.2778861,-8.6145427,geo_point_2d
36019,42.3313445,-8.4243813,geo_point_2d
36018,42.5791885,-8.3226669,geo_point_2d
36027,42.4498699,-8.784579,geo_point_2d
36052,42.694247,-8.2761716,geo_point_2d
36028,42.4966031,-8.7225303,geo_point_2d
36061,42.5537379,-8.7762856,geo_point_2d
36040,42.565055,-8.6698076,geo_point_2d
36021,42.1059471,-8.7464345,geo_point_2d
36046,42.5134537,-8.757551,geo_point_2d
36038,42.4371254,-8.6197334,geo_point_2d
36041,42.4411193,-8.704865,geo_point_2d
36031,42.2218931,-8.4710001,geo_point_2d
36024,42.6616874,-8.1310241,geo_point_2d
36023,41.902135,-8.8615766,geo_point_2d
36051,42.4198094,-8.8247046,geo_point_2d
36026,42.3608025,-8.7096609,geo_point_2d
36035,42.1444665,-8.7900678,geo_point_2d
36006,42.505563,-8.8012737,geo_point_2d
37347,41.0788691,-5.5682203,geo_point_2d
37174,40.8372578,-5.2967146,geo_point_2d
37256,41.0414101,-5.2645789,geo_point_2d
37194,40.5009012,-6.0598141,geo_point_2d
37206,40.9639773,-5.3961157,geo_point_2d
37238,41.0587959,-5.5553123,geo_point_2d
37100,41.1272712,-6.6528702,geo_point_2d
37274,40.9616691,-5.6797205,geo_point_2d
37082,41.0816781,-5.3290093,geo_point_2d
37143,40.6621577,-5.5269703,geo_point_2d
37196,40.4794358,-6.0614161,geo_point_2d
37001,40.7055551,-6.1351645,geo_point_2d
37042,41.0661619,-6.4548367,geo_point_2d
37359,40.7235659,-6.704058,geo_point_2d
37151,41.0000359,-5.9105169,geo_point_2d
37096,40.7318669,-6.5732682,geo_point_2d
37236,40.8137636,-5.4030594,geo_point_2d
37366,41.0648927,-6.3511022,geo_point_2d
37122,40.7688497,-5.5653052,geo_point_2d
37097,40.7139154,-6.3212486,geo_point_2d
37114,40.6703411,-5.387877,geo_point_2d
37262,41.106834,-6.2663652,geo_point_2d
37273,40.73735,-6.0707983,geo_point_2d
37202,41.0380475,-5.6511049,geo_point_2d
37192,40.8766952,-5.6945544,geo_point_2d
37006,40.4587357,-6.8164669,geo_point_2d
37171,40.4763503,-5.7242475,geo_point_2d
37092,41.027685,-5.5897537,geo_point_2d
37314,40.9264432,-6.0213911,geo_point_2d
37059,40.8585125,-6.2255894,geo_point_2d
37330,40.7687649,-5.4221719,geo_point_2d
37148,40.8692031,-5.4395911,geo_point_2d
37177,40.5574514,-6.2083654,geo_point_2d
37348,40.9349808,-5.3454318,geo_point_2d
37015,40.7117499,-6.791187,geo_point_2d
37051,40.6381967,-5.7012325,geo_point_2d
37292,41.116944,-5.8721031,geo_point_2d
37090,40.506106,-6.0406163,geo_point_2d
37203,40.7570739,-5.6957583,geo_point_2d
37225,41.099405,-5.5109902,geo_point_2d
37150,41.0649255,-6.109865,geo_point_2d
37033,41.1059659,-5.5562217,geo_point_2d
37344,40.777236,-5.8796035,geo_point_2d
37211,40.7022038,-5.9015745,geo_point_2d
37038,40.9865296,-5.4325269,geo_point_2d
37217,40.4316559,-5.7902057,geo_point_2d
37299,41.2118078,-5.8870932,geo_point_2d
37074,40.5258782,-6.6677151,geo_point_2d
37260,40.6182689,-6.1958919,geo_point_2d
37355,40.5018022,-6.015353,geo_point_2d
37373,40.8605679,-6.4637202,geo_point_2d
37283,40.9522413,-6.1020004,geo_point_2d
37372,41.0709792,-5.5052288,geo_point_2d
37173,40.9437196,-6.694558,geo_point_2d
37019,41.1151974,-5.8062247,geo_point_2d
37011,40.4179291,-6.8063677,geo_point_2d
37061,40.5706724,-6.1438261,geo_point_2d
37199,40.5026178,-6.2415453,geo_point_2d
37237,40.6924554,-5.7006536,geo_point_2d
37156,40.5735466,-5.6900718,geo_point_2d
37039,40.8192134,-6.6211833,geo_point_2d
37047,40.7416211,-5.6459566,geo_point_2d
37179,40.8359021,-5.1893914,geo_point_2d
37285,40.8348888,-6.6944995,geo_point_2d
37352,40.8956115,-5.5105937,geo_point_2d
37141,40.7928292,-5.363611,geo_point_2d
37197,40.581786,-5.848995,geo_point_2d
37246,40.9013602,-5.2120571,geo_point_2d
37346,40.7390843,-5.8320462,geo_point_2d
37017,41.1691189,-5.5351333,geo_point_2d
37309,40.6472385,-5.852381,geo_point_2d
37328,41.2413645,-6.3759674,geo_point_2d
37067,40.9807725,-5.6005965,geo_point_2d
37360,41.0355833,-6.2104421,geo_point_2d
37121,40.9172221,-5.4577968,geo_point_2d
37089,40.6117368,-5.7681785,geo_point_2d
37270,40.8573958,-5.974163,geo_point_2d
37312,40.4508676,-5.6682285,geo_point_2d
37115,40.640132,-6.3161307,geo_point_2d
37339,40.536566,-5.960318,geo_point_2d
37041,40.6596012,-5.9413351,geo_point_2d
37139,40.5096252,-5.6984929,geo_point_2d
37287,40.5531258,-5.9451011,geo_point_2d
37214,40.5300984,-6.1226367,geo_point_2d
37335,41.1878744,-5.7746693,geo_point_2d
37223,40.8718836,-6.5788171,geo_point_2d
37120,41.0124428,-6.1031554,geo_point_2d
37055,40.9020609,-6.5296223,geo_point_2d
37026,40.6605879,-6.2464107,geo_point_2d
37132,40.999367,-6.87864,geo_point_2d
37101,40.9535143,-6.5811346,geo_point_2d
37374,40.9902562,-5.3591486,geo_point_2d
37290,41.0474679,-5.8633206,geo_point_2d
37353,40.7955323,-5.9860444,geo_point_2d
37029,40.7262055,-5.4919938,geo_point_2d
37073,41.0878263,-5.7081546,geo_point_2d
37079,40.9143998,-5.9530859,geo_point_2d
37126,41.0515864,-6.2734133,geo_point_2d
37025,40.8425136,-6.0664693,geo_point_2d
37248,41.0081478,-6.3654342,geo_point_2d
37319,40.4472539,-5.5374855,geo_point_2d
37081,41.1277437,-5.1921857,geo_point_2d
37068,40.7420938,-6.1810179,geo_point_2d
37063,40.4986254,-5.6564327,geo_point_2d
37190,41.1578971,-6.6959429,geo_point_2d
37316,40.6607091,-6.1011491,geo_point_2d
37049,40.9969433,-6.6657127,geo_point_2d
37208,40.9604338,-6.4227387,geo_point_2d
37077,40.9946621,-5.2683997,geo_point_2d
37169,40.7109671,-5.4278519,geo_point_2d
37377,40.9517404,-6.4942781,geo_point_2d
37195,40.4731921,-5.9473471,geo_point_2d
37294,40.9471119,-5.6229743,geo_point_2d
37296,40.7912467,-5.2872775,geo_point_2d
37046,40.3898649,-5.7695096,geo_point_2d
37212,40.3837517,-5.7055797,geo_point_2d
37252,40.4426489,-5.973611,geo_point_2d
37107,40.618097,-6.492322,geo_point_2d
37129,41.0174894,-5.7634477,geo_point_2d
37253,41.0268243,-5.8101845,geo_point_2d
37284,40.5127306,-5.876751,geo_point_2d
37023,40.90665,-5.7193116,geo_point_2d
37136,40.4221765,-6.672731,geo_point_2d
37286,40.5241761,-6.0776886,geo_point_2d
37215,40.892991,-5.2853056,geo_point_2d
37230,40.977454,-5.8101709,geo_point_2d
37350,41.1052837,-6.7249034,geo_point_2d
37016,40.9886293,-5.5481594,geo_point_2d
37113,40.8883003,-6.3070388,geo_point_2d
37119,40.5160254,-6.536769,geo_point_2d
37269,40.3724806,-6.602303,geo_point_2d
37128,41.119743,-5.4148035,geo_point_2d
37187,40.827299,-5.9248417,geo_point_2d
37315,40.5945221,-5.5267029,geo_point_2d
37249,41.0078414,-6.3124358,geo_point_2d
37306,40.5449964,-6.3376218,geo_point_2d
37231,41.160499,-5.4369891,geo_point_2d
37078,40.3314141,-5.7487345,geo_point_2d
37228,41.0553651,-5.1899556,geo_point_2d
37369,41.0382622,-6.105186,geo_point_2d
37147,40.5046392,-5.97159,geo_point_2d
37159,40.6150199,-5.8815945,geo_point_2d
37251,40.4640967,-5.771004,geo_point_2d
37364,41.2244347,-6.438856,geo_point_2d
37368,41.0073445,-6.1685397,geo_point_2d
37140,40.5755801,-6.7899936,geo_point_2d
37343,40.4144873,-5.7225198,geo_point_2d
37186,40.9844506,-5.9810028,geo_point_2d
37321,40.6057666,-6.3574132,geo_point_2d
37261,40.5030157,-5.5225444,geo_point_2d
37240,40.9469052,-5.5866688,geo_point_2d
37282,40.4436449,-5.7502237,geo_point_2d
37277,40.5901132,-5.5799736,geo_point_2d
37008,40.828013,-5.5093932,geo_point_2d
37242,40.6628832,-5.5700976,geo_point_2d
37003,40.870665,-6.7595508,geo_point_2d
37182,40.7991912,-5.5908676,geo_point_2d
37311,40.9180729,-6.8082477,geo_point_2d
37357,40.7613534,-6.761096,geo_point_2d
37193,40.4692234,-5.9923346,geo_point_2d
37254,41.0549025,-5.4524366,geo_point_2d
37381,41.15254,-6.6186078,geo_point_2d
37044,41.0683802,-6.6627745,geo_point_2d
37072,40.8850993,-5.8925061,geo_point_2d
37297,40.491484,-5.5956769,geo_point_2d
37264,40.8130704,-6.7641247,geo_point_2d
37340,41.1041844,-6.4927271,geo_point_2d
37004,41.1618998,-6.3782219,geo_point_2d
37116,41.0298189,-6.0345358,geo_point_2d
37070,40.8988409,-5.571518,geo_point_2d
37322,40.8562353,-5.5788612,geo_point_2d
37235,40.7409103,-5.3641553,geo_point_2d
37160,40.9925183,-6.7787557,geo_point_2d
37336,40.8307286,-5.5898432,geo_point_2d
37045,40.5849945,-6.0458248,geo_point_2d
37133,40.4374529,-5.7147793,geo_point_2d
37118,40.7687836,-5.5253078,geo_point_2d
37098,40.4645924,-6.0329344,geo_point_2d
37247,40.8794038,-5.3935826,geo_point_2d
37362,41.0069392,-5.6545124,geo_point_2d
37013,40.3811129,-5.8943318,geo_point_2d
37032,40.8950396,-5.6479399,geo_point_2d
37320,40.6458309,-6.0172439,geo_point_2d
37244,40.341844,-5.8644406,geo_point_2d
37291,40.8108253,-5.7822863,geo_point_2d
37378,40.4992201,-6.4420082,geo_point_2d
37108,40.8785335,-5.3577765,geo_point_2d
37123,41.0262427,-6.5438599,geo_point_2d
37239,41.0843481,-5.3986792,geo_point_2d
37158,40.431366,-6.08164,geo_point_2d
37164,40.9641086,-5.4620688,geo_point_2d
37027,41.071633,-5.8177578,geo_point_2d
37337,41.0711959,-6.5176942,geo_point_2d
37367,41.0456734,-6.5925736,geo_point_2d
37265,41.0000807,-5.1229056,geo_point_2d
37131,40.6587708,-5.7743003,geo_point_2d
37329,41.0937198,-6.1786913,geo_point_2d
37052,40.825749,-6.3315944,geo_point_2d
37365,41.0394388,-5.9559713,geo_point_2d
37022,40.9401961,-5.2182446,geo_point_2d
37083,40.9111721,-5.152678,geo_point_2d
37020,41.0040666,-5.4928283,geo_point_2d
37024,40.5765261,-5.6285623,geo_point_2d
37091,40.369653,-6.7598089,geo_point_2d
37134,40.7117094,-5.6282081,geo_point_2d
37021,40.8173836,-5.4528881,geo_point_2d
37040,40.9032689,-5.8342363,geo_point_2d
37216,40.7798738,-5.4770093,geo_point_2d
37229,41.1090975,-5.6215558,geo_point_2d
37018,40.6124077,-6.0973056,geo_point_2d
37188,40.6903417,-5.6162779,geo_point_2d
37178,40.7609268,-5.2381889,geo_point_2d
37109,40.4085764,-5.9569449,geo_point_2d
37086,40.5788765,-6.6339716,geo_point_2d
37280,41.1003062,-6.3958263,geo_point_2d
37058,41.1119306,-6.3479255,geo_point_2d
37007,40.7276719,-5.3150463,geo_point_2d
37062,41.0406015,-5.482986,geo_point_2d
37209,40.8447987,-5.6858728,geo_point_2d
37241,40.8688638,-6.2135013,geo_point_2d
37010,40.4783436,-6.1305011,geo_point_2d
37071,40.4152057,-5.8209294,geo_point_2d
37245,40.302614,-6.6631742,geo_point_2d
37130,41.1129713,-5.7492296,geo_point_2d
37324,40.8516621,-5.351492,geo_point_2d
37065,41.1354602,-6.5599223,geo_point_2d
37298,40.4900864,-5.9171393,geo_point_2d
37028,41.2348424,-6.3303988,geo_point_2d
37325,40.5433391,-5.8800678,geo_point_2d
37361,41.123457,-6.4326073,geo_point_2d
37268,40.6158,-6.0404168,geo_point_2d
37224,41.1066369,-5.4669095,geo_point_2d
37117,40.9646597,-5.7461629,geo_point_2d
37135,40.7972059,-6.2087726,geo_point_2d
37331,40.4696073,-5.8254329,geo_point_2d
37034,41.1085982,-5.8269405,geo_point_2d
37161,40.4307636,-5.8908305,geo_point_2d
37088,40.7677467,-5.9961118,geo_point_2d
37060,40.7869694,-5.6335617,geo_point_2d
37257,40.9347352,-6.3773459,geo_point_2d
37012,40.911392,-5.3732456,geo_point_2d
37112,40.4692832,-5.8917236,geo_point_2d
37379,41.1608614,-5.8267203,geo_point_2d
37345,41.0386092,-5.8991476,geo_point_2d
37175,40.921688,-5.5113108,geo_point_2d
37334,40.3773833,-5.9944792,geo_point_2d
37351,41.09637,-5.2455035,geo_point_2d
37370,41.1427575,-6.145579,geo_point_2d
37219,40.600177,-6.0053213,geo_point_2d
37106,40.9652657,-6.2422797,geo_point_2d
37300,40.5356809,-5.8080956,geo_point_2d
37056,40.8220117,-6.8049665,geo_point_2d
37002,40.4228985,-6.4217061,geo_point_2d
37162,40.6493891,-5.4437613,geo_point_2d
37125,40.61284,-5.9571967,geo_point_2d
37323,41.1830727,-5.6612583,geo_point_2d
37184,41.1979332,-6.588355,geo_point_2d
37276,40.8039283,-5.2139982,geo_point_2d
37259,40.5016898,-5.745344,geo_point_2d
37226,41.1705055,-5.8831602,geo_point_2d
37149,40.8903689,-6.1396758,geo_point_2d
37354,41.0054527,-5.7077858,geo_point_2d
37234,40.2940566,-6.7349573,geo_point_2d
37255,40.6143886,-5.6470533,geo_point_2d
37145,40.6236292,-6.6968453,geo_point_2d
37189,40.7033282,-5.7974651,geo_point_2d
37301,41.2202962,-6.2705789,geo_point_2d
37137,40.8415846,-6.5698092,geo_point_2d
37313,40.3886996,-6.0407837,geo_point_2d
37104,40.5581847,-6.0349236,geo_point_2d
37185,41.0565834,-5.6668369,geo_point_2d
37317,41.1721509,-5.2588157,geo_point_2d
37014,41.2151328,-6.6365871,geo_point_2d
37307,40.4755917,-6.3444632,geo_point_2d
37371,40.3168982,-6.6089898,geo_point_2d
37213,40.4767372,-5.6800496,geo_point_2d
37275,41.0193893,-6.6294451,geo_point_2d
37163,40.3930652,-5.6923607,geo_point_2d
37198,41.1902401,-6.2260212,geo_point_2d
37243,41.1740229,-6.5225547,geo_point_2d
37085,40.9248779,-5.6342966,geo_point_2d
37358,40.9571648,-5.2972408,geo_point_2d
37155,40.5209119,-5.6341639,geo_point_2d
37267,40.7990893,-6.400505,geo_point_2d
37170,41.1339661,-6.0193438,geo_point_2d
37180,41.1755343,-6.3046021,geo_point_2d
37167,41.0858872,-5.8924165,geo_point_2d
37278,41.0325483,-5.6180862,geo_point_2d
37288,40.9852041,-5.5036757,geo_point_2d
37165,41.1456881,-6.3325181,geo_point_2d
37342,41.0529283,-5.7539925,geo_point_2d
37263,40.3531107,-5.8337712,geo_point_2d
37200,40.6455116,-5.6232097,geo_point_2d
37338,41.1109145,-5.6794293,geo_point_2d
37375,41.010595,-5.3997212,geo_point_2d
37142,40.943851,-5.8336668,geo_point_2d
37157,40.4380766,-6.5153204,geo_point_2d
37054,40.4976986,-6.5866209,geo_point_2d
37349,41.1527005,-6.4810134,geo_point_2d
37281,40.7556802,-6.0250901,geo_point_2d
37382,41.0140479,-5.202187,geo_point_2d
37327,41.1059343,-5.7863987,geo_point_2d
37258,40.4436501,-6.7387354,geo_point_2d
37037,40.5052843,-6.4061616,geo_point_2d
37124,40.5950028,-5.8124907,geo_point_2d
37218,40.4806245,-5.4860152,geo_point_2d
37005,40.6369173,-6.7703083,geo_point_2d
37138,40.5497662,-5.7401366,geo_point_2d
37166,40.4890252,-6.6745851,geo_point_2d
37380,41.0355721,-5.8399944,geo_point_2d
37009,40.6710062,-6.3292565,geo_point_2d
37266,40.9088807,-6.7422136,geo_point_2d
37172,40.5805183,-5.9191202,geo_point_2d
37110,40.9390323,-5.4103848,geo_point_2d
37152,41.0329661,-5.5324193,geo_point_2d
37144,40.721748,-5.5456878,geo_point_2d
37183,40.7513503,-6.290018,geo_point_2d
37222,41.1142817,-5.6052509,geo_point_2d
37302,41.0487771,-6.7430096,geo_point_2d
37057,40.863497,-5.2200552,geo_point_2d
37232,40.970528,-5.1660967,geo_point_2d
37233,40.5200872,-6.4987054,geo_point_2d
37204,40.5961318,-6.2839504,geo_point_2d
37207,41.0034117,-5.5750543,geo_point_2d
37087,40.9431895,-5.8031909,geo_point_2d
37154,41.0147136,-6.494801,geo_point_2d
37099,40.566801,-6.0907171,geo_point_2d
37272,40.6547581,-6.620251,geo_point_2d
37201,40.3520574,-5.8924439,geo_point_2d
37304,40.6941464,-6.1910017,geo_point_2d
37376,41.0191087,-6.4249138,geo_point_2d
37293,40.9820157,-6.1330746,geo_point_2d
37318,41.1393881,-5.5791831,geo_point_2d
37035,40.6090774,-5.4735763,geo_point_2d
37050,40.7082884,-6.0057499,geo_point_2d
37341,40.486888,-5.7833635,geo_point_2d
37080,40.37076,-5.8162179,geo_point_2d
37271,40.9606281,-5.9220538,geo_point_2d
37305,40.511001,-6.028136,geo_point_2d
37289,40.7667092,-6.127245,geo_point_2d
37102,40.3091381,-5.9226123,geo_point_2d
37168,40.3297617,-5.9728714,geo_point_2d
37333,40.5112944,-5.7645002,geo_point_2d
37332,40.4198996,-5.8480904,geo_point_2d
37127,40.5181813,-6.7456509,geo_point_2d
37205,40.8065638,-5.7007568,geo_point_2d
37069,40.9531861,-5.5345476,geo_point_2d
37030,41.1346608,-5.9185094,geo_point_2d
37181,40.4382121,-6.4789032,geo_point_2d
37363,40.8749386,-6.4137376,geo_point_2d
37221,40.2872084,-6.812579,geo_point_2d
37176,40.4634418,-6.0629246,geo_point_2d
38045,28.6243375,-17.925081,geo_point_2d
38034,28.3552308,-16.6248481,geo_point_2d
38036,28.0968777,-17.166261,geo_point_2d
38024,28.6166962,-17.9024125,geo_point_2d
38046,28.5200472,-16.3358475,geo_point_2d
38048,27.7852599,-17.9439075,geo_point_2d
38038,28.5178999,-16.2254274,geo_point_2d
38037,28.7075438,-17.7999689,geo_point_2d
38008,28.6564899,-17.8031788,geo_point_2d
38025,28.4407492,-16.44217,geo_point_2d
38002,28.1687151,-17.2250736,geo_point_2d
38022,28.3307653,-16.6934561,geo_point_2d
38014,28.5087008,-17.8463024,geo_point_2d
38042,28.3519863,-16.8165256,geo_point_2d
38001,28.1400247,-16.724131,geo_point_2d
38009,28.6312593,-17.7905582,geo_point_2d
38018,28.353065,-16.6463028,geo_point_2d
38011,28.3812179,-16.3926565,geo_point_2d
38017,28.1120722,-16.5639349,geo_point_2d
38021,28.1478121,-17.197935,geo_point_2d
38020,28.2952184,-16.4325392,geo_point_2d
38004,28.3506038,-16.4332675,geo_point_2d
38010,28.3350373,-16.8630953,geo_point_2d
38013,27.7478398,-18.0666908,geo_point_2d
38030,28.742297,-17.7657623,geo_point_2d
38031,28.3545776,-16.5856858,geo_point_2d
38006,28.0552647,-16.6760385,geo_point_2d
38029,28.7620669,-17.9650984,geo_point_2d
38026,28.2989363,-16.5769301,geo_point_2d
38040,28.2784888,-16.7965008,geo_point_2d
38049,28.1234206,-17.3186536,geo_point_2d
38027,28.6650643,-17.8675902,geo_point_2d
38051,28.4186547,-16.448142,geo_point_2d
38012,28.2496299,-16.4670409,geo_point_2d
38019,28.220379,-16.758577,geo_point_2d
38016,28.8016692,-17.9124926,geo_point_2d
38003,28.054998,-17.2453086,geo_point_2d
38028,28.4074852,-16.5472405,geo_point_2d
38043,28.4809488,-16.4004885,geo_point_2d
38035,28.0705849,-16.6220947,geo_point_2d
38007,28.8092125,-17.8221107,geo_point_2d
38052,28.1556601,-16.6474784,geo_point_2d
38015,28.3321413,-16.751302,geo_point_2d
38047,28.7110656,-17.9456367,geo_point_2d
38039,28.4069175,-16.4773623,geo_point_2d
39024,43.3660596,-4.2941756,geo_point_2d
39070,43.0716331,-4.0105508,geo_point_2d
39086,43.1412275,-4.2188766,geo_point_2d
39002,43.3331213,-3.416771,geo_point_2d
39089,43.1536361,-4.3616139,geo_point_2d
39038,43.3743754,-3.4146656,geo_point_2d
39081,43.2633332,-3.8025629,geo_point_2d
39054,43.3806889,-4.0102643,geo_point_2d
39082,43.202165,-3.766544,geo_point_2d
39088,43.2531942,-4.6894638,geo_point_2d
39047,43.477768,-3.520048,geo_point_2d
39087,43.3359624,-4.0411202,geo_point_2d
39057,43.2630476,-3.442396,geo_point_2d
39006,43.4775797,-3.5576087,geo_point_2d
39066,43.237482,-4.2390901,geo_point_2d
39028,43.3641868,-3.6683258,geo_point_2d
39012,43.3112373,-4.2318176,geo_point_2d
39025,43.2615705,-4.0908365,geo_point_2d
39048,43.332642,-3.814214,geo_point_2d
39007,43.2677103,-3.633365,geo_point_2d
39058,43.2980882,-3.4018439,geo_point_2d
39097,43.1490849,-3.7652053,geo_point_2d
39004,43.1770009,-4.0945603,geo_point_2d
39055,43.1511677,-4.6235865,geo_point_2d
39080,43.3680082,-4.3940056,geo_point_2d
39079,43.4533069,-3.4525909,geo_point_2d
39020,43.3515448,-3.2299435,geo_point_2d
39015,43.144692,-4.7472171,geo_point_2d
39077,43.0648312,-4.0888543,geo_point_2d
39051,43.0870773,-4.0676628,geo_point_2d
39010,43.114339,-4.0760462,geo_point_2d
39035,43.4073729,-3.4240111,geo_point_2d
39073,43.4473233,-3.9026201,geo_point_2d
39075,43.4639629,-3.8328054,geo_point_2d
39072,43.2190742,-3.718989,geo_point_2d
39056,43.2938552,-3.9801258,geo_point_2d
39044,43.4241884,-3.9962126,geo_point_2d
39005,43.4552153,-3.4937079,geo_point_2d
39084,43.3633303,-3.5910404,geo_point_2d
39011,43.4727861,-3.6188718,geo_point_2d
39008,43.3992076,-3.8369048,geo_point_2d
39009,43.4041076,-3.5077979,geo_point_2d
39037,43.3362703,-3.7630449,geo_point_2d
39031,43.4049025,-3.5859682,geo_point_2d
39016,43.4123107,-3.8725771,geo_point_2d
39071,43.1173514,-3.8286473,geo_point_2d
39098,43.2223064,-3.8335782,geo_point_2d
39059,43.0001923,-4.1364286,geo_point_2d
39090,43.3373427,-4.2530891,geo_point_2d
39018,43.3153259,-4.0927738,geo_point_2d
39013,43.1295303,-4.540132,geo_point_2d
39085,43.413246,-4.0567469,geo_point_2d
39093,42.895301,-4.0647214,geo_point_2d
39060,43.3491395,-4.1240336,geo_point_2d
39036,43.3895848,-3.3653765,geo_point_2d
39046,43.1353628,-4.0130549,geo_point_2d
39074,43.3004612,-3.8498903,geo_point_2d
39023,43.3887191,-3.4414111,geo_point_2d
39029,43.4367343,-3.5195832,geo_point_2d
39078,43.2285669,-3.9157316,geo_point_2d
39100,43.2635376,-3.8842615,geo_point_2d
40225,40.7579151,-4.4191304,geo_point_2d
40034,41.1226223,-3.9642473,geo_point_2d
40216,40.9504619,-4.2184213,geo_point_2d
40035,41.0508449,-4.1053743,geo_point_2d
40206,41.0411948,-3.8683957,geo_point_2d
40211,40.823497,-4.2720476,geo_point_2d
40125,41.1873392,-3.8037527,geo_point_2d
40162,41.1443058,-3.6891478,geo_point_2d
40223,40.7892534,-4.2721909,geo_point_2d
40021,41.1695585,-3.8858462,geo_point_2d
40026,41.0033713,-3.984507,geo_point_2d
40057,41.2236104,-4.5301059,geo_point_2d
40231,41.0688844,-4.238514,geo_point_2d
40018,41.0373292,-4.2899982,geo_point_2d
40039,41.4581882,-3.5561175,geo_point_2d
40056,41.3840342,-3.9210583,geo_point_2d
40013,41.4744133,-4.0614042,geo_point_2d
40139,41.0347031,-3.8335282,geo_point_2d
40119,40.9534451,-4.2748355,geo_point_2d
40025,41.3148851,-3.6626618,geo_point_2d
40218,41.3658495,-3.8325911,geo_point_2d
40903,40.9407556,-4.3508904,geo_point_2d
40105,40.9325262,-4.3176903,geo_point_2d
40200,41.0977827,-4.2430406,geo_point_2d
40229,41.5098066,-3.6654961,geo_point_2d
40190,41.0107416,-3.9589184,geo_point_2d
40107,40.8520051,-4.5202726,geo_point_2d
40144,41.4204223,-3.7549641,geo_point_2d
40184,41.2248657,-3.8184815,geo_point_2d
40194,40.9024356,-4.1688166,geo_point_2d
40170,41.2989527,-3.3960015,geo_point_2d
40086,41.2290137,-4.183763,geo_point_2d
40181,40.85157,-4.0237229,geo_point_2d
40901,40.820863,-4.1619912,geo_point_2d
40141,41.21522,-4.2549045,geo_point_2d
40040,41.2605605,-3.9342558,geo_point_2d
40122,40.89574,-4.3874614,geo_point_2d
40173,41.0334087,-4.179856,geo_point_2d
40053,41.2195819,-3.5857481,geo_point_2d
40074,41.1058633,-4.1831534,geo_point_2d
40214,40.997939,-4.1628831,geo_point_2d
40222,41.2011969,-3.9986465,geo_point_2d
40070,41.2253084,-3.6447406,geo_point_2d
40093,41.0618943,-3.7715883,geo_point_2d
40112,40.9694698,-4.0916981,geo_point_2d
40164,41.0921905,-4.6403632,geo_point_2d
40008,41.4691047,-3.4615287,geo_point_2d
40084,41.2862606,-4.4923253,geo_point_2d
40142,41.3728997,-3.6994356,geo_point_2d
40065,41.3447353,-4.4317109,geo_point_2d
40097,41.3721091,-3.613096,geo_point_2d
40045,41.1621899,-3.6535285,geo_point_2d
40094,40.9914654,-4.2672348,geo_point_2d
40207,40.950455,-3.9978119,geo_point_2d
40127,41.4579784,-4.1018889,geo_point_2d
40130,41.5542504,-3.622848,geo_point_2d
40016,41.3322229,-3.6961348,geo_point_2d
40004,41.2357512,-4.1004668,geo_point_2d
40103,41.0076941,-4.2208382,geo_point_2d
40028,40.895613,-4.4326451,geo_point_2d
40902,41.3938134,-4.0879088,geo_point_2d
40195,41.2949469,-3.7714935,geo_point_2d
40106,41.0348831,-4.5158362,geo_point_2d
40221,41.193338,-3.7678115,geo_point_2d
40154,41.3920169,-3.5955975,geo_point_2d
40088,41.3092921,-3.9479538,geo_point_2d
40171,41.351239,-3.4198581,geo_point_2d
40048,41.3999698,-3.8460242,geo_point_2d
40052,41.4276412,-3.6222046,geo_point_2d
40068,41.1214318,-4.3997939,geo_point_2d
40089,41.4305643,-4.0609034,geo_point_2d
40100,41.3380973,-4.1176042,geo_point_2d
40906,40.9531438,-4.0765084,geo_point_2d
40043,41.1445228,-4.2788965,geo_point_2d
40134,41.1444073,-4.1887092,geo_point_2d
40129,41.1540047,-4.6740458,geo_point_2d
40131,40.8428085,-4.3704112,geo_point_2d
40157,41.0581277,-3.9573984,geo_point_2d
40111,40.8765434,-4.3249272,geo_point_2d
40149,41.4373602,-4.16072,geo_point_2d
40001,40.9141469,-4.2769573,geo_point_2d
40059,41.0220982,-3.9037121,geo_point_2d
40113,40.835924,-4.1428021,geo_point_2d
40215,41.4904972,-3.9014978,geo_point_2d
40002,41.0594013,-4.0518294,geo_point_2d
40047,41.4236914,-3.8695585,geo_point_2d
40904,40.8475314,-4.1183376,geo_point_2d
40115,41.5118453,-3.5181665,geo_point_2d
40029,41.3988924,-3.5656732,geo_point_2d
40189,41.1596214,-4.5747706,geo_point_2d
40128,41.1389727,-4.3799541,geo_point_2d
40234,41.2630983,-4.1863591,geo_point_2d
40003,41.3699634,-4.1128149,geo_point_2d
40163,41.2018751,-3.9102941,geo_point_2d
40109,41.4505323,-3.413561,geo_point_2d
40203,40.9803013,-3.987992,geo_point_2d
40185,41.0136016,-4.418796,geo_point_2d
40087,41.4028318,-4.0373407,geo_point_2d
40101,40.9844748,-4.1992793,geo_point_2d
40179,41.3233533,-4.2949428,geo_point_2d
40044,41.352809,-3.8882104,geo_point_2d
40159,41.2528242,-4.2903644,geo_point_2d
40015,41.0520565,-4.5400773,geo_point_2d
40905,41.5493404,-3.9498374,geo_point_2d
40017,40.9921771,-4.3106452,geo_point_2d
40178,41.1170017,-4.6258249,geo_point_2d
40080,41.3991242,-3.645721,geo_point_2d
40208,41.1324365,-3.9964836,geo_point_2d
40049,41.2066449,-3.7357218,geo_point_2d
40019,41.1489134,-3.860762,geo_point_2d
40099,41.5008879,-3.7039234,geo_point_2d
40140,41.3383474,-3.9535546,geo_point_2d
40123,41.0870942,-3.7499673,geo_point_2d
40205,41.1081899,-4.0427766,geo_point_2d
40193,41.2837216,-3.8743897,geo_point_2d
40063,41.3621481,-4.2870858,geo_point_2d
40095,41.2871695,-4.2991626,geo_point_2d
40180,40.9413731,-4.4311371,geo_point_2d
40166,41.3437904,-4.4864193,geo_point_2d
40110,41.2878958,-4.0903877,geo_point_2d
40210,41.3575489,-3.7573975,geo_point_2d
40138,41.1406233,-4.4863822,geo_point_2d
40033,41.0367124,-4.0491137,geo_point_2d
40031,40.9990651,-4.1151137,geo_point_2d
40172,41.239848,-3.4314032,geo_point_2d
40030,41.1413087,-4.340719,geo_point_2d
40046,41.2785299,-3.5941259,geo_point_2d
40183,41.39414,-3.948949,geo_point_2d
40198,41.2606729,-3.6463319,geo_point_2d
40212,41.5231254,-3.6233383,geo_point_2d
40156,41.1275896,-3.8032919,geo_point_2d
40124,41.3926829,-4.4817671,geo_point_2d
40061,41.3940375,-3.4551994,geo_point_2d
40228,41.2968674,-4.5498573,geo_point_2d
40082,41.2130463,-4.6238204,geo_point_2d
40024,41.3678949,-3.3397788,geo_point_2d
40069,41.1137506,-4.6958429,geo_point_2d
40199,41.0171438,-3.9311145,geo_point_2d
40146,40.7227559,-4.3504376,geo_point_2d
40079,41.3659864,-3.4975392,geo_point_2d
40220,41.1755098,-3.8194985,geo_point_2d
40075,41.1028242,-4.1114716,geo_point_2d
40121,40.9884117,-4.5609348,geo_point_2d
40230,41.2518549,-4.5789518,geo_point_2d
40233,40.8035916,-4.3341226,geo_point_2d
40022,41.0591493,-4.2788365,geo_point_2d
40055,41.4373849,-3.5813034,geo_point_2d
40108,41.4933099,-4.0248907,geo_point_2d
40077,41.0018635,-4.0749501,geo_point_2d
40091,41.4437337,-3.908056,geo_point_2d
40152,40.8172589,-4.2077464,geo_point_2d
40092,41.3754975,-3.9988964,geo_point_2d
40135,40.8820567,-4.4941627,geo_point_2d
40081,41.3723032,-4.1947198,geo_point_2d
40151,41.0897858,-4.3924671,geo_point_2d
40006,41.2504174,-3.7942127,geo_point_2d
40120,41.0666495,-4.6852715,geo_point_2d
40036,41.2279741,-3.9576624,geo_point_2d
40012,41.1864278,-4.1670567,geo_point_2d
40072,41.0255909,-4.1518445,geo_point_2d
40126,41.0458879,-4.4753993,geo_point_2d
40202,41.4592843,-3.8360668,geo_point_2d
40145,41.205027,-4.422038,geo_point_2d
40196,41.3617747,-3.5524846,geo_point_2d
40078,41.3077358,-4.4559282,geo_point_2d
40071,41.3985647,-3.6792816,geo_point_2d
40076,40.7308012,-4.2224345,geo_point_2d
40204,41.3655827,-4.0487647,geo_point_2d
40219,41.3918017,-4.4225495,geo_point_2d
40192,41.1929243,-4.0629826,geo_point_2d
40165,41.1914109,-3.8589045,geo_point_2d
40161,41.452092,-3.6946163,geo_point_2d
40143,41.4074004,-3.7317391,geo_point_2d
40148,41.0907156,-4.4475322,geo_point_2d
40158,41.3913769,-4.1435489,geo_point_2d
40174,41.5056725,-3.9503411,geo_point_2d
40020,41.1146172,-3.7224098,geo_point_2d
40155,40.9241817,-4.0130668,geo_point_2d
40136,41.1731121,-3.9508733,geo_point_2d
40118,40.9787626,-4.3595811,geo_point_2d
40177,41.4239416,-4.3939522,geo_point_2d
40005,41.4532879,-3.4957088,geo_point_2d
40058,41.052942,-4.6021041,geo_point_2d
40054,41.2180484,-3.5254361,geo_point_2d
40041,41.0681651,-4.1696423,geo_point_2d
40051,41.4024318,-3.7971776,geo_point_2d
40083,41.3939428,-3.9929272,geo_point_2d
40062,41.1109272,-3.9171042,geo_point_2d
40201,41.1363633,-4.6278141,geo_point_2d
40104,40.8006565,-4.3763673,geo_point_2d
40160,41.1886924,-4.2579135,geo_point_2d
40032,41.327367,-3.606329,geo_point_2d
40176,41.2755421,-4.4225269,geo_point_2d
40186,41.2136172,-3.6860542,geo_point_2d
40010,41.0848022,-4.5364087,geo_point_2d
40168,41.425372,-3.4839752,geo_point_2d
40073,41.1625976,-4.1149247,geo_point_2d
41053,36.9394777,-6.0614749,geo_point_2d
41085,37.4562566,-6.0885829,geo_point_2d
41075,37.3053928,-6.3129254,geo_point_2d
41084,37.345311,-5.010583,geo_point_2d
41096,37.4244069,-6.0728797,geo_point_2d
41044,37.330006,-6.0416093,geo_point_2d
41034,37.247211,-6.0352092,geo_point_2d
41021,37.4006619,-6.0344828,geo_point_2d
41101,37.6053235,-5.8934821,geo_point_2d
41073,37.7893129,-5.7966412,geo_point_2d
41015,37.3375165,-6.2132214,geo_point_2d
41020,36.988418,-5.9286817,geo_point_2d
41074,37.7313805,-5.3652377,geo_point_2d
41062,37.1335008,-4.9544322,geo_point_2d
41056,37.5520561,-5.2188157,geo_point_2d
41099,37.6656213,-5.717265,geo_point_2d
41048,38.1003054,-5.8109613,geo_point_2d
41083,37.7485107,-6.1785529,geo_point_2d
41035,36.9871771,-5.4055538,geo_point_2d
41026,37.2958888,-4.7556617,geo_point_2d
41030,37.3921901,-6.3377672,geo_point_2d
41023,37.623591,-5.8176962,geo_point_2d
41009,37.8485471,-6.0396613,geo_point_2d
41002,38.0438792,-5.6241234,geo_point_2d
41068,37.2493785,-5.124646,geo_point_2d
41076,37.0073642,-5.231536,geo_point_2d
41007,37.4724388,-6.0157223,geo_point_2d
41031,37.6934328,-6.3170085,geo_point_2d
41032,37.9398086,-5.842473,geo_point_2d
41033,37.8516894,-5.5950232,geo_point_2d
41089,37.4341151,-6.0309742,geo_point_2d
41082,37.2102764,-4.7753709,geo_point_2d
41025,37.3641691,-6.3280419,geo_point_2d
41018,37.5534211,-5.8774073,geo_point_2d
41091,37.3921883,-5.9565054,geo_point_2d
41901,37.5994337,-5.2234177,geo_point_2d
41014,37.2988981,-4.6950566,geo_point_2d
41054,37.2708468,-4.8190488,geo_point_2d
41003,37.4402718,-6.178269,geo_point_2d
41037,37.1103543,-5.0145442,geo_point_2d
41046,37.2318545,-4.9348389,geo_point_2d
41039,37.5220376,-5.0920556,geo_point_2d
41024,37.4567081,-5.6313034,geo_point_2d
41059,37.33858,-6.0674047,geo_point_2d
41098,37.3994855,-6.1501859,geo_point_2d
41102,37.3858864,-5.7093361,geo_point_2d
41067,37.4587741,-6.1690713,geo_point_2d
41017,37.3637833,-6.083431,geo_point_2d
41038,37.2567983,-5.9625265,geo_point_2d
41042,37.4995626,-5.3478795,geo_point_2d
41065,37.1142636,-5.4269456,geo_point_2d
41081,37.4699628,-5.8962718,geo_point_2d
41051,37.3589242,-6.2933203,geo_point_2d
41057,37.6501729,-6.4475776,geo_point_2d
41019,37.6003929,-5.9590305,geo_point_2d
41008,37.0177764,-5.1558445,geo_point_2d
41043,37.6306801,-6.1784268,geo_point_2d
41058,37.3487978,-5.7409081,geo_point_2d
41064,37.0044753,-5.5471635,geo_point_2d
41060,37.3321348,-5.3644041,geo_point_2d
41047,37.3865663,-6.0769509,geo_point_2d
41049,37.6152261,-6.0873426,geo_point_2d
41055,37.6698967,-5.5084066,geo_point_2d
41063,37.1608979,-5.6834868,geo_point_2d
41013,37.5438744,-6.3091528,geo_point_2d
41061,37.371973,-4.9421335,geo_point_2d
41005,37.5452992,-5.9720312,geo_point_2d
41078,37.8067146,-5.4287431,geo_point_2d
41006,37.6367815,-5.6462504,geo_point_2d
41022,37.5559875,-5.4076535,geo_point_2d
41041,37.3072857,-4.8908822,geo_point_2d
41087,37.4500519,-6.2411741,geo_point_2d
41095,37.0805437,-5.7944697,geo_point_2d
41086,37.3626918,-6.0309874,geo_point_2d
41027,37.7151584,-5.9835433,geo_point_2d
41090,37.0728065,-5.0921732,geo_point_2d
41088,37.9804643,-5.631815,geo_point_2d
41050,37.3774706,-4.8646245,geo_point_2d
41040,37.3854299,-6.1244899,geo_point_2d
41093,37.372013,-6.0472336,geo_point_2d
41069,37.1502327,-5.9210959,geo_point_2d
41028,37.4072725,-6.0532845,geo_point_2d
41092,37.6056118,-5.7299569,geo_point_2d
41045,37.5486633,-6.1680922,geo_point_2d
41012,37.1075436,-6.2834813,geo_point_2d
41072,37.2023258,-4.8948423,geo_point_2d
41071,37.2914891,-5.4981324,geo_point_2d
41070,37.3149393,-6.057621,geo_point_2d
41010,37.3063138,-6.1083087,geo_point_2d
41066,37.9366563,-5.4619519,geo_point_2d
41094,37.3449804,-6.1780179,geo_point_2d
41029,37.3859436,-6.0558582,geo_point_2d
41004,37.2903268,-5.8063116,geo_point_2d
41097,37.2271364,-6.3184814,geo_point_2d
41001,37.2497584,-4.9788524,geo_point_2d
41100,37.0716707,-5.1854125,geo_point_2d
42145,41.513057,-2.9641968,geo_point_2d
42100,41.7432361,-2.0812934,geo_point_2d
42049,41.7217711,-2.3016982,geo_point_2d
42165,42.0363075,-2.207927,geo_point_2d
42212,41.3603582,-2.6301297,geo_point_2d
42035,41.4357746,-2.8738685,geo_point_2d
42108,41.4665122,-2.2975359,geo_point_2d
42044,41.693599,-2.274594,geo_point_2d
42161,41.9006109,-2.808259,geo_point_2d
42151,41.9048015,-2.5132834,geo_point_2d
42071,41.6140955,-2.4566485,geo_point_2d
42024,41.784898,-2.2542632,geo_point_2d
42132,41.7017856,-2.0046663,geo_point_2d
42052,41.3879381,-3.0949481,geo_point_2d
42039,41.6752983,-1.8824377,geo_point_2d
42153,41.3388454,-2.7461973,geo_point_2d
42175,41.8499427,-2.2055264,geo_point_2d
42154,41.7989056,-2.362867,geo_point_2d
42046,41.719465,-2.8024078,geo_point_2d
42197,41.575129,-2.8192871,geo_point_2d
42117,41.8817337,-2.8258475,geo_point_2d
42032,41.5104554,-2.908938,geo_point_2d
42063,41.4140051,-1.998427,geo_point_2d
42134,41.7822092,-1.9791025,geo_point_2d
42001,41.8004497,-2.7858552,geo_point_2d
42061,41.8237793,-2.6734751,geo_point_2d
42184,41.4598929,-2.1433531,geo_point_2d
42149,41.6814307,-2.4638764,geo_point_2d
42211,41.8743063,-2.3659511,geo_point_2d
42144,41.6354089,-2.6602841,geo_point_2d
42164,41.8351572,-3.0815487,geo_point_2d
42162,41.5354879,-3.2201121,geo_point_2d
42076,41.4808494,-2.0348624,geo_point_2d
42178,41.7410938,-2.9694644,geo_point_2d
42128,41.8499027,-2.2850993,geo_point_2d
42129,41.8521756,-3.0080351,geo_point_2d
42131,41.5223941,-2.3394816,geo_point_2d
42025,41.1746699,-2.2529337,geo_point_2d
42030,41.4390968,-2.641157,geo_point_2d
42139,41.7093392,-2.0953807,geo_point_2d
42209,42.0711568,-2.3819161,geo_point_2d
42177,41.5375026,-2.8455381,geo_point_2d
42094,41.8480572,-2.5046867,geo_point_2d
42050,41.4496492,-2.2279604,geo_point_2d
42159,41.939379,-2.5316662,geo_point_2d
42093,41.8686334,-2.0890222,geo_point_2d
42152,41.4354815,-3.0024349,geo_point_2d
42163,41.9180095,-2.0128297,geo_point_2d
42173,41.8222342,-2.6799438,geo_point_2d
42016,41.6542162,-2.2501809,geo_point_2d
42204,41.5210694,-2.4595514,geo_point_2d
42176,41.7497799,-2.1646592,geo_point_2d
42034,41.7227064,-1.8272565,geo_point_2d
42056,41.927855,-2.2979382,geo_point_2d
42015,41.404832,-2.3355589,geo_point_2d
42081,41.8453477,-3.2650016,geo_point_2d
42026,41.3420391,-2.8464003,geo_point_2d
42062,41.9264293,-2.0669329,geo_point_2d
42085,41.7168591,-3.1948273,geo_point_2d
42157,41.3532576,-2.7977737,geo_point_2d
42107,41.894087,-2.1784418,geo_point_2d
42098,41.7629652,-3.0276382,geo_point_2d
42018,41.3178521,-2.3068895,geo_point_2d
42060,41.9350278,-2.1577072,geo_point_2d
42084,41.462574,-3.1042618,geo_point_2d
42055,41.8069315,-3.0464926,geo_point_2d
42113,41.1607496,-2.429392,geo_point_2d
42006,41.731303,-2.3814062,geo_point_2d
42070,41.7370736,-2.9406595,geo_point_2d
42195,41.5847345,-2.9277925,geo_point_2d
42182,41.3331414,-2.419101,geo_point_2d
42078,41.9724688,-2.9308661,geo_point_2d
42190,41.8067391,-2.9986794,geo_point_2d
42217,41.840109,-1.8417762,geo_point_2d
42208,41.804687,-2.1371844,geo_point_2d
42080,41.7859879,-3.2333237,geo_point_2d
42069,41.9437944,-2.8649074,geo_point_2d
42053,41.4225638,-3.0792506,geo_point_2d
42124,41.7232877,-2.8685179,geo_point_2d
42054,41.9043637,-2.2691282,geo_point_2d
42168,41.769941,-3.1401389,geo_point_2d
42216,42.0246036,-2.4230415,geo_point_2d
42110,41.8320528,-2.0607812,geo_point_2d
42009,41.6542836,-2.3328108,geo_point_2d
42059,41.5100504,-2.7232651,geo_point_2d
42058,41.5655091,-3.4968712,geo_point_2d
42118,41.4451632,-2.337313,geo_point_2d
42065,41.8680156,-2.3248201,geo_point_2d
42194,41.6859753,-3.0325989,geo_point_2d
42095,41.7176627,-2.6564208,geo_point_2d
42004,41.8538018,-1.9016139,geo_point_2d
42083,41.412702,-2.5206508,geo_point_2d
42123,41.3997152,-2.4062769,geo_point_2d
42073,41.7571358,-1.8786219,geo_point_2d
42187,41.6239447,-2.0646162,geo_point_2d
42206,41.4658365,-3.0550536,geo_point_2d
42036,41.692117,-2.8790534,geo_point_2d
42079,41.4910121,-2.3677478,geo_point_2d
42051,41.5509971,-1.994666,geo_point_2d
42185,41.6773903,-2.8985097,geo_point_2d
42183,41.5792844,-2.3017562,geo_point_2d
42127,41.7164447,-3.1061477,geo_point_2d
42007,41.7155977,-3.2955036,geo_point_2d
42141,42.0153061,-2.5224316,geo_point_2d
42048,41.4020829,-2.7523694,geo_point_2d
42057,41.8827117,-2.0229452,geo_point_2d
42028,41.9068249,-2.3634576,geo_point_2d
42156,41.5954547,-2.0172799,geo_point_2d
42022,41.6947342,-2.1661477,geo_point_2d
42174,41.9638793,-2.6226637,geo_point_2d
42198,41.9391674,-2.2357283,geo_point_2d
42219,41.2187717,-2.5411759,geo_point_2d
42202,41.4956956,-2.2735665,geo_point_2d
42218,42.1155659,-2.3363438,geo_point_2d
42105,41.3916526,-3.2377978,geo_point_2d
42135,41.9719037,-2.2848831,geo_point_2d
42008,41.2732364,-2.5054514,geo_point_2d
42021,41.5559492,-2.1416942,geo_point_2d
42096,41.6018938,-2.2283213,geo_point_2d
42023,41.2776255,-2.6987807,geo_point_2d
42090,41.5563231,-2.7442227,geo_point_2d
42086,41.4921128,-3.3381635,geo_point_2d
42167,41.2243721,-2.1616587,geo_point_2d
42181,41.5828177,-2.6439949,geo_point_2d
42130,41.5210034,-2.4039189,geo_point_2d
42142,41.7741567,-2.1037256,geo_point_2d
42082,41.9391206,-2.3251003,geo_point_2d
42106,41.8723879,-2.2702477,geo_point_2d
42116,41.549382,-3.3519112,geo_point_2d
42020,41.4829936,-2.5559742,geo_point_2d
42031,41.2895439,-2.8113084,geo_point_2d
42038,41.5604896,-2.4004257,geo_point_2d
42003,41.3456955,-2.4931798,geo_point_2d
42196,41.9571337,-2.1342602,geo_point_2d
42089,41.8682876,-2.4200351,geo_point_2d
42068,41.4426782,-2.4712795,geo_point_2d
42045,41.7817842,-2.8678905,geo_point_2d
42213,41.6183166,-2.1510734,geo_point_2d
42193,41.8903111,-2.109119,geo_point_2d
42042,41.8444294,-2.4059858,geo_point_2d
42121,42.0824025,-2.7574002,geo_point_2d
42155,41.3303789,-3.0291233,geo_point_2d
42033,41.5627064,-2.88809,geo_point_2d
42103,41.6114818,-3.3763334,geo_point_2d
42014,42.0014227,-2.3715878,geo_point_2d
42087,41.8433671,-2.4337103,geo_point_2d
42037,41.5286513,-2.2709264,geo_point_2d
42215,41.9529382,-2.7737696,geo_point_2d
42160,41.9245866,-2.6685479,geo_point_2d
42097,41.5089237,-3.008087,geo_point_2d
42064,41.6303628,-1.9591247,geo_point_2d
42012,41.8844735,-2.312202,geo_point_2d
42027,41.9526104,-2.3877105,geo_point_2d
42205,41.7692037,-2.6666864,geo_point_2d
42140,41.6292461,-2.1154872,geo_point_2d
42125,41.779585,-2.9140232,geo_point_2d
42019,41.9363626,-2.4618076,geo_point_2d
42191,41.9511508,-2.5683813,geo_point_2d
42207,41.908582,-2.5654964,geo_point_2d
42120,41.3699367,-3.2048941,geo_point_2d
42092,41.9327114,-2.1926974,geo_point_2d
42041,41.6500346,-2.1757401,geo_point_2d
42111,41.5091248,-2.6405805,geo_point_2d
42166,42.0647438,-2.4727197,geo_point_2d
42172,41.4581075,-2.3904351,geo_point_2d
42189,41.7211623,-3.058043,geo_point_2d
42017,41.8437064,-2.3366972,geo_point_2d
42011,41.7854176,-2.1965499,geo_point_2d
42013,41.8098275,-2.3180066,geo_point_2d
42200,41.4611087,-2.7258098,geo_point_2d
42119,41.3674278,-2.2044959,geo_point_2d
43105,41.501936,1.3494257,geo_point_2d
43031,41.1781206,1.017194,geo_point_2d
43154,41.2203679,0.8078304,geo_point_2d
43078,40.7139325,0.5306436,geo_point_2d
43045,41.1002759,0.8733198,geo_point_2d
43100,41.1682845,1.2600061,geo_point_2d
43177,41.2161511,0.6226022,geo_point_2d
43030,41.2249797,1.4359654,geo_point_2d
43062,40.6586628,0.5184764,geo_point_2d
43012,41.1517067,1.3803161,geo_point_2d
43014,40.6758633,0.6393594,geo_point_2d
43903,40.7795037,0.6515211,geo_point_2d
43029,41.4495542,1.1503631,geo_point_2d
43089,41.2599754,1.3858542,geo_point_2d
43092,41.0566454,0.9557332,geo_point_2d
43109,41.1826832,1.2129941,geo_point_2d
43102,40.9275341,0.4089091,geo_point_2d
43128,41.1735525,0.9646984,geo_point_2d
43158,41.3711903,0.9923343,geo_point_2d
43165,41.2453824,1.3289183,geo_point_2d
43020,41.2708306,1.5594375,geo_point_2d
43126,41.1636506,1.3557681,geo_point_2d
43015,41.2384303,0.9565542,geo_point_2d
43088,41.1177301,1.0013553,geo_point_2d
43901,40.7358676,0.744907,geo_point_2d
43005,41.2655728,1.1671713,geo_point_2d
43043,41.1783571,1.3069552,geo_point_2d
43019,41.1644555,0.5502044,geo_point_2d
43037,41.2090385,1.5896921,geo_point_2d
43145,41.2113949,1.1345279,geo_point_2d
43146,41.4766853,1.0694931,geo_point_2d
43025,40.9675878,0.5231705,geo_point_2d
43151,41.1208398,0.8642914,geo_point_2d
43047,41.161223,1.1917276,geo_point_2d
43125,41.2612521,0.4467911,geo_point_2d
43086,41.3613931,1.1544898,geo_point_2d
43906,40.8124429,0.6904293,geo_point_2d
43149,40.9153473,0.5523181,geo_point_2d
43123,41.1487257,1.1201034,geo_point_2d
43018,40.8764073,0.2756602,geo_point_2d
43044,40.7020656,0.2741314,geo_point_2d
43035,41.2458229,0.7304303,geo_point_2d
43155,40.8196497,0.5326538,geo_point_2d
43164,41.2029445,1.3613399,geo_point_2d
43111,41.1830687,1.4049452,geo_point_2d
43002,41.2420963,1.4925305,geo_point_2d
43156,40.6176659,0.4371925,geo_point_2d
43071,40.9375327,0.3229996,geo_point_2d
43096,41.2690509,0.837225,geo_point_2d
43064,41.0541048,0.4215298,geo_point_2d
43040,41.0950337,0.7994299,geo_point_2d
43050,41.1819845,1.4321707,geo_point_2d
43115,41.1521191,0.8733682,geo_point_2d
43085,41.1649639,0.7068239,geo_point_2d
43011,41.1996644,1.100483,geo_point_2d
43114,41.1964331,0.8550695,geo_point_2d
43022,41.1042749,0.2953514,geo_point_2d
43122,41.2178527,1.3157498,geo_point_2d
43152,41.2039007,0.6515256,geo_point_2d
43904,40.7481551,0.6113036,geo_point_2d
43104,40.8874916,0.6838239,geo_point_2d
43027,41.2824857,0.7210474,geo_point_2d
43009,41.2051682,0.9612155,geo_point_2d
43046,41.5147285,1.2802179,geo_point_2d
43131,41.1862175,1.4613695,geo_point_2d
43093,41.0981756,0.597251,geo_point_2d
43119,41.279285,1.2997845,geo_point_2d
43169,41.2496721,1.0355406,geo_point_2d
43013,40.907285,0.7756413,geo_point_2d
43174,41.2206565,0.7560497,geo_point_2d
43051,41.2095611,1.6302936,geo_point_2d
43150,41.0185857,0.7335701,geo_point_2d
43121,40.9750239,0.6149403,geo_point_2d
43082,41.1321322,0.7320992,geo_point_2d
43068,40.6622344,0.4638527,geo_point_2d
43070,41.1059782,0.7478507,geo_point_2d
43053,41.1599296,0.9249747,geo_point_2d
43160,41.2457512,1.2521312,geo_point_2d
43074,41.2852662,1.5446673,geo_point_2d
43060,41.2609969,0.5668001,geo_point_2d
43067,41.029098,0.6372387,geo_point_2d
43081,41.1877027,1.0341023,geo_point_2d
43079,41.2633473,1.4295418,geo_point_2d
43139,41.5460914,1.3958945,geo_point_2d
43176,41.3752979,1.0463391,geo_point_2d
43028,41.2804444,1.4813258,geo_point_2d
43129,41.1361379,1.0580179,geo_point_2d
43057,41.2751606,0.998244,geo_point_2d
43133,40.7879963,0.4016531,geo_point_2d
43039,41.2929186,1.0404325,geo_point_2d
43077,40.7214696,0.3551198,geo_point_2d
43110,41.1933851,0.3478102,geo_point_2d
43006,40.866828,0.4744908,geo_point_2d
43004,40.5736832,0.5203091,geo_point_2d
43178,41.098937,1.0547294,geo_point_2d
43905,41.0795145,1.1445053,geo_point_2d
43010,41.2973122,1.3068135,geo_point_2d
43143,41.5433583,1.2874968,geo_point_2d
43147,41.4639595,1.1833993,geo_point_2d
43083,41.2513884,1.2062209,geo_point_2d
43117,40.9752347,0.4111961,geo_point_2d
43159,41.5563862,1.2348804,geo_point_2d
43163,41.2050693,1.5199586,geo_point_2d
43132,41.2786539,1.4072674,geo_point_2d
43055,41.1601309,0.815297,geo_point_2d
43902,40.6911358,0.7803064,geo_point_2d
43032,41.0149231,0.3726061,geo_point_2d
43024,41.2343055,1.5676457,geo_point_2d
43052,40.9025758,0.4633513,geo_point_2d
43094,41.0944125,0.6675596,geo_point_2d
43084,41.0413671,0.5772711,geo_point_2d
43166,41.2115622,1.1956941,geo_point_2d
43161,41.301701,1.2391654,geo_point_2d
43112,41.2318292,0.845083,geo_point_2d
43127,41.1355569,0.9580018,geo_point_2d
43038,41.0823713,1.042031,geo_point_2d
43034,41.2771681,1.3413893,geo_point_2d
43153,41.1510403,1.4081937,geo_point_2d
43056,41.1713254,0.4690928,geo_point_2d
43075,41.2998314,0.7742999,geo_point_2d
43061,41.4921584,1.2302973,geo_point_2d
43008,40.8540059,0.3682356,geo_point_2d
43036,41.3953597,1.2999832,geo_point_2d
43118,41.0543275,0.8811478,geo_point_2d
43135,41.2341854,1.3734856,geo_point_2d
43065,41.1420653,0.651857,geo_point_2d
43001,41.3628878,1.4240433,geo_point_2d
43107,41.420642,1.1921315,geo_point_2d
43116,41.314732,0.9914787,geo_point_2d
43120,41.4204303,1.4296278,geo_point_2d
43141,41.468927,1.392253,geo_point_2d
43033,41.1462661,1.0038841,geo_point_2d
43042,41.1887426,1.0909568,geo_point_2d
43069,41.1913901,0.7724113,geo_point_2d
43157,41.3251719,0.8556533,geo_point_2d
43137,41.3078432,1.5553593,geo_point_2d
43095,41.2007934,1.2157694,geo_point_2d
43098,41.2525848,1.28984,geo_point_2d
43148,41.132104,1.269023,geo_point_2d
43173,41.2307315,0.7810087,geo_point_2d
43108,41.3468886,1.3112584,geo_point_2d
43021,41.4111463,1.2291825,geo_point_2d
43171,41.1015121,1.1445524,geo_point_2d
43136,40.6035713,0.6251855,geo_point_2d
43140,41.2490846,1.5388001,geo_point_2d
43175,41.1478909,0.4005942,geo_point_2d
43167,41.1056045,0.9299747,geo_point_2d
43142,41.4531466,1.2719807,geo_point_2d
43103,41.1890682,1.2406299,geo_point_2d
43091,41.292752,1.0918617,geo_point_2d
43168,41.3389133,0.948782,geo_point_2d
43080,41.2378365,1.2202646,geo_point_2d
44241,41.0028658,-0.020214,geo_point_2d
44063,40.8051104,-0.6439299,geo_point_2d
44169,40.7329547,-1.4762597,geo_point_2d
44096,40.7543396,-0.5447983,geo_point_2d
44136,40.7297086,-1.1116826,geo_point_2d
44062,40.7021892,-0.9211486,geo_point_2d
44257,40.3962451,-1.6748398,geo_point_2d
44082,40.4035354,-0.9613094,geo_point_2d
44228,40.5976817,-1.2395427,geo_point_2d
44112,40.8635212,-1.3230056,geo_point_2d
44012,40.364236,-0.7134859,geo_point_2d
44023,40.9781381,-1.0446232,geo_point_2d
44260,40.6559867,-0.5050618,geo_point_2d
44056,40.8479184,-1.358768,geo_point_2d
44002,39.9096015,-0.8693571,geo_point_2d
44189,40.5587733,-1.4575102,geo_point_2d
44175,40.5831096,-0.959901,geo_point_2d
44256,40.8993517,-1.0114228,geo_point_2d
44085,40.802264,-1.1267984,geo_point_2d
44129,41.2377477,-0.4001464,geo_point_2d
44064,40.1952184,-1.1327799,geo_point_2d
44047,41.011669,-1.3312811,geo_point_2d
44010,40.0894148,-0.7531992,geo_point_2d
44020,40.8024979,-1.0736792,geo_point_2d
44143,40.0356689,-0.8582691,geo_point_2d
44203,40.9526856,-1.0072209,geo_point_2d
44024,40.9862092,-0.9665519,geo_point_2d
44224,40.8453392,-0.7054784,geo_point_2d
44101,41.0537489,-1.2463203,geo_point_2d
44089,40.2169789,-1.0627742,geo_point_2d
44103,40.3233694,-0.8858864,geo_point_2d
44128,40.704499,-0.7994509,geo_point_2d
44029,41.0500915,-0.5991373,geo_point_2d
44114,40.8175999,0.0706008,geo_point_2d
44154,40.7841427,-0.0257136,geo_point_2d
44026,40.0147198,-1.0624355,geo_point_2d
44237,41.1643395,-0.4863136,geo_point_2d
44122,41.1492729,-0.4528266,geo_point_2d
44218,40.2075849,-1.3390874,geo_point_2d
44115,40.6451387,-0.8704138,geo_point_2d
44137,40.313762,-0.5584141,geo_point_2d
44181,40.4792794,-0.9983298,geo_point_2d
44178,40.7690116,-0.2450327,geo_point_2d
44185,40.5029515,-0.8715049,geo_point_2d
44017,40.6820455,-0.6789778,geo_point_2d
44264,40.2178268,-1.2005104,geo_point_2d
44236,40.6136806,-0.4148579,geo_point_2d
44165,40.2542268,-0.6169672,geo_point_2d
44109,40.3445444,-1.6282611,geo_point_2d
44133,41.1074719,-1.1867651,geo_point_2d
44088,40.5915433,-0.3040146,geo_point_2d
44039,40.9226465,-1.5110345,geo_point_2d
44191,41.2464433,-0.4466871,geo_point_2d
44044,40.6886753,-0.3435499,geo_point_2d
44054,40.1287182,-1.0566723,geo_point_2d
44111,40.6880572,-0.9786925,geo_point_2d
44087,40.8970062,-0.5690891,geo_point_2d
44235,40.4281422,-1.5743552,geo_point_2d
44055,40.624539,-0.7679457,geo_point_2d
44250,40.1510812,-1.4118471,geo_point_2d
44006,41.0473086,-0.6987209,geo_point_2d
44176,40.7753086,-0.7322836,geo_point_2d
44194,40.8485722,0.014362,geo_point_2d
44127,40.2349248,-1.4186633,geo_point_2d
44018,40.6072461,-1.4350803,geo_point_2d
44243,40.2945677,-1.4054815,geo_point_2d
44025,41.0132817,-0.4307781,geo_point_2d
44033,41.0355272,-1.3581744,geo_point_2d
44157,40.4953823,-1.4853616,geo_point_2d
44177,40.7869203,-1.0130331,geo_point_2d
44045,40.523257,-1.5684244,geo_point_2d
44239,40.1811603,-1.0854453,geo_point_2d
44008,41.1221855,-0.5627532,geo_point_2d
44182,40.6338813,-0.9777246,geo_point_2d
44108,40.9278133,0.0670142,geo_point_2d
44071,40.7533525,-0.3577762,geo_point_2d
44061,40.8562814,-0.1005911,geo_point_2d
44099,40.7777547,-0.8502604,geo_point_2d
44126,40.4804756,-0.3251892,geo_point_2d
44048,40.3150292,-0.8099354,geo_point_2d
44090,41.0790351,-1.1915226,geo_point_2d
44118,40.857556,-0.1812943,geo_point_2d
44034,40.8341992,-1.2133549,geo_point_2d
44208,41.1192627,-1.0902293,geo_point_2d
44200,40.7673211,-1.2126478,geo_point_2d
44132,41.0338717,-1.1980338,geo_point_2d
44238,40.800761,-0.8805402,geo_point_2d
44212,40.8276472,-0.3483025,geo_point_2d
44120,40.3963519,-1.7354036,geo_point_2d
44011,40.9527357,-0.6963755,geo_point_2d
44222,40.9168915,-1.0740186,geo_point_2d
44113,40.167137,-0.6077499,geo_point_2d
44173,40.9005034,-0.4742096,geo_point_2d
44220,40.8903932,-1.4435899,geo_point_2d
44251,40.696811,-1.3727972,geo_point_2d
44106,40.5048606,-0.5404889,geo_point_2d
44247,40.9641679,0.016073,geo_point_2d
44052,40.3704819,-1.5746271,geo_point_2d
44107,40.9152134,-0.2726366,geo_point_2d
44074,40.4290426,-0.8523025,geo_point_2d
44116,40.8287166,-0.586367,geo_point_2d
44168,40.8824846,-1.568743,geo_point_2d
44171,40.1239011,-0.6419911,geo_point_2d
44229,40.4301692,-1.5293057,geo_point_2d
44201,40.1831947,-0.6692771,geo_point_2d
44196,40.1254785,-1.1351201,geo_point_2d
44232,40.8151867,-1.3313638,geo_point_2d
44007,40.6156949,-1.3662586,geo_point_2d
44021,40.4791096,-0.7019167,geo_point_2d
44080,40.9283523,-0.0589103,geo_point_2d
44161,41.0750036,-0.7682646,geo_point_2d
44172,40.9911114,-0.6491084,geo_point_2d
44092,40.155628,-1.3482602,geo_point_2d
44158,40.2504744,-0.7350602,geo_point_2d
44152,41.051487,-1.0019349,geo_point_2d
44135,40.1441653,-1.2111011,geo_point_2d
44267,40.8849812,-0.9165234,geo_point_2d
44174,40.5489906,-1.6384174,geo_point_2d
44167,40.9020546,-0.7240691,geo_point_2d
44086,40.9229966,0.2051935,geo_point_2d
44187,40.8839958,0.0629104,geo_point_2d
44001,40.5477982,-0.8332288,geo_point_2d
44153,40.7736927,-1.3517363,geo_point_2d
44180,40.6487143,-1.4569488,geo_point_2d
44009,40.3758132,-1.485763,geo_point_2d
44148,40.7304387,-0.8787874,geo_point_2d
44142,40.9688473,-0.894292,geo_point_2d
44094,40.4561302,-1.0231551,geo_point_2d
44245,40.9751461,0.0879702,geo_point_2d
44043,41.0728349,-0.8832595,geo_point_2d
44179,40.7467867,0.0654736,geo_point_2d
44053,40.6158016,-1.143814,geo_point_2d
44146,40.8730169,-0.5262973,geo_point_2d
44093,40.7292951,-0.8197764,geo_point_2d
44249,40.2438608,-1.5748996,geo_point_2d
44234,40.19894,-1.2648733,geo_point_2d
44244,40.4057564,-0.6047127,geo_point_2d
44003,40.6585371,-1.2247005,geo_point_2d
44159,40.3195756,-1.5517109,geo_point_2d
44149,40.5760229,-0.3537562,geo_point_2d
44155,40.8496181,-0.7971305,geo_point_2d
44119,40.4425474,-1.7202807,geo_point_2d
44014,40.9198387,-0.3696749,geo_point_2d
44193,40.2907326,-0.4534096,geo_point_2d
44195,40.7316651,-0.974682,geo_point_2d
44268,40.7763249,-0.6175507,geo_point_2d
44076,40.4583516,-1.2949256,geo_point_2d
44042,40.8222843,-1.481418,geo_point_2d
44068,40.9639877,-0.1461543,geo_point_2d
44084,40.977534,-0.8205129,geo_point_2d
44013,41.0735996,-0.1696296,geo_point_2d
44036,41.0256513,-1.1378686,geo_point_2d
44016,40.55055,-1.0606679,geo_point_2d
44065,40.9988004,-1.4208505,geo_point_2d
44022,40.967549,-0.5275452,geo_point_2d
44125,41.0158217,-0.9443387,geo_point_2d
44216,40.356405,-1.1197767,geo_point_2d
44004,40.8172631,-0.2027338,geo_point_2d
44261,40.5247308,-1.2430151,geo_point_2d
44028,40.6990629,-1.1789899,geo_point_2d
44160,40.3918208,-0.4247682,geo_point_2d
44199,40.2721356,-1.2760649,geo_point_2d
44223,40.7611565,-0.0964054,geo_point_2d
44121,40.4334835,-0.6980892,geo_point_2d
44060,40.5783567,-0.5225632,geo_point_2d
44184,41.0023844,-0.8486081,geo_point_2d
44067,41.2356521,-0.3411365,geo_point_2d
44211,40.9309083,-0.9522276,geo_point_2d
44046,40.7123749,-1.2716215,geo_point_2d
44059,40.5212927,-0.3961985,geo_point_2d
44198,40.3610198,-1.5071243,geo_point_2d
44230,40.9136855,-0.1209469,geo_point_2d
44049,41.0171437,0.185794,geo_point_2d
44156,40.4599653,-0.7970518,geo_point_2d
44266,40.6749635,-1.0905729,geo_point_2d
44075,40.4956086,-1.1577926,geo_point_2d
44131,40.957462,-0.7747702,geo_point_2d
44151,40.8123408,-0.4738559,geo_point_2d
44246,40.8539281,0.1452316,geo_point_2d
44100,40.8837662,-0.627224,geo_point_2d
44183,40.61935,-0.6013648,geo_point_2d
44130,40.5459728,-0.7497094,geo_point_2d
44040,40.852205,-0.406361,geo_point_2d
44066,40.79817,-0.699693,geo_point_2d
44240,40.2297316,-0.8131714,geo_point_2d
44263,40.2685614,-1.1672603,geo_point_2d
44110,40.8656938,-1.0112441,geo_point_2d
44192,40.2073157,-0.9476525,geo_point_2d
44262,40.5118783,-0.6478074,geo_point_2d
44141,40.9483752,0.2591363,geo_point_2d
44145,40.8497601,-0.2685865,geo_point_2d
44227,40.8510058,-1.0887279,geo_point_2d
44032,41.0994979,-1.1252094,geo_point_2d
44204,40.3332022,-1.4285655,geo_point_2d
44197,40.6207444,-1.5189965,geo_point_2d
44258,40.6833066,-1.4896176,geo_point_2d
44051,40.952152,-0.2328448,geo_point_2d
44221,40.9663657,-0.0802435,geo_point_2d
44102,40.9929723,-1.0870354,geo_point_2d
44147,41.0314484,0.0891639,geo_point_2d
44210,40.1365352,-0.8574605,geo_point_2d
44225,40.9459598,0.1256578,geo_point_2d
44205,41.1708994,-0.320913,geo_point_2d
44209,40.5524291,-1.3133962,geo_point_2d
44231,40.0103563,-0.9565944,geo_point_2d
44105,40.8987277,-0.001126,geo_point_2d
44206,40.0882794,-0.679691,geo_point_2d
44213,40.6656944,-1.3012563,geo_point_2d
44035,40.890287,-1.1465142,geo_point_2d
44050,40.9425376,-1.2416236,geo_point_2d
44252,41.114358,-1.2311718,geo_point_2d
44005,40.5889311,-0.8149812,geo_point_2d
44041,40.3206027,-1.3334769,geo_point_2d
44124,40.9258315,-0.8406413,geo_point_2d
44207,41.0544109,-1.3872744,geo_point_2d
44019,40.182961,-1.4016091,geo_point_2d
44123,40.6772688,-0.7695525,geo_point_2d
44138,41.0653224,-1.0679303,geo_point_2d
44027,40.9900408,0.2455902,geo_point_2d
44070,40.3749273,-0.8303964,geo_point_2d
44219,40.9476262,-1.4185393,geo_point_2d
44117,40.3940045,-1.3375863,geo_point_2d
44190,40.7770987,-1.4917127,geo_point_2d
44164,41.1428271,-1.0777833,geo_point_2d
44097,40.5287911,-0.951174,geo_point_2d
44144,40.8370028,-0.9102925,geo_point_2d
44215,40.2892025,-1.5033369,geo_point_2d
45051,40.0086209,-3.8540841,geo_point_2d
45133,39.7988169,-4.2456771,geo_point_2d
45046,39.938721,-4.5639789,geo_point_2d
45127,40.1171277,-3.9779753,geo_point_2d
45106,39.688315,-3.736724,geo_point_2d
45194,39.7707227,-4.5495011,geo_point_2d
45082,39.9825887,-5.2350671,geo_point_2d
45148,39.580969,-4.8326661,geo_point_2d
45012,39.8020314,-3.8451189,geo_point_2d
45151,39.7248793,-4.427617,geo_point_2d
45140,39.6753535,-4.156467,geo_point_2d
45022,40.1695308,-4.8743668,geo_point_2d
45193,39.724978,-3.6512433,geo_point_2d
45076,40.097717,-4.4560415,geo_point_2d
45184,39.9967793,-5.2875948,geo_point_2d
45200,39.4254341,-3.929355,geo_point_2d
45145,40.049355,-4.0140365,geo_point_2d
45019,39.9481127,-4.074257,geo_point_2d
45010,39.6413706,-5.1061683,geo_point_2d
45124,39.6418078,-3.8966191,geo_point_2d
45141,39.5139215,-3.2601971,geo_point_2d
45118,40.0360518,-4.2654879,geo_point_2d
45074,40.1077897,-4.7392896,geo_point_2d
45070,39.8238741,-4.1475597,geo_point_2d
45081,40.1343409,-3.8446553,geo_point_2d
45034,39.3996612,-3.4788305,geo_point_2d
45094,39.7451885,-3.8023151,geo_point_2d
45092,39.5486794,-3.967956,geo_point_2d
45065,39.6943858,-5.0889943,geo_point_2d
45063,39.6409379,-4.7888897,geo_point_2d
45135,39.5923279,-3.1353742,geo_point_2d
45155,39.7601796,-4.7117723,geo_point_2d
45115,39.9946669,-3.4321642,geo_point_2d
45125,39.9850916,-5.2147919,geo_point_2d
45191,39.8065107,-3.7330995,geo_point_2d
45062,39.9203616,-4.3456312,geo_point_2d
45003,39.8892812,-4.2225135,geo_point_2d
45097,40.0161098,-4.9170294,geo_point_2d
45147,39.9450936,-4.1874533,geo_point_2d
45156,39.9567057,-3.1891006,geo_point_2d
45110,40.0882611,-5.1015052,geo_point_2d
45038,40.1767708,-3.9251695,geo_point_2d
45075,39.5641508,-4.5298897,geo_point_2d
45004,39.9999787,-4.3689429,geo_point_2d
45161,40.0921907,-3.6660989,geo_point_2d
45060,39.9545632,-4.4982927,geo_point_2d
45029,39.8696568,-5.2520733,geo_point_2d
45105,40.0914621,-4.9300491,geo_point_2d
45084,39.7034675,-3.3336759,geo_point_2d
45080,39.9701722,-4.5558254,geo_point_2d
45102,39.9255146,-3.9091123,geo_point_2d
45013,40.2466817,-4.3838746,geo_point_2d
45202,39.9140949,-3.686624,geo_point_2d
45126,40.0192396,-4.5070202,geo_point_2d
45190,39.7141806,-3.8794915,geo_point_2d
45023,39.7812473,-3.9920896,geo_point_2d
45101,39.5149349,-3.1033327,geo_point_2d
45150,39.8366065,-4.7397706,geo_point_2d
45052,39.7966361,-4.0254474,geo_point_2d
45078,39.8402019,-3.6149461,geo_point_2d
45120,40.1283845,-4.6149585,geo_point_2d
45183,40.1543714,-4.1422134,geo_point_2d
45087,39.4660561,-3.5378132,geo_point_2d
45181,40.0288665,-5.0021453,geo_point_2d
45095,39.9278353,-4.4499337,geo_point_2d
45073,39.8962161,-5.2412092,geo_point_2d
45069,39.9420455,-4.265301,geo_point_2d
45021,40.0515638,-3.7221521,geo_point_2d
45032,40.0094136,-4.0839933,geo_point_2d
45090,39.6408987,-3.7945136,geo_point_2d
45144,40.1649422,-4.6736482,geo_point_2d
45205,40.0878637,-3.8892299,geo_point_2d
45117,40.1320003,-4.5246984,geo_point_2d
45001,39.7286504,-3.9892646,geo_point_2d
45007,39.8082428,-5.1168864,geo_point_2d
45176,40.1654919,-3.8740782,geo_point_2d
45123,40.0063847,-3.5352802,geo_point_2d
45203,40.0528485,-3.9036411,geo_point_2d
45064,40.1063386,-3.7544229,geo_point_2d
45047,40.0913305,-3.9290163,geo_point_2d
45061,40.150008,-4.3903568,geo_point_2d
45112,39.7128106,-4.6191668,geo_point_2d
45204,40.018355,-3.9986008,geo_point_2d
45174,39.7090212,-4.2190297,geo_point_2d
45119,40.0772572,-3.8281162,geo_point_2d
45128,40.045185,-3.8226352,geo_point_2d
45169,39.9520871,-5.1299462,geo_point_2d
45009,39.7318395,-5.0133389,geo_point_2d
45048,40.0213846,-4.5832931,geo_point_2d
45158,40.0147483,-4.4345824,geo_point_2d
45143,40.1081541,-4.3199993,geo_point_2d
45016,39.8181142,-4.093243,geo_point_2d
45015,40.0541762,-4.1007638,geo_point_2d
45198,39.8758233,-3.3224236,geo_point_2d
45036,39.9288383,-4.3988391,geo_point_2d
45171,40.1692269,-4.2174787,geo_point_2d
45066,40.0663744,-4.1795354,geo_point_2d
45045,40.0004402,-4.7025386,geo_point_2d
45152,39.8069124,-4.6509621,geo_point_2d
45168,39.8699807,-4.015161,geo_point_2d
45079,40.2399993,-4.7437981,geo_point_2d
45170,39.6806439,-4.8001974,geo_point_2d
45159,40.2101926,-4.8031811,geo_point_2d
45104,39.9559645,-4.6335613,geo_point_2d
45088,39.965944,-3.9325145,geo_point_2d
45114,40.1378232,-4.8316515,geo_point_2d
45139,39.5170182,-5.0794395,geo_point_2d
45180,40.2142764,-4.1043233,geo_point_2d
45195,40.0019198,-3.330326,geo_point_2d
45026,39.8929379,-3.5375252,geo_point_2d
45130,40.093831,-5.0430662,geo_point_2d
45177,39.3646788,-3.7298896,geo_point_2d
45027,39.8252944,-3.0915275,geo_point_2d
45113,39.5747347,-4.6766682,geo_point_2d
45199,40.1517347,-3.98725,geo_point_2d
45059,39.847541,-3.5015551,geo_point_2d
45086,40.0050924,-4.6259079,geo_point_2d
45137,39.9125045,-4.7047122,geo_point_2d
45024,39.8866014,-4.2894747,geo_point_2d
45025,40.0016666,-3.9509382,geo_point_2d
45077,40.011047,-4.1977931,geo_point_2d
45172,39.8331451,-5.2115877,geo_point_2d
45164,40.0931864,-4.8478727,geo_point_2d
45040,40.0517487,-4.5311523,geo_point_2d
45192,39.6814117,-3.0246039,geo_point_2d
45017,39.7748299,-5.1348954,geo_point_2d
45018,39.9809246,-4.2351704,geo_point_2d
45033,39.5755784,-5.0508149,geo_point_2d
45116,39.7358827,-4.1645165,geo_point_2d
45057,39.7272698,-3.9409576,geo_point_2d
45165,39.9535142,-4.849514,geo_point_2d
45020,39.7511198,-4.9391908,geo_point_2d
45005,39.9053179,-5.1109487,geo_point_2d
45201,40.12067,-3.7892403,geo_point_2d
45187,39.4554544,-3.3686833,geo_point_2d
45108,39.6472351,-4.9961487,geo_point_2d
45014,39.9823632,-3.7667952,geo_point_2d
45185,39.5823179,-3.3649677,geo_point_2d
45103,39.5965988,-5.1470867,geo_point_2d
45107,39.7984425,-3.9182949,geo_point_2d
45196,39.9663266,-3.8647019,geo_point_2d
45129,40.2116889,-4.4398601,geo_point_2d
45028,39.8776372,-5.0177961,geo_point_2d
45042,39.765976,-4.1078659,geo_point_2d
45162,39.5296601,-4.9555045,geo_point_2d
45096,39.6462986,-4.0795783,geo_point_2d
45091,40.0784625,-4.3656263,geo_point_2d
45134,40.0787618,-4.2465913,geo_point_2d
45039,39.9664894,-4.4579793,geo_point_2d
45053,39.4798704,-3.6890363,geo_point_2d
45157,40.1737973,-4.2844831,geo_point_2d
45031,40.1076261,-4.115762,geo_point_2d
45109,39.6545258,-4.4771429,geo_point_2d
45131,40.1704105,-4.5890806,geo_point_2d
45179,39.8032574,-5.2733536,geo_point_2d
45167,39.5173856,-2.9830762,geo_point_2d
45085,40.0851308,-3.9870473,geo_point_2d
45111,39.7444816,-5.123942,geo_point_2d
45173,39.9837505,-4.2844728,geo_point_2d
45011,40.1863323,-4.748087,geo_point_2d
45142,39.5974984,-3.0188126,geo_point_2d
45071,39.7934749,-3.5306029,geo_point_2d
45050,39.9445538,-3.6309569,geo_point_2d
45122,39.9482536,-3.9851717,geo_point_2d
45043,40.0792171,-4.6868229,geo_point_2d
45056,40.1118462,-4.0488263,geo_point_2d
45049,40.0558771,-4.8304606,geo_point_2d
45037,39.8455858,-4.491527,geo_point_2d
45189,39.9816935,-4.1305538,geo_point_2d
45035,40.0678212,-4.6413226,geo_point_2d
45121,39.9466868,-3.512472,geo_point_2d
45083,39.770429,-4.0563178,geo_point_2d
45166,39.6641898,-3.5400367,geo_point_2d
45138,39.8024896,-5.1746184,geo_point_2d
45099,40.2328796,-4.1838558,geo_point_2d
45067,39.7190578,-4.2890991,geo_point_2d
45054,39.7598145,-3.1897935,geo_point_2d
45055,39.6615202,-4.2162153,geo_point_2d
45175,39.5948549,-3.6379724,geo_point_2d
45058,39.979218,-4.5079618,geo_point_2d
45098,39.6161335,-4.3568254,geo_point_2d
45163,39.6413917,-3.9949694,geo_point_2d
45160,40.0368278,-4.8729637,geo_point_2d
45041,40.2002077,-4.0518051,geo_point_2d
46154,38.9998304,-0.5925604,geo_point_2d
46049,38.945893,-0.4979022,geo_point_2d
46196,38.9841859,-0.3269058,geo_point_2d
46075,38.8669871,-0.5040088,geo_point_2d
46097,39.2548686,-1.0806296,geo_point_2d
46181,38.8967363,-0.1041754,geo_point_2d
46019,39.1928059,-0.5239585,geo_point_2d
46138,38.9272247,-0.4940023,geo_point_2d
46174,38.9412981,-0.6413087,geo_point_2d
46156,39.2952034,-0.592371,geo_point_2d
46130,39.0931616,-0.5602108,geo_point_2d
46109,39.5084455,-0.6776612,geo_point_2d
46246,39.1879376,-0.6613567,geo_point_2d
46066,38.9616798,-0.195451,geo_point_2d
46076,39.6164761,-0.7710382,geo_point_2d
46188,38.9425743,-0.1517167,geo_point_2d
46260,39.5342734,-0.3689792,geo_point_2d
46086,38.8434213,-0.473166,geo_point_2d
46221,38.8491202,-0.3822612,geo_point_2d
46211,38.947859,-0.2031455,geo_point_2d
46222,39.0718525,-0.4890124,geo_point_2d
46215,39.1897238,-0.3374245,geo_point_2d
46224,39.6782594,-0.3818774,geo_point_2d
46238,39.0803434,-0.2547178,geo_point_2d
46186,39.4258786,-0.4123159,geo_point_2d
46041,39.9288366,-1.1480691,geo_point_2d
46015,39.3810979,-0.4471728,geo_point_2d
46012,39.377605,-0.7554493,geo_point_2d
46010,39.6769289,-0.357516,geo_point_2d
46162,39.1538896,-0.5179486,geo_point_2d
46177,39.5744194,-0.3593453,geo_point_2d
46225,39.0334253,-0.5922474,geo_point_2d
46106,39.7425986,-1.0171985,geo_point_2d
46190,39.5240071,-0.4675556,geo_point_2d
46114,39.7008833,-0.9248874,geo_point_2d
46095,39.5454822,-1.2914341,geo_point_2d
46058,39.7243364,-0.2757269,geo_point_2d
46074,39.5193409,-0.367323,geo_point_2d
46248,39.3736119,-0.6867782,geo_point_2d
46065,39.3829266,-0.4142608,geo_point_2d
46060,39.284805,-0.4448417,geo_point_2d
46062,38.9546922,-0.4458243,geo_point_2d
46204,39.5989708,-0.3205272,geo_point_2d
46250,39.4206042,-0.3584392,geo_point_2d
46112,39.6517886,-0.8589738,geo_point_2d
46067,39.6156661,-0.5722936,geo_point_2d
46258,39.7074514,-0.817077,geo_point_2d
46111,39.4877375,-0.7422837,geo_point_2d
46209,39.0499252,-0.438708,geo_point_2d
46085,39.2346546,-0.536197,geo_point_2d
46219,38.8814443,-0.3615719,geo_point_2d
46254,39.4554344,-1.3914699,geo_point_2d
46148,39.6319332,-0.9492452,geo_point_2d
46159,39.4980715,-0.495653,geo_point_2d
46139,39.1819894,-0.5308632,geo_point_2d
46241,39.8707315,-1.1119484,geo_point_2d
46256,39.5601997,-0.6553326,geo_point_2d
46150,38.9457784,-0.3417278,geo_point_2d
46026,39.2825718,-0.5231081,geo_point_2d
46003,38.8320676,-0.4868081,geo_point_2d
46006,38.8483398,-0.5245782,geo_point_2d
46004,38.834825,-0.5580878,geo_point_2d
46082,39.6807065,-0.216354,geo_point_2d
46038,39.8125098,-0.8021885,geo_point_2d
46044,39.0188595,-1.0742636,geo_point_2d
46155,39.138032,-0.3235705,geo_point_2d
46165,39.3972181,-0.3725357,geo_point_2d
46259,39.5318971,-1.4515433,geo_point_2d
46120,39.7144799,-0.3687947,geo_point_2d
46113,38.9720102,-0.1505349,geo_point_2d
46087,40.0332041,-1.2497661,geo_point_2d
46229,39.4844431,-0.9246276,geo_point_2d
46091,38.9066476,-0.2641038,geo_point_2d
46107,39.0393403,-0.6995644,geo_point_2d
46142,39.1961971,-1.098761,geo_point_2d
46243,38.9873398,-0.5737488,geo_point_2d
46045,39.0129677,-0.4219948,geo_point_2d
46046,39.0113116,-0.3134125,geo_point_2d
46232,39.7457615,-1.2102474,geo_point_2d
46164,39.5743178,-0.3318706,geo_point_2d
46187,38.9455999,-0.2377485,geo_point_2d
46030,39.7447494,-0.3932261,geo_point_2d
46202,39.601945,-0.5424482,geo_point_2d
46182,39.6882027,-0.5275098,geo_point_2d
46008,39.2202172,-0.3739458,geo_point_2d
46195,38.9443869,-0.1278527,geo_point_2d
46100,39.0584578,-0.6008807,geo_point_2d
46227,39.0646563,-0.5062945,geo_point_2d
46185,38.8689389,-0.4478322,geo_point_2d
46255,38.8810876,-0.2270425,geo_point_2d
46040,39.0969183,-0.6011698,geo_point_2d
46261,39.3611167,-0.891736,geo_point_2d
46083,39.0983903,-0.4275943,geo_point_2d
46071,39.1132201,-0.8485469,geo_point_2d
46247,39.8043479,-1.113398,geo_point_2d
46077,39.4291046,-0.8485083,geo_point_2d
46230,39.3565515,-0.4026224,geo_point_2d
46031,39.2599252,-0.4639036,geo_point_2d
46063,39.1960606,-0.550521,geo_point_2d
46201,40.0557973,-1.1322313,geo_point_2d
46108,39.5844024,-0.9633889,geo_point_2d
46110,39.4591619,-0.4302307,geo_point_2d
46042,38.8840936,-0.6068006,geo_point_2d
46050,39.7228264,-1.1245757,geo_point_2d
46029,39.2137818,-0.4292096,geo_point_2d
46039,39.0148997,-0.6554557,geo_point_2d
46118,38.9639368,-0.810407,geo_point_2d
46175,38.8926459,-0.3355356,geo_point_2d
46178,39.6370449,-0.4137825,geo_point_2d
46051,39.5940644,-0.6166313,geo_point_2d
46133,39.5817514,-0.8424713,geo_point_2d
46218,38.939432,-0.2685999,geo_point_2d
46163,39.5546488,-0.3156278,geo_point_2d
46160,39.0544079,-0.4921036,geo_point_2d
46144,39.1488817,-1.1097634,geo_point_2d
46064,39.1383377,-0.4941353,geo_point_2d
46021,39.4598756,-0.4884006,geo_point_2d
46124,38.7798507,-0.785245,geo_point_2d
46203,39.0816033,-0.4724134,geo_point_2d
46073,39.0502409,-0.7460209,geo_point_2d
46072,38.7420863,-0.6088673,geo_point_2d
46011,39.1183347,-0.5372024,geo_point_2d
46014,39.5429688,-0.3178193,geo_point_2d
46149,39.6985099,-0.8651054,geo_point_2d
46213,39.4367561,-1.1361256,geo_point_2d
46179,39.0924599,-0.7162266,geo_point_2d
46022,39.4029931,-0.3615706,geo_point_2d
46262,39.9021501,-0.9445873,geo_point_2d
46119,39.0425514,-0.4649371,geo_point_2d
46206,39.1044301,-0.778439,geo_point_2d
46079,39.7407754,-0.9502726,geo_point_2d
46036,39.9075142,-1.0273966,geo_point_2d
46127,38.9146347,-0.1630561,geo_point_2d
46208,38.9340103,-0.1693149,geo_point_2d
46098,39.1590254,-0.3525349,geo_point_2d
46205,39.6180056,-0.3058172,geo_point_2d
46052,39.734242,-0.23679,geo_point_2d
46158,39.3478706,-0.7959938,geo_point_2d
46228,39.6846366,-0.4553511,geo_point_2d
46240,38.8980981,-0.3132679,geo_point_2d
46002,38.9236843,-0.2417356,geo_point_2d
46048,38.953121,-0.1524941,geo_point_2d
46191,39.5963454,-0.7273945,geo_point_2d
46103,39.7285605,-0.2385323,geo_point_2d
46078,39.50809,-0.4112204,geo_point_2d
46161,39.7238658,-0.5495846,geo_point_2d
46212,39.3135122,-0.6225142,geo_point_2d
46143,39.0367821,-0.2287703,geo_point_2d
46033,38.9258197,-0.2868171,geo_point_2d
46054,39.4222281,-0.3978627,geo_point_2d
46169,39.4760051,-0.4214658,geo_point_2d
46047,38.8641557,-0.4636194,geo_point_2d
46093,39.2553612,-0.6084562,geo_point_2d
46105,39.1628943,-0.2594184,geo_point_2d
46198,38.9147408,-0.1902985,geo_point_2d
46055,38.9343931,-0.1915288,geo_point_2d
46092,40.1285269,-1.3357748,geo_point_2d
46069,38.9084398,-0.4814136,geo_point_2d
46116,39.5623822,-0.5259314,geo_point_2d
46239,39.1116558,-0.9823867,geo_point_2d
46128,38.8257245,-0.892414,geo_point_2d
46210,38.864657,-0.4087767,geo_point_2d
46102,39.4722916,-0.495638,geo_point_2d
46151,39.0100865,-0.4698758,geo_point_2d
46183,38.9145952,-0.5449659,geo_point_2d
46245,39.7317165,-0.3833363,geo_point_2d
46121,39.0171999,-0.6168788,geo_point_2d
46027,38.9064406,-0.5024456,geo_point_2d
46099,39.2493393,-0.9386539,geo_point_2d
46131,38.9843388,-0.2153558,geo_point_2d
46024,39.7712447,-0.346836,geo_point_2d
46904,39.1850708,-0.3875314,geo_point_2d
46104,38.9692959,-0.3852456,geo_point_2d
46096,38.9856639,-0.5959207,geo_point_2d
46146,39.0131802,-0.2258185,geo_point_2d
46233,39.2813401,-0.3771023,geo_point_2d
46132,38.9859183,-0.4650628,geo_point_2d
46032,39.5141546,-0.3503755,geo_point_2d
46184,38.8126954,-0.6552011,geo_point_2d
46056,38.8513357,-0.4229686,geo_point_2d
46057,38.9193474,-0.3311244,geo_point_2d
46034,38.945251,-0.1798056,geo_point_2d
46137,38.9911436,-0.5584975,geo_point_2d
46145,39.0027179,-0.5118155,geo_point_2d
46171,39.5628971,-0.3965378,geo_point_2d
46001,40.0695568,-1.2290753,geo_point_2d
46231,39.0418845,-0.3399172,geo_point_2d
46080,39.6365816,-1.3781684,geo_point_2d
46252,40.0544653,-1.3549342,geo_point_2d
46253,38.9881671,-0.5570049,geo_point_2d
46115,39.2871468,-0.7743291,geo_point_2d
46199,39.5726499,-0.3100049,geo_point_2d
46053,39.0705173,-0.5487646,geo_point_2d
46235,39.2400577,-0.3083404,geo_point_2d
46136,39.4261106,-0.6663447,geo_point_2d
46194,39.3474537,-0.4860898,geo_point_2d
46081,38.9498581,-0.5859185,geo_point_2d
46005,39.4514989,-0.4707687,geo_point_2d
46168,38.9548109,-0.1355664,geo_point_2d
46251,38.8998094,-0.6887337,geo_point_2d
46084,39.0600009,-0.5720747,geo_point_2d
46147,39.6904564,-0.6589075,geo_point_2d
46094,39.3963708,-0.3946838,geo_point_2d
46017,39.1369734,-0.4507719,geo_point_2d
46135,39.5355814,-0.4266399,geo_point_2d
46134,39.670092,-0.3366275,geo_point_2d
46037,38.9340996,-0.1533711,geo_point_2d
46263,39.1001046,-1.1177187,geo_point_2d
46088,40.0144115,-1.2611261,geo_point_2d
46129,39.5782355,-1.3681142,geo_point_2d
46089,39.7034878,-0.7435296,geo_point_2d
46070,39.5998192,-0.4630792,geo_point_2d
46244,39.4176352,-0.5223464,geo_point_2d
46009,39.5500073,-0.3509227,geo_point_2d
46013,39.5004478,-0.3370963,geo_point_2d
46176,39.3326505,-0.6523436,geo_point_2d
46025,39.5390092,-0.3810215,geo_point_2d
46226,38.9184889,-0.4715239,geo_point_2d
46249,39.616999,-1.2227337,geo_point_2d
46007,39.3927007,-0.4174516,geo_point_2d
46018,39.8037874,-0.6787245,geo_point_2d
46193,39.4339024,-0.4362176,geo_point_2d
47209,42.0163209,-5.211063,geo_point_2d
47164,41.8057257,-5.1613221,geo_point_2d
47112,41.355599,-4.591621,geo_point_2d
47182,41.4793821,-4.7895237,geo_point_2d
47040,42.1367697,-5.314464,geo_point_2d
47143,41.7001151,-4.0751036,geo_point_2d
47152,41.8949004,-5.277957,geo_point_2d
47042,41.6800304,-5.3132878,geo_point_2d
47125,41.8109211,-5.2612198,geo_point_2d
47220,41.7741662,-5.2836377,geo_point_2d
47028,42.1700509,-5.1634432,geo_point_2d
47216,41.5976384,-4.9270488,geo_point_2d
47148,41.7416388,-5.3431279,geo_point_2d
47131,41.5330054,-4.0451064,geo_point_2d
47008,41.2069453,-4.679082,geo_point_2d
47199,42.0803501,-5.1233624,geo_point_2d
47123,41.3242028,-4.830328,geo_point_2d
47126,41.1836684,-4.6580497,geo_point_2d
47173,41.5847922,-4.4795734,geo_point_2d
47213,41.60544,-5.2077518,geo_point_2d
47222,41.926622,-5.0149322,geo_point_2d
47101,41.3662511,-5.0932942,geo_point_2d
47138,41.2151914,-4.9225139,geo_point_2d
47193,41.5159395,-4.7615437,geo_point_2d
47187,42.1902175,-5.1255655,geo_point_2d
47083,41.5432493,-4.9545741,geo_point_2d
47004,41.2981841,-5.2291274,geo_point_2d
47097,41.6305683,-5.1797199,geo_point_2d
47155,41.6989031,-4.667897,geo_point_2d
47002,41.2944723,-4.6371889,geo_point_2d
47228,41.3179908,-5.0223911,geo_point_2d
47068,41.2472597,-4.6415086,geo_point_2d
47102,41.2665586,-5.0840712,geo_point_2d
47156,41.2201368,-4.870576,geo_point_2d
47015,42.0934521,-5.2105222,geo_point_2d
47073,42.1206355,-4.9517022,geo_point_2d
47215,41.9430784,-5.2018994,geo_point_2d
47001,41.6457378,-5.1248519,geo_point_2d
47124,41.3729398,-4.8315906,geo_point_2d
47167,41.2190911,-5.2671364,geo_point_2d
47057,41.817592,-4.6038022,geo_point_2d
47178,41.7293759,-5.185402,geo_point_2d
47065,41.183674,-5.1610263,geo_point_2d
47052,41.5946519,-4.6531208,geo_point_2d
47023,41.539204,-4.7203893,geo_point_2d
47030,41.4977871,-4.2205421,geo_point_2d
47139,41.4087532,-4.9948293,geo_point_2d
47121,41.4388909,-5.1292399,geo_point_2d
47171,41.6567655,-5.0122357,geo_point_2d
47093,41.5124654,-4.4477294,geo_point_2d
47106,41.5651033,-4.0365805,geo_point_2d
47229,42.0527924,-5.22822,geo_point_2d
47113,41.5296638,-5.209142,geo_point_2d
47181,41.8459981,-4.9677161,geo_point_2d
47218,41.5078696,-4.85424,geo_point_2d
47043,41.7566369,-5.0537722,geo_point_2d
47149,41.6894358,-5.0277175,geo_point_2d
47091,42.244633,-5.2040528,geo_point_2d
47231,41.6545402,-4.7978362,geo_point_2d
47019,41.9476104,-5.0959891,geo_point_2d
47150,41.4730966,-5.2865216,geo_point_2d
47086,41.8715892,-5.0147802,geo_point_2d
47116,41.6617215,-4.2077829,geo_point_2d
47175,41.5887343,-4.5868433,geo_point_2d
47210,41.5314728,-5.1515594,geo_point_2d
47006,41.4460623,-4.6197995,geo_point_2d
47082,41.4104632,-4.7735165,geo_point_2d
47044,41.6787763,-4.5901753,geo_point_2d
47205,41.8962879,-5.2125381,geo_point_2d
47081,41.5798714,-5.1426019,geo_point_2d
47012,41.4806567,-4.2711493,geo_point_2d
47140,42.2124317,-5.2057479,geo_point_2d
47204,41.4340795,-5.3151429,geo_point_2d
47206,41.7249116,-4.3190316,geo_point_2d
47225,41.6327794,-5.0640389,geo_point_2d
47223,41.7239132,-5.251561,geo_point_2d
47046,42.1182025,-5.1740435,geo_point_2d
47041,41.640969,-4.953561,geo_point_2d
47011,41.1864233,-4.7736094,geo_point_2d
47104,41.2923942,-4.7172367,geo_point_2d
47192,41.4170579,-4.8301271,geo_point_2d
47009,41.7512518,-4.2958477,geo_point_2d
47114,41.596551,-4.122966,geo_point_2d
47095,41.2779715,-4.820486,geo_point_2d
47084,42.1725894,-5.3011307,geo_point_2d
47130,41.8695023,-4.6661038,geo_point_2d
47224,41.6882637,-4.5521827,geo_point_2d
47151,41.6200221,-5.0784556,geo_point_2d
47117,41.7253246,-4.437385,geo_point_2d
47076,41.5732395,-4.7169703,geo_point_2d
47227,41.6975046,-5.2768175,geo_point_2d
47154,41.5631884,-4.4196442,geo_point_2d
47145,41.4429198,-4.4749558,geo_point_2d
47063,41.518249,-4.1535165,geo_point_2d
47060,41.753996,-4.091029,geo_point_2d
47045,41.4005619,-5.2616931,geo_point_2d
47069,41.6083597,-5.091488,geo_point_2d
47180,41.6388845,-4.056205,geo_point_2d
47070,42.0418036,-4.9726798,geo_point_2d
47165,41.5058144,-5.005804,geo_point_2d
47166,41.4786171,-5.1348279,geo_point_2d
47016,41.6210684,-5.2909046,geo_point_2d
47003,41.9800545,-5.1913746,geo_point_2d
47080,41.585944,-4.2017633,geo_point_2d
47087,41.4046664,-4.5849404,geo_point_2d
47172,41.4802175,-4.3531719,geo_point_2d
47056,41.674691,-4.055915,geo_point_2d
47055,41.8027111,-4.6805734,geo_point_2d
47200,41.7351149,-4.2677288,geo_point_2d
47188,41.5945204,-5.113157,geo_point_2d
47217,41.7019624,-4.843729,geo_point_2d
47157,41.6084883,-4.4200966,geo_point_2d
47029,41.8486834,-5.2816204,geo_point_2d
47160,41.3699844,-5.1827678,geo_point_2d
47196,42.0139431,-4.9926357,geo_point_2d
47194,41.4547488,-4.3865275,geo_point_2d
47129,41.602324,-4.3496715,geo_point_2d
47105,41.6862643,-4.5163644,geo_point_2d
47109,41.928295,-5.1392888,geo_point_2d
47051,41.6445738,-4.8613737,geo_point_2d
47226,41.6601478,-4.4436912,geo_point_2d
47020,41.1828338,-5.029756,geo_point_2d
47103,41.6481059,-4.3634929,geo_point_2d
47219,42.1499552,-5.0968998,geo_point_2d
47127,41.6073017,-4.2573879,geo_point_2d
47177,42.1065858,-5.283986,geo_point_2d
47075,41.344321,-4.5278262,geo_point_2d
47186,41.6616462,-4.7773694,geo_point_2d
47099,41.7835631,-4.9453431,geo_point_2d
47005,41.3814438,-4.6714737,geo_point_2d
47211,42.1757246,-5.1950621,geo_point_2d
47007,41.5276198,-4.6358366,geo_point_2d
47141,41.1422046,-4.8638011,geo_point_2d
47038,41.5840988,-4.008919,geo_point_2d
47033,41.5080542,-4.1151084,geo_point_2d
47090,41.4292495,-4.6807124,geo_point_2d
47161,41.5917828,-4.8333874,geo_point_2d
47184,41.8022436,-4.5286651,geo_point_2d
47032,41.4764107,-4.5090155,geo_point_2d
47035,41.2031182,-5.1030105,geo_point_2d
47062,41.7541022,-4.1833118,geo_point_2d
47018,41.5902381,-5.0156798,geo_point_2d
47079,41.273447,-4.6055392,geo_point_2d
47094,41.9838486,-5.0817971,geo_point_2d
47089,42.2742115,-5.1009657,geo_point_2d
47183,42.0433857,-5.3263916,geo_point_2d
47110,41.5394924,-4.5300304,geo_point_2d
47122,41.4787551,-4.5690123,geo_point_2d
47024,42.0090568,-5.2777684,geo_point_2d
47088,42.2481898,-5.1472906,geo_point_2d
47158,41.4377535,-4.9139828,geo_point_2d
47061,41.7530562,-4.3818736,geo_point_2d
47195,41.6276842,-4.5173861,geo_point_2d
47232,41.2673317,-4.7702292,geo_point_2d
47174,41.8230681,-4.6638006,geo_point_2d
47047,41.7482231,-4.2388514,geo_point_2d
47191,41.5828126,-4.9496919,geo_point_2d
47162,41.9802402,-5.0193513,geo_point_2d
47017,41.5558452,-5.0774029,geo_point_2d
47132,41.2313416,-4.7892415,geo_point_2d
47169,41.7827505,-4.2254469,geo_point_2d
47147,41.1566491,-4.7797381,geo_point_2d
47031,41.261583,-4.9861818,geo_point_2d
47159,41.4622697,-4.8490402,geo_point_2d
47168,41.6752559,-5.0564772,geo_point_2d
47135,41.6107706,-4.9072321,geo_point_2d
47013,41.9489857,-5.2815772,geo_point_2d
47207,41.777236,-5.1911908,geo_point_2d
47054,41.5375245,-4.3304207,geo_point_2d
47212,41.8413471,-4.8638499,geo_point_2d
47163,41.6544608,-5.2514805,geo_point_2d
47039,41.6916699,-4.3722275,geo_point_2d
47067,41.1683064,-4.9362084,geo_point_2d
47170,41.5381747,-4.1385609,geo_point_2d
47208,42.1502836,-5.1498571,geo_point_2d
47115,41.7244381,-4.9760702,geo_point_2d
47198,42.1955899,-5.0416864,geo_point_2d
47197,41.8329694,-5.1053727,geo_point_2d
47214,42.1086804,-5.0308,geo_point_2d
47048,42.0302611,-5.1419972,geo_point_2d
47146,41.5149742,-4.9110509,geo_point_2d
47021,41.2418061,-4.6855221,geo_point_2d
47142,41.6807347,-5.1485172,geo_point_2d
47221,41.7049689,-4.4816813,geo_point_2d
47230,41.6796559,-4.9134029,geo_point_2d
47049,41.1829408,-4.973658,geo_point_2d
47096,41.8564339,-5.1776372,geo_point_2d
47153,42.237795,-5.060751,geo_point_2d
47118,41.6876425,-4.1669596,geo_point_2d
47010,41.6221029,-4.7969724,geo_point_2d
47022,41.6188426,-4.0579659,geo_point_2d
47203,42.0766629,-4.9570026,geo_point_2d
47137,41.6694862,-4.1142257,geo_point_2d
47144,41.7516191,-4.5342978,geo_point_2d
47050,41.7738407,-4.7147324,geo_point_2d
47066,41.7092532,-4.758363,geo_point_2d
47119,41.7102872,-4.1443847,geo_point_2d
47036,41.5784346,-5.2510811,geo_point_2d
47064,42.1634276,-5.056064,geo_point_2d
47179,41.6623588,-4.2835662,geo_point_2d
47190,41.565848,-4.9956057,geo_point_2d
47185,41.8247913,-5.0343968,geo_point_2d
47077,41.5572239,-4.2333195,geo_point_2d
47058,42.046839,-5.0603517,geo_point_2d
47189,41.2305621,-4.9665449,geo_point_2d
47053,41.4102871,-4.5394115,geo_point_2d
47098,41.760759,-4.7785657,geo_point_2d
47128,41.9917828,-5.4558697,geo_point_2d
47085,41.3196962,-4.904364,geo_point_2d
47176,42.086254,-5.3417348,geo_point_2d
47026,42.1234897,-5.1135945,geo_point_2d
47059,41.6412971,-4.1046709,geo_point_2d
47071,41.5755295,-4.8848456,geo_point_2d
47034,41.7615139,-4.1361415,geo_point_2d
48904,43.2901734,-2.9295434,geo_point_2d
48020,43.2541142,-2.937371,geo_point_2d
48077,43.3925718,-2.9330559,geo_point_2d
48018,43.3150803,-2.4619526,geo_point_2d
48058,43.205921,-2.5393909,geo_point_2d
48068,43.4040361,-2.7087549,geo_point_2d
48097,43.2072245,-2.8675439,geo_point_2d
48079,43.3281171,-2.7297922,geo_point_2d
48094,43.1736208,-2.7793052,geo_point_2d
48017,43.4133336,-2.7548595,geo_point_2d
48054,43.3290282,-2.9860763,geo_point_2d
48048,43.3926071,-2.6530165,geo_point_2d
48057,43.3661083,-2.5073192,geo_point_2d
48040,43.3650904,-2.8936385,geo_point_2d
48003,43.2154563,-2.7202095,geo_point_2d
48072,43.0419831,-2.6549394,geo_point_2d
48901,43.3051473,-2.882353,geo_point_2d
48031,43.4072591,-2.6428146,geo_point_2d
48034,43.1886837,-2.5038531,geo_point_2d
48059,43.1264593,-2.6671242,geo_point_2d
48005,43.1492224,-2.9281124,geo_point_2d
48096,43.2045839,-3.1462771,geo_point_2d
48088,43.03023,-2.6908839,geo_point_2d
48093,43.1022239,-2.7903443,geo_point_2d
48028,43.3777842,-2.5894756,geo_point_2d
48060,43.2650721,-2.4875099,geo_point_2d
48024,43.0677459,-2.7470666,geo_point_2d
48046,43.3124328,-2.6920332,geo_point_2d
48027,43.1607079,-2.6534301,geo_point_2d
48035,43.3260613,-2.7916288,geo_point_2d
48902,43.3186216,-2.9557462,geo_point_2d
48070,43.2946473,-2.5566154,geo_point_2d
48052,43.267281,-2.7837129,geo_point_2d
48092,43.1986388,-2.8174569,geo_point_2d
48051,43.220399,-3.4405898,geo_point_2d
48084,43.3082663,-2.9991146,geo_point_2d
48036,43.2306778,-2.8346758,geo_point_2d
48013,43.2727372,-3.003401,geo_point_2d
48082,43.3333249,-3.048323,geo_point_2d
48039,43.1965304,-2.6210246,geo_point_2d
48078,43.3163643,-3.022303,geo_point_2d
48044,43.3557486,-3.0095748,geo_point_2d
48086,43.2603248,-3.1734261,geo_point_2d
48016,43.3580554,-2.9814208,geo_point_2d
48085,43.3776947,-2.9790346,geo_point_2d
48042,43.1728196,-3.0800995,geo_point_2d
48090,43.1945371,-3.2107311,geo_point_2d
48910,43.1899885,-2.6517329,geo_point_2d
48030,43.2498777,-2.470298,geo_point_2d
48095,43.1672451,-2.5255315,geo_point_2d
48908,43.3559166,-2.6850805,geo_point_2d
48015,43.2313028,-2.8881118,geo_point_2d
48063,43.3470822,-2.4871519,geo_point_2d
48004,43.3217858,-2.5109974,geo_point_2d
48001,43.1257818,-2.6223553,geo_point_2d
48083,43.3022967,-3.0575413,geo_point_2d
48912,43.2280208,-2.986833,geo_point_2d
48081,43.2758718,-2.8295542,geo_point_2d
48047,43.3304246,-2.540641,geo_point_2d
48903,43.3166573,-2.9150724,geo_point_2d
48907,43.3328782,-2.6378521,geo_point_2d
48012,43.4201398,-2.8130871,geo_point_2d
48032,43.1254594,-2.5353089,geo_point_2d
48011,43.2084734,-2.9129158,geo_point_2d
48049,43.3562007,-2.5486295,geo_point_2d
48906,43.3360782,-2.6869983,geo_point_2d
48045,43.2174003,-3.0597712,geo_point_2d
48905,43.2877472,-2.8666753,geo_point_2d
48067,43.2588577,-2.6859998,geo_point_2d
48019,43.192743,-2.5870414,geo_point_2d
48069,43.360977,-2.8357131,geo_point_2d
48913,43.3466797,-3.0884378,geo_point_2d
49052,42.1101518,-5.8197954,geo_point_2d
49094,41.9828203,-6.8909489,geo_point_2d
49226,41.2904214,-5.3393016,geo_point_2d
49267,41.5768969,-5.3951348,geo_point_2d
49257,41.965369,-5.6382054,geo_point_2d
49107,41.65733,-5.4999084,geo_point_2d
49231,42.0052061,-6.1387418,geo_point_2d
49272,41.9386599,-5.8509509,geo_point_2d
49091,41.8116147,-5.751884,geo_point_2d
49132,41.6273798,-5.7294117,geo_point_2d
49223,41.7342971,-6.5135997,geo_point_2d
49009,41.6026823,-5.8463786,geo_point_2d
49214,41.8455824,-5.9939391,geo_point_2d
49225,42.0882658,-6.1375806,geo_point_2d
49003,41.6969601,-6.3658731,geo_point_2d
49143,42.0460416,-6.5449483,geo_point_2d
49275,41.5163499,-5.8055484,geo_point_2d
49102,41.2683169,-5.6326805,geo_point_2d
49078,41.9021177,-5.8551435,geo_point_2d
49242,41.8373229,-5.6000822,geo_point_2d
49173,41.7270234,-6.4347187,geo_point_2d
49139,41.9484893,-6.1711668,geo_point_2d
49116,41.9528437,-6.0397489,geo_point_2d
49273,41.7860664,-6.4562606,geo_point_2d
49219,41.4736815,-5.436207,geo_point_2d
49029,41.9067597,-5.7944111,geo_point_2d
49247,41.526571,-6.0557308,geo_point_2d
49046,41.8982898,-5.4890179,geo_point_2d
49119,41.5871089,-5.6638086,geo_point_2d
49221,41.4904792,-6.2147443,geo_point_2d
49013,41.3022036,-5.5822717,geo_point_2d
49080,41.2442446,-5.3902815,geo_point_2d
49124,41.4575034,-6.0542888,geo_point_2d
49017,42.0549372,-6.471562,geo_point_2d
49101,41.4338021,-6.1379703,geo_point_2d
49058,41.2522543,-5.7116445,geo_point_2d
49068,41.7874444,-6.0496393,geo_point_2d
49191,41.3327392,-5.555985,geo_point_2d
49189,42.1724783,-6.6433476,geo_point_2d
49149,41.2872321,-5.8921234,geo_point_2d
49160,41.6917824,-5.5287882,geo_point_2d
49063,41.8520224,-5.869628,geo_point_2d
49200,41.9901913,-5.7413275,geo_point_2d
49004,42.1325538,-5.9196419,geo_point_2d
49187,42.0528114,-5.6359324,geo_point_2d
49079,42.1241349,-6.001011,geo_point_2d
49183,41.2742704,-6.2284931,geo_point_2d
49118,41.9225258,-5.7384608,geo_point_2d
49147,41.4887151,-5.4698335,geo_point_2d
49243,42.0902603,-5.8720286,geo_point_2d
49158,41.3664324,-5.593896,geo_point_2d
49199,41.9578047,-5.6846988,geo_point_2d
49222,41.6332294,-5.6805394,geo_point_2d
49208,41.803718,-6.24898,geo_point_2d
49244,42.115127,-5.9540266,geo_point_2d
49095,41.5713642,-5.8185706,geo_point_2d
49230,41.1501432,-5.3193154,geo_point_2d
49204,41.9361704,-5.9318558,geo_point_2d
49065,41.3105783,-6.3862067,geo_point_2d
49044,41.4106867,-5.7024892,geo_point_2d
49152,41.4093493,-5.8898608,geo_point_2d
49085,42.1381747,-6.7308187,geo_point_2d
49220,42.0932768,-5.7057746,geo_point_2d
49197,41.3439591,-5.6704113,geo_point_2d
49134,42.1459225,-6.3279883,geo_point_2d
49026,41.8821308,-5.7776782,geo_point_2d
49021,42.0045286,-5.6800146,geo_point_2d
49153,41.728871,-5.8521004,geo_point_2d
49159,42.1052942,-5.7254863,geo_point_2d
49110,41.9647761,-6.4616507,geo_point_2d
49175,41.8766741,-5.5536683,geo_point_2d
49038,41.3750003,-5.7543522,geo_point_2d
49245,41.4987802,-5.579461,geo_point_2d
49155,41.6733223,-5.734233,geo_point_2d
49069,41.8673289,-6.465557,geo_point_2d
49142,41.6119466,-5.8893602,geo_point_2d
49138,41.736612,-5.9698075,geo_point_2d
49024,41.3338664,-5.3919054,geo_point_2d
49104,41.8772132,-6.3434554,geo_point_2d
49164,41.7798873,-5.9073745,geo_point_2d
49007,41.4837093,-5.9096569,geo_point_2d
49172,41.7376719,-6.2739934,geo_point_2d
49098,41.6743427,-6.0684476,geo_point_2d
49015,42.1131916,-5.8918093,geo_point_2d
49234,41.3794881,-5.5355559,geo_point_2d
49249,41.5941737,-5.3002841,geo_point_2d
49232,41.9741458,-5.4730398,geo_point_2d
49179,42.0831682,-6.5983706,geo_point_2d
49156,41.622869,-5.359786,geo_point_2d
49177,42.0130939,-6.2342153,geo_point_2d
49123,41.6509391,-5.8153068,geo_point_2d
49084,41.3293926,-5.6289247,geo_point_2d
49262,41.9436828,-6.2917615,geo_point_2d
49011,41.9436668,-5.7117581,geo_point_2d
49250,41.8250045,-5.4064252,geo_point_2d
49032,41.968991,-6.1023375,geo_point_2d
49054,41.32019,-5.7252306,geo_point_2d
49096,41.3806189,-5.648737,geo_point_2d
49268,41.7996017,-5.6570175,geo_point_2d
49023,41.3640037,-6.0766224,geo_point_2d
49251,41.61724,-5.5433827,geo_point_2d
49174,42.0267907,-6.7741284,geo_point_2d
49090,41.4048608,-5.6280513,geo_point_2d
49148,41.3891958,-5.6899746,geo_point_2d
49205,41.9937313,-5.9181157,geo_point_2d
49259,41.9245218,-5.9805782,geo_point_2d
49127,41.4423471,-5.7260143,geo_point_2d
49067,41.9101268,-6.2036178,geo_point_2d
49237,41.6109756,-6.0256549,geo_point_2d
49092,42.0445826,-5.9179299,geo_point_2d
49207,41.8624862,-5.6970646,geo_point_2d
49266,41.8219024,-5.4827273,geo_point_2d
49042,41.7311071,-5.5565283,geo_point_2d
49031,41.3148318,-5.8129166,geo_point_2d
49270,41.5789951,-5.3393455,geo_point_2d
49190,41.7995467,-5.4938958,geo_point_2d
49224,42.1499394,-6.6756689,geo_point_2d
49064,41.4167034,-6.2636324,geo_point_2d
49039,41.4300184,-5.6723748,geo_point_2d
49114,41.5833388,-5.4998859,geo_point_2d
49163,41.5893513,-5.4441526,geo_point_2d
49111,41.6322098,-5.9386331,geo_point_2d
49167,41.9128782,-5.9230349,geo_point_2d
49229,42.0341366,-5.5260891,geo_point_2d
49131,41.4952706,-6.1403205,geo_point_2d
49193,42.0455146,-6.1154303,geo_point_2d
49037,41.2270978,-6.1400967,geo_point_2d
49252,41.9037611,-5.3584825,geo_point_2d
49112,42.0647261,-6.3524726,geo_point_2d
49018,42.1299368,-6.0795226,geo_point_2d
49184,41.6759576,-6.1606929,geo_point_2d
49166,42.0090885,-6.598879,geo_point_2d
49256,41.9702585,-5.7854127,geo_point_2d
49265,41.536113,-6.1958297,geo_point_2d
49228,41.4308771,-5.4607932,geo_point_2d
49113,42.1002236,-5.6153874,geo_point_2d
49071,41.6401095,-6.1918259,geo_point_2d
49239,41.3783733,-5.3918095,geo_point_2d
49263,41.9250305,-5.340305,geo_point_2d
49248,41.9454091,-5.4911014,geo_point_2d
49260,41.9853057,-5.4076701,geo_point_2d
49170,42.0388828,-5.84485,geo_point_2d
49020,41.7188487,-5.4357164,geo_point_2d
49206,42.0716388,-5.9847218,geo_point_2d
49061,41.4381779,-5.7639841,geo_point_2d
49169,41.9067813,-5.4131403,geo_point_2d
49209,41.7822292,-6.3588312,geo_point_2d
49176,41.8368095,-6.1829705,geo_point_2d
49010,41.4620728,-5.6929925,geo_point_2d
49168,41.8613944,-5.3361882,geo_point_2d
49012,41.440753,-6.2133711,geo_point_2d
49109,42.0336257,-5.7573208,geo_point_2d
49141,41.7094323,-5.695215,geo_point_2d
49188,41.9384523,-5.557162,geo_point_2d
49203,42.0790174,-5.8165366,geo_point_2d
49271,41.9061038,-5.6746856,geo_point_2d
49121,42.0067272,-6.3270959,geo_point_2d
49133,41.8035139,-5.8394935,geo_point_2d
49025,41.862498,-5.746951,geo_point_2d
49105,42.1169941,-5.7749,geo_point_2d
49202,41.6885335,-5.9040348,geo_point_2d
49178,41.5471655,-5.7807329,geo_point_2d
49019,41.9351014,-5.644308,geo_point_2d
49261,41.4965962,-5.6698314,geo_point_2d
49050,42.0733883,-6.719088,geo_point_2d
49162,42.1569823,-6.8458848,geo_point_2d
49135,41.5472354,-5.9946893,geo_point_2d
49016,41.670362,-5.5921742,geo_point_2d
49034,41.1721637,-5.3700134,geo_point_2d
49087,41.7410806,-6.1637846,geo_point_2d
49036,41.650443,-5.9919736,geo_point_2d
49093,41.2998199,-5.4716228,geo_point_2d
49165,41.9287803,-5.4261433,geo_point_2d
49115,41.2456858,-5.7979644,geo_point_2d
49154,42.0955376,-6.972778,geo_point_2d
49258,41.3509629,-5.7779641,geo_point_2d
49048,42.0185659,-6.4094027,geo_point_2d
49035,41.7648034,-5.509601,geo_point_2d
49126,41.1766636,-5.9819088,geo_point_2d
49145,41.9815369,-6.6881319,geo_point_2d
49117,41.9803294,-5.8709341,geo_point_2d
49238,42.0626775,-5.7090626,geo_point_2d
49246,41.7574111,-5.6120253,geo_point_2d
49171,42.0140489,-5.821289,geo_point_2d
49097,42.147577,-6.2686778,geo_point_2d
49077,41.3226849,-5.9688206,geo_point_2d
49062,42.1423212,-6.4105502,geo_point_2d
49240,41.5452096,-6.1435375,geo_point_2d
49006,41.5743979,-5.5999361,geo_point_2d
49056,41.5879296,-5.7579506,geo_point_2d
49047,41.6810206,-5.6553477,geo_point_2d
49002,41.6359726,-5.4264063,geo_point_2d
49053,41.5345301,-5.6178925,geo_point_2d
49137,41.9518734,-5.8155174,geo_point_2d
49103,41.4629441,-5.5984344,geo_point_2d
49040,41.2327951,-5.3244366,geo_point_2d
49108,41.7621881,-5.7218456,geo_point_2d
49122,41.560438,-5.7022926,geo_point_2d
49076,41.5410281,-5.5663386,geo_point_2d
49041,41.9796114,-5.5960988,geo_point_2d
49120,42.0761359,-6.198731,geo_point_2d
49227,41.5449989,-5.7479379,geo_point_2d
49033,42.0097567,-6.0160942,geo_point_2d
49255,41.2522807,-5.5713004,geo_point_2d
49043,41.9854557,-5.3471141,geo_point_2d
49130,41.9437007,-5.8884339,geo_point_2d
49066,41.8980941,-6.0642254,geo_point_2d
49028,42.040447,-5.8749127,geo_point_2d
49185,41.8971441,-5.6094959,geo_point_2d
49216,41.8545029,-5.5018761,geo_point_2d
49086,41.5989994,-5.5868358,geo_point_2d
49030,41.6749154,-5.4533179,geo_point_2d
49136,41.3671461,-6.2154302,geo_point_2d
49146,41.3424,-5.4733549,geo_point_2d
49014,41.7119026,-5.6321973,geo_point_2d
49100,42.0500254,-6.8919023,geo_point_2d
49075,42.0844996,-5.7720456,geo_point_2d
49151,41.4156317,-5.7871465,geo_point_2d
49235,41.6731813,-5.3690797,geo_point_2d
49082,42.0124085,-5.5639185,geo_point_2d
49233,41.7105052,-6.1027817,geo_point_2d
49081,41.2423921,-5.497796,geo_point_2d
49083,41.6253413,-5.4813817,geo_point_2d
49027,42.058622,-6.0483354,geo_point_2d
49059,41.2997514,-5.6631457,geo_point_2d
49186,41.7194185,-5.7872059,geo_point_2d
49201,41.9698619,-5.9682126,geo_point_2d
49022,41.6272908,-5.6222271,geo_point_2d
49236,41.9183613,-5.5858609,geo_point_2d
49125,41.4508828,-5.6417851,geo_point_2d
49129,41.5327107,-5.2929951,geo_point_2d
49241,41.2005485,-5.4551095,geo_point_2d
49057,42.1321965,-6.1720709,geo_point_2d
49150,42.0776128,-6.2666631,geo_point_2d
49088,41.4645582,-6.1742831,geo_point_2d
49210,41.4265141,-5.5720931,geo_point_2d
49099,41.7176949,-6.0413853,geo_point_2d
49264,41.3277687,-6.2749607,geo_point_2d
50156,41.8276718,-1.5486869,geo_point_2d
50024,41.4144327,-1.3206202,geo_point_2d
50141,41.8311606,-1.7708556,geo_point_2d
50102,41.1974663,0.1570736,geo_point_2d
50008,41.7722706,-1.1230728,geo_point_2d
50253,41.3282752,-1.7271158,geo_point_2d
50125,41.2159528,-1.8499571,geo_point_2d
50279,41.2718584,-1.592406,geo_point_2d
50188,41.1087723,-1.3444902,geo_point_2d
50269,41.648783,-1.2269841,geo_point_2d
50014,41.7981219,-1.6874261,geo_point_2d
50175,41.4432847,-1.4608056,geo_point_2d
50095,42.1275563,-1.1948183,geo_point_2d
50186,42.5041794,-1.1292683,geo_point_2d
50252,41.948513,-1.2019834,geo_point_2d
50185,42.2864607,-0.7759279,geo_point_2d
50202,41.4202545,-1.5518199,geo_point_2d
50208,41.509082,-0.3952406,geo_point_2d
50001,41.1347422,-1.6907901,geo_point_2d
50104,41.6812212,-0.5375375,geo_point_2d
50223,41.8469609,-1.1751769,geo_point_2d
50115,41.4717208,-0.6283257,geo_point_2d
50007,41.2477252,-1.1562941,geo_point_2d
50246,41.1806602,-2.0091108,geo_point_2d
50286,41.332328,-1.5564523,geo_point_2d
50051,42.2480889,-1.1817563,geo_point_2d
50084,41.5356118,-1.8358342,geo_point_2d
50086,41.2871223,-1.3640642,geo_point_2d
50182,41.5776925,-1.1169181,geo_point_2d
50233,41.2135174,-0.8315822,geo_point_2d
50206,41.7460817,-0.6117754,geo_point_2d
50078,42.3588136,-1.2870278,geo_point_2d
50216,41.7529182,-1.380877,geo_point_2d
50043,41.7153085,-1.1708932,geo_point_2d
50225,41.5308421,-1.4107619,geo_point_2d
50262,41.8172218,-1.1041868,geo_point_2d
50221,41.6910572,-1.7672335,geo_point_2d
50263,41.4689689,-1.8994109,geo_point_2d
50282,41.2822902,-1.723586,geo_point_2d
50042,41.0765489,-1.4821882,geo_point_2d
50147,41.8189858,-1.2600201,geo_point_2d
50006,41.7720577,-1.5303959,geo_point_2d
50116,41.2262293,-1.5480434,geo_point_2d
50271,41.0299292,-1.5806448,geo_point_2d
50163,41.5107546,-0.9914052,geo_point_2d
50153,41.8122086,-1.395759,geo_point_2d
50133,41.2081029,-0.8022706,geo_point_2d
50081,41.2763235,-1.9691735,geo_point_2d
50222,41.4062155,-0.5306522,geo_point_2d
50105,41.264399,0.3191334,geo_point_2d
50060,41.8277422,-1.6183045,geo_point_2d
50285,41.5747068,-0.5783166,geo_point_2d
50055,41.8497401,-1.5510149,geo_point_2d
50094,41.1139855,-1.4176132,geo_point_2d
50100,42.110847,-0.9780084,geo_point_2d
50026,41.4048137,-1.3805684,geo_point_2d
50136,41.1859819,-0.6941763,geo_point_2d
50108,41.1554107,-1.1914751,geo_point_2d
50140,41.8066264,-1.7617917,geo_point_2d
50228,41.6770272,-1.3486604,geo_point_2d
50160,41.8954891,-1.4287513,geo_point_2d
50077,41.9978587,-1.0059845,geo_point_2d
50270,42.5473992,-1.1060026,geo_point_2d
50027,41.7694597,-1.6216303,geo_point_2d
50298,41.9080236,-0.8178021,geo_point_2d
50050,41.5265553,-1.9231853,geo_point_2d
50220,42.1516612,-0.7735543,geo_point_2d
50196,41.3068351,-1.4629133,geo_point_2d
50079,41.4169198,-1.7473789,geo_point_2d
50292,41.2028767,-1.2626764,geo_point_2d
50198,41.6067137,-1.6992361,geo_point_2d
50250,41.724714,-1.6641536,geo_point_2d
50019,41.3470996,-0.3882872,geo_point_2d
50278,41.3886797,-0.3862592,geo_point_2d
50011,41.8263634,-1.5007817,geo_point_2d
50288,41.78884,-0.8613911,geo_point_2d
50106,41.8763786,-1.7912171,geo_point_2d
50213,41.1111217,-0.9593558,geo_point_2d
50903,41.6931439,-0.739623,geo_point_2d
50283,41.1655059,-1.275641,geo_point_2d
50157,41.9521252,-1.6688457,geo_point_2d
50004,41.3360035,-1.289014,geo_point_2d
50264,41.3067328,-1.108662,geo_point_2d
50229,41.2811699,-1.4559951,geo_point_2d
50204,41.7600881,-1.2614922,geo_point_2d
50293,41.4911178,-1.7837761,geo_point_2d
50172,41.2876054,-2.1160267,geo_point_2d
50052,41.8555629,-1.4132398,geo_point_2d
50238,42.2677857,-0.7822704,geo_point_2d
50020,41.2981552,-1.901717,geo_point_2d
50045,41.3321495,-0.7063554,geo_point_2d
50129,41.1931659,-1.8975721,geo_point_2d
50215,41.352403,-2.1282559,geo_point_2d
50012,41.3390195,-0.3551327,geo_point_2d
50090,41.093639,-1.6304243,geo_point_2d
50207,42.1252255,-0.7906757,geo_point_2d
50038,41.346735,-1.8101145,geo_point_2d
50170,41.6267696,-0.4205661,geo_point_2d
50114,41.3548566,-0.9259443,geo_point_2d
50177,41.4753463,-1.566443,geo_point_2d
50075,41.1840688,-1.6523172,geo_point_2d
50194,41.2252013,-1.6631559,geo_point_2d
50265,41.8238134,-1.734293,geo_point_2d
50047,41.5679071,-1.9579358,geo_point_2d
50195,41.1049352,-1.5059035,geo_point_2d
50205,42.0293314,-0.8781207,geo_point_2d
50166,41.5775194,-1.5414082,geo_point_2d
50200,41.2738179,-1.2030719,geo_point_2d
50098,41.2860308,-1.2767667,geo_point_2d
50069,41.664026,-1.7205596,geo_point_2d
50113,41.7329772,-1.4599546,geo_point_2d
50154,41.2082517,-1.3062023,geo_point_2d
50236,41.3750067,-1.4246832,geo_point_2d
50245,42.6240556,-1.0282843,geo_point_2d
50009,41.2068287,-1.6144903,geo_point_2d
50155,41.5822991,-1.8793223,geo_point_2d
50237,41.8814519,-1.7570327,geo_point_2d
50901,42.3691252,-0.9126514,geo_point_2d
50212,41.7133708,-1.1998296,geo_point_2d
50117,40.9961335,-1.5209829,geo_point_2d
50218,41.3951956,-0.8416581,geo_point_2d
50028,41.0706194,-1.323799,geo_point_2d
50118,41.8632125,-1.3225561,geo_point_2d
50032,41.518785,-1.5019873,geo_point_2d
50059,41.4502211,-0.1403831,geo_point_2d
50063,41.8935689,-1.5997143,geo_point_2d
50149,41.1640975,-1.1444754,geo_point_2d
50284,41.1852078,-1.4994036,geo_point_2d
50168,42.5890576,-0.9421747,geo_point_2d
50260,41.5903212,-1.9476038,geo_point_2d
50110,41.404624,-1.4922938,geo_point_2d
50039,41.2391329,-0.9061736,geo_point_2d
50291,41.1676616,-1.0128765,geo_point_2d
50073,41.3504857,-1.2084755,geo_point_2d
50015,41.2024584,-2.1059569,geo_point_2d
50016,41.0595,-1.7105697,geo_point_2d
50087,41.2804476,-1.9275294,geo_point_2d
50096,41.3737106,-1.9701344,geo_point_2d
50099,41.5882592,-1.3124021,geo_point_2d
50010,41.8025604,-1.461958,geo_point_2d
50025,41.4716297,-1.3600547,geo_point_2d
50199,41.5361771,-0.5662054,geo_point_2d
50056,41.4896331,-1.0311327,geo_point_2d
50068,41.5219786,-1.300069,geo_point_2d
50162,41.2833752,-1.5242892,geo_point_2d
50148,42.367219,-1.0171484,geo_point_2d
50120,41.2623998,-1.8710527,geo_point_2d
50041,42.5398217,-0.9407078,geo_point_2d
50138,41.0814601,-1.2809665,geo_point_2d
50232,42.6843229,-0.9582124,geo_point_2d
50128,42.4838291,-1.0581236,geo_point_2d
50080,41.2194794,-1.2150006,geo_point_2d
50273,41.0628624,-1.4206498,geo_point_2d
50021,41.2840644,-0.5516444,geo_point_2d
50135,42.30012,-1.2466155,geo_point_2d
50178,41.3962992,-1.8375812,geo_point_2d
50111,41.8840981,-1.4594877,geo_point_2d
50184,41.158527,-1.4950464,geo_point_2d
50235,41.8359836,-0.7314011,geo_point_2d
50035,42.5899845,-0.992227,geo_point_2d
50126,41.536427,-1.6293532,geo_point_2d
50109,42.2826699,-0.9329608,geo_point_2d
50183,41.243044,-1.719291,geo_point_2d
50076,41.2972157,-1.818962,geo_point_2d
50167,41.4122032,-1.0702507,geo_point_2d
50123,41.7456918,-1.1601955,geo_point_2d
50179,41.152536,-0.9236814,geo_point_2d
50029,41.4773508,-1.7067879,geo_point_2d
50181,41.4728198,-1.1269623,geo_point_2d
50091,40.9618271,-1.5644676,geo_point_2d
50022,41.5413326,-0.2426507,geo_point_2d
50082,41.0935816,-1.7705593,geo_point_2d
50093,41.4826634,-1.4814795,geo_point_2d
50211,41.6923512,-1.2640462,geo_point_2d
50013,41.8170196,-1.1820594,geo_point_2d
50057,41.5249268,-1.5936524,geo_point_2d
50092,41.2571441,-0.1715797,geo_point_2d
50137,41.8375802,-0.6157174,geo_point_2d
50266,41.6570177,-1.6262072,geo_point_2d
50287,41.4228606,-1.8774858,geo_point_2d
50261,41.8959196,-1.7689414,geo_point_2d
50272,41.7142006,-1.0001089,geo_point_2d
50139,41.234691,-0.78858,geo_point_2d
50053,41.8387105,-1.2748898,geo_point_2d
50037,41.1438251,-1.556258,geo_point_2d
50058,41.3253304,-1.8721487,geo_point_2d
50083,41.340789,-0.3686764,geo_point_2d
50152,41.1160611,0.1015766,geo_point_2d
50171,41.1398888,-0.8215386,geo_point_2d
50294,41.1440924,-1.3267598,geo_point_2d
50244,42.0443524,-0.9328212,geo_point_2d
50239,41.0346804,-1.5100051,geo_point_2d
50089,41.586069,-0.9288943,geo_point_2d
50173,41.1606293,-1.7547944,geo_point_2d
50209,41.7283517,-1.0870581,geo_point_2d
50190,41.946412,-1.7123923,geo_point_2d
50034,41.3233733,-2.0449029,geo_point_2d
50224,41.159527,-1.3783182,geo_point_2d
50902,42.0811715,-0.7824042,geo_point_2d
50088,41.3670187,-1.3049587,geo_point_2d
50122,41.8664318,-1.7240093,geo_point_2d
50197,42.2630647,-1.0087134,geo_point_2d
50023,41.2839107,-0.811933,geo_point_2d
50018,41.4607499,-1.2324054,geo_point_2d
50044,41.6769519,-1.1900465,geo_point_2d
50240,41.3503415,-0.2591208,geo_point_2d
50143,41.3907132,-1.1543121,geo_point_2d
50243,41.4849792,-1.6310621,geo_point_2d
50072,41.2618869,-1.7946786,geo_point_2d
50174,41.2076897,-1.5173466,geo_point_2d
50002,41.1597622,-1.6022607,geo_point_2d
50132,41.7479264,-1.0752938,geo_point_2d
50256,41.0176223,-1.659405,geo_point_2d
50191,41.9157031,-1.3759938,geo_point_2d
50289,41.0814538,-1.3840227,geo_point_2d
50017,41.6321397,-0.6488201,geo_point_2d
50142,42.4750992,-1.0104002,geo_point_2d
50242,41.3560755,-1.5153745,geo_point_2d
50251,41.9106811,-1.747885,geo_point_2d
50180,41.4787537,-1.0532852,geo_point_2d
50247,41.7427203,-1.0293105,geo_point_2d
50268,42.5779273,-1.1530372,geo_point_2d
50124,41.218038,-1.0597812,geo_point_2d
50071,41.1301836,-1.8447016,geo_point_2d
50231,41.5614919,-1.3241805,geo_point_2d
50119,41.4306343,-0.3981658,geo_point_2d
50248,42.463878,-1.2343859,geo_point_2d
50062,41.5658844,-0.7230806,geo_point_2d
50201,41.3020803,-1.6526618,geo_point_2d
50107,41.7677784,-1.1786178,geo_point_2d
50131,41.426445,-0.976042,geo_point_2d
50249,41.6829262,-1.5236906,geo_point_2d
50274,41.0435217,-1.4533407,geo_point_2d
50277,41.2985916,-1.7452716,geo_point_2d
50067,41.376114,-1.6248717,geo_point_2d
50214,41.6361068,-1.8418256,geo_point_2d
50065,41.2173287,-2.0417606,geo_point_2d
50276,42.1566312,-0.8509827,geo_point_2d
50280,41.8312836,-1.6807609,geo_point_2d
50031,41.5901804,-1.7861449,geo_point_2d
50275,41.4491828,-0.8850076,geo_point_2d
50130,41.5640811,-1.6934698,geo_point_2d
50066,41.5496979,-0.9564267,geo_point_2d
50036,42.2698624,-1.0557275,geo_point_2d
50297,41.6807801,-0.9275578,geo_point_2d
50101,41.2573005,-0.2729026,geo_point_2d
50259,41.2419239,-2.1265866,geo_point_2d
50146,41.5534051,-1.2981456,geo_point_2d
50255,41.3453896,-1.3913065,geo_point_2d
50189,41.2123629,0.2429941,geo_point_2d
50281,41.9304953,-1.6839708,geo_point_2d
50003,41.8466919,-1.4352383,geo_point_2d
50144,42.4760524,-0.9323715,geo_point_2d
50005,41.2900241,-1.0165119,geo_point_2d
50150,41.6423976,-1.3542747,geo_point_2d
50134,41.2183985,-1.3977859,geo_point_2d
50151,42.1632379,-0.9258613,geo_point_2d
50258,41.2203624,-1.3410511,geo_point_2d
50296,41.3310954,-0.4453448,geo_point_2d
50040,41.1530335,-1.2387893,geo_point_2d
50227,41.1218148,-1.2873149,geo_point_2d
50070,41.1666252,-1.926853,geo_point_2d
50192,41.2022782,-1.7762148,geo_point_2d
50257,41.4225753,-1.675708,geo_point_2d
50159,41.2740316,-1.6299216,geo_point_2d
50054,41.4103427,-2.0777879,geo_point_2d
50187,41.5583258,-1.5059411,geo_point_2d
50295,41.2107663,-1.1599422,geo_point_2d
50061,41.7977822,-1.4905153,geo_point_2d
50176,41.247805,-1.5819665,geo_point_2d
50161,41.1546241,-1.4546161,geo_point_2d
50217,41.8735432,-1.1862636,geo_point_2d
50121,41.5497243,-1.6548171,geo_point_2d
50230,42.2713773,-1.3322375,geo_point_2d
50267,42.3651659,-1.153756,geo_point_2d
50074,41.2552054,-0.0326754,geo_point_2d
51001,35.8935992,-5.3428976,geo_point_2d
52001,35.2910461,-2.9504617,geo_point_2d
18158,37.23378,-3.82005,capital_geonames
18084,37.11906,-3.584,nucleo_mas_poblado
30030,38.02805,-1.04919,capital_geonames
30030,38.01389,-1.08105,capital_geonames
16276,39.76667,-1.71667,capital_geonames
12126,39.85,-0.18333,nucleo_mas_poblado
02082,39.33333,-1.3,capital_geonames
23903,37.91017,-3.6621,nucleo_mas_poblado
46257,39.07741,-0.51167,nucleo_mas_poblado
16060,39.36667,-2.13333,capital_geonames
16060,39.3,-2.06667,nucleo_mas_poblado
45186,39.61505,-3.21915,nucleo_mas_poblado
13042,39.18624,-4.02576,nucleo_mas_poblado
46111,39.54595,-0.57069,nucleo_mas_poblado
45182,39.61033,-4.23128,nucleo_mas_poblado
23025,38.25422,-3.13179,nucleo_mas_poblado
35028,28.92313,-13.66579,nucleo_mas_poblado
23092,37.98844,-3.17195,capital_geonames
13034,38.98626,-3.92907,capital_geonames
38050,28.17944,-17.26664,nucleo_mas_poblado
46251,38.87598,-0.7515,nucleo_mas_poblado
46250,39.47391,-0.37966,capital_geonames
29071,36.75835,-4.24235,nucleo_mas_poblado
23065,38.35293,-2.73956,nucleo_mas_poblado
03105,38.40164,-1.04196,nucleo_mas_poblado
03092,38.7812,-0.43608,nucleo_mas_poblado
23043,37.88661,-3.18901,nucleo_mas_poblado
06133,38.79037,-6.3767,nucleo_mas_poblado
03083,38.60641,-0.41862,nucleo_mas_poblado
13084,38.73669,-3.01219,nucleo_mas_poblado
03131,38.8212,-0.05171,nucleo_mas_poblado
02003,38.99424,-1.85643,capital_geonames
38053,28.60906,-17.77801,nucleo_mas_poblado
18105,37.49591,-3.50929,capital_geonames
18105,37.47414,-3.55225,capital_geonames
38023,28.4853,-16.32014,nucleo_mas_poblado
35020,27.9891,-15.78126,nucleo_mas_poblado
30015,38.10558,-1.86343,nucleo_mas_poblado
11035,36.18482,-5.49213,nucleo_mas_poblado
06130,38.98333,-4.93333,capital_geonames
10180,40.0606,-5.37832,capital_geonames
35019,27.91174,-15.54071,nucleo_mas_poblado
38901,27.64134,-17.98179,nucleo_mas_poblado
46236,39.1,-0.63333,capital_geonames
46234,39.63333,-0.9,capital_geonames
23084,38.21896,-2.98069,nucleo_mas_poblado
07051,39.57715,3.37205,nucleo_mas_poblado
16199,39.75,-1.96667,nucleo_mas_poblado
18099,37.22091,-3.51634,nucleo_mas_poblado
46223,39.43333,-0.38333,capital_geonames
38041,28.46667,-16.41667,nucleo_mas_poblado
35022,27.84636,-15.44455,nucleo_mas_poblado
06123,39.25063,-7.15017,nucleo_mas_poblado
07902,39.9175,4.03653,nucleo_mas_poblado
18175,37.18856,-3.71887,nucleo_mas_poblado
16196,39.48333,-2.86667,nucleo_mas_poblado
06029,38.53089,-5.92513,nucleo_mas_poblado
07046,39.01431,1.37377,capital_geonames
04015,37.01727,-2.60362,nucleo_mas_poblado
13072,39.46363,-4.41363,nucleo_mas_poblado
03059,38.24994,-0.80975,nucleo_mas_poblado
06114,38.92592,-5.14671,nucleo_mas_poblado
38033,28.77807,-17.76459,nucleo_mas_poblado
46220,39.68333,-0.26667,nucleo_mas_poblado
46216,39.53333,-0.4,capital_geonames
16158,39.45,-2.08333,nucleo_mas_poblado
45146,39.74356,-4.75541,nucleo_mas_poblado
13066,38.58333,-3.83333,nucleo_mas_poblado
46197,39.2,-0.36667,capital_geonames
45133,39.86297,-4.35917,nucleo_mas_poblado
46192,39.68333,-0.3,capital_geonames
11008,36.19283,-5.4307,nucleo_mas_poblado
03098,38.56397,-0.26299,nucleo_mas_poblado
04902,36.70063,-2.78984,nucleo_mas_poblado
11019,36.8158,-5.29803,capital_geonames
46172,39.36667,-0.6,nucleo_mas_poblado
46167,39.25,-0.76667,capital_geonames
45100,39.92553,-4.50231,nucleo_mas_poblado
46166,39.53333,-0.33333,capital_geonames
12022,39.90985,-0.70693,nucleo_mas_poblado
06077,38.11667,-5.68333,capital_geonames
46153,38.91667,-0.28333,capital_geonames
46152,39.41667,-0.38333,nucleo_mas_poblado
04046,36.99516,-2.89033,nucleo_mas_poblado
03077,38.30844,-0.8533,nucleo_mas_poblado
04021,37.29233,-2.4373,nucleo_mas_poblado
23021,38.27559,-3.61535,nucleo_mas_poblado
41052,37.3535,-5.22477,nucleo_mas_poblado
04031,37.29192,-2.1292,capital_geonames
46137,38.99802,-0.56399,nucleo_mas_poblado
41011,37.26273,-5.5453,nucleo_mas_poblado
13027,38.70339,-3.77561,nucleo_mas_poblado
18093,36.72569,-3.355,nucleo_mas_poblado
03082,38.78333,0.16667,nucleo_mas_poblado
03081,38.74063,-0.01129,nucleo_mas_poblado
07026,38.91863,1.46026,capital_geonames
46141,39.78333,-0.85,capital_geonames
46140,38.96125,-0.14809,nucleo_mas_poblado
10082,39.71082,-6.55034,nucleo_mas_poblado
14028,38.41667,-5.03333,capital_geonames
46126,39.53333,-0.35,capital_geonames
46125,39.18333,-0.3,capital_geonames
03137,38.75494,-0.10903,nucleo_mas_poblado
46123,39.11667,-0.28333,capital_geonames
46122,39.71667,-0.25,nucleo_mas_poblado
46035,39.28333,-0.41667,capital_geonames
46117,39.55,-0.33333,capital_geonames
41903,36.85298,-6.03785,nucleo_mas_poblado
03060,38.72415,-0.31669,nucleo_mas_poblado
46101,39.73333,-0.26667,nucleo_mas_poblado
46096,38.98333,-0.56667,capital_geonames
46090,38.88333,-0.36667,capital_geonames
13030,38.84522,-4.06339,nucleo_mas_poblado
14011,38.4,-5.43333,nucleo_mas_poblado
03042,38.73273,0.14354,nucleo_mas_poblado
46068,38.83333,-0.51667,capital_geonames
46061,38.92813,-0.17816,capital_geonames
10023,39.18567,-6.16172,nucleo_mas_poblado
13021,39.15401,-4.54371,nucleo_mas_poblado
03017,38.76667,-0.41667,nucleo_mas_poblado
29004,36.9957,-4.26064,capital_geonames
46023,38.93333,-0.25,capital_geonames
46020,38.96667,-0.58333,nucleo_mas_poblado
46016,39.06667,-0.55,capital_geonames
06003,38.26667,-5.85,capital_geonames
09421,41.63158,-3.49162,nucleo_mas_poblado
39052,43.35285,-3.95025,nucleo_mas_poblado
33033,43.16089,-5.82878,nucleo_mas_poblado
31050,43.26727,-1.50389,capital_geonames
31050,43.14829,-1.51785,nucleo_mas_poblado
09902,42.48034,-3.78269,nucleo_mas_poblado
31088,42.73258,-1.56152,nucleo_mas_poblado
31013,42.77295,-2.13363,nucleo_mas_poblado
31193,42.8238,-1.70485,nucleo_mas_poblado
33077,43.44859,-6.70534,nucleo_mas_poblado
27023,42.61667,-7.45,nucleo_mas_poblado
15093,43.00993,-8.92399,nucleo_mas_poblado
48062,43.28333,-2.63333,nucleo_mas_poblado
01063,42.95686,-2.81945,nucleo_mas_poblado
42021,41.49562,-2.20161,nucleo_mas_poblado
32027,42.21667,-8.13333,nucleo_mas_poblado
33025,43.61517,-5.79344,nucleo_mas_poblado
31153,43.28177,-1.68632,nucleo_mas_poblado
31085,42.8,-1.78333,nucleo_mas_poblado
31086,42.82562,-1.61671,nucleo_mas_poblado
31260,42.70161,-1.93806,capital_geonames
39076,43.38903,-4.10844,nucleo_mas_poblado
22173,42.33662,-0.75301,nucleo_mas_poblado
15061,43.68333,-7.85,nucleo_mas_poblado
01060,42.56809,-2.47038,nucleo_mas_poblado
22107,42.58788,-0.02234,nucleo_mas_poblado
15014,43.16667,-8.91667,nucleo_mas_poblado
33049,43.34821,-5.36407,nucleo_mas_poblado
15902,43.17282,-8.20061,nucleo_mas_poblado
09410,43.10017,-3.28253,nucleo_mas_poblado
48023,43.13333,-2.78333,nucleo_mas_poblado
48050,43.15,-2.63333,capital_geonames
27017,42.62865,-7.14523,nucleo_mas_poblado
48037,43.25,-3.1,nucleo_mas_poblado
15052,43.10414,-9.21791,nucleo_mas_poblado
31092,42.95,-1.45,nucleo_mas_poblado
15079,42.86667,-8.03333,nucleo_mas_poblado
33017,43.53943,-7.02559,nucleo_mas_poblado
33040,43.36667,-5.5,nucleo_mas_poblado
08150,42.06174,2.25528,nucleo_mas_poblado
49005,41.22749,-5.98371,nucleo_mas_poblado
36017,42.73809,-8.44106,nucleo_mas_poblado
15006,42.93333,-8.15,nucleo_mas_poblado
33009,43.41621,-5.41128,nucleo_mas_poblado
01032,42.56248,-2.51343,nucleo_mas_poblado
27012,42.86932,-7.06261,nucleo_mas_poblado
15092,43.15,-9.08333,nucleo_mas_poblado
17233,41.90783,2.74727,nucleo_mas_poblado
08304,41.38333,1.65,capital_geonames
15083,42.95,-7.98333,nucleo_mas_poblado
33034,43.53916,-6.59191,nucleo_mas_poblado
09391,41.81611,-4.024,nucleo_mas_poblado
39094,42.82864,-3.86865,nucleo_mas_poblado
33032,43.24538,-5.5629,nucleo_mas_poblado
34240,41.94376,-4.85643,nucleo_mas_poblado
27043,42.81667,-7.53333,nucleo_mas_poblado
39026,43.19374,-3.91799,nucleo_mas_poblado
32050,41.88554,-7.47216,nucleo_mas_poblado
09471,42.39595,-3.63888,nucleo_mas_poblado
31158,42.78633,-1.37252,nucleo_mas_poblado
09091,42.28807,-4.13876,nucleo_mas_poblado
24177,42.95,-5.43333,nucleo_mas_poblado
33005,43.28245,-6.21818,nucleo_mas_poblado
33001,43.27307,-6.62152,nucleo_mas_poblado
33051,43.5,-6.15,nucleo_mas_poblado
33068,43.0929,-6.25629,nucleo_mas_poblado
27018,43.12398,-7.0679,nucleo_mas_poblado
27009,42.53333,-7.85,nucleo_mas_poblado
32086,42.21667,-7.11667,nucleo_mas_poblado
32076,42.4749,-7.98739,nucleo_mas_poblado
27058,42.59309,-7.61992,nucleo_mas_poblado
27048,43.34948,-7.19458,nucleo_mas_poblado
33028,43.03849,-6.87376,nucleo_mas_poblado
32058,42.34524,-7.80008,nucleo_mas_poblado
27004,43.15646,-7.20265,nucleo_mas_poblado
16272,40.20483,-2.43276,nucleo_mas_poblado
49181,42.08867,-6.53451,nucleo_mas_poblado
27040,42.88333,-7.9,nucleo_mas_poblado
12134,40.35817,-0.0655,nucleo_mas_poblado
32089,42.19743,-7.60683,nucleo_mas_poblado
32070,42.35,-7.3,nucleo_mas_poblado
27008,42.6,-7.46667,nucleo_mas_poblado
27042,42.76667,-7.58333,nucleo_mas_poblado
33014,43.58922,-5.76735,nucleo_mas_poblado
33010,43.40985,-6.05295,nucleo_mas_poblado
15069,43.38333,-8.21667,nucleo_mas_poblado
33038,43.27962,-5.89201,nucleo_mas_poblado
33002,43.05479,-5.55018,nucleo_mas_poblado
27003,42.78333,-7.86667,nucleo_mas_poblado
27027,43.41667,-7.25,nucleo_mas_poblado
27015,43.25,-7.43333,nucleo_mas_poblado
33053,43.15742,-5.97345,nucleo_mas_poblado
09109,42.70071,-2.71844,nucleo_mas_poblado
12133,40.05,-0.65,capital_geonames
50290,41.35325,-1.0365,nucleo_mas_poblado
24201,42.71405,-5.35758,nucleo_mas_poblado
16250,40.22475,-2.5053,nucleo_mas_poblado
24039,42.58395,-5.82881,nucleo_mas_poblado
09011,42.93732,-3.89946,nucleo_mas_poblado
33054,43.4,-6.01667,nucleo_mas_poblado
33066,43.40272,-5.81215,nucleo_mas_poblado
39099,42.96262,-4.16706,nucleo_mas_poblado
48071,43.33333,-3.1,capital_geonames
15043,43.3228,-8.81052,nucleo_mas_poblado
33072,43.16397,-6.09943,nucleo_mas_poblado
39027,42.98416,-4.11512,nucleo_mas_poblado
32063,42.33932,-7.25338,nucleo_mas_poblado
32083,42.25879,-7.00073,nucleo_mas_poblado
27046,43.14458,-7.29212,nucleo_mas_poblado
27005,43.55,-7.16667,nucleo_mas_poblado
12129,40.42885,-0.25775,nucleo_mas_poblado
12094,40.11667,-0.05,nucleo_mas_poblado
27010,43.16122,-7.54324,nucleo_mas_poblado
32017,42.38333,-6.88333,nucleo_mas_poblado
42043,41.58619,-3.06522,nucleo_mas_poblado
27035,43.13333,-6.86667,nucleo_mas_poblado
15088,42.96667,-8.63333,nucleo_mas_poblado
36020,42.85,-7.96667,nucleo_mas_poblado
27053,43.2,-7.18333,nucleo_mas_poblado
27044,43.3379,-7.31699,nucleo_mas_poblado
15012,42.85,-8.45,nucleo_mas_poblado
32026,42.4005,-7.86306,capital_geonames
32029,42.24777,-7.40665,nucleo_mas_poblado
15041,43.25,-8.55,nucleo_mas_poblado
25243,42.70196,0.79556,nucleo_mas_poblado
25245,42.50463,0.80056,nucleo_mas_poblado
36050,42.08333,-8.5,nucleo_mas_poblado
27014,42.94434,-7.4314,nucleo_mas_poblado
15057,42.81667,-8.88333,nucleo_mas_poblado
32016,41.9479,-7.89604,nucleo_mas_poblado
15073,42.55352,-8.99094,nucleo_mas_poblado
15013,42.88333,-8.73333,nucleo_mas_poblado
36018,42.56667,-8.33333,nucleo_mas_poblado
33015,43.1831,-5.34476,nucleo_mas_poblado
34010,41.92137,-4.71401,capital_geonames
43161,41.33237,1.23246,capital_geonames
09414,42.14894,-3.11335,nucleo_mas_poblado
09417,42.18244,-4.1516,nucleo_mas_poblado
17208,42.20522,2.49703,nucleo_mas_poblado
40213,41.13612,-3.91146,nucleo_mas_poblado
28162,40.63708,-3.45064,nucleo_mas_poblado
09905,42.71667,-3.75,nucleo_mas_poblado
31020,43.02442,-2.00685,nucleo_mas_poblado
31247,42.86017,-0.92491,nucleo_mas_poblado
01036,43.14322,-2.96204,nucleo_mas_poblado
12122,40.21616,-0.17028,nucleo_mas_poblado
22907,42.41547,0.14008,nucleo_mas_poblado
31244,43.1,-1.7,nucleo_mas_poblado
31243,42.77799,-1.45911,nucleo_mas_poblado
31028,42.9,-1.3,nucleo_mas_poblado
20055,43.06441,-2.48977,nucleo_mas_poblado
31118,42.86667,-1.85,nucleo_mas_poblado
31132,42.74801,-1.50123,nucleo_mas_poblado
01009,42.89345,-2.31314,nucleo_mas_poblado
39013,43.0766,-4.53743,nucleo_mas_poblado
33031,43.29568,-5.68416,nucleo_mas_poblado
40208,41.0828,-3.96017,nucleo_mas_poblado
36059,42.80447,-8.18481,nucleo_mas_poblado
47175,41.59161,-4.55006,capital_geonames
22113,42.41159,0.35093,nucleo_mas_poblado
48022,43.26161,-3.37108,nucleo_mas_poblado
50266,41.60623,-1.60545,nucleo_mas_poblado
39068,43.38082,-4.25068,nucleo_mas_poblado
31178,42.37549,-1.54778,nucleo_mas_poblado
32061,42.55,-7.98333,nucleo_mas_poblado
08058,41.26281,1.63369,nucleo_mas_poblado
43137,41.28962,1.52154,nucleo_mas_poblado
32042,41.88333,-8.11667,nucleo_mas_poblado
36039,42.16156,-8.6198,nucleo_mas_poblado
27052,42.45762,-7.33003,nucleo_mas_poblado
25223,41.81667,1.4,nucleo_mas_poblado
22053,42.10586,0.48211,nucleo_mas_poblado
25030,42.3621,1.62761,nucleo_mas_poblado
39006,43.46211,-3.58877,nucleo_mas_poblado
09381,42.17286,-3.36286,nucleo_mas_poblado
33008,43.31737,-4.84609,nucleo_mas_poblado
33057,43.30746,-5.86105,nucleo_mas_poblado
08280,42.03333,2.36667,nucleo_mas_poblado
22225,41.8691,0.42214,nucleo_mas_poblado
17109,42.23003,2.59631,nucleo_mas_poblado
32075,42.28333,-7.85,nucleo_mas_poblado
32051,41.95359,-7.97805,nucleo_mas_poblado
33060,43.28752,-5.638,nucleo_mas_poblado
31101,42.86363,-1.62907,nucleo_mas_poblado
24193,42.84852,-5.40643,nucleo_mas_poblado
32055,42.25,-7.75,nucleo_mas_poblado
32036,42.20578,-7.73707,nucleo_mas_poblado
15015,43.21667,-8.31667,nucleo_mas_poblado
27038,42.87013,-7.61447,nucleo_mas_poblado
32080,42.37077,-7.46394,nucleo_mas_poblado
32040,42.35,-8.13333,nucleo_mas_poblado
36025,42.4,-8.43333,nucleo_mas_poblado
31119,42.83491,-1.10035,nucleo_mas_poblado
17186,42.01667,2.83333,capital_geonames
09362,42.25813,-3.68608,capital_geonames
17901,41.95,3.01667,nucleo_mas_poblado
39092,42.87486,-4.16276,nucleo_mas_poblado
09353,42.64048,-3.18046,nucleo_mas_poblado
09352,41.85988,-3.55909,nucleo_mas_poblado
48044,43.34927,-3.0094,nucleo_mas_poblado
08134,41.72122,2.27297,nucleo_mas_poblado
08243,42.0,2.23333,capital_geonames
43063,40.71542,0.49292,nucleo_mas_poblado
12101,40.6,0.35,nucleo_mas_poblado
40076,40.77742,-4.21497,nucleo_mas_poblado
17207,42.11809,2.45682,nucleo_mas_poblado
17022,41.95,3.05,capital_geonames
17161,42.13333,2.53333,nucleo_mas_poblado
47134,42.02985,-5.49625,nucleo_mas_poblado
08177,42.08333,1.96667,nucleo_mas_poblado
12098,40.41792,0.17509,nucleo_mas_poblado
28097,40.98815,-3.72337,nucleo_mas_poblado
33016,43.55913,-5.97558,nucleo_mas_poblado
17168,42.05,2.95,capital_geonames
05211,40.47647,-4.64346,nucleo_mas_poblado
08901,42.02398,2.46581,nucleo_mas_poblado
17165,42.21667,2.61667,nucleo_mas_poblado
31135,42.57483,-1.28283,nucleo_mas_poblado
17163,41.98259,2.68976,nucleo_mas_poblado
08212,41.95,2.03333,capital_geonames
22205,41.90501,0.32708,nucleo_mas_poblado
43136,40.61667,0.6,capital_geonames
48021,43.38355,-2.69772,nucleo_mas_poblado
36041,42.44775,-8.68594,nucleo_mas_poblado
08086,41.68333,2.31667,nucleo_mas_poblado
01051,42.85162,-2.39123,nucleo_mas_poblado
16188,40.50418,-2.52173,nucleo_mas_poblado
31124,42.64482,-1.51972,nucleo_mas_poblado
01049,42.80199,-2.98636,nucleo_mas_poblado
09332,42.25838,-3.69707,capital_geonames
12096,40.61792,0.22133,nucleo_mas_poblado
31058,43.01667,-1.31667,nucleo_mas_poblado
49180,41.25265,-6.17127,nucleo_mas_poblado
15024,43.21667,-8.43333,nucleo_mas_poblado
08023,41.68333,2.23333,nucleo_mas_poblado
39065,42.97402,-4.03289,nucleo_mas_poblado
17142,41.94047,2.84079,nucleo_mas_poblado
12093,40.65629,0.15793,nucleo_mas_poblado
37303,40.41506,-6.54179,nucleo_mas_poblado
16162,40.27227,-2.60371,nucleo_mas_poblado
25168,41.68333,0.86667,capital_geonames
31205,42.39643,-1.62962,nucleo_mas_poblado
28114,41.03333,-3.6,nucleo_mas_poblado
28063,40.96249,-3.71538,nucleo_mas_poblado
31204,42.64166,-2.2352,nucleo_mas_poblado
37250,41.23953,-6.52351,nucleo_mas_poblado
27002,43.52835,-7.41301,nucleo_mas_poblado
22175,42.0211,0.37371,nucleo_mas_poblado
25164,41.75,0.96667,capital_geonames
42148,41.56832,-2.03754,nucleo_mas_poblado
01044,42.64356,-2.70796,nucleo_mas_poblado
32012,41.99652,-7.75175,nucleo_mas_poblado
01043,42.50571,-2.43638,nucleo_mas_poblado
31054,43.13372,-1.62844,nucleo_mas_poblado
12085,40.09134,0.14115,nucleo_mas_poblado
31198,42.88842,-1.09773,nucleo_mas_poblado
20902,43.25541,-2.01873,nucleo_mas_poblado
01021,42.84972,-2.54513,nucleo_mas_poblado
48074,42.99435,-3.00974,nucleo_mas_poblado
48073,43.31667,-2.41667,capital_geonames
31189,42.87584,-2.19538,nucleo_mas_poblado
31093,42.90543,-1.09112,nucleo_mas_poblado
50193,41.58957,-0.66774,capital_geonames
22157,42.46545,0.6942,nucleo_mas_poblado
24003,42.13872,-5.83485,nucleo_mas_poblado
19197,41.10482,-3.08839,nucleo_mas_poblado
05112,40.39325,-5.53981,nucleo_mas_poblado
22043,41.90605,0.43173,nucleo_mas_poblado
25142,41.56667,0.6,nucleo_mas_poblado
08145,41.34802,1.74005,nucleo_mas_poblado
37191,41.09237,-6.59932,nucleo_mas_poblado
50169,41.25858,-1.49108,nucleo_mas_poblado
50165,41.37211,0.30169,nucleo_mas_poblado
08122,41.47862,1.61164,nucleo_mas_poblado
50164,41.46668,-0.70579,nucleo_mas_poblado
25133,41.37429,0.54969,nucleo_mas_poblado
28023,40.71603,-3.91656,nucleo_mas_poblado
12050,40.30976,0.12084,nucleo_mas_poblado
12055,40.24517,-0.28795,nucleo_mas_poblado
22076,42.60415,-0.85882,nucleo_mas_poblado
34098,41.98131,-4.42775,nucleo_mas_poblado
44010,40.11457,-0.73935,nucleo_mas_poblado
22151,42.26667,-0.73333,nucleo_mas_poblado
08107,41.59054,2.24121,capital_geonames
32011,42.48333,-8.25,nucleo_mas_poblado
43043,41.2046,1.27996,nucleo_mas_poblado
31129,43.12792,-1.71176,nucleo_mas_poblado
09312,42.01226,-3.33107,nucleo_mas_poblado
28014,40.30076,-3.43722,nucleo_mas_poblado
47006,41.47124,-4.64639,nucleo_mas_poblado
17067,42.06667,2.96667,capital_geonames
45002,40.01199,-3.79255,nucleo_mas_poblado
31134,42.88333,-1.13333,nucleo_mas_poblado
36901,42.56376,-8.87258,nucleo_mas_poblado
09020,41.8391,-3.34755,nucleo_mas_poblado
08097,41.73333,2.5,nucleo_mas_poblado
48043,43.4149,-2.93678,nucleo_mas_poblado
48033,43.19206,-2.82521,nucleo_mas_poblado
31115,42.98333,-1.33333,nucleo_mas_poblado
45068,40.09926,-4.64647,nucleo_mas_poblado
24074,42.18263,-5.45806,nucleo_mas_poblado
12063,40.06667,-0.6,capital_geonames
43059,41.37152,1.26545,nucleo_mas_poblado
25903,42.57511,1.15349,nucleo_mas_poblado
01023,42.56994,-2.54502,nucleo_mas_poblado
31084,42.90791,-2.06474,nucleo_mas_poblado
28050,40.189,-3.83526,nucleo_mas_poblado
10068,40.10536,-5.72399,nucleo_mas_poblado
49055,41.81723,-5.28996,nucleo_mas_poblado
08008,41.63662,1.51809,nucleo_mas_poblado
50085,41.33333,-0.75,nucleo_mas_poblado
37103,40.54372,-5.5801,nucleo_mas_poblado
44077,40.84033,-0.056,nucleo_mas_poblado
24050,42.34652,-5.24692,nucleo_mas_poblado
31071,42.6827,-1.03121,capital_geonames
43041,41.03333,0.25,capital_geonames
05052,40.52869,-5.1974,nucleo_mas_poblado
48089,43.37851,-2.95718,nucleo_mas_poblado
08032,41.56667,2.53333,capital_geonames
09063,42.28455,-3.84616,nucleo_mas_poblado
50064,41.8,-1.2,capital_geonames
27902,43.662,-7.367,nucleo_mas_poblado
25115,41.93182,1.19489,nucleo_mas_poblado
31903,42.83067,-1.66648,capital_geonames
44037,40.83162,0.18303,nucleo_mas_poblado
31048,41.96667,-1.63333,capital_geonames
01011,42.52997,-2.67924,nucleo_mas_poblado
22045,41.91789,0.54689,nucleo_mas_poblado
31034,42.95,-1.25,capital_geonames
37031,41.04698,-5.38565,nucleo_mas_poblado
31250,43.28333,-1.66667,nucleo_mas_poblado
49008,41.26649,-6.07353,nucleo_mas_poblado
25013,41.81667,0.58333,nucleo_mas_poblado
50002,41.01667,-1.6,nucleo_mas_poblado
