{"type":"FeatureCollection","features":[{"type":"Feature","properties":{"mun_code":"07021","mun_name":"Estellencs","mun_name_local":null,"prov_code":"07","prov_name":"Illes Balears","acom_code":"04","acom_name":"Illes Balears","geo_point_2d":{"lon":2.4765003795266627,"lat":39.648840794763295}},"geometry":{"type":"MultiPolygon","coordinates":[[[[2.4875,39.6713],[2.48168,39.67222],[2.4814,39.66946],[2.47941,39.66636],[2.47631,39.66486],[2.47535,39.66205],[2.47174,39.65851],[2.4673,39.65736],[2.46222,39.65201],[2.45425,39.65063],[2.45042,39.64867],[2.44839,39.64924],[2.44449,39.6459],[2.44211,39.64617],[2.44159,39.64472],[2.43667,39.64343],[2.43877,39.63778],[2.44776,39.63374],[2.44681,39.62716],[2.45177,39.63072],[2.45222,39.63273],[2.45692,39.63255],[2.45819,39.63745],[2.46225,39.64138],[2.47349,39.63893],[2.48664,39.63393],[2.49643,39.63759],[2.50294,39.6459],[2.50518,39.64631],[2.50736,39.65483],[2.50301,39.65717],[2.49735,39.66344],[2.48756,39.66885],[2.48732,39.67079],[2.4875,39.6713]]]]}},{"type":"Feature","properties":{"mun_code":"07030","mun_name":"Llubí","mun_name_local":null,"prov_code":"07","prov_name":"Illes Balears","acom_code":"04","acom_name":"Illes Balears","geo_point_2d":{"lon":3.0239312177154503,"lat":39.6999584980782}},"geometry":{"type":"Polygon","coordinates":[[[2.98221,39.68944],[3.01302,39.67443],[3.03656,39.65989],[3.0514,39.67969],[3.0591,39.68763],[3.05746,39.69038],[3.06182,39.69237],[3.07023,39.70293],[3.06917,39.70189],[3.05413,39.70925],[3.05498,39.70991],[3.0409,39.71456],[3.04398,39.71775],[3.04426,39.72072],[3.02944,39.72984],[3.02909,39.72811],[3.0259,39.72743],[3.02245,39.7315],[3.02186,39.73639],[3.01934,39.74035],[2.99368,39.72749],[2.99151,39.72343],[2.99343,39.72078],[2.99169,39.71572],[2.99802,39.70739],[2.98923,39.70337],[2.99055,39.69947],[2.98451,39.6915],[2.98221,39.68944]]]}},{"type":"Feature","properties":{"mun_code":"07025","mun_name":"Fornalutx","mun_name_local":null,"prov_code":"07","prov_name":"Illes Balears","acom_code":"04","acom_name":"Illes Balears","geo_point_2d":{"lon":2.7512019897940436,"lat":39.79629267511315}},"geometry":{"type":"Polygon","coordinates":[[[2.72781,39.82339],[2.72946,39.82003],[2.7365,39.81639],[2.73839,39.81287],[2.73664,39.81143],[2.74002,39.80641],[2.73469,39.80333],[2.7323,39.79581],[2.72976,39.79471],[2.7263,39.79586],[2.7269,39.79333],[2.72344,39.78753],[2.72353,39.78422],[2.72739,39.78371],[2.7287,39.7774],[2.73046,39.77639],[2.72998,39.7742],[2.73603,39.77572],[2.73568,39.77221],[2.73841,39.76864],[2.74309,39.76743],[2.75157,39.77223],[2.76,39.77434],[2.76677,39.77936],[2.78514,39.79895],[2.77474,39.80259],[2.77395,39.80613],[2.77138,39.80646],[2.76938,39.80864],[2.77053,39.81255],[2.76156,39.81923],[2.76145,39.8227],[2.74896,39.82053],[2.73832,39.82349],[2.73261,39.82702],[2.728,39.82557],[2.72785,39.82358],[2.72781,39.82339]]]}},{"type":"Feature","properties":{"mun_code":"07028","mun_name":"Lloret de Vistalegre","mun_name_local":null,"prov_code":"07","prov_name":"Illes Balears","acom_code":"04","acom_name":"Illes Balears","geo_point_2d":{"lon":2.9762695474068392,"lat":39.61890260444128}},"geometry":{"type":"Polygon","coordinates":[[[2.94349,39.61409],[2.95443,39.60209],[2.95997,39.60321],[2.96338,39.60646],[2.96958,39.59954],[2.97642,39.59617],[2.98039,39.59711],[2.98409,39.60407],[2.99451,39.60508],[2.99988,39.60738],[3.00751,39.60597],[3.01158,39.61074],[3.02391,39.60614],[3.02402,39.60898],[3.0192,39.6119],[3.01201,39.61429],[2.99751,39.62417],[2.99118,39.62584],[2.9814,39.63502],[2.98258,39.63858],[2.98079,39.64122],[2.97035,39.64373],[2.96721,39.64871],[2.95766,39.64009],[2.96014,39.63822],[2.95817,39.63474],[2.95962,39.63394],[2.9503,39.62036],[2.94508,39.61561],[2.94349,39.61409]]]}},{"type":"Feature","properties":{"mun_code":"07053","mun_name":"Santa Eugènia","mun_name_local":null,"prov_code":"07","prov_name":"Illes Balears","acom_code":"04","acom_name":"Illes Balears","geo_point_2d":{"lon":2.8342668149861154,"lat":39.61872280777137}},"geometry":{"type":"Polygon","coordinates":[[[2.8063,39.61132],[2.80905,39.60492],[2.81723,39.59534],[2.81828,39.59848],[2.821,39.59709],[2.82504,39.60059],[2.82869,39.5969],[2.83258,39.5964],[2.83543,39.59816],[2.83436,39.59612],[2.8397,39.59447],[2.8373,39.58858],[2.83896,39.58831],[2.86499,39.60355],[2.84837,39.62487],[2.85186,39.62626],[2.8487,39.63004],[2.85529,39.63142],[2.8536,39.63678],[2.85013,39.6411],[2.8452,39.64245],[2.83733,39.65179],[2.82802,39.6455],[2.82108,39.64312],[2.82445,39.63753],[2.81073,39.63808],[2.81102,39.62167],[2.81352,39.61943],[2.81136,39.61788],[2.8159,39.61514],[2.8137,39.61423],[2.8063,39.61132]]]}},{"type":"Feature","properties":{"mun_code":"07012","mun_name":"Campanet","mun_name_local":null,"prov_code":"07","prov_name":"Illes Balears","acom_code":"04","acom_name":"Illes Balears","geo_point_2d":{"lon":2.966512734843576,"lat":39.79743977777745}},"geometry":{"type":"Polygon","coordinates":[[[2.92698,39.81356],[2.93123,39.80426],[2.92786,39.80048],[2.92861,39.79462],[2.93459,39.78994],[2.94265,39.77889],[2.94666,39.77127],[2.94426,39.76946],[2.95161,39.76666],[2.95037,39.76575],[2.96164,39.75642],[2.96711,39.76235],[2.9804,39.77113],[2.98133,39.76912],[2.98796,39.76873],[2.99374,39.76533],[2.99625,39.76794],[2.9926,39.77014],[3.00482,39.78207],[2.9995,39.78391],[2.99524,39.78344],[2.99066,39.7875],[2.98914,39.79271],[2.98771,39.79141],[2.98712,39.79243],[2.98514,39.80086],[2.98806,39.8047],[2.99317,39.80692],[2.99771,39.81135],[3.00881,39.81663],[2.98976,39.83396],[2.98609,39.83351],[2.97709,39.82892],[2.95407,39.82242],[2.94534,39.83138],[2.95282,39.82217],[2.9467,39.8186],[2.94319,39.81976],[2.93391,39.81764],[2.9288,39.81456],[2.92698,39.81356]]]}},{"type":"Feature","properties":{"mun_code":"07042","mun_name":"Pollença","mun_name_local":null,"prov_code":"07","prov_name":"Illes Balears","acom_code":"04","acom_name":"Illes Balears","geo_point_2d":{"lon":3.02950388960728,"lat":39.88672211010413}},"geometry":{"type":"MultiPolygon","coordinates":[[[[3.14686,39.9197],[3.14974,39.91978],[3.14977,39.92103],[3.14437,39.92295],[3.14456,39.92073],[3.1467,39.91983],[3.14686,39.9197]]],[[[3.13,39.94438],[3.13158,39.94431],[3.13221,39.94605],[3.13032,39.94467],[3.13,39.94438]]],[[[3.08688,39.87091],[3.08239,39.87795],[3.07849,39.88965],[3.07888,39.89189],[3.08114,39.89188],[3.07878,39.89265],[3.08004,39.90227],[3.08181,39.90427],[3.08465,39.90274],[3.08429,39.90371],[3.08549,39.90358],[3.08211,39.90452],[3.08322,39.90611],[3.0847,39.90475],[3.08792,39.90459],[3.08588,39.90208],[3.08731,39.90266],[3.08851,39.90459],[3.08319,39.90649],[3.08746,39.9105],[3.09154,39.91112],[3.09644,39.9091],[3.09911,39.90952],[3.09895,39.90777],[3.09978,39.90925],[3.10298,39.90682],[3.09982,39.90697],[3.10506,39.90548],[3.10732,39.90601],[3.11079,39.89927],[3.1112,39.90422],[3.10874,39.90817],[3.10986,39.91129],[3.11598,39.91079],[3.11991,39.91484],[3.12735,39.91681],[3.13133,39.92687],[3.13839,39.92809],[3.14284,39.92669],[3.14541,39.92395],[3.14836,39.92485],[3.1544,39.92322],[3.16452,39.92874],[3.16356,39.93006],[3.16908,39.93145],[3.17819,39.93737],[3.18371,39.9377],[3.18053,39.94059],[3.1879,39.94008],[3.18913,39.94114],[3.18789,39.94301],[3.1894,39.94401],[3.19267,39.93989],[3.19604,39.94244],[3.20225,39.94383],[3.2085,39.95256],[3.21312,39.95556],[3.21419,39.96221],[3.21017,39.96129],[3.20599,39.95763],[3.19448,39.95438],[3.19197,39.95493],[3.19251,39.95815],[3.19051,39.95753],[3.17958,39.95107],[3.17317,39.95196],[3.18013,39.95846],[3.17978,39.96116],[3.17453,39.96063],[3.17121,39.9581],[3.17108,39.95965],[3.16792,39.95878],[3.16581,39.95987],[3.15987,39.95569],[3.15933,39.95725],[3.15619,39.95706],[3.14613,39.95336],[3.145,39.94998],[3.13257,39.94468],[3.13134,39.93822],[3.1205,39.93138],[3.1178,39.93314],[3.11802,39.93507],[3.11358,39.931],[3.11193,39.93236],[3.1097,39.93121],[3.10599,39.93226],[3.09761,39.92786],[3.09458,39.92906],[3.10157,39.93507],[3.09562,39.93589],[3.08067,39.92499],[3.07306,39.92222],[3.07234,39.92316],[3.06612,39.92316],[3.06024,39.91985],[3.05818,39.92033],[3.059,39.92217],[3.05539,39.92206],[3.06108,39.93258],[3.05225,39.93338],[3.04652,39.93188],[3.04401,39.92961],[3.03771,39.93022],[3.03913,39.93348],[3.04276,39.9364],[3.04195,39.93768],[3.03698,39.93195],[3.03304,39.93025],[3.0311,39.93169],[3.03441,39.93456],[3.02792,39.93502],[3.0119,39.92694],[3.00773,39.92637],[3.00513,39.92394],[3.00111,39.92347],[2.9976,39.91807],[2.99448,39.91737],[2.99412,39.9148],[2.99152,39.91448],[2.987,39.90915],[2.98376,39.90973],[2.98278,39.90827],[2.98051,39.90948],[2.975,39.90917],[2.97369,39.91057],[2.97028,39.90918],[2.9647,39.91047],[2.96242,39.91249],[2.96367,39.91448],[2.9565,39.9153],[2.95069,39.92009],[2.94608,39.91707],[2.94474,39.9139],[2.9408,39.91251],[2.93588,39.90408],[2.93145,39.90182],[2.9258,39.90097],[2.92105,39.89786],[2.92414,39.8805],[2.92942,39.8746],[2.9337,39.87323],[2.93339,39.86934],[2.93631,39.86685],[2.93853,39.85784],[2.93677,39.85169],[2.93932,39.8407],[2.94534,39.83138],[2.95407,39.82242],[2.97709,39.82892],[2.98609,39.83351],[2.98976,39.83396],[3.00881,39.81663],[3.02649,39.82579],[3.03209,39.82172],[3.03817,39.82117],[3.04341,39.81793],[3.0477,39.8227],[3.04737,39.82653],[3.04996,39.83264],[3.04791,39.84698],[3.05269,39.84967],[3.05732,39.84805],[3.06017,39.85323],[3.06448,39.85391],[3.08135,39.86917],[3.08688,39.87091]]]]}},{"type":"Feature","properties":{"mun_code":"07052","mun_name":"Sant Lluís","mun_name_local":null,"prov_code":"07","prov_name":"Illes Balears","acom_code":"04","acom_name":"Illes Balears","geo_point_2d":{"lon":4.254033449306915,"lat":39.83653633854227}},"geometry":{"type":"MultiPolygon","coordinates":[[[[4.28511,39.79939],[4.29443,39.7993],[4.29608,39.80079],[4.28882,39.80366],[4.28735,39.8008],[4.28204,39.80194],[4.28483,39.79954],[4.28511,39.79939]]],[[[4.2198,39.82191],[4.22283,39.82379],[4.22142,39.82411],[4.21984,39.82217],[4.2198,39.82191]]],[[[4.26525,39.86464],[4.26043,39.86349],[4.25864,39.86437],[4.25746,39.86164],[4.25637,39.86279],[4.23903,39.86303],[4.23295,39.86504],[4.23199,39.86303],[4.22988,39.86374],[4.23019,39.86226],[4.22667,39.86159],[4.2256,39.857],[4.22026,39.85693],[4.22172,39.85144],[4.21611,39.85249],[4.21409,39.84936],[4.21231,39.84984],[4.2109,39.84771],[4.20914,39.84825],[4.20252,39.83408],[4.20427,39.83245],[4.20313,39.82998],[4.20693,39.82898],[4.20541,39.82682],[4.20928,39.82503],[4.20943,39.82854],[4.21097,39.82927],[4.21578,39.82745],[4.21664,39.82815],[4.21837,39.82655],[4.2188,39.82913],[4.22079,39.82581],[4.2258,39.82319],[4.2245,39.82139],[4.22771,39.82127],[4.22929,39.82298],[4.23153,39.81904],[4.23319,39.81937],[4.23432,39.81748],[4.23612,39.81746],[4.23735,39.81416],[4.23912,39.8148],[4.24022,39.81318],[4.24119,39.81364],[4.23948,39.81608],[4.24338,39.81658],[4.24484,39.81532],[4.24585,39.81668],[4.24818,39.81423],[4.25438,39.81238],[4.26038,39.81153],[4.26383,39.81239],[4.26193,39.81065],[4.26693,39.80937],[4.27539,39.80942],[4.28102,39.81164],[4.28168,39.81441],[4.28754,39.81518],[4.29615,39.82322],[4.29654,39.82564],[4.29403,39.82554],[4.29489,39.8273],[4.29262,39.82899],[4.29644,39.82808],[4.29983,39.83325],[4.30371,39.83183],[4.30323,39.83515],[4.29874,39.84107],[4.30222,39.84246],[4.29483,39.84679],[4.29222,39.85168],[4.2893,39.85124],[4.28868,39.85272],[4.27933,39.85007],[4.27707,39.84775],[4.275,39.84783],[4.27544,39.8498],[4.27238,39.85007],[4.27014,39.84819],[4.26564,39.85182],[4.2662,39.85647],[4.27081,39.8575],[4.2671,39.86333],[4.26525,39.86464]]]]}},{"type":"Feature","properties":{"mun_code":"07011","mun_name":"Calvià","mun_name_local":null,"prov_code":"07","prov_name":"Illes Balears","acom_code":"04","acom_name":"Illes Balears","geo_point_2d":{"lon":2.5081131229250153,"lat":39.55101107094102}},"geometry":{"type":"MultiPolygon","coordinates":[[[[2.47402,39.46522],[2.47528,39.46576],[2.47403,39.46541],[2.47402,39.46522]]],[[[2.54096,39.47886],[2.54047,39.47804],[2.54108,39.47871],[2.54096,39.47886]]],[[[2.44763,39.49543],[2.4551,39.50108],[2.45095,39.49985],[2.44772,39.4955],[2.44763,39.49543]]],[[[2.54492,39.50292],[2.54708,39.50301],[2.54324,39.50521],[2.5445,39.50347],[2.54492,39.50292]]],[[[2.57341,39.52891],[2.57394,39.52985],[2.57247,39.52991],[2.57336,39.52912],[2.57341,39.52891]]],[[[2.58639,39.52791],[2.58914,39.5292],[2.58878,39.53145],[2.58584,39.52809],[2.58639,39.52791]]],[[[2.45538,39.50201],[2.45649,39.50246],[2.45483,39.50283],[2.45516,39.5019],[2.45538,39.50201]]],[[[2.44681,39.62716],[2.44592,39.62249],[2.44792,39.61857],[2.45188,39.6157],[2.45253,39.61185],[2.45641,39.609],[2.45696,39.60256],[2.45579,39.60142],[2.4575,39.60014],[2.45682,39.59665],[2.46042,39.58625],[2.45506,39.57911],[2.44274,39.57886],[2.4404,39.57541],[2.43854,39.56551],[2.44769,39.56134],[2.44878,39.55795],[2.45208,39.55838],[2.44829,39.55425],[2.44363,39.55222],[2.44188,39.54766],[2.43295,39.54241],[2.43215,39.53823],[2.42762,39.53496],[2.42198,39.5239],[2.42449,39.5237],[2.428,39.52768],[2.4307,39.52706],[2.43064,39.52906],[2.4345,39.52705],[2.44044,39.52877],[2.43802,39.53251],[2.4393,39.53199],[2.44013,39.53348],[2.44827,39.53532],[2.4499,39.53694],[2.45306,39.53557],[2.45169,39.53467],[2.45674,39.53429],[2.45846,39.53091],[2.46238,39.52838],[2.46231,39.52595],[2.46477,39.52595],[2.46637,39.52242],[2.46829,39.52221],[2.46687,39.51888],[2.47283,39.5195],[2.47948,39.518],[2.47887,39.51374],[2.47412,39.51378],[2.47296,39.5118],[2.46633,39.51322],[2.47011,39.51018],[2.46795,39.50937],[2.46521,39.51356],[2.45925,39.50978],[2.45975,39.5073],[2.45619,39.50483],[2.46086,39.50415],[2.45945,39.4988],[2.46197,39.49919],[2.46747,39.49513],[2.46574,39.49441],[2.46757,39.49054],[2.47274,39.49368],[2.47915,39.49194],[2.47829,39.4877],[2.47616,39.4911],[2.47741,39.48522],[2.47617,39.48354],[2.47783,39.47766],[2.48187,39.47605],[2.4762,39.46624],[2.48557,39.47246],[2.49003,39.47288],[2.49988,39.46802],[2.50019,39.46176],[2.506,39.46226],[2.50986,39.45832],[2.5212,39.45832],[2.52168,39.45662],[2.52432,39.4607],[2.51949,39.46249],[2.52223,39.46338],[2.52399,39.47186],[2.52152,39.47202],[2.52077,39.47615],[2.52595,39.4744],[2.52567,39.47894],[2.52978,39.47997],[2.53063,39.48387],[2.53345,39.48516],[2.53289,39.48732],[2.53519,39.4864],[2.53657,39.48809],[2.5371,39.49343],[2.5341,39.49525],[2.53673,39.49636],[2.53709,39.5005],[2.53385,39.50454],[2.5374,39.50803],[2.54325,39.50862],[2.54723,39.51118],[2.53926,39.51317],[2.53739,39.51733],[2.53914,39.5228],[2.54104,39.52483],[2.54518,39.52387],[2.54642,39.52599],[2.55115,39.52699],[2.55224,39.52469],[2.55402,39.52591],[2.55415,39.52853],[2.56152,39.5319],[2.56482,39.53169],[2.56534,39.52936],[2.5653,39.53123],[2.56656,39.53149],[2.56714,39.53009],[2.56756,39.53134],[2.56806,39.52982],[2.56773,39.53116],[2.56887,39.52982],[2.56845,39.53131],[2.56941,39.52999],[2.56903,39.53144],[2.5699,39.53013],[2.56951,39.53152],[2.57032,39.53035],[2.56996,39.53162],[2.57121,39.53109],[2.57047,39.52977],[2.56344,39.52837],[2.56498,39.52802],[2.57058,39.52942],[2.57216,39.53158],[2.57568,39.53126],[2.57609,39.53363],[2.57917,39.53166],[2.58829,39.53346],[2.59036,39.53109],[2.59037,39.53659],[2.59706,39.54351],[2.59573,39.5467],[2.60022,39.54882],[2.598,39.54793],[2.59356,39.55017],[2.58964,39.55052],[2.57948,39.55699],[2.58439,39.56174],[2.59595,39.56778],[2.59223,39.57109],[2.57768,39.57709],[2.57323,39.57758],[2.57563,39.58394],[2.5724,39.5855],[2.56622,39.58581],[2.56387,39.5906],[2.57315,39.59814],[2.57755,39.59798],[2.58495,39.60409],[2.58776,39.60452],[2.59021,39.6082],[2.58603,39.6073],[2.57034,39.60802],[2.56816,39.60984],[2.56486,39.60859],[2.56274,39.60467],[2.55761,39.60241],[2.54996,39.60184],[2.547,39.60375],[2.5445,39.60164],[2.53955,39.60171],[2.52271,39.59531],[2.52418,39.59188],[2.51949,39.59105],[2.51633,39.59492],[2.50809,39.59152],[2.50344,39.59967],[2.49497,39.60523],[2.49465,39.6079],[2.48313,39.6123],[2.48432,39.61472],[2.48276,39.6227],[2.48664,39.63393],[2.47349,39.63893],[2.46225,39.64138],[2.45819,39.63745],[2.45692,39.63255],[2.45222,39.63273],[2.45177,39.63072],[2.44853,39.6284],[2.44681,39.62716]]]]}},{"type":"Feature","properties":{"mun_code":"07034","mun_name":"Mancor de la Vall","mun_name_local":null,"prov_code":"07","prov_name":"Illes Balears","acom_code":"04","acom_name":"Illes Balears","geo_point_2d":{"lon":2.864210045775393,"lat":39.76096888321861}},"geometry":{"type":"Polygon","coordinates":[[[2.83844,39.74569],[2.84351,39.7382],[2.84857,39.74192],[2.84978,39.73608],[2.85296,39.73371],[2.85864,39.73929],[2.86518,39.73975],[2.8696,39.74238],[2.87451,39.73905],[2.88556,39.73974],[2.88766,39.73838],[2.89338,39.74151],[2.88715,39.7478],[2.88532,39.757],[2.88731,39.75957],[2.88915,39.75958],[2.88947,39.76155],[2.89233,39.76219],[2.88883,39.76383],[2.89098,39.76492],[2.88487,39.77626],[2.87899,39.77968],[2.8672,39.79224],[2.85174,39.78173],[2.84374,39.77999],[2.83972,39.77428],[2.84859,39.76879],[2.83425,39.75187],[2.8369,39.75117],[2.83774,39.74856],[2.83844,39.74569]]]}},{"type":"Feature","properties":{"mun_code":"07032","mun_name":"Maó","mun_name_local":null,"prov_code":"07","prov_name":"Illes Balears","acom_code":"04","acom_name":"Illes Balears","geo_point_2d":{"lon":4.232282057516563,"lat":39.91544860366903}},"geometry":{"type":"MultiPolygon","coordinates":[[[[4.30585,39.87218],[4.30725,39.87133],[4.30593,39.87883],[4.30466,39.88091],[4.30155,39.88174],[4.30167,39.87605],[4.30608,39.8725],[4.30585,39.87218]]],[[[4.29818,39.88233],[4.29929,39.88139],[4.29782,39.88277],[4.29818,39.88233]]],[[[4.28608,39.88607],[4.2888,39.88679],[4.28656,39.88815],[4.28611,39.88635],[4.28608,39.88607]]],[[[4.28956,39.91173],[4.29068,39.9126],[4.28954,39.91226],[4.28956,39.91173]]],[[[4.20876,40.01837],[4.21001,40.0181],[4.21065,40.02019],[4.20873,40.02207],[4.20857,40.01885],[4.20876,40.01837]]],[[[4.20409,40.01377],[4.20532,40.01366],[4.20384,40.01402],[4.20409,40.01377]]],[[[4.20832,40.01452],[4.21035,40.01482],[4.20992,40.01598],[4.21266,40.01823],[4.21048,40.01817],[4.20834,40.01512],[4.20832,40.01452]]],[[[4.15648,39.8551],[4.16578,39.84898],[4.16741,39.84933],[4.16848,39.85247],[4.16849,39.84934],[4.17151,39.84813],[4.17165,39.84545],[4.17438,39.84474],[4.17483,39.84301],[4.17873,39.84323],[4.18293,39.83851],[4.18826,39.83726],[4.19749,39.83208],[4.19858,39.83215],[4.19805,39.83425],[4.20195,39.83094],[4.20367,39.83224],[4.20261,39.83458],[4.20914,39.84825],[4.2109,39.84771],[4.21231,39.84984],[4.21409,39.84936],[4.21611,39.85249],[4.22172,39.85144],[4.22026,39.85693],[4.2256,39.857],[4.22667,39.86159],[4.23019,39.86226],[4.22988,39.86374],[4.23199,39.86303],[4.23295,39.86504],[4.23903,39.86303],[4.25637,39.86279],[4.25746,39.86164],[4.25864,39.86437],[4.26043,39.86349],[4.26525,39.86464],[4.26522,39.87219],[4.2737,39.88027],[4.27686,39.89011],[4.27365,39.89097],[4.26934,39.88971],[4.26253,39.89123],[4.25633,39.89525],[4.25666,39.89726],[4.2581,39.89528],[4.26705,39.8931],[4.26754,39.89405],[4.26765,39.89303],[4.26796,39.894],[4.26812,39.89296],[4.26965,39.89367],[4.27027,39.89182],[4.2702,39.89397],[4.27782,39.89269],[4.27682,39.89481],[4.27809,39.89523],[4.2811,39.89194],[4.28409,39.89085],[4.28595,39.89168],[4.28599,39.8904],[4.28794,39.89053],[4.29055,39.88844],[4.29334,39.88862],[4.29612,39.89186],[4.29676,39.88923],[4.29508,39.88785],[4.29672,39.88761],[4.29662,39.88519],[4.30037,39.88488],[4.2998,39.88386],[4.30847,39.88014],[4.3104,39.87792],[4.30708,39.87557],[4.31035,39.87004],[4.31226,39.87235],[4.31569,39.87109],[4.32739,39.87596],[4.32774,39.877],[4.32526,39.87832],[4.32062,39.87957],[4.31473,39.87892],[4.3143,39.88078],[4.30969,39.88038],[4.31188,39.88552],[4.31054,39.88583],[4.3095,39.89053],[4.30661,39.89266],[4.30835,39.89905],[4.30578,39.89718],[4.29863,39.89728],[4.29891,39.89951],[4.29351,39.9029],[4.29358,39.90444],[4.29576,39.90499],[4.29421,39.90529],[4.29276,39.91047],[4.28589,39.91203],[4.28674,39.91591],[4.29021,39.91667],[4.28871,39.91817],[4.28545,39.91787],[4.28615,39.92173],[4.28425,39.92419],[4.28532,39.92496],[4.28245,39.92495],[4.28063,39.92955],[4.27494,39.93255],[4.27374,39.93591],[4.27569,39.93945],[4.28328,39.94447],[4.27857,39.9455],[4.27969,39.94732],[4.27818,39.94866],[4.28066,39.94991],[4.27589,39.95141],[4.27479,39.94958],[4.27003,39.9513],[4.26736,39.94957],[4.26547,39.94991],[4.26438,39.95271],[4.27211,39.95413],[4.26933,39.95611],[4.26996,39.95951],[4.26771,39.96002],[4.26511,39.95784],[4.2634,39.95799],[4.26423,39.96065],[4.26287,39.96132],[4.26621,39.96173],[4.26578,39.9631],[4.26271,39.96284],[4.26182,39.96491],[4.25867,39.96414],[4.25901,39.96301],[4.25477,39.96394],[4.25623,39.9695],[4.26008,39.97475],[4.25903,39.97878],[4.26478,39.98006],[4.26614,39.98197],[4.25929,39.98157],[4.25807,39.98328],[4.25992,39.9843],[4.25964,39.98744],[4.25534,39.98823],[4.2548,39.99267],[4.25734,39.99521],[4.26117,39.99637],[4.26985,39.99654],[4.26679,39.99839],[4.26172,39.99938],[4.25861,39.99719],[4.25601,39.9997],[4.25462,39.99782],[4.25111,39.99846],[4.25176,40.00066],[4.25056,40.00142],[4.24806,40.00146],[4.24396,39.9993],[4.24102,39.99906],[4.23865,40.00049],[4.23461,39.99823],[4.23152,39.99898],[4.22973,39.99549],[4.22499,39.9985],[4.22166,39.99639],[4.21942,39.9974],[4.21999,39.99937],[4.21663,39.99994],[4.21965,40.00226],[4.21706,40.00352],[4.21226,40.00198],[4.20935,40.00317],[4.20939,40.00543],[4.21265,40.00655],[4.21064,40.00767],[4.21111,40.00942],[4.20794,40.01301],[4.20552,40.00975],[4.2088,40.00738],[4.20682,40.00561],[4.20376,40.00926],[4.20332,40.00798],[4.20103,40.0086],[4.20183,40.0021],[4.20705,39.99542],[4.20678,39.99085],[4.20461,39.98953],[4.20525,39.98597],[4.21325,39.97744],[4.20519,39.97367],[4.20313,39.97401],[4.19555,39.96443],[4.20175,39.9619],[4.20224,39.96022],[4.20551,39.96174],[4.20702,39.95981],[4.2075,39.95867],[4.20254,39.95795],[4.20311,39.95461],[4.20101,39.95529],[4.19938,39.95297],[4.20449,39.94797],[4.20607,39.94391],[4.20066,39.9436],[4.20472,39.94312],[4.20083,39.93806],[4.19159,39.93488],[4.1894,39.93181],[4.18958,39.92556],[4.19528,39.92422],[4.19497,39.92293],[4.2002,39.91978],[4.20046,39.91803],[4.20555,39.9194],[4.20659,39.91867],[4.20368,39.9176],[4.20538,39.91631],[4.20441,39.91444],[4.20917,39.91565],[4.20993,39.91422],[4.20685,39.90889],[4.20427,39.90993],[4.20272,39.90699],[4.20466,39.90367],[4.20269,39.90187],[4.19805,39.90336],[4.19447,39.90261],[4.19281,39.89883],[4.18982,39.89757],[4.18414,39.89864],[4.18539,39.89629],[4.18824,39.89666],[4.18834,39.89545],[4.18439,39.89387],[4.18775,39.89176],[4.18757,39.88602],[4.1915,39.88144],[4.18852,39.88072],[4.18933,39.87943],[4.1858,39.88075],[4.18164,39.88032],[4.17959,39.87311],[4.17777,39.8742],[4.17686,39.87769],[4.17305,39.87838],[4.16954,39.87694],[4.16691,39.87183],[4.1654,39.87168],[4.1608,39.85997],[4.15792,39.85706],[4.15648,39.8551]]],[[[4.28002,39.95126],[4.28002,39.95025],[4.28045,39.95122],[4.28002,39.95126]]],[[[4.27526,39.9564],[4.27973,39.95623],[4.28403,39.95981],[4.28325,39.96112],[4.2796,39.96156],[4.27912,39.96399],[4.27743,39.96472],[4.27791,39.96673],[4.27353,39.96429],[4.27481,39.96342],[4.27346,39.95883],[4.27473,39.95787],[4.27285,39.95692],[4.27512,39.95636],[4.27526,39.9564]]]]}},{"type":"Feature","properties":{"mun_code":"07035","mun_name":"Maria de la Salut","mun_name_local":null,"prov_code":"07","prov_name":"Illes Balears","acom_code":"04","acom_name":"Illes Balears","geo_point_2d":{"lon":3.094527256858352,"lat":39.67445752047185}},"geometry":{"type":"Polygon","coordinates":[[[3.03656,39.65989],[3.04971,39.65489],[3.05432,39.65653],[3.06359,39.65423],[3.07435,39.65635],[3.09555,39.65776],[3.09706,39.65888],[3.12383,39.66286],[3.12686,39.65871],[3.13651,39.66287],[3.1397,39.66745],[3.14309,39.66869],[3.15212,39.66719],[3.16188,39.6739],[3.15326,39.67594],[3.16612,39.69008],[3.15552,39.69551],[3.15207,39.69056],[3.14644,39.68859],[3.14093,39.68309],[3.13464,39.68433],[3.12628,39.67829],[3.12251,39.6791],[3.11911,39.67608],[3.11463,39.67838],[3.11175,39.67657],[3.10727,39.68176],[3.09645,39.68857],[3.08558,39.69866],[3.07691,39.69686],[3.07023,39.70293],[3.06182,39.69237],[3.05746,39.69038],[3.0591,39.68763],[3.03995,39.66464],[3.03656,39.65989]]]}},{"type":"Feature","properties":{"mun_code":"07005","mun_name":"Andratx","mun_name_local":null,"prov_code":"07","prov_name":"Illes Balears","acom_code":"04","acom_name":"Illes Balears","geo_point_2d":{"lon":2.4024204423079167,"lat":39.58205359767057}},"geometry":{"type":"MultiPolygon","coordinates":[[[[2.34808,39.57623],[2.34918,39.5767],[2.34796,39.57784],[2.34777,39.57632],[2.34808,39.57623]]],[[[2.30543,39.57243],[2.30782,39.57298],[2.30789,39.57514],[2.31311,39.57422],[2.31854,39.57668],[2.32678,39.58661],[2.33364,39.58889],[2.33634,39.59356],[2.33556,39.59451],[2.33888,39.59823],[2.32392,39.59299],[2.3135,39.58552],[2.31381,39.58436],[2.30929,39.58314],[2.30398,39.57617],[2.30319,39.57282],[2.30486,39.57248],[2.30543,39.57243]]],[[[2.43667,39.64343],[2.43091,39.64184],[2.42568,39.63792],[2.42312,39.63867],[2.42381,39.63698],[2.42133,39.63608],[2.42284,39.63298],[2.42191,39.62997],[2.41575,39.62966],[2.41148,39.62785],[2.40379,39.62221],[2.39472,39.61924],[2.39542,39.6177],[2.39064,39.61742],[2.38493,39.61355],[2.37809,39.61505],[2.36898,39.61413],[2.3586,39.60556],[2.35597,39.60553],[2.35482,39.5962],[2.34972,39.59643],[2.34698,39.59477],[2.34778,39.59293],[2.34463,39.58723],[2.34593,39.58391],[2.34864,39.58415],[2.34979,39.57876],[2.35442,39.57667],[2.35222,39.57505],[2.35319,39.57307],[2.3514,39.57223],[2.35169,39.57062],[2.34653,39.56456],[2.34986,39.56294],[2.35309,39.56423],[2.35522,39.56308],[2.35644,39.55992],[2.35393,39.55809],[2.36011,39.5568],[2.36086,39.5543],[2.36617,39.55522],[2.36884,39.55237],[2.36869,39.54726],[2.37224,39.54428],[2.37723,39.54467],[2.37882,39.54284],[2.37909,39.54633],[2.38182,39.54706],[2.3838,39.54553],[2.38238,39.547],[2.38418,39.54749],[2.38525,39.54617],[2.38424,39.54768],[2.38559,39.54806],[2.39051,39.54621],[2.38728,39.54433],[2.38599,39.54516],[2.38726,39.54416],[2.3845,39.54183],[2.37851,39.53942],[2.3718,39.53726],[2.3714,39.53835],[2.36829,39.53805],[2.3632,39.53207],[2.37135,39.53141],[2.37677,39.5375],[2.37953,39.53301],[2.38813,39.53392],[2.3891,39.52763],[2.3881,39.526],[2.3862,39.52589],[2.38571,39.52174],[2.38701,39.52086],[2.40471,39.52676],[2.40711,39.531],[2.40537,39.53654],[2.41215,39.53732],[2.4141,39.53903],[2.42362,39.53683],[2.42166,39.53416],[2.42334,39.53112],[2.41896,39.5232],[2.42198,39.5239],[2.42762,39.53496],[2.43215,39.53823],[2.43295,39.54241],[2.44188,39.54766],[2.44363,39.55222],[2.44829,39.55425],[2.45208,39.55838],[2.44878,39.55795],[2.44769,39.56134],[2.43854,39.56551],[2.4404,39.57541],[2.44274,39.57886],[2.45529,39.57928],[2.46042,39.58625],[2.45872,39.58854],[2.45973,39.59112],[2.45682,39.59665],[2.4575,39.60014],[2.45579,39.60142],[2.45696,39.60256],[2.45641,39.609],[2.45281,39.61147],[2.45188,39.6157],[2.44827,39.61813],[2.44592,39.62249],[2.44776,39.63374],[2.43877,39.63778],[2.43684,39.64309],[2.43667,39.64343]]]]}},{"type":"Feature","properties":{"mun_code":"07003","mun_name":"Alcúdia","mun_name_local":null,"prov_code":"07","prov_name":"Illes Balears","acom_code":"04","acom_name":"Illes Balears","geo_point_2d":{"lon":3.111832785308963,"lat":39.84240007658286}},"geometry":{"type":"MultiPolygon","coordinates":[[[[3.16955,39.83466],[3.17143,39.83592],[3.16933,39.83494],[3.16955,39.83466]]],[[[3.08688,39.87091],[3.08135,39.86917],[3.06448,39.85391],[3.06017,39.85323],[3.05732,39.84805],[3.05269,39.84967],[3.04791,39.84698],[3.04996,39.83264],[3.04737,39.82653],[3.0477,39.8227],[3.04341,39.81793],[3.03817,39.82117],[3.03564,39.821],[3.03705,39.81124],[3.04019,39.80533],[3.04326,39.80641],[3.04485,39.80435],[3.05091,39.807],[3.06084,39.80403],[3.06879,39.80464],[3.07815,39.79892],[3.08439,39.80148],[3.08454,39.80394],[3.09064,39.80795],[3.1064,39.81436],[3.11706,39.81566],[3.11732,39.82286],[3.12066,39.83191],[3.12537,39.83774],[3.13005,39.84071],[3.13264,39.84107],[3.13008,39.83877],[3.13469,39.83582],[3.13605,39.83695],[3.13349,39.83606],[3.13498,39.83693],[3.13195,39.83801],[3.13387,39.83808],[3.13242,39.83907],[3.13412,39.8386],[3.13259,39.83946],[3.1343,39.839],[3.13277,39.8398],[3.13448,39.83938],[3.13281,39.83986],[3.13475,39.84],[3.13329,39.84097],[3.13697,39.84032],[3.13517,39.83812],[3.13889,39.83838],[3.14089,39.83667],[3.13842,39.83518],[3.14131,39.83563],[3.14314,39.83415],[3.14059,39.83197],[3.14401,39.8342],[3.15756,39.8377],[3.15945,39.8368],[3.16385,39.8389],[3.16894,39.83699],[3.17402,39.83815],[3.17522,39.84025],[3.17837,39.84054],[3.18138,39.84326],[3.18712,39.85116],[3.1965,39.85963],[3.19718,39.86276],[3.18833,39.86195],[3.18655,39.86334],[3.18586,39.87018],[3.1842,39.87108],[3.18868,39.87366],[3.18711,39.87702],[3.19047,39.87745],[3.18823,39.87927],[3.18822,39.88154],[3.19317,39.88205],[3.20446,39.88881],[3.20334,39.8904],[3.19878,39.89058],[3.19465,39.89335],[3.19036,39.89242],[3.18746,39.8881],[3.18971,39.88694],[3.18569,39.88414],[3.17958,39.88317],[3.17322,39.87793],[3.17198,39.87927],[3.17026,39.8761],[3.16903,39.87761],[3.1664,39.87754],[3.16378,39.87378],[3.15997,39.87312],[3.1593,39.87162],[3.15426,39.87112],[3.15239,39.87209],[3.14783,39.86689],[3.14265,39.86717],[3.14499,39.86549],[3.14349,39.86498],[3.14347,39.8666],[3.14122,39.86468],[3.13664,39.86614],[3.13535,39.86545],[3.13454,39.868],[3.13165,39.8693],[3.12534,39.86303],[3.12254,39.8643],[3.12077,39.86184],[3.11904,39.86176],[3.11839,39.86421],[3.11602,39.8646],[3.11554,39.86214],[3.11151,39.8615],[3.11029,39.8585],[3.10645,39.85761],[3.09922,39.85976],[3.09076,39.86591],[3.08709,39.8704],[3.08688,39.87091]]]]}},{"type":"Feature","properties":{"mun_code":"07027","mun_name":"Inca","mun_name_local":null,"prov_code":"07","prov_name":"Illes Balears","acom_code":"04","acom_name":"Illes Balears","geo_point_2d":{"lon":2.9421623374645347,"lat":39.711727471510024}},"geometry":{"type":"Polygon","coordinates":[[[2.88192,39.69361],[2.88845,39.68983],[2.89909,39.68769],[2.90334,39.68468],[2.90936,39.68274],[2.92805,39.69063],[2.93327,39.68303],[2.94417,39.67539],[2.94352,39.6747],[2.94921,39.67626],[2.95602,39.67305],[2.96257,39.67636],[2.96377,39.67398],[2.96042,39.6723],[2.9618,39.6707],[2.96808,39.67476],[2.96892,39.67933],[2.97002,39.67851],[2.97332,39.67925],[2.98547,39.69163],[2.99055,39.69947],[2.98923,39.70337],[2.99802,39.70739],[2.99169,39.71572],[2.99343,39.72078],[2.99151,39.72343],[2.99368,39.72749],[2.99971,39.73061],[2.98735,39.73467],[2.98816,39.73623],[2.9865,39.7368],[2.98888,39.73782],[2.97612,39.74984],[2.97125,39.7488],[2.95972,39.75081],[2.94702,39.74243],[2.94243,39.7414],[2.93942,39.73771],[2.93044,39.73995],[2.92489,39.73709],[2.9217,39.73958],[2.92061,39.73703],[2.90611,39.73375],[2.90606,39.73479],[2.89821,39.73075],[2.89345,39.73392],[2.88378,39.72463],[2.88619,39.72221],[2.88525,39.72168],[2.88845,39.71358],[2.8832,39.71146],[2.88416,39.71007],[2.87806,39.70592],[2.88343,39.70092],[2.88143,39.7],[2.88517,39.69568],[2.88202,39.69387],[2.88192,39.69361]]]}},{"type":"Feature","properties":{"mun_code":"07009","mun_name":"Búger","mun_name_local":null,"prov_code":"07","prov_name":"Illes Balears","acom_code":"04","acom_name":"Illes Balears","geo_point_2d":{"lon":2.9850546751914244,"lat":39.7580948934336}},"geometry":{"type":"Polygon","coordinates":[[[2.95972,39.75081],[2.97125,39.7488],[2.97612,39.74984],[2.98862,39.73812],[3.00154,39.74756],[2.99521,39.75297],[2.99775,39.75606],[3.00015,39.75648],[2.99774,39.76029],[3.00319,39.76958],[3.00167,39.77149],[3.00229,39.77518],[3.01341,39.78337],[3.00825,39.78124],[3.00482,39.78207],[2.9926,39.77014],[2.99625,39.76794],[2.99374,39.76533],[2.98796,39.76873],[2.98133,39.76912],[2.9804,39.77113],[2.97679,39.76942],[2.96495,39.76012],[2.96072,39.75176],[2.95972,39.75081]]]}},{"type":"Feature","properties":{"mun_code":"07038","mun_name":"Montuïri","mun_name_local":null,"prov_code":"07","prov_name":"Illes Balears","acom_code":"04","acom_name":"Illes Balears","geo_point_2d":{"lon":2.9911128103247053,"lat":39.564559248728116}},"geometry":{"type":"Polygon","coordinates":[[[2.95443,39.60209],[2.95518,39.60145],[2.94852,39.59305],[2.94249,39.58996],[2.94405,39.58665],[2.95584,39.57943],[2.96046,39.5697],[2.96652,39.56239],[2.96557,39.56125],[2.96808,39.55481],[2.96554,39.54576],[2.96894,39.53964],[2.96228,39.52515],[2.96389,39.5241],[2.97486,39.51791],[2.98464,39.52764],[2.98652,39.53127],[2.99154,39.53243],[3.0044,39.54051],[3.01257,39.54111],[3.02046,39.54389],[3.02822,39.54431],[3.03099,39.54625],[3.04189,39.54847],[3.03969,39.55054],[3.04465,39.55222],[3.04131,39.56007],[3.0424,39.56426],[3.03768,39.56675],[3.03768,39.56511],[3.02987,39.57026],[3.02765,39.58092],[3.01867,39.58244],[3.01462,39.57647],[3.00607,39.57872],[3.00652,39.58361],[3.01084,39.58804],[3.00764,39.59076],[3.00088,39.59089],[2.99766,39.59307],[2.98951,39.59334],[2.98684,39.59624],[2.98864,39.59766],[2.98609,39.59971],[2.98602,39.59833],[2.98064,39.59845],[2.98039,39.59711],[2.97642,39.59617],[2.96958,39.59954],[2.96338,39.60646],[2.95997,39.60321],[2.95503,39.6028],[2.95443,39.60209]]]}},{"type":"Feature","properties":{"mun_code":"07056","mun_name":"Santa María del Camí","mun_name_local":null,"prov_code":"07","prov_name":"Illes Balears","acom_code":"04","acom_name":"Illes Balears","geo_point_2d":{"lon":2.7721330453171946,"lat":39.66412588870512}},"geometry":{"type":"Polygon","coordinates":[[[2.73846,39.65921],[2.75229,39.65805],[2.75459,39.65641],[2.75443,39.64819],[2.76577,39.64756],[2.76333,39.64537],[2.76751,39.63994],[2.77837,39.63881],[2.78266,39.63264],[2.78363,39.62835],[2.79762,39.61404],[2.80103,39.61486],[2.8063,39.61132],[2.8159,39.61514],[2.81136,39.61788],[2.81352,39.61943],[2.81102,39.62167],[2.81073,39.63808],[2.82445,39.63753],[2.82372,39.64053],[2.79848,39.66089],[2.79725,39.66175],[2.79534,39.66081],[2.78506,39.67227],[2.77882,39.68411],[2.7709,39.69118],[2.76498,39.6929],[2.76676,39.69809],[2.76531,39.70546],[2.75875,39.70957],[2.75267,39.71849],[2.74911,39.71463],[2.74547,39.71461],[2.74121,39.71267],[2.73694,39.70648],[2.73477,39.70632],[2.73146,39.69862],[2.7364,39.69194],[2.73307,39.68933],[2.73679,39.66193],[2.73846,39.65921]]]}},{"type":"Feature","properties":{"mun_code":"07048","mun_name":"Sant Josep de sa Talaia","mun_name_local":null,"prov_code":"07","prov_name":"Illes Balears","acom_code":"04","acom_name":"Illes Balears","geo_point_2d":{"lon":1.3083123434363932,"lat":38.90821875063096}},"geometry":{"type":"MultiPolygon","coordinates":[[[[1.41105,38.81437],[1.41231,38.81441],[1.41173,38.81694],[1.40988,38.81872],[1.41087,38.81468],[1.41105,38.81437]]],[[[1.40327,38.81571],[1.40458,38.8167],[1.40261,38.81576],[1.40327,38.81571]]],[[[1.40398,38.814],[1.4051,38.81379],[1.4036,38.81411],[1.40398,38.814]]],[[[1.1962,38.95725],[1.19965,38.95699],[1.19933,38.95945],[1.19226,38.95957],[1.18977,38.95782],[1.19624,38.95751],[1.1962,38.95725]]],[[[1.165,38.97168],[1.16705,38.97222],[1.1648,38.9735],[1.1645,38.97202],[1.165,38.97168]]],[[[1.16474,38.96839],[1.16494,38.96745],[1.16652,38.96846],[1.16491,38.96853],[1.16474,38.96839]]],[[[1.15899,38.97994],[1.16073,38.97916],[1.16147,38.98084],[1.15922,38.98014],[1.15899,38.97994]]],[[[1.21307,38.97694],[1.21408,38.97593],[1.21621,38.97877],[1.21887,38.97853],[1.21662,38.98002],[1.21832,38.98084],[1.21783,38.98186],[1.21338,38.98224],[1.21055,38.9841],[1.21527,38.98811],[1.21592,38.9927],[1.21364,38.99527],[1.20623,38.98943],[1.20886,38.98619],[1.20633,38.98376],[1.20667,38.98126],[1.21286,38.97726],[1.21307,38.97694]]],[[[1.21566,38.96763],[1.21843,38.9669],[1.22014,38.96818],[1.2151,38.9726],[1.21537,38.9678],[1.21566,38.96763]]],[[[1.18848,38.86292],[1.19878,38.86482],[1.20205,38.8641],[1.20337,38.86877],[1.20002,38.87083],[1.19592,38.87016],[1.18839,38.86314],[1.18848,38.86292]]],[[[1.21252,38.86618],[1.21463,38.86657],[1.21486,38.86943],[1.2112,38.87011],[1.20663,38.86826],[1.21097,38.86705],[1.21257,38.86868],[1.21384,38.86805],[1.21237,38.86655],[1.21252,38.86618]]],[[[1.38461,38.92947],[1.37924,38.93407],[1.37339,38.93532],[1.36473,38.93172],[1.3566,38.93003],[1.35489,38.9393],[1.34695,38.9443],[1.31713,38.94677],[1.30615,38.9665],[1.30238,38.96943],[1.29936,38.96801],[1.29568,38.96853],[1.29166,38.97267],[1.2873,38.97139],[1.28375,38.97422],[1.28161,38.97209],[1.27859,38.97243],[1.27633,38.96992],[1.26702,38.96986],[1.26598,38.9687],[1.26852,38.96739],[1.26776,38.96666],[1.26346,38.96747],[1.2629,38.97014],[1.2606,38.97124],[1.25943,38.96752],[1.24996,38.96909],[1.25124,38.96685],[1.24607,38.96768],[1.24479,38.96593],[1.23965,38.96846],[1.24285,38.97089],[1.24292,38.97288],[1.23768,38.97201],[1.23456,38.96847],[1.23233,38.96874],[1.23238,38.97202],[1.22918,38.97454],[1.22932,38.97172],[1.2258,38.96724],[1.22573,38.96464],[1.21989,38.96321],[1.21957,38.96049],[1.21474,38.9574],[1.21787,38.95421],[1.22006,38.95511],[1.21847,38.95206],[1.21946,38.95104],[1.22751,38.95013],[1.22533,38.94838],[1.22803,38.94797],[1.22642,38.94498],[1.23423,38.94453],[1.22952,38.94315],[1.23086,38.94101],[1.23491,38.94111],[1.23648,38.93879],[1.23598,38.9357],[1.23178,38.93372],[1.23295,38.93366],[1.23285,38.92985],[1.2309,38.93043],[1.23078,38.92844],[1.22766,38.92833],[1.22852,38.92491],[1.22074,38.92284],[1.22231,38.91967],[1.21906,38.91758],[1.21857,38.91533],[1.22192,38.91573],[1.22398,38.91354],[1.21947,38.91348],[1.21981,38.91091],[1.21762,38.90977],[1.21819,38.9088],[1.21655,38.9089],[1.21331,38.90199],[1.21364,38.89737],[1.21803,38.89462],[1.2168,38.89371],[1.21965,38.89273],[1.22021,38.88998],[1.22297,38.89073],[1.22519,38.88819],[1.222,38.8786],[1.22609,38.8759],[1.2241,38.8709],[1.22873,38.87312],[1.23576,38.87247],[1.24323,38.86658],[1.24636,38.85656],[1.24851,38.85586],[1.25533,38.8598],[1.25578,38.86193],[1.25349,38.86297],[1.26685,38.87764],[1.27178,38.87944],[1.27461,38.8776],[1.27947,38.87848],[1.28216,38.87692],[1.28221,38.87477],[1.2842,38.87695],[1.29142,38.87562],[1.29612,38.87709],[1.3007,38.87183],[1.30079,38.86929],[1.30321,38.87049],[1.30517,38.8677],[1.30485,38.86635],[1.29956,38.86544],[1.29737,38.86226],[1.30215,38.86189],[1.3043,38.86306],[1.30475,38.86166],[1.30906,38.86441],[1.30977,38.86805],[1.31423,38.86821],[1.32119,38.8644],[1.32034,38.85588],[1.3243,38.86271],[1.32787,38.86423],[1.32914,38.86759],[1.33224,38.8679],[1.3352,38.86625],[1.33501,38.86871],[1.34312,38.87108],[1.35338,38.86645],[1.36117,38.86068],[1.37071,38.84396],[1.36918,38.83554],[1.37239,38.83278],[1.3712,38.83042],[1.37485,38.83194],[1.37683,38.83505],[1.38042,38.83429],[1.38186,38.84017],[1.38333,38.83955],[1.38434,38.84238],[1.39337,38.84048],[1.40593,38.83151],[1.4022,38.84902],[1.40458,38.85238],[1.4045,38.8574],[1.40684,38.85734],[1.40749,38.8588],[1.40524,38.86118],[1.40763,38.86893],[1.40477,38.86938],[1.40516,38.87311],[1.40318,38.87469],[1.41013,38.89094],[1.40432,38.89507],[1.4076,38.89704],[1.4071,38.89788],[1.40161,38.90154],[1.40519,38.9034],[1.40534,38.9057],[1.40766,38.90777],[1.39595,38.91554],[1.38927,38.91808],[1.39307,38.92177],[1.38777,38.92651],[1.38461,38.92947]]]]}},{"type":"Feature","properties":{"mun_code":"07902","mun_name":"Es Migjorn Gran","mun_name_local":null,"prov_code":"07","prov_name":"Illes Balears","acom_code":"04","acom_name":"Illes Balears","geo_point_2d":{"lon":4.03792794272184,"lat":39.94329676252023}},"geometry":{"type":"MultiPolygon","coordinates":[[[[4.02986,39.91556],[4.03033,39.91667],[4.02972,39.91587],[4.02986,39.91556]]],[[[4.04745,39.9726],[4.03973,39.97543],[4.03809,39.97424],[4.03294,39.97425],[4.03154,39.97321],[4.03469,39.97027],[4.03056,39.96698],[4.03379,39.96048],[4.02886,39.95921],[4.02449,39.96181],[4.02374,39.95858],[4.01892,39.956],[4.00898,39.95443],[4.00348,39.95079],[4.00594,39.94712],[4.00107,39.94237],[4.00108,39.9398],[3.99827,39.94011],[3.99503,39.93615],[3.99223,39.93658],[3.99194,39.93276],[3.98783,39.93262],[3.99026,39.93049],[3.99018,39.92734],[3.99871,39.92445],[4.00069,39.92589],[4.00191,39.92436],[4.00427,39.92519],[4.00545,39.92252],[4.0127,39.92017],[4.01723,39.92199],[4.02144,39.92165],[4.02974,39.91829],[4.03068,39.91644],[4.03284,39.91697],[4.04318,39.91277],[4.04431,39.91031],[4.04718,39.9106],[4.05294,39.90658],[4.05501,39.90724],[4.05697,39.91112],[4.05643,39.91765],[4.05412,39.91955],[4.05636,39.9274],[4.06173,39.93132],[4.06685,39.93116],[4.06564,39.93443],[4.06668,39.93747],[4.06349,39.93768],[4.06669,39.93886],[4.06619,39.94125],[4.06354,39.94112],[4.06236,39.94361],[4.07112,39.94571],[4.07505,39.95543],[4.07836,39.95717],[4.07465,39.9578],[4.07239,39.96094],[4.07244,39.96942],[4.06935,39.97314],[4.05719,39.97568],[4.04832,39.97324],[4.04745,39.9726]]]]}},{"type":"Feature","properties":{"mun_code":"07032","mun_name":"Maó-Mahón","mun_name_local":null,"prov_code":"07","prov_name":"Illes Balears","acom_code":"04","acom_name":"Illes Balears","geo_point_2d":{"lon":4.232282057516563,"lat":39.91544860366903}},"geometry":{"type":"MultiPolygon","coordinates":[[[[4.30585,39.87218],[4.30725,39.87133],[4.30593,39.87883],[4.30466,39.88091],[4.30155,39.88174],[4.30167,39.87605],[4.30608,39.8725],[4.30585,39.87218]]],[[[4.29818,39.88233],[4.29929,39.88139],[4.29782,39.88277],[4.29818,39.88233]]],[[[4.28608,39.88607],[4.2888,39.88679],[4.28656,39.88815],[4.28611,39.88635],[4.28608,39.88607]]],[[[4.28956,39.91173],[4.29068,39.9126],[4.28954,39.91226],[4.28956,39.91173]]],[[[4.20876,40.01837],[4.21001,40.0181],[4.21065,40.02019],[4.20873,40.02207],[4.20857,40.01885],[4.20876,40.01837]]],[[[4.20409,40.01377],[4.20532,40.01366],[4.20384,40.01402],[4.20409,40.01377]]],[[[4.20832,40.01452],[4.21035,40.01482],[4.20992,40.01598],[4.21266,40.01823],[4.21048,40.01817],[4.20834,40.01512],[4.20832,40.01452]]],[[[4.15648,39.8551],[4.16578,39.84898],[4.16741,39.84933],[4.16848,39.85247],[4.16849,39.84934],[4.17151,39.84813],[4.17165,39.84545],[4.17438,39.84474],[4.17483,39.84301],[4.17873,39.84323],[4.18293,39.83851],[4.18826,39.83726],[4.19749,39.83208],[4.19858,39.83215],[4.19805,39.83425],[4.20195,39.83094],[4.20367,39.83224],[4.20261,39.83458],[4.20914,39.84825],[4.2109,39.84771],[4.21231,39.84984],[4.21409,39.84936],[4.21611,39.85249],[4.22172,39.85144],[4.22026,39.85693],[4.2256,39.857],[4.22667,39.86159],[4.23019,39.86226],[4.22988,39.86374],[4.23199,39.86303],[4.23295,39.86504],[4.23903,39.86303],[4.25637,39.86279],[4.25746,39.86164],[4.25864,39.86437],[4.26043,39.86349],[4.26525,39.86464],[4.26522,39.87219],[4.2737,39.88027],[4.27686,39.89011],[4.27365,39.89097],[4.26934,39.88971],[4.26253,39.89123],[4.25633,39.89525],[4.25666,39.89726],[4.2581,39.89528],[4.26705,39.8931],[4.26754,39.89405],[4.26765,39.89303],[4.26796,39.894],[4.26812,39.89296],[4.26965,39.89367],[4.27027,39.89182],[4.2702,39.89397],[4.27782,39.89269],[4.27682,39.89481],[4.27809,39.89523],[4.2811,39.89194],[4.28409,39.89085],[4.28595,39.89168],[4.28599,39.8904],[4.28794,39.89053],[4.29055,39.88844],[4.29334,39.88862],[4.29612,39.89186],[4.29676,39.88923],[4.29508,39.88785],[4.29672,39.88761],[4.29662,39.88519],[4.30037,39.88488],[4.2998,39.88386],[4.30847,39.88014],[4.3104,39.87792],[4.30708,39.87557],[4.31035,39.87004],[4.31226,39.87235],[4.31569,39.87109],[4.32739,39.87596],[4.32774,39.877],[4.32526,39.87832],[4.32062,39.87957],[4.31473,39.87892],[4.3143,39.88078],[4.30969,39.88038],[4.31188,39.88552],[4.31054,39.88583],[4.3095,39.89053],[4.30661,39.89266],[4.30835,39.89905],[4.30578,39.89718],[4.29863,39.89728],[4.29891,39.89951],[4.29351,39.9029],[4.29358,39.90444],[4.29576,39.90499],[4.29421,39.90529],[4.29276,39.91047],[4.28589,39.91203],[4.28674,39.91591],[4.29021,39.91667],[4.28871,39.91817],[4.28545,39.91787],[4.28615,39.92173],[4.28425,39.92419],[4.28532,39.92496],[4.28245,39.92495],[4.28063,39.92955],[4.27494,39.93255],[4.27374,39.93591],[4.27569,39.93945],[4.28328,39.94447],[4.27857,39.9455],[4.27969,39.94732],[4.27818,39.94866],[4.28066,39.94991],[4.27589,39.95141],[4.27479,39.94958],[4.27003,39.9513],[4.26736,39.94957],[4.26547,39.94991],[4.26438,39.95271],[4.27211,39.95413],[4.26933,39.95611],[4.26996,39.95951],[4.26771,39.96002],[4.26511,39.95784],[4.2634,39.95799],[4.26423,39.96065],[4.26287,39.96132],[4.26621,39.96173],[4.26578,39.9631],[4.26271,39.96284],[4.26182,39.96491],[4.25867,39.96414],[4.25901,39.96301],[4.25477,39.96394],[4.25623,39.9695],[4.26008,39.97475],[4.25903,39.97878],[4.26478,39.98006],[4.26614,39.98197],[4.25929,39.98157],[4.25807,39.98328],[4.25992,39.9843],[4.25964,39.98744],[4.25534,39.98823],[4.2548,39.99267],[4.25734,39.99521],[4.26117,39.99637],[4.26985,39.99654],[4.26679,39.99839],[4.26172,39.99938],[4.25861,39.99719],[4.25601,39.9997],[4.25462,39.99782],[4.25111,39.99846],[4.25176,40.00066],[4.25056,40.00142],[4.24806,40.00146],[4.24396,39.9993],[4.24102,39.99906],[4.23865,40.00049],[4.23461,39.99823],[4.23152,39.99898],[4.22973,39.99549],[4.22499,39.9985],[4.22166,39.99639],[4.21942,39.9974],[4.21999,39.99937],[4.21663,39.99994],[4.21965,40.00226],[4.21706,40.00352],[4.21226,40.00198],[4.20935,40.00317],[4.20939,40.00543],[4.21265,40.00655],[4.21064,40.00767],[4.21111,40.00942],[4.20794,40.01301],[4.20552,40.00975],[4.2088,40.00738],[4.20682,40.00561],[4.20376,40.00926],[4.20332,40.00798],[4.20103,40.0086],[4.20183,40.0021],[4.20705,39.99542],[4.20678,39.99085],[4.20461,39.98953],[4.20525,39.98597],[4.21325,39.97744],[4.20519,39.97367],[4.20313,39.97401],[4.19555,39.96443],[4.20175,39.9619],[4.20224,39.96022],[4.20551,39.96174],[4.20702,39.95981],[4.2075,39.95867],[4.20254,39.95795],[4.20311,39.95461],[4.20101,39.95529],[4.19938,39.95297],[4.20449,39.94797],[4.20607,39.94391],[4.20066,39.9436],[4.20472,39.94312],[4.20083,39.93806],[4.19159,39.93488],[4.1894,39.93181],[4.18958,39.92556],[4.19528,39.92422],[4.19497,39.92293],[4.2002,39.91978],[4.20046,39.91803],[4.20555,39.9194],[4.20659,39.91867],[4.20368,39.9176],[4.20538,39.91631],[4.20441,39.91444],[4.20917,39.91565],[4.20993,39.91422],[4.20685,39.90889],[4.20427,39.90993],[4.20272,39.90699],[4.20466,39.90367],[4.20269,39.90187],[4.19805,39.90336],[4.19447,39.90261],[4.19281,39.89883],[4.18982,39.89757],[4.18414,39.89864],[4.18539,39.89629],[4.18824,39.89666],[4.18834,39.89545],[4.18439,39.89387],[4.18775,39.89176],[4.18757,39.88602],[4.1915,39.88144],[4.18852,39.88072],[4.18933,39.87943],[4.1858,39.88075],[4.18164,39.88032],[4.17959,39.87311],[4.17777,39.8742],[4.17686,39.87769],[4.17305,39.87838],[4.16954,39.87694],[4.16691,39.87183],[4.1654,39.87168],[4.1608,39.85997],[4.15792,39.85706],[4.15648,39.8551]]],[[[4.28002,39.95126],[4.28002,39.95025],[4.28045,39.95122],[4.28002,39.95126]]],[[[4.27526,39.9564],[4.27973,39.95623],[4.28403,39.95981],[4.28325,39.96112],[4.2796,39.96156],[4.27912,39.96399],[4.27743,39.96472],[4.27791,39.96673],[4.27353,39.96429],[4.27481,39.96342],[4.27346,39.95883],[4.27473,39.95787],[4.27285,39.95692],[4.27512,39.95636],[4.27526,39.9564]]]]}},{"type":"Feature","properties":{"mun_code":"07064","mun_name":"es Castell","mun_name_local":null,"prov_code":"07","prov_name":"Illes Balears","acom_code":"04","acom_name":"Illes Balears","geo_point_2d":{"lon":4.2858773807004145,"lat":39.86440312375004}},"geometry":{"type":"Polygon","coordinates":[[[4.26525,39.86464],[4.27081,39.8575],[4.26762,39.85757],[4.26536,39.85547],[4.26674,39.85395],[4.2659,39.8513],[4.27014,39.84819],[4.27238,39.85007],[4.27544,39.8498],[4.275,39.84783],[4.27707,39.84775],[4.27933,39.85007],[4.28868,39.85272],[4.2893,39.85124],[4.29222,39.85168],[4.29483,39.84679],[4.30222,39.84246],[4.30361,39.84712],[4.30844,39.84884],[4.30796,39.8519],[4.30561,39.85338],[4.30728,39.85684],[4.30504,39.85981],[4.30588,39.86323],[4.29884,39.8636],[4.30266,39.86475],[4.3059,39.86415],[4.30737,39.86551],[4.30117,39.87367],[4.29802,39.87557],[4.29538,39.87485],[4.29694,39.87717],[4.29306,39.87867],[4.29581,39.87924],[4.29362,39.88149],[4.28972,39.88107],[4.28934,39.88361],[4.28414,39.88376],[4.27853,39.88671],[4.27581,39.88535],[4.2724,39.87831],[4.26958,39.87719],[4.26522,39.87219],[4.26525,39.86506],[4.26525,39.86464]]]}},{"type":"Feature","properties":{"mun_code":"07024","mun_name":"Formentera","mun_name_local":null,"prov_code":"07","prov_name":"Illes Balears","acom_code":"04","acom_name":"Illes Balears","geo_point_2d":{"lon":1.4589451882117979,"lat":38.69197158329468}},"geometry":{"type":"MultiPolygon","coordinates":[[[[1.38806,38.64074],[1.3944,38.64123],[1.39919,38.64522],[1.40697,38.64888],[1.41581,38.65684],[1.41792,38.66117],[1.42473,38.66624],[1.43015,38.66547],[1.43582,38.67894],[1.44206,38.68383],[1.44718,38.68499],[1.46406,38.68503],[1.48003,38.68075],[1.5091,38.66632],[1.51582,38.66176],[1.51974,38.65646],[1.52332,38.65535],[1.5241,38.65304],[1.53369,38.65173],[1.53714,38.65138],[1.54047,38.65268],[1.57259,38.65099],[1.5758,38.65843],[1.58472,38.6628],[1.58472,38.66978],[1.58171,38.67186],[1.58097,38.6763],[1.58238,38.67749],[1.5782,38.681],[1.57764,38.68421],[1.57169,38.68674],[1.56934,38.68897],[1.56906,38.69162],[1.56454,38.69186],[1.55984,38.69044],[1.55118,38.6845],[1.54043,38.68008],[1.53039,38.67282],[1.5125,38.67953],[1.4956,38.68882],[1.47774,38.70254],[1.47949,38.70789],[1.47865,38.71161],[1.47487,38.71656],[1.47237,38.71713],[1.47067,38.72071],[1.47261,38.72812],[1.46366,38.72257],[1.45638,38.7248],[1.45415,38.72769],[1.4556,38.72947],[1.45273,38.72907],[1.44676,38.73292],[1.43969,38.74448],[1.43482,38.76955],[1.43327,38.77165],[1.43527,38.75933],[1.43191,38.75356],[1.43331,38.75121],[1.43257,38.74936],[1.43055,38.74924],[1.43175,38.74456],[1.42853,38.73815],[1.42121,38.73286],[1.41533,38.7332],[1.41908,38.73474],[1.41484,38.73583],[1.41213,38.73179],[1.41464,38.73234],[1.41671,38.73094],[1.41648,38.72801],[1.4197,38.72498],[1.41925,38.72251],[1.41562,38.72172],[1.4158,38.72288],[1.41555,38.7217],[1.41284,38.72118],[1.40717,38.72197],[1.40506,38.72681],[1.4121,38.73094],[1.40491,38.72781],[1.40152,38.72794],[1.39795,38.73077],[1.39658,38.73548],[1.39448,38.73358],[1.39639,38.73085],[1.39212,38.7283],[1.39186,38.72629],[1.38669,38.72389],[1.3874,38.72209],[1.38025,38.71924],[1.38679,38.71206],[1.38876,38.70112],[1.39034,38.69956],[1.3888,38.69283],[1.38057,38.69264],[1.38273,38.6878],[1.38153,38.68554],[1.3844,38.6791],[1.38413,38.67545],[1.38743,38.66777],[1.38372,38.64839],[1.38475,38.64206],[1.38794,38.64107],[1.38806,38.64074]]],[[[1.4304,38.75346],[1.43073,38.75463],[1.43002,38.75371],[1.4304,38.75346]]],[[[1.48342,38.78693],[1.48143,38.78776],[1.48275,38.78707],[1.48342,38.78693]]],[[[1.41626,38.77392],[1.41749,38.7748],[1.41638,38.77432],[1.41626,38.77392]]],[[[1.42669,38.77636],[1.42566,38.77695],[1.42655,38.77655],[1.42669,38.77636]]],[[[1.42304,38.79837],[1.42239,38.79962],[1.42125,38.79893],[1.42284,38.79828],[1.42304,38.79837]]],[[[1.41905,38.7916],[1.42009,38.79256],[1.41698,38.79498],[1.41898,38.79173],[1.41905,38.7916]]],[[[1.43218,38.77444],[1.43333,38.77494],[1.43108,38.78526],[1.42486,38.79334],[1.4261,38.79396],[1.42429,38.79528],[1.42581,38.79565],[1.42199,38.79729],[1.41911,38.79492],[1.42245,38.79106],[1.42063,38.7908],[1.42151,38.78963],[1.41718,38.78535],[1.42022,38.78075],[1.41933,38.77941],[1.42299,38.78038],[1.42402,38.78241],[1.42649,38.78206],[1.43224,38.7747],[1.43218,38.77444]]],[[[1.47975,38.78812],[1.47867,38.79586],[1.48238,38.79929],[1.47744,38.80063],[1.47777,38.80505],[1.4741,38.7974],[1.47945,38.78835],[1.47975,38.78812]]]]}},{"type":"Feature","properties":{"mun_code":"07018","mun_name":"Deià","mun_name_local":null,"prov_code":"07","prov_name":"Illes Balears","acom_code":"04","acom_name":"Illes Balears","geo_point_2d":{"lon":2.648449030970976,"lat":39.748588049604045}},"geometry":{"type":"Polygon","coordinates":[[[2.66221,39.77215],[2.65897,39.76997],[2.65518,39.76945],[2.64514,39.76193],[2.64225,39.76242],[2.64141,39.76023],[2.63575,39.7653],[2.63268,39.76269],[2.62766,39.75327],[2.62538,39.75251],[2.62275,39.75711],[2.61939,39.75562],[2.6215,39.75586],[2.6228,39.75422],[2.62338,39.74881],[2.61569,39.74362],[2.61948,39.74006],[2.62332,39.7281],[2.62554,39.72803],[2.63203,39.73145],[2.63863,39.73696],[2.65166,39.73704],[2.65541,39.73412],[2.65594,39.73096],[2.65827,39.7295],[2.65673,39.72688],[2.65972,39.72462],[2.67765,39.74983],[2.67403,39.75837],[2.66331,39.77057],[2.66221,39.77215]]]}},{"type":"Feature","properties":{"mun_code":"07004","mun_name":"Algaida","mun_name_local":null,"prov_code":"07","prov_name":"Illes Balears","acom_code":"04","acom_name":"Illes Balears","geo_point_2d":{"lon":2.903880720309372,"lat":39.564877222152525}},"geometry":{"type":"Polygon","coordinates":[[[2.82838,39.55191],[2.84752,39.54329],[2.86439,39.53391],[2.86543,39.53309],[2.8643,39.53207],[2.88093,39.52685],[2.88413,39.52402],[2.89559,39.52135],[2.89894,39.52187],[2.90309,39.51855],[2.91057,39.52072],[2.91209,39.51853],[2.91403,39.51908],[2.91663,39.5172],[2.92038,39.51678],[2.92936,39.51938],[2.93311,39.52404],[2.93259,39.52556],[2.93615,39.52507],[2.94352,39.53028],[2.96228,39.52515],[2.96894,39.53964],[2.96554,39.54576],[2.96808,39.55481],[2.96557,39.56125],[2.96652,39.56239],[2.96046,39.5697],[2.95584,39.57943],[2.94405,39.58665],[2.94249,39.58996],[2.94852,39.59305],[2.95518,39.60145],[2.94349,39.61409],[2.90669,39.60535],[2.90219,39.61084],[2.89258,39.60828],[2.89201,39.60997],[2.88822,39.60893],[2.8792,39.60446],[2.8763,39.60708],[2.86407,39.60436],[2.86499,39.60355],[2.83896,39.58831],[2.84382,39.58316],[2.84523,39.57883],[2.84723,39.57873],[2.84693,39.57477],[2.84541,39.57481],[2.84648,39.56996],[2.83541,39.56969],[2.83825,39.56079],[2.82997,39.55344],[2.82838,39.55191]]]}},{"type":"Feature","properties":{"mun_code":"07037","mun_name":"Es Mercadal","mun_name_local":null,"prov_code":"07","prov_name":"Illes Balears","acom_code":"04","acom_name":"Illes Balears","geo_point_2d":{"lon":4.1120961047686775,"lat":40.01249256896171}},"geometry":{"type":"MultiPolygon","coordinates":[[[[4.13655,40.04541],[4.13687,40.048],[4.13632,40.04561],[4.13655,40.04541]]],[[[4.08074,40.09046],[4.08252,40.08982],[4.08096,40.09062],[4.08074,40.09046]]],[[[4.07321,40.09204],[4.0762,40.09081],[4.07751,40.09201],[4.07537,40.09452],[4.07292,40.09247],[4.07321,40.09204]]],[[[4.20623,39.99358],[4.20526,39.99312],[4.20348,39.99804],[4.20336,39.9956],[4.20139,39.99577],[4.20132,40.00031],[4.19754,40.00689],[4.20064,40.00941],[4.20213,40.01365],[4.20063,40.01364],[4.19893,40.01094],[4.19454,40.00991],[4.19925,40.01312],[4.20288,40.01862],[4.20194,40.02272],[4.20123,40.02051],[4.19792,40.02134],[4.19799,40.02496],[4.19317,40.02384],[4.19531,40.03221],[4.19031,40.03393],[4.19142,40.03493],[4.18734,40.03331],[4.18645,40.03235],[4.18805,40.03055],[4.18278,40.02536],[4.18564,40.02355],[4.18223,40.02179],[4.18019,40.0228],[4.1815,40.02388],[4.17987,40.02556],[4.17529,40.02404],[4.16888,40.02687],[4.16892,40.03074],[4.17137,40.03337],[4.17388,40.03334],[4.17108,40.03649],[4.16994,40.03394],[4.16775,40.03416],[4.16826,40.03601],[4.16541,40.03551],[4.16439,40.03665],[4.16431,40.0338],[4.1608,40.03348],[4.1601,40.03568],[4.16281,40.04],[4.15965,40.04177],[4.16028,40.04305],[4.15849,40.04491],[4.16106,40.043],[4.16272,40.04427],[4.16634,40.04435],[4.16632,40.04603],[4.16282,40.04763],[4.16691,40.0507],[4.16395,40.0522],[4.16584,40.05437],[4.1639,40.05559],[4.16452,40.05786],[4.16663,40.05739],[4.16699,40.05861],[4.17057,40.05772],[4.17262,40.06058],[4.16639,40.06114],[4.16645,40.06232],[4.16254,40.06349],[4.16115,40.0629],[4.15549,40.06791],[4.14538,40.06617],[4.14199,40.06722],[4.14156,40.06964],[4.13892,40.06716],[4.13655,40.06708],[4.13807,40.06422],[4.13646,40.06373],[4.13805,40.06351],[4.13737,40.06071],[4.13887,40.06044],[4.13792,40.05987],[4.14085,40.05709],[4.14045,40.05575],[4.14257,40.05521],[4.13877,40.05408],[4.14247,40.04878],[4.14065,40.04818],[4.14133,40.04293],[4.13952,40.04142],[4.14081,40.03592],[4.13918,40.03224],[4.13651,40.03242],[4.13742,40.03452],[4.1331,40.03231],[4.13727,40.03599],[4.13513,40.03604],[4.13018,40.03102],[4.13326,40.02926],[4.13008,40.02723],[4.12908,40.02839],[4.1285,40.02631],[4.12661,40.02622],[4.12479,40.02974],[4.12208,40.0307],[4.12293,40.03185],[4.12087,40.03202],[4.12149,40.03398],[4.1199,40.03593],[4.12378,40.03711],[4.13039,40.05545],[4.13181,40.05436],[4.13367,40.05745],[4.13353,40.06325],[4.12973,40.06356],[4.12862,40.06167],[4.12631,40.06264],[4.12506,40.05515],[4.11237,40.05543],[4.11193,40.0543],[4.10981,40.05448],[4.10948,40.05118],[4.10707,40.04855],[4.10807,40.0452],[4.10336,40.04448],[4.10221,40.04804],[4.09892,40.05031],[4.10069,40.05455],[4.09875,40.05432],[4.09919,40.05795],[4.09546,40.05707],[4.09468,40.05964],[4.09285,40.0596],[4.09398,40.0609],[4.09251,40.06324],[4.096,40.06505],[4.09641,40.06894],[4.09517,40.07035],[4.0927,40.07043],[4.09438,40.07371],[4.0925,40.07475],[4.097,40.07778],[4.09442,40.08055],[4.09939,40.08496],[4.09789,40.08619],[4.09731,40.08482],[4.09483,40.08442],[4.09271,40.0894],[4.08589,40.0875],[4.08154,40.08917],[4.09017,40.08234],[4.09094,40.07625],[4.08841,40.07674],[4.08708,40.07492],[4.08918,40.06891],[4.08794,40.06865],[4.08572,40.07435],[4.08416,40.07487],[4.08307,40.07368],[4.08422,40.06992],[4.08235,40.06809],[4.07903,40.06695],[4.07832,40.07082],[4.07545,40.06624],[4.07576,40.06314],[4.07742,40.06236],[4.07601,40.05931],[4.0732,40.05868],[4.07219,40.0601],[4.07104,40.05857],[4.06747,40.05828],[4.06678,40.05629],[4.06393,40.05797],[4.0643,40.05918],[4.06267,40.0581],[4.05937,40.0591],[4.05352,40.0567],[4.05443,40.05244],[4.05293,40.05179],[4.05111,40.05345],[4.04804,40.05273],[4.04601,40.0562],[4.04377,40.05458],[4.04106,40.05594],[4.04046,40.05785],[4.04181,40.05877],[4.04083,40.05805],[4.03868,40.06177],[4.03582,40.0642],[4.03181,40.06464],[4.03218,40.06549],[4.02877,40.06466],[4.02889,40.06231],[4.02727,40.06289],[4.02172,40.05947],[4.01746,40.05987],[4.01569,40.05855],[4.01646,40.05586],[4.01484,40.0535],[4.01763,40.04986],[4.01725,40.04086],[4.01584,40.0411],[4.01278,40.03837],[4.01132,40.03125],[4.01534,40.03018],[4.00757,40.02407],[4.00853,40.02078],[4.01355,40.01869],[4.02191,40.02072],[4.03035,40.02721],[4.0424,40.01657],[4.04686,40.01604],[4.04357,40.00531],[4.04383,39.99889],[4.06263,39.99622],[4.06378,39.9947],[4.058,39.98492],[4.05359,39.98217],[4.0531,39.97815],[4.04806,39.97484],[4.04745,39.9726],[4.05646,39.97568],[4.06935,39.97314],[4.07244,39.96942],[4.07239,39.96094],[4.07465,39.9578],[4.08316,39.95656],[4.08742,39.95921],[4.09458,39.95535],[4.10414,39.95843],[4.1118,39.95878],[4.11449,39.96335],[4.12372,39.96189],[4.12724,39.95735],[4.13063,39.95576],[4.13733,39.95596],[4.1398,39.95917],[4.1417,39.968],[4.15078,39.96364],[4.15802,39.96474],[4.16756,39.96404],[4.16855,39.96671],[4.17633,39.96728],[4.17933,39.96412],[4.18348,39.96688],[4.18501,39.97281],[4.1904,39.97585],[4.19443,39.97394],[4.19586,39.96972],[4.20001,39.97061],[4.20313,39.97401],[4.20519,39.97367],[4.21325,39.97744],[4.20569,39.98496],[4.20461,39.98953],[4.20656,39.99045],[4.20649,39.9927],[4.20623,39.99358]]],[[[4.16777,40.05714],[4.16883,40.05738],[4.16765,40.05734],[4.16777,40.05714]]],[[[4.04154,40.05775],[4.04378,40.05796],[4.04196,40.05773],[4.04154,40.05775]]],[[[4.03093,40.06674],[4.03325,40.0685],[4.03148,40.06958],[4.03063,40.0669],[4.03093,40.06674]]],[[[4.02681,40.06536],[4.02751,40.06447],[4.02841,40.06528],[4.02714,40.06548],[4.02681,40.06536]]]]}},{"type":"Feature","properties":{"mun_code":"07046","mun_name":"Sant Antoni de Portmany","mun_name_local":null,"prov_code":"07","prov_name":"Illes Balears","acom_code":"04","acom_name":"Illes Balears","geo_point_2d":{"lon":1.3585900961894575,"lat":38.9963622434145}},"geometry":{"type":"MultiPolygon","coordinates":[[[[1.29348,39.01069],[1.293,39.01185],[1.29318,39.01057],[1.29348,39.01069]]],[[[1.38922,39.07867],[1.38655,39.07815],[1.38168,39.07185],[1.38077,39.06977],[1.38206,39.06797],[1.38013,39.06513],[1.37817,39.06517],[1.37838,39.06404],[1.37537,39.06233],[1.36608,39.06417],[1.36358,39.06852],[1.36426,39.07357],[1.35981,39.07438],[1.35645,39.07177],[1.35676,39.06864],[1.35209,39.06497],[1.34787,39.06292],[1.34644,39.06584],[1.34505,39.06568],[1.34551,39.06725],[1.34465,39.06675],[1.34539,39.06384],[1.34409,39.06295],[1.34551,39.06056],[1.34175,39.05302],[1.33389,39.05498],[1.32563,39.05246],[1.32434,39.05121],[1.3264,39.04924],[1.3251,39.04736],[1.31478,39.04364],[1.31117,39.04465],[1.30966,39.04144],[1.30546,39.03828],[1.30564,39.03667],[1.30247,39.03574],[1.30081,39.03338],[1.29393,39.03154],[1.29147,39.02752],[1.28995,39.02823],[1.29513,39.0189],[1.29427,39.01598],[1.29202,39.01603],[1.29125,39.0143],[1.29438,39.01463],[1.2948,39.01027],[1.29738,39.0114],[1.29894,39.00953],[1.29581,39.00828],[1.29509,39.00557],[1.29264,39.00577],[1.29283,39.00268],[1.28915,39.00436],[1.29062,39.00136],[1.28361,38.99848],[1.28541,38.99644],[1.28484,38.9931],[1.2901,38.99236],[1.28657,38.98991],[1.29184,38.98948],[1.29638,38.98532],[1.29325,38.98249],[1.29841,38.97883],[1.29697,38.97544],[1.29876,38.97814],[1.30549,38.97945],[1.30553,38.97836],[1.307,38.97846],[1.30772,38.97386],[1.30615,38.97222],[1.30377,38.97257],[1.30238,38.96943],[1.30615,38.9665],[1.31713,38.94677],[1.34695,38.9443],[1.35489,38.9393],[1.3566,38.93003],[1.36473,38.93172],[1.37339,38.93532],[1.37924,38.93407],[1.38461,38.92947],[1.39571,38.92941],[1.40104,38.92722],[1.41602,38.93443],[1.41834,38.93396],[1.41602,38.93829],[1.42802,38.94524],[1.42948,38.96637],[1.42845,38.97154],[1.42231,38.97905],[1.41832,38.98138],[1.41142,38.98211],[1.40461,38.98629],[1.39963,38.98684],[1.39715,38.99179],[1.38987,38.98985],[1.38242,38.99655],[1.38337,39.0025],[1.3875,39.00409],[1.38544,39.00688],[1.39056,39.00618],[1.38904,39.00936],[1.39048,39.01182],[1.39568,39.00814],[1.39727,39.01289],[1.39619,39.01622],[1.39842,39.01854],[1.39478,39.02345],[1.39656,39.02835],[1.40461,39.02878],[1.4059,39.03174],[1.41109,39.03094],[1.40838,39.03344],[1.4088,39.03468],[1.40656,39.03537],[1.40978,39.04043],[1.40783,39.04442],[1.39841,39.05401],[1.39689,39.0624],[1.38927,39.0696],[1.38922,39.07867]]],[[[1.31528,39.04899],[1.31645,39.05055],[1.31496,39.04909],[1.31528,39.04899]]]]}},{"type":"Feature","properties":{"mun_code":"07060","mun_name":"Sineu","mun_name_local":null,"prov_code":"07","prov_name":"Illes Balears","acom_code":"04","acom_name":"Illes Balears","geo_point_2d":{"lon":3.0211958624206785,"lat":39.646356760168395}},"geometry":{"type":"Polygon","coordinates":[[[2.96713,39.64856],[2.97035,39.64373],[2.98079,39.64122],[2.98258,39.63858],[2.9814,39.63502],[2.99118,39.62584],[2.99751,39.62417],[3.01201,39.61429],[3.02402,39.60898],[3.02492,39.61123],[3.02837,39.61211],[3.02573,39.61386],[3.02742,39.61598],[3.04224,39.62486],[3.05005,39.61868],[3.0568,39.61561],[3.06375,39.62222],[3.08436,39.63413],[3.08347,39.64498],[3.08557,39.64556],[3.08187,39.65189],[3.08477,39.6529],[3.0842,39.6567],[3.07435,39.65635],[3.06359,39.65423],[3.05432,39.65653],[3.04971,39.65489],[3.03656,39.65989],[3.01302,39.67443],[2.98221,39.68944],[2.97288,39.6791],[2.97294,39.67588],[2.97597,39.67424],[2.97618,39.66942],[2.97786,39.66826],[2.97298,39.66186],[2.97159,39.65727],[2.96619,39.6504],[2.96497,39.6505],[2.96682,39.64884],[2.96713,39.64856]]]}},{"type":"Feature","properties":{"mun_code":"07013","mun_name":"Campos","mun_name_local":null,"prov_code":"07","prov_name":"Illes Balears","acom_code":"04","acom_name":"Illes Balears","geo_point_2d":{"lon":3.0146133286353174,"lat":39.40684122911666}},"geometry":{"type":"MultiPolygon","coordinates":[[[[2.96034,39.46318],[2.95592,39.46132],[2.95418,39.45535],[2.95639,39.4477],[2.95987,39.44578],[2.96159,39.44136],[2.96646,39.43829],[2.96754,39.43519],[2.96253,39.42814],[2.95748,39.42435],[2.95199,39.42286],[2.9444,39.41475],[2.93625,39.38537],[2.93301,39.37892],[2.93093,39.3642],[2.93861,39.36429],[2.95324,39.3597],[2.95126,39.36112],[2.95541,39.36291],[2.95327,39.3604],[2.9556,39.3628],[2.95753,39.36258],[2.96565,39.3587],[2.97228,39.35255],[2.97595,39.35181],[2.9908,39.33677],[2.99012,39.33331],[2.99195,39.33244],[2.98861,39.32506],[3.01186,39.33413],[3.03971,39.35078],[3.05664,39.37111],[3.07027,39.37982],[3.09601,39.39958],[3.0914,39.40182],[3.08537,39.40777],[3.10096,39.4172],[3.09647,39.4279],[3.09541,39.42883],[3.08877,39.42852],[3.08475,39.43997],[3.08874,39.44128],[3.08302,39.45],[3.0597,39.47529],[3.05693,39.47245],[3.05104,39.47643],[3.04504,39.47223],[3.03037,39.46704],[3.02811,39.46843],[3.02266,39.46687],[3.01716,39.4711],[3.00521,39.46131],[2.99846,39.46348],[2.99724,39.46506],[2.9881,39.4603],[2.96412,39.46402],[2.96034,39.46318]]]]}},{"type":"Feature","properties":{"mun_code":"07043","mun_name":"Porreres","mun_name_local":null,"prov_code":"07","prov_name":"Illes Balears","acom_code":"04","acom_name":"Illes Balears","geo_point_2d":{"lon":3.0307586930162738,"lat":39.5072811370196}},"geometry":{"type":"Polygon","coordinates":[[[2.96034,39.46318],[2.96412,39.46402],[2.9881,39.4603],[2.99724,39.46506],[2.99846,39.46348],[3.00521,39.46131],[3.01716,39.4711],[3.02266,39.46687],[3.02811,39.46843],[3.03037,39.46704],[3.04504,39.47223],[3.05104,39.47643],[3.05693,39.47245],[3.07893,39.49877],[3.08995,39.49645],[3.1032,39.49164],[3.10666,39.49373],[3.10906,39.49243],[3.11158,39.49676],[3.0882,39.51539],[3.09925,39.53248],[3.09811,39.5333],[3.10354,39.53487],[3.08921,39.54807],[3.08826,39.55194],[3.08294,39.55257],[3.07878,39.55472],[3.06649,39.55017],[3.0536,39.5544],[3.03969,39.55054],[3.04189,39.54847],[3.03099,39.54625],[3.02822,39.54431],[3.02046,39.54389],[3.01257,39.54111],[3.0044,39.54051],[2.99154,39.53243],[2.98652,39.53127],[2.98464,39.52764],[2.97486,39.51791],[2.97255,39.51906],[2.9625,39.50507],[2.96743,39.50093],[2.96412,39.49696],[2.97646,39.49364],[2.96956,39.48349],[2.96457,39.4809],[2.95807,39.48045],[2.95708,39.47223],[2.96034,39.46318]]]}},{"type":"Feature","properties":{"mun_code":"07055","mun_name":"Santa Margalida","mun_name_local":null,"prov_code":"07","prov_name":"Illes Balears","acom_code":"04","acom_name":"Illes Balears","geo_point_2d":{"lon":3.1547053848026305,"lat":39.72104325930264}},"geometry":{"type":"MultiPolygon","coordinates":[[[[3.14502,39.77385],[3.08927,39.72431],[3.07023,39.70293],[3.07691,39.69686],[3.08558,39.69866],[3.09645,39.68857],[3.10727,39.68176],[3.11175,39.67657],[3.11463,39.67838],[3.11911,39.67608],[3.12251,39.6791],[3.12628,39.67829],[3.13464,39.68433],[3.14093,39.68309],[3.14644,39.68859],[3.15207,39.69056],[3.15552,39.69551],[3.16612,39.69008],[3.1714,39.68882],[3.17558,39.69136],[3.17779,39.69506],[3.18681,39.69595],[3.19936,39.69973],[3.20148,39.6906],[3.21313,39.6853],[3.21274,39.68978],[3.21486,39.69611],[3.22486,39.69878],[3.22538,39.70501],[3.23383,39.71875],[3.2337,39.72305],[3.23674,39.73216],[3.22061,39.74005],[3.22173,39.7389],[3.21215,39.74165],[3.20596,39.74653],[3.20205,39.74834],[3.19663,39.74879],[3.19037,39.75194],[3.18953,39.7539],[3.18806,39.75298],[3.18231,39.75564],[3.17798,39.75609],[3.16639,39.76283],[3.16375,39.76301],[3.15924,39.7673],[3.16164,39.7647],[3.15851,39.76545],[3.15903,39.76655],[3.15762,39.7656],[3.15316,39.76772],[3.14586,39.77317],[3.14502,39.77385]]]]}},{"type":"Feature","properties":{"mun_code":"07051","mun_name":"Sant Llorenç des Cardassar","mun_name_local":null,"prov_code":"07","prov_name":"Illes Balears","acom_code":"04","acom_name":"Illes Balears","geo_point_2d":{"lon":3.305340486267715,"lat":39.61726532530878}},"geometry":{"type":"Polygon","coordinates":[[[3.24232,39.67667],[3.2467,39.66645],[3.25303,39.66227],[3.2534,39.64948],[3.25102,39.64276],[3.24824,39.64287],[3.24151,39.63401],[3.24691,39.62574],[3.24588,39.62281],[3.25387,39.6122],[3.25476,39.60939],[3.25243,39.60507],[3.26431,39.59873],[3.26791,39.59792],[3.26926,39.59914],[3.27139,39.59585],[3.26789,39.59369],[3.27801,39.57999],[3.28433,39.5821],[3.2853,39.58383],[3.29734,39.5725],[3.31475,39.58138],[3.31671,39.58103],[3.31931,39.57761],[3.327,39.58163],[3.33019,39.58086],[3.33442,39.57698],[3.33991,39.57755],[3.3404,39.57881],[3.33699,39.58249],[3.33954,39.58583],[3.34241,39.58444],[3.34505,39.57993],[3.34138,39.57805],[3.34218,39.57558],[3.34662,39.57696],[3.34744,39.57209],[3.35216,39.57255],[3.35446,39.57087],[3.36293,39.56902],[3.3658,39.5658],[3.36875,39.56737],[3.37326,39.56698],[3.37686,39.56987],[3.37566,39.57191],[3.37985,39.57624],[3.3953,39.57563],[3.40329,39.57861],[3.40423,39.58043],[3.4027,39.58357],[3.39449,39.58348],[3.3932,39.58521],[3.38672,39.58736],[3.38493,39.59375],[3.38562,39.60009],[3.36309,39.60491],[3.36263,39.60695],[3.3563,39.60848],[3.3519,39.61569],[3.35067,39.61534],[3.33251,39.63194],[3.3294,39.63327],[3.32836,39.6357],[3.3236,39.63578],[3.32229,39.64043],[3.31134,39.63937],[3.30599,39.64393],[3.3035,39.64422],[3.29835,39.65244],[3.29419,39.65014],[3.29039,39.65249],[3.29863,39.66597],[3.28072,39.67969],[3.2763,39.68096],[3.25539,39.68021],[3.25129,39.68398],[3.24639,39.67993],[3.24232,39.67667]]]}},{"type":"Feature","properties":{"mun_code":"07040","mun_name":"Palma","mun_name_local":null,"prov_code":"07","prov_name":"Illes Balears","acom_code":"04","acom_name":"Illes Balears","geo_point_2d":{"lon":2.7154850794051657,"lat":39.556131459423554}},"geometry":{"type":"MultiPolygon","coordinates":[[[[2.95822,39.1247],[2.96044,39.1254],[2.95837,39.12627],[2.95827,39.12524],[2.95822,39.1247]]],[[[2.93864,39.12485],[2.94034,39.12543],[2.93866,39.12509],[2.93864,39.12485]]],[[[2.94342,39.12545],[2.94241,39.12611],[2.94317,39.12543],[2.94342,39.12545]]],[[[2.93777,39.12594],[2.93932,39.12615],[2.93806,39.12618],[2.93777,39.12594]]],[[[2.97662,39.16643],[2.97853,39.16713],[2.97798,39.16965],[2.97472,39.16942],[2.97555,39.16668],[2.97662,39.16643]]],[[[2.96141,39.17552],[2.96617,39.17575],[2.96927,39.18506],[2.97294,39.1866],[2.97162,39.18872],[2.96884,39.18939],[2.96986,39.19007],[2.9616,39.18966],[2.95974,39.18574],[2.96105,39.18459],[2.9591,39.18334],[2.9559,39.18408],[2.95519,39.18238],[2.96103,39.17578],[2.96141,39.17552]]],[[[2.97178,39.19551],[2.97405,39.19589],[2.97343,39.19822],[2.97114,39.19776],[2.97168,39.19566],[2.97178,39.19551]]],[[[2.97301,39.2],[2.97501,39.20098],[2.97197,39.20099],[2.97246,39.19999],[2.97301,39.2]]],[[[2.97602,39.20183],[2.97704,39.20247],[2.97618,39.2019],[2.97602,39.20183]]],[[[2.97909,39.20638],[2.97854,39.20778],[2.97877,39.20652],[2.97909,39.20638]]],[[[2.64934,39.65485],[2.64282,39.65271],[2.64616,39.64757],[2.64224,39.64813],[2.63987,39.64596],[2.63417,39.64586],[2.626,39.64791],[2.61747,39.65264],[2.6045,39.65555],[2.60096,39.6551],[2.60087,39.65011],[2.58852,39.65187],[2.5836,39.64873],[2.5814,39.63974],[2.57127,39.63463],[2.57425,39.63184],[2.57273,39.62997],[2.56869,39.63017],[2.5692,39.62567],[2.5736,39.62135],[2.57849,39.61928],[2.58566,39.61949],[2.58855,39.61701],[2.59149,39.61705],[2.59163,39.61018],[2.58776,39.60452],[2.58495,39.60409],[2.57755,39.59798],[2.57315,39.59814],[2.56386,39.59101],[2.56622,39.58581],[2.5724,39.5855],[2.57563,39.58394],[2.57323,39.57758],[2.57768,39.57709],[2.59223,39.57109],[2.59595,39.56778],[2.58439,39.56174],[2.57948,39.55699],[2.58898,39.55081],[2.59741,39.54832],[2.60051,39.55097],[2.6081,39.55189],[2.61103,39.54944],[2.61536,39.5489],[2.619,39.54492],[2.63212,39.54509],[2.63922,39.55018],[2.63935,39.5527],[2.63914,39.5504],[2.63218,39.54561],[2.62522,39.54577],[2.62502,39.54832],[2.61991,39.54956],[2.62016,39.55047],[2.62441,39.55024],[2.62737,39.55285],[2.63245,39.55288],[2.62654,39.55424],[2.62739,39.55602],[2.62602,39.55401],[2.6245,39.55455],[2.62594,39.55691],[2.62836,39.55685],[2.626,39.55704],[2.62826,39.55812],[2.62681,39.55841],[2.62856,39.55887],[2.62711,39.55978],[2.62969,39.5593],[2.62986,39.55696],[2.62981,39.56],[2.62711,39.55987],[2.6276,39.56157],[2.62905,39.56138],[2.62783,39.56232],[2.6299,39.56196],[2.62786,39.5624],[2.63146,39.56793],[2.63903,39.56867],[2.63351,39.56727],[2.634,39.56461],[2.63497,39.56516],[2.63302,39.56589],[2.63423,39.5666],[2.63536,39.56541],[2.63428,39.56662],[2.63601,39.56579],[2.63493,39.56699],[2.63648,39.56606],[2.63542,39.56728],[2.63717,39.56668],[2.63626,39.5678],[2.63877,39.56849],[2.63773,39.56717],[2.63946,39.56602],[2.64146,39.56882],[2.64413,39.56705],[2.63645,39.56282],[2.63503,39.5635],[2.63585,39.56252],[2.63311,39.56112],[2.63447,39.55913],[2.64526,39.56567],[2.65738,39.56394],[2.6652,39.56108],[2.66548,39.55945],[2.66686,39.56039],[2.66825,39.55862],[2.66711,39.56031],[2.66933,39.56254],[2.67046,39.56069],[2.66897,39.56083],[2.66911,39.55883],[2.67209,39.56008],[2.67286,39.55868],[2.68672,39.55335],[2.68626,39.55242],[2.68827,39.55271],[2.69123,39.5496],[2.69124,39.54851],[2.68936,39.54825],[2.69318,39.54654],[2.6954,39.54609],[2.69405,39.54729],[2.69611,39.54793],[2.69795,39.54617],[2.69676,39.54367],[2.70004,39.54375],[2.70097,39.542],[2.70545,39.54003],[2.70832,39.53657],[2.71039,39.53639],[2.70911,39.53489],[2.71094,39.53379],[2.71358,39.53457],[2.71339,39.53321],[2.71606,39.53132],[2.71522,39.53422],[2.71699,39.53348],[2.716,39.5321],[2.71752,39.53408],[2.71977,39.53431],[2.7275,39.53033],[2.74394,39.51612],[2.74924,39.50925],[2.751,39.50378],[2.75987,39.50458],[2.77555,39.5105],[2.78596,39.52398],[2.80172,39.53432],[2.79976,39.53549],[2.805,39.53761],[2.80422,39.53815],[2.80955,39.54261],[2.81152,39.54189],[2.82838,39.55191],[2.83825,39.56079],[2.83541,39.56969],[2.84648,39.56996],[2.84541,39.57481],[2.84693,39.57477],[2.84723,39.57873],[2.84523,39.57883],[2.84382,39.58316],[2.8373,39.58858],[2.8397,39.59447],[2.83436,39.59612],[2.83543,39.59816],[2.83258,39.5964],[2.82802,39.59708],[2.82504,39.60059],[2.821,39.59709],[2.81828,39.59848],[2.81723,39.59534],[2.80905,39.60492],[2.8063,39.61132],[2.80103,39.61486],[2.77773,39.60888],[2.77548,39.60202],[2.73904,39.60081],[2.70775,39.59114],[2.7036,39.5822],[2.69588,39.58634],[2.68697,39.58349],[2.68988,39.59649],[2.68595,39.60378],[2.68258,39.60631],[2.68225,39.61209],[2.67276,39.62466],[2.67237,39.62805],[2.66742,39.63334],[2.69852,39.64739],[2.69877,39.65026],[2.68314,39.65219],[2.65911,39.6584],[2.65273,39.65601],[2.64934,39.65485]]],[[[2.94692,39.12541],[2.94827,39.12681],[2.95069,39.126],[2.9532,39.12738],[2.95389,39.12502],[2.95793,39.12691],[2.9537,39.13112],[2.95396,39.13471],[2.95455,39.13596],[2.95926,39.13581],[2.959,39.13839],[2.96186,39.14085],[2.96101,39.1422],[2.95635,39.14258],[2.95668,39.14761],[2.95785,39.14888],[2.96353,39.14914],[2.96301,39.15044],[2.9656,39.15123],[2.96647,39.14795],[2.96948,39.14776],[2.97184,39.15397],[2.97653,39.15818],[2.97097,39.15774],[2.96926,39.1592],[2.97068,39.16065],[2.96838,39.16064],[2.96709,39.16284],[2.96551,39.16165],[2.96156,39.16273],[2.95957,39.1653],[2.9594,39.16366],[2.95634,39.16338],[2.95063,39.16562],[2.94659,39.16372],[2.94601,39.16072],[2.94856,39.16],[2.94793,39.15683],[2.95154,39.15613],[2.94897,39.1543],[2.9488,39.15268],[2.95163,39.15152],[2.94967,39.14841],[2.9467,39.15065],[2.94315,39.14976],[2.94236,39.14835],[2.94216,39.15152],[2.93779,39.15581],[2.93528,39.15725],[2.93329,39.15542],[2.93104,39.15648],[2.92829,39.15411],[2.93088,39.15295],[2.92984,39.15135],[2.934,39.15113],[2.93641,39.14871],[2.93535,39.14738],[2.93731,39.14459],[2.9325,39.14454],[2.93054,39.14322],[2.93015,39.14641],[2.92597,39.14632],[2.92674,39.14816],[2.92373,39.15124],[2.9236,39.1567],[2.91687,39.16157],[2.91656,39.15849],[2.92142,39.15315],[2.92067,39.15126],[2.91702,39.15256],[2.91994,39.14873],[2.91796,39.14884],[2.9186,39.14774],[2.91432,39.1446],[2.91504,39.13885],[2.92614,39.13844],[2.92524,39.1365],[2.92267,39.13602],[2.92568,39.13586],[2.92563,39.13319],[2.92402,39.13288],[2.92643,39.13147],[2.92005,39.13041],[2.9195,39.12895],[2.92316,39.12776],[2.92751,39.13145],[2.92979,39.12952],[2.93079,39.13158],[2.93303,39.13049],[2.93364,39.1281],[2.93891,39.12869],[2.9395,39.12738],[2.94358,39.1275],[2.94638,39.12564],[2.94692,39.12541]]]]}},{"type":"Feature","properties":{"mun_code":"07033","mun_name":"Manacor","mun_name_local":null,"prov_code":"07","prov_name":"Illes Balears","acom_code":"04","acom_name":"Illes Balears","geo_point_2d":{"lon":3.2354355034419924,"lat":39.55484411174718}},"geometry":{"type":"MultiPolygon","coordinates":[[[[3.15322,39.57578],[3.14448,39.56887],[3.1493,39.56438],[3.15608,39.55045],[3.15441,39.54914],[3.15824,39.546],[3.14957,39.54585],[3.13807,39.53816],[3.12907,39.54239],[3.12264,39.52989],[3.12759,39.52541],[3.13191,39.52566],[3.13261,39.52075],[3.13932,39.52205],[3.14063,39.52051],[3.13859,39.51901],[3.14778,39.51133],[3.14954,39.51452],[3.14732,39.51691],[3.15226,39.5196],[3.15518,39.51693],[3.15917,39.51841],[3.16408,39.51469],[3.16241,39.5122],[3.16671,39.50962],[3.16823,39.5115],[3.16966,39.51049],[3.16948,39.50411],[3.17501,39.50079],[3.18241,39.50039],[3.19111,39.50205],[3.19535,39.50056],[3.19589,39.49419],[3.20126,39.4851],[3.21654,39.47492],[3.2057,39.46313],[3.22439,39.45463],[3.27481,39.43885],[3.27706,39.43886],[3.27785,39.44019],[3.27865,39.45156],[3.27685,39.45225],[3.27978,39.45523],[3.2777,39.45667],[3.28056,39.45817],[3.28175,39.46248],[3.28052,39.46329],[3.28267,39.46486],[3.27969,39.46679],[3.2833,39.46709],[3.28243,39.46887],[3.2843,39.46904],[3.28399,39.47094],[3.28682,39.47263],[3.28605,39.47528],[3.28829,39.47498],[3.28986,39.47774],[3.29113,39.48112],[3.28644,39.48252],[3.29025,39.48341],[3.28634,39.48404],[3.28847,39.48475],[3.28775,39.48645],[3.29301,39.48479],[3.29445,39.48915],[3.29391,39.49107],[3.2917,39.49138],[3.29435,39.49328],[3.29191,39.4942],[3.29687,39.49468],[3.29663,39.49748],[3.29952,39.49764],[3.29668,39.49816],[3.29638,39.49992],[3.30166,39.50056],[3.30006,39.50389],[3.30296,39.50488],[3.3126,39.51423],[3.31091,39.51681],[3.31494,39.51633],[3.31632,39.51727],[3.31725,39.51877],[3.31472,39.52033],[3.31711,39.52083],[3.31761,39.52372],[3.3186,39.52139],[3.32114,39.52171],[3.32422,39.52584],[3.33385,39.53148],[3.33243,39.53263],[3.33629,39.53224],[3.34026,39.53483],[3.33657,39.53667],[3.33681,39.54037],[3.33271,39.53772],[3.33186,39.54044],[3.33291,39.53858],[3.3381,39.54171],[3.33824,39.53851],[3.34076,39.5378],[3.34115,39.54118],[3.35543,39.54645],[3.35295,39.54832],[3.35444,39.54753],[3.35924,39.54892],[3.36087,39.55129],[3.36812,39.55081],[3.36951,39.55432],[3.36706,39.55589],[3.37054,39.5577],[3.37319,39.55641],[3.37584,39.56431],[3.37391,39.5646],[3.37326,39.56698],[3.36875,39.56737],[3.3658,39.5658],[3.36293,39.56902],[3.35446,39.57087],[3.35216,39.57255],[3.34744,39.57209],[3.34662,39.57696],[3.34198,39.57587],[3.34138,39.57805],[3.34505,39.57993],[3.34241,39.58444],[3.33954,39.58583],[3.33699,39.58249],[3.3404,39.57881],[3.33991,39.57755],[3.33442,39.57698],[3.33019,39.58086],[3.327,39.58163],[3.31931,39.57761],[3.31671,39.58103],[3.31475,39.58138],[3.29734,39.5725],[3.2853,39.58383],[3.28433,39.5821],[3.27801,39.57999],[3.26789,39.59369],[3.27139,39.59585],[3.26926,39.59914],[3.26791,39.59792],[3.26431,39.59873],[3.25243,39.60507],[3.25476,39.60939],[3.25387,39.6122],[3.24588,39.62281],[3.24691,39.62574],[3.24151,39.63401],[3.24824,39.64287],[3.25102,39.64276],[3.25312,39.64637],[3.25303,39.66227],[3.2467,39.66645],[3.24232,39.67667],[3.22862,39.66811],[3.20975,39.6789],[3.20498,39.66791],[3.19777,39.66612],[3.19697,39.66029],[3.18901,39.6546],[3.18768,39.65114],[3.17979,39.65377],[3.15749,39.62709],[3.16003,39.62534],[3.15908,39.62435],[3.16063,39.62268],[3.1584,39.61886],[3.16357,39.61689],[3.16035,39.60152],[3.1613,39.60024],[3.15879,39.59723],[3.14922,39.59474],[3.15015,39.59014],[3.1558,39.58834],[3.15907,39.58526],[3.15214,39.58027],[3.15357,39.57611],[3.15322,39.57578]]]]}},{"type":"Feature","properties":{"mun_code":"07023","mun_name":"Ferreries","mun_name_local":null,"prov_code":"07","prov_name":"Illes Balears","acom_code":"04","acom_name":"Illes Balears","geo_point_2d":{"lon":4.003112837851399,"lat":39.99036500212592}},"geometry":{"type":"MultiPolygon","coordinates":[[[[3.98428,40.05241],[3.98729,40.04457],[3.98635,40.03451],[3.98094,40.02596],[3.98277,40.02406],[3.98157,40.0218],[3.97911,40.02022],[3.97676,40.02154],[3.97418,40.01778],[3.9779,40.0099],[3.97195,39.99455],[3.96851,39.99296],[3.96593,39.98907],[3.96185,39.98764],[3.96699,39.97906],[3.96403,39.97305],[3.96518,39.96971],[3.96771,39.96834],[3.96626,39.9639],[3.962,39.95995],[3.96423,39.95899],[3.96257,39.95236],[3.96427,39.94819],[3.96115,39.94536],[3.96415,39.94166],[3.95741,39.93846],[3.95821,39.93737],[3.95885,39.93838],[3.96048,39.93764],[3.96084,39.93572],[3.95762,39.93491],[3.96128,39.93249],[3.96592,39.93287],[3.96816,39.93159],[3.97233,39.93424],[3.97369,39.93339],[3.97305,39.93199],[3.98272,39.9288],[3.98793,39.92999],[3.98791,39.93305],[3.99231,39.93302],[3.99223,39.93658],[3.99503,39.93615],[3.99827,39.94011],[4.00132,39.94005],[4.00107,39.94237],[4.00594,39.94712],[4.0037,39.95116],[4.00898,39.95443],[4.01892,39.956],[4.02374,39.95858],[4.02449,39.96181],[4.02886,39.95921],[4.03379,39.96048],[4.03056,39.96698],[4.03469,39.97027],[4.03154,39.97321],[4.03973,39.97543],[4.04745,39.9726],[4.04806,39.97484],[4.0531,39.97815],[4.05359,39.98217],[4.058,39.98492],[4.06378,39.9947],[4.06263,39.99622],[4.04383,39.99889],[4.04357,40.00531],[4.04686,40.01604],[4.0424,40.01657],[4.03035,40.02721],[4.02191,40.02072],[4.01355,40.01869],[4.00853,40.02078],[4.00757,40.02407],[4.01534,40.03018],[4.01132,40.03125],[4.01278,40.03837],[4.01584,40.0411],[4.01725,40.04086],[4.01763,40.04986],[4.01523,40.05213],[4.01553,40.05633],[4.01037,40.05805],[4.01018,40.05936],[4.00288,40.05828],[4.0015,40.05904],[3.99768,40.05764],[3.99421,40.05892],[3.99184,40.05667],[3.98755,40.05616],[3.98751,40.05249],[3.98513,40.05244],[3.98428,40.05241]]]]}},{"type":"Feature","properties":{"mun_code":"07041","mun_name":"Petra","mun_name_local":null,"prov_code":"07","prov_name":"Illes Balears","acom_code":"04","acom_name":"Illes Balears","geo_point_2d":{"lon":3.1429760339692994,"lat":39.62873197994959}},"geometry":{"type":"Polygon","coordinates":[[[3.06368,39.62168],[3.06588,39.61959],[3.06454,39.6185],[3.07029,39.61477],[3.07139,39.61314],[3.06971,39.6123],[3.07131,39.61032],[3.07011,39.61058],[3.06314,39.6034],[3.07158,39.5965],[3.08614,39.58844],[3.09434,39.58175],[3.10164,39.57263],[3.11881,39.57548],[3.15322,39.57578],[3.15214,39.58027],[3.15907,39.58526],[3.1558,39.58834],[3.15015,39.59014],[3.14922,39.59474],[3.15879,39.59723],[3.1613,39.60024],[3.16035,39.60152],[3.16357,39.61689],[3.1584,39.61886],[3.16063,39.62268],[3.15908,39.62435],[3.16003,39.62534],[3.15749,39.62709],[3.17979,39.65377],[3.18768,39.65114],[3.18901,39.6546],[3.19697,39.66029],[3.19777,39.66612],[3.20545,39.6684],[3.20975,39.6789],[3.22862,39.66811],[3.23769,39.67294],[3.25129,39.68398],[3.23935,39.69517],[3.23612,39.69196],[3.23264,39.69671],[3.22515,39.6984],[3.22653,39.69937],[3.22585,39.70343],[3.22449,39.69839],[3.21662,39.69742],[3.21486,39.69611],[3.21274,39.68978],[3.21313,39.6853],[3.20148,39.6906],[3.19936,39.69973],[3.18549,39.69569],[3.18815,39.69331],[3.18505,39.69153],[3.18297,39.68413],[3.17928,39.68507],[3.17098,39.66726],[3.16478,39.65816],[3.16252,39.65896],[3.15973,39.6581],[3.16053,39.65567],[3.15731,39.64984],[3.15454,39.65017],[3.14935,39.64312],[3.14829,39.64377],[3.13921,39.63642],[3.13388,39.63331],[3.13277,39.63428],[3.12787,39.63075],[3.12113,39.63086],[3.11715,39.6345],[3.10621,39.63078],[3.10224,39.634],[3.10405,39.6353],[3.10096,39.64227],[3.09949,39.64239],[3.06357,39.62181],[3.06368,39.62168]]]}},{"type":"Feature","properties":{"mun_code":"07045","mun_name":"Puigpunyent","mun_name_local":null,"prov_code":"07","prov_name":"Illes Balears","acom_code":"04","acom_name":"Illes Balears","geo_point_2d":{"lon":2.528965910843758,"lat":39.62690605352883}},"geometry":{"type":"Polygon","coordinates":[[[2.48664,39.63393],[2.48276,39.6227],[2.48432,39.61472],[2.48313,39.6123],[2.49465,39.6079],[2.49497,39.60523],[2.50344,39.59967],[2.50809,39.59152],[2.51633,39.59492],[2.51949,39.59105],[2.52418,39.59188],[2.52271,39.59531],[2.53955,39.60171],[2.5445,39.60164],[2.547,39.60375],[2.54996,39.60184],[2.55761,39.60241],[2.56274,39.60467],[2.56486,39.60859],[2.56816,39.60984],[2.57034,39.60802],[2.58603,39.6073],[2.59021,39.6082],[2.59163,39.61018],[2.59149,39.61705],[2.58855,39.61701],[2.58566,39.61949],[2.57849,39.61928],[2.5736,39.62135],[2.57268,39.62349],[2.56933,39.62538],[2.56869,39.63017],[2.56515,39.63084],[2.55536,39.62882],[2.55219,39.63188],[2.54776,39.63188],[2.54622,39.63768],[2.55078,39.64428],[2.55187,39.65192],[2.5442,39.66275],[2.52862,39.67214],[2.52005,39.66415],[2.5152,39.66288],[2.51057,39.65956],[2.50656,39.65363],[2.50518,39.64631],[2.50294,39.6459],[2.49643,39.63759],[2.4887,39.63429],[2.48664,39.63393]]]}},{"type":"Feature","properties":{"mun_code":"07010","mun_name":"Bunyola","mun_name_local":null,"prov_code":"07","prov_name":"Illes Balears","acom_code":"04","acom_name":"Illes Balears","geo_point_2d":{"lon":2.7124807907183923,"lat":39.70756952642548}},"geometry":{"type":"Polygon","coordinates":[[[2.65911,39.6584],[2.68314,39.65219],[2.70721,39.6488],[2.72537,39.65926],[2.73154,39.66054],[2.73846,39.65921],[2.73679,39.66193],[2.73307,39.68933],[2.7364,39.69194],[2.73146,39.69862],[2.73477,39.70632],[2.73694,39.70648],[2.74121,39.71267],[2.75069,39.71547],[2.75709,39.72337],[2.76621,39.72794],[2.77293,39.7276],[2.77846,39.73065],[2.77785,39.73241],[2.80126,39.74328],[2.79479,39.7495],[2.7866,39.75223],[2.79107,39.75634],[2.79651,39.76541],[2.80175,39.76887],[2.79896,39.77305],[2.80215,39.77576],[2.79655,39.77749],[2.79132,39.77719],[2.78264,39.7744],[2.77432,39.76769],[2.77673,39.76505],[2.77578,39.76018],[2.77175,39.7586],[2.76494,39.75183],[2.7585,39.75111],[2.75326,39.74818],[2.74923,39.74982],[2.74619,39.74719],[2.74182,39.74975],[2.73877,39.74587],[2.73547,39.74438],[2.72803,39.7472],[2.72545,39.74619],[2.71665,39.74675],[2.71688,39.75009],[2.7093,39.75112],[2.6932,39.73357],[2.68864,39.73626],[2.67965,39.73843],[2.6685,39.73809],[2.65995,39.72545],[2.66222,39.72279],[2.66173,39.71964],[2.6595,39.71888],[2.65762,39.71542],[2.65644,39.7086],[2.65743,39.70364],[2.65547,39.70125],[2.64991,39.69856],[2.64772,39.69164],[2.65661,39.68469],[2.65719,39.68204],[2.65305,39.67682],[2.65121,39.66438],[2.65977,39.66141],[2.65914,39.65875],[2.65911,39.6584]]]}},{"type":"Feature","properties":{"mun_code":"07059","mun_name":"ses Salines","mun_name_local":null,"prov_code":"07","prov_name":"Illes Balears","acom_code":"04","acom_name":"Illes Balears","geo_point_2d":{"lon":3.043561560383307,"lat":39.331016095083555}},"geometry":{"type":"MultiPolygon","coordinates":[[[[2.98168,39.32526],[2.98412,39.32641],[2.98234,39.32583],[2.98168,39.32526]]],[[[3.00969,39.29819],[3.00998,39.30001],[3.00958,39.29848],[3.00969,39.29819]]],[[[3.0014,39.30954],[3.00232,39.3101],[3.00087,39.31122],[2.9998,39.3102],[3.00108,39.30961],[3.0014,39.30954]]],[[[3.00938,39.30359],[3.01211,39.30357],[3.01257,39.30522],[3.0084,39.30488],[3.00946,39.30389],[3.00938,39.30359]]],[[[3.0692,39.37917],[3.05664,39.37111],[3.03971,39.35078],[3.03012,39.34433],[3.00641,39.33145],[2.99221,39.32607],[2.98436,39.32496],[2.98406,39.32144],[2.98703,39.32128],[2.98675,39.3191],[2.98451,39.31792],[2.98621,39.31758],[2.98624,39.31585],[2.99371,39.31483],[2.9921,39.31244],[2.99572,39.31287],[2.99953,39.3155],[2.99703,39.3152],[2.99851,39.31737],[3.00126,39.31776],[3.005,39.31556],[3.00587,39.31165],[3.00888,39.31237],[3.01355,39.31044],[3.01581,39.30638],[3.01991,39.30345],[3.01986,39.30096],[3.01743,39.29887],[3.01809,39.29507],[3.0259,39.28773],[3.03355,39.29368],[3.0694,39.30245],[3.06472,39.30749],[3.06377,39.31239],[3.05669,39.32071],[3.06396,39.32636],[3.06858,39.32569],[3.07067,39.3299],[3.0751,39.32765],[3.08154,39.33798],[3.07773,39.34444],[3.08304,39.34903],[3.07892,39.35099],[3.07853,39.35322],[3.08564,39.36044],[3.08709,39.36444],[3.07876,39.37139],[3.0692,39.37917]]]]}},{"type":"Feature","properties":{"mun_code":"07029","mun_name":"Lloseta","mun_name_local":null,"prov_code":"07","prov_name":"Illes Balears","acom_code":"04","acom_name":"Illes Balears","geo_point_2d":{"lon":2.8584709196761993,"lat":39.720260235017854}},"geometry":{"type":"Polygon","coordinates":[[[2.83844,39.74569],[2.8361,39.74656],[2.82627,39.74174],[2.83008,39.73713],[2.82473,39.7342],[2.82877,39.7233],[2.83742,39.72366],[2.84537,39.722],[2.8505,39.7131],[2.86047,39.70669],[2.87164,39.69527],[2.87817,39.6979],[2.88192,39.69361],[2.88517,39.69568],[2.88143,39.7],[2.88343,39.70092],[2.87806,39.70592],[2.88416,39.71007],[2.8832,39.71146],[2.88845,39.71358],[2.88525,39.72168],[2.88619,39.72221],[2.88051,39.72757],[2.87604,39.72404],[2.87437,39.72589],[2.87069,39.72438],[2.86984,39.72618],[2.86621,39.72424],[2.853,39.73149],[2.84501,39.73415],[2.84115,39.74263],[2.83844,39.74569]]]}},{"type":"Feature","properties":{"mun_code":"07031","mun_name":"Llucmajor","mun_name_local":null,"prov_code":"07","prov_name":"Illes Balears","acom_code":"04","acom_name":"Illes Balears","geo_point_2d":{"lon":2.851298424285547,"lat":39.45011742881061}},"geometry":{"type":"Polygon","coordinates":[[[2.82838,39.55191],[2.81152,39.54189],[2.80955,39.54261],[2.80422,39.53815],[2.805,39.53761],[2.79976,39.53549],[2.80172,39.53432],[2.78596,39.52398],[2.77555,39.5105],[2.75987,39.50458],[2.751,39.50378],[2.74872,39.50211],[2.74785,39.50304],[2.75104,39.49945],[2.74767,39.50162],[2.74795,39.49926],[2.74566,39.50037],[2.74681,39.50258],[2.74536,39.50023],[2.74769,39.49834],[2.7372,39.49256],[2.73672,39.48724],[2.73382,39.48255],[2.72223,39.47709],[2.7303,39.46253],[2.73909,39.45562],[2.74414,39.44864],[2.74307,39.44741],[2.74446,39.44422],[2.74731,39.44147],[2.74796,39.43734],[2.73965,39.41722],[2.73959,39.41117],[2.74604,39.40078],[2.75232,39.39394],[2.7593,39.38887],[2.77077,39.38363],[2.7736,39.37966],[2.77339,39.37746],[2.785,39.36843],[2.78566,39.36479],[2.78791,39.36266],[2.79868,39.3635],[2.80553,39.36717],[2.80945,39.36567],[2.81742,39.35869],[2.8293,39.35615],[2.83353,39.36003],[2.83617,39.36525],[2.83489,39.36097],[2.84443,39.3659],[2.85213,39.3654],[2.8557,39.36296],[2.86996,39.36275],[2.87576,39.36286],[2.88181,39.36617],[2.88691,39.36505],[2.89251,39.36133],[2.89813,39.36102],[2.89891,39.35888],[2.90154,39.35787],[2.90897,39.35654],[2.90864,39.35391],[2.91325,39.35243],[2.91482,39.35591],[2.914,39.35815],[2.91867,39.35879],[2.92005,39.35988],[2.9176,39.3595],[2.91941,39.3613],[2.93093,39.3642],[2.93301,39.37892],[2.93625,39.38537],[2.9444,39.41475],[2.95199,39.42286],[2.95748,39.42435],[2.96253,39.42814],[2.96754,39.43519],[2.96646,39.43829],[2.96159,39.44136],[2.95987,39.44578],[2.95639,39.4477],[2.95418,39.45535],[2.95592,39.46132],[2.96034,39.46318],[2.95708,39.47223],[2.95807,39.48045],[2.96457,39.4809],[2.96956,39.48349],[2.97646,39.49364],[2.96412,39.49696],[2.96743,39.50093],[2.9625,39.50507],[2.97255,39.51906],[2.96064,39.52585],[2.94352,39.53028],[2.93615,39.52507],[2.93259,39.52556],[2.93311,39.52404],[2.92936,39.51938],[2.92038,39.51678],[2.91663,39.5172],[2.91403,39.51908],[2.91209,39.51853],[2.91057,39.52072],[2.90309,39.51855],[2.89894,39.52187],[2.88815,39.52251],[2.88093,39.52685],[2.8643,39.53207],[2.86543,39.53309],[2.86439,39.53391],[2.83852,39.54809],[2.82838,39.55191]]]}},{"type":"Feature","properties":{"mun_code":"07044","mun_name":"Sa Pobla","mun_name_local":null,"prov_code":"07","prov_name":"Illes Balears","acom_code":"04","acom_name":"Illes Balears","geo_point_2d":{"lon":3.0288533367029573,"lat":39.78034473003996}},"geometry":{"type":"Polygon","coordinates":[[[2.98862,39.73812],[2.9865,39.7368],[2.98816,39.73623],[2.98735,39.73467],[2.99971,39.73061],[3.02672,39.74437],[3.03832,39.74085],[3.04106,39.74572],[3.04608,39.74839],[3.04729,39.75421],[3.0565,39.75921],[3.06338,39.76845],[3.06413,39.77603],[3.06736,39.78105],[3.08194,39.79113],[3.09245,39.79553],[3.08431,39.80323],[3.08439,39.80148],[3.07815,39.79892],[3.06879,39.80464],[3.06084,39.80403],[3.05091,39.807],[3.04485,39.80435],[3.04326,39.80641],[3.04019,39.80533],[3.03705,39.81124],[3.03564,39.821],[3.03209,39.82172],[3.02649,39.82579],[2.99771,39.81135],[2.99317,39.80692],[2.98806,39.8047],[2.98527,39.80121],[2.98749,39.7916],[2.98914,39.79271],[2.99066,39.7875],[2.99524,39.78344],[2.9995,39.78391],[3.00825,39.78124],[3.01341,39.78337],[3.00229,39.77518],[3.00167,39.77149],[3.00319,39.76958],[2.99774,39.76029],[3.00015,39.75648],[2.99775,39.75606],[2.99521,39.75297],[3.00154,39.74756],[2.98931,39.73899],[2.98862,39.73812]]]}},{"type":"Feature","properties":{"mun_code":"07049","mun_name":"Sant Joan","mun_name_local":null,"prov_code":"07","prov_name":"Illes Balears","acom_code":"04","acom_name":"Illes Balears","geo_point_2d":{"lon":3.045216249045419,"lat":39.58799355887664}},"geometry":{"type":"Polygon","coordinates":[[[2.98064,39.59845],[2.98602,39.59833],[2.98609,39.59971],[2.98864,39.59766],[2.98684,39.59624],[2.98951,39.59334],[2.99766,39.59307],[3.00088,39.59089],[3.008,39.59057],[3.01084,39.58804],[3.00652,39.58361],[3.00607,39.57872],[3.01462,39.57647],[3.01867,39.58244],[3.02765,39.58092],[3.02987,39.57026],[3.03768,39.56511],[3.03768,39.56675],[3.0424,39.56426],[3.04131,39.56007],[3.04465,39.55222],[3.0536,39.5544],[3.06649,39.55017],[3.07878,39.55472],[3.08369,39.56385],[3.08283,39.56473],[3.08483,39.56528],[3.08248,39.56921],[3.08085,39.56937],[3.07959,39.57435],[3.08908,39.57633],[3.09499,39.58093],[3.08614,39.58844],[3.07158,39.5965],[3.06314,39.6034],[3.07011,39.61058],[3.07131,39.61032],[3.06971,39.6123],[3.07139,39.61314],[3.07029,39.61477],[3.06454,39.6185],[3.06588,39.61959],[3.06368,39.62168],[3.0568,39.61561],[3.05005,39.61868],[3.04224,39.62486],[3.02686,39.61545],[3.02573,39.61386],[3.02837,39.61211],[3.02465,39.61101],[3.02391,39.60614],[3.01158,39.61074],[3.00751,39.60597],[2.99988,39.60738],[2.99451,39.60508],[2.98409,39.60407],[2.98091,39.59953],[2.98064,39.59845]]]}},{"type":"Feature","properties":{"mun_code":"07017","mun_name":"Costitx","mun_name_local":null,"prov_code":"07","prov_name":"Illes Balears","acom_code":"04","acom_name":"Illes Balears","geo_point_2d":{"lon":2.9493193480838684,"lat":39.65543107158427}},"geometry":{"type":"Polygon","coordinates":[[[2.94352,39.6747],[2.93942,39.67252],[2.94246,39.66874],[2.91865,39.66098],[2.92226,39.65595],[2.92222,39.65356],[2.92509,39.65201],[2.9289,39.63866],[2.93861,39.64043],[2.94071,39.63496],[2.9465,39.63583],[2.94876,39.63096],[2.94604,39.63054],[2.94681,39.62775],[2.95679,39.62982],[2.95962,39.63394],[2.95817,39.63474],[2.96014,39.63822],[2.95766,39.64009],[2.96689,39.6482],[2.96497,39.6505],[2.96619,39.6504],[2.97159,39.65727],[2.97298,39.66186],[2.97785,39.66869],[2.97618,39.66942],[2.97597,39.67424],[2.97294,39.67588],[2.97288,39.6791],[2.96892,39.67933],[2.96808,39.67476],[2.9618,39.6707],[2.96042,39.6723],[2.96377,39.67398],[2.96257,39.67636],[2.95602,39.67305],[2.94921,39.67626],[2.9439,39.67484],[2.94352,39.6747]]]}},{"type":"Feature","properties":{"mun_code":"07001","mun_name":"Alaró","mun_name_local":null,"prov_code":"07","prov_name":"Illes Balears","acom_code":"04","acom_name":"Illes Balears","geo_point_2d":{"lon":2.8024057539070335,"lat":39.72354160130179}},"geometry":{"type":"Polygon","coordinates":[[[2.75267,39.71849],[2.75875,39.70957],[2.76531,39.70546],[2.76676,39.69809],[2.76498,39.6929],[2.7709,39.69118],[2.77882,39.68411],[2.78506,39.67227],[2.80819,39.682],[2.81734,39.68982],[2.81307,39.68994],[2.81173,39.69353],[2.81468,39.69564],[2.81489,39.70067],[2.8252,39.70598],[2.83232,39.71438],[2.83662,39.71526],[2.84809,39.71025],[2.8505,39.7131],[2.84537,39.722],[2.83742,39.72366],[2.82877,39.7233],[2.82473,39.7342],[2.83008,39.73713],[2.82627,39.74174],[2.8361,39.74656],[2.83844,39.74569],[2.8369,39.75117],[2.83425,39.75187],[2.84859,39.76879],[2.83972,39.77428],[2.83186,39.77105],[2.82873,39.76811],[2.82224,39.76686],[2.82134,39.76516],[2.81477,39.76417],[2.81202,39.7652],[2.81044,39.7692],[2.80804,39.76967],[2.80707,39.77229],[2.80238,39.77553],[2.79896,39.77305],[2.80175,39.76887],[2.79651,39.76541],[2.79107,39.75634],[2.7866,39.75223],[2.79479,39.7495],[2.80126,39.74328],[2.77785,39.73241],[2.77846,39.73065],[2.77293,39.7276],[2.76744,39.72814],[2.76358,39.72687],[2.75451,39.7216],[2.75283,39.71894],[2.75267,39.71849]]]}},{"type":"Feature","properties":{"mun_code":"07058","mun_name":"Selva","mun_name_local":null,"prov_code":"07","prov_name":"Illes Balears","acom_code":"04","acom_name":"Illes Balears","geo_point_2d":{"lon":2.908995368627148,"lat":39.768765275007105}},"geometry":{"type":"Polygon","coordinates":[[[2.84351,39.7382],[2.84501,39.73415],[2.853,39.73149],[2.86621,39.72424],[2.86984,39.72618],[2.87069,39.72438],[2.87437,39.72589],[2.87604,39.72404],[2.88051,39.72757],[2.88378,39.72463],[2.89345,39.73392],[2.89821,39.73075],[2.90606,39.73479],[2.90611,39.73375],[2.92061,39.73703],[2.9217,39.73958],[2.92489,39.73709],[2.93044,39.73995],[2.93942,39.73771],[2.94243,39.7414],[2.94702,39.74243],[2.96072,39.75176],[2.96242,39.75604],[2.95191,39.76423],[2.95037,39.76575],[2.95161,39.76666],[2.94426,39.76946],[2.94666,39.77127],[2.94265,39.77889],[2.93459,39.78994],[2.92861,39.79462],[2.92786,39.80048],[2.93123,39.80426],[2.92698,39.81356],[2.92462,39.81551],[2.91269,39.81647],[2.90389,39.81516],[2.88828,39.80549],[2.88068,39.80153],[2.87804,39.80156],[2.86821,39.79468],[2.8672,39.79224],[2.87899,39.77968],[2.88487,39.77626],[2.89098,39.76492],[2.88883,39.76383],[2.89233,39.76219],[2.88947,39.76155],[2.88915,39.75958],[2.88731,39.75957],[2.88532,39.757],[2.88715,39.7478],[2.89338,39.74151],[2.88766,39.73838],[2.88556,39.73974],[2.87451,39.73905],[2.8696,39.74238],[2.86518,39.73975],[2.85864,39.73929],[2.85296,39.73371],[2.84978,39.73608],[2.84857,39.74192],[2.84434,39.73867],[2.84351,39.7382]]]}},{"type":"Feature","properties":{"mun_code":"07065","mun_name":"Vilafranca de Bonany","mun_name_local":null,"prov_code":"07","prov_name":"Illes Balears","acom_code":"04","acom_name":"Illes Balears","geo_point_2d":{"lon":3.1173887639284943,"lat":39.55702940878436}},"geometry":{"type":"Polygon","coordinates":[[[3.07878,39.55472],[3.08294,39.55257],[3.08826,39.55194],[3.08921,39.54807],[3.10354,39.53487],[3.11043,39.53444],[3.12264,39.52989],[3.12907,39.54239],[3.13807,39.53816],[3.14957,39.54585],[3.15824,39.546],[3.15441,39.54914],[3.15608,39.55045],[3.1493,39.56438],[3.14448,39.56887],[3.15322,39.57578],[3.11881,39.57548],[3.10164,39.57263],[3.09499,39.58093],[3.08908,39.57633],[3.07959,39.57435],[3.08085,39.56937],[3.08248,39.56921],[3.08483,39.56528],[3.08283,39.56473],[3.08369,39.56385],[3.0791,39.55635],[3.07878,39.55472]]]}},{"type":"Feature","properties":{"mun_code":"07020","mun_name":"Esporles","mun_name_local":null,"prov_code":"07","prov_name":"Illes Balears","acom_code":"04","acom_name":"Illes Balears","geo_point_2d":{"lon":2.586892728251474,"lat":39.66279325346621}},"geometry":{"type":"Polygon","coordinates":[[[2.52862,39.67214],[2.54289,39.66386],[2.55014,39.65497],[2.55225,39.64966],[2.55078,39.64428],[2.54622,39.63768],[2.54776,39.63188],[2.55219,39.63188],[2.55536,39.62882],[2.56515,39.63084],[2.57273,39.62997],[2.57425,39.63184],[2.57127,39.63463],[2.5814,39.63974],[2.5836,39.64873],[2.58852,39.65187],[2.60087,39.65011],[2.60096,39.6551],[2.60349,39.65569],[2.61895,39.65215],[2.6298,39.64655],[2.63987,39.64596],[2.64224,39.64813],[2.64616,39.64757],[2.64282,39.65271],[2.64934,39.65485],[2.64554,39.66005],[2.64122,39.65943],[2.64082,39.66803],[2.62849,39.67264],[2.62305,39.68022],[2.61592,39.67824],[2.61099,39.68001],[2.60518,39.67896],[2.59897,39.68416],[2.59858,39.68708],[2.59475,39.68917],[2.59458,39.69201],[2.58856,39.6949],[2.57502,39.69074],[2.57295,39.68903],[2.55893,39.68567],[2.56332,39.67597],[2.55455,39.67202],[2.54868,39.67252],[2.54188,39.67503],[2.53414,39.67551],[2.53229,39.67324],[2.52954,39.67287],[2.52862,39.67214]]]}},{"type":"Feature","properties":{"mun_code":"07063","mun_name":"Valldemossa","mun_name_local":null,"prov_code":"07","prov_name":"Illes Balears","acom_code":"04","acom_name":"Illes Balears","geo_point_2d":{"lon":2.6199851018567806,"lat":39.70388960141973}},"geometry":{"type":"Polygon","coordinates":[[[2.61569,39.74362],[2.59952,39.73271],[2.59653,39.72606],[2.59166,39.72278],[2.58885,39.71857],[2.57286,39.71116],[2.56656,39.70609],[2.55574,39.70028],[2.5662,39.69448],[2.5648,39.68716],[2.57295,39.68903],[2.58719,39.69509],[2.59458,39.69201],[2.59475,39.68917],[2.59858,39.68708],[2.59897,39.68416],[2.60518,39.67896],[2.61099,39.68001],[2.61592,39.67824],[2.62305,39.68022],[2.62849,39.67264],[2.64082,39.66803],[2.64122,39.65943],[2.64554,39.66005],[2.64934,39.65485],[2.65911,39.6584],[2.65969,39.6604],[2.65977,39.66141],[2.65121,39.66438],[2.65305,39.67682],[2.65719,39.68204],[2.65528,39.68657],[2.64772,39.69164],[2.64991,39.69856],[2.65547,39.70125],[2.65743,39.70364],[2.65644,39.7086],[2.65762,39.71542],[2.6595,39.71888],[2.66173,39.71964],[2.66222,39.72279],[2.65673,39.72688],[2.65827,39.7295],[2.65166,39.73704],[2.63863,39.73696],[2.63203,39.73145],[2.62406,39.72769],[2.62132,39.73148],[2.61948,39.74006],[2.61643,39.74279],[2.61569,39.74362]]]}},{"type":"Feature","properties":{"mun_code":"07047","mun_name":"Sencelles","mun_name_local":null,"prov_code":"07","prov_name":"Illes Balears","acom_code":"04","acom_name":"Illes Balears","geo_point_2d":{"lon":2.8980451426705436,"lat":39.64042881114331}},"geometry":{"type":"Polygon","coordinates":[[[2.83733,39.65179],[2.8452,39.64245],[2.85013,39.6411],[2.8536,39.63678],[2.85529,39.63142],[2.8487,39.63004],[2.85186,39.62626],[2.84837,39.62487],[2.86407,39.60436],[2.8763,39.60708],[2.8792,39.60446],[2.88822,39.60893],[2.89201,39.60997],[2.89258,39.60828],[2.90219,39.61084],[2.90669,39.60535],[2.94349,39.61409],[2.9503,39.62036],[2.95679,39.62982],[2.94681,39.62775],[2.94604,39.63054],[2.94876,39.63096],[2.9465,39.63583],[2.94071,39.63496],[2.93861,39.64043],[2.93652,39.63937],[2.9284,39.6394],[2.92509,39.65201],[2.92222,39.65356],[2.92226,39.65595],[2.91865,39.66098],[2.94246,39.66874],[2.93942,39.67252],[2.94417,39.67539],[2.93327,39.68303],[2.92805,39.69063],[2.90936,39.68274],[2.90524,39.68469],[2.9014,39.67996],[2.89873,39.67883],[2.90008,39.67794],[2.89828,39.67604],[2.89961,39.67399],[2.89684,39.67296],[2.89857,39.67156],[2.89124,39.67063],[2.89319,39.66876],[2.88897,39.6645],[2.88482,39.6553],[2.87826,39.65622],[2.87764,39.65734],[2.87264,39.65571],[2.87161,39.65691],[2.86715,39.65454],[2.8593,39.66144],[2.85012,39.66102],[2.84481,39.65952],[2.84561,39.6585],[2.8384,39.65257],[2.83733,39.65179]]]}},{"type":"Feature","properties":{"mun_code":"07061","mun_name":"Sóller","mun_name_local":null,"prov_code":"07","prov_name":"Illes Balears","acom_code":"04","acom_name":"Illes Balears","geo_point_2d":{"lon":2.706333550106945,"lat":39.77498703717414}},"geometry":{"type":"MultiPolygon","coordinates":[[[[2.72781,39.82339],[2.71701,39.81776],[2.71498,39.81824],[2.70408,39.80853],[2.70261,39.80848],[2.70232,39.81011],[2.70144,39.80949],[2.70134,39.81188],[2.69945,39.81074],[2.69836,39.80782],[2.69431,39.80468],[2.69347,39.80008],[2.69128,39.79787],[2.68911,39.79794],[2.69101,39.79541],[2.69108,39.79641],[2.69282,39.79602],[2.69318,39.79785],[2.69557,39.79731],[2.69653,39.7937],[2.69436,39.79127],[2.6911,39.79066],[2.68992,39.79345],[2.68374,39.7939],[2.6838,39.79706],[2.68006,39.79853],[2.66811,39.79072],[2.66717,39.78433],[2.66352,39.78042],[2.66557,39.77554],[2.66221,39.77215],[2.67201,39.76129],[2.67765,39.74983],[2.6685,39.73809],[2.67965,39.73843],[2.68864,39.73626],[2.6932,39.73357],[2.7093,39.75112],[2.71688,39.75009],[2.71665,39.74675],[2.72545,39.74619],[2.72803,39.7472],[2.73547,39.74438],[2.73877,39.74587],[2.74589,39.75301],[2.74742,39.75978],[2.75224,39.75981],[2.75928,39.76387],[2.76021,39.7673],[2.7541,39.77221],[2.75118,39.77207],[2.74309,39.76743],[2.73856,39.76852],[2.73568,39.77221],[2.73603,39.77572],[2.72998,39.7742],[2.73046,39.77639],[2.7287,39.7774],[2.72739,39.78371],[2.72353,39.78422],[2.72344,39.78753],[2.7269,39.79333],[2.7263,39.79586],[2.72976,39.79471],[2.7323,39.79581],[2.73469,39.80333],[2.74002,39.80641],[2.73664,39.81143],[2.73839,39.81287],[2.7365,39.81639],[2.72946,39.82003],[2.72834,39.82312],[2.72781,39.82339]]],[[[2.71023,39.81584],[2.70959,39.81908],[2.7089,39.8167],[2.71007,39.81598],[2.71023,39.81584]]]]}},{"type":"Feature","properties":{"mun_code":"07007","mun_name":"Banyalbufar","mun_name_local":null,"prov_code":"07","prov_name":"Illes Balears","acom_code":"04","acom_name":"Illes Balears","geo_point_2d":{"lon":2.527377415138151,"lat":39.68131555019421}},"geometry":{"type":"Polygon","coordinates":[[[2.55574,39.70028],[2.55399,39.70091],[2.5456,39.69889],[2.54307,39.70066],[2.54169,39.69874],[2.52798,39.7016],[2.52032,39.69409],[2.51723,39.69285],[2.51626,39.69065],[2.51391,39.69178],[2.50998,39.68938],[2.50748,39.69027],[2.50473,39.68703],[2.49816,39.68436],[2.49429,39.68052],[2.49315,39.6756],[2.4875,39.6713],[2.48756,39.66885],[2.49735,39.66344],[2.50301,39.65717],[2.50736,39.65483],[2.51057,39.65956],[2.5152,39.66288],[2.52005,39.66415],[2.52383,39.66855],[2.53414,39.67551],[2.54188,39.67503],[2.54868,39.67252],[2.55455,39.67202],[2.56148,39.67502],[2.56332,39.67597],[2.56244,39.67915],[2.55857,39.68511],[2.5648,39.68716],[2.5662,39.69448],[2.55592,39.7001],[2.55574,39.70028]]]}},{"type":"Feature","properties":{"mun_code":"07022","mun_name":"Felanitx","mun_name_local":null,"prov_code":"07","prov_name":"Illes Balears","acom_code":"04","acom_name":"Illes Balears","geo_point_2d":{"lon":3.159794290316235,"lat":39.45157623997445}},"geometry":{"type":"MultiPolygon","coordinates":[[[[3.10354,39.53487],[3.09811,39.5333],[3.09925,39.53248],[3.0882,39.51539],[3.11158,39.49676],[3.11015,39.49375],[3.10906,39.49243],[3.10666,39.49373],[3.1032,39.49164],[3.08995,39.49645],[3.07893,39.49877],[3.0597,39.47529],[3.08065,39.45322],[3.08874,39.44128],[3.08475,39.43997],[3.08877,39.42852],[3.09541,39.42883],[3.09901,39.42293],[3.10096,39.4172],[3.08537,39.40777],[3.0914,39.40182],[3.09601,39.39958],[3.10395,39.39602],[3.11463,39.39455],[3.13823,39.39552],[3.16349,39.40039],[3.16807,39.41151],[3.19239,39.39712],[3.19749,39.4013],[3.19755,39.4037],[3.2,39.40575],[3.1983,39.40868],[3.20181,39.41158],[3.21464,39.40139],[3.23949,39.37703],[3.23932,39.37946],[3.24093,39.37844],[3.24178,39.37936],[3.24246,39.37606],[3.249,39.38504],[3.24587,39.3865],[3.24658,39.38816],[3.24782,39.38641],[3.25049,39.38724],[3.25033,39.39066],[3.25262,39.39179],[3.25011,39.39141],[3.24777,39.39325],[3.25058,39.39263],[3.25464,39.39471],[3.25338,39.3972],[3.25441,39.40008],[3.25276,39.39949],[3.25646,39.40299],[3.25431,39.40372],[3.25834,39.40368],[3.26341,39.4093],[3.26054,39.4088],[3.25667,39.41027],[3.26077,39.40985],[3.26165,39.41188],[3.26449,39.41118],[3.26435,39.41383],[3.26794,39.41538],[3.26663,39.41712],[3.26311,39.41505],[3.25885,39.41615],[3.26277,39.42127],[3.26171,39.42314],[3.26298,39.42374],[3.26096,39.42403],[3.26354,39.42597],[3.26539,39.42484],[3.26613,39.42793],[3.26813,39.4201],[3.27092,39.41868],[3.27004,39.41423],[3.27246,39.41398],[3.27481,39.41587],[3.27688,39.42573],[3.27485,39.42834],[3.27258,39.42833],[3.27604,39.4316],[3.27706,39.43886],[3.22439,39.45463],[3.2057,39.46313],[3.21654,39.47492],[3.20126,39.4851],[3.19589,39.49419],[3.19535,39.50056],[3.19111,39.50205],[3.18241,39.50039],[3.17501,39.50079],[3.16948,39.50411],[3.16966,39.51049],[3.16823,39.5115],[3.16671,39.50962],[3.16241,39.5122],[3.16408,39.51469],[3.15917,39.51841],[3.15518,39.51693],[3.15226,39.5196],[3.14732,39.51691],[3.14954,39.51452],[3.14778,39.51133],[3.13859,39.51901],[3.14063,39.52051],[3.13932,39.52205],[3.13261,39.52075],[3.13191,39.52566],[3.12759,39.52541],[3.12264,39.52989],[3.10496,39.53531],[3.10354,39.53487]]]]}},{"type":"Feature","properties":{"mun_code":"07054","mun_name":"Santa Eulària des Riu","mun_name_local":null,"prov_code":"07","prov_name":"Illes Balears","acom_code":"04","acom_name":"Illes Balears","geo_point_2d":{"lon":1.4971208797677966,"lat":38.993038657462016}},"geometry":{"type":"MultiPolygon","coordinates":[[[[1.57764,38.98225],[1.57911,38.98261],[1.57793,38.98248],[1.57764,38.98225]]],[[[1.58399,38.9822],[1.58437,38.98604],[1.58301,38.98515],[1.58339,38.9828],[1.58399,38.9822]]],[[[1.647,39.03203],[1.65056,39.03278],[1.64803,39.03624],[1.64497,39.03658],[1.64623,39.04066],[1.64131,39.03894],[1.63974,39.04083],[1.64175,39.04176],[1.63648,39.04106],[1.64097,39.0367],[1.63983,39.03476],[1.64596,39.03247],[1.647,39.03203]]],[[[1.41109,39.03094],[1.4059,39.03174],[1.40461,39.02878],[1.39656,39.02835],[1.39478,39.02345],[1.39842,39.01854],[1.39619,39.01622],[1.39727,39.01289],[1.39568,39.00814],[1.39048,39.01182],[1.38904,39.00936],[1.39056,39.00618],[1.38544,39.00688],[1.3875,39.00409],[1.38337,39.0025],[1.38242,38.99655],[1.38987,38.98985],[1.39715,38.99179],[1.39963,38.98684],[1.40461,38.98629],[1.41142,38.98211],[1.41832,38.98138],[1.42231,38.97905],[1.42845,38.97154],[1.42913,38.94875],[1.42802,38.94524],[1.41602,38.93829],[1.41834,38.93396],[1.41602,38.93443],[1.40104,38.92722],[1.40487,38.92583],[1.40912,38.92605],[1.41971,38.92176],[1.4212,38.92187],[1.42003,38.92332],[1.42772,38.92403],[1.4356,38.92156],[1.44071,38.92546],[1.4412,38.9197],[1.44321,38.92057],[1.44525,38.91977],[1.44712,38.9212],[1.44612,38.92285],[1.44844,38.92064],[1.44706,38.91823],[1.45287,38.91981],[1.45683,38.91906],[1.45796,38.92084],[1.46336,38.918],[1.46167,38.91748],[1.46325,38.91398],[1.46927,38.91263],[1.47683,38.91302],[1.47437,38.91426],[1.47468,38.91551],[1.47901,38.91583],[1.47817,38.91743],[1.48124,38.91857],[1.48391,38.92299],[1.48656,38.92333],[1.48694,38.92565],[1.48915,38.92431],[1.48951,38.92554],[1.48745,38.92637],[1.49069,38.92892],[1.49312,38.92845],[1.49148,38.92973],[1.501,38.93045],[1.50007,38.93309],[1.50521,38.93312],[1.50967,38.94179],[1.51058,38.947],[1.51599,38.94709],[1.52176,38.94365],[1.52459,38.94526],[1.52893,38.94503],[1.52756,38.95139],[1.52004,38.95284],[1.52527,38.95458],[1.52923,38.95377],[1.53122,38.95663],[1.52871,38.958],[1.52858,38.95959],[1.53275,38.96163],[1.53217,38.97455],[1.53092,38.9751],[1.53206,38.97659],[1.52753,38.98145],[1.53042,38.97779],[1.5344,38.9831],[1.53698,38.98341],[1.53836,38.98224],[1.53758,38.98326],[1.53921,38.983],[1.5378,38.98398],[1.53966,38.98339],[1.53823,38.98437],[1.53991,38.98361],[1.53842,38.98512],[1.54027,38.9839],[1.53911,38.98572],[1.54135,38.98401],[1.53787,38.98095],[1.54347,38.98442],[1.54602,38.98303],[1.54594,38.98756],[1.54735,38.98837],[1.54899,38.98754],[1.54819,38.99054],[1.55047,38.98999],[1.55156,38.99243],[1.55372,38.99236],[1.55598,38.99035],[1.56162,38.99324],[1.58134,38.98934],[1.57963,38.99134],[1.58077,38.99362],[1.57944,38.99568],[1.58142,38.99651],[1.57958,38.99697],[1.58012,38.99907],[1.57789,39.00107],[1.57959,39.00254],[1.5822,39.00244],[1.58128,39.00507],[1.58268,39.01],[1.58735,39.01081],[1.58613,39.01195],[1.58738,39.01251],[1.58481,39.01399],[1.58522,39.01572],[1.59449,39.01549],[1.59652,39.01844],[1.59381,39.0209],[1.59442,39.02276],[1.59607,39.02295],[1.59546,39.02463],[1.59842,39.02274],[1.59876,39.02403],[1.60271,39.02411],[1.60615,39.02968],[1.60913,39.02931],[1.61505,39.02429],[1.62123,39.02762],[1.61798,39.02763],[1.61649,39.02909],[1.62071,39.03297],[1.62009,39.03674],[1.61183,39.03637],[1.6088,39.03477],[1.6073,39.03694],[1.60939,39.03963],[1.60759,39.03929],[1.60707,39.0403],[1.60929,39.04435],[1.60547,39.04491],[1.59981,39.04946],[1.59983,39.05086],[1.59546,39.05148],[1.59031,39.0576],[1.58798,39.06332],[1.58965,39.06922],[1.57364,39.06432],[1.54671,39.06064],[1.52831,39.06206],[1.51593,39.05105],[1.51434,39.03677],[1.51014,39.03014],[1.50865,39.02451],[1.5046,39.02307],[1.50273,39.02062],[1.50441,39.02029],[1.50025,39.00788],[1.50098,39.00431],[1.48821,38.99297],[1.47247,38.99373],[1.46831,38.99676],[1.46479,38.99689],[1.44997,39.0097],[1.44037,39.02714],[1.42261,39.02947],[1.41109,39.03094]]],[[[1.58637,39.00141],[1.58758,39.00157],[1.58643,39.00165],[1.58637,39.00141]]]]}},{"type":"Feature","properties":{"mun_code":"07015","mun_name":"Ciutadella de Menorca","mun_name_local":null,"prov_code":"07","prov_name":"Illes Balears","acom_code":"04","acom_name":"Illes Balears","geo_point_2d":{"lon":3.8939412419822426,"lat":39.994752469654344}},"geometry":{"type":"MultiPolygon","coordinates":[[[[3.98428,40.05241],[3.98265,40.0532],[3.97837,40.0511],[3.97465,40.05377],[3.97333,40.05276],[3.9697,40.05336],[3.96703,40.05743],[3.95901,40.06115],[3.9545,40.05863],[3.9509,40.05856],[3.94931,40.05683],[3.94148,40.0564],[3.9384,40.06165],[3.93406,40.06291],[3.92887,40.06043],[3.93097,40.05816],[3.92512,40.05661],[3.91985,40.05676],[3.92103,40.05116],[3.92428,40.05033],[3.92547,40.04863],[3.92283,40.04839],[3.92374,40.04684],[3.92127,40.04534],[3.9169,40.04832],[3.91417,40.04661],[3.91329,40.05134],[3.9095,40.04841],[3.90436,40.05737],[3.89854,40.05979],[3.89801,40.05857],[3.89056,40.05676],[3.88798,40.05815],[3.88196,40.05802],[3.88481,40.05535],[3.88249,40.05295],[3.88195,40.05557],[3.87891,40.05256],[3.87181,40.05359],[3.86742,40.05803],[3.86712,40.05605],[3.86446,40.05421],[3.85335,40.05522],[3.83919,40.0531],[3.83542,40.04899],[3.83148,40.05265],[3.83064,40.0499],[3.82894,40.05295],[3.82691,40.05253],[3.82653,40.05037],[3.82582,40.05275],[3.82246,40.05117],[3.82147,40.04624],[3.81781,40.04278],[3.81902,40.03977],[3.81478,40.03925],[3.81388,40.03844],[3.81536,40.0369],[3.81305,40.03428],[3.80762,40.03364],[3.80642,40.03165],[3.81025,40.02905],[3.81054,40.0268],[3.80853,40.02503],[3.80579,40.02567],[3.80258,40.02466],[3.80144,40.02057],[3.79887,40.02166],[3.79651,40.01991],[3.79228,40.01998],[3.79079,40.01613],[3.79534,40.01157],[3.79362,40.01135],[3.79598,40.00895],[3.79437,40.00395],[3.79777,40.00339],[3.79464,39.99999],[3.7989,39.99782],[3.80063,39.99755],[3.80079,39.9991],[3.80117,39.99787],[3.80481,39.99793],[3.80645,40.00076],[3.80822,39.99909],[3.80937,39.99953],[3.80868,39.9983],[3.81158,39.9956],[3.81303,40.00057],[3.81309,39.99593],[3.82174,39.99557],[3.82328,39.99641],[3.82243,39.99771],[3.82443,39.9969],[3.82775,39.9991],[3.82707,39.9999],[3.82991,39.99953],[3.83596,40.00245],[3.8253,39.99634],[3.8299,39.99376],[3.83532,39.9943],[3.82727,39.99227],[3.82901,39.9911],[3.83119,39.97952],[3.83412,39.98142],[3.83425,39.97991],[3.83934,39.97839],[3.83293,39.9791],[3.83348,39.9772],[3.83135,39.97611],[3.82997,39.97262],[3.8295,39.96993],[3.83201,39.96706],[3.83558,39.96742],[3.83238,39.96579],[3.83431,39.96052],[3.82489,39.95201],[3.82653,39.9464],[3.82322,39.94252],[3.82586,39.94058],[3.82241,39.93804],[3.82294,39.93229],[3.82004,39.92815],[3.82332,39.92233],[3.82628,39.92365],[3.82974,39.92332],[3.83,39.92488],[3.83421,39.92583],[3.83604,39.92505],[3.83696,39.92655],[3.83937,39.92237],[3.84044,39.92499],[3.84346,39.92575],[3.84801,39.92294],[3.85262,39.92311],[3.85412,39.92142],[3.85631,39.92324],[3.85794,39.92158],[3.86357,39.92252],[3.86371,39.92135],[3.86703,39.92156],[3.86867,39.92355],[3.87015,39.92202],[3.88001,39.92319],[3.88093,39.92196],[3.88272,39.92322],[3.88405,39.92194],[3.88458,39.92388],[3.88659,39.92391],[3.88668,39.9229],[3.89008,39.92404],[3.89003,39.92604],[3.89297,39.92775],[3.8973,39.92645],[3.89638,39.92235],[3.90018,39.92247],[3.9026,39.92681],[3.90594,39.92403],[3.91122,39.92506],[3.91357,39.92723],[3.91491,39.9323],[3.91633,39.92916],[3.92172,39.93195],[3.93101,39.93161],[3.93673,39.93446],[3.93489,39.93608],[3.9367,39.93835],[3.93976,39.93586],[3.94782,39.93336],[3.95032,39.93562],[3.9532,39.93526],[3.95435,39.93714],[3.96361,39.94103],[3.96401,39.94267],[3.96115,39.94536],[3.96427,39.94819],[3.96257,39.95236],[3.96423,39.95899],[3.96204,39.96023],[3.96626,39.9639],[3.96771,39.96834],[3.96518,39.96971],[3.96403,39.97305],[3.96699,39.97906],[3.96185,39.98764],[3.96593,39.98907],[3.96851,39.99296],[3.97195,39.99455],[3.9779,40.0099],[3.97418,40.01778],[3.97676,40.02154],[3.97911,40.02022],[3.98157,40.0218],[3.98277,40.02406],[3.98094,40.02596],[3.98635,40.03451],[3.98729,40.04457],[3.98439,40.05144],[3.98428,40.05241]]]]}},{"type":"Feature","properties":{"mun_code":"07002","mun_name":"Alaior","mun_name_local":null,"prov_code":"07","prov_name":"Illes Balears","acom_code":"04","acom_name":"Illes Balears","geo_point_2d":{"lon":4.135397678222829,"lat":39.91863043443551}},"geometry":{"type":"Polygon","coordinates":[[[4.05501,39.90724],[4.07861,39.89602],[4.08005,39.89054],[4.08214,39.89126],[4.08689,39.88518],[4.09135,39.88351],[4.09224,39.88185],[4.09324,39.88303],[4.09537,39.88243],[4.09794,39.8787],[4.10517,39.87656],[4.11798,39.87013],[4.1211,39.87024],[4.12424,39.86776],[4.13029,39.86762],[4.13267,39.87072],[4.13308,39.86512],[4.14322,39.86199],[4.14509,39.86379],[4.14438,39.86498],[4.14593,39.86392],[4.14675,39.86472],[4.145,39.86058],[4.147,39.86089],[4.15648,39.8551],[4.1608,39.85997],[4.1654,39.87168],[4.16691,39.87183],[4.16954,39.87694],[4.17305,39.87838],[4.17686,39.87769],[4.17777,39.8742],[4.17959,39.87311],[4.18164,39.88032],[4.1858,39.88075],[4.18933,39.87943],[4.18852,39.88072],[4.1915,39.88144],[4.18757,39.88602],[4.18775,39.89176],[4.18439,39.89387],[4.18834,39.89545],[4.18824,39.89666],[4.18539,39.89629],[4.18414,39.89864],[4.18982,39.89757],[4.19281,39.89883],[4.19447,39.90261],[4.19805,39.90336],[4.20269,39.90187],[4.20466,39.90367],[4.20272,39.90699],[4.20427,39.90993],[4.20685,39.90889],[4.20993,39.91422],[4.20917,39.91565],[4.20441,39.91444],[4.20538,39.91631],[4.20368,39.9176],[4.20659,39.91867],[4.20555,39.9194],[4.20046,39.91803],[4.2002,39.91978],[4.19497,39.92293],[4.19528,39.92422],[4.18958,39.92556],[4.1894,39.93181],[4.19159,39.93488],[4.20083,39.93806],[4.20472,39.94312],[4.20066,39.9436],[4.20607,39.94391],[4.20449,39.94797],[4.19938,39.95297],[4.20101,39.95529],[4.20311,39.95461],[4.20254,39.95795],[4.2075,39.95867],[4.20702,39.95981],[4.20551,39.96174],[4.20224,39.96022],[4.20175,39.9619],[4.19555,39.96443],[4.20001,39.97061],[4.19586,39.96972],[4.19443,39.97394],[4.1904,39.97585],[4.18501,39.97281],[4.18348,39.96688],[4.17933,39.96412],[4.17633,39.96728],[4.16855,39.96671],[4.16756,39.96404],[4.15802,39.96474],[4.15078,39.96364],[4.1417,39.968],[4.1398,39.95917],[4.13733,39.95596],[4.13063,39.95576],[4.12724,39.95735],[4.12372,39.96189],[4.11449,39.96335],[4.1118,39.95878],[4.10414,39.95843],[4.09458,39.95535],[4.08742,39.95921],[4.08316,39.95656],[4.07817,39.95714],[4.07505,39.95543],[4.07112,39.94571],[4.06236,39.94361],[4.06354,39.94112],[4.06619,39.94125],[4.06669,39.93886],[4.06349,39.93768],[4.06668,39.93747],[4.06564,39.93443],[4.06693,39.93148],[4.06173,39.93132],[4.05636,39.9274],[4.05412,39.91955],[4.05643,39.91765],[4.05694,39.91286],[4.05521,39.90766],[4.05501,39.90724]]]}},{"type":"Feature","properties":{"mun_code":"07901","mun_name":"Ariany","mun_name_local":null,"prov_code":"07","prov_name":"Illes Balears","acom_code":"04","acom_name":"Illes Balears","geo_point_2d":{"lon":3.132671696798874,"lat":39.65588421192842}},"geometry":{"type":"Polygon","coordinates":[[[3.0842,39.6567],[3.08477,39.6529],[3.08187,39.65189],[3.08557,39.64556],[3.08347,39.64498],[3.08436,39.63413],[3.10028,39.64253],[3.10405,39.6353],[3.10224,39.634],[3.10621,39.63078],[3.11715,39.6345],[3.12113,39.63086],[3.1283,39.6309],[3.13277,39.63428],[3.13388,39.63331],[3.13921,39.63642],[3.14829,39.64377],[3.14935,39.64312],[3.15454,39.65017],[3.15731,39.64984],[3.16053,39.65567],[3.15973,39.6581],[3.16252,39.65896],[3.16478,39.65816],[3.17098,39.66726],[3.17928,39.68507],[3.18297,39.68413],[3.18505,39.69153],[3.18815,39.69331],[3.18549,39.69569],[3.17779,39.69506],[3.17204,39.68891],[3.16612,39.69008],[3.15326,39.67594],[3.16188,39.6739],[3.15212,39.66719],[3.14309,39.66869],[3.1397,39.66745],[3.13651,39.66287],[3.12686,39.65871],[3.12383,39.66286],[3.09706,39.65888],[3.09555,39.65776],[3.0882,39.65763],[3.0842,39.6567]]]}},{"type":"Feature","properties":{"mun_code":"07057","mun_name":"Santanyí","mun_name_local":null,"prov_code":"07","prov_name":"Illes Balears","acom_code":"04","acom_name":"Illes Balears","geo_point_2d":{"lon":3.1321957768266087,"lat":39.349396193793005}},"geometry":{"type":"MultiPolygon","coordinates":[[[[3.03601,39.27897],[3.03675,39.27954],[3.0356,39.27923],[3.03601,39.27897]]],[[[3.0692,39.37917],[3.08709,39.36444],[3.08564,39.36044],[3.07853,39.35322],[3.07892,39.35099],[3.08304,39.34903],[3.07773,39.34444],[3.08154,39.33798],[3.0751,39.32765],[3.07067,39.3299],[3.06858,39.32569],[3.06396,39.32636],[3.05669,39.32071],[3.06377,39.31239],[3.06472,39.30749],[3.0694,39.30245],[3.03355,39.29368],[3.02936,39.29044],[3.03082,39.28832],[3.02764,39.28561],[3.03032,39.28257],[3.038,39.28049],[3.03717,39.27953],[3.04153,39.28004],[3.04381,39.27695],[3.04169,39.27476],[3.0434,39.27456],[3.0429,39.27349],[3.04946,39.26611],[3.05561,39.26446],[3.06504,39.26565],[3.0733,39.26887],[3.09183,39.28701],[3.09014,39.28905],[3.09355,39.2886],[3.09561,39.29024],[3.09519,39.29252],[3.10115,39.2946],[3.10465,39.30065],[3.10709,39.30234],[3.10991,39.30217],[3.11834,39.31316],[3.12103,39.3122],[3.12457,39.31587],[3.12972,39.31355],[3.13327,39.31604],[3.13746,39.31683],[3.1425,39.32066],[3.14224,39.32373],[3.13935,39.32435],[3.14142,39.32464],[3.14067,39.32559],[3.14585,39.3262],[3.1464,39.32997],[3.14981,39.32691],[3.15169,39.32788],[3.16039,39.32588],[3.17189,39.32691],[3.17377,39.3279],[3.17263,39.3304],[3.1674,39.33184],[3.16998,39.33192],[3.16941,39.33347],[3.17143,39.33126],[3.17693,39.32928],[3.18019,39.33113],[3.17932,39.33432],[3.1864,39.33491],[3.18909,39.33789],[3.18721,39.33863],[3.18907,39.34373],[3.19222,39.34621],[3.18546,39.35039],[3.18871,39.35212],[3.18886,39.35015],[3.19156,39.35016],[3.19149,39.35195],[3.193,39.35245],[3.19336,39.35122],[3.19789,39.35266],[3.19717,39.35122],[3.20203,39.35067],[3.21524,39.35488],[3.21393,39.35646],[3.20931,39.35558],[3.20869,39.35788],[3.21123,39.35747],[3.21225,39.35994],[3.20841,39.36088],[3.21137,39.36077],[3.21113,39.36475],[3.2128,39.36223],[3.21616,39.36163],[3.21603,39.35775],[3.22034,39.3592],[3.21983,39.35696],[3.2238,39.35688],[3.22527,39.35802],[3.22435,39.36071],[3.22664,39.35841],[3.22918,39.35893],[3.23393,39.36394],[3.23141,39.36433],[3.23473,39.36526],[3.23483,39.36743],[3.22895,39.36611],[3.22346,39.36909],[3.22244,39.37336],[3.22285,39.37098],[3.22975,39.368],[3.23141,39.36879],[3.23,39.37094],[3.23396,39.3696],[3.23245,39.37281],[3.23486,39.37233],[3.2372,39.36939],[3.24053,39.37343],[3.23747,39.3759],[3.24,39.37522],[3.23949,39.37703],[3.21464,39.40139],[3.20181,39.41158],[3.1983,39.40868],[3.2,39.40575],[3.19755,39.4037],[3.19749,39.4013],[3.19239,39.39712],[3.16807,39.41151],[3.16349,39.40039],[3.15338,39.39787],[3.13763,39.39546],[3.11463,39.39455],[3.10395,39.39602],[3.09601,39.39958],[3.07027,39.37982],[3.0692,39.37917]]]]}},{"type":"Feature","properties":{"mun_code":"07050","mun_name":"Sant Joan de Labritja","mun_name_local":null,"prov_code":"07","prov_name":"Illes Balears","acom_code":"04","acom_name":"Illes Balears","geo_point_2d":{"lon":1.4877141736327042,"lat":39.06213429855772}},"geometry":{"type":"MultiPolygon","coordinates":[[[[1.58965,39.06922],[1.59193,39.07532],[1.59458,39.07609],[1.5966,39.07411],[1.59978,39.07373],[1.60991,39.0793],[1.60727,39.0791],[1.60672,39.08012],[1.602,39.07888],[1.60181,39.082],[1.59846,39.08242],[1.59832,39.0845],[1.60462,39.08974],[1.60424,39.09089],[1.60011,39.08879],[1.60137,39.09107],[1.60034,39.09265],[1.59655,39.09322],[1.59234,39.09785],[1.59095,39.09498],[1.58485,39.09568],[1.57964,39.09827],[1.57474,39.09638],[1.57415,39.09804],[1.5707,39.09646],[1.56795,39.09818],[1.56551,39.09432],[1.56101,39.09287],[1.55714,39.09331],[1.55565,39.1001],[1.553,39.09671],[1.55184,39.10063],[1.54593,39.10295],[1.54523,39.1055],[1.53722,39.10668],[1.53816,39.10932],[1.54281,39.11288],[1.54106,39.11396],[1.54226,39.1162],[1.53317,39.11836],[1.52219,39.11441],[1.52046,39.11643],[1.51844,39.11558],[1.51433,39.11678],[1.51538,39.11518],[1.52024,39.11409],[1.51485,39.11375],[1.51718,39.11052],[1.51571,39.10892],[1.51179,39.11013],[1.5122,39.11154],[1.5109,39.11174],[1.51217,39.11295],[1.5103,39.11454],[1.50734,39.1138],[1.50602,39.11153],[1.50859,39.10761],[1.50707,39.10676],[1.50888,39.10286],[1.5061,39.10255],[1.50445,39.10068],[1.50299,39.10158],[1.50258,39.10027],[1.49893,39.10011],[1.49713,39.09852],[1.49562,39.10131],[1.49194,39.10255],[1.49144,39.106],[1.49339,39.10855],[1.48843,39.11054],[1.48532,39.10848],[1.4864,39.1055],[1.48404,39.10337],[1.4853,39.10214],[1.48413,39.10094],[1.4819,39.10087],[1.4797,39.10437],[1.47495,39.1055],[1.47234,39.10361],[1.47281,39.10221],[1.47026,39.10173],[1.47082,39.10002],[1.4695,39.09943],[1.46294,39.10232],[1.46426,39.10336],[1.4629,39.10362],[1.46156,39.10216],[1.46364,39.1016],[1.46415,39.0993],[1.45969,39.09864],[1.45956,39.09737],[1.45576,39.09634],[1.45265,39.09688],[1.44886,39.09211],[1.45339,39.08903],[1.44883,39.08845],[1.44763,39.08935],[1.44367,39.08782],[1.44053,39.08051],[1.43778,39.08134],[1.43648,39.08434],[1.43999,39.0874],[1.43737,39.08871],[1.43751,39.08634],[1.43449,39.08727],[1.42636,39.09257],[1.42056,39.08987],[1.41973,39.08425],[1.41651,39.0813],[1.41688,39.07745],[1.41047,39.07826],[1.40565,39.07498],[1.39984,39.07717],[1.39853,39.07452],[1.39738,39.08044],[1.38922,39.07867],[1.38927,39.0696],[1.39689,39.0624],[1.39841,39.05401],[1.40783,39.04442],[1.40978,39.04043],[1.40656,39.03537],[1.4088,39.03468],[1.40927,39.0323],[1.41109,39.03094],[1.44037,39.02714],[1.44997,39.0097],[1.46479,38.99689],[1.46831,38.99676],[1.47247,38.99373],[1.48387,38.99305],[1.48821,38.99297],[1.50098,39.00431],[1.50025,39.00788],[1.50441,39.02029],[1.50273,39.02062],[1.5046,39.02307],[1.50865,39.02451],[1.51014,39.03014],[1.51434,39.03677],[1.51593,39.05105],[1.52831,39.06206],[1.54671,39.06064],[1.57364,39.06432],[1.58357,39.06762],[1.58965,39.06922]]],[[[1.43153,39.09155],[1.43272,39.09301],[1.4317,39.09191],[1.43153,39.09155]]],[[[1.59222,39.09808],[1.59359,39.09832],[1.59223,39.09826],[1.59222,39.09808]]]]}},{"type":"Feature","properties":{"mun_code":"07062","mun_name":"Son Servera","mun_name_local":null,"prov_code":"07","prov_name":"Illes Balears","acom_code":"04","acom_name":"Illes Balears","geo_point_2d":{"lon":3.371125427439493,"lat":39.64035153633147}},"geometry":{"type":"Polygon","coordinates":[[[3.32071,39.64105],[3.32229,39.64043],[3.3236,39.63578],[3.32836,39.6357],[3.3294,39.63327],[3.33251,39.63194],[3.35067,39.61534],[3.3519,39.61569],[3.3563,39.60848],[3.36263,39.60695],[3.36309,39.60491],[3.38562,39.60009],[3.38993,39.60829],[3.39172,39.60913],[3.39054,39.61032],[3.39211,39.61005],[3.39184,39.61279],[3.39338,39.61429],[3.3914,39.6139],[3.39246,39.61519],[3.39295,39.61445],[3.39189,39.61814],[3.39395,39.6197],[3.39308,39.62088],[3.39591,39.62395],[3.39689,39.62831],[3.40475,39.63623],[3.40974,39.63768],[3.41382,39.635],[3.4267,39.63231],[3.43342,39.6325],[3.43644,39.63445],[3.43401,39.6356],[3.43266,39.63994],[3.42532,39.64217],[3.42586,39.64497],[3.41836,39.64582],[3.41519,39.65296],[3.40672,39.65615],[3.40592,39.66177],[3.40008,39.66422],[3.39656,39.66898],[3.39116,39.67206],[3.38488,39.6645],[3.37536,39.66407],[3.36637,39.6677],[3.36389,39.6725],[3.35547,39.67143],[3.34147,39.66221],[3.33711,39.66595],[3.33721,39.66745],[3.33036,39.66744],[3.32159,39.66219],[3.325,39.66097],[3.3278,39.65642],[3.32818,39.64752],[3.32243,39.64234],[3.32071,39.64105]]]}},{"type":"Feature","properties":{"mun_code":"07036","mun_name":"Marratxí","mun_name_local":null,"prov_code":"07","prov_name":"Illes Balears","acom_code":"04","acom_name":"Illes Balears","geo_point_2d":{"lon":2.7285582830948387,"lat":39.623760807983814}},"geometry":{"type":"Polygon","coordinates":[[[2.69877,39.65026],[2.69852,39.64739],[2.66742,39.63334],[2.67237,39.62805],[2.67276,39.62466],[2.68225,39.61209],[2.68258,39.60631],[2.68595,39.60378],[2.68988,39.59649],[2.68697,39.58349],[2.69588,39.58634],[2.7036,39.5822],[2.70775,39.59114],[2.73904,39.60081],[2.77548,39.60202],[2.77773,39.60888],[2.79762,39.61404],[2.78363,39.62835],[2.78266,39.63264],[2.77837,39.63881],[2.76751,39.63994],[2.76333,39.64537],[2.76577,39.64756],[2.75443,39.64819],[2.75459,39.65641],[2.75152,39.65837],[2.74265,39.65963],[2.73517,39.65906],[2.73154,39.66054],[2.72537,39.65926],[2.70721,39.6488],[2.70086,39.65001],[2.69877,39.65026]]]}},{"type":"Feature","properties":{"mun_code":"07039","mun_name":"Muro","mun_name_local":null,"prov_code":"07","prov_name":"Illes Balears","acom_code":"04","acom_name":"Illes Balears","geo_point_2d":{"lon":3.0855939513370636,"lat":39.757900283316815}},"geometry":{"type":"Polygon","coordinates":[[[3.01958,39.74019],[3.02245,39.7315],[3.0259,39.72743],[3.02909,39.72811],[3.02944,39.72984],[3.04426,39.72072],[3.04398,39.71775],[3.0409,39.71456],[3.05498,39.70991],[3.05413,39.70925],[3.06917,39.70189],[3.08927,39.72431],[3.14502,39.77385],[3.13507,39.78267],[3.12505,39.79467],[3.12214,39.80084],[3.12375,39.8019],[3.12122,39.80156],[3.1199,39.80414],[3.11706,39.81566],[3.1064,39.81436],[3.09064,39.80795],[3.08454,39.80394],[3.09227,39.79494],[3.08194,39.79113],[3.06736,39.78105],[3.06413,39.77603],[3.06338,39.76845],[3.0565,39.75921],[3.04729,39.75421],[3.04608,39.74839],[3.04106,39.74572],[3.03832,39.74085],[3.02672,39.74437],[3.02458,39.7427],[3.01958,39.74019]]]}},{"type":"Feature","properties":{"mun_code":"07006","mun_name":"Artà","mun_name_local":null,"prov_code":"07","prov_name":"Illes Balears","acom_code":"04","acom_name":"Illes Balears","geo_point_2d":{"lon":3.3286901386688825,"lat":39.71462876762834}},"geometry":{"type":"MultiPolygon","coordinates":[[[[3.23674,39.73216],[3.2337,39.72305],[3.23383,39.71875],[3.22538,39.70501],[3.22685,39.70199],[3.22515,39.6984],[3.23264,39.69671],[3.23612,39.69196],[3.23935,39.69517],[3.25539,39.68021],[3.2763,39.68096],[3.28396,39.67752],[3.29863,39.66597],[3.29039,39.65249],[3.29419,39.65014],[3.29835,39.65244],[3.3035,39.64422],[3.30599,39.64393],[3.31134,39.63937],[3.32071,39.64105],[3.32818,39.64752],[3.3278,39.65642],[3.325,39.66097],[3.32159,39.66219],[3.33169,39.66801],[3.33721,39.66745],[3.33711,39.66595],[3.34147,39.66221],[3.35547,39.67143],[3.36389,39.6725],[3.36637,39.6677],[3.37536,39.66407],[3.38488,39.6645],[3.39393,39.67473],[3.39914,39.68474],[3.38947,39.68458],[3.38692,39.68751],[3.38111,39.68851],[3.3821,39.69187],[3.38601,39.69198],[3.38163,39.70376],[3.38908,39.71104],[3.39446,39.71355],[3.39913,39.7178],[3.40231,39.72338],[3.41014,39.72677],[3.41509,39.73491],[3.41689,39.74298],[3.4152,39.74533],[3.41723,39.74547],[3.42085,39.75175],[3.41817,39.75071],[3.41685,39.75259],[3.41404,39.7523],[3.4095,39.7592],[3.4044,39.75894],[3.40586,39.76092],[3.40409,39.76396],[3.39909,39.76274],[3.39718,39.76475],[3.38439,39.76407],[3.37418,39.76833],[3.37387,39.77208],[3.37128,39.77351],[3.37164,39.77462],[3.3604,39.77853],[3.35148,39.78725],[3.34714,39.78932],[3.33508,39.7841],[3.33457,39.77674],[3.33238,39.77463],[3.33471,39.77406],[3.33591,39.76914],[3.33399,39.76614],[3.33055,39.76481],[3.33051,39.76095],[3.32586,39.75802],[3.322,39.75815],[3.32073,39.75618],[3.31805,39.75727],[3.30795,39.75464],[3.30271,39.75002],[3.30012,39.74976],[3.30113,39.74814],[3.2945,39.74782],[3.28935,39.74516],[3.28591,39.74014],[3.2793,39.74049],[3.2757,39.73791],[3.27228,39.73772],[3.27572,39.73759],[3.27482,39.73643],[3.27324,39.73725],[3.26619,39.73355],[3.26557,39.73446],[3.26253,39.73377],[3.26044,39.73539],[3.25465,39.7295],[3.23712,39.73196],[3.23674,39.73216]]],[[[3.40585,39.76964],[3.40685,39.7701],[3.40572,39.76985],[3.40585,39.76964]]]]}},{"type":"Feature","properties":{"mun_code":"07014","mun_name":"Capdepera","mun_name_local":null,"prov_code":"07","prov_name":"Illes Balears","acom_code":"04","acom_name":"Illes Balears","geo_point_2d":{"lon":3.427357425322965,"lat":39.69707222751588}},"geometry":{"type":"Polygon","coordinates":[[[3.42085,39.75175],[3.41723,39.74547],[3.4152,39.74533],[3.41689,39.74298],[3.41509,39.73491],[3.41014,39.72677],[3.40231,39.72338],[3.39913,39.7178],[3.39446,39.71355],[3.38908,39.71104],[3.38163,39.70376],[3.38601,39.69198],[3.3821,39.69187],[3.38111,39.68851],[3.38692,39.68751],[3.38947,39.68458],[3.39914,39.68474],[3.39116,39.67206],[3.39656,39.66898],[3.40008,39.66422],[3.40592,39.66177],[3.40672,39.65615],[3.41519,39.65296],[3.41836,39.64582],[3.42586,39.64497],[3.42532,39.64217],[3.43266,39.63994],[3.43401,39.6356],[3.43644,39.63445],[3.43541,39.6368],[3.43806,39.63986],[3.43885,39.64406],[3.43651,39.648],[3.44101,39.65648],[3.4434,39.65748],[3.44773,39.65548],[3.45466,39.65484],[3.4559,39.65622],[3.45611,39.66141],[3.4547,39.6609],[3.45357,39.66285],[3.45481,39.66709],[3.45241,39.66946],[3.45723,39.67078],[3.45287,39.67498],[3.45678,39.67959],[3.45235,39.68223],[3.45799,39.68443],[3.45765,39.68948],[3.45482,39.68893],[3.45345,39.6931],[3.456,39.69578],[3.45492,39.70015],[3.45626,39.70052],[3.45671,39.70551],[3.46121,39.7076],[3.46303,39.71123],[3.4653,39.71054],[3.46298,39.709],[3.46931,39.71134],[3.46968,39.71294],[3.47444,39.71063],[3.47468,39.70933],[3.47549,39.71212],[3.47758,39.71286],[3.47593,39.71493],[3.47765,39.71458],[3.47868,39.71581],[3.47672,39.7165],[3.47617,39.72016],[3.47337,39.71967],[3.47141,39.72193],[3.47055,39.72073],[3.46234,39.72117],[3.46105,39.71995],[3.45658,39.72171],[3.45407,39.72097],[3.45269,39.72249],[3.45235,39.72501],[3.45671,39.72805],[3.45199,39.72599],[3.45297,39.72951],[3.45761,39.73347],[3.45818,39.73743],[3.4618,39.73823],[3.46134,39.74085],[3.45874,39.74115],[3.45733,39.74409],[3.46135,39.74807],[3.45957,39.74837],[3.45859,39.74656],[3.45085,39.74359],[3.43957,39.74535],[3.43579,39.74427],[3.43219,39.7451],[3.43044,39.74915],[3.42694,39.75159],[3.42108,39.75178],[3.42085,39.75175]]]}},{"type":"Feature","properties":{"mun_code":"07026","mun_name":"Eivissa","mun_name_local":null,"prov_code":"07","prov_name":"Illes Balears","acom_code":"04","acom_name":"Illes Balears","geo_point_2d":{"lon":1.4191084493994357,"lat":38.91367738103199}},"geometry":{"type":"MultiPolygon","coordinates":[[[[1.43802,38.88778],[1.43887,38.88869],[1.43799,38.88805],[1.43802,38.88778]]],[[[1.42287,38.89602],[1.42425,38.89702],[1.42286,38.89642],[1.42287,38.89602]]],[[[1.40104,38.92722],[1.39571,38.92941],[1.38461,38.92947],[1.39307,38.92177],[1.38927,38.91808],[1.39595,38.91554],[1.40766,38.90777],[1.40534,38.9057],[1.40519,38.9034],[1.40161,38.90154],[1.4071,38.89788],[1.4076,38.89704],[1.40432,38.89507],[1.41013,38.89094],[1.41533,38.89654],[1.41712,38.89678],[1.41711,38.89587],[1.42105,38.9033],[1.42358,38.90481],[1.43861,38.90274],[1.43882,38.90771],[1.44292,38.91076],[1.44017,38.90937],[1.43776,38.91028],[1.43833,38.91121],[1.43507,38.9106],[1.43491,38.91153],[1.43815,38.91576],[1.43973,38.91517],[1.43857,38.91331],[1.4403,38.91287],[1.44152,38.91522],[1.43954,38.91667],[1.44316,38.91506],[1.44261,38.91327],[1.44391,38.91508],[1.4441,38.91397],[1.44638,38.91431],[1.4435,38.91284],[1.44949,38.9096],[1.44559,38.91207],[1.44694,38.9133],[1.44709,38.91195],[1.44854,38.91255],[1.44889,38.91098],[1.45008,38.91197],[1.45331,38.90908],[1.45436,38.90537],[1.45318,38.90371],[1.45472,38.90537],[1.45661,38.90373],[1.45825,38.90423],[1.45805,38.9068],[1.45597,38.90636],[1.45377,38.9084],[1.45544,38.9114],[1.45191,38.91383],[1.45558,38.91728],[1.46336,38.918],[1.45883,38.9206],[1.45683,38.91906],[1.45287,38.91981],[1.44706,38.91823],[1.44844,38.92064],[1.44612,38.92285],[1.44712,38.9212],[1.44525,38.91977],[1.44321,38.92057],[1.4412,38.9197],[1.44071,38.92546],[1.4356,38.92156],[1.42772,38.92403],[1.42003,38.92332],[1.4212,38.92187],[1.41971,38.92176],[1.40912,38.92605],[1.40145,38.92709],[1.40104,38.92722]]]]}},{"type":"Feature","properties":{"mun_code":"07016","mun_name":"Consell","mun_name_local":null,"prov_code":"07","prov_name":"Illes Balears","acom_code":"04","acom_name":"Illes Balears","geo_point_2d":{"lon":2.8179355236073387,"lat":39.665028549541816}},"geometry":{"type":"Polygon","coordinates":[[[2.78506,39.67227],[2.79534,39.66081],[2.79725,39.66175],[2.82108,39.64312],[2.83344,39.64896],[2.84561,39.6585],[2.84481,39.65952],[2.85049,39.66104],[2.83706,39.67232],[2.83494,39.67109],[2.83004,39.67639],[2.82643,39.67501],[2.81952,39.68315],[2.82159,39.68423],[2.81627,39.68801],[2.80819,39.682],[2.78699,39.67345],[2.78506,39.67227]]]}},{"type":"Feature","properties":{"mun_code":"07008","mun_name":"Binissalem","mun_name_local":null,"prov_code":"07","prov_name":"Illes Balears","acom_code":"04","acom_name":"Illes Balears","geo_point_2d":{"lon":2.85682058445053,"lat":39.684515000672924}},"geometry":{"type":"Polygon","coordinates":[[[2.81627,39.68801],[2.82159,39.68423],[2.81952,39.68315],[2.82643,39.67501],[2.83004,39.67639],[2.83494,39.67109],[2.83706,39.67232],[2.84155,39.66966],[2.85049,39.66104],[2.8593,39.66144],[2.86715,39.65454],[2.87161,39.65691],[2.87264,39.65571],[2.87764,39.65734],[2.87826,39.65622],[2.88505,39.65545],[2.88897,39.6645],[2.89319,39.66876],[2.89124,39.67063],[2.89857,39.67156],[2.89684,39.67296],[2.89961,39.67399],[2.89828,39.67604],[2.90008,39.67794],[2.89873,39.67883],[2.9014,39.67996],[2.90524,39.68469],[2.89909,39.68769],[2.88845,39.68983],[2.8817,39.69361],[2.87817,39.6979],[2.87164,39.69527],[2.85257,39.71266],[2.8505,39.7131],[2.84809,39.71025],[2.83662,39.71526],[2.83232,39.71438],[2.8252,39.70598],[2.81489,39.70067],[2.81468,39.69564],[2.81173,39.69353],[2.81307,39.68994],[2.81734,39.68982],[2.8166,39.68834],[2.81627,39.68801]]]}},{"type":"Feature","properties":{"mun_code":"07019","mun_name":"Escorca","mun_name_local":null,"prov_code":"07","prov_name":"Illes Balears","acom_code":"04","acom_name":"Illes Balears","geo_point_2d":{"lon":2.848024919341102,"lat":39.82792002489478}},"geometry":{"type":"Polygon","coordinates":[[[2.9246,39.90008],[2.91975,39.90192],[2.91853,39.89696],[2.91482,39.89712],[2.90835,39.89508],[2.90532,39.89822],[2.90284,39.89774],[2.89756,39.89326],[2.889,39.89109],[2.88769,39.88697],[2.87919,39.883],[2.87494,39.878],[2.85366,39.87439],[2.85217,39.86984],[2.8475,39.86779],[2.84454,39.86158],[2.84235,39.86135],[2.84028,39.86486],[2.83823,39.86531],[2.83306,39.86111],[2.82756,39.8598],[2.82733,39.85771],[2.82476,39.8567],[2.82413,39.86097],[2.82266,39.85764],[2.82019,39.85858],[2.81544,39.85693],[2.81497,39.8581],[2.80882,39.85893],[2.80943,39.86194],[2.80467,39.8624],[2.80183,39.85821],[2.80479,39.85685],[2.80356,39.85546],[2.8056,39.85262],[2.80235,39.85298],[2.80015,39.85116],[2.79921,39.8535],[2.79245,39.85654],[2.79054,39.85662],[2.78685,39.85274],[2.78301,39.85576],[2.77944,39.85601],[2.77426,39.85127],[2.77551,39.8492],[2.77391,39.84459],[2.7756,39.83985],[2.7703,39.84071],[2.76698,39.84287],[2.76502,39.84147],[2.76628,39.83525],[2.75489,39.82891],[2.74792,39.82775],[2.74619,39.83262],[2.74281,39.83307],[2.73859,39.83096],[2.73846,39.82948],[2.73261,39.82702],[2.73832,39.82349],[2.74896,39.82053],[2.76145,39.8227],[2.76156,39.81923],[2.77053,39.81255],[2.76938,39.80864],[2.77138,39.80646],[2.77395,39.80613],[2.77474,39.80259],[2.78514,39.79895],[2.76822,39.78061],[2.76,39.77434],[2.7541,39.77221],[2.76021,39.7673],[2.75928,39.76387],[2.75224,39.75981],[2.74742,39.75978],[2.74589,39.75301],[2.74182,39.74975],[2.74619,39.74719],[2.74923,39.74982],[2.75326,39.74818],[2.7585,39.75111],[2.76494,39.75183],[2.77175,39.7586],[2.77652,39.76108],[2.77652,39.76583],[2.77432,39.76769],[2.78264,39.7744],[2.79132,39.77719],[2.79655,39.77749],[2.80215,39.77576],[2.80707,39.77229],[2.80804,39.76967],[2.81044,39.7692],[2.81251,39.76487],[2.82134,39.76516],[2.82224,39.76686],[2.82873,39.76811],[2.83186,39.77105],[2.83972,39.77428],[2.84374,39.77999],[2.85174,39.78173],[2.8672,39.79224],[2.8692,39.79604],[2.87427,39.79812],[2.87804,39.80156],[2.88068,39.80153],[2.88828,39.80549],[2.90389,39.81516],[2.91906,39.81627],[2.92462,39.81551],[2.92698,39.81356],[2.93391,39.81764],[2.94319,39.81976],[2.9467,39.8186],[2.95282,39.82217],[2.93932,39.8407],[2.93677,39.85169],[2.93853,39.85784],[2.93631,39.86685],[2.93339,39.86934],[2.9337,39.87323],[2.92942,39.8746],[2.92414,39.8805],[2.92105,39.89786],[2.9246,39.90008]]]}}]}