{"type":"FeatureCollection","features":[{"type":"Feature","properties":{"mun_code":"53015","mun_name":"Comunidad de Bascuñana y Viloria de Rioja","mun_name_local":null,"prov_code":"09","prov_name":"Burgos","acom_code":"07","acom_name":"Castilla y León","geo_point_2d":{"lon":-3.099394639126687,"lat":42.42295943305548}},"geometry":{"type":"MultiPolygon","coordinates":[[[[-3.10278,42.41657],[-3.10383,42.4137],[-3.10223,42.41533],[-3.10278,42.41657]]],[[[-3.11011,42.42177],[-3.10956,42.42303],[-3.11405,42.42293],[-3.11543,42.42139],[-3.11404,42.42067],[-3.11011,42.42177]]],[[[-3.08712,42.42701],[-3.09115,42.42528],[-3.09164,42.42345],[-3.08958,42.42257],[-3.0859,42.42703],[-3.08712,42.42701]]]]}},{"type":"Feature","properties":{"mun_code":"09304","mun_name":"Rabé de las Calzadas","mun_name_local":null,"prov_code":"09","prov_name":"Burgos","acom_code":"07","acom_name":"Castilla y León","geo_point_2d":{"lon":-3.8551092630577113,"lat":42.335800739922966}},"geometry":{"type":"MultiPolygon","coordinates":[[[[-3.82424,42.32785],[-3.82647,42.326],[-3.82323,42.32627],[-3.82384,42.32752],[-3.82424,42.32785]]],[[[-3.8608,42.34836],[-3.86323,42.34952],[-3.88351,42.34229],[-3.88078,42.3346],[-3.87631,42.33315],[-3.87498,42.32713],[-3.86387,42.32074],[-3.86252,42.31848],[-3.85502,42.32315],[-3.84416,42.32706],[-3.83289,42.32728],[-3.83228,42.32517],[-3.83003,42.33671],[-3.82415,42.34288],[-3.83974,42.34674],[-3.85571,42.34556],[-3.8608,42.34836]]]]}},{"type":"Feature","properties":{"mun_code":"09088","mun_name":"Castrillo de Riopisuerga","mun_name_local":null,"prov_code":"09","prov_name":"Burgos","acom_code":"07","acom_name":"Castilla y León","geo_point_2d":{"lon":-4.269804832250236,"lat":42.54646836376964}},"geometry":{"type":"MultiPolygon","coordinates":[[[[-4.2379,42.53386],[-4.24805,42.53149],[-4.25818,42.52602],[-4.26148,42.52641],[-4.27215,42.51998],[-4.27368,42.51639],[-4.27665,42.5145],[-4.2862,42.51197],[-4.28388,42.51085],[-4.27307,42.5104],[-4.26265,42.51184],[-4.25229,42.50321],[-4.24704,42.49472],[-4.24416,42.50349],[-4.23995,42.52984],[-4.23824,42.53209],[-4.2379,42.53386]]],[[[-4.27081,42.58139],[-4.27575,42.58035],[-4.28257,42.57589],[-4.29379,42.57423],[-4.29931,42.57036],[-4.30535,42.57081],[-4.29764,42.56037],[-4.3031,42.55906],[-4.30301,42.55496],[-4.29979,42.55251],[-4.27769,42.54469],[-4.27176,42.55021],[-4.26514,42.55257],[-4.25246,42.56292],[-4.25784,42.57514],[-4.26998,42.58167],[-4.27081,42.58139]]]]}},{"type":"Feature","properties":{"mun_code":"09255","mun_name":"Partido de la Sierra en Tobalina","mun_name_local":null,"prov_code":"09","prov_name":"Burgos","acom_code":"07","acom_name":"Castilla y León","geo_point_2d":{"lon":-3.2287875291811696,"lat":42.724485480549156}},"geometry":{"type":"MultiPolygon","coordinates":[[[[-3.26974,42.72122],[-3.27255,42.72494],[-3.27732,42.72528],[-3.28662,42.72938],[-3.32053,42.73848],[-3.3254,42.73822],[-3.32456,42.73344],[-3.32612,42.72983],[-3.3184,42.73011],[-3.30256,42.72505],[-3.29903,42.72164],[-3.29745,42.71746],[-3.28708,42.71438],[-3.27859,42.7092],[-3.276,42.70909],[-3.27412,42.711],[-3.27497,42.71619],[-3.27106,42.71999],[-3.26974,42.72122]]],[[[-3.22616,42.73822],[-3.2292,42.74132],[-3.26083,42.75067],[-3.26612,42.74723],[-3.27018,42.73872],[-3.26432,42.73393],[-3.2572,42.71959],[-3.25388,42.71796],[-3.25223,42.71469],[-3.233,42.71551],[-3.23076,42.71682],[-3.22974,42.71531],[-3.21616,42.71935],[-3.20988,42.71959],[-3.21304,42.70756],[-3.20421,42.70705],[-3.20436,42.7045],[-3.18755,42.70559],[-3.18231,42.70021],[-3.17646,42.7056],[-3.16646,42.70386],[-3.15995,42.7066],[-3.15842,42.71508],[-3.16213,42.72577],[-3.16124,42.7287],[-3.18223,42.72754],[-3.19456,42.73467],[-3.19856,42.73491],[-3.20392,42.73232],[-3.20981,42.73149],[-3.22589,42.73791],[-3.22616,42.73822]]]]}},{"type":"Feature","properties":{"mun_code":"09472","mun_name":"Villazopeque","mun_name_local":null,"prov_code":"09","prov_name":"Burgos","acom_code":"07","acom_name":"Castilla y León","geo_point_2d":{"lon":-4.022712146519634,"lat":42.19329960627165}},"geometry":{"type":"Polygon","coordinates":[[[-4.03942,42.17165],[-4.03127,42.17107],[-4.02655,42.17499],[-4.02408,42.17362],[-4.02438,42.17245],[-4.0208,42.17242],[-4.01965,42.17325],[-4.02188,42.17607],[-4.02079,42.1767],[-4.01262,42.17653],[-4.01061,42.17771],[-4.01216,42.1776],[-4.01098,42.17896],[-4.01267,42.18007],[-4.01621,42.18],[-4.0132,42.18276],[-4.00981,42.18202],[-4.00748,42.18533],[-4.01198,42.18727],[-4.01011,42.18856],[-4.00633,42.18766],[-4.00327,42.18942],[-4.00555,42.18982],[-4.00503,42.19239],[-4.00039,42.1975],[-4.00014,42.19993],[-4.00536,42.20985],[-4.02091,42.21703],[-4.02688,42.2166],[-4.02925,42.20929],[-4.03244,42.20765],[-4.03198,42.20272],[-4.03646,42.19889],[-4.03876,42.19215],[-4.0448,42.18472],[-4.04441,42.18066],[-4.03942,42.17165]]]}},{"type":"Feature","properties":{"mun_code":"09007","mun_name":"Aguilar de Bureba","mun_name_local":null,"prov_code":"09","prov_name":"Burgos","acom_code":"07","acom_name":"Castilla y León","geo_point_2d":{"lon":-3.3325778783268745,"lat":42.59153568616898}},"geometry":{"type":"Polygon","coordinates":[[[-3.35376,42.60424],[-3.34718,42.59218],[-3.34661,42.58643],[-3.34902,42.58362],[-3.34088,42.57772],[-3.33707,42.57244],[-3.32738,42.57342],[-3.32361,42.57675],[-3.31226,42.58044],[-3.31174,42.58583],[-3.31569,42.59598],[-3.32563,42.60482],[-3.34098,42.61202],[-3.34671,42.60796],[-3.35376,42.60424]]]}},{"type":"Feature","properties":{"mun_code":"09350","mun_name":"Santa María del Campo","mun_name_local":null,"prov_code":"09","prov_name":"Burgos","acom_code":"07","acom_name":"Castilla y León","geo_point_2d":{"lon":-3.9891581174462196,"lat":42.113733792490116}},"geometry":{"type":"Polygon","coordinates":[[[-4.03453,42.07436],[-4.0263,42.07498],[-4.02445,42.07674],[-4.01716,42.07223],[-4.0076,42.0742],[-4.00497,42.0689],[-4.006,42.06722],[-4.00221,42.06414],[-3.99316,42.06049],[-3.98825,42.06026],[-3.98484,42.05633],[-3.96816,42.0662],[-3.9641,42.07037],[-3.96541,42.07378],[-3.96219,42.08807],[-3.95349,42.09172],[-3.95783,42.09711],[-3.9611,42.09861],[-3.96197,42.10145],[-3.95528,42.12157],[-3.9377,42.14244],[-3.95048,42.14747],[-3.95145,42.15284],[-3.96146,42.15719],[-3.96484,42.16599],[-3.97404,42.16549],[-3.97893,42.1681],[-3.98408,42.16881],[-3.98825,42.16742],[-3.99238,42.16445],[-3.99544,42.1598],[-3.99643,42.15279],[-3.99879,42.15109],[-3.99978,42.1524],[-4.00154,42.15193],[-4.00775,42.14704],[-4.00917,42.14406],[-4.01844,42.14127],[-4.02252,42.13692],[-4.02802,42.13702],[-4.03446,42.12982],[-4.034,42.12854],[-4.03098,42.12859],[-4.02787,42.124],[-4.03074,42.11541],[-4.03494,42.11317],[-4.03364,42.10739],[-4.02564,42.09155],[-4.02437,42.08355],[-4.02432,42.08107],[-4.03194,42.07864],[-4.03177,42.07678],[-4.03453,42.07436]]]}},{"type":"Feature","properties":{"mun_code":"09352","mun_name":"Santa María del Mercadillo","mun_name_local":null,"prov_code":"09","prov_name":"Burgos","acom_code":"07","acom_name":"Castilla y León","geo_point_2d":{"lon":-3.558126104287949,"lat":41.865040757301784}},"geometry":{"type":"Polygon","coordinates":[[[-3.5986,41.83396],[-3.59332,41.83607],[-3.57153,41.83363],[-3.56877,41.83161],[-3.56409,41.84119],[-3.55757,41.84583],[-3.54858,41.84536],[-3.5209,41.8606],[-3.51127,41.87312],[-3.51256,41.87886],[-3.5388,41.89012],[-3.55976,41.89397],[-3.56711,41.89183],[-3.57457,41.88755],[-3.58397,41.88537],[-3.58173,41.87641],[-3.58707,41.86936],[-3.58945,41.8685],[-3.58894,41.86364],[-3.59301,41.86222],[-3.59246,41.85959],[-3.59474,41.85725],[-3.59635,41.85108],[-3.59442,41.84862],[-3.59688,41.83858],[-3.5986,41.83396]]]}},{"type":"Feature","properties":{"mun_code":"09269","mun_name":"Pinilla de los Moros","mun_name_local":null,"prov_code":"09","prov_name":"Burgos","acom_code":"07","acom_name":"Castilla y León","geo_point_2d":{"lon":-3.3115894833491826,"lat":42.076916517821445}},"geometry":{"type":"Polygon","coordinates":[[[-3.31832,42.09316],[-3.32168,42.08936],[-3.3241,42.08233],[-3.3389,42.07121],[-3.34078,42.068],[-3.3218,42.05717],[-3.31081,42.06221],[-3.31102,42.0641],[-3.28651,42.07324],[-3.28293,42.07629],[-3.28712,42.08397],[-3.29147,42.08272],[-3.29368,42.08467],[-3.29903,42.09781],[-3.30407,42.09783],[-3.30945,42.09202],[-3.31718,42.09368],[-3.31832,42.09316]]]}},{"type":"Feature","properties":{"mun_code":"09414","mun_name":"Valle de Valdelaguna","mun_name_local":null,"prov_code":"09","prov_name":"Burgos","acom_code":"07","acom_name":"Castilla y León","geo_point_2d":{"lon":-3.142203102724864,"lat":42.09475750334192}},"geometry":{"type":"Polygon","coordinates":[[[-3.22871,42.07192],[-3.21336,42.0686],[-3.20058,42.06794],[-3.17286,42.07193],[-3.16215,42.07571],[-3.15375,42.06873],[-3.14265,42.06473],[-3.11757,42.06142],[-3.10972,42.0575],[-3.10656,42.05739],[-3.10908,42.05579],[-3.10834,42.05122],[-3.11025,42.0414],[-3.07254,42.02762],[-3.05983,42.02362],[-3.05858,42.02418],[-3.05411,42.03609],[-3.0547,42.0393],[-3.05898,42.03958],[-3.06343,42.04204],[-3.06634,42.04689],[-3.06608,42.05044],[-3.07171,42.05116],[-3.08183,42.05634],[-3.07686,42.0634],[-3.07613,42.06845],[-3.07871,42.07467],[-3.08365,42.07965],[-3.08116,42.0846],[-3.08124,42.08839],[-3.08427,42.09725],[-3.08716,42.09912],[-3.10254,42.10213],[-3.10671,42.10471],[-3.10497,42.10981],[-3.11053,42.11901],[-3.11243,42.1269],[-3.1282,42.12753],[-3.13321,42.12848],[-3.13541,42.13028],[-3.13125,42.13344],[-3.13397,42.13848],[-3.1268,42.15068],[-3.12723,42.15705],[-3.11928,42.16898],[-3.11497,42.1788],[-3.13651,42.18322],[-3.13891,42.18214],[-3.14258,42.17384],[-3.14248,42.16824],[-3.14417,42.16683],[-3.1436,42.16405],[-3.14068,42.16365],[-3.14199,42.15401],[-3.137,42.14768],[-3.14242,42.1404],[-3.14785,42.14196],[-3.15777,42.13976],[-3.1659,42.12933],[-3.18459,42.13593],[-3.18756,42.13359],[-3.19067,42.13308],[-3.19209,42.12828],[-3.19852,42.12824],[-3.21057,42.12464],[-3.21007,42.11049],[-3.20453,42.09871],[-3.21124,42.09764],[-3.22854,42.0867],[-3.22875,42.07402],[-3.22871,42.07192]]]}},{"type":"Feature","properties":{"mun_code":"09438","mun_name":"Villalba de Duero","mun_name_local":null,"prov_code":"09","prov_name":"Burgos","acom_code":"07","acom_name":"Castilla y León","geo_point_2d":{"lon":-3.7564315071065657,"lat":41.683638643078176}},"geometry":{"type":"Polygon","coordinates":[[[-3.78649,41.68067],[-3.77784,41.67183],[-3.77355,41.67309],[-3.75887,41.66631],[-3.75034,41.66506],[-3.74465,41.66742],[-3.73544,41.66753],[-3.73324,41.66992],[-3.73433,41.68142],[-3.73053,41.6935],[-3.73647,41.69827],[-3.74798,41.70252],[-3.75935,41.70047],[-3.76942,41.69602],[-3.78241,41.69335],[-3.78595,41.68307],[-3.78649,41.68067]]]}},{"type":"Feature","properties":{"mun_code":"09036","mun_name":"Bañuelos de Bureba","mun_name_local":null,"prov_code":"09","prov_name":"Burgos","acom_code":"07","acom_name":"Castilla y León","geo_point_2d":{"lon":-3.2723670909962888,"lat":42.503565503934816}},"geometry":{"type":"Polygon","coordinates":[[[-3.31158,42.49742],[-3.30451,42.4948],[-3.30149,42.49057],[-3.29397,42.49203],[-3.28903,42.49539],[-3.27897,42.49297],[-3.27167,42.48901],[-3.27077,42.48289],[-3.2616,42.48011],[-3.26023,42.47815],[-3.25389,42.4788],[-3.24788,42.48155],[-3.25582,42.49281],[-3.24473,42.50751],[-3.24466,42.51387],[-3.25369,42.51365],[-3.2559,42.51556],[-3.2537,42.51725],[-3.25771,42.5234],[-3.26526,42.52401],[-3.26549,42.52642],[-3.26785,42.52787],[-3.27153,42.52747],[-3.29013,42.51505],[-3.29728,42.50639],[-3.3111,42.4981],[-3.31158,42.49742]]]}},{"type":"Feature","properties":{"mun_code":"09047","mun_name":"Belbimbre","mun_name_local":null,"prov_code":"09","prov_name":"Burgos","acom_code":"07","acom_name":"Castilla y León","geo_point_2d":{"lon":-4.014706921274875,"lat":42.1587601178155}},"geometry":{"type":"Polygon","coordinates":[[[-4.042,42.17128],[-4.03398,42.1707],[-4.03267,42.16926],[-4.03377,42.16691],[-4.03056,42.15762],[-4.03288,42.14931],[-4.0301,42.14509],[-4.02883,42.13583],[-4.02802,42.13702],[-4.02252,42.13692],[-4.01844,42.14127],[-4.00917,42.14406],[-4.00775,42.14704],[-4.00154,42.15193],[-3.99978,42.1524],[-3.99879,42.15109],[-3.9972,42.15221],[-3.99307,42.16368],[-3.98408,42.16881],[-3.98888,42.1685],[-3.98942,42.17034],[-3.99524,42.17285],[-4.00973,42.17166],[-4.01862,42.17734],[-4.02188,42.17607],[-4.01976,42.17401],[-4.0208,42.17242],[-4.02438,42.17245],[-4.02408,42.17362],[-4.02655,42.17499],[-4.03127,42.17107],[-4.04066,42.17152],[-4.042,42.17128]]]}},{"type":"Feature","properties":{"mun_code":"09072","mun_name":"Carcedo de Burgos","mun_name_local":null,"prov_code":"09","prov_name":"Burgos","acom_code":"07","acom_name":"Castilla y León","geo_point_2d":{"lon":-3.621059044905775,"lat":42.27609709498216}},"geometry":{"type":"Polygon","coordinates":[[[-3.64478,42.29812],[-3.64039,42.29551],[-3.64324,42.28844],[-3.63902,42.28112],[-3.64822,42.26386],[-3.64705,42.25735],[-3.64412,42.25412],[-3.64533,42.25014],[-3.6416,42.24713],[-3.6369,42.24776],[-3.63376,42.24495],[-3.63306,42.24575],[-3.62931,42.24401],[-3.63146,42.24095],[-3.63003,42.23991],[-3.6238,42.2426],[-3.62103,42.24234],[-3.62076,42.24541],[-3.61864,42.2473],[-3.60287,42.25017],[-3.60189,42.25508],[-3.59731,42.26164],[-3.60019,42.27004],[-3.59174,42.2752],[-3.5856,42.27546],[-3.58625,42.27979],[-3.59207,42.28401],[-3.60109,42.29744],[-3.6144,42.30652],[-3.61757,42.30577],[-3.6315,42.3101],[-3.64479,42.30854],[-3.64151,42.30143],[-3.64435,42.29876],[-3.64478,42.29812]]]}},{"type":"Feature","properties":{"mun_code":"09228","mun_name":"Moradillo de Roa","mun_name_local":null,"prov_code":"09","prov_name":"Burgos","acom_code":"07","acom_name":"Castilla y León","geo_point_2d":{"lon":-3.7886695379860584,"lat":41.54749025880166}},"geometry":{"type":"Polygon","coordinates":[[[-3.80964,41.54974],[-3.81512,41.54424],[-3.81367,41.53871],[-3.80891,41.53455],[-3.80022,41.5315],[-3.79621,41.52248],[-3.79247,41.52496],[-3.78409,41.52731],[-3.78092,41.53358],[-3.76619,41.53793],[-3.7693,41.54136],[-3.76471,41.55187],[-3.76676,41.56401],[-3.77495,41.56454],[-3.77755,41.5674],[-3.78205,41.56891],[-3.78916,41.56826],[-3.79413,41.56428],[-3.80403,41.55958],[-3.80973,41.55034],[-3.80964,41.54974]]]}},{"type":"Feature","properties":{"mun_code":"09387","mun_name":"Torregalindo","mun_name_local":null,"prov_code":"09","prov_name":"Burgos","acom_code":"07","acom_name":"Castilla y León","geo_point_2d":{"lon":-3.7506508676603385,"lat":41.575524991252884}},"geometry":{"type":"Polygon","coordinates":[[[-3.77755,41.5674],[-3.77495,41.56454],[-3.76721,41.56454],[-3.76628,41.56272],[-3.75939,41.55899],[-3.73711,41.55638],[-3.73075,41.55705],[-3.72582,41.55844],[-3.72483,41.56199],[-3.72606,41.56915],[-3.71753,41.58054],[-3.72073,41.58187],[-3.72142,41.58432],[-3.72925,41.58494],[-3.73501,41.5838],[-3.74551,41.59021],[-3.76484,41.5953],[-3.76544,41.59702],[-3.76996,41.59929],[-3.77857,41.58541],[-3.77555,41.57777],[-3.77678,41.56864],[-3.77755,41.5674]]]}},{"type":"Feature","properties":{"mun_code":"09068","mun_name":"Cantabrana","mun_name_local":null,"prov_code":"09","prov_name":"Burgos","acom_code":"07","acom_name":"Castilla y León","geo_point_2d":{"lon":-3.4682992272561464,"lat":42.73761680268636}},"geometry":{"type":"Polygon","coordinates":[[[-3.4764,42.72698],[-3.47033,42.72967],[-3.46496,42.72913],[-3.45232,42.73241],[-3.4566,42.73297],[-3.45837,42.73533],[-3.46045,42.74466],[-3.46577,42.74804],[-3.47199,42.74956],[-3.47349,42.74954],[-3.4743,42.74342],[-3.47932,42.7414],[-3.47742,42.73898],[-3.47846,42.73278],[-3.47727,42.72724],[-3.4764,42.72698]]]}},{"type":"Feature","properties":{"mun_code":"09456","mun_name":"Villaquirán de los Infantes","mun_name_local":null,"prov_code":"09","prov_name":"Burgos","acom_code":"07","acom_name":"Castilla y León","geo_point_2d":{"lon":-4.015658271701413,"lat":42.232563409840196}},"geometry":{"type":"Polygon","coordinates":[[[-4.02767,42.26459],[-4.02871,42.2573],[-4.04137,42.24017],[-4.0328,42.2279],[-4.03445,42.22557],[-4.02688,42.2166],[-4.02091,42.21703],[-4.00667,42.21014],[-4.00199,42.21056],[-3.99607,42.2185],[-3.99071,42.21925],[-3.99019,42.22109],[-3.98635,42.22071],[-3.98305,42.22221],[-3.98519,42.22563],[-3.98272,42.22766],[-3.98835,42.23301],[-4.00695,42.235],[-4.00955,42.23706],[-4.01446,42.24192],[-4.01384,42.25072],[-4.02751,42.26401],[-4.02767,42.26459]]]}},{"type":"Feature","properties":{"mun_code":"53033","mun_name":"Comunidad de Quintanaortuño y Merindad de Río Ubierna","mun_name_local":null,"prov_code":"09","prov_name":"Burgos","acom_code":"07","acom_name":"Castilla y León","geo_point_2d":{"lon":-3.7029833775958187,"lat":42.443628448984256}},"geometry":{"type":"Polygon","coordinates":[[[-3.70393,42.45317],[-3.70824,42.44906],[-3.71063,42.44891],[-3.70577,42.44394],[-3.70355,42.44457],[-3.70507,42.43963],[-3.69743,42.43618],[-3.69633,42.43417],[-3.69414,42.43478],[-3.70347,42.44584],[-3.70399,42.45278],[-3.70393,42.45317]]]}},{"type":"Feature","properties":{"mun_code":"09309","mun_name":"Regumiel de la Sierra","mun_name_local":null,"prov_code":"09","prov_name":"Burgos","acom_code":"07","acom_name":"Castilla y León","geo_point_2d":{"lon":-2.9794201915955663,"lat":41.96060827744021}},"geometry":{"type":"Polygon","coordinates":[[[-3.00733,41.95212],[-3.00716,41.94261],[-3.0019,41.93464],[-2.99848,41.9326],[-2.98664,41.93128],[-2.98247,41.9282],[-2.97079,41.92927],[-2.96452,41.93684],[-2.96312,41.94526],[-2.96008,41.95012],[-2.96003,41.95191],[-2.96467,41.95418],[-2.96762,41.95801],[-2.9658,41.96604],[-2.96034,41.97357],[-2.95534,41.98462],[-2.95181,41.9881],[-2.95052,41.9939],[-2.95625,41.99193],[-2.96175,41.9942],[-2.96682,42.00431],[-2.98113,41.98586],[-2.99636,41.9711],[-2.99819,41.9682],[-2.99671,41.96737],[-2.99716,41.95955],[-3.00674,41.95393],[-3.00733,41.95212]]]}},{"type":"Feature","properties":{"mun_code":"09244","mun_name":"Padrones de Bureba","mun_name_local":null,"prov_code":"09","prov_name":"Burgos","acom_code":"07","acom_name":"Castilla y León","geo_point_2d":{"lon":-3.5569025614136724,"lat":42.70286376836138}},"geometry":{"type":"Polygon","coordinates":[[[-3.60743,42.68353],[-3.59661,42.69318],[-3.57411,42.6802],[-3.5686,42.67959],[-3.567,42.68222],[-3.5628,42.68463],[-3.56227,42.68701],[-3.53477,42.69138],[-3.52034,42.69801],[-3.51885,42.70306],[-3.50966,42.70609],[-3.51151,42.70664],[-3.51229,42.71084],[-3.51692,42.7124],[-3.52038,42.71598],[-3.52941,42.7152],[-3.54168,42.71809],[-3.54404,42.7206],[-3.56216,42.7243],[-3.57536,42.72011],[-3.57905,42.71276],[-3.58913,42.70468],[-3.5991,42.69404],[-3.60743,42.68353]]]}},{"type":"Feature","properties":{"mun_code":"09079","mun_name":"Castellanos de Castro","mun_name_local":null,"prov_code":"09","prov_name":"Burgos","acom_code":"07","acom_name":"Castilla y León","geo_point_2d":{"lon":-4.027751704687703,"lat":42.329330555728745}},"geometry":{"type":"Polygon","coordinates":[[[-4.05417,42.3243],[-4.05003,42.32553],[-4.04655,42.32277],[-4.05005,42.32255],[-4.04757,42.32009],[-4.03284,42.31681],[-4.02949,42.31481],[-4.02691,42.31526],[-4.02474,42.31356],[-4.02046,42.31361],[-4.01386,42.31595],[-4.01073,42.32108],[-4.00638,42.32264],[-4.00303,42.33164],[-4.0091,42.33738],[-4.02141,42.34415],[-4.02197,42.34627],[-4.03151,42.34247],[-4.0347,42.34335],[-4.04541,42.33905],[-4.05205,42.33356],[-4.05139,42.33111],[-4.05417,42.3243]]]}},{"type":"Feature","properties":{"mun_code":"53027","mun_name":"Ledanía de Hacinas y Salas de los Infantes","mun_name_local":null,"prov_code":"09","prov_name":"Burgos","acom_code":"07","acom_name":"Castilla y León","geo_point_2d":{"lon":-3.2810872190716576,"lat":41.96704088779222}},"geometry":{"type":"Polygon","coordinates":[[[-3.3066,42.01021],[-3.29973,42.00212],[-3.30392,41.97468],[-3.30167,41.96093],[-3.29689,41.96156],[-3.28889,41.95527],[-3.28712,41.94542],[-3.27881,41.94621],[-3.27345,41.95038],[-3.26519,41.95186],[-3.26037,41.95117],[-3.25483,41.95821],[-3.25623,41.96475],[-3.26384,41.974],[-3.26734,41.97077],[-3.27534,41.97171],[-3.27827,41.96875],[-3.28002,41.9696],[-3.29045,41.96653],[-3.3014,41.97487],[-3.30189,41.9821],[-3.29659,41.99278],[-3.29124,41.99643],[-3.29585,41.99772],[-3.29565,42.00806],[-3.29351,42.01301],[-3.29643,42.01064],[-3.3033,42.01043],[-3.3066,42.01021]]]}},{"type":"Feature","properties":{"mun_code":"53021","mun_name":"Ledanía de 09162, 09290, 09412 y 09606","mun_name_local":null,"prov_code":"09","prov_name":"Burgos","acom_code":"07","acom_name":"Castilla y León","geo_point_2d":{"lon":-3.1672897864332104,"lat":42.04461713981867}},"geometry":{"type":"Polygon","coordinates":[[[-3.21336,42.0686],[-3.21519,42.06739],[-3.21396,42.06372],[-3.22074,42.0606],[-3.22068,42.05346],[-3.22431,42.0485],[-3.22057,42.04334],[-3.22427,42.04094],[-3.22543,42.03719],[-3.22273,42.03814],[-3.22161,42.03491],[-3.21317,42.03401],[-3.20922,42.02938],[-3.20469,42.02997],[-3.20936,42.02622],[-3.20486,42.02334],[-3.19178,42.02345],[-3.18275,42.02182],[-3.1782,42.01929],[-3.17204,42.02141],[-3.16064,42.01885],[-3.15155,42.015],[-3.14651,42.01462],[-3.13898,42.01905],[-3.13802,42.02154],[-3.13214,42.02628],[-3.13169,42.02992],[-3.12774,42.03151],[-3.12535,42.03428],[-3.12549,42.03644],[-3.11783,42.0484],[-3.10993,42.05652],[-3.10656,42.05739],[-3.10972,42.0575],[-3.11757,42.06142],[-3.14265,42.06473],[-3.15375,42.06873],[-3.16215,42.07571],[-3.17286,42.07193],[-3.17787,42.07189],[-3.18755,42.06931],[-3.20524,42.06774],[-3.21118,42.06843],[-3.21336,42.0686]],[[-3.17348,42.04003],[-3.19351,42.0436],[-3.19909,42.04903],[-3.20613,42.05145],[-3.21182,42.05189],[-3.20455,42.05944],[-3.18756,42.06232],[-3.17895,42.06296],[-3.17355,42.06199],[-3.16731,42.04292],[-3.17293,42.04012],[-3.17348,42.04003]]]}},{"type":"Feature","properties":{"mun_code":"53042","mun_name":"Comunidad de Vilviestre del Pinar y Palacios de la Sierra","mun_name_local":null,"prov_code":"09","prov_name":"Burgos","acom_code":"07","acom_name":"Castilla y León","geo_point_2d":{"lon":-3.0923353669820624,"lat":41.894174114650504}},"geometry":{"type":"Polygon","coordinates":[[[-3.10293,41.88866],[-3.09613,41.88285],[-3.09716,41.88106],[-3.08987,41.88387],[-3.08062,41.88503],[-3.07545,41.88312],[-3.08516,41.88846],[-3.08395,41.89302],[-3.08995,41.90214],[-3.09007,41.90896],[-3.09938,41.913],[-3.09456,41.90152],[-3.09887,41.89524],[-3.09912,41.89232],[-3.10293,41.88866]]]}},{"type":"Feature","properties":{"mun_code":"09372","mun_name":"Sotragero","mun_name_local":null,"prov_code":"09","prov_name":"Burgos","acom_code":"07","acom_name":"Castilla y León","geo_point_2d":{"lon":-3.7189921222275424,"lat":42.41391191148669}},"geometry":{"type":"Polygon","coordinates":[[[-3.73601,42.42199],[-3.72928,42.40347],[-3.72454,42.40294],[-3.71995,42.39936],[-3.71695,42.40249],[-3.71397,42.40224],[-3.70565,42.40797],[-3.70062,42.40926],[-3.70081,42.41179],[-3.70577,42.41314],[-3.70837,42.4154],[-3.70106,42.42166],[-3.71314,42.42525],[-3.71803,42.42413],[-3.73201,42.42406],[-3.73601,42.42199]]]}},{"type":"Feature","properties":{"mun_code":"09213","mun_name":"Merindad de Cuesta-Urria","mun_name_local":null,"prov_code":"09","prov_name":"Burgos","acom_code":"07","acom_name":"Castilla y León","geo_point_2d":{"lon":-3.403247074800988,"lat":42.863504694807766}},"geometry":{"type":"Polygon","coordinates":[[[-3.52202,42.8603],[-3.50793,42.85775],[-3.49676,42.85187],[-3.47385,42.8325],[-3.45146,42.81858],[-3.44221,42.80931],[-3.44567,42.80798],[-3.44245,42.80695],[-3.43969,42.80831],[-3.42076,42.80082],[-3.41546,42.80564],[-3.40046,42.81237],[-3.4047,42.82026],[-3.40165,42.82661],[-3.40165,42.83097],[-3.39779,42.83352],[-3.39821,42.83567],[-3.39369,42.83782],[-3.38901,42.84284],[-3.38099,42.84503],[-3.37985,42.84891],[-3.36731,42.85564],[-3.36599,42.86553],[-3.36808,42.86799],[-3.37775,42.86889],[-3.38176,42.86669],[-3.39299,42.86842],[-3.40264,42.87606],[-3.40614,42.88099],[-3.40564,42.88728],[-3.40283,42.88998],[-3.40107,42.88978],[-3.3942,42.89803],[-3.3907,42.89738],[-3.37564,42.90045],[-3.37419,42.89323],[-3.37941,42.88919],[-3.38194,42.88451],[-3.37766,42.87871],[-3.37468,42.87915],[-3.36688,42.87594],[-3.36246,42.87928],[-3.36017,42.87815],[-3.34003,42.87678],[-3.33894,42.8743],[-3.34027,42.8733],[-3.336,42.87029],[-3.33613,42.86882],[-3.33891,42.86911],[-3.33752,42.86342],[-3.32299,42.85851],[-3.32194,42.85554],[-3.32415,42.8457],[-3.32909,42.83353],[-3.33116,42.83204],[-3.3266,42.82914],[-3.32581,42.82318],[-3.32182,42.82177],[-3.31371,42.81522],[-3.30798,42.81833],[-3.30468,42.82389],[-3.30545,42.82759],[-3.30025,42.83447],[-3.29798,42.84105],[-3.29475,42.83909],[-3.29518,42.83581],[-3.28911,42.82879],[-3.2845,42.82878],[-3.28066,42.83232],[-3.27626,42.83031],[-3.28132,42.83611],[-3.2794,42.84266],[-3.29249,42.84721],[-3.29098,42.84923],[-3.29242,42.85562],[-3.28827,42.85581],[-3.28556,42.85313],[-3.28163,42.85404],[-3.28332,42.85758],[-3.2814,42.86072],[-3.28316,42.86653],[-3.28156,42.86904],[-3.28552,42.87755],[-3.28677,42.88515],[-3.28948,42.88565],[-3.29306,42.88954],[-3.29878,42.8834],[-3.32667,42.90545],[-3.3315,42.90086],[-3.33805,42.90224],[-3.35057,42.91091],[-3.35688,42.91085],[-3.35983,42.90677],[-3.36681,42.91053],[-3.37495,42.91122],[-3.375,42.90776],[-3.37907,42.9035],[-3.39287,42.90258],[-3.3992,42.90371],[-3.40039,42.90295],[-3.40364,42.90858],[-3.41141,42.91513],[-3.42155,42.91415],[-3.43274,42.90726],[-3.43677,42.9063],[-3.44123,42.90254],[-3.43878,42.90201],[-3.43894,42.88892],[-3.44524,42.88153],[-3.43832,42.87239],[-3.4405,42.87093],[-3.44973,42.88048],[-3.4563,42.87807],[-3.4655,42.87897],[-3.46493,42.87309],[-3.47463,42.86858],[-3.48313,42.87447],[-3.4826,42.87897],[-3.48464,42.88168],[-3.48378,42.89111],[-3.49047,42.89108],[-3.4921,42.89763],[-3.4961,42.90304],[-3.51411,42.90597],[-3.5138,42.89358],[-3.51518,42.89169],[-3.52289,42.88874],[-3.5244,42.88512],[-3.52846,42.88161],[-3.52579,42.87999],[-3.52921,42.87591],[-3.52471,42.87483],[-3.5221,42.8646],[-3.51904,42.86363],[-3.52152,42.86099],[-3.52202,42.8603]]]}},{"type":"Feature","properties":{"mun_code":"09085","mun_name":"Castrillo de la Vega","mun_name_local":null,"prov_code":"09","prov_name":"Burgos","acom_code":"07","acom_name":"Castilla y León","geo_point_2d":{"lon":-3.7708930073576976,"lat":41.648938878367495}},"geometry":{"type":"Polygon","coordinates":[[[-3.8087,41.65963],[-3.80732,41.65621],[-3.81033,41.64903],[-3.80935,41.64624],[-3.79105,41.63094],[-3.79038,41.6289],[-3.78652,41.62963],[-3.78591,41.62668],[-3.78313,41.62941],[-3.78119,41.62953],[-3.78175,41.6256],[-3.78017,41.62447],[-3.77634,41.62772],[-3.77068,41.6234],[-3.76319,41.6201],[-3.74395,41.63355],[-3.73235,41.6337],[-3.73576,41.6407],[-3.73227,41.65737],[-3.73464,41.6618],[-3.74337,41.66691],[-3.74168,41.66757],[-3.75249,41.6651],[-3.75887,41.66631],[-3.77559,41.67326],[-3.77839,41.67128],[-3.78752,41.67094],[-3.79257,41.66943],[-3.79836,41.66982],[-3.80585,41.66793],[-3.80892,41.66039],[-3.8087,41.65963]]]}},{"type":"Feature","properties":{"mun_code":"09335","mun_name":"San Adrián de Juarros","mun_name_local":null,"prov_code":"09","prov_name":"Burgos","acom_code":"07","acom_name":"Castilla y León","geo_point_2d":{"lon":-3.4652787754986467,"lat":42.27659132528497}},"geometry":{"type":"Polygon","coordinates":[[[-3.44893,42.2976],[-3.44832,42.29328],[-3.45022,42.28841],[-3.44762,42.2879],[-3.44556,42.28486],[-3.4462,42.28246],[-3.44903,42.28064],[-3.4527,42.28404],[-3.45161,42.28727],[-3.45279,42.28834],[-3.46694,42.29103],[-3.47552,42.28303],[-3.47904,42.28546],[-3.48296,42.28569],[-3.50065,42.28305],[-3.50606,42.2798],[-3.50924,42.28151],[-3.51068,42.27024],[-3.514,42.26271],[-3.51262,42.2591],[-3.51477,42.25668],[-3.50772,42.25273],[-3.49792,42.25787],[-3.48397,42.26247],[-3.47009,42.26324],[-3.46355,42.26592],[-3.45849,42.27054],[-3.45999,42.27459],[-3.44981,42.27465],[-3.44541,42.27806],[-3.43845,42.26895],[-3.43207,42.26827],[-3.42293,42.27039],[-3.42183,42.27208],[-3.42389,42.27771],[-3.41897,42.27523],[-3.41538,42.2708],[-3.41263,42.27083],[-3.41119,42.27445],[-3.41202,42.2826],[-3.41689,42.2849],[-3.4198,42.28902],[-3.41947,42.29105],[-3.4208,42.29062],[-3.43065,42.2957],[-3.44732,42.29799],[-3.44893,42.2976]]]}},{"type":"Feature","properties":{"mun_code":"53038","mun_name":"Comunidad de Villagalijo y San Vicente del Valle","mun_name_local":null,"prov_code":"09","prov_name":"Burgos","acom_code":"07","acom_name":"Castilla y León","geo_point_2d":{"lon":-3.1590067810712315,"lat":42.37137044958995}},"geometry":{"type":"Polygon","coordinates":[[[-3.17654,42.38861],[-3.17785,42.37912],[-3.17513,42.37453],[-3.16203,42.36326],[-3.13935,42.35537],[-3.1379,42.3573],[-3.13827,42.36265],[-3.14045,42.36368],[-3.14554,42.3741],[-3.15477,42.36986],[-3.1594,42.37856],[-3.16494,42.38489],[-3.16899,42.38721],[-3.17654,42.38861]]]}},{"type":"Feature","properties":{"mun_code":"09010","mun_name":"Alcocero de Mola","mun_name_local":null,"prov_code":"09","prov_name":"Burgos","acom_code":"07","acom_name":"Castilla y León","geo_point_2d":{"lon":-3.356534785055252,"lat":42.473577572841016}},"geometry":{"type":"Polygon","coordinates":[[[-3.37859,42.44509],[-3.37835,42.44334],[-3.37242,42.44035],[-3.36169,42.44989],[-3.36176,42.45804],[-3.35694,42.46396],[-3.34724,42.46942],[-3.34623,42.47424],[-3.33671,42.4789],[-3.32609,42.47981],[-3.31835,42.49032],[-3.33046,42.48548],[-3.34952,42.48476],[-3.35942,42.48633],[-3.36271,42.48864],[-3.36365,42.49456],[-3.36775,42.49157],[-3.37421,42.48122],[-3.3726,42.47286],[-3.36753,42.46296],[-3.36257,42.45767],[-3.36728,42.45536],[-3.36672,42.45378],[-3.36887,42.45353],[-3.37067,42.44862],[-3.37748,42.44558],[-3.37859,42.44509]]]}},{"type":"Feature","properties":{"mun_code":"09020","mun_name":"Arauzo de Miel","mun_name_local":null,"prov_code":"09","prov_name":"Burgos","acom_code":"07","acom_name":"Castilla y León","geo_point_2d":{"lon":-3.391759489883551,"lat":41.87161433240884}},"geometry":{"type":"Polygon","coordinates":[[[-3.44428,41.87587],[-3.44374,41.86716],[-3.4381,41.85772],[-3.4401,41.8536],[-3.43561,41.84348],[-3.41558,41.84072],[-3.39893,41.83052],[-3.37379,41.83137],[-3.37053,41.83209],[-3.36532,41.83604],[-3.36391,41.8398],[-3.34739,41.85635],[-3.35328,41.85874],[-3.35678,41.86267],[-3.35465,41.86968],[-3.34782,41.87251],[-3.33959,41.87947],[-3.33525,41.88116],[-3.33286,41.8846],[-3.333,41.88952],[-3.33076,41.89092],[-3.34355,41.89346],[-3.34812,41.89573],[-3.35038,41.90127],[-3.36173,41.90616],[-3.37919,41.90608],[-3.38947,41.91165],[-3.40157,41.91083],[-3.40727,41.90915],[-3.41571,41.90191],[-3.42359,41.89968],[-3.43946,41.88266],[-3.44428,41.87587]]]}},{"type":"Feature","properties":{"mun_code":"09113","mun_name":"Covarrubias","mun_name_local":null,"prov_code":"09","prov_name":"Burgos","acom_code":"07","acom_name":"Castilla y León","geo_point_2d":{"lon":-3.53243607422974,"lat":42.05764299498531}},"geometry":{"type":"MultiPolygon","coordinates":[[[[-3.57093,42.03078],[-3.57564,42.02345],[-3.58097,42.01884],[-3.58528,42.01855],[-3.58749,42.01517],[-3.58355,42.01051],[-3.5809,42.01182],[-3.57698,42.00716],[-3.57578,42.00759],[-3.57973,42.0133],[-3.57468,42.01448],[-3.57802,42.01863],[-3.57473,42.02213],[-3.57222,42.02326],[-3.57083,42.0222],[-3.57338,42.01468],[-3.56051,41.99912],[-3.55806,41.98313],[-3.55347,41.98681],[-3.55901,41.99663],[-3.55867,42.01207],[-3.5582,42.01298],[-3.55066,42.00817],[-3.54585,42.01467],[-3.55155,42.01639],[-3.55398,42.01921],[-3.55762,42.01813],[-3.56302,42.01865],[-3.56491,42.02418],[-3.57089,42.03022],[-3.57093,42.03078]]],[[[-3.51753,42.10182],[-3.5209,42.10242],[-3.53823,42.09584],[-3.54678,42.08251],[-3.56181,42.07101],[-3.56438,42.06374],[-3.57141,42.06331],[-3.57235,42.05851],[-3.57048,42.05538],[-3.57295,42.05203],[-3.57088,42.04854],[-3.56062,42.05213],[-3.55543,42.04819],[-3.55905,42.04255],[-3.5618,42.04196],[-3.55802,42.03078],[-3.55471,42.03091],[-3.54702,42.02151],[-3.53674,42.02096],[-3.52456,42.03441],[-3.50407,42.04716],[-3.49844,42.04759],[-3.49405,42.04571],[-3.48946,42.04949],[-3.49074,42.07168],[-3.49744,42.07811],[-3.50105,42.07833],[-3.49645,42.0852],[-3.49735,42.09262],[-3.50248,42.09598],[-3.5104,42.09624],[-3.51664,42.10137],[-3.51753,42.10182]]]]}},{"type":"Feature","properties":{"mun_code":"09214","mun_name":"Merindad de Montija","mun_name_local":null,"prov_code":"09","prov_name":"Burgos","acom_code":"07","acom_name":"Castilla y León","geo_point_2d":{"lon":-3.4855919632113594,"lat":43.069388396722786}},"geometry":{"type":"Polygon","coordinates":[[[-3.55114,43.04582],[-3.54064,43.03898],[-3.54605,43.02505],[-3.53752,43.01239],[-3.53723,43.00875],[-3.54177,43.0072],[-3.52244,42.99925],[-3.52371,42.99632],[-3.52089,42.99446],[-3.5174,42.99279],[-3.51566,42.99546],[-3.50827,42.99772],[-3.50766,42.99516],[-3.51221,42.99359],[-3.50906,42.99101],[-3.49266,42.99326],[-3.49092,42.99025],[-3.47762,42.99344],[-3.46669,42.994],[-3.46431,42.99307],[-3.46339,42.99466],[-3.45678,42.99631],[-3.45955,43.00425],[-3.46626,43.00403],[-3.46942,43.00714],[-3.47356,43.00767],[-3.47279,43.0106],[-3.4667,43.01592],[-3.46597,43.01843],[-3.46752,43.01872],[-3.46549,43.02007],[-3.46368,43.02654],[-3.46517,43.028],[-3.47053,43.02759],[-3.47563,43.03836],[-3.47534,43.04294],[-3.46794,43.04664],[-3.47248,43.04987],[-3.47034,43.05219],[-3.45273,43.06469],[-3.44707,43.06627],[-3.44782,43.06896],[-3.44567,43.07137],[-3.42776,43.07778],[-3.43491,43.09141],[-3.43191,43.09565],[-3.42586,43.09816],[-3.42387,43.10193],[-3.42615,43.10402],[-3.41761,43.13332],[-3.4219,43.13235],[-3.42967,43.13367],[-3.43456,43.13165],[-3.44231,43.13285],[-3.44476,43.13153],[-3.45113,43.13447],[-3.46034,43.13625],[-3.48034,43.1361],[-3.48697,43.13326],[-3.50211,43.13665],[-3.5048,43.1356],[-3.50891,43.13606],[-3.51169,43.12662],[-3.52005,43.12522],[-3.52583,43.10441],[-3.51963,43.09159],[-3.51244,43.0916],[-3.51219,43.08387],[-3.50834,43.07851],[-3.50694,43.07044],[-3.51467,43.06849],[-3.51675,43.0643],[-3.51958,43.06394],[-3.51909,43.05394],[-3.52224,43.05475],[-3.52467,43.05286],[-3.52949,43.05358],[-3.53622,43.04955],[-3.55114,43.04582]]]}},{"type":"Feature","properties":{"mun_code":"09077","mun_name":"Cascajares de Bureba","mun_name_local":null,"prov_code":"09","prov_name":"Burgos","acom_code":"07","acom_name":"Castilla y León","geo_point_2d":{"lon":-3.2342188316762837,"lat":42.67848443538425}},"geometry":{"type":"Polygon","coordinates":[[[-3.25485,42.69135],[-3.24344,42.66791],[-3.23843,42.66323],[-3.23605,42.66378],[-3.22751,42.65696],[-3.22244,42.6609],[-3.22017,42.66562],[-3.2214,42.68251],[-3.2202,42.68702],[-3.21578,42.69011],[-3.23601,42.69439],[-3.25352,42.69172],[-3.25485,42.69135]]]}},{"type":"Feature","properties":{"mun_code":"09277","mun_name":"Puentedura","mun_name_local":null,"prov_code":"09","prov_name":"Burgos","acom_code":"07","acom_name":"Castilla y León","geo_point_2d":{"lon":-3.5859071354090584,"lat":42.045383418369575}},"geometry":{"type":"MultiPolygon","coordinates":[[[[-3.59543,42.01835],[-3.5952,42.02158],[-3.5982,42.02696],[-3.60666,42.0308],[-3.60219,42.02651],[-3.59992,42.02611],[-3.5957,42.0192],[-3.59543,42.01835]]],[[[-3.61307,42.07572],[-3.61605,42.06923],[-3.60081,42.06374],[-3.60259,42.05932],[-3.60805,42.05368],[-3.60636,42.045],[-3.6008,42.03195],[-3.59447,42.03119],[-3.59604,42.02401],[-3.59384,42.02228],[-3.58528,42.01855],[-3.58136,42.01867],[-3.57564,42.02345],[-3.57093,42.03078],[-3.55802,42.03078],[-3.5618,42.04196],[-3.55905,42.04255],[-3.55543,42.04819],[-3.56062,42.05213],[-3.57088,42.04854],[-3.57295,42.05203],[-3.57048,42.05538],[-3.57235,42.05851],[-3.57141,42.06331],[-3.59031,42.0629],[-3.59516,42.07181],[-3.59768,42.07019],[-3.60284,42.07081],[-3.61147,42.07544],[-3.61307,42.07572]]]]}},{"type":"Feature","properties":{"mun_code":"09202","mun_name":"Manciles","mun_name_local":null,"prov_code":"09","prov_name":"Burgos","acom_code":"07","acom_name":"Castilla y León","geo_point_2d":{"lon":-3.9448455845717616,"lat":42.454748151023885}},"geometry":{"type":"Polygon","coordinates":[[[-3.96214,42.46121],[-3.96002,42.45952],[-3.9625,42.4525],[-3.9592,42.45025],[-3.95423,42.44949],[-3.95033,42.43761],[-3.94147,42.44111],[-3.9375,42.44518],[-3.9329,42.44553],[-3.92293,42.45389],[-3.92686,42.45989],[-3.93953,42.46193],[-3.94067,42.46518],[-3.94684,42.46728],[-3.94735,42.46942],[-3.94831,42.46791],[-3.95456,42.46998],[-3.95941,42.46603],[-3.96099,42.46142],[-3.96214,42.46121]]]}},{"type":"Feature","properties":{"mun_code":"09351","mun_name":"Santa María del Invierno","mun_name_local":null,"prov_code":"09","prov_name":"Burgos","acom_code":"07","acom_name":"Castilla y León","geo_point_2d":{"lon":-3.4345782969361585,"lat":42.43618946033648}},"geometry":{"type":"Polygon","coordinates":[[[-3.4708,42.43892],[-3.46163,42.4339],[-3.45797,42.42914],[-3.45038,42.42607],[-3.4523,42.42325],[-3.45054,42.42267],[-3.45051,42.41863],[-3.44874,42.41652],[-3.44556,42.41765],[-3.44391,42.41632],[-3.44512,42.4151],[-3.44372,42.41426],[-3.44411,42.40724],[-3.44242,42.40232],[-3.43773,42.40474],[-3.42001,42.41975],[-3.42496,42.42499],[-3.4263,42.42445],[-3.42836,42.42598],[-3.41757,42.43337],[-3.41774,42.43876],[-3.4103,42.44261],[-3.40413,42.44391],[-3.40166,42.45541],[-3.40903,42.45505],[-3.41357,42.45896],[-3.41735,42.45766],[-3.42019,42.45857],[-3.43172,42.45694],[-3.44224,42.4526],[-3.44973,42.4528],[-3.45312,42.4508],[-3.45524,42.44244],[-3.46955,42.43925],[-3.4708,42.43892]]]}},{"type":"Feature","properties":{"mun_code":"09014","mun_name":"Los Altos","mun_name_local":null,"prov_code":"09","prov_name":"Burgos","acom_code":"07","acom_name":"Castilla y León","geo_point_2d":{"lon":-3.646577448887689,"lat":42.784800878192804}},"geometry":{"type":"Polygon","coordinates":[[[-3.72673,42.82596],[-3.7298,42.82029],[-3.72927,42.81735],[-3.72492,42.81681],[-3.72294,42.81925],[-3.72047,42.81904],[-3.70831,42.81234],[-3.69219,42.80738],[-3.65378,42.78672],[-3.65485,42.78406],[-3.66266,42.78065],[-3.67289,42.7823],[-3.69044,42.79063],[-3.69698,42.78928],[-3.70015,42.78985],[-3.70036,42.78591],[-3.70668,42.78084],[-3.71868,42.77506],[-3.72514,42.76792],[-3.71248,42.76544],[-3.71122,42.76207],[-3.70721,42.76207],[-3.70244,42.75635],[-3.704,42.75074],[-3.68976,42.74668],[-3.68177,42.74174],[-3.67725,42.74155],[-3.67042,42.74595],[-3.66753,42.74491],[-3.66044,42.73832],[-3.65179,42.734],[-3.64279,42.72706],[-3.6326,42.72321],[-3.62473,42.71547],[-3.61699,42.71215],[-3.61427,42.70739],[-3.61642,42.68744],[-3.61463,42.68302],[-3.60743,42.68353],[-3.58913,42.70468],[-3.57905,42.71276],[-3.57536,42.72011],[-3.56216,42.7243],[-3.55759,42.72371],[-3.55712,42.72642],[-3.54838,42.73642],[-3.55155,42.74018],[-3.55184,42.74512],[-3.55464,42.74793],[-3.55378,42.74939],[-3.56189,42.75143],[-3.56836,42.75476],[-3.57143,42.76028],[-3.57163,42.76585],[-3.57526,42.76787],[-3.58272,42.77672],[-3.57647,42.78403],[-3.5819,42.78696],[-3.59258,42.78676],[-3.60558,42.78194],[-3.60948,42.78171],[-3.62114,42.78848],[-3.6154,42.8024],[-3.61649,42.80703],[-3.62655,42.81713],[-3.63134,42.82416],[-3.64755,42.83353],[-3.65032,42.83665],[-3.64683,42.85001],[-3.64836,42.86173],[-3.64375,42.86566],[-3.64375,42.87647],[-3.64779,42.87539],[-3.64776,42.8703],[-3.65349,42.86686],[-3.66247,42.8708],[-3.67288,42.87323],[-3.67066,42.87606],[-3.67464,42.87877],[-3.68617,42.87951],[-3.7072,42.87754],[-3.71083,42.87233],[-3.71611,42.87144],[-3.71357,42.86669],[-3.71388,42.86506],[-3.71642,42.86449],[-3.71455,42.85988],[-3.71094,42.8567],[-3.7216,42.85104],[-3.72283,42.84754],[-3.72187,42.8429],[-3.7245,42.8419],[-3.72731,42.84272],[-3.73054,42.84046],[-3.72986,42.83764],[-3.72582,42.83555],[-3.72502,42.82736],[-3.72673,42.82596]]]}},{"type":"Feature","properties":{"mun_code":"09012","mun_name":"Alfoz de Santa Gadea","mun_name_local":null,"prov_code":"09","prov_name":"Burgos","acom_code":"07","acom_name":"Castilla y León","geo_point_2d":{"lon":-3.949992964212394,"lat":42.94357504424929}},"geometry":{"type":"Polygon","coordinates":[[[-3.98979,42.93341],[-3.99058,42.93061],[-3.98785,42.92609],[-3.97673,42.91784],[-3.97434,42.91215],[-3.94542,42.90943],[-3.94068,42.91093],[-3.9369,42.91439],[-3.9349,42.91916],[-3.93578,42.92396],[-3.93024,42.92983],[-3.92646,42.92798],[-3.92224,42.93112],[-3.91902,42.93059],[-3.91103,42.93954],[-3.90756,42.93948],[-3.90384,42.94184],[-3.90165,42.95036],[-3.90703,42.95186],[-3.91438,42.95164],[-3.92065,42.94936],[-3.9258,42.95391],[-3.9158,42.96136],[-3.91863,42.96553],[-3.91942,42.97036],[-3.92447,42.97263],[-3.93273,42.97367],[-3.93598,42.97591],[-3.94572,42.97645],[-3.95777,42.97394],[-3.96896,42.9707],[-3.97262,42.96788],[-3.97413,42.96828],[-3.98693,42.9405],[-3.98707,42.93606],[-3.98979,42.93341]]]}},{"type":"Feature","properties":{"mun_code":"09321","mun_name":"Roa","mun_name_local":null,"prov_code":"09","prov_name":"Burgos","acom_code":"07","acom_name":"Castilla y León","geo_point_2d":{"lon":-3.920904382030219,"lat":41.695703384495296}},"geometry":{"type":"MultiPolygon","coordinates":[[[[-3.92853,41.72991],[-3.93837,41.73003],[-3.94402,41.72734],[-3.94638,41.72747],[-3.95016,41.71882],[-3.95977,41.71522],[-3.95762,41.71181],[-3.96087,41.70781],[-3.96253,41.70223],[-3.96754,41.69809],[-3.96938,41.6918],[-3.96502,41.6879],[-3.96409,41.67796],[-3.95946,41.67285],[-3.95458,41.67319],[-3.94706,41.6643],[-3.93761,41.67277],[-3.93889,41.67674],[-3.93555,41.68184],[-3.92236,41.66982],[-3.92457,41.66801],[-3.92172,41.65973],[-3.92391,41.65262],[-3.91203,41.64621],[-3.90755,41.64702],[-3.90462,41.64905],[-3.89508,41.64979],[-3.88885,41.65216],[-3.8812,41.65829],[-3.88071,41.66518],[-3.88304,41.66782],[-3.88482,41.67502],[-3.88291,41.67851],[-3.88951,41.68088],[-3.89029,41.68396],[-3.89473,41.68696],[-3.89758,41.69326],[-3.89277,41.70128],[-3.89322,41.70378],[-3.88987,41.70773],[-3.8809,41.70019],[-3.87584,41.6986],[-3.87357,41.70029],[-3.87077,41.70028],[-3.86659,41.6977],[-3.8614,41.70185],[-3.85877,41.70048],[-3.85528,41.70105],[-3.85131,41.7043],[-3.85043,41.71454],[-3.85422,41.72203],[-3.85869,41.72154],[-3.86125,41.70644],[-3.87833,41.70614],[-3.88718,41.71294],[-3.89053,41.71096],[-3.89711,41.71785],[-3.90081,41.71956],[-3.90384,41.72233],[-3.90797,41.73256],[-3.90988,41.73392],[-3.92403,41.73284],[-3.92803,41.73005],[-3.92853,41.72991]]],[[[-3.97632,41.78723],[-3.97854,41.78852],[-3.97998,41.79236],[-3.98991,41.79602],[-3.98195,41.78505],[-3.98218,41.78244],[-3.97696,41.78703],[-3.97632,41.78723]]],[[[-3.99432,41.79821],[-4.00587,41.79573],[-4.01199,41.79216],[-4.01043,41.78977],[-4.00573,41.78792],[-3.99598,41.79353],[-3.99432,41.79821]]]]}},{"type":"Feature","properties":{"mun_code":"09030","mun_name":"Los Ausines","mun_name_local":null,"prov_code":"09","prov_name":"Burgos","acom_code":"07","acom_name":"Castilla y León","geo_point_2d":{"lon":-3.581517887901678,"lat":42.20195490581193}},"geometry":{"type":"MultiPolygon","coordinates":[[[[-3.56753,42.16726],[-3.57556,42.16685],[-3.57571,42.16524],[-3.57142,42.16411],[-3.57665,42.15158],[-3.56824,42.14275],[-3.56601,42.14287],[-3.55396,42.13668],[-3.54611,42.13439],[-3.5332,42.13999],[-3.52164,42.13947],[-3.52636,42.14113],[-3.52747,42.14384],[-3.52258,42.14653],[-3.52388,42.15219],[-3.52652,42.15382],[-3.53569,42.15761],[-3.54014,42.16163],[-3.55378,42.16171],[-3.56711,42.1668],[-3.56753,42.16726]]],[[[-3.60287,42.25017],[-3.61864,42.2473],[-3.62076,42.24541],[-3.62103,42.24234],[-3.6238,42.2426],[-3.63003,42.23991],[-3.63146,42.24095],[-3.63635,42.23987],[-3.63871,42.23704],[-3.63684,42.23482],[-3.63809,42.23087],[-3.62902,42.22441],[-3.62693,42.22648],[-3.61848,42.22057],[-3.61419,42.2134],[-3.6002,42.19978],[-3.6027,42.19903],[-3.60945,42.19012],[-3.60273,42.18238],[-3.59301,42.17947],[-3.58376,42.18095],[-3.57192,42.17947],[-3.5703,42.18701],[-3.56672,42.19359],[-3.57029,42.20069],[-3.5658,42.208],[-3.5691,42.21094],[-3.56608,42.21693],[-3.5605,42.22479],[-3.55546,42.23011],[-3.55285,42.2309],[-3.55226,42.23714],[-3.54692,42.23788],[-3.53537,42.23522],[-3.53277,42.23617],[-3.53293,42.23774],[-3.54467,42.24131],[-3.54881,42.24103],[-3.552,42.24214],[-3.55379,42.24476],[-3.56707,42.24289],[-3.57204,42.23772],[-3.58227,42.23592],[-3.58856,42.23734],[-3.59032,42.23891],[-3.59171,42.24537],[-3.5958,42.2482],[-3.6019,42.25003],[-3.60287,42.25017]]]]}},{"type":"Feature","properties":{"mun_code":"09162","mun_name":"Hontoria de la Cantera","mun_name_local":null,"prov_code":"09","prov_name":"Burgos","acom_code":"07","acom_name":"Castilla y León","geo_point_2d":{"lon":-3.6364357152984828,"lat":42.19518890312248}},"geometry":{"type":"Polygon","coordinates":[[[-3.66395,42.2053],[-3.65932,42.1923],[-3.66194,42.18364],[-3.65684,42.18202],[-3.65409,42.17691],[-3.65828,42.16296],[-3.651,42.16048],[-3.64694,42.16143],[-3.64418,42.16383],[-3.63358,42.16184],[-3.63812,42.16763],[-3.62899,42.17567],[-3.6325,42.18667],[-3.62825,42.19031],[-3.6228,42.19178],[-3.60937,42.19059],[-3.6027,42.19903],[-3.6002,42.19978],[-3.61419,42.2134],[-3.61848,42.22057],[-3.62693,42.22648],[-3.63197,42.22162],[-3.64515,42.21618],[-3.6588,42.20533],[-3.66395,42.2053]]]}},{"type":"Feature","properties":{"mun_code":"09225","mun_name":"Moncalvillo","mun_name_local":null,"prov_code":"09","prov_name":"Burgos","acom_code":"07","acom_name":"Castilla y León","geo_point_2d":{"lon":-3.193519015594033,"lat":41.95024889344371}},"geometry":{"type":"Polygon","coordinates":[[[-3.23351,41.94568],[-3.22382,41.94132],[-3.21043,41.94026],[-3.20139,41.93051],[-3.19773,41.92075],[-3.19345,41.91853],[-3.16437,41.91887],[-3.16363,41.93237],[-3.16626,41.94611],[-3.17651,41.96737],[-3.16663,41.98469],[-3.17276,41.98207],[-3.19108,41.97808],[-3.20411,41.97859],[-3.21378,41.97389],[-3.22399,41.968],[-3.22794,41.9623],[-3.22992,41.95594],[-3.22708,41.9509],[-3.23351,41.94568]]]}},{"type":"Feature","properties":{"mun_code":"09129","mun_name":"Fresneda de la Sierra Tirón","mun_name_local":null,"prov_code":"09","prov_name":"Burgos","acom_code":"07","acom_name":"Castilla y León","geo_point_2d":{"lon":-3.1309124792570198,"lat":42.28136557542274}},"geometry":{"type":"Polygon","coordinates":[[[-3.18382,42.24223],[-3.16808,42.23478],[-3.16129,42.23651],[-3.15847,42.23901],[-3.14774,42.24126],[-3.14726,42.24302],[-3.14628,42.24088],[-3.13178,42.23968],[-3.1191,42.23329],[-3.10498,42.23214],[-3.10248,42.23223],[-3.0996,42.2351],[-3.09235,42.24473],[-3.08859,42.24573],[-3.09772,42.26309],[-3.08962,42.27305],[-3.09617,42.27902],[-3.09585,42.28745],[-3.10357,42.3059],[-3.10262,42.30895],[-3.10666,42.3126],[-3.10339,42.32078],[-3.09806,42.32231],[-3.09577,42.32446],[-3.09586,42.32691],[-3.10067,42.32857],[-3.10565,42.33503],[-3.11069,42.33858],[-3.10954,42.3462],[-3.11656,42.34374],[-3.11888,42.33878],[-3.13317,42.33598],[-3.1402,42.33096],[-3.14663,42.33266],[-3.15099,42.32739],[-3.15424,42.33033],[-3.15823,42.32864],[-3.16031,42.32286],[-3.1586,42.31584],[-3.15967,42.30513],[-3.15659,42.30127],[-3.15836,42.28822],[-3.1563,42.28376],[-3.16111,42.28006],[-3.16412,42.27361],[-3.17123,42.26877],[-3.17264,42.26424],[-3.17734,42.25924],[-3.17578,42.25428],[-3.17766,42.24958],[-3.18272,42.24563],[-3.18386,42.2428],[-3.18382,42.24223]]]}},{"type":"Feature","properties":{"mun_code":"09428","mun_name":"Villaescusa de Roa","mun_name_local":null,"prov_code":"09","prov_name":"Burgos","acom_code":"07","acom_name":"Castilla y León","geo_point_2d":{"lon":-4.032767445248183,"lat":41.72602163075287}},"geometry":{"type":"Polygon","coordinates":[[[-4.07636,41.72608],[-4.06812,41.72655],[-4.0603,41.72172],[-4.05294,41.71956],[-4.04937,41.7153],[-4.04206,41.71109],[-4.0391,41.70668],[-4.02061,41.70494],[-4.02111,41.71161],[-4.00865,41.71482],[-3.99816,41.72102],[-3.98154,41.71997],[-3.96576,41.7169],[-4.00021,41.7271],[-4.00195,41.73011],[-4.00212,41.73766],[-4.03312,41.74138],[-4.03573,41.73684],[-4.05094,41.74046],[-4.05509,41.74089],[-4.06309,41.73914],[-4.0691,41.74117],[-4.07635,41.73484],[-4.07468,41.7287],[-4.07636,41.72608]]]}},{"type":"Feature","properties":{"mun_code":"09407","mun_name":"Valmala","mun_name_local":null,"prov_code":"09","prov_name":"Burgos","acom_code":"07","acom_name":"Castilla y León","geo_point_2d":{"lon":-3.2532659179740135,"lat":42.292488862128636}},"geometry":{"type":"Polygon","coordinates":[[[-3.25187,42.31975],[-3.25902,42.3185],[-3.27902,42.31163],[-3.27309,42.30175],[-3.27746,42.29799],[-3.27802,42.29364],[-3.26693,42.28227],[-3.26527,42.27149],[-3.25855,42.27146],[-3.25035,42.26924],[-3.24938,42.26537],[-3.24342,42.25896],[-3.24514,42.25624],[-3.24157,42.25826],[-3.23261,42.26945],[-3.2375,42.2806],[-3.23142,42.29236],[-3.23302,42.30203],[-3.24343,42.31301],[-3.24482,42.31851],[-3.25058,42.31941],[-3.25187,42.31975]]]}},{"type":"Feature","properties":{"mun_code":"09196","mun_name":"Madrigal del Monte","mun_name_local":null,"prov_code":"09","prov_name":"Burgos","acom_code":"07","acom_name":"Castilla y León","geo_point_2d":{"lon":-3.656311364469716,"lat":42.14011997859889}},"geometry":{"type":"Polygon","coordinates":[[[-3.70206,42.14229],[-3.69829,42.13391],[-3.68829,42.12611],[-3.67996,42.121],[-3.66854,42.11803],[-3.65972,42.11816],[-3.64941,42.12114],[-3.64781,42.12055],[-3.62737,42.1298],[-3.62785,42.12684],[-3.62213,42.12088],[-3.6135,42.12437],[-3.60738,42.12974],[-3.62206,42.14584],[-3.62663,42.15412],[-3.63358,42.16184],[-3.64418,42.16383],[-3.64694,42.16143],[-3.651,42.16048],[-3.65671,42.16283],[-3.66168,42.16194],[-3.66291,42.16016],[-3.67371,42.16295],[-3.69171,42.15135],[-3.69963,42.1439],[-3.70206,42.14229]]]}},{"type":"Feature","properties":{"mun_code":"09451","mun_name":"Villanueva de Gumiel","mun_name_local":null,"prov_code":"09","prov_name":"Burgos","acom_code":"07","acom_name":"Castilla y León","geo_point_2d":{"lon":-3.6300527148704655,"lat":41.74180491687191}},"geometry":{"type":"Polygon","coordinates":[[[-3.65734,41.72577],[-3.64419,41.72086],[-3.62886,41.7178],[-3.62186,41.71505],[-3.60645,41.72624],[-3.58943,41.73617],[-3.60827,41.74882],[-3.60951,41.7571],[-3.62682,41.77055],[-3.6357,41.76823],[-3.65895,41.75671],[-3.66102,41.75305],[-3.65843,41.73944],[-3.65994,41.73817],[-3.65647,41.73109],[-3.65734,41.72577]]]}},{"type":"Feature","properties":{"mun_code":"09340","mun_name":"San Millán de Lara","mun_name_local":null,"prov_code":"09","prov_name":"Burgos","acom_code":"07","acom_name":"Castilla y León","geo_point_2d":{"lon":-3.3268917953700297,"lat":42.15190984983663}},"geometry":{"type":"Polygon","coordinates":[[[-3.37673,42.14859],[-3.37336,42.14425],[-3.37282,42.13798],[-3.36678,42.12875],[-3.36675,42.12472],[-3.37087,42.12593],[-3.37192,42.11609],[-3.36827,42.1141],[-3.36509,42.1166],[-3.35956,42.11152],[-3.35782,42.11413],[-3.35169,42.11774],[-3.34723,42.12449],[-3.328,42.13543],[-3.32536,42.14169],[-3.32003,42.14513],[-3.31177,42.14605],[-3.30711,42.14516],[-3.30328,42.14376],[-3.30347,42.14239],[-3.29904,42.13991],[-3.29709,42.14018],[-3.29264,42.13762],[-3.29055,42.14039],[-3.28215,42.13716],[-3.27738,42.14623],[-3.28338,42.16326],[-3.28107,42.16612],[-3.28185,42.17095],[-3.2802,42.17385],[-3.28204,42.17809],[-3.31304,42.18627],[-3.32086,42.17827],[-3.33345,42.17096],[-3.33757,42.16507],[-3.34589,42.16327],[-3.34683,42.15953],[-3.35657,42.1619],[-3.36074,42.15967],[-3.36097,42.15764],[-3.36862,42.1546],[-3.37081,42.15458],[-3.37493,42.15819],[-3.37703,42.14982],[-3.37673,42.14859]]]}},{"type":"Feature","properties":{"mun_code":"09009","mun_name":"Albillos","mun_name_local":null,"prov_code":"09","prov_name":"Burgos","acom_code":"07","acom_name":"Castilla y León","geo_point_2d":{"lon":-3.788663858951542,"lat":42.285052028992}},"geometry":{"type":"Polygon","coordinates":[[[-3.81281,42.29297],[-3.80786,42.28619],[-3.81328,42.2766],[-3.81021,42.27391],[-3.80763,42.27397],[-3.80478,42.27084],[-3.80679,42.26804],[-3.80998,42.26896],[-3.80908,42.26577],[-3.81262,42.25435],[-3.80286,42.2633],[-3.79973,42.27108],[-3.78932,42.27075],[-3.78428,42.27452],[-3.76976,42.27183],[-3.7667,42.27354],[-3.76719,42.27593],[-3.76399,42.27552],[-3.7664,42.282],[-3.76273,42.2841],[-3.76321,42.28981],[-3.76932,42.29432],[-3.76912,42.2999],[-3.77328,42.30375],[-3.77173,42.30536],[-3.80933,42.29609],[-3.81281,42.29297]]]}},{"type":"Feature","properties":{"mun_code":"09180","mun_name":"Iglesias","mun_name_local":null,"prov_code":"09","prov_name":"Burgos","acom_code":"07","acom_name":"Castilla y León","geo_point_2d":{"lon":-3.9971630618567753,"lat":42.30630920695618}},"geometry":{"type":"Polygon","coordinates":[[[-4.05648,42.29186],[-4.05625,42.28066],[-4.05308,42.28083],[-4.04076,42.27163],[-4.03697,42.27047],[-4.03278,42.27129],[-4.02676,42.27827],[-4.01643,42.28292],[-3.99802,42.28818],[-3.97632,42.28547],[-3.96497,42.28828],[-3.96361,42.28979],[-3.963,42.30285],[-3.95579,42.30806],[-3.94947,42.30992],[-3.95523,42.31401],[-3.95057,42.31679],[-3.95271,42.32151],[-3.95345,42.33121],[-3.96238,42.33655],[-3.97457,42.33898],[-3.97749,42.34464],[-3.98173,42.34468],[-3.98515,42.34137],[-3.99164,42.33956],[-4.00214,42.33323],[-4.00638,42.32264],[-4.01073,42.32108],[-4.01386,42.31595],[-4.0159,42.31508],[-4.01717,42.30461],[-4.01961,42.30249],[-4.02601,42.30352],[-4.02991,42.30111],[-4.03822,42.30205],[-4.0469,42.29362],[-4.05589,42.29349],[-4.05648,42.29186]]]}},{"type":"Feature","properties":{"mun_code":"09136","mun_name":"Fuentecén","mun_name_local":null,"prov_code":"09","prov_name":"Burgos","acom_code":"07","acom_name":"Castilla y León","geo_point_2d":{"lon":-3.8725859532046445,"lat":41.632901955085565}},"geometry":{"type":"Polygon","coordinates":[[[-3.91396,41.63442],[-3.91028,41.63045],[-3.90785,41.6311],[-3.90109,41.62866],[-3.88905,41.62674],[-3.88432,41.61881],[-3.88522,41.61649],[-3.88237,41.61008],[-3.87382,41.60922],[-3.86951,41.61054],[-3.86546,41.61553],[-3.85844,41.61907],[-3.85216,41.62478],[-3.84983,41.62475],[-3.84554,41.62123],[-3.8431,41.62195],[-3.84184,41.6246],[-3.84031,41.62439],[-3.84153,41.62628],[-3.83452,41.63108],[-3.83898,41.64294],[-3.84798,41.64125],[-3.85305,41.64177],[-3.85725,41.64532],[-3.87407,41.64938],[-3.87571,41.65157],[-3.88693,41.65459],[-3.89105,41.64978],[-3.90924,41.63661],[-3.91396,41.63442]]]}},{"type":"Feature","properties":{"mun_code":"09275","mun_name":"Presencio","mun_name_local":null,"prov_code":"09","prov_name":"Burgos","acom_code":"07","acom_name":"Castilla y León","geo_point_2d":{"lon":-3.869691227322544,"lat":42.18585379760204}},"geometry":{"type":"Polygon","coordinates":[[[-3.93432,42.18213],[-3.92414,42.17951],[-3.91642,42.17337],[-3.90992,42.164],[-3.90279,42.16078],[-3.89674,42.16348],[-3.88961,42.16431],[-3.88535,42.16681],[-3.8852,42.17119],[-3.87097,42.17043],[-3.86814,42.16749],[-3.85726,42.1669],[-3.85078,42.17261],[-3.84638,42.16369],[-3.8425,42.16127],[-3.8381,42.16183],[-3.81853,42.17395],[-3.81889,42.17979],[-3.81468,42.19744],[-3.81327,42.19825],[-3.81653,42.20115],[-3.81897,42.1986],[-3.82094,42.19857],[-3.82567,42.20122],[-3.82877,42.20084],[-3.83432,42.2025],[-3.84465,42.19969],[-3.85236,42.19914],[-3.85758,42.21022],[-3.86203,42.20838],[-3.86485,42.20877],[-3.87203,42.21469],[-3.88298,42.21403],[-3.88912,42.20918],[-3.88797,42.20809],[-3.89755,42.20141],[-3.89791,42.19828],[-3.90252,42.19886],[-3.90373,42.20066],[-3.90616,42.20009],[-3.92265,42.18776],[-3.92769,42.18729],[-3.93236,42.18289],[-3.93432,42.18213]]]}},{"type":"Feature","properties":{"mun_code":"09270","mun_name":"Pinilla Trasmonte","mun_name_local":null,"prov_code":"09","prov_name":"Burgos","acom_code":"07","acom_name":"Castilla y León","geo_point_2d":{"lon":-3.625165220199006,"lat":41.87913013433241}},"geometry":{"type":"Polygon","coordinates":[[[-3.69802,41.86525],[-3.69498,41.85967],[-3.69757,41.84769],[-3.69272,41.84577],[-3.68623,41.84581],[-3.68453,41.84337],[-3.67662,41.84487],[-3.67396,41.84144],[-3.66542,41.8389],[-3.65536,41.83233],[-3.65078,41.83285],[-3.64663,41.8353],[-3.64188,41.83508],[-3.62612,41.83869],[-3.61514,41.83819],[-3.5986,41.83396],[-3.59442,41.84862],[-3.59635,41.85108],[-3.59474,41.85725],[-3.59246,41.85959],[-3.59301,41.86222],[-3.58894,41.86364],[-3.58945,41.8685],[-3.58707,41.86936],[-3.58173,41.87641],[-3.58397,41.88537],[-3.57457,41.88755],[-3.56787,41.89149],[-3.56049,41.89387],[-3.57636,41.89688],[-3.57688,41.90368],[-3.58143,41.91518],[-3.5805,41.92512],[-3.56914,41.9319],[-3.5668,41.94161],[-3.57998,41.93899],[-3.59919,41.93811],[-3.60317,41.93138],[-3.61687,41.93344],[-3.62654,41.91989],[-3.62946,41.90643],[-3.63477,41.90214],[-3.63065,41.89776],[-3.65081,41.88061],[-3.66455,41.88144],[-3.66949,41.8854],[-3.68386,41.8923],[-3.68382,41.87597],[-3.68191,41.86896],[-3.68415,41.86503],[-3.69637,41.86526],[-3.69802,41.86525]]]}},{"type":"Feature","properties":{"mun_code":"53025","mun_name":"Comunidad de Cubillo del Campo y Hontoria de la Cantera","mun_name_local":null,"prov_code":"09","prov_name":"Burgos","acom_code":"07","acom_name":"Castilla y León","geo_point_2d":{"lon":-3.611126307775756,"lat":42.173748495458995}},"geometry":{"type":"Polygon","coordinates":[[[-3.63358,42.16184],[-3.62599,42.15323],[-3.62105,42.1563],[-3.61469,42.15737],[-3.61188,42.15617],[-3.5951,42.14234],[-3.59246,42.14262],[-3.60302,42.15085],[-3.60659,42.15568],[-3.61125,42.15823],[-3.62126,42.16973],[-3.6271,42.17154],[-3.62766,42.17279],[-3.62529,42.17327],[-3.62212,42.17698],[-3.61257,42.17597],[-3.60956,42.17436],[-3.60752,42.17474],[-3.60711,42.17313],[-3.59118,42.17029],[-3.57676,42.17356],[-3.57269,42.16985],[-3.57556,42.16685],[-3.56633,42.16802],[-3.57673,42.17875],[-3.58066,42.18069],[-3.59301,42.17947],[-3.59893,42.1805],[-3.6034,42.18296],[-3.60937,42.19059],[-3.6228,42.19178],[-3.62825,42.19031],[-3.6325,42.18667],[-3.63108,42.1789],[-3.62889,42.17657],[-3.6297,42.17416],[-3.63812,42.16763],[-3.63446,42.16354],[-3.63358,42.16184]]]}},{"type":"Feature","properties":{"mun_code":"09001","mun_name":"Abajas","mun_name_local":null,"prov_code":"09","prov_name":"Burgos","acom_code":"07","acom_name":"Castilla y León","geo_point_2d":{"lon":-3.585959055949253,"lat":42.61910122176327}},"geometry":{"type":"Polygon","coordinates":[[[-3.60582,42.65916],[-3.60005,42.65461],[-3.59929,42.6468],[-3.60236,42.64007],[-3.62355,42.62681],[-3.63168,42.61286],[-3.63342,42.61251],[-3.63272,42.61541],[-3.63757,42.6146],[-3.63352,42.60953],[-3.6308,42.60239],[-3.62241,42.6013],[-3.62208,42.59503],[-3.61971,42.59197],[-3.58582,42.59786],[-3.57102,42.59593],[-3.56879,42.59372],[-3.55332,42.59627],[-3.53335,42.61191],[-3.5357,42.61545],[-3.53663,42.6235],[-3.55323,42.62738],[-3.55543,42.62929],[-3.55948,42.62945],[-3.56022,42.63181],[-3.57246,42.64177],[-3.57864,42.65114],[-3.59419,42.65922],[-3.60205,42.66009],[-3.60582,42.65916]]]}},{"type":"Feature","properties":{"mun_code":"09297","mun_name":"Las Quintanillas","mun_name_local":null,"prov_code":"09","prov_name":"Burgos","acom_code":"07","acom_name":"Castilla y León","geo_point_2d":{"lon":-3.8477941104573086,"lat":42.37214926055296}},"geometry":{"type":"Polygon","coordinates":[[[-3.89096,42.35061],[-3.88408,42.3513],[-3.87938,42.34779],[-3.88351,42.34229],[-3.86323,42.34952],[-3.8608,42.34836],[-3.8607,42.354],[-3.85647,42.35496],[-3.85112,42.35258],[-3.84351,42.35195],[-3.836,42.35731],[-3.83077,42.35682],[-3.83197,42.36161],[-3.82974,42.36678],[-3.82557,42.36897],[-3.82439,42.36565],[-3.81693,42.36461],[-3.81508,42.36324],[-3.80736,42.36719],[-3.79803,42.37762],[-3.80021,42.38046],[-3.80537,42.37925],[-3.81439,42.38212],[-3.81085,42.39651],[-3.82522,42.39869],[-3.82888,42.38867],[-3.83088,42.39031],[-3.84242,42.39018],[-3.86375,42.39541],[-3.86884,42.38786],[-3.86816,42.38356],[-3.88041,42.3782],[-3.89005,42.35175],[-3.89096,42.35061]]]}},{"type":"Feature","properties":{"mun_code":"09374","mun_name":"Susinos del Páramo","mun_name_local":null,"prov_code":"09","prov_name":"Burgos","acom_code":"07","acom_name":"Castilla y León","geo_point_2d":{"lon":-3.9111650420675277,"lat":42.475693950013515}},"geometry":{"type":"Polygon","coordinates":[[[-3.93826,42.46249],[-3.92686,42.45989],[-3.92293,42.45389],[-3.91502,42.45287],[-3.91367,42.45418],[-3.90992,42.45451],[-3.90459,42.46081],[-3.90523,42.46452],[-3.89685,42.47183],[-3.88729,42.48831],[-3.88297,42.49229],[-3.88951,42.49511],[-3.89523,42.49386],[-3.90232,42.49816],[-3.9076,42.49702],[-3.90777,42.49882],[-3.91358,42.49328],[-3.91456,42.48967],[-3.91879,42.48832],[-3.92975,42.4736],[-3.93747,42.46817],[-3.93881,42.46349],[-3.93826,42.46249]]]}},{"type":"Feature","properties":{"mun_code":"09045","mun_name":"Basconcillos del Tozo","mun_name_local":null,"prov_code":"09","prov_name":"Burgos","acom_code":"07","acom_name":"Castilla y León","geo_point_2d":{"lon":-3.9513188262681735,"lat":42.68125836836074}},"geometry":{"type":"Polygon","coordinates":[[[-4.03053,42.66945],[-4.02051,42.66751],[-3.99968,42.6606],[-4.00008,42.65865],[-3.98718,42.65467],[-3.98813,42.65367],[-3.98484,42.64581],[-3.98686,42.64329],[-3.98563,42.63519],[-3.97274,42.63645],[-3.97187,42.63131],[-3.95245,42.63134],[-3.93544,42.628],[-3.92327,42.62701],[-3.92111,42.62864],[-3.90778,42.62717],[-3.89512,42.61766],[-3.89482,42.61287],[-3.86587,42.61751],[-3.86708,42.62073],[-3.85956,42.62691],[-3.85718,42.63645],[-3.8556,42.6391],[-3.8516,42.6411],[-3.86154,42.64425],[-3.86068,42.64807],[-3.86228,42.65353],[-3.85797,42.6559],[-3.8662,42.66083],[-3.86598,42.66547],[-3.86804,42.66614],[-3.86891,42.6687],[-3.87749,42.67016],[-3.89075,42.66189],[-3.89369,42.66258],[-3.89478,42.66065],[-3.90028,42.66351],[-3.90739,42.67088],[-3.90795,42.67736],[-3.90433,42.67791],[-3.90381,42.68346],[-3.90817,42.68715],[-3.90991,42.68612],[-3.90895,42.69311],[-3.91258,42.69239],[-3.9145,42.68967],[-3.91448,42.69212],[-3.91946,42.69653],[-3.9209,42.69626],[-3.92214,42.69834],[-3.93658,42.70484],[-3.93672,42.70759],[-3.93238,42.70885],[-3.93116,42.71881],[-3.9336,42.72693],[-3.93946,42.73324],[-3.94554,42.73611],[-3.94468,42.73968],[-3.9488,42.74322],[-3.95139,42.74808],[-3.95215,42.75355],[-3.9493,42.7597],[-3.94658,42.76191],[-3.95655,42.76221],[-3.96569,42.7586],[-3.99467,42.75629],[-4.0024,42.75149],[-4.00435,42.74556],[-3.99814,42.72808],[-3.99397,42.72157],[-4.0026,42.72311],[-4.01316,42.72121],[-4.02448,42.72457],[-4.02568,42.72096],[-4.02446,42.70314],[-4.02844,42.69461],[-4.03071,42.69305],[-4.03061,42.69062],[-4.02449,42.68695],[-4.0194,42.6868],[-4.01902,42.68559],[-4.02144,42.68294],[-4.02228,42.67825],[-4.03022,42.67012],[-4.03053,42.66945]]]}},{"type":"Feature","properties":{"mun_code":"09281","mun_name":"Quintana del Pidio","mun_name_local":null,"prov_code":"09","prov_name":"Burgos","acom_code":"07","acom_name":"Castilla y León","geo_point_2d":{"lon":-3.7494846966872926,"lat":41.762057930604556}},"geometry":{"type":"Polygon","coordinates":[[[-3.77133,41.74819],[-3.76828,41.74828],[-3.76555,41.7463],[-3.76364,41.74229],[-3.75509,41.74378],[-3.74144,41.75201],[-3.73017,41.75645],[-3.72568,41.75684],[-3.72476,41.76106],[-3.72729,41.77047],[-3.73192,41.77072],[-3.7401,41.78076],[-3.74122,41.79122],[-3.7464,41.78164],[-3.75313,41.77828],[-3.75361,41.77251],[-3.77574,41.76049],[-3.77173,41.74842],[-3.77133,41.74819]]]}},{"type":"Feature","properties":{"mun_code":"53004","mun_name":"Comunidad de Arauzo de Miel y Huerta del Rey","mun_name_local":null,"prov_code":"09","prov_name":"Burgos","acom_code":"07","acom_name":"Castilla y León","geo_point_2d":{"lon":-3.3367002150836536,"lat":41.87257852113013}},"geometry":{"type":"Polygon","coordinates":[[[-3.34739,41.85635],[-3.33941,41.85792],[-3.33611,41.85693],[-3.33347,41.86809],[-3.3262,41.86954],[-3.31514,41.885],[-3.33076,41.89092],[-3.33274,41.89],[-3.33286,41.8846],[-3.33525,41.88116],[-3.33959,41.87947],[-3.34782,41.87251],[-3.35465,41.86968],[-3.35678,41.86267],[-3.35328,41.85874],[-3.35019,41.85748],[-3.34739,41.85635]]]}},{"type":"Feature","properties":{"mun_code":"09195","mun_name":"Llano de Bureba","mun_name_local":null,"prov_code":"09","prov_name":"Burgos","acom_code":"07","acom_name":"Castilla y León","geo_point_2d":{"lon":-3.4447756781939765,"lat":42.62289417719477}},"geometry":{"type":"Polygon","coordinates":[[[-3.48305,42.60799],[-3.48218,42.60557],[-3.47003,42.6099],[-3.45011,42.6127],[-3.44016,42.61259],[-3.43937,42.6093],[-3.43202,42.60502],[-3.42867,42.60673],[-3.42658,42.60548],[-3.42171,42.60904],[-3.40818,42.61458],[-3.40423,42.61809],[-3.41017,42.61516],[-3.41336,42.62362],[-3.41055,42.6283],[-3.42553,42.63281],[-3.425,42.63643],[-3.43129,42.63446],[-3.43903,42.63414],[-3.45934,42.64513],[-3.46553,42.64075],[-3.46399,42.6381],[-3.4683,42.63614],[-3.47144,42.62585],[-3.47991,42.61978],[-3.47518,42.61652],[-3.47361,42.61289],[-3.48305,42.60799]]]}},{"type":"Feature","properties":{"mun_code":"09018","mun_name":"Aranda de Duero","mun_name_local":null,"prov_code":"09","prov_name":"Burgos","acom_code":"07","acom_name":"Castilla y León","geo_point_2d":{"lon":-3.6848378201131595,"lat":41.68994569949807}},"geometry":{"type":"Polygon","coordinates":[[[-3.78241,41.69335],[-3.76942,41.69602],[-3.75935,41.70047],[-3.74798,41.70252],[-3.73647,41.69827],[-3.73053,41.6935],[-3.73433,41.68142],[-3.73324,41.66992],[-3.73544,41.66753],[-3.74337,41.66691],[-3.73464,41.6618],[-3.73227,41.65737],[-3.73576,41.6407],[-3.73372,41.63567],[-3.73235,41.6337],[-3.72374,41.63136],[-3.71639,41.6334],[-3.70223,41.63482],[-3.69176,41.63808],[-3.68677,41.6414],[-3.68064,41.64101],[-3.67638,41.64376],[-3.66448,41.64666],[-3.6641,41.65045],[-3.65055,41.64862],[-3.63335,41.64936],[-3.63257,41.65405],[-3.62389,41.65373],[-3.61877,41.65499],[-3.61303,41.65238],[-3.60862,41.65253],[-3.60381,41.64984],[-3.57953,41.6569],[-3.57483,41.65946],[-3.57365,41.67229],[-3.57784,41.67245],[-3.59335,41.6792],[-3.59994,41.68771],[-3.60924,41.68886],[-3.61408,41.70617],[-3.6089,41.70161],[-3.60608,41.70279],[-3.60099,41.71348],[-3.58476,41.71773],[-3.58415,41.72877],[-3.58943,41.73617],[-3.60645,41.72624],[-3.62186,41.71505],[-3.65581,41.72462],[-3.66255,41.72996],[-3.67379,41.72812],[-3.68235,41.72467],[-3.68793,41.72052],[-3.71518,41.72235],[-3.72602,41.71966],[-3.73468,41.72456],[-3.73782,41.72907],[-3.73817,41.73252],[-3.74945,41.74178],[-3.75152,41.74594],[-3.75509,41.74378],[-3.76364,41.74229],[-3.76555,41.7463],[-3.76828,41.74828],[-3.77133,41.74819],[-3.77924,41.74537],[-3.78644,41.74051],[-3.77907,41.73676],[-3.78888,41.73365],[-3.79641,41.73422],[-3.79952,41.73234],[-3.80928,41.73067],[-3.79868,41.71962],[-3.78625,41.70329],[-3.7825,41.6945],[-3.78241,41.69335]]]}},{"type":"Feature","properties":{"mun_code":"09141","mun_name":"Fuentespina","mun_name_local":null,"prov_code":"09","prov_name":"Burgos","acom_code":"07","acom_name":"Castilla y León","geo_point_2d":{"lon":-3.6824683677202854,"lat":41.62752797967299}},"geometry":{"type":"Polygon","coordinates":[[[-3.72374,41.63136],[-3.71233,41.62776],[-3.70658,41.62367],[-3.70188,41.61715],[-3.69573,41.6132],[-3.69147,41.6122],[-3.67154,41.6167],[-3.6639,41.61125],[-3.65664,41.61639],[-3.66111,41.62085],[-3.65481,41.62221],[-3.65249,41.62546],[-3.66365,41.63521],[-3.66593,41.64055],[-3.66448,41.64666],[-3.67638,41.64376],[-3.68064,41.64101],[-3.68677,41.6414],[-3.69176,41.63808],[-3.70223,41.63482],[-3.71639,41.6334],[-3.72129,41.63128],[-3.72374,41.63136]]]}},{"type":"Feature","properties":{"mun_code":"09306","mun_name":"Rebolledo de la Torre","mun_name_local":null,"prov_code":"09","prov_name":"Burgos","acom_code":"07","acom_name":"Castilla y León","geo_point_2d":{"lon":-4.213227935214726,"lat":42.68811877612701}},"geometry":{"type":"MultiPolygon","coordinates":[[[[-4.26923,42.70475],[-4.2805,42.69997],[-4.28406,42.69565],[-4.29317,42.6909],[-4.28675,42.6869],[-4.28596,42.68357],[-4.28807,42.6844],[-4.29017,42.68288],[-4.28872,42.67762],[-4.28104,42.67374],[-4.27263,42.67266],[-4.26849,42.67411],[-4.25965,42.66976],[-4.25709,42.67135],[-4.2507,42.67023],[-4.25206,42.67218],[-4.24964,42.67169],[-4.24377,42.669],[-4.24083,42.66421],[-4.23207,42.66086],[-4.21848,42.65243],[-4.21473,42.6517],[-4.21168,42.65717],[-4.20173,42.66569],[-4.19949,42.66477],[-4.1955,42.66626],[-4.19143,42.6654],[-4.19002,42.66656],[-4.18819,42.66537],[-4.18145,42.66633],[-4.17602,42.66516],[-4.16532,42.66678],[-4.15336,42.67148],[-4.14903,42.67544],[-4.1478,42.67897],[-4.15306,42.68349],[-4.1559,42.68736],[-4.1556,42.6895],[-4.15903,42.69132],[-4.1581,42.69404],[-4.15555,42.69512],[-4.15306,42.70143],[-4.15575,42.70593],[-4.15476,42.7067],[-4.15784,42.70771],[-4.16846,42.70728],[-4.17866,42.71262],[-4.18203,42.71533],[-4.18732,42.72554],[-4.1861,42.72705],[-4.18923,42.73032],[-4.19255,42.72903],[-4.19571,42.7243],[-4.20108,42.72102],[-4.20143,42.7176],[-4.21514,42.714],[-4.21655,42.71128],[-4.21519,42.70886],[-4.21857,42.70468],[-4.22696,42.70304],[-4.2301,42.70019],[-4.23464,42.69959],[-4.23707,42.69767],[-4.2461,42.69709],[-4.24892,42.69838],[-4.24768,42.69415],[-4.25704,42.68811],[-4.26392,42.69424],[-4.26764,42.69427],[-4.26669,42.7053],[-4.26923,42.70475]]],[[[-4.25133,42.72655],[-4.24506,42.73597],[-4.26063,42.73889],[-4.26315,42.73048],[-4.2567,42.72797],[-4.25133,42.72655]]]]}},{"type":"Feature","properties":{"mun_code":"53029","mun_name":"Comunidad de 09314, 09374, 09356 y 09126","mun_name_local":null,"prov_code":"09","prov_name":"Burgos","acom_code":"07","acom_name":"Castilla y León","geo_point_2d":{"lon":-3.44008269864176,"lat":42.08057819760714}},"geometry":{"type":"Polygon","coordinates":[[[-3.46666,42.07108],[-3.45201,42.06078],[-3.45174,42.06995],[-3.43191,42.06974],[-3.43011,42.07112],[-3.42348,42.07141],[-3.41771,42.07972],[-3.42098,42.08162],[-3.421,42.0866],[-3.41883,42.08829],[-3.42616,42.09038],[-3.42457,42.09361],[-3.43737,42.10084],[-3.44469,42.08994],[-3.46055,42.0802],[-3.4613,42.07174],[-3.46666,42.07108]]]}},{"type":"Feature","properties":{"mun_code":"09337","mun_name":"San Juan del Monte","mun_name_local":null,"prov_code":"09","prov_name":"Burgos","acom_code":"07","acom_name":"Castilla y León","geo_point_2d":{"lon":-3.5169767115441397,"lat":41.68419119806819}},"geometry":{"type":"Polygon","coordinates":[[[-3.54591,41.64441],[-3.5401,41.64183],[-3.53378,41.64386],[-3.53055,41.64332],[-3.52653,41.64857],[-3.52197,41.65068],[-3.51495,41.64625],[-3.51315,41.63944],[-3.50888,41.63779],[-3.50716,41.64059],[-3.49957,41.6668],[-3.49787,41.69444],[-3.49949,41.71624],[-3.50223,41.72305],[-3.50244,41.73046],[-3.51073,41.73836],[-3.53158,41.71529],[-3.53336,41.71502],[-3.52404,41.70759],[-3.52242,41.70303],[-3.53653,41.68673],[-3.53683,41.66398],[-3.54536,41.64551],[-3.54591,41.64441]]]}},{"type":"Feature","properties":{"mun_code":"09378","mun_name":"Tejada","mun_name_local":null,"prov_code":"09","prov_name":"Burgos","acom_code":"07","acom_name":"Castilla y León","geo_point_2d":{"lon":-3.549643903514833,"lat":41.95311110395023}},"geometry":{"type":"Polygon","coordinates":[[[-3.58897,41.96767],[-3.58797,41.96246],[-3.59053,41.95453],[-3.58906,41.95078],[-3.58961,41.94373],[-3.57195,41.94122],[-3.5668,41.94161],[-3.56883,41.93234],[-3.57302,41.9289],[-3.56781,41.92841],[-3.56411,41.92986],[-3.56362,41.93133],[-3.55264,41.93227],[-3.54576,41.93753],[-3.53714,41.94054],[-3.53144,41.93941],[-3.52582,41.93307],[-3.5209,41.93064],[-3.51978,41.94248],[-3.51317,41.9446],[-3.50962,41.94865],[-3.50287,41.95229],[-3.50439,41.95846],[-3.50126,41.96068],[-3.50161,41.96181],[-3.50762,41.96169],[-3.51103,41.96024],[-3.53212,41.96266],[-3.53434,41.97694],[-3.54953,41.97169],[-3.57292,41.96936],[-3.57951,41.96674],[-3.58249,41.96787],[-3.58425,41.96622],[-3.58753,41.9671],[-3.58897,41.96767]]]}},{"type":"Feature","properties":{"mun_code":"09425","mun_name":"Vilviestre del Pinar","mun_name_local":null,"prov_code":"09","prov_name":"Burgos","acom_code":"07","acom_name":"Castilla y León","geo_point_2d":{"lon":-3.075696183450913,"lat":41.93582202200948}},"geometry":{"type":"Polygon","coordinates":[[[-3.09938,41.913],[-3.09007,41.90896],[-3.08995,41.90214],[-3.08395,41.89302],[-3.08516,41.88846],[-3.07545,41.88312],[-3.06362,41.88337],[-3.05863,41.89132],[-3.04377,41.88993],[-3.05141,41.90714],[-3.06209,41.91462],[-3.06601,41.92677],[-3.05649,41.95253],[-3.05458,41.96294],[-3.06004,41.96631],[-3.05977,41.96852],[-3.06444,41.97344],[-3.06561,41.97691],[-3.06682,41.99654],[-3.06431,41.99727],[-3.06515,42.00382],[-3.08027,41.98878],[-3.09638,41.96689],[-3.09861,41.94965],[-3.09675,41.92672],[-3.09946,41.91342],[-3.09938,41.913]]]}},{"type":"Feature","properties":{"mun_code":"09226","mun_name":"Monterrubio de la Demanda","mun_name_local":null,"prov_code":"09","prov_name":"Burgos","acom_code":"07","acom_name":"Castilla y León","geo_point_2d":{"lon":-3.109937881841373,"lat":42.14824425734271}},"geometry":{"type":"Polygon","coordinates":[[[-3.11497,42.1788],[-3.11928,42.16898],[-3.12723,42.15705],[-3.1268,42.15068],[-3.13397,42.13848],[-3.13125,42.13344],[-3.13541,42.13028],[-3.13321,42.12848],[-3.1282,42.12753],[-3.11243,42.1269],[-3.11003,42.12895],[-3.10308,42.12857],[-3.08381,42.13346],[-3.08658,42.13592],[-3.09067,42.14859],[-3.08981,42.15935],[-3.0998,42.16739],[-3.09657,42.16945],[-3.10146,42.16974],[-3.10207,42.17208],[-3.10544,42.17301],[-3.1091,42.17627],[-3.11289,42.176],[-3.11461,42.17785],[-3.11497,42.1788]]]}},{"type":"Feature","properties":{"mun_code":"09221","mun_name":"Modúbar de la Emparedada","mun_name_local":null,"prov_code":"09","prov_name":"Burgos","acom_code":"07","acom_name":"Castilla y León","geo_point_2d":{"lon":-3.658498509324479,"lat":42.264609144692656}},"geometry":{"type":"Polygon","coordinates":[[[-3.68161,42.25019],[-3.6815,42.24818],[-3.6852,42.24575],[-3.68296,42.23941],[-3.68044,42.2372],[-3.67047,42.24267],[-3.66674,42.24061],[-3.66435,42.24089],[-3.64757,42.24769],[-3.64355,42.24807],[-3.64533,42.25014],[-3.64412,42.25412],[-3.64705,42.25735],[-3.64822,42.26386],[-3.63902,42.28112],[-3.64324,42.28844],[-3.64039,42.29551],[-3.64128,42.29705],[-3.64478,42.29812],[-3.64633,42.29721],[-3.65477,42.28914],[-3.66155,42.28504],[-3.66104,42.28277],[-3.66429,42.2822],[-3.6693,42.27767],[-3.66761,42.27303],[-3.66859,42.26075],[-3.67087,42.25983],[-3.66959,42.25467],[-3.67961,42.25138],[-3.68161,42.25019]]]}},{"type":"Feature","properties":{"mun_code":"09422","mun_name":"La Vid de Bureba","mun_name_local":null,"prov_code":"09","prov_name":"Burgos","acom_code":"07","acom_name":"Castilla y León","geo_point_2d":{"lon":-3.3019121349809923,"lat":42.632854033831265}},"geometry":{"type":"Polygon","coordinates":[[[-3.32273,42.63014],[-3.31874,42.62986],[-3.31015,42.62208],[-3.30665,42.61643],[-3.30513,42.61635],[-3.30383,42.60945],[-3.29978,42.60958],[-3.29797,42.61205],[-3.2918,42.61468],[-3.28001,42.64007],[-3.28822,42.64173],[-3.29196,42.64761],[-3.29507,42.64863],[-3.29762,42.64776],[-3.29873,42.64984],[-3.30443,42.65145],[-3.3134,42.64842],[-3.32032,42.64234],[-3.32382,42.63254],[-3.32273,42.63014]]]}},{"type":"Feature","properties":{"mun_code":"09303","mun_name":"Rábanos","mun_name_local":null,"prov_code":"09","prov_name":"Burgos","acom_code":"07","acom_name":"Castilla y León","geo_point_2d":{"lon":-3.2872578587158006,"lat":42.30952454445812}},"geometry":{"type":"Polygon","coordinates":[[[-3.33456,42.33306],[-3.32806,42.33186],[-3.32396,42.32744],[-3.32127,42.31986],[-3.30972,42.31175],[-3.31514,42.30885],[-3.31694,42.30442],[-3.31513,42.29912],[-3.31742,42.29439],[-3.31346,42.29183],[-3.31212,42.28752],[-3.30968,42.2877],[-3.29989,42.28385],[-3.29888,42.27835],[-3.2944,42.27664],[-3.29503,42.27283],[-3.30655,42.26742],[-3.30899,42.26444],[-3.29152,42.26613],[-3.28482,42.26364],[-3.2734,42.26457],[-3.26951,42.26226],[-3.26215,42.2527],[-3.24514,42.25624],[-3.24342,42.25896],[-3.24938,42.26537],[-3.25035,42.26924],[-3.25855,42.27146],[-3.26527,42.27149],[-3.26693,42.28227],[-3.27802,42.29364],[-3.27746,42.29799],[-3.27309,42.30175],[-3.27902,42.31163],[-3.25902,42.3185],[-3.25187,42.31975],[-3.25159,42.32913],[-3.23737,42.34342],[-3.23404,42.35125],[-3.23978,42.35182],[-3.24132,42.35011],[-3.24438,42.35217],[-3.24867,42.34978],[-3.2584,42.34738],[-3.25831,42.34384],[-3.25379,42.33839],[-3.25801,42.33391],[-3.25966,42.33371],[-3.26874,42.34088],[-3.27202,42.34053],[-3.27086,42.33434],[-3.2816,42.33298],[-3.29613,42.34534],[-3.29929,42.34532],[-3.2992,42.3509],[-3.30798,42.35421],[-3.32152,42.34651],[-3.32949,42.34365],[-3.33358,42.33857],[-3.33445,42.33355],[-3.33456,42.33306]]]}},{"type":"Feature","properties":{"mun_code":"53036","mun_name":"Ledanía de Castrillo de la Reina, Hacinas y Salas de los Infantes","mun_name_local":null,"prov_code":"09","prov_name":"Burgos","acom_code":"07","acom_name":"Castilla y León","geo_point_2d":{"lon":-3.2057087185758486,"lat":42.02077783923263}},"geometry":{"type":"Polygon","coordinates":[[[-3.31929,42.03821],[-3.31421,42.03686],[-3.30636,42.03749],[-3.29681,42.04193],[-3.2892,42.03662],[-3.28401,42.02834],[-3.27582,42.02727],[-3.26783,42.02303],[-3.24897,42.02171],[-3.24592,42.0086],[-3.26642,42.00178],[-3.27957,42.00398],[-3.28129,42.0028],[-3.29324,42.00215],[-3.28999,42.01376],[-3.29328,42.01379],[-3.29565,42.00806],[-3.29585,41.99772],[-3.29124,41.99643],[-3.27623,41.99596],[-3.26796,41.99121],[-3.26445,41.97489],[-3.25623,41.96475],[-3.25483,41.95821],[-3.26037,41.95117],[-3.25569,41.9502],[-3.24205,41.96809],[-3.25594,41.9856],[-3.2544,41.99667],[-3.24328,42.00434],[-3.22124,42.0032],[-3.20937,41.99637],[-3.21081,41.99214],[-3.2169,41.9847],[-3.21592,41.98316],[-3.21735,41.98111],[-3.22276,41.97691],[-3.23017,41.97557],[-3.22424,41.96753],[-3.20411,41.97859],[-3.19108,41.97808],[-3.17276,41.98207],[-3.1677,41.98476],[-3.1676,41.98239],[-3.16093,41.97994],[-3.15586,41.98205],[-3.15415,41.98599],[-3.14942,41.98808],[-3.14795,41.99074],[-3.14325,41.99227],[-3.12364,41.99168],[-3.11856,41.9978],[-3.11827,42.00069],[-3.10759,42.00778],[-3.09682,42.01881],[-3.07059,42.02432],[-3.0598,42.02279],[-3.05786,42.02387],[-3.07254,42.02762],[-3.11025,42.0414],[-3.10834,42.05122],[-3.10908,42.05579],[-3.10656,42.05739],[-3.10993,42.05652],[-3.11783,42.0484],[-3.12549,42.03644],[-3.12535,42.03428],[-3.13205,42.02943],[-3.13237,42.02597],[-3.13802,42.02154],[-3.13898,42.01905],[-3.14651,42.01462],[-3.15361,42.01547],[-3.16064,42.01885],[-3.17204,42.02141],[-3.1782,42.01929],[-3.18275,42.02182],[-3.19178,42.02345],[-3.20486,42.02334],[-3.20936,42.02622],[-3.20469,42.02997],[-3.20922,42.02938],[-3.21317,42.03401],[-3.22161,42.03491],[-3.22273,42.03814],[-3.22554,42.03736],[-3.22427,42.04094],[-3.22057,42.04334],[-3.22431,42.0485],[-3.22068,42.05346],[-3.22074,42.0606],[-3.21396,42.06372],[-3.21519,42.06739],[-3.21336,42.0686],[-3.22871,42.07192],[-3.23736,42.07833],[-3.26796,42.08033],[-3.27954,42.06753],[-3.30667,42.05365],[-3.30663,42.05087],[-3.32113,42.04514],[-3.31985,42.03957],[-3.31929,42.03821]],[[-3.27454,42.07224],[-3.26319,42.07558],[-3.26058,42.07423],[-3.26148,42.07153],[-3.26982,42.06526],[-3.27405,42.06376],[-3.2779,42.06743],[-3.27656,42.06948],[-3.27454,42.07224]],[[-3.27025,42.034],[-3.27668,42.03723],[-3.28419,42.04446],[-3.27799,42.053],[-3.26757,42.05227],[-3.26604,42.05049],[-3.26041,42.05031],[-3.25981,42.04873],[-3.26446,42.04409],[-3.24769,42.03909],[-3.2538,42.03838],[-3.25806,42.03424],[-3.26846,42.03344],[-3.27025,42.034]],[[-3.25425,42.05841],[-3.24782,42.05989],[-3.24936,42.05348],[-3.25532,42.05617],[-3.25425,42.05841]],[[-3.25116,42.04733],[-3.25472,42.04825],[-3.25475,42.04935],[-3.25325,42.05121],[-3.24872,42.0519],[-3.24346,42.04851],[-3.2456,42.0454],[-3.24918,42.04668],[-3.25116,42.04733]]]}},{"type":"Feature","properties":{"mun_code":"09102","mun_name":"Cillaperlata","mun_name_local":null,"prov_code":"09","prov_name":"Burgos","acom_code":"07","acom_name":"Castilla y León","geo_point_2d":{"lon":-3.375149536290085,"lat":42.777336931352075}},"geometry":{"type":"Polygon","coordinates":[[[-3.4186,42.78592],[-3.41121,42.78151],[-3.40661,42.7804],[-3.40846,42.77592],[-3.41126,42.77378],[-3.40614,42.76903],[-3.39176,42.76623],[-3.38392,42.76654],[-3.38249,42.76016],[-3.35654,42.75871],[-3.33748,42.77089],[-3.33908,42.77883],[-3.33734,42.78047],[-3.33684,42.78529],[-3.34022,42.79054],[-3.34461,42.79232],[-3.35711,42.78728],[-3.35963,42.78068],[-3.36908,42.77817],[-3.37495,42.77886],[-3.3818,42.78428],[-3.38124,42.78813],[-3.37547,42.79271],[-3.38007,42.79764],[-3.38613,42.79641],[-3.39028,42.79698],[-3.4005,42.79365],[-3.40658,42.7932],[-3.4106,42.78899],[-3.41781,42.7863],[-3.4186,42.78592]]]}},{"type":"Feature","properties":{"mun_code":"09901","mun_name":"Quintanilla del Agua y Tordueles","mun_name_local":null,"prov_code":"09","prov_name":"Burgos","acom_code":"07","acom_name":"Castilla y León","geo_point_2d":{"lon":-3.6413605595473464,"lat":42.04232334354417}},"geometry":{"type":"Polygon","coordinates":[[[-3.67713,42.06245],[-3.68138,42.05178],[-3.68276,42.03903],[-3.68456,42.03854],[-3.68769,42.03302],[-3.69175,42.03215],[-3.69084,42.02948],[-3.68599,42.02922],[-3.68665,42.02471],[-3.67992,42.0242],[-3.67403,42.02838],[-3.6674,42.0287],[-3.65657,42.03242],[-3.64567,42.02915],[-3.6432,42.02803],[-3.64823,42.0196],[-3.64375,42.01024],[-3.64534,42.00657],[-3.64241,42.00517],[-3.64132,42.00674],[-3.63893,42.00445],[-3.6343,42.00698],[-3.6249,42.00603],[-3.61915,42.00769],[-3.61403,42.00645],[-3.60936,42.01038],[-3.60116,42.00991],[-3.591,42.01355],[-3.59131,42.02],[-3.59604,42.02401],[-3.59447,42.03119],[-3.6195,42.03127],[-3.62359,42.03661],[-3.62529,42.04985],[-3.62105,42.05589],[-3.61307,42.07572],[-3.62544,42.08095],[-3.6243,42.08194],[-3.63005,42.0812],[-3.63461,42.07885],[-3.64867,42.07765],[-3.65415,42.07512],[-3.65821,42.07128],[-3.66615,42.06897],[-3.67115,42.06378],[-3.6762,42.06248],[-3.67713,42.06245]],[[-3.60666,42.0308],[-3.5982,42.02696],[-3.5952,42.02158],[-3.59543,42.01835],[-3.60939,42.02977],[-3.60666,42.0308]]]}},{"type":"Feature","properties":{"mun_code":"09218","mun_name":"Milagros","mun_name_local":null,"prov_code":"09","prov_name":"Burgos","acom_code":"07","acom_name":"Castilla y León","geo_point_2d":{"lon":-3.6827966857340786,"lat":41.58427272066734}},"geometry":{"type":"Polygon","coordinates":[[[-3.72071,41.57768],[-3.70841,41.57654],[-3.7011,41.56955],[-3.69468,41.56835],[-3.69265,41.56699],[-3.69457,41.56348],[-3.69213,41.5618],[-3.69038,41.55579],[-3.68157,41.55453],[-3.6814,41.55204],[-3.67551,41.55445],[-3.67172,41.56043],[-3.66105,41.56608],[-3.65885,41.5659],[-3.64525,41.5721],[-3.64889,41.57634],[-3.65958,41.58163],[-3.66265,41.58852],[-3.66684,41.59303],[-3.67185,41.60461],[-3.6639,41.61125],[-3.67154,41.6167],[-3.68476,41.61433],[-3.69034,41.61211],[-3.69297,41.6125],[-3.69451,41.60862],[-3.7086,41.59483],[-3.71197,41.58602],[-3.71632,41.583],[-3.71485,41.58095],[-3.72011,41.57849],[-3.72071,41.57768]]]}},{"type":"Feature","properties":{"mun_code":"53006","mun_name":"Comunidad de Barbadillo de Herreros y Vallejimeno (E.L.M.)","mun_name_local":null,"prov_code":"09","prov_name":"Burgos","acom_code":"07","acom_name":"Castilla y León","geo_point_2d":{"lon":-3.195026892320462,"lat":42.13032529958108}},"geometry":{"type":"Polygon","coordinates":[[[-3.19852,42.12824],[-3.19209,42.12828],[-3.19067,42.13308],[-3.19793,42.13131],[-3.19995,42.1294],[-3.19852,42.12824]]]}},{"type":"Feature","properties":{"mun_code":"53039","mun_name":"Comunidad de Tardajos y Las Quintanillas","mun_name_local":null,"prov_code":"09","prov_name":"Burgos","acom_code":"07","acom_name":"Castilla y León","geo_point_2d":{"lon":-3.854259010141333,"lat":42.35089348808136}},"geometry":{"type":"Polygon","coordinates":[[[-3.8608,42.34836],[-3.85725,42.34694],[-3.8528,42.34787],[-3.84577,42.3499],[-3.84351,42.35195],[-3.85112,42.35258],[-3.85647,42.35496],[-3.8607,42.354],[-3.86049,42.34913],[-3.8608,42.34836]]]}},{"type":"Feature","properties":{"mun_code":"53044","mun_name":"Comunidad de Vizcaínos y Jaramillo de la Fuente","mun_name_local":null,"prov_code":"09","prov_name":"Burgos","acom_code":"07","acom_name":"Castilla y León","geo_point_2d":{"lon":-3.2900850210263775,"lat":42.11419823481818}},"geometry":{"type":"Polygon","coordinates":[[[-3.30291,42.09902],[-3.29878,42.1016],[-3.29567,42.10182],[-3.28226,42.1167],[-3.27573,42.12963],[-3.2827,42.12799],[-3.28855,42.1204],[-3.30478,42.10506],[-3.30243,42.10493],[-3.30008,42.10233],[-3.30291,42.09902]]]}},{"type":"Feature","properties":{"mun_code":"09074","mun_name":"Cardeñajimeno","mun_name_local":null,"prov_code":"09","prov_name":"Burgos","acom_code":"07","acom_name":"Castilla y León","geo_point_2d":{"lon":-3.6128472780505296,"lat":42.32901832599128}},"geometry":{"type":"Polygon","coordinates":[[[-3.64925,42.30919],[-3.64471,42.30757],[-3.64479,42.30854],[-3.6315,42.3101],[-3.61683,42.30569],[-3.61968,42.30885],[-3.61822,42.3152],[-3.61095,42.32358],[-3.60439,42.32683],[-3.60385,42.32813],[-3.60611,42.32911],[-3.58202,42.32198],[-3.58389,42.32555],[-3.57864,42.33523],[-3.59364,42.34862],[-3.5977,42.34508],[-3.60243,42.34778],[-3.60799,42.34066],[-3.61981,42.34275],[-3.62207,42.33957],[-3.62737,42.33697],[-3.63944,42.33667],[-3.63809,42.32495],[-3.63145,42.3212],[-3.64518,42.31051],[-3.64925,42.30919]]]}},{"type":"Feature","properties":{"mun_code":"09191","mun_name":"Jurisdicción de Lara","mun_name_local":null,"prov_code":"09","prov_name":"Burgos","acom_code":"07","acom_name":"Castilla y León","geo_point_2d":{"lon":-3.460748173897201,"lat":42.138876330050685}},"geometry":{"type":"Polygon","coordinates":[[[-3.49813,42.14648],[-3.49772,42.14457],[-3.46301,42.12726],[-3.47962,42.11133],[-3.47539,42.11136],[-3.46446,42.10466],[-3.46031,42.10674],[-3.45431,42.10734],[-3.44253,42.10254],[-3.43787,42.12155],[-3.42314,42.14155],[-3.42293,42.14326],[-3.4337,42.15215],[-3.45673,42.15845],[-3.45881,42.16287],[-3.46302,42.16612],[-3.47686,42.16643],[-3.4831,42.17095],[-3.48531,42.17051],[-3.49626,42.15704],[-3.49784,42.14722],[-3.49813,42.14648]]]}},{"type":"Feature","properties":{"mun_code":"09208","mun_name":"Mecerreyes","mun_name_local":null,"prov_code":"09","prov_name":"Burgos","acom_code":"07","acom_name":"Castilla y León","geo_point_2d":{"lon":-3.592887878810511,"lat":42.09733581870662}},"geometry":{"type":"Polygon","coordinates":[[[-3.67713,42.06245],[-3.67115,42.06378],[-3.66615,42.06897],[-3.65821,42.07128],[-3.64943,42.07745],[-3.63461,42.07885],[-3.63005,42.0812],[-3.6243,42.08194],[-3.62544,42.08095],[-3.60685,42.07377],[-3.60284,42.07081],[-3.59768,42.07019],[-3.59516,42.07181],[-3.59031,42.0629],[-3.56438,42.06374],[-3.56181,42.07101],[-3.54678,42.08251],[-3.53823,42.09584],[-3.5209,42.10242],[-3.51753,42.10182],[-3.51277,42.1091],[-3.50054,42.11991],[-3.52372,42.12602],[-3.52908,42.12341],[-3.53335,42.12586],[-3.54503,42.12359],[-3.55207,42.12651],[-3.5541,42.12202],[-3.55637,42.12152],[-3.55911,42.12321],[-3.56248,42.1197],[-3.57299,42.12233],[-3.57383,42.12469],[-3.57792,42.12465],[-3.58169,42.12158],[-3.58587,42.11237],[-3.59978,42.11088],[-3.60209,42.11227],[-3.61545,42.10949],[-3.61496,42.1117],[-3.62078,42.1153],[-3.62213,42.12088],[-3.62785,42.12684],[-3.62737,42.1298],[-3.64781,42.12055],[-3.64594,42.11532],[-3.65365,42.11562],[-3.66685,42.10852],[-3.66615,42.10427],[-3.65945,42.10078],[-3.66571,42.0882],[-3.67343,42.08606],[-3.65983,42.08281],[-3.67314,42.07707],[-3.67313,42.07336],[-3.67708,42.06967],[-3.67789,42.06247],[-3.67713,42.06245]]]}},{"type":"Feature","properties":{"mun_code":"09360","mun_name":"San Vicente del Valle","mun_name_local":null,"prov_code":"09","prov_name":"Burgos","acom_code":"07","acom_name":"Castilla y León","geo_point_2d":{"lon":-3.167704597807158,"lat":42.35663206583823}},"geometry":{"type":"Polygon","coordinates":[[[-3.1971,42.37579],[-3.19603,42.37072],[-3.20266,42.36546],[-3.20113,42.36132],[-3.19567,42.35895],[-3.18755,42.35849],[-3.17988,42.36107],[-3.17315,42.35923],[-3.16725,42.35514],[-3.16142,42.35388],[-3.16301,42.35086],[-3.16817,42.34718],[-3.16852,42.33744],[-3.1642,42.33279],[-3.15856,42.33022],[-3.15823,42.32864],[-3.15424,42.33033],[-3.15099,42.32739],[-3.14663,42.33266],[-3.1402,42.33096],[-3.13317,42.33598],[-3.13526,42.33836],[-3.14129,42.33744],[-3.14271,42.34378],[-3.13985,42.34537],[-3.14056,42.3535],[-3.13935,42.35537],[-3.16203,42.36326],[-3.17513,42.37453],[-3.17785,42.37912],[-3.17654,42.38861],[-3.18135,42.38783],[-3.19428,42.37918],[-3.20055,42.38091],[-3.19754,42.37639],[-3.1971,42.37579]]]}},{"type":"Feature","properties":{"mun_code":"09172","mun_name":"Huérmeces","mun_name_local":null,"prov_code":"09","prov_name":"Burgos","acom_code":"07","acom_name":"Castilla y León","geo_point_2d":{"lon":-3.7897535127301367,"lat":42.54274250321465}},"geometry":{"type":"Polygon","coordinates":[[[-3.84851,42.54877],[-3.84764,42.53841],[-3.84384,42.53707],[-3.83834,42.53636],[-3.82966,42.53761],[-3.81392,42.53193],[-3.80023,42.53401],[-3.79694,42.53089],[-3.79559,42.5261],[-3.79177,42.52401],[-3.78995,42.51941],[-3.79098,42.50511],[-3.78484,42.5018],[-3.77348,42.49959],[-3.7645,42.50188],[-3.74706,42.50162],[-3.74101,42.5002],[-3.74203,42.51197],[-3.73813,42.51675],[-3.73737,42.5219],[-3.73868,42.52943],[-3.73756,42.53357],[-3.74106,42.54003],[-3.74918,42.54842],[-3.75512,42.55151],[-3.75898,42.55636],[-3.77445,42.56353],[-3.77727,42.56095],[-3.78587,42.56663],[-3.79719,42.58353],[-3.80305,42.58337],[-3.80633,42.58671],[-3.80972,42.58499],[-3.81745,42.58446],[-3.8241,42.58098],[-3.83577,42.58417],[-3.83978,42.56986],[-3.83635,42.56518],[-3.83735,42.55964],[-3.83489,42.55853],[-3.83831,42.55747],[-3.83953,42.55486],[-3.8479,42.54896],[-3.84851,42.54877]]]}},{"type":"Feature","properties":{"mun_code":"09413","mun_name":"Valle de Valdebezana","mun_name_local":null,"prov_code":"09","prov_name":"Burgos","acom_code":"07","acom_name":"Castilla y León","geo_point_2d":{"lon":-3.8233391743290714,"lat":42.969959481914394}},"geometry":{"type":"Polygon","coordinates":[[[-3.94502,43.00649],[-3.92911,42.99449],[-3.94,42.9828],[-3.94161,42.97646],[-3.93598,42.97591],[-3.93273,42.97367],[-3.92447,42.97263],[-3.91942,42.97036],[-3.91863,42.96553],[-3.9158,42.96136],[-3.9258,42.95391],[-3.92065,42.94936],[-3.91438,42.95164],[-3.90703,42.95186],[-3.90165,42.95036],[-3.89821,42.95167],[-3.89473,42.95145],[-3.89536,42.94886],[-3.89291,42.94725],[-3.8877,42.95103],[-3.88738,42.94877],[-3.87772,42.94779],[-3.87014,42.9497],[-3.86709,42.95483],[-3.84076,42.94065],[-3.83083,42.93838],[-3.81761,42.9283],[-3.80909,42.9277],[-3.80767,42.9245],[-3.80367,42.92241],[-3.80498,42.9145],[-3.79894,42.90743],[-3.79548,42.90642],[-3.79137,42.9095],[-3.78149,42.90875],[-3.77596,42.90083],[-3.77273,42.90047],[-3.77223,42.8987],[-3.76658,42.90067],[-3.76022,42.90963],[-3.75838,42.90645],[-3.75496,42.90722],[-3.75138,42.90016],[-3.75141,42.89662],[-3.74836,42.89617],[-3.74454,42.8976],[-3.74443,42.90129],[-3.73899,42.90924],[-3.7336,42.90945],[-3.73072,42.90644],[-3.72777,42.90618],[-3.72968,42.90931],[-3.72591,42.91103],[-3.72763,42.9132],[-3.7187,42.92088],[-3.71661,42.92784],[-3.701,42.92943],[-3.68908,42.93384],[-3.68828,42.94704],[-3.69109,42.94796],[-3.70886,42.9467],[-3.71549,42.94736],[-3.71783,42.94525],[-3.7364,42.94957],[-3.73731,42.9523],[-3.72991,42.96113],[-3.73138,42.96786],[-3.73862,42.97214],[-3.73958,42.97566],[-3.74713,42.97604],[-3.7462,42.97715],[-3.75507,42.98149],[-3.75676,42.98608],[-3.76957,42.99182],[-3.76931,42.99501],[-3.78389,42.99978],[-3.787,42.99976],[-3.78997,43.00403],[-3.79609,43.00814],[-3.79959,43.00795],[-3.80303,43.01006],[-3.80776,43.0059],[-3.8109,43.00774],[-3.81524,43.00725],[-3.81846,43.00918],[-3.82841,43.01132],[-3.83027,43.01378],[-3.83317,43.01462],[-3.83659,43.02141],[-3.85491,43.03461],[-3.85374,43.03802],[-3.85112,43.03909],[-3.85581,43.03933],[-3.86151,43.04341],[-3.86491,43.04224],[-3.86692,43.04383],[-3.87508,43.04368],[-3.87844,43.04157],[-3.89075,43.04183],[-3.89306,43.03559],[-3.90926,43.0161],[-3.9247,43.01035],[-3.94502,43.00649]]]}},{"type":"Feature","properties":{"mun_code":"09433","mun_name":"Villagalijo","mun_name_local":null,"prov_code":"09","prov_name":"Burgos","acom_code":"07","acom_name":"Castilla y León","geo_point_2d":{"lon":-3.195692626485612,"lat":42.348908437059116}},"geometry":{"type":"Polygon","coordinates":[[[-3.23978,42.35182],[-3.23521,42.35142],[-3.23141,42.35498],[-3.21592,42.35169],[-3.21041,42.34379],[-3.2086,42.33814],[-3.20376,42.3414],[-3.19601,42.33483],[-3.1929,42.33377],[-3.18904,42.33555],[-3.18554,42.32691],[-3.18052,42.32469],[-3.17199,42.31537],[-3.1714,42.31108],[-3.15967,42.30513],[-3.1586,42.31584],[-3.16031,42.32286],[-3.15788,42.32958],[-3.1642,42.33279],[-3.16852,42.33744],[-3.16817,42.34718],[-3.16301,42.35086],[-3.16142,42.35388],[-3.16725,42.35514],[-3.17315,42.35923],[-3.17988,42.36107],[-3.18755,42.35849],[-3.19567,42.35895],[-3.20113,42.36132],[-3.20266,42.36546],[-3.19603,42.37072],[-3.1971,42.37579],[-3.20092,42.37634],[-3.21193,42.38221],[-3.21257,42.37686],[-3.21767,42.37967],[-3.22924,42.3725],[-3.23196,42.36827],[-3.23613,42.36769],[-3.23906,42.36551],[-3.24455,42.35531],[-3.243,42.35258],[-3.24078,42.35204],[-3.23978,42.35182]]]}},{"type":"Feature","properties":{"mun_code":"09181","mun_name":"Isar","mun_name_local":null,"prov_code":"09","prov_name":"Burgos","acom_code":"07","acom_name":"Castilla y León","geo_point_2d":{"lon":-3.923033930791496,"lat":42.394540092513495}},"geometry":{"type":"Polygon","coordinates":[[[-3.97749,42.34464],[-3.97673,42.34314],[-3.95702,42.34758],[-3.9433,42.34747],[-3.93711,42.34987],[-3.9303,42.34988],[-3.92465,42.34598],[-3.91394,42.35108],[-3.90416,42.34951],[-3.90076,42.35091],[-3.89201,42.35015],[-3.88946,42.35212],[-3.88041,42.3782],[-3.86816,42.38356],[-3.86884,42.38786],[-3.86375,42.39541],[-3.86571,42.4087],[-3.87106,42.41304],[-3.87067,42.4141],[-3.87624,42.41344],[-3.88076,42.41489],[-3.88372,42.41395],[-3.88935,42.41505],[-3.8944,42.41399],[-3.89924,42.41558],[-3.90254,42.41374],[-3.91132,42.41642],[-3.90872,42.42164],[-3.90002,42.42661],[-3.8975,42.43137],[-3.89976,42.4351],[-3.89863,42.44263],[-3.90003,42.447],[-3.90625,42.45001],[-3.90992,42.45451],[-3.91367,42.45418],[-3.91502,42.45287],[-3.92293,42.45389],[-3.9329,42.44553],[-3.9375,42.44518],[-3.94147,42.44111],[-3.95033,42.43761],[-3.95082,42.43491],[-3.94815,42.43079],[-3.9494,42.42915],[-3.96013,42.42647],[-3.97127,42.42124],[-3.97557,42.41516],[-3.97203,42.40834],[-3.96394,42.40305],[-3.96523,42.39978],[-3.95998,42.38959],[-3.9416,42.39403],[-3.9371,42.3936],[-3.93435,42.39187],[-3.93001,42.39273],[-3.92643,42.396],[-3.91949,42.39761],[-3.9167,42.38171],[-3.90925,42.38007],[-3.91632,42.37703],[-3.92127,42.37872],[-3.92713,42.37782],[-3.93691,42.37222],[-3.95078,42.37302],[-3.9612,42.37182],[-3.9679,42.3748],[-3.9758,42.37217],[-3.97611,42.3675],[-3.981,42.3577],[-3.97807,42.34603],[-3.97749,42.34464]]]}},{"type":"Feature","properties":{"mun_code":"09220","mun_name":"Miraveche","mun_name_local":null,"prov_code":"09","prov_name":"Burgos","acom_code":"07","acom_name":"Castilla y León","geo_point_2d":{"lon":-3.190754975939489,"lat":42.67784417863612}},"geometry":{"type":"Polygon","coordinates":[[[-3.22108,42.66322],[-3.21966,42.66175],[-3.21564,42.66163],[-3.21319,42.65508],[-3.20189,42.6564],[-3.20032,42.65466],[-3.19436,42.65344],[-3.18444,42.65641],[-3.174,42.65038],[-3.16906,42.65776],[-3.16299,42.6612],[-3.16983,42.66677],[-3.16312,42.67347],[-3.15533,42.67549],[-3.15881,42.68116],[-3.15916,42.68905],[-3.16347,42.69853],[-3.1722,42.69564],[-3.17515,42.69105],[-3.17963,42.69129],[-3.18117,42.69179],[-3.18273,42.70183],[-3.18679,42.70519],[-3.20436,42.7045],[-3.20443,42.70044],[-3.20899,42.69837],[-3.20721,42.69704],[-3.2202,42.68702],[-3.2215,42.6819],[-3.22017,42.66562],[-3.22108,42.66322]]]}},{"type":"Feature","properties":{"mun_code":"09326","mun_name":"Rubena","mun_name_local":null,"prov_code":"09","prov_name":"Burgos","acom_code":"07","acom_name":"Castilla y León","geo_point_2d":{"lon":-3.576159880875821,"lat":42.39038655731681}},"geometry":{"type":"Polygon","coordinates":[[[-3.58663,42.40428],[-3.58547,42.39307],[-3.599,42.38502],[-3.6012,42.38123],[-3.58603,42.37225],[-3.58305,42.37331],[-3.57802,42.37224],[-3.57691,42.37059],[-3.56319,42.38163],[-3.56043,42.38568],[-3.55704,42.38715],[-3.5545,42.38679],[-3.5564,42.39082],[-3.55606,42.39584],[-3.55878,42.40091],[-3.56249,42.40201],[-3.56955,42.41137],[-3.57874,42.41176],[-3.5856,42.40467],[-3.58663,42.40428]]]}},{"type":"Feature","properties":{"mun_code":"09259","mun_name":"Pedrosa de Río Úrbel","mun_name_local":null,"prov_code":"09","prov_name":"Burgos","acom_code":"07","acom_name":"Castilla y León","geo_point_2d":{"lon":-3.8400546655686987,"lat":42.41898885013744}},"geometry":{"type":"Polygon","coordinates":[[[-3.90003,42.447],[-3.89863,42.44263],[-3.89976,42.4351],[-3.8975,42.43137],[-3.90002,42.42661],[-3.90872,42.42164],[-3.91132,42.41642],[-3.90254,42.41374],[-3.89924,42.41558],[-3.8944,42.41399],[-3.88935,42.41505],[-3.88372,42.41395],[-3.88076,42.41489],[-3.87624,42.41344],[-3.87067,42.4141],[-3.87106,42.41304],[-3.86571,42.4087],[-3.86425,42.39556],[-3.8558,42.39286],[-3.84242,42.39018],[-3.83088,42.39031],[-3.82888,42.38867],[-3.82522,42.39869],[-3.81085,42.39651],[-3.81439,42.38212],[-3.80537,42.37925],[-3.8004,42.38638],[-3.79273,42.39201],[-3.77072,42.40471],[-3.76516,42.40603],[-3.77002,42.41054],[-3.77051,42.41747],[-3.77467,42.41667],[-3.78061,42.41861],[-3.78502,42.41851],[-3.78775,42.42171],[-3.80065,42.42801],[-3.80198,42.43116],[-3.80843,42.43197],[-3.81204,42.43455],[-3.82179,42.43463],[-3.82296,42.43682],[-3.8299,42.44072],[-3.84155,42.44146],[-3.84146,42.44402],[-3.84612,42.44758],[-3.84492,42.44967],[-3.84677,42.45309],[-3.85215,42.45324],[-3.86136,42.44755],[-3.86149,42.44968],[-3.86247,42.4489],[-3.86363,42.45099],[-3.88579,42.45129],[-3.90003,42.447]]]}},{"type":"Feature","properties":{"mun_code":"09373","mun_name":"Sotresgudo","mun_name_local":null,"prov_code":"09","prov_name":"Burgos","acom_code":"07","acom_name":"Castilla y León","geo_point_2d":{"lon":-4.200977901906146,"lat":42.59440384078969}},"geometry":{"type":"Polygon","coordinates":[[[-4.2926,42.60596],[-4.29446,42.60294],[-4.28875,42.59842],[-4.28793,42.59329],[-4.28531,42.59136],[-4.28615,42.5893],[-4.28244,42.58669],[-4.28606,42.58392],[-4.28544,42.58198],[-4.28132,42.58134],[-4.27508,42.58313],[-4.26596,42.57992],[-4.25784,42.57514],[-4.25384,42.56844],[-4.2517,42.56818],[-4.24296,42.56147],[-4.23987,42.56122],[-4.23629,42.54991],[-4.23834,42.54203],[-4.2379,42.53386],[-4.23427,42.53332],[-4.22701,42.5273],[-4.22315,42.52626],[-4.22021,42.52185],[-4.21571,42.52184],[-4.2157,42.51593],[-4.21453,42.51529],[-4.2107,42.51748],[-4.2079,42.51223],[-4.20296,42.51341],[-4.19949,42.50906],[-4.19017,42.50629],[-4.17742,42.49216],[-4.16996,42.4909],[-4.16132,42.49231],[-4.16169,42.49378],[-4.1522,42.49956],[-4.14581,42.51982],[-4.14891,42.5208],[-4.14985,42.52504],[-4.14643,42.53994],[-4.155,42.54706],[-4.14304,42.58037],[-4.1444,42.57994],[-4.14573,42.58345],[-4.14269,42.5906],[-4.14363,42.59291],[-4.13696,42.59923],[-4.13648,42.60547],[-4.13318,42.60773],[-4.12884,42.61637],[-4.11781,42.6251],[-4.11771,42.62689],[-4.12412,42.63316],[-4.12443,42.63511],[-4.12283,42.63665],[-4.12221,42.6423],[-4.12053,42.64187],[-4.11788,42.64429],[-4.11136,42.64553],[-4.11301,42.64794],[-4.13106,42.64607],[-4.13497,42.64713],[-4.14268,42.65303],[-4.13818,42.65731],[-4.14177,42.65798],[-4.1445,42.66193],[-4.1508,42.65951],[-4.15913,42.65935],[-4.16668,42.66446],[-4.16681,42.66658],[-4.17602,42.66516],[-4.18145,42.66633],[-4.18819,42.66537],[-4.19002,42.66656],[-4.19143,42.6654],[-4.1955,42.66626],[-4.19949,42.66477],[-4.20173,42.66569],[-4.21168,42.65717],[-4.21473,42.6517],[-4.21913,42.6527],[-4.23207,42.66086],[-4.24083,42.66421],[-4.24377,42.669],[-4.24964,42.67169],[-4.25206,42.67218],[-4.2507,42.67023],[-4.25709,42.67135],[-4.25965,42.66976],[-4.26849,42.67411],[-4.27263,42.67266],[-4.27603,42.67307],[-4.27583,42.66685],[-4.27294,42.66203],[-4.27406,42.66002],[-4.27175,42.657],[-4.2773,42.65223],[-4.27425,42.6527],[-4.27328,42.6454],[-4.27719,42.64327],[-4.27427,42.63678],[-4.27079,42.63572],[-4.26752,42.63181],[-4.27051,42.62333],[-4.26387,42.61796],[-4.27392,42.61695],[-4.28247,42.60973],[-4.2849,42.60981],[-4.28618,42.60759],[-4.29041,42.60682],[-4.2926,42.60596]]]}},{"type":"Feature","properties":{"mun_code":"09198","mun_name":"Mahamud","mun_name_local":null,"prov_code":"09","prov_name":"Burgos","acom_code":"07","acom_name":"Castilla y León","geo_point_2d":{"lon":-3.9122855306761952,"lat":42.13049758481694}},"geometry":{"type":"Polygon","coordinates":[[[-3.95349,42.09172],[-3.90827,42.11201],[-3.90207,42.11384],[-3.89552,42.11143],[-3.89407,42.1176],[-3.89511,42.11996],[-3.88634,42.12729],[-3.87073,42.12963],[-3.84645,42.14062],[-3.861,42.1442],[-3.87081,42.14055],[-3.87065,42.14466],[-3.8739,42.14599],[-3.8771,42.16083],[-3.8816,42.16553],[-3.88016,42.17079],[-3.8852,42.17119],[-3.88535,42.16681],[-3.88961,42.16431],[-3.89674,42.16348],[-3.90279,42.16078],[-3.90726,42.1636],[-3.91392,42.14822],[-3.9377,42.14244],[-3.94429,42.13573],[-3.95491,42.12252],[-3.96189,42.10193],[-3.9611,42.09861],[-3.95392,42.0932],[-3.95349,42.09172]]]}},{"type":"Feature","properties":{"mun_code":"09478","mun_name":"Vizcaínos","mun_name_local":null,"prov_code":"09","prov_name":"Burgos","acom_code":"07","acom_name":"Castilla y León","geo_point_2d":{"lon":-3.274263409287695,"lat":42.105903487760045}},"geometry":{"type":"Polygon","coordinates":[[[-3.30407,42.09783],[-3.29843,42.09715],[-3.29637,42.08853],[-3.29147,42.08272],[-3.28712,42.08397],[-3.28057,42.08698],[-3.27982,42.08976],[-3.27489,42.09433],[-3.2664,42.09484],[-3.26701,42.09886],[-3.26516,42.10142],[-3.26134,42.09896],[-3.25591,42.10025],[-3.25259,42.09847],[-3.24916,42.0998],[-3.24594,42.09938],[-3.24927,42.1057],[-3.2497,42.11485],[-3.25128,42.11385],[-3.26767,42.12752],[-3.27573,42.12963],[-3.28226,42.1167],[-3.29567,42.10182],[-3.29878,42.1016],[-3.30291,42.09902],[-3.30407,42.09783]]]}},{"type":"Feature","properties":{"mun_code":"53023","mun_name":"Comunidad de Cilleruelo de Arriba y Pineda Trasmonte","mun_name_local":null,"prov_code":"09","prov_name":"Burgos","acom_code":"07","acom_name":"Castilla y León","geo_point_2d":{"lon":-3.6757792340563036,"lat":41.89731697379384}},"geometry":{"type":"Polygon","coordinates":[[[-3.67572,41.90302],[-3.68211,41.89381],[-3.68105,41.89266],[-3.66817,41.89625],[-3.67274,41.89855],[-3.67144,41.90237],[-3.67506,41.90298],[-3.67572,41.90302]]]}},{"type":"Feature","properties":{"mun_code":"09219","mun_name":"Miranda de Ebro","mun_name_local":null,"prov_code":"09","prov_name":"Burgos","acom_code":"07","acom_name":"Castilla y León","geo_point_2d":{"lon":-2.9636552993873897,"lat":42.67305734063831}},"geometry":{"type":"MultiPolygon","coordinates":[[[[-2.98522,42.61422],[-2.99452,42.61549],[-2.99409,42.61045],[-2.99938,42.60095],[-2.98625,42.60705],[-2.98577,42.60985],[-2.98286,42.6108],[-2.98455,42.61308],[-2.98522,42.61422]]],[[[-2.94701,42.70965],[-2.95635,42.7104],[-2.96341,42.70815],[-2.97447,42.70838],[-2.9806,42.70348],[-2.987,42.70903],[-2.98875,42.71895],[-2.99536,42.72171],[-3.00651,42.72269],[-3.0095,42.72498],[-3.01101,42.72797],[-3.00678,42.72963],[-3.00538,42.7328],[-3.01327,42.73255],[-3.01611,42.73356],[-3.01666,42.74101],[-3.03356,42.73683],[-3.04076,42.73849],[-3.04313,42.73561],[-3.04271,42.7322],[-3.03203,42.72012],[-3.02857,42.71309],[-3.02503,42.70943],[-3.01329,42.70481],[-3.02955,42.70718],[-3.04173,42.70479],[-3.05206,42.69925],[-3.05559,42.68977],[-3.05325,42.67588],[-3.04114,42.6775],[-3.03235,42.67583],[-3.02991,42.67357],[-3.02442,42.67482],[-3.02149,42.67791],[-3.01984,42.6772],[-3.01375,42.67125],[-3.00969,42.67086],[-3.00842,42.66877],[-3.00808,42.66048],[-3.00526,42.65722],[-3.00637,42.65279],[-3.00394,42.65173],[-3.00476,42.64426],[-2.99723,42.64214],[-2.98995,42.64233],[-2.98596,42.63633],[-2.98003,42.63532],[-2.97588,42.63916],[-2.97039,42.6411],[-2.95264,42.63856],[-2.94645,42.63932],[-2.93347,42.6345],[-2.92584,42.62517],[-2.92605,42.62305],[-2.92049,42.62046],[-2.91601,42.61952],[-2.90444,42.62016],[-2.90446,42.62649],[-2.89275,42.62771],[-2.89048,42.62573],[-2.894,42.62133],[-2.88214,42.62072],[-2.88322,42.62503],[-2.87629,42.631],[-2.86408,42.63326],[-2.85807,42.63838],[-2.8704,42.63889],[-2.87479,42.64305],[-2.88927,42.64876],[-2.89115,42.6514],[-2.89651,42.65419],[-2.90017,42.6673],[-2.89657,42.66896],[-2.89952,42.67288],[-2.89505,42.67931],[-2.89804,42.68231],[-2.9014,42.68258],[-2.90378,42.68643],[-2.9025,42.6936],[-2.91763,42.69753],[-2.92166,42.70119],[-2.93032,42.69967],[-2.92803,42.70476],[-2.93021,42.70803],[-2.94044,42.70879],[-2.94701,42.70965]]],[[[-2.92974,42.61122],[-2.9345,42.61408],[-2.94026,42.60728],[-2.94521,42.60389],[-2.94279,42.59798],[-2.93918,42.59429],[-2.92766,42.59614],[-2.92263,42.60083],[-2.92956,42.60625],[-2.92955,42.61069],[-2.92974,42.61122]]]]}},{"type":"Feature","properties":{"mun_code":"09485","mun_name":"Zuñeda","mun_name_local":null,"prov_code":"09","prov_name":"Burgos","acom_code":"07","acom_name":"Castilla y León","geo_point_2d":{"lon":-3.2238638104285293,"lat":42.60358123843476}},"geometry":{"type":"Polygon","coordinates":[[[-3.2445,42.6088],[-3.25025,42.60276],[-3.25073,42.5999],[-3.24139,42.58649],[-3.23173,42.58537],[-3.22865,42.58676],[-3.2267,42.58358],[-3.21919,42.58788],[-3.21738,42.58752],[-3.21395,42.59491],[-3.19872,42.60315],[-3.19337,42.60391],[-3.19042,42.60706],[-3.1956,42.6116],[-3.19601,42.61561],[-3.19426,42.61624],[-3.2011,42.61507],[-3.22033,42.62003],[-3.24123,42.61603],[-3.2445,42.6088]]]}},{"type":"Feature","properties":{"mun_code":"53005","mun_name":"Comunidad de Los Ausines y Revilla del Campo","mun_name_local":null,"prov_code":"09","prov_name":"Burgos","acom_code":"07","acom_name":"Castilla y León","geo_point_2d":{"lon":-3.5720886317484513,"lat":42.17792142120002}},"geometry":{"type":"Polygon","coordinates":[[[-3.58066,42.18069],[-3.57176,42.17399],[-3.5657,42.18064],[-3.56697,42.18132],[-3.57192,42.17947],[-3.57982,42.18061],[-3.58066,42.18069]]]}},{"type":"Feature","properties":{"mun_code":"09448","mun_name":"Villangómez","mun_name_local":null,"prov_code":"09","prov_name":"Burgos","acom_code":"07","acom_name":"Castilla y León","geo_point_2d":{"lon":-3.779545269392901,"lat":42.18226547635666}},"geometry":{"type":"Polygon","coordinates":[[[-3.81653,42.20115],[-3.81327,42.19825],[-3.81468,42.19744],[-3.81902,42.17613],[-3.81523,42.17058],[-3.80717,42.16569],[-3.7952,42.14848],[-3.78516,42.14545],[-3.78225,42.14798],[-3.76834,42.13947],[-3.75694,42.14046],[-3.7618,42.15328],[-3.75725,42.16143],[-3.75751,42.16395],[-3.76249,42.16688],[-3.75105,42.17869],[-3.75755,42.18621],[-3.7519,42.18807],[-3.75383,42.18608],[-3.747,42.17885],[-3.74312,42.17939],[-3.73763,42.17482],[-3.73247,42.1742],[-3.73041,42.17659],[-3.73095,42.18285],[-3.73589,42.18644],[-3.73718,42.19475],[-3.74852,42.20025],[-3.74739,42.20423],[-3.74586,42.20431],[-3.76161,42.21006],[-3.76322,42.21238],[-3.76005,42.21837],[-3.77388,42.21231],[-3.77973,42.21462],[-3.78549,42.21408],[-3.79168,42.21528],[-3.80591,42.21275],[-3.81338,42.20659],[-3.8159,42.2025],[-3.81653,42.20115]]]}},{"type":"Feature","properties":{"mun_code":"09176","mun_name":"Hurones","mun_name_local":null,"prov_code":"09","prov_name":"Burgos","acom_code":"07","acom_name":"Castilla y León","geo_point_2d":{"lon":-3.606935725099001,"lat":42.409413303655}},"geometry":{"type":"Polygon","coordinates":[[[-3.63424,42.41666],[-3.62878,42.41328],[-3.62557,42.40875],[-3.62389,42.4051],[-3.62546,42.40085],[-3.62459,42.39778],[-3.61995,42.39474],[-3.61735,42.39461],[-3.61506,42.39189],[-3.59812,42.40299],[-3.5856,42.40467],[-3.57956,42.41042],[-3.58545,42.42013],[-3.59036,42.41915],[-3.59831,42.42004],[-3.6013,42.41803],[-3.60573,42.41805],[-3.61696,42.42188],[-3.61928,42.42022],[-3.62447,42.41994],[-3.62589,42.41797],[-3.63235,42.41699],[-3.63424,42.41666]]]}},{"type":"Feature","properties":{"mun_code":"09143","mun_name":"Galbarros","mun_name_local":null,"prov_code":"09","prov_name":"Burgos","acom_code":"07","acom_name":"Castilla y León","geo_point_2d":{"lon":-3.4513643631927047,"lat":42.520925548237805}},"geometry":{"type":"Polygon","coordinates":[[[-3.51944,42.49259],[-3.51405,42.48416],[-3.50588,42.49053],[-3.49211,42.49439],[-3.47998,42.49958],[-3.47664,42.49263],[-3.45805,42.49876],[-3.46237,42.50468],[-3.45595,42.50564],[-3.45411,42.50222],[-3.43487,42.50246],[-3.42664,42.50558],[-3.42054,42.51048],[-3.41746,42.50713],[-3.41306,42.50543],[-3.40694,42.51772],[-3.41294,42.51752],[-3.41777,42.52009],[-3.41239,42.52579],[-3.41097,42.53077],[-3.40807,42.53404],[-3.40777,42.53909],[-3.41785,42.55078],[-3.41867,42.55518],[-3.4214,42.55769],[-3.43027,42.55692],[-3.43354,42.55374],[-3.4423,42.5549],[-3.44825,42.54936],[-3.44993,42.54528],[-3.45739,42.54525],[-3.45957,42.54282],[-3.45739,42.5385],[-3.46439,42.5314],[-3.46248,42.53137],[-3.47424,42.52472],[-3.51818,42.4934],[-3.51944,42.49259]]]}},{"type":"Feature","properties":{"mun_code":"53016","mun_name":"Monte Revenga","mun_name_local":null,"prov_code":"09","prov_name":"Burgos","acom_code":"07","acom_name":"Castilla y León","geo_point_2d":{"lon":-3.011596641392267,"lat":41.962489357671515}},"geometry":{"type":"Polygon","coordinates":[[[-3.02841,41.957],[-3.02307,41.95239],[-3.00733,41.95212],[-3.00674,41.95393],[-2.99716,41.95955],[-2.99671,41.96737],[-3.01083,41.9753],[-3.02139,41.96926],[-3.02379,41.9601],[-3.02763,41.95715],[-3.02841,41.957]]]}},{"type":"Feature","properties":{"mun_code":"09189","mun_name":"Junta de Traslaloma","mun_name_local":null,"prov_code":"09","prov_name":"Burgos","acom_code":"07","acom_name":"Castilla y León","geo_point_2d":{"lon":-3.406612279750783,"lat":43.03879031227547}},"geometry":{"type":"Polygon","coordinates":[[[-3.42776,43.07778],[-3.44567,43.07137],[-3.44782,43.06896],[-3.44707,43.06627],[-3.45273,43.06469],[-3.47248,43.04987],[-3.46794,43.04664],[-3.47514,43.04352],[-3.47584,43.03939],[-3.47361,43.03209],[-3.47053,43.02759],[-3.46517,43.028],[-3.46368,43.02654],[-3.46549,43.02007],[-3.46752,43.01872],[-3.46597,43.01843],[-3.4667,43.01592],[-3.47279,43.0106],[-3.47356,43.00767],[-3.46942,43.00714],[-3.46626,43.00403],[-3.4611,43.0037],[-3.44956,43.00756],[-3.44852,43.01179],[-3.44542,43.01512],[-3.44141,43.01413],[-3.44693,43.00656],[-3.43962,42.99748],[-3.4333,42.99892],[-3.42776,42.99013],[-3.41882,42.99826],[-3.41644,43.00385],[-3.42099,43.01185],[-3.42294,43.01196],[-3.42805,43.01709],[-3.42192,43.02525],[-3.42172,43.02918],[-3.41238,43.02987],[-3.41191,43.02204],[-3.4073,43.01856],[-3.41285,43.00863],[-3.40673,43.01185],[-3.4051,43.00727],[-3.3914,43.00628],[-3.38805,43.0105],[-3.38334,43.00977],[-3.38216,43.00933],[-3.38323,43.00083],[-3.36629,42.99867],[-3.36126,42.9991],[-3.3582,43.0022],[-3.35465,43.00073],[-3.34606,43.00572],[-3.34164,43.00547],[-3.33853,43.01003],[-3.34331,43.0247],[-3.34695,43.02911],[-3.35177,43.04039],[-3.35642,43.04133],[-3.34416,43.05508],[-3.35546,43.05905],[-3.36512,43.06544],[-3.36346,43.06781],[-3.36571,43.07065],[-3.36386,43.07331],[-3.36818,43.07607],[-3.36863,43.07836],[-3.36681,43.08175],[-3.37862,43.08309],[-3.3898,43.08087],[-3.40249,43.08094],[-3.41569,43.07844],[-3.42137,43.08031],[-3.42704,43.07819],[-3.42776,43.07778]]]}},{"type":"Feature","properties":{"mun_code":"09200","mun_name":"Mambrillas de Lara","mun_name_local":null,"prov_code":"09","prov_name":"Burgos","acom_code":"07","acom_name":"Castilla y León","geo_point_2d":{"lon":-3.49097186181969,"lat":42.112163705827214}},"geometry":{"type":"Polygon","coordinates":[[[-3.55139,42.13598],[-3.55117,42.13],[-3.55259,42.12785],[-3.54385,42.12396],[-3.53335,42.12586],[-3.52908,42.12341],[-3.52372,42.12602],[-3.50054,42.11991],[-3.51277,42.1091],[-3.51753,42.10182],[-3.5104,42.09624],[-3.50412,42.09636],[-3.49782,42.09338],[-3.49645,42.0852],[-3.50105,42.07833],[-3.48275,42.07868],[-3.46666,42.07108],[-3.4613,42.07174],[-3.46055,42.0802],[-3.44469,42.08994],[-3.43874,42.10023],[-3.45431,42.10734],[-3.46031,42.10674],[-3.46446,42.10466],[-3.47539,42.11136],[-3.47962,42.11133],[-3.46301,42.12726],[-3.49772,42.14457],[-3.49813,42.14648],[-3.51771,42.15027],[-3.52359,42.14981],[-3.52258,42.14653],[-3.52752,42.14414],[-3.52636,42.14113],[-3.52164,42.13947],[-3.5332,42.13999],[-3.54468,42.1345],[-3.54988,42.13564],[-3.55139,42.13598]]]}},{"type":"Feature","properties":{"mun_code":"53046","mun_name":"Comunidad de Merindad de Río Ubierna, Quintanilla Vivar y Sotragero","mun_name_local":null,"prov_code":"09","prov_name":"Burgos","acom_code":"07","acom_name":"Castilla y León","geo_point_2d":{"lon":-3.6969108004477316,"lat":42.42697690329301}},"geometry":{"type":"Polygon","coordinates":[[[-3.70261,42.42226],[-3.70106,42.42166],[-3.69411,42.42606],[-3.69041,42.43022],[-3.6972,42.43056],[-3.70068,42.42781],[-3.69993,42.42481],[-3.70261,42.42226]]]}},{"type":"Feature","properties":{"mun_code":"09070","mun_name":"Carazo","mun_name_local":null,"prov_code":"09","prov_name":"Burgos","acom_code":"07","acom_name":"Castilla y León","geo_point_2d":{"lon":-3.3533497542804676,"lat":41.96164472772763}},"geometry":{"type":"Polygon","coordinates":[[[-3.37616,41.99104],[-3.39317,41.97585],[-3.37211,41.96525],[-3.37568,41.96265],[-3.37507,41.96069],[-3.37781,41.95682],[-3.38117,41.95498],[-3.37569,41.93568],[-3.34446,41.93916],[-3.33875,41.94272],[-3.3306,41.94181],[-3.31857,41.95088],[-3.30681,41.95663],[-3.31988,41.97224],[-3.32405,41.96906],[-3.32237,41.96728],[-3.32358,41.96556],[-3.32615,41.96796],[-3.33722,41.96833],[-3.34436,41.97077],[-3.34261,41.97588],[-3.34586,41.97712],[-3.34334,41.97997],[-3.34334,41.98235],[-3.34521,41.98354],[-3.37555,41.99109],[-3.37616,41.99104]]]}},{"type":"Feature","properties":{"mun_code":"09375","mun_name":"Tamarón","mun_name_local":null,"prov_code":"09","prov_name":"Burgos","acom_code":"07","acom_name":"Castilla y León","geo_point_2d":{"lon":-3.9945358547991385,"lat":42.27277678157907}},"geometry":{"type":"Polygon","coordinates":[[[-4.03278,42.27129],[-4.02767,42.26459],[-4.01848,42.26034],[-4.01216,42.25941],[-4.00474,42.25566],[-4.00092,42.25652],[-3.99076,42.25534],[-3.98755,42.25574],[-3.97668,42.26447],[-3.96634,42.26576],[-3.96675,42.26679],[-3.96088,42.27007],[-3.95777,42.2782],[-3.96078,42.28439],[-3.96497,42.28828],[-3.97632,42.28547],[-3.99802,42.28818],[-4.01643,42.28292],[-4.02676,42.27827],[-4.03142,42.27327],[-4.03278,42.27129]]]}},{"type":"Feature","properties":{"mun_code":"09201","mun_name":"Mamolar","mun_name_local":null,"prov_code":"09","prov_name":"Burgos","acom_code":"07","acom_name":"Castilla y León","geo_point_2d":{"lon":-3.355381892381884,"lat":41.91967372276059}},"geometry":{"type":"Polygon","coordinates":[[[-3.38947,41.91165],[-3.37919,41.90608],[-3.36173,41.90616],[-3.35038,41.90127],[-3.34812,41.89573],[-3.34062,41.89233],[-3.33416,41.89104],[-3.33331,41.9175],[-3.32672,41.93376],[-3.3306,41.94181],[-3.33875,41.94272],[-3.34446,41.93916],[-3.37569,41.93568],[-3.38138,41.93189],[-3.38984,41.91988],[-3.38971,41.9168],[-3.38947,41.91165]]]}},{"type":"Feature","properties":{"mun_code":"09454","mun_name":"Villanueva de Teba","mun_name_local":null,"prov_code":"09","prov_name":"Burgos","acom_code":"07","acom_name":"Castilla y León","geo_point_2d":{"lon":-3.1625952789632565,"lat":42.647959168235815}},"geometry":{"type":"Polygon","coordinates":[[[-3.174,42.65038],[-3.17051,42.64463],[-3.16909,42.63782],[-3.17038,42.63214],[-3.16839,42.62757],[-3.16367,42.62131],[-3.15664,42.62078],[-3.1546,42.62239],[-3.15482,42.62858],[-3.16032,42.63467],[-3.15444,42.65093],[-3.15461,42.65812],[-3.15633,42.66033],[-3.15533,42.67549],[-3.16312,42.67347],[-3.16983,42.66677],[-3.16299,42.6612],[-3.16906,42.65776],[-3.17268,42.65146],[-3.174,42.65038]]]}},{"type":"Feature","properties":{"mun_code":"09120","mun_name":"Encío","mun_name_local":null,"prov_code":"09","prov_name":"Burgos","acom_code":"07","acom_name":"Castilla y León","geo_point_2d":{"lon":-3.1077431239390587,"lat":42.684065159199534}},"geometry":{"type":"Polygon","coordinates":[[[-3.13227,42.70272],[-3.1361,42.70227],[-3.13812,42.69836],[-3.14607,42.70057],[-3.14975,42.69993],[-3.15877,42.691],[-3.15772,42.68049],[-3.15352,42.67867],[-3.14945,42.67861],[-3.14413,42.6733],[-3.1413,42.67546],[-3.1318,42.67158],[-3.12114,42.67652],[-3.10835,42.67503],[-3.10415,42.67264],[-3.101,42.67309],[-3.10033,42.67148],[-3.09571,42.66936],[-3.0844,42.66831],[-3.07922,42.65751],[-3.07857,42.66421],[-3.07679,42.665],[-3.07434,42.67091],[-3.06267,42.67643],[-3.05577,42.67746],[-3.05892,42.68163],[-3.05828,42.68476],[-3.06151,42.69759],[-3.07015,42.69822],[-3.07544,42.69721],[-3.0767,42.69558],[-3.08155,42.69516],[-3.0944,42.68616],[-3.09268,42.6817],[-3.08533,42.6768],[-3.10384,42.67997],[-3.1073,42.68234],[-3.11463,42.69226],[-3.13227,42.70272]]]}},{"type":"Feature","properties":{"mun_code":"09347","mun_name":"Santa Gadea del Cid","mun_name_local":null,"prov_code":"09","prov_name":"Burgos","acom_code":"07","acom_name":"Castilla y León","geo_point_2d":{"lon":-3.0745736136649064,"lat":42.70842344209981}},"geometry":{"type":"Polygon","coordinates":[[[-3.13227,42.70272],[-3.11463,42.69226],[-3.1073,42.68234],[-3.10384,42.67997],[-3.08533,42.6768],[-3.09268,42.6817],[-3.0944,42.68616],[-3.08649,42.69261],[-3.08155,42.69516],[-3.0767,42.69558],[-3.07544,42.69721],[-3.0696,42.69825],[-3.06075,42.69738],[-3.05892,42.68163],[-3.05577,42.67746],[-3.06267,42.67643],[-3.07486,42.67035],[-3.0546,42.6759],[-3.02764,42.66719],[-3.02647,42.66781],[-3.02442,42.67482],[-3.02991,42.67357],[-3.03235,42.67583],[-3.04187,42.67757],[-3.05325,42.67588],[-3.05559,42.68977],[-3.05206,42.69925],[-3.04173,42.70479],[-3.02955,42.70718],[-3.01329,42.70481],[-3.02623,42.71036],[-3.03203,42.72012],[-3.04271,42.7322],[-3.04313,42.73561],[-3.04076,42.73849],[-3.04279,42.74335],[-3.04852,42.74863],[-3.04994,42.75531],[-3.04928,42.75837],[-3.04669,42.76031],[-3.04804,42.76536],[-3.06037,42.76185],[-3.05065,42.74847],[-3.0492,42.74307],[-3.05087,42.73667],[-3.05406,42.73341],[-3.06976,42.72859],[-3.07024,42.72704],[-3.07308,42.72778],[-3.07391,42.72126],[-3.07946,42.71441],[-3.0951,42.71024],[-3.11667,42.71358],[-3.12262,42.71879],[-3.132,42.71987],[-3.13371,42.7188],[-3.13259,42.71563],[-3.13487,42.70434],[-3.13227,42.70272]]]}},{"type":"Feature","properties":{"mun_code":"09137","mun_name":"Fuentelcésped","mun_name_local":null,"prov_code":"09","prov_name":"Burgos","acom_code":"07","acom_name":"Castilla y León","geo_point_2d":{"lon":-3.6389178308473658,"lat":41.599576838994864}},"geometry":{"type":"Polygon","coordinates":[[[-3.6639,41.61125],[-3.67185,41.60461],[-3.66684,41.59303],[-3.66265,41.58852],[-3.65958,41.58163],[-3.64889,41.57634],[-3.64525,41.5721],[-3.62612,41.57001],[-3.61524,41.57845],[-3.61825,41.58768],[-3.61644,41.59217],[-3.61737,41.59742],[-3.612,41.61071],[-3.6176,41.6129],[-3.61084,41.62197],[-3.61068,41.62464],[-3.61433,41.62608],[-3.6261,41.62631],[-3.62474,41.62372],[-3.63608,41.62299],[-3.63694,41.62463],[-3.65249,41.62546],[-3.65481,41.62221],[-3.66111,41.62085],[-3.65664,41.61639],[-3.65992,41.61394],[-3.6639,41.61125]]]}},{"type":"Feature","properties":{"mun_code":"09058","mun_name":"Buniel","mun_name_local":null,"prov_code":"09","prov_name":"Burgos","acom_code":"07","acom_name":"Castilla y León","geo_point_2d":{"lon":-3.805523137456216,"lat":42.310726188061096}},"geometry":{"type":"Polygon","coordinates":[[[-3.83455,42.29473],[-3.81727,42.29645],[-3.81654,42.29456],[-3.81281,42.29297],[-3.80933,42.29609],[-3.77173,42.30536],[-3.76913,42.30815],[-3.77374,42.31213],[-3.77877,42.32235],[-3.79152,42.32413],[-3.7916,42.32272],[-3.79548,42.32035],[-3.79942,42.32301],[-3.80065,42.32182],[-3.80604,42.32148],[-3.80936,42.32451],[-3.81203,42.32376],[-3.81548,42.32556],[-3.81782,42.32873],[-3.82262,42.32869],[-3.82323,42.32627],[-3.82961,42.32531],[-3.82822,42.31829],[-3.83138,42.30929],[-3.83448,42.30783],[-3.83431,42.30254],[-3.831,42.30057],[-3.83024,42.29723],[-3.83371,42.29519],[-3.83455,42.29473]]]}},{"type":"Feature","properties":{"mun_code":"09389","mun_name":"Torrepadre","mun_name_local":null,"prov_code":"09","prov_name":"Burgos","acom_code":"07","acom_name":"Castilla y León","geo_point_2d":{"lon":-3.977857091998131,"lat":42.049567284261364}},"geometry":{"type":"Polygon","coordinates":[[[-4.04588,42.05081],[-4.03925,42.05335],[-4.03169,42.04948],[-4.0109,42.05152],[-3.99963,42.04892],[-3.99631,42.04497],[-3.98874,42.04673],[-3.9821,42.05128],[-3.98018,42.04305],[-3.97624,42.04095],[-3.96801,42.02924],[-3.9612,42.02415],[-3.95483,42.02163],[-3.95201,42.02289],[-3.92824,42.0196],[-3.92764,42.02819],[-3.92268,42.03696],[-3.92309,42.04331],[-3.93152,42.05319],[-3.94825,42.05792],[-3.95559,42.06224],[-3.95932,42.06845],[-3.96816,42.0662],[-3.98484,42.05633],[-3.98825,42.06026],[-3.99316,42.06049],[-4.00221,42.06414],[-4.006,42.06722],[-4.00497,42.0689],[-4.0076,42.0742],[-4.01716,42.07223],[-4.02488,42.07666],[-4.0263,42.07498],[-4.03453,42.07436],[-4.04174,42.07122],[-4.04614,42.0643],[-4.04474,42.06244],[-4.04787,42.05228],[-4.04656,42.05096],[-4.04588,42.05081]]]}},{"type":"Feature","properties":{"mun_code":"09388","mun_name":"Torrelara","mun_name_local":null,"prov_code":"09","prov_name":"Burgos","acom_code":"07","acom_name":"Castilla y León","geo_point_2d":{"lon":-3.5083859948954195,"lat":42.16868798192641}},"geometry":{"type":"Polygon","coordinates":[[[-3.53241,42.15651],[-3.52388,42.15219],[-3.52359,42.14981],[-3.51771,42.15027],[-3.49813,42.14648],[-3.49626,42.15704],[-3.48531,42.17051],[-3.4831,42.17095],[-3.4934,42.17605],[-3.49363,42.17849],[-3.49843,42.18388],[-3.49555,42.18922],[-3.49075,42.19366],[-3.48216,42.19769],[-3.48184,42.20077],[-3.48476,42.20011],[-3.48903,42.19609],[-3.49236,42.19628],[-3.50106,42.19361],[-3.5131,42.18623],[-3.53199,42.16489],[-3.53459,42.16087],[-3.53404,42.15779],[-3.53241,42.15651]]]}},{"type":"Feature","properties":{"mun_code":"09224","mun_name":"Monasterio de Rodilla","mun_name_local":null,"prov_code":"09","prov_name":"Burgos","acom_code":"07","acom_name":"Castilla y León","geo_point_2d":{"lon":-3.4918278561167675,"lat":42.46221720793412}},"geometry":{"type":"Polygon","coordinates":[[[-3.52737,42.49043],[-3.5317,42.47217],[-3.52899,42.46796],[-3.52055,42.47056],[-3.51764,42.46902],[-3.53005,42.43882],[-3.5278,42.43161],[-3.50195,42.42951],[-3.48621,42.43688],[-3.47536,42.43637],[-3.46774,42.44004],[-3.45524,42.44244],[-3.45312,42.4508],[-3.44637,42.45342],[-3.44743,42.4582],[-3.44414,42.46243],[-3.47664,42.49263],[-3.47998,42.49958],[-3.49211,42.49439],[-3.50588,42.49053],[-3.51405,42.48416],[-3.51944,42.49259],[-3.52616,42.49003],[-3.52737,42.49043]]]}},{"type":"Feature","properties":{"mun_code":"09258","mun_name":"Pedrosa del Príncipe","mun_name_local":null,"prov_code":"09","prov_name":"Burgos","acom_code":"07","acom_name":"Castilla y León","geo_point_2d":{"lon":-4.202650792608727,"lat":42.23776111077742}},"geometry":{"type":"Polygon","coordinates":[[[-4.23144,42.20845],[-4.22881,42.20763],[-4.22811,42.20905],[-4.2207,42.20859],[-4.21529,42.20689],[-4.20661,42.20655],[-4.18861,42.2133],[-4.18826,42.21591],[-4.1813,42.21723],[-4.17518,42.22298],[-4.17336,42.22879],[-4.16721,42.23818],[-4.16968,42.24312],[-4.17248,42.24468],[-4.17028,42.24621],[-4.16999,42.25039],[-4.17399,42.25074],[-4.17292,42.25252],[-4.17514,42.25695],[-4.183,42.26258],[-4.19651,42.26848],[-4.21384,42.27165],[-4.21854,42.26068],[-4.22124,42.25829],[-4.23143,42.2561],[-4.22861,42.24954],[-4.2293,42.24188],[-4.23703,42.23724],[-4.2374,42.23576],[-4.23422,42.23306],[-4.22807,42.23197],[-4.22693,42.22956],[-4.23207,42.21732],[-4.23108,42.20864],[-4.23144,42.20845]]]}},{"type":"Feature","properties":{"mun_code":"09274","mun_name":"Pradoluengo","mun_name_local":null,"prov_code":"09","prov_name":"Burgos","acom_code":"07","acom_name":"Castilla y León","geo_point_2d":{"lon":-3.201225028968478,"lat":42.31509459187862}},"geometry":{"type":"Polygon","coordinates":[[[-3.25187,42.31975],[-3.24482,42.31851],[-3.24343,42.31301],[-3.23942,42.3087],[-3.23049,42.31172],[-3.21621,42.32163],[-3.21388,42.3211],[-3.21231,42.32232],[-3.20652,42.3165],[-3.20622,42.3133],[-3.2083,42.31148],[-3.2092,42.30615],[-3.20029,42.29877],[-3.1949,42.2973],[-3.19176,42.29233],[-3.19099,42.28215],[-3.17966,42.27761],[-3.17052,42.26977],[-3.16412,42.27361],[-3.16111,42.28006],[-3.1563,42.28376],[-3.15836,42.28822],[-3.15677,42.3019],[-3.15967,42.30513],[-3.1714,42.31108],[-3.17199,42.31537],[-3.18052,42.32469],[-3.18554,42.32691],[-3.18904,42.33555],[-3.1929,42.33377],[-3.19601,42.33483],[-3.20376,42.3414],[-3.2086,42.33814],[-3.21041,42.34379],[-3.21592,42.35169],[-3.23141,42.35498],[-3.23521,42.35142],[-3.23404,42.35125],[-3.23737,42.34342],[-3.25159,42.32913],[-3.25166,42.32427],[-3.25187,42.31975]]]}},{"type":"Feature","properties":{"mun_code":"09103","mun_name":"Cilleruelo de Abajo","mun_name_local":null,"prov_code":"09","prov_name":"Burgos","acom_code":"07","acom_name":"Castilla y León","geo_point_2d":{"lon":-3.803812104056213,"lat":41.894896030460714}},"geometry":{"type":"Polygon","coordinates":[[[-3.86236,41.89015],[-3.85592,41.87141],[-3.84397,41.87265],[-3.83418,41.86729],[-3.82095,41.8631],[-3.82028,41.86505],[-3.80365,41.86325],[-3.802,41.86641],[-3.79502,41.864],[-3.7881,41.8659],[-3.77757,41.86574],[-3.76713,41.86234],[-3.76318,41.86702],[-3.76631,41.86842],[-3.76875,41.87684],[-3.76421,41.88448],[-3.75355,41.89178],[-3.75834,41.89253],[-3.76339,41.89143],[-3.76418,41.89373],[-3.7585,41.91066],[-3.75303,41.91845],[-3.76345,41.93096],[-3.77242,41.92859],[-3.77869,41.92962],[-3.7933,41.92467],[-3.82767,41.92419],[-3.83937,41.90416],[-3.84704,41.90182],[-3.86075,41.89402],[-3.86173,41.89101],[-3.86236,41.89015]]]}},{"type":"Feature","properties":{"mun_code":"09104","mun_name":"Cilleruelo de Arriba","mun_name_local":null,"prov_code":"09","prov_name":"Burgos","acom_code":"07","acom_name":"Castilla y León","geo_point_2d":{"lon":-3.6516851196003905,"lat":41.90933532516144}},"geometry":{"type":"Polygon","coordinates":[[[-3.67572,41.90302],[-3.67144,41.90237],[-3.67274,41.89855],[-3.66768,41.89584],[-3.66552,41.89222],[-3.66733,41.88731],[-3.6732,41.88967],[-3.66949,41.8854],[-3.66455,41.88144],[-3.65081,41.88061],[-3.63065,41.89776],[-3.63477,41.90214],[-3.62946,41.90643],[-3.62654,41.91989],[-3.62415,41.92197],[-3.62746,41.93013],[-3.64936,41.93308],[-3.66237,41.93111],[-3.68002,41.91668],[-3.67576,41.90956],[-3.67564,41.90508],[-3.67572,41.90302]]]}},{"type":"Feature","properties":{"mun_code":"09908","mun_name":"Valle de Losa","mun_name_local":null,"prov_code":"09","prov_name":"Burgos","acom_code":"07","acom_name":"Castilla y León","geo_point_2d":{"lon":-3.220337804781688,"lat":42.98779653452535}},"geometry":{"type":"Polygon","coordinates":[[[-3.34416,43.05508],[-3.35642,43.04133],[-3.35177,43.04039],[-3.34695,43.02911],[-3.34331,43.0247],[-3.34073,43.01541],[-3.30065,43.01383],[-3.29074,43.00911],[-3.27705,42.99714],[-3.26828,42.99776],[-3.26756,42.98841],[-3.27165,42.98658],[-3.267,42.98229],[-3.26745,42.97905],[-3.27517,42.982],[-3.27214,42.9737],[-3.27528,42.97133],[-3.28711,42.97064],[-3.28939,42.96939],[-3.28791,42.96354],[-3.29387,42.95327],[-3.2986,42.95529],[-3.30562,42.95463],[-3.30348,42.94408],[-3.31843,42.93841],[-3.32025,42.93358],[-3.3121,42.92376],[-3.31275,42.91848],[-3.30391,42.90917],[-3.30371,42.90393],[-3.28948,42.88565],[-3.2764,42.88702],[-3.27724,42.90158],[-3.24854,42.91215],[-3.24879,42.91585],[-3.24572,42.92384],[-3.23995,42.93155],[-3.23537,42.93307],[-3.23556,42.94386],[-3.22473,42.94969],[-3.21782,42.94874],[-3.21665,42.94556],[-3.21375,42.94604],[-3.21162,42.9443],[-3.20979,42.94457],[-3.20973,42.94674],[-3.20649,42.94694],[-3.20259,42.94497],[-3.19654,42.94643],[-3.18075,42.94453],[-3.16939,42.94021],[-3.14473,42.93468],[-3.14796,42.93234],[-3.15082,42.9195],[-3.14927,42.91706],[-3.14159,42.91324],[-3.13285,42.91348],[-3.12653,42.90406],[-3.10842,42.90616],[-3.10466,42.91016],[-3.11061,42.91406],[-3.10488,42.92491],[-3.10887,42.92833],[-3.10824,42.93069],[-3.11006,42.93179],[-3.10317,42.9351],[-3.11251,42.94968],[-3.1158,42.95163],[-3.10363,42.96727],[-3.09141,42.96784],[-3.08354,42.97175],[-3.08471,42.98491],[-3.08915,43.0015],[-3.10611,43.0054],[-3.11951,43.00572],[-3.12439,43.00776],[-3.14479,43.00684],[-3.16362,43.01411],[-3.16887,43.01493],[-3.17146,43.01826],[-3.1778,43.02198],[-3.18052,43.02111],[-3.18755,43.02364],[-3.18817,43.02548],[-3.19198,43.02755],[-3.19158,43.02995],[-3.18997,43.03004],[-3.19356,43.03244],[-3.19204,43.03413],[-3.19877,43.04135],[-3.1985,43.04428],[-3.1947,43.04613],[-3.18989,43.04587],[-3.18786,43.04697],[-3.19118,43.05661],[-3.19274,43.05877],[-3.19749,43.06078],[-3.20024,43.06439],[-3.21821,43.07422],[-3.21848,43.0791],[-3.22309,43.08595],[-3.22358,43.08954],[-3.22951,43.08499],[-3.23095,43.0786],[-3.23395,43.07706],[-3.24148,43.0743],[-3.25348,43.07386],[-3.25838,43.06966],[-3.27538,43.06185],[-3.31243,43.05022],[-3.31667,43.04972],[-3.32516,43.05429],[-3.32958,43.05345],[-3.34092,43.05555],[-3.34416,43.05508]]]}},{"type":"Feature","properties":{"mun_code":"09041","mun_name":"Barrio de Muñó","mun_name_local":null,"prov_code":"09","prov_name":"Burgos","acom_code":"07","acom_name":"Castilla y León","geo_point_2d":{"lon":-3.9998381788100743,"lat":42.17984254754532}},"geometry":{"type":"Polygon","coordinates":[[[-4.01806,42.17651],[-4.00973,42.17166],[-3.99524,42.17285],[-3.98942,42.17034],[-3.98888,42.1685],[-3.98408,42.16881],[-3.98491,42.1714],[-3.98312,42.17231],[-3.98613,42.18173],[-3.99029,42.18125],[-3.99372,42.18377],[-3.99555,42.18247],[-4.00259,42.18551],[-3.99697,42.19269],[-3.9979,42.1972],[-4.0024,42.19537],[-4.00503,42.19239],[-4.00555,42.18982],[-4.00327,42.18942],[-4.00633,42.18766],[-4.01125,42.18825],[-4.01072,42.18622],[-4.00748,42.18533],[-4.00981,42.18202],[-4.0132,42.18276],[-4.01621,42.18],[-4.01098,42.17896],[-4.01239,42.17828],[-4.01061,42.17771],[-4.01315,42.17708],[-4.01806,42.17651]]]}},{"type":"Feature","properties":{"mun_code":"09314","mun_name":"Revilla del Campo","mun_name_local":null,"prov_code":"09","prov_name":"Burgos","acom_code":"07","acom_name":"Castilla y León","geo_point_2d":{"lon":-3.5349506337696797,"lat":42.200114956560654}},"geometry":{"type":"Polygon","coordinates":[[[-3.57192,42.17947],[-3.56697,42.18132],[-3.5657,42.18064],[-3.57176,42.17399],[-3.56811,42.17077],[-3.5659,42.16604],[-3.55378,42.16171],[-3.54014,42.16163],[-3.53241,42.15651],[-3.53441,42.16127],[-3.5154,42.18419],[-3.50106,42.19361],[-3.49087,42.19592],[-3.49547,42.2001],[-3.49877,42.20069],[-3.49642,42.20103],[-3.49544,42.20397],[-3.49459,42.20255],[-3.49003,42.20185],[-3.48768,42.20321],[-3.4878,42.21326],[-3.49539,42.21659],[-3.48874,42.2276],[-3.50081,42.22687],[-3.50529,42.22429],[-3.50992,42.22407],[-3.52523,42.22812],[-3.53293,42.23774],[-3.53277,42.23617],[-3.53537,42.23522],[-3.54692,42.23788],[-3.55226,42.23714],[-3.55285,42.2309],[-3.55546,42.23011],[-3.5605,42.22479],[-3.5691,42.21094],[-3.5658,42.208],[-3.57029,42.20069],[-3.56672,42.19359],[-3.57182,42.18088],[-3.57192,42.17947]]]}},{"type":"Feature","properties":{"mun_code":"09473","mun_name":"Villegas","mun_name_local":null,"prov_code":"09","prov_name":"Burgos","acom_code":"07","acom_name":"Castilla y León","geo_point_2d":{"lon":-4.023022506070569,"lat":42.466281932689306}},"geometry":{"type":"Polygon","coordinates":[[[-4.06564,42.4627],[-4.05965,42.45919],[-4.05547,42.45363],[-4.04574,42.45276],[-3.99538,42.4403],[-3.99565,42.44319],[-3.99222,42.4447],[-3.98648,42.45975],[-3.98193,42.46295],[-3.9818,42.4651],[-3.99373,42.47443],[-3.9983,42.48035],[-3.99929,42.48571],[-4.00498,42.4883],[-4.01214,42.48678],[-4.01603,42.48217],[-4.02217,42.4854],[-4.03063,42.48531],[-4.03795,42.48746],[-4.04933,42.49326],[-4.05167,42.49248],[-4.05036,42.48966],[-4.05156,42.48454],[-4.05866,42.47509],[-4.06331,42.47206],[-4.06448,42.46377],[-4.06564,42.4627]]]}},{"type":"Feature","properties":{"mun_code":"09232","mun_name":"Neila","mun_name_local":null,"prov_code":"09","prov_name":"Burgos","acom_code":"07","acom_name":"Castilla y León","geo_point_2d":{"lon":-2.977295562556037,"lat":42.05270296062054}},"geometry":{"type":"Polygon","coordinates":[[[-3.06608,42.05044],[-3.06531,42.04445],[-3.06164,42.04059],[-3.05784,42.03925],[-3.05035,42.04084],[-3.0406,42.03997],[-3.02714,42.04749],[-3.01344,42.04337],[-2.99754,42.0423],[-2.99363,42.03516],[-2.98726,42.03144],[-2.98292,42.03046],[-2.97371,42.03135],[-2.96219,42.0259],[-2.95967,42.02198],[-2.95578,42.0196],[-2.96682,42.00431],[-2.96175,41.9942],[-2.95625,41.99193],[-2.94929,41.9943],[-2.94598,42.0002],[-2.93747,42.00797],[-2.93217,42.01797],[-2.91362,42.02285],[-2.91523,42.03903],[-2.92043,42.04921],[-2.91981,42.05121],[-2.92345,42.05792],[-2.92293,42.06118],[-2.92692,42.06652],[-2.92801,42.07407],[-2.93195,42.07926],[-2.93118,42.08678],[-2.93533,42.08941],[-2.94151,42.08913],[-2.95401,42.08558],[-2.95865,42.08591],[-2.96087,42.08429],[-2.97768,42.08394],[-2.99319,42.08753],[-3.0039,42.08333],[-3.00959,42.08499],[-3.01468,42.08843],[-3.02346,42.08927],[-3.03437,42.08596],[-3.04354,42.07075],[-3.04771,42.05912],[-3.06608,42.05044]]]}},{"type":"Feature","properties":{"mun_code":"09312","mun_name":"La Revilla y Ahedo","mun_name_local":null,"prov_code":"09","prov_name":"Burgos","acom_code":"07","acom_name":"Castilla y León","geo_point_2d":{"lon":-3.3474913222213467,"lat":42.00829508730633}},"geometry":{"type":"Polygon","coordinates":[[[-3.38461,41.99483],[-3.37627,41.99152],[-3.37253,41.99238],[-3.34737,41.98623],[-3.3406,41.9967],[-3.31892,42.0025],[-3.32344,42.02066],[-3.32109,42.03155],[-3.32784,42.03515],[-3.34542,42.02334],[-3.35024,42.02225],[-3.36224,42.02522],[-3.36354,42.02133],[-3.35753,42.01581],[-3.36597,42.01039],[-3.36504,42.00756],[-3.37517,42.00411],[-3.38037,42.00466],[-3.38357,42.00195],[-3.38493,41.99502],[-3.38461,41.99483]]]}},{"type":"Feature","properties":{"mun_code":"09363","mun_name":"Sasamón","mun_name_local":null,"prov_code":"09","prov_name":"Burgos","acom_code":"07","acom_name":"Castilla y León","geo_point_2d":{"lon":-4.031842571665142,"lat":42.3925716600014}},"geometry":{"type":"Polygon","coordinates":[[[-4.09773,42.34544],[-4.09062,42.33538],[-4.07929,42.33111],[-4.07679,42.32784],[-4.06925,42.32468],[-4.06384,42.32419],[-4.06192,42.32118],[-4.05886,42.32103],[-4.05417,42.3243],[-4.05139,42.33111],[-4.05205,42.33356],[-4.04541,42.33905],[-4.0347,42.34335],[-4.03151,42.34247],[-4.02197,42.34627],[-4.02141,42.34415],[-4.0091,42.33738],[-4.00303,42.33164],[-3.99164,42.33956],[-3.98515,42.34137],[-3.9822,42.34448],[-3.97749,42.34464],[-3.981,42.3577],[-3.97611,42.3675],[-3.9758,42.37217],[-3.97208,42.37274],[-3.96148,42.37796],[-3.95956,42.38087],[-3.96231,42.38327],[-3.95998,42.38959],[-3.96523,42.39978],[-3.96394,42.40305],[-3.97203,42.40834],[-3.97557,42.41516],[-3.97127,42.42124],[-3.97492,42.42254],[-3.9889,42.4361],[-3.99538,42.4403],[-4.04574,42.45276],[-4.05547,42.45363],[-4.05965,42.45919],[-4.06564,42.4627],[-4.07859,42.46053],[-4.08066,42.46298],[-4.0821,42.46222],[-4.08187,42.45701],[-4.08372,42.45591],[-4.08018,42.45568],[-4.08106,42.45144],[-4.08992,42.44271],[-4.09647,42.43844],[-4.09287,42.43539],[-4.09106,42.42998],[-4.08824,42.42842],[-4.08238,42.4192],[-4.08736,42.41191],[-4.0809,42.40222],[-4.08133,42.39711],[-4.06232,42.38817],[-4.05923,42.38273],[-4.06279,42.37811],[-4.06954,42.37485],[-4.07409,42.36553],[-4.08449,42.36062],[-4.0975,42.3465],[-4.09773,42.34544]]]}},{"type":"Feature","properties":{"mun_code":"09160","mun_name":"Hontangas","mun_name_local":null,"prov_code":"09","prov_name":"Burgos","acom_code":"07","acom_name":"Castilla y León","geo_point_2d":{"lon":-3.788949889571492,"lat":41.589250731588486}},"geometry":{"type":"Polygon","coordinates":[[[-3.82524,41.58174],[-3.82144,41.57798],[-3.81228,41.57935],[-3.80496,41.57633],[-3.80365,41.57737],[-3.79957,41.57146],[-3.79563,41.56875],[-3.79413,41.56428],[-3.7875,41.56876],[-3.78205,41.56891],[-3.77755,41.5674],[-3.77555,41.57777],[-3.77857,41.58541],[-3.76335,41.60801],[-3.76382,41.61701],[-3.77769,41.61005],[-3.78332,41.60902],[-3.79263,41.60485],[-3.79976,41.5965],[-3.79958,41.59296],[-3.81123,41.59088],[-3.81049,41.58733],[-3.82062,41.58349],[-3.82524,41.58174]]]}},{"type":"Feature","properties":{"mun_code":"09907","mun_name":"Alfoz de Quintanadueñas","mun_name_local":null,"prov_code":"09","prov_name":"Burgos","acom_code":"07","acom_name":"Castilla y León","geo_point_2d":{"lon":-3.753618527933408,"lat":42.40292025606244}},"geometry":{"type":"Polygon","coordinates":[[[-3.80425,42.38015],[-3.80021,42.38046],[-3.79803,42.37762],[-3.79692,42.37846],[-3.79099,42.37474],[-3.79402,42.37072],[-3.78795,42.36676],[-3.7762,42.36771],[-3.76853,42.37027],[-3.76512,42.37329],[-3.76337,42.36908],[-3.75648,42.37262],[-3.7537,42.37135],[-3.75025,42.37355],[-3.74915,42.37257],[-3.7395,42.3766],[-3.73125,42.38114],[-3.72928,42.38083],[-3.72777,42.37549],[-3.72488,42.37527],[-3.7189,42.37577],[-3.72046,42.37929],[-3.7099,42.37736],[-3.70801,42.37842],[-3.70721,42.38163],[-3.70232,42.38157],[-3.69851,42.39172],[-3.70327,42.39958],[-3.709,42.40301],[-3.70409,42.40618],[-3.70608,42.40732],[-3.71397,42.40224],[-3.71695,42.40249],[-3.71896,42.39937],[-3.72454,42.40294],[-3.72928,42.40347],[-3.73707,42.42393],[-3.73567,42.4314],[-3.73727,42.43395],[-3.74816,42.43228],[-3.74486,42.43391],[-3.74412,42.43577],[-3.73849,42.43732],[-3.73413,42.44049],[-3.7332,42.44463],[-3.73467,42.452],[-3.73981,42.45243],[-3.74923,42.44558],[-3.75938,42.4429],[-3.76612,42.44266],[-3.77139,42.44392],[-3.77545,42.44014],[-3.77669,42.43546],[-3.77932,42.43377],[-3.79476,42.42812],[-3.79939,42.42803],[-3.79838,42.42641],[-3.78775,42.42171],[-3.78502,42.41851],[-3.78061,42.41861],[-3.77467,42.41667],[-3.77051,42.41747],[-3.77002,42.41054],[-3.76516,42.40603],[-3.77072,42.40471],[-3.8004,42.38638],[-3.80425,42.38015]]]}},{"type":"Feature","properties":{"mun_code":"09447","mun_name":"Villamiel de la Sierra","mun_name_local":null,"prov_code":"09","prov_name":"Burgos","acom_code":"07","acom_name":"Castilla y León","geo_point_2d":{"lon":-3.409753797186583,"lat":42.197871479228525}},"geometry":{"type":"Polygon","coordinates":[[[-3.45087,42.18986],[-3.43971,42.18404],[-3.4317,42.18292],[-3.41753,42.17753],[-3.40766,42.17527],[-3.40432,42.17568],[-3.40019,42.17699],[-3.40152,42.1812],[-3.39899,42.18447],[-3.38904,42.19342],[-3.37983,42.19829],[-3.36768,42.21275],[-3.3761,42.21742],[-3.38882,42.21579],[-3.397,42.21676],[-3.40537,42.21323],[-3.41322,42.21429],[-3.42254,42.20863],[-3.4313,42.20823],[-3.43265,42.20482],[-3.43913,42.19866],[-3.4475,42.2016],[-3.44887,42.1999],[-3.44678,42.19718],[-3.4506,42.19184],[-3.45087,42.18986]]]}},{"type":"Feature","properties":{"mun_code":"09059","mun_name":"Burgos","mun_name_local":null,"prov_code":"09","prov_name":"Burgos","acom_code":"07","acom_name":"Castilla y León","geo_point_2d":{"lon":-3.6820312322125153,"lat":42.351485459769975}},"geometry":{"type":"Polygon","coordinates":[[[-3.79244,42.3555],[-3.78294,42.35217],[-3.76768,42.35078],[-3.76326,42.35646],[-3.75562,42.35491],[-3.75514,42.35353],[-3.75768,42.35218],[-3.75611,42.34746],[-3.76005,42.343],[-3.7614,42.3357],[-3.74965,42.32721],[-3.74452,42.31762],[-3.73223,42.3178],[-3.72818,42.313],[-3.72027,42.31269],[-3.70409,42.30869],[-3.702,42.30724],[-3.7028,42.28568],[-3.6882,42.28558],[-3.688,42.29047],[-3.69011,42.29352],[-3.68356,42.2999],[-3.6817,42.30467],[-3.67601,42.30837],[-3.67145,42.3092],[-3.66168,42.30738],[-3.65611,42.31403],[-3.64925,42.30919],[-3.64518,42.31051],[-3.63182,42.32042],[-3.63809,42.32495],[-3.63944,42.33667],[-3.62737,42.33697],[-3.62207,42.33957],[-3.61981,42.34275],[-3.60799,42.34066],[-3.60243,42.34778],[-3.5977,42.34508],[-3.59364,42.34862],[-3.59195,42.35105],[-3.59975,42.35269],[-3.60373,42.35568],[-3.60606,42.35515],[-3.60682,42.35688],[-3.59922,42.36262],[-3.59842,42.36975],[-3.58603,42.37225],[-3.6012,42.38123],[-3.599,42.38502],[-3.58547,42.39307],[-3.58663,42.40428],[-3.59812,42.40299],[-3.61378,42.39247],[-3.61709,42.38694],[-3.63465,42.38087],[-3.64923,42.3839],[-3.65602,42.38408],[-3.65578,42.38969],[-3.65999,42.39538],[-3.66778,42.40135],[-3.67821,42.39689],[-3.68448,42.39826],[-3.69851,42.39172],[-3.70232,42.38157],[-3.70721,42.38163],[-3.70801,42.37842],[-3.7099,42.37736],[-3.72046,42.37929],[-3.7189,42.37577],[-3.72777,42.37549],[-3.72928,42.38083],[-3.73125,42.38114],[-3.74915,42.37257],[-3.75025,42.37355],[-3.75425,42.37132],[-3.75648,42.37262],[-3.76337,42.36908],[-3.76512,42.37329],[-3.76853,42.37027],[-3.7762,42.36771],[-3.78881,42.36685],[-3.78156,42.36393],[-3.79437,42.35851],[-3.79176,42.35642],[-3.79244,42.3555]]]}},{"type":"Feature","properties":{"mun_code":"09395","mun_name":"Tubilla del Agua","mun_name_local":null,"prov_code":"09","prov_name":"Burgos","acom_code":"07","acom_name":"Castilla y León","geo_point_2d":{"lon":-3.8199630146681187,"lat":42.715840343161965}},"geometry":{"type":"Polygon","coordinates":[[[-3.86055,42.66906],[-3.85705,42.66916],[-3.85502,42.66734],[-3.84959,42.66799],[-3.84245,42.66443],[-3.83498,42.67342],[-3.82924,42.67379],[-3.80823,42.66645],[-3.80146,42.6654],[-3.79618,42.66269],[-3.789,42.66136],[-3.78749,42.65934],[-3.77745,42.66562],[-3.78595,42.67435],[-3.78596,42.68061],[-3.774,42.70152],[-3.77376,42.70308],[-3.77533,42.70332],[-3.77514,42.71351],[-3.77856,42.71391],[-3.78004,42.71573],[-3.7789,42.72122],[-3.77458,42.72652],[-3.77151,42.73745],[-3.76453,42.74343],[-3.77892,42.75896],[-3.77894,42.76152],[-3.78202,42.76023],[-3.78442,42.76529],[-3.77992,42.76895],[-3.77993,42.77067],[-3.78319,42.77422],[-3.80162,42.76882],[-3.80999,42.77232],[-3.81897,42.76871],[-3.82458,42.76819],[-3.8262,42.76695],[-3.82292,42.76282],[-3.83157,42.75788],[-3.84611,42.75243],[-3.87025,42.73399],[-3.87707,42.7271],[-3.87449,42.72018],[-3.87895,42.71575],[-3.87624,42.71613],[-3.87547,42.71514],[-3.87603,42.71216],[-3.87093,42.70784],[-3.87222,42.70677],[-3.86946,42.7051],[-3.86878,42.69988],[-3.86548,42.69466],[-3.86792,42.69105],[-3.86522,42.68721],[-3.86712,42.6815],[-3.87338,42.67983],[-3.86997,42.67483],[-3.86443,42.67229],[-3.86055,42.66906]]]}},{"type":"Feature","properties":{"mun_code":"09405","mun_name":"Valdezate","mun_name_local":null,"prov_code":"09","prov_name":"Burgos","acom_code":"07","acom_name":"Castilla y León","geo_point_2d":{"lon":-3.9321442183049085,"lat":41.592418887672224}},"geometry":{"type":"Polygon","coordinates":[[[-3.96383,41.58608],[-3.96049,41.57798],[-3.94224,41.56914],[-3.92868,41.56874],[-3.9145,41.56345],[-3.90471,41.56679],[-3.90943,41.57717],[-3.91504,41.58307],[-3.91186,41.58969],[-3.9152,41.60069],[-3.91217,41.60758],[-3.9142,41.61983],[-3.91692,41.6202],[-3.92065,41.62433],[-3.92359,41.6248],[-3.93486,41.6224],[-3.93895,41.61755],[-3.94871,41.61157],[-3.94786,41.60941],[-3.95244,41.60115],[-3.95263,41.5938],[-3.9647,41.58692],[-3.96383,41.58608]]]}},{"type":"Feature","properties":{"mun_code":"09065","mun_name":"Campillo de Aranda","mun_name_local":null,"prov_code":"09","prov_name":"Burgos","acom_code":"07","acom_name":"Castilla y León","geo_point_2d":{"lon":-3.732173543738427,"lat":41.608814948962205}},"geometry":{"type":"Polygon","coordinates":[[[-3.76996,41.59929],[-3.76544,41.59702],[-3.76484,41.5953],[-3.74551,41.59021],[-3.73501,41.5838],[-3.72925,41.58494],[-3.72142,41.58432],[-3.72006,41.58137],[-3.71524,41.58064],[-3.71632,41.583],[-3.71197,41.58602],[-3.7086,41.59483],[-3.69451,41.60862],[-3.69297,41.6125],[-3.70188,41.61715],[-3.70658,41.62367],[-3.71233,41.62776],[-3.73145,41.6336],[-3.74263,41.63395],[-3.76303,41.62061],[-3.76335,41.60801],[-3.76932,41.60065],[-3.76996,41.59929]]]}},{"type":"Feature","properties":{"mun_code":"53073","mun_name":"Monte de la Mata","mun_name_local":null,"prov_code":"09","prov_name":"Burgos","acom_code":"07","acom_name":"Castilla y León","geo_point_2d":{"lon":-3.818784645130627,"lat":41.51193456037243}},"geometry":{"type":"Polygon","coordinates":[[[-3.83581,41.49977],[-3.81011,41.49822],[-3.80395,41.49625],[-3.80113,41.49264],[-3.79822,41.49193],[-3.80044,41.49859],[-3.79683,41.50263],[-3.80502,41.51629],[-3.80404,41.51558],[-3.79906,41.51821],[-3.80062,41.52115],[-3.80406,41.52325],[-3.80379,41.52458],[-3.81435,41.52752],[-3.82917,41.52459],[-3.84219,41.52374],[-3.83515,41.50055],[-3.83581,41.49977]]]}},{"type":"Feature","properties":{"mun_code":"09288","mun_name":"Quintanapalla","mun_name_local":null,"prov_code":"09","prov_name":"Burgos","acom_code":"07","acom_name":"Castilla y León","geo_point_2d":{"lon":-3.536765789904377,"lat":42.41454975587585}},"geometry":{"type":"Polygon","coordinates":[[[-3.58283,42.41564],[-3.57956,42.41042],[-3.57874,42.41176],[-3.56955,42.41137],[-3.56249,42.40201],[-3.55878,42.40091],[-3.55606,42.39584],[-3.54702,42.39957],[-3.53383,42.39896],[-3.53017,42.40196],[-3.51557,42.40371],[-3.50696,42.40691],[-3.5019,42.40526],[-3.49795,42.40833],[-3.50371,42.41275],[-3.50628,42.42246],[-3.50811,42.42238],[-3.50862,42.42443],[-3.50281,42.43007],[-3.53255,42.43088],[-3.58194,42.41615],[-3.58283,42.41564]]]}},{"type":"Feature","properties":{"mun_code":"09441","mun_name":"Villaldemiro","mun_name_local":null,"prov_code":"09","prov_name":"Burgos","acom_code":"07","acom_name":"Castilla y León","geo_point_2d":{"lon":-3.985940711029872,"lat":42.247387259702975}},"geometry":{"type":"Polygon","coordinates":[[[-4.02767,42.26459],[-4.01384,42.25072],[-4.01446,42.24192],[-4.00955,42.23706],[-4.00695,42.235],[-3.98835,42.23301],[-3.98272,42.22766],[-3.97939,42.22701],[-3.97951,42.22512],[-3.978,42.22628],[-3.97954,42.22858],[-3.97604,42.22874],[-3.978,42.2328],[-3.97652,42.23289],[-3.97421,42.22996],[-3.97141,42.2327],[-3.97109,42.23543],[-3.96876,42.23494],[-3.9702,42.23731],[-3.96881,42.23973],[-3.96644,42.2398],[-3.96482,42.24229],[-3.96154,42.24327],[-3.96135,42.24172],[-3.95905,42.2416],[-3.95264,42.24767],[-3.96119,42.25692],[-3.96366,42.26332],[-3.96634,42.26576],[-3.97668,42.26447],[-3.98755,42.25574],[-3.99076,42.25534],[-4.00092,42.25652],[-4.00474,42.25566],[-4.02655,42.2643],[-4.02767,42.26459]]]}},{"type":"Feature","properties":{"mun_code":"09071","mun_name":"Carcedo de Bureba","mun_name_local":null,"prov_code":"09","prov_name":"Burgos","acom_code":"07","acom_name":"Castilla y León","geo_point_2d":{"lon":-3.5158232654210293,"lat":42.581151970572336}},"geometry":{"type":"MultiPolygon","coordinates":[[[[-3.4423,42.5549],[-3.43983,42.55766],[-3.44475,42.56416],[-3.44224,42.56787],[-3.44922,42.57205],[-3.45611,42.56938],[-3.46085,42.57316],[-3.46441,42.57364],[-3.47681,42.56829],[-3.47295,42.56208],[-3.47494,42.55946],[-3.47131,42.5572],[-3.46685,42.5482],[-3.46188,42.54773],[-3.45739,42.54525],[-3.44993,42.54528],[-3.44825,42.54936],[-3.44385,42.55357],[-3.4423,42.5549]]],[[[-3.57244,42.59569],[-3.57344,42.59067],[-3.56868,42.59223],[-3.56544,42.58778],[-3.5637,42.58745],[-3.56437,42.58342],[-3.56755,42.58186],[-3.56534,42.5721],[-3.56916,42.5675],[-3.56951,42.55541],[-3.56168,42.55024],[-3.55446,42.55206],[-3.54945,42.54971],[-3.54161,42.54891],[-3.54147,42.54641],[-3.53709,42.5428],[-3.53768,42.54783],[-3.53557,42.55463],[-3.53661,42.55683],[-3.5335,42.55902],[-3.53391,42.56347],[-3.52966,42.56318],[-3.52698,42.56679],[-3.52405,42.56792],[-3.52368,42.57669],[-3.50742,42.56827],[-3.49235,42.57019],[-3.48728,42.56878],[-3.48262,42.56984],[-3.48205,42.57263],[-3.4842,42.5723],[-3.47996,42.5891],[-3.48243,42.59881],[-3.4776,42.60434],[-3.48218,42.60557],[-3.48305,42.60799],[-3.49128,42.60389],[-3.49267,42.60529],[-3.49074,42.61263],[-3.49391,42.61563],[-3.50261,42.61457],[-3.5122,42.61566],[-3.53426,42.61481],[-3.53335,42.61191],[-3.55332,42.59627],[-3.56879,42.59372],[-3.57102,42.59593],[-3.57244,42.59569]]]]}},{"type":"Feature","properties":{"mun_code":"09117","mun_name":"La Cueva de Roa","mun_name_local":null,"prov_code":"09","prov_name":"Burgos","acom_code":"07","acom_name":"Castilla y León","geo_point_2d":{"lon":-3.9409597838842814,"lat":41.655090303753894}},"geometry":{"type":"Polygon","coordinates":[[[-3.97265,41.65432],[-3.97443,41.65254],[-3.96048,41.6434],[-3.95402,41.64108],[-3.94895,41.64275],[-3.94518,41.64201],[-3.94314,41.63952],[-3.93515,41.64254],[-3.92411,41.63679],[-3.91867,41.64094],[-3.91781,41.64374],[-3.91203,41.64621],[-3.92391,41.65262],[-3.92172,41.65973],[-3.92457,41.66801],[-3.92236,41.66982],[-3.93555,41.68184],[-3.93889,41.67674],[-3.93761,41.67277],[-3.94556,41.66464],[-3.96182,41.66202],[-3.97118,41.65521],[-3.97265,41.65432]]]}},{"type":"Feature","properties":{"mun_code":"09125","mun_name":"Estépar","mun_name_local":null,"prov_code":"09","prov_name":"Burgos","acom_code":"07","acom_name":"Castilla y León","geo_point_2d":{"lon":-3.879499944111528,"lat":42.26607943160328}},"geometry":{"type":"Polygon","coordinates":[[[-3.96497,42.28828],[-3.96078,42.28439],[-3.952,42.2859],[-3.95114,42.28412],[-3.94878,42.28458],[-3.93944,42.2817],[-3.93015,42.28087],[-3.92375,42.28347],[-3.9137,42.28138],[-3.9157,42.27109],[-3.91457,42.26654],[-3.91229,42.26631],[-3.91478,42.26371],[-3.91249,42.26291],[-3.91904,42.26],[-3.9234,42.25551],[-3.92198,42.25355],[-3.91871,42.2534],[-3.91564,42.24956],[-3.91471,42.24079],[-3.91609,42.23378],[-3.92032,42.22879],[-3.91055,42.22385],[-3.90348,42.22711],[-3.88795,42.21931],[-3.88298,42.21403],[-3.87203,42.21469],[-3.86485,42.20877],[-3.86203,42.20838],[-3.85758,42.21022],[-3.85236,42.19914],[-3.84465,42.19969],[-3.83432,42.2025],[-3.82877,42.20084],[-3.82567,42.20122],[-3.82384,42.19952],[-3.81897,42.1986],[-3.81338,42.20659],[-3.80672,42.21248],[-3.79096,42.21523],[-3.78937,42.217],[-3.78857,42.22314],[-3.79189,42.22499],[-3.79622,42.23316],[-3.79947,42.2354],[-3.79911,42.23672],[-3.80155,42.2363],[-3.80556,42.2388],[-3.80403,42.24069],[-3.81093,42.24476],[-3.81021,42.24586],[-3.81291,42.24972],[-3.80907,42.25539],[-3.81368,42.25416],[-3.81608,42.25633],[-3.82985,42.25626],[-3.833,42.26018],[-3.83318,42.26575],[-3.83628,42.26414],[-3.84013,42.26485],[-3.85713,42.26323],[-3.85763,42.26488],[-3.85971,42.26541],[-3.85794,42.26931],[-3.86059,42.26918],[-3.86193,42.2709],[-3.86521,42.27154],[-3.86928,42.27615],[-3.86652,42.28043],[-3.87328,42.28044],[-3.87632,42.28246],[-3.87767,42.28481],[-3.86818,42.29135],[-3.86287,42.30084],[-3.86144,42.30581],[-3.86418,42.31014],[-3.86252,42.31848],[-3.86387,42.32074],[-3.87498,42.32713],[-3.87631,42.33315],[-3.88078,42.3346],[-3.88343,42.34175],[-3.89374,42.34058],[-3.90394,42.33243],[-3.9232,42.33089],[-3.93234,42.32855],[-3.93879,42.32285],[-3.95494,42.31481],[-3.94947,42.30992],[-3.95579,42.30806],[-3.963,42.30285],[-3.96361,42.28979],[-3.96497,42.28828]]]}},{"type":"Feature","properties":{"mun_code":"53010","mun_name":"Comunidad de 09076, 09150 y 09578","mun_name_local":null,"prov_code":"09","prov_name":"Burgos","acom_code":"07","acom_name":"Castilla y León","geo_point_2d":{"lon":-3.384557047571616,"lat":42.05332895635148}},"geometry":{"type":"Polygon","coordinates":[[[-3.40732,42.05445],[-3.39833,42.05241],[-3.38595,42.04298],[-3.38184,42.04497],[-3.37766,42.0431],[-3.37094,42.04549],[-3.38013,42.04978],[-3.37601,42.05428],[-3.3732,42.06561],[-3.36375,42.07034],[-3.37045,42.07011],[-3.37432,42.06771],[-3.37756,42.06802],[-3.37871,42.06478],[-3.37646,42.0605],[-3.38693,42.05225],[-3.39118,42.05119],[-3.40042,42.05651],[-3.4104,42.05681],[-3.40732,42.05445]]]}},{"type":"Feature","properties":{"mun_code":"09450","mun_name":"Villanueva de Carazo","mun_name_local":null,"prov_code":"09","prov_name":"Burgos","acom_code":"07","acom_name":"Castilla y León","geo_point_2d":{"lon":-3.324421663679327,"lat":41.98463740892436}},"geometry":{"type":"Polygon","coordinates":[[[-3.34737,41.98623],[-3.33154,41.97582],[-3.3291,41.9775],[-3.32074,41.97656],[-3.3182,41.97267],[-3.31988,41.97224],[-3.30553,41.95526],[-3.29926,41.95649],[-3.31238,41.97179],[-3.31085,41.98998],[-3.31892,42.0025],[-3.3406,41.9967],[-3.34194,41.99465],[-3.34737,41.98623]]]}},{"type":"Feature","properties":{"mun_code":"09025","mun_name":"Arija","mun_name_local":null,"prov_code":"09","prov_name":"Burgos","acom_code":"07","acom_name":"Castilla y León","geo_point_2d":{"lon":-3.950961778431424,"lat":42.98724577032781}},"geometry":{"type":"Polygon","coordinates":[[[-3.97413,42.96828],[-3.97262,42.96788],[-3.96896,42.9707],[-3.95777,42.97394],[-3.94161,42.97646],[-3.94,42.9828],[-3.92911,42.99449],[-3.94502,43.00649],[-3.95609,42.99796],[-3.96166,42.99121],[-3.97167,42.97472],[-3.97284,42.97026],[-3.97413,42.96828]]]}},{"type":"Feature","properties":{"mun_code":"09170","mun_name":"Hoyales de Roa","mun_name_local":null,"prov_code":"09","prov_name":"Burgos","acom_code":"07","acom_name":"Castilla y León","geo_point_2d":{"lon":-3.853775117785171,"lat":41.659407856993504}},"geometry":{"type":"Polygon","coordinates":[[[-3.88693,41.65459],[-3.87571,41.65157],[-3.87407,41.64938],[-3.85725,41.64532],[-3.85305,41.64177],[-3.84161,41.64225],[-3.83898,41.64294],[-3.83436,41.65064],[-3.83346,41.65628],[-3.82755,41.66241],[-3.81827,41.66314],[-3.8087,41.65963],[-3.80706,41.66686],[-3.80565,41.66754],[-3.81369,41.66853],[-3.82677,41.66736],[-3.86017,41.67087],[-3.86981,41.6706],[-3.87516,41.67672],[-3.87911,41.67642],[-3.88482,41.67502],[-3.88304,41.66782],[-3.88071,41.66518],[-3.88072,41.66069],[-3.8812,41.65829],[-3.88498,41.65625],[-3.88693,41.65459]]]}},{"type":"Feature","properties":{"mun_code":"09039","mun_name":"Barbadillo del Pez","mun_name_local":null,"prov_code":"09","prov_name":"Burgos","acom_code":"07","acom_name":"Castilla y León","geo_point_2d":{"lon":-3.2324604932549543,"lat":42.121349612052384}},"geometry":{"type":"Polygon","coordinates":[[[-3.2497,42.11485],[-3.24927,42.1057],[-3.24594,42.09938],[-3.24228,42.09708],[-3.24111,42.0978],[-3.23599,42.09245],[-3.22795,42.09233],[-3.22512,42.08913],[-3.21124,42.09764],[-3.20453,42.09871],[-3.21007,42.11049],[-3.21057,42.12464],[-3.19852,42.12824],[-3.20257,42.12872],[-3.20324,42.12991],[-3.20889,42.12984],[-3.21248,42.1334],[-3.21452,42.13934],[-3.22269,42.13973],[-3.22988,42.13853],[-3.23261,42.14034],[-3.23483,42.15676],[-3.24222,42.15799],[-3.24659,42.14988],[-3.24661,42.1465],[-3.25677,42.14585],[-3.26083,42.1373],[-3.25399,42.11944],[-3.2497,42.11485]]]}},{"type":"Feature","properties":{"mun_code":"09417","mun_name":"Vallejera","mun_name_local":null,"prov_code":"09","prov_name":"Burgos","acom_code":"07","acom_name":"Castilla y León","geo_point_2d":{"lon":-4.155403101678235,"lat":42.18574878275048}},"geometry":{"type":"Polygon","coordinates":[[[-4.18462,42.15795],[-4.17137,42.16399],[-4.14894,42.16844],[-4.1457,42.17183],[-4.13105,42.17993],[-4.12262,42.1812],[-4.12288,42.18558],[-4.12476,42.18633],[-4.1281,42.19825],[-4.13497,42.2103],[-4.13424,42.21239],[-4.14325,42.21372],[-4.14697,42.21279],[-4.17558,42.19225],[-4.18873,42.16764],[-4.18877,42.16094],[-4.18545,42.15845],[-4.18462,42.15795]]]}},{"type":"Feature","properties":{"mun_code":"09268","mun_name":"Pinilla de los Barruecos","mun_name_local":null,"prov_code":"09","prov_name":"Burgos","acom_code":"07","acom_name":"Castilla y León","geo_point_2d":{"lon":-3.3041926500524625,"lat":41.9163518306797}},"geometry":{"type":"Polygon","coordinates":[[[-3.33416,41.89104],[-3.33076,41.89092],[-3.31083,41.88389],[-3.30491,41.88043],[-3.28957,41.87641],[-3.28376,41.88381],[-3.28211,41.90121],[-3.27863,41.90977],[-3.26965,41.91918],[-3.27049,41.92397],[-3.27576,41.93639],[-3.29262,41.94224],[-3.28891,41.94578],[-3.29369,41.94905],[-3.29926,41.95649],[-3.30553,41.95526],[-3.30681,41.95663],[-3.31857,41.95088],[-3.3306,41.94181],[-3.32672,41.93376],[-3.33331,41.9175],[-3.33289,41.89928],[-3.33435,41.89435],[-3.33416,41.89104]]]}},{"type":"Feature","properties":{"mun_code":"53007","mun_name":"Comunidad de 09076, 09290, 09578, 09606 y 09822","mun_name_local":null,"prov_code":"09","prov_name":"Burgos","acom_code":"07","acom_name":"Castilla y León","geo_point_2d":{"lon":-3.307939802471379,"lat":41.99564894680931}},"geometry":{"type":"Polygon","coordinates":[[[-3.31892,42.0025],[-3.30346,41.97916],[-3.29973,42.00212],[-3.31174,42.00543],[-3.31892,42.0025]]]}},{"type":"Feature","properties":{"mun_code":"09033","mun_name":"Bahabón de Esgueva","mun_name_local":null,"prov_code":"09","prov_name":"Burgos","acom_code":"07","acom_name":"Castilla y León","geo_point_2d":{"lon":-3.7249023029481783,"lat":41.86503006481086}},"geometry":{"type":"Polygon","coordinates":[[[-3.7629,41.86365],[-3.75868,41.85774],[-3.72461,41.83667],[-3.72309,41.84303],[-3.71089,41.84261],[-3.70284,41.84601],[-3.69752,41.84495],[-3.69692,41.84647],[-3.69367,41.8462],[-3.69757,41.84769],[-3.69498,41.85967],[-3.69802,41.86525],[-3.70422,41.86935],[-3.7009,41.87183],[-3.70054,41.8813],[-3.70467,41.88426],[-3.70595,41.88357],[-3.71391,41.88628],[-3.72345,41.89375],[-3.72963,41.8937],[-3.74088,41.89089],[-3.7389,41.88814],[-3.7405,41.88162],[-3.74911,41.8746],[-3.75078,41.8677],[-3.75447,41.86526],[-3.76039,41.86404],[-3.7629,41.86365]]]}},{"type":"Feature","properties":{"mun_code":"09122","mun_name":"Espinosa de Cervera","mun_name_local":null,"prov_code":"09","prov_name":"Burgos","acom_code":"07","acom_name":"Castilla y León","geo_point_2d":{"lon":-3.4690574818862876,"lat":41.892120327069804}},"geometry":{"type":"Polygon","coordinates":[[[-3.51256,41.87886],[-3.51076,41.87432],[-3.49327,41.87153],[-3.48698,41.86],[-3.46635,41.86826],[-3.45149,41.87058],[-3.44428,41.87587],[-3.43686,41.88631],[-3.42359,41.89968],[-3.44028,41.90521],[-3.43484,41.91734],[-3.44327,41.91991],[-3.46652,41.91612],[-3.46936,41.91911],[-3.48065,41.92253],[-3.4886,41.90928],[-3.49494,41.90629],[-3.4975,41.89641],[-3.50593,41.8951],[-3.50508,41.88707],[-3.51256,41.87886]]]}},{"type":"Feature","properties":{"mun_code":"09192","mun_name":"Jurisdicción de San Zadornil","mun_name_local":null,"prov_code":"09","prov_name":"Burgos","acom_code":"07","acom_name":"Castilla y León","geo_point_2d":{"lon":-3.171041602803359,"lat":42.83906740336534}},"geometry":{"type":"Polygon","coordinates":[[[-3.20553,42.8274],[-3.19256,42.81794],[-3.17707,42.81279],[-3.17238,42.80989],[-3.16868,42.80995],[-3.15923,42.80459],[-3.14891,42.81292],[-3.14898,42.82017],[-3.14198,42.83164],[-3.14119,42.83605],[-3.13294,42.83735],[-3.13011,42.84054],[-3.13139,42.84466],[-3.12791,42.84958],[-3.13829,42.86642],[-3.13651,42.86909],[-3.13833,42.87106],[-3.14448,42.86891],[-3.14989,42.86132],[-3.16282,42.85674],[-3.17306,42.85721],[-3.19069,42.86946],[-3.20047,42.85507],[-3.207,42.85135],[-3.20944,42.84423],[-3.22218,42.83864],[-3.20921,42.83001],[-3.20553,42.8274]]]}},{"type":"Feature","properties":{"mun_code":"09091","mun_name":"Castrojeriz","mun_name_local":null,"prov_code":"09","prov_name":"Burgos","acom_code":"07","acom_name":"Castilla y León","geo_point_2d":{"lon":-4.142493591543663,"lat":42.27569857136076}},"geometry":{"type":"Polygon","coordinates":[[[-4.21529,42.20689],[-4.21207,42.20087],[-4.20576,42.1971],[-4.20584,42.19245],[-4.1995,42.18876],[-4.19096,42.18101],[-4.18864,42.17638],[-4.19148,42.16302],[-4.19721,42.15725],[-4.2061,42.15399],[-4.20078,42.15025],[-4.20431,42.14375],[-4.20327,42.1411],[-4.20501,42.13361],[-4.1869,42.12642],[-4.1772,42.13115],[-4.18116,42.1397],[-4.17879,42.15026],[-4.17041,42.15402],[-4.18462,42.15795],[-4.18947,42.16301],[-4.18873,42.16764],[-4.17558,42.19225],[-4.14697,42.21279],[-4.14063,42.21357],[-4.13122,42.21119],[-4.11393,42.21807],[-4.08765,42.23316],[-4.08654,42.23903],[-4.08139,42.24409],[-4.08821,42.25934],[-4.09807,42.26255],[-4.10333,42.27027],[-4.11236,42.27844],[-4.11304,42.28198],[-4.11031,42.29023],[-4.10349,42.28975],[-4.09798,42.29128],[-4.09538,42.29043],[-4.08761,42.29338],[-4.07964,42.29292],[-4.07249,42.29525],[-4.06936,42.29167],[-4.0648,42.29043],[-4.05932,42.29369],[-4.07236,42.30384],[-4.07265,42.30969],[-4.06921,42.31485],[-4.06925,42.32468],[-4.07679,42.32784],[-4.07929,42.33111],[-4.09062,42.33538],[-4.09773,42.34544],[-4.11548,42.34858],[-4.12176,42.35306],[-4.12714,42.3522],[-4.12887,42.35014],[-4.1365,42.35577],[-4.15082,42.35912],[-4.15517,42.36418],[-4.16069,42.36542],[-4.17326,42.37279],[-4.1777,42.37206],[-4.18559,42.36703],[-4.18834,42.36752],[-4.19195,42.36245],[-4.1899,42.36051],[-4.18985,42.35779],[-4.19322,42.35562],[-4.19249,42.35179],[-4.19732,42.34888],[-4.19446,42.33946],[-4.19582,42.33893],[-4.18162,42.3202],[-4.17323,42.32398],[-4.1639,42.31598],[-4.1659,42.3131],[-4.16198,42.30636],[-4.16259,42.30315],[-4.16093,42.30078],[-4.16564,42.29097],[-4.17918,42.2871],[-4.18301,42.28045],[-4.19374,42.27386],[-4.19651,42.26848],[-4.183,42.26258],[-4.17514,42.25695],[-4.17292,42.25252],[-4.17399,42.25074],[-4.16999,42.25039],[-4.17028,42.24621],[-4.17248,42.24468],[-4.16968,42.24312],[-4.16721,42.23818],[-4.17739,42.22003],[-4.18244,42.21665],[-4.18826,42.21591],[-4.18861,42.2133],[-4.20967,42.2061],[-4.21529,42.20689]]]}},{"type":"Feature","properties":{"mun_code":"09235","mun_name":"Olmedillo de Roa","mun_name_local":null,"prov_code":"09","prov_name":"Burgos","acom_code":"07","acom_name":"Castilla y León","geo_point_2d":{"lon":-3.9287281863967918,"lat":41.78162000731657}},"geometry":{"type":"Polygon","coordinates":[[[-3.97852,41.78505],[-3.98007,41.77923],[-3.98338,41.77709],[-3.95672,41.76385],[-3.94159,41.76925],[-3.93456,41.76751],[-3.92801,41.76831],[-3.91924,41.76705],[-3.90733,41.76221],[-3.9012,41.76258],[-3.89989,41.76089],[-3.8931,41.75977],[-3.89511,41.76403],[-3.89307,41.76644],[-3.87514,41.77667],[-3.88607,41.77935],[-3.88589,41.78821],[-3.89085,41.79217],[-3.89962,41.79489],[-3.90731,41.80093],[-3.94384,41.80135],[-3.94666,41.80352],[-3.95274,41.79927],[-3.95667,41.79388],[-3.95951,41.79331],[-3.96337,41.78801],[-3.97369,41.78641],[-3.97632,41.78723],[-3.97834,41.78554],[-3.97852,41.78505]]]}},{"type":"Feature","properties":{"mun_code":"09043","mun_name":"Los Barrios de Bureba","mun_name_local":null,"prov_code":"09","prov_name":"Burgos","acom_code":"07","acom_name":"Castilla y León","geo_point_2d":{"lon":-3.366640756479984,"lat":42.64240249457171}},"geometry":{"type":"Polygon","coordinates":[[[-3.425,42.63643],[-3.42553,42.63281],[-3.40976,42.628],[-3.40622,42.62818],[-3.40148,42.62514],[-3.40162,42.62143],[-3.3983,42.62154],[-3.39676,42.62318],[-3.38972,42.61939],[-3.37874,42.60633],[-3.3728,42.60479],[-3.35376,42.60424],[-3.34098,42.61202],[-3.34406,42.62019],[-3.32482,42.63027],[-3.32273,42.63014],[-3.32382,42.63254],[-3.32032,42.64234],[-3.32535,42.64191],[-3.3238,42.64981],[-3.32205,42.65272],[-3.31824,42.6538],[-3.31593,42.65704],[-3.31118,42.65703],[-3.31399,42.6632],[-3.31545,42.66325],[-3.32203,42.67046],[-3.33302,42.67139],[-3.34236,42.67652],[-3.34436,42.68084],[-3.35088,42.68191],[-3.35248,42.68085],[-3.35965,42.68126],[-3.36056,42.67897],[-3.36342,42.6778],[-3.35537,42.67263],[-3.35724,42.66503],[-3.36665,42.66516],[-3.37181,42.66377],[-3.38816,42.66442],[-3.40295,42.6696],[-3.40593,42.66538],[-3.40393,42.6626],[-3.4077,42.65958],[-3.41301,42.65791],[-3.42498,42.6405],[-3.425,42.63643]]]}},{"type":"Feature","properties":{"mun_code":"09073","mun_name":"Cardeñadijo","mun_name_local":null,"prov_code":"09","prov_name":"Burgos","acom_code":"07","acom_name":"Castilla y León","geo_point_2d":{"lon":-3.6666778969036744,"lat":42.295862988953296}},"geometry":{"type":"Polygon","coordinates":[[[-3.6882,42.28558],[-3.67776,42.27924],[-3.67159,42.27699],[-3.6678,42.27777],[-3.66429,42.2822],[-3.66104,42.28277],[-3.66155,42.28504],[-3.65304,42.29056],[-3.64151,42.30143],[-3.64471,42.30757],[-3.65611,42.31403],[-3.66168,42.30738],[-3.67145,42.3092],[-3.67601,42.30837],[-3.6817,42.30467],[-3.68356,42.2999],[-3.69011,42.29352],[-3.6883,42.29171],[-3.68802,42.28619],[-3.6882,42.28558]]]}},{"type":"Feature","properties":{"mun_code":"09048","mun_name":"Belorado","mun_name_local":null,"prov_code":"09","prov_name":"Burgos","acom_code":"07","acom_name":"Castilla y León","geo_point_2d":{"lon":-3.194662673884418,"lat":42.42284463265082}},"geometry":{"type":"Polygon","coordinates":[[[-3.28226,42.45565],[-3.28484,42.45089],[-3.28378,42.444],[-3.27729,42.44328],[-3.27681,42.44167],[-3.2749,42.44176],[-3.25686,42.44525],[-3.25246,42.44033],[-3.25191,42.43617],[-3.25344,42.43545],[-3.25156,42.43091],[-3.24568,42.43565],[-3.24012,42.42564],[-3.22805,42.41235],[-3.22971,42.40822],[-3.22725,42.39959],[-3.23243,42.39921],[-3.23735,42.39712],[-3.24862,42.39084],[-3.25224,42.3858],[-3.26231,42.38215],[-3.26457,42.37448],[-3.2707,42.36802],[-3.27116,42.35933],[-3.26223,42.35702],[-3.2584,42.34738],[-3.24867,42.34978],[-3.24438,42.35217],[-3.24132,42.35011],[-3.23978,42.35182],[-3.243,42.35258],[-3.24455,42.35531],[-3.23906,42.36551],[-3.23613,42.36769],[-3.23196,42.36827],[-3.22924,42.3725],[-3.21767,42.37967],[-3.21257,42.37686],[-3.21193,42.38221],[-3.20092,42.37634],[-3.1971,42.37579],[-3.20055,42.38091],[-3.19428,42.37918],[-3.18135,42.38783],[-3.17654,42.38861],[-3.16899,42.38721],[-3.16494,42.38489],[-3.1594,42.37856],[-3.15477,42.36986],[-3.14554,42.3741],[-3.13782,42.36085],[-3.1379,42.3573],[-3.14056,42.3535],[-3.13985,42.34537],[-3.14271,42.34378],[-3.14129,42.33744],[-3.13526,42.33836],[-3.13317,42.33598],[-3.11888,42.33878],[-3.11656,42.34374],[-3.10899,42.34684],[-3.1102,42.34812],[-3.10926,42.35188],[-3.08757,42.35218],[-3.0637,42.35608],[-3.06329,42.36285],[-3.07368,42.37176],[-3.08481,42.38539],[-3.0949,42.38374],[-3.10369,42.38573],[-3.10841,42.38458],[-3.10809,42.38087],[-3.11058,42.38014],[-3.1127,42.38504],[-3.11814,42.38228],[-3.12404,42.38128],[-3.12397,42.38037],[-3.1339,42.38025],[-3.13624,42.38163],[-3.14223,42.37569],[-3.14748,42.3872],[-3.15229,42.38721],[-3.15257,42.39819],[-3.15442,42.40165],[-3.15012,42.41008],[-3.14209,42.41647],[-3.14355,42.41993],[-3.15258,42.4231],[-3.15507,42.4258],[-3.13835,42.43372],[-3.151,42.43779],[-3.14846,42.44244],[-3.14839,42.44935],[-3.16657,42.4554],[-3.18895,42.45853],[-3.19722,42.45569],[-3.20374,42.45581],[-3.22128,42.46056],[-3.22597,42.45992],[-3.2289,42.46136],[-3.2325,42.46103],[-3.22242,42.46513],[-3.22241,42.46672],[-3.21941,42.46725],[-3.21821,42.46618],[-3.21082,42.46762],[-3.21096,42.46961],[-3.20796,42.46965],[-3.20708,42.46834],[-3.19041,42.47513],[-3.18403,42.4912],[-3.17889,42.49876],[-3.18121,42.49947],[-3.18972,42.4958],[-3.18805,42.50097],[-3.19062,42.50147],[-3.19363,42.50485],[-3.18845,42.50912],[-3.20762,42.51126],[-3.20825,42.51683],[-3.21289,42.51783],[-3.21873,42.51614],[-3.22122,42.51105],[-3.23125,42.51245],[-3.24223,42.50916],[-3.25582,42.49281],[-3.24788,42.48155],[-3.25496,42.47864],[-3.26023,42.47815],[-3.26194,42.4802],[-3.26426,42.47704],[-3.27431,42.47524],[-3.28003,42.46662],[-3.27763,42.4632],[-3.28233,42.45652],[-3.28226,42.45565]]]}},{"type":"Feature","properties":{"mun_code":"53009","mun_name":"Cabeza Alta","mun_name_local":null,"prov_code":"09","prov_name":"Burgos","acom_code":"07","acom_name":"Castilla y León","geo_point_2d":{"lon":-3.3718636284529997,"lat":42.01720406076404}},"geometry":{"type":"Polygon","coordinates":[[[-3.37846,42.03078],[-3.38185,42.01013],[-3.38037,42.00466],[-3.37517,42.00411],[-3.36504,42.00756],[-3.36597,42.01039],[-3.35753,42.01581],[-3.36354,42.02133],[-3.36224,42.02522],[-3.3664,42.02831],[-3.37467,42.02999],[-3.37846,42.03078]]]}},{"type":"Feature","properties":{"mun_code":"09261","mun_name":"Peñaranda de Duero","mun_name_local":null,"prov_code":"09","prov_name":"Burgos","acom_code":"07","acom_name":"Castilla y León","geo_point_2d":{"lon":-3.466417726594764,"lat":41.6869236539326}},"geometry":{"type":"Polygon","coordinates":[[[-3.51073,41.73836],[-3.50244,41.73046],[-3.50223,41.72305],[-3.49949,41.71624],[-3.49787,41.69444],[-3.49957,41.6668],[-3.5069,41.6415],[-3.4979,41.63758],[-3.44427,41.64186],[-3.44024,41.63958],[-3.43523,41.63938],[-3.433,41.63976],[-3.43259,41.64318],[-3.42975,41.64628],[-3.42149,41.64606],[-3.41906,41.6441],[-3.4166,41.64788],[-3.41772,41.65624],[-3.42674,41.65771],[-3.42795,41.67361],[-3.42972,41.6777],[-3.42817,41.68414],[-3.41998,41.6885],[-3.42234,41.69124],[-3.42148,41.69599],[-3.43012,41.7034],[-3.43863,41.72049],[-3.44735,41.72343],[-3.46376,41.73316],[-3.46093,41.74316],[-3.4834,41.74389],[-3.48868,41.74208],[-3.50155,41.74347],[-3.51002,41.74013],[-3.51073,41.73836]]]}},{"type":"Feature","properties":{"mun_code":"09168","mun_name":"La Horra","mun_name_local":null,"prov_code":"09","prov_name":"Burgos","acom_code":"07","acom_name":"Castilla y León","geo_point_2d":{"lon":-3.8756195167959824,"lat":41.742921269193246}},"geometry":{"type":"Polygon","coordinates":[[[-3.90597,41.72808],[-3.90384,41.72233],[-3.89711,41.71785],[-3.89053,41.71096],[-3.88718,41.71294],[-3.87833,41.70614],[-3.86125,41.70644],[-3.85869,41.72154],[-3.85284,41.72257],[-3.85791,41.72509],[-3.86106,41.73072],[-3.84417,41.73672],[-3.84326,41.7399],[-3.84337,41.7441],[-3.85045,41.75455],[-3.84952,41.7655],[-3.84698,41.77142],[-3.84915,41.77651],[-3.8528,41.7774],[-3.87514,41.77667],[-3.89307,41.76644],[-3.89511,41.76403],[-3.8931,41.75977],[-3.89989,41.76089],[-3.90293,41.75293],[-3.90576,41.75259],[-3.90538,41.74797],[-3.90925,41.74144],[-3.90575,41.74113],[-3.90755,41.73818],[-3.90605,41.73271],[-3.90597,41.72808]]]}},{"type":"Feature","properties":{"mun_code":"09406","mun_name":"Valdorros","mun_name_local":null,"prov_code":"09","prov_name":"Burgos","acom_code":"07","acom_name":"Castilla y León","geo_point_2d":{"lon":-3.7098375853078664,"lat":42.17224171733049}},"geometry":{"type":"Polygon","coordinates":[[[-3.74586,42.20431],[-3.74739,42.20423],[-3.74852,42.20025],[-3.73718,42.19475],[-3.73589,42.18644],[-3.73095,42.18285],[-3.73041,42.17659],[-3.73183,42.17318],[-3.7252,42.16426],[-3.71326,42.15575],[-3.71275,42.14784],[-3.70206,42.14229],[-3.69171,42.15135],[-3.67557,42.16093],[-3.67371,42.16295],[-3.67458,42.16873],[-3.68282,42.17196],[-3.6963,42.17986],[-3.70354,42.18031],[-3.70755,42.1849],[-3.71513,42.18802],[-3.71684,42.18719],[-3.71892,42.19265],[-3.72978,42.20354],[-3.74265,42.20427],[-3.74586,42.20431]]]}},{"type":"Feature","properties":{"mun_code":"09442","mun_name":"Villalmanzo","mun_name_local":null,"prov_code":"09","prov_name":"Burgos","acom_code":"07","acom_name":"Castilla y León","geo_point_2d":{"lon":-3.7326074654184516,"lat":42.065435465992394}},"geometry":{"type":"Polygon","coordinates":[[[-3.7626,42.08437],[-3.75658,42.07731],[-3.76353,42.06297],[-3.76346,42.05005],[-3.7619,42.04485],[-3.74898,42.03798],[-3.74765,42.03909],[-3.73411,42.03778],[-3.72513,42.04069],[-3.71714,42.04736],[-3.70891,42.06075],[-3.70097,42.06916],[-3.69699,42.06763],[-3.69408,42.07136],[-3.69797,42.07363],[-3.69614,42.07657],[-3.69302,42.07632],[-3.69144,42.07792],[-3.69171,42.07884],[-3.69367,42.07816],[-3.70559,42.08599],[-3.70486,42.08722],[-3.71142,42.09082],[-3.71519,42.09134],[-3.72304,42.08935],[-3.7287,42.09125],[-3.73197,42.08665],[-3.74142,42.08709],[-3.75018,42.08485],[-3.76054,42.08422],[-3.7626,42.08437]]]}},{"type":"Feature","properties":{"mun_code":"09905","mun_name":"Valle de Sedano","mun_name_local":null,"prov_code":"09","prov_name":"Burgos","acom_code":"07","acom_name":"Castilla y León","geo_point_2d":{"lon":-3.7441473197283184,"lat":42.731513654035176}},"geometry":{"type":"Polygon","coordinates":[[[-3.86583,42.66429],[-3.8662,42.66083],[-3.85797,42.6559],[-3.86228,42.65353],[-3.86068,42.64807],[-3.86154,42.64425],[-3.83076,42.63458],[-3.83015,42.63269],[-3.83209,42.63165],[-3.82797,42.6286],[-3.82369,42.62751],[-3.81884,42.62382],[-3.8095,42.62279],[-3.80722,42.61906],[-3.79137,42.61302],[-3.78625,42.60951],[-3.78728,42.60623],[-3.78328,42.6082],[-3.78374,42.6115],[-3.78091,42.61231],[-3.77764,42.61108],[-3.77309,42.61254],[-3.76223,42.60945],[-3.75735,42.61032],[-3.75267,42.61919],[-3.74801,42.6242],[-3.74456,42.6234],[-3.74068,42.62021],[-3.73788,42.62785],[-3.74505,42.65108],[-3.74305,42.65207],[-3.74303,42.6545],[-3.73991,42.65379],[-3.7311,42.65649],[-3.732,42.66031],[-3.7184,42.6698],[-3.71219,42.66948],[-3.70907,42.66289],[-3.70423,42.6602],[-3.69881,42.65925],[-3.6902,42.65107],[-3.67876,42.65403],[-3.67222,42.65807],[-3.66979,42.65839],[-3.66786,42.65591],[-3.65107,42.66174],[-3.64721,42.67162],[-3.6331,42.68016],[-3.6262,42.67686],[-3.61444,42.68048],[-3.61642,42.68744],[-3.61427,42.70739],[-3.61699,42.71215],[-3.62473,42.71547],[-3.6326,42.72321],[-3.64279,42.72706],[-3.65179,42.734],[-3.66044,42.73832],[-3.66753,42.74491],[-3.67042,42.74595],[-3.67725,42.74155],[-3.68177,42.74174],[-3.68976,42.74668],[-3.704,42.75074],[-3.70244,42.75635],[-3.70721,42.76207],[-3.71122,42.76207],[-3.71248,42.76544],[-3.72514,42.76792],[-3.71868,42.77506],[-3.70668,42.78084],[-3.70036,42.78591],[-3.70015,42.78985],[-3.69698,42.78928],[-3.69044,42.79063],[-3.67289,42.7823],[-3.66266,42.78065],[-3.65485,42.78406],[-3.65378,42.78672],[-3.69219,42.80738],[-3.70831,42.81234],[-3.72047,42.81904],[-3.72294,42.81925],[-3.72492,42.81681],[-3.72927,42.81735],[-3.7298,42.82029],[-3.72673,42.82596],[-3.73081,42.83013],[-3.73888,42.83571],[-3.75797,42.84375],[-3.77419,42.85282],[-3.78574,42.86411],[-3.78789,42.87517],[-3.79829,42.87419],[-3.81041,42.87092],[-3.8184,42.87264],[-3.81749,42.87122],[-3.82535,42.86863],[-3.83488,42.85597],[-3.83154,42.84949],[-3.81699,42.83646],[-3.81693,42.82972],[-3.82022,42.8267],[-3.81668,42.81944],[-3.8165,42.81041],[-3.82075,42.80647],[-3.82356,42.79886],[-3.8295,42.79888],[-3.82706,42.78884],[-3.82314,42.78227],[-3.82594,42.77966],[-3.82555,42.77644],[-3.82811,42.77055],[-3.82259,42.76814],[-3.80999,42.77232],[-3.80162,42.76882],[-3.78319,42.77422],[-3.77993,42.77067],[-3.77992,42.76895],[-3.78442,42.76529],[-3.78202,42.76023],[-3.77894,42.76152],[-3.77892,42.75896],[-3.76453,42.74343],[-3.77151,42.73745],[-3.77458,42.72652],[-3.7789,42.72122],[-3.78004,42.71573],[-3.77856,42.71391],[-3.77514,42.71351],[-3.77533,42.70332],[-3.77376,42.70308],[-3.774,42.70152],[-3.78596,42.68061],[-3.78595,42.67435],[-3.77745,42.66562],[-3.78749,42.65934],[-3.789,42.66136],[-3.79618,42.66269],[-3.80146,42.6654],[-3.80823,42.66645],[-3.82924,42.67379],[-3.83498,42.67342],[-3.84245,42.66443],[-3.84959,42.66799],[-3.85502,42.66734],[-3.85705,42.66916],[-3.86055,42.66906],[-3.86162,42.66601],[-3.86583,42.66429]]]}},{"type":"Feature","properties":{"mun_code":"09178","mun_name":"Ibrillos","mun_name_local":null,"prov_code":"09","prov_name":"Burgos","acom_code":"07","acom_name":"Castilla y León","geo_point_2d":{"lon":-3.0758577239725473,"lat":42.46186958658603}},"geometry":{"type":"Polygon","coordinates":[[[-3.09511,42.45324],[-3.09095,42.45292],[-3.08756,42.44735],[-3.0857,42.44823],[-3.08399,42.44721],[-3.0827,42.44943],[-3.07219,42.44927],[-3.07103,42.44772],[-3.06721,42.45658],[-3.05527,42.4558],[-3.06099,42.46199],[-3.06421,42.47095],[-3.07331,42.47648],[-3.0823,42.47448],[-3.08278,42.47594],[-3.08578,42.47466],[-3.08871,42.45506],[-3.09511,42.45324]]]}},{"type":"Feature","properties":{"mun_code":"09301","mun_name":"Quintanilla Vivar","mun_name_local":null,"prov_code":"09","prov_name":"Burgos","acom_code":"07","acom_name":"Castilla y León","geo_point_2d":{"lon":-3.680209269808437,"lat":42.413034051239485}},"geometry":{"type":"Polygon","coordinates":[[[-3.70608,42.40732],[-3.70409,42.40618],[-3.709,42.40301],[-3.70327,42.39958],[-3.69851,42.39172],[-3.68448,42.39826],[-3.67821,42.39689],[-3.66296,42.40383],[-3.65987,42.40804],[-3.65742,42.40813],[-3.65329,42.41225],[-3.64959,42.4133],[-3.65012,42.42206],[-3.65938,42.42873],[-3.66148,42.42726],[-3.67249,42.4303],[-3.68463,42.42744],[-3.69041,42.43022],[-3.70837,42.4154],[-3.70055,42.41139],[-3.70062,42.40926],[-3.70565,42.40797],[-3.70608,42.40732]]]}},{"type":"Feature","properties":{"mun_code":"09251","mun_name":"Pancorbo","mun_name_local":null,"prov_code":"09","prov_name":"Burgos","acom_code":"07","acom_name":"Castilla y León","geo_point_2d":{"lon":-3.1263146565648325,"lat":42.64973927728876}},"geometry":{"type":"Polygon","coordinates":[[[-3.18231,42.70021],[-3.18117,42.69179],[-3.17963,42.69129],[-3.17515,42.69105],[-3.1722,42.69564],[-3.16347,42.69853],[-3.15916,42.68905],[-3.15881,42.68116],[-3.15518,42.67496],[-3.15633,42.66033],[-3.15461,42.65812],[-3.15444,42.65093],[-3.16032,42.63467],[-3.15482,42.62858],[-3.1545,42.623],[-3.16435,42.61078],[-3.16202,42.60556],[-3.15085,42.59953],[-3.12948,42.60092],[-3.11766,42.60309],[-3.09522,42.60189],[-3.08102,42.61572],[-3.07788,42.62485],[-3.0864,42.62772],[-3.08107,42.63131],[-3.08474,42.63535],[-3.08415,42.64069],[-3.08051,42.64418],[-3.08117,42.64845],[-3.07904,42.651],[-3.07923,42.65312],[-3.08374,42.65346],[-3.07922,42.65751],[-3.0844,42.66831],[-3.09571,42.66936],[-3.10033,42.67148],[-3.101,42.67309],[-3.10415,42.67264],[-3.10835,42.67503],[-3.12012,42.67655],[-3.1318,42.67158],[-3.1413,42.67546],[-3.14413,42.6733],[-3.14945,42.67861],[-3.15352,42.67867],[-3.15772,42.68049],[-3.15877,42.691],[-3.15137,42.69898],[-3.14607,42.70057],[-3.13812,42.69836],[-3.1361,42.70227],[-3.13227,42.70272],[-3.13487,42.70434],[-3.13259,42.71563],[-3.13371,42.7188],[-3.132,42.71987],[-3.13937,42.72838],[-3.14009,42.73313],[-3.14457,42.73394],[-3.1476,42.73212],[-3.15042,42.7335],[-3.15418,42.72922],[-3.16124,42.7287],[-3.16213,42.72577],[-3.15842,42.71508],[-3.15995,42.7066],[-3.16646,42.70386],[-3.17646,42.7056],[-3.17788,42.70464],[-3.18231,42.70021]]]}},{"type":"Feature","properties":{"mun_code":"09152","mun_name":"Gumiel de Mercado","mun_name_local":null,"prov_code":"09","prov_name":"Burgos","acom_code":"07","acom_name":"Castilla y León","geo_point_2d":{"lon":-3.8050486908153855,"lat":41.734039780242156}},"geometry":{"type":"Polygon","coordinates":[[[-3.85877,41.70048],[-3.85687,41.69558],[-3.8518,41.69305],[-3.84523,41.68704],[-3.8322,41.68538],[-3.82897,41.68301],[-3.82448,41.68212],[-3.81641,41.67455],[-3.81079,41.67152],[-3.79929,41.6817],[-3.78649,41.68067],[-3.78241,41.69335],[-3.78579,41.70258],[-3.79868,41.71962],[-3.80928,41.73067],[-3.79952,41.73234],[-3.79641,41.73422],[-3.78888,41.73365],[-3.77907,41.73676],[-3.78644,41.74051],[-3.77924,41.74537],[-3.77133,41.74819],[-3.77574,41.76049],[-3.75361,41.77251],[-3.75313,41.77828],[-3.7464,41.78164],[-3.74109,41.79213],[-3.73284,41.80033],[-3.73585,41.80159],[-3.74781,41.79702],[-3.75412,41.79624],[-3.76721,41.79616],[-3.7686,41.79733],[-3.78063,41.79516],[-3.78235,41.78917],[-3.79364,41.7852],[-3.79321,41.78243],[-3.79615,41.77595],[-3.80184,41.77296],[-3.80586,41.76841],[-3.81788,41.76223],[-3.81855,41.7582],[-3.82094,41.75823],[-3.82128,41.75641],[-3.824,41.75664],[-3.8292,41.75276],[-3.8285,41.74352],[-3.83426,41.74067],[-3.8334,41.73987],[-3.83726,41.73399],[-3.84637,41.73603],[-3.86106,41.73072],[-3.85791,41.72509],[-3.85284,41.72257],[-3.85422,41.72203],[-3.85353,41.71903],[-3.85043,41.71454],[-3.85131,41.7043],[-3.85528,41.70105],[-3.85749,41.70118],[-3.85877,41.70048]]]}},{"type":"Feature","properties":{"mun_code":"09166","mun_name":"Las Hormazas","mun_name_local":null,"prov_code":"09","prov_name":"Burgos","acom_code":"07","acom_name":"Castilla y León","geo_point_2d":{"lon":-3.904531516655914,"lat":42.523776894648584}},"geometry":{"type":"Polygon","coordinates":[[[-3.95255,42.50818],[-3.90893,42.49921],[-3.9076,42.49702],[-3.90232,42.49816],[-3.89523,42.49386],[-3.88951,42.49511],[-3.88297,42.49229],[-3.86699,42.518],[-3.85424,42.52671],[-3.84859,42.53408],[-3.84855,42.54931],[-3.85209,42.55085],[-3.85585,42.55033],[-3.86885,42.53989],[-3.87513,42.54125],[-3.88988,42.53752],[-3.89974,42.53656],[-3.90919,42.53828],[-3.91071,42.54054],[-3.9082,42.55718],[-3.91186,42.55721],[-3.92891,42.55114],[-3.94174,42.53919],[-3.95501,42.53129],[-3.95272,42.51094],[-3.95255,42.50818]]]}},{"type":"Feature","properties":{"mun_code":"09024","mun_name":"Arenillas de Riopisuerga","mun_name_local":null,"prov_code":"09","prov_name":"Burgos","acom_code":"07","acom_name":"Castilla y León","geo_point_2d":{"lon":-4.223269910040303,"lat":42.34950488299509}},"geometry":{"type":"Polygon","coordinates":[[[-4.25314,42.36836],[-4.26018,42.36368],[-4.25966,42.35802],[-4.25509,42.35584],[-4.24874,42.34821],[-4.24213,42.3346],[-4.24205,42.32626],[-4.24035,42.32327],[-4.24164,42.3146],[-4.22232,42.31206],[-4.21908,42.31889],[-4.20085,42.32827],[-4.20069,42.33207],[-4.19446,42.33946],[-4.19732,42.34888],[-4.19249,42.35179],[-4.19322,42.35562],[-4.18953,42.35939],[-4.19195,42.36245],[-4.18834,42.36752],[-4.1939,42.3716],[-4.19455,42.37056],[-4.1996,42.37017],[-4.20555,42.37838],[-4.21045,42.37879],[-4.21697,42.37625],[-4.23165,42.37597],[-4.24156,42.37859],[-4.25069,42.37023],[-4.25314,42.36836]]]}},{"type":"Feature","properties":{"mun_code":"09266","mun_name":"Pineda de la Sierra","mun_name_local":null,"prov_code":"09","prov_name":"Burgos","acom_code":"07","acom_name":"Castilla y León","geo_point_2d":{"lon":-3.2892576643640523,"lat":42.22101945179483}},"geometry":{"type":"Polygon","coordinates":[[[-3.36768,42.21275],[-3.35464,42.20322],[-3.33043,42.1993],[-3.31727,42.19191],[-3.31304,42.18627],[-3.28428,42.17804],[-3.28051,42.17798],[-3.2706,42.18154],[-3.27045,42.18744],[-3.26596,42.19019],[-3.26419,42.19622],[-3.25443,42.20274],[-3.24966,42.20455],[-3.23587,42.20501],[-3.22684,42.21673],[-3.21294,42.2206],[-3.20633,42.23202],[-3.21398,42.23651],[-3.21627,42.24318],[-3.22279,42.24685],[-3.22945,42.24847],[-3.2363,42.24777],[-3.24204,42.25117],[-3.24514,42.25624],[-3.24722,42.2524],[-3.25611,42.24531],[-3.26426,42.24398],[-3.2828,42.24651],[-3.29486,42.25019],[-3.30964,42.25049],[-3.32135,42.25566],[-3.33245,42.25692],[-3.33942,42.2549],[-3.33542,42.2526],[-3.33549,42.2501],[-3.35964,42.22982],[-3.3559,42.21935],[-3.35746,42.21665],[-3.36411,42.2139],[-3.36768,42.21275]]]}},{"type":"Feature","properties":{"mun_code":"09216","mun_name":"Merindad de Valdeporres","mun_name_local":null,"prov_code":"09","prov_name":"Burgos","acom_code":"07","acom_name":"Castilla y León","geo_point_2d":{"lon":-3.7591527263028537,"lat":43.02022655486181}},"geometry":{"type":"Polygon","coordinates":[[[-3.85112,43.03909],[-3.85374,43.03802],[-3.85491,43.03461],[-3.83659,43.02141],[-3.83317,43.01462],[-3.83027,43.01378],[-3.82841,43.01132],[-3.81846,43.00918],[-3.81524,43.00725],[-3.8109,43.00774],[-3.80776,43.0059],[-3.80303,43.01006],[-3.79959,43.00795],[-3.79609,43.00814],[-3.78997,43.00403],[-3.787,42.99976],[-3.78389,42.99978],[-3.76931,42.99501],[-3.76957,42.99182],[-3.75676,42.98608],[-3.75507,42.98149],[-3.7462,42.97715],[-3.74713,42.97604],[-3.73958,42.97566],[-3.73862,42.97214],[-3.73138,42.96786],[-3.72991,42.96113],[-3.73731,42.9523],[-3.73665,42.94974],[-3.73442,42.94866],[-3.71783,42.94525],[-3.71549,42.94736],[-3.70886,42.9467],[-3.69109,42.94796],[-3.68828,42.94704],[-3.68814,42.93729],[-3.67821,42.93863],[-3.66891,42.9424],[-3.67174,42.94524],[-3.66566,42.94891],[-3.66063,42.94932],[-3.64915,42.95949],[-3.65145,42.96293],[-3.64637,42.96577],[-3.64996,42.96689],[-3.65055,42.96862],[-3.65872,42.97184],[-3.66411,42.97204],[-3.66556,42.97499],[-3.66949,42.97546],[-3.67034,42.97801],[-3.67288,42.97789],[-3.6723,42.9789],[-3.68389,42.98198],[-3.68917,42.98495],[-3.70216,42.98672],[-3.70943,42.98911],[-3.71612,42.99375],[-3.71849,43.00146],[-3.70969,43.01614],[-3.70879,43.02939],[-3.71432,43.03449],[-3.71863,43.04252],[-3.73017,43.05048],[-3.73968,43.07895],[-3.76056,43.08352],[-3.76759,43.0803],[-3.7758,43.08253],[-3.78043,43.07987],[-3.79028,43.07813],[-3.80111,43.08321],[-3.80631,43.08345],[-3.81021,43.08665],[-3.81533,43.0856],[-3.8186,43.08184],[-3.82326,43.08058],[-3.83575,43.08056],[-3.84439,43.08246],[-3.84701,43.08442],[-3.85078,43.08004],[-3.85072,43.07705],[-3.84602,43.071],[-3.83177,43.06383],[-3.83399,43.06291],[-3.8345,43.05806],[-3.84269,43.0513],[-3.84976,43.0484],[-3.84915,43.04111],[-3.85079,43.03925],[-3.85112,43.03909]]]}},{"type":"Feature","properties":{"mun_code":"09294","mun_name":"Quintanilla de la Mata","mun_name_local":null,"prov_code":"09","prov_name":"Burgos","acom_code":"07","acom_name":"Castilla y León","geo_point_2d":{"lon":-3.789026138047093,"lat":41.99421490229805}},"geometry":{"type":"Polygon","coordinates":[[[-3.84089,41.99885],[-3.84033,41.99609],[-3.80872,41.99219],[-3.80558,41.98057],[-3.80103,41.97666],[-3.7951,41.9832],[-3.79393,41.98559],[-3.79494,41.98989],[-3.7909,41.99555],[-3.78057,41.99948],[-3.77777,42.00249],[-3.76733,42.00314],[-3.76472,41.99966],[-3.76227,42.00045],[-3.7652,41.99561],[-3.77082,41.99344],[-3.76833,41.9918],[-3.77464,41.98719],[-3.77294,41.98482],[-3.77695,41.98167],[-3.77451,41.97992],[-3.77697,41.97563],[-3.7695,41.97485],[-3.75276,41.97746],[-3.74826,41.99358],[-3.74548,41.99586],[-3.7496,42.00321],[-3.75575,42.00614],[-3.77385,42.003],[-3.78972,42.00342],[-3.79661,42.00783],[-3.80543,42.00545],[-3.81373,42.00815],[-3.83177,42.00926],[-3.83271,42.00416],[-3.84216,42.00052],[-3.84107,41.99925],[-3.84089,41.99885]]]}},{"type":"Feature","properties":{"mun_code":"09400","mun_name":"Vadocondes","mun_name_local":null,"prov_code":"09","prov_name":"Burgos","acom_code":"07","acom_name":"Castilla y León","geo_point_2d":{"lon":-3.5725225574842416,"lat":41.62839622416877}},"geometry":{"type":"Polygon","coordinates":[[[-3.61068,41.62464],[-3.60749,41.62073],[-3.60603,41.61479],[-3.60308,41.61368],[-3.59617,41.6151],[-3.59275,41.61251],[-3.58466,41.61082],[-3.57783,41.60752],[-3.57313,41.60749],[-3.56865,41.60321],[-3.55151,41.60737],[-3.53305,41.61013],[-3.52894,41.62604],[-3.53057,41.62863],[-3.54131,41.62789],[-3.54769,41.62876],[-3.54837,41.64099],[-3.54591,41.64441],[-3.55344,41.644],[-3.57226,41.6502],[-3.57483,41.65946],[-3.57953,41.6569],[-3.60381,41.64984],[-3.60658,41.63286],[-3.60997,41.6261],[-3.61068,41.62464]]]}},{"type":"Feature","properties":{"mun_code":"09231","mun_name":"Nebreda","mun_name_local":null,"prov_code":"09","prov_name":"Burgos","acom_code":"07","acom_name":"Castilla y León","geo_point_2d":{"lon":-3.6202960993111555,"lat":41.95984711772218}},"geometry":{"type":"Polygon","coordinates":[[[-3.64936,41.93308],[-3.62746,41.93013],[-3.62415,41.92197],[-3.61687,41.93344],[-3.60317,41.93138],[-3.59919,41.93811],[-3.57998,41.93899],[-3.57227,41.94128],[-3.58961,41.94373],[-3.58906,41.95078],[-3.59053,41.95453],[-3.58797,41.96246],[-3.59046,41.97148],[-3.60661,41.97732],[-3.61158,41.98472],[-3.62401,41.98928],[-3.63364,41.9978],[-3.63501,41.99926],[-3.62891,42.00677],[-3.6343,42.00698],[-3.63651,42.00587],[-3.63806,42.0047],[-3.63946,41.99754],[-3.6475,41.9929],[-3.64183,41.98375],[-3.64797,41.95882],[-3.64621,41.94622],[-3.64182,41.946],[-3.64371,41.94253],[-3.64324,41.93973],[-3.64745,41.93471],[-3.64936,41.93308]]]}},{"type":"Feature","properties":{"mun_code":"53040","mun_name":"Comunidad de Tardajos y Rabé de las Calzadas","mun_name_local":null,"prov_code":"09","prov_name":"Burgos","acom_code":"07","acom_name":"Castilla y León","geo_point_2d":{"lon":-3.8281183080025074,"lat":42.330360209538206}},"geometry":{"type":"Polygon","coordinates":[[[-3.83228,42.32517],[-3.82492,42.32656],[-3.82231,42.33113],[-3.82763,42.33435],[-3.82662,42.33705],[-3.83003,42.33671],[-3.83224,42.32607],[-3.83228,42.32517]]]}},{"type":"Feature","properties":{"mun_code":"09302","mun_name":"Rabanera del Pinar","mun_name_local":null,"prov_code":"09","prov_name":"Burgos","acom_code":"07","acom_name":"Castilla y León","geo_point_2d":{"lon":-3.1978150546592414,"lat":41.896081496726026}},"geometry":{"type":"Polygon","coordinates":[[[-3.24658,41.86569],[-3.24334,41.864],[-3.21961,41.87967],[-3.21018,41.8753],[-3.20569,41.87099],[-3.2012,41.86901],[-3.19604,41.87434],[-3.16738,41.88218],[-3.16627,41.88582],[-3.16173,41.88597],[-3.15604,41.88329],[-3.15321,41.88394],[-3.15229,41.88781],[-3.15478,41.89429],[-3.15131,41.89848],[-3.15156,41.90123],[-3.14567,41.91189],[-3.1631,41.91879],[-3.19345,41.91853],[-3.19949,41.92195],[-3.20333,41.92194],[-3.22095,41.91191],[-3.2314,41.9108],[-3.24063,41.89664],[-3.24301,41.89629],[-3.24773,41.8859],[-3.24046,41.88161],[-3.24658,41.86569]]]}},{"type":"Feature","properties":{"mun_code":"09356","mun_name":"Santibáñez del Val","mun_name_local":null,"prov_code":"09","prov_name":"Burgos","acom_code":"07","acom_name":"Castilla y León","geo_point_2d":{"lon":-3.4842098853376027,"lat":41.97507950569749}},"geometry":{"type":"Polygon","coordinates":[[[-3.51279,41.94491],[-3.50088,41.94342],[-3.49795,41.94622],[-3.49166,41.94704],[-3.47477,41.95563],[-3.47318,41.96563],[-3.46715,41.97626],[-3.46804,41.98086],[-3.46322,41.99205],[-3.45908,41.99461],[-3.46544,41.99631],[-3.46245,42.00938],[-3.48446,42.00141],[-3.48384,41.99781],[-3.49136,41.99492],[-3.49445,41.98477],[-3.49202,41.98687],[-3.4798,41.98571],[-3.48133,41.98322],[-3.49303,41.98473],[-3.4979,41.98127],[-3.50442,41.97138],[-3.50224,41.97056],[-3.50261,41.96696],[-3.50085,41.96426],[-3.50126,41.96068],[-3.50439,41.95846],[-3.50287,41.95229],[-3.51226,41.9465],[-3.51279,41.94491]]]}},{"type":"Feature","properties":{"mun_code":"09229","mun_name":"Nava de Roa","mun_name_local":null,"prov_code":"09","prov_name":"Burgos","acom_code":"07","acom_name":"Castilla y León","geo_point_2d":{"lon":-3.9642496002451004,"lat":41.61519268763865}},"geometry":{"type":"Polygon","coordinates":[[[-4.00332,41.61596],[-4.00848,41.61196],[-4.00873,41.61003],[-3.99286,41.60866],[-3.99244,41.60044],[-3.99009,41.5984],[-3.98441,41.59749],[-3.98461,41.58888],[-3.98163,41.58366],[-3.96817,41.58462],[-3.96383,41.58608],[-3.9647,41.58692],[-3.95263,41.5938],[-3.95244,41.60115],[-3.94786,41.60941],[-3.94871,41.61157],[-3.93895,41.61755],[-3.92411,41.63679],[-3.93515,41.64254],[-3.94314,41.63952],[-3.94518,41.64201],[-3.94895,41.64275],[-3.95402,41.64108],[-3.96048,41.6434],[-3.96409,41.63917],[-3.97453,41.63245],[-3.97484,41.63127],[-3.97161,41.62896],[-3.98388,41.62209],[-3.99686,41.61839],[-4.00389,41.61407],[-4.00332,41.61596]]]}},{"type":"Feature","properties":{"mun_code":"09246","mun_name":"Palacios de la Sierra","mun_name_local":null,"prov_code":"09","prov_name":"Burgos","acom_code":"07","acom_name":"Castilla y León","geo_point_2d":{"lon":-3.1208736699909583,"lat":41.95910879860489}},"geometry":{"type":"Polygon","coordinates":[[[-3.16766,41.98343],[-3.17651,41.96737],[-3.16626,41.94611],[-3.16363,41.93237],[-3.16437,41.91887],[-3.14702,41.91265],[-3.14567,41.91189],[-3.14663,41.91057],[-3.12023,41.89873],[-3.10293,41.88866],[-3.09912,41.89232],[-3.09887,41.89524],[-3.09456,41.90152],[-3.09946,41.91342],[-3.09675,41.92672],[-3.09861,41.94965],[-3.09638,41.96689],[-3.08027,41.98878],[-3.05768,42.01179],[-3.05652,42.01489],[-3.05786,42.02387],[-3.0598,42.02279],[-3.07059,42.02432],[-3.09682,42.01881],[-3.10759,42.00778],[-3.11827,42.00069],[-3.11856,41.9978],[-3.12364,41.99168],[-3.12988,41.99114],[-3.14201,41.99262],[-3.14795,41.99074],[-3.14942,41.98808],[-3.15415,41.98599],[-3.15586,41.98205],[-3.16017,41.98012],[-3.1678,41.98293],[-3.16766,41.98343]]]}},{"type":"Feature","properties":{"mun_code":"53014","mun_name":"Comunidad de Barbadillo del Pez y Riocavado de la Sierra","mun_name_local":null,"prov_code":"09","prov_name":"Burgos","acom_code":"07","acom_name":"Castilla y León","geo_point_2d":{"lon":-3.2287618599875256,"lat":42.14885696213111}},"geometry":{"type":"Polygon","coordinates":[[[-3.24222,42.15799],[-3.23483,42.15676],[-3.23261,42.14034],[-3.22988,42.13853],[-3.22269,42.13973],[-3.21452,42.13934],[-3.22017,42.14811],[-3.2302,42.15806],[-3.24167,42.16484],[-3.24222,42.15799]]]}},{"type":"Feature","properties":{"mun_code":"09128","mun_name":"Frandovínez","mun_name_local":null,"prov_code":"09","prov_name":"Burgos","acom_code":"07","acom_name":"Castilla y León","geo_point_2d":{"lon":-3.846297419612438,"lat":42.31022905338662}},"geometry":{"type":"Polygon","coordinates":[[[-3.86527,42.29517],[-3.86167,42.29426],[-3.85518,42.29698],[-3.85466,42.29561],[-3.85121,42.2972],[-3.84678,42.29374],[-3.84168,42.29547],[-3.83455,42.29473],[-3.83053,42.29685],[-3.831,42.30057],[-3.83431,42.30254],[-3.83448,42.30783],[-3.83138,42.30929],[-3.82822,42.31829],[-3.82961,42.32531],[-3.83228,42.32517],[-3.83289,42.32728],[-3.84416,42.32706],[-3.85502,42.32315],[-3.86252,42.31848],[-3.86418,42.31014],[-3.86143,42.30514],[-3.86477,42.29701],[-3.86527,42.29517]]]}},{"type":"Feature","properties":{"mun_code":"09346","mun_name":"Santa Cruz del Valle Urbión","mun_name_local":null,"prov_code":"09","prov_name":"Burgos","acom_code":"07","acom_name":"Castilla y León","geo_point_2d":{"lon":-3.209490463164404,"lat":42.273045470429935}},"geometry":{"type":"Polygon","coordinates":[[[-3.24514,42.25624],[-3.24204,42.25117],[-3.2363,42.24777],[-3.22945,42.24847],[-3.22279,42.24685],[-3.21627,42.24318],[-3.21398,42.23651],[-3.20633,42.23202],[-3.18968,42.24053],[-3.18382,42.24223],[-3.18272,42.24563],[-3.17766,42.24958],[-3.17578,42.25428],[-3.17734,42.25924],[-3.17264,42.26424],[-3.17052,42.26977],[-3.17966,42.27761],[-3.19099,42.28215],[-3.19176,42.29233],[-3.1949,42.2973],[-3.20029,42.29877],[-3.2092,42.30615],[-3.2083,42.31148],[-3.20622,42.3133],[-3.20652,42.3165],[-3.21231,42.32232],[-3.21388,42.3211],[-3.21621,42.32163],[-3.23049,42.31172],[-3.23942,42.3087],[-3.23302,42.30203],[-3.23142,42.29236],[-3.2375,42.2806],[-3.23261,42.26945],[-3.24157,42.25826],[-3.24514,42.25624]]]}},{"type":"Feature","properties":{"mun_code":"53026","mun_name":"Comunidad de Gete y Hacinas","mun_name_local":null,"prov_code":"09","prov_name":"Burgos","acom_code":"07","acom_name":"Castilla y León","geo_point_2d":{"lon":-3.293794144347696,"lat":41.95431170137451}},"geometry":{"type":"Polygon","coordinates":[[[-3.30167,41.96093],[-3.30157,41.95842],[-3.29369,41.94905],[-3.28712,41.94542],[-3.28889,41.95527],[-3.29689,41.96156],[-3.30167,41.96093]]]}},{"type":"Feature","properties":{"mun_code":"09483","mun_name":"Zazuar","mun_name_local":null,"prov_code":"09","prov_name":"Burgos","acom_code":"07","acom_name":"Castilla y León","geo_point_2d":{"lon":-3.5514890218347244,"lat":41.68138000070526}},"geometry":{"type":"Polygon","coordinates":[[[-3.57483,41.65946],[-3.57226,41.6502],[-3.55344,41.644],[-3.54591,41.64441],[-3.53703,41.66308],[-3.53653,41.68673],[-3.52242,41.70303],[-3.52404,41.70759],[-3.53336,41.71502],[-3.54261,41.7153],[-3.54921,41.71743],[-3.56325,41.70761],[-3.56451,41.70123],[-3.56738,41.70111],[-3.57134,41.69651],[-3.56701,41.68148],[-3.57365,41.67229],[-3.57465,41.66247],[-3.57483,41.65946]]]}},{"type":"Feature","properties":{"mun_code":"09411","mun_name":"Valle de Oca","mun_name_local":null,"prov_code":"09","prov_name":"Burgos","acom_code":"07","acom_name":"Castilla y León","geo_point_2d":{"lon":-3.3243074398646404,"lat":42.44250194182735}},"geometry":{"type":"Polygon","coordinates":[[[-3.37242,42.44035],[-3.37598,42.43644],[-3.37523,42.43395],[-3.36666,42.43666],[-3.3641,42.43523],[-3.35978,42.43579],[-3.35395,42.43304],[-3.35208,42.43698],[-3.34946,42.43239],[-3.34558,42.43232],[-3.34211,42.42563],[-3.34434,42.42142],[-3.34403,42.41703],[-3.34595,42.41532],[-3.34648,42.40258],[-3.34152,42.4042],[-3.33951,42.40073],[-3.33243,42.39616],[-3.31881,42.41526],[-3.31932,42.41868],[-3.30673,42.42079],[-3.29565,42.42046],[-3.29383,42.42356],[-3.28915,42.42413],[-3.28193,42.42734],[-3.27684,42.43261],[-3.27729,42.44328],[-3.28378,42.444],[-3.28481,42.44768],[-3.28226,42.45565],[-3.30746,42.46422],[-3.30861,42.46694],[-3.31334,42.46893],[-3.3183,42.47477],[-3.31753,42.4778],[-3.32398,42.48176],[-3.32609,42.47981],[-3.33225,42.47995],[-3.33888,42.47822],[-3.34623,42.47424],[-3.34724,42.46942],[-3.35694,42.46396],[-3.36176,42.45804],[-3.36169,42.44989],[-3.36979,42.44276],[-3.37242,42.44035]]]}},{"type":"Feature","properties":{"mun_code":"09114","mun_name":"Cubillo del Campo","mun_name_local":null,"prov_code":"09","prov_name":"Burgos","acom_code":"07","acom_name":"Castilla y León","geo_point_2d":{"lon":-3.599219480247848,"lat":42.15581156922806}},"geometry":{"type":"MultiPolygon","coordinates":[[[[-3.5951,42.14234],[-3.60957,42.15475],[-3.61469,42.15737],[-3.62105,42.1563],[-3.62599,42.15323],[-3.62206,42.14584],[-3.60806,42.13156],[-3.59229,42.1356],[-3.59484,42.1419],[-3.5951,42.14234]]],[[[-3.57556,42.16685],[-3.57269,42.16985],[-3.57676,42.17356],[-3.59118,42.17029],[-3.60711,42.17313],[-3.60752,42.17474],[-3.60956,42.17436],[-3.61257,42.17597],[-3.62212,42.17698],[-3.62529,42.17327],[-3.62766,42.17279],[-3.6271,42.17154],[-3.62126,42.16973],[-3.60302,42.15085],[-3.5909,42.14118],[-3.58839,42.14168],[-3.58571,42.13922],[-3.58419,42.13937],[-3.58093,42.14632],[-3.57443,42.14955],[-3.57665,42.15158],[-3.57142,42.16411],[-3.57579,42.166],[-3.57556,42.16685]]]]}},{"type":"Feature","properties":{"mun_code":"09066","mun_name":"Campolara","mun_name_local":null,"prov_code":"09","prov_name":"Burgos","acom_code":"07","acom_name":"Castilla y León","geo_point_2d":{"lon":-3.4201250679705377,"lat":42.11967306686664}},"geometry":{"type":"Polygon","coordinates":[[[-3.44253,42.10254],[-3.4241,42.09361],[-3.42161,42.09371],[-3.42083,42.09683],[-3.4174,42.09976],[-3.40916,42.10175],[-3.40587,42.10385],[-3.40624,42.10666],[-3.40282,42.11201],[-3.4067,42.12293],[-3.40132,42.13187],[-3.40164,42.14065],[-3.39724,42.14473],[-3.40852,42.14666],[-3.41248,42.14504],[-3.41412,42.14108],[-3.42293,42.14326],[-3.43787,42.12155],[-3.44172,42.10591],[-3.44253,42.10254]]]}},{"type":"Feature","properties":{"mun_code":"09190","mun_name":"Junta de Villalba de Losa","mun_name_local":null,"prov_code":"09","prov_name":"Burgos","acom_code":"07","acom_name":"Castilla y León","geo_point_2d":{"lon":-3.0713000850142227,"lat":42.9553050403065}},"geometry":{"type":"Polygon","coordinates":[[[-3.10466,42.91016],[-3.09297,42.90074],[-3.09378,42.89925],[-3.08952,42.899],[-3.08913,42.90378],[-3.09266,42.90871],[-3.08686,42.91131],[-3.08872,42.91741],[-3.08489,42.91906],[-3.0823,42.91835],[-3.07673,42.92617],[-3.06865,42.92685],[-3.06353,42.92439],[-3.05999,42.92419],[-3.05082,42.92661],[-3.03487,42.93901],[-3.0306,42.94913],[-3.02202,42.95333],[-3.022,42.9573],[-3.01992,42.95866],[-3.0206,42.96066],[-3.02831,42.96315],[-3.02905,42.96496],[-3.03411,42.96586],[-3.03793,42.96881],[-3.04187,42.96922],[-3.04518,42.97306],[-3.03954,42.97692],[-3.0371,42.98183],[-3.04309,42.98341],[-3.04825,42.99053],[-3.05171,42.9907],[-3.0523,42.99354],[-3.061,42.99831],[-3.06037,43.00321],[-3.07123,43.00521],[-3.07667,43.00869],[-3.07951,43.00462],[-3.08915,43.0015],[-3.08471,42.98491],[-3.08354,42.97175],[-3.09141,42.96784],[-3.10363,42.96727],[-3.1158,42.95163],[-3.11251,42.94968],[-3.10317,42.9351],[-3.11006,42.93179],[-3.10824,42.93069],[-3.10887,42.92833],[-3.10488,42.92491],[-3.11061,42.91406],[-3.10577,42.91122],[-3.10466,42.91016]]]}},{"type":"Feature","properties":{"mun_code":"09423","mun_name":"Vileña","mun_name_local":null,"prov_code":"09","prov_name":"Burgos","acom_code":"07","acom_name":"Castilla y León","geo_point_2d":{"lon":-3.3233812653912334,"lat":42.61621780159441}},"geometry":{"type":"Polygon","coordinates":[[[-3.34098,42.61202],[-3.32125,42.60237],[-3.30383,42.60945],[-3.30513,42.61635],[-3.30665,42.61643],[-3.31015,42.62208],[-3.31874,42.62986],[-3.32482,42.63027],[-3.34406,42.62019],[-3.34157,42.61271],[-3.34098,42.61202]]]}},{"type":"Feature","properties":{"mun_code":"09392","mun_name":"Tosantos","mun_name_local":null,"prov_code":"09","prov_name":"Burgos","acom_code":"07","acom_name":"Castilla y León","geo_point_2d":{"lon":-3.2414221458023937,"lat":42.41243600134506}},"geometry":{"type":"Polygon","coordinates":[[[-3.25224,42.3858],[-3.24862,42.39084],[-3.24446,42.39347],[-3.23243,42.39921],[-3.22725,42.39959],[-3.22971,42.40822],[-3.22805,42.41235],[-3.24012,42.42564],[-3.24568,42.43565],[-3.2539,42.42744],[-3.25106,42.42266],[-3.25199,42.41775],[-3.24868,42.41381],[-3.24891,42.40671],[-3.24647,42.40155],[-3.24787,42.3992],[-3.24705,42.395],[-3.25164,42.38711],[-3.25224,42.3858]]]}},{"type":"Feature","properties":{"mun_code":"09316","mun_name":"Revilla Vallejera","mun_name_local":null,"prov_code":"09","prov_name":"Burgos","acom_code":"07","acom_name":"Castilla y León","geo_point_2d":{"lon":-4.1306159371252145,"lat":42.15064727467595}},"geometry":{"type":"Polygon","coordinates":[[[-4.17041,42.15402],[-4.17902,42.14929],[-4.18116,42.1397],[-4.1772,42.13115],[-4.17849,42.12849],[-4.17677,42.12586],[-4.16812,42.1296],[-4.15111,42.13131],[-4.14406,42.12922],[-4.14159,42.1236],[-4.14208,42.11963],[-4.13771,42.11975],[-4.13246,42.12337],[-4.12835,42.12219],[-4.12524,42.12288],[-4.12153,42.12833],[-4.11521,42.12479],[-4.11104,42.13421],[-4.10637,42.13487],[-4.10273,42.13724],[-4.11004,42.14319],[-4.11184,42.15858],[-4.09423,42.15772],[-4.08354,42.16297],[-4.07232,42.17065],[-4.07594,42.17331],[-4.08437,42.17094],[-4.08434,42.16933],[-4.10308,42.17859],[-4.11106,42.18757],[-4.12036,42.18701],[-4.12288,42.18558],[-4.12442,42.17247],[-4.12795,42.1671],[-4.13284,42.16579],[-4.13187,42.16376],[-4.13637,42.15991],[-4.1398,42.15953],[-4.13845,42.15803],[-4.14314,42.15488],[-4.15358,42.15308],[-4.16595,42.15375],[-4.17041,42.15402]]]}},{"type":"Feature","properties":{"mun_code":"09323","mun_name":"Rojas","mun_name_local":null,"prov_code":"09","prov_name":"Burgos","acom_code":"07","acom_name":"Castilla y León","geo_point_2d":{"lon":-3.4473136254519186,"lat":42.58527795497879}},"geometry":{"type":"Polygon","coordinates":[[[-3.48262,42.56984],[-3.47681,42.56829],[-3.46441,42.57364],[-3.46085,42.57316],[-3.45611,42.56938],[-3.44922,42.57205],[-3.44224,42.56787],[-3.44475,42.56416],[-3.43983,42.55766],[-3.4423,42.5549],[-3.43354,42.55374],[-3.42295,42.56302],[-3.42041,42.56745],[-3.40739,42.56603],[-3.40066,42.56909],[-3.40459,42.57616],[-3.40427,42.57888],[-3.42088,42.5848],[-3.4256,42.59334],[-3.4318,42.59996],[-3.43202,42.60502],[-3.43937,42.6093],[-3.44016,42.61259],[-3.45011,42.6127],[-3.47003,42.6099],[-3.48218,42.60557],[-3.4776,42.60434],[-3.48243,42.59881],[-3.47996,42.5891],[-3.4842,42.5723],[-3.48205,42.57263],[-3.48262,42.56984]]]}},{"type":"Feature","properties":{"mun_code":"09023","mun_name":"Arcos","mun_name_local":null,"prov_code":"09","prov_name":"Burgos","acom_code":"07","acom_name":"Castilla y León","geo_point_2d":{"lon":-3.758342934068311,"lat":42.2462599735491}},"geometry":{"type":"Polygon","coordinates":[[[-3.80476,42.24129],[-3.80365,42.24007],[-3.80556,42.2388],[-3.80155,42.2363],[-3.79911,42.23672],[-3.79189,42.22499],[-3.78857,42.22314],[-3.79096,42.21523],[-3.78549,42.21408],[-3.77973,42.21462],[-3.77388,42.21231],[-3.74677,42.2245],[-3.72785,42.22675],[-3.71944,42.22415],[-3.71466,42.22466],[-3.72156,42.23594],[-3.72225,42.2422],[-3.73023,42.24516],[-3.73302,42.26307],[-3.74411,42.26726],[-3.74124,42.26981],[-3.74296,42.27166],[-3.74221,42.27409],[-3.7406,42.27608],[-3.73656,42.27706],[-3.72869,42.28664],[-3.7472,42.28818],[-3.7626,42.28633],[-3.76273,42.2841],[-3.7664,42.282],[-3.76399,42.27552],[-3.76719,42.27593],[-3.7667,42.27354],[-3.76976,42.27183],[-3.77192,42.26416],[-3.77274,42.2599],[-3.76932,42.25738],[-3.77029,42.25499],[-3.77372,42.25385],[-3.77649,42.25051],[-3.78453,42.2501],[-3.79011,42.24586],[-3.80178,42.24349],[-3.80476,42.24129]]]}},{"type":"Feature","properties":{"mun_code":"09197","mun_name":"Madrigalejo del Monte","mun_name_local":null,"prov_code":"09","prov_name":"Burgos","acom_code":"07","acom_name":"Castilla y León","geo_point_2d":{"lon":-3.7315043280464035,"lat":42.1444427779579}},"geometry":{"type":"Polygon","coordinates":[[[-3.76834,42.13947],[-3.76583,42.13667],[-3.76646,42.13371],[-3.76179,42.13401],[-3.74768,42.131],[-3.73902,42.11986],[-3.72691,42.1162],[-3.71086,42.11906],[-3.70117,42.11771],[-3.69671,42.12373],[-3.69538,42.1205],[-3.68998,42.11962],[-3.68595,42.12446],[-3.69829,42.13391],[-3.70311,42.14355],[-3.71275,42.14784],[-3.71326,42.15575],[-3.7252,42.16426],[-3.73247,42.1742],[-3.73763,42.17482],[-3.74312,42.17939],[-3.747,42.17885],[-3.75383,42.18608],[-3.7519,42.18807],[-3.75755,42.18621],[-3.75105,42.17869],[-3.76249,42.16688],[-3.75751,42.16395],[-3.75725,42.16143],[-3.7618,42.15328],[-3.75694,42.14046],[-3.76685,42.13967],[-3.76834,42.13947]]]}},{"type":"Feature","properties":{"mun_code":"09035","mun_name":"Baños de Valdearados","mun_name_local":null,"prov_code":"09","prov_name":"Burgos","acom_code":"07","acom_name":"Castilla y León","geo_point_2d":{"lon":-3.5564468539108307,"lat":41.77037836364685}},"geometry":{"type":"Polygon","coordinates":[[[-3.60951,41.7571],[-3.60827,41.74882],[-3.58943,41.73617],[-3.57489,41.74183],[-3.56132,41.73833],[-3.55356,41.74372],[-3.55303,41.74619],[-3.54306,41.75246],[-3.53358,41.75363],[-3.53052,41.76441],[-3.51909,41.76774],[-3.50667,41.77398],[-3.50461,41.77845],[-3.50759,41.7885],[-3.51753,41.78984],[-3.51725,41.79586],[-3.52562,41.80547],[-3.53225,41.80637],[-3.53586,41.80234],[-3.54275,41.80103],[-3.54592,41.79609],[-3.55038,41.79676],[-3.55135,41.80124],[-3.56885,41.79508],[-3.58063,41.78479],[-3.58204,41.77555],[-3.58654,41.76921],[-3.59187,41.76507],[-3.59846,41.76483],[-3.60486,41.7615],[-3.60951,41.7571]]]}},{"type":"Feature","properties":{"mun_code":"09466","mun_name":"Villaverde del Monte","mun_name_local":null,"prov_code":"09","prov_name":"Burgos","acom_code":"07","acom_name":"Castilla y León","geo_point_2d":{"lon":-3.8403510894874255,"lat":42.14051677896869}},"geometry":{"type":"Polygon","coordinates":[[[-3.89552,42.11143],[-3.8903,42.11363],[-3.88189,42.11095],[-3.87219,42.10454],[-3.86832,42.0991],[-3.86197,42.09461],[-3.8651,42.10137],[-3.86297,42.10723],[-3.85425,42.10928],[-3.84372,42.11525],[-3.83753,42.11595],[-3.83312,42.12093],[-3.8288,42.12172],[-3.82918,42.12544],[-3.8379,42.13551],[-3.83149,42.13789],[-3.82498,42.13498],[-3.82098,42.12938],[-3.81007,42.12755],[-3.79032,42.13227],[-3.78643,42.13457],[-3.78832,42.1377],[-3.76834,42.13947],[-3.78225,42.14798],[-3.78516,42.14545],[-3.7952,42.14848],[-3.80717,42.16569],[-3.81523,42.17058],[-3.81762,42.17553],[-3.8213,42.17148],[-3.82903,42.16797],[-3.83667,42.16232],[-3.8425,42.16127],[-3.84638,42.16369],[-3.85078,42.17261],[-3.85726,42.1669],[-3.86814,42.16749],[-3.87097,42.17043],[-3.88016,42.17079],[-3.8816,42.16553],[-3.8771,42.16083],[-3.8739,42.14599],[-3.87065,42.14466],[-3.87081,42.14055],[-3.861,42.1442],[-3.84645,42.14062],[-3.87073,42.12963],[-3.88634,42.12729],[-3.89511,42.11996],[-3.89521,42.11257],[-3.89552,42.11143]]]}},{"type":"Feature","properties":{"mun_code":"09256","mun_name":"Pedrosa de Duero","mun_name_local":null,"prov_code":"09","prov_name":"Burgos","acom_code":"07","acom_name":"Castilla y León","geo_point_2d":{"lon":-3.9955565054543003,"lat":41.73644855845587}},"geometry":{"type":"Polygon","coordinates":[[[-4.05579,41.74068],[-4.03573,41.73684],[-4.03312,41.74138],[-4.00212,41.73766],[-4.00195,41.73011],[-4.00021,41.7271],[-3.96576,41.7169],[-3.98154,41.71997],[-3.99816,41.72102],[-4.00865,41.71482],[-4.02111,41.71161],[-4.02061,41.70494],[-4.0391,41.70668],[-4.02604,41.69238],[-4.02626,41.683],[-4.02433,41.67546],[-4.01704,41.67743],[-4.00244,41.67796],[-3.99811,41.67704],[-3.98946,41.67918],[-3.97765,41.68473],[-3.96543,41.68552],[-3.96525,41.68844],[-3.96938,41.6918],[-3.96754,41.69809],[-3.96253,41.70223],[-3.96087,41.70781],[-3.95762,41.71181],[-3.95977,41.71522],[-3.95016,41.71882],[-3.94638,41.72747],[-3.94402,41.72734],[-3.93837,41.73003],[-3.92853,41.72991],[-3.94391,41.73419],[-3.94279,41.74458],[-3.94758,41.74908],[-3.94726,41.75268],[-3.95026,41.75711],[-3.95672,41.76385],[-3.98338,41.77709],[-3.98007,41.77923],[-3.97852,41.78505],[-3.98218,41.78244],[-3.98195,41.78505],[-3.98991,41.79602],[-3.99432,41.79821],[-3.99854,41.79116],[-4.00047,41.79132],[-4.00573,41.78792],[-4.01363,41.79219],[-4.0177,41.7892],[-4.01779,41.78365],[-4.02289,41.7798],[-4.0389,41.7727],[-4.04088,41.76835],[-4.04448,41.76743],[-4.04958,41.7682],[-4.05274,41.75948],[-4.05545,41.74226],[-4.05579,41.74068]]]}},{"type":"Feature","properties":{"mun_code":"09361","mun_name":"Sargentes de la Lora","mun_name_local":null,"prov_code":"09","prov_name":"Burgos","acom_code":"07","acom_name":"Castilla y León","geo_point_2d":{"lon":-3.8934782546262894,"lat":42.740775543124855}},"geometry":{"type":"MultiPolygon","coordinates":[[[[-3.8295,42.79888],[-3.85424,42.78756],[-3.86337,42.78646],[-3.88605,42.79824],[-3.89445,42.80454],[-3.90047,42.78928],[-3.9078,42.78794],[-3.90966,42.78644],[-3.90881,42.77703],[-3.91095,42.76839],[-3.92648,42.77013],[-3.93059,42.77449],[-3.9384,42.77094],[-3.94402,42.77034],[-3.94879,42.7675],[-3.94658,42.76191],[-3.9493,42.7597],[-3.95215,42.75355],[-3.95139,42.74808],[-3.9488,42.74322],[-3.94468,42.73968],[-3.94554,42.73611],[-3.93946,42.73324],[-3.9336,42.72693],[-3.93116,42.71881],[-3.93238,42.70885],[-3.93672,42.70759],[-3.93658,42.70484],[-3.92214,42.69834],[-3.9209,42.69626],[-3.91946,42.69653],[-3.91448,42.69212],[-3.9145,42.68967],[-3.91258,42.69239],[-3.90895,42.69311],[-3.90991,42.68612],[-3.90817,42.68715],[-3.90381,42.68346],[-3.90433,42.67791],[-3.90795,42.67736],[-3.90739,42.67088],[-3.90421,42.66846],[-3.90397,42.66605],[-3.89478,42.66065],[-3.89369,42.66258],[-3.89075,42.66189],[-3.87749,42.67016],[-3.86891,42.6687],[-3.86583,42.66429],[-3.86162,42.66601],[-3.86055,42.66906],[-3.86997,42.67483],[-3.87338,42.67983],[-3.86712,42.6815],[-3.86522,42.68721],[-3.86792,42.69105],[-3.86548,42.69466],[-3.86878,42.69988],[-3.86946,42.7051],[-3.87222,42.70677],[-3.87093,42.70784],[-3.87603,42.71216],[-3.87547,42.71514],[-3.87624,42.71613],[-3.87895,42.71575],[-3.87449,42.72018],[-3.87707,42.7271],[-3.87025,42.73399],[-3.84611,42.75243],[-3.83157,42.75788],[-3.82292,42.76282],[-3.8262,42.76695],[-3.82458,42.76819],[-3.82811,42.77055],[-3.82555,42.77644],[-3.82594,42.77966],[-3.82314,42.78227],[-3.82706,42.78884],[-3.8295,42.79888]]],[[[-3.99965,42.76898],[-4.00253,42.76847],[-4.00232,42.75757],[-3.99467,42.75629],[-3.97888,42.75808],[-3.98159,42.76831],[-3.99066,42.77098],[-3.99698,42.76839],[-3.99965,42.76898]]]]}},{"type":"Feature","properties":{"mun_code":"53020","mun_name":"Comunidad de Fuente Carazo","mun_name_local":null,"prov_code":"09","prov_name":"Burgos","acom_code":"07","acom_name":"Castilla y León","geo_point_2d":{"lon":-3.331093378266856,"lat":41.972375913226834}},"geometry":{"type":"Polygon","coordinates":[[[-3.34265,41.97632],[-3.34436,41.97077],[-3.33609,41.96816],[-3.32615,41.96796],[-3.32358,41.96556],[-3.32237,41.96728],[-3.32405,41.96906],[-3.3182,41.97267],[-3.32074,41.97656],[-3.3291,41.9775],[-3.33154,41.97582],[-3.34265,41.97632]]]}},{"type":"Feature","properties":{"mun_code":"09482","mun_name":"Zarzosa de Río Pisuerga","mun_name_local":null,"prov_code":"09","prov_name":"Burgos","acom_code":"07","acom_name":"Castilla y León","geo_point_2d":{"lon":-4.2569351744540915,"lat":42.54296090915754}},"geometry":{"type":"Polygon","coordinates":[[[-4.27769,42.54469],[-4.27894,42.54276],[-4.27742,42.53541],[-4.27961,42.53382],[-4.27536,42.52875],[-4.27215,42.51998],[-4.26148,42.52641],[-4.25818,42.52602],[-4.24805,42.53149],[-4.2379,42.53386],[-4.23834,42.54203],[-4.23629,42.54991],[-4.23987,42.56122],[-4.24296,42.56147],[-4.2517,42.56818],[-4.25384,42.56844],[-4.25246,42.56292],[-4.254,42.56138],[-4.26514,42.55257],[-4.27176,42.55021],[-4.27563,42.54675],[-4.27769,42.54469]]]}},{"type":"Feature","properties":{"mun_code":"09144","mun_name":"La Gallega","mun_name_local":null,"prov_code":"09","prov_name":"Burgos","acom_code":"07","acom_name":"Castilla y León","geo_point_2d":{"lon":-3.2595173996876343,"lat":41.896053653107174}},"geometry":{"type":"Polygon","coordinates":[[[-3.28376,41.88381],[-3.27475,41.88214],[-3.27103,41.87876],[-3.2695,41.86929],[-3.26305,41.86784],[-3.25683,41.87064],[-3.24658,41.86569],[-3.24046,41.88161],[-3.24773,41.8859],[-3.24301,41.89629],[-3.24063,41.89664],[-3.2314,41.9108],[-3.25255,41.91997],[-3.27049,41.92397],[-3.26965,41.91918],[-3.27863,41.90977],[-3.28269,41.89521],[-3.28376,41.88381]]]}},{"type":"Feature","properties":{"mun_code":"09230","mun_name":"Navas de Bureba","mun_name_local":null,"prov_code":"09","prov_name":"Burgos","acom_code":"07","acom_name":"Castilla y León","geo_point_2d":{"lon":-3.3334158728613756,"lat":42.686361078701395}},"geometry":{"type":"Polygon","coordinates":[[[-3.35965,42.68126],[-3.35248,42.68085],[-3.35088,42.68191],[-3.34436,42.68084],[-3.34236,42.67652],[-3.33302,42.67139],[-3.32202,42.67083],[-3.31627,42.67246],[-3.31448,42.67641],[-3.31425,42.68488],[-3.31003,42.69043],[-3.32033,42.69288],[-3.3185,42.69627],[-3.32788,42.69921],[-3.33762,42.7007],[-3.34616,42.69973],[-3.35239,42.70071],[-3.35364,42.6885],[-3.35843,42.68253],[-3.35965,42.68126]]]}},{"type":"Feature","properties":{"mun_code":"09112","mun_name":"Coruña del Conde","mun_name_local":null,"prov_code":"09","prov_name":"Burgos","acom_code":"07","acom_name":"Castilla y León","geo_point_2d":{"lon":-3.3919976236277014,"lat":41.756599816206744}},"geometry":{"type":"Polygon","coordinates":[[[-3.47042,41.77946],[-3.45566,41.76473],[-3.45325,41.76649],[-3.41985,41.75527],[-3.41497,41.75077],[-3.41289,41.74421],[-3.39216,41.7371],[-3.3895,41.73334],[-3.39202,41.72894],[-3.39405,41.71859],[-3.39236,41.71867],[-3.38806,41.72408],[-3.38226,41.72484],[-3.35512,41.73377],[-3.3529,41.73792],[-3.34487,41.73832],[-3.33562,41.74136],[-3.33042,41.73925],[-3.32821,41.74091],[-3.3229,41.74093],[-3.32168,41.74918],[-3.32266,41.75018],[-3.32508,41.74952],[-3.32681,41.75175],[-3.32883,41.75097],[-3.32969,41.75465],[-3.33354,41.75523],[-3.3393,41.75289],[-3.3445,41.75372],[-3.34666,41.75288],[-3.3584,41.75484],[-3.36375,41.75934],[-3.36751,41.76675],[-3.37623,41.77315],[-3.38491,41.77807],[-3.4039,41.78215],[-3.41172,41.78752],[-3.41791,41.78555],[-3.43193,41.77338],[-3.44356,41.77106],[-3.44721,41.77065],[-3.45949,41.78411],[-3.47007,41.77958],[-3.47042,41.77946]]]}},{"type":"Feature","properties":{"mun_code":"09090","mun_name":"Castrillo Mota de Judíos","mun_name_local":null,"prov_code":"09","prov_name":"Burgos","acom_code":"07","acom_name":"Castilla y León","geo_point_2d":{"lon":-4.192409495726049,"lat":42.302736086340225}},"geometry":{"type":"Polygon","coordinates":[[[-4.22232,42.31206],[-4.21991,42.31115],[-4.20813,42.28224],[-4.21384,42.27165],[-4.19651,42.26848],[-4.19374,42.27386],[-4.18301,42.28045],[-4.17918,42.2871],[-4.16457,42.29217],[-4.16093,42.30078],[-4.16259,42.30315],[-4.16198,42.30636],[-4.1659,42.3131],[-4.1639,42.31598],[-4.17323,42.32398],[-4.18162,42.3202],[-4.19582,42.33893],[-4.20069,42.33207],[-4.20085,42.32827],[-4.21908,42.31889],[-4.22232,42.31206]]]}},{"type":"Feature","properties":{"mun_code":"09084","mun_name":"Castrillo de la Reina","mun_name_local":null,"prov_code":"09","prov_name":"Burgos","acom_code":"07","acom_name":"Castilla y León","geo_point_2d":{"lon":-3.235498909303434,"lat":41.98013821730226}},"geometry":{"type":"Polygon","coordinates":[[[-3.25569,41.9502],[-3.23351,41.94568],[-3.22708,41.9509],[-3.22979,41.95573],[-3.23313,41.95382],[-3.23721,41.95458],[-3.23898,41.95656],[-3.23245,41.96044],[-3.22877,41.96038],[-3.22424,41.96753],[-3.23017,41.97557],[-3.22276,41.97691],[-3.21817,41.98033],[-3.21592,41.98316],[-3.2169,41.9847],[-3.21017,41.99319],[-3.20937,41.99637],[-3.21893,42.00241],[-3.24328,42.00434],[-3.2544,41.99667],[-3.25594,41.9856],[-3.24205,41.96809],[-3.25569,41.9502]]]}},{"type":"Feature","properties":{"mun_code":"09100","mun_name":"Cerratón de Juarros","mun_name_local":null,"prov_code":"09","prov_name":"Burgos","acom_code":"07","acom_name":"Castilla y León","geo_point_2d":{"lon":-3.365579162472834,"lat":42.415043282346105}},"geometry":{"type":"Polygon","coordinates":[[[-3.38821,42.4337],[-3.38736,42.42584],[-3.38511,42.42467],[-3.38409,42.42039],[-3.37689,42.40876],[-3.37816,42.40432],[-3.38117,42.40148],[-3.377,42.38985],[-3.36784,42.38687],[-3.36103,42.37975],[-3.35935,42.38087],[-3.35744,42.39096],[-3.35173,42.39394],[-3.34648,42.40258],[-3.34595,42.41532],[-3.34403,42.41703],[-3.34434,42.42142],[-3.34211,42.42563],[-3.34558,42.43232],[-3.34946,42.43239],[-3.35208,42.43698],[-3.35395,42.43304],[-3.35978,42.43579],[-3.3641,42.43523],[-3.36666,42.43666],[-3.37523,42.43395],[-3.37598,42.43644],[-3.37242,42.44035],[-3.37835,42.44334],[-3.37859,42.44509],[-3.38327,42.44516],[-3.3858,42.44715],[-3.38825,42.43438],[-3.38821,42.4337]]]}},{"type":"Feature","properties":{"mun_code":"09430","mun_name":"Villaespasa","mun_name_local":null,"prov_code":"09","prov_name":"Burgos","acom_code":"07","acom_name":"Castilla y León","geo_point_2d":{"lon":-3.392418451446308,"lat":42.11479202572657}},"geometry":{"type":"Polygon","coordinates":[[[-3.42457,42.09361],[-3.42616,42.09038],[-3.41883,42.08829],[-3.41744,42.08441],[-3.4024,42.08447],[-3.39934,42.08091],[-3.38817,42.07935],[-3.38947,42.08402],[-3.37911,42.10107],[-3.37882,42.10592],[-3.37475,42.11293],[-3.37147,42.11523],[-3.37254,42.11854],[-3.37087,42.12593],[-3.36675,42.12472],[-3.3671,42.12949],[-3.37282,42.13798],[-3.37336,42.14425],[-3.37924,42.15007],[-3.38246,42.1512],[-3.38908,42.14991],[-3.39034,42.14705],[-3.40262,42.14798],[-3.40287,42.14632],[-3.39723,42.14409],[-3.40164,42.14065],[-3.40132,42.13187],[-3.4067,42.12293],[-3.40282,42.11201],[-3.40624,42.10666],[-3.40587,42.10385],[-3.40916,42.10175],[-3.4174,42.09976],[-3.42083,42.09683],[-3.42161,42.09371],[-3.4241,42.09361],[-3.42457,42.09361]]]}},{"type":"Feature","properties":{"mun_code":"53035","mun_name":"Comunidad de Revilla del Campo y Torrelara","mun_name_local":null,"prov_code":"09","prov_name":"Burgos","acom_code":"07","acom_name":"Castilla y León","geo_point_2d":{"lon":-3.4896625140147943,"lat":42.20050694405042}},"geometry":{"type":"Polygon","coordinates":[[[-3.49087,42.19592],[-3.48184,42.20077],[-3.48858,42.20711],[-3.48768,42.20321],[-3.49003,42.20185],[-3.49459,42.20255],[-3.49544,42.20397],[-3.49642,42.20103],[-3.49877,42.20069],[-3.49547,42.2001],[-3.49131,42.1965],[-3.49087,42.19592]]]}},{"type":"Feature","properties":{"mun_code":"09164","mun_name":"Hontoria de Valdearados","mun_name_local":null,"prov_code":"09","prov_name":"Burgos","acom_code":"07","acom_name":"Castilla y León","geo_point_2d":{"lon":-3.507739257188557,"lat":41.751758177202014}},"geometry":{"type":"Polygon","coordinates":[[[-3.56345,41.73895],[-3.56103,41.73777],[-3.54921,41.71743],[-3.54261,41.7153],[-3.53158,41.71529],[-3.50825,41.74172],[-3.50155,41.74347],[-3.48868,41.74208],[-3.4834,41.74389],[-3.46093,41.74316],[-3.45648,41.74735],[-3.45418,41.75381],[-3.46223,41.75735],[-3.46299,41.75944],[-3.45566,41.76473],[-3.47042,41.77946],[-3.47675,41.77741],[-3.47883,41.78038],[-3.48078,41.77985],[-3.48642,41.78328],[-3.49312,41.78263],[-3.49988,41.78698],[-3.50759,41.7885],[-3.50461,41.77845],[-3.50667,41.77398],[-3.51909,41.76774],[-3.53052,41.76441],[-3.53358,41.75363],[-3.54306,41.75246],[-3.55303,41.74619],[-3.55356,41.74372],[-3.5592,41.73961],[-3.56233,41.73847],[-3.56345,41.73895]]]}},{"type":"Feature","properties":{"mun_code":"09038","mun_name":"Barbadillo del Mercado","mun_name_local":null,"prov_code":"09","prov_name":"Burgos","acom_code":"07","acom_name":"Castilla y León","geo_point_2d":{"lon":-3.364545712898772,"lat":42.04255203167436}},"geometry":{"type":"Polygon","coordinates":[[[-3.4009,42.05367],[-3.40385,42.04737],[-3.40433,42.0394],[-3.38026,42.03116],[-3.3664,42.02831],[-3.36224,42.02522],[-3.35024,42.02225],[-3.34542,42.02334],[-3.32784,42.03515],[-3.33861,42.04128],[-3.3456,42.04728],[-3.36375,42.07034],[-3.3732,42.06561],[-3.37601,42.05428],[-3.38013,42.04978],[-3.37094,42.04549],[-3.37766,42.0431],[-3.38184,42.04497],[-3.38595,42.04298],[-3.39833,42.05241],[-3.4009,42.05367]]]}},{"type":"Feature","properties":{"mun_code":"09119","mun_name":"Cuevas de San Clemente","mun_name_local":null,"prov_code":"09","prov_name":"Burgos","acom_code":"07","acom_name":"Castilla y León","geo_point_2d":{"lon":-3.585001671164025,"lat":42.12751089076731}},"geometry":{"type":"Polygon","coordinates":[[[-3.62213,42.12088],[-3.62078,42.1153],[-3.61496,42.1117],[-3.61545,42.10949],[-3.60209,42.11227],[-3.59978,42.11088],[-3.58587,42.11237],[-3.58169,42.12158],[-3.57792,42.12465],[-3.57383,42.12469],[-3.57299,42.12233],[-3.56248,42.1197],[-3.55911,42.12321],[-3.55637,42.12152],[-3.5541,42.12202],[-3.55207,42.12651],[-3.54385,42.12396],[-3.55259,42.12785],[-3.55117,42.13],[-3.55139,42.13598],[-3.56601,42.14287],[-3.56824,42.14275],[-3.57158,42.14491],[-3.57443,42.14955],[-3.58093,42.14632],[-3.58419,42.13937],[-3.58839,42.14168],[-3.5951,42.14234],[-3.59229,42.1356],[-3.60806,42.13156],[-3.60738,42.12974],[-3.612,42.12541],[-3.61762,42.12266],[-3.62213,42.12088]]]}},{"type":"Feature","properties":{"mun_code":"09330","mun_name":"Salas de los Infantes","mun_name_local":null,"prov_code":"09","prov_name":"Burgos","acom_code":"07","acom_name":"Castilla y León","geo_point_2d":{"lon":-3.2747387393432335,"lat":42.04484462911809}},"geometry":{"type":"MultiPolygon","coordinates":[[[[-3.25116,42.04733],[-3.2456,42.0454],[-3.24346,42.04851],[-3.24872,42.0519],[-3.25325,42.05121],[-3.25475,42.04935],[-3.25332,42.04788],[-3.25116,42.04733]]],[[[-3.32109,42.03155],[-3.32344,42.02066],[-3.31992,42.01182],[-3.31535,42.01074],[-3.30997,42.01221],[-3.30776,42.01014],[-3.29643,42.01064],[-3.29297,42.01396],[-3.28999,42.01376],[-3.29324,42.00215],[-3.28129,42.0028],[-3.27957,42.00398],[-3.26642,42.00178],[-3.24592,42.0086],[-3.24897,42.02171],[-3.26783,42.02303],[-3.27582,42.02727],[-3.28401,42.02834],[-3.2892,42.03662],[-3.29681,42.04193],[-3.30636,42.03749],[-3.31421,42.03686],[-3.31929,42.03821],[-3.31937,42.03578],[-3.32109,42.03155]]],[[[-3.27025,42.034],[-3.26633,42.03312],[-3.25806,42.03424],[-3.2538,42.03838],[-3.24769,42.03909],[-3.26446,42.04409],[-3.25981,42.04873],[-3.26041,42.05031],[-3.26604,42.05049],[-3.26757,42.05227],[-3.27799,42.053],[-3.28419,42.04446],[-3.27283,42.03467],[-3.27025,42.034]]],[[[-3.25425,42.05841],[-3.25532,42.05617],[-3.24936,42.05348],[-3.24782,42.05989],[-3.25425,42.05841]]],[[[-3.27454,42.07224],[-3.2779,42.06743],[-3.27405,42.06376],[-3.26982,42.06526],[-3.26148,42.07153],[-3.26058,42.07423],[-3.26319,42.07558],[-3.2717,42.07288],[-3.27454,42.07224]]],[[[-3.24594,42.09938],[-3.24916,42.0998],[-3.25259,42.09847],[-3.25591,42.10025],[-3.26134,42.09896],[-3.26516,42.10142],[-3.26701,42.09886],[-3.2664,42.09484],[-3.27489,42.09433],[-3.27982,42.08976],[-3.28057,42.08698],[-3.28712,42.08397],[-3.28293,42.07629],[-3.28651,42.07324],[-3.27541,42.07256],[-3.26796,42.08033],[-3.23736,42.07833],[-3.22871,42.07192],[-3.22894,42.0863],[-3.22512,42.08913],[-3.22795,42.09233],[-3.23599,42.09245],[-3.24111,42.0978],[-3.24228,42.09708],[-3.24594,42.09938]]]]}},{"type":"Feature","properties":{"mun_code":"09906","mun_name":"Merindad de Río Ubierna","mun_name_local":null,"prov_code":"09","prov_name":"Burgos","acom_code":"07","acom_name":"Castilla y León","geo_point_2d":{"lon":-3.6716218279224155,"lat":42.55637173192977}},"geometry":{"type":"Polygon","coordinates":[[[-3.75512,42.55151],[-3.74918,42.54842],[-3.74106,42.54003],[-3.73756,42.53357],[-3.73813,42.51675],[-3.74158,42.51294],[-3.74256,42.50808],[-3.74102,42.50552],[-3.74031,42.49078],[-3.73728,42.48417],[-3.73849,42.47541],[-3.74114,42.47578],[-3.74139,42.47004],[-3.73655,42.45246],[-3.73467,42.452],[-3.73318,42.44251],[-3.73669,42.4382],[-3.74412,42.43577],[-3.74816,42.43228],[-3.73727,42.43395],[-3.73567,42.4314],[-3.73721,42.42466],[-3.73601,42.42199],[-3.73201,42.42406],[-3.71803,42.42413],[-3.71314,42.42525],[-3.70333,42.42198],[-3.69993,42.42481],[-3.70068,42.42781],[-3.6972,42.43056],[-3.69041,42.43022],[-3.68463,42.42744],[-3.67249,42.4303],[-3.66148,42.42726],[-3.65938,42.42873],[-3.66152,42.4297],[-3.65926,42.43434],[-3.65524,42.43497],[-3.65284,42.43406],[-3.6521,42.43555],[-3.65048,42.43542],[-3.65457,42.44379],[-3.66062,42.44918],[-3.66388,42.4483],[-3.66222,42.45234],[-3.65523,42.45386],[-3.64981,42.46248],[-3.64502,42.46536],[-3.64366,42.47036],[-3.63651,42.47656],[-3.63468,42.48194],[-3.63894,42.48445],[-3.63067,42.48377],[-3.61776,42.4917],[-3.61796,42.50299],[-3.614,42.50631],[-3.61383,42.50876],[-3.61124,42.5098],[-3.61058,42.51242],[-3.59552,42.52244],[-3.5905,42.52131],[-3.58937,42.52207],[-3.59008,42.52386],[-3.58243,42.53017],[-3.5818,42.53338],[-3.57877,42.53441],[-3.57994,42.54321],[-3.57538,42.55088],[-3.56951,42.55541],[-3.56916,42.5675],[-3.56534,42.5721],[-3.56755,42.58186],[-3.56437,42.58342],[-3.5637,42.58745],[-3.56544,42.58778],[-3.56868,42.59223],[-3.57344,42.59067],[-3.57244,42.59569],[-3.58582,42.59786],[-3.61971,42.59197],[-3.62208,42.59503],[-3.62241,42.6013],[-3.6308,42.60239],[-3.63352,42.60953],[-3.63757,42.6146],[-3.63272,42.61541],[-3.63342,42.61251],[-3.63168,42.61286],[-3.62355,42.62681],[-3.60236,42.64007],[-3.59929,42.6468],[-3.60005,42.65461],[-3.60582,42.65916],[-3.61989,42.65647],[-3.61599,42.66686],[-3.61444,42.68048],[-3.6262,42.67686],[-3.6331,42.68016],[-3.64721,42.67162],[-3.65107,42.66174],[-3.66786,42.65591],[-3.66979,42.65839],[-3.67222,42.65807],[-3.68559,42.65174],[-3.6902,42.65107],[-3.69881,42.65925],[-3.70423,42.6602],[-3.70907,42.66289],[-3.71219,42.66948],[-3.7184,42.6698],[-3.732,42.66031],[-3.7311,42.65649],[-3.73991,42.65379],[-3.74303,42.6545],[-3.74484,42.64983],[-3.73788,42.62785],[-3.74021,42.61976],[-3.74643,42.61606],[-3.73816,42.60695],[-3.74415,42.60323],[-3.73897,42.59218],[-3.74962,42.56716],[-3.74807,42.55552],[-3.75512,42.55151]],[[-3.70393,42.45317],[-3.70387,42.46614],[-3.69052,42.47036],[-3.68333,42.46349],[-3.67505,42.44848],[-3.68788,42.44075],[-3.69576,42.43896],[-3.69864,42.43972],[-3.69414,42.43478],[-3.69633,42.43417],[-3.69743,42.43618],[-3.70507,42.43963],[-3.70355,42.44457],[-3.70577,42.44394],[-3.71063,42.44891],[-3.70765,42.44948],[-3.7047,42.45325],[-3.70393,42.45317]]]}},{"type":"Feature","properties":{"mun_code":"53024","mun_name":"Comunidad de Covarrubias, Quintanilla del Coco y Retuerta","mun_name_local":null,"prov_code":"09","prov_name":"Burgos","acom_code":"07","acom_name":"Castilla y León","geo_point_2d":{"lon":-3.5159655222903408,"lat":42.01330115321745}},"geometry":{"type":"Polygon","coordinates":[[[-3.57093,42.03078],[-3.56491,42.02418],[-3.56302,42.01865],[-3.55762,42.01813],[-3.55398,42.01921],[-3.55155,42.01639],[-3.54631,42.01527],[-3.5483,42.01068],[-3.54597,42.0049],[-3.54369,42.00516],[-3.53995,42.00231],[-3.53563,42.00391],[-3.5327,42.0035],[-3.51641,41.99298],[-3.51647,41.9969],[-3.50971,42.00077],[-3.50554,42.00132],[-3.49224,41.99902],[-3.46654,42.00875],[-3.47098,42.0221],[-3.48289,42.01922],[-3.50903,42.0186],[-3.51877,42.02442],[-3.52157,42.03366],[-3.52351,42.0345],[-3.53674,42.02096],[-3.54702,42.02151],[-3.55471,42.03091],[-3.56135,42.03151],[-3.56722,42.03028],[-3.56961,42.03116],[-3.57093,42.03078]]]}},{"type":"Feature","properties":{"mun_code":"09418","mun_name":"Valles de Palenzuela","mun_name_local":null,"prov_code":"09","prov_name":"Burgos","acom_code":"07","acom_name":"Castilla y León","geo_point_2d":{"lon":-4.0731825266432145,"lat":42.12066101171659}},"geometry":{"type":"Polygon","coordinates":[[[-4.11521,42.12479],[-4.10839,42.119],[-4.10759,42.11394],[-4.10378,42.10969],[-4.09249,42.10783],[-4.08566,42.10321],[-4.07639,42.10538],[-4.06387,42.1023],[-4.06309,42.10118],[-4.05786,42.10086],[-4.05621,42.10091],[-4.05195,42.10656],[-4.04724,42.10798],[-4.04109,42.10782],[-4.04131,42.10557],[-4.03788,42.10453],[-4.0393,42.10291],[-4.03769,42.10259],[-4.03344,42.10698],[-4.03494,42.11317],[-4.03074,42.11541],[-4.02787,42.124],[-4.03098,42.12859],[-4.03585,42.12818],[-4.0378,42.12975],[-4.04028,42.12999],[-4.04118,42.12779],[-4.04774,42.12608],[-4.05051,42.12668],[-4.04939,42.12905],[-4.05171,42.13015],[-4.0585,42.12843],[-4.05993,42.13083],[-4.06775,42.13309],[-4.07004,42.13678],[-4.08914,42.142],[-4.09592,42.14014],[-4.10637,42.13487],[-4.11104,42.13421],[-4.1148,42.1252],[-4.11521,42.12479]]]}},{"type":"Feature","properties":{"mun_code":"09044","mun_name":"Barrios de Colina","mun_name_local":null,"prov_code":"09","prov_name":"Burgos","acom_code":"07","acom_name":"Castilla y León","geo_point_2d":{"lon":-3.4449494561698346,"lat":42.38709060091876}},"geometry":{"type":"MultiPolygon","coordinates":[[[[-3.38325,42.37065],[-3.38647,42.36987],[-3.38653,42.36843],[-3.38295,42.37028],[-3.38325,42.37065]]],[[[-3.38746,42.36844],[-3.38834,42.37006],[-3.39205,42.37095],[-3.3879,42.36738],[-3.38746,42.36844]]],[[[-3.4523,42.42325],[-3.46049,42.41377],[-3.47428,42.40812],[-3.48978,42.40368],[-3.48715,42.39655],[-3.4796,42.39101],[-3.47678,42.38484],[-3.46959,42.38139],[-3.46434,42.38116],[-3.45752,42.37354],[-3.45105,42.374],[-3.44566,42.37289],[-3.44276,42.37076],[-3.45085,42.36656],[-3.45325,42.36252],[-3.43823,42.36232],[-3.43259,42.35993],[-3.42922,42.36501],[-3.41185,42.36338],[-3.40039,42.35663],[-3.39535,42.35569],[-3.39117,42.36064],[-3.40268,42.36906],[-3.40546,42.373],[-3.41219,42.37696],[-3.41973,42.3788],[-3.42425,42.38271],[-3.42525,42.38617],[-3.42359,42.38937],[-3.42897,42.39616],[-3.43119,42.40332],[-3.43773,42.40474],[-3.44242,42.40232],[-3.44411,42.40724],[-3.44372,42.41426],[-3.44512,42.4151],[-3.44391,42.41632],[-3.44556,42.41765],[-3.44874,42.41652],[-3.45051,42.41863],[-3.45054,42.42267],[-3.4523,42.42325]]]]}},{"type":"Feature","properties":{"mun_code":"09249","mun_name":"Palazuelos de Muñó","mun_name_local":null,"prov_code":"09","prov_name":"Burgos","acom_code":"07","acom_name":"Castilla y León","geo_point_2d":{"lon":-3.9780174401355235,"lat":42.1841294486461}},"geometry":{"type":"Polygon","coordinates":[[[-4.0024,42.19537],[-3.9979,42.1972],[-3.99667,42.19451],[-4.00259,42.18551],[-3.99555,42.18247],[-3.99372,42.18377],[-3.99029,42.18125],[-3.98613,42.18173],[-3.98312,42.17231],[-3.98491,42.1714],[-3.98408,42.16881],[-3.97893,42.1681],[-3.97508,42.16568],[-3.96484,42.16599],[-3.95787,42.1828],[-3.95354,42.18107],[-3.94849,42.18361],[-3.94917,42.18461],[-3.9541,42.18312],[-3.9551,42.18456],[-3.95223,42.18755],[-3.95475,42.18929],[-3.96024,42.18805],[-3.96254,42.18875],[-3.97305,42.19248],[-3.98514,42.20018],[-3.99456,42.20132],[-3.99614,42.20382],[-3.99742,42.2036],[-3.9973,42.20093],[-4.00107,42.1991],[-4.00126,42.19678],[-4.0024,42.19537]]]}},{"type":"Feature","properties":{"mun_code":"09386","mun_name":"Torrecilla del Monte","mun_name_local":null,"prov_code":"09","prov_name":"Burgos","acom_code":"07","acom_name":"Castilla y León","geo_point_2d":{"lon":-3.683683875838136,"lat":42.101674965765326}},"geometry":{"type":"Polygon","coordinates":[[[-3.71142,42.09082],[-3.70486,42.08722],[-3.70559,42.08599],[-3.69764,42.08051],[-3.69419,42.07933],[-3.66653,42.0875],[-3.65945,42.10078],[-3.66615,42.10427],[-3.66685,42.10852],[-3.65365,42.11562],[-3.64594,42.11532],[-3.64781,42.12055],[-3.64941,42.12114],[-3.65972,42.11816],[-3.66854,42.11803],[-3.67492,42.11902],[-3.68595,42.12446],[-3.68998,42.11962],[-3.69538,42.1205],[-3.70141,42.1132],[-3.71011,42.09335],[-3.71142,42.09082]]]}},{"type":"Feature","properties":{"mun_code":"09267","mun_name":"Pineda Trasmonte","mun_name_local":null,"prov_code":"09","prov_name":"Burgos","acom_code":"07","acom_name":"Castilla y León","geo_point_2d":{"lon":-3.695053324395867,"lat":41.910251322597}},"geometry":{"type":"Polygon","coordinates":[[[-3.72792,41.91901],[-3.72524,41.91777],[-3.72738,41.90362],[-3.72345,41.89375],[-3.71391,41.88628],[-3.70595,41.88357],[-3.70467,41.88426],[-3.70054,41.8813],[-3.7009,41.87183],[-3.70422,41.86935],[-3.69802,41.86525],[-3.68415,41.86503],[-3.68188,41.86926],[-3.68382,41.87597],[-3.68386,41.8923],[-3.66949,41.8854],[-3.6732,41.88967],[-3.66733,41.88731],[-3.66552,41.89222],[-3.66817,41.89625],[-3.68052,41.89273],[-3.68211,41.89381],[-3.67572,41.90302],[-3.67576,41.90956],[-3.68002,41.91668],[-3.66389,41.9301],[-3.66508,41.93524],[-3.67071,41.93869],[-3.67131,41.94124],[-3.67903,41.94169],[-3.67693,41.94682],[-3.68012,41.95175],[-3.68871,41.95601],[-3.69274,41.95579],[-3.69852,41.94803],[-3.69749,41.93928],[-3.70009,41.9313],[-3.72717,41.91934],[-3.72792,41.91901]]]}},{"type":"Feature","properties":{"mun_code":"09432","mun_name":"Villafruela","mun_name_local":null,"prov_code":"09","prov_name":"Burgos","acom_code":"07","acom_name":"Castilla y León","geo_point_2d":{"lon":-3.9270153480004284,"lat":41.92138833587158}},"geometry":{"type":"Polygon","coordinates":[[[-3.98314,41.9133],[-3.97971,41.8933],[-3.96802,41.89467],[-3.96449,41.8962],[-3.95971,41.89543],[-3.94928,41.88989],[-3.9433,41.88906],[-3.91734,41.88988],[-3.90948,41.89166],[-3.89857,41.89007],[-3.88884,41.89067],[-3.88737,41.89341],[-3.88843,41.90009],[-3.87942,41.91984],[-3.88195,41.92221],[-3.87842,41.92596],[-3.88402,41.93908],[-3.87948,41.94289],[-3.87674,41.94763],[-3.88081,41.95052],[-3.88594,41.95192],[-3.8924,41.95757],[-3.90235,41.95748],[-3.91098,41.9559],[-3.91479,41.95845],[-3.92216,41.96034],[-3.92914,41.95937],[-3.9366,41.95699],[-3.94588,41.9464],[-3.94442,41.94449],[-3.94715,41.93949],[-3.95218,41.93531],[-3.98134,41.9307],[-3.98382,41.92697],[-3.98385,41.91501],[-3.98314,41.9133]]]}},{"type":"Feature","properties":{"mun_code":"09149","mun_name":"Grisaleña","mun_name_local":null,"prov_code":"09","prov_name":"Burgos","acom_code":"07","acom_name":"Castilla y León","geo_point_2d":{"lon":-3.267328041679335,"lat":42.59294354342404}},"geometry":{"type":"Polygon","coordinates":[[[-3.2924,42.61327],[-3.29688,42.5957],[-3.28484,42.5909],[-3.28535,42.58658],[-3.28769,42.58465],[-3.27855,42.58085],[-3.2714,42.56941],[-3.25572,42.56632],[-3.2489,42.56219],[-3.25545,42.56831],[-3.23721,42.58595],[-3.24139,42.58649],[-3.25073,42.5999],[-3.25025,42.60276],[-3.2445,42.6088],[-3.25303,42.61301],[-3.25898,42.612],[-3.26314,42.61359],[-3.26755,42.60995],[-3.28009,42.61465],[-3.28642,42.61444],[-3.2898,42.61573],[-3.2924,42.61327]]]}},{"type":"Feature","properties":{"mun_code":"09086","mun_name":"Castrillo del Val","mun_name_local":null,"prov_code":"09","prov_name":"Burgos","acom_code":"07","acom_name":"Castilla y León","geo_point_2d":{"lon":-3.582877929729501,"lat":42.310885339030825}},"geometry":{"type":"Polygon","coordinates":[[[-3.61683,42.30569],[-3.6144,42.30652],[-3.60109,42.29744],[-3.59207,42.28401],[-3.58654,42.28024],[-3.5854,42.27574],[-3.57151,42.27912],[-3.56768,42.28797],[-3.55408,42.30493],[-3.55408,42.30959],[-3.55871,42.31176],[-3.5642,42.31231],[-3.56288,42.31676],[-3.56561,42.31694],[-3.55947,42.33032],[-3.56058,42.34252],[-3.57732,42.34542],[-3.57835,42.34744],[-3.58696,42.3463],[-3.58913,42.34468],[-3.57864,42.33523],[-3.58389,42.32555],[-3.58144,42.32226],[-3.58385,42.32169],[-3.59142,42.32517],[-3.59726,42.32573],[-3.60611,42.32911],[-3.60385,42.32813],[-3.60439,42.32683],[-3.61095,42.32358],[-3.61778,42.316],[-3.61894,42.30792],[-3.61683,42.30569]]]}},{"type":"Feature","properties":{"mun_code":"09239","mun_name":"Oquillas","mun_name_local":null,"prov_code":"09","prov_name":"Burgos","acom_code":"07","acom_name":"Castilla y León","geo_point_2d":{"lon":-3.697525263045428,"lat":41.829898713645626}},"geometry":{"type":"Polygon","coordinates":[[[-3.7279,41.80368],[-3.71555,41.81402],[-3.71473,41.81194],[-3.68705,41.8215],[-3.67369,41.81885],[-3.66891,41.82088],[-3.66377,41.82965],[-3.66243,41.83662],[-3.66759,41.83993],[-3.67396,41.84144],[-3.67662,41.84487],[-3.6839,41.8433],[-3.68623,41.84581],[-3.69692,41.84647],[-3.69752,41.84495],[-3.70284,41.84601],[-3.71089,41.84261],[-3.72309,41.84303],[-3.7254,41.82768],[-3.72571,41.80828],[-3.7279,41.80368]]]}},{"type":"Feature","properties":{"mun_code":"09064","mun_name":"Caleruega","mun_name_local":null,"prov_code":"09","prov_name":"Burgos","acom_code":"07","acom_name":"Castilla y León","geo_point_2d":{"lon":-3.4748825982270453,"lat":41.82308594969481}},"geometry":{"type":"Polygon","coordinates":[[[-3.52562,41.80547],[-3.51725,41.79586],[-3.51753,41.78984],[-3.49988,41.78698],[-3.49312,41.78263],[-3.48642,41.78328],[-3.48078,41.77985],[-3.47883,41.78038],[-3.47675,41.77741],[-3.45949,41.78411],[-3.46104,41.7858],[-3.4584,41.79078],[-3.46253,41.7941],[-3.43086,41.81189],[-3.44316,41.82146],[-3.44689,41.83196],[-3.4447,41.83631],[-3.43561,41.84348],[-3.4401,41.8536],[-3.4381,41.85772],[-3.44374,41.86716],[-3.44428,41.87587],[-3.45149,41.87058],[-3.46635,41.86826],[-3.48698,41.86],[-3.49242,41.85247],[-3.49274,41.84749],[-3.49663,41.83923],[-3.50318,41.83113],[-3.50768,41.82913],[-3.51101,41.82933],[-3.51308,41.81554],[-3.52091,41.80639],[-3.52562,41.80547]]]}},{"type":"Feature","properties":{"mun_code":"09159","mun_name":"Hontanas","mun_name_local":null,"prov_code":"09","prov_name":"Burgos","acom_code":"07","acom_name":"Castilla y León","geo_point_2d":{"lon":-4.048425405837537,"lat":42.309097107013095}},"geometry":{"type":"Polygon","coordinates":[[[-4.06925,42.32468],[-4.06921,42.31485],[-4.07265,42.30969],[-4.07236,42.30384],[-4.05648,42.29186],[-4.05589,42.29349],[-4.0469,42.29362],[-4.03822,42.30205],[-4.02991,42.30111],[-4.02601,42.30352],[-4.01961,42.30249],[-4.01717,42.30461],[-4.0159,42.31508],[-4.01698,42.31569],[-4.02046,42.31361],[-4.02474,42.31356],[-4.02691,42.31526],[-4.02949,42.31481],[-4.03284,42.31681],[-4.04757,42.32009],[-4.05005,42.32255],[-4.04655,42.32277],[-4.05003,42.32553],[-4.05886,42.32103],[-4.06192,42.32118],[-4.06384,42.32419],[-4.06772,42.32474],[-4.06925,42.32468]]]}},{"type":"Feature","properties":{"mun_code":"09318","mun_name":"Riocavado de la Sierra","mun_name_local":null,"prov_code":"09","prov_name":"Burgos","acom_code":"07","acom_name":"Castilla y León","geo_point_2d":{"lon":-3.221355906528338,"lat":42.17918845427558}},"geometry":{"type":"Polygon","coordinates":[[[-3.28204,42.17809],[-3.2802,42.17385],[-3.26816,42.16789],[-3.26519,42.16726],[-3.25688,42.16897],[-3.25196,42.16642],[-3.2424,42.16544],[-3.24012,42.163],[-3.2302,42.15806],[-3.22017,42.14811],[-3.21248,42.1334],[-3.20889,42.12984],[-3.2024,42.13037],[-3.19384,42.14568],[-3.18604,42.14913],[-3.18722,42.15684],[-3.18525,42.1637],[-3.18278,42.16609],[-3.18215,42.17898],[-3.18617,42.18858],[-3.18889,42.20236],[-3.19419,42.20811],[-3.21117,42.21623],[-3.21294,42.2206],[-3.22684,42.21673],[-3.23587,42.20501],[-3.24966,42.20455],[-3.25443,42.20274],[-3.26419,42.19622],[-3.26596,42.19019],[-3.27045,42.18744],[-3.2706,42.18154],[-3.28051,42.17798],[-3.28204,42.17809]]]}},{"type":"Feature","properties":{"mun_code":"09345","mun_name":"Santa Cruz de la Salceda","mun_name_local":null,"prov_code":"09","prov_name":"Burgos","acom_code":"07","acom_name":"Castilla y León","geo_point_2d":{"lon":-3.5834488281337253,"lat":41.59138737101328}},"geometry":{"type":"Polygon","coordinates":[[[-3.61684,41.57716],[-3.6088,41.56612],[-3.6047,41.56558],[-3.60072,41.57048],[-3.57262,41.5654],[-3.5712,41.56869],[-3.57452,41.57247],[-3.57097,41.57743],[-3.56651,41.57996],[-3.56293,41.57743],[-3.55295,41.58074],[-3.54642,41.58009],[-3.54157,41.57761],[-3.54002,41.58205],[-3.53614,41.58647],[-3.55044,41.59659],[-3.54567,41.59855],[-3.54068,41.59777],[-3.53968,41.6076],[-3.55151,41.60737],[-3.56865,41.60321],[-3.57313,41.60749],[-3.57783,41.60752],[-3.58466,41.61082],[-3.59275,41.61251],[-3.59617,41.6151],[-3.60308,41.61368],[-3.60603,41.61479],[-3.60749,41.62073],[-3.61068,41.62464],[-3.61084,41.62197],[-3.6176,41.6129],[-3.612,41.61071],[-3.61737,41.59742],[-3.61644,41.59217],[-3.61825,41.58768],[-3.61549,41.57768],[-3.61684,41.57716]]]}},{"type":"Feature","properties":{"mun_code":"09449","mun_name":"Villanueva de Argaño","mun_name_local":null,"prov_code":"09","prov_name":"Burgos","acom_code":"07","acom_name":"Castilla y León","geo_point_2d":{"lon":-3.939432157265669,"lat":42.38339286714049}},"geometry":{"type":"Polygon","coordinates":[[[-3.9679,42.3748],[-3.9612,42.37182],[-3.95078,42.37302],[-3.93691,42.37222],[-3.92713,42.37782],[-3.92127,42.37872],[-3.91632,42.37703],[-3.90925,42.38007],[-3.9167,42.38171],[-3.91949,42.39761],[-3.92643,42.396],[-3.93001,42.39273],[-3.93435,42.39187],[-3.9371,42.3936],[-3.9416,42.39403],[-3.95998,42.38959],[-3.96231,42.38327],[-3.95956,42.38087],[-3.96148,42.37796],[-3.96562,42.37652],[-3.9679,42.3748]]]}},{"type":"Feature","properties":{"mun_code":"09295","mun_name":"Quintanilla del Coco","mun_name_local":null,"prov_code":"09","prov_name":"Burgos","acom_code":"07","acom_name":"Castilla y León","geo_point_2d":{"lon":-3.5257496709779117,"lat":41.985445442722366}},"geometry":{"type":"MultiPolygon","coordinates":[[[[-3.5483,42.01068],[-3.55066,42.00817],[-3.5582,42.01298],[-3.55889,42.01141],[-3.55901,41.99663],[-3.55347,41.98681],[-3.55806,41.98313],[-3.5556,41.97158],[-3.54953,41.97169],[-3.53434,41.97694],[-3.53212,41.96266],[-3.51103,41.96024],[-3.50762,41.96169],[-3.50161,41.96181],[-3.50202,41.9701],[-3.50442,41.97138],[-3.4968,41.98254],[-3.49054,41.98499],[-3.48133,41.98322],[-3.4798,41.98571],[-3.49202,41.98687],[-3.49445,41.98477],[-3.49136,41.99492],[-3.48384,41.99781],[-3.48446,42.00141],[-3.49224,41.99902],[-3.50554,42.00132],[-3.50971,42.00077],[-3.51647,41.9969],[-3.51641,41.99298],[-3.5327,42.0035],[-3.53563,42.00391],[-3.53995,42.00231],[-3.54369,42.00516],[-3.54597,42.0049],[-3.54811,42.01018],[-3.5483,42.01068]]],[[[-3.57083,42.0222],[-3.57222,42.02326],[-3.57527,42.02175],[-3.57802,42.01863],[-3.57765,42.0168],[-3.57489,42.0216],[-3.57191,42.02258],[-3.57083,42.0222]]]]}},{"type":"Feature","properties":{"mun_code":"09325","mun_name":"Royuela de Río Franco","mun_name_local":null,"prov_code":"09","prov_name":"Burgos","acom_code":"07","acom_name":"Castilla y León","geo_point_2d":{"lon":-3.9648521246274426,"lat":41.9953682578253}},"geometry":{"type":"Polygon","coordinates":[[[-4.02909,41.97656],[-4.02739,41.97314],[-4.03181,41.96609],[-4.03298,41.95408],[-4.02422,41.95412],[-4.0196,41.95836],[-3.9907,41.95975],[-3.9829,41.96531],[-3.97854,41.96474],[-3.97324,41.96655],[-3.97258,41.96897],[-3.95623,41.98102],[-3.95085,41.9795],[-3.92454,41.9903],[-3.91422,41.99234],[-3.90433,42.00718],[-3.89193,42.01122],[-3.87647,42.01278],[-3.8728,42.01594],[-3.87128,42.02213],[-3.87382,42.02525],[-3.88403,42.02693],[-3.88822,42.02463],[-3.89071,42.02706],[-3.89535,42.0222],[-3.90102,42.02724],[-3.9098,42.02142],[-3.91245,42.01786],[-3.91186,42.01332],[-3.9162,42.01184],[-3.92824,42.0196],[-3.95201,42.02289],[-3.95483,42.02163],[-3.96014,42.02363],[-3.96683,42.02813],[-3.97107,42.03322],[-3.9799,42.02108],[-3.98323,42.02379],[-3.98529,42.02352],[-3.99478,42.00541],[-4.01478,41.99859],[-4.0157,41.99499],[-4.02612,41.97926],[-4.02909,41.97656]]]}},{"type":"Feature","properties":{"mun_code":"09242","mun_name":"Padilla de Abajo","mun_name_local":null,"prov_code":"09","prov_name":"Burgos","acom_code":"07","acom_name":"Castilla y León","geo_point_2d":{"lon":-4.179092462606636,"lat":42.40243342372956}},"geometry":{"type":"Polygon","coordinates":[[[-4.21045,42.37879],[-4.20555,42.37838],[-4.1996,42.37017],[-4.19455,42.37056],[-4.1939,42.3716],[-4.18834,42.36752],[-4.18559,42.36703],[-4.1777,42.37206],[-4.17326,42.37279],[-4.16887,42.37817],[-4.15658,42.38593],[-4.14534,42.39716],[-4.15401,42.4054],[-4.14855,42.40732],[-4.15154,42.40968],[-4.14719,42.41052],[-4.15036,42.41516],[-4.14972,42.41942],[-4.15441,42.43136],[-4.15632,42.43179],[-4.15148,42.43859],[-4.15241,42.43972],[-4.15684,42.43933],[-4.15926,42.43506],[-4.1709,42.43263],[-4.17377,42.42949],[-4.18435,42.42745],[-4.18589,42.42419],[-4.18998,42.42622],[-4.19903,42.42689],[-4.20276,42.42407],[-4.21038,42.42206],[-4.2094,42.41955],[-4.21147,42.41692],[-4.20797,42.41384],[-4.20644,42.40756],[-4.20804,42.40667],[-4.20514,42.40307],[-4.20542,42.39875],[-4.20339,42.39539],[-4.20353,42.38942],[-4.20633,42.38598],[-4.20694,42.38204],[-4.21045,42.37879]]]}},{"type":"Feature","properties":{"mun_code":"09292","mun_name":"Quintanavides","mun_name_local":null,"prov_code":"09","prov_name":"Burgos","acom_code":"07","acom_name":"Castilla y León","geo_point_2d":{"lon":-3.420326423968815,"lat":42.47843722372804}},"geometry":{"type":"Polygon","coordinates":[[[-3.44226,42.50208],[-3.433,42.48012],[-3.43514,42.48015],[-3.43474,42.47893],[-3.43192,42.47443],[-3.42811,42.47297],[-3.43315,42.47],[-3.43048,42.46572],[-3.43238,42.46264],[-3.43172,42.45694],[-3.42019,42.45857],[-3.41735,42.45766],[-3.41357,42.45896],[-3.40903,42.45505],[-3.40166,42.45541],[-3.39937,42.46238],[-3.40006,42.46746],[-3.40185,42.4693],[-3.40123,42.47389],[-3.40404,42.48061],[-3.40797,42.48146],[-3.41469,42.49698],[-3.42205,42.49843],[-3.4223,42.50148],[-3.42481,42.50199],[-3.42664,42.50558],[-3.43487,42.50246],[-3.44226,42.50208]]]}},{"type":"Feature","properties":{"mun_code":"09151","mun_name":"Gumiel de Izán","mun_name_local":null,"prov_code":"09","prov_name":"Burgos","acom_code":"07","acom_name":"Castilla y León","geo_point_2d":{"lon":-3.6913394689583154,"lat":41.77072221214267}},"geometry":{"type":"Polygon","coordinates":[[[-3.75152,41.74594],[-3.74945,41.74178],[-3.73817,41.73252],[-3.73782,41.72907],[-3.73468,41.72456],[-3.72602,41.71966],[-3.71518,41.72235],[-3.68793,41.72052],[-3.68235,41.72467],[-3.66731,41.72964],[-3.66255,41.72996],[-3.65734,41.72577],[-3.65575,41.73142],[-3.65994,41.73817],[-3.65843,41.73944],[-3.66102,41.75305],[-3.65895,41.75671],[-3.6357,41.76823],[-3.61686,41.77419],[-3.61876,41.77912],[-3.61533,41.78507],[-3.63166,41.77686],[-3.6357,41.77745],[-3.64665,41.7886],[-3.64756,41.79313],[-3.64176,41.79576],[-3.64251,41.79739],[-3.64478,41.79549],[-3.64837,41.79528],[-3.65318,41.80479],[-3.6512,41.80649],[-3.65402,41.81283],[-3.65023,41.81671],[-3.66552,41.82675],[-3.66891,41.82088],[-3.67369,41.81885],[-3.68705,41.8215],[-3.71473,41.81194],[-3.71555,41.81402],[-3.73341,41.7999],[-3.74126,41.79181],[-3.7401,41.78076],[-3.73192,41.77072],[-3.72729,41.77047],[-3.72476,41.76106],[-3.72568,41.75684],[-3.73017,41.75645],[-3.74683,41.7492],[-3.75152,41.74594]]]}},{"type":"Feature","properties":{"mun_code":"09308","mun_name":"Redecilla del Campo","mun_name_local":null,"prov_code":"09","prov_name":"Burgos","acom_code":"07","acom_name":"Castilla y León","geo_point_2d":{"lon":-3.1171077999820684,"lat":42.4563793918173}},"geometry":{"type":"Polygon","coordinates":[[[-3.14839,42.44935],[-3.14846,42.44244],[-3.151,42.43779],[-3.13835,42.43372],[-3.13719,42.43174],[-3.13153,42.43037],[-3.12981,42.43221],[-3.12634,42.42858],[-3.12501,42.43085],[-3.11969,42.43118],[-3.11767,42.43677],[-3.10777,42.44211],[-3.11093,42.44596],[-3.10832,42.44562],[-3.10587,42.44732],[-3.10388,42.45252],[-3.08871,42.45506],[-3.08578,42.47466],[-3.08278,42.47594],[-3.0893,42.47887],[-3.0931,42.47729],[-3.09809,42.47783],[-3.09843,42.4731],[-3.101,42.47125],[-3.10162,42.4808],[-3.10571,42.48145],[-3.10768,42.48348],[-3.11399,42.47827],[-3.12138,42.47624],[-3.12545,42.47617],[-3.12818,42.47986],[-3.1276,42.47045],[-3.13589,42.455],[-3.13868,42.45259],[-3.14598,42.4506],[-3.14839,42.44935]]]}},{"type":"Feature","properties":{"mun_code":"09133","mun_name":"Fresno de Rodilla","mun_name_local":null,"prov_code":"09","prov_name":"Burgos","acom_code":"07","acom_name":"Castilla y León","geo_point_2d":{"lon":-3.481202286503483,"lat":42.42116332468476}},"geometry":{"type":"Polygon","coordinates":[[[-3.50281,42.43007],[-3.50862,42.42443],[-3.50811,42.42238],[-3.50628,42.42246],[-3.50371,42.41275],[-3.49795,42.40833],[-3.5019,42.40526],[-3.4978,42.40165],[-3.47428,42.40812],[-3.46049,42.41377],[-3.45025,42.42573],[-3.45797,42.42914],[-3.46163,42.4339],[-3.4708,42.43892],[-3.47536,42.43637],[-3.48621,42.43688],[-3.50195,42.42951],[-3.50281,42.43007]]]}},{"type":"Feature","properties":{"mun_code":"09184","mun_name":"Jaramillo Quemado","mun_name_local":null,"prov_code":"09","prov_name":"Burgos","acom_code":"07","acom_name":"Castilla y León","geo_point_2d":{"lon":-3.359508835509824,"lat":42.09210997386125}},"geometry":{"type":"Polygon","coordinates":[[[-3.38817,42.07935],[-3.37045,42.07011],[-3.3627,42.07052],[-3.34499,42.07717],[-3.31832,42.09316],[-3.32171,42.09266],[-3.33566,42.10008],[-3.34781,42.10237],[-3.34863,42.11141],[-3.34573,42.11593],[-3.35048,42.11954],[-3.35956,42.11152],[-3.36509,42.1166],[-3.36827,42.1141],[-3.37147,42.11523],[-3.37475,42.11293],[-3.37882,42.10592],[-3.37911,42.10107],[-3.38947,42.08402],[-3.38923,42.08178],[-3.38817,42.07935]]]}},{"type":"Feature","properties":{"mun_code":"53008","mun_name":"Comunidad de 09076, 09290, 09578 y 09822","mun_name_local":null,"prov_code":"09","prov_name":"Burgos","acom_code":"07","acom_name":"Castilla y León","geo_point_2d":{"lon":-3.307313691361805,"lat":41.974291548658584}},"geometry":{"type":"Polygon","coordinates":[[[-3.31085,41.98998],[-3.31238,41.97179],[-3.30157,41.95842],[-3.30346,41.97916],[-3.31058,41.98957],[-3.31085,41.98998]]]}},{"type":"Feature","properties":{"mun_code":"09094","mun_name":"Cebrecos","mun_name_local":null,"prov_code":"09","prov_name":"Burgos","acom_code":"07","acom_name":"Castilla y León","geo_point_2d":{"lon":-3.589787259411036,"lat":41.99284184012768}},"geometry":{"type":"MultiPolygon","coordinates":[[[[-3.5928,42.02178],[-3.59058,42.01586],[-3.59159,42.01314],[-3.60116,42.00991],[-3.60936,42.01038],[-3.61403,42.00645],[-3.61915,42.00769],[-3.6249,42.00603],[-3.62891,42.00677],[-3.63501,41.99926],[-3.62401,41.98928],[-3.61158,41.98472],[-3.60661,41.97732],[-3.59046,41.97148],[-3.58753,41.9671],[-3.58425,41.96622],[-3.58249,41.96787],[-3.57951,41.96674],[-3.57292,41.96936],[-3.5556,41.97158],[-3.56051,41.99912],[-3.57338,42.01468],[-3.57083,42.0222],[-3.57489,42.0216],[-3.57731,42.01751],[-3.57468,42.01448],[-3.57973,42.0133],[-3.57578,42.00759],[-3.57698,42.00716],[-3.5809,42.01182],[-3.58355,42.01051],[-3.58749,42.01517],[-3.58528,42.01855],[-3.58915,42.02044],[-3.5928,42.02178]]],[[[-3.59543,42.01835],[-3.60102,42.02708],[-3.60219,42.02651],[-3.60666,42.0308],[-3.60939,42.02977],[-3.59585,42.01873],[-3.59543,42.01835]]]]}},{"type":"Feature","properties":{"mun_code":"09287","mun_name":"Quintanaortuño","mun_name_local":null,"prov_code":"09","prov_name":"Burgos","acom_code":"07","acom_name":"Castilla y León","geo_point_2d":{"lon":-3.691751920739175,"lat":42.45403746706361}},"geometry":{"type":"Polygon","coordinates":[[[-3.70393,42.45317],[-3.70347,42.44584],[-3.69942,42.44039],[-3.69576,42.43896],[-3.68788,42.44075],[-3.67505,42.44848],[-3.68333,42.46349],[-3.69052,42.47036],[-3.70387,42.46614],[-3.70342,42.45439],[-3.70393,42.45317]]]}},{"type":"Feature","properties":{"mun_code":"09410","mun_name":"Valle de Mena","mun_name_local":null,"prov_code":"09","prov_name":"Burgos","acom_code":"07","acom_name":"Castilla y León","geo_point_2d":{"lon":-3.27090642572084,"lat":43.11380768087127}},"geometry":{"type":"Polygon","coordinates":[[[-3.42776,43.07778],[-3.42056,43.08037],[-3.41569,43.07844],[-3.40249,43.08094],[-3.3898,43.08087],[-3.37862,43.08309],[-3.36681,43.08175],[-3.36863,43.07836],[-3.36818,43.07607],[-3.36386,43.07331],[-3.36571,43.07065],[-3.36346,43.06781],[-3.36512,43.06544],[-3.35984,43.06131],[-3.34666,43.05565],[-3.34008,43.05562],[-3.32958,43.05345],[-3.32516,43.05429],[-3.3152,43.04965],[-3.27538,43.06185],[-3.25838,43.06966],[-3.25348,43.07386],[-3.24148,43.0743],[-3.23395,43.07706],[-3.23095,43.0786],[-3.22951,43.08499],[-3.22358,43.08954],[-3.22309,43.08595],[-3.21848,43.0791],[-3.21821,43.07422],[-3.20024,43.06439],[-3.19749,43.06078],[-3.19274,43.05877],[-3.19118,43.05661],[-3.18786,43.04697],[-3.18989,43.04587],[-3.1947,43.04613],[-3.1985,43.04428],[-3.19877,43.04135],[-3.19204,43.03413],[-3.19356,43.03244],[-3.18997,43.03004],[-3.19158,43.02995],[-3.19198,43.02755],[-3.18817,43.02548],[-3.18755,43.02364],[-3.17886,43.02136],[-3.17675,43.0236],[-3.17096,43.02553],[-3.17188,43.02684],[-3.17025,43.02907],[-3.15285,43.02697],[-3.14346,43.0274],[-3.14206,43.03107],[-3.14768,43.0345],[-3.14438,43.03809],[-3.14507,43.04933],[-3.14177,43.04901],[-3.14356,43.05438],[-3.14063,43.05932],[-3.14031,43.06715],[-3.14104,43.0687],[-3.14905,43.06933],[-3.15819,43.07402],[-3.14947,43.08116],[-3.1476,43.08573],[-3.14211,43.08911],[-3.13394,43.09723],[-3.14149,43.11064],[-3.14798,43.10826],[-3.15206,43.10412],[-3.1625,43.10892],[-3.16966,43.10959],[-3.17588,43.11309],[-3.18043,43.11632],[-3.18179,43.12088],[-3.17232,43.12975],[-3.16148,43.14319],[-3.16677,43.14694],[-3.16185,43.15426],[-3.14926,43.16092],[-3.14189,43.16115],[-3.14103,43.16502],[-3.1428,43.16826],[-3.14829,43.174],[-3.15418,43.17697],[-3.15863,43.17813],[-3.16298,43.17692],[-3.16804,43.17858],[-3.17908,43.17523],[-3.18617,43.16919],[-3.1989,43.17095],[-3.20478,43.17445],[-3.20813,43.17941],[-3.21096,43.17786],[-3.21313,43.17379],[-3.21848,43.17516],[-3.22409,43.17013],[-3.2235,43.17225],[-3.22656,43.17534],[-3.23012,43.17641],[-3.23114,43.17888],[-3.23343,43.179],[-3.23774,43.18619],[-3.24414,43.18996],[-3.25327,43.19875],[-3.25494,43.19483],[-3.26209,43.19608],[-3.26632,43.19427],[-3.27777,43.19451],[-3.27806,43.18942],[-3.28402,43.18837],[-3.28813,43.18556],[-3.2974,43.18249],[-3.30058,43.17879],[-3.30574,43.17679],[-3.30984,43.1721],[-3.31925,43.17109],[-3.32065,43.16938],[-3.33318,43.16551],[-3.33823,43.16734],[-3.34118,43.16702],[-3.35021,43.15375],[-3.35979,43.15131],[-3.37049,43.15117],[-3.37096,43.14865],[-3.38788,43.14053],[-3.39458,43.13979],[-3.40102,43.13731],[-3.40576,43.13784],[-3.40979,43.1342],[-3.41761,43.13332],[-3.42615,43.10402],[-3.42387,43.10193],[-3.42586,43.09816],[-3.43191,43.09565],[-3.43491,43.09141],[-3.42804,43.07844],[-3.42776,43.07778]]]}},{"type":"Feature","properties":{"mun_code":"09082","mun_name":"Castildelgado","mun_name_local":null,"prov_code":"09","prov_name":"Burgos","acom_code":"07","acom_name":"Castilla y León","geo_point_2d":{"lon":-3.089446673960794,"lat":42.44219543483074}},"geometry":{"type":"Polygon","coordinates":[[[-3.10832,42.44562],[-3.09807,42.43738],[-3.09685,42.43368],[-3.08751,42.42896],[-3.08726,42.42744],[-3.08451,42.43045],[-3.08118,42.43076],[-3.0792,42.43496],[-3.07668,42.43551],[-3.07103,42.44772],[-3.07219,42.44927],[-3.0827,42.44943],[-3.08399,42.44721],[-3.0857,42.44823],[-3.08756,42.44735],[-3.09095,42.45292],[-3.09511,42.45324],[-3.10388,42.45252],[-3.10587,42.44732],[-3.10832,42.44562]]]}},{"type":"Feature","properties":{"mun_code":"09273","mun_name":"Prádanos de Bureba","mun_name_local":null,"prov_code":"09","prov_name":"Burgos","acom_code":"07","acom_name":"Castilla y León","geo_point_2d":{"lon":-3.3441973840544392,"lat":42.49875570010324}},"geometry":{"type":"Polygon","coordinates":[[[-3.37332,42.49814],[-3.36807,42.49247],[-3.36365,42.49456],[-3.36271,42.48864],[-3.35942,42.48633],[-3.34952,42.48476],[-3.33046,42.48548],[-3.31835,42.49032],[-3.31799,42.4924],[-3.31318,42.49672],[-3.32741,42.50252],[-3.32911,42.50972],[-3.34529,42.51675],[-3.34659,42.51749],[-3.34544,42.5188],[-3.35291,42.51244],[-3.36171,42.5089],[-3.37032,42.50087],[-3.37288,42.50022],[-3.37332,42.49814]]]}},{"type":"Feature","properties":{"mun_code":"09416","mun_name":"Valle de Zamanzas","mun_name_local":null,"prov_code":"09","prov_name":"Burgos","acom_code":"07","acom_name":"Castilla y León","geo_point_2d":{"lon":-3.7495964949881917,"lat":42.858706247338645}},"geometry":{"type":"Polygon","coordinates":[[[-3.78883,42.879],[-3.78574,42.86411],[-3.77419,42.85282],[-3.75797,42.84375],[-3.73888,42.83571],[-3.72673,42.82596],[-3.72443,42.8282],[-3.72566,42.83509],[-3.72986,42.83764],[-3.73054,42.84046],[-3.72731,42.84272],[-3.7245,42.8419],[-3.72187,42.8429],[-3.72283,42.84754],[-3.7216,42.85104],[-3.71208,42.8554],[-3.71083,42.85758],[-3.74057,42.87938],[-3.75609,42.8728],[-3.76313,42.87558],[-3.777,42.87791],[-3.78336,42.881],[-3.78721,42.88055],[-3.78883,42.879]]]}},{"type":"Feature","properties":{"mun_code":"09424","mun_name":"Viloria de Rioja","mun_name_local":null,"prov_code":"09","prov_name":"Burgos","acom_code":"07","acom_name":"Castilla y León","geo_point_2d":{"lon":-3.1040480431354736,"lat":42.42010509257728}},"geometry":{"type":"Polygon","coordinates":[[[-3.12029,42.42771],[-3.11558,42.42527],[-3.11281,42.42554],[-3.11337,42.42242],[-3.10956,42.42303],[-3.11011,42.42177],[-3.10287,42.41836],[-3.10223,42.41533],[-3.11039,42.39735],[-3.10743,42.3843],[-3.10439,42.38541],[-3.10342,42.39032],[-3.09699,42.39861],[-3.09606,42.40289],[-3.09574,42.40518],[-3.09889,42.4085],[-3.10135,42.41678],[-3.09631,42.41693],[-3.09055,42.41991],[-3.09115,42.42528],[-3.08712,42.42701],[-3.08751,42.42896],[-3.08957,42.42906],[-3.09226,42.43181],[-3.09389,42.43133],[-3.09685,42.43368],[-3.09807,42.43738],[-3.10832,42.44562],[-3.11093,42.44596],[-3.10777,42.44211],[-3.11767,42.43677],[-3.11969,42.43118],[-3.12029,42.42771]]]}},{"type":"Feature","properties":{"mun_code":"09446","mun_name":"Villamedianilla","mun_name_local":null,"prov_code":"09","prov_name":"Burgos","acom_code":"07","acom_name":"Castilla y León","geo_point_2d":{"lon":-4.149422660261316,"lat":42.16420701919497}},"geometry":{"type":"Polygon","coordinates":[[[-4.18462,42.15795],[-4.17041,42.15402],[-4.15358,42.15308],[-4.14314,42.15488],[-4.13845,42.15803],[-4.1398,42.15953],[-4.13637,42.15991],[-4.13187,42.16376],[-4.13284,42.16579],[-4.12795,42.1671],[-4.12442,42.17247],[-4.12262,42.1812],[-4.13105,42.17993],[-4.1457,42.17183],[-4.14894,42.16844],[-4.17137,42.16399],[-4.18359,42.15846],[-4.18462,42.15795]]]}},{"type":"Feature","properties":{"mun_code":"09437","mun_name":"Villahoz","mun_name_local":null,"prov_code":"09","prov_name":"Burgos","acom_code":"07","acom_name":"Castilla y León","geo_point_2d":{"lon":-3.911739288260212,"lat":42.07333888346136}},"geometry":{"type":"Polygon","coordinates":[[[-3.96816,42.0662],[-3.95932,42.06845],[-3.95559,42.06224],[-3.94825,42.05792],[-3.93152,42.05319],[-3.92309,42.04331],[-3.92268,42.03696],[-3.92764,42.02819],[-3.92824,42.0196],[-3.91818,42.01279],[-3.91293,42.01227],[-3.91061,42.02052],[-3.90134,42.02683],[-3.89772,42.03359],[-3.89278,42.03597],[-3.8945,42.03911],[-3.89771,42.04044],[-3.89566,42.0431],[-3.89809,42.04685],[-3.89446,42.05168],[-3.88187,42.06216],[-3.8688,42.07685],[-3.8636,42.0782],[-3.86417,42.07931],[-3.86069,42.08139],[-3.86132,42.09369],[-3.86832,42.0991],[-3.87219,42.10454],[-3.88189,42.11095],[-3.8903,42.11363],[-3.89552,42.11143],[-3.90257,42.11384],[-3.96219,42.08807],[-3.96541,42.07378],[-3.9641,42.07037],[-3.96816,42.0662]]]}},{"type":"Feature","properties":{"mun_code":"09412","mun_name":"Valle de Tobalina","mun_name_local":null,"prov_code":"09","prov_name":"Burgos","acom_code":"07","acom_name":"Castilla y León","geo_point_2d":{"lon":-3.241568825426104,"lat":42.79525462688037}},"geometry":{"type":"MultiPolygon","coordinates":[[[[-3.32701,42.82473],[-3.33031,42.82617],[-3.33604,42.82516],[-3.34024,42.82266],[-3.34809,42.8222],[-3.35032,42.82071],[-3.35108,42.81863],[-3.3485,42.81715],[-3.34606,42.80675],[-3.34816,42.80195],[-3.3544,42.79627],[-3.34746,42.79142],[-3.34461,42.79232],[-3.34022,42.79054],[-3.33668,42.78474],[-3.33734,42.78047],[-3.33117,42.77673],[-3.3123,42.77845],[-3.30957,42.78153],[-3.29331,42.7809],[-3.28801,42.78388],[-3.27978,42.78148],[-3.27786,42.78035],[-3.28285,42.76654],[-3.27813,42.76329],[-3.27411,42.7579],[-3.26472,42.75721],[-3.25916,42.75452],[-3.24597,42.75195],[-3.23012,42.7432],[-3.22589,42.73791],[-3.20981,42.73149],[-3.19562,42.73489],[-3.18223,42.72754],[-3.15474,42.72902],[-3.15042,42.7335],[-3.1476,42.73212],[-3.14457,42.73394],[-3.13981,42.733],[-3.14091,42.74017],[-3.1313,42.75765],[-3.13505,42.75854],[-3.14791,42.7567],[-3.14204,42.7629],[-3.13664,42.76548],[-3.12823,42.7843],[-3.12325,42.78933],[-3.13139,42.7898],[-3.14117,42.79642],[-3.16868,42.80995],[-3.17238,42.80989],[-3.17707,42.81279],[-3.19256,42.81794],[-3.20553,42.8274],[-3.21697,42.82652],[-3.22584,42.83012],[-3.28261,42.87551],[-3.28677,42.88515],[-3.28552,42.87755],[-3.28156,42.86904],[-3.28316,42.86653],[-3.2814,42.86072],[-3.28332,42.85758],[-3.28163,42.85404],[-3.28556,42.85313],[-3.28827,42.85581],[-3.29242,42.85562],[-3.29098,42.84923],[-3.29249,42.84721],[-3.2794,42.84266],[-3.28132,42.83611],[-3.27626,42.83031],[-3.28066,42.83232],[-3.2845,42.82878],[-3.28911,42.82879],[-3.29518,42.83581],[-3.29475,42.83909],[-3.29798,42.84105],[-3.30025,42.83447],[-3.30545,42.82759],[-3.30468,42.82389],[-3.30798,42.81833],[-3.31371,42.81522],[-3.32653,42.8239],[-3.32701,42.82473]]],[[[-3.36688,42.87594],[-3.36808,42.86799],[-3.36599,42.86553],[-3.36731,42.85564],[-3.36077,42.84992],[-3.36253,42.84914],[-3.36051,42.84587],[-3.35737,42.84552],[-3.35153,42.84074],[-3.34049,42.8399],[-3.33961,42.83353],[-3.33075,42.83165],[-3.32415,42.8457],[-3.32194,42.85554],[-3.32299,42.85851],[-3.33752,42.86342],[-3.33891,42.86911],[-3.33613,42.86882],[-3.336,42.87029],[-3.34027,42.8733],[-3.33894,42.8743],[-3.34003,42.87678],[-3.36017,42.87815],[-3.36246,42.87928],[-3.36571,42.87698],[-3.36688,42.87594]]]]}},{"type":"Feature","properties":{"mun_code":"09368","mun_name":"Sordillos","mun_name_local":null,"prov_code":"09","prov_name":"Burgos","acom_code":"07","acom_name":"Castilla y León","geo_point_2d":{"lon":-4.093080870842392,"lat":42.459040126093235}},"geometry":{"type":"MultiPolygon","coordinates":[[[[-4.11347,42.47183],[-4.11176,42.47051],[-4.11319,42.4647],[-4.11096,42.45484],[-4.11538,42.45122],[-4.11598,42.44883],[-4.09647,42.43844],[-4.08992,42.44271],[-4.08106,42.45144],[-4.08018,42.45568],[-4.08372,42.45591],[-4.08187,42.45701],[-4.0821,42.46222],[-4.08066,42.46298],[-4.07859,42.46053],[-4.06564,42.4627],[-4.06293,42.46723],[-4.06331,42.47206],[-4.06617,42.4733],[-4.09489,42.4707],[-4.10908,42.47155],[-4.11347,42.47183]]],[[[-4.11512,42.47238],[-4.1189,42.47257],[-4.11896,42.47116],[-4.11676,42.47012],[-4.11523,42.47194],[-4.11512,42.47238]]]]}},{"type":"Feature","properties":{"mun_code":"09427","mun_name":"Villadiego","mun_name_local":null,"prov_code":"09","prov_name":"Burgos","acom_code":"07","acom_name":"Castilla y León","geo_point_2d":{"lon":-4.016013042499026,"lat":42.55550322419116}},"geometry":{"type":"Polygon","coordinates":[[[-4.1509,42.50478],[-4.14355,42.49394],[-4.14983,42.48824],[-4.14675,42.48729],[-4.14634,42.4857],[-4.13575,42.47792],[-4.11896,42.47116],[-4.1189,42.47257],[-4.11512,42.47238],[-4.11403,42.47397],[-4.11347,42.47183],[-4.09582,42.4707],[-4.06617,42.4733],[-4.06331,42.47206],[-4.05866,42.47509],[-4.05156,42.48454],[-4.05036,42.48966],[-4.05167,42.49248],[-4.04933,42.49326],[-4.03795,42.48746],[-4.03063,42.48531],[-4.02217,42.4854],[-4.01603,42.48217],[-4.01214,42.48678],[-4.00498,42.4883],[-3.99929,42.48571],[-3.9983,42.48035],[-3.99184,42.47232],[-3.98433,42.46783],[-3.9818,42.4651],[-3.98193,42.46295],[-3.97614,42.46099],[-3.96099,42.46142],[-3.95941,42.46603],[-3.95456,42.46998],[-3.95786,42.47372],[-3.95666,42.48544],[-3.95471,42.48704],[-3.95813,42.50175],[-3.95784,42.50378],[-3.95255,42.50818],[-3.95501,42.53129],[-3.94174,42.53919],[-3.92891,42.55114],[-3.91186,42.55721],[-3.9082,42.55718],[-3.9078,42.55547],[-3.91071,42.54054],[-3.90919,42.53828],[-3.89974,42.53656],[-3.88988,42.53752],[-3.87513,42.54125],[-3.86885,42.53989],[-3.85585,42.55033],[-3.85209,42.55085],[-3.84851,42.54877],[-3.84685,42.54935],[-3.84364,42.55294],[-3.83953,42.55486],[-3.83831,42.55747],[-3.83489,42.55853],[-3.83735,42.55964],[-3.83635,42.56518],[-3.83978,42.56986],[-3.83603,42.58091],[-3.83836,42.5815],[-3.8484,42.59438],[-3.85205,42.59416],[-3.85423,42.5962],[-3.87257,42.60049],[-3.90086,42.60962],[-3.89382,42.61263],[-3.89594,42.61592],[-3.89512,42.61766],[-3.90122,42.62334],[-3.90778,42.62717],[-3.91266,42.62715],[-3.9131,42.62835],[-3.92111,42.62864],[-3.92327,42.62701],[-3.94534,42.62926],[-3.95245,42.63134],[-3.97187,42.63131],[-3.97274,42.63645],[-4.00142,42.63408],[-4.00234,42.62566],[-4.0058,42.62668],[-4.00589,42.62445],[-4.01059,42.61988],[-4.02951,42.61745],[-4.03402,42.61217],[-4.04527,42.60911],[-4.05042,42.61064],[-4.05763,42.61621],[-4.05868,42.62016],[-4.06841,42.62689],[-4.07367,42.62723],[-4.07371,42.6251],[-4.07037,42.62054],[-4.06383,42.61661],[-4.06404,42.61454],[-4.08119,42.62084],[-4.08357,42.62344],[-4.07719,42.62865],[-4.07806,42.63135],[-4.08462,42.63433],[-4.08498,42.63133],[-4.08823,42.62944],[-4.08717,42.6233],[-4.09171,42.61644],[-4.09808,42.61384],[-4.10128,42.61695],[-4.10713,42.61923],[-4.12002,42.6203],[-4.12155,42.62186],[-4.12884,42.61637],[-4.13318,42.60773],[-4.13648,42.60547],[-4.13696,42.59923],[-4.14363,42.59291],[-4.14269,42.5906],[-4.14573,42.58345],[-4.1444,42.57994],[-4.14304,42.58037],[-4.155,42.54706],[-4.14643,42.53994],[-4.14985,42.52504],[-4.14891,42.5208],[-4.14581,42.51982],[-4.14956,42.51071],[-4.1509,42.50478]]]}},{"type":"Feature","properties":{"mun_code":"09262","mun_name":"Peral de Arlanza","mun_name_local":null,"prov_code":"09","prov_name":"Burgos","acom_code":"07","acom_name":"Castilla y León","geo_point_2d":{"lon":-4.066459349095291,"lat":42.07037438829799}},"geometry":{"type":"Polygon","coordinates":[[[-4.10411,42.06163],[-4.10096,42.05938],[-4.09743,42.05169],[-4.09221,42.04952],[-4.08773,42.04203],[-4.07989,42.03678],[-4.06782,42.04281],[-4.06368,42.04364],[-4.05698,42.03974],[-4.04788,42.03905],[-4.04774,42.04739],[-4.04588,42.05081],[-4.04787,42.05228],[-4.04526,42.05878],[-4.04553,42.0658],[-4.04174,42.07122],[-4.03965,42.07283],[-4.03656,42.07298],[-4.03177,42.07678],[-4.03217,42.07941],[-4.0276,42.08785],[-4.0298,42.09299],[-4.03537,42.09604],[-4.03541,42.10151],[-4.0393,42.10291],[-4.03788,42.10453],[-4.04131,42.10557],[-4.04109,42.10782],[-4.04724,42.10798],[-4.05195,42.10656],[-4.06052,42.09345],[-4.06038,42.09128],[-4.06614,42.08912],[-4.0665,42.08605],[-4.07749,42.08268],[-4.09463,42.08682],[-4.10304,42.08704],[-4.10392,42.06469],[-4.10411,42.06163]]]}},{"type":"Feature","properties":{"mun_code":"09421","mun_name":"La Vid y Barrios","mun_name_local":null,"prov_code":"09","prov_name":"Burgos","acom_code":"07","acom_name":"Castilla y León","geo_point_2d":{"lon":-3.4881721609638765,"lat":41.621169194429456}},"geometry":{"type":"Polygon","coordinates":[[[-3.54591,41.64441],[-3.54837,41.64099],[-3.54769,41.62876],[-3.54131,41.62789],[-3.53057,41.62863],[-3.52894,41.62604],[-3.53216,41.61087],[-3.52915,41.61263],[-3.52343,41.60992],[-3.51682,41.60513],[-3.51653,41.60351],[-3.51045,41.60026],[-3.51148,41.59824],[-3.50784,41.59667],[-3.50594,41.59815],[-3.4996,41.59688],[-3.48163,41.59745],[-3.48139,41.5947],[-3.47956,41.59458],[-3.47536,41.59695],[-3.47378,41.59527],[-3.47074,41.59503],[-3.46826,41.59223],[-3.46847,41.58897],[-3.45968,41.58927],[-3.44979,41.60577],[-3.44263,41.61164],[-3.44095,41.61838],[-3.43535,41.62203],[-3.43908,41.62456],[-3.44047,41.62946],[-3.43659,41.63415],[-3.43655,41.63859],[-3.43523,41.63938],[-3.44024,41.63958],[-3.44427,41.64186],[-3.4979,41.63758],[-3.5069,41.6415],[-3.50888,41.63779],[-3.51356,41.63974],[-3.51495,41.64625],[-3.52197,41.65068],[-3.52653,41.64857],[-3.53055,41.64332],[-3.53378,41.64386],[-3.5401,41.64183],[-3.54579,41.64435],[-3.54591,41.64441]]]}},{"type":"Feature","properties":{"mun_code":"09075","mun_name":"Cardeñuela Riopico","mun_name_local":null,"prov_code":"09","prov_name":"Burgos","acom_code":"07","acom_name":"Castilla y León","geo_point_2d":{"lon":-3.545916114823255,"lat":42.364900816772746}},"geometry":{"type":"Polygon","coordinates":[[[-3.57126,42.37431],[-3.56025,42.36785],[-3.55942,42.36606],[-3.56416,42.35719],[-3.56053,42.34875],[-3.55536,42.34634],[-3.52925,42.34992],[-3.52294,42.35716],[-3.52284,42.36258],[-3.53125,42.37826],[-3.55481,42.38328],[-3.56043,42.38568],[-3.57051,42.37549],[-3.57126,42.37431]]]}},{"type":"Feature","properties":{"mun_code":"09408","mun_name":"Vallarta de Bureba","mun_name_local":null,"prov_code":"09","prov_name":"Burgos","acom_code":"07","acom_name":"Castilla y León","geo_point_2d":{"lon":-3.2094034154962596,"lat":42.582212211122865}},"geometry":{"type":"Polygon","coordinates":[[[-3.2489,42.56219],[-3.22979,42.55148],[-3.21022,42.56699],[-3.21024,42.57767],[-3.18805,42.58128],[-3.18599,42.58197],[-3.18579,42.58355],[-3.17304,42.58639],[-3.16916,42.59235],[-3.15991,42.59624],[-3.15842,42.60276],[-3.1623,42.60516],[-3.16477,42.60897],[-3.16765,42.60623],[-3.17665,42.60338],[-3.18579,42.60677],[-3.19042,42.60706],[-3.19337,42.60391],[-3.19872,42.60315],[-3.21395,42.59491],[-3.21738,42.58752],[-3.21919,42.58788],[-3.2267,42.58358],[-3.22865,42.58676],[-3.2309,42.58542],[-3.23721,42.58595],[-3.25545,42.56831],[-3.24996,42.5641],[-3.2489,42.56219]]]}},{"type":"Feature","properties":{"mun_code":"09467","mun_name":"Villaverde-Mogina","mun_name_local":null,"prov_code":"09","prov_name":"Burgos","acom_code":"07","acom_name":"Castilla y León","geo_point_2d":{"lon":-4.049599225911363,"lat":42.15050807057399}},"geometry":{"type":"Polygon","coordinates":[[[-4.07629,42.16786],[-4.06898,42.16313],[-4.06564,42.1635],[-4.06756,42.15705],[-4.07441,42.15558],[-4.07278,42.1518],[-4.06453,42.14298],[-4.06387,42.1389],[-4.05979,42.1362],[-4.06214,42.13158],[-4.05951,42.13055],[-4.059,42.12857],[-4.05171,42.13015],[-4.04939,42.12905],[-4.05051,42.12668],[-4.04774,42.12608],[-4.04118,42.12779],[-4.04028,42.12999],[-4.034,42.12854],[-4.03446,42.12982],[-4.02883,42.13583],[-4.0301,42.14509],[-4.03288,42.14931],[-4.03056,42.15762],[-4.03377,42.16691],[-4.03314,42.16998],[-4.04532,42.17197],[-4.04936,42.17026],[-4.05464,42.16477],[-4.06207,42.16708],[-4.06145,42.16933],[-4.06893,42.17304],[-4.07232,42.17065],[-4.07629,42.16786]]]}},{"type":"Feature","properties":{"mun_code":"53041","mun_name":"Comunidad de Tinieblas de la Sierra y San Millán de Lara","mun_name_local":null,"prov_code":"09","prov_name":"Burgos","acom_code":"07","acom_name":"Castilla y León","geo_point_2d":{"lon":-3.365018517948043,"lat":42.1618118872062}},"geometry":{"type":"Polygon","coordinates":[[[-3.37493,42.15819],[-3.37081,42.15458],[-3.36862,42.1546],[-3.36097,42.15764],[-3.36074,42.15967],[-3.35657,42.1619],[-3.34683,42.15953],[-3.34688,42.16208],[-3.34997,42.16571],[-3.35351,42.16653],[-3.36592,42.16448],[-3.38186,42.16756],[-3.37873,42.16524],[-3.37627,42.16056],[-3.37493,42.15819]]]}},{"type":"Feature","properties":{"mun_code":"09903","mun_name":"Villarcayo de Merindad de Castilla la Vieja","mun_name_local":null,"prov_code":"09","prov_name":"Burgos","acom_code":"07","acom_name":"Castilla y León","geo_point_2d":{"lon":-3.574282172531872,"lat":42.938437835293314}},"geometry":{"type":"Polygon","coordinates":[[[-3.66891,42.9424],[-3.67129,42.93806],[-3.67029,42.93719],[-3.65992,42.93714],[-3.65687,42.93476],[-3.66226,42.93229],[-3.62786,42.92418],[-3.62178,42.91516],[-3.6236,42.90508],[-3.61372,42.90339],[-3.61805,42.90096],[-3.61933,42.89582],[-3.61733,42.89261],[-3.61158,42.89182],[-3.61227,42.89022],[-3.61805,42.89077],[-3.62529,42.88556],[-3.62783,42.87774],[-3.61772,42.87697],[-3.61037,42.87289],[-3.5918,42.86729],[-3.57846,42.86738],[-3.5661,42.86455],[-3.55363,42.86357],[-3.54146,42.8601],[-3.52255,42.86016],[-3.51904,42.86363],[-3.5221,42.8646],[-3.52471,42.87483],[-3.52921,42.87591],[-3.52579,42.87999],[-3.52846,42.88161],[-3.5244,42.88512],[-3.52289,42.88874],[-3.51518,42.89169],[-3.5138,42.89358],[-3.51411,42.90597],[-3.50853,42.90474],[-3.51554,42.90752],[-3.51571,42.91308],[-3.52089,42.91392],[-3.52229,42.91592],[-3.51749,42.92494],[-3.51776,42.93291],[-3.51276,42.9356],[-3.51309,42.93685],[-3.51698,42.93759],[-3.51732,42.94065],[-3.50952,42.94582],[-3.51154,42.95106],[-3.51966,42.95485],[-3.51636,42.95796],[-3.50831,42.96041],[-3.50808,42.96747],[-3.50464,42.96736],[-3.50097,42.9736],[-3.49546,42.97547],[-3.49542,42.9791],[-3.49243,42.9807],[-3.49215,42.983],[-3.48732,42.9872],[-3.49266,42.99326],[-3.50906,42.99101],[-3.51221,42.99359],[-3.50766,42.99516],[-3.50827,42.99772],[-3.51566,42.99546],[-3.5174,42.99279],[-3.52371,42.99632],[-3.52244,42.99925],[-3.54177,43.0072],[-3.55491,43.00478],[-3.55541,43.0069],[-3.55829,43.00781],[-3.57117,43.00733],[-3.5729,43.00459],[-3.57014,43.00244],[-3.57479,43.00204],[-3.57535,43.00014],[-3.57311,42.9973],[-3.57996,42.99741],[-3.57994,42.99532],[-3.58452,42.99502],[-3.58538,42.99347],[-3.61252,42.99842],[-3.63057,42.99862],[-3.63242,42.99574],[-3.63007,42.9904],[-3.63831,42.9844],[-3.63849,42.97888],[-3.6458,42.97495],[-3.64398,42.97271],[-3.64836,42.97063],[-3.64984,42.96811],[-3.64996,42.96689],[-3.64637,42.96577],[-3.65145,42.96293],[-3.64915,42.95949],[-3.66063,42.94932],[-3.66566,42.94891],[-3.67174,42.94524],[-3.66939,42.9431],[-3.66891,42.9424]]]}},{"type":"Feature","properties":{"mun_code":"09183","mun_name":"Jaramillo de la Fuente","mun_name_local":null,"prov_code":"09","prov_name":"Burgos","acom_code":"07","acom_name":"Castilla y León","geo_point_2d":{"lon":-3.3159072798445024,"lat":42.11990664318097}},"geometry":{"type":"Polygon","coordinates":[[[-3.35048,42.11954],[-3.34573,42.11593],[-3.34863,42.11141],[-3.34781,42.10237],[-3.33566,42.10008],[-3.32171,42.09266],[-3.31718,42.09368],[-3.30945,42.09202],[-3.30008,42.10233],[-3.30243,42.10493],[-3.30478,42.10506],[-3.28855,42.1204],[-3.2827,42.12799],[-3.27573,42.12963],[-3.27887,42.13141],[-3.27568,42.13597],[-3.29055,42.14039],[-3.29264,42.13762],[-3.29709,42.14018],[-3.29904,42.13991],[-3.30608,42.14485],[-3.31177,42.14605],[-3.31815,42.14567],[-3.32488,42.14227],[-3.328,42.13543],[-3.34723,42.12449],[-3.34964,42.12046],[-3.35048,42.11954]]]}},{"type":"Feature","properties":{"mun_code":"09011","mun_name":"Alfoz de Bricia","mun_name_local":null,"prov_code":"09","prov_name":"Burgos","acom_code":"07","acom_name":"Castilla y León","geo_point_2d":{"lon":-3.8574204045806124,"lat":42.89819419660777}},"geometry":{"type":"MultiPolygon","coordinates":[[[[-3.84076,42.94065],[-3.83735,42.93474],[-3.83067,42.93013],[-3.8311,42.9214],[-3.8339,42.91807],[-3.8382,42.91665],[-3.84417,42.91743],[-3.84676,42.91935],[-3.85167,42.91949],[-3.85584,42.91405],[-3.85832,42.9036],[-3.86562,42.89932],[-3.87869,42.9012],[-3.88307,42.90401],[-3.88431,42.90273],[-3.88981,42.90229],[-3.90287,42.90943],[-3.90867,42.91499],[-3.91095,42.91108],[-3.90655,42.90738],[-3.89874,42.90398],[-3.89344,42.88972],[-3.89552,42.89098],[-3.89221,42.88704],[-3.90205,42.88586],[-3.90865,42.88921],[-3.91026,42.89191],[-3.9163,42.88913],[-3.92091,42.89092],[-3.92411,42.88891],[-3.90791,42.88696],[-3.89693,42.88161],[-3.89651,42.87998],[-3.90506,42.86951],[-3.91231,42.86789],[-3.9146,42.86185],[-3.91212,42.85911],[-3.89932,42.86012],[-3.89619,42.85632],[-3.88737,42.85673],[-3.88549,42.85414],[-3.87996,42.85112],[-3.87373,42.85264],[-3.86824,42.85703],[-3.87356,42.86267],[-3.87355,42.86936],[-3.87107,42.87397],[-3.87381,42.87476],[-3.86817,42.88531],[-3.86382,42.88963],[-3.85631,42.88549],[-3.83631,42.8788],[-3.82619,42.87102],[-3.82535,42.86863],[-3.81749,42.87122],[-3.8184,42.87264],[-3.81041,42.87092],[-3.79829,42.87419],[-3.78789,42.87517],[-3.7889,42.8794],[-3.78749,42.8845],[-3.78393,42.88911],[-3.77995,42.89064],[-3.80245,42.90275],[-3.80847,42.90816],[-3.80482,42.91477],[-3.80367,42.92241],[-3.80767,42.9245],[-3.80909,42.9277],[-3.81761,42.9283],[-3.83083,42.93838],[-3.83958,42.94037],[-3.84076,42.94065]]],[[[-3.90165,42.95036],[-3.90384,42.94184],[-3.90756,42.93948],[-3.91103,42.93954],[-3.91902,42.93059],[-3.92224,42.93112],[-3.92646,42.92798],[-3.93024,42.92983],[-3.93578,42.92396],[-3.9349,42.91916],[-3.9369,42.91439],[-3.94068,42.91093],[-3.94542,42.90943],[-3.93779,42.91064],[-3.92964,42.9147],[-3.93637,42.90816],[-3.9376,42.90481],[-3.93401,42.89967],[-3.92866,42.9041],[-3.92635,42.90443],[-3.92342,42.91567],[-3.91821,42.91629],[-3.912,42.92134],[-3.91149,42.92339],[-3.9075,42.92472],[-3.89128,42.92549],[-3.88883,42.92986],[-3.88969,42.93514],[-3.88686,42.94231],[-3.8877,42.95103],[-3.89291,42.94725],[-3.89536,42.94886],[-3.89473,42.95145],[-3.89821,42.95167],[-3.90165,42.95036]]]]}},{"type":"Feature","properties":{"mun_code":"09022","mun_name":"Arauzo de Torre","mun_name_local":null,"prov_code":"09","prov_name":"Burgos","acom_code":"07","acom_name":"Castilla y León","geo_point_2d":{"lon":-3.4336025008432327,"lat":41.79219053825535}},"geometry":{"type":"Polygon","coordinates":[[[-3.45949,41.78411],[-3.44721,41.77065],[-3.43235,41.77323],[-3.41791,41.78555],[-3.41172,41.78752],[-3.41115,41.79028],[-3.40537,41.79645],[-3.39786,41.79967],[-3.41191,41.80624],[-3.41588,41.80331],[-3.41785,41.80807],[-3.42889,41.81399],[-3.46253,41.7941],[-3.4584,41.79078],[-3.46104,41.7858],[-3.45949,41.78411]]]}},{"type":"Feature","properties":{"mun_code":"09439","mun_name":"Villalbilla de Burgos","mun_name_local":null,"prov_code":"09","prov_name":"Burgos","acom_code":"07","acom_name":"Castilla y León","geo_point_2d":{"lon":-3.7679403371835822,"lat":42.32923607145176}},"geometry":{"type":"Polygon","coordinates":[[[-3.79812,42.34496],[-3.78995,42.34248],[-3.78406,42.33477],[-3.78135,42.32646],[-3.78417,42.32253],[-3.77877,42.32235],[-3.77374,42.31213],[-3.76913,42.30815],[-3.77328,42.30375],[-3.7662,42.29717],[-3.74591,42.30807],[-3.74321,42.31351],[-3.74899,42.32641],[-3.75572,42.33267],[-3.7614,42.3357],[-3.76005,42.343],[-3.75611,42.34746],[-3.75768,42.35218],[-3.75514,42.35353],[-3.75562,42.35491],[-3.76326,42.35646],[-3.76768,42.35078],[-3.78294,42.35217],[-3.79244,42.3555],[-3.79584,42.34846],[-3.79812,42.34496]]]}},{"type":"Feature","properties":{"mun_code":"09902","mun_name":"Valle de Santibáñez","mun_name_local":null,"prov_code":"09","prov_name":"Burgos","acom_code":"07","acom_name":"Castilla y León","geo_point_2d":{"lon":-3.8179153379262902,"lat":42.4800605716361}},"geometry":{"type":"Polygon","coordinates":[[[-3.90992,42.45451],[-3.90625,42.45001],[-3.90003,42.447],[-3.88579,42.45129],[-3.86363,42.45099],[-3.86247,42.4489],[-3.86149,42.44968],[-3.86136,42.44755],[-3.85215,42.45324],[-3.84677,42.45309],[-3.84492,42.44967],[-3.84612,42.44758],[-3.84146,42.44402],[-3.84155,42.44146],[-3.8299,42.44072],[-3.82296,42.43682],[-3.82179,42.43463],[-3.81204,42.43455],[-3.80843,42.43197],[-3.80198,42.43116],[-3.80065,42.42801],[-3.79476,42.42812],[-3.77669,42.43546],[-3.77736,42.43694],[-3.77286,42.44331],[-3.76913,42.44416],[-3.76612,42.44266],[-3.75938,42.4429],[-3.75178,42.44458],[-3.74109,42.45193],[-3.73655,42.45246],[-3.74139,42.47004],[-3.74114,42.47578],[-3.73849,42.47541],[-3.73728,42.48417],[-3.74031,42.49078],[-3.74101,42.5002],[-3.74706,42.50162],[-3.7645,42.50188],[-3.77348,42.49959],[-3.78484,42.5018],[-3.79098,42.50511],[-3.78995,42.51941],[-3.79177,42.52401],[-3.79559,42.5261],[-3.79694,42.53089],[-3.80023,42.53401],[-3.81392,42.53193],[-3.82966,42.53761],[-3.83834,42.53636],[-3.84764,42.53841],[-3.84859,42.53408],[-3.85424,42.52671],[-3.86699,42.518],[-3.89685,42.47183],[-3.90523,42.46452],[-3.90459,42.46081],[-3.90777,42.45674],[-3.90992,42.45451]]]}},{"type":"Feature","properties":{"mun_code":"09311","mun_name":"Retuerta","mun_name_local":null,"prov_code":"09","prov_name":"Burgos","acom_code":"07","acom_name":"Castilla y León","geo_point_2d":{"lon":-3.4993532112617145,"lat":42.03061998150821}},"geometry":{"type":"Polygon","coordinates":[[[-3.52456,42.03441],[-3.52157,42.03366],[-3.51877,42.02442],[-3.50903,42.0186],[-3.48289,42.01922],[-3.47098,42.0221],[-3.48085,42.03403],[-3.48442,42.03368],[-3.49031,42.04091],[-3.49823,42.03897],[-3.49405,42.04571],[-3.49844,42.04759],[-3.50407,42.04716],[-3.52088,42.03655],[-3.52456,42.03441]]]}},{"type":"Feature","properties":{"mun_code":"09250","mun_name":"Pampliega","mun_name_local":null,"prov_code":"09","prov_name":"Burgos","acom_code":"07","acom_name":"Castilla y León","geo_point_2d":{"lon":-3.9582101629782382,"lat":42.22343750084136}},"geometry":{"type":"Polygon","coordinates":[[[-4.00536,42.20985],[-4.00014,42.19993],[-3.9973,42.20093],[-3.99742,42.2036],[-3.99614,42.20382],[-3.99391,42.20103],[-3.9829,42.19918],[-3.97305,42.19248],[-3.96024,42.18805],[-3.95664,42.18878],[-3.95184,42.19286],[-3.95808,42.19705],[-3.95333,42.20142],[-3.95589,42.2089],[-3.954,42.21248],[-3.95424,42.21684],[-3.93509,42.2251],[-3.9346,42.22948],[-3.92032,42.22879],[-3.91609,42.23378],[-3.91471,42.24079],[-3.91564,42.24956],[-3.91871,42.2534],[-3.92198,42.25355],[-3.9234,42.25551],[-3.92691,42.25463],[-3.93022,42.25582],[-3.93841,42.25464],[-3.94164,42.25056],[-3.94571,42.24987],[-3.94766,42.24775],[-3.95237,42.24866],[-3.95905,42.2416],[-3.96135,42.24172],[-3.96154,42.24327],[-3.96482,42.24229],[-3.96644,42.2398],[-3.96881,42.23973],[-3.9702,42.23731],[-3.96876,42.23494],[-3.97109,42.23543],[-3.97141,42.2327],[-3.97421,42.22996],[-3.97652,42.23289],[-3.978,42.2328],[-3.97604,42.22874],[-3.97979,42.22827],[-3.97805,42.22588],[-3.97951,42.22512],[-3.97939,42.22701],[-3.98272,42.22766],[-3.98519,42.22563],[-3.98305,42.22221],[-3.98635,42.22071],[-3.99019,42.22109],[-3.99071,42.21925],[-3.99607,42.2185],[-4.00199,42.21056],[-4.00408,42.21035],[-4.00536,42.20985]]]}},{"type":"Feature","properties":{"mun_code":"09052","mun_name":"Berzosa de Bureba","mun_name_local":null,"prov_code":"09","prov_name":"Burgos","acom_code":"07","acom_name":"Castilla y León","geo_point_2d":{"lon":-3.2699757920738035,"lat":42.624494629798455}},"geometry":{"type":"Polygon","coordinates":[[[-3.29978,42.60958],[-3.29504,42.6096],[-3.2898,42.61573],[-3.28642,42.61444],[-3.28009,42.61465],[-3.26755,42.60995],[-3.26314,42.61359],[-3.25898,42.612],[-3.25303,42.61301],[-3.25543,42.61922],[-3.25119,42.62495],[-3.25366,42.62763],[-3.24966,42.63547],[-3.25127,42.63842],[-3.26615,42.63712],[-3.26912,42.63552],[-3.27259,42.63599],[-3.27543,42.63878],[-3.27997,42.63879],[-3.2918,42.61468],[-3.29797,42.61205],[-3.29978,42.60958]]]}},{"type":"Feature","properties":{"mun_code":"09110","mun_name":"Contreras","mun_name_local":null,"prov_code":"09","prov_name":"Burgos","acom_code":"07","acom_name":"Castilla y León","geo_point_2d":{"lon":-3.4252114441638475,"lat":42.02500869592131}},"geometry":{"type":"Polygon","coordinates":[[[-3.48085,42.03403],[-3.47431,42.02516],[-3.47143,42.02342],[-3.46654,42.00875],[-3.44551,42.00956],[-3.43709,42.00752],[-3.42053,42.00129],[-3.41792,41.99342],[-3.40368,41.9931],[-3.39357,41.99562],[-3.38477,41.99371],[-3.38563,41.99555],[-3.38357,42.00195],[-3.38037,42.00466],[-3.38185,42.01013],[-3.37846,42.03078],[-3.40433,42.0394],[-3.40385,42.04737],[-3.4009,42.05367],[-3.41916,42.05606],[-3.42569,42.05833],[-3.42697,42.05553],[-3.4343,42.05249],[-3.44355,42.04538],[-3.44959,42.04558],[-3.45566,42.04749],[-3.46593,42.04751],[-3.46585,42.0423],[-3.47041,42.04126],[-3.47534,42.04377],[-3.47981,42.03684],[-3.48085,42.03403]]]}},{"type":"Feature","properties":{"mun_code":"09155","mun_name":"Haza","mun_name_local":null,"prov_code":"09","prov_name":"Burgos","acom_code":"07","acom_name":"Castilla y León","geo_point_2d":{"lon":-3.8466453263238494,"lat":41.57994803042503}},"geometry":{"type":"MultiPolygon","coordinates":[[[[-3.79822,41.49193],[-3.80113,41.49264],[-3.80395,41.49625],[-3.80886,41.49796],[-3.83415,41.49964],[-3.82824,41.49133],[-3.82388,41.48113],[-3.81614,41.48368],[-3.8002,41.48587],[-3.79526,41.48447],[-3.78764,41.48586],[-3.79593,41.49153],[-3.79822,41.49193]]],[[[-3.91245,41.60845],[-3.9152,41.60069],[-3.91186,41.58969],[-3.91504,41.58307],[-3.90943,41.57717],[-3.90471,41.56679],[-3.9145,41.56345],[-3.90556,41.55697],[-3.89403,41.5518],[-3.88578,41.53231],[-3.88286,41.53403],[-3.87513,41.53475],[-3.86795,41.53248],[-3.8637,41.52897],[-3.85275,41.51256],[-3.84272,41.50101],[-3.83581,41.49977],[-3.84219,41.52374],[-3.82995,41.52449],[-3.8131,41.52752],[-3.80379,41.52458],[-3.79911,41.52163],[-3.79621,41.52248],[-3.80022,41.5315],[-3.80891,41.53455],[-3.81367,41.53871],[-3.81512,41.54424],[-3.80964,41.54974],[-3.81071,41.54871],[-3.81375,41.54947],[-3.81532,41.55158],[-3.81757,41.55101],[-3.82082,41.55656],[-3.82222,41.55655],[-3.82502,41.55138],[-3.82724,41.55358],[-3.82703,41.55592],[-3.8295,41.55666],[-3.82948,41.56093],[-3.82531,41.56363],[-3.83304,41.57302],[-3.82533,41.57693],[-3.82853,41.57804],[-3.82777,41.58063],[-3.83202,41.5799],[-3.84177,41.5852],[-3.84427,41.58512],[-3.8452,41.58632],[-3.84586,41.58501],[-3.84867,41.58648],[-3.84678,41.58942],[-3.84188,41.59003],[-3.84187,41.59472],[-3.8486,41.58849],[-3.86627,41.58093],[-3.879,41.5793],[-3.87809,41.58319],[-3.87943,41.58581],[-3.87759,41.59018],[-3.87999,41.60975],[-3.88361,41.6105],[-3.89178,41.60506],[-3.9011,41.60715],[-3.91245,41.60845]]],[[[-3.78649,41.68067],[-3.79929,41.6817],[-3.80085,41.68084],[-3.81079,41.67152],[-3.80867,41.66808],[-3.77839,41.67128],[-3.78426,41.67787],[-3.78649,41.68067]]],[[[-3.83898,41.64294],[-3.83458,41.63071],[-3.84153,41.62628],[-3.84031,41.62439],[-3.84184,41.6246],[-3.84312,41.62178],[-3.83741,41.62058],[-3.83923,41.61701],[-3.83332,41.61689],[-3.83322,41.61532],[-3.83769,41.61207],[-3.83053,41.60584],[-3.8275,41.60782],[-3.82291,41.60702],[-3.82339,41.60926],[-3.81395,41.6154],[-3.80884,41.61598],[-3.80839,41.61289],[-3.79749,41.61355],[-3.78671,41.60758],[-3.77769,41.61005],[-3.76382,41.61701],[-3.76319,41.6201],[-3.77068,41.6234],[-3.77565,41.62753],[-3.78017,41.62447],[-3.78175,41.6256],[-3.78119,41.62953],[-3.78313,41.62941],[-3.78591,41.62668],[-3.78652,41.62963],[-3.79038,41.6289],[-3.79105,41.63094],[-3.80935,41.64624],[-3.81033,41.64903],[-3.8073,41.65705],[-3.8087,41.65963],[-3.81357,41.66201],[-3.81924,41.66325],[-3.82755,41.66241],[-3.83346,41.65628],[-3.83436,41.65064],[-3.83909,41.64338],[-3.83898,41.64294]]],[[[-3.92411,41.63679],[-3.93383,41.62296],[-3.92359,41.6248],[-3.92613,41.63104],[-3.92138,41.63637],[-3.91396,41.63442],[-3.90924,41.63661],[-3.88885,41.65216],[-3.89508,41.64979],[-3.90462,41.64905],[-3.90755,41.64702],[-3.91446,41.64538],[-3.91781,41.64374],[-3.91867,41.64094],[-3.92411,41.63679]]]]}},{"type":"Feature","properties":{"mun_code":"09101","mun_name":"Ciadoncha","mun_name_local":null,"prov_code":"09","prov_name":"Burgos","acom_code":"07","acom_name":"Castilla y León","geo_point_2d":{"lon":-3.936949437945071,"lat":42.163595631459465}},"geometry":{"type":"Polygon","coordinates":[[[-3.96484,42.16599],[-3.96146,42.15719],[-3.95145,42.15284],[-3.95048,42.14747],[-3.9377,42.14244],[-3.91392,42.14822],[-3.90792,42.16231],[-3.91642,42.17337],[-3.92414,42.17951],[-3.94447,42.18365],[-3.95354,42.18107],[-3.95787,42.1828],[-3.96464,42.1669],[-3.96484,42.16599]]]}},{"type":"Feature","properties":{"mun_code":"09139","mun_name":"Fuentemolinos","mun_name_local":null,"prov_code":"09","prov_name":"Burgos","acom_code":"07","acom_name":"Castilla y León","geo_point_2d":{"lon":-3.857494015458041,"lat":41.60202224388705}},"geometry":{"type":"Polygon","coordinates":[[[-3.87999,41.60975],[-3.87759,41.59018],[-3.87943,41.58581],[-3.87809,41.58319],[-3.879,41.5793],[-3.87656,41.57894],[-3.86627,41.58093],[-3.8486,41.58849],[-3.8339,41.60097],[-3.83297,41.60438],[-3.83053,41.60584],[-3.83769,41.61207],[-3.83322,41.61532],[-3.83332,41.61689],[-3.83923,41.61701],[-3.838,41.62099],[-3.84554,41.62123],[-3.85056,41.62493],[-3.85425,41.6238],[-3.85844,41.61907],[-3.86546,41.61553],[-3.86951,41.61054],[-3.87258,41.60921],[-3.87713,41.60963],[-3.87999,41.60975]]]}},{"type":"Feature","properties":{"mun_code":"09140","mun_name":"Fuentenebro","mun_name_local":null,"prov_code":"09","prov_name":"Burgos","acom_code":"07","acom_name":"Castilla y León","geo_point_2d":{"lon":-3.7478701020766674,"lat":41.508564073845136}},"geometry":{"type":"Polygon","coordinates":[[[-3.76619,41.53793],[-3.77153,41.52235],[-3.76969,41.51795],[-3.76978,41.51108],[-3.76701,41.50578],[-3.77086,41.49928],[-3.76854,41.49375],[-3.77044,41.49009],[-3.76988,41.47972],[-3.77164,41.47166],[-3.76975,41.46015],[-3.75772,41.46152],[-3.74414,41.46106],[-3.73948,41.45078],[-3.7291,41.45762],[-3.73241,41.46989],[-3.72372,41.4792],[-3.72905,41.48393],[-3.72656,41.49541],[-3.7285,41.49896],[-3.72819,41.50278],[-3.72489,41.50785],[-3.72854,41.51901],[-3.72148,41.54161],[-3.72754,41.55387],[-3.72582,41.55844],[-3.73711,41.55638],[-3.75939,41.55899],[-3.76628,41.56272],[-3.76693,41.5597],[-3.76471,41.55187],[-3.7693,41.54136],[-3.76651,41.53812],[-3.76619,41.53793]]]}},{"type":"Feature","properties":{"mun_code":"09265","mun_name":"Piérnigas","mun_name_local":null,"prov_code":"09","prov_name":"Burgos","acom_code":"07","acom_name":"Castilla y León","geo_point_2d":{"lon":-3.405351808553257,"lat":42.601164578379596}},"geometry":{"type":"Polygon","coordinates":[[[-3.43202,42.60502],[-3.4318,42.59996],[-3.4256,42.59334],[-3.42088,42.5848],[-3.40427,42.57888],[-3.40459,42.57616],[-3.40264,42.57259],[-3.40033,42.57165],[-3.3957,42.57443],[-3.39432,42.57857],[-3.39431,42.58363],[-3.39858,42.58956],[-3.38816,42.59711],[-3.38176,42.60476],[-3.37874,42.60633],[-3.38197,42.61133],[-3.38972,42.61939],[-3.39676,42.62318],[-3.3983,42.62154],[-3.40162,42.62143],[-3.40219,42.62605],[-3.40622,42.62818],[-3.41055,42.6283],[-3.41336,42.62362],[-3.41017,42.61516],[-3.40423,42.61809],[-3.40818,42.61458],[-3.42171,42.60904],[-3.42658,42.60548],[-3.42867,42.60673],[-3.43202,42.60502]]]}},{"type":"Feature","properties":{"mun_code":"09060","mun_name":"Busto de Bureba","mun_name_local":null,"prov_code":"09","prov_name":"Burgos","acom_code":"07","acom_name":"Castilla y León","geo_point_2d":{"lon":-3.2598812935924952,"lat":42.65887942870838}},"geometry":{"type":"Polygon","coordinates":[[[-3.29507,42.64863],[-3.29196,42.64761],[-3.28822,42.64173],[-3.28057,42.64068],[-3.27997,42.63879],[-3.27543,42.63878],[-3.27259,42.63599],[-3.26864,42.63553],[-3.26659,42.63705],[-3.24817,42.63897],[-3.24759,42.64604],[-3.24421,42.6461],[-3.24392,42.6473],[-3.23592,42.65063],[-3.22546,42.64904],[-3.22469,42.65287],[-3.22208,42.65281],[-3.21888,42.65645],[-3.2154,42.65718],[-3.21412,42.65603],[-3.21564,42.66163],[-3.21966,42.66175],[-3.22108,42.66322],[-3.22751,42.65696],[-3.23605,42.66378],[-3.23843,42.66323],[-3.24253,42.66677],[-3.25485,42.69135],[-3.26749,42.68995],[-3.2706,42.68471],[-3.26804,42.67018],[-3.27104,42.66405],[-3.28795,42.66459],[-3.28727,42.6606],[-3.28925,42.66061],[-3.29119,42.65548],[-3.29392,42.65455],[-3.29507,42.64863]]]}},{"type":"Feature","properties":{"mun_code":"09354","mun_name":"Santa Olalla de Bureba","mun_name_local":null,"prov_code":"09","prov_name":"Burgos","acom_code":"07","acom_name":"Castilla y León","geo_point_2d":{"lon":-3.448739776890911,"lat":42.48126635248885}},"geometry":{"type":"Polygon","coordinates":[[[-3.47664,42.49263],[-3.44414,42.46243],[-3.44743,42.4582],[-3.44637,42.45342],[-3.44224,42.4526],[-3.43618,42.45439],[-3.43172,42.45694],[-3.43238,42.46264],[-3.43048,42.46572],[-3.43315,42.47],[-3.42811,42.47297],[-3.43192,42.47443],[-3.43474,42.47893],[-3.43514,42.48015],[-3.433,42.48012],[-3.44242,42.50245],[-3.45411,42.50222],[-3.45595,42.50564],[-3.46237,42.50468],[-3.45805,42.49876],[-3.47664,42.49263]]]}},{"type":"Feature","properties":{"mun_code":"53013","mun_name":"Comunidad de Barbadillo del Pez y Jaramillo de la Fuente","mun_name_local":null,"prov_code":"09","prov_name":"Burgos","acom_code":"07","acom_name":"Castilla y León","geo_point_2d":{"lon":-3.2644161055939,"lat":42.14997811864984}},"geometry":{"type":"Polygon","coordinates":[[[-3.28215,42.13716],[-3.27568,42.13597],[-3.27887,42.13141],[-3.26767,42.12752],[-3.25128,42.11385],[-3.2497,42.11485],[-3.25467,42.1193],[-3.25468,42.12296],[-3.26083,42.1373],[-3.25677,42.14585],[-3.24661,42.1465],[-3.24659,42.14988],[-3.24222,42.15799],[-3.24181,42.16517],[-3.25196,42.16642],[-3.25688,42.16897],[-3.26594,42.16738],[-3.2802,42.17385],[-3.28185,42.17095],[-3.28107,42.16612],[-3.28338,42.16326],[-3.27738,42.14623],[-3.28215,42.13716]]]}},{"type":"Feature","properties":{"mun_code":"09444","mun_name":"Villamayor de Treviño","mun_name_local":null,"prov_code":"09","prov_name":"Burgos","acom_code":"07","acom_name":"Castilla y León","geo_point_2d":{"lon":-4.144194671389148,"lat":42.468371013059816}},"geometry":{"type":"Polygon","coordinates":[[[-4.17548,42.48027],[-4.1747,42.47699],[-4.16631,42.47099],[-4.1647,42.46166],[-4.15523,42.45171],[-4.15571,42.44655],[-4.15396,42.44395],[-4.1429,42.44558],[-4.13559,42.44455],[-4.12552,42.44718],[-4.11631,42.44688],[-4.11538,42.45122],[-4.11096,42.45484],[-4.11319,42.4647],[-4.11176,42.47051],[-4.11403,42.47397],[-4.11758,42.47006],[-4.12004,42.47215],[-4.12813,42.4743],[-4.13575,42.47792],[-4.14634,42.4857],[-4.14675,42.48729],[-4.14983,42.48824],[-4.14355,42.49394],[-4.1509,42.50478],[-4.1522,42.49956],[-4.16169,42.49378],[-4.16171,42.49208],[-4.17033,42.49071],[-4.17563,42.48456],[-4.17499,42.48238],[-4.17548,42.48027]]]}},{"type":"Feature","properties":{"mun_code":"09396","mun_name":"Tubilla del Lago","mun_name_local":null,"prov_code":"09","prov_name":"Burgos","acom_code":"07","acom_name":"Castilla y León","geo_point_2d":{"lon":-3.589903651848276,"lat":41.79573235438105}},"geometry":{"type":"Polygon","coordinates":[[[-3.62682,41.77055],[-3.60951,41.7571],[-3.60486,41.7615],[-3.59846,41.76483],[-3.59187,41.76507],[-3.58654,41.76921],[-3.58204,41.77555],[-3.58063,41.78479],[-3.56885,41.79508],[-3.55135,41.80124],[-3.55403,41.80661],[-3.56132,41.80449],[-3.55776,41.81045],[-3.56208,41.81224],[-3.56353,41.81814],[-3.57054,41.82282],[-3.56877,41.83161],[-3.57153,41.83363],[-3.59332,41.83607],[-3.59568,41.83468],[-3.59006,41.82338],[-3.5898,41.81687],[-3.5961,41.80881],[-3.59378,41.80375],[-3.60473,41.80121],[-3.61574,41.7964],[-3.61756,41.78961],[-3.61533,41.78507],[-3.61876,41.77912],[-3.61686,41.77419],[-3.62244,41.77238],[-3.62682,41.77055]]]}},{"type":"Feature","properties":{"mun_code":"09199","mun_name":"Mambrilla de Castrejón","mun_name_local":null,"prov_code":"09","prov_name":"Burgos","acom_code":"07","acom_name":"Castilla y León","geo_point_2d":{"lon":-3.9914856920832578,"lat":41.66689363784769}},"geometry":{"type":"Polygon","coordinates":[[[-4.02895,41.64443],[-4.02488,41.64443],[-4.01314,41.65204],[-4.01179,41.65441],[-4.00111,41.65785],[-3.9929,41.6557],[-3.97828,41.65573],[-3.97265,41.65432],[-3.96182,41.66202],[-3.94706,41.6643],[-3.95458,41.67319],[-3.95946,41.67285],[-3.96409,41.67796],[-3.96543,41.68552],[-3.97765,41.68473],[-3.98946,41.67918],[-3.99811,41.67704],[-4.00244,41.67796],[-4.01704,41.67743],[-4.02433,41.67546],[-4.02475,41.66166],[-4.02723,41.65712],[-4.02833,41.64859],[-4.02895,41.64443]]]}},{"type":"Feature","properties":{"mun_code":"09067","mun_name":"Canicosa de la Sierra","mun_name_local":null,"prov_code":"09","prov_name":"Burgos","acom_code":"07","acom_name":"Castilla y León","geo_point_2d":{"lon":-3.033440086243443,"lat":41.92493493301542}},"geometry":{"type":"Polygon","coordinates":[[[-3.05649,41.95253],[-3.06601,41.92677],[-3.06209,41.91462],[-3.05141,41.90714],[-3.04351,41.89055],[-3.03903,41.88885],[-3.01677,41.88691],[-3.015,41.89618],[-3.01651,41.89843],[-3.00773,41.90879],[-3.01022,41.91103],[-3.01106,41.91529],[-3.00807,41.92222],[-2.99848,41.9326],[-3.0019,41.93464],[-3.00716,41.94261],[-3.00733,41.95212],[-3.02307,41.95239],[-3.02841,41.957],[-3.0381,41.95598],[-3.04763,41.95729],[-3.05599,41.95276],[-3.05649,41.95253]]]}},{"type":"Feature","properties":{"mun_code":"09115","mun_name":"Cubo de Bureba","mun_name_local":null,"prov_code":"09","prov_name":"Burgos","acom_code":"07","acom_name":"Castilla y León","geo_point_2d":{"lon":-3.2070585492848296,"lat":42.63709960794574}},"geometry":{"type":"Polygon","coordinates":[[[-3.22546,42.64904],[-3.22267,42.6478],[-3.22299,42.64095],[-3.22062,42.6369],[-3.21982,42.62653],[-3.21817,42.62191],[-3.21571,42.62079],[-3.22033,42.62003],[-3.2011,42.61507],[-3.19268,42.61788],[-3.19067,42.62399],[-3.1955,42.62397],[-3.19617,42.63003],[-3.19122,42.64478],[-3.19172,42.65493],[-3.19436,42.65344],[-3.20032,42.65466],[-3.20189,42.6564],[-3.21319,42.65508],[-3.2154,42.65718],[-3.21888,42.65645],[-3.22208,42.65281],[-3.22469,42.65287],[-3.22472,42.64964],[-3.22546,42.64904]]]}},{"type":"Feature","properties":{"mun_code":"09243","mun_name":"Padilla de Arriba","mun_name_local":null,"prov_code":"09","prov_name":"Burgos","acom_code":"07","acom_name":"Castilla y León","geo_point_2d":{"lon":-4.187671214589895,"lat":42.450699754873}},"geometry":{"type":"Polygon","coordinates":[[[-4.20858,42.42307],[-4.20276,42.42407],[-4.19903,42.42689],[-4.18998,42.42622],[-4.18589,42.42419],[-4.18435,42.42745],[-4.17377,42.42949],[-4.1709,42.43263],[-4.15926,42.43506],[-4.15684,42.43933],[-4.15465,42.43931],[-4.15523,42.45171],[-4.1647,42.46166],[-4.16631,42.47099],[-4.1747,42.47699],[-4.17548,42.48027],[-4.17902,42.48059],[-4.21261,42.46751],[-4.21869,42.46235],[-4.22082,42.46236],[-4.21956,42.45766],[-4.21205,42.45334],[-4.2164,42.44387],[-4.21315,42.43797],[-4.213,42.43145],[-4.21465,42.42963],[-4.21058,42.42787],[-4.20858,42.42307]]]}},{"type":"Feature","properties":{"mun_code":"09051","mun_name":"Berlangas de Roa","mun_name_local":null,"prov_code":"09","prov_name":"Burgos","acom_code":"07","acom_name":"Castilla y León","geo_point_2d":{"lon":-3.859333532011736,"lat":41.68370777575792}},"geometry":{"type":"Polygon","coordinates":[[[-3.88379,41.67508],[-3.87516,41.67672],[-3.86981,41.6706],[-3.86017,41.67087],[-3.82677,41.66736],[-3.80867,41.66808],[-3.81079,41.67152],[-3.81641,41.67455],[-3.8236,41.6817],[-3.82897,41.68301],[-3.8322,41.68538],[-3.84523,41.68704],[-3.8518,41.69305],[-3.85687,41.69558],[-3.85986,41.70164],[-3.86312,41.70097],[-3.86659,41.6977],[-3.87077,41.70028],[-3.87646,41.69866],[-3.8833,41.7014],[-3.88987,41.70773],[-3.89322,41.70378],[-3.89277,41.70128],[-3.89758,41.69326],[-3.89473,41.68696],[-3.89029,41.68396],[-3.88951,41.68088],[-3.88291,41.67851],[-3.88367,41.67557],[-3.88379,41.67508]]]}},{"type":"Feature","properties":{"mun_code":"09017","mun_name":"Anguix","mun_name_local":null,"prov_code":"09","prov_name":"Burgos","acom_code":"07","acom_name":"Castilla y León","geo_point_2d":{"lon":-3.9269579404540176,"lat":41.750807363679186}},"geometry":{"type":"Polygon","coordinates":[[[-3.95672,41.76385],[-3.95026,41.75711],[-3.94726,41.75268],[-3.94758,41.74908],[-3.94279,41.74458],[-3.94391,41.73419],[-3.92853,41.72991],[-3.92403,41.73284],[-3.90988,41.73392],[-3.90597,41.72808],[-3.90755,41.73818],[-3.90575,41.74113],[-3.90925,41.74144],[-3.90538,41.74797],[-3.90576,41.75259],[-3.90293,41.75293],[-3.89989,41.76089],[-3.9012,41.76258],[-3.90733,41.76221],[-3.91924,41.76705],[-3.92801,41.76831],[-3.93456,41.76751],[-3.94159,41.76925],[-3.9545,41.76406],[-3.95672,41.76385]]]}},{"type":"Feature","properties":{"mun_code":"53045","mun_name":"Comunidad de Quintanilla del Agua y Tordueles y Puentedura","mun_name_local":null,"prov_code":"09","prov_name":"Burgos","acom_code":"07","acom_name":"Castilla y León","geo_point_2d":{"lon":-3.61328826612854,"lat":42.04825123678152}},"geometry":{"type":"Polygon","coordinates":[[[-3.61605,42.06923],[-3.62105,42.05589],[-3.62529,42.04985],[-3.62359,42.03661],[-3.6195,42.03127],[-3.60079,42.03128],[-3.60636,42.045],[-3.60805,42.05368],[-3.60259,42.05932],[-3.60081,42.06374],[-3.614,42.06842],[-3.61605,42.06923]]]}},{"type":"Feature","properties":{"mun_code":"09390","mun_name":"Torresandino","mun_name_local":null,"prov_code":"09","prov_name":"Burgos","acom_code":"07","acom_name":"Castilla y León","geo_point_2d":{"lon":-3.9328435879819423,"lat":41.857080581200435}},"geometry":{"type":"Polygon","coordinates":[[[-4.03522,41.87379],[-4.03841,41.87129],[-4.00704,41.85421],[-3.99416,41.84271],[-3.98204,41.8465],[-3.96861,41.84651],[-3.96104,41.84409],[-3.94628,41.81996],[-3.94839,41.81766],[-3.94821,41.81517],[-3.94666,41.80352],[-3.94384,41.80135],[-3.9193,41.80028],[-3.90985,41.80104],[-3.90165,41.80665],[-3.90222,41.81218],[-3.90029,41.81966],[-3.89848,41.82316],[-3.89271,41.82783],[-3.88802,41.82757],[-3.87086,41.83278],[-3.86219,41.83719],[-3.86263,41.84083],[-3.85695,41.84274],[-3.85561,41.86068],[-3.85331,41.86531],[-3.86236,41.89015],[-3.87739,41.88652],[-3.88709,41.88859],[-3.88884,41.89067],[-3.89857,41.89007],[-3.90948,41.89166],[-3.91734,41.88988],[-3.9433,41.88906],[-3.94928,41.88989],[-3.96157,41.896],[-3.97971,41.8933],[-3.9807,41.90062],[-3.99823,41.89241],[-4.00711,41.88516],[-4.01739,41.87946],[-4.02943,41.87603],[-4.03522,41.87379]]]}},{"type":"Feature","properties":{"mun_code":"09174","mun_name":"Huerta de Rey","mun_name_local":null,"prov_code":"09","prov_name":"Burgos","acom_code":"07","acom_name":"Castilla y León","geo_point_2d":{"lon":-3.3298475892372226,"lat":41.809511549923236}},"geometry":{"type":"Polygon","coordinates":[[[-3.41172,41.78752],[-3.4039,41.78215],[-3.38491,41.77807],[-3.37623,41.77315],[-3.36751,41.76675],[-3.36375,41.75934],[-3.3584,41.75484],[-3.3393,41.75289],[-3.33354,41.75523],[-3.32969,41.75465],[-3.32883,41.75097],[-3.32681,41.75175],[-3.32508,41.74952],[-3.31391,41.74948],[-3.30968,41.751],[-3.30931,41.75675],[-3.30722,41.76015],[-3.29616,41.76199],[-3.28649,41.76038],[-3.2788,41.7673],[-3.27545,41.76867],[-3.28357,41.77824],[-3.28586,41.78825],[-3.27538,41.79432],[-3.27538,41.7999],[-3.28531,41.80141],[-3.28658,41.8029],[-3.28671,41.80535],[-3.28299,41.8112],[-3.28487,41.81459],[-3.28114,41.8229],[-3.28465,41.82726],[-3.28874,41.82856],[-3.28898,41.83355],[-3.28901,41.84246],[-3.2853,41.84384],[-3.28347,41.84653],[-3.28485,41.85212],[-3.27923,41.86725],[-3.27988,41.86889],[-3.28396,41.86951],[-3.29031,41.87676],[-3.30491,41.88043],[-3.31514,41.885],[-3.3262,41.86954],[-3.33347,41.86809],[-3.33611,41.85693],[-3.33817,41.85797],[-3.34695,41.85678],[-3.3554,41.84941],[-3.35826,41.84436],[-3.36391,41.8398],[-3.36532,41.83604],[-3.36884,41.83443],[-3.37085,41.83196],[-3.36745,41.82778],[-3.37351,41.82011],[-3.37693,41.81112],[-3.38791,41.80644],[-3.39424,41.80116],[-3.40537,41.79645],[-3.4112,41.78957],[-3.41172,41.78752]]]}},{"type":"Feature","properties":{"mun_code":"09076","mun_name":"Carrias","mun_name_local":null,"prov_code":"09","prov_name":"Burgos","acom_code":"07","acom_name":"Castilla y León","geo_point_2d":{"lon":-3.294642067922889,"lat":42.47839548236957}},"geometry":{"type":"Polygon","coordinates":[[[-3.32398,42.48176],[-3.31753,42.4778],[-3.3183,42.47477],[-3.31334,42.46893],[-3.30861,42.46694],[-3.30746,42.46422],[-3.2837,42.45556],[-3.28226,42.45565],[-3.27763,42.4632],[-3.28003,42.46662],[-3.27735,42.47212],[-3.27431,42.47524],[-3.26426,42.47704],[-3.26194,42.4802],[-3.27077,42.48289],[-3.27167,42.48901],[-3.27897,42.49297],[-3.28903,42.49539],[-3.29397,42.49203],[-3.30149,42.49057],[-3.30451,42.4948],[-3.31158,42.49742],[-3.31799,42.4924],[-3.31877,42.48858],[-3.32334,42.48271],[-3.32398,42.48176]]]}},{"type":"Feature","properties":{"mun_code":"09098","mun_name":"Cerezo de Río Tirón","mun_name_local":null,"prov_code":"09","prov_name":"Burgos","acom_code":"07","acom_name":"Castilla y León","geo_point_2d":{"lon":-3.1370388337286124,"lat":42.503239134305396}},"geometry":{"type":"Polygon","coordinates":[[[-3.20825,42.51683],[-3.20762,42.51126],[-3.18845,42.50912],[-3.19363,42.50485],[-3.19062,42.50147],[-3.18805,42.50097],[-3.18972,42.4958],[-3.18121,42.49947],[-3.17889,42.49876],[-3.18403,42.4912],[-3.18909,42.47854],[-3.18641,42.47819],[-3.18592,42.47598],[-3.18095,42.47451],[-3.17567,42.47654],[-3.16457,42.47411],[-3.16259,42.47097],[-3.16407,42.46618],[-3.15973,42.46273],[-3.15942,42.46062],[-3.15092,42.45964],[-3.1524,42.45778],[-3.15079,42.45381],[-3.14598,42.4506],[-3.13868,42.45259],[-3.13589,42.455],[-3.1276,42.47045],[-3.12818,42.47986],[-3.12545,42.47617],[-3.12138,42.47624],[-3.11399,42.47827],[-3.10768,42.48348],[-3.10571,42.48145],[-3.10162,42.4808],[-3.101,42.47125],[-3.09843,42.4731],[-3.09809,42.47783],[-3.09042,42.47788],[-3.09143,42.48627],[-3.09399,42.4863],[-3.0947,42.48807],[-3.09325,42.49152],[-3.07929,42.49909],[-3.07514,42.50709],[-3.07398,42.51567],[-3.07645,42.52082],[-3.07178,42.52767],[-3.07647,42.53223],[-3.08128,42.53118],[-3.08407,42.53218],[-3.0827,42.53371],[-3.08361,42.53502],[-3.0893,42.53828],[-3.09679,42.53458],[-3.09992,42.53617],[-3.10746,42.52877],[-3.1174,42.53226],[-3.12533,42.53311],[-3.13531,42.54208],[-3.14164,42.53897],[-3.15766,42.53609],[-3.16263,42.53234],[-3.1683,42.53266],[-3.17684,42.52986],[-3.18337,42.52589],[-3.19123,42.52542],[-3.2074,42.51744],[-3.20825,42.51683]]]}},{"type":"Feature","properties":{"mun_code":"09440","mun_name":"Villalbilla de Gumiel","mun_name_local":null,"prov_code":"09","prov_name":"Burgos","acom_code":"07","acom_name":"Castilla y León","geo_point_2d":{"lon":-3.626083326024637,"lat":41.81311306644657}},"geometry":{"type":"Polygon","coordinates":[[[-3.66552,41.82675],[-3.65023,41.81671],[-3.65402,41.81283],[-3.6512,41.80649],[-3.65318,41.80479],[-3.64837,41.79528],[-3.64478,41.79549],[-3.64251,41.79739],[-3.64176,41.79576],[-3.64756,41.79313],[-3.64665,41.7886],[-3.6357,41.77745],[-3.63166,41.77686],[-3.61533,41.78507],[-3.61756,41.78961],[-3.61574,41.7964],[-3.60473,41.80121],[-3.59378,41.80375],[-3.5961,41.80881],[-3.5898,41.81687],[-3.59006,41.82338],[-3.59568,41.83468],[-3.60099,41.83413],[-3.61514,41.83819],[-3.62612,41.83869],[-3.64188,41.83508],[-3.64663,41.8353],[-3.65398,41.83213],[-3.66194,41.83593],[-3.66377,41.82965],[-3.66552,41.82675]]]}},{"type":"Feature","properties":{"mun_code":"09904","mun_name":"Valle de las Navas","mun_name_local":null,"prov_code":"09","prov_name":"Burgos","acom_code":"07","acom_name":"Castilla y León","geo_point_2d":{"lon":-3.583373007638594,"lat":42.472671911391124}},"geometry":{"type":"Polygon","coordinates":[[[-3.56951,42.55541],[-3.57538,42.55088],[-3.57994,42.54321],[-3.57877,42.53441],[-3.5818,42.53338],[-3.58243,42.53017],[-3.59008,42.52386],[-3.58937,42.52207],[-3.5905,42.52131],[-3.59552,42.52244],[-3.61058,42.51242],[-3.61124,42.5098],[-3.61383,42.50876],[-3.614,42.50631],[-3.61796,42.50299],[-3.61776,42.4917],[-3.63067,42.48377],[-3.63894,42.48445],[-3.63468,42.48194],[-3.63651,42.47656],[-3.64366,42.47036],[-3.64502,42.46536],[-3.64981,42.46248],[-3.65523,42.45386],[-3.66222,42.45234],[-3.66388,42.4483],[-3.66062,42.44918],[-3.65457,42.44379],[-3.65048,42.43542],[-3.6521,42.43555],[-3.65284,42.43406],[-3.65524,42.43497],[-3.65926,42.43434],[-3.66152,42.4297],[-3.65012,42.42206],[-3.64959,42.4133],[-3.65329,42.41225],[-3.65175,42.41044],[-3.64835,42.40969],[-3.63894,42.41614],[-3.62589,42.41797],[-3.62447,42.41994],[-3.61928,42.42022],[-3.61696,42.42188],[-3.60573,42.41805],[-3.6013,42.41803],[-3.59831,42.42004],[-3.59036,42.41915],[-3.58545,42.42013],[-3.58283,42.41564],[-3.53255,42.43088],[-3.52631,42.43092],[-3.5278,42.43161],[-3.53005,42.43882],[-3.51764,42.46902],[-3.52055,42.47056],[-3.52779,42.46803],[-3.52992,42.46874],[-3.53178,42.47249],[-3.52654,42.49293],[-3.52769,42.49963],[-3.53079,42.50286],[-3.53086,42.50648],[-3.53577,42.51607],[-3.54481,42.51901],[-3.53838,42.52776],[-3.53854,42.53096],[-3.53616,42.53505],[-3.53709,42.5428],[-3.54147,42.54641],[-3.54161,42.54891],[-3.54945,42.54971],[-3.55446,42.55206],[-3.56168,42.55024],[-3.56951,42.55541]]]}},{"type":"Feature","properties":{"mun_code":"09055","mun_name":"Brazacorta","mun_name_local":null,"prov_code":"09","prov_name":"Burgos","acom_code":"07","acom_name":"Castilla y León","geo_point_2d":{"lon":-3.3922841174328022,"lat":41.6981904135466}},"geometry":{"type":"Polygon","coordinates":[[[-3.42148,41.69599],[-3.42234,41.69124],[-3.41998,41.6885],[-3.42817,41.68414],[-3.42972,41.6777],[-3.42795,41.67361],[-3.42674,41.65771],[-3.41772,41.65624],[-3.41464,41.66483],[-3.41145,41.6674],[-3.41004,41.67135],[-3.40699,41.67318],[-3.40734,41.67559],[-3.39621,41.6846],[-3.39475,41.68446],[-3.3934,41.69061],[-3.38514,41.69297],[-3.38185,41.69202],[-3.37412,41.693],[-3.36962,41.69176],[-3.3584,41.69342],[-3.36092,41.69945],[-3.36181,41.7103],[-3.35986,41.71366],[-3.36066,41.72158],[-3.35246,41.72914],[-3.35512,41.73377],[-3.38226,41.72484],[-3.38806,41.72408],[-3.39236,41.71867],[-3.39405,41.71859],[-3.39436,41.71455],[-3.40599,41.706],[-3.40979,41.69803],[-3.42057,41.69602],[-3.42148,41.69599]]]}},{"type":"Feature","properties":{"mun_code":"09078","mun_name":"Cascajares de la Sierra","mun_name_local":null,"prov_code":"09","prov_name":"Burgos","acom_code":"07","acom_name":"Castilla y León","geo_point_2d":{"lon":-3.393242889655658,"lat":42.065434900167766}},"geometry":{"type":"Polygon","coordinates":[[[-3.41916,42.05606],[-3.40732,42.05445],[-3.4104,42.05681],[-3.4039,42.05721],[-3.39744,42.05537],[-3.39118,42.05119],[-3.38693,42.05225],[-3.37646,42.0605],[-3.37871,42.06478],[-3.37756,42.06802],[-3.37432,42.06771],[-3.37045,42.07011],[-3.38817,42.07935],[-3.39934,42.08091],[-3.40243,42.07223],[-3.41851,42.05796],[-3.41916,42.05606]]]}},{"type":"Feature","properties":{"mun_code":"09329","mun_name":"Salas de Bureba","mun_name_local":null,"prov_code":"09","prov_name":"Burgos","acom_code":"07","acom_name":"Castilla y León","geo_point_2d":{"lon":-3.4729299439222285,"lat":42.694975495187535}},"geometry":{"type":"Polygon","coordinates":[[[-3.50207,42.70559],[-3.49961,42.69697],[-3.49065,42.69077],[-3.48262,42.68125],[-3.4575,42.67142],[-3.45645,42.67314],[-3.4465,42.67503],[-3.45008,42.69731],[-3.45556,42.69588],[-3.46912,42.70515],[-3.47086,42.7116],[-3.4755,42.71633],[-3.47415,42.7192],[-3.47158,42.71818],[-3.47006,42.7211],[-3.47578,42.72503],[-3.47511,42.72669],[-3.4764,42.72698],[-3.48197,42.72261],[-3.48937,42.70794],[-3.50152,42.7055],[-3.50207,42.70559]]]}},{"type":"Feature","properties":{"mun_code":"09394","mun_name":"Trespaderne","mun_name_local":null,"prov_code":"09","prov_name":"Burgos","acom_code":"07","acom_name":"Castilla y León","geo_point_2d":{"lon":-3.3809250386710823,"lat":42.813494953956884}},"geometry":{"type":"Polygon","coordinates":[[[-3.44567,42.80798],[-3.44592,42.8013],[-3.44031,42.79516],[-3.435,42.79284],[-3.43528,42.77754],[-3.4404,42.77542],[-3.43017,42.77751],[-3.42701,42.78365],[-3.41226,42.7882],[-3.40729,42.79294],[-3.39691,42.7945],[-3.39252,42.79658],[-3.38539,42.79647],[-3.38144,42.79767],[-3.37918,42.79713],[-3.37547,42.79271],[-3.38124,42.78813],[-3.38141,42.7837],[-3.37495,42.77886],[-3.36704,42.77842],[-3.35963,42.78068],[-3.35711,42.78728],[-3.35079,42.78902],[-3.34746,42.79142],[-3.3544,42.79627],[-3.34816,42.80195],[-3.34606,42.80675],[-3.3485,42.81715],[-3.35108,42.81863],[-3.35032,42.82071],[-3.34809,42.8222],[-3.34024,42.82266],[-3.33604,42.82516],[-3.33031,42.82617],[-3.32701,42.82473],[-3.3266,42.82914],[-3.333,42.83251],[-3.33961,42.83353],[-3.34049,42.8399],[-3.35153,42.84074],[-3.35737,42.84552],[-3.36051,42.84587],[-3.36253,42.84914],[-3.36077,42.84992],[-3.36805,42.8556],[-3.37985,42.84891],[-3.38099,42.84503],[-3.38901,42.84284],[-3.39369,42.83782],[-3.39821,42.83567],[-3.39779,42.83352],[-3.40165,42.83097],[-3.40165,42.82661],[-3.4047,42.82026],[-3.40046,42.81237],[-3.41546,42.80564],[-3.42076,42.80082],[-3.43969,42.80831],[-3.44245,42.80695],[-3.44465,42.80765],[-3.44567,42.80798]]]}},{"type":"Feature","properties":{"mun_code":"09108","mun_name":"Cogollos","mun_name_local":null,"prov_code":"09","prov_name":"Burgos","acom_code":"07","acom_name":"Castilla y León","geo_point_2d":{"lon":-3.7003655414615593,"lat":42.19952434434414}},"geometry":{"type":"Polygon","coordinates":[[[-3.76005,42.21837],[-3.76322,42.21238],[-3.76161,42.21006],[-3.74586,42.20431],[-3.72978,42.20354],[-3.71892,42.19265],[-3.71684,42.18719],[-3.71513,42.18802],[-3.70755,42.1849],[-3.70354,42.18031],[-3.6963,42.17986],[-3.68282,42.17196],[-3.67458,42.16873],[-3.67371,42.16295],[-3.66291,42.16016],[-3.66168,42.16194],[-3.65828,42.16296],[-3.65409,42.17691],[-3.65684,42.18202],[-3.66194,42.18364],[-3.65932,42.1923],[-3.66395,42.2053],[-3.70698,42.22588],[-3.71826,42.22408],[-3.72785,42.22675],[-3.74677,42.2245],[-3.7586,42.21907],[-3.76005,42.21837]]]}},{"type":"Feature","properties":{"mun_code":"53031","mun_name":"Valle de las Venadas","mun_name_local":null,"prov_code":"09","prov_name":"Burgos","acom_code":"07","acom_name":"Castilla y León","geo_point_2d":{"lon":-3.1118980888525027,"lat":41.89006115609861}},"geometry":{"type":"Polygon","coordinates":[[[-3.12608,41.9014],[-3.11885,41.89718],[-3.12167,41.89024],[-3.11837,41.88584],[-3.11017,41.88822],[-3.09716,41.88106],[-3.09613,41.88285],[-3.10293,41.88866],[-3.12434,41.9005],[-3.12608,41.9014]]]}},{"type":"Feature","properties":{"mun_code":"09037","mun_name":"Barbadillo de Herreros","mun_name_local":null,"prov_code":"09","prov_name":"Burgos","acom_code":"07","acom_name":"Castilla y León","geo_point_2d":{"lon":-3.1586574080023055,"lat":42.19534955963918}},"geometry":{"type":"Polygon","coordinates":[[[-3.21294,42.2206],[-3.21117,42.21623],[-3.19419,42.20811],[-3.18961,42.20368],[-3.18617,42.18858],[-3.18215,42.17898],[-3.18278,42.16609],[-3.18525,42.1637],[-3.18722,42.15684],[-3.18604,42.14913],[-3.19384,42.14568],[-3.19765,42.13723],[-3.20324,42.12991],[-3.20257,42.12872],[-3.19852,42.12824],[-3.19995,42.1294],[-3.19793,42.13131],[-3.18756,42.13359],[-3.18459,42.13593],[-3.1659,42.12933],[-3.15777,42.13976],[-3.14785,42.14196],[-3.14242,42.1404],[-3.137,42.14768],[-3.14199,42.15401],[-3.14068,42.16365],[-3.1436,42.16405],[-3.14417,42.16683],[-3.14248,42.16824],[-3.14258,42.17384],[-3.13841,42.18282],[-3.11497,42.1788],[-3.11532,42.18827],[-3.12512,42.19324],[-3.12939,42.19946],[-3.12794,42.20159],[-3.11686,42.20547],[-3.11335,42.20952],[-3.10442,42.21298],[-3.09938,42.22232],[-3.1001,42.22841],[-3.10248,42.23223],[-3.1183,42.23309],[-3.13178,42.23968],[-3.14628,42.24088],[-3.14726,42.24302],[-3.14774,42.24126],[-3.15847,42.23901],[-3.16129,42.23651],[-3.16808,42.23478],[-3.18382,42.24223],[-3.18968,42.24053],[-3.20633,42.23202],[-3.21257,42.22093],[-3.21294,42.2206]]]}},{"type":"Feature","properties":{"mun_code":"53034","mun_name":"Comunidad de Quintanar de la Sierra y Vilviestre del Pinar","mun_name_local":null,"prov_code":"09","prov_name":"Burgos","acom_code":"07","acom_name":"Castilla y León","geo_point_2d":{"lon":-3.0642956137150446,"lat":41.987341015909955}},"geometry":{"type":"Polygon","coordinates":[[[-3.06547,41.97648],[-3.06286,41.97877],[-3.06104,41.98601],[-3.06431,41.99727],[-3.06682,41.99654],[-3.06561,41.97691],[-3.06547,41.97648]]]}},{"type":"Feature","properties":{"mun_code":"09021","mun_name":"Arauzo de Salce","mun_name_local":null,"prov_code":"09","prov_name":"Burgos","acom_code":"07","acom_name":"Castilla y León","geo_point_2d":{"lon":-3.4093036541790025,"lat":41.82248164484071}},"geometry":{"type":"Polygon","coordinates":[[[-3.43561,41.84348],[-3.4447,41.83631],[-3.44689,41.83196],[-3.44316,41.82146],[-3.43086,41.81189],[-3.42889,41.81399],[-3.42197,41.81123],[-3.41785,41.80807],[-3.41588,41.80331],[-3.41191,41.80624],[-3.39786,41.79967],[-3.39243,41.80226],[-3.38791,41.80644],[-3.37693,41.81112],[-3.37351,41.82011],[-3.36745,41.82778],[-3.37085,41.83196],[-3.39893,41.83052],[-3.41558,41.84072],[-3.42523,41.84205],[-3.43561,41.84348]]]}},{"type":"Feature","properties":{"mun_code":"09280","mun_name":"Quintanabureba","mun_name_local":null,"prov_code":"09","prov_name":"Burgos","acom_code":"07","acom_name":"Castilla y León","geo_point_2d":{"lon":-3.3719652787931222,"lat":42.588224345993424}},"geometry":{"type":"Polygon","coordinates":[[[-3.39776,42.57364],[-3.39468,42.56998],[-3.39445,42.56486],[-3.39225,42.5703],[-3.3867,42.57341],[-3.37837,42.57519],[-3.37387,42.57438],[-3.36949,42.5728],[-3.36865,42.569],[-3.35939,42.57606],[-3.34521,42.58072],[-3.34902,42.58362],[-3.34661,42.58643],[-3.34718,42.59218],[-3.35376,42.60424],[-3.3728,42.60479],[-3.37874,42.60633],[-3.38176,42.60476],[-3.38816,42.59711],[-3.39858,42.58956],[-3.39431,42.58363],[-3.3957,42.57443],[-3.39776,42.57364]]]}},{"type":"Feature","properties":{"mun_code":"53017","mun_name":"Comunidad de Canicosa de la Sierra y Vilviestre del Pinar","mun_name_local":null,"prov_code":"09","prov_name":"Burgos","acom_code":"07","acom_name":"Castilla y León","geo_point_2d":{"lon":-3.052998445971406,"lat":41.95659154124338}},"geometry":{"type":"Polygon","coordinates":[[[-3.05649,41.95253],[-3.04763,41.95729],[-3.05471,41.95943],[-3.0563,41.95373],[-3.05649,41.95253]]]}},{"type":"Feature","properties":{"mun_code":"09238","mun_name":"Oña","mun_name_local":null,"prov_code":"09","prov_name":"Burgos","acom_code":"07","acom_name":"Castilla y León","geo_point_2d":{"lon":-3.385228797161428,"lat":42.71657598297181}},"geometry":{"type":"Polygon","coordinates":[[[-3.49575,42.77643],[-3.47011,42.76194],[-3.47349,42.74954],[-3.46577,42.74804],[-3.46045,42.74466],[-3.45837,42.73533],[-3.4566,42.73297],[-3.45232,42.73241],[-3.46496,42.72913],[-3.4726,42.72894],[-3.47599,42.72536],[-3.46981,42.71976],[-3.47158,42.71818],[-3.47415,42.7192],[-3.4755,42.71633],[-3.47086,42.7116],[-3.46912,42.70515],[-3.45556,42.69588],[-3.45008,42.69731],[-3.44752,42.68776],[-3.4463,42.67524],[-3.45699,42.6728],[-3.45747,42.66466],[-3.45494,42.66263],[-3.45897,42.65959],[-3.46289,42.65352],[-3.46301,42.64973],[-3.45934,42.64513],[-3.43903,42.63414],[-3.43129,42.63446],[-3.425,42.63643],[-3.42498,42.6405],[-3.41301,42.65791],[-3.4077,42.65958],[-3.40393,42.6626],[-3.40593,42.66538],[-3.40295,42.6696],[-3.38816,42.66442],[-3.37181,42.66377],[-3.36665,42.66516],[-3.35724,42.66503],[-3.35537,42.67263],[-3.36342,42.6778],[-3.36056,42.67897],[-3.35364,42.6885],[-3.35239,42.70071],[-3.34616,42.69973],[-3.33593,42.70052],[-3.32241,42.69755],[-3.32126,42.70059],[-3.31458,42.7025],[-3.30743,42.70228],[-3.30023,42.6978],[-3.29396,42.6968],[-3.29507,42.69389],[-3.28101,42.6908],[-3.26749,42.68995],[-3.23601,42.69439],[-3.21578,42.69011],[-3.21252,42.69401],[-3.20721,42.69704],[-3.20899,42.69837],[-3.20443,42.70044],[-3.20421,42.70705],[-3.21304,42.70756],[-3.20988,42.71959],[-3.21616,42.71935],[-3.22974,42.71531],[-3.23076,42.71682],[-3.233,42.71551],[-3.25223,42.71469],[-3.25565,42.7119],[-3.26202,42.71877],[-3.26974,42.72122],[-3.27497,42.71619],[-3.27412,42.711],[-3.276,42.70909],[-3.27859,42.7092],[-3.28708,42.71438],[-3.29745,42.71746],[-3.29903,42.72164],[-3.30256,42.72505],[-3.3184,42.73011],[-3.32612,42.72983],[-3.32453,42.73527],[-3.32778,42.75009],[-3.33083,42.75581],[-3.34211,42.76296],[-3.35011,42.76339],[-3.35586,42.7589],[-3.35853,42.75846],[-3.37727,42.76063],[-3.38249,42.76016],[-3.38392,42.76654],[-3.39176,42.76623],[-3.40614,42.76903],[-3.41126,42.77378],[-3.40846,42.77592],[-3.40661,42.7804],[-3.41121,42.78151],[-3.4186,42.78592],[-3.42701,42.78365],[-3.43017,42.77751],[-3.4404,42.77542],[-3.44239,42.77194],[-3.45324,42.77719],[-3.45698,42.78096],[-3.46712,42.78332],[-3.49003,42.79383],[-3.49383,42.78788],[-3.49116,42.78679],[-3.49403,42.78029],[-3.49575,42.77643]]]}},{"type":"Feature","properties":{"mun_code":"09062","mun_name":"Cabezón de la Sierra","mun_name_local":null,"prov_code":"09","prov_name":"Burgos","acom_code":"07","acom_name":"Castilla y León","geo_point_2d":{"lon":-3.2418512338029792,"lat":41.93212806794628}},"geometry":{"type":"Polygon","coordinates":[[[-3.28891,41.94578],[-3.29262,41.94224],[-3.27576,41.93639],[-3.27049,41.92397],[-3.25255,41.91997],[-3.2314,41.9108],[-3.22095,41.91191],[-3.20333,41.92194],[-3.19773,41.92075],[-3.20139,41.93051],[-3.21043,41.94026],[-3.22382,41.94132],[-3.23351,41.94568],[-3.26519,41.95186],[-3.27345,41.95038],[-3.27881,41.94621],[-3.28712,41.94542],[-3.28891,41.94578]]]}},{"type":"Feature","properties":{"mun_code":"09123","mun_name":"Espinosa del Camino","mun_name_local":null,"prov_code":"09","prov_name":"Burgos","acom_code":"07","acom_name":"Castilla y León","geo_point_2d":{"lon":-3.2820988816751098,"lat":42.40444938393213}},"geometry":{"type":"Polygon","coordinates":[[[-3.28385,42.42646],[-3.2912,42.40632],[-3.29426,42.40264],[-3.29159,42.39202],[-3.29387,42.38864],[-3.2916,42.38264],[-3.28484,42.37844],[-3.28032,42.37838],[-3.27689,42.38074],[-3.28202,42.38468],[-3.28029,42.39047],[-3.27079,42.40704],[-3.26949,42.41716],[-3.2706,42.42161],[-3.27688,42.4269],[-3.27765,42.43064],[-3.28193,42.42734],[-3.28385,42.42646]]]}},{"type":"Feature","properties":{"mun_code":"09358","mun_name":"Santo Domingo de Silos","mun_name_local":null,"prov_code":"09","prov_name":"Burgos","acom_code":"07","acom_name":"Castilla y León","geo_point_2d":{"lon":-3.4305955213595114,"lat":41.95426387847462}},"geometry":{"type":"Polygon","coordinates":[[[-3.49166,41.94704],[-3.49806,41.94014],[-3.49837,41.93722],[-3.49738,41.93313],[-3.48374,41.93082],[-3.48835,41.92962],[-3.49041,41.92459],[-3.46936,41.91911],[-3.46652,41.91612],[-3.44327,41.91991],[-3.43484,41.91734],[-3.44028,41.90521],[-3.42359,41.89968],[-3.41571,41.90191],[-3.40727,41.90915],[-3.40157,41.91083],[-3.38947,41.91165],[-3.38984,41.91988],[-3.38075,41.9327],[-3.37569,41.93568],[-3.38117,41.95498],[-3.37781,41.95682],[-3.37507,41.96069],[-3.37568,41.96265],[-3.37211,41.96525],[-3.39317,41.97585],[-3.37616,41.99104],[-3.38468,41.99435],[-3.39357,41.99562],[-3.40368,41.9931],[-3.41792,41.99342],[-3.42053,42.00129],[-3.43709,42.00752],[-3.44551,42.00956],[-3.46245,42.00938],[-3.46544,41.99631],[-3.45908,41.99461],[-3.46322,41.99205],[-3.46804,41.98086],[-3.46715,41.97626],[-3.47318,41.96563],[-3.47412,41.95675],[-3.48974,41.94802],[-3.49166,41.94704]]]}},{"type":"Feature","properties":{"mun_code":"09130","mun_name":"Fresneña","mun_name_local":null,"prov_code":"09","prov_name":"Burgos","acom_code":"07","acom_name":"Castilla y León","geo_point_2d":{"lon":-3.13468270305616,"lat":42.40528628301829}},"geometry":{"type":"Polygon","coordinates":[[[-3.13835,42.43372],[-3.15507,42.4258],[-3.15258,42.4231],[-3.14355,42.41993],[-3.14209,42.41647],[-3.15012,42.41008],[-3.15442,42.40165],[-3.15257,42.39819],[-3.15229,42.38721],[-3.14748,42.3872],[-3.14172,42.37567],[-3.13888,42.38031],[-3.13624,42.38163],[-3.1339,42.38025],[-3.12397,42.38037],[-3.12404,42.38128],[-3.11814,42.38228],[-3.1127,42.38504],[-3.11762,42.39477],[-3.12454,42.39371],[-3.12668,42.40051],[-3.12641,42.40303],[-3.11701,42.41224],[-3.11738,42.42005],[-3.11589,42.42109],[-3.12001,42.42585],[-3.11969,42.43118],[-3.12501,42.43085],[-3.12634,42.42858],[-3.12981,42.43221],[-3.13153,42.43037],[-3.13719,42.43174],[-3.13835,42.43372]]]}},{"type":"Feature","properties":{"mun_code":"09443","mun_name":"Villamayor de los Montes","mun_name_local":null,"prov_code":"09","prov_name":"Burgos","acom_code":"07","acom_name":"Castilla y León","geo_point_2d":{"lon":-3.7635407446765874,"lat":42.108625325858654}},"geometry":{"type":"Polygon","coordinates":[[[-3.82098,42.12938],[-3.82253,42.11918],[-3.81377,42.11953],[-3.80966,42.11357],[-3.81114,42.1111],[-3.80912,42.10591],[-3.80274,42.10445],[-3.80489,42.08594],[-3.78938,42.0823],[-3.78545,42.08208],[-3.77606,42.08446],[-3.75018,42.08485],[-3.74142,42.08709],[-3.73197,42.08665],[-3.7287,42.09125],[-3.72304,42.08935],[-3.71558,42.09133],[-3.71142,42.09082],[-3.70141,42.1132],[-3.69538,42.1205],[-3.69671,42.12373],[-3.70117,42.11771],[-3.71086,42.11906],[-3.72438,42.11596],[-3.72848,42.1165],[-3.73902,42.11986],[-3.74768,42.131],[-3.76179,42.13401],[-3.76646,42.13371],[-3.76583,42.13667],[-3.76834,42.13947],[-3.78832,42.1377],[-3.78643,42.13457],[-3.79032,42.13227],[-3.80848,42.12774],[-3.82013,42.12939],[-3.82098,42.12938]]]}},{"type":"Feature","properties":{"mun_code":"09135","mun_name":"Fuentebureba","mun_name_local":null,"prov_code":"09","prov_name":"Burgos","acom_code":"07","acom_name":"Castilla y León","geo_point_2d":{"lon":-3.236794306506223,"lat":42.630918585322746}},"geometry":{"type":"Polygon","coordinates":[[[-3.25303,42.61301],[-3.2445,42.6088],[-3.24123,42.61603],[-3.21571,42.62079],[-3.21817,42.62191],[-3.21982,42.62653],[-3.22062,42.6369],[-3.22299,42.64095],[-3.22267,42.6478],[-3.23592,42.65063],[-3.24392,42.6473],[-3.24421,42.6461],[-3.24759,42.64604],[-3.24817,42.63897],[-3.25127,42.63842],[-3.24966,42.63547],[-3.25366,42.62763],[-3.25119,42.62495],[-3.25543,42.61922],[-3.25309,42.61494],[-3.25303,42.61301]]]}},{"type":"Feature","properties":{"mun_code":"09355","mun_name":"Santibáñez de Esgueva","mun_name_local":null,"prov_code":"09","prov_name":"Burgos","acom_code":"07","acom_name":"Castilla y León","geo_point_2d":{"lon":-3.7508748053476793,"lat":41.826336657304225}},"geometry":{"type":"Polygon","coordinates":[[[-3.77323,41.86371],[-3.7686,41.79733],[-3.76721,41.79616],[-3.75818,41.79582],[-3.74781,41.79702],[-3.73585,41.80159],[-3.73284,41.80033],[-3.7279,41.80368],[-3.72571,41.80828],[-3.72415,41.83634],[-3.75868,41.85774],[-3.76316,41.86404],[-3.76713,41.86234],[-3.77296,41.86369],[-3.77323,41.86371]]]}},{"type":"Feature","properties":{"mun_code":"09480","mun_name":"Zael","mun_name_local":null,"prov_code":"09","prov_name":"Burgos","acom_code":"07","acom_name":"Castilla y León","geo_point_2d":{"lon":-3.833358181954059,"lat":42.101682974266296}},"geometry":{"type":"Polygon","coordinates":[[[-3.86197,42.09461],[-3.86011,42.08784],[-3.86069,42.08139],[-3.83874,42.07779],[-3.83701,42.08082],[-3.82847,42.0814],[-3.81692,42.08762],[-3.80489,42.08594],[-3.80274,42.10445],[-3.80912,42.10591],[-3.81114,42.1111],[-3.80966,42.11357],[-3.81377,42.11953],[-3.82253,42.11918],[-3.82098,42.12938],[-3.82687,42.13615],[-3.83149,42.13789],[-3.8379,42.13551],[-3.82918,42.12544],[-3.8288,42.12172],[-3.83312,42.12093],[-3.83753,42.11595],[-3.84372,42.11525],[-3.85425,42.10928],[-3.86297,42.10723],[-3.8651,42.10137],[-3.86331,42.09747],[-3.86197,42.09461]]]}},{"type":"Feature","properties":{"mun_code":"09054","mun_name":"Bozoó","mun_name_local":null,"prov_code":"09","prov_name":"Burgos","acom_code":"07","acom_name":"Castilla y León","geo_point_2d":{"lon":-3.0967681827144213,"lat":42.739371390299425}},"geometry":{"type":"Polygon","coordinates":[[[-3.13981,42.733],[-3.13937,42.72838],[-3.132,42.71987],[-3.12262,42.71879],[-3.11667,42.71358],[-3.0951,42.71024],[-3.07946,42.71441],[-3.07391,42.72126],[-3.07308,42.72778],[-3.07024,42.72704],[-3.06976,42.72859],[-3.05276,42.73411],[-3.04995,42.73863],[-3.04922,42.7437],[-3.05228,42.75124],[-3.06037,42.76185],[-3.06357,42.76019],[-3.06791,42.76088],[-3.07996,42.76708],[-3.08178,42.76532],[-3.08098,42.7618],[-3.08484,42.75711],[-3.08772,42.75901],[-3.09107,42.76482],[-3.1004,42.76735],[-3.11036,42.76333],[-3.11571,42.75935],[-3.12757,42.7592],[-3.1313,42.75765],[-3.13531,42.74887],[-3.13943,42.74394],[-3.14091,42.74017],[-3.14018,42.7361],[-3.13981,42.733]]]}},{"type":"Feature","properties":{"mun_code":"09419","mun_name":"Valluércanes","mun_name_local":null,"prov_code":"09","prov_name":"Burgos","acom_code":"07","acom_name":"Castilla y León","geo_point_2d":{"lon":-3.1227167831178795,"lat":42.57744330311744}},"geometry":{"type":"Polygon","coordinates":[[[-3.15938,42.59752],[-3.15789,42.59608],[-3.15839,42.57979],[-3.15685,42.57498],[-3.15343,42.57354],[-3.15332,42.57096],[-3.14154,42.55884],[-3.13511,42.54854],[-3.13427,42.54205],[-3.12633,42.54381],[-3.11491,42.55128],[-3.10544,42.55393],[-3.10375,42.55311],[-3.10424,42.55679],[-3.10243,42.55943],[-3.08828,42.56711],[-3.08236,42.57402],[-3.08738,42.58461],[-3.09327,42.58851],[-3.09979,42.60055],[-3.09866,42.60184],[-3.11766,42.60309],[-3.12948,42.60092],[-3.15085,42.59953],[-3.15411,42.60197],[-3.15812,42.59808],[-3.15938,42.59752]]]}},{"type":"Feature","properties":{"mun_code":"09460","mun_name":"Villasandino","mun_name_local":null,"prov_code":"09","prov_name":"Burgos","acom_code":"07","acom_name":"Castilla y León","geo_point_2d":{"lon":-4.115423494028455,"lat":42.38080086748147}},"geometry":{"type":"Polygon","coordinates":[[[-4.17326,42.37279],[-4.16069,42.36542],[-4.15517,42.36418],[-4.15082,42.35912],[-4.1365,42.35577],[-4.12887,42.35014],[-4.12714,42.3522],[-4.12176,42.35306],[-4.11548,42.34858],[-4.09773,42.34544],[-4.09651,42.34866],[-4.08449,42.36062],[-4.07409,42.36553],[-4.06954,42.37485],[-4.06279,42.37811],[-4.05923,42.38273],[-4.06232,42.38817],[-4.08098,42.39666],[-4.0809,42.40222],[-4.08736,42.41191],[-4.10303,42.41028],[-4.10438,42.40866],[-4.12993,42.40739],[-4.13248,42.40779],[-4.13252,42.41405],[-4.13633,42.41384],[-4.138,42.41508],[-4.14699,42.4164],[-4.15036,42.41516],[-4.14719,42.41052],[-4.15154,42.40968],[-4.14855,42.40732],[-4.15401,42.4054],[-4.14534,42.39716],[-4.15658,42.38593],[-4.17055,42.37641],[-4.17326,42.37279]]]}},{"type":"Feature","properties":{"mun_code":"09362","mun_name":"Sarracín","mun_name_local":null,"prov_code":"09","prov_name":"Burgos","acom_code":"07","acom_name":"Castilla y León","geo_point_2d":{"lon":-3.7032092751438053,"lat":42.244797896050116}},"geometry":{"type":"Polygon","coordinates":[[[-3.72225,42.2422],[-3.72156,42.23594],[-3.71466,42.22466],[-3.70419,42.22611],[-3.70067,42.23193],[-3.6937,42.23383],[-3.69022,42.23872],[-3.68905,42.23905],[-3.68605,42.23475],[-3.67974,42.23549],[-3.6852,42.24575],[-3.6815,42.24818],[-3.68161,42.25019],[-3.6973,42.2626],[-3.70598,42.26132],[-3.71252,42.26225],[-3.71818,42.26093],[-3.71667,42.25771],[-3.71725,42.24884],[-3.72133,42.24324],[-3.72225,42.2422]]]}},{"type":"Feature","properties":{"mun_code":"09307","mun_name":"Redecilla del Camino","mun_name_local":null,"prov_code":"09","prov_name":"Burgos","acom_code":"07","acom_name":"Castilla y León","geo_point_2d":{"lon":-3.0645624533445326,"lat":42.418030544042765}},"geometry":{"type":"Polygon","coordinates":[[[-3.08265,42.39738],[-3.07868,42.39141],[-3.07501,42.39164],[-3.07351,42.38565],[-3.06786,42.38002],[-3.06575,42.37447],[-3.06026,42.37078],[-3.05688,42.37027],[-3.05314,42.37342],[-3.05601,42.38514],[-3.06402,42.40428],[-3.05892,42.40991],[-3.0574,42.41716],[-3.0633,42.42491],[-3.05769,42.43391],[-3.046,42.44515],[-3.05028,42.45159],[-3.05684,42.45631],[-3.06721,42.45658],[-3.07668,42.43551],[-3.0792,42.43496],[-3.08056,42.43301],[-3.08118,42.43076],[-3.07051,42.42466],[-3.06866,42.42198],[-3.07157,42.41628],[-3.06961,42.40322],[-3.07518,42.39892],[-3.08265,42.39738]]]}},{"type":"Feature","properties":{"mun_code":"09332","mun_name":"Saldaña de Burgos","mun_name_local":null,"prov_code":"09","prov_name":"Burgos","acom_code":"07","acom_name":"Castilla y León","geo_point_2d":{"lon":-3.684988667310187,"lat":42.26911456643646}},"geometry":{"type":"Polygon","coordinates":[[[-3.70107,42.28528],[-3.7032,42.2799],[-3.70082,42.27869],[-3.69892,42.27228],[-3.70537,42.26903],[-3.70017,42.26236],[-3.6973,42.2626],[-3.68161,42.25019],[-3.66984,42.25424],[-3.67087,42.25983],[-3.66859,42.26075],[-3.66761,42.27303],[-3.6693,42.27767],[-3.67159,42.27699],[-3.67776,42.27924],[-3.68729,42.2857],[-3.70063,42.28528],[-3.70107,42.28528]]]}},{"type":"Feature","properties":{"mun_code":"53032","mun_name":"Comunidad de Palacios de la Sierra, Vilviestre del Pinar y San Leonardo de Yagüe","mun_name_local":null,"prov_code":"09","prov_name":"Burgos","acom_code":"07","acom_name":"Castilla y León","geo_point_2d":{"lon":-3.0867675139041277,"lat":41.881052926530515}},"geometry":{"type":"Polygon","coordinates":[[[-3.09716,41.88106],[-3.09555,41.88159],[-3.09181,41.8759],[-3.08773,41.87635],[-3.08213,41.88018],[-3.07934,41.87995],[-3.07545,41.88312],[-3.08062,41.88503],[-3.08987,41.88387],[-3.09567,41.88179],[-3.09716,41.88106]]]}},{"type":"Feature","properties":{"mun_code":"09369","mun_name":"Sotillo de la Ribera","mun_name_local":null,"prov_code":"09","prov_name":"Burgos","acom_code":"07","acom_name":"Castilla y León","geo_point_2d":{"lon":-3.8267789006506243,"lat":41.80388029775971}},"geometry":{"type":"Polygon","coordinates":[[[-3.86661,41.8357],[-3.86505,41.83431],[-3.85598,41.83318],[-3.8452,41.82809],[-3.82143,41.80129],[-3.82202,41.79961],[-3.82879,41.7967],[-3.83369,41.79639],[-3.84406,41.78504],[-3.84935,41.78377],[-3.85265,41.78493],[-3.85859,41.77664],[-3.85217,41.77736],[-3.84788,41.77545],[-3.84698,41.77142],[-3.84952,41.7655],[-3.85045,41.75455],[-3.84337,41.7441],[-3.84417,41.73672],[-3.84637,41.73603],[-3.83726,41.73399],[-3.8334,41.73987],[-3.83426,41.74067],[-3.8285,41.74352],[-3.8292,41.75276],[-3.824,41.75664],[-3.82128,41.75641],[-3.82094,41.75823],[-3.81855,41.7582],[-3.81788,41.76223],[-3.80586,41.76841],[-3.80184,41.77296],[-3.79615,41.77595],[-3.79321,41.78243],[-3.79364,41.7852],[-3.78235,41.78917],[-3.78063,41.79516],[-3.7686,41.79733],[-3.76782,41.79956],[-3.769,41.80272],[-3.79577,41.80294],[-3.80818,41.80721],[-3.81417,41.82609],[-3.82091,41.83161],[-3.82316,41.83907],[-3.82495,41.84857],[-3.82283,41.84988],[-3.82358,41.85445],[-3.82095,41.8631],[-3.83418,41.86729],[-3.84397,41.87265],[-3.85592,41.87141],[-3.85331,41.86531],[-3.85561,41.86068],[-3.85695,41.84274],[-3.86263,41.84083],[-3.86219,41.83719],[-3.86501,41.83656],[-3.86661,41.8357]]]}},{"type":"Feature","properties":{"mun_code":"53022","mun_name":"Dehesa de San Felices","mun_name_local":null,"prov_code":"09","prov_name":"Burgos","acom_code":"07","acom_name":"Castilla y León","geo_point_2d":{"lon":-3.2333620229291125,"lat":41.95710111383483}},"geometry":{"type":"Polygon","coordinates":[[[-3.22979,41.95573],[-3.22877,41.96038],[-3.23245,41.96044],[-3.23898,41.95656],[-3.23721,41.95458],[-3.23313,41.95382],[-3.22979,41.95573]]]}},{"type":"Feature","properties":{"mun_code":"09343","mun_name":"Santa Cecilia","mun_name_local":null,"prov_code":"09","prov_name":"Burgos","acom_code":"07","acom_name":"Castilla y León","geo_point_2d":{"lon":-3.8019938018269457,"lat":42.05939734916589}},"geometry":{"type":"Polygon","coordinates":[[[-3.82532,42.04504],[-3.81561,42.04211],[-3.81144,42.045],[-3.80286,42.04048],[-3.78735,42.03985],[-3.78474,42.04181],[-3.78747,42.04464],[-3.78648,42.04779],[-3.78937,42.04985],[-3.78313,42.05639],[-3.78395,42.05777],[-3.78147,42.06173],[-3.78297,42.06396],[-3.77787,42.07911],[-3.78877,42.07897],[-3.82212,42.07156],[-3.82022,42.06818],[-3.82496,42.05531],[-3.8258,42.04623],[-3.82532,42.04504]]]}},{"type":"Feature","properties":{"mun_code":"09276","mun_name":"La Puebla de Arganzón","mun_name_local":null,"prov_code":"09","prov_name":"Burgos","acom_code":"07","acom_name":"Castilla y León","geo_point_2d":{"lon":-2.819271296298525,"lat":42.77263433339543}},"geometry":{"type":"Polygon","coordinates":[[[-2.85275,42.75911],[-2.84861,42.75322],[-2.84067,42.75094],[-2.82649,42.7539],[-2.81353,42.75272],[-2.80479,42.75576],[-2.80425,42.75977],[-2.79623,42.76426],[-2.78879,42.77347],[-2.78454,42.79078],[-2.77927,42.79293],[-2.79377,42.79317],[-2.81035,42.79153],[-2.81788,42.78999],[-2.82681,42.78445],[-2.82875,42.79006],[-2.83547,42.79627],[-2.84185,42.7762],[-2.84529,42.77806],[-2.85376,42.76823],[-2.85352,42.76619],[-2.84837,42.76329],[-2.85233,42.76215],[-2.85275,42.75911]]]}},{"type":"Feature","properties":{"mun_code":"09476","mun_name":"Villoruebo","mun_name_local":null,"prov_code":"09","prov_name":"Burgos","acom_code":"07","acom_name":"Castilla y León","geo_point_2d":{"lon":-3.447302771457916,"lat":42.172281218601306}},"geometry":{"type":"Polygon","coordinates":[[[-3.48216,42.19769],[-3.49075,42.19366],[-3.49763,42.18622],[-3.49843,42.18388],[-3.49363,42.17849],[-3.4934,42.17605],[-3.47686,42.16643],[-3.46302,42.16612],[-3.45881,42.16287],[-3.45673,42.15845],[-3.4337,42.15215],[-3.41984,42.14166],[-3.41412,42.14108],[-3.41248,42.14504],[-3.40852,42.14666],[-3.40287,42.14632],[-3.40262,42.14798],[-3.40025,42.14809],[-3.40123,42.15039],[-3.40701,42.1545],[-3.40537,42.15668],[-3.40662,42.16493],[-3.40019,42.17699],[-3.40766,42.17527],[-3.41753,42.17753],[-3.4317,42.18292],[-3.43971,42.18404],[-3.45373,42.19177],[-3.47524,42.20085],[-3.48072,42.19817],[-3.48216,42.19769]]]}},{"type":"Feature","properties":{"mun_code":"09377","mun_name":"Tardajos","mun_name_local":null,"prov_code":"09","prov_name":"Burgos","acom_code":"07","acom_name":"Castilla y León","geo_point_2d":{"lon":-3.8143114313855047,"lat":42.35327231018116}},"geometry":{"type":"Polygon","coordinates":[[[-3.8608,42.34836],[-3.85571,42.34556],[-3.83974,42.34674],[-3.82415,42.34288],[-3.83003,42.33671],[-3.82662,42.33705],[-3.82763,42.33435],[-3.82231,42.33113],[-3.82478,42.32884],[-3.82275,42.32746],[-3.82262,42.32869],[-3.82036,42.32845],[-3.81954,42.32961],[-3.81552,42.32941],[-3.81434,42.33278],[-3.80485,42.34118],[-3.8014,42.34247],[-3.80245,42.34035],[-3.79985,42.34182],[-3.7941,42.35441],[-3.79176,42.35642],[-3.79437,42.35851],[-3.78156,42.36393],[-3.78881,42.36685],[-3.79402,42.37072],[-3.79099,42.37474],[-3.79692,42.37846],[-3.80736,42.36719],[-3.81508,42.36324],[-3.81693,42.36461],[-3.82439,42.36565],[-3.82557,42.36897],[-3.82974,42.36678],[-3.83197,42.36161],[-3.83077,42.35682],[-3.836,42.35731],[-3.84577,42.3499],[-3.85725,42.34694],[-3.8608,42.34836]]]}},{"type":"Feature","properties":{"mun_code":"09403","mun_name":"Valdeande","mun_name_local":null,"prov_code":"09","prov_name":"Burgos","acom_code":"07","acom_name":"Castilla y León","geo_point_2d":{"lon":-3.528760392805151,"lat":41.835202808182366}},"geometry":{"type":"Polygon","coordinates":[[[-3.56877,41.83161],[-3.57054,41.82282],[-3.56353,41.81814],[-3.56208,41.81224],[-3.55776,41.81045],[-3.56132,41.80449],[-3.55403,41.80661],[-3.54992,41.79645],[-3.54592,41.79609],[-3.54275,41.80103],[-3.53586,41.80234],[-3.53225,41.80637],[-3.52562,41.80547],[-3.5196,41.80663],[-3.51308,41.81554],[-3.51101,41.82933],[-3.50768,41.82913],[-3.5026,41.83165],[-3.49417,41.84347],[-3.49194,41.85331],[-3.48896,41.8558],[-3.48921,41.8574],[-3.48712,41.85815],[-3.49327,41.87153],[-3.51076,41.87432],[-3.5209,41.8606],[-3.54858,41.84536],[-3.55757,41.84583],[-3.56409,41.84119],[-3.56777,41.83347],[-3.56877,41.83161]]]}},{"type":"Feature","properties":{"mun_code":"09215","mun_name":"Merindad de Sotoscueva","mun_name_local":null,"prov_code":"09","prov_name":"Burgos","acom_code":"07","acom_name":"Castilla y León","geo_point_2d":{"lon":-3.6523929156166948,"lat":43.04121336627724}},"geometry":{"type":"Polygon","coordinates":[[[-3.76056,43.08352],[-3.73968,43.07895],[-3.73017,43.05048],[-3.71863,43.04252],[-3.71432,43.03449],[-3.70879,43.02939],[-3.70969,43.01614],[-3.71849,43.00146],[-3.71612,42.99375],[-3.70943,42.98911],[-3.70216,42.98672],[-3.68917,42.98495],[-3.68389,42.98198],[-3.6723,42.9789],[-3.67288,42.97789],[-3.67034,42.97801],[-3.66949,42.97546],[-3.66556,42.97499],[-3.66411,42.97204],[-3.65872,42.97184],[-3.64984,42.96811],[-3.64836,42.97063],[-3.64398,42.97271],[-3.6458,42.97495],[-3.63875,42.9786],[-3.63831,42.9844],[-3.63007,42.9904],[-3.63242,42.99574],[-3.63057,42.99862],[-3.61252,42.99842],[-3.58538,42.99347],[-3.58452,42.99502],[-3.57994,42.99532],[-3.57996,42.99741],[-3.57311,42.9973],[-3.57535,43.00014],[-3.57479,43.00204],[-3.57014,43.00244],[-3.5729,43.00459],[-3.57117,43.00733],[-3.55829,43.00781],[-3.55541,43.0069],[-3.55491,43.00478],[-3.53854,43.00745],[-3.53723,43.00875],[-3.54102,43.01931],[-3.54605,43.02505],[-3.54064,43.03898],[-3.55114,43.04582],[-3.559,43.04376],[-3.56652,43.04503],[-3.57185,43.04387],[-3.57915,43.04652],[-3.58823,43.063],[-3.60346,43.07411],[-3.60254,43.08201],[-3.60708,43.08701],[-3.61873,43.09341],[-3.62831,43.09187],[-3.63521,43.09306],[-3.64982,43.09227],[-3.65921,43.09605],[-3.66889,43.09732],[-3.69494,43.09094],[-3.70874,43.10502],[-3.71925,43.10835],[-3.73491,43.10311],[-3.74819,43.10227],[-3.75488,43.10055],[-3.75982,43.09211],[-3.75691,43.08574],[-3.75914,43.08399],[-3.76056,43.08352]]]}},{"type":"Feature","properties":{"mun_code":"09182","mun_name":"Itero del Castillo","mun_name_local":null,"prov_code":"09","prov_name":"Burgos","acom_code":"07","acom_name":"Castilla y León","geo_point_2d":{"lon":-4.231194711660491,"lat":42.28705403890546}},"geometry":{"type":"Polygon","coordinates":[[[-4.25189,42.31],[-4.25248,42.30519],[-4.24968,42.29524],[-4.25275,42.29059],[-4.24651,42.28486],[-4.24919,42.27988],[-4.24567,42.27842],[-4.24665,42.27489],[-4.24191,42.27218],[-4.24105,42.26981],[-4.24411,42.2594],[-4.24005,42.25925],[-4.23143,42.2561],[-4.22124,42.25829],[-4.21854,42.26068],[-4.20813,42.28224],[-4.21991,42.31115],[-4.23957,42.31452],[-4.25338,42.31336],[-4.2519,42.31058],[-4.25189,42.31]]]}},{"type":"Feature","properties":{"mun_code":"09310","mun_name":"Reinoso","mun_name_local":null,"prov_code":"09","prov_name":"Burgos","acom_code":"07","acom_name":"Castilla y León","geo_point_2d":{"lon":-3.388373237543775,"lat":42.50942669541794}},"geometry":{"type":"Polygon","coordinates":[[[-3.41306,42.50543],[-3.40877,42.50301],[-3.40563,42.50364],[-3.40453,42.50133],[-3.39582,42.49765],[-3.38817,42.49758],[-3.37941,42.49442],[-3.37332,42.49814],[-3.37262,42.50055],[-3.37032,42.50087],[-3.3648,42.50662],[-3.36766,42.50802],[-3.36936,42.5111],[-3.36715,42.51271],[-3.36711,42.5148],[-3.37631,42.52355],[-3.38675,42.51907],[-3.39292,42.52226],[-3.39391,42.52453],[-3.39949,42.52239],[-3.40398,42.51803],[-3.40694,42.51772],[-3.41313,42.50606],[-3.41306,42.50543]]]}},{"type":"Feature","properties":{"mun_code":"09211","mun_name":"Melgar de Fernamental","mun_name_local":null,"prov_code":"09","prov_name":"Burgos","acom_code":"07","acom_name":"Castilla y León","geo_point_2d":{"lon":-4.2554103020935585,"lat":42.43160855976576}},"geometry":{"type":"Polygon","coordinates":[[[-4.32159,42.3799],[-4.30545,42.38346],[-4.29345,42.38813],[-4.28182,42.38904],[-4.27595,42.39192],[-4.27759,42.38658],[-4.27273,42.38572],[-4.27166,42.37781],[-4.27378,42.37514],[-4.27973,42.37804],[-4.28094,42.37297],[-4.28014,42.37058],[-4.27664,42.36834],[-4.2765,42.36506],[-4.27431,42.36465],[-4.26432,42.36623],[-4.26099,42.36567],[-4.26095,42.37328],[-4.25314,42.36836],[-4.24156,42.37859],[-4.23165,42.37597],[-4.21697,42.37625],[-4.21045,42.37879],[-4.20672,42.38233],[-4.20633,42.38598],[-4.20353,42.38942],[-4.20339,42.39539],[-4.20542,42.39875],[-4.20514,42.40307],[-4.20804,42.40667],[-4.20644,42.40756],[-4.20797,42.41384],[-4.21147,42.41692],[-4.2094,42.41955],[-4.21038,42.42206],[-4.20858,42.42307],[-4.21078,42.42809],[-4.21465,42.42963],[-4.213,42.43145],[-4.21315,42.43797],[-4.2164,42.44387],[-4.21205,42.45334],[-4.21956,42.45766],[-4.22082,42.46236],[-4.21869,42.46235],[-4.21261,42.46751],[-4.17902,42.48059],[-4.17548,42.48027],[-4.17563,42.48456],[-4.16996,42.4909],[-4.17742,42.49216],[-4.19017,42.50629],[-4.19949,42.50906],[-4.20296,42.51341],[-4.2079,42.51223],[-4.2097,42.51387],[-4.20946,42.51679],[-4.21315,42.50992],[-4.22276,42.50515],[-4.23379,42.50401],[-4.23608,42.50123],[-4.23668,42.49655],[-4.24574,42.49267],[-4.24699,42.49087],[-4.25082,42.48023],[-4.24485,42.47211],[-4.25265,42.47075],[-4.25439,42.46792],[-4.25224,42.46598],[-4.24747,42.46714],[-4.24562,42.4636],[-4.2472,42.4597],[-4.24371,42.45892],[-4.24259,42.45624],[-4.25332,42.45666],[-4.26885,42.45349],[-4.27715,42.45533],[-4.28237,42.45523],[-4.28478,42.45349],[-4.30672,42.4551],[-4.30703,42.45335],[-4.31709,42.45893],[-4.32312,42.44446],[-4.33533,42.4306],[-4.33325,42.42316],[-4.33502,42.42004],[-4.33325,42.41675],[-4.33105,42.41498],[-4.32501,42.41522],[-4.32227,42.41235],[-4.31641,42.41016],[-4.32953,42.40643],[-4.32843,42.39539],[-4.33093,42.39099],[-4.32159,42.3799]]]}},{"type":"Feature","properties":{"mun_code":"09050","mun_name":"Berberana","mun_name_local":null,"prov_code":"09","prov_name":"Burgos","acom_code":"07","acom_name":"Castilla y León","geo_point_2d":{"lon":-3.0561694831513306,"lat":42.912736995424964}},"geometry":{"type":"MultiPolygon","coordinates":[[[[-3.12791,42.84958],[-3.12307,42.84871],[-3.12084,42.855],[-3.11315,42.86106],[-3.11374,42.86406],[-3.10825,42.87118],[-3.10505,42.87959],[-3.11332,42.88187],[-3.11257,42.88673],[-3.11896,42.89127],[-3.1257,42.89132],[-3.13909,42.87398],[-3.13651,42.86909],[-3.13829,42.86642],[-3.12826,42.85074],[-3.12791,42.84958]]],[[[-3.02092,42.95657],[-3.02202,42.95333],[-3.0306,42.94913],[-3.03487,42.93901],[-3.05082,42.92661],[-3.05999,42.92419],[-3.06353,42.92439],[-3.06865,42.92685],[-3.07673,42.92617],[-3.0823,42.91835],[-3.08489,42.91906],[-3.08872,42.91741],[-3.08686,42.91131],[-3.09266,42.90871],[-3.08913,42.90378],[-3.08952,42.899],[-3.07518,42.90101],[-3.06897,42.90392],[-3.06005,42.90172],[-3.01891,42.90851],[-3.01614,42.91056],[-3.01655,42.91496],[-3.01195,42.92225],[-3.00329,42.9283],[-2.99821,42.92677],[-2.99209,42.93518],[-2.98515,42.93628],[-2.98142,42.93988],[-2.98354,42.94067],[-2.98303,42.94222],[-2.98532,42.94433],[-2.99093,42.94713],[-2.99476,42.95214],[-3.00106,42.95353],[-3.00829,42.95202],[-3.0164,42.9531],[-3.0192,42.95403],[-3.02061,42.95636],[-3.02092,42.95657]]]]}},{"type":"Feature","properties":{"mun_code":"09105","mun_name":"Ciruelos de Cervera","mun_name_local":null,"prov_code":"09","prov_name":"Burgos","acom_code":"07","acom_name":"Castilla y León","geo_point_2d":{"lon":-3.530865733133169,"lat":41.91399147357859}},"geometry":{"type":"Polygon","coordinates":[[[-3.57302,41.9289],[-3.58032,41.92533],[-3.58101,41.92282],[-3.58143,41.91518],[-3.57688,41.90368],[-3.57636,41.89688],[-3.5388,41.89012],[-3.51256,41.87886],[-3.50508,41.88707],[-3.50593,41.8951],[-3.4975,41.89641],[-3.49494,41.90629],[-3.4886,41.90928],[-3.48065,41.92253],[-3.49041,41.92459],[-3.48835,41.92962],[-3.48374,41.93082],[-3.49738,41.93313],[-3.49821,41.93977],[-3.49166,41.94704],[-3.49795,41.94622],[-3.50088,41.94342],[-3.51279,41.94491],[-3.51944,41.94272],[-3.5209,41.93064],[-3.52582,41.93307],[-3.53144,41.93941],[-3.53714,41.94054],[-3.54576,41.93753],[-3.55264,41.93227],[-3.56362,41.93133],[-3.56411,41.92986],[-3.56781,41.92841],[-3.57215,41.92901],[-3.57302,41.9289]]]}},{"type":"Feature","properties":{"mun_code":"53028","mun_name":"Ledanía de Hacinas, Salas de los Infantes y Villanueva de Carazo","mun_name_local":null,"prov_code":"09","prov_name":"Burgos","acom_code":"07","acom_name":"Castilla y León","geo_point_2d":{"lon":-3.307622217819867,"lat":42.007157853001424}},"geometry":{"type":"Polygon","coordinates":[[[-3.31274,42.01172],[-3.31174,42.00543],[-3.29973,42.00212],[-3.30997,42.01221],[-3.31274,42.01172]]]}},{"type":"Feature","properties":{"mun_code":"09026","mun_name":"Arlanzón","mun_name_local":null,"prov_code":"09","prov_name":"Burgos","acom_code":"07","acom_name":"Castilla y León","geo_point_2d":{"lon":-3.435068205168566,"lat":42.33881071474725}},"geometry":{"type":"Polygon","coordinates":[[[-3.50732,42.34598],[-3.49976,42.34113],[-3.49701,42.33629],[-3.50154,42.32533],[-3.50519,42.32298],[-3.50602,42.32006],[-3.49604,42.31798],[-3.48948,42.3133],[-3.47081,42.30683],[-3.46875,42.30413],[-3.44893,42.2976],[-3.43065,42.2957],[-3.4208,42.29062],[-3.4154,42.29299],[-3.40385,42.29431],[-3.41141,42.29782],[-3.40446,42.31015],[-3.40829,42.3144],[-3.39578,42.32023],[-3.39373,42.32267],[-3.38669,42.3262],[-3.37846,42.33442],[-3.37537,42.33539],[-3.36754,42.33405],[-3.35643,42.32984],[-3.3539,42.33696],[-3.35575,42.33891],[-3.35457,42.34487],[-3.35567,42.34636],[-3.34942,42.34853],[-3.34437,42.35514],[-3.34497,42.35916],[-3.35158,42.36697],[-3.36464,42.36646],[-3.38355,42.37107],[-3.38326,42.36924],[-3.38746,42.36844],[-3.38937,42.36247],[-3.39535,42.35569],[-3.40039,42.35663],[-3.41185,42.36338],[-3.42922,42.36501],[-3.43259,42.35993],[-3.43823,42.36232],[-3.45325,42.36252],[-3.45085,42.36656],[-3.44276,42.37076],[-3.44566,42.37289],[-3.45105,42.374],[-3.45686,42.37321],[-3.46434,42.38116],[-3.46959,42.38139],[-3.47678,42.38484],[-3.47934,42.38093],[-3.48983,42.37953],[-3.49194,42.37568],[-3.49077,42.37422],[-3.49254,42.37207],[-3.49187,42.3684],[-3.49331,42.36561],[-3.49106,42.36317],[-3.5076,42.35112],[-3.50732,42.34598]]]}},{"type":"Feature","properties":{"mun_code":"09463","mun_name":"Villasur de Herreros","mun_name_local":null,"prov_code":"09","prov_name":"Burgos","acom_code":"07","acom_name":"Castilla y León","geo_point_2d":{"lon":-3.3569270400949,"lat":42.28272238585975}},"geometry":{"type":"Polygon","coordinates":[[[-3.43845,42.26895],[-3.43707,42.25916],[-3.43245,42.2537],[-3.41851,42.25028],[-3.41174,42.24563],[-3.4066,42.24836],[-3.40217,42.24864],[-3.39981,42.24252],[-3.38994,42.2428],[-3.38591,42.24131],[-3.37784,42.24312],[-3.36435,42.24344],[-3.36105,42.2448],[-3.35604,42.24379],[-3.34711,42.24727],[-3.33932,42.24718],[-3.33467,42.25114],[-3.33942,42.2549],[-3.33168,42.25699],[-3.31605,42.25415],[-3.30964,42.25049],[-3.29486,42.25019],[-3.2828,42.24651],[-3.26426,42.24398],[-3.25611,42.24531],[-3.24722,42.2524],[-3.24514,42.25624],[-3.26215,42.2527],[-3.26951,42.26226],[-3.2734,42.26457],[-3.28482,42.26364],[-3.29152,42.26613],[-3.30899,42.26444],[-3.30655,42.26742],[-3.29503,42.27283],[-3.29431,42.27609],[-3.29888,42.27835],[-3.29989,42.28385],[-3.30968,42.2877],[-3.31212,42.28752],[-3.31346,42.29183],[-3.31742,42.29439],[-3.31513,42.29912],[-3.31694,42.30442],[-3.31514,42.30885],[-3.30972,42.31175],[-3.32127,42.31986],[-3.32396,42.32744],[-3.32806,42.33186],[-3.3539,42.33696],[-3.35643,42.32984],[-3.36754,42.33405],[-3.37705,42.33503],[-3.38669,42.3262],[-3.39373,42.32267],[-3.39578,42.32023],[-3.40829,42.3144],[-3.40446,42.31015],[-3.41141,42.29782],[-3.40385,42.29431],[-3.4154,42.29299],[-3.41947,42.29105],[-3.4198,42.28902],[-3.41689,42.2849],[-3.41202,42.2826],[-3.4121,42.27124],[-3.41538,42.2708],[-3.41897,42.27523],[-3.42389,42.27771],[-3.42183,42.27208],[-3.42293,42.27039],[-3.43207,42.26827],[-3.43801,42.2691],[-3.43845,42.26895]]]}},{"type":"Feature","properties":{"mun_code":"09409","mun_name":"Valle de Manzanedo","mun_name_local":null,"prov_code":"09","prov_name":"Burgos","acom_code":"07","acom_name":"Castilla y León","geo_point_2d":{"lon":-3.6952057121049897,"lat":42.89989834669957}},"geometry":{"type":"Polygon","coordinates":[[[-3.80498,42.9145],[-3.80847,42.90816],[-3.80455,42.90424],[-3.77995,42.89064],[-3.78539,42.88771],[-3.78883,42.879],[-3.78721,42.88055],[-3.78336,42.881],[-3.777,42.87791],[-3.76313,42.87558],[-3.75609,42.8728],[-3.74057,42.87938],[-3.73506,42.87437],[-3.7218,42.86652],[-3.71455,42.85988],[-3.71642,42.86449],[-3.71388,42.86506],[-3.71357,42.86669],[-3.71611,42.87144],[-3.71083,42.87233],[-3.70654,42.87779],[-3.68617,42.87951],[-3.67464,42.87877],[-3.67066,42.87606],[-3.67288,42.87323],[-3.66247,42.8708],[-3.65349,42.86686],[-3.64776,42.8703],[-3.64779,42.87539],[-3.62783,42.87774],[-3.62529,42.88556],[-3.61805,42.89077],[-3.61227,42.89022],[-3.61158,42.89182],[-3.61733,42.89261],[-3.61933,42.89582],[-3.61805,42.90096],[-3.61372,42.90339],[-3.6236,42.90508],[-3.62178,42.91516],[-3.62786,42.92418],[-3.66226,42.93229],[-3.65687,42.93476],[-3.65992,42.93714],[-3.67029,42.93719],[-3.67129,42.93806],[-3.66891,42.9424],[-3.67821,42.93863],[-3.68814,42.93729],[-3.68908,42.93384],[-3.701,42.92943],[-3.71661,42.92784],[-3.7187,42.92088],[-3.72763,42.9132],[-3.72591,42.91103],[-3.72968,42.90931],[-3.72777,42.90618],[-3.73072,42.90644],[-3.7336,42.90945],[-3.73899,42.90924],[-3.74443,42.90129],[-3.74454,42.8976],[-3.74836,42.89617],[-3.75141,42.89662],[-3.75138,42.90016],[-3.75496,42.90722],[-3.75838,42.90645],[-3.76022,42.90963],[-3.76658,42.90067],[-3.77223,42.8987],[-3.77273,42.90047],[-3.77596,42.90083],[-3.78149,42.90875],[-3.79137,42.9095],[-3.79548,42.90642],[-3.79894,42.90743],[-3.80237,42.91193],[-3.80498,42.9145]]]}},{"type":"Feature","properties":{"mun_code":"09445","mun_name":"Villambistia","mun_name_local":null,"prov_code":"09","prov_name":"Burgos","acom_code":"07","acom_name":"Castilla y León","geo_point_2d":{"lon":-3.262875676340314,"lat":42.41053281679834}},"geometry":{"type":"Polygon","coordinates":[[[-3.27765,42.43064],[-3.27688,42.4269],[-3.2706,42.42161],[-3.26949,42.41716],[-3.27079,42.40704],[-3.28029,42.39047],[-3.28202,42.38468],[-3.27887,42.38119],[-3.2765,42.38065],[-3.26645,42.38379],[-3.26176,42.38221],[-3.25224,42.3858],[-3.25173,42.38893],[-3.24705,42.395],[-3.24787,42.3992],[-3.24647,42.40155],[-3.24891,42.40671],[-3.24868,42.41381],[-3.25199,42.41775],[-3.25106,42.42266],[-3.25386,42.42677],[-3.25156,42.43091],[-3.25344,42.43545],[-3.25191,42.43617],[-3.25246,42.44033],[-3.25524,42.44282],[-3.26056,42.44327],[-3.27687,42.43751],[-3.27684,42.43261],[-3.27765,42.43064]]]}},{"type":"Feature","properties":{"mun_code":"09027","mun_name":"Arraya de Oca","mun_name_local":null,"prov_code":"09","prov_name":"Burgos","acom_code":"07","acom_name":"Castilla y León","geo_point_2d":{"lon":-3.3897998516128793,"lat":42.40190478578758}},"geometry":{"type":"Polygon","coordinates":[[[-3.39157,42.37422],[-3.3676,42.367],[-3.36986,42.37729],[-3.37898,42.38915],[-3.3782,42.39334],[-3.38116,42.40188],[-3.37816,42.40432],[-3.37689,42.40876],[-3.38409,42.42039],[-3.38511,42.42467],[-3.38736,42.42584],[-3.38821,42.4337],[-3.401,42.43147],[-3.40446,42.42921],[-3.40609,42.42618],[-3.40519,42.42376],[-3.40953,42.42148],[-3.40721,42.41414],[-3.40443,42.41276],[-3.40351,42.41005],[-3.40477,42.40219],[-3.40311,42.39923],[-3.40549,42.39084],[-3.40194,42.38842],[-3.39776,42.3943],[-3.3937,42.39273],[-3.39168,42.39011],[-3.39211,42.38438],[-3.38936,42.37806],[-3.39033,42.37496],[-3.39157,42.37422]]]}},{"type":"Feature","properties":{"mun_code":"09366","mun_name":"Solarana","mun_name_local":null,"prov_code":"09","prov_name":"Burgos","acom_code":"07","acom_name":"Castilla y León","geo_point_2d":{"lon":-3.659394302818278,"lat":41.96314076314776}},"geometry":{"type":"Polygon","coordinates":[[[-3.69029,41.95602],[-3.67947,41.95124],[-3.67693,41.94682],[-3.67903,41.94169],[-3.67131,41.94124],[-3.67071,41.93869],[-3.66508,41.93524],[-3.66389,41.9301],[-3.65633,41.93271],[-3.64936,41.93308],[-3.64679,41.93536],[-3.64324,41.93973],[-3.64371,41.94253],[-3.64182,41.946],[-3.64621,41.94622],[-3.64797,41.95882],[-3.64183,41.98375],[-3.6475,41.9929],[-3.63946,41.99754],[-3.63806,42.0047],[-3.64132,42.00674],[-3.64241,42.00517],[-3.64534,42.00657],[-3.65437,41.99516],[-3.65698,41.99425],[-3.65785,41.98572],[-3.66283,41.98161],[-3.66247,41.98044],[-3.66359,41.98078],[-3.66502,41.9757],[-3.66775,41.97416],[-3.66857,41.97555],[-3.67521,41.97452],[-3.67992,41.97004],[-3.68019,41.96136],[-3.68638,41.95704],[-3.69008,41.95631],[-3.69029,41.95602]]]}},{"type":"Feature","properties":{"mun_code":"53043","mun_name":"Comunidad de Villoruebo y Torrelara","mun_name_local":null,"prov_code":"09","prov_name":"Burgos","acom_code":"07","acom_name":"Castilla y León","geo_point_2d":{"lon":-3.482629346262546,"lat":42.204222997773805}},"geometry":{"type":"Polygon","coordinates":[[[-3.48858,42.20711],[-3.48728,42.20475],[-3.48209,42.20155],[-3.48216,42.19769],[-3.47524,42.20085],[-3.48704,42.21131],[-3.48866,42.20767],[-3.48858,42.20711]]]}},{"type":"Feature","properties":{"mun_code":"09217","mun_name":"Merindad de Valdivielso","mun_name_local":null,"prov_code":"09","prov_name":"Burgos","acom_code":"07","acom_name":"Castilla y León","geo_point_2d":{"lon":-3.5499358282937714,"lat":42.82281829772076}},"geometry":{"type":"Polygon","coordinates":[[[-3.64375,42.87647],[-3.64375,42.86566],[-3.64836,42.86173],[-3.64683,42.85001],[-3.65032,42.83665],[-3.64755,42.83353],[-3.63134,42.82416],[-3.62402,42.81433],[-3.61897,42.81069],[-3.6154,42.8024],[-3.62114,42.78848],[-3.60948,42.78171],[-3.60558,42.78194],[-3.59258,42.78676],[-3.5819,42.78696],[-3.57647,42.78403],[-3.56594,42.78716],[-3.56255,42.78218],[-3.55117,42.77913],[-3.51624,42.77966],[-3.49575,42.77643],[-3.49116,42.78679],[-3.49383,42.78788],[-3.48985,42.79383],[-3.46712,42.78332],[-3.45698,42.78096],[-3.45324,42.77719],[-3.44239,42.77194],[-3.4404,42.77542],[-3.43528,42.77754],[-3.435,42.79284],[-3.44155,42.79612],[-3.44651,42.8034],[-3.44554,42.8082],[-3.44221,42.80931],[-3.45146,42.81858],[-3.47385,42.8325],[-3.47986,42.83866],[-3.5022,42.85514],[-3.51719,42.86025],[-3.54146,42.8601],[-3.55363,42.86357],[-3.5661,42.86455],[-3.57846,42.86738],[-3.5918,42.86729],[-3.61037,42.87289],[-3.61877,42.87721],[-3.62783,42.87774],[-3.64087,42.87591],[-3.64375,42.87647]]]}},{"type":"Feature","properties":{"mun_code":"09415","mun_name":"Valle de Valdelucio","mun_name_local":null,"prov_code":"09","prov_name":"Burgos","acom_code":"07","acom_name":"Castilla y León","geo_point_2d":{"lon":-4.081105990864002,"lat":42.72384290405943}},"geometry":{"type":"Polygon","coordinates":[[[-4.191,42.72976],[-4.18836,42.72997],[-4.1861,42.72705],[-4.18732,42.72554],[-4.18203,42.71533],[-4.16982,42.70771],[-4.15784,42.70771],[-4.14761,42.7043],[-4.13565,42.70329],[-4.1321,42.7],[-4.12128,42.69818],[-4.12009,42.69679],[-4.12169,42.69499],[-4.11383,42.69577],[-4.1143,42.69814],[-4.09519,42.69173],[-4.08357,42.69104],[-4.07866,42.68786],[-4.07822,42.68511],[-4.07561,42.68534],[-4.06675,42.68208],[-4.03713,42.66886],[-4.03289,42.66867],[-4.03074,42.66905],[-4.02228,42.67825],[-4.02144,42.68294],[-4.01902,42.68559],[-4.0194,42.6868],[-4.02449,42.68695],[-4.03061,42.69062],[-4.03071,42.69305],[-4.02844,42.69461],[-4.02446,42.70314],[-4.02568,42.72096],[-4.02448,42.72457],[-4.01316,42.72121],[-4.0026,42.72311],[-3.99397,42.72157],[-3.99814,42.72808],[-4.00435,42.74556],[-4.0024,42.75149],[-3.99467,42.75629],[-4.00232,42.75757],[-4.00309,42.76336],[-4.00938,42.76569],[-4.01853,42.76394],[-4.04086,42.76731],[-4.04611,42.7668],[-4.05448,42.7634],[-4.07193,42.76068],[-4.08146,42.76162],[-4.08526,42.76408],[-4.08882,42.75172],[-4.10955,42.73388],[-4.12399,42.73617],[-4.12001,42.74511],[-4.12595,42.74823],[-4.12478,42.75165],[-4.13994,42.75333],[-4.14613,42.75213],[-4.15142,42.74788],[-4.15861,42.7477],[-4.16464,42.74598],[-4.16709,42.74379],[-4.16681,42.74194],[-4.17389,42.73707],[-4.18051,42.7379],[-4.18539,42.73618],[-4.1902,42.73034],[-4.191,42.72976]]]}},{"type":"Feature","properties":{"mun_code":"09248","mun_name":"Palazuelos de la Sierra","mun_name_local":null,"prov_code":"09","prov_name":"Burgos","acom_code":"07","acom_name":"Castilla y León","geo_point_2d":{"lon":-3.4574215210570225,"lat":42.21294367645971}},"geometry":{"type":"Polygon","coordinates":[[[-3.49021,42.22822],[-3.48852,42.22725],[-3.48883,42.22565],[-3.49539,42.21659],[-3.48895,42.21447],[-3.47524,42.20085],[-3.45087,42.18986],[-3.44678,42.19718],[-3.44887,42.1999],[-3.4475,42.2016],[-3.43913,42.19866],[-3.43265,42.20482],[-3.4313,42.20823],[-3.42254,42.20863],[-3.41322,42.21429],[-3.40537,42.21323],[-3.40211,42.21419],[-3.41149,42.21917],[-3.41747,42.21842],[-3.42134,42.22035],[-3.42966,42.2181],[-3.43554,42.21904],[-3.44044,42.21805],[-3.44284,42.22113],[-3.44977,42.22167],[-3.45644,42.22445],[-3.45348,42.2269],[-3.46119,42.22857],[-3.47933,42.23057],[-3.49196,42.22919],[-3.49079,42.22837],[-3.49021,42.22822]]]}},{"type":"Feature","properties":{"mun_code":"09272","mun_name":"Poza de la Sal","mun_name_local":null,"prov_code":"09","prov_name":"Burgos","acom_code":"07","acom_name":"Castilla y León","geo_point_2d":{"lon":-3.5271294838630927,"lat":42.6577691042491}},"geometry":{"type":"Polygon","coordinates":[[[-3.61463,42.68302],[-3.61599,42.66686],[-3.61989,42.65647],[-3.60205,42.66009],[-3.59419,42.65922],[-3.57864,42.65114],[-3.57246,42.64177],[-3.56022,42.63181],[-3.55948,42.62945],[-3.55543,42.62929],[-3.55323,42.62738],[-3.53663,42.6235],[-3.5357,42.61545],[-3.53426,42.61481],[-3.5122,42.61566],[-3.50261,42.61457],[-3.49391,42.61563],[-3.49074,42.61263],[-3.49267,42.60529],[-3.49128,42.60389],[-3.47361,42.61289],[-3.47518,42.61652],[-3.47991,42.61978],[-3.47144,42.62585],[-3.4683,42.63614],[-3.46399,42.6381],[-3.46553,42.64075],[-3.45934,42.64513],[-3.46301,42.64973],[-3.46289,42.65352],[-3.45897,42.65959],[-3.45494,42.66263],[-3.45747,42.66466],[-3.4575,42.67142],[-3.48262,42.68125],[-3.49065,42.69077],[-3.49961,42.69697],[-3.50207,42.70559],[-3.50966,42.70609],[-3.51885,42.70306],[-3.52034,42.69801],[-3.53477,42.69138],[-3.56227,42.68701],[-3.5628,42.68463],[-3.567,42.68222],[-3.5686,42.67959],[-3.57411,42.6802],[-3.59661,42.69318],[-3.60743,42.68353],[-3.61463,42.68302]]]}},{"type":"Feature","properties":{"mun_code":"09154","mun_name":"Hacinas","mun_name_local":null,"prov_code":"09","prov_name":"Burgos","acom_code":"07","acom_name":"Castilla y León","geo_point_2d":{"lon":-3.2835054761669267,"lat":41.98176836051132}},"geometry":{"type":"Polygon","coordinates":[[[-3.29124,41.99643],[-3.29659,41.99278],[-3.30189,41.9821],[-3.3014,41.97487],[-3.29045,41.96653],[-3.28002,41.9696],[-3.27827,41.96875],[-3.27534,41.97171],[-3.26734,41.97077],[-3.26384,41.974],[-3.26796,41.99121],[-3.27623,41.99596],[-3.28959,41.99631],[-3.29124,41.99643]]]}},{"type":"Feature","properties":{"mun_code":"09384","mun_name":"Tordómar","mun_name_local":null,"prov_code":"09","prov_name":"Burgos","acom_code":"07","acom_name":"Castilla y León","geo_point_2d":{"lon":-3.8593453652700034,"lat":42.04962574071037}},"geometry":{"type":"Polygon","coordinates":[[[-3.90102,42.02724],[-3.89535,42.0222],[-3.89071,42.02706],[-3.88822,42.02463],[-3.88403,42.02693],[-3.87382,42.02525],[-3.86983,42.02196],[-3.85544,42.02238],[-3.8506,42.02404],[-3.83594,42.0249],[-3.83409,42.02608],[-3.837,42.03519],[-3.84125,42.03623],[-3.83498,42.0392],[-3.8327,42.03884],[-3.8326,42.03697],[-3.82896,42.0375],[-3.8292,42.04054],[-3.82532,42.04504],[-3.82554,42.05275],[-3.82022,42.06818],[-3.82212,42.07156],[-3.82958,42.07036],[-3.83823,42.07496],[-3.83985,42.07818],[-3.86157,42.08098],[-3.86417,42.07931],[-3.8636,42.0782],[-3.8688,42.07685],[-3.89809,42.04685],[-3.89566,42.0431],[-3.89771,42.04044],[-3.8945,42.03911],[-3.89278,42.03597],[-3.89772,42.03359],[-3.90075,42.02878],[-3.90102,42.02724]]]}},{"type":"Feature","properties":{"mun_code":"09093","mun_name":"Cayuela","mun_name_local":null,"prov_code":"09","prov_name":"Burgos","acom_code":"07","acom_name":"Castilla y León","geo_point_2d":{"lon":-3.8020321796167105,"lat":42.26246995306388}},"geometry":{"type":"MultiPolygon","coordinates":[[[[-3.76976,42.27183],[-3.78428,42.27452],[-3.78932,42.27075],[-3.79659,42.27161],[-3.80079,42.27059],[-3.80286,42.2633],[-3.8106,42.25652],[-3.81085,42.25528],[-3.80907,42.25539],[-3.81291,42.24972],[-3.81021,42.24586],[-3.81093,42.24476],[-3.80476,42.24129],[-3.80043,42.24417],[-3.79011,42.24586],[-3.78453,42.2501],[-3.77551,42.25101],[-3.76931,42.25681],[-3.77274,42.2599],[-3.77054,42.26903],[-3.76976,42.27183]]],[[[-3.80861,42.28517],[-3.82561,42.28022],[-3.8304,42.27599],[-3.83331,42.26341],[-3.833,42.26018],[-3.82847,42.25572],[-3.81608,42.25633],[-3.81262,42.25435],[-3.80908,42.26577],[-3.80998,42.26896],[-3.80679,42.26804],[-3.80478,42.27084],[-3.80763,42.27397],[-3.81021,42.27391],[-3.81328,42.2766],[-3.81139,42.28069],[-3.80861,42.28517]]]]}},{"type":"Feature","properties":{"mun_code":"09124","mun_name":"Espinosa de los Monteros","mun_name_local":null,"prov_code":"09","prov_name":"Burgos","acom_code":"07","acom_name":"Castilla y León","geo_point_2d":{"lon":-3.5995112077168407,"lat":43.11288985774171}},"geometry":{"type":"Polygon","coordinates":[[[-3.71925,43.10835],[-3.70874,43.10502],[-3.69494,43.09094],[-3.66889,43.09732],[-3.65921,43.09605],[-3.64982,43.09227],[-3.63521,43.09306],[-3.62831,43.09187],[-3.61873,43.09341],[-3.60708,43.08701],[-3.60254,43.08201],[-3.60346,43.07411],[-3.58823,43.063],[-3.57915,43.04652],[-3.57185,43.04387],[-3.56652,43.04503],[-3.559,43.04376],[-3.53622,43.04955],[-3.52949,43.05358],[-3.52467,43.05286],[-3.52224,43.05475],[-3.51909,43.05394],[-3.51958,43.06394],[-3.51675,43.0643],[-3.51467,43.06849],[-3.50694,43.07044],[-3.50834,43.07851],[-3.51219,43.08387],[-3.51244,43.0916],[-3.51963,43.09159],[-3.52583,43.10441],[-3.52005,43.12522],[-3.51169,43.12662],[-3.50891,43.13606],[-3.54364,43.14815],[-3.56117,43.14945],[-3.57318,43.15278],[-3.58526,43.15441],[-3.59961,43.15175],[-3.60319,43.14961],[-3.60698,43.16348],[-3.61256,43.1695],[-3.62273,43.17368],[-3.63138,43.17261],[-3.63211,43.17481],[-3.63944,43.17512],[-3.64233,43.17774],[-3.64843,43.17987],[-3.65696,43.17651],[-3.65452,43.17092],[-3.66096,43.16876],[-3.66224,43.16526],[-3.66676,43.16284],[-3.66795,43.15762],[-3.67709,43.1545],[-3.6758,43.1539],[-3.6765,43.15113],[-3.68172,43.14664],[-3.68495,43.14064],[-3.68561,43.13718],[-3.68378,43.13626],[-3.69586,43.12604],[-3.70389,43.12341],[-3.70293,43.11809],[-3.70468,43.11627],[-3.71427,43.11398],[-3.71818,43.11017],[-3.71925,43.10835]]]}},{"type":"Feature","properties":{"mun_code":"53012","mun_name":"Comunidad de 09076, 09578, 09606 y 09822","mun_name_local":null,"prov_code":"09","prov_name":"Burgos","acom_code":"07","acom_name":"Castilla y León","geo_point_2d":{"lon":-3.316561115190272,"lat":42.007804700798964}},"geometry":{"type":"Polygon","coordinates":[[[-3.32147,42.01509],[-3.31892,42.0025],[-3.31174,42.00543],[-3.31242,42.01005],[-3.31274,42.01172],[-3.31535,42.01074],[-3.31952,42.01144],[-3.32107,42.0146],[-3.32147,42.01509]]]}},{"type":"Feature","properties":{"mun_code":"09148","mun_name":"Grijalba","mun_name_local":null,"prov_code":"09","prov_name":"Burgos","acom_code":"07","acom_name":"Castilla y León","geo_point_2d":{"lon":-4.120363184794378,"lat":42.42741682804211}},"geometry":{"type":"Polygon","coordinates":[[[-4.15465,42.43931],[-4.15241,42.43972],[-4.15148,42.43859],[-4.15632,42.43179],[-4.15441,42.43136],[-4.14972,42.41942],[-4.15036,42.41516],[-4.14699,42.4164],[-4.138,42.41508],[-4.13633,42.41384],[-4.13252,42.41405],[-4.1322,42.40759],[-4.124,42.40727],[-4.1183,42.40865],[-4.11511,42.40756],[-4.10438,42.40866],[-4.10303,42.41028],[-4.08736,42.41191],[-4.08238,42.4192],[-4.08824,42.42842],[-4.09106,42.42998],[-4.09287,42.43539],[-4.10166,42.44169],[-4.11598,42.44883],[-4.11631,42.44688],[-4.12552,42.44718],[-4.13559,42.44455],[-4.1429,42.44558],[-4.15396,42.44395],[-4.15481,42.43959],[-4.15465,42.43931]]]}},{"type":"Feature","properties":{"mun_code":"09177","mun_name":"Ibeas de Juarros","mun_name_local":null,"prov_code":"09","prov_name":"Burgos","acom_code":"07","acom_name":"Castilla y León","geo_point_2d":{"lon":-3.4962841560770896,"lat":42.27057642517605}},"geometry":{"type":"Polygon","coordinates":[[[-3.60287,42.25017],[-3.59704,42.24873],[-3.59171,42.24537],[-3.59032,42.23891],[-3.58794,42.2371],[-3.58227,42.23592],[-3.57272,42.23744],[-3.56707,42.24289],[-3.55379,42.24476],[-3.552,42.24214],[-3.54881,42.24103],[-3.54467,42.24131],[-3.53426,42.23871],[-3.52523,42.22812],[-3.50992,42.22407],[-3.50529,42.22429],[-3.50081,42.22687],[-3.49112,42.22716],[-3.49021,42.22822],[-3.49196,42.22919],[-3.49028,42.22952],[-3.47351,42.23017],[-3.45348,42.2269],[-3.45644,42.22445],[-3.44977,42.22167],[-3.44284,42.22113],[-3.44044,42.21805],[-3.43554,42.21904],[-3.42966,42.2181],[-3.42134,42.22035],[-3.41747,42.21842],[-3.41149,42.21917],[-3.40211,42.21419],[-3.39505,42.21701],[-3.38882,42.21579],[-3.3761,42.21742],[-3.36768,42.21275],[-3.35746,42.21665],[-3.35576,42.21998],[-3.35964,42.22982],[-3.34387,42.24198],[-3.33932,42.24718],[-3.34711,42.24727],[-3.35604,42.24379],[-3.36105,42.2448],[-3.36435,42.24344],[-3.37784,42.24312],[-3.38591,42.24131],[-3.38994,42.2428],[-3.39981,42.24252],[-3.40217,42.24864],[-3.4066,42.24836],[-3.41174,42.24563],[-3.41851,42.25028],[-3.42927,42.25249],[-3.43428,42.25487],[-3.43726,42.25977],[-3.43736,42.26721],[-3.44541,42.27806],[-3.44981,42.27465],[-3.45999,42.27459],[-3.45849,42.27054],[-3.46355,42.26592],[-3.47009,42.26324],[-3.48397,42.26247],[-3.49792,42.25787],[-3.50772,42.25273],[-3.51477,42.25668],[-3.51262,42.2591],[-3.514,42.26271],[-3.51068,42.27024],[-3.50924,42.28151],[-3.50606,42.2798],[-3.50065,42.28305],[-3.48296,42.28569],[-3.47904,42.28546],[-3.47552,42.28303],[-3.46694,42.29103],[-3.45279,42.28834],[-3.45161,42.28727],[-3.4527,42.28404],[-3.44903,42.28064],[-3.4462,42.28246],[-3.44556,42.28486],[-3.44762,42.2879],[-3.45022,42.28841],[-3.44832,42.29328],[-3.44893,42.2976],[-3.46875,42.30413],[-3.47081,42.30683],[-3.48948,42.3133],[-3.49604,42.31798],[-3.50602,42.32006],[-3.49904,42.33006],[-3.49718,42.33851],[-3.50249,42.34362],[-3.50732,42.34598],[-3.50879,42.35047],[-3.51135,42.35221],[-3.55536,42.34634],[-3.56051,42.34394],[-3.55947,42.33032],[-3.56561,42.31694],[-3.56288,42.31676],[-3.5642,42.31231],[-3.55871,42.31176],[-3.55408,42.30959],[-3.55462,42.30354],[-3.56027,42.29853],[-3.56768,42.28797],[-3.57151,42.27912],[-3.58403,42.27562],[-3.59049,42.2756],[-3.60019,42.27004],[-3.59731,42.26164],[-3.60189,42.25508],[-3.60173,42.25268],[-3.60287,42.25017]]]}},{"type":"Feature","properties":{"mun_code":"09391","mun_name":"Tórtoles de Esgueva","mun_name_local":null,"prov_code":"09","prov_name":"Burgos","acom_code":"07","acom_name":"Castilla y León","geo_point_2d":{"lon":-4.021265261051205,"lat":41.82768188678298}},"geometry":{"type":"Polygon","coordinates":[[[-4.06633,41.87648],[-4.07265,41.87415],[-4.07965,41.87412],[-4.08883,41.87065],[-4.08497,41.86444],[-4.08094,41.86208],[-4.07932,41.84845],[-4.08805,41.84466],[-4.09081,41.83872],[-4.09007,41.83086],[-4.05871,41.80483],[-4.05672,41.80531],[-4.04888,41.80278],[-4.04299,41.79112],[-4.038,41.78985],[-4.03954,41.78126],[-4.0389,41.7727],[-4.02137,41.78086],[-4.01779,41.78365],[-4.0177,41.7892],[-4.01363,41.79219],[-4.00587,41.79573],[-3.99432,41.79821],[-3.97998,41.79236],[-3.97854,41.78852],[-3.97632,41.78723],[-3.97369,41.78641],[-3.96337,41.78801],[-3.95951,41.79331],[-3.95667,41.79388],[-3.95274,41.79927],[-3.94666,41.80352],[-3.94839,41.81766],[-3.94628,41.81996],[-3.96104,41.84409],[-3.96861,41.84651],[-3.98204,41.8465],[-3.99416,41.84271],[-4.00704,41.85421],[-4.03841,41.87129],[-4.03522,41.87379],[-4.03757,41.87277],[-4.04538,41.87417],[-4.04833,41.87325],[-4.0583,41.87426],[-4.06277,41.87712],[-4.06531,41.87661],[-4.06633,41.87648]]]}},{"type":"Feature","properties":{"mun_code":"09464","mun_name":"Villatuelda","mun_name_local":null,"prov_code":"09","prov_name":"Burgos","acom_code":"07","acom_name":"Castilla y León","geo_point_2d":{"lon":-3.880793614102115,"lat":41.808433413905746}},"geometry":{"type":"Polygon","coordinates":[[[-3.90985,41.80104],[-3.90731,41.80093],[-3.89962,41.79489],[-3.88834,41.79066],[-3.88563,41.78778],[-3.88607,41.77935],[-3.87514,41.77667],[-3.88146,41.78725],[-3.86963,41.80031],[-3.86944,41.79664],[-3.87605,41.7896],[-3.87098,41.78402],[-3.86597,41.78361],[-3.86248,41.79706],[-3.86342,41.80694],[-3.86036,41.81628],[-3.86197,41.81934],[-3.85921,41.82416],[-3.86047,41.82406],[-3.86388,41.83141],[-3.86766,41.83526],[-3.87086,41.83278],[-3.88802,41.82757],[-3.89271,41.82783],[-3.89848,41.82316],[-3.90151,41.81651],[-3.90165,41.80665],[-3.90985,41.80104]]]}},{"type":"Feature","properties":{"mun_code":"09236","mun_name":"Olmillos de Muñó","mun_name_local":null,"prov_code":"09","prov_name":"Burgos","acom_code":"07","acom_name":"Castilla y León","geo_point_2d":{"lon":-3.9440865274444152,"lat":42.20270803675209}},"geometry":{"type":"Polygon","coordinates":[[[-3.95664,42.18878],[-3.95475,42.18929],[-3.95223,42.18755],[-3.9551,42.18456],[-3.9541,42.18312],[-3.94917,42.18461],[-3.94849,42.18361],[-3.95354,42.18107],[-3.94447,42.18365],[-3.93432,42.18213],[-3.93762,42.1867],[-3.93268,42.20314],[-3.93236,42.21474],[-3.93543,42.21914],[-3.93555,42.22274],[-3.93751,42.22407],[-3.95424,42.21684],[-3.954,42.21248],[-3.95589,42.2089],[-3.95333,42.20142],[-3.95808,42.19705],[-3.95184,42.19286],[-3.95517,42.19033],[-3.95664,42.18878]]]}},{"type":"Feature","properties":{"mun_code":"09381","mun_name":"Tinieblas de la Sierra","mun_name_local":null,"prov_code":"09","prov_name":"Burgos","acom_code":"07","acom_name":"Castilla y León","geo_point_2d":{"lon":-3.364553212175626,"lat":42.1800235399604}},"geometry":{"type":"Polygon","coordinates":[[[-3.40019,42.17699],[-3.40662,42.16493],[-3.40537,42.15668],[-3.40701,42.1545],[-3.40123,42.15039],[-3.40025,42.14809],[-3.39034,42.14705],[-3.38997,42.14966],[-3.38388,42.15111],[-3.37673,42.14859],[-3.37632,42.15662],[-3.37449,42.15758],[-3.37873,42.16524],[-3.38186,42.16756],[-3.36592,42.16448],[-3.35351,42.16653],[-3.34997,42.16571],[-3.34688,42.16208],[-3.3451,42.16382],[-3.33757,42.16507],[-3.33345,42.17096],[-3.32086,42.17827],[-3.31304,42.18627],[-3.31727,42.19191],[-3.33043,42.1993],[-3.35464,42.20322],[-3.36768,42.21275],[-3.37983,42.19829],[-3.38904,42.19342],[-3.39899,42.18447],[-3.40152,42.1812],[-3.40026,42.17756],[-3.40019,42.17699]]]}},{"type":"Feature","properties":{"mun_code":"09109","mun_name":"Condado de Treviño","mun_name_local":null,"prov_code":"09","prov_name":"Burgos","acom_code":"07","acom_name":"Castilla y León","geo_point_2d":{"lon":-2.6903292347521672,"lat":42.719320170689286}},"geometry":{"type":"Polygon","coordinates":[[[-2.86886,42.74014],[-2.86493,42.73714],[-2.85509,42.73691],[-2.84674,42.73076],[-2.85522,42.72876],[-2.8516,42.7251],[-2.84424,42.7245],[-2.83977,42.72196],[-2.82899,42.71901],[-2.8253,42.70894],[-2.81101,42.70674],[-2.80673,42.70233],[-2.79549,42.69795],[-2.7845,42.69894],[-2.77836,42.68573],[-2.77051,42.67663],[-2.77079,42.6727],[-2.77574,42.67025],[-2.77133,42.66911],[-2.7679,42.66601],[-2.74891,42.66594],[-2.73504,42.66209],[-2.72652,42.66368],[-2.71916,42.66187],[-2.71454,42.66388],[-2.71475,42.66957],[-2.70339,42.67429],[-2.68708,42.67343],[-2.6846,42.67175],[-2.67987,42.67162],[-2.67788,42.66917],[-2.67067,42.66982],[-2.6664,42.66619],[-2.65918,42.67246],[-2.65393,42.66999],[-2.65172,42.66099],[-2.64292,42.6527],[-2.63485,42.6478],[-2.62661,42.6496],[-2.61334,42.6468],[-2.60394,42.64959],[-2.60118,42.64783],[-2.59988,42.6507],[-2.58485,42.65156],[-2.56492,42.64455],[-2.56021,42.64726],[-2.56076,42.64824],[-2.55686,42.6496],[-2.55194,42.64926],[-2.54784,42.64509],[-2.55159,42.64074],[-2.54917,42.63757],[-2.54707,42.63738],[-2.53825,42.63871],[-2.52478,42.64468],[-2.5174,42.64633],[-2.51766,42.65517],[-2.52322,42.66496],[-2.52202,42.68403],[-2.53549,42.68752],[-2.5394,42.68658],[-2.54838,42.6688],[-2.56765,42.67049],[-2.57325,42.66807],[-2.57777,42.66821],[-2.57947,42.66893],[-2.57812,42.67399],[-2.59414,42.69004],[-2.60426,42.69524],[-2.60898,42.69586],[-2.6081,42.70714],[-2.60306,42.70868],[-2.60031,42.71527],[-2.5924,42.71063],[-2.58998,42.71076],[-2.57263,42.72517],[-2.57028,42.73255],[-2.56701,42.73734],[-2.56463,42.7369],[-2.56257,42.74128],[-2.56417,42.74704],[-2.55898,42.75322],[-2.5583,42.76273],[-2.56482,42.76294],[-2.56701,42.75904],[-2.57502,42.75472],[-2.58937,42.75032],[-2.59172,42.75166],[-2.59199,42.75885],[-2.60269,42.76623],[-2.60225,42.77071],[-2.60953,42.77069],[-2.61463,42.76824],[-2.61798,42.77072],[-2.62029,42.76902],[-2.62431,42.77022],[-2.62744,42.7694],[-2.63291,42.76506],[-2.63563,42.76458],[-2.64025,42.76605],[-2.64401,42.76468],[-2.64612,42.76676],[-2.6521,42.76686],[-2.65376,42.77187],[-2.66752,42.77418],[-2.66861,42.77193],[-2.67575,42.77598],[-2.67603,42.77819],[-2.67871,42.77928],[-2.69338,42.77849],[-2.69511,42.78199],[-2.70305,42.78457],[-2.71125,42.78375],[-2.71876,42.78868],[-2.72832,42.79096],[-2.7317,42.79449],[-2.74387,42.7923],[-2.7583,42.79399],[-2.76728,42.79234],[-2.77367,42.79413],[-2.78454,42.79078],[-2.78879,42.77347],[-2.79623,42.76426],[-2.80425,42.75977],[-2.80479,42.75576],[-2.81353,42.75272],[-2.82649,42.7539],[-2.84067,42.75094],[-2.84861,42.75322],[-2.85275,42.75911],[-2.85109,42.75284],[-2.8527,42.7519],[-2.8558,42.7525],[-2.85298,42.74783],[-2.86309,42.74543],[-2.86719,42.74152],[-2.86886,42.74014]]]}},{"type":"Feature","properties":{"mun_code":"09317","mun_name":"Rezmondo","mun_name_local":null,"prov_code":"09","prov_name":"Burgos","acom_code":"07","acom_name":"Castilla y León","geo_point_2d":{"lon":-4.231159011612573,"lat":42.51399962338805}},"geometry":{"type":"Polygon","coordinates":[[[-4.24704,42.49472],[-4.24611,42.49239],[-4.23668,42.49655],[-4.23608,42.50123],[-4.23379,42.50401],[-4.22707,42.50533],[-4.22435,42.50471],[-4.21411,42.50929],[-4.20946,42.51679],[-4.2107,42.51748],[-4.21453,42.51529],[-4.2157,42.51593],[-4.21571,42.52184],[-4.22021,42.52185],[-4.22315,42.52626],[-4.22701,42.5273],[-4.23521,42.53369],[-4.2379,42.53386],[-4.23995,42.52984],[-4.24682,42.49525],[-4.24704,42.49472]]]}},{"type":"Feature","properties":{"mun_code":"09328","mun_name":"Rucandio","mun_name_local":null,"prov_code":"09","prov_name":"Burgos","acom_code":"07","acom_name":"Castilla y León","geo_point_2d":{"lon":-3.533760728215847,"lat":42.75656048814425}},"geometry":{"type":"Polygon","coordinates":[[[-3.57647,42.78403],[-3.58272,42.77672],[-3.57526,42.76787],[-3.57163,42.76585],[-3.57143,42.76028],[-3.56836,42.75476],[-3.56189,42.75143],[-3.55378,42.74939],[-3.55464,42.74793],[-3.55184,42.74512],[-3.55155,42.74018],[-3.54838,42.73642],[-3.55712,42.72642],[-3.55759,42.72371],[-3.54404,42.7206],[-3.54168,42.71809],[-3.52596,42.71533],[-3.5209,42.71706],[-3.5204,42.7219],[-3.51746,42.72174],[-3.51459,42.72685],[-3.51995,42.72869],[-3.51918,42.73268],[-3.52618,42.7434],[-3.51867,42.74867],[-3.5164,42.74476],[-3.51484,42.74469],[-3.50811,42.74928],[-3.50144,42.75127],[-3.50109,42.75382],[-3.49827,42.75554],[-3.47621,42.76449],[-3.49109,42.77466],[-3.49575,42.77643],[-3.51624,42.77966],[-3.55117,42.77913],[-3.56255,42.78218],[-3.56594,42.78716],[-3.57647,42.78403]]]}},{"type":"Feature","properties":{"mun_code":"09095","mun_name":"Celada del Camino","mun_name_local":null,"prov_code":"09","prov_name":"Burgos","acom_code":"07","acom_name":"Castilla y León","geo_point_2d":{"lon":-3.9397688685542445,"lat":42.26796035590106}},"geometry":{"type":"Polygon","coordinates":[[[-3.96634,42.26576],[-3.95756,42.25271],[-3.95237,42.24866],[-3.94766,42.24775],[-3.94571,42.24987],[-3.94164,42.25056],[-3.93841,42.25464],[-3.92933,42.25593],[-3.92691,42.25463],[-3.92448,42.25505],[-3.91904,42.26],[-3.91249,42.26291],[-3.91478,42.26371],[-3.91229,42.26631],[-3.91457,42.26654],[-3.91583,42.2735],[-3.91317,42.28061],[-3.92375,42.28347],[-3.93015,42.28087],[-3.93944,42.2817],[-3.95505,42.28603],[-3.96078,42.28439],[-3.95776,42.27693],[-3.96088,42.27293],[-3.96088,42.27007],[-3.96675,42.26679],[-3.96634,42.26576]]]}},{"type":"Feature","properties":{"mun_code":"09134","mun_name":"Frías","mun_name_local":null,"prov_code":"09","prov_name":"Burgos","acom_code":"07","acom_name":"Castilla y León","geo_point_2d":{"lon":-3.2962032076212835,"lat":42.75381349070245}},"geometry":{"type":"Polygon","coordinates":[[[-3.35011,42.76339],[-3.34211,42.76296],[-3.33083,42.75581],[-3.32586,42.7446],[-3.3254,42.73822],[-3.32053,42.73848],[-3.28662,42.72938],[-3.27732,42.72528],[-3.27255,42.72494],[-3.2695,42.7208],[-3.26339,42.71939],[-3.25996,42.71719],[-3.25565,42.7119],[-3.25223,42.71469],[-3.25349,42.71725],[-3.2572,42.71959],[-3.26432,42.73393],[-3.27018,42.73872],[-3.26585,42.74755],[-3.26083,42.75067],[-3.2292,42.74132],[-3.22616,42.73822],[-3.23012,42.7432],[-3.24597,42.75195],[-3.25916,42.75452],[-3.26472,42.75721],[-3.27411,42.7579],[-3.27813,42.76329],[-3.28285,42.76654],[-3.27786,42.78035],[-3.28801,42.78388],[-3.29217,42.7811],[-3.30321,42.78054],[-3.30957,42.78153],[-3.3123,42.77845],[-3.32887,42.77646],[-3.33734,42.78047],[-3.33908,42.77883],[-3.33748,42.77089],[-3.34896,42.76409],[-3.35011,42.76339]]]}},{"type":"Feature","properties":{"mun_code":"09163","mun_name":"Hontoria del Pinar","mun_name_local":null,"prov_code":"09","prov_name":"Burgos","acom_code":"07","acom_name":"Castilla y León","geo_point_2d":{"lon":-3.1652998015027114,"lat":41.851909610708816}},"geometry":{"type":"Polygon","coordinates":[[[-3.24334,41.864],[-3.24681,41.85632],[-3.2426,41.84723],[-3.23439,41.84064],[-3.22447,41.8393],[-3.22435,41.8404],[-3.20679,41.8316],[-3.20182,41.83327],[-3.1945,41.82893],[-3.19822,41.81721],[-3.18859,41.80166],[-3.18168,41.79884],[-3.17894,41.79607],[-3.17409,41.79641],[-3.17135,41.79301],[-3.15822,41.79934],[-3.13872,41.81227],[-3.1362,41.81194],[-3.1366,41.81406],[-3.13409,41.81595],[-3.13694,41.8178],[-3.13532,41.81817],[-3.12729,41.83058],[-3.11359,41.84726],[-3.1126,41.85069],[-3.10766,41.85453],[-3.10086,41.85633],[-3.09716,41.86139],[-3.0968,41.86588],[-3.10116,41.87131],[-3.10123,41.87734],[-3.09716,41.88106],[-3.11017,41.88822],[-3.11837,41.88584],[-3.12167,41.89024],[-3.11923,41.89758],[-3.14663,41.91057],[-3.15156,41.90123],[-3.15131,41.89848],[-3.15478,41.89429],[-3.15229,41.88781],[-3.15321,41.88394],[-3.15604,41.88329],[-3.16173,41.88597],[-3.16627,41.88582],[-3.16738,41.88218],[-3.19604,41.87434],[-3.2012,41.86901],[-3.20569,41.87099],[-3.21018,41.8753],[-3.21961,41.87967],[-3.24334,41.864]]]}},{"type":"Feature","properties":{"mun_code":"09429","mun_name":"Villaescusa la Sombría","mun_name_local":null,"prov_code":"09","prov_name":"Burgos","acom_code":"07","acom_name":"Castilla y León","geo_point_2d":{"lon":-3.4104080432643973,"lat":42.40919744303547}},"geometry":{"type":"Polygon","coordinates":[[[-3.43773,42.40474],[-3.43119,42.40332],[-3.42897,42.39616],[-3.42359,42.38937],[-3.42525,42.38617],[-3.42425,42.38271],[-3.41973,42.3788],[-3.39551,42.37451],[-3.39033,42.37496],[-3.38936,42.37806],[-3.39211,42.38438],[-3.39168,42.39011],[-3.3937,42.39273],[-3.39776,42.3943],[-3.40194,42.38842],[-3.40549,42.39084],[-3.40311,42.39923],[-3.40477,42.40219],[-3.40351,42.41005],[-3.40443,42.41276],[-3.40721,42.41414],[-3.40953,42.42148],[-3.40519,42.42376],[-3.40609,42.42618],[-3.40446,42.42921],[-3.401,42.43147],[-3.38821,42.4337],[-3.38653,42.45003],[-3.40797,42.44348],[-3.41774,42.43876],[-3.41757,42.43337],[-3.42836,42.42598],[-3.4263,42.42445],[-3.42496,42.42499],[-3.42001,42.41975],[-3.43636,42.40594],[-3.43773,42.40474]]]}},{"type":"Feature","properties":{"mun_code":"09257","mun_name":"Pedrosa del Páramo","mun_name_local":null,"prov_code":"09","prov_name":"Burgos","acom_code":"07","acom_name":"Castilla y León","geo_point_2d":{"lon":-3.971825374083044,"lat":42.44222071719288}},"geometry":{"type":"Polygon","coordinates":[[[-3.99538,42.4403],[-3.9889,42.4361],[-3.97492,42.42254],[-3.97127,42.42124],[-3.96013,42.42647],[-3.9494,42.42915],[-3.94815,42.43079],[-3.95082,42.43491],[-3.95067,42.44093],[-3.95326,42.44348],[-3.95423,42.44949],[-3.9592,42.45025],[-3.9625,42.4525],[-3.96002,42.45952],[-3.96214,42.46121],[-3.97614,42.46099],[-3.98193,42.46295],[-3.98331,42.46226],[-3.98648,42.45975],[-3.99222,42.4447],[-3.99565,42.44319],[-3.99567,42.44189],[-3.99538,42.4403]]]}},{"type":"Feature","properties":{"mun_code":"09029","mun_name":"Atapuerca","mun_name_local":null,"prov_code":"09","prov_name":"Burgos","acom_code":"07","acom_name":"Castilla y León","geo_point_2d":{"lon":-3.5068071726058614,"lat":42.38139004251122}},"geometry":{"type":"MultiPolygon","coordinates":[[[[-3.39157,42.37422],[-3.41219,42.37696],[-3.40497,42.37263],[-3.40268,42.36906],[-3.39117,42.36064],[-3.3879,42.36738],[-3.39205,42.37095],[-3.38834,42.37006],[-3.38746,42.36844],[-3.38325,42.37065],[-3.39015,42.3736],[-3.39157,42.37422]]],[[[-3.55606,42.39584],[-3.5564,42.39082],[-3.5545,42.38679],[-3.55704,42.38715],[-3.55987,42.38506],[-3.53125,42.37826],[-3.52284,42.36258],[-3.52294,42.35716],[-3.52925,42.34992],[-3.51135,42.35221],[-3.50879,42.35047],[-3.50732,42.34598],[-3.5076,42.35112],[-3.49106,42.36317],[-3.49331,42.36561],[-3.49187,42.3684],[-3.49254,42.37207],[-3.49077,42.37422],[-3.49194,42.37568],[-3.48983,42.37953],[-3.47934,42.38093],[-3.47678,42.38484],[-3.4796,42.39101],[-3.48715,42.39655],[-3.48978,42.40368],[-3.4978,42.40165],[-3.5029,42.40601],[-3.50696,42.40691],[-3.51557,42.40371],[-3.53017,42.40196],[-3.53383,42.39896],[-3.54702,42.39957],[-3.55431,42.39693],[-3.55606,42.39584]]]]}},{"type":"Feature","properties":{"mun_code":"09179","mun_name":"Iglesiarrubia","mun_name_local":null,"prov_code":"09","prov_name":"Burgos","acom_code":"07","acom_name":"Castilla y León","geo_point_2d":{"lon":-3.8456025723235383,"lat":41.96196324300013}},"geometry":{"type":"Polygon","coordinates":[[[-3.87674,41.94763],[-3.85679,41.94427],[-3.85224,41.94485],[-3.84409,41.95505],[-3.84091,41.94038],[-3.8376,41.9394],[-3.8245,41.94319],[-3.81934,41.95149],[-3.82929,41.97559],[-3.83425,41.97771],[-3.83486,41.98046],[-3.83965,41.98305],[-3.83803,41.99285],[-3.8357,41.9935],[-3.83805,41.99361],[-3.84089,41.99885],[-3.84797,41.98422],[-3.86057,41.97452],[-3.8684,41.96122],[-3.87455,41.95539],[-3.8767,41.94843],[-3.87674,41.94763]]]}},{"type":"Feature","properties":{"mun_code":"09471","mun_name":"Villayerno Morquillas","mun_name_local":null,"prov_code":"09","prov_name":"Burgos","acom_code":"07","acom_name":"Castilla y León","geo_point_2d":{"lon":-3.64024832184288,"lat":42.39759765410749}},"geometry":{"type":"Polygon","coordinates":[[[-3.66833,42.40151],[-3.65928,42.39455],[-3.65578,42.38969],[-3.65602,42.38408],[-3.65291,42.38336],[-3.64923,42.3839],[-3.63465,42.38087],[-3.61709,42.38694],[-3.61378,42.39247],[-3.61506,42.39189],[-3.61735,42.39461],[-3.61995,42.39474],[-3.62459,42.39778],[-3.62546,42.40085],[-3.62389,42.4051],[-3.62557,42.40875],[-3.62878,42.41328],[-3.63424,42.41666],[-3.6408,42.41541],[-3.64835,42.40969],[-3.65175,42.41044],[-3.65329,42.41225],[-3.65742,42.40813],[-3.65987,42.40804],[-3.6606,42.40548],[-3.66745,42.40214],[-3.66833,42.40151]]]}},{"type":"Feature","properties":{"mun_code":"09034","mun_name":"Los Balbases","mun_name_local":null,"prov_code":"09","prov_name":"Burgos","acom_code":"07","acom_name":"Castilla y León","geo_point_2d":{"lon":-4.070939578009159,"lat":42.21828172163647}},"geometry":{"type":"Polygon","coordinates":[[[-4.13424,42.21239],[-4.13497,42.2103],[-4.1281,42.19825],[-4.12476,42.18633],[-4.12288,42.18558],[-4.12036,42.18701],[-4.11106,42.18757],[-4.10308,42.17859],[-4.08434,42.16933],[-4.08437,42.17094],[-4.07594,42.17331],[-4.07232,42.17065],[-4.06893,42.17304],[-4.06145,42.16933],[-4.06207,42.16708],[-4.05464,42.16477],[-4.04644,42.17159],[-4.03942,42.17165],[-4.04559,42.18282],[-4.03876,42.19215],[-4.03646,42.19889],[-4.03198,42.20272],[-4.03244,42.20765],[-4.02925,42.20929],[-4.02706,42.2132],[-4.02688,42.2166],[-4.03445,42.22557],[-4.0328,42.2279],[-4.04137,42.24017],[-4.02871,42.2573],[-4.02767,42.26459],[-4.03278,42.27129],[-4.03697,42.27047],[-4.04076,42.27163],[-4.05308,42.28083],[-4.05749,42.28032],[-4.07319,42.27182],[-4.08821,42.25934],[-4.08139,42.24409],[-4.08654,42.23903],[-4.08765,42.23316],[-4.11393,42.21807],[-4.13122,42.21119],[-4.13424,42.21239]]]}},{"type":"Feature","properties":{"mun_code":"09223","mun_name":"Monasterio de la Sierra","mun_name_local":null,"prov_code":"09","prov_name":"Burgos","acom_code":"07","acom_name":"Castilla y León","geo_point_2d":{"lon":-3.1860325750620344,"lat":42.052038368026544}},"geometry":{"type":"Polygon","coordinates":[[[-3.17348,42.04003],[-3.16731,42.04292],[-3.17355,42.06199],[-3.17895,42.06296],[-3.18756,42.06232],[-3.20455,42.05944],[-3.21182,42.05189],[-3.20613,42.05145],[-3.19909,42.04903],[-3.19351,42.0436],[-3.17401,42.04006],[-3.17348,42.04003]]]}},{"type":"Feature","properties":{"mun_code":"09253","mun_name":"Pardilla","mun_name_local":null,"prov_code":"09","prov_name":"Burgos","acom_code":"07","acom_name":"Castilla y León","geo_point_2d":{"lon":-3.708759345018374,"lat":41.55015339383948}},"geometry":{"type":"Polygon","coordinates":[[[-3.7283,41.51764],[-3.7175,41.52379],[-3.70689,41.52586],[-3.70692,41.53025],[-3.69937,41.53392],[-3.69155,41.53454],[-3.6814,41.55204],[-3.68157,41.55453],[-3.69038,41.55579],[-3.69213,41.5618],[-3.69457,41.56348],[-3.69265,41.56699],[-3.7011,41.56955],[-3.70841,41.57654],[-3.72071,41.57768],[-3.72627,41.56857],[-3.72483,41.56199],[-3.72754,41.55387],[-3.72148,41.54161],[-3.72725,41.52632],[-3.72848,41.51816],[-3.7283,41.51764]]]}},{"type":"Feature","properties":{"mun_code":"09056","mun_name":"Briviesca","mun_name_local":null,"prov_code":"09","prov_name":"Burgos","acom_code":"07","acom_name":"Castilla y León","geo_point_2d":{"lon":-3.3142650689321425,"lat":42.54134865201431}},"geometry":{"type":"MultiPolygon","coordinates":[[[[-3.41306,42.50543],[-3.41746,42.50713],[-3.42054,42.51048],[-3.42664,42.50558],[-3.42481,42.50199],[-3.4223,42.50148],[-3.42205,42.49843],[-3.41469,42.49698],[-3.40797,42.48146],[-3.40466,42.48049],[-3.40179,42.48128],[-3.40209,42.48412],[-3.39688,42.48566],[-3.39502,42.49043],[-3.39988,42.49236],[-3.39246,42.49697],[-3.40453,42.50133],[-3.40563,42.50364],[-3.40877,42.50301],[-3.41035,42.50455],[-3.41306,42.50543]]],[[[-3.33707,42.57244],[-3.33592,42.571],[-3.34588,42.55871],[-3.34399,42.55586],[-3.34836,42.55225],[-3.35736,42.55119],[-3.37465,42.54096],[-3.38273,42.53214],[-3.39245,42.52516],[-3.39659,42.52758],[-3.40194,42.53403],[-3.40807,42.53404],[-3.41097,42.53077],[-3.41239,42.52579],[-3.41777,42.52009],[-3.41294,42.51752],[-3.40398,42.51803],[-3.39949,42.52239],[-3.39391,42.52453],[-3.39292,42.52226],[-3.38675,42.51907],[-3.37631,42.52355],[-3.36711,42.5148],[-3.36715,42.51271],[-3.36936,42.5111],[-3.36766,42.50802],[-3.3648,42.50662],[-3.35291,42.51244],[-3.34544,42.5188],[-3.34659,42.51749],[-3.34529,42.51675],[-3.32911,42.50972],[-3.32741,42.50252],[-3.31318,42.49672],[-3.29728,42.50639],[-3.29013,42.51505],[-3.27153,42.52747],[-3.26785,42.52787],[-3.26549,42.52642],[-3.26526,42.52401],[-3.25771,42.5234],[-3.2537,42.51725],[-3.2559,42.51556],[-3.25369,42.51365],[-3.24484,42.5141],[-3.24473,42.50751],[-3.24072,42.50987],[-3.23125,42.51245],[-3.22168,42.5198],[-3.22232,42.52401],[-3.22465,42.52537],[-3.22801,42.52524],[-3.2306,42.52883],[-3.23493,42.52889],[-3.24054,42.53222],[-3.24245,42.53518],[-3.24246,42.53943],[-3.24654,42.54288],[-3.25497,42.5466],[-3.25786,42.54584],[-3.26222,42.54789],[-3.2586,42.55094],[-3.25691,42.55656],[-3.2489,42.56219],[-3.25572,42.56632],[-3.2714,42.56941],[-3.27855,42.58085],[-3.28769,42.58465],[-3.28535,42.58658],[-3.28484,42.5909],[-3.29688,42.5957],[-3.2924,42.61327],[-3.29504,42.6096],[-3.30383,42.60945],[-3.32125,42.60237],[-3.3235,42.60255],[-3.31569,42.59598],[-3.31174,42.58583],[-3.31226,42.58044],[-3.32361,42.57675],[-3.32738,42.57342],[-3.336,42.57329],[-3.33707,42.57244]]]]}},{"type":"Feature","properties":{"mun_code":"09458","mun_name":"Villariezo","mun_name_local":null,"prov_code":"09","prov_name":"Burgos","acom_code":"07","acom_name":"Castilla y León","geo_point_2d":{"lon":-3.720937828767354,"lat":42.26861284139147}},"geometry":{"type":"Polygon","coordinates":[[[-3.72869,42.28664],[-3.73656,42.27706],[-3.7406,42.27608],[-3.74221,42.27409],[-3.74296,42.27166],[-3.74124,42.26981],[-3.74411,42.26726],[-3.74103,42.26521],[-3.73336,42.26348],[-3.73023,42.24516],[-3.72225,42.2422],[-3.71725,42.24884],[-3.71667,42.25771],[-3.71818,42.26093],[-3.71252,42.26225],[-3.70598,42.26132],[-3.70017,42.26236],[-3.70537,42.26903],[-3.69892,42.27228],[-3.70082,42.27869],[-3.7032,42.2799],[-3.70107,42.28528],[-3.70844,42.28664],[-3.71881,42.28445],[-3.72744,42.28644],[-3.72869,42.28664]]]}},{"type":"Feature","properties":{"mun_code":"09138","mun_name":"Fuentelisendo","mun_name_local":null,"prov_code":"09","prov_name":"Burgos","acom_code":"07","acom_name":"Castilla y León","geo_point_2d":{"lon":-3.903499587999054,"lat":41.61997819715285}},"geometry":{"type":"Polygon","coordinates":[[[-3.92359,41.6248],[-3.92065,41.62433],[-3.91692,41.6202],[-3.9142,41.61983],[-3.91245,41.60845],[-3.89178,41.60506],[-3.88888,41.6077],[-3.88237,41.61008],[-3.88522,41.61649],[-3.88432,41.61881],[-3.88905,41.62674],[-3.90109,41.62866],[-3.90785,41.6311],[-3.91028,41.63045],[-3.91396,41.63442],[-3.92138,41.63637],[-3.92613,41.63104],[-3.92428,41.62626],[-3.92359,41.6248]]]}},{"type":"Feature","properties":{"mun_code":"09434","mun_name":"Villagonzalo Pedernales","mun_name_local":null,"prov_code":"09","prov_name":"Burgos","acom_code":"07","acom_name":"Castilla y León","geo_point_2d":{"lon":-3.7316394129852477,"lat":42.29893263505963}},"geometry":{"type":"Polygon","coordinates":[[[-3.76912,42.2999],[-3.76932,42.29432],[-3.76321,42.28981],[-3.7626,42.28633],[-3.7472,42.28818],[-3.72869,42.28664],[-3.71881,42.28445],[-3.70844,42.28664],[-3.70265,42.28534],[-3.702,42.30724],[-3.71562,42.31179],[-3.72818,42.313],[-3.73223,42.3178],[-3.74452,42.31762],[-3.74321,42.31351],[-3.74591,42.30807],[-3.7662,42.29717],[-3.76857,42.29954],[-3.76912,42.2999]]]}},{"type":"Feature","properties":{"mun_code":"09167","mun_name":"Hornillos del Camino","mun_name_local":null,"prov_code":"09","prov_name":"Burgos","acom_code":"07","acom_name":"Castilla y León","geo_point_2d":{"lon":-3.929170597672773,"lat":42.3390769039239}},"geometry":{"type":"Polygon","coordinates":[[[-3.97673,42.34314],[-3.97457,42.33898],[-3.96238,42.33655],[-3.95405,42.3319],[-3.95057,42.31679],[-3.93695,42.324],[-3.93234,42.32855],[-3.9232,42.33089],[-3.90394,42.33243],[-3.89374,42.34058],[-3.88343,42.34175],[-3.87938,42.34779],[-3.88408,42.3513],[-3.8928,42.35011],[-3.90076,42.35091],[-3.90416,42.34951],[-3.91394,42.35108],[-3.92465,42.34598],[-3.9303,42.34988],[-3.93711,42.34987],[-3.9433,42.34747],[-3.95702,42.34758],[-3.96882,42.34418],[-3.9741,42.34419],[-3.97673,42.34314]]]}},{"type":"Feature","properties":{"mun_code":"09173","mun_name":"Huerta de Arriba","mun_name_local":null,"prov_code":"09","prov_name":"Burgos","acom_code":"07","acom_name":"Castilla y León","geo_point_2d":{"lon":-3.0699492648282014,"lat":42.09703577931464}},"geometry":{"type":"Polygon","coordinates":[[[-3.11243,42.1269],[-3.11053,42.11901],[-3.10497,42.10981],[-3.10671,42.10471],[-3.10254,42.10213],[-3.08716,42.09912],[-3.08312,42.09553],[-3.08116,42.0846],[-3.08365,42.07965],[-3.07871,42.07467],[-3.07613,42.06845],[-3.07686,42.0634],[-3.08183,42.05634],[-3.07171,42.05116],[-3.06608,42.05044],[-3.04771,42.05912],[-3.04354,42.07075],[-3.03437,42.08596],[-3.05254,42.11871],[-3.06617,42.13332],[-3.07365,42.13585],[-3.10308,42.12857],[-3.11084,42.12844],[-3.11243,42.1269]]]}},{"type":"Feature","properties":{"mun_code":"09365","mun_name":"La Sequera de Haza","mun_name_local":null,"prov_code":"09","prov_name":"Burgos","acom_code":"07","acom_name":"Castilla y León","geo_point_2d":{"lon":-3.8148259810027025,"lat":41.56618681348243}},"geometry":{"type":"Polygon","coordinates":[[[-3.82777,41.58063],[-3.82853,41.57804],[-3.82556,41.57651],[-3.83139,41.57468],[-3.83312,41.57222],[-3.82531,41.56363],[-3.82948,41.56093],[-3.8295,41.55666],[-3.82703,41.55592],[-3.82724,41.55358],[-3.82502,41.55138],[-3.82222,41.55655],[-3.82082,41.55656],[-3.81757,41.55101],[-3.81532,41.55158],[-3.81375,41.54947],[-3.81071,41.54871],[-3.80403,41.55958],[-3.79413,41.56428],[-3.79502,41.56775],[-3.80365,41.57737],[-3.80496,41.57633],[-3.81228,41.57935],[-3.82144,41.57798],[-3.82524,41.58174],[-3.82783,41.58085],[-3.82777,41.58063]]]}},{"type":"Feature","properties":{"mun_code":"09032","mun_name":"Avellanosa de Muñó","mun_name_local":null,"prov_code":"09","prov_name":"Burgos","acom_code":"07","acom_name":"Castilla y León","geo_point_2d":{"lon":-3.8562684682395703,"lat":41.9901172350657}},"geometry":{"type":"MultiPolygon","coordinates":[[[[-3.80103,41.97666],[-3.80558,41.98057],[-3.80872,41.99219],[-3.83821,41.99581],[-3.83805,41.99361],[-3.8357,41.9935],[-3.83803,41.99285],[-3.83804,41.98738],[-3.84034,41.98458],[-3.83486,41.98046],[-3.83425,41.97771],[-3.82929,41.97559],[-3.82402,41.96271],[-3.82246,41.96649],[-3.81984,41.96828],[-3.80553,41.9564],[-3.79819,41.96317],[-3.79835,41.97309],[-3.80113,41.97574],[-3.80103,41.97666]]],[[[-3.87128,42.02213],[-3.8728,42.01594],[-3.87647,42.01278],[-3.89193,42.01122],[-3.90433,42.00718],[-3.9102,41.99697],[-3.89147,41.99665],[-3.88962,41.988],[-3.89394,41.97181],[-3.89106,41.9613],[-3.8924,41.95757],[-3.88594,41.95192],[-3.88081,41.95052],[-3.87674,41.94763],[-3.87455,41.95539],[-3.8684,41.96122],[-3.86057,41.97452],[-3.84797,41.98422],[-3.84089,41.99885],[-3.84216,42.00052],[-3.83271,42.00416],[-3.82741,42.01942],[-3.82963,42.02363],[-3.83409,42.02608],[-3.83736,42.02434],[-3.84671,42.02446],[-3.85544,42.02238],[-3.86983,42.02196],[-3.87128,42.02213]]]]}},{"type":"Feature","properties":{"mun_code":"09016","mun_name":"Ameyugo","mun_name_local":null,"prov_code":"09","prov_name":"Burgos","acom_code":"07","acom_name":"Castilla y León","geo_point_2d":{"lon":-3.0588654617463815,"lat":42.65643880684679}},"geometry":{"type":"Polygon","coordinates":[[[-3.08415,42.64069],[-3.06935,42.63878],[-3.04079,42.64005],[-3.03574,42.64411],[-3.04223,42.64623],[-3.03844,42.66431],[-3.03009,42.66805],[-3.0546,42.6759],[-3.07486,42.67035],[-3.07679,42.665],[-3.07857,42.66421],[-3.07876,42.65769],[-3.08374,42.65346],[-3.07923,42.65312],[-3.08117,42.64845],[-3.08051,42.64418],[-3.08223,42.64238],[-3.08415,42.64069]]]}},{"type":"Feature","properties":{"mun_code":"09339","mun_name":"San Martín de Rubiales","mun_name_local":null,"prov_code":"09","prov_name":"Burgos","acom_code":"07","acom_name":"Castilla y León","geo_point_2d":{"lon":-4.0000207895161015,"lat":41.63639516548123}},"geometry":{"type":"Polygon","coordinates":[[[-4.03217,41.61713],[-4.02871,41.6144],[-4.02261,41.61604],[-4.01779,41.62037],[-4.0117,41.61699],[-4.00593,41.61936],[-4.00312,41.6172],[-4.00389,41.61407],[-3.99686,41.61839],[-3.98388,41.62209],[-3.97161,41.62896],[-3.97484,41.63127],[-3.97453,41.63245],[-3.96409,41.63917],[-3.96048,41.6434],[-3.97443,41.65254],[-3.97317,41.65481],[-3.9929,41.6557],[-4.00111,41.65785],[-4.01179,41.65441],[-4.01314,41.65204],[-4.02488,41.64443],[-4.02895,41.64443],[-4.03036,41.63049],[-4.03488,41.62564],[-4.03528,41.62062],[-4.03273,41.61784],[-4.03217,41.61713]]]}},{"type":"Feature","properties":{"mun_code":"09353","mun_name":"Santa María Rivarredonda","mun_name_local":null,"prov_code":"09","prov_name":"Burgos","acom_code":"07","acom_name":"Castilla y León","geo_point_2d":{"lon":-3.179742872109553,"lat":42.62717567021781}},"geometry":{"type":"Polygon","coordinates":[[[-3.19608,42.61639],[-3.19426,42.61624],[-3.19601,42.61561],[-3.1956,42.6116],[-3.19042,42.60706],[-3.18579,42.60677],[-3.17665,42.60338],[-3.16765,42.60623],[-3.16477,42.60897],[-3.1623,42.60516],[-3.15842,42.60276],[-3.15938,42.59752],[-3.15411,42.60197],[-3.16154,42.60509],[-3.16443,42.60983],[-3.15664,42.62078],[-3.16367,42.62131],[-3.17038,42.63214],[-3.16909,42.63782],[-3.17138,42.64645],[-3.174,42.65038],[-3.18444,42.65641],[-3.19172,42.65493],[-3.19122,42.64478],[-3.19617,42.63003],[-3.1955,42.62397],[-3.19067,42.62399],[-3.19268,42.61788],[-3.19608,42.61639]]]}},{"type":"Feature","properties":{"mun_code":"53019","mun_name":"Soncarazo","mun_name_local":null,"prov_code":"09","prov_name":"Burgos","acom_code":"07","acom_name":"Castilla y León","geo_point_2d":{"lon":-3.3519367188847022,"lat":41.98435244478852}},"geometry":{"type":"Polygon","coordinates":[[[-3.38468,41.99435],[-3.37712,41.99097],[-3.3703,41.9905],[-3.34521,41.98354],[-3.34334,41.98235],[-3.34334,41.97997],[-3.34586,41.97712],[-3.33154,41.97582],[-3.34737,41.98623],[-3.37253,41.99238],[-3.37627,41.99152],[-3.38461,41.99483],[-3.38468,41.99435]]]}},{"type":"Feature","properties":{"mun_code":"09175","mun_name":"Humada","mun_name_local":null,"prov_code":"09","prov_name":"Burgos","acom_code":"07","acom_name":"Castilla y León","geo_point_2d":{"lon":-4.077734273982948,"lat":42.65488411100272}},"geometry":{"type":"Polygon","coordinates":[[[-4.16681,42.66658],[-4.16668,42.66446],[-4.15913,42.65935],[-4.1508,42.65951],[-4.1445,42.66193],[-4.14177,42.65798],[-4.13818,42.65731],[-4.14268,42.65303],[-4.13497,42.64713],[-4.13106,42.64607],[-4.11301,42.64794],[-4.11136,42.64553],[-4.11788,42.64429],[-4.12053,42.64187],[-4.12221,42.6423],[-4.12452,42.63446],[-4.11771,42.62689],[-4.11809,42.62472],[-4.12155,42.62186],[-4.12002,42.6203],[-4.10713,42.61923],[-4.10128,42.61695],[-4.09808,42.61384],[-4.09171,42.61644],[-4.08717,42.6233],[-4.08823,42.62944],[-4.08498,42.63133],[-4.08462,42.63433],[-4.07806,42.63135],[-4.07719,42.62865],[-4.08357,42.62344],[-4.08119,42.62084],[-4.06404,42.61454],[-4.06383,42.61661],[-4.07037,42.62054],[-4.07371,42.6251],[-4.07367,42.62723],[-4.06841,42.62689],[-4.05868,42.62016],[-4.05763,42.61621],[-4.05042,42.61064],[-4.04527,42.60911],[-4.03402,42.61217],[-4.02951,42.61745],[-4.01059,42.61988],[-4.00589,42.62445],[-4.0058,42.62668],[-4.00234,42.62566],[-4.00142,42.63408],[-3.98563,42.63519],[-3.98686,42.64329],[-3.98484,42.64581],[-3.98813,42.65367],[-3.98718,42.65467],[-4.00008,42.65865],[-3.99968,42.6606],[-4.02413,42.66835],[-4.03053,42.66945],[-4.03713,42.66886],[-4.06675,42.68208],[-4.07561,42.68534],[-4.07822,42.68511],[-4.07866,42.68786],[-4.08357,42.69104],[-4.09519,42.69173],[-4.1143,42.69814],[-4.11383,42.69577],[-4.12169,42.69499],[-4.12009,42.69679],[-4.12128,42.69818],[-4.1321,42.7],[-4.13457,42.703],[-4.14761,42.7043],[-4.15476,42.7067],[-4.15575,42.70593],[-4.15306,42.70143],[-4.15555,42.69512],[-4.1581,42.69404],[-4.15903,42.69132],[-4.1556,42.6895],[-4.1559,42.68736],[-4.15306,42.68349],[-4.1478,42.67897],[-4.14903,42.67544],[-4.15336,42.67148],[-4.16532,42.66678],[-4.16681,42.66658]]]}},{"type":"Feature","properties":{"mun_code":"09013","mun_name":"Altable","mun_name_local":null,"prov_code":"09","prov_name":"Burgos","acom_code":"07","acom_name":"Castilla y León","geo_point_2d":{"lon":-3.078723800569063,"lat":42.60070236888832}},"geometry":{"type":"Polygon","coordinates":[[[-3.09866,42.60184],[-3.09979,42.60055],[-3.09327,42.58851],[-3.08738,42.58461],[-3.0862,42.58221],[-3.07931,42.58367],[-3.06811,42.58891],[-3.05983,42.58919],[-3.06354,42.59131],[-3.06519,42.59417],[-3.06462,42.59828],[-3.0604,42.6006],[-3.06042,42.60256],[-3.06564,42.60704],[-3.07046,42.62141],[-3.07819,42.62373],[-3.08102,42.61572],[-3.09281,42.60386],[-3.09522,42.60189],[-3.09729,42.60201],[-3.09866,42.60184]]]}},{"type":"Feature","properties":{"mun_code":"09431","mun_name":"Villafranca Montes de Oca","mun_name_local":null,"prov_code":"09","prov_name":"Burgos","acom_code":"07","acom_name":"Castilla y León","geo_point_2d":{"lon":-3.312809287760714,"lat":42.374033630229604}},"geometry":{"type":"MultiPolygon","coordinates":[[[[-3.34648,42.40258],[-3.35173,42.39394],[-3.35744,42.39096],[-3.35935,42.38087],[-3.36103,42.37975],[-3.36784,42.38687],[-3.377,42.38985],[-3.3782,42.39334],[-3.379,42.38967],[-3.36986,42.37729],[-3.3676,42.367],[-3.36165,42.36613],[-3.35158,42.36697],[-3.34497,42.35916],[-3.34442,42.3548],[-3.34782,42.35023],[-3.35567,42.34636],[-3.35536,42.33754],[-3.33456,42.33306],[-3.33358,42.33857],[-3.32949,42.34365],[-3.32152,42.34651],[-3.30798,42.35421],[-3.2992,42.3509],[-3.29929,42.34532],[-3.29613,42.34534],[-3.28249,42.33312],[-3.27086,42.33434],[-3.27202,42.34053],[-3.26874,42.34088],[-3.25966,42.33371],[-3.25801,42.33391],[-3.25381,42.33893],[-3.25831,42.34384],[-3.26045,42.35521],[-3.26385,42.35799],[-3.27116,42.35933],[-3.27176,42.36191],[-3.2707,42.36802],[-3.26457,42.37448],[-3.26231,42.38215],[-3.26645,42.38379],[-3.27689,42.38074],[-3.27959,42.37856],[-3.28484,42.37844],[-3.29285,42.38463],[-3.29387,42.38864],[-3.29159,42.39202],[-3.29426,42.40264],[-3.2912,42.40632],[-3.28385,42.42646],[-3.29383,42.42356],[-3.29565,42.42046],[-3.30673,42.42079],[-3.31932,42.41868],[-3.31881,42.41526],[-3.3316,42.39618],[-3.33951,42.40073],[-3.34152,42.4042],[-3.34582,42.40296],[-3.34648,42.40258]]],[[[-3.27681,42.44167],[-3.27687,42.43751],[-3.26056,42.44327],[-3.25524,42.44282],[-3.25686,42.44525],[-3.2749,42.44176],[-3.27681,42.44167]]]]}},{"type":"Feature","properties":{"mun_code":"53037","mun_name":"Comunidad de la Aynosa","mun_name_local":null,"prov_code":"09","prov_name":"Burgos","acom_code":"07","acom_name":"Castilla y León","geo_point_2d":{"lon":-3.7548175979830374,"lat":41.878778952135086}},"geometry":{"type":"Polygon","coordinates":[[[-3.76523,41.86406],[-3.75447,41.86526],[-3.75078,41.8677],[-3.74911,41.8746],[-3.7405,41.88162],[-3.7389,41.88814],[-3.74088,41.89089],[-3.74724,41.88992],[-3.75355,41.89178],[-3.76421,41.88448],[-3.76881,41.87654],[-3.76631,41.86842],[-3.76318,41.86702],[-3.76484,41.86445],[-3.76523,41.86406]]]}},{"type":"Feature","properties":{"mun_code":"09398","mun_name":"Úrbel del Castillo","mun_name_local":null,"prov_code":"09","prov_name":"Burgos","acom_code":"07","acom_name":"Castilla y León","geo_point_2d":{"lon":-3.835375862336213,"lat":42.60862259578788}},"geometry":{"type":"Polygon","coordinates":[[[-3.89482,42.61287],[-3.8955,42.61108],[-3.90086,42.60962],[-3.87257,42.60049],[-3.85423,42.5962],[-3.85205,42.59416],[-3.8484,42.59438],[-3.83836,42.5815],[-3.83603,42.58091],[-3.83577,42.58417],[-3.8241,42.58098],[-3.81745,42.58446],[-3.80972,42.58499],[-3.80633,42.58671],[-3.80305,42.58337],[-3.79532,42.58359],[-3.79827,42.588],[-3.79476,42.59157],[-3.79669,42.59437],[-3.79476,42.5944],[-3.7901,42.60494],[-3.78728,42.60623],[-3.78613,42.60875],[-3.79137,42.61302],[-3.80722,42.61906],[-3.8095,42.62279],[-3.81884,42.62382],[-3.82369,42.62751],[-3.82797,42.6286],[-3.83209,42.63165],[-3.83015,42.63269],[-3.83076,42.63458],[-3.8516,42.6411],[-3.8556,42.6391],[-3.85718,42.63645],[-3.85956,42.62691],[-3.86708,42.62073],[-3.86587,42.61751],[-3.88525,42.61473],[-3.89482,42.61287]]]}},{"type":"Feature","properties":{"mun_code":"09315","mun_name":"Revillarruz","mun_name_local":null,"prov_code":"09","prov_name":"Burgos","acom_code":"07","acom_name":"Castilla y León","geo_point_2d":{"lon":-3.6637958316524735,"lat":42.227125439259645}},"geometry":{"type":"Polygon","coordinates":[[[-3.70629,42.2256],[-3.67439,42.2108],[-3.66673,42.20588],[-3.6588,42.20533],[-3.64515,42.21618],[-3.63197,42.22162],[-3.62902,42.22441],[-3.63809,42.23087],[-3.63684,42.23482],[-3.63871,42.23704],[-3.63635,42.23987],[-3.63146,42.24095],[-3.62931,42.24401],[-3.63306,42.24575],[-3.63376,42.24495],[-3.6369,42.24776],[-3.6416,42.24713],[-3.64317,42.24829],[-3.64757,42.24769],[-3.66435,42.24089],[-3.66674,42.24061],[-3.67047,42.24267],[-3.68044,42.2372],[-3.67974,42.23549],[-3.68398,42.23426],[-3.68605,42.23475],[-3.68905,42.23905],[-3.6937,42.23383],[-3.70067,42.23193],[-3.70419,42.22611],[-3.70629,42.2256]]]}},{"type":"Feature","properties":{"mun_code":"09127","mun_name":"Fontioso","mun_name_local":null,"prov_code":"09","prov_name":"Burgos","acom_code":"07","acom_name":"Castilla y León","geo_point_2d":{"lon":-3.74341402481955,"lat":41.927689426322544}},"geometry":{"type":"Polygon","coordinates":[[[-3.72792,41.91901],[-3.72945,41.92353],[-3.72331,41.92567],[-3.71205,41.94663],[-3.7222,41.95446],[-3.76564,41.95934],[-3.76479,41.94961],[-3.77091,41.94847],[-3.77043,41.94607],[-3.77568,41.94054],[-3.7721,41.93702],[-3.77196,41.93032],[-3.76345,41.93096],[-3.75303,41.91845],[-3.76045,41.90627],[-3.76404,41.8917],[-3.75834,41.89253],[-3.74724,41.88992],[-3.72842,41.8939],[-3.72345,41.89375],[-3.72738,41.90362],[-3.72524,41.91777],[-3.7275,41.91872],[-3.72792,41.91901]]]}},{"type":"Feature","properties":{"mun_code":"09247","mun_name":"Palacios de Riopisuerga","mun_name_local":null,"prov_code":"09","prov_name":"Burgos","acom_code":"07","acom_name":"Castilla y León","geo_point_2d":{"lon":-4.257015600209869,"lat":42.337903888199904}},"geometry":{"type":"Polygon","coordinates":[[[-4.2765,42.36506],[-4.27882,42.36584],[-4.28052,42.36379],[-4.27907,42.36123],[-4.27565,42.36035],[-4.27324,42.35753],[-4.26947,42.35713],[-4.26482,42.35251],[-4.26638,42.34721],[-4.27004,42.34327],[-4.2697,42.33923],[-4.26716,42.33808],[-4.26736,42.33562],[-4.26335,42.32862],[-4.25688,42.32454],[-4.25678,42.32285],[-4.25866,42.32249],[-4.25891,42.32466],[-4.26221,42.32568],[-4.26494,42.32365],[-4.26357,42.31989],[-4.2613,42.31977],[-4.26489,42.31846],[-4.26417,42.31291],[-4.26189,42.30969],[-4.25189,42.31],[-4.25338,42.31336],[-4.23957,42.31452],[-4.24164,42.3146],[-4.24035,42.32327],[-4.24205,42.32626],[-4.24213,42.3346],[-4.24748,42.34632],[-4.25509,42.35584],[-4.25966,42.35802],[-4.26018,42.36368],[-4.25314,42.36836],[-4.26095,42.37328],[-4.26099,42.36567],[-4.27499,42.36472],[-4.2765,42.36506]]]}},{"type":"Feature","properties":{"mun_code":"09169","mun_name":"Hortigüela","mun_name_local":null,"prov_code":"09","prov_name":"Burgos","acom_code":"07","acom_name":"Castilla y León","geo_point_2d":{"lon":-3.4538787027468163,"lat":42.06112032178456}},"geometry":{"type":"Polygon","coordinates":[[[-3.49744,42.07811],[-3.49074,42.07168],[-3.48946,42.04949],[-3.49476,42.04498],[-3.4984,42.03914],[-3.49031,42.04091],[-3.4848,42.03397],[-3.48286,42.03346],[-3.48085,42.03403],[-3.47534,42.04377],[-3.47041,42.04126],[-3.46585,42.0423],[-3.46593,42.04751],[-3.45566,42.04749],[-3.4443,42.04513],[-3.4343,42.05249],[-3.42697,42.05553],[-3.42569,42.05833],[-3.41916,42.05606],[-3.40243,42.07223],[-3.39934,42.08091],[-3.4024,42.08447],[-3.41744,42.08441],[-3.41883,42.08829],[-3.421,42.0866],[-3.42098,42.08162],[-3.41771,42.07972],[-3.42348,42.07141],[-3.43011,42.07112],[-3.43191,42.06974],[-3.45174,42.06995],[-3.45201,42.06078],[-3.47647,42.07656],[-3.48434,42.07887],[-3.49323,42.07845],[-3.49744,42.07811]]]}},{"type":"Feature","properties":{"mun_code":"09209","mun_name":"Medina de Pomar","mun_name_local":null,"prov_code":"09","prov_name":"Burgos","acom_code":"07","acom_name":"Castilla y León","geo_point_2d":{"lon":-3.3998293621516145,"lat":42.94973272051882}},"geometry":{"type":"MultiPolygon","coordinates":[[[[-3.36688,42.87594],[-3.37468,42.87915],[-3.37766,42.87871],[-3.38194,42.88451],[-3.37941,42.88919],[-3.37419,42.89323],[-3.37564,42.90045],[-3.3907,42.89738],[-3.3942,42.89803],[-3.40107,42.88978],[-3.40283,42.88998],[-3.40564,42.88728],[-3.40614,42.88099],[-3.40264,42.87606],[-3.39044,42.86756],[-3.38176,42.86669],[-3.37775,42.86889],[-3.36808,42.86799],[-3.36649,42.87483],[-3.36688,42.87594]]],[[[-3.49092,42.99025],[-3.48748,42.98655],[-3.49542,42.9791],[-3.49546,42.97547],[-3.50097,42.9736],[-3.50464,42.96736],[-3.50808,42.96747],[-3.50831,42.96041],[-3.51636,42.95796],[-3.51966,42.95485],[-3.51154,42.95106],[-3.50952,42.94582],[-3.51732,42.94065],[-3.51698,42.93759],[-3.51309,42.93685],[-3.51276,42.9356],[-3.51776,42.93291],[-3.51749,42.92494],[-3.52229,42.91592],[-3.52089,42.91392],[-3.51571,42.91308],[-3.51638,42.90853],[-3.51336,42.90626],[-3.4961,42.90304],[-3.4921,42.89763],[-3.49047,42.89108],[-3.48378,42.89111],[-3.48464,42.88168],[-3.4826,42.87897],[-3.48313,42.87447],[-3.47463,42.86858],[-3.46493,42.87309],[-3.4655,42.87897],[-3.4563,42.87807],[-3.44973,42.88048],[-3.4405,42.87093],[-3.43832,42.87239],[-3.44524,42.88153],[-3.43894,42.88892],[-3.43878,42.90201],[-3.44123,42.90254],[-3.43677,42.9063],[-3.43274,42.90726],[-3.4192,42.91469],[-3.41141,42.91513],[-3.40364,42.90858],[-3.40039,42.90295],[-3.3992,42.90371],[-3.38618,42.90247],[-3.37907,42.9035],[-3.375,42.90776],[-3.37495,42.91122],[-3.36681,42.91053],[-3.35983,42.90677],[-3.35688,42.91085],[-3.35057,42.91091],[-3.34214,42.90403],[-3.3315,42.90086],[-3.32667,42.90545],[-3.29878,42.8834],[-3.29306,42.88954],[-3.30371,42.90393],[-3.30391,42.90917],[-3.31275,42.91848],[-3.3121,42.92376],[-3.32025,42.93358],[-3.31843,42.93841],[-3.30348,42.94408],[-3.30562,42.95463],[-3.2986,42.95529],[-3.29387,42.95327],[-3.28791,42.96354],[-3.28939,42.96939],[-3.28711,42.97064],[-3.27528,42.97133],[-3.27214,42.9737],[-3.27517,42.982],[-3.26745,42.97905],[-3.267,42.98229],[-3.27165,42.98658],[-3.26756,42.98841],[-3.26828,42.99776],[-3.27705,42.99714],[-3.29074,43.00911],[-3.30065,43.01383],[-3.34073,43.01541],[-3.33853,43.01003],[-3.34164,43.00547],[-3.34606,43.00572],[-3.35465,43.00073],[-3.3582,43.0022],[-3.36126,42.9991],[-3.36629,42.99867],[-3.38323,43.00083],[-3.38216,43.00933],[-3.38334,43.00977],[-3.38805,43.0105],[-3.3914,43.00628],[-3.4051,43.00727],[-3.40673,43.01185],[-3.41285,43.00863],[-3.4073,43.01856],[-3.41191,43.02204],[-3.41238,43.02987],[-3.41531,43.02989],[-3.42172,43.02918],[-3.42192,43.02525],[-3.42805,43.01709],[-3.42294,43.01196],[-3.42099,43.01185],[-3.41644,43.00385],[-3.41882,42.99826],[-3.42677,42.99057],[-3.42877,42.99006],[-3.42888,42.99286],[-3.4333,42.99892],[-3.43962,42.99748],[-3.44152,42.99884],[-3.44693,43.00656],[-3.44141,43.01413],[-3.44542,43.01512],[-3.44852,43.01179],[-3.44956,43.00756],[-3.45955,43.00425],[-3.45678,42.99631],[-3.46339,42.99466],[-3.46431,42.99307],[-3.46669,42.994],[-3.47762,42.99344],[-3.48977,42.99034],[-3.49092,42.99025]]]]}},{"type":"Feature","properties":{"mun_code":"09334","mun_name":"Salinillas de Bureba","mun_name_local":null,"prov_code":"09","prov_name":"Burgos","acom_code":"07","acom_name":"Castilla y León","geo_point_2d":{"lon":-3.381968412844825,"lat":42.55629486814509}},"geometry":{"type":"Polygon","coordinates":[[[-3.43027,42.55692],[-3.4214,42.55769],[-3.41867,42.55518],[-3.41785,42.55078],[-3.40777,42.53909],[-3.40807,42.53404],[-3.40194,42.53403],[-3.39659,42.52758],[-3.39245,42.52516],[-3.38273,42.53214],[-3.37465,42.54096],[-3.35736,42.55119],[-3.34836,42.55225],[-3.34399,42.55586],[-3.34588,42.55871],[-3.33592,42.571],[-3.3401,42.57699],[-3.34521,42.58072],[-3.35939,42.57606],[-3.36865,42.569],[-3.36949,42.5728],[-3.37387,42.57438],[-3.37837,42.57519],[-3.3867,42.57341],[-3.39225,42.5703],[-3.39445,42.56486],[-3.39468,42.56998],[-3.39776,42.57364],[-3.40033,42.57165],[-3.40264,42.57259],[-3.40066,42.56909],[-3.40739,42.56603],[-3.42041,42.56745],[-3.42295,42.56302],[-3.42987,42.55742],[-3.43027,42.55692]]]}},{"type":"Feature","properties":{"mun_code":"09227","mun_name":"Montorio","mun_name_local":null,"prov_code":"09","prov_name":"Burgos","acom_code":"07","acom_name":"Castilla y León","geo_point_2d":{"lon":-3.7661269974020946,"lat":42.5876475530631}},"geometry":{"type":"Polygon","coordinates":[[[-3.79719,42.58353],[-3.78783,42.56824],[-3.78019,42.56248],[-3.77727,42.56095],[-3.77445,42.56353],[-3.75898,42.55636],[-3.75512,42.55151],[-3.74807,42.55552],[-3.74962,42.56716],[-3.73897,42.59218],[-3.74415,42.60323],[-3.73816,42.60695],[-3.74643,42.61606],[-3.74021,42.61976],[-3.74456,42.6234],[-3.74859,42.62364],[-3.75735,42.61032],[-3.76223,42.60945],[-3.77309,42.61254],[-3.77764,42.61108],[-3.78091,42.61231],[-3.78374,42.6115],[-3.78328,42.6082],[-3.7901,42.60494],[-3.79476,42.5944],[-3.79669,42.59437],[-3.79476,42.59157],[-3.79827,42.588],[-3.79532,42.58359],[-3.79719,42.58353]]]}},{"type":"Feature","properties":{"mun_code":"53018","mun_name":"Comunidad de Canicosa de la Sierra y Casarejos","mun_name_local":null,"prov_code":"09","prov_name":"Burgos","acom_code":"07","acom_name":"Castilla y León","geo_point_2d":{"lon":-3.0403346934361704,"lat":41.88793302191514}},"geometry":{"type":"Polygon","coordinates":[[[-3.04524,41.88948],[-3.04468,41.88732],[-3.03814,41.88577],[-3.03416,41.88906],[-3.03903,41.88885],[-3.04351,41.89055],[-3.04432,41.88966],[-3.04524,41.88948]]]}},{"type":"Feature","properties":{"mun_code":"09382","mun_name":"Tobar","mun_name_local":null,"prov_code":"09","prov_name":"Burgos","acom_code":"07","acom_name":"Castilla y León","geo_point_2d":{"lon":-3.9384647522094736,"lat":42.488170563861054}},"geometry":{"type":"Polygon","coordinates":[[[-3.95255,42.50818],[-3.95784,42.50378],[-3.95471,42.48704],[-3.95666,42.48544],[-3.95786,42.47372],[-3.95456,42.46998],[-3.94831,42.46791],[-3.94735,42.46942],[-3.94684,42.46728],[-3.94067,42.46518],[-3.93953,42.46193],[-3.93747,42.46817],[-3.92975,42.4736],[-3.91879,42.48832],[-3.91456,42.48967],[-3.91358,42.49328],[-3.90777,42.49882],[-3.93512,42.50387],[-3.95255,42.50818]]]}},{"type":"Feature","properties":{"mun_code":"09348","mun_name":"Santa Inés","mun_name_local":null,"prov_code":"09","prov_name":"Burgos","acom_code":"07","acom_name":"Castilla y León","geo_point_2d":{"lon":-3.6939862448352563,"lat":42.05422213256934}},"geometry":{"type":"Polygon","coordinates":[[[-3.72051,42.04395],[-3.71333,42.03557],[-3.71316,42.02752],[-3.70329,42.02751],[-3.70218,42.02619],[-3.69218,42.02776],[-3.68665,42.02471],[-3.68599,42.02922],[-3.69084,42.02948],[-3.69175,42.03215],[-3.68769,42.03302],[-3.68456,42.03854],[-3.68276,42.03903],[-3.68138,42.05178],[-3.67713,42.06245],[-3.67708,42.06967],[-3.67313,42.07336],[-3.67314,42.07707],[-3.65983,42.08281],[-3.67343,42.08606],[-3.6799,42.08276],[-3.69424,42.07987],[-3.69367,42.07816],[-3.69171,42.07884],[-3.69144,42.07792],[-3.69302,42.07632],[-3.69614,42.07657],[-3.69797,42.07363],[-3.69403,42.07098],[-3.69767,42.06709],[-3.70097,42.06916],[-3.70891,42.06075],[-3.71999,42.0445],[-3.72051,42.04395]]]}},{"type":"Feature","properties":{"mun_code":"09046","mun_name":"Bascuñana","mun_name_local":null,"prov_code":"09","prov_name":"Burgos","acom_code":"07","acom_name":"Castilla y León","geo_point_2d":{"lon":-3.09877741170114,"lat":42.40948421355164}},"geometry":{"type":"MultiPolygon","coordinates":[[[[-3.11405,42.42293],[-3.11281,42.42554],[-3.11558,42.42527],[-3.12029,42.42771],[-3.11589,42.42109],[-3.11738,42.42005],[-3.11701,42.41224],[-3.12641,42.40303],[-3.12668,42.40051],[-3.12454,42.39371],[-3.11762,42.39477],[-3.11058,42.38014],[-3.10809,42.38087],[-3.11039,42.39735],[-3.10287,42.41836],[-3.10865,42.4219],[-3.11453,42.42057],[-3.11467,42.42212],[-3.11405,42.42293]]],[[[-3.09004,42.42272],[-3.07818,42.41575],[-3.07892,42.40592],[-3.08265,42.39738],[-3.07518,42.39892],[-3.06961,42.40322],[-3.07157,42.41628],[-3.06866,42.42198],[-3.07051,42.42466],[-3.08118,42.43076],[-3.08451,42.43045],[-3.08726,42.42744],[-3.08619,42.42557],[-3.08958,42.42257],[-3.09004,42.42272]]]]}},{"type":"Feature","properties":{"mun_code":"53011","mun_name":"Comunidad de 09076, 09498 y 09578","mun_name_local":null,"prov_code":"09","prov_name":"Burgos","acom_code":"07","acom_name":"Castilla y León","geo_point_2d":{"lon":-3.326846321316321,"lat":42.05988950437092}},"geometry":{"type":"Polygon","coordinates":[[[-3.36375,42.07034],[-3.34525,42.04696],[-3.33861,42.04128],[-3.32109,42.03155],[-3.31915,42.0371],[-3.32113,42.04514],[-3.30663,42.05087],[-3.30667,42.05365],[-3.28081,42.06669],[-3.27541,42.07256],[-3.28651,42.07324],[-3.31102,42.0641],[-3.31081,42.06221],[-3.3218,42.05717],[-3.34078,42.068],[-3.3389,42.07121],[-3.3241,42.08233],[-3.32168,42.08936],[-3.31832,42.09316],[-3.34499,42.07717],[-3.3627,42.07052],[-3.36375,42.07034]]]}},{"type":"Feature","properties":{"mun_code":"09206","mun_name":"Mazuela","mun_name_local":null,"prov_code":"09","prov_name":"Burgos","acom_code":"07","acom_name":"Castilla y León","geo_point_2d":{"lon":-3.914872458766099,"lat":42.20975491023751}},"geometry":{"type":"Polygon","coordinates":[[[-3.93751,42.22407],[-3.93555,42.22274],[-3.93543,42.21914],[-3.93236,42.21474],[-3.93268,42.20314],[-3.93762,42.1867],[-3.93432,42.18213],[-3.92769,42.18729],[-3.92265,42.18776],[-3.90616,42.20009],[-3.90373,42.20066],[-3.90252,42.19886],[-3.89791,42.19828],[-3.89755,42.20141],[-3.88797,42.20809],[-3.88912,42.20918],[-3.88283,42.21496],[-3.89365,42.22286],[-3.90348,42.22711],[-3.91055,42.22385],[-3.91409,42.22467],[-3.92032,42.22879],[-3.9346,42.22948],[-3.93509,42.2251],[-3.93751,42.22407]]]}},{"type":"Feature","properties":{"mun_code":"09006","mun_name":"Aguas Cándidas","mun_name_local":null,"prov_code":"09","prov_name":"Burgos","acom_code":"07","acom_name":"Castilla y León","geo_point_2d":{"lon":-3.497218811696781,"lat":42.73395972960778}},"geometry":{"type":"Polygon","coordinates":[[[-3.52596,42.71533],[-3.51991,42.71577],[-3.51692,42.7124],[-3.51229,42.71084],[-3.51151,42.70664],[-3.50966,42.70609],[-3.50028,42.70496],[-3.48937,42.70794],[-3.48439,42.71926],[-3.4764,42.72698],[-3.47846,42.73278],[-3.47742,42.73898],[-3.47932,42.7414],[-3.4743,42.74342],[-3.47412,42.75083],[-3.47152,42.75426],[-3.46984,42.76165],[-3.47155,42.76295],[-3.47621,42.76449],[-3.49827,42.75554],[-3.50109,42.75382],[-3.50144,42.75127],[-3.50811,42.74928],[-3.51484,42.74469],[-3.5164,42.74476],[-3.51867,42.74867],[-3.52562,42.74393],[-3.52508,42.74092],[-3.51918,42.73268],[-3.51995,42.72869],[-3.51459,42.72685],[-3.51746,42.72174],[-3.5204,42.7219],[-3.5209,42.71706],[-3.52596,42.71533]]]}},{"type":"Feature","properties":{"mun_code":"09455","mun_name":"Villaquirán de la Puebla","mun_name_local":null,"prov_code":"09","prov_name":"Burgos","acom_code":"07","acom_name":"Castilla y León","geo_point_2d":{"lon":-4.0856554192372245,"lat":42.27972538276382}},"geometry":{"type":"Polygon","coordinates":[[[-4.08821,42.25934],[-4.07319,42.27182],[-4.05625,42.28066],[-4.05648,42.29186],[-4.05932,42.29369],[-4.0648,42.29043],[-4.06936,42.29167],[-4.07249,42.29525],[-4.07964,42.29292],[-4.08761,42.29338],[-4.09538,42.29043],[-4.09798,42.29128],[-4.10349,42.28975],[-4.11031,42.29023],[-4.11304,42.28198],[-4.11236,42.27844],[-4.10333,42.27027],[-4.09807,42.26255],[-4.09148,42.26026],[-4.08821,42.25934]]]}},{"type":"Feature","properties":{"mun_code":"09132","mun_name":"Fresno de Río Tirón","mun_name_local":null,"prov_code":"09","prov_name":"Burgos","acom_code":"07","acom_name":"Castilla y León","geo_point_2d":{"lon":-3.185868099933155,"lat":42.46406958151817}},"geometry":{"type":"Polygon","coordinates":[[[-3.18909,42.47854],[-3.19041,42.47513],[-3.20708,42.46834],[-3.20796,42.46965],[-3.21096,42.46961],[-3.21082,42.46762],[-3.21821,42.46618],[-3.21941,42.46725],[-3.22241,42.46672],[-3.22242,42.46513],[-3.2325,42.46103],[-3.2289,42.46136],[-3.22597,42.45992],[-3.22128,42.46056],[-3.20374,42.45581],[-3.19722,42.45569],[-3.18895,42.45853],[-3.16657,42.4554],[-3.15016,42.44961],[-3.14598,42.4506],[-3.15079,42.45381],[-3.1524,42.45778],[-3.15092,42.45964],[-3.15942,42.46062],[-3.15973,42.46273],[-3.16407,42.46618],[-3.16259,42.47097],[-3.16457,42.47411],[-3.17567,42.47654],[-3.18095,42.47451],[-3.18592,42.47598],[-3.18756,42.47805],[-3.18909,42.47854]]]}},{"type":"Feature","properties":{"mun_code":"09194","mun_name":"Lerma","mun_name_local":null,"prov_code":"09","prov_name":"Burgos","acom_code":"07","acom_name":"Castilla y León","geo_point_2d":{"lon":-3.7644438936605713,"lat":41.98677069578465}},"geometry":{"type":"Polygon","coordinates":[[[-3.88884,41.89067],[-3.88709,41.88859],[-3.87739,41.88652],[-3.86236,41.89015],[-3.86075,41.89402],[-3.84704,41.90182],[-3.83937,41.90416],[-3.82767,41.92419],[-3.7933,41.92467],[-3.77869,41.92962],[-3.77242,41.92859],[-3.76513,41.93093],[-3.77196,41.93032],[-3.7721,41.93702],[-3.77568,41.94054],[-3.77043,41.94607],[-3.77091,41.94847],[-3.76479,41.94961],[-3.76564,41.95934],[-3.7222,41.95446],[-3.71205,41.94663],[-3.72331,41.92567],[-3.72945,41.92353],[-3.72792,41.91901],[-3.70393,41.92895],[-3.70009,41.9313],[-3.69749,41.93928],[-3.69852,41.94803],[-3.69274,41.95579],[-3.68638,41.95704],[-3.68019,41.96136],[-3.67979,41.97021],[-3.67391,41.97518],[-3.66857,41.97555],[-3.66775,41.97416],[-3.66502,41.9757],[-3.66359,41.98078],[-3.66247,41.98044],[-3.66283,41.98161],[-3.65785,41.98572],[-3.65698,41.99425],[-3.65437,41.99516],[-3.64365,42.00943],[-3.64823,42.0196],[-3.6432,42.02803],[-3.65657,42.03242],[-3.6674,42.0287],[-3.67403,42.02838],[-3.67992,42.0242],[-3.68418,42.02396],[-3.69218,42.02776],[-3.70218,42.02619],[-3.70329,42.02751],[-3.71316,42.02752],[-3.71333,42.03557],[-3.72051,42.04395],[-3.72513,42.04069],[-3.73411,42.03778],[-3.74765,42.03909],[-3.74898,42.03798],[-3.75644,42.04136],[-3.7619,42.04485],[-3.7637,42.05169],[-3.76353,42.06297],[-3.75658,42.07731],[-3.7626,42.08437],[-3.77606,42.08446],[-3.78545,42.08208],[-3.78938,42.0823],[-3.80041,42.08536],[-3.81692,42.08762],[-3.82847,42.0814],[-3.83701,42.08082],[-3.83979,42.07644],[-3.83553,42.07299],[-3.82886,42.07026],[-3.78877,42.07897],[-3.77787,42.07911],[-3.78297,42.06396],[-3.78147,42.06173],[-3.78395,42.05777],[-3.78313,42.05639],[-3.78937,42.04985],[-3.78648,42.04779],[-3.78747,42.04464],[-3.78474,42.04181],[-3.78735,42.03985],[-3.80286,42.04048],[-3.81144,42.045],[-3.81561,42.04211],[-3.82532,42.04504],[-3.8292,42.04054],[-3.82961,42.03707],[-3.8329,42.03706],[-3.83398,42.03929],[-3.84065,42.03704],[-3.84125,42.03623],[-3.837,42.03519],[-3.83452,42.02655],[-3.82963,42.02363],[-3.82756,42.02054],[-3.83177,42.00926],[-3.81373,42.00815],[-3.80543,42.00545],[-3.79661,42.00783],[-3.78972,42.00342],[-3.77385,42.003],[-3.75575,42.00614],[-3.7496,42.00321],[-3.74569,41.99483],[-3.74826,41.99358],[-3.75276,41.97746],[-3.7695,41.97485],[-3.77697,41.97563],[-3.77451,41.97992],[-3.77695,41.98167],[-3.77294,41.98482],[-3.77464,41.98719],[-3.76833,41.9918],[-3.77082,41.99344],[-3.7652,41.99561],[-3.76227,42.00045],[-3.76472,41.99966],[-3.76733,42.00314],[-3.76934,42.00358],[-3.77275,42.00224],[-3.77601,42.003],[-3.78057,41.99948],[-3.7909,41.99555],[-3.79494,41.98989],[-3.79393,41.98559],[-3.7951,41.9832],[-3.80103,41.97666],[-3.79835,41.97309],[-3.79819,41.96317],[-3.80553,41.9564],[-3.81984,41.96828],[-3.82246,41.96649],[-3.82396,41.96226],[-3.81934,41.95149],[-3.8245,41.94319],[-3.8376,41.9394],[-3.84091,41.94038],[-3.84409,41.95505],[-3.85224,41.94485],[-3.85679,41.94427],[-3.87674,41.94763],[-3.87948,41.94289],[-3.88402,41.93908],[-3.87842,41.92596],[-3.88195,41.92221],[-3.87942,41.91984],[-3.88843,41.90009],[-3.88737,41.89341],[-3.88871,41.89096],[-3.88884,41.89067]]]}},{"type":"Feature","properties":{"mun_code":"09131","mun_name":"Fresnillo de las Dueñas","mun_name_local":null,"prov_code":"09","prov_name":"Burgos","acom_code":"07","acom_name":"Castilla y León","geo_point_2d":{"lon":-3.6334034599326275,"lat":41.63879861144403}},"geometry":{"type":"Polygon","coordinates":[[[-3.66448,41.64666],[-3.66593,41.64055],[-3.66365,41.63521],[-3.65249,41.62546],[-3.63694,41.62463],[-3.63608,41.62299],[-3.62474,41.62372],[-3.6261,41.62631],[-3.61433,41.62608],[-3.61068,41.62464],[-3.60658,41.63286],[-3.60381,41.64984],[-3.60862,41.65253],[-3.61303,41.65238],[-3.61877,41.65499],[-3.62389,41.65373],[-3.63193,41.65416],[-3.63344,41.65301],[-3.63335,41.64936],[-3.65055,41.64862],[-3.6641,41.65045],[-3.66458,41.64729],[-3.66448,41.64666]]]}},{"type":"Feature","properties":{"mun_code":"09019","mun_name":"Arandilla","mun_name_local":null,"prov_code":"09","prov_name":"Burgos","acom_code":"07","acom_name":"Castilla y León","geo_point_2d":{"lon":-3.4271390170428533,"lat":41.73223662123857}},"geometry":{"type":"Polygon","coordinates":[[[-3.46093,41.74316],[-3.46376,41.73316],[-3.44735,41.72343],[-3.43863,41.72049],[-3.42947,41.70262],[-3.42148,41.69599],[-3.40979,41.69803],[-3.40599,41.706],[-3.39416,41.71489],[-3.39202,41.72894],[-3.3895,41.73334],[-3.39216,41.7371],[-3.41289,41.74421],[-3.41497,41.75077],[-3.41985,41.75527],[-3.45325,41.76649],[-3.46299,41.75944],[-3.46223,41.75735],[-3.45418,41.75381],[-3.45648,41.74735],[-3.46093,41.74316]]]}},{"type":"Feature","properties":{"mun_code":"09057","mun_name":"Bugedo","mun_name_local":null,"prov_code":"09","prov_name":"Burgos","acom_code":"07","acom_name":"Castilla y León","geo_point_2d":{"lon":-3.0225430821468477,"lat":42.65388007688708}},"geometry":{"type":"Polygon","coordinates":[[[-3.04079,42.64005],[-3.03404,42.63804],[-3.02943,42.63821],[-3.01801,42.63218],[-3.01631,42.63353],[-3.01717,42.63478],[-3.01477,42.64018],[-3.01073,42.64165],[-3.00872,42.64085],[-3.00401,42.64565],[-3.00394,42.65173],[-3.00637,42.65279],[-3.00526,42.65722],[-3.00808,42.66048],[-3.00842,42.66877],[-3.00969,42.67086],[-3.01375,42.67125],[-3.02149,42.67791],[-3.02442,42.67482],[-3.02647,42.66781],[-3.03009,42.66805],[-3.03844,42.66431],[-3.04223,42.64623],[-3.03574,42.64411],[-3.03625,42.64267],[-3.03887,42.64239],[-3.04079,42.64005]]]}},{"type":"Feature","properties":{"mun_code":"09083","mun_name":"Castil de Peones","mun_name_local":null,"prov_code":"09","prov_name":"Burgos","acom_code":"07","acom_name":"Castilla y León","geo_point_2d":{"lon":-3.385200171343624,"lat":42.47033259027443}},"geometry":{"type":"Polygon","coordinates":[[[-3.40413,42.44391],[-3.38653,42.45003],[-3.38327,42.44516],[-3.37859,42.44509],[-3.37067,42.44862],[-3.36887,42.45353],[-3.36672,42.45378],[-3.36728,42.45536],[-3.36257,42.45767],[-3.36753,42.46296],[-3.3726,42.47286],[-3.37421,42.48122],[-3.36899,42.49048],[-3.36365,42.49456],[-3.36807,42.49247],[-3.37332,42.49814],[-3.37941,42.49442],[-3.38817,42.49758],[-3.39151,42.49735],[-3.39988,42.49236],[-3.39502,42.49043],[-3.39688,42.48566],[-3.40209,42.48412],[-3.40179,42.48128],[-3.40395,42.48108],[-3.39937,42.46238],[-3.40401,42.44873],[-3.40356,42.44472],[-3.40413,42.44391]]]}},{"type":"Feature","properties":{"mun_code":"09283","mun_name":"Quintanaélez","mun_name_local":null,"prov_code":"09","prov_name":"Burgos","acom_code":"07","acom_name":"Castilla y León","geo_point_2d":{"lon":-3.2976005788708505,"lat":42.67481712201197}},"geometry":{"type":"Polygon","coordinates":[[[-3.32548,42.67039],[-3.32203,42.67046],[-3.31545,42.66325],[-3.31399,42.6632],[-3.31118,42.65703],[-3.31593,42.65704],[-3.31824,42.6538],[-3.32205,42.65272],[-3.32535,42.64191],[-3.32032,42.64234],[-3.3134,42.64842],[-3.30443,42.65145],[-3.29873,42.64984],[-3.29762,42.64776],[-3.29507,42.64863],[-3.29392,42.65455],[-3.29119,42.65548],[-3.28925,42.66061],[-3.28727,42.6606],[-3.28795,42.66459],[-3.27104,42.66405],[-3.26804,42.67018],[-3.27069,42.68438],[-3.26749,42.68995],[-3.28101,42.6908],[-3.29507,42.69389],[-3.29396,42.6968],[-3.30023,42.6978],[-3.30743,42.70228],[-3.31458,42.7025],[-3.32126,42.70059],[-3.32241,42.69755],[-3.3185,42.69627],[-3.32033,42.69288],[-3.31003,42.69043],[-3.31425,42.68488],[-3.31448,42.67641],[-3.31627,42.67246],[-3.32202,42.67083],[-3.32548,42.67039]]]}},{"type":"Feature","properties":{"mun_code":"09289","mun_name":"Quintanar de la Sierra","mun_name_local":null,"prov_code":"09","prov_name":"Burgos","acom_code":"07","acom_name":"Castilla y León","geo_point_2d":{"lon":-3.018504486657465,"lat":42.003758056826754}},"geometry":{"type":"Polygon","coordinates":[[[-3.06547,41.97648],[-3.05977,41.96852],[-3.06004,41.96631],[-3.0549,41.96379],[-3.05555,41.96005],[-3.04687,41.95708],[-3.0381,41.95598],[-3.02763,41.95715],[-3.02379,41.9601],[-3.02139,41.96926],[-3.01083,41.9753],[-2.99819,41.9682],[-2.97264,41.99564],[-2.95578,42.0196],[-2.95967,42.02198],[-2.96159,42.0255],[-2.97247,42.03099],[-2.97684,42.03176],[-2.98292,42.03046],[-2.98819,42.03191],[-2.99363,42.03516],[-2.99754,42.0423],[-3.01344,42.04337],[-3.02714,42.04749],[-3.0406,42.03997],[-3.05035,42.04084],[-3.0547,42.0393],[-3.05411,42.03609],[-3.05858,42.02418],[-3.05652,42.01489],[-3.05768,42.01179],[-3.06515,42.00382],[-3.06104,41.98601],[-3.06286,41.97877],[-3.0653,41.97685],[-3.06547,41.97648]]]}},{"type":"Feature","properties":{"mun_code":"09279","mun_name":"Quemada","mun_name_local":null,"prov_code":"09","prov_name":"Burgos","acom_code":"07","acom_name":"Castilla y León","geo_point_2d":{"lon":-3.580322148729418,"lat":41.707115264469685}},"geometry":{"type":"Polygon","coordinates":[[[-3.58943,41.73617],[-3.58415,41.72877],[-3.58476,41.71773],[-3.60099,41.71348],[-3.60608,41.70279],[-3.6089,41.70161],[-3.61408,41.70617],[-3.61163,41.69582],[-3.60924,41.68886],[-3.59994,41.68771],[-3.59335,41.6792],[-3.57784,41.67245],[-3.57365,41.67229],[-3.56701,41.68148],[-3.57134,41.69651],[-3.56738,41.70111],[-3.56451,41.70123],[-3.56256,41.70828],[-3.54921,41.71743],[-3.56103,41.73777],[-3.56853,41.74084],[-3.57489,41.74183],[-3.58476,41.73834],[-3.58943,41.73617]]]}},{"type":"Feature","properties":{"mun_code":"09380","mun_name":"Terradillos de Esgueva","mun_name_local":null,"prov_code":"09","prov_name":"Burgos","acom_code":"07","acom_name":"Castilla y León","geo_point_2d":{"lon":-3.8508792758576273,"lat":41.80332198545115}},"geometry":{"type":"Polygon","coordinates":[[[-3.87514,41.77667],[-3.85859,41.77664],[-3.85265,41.78493],[-3.84935,41.78377],[-3.84406,41.78504],[-3.83369,41.79639],[-3.82879,41.7967],[-3.82202,41.79961],[-3.82143,41.80129],[-3.8452,41.82809],[-3.85598,41.83318],[-3.86505,41.83431],[-3.86661,41.8357],[-3.86766,41.83526],[-3.86388,41.83141],[-3.86047,41.82406],[-3.85921,41.82416],[-3.86197,41.81934],[-3.86036,41.81628],[-3.86342,41.80694],[-3.86261,41.79607],[-3.86597,41.78361],[-3.87098,41.78402],[-3.87605,41.7896],[-3.86944,41.79664],[-3.86963,41.80031],[-3.88146,41.78725],[-3.87558,41.7769],[-3.87514,41.77667]]]}},{"type":"Feature","properties":{"mun_code":"09003","mun_name":"Adrada de Haza","mun_name_local":null,"prov_code":"09","prov_name":"Burgos","acom_code":"07","acom_name":"Castilla y León","geo_point_2d":{"lon":-3.818124665771916,"lat":41.59811803608894}},"geometry":{"type":"Polygon","coordinates":[[[-3.84187,41.59472],[-3.84188,41.59003],[-3.84678,41.58942],[-3.84867,41.58648],[-3.84586,41.58501],[-3.8452,41.58632],[-3.84427,41.58512],[-3.84177,41.5852],[-3.83202,41.5799],[-3.82777,41.58063],[-3.81049,41.58733],[-3.81123,41.59088],[-3.79958,41.59296],[-3.79976,41.5965],[-3.7942,41.60364],[-3.78671,41.60758],[-3.79749,41.61355],[-3.80839,41.61289],[-3.80884,41.61598],[-3.81395,41.6154],[-3.82339,41.60926],[-3.82291,41.60702],[-3.8275,41.60782],[-3.83297,41.60438],[-3.8339,41.60097],[-3.83917,41.59745],[-3.84187,41.59472]]]}},{"type":"Feature","properties":{"mun_code":"09063","mun_name":"Cavia","mun_name_local":null,"prov_code":"09","prov_name":"Burgos","acom_code":"07","acom_name":"Castilla y León","geo_point_2d":{"lon":-3.8446762348225936,"lat":42.282212638825506}},"geometry":{"type":"Polygon","coordinates":[[[-3.86527,42.29517],[-3.86818,42.29135],[-3.87767,42.28481],[-3.87328,42.28044],[-3.86652,42.28043],[-3.86928,42.27615],[-3.86521,42.27154],[-3.86193,42.2709],[-3.86059,42.26918],[-3.85794,42.26931],[-3.85971,42.26541],[-3.85763,42.26488],[-3.85713,42.26323],[-3.84013,42.26485],[-3.83628,42.26414],[-3.83172,42.26707],[-3.83204,42.2721],[-3.82811,42.27893],[-3.80786,42.28619],[-3.81727,42.29645],[-3.82506,42.29633],[-3.82857,42.29486],[-3.84168,42.29547],[-3.84678,42.29374],[-3.85121,42.2972],[-3.8632,42.29431],[-3.86527,42.29517]]]}},{"type":"Feature","properties":{"mun_code":"09338","mun_name":"San Mamés de Burgos","mun_name_local":null,"prov_code":"09","prov_name":"Burgos","acom_code":"07","acom_name":"Castilla y León","geo_point_2d":{"lon":-3.798408767144928,"lat":42.33157233671681}},"geometry":{"type":"Polygon","coordinates":[[[-3.81981,42.32925],[-3.81548,42.32556],[-3.81203,42.32376],[-3.80936,42.32451],[-3.80604,42.32148],[-3.80065,42.32182],[-3.79942,42.32301],[-3.79548,42.32035],[-3.7916,42.32272],[-3.79152,42.32413],[-3.78417,42.32253],[-3.78135,42.32646],[-3.78406,42.33477],[-3.78816,42.34027],[-3.78995,42.34248],[-3.79645,42.3452],[-3.7996,42.34406],[-3.79985,42.34182],[-3.80245,42.34035],[-3.8014,42.34247],[-3.80485,42.34118],[-3.81434,42.33278],[-3.81552,42.32941],[-3.81954,42.32961],[-3.81981,42.32925]]]}},{"type":"Feature","properties":{"mun_code":"09061","mun_name":"Cabañes de Esgueva","mun_name_local":null,"prov_code":"09","prov_name":"Burgos","acom_code":"07","acom_name":"Castilla y León","geo_point_2d":{"lon":-3.79473110872004,"lat":41.83560732380815}},"geometry":{"type":"Polygon","coordinates":[[[-3.82095,41.8631],[-3.82358,41.85445],[-3.82283,41.84988],[-3.82495,41.84857],[-3.82316,41.83907],[-3.82091,41.83161],[-3.81417,41.82609],[-3.81224,41.81728],[-3.80911,41.81259],[-3.80959,41.80874],[-3.80119,41.80398],[-3.79577,41.80294],[-3.769,41.80272],[-3.77323,41.86371],[-3.77674,41.86559],[-3.7862,41.86602],[-3.79615,41.86403],[-3.802,41.86641],[-3.80365,41.86325],[-3.81655,41.86494],[-3.82066,41.86419],[-3.82095,41.8631]]]}},{"type":"Feature","properties":{"mun_code":"09298","mun_name":"Quintanilla San García","mun_name_local":null,"prov_code":"09","prov_name":"Burgos","acom_code":"07","acom_name":"Castilla y León","geo_point_2d":{"lon":-3.192346303299114,"lat":42.551496356923174}},"geometry":{"type":"Polygon","coordinates":[[[-3.2489,42.56219],[-3.25691,42.55656],[-3.2586,42.55094],[-3.26222,42.54789],[-3.25786,42.54584],[-3.25497,42.5466],[-3.24654,42.54288],[-3.24246,42.53943],[-3.24224,42.53455],[-3.23779,42.5299],[-3.2306,42.52883],[-3.22801,42.52524],[-3.22465,42.52537],[-3.22232,42.52401],[-3.22168,42.5198],[-3.23125,42.51245],[-3.22744,42.51149],[-3.22122,42.51105],[-3.21873,42.51614],[-3.21289,42.51783],[-3.20825,42.51683],[-3.19123,42.52542],[-3.18337,42.52589],[-3.17684,42.52986],[-3.1683,42.53266],[-3.16263,42.53234],[-3.15766,42.53609],[-3.14164,42.53897],[-3.13427,42.54205],[-3.13511,42.54854],[-3.14154,42.55884],[-3.15332,42.57096],[-3.15343,42.57354],[-3.15685,42.57498],[-3.15839,42.57979],[-3.15789,42.59608],[-3.15938,42.59752],[-3.15991,42.59624],[-3.16916,42.59235],[-3.17304,42.58639],[-3.18579,42.58355],[-3.18599,42.58197],[-3.18805,42.58128],[-3.21024,42.57767],[-3.21022,42.56699],[-3.22979,42.55148],[-3.24824,42.56181],[-3.2489,42.56219]]]}},{"type":"Feature","properties":{"mun_code":"09241","mun_name":"Orbaneja Riopico","mun_name_local":null,"prov_code":"09","prov_name":"Burgos","acom_code":"07","acom_name":"Castilla y León","geo_point_2d":{"lon":-3.5797173486445732,"lat":42.35872003301886}},"geometry":{"type":"Polygon","coordinates":[[[-3.59364,42.34862],[-3.58913,42.34468],[-3.58613,42.34669],[-3.57835,42.34744],[-3.57732,42.34542],[-3.56058,42.34252],[-3.56051,42.34394],[-3.55536,42.34634],[-3.56053,42.34875],[-3.56416,42.35719],[-3.55942,42.36606],[-3.56159,42.36926],[-3.57126,42.37431],[-3.57691,42.37059],[-3.57802,42.37224],[-3.58305,42.37331],[-3.59842,42.36975],[-3.59922,42.36262],[-3.60682,42.35688],[-3.60606,42.35515],[-3.60373,42.35568],[-3.59975,42.35269],[-3.59195,42.35105],[-3.59364,42.34862]]]}},{"type":"Feature","properties":{"mun_code":"09327","mun_name":"Rublacedo de Abajo","mun_name_local":null,"prov_code":"09","prov_name":"Burgos","acom_code":"07","acom_name":"Castilla y León","geo_point_2d":{"lon":-3.504663368470154,"lat":42.53699976012399}},"geometry":{"type":"Polygon","coordinates":[[[-3.53709,42.5428],[-3.53616,42.53505],[-3.53854,42.53096],[-3.53838,42.52776],[-3.54481,42.51901],[-3.53577,42.51607],[-3.53086,42.50648],[-3.53079,42.50286],[-3.52769,42.49963],[-3.52737,42.49043],[-3.52522,42.48989],[-3.51818,42.4934],[-3.47424,42.52472],[-3.46248,42.53137],[-3.46439,42.5314],[-3.45729,42.53931],[-3.45957,42.54282],[-3.45739,42.54525],[-3.46188,42.54773],[-3.46685,42.5482],[-3.47131,42.5572],[-3.47494,42.55946],[-3.47295,42.56208],[-3.47681,42.56829],[-3.48262,42.56984],[-3.48728,42.56878],[-3.49235,42.57019],[-3.50742,42.56827],[-3.52368,42.57669],[-3.52405,42.56792],[-3.52698,42.56679],[-3.52966,42.56318],[-3.53391,42.56347],[-3.5335,42.55902],[-3.53661,42.55683],[-3.53557,42.55463],[-3.53768,42.54783],[-3.53709,42.5428]]]}}]}