{"type":"FeatureCollection","features":[{"type":"Feature","properties":{"mun_code":"12033","mun_name":"Cabanes","mun_name_local":null,"prov_code":"12","prov_name":"Castelló","acom_code":"10","acom_name":"Comunitat Valenciana","geo_point_2d":{"lon":0.09376226024740139,"lat":40.1443574138479}},"geometry":{"type":"Polygon","coordinates":[[[0.01701,40.14257],[0.0146,40.13428],[0.01856,40.12584],[0.01892,40.11865],[0.0228,40.11825],[0.02427,40.10572],[0.03192,40.09007],[0.03502,40.08647],[0.0499,40.07599],[0.05373,40.07602],[0.06372,40.08162],[0.07972,40.08369],[0.0822,40.08257],[0.09657,40.08949],[0.10559,40.09021],[0.10594,40.0959],[0.11236,40.10069],[0.12058,40.11052],[0.11681,40.11181],[0.11643,40.115],[0.12354,40.12434],[0.13387,40.12843],[0.16114,40.12393],[0.18295,40.16113],[0.20105,40.18079],[0.15642,40.20528],[0.15064,40.19717],[0.14305,40.19459],[0.13439,40.18772],[0.12969,40.18649],[0.12304,40.18195],[0.11803,40.18092],[0.10705,40.18541],[0.08816,40.18251],[0.07304,40.18625],[0.04942,40.18645],[0.02522,40.18357],[0.01459,40.16552],[0.01854,40.14289],[0.01701,40.14257]]]}},{"type":"Feature","properties":{"mun_code":"12117","mun_name":"Torreblanca","mun_name_local":null,"prov_code":"12","prov_name":"Castelló","acom_code":"10","acom_name":"Comunitat Valenciana","geo_point_2d":{"lon":0.20149516698167166,"lat":40.20982733271223}},"geometry":{"type":"Polygon","coordinates":[[[0.15642,40.20528],[0.20105,40.18079],[0.20472,40.18312],[0.20999,40.18414],[0.22008,40.19135],[0.22204,40.19063],[0.22248,40.19255],[0.22529,40.19282],[0.2254,40.19467],[0.2278,40.19474],[0.23103,40.19804],[0.25549,40.20347],[0.25341,40.20886],[0.23016,40.22343],[0.20631,40.23417],[0.19631,40.23567],[0.17894,40.23151],[0.17058,40.22164],[0.16571,40.21969],[0.15797,40.22114],[0.15476,40.21611],[0.15642,40.20528]]]}},{"type":"Feature","properties":{"mun_code":"12039","mun_name":"Castellnovo","mun_name_local":null,"prov_code":"12","prov_name":"Castelló","acom_code":"10","acom_name":"Comunitat Valenciana","geo_point_2d":{"lon":-0.44857129887035513,"lat":39.85442235436282}},"geometry":{"type":"Polygon","coordinates":[[[-0.47729,39.87872],[-0.47984,39.8766],[-0.47749,39.87445],[-0.47965,39.87332],[-0.48012,39.87083],[-0.47669,39.86923],[-0.47724,39.86564],[-0.47288,39.8624],[-0.4725,39.85608],[-0.4707,39.85639],[-0.46519,39.84671],[-0.4624,39.84531],[-0.46081,39.84163],[-0.46441,39.83938],[-0.46297,39.83722],[-0.46102,39.83576],[-0.45695,39.83538],[-0.45427,39.83589],[-0.45208,39.83818],[-0.44578,39.83953],[-0.44239,39.83186],[-0.44625,39.82545],[-0.44015,39.82497],[-0.43778,39.82038],[-0.42851,39.82177],[-0.42577,39.82112],[-0.42877,39.82982],[-0.4195,39.83846],[-0.42396,39.84923],[-0.42882,39.8566],[-0.43436,39.86123],[-0.43443,39.87026],[-0.44195,39.87657],[-0.44417,39.88102],[-0.45384,39.88068],[-0.45977,39.87907],[-0.47631,39.87909],[-0.47729,39.87872]]]}},{"type":"Feature","properties":{"mun_code":"12123","mun_name":"Vallat","mun_name_local":null,"prov_code":"12","prov_name":"Castelló","acom_code":"10","acom_name":"Comunitat Valenciana","geo_point_2d":{"lon":-0.33378285391084384,"lat":40.03696406538292}},"geometry":{"type":"Polygon","coordinates":[[[-0.34561,40.03831],[-0.34326,40.03186],[-0.34515,40.02744],[-0.3436,40.02161],[-0.33656,40.02223],[-0.32418,40.02981],[-0.3223,40.04594],[-0.3281,40.05372],[-0.34181,40.0462],[-0.3437,40.03986],[-0.34561,40.03831]]]}},{"type":"Feature","properties":{"mun_code":"12043","mun_name":"Caudiel","mun_name_local":null,"prov_code":"12","prov_name":"Castelló","acom_code":"10","acom_name":"Comunitat Valenciana","geo_point_2d":{"lon":-0.5721026082672789,"lat":39.987070471216896}},"geometry":{"type":"Polygon","coordinates":[[[-0.67968,40.04571],[-0.66823,40.04177],[-0.66132,40.04433],[-0.6563,40.04451],[-0.65238,40.04283],[-0.64975,40.03844],[-0.64015,40.03487],[-0.63656,40.03563],[-0.63277,40.03493],[-0.63002,40.03242],[-0.61742,40.03207],[-0.6212,40.0218],[-0.61766,40.02049],[-0.61641,40.01749],[-0.6031,40.00867],[-0.59733,39.99962],[-0.59846,39.98932],[-0.60179,39.98459],[-0.5952,39.97571],[-0.5958,39.97291],[-0.59828,39.97221],[-0.60228,39.96655],[-0.60057,39.95785],[-0.58804,39.9531],[-0.5852,39.94829],[-0.57887,39.94637],[-0.57727,39.94306],[-0.56399,39.93539],[-0.56364,39.93325],[-0.56106,39.9316],[-0.55606,39.93331],[-0.55344,39.93288],[-0.5371,39.94457],[-0.51978,39.95107],[-0.5125,39.96354],[-0.50971,39.96585],[-0.51846,39.9708],[-0.5187,39.97812],[-0.52612,39.98464],[-0.5334,40.00051],[-0.52643,40.00943],[-0.53674,40.01273],[-0.54772,40.01128],[-0.55512,40.01278],[-0.58138,40.01373],[-0.58127,40.02082],[-0.58527,40.0244],[-0.59897,40.02624],[-0.60972,40.03785],[-0.61324,40.03737],[-0.6184,40.04521],[-0.62052,40.04585],[-0.63085,40.04804],[-0.66419,40.05115],[-0.67947,40.04594],[-0.67968,40.04571]]]}},{"type":"Feature","properties":{"mun_code":"12028","mun_name":"Benicàssim","mun_name_local":"Benicasim","prov_code":"12","prov_name":"Castelló","acom_code":"10","acom_name":"Comunitat Valenciana","geo_point_2d":{"lon":0.04218908849711373,"lat":40.056455654862084}},"geometry":{"type":"Polygon","coordinates":[[[-0.00284,40.06449],[0.00933,40.04399],[0.01574,40.02538],[0.03925,40.01534],[0.04216,40.01657],[0.041,40.01778],[0.04306,40.02209],[0.04458,40.02193],[0.04342,40.02352],[0.04501,40.02685],[0.04652,40.02663],[0.04597,40.02965],[0.05115,40.03659],[0.05264,40.03615],[0.05415,40.03849],[0.05532,40.03753],[0.05749,40.04014],[0.05868,40.0393],[0.0597,40.04145],[0.06233,40.04121],[0.06201,40.04292],[0.06431,40.04306],[0.06548,40.04557],[0.06746,40.04501],[0.06894,40.04646],[0.07281,40.04678],[0.07162,40.04755],[0.07325,40.04945],[0.07487,40.05046],[0.07619,40.04955],[0.07519,40.05038],[0.07634,40.0516],[0.07838,40.05141],[0.07753,40.05246],[0.08006,40.0541],[0.0815,40.05316],[0.08058,40.05417],[0.08205,40.05525],[0.08395,40.05448],[0.08298,40.05549],[0.085,40.05681],[0.09035,40.05571],[0.08743,40.06301],[0.0892,40.06818],[0.09341,40.07139],[0.09434,40.07388],[0.08911,40.07499],[0.08581,40.0792],[0.08567,40.0834],[0.06372,40.08162],[0.05373,40.07602],[0.0499,40.07599],[0.03502,40.08647],[0.00268,40.07034],[-0.00213,40.06589],[-0.00284,40.06449]]]}},{"type":"Feature","properties":{"mun_code":"12038","mun_name":"Castellfort","mun_name_local":null,"prov_code":"12","prov_name":"Castelló","acom_code":"10","acom_name":"Comunitat Valenciana","geo_point_2d":{"lon":-0.1994417841623568,"lat":40.5061841887955}},"geometry":{"type":"Polygon","coordinates":[[[-0.25405,40.47744],[-0.25609,40.4739],[-0.24542,40.47113],[-0.23121,40.46951],[-0.2202,40.46683],[-0.2127,40.46343],[-0.19868,40.46626],[-0.18314,40.46735],[-0.18033,40.46634],[-0.17444,40.46748],[-0.16891,40.47281],[-0.16459,40.48134],[-0.13809,40.50383],[-0.14306,40.51051],[-0.14278,40.51323],[-0.14752,40.5157],[-0.15198,40.5152],[-0.15615,40.51937],[-0.16149,40.52112],[-0.16029,40.52361],[-0.16404,40.52196],[-0.1654,40.5226],[-0.16133,40.52731],[-0.16446,40.53052],[-0.16028,40.53384],[-0.16238,40.53612],[-0.16306,40.54223],[-0.15747,40.54555],[-0.15804,40.54989],[-0.16434,40.54863],[-0.16781,40.54338],[-0.16988,40.543],[-0.17323,40.54703],[-0.16949,40.55367],[-0.17227,40.55476],[-0.17382,40.55274],[-0.1782,40.55185],[-0.17886,40.5533],[-0.17522,40.55534],[-0.17532,40.55962],[-0.1859,40.56001],[-0.18549,40.55493],[-0.18718,40.55295],[-0.18612,40.55054],[-0.18811,40.55022],[-0.18894,40.55259],[-0.19118,40.55353],[-0.19927,40.55163],[-0.19933,40.54887],[-0.20206,40.54839],[-0.20464,40.54461],[-0.2123,40.54176],[-0.2133,40.5379],[-0.21505,40.53689],[-0.23665,40.53828],[-0.23899,40.53387],[-0.236,40.53138],[-0.24049,40.52937],[-0.24495,40.53072],[-0.24411,40.52716],[-0.2404,40.52536],[-0.23594,40.52025],[-0.23918,40.51981],[-0.24276,40.52392],[-0.24339,40.51711],[-0.24719,40.51804],[-0.24872,40.51644],[-0.24635,40.51271],[-0.24859,40.50877],[-0.24548,40.50561],[-0.24278,40.50531],[-0.24521,40.50193],[-0.24319,40.50015],[-0.24597,40.49947],[-0.24813,40.50214],[-0.2501,40.50197],[-0.24686,40.49444],[-0.25056,40.49089],[-0.25253,40.49219],[-0.2557,40.49055],[-0.25229,40.48562],[-0.25401,40.48538],[-0.25381,40.48342],[-0.25601,40.48232],[-0.25427,40.47787],[-0.25405,40.47744]]]}},{"type":"Feature","properties":{"mun_code":"12068","mun_name":"Herbers","mun_name_local":null,"prov_code":"12","prov_name":"Castelló","acom_code":"10","acom_name":"Comunitat Valenciana","geo_point_2d":{"lon":-0.01478879110463669,"lat":40.708718713853635}},"geometry":{"type":"Polygon","coordinates":[[[-0.05371,40.72788],[-0.05379,40.7249],[-0.05243,40.7243],[-0.05386,40.72165],[-0.05042,40.71986],[-0.04908,40.71643],[-0.05172,40.71656],[-0.0588,40.71159],[-0.05788,40.70989],[-0.06916,40.70846],[-0.06866,40.70577],[-0.04325,40.69943],[-0.02714,40.68632],[-0.00445,40.67759],[0.00067,40.68107],[-0.00967,40.68935],[-0.01025,40.69217],[-0.00877,40.69437],[-0.00598,40.69561],[0.00137,40.69429],[0.01126,40.69614],[0.02092,40.69356],[0.02663,40.6948],[0.02566,40.69637],[0.02702,40.70002],[0.02421,40.70235],[0.02451,40.70698],[0.02803,40.7102],[0.02862,40.71417],[0.01852,40.71981],[0.01598,40.72329],[0.0181,40.72592],[0.01534,40.72842],[-0.00299,40.7305],[-0.01493,40.72984],[-0.01789,40.73104],[-0.02264,40.73021],[-0.02866,40.72629],[-0.03141,40.72243],[-0.05319,40.7277],[-0.05371,40.72788]]]}},{"type":"Feature","properties":{"mun_code":"12127","mun_name":"Vallibona","mun_name_local":null,"prov_code":"12","prov_name":"Castelló","acom_code":"10","acom_name":"Comunitat Valenciana","geo_point_2d":{"lon":0.08860958882670673,"lat":40.60800234859703}},"geometry":{"type":"Polygon","coordinates":[[[0.03879,40.65],[0.03515,40.6468],[0.03461,40.63736],[0.03222,40.63699],[0.02544,40.6272],[0.00907,40.62265],[0.011,40.61404],[0.02024,40.61014],[0.02411,40.60472],[0.01718,40.59944],[0.00996,40.59865],[0.00501,40.59542],[0.0029,40.58484],[0.01274,40.58397],[0.01908,40.5794],[0.02703,40.57704],[0.03321,40.57884],[0.04712,40.57413],[0.05298,40.5741],[0.05444,40.57154],[0.06215,40.56823],[0.07862,40.5721],[0.0877,40.57573],[0.09933,40.58293],[0.1145,40.58644],[0.1209,40.58551],[0.12817,40.58059],[0.13098,40.58054],[0.1453,40.57465],[0.15354,40.57599],[0.17461,40.58401],[0.17399,40.58522],[0.17731,40.5899],[0.18223,40.59188],[0.18583,40.59555],[0.18488,40.59874],[0.17664,40.60419],[0.17441,40.61036],[0.16265,40.61489],[0.15752,40.61368],[0.15473,40.62709],[0.14707,40.62972],[0.13941,40.63679],[0.11909,40.63445],[0.10901,40.63872],[0.08968,40.65026],[0.06401,40.64718],[0.06082,40.64434],[0.04952,40.64566],[0.04381,40.64953],[0.0402,40.64969],[0.03879,40.65]]]}},{"type":"Feature","properties":{"mun_code":"12097","mun_name":"Sacañet","mun_name_local":null,"prov_code":"12","prov_name":"Castelló","acom_code":"10","acom_name":"Comunitat Valenciana","geo_point_2d":{"lon":-0.7345388386749527,"lat":39.85251305202923}},"geometry":{"type":"Polygon","coordinates":[[[-0.79769,39.88107],[-0.79313,39.88119],[-0.77356,39.8698],[-0.75404,39.84327],[-0.74868,39.84021],[-0.74517,39.83576],[-0.74521,39.83196],[-0.74068,39.83209],[-0.7372,39.82981],[-0.73755,39.82216],[-0.73591,39.81948],[-0.73068,39.81663],[-0.73046,39.81483],[-0.72751,39.81619],[-0.72589,39.81419],[-0.72252,39.81323],[-0.71248,39.8167],[-0.70705,39.83513],[-0.70224,39.83949],[-0.69512,39.85006],[-0.69111,39.85246],[-0.69121,39.85645],[-0.68692,39.85654],[-0.69235,39.8616],[-0.69932,39.86457],[-0.70412,39.86841],[-0.70823,39.86723],[-0.71045,39.86908],[-0.71487,39.86978],[-0.71789,39.86804],[-0.72425,39.86937],[-0.7312,39.86879],[-0.73758,39.87031],[-0.75528,39.87853],[-0.78218,39.88586],[-0.78785,39.88605],[-0.79754,39.88291],[-0.79769,39.88107]]]}},{"type":"Feature","properties":{"mun_code":"12085","mun_name":"Orpesa","mun_name_local":"Oropesa del Mar","prov_code":"12","prov_name":"Castelló","acom_code":"10","acom_name":"Comunitat Valenciana","geo_point_2d":{"lon":0.12306100406104267,"lat":40.09200385595021}},"geometry":{"type":"Polygon","coordinates":[[[0.08567,40.0834],[0.08581,40.0792],[0.08911,40.07499],[0.09434,40.07388],[0.09341,40.07139],[0.0892,40.06818],[0.08743,40.06301],[0.09035,40.05571],[0.10631,40.05667],[0.11392,40.06127],[0.12066,40.06224],[0.12804,40.06967],[0.13204,40.07174],[0.13407,40.07465],[0.13348,40.07741],[0.13517,40.07724],[0.13484,40.07374],[0.13449,40.07845],[0.13636,40.07877],[0.13759,40.08134],[0.14138,40.08307],[0.14412,40.0811],[0.14755,40.08291],[0.14879,40.08648],[0.14644,40.0884],[0.14981,40.10086],[0.16114,40.12393],[0.13387,40.12843],[0.12354,40.12434],[0.11643,40.115],[0.11681,40.11181],[0.12058,40.11052],[0.11236,40.10069],[0.10594,40.0959],[0.10559,40.09021],[0.09657,40.08949],[0.09123,40.08669],[0.08567,40.0834]]]}},{"type":"Feature","properties":{"mun_code":"12029","mun_name":"Benlloc","mun_name_local":null,"prov_code":"12","prov_name":"Castelló","acom_code":"10","acom_name":"Comunitat Valenciana","geo_point_2d":{"lon":0.057618050715018354,"lat":40.2077838071241}},"geometry":{"type":"Polygon","coordinates":[[[-0.00868,40.21535],[-0.00423,40.20685],[0.00324,40.20677],[0.01084,40.20429],[0.01457,40.19848],[0.0194,40.19512],[0.02077,40.18998],[0.02759,40.1877],[0.02522,40.18357],[0.04942,40.18645],[0.07304,40.18625],[0.08816,40.18251],[0.10705,40.18541],[0.11803,40.18092],[0.12304,40.18195],[0.12969,40.18649],[0.13439,40.18772],[0.14305,40.19459],[0.15064,40.19717],[0.15642,40.20528],[0.15476,40.21611],[0.15797,40.22114],[0.15381,40.22343],[0.14714,40.22174],[0.14923,40.21931],[0.14726,40.21836],[0.14729,40.21439],[0.14557,40.21298],[0.13938,40.21301],[0.13915,40.2073],[0.13778,40.20646],[0.13348,40.20772],[0.13323,40.2049],[0.13554,40.20299],[0.13037,40.20271],[0.1292,40.20015],[0.12045,40.20051],[0.118,40.20196],[0.11748,40.2006],[0.10474,40.2009],[0.09956,40.1988],[0.08198,40.20498],[0.05183,40.20983],[0.04843,40.21244],[0.04842,40.22102],[0.04448,40.22506],[0.04078,40.2334],[0.03464,40.23696],[0.02898,40.24617],[0.02402,40.24967],[-0.01169,40.23208],[-0.01078,40.23142],[-0.01293,40.22953],[-0.00951,40.22954],[-0.00745,40.22765],[-0.01094,40.2247],[-0.00793,40.2218],[-0.00958,40.21777],[-0.00866,40.21592],[-0.00868,40.21535]]]}},{"type":"Feature","properties":{"mun_code":"12049","mun_name":"Costur","mun_name_local":null,"prov_code":"12","prov_name":"Castelló","acom_code":"10","acom_name":"Comunitat Valenciana","geo_point_2d":{"lon":-0.1623715377993606,"lat":40.1217131734064}},"geometry":{"type":"Polygon","coordinates":[[[-0.19454,40.12761],[-0.1903,40.12507],[-0.19256,40.12124],[-0.18934,40.11083],[-0.1859,40.11036],[-0.176,40.10512],[-0.1734,40.09894],[-0.16046,40.0973],[-0.15875,40.09428],[-0.14881,40.08802],[-0.14378,40.08892],[-0.14517,40.09763],[-0.14813,40.10242],[-0.14142,40.10552],[-0.14306,40.11061],[-0.13776,40.11096],[-0.13805,40.11278],[-0.14287,40.11613],[-0.13797,40.12058],[-0.13514,40.12715],[-0.13013,40.12954],[-0.13324,40.13226],[-0.13436,40.13605],[-0.13145,40.13886],[-0.13594,40.14388],[-0.14005,40.14565],[-0.14487,40.14552],[-0.14778,40.14221],[-0.15012,40.14181],[-0.14974,40.14019],[-0.15448,40.14002],[-0.16105,40.14172],[-0.16215,40.14325],[-0.16984,40.14254],[-0.17092,40.14562],[-0.17904,40.14465],[-0.18561,40.14119],[-0.18988,40.13641],[-0.19313,40.13489],[-0.19343,40.12862],[-0.19454,40.12761]]]}},{"type":"Feature","properties":{"mun_code":"12103","mun_name":"la Serratella","mun_name_local":null,"prov_code":"12","prov_name":"Castelló","acom_code":"10","acom_name":"Comunitat Valenciana","geo_point_2d":{"lon":0.037622566664458804,"lat":40.30992116481743}},"geometry":{"type":"Polygon","coordinates":[[[-0.00746,40.31837],[-0.00058,40.31534],[0.005,40.31526],[0.00693,40.31408],[0.01601,40.31554],[0.01752,40.31379],[0.0235,40.3119],[0.01972,40.30565],[0.01365,40.30368],[0.01282,40.29983],[0.01505,40.29452],[0.01824,40.29243],[0.01624,40.28837],[0.01739,40.28586],[0.02073,40.2856],[0.02411,40.28351],[0.02742,40.27931],[0.03503,40.28168],[0.04515,40.28733],[0.05818,40.29856],[0.05626,40.30746],[0.05946,40.3138],[0.06102,40.33343],[0.04938,40.34078],[0.03938,40.33574],[0.02299,40.32139],[0.00657,40.31795],[-0.00746,40.31837]]]}},{"type":"Feature","properties":{"mun_code":"12130","mun_name":"Villahermosa del Río","mun_name_local":null,"prov_code":"12","prov_name":"Castelló","acom_code":"10","acom_name":"Comunitat Valenciana","geo_point_2d":{"lon":-0.42301104678398527,"lat":40.20572678350279}},"geometry":{"type":"Polygon","coordinates":[[[-0.51059,40.23178],[-0.5135,40.22966],[-0.51026,40.21595],[-0.5075,40.21142],[-0.50728,40.20094],[-0.50174,40.19967],[-0.49492,40.19991],[-0.4942,40.19647],[-0.4877,40.18653],[-0.48849,40.1853],[-0.48446,40.17533],[-0.48224,40.16156],[-0.47749,40.16065],[-0.45816,40.16223],[-0.45439,40.16331],[-0.4483,40.16809],[-0.4444,40.16666],[-0.43889,40.16784],[-0.43238,40.16662],[-0.4299,40.16474],[-0.41531,40.16416],[-0.40153,40.15782],[-0.39811,40.16311],[-0.39429,40.16173],[-0.38507,40.16128],[-0.38098,40.16373],[-0.37475,40.16472],[-0.37081,40.16833],[-0.37158,40.17124],[-0.36888,40.17575],[-0.3492,40.18737],[-0.34924,40.19188],[-0.34772,40.1924],[-0.34614,40.19816],[-0.34326,40.19965],[-0.33819,40.22051],[-0.34974,40.22271],[-0.35679,40.23022],[-0.37188,40.23832],[-0.37197,40.24437],[-0.37568,40.24659],[-0.3812,40.25701],[-0.38823,40.26143],[-0.42807,40.2438],[-0.43467,40.24238],[-0.45181,40.23532],[-0.46381,40.23386],[-0.4631,40.23451],[-0.46661,40.23576],[-0.46997,40.24013],[-0.4773,40.23528],[-0.48873,40.23328],[-0.49452,40.22873],[-0.50157,40.23319],[-0.51059,40.23178]]]}},{"type":"Feature","properties":{"mun_code":"12109","mun_name":"Tales","mun_name_local":null,"prov_code":"12","prov_name":"Castelló","acom_code":"10","acom_name":"Comunitat Valenciana","geo_point_2d":{"lon":-0.30061883778729936,"lat":39.94524240772539}},"geometry":{"type":"Polygon","coordinates":[[[-0.32998,39.94491],[-0.32819,39.94021],[-0.32459,39.93765],[-0.32035,39.93704],[-0.31748,39.93413],[-0.29529,39.92988],[-0.29015,39.92238],[-0.28046,39.92136],[-0.27954,39.92281],[-0.27302,39.92301],[-0.2691,39.92206],[-0.26084,39.92602],[-0.27548,39.93275],[-0.28836,39.94646],[-0.28985,39.95212],[-0.29238,39.95326],[-0.30087,39.95057],[-0.29549,39.95425],[-0.2953,39.96739],[-0.31288,39.97535],[-0.32081,39.96977],[-0.31725,39.95458],[-0.32645,39.94498],[-0.32908,39.94483],[-0.32998,39.94491]]]}},{"type":"Feature","properties":{"mun_code":"12084","mun_name":"Onda","mun_name_local":null,"prov_code":"12","prov_name":"Castelló","acom_code":"10","acom_name":"Comunitat Valenciana","geo_point_2d":{"lon":-0.2278124216339775,"lat":39.979702729245986}},"geometry":{"type":"Polygon","coordinates":[[[-0.31288,39.97535],[-0.2953,39.96739],[-0.29549,39.95425],[-0.30087,39.95057],[-0.29238,39.95326],[-0.28985,39.95212],[-0.28836,39.94646],[-0.27548,39.93275],[-0.2606,39.92585],[-0.25577,39.93005],[-0.24871,39.92615],[-0.23424,39.92605],[-0.23021,39.92644],[-0.22503,39.93083],[-0.21005,39.94909],[-0.1883,39.94106],[-0.18249,39.94164],[-0.17719,39.94028],[-0.17495,39.93801],[-0.16665,39.9805],[-0.15894,39.97578],[-0.1562,39.97181],[-0.15356,39.97116],[-0.14659,39.97791],[-0.13706,39.98282],[-0.13515,39.98648],[-0.14092,39.99211],[-0.1586,40.00211],[-0.15796,40.01109],[-0.16076,40.02018],[-0.16921,40.0208],[-0.17225,40.02265],[-0.1833,40.01834],[-0.18999,40.01797],[-0.19341,40.01509],[-0.19497,40.0157],[-0.19466,40.0149],[-0.20662,40.01099],[-0.20882,40.01223],[-0.21029,40.02046],[-0.21242,40.02181],[-0.21932,40.02257],[-0.2251,40.0257],[-0.23286,40.02547],[-0.24341,40.03113],[-0.25483,40.03379],[-0.27207,40.04091],[-0.2782,40.04375],[-0.28273,40.04804],[-0.28603,40.04819],[-0.28791,40.04749],[-0.27616,40.03994],[-0.27087,40.03052],[-0.26546,40.02438],[-0.25833,40.02164],[-0.24856,40.02063],[-0.24967,40.01551],[-0.25228,40.0125],[-0.25578,40.01109],[-0.26133,40.01567],[-0.26378,40.0134],[-0.27184,40.01118],[-0.28297,40.01295],[-0.28471,40.01156],[-0.28131,40.00186],[-0.29169,39.99396],[-0.29969,39.98322],[-0.31224,39.9754],[-0.31288,39.97535]]]}},{"type":"Feature","properties":{"mun_code":"12091","mun_name":"Portell de Morella","mun_name_local":null,"prov_code":"12","prov_name":"Castelló","acom_code":"10","acom_name":"Comunitat Valenciana","geo_point_2d":{"lon":-0.26811984626528673,"lat":40.539297934333064}},"geometry":{"type":"Polygon","coordinates":[[[-0.2974,40.53153],[-0.29885,40.52513],[-0.30123,40.52264],[-0.30218,40.51593],[-0.29985,40.51331],[-0.29836,40.50567],[-0.29371,40.50645],[-0.28755,40.50955],[-0.28138,40.50523],[-0.27508,40.4945],[-0.28014,40.48845],[-0.28014,40.48361],[-0.27613,40.48293],[-0.27203,40.47865],[-0.26824,40.47784],[-0.26813,40.47412],[-0.2608,40.47478],[-0.26246,40.47804],[-0.25792,40.47891],[-0.25796,40.47663],[-0.25405,40.47744],[-0.25601,40.48232],[-0.25381,40.48342],[-0.25401,40.48538],[-0.25229,40.48562],[-0.2557,40.49055],[-0.25253,40.49219],[-0.25056,40.49089],[-0.24707,40.49395],[-0.24701,40.49721],[-0.24992,40.50219],[-0.24813,40.50214],[-0.24597,40.49947],[-0.24319,40.50015],[-0.24521,40.50193],[-0.24278,40.50531],[-0.24548,40.50561],[-0.24859,40.50877],[-0.24635,40.51271],[-0.24872,40.51644],[-0.24719,40.51804],[-0.24339,40.51711],[-0.24276,40.52392],[-0.23918,40.51981],[-0.23594,40.52025],[-0.2404,40.52536],[-0.24411,40.52716],[-0.24495,40.53072],[-0.24049,40.52937],[-0.236,40.53138],[-0.23899,40.53387],[-0.23501,40.54081],[-0.23664,40.54168],[-0.23617,40.54589],[-0.23371,40.54593],[-0.23265,40.54354],[-0.22827,40.54519],[-0.22612,40.54878],[-0.23486,40.55265],[-0.24934,40.56207],[-0.25365,40.57907],[-0.24824,40.58582],[-0.24822,40.59238],[-0.25398,40.59764],[-0.25956,40.60019],[-0.26312,40.59983],[-0.26952,40.58928],[-0.27454,40.59184],[-0.2817,40.5898],[-0.28257,40.58757],[-0.29509,40.58399],[-0.29529,40.58096],[-0.29987,40.57733],[-0.29915,40.57323],[-0.29495,40.57039],[-0.29619,40.56084],[-0.29209,40.55655],[-0.29387,40.55422],[-0.29035,40.55303],[-0.29263,40.54727],[-0.29027,40.54407],[-0.29261,40.54209],[-0.29196,40.53997],[-0.29691,40.53189],[-0.2974,40.53153]]]}},{"type":"Feature","properties":{"mun_code":"12098","mun_name":"la Salzadella","mun_name_local":null,"prov_code":"12","prov_name":"Castelló","acom_code":"10","acom_name":"Comunitat Valenciana","geo_point_2d":{"lon":0.14738404079193676,"lat":40.41738741438756}},"geometry":{"type":"Polygon","coordinates":[[[0.09163,40.48108],[0.09376,40.47818],[0.09137,40.47238],[0.09196,40.46314],[0.09357,40.46137],[0.09236,40.45954],[0.09629,40.45875],[0.09757,40.45341],[0.09978,40.45215],[0.11219,40.45025],[0.11549,40.44755],[0.113,40.44441],[0.1146,40.4432],[0.10836,40.43922],[0.10796,40.42895],[0.10236,40.42847],[0.10321,40.42363],[0.09727,40.42186],[0.10045,40.41828],[0.10664,40.41613],[0.11379,40.40843],[0.11326,40.40488],[0.12081,40.397],[0.12034,40.39431],[0.12527,40.39183],[0.12902,40.39193],[0.13442,40.38317],[0.13769,40.3815],[0.1388,40.38252],[0.14069,40.38106],[0.14582,40.3807],[0.14715,40.38225],[0.15091,40.38212],[0.16895,40.37305],[0.17166,40.3736],[0.17741,40.38084],[0.18458,40.38571],[0.18667,40.39091],[0.19107,40.39572],[0.18995,40.3998],[0.19187,40.40422],[0.19658,40.40669],[0.20523,40.41543],[0.21565,40.41595],[0.21511,40.41675],[0.20599,40.42621],[0.19695,40.42657],[0.19356,40.42329],[0.18769,40.42465],[0.1335,40.45049],[0.10201,40.46895],[0.09589,40.47784],[0.09163,40.48108]]]}},{"type":"Feature","properties":{"mun_code":"12050","mun_name":"les Coves de Vinromà","mun_name_local":null,"prov_code":"12","prov_name":"Castelló","acom_code":"10","acom_name":"Comunitat Valenciana","geo_point_2d":{"lon":0.11838950305025703,"lat":40.323748871588755}},"geometry":{"type":"Polygon","coordinates":[[[0.02742,40.27931],[0.03183,40.27535],[0.03915,40.27201],[0.04823,40.27324],[0.05034,40.27172],[0.0511,40.27348],[0.05746,40.27373],[0.06382,40.28067],[0.07213,40.28108],[0.07956,40.28362],[0.08729,40.27969],[0.09238,40.27984],[0.09452,40.2823],[0.10043,40.28432],[0.10419,40.28352],[0.10796,40.28621],[0.11264,40.28271],[0.116,40.26885],[0.14292,40.24295],[0.16007,40.23147],[0.17412,40.25689],[0.17647,40.26531],[0.17532,40.27736],[0.17359,40.27883],[0.17183,40.28691],[0.17371,40.29042],[0.1797,40.29419],[0.18046,40.2992],[0.17987,40.30338],[0.17357,40.3108],[0.16554,40.32784],[0.1805,40.34333],[0.16456,40.35977],[0.16939,40.36778],[0.16754,40.37058],[0.16895,40.37305],[0.15091,40.38212],[0.14715,40.38225],[0.14582,40.3807],[0.14069,40.38106],[0.1388,40.38252],[0.13769,40.3815],[0.13442,40.38317],[0.12902,40.39193],[0.12527,40.39183],[0.12034,40.39431],[0.12081,40.397],[0.11326,40.40488],[0.11379,40.40843],[0.10664,40.41613],[0.10045,40.41828],[0.09051,40.40826],[0.08677,40.40218],[0.08729,40.39836],[0.08488,40.39658],[0.08613,40.39325],[0.08424,40.39071],[0.08154,40.37523],[0.04938,40.34078],[0.05924,40.33539],[0.06139,40.33258],[0.05946,40.3138],[0.05626,40.30746],[0.05818,40.29856],[0.04585,40.28784],[0.03503,40.28168],[0.02742,40.27931]]]}},{"type":"Feature","properties":{"mun_code":"12020","mun_name":"Barracas","mun_name_local":null,"prov_code":"12","prov_name":"Castelló","acom_code":"10","acom_name":"Comunitat Valenciana","geo_point_2d":{"lon":-0.6961278451956271,"lat":39.99888228892265}},"geometry":{"type":"Polygon","coordinates":[[[-0.71144,40.0366],[-0.71534,40.03252],[-0.74214,40.03589],[-0.73802,40.02063],[-0.73031,40.00514],[-0.71941,39.99869],[-0.70449,39.9559],[-0.70422,39.94835],[-0.70228,39.9489],[-0.70001,39.9528],[-0.68999,39.95191],[-0.6918,39.95664],[-0.67746,39.95913],[-0.6742,39.9624],[-0.667,39.9606],[-0.66256,39.96187],[-0.65958,39.96127],[-0.65764,39.96397],[-0.65586,39.96388],[-0.65448,39.97995],[-0.66309,39.98465],[-0.66542,39.98837],[-0.67372,40.01729],[-0.68927,40.03595],[-0.68753,40.04099],[-0.7019,40.04565],[-0.71144,40.0366]]]}},{"type":"Feature","properties":{"mun_code":"12037","mun_name":"Castell de Cabres","mun_name_local":null,"prov_code":"12","prov_name":"Castelló","acom_code":"10","acom_name":"Comunitat Valenciana","geo_point_2d":{"lon":0.04276719489152528,"lat":40.669783523077896}},"geometry":{"type":"Polygon","coordinates":[[[-0.00445,40.67759],[-0.0011,40.67567],[0.00525,40.67526],[0.00478,40.66906],[0.00787,40.66462],[0.01811,40.65877],[0.01997,40.65617],[0.02128,40.65199],[0.01405,40.6486],[0.03813,40.65014],[0.04381,40.64953],[0.04952,40.64566],[0.06082,40.64434],[0.06401,40.64718],[0.08968,40.65026],[0.08926,40.65313],[0.09197,40.65471],[0.09858,40.65372],[0.09989,40.65454],[0.09614,40.66072],[0.08119,40.67609],[0.07129,40.676],[0.06651,40.67805],[0.06055,40.68769],[0.0517,40.68278],[0.04701,40.68295],[0.04217,40.69101],[0.03628,40.69358],[0.02663,40.6948],[0.02092,40.69356],[0.01126,40.69614],[0.00137,40.69429],[-0.00598,40.69561],[-0.0096,40.69372],[-0.01013,40.69076],[-0.00825,40.68771],[-0.00508,40.68672],[0.00067,40.68107],[-0.00237,40.6787],[-0.00445,40.67759]]]}},{"type":"Feature","properties":{"mun_code":"12087","mun_name":"Palanques","mun_name_local":null,"prov_code":"12","prov_name":"Castelló","acom_code":"10","acom_name":"Comunitat Valenciana","geo_point_2d":{"lon":-0.19016101290335888,"lat":40.70991751046232}},"geometry":{"type":"Polygon","coordinates":[[[-0.23753,40.69794],[-0.21103,40.69671],[-0.21116,40.69954],[-0.20771,40.70517],[-0.20232,40.70543],[-0.19863,40.70836],[-0.187,40.70964],[-0.17837,40.70928],[-0.16519,40.70594],[-0.15687,40.69825],[-0.14321,40.69222],[-0.14031,40.69513],[-0.13267,40.69797],[-0.13171,40.6999],[-0.14106,40.70719],[-0.1493,40.70857],[-0.16318,40.71489],[-0.16659,40.71532],[-0.16986,40.7139],[-0.17632,40.71577],[-0.18171,40.72669],[-0.18881,40.72822],[-0.19948,40.72364],[-0.20899,40.72278],[-0.21166,40.72117],[-0.2173,40.72224],[-0.22553,40.71594],[-0.23068,40.70883],[-0.23357,40.70855],[-0.23753,40.69794]]]}},{"type":"Feature","properties":{"mun_code":"12129","mun_name":"Vilafranca","mun_name_local":"Villafranca del Cid","prov_code":"12","prov_name":"Castelló","acom_code":"10","acom_name":"Comunitat Valenciana","geo_point_2d":{"lon":-0.2636306975380982,"lat":40.43148637297303}},"geometry":{"type":"Polygon","coordinates":[[[-0.34698,40.44327],[-0.34118,40.4382],[-0.33283,40.42554],[-0.32871,40.42208],[-0.31468,40.41576],[-0.30722,40.40919],[-0.30132,40.39738],[-0.29195,40.39225],[-0.29122,40.39018],[-0.28569,40.38649],[-0.28574,40.38459],[-0.28325,40.38298],[-0.28296,40.37802],[-0.28093,40.37491],[-0.27938,40.37503],[-0.28167,40.37326],[-0.28126,40.37051],[-0.2764,40.36657],[-0.27603,40.36964],[-0.27219,40.37228],[-0.27076,40.37128],[-0.27156,40.36948],[-0.26272,40.36754],[-0.25934,40.36836],[-0.25904,40.37248],[-0.26438,40.37795],[-0.26084,40.38111],[-0.26017,40.38374],[-0.25416,40.38456],[-0.25242,40.38534],[-0.25319,40.38632],[-0.24096,40.38935],[-0.23652,40.39176],[-0.23576,40.394],[-0.22961,40.39708],[-0.23154,40.40698],[-0.22946,40.40792],[-0.22401,40.40654],[-0.22415,40.40767],[-0.21393,40.4137],[-0.21205,40.42099],[-0.20846,40.42396],[-0.19879,40.42173],[-0.19238,40.42731],[-0.18322,40.43069],[-0.17432,40.43177],[-0.16503,40.43081],[-0.16285,40.43263],[-0.18366,40.4456],[-0.19123,40.446],[-0.20453,40.45544],[-0.20608,40.45844],[-0.2127,40.46343],[-0.2202,40.46683],[-0.23121,40.46951],[-0.24542,40.47113],[-0.25609,40.4739],[-0.25405,40.47744],[-0.25796,40.47663],[-0.25792,40.47891],[-0.26272,40.47788],[-0.26102,40.47464],[-0.26766,40.47382],[-0.26824,40.47784],[-0.27151,40.47846],[-0.27261,40.47336],[-0.27777,40.47546],[-0.27902,40.47243],[-0.28228,40.4733],[-0.2853,40.46985],[-0.28716,40.47215],[-0.28968,40.47047],[-0.29504,40.46992],[-0.29383,40.46541],[-0.29748,40.46651],[-0.29772,40.46511],[-0.30247,40.46654],[-0.30896,40.46551],[-0.32367,40.4592],[-0.33391,40.45772],[-0.33888,40.45286],[-0.33869,40.4491],[-0.3419,40.44696],[-0.34261,40.44257],[-0.34689,40.44346],[-0.34698,40.44327]]]}},{"type":"Feature","properties":{"mun_code":"12079","mun_name":"Montanejos","mun_name_local":null,"prov_code":"12","prov_name":"Castelló","acom_code":"10","acom_name":"Comunitat Valenciana","geo_point_2d":{"lon":-0.535097532325817,"lat":40.06936736959259}},"geometry":{"type":"Polygon","coordinates":[[[-0.58301,40.05827],[-0.57306,40.05336],[-0.56747,40.05325],[-0.56379,40.0503],[-0.55783,40.04851],[-0.54336,40.04993],[-0.53664,40.0487],[-0.53865,40.04366],[-0.53496,40.03978],[-0.53439,40.03553],[-0.5311,40.03406],[-0.51824,40.0351],[-0.51676,40.03433],[-0.51792,40.03013],[-0.51476,40.02876],[-0.50802,40.03285],[-0.50652,40.03034],[-0.50389,40.03306],[-0.50552,40.03761],[-0.50468,40.04215],[-0.50082,40.04308],[-0.4995,40.04932],[-0.49223,40.0526],[-0.50329,40.06356],[-0.50153,40.07202],[-0.5024,40.07575],[-0.51354,40.08326],[-0.52501,40.08694],[-0.52429,40.08881],[-0.52893,40.08945],[-0.50835,40.09971],[-0.5045,40.1042],[-0.50708,40.1079],[-0.50943,40.1099],[-0.51312,40.11042],[-0.53282,40.1028],[-0.56156,40.09761],[-0.57333,40.07746],[-0.57829,40.06068],[-0.58112,40.06003],[-0.58301,40.05827]]]}},{"type":"Feature","properties":{"mun_code":"12131","mun_name":"Villamalur","mun_name_local":null,"prov_code":"12","prov_name":"Castelló","acom_code":"10","acom_name":"Comunitat Valenciana","geo_point_2d":{"lon":-0.40693386688912586,"lat":39.95892908752623}},"geometry":{"type":"Polygon","coordinates":[[[-0.45189,39.96902],[-0.44878,39.96784],[-0.44754,39.96181],[-0.4399,39.95535],[-0.43249,39.95236],[-0.41137,39.93864],[-0.40601,39.9378],[-0.40083,39.9343],[-0.39557,39.93575],[-0.39168,39.9429],[-0.38627,39.9421],[-0.37967,39.95279],[-0.37509,39.95343],[-0.37345,39.95866],[-0.36851,39.96386],[-0.36723,39.97131],[-0.38252,39.97106],[-0.39056,39.97661],[-0.40443,39.97424],[-0.41102,39.96908],[-0.41507,39.97161],[-0.41784,39.97158],[-0.41714,39.97245],[-0.42191,39.97506],[-0.42142,39.97617],[-0.42867,39.97261],[-0.43602,39.97583],[-0.44028,39.97091],[-0.45167,39.96921],[-0.45189,39.96902]]]}},{"type":"Feature","properties":{"mun_code":"12027","mun_name":"Benicarló","mun_name_local":null,"prov_code":"12","prov_name":"Castelló","acom_code":"10","acom_name":"Comunitat Valenciana","geo_point_2d":{"lon":0.4026370229829862,"lat":40.44373236161044}},"geometry":{"type":"Polygon","coordinates":[[[0.35493,40.42424],[0.41727,40.39957],[0.42646,40.40875],[0.43406,40.41252],[0.43139,40.41349],[0.43465,40.41638],[0.43605,40.41587],[0.4353,40.40948],[0.43616,40.41675],[0.44081,40.42823],[0.44811,40.439],[0.45351,40.44257],[0.44745,40.44755],[0.43946,40.44889],[0.43191,40.45959],[0.43238,40.46289],[0.42812,40.46568],[0.42636,40.47038],[0.42213,40.47169],[0.4215,40.47574],[0.41043,40.48131],[0.40421,40.48116],[0.40244,40.48299],[0.39976,40.48325],[0.39767,40.48737],[0.39349,40.4878],[0.39,40.49075],[0.38286,40.49195],[0.37416,40.48984],[0.37309,40.4876],[0.37258,40.48008],[0.37397,40.47254],[0.37778,40.46492],[0.37696,40.46083],[0.37011,40.44866],[0.36902,40.44175],[0.35886,40.43658],[0.35507,40.4248],[0.35493,40.42424]]]}},{"type":"Feature","properties":{"mun_code":"12139","mun_name":"Vistabella del Maestrat","mun_name_local":null,"prov_code":"12","prov_name":"Castelló","acom_code":"10","acom_name":"Comunitat Valenciana","geo_point_2d":{"lon":-0.29757703200489327,"lat":40.30637250021808}},"geometry":{"type":"Polygon","coordinates":[[[-0.39007,40.30565],[-0.39124,40.30268],[-0.38961,40.29999],[-0.39235,40.29865],[-0.39455,40.30053],[-0.39556,40.29898],[-0.39363,40.29776],[-0.3976,40.29709],[-0.40036,40.29497],[-0.3896,40.28711],[-0.38222,40.27666],[-0.38469,40.27329],[-0.38373,40.26423],[-0.38823,40.26143],[-0.3812,40.25701],[-0.37568,40.24659],[-0.37197,40.24437],[-0.37188,40.23832],[-0.35679,40.23022],[-0.34974,40.22271],[-0.3485,40.23131],[-0.3455,40.23436],[-0.3374,40.23609],[-0.33298,40.23436],[-0.33176,40.23498],[-0.32555,40.24838],[-0.31878,40.24867],[-0.31744,40.25497],[-0.31297,40.25776],[-0.31165,40.26561],[-0.29646,40.26821],[-0.28293,40.26472],[-0.27775,40.25998],[-0.25362,40.26357],[-0.24535,40.27181],[-0.2385,40.27587],[-0.23765,40.29156],[-0.23141,40.29978],[-0.20941,40.32071],[-0.20947,40.32337],[-0.20418,40.32952],[-0.20448,40.33041],[-0.20656,40.32986],[-0.20631,40.33142],[-0.20216,40.33405],[-0.20319,40.336],[-0.19881,40.33518],[-0.19751,40.33719],[-0.19931,40.33692],[-0.19982,40.33848],[-0.2031,40.33778],[-0.20334,40.33917],[-0.20636,40.33973],[-0.20261,40.34559],[-0.20524,40.34574],[-0.20622,40.34402],[-0.20923,40.34534],[-0.20431,40.34773],[-0.20411,40.35292],[-0.21318,40.35244],[-0.2145,40.35761],[-0.21909,40.35874],[-0.22025,40.36067],[-0.21461,40.36008],[-0.21707,40.36215],[-0.21454,40.36147],[-0.2126,40.36526],[-0.21468,40.36594],[-0.21646,40.36473],[-0.21732,40.36831],[-0.2231,40.36873],[-0.22241,40.37147],[-0.22818,40.37291],[-0.22781,40.37063],[-0.23404,40.37071],[-0.23287,40.37263],[-0.23664,40.37445],[-0.24087,40.37352],[-0.24412,40.37508],[-0.24526,40.37328],[-0.24798,40.37571],[-0.24972,40.37348],[-0.2524,40.37548],[-0.25322,40.37462],[-0.25125,40.37263],[-0.25764,40.37242],[-0.25934,40.36836],[-0.26272,40.36754],[-0.27156,40.36948],[-0.27076,40.37128],[-0.27219,40.37228],[-0.27603,40.36964],[-0.2764,40.36657],[-0.27882,40.36895],[-0.28279,40.3692],[-0.28346,40.36751],[-0.28101,40.36532],[-0.28233,40.36446],[-0.28476,40.36569],[-0.2884,40.36433],[-0.28904,40.36777],[-0.29476,40.36488],[-0.29769,40.36112],[-0.30532,40.36229],[-0.3083,40.35687],[-0.313,40.35838],[-0.31869,40.35451],[-0.32054,40.3503],[-0.32426,40.34701],[-0.32809,40.34646],[-0.32881,40.3443],[-0.32979,40.34523],[-0.33188,40.34444],[-0.33248,40.34091],[-0.33584,40.34119],[-0.33669,40.33911],[-0.34044,40.33933],[-0.34016,40.33589],[-0.34265,40.33429],[-0.34118,40.32858],[-0.34376,40.32698],[-0.34329,40.32522],[-0.34606,40.32487],[-0.34787,40.32815],[-0.34988,40.32771],[-0.34848,40.32072],[-0.35357,40.31802],[-0.35219,40.31728],[-0.35251,40.31362],[-0.35439,40.31347],[-0.35475,40.31473],[-0.35935,40.31316],[-0.3631,40.31672],[-0.36508,40.31327],[-0.36925,40.31134],[-0.3699,40.30975],[-0.36706,40.3081],[-0.36603,40.30524],[-0.36991,40.30662],[-0.3699,40.30451],[-0.37265,40.30399],[-0.37278,40.30873],[-0.37657,40.30504],[-0.3792,40.31014],[-0.38458,40.30677],[-0.38453,40.30553],[-0.38739,40.3059],[-0.38789,40.30731],[-0.38964,40.30601],[-0.39007,40.30565]]]}},{"type":"Feature","properties":{"mun_code":"12107","mun_name":"Sot de Ferrer","mun_name_local":null,"prov_code":"12","prov_name":"Castelló","acom_code":"10","acom_name":"Comunitat Valenciana","geo_point_2d":{"lon":-0.4013002880201644,"lat":39.80167222408449}},"geometry":{"type":"Polygon","coordinates":[[[-0.42606,39.80797],[-0.42181,39.80048],[-0.40519,39.78887],[-0.4024,39.78963],[-0.39455,39.78655],[-0.3942,39.7808],[-0.3918,39.77989],[-0.38881,39.79008],[-0.38276,39.79419],[-0.37792,39.79988],[-0.38399,39.80666],[-0.39057,39.81063],[-0.39527,39.816],[-0.41406,39.81519],[-0.42284,39.81012],[-0.42606,39.80797]]]}},{"type":"Feature","properties":{"mun_code":"12025","mun_name":"Benafigos","mun_name_local":null,"prov_code":"12","prov_name":"Castelló","acom_code":"10","acom_name":"Comunitat Valenciana","geo_point_2d":{"lon":-0.1953146544811514,"lat":40.27316787300377}},"geometry":{"type":"Polygon","coordinates":[[[-0.2385,40.27587],[-0.20979,40.25619],[-0.19266,40.2469],[-0.1779,40.23659],[-0.17017,40.23538],[-0.15791,40.24076],[-0.14987,40.23992],[-0.14719,40.23693],[-0.14218,40.23564],[-0.13765,40.23533],[-0.13611,40.2366],[-0.13562,40.23892],[-0.13913,40.24091],[-0.13811,40.24502],[-0.14998,40.25033],[-0.15095,40.25519],[-0.15387,40.25681],[-0.15369,40.2595],[-0.1569,40.25923],[-0.15802,40.25745],[-0.16095,40.2566],[-0.16241,40.26137],[-0.16975,40.26561],[-0.17034,40.27061],[-0.16851,40.27325],[-0.17114,40.27429],[-0.16954,40.27695],[-0.17217,40.27762],[-0.16906,40.28028],[-0.16878,40.28374],[-0.17123,40.28465],[-0.17351,40.28112],[-0.17517,40.28387],[-0.17875,40.28484],[-0.17837,40.28708],[-0.1814,40.28857],[-0.18127,40.28642],[-0.18482,40.28405],[-0.18726,40.28655],[-0.18574,40.28856],[-0.18663,40.28961],[-0.18903,40.28962],[-0.18885,40.28801],[-0.1921,40.28667],[-0.19548,40.28791],[-0.19298,40.29449],[-0.19611,40.29579],[-0.19329,40.30037],[-0.19729,40.30074],[-0.19519,40.30344],[-0.19841,40.30748],[-0.194,40.30798],[-0.19504,40.30931],[-0.19806,40.30938],[-0.19837,40.31247],[-0.2028,40.31151],[-0.20049,40.31591],[-0.20147,40.31779],[-0.20286,40.31602],[-0.20614,40.31594],[-0.20416,40.31905],[-0.20446,40.32222],[-0.20944,40.32268],[-0.20941,40.32071],[-0.23141,40.29978],[-0.23765,40.29156],[-0.23856,40.27917],[-0.2385,40.27587]]]}},{"type":"Feature","properties":{"mun_code":"12082","mun_name":"Nules","mun_name_local":null,"prov_code":"12","prov_name":"Castelló","acom_code":"10","acom_name":"Comunitat Valenciana","geo_point_2d":{"lon":-0.15929850815106167,"lat":39.85281908373505}},"geometry":{"type":"Polygon","coordinates":[[[-0.23598,39.86102],[-0.22673,39.86064],[-0.22307,39.86242],[-0.21599,39.86074],[-0.21461,39.85601],[-0.20697,39.85501],[-0.1724,39.83194],[-0.17433,39.81684],[-0.17129,39.81605],[-0.17212,39.81359],[-0.16416,39.80949],[-0.1624,39.81289],[-0.15371,39.82096],[-0.14031,39.8165],[-0.12394,39.809],[-0.11922,39.81657],[-0.10203,39.8337],[-0.0974,39.84217],[-0.12356,39.85716],[-0.13187,39.86436],[-0.13818,39.86736],[-0.14238,39.87187],[-0.14437,39.87691],[-0.14946,39.88171],[-0.15885,39.88509],[-0.16659,39.89028],[-0.16972,39.8959],[-0.19356,39.89546],[-0.19723,39.89889],[-0.22897,39.86712],[-0.23598,39.86102]],[[-0.18888,39.85047],[-0.19667,39.85201],[-0.19621,39.85784],[-0.199,39.86051],[-0.20421,39.86251],[-0.21292,39.86225],[-0.21522,39.86452],[-0.20972,39.87311],[-0.20101,39.87757],[-0.19634,39.87725],[-0.18753,39.87043],[-0.18031,39.86786],[-0.16971,39.86091],[-0.17178,39.86047],[-0.17649,39.85573],[-0.17203,39.85319],[-0.17383,39.85125],[-0.18142,39.85312],[-0.18855,39.85062],[-0.18888,39.85047]]]}},{"type":"Feature","properties":{"mun_code":"12069","mun_name":"Higueras","mun_name_local":null,"prov_code":"12","prov_name":"Castelló","acom_code":"10","acom_name":"Comunitat Valenciana","geo_point_2d":{"lon":-0.508516586392318,"lat":39.991763161826015}},"geometry":{"type":"Polygon","coordinates":[[[-0.52643,40.00943],[-0.5334,40.00051],[-0.52612,39.98464],[-0.5187,39.97812],[-0.51846,39.9708],[-0.50971,39.96585],[-0.50757,39.96838],[-0.50682,39.9744],[-0.5028,39.97931],[-0.49994,39.98189],[-0.49337,39.98275],[-0.48605,39.98715],[-0.48379,39.98952],[-0.48481,39.99107],[-0.48045,39.99246],[-0.48018,39.99552],[-0.48582,39.99889],[-0.48858,40.00543],[-0.4918,40.00689],[-0.49545,40.00456],[-0.50262,40.00425],[-0.504,40.00539],[-0.51325,40.00561],[-0.52086,40.00785],[-0.52643,40.00943]]]}},{"type":"Feature","properties":{"mun_code":"12902","mun_name":"Sant Joan de Moró","mun_name_local":null,"prov_code":"12","prov_name":"Castelló","acom_code":"10","acom_name":"Comunitat Valenciana","geo_point_2d":{"lon":-0.12697394019278543,"lat":40.068798281330714}},"geometry":{"type":"Polygon","coordinates":[[[-0.15778,40.03325],[-0.15391,40.03317],[-0.13797,40.03835],[-0.12624,40.0512],[-0.11844,40.05375],[-0.10806,40.05426],[-0.1003,40.05924],[-0.09232,40.06206],[-0.06608,40.08087],[-0.06864,40.08089],[-0.07096,40.08435],[-0.0763,40.08073],[-0.07891,40.0804],[-0.08223,40.08421],[-0.09064,40.08404],[-0.09457,40.0825],[-0.09603,40.07987],[-0.09264,40.07589],[-0.09611,40.0739],[-0.10077,40.07399],[-0.1046,40.07555],[-0.10635,40.08427],[-0.11013,40.08499],[-0.10948,40.08348],[-0.11521,40.08478],[-0.11404,40.08755],[-0.11916,40.09997],[-0.12357,40.09755],[-0.13584,40.09717],[-0.14156,40.09403],[-0.14553,40.0957],[-0.14347,40.08919],[-0.15366,40.08601],[-0.15554,40.0807],[-0.1629,40.07556],[-0.16582,40.0709],[-0.16418,40.06592],[-0.15461,40.0619],[-0.15174,40.05865],[-0.15199,40.05559],[-0.15696,40.05288],[-0.15459,40.0497],[-0.15806,40.04529],[-0.16061,40.03711],[-0.15859,40.03334],[-0.15778,40.03325]]]}},{"type":"Feature","properties":{"mun_code":"12011","mun_name":"Almenara","mun_name_local":null,"prov_code":"12","prov_name":"Castelló","acom_code":"10","acom_name":"Comunitat Valenciana","geo_point_2d":{"lon":-0.22643944076197958,"lat":39.7512594045117}},"geometry":{"type":"Polygon","coordinates":[[[-0.27653,39.77054],[-0.2756,39.76439],[-0.27156,39.76036],[-0.27371,39.7551],[-0.27195,39.75101],[-0.26418,39.7455],[-0.25714,39.74267],[-0.24683,39.74301],[-0.24081,39.74024],[-0.23474,39.73901],[-0.23396,39.74006],[-0.22577,39.7354],[-0.1885,39.72194],[-0.17259,39.74659],[-0.17692,39.74593],[-0.19148,39.75474],[-0.2461,39.7768],[-0.27653,39.77054]]]}},{"type":"Feature","properties":{"mun_code":"12901","mun_name":"les Alqueries","mun_name_local":"Alquerías del Niño Perdido","prov_code":"12","prov_name":"Castelló","acom_code":"10","acom_name":"Comunitat Valenciana","geo_point_2d":{"lon":-0.129776404761678,"lat":39.889518849168255}},"geometry":{"type":"Polygon","coordinates":[[[-0.16883,39.89302],[-0.15885,39.88509],[-0.14946,39.88171],[-0.13735,39.86675],[-0.12999,39.87153],[-0.1276,39.87476],[-0.11976,39.87694],[-0.10968,39.88338],[-0.10822,39.88944],[-0.10184,39.89604],[-0.1043,39.8973],[-0.09566,39.90309],[-0.09628,39.90403],[-0.10067,39.90278],[-0.10234,39.90414],[-0.10936,39.90427],[-0.11686,39.90705],[-0.13042,39.90611],[-0.13425,39.90065],[-0.14775,39.8918],[-0.15257,39.89436],[-0.16793,39.89302],[-0.16883,39.89302]]]}},{"type":"Feature","properties":{"mun_code":"12010","mun_name":"Almedíjar","mun_name_local":null,"prov_code":"12","prov_name":"Castelló","acom_code":"10","acom_name":"Comunitat Valenciana","geo_point_2d":{"lon":-0.40795255562031524,"lat":39.872342445932716}},"geometry":{"type":"Polygon","coordinates":[[[-0.44417,39.88102],[-0.44195,39.87657],[-0.43443,39.87026],[-0.43436,39.86123],[-0.42882,39.8566],[-0.42396,39.84923],[-0.4195,39.83846],[-0.40466,39.84828],[-0.40135,39.84888],[-0.39691,39.85491],[-0.39521,39.86086],[-0.39249,39.86274],[-0.39254,39.86579],[-0.38162,39.87565],[-0.3677,39.87993],[-0.3717,39.88726],[-0.37989,39.89419],[-0.38284,39.89473],[-0.41071,39.89178],[-0.44069,39.88238],[-0.44417,39.88102]]]}},{"type":"Feature","properties":{"mun_code":"12096","mun_name":"Rossell","mun_name_local":null,"prov_code":"12","prov_name":"Castelló","acom_code":"10","acom_name":"Comunitat Valenciana","geo_point_2d":{"lon":0.22462498347421786,"lat":40.62226740760665}},"geometry":{"type":"Polygon","coordinates":[[[0.13941,40.63679],[0.14707,40.62972],[0.15473,40.62709],[0.15752,40.61368],[0.16265,40.61489],[0.17441,40.61036],[0.17664,40.60419],[0.18488,40.59874],[0.18583,40.59555],[0.18639,40.59837],[0.18918,40.59677],[0.18947,40.5934],[0.19465,40.59091],[0.19944,40.59261],[0.20252,40.59225],[0.20436,40.58723],[0.20827,40.5887],[0.21167,40.59309],[0.21401,40.59213],[0.2139,40.58997],[0.21688,40.5864],[0.22017,40.5877],[0.22476,40.58641],[0.23172,40.58128],[0.23346,40.58259],[0.2409,40.58263],[0.24092,40.58057],[0.24514,40.57902],[0.2499,40.57501],[0.2564,40.57487],[0.25888,40.57665],[0.27259,40.6006],[0.28605,40.61371],[0.30745,40.61359],[0.30923,40.61695],[0.31104,40.61691],[0.30035,40.62283],[0.2986,40.62577],[0.29218,40.62312],[0.27904,40.6298],[0.27607,40.63673],[0.27076,40.63786],[0.27001,40.64066],[0.26577,40.64467],[0.26618,40.64659],[0.26936,40.6479],[0.26844,40.65982],[0.25516,40.66325],[0.24888,40.65998],[0.23881,40.66079],[0.21057,40.65524],[0.19928,40.65169],[0.19762,40.65247],[0.19075,40.65153],[0.1852,40.64958],[0.1774,40.65041],[0.17705,40.64895],[0.17284,40.64709],[0.15797,40.64621],[0.15104,40.64386],[0.14582,40.63973],[0.13941,40.63679]]]}},{"type":"Feature","properties":{"mun_code":"12121","mun_name":"Traiguera","mun_name_local":null,"prov_code":"12","prov_name":"Castelló","acom_code":"10","acom_name":"Comunitat Valenciana","geo_point_2d":{"lon":0.318180458389092,"lat":40.549050207108834}},"geometry":{"type":"Polygon","coordinates":[[[0.25285,40.52694],[0.25834,40.52365],[0.26133,40.51603],[0.25967,40.50753],[0.27178,40.50097],[0.26835,40.4954],[0.271,40.4895],[0.27997,40.48987],[0.29314,40.49978],[0.30698,40.49582],[0.30308,40.50717],[0.32058,40.52043],[0.31935,40.52804],[0.33577,40.53907],[0.35852,40.56036],[0.4176,40.58781],[0.4046,40.59483],[0.40638,40.59725],[0.40276,40.60198],[0.39506,40.60252],[0.39234,40.60417],[0.37642,40.58679],[0.36977,40.58271],[0.34766,40.59492],[0.34675,40.58561],[0.33669,40.57208],[0.33781,40.56425],[0.33259,40.56649],[0.33023,40.56935],[0.32065,40.57341],[0.31955,40.57584],[0.3166,40.5756],[0.31575,40.57835],[0.31213,40.57875],[0.30423,40.59117],[0.30272,40.59232],[0.30028,40.59162],[0.28259,40.55346],[0.27002,40.54429],[0.25925,40.53222],[0.25285,40.52694]]]}},{"type":"Feature","properties":{"mun_code":"12074","mun_name":"la Llosa","mun_name_local":null,"prov_code":"12","prov_name":"Castelló","acom_code":"10","acom_name":"Comunitat Valenciana","geo_point_2d":{"lon":-0.2024307948449381,"lat":39.76717860534793}},"geometry":{"type":"Polygon","coordinates":[[[-0.2461,39.7768],[-0.19148,39.75474],[-0.17692,39.74593],[-0.17224,39.7462],[-0.16722,39.75292],[-0.2102,39.78699],[-0.21889,39.78051],[-0.24562,39.77692],[-0.2461,39.7768]]]}},{"type":"Feature","properties":{"mun_code":"12070","mun_name":"la Jana","mun_name_local":null,"prov_code":"12","prov_name":"Castelló","acom_code":"10","acom_name":"Comunitat Valenciana","geo_point_2d":{"lon":0.2385720323794683,"lat":40.50228364877939}},"geometry":{"type":"Polygon","coordinates":[[[0.20106,40.51565],[0.20608,40.49947],[0.21288,40.49752],[0.22344,40.48564],[0.23374,40.48006],[0.2481,40.47772],[0.24966,40.4877],[0.26433,40.48499],[0.26833,40.48644],[0.271,40.4895],[0.26835,40.4954],[0.27178,40.50097],[0.25967,40.50753],[0.26133,40.51603],[0.25834,40.52365],[0.25285,40.52694],[0.23071,40.51912],[0.22973,40.51705],[0.20679,40.51643],[0.20106,40.51565]]]}},{"type":"Feature","properties":{"mun_code":"12099","mun_name":"Sant Jordi","mun_name_local":"San Jorge","prov_code":"12","prov_name":"Castelló","acom_code":"10","acom_name":"Comunitat Valenciana","geo_point_2d":{"lon":0.35961806219307657,"lat":40.53737891080721}},"geometry":{"type":"Polygon","coordinates":[[[0.30698,40.49582],[0.3207,40.49094],[0.3279,40.48626],[0.33985,40.49918],[0.34794,40.51093],[0.3537,40.51184],[0.35191,40.51435],[0.35338,40.51576],[0.36669,40.52318],[0.39979,40.54994],[0.41408,40.57152],[0.42422,40.58384],[0.4176,40.58781],[0.35852,40.56036],[0.33577,40.53907],[0.31935,40.52804],[0.32058,40.52043],[0.30308,40.50717],[0.30739,40.49702],[0.30698,40.49582]]]}},{"type":"Feature","properties":{"mun_code":"12135","mun_name":"Vila-real","mun_name_local":null,"prov_code":"12","prov_name":"Castelló","acom_code":"10","acom_name":"Comunitat Valenciana","geo_point_2d":{"lon":-0.1287623510960418,"lat":39.93313119831506}},"geometry":{"type":"Polygon","coordinates":[[[-0.17495,39.93801],[-0.16812,39.91831],[-0.17096,39.90137],[-0.16883,39.89302],[-0.15257,39.89436],[-0.14775,39.8918],[-0.13425,39.90065],[-0.13042,39.90611],[-0.11798,39.90712],[-0.10936,39.90427],[-0.10234,39.90414],[-0.10067,39.90278],[-0.09646,39.90376],[-0.09084,39.90911],[-0.09223,39.91192],[-0.09012,39.91144],[-0.09059,39.91319],[-0.08678,39.91545],[-0.08777,39.91764],[-0.08366,39.92094],[-0.08069,39.92093],[-0.06487,39.92902],[-0.06108,39.9329],[-0.06743,39.94038],[-0.08627,39.95395],[-0.10092,39.95484],[-0.10747,39.95929],[-0.11433,39.95995],[-0.11677,39.96361],[-0.11914,39.96292],[-0.12103,39.95993],[-0.12763,39.96247],[-0.12993,39.96181],[-0.13417,39.96553],[-0.14196,39.96601],[-0.14907,39.9702],[-0.15584,39.97159],[-0.15894,39.97578],[-0.16665,39.9805],[-0.17495,39.93833],[-0.17495,39.93801]]]}},{"type":"Feature","properties":{"mun_code":"12055","mun_name":"Xodos","mun_name_local":"Chodos","prov_code":"12","prov_name":"Castelló","acom_code":"10","acom_name":"Comunitat Valenciana","geo_point_2d":{"lon":-0.289588747318028,"lat":40.23077525700892}},"geometry":{"type":"Polygon","coordinates":[[[-0.34974,40.22271],[-0.33819,40.22051],[-0.32114,40.2091],[-0.31753,40.21131],[-0.31477,40.21119],[-0.29172,40.2052],[-0.26867,40.19666],[-0.25188,40.20348],[-0.23881,40.22386],[-0.23393,40.22322],[-0.23965,40.23361],[-0.26337,40.24859],[-0.28293,40.26472],[-0.29646,40.26821],[-0.31181,40.26552],[-0.31297,40.25776],[-0.31744,40.25497],[-0.31878,40.24867],[-0.32555,40.24838],[-0.33138,40.2352],[-0.33298,40.23436],[-0.3374,40.23609],[-0.34473,40.23479],[-0.3486,40.23101],[-0.34974,40.22271]]]}},{"type":"Feature","properties":{"mun_code":"12067","mun_name":"Geldo","mun_name_local":null,"prov_code":"12","prov_name":"Castelló","acom_code":"10","acom_name":"Comunitat Valenciana","geo_point_2d":{"lon":-0.4655785383270174,"lat":39.83601562887307}},"geometry":{"type":"Polygon","coordinates":[[[-0.46441,39.83938],[-0.46735,39.84301],[-0.46713,39.84103],[-0.47024,39.83768],[-0.46952,39.83518],[-0.46459,39.83078],[-0.46017,39.83295],[-0.46369,39.83809],[-0.46441,39.83938]]]}},{"type":"Feature","properties":{"mun_code":"12051","mun_name":"Culla","mun_name_local":null,"prov_code":"12","prov_name":"Castelló","acom_code":"10","acom_name":"Comunitat Valenciana","geo_point_2d":{"lon":-0.1234821255630468,"lat":40.30818631490635}},"geometry":{"type":"Polygon","coordinates":[[[-0.20944,40.32268],[-0.20407,40.32196],[-0.20614,40.31594],[-0.20286,40.31602],[-0.20275,40.3176],[-0.20106,40.31749],[-0.2028,40.31151],[-0.19837,40.31247],[-0.19806,40.30938],[-0.19412,40.30829],[-0.19446,40.30712],[-0.19841,40.30748],[-0.19519,40.30344],[-0.19729,40.30074],[-0.19329,40.30037],[-0.19611,40.29579],[-0.19298,40.29449],[-0.19548,40.28791],[-0.19156,40.28681],[-0.18885,40.28801],[-0.18808,40.28996],[-0.18572,40.28879],[-0.18733,40.2868],[-0.18534,40.2842],[-0.18153,40.2861],[-0.1814,40.28857],[-0.17837,40.28708],[-0.17875,40.28484],[-0.17517,40.28387],[-0.17411,40.28135],[-0.17123,40.28465],[-0.16845,40.28339],[-0.16906,40.28028],[-0.17217,40.27762],[-0.16954,40.27695],[-0.17114,40.27429],[-0.16851,40.27325],[-0.17034,40.27061],[-0.16986,40.26588],[-0.16241,40.26137],[-0.16095,40.2566],[-0.15964,40.25702],[-0.16079,40.2662],[-0.15629,40.27363],[-0.1432,40.27995],[-0.13888,40.28508],[-0.11074,40.2742],[-0.11337,40.26988],[-0.11111,40.26169],[-0.1188,40.25164],[-0.11897,40.24725],[-0.12207,40.24228],[-0.11197,40.23799],[-0.10986,40.2336],[-0.10607,40.23254],[-0.10363,40.23383],[-0.10353,40.23907],[-0.09851,40.23997],[-0.09412,40.23622],[-0.09336,40.23119],[-0.09805,40.22305],[-0.0946,40.22134],[-0.0855,40.22001],[-0.08493,40.22539],[-0.08145,40.2263],[-0.0777,40.23848],[-0.07554,40.25337],[-0.08167,40.25665],[-0.08179,40.26089],[-0.07943,40.26233],[-0.07223,40.26319],[-0.06944,40.266],[-0.06893,40.26859],[-0.07076,40.27037],[-0.06904,40.27452],[-0.06506,40.27511],[-0.06836,40.27874],[-0.05724,40.28487],[-0.05554,40.29977],[-0.0508,40.30062],[-0.04825,40.30251],[-0.04475,40.31451],[-0.0394,40.31483],[-0.03548,40.31938],[-0.03266,40.32384],[-0.03166,40.32944],[-0.0176,40.34444],[-0.01585,40.35193],[-0.01857,40.35541],[-0.02859,40.3625],[-0.04472,40.34378],[-0.04473,40.34008],[-0.05427,40.33194],[-0.05376,40.32461],[-0.05876,40.32159],[-0.0681,40.31032],[-0.07052,40.30835],[-0.07419,40.30791],[-0.08016,40.30115],[-0.08545,40.29806],[-0.10144,40.30956],[-0.10481,40.31306],[-0.10582,40.31799],[-0.10566,40.32387],[-0.1027,40.32778],[-0.09763,40.33035],[-0.09066,40.33072],[-0.08327,40.3343],[-0.08654,40.33522],[-0.08785,40.33736],[-0.08972,40.33655],[-0.09263,40.33736],[-0.0873,40.34997],[-0.08881,40.35902],[-0.09219,40.35793],[-0.0995,40.35056],[-0.14431,40.36056],[-0.15455,40.35643],[-0.16074,40.35615],[-0.17119,40.35969],[-0.18107,40.35994],[-0.18492,40.36158],[-0.18846,40.3609],[-0.19123,40.35865],[-0.19591,40.36025],[-0.19724,40.35951],[-0.19708,40.35578],[-0.20014,40.35407],[-0.20006,40.35033],[-0.2032,40.35105],[-0.20431,40.34773],[-0.20923,40.34534],[-0.20622,40.34402],[-0.20524,40.34574],[-0.20298,40.34586],[-0.2025,40.3441],[-0.20636,40.33973],[-0.20334,40.33917],[-0.2031,40.33778],[-0.19982,40.33848],[-0.19931,40.33692],[-0.19751,40.33719],[-0.19881,40.33518],[-0.20319,40.336],[-0.20229,40.33385],[-0.20682,40.33043],[-0.20418,40.32952],[-0.20957,40.32306],[-0.20944,40.32268]]]}},{"type":"Feature","properties":{"mun_code":"12081","mun_name":"Navajas","mun_name_local":null,"prov_code":"12","prov_name":"Castelló","acom_code":"10","acom_name":"Comunitat Valenciana","geo_point_2d":{"lon":-0.5005227834512345,"lat":39.881427233519325}},"geometry":{"type":"Polygon","coordinates":[[[-0.51886,39.87648],[-0.50156,39.86455],[-0.47729,39.87872],[-0.49537,39.8964],[-0.50242,39.89702],[-0.51001,39.89347],[-0.51928,39.88529],[-0.52063,39.8838],[-0.51955,39.87884],[-0.51886,39.87648]]]}},{"type":"Feature","properties":{"mun_code":"12094","mun_name":"la Pobla Tornesa","mun_name_local":null,"prov_code":"12","prov_name":"Castelló","acom_code":"10","acom_name":"Comunitat Valenciana","geo_point_2d":{"lon":-0.0012213804286234822,"lat":40.103475905083684}},"geometry":{"type":"Polygon","coordinates":[[[-0.05482,40.09171],[-0.04457,40.08993],[-0.02523,40.09012],[-0.01101,40.09743],[-0.0089,40.08201],[0.00268,40.07034],[0.03502,40.08647],[0.02427,40.10572],[0.0228,40.11825],[0.01892,40.11865],[0.01856,40.12584],[0.0146,40.13428],[0.01701,40.14257],[0.0008,40.1412],[-0.00341,40.13334],[-0.00509,40.11943],[-0.0134,40.11743],[-0.01885,40.11273],[-0.03012,40.11203],[-0.03235,40.10785],[-0.0417,40.10198],[-0.04833,40.10004],[-0.04955,40.09635],[-0.05487,40.09189],[-0.05482,40.09171]]]}},{"type":"Feature","properties":{"mun_code":"12056","mun_name":"Chóvar","mun_name_local":null,"prov_code":"12","prov_name":"Castelló","acom_code":"10","acom_name":"Comunitat Valenciana","geo_point_2d":{"lon":-0.3240374271787347,"lat":39.84914498655645}},"geometry":{"type":"Polygon","coordinates":[[[-0.34398,39.87431],[-0.34474,39.87151],[-0.34071,39.86434],[-0.34478,39.85712],[-0.34426,39.85051],[-0.34987,39.84258],[-0.35092,39.83772],[-0.34919,39.83291],[-0.34216,39.82933],[-0.33819,39.82922],[-0.32964,39.82352],[-0.32655,39.82455],[-0.31629,39.82305],[-0.31279,39.8308],[-0.30247,39.84131],[-0.30006,39.85345],[-0.29229,39.8579],[-0.29339,39.86375],[-0.298,39.86702],[-0.30442,39.86825],[-0.30626,39.86735],[-0.31216,39.86821],[-0.31753,39.86531],[-0.32313,39.86583],[-0.32628,39.87079],[-0.32568,39.87237],[-0.33642,39.87444],[-0.34374,39.87448],[-0.34398,39.87431]]]}},{"type":"Feature","properties":{"mun_code":"12125","mun_name":"Vall de Almonacid","mun_name_local":null,"prov_code":"12","prov_name":"Castelló","acom_code":"10","acom_name":"Comunitat Valenciana","geo_point_2d":{"lon":-0.45821528562020436,"lat":39.89785071240732}},"geometry":{"type":"Polygon","coordinates":[[[-0.50242,39.89702],[-0.49537,39.8964],[-0.47729,39.87872],[-0.45977,39.87907],[-0.45384,39.88068],[-0.44417,39.88102],[-0.43401,39.88524],[-0.41111,39.89166],[-0.40953,39.89843],[-0.41833,39.90085],[-0.41925,39.90592],[-0.43398,39.90239],[-0.44102,39.9043],[-0.44902,39.9091],[-0.45377,39.91766],[-0.46941,39.92372],[-0.47658,39.91556],[-0.48238,39.91336],[-0.50201,39.89713],[-0.50242,39.89702]]]}},{"type":"Feature","properties":{"mun_code":"12140","mun_name":"Viver","mun_name_local":null,"prov_code":"12","prov_name":"Castelló","acom_code":"10","acom_name":"Comunitat Valenciana","geo_point_2d":{"lon":-0.6301166122714402,"lat":39.93223668735699}},"geometry":{"type":"Polygon","coordinates":[[[-0.68999,39.95191],[-0.6769,39.94446],[-0.66462,39.93381],[-0.63251,39.89389],[-0.63022,39.88686],[-0.62703,39.88263],[-0.62044,39.87852],[-0.61538,39.87926],[-0.59818,39.89474],[-0.59831,39.89983],[-0.59635,39.90377],[-0.59734,39.9099],[-0.59589,39.91192],[-0.59051,39.91221],[-0.58742,39.91375],[-0.58412,39.92566],[-0.58464,39.92974],[-0.5896,39.93047],[-0.59609,39.9445],[-0.59551,39.94918],[-0.59859,39.95321],[-0.618,39.96179],[-0.62499,39.96751],[-0.63363,39.96878],[-0.6475,39.98165],[-0.64995,39.97998],[-0.65448,39.97995],[-0.65586,39.96388],[-0.65764,39.96397],[-0.65958,39.96127],[-0.66256,39.96187],[-0.667,39.9606],[-0.6742,39.9624],[-0.67746,39.95913],[-0.6918,39.95664],[-0.69176,39.95424],[-0.68999,39.95191]]]}},{"type":"Feature","properties":{"mun_code":"12002","mun_name":"Aín","mun_name_local":null,"prov_code":"12","prov_name":"Castelló","acom_code":"10","acom_name":"Comunitat Valenciana","geo_point_2d":{"lon":-0.3486752810577847,"lat":39.893836905003816}},"geometry":{"type":"Polygon","coordinates":[[[-0.38284,39.89473],[-0.37989,39.89419],[-0.3717,39.88726],[-0.3677,39.87993],[-0.36253,39.88048],[-0.35867,39.87779],[-0.35713,39.87858],[-0.34821,39.87703],[-0.34398,39.87431],[-0.33591,39.87435],[-0.3379,39.8779],[-0.33638,39.87944],[-0.33799,39.88088],[-0.33696,39.88612],[-0.33066,39.88626],[-0.32731,39.89723],[-0.31983,39.90218],[-0.32436,39.90733],[-0.32215,39.9092],[-0.33227,39.91157],[-0.35347,39.90823],[-0.35581,39.90676],[-0.36108,39.89752],[-0.37658,39.90142],[-0.38284,39.89473]]]}},{"type":"Feature","properties":{"mun_code":"12095","mun_name":"Ribesalbes","mun_name_local":null,"prov_code":"12","prov_name":"Castelló","acom_code":"10","acom_name":"Comunitat Valenciana","geo_point_2d":{"lon":-0.27783444825589126,"lat":40.026963465880534}},"geometry":{"type":"Polygon","coordinates":[[[-0.29269,40.04731],[-0.29878,40.03982],[-0.29837,40.03749],[-0.29113,40.0227],[-0.28697,40.0193],[-0.28471,40.01156],[-0.28099,40.01339],[-0.27573,40.01138],[-0.27087,40.01134],[-0.26378,40.0134],[-0.26133,40.01567],[-0.25663,40.01133],[-0.25316,40.01188],[-0.24967,40.01551],[-0.24856,40.02063],[-0.25833,40.02164],[-0.26546,40.02438],[-0.27087,40.03052],[-0.27616,40.03994],[-0.28791,40.04749],[-0.29067,40.04751],[-0.29269,40.04731]]]}},{"type":"Feature","properties":{"mun_code":"12017","mun_name":"Ayódar","mun_name_local":null,"prov_code":"12","prov_name":"Castelló","acom_code":"10","acom_name":"Comunitat Valenciana","geo_point_2d":{"lon":-0.3849617720891251,"lat":39.992037335565804}},"geometry":{"type":"Polygon","coordinates":[[[-0.4222,39.97601],[-0.41739,39.97277],[-0.41784,39.97158],[-0.41507,39.97161],[-0.41102,39.96908],[-0.40443,39.97424],[-0.39056,39.97661],[-0.38252,39.97106],[-0.36723,39.97131],[-0.36531,39.97359],[-0.36146,39.97433],[-0.35667,39.98135],[-0.35027,39.97801],[-0.34811,39.97534],[-0.34131,39.97986],[-0.34972,39.98966],[-0.35263,39.99893],[-0.34622,40.00467],[-0.35677,40.00713],[-0.37055,40.0061],[-0.38734,40.01667],[-0.40289,40.01994],[-0.40326,40.01184],[-0.41318,40.00319],[-0.42157,39.99906],[-0.41963,39.99254],[-0.41601,39.98762],[-0.42044,39.97887],[-0.4222,39.97601]]]}},{"type":"Feature","properties":{"mun_code":"12032","mun_name":"Borriana","mun_name_local":"Burriana","prov_code":"12","prov_name":"Castelló","acom_code":"10","acom_name":"Comunitat Valenciana","geo_point_2d":{"lon":-0.07432486882602769,"lat":39.89004695119587}},"geometry":{"type":"Polygon","coordinates":[[[-0.13735,39.86675],[-0.13187,39.86436],[-0.12356,39.85716],[-0.0974,39.84217],[-0.08887,39.85398],[-0.0792,39.86185],[-0.07683,39.86271],[-0.06902,39.85851],[-0.07525,39.86188],[-0.0707,39.86442],[-0.06857,39.8625],[-0.06994,39.86111],[-0.06683,39.86128],[-0.06699,39.85736],[-0.06578,39.86115],[-0.06254,39.86093],[-0.06485,39.86121],[-0.06487,39.86237],[-0.06209,39.86809],[-0.06068,39.86931],[-0.05787,39.86833],[-0.06022,39.86925],[-0.05794,39.87318],[-0.05643,39.87384],[-0.05432,39.87236],[-0.05592,39.87372],[-0.05423,39.87635],[-0.03282,39.89519],[-0.02392,39.90156],[-0.01293,39.9067],[-0.00973,39.91067],[-0.02119,39.91845],[-0.05584,39.92922],[-0.06108,39.9329],[-0.06487,39.92902],[-0.08069,39.92093],[-0.08366,39.92094],[-0.08777,39.91764],[-0.08678,39.91545],[-0.09059,39.91319],[-0.09012,39.91144],[-0.09223,39.91192],[-0.09084,39.90911],[-0.09474,39.90635],[-0.0956,39.90241],[-0.10462,39.8968],[-0.10184,39.89604],[-0.10822,39.88944],[-0.10968,39.88338],[-0.11976,39.87694],[-0.1276,39.87476],[-0.12999,39.87153],[-0.13596,39.86806],[-0.13735,39.86675]]]}},{"type":"Feature","properties":{"mun_code":"12004","mun_name":"Alcalà de Xivert","mun_name_local":null,"prov_code":"12","prov_name":"Castelló","acom_code":"10","acom_name":"Comunitat Valenciana","geo_point_2d":{"lon":0.23125090370893375,"lat":40.29582897275108}},"geometry":{"type":"Polygon","coordinates":[[[0.15381,40.22343],[0.15719,40.22137],[0.16571,40.21969],[0.17058,40.22164],[0.17894,40.23151],[0.19494,40.23582],[0.20631,40.23417],[0.23016,40.22343],[0.23589,40.21889],[0.24817,40.21281],[0.25341,40.20886],[0.25549,40.20347],[0.26526,40.20981],[0.27836,40.24415],[0.28754,40.24848],[0.28646,40.24866],[0.28837,40.24977],[0.28715,40.24942],[0.28781,40.25117],[0.28919,40.25047],[0.28797,40.24794],[0.2895,40.25039],[0.28716,40.25255],[0.28882,40.25254],[0.29602,40.25845],[0.3041,40.25967],[0.31057,40.26853],[0.31773,40.2709],[0.32221,40.27449],[0.29586,40.30718],[0.29812,40.30969],[0.30242,40.32346],[0.2421,40.36258],[0.18952,40.39342],[0.18667,40.39091],[0.18458,40.38571],[0.17741,40.38084],[0.17166,40.3736],[0.16895,40.37305],[0.16754,40.37058],[0.16939,40.36778],[0.16456,40.35977],[0.1805,40.34333],[0.16554,40.32784],[0.17357,40.3108],[0.17987,40.30338],[0.18046,40.2992],[0.1797,40.29419],[0.17371,40.29042],[0.17183,40.28691],[0.17359,40.27883],[0.17532,40.27736],[0.17647,40.26531],[0.17412,40.25689],[0.16,40.231],[0.15445,40.22354],[0.15381,40.22343]]]}},{"type":"Feature","properties":{"mun_code":"12118","mun_name":"Torrechiva","mun_name_local":null,"prov_code":"12","prov_name":"Castelló","acom_code":"10","acom_name":"Comunitat Valenciana","geo_point_2d":{"lon":-0.4041322738495194,"lat":40.04912061481342}},"geometry":{"type":"Polygon","coordinates":[[[-0.43226,40.03887],[-0.4217,40.03724],[-0.40735,40.02565],[-0.39972,40.02823],[-0.38874,40.04031],[-0.38469,40.04875],[-0.38517,40.05826],[-0.38786,40.06285],[-0.39184,40.06447],[-0.39697,40.07017],[-0.39712,40.07637],[-0.40347,40.07469],[-0.40501,40.07314],[-0.41816,40.05156],[-0.43066,40.04144],[-0.43226,40.03887]]]}},{"type":"Feature","properties":{"mun_code":"12124","mun_name":"Vall d'Alba","mun_name_local":null,"prov_code":"12","prov_name":"Castelló","acom_code":"10","acom_name":"Comunitat Valenciana","geo_point_2d":{"lon":-0.029331704597579857,"lat":40.18211727554505}},"geometry":{"type":"Polygon","coordinates":[[[-0.08578,40.16458],[-0.0772,40.16541],[-0.06258,40.16073],[-0.06096,40.15532],[-0.06243,40.15313],[-0.05972,40.15399],[-0.0538,40.15196],[-0.04862,40.15433],[-0.04657,40.1521],[-0.04011,40.15542],[-0.02493,40.15398],[-0.00139,40.14612],[0.00798,40.14821],[0.01248,40.1523],[0.01763,40.15252],[0.01459,40.16552],[0.02759,40.1877],[0.02077,40.18998],[0.0194,40.19512],[0.01457,40.19848],[0.01401,40.20114],[0.00955,40.20526],[-0.00423,40.20685],[-0.00868,40.21535],[-0.05233,40.20905],[-0.08337,40.2152],[-0.08456,40.21271],[-0.08021,40.20699],[-0.08011,40.1986],[-0.07615,40.18681],[-0.07785,40.18002],[-0.08171,40.17354],[-0.08169,40.16876],[-0.08542,40.16488],[-0.08578,40.16458]]]}},{"type":"Feature","properties":{"mun_code":"12141","mun_name":"Zorita del Maestrazgo","mun_name_local":null,"prov_code":"12","prov_name":"Castelló","acom_code":"10","acom_name":"Comunitat Valenciana","geo_point_2d":{"lon":-0.1648094266080209,"lat":40.74169506368476}},"geometry":{"type":"Polygon","coordinates":[[[-0.23926,40.71804],[-0.23638,40.70965],[-0.232,40.70834],[-0.22553,40.71594],[-0.2173,40.72224],[-0.21166,40.72117],[-0.20899,40.72278],[-0.19895,40.72377],[-0.19221,40.72768],[-0.18378,40.72742],[-0.18015,40.72441],[-0.17865,40.71824],[-0.17632,40.71577],[-0.16986,40.7139],[-0.16659,40.71532],[-0.16318,40.71489],[-0.1493,40.70857],[-0.14106,40.70719],[-0.13171,40.6999],[-0.11073,40.6929],[-0.10439,40.70672],[-0.10267,40.70767],[-0.1049,40.71847],[-0.10255,40.72448],[-0.10363,40.73116],[-0.10172,40.73552],[-0.10204,40.74271],[-0.10748,40.74339],[-0.1129,40.74831],[-0.12545,40.75253],[-0.13314,40.75796],[-0.13563,40.76352],[-0.14384,40.76869],[-0.14718,40.77512],[-0.14471,40.78243],[-0.14531,40.78593],[-0.16496,40.78863],[-0.16679,40.78575],[-0.19718,40.78446],[-0.19413,40.7822],[-0.20174,40.77953],[-0.20079,40.77718],[-0.20224,40.77501],[-0.20557,40.77336],[-0.20588,40.77094],[-0.21045,40.76738],[-0.21284,40.75827],[-0.21699,40.75573],[-0.22403,40.75416],[-0.22704,40.748],[-0.22672,40.74406],[-0.23051,40.73854],[-0.22923,40.73568],[-0.23167,40.73281],[-0.23128,40.7291],[-0.23317,40.72585],[-0.23719,40.72374],[-0.23909,40.71933],[-0.23926,40.71804]]]}},{"type":"Feature","properties":{"mun_code":"12072","mun_name":"Llucena","mun_name_local":"Lucena del Cid","prov_code":"12","prov_name":"Castelló","acom_code":"10","acom_name":"Comunitat Valenciana","geo_point_2d":{"lon":-0.2809771612771929,"lat":40.14957598092258}},"geometry":{"type":"Polygon","coordinates":[[[-0.32568,40.11758],[-0.32016,40.10814],[-0.31776,40.09927],[-0.32111,40.09503],[-0.322,40.08553],[-0.32425,40.08353],[-0.31981,40.07356],[-0.32169,40.06897],[-0.31972,40.06691],[-0.31025,40.06726],[-0.30961,40.06216],[-0.3055,40.05876],[-0.30037,40.06632],[-0.29401,40.07141],[-0.27946,40.07973],[-0.25842,40.08807],[-0.2602,40.09298],[-0.25874,40.09577],[-0.25153,40.09882],[-0.24274,40.09969],[-0.2346,40.09723],[-0.22917,40.10615],[-0.25018,40.1106],[-0.25583,40.11428],[-0.24718,40.12034],[-0.25172,40.12477],[-0.23344,40.13329],[-0.22116,40.13705],[-0.22038,40.14133],[-0.21352,40.14471],[-0.198,40.14417],[-0.20769,40.14988],[-0.20719,40.15521],[-0.21012,40.15719],[-0.20158,40.17366],[-0.19683,40.17653],[-0.21892,40.20133],[-0.23393,40.22322],[-0.23881,40.22386],[-0.25188,40.20348],[-0.26867,40.19666],[-0.29172,40.2052],[-0.31477,40.21119],[-0.31864,40.21094],[-0.32114,40.2091],[-0.31984,40.20377],[-0.3225,40.19736],[-0.32213,40.18995],[-0.33121,40.1848],[-0.3372,40.18586],[-0.34008,40.18359],[-0.34611,40.18291],[-0.34939,40.1792],[-0.35758,40.17846],[-0.36116,40.17597],[-0.36254,40.17318],[-0.36017,40.16527],[-0.36105,40.14571],[-0.35748,40.14357],[-0.35069,40.1426],[-0.34491,40.1382],[-0.33899,40.13613],[-0.33652,40.13211],[-0.32994,40.12795],[-0.32666,40.11887],[-0.32568,40.11758]]]}},{"type":"Feature","properties":{"mun_code":"12089","mun_name":"Peníscola","mun_name_local":"Peñíscola","prov_code":"12","prov_name":"Castelló","acom_code":"10","acom_name":"Comunitat Valenciana","geo_point_2d":{"lon":0.3551090506222104,"lat":40.35693370427704}},"geometry":{"type":"Polygon","coordinates":[[[0.30242,40.32346],[0.29812,40.30969],[0.29586,40.30718],[0.32265,40.27435],[0.33172,40.28178],[0.33527,40.29172],[0.33872,40.294],[0.34668,40.29611],[0.35031,40.29964],[0.35401,40.31226],[0.36288,40.31995],[0.36627,40.32601],[0.37402,40.33002],[0.37582,40.33323],[0.38639,40.34017],[0.39231,40.35192],[0.39849,40.35437],[0.39977,40.35787],[0.40336,40.35778],[0.40341,40.35563],[0.40492,40.35743],[0.40638,40.35627],[0.40238,40.35333],[0.40845,40.35735],[0.4083,40.35978],[0.40486,40.35994],[0.40359,40.36323],[0.40993,40.38474],[0.41727,40.39957],[0.35558,40.42418],[0.34803,40.42297],[0.34037,40.41708],[0.33816,40.40763],[0.32935,40.40147],[0.31248,40.39342],[0.33204,40.38533],[0.34819,40.37306],[0.34862,40.36988],[0.34392,40.36464],[0.34196,40.3533],[0.33085,40.34937],[0.32878,40.34737],[0.32507,40.3473],[0.31991,40.34171],[0.31331,40.33919],[0.30404,40.32917],[0.30263,40.32466],[0.30242,40.32346]]]}},{"type":"Feature","properties":{"mun_code":"12101","mun_name":"San Rafael del Río","mun_name_local":null,"prov_code":"12","prov_name":"Castelló","acom_code":"10","acom_name":"Comunitat Valenciana","geo_point_2d":{"lon":0.3393142254336652,"lat":40.59452684999219}},"geometry":{"type":"Polygon","coordinates":[[[0.30028,40.59162],[0.30272,40.59232],[0.30423,40.59117],[0.31213,40.57875],[0.31575,40.57835],[0.3166,40.5756],[0.31955,40.57584],[0.32065,40.57341],[0.33023,40.56935],[0.33259,40.56649],[0.33781,40.56425],[0.33669,40.57208],[0.34675,40.58561],[0.34766,40.59492],[0.36977,40.58271],[0.37642,40.58679],[0.39234,40.60417],[0.38839,40.60674],[0.37595,40.60654],[0.37107,40.60504],[0.36797,40.60642],[0.36021,40.60597],[0.3508,40.60816],[0.34463,40.6076],[0.32354,40.61252],[0.31904,40.6149],[0.31578,40.61403],[0.31104,40.61691],[0.30336,40.59889],[0.30087,40.59616],[0.30077,40.59272],[0.30028,40.59162]]]}},{"type":"Feature","properties":{"mun_code":"12134","mun_name":"Vilar de Canes","mun_name_local":null,"prov_code":"12","prov_name":"Castelló","acom_code":"10","acom_name":"Comunitat Valenciana","geo_point_2d":{"lon":-0.06315278675137896,"lat":40.35413975662234}},"geometry":{"type":"Polygon","coordinates":[[[-0.08881,40.35902],[-0.0873,40.34997],[-0.09283,40.33942],[-0.09255,40.33715],[-0.08785,40.33736],[-0.08654,40.33522],[-0.083,40.33411],[-0.07905,40.33604],[-0.07628,40.33448],[-0.06616,40.33651],[-0.06193,40.33483],[-0.05436,40.33915],[-0.05415,40.33747],[-0.05182,40.33879],[-0.05024,40.33675],[-0.04807,40.33713],[-0.04473,40.34008],[-0.04472,40.34378],[-0.02859,40.3625],[-0.03398,40.36505],[-0.0508,40.36691],[-0.05313,40.37149],[-0.07165,40.37982],[-0.07627,40.37071],[-0.07653,40.36706],[-0.08098,40.3612],[-0.08838,40.35905],[-0.08881,40.35902]]]}},{"type":"Feature","properties":{"mun_code":"12077","mun_name":"Moncofa","mun_name_local":null,"prov_code":"12","prov_name":"Castelló","acom_code":"10","acom_name":"Comunitat Valenciana","geo_point_2d":{"lon":-0.15292034557702655,"lat":39.79881995650658}},"geometry":{"type":"Polygon","coordinates":[[[-0.18142,39.79855],[-0.16903,39.78783],[-0.15227,39.77018],[-0.14138,39.78651],[-0.13674,39.78933],[-0.12394,39.809],[-0.14031,39.8165],[-0.15371,39.82096],[-0.1624,39.81289],[-0.16416,39.80949],[-0.17212,39.81359],[-0.18077,39.79921],[-0.18142,39.79855]]]}},{"type":"Feature","properties":{"mun_code":"12122","mun_name":"les Useres","mun_name_local":"Useras","prov_code":"12","prov_name":"Castelló","acom_code":"10","acom_name":"Comunitat Valenciana","geo_point_2d":{"lon":-0.13378165734918637,"lat":40.1783389339166}},"geometry":{"type":"Polygon","coordinates":[[[-0.198,40.14417],[-0.19427,40.14133],[-0.18861,40.13991],[-0.17904,40.14465],[-0.17092,40.14562],[-0.16984,40.14254],[-0.16215,40.14325],[-0.16067,40.14158],[-0.15007,40.14009],[-0.15012,40.14181],[-0.14778,40.14221],[-0.14525,40.14539],[-0.14005,40.14565],[-0.1321,40.14015],[-0.13146,40.1386],[-0.13436,40.13605],[-0.13324,40.13226],[-0.13013,40.12954],[-0.11563,40.1305],[-0.10933,40.12937],[-0.10687,40.13068],[-0.0977,40.1428],[-0.0965,40.14976],[-0.08169,40.16876],[-0.08171,40.17354],[-0.07785,40.18002],[-0.07615,40.18681],[-0.08011,40.1986],[-0.08021,40.20699],[-0.08456,40.21271],[-0.08017,40.21791],[-0.09805,40.22305],[-0.09336,40.23119],[-0.09412,40.23622],[-0.09851,40.23997],[-0.10353,40.23907],[-0.10447,40.23274],[-0.11033,40.2341],[-0.11107,40.23088],[-0.11692,40.22824],[-0.12429,40.22695],[-0.12693,40.22884],[-0.13451,40.22927],[-0.13599,40.22201],[-0.14138,40.21881],[-0.13898,40.21564],[-0.14061,40.21044],[-0.14624,40.21169],[-0.15425,40.2103],[-0.15812,40.20415],[-0.15793,40.20189],[-0.16866,40.19403],[-0.17483,40.19258],[-0.18327,40.18575],[-0.1894,40.18301],[-0.19534,40.17747],[-0.20044,40.17513],[-0.21012,40.15719],[-0.20719,40.15521],[-0.20769,40.14988],[-0.19912,40.14475],[-0.198,40.14417]]]}},{"type":"Feature","properties":{"mun_code":"12052","mun_name":"Xert","mun_name_local":null,"prov_code":"12","prov_name":"Castelló","acom_code":"10","acom_name":"Comunitat Valenciana","geo_point_2d":{"lon":0.1343551092221597,"lat":40.53387671283218}},"geometry":{"type":"Polygon","coordinates":[[[0.07862,40.5721],[0.07776,40.56589],[0.08256,40.56111],[0.08518,40.55551],[0.08311,40.54855],[0.08636,40.54939],[0.095,40.54742],[0.09721,40.5456],[0.0984,40.54119],[0.09875,40.53726],[0.09571,40.53614],[0.09258,40.52967],[0.09374,40.52558],[0.092,40.52486],[0.09059,40.51858],[0.08579,40.51492],[0.07969,40.5028],[0.0819,40.50162],[0.09163,40.48108],[0.09747,40.48133],[0.09997,40.47978],[0.10594,40.48042],[0.10603,40.48307],[0.10821,40.48474],[0.11601,40.48748],[0.11842,40.48974],[0.12489,40.48995],[0.13142,40.4874],[0.13917,40.48982],[0.17174,40.50599],[0.18686,40.49708],[0.20095,40.49786],[0.20608,40.49947],[0.20106,40.51565],[0.1708,40.53562],[0.18195,40.54162],[0.18584,40.55489],[0.18291,40.56444],[0.16318,40.57939],[0.14582,40.57456],[0.13098,40.58054],[0.12817,40.58059],[0.12199,40.58506],[0.11629,40.58659],[0.09933,40.58293],[0.0877,40.57573],[0.07939,40.57258],[0.07862,40.5721]]]}},{"type":"Feature","properties":{"mun_code":"12120","mun_name":"la Torre d'en Doménec","mun_name_local":null,"prov_code":"12","prov_name":"Castelló","acom_code":"10","acom_name":"Comunitat Valenciana","geo_point_2d":{"lon":0.07268474148276789,"lat":40.26815213417706}},"geometry":{"type":"Polygon","coordinates":[[[0.07587,40.25764],[0.08056,40.25934],[0.0858,40.26833],[0.08891,40.27069],[0.06419,40.27688],[0.05583,40.27245],[0.06763,40.26247],[0.07431,40.2591],[0.07587,40.25764]]]}},{"type":"Feature","properties":{"mun_code":"12036","mun_name":"Canet lo Roig","mun_name_local":null,"prov_code":"12","prov_name":"Castelló","acom_code":"10","acom_name":"Comunitat Valenciana","geo_point_2d":{"lon":0.23355088726498074,"lat":40.56159113874648}},"geometry":{"type":"Polygon","coordinates":[[[0.16318,40.57939],[0.18291,40.56444],[0.18584,40.55489],[0.18195,40.54162],[0.1708,40.53562],[0.20106,40.51565],[0.21064,40.51696],[0.22973,40.51705],[0.23071,40.51912],[0.25285,40.52694],[0.27002,40.54429],[0.28259,40.55346],[0.31104,40.61691],[0.30923,40.61695],[0.30745,40.61359],[0.28605,40.61371],[0.27259,40.6006],[0.26673,40.58848],[0.2574,40.5751],[0.24897,40.57537],[0.24514,40.57902],[0.24092,40.58057],[0.2409,40.58263],[0.23346,40.58259],[0.23172,40.58128],[0.22476,40.58641],[0.22017,40.5877],[0.21688,40.5864],[0.2139,40.58997],[0.21401,40.59213],[0.21167,40.59309],[0.20827,40.5887],[0.20436,40.58723],[0.20252,40.59225],[0.19944,40.59261],[0.19465,40.59091],[0.18947,40.5934],[0.18918,40.59677],[0.18639,40.59837],[0.1863,40.59594],[0.18353,40.5928],[0.17928,40.59118],[0.17535,40.58757],[0.17461,40.58401],[0.16482,40.58017],[0.16318,40.57939]]]}},{"type":"Feature","properties":{"mun_code":"12031","mun_name":"Borriol","mun_name_local":null,"prov_code":"12","prov_name":"Castelló","acom_code":"10","acom_name":"Comunitat Valenciana","geo_point_2d":{"lon":-0.07023019184149519,"lat":40.05060435146077}},"geometry":{"type":"Polygon","coordinates":[[[-0.15778,40.03325],[-0.15505,40.03072],[-0.14993,40.03077],[-0.14184,40.0226],[-0.13175,40.01926],[-0.12146,40.00997],[-0.11804,40.00939],[-0.09067,40.01377],[-0.07562,40.02327],[-0.06292,40.02606],[-0.05854,40.02573],[-0.05495,40.02735],[-0.05336,40.02656],[-0.04356,40.02798],[-0.04067,40.03023],[-0.04175,40.03331],[-0.04007,40.03864],[-0.03243,40.04352],[-0.01654,40.04831],[-0.00396,40.06419],[0.00268,40.07034],[-0.0089,40.08201],[-0.01101,40.09743],[-0.02523,40.09012],[-0.04457,40.08993],[-0.05482,40.09171],[-0.05979,40.09094],[-0.06257,40.08765],[-0.06187,40.08306],[-0.09232,40.06206],[-0.1003,40.05924],[-0.10806,40.05426],[-0.11844,40.05375],[-0.12624,40.0512],[-0.13797,40.03835],[-0.15581,40.03316],[-0.15778,40.03325]]]}},{"type":"Feature","properties":{"mun_code":"12022","mun_name":"Bejís","mun_name_local":null,"prov_code":"12","prov_name":"Castelló","acom_code":"10","acom_name":"Comunitat Valenciana","geo_point_2d":{"lon":-0.7364024669525018,"lat":39.9009206261631}},"geometry":{"type":"Polygon","coordinates":[[[-0.79758,39.88325],[-0.78785,39.88605],[-0.78218,39.88586],[-0.75528,39.87853],[-0.73758,39.87031],[-0.71789,39.86804],[-0.71487,39.86978],[-0.71045,39.86908],[-0.70823,39.86723],[-0.70412,39.86841],[-0.70859,39.86989],[-0.70742,39.87266],[-0.71008,39.87535],[-0.7026,39.87947],[-0.69622,39.88765],[-0.69709,39.89603],[-0.69183,39.90134],[-0.69324,39.90182],[-0.69002,39.90383],[-0.69533,39.90754],[-0.6987,39.9184],[-0.70998,39.93083],[-0.72195,39.93989],[-0.72688,39.93509],[-0.73992,39.92947],[-0.76263,39.92363],[-0.76503,39.9209],[-0.77155,39.91919],[-0.77069,39.91628],[-0.77367,39.91041],[-0.78543,39.90234],[-0.79027,39.89565],[-0.79045,39.89061],[-0.79681,39.8839],[-0.79758,39.88325]]]}},{"type":"Feature","properties":{"mun_code":"12128","mun_name":"Vilafamés","mun_name_local":null,"prov_code":"12","prov_name":"Castelló","acom_code":"10","acom_name":"Comunitat Valenciana","geo_point_2d":{"lon":-0.07104564219984971,"lat":40.121764107410094}},"geometry":{"type":"Polygon","coordinates":[[[-0.14553,40.0957],[-0.14156,40.09403],[-0.13584,40.09717],[-0.12357,40.09755],[-0.11916,40.09997],[-0.11404,40.08755],[-0.11521,40.08478],[-0.10948,40.08348],[-0.11013,40.08499],[-0.10635,40.08427],[-0.1046,40.07555],[-0.10077,40.07399],[-0.09611,40.0739],[-0.09264,40.07589],[-0.09603,40.07987],[-0.09457,40.0825],[-0.09064,40.08404],[-0.08223,40.08421],[-0.07891,40.0804],[-0.0763,40.08073],[-0.07096,40.08435],[-0.06864,40.08089],[-0.06581,40.08055],[-0.06187,40.08306],[-0.06257,40.08765],[-0.05979,40.09094],[-0.05482,40.09171],[-0.04955,40.09635],[-0.04833,40.10004],[-0.0417,40.10198],[-0.03235,40.10785],[-0.03012,40.11203],[-0.01885,40.11273],[-0.0134,40.11743],[-0.00509,40.11943],[-0.00341,40.13334],[0.0008,40.1412],[0.01854,40.14289],[0.01763,40.15252],[0.01248,40.1523],[0.00798,40.14821],[-0.00198,40.14608],[-0.02493,40.15398],[-0.04011,40.15542],[-0.04572,40.1522],[-0.04862,40.15433],[-0.05401,40.15195],[-0.05972,40.15399],[-0.06243,40.15313],[-0.06096,40.15532],[-0.06258,40.16073],[-0.0772,40.16541],[-0.08578,40.16458],[-0.09342,40.15235],[-0.0965,40.14976],[-0.0977,40.1428],[-0.10747,40.13014],[-0.13013,40.12954],[-0.13514,40.12715],[-0.13752,40.12124],[-0.14299,40.11569],[-0.13758,40.11127],[-0.14306,40.11061],[-0.14142,40.10552],[-0.14813,40.10242],[-0.14519,40.09692],[-0.14553,40.0957]]]}},{"type":"Feature","properties":{"mun_code":"12016","mun_name":"Artana","mun_name_local":null,"prov_code":"12","prov_name":"Castelló","acom_code":"10","acom_name":"Comunitat Valenciana","geo_point_2d":{"lon":-0.24650486394062968,"lat":39.89533191551814}},"geometry":{"type":"Polygon","coordinates":[[[-0.28524,39.8707],[-0.27334,39.87119],[-0.26651,39.86905],[-0.26312,39.86955],[-0.26218,39.86824],[-0.24821,39.86501],[-0.24218,39.86641],[-0.23598,39.86102],[-0.20265,39.89287],[-0.19723,39.89889],[-0.19808,39.90071],[-0.20139,39.90259],[-0.20373,39.90185],[-0.21195,39.90666],[-0.23424,39.92605],[-0.24871,39.92615],[-0.25577,39.93005],[-0.26174,39.92506],[-0.26845,39.92219],[-0.27954,39.92281],[-0.28046,39.92136],[-0.27867,39.92046],[-0.27992,39.91925],[-0.27903,39.91805],[-0.28181,39.90865],[-0.27414,39.89602],[-0.2897,39.87493],[-0.2859,39.87102],[-0.28524,39.8707]]]}},{"type":"Feature","properties":{"mun_code":"12026","mun_name":"Benassal","mun_name_local":null,"prov_code":"12","prov_name":"Castelló","acom_code":"10","acom_name":"Comunitat Valenciana","geo_point_2d":{"lon":-0.16773682359810282,"lat":40.38649466547148}},"geometry":{"type":"Polygon","coordinates":[[[-0.25854,40.37129],[-0.25575,40.37317],[-0.25125,40.37263],[-0.25301,40.37506],[-0.25145,40.37537],[-0.24941,40.37346],[-0.24798,40.37571],[-0.24526,40.37328],[-0.24412,40.37508],[-0.24087,40.37352],[-0.23604,40.37426],[-0.23287,40.37263],[-0.23404,40.37071],[-0.22781,40.37063],[-0.22818,40.37291],[-0.22241,40.37147],[-0.2231,40.36873],[-0.21732,40.36831],[-0.21646,40.36473],[-0.21468,40.36594],[-0.2126,40.36526],[-0.21454,40.36147],[-0.21707,40.36215],[-0.21461,40.36008],[-0.22025,40.36067],[-0.21909,40.35874],[-0.2145,40.35761],[-0.21318,40.35244],[-0.20489,40.35345],[-0.201,40.35007],[-0.19985,40.35451],[-0.19708,40.35578],[-0.19724,40.35951],[-0.19556,40.36032],[-0.19123,40.35865],[-0.18846,40.3609],[-0.18492,40.36158],[-0.18107,40.35994],[-0.17119,40.35969],[-0.16074,40.35615],[-0.15455,40.35643],[-0.14431,40.36056],[-0.0995,40.35056],[-0.09219,40.35793],[-0.08156,40.36057],[-0.07653,40.36706],[-0.07198,40.37976],[-0.07941,40.37819],[-0.09214,40.38255],[-0.10062,40.38403],[-0.11372,40.39147],[-0.11772,40.40175],[-0.12082,40.40118],[-0.12587,40.40547],[-0.13244,40.40367],[-0.14198,40.4071],[-0.14206,40.41016],[-0.14689,40.41132],[-0.14667,40.41914],[-0.14489,40.42068],[-0.14991,40.42126],[-0.16285,40.43263],[-0.16503,40.43081],[-0.17432,40.43177],[-0.18322,40.43069],[-0.19238,40.42731],[-0.19879,40.42173],[-0.2088,40.42376],[-0.21205,40.42099],[-0.21393,40.4137],[-0.22415,40.40767],[-0.22401,40.40654],[-0.22946,40.40792],[-0.23154,40.40698],[-0.22961,40.39708],[-0.23576,40.394],[-0.23652,40.39176],[-0.24096,40.38935],[-0.25319,40.38632],[-0.25242,40.38534],[-0.25416,40.38456],[-0.26017,40.38374],[-0.26084,40.38111],[-0.26438,40.37795],[-0.25904,40.37248],[-0.25854,40.37129]]]}},{"type":"Feature","properties":{"mun_code":"12073","mun_name":"Ludiente","mun_name_local":null,"prov_code":"12","prov_name":"Castelló","acom_code":"10","acom_name":"Comunitat Valenciana","geo_point_2d":{"lon":-0.37731686613953325,"lat":40.09564024623884}},"geometry":{"type":"Polygon","coordinates":[[[-0.45654,40.08798],[-0.42253,40.08482],[-0.40582,40.08547],[-0.40347,40.07469],[-0.38208,40.07962],[-0.3678,40.07449],[-0.36354,40.07432],[-0.34032,40.08391],[-0.33425,40.09258],[-0.32967,40.09338],[-0.31821,40.10048],[-0.32016,40.10814],[-0.32568,40.11758],[-0.35798,40.10752],[-0.35806,40.11474],[-0.36211,40.11614],[-0.36934,40.11555],[-0.37624,40.11334],[-0.39496,40.11207],[-0.40307,40.10836],[-0.40542,40.10114],[-0.4409,40.0988],[-0.45304,40.09033],[-0.45654,40.08798]]]}},{"type":"Feature","properties":{"mun_code":"12114","mun_name":"Torás","mun_name_local":null,"prov_code":"12","prov_name":"Castelló","acom_code":"10","acom_name":"Comunitat Valenciana","geo_point_2d":{"lon":-0.6862752356225323,"lat":39.92890055076901}},"geometry":{"type":"Polygon","coordinates":[[[-0.72195,39.93989],[-0.70998,39.93083],[-0.6987,39.9184],[-0.69533,39.90754],[-0.68981,39.90308],[-0.68372,39.90713],[-0.66841,39.91023],[-0.65533,39.91767],[-0.65452,39.92065],[-0.66462,39.93381],[-0.6769,39.94446],[-0.68752,39.9512],[-0.70001,39.9528],[-0.70256,39.94863],[-0.71019,39.94469],[-0.71179,39.94121],[-0.71684,39.94375],[-0.72031,39.9406],[-0.72195,39.93989]]]}},{"type":"Feature","properties":{"mun_code":"12132","mun_name":"Vilanova d'Alcolea","mun_name_local":null,"prov_code":"12","prov_name":"Castelló","acom_code":"10","acom_name":"Comunitat Valenciana","geo_point_2d":{"lon":0.09034729965628309,"lat":40.23938429073022}},"geometry":{"type":"Polygon","coordinates":[[[0.02402,40.24967],[0.02898,40.24617],[0.03464,40.23696],[0.04078,40.2334],[0.04448,40.22506],[0.04842,40.22102],[0.04843,40.21244],[0.05183,40.20983],[0.08198,40.20498],[0.09956,40.1988],[0.10474,40.2009],[0.11748,40.2006],[0.118,40.20196],[0.11981,40.20063],[0.12568,40.20095],[0.12844,40.19986],[0.13037,40.20271],[0.1354,40.2028],[0.13323,40.2049],[0.13348,40.20772],[0.13815,40.20648],[0.14028,40.20945],[0.13908,40.21277],[0.14582,40.21309],[0.14793,40.21533],[0.14726,40.21836],[0.14923,40.21931],[0.14714,40.22174],[0.15482,40.22372],[0.16,40.231],[0.14292,40.24295],[0.116,40.26885],[0.11264,40.28271],[0.10796,40.28621],[0.10419,40.28352],[0.10043,40.28432],[0.09452,40.2823],[0.09238,40.27984],[0.08729,40.27969],[0.07956,40.28362],[0.07213,40.28108],[0.06382,40.28067],[0.05746,40.27373],[0.0511,40.27348],[0.05034,40.27172],[0.04823,40.27324],[0.03915,40.27201],[0.03134,40.27584],[0.03282,40.26953],[0.02418,40.25011],[0.02402,40.24967]],[[0.07587,40.25764],[0.06412,40.26506],[0.05583,40.27245],[0.06419,40.27688],[0.08891,40.27069],[0.0858,40.26833],[0.08056,40.25934],[0.07685,40.25767],[0.07587,40.25764]]]}},{"type":"Feature","properties":{"mun_code":"12012","mun_name":"Altura","mun_name_local":null,"prov_code":"12","prov_name":"Castelló","acom_code":"10","acom_name":"Comunitat Valenciana","geo_point_2d":{"lon":-0.5846404267655038,"lat":39.81492589519612}},"geometry":{"type":"Polygon","coordinates":[[[-0.65615,39.83598],[-0.645,39.79197],[-0.64705,39.78787],[-0.65243,39.7541],[-0.63081,39.7463],[-0.58814,39.74168],[-0.57715,39.76802],[-0.57705,39.7732],[-0.55855,39.79054],[-0.5484,39.79573],[-0.5309,39.79623],[-0.51262,39.81329],[-0.50796,39.81538],[-0.50172,39.82735],[-0.49471,39.83275],[-0.49384,39.83895],[-0.49661,39.84181],[-0.49443,39.84393],[-0.49868,39.84479],[-0.49705,39.84649],[-0.5032,39.8533],[-0.50328,39.85513],[-0.50769,39.85758],[-0.51672,39.87168],[-0.52618,39.87338],[-0.53395,39.87248],[-0.55182,39.86591],[-0.60031,39.86702],[-0.61268,39.86617],[-0.62772,39.85807],[-0.6357,39.8519],[-0.6444,39.84136],[-0.65178,39.8373],[-0.65615,39.83598]]]}},{"type":"Feature","properties":{"mun_code":"12111","mun_name":"Tírig","mun_name_local":null,"prov_code":"12","prov_name":"Castelló","acom_code":"10","acom_name":"Comunitat Valenciana","geo_point_2d":{"lon":0.07050927871076124,"lat":40.43298230064519}},"geometry":{"type":"Polygon","coordinates":[[[0.03161,40.44693],[0.03221,40.44031],[0.0308,40.43695],[0.03289,40.43615],[0.03176,40.43346],[0.02923,40.4322],[0.03292,40.4305],[0.0314,40.42819],[0.03215,40.42256],[0.02933,40.4216],[0.02977,40.41828],[0.03365,40.41646],[0.03512,40.41301],[0.03936,40.41262],[0.03873,40.41041],[0.04159,40.41154],[0.04247,40.40928],[0.04511,40.41035],[0.04601,40.40864],[0.05093,40.40668],[0.04698,40.40625],[0.04956,40.40361],[0.04638,40.40274],[0.04986,40.39956],[0.05303,40.3997],[0.05403,40.39671],[0.05657,40.39645],[0.0557,40.3944],[0.05958,40.39398],[0.06547,40.39784],[0.06541,40.39197],[0.06822,40.39211],[0.07043,40.39462],[0.07623,40.39234],[0.07705,40.38738],[0.08398,40.38915],[0.08613,40.39325],[0.08488,40.39658],[0.08729,40.39836],[0.08677,40.40218],[0.09051,40.40826],[0.10045,40.41828],[0.09727,40.42186],[0.10321,40.42363],[0.10236,40.42847],[0.10796,40.42895],[0.10836,40.43922],[0.1146,40.4432],[0.113,40.44441],[0.11549,40.44755],[0.11219,40.45025],[0.09978,40.45215],[0.09757,40.45341],[0.09629,40.45875],[0.09236,40.45954],[0.09357,40.46137],[0.09196,40.46314],[0.09129,40.46959],[0.09376,40.47818],[0.09278,40.47999],[0.09163,40.48108],[0.08501,40.47742],[0.07796,40.46839],[0.06546,40.46801],[0.0581,40.46497],[0.05406,40.46569],[0.04934,40.46059],[0.04721,40.45465],[0.04282,40.45034],[0.04037,40.44852],[0.03421,40.44925],[0.03161,40.44693]]]}},{"type":"Feature","properties":{"mun_code":"12083","mun_name":"Olocau del Rey","mun_name_local":null,"prov_code":"12","prov_name":"Castelló","acom_code":"10","acom_name":"Comunitat Valenciana","geo_point_2d":{"lon":-0.33928154136662214,"lat":40.64151522990873}},"geometry":{"type":"Polygon","coordinates":[[[-0.38151,40.66158],[-0.37941,40.65704],[-0.3708,40.65077],[-0.37272,40.64755],[-0.37164,40.64192],[-0.37641,40.63635],[-0.37969,40.62413],[-0.37758,40.61889],[-0.37048,40.61359],[-0.36025,40.61551],[-0.34401,40.6112],[-0.34329,40.60652],[-0.33484,40.6075],[-0.33442,40.60632],[-0.32244,40.60281],[-0.31769,40.6081],[-0.31206,40.61128],[-0.3024,40.61153],[-0.29913,40.61292],[-0.30128,40.62226],[-0.2975,40.62377],[-0.29636,40.63823],[-0.30617,40.64692],[-0.30943,40.65584],[-0.307,40.6595],[-0.31657,40.66332],[-0.32009,40.66774],[-0.32274,40.67813],[-0.32586,40.678],[-0.32882,40.68028],[-0.34459,40.67962],[-0.35617,40.67769],[-0.35901,40.67556],[-0.37051,40.67228],[-0.36962,40.6701],[-0.37108,40.67097],[-0.37298,40.67024],[-0.37033,40.66897],[-0.37202,40.66725],[-0.37381,40.66821],[-0.37796,40.66754],[-0.38113,40.66423],[-0.38151,40.66158]]]}},{"type":"Feature","properties":{"mun_code":"12116","mun_name":"Torralba del Pinar","mun_name_local":null,"prov_code":"12","prov_name":"Castelló","acom_code":"10","acom_name":"Comunitat Valenciana","geo_point_2d":{"lon":-0.4491641270059916,"lat":39.99487736159628}},"geometry":{"type":"Polygon","coordinates":[[[-0.48858,40.00543],[-0.48582,39.99889],[-0.48018,39.99552],[-0.48045,39.99246],[-0.46989,39.9887],[-0.46647,39.9805],[-0.45229,39.96904],[-0.44028,39.97091],[-0.43602,39.97583],[-0.42867,39.97261],[-0.4222,39.97601],[-0.41736,39.98323],[-0.41601,39.98762],[-0.41997,39.99335],[-0.42276,40.00491],[-0.42723,40.00602],[-0.4328,40.01032],[-0.44508,40.01387],[-0.44674,40.0159],[-0.44949,40.02421],[-0.44763,40.03081],[-0.45129,40.0284],[-0.46557,40.01203],[-0.46731,40.00774],[-0.47517,40.00667],[-0.48405,40.00902],[-0.48825,40.00602],[-0.48858,40.00543]]]}},{"type":"Feature","properties":{"mun_code":"12126","mun_name":"la Vall d'Uixó","mun_name_local":null,"prov_code":"12","prov_name":"Castelló","acom_code":"10","acom_name":"Comunitat Valenciana","geo_point_2d":{"lon":-0.23496971670370204,"lat":39.813598531088296}},"geometry":{"type":"Polygon","coordinates":[[[-0.30857,39.79699],[-0.29748,39.78518],[-0.27653,39.77054],[-0.24562,39.77692],[-0.21889,39.78051],[-0.20669,39.79078],[-0.20267,39.80191],[-0.18077,39.79921],[-0.17129,39.81605],[-0.17433,39.81684],[-0.1724,39.83194],[-0.20697,39.85501],[-0.21461,39.85601],[-0.21599,39.86074],[-0.22307,39.86242],[-0.22673,39.86064],[-0.23598,39.86102],[-0.23921,39.86354],[-0.24291,39.85828],[-0.24005,39.85334],[-0.24598,39.8526],[-0.25061,39.85005],[-0.25415,39.84796],[-0.25582,39.84451],[-0.2561,39.84013],[-0.25349,39.83311],[-0.26571,39.82269],[-0.2723,39.82234],[-0.27666,39.81929],[-0.28761,39.80706],[-0.29148,39.80668],[-0.29238,39.80504],[-0.29831,39.80477],[-0.3076,39.79786],[-0.30857,39.79699]]]}},{"type":"Feature","properties":{"mun_code":"12045","mun_name":"Cinctorres","mun_name_local":null,"prov_code":"12","prov_name":"Castelló","acom_code":"10","acom_name":"Comunitat Valenciana","geo_point_2d":{"lon":-0.21960455193899373,"lat":40.5762229609772}},"geometry":{"type":"Polygon","coordinates":[[[-0.26144,40.60072],[-0.25462,40.59808],[-0.24822,40.59238],[-0.24824,40.58582],[-0.25365,40.57907],[-0.24934,40.56207],[-0.23486,40.55265],[-0.22612,40.54878],[-0.22827,40.54519],[-0.23265,40.54354],[-0.23371,40.54593],[-0.23617,40.54589],[-0.23664,40.54168],[-0.23501,40.54081],[-0.23665,40.53828],[-0.21505,40.53689],[-0.2133,40.5379],[-0.2123,40.54176],[-0.20464,40.54461],[-0.20206,40.54839],[-0.19933,40.54887],[-0.19927,40.55163],[-0.19118,40.55353],[-0.18894,40.55259],[-0.18811,40.55022],[-0.18612,40.55054],[-0.18718,40.55295],[-0.18549,40.55493],[-0.18566,40.55869],[-0.1883,40.56426],[-0.18611,40.56704],[-0.1868,40.5726],[-0.18177,40.58128],[-0.18884,40.5885],[-0.1869,40.599],[-0.19363,40.59874],[-0.19702,40.59192],[-0.20089,40.59349],[-0.20735,40.59837],[-0.20752,40.60319],[-0.21576,40.61283],[-0.21524,40.61436],[-0.21915,40.61594],[-0.22462,40.61562],[-0.22282,40.61364],[-0.23062,40.60851],[-0.24237,40.60617],[-0.24446,40.59979],[-0.24637,40.59829],[-0.252,40.60398],[-0.25875,40.60641],[-0.26229,40.60367],[-0.26205,40.60162],[-0.26144,40.60072]]]}},{"type":"Feature","properties":{"mun_code":"12119","mun_name":"la Torre d'En Besora","mun_name_local":null,"prov_code":"12","prov_name":"Castelló","acom_code":"10","acom_name":"Comunitat Valenciana","geo_point_2d":{"lon":-0.08034686035119022,"lat":40.32037420193583}},"geometry":{"type":"Polygon","coordinates":[[[-0.08327,40.3343],[-0.09066,40.33072],[-0.09763,40.33035],[-0.10191,40.32833],[-0.10566,40.32387],[-0.10583,40.32147],[-0.10481,40.31306],[-0.09773,40.30592],[-0.08545,40.29806],[-0.08016,40.30115],[-0.07419,40.30791],[-0.07052,40.30835],[-0.0681,40.31032],[-0.05876,40.32159],[-0.05376,40.32461],[-0.05427,40.33194],[-0.04849,40.3369],[-0.05024,40.33675],[-0.05182,40.33879],[-0.05415,40.33747],[-0.05436,40.33915],[-0.06037,40.33504],[-0.06616,40.33651],[-0.07628,40.33448],[-0.07905,40.33604],[-0.083,40.33411],[-0.08327,40.3343]]]}},{"type":"Feature","properties":{"mun_code":"12065","mun_name":"Gaibiel","mun_name_local":null,"prov_code":"12","prov_name":"Castelló","acom_code":"10","acom_name":"Comunitat Valenciana","geo_point_2d":{"lon":-0.49940190750375846,"lat":39.92966278610504}},"geometry":{"type":"Polygon","coordinates":[[[-0.51859,39.95337],[-0.51412,39.9503],[-0.5165,39.94882],[-0.51439,39.94658],[-0.51717,39.94691],[-0.51917,39.94214],[-0.51772,39.94042],[-0.51795,39.93394],[-0.51534,39.93214],[-0.52514,39.93208],[-0.52406,39.92816],[-0.52045,39.92675],[-0.52452,39.92323],[-0.52329,39.92154],[-0.52067,39.92226],[-0.52018,39.92011],[-0.51538,39.92011],[-0.51891,39.91514],[-0.51604,39.91201],[-0.50852,39.9079],[-0.50242,39.89702],[-0.48238,39.91336],[-0.47658,39.91556],[-0.46941,39.92372],[-0.47537,39.93033],[-0.48074,39.93167],[-0.48113,39.93368],[-0.48794,39.93852],[-0.48576,39.94508],[-0.4853,39.95487],[-0.48648,39.95609],[-0.49713,39.95826],[-0.50713,39.95502],[-0.51582,39.95832],[-0.5177,39.95498],[-0.51859,39.95337]]]}},{"type":"Feature","properties":{"mun_code":"12105","mun_name":"Sierra Engarcerán","mun_name_local":null,"prov_code":"12","prov_name":"Castelló","acom_code":"10","acom_name":"Comunitat Valenciana","geo_point_2d":{"lon":-0.027079929328602155,"lat":40.26344042974874}},"geometry":{"type":"Polygon","coordinates":[[[-0.0855,40.22001],[-0.08017,40.21791],[-0.08014,40.21654],[-0.0826,40.21535],[-0.05233,40.20905],[-0.00868,40.21535],[-0.00958,40.21777],[-0.00793,40.2218],[-0.01094,40.2247],[-0.00745,40.22765],[-0.00951,40.22954],[-0.01293,40.22953],[-0.01078,40.23142],[-0.01169,40.23208],[0.02402,40.24967],[0.03282,40.26953],[0.03115,40.27687],[0.02747,40.27894],[0.02411,40.28351],[0.02073,40.2856],[0.01739,40.28586],[0.01624,40.28837],[0.01824,40.29243],[0.01505,40.29452],[0.01282,40.29983],[0.01365,40.30368],[0.01972,40.30565],[0.0235,40.3119],[0.01752,40.31379],[0.01601,40.31554],[0.00693,40.31408],[0.005,40.31526],[-0.00058,40.31534],[-0.00746,40.31837],[-0.0313,40.31778],[-0.03357,40.32193],[-0.0394,40.31483],[-0.04421,40.31496],[-0.04825,40.30251],[-0.0559,40.29895],[-0.05746,40.28454],[-0.06864,40.27828],[-0.06506,40.27511],[-0.06904,40.27452],[-0.07076,40.27037],[-0.06893,40.26859],[-0.06944,40.266],[-0.07223,40.26319],[-0.07943,40.26233],[-0.08179,40.26089],[-0.08167,40.25665],[-0.07554,40.25337],[-0.0777,40.23848],[-0.08145,40.2263],[-0.08493,40.22539],[-0.0854,40.22027],[-0.0855,40.22001]]]}},{"type":"Feature","properties":{"mun_code":"12137","mun_name":"Villores","mun_name_local":null,"prov_code":"12","prov_name":"Castelló","acom_code":"10","acom_name":"Comunitat Valenciana","geo_point_2d":{"lon":-0.20935194021455614,"lat":40.679417537794734}},"geometry":{"type":"Polygon","coordinates":[[[-0.20843,40.68923],[-0.20882,40.68697],[-0.22125,40.68403],[-0.23289,40.6858],[-0.23486,40.68043],[-0.22322,40.67384],[-0.22165,40.67476],[-0.2165,40.67251],[-0.20656,40.6711],[-0.196,40.67143],[-0.19302,40.66981],[-0.18712,40.68061],[-0.19055,40.68376],[-0.19877,40.68584],[-0.20315,40.6886],[-0.20691,40.68874],[-0.20843,40.68923]]]}},{"type":"Feature","properties":{"mun_code":"12088","mun_name":"Pavías","mun_name_local":null,"prov_code":"12","prov_name":"Castelló","acom_code":"10","acom_name":"Comunitat Valenciana","geo_point_2d":{"lon":-0.48170149553562513,"lat":39.970065828199516}},"geometry":{"type":"Polygon","coordinates":[[[-0.51582,39.95832],[-0.50713,39.95502],[-0.49713,39.95826],[-0.48648,39.95609],[-0.4853,39.95487],[-0.47224,39.95752],[-0.46221,39.95733],[-0.46089,39.95865],[-0.45763,39.95629],[-0.45357,39.95801],[-0.45163,39.96099],[-0.44754,39.96181],[-0.44878,39.96784],[-0.45229,39.96904],[-0.46647,39.9805],[-0.46989,39.9887],[-0.48045,39.99246],[-0.48388,39.99194],[-0.48507,39.98796],[-0.49284,39.98304],[-0.50082,39.98124],[-0.50584,39.9762],[-0.50757,39.96838],[-0.51536,39.95895],[-0.51582,39.95832]]]}},{"type":"Feature","properties":{"mun_code":"12014","mun_name":"Ares del Maestrat","mun_name_local":null,"prov_code":"12","prov_name":"Castelló","acom_code":"10","acom_name":"Comunitat Valenciana","geo_point_2d":{"lon":-0.10968148883992151,"lat":40.44484761543976}},"geometry":{"type":"Polygon","coordinates":[[[-0.2127,40.46343],[-0.20608,40.45844],[-0.20453,40.45544],[-0.19123,40.446],[-0.18366,40.4456],[-0.15968,40.43083],[-0.14991,40.42126],[-0.14489,40.42068],[-0.14667,40.41914],[-0.14689,40.41132],[-0.14206,40.41016],[-0.14198,40.4071],[-0.13244,40.40367],[-0.12587,40.40547],[-0.12082,40.40118],[-0.11772,40.40175],[-0.11372,40.39147],[-0.10062,40.38403],[-0.09214,40.38255],[-0.07941,40.37819],[-0.06942,40.37963],[-0.05313,40.37149],[-0.0508,40.36691],[-0.04522,40.36689],[-0.04644,40.36969],[-0.04972,40.37014],[-0.0517,40.3727],[-0.05558,40.38061],[-0.0541,40.38408],[-0.0505,40.38587],[-0.04094,40.39546],[-0.04028,40.40006],[-0.0416,40.40059],[-0.03965,40.40315],[-0.04135,40.41015],[-0.0456,40.42153],[-0.05083,40.42826],[-0.05112,40.43268],[-0.05675,40.44029],[-0.05557,40.44605],[-0.05803,40.45205],[-0.05558,40.45894],[-0.06196,40.46568],[-0.06522,40.47451],[-0.07524,40.48123],[-0.07513,40.48418],[-0.07313,40.48577],[-0.07379,40.48904],[-0.07609,40.48917],[-0.07624,40.49155],[-0.07916,40.49194],[-0.08399,40.50042],[-0.0861,40.50872],[-0.09366,40.51049],[-0.10177,40.50946],[-0.11041,40.51153],[-0.12063,40.50738],[-0.12415,40.50459],[-0.12793,40.50925],[-0.13445,40.50845],[-0.14217,40.50011],[-0.16459,40.48134],[-0.16891,40.47281],[-0.17444,40.46748],[-0.18033,40.46634],[-0.18314,40.46735],[-0.19868,40.46626],[-0.21005,40.46375],[-0.2127,40.46343]]]}},{"type":"Feature","properties":{"mun_code":"12048","mun_name":"Cortes de Arenoso","mun_name_local":null,"prov_code":"12","prov_name":"Castelló","acom_code":"10","acom_name":"Comunitat Valenciana","geo_point_2d":{"lon":-0.5289263818355766,"lat":40.17153885218005}},"geometry":{"type":"Polygon","coordinates":[[[-0.58013,40.13723],[-0.56366,40.12802],[-0.54015,40.12108],[-0.53462,40.12224],[-0.52916,40.12616],[-0.52319,40.12543],[-0.5142,40.11322],[-0.51235,40.11264],[-0.51312,40.11042],[-0.50943,40.1099],[-0.5045,40.1042],[-0.49915,40.10912],[-0.48288,40.13249],[-0.49139,40.16079],[-0.48224,40.16156],[-0.48446,40.17533],[-0.48811,40.18378],[-0.4877,40.18653],[-0.4942,40.19647],[-0.49492,40.19991],[-0.50174,40.19967],[-0.50728,40.20094],[-0.5075,40.21142],[-0.51026,40.21595],[-0.5135,40.22966],[-0.51059,40.23178],[-0.52706,40.23794],[-0.54419,40.25166],[-0.54795,40.24417],[-0.55871,40.20976],[-0.55748,40.20079],[-0.56043,40.19708],[-0.56282,40.18887],[-0.57227,40.18117],[-0.57049,40.1803],[-0.57127,40.17585],[-0.57402,40.1726],[-0.56965,40.16285],[-0.57077,40.15999],[-0.56926,40.15916],[-0.57054,40.15541],[-0.57332,40.15444],[-0.57548,40.15165],[-0.57475,40.14869],[-0.57957,40.14726],[-0.57936,40.13715],[-0.58013,40.13723]]]}},{"type":"Feature","properties":{"mun_code":"12075","mun_name":"la Mata de Morella","mun_name_local":null,"prov_code":"12","prov_name":"Castelló","acom_code":"10","acom_name":"Comunitat Valenciana","geo_point_2d":{"lon":-0.27771284978615823,"lat":40.611482610090526}},"geometry":{"type":"Polygon","coordinates":[[[-0.29913,40.61292],[-0.29329,40.61104],[-0.29231,40.60474],[-0.29502,40.60008],[-0.29333,40.59638],[-0.29541,40.59524],[-0.2935,40.59188],[-0.29534,40.58638],[-0.29431,40.58395],[-0.28257,40.58757],[-0.2817,40.5898],[-0.27454,40.59184],[-0.26952,40.58928],[-0.26626,40.59384],[-0.26645,40.59613],[-0.26144,40.60072],[-0.26229,40.60367],[-0.25919,40.60631],[-0.252,40.60398],[-0.24637,40.59829],[-0.24309,40.60264],[-0.24281,40.60582],[-0.23792,40.60778],[-0.2434,40.61461],[-0.25527,40.60764],[-0.25938,40.60928],[-0.26673,40.61879],[-0.26566,40.6222],[-0.26184,40.62318],[-0.25882,40.62668],[-0.26871,40.6306],[-0.27775,40.63116],[-0.28538,40.63412],[-0.2878,40.63741],[-0.29394,40.63856],[-0.29636,40.63823],[-0.2975,40.62377],[-0.30128,40.62226],[-0.29867,40.6134],[-0.29913,40.61292]]]}},{"type":"Feature","properties":{"mun_code":"12058","mun_name":"Espadilla","mun_name_local":null,"prov_code":"12","prov_name":"Castelló","acom_code":"10","acom_name":"Comunitat Valenciana","geo_point_2d":{"lon":-0.3659810449443908,"lat":40.0207684215318}},"geometry":{"type":"Polygon","coordinates":[[[-0.40735,40.02565],[-0.40289,40.01994],[-0.38734,40.01667],[-0.37055,40.0061],[-0.35677,40.00713],[-0.34622,40.00467],[-0.33627,40.02238],[-0.34113,40.02129],[-0.34413,40.02207],[-0.34515,40.02744],[-0.34326,40.03186],[-0.34561,40.03831],[-0.34704,40.03881],[-0.35291,40.03898],[-0.3581,40.03662],[-0.36024,40.03226],[-0.36962,40.02949],[-0.37743,40.02833],[-0.38431,40.0295],[-0.39664,40.02693],[-0.39872,40.03028],[-0.40169,40.02746],[-0.40735,40.02565]]]}},{"type":"Feature","properties":{"mun_code":"12046","mun_name":"Cirat","mun_name_local":null,"prov_code":"12","prov_name":"Castelló","acom_code":"10","acom_name":"Comunitat Valenciana","geo_point_2d":{"lon":-0.4556515201777577,"lat":40.051165261713294}},"geometry":{"type":"Polygon","coordinates":[[[-0.50652,40.03034],[-0.50033,40.02642],[-0.49044,40.02258],[-0.48837,40.0232],[-0.48287,40.01511],[-0.48405,40.00902],[-0.47517,40.00667],[-0.46731,40.00774],[-0.46557,40.01203],[-0.45129,40.0284],[-0.43274,40.03775],[-0.42888,40.04386],[-0.41816,40.05156],[-0.41385,40.06046],[-0.40347,40.07469],[-0.40582,40.08547],[-0.42253,40.08482],[-0.45654,40.08798],[-0.45614,40.08509],[-0.46101,40.0796],[-0.4611,40.07331],[-0.47847,40.06315],[-0.49223,40.0526],[-0.4995,40.04932],[-0.50082,40.04308],[-0.50468,40.04215],[-0.50552,40.03761],[-0.50389,40.03306],[-0.50652,40.03034]]]}},{"type":"Feature","properties":{"mun_code":"12060","mun_name":"Figueroles","mun_name_local":null,"prov_code":"12","prov_name":"Castelló","acom_code":"10","acom_name":"Comunitat Valenciana","geo_point_2d":{"lon":-0.22237837869305824,"lat":40.12639775415342}},"geometry":{"type":"Polygon","coordinates":[[[-0.22917,40.10615],[-0.22632,40.10855],[-0.22134,40.1178],[-0.19454,40.12761],[-0.19222,40.13276],[-0.19313,40.13489],[-0.18988,40.13641],[-0.18561,40.14119],[-0.18929,40.13996],[-0.19427,40.14133],[-0.198,40.14417],[-0.21301,40.14488],[-0.22038,40.14133],[-0.22116,40.13705],[-0.23344,40.13329],[-0.25172,40.12477],[-0.24718,40.12034],[-0.25583,40.11428],[-0.25018,40.1106],[-0.22976,40.10605],[-0.22917,40.10615]]]}},{"type":"Feature","properties":{"mun_code":"12003","mun_name":"Albocàsser","mun_name_local":null,"prov_code":"12","prov_name":"Castelló","acom_code":"10","acom_name":"Comunitat Valenciana","geo_point_2d":{"lon":0.017126441495515676,"lat":40.37317200397737}},"geometry":{"type":"Polygon","coordinates":[[[-0.04522,40.36689],[-0.0418,40.36529],[-0.03398,40.36505],[-0.02626,40.36159],[-0.01585,40.35193],[-0.01812,40.34368],[-0.03166,40.32944],[-0.03357,40.32193],[-0.0313,40.31778],[0.00657,40.31795],[0.02299,40.32139],[0.03938,40.33574],[0.04938,40.34078],[0.08154,40.37523],[0.08398,40.38915],[0.07705,40.38738],[0.07623,40.39234],[0.07043,40.39462],[0.06822,40.39211],[0.06541,40.39197],[0.06547,40.39784],[0.05958,40.39398],[0.0557,40.3944],[0.05657,40.39645],[0.05403,40.39671],[0.05303,40.3997],[0.04986,40.39956],[0.04638,40.40274],[0.04956,40.40361],[0.04698,40.40625],[0.05093,40.40668],[0.04601,40.40864],[0.04511,40.41035],[0.04247,40.40928],[0.04159,40.41154],[0.03873,40.41041],[0.03936,40.41262],[0.03512,40.41301],[0.03365,40.41646],[0.02977,40.41828],[0.02933,40.4216],[0.03215,40.42256],[0.0314,40.42819],[0.03292,40.4305],[0.02923,40.4322],[0.03176,40.43346],[0.03289,40.43615],[0.0308,40.43695],[0.03221,40.44031],[0.03161,40.44693],[0.02077,40.4444],[0.01412,40.44102],[-0.00734,40.40801],[-0.01852,40.39549],[-0.03756,40.38499],[-0.04429,40.3691],[-0.04522,40.36689]]]}},{"type":"Feature","properties":{"mun_code":"12006","mun_name":"Alcudia de Veo","mun_name_local":null,"prov_code":"12","prov_name":"Castelló","acom_code":"10","acom_name":"Comunitat Valenciana","geo_point_2d":{"lon":-0.3448407673913463,"lat":39.92081161790212}},"geometry":{"type":"Polygon","coordinates":[[[-0.41679,39.93588],[-0.41338,39.92811],[-0.40933,39.92516],[-0.39005,39.9183],[-0.38918,39.91153],[-0.37658,39.90142],[-0.36108,39.89752],[-0.35581,39.90676],[-0.35347,39.90823],[-0.33227,39.91157],[-0.32215,39.9092],[-0.32436,39.90733],[-0.31983,39.90218],[-0.31428,39.90159],[-0.31077,39.90318],[-0.3072,39.90819],[-0.30177,39.90878],[-0.29618,39.907],[-0.29209,39.90756],[-0.291,39.9102],[-0.28181,39.90865],[-0.27955,39.91559],[-0.27867,39.92046],[-0.29015,39.92238],[-0.29529,39.92988],[-0.31748,39.93413],[-0.32035,39.93704],[-0.32459,39.93765],[-0.32819,39.94021],[-0.32998,39.94491],[-0.3376,39.94413],[-0.34304,39.93898],[-0.34376,39.93646],[-0.35326,39.93227],[-0.36456,39.93319],[-0.36918,39.93195],[-0.37218,39.92938],[-0.38174,39.92773],[-0.38553,39.9307],[-0.3894,39.93102],[-0.39557,39.93575],[-0.40083,39.9343],[-0.40601,39.9378],[-0.41137,39.93864],[-0.41612,39.93624],[-0.41679,39.93588]]]}},{"type":"Feature","properties":{"mun_code":"12021","mun_name":"Betxí","mun_name_local":null,"prov_code":"12","prov_name":"Castelló","acom_code":"10","acom_name":"Comunitat Valenciana","geo_point_2d":{"lon":-0.19614450507727224,"lat":39.921295874617904}},"geometry":{"type":"Polygon","coordinates":[[[-0.23424,39.92605],[-0.21195,39.90666],[-0.20373,39.90185],[-0.20139,39.90259],[-0.19886,39.90137],[-0.19356,39.89546],[-0.16972,39.8959],[-0.17089,39.90304],[-0.16818,39.91865],[-0.17146,39.93058],[-0.17719,39.94028],[-0.18249,39.94164],[-0.1883,39.94106],[-0.21005,39.94909],[-0.22503,39.93083],[-0.22997,39.92658],[-0.23256,39.92616],[-0.23424,39.92605]]]}},{"type":"Feature","properties":{"mun_code":"12009","mun_name":"Almassora","mun_name_local":null,"prov_code":"12","prov_name":"Castelló","acom_code":"10","acom_name":"Comunitat Valenciana","geo_point_2d":{"lon":-0.06802629332467096,"lat":39.95127971997442}},"geometry":{"type":"Polygon","coordinates":[[[-0.15356,39.97116],[-0.14907,39.9702],[-0.14196,39.96601],[-0.13417,39.96553],[-0.12993,39.96181],[-0.12763,39.96247],[-0.12103,39.95993],[-0.11914,39.96292],[-0.11677,39.96361],[-0.11433,39.95995],[-0.10747,39.95929],[-0.10092,39.95484],[-0.08627,39.95395],[-0.06743,39.94038],[-0.06108,39.9329],[-0.05584,39.92922],[-0.02119,39.91845],[-0.00973,39.91067],[-0.00516,39.91517],[-0.00025,39.93264],[0.00159,39.93302],[0.0007,39.93525],[0.00262,39.93699],[0.00229,39.94103],[0.00415,39.942],[0.002,39.94297],[-0.01577,39.9492],[-0.01954,39.9466],[-0.02316,39.94757],[-0.02405,39.94601],[-0.03418,39.94987],[-0.04185,39.95146],[-0.04247,39.95034],[-0.04433,39.95056],[-0.05188,39.95297],[-0.05429,39.95504],[-0.06055,39.95555],[-0.06958,39.95919],[-0.0848,39.97164],[-0.10311,39.98084],[-0.12164,39.98373],[-0.13382,39.98895],[-0.13706,39.98282],[-0.14659,39.97791],[-0.15228,39.97238],[-0.15356,39.97116]]]}},{"type":"Feature","properties":{"mun_code":"12138","mun_name":"Vinaròs","mun_name_local":null,"prov_code":"12","prov_name":"Castelló","acom_code":"10","acom_name":"Comunitat Valenciana","geo_point_2d":{"lon":0.4352280455837672,"lat":40.51025327478914}},"geometry":{"type":"Polygon","coordinates":[[[0.3537,40.51184],[0.36905,40.49816],[0.36825,40.49484],[0.36952,40.49368],[0.3713,40.49316],[0.37509,40.49511],[0.3765,40.49255],[0.37435,40.48968],[0.38286,40.49195],[0.39,40.49075],[0.39349,40.4878],[0.39767,40.48737],[0.3999,40.48313],[0.40244,40.48299],[0.40475,40.48104],[0.41043,40.48131],[0.4215,40.47574],[0.42213,40.47169],[0.42636,40.47038],[0.42812,40.46568],[0.43238,40.46289],[0.43191,40.45959],[0.43946,40.44889],[0.44745,40.44755],[0.45351,40.44257],[0.4664,40.46014],[0.47082,40.46335],[0.47547,40.46133],[0.47186,40.46294],[0.47519,40.46643],[0.47761,40.464],[0.47597,40.46322],[0.47784,40.46358],[0.47812,40.46228],[0.47619,40.45712],[0.4778,40.45874],[0.47869,40.46208],[0.47714,40.46739],[0.48194,40.47341],[0.48397,40.47368],[0.48504,40.47909],[0.4905,40.48766],[0.49442,40.48979],[0.49919,40.49631],[0.49891,40.49797],[0.5056,40.5046],[0.50578,40.50837],[0.51314,40.51596],[0.5147,40.52305],[0.49879,40.52784],[0.48703,40.52919],[0.48102,40.5322],[0.47693,40.532],[0.47275,40.5345],[0.46037,40.53755],[0.45527,40.54083],[0.44899,40.54129],[0.44624,40.54494],[0.43796,40.54706],[0.43583,40.54983],[0.43642,40.55744],[0.43341,40.56538],[0.43831,40.57021],[0.43659,40.57262],[0.43971,40.5744],[0.44019,40.57661],[0.44394,40.57822],[0.43137,40.57945],[0.42422,40.58384],[0.41408,40.57152],[0.39979,40.54994],[0.36669,40.52318],[0.35191,40.51435],[0.3537,40.51184]]]}},{"type":"Feature","properties":{"mun_code":"12092","mun_name":"Puebla de Arenoso","mun_name_local":null,"prov_code":"12","prov_name":"Castelló","acom_code":"10","acom_name":"Comunitat Valenciana","geo_point_2d":{"lon":-0.5807582058839338,"lat":40.102665817355856}},"geometry":{"type":"Polygon","coordinates":[[[-0.6287,40.1021],[-0.61347,40.06959],[-0.60571,40.06774],[-0.60383,40.06506],[-0.5974,40.06494],[-0.59445,40.06337],[-0.59103,40.06348],[-0.58761,40.06586],[-0.58337,40.0622],[-0.57829,40.06068],[-0.57333,40.07746],[-0.56156,40.09761],[-0.53282,40.1028],[-0.51312,40.11042],[-0.51225,40.11229],[-0.52319,40.12543],[-0.52916,40.12616],[-0.53462,40.12224],[-0.54015,40.12108],[-0.56366,40.12802],[-0.58013,40.13723],[-0.58624,40.13158],[-0.5912,40.13365],[-0.59683,40.13235],[-0.59808,40.12897],[-0.60085,40.12755],[-0.60402,40.12675],[-0.60741,40.12798],[-0.62853,40.10258],[-0.6287,40.1021]]]}},{"type":"Feature","properties":{"mun_code":"12071","mun_name":"Jérica","mun_name_local":null,"prov_code":"12","prov_name":"Castelló","acom_code":"10","acom_name":"Comunitat Valenciana","geo_point_2d":{"lon":-0.5844741454135476,"lat":39.88972903365563}},"geometry":{"type":"Polygon","coordinates":[[[-0.69111,39.85246],[-0.66855,39.8404],[-0.65615,39.83598],[-0.6444,39.84136],[-0.6357,39.8519],[-0.61843,39.86401],[-0.61268,39.86617],[-0.60031,39.86702],[-0.55182,39.86591],[-0.53395,39.87248],[-0.52618,39.87338],[-0.51672,39.87168],[-0.52063,39.8838],[-0.51001,39.89347],[-0.50242,39.89702],[-0.50852,39.9079],[-0.51604,39.91201],[-0.51891,39.91514],[-0.51538,39.92011],[-0.52018,39.92011],[-0.52067,39.92226],[-0.52329,39.92154],[-0.52452,39.92323],[-0.52045,39.92675],[-0.52406,39.92816],[-0.52514,39.93208],[-0.51534,39.93214],[-0.51795,39.93394],[-0.51772,39.94042],[-0.51917,39.94214],[-0.51717,39.94691],[-0.51439,39.94658],[-0.5165,39.94882],[-0.51422,39.95054],[-0.51859,39.95337],[-0.51978,39.95107],[-0.5371,39.94457],[-0.55344,39.93288],[-0.55606,39.93331],[-0.56106,39.9316],[-0.56364,39.93325],[-0.56868,39.933],[-0.57367,39.92682],[-0.58005,39.92749],[-0.58464,39.92974],[-0.58412,39.92566],[-0.58742,39.91375],[-0.59051,39.91221],[-0.59589,39.91192],[-0.59734,39.9099],[-0.59635,39.90377],[-0.59831,39.89983],[-0.59818,39.89474],[-0.61538,39.87926],[-0.62044,39.87852],[-0.62703,39.88263],[-0.63022,39.88686],[-0.63251,39.89389],[-0.64008,39.90269],[-0.64123,39.89715],[-0.64757,39.89532],[-0.65175,39.88913],[-0.66045,39.88633],[-0.66262,39.88185],[-0.66085,39.8807],[-0.66123,39.87091],[-0.66672,39.86887],[-0.67202,39.86878],[-0.67587,39.86632],[-0.68263,39.86485],[-0.68453,39.86082],[-0.68701,39.85952],[-0.68575,39.85733],[-0.69121,39.85645],[-0.69115,39.8528],[-0.69111,39.85246]]]}},{"type":"Feature","properties":{"mun_code":"12007","mun_name":"Alfondeguilla","mun_name_local":null,"prov_code":"12","prov_name":"Castelló","acom_code":"10","acom_name":"Comunitat Valenciana","geo_point_2d":{"lon":-0.2815268720110768,"lat":39.838554334910214}},"geometry":{"type":"Polygon","coordinates":[[[-0.31629,39.82305],[-0.31347,39.82274],[-0.31046,39.81402],[-0.31603,39.79983],[-0.30857,39.79699],[-0.30047,39.80375],[-0.28761,39.80706],[-0.27666,39.81929],[-0.2723,39.82234],[-0.26571,39.82269],[-0.25349,39.83311],[-0.2561,39.84013],[-0.25582,39.84451],[-0.25415,39.84796],[-0.25061,39.85005],[-0.24598,39.8526],[-0.24005,39.85334],[-0.24291,39.85828],[-0.23902,39.86482],[-0.24218,39.86641],[-0.24533,39.86494],[-0.24975,39.86521],[-0.26218,39.86824],[-0.26312,39.86955],[-0.26651,39.86905],[-0.27334,39.87119],[-0.28524,39.8707],[-0.28896,39.86483],[-0.29339,39.86375],[-0.29229,39.8579],[-0.30006,39.85345],[-0.30247,39.84131],[-0.31395,39.82824],[-0.31629,39.82305]]]}},{"type":"Feature","properties":{"mun_code":"12044","mun_name":"Cervera del Maestre","mun_name_local":null,"prov_code":"12","prov_name":"Castelló","acom_code":"10","acom_name":"Comunitat Valenciana","geo_point_2d":{"lon":0.2823103738191315,"lat":40.44344104634022}},"geometry":{"type":"Polygon","coordinates":[[[0.21152,40.42112],[0.21565,40.41595],[0.21916,40.4159],[0.22136,40.41287],[0.22952,40.41168],[0.2346,40.40734],[0.24651,40.40392],[0.25753,40.4033],[0.26847,40.39825],[0.27053,40.39987],[0.27371,40.40004],[0.27805,40.39868],[0.28258,40.39481],[0.29927,40.39758],[0.30386,40.39352],[0.31014,40.39273],[0.32935,40.40147],[0.33816,40.40763],[0.34037,40.41708],[0.34574,40.42138],[0.3391,40.43063],[0.32949,40.43735],[0.33288,40.44248],[0.3342,40.44824],[0.33212,40.4537],[0.33558,40.45618],[0.33739,40.46552],[0.33171,40.47537],[0.3279,40.48626],[0.31526,40.49314],[0.29314,40.49978],[0.27997,40.48987],[0.271,40.4895],[0.26833,40.48644],[0.26433,40.48499],[0.24966,40.4877],[0.2481,40.47772],[0.23374,40.48006],[0.22886,40.47326],[0.22151,40.44195],[0.21983,40.42811],[0.21152,40.42112]]]}},{"type":"Feature","properties":{"mun_code":"12008","mun_name":"Algimia de Almonacid","mun_name_local":null,"prov_code":"12","prov_name":"Castelló","acom_code":"10","acom_name":"Comunitat Valenciana","geo_point_2d":{"lon":-0.42073851583627936,"lat":39.91538813424523}},"geometry":{"type":"Polygon","coordinates":[[[-0.46941,39.92372],[-0.45377,39.91766],[-0.44902,39.9091],[-0.44102,39.9043],[-0.43398,39.90239],[-0.41925,39.90592],[-0.41833,39.90085],[-0.40953,39.89843],[-0.41111,39.89166],[-0.38284,39.89473],[-0.37658,39.90142],[-0.38918,39.91153],[-0.39005,39.9183],[-0.40933,39.92516],[-0.41338,39.92811],[-0.41679,39.93588],[-0.42734,39.93675],[-0.43424,39.94003],[-0.44202,39.93725],[-0.45639,39.92748],[-0.46377,39.92674],[-0.46711,39.92472],[-0.46941,39.92372]]]}},{"type":"Feature","properties":{"mun_code":"12034","mun_name":"Càlig","mun_name_local":null,"prov_code":"12","prov_name":"Castelló","acom_code":"10","acom_name":"Comunitat Valenciana","geo_point_2d":{"lon":0.35247432614110213,"lat":40.46783681313723}},"geometry":{"type":"Polygon","coordinates":[[[0.3279,40.48626],[0.33171,40.47537],[0.33739,40.46552],[0.33558,40.45618],[0.33212,40.4537],[0.3342,40.44824],[0.33288,40.44248],[0.32949,40.43735],[0.3391,40.43063],[0.34574,40.42138],[0.34803,40.42297],[0.35493,40.42424],[0.35886,40.43658],[0.36902,40.44175],[0.37011,40.44866],[0.37781,40.46425],[0.37397,40.47254],[0.37254,40.48084],[0.37309,40.4876],[0.37646,40.49299],[0.37509,40.49511],[0.3713,40.49316],[0.36952,40.49368],[0.36825,40.49484],[0.36905,40.49816],[0.3537,40.51184],[0.34794,40.51093],[0.33985,40.49918],[0.32828,40.48655],[0.3279,40.48626]]]}},{"type":"Feature","properties":{"mun_code":"12040","mun_name":"Castelló de la Plana","mun_name_local":null,"prov_code":"12","prov_name":"Castelló","acom_code":"10","acom_name":"Comunitat Valenciana","geo_point_2d":{"lon":-0.04299671113794955,"lat":39.99725210804361}},"geometry":{"type":"MultiPolygon","coordinates":[[[[0.67081,39.87403],[0.67129,39.8761],[0.66932,39.87512],[0.67031,39.87419],[0.67081,39.87403]]],[[[-0.15778,40.03325],[-0.16414,40.02883],[-0.16096,40.02592],[-0.16073,40.01938],[-0.15796,40.01109],[-0.15942,40.00371],[-0.15751,40.00112],[-0.14092,39.99211],[-0.13515,39.98648],[-0.13382,39.98895],[-0.12164,39.98373],[-0.10311,39.98084],[-0.0848,39.97164],[-0.06958,39.95919],[-0.06055,39.95555],[-0.05429,39.95504],[-0.05188,39.95297],[-0.04433,39.95056],[-0.03949,39.95111],[-0.02405,39.94601],[-0.02316,39.94757],[-0.01954,39.9466],[-0.01577,39.9492],[0.00229,39.94259],[0.00393,39.94921],[0.00775,39.94845],[0.0033,39.95021],[0.014,39.94787],[0.01573,39.95085],[0.01997,39.94983],[0.02412,39.95649],[0.02005,39.95034],[0.00497,39.95444],[0.00559,39.95737],[0.00592,39.95377],[0.0133,39.95255],[0.01476,39.95875],[0.01035,39.95977],[0.01319,39.96738],[0.01689,39.96578],[0.02236,39.96751],[0.01775,39.9662],[0.01253,39.96791],[0.01399,39.96994],[0.01957,39.96769],[0.01498,39.97027],[0.01612,39.97184],[0.01452,39.97069],[0.01767,39.97447],[0.01631,39.97207],[0.01809,39.97429],[0.02067,39.97318],[0.02008,39.96979],[0.02185,39.96929],[0.02404,39.97171],[0.02844,39.96706],[0.02579,39.96025],[0.02927,39.9598],[0.02887,39.95565],[0.03253,39.96881],[0.02791,39.97263],[0.02863,39.97516],[0.02454,39.97794],[0.02504,39.98132],[0.0344,40.00836],[0.03925,40.01534],[0.01574,40.02538],[0.00933,40.04399],[-0.00284,40.06449],[-0.01654,40.04831],[-0.03243,40.04352],[-0.04007,40.03864],[-0.04175,40.03331],[-0.04067,40.03023],[-0.04356,40.02798],[-0.05336,40.02656],[-0.05495,40.02735],[-0.05854,40.02573],[-0.06292,40.02606],[-0.07562,40.02327],[-0.08609,40.01596],[-0.09829,40.01206],[-0.12067,40.00955],[-0.13175,40.01926],[-0.14184,40.0226],[-0.14993,40.03077],[-0.15152,40.02998],[-0.15758,40.03184],[-0.15778,40.03325]]],[[[0.68513,39.89344],[0.68785,39.89502],[0.68442,39.89503],[0.68339,39.89654],[0.68746,39.89891],[0.68773,39.90052],[0.68547,39.90027],[0.6831,39.89778],[0.68468,39.89365],[0.68513,39.89344]]],[[[0.6678,39.89086],[0.66896,39.89066],[0.66815,39.89226],[0.66733,39.89118],[0.6678,39.89086]]]]}},{"type":"Feature","properties":{"mun_code":"12042","mun_name":"Catí","mun_name_local":null,"prov_code":"12","prov_name":"Castelló","acom_code":"10","acom_name":"Comunitat Valenciana","geo_point_2d":{"lon":0.01996304852471875,"lat":40.47453321423265}},"geometry":{"type":"Polygon","coordinates":[[[-0.04522,40.36689],[-0.03756,40.38499],[-0.01852,40.39549],[-0.00734,40.40801],[0.01412,40.44102],[0.02077,40.4444],[0.03161,40.44693],[0.03421,40.44925],[0.04037,40.44852],[0.04721,40.45465],[0.04934,40.46059],[0.05406,40.46569],[0.0581,40.46497],[0.06546,40.46801],[0.07796,40.46839],[0.08501,40.47742],[0.09163,40.48108],[0.0819,40.50162],[0.07969,40.5028],[0.08579,40.51492],[0.09059,40.51858],[0.092,40.52486],[0.09374,40.52558],[0.09258,40.52967],[0.09571,40.53614],[0.09875,40.53726],[0.09721,40.5456],[0.095,40.54742],[0.08636,40.54939],[0.0812,40.54778],[0.0792,40.54378],[0.07312,40.53841],[0.07194,40.53462],[0.06277,40.52988],[0.06071,40.52965],[0.06035,40.53211],[0.05038,40.53275],[0.04263,40.53139],[0.03583,40.53363],[0.02999,40.53125],[0.02046,40.53132],[0.01559,40.53345],[0.01044,40.53211],[0.00761,40.533],[0.00443,40.53165],[0.0092,40.52813],[0.00554,40.52234],[0.00412,40.5162],[0.00031,40.51397],[-0.00337,40.51422],[-0.00476,40.51025],[-0.0081,40.51116],[-0.01042,40.49919],[-0.01576,40.49248],[-0.01926,40.48477],[-0.02277,40.48387],[-0.02806,40.47758],[-0.0302,40.47217],[-0.02928,40.46892],[-0.03318,40.46533],[-0.03658,40.45714],[-0.04023,40.45498],[-0.04123,40.45264],[-0.03684,40.43174],[-0.04053,40.43068],[-0.03913,40.41452],[-0.04288,40.41374],[-0.03965,40.40315],[-0.0416,40.40059],[-0.04004,40.39763],[-0.0426,40.39333],[-0.0541,40.38408],[-0.05558,40.38061],[-0.0517,40.3727],[-0.04972,40.37014],[-0.04644,40.36969],[-0.04532,40.36696],[-0.04522,40.36689]]]}},{"type":"Feature","properties":{"mun_code":"12110","mun_name":"Teresa","mun_name_local":null,"prov_code":"12","prov_name":"Castelló","acom_code":"10","acom_name":"Comunitat Valenciana","geo_point_2d":{"lon":-0.6748944677452493,"lat":39.88870862968352}},"geometry":{"type":"Polygon","coordinates":[[[-0.70412,39.86841],[-0.69932,39.86457],[-0.69235,39.8616],[-0.68692,39.85654],[-0.68551,39.85768],[-0.68701,39.85952],[-0.68453,39.86082],[-0.68263,39.86485],[-0.67587,39.86632],[-0.67202,39.86878],[-0.66672,39.86887],[-0.66123,39.87091],[-0.66085,39.8807],[-0.66262,39.88185],[-0.66045,39.88633],[-0.65175,39.88913],[-0.64757,39.89532],[-0.64025,39.8983],[-0.64008,39.90269],[-0.65452,39.92065],[-0.65533,39.91767],[-0.65953,39.91438],[-0.67169,39.90923],[-0.68372,39.90713],[-0.69324,39.90182],[-0.69183,39.90134],[-0.69709,39.89603],[-0.69622,39.88765],[-0.7026,39.87947],[-0.71008,39.87535],[-0.70742,39.87266],[-0.70859,39.86989],[-0.7055,39.86923],[-0.70412,39.86841]]]}},{"type":"Feature","properties":{"mun_code":"12005","mun_name":"l'Alcora","mun_name_local":null,"prov_code":"12","prov_name":"Castelló","acom_code":"10","acom_name":"Comunitat Valenciana","geo_point_2d":{"lon":-0.21605550147687455,"lat":40.065666992930815}},"geometry":{"type":"Polygon","coordinates":[[[-0.30485,40.05863],[-0.30033,40.0584],[-0.29427,40.05542],[-0.29269,40.04731],[-0.28301,40.04817],[-0.2782,40.04375],[-0.27207,40.04091],[-0.25483,40.03379],[-0.24341,40.03113],[-0.23286,40.02547],[-0.2251,40.0257],[-0.21932,40.02257],[-0.21242,40.02181],[-0.21029,40.02046],[-0.20882,40.01223],[-0.20662,40.01099],[-0.19466,40.0149],[-0.19497,40.0157],[-0.19341,40.01509],[-0.18999,40.01797],[-0.1833,40.01834],[-0.17225,40.02265],[-0.16921,40.0208],[-0.16076,40.02018],[-0.16096,40.02592],[-0.16404,40.02925],[-0.15778,40.03325],[-0.16071,40.03659],[-0.15834,40.04469],[-0.15459,40.0497],[-0.15696,40.05288],[-0.15199,40.05559],[-0.15174,40.05865],[-0.15461,40.0619],[-0.16418,40.06592],[-0.16582,40.0709],[-0.1629,40.07556],[-0.15554,40.0807],[-0.15366,40.08601],[-0.14881,40.08802],[-0.15875,40.09428],[-0.16046,40.0973],[-0.1734,40.09894],[-0.176,40.10512],[-0.1859,40.11036],[-0.18934,40.11083],[-0.19256,40.12124],[-0.1903,40.12507],[-0.19454,40.12761],[-0.22134,40.1178],[-0.23497,40.09683],[-0.24274,40.09969],[-0.25153,40.09882],[-0.25874,40.09577],[-0.2602,40.09298],[-0.25842,40.08807],[-0.27946,40.07973],[-0.29401,40.07141],[-0.30037,40.06632],[-0.30426,40.05954],[-0.30485,40.05863]]]}},{"type":"Feature","properties":{"mun_code":"12013","mun_name":"Arañuel","mun_name_local":null,"prov_code":"12","prov_name":"Castelló","acom_code":"10","acom_name":"Comunitat Valenciana","geo_point_2d":{"lon":-0.488504030283986,"lat":40.08331494433108}},"geometry":{"type":"Polygon","coordinates":[[[-0.5045,40.1042],[-0.50835,40.09971],[-0.52893,40.08945],[-0.52429,40.08881],[-0.52501,40.08694],[-0.51354,40.08326],[-0.5024,40.07575],[-0.50153,40.07202],[-0.50329,40.06356],[-0.49223,40.0526],[-0.47847,40.06315],[-0.4611,40.07331],[-0.46101,40.0796],[-0.45595,40.0861],[-0.46146,40.0933],[-0.4646,40.09411],[-0.47213,40.09993],[-0.47853,40.10017],[-0.48737,40.10484],[-0.49771,40.10744],[-0.50029,40.10766],[-0.5035,40.10491],[-0.5045,40.1042]]]}},{"type":"Feature","properties":{"mun_code":"12142","mun_name":"Zucaina","mun_name_local":null,"prov_code":"12","prov_name":"Castelló","acom_code":"10","acom_name":"Comunitat Valenciana","geo_point_2d":{"lon":-0.44718983039491317,"lat":40.13164339309953}},"geometry":{"type":"Polygon","coordinates":[[[-0.50029,40.10766],[-0.48737,40.10484],[-0.47767,40.09993],[-0.47213,40.09993],[-0.4646,40.09411],[-0.46146,40.0933],[-0.45654,40.08798],[-0.4409,40.0988],[-0.40542,40.10114],[-0.41399,40.10711],[-0.4221,40.10905],[-0.42387,40.11108],[-0.41624,40.11621],[-0.41576,40.11963],[-0.41342,40.12168],[-0.40754,40.12078],[-0.4039,40.12304],[-0.40274,40.13026],[-0.40531,40.13402],[-0.40388,40.13621],[-0.40525,40.13736],[-0.40008,40.14238],[-0.39514,40.14175],[-0.39381,40.14289],[-0.39742,40.14864],[-0.39874,40.15674],[-0.41531,40.16416],[-0.4299,40.16474],[-0.43238,40.16662],[-0.43889,40.16784],[-0.4444,40.16666],[-0.4483,40.16809],[-0.45439,40.16331],[-0.4587,40.16214],[-0.4641,40.16246],[-0.47534,40.16055],[-0.48278,40.16159],[-0.49139,40.16079],[-0.48288,40.13249],[-0.49915,40.10912],[-0.50029,40.10766]]]}},{"type":"Feature","properties":{"mun_code":"12063","mun_name":"Fuente la Reina","mun_name_local":null,"prov_code":"12","prov_name":"Castelló","acom_code":"10","acom_name":"Comunitat Valenciana","geo_point_2d":{"lon":-0.6090907178700758,"lat":40.05705142406369}},"geometry":{"type":"Polygon","coordinates":[[[-0.62934,40.07461],[-0.6272,40.07205],[-0.62621,40.05981],[-0.62226,40.05728],[-0.62121,40.05377],[-0.62461,40.05142],[-0.62057,40.04909],[-0.62052,40.04585],[-0.6184,40.04521],[-0.61324,40.03737],[-0.60868,40.03846],[-0.6067,40.04404],[-0.5994,40.04775],[-0.59695,40.05269],[-0.59399,40.05393],[-0.58927,40.05996],[-0.58301,40.05827],[-0.57829,40.06068],[-0.58337,40.0622],[-0.58761,40.06586],[-0.59103,40.06348],[-0.59445,40.06337],[-0.5974,40.06494],[-0.60383,40.06506],[-0.60571,40.06774],[-0.61013,40.06959],[-0.61536,40.06991],[-0.61876,40.06797],[-0.62078,40.06825],[-0.62351,40.06929],[-0.62365,40.07511],[-0.62603,40.07588],[-0.629,40.07471],[-0.62934,40.07461]]]}},{"type":"Feature","properties":{"mun_code":"12113","mun_name":"Toga","mun_name_local":null,"prov_code":"12","prov_name":"Castelló","acom_code":"10","acom_name":"Comunitat Valenciana","geo_point_2d":{"lon":-0.3758751664819994,"lat":40.051550006471466}},"geometry":{"type":"Polygon","coordinates":[[[-0.39872,40.03028],[-0.39664,40.02693],[-0.38431,40.0295],[-0.37743,40.02833],[-0.37089,40.02923],[-0.36024,40.03226],[-0.3581,40.03662],[-0.35291,40.03898],[-0.34561,40.03831],[-0.34315,40.04038],[-0.3424,40.04412],[-0.34489,40.04282],[-0.35248,40.04249],[-0.35512,40.04423],[-0.35588,40.04699],[-0.36209,40.0492],[-0.36323,40.0526],[-0.36766,40.05536],[-0.36662,40.05989],[-0.36294,40.06481],[-0.36326,40.06777],[-0.36878,40.0734],[-0.3678,40.07449],[-0.3818,40.0796],[-0.39712,40.07637],[-0.39697,40.07017],[-0.39184,40.06447],[-0.38786,40.06285],[-0.38517,40.05826],[-0.38469,40.04875],[-0.38874,40.04031],[-0.39835,40.03069],[-0.39872,40.03028]]]}},{"type":"Feature","properties":{"mun_code":"12080","mun_name":"Morella","mun_name_local":null,"prov_code":"12","prov_name":"Castelló","acom_code":"10","acom_name":"Comunitat Valenciana","geo_point_2d":{"lon":-0.07548770275728241,"lat":40.597900985017816}},"geometry":{"type":"Polygon","coordinates":[[[-0.21524,40.61436],[-0.21576,40.61283],[-0.20752,40.60319],[-0.20735,40.59837],[-0.20089,40.59349],[-0.19702,40.59192],[-0.19363,40.59874],[-0.1869,40.599],[-0.18884,40.5885],[-0.18177,40.58128],[-0.1868,40.5726],[-0.18611,40.56704],[-0.18805,40.56211],[-0.18439,40.55955],[-0.17532,40.55962],[-0.17522,40.55534],[-0.17886,40.5533],[-0.17879,40.55209],[-0.17382,40.55274],[-0.17227,40.55476],[-0.16949,40.55367],[-0.17323,40.54703],[-0.16988,40.543],[-0.16781,40.54338],[-0.16323,40.54926],[-0.16028,40.55021],[-0.15741,40.5493],[-0.15747,40.54555],[-0.16306,40.54223],[-0.16238,40.53612],[-0.16028,40.53384],[-0.16446,40.53052],[-0.16133,40.52731],[-0.16518,40.52215],[-0.16029,40.52361],[-0.16149,40.52112],[-0.15615,40.51937],[-0.15198,40.5152],[-0.14752,40.5157],[-0.14278,40.51323],[-0.14306,40.51051],[-0.13809,40.50383],[-0.13445,40.50845],[-0.12793,40.50925],[-0.12415,40.50459],[-0.12063,40.50738],[-0.11041,40.51153],[-0.10177,40.50946],[-0.09366,40.51049],[-0.0861,40.50872],[-0.08399,40.50042],[-0.07916,40.49194],[-0.07624,40.49155],[-0.07609,40.48917],[-0.07379,40.48904],[-0.07313,40.48577],[-0.07513,40.48418],[-0.07524,40.48123],[-0.06522,40.47451],[-0.06196,40.46568],[-0.05558,40.45894],[-0.05803,40.45205],[-0.05557,40.44605],[-0.05675,40.44029],[-0.05112,40.43268],[-0.04901,40.42478],[-0.0456,40.42153],[-0.04366,40.41383],[-0.03913,40.41452],[-0.04053,40.43068],[-0.03684,40.43174],[-0.04086,40.45382],[-0.03658,40.45714],[-0.03318,40.46533],[-0.02928,40.46892],[-0.0302,40.47217],[-0.02806,40.47758],[-0.02277,40.48387],[-0.01926,40.48477],[-0.01576,40.49248],[-0.01042,40.49919],[-0.0081,40.51116],[-0.00476,40.51025],[-0.00337,40.51422],[0.00031,40.51397],[0.00412,40.5162],[0.00554,40.52234],[0.0092,40.52813],[0.00443,40.53165],[0.00761,40.533],[0.01044,40.53211],[0.01559,40.53345],[0.02046,40.53132],[0.02999,40.53125],[0.03583,40.53363],[0.04263,40.53139],[0.05038,40.53275],[0.06035,40.53211],[0.06071,40.52965],[0.06405,40.53015],[0.07194,40.53462],[0.0742,40.53979],[0.08424,40.54978],[0.08499,40.55624],[0.07765,40.5662],[0.07862,40.5721],[0.06155,40.56828],[0.05444,40.57154],[0.05298,40.5741],[0.04712,40.57413],[0.03321,40.57884],[0.02703,40.57704],[0.01908,40.5794],[0.01274,40.58397],[0.0029,40.58484],[0.00501,40.59542],[0.00996,40.59865],[0.01718,40.59944],[0.02411,40.60472],[0.02024,40.61014],[0.011,40.61404],[0.00907,40.62265],[0.02544,40.6272],[0.03222,40.63699],[0.03461,40.63736],[0.03515,40.6468],[0.03879,40.65],[0.01405,40.6486],[0.02128,40.65199],[0.02064,40.65471],[0.01811,40.65877],[0.00787,40.66462],[0.00478,40.66906],[0.00525,40.67526],[-0.0011,40.67567],[-0.00179,40.67688],[-0.00439,40.67692],[-0.02714,40.68632],[-0.04325,40.69943],[-0.06866,40.70577],[-0.06916,40.70846],[-0.05788,40.70989],[-0.0588,40.71159],[-0.05172,40.71656],[-0.04908,40.71643],[-0.05042,40.71986],[-0.05386,40.72165],[-0.05243,40.7243],[-0.05379,40.7249],[-0.05371,40.72788],[-0.05591,40.72673],[-0.0647,40.72741],[-0.07985,40.73334],[-0.08647,40.7382],[-0.09293,40.73923],[-0.09536,40.74155],[-0.10077,40.74301],[-0.10204,40.74271],[-0.10172,40.73552],[-0.10363,40.73116],[-0.10255,40.72448],[-0.1049,40.71847],[-0.10267,40.70767],[-0.10439,40.70672],[-0.11073,40.6929],[-0.13171,40.6999],[-0.13267,40.69797],[-0.14031,40.69513],[-0.14321,40.69222],[-0.15687,40.69825],[-0.16519,40.70594],[-0.17837,40.70928],[-0.19863,40.70836],[-0.20232,40.70543],[-0.20819,40.70477],[-0.20839,40.70236],[-0.21116,40.69954],[-0.20843,40.68923],[-0.20315,40.6886],[-0.19877,40.68584],[-0.19009,40.68349],[-0.18704,40.68039],[-0.19048,40.67502],[-0.18479,40.67303],[-0.1815,40.67432],[-0.1755,40.67413],[-0.17239,40.67232],[-0.17156,40.67013],[-0.16578,40.66837],[-0.16336,40.66942],[-0.15949,40.66889],[-0.15855,40.6672],[-0.1514,40.66475],[-0.16462,40.65662],[-0.17906,40.66124],[-0.18306,40.66101],[-0.18492,40.65475],[-0.17222,40.64982],[-0.17728,40.64679],[-0.17644,40.64384],[-0.17208,40.64393],[-0.16824,40.64191],[-0.17409,40.63352],[-0.18551,40.64223],[-0.18722,40.64231],[-0.18611,40.63817],[-0.18712,40.63561],[-0.18229,40.63369],[-0.17624,40.62728],[-0.18166,40.6251],[-0.18139,40.62304],[-0.19785,40.61532],[-0.20169,40.61862],[-0.21418,40.61483],[-0.21524,40.61436]]]}},{"type":"Feature","properties":{"mun_code":"12001","mun_name":"Atzeneta del Maestrat","mun_name_local":null,"prov_code":"12","prov_name":"Castelló","acom_code":"10","acom_name":"Comunitat Valenciana","geo_point_2d":{"lon":-0.18575098015441027,"lat":40.23481210919038}},"geometry":{"type":"Polygon","coordinates":[[[-0.27775,40.25998],[-0.26337,40.24859],[-0.23965,40.23361],[-0.21892,40.20133],[-0.19683,40.17653],[-0.18722,40.18458],[-0.18327,40.18575],[-0.17483,40.19258],[-0.16866,40.19403],[-0.15793,40.20189],[-0.15812,40.20415],[-0.15425,40.2103],[-0.14624,40.21169],[-0.14061,40.21044],[-0.13898,40.21564],[-0.14138,40.21881],[-0.13599,40.22201],[-0.13451,40.22927],[-0.12693,40.22884],[-0.12252,40.22702],[-0.11692,40.22824],[-0.11026,40.23202],[-0.11197,40.23799],[-0.1199,40.24069],[-0.1221,40.24281],[-0.11897,40.24725],[-0.1188,40.25164],[-0.11111,40.26169],[-0.11337,40.26988],[-0.11074,40.2742],[-0.13888,40.28508],[-0.1432,40.27995],[-0.15611,40.27383],[-0.16079,40.2662],[-0.15964,40.25702],[-0.1569,40.25923],[-0.15369,40.2595],[-0.15387,40.25681],[-0.15095,40.25519],[-0.14998,40.25033],[-0.13811,40.24502],[-0.13913,40.24091],[-0.13541,40.23815],[-0.13765,40.23533],[-0.14719,40.23693],[-0.14987,40.23992],[-0.15791,40.24076],[-0.17017,40.23538],[-0.1779,40.23659],[-0.19266,40.2469],[-0.20979,40.25619],[-0.2385,40.27587],[-0.24535,40.27181],[-0.25362,40.26357],[-0.27775,40.25998]]]}},{"type":"Feature","properties":{"mun_code":"12061","mun_name":"Forcall","mun_name_local":null,"prov_code":"12","prov_name":"Castelló","acom_code":"10","acom_name":"Comunitat Valenciana","geo_point_2d":{"lon":-0.21233639204386,"lat":40.65716577258573}},"geometry":{"type":"Polygon","coordinates":[[[-0.26099,40.68509],[-0.25714,40.67672],[-0.2582,40.67384],[-0.26661,40.67007],[-0.26482,40.66489],[-0.2599,40.66045],[-0.24739,40.65949],[-0.24005,40.65294],[-0.2284,40.64695],[-0.22588,40.64678],[-0.22455,40.63843],[-0.22149,40.63608],[-0.21674,40.63624],[-0.21913,40.6262],[-0.22462,40.61562],[-0.21915,40.61594],[-0.21524,40.61436],[-0.20169,40.61862],[-0.19785,40.61532],[-0.18139,40.62304],[-0.18166,40.6251],[-0.17624,40.62728],[-0.18229,40.63369],[-0.18712,40.63561],[-0.18611,40.63817],[-0.18722,40.64231],[-0.18551,40.64223],[-0.17409,40.63352],[-0.16824,40.64191],[-0.17208,40.64393],[-0.17644,40.64384],[-0.17728,40.64679],[-0.17222,40.64982],[-0.18492,40.65475],[-0.18306,40.66101],[-0.17906,40.66124],[-0.16462,40.65662],[-0.1514,40.66475],[-0.15855,40.6672],[-0.15949,40.66889],[-0.16336,40.66942],[-0.16578,40.66837],[-0.17156,40.67013],[-0.17239,40.67232],[-0.1755,40.67413],[-0.1815,40.67432],[-0.18479,40.67303],[-0.19048,40.67502],[-0.19302,40.66981],[-0.20083,40.67194],[-0.20656,40.6711],[-0.2165,40.67251],[-0.22165,40.67476],[-0.22322,40.67384],[-0.23433,40.67987],[-0.2344,40.68432],[-0.23289,40.6858],[-0.22412,40.68372],[-0.20882,40.68697],[-0.21103,40.69671],[-0.23753,40.69794],[-0.23599,40.69111],[-0.25044,40.69077],[-0.25953,40.68597],[-0.26099,40.68509]]]}},{"type":"Feature","properties":{"mun_code":"12057","mun_name":"Eslida","mun_name_local":null,"prov_code":"12","prov_name":"Castelló","acom_code":"10","acom_name":"Comunitat Valenciana","geo_point_2d":{"lon":-0.30491191890618735,"lat":39.88694411889771}},"geometry":{"type":"Polygon","coordinates":[[[-0.33591,39.87435],[-0.32568,39.87237],[-0.3245,39.86692],[-0.32226,39.86564],[-0.31753,39.86531],[-0.31216,39.86821],[-0.30626,39.86735],[-0.30442,39.86825],[-0.298,39.86702],[-0.29339,39.86375],[-0.28896,39.86483],[-0.28524,39.8707],[-0.2897,39.87493],[-0.27414,39.89602],[-0.28181,39.90865],[-0.291,39.9102],[-0.29209,39.90756],[-0.29618,39.907],[-0.30177,39.90878],[-0.3072,39.90819],[-0.31338,39.90176],[-0.32155,39.90178],[-0.32731,39.89723],[-0.33066,39.88626],[-0.33696,39.88612],[-0.33696,39.87632],[-0.33591,39.87435]]]}},{"type":"Feature","properties":{"mun_code":"12115","mun_name":"El Toro","mun_name_local":null,"prov_code":"12","prov_name":"Castelló","acom_code":"10","acom_name":"Comunitat Valenciana","geo_point_2d":{"lon":-0.7743602970860061,"lat":39.96077001942071}},"geometry":{"type":"Polygon","coordinates":[[[-0.84418,39.95402],[-0.8463,39.9477],[-0.83983,39.94207],[-0.8368,39.93333],[-0.83641,39.92836],[-0.84042,39.92495],[-0.83765,39.92358],[-0.8334,39.9177],[-0.83289,39.911],[-0.82999,39.90678],[-0.82441,39.90307],[-0.81787,39.89883],[-0.81278,39.89798],[-0.80496,39.89242],[-0.80189,39.88508],[-0.79758,39.88325],[-0.79045,39.89061],[-0.79027,39.89565],[-0.78543,39.90234],[-0.77367,39.91041],[-0.77069,39.91628],[-0.77155,39.91919],[-0.76503,39.9209],[-0.76263,39.92363],[-0.73992,39.92947],[-0.72833,39.93437],[-0.71711,39.94367],[-0.71179,39.94121],[-0.71019,39.94469],[-0.70422,39.94835],[-0.70449,39.9559],[-0.71941,39.99869],[-0.73031,40.00514],[-0.73802,40.02063],[-0.74178,40.03204],[-0.74214,40.03589],[-0.71534,40.03252],[-0.71144,40.0366],[-0.71304,40.03834],[-0.71622,40.04037],[-0.71903,40.03922],[-0.72492,40.03995],[-0.72577,40.04176],[-0.73069,40.04274],[-0.74768,40.03782],[-0.75369,40.04661],[-0.75851,40.04254],[-0.76227,40.04126],[-0.76285,40.03027],[-0.76539,40.02682],[-0.76483,40.02217],[-0.76624,40.02066],[-0.76783,40.0092],[-0.77459,40.00423],[-0.77765,39.99841],[-0.78962,39.98992],[-0.80007,39.99133],[-0.80847,39.98798],[-0.80963,39.98563],[-0.81633,39.98241],[-0.82234,39.98155],[-0.82428,39.98235],[-0.83481,39.97934],[-0.8378,39.97681],[-0.83809,39.97226],[-0.84147,39.96896],[-0.83568,39.96156],[-0.83965,39.95536],[-0.84418,39.95402]]]}},{"type":"Feature","properties":{"mun_code":"12018","mun_name":"Azuébar","mun_name_local":null,"prov_code":"12","prov_name":"Castelló","acom_code":"10","acom_name":"Comunitat Valenciana","geo_point_2d":{"lon":-0.36637132816583673,"lat":39.85065822015882}},"geometry":{"type":"Polygon","coordinates":[[[-0.39785,39.85321],[-0.38737,39.83848],[-0.37869,39.83175],[-0.3765,39.81788],[-0.3563,39.82369],[-0.34248,39.82156],[-0.32964,39.82352],[-0.33819,39.82922],[-0.34216,39.82933],[-0.34906,39.83267],[-0.35082,39.83721],[-0.3496,39.84331],[-0.34426,39.85051],[-0.34478,39.85712],[-0.34071,39.86434],[-0.34474,39.87151],[-0.34398,39.87431],[-0.34777,39.8769],[-0.35713,39.87858],[-0.35867,39.87779],[-0.36253,39.88048],[-0.38162,39.87565],[-0.39254,39.86579],[-0.39249,39.86274],[-0.39521,39.86086],[-0.39691,39.85491],[-0.39785,39.85321]]]}},{"type":"Feature","properties":{"mun_code":"12106","mun_name":"Soneja","mun_name_local":null,"prov_code":"12","prov_name":"Castelló","acom_code":"10","acom_name":"Comunitat Valenciana","geo_point_2d":{"lon":-0.3763148623479809,"lat":39.819459331082015}},"geometry":{"type":"Polygon","coordinates":[[[-0.4449,39.82539],[-0.43725,39.81483],[-0.42606,39.80797],[-0.41406,39.81519],[-0.39527,39.816],[-0.37792,39.79988],[-0.35739,39.79974],[-0.35001,39.80095],[-0.33851,39.80016],[-0.32826,39.80148],[-0.31603,39.79983],[-0.31046,39.81402],[-0.31347,39.82274],[-0.32655,39.82455],[-0.34248,39.82156],[-0.3563,39.82369],[-0.3765,39.81788],[-0.37869,39.83175],[-0.38737,39.83848],[-0.39785,39.85321],[-0.40135,39.84888],[-0.40466,39.84828],[-0.41537,39.84181],[-0.42865,39.83001],[-0.42577,39.82112],[-0.42851,39.82177],[-0.43778,39.82038],[-0.44015,39.82497],[-0.44462,39.82545],[-0.4449,39.82539]]]}},{"type":"Feature","properties":{"mun_code":"12133","mun_name":"Villanueva de Viver","mun_name_local":null,"prov_code":"12","prov_name":"Castelló","acom_code":"10","acom_name":"Comunitat Valenciana","geo_point_2d":{"lon":-0.638546996323293,"lat":40.057848287249776}},"geometry":{"type":"Polygon","coordinates":[[[-0.66419,40.05115],[-0.63085,40.04804],[-0.62052,40.04585],[-0.62057,40.04909],[-0.62461,40.05142],[-0.62121,40.05377],[-0.62226,40.05728],[-0.62621,40.05981],[-0.6272,40.07205],[-0.62881,40.07461],[-0.63132,40.07344],[-0.63169,40.0701],[-0.63539,40.07224],[-0.63643,40.06724],[-0.63849,40.06911],[-0.63887,40.06779],[-0.6463,40.06713],[-0.65629,40.05797],[-0.66419,40.05115]]]}},{"type":"Feature","properties":{"mun_code":"12064","mun_name":"Fuentes de Ayódar","mun_name_local":null,"prov_code":"12","prov_name":"Castelló","acom_code":"10","acom_name":"Comunitat Valenciana","geo_point_2d":{"lon":-0.42561250418251034,"lat":40.02068831151238}},"geometry":{"type":"Polygon","coordinates":[[[-0.44763,40.03081],[-0.44949,40.02421],[-0.44586,40.01474],[-0.43261,40.01025],[-0.42723,40.00602],[-0.42308,40.00514],[-0.42157,39.99906],[-0.41318,40.00319],[-0.40326,40.01184],[-0.40289,40.01994],[-0.41115,40.02947],[-0.4217,40.03724],[-0.43226,40.03887],[-0.4467,40.03162],[-0.44763,40.03081]]]}},{"type":"Feature","properties":{"mun_code":"12102","mun_name":"Santa Magdalena de Pulpis","mun_name_local":null,"prov_code":"12","prov_name":"Castelló","acom_code":"10","acom_name":"Comunitat Valenciana","geo_point_2d":{"lon":0.2733075983811315,"lat":40.37469991676707}},"geometry":{"type":"Polygon","coordinates":[[[0.18952,40.39342],[0.2421,40.36258],[0.3013,40.3233],[0.30404,40.32917],[0.31331,40.33919],[0.31991,40.34171],[0.32507,40.3473],[0.32878,40.34737],[0.33085,40.34937],[0.34196,40.3533],[0.34392,40.36464],[0.34883,40.37037],[0.34819,40.37306],[0.33204,40.38533],[0.32185,40.3904],[0.31248,40.39342],[0.30427,40.39338],[0.29927,40.39758],[0.28258,40.39481],[0.27805,40.39868],[0.27371,40.40004],[0.27053,40.39987],[0.26847,40.39825],[0.25753,40.4033],[0.24651,40.40392],[0.2346,40.40734],[0.22952,40.41168],[0.22136,40.41287],[0.21836,40.41628],[0.20412,40.41476],[0.19658,40.40669],[0.19126,40.40354],[0.18995,40.3998],[0.19107,40.39572],[0.18952,40.39342]]]}},{"type":"Feature","properties":{"mun_code":"12024","mun_name":"Benafer","mun_name_local":null,"prov_code":"12","prov_name":"Castelló","acom_code":"10","acom_name":"Comunitat Valenciana","geo_point_2d":{"lon":-0.6057444148097026,"lat":39.9699902840689}},"geometry":{"type":"Polygon","coordinates":[[[-0.6475,39.98165],[-0.63363,39.96878],[-0.62499,39.96751],[-0.618,39.96179],[-0.59859,39.95321],[-0.59551,39.94918],[-0.59609,39.9445],[-0.5896,39.93047],[-0.57367,39.92682],[-0.56868,39.933],[-0.56364,39.93325],[-0.56399,39.93539],[-0.57751,39.94326],[-0.57887,39.94637],[-0.5852,39.94829],[-0.58804,39.9531],[-0.60057,39.95785],[-0.60228,39.96655],[-0.59828,39.97221],[-0.5958,39.97291],[-0.5952,39.97571],[-0.60179,39.98459],[-0.59846,39.98932],[-0.59733,39.99962],[-0.6031,40.00867],[-0.61641,40.01749],[-0.6184,40.01385],[-0.60994,40.00678],[-0.60929,40.00478],[-0.61335,39.99639],[-0.62391,39.98659],[-0.63687,39.98104],[-0.64314,39.98218],[-0.6475,39.98165]]]}},{"type":"Feature","properties":{"mun_code":"12112","mun_name":"Todolella","mun_name_local":null,"prov_code":"12","prov_name":"Castelló","acom_code":"10","acom_name":"Comunitat Valenciana","geo_point_2d":{"lon":-0.2624274588583441,"lat":40.64434503059143}},"geometry":{"type":"Polygon","coordinates":[[[-0.307,40.6595],[-0.30943,40.65584],[-0.30617,40.64692],[-0.29835,40.63915],[-0.28818,40.63756],[-0.28538,40.63412],[-0.2782,40.63132],[-0.26871,40.6306],[-0.25882,40.62668],[-0.26184,40.62318],[-0.26566,40.6222],[-0.26673,40.61879],[-0.25938,40.60928],[-0.25527,40.60764],[-0.2434,40.61461],[-0.23792,40.60778],[-0.23484,40.60779],[-0.23062,40.60851],[-0.22282,40.61364],[-0.22492,40.61688],[-0.21913,40.6262],[-0.21674,40.63624],[-0.22149,40.63608],[-0.22455,40.63843],[-0.22588,40.64678],[-0.2284,40.64695],[-0.24005,40.65294],[-0.24739,40.65949],[-0.2599,40.66045],[-0.26482,40.66489],[-0.26661,40.67007],[-0.2582,40.67384],[-0.25714,40.67672],[-0.26099,40.68509],[-0.27898,40.68013],[-0.28887,40.67232],[-0.29363,40.67396],[-0.29908,40.66764],[-0.30654,40.66378],[-0.30676,40.66106],[-0.307,40.6595]]]}},{"type":"Feature","properties":{"mun_code":"12093","mun_name":"la Pobla de Benifassà","mun_name_local":null,"prov_code":"12","prov_name":"Castelló","acom_code":"10","acom_name":"Comunitat Valenciana","geo_point_2d":{"lon":0.16525492896794797,"lat":40.68583668699058}},"geometry":{"type":"Polygon","coordinates":[[[0.04217,40.69101],[0.04701,40.68295],[0.0517,40.68278],[0.06055,40.68769],[0.06651,40.67805],[0.07129,40.676],[0.08119,40.67609],[0.09614,40.66072],[0.09998,40.65483],[0.09858,40.65372],[0.09122,40.65442],[0.08926,40.65313],[0.08968,40.65026],[0.10901,40.63872],[0.11909,40.63445],[0.13941,40.63679],[0.14809,40.64061],[0.15104,40.64386],[0.15797,40.64621],[0.17284,40.64709],[0.17705,40.64895],[0.1774,40.65041],[0.1852,40.64958],[0.19075,40.65153],[0.19762,40.65247],[0.19928,40.65169],[0.21057,40.65524],[0.23881,40.66079],[0.24888,40.65998],[0.25516,40.66325],[0.26896,40.65978],[0.2735,40.66583],[0.27408,40.66904],[0.28242,40.67212],[0.29231,40.68469],[0.29126,40.68863],[0.28667,40.68956],[0.2813,40.69358],[0.27726,40.69389],[0.27057,40.70278],[0.26612,40.70317],[0.26245,40.70592],[0.25149,40.7049],[0.24335,40.70011],[0.23964,40.70092],[0.22731,40.71585],[0.22452,40.72614],[0.22601,40.73293],[0.21644,40.73239],[0.21096,40.7291],[0.20812,40.72908],[0.20574,40.72642],[0.19731,40.72418],[0.19098,40.73119],[0.18525,40.72807],[0.18219,40.72813],[0.17049,40.73294],[0.16822,40.72944],[0.16442,40.7279],[0.16455,40.72382],[0.14456,40.71833],[0.12382,40.72081],[0.11631,40.7253],[0.11502,40.72774],[0.0725,40.71397],[0.04217,40.69101]]]}},{"type":"Feature","properties":{"mun_code":"12015","mun_name":"Argelita","mun_name_local":null,"prov_code":"12","prov_name":"Castelló","acom_code":"10","acom_name":"Comunitat Valenciana","geo_point_2d":{"lon":-0.34095606672123185,"lat":40.06707412115306}},"geometry":{"type":"Polygon","coordinates":[[[-0.3678,40.07449],[-0.36878,40.0734],[-0.36326,40.06777],[-0.36285,40.0654],[-0.36662,40.05989],[-0.36766,40.05536],[-0.36323,40.0526],[-0.36209,40.0492],[-0.35588,40.04699],[-0.35512,40.04423],[-0.35248,40.04249],[-0.34415,40.04302],[-0.34181,40.0462],[-0.31019,40.06581],[-0.31025,40.06726],[-0.31972,40.06691],[-0.32169,40.06897],[-0.31981,40.07356],[-0.32425,40.08353],[-0.322,40.08553],[-0.32123,40.09474],[-0.31774,40.09895],[-0.31821,40.10048],[-0.32967,40.09338],[-0.33425,40.09258],[-0.34032,40.08391],[-0.36354,40.07432],[-0.3678,40.07449]]]}},{"type":"Feature","properties":{"mun_code":"12076","mun_name":"Matet","mun_name_local":null,"prov_code":"12","prov_name":"Castelló","acom_code":"10","acom_name":"Comunitat Valenciana","geo_point_2d":{"lon":-0.4564263117726063,"lat":39.9437071631288}},"geometry":{"type":"Polygon","coordinates":[[[-0.4853,39.95487],[-0.48623,39.94209],[-0.48794,39.93852],[-0.48113,39.93368],[-0.48074,39.93167],[-0.47537,39.93033],[-0.46941,39.92372],[-0.46377,39.92674],[-0.45639,39.92748],[-0.44202,39.93725],[-0.43424,39.94003],[-0.42734,39.93675],[-0.41679,39.93588],[-0.41137,39.93864],[-0.43249,39.95236],[-0.4399,39.95535],[-0.44754,39.96181],[-0.45163,39.96099],[-0.45357,39.95801],[-0.45763,39.95629],[-0.46089,39.95865],[-0.46221,39.95733],[-0.47224,39.95752],[-0.48224,39.95547],[-0.4853,39.95487]]]}},{"type":"Feature","properties":{"mun_code":"12100","mun_name":"Sant Mateu","mun_name_local":null,"prov_code":"12","prov_name":"Castelló","acom_code":"10","acom_name":"Comunitat Valenciana","geo_point_2d":{"lon":0.17393552371706664,"lat":40.46594306785866}},"geometry":{"type":"Polygon","coordinates":[[[0.09163,40.48108],[0.09589,40.47784],[0.10201,40.46895],[0.1112,40.46273],[0.17919,40.42815],[0.19356,40.42329],[0.19695,40.42657],[0.20599,40.42621],[0.21152,40.42112],[0.21983,40.42811],[0.22151,40.44195],[0.22886,40.47326],[0.23374,40.48006],[0.22344,40.48564],[0.2118,40.49801],[0.20673,40.49961],[0.20095,40.49786],[0.18686,40.49708],[0.17174,40.50599],[0.13917,40.48982],[0.13142,40.4874],[0.12489,40.48995],[0.11765,40.4896],[0.11653,40.48774],[0.11104,40.48646],[0.10603,40.48307],[0.10594,40.48042],[0.09997,40.47978],[0.09804,40.48124],[0.09332,40.48117],[0.09163,40.48108]]]}},{"type":"Feature","properties":{"mun_code":"12078","mun_name":"Montán","mun_name_local":null,"prov_code":"12","prov_name":"Castelló","acom_code":"10","acom_name":"Comunitat Valenciana","geo_point_2d":{"lon":-0.5503516473056084,"lat":40.029263323535496}},"geometry":{"type":"Polygon","coordinates":[[[-0.60972,40.03785],[-0.59897,40.02624],[-0.58527,40.0244],[-0.58127,40.02082],[-0.5821,40.01458],[-0.58098,40.01365],[-0.55512,40.01278],[-0.54772,40.01128],[-0.53674,40.01273],[-0.51325,40.00561],[-0.50814,40.00615],[-0.50262,40.00425],[-0.49545,40.00456],[-0.4918,40.00689],[-0.48858,40.00543],[-0.48751,40.00759],[-0.48405,40.00902],[-0.4827,40.01229],[-0.48287,40.01511],[-0.48837,40.0232],[-0.49044,40.02258],[-0.50105,40.02676],[-0.50802,40.03285],[-0.51476,40.02876],[-0.51792,40.03013],[-0.51676,40.03433],[-0.51824,40.0351],[-0.5311,40.03406],[-0.53439,40.03553],[-0.53496,40.03978],[-0.53865,40.04366],[-0.53664,40.0487],[-0.54336,40.04993],[-0.55783,40.04851],[-0.56379,40.0503],[-0.56747,40.05325],[-0.57306,40.05336],[-0.58927,40.05996],[-0.59399,40.05393],[-0.59695,40.05269],[-0.5994,40.04775],[-0.6067,40.04404],[-0.60868,40.03846],[-0.60972,40.03785]]]}},{"type":"Feature","properties":{"mun_code":"12090","mun_name":"Pina de Montalgrao","mun_name_local":null,"prov_code":"12","prov_name":"Castelló","acom_code":"10","acom_name":"Comunitat Valenciana","geo_point_2d":{"lon":-0.6496464329066471,"lat":40.01432525888365}},"geometry":{"type":"Polygon","coordinates":[[[-0.71622,40.04037],[-0.71144,40.0366],[-0.7019,40.04565],[-0.68753,40.04099],[-0.68927,40.03595],[-0.67372,40.01729],[-0.66542,39.98837],[-0.66309,39.98465],[-0.65502,39.98003],[-0.64995,39.97998],[-0.6475,39.98165],[-0.64314,39.98218],[-0.63687,39.98104],[-0.62391,39.98659],[-0.61335,39.99639],[-0.60929,40.00478],[-0.60994,40.00678],[-0.6184,40.01385],[-0.61641,40.01749],[-0.61766,40.02049],[-0.6212,40.0218],[-0.61742,40.03207],[-0.63002,40.03242],[-0.63277,40.03493],[-0.63656,40.03563],[-0.64015,40.03487],[-0.64975,40.03844],[-0.65238,40.04283],[-0.65661,40.04455],[-0.66132,40.04433],[-0.66823,40.04177],[-0.67968,40.04571],[-0.68394,40.04505],[-0.70327,40.04655],[-0.71499,40.04263],[-0.71641,40.04078],[-0.71622,40.04037]]]}},{"type":"Feature","properties":{"mun_code":"12136","mun_name":"la Vilavella","mun_name_local":null,"prov_code":"12","prov_name":"Castelló","acom_code":"10","acom_name":"Comunitat Valenciana","geo_point_2d":{"lon":-0.1923563613033435,"lat":39.8637938753727}},"geometry":{"type":"Polygon","coordinates":[[[-0.18888,39.85047],[-0.18142,39.85312],[-0.17383,39.85125],[-0.17203,39.85319],[-0.17649,39.85573],[-0.17178,39.86047],[-0.16971,39.86091],[-0.18031,39.86786],[-0.18753,39.87043],[-0.19634,39.87725],[-0.20101,39.87757],[-0.20972,39.87311],[-0.21522,39.86452],[-0.21292,39.86225],[-0.20421,39.86251],[-0.199,39.86051],[-0.19621,39.85784],[-0.19667,39.85201],[-0.18927,39.85051],[-0.18888,39.85047]]]}},{"type":"Feature","properties":{"mun_code":"12108","mun_name":"Sueras","mun_name_local":"Suera","prov_code":"12","prov_name":"Castelló","acom_code":"10","acom_name":"Comunitat Valenciana","geo_point_2d":{"lon":-0.35337556233502315,"lat":39.953757680671615}},"geometry":{"type":"Polygon","coordinates":[[[-0.39557,39.93575],[-0.3894,39.93102],[-0.38553,39.9307],[-0.38174,39.92773],[-0.37218,39.92938],[-0.36918,39.93195],[-0.36456,39.93319],[-0.35326,39.93227],[-0.34539,39.93543],[-0.3376,39.94413],[-0.32645,39.94498],[-0.31725,39.95458],[-0.32081,39.96977],[-0.32715,39.97215],[-0.33042,39.97812],[-0.34131,39.97986],[-0.34811,39.97534],[-0.35027,39.97801],[-0.35667,39.98135],[-0.36146,39.97433],[-0.36531,39.97359],[-0.36697,39.97186],[-0.36851,39.96386],[-0.37345,39.95866],[-0.37509,39.95343],[-0.37967,39.95279],[-0.38627,39.9421],[-0.38907,39.94325],[-0.39208,39.94267],[-0.39574,39.93615],[-0.39557,39.93575]]]}},{"type":"Feature","properties":{"mun_code":"12104","mun_name":"Segorbe","mun_name_local":null,"prov_code":"12","prov_name":"Castelló","acom_code":"10","acom_name":"Comunitat Valenciana","geo_point_2d":{"lon":-0.463044519504681,"lat":39.78781187923757}},"geometry":{"type":"Polygon","coordinates":[[[-0.5309,39.79623],[-0.52085,39.78447],[-0.51385,39.77914],[-0.51351,39.77586],[-0.50852,39.77076],[-0.50586,39.75948],[-0.49825,39.74756],[-0.48999,39.74181],[-0.4827,39.73419],[-0.47512,39.73184],[-0.46367,39.72057],[-0.461,39.71535],[-0.45618,39.7147],[-0.44552,39.71771],[-0.43747,39.73318],[-0.43908,39.73686],[-0.43304,39.73641],[-0.43017,39.73961],[-0.41919,39.746],[-0.4096,39.7452],[-0.39609,39.75861],[-0.38913,39.76863],[-0.38694,39.76918],[-0.38586,39.77644],[-0.39376,39.78015],[-0.39455,39.78655],[-0.4024,39.78963],[-0.40519,39.78887],[-0.42159,39.80031],[-0.42606,39.80797],[-0.43725,39.81483],[-0.4449,39.82539],[-0.44625,39.82545],[-0.44239,39.83186],[-0.44578,39.83953],[-0.45208,39.83818],[-0.45488,39.83571],[-0.46271,39.83632],[-0.46017,39.83295],[-0.46459,39.83078],[-0.46952,39.83518],[-0.47024,39.83768],[-0.46713,39.84103],[-0.46735,39.84301],[-0.46441,39.83938],[-0.46081,39.84163],[-0.4707,39.85639],[-0.4725,39.85608],[-0.47288,39.8624],[-0.47724,39.86564],[-0.47669,39.86923],[-0.48012,39.87083],[-0.47965,39.87332],[-0.47749,39.87445],[-0.47984,39.8766],[-0.47729,39.87872],[-0.50156,39.86455],[-0.51886,39.87648],[-0.50769,39.85758],[-0.50328,39.85513],[-0.5032,39.8533],[-0.49705,39.84649],[-0.49868,39.84479],[-0.49443,39.84393],[-0.49661,39.84181],[-0.49384,39.83895],[-0.49471,39.83275],[-0.50172,39.82735],[-0.50796,39.81538],[-0.51262,39.81329],[-0.52242,39.80437],[-0.5309,39.79623]]]}},{"type":"Feature","properties":{"mun_code":"12041","mun_name":"Castillo de Villamalefa","mun_name_local":null,"prov_code":"12","prov_name":"Castelló","acom_code":"10","acom_name":"Comunitat Valenciana","geo_point_2d":{"lon":-0.367060141517202,"lat":40.14591905183906}},"geometry":{"type":"Polygon","coordinates":[[[-0.40542,40.10114],[-0.40307,40.10836],[-0.39496,40.11207],[-0.37624,40.11334],[-0.36934,40.11555],[-0.36117,40.11613],[-0.35806,40.11474],[-0.35798,40.10752],[-0.32568,40.11758],[-0.32994,40.12795],[-0.33652,40.13211],[-0.33899,40.13613],[-0.34491,40.1382],[-0.35069,40.1426],[-0.35867,40.14407],[-0.36152,40.14714],[-0.36017,40.16527],[-0.36254,40.17355],[-0.36116,40.17597],[-0.35758,40.17846],[-0.34939,40.1792],[-0.34611,40.18291],[-0.34008,40.18359],[-0.3372,40.18586],[-0.33121,40.1848],[-0.32123,40.19092],[-0.3225,40.19736],[-0.31984,40.20377],[-0.32114,40.2091],[-0.33819,40.22051],[-0.34311,40.20009],[-0.34614,40.19816],[-0.34772,40.1924],[-0.34924,40.19188],[-0.3492,40.18737],[-0.36888,40.17575],[-0.37158,40.17124],[-0.37081,40.16833],[-0.37475,40.16472],[-0.38098,40.16373],[-0.38544,40.16124],[-0.39811,40.16311],[-0.40153,40.15782],[-0.39855,40.15648],[-0.39742,40.14864],[-0.39381,40.14289],[-0.39514,40.14175],[-0.40008,40.14238],[-0.40525,40.13736],[-0.40388,40.13621],[-0.40531,40.13402],[-0.40274,40.13026],[-0.4041,40.12271],[-0.40754,40.12078],[-0.41342,40.12168],[-0.41576,40.11963],[-0.41624,40.11621],[-0.42387,40.11108],[-0.4221,40.10905],[-0.41399,40.10711],[-0.40603,40.10155],[-0.40542,40.10114]]]}},{"type":"Feature","properties":{"mun_code":"12053","mun_name":"Chilches","mun_name_local":"Xilxes","prov_code":"12","prov_name":"Castelló","acom_code":"10","acom_name":"Comunitat Valenciana","geo_point_2d":{"lon":-0.181071332304597,"lat":39.77968729782625}},"geometry":{"type":"Polygon","coordinates":[[[-0.2102,39.78699],[-0.16722,39.75292],[-0.15864,39.76326],[-0.1558,39.7638],[-0.15402,39.76843],[-0.15166,39.76928],[-0.16903,39.78783],[-0.18484,39.80045],[-0.20267,39.80191],[-0.20751,39.79002],[-0.2102,39.78699]]]}},{"type":"Feature","properties":{"mun_code":"12059","mun_name":"Fanzara","mun_name_local":null,"prov_code":"12","prov_name":"Castelló","acom_code":"10","acom_name":"Comunitat Valenciana","geo_point_2d":{"lon":-0.3152973940778533,"lat":40.01250715382506}},"geometry":{"type":"Polygon","coordinates":[[[-0.34622,40.00467],[-0.35263,39.99893],[-0.34972,39.98966],[-0.34131,39.97986],[-0.33042,39.97812],[-0.32715,39.97215],[-0.32081,39.96977],[-0.29969,39.98322],[-0.29169,39.99396],[-0.28131,40.00186],[-0.28697,40.0193],[-0.29113,40.0227],[-0.29837,40.03749],[-0.29878,40.03982],[-0.29269,40.04731],[-0.29401,40.05501],[-0.30033,40.0584],[-0.30647,40.05913],[-0.30961,40.06216],[-0.31019,40.06581],[-0.3281,40.05372],[-0.3223,40.04594],[-0.32389,40.03037],[-0.33627,40.02238],[-0.3459,40.00554],[-0.34622,40.00467]]]}}]}