{"type":"FeatureCollection","features":[{"type":"Feature","properties":{"mun_code":"16046","mun_name":"Cañada del Hoyo","mun_name_local":null,"prov_code":"16","prov_name":"Cuenca","acom_code":"08","acom_name":"Castilla-La Mancha","geo_point_2d":{"lon":-1.9017397853988016,"lat":39.97786347143533}},"geometry":{"type":"Polygon","coordinates":[[[-1.97599,39.97447],[-1.97218,39.97063],[-1.95413,39.96447],[-1.94389,39.95487],[-1.94851,39.94346],[-1.94751,39.93581],[-1.94487,39.9323],[-1.92058,39.93184],[-1.9116,39.93437],[-1.88962,39.92745],[-1.85682,39.93175],[-1.85704,39.94064],[-1.85903,39.9421],[-1.85819,39.94703],[-1.85446,39.9529],[-1.85673,39.96197],[-1.85477,39.96551],[-1.8586,39.975],[-1.85895,39.98334],[-1.84827,39.98996],[-1.8439,39.997],[-1.83844,39.99711],[-1.83671,39.99921],[-1.82808,40.00242],[-1.82779,40.00561],[-1.82445,40.00958],[-1.82549,40.01629],[-1.83221,40.0168],[-1.84414,40.02044],[-1.852,40.01766],[-1.86478,40.02307],[-1.87302,40.02425],[-1.88597,40.02367],[-1.89241,40.02561],[-1.8954,40.02383],[-1.90859,40.0234],[-1.91834,40.01547],[-1.92725,40.00512],[-1.93443,40.00213],[-1.93466,39.9927],[-1.93613,39.99056],[-1.93973,39.99941],[-1.95673,40.00466],[-1.96621,40.00314],[-1.97818,39.99109],[-1.97882,39.98384],[-1.97614,39.97531],[-1.97599,39.97447]]]}},{"type":"Feature","properties":{"mun_code":"16025","mun_name":"Arrancacepas","mun_name_local":null,"prov_code":"16","prov_name":"Cuenca","acom_code":"08","acom_name":"Castilla-La Mancha","geo_point_2d":{"lon":-2.350082882182662,"lat":40.30785968040546}},"geometry":{"type":"Polygon","coordinates":[[[-2.37758,40.31638],[-2.37517,40.30625],[-2.36445,40.2812],[-2.36032,40.282],[-2.3516,40.27935],[-2.33219,40.2811],[-2.33411,40.28745],[-2.33374,40.30376],[-2.32986,40.3374],[-2.33385,40.34584],[-2.35717,40.32466],[-2.37032,40.31897],[-2.37758,40.31638]]]}},{"type":"Feature","properties":{"mun_code":"16023","mun_name":"Chillarón de Cuenca","mun_name_local":null,"prov_code":"16","prov_name":"Cuenca","acom_code":"08","acom_name":"Castilla-La Mancha","geo_point_2d":{"lon":-2.218471878641726,"lat":40.11928165877735}},"geometry":{"type":"Polygon","coordinates":[[[-2.26003,40.15039],[-2.2662,40.15201],[-2.2676,40.15427],[-2.26978,40.15268],[-2.27104,40.1481],[-2.27599,40.14646],[-2.27851,40.14395],[-2.27803,40.14178],[-2.27239,40.1334],[-2.27112,40.13386],[-2.26282,40.12625],[-2.24588,40.11959],[-2.24435,40.11488],[-2.25034,40.11367],[-2.2505,40.11254],[-2.25024,40.1104],[-2.24481,40.11005],[-2.24689,40.10304],[-2.24368,40.09528],[-2.24105,40.097],[-2.23096,40.09271],[-2.22246,40.09127],[-2.22304,40.08893],[-2.22474,40.08853],[-2.22379,40.08605],[-2.21501,40.08291],[-2.20637,40.08505],[-2.19938,40.08422],[-2.19029,40.09053],[-2.17954,40.10833],[-2.16929,40.11074],[-2.17145,40.11332],[-2.1759,40.1152],[-2.17655,40.11891],[-2.18188,40.12437],[-2.17675,40.13355],[-2.17535,40.14647],[-2.20474,40.14446],[-2.21026,40.14076],[-2.20946,40.13711],[-2.2168,40.1336],[-2.22163,40.13722],[-2.23134,40.13959],[-2.24544,40.13768],[-2.24182,40.14799],[-2.25328,40.1443],[-2.26055,40.14957],[-2.26003,40.15039]]]}},{"type":"Feature","properties":{"mun_code":"16128","mun_name":"Monreal del Llano","mun_name_local":null,"prov_code":"16","prov_name":"Cuenca","acom_code":"08","acom_name":"Castilla-La Mancha","geo_point_2d":{"lon":-2.7728426939521964,"lat":39.560709566981714}},"geometry":{"type":"Polygon","coordinates":[[[-2.79834,39.54453],[-2.79089,39.52088],[-2.79156,39.51071],[-2.78467,39.50907],[-2.76583,39.5152],[-2.7545,39.51583],[-2.75996,39.52918],[-2.759,39.54397],[-2.75592,39.54951],[-2.75003,39.55028],[-2.74429,39.55327],[-2.74358,39.56415],[-2.7464,39.57306],[-2.7428,39.58475],[-2.74377,39.58859],[-2.75435,39.59639],[-2.75446,39.60204],[-2.75223,39.60758],[-2.76507,39.61127],[-2.77005,39.61094],[-2.78159,39.60665],[-2.78055,39.59853],[-2.80573,39.56301],[-2.80306,39.55929],[-2.80326,39.55258],[-2.79851,39.54525],[-2.79834,39.54453]]]}},{"type":"Feature","properties":{"mun_code":"16008","mun_name":"Alcalá de la Vega","mun_name_local":null,"prov_code":"16","prov_name":"Cuenca","acom_code":"08","acom_name":"Castilla-La Mancha","geo_point_2d":{"lon":-1.513005455224528,"lat":40.031695016339896}},"geometry":{"type":"Polygon","coordinates":[[[-1.58513,40.00859],[-1.57733,40.00395],[-1.56267,40.00369],[-1.55714,40.00563],[-1.54285,40.00229],[-1.54198,40.00091],[-1.53991,40.0034],[-1.53721,40.00326],[-1.53538,40.00475],[-1.53424,40.00831],[-1.53286,40.00839],[-1.53137,40.00523],[-1.5277,40.00832],[-1.52677,40.00673],[-1.52491,40.00717],[-1.52084,40.00182],[-1.49003,39.98214],[-1.4826,39.98245],[-1.46879,40.00444],[-1.46818,40.01038],[-1.47037,40.01333],[-1.47176,40.02022],[-1.46694,40.03474],[-1.4647,40.03595],[-1.46536,40.03896],[-1.46206,40.04222],[-1.45594,40.05703],[-1.45719,40.06199],[-1.47565,40.07262],[-1.48845,40.07444],[-1.49498,40.07688],[-1.51728,40.07393],[-1.51597,40.07206],[-1.51788,40.0721],[-1.52086,40.06612],[-1.52498,40.06285],[-1.52641,40.06413],[-1.53442,40.06028],[-1.53579,40.05828],[-1.54774,40.05363],[-1.54927,40.05171],[-1.56897,40.04818],[-1.56793,40.04202],[-1.56989,40.03234],[-1.58296,40.01626],[-1.58227,40.01373],[-1.58462,40.00893],[-1.58513,40.00859]]]}},{"type":"Feature","properties":{"mun_code":"16031","mun_name":"Beamud","mun_name_local":null,"prov_code":"16","prov_name":"Cuenca","acom_code":"08","acom_name":"Castilla-La Mancha","geo_point_2d":{"lon":-1.8329645681345557,"lat":40.193260627189005}},"geometry":{"type":"Polygon","coordinates":[[[-1.83412,40.15102],[-1.82803,40.16866],[-1.81063,40.18932],[-1.8072,40.19121],[-1.80958,40.19872],[-1.80761,40.20315],[-1.80921,40.20477],[-1.80251,40.21152],[-1.81136,40.21644],[-1.81447,40.22054],[-1.8199,40.22297],[-1.82193,40.22734],[-1.83139,40.22516],[-1.83531,40.22619],[-1.84179,40.22394],[-1.85948,40.18875],[-1.84259,40.15181],[-1.83412,40.15102]]]}},{"type":"Feature","properties":{"mun_code":"16176","mun_name":"Rada de Haro","mun_name_local":null,"prov_code":"16","prov_name":"Cuenca","acom_code":"08","acom_name":"Castilla-La Mancha","geo_point_2d":{"lon":-2.610444284434,"lat":39.57614112320064}},"geometry":{"type":"Polygon","coordinates":[[[-2.66226,39.57453],[-2.64616,39.56468],[-2.6388,39.56388],[-2.62972,39.55705],[-2.62462,39.55726],[-2.61067,39.55135],[-2.59259,39.5483],[-2.5867,39.55035],[-2.58215,39.54934],[-2.57765,39.55065],[-2.5667,39.54762],[-2.57104,39.55215],[-2.57747,39.55572],[-2.57765,39.55871],[-2.56814,39.56223],[-2.5725,39.56688],[-2.5797,39.57962],[-2.5792,39.59081],[-2.58524,39.59505],[-2.5912,39.60195],[-2.59241,39.60572],[-2.59156,39.61172],[-2.59599,39.60871],[-2.5983,39.60506],[-2.60169,39.60506],[-2.6184,39.59993],[-2.62931,39.6002],[-2.64092,39.59053],[-2.65332,39.5832],[-2.66123,39.57506],[-2.66226,39.57453]]]}},{"type":"Feature","properties":{"mun_code":"16149","mun_name":"Palomera","mun_name_local":null,"prov_code":"16","prov_name":"Cuenca","acom_code":"08","acom_name":"Castilla-La Mancha","geo_point_2d":{"lon":-2.0237330400922136,"lat":40.071721910225925}},"geometry":{"type":"Polygon","coordinates":[[[-2.04293,40.10272],[-2.04669,40.10256],[-2.05451,40.09937],[-2.06481,40.08621],[-2.06929,40.08287],[-2.07386,40.08177],[-2.07936,40.08225],[-2.07915,40.0796],[-2.08458,40.07728],[-2.08438,40.07258],[-2.09061,40.06525],[-2.08494,40.05782],[-2.08337,40.0573],[-2.07907,40.05949],[-2.07001,40.05527],[-2.05291,40.05034],[-2.05136,40.04751],[-2.04807,40.04623],[-2.04758,40.04342],[-2.05253,40.03931],[-2.04272,40.03549],[-2.0444,40.04114],[-2.04377,40.0455],[-2.04238,40.04747],[-2.03556,40.04964],[-2.02251,40.0476],[-2.01257,40.04335],[-1.998,40.04328],[-1.97948,40.04908],[-1.97679,40.053],[-1.97104,40.05719],[-1.9562,40.06318],[-1.95559,40.06427],[-1.96727,40.06871],[-1.97429,40.07442],[-1.97974,40.08347],[-1.97627,40.09024],[-1.98539,40.09798],[-1.98868,40.09746],[-2.00347,40.10029],[-2.01793,40.10127],[-2.03135,40.09851],[-2.04227,40.10221],[-2.04293,40.10272]]]}},{"type":"Feature","properties":{"mun_code":"16271","mun_name":"Villarta","mun_name_local":null,"prov_code":"16","prov_name":"Cuenca","acom_code":"08","acom_name":"Castilla-La Mancha","geo_point_2d":{"lon":-1.6496034357701204,"lat":39.44279374660313}},"geometry":{"type":"Polygon","coordinates":[[[-1.68041,39.46783],[-1.69458,39.43715],[-1.69198,39.42645],[-1.6642,39.4249],[-1.6114,39.43432],[-1.61027,39.43186],[-1.6066,39.43461],[-1.60153,39.43507],[-1.5959,39.43831],[-1.59341,39.43686],[-1.58931,39.43844],[-1.5855,39.43702],[-1.58277,39.43755],[-1.58287,39.43895],[-1.57931,39.44],[-1.57663,39.44305],[-1.57764,39.44471],[-1.5851,39.44573],[-1.58911,39.44425],[-1.59635,39.44512],[-1.61278,39.45244],[-1.63484,39.45126],[-1.64342,39.4536],[-1.6609,39.46231],[-1.67391,39.46654],[-1.68041,39.46783]]]}},{"type":"Feature","properties":{"mun_code":"16126","mun_name":"Mira","mun_name_local":null,"prov_code":"16","prov_name":"Cuenca","acom_code":"08","acom_name":"Castilla-La Mancha","geo_point_2d":{"lon":-1.469999484187578,"lat":39.67103411172838}},"geometry":{"type":"Polygon","coordinates":[[[-1.55781,39.63529],[-1.55264,39.63351],[-1.54842,39.62763],[-1.55052,39.62041],[-1.54959,39.61663],[-1.55363,39.61319],[-1.54852,39.6133],[-1.54366,39.61163],[-1.53157,39.60412],[-1.5294,39.60541],[-1.52764,39.60476],[-1.52271,39.59942],[-1.52621,39.59599],[-1.52627,39.59231],[-1.51682,39.58522],[-1.5188,39.57902],[-1.51708,39.57748],[-1.51167,39.57949],[-1.51028,39.57789],[-1.51355,39.57516],[-1.50466,39.57284],[-1.50436,39.5639],[-1.48349,39.56916],[-1.4768,39.56912],[-1.46208,39.57662],[-1.45298,39.5915],[-1.44568,39.61122],[-1.43652,39.62881],[-1.41793,39.65494],[-1.40401,39.66598],[-1.36853,39.68961],[-1.37408,39.69731],[-1.38266,39.71793],[-1.38126,39.74587],[-1.4018,39.75701],[-1.41895,39.75989],[-1.42041,39.76484],[-1.42382,39.76772],[-1.43391,39.76675],[-1.4355,39.76405],[-1.44493,39.75982],[-1.44449,39.75799],[-1.44601,39.75676],[-1.45259,39.75709],[-1.45908,39.75578],[-1.46048,39.75278],[-1.46325,39.75217],[-1.47342,39.74161],[-1.48664,39.73771],[-1.49667,39.73198],[-1.50156,39.72699],[-1.50369,39.72202],[-1.50976,39.72083],[-1.51194,39.71917],[-1.51062,39.71731],[-1.51195,39.71218],[-1.52658,39.70519],[-1.53557,39.70247],[-1.54309,39.69735],[-1.55113,39.68904],[-1.55512,39.67955],[-1.56246,39.67273],[-1.56201,39.67053],[-1.55511,39.66626],[-1.55675,39.6646],[-1.56151,39.66485],[-1.56286,39.66379],[-1.56047,39.6589],[-1.56341,39.65583],[-1.55779,39.65393],[-1.56571,39.64729],[-1.55837,39.63609],[-1.55781,39.63529]]]}},{"type":"Feature","properties":{"mun_code":"16192","mun_name":"San Martín de Boniches","mun_name_local":null,"prov_code":"16","prov_name":"Cuenca","acom_code":"08","acom_name":"Castilla-La Mancha","geo_point_2d":{"lon":-1.5611818464298568,"lat":39.8745925347597}},"geometry":{"type":"Polygon","coordinates":[[[-1.59992,39.93571],[-1.58597,39.92361],[-1.58346,39.91558],[-1.58653,39.90617],[-1.58818,39.8915],[-1.5939,39.88162],[-1.59537,39.871],[-1.58386,39.8568],[-1.58165,39.84652],[-1.58892,39.82509],[-1.58842,39.81855],[-1.58517,39.80716],[-1.57953,39.79691],[-1.57628,39.7952],[-1.56464,39.79449],[-1.55259,39.80344],[-1.55037,39.8072],[-1.54175,39.8393],[-1.53656,39.84706],[-1.53011,39.86634],[-1.53101,39.87065],[-1.53574,39.87735],[-1.53694,39.887],[-1.5225,39.89757],[-1.51161,39.90252],[-1.51092,39.90694],[-1.52018,39.91309],[-1.52488,39.92358],[-1.52969,39.92946],[-1.53353,39.93014],[-1.5411,39.92732],[-1.55633,39.9292],[-1.56353,39.92753],[-1.56582,39.93092],[-1.56358,39.93447],[-1.56999,39.93927],[-1.57021,39.94196],[-1.5764,39.94394],[-1.57938,39.94863],[-1.58263,39.94716],[-1.58239,39.94565],[-1.58881,39.94055],[-1.58998,39.94114],[-1.59288,39.93875],[-1.59992,39.93571]]]}},{"type":"Feature","properties":{"mun_code":"16106","mun_name":"Horcajo de Santiago","mun_name_local":null,"prov_code":"16","prov_name":"Cuenca","acom_code":"08","acom_name":"Castilla-La Mancha","geo_point_2d":{"lon":-3.033121716734719,"lat":39.847708399470235}},"geometry":{"type":"Polygon","coordinates":[[[-3.12723,39.87468],[-3.12212,39.87608],[-3.11856,39.87448],[-3.11206,39.87497],[-3.10685,39.87111],[-3.09627,39.86911],[-3.09522,39.86711],[-3.08892,39.86419],[-3.08227,39.85788],[-3.07629,39.85571],[-3.05968,39.83747],[-3.05574,39.82968],[-3.05569,39.82372],[-3.05184,39.81256],[-3.03769,39.7902],[-3.04054,39.78758],[-3.03169,39.78029],[-3.03009,39.77732],[-3.0209,39.77106],[-3.00173,39.78558],[-2.98208,39.81416],[-2.96659,39.82527],[-2.96263,39.8305],[-2.97549,39.85252],[-2.99285,39.8714],[-2.99992,39.88712],[-3.00319,39.89041],[-3.01123,39.89384],[-3.02176,39.89289],[-3.03724,39.89579],[-3.05185,39.89562],[-3.06175,39.89726],[-3.09443,39.89319],[-3.10207,39.89651],[-3.10173,39.90271],[-3.10702,39.91318],[-3.10688,39.90314],[-3.11328,39.89948],[-3.11292,39.8943],[-3.12218,39.88593],[-3.12523,39.87797],[-3.12723,39.87468]]]}},{"type":"Feature","properties":{"mun_code":"16242","mun_name":"Villaconejos de Trabaque","mun_name_local":null,"prov_code":"16","prov_name":"Cuenca","acom_code":"08","acom_name":"Castilla-La Mancha","geo_point_2d":{"lon":-2.3193377069758467,"lat":40.39803930905824}},"geometry":{"type":"Polygon","coordinates":[[[-2.36537,40.40321],[-2.36658,40.39815],[-2.36249,40.39025],[-2.35399,40.38242],[-2.35231,40.37572],[-2.33709,40.36649],[-2.30525,40.38017],[-2.27212,40.40034],[-2.27049,40.40673],[-2.27634,40.41725],[-2.27809,40.42564],[-2.2822,40.42327],[-2.33151,40.41787],[-2.36224,40.40509],[-2.36537,40.40321]]]}},{"type":"Feature","properties":{"mun_code":"16903","mun_name":"Las Valeras","mun_name_local":null,"prov_code":"16","prov_name":"Cuenca","acom_code":"08","acom_name":"Castilla-La Mancha","geo_point_2d":{"lon":-2.1469397056272657,"lat":39.79602131802436}},"geometry":{"type":"Polygon","coordinates":[[[-2.20976,39.76663],[-2.20677,39.7609],[-2.20409,39.76105],[-2.19838,39.7583],[-2.18625,39.7484],[-2.18796,39.74544],[-2.18474,39.73732],[-2.17224,39.72586],[-2.15059,39.7157],[-2.13614,39.71124],[-2.13467,39.7209],[-2.12811,39.73786],[-2.09559,39.75558],[-2.09914,39.7654],[-2.10828,39.77962],[-2.10734,39.79323],[-2.10966,39.79718],[-2.10671,39.79816],[-2.1009,39.82365],[-2.09838,39.84026],[-2.09983,39.8493],[-2.09137,39.84915],[-2.0948,39.852],[-2.09846,39.85227],[-2.09817,39.8542],[-2.10218,39.85538],[-2.10941,39.86062],[-2.10596,39.8618],[-2.10683,39.86304],[-2.11638,39.86478],[-2.13049,39.87614],[-2.14585,39.877],[-2.14748,39.87372],[-2.1527,39.86989],[-2.16843,39.85431],[-2.1702,39.85029],[-2.18185,39.83972],[-2.19351,39.83384],[-2.20157,39.82755],[-2.20173,39.82238],[-2.2,39.82009],[-2.17478,39.79879],[-2.18009,39.79699],[-2.18571,39.79229],[-2.19057,39.78428],[-2.19813,39.77676],[-2.20614,39.77143],[-2.20976,39.76663]]]}},{"type":"Feature","properties":{"mun_code":"16100","mun_name":"Los Hinojosos","mun_name_local":null,"prov_code":"16","prov_name":"Cuenca","acom_code":"08","acom_name":"Castilla-La Mancha","geo_point_2d":{"lon":-2.8538365293597767,"lat":39.59780110700825}},"geometry":{"type":"Polygon","coordinates":[[[-2.92551,39.6018],[-2.92052,39.58184],[-2.92278,39.56974],[-2.92065,39.55914],[-2.92482,39.55577],[-2.91076,39.55947],[-2.90486,39.55975],[-2.87568,39.5564],[-2.85177,39.55075],[-2.83448,39.53935],[-2.82394,39.54136],[-2.81668,39.53909],[-2.81141,39.53534],[-2.79834,39.54453],[-2.80326,39.55258],[-2.80306,39.55929],[-2.80573,39.56301],[-2.78055,39.59853],[-2.78076,39.60389],[-2.78159,39.60665],[-2.79785,39.61687],[-2.81343,39.64829],[-2.81707,39.65283],[-2.82704,39.65517],[-2.83362,39.65341],[-2.83757,39.65015],[-2.84639,39.65064],[-2.84876,39.6538],[-2.84948,39.65992],[-2.85582,39.65528],[-2.86797,39.65108],[-2.87342,39.64533],[-2.87863,39.64216],[-2.89279,39.6398],[-2.90823,39.64233],[-2.91199,39.63769],[-2.91485,39.63193],[-2.91554,39.62526],[-2.91786,39.62306],[-2.91375,39.61373],[-2.92327,39.60242],[-2.92551,39.6018]]]}},{"type":"Feature","properties":{"mun_code":"16902","mun_name":"Valdetórtola","mun_name_local":null,"prov_code":"16","prov_name":"Cuenca","acom_code":"08","acom_name":"Castilla-La Mancha","geo_point_2d":{"lon":-2.1702862694430847,"lat":39.924031924126886}},"geometry":{"type":"Polygon","coordinates":[[[-2.26578,39.94892],[-2.2631,39.9449],[-2.25039,39.94268],[-2.24531,39.93779],[-2.24283,39.93355],[-2.24951,39.92889],[-2.24903,39.92645],[-2.24653,39.92582],[-2.23997,39.92722],[-2.23912,39.92573],[-2.24034,39.92263],[-2.2492,39.91551],[-2.25185,39.90649],[-2.25919,39.90893],[-2.26211,39.90094],[-2.25433,39.90206],[-2.25257,39.90047],[-2.23518,39.89896],[-2.22307,39.90143],[-2.21946,39.89985],[-2.21681,39.89625],[-2.21324,39.89552],[-2.20424,39.89683],[-2.19903,39.89571],[-2.19401,39.89935],[-2.18079,39.89309],[-2.15897,39.87993],[-2.14585,39.877],[-2.13259,39.87686],[-2.12436,39.87193],[-2.11638,39.86478],[-2.10778,39.86367],[-2.11069,39.87179],[-2.10251,39.88557],[-2.09885,39.88752],[-2.10456,39.89309],[-2.10253,39.89585],[-2.09367,39.90066],[-2.09218,39.90534],[-2.09845,39.9151],[-2.10391,39.91984],[-2.10843,39.93406],[-2.11357,39.94312],[-2.12389,39.95201],[-2.12829,39.95196],[-2.13433,39.95579],[-2.14077,39.95763],[-2.1357,39.96126],[-2.13485,39.96902],[-2.13976,39.97656],[-2.137,39.97748],[-2.13723,39.98457],[-2.13899,39.98555],[-2.13851,39.98851],[-2.14037,39.98982],[-2.13854,39.99222],[-2.1449,39.99443],[-2.1597,39.98254],[-2.17009,39.97767],[-2.16247,39.96738],[-2.16245,39.96474],[-2.15811,39.96281],[-2.15695,39.96057],[-2.16611,39.95342],[-2.16949,39.95361],[-2.16853,39.95149],[-2.17064,39.95077],[-2.1717,39.9517],[-2.17896,39.95152],[-2.18668,39.94898],[-2.19439,39.95435],[-2.20152,39.96372],[-2.20595,39.96515],[-2.23168,39.95854],[-2.24143,39.95319],[-2.24717,39.95329],[-2.25917,39.95076],[-2.26661,39.95093],[-2.2657,39.94942],[-2.26578,39.94892]]]}},{"type":"Feature","properties":{"mun_code":"16904","mun_name":"Fuentenava de Jábaga","mun_name_local":null,"prov_code":"16","prov_name":"Cuenca","acom_code":"08","acom_name":"Castilla-La Mancha","geo_point_2d":{"lon":-2.3071167724612054,"lat":40.129962388203566}},"geometry":{"type":"Polygon","coordinates":[[[-2.37479,40.17665],[-2.37195,40.16691],[-2.37599,40.1597],[-2.37603,40.15196],[-2.37544,40.14527],[-2.3718,40.13886],[-2.37092,40.13226],[-2.36751,40.12694],[-2.35611,40.1238],[-2.3492,40.11709],[-2.34512,40.11504],[-2.34523,40.11248],[-2.35722,40.11132],[-2.36828,40.10684],[-2.37219,40.10161],[-2.3717,40.09615],[-2.35367,40.08943],[-2.35194,40.08702],[-2.33841,40.08562],[-2.33536,40.08073],[-2.32684,40.07578],[-2.3258,40.07043],[-2.32333,40.07407],[-2.32062,40.07403],[-2.30851,40.07013],[-2.30296,40.07036],[-2.2989,40.0672],[-2.29392,40.06867],[-2.28636,40.06589],[-2.28042,40.06746],[-2.27437,40.06729],[-2.26973,40.06562],[-2.26086,40.06825],[-2.255,40.06723],[-2.25254,40.06515],[-2.24651,40.0646],[-2.23261,40.06911],[-2.22171,40.07076],[-2.20346,40.06964],[-2.20595,40.07535],[-2.21358,40.08366],[-2.21501,40.08291],[-2.22379,40.08605],[-2.22474,40.08853],[-2.22304,40.08893],[-2.22246,40.09127],[-2.23096,40.09271],[-2.24105,40.097],[-2.24368,40.09528],[-2.24689,40.10304],[-2.24481,40.11005],[-2.25024,40.1104],[-2.2505,40.11254],[-2.25034,40.11367],[-2.24435,40.11488],[-2.24588,40.11959],[-2.25369,40.12187],[-2.25967,40.12556],[-2.26089,40.12497],[-2.27112,40.13386],[-2.27239,40.1334],[-2.27851,40.14395],[-2.27599,40.14646],[-2.27104,40.1481],[-2.26978,40.15268],[-2.2676,40.15427],[-2.2662,40.15201],[-2.26003,40.15039],[-2.26442,40.17503],[-2.27222,40.18295],[-2.27651,40.18319],[-2.27977,40.1877],[-2.28788,40.19148],[-2.2917,40.19538],[-2.30153,40.1873],[-2.30639,40.18536],[-2.30998,40.18637],[-2.31094,40.19404],[-2.32066,40.20484],[-2.32792,40.20591],[-2.33509,40.20923],[-2.34181,40.20886],[-2.34881,40.20053],[-2.36618,40.18875],[-2.37271,40.1815],[-2.37383,40.17823],[-2.37479,40.17665]]]}},{"type":"Feature","properties":{"mun_code":"16014","mun_name":"Aliaguilla","mun_name_local":null,"prov_code":"16","prov_name":"Cuenca","acom_code":"08","acom_name":"Castilla-La Mancha","geo_point_2d":{"lon":-1.3227765515598773,"lat":39.72913768020246}},"geometry":{"type":"Polygon","coordinates":[[[-1.38303,39.74713],[-1.381,39.74532],[-1.38266,39.71793],[-1.37408,39.69731],[-1.36853,39.68961],[-1.34271,39.68159],[-1.3258,39.67309],[-1.31283,39.67048],[-1.29198,39.67254],[-1.27958,39.67789],[-1.262,39.69891],[-1.27137,39.71349],[-1.27095,39.73118],[-1.27432,39.73373],[-1.27557,39.73762],[-1.26207,39.75644],[-1.27352,39.76208],[-1.28202,39.76333],[-1.28659,39.7662],[-1.29318,39.77211],[-1.29687,39.7804],[-1.29535,39.78366],[-1.29604,39.7862],[-1.30011,39.78645],[-1.31075,39.7937],[-1.31465,39.79829],[-1.32036,39.79816],[-1.33281,39.78386],[-1.33997,39.783],[-1.34906,39.77664],[-1.35764,39.77484],[-1.36462,39.77132],[-1.36601,39.76808],[-1.38176,39.75632],[-1.38078,39.74956],[-1.38221,39.74752],[-1.38303,39.74713]]]}},{"type":"Feature","properties":{"mun_code":"16146","mun_name":"Pajarón","mun_name_local":null,"prov_code":"16","prov_name":"Cuenca","acom_code":"08","acom_name":"Castilla-La Mancha","geo_point_2d":{"lon":-1.793279993936317,"lat":39.96922373604847}},"geometry":{"type":"Polygon","coordinates":[[[-1.85864,39.97522],[-1.85716,39.97423],[-1.85233,39.97523],[-1.84521,39.97801],[-1.84225,39.97532],[-1.82774,39.9719],[-1.82669,39.96715],[-1.82998,39.96218],[-1.82168,39.95706],[-1.82048,39.95334],[-1.79764,39.93049],[-1.79741,39.92862],[-1.78554,39.9262],[-1.75906,39.93336],[-1.75409,39.93807],[-1.751,39.95314],[-1.74409,39.97073],[-1.74315,39.98375],[-1.74429,39.98662],[-1.76695,39.99464],[-1.77404,39.99501],[-1.7882,39.99824],[-1.80587,39.99754],[-1.80637,39.99909],[-1.81423,40.00286],[-1.81504,40.00775],[-1.8192,40.0116],[-1.82328,40.01217],[-1.82779,40.00561],[-1.82808,40.00242],[-1.83671,39.99921],[-1.83844,39.99711],[-1.8439,39.997],[-1.84827,39.98996],[-1.85846,39.98396],[-1.85955,39.98089],[-1.85852,39.97645],[-1.85864,39.97522]]]}},{"type":"Feature","properties":{"mun_code":"16276","mun_name":"Yémeda","mun_name_local":null,"prov_code":"16","prov_name":"Cuenca","acom_code":"08","acom_name":"Castilla-La Mancha","geo_point_2d":{"lon":-1.7356889095280237,"lat":39.758430365903365}},"geometry":{"type":"Polygon","coordinates":[[[-1.79342,39.77815],[-1.78523,39.77415],[-1.77958,39.76942],[-1.76743,39.76382],[-1.76521,39.7608],[-1.76391,39.74773],[-1.74585,39.73809],[-1.73351,39.7394],[-1.71637,39.73801],[-1.71155,39.73392],[-1.69099,39.73779],[-1.68652,39.735],[-1.66978,39.73375],[-1.67095,39.73843],[-1.67406,39.74243],[-1.6737,39.74559],[-1.67767,39.74977],[-1.70201,39.75476],[-1.76,39.78753],[-1.76764,39.78973],[-1.78281,39.78843],[-1.79269,39.77898],[-1.79342,39.77815]]]}},{"type":"Feature","properties":{"mun_code":"16905","mun_name":"Arcas","mun_name_local":null,"prov_code":"16","prov_name":"Cuenca","acom_code":"08","acom_name":"Castilla-La Mancha","geo_point_2d":{"lon":-2.088806967173177,"lat":39.95402044893501}},"geometry":{"type":"Polygon","coordinates":[[[-2.1449,39.99443],[-2.13854,39.99222],[-2.14037,39.98982],[-2.13851,39.98851],[-2.13899,39.98555],[-2.13723,39.98457],[-2.137,39.97748],[-2.13976,39.97656],[-2.13485,39.96902],[-2.1357,39.96126],[-2.14077,39.95763],[-2.13433,39.95579],[-2.12829,39.95196],[-2.12389,39.95201],[-2.11357,39.94312],[-2.10843,39.93406],[-2.10391,39.91984],[-2.09845,39.9151],[-2.09237,39.90597],[-2.09309,39.9013],[-2.10253,39.89585],[-2.10456,39.89309],[-2.10384,39.89149],[-2.09885,39.88752],[-2.09358,39.88844],[-2.07863,39.88706],[-2.06174,39.87695],[-2.05876,39.88062],[-2.04699,39.88448],[-2.04782,39.88742],[-2.04489,39.90265],[-2.04659,39.91502],[-2.04593,39.92103],[-2.0441,39.92301],[-2.05512,39.9426],[-2.06332,39.94893],[-2.06432,39.95112],[-2.05661,39.96041],[-2.04935,39.96245],[-2.04895,39.96332],[-2.05514,39.96278],[-2.05512,39.96476],[-2.04621,39.96489],[-2.04104,39.9702],[-2.03872,39.97059],[-2.03551,39.98644],[-2.04564,39.98659],[-2.04984,39.99004],[-2.0553,39.98924],[-2.05857,39.98969],[-2.06221,39.99226],[-2.06738,39.99204],[-2.0704,39.99463],[-2.09763,40.00335],[-2.11412,40.01326],[-2.11738,40.01568],[-2.11951,40.02069],[-2.12622,40.02384],[-2.12848,40.02248],[-2.13403,40.02206],[-2.14077,40.0149],[-2.14387,40.00581],[-2.14313,40.00042],[-2.14501,39.99461],[-2.1449,39.99443]]]}},{"type":"Feature","properties":{"mun_code":"16147","mun_name":"Pajaroncillo","mun_name_local":null,"prov_code":"16","prov_name":"Cuenca","acom_code":"08","acom_name":"Castilla-La Mancha","geo_point_2d":{"lon":-1.71661646979534,"lat":39.945355816867156}},"geometry":{"type":"Polygon","coordinates":[[[-1.77048,39.92955],[-1.76255,39.91943],[-1.74639,39.90659],[-1.73003,39.90024],[-1.7266,39.8952],[-1.71278,39.89886],[-1.68279,39.93349],[-1.66623,39.93978],[-1.67283,39.97683],[-1.69923,39.98153],[-1.72786,39.99308],[-1.7435,39.98625],[-1.74409,39.97073],[-1.751,39.95314],[-1.75409,39.93807],[-1.75906,39.93336],[-1.76745,39.93105],[-1.77048,39.92955]]]}},{"type":"Feature","properties":{"mun_code":"16017","mun_name":"Almodóvar del Pinar","mun_name_local":null,"prov_code":"16","prov_name":"Cuenca","acom_code":"08","acom_name":"Castilla-La Mancha","geo_point_2d":{"lon":-1.8892952967694716,"lat":39.70340791585476}},"geometry":{"type":"Polygon","coordinates":[[[-1.95804,39.70895],[-1.9472,39.70425],[-1.93991,39.7045],[-1.9378,39.70181],[-1.93239,39.67873],[-1.89829,39.63363],[-1.88751,39.64443],[-1.84057,39.67025],[-1.83207,39.67682],[-1.82106,39.69072],[-1.82947,39.70701],[-1.85238,39.72096],[-1.84753,39.74918],[-1.88901,39.75522],[-1.90739,39.76343],[-1.91837,39.76507],[-1.92487,39.75161],[-1.94434,39.72515],[-1.95314,39.71953],[-1.95705,39.71314],[-1.95804,39.70895]]]}},{"type":"Feature","properties":{"mun_code":"16067","mun_name":"Castejón","mun_name_local":null,"prov_code":"16","prov_name":"Cuenca","acom_code":"08","acom_name":"Castilla-La Mancha","geo_point_2d":{"lon":-2.539919815960187,"lat":40.39685497714692}},"geometry":{"type":"Polygon","coordinates":[[[-2.58086,40.38201],[-2.57654,40.37307],[-2.5633,40.36995],[-2.5543,40.362],[-2.53269,40.35937],[-2.4963,40.39275],[-2.49103,40.4084],[-2.49115,40.42212],[-2.49385,40.42167],[-2.49729,40.41791],[-2.5034,40.41721],[-2.50865,40.41892],[-2.5146,40.41774],[-2.52051,40.42467],[-2.5253,40.42382],[-2.53238,40.42749],[-2.53772,40.42544],[-2.54255,40.42545],[-2.54791,40.4307],[-2.5466,40.43502],[-2.55132,40.43407],[-2.55642,40.43481],[-2.5829,40.40796],[-2.57716,40.40452],[-2.58029,40.39709],[-2.57997,40.39382],[-2.58291,40.38968],[-2.58168,40.38489],[-2.58086,40.38201]]]}},{"type":"Feature","properties":{"mun_code":"16012","mun_name":"Alconchel de la Estrella","mun_name_local":null,"prov_code":"16","prov_name":"Cuenca","acom_code":"08","acom_name":"Castilla-La Mancha","geo_point_2d":{"lon":-2.5804257024073487,"lat":39.71716391188259}},"geometry":{"type":"Polygon","coordinates":[[[-2.62302,39.71218],[-2.61204,39.70691],[-2.60842,39.69954],[-2.60757,39.69485],[-2.60877,39.69102],[-2.59789,39.6819],[-2.58069,39.68133],[-2.5683,39.67865],[-2.55305,39.68962],[-2.54212,39.70411],[-2.53655,39.70409],[-2.54056,39.71869],[-2.55837,39.74064],[-2.56415,39.75359],[-2.57871,39.75738],[-2.5861,39.75747],[-2.59952,39.75015],[-2.60282,39.74628],[-2.60689,39.74574],[-2.61779,39.73472],[-2.61479,39.72813],[-2.61517,39.72538],[-2.61672,39.72149],[-2.62364,39.71701],[-2.62294,39.71284],[-2.62302,39.71218]]]}},{"type":"Feature","properties":{"mun_code":"16019","mun_name":"Altarejos","mun_name_local":null,"prov_code":"16","prov_name":"Cuenca","acom_code":"08","acom_name":"Castilla-La Mancha","geo_point_2d":{"lon":-2.3969083103588833,"lat":39.92487132154984}},"geometry":{"type":"Polygon","coordinates":[[[-2.47339,39.93343],[-2.47152,39.93013],[-2.45866,39.92486],[-2.45183,39.91819],[-2.43967,39.91037],[-2.43637,39.90324],[-2.42824,39.89784],[-2.41849,39.89452],[-2.41326,39.88765],[-2.3898,39.88478],[-2.38392,39.88048],[-2.37459,39.87821],[-2.37014,39.87906],[-2.36571,39.87667],[-2.35183,39.87415],[-2.33995,39.86811],[-2.33726,39.86537],[-2.33494,39.86616],[-2.33505,39.87852],[-2.333,39.88483],[-2.33005,39.88547],[-2.31965,39.89422],[-2.31698,39.89816],[-2.32104,39.90294],[-2.32126,39.9065],[-2.32519,39.91255],[-2.33654,39.92332],[-2.33853,39.9293],[-2.34335,39.93225],[-2.34601,39.9323],[-2.35338,39.93929],[-2.36169,39.94335],[-2.36583,39.94769],[-2.36568,39.95074],[-2.37495,39.96185],[-2.37821,39.96235],[-2.38989,39.94561],[-2.40147,39.96302],[-2.41496,39.97618],[-2.43185,39.98342],[-2.43377,39.98553],[-2.43659,39.98514],[-2.43696,39.98386],[-2.4448,39.98312],[-2.45061,39.98088],[-2.45757,39.97496],[-2.46005,39.96784],[-2.45955,39.95818],[-2.46176,39.95352],[-2.46544,39.95054],[-2.46333,39.94687],[-2.4676,39.93831],[-2.47339,39.93343]]]}},{"type":"Feature","properties":{"mun_code":"16045","mun_name":"Canalejas del Arroyo","mun_name_local":null,"prov_code":"16","prov_name":"Cuenca","acom_code":"08","acom_name":"Castilla-La Mancha","geo_point_2d":{"lon":-2.4688147218540544,"lat":40.38682454247966}},"geometry":{"type":"Polygon","coordinates":[[[-2.53269,40.35937],[-2.52497,40.35048],[-2.50113,40.33542],[-2.48083,40.34189],[-2.47166,40.34917],[-2.45705,40.35778],[-2.45507,40.35601],[-2.44956,40.35977],[-2.44514,40.37201],[-2.42768,40.38185],[-2.40781,40.39789],[-2.40862,40.40623],[-2.41287,40.40673],[-2.42629,40.41905],[-2.43258,40.42598],[-2.43446,40.43333],[-2.44055,40.43785],[-2.45365,40.43806],[-2.45734,40.43946],[-2.46585,40.4346],[-2.46677,40.42723],[-2.47137,40.42482],[-2.47363,40.42064],[-2.48122,40.42012],[-2.48494,40.42217],[-2.49115,40.42212],[-2.49103,40.4084],[-2.4963,40.39275],[-2.53176,40.36036],[-2.53269,40.35937]]]}},{"type":"Feature","properties":{"mun_code":"16060","mun_name":"Casas de Benítez","mun_name_local":null,"prov_code":"16","prov_name":"Cuenca","acom_code":"08","acom_name":"Castilla-La Mancha","geo_point_2d":{"lon":-2.1122316591599346,"lat":39.304854750292186}},"geometry":{"type":"MultiPolygon","coordinates":[[[[-2.15425,39.35965],[-2.15128,39.35954],[-2.14172,39.34416],[-2.1411,39.3371],[-2.14652,39.33104],[-2.14882,39.33023],[-2.15469,39.33185],[-2.1385,39.32201],[-2.14348,39.30954],[-2.14952,39.30006],[-2.14871,39.2894],[-2.15192,39.27635],[-2.12199,39.27434],[-2.07413,39.26589],[-2.05096,39.26668],[-2.05873,39.27235],[-2.0574,39.27912],[-2.05997,39.28345],[-2.05921,39.28504],[-2.06543,39.28654],[-2.06743,39.28916],[-2.06687,39.29803],[-2.06964,39.29876],[-2.07023,39.30157],[-2.07703,39.30765],[-2.09084,39.30935],[-2.11575,39.32256],[-2.11657,39.3308],[-2.12315,39.34872],[-2.12542,39.36293],[-2.13771,39.36728],[-2.14495,39.3657],[-2.15425,39.35965]]],[[[-2.10072,39.36192],[-2.09933,39.36709],[-2.10435,39.37095],[-2.1012,39.3727],[-2.10214,39.38087],[-2.10461,39.38226],[-2.10202,39.38399],[-2.10468,39.38439],[-2.10727,39.37833],[-2.1067,39.36926],[-2.10106,39.36218],[-2.10072,39.36192]]]]}},{"type":"Feature","properties":{"mun_code":"16117","mun_name":"Landete","mun_name_local":null,"prov_code":"16","prov_name":"Cuenca","acom_code":"08","acom_name":"Castilla-La Mancha","geo_point_2d":{"lon":-1.3557220462857689,"lat":39.896635188127256}},"geometry":{"type":"Polygon","coordinates":[[[-1.42704,39.89196],[-1.42495,39.88569],[-1.41796,39.87716],[-1.41853,39.8757],[-1.41736,39.87434],[-1.41598,39.87495],[-1.41374,39.87185],[-1.4156,39.86826],[-1.41352,39.86621],[-1.41568,39.86366],[-1.41218,39.86203],[-1.41139,39.85922],[-1.41567,39.85597],[-1.41577,39.84939],[-1.4145,39.84834],[-1.3926,39.85045],[-1.37598,39.85364],[-1.35284,39.85466],[-1.3478,39.85377],[-1.34061,39.84846],[-1.32796,39.87129],[-1.32818,39.87451],[-1.32078,39.87661],[-1.31498,39.8859],[-1.31765,39.88444],[-1.31581,39.90022],[-1.29907,39.90963],[-1.27347,39.91684],[-1.27891,39.92775],[-1.27774,39.9295],[-1.28052,39.93947],[-1.27975,39.94142],[-1.28464,39.94533],[-1.28806,39.9457],[-1.29806,39.95546],[-1.30844,39.94938],[-1.31528,39.94142],[-1.32966,39.92882],[-1.33359,39.92815],[-1.34004,39.92392],[-1.3655,39.92143],[-1.38036,39.92283],[-1.39225,39.92197],[-1.41688,39.92282],[-1.41579,39.91391],[-1.41,39.91378],[-1.4098,39.90629],[-1.41514,39.89886],[-1.41956,39.89854],[-1.4187,39.89504],[-1.42513,39.89262],[-1.42704,39.89196]]]}},{"type":"Feature","properties":{"mun_code":"16139","mun_name":"Olivares de Júcar","mun_name_local":null,"prov_code":"16","prov_name":"Cuenca","acom_code":"08","acom_name":"Castilla-La Mancha","geo_point_2d":{"lon":-2.330507264892661,"lat":39.752680429657104}},"geometry":{"type":"Polygon","coordinates":[[[-2.38984,39.75717],[-2.384,39.75442],[-2.37869,39.7453],[-2.36774,39.7369],[-2.36716,39.73502],[-2.36857,39.73426],[-2.36582,39.73194],[-2.35332,39.72644],[-2.33231,39.71972],[-2.31437,39.72134],[-2.30702,39.7294],[-2.28211,39.73502],[-2.26345,39.74073],[-2.2499,39.7478],[-2.25395,39.75166],[-2.27857,39.75688],[-2.29748,39.76409],[-2.32084,39.77564],[-2.32789,39.78402],[-2.33108,39.78506],[-2.35326,39.78557],[-2.38158,39.77956],[-2.38572,39.77095],[-2.38096,39.76062],[-2.38676,39.75867],[-2.38984,39.75717]]]}},{"type":"Feature","properties":{"mun_code":"16036","mun_name":"Boniches","mun_name_local":null,"prov_code":"16","prov_name":"Cuenca","acom_code":"08","acom_name":"Castilla-La Mancha","geo_point_2d":{"lon":-1.6228964070745633,"lat":39.97416150636036}},"geometry":{"type":"Polygon","coordinates":[[[-1.67283,39.97683],[-1.66623,39.93978],[-1.65904,39.94101],[-1.6266,39.93828],[-1.61987,39.94167],[-1.61021,39.94202],[-1.59992,39.93571],[-1.58998,39.94114],[-1.58849,39.94743],[-1.59047,39.95084],[-1.58598,39.95087],[-1.58848,39.95698],[-1.58591,39.96186],[-1.5903,39.96776],[-1.59057,39.97403],[-1.58057,39.98164],[-1.58064,39.984],[-1.57641,39.98952],[-1.57194,39.99185],[-1.56795,39.99224],[-1.56262,39.99706],[-1.56347,40.00068],[-1.56558,40.00371],[-1.57733,40.00395],[-1.58513,40.00859],[-1.59583,40.00721],[-1.60657,40.00281],[-1.62327,40.01253],[-1.63352,40.01195],[-1.64315,40.00765],[-1.65239,39.99512],[-1.66636,39.98679],[-1.66451,39.98164],[-1.67178,39.97714],[-1.67283,39.97683]]]}},{"type":"Feature","properties":{"mun_code":"16248","mun_name":"Villalpardo","mun_name_local":null,"prov_code":"16","prov_name":"Cuenca","acom_code":"08","acom_name":"Castilla-La Mancha","geo_point_2d":{"lon":-1.632532988797907,"lat":39.47118983252583}},"geometry":{"type":"Polygon","coordinates":[[[-1.68275,39.49267],[-1.68741,39.47945],[-1.68229,39.47518],[-1.67928,39.46888],[-1.68041,39.46783],[-1.6609,39.46231],[-1.64342,39.4536],[-1.63484,39.45126],[-1.61278,39.45244],[-1.59635,39.44512],[-1.58911,39.44425],[-1.58559,39.44574],[-1.57764,39.44471],[-1.57663,39.44305],[-1.57879,39.44064],[-1.56547,39.44257],[-1.56889,39.44431],[-1.56801,39.44687],[-1.57876,39.45162],[-1.58202,39.45156],[-1.58264,39.45713],[-1.58715,39.46018],[-1.58943,39.4682],[-1.59488,39.46948],[-1.59603,39.47325],[-1.59916,39.47624],[-1.59923,39.47978],[-1.6019,39.48003],[-1.60249,39.48242],[-1.60744,39.48549],[-1.61627,39.48644],[-1.61823,39.48993],[-1.62226,39.49019],[-1.62697,39.49452],[-1.64133,39.49534],[-1.67206,39.48989],[-1.67735,39.49071],[-1.68275,39.49267]],[[-1.59427,39.44659],[-1.6021,39.449],[-1.60673,39.4524],[-1.60434,39.45345],[-1.59943,39.45212],[-1.59645,39.45339],[-1.59103,39.45058],[-1.58599,39.44973],[-1.58767,39.44767],[-1.5937,39.4467],[-1.59427,39.44659]]]}},{"type":"Feature","properties":{"mun_code":"16273","mun_name":"Villaverde y Pasaconsol","mun_name_local":null,"prov_code":"16","prov_name":"Cuenca","acom_code":"08","acom_name":"Castilla-La Mancha","geo_point_2d":{"lon":-2.2812890980514013,"lat":39.77440895094451}},"geometry":{"type":"Polygon","coordinates":[[[-2.32789,39.78402],[-2.32084,39.77564],[-2.29748,39.76409],[-2.27857,39.75688],[-2.25395,39.75166],[-2.25075,39.7486],[-2.24882,39.74976],[-2.24793,39.75398],[-2.23759,39.76037],[-2.24032,39.76149],[-2.24976,39.77347],[-2.25999,39.78127],[-2.26892,39.79178],[-2.27586,39.79489],[-2.27771,39.79454],[-2.2812,39.7991],[-2.28457,39.79879],[-2.28584,39.7961],[-2.29136,39.79498],[-2.29156,39.79226],[-2.31542,39.79018],[-2.32392,39.78685],[-2.32789,39.78402]]]}},{"type":"Feature","properties":{"mun_code":"16135","mun_name":"Moya","mun_name_local":null,"prov_code":"16","prov_name":"Cuenca","acom_code":"08","acom_name":"Castilla-La Mancha","geo_point_2d":{"lon":-1.3535931799771084,"lat":39.967177992933905}},"geometry":{"type":"Polygon","coordinates":[[[-1.4305,39.96074],[-1.43019,39.95586],[-1.42647,39.9466],[-1.42166,39.94101],[-1.41977,39.9329],[-1.41664,39.92877],[-1.41519,39.92467],[-1.41688,39.92282],[-1.39225,39.92197],[-1.38036,39.92283],[-1.3655,39.92143],[-1.34004,39.92392],[-1.33359,39.92815],[-1.32966,39.92882],[-1.31528,39.94142],[-1.30844,39.94938],[-1.29806,39.95546],[-1.30106,39.96084],[-1.29742,39.96843],[-1.2899,39.97866],[-1.27678,39.98817],[-1.27814,39.99536],[-1.27434,40.0002],[-1.27757,40.00256],[-1.27581,40.00405],[-1.28639,40.00818],[-1.32834,40.01341],[-1.33578,40.01667],[-1.34214,40.01658],[-1.35896,40.01234],[-1.38448,39.99033],[-1.40392,39.98108],[-1.4305,39.96074]]]}},{"type":"Feature","properties":{"mun_code":"16078","mun_name":"Cuenca","mun_name_local":null,"prov_code":"16","prov_name":"Cuenca","acom_code":"08","acom_name":"Castilla-La Mancha","geo_point_2d":{"lon":-1.9938839777542996,"lat":40.20542376109753}},"geometry":{"type":"MultiPolygon","coordinates":[[[[-2.06174,39.87695],[-2.05122,39.87331],[-2.05016,39.87183],[-2.05349,39.86817],[-2.05413,39.86091],[-2.05898,39.85431],[-2.06858,39.85005],[-2.07766,39.84873],[-2.08499,39.85184],[-2.09485,39.85279],[-2.10337,39.85732],[-2.10596,39.8618],[-2.10981,39.86113],[-2.10218,39.85538],[-2.09817,39.8542],[-2.09846,39.85227],[-2.094,39.85154],[-2.09165,39.84874],[-2.07752,39.84642],[-2.06724,39.84782],[-2.04718,39.85597],[-2.04018,39.85752],[-2.02511,39.8417],[-2.01718,39.83729],[-2.01137,39.8293],[-2.00519,39.82676],[-1.99877,39.83387],[-2.00059,39.84301],[-1.99653,39.85238],[-2.01019,39.8542],[-2.02802,39.86203],[-2.03423,39.86103],[-2.04031,39.85775],[-2.04611,39.86177],[-2.04792,39.865],[-2.04145,39.87607],[-2.04582,39.88033],[-2.04699,39.88448],[-2.05876,39.88062],[-2.06174,39.87695]]],[[[-2.3258,40.07043],[-2.32932,40.06597],[-2.33878,40.06084],[-2.34479,40.04954],[-2.34455,40.0409],[-2.35185,40.03649],[-2.35515,40.03161],[-2.34911,40.02539],[-2.33545,40.02336],[-2.32852,40.02086],[-2.31716,40.02127],[-2.30152,40.01807],[-2.29315,40.0132],[-2.2883,40.01228],[-2.28365,40.00769],[-2.26693,40.01132],[-2.2518,40.00198],[-2.25092,40.00514],[-2.24557,40.00586],[-2.24366,40.00453],[-2.24104,40.0075],[-2.24552,40.00972],[-2.24653,40.0138],[-2.24495,40.01473],[-2.24008,40.01185],[-2.23811,40.01235],[-2.24069,40.0181],[-2.23939,40.02193],[-2.24077,40.02724],[-2.23572,40.0319],[-2.23084,40.04229],[-2.22856,40.04359],[-2.21678,40.04316],[-2.21375,40.04469],[-2.21269,40.04084],[-2.20783,40.03794],[-2.20549,40.03984],[-2.20463,40.04835],[-2.19795,40.04993],[-2.19922,40.05361],[-2.19693,40.05334],[-2.19566,40.06069],[-2.1938,40.06251],[-2.18722,40.0629],[-2.18512,40.06574],[-2.17417,40.05542],[-2.16995,40.05352],[-2.16864,40.04998],[-2.15674,40.03909],[-2.15842,40.03916],[-2.16217,40.03542],[-2.16108,40.02718],[-2.16334,40.02607],[-2.16015,40.02534],[-2.15931,40.02089],[-2.15475,40.01772],[-2.15251,40.02075],[-2.14967,40.01913],[-2.1376,40.01872],[-2.13403,40.02206],[-2.12848,40.02248],[-2.12622,40.02384],[-2.11951,40.02069],[-2.11738,40.01568],[-2.11412,40.01326],[-2.09763,40.00335],[-2.0704,39.99463],[-2.06738,39.99204],[-2.06221,39.99226],[-2.05857,39.98969],[-2.0553,39.98924],[-2.04984,39.99004],[-2.04684,39.99211],[-2.04821,39.9935],[-2.04485,39.9946],[-2.03219,39.99651],[-2.03375,39.99865],[-2.01766,39.99776],[-2.00559,40.00007],[-1.99561,39.9997],[-1.99627,39.99837],[-1.99085,39.99551],[-1.99358,39.9813],[-1.98453,39.97943],[-1.97684,39.97374],[-1.97882,39.98384],[-1.97818,39.99109],[-1.96621,40.00314],[-1.95673,40.00466],[-1.93973,39.99941],[-1.93613,39.99056],[-1.93466,39.9927],[-1.93443,40.00213],[-1.92725,40.00512],[-1.91272,40.02049],[-1.90608,40.02381],[-1.90812,40.03039],[-1.90693,40.03398],[-1.91015,40.03462],[-1.91395,40.03222],[-1.91956,40.03477],[-1.92284,40.04031],[-1.92788,40.04338],[-1.92951,40.04649],[-1.92549,40.05169],[-1.91366,40.06106],[-1.91329,40.06439],[-1.91047,40.06763],[-1.91137,40.07109],[-1.91804,40.07391],[-1.92057,40.07971],[-1.91427,40.09137],[-1.89505,40.10411],[-1.88805,40.10685],[-1.87338,40.10609],[-1.85576,40.10058],[-1.82053,40.09892],[-1.81641,40.10889],[-1.81735,40.11335],[-1.82735,40.12396],[-1.83412,40.15102],[-1.84259,40.15181],[-1.85948,40.18875],[-1.84179,40.22394],[-1.83531,40.22619],[-1.83139,40.22516],[-1.8215,40.22726],[-1.8199,40.22297],[-1.81447,40.22054],[-1.81136,40.21644],[-1.80251,40.21152],[-1.79928,40.21423],[-1.79409,40.22832],[-1.79926,40.23183],[-1.80465,40.23347],[-1.81964,40.23445],[-1.82271,40.23158],[-1.84378,40.22591],[-1.85073,40.2286],[-1.85416,40.22821],[-1.86444,40.24245],[-1.86456,40.25733],[-1.87039,40.26624],[-1.87276,40.27434],[-1.87226,40.28042],[-1.86806,40.2891],[-1.86107,40.29972],[-1.83949,40.31236],[-1.82121,40.31749],[-1.81673,40.32199],[-1.80896,40.32247],[-1.80161,40.32546],[-1.78431,40.32712],[-1.77988,40.33157],[-1.77458,40.32828],[-1.77173,40.32133],[-1.7692,40.31922],[-1.7672,40.31224],[-1.76937,40.30751],[-1.76253,40.29215],[-1.75054,40.28532],[-1.74495,40.28005],[-1.74607,40.27915],[-1.74239,40.27799],[-1.74074,40.28224],[-1.73065,40.27805],[-1.72684,40.27939],[-1.72395,40.27654],[-1.71998,40.27647],[-1.71665,40.27876],[-1.72046,40.28045],[-1.7234,40.28464],[-1.72615,40.29666],[-1.7294,40.30097],[-1.72641,40.30712],[-1.71965,40.31151],[-1.69753,40.3171],[-1.6972,40.32013],[-1.70835,40.32633],[-1.72011,40.34029],[-1.73188,40.34442],[-1.73676,40.34862],[-1.74219,40.34903],[-1.74193,40.35228],[-1.74469,40.3528],[-1.74419,40.35383],[-1.74996,40.35797],[-1.75046,40.36033],[-1.75333,40.36032],[-1.75302,40.36302],[-1.75823,40.3682],[-1.75946,40.3719],[-1.76131,40.37194],[-1.76163,40.37367],[-1.76463,40.37514],[-1.76772,40.38272],[-1.77336,40.3872],[-1.77541,40.3872],[-1.77722,40.39141],[-1.78953,40.39146],[-1.78997,40.39483],[-1.78825,40.39589],[-1.78942,40.39744],[-1.79546,40.39709],[-1.80215,40.39872],[-1.80583,40.39794],[-1.80882,40.40013],[-1.81016,40.39945],[-1.8141,40.40406],[-1.82159,40.40733],[-1.82441,40.41165],[-1.83098,40.41656],[-1.83286,40.41857],[-1.83218,40.42106],[-1.83429,40.42106],[-1.8367,40.42599],[-1.83889,40.42589],[-1.84533,40.41727],[-1.84614,40.41868],[-1.84913,40.41882],[-1.85396,40.42184],[-1.85037,40.42375],[-1.85126,40.42493],[-1.85672,40.42536],[-1.85775,40.43809],[-1.85925,40.44003],[-1.86144,40.43961],[-1.86317,40.4408],[-1.86069,40.44488],[-1.86619,40.45036],[-1.86535,40.45374],[-1.86101,40.45741],[-1.86273,40.46062],[-1.86192,40.46247],[-1.86672,40.46528],[-1.86684,40.46757],[-1.86917,40.46686],[-1.87415,40.47103],[-1.87398,40.47396],[-1.87151,40.47386],[-1.8733,40.4756],[-1.87659,40.47602],[-1.8779,40.48505],[-1.88143,40.4871],[-1.87881,40.48921],[-1.88135,40.49098],[-1.88002,40.49278],[-1.88879,40.50408],[-1.89134,40.51196],[-1.89961,40.51624],[-1.90571,40.52248],[-1.90991,40.52382],[-1.91202,40.52225],[-1.91772,40.52836],[-1.92166,40.53667],[-1.93352,40.5462],[-1.94505,40.54837],[-1.94698,40.54444],[-1.94989,40.54255],[-1.9364,40.53532],[-1.92593,40.53197],[-1.91206,40.52214],[-1.90922,40.52296],[-1.90589,40.51905],[-1.90417,40.51115],[-1.91598,40.51932],[-1.9175,40.51858],[-1.92066,40.52184],[-1.92447,40.51941],[-1.93148,40.51953],[-1.93262,40.51904],[-1.92835,40.51511],[-1.93059,40.51045],[-1.93059,40.50459],[-1.94272,40.51753],[-1.95265,40.51865],[-1.95567,40.52084],[-1.95959,40.51558],[-1.94973,40.50237],[-1.94891,40.49641],[-1.94287,40.49555],[-1.94294,40.49395],[-1.9511,40.4904],[-1.97196,40.4893],[-1.97778,40.48427],[-1.97806,40.48244],[-1.98397,40.47827],[-1.98839,40.47054],[-1.99688,40.46479],[-2.00169,40.46346],[-2.0216,40.46039],[-2.04546,40.46205],[-2.06725,40.46573],[-2.08109,40.47226],[-2.09194,40.47949],[-2.0975,40.48117],[-2.10555,40.48099],[-2.12241,40.49296],[-2.12959,40.49441],[-2.11258,40.48237],[-2.08582,40.45627],[-2.09426,40.44483],[-2.11606,40.42585],[-2.09739,40.41869],[-2.09009,40.41029],[-2.08548,40.40863],[-2.07894,40.40297],[-2.07328,40.40104],[-2.06423,40.39195],[-2.06148,40.3909],[-2.05603,40.39172],[-2.04896,40.37995],[-2.04204,40.37535],[-2.04171,40.36717],[-2.04294,40.36629],[-2.03939,40.36511],[-2.03265,40.36806],[-2.02725,40.37334],[-2.01537,40.37197],[-2.00542,40.36806],[-2.00285,40.36378],[-1.99654,40.3595],[-1.99422,40.35535],[-1.99611,40.35108],[-1.9998,40.34806],[-1.99818,40.34666],[-1.99046,40.34508],[-1.98704,40.34722],[-1.97459,40.3447],[-1.97013,40.35275],[-1.96449,40.35454],[-1.95981,40.3508],[-1.95268,40.34841],[-1.95115,40.34028],[-1.95966,40.32511],[-1.96341,40.32269],[-1.97711,40.32313],[-1.97385,40.31059],[-1.96804,40.31075],[-1.96789,40.30831],[-1.96099,40.29877],[-1.96165,40.29685],[-1.95787,40.29423],[-1.95703,40.29191],[-1.95798,40.2861],[-1.95682,40.28405],[-1.95845,40.28091],[-1.96176,40.2802],[-1.96302,40.27571],[-1.96121,40.27408],[-1.96369,40.27231],[-1.964,40.26932],[-1.96169,40.26722],[-1.96199,40.26517],[-1.95799,40.26577],[-1.95822,40.26419],[-1.95658,40.26332],[-1.95823,40.26231],[-1.95268,40.25856],[-1.95309,40.25613],[-1.95563,40.25608],[-1.9534,40.25327],[-1.95043,40.25243],[-1.94976,40.24896],[-1.95339,40.24789],[-1.95053,40.24609],[-1.95092,40.24413],[-1.95251,40.24345],[-1.96051,40.24554],[-1.9659,40.24224],[-1.96652,40.2396],[-1.96925,40.23779],[-1.97657,40.23761],[-1.9811,40.2318],[-1.98273,40.23609],[-1.9857,40.23598],[-1.98825,40.23958],[-1.9821,40.24499],[-1.99415,40.24668],[-1.99572,40.25174],[-1.99959,40.25437],[-1.99422,40.25656],[-1.9935,40.25812],[-1.99959,40.2647],[-2.00214,40.26988],[-2.00553,40.2678],[-2.00324,40.26088],[-2.00044,40.25961],[-2.0034,40.25826],[-2.00549,40.25517],[-2.00876,40.25543],[-2.00823,40.25188],[-2.00236,40.24825],[-1.99881,40.24297],[-1.99834,40.23747],[-1.9854,40.22876],[-1.9859,40.22566],[-1.98388,40.2252],[-1.9831,40.2268],[-1.98133,40.2252],[-1.98172,40.22754],[-1.97872,40.23224],[-1.97474,40.23266],[-1.97108,40.22985],[-1.96871,40.23104],[-1.96665,40.22971],[-1.96246,40.23092],[-1.9623,40.2327],[-1.9595,40.23471],[-1.95637,40.23129],[-1.95848,40.23043],[-1.95825,40.22867],[-1.95594,40.22759],[-1.96121,40.22673],[-1.96538,40.22232],[-1.95895,40.22185],[-1.95561,40.21895],[-1.95445,40.22105],[-1.94929,40.22116],[-1.94529,40.21705],[-1.94299,40.2187],[-1.93969,40.21809],[-1.93719,40.21928],[-1.9343,40.21905],[-1.93163,40.21633],[-1.92657,40.21598],[-1.92087,40.21758],[-1.92087,40.2125],[-1.91907,40.21061],[-1.92075,40.20746],[-1.93363,40.20271],[-1.95255,40.19901],[-1.95937,40.19362],[-1.96565,40.19521],[-1.97096,40.19107],[-1.97508,40.19117],[-1.97997,40.19412],[-1.99606,40.21269],[-1.99571,40.21793],[-2.00094,40.22157],[-2.00388,40.22716],[-2.01098,40.23105],[-2.02273,40.2418],[-2.03013,40.2394],[-2.03648,40.2438],[-2.04253,40.24568],[-2.03715,40.24513],[-2.0337,40.24709],[-2.02732,40.24513],[-2.02245,40.24609],[-2.01946,40.2507],[-2.01766,40.25857],[-2.02007,40.25551],[-2.02578,40.25333],[-2.02479,40.24961],[-2.03048,40.24937],[-2.03359,40.25194],[-2.03607,40.25123],[-2.03837,40.24803],[-2.04878,40.24901],[-2.05485,40.24548],[-2.04685,40.24058],[-2.04758,40.23757],[-2.03809,40.23472],[-2.04369,40.22876],[-2.04676,40.21852],[-2.05295,40.21478],[-2.05305,40.21086],[-2.06417,40.21009],[-2.0679,40.21108],[-2.07694,40.20777],[-2.07691,40.1877],[-2.08021,40.17823],[-2.08006,40.17365],[-2.08471,40.16432],[-2.08452,40.16014],[-2.0935,40.15474],[-2.10459,40.15386],[-2.1073,40.15168],[-2.10916,40.15181],[-2.11504,40.14507],[-2.12011,40.14714],[-2.12629,40.14518],[-2.13172,40.14805],[-2.15125,40.14872],[-2.16701,40.15163],[-2.17511,40.14991],[-2.17926,40.15607],[-2.17967,40.17133],[-2.19032,40.18915],[-2.1965,40.19364],[-2.20213,40.18901],[-2.2156,40.1829],[-2.22971,40.18128],[-2.2336,40.17697],[-2.23553,40.17147],[-2.24254,40.16682],[-2.24082,40.15912],[-2.24175,40.14603],[-2.24472,40.14257],[-2.24544,40.13768],[-2.23134,40.13959],[-2.22163,40.13722],[-2.2168,40.1336],[-2.20946,40.13711],[-2.21026,40.14076],[-2.20474,40.14446],[-2.17535,40.14647],[-2.17675,40.13355],[-2.18188,40.12437],[-2.17655,40.11891],[-2.1759,40.1152],[-2.17145,40.11332],[-2.16929,40.11074],[-2.17954,40.10833],[-2.19029,40.09053],[-2.19938,40.08422],[-2.20637,40.08505],[-2.21358,40.08366],[-2.20595,40.07535],[-2.20346,40.06964],[-2.22171,40.07076],[-2.23261,40.06911],[-2.24651,40.0646],[-2.25254,40.06515],[-2.255,40.06723],[-2.26086,40.06825],[-2.26973,40.06562],[-2.27437,40.06729],[-2.28042,40.06746],[-2.28636,40.06589],[-2.29392,40.06867],[-2.2989,40.0672],[-2.30296,40.07036],[-2.30851,40.07013],[-2.31867,40.07387],[-2.32333,40.07407],[-2.32526,40.07149],[-2.3258,40.07043]],[[-1.97627,40.09024],[-1.97974,40.08347],[-1.97429,40.07442],[-1.96727,40.06871],[-1.95559,40.06427],[-1.9586,40.06159],[-1.97104,40.05719],[-1.97679,40.053],[-1.97948,40.04908],[-1.998,40.04328],[-2.01257,40.04335],[-2.02251,40.0476],[-2.03556,40.04964],[-2.04238,40.04747],[-2.04377,40.0455],[-2.0444,40.04114],[-2.04272,40.03549],[-2.05253,40.03931],[-2.04758,40.04342],[-2.04807,40.04623],[-2.05136,40.04751],[-2.05291,40.05034],[-2.07001,40.05527],[-2.07907,40.05949],[-2.08337,40.0573],[-2.08494,40.05782],[-2.09061,40.06525],[-2.08438,40.07258],[-2.08458,40.07728],[-2.07915,40.0796],[-2.07936,40.08225],[-2.07386,40.08177],[-2.06929,40.08287],[-2.06481,40.08621],[-2.05451,40.09937],[-2.04669,40.10256],[-2.04293,40.10272],[-2.04259,40.10532],[-2.04807,40.10797],[-2.04991,40.11502],[-2.0539,40.12024],[-2.04092,40.12795],[-2.03241,40.14075],[-1.99703,40.15551],[-1.95799,40.16017],[-1.93687,40.15331],[-1.93433,40.15108],[-1.93744,40.14242],[-1.93539,40.13588],[-1.93037,40.13233],[-1.9273,40.11694],[-1.92387,40.11356],[-1.92738,40.1048],[-1.93657,40.10527],[-1.95681,40.09703],[-1.96504,40.09518],[-1.97627,40.09024]],[[-1.99655,40.41736],[-2.00514,40.40087],[-2.00987,40.39842],[-2.01033,40.3948],[-2.06298,40.39299],[-2.06682,40.39629],[-2.06918,40.40431],[-2.08707,40.41915],[-2.08483,40.41859],[-2.08597,40.42354],[-2.09123,40.42576],[-2.09229,40.42949],[-2.09574,40.43021],[-2.09388,40.43889],[-2.08781,40.44648],[-2.08402,40.45882],[-2.07912,40.46246],[-2.07212,40.46403],[-2.06231,40.46402],[-2.05408,40.46067],[-2.03878,40.45778],[-2.03441,40.45608],[-2.03074,40.45252],[-2.0252,40.45619],[-2.02127,40.45653],[-2.01083,40.4447],[-2.00586,40.44573],[-2.00723,40.4416],[-2.00609,40.43943],[-1.99796,40.43275],[-1.99261,40.43125],[-1.99227,40.42847],[-1.98823,40.42348],[-1.98344,40.42148],[-1.986,40.41961],[-1.99602,40.4176],[-1.99655,40.41736]],[[-1.96681,40.47425],[-1.97437,40.47361],[-1.96789,40.47826],[-1.95804,40.47952],[-1.9545,40.478],[-1.96107,40.4709],[-1.95366,40.46727],[-1.95144,40.46418],[-1.94519,40.46606],[-1.9315,40.46025],[-1.91465,40.4608],[-1.90972,40.44354],[-1.90234,40.4361],[-1.89729,40.42679],[-1.89895,40.42504],[-1.90562,40.4228],[-1.90372,40.42116],[-1.90892,40.41686],[-1.92335,40.41766],[-1.93794,40.41465],[-1.93863,40.41602],[-1.94094,40.41566],[-1.96255,40.42405],[-1.96323,40.4288],[-1.96644,40.4289],[-1.97561,40.43324],[-1.97713,40.43919],[-1.98679,40.45061],[-1.9855,40.45344],[-1.98789,40.45791],[-1.98767,40.4632],[-1.98074,40.46911],[-1.97856,40.4649],[-1.96734,40.47351],[-1.96681,40.47425]],[[-1.79084,40.32828],[-1.80796,40.3243],[-1.81527,40.32516],[-1.82196,40.32334],[-1.8459,40.3207],[-1.84839,40.32071],[-1.85415,40.32431],[-1.86164,40.32643],[-1.86654,40.33505],[-1.8687,40.33611],[-1.87884,40.35952],[-1.88584,40.3655],[-1.8904,40.37492],[-1.89514,40.37673],[-1.89827,40.38155],[-1.91023,40.38409],[-1.91133,40.38775],[-1.92716,40.39763],[-1.92283,40.40338],[-1.91861,40.40357],[-1.91542,40.40222],[-1.90864,40.39789],[-1.90864,40.39386],[-1.89864,40.38853],[-1.8787,40.40851],[-1.87566,40.40701],[-1.87255,40.40944],[-1.86367,40.404],[-1.86217,40.40167],[-1.85764,40.40055],[-1.85071,40.40273],[-1.84685,40.402],[-1.84255,40.40308],[-1.83453,40.3955],[-1.83188,40.38794],[-1.82337,40.38147],[-1.821,40.38152],[-1.80315,40.37092],[-1.7943,40.36239],[-1.78052,40.34529],[-1.77757,40.33639],[-1.78255,40.33306],[-1.78507,40.32912],[-1.79037,40.32835],[-1.79084,40.32828]]]]}},{"type":"Feature","properties":{"mun_code":"16085","mun_name":"La Frontera","mun_name_local":null,"prov_code":"16","prov_name":"Cuenca","acom_code":"08","acom_name":"Castilla-La Mancha","geo_point_2d":{"lon":-2.211377637594173,"lat":40.39591549831703}},"geometry":{"type":"Polygon","coordinates":[[[-2.25892,40.39589],[-2.23374,40.36606],[-2.19386,40.36479],[-2.18237,40.38019],[-2.1768,40.42577],[-2.18901,40.43297],[-2.19324,40.4329],[-2.20481,40.42823],[-2.21428,40.42064],[-2.2205,40.41934],[-2.25742,40.39663],[-2.25892,40.39589]]]}},{"type":"Feature","properties":{"mun_code":"16093","mun_name":"Garaballa","mun_name_local":null,"prov_code":"16","prov_name":"Cuenca","acom_code":"08","acom_name":"Castilla-La Mancha","geo_point_2d":{"lon":-1.374215651987992,"lat":39.80609376309332}},"geometry":{"type":"Polygon","coordinates":[[[-1.4309,39.77383],[-1.42041,39.76484],[-1.41895,39.75989],[-1.4018,39.75701],[-1.38303,39.74713],[-1.38078,39.74956],[-1.38176,39.75632],[-1.36601,39.76808],[-1.36462,39.77132],[-1.35764,39.77484],[-1.34906,39.77664],[-1.33997,39.783],[-1.33281,39.78386],[-1.32036,39.79816],[-1.31465,39.79829],[-1.31783,39.80918],[-1.33048,39.82653],[-1.33234,39.84124],[-1.33721,39.84454],[-1.33909,39.848],[-1.3478,39.85377],[-1.35284,39.85466],[-1.37598,39.85364],[-1.3926,39.85045],[-1.4145,39.84834],[-1.41487,39.84575],[-1.41189,39.84251],[-1.41255,39.83879],[-1.41035,39.83693],[-1.41274,39.83354],[-1.41109,39.82626],[-1.4127,39.82414],[-1.40945,39.82317],[-1.40814,39.81985],[-1.40951,39.81706],[-1.40894,39.81056],[-1.41167,39.81126],[-1.4121,39.81013],[-1.40807,39.80726],[-1.41139,39.79786],[-1.41336,39.79857],[-1.41483,39.79739],[-1.41415,39.79223],[-1.4189,39.79276],[-1.42161,39.78986],[-1.42272,39.78281],[-1.42039,39.7801],[-1.42298,39.77896],[-1.42304,39.77606],[-1.42599,39.7751],[-1.42586,39.77295],[-1.43075,39.77446],[-1.4309,39.77383]]]}},{"type":"Feature","properties":{"mun_code":"16901","mun_name":"Campos del Paraíso","mun_name_local":null,"prov_code":"16","prov_name":"Cuenca","acom_code":"08","acom_name":"Castilla-La Mancha","geo_point_2d":{"lon":-2.702751646112673,"lat":40.025584311236294}},"geometry":{"type":"Polygon","coordinates":[[[-2.80182,40.01332],[-2.79817,40.01208],[-2.79277,40.01254],[-2.78084,40.01558],[-2.77888,40.0175],[-2.76955,40.01436],[-2.76577,40.01018],[-2.76286,39.98965],[-2.78193,39.97206],[-2.78142,39.96883],[-2.78357,39.96642],[-2.77257,39.92379],[-2.76704,39.91956],[-2.75775,39.91802],[-2.7553,39.92175],[-2.75091,39.92248],[-2.75029,39.92109],[-2.74736,39.92129],[-2.74652,39.92319],[-2.73338,39.92343],[-2.72595,39.92892],[-2.71746,39.93116],[-2.71218,39.93428],[-2.70427,39.93301],[-2.70115,39.93748],[-2.70213,39.94105],[-2.70004,39.94204],[-2.69784,39.9465],[-2.68963,39.95001],[-2.68526,39.95633],[-2.67253,39.96171],[-2.6825,39.96389],[-2.68753,39.97937],[-2.67157,39.99427],[-2.66392,39.99656],[-2.65803,39.99594],[-2.64591,39.99781],[-2.64634,40.00059],[-2.63921,40.00462],[-2.63951,40.00618],[-2.63548,40.00887],[-2.63553,40.01147],[-2.63185,40.0159],[-2.62129,40.02504],[-2.61381,40.02748],[-2.61079,40.03169],[-2.60623,40.03376],[-2.60443,40.04375],[-2.60088,40.04869],[-2.59798,40.05031],[-2.59484,40.05585],[-2.58176,40.06128],[-2.5798,40.06761],[-2.57473,40.0708],[-2.57756,40.07421],[-2.57535,40.08127],[-2.57619,40.08519],[-2.58062,40.09231],[-2.60897,40.09787],[-2.61907,40.09635],[-2.63285,40.09682],[-2.63744,40.0955],[-2.63776,40.09175],[-2.64266,40.08461],[-2.64214,40.07826],[-2.65414,40.07537],[-2.65901,40.06976],[-2.66062,40.07001],[-2.66572,40.072],[-2.67731,40.07316],[-2.67785,40.07826],[-2.68045,40.08101],[-2.68657,40.08381],[-2.68886,40.08919],[-2.69182,40.08657],[-2.69585,40.08701],[-2.70246,40.09399],[-2.70962,40.09879],[-2.73132,40.1063],[-2.74186,40.11316],[-2.74465,40.11228],[-2.75443,40.11294],[-2.76392,40.09935],[-2.78014,40.09163],[-2.77079,40.0874],[-2.76685,40.07724],[-2.7676,40.06992],[-2.7732,40.05893],[-2.77822,40.04178],[-2.78841,40.03028],[-2.78974,40.0265],[-2.78854,40.02373],[-2.79234,40.02122],[-2.79592,40.01612],[-2.80135,40.01439],[-2.80182,40.01332]]]}},{"type":"Feature","properties":{"mun_code":"16218","mun_name":"Uclés","mun_name_local":null,"prov_code":"16","prov_name":"Cuenca","acom_code":"08","acom_name":"Castilla-La Mancha","geo_point_2d":{"lon":-2.8656802812568007,"lat":39.95615320863857}},"geometry":{"type":"MultiPolygon","coordinates":[[[[-2.85918,39.79105],[-2.86777,39.79797],[-2.87091,39.80186],[-2.87286,39.80964],[-2.88285,39.8196],[-2.88844,39.83849],[-2.88767,39.84433],[-2.8849,39.84577],[-2.88246,39.85172],[-2.87716,39.85425],[-2.87531,39.85728],[-2.87627,39.85913],[-2.88016,39.86442],[-2.9002,39.87544],[-2.90963,39.88914],[-2.91129,39.89076],[-2.91411,39.89069],[-2.91508,39.88429],[-2.91067,39.87391],[-2.90905,39.86262],[-2.9077,39.85949],[-2.90217,39.8561],[-2.89451,39.83677],[-2.89068,39.81731],[-2.88585,39.80848],[-2.88444,39.78985],[-2.873,39.7888],[-2.86644,39.79038],[-2.86008,39.79023],[-2.85918,39.79105]]],[[[-2.86958,40.0382],[-2.86492,40.02132],[-2.87682,40.01731],[-2.8968,40.01605],[-2.89908,40.01445],[-2.90129,40.01689],[-2.90278,40.01664],[-2.90656,40.01483],[-2.90797,40.01197],[-2.91523,40.01559],[-2.92043,40.01331],[-2.91535,40.00114],[-2.90926,40.00224],[-2.90141,39.99762],[-2.89395,39.99766],[-2.8921,39.99598],[-2.88906,39.98429],[-2.88727,39.98364],[-2.88726,39.98071],[-2.88371,39.9785],[-2.88337,39.97488],[-2.88951,39.97266],[-2.89003,39.97116],[-2.88797,39.96863],[-2.89117,39.96683],[-2.89142,39.96453],[-2.88246,39.96315],[-2.87797,39.96116],[-2.85424,39.9409],[-2.84399,39.9369],[-2.83667,39.94387],[-2.82521,39.94617],[-2.81688,39.95074],[-2.81088,39.95075],[-2.81372,39.95731],[-2.81553,39.95814],[-2.815,39.95969],[-2.81753,39.96116],[-2.81852,39.96497],[-2.82175,39.96682],[-2.82577,39.97374],[-2.83169,39.987],[-2.83279,40.00533],[-2.8311,40.01001],[-2.8331,40.00932],[-2.8341,40.01079],[-2.84304,40.03616],[-2.8467,40.03997],[-2.86845,40.03857],[-2.86958,40.0382]]]]}},{"type":"Feature","properties":{"mun_code":"16244","mun_name":"Villagarcía del Llano","mun_name_local":null,"prov_code":"16","prov_name":"Cuenca","acom_code":"08","acom_name":"Castilla-La Mancha","geo_point_2d":{"lon":-1.8185294073795732,"lat":39.33813364267365}},"geometry":{"type":"Polygon","coordinates":[[[-1.88708,39.30479],[-1.87113,39.29496],[-1.84519,39.28612],[-1.81243,39.28632],[-1.76985,39.28051],[-1.76311,39.30149],[-1.73928,39.32116],[-1.74004,39.33062],[-1.74537,39.34345],[-1.7952,39.37063],[-1.835,39.43201],[-1.83818,39.43166],[-1.84133,39.42808],[-1.84708,39.39165],[-1.85327,39.38516],[-1.86118,39.37274],[-1.8862,39.36952],[-1.87269,39.35146],[-1.88016,39.32305],[-1.88698,39.30494],[-1.88708,39.30479]]]}},{"type":"Feature","properties":{"mun_code":"16104","mun_name":"Hontecillas","mun_name_local":null,"prov_code":"16","prov_name":"Cuenca","acom_code":"08","acom_name":"Castilla-La Mancha","geo_point_2d":{"lon":-2.1867194796376292,"lat":39.691594586235055}},"geometry":{"type":"Polygon","coordinates":[[[-2.2307,39.66252],[-2.22535,39.65878],[-2.21827,39.65628],[-2.21367,39.64908],[-2.21089,39.64793],[-2.21142,39.65161],[-2.2075,39.6577],[-2.19495,39.6698],[-2.12159,39.70431],[-2.13969,39.71305],[-2.14782,39.71465],[-2.17318,39.72525],[-2.18373,39.7195],[-2.18063,39.71906],[-2.19591,39.7085],[-2.20091,39.70777],[-2.23399,39.68589],[-2.23639,39.67666],[-2.22843,39.66502],[-2.23035,39.66303],[-2.2307,39.66252]]]}},{"type":"Feature","properties":{"mun_code":"16110","mun_name":"Huerta de la Obispalía","mun_name_local":null,"prov_code":"16","prov_name":"Cuenca","acom_code":"08","acom_name":"Castilla-La Mancha","geo_point_2d":{"lon":-2.480170002926141,"lat":39.97730256224916}},"geometry":{"type":"Polygon","coordinates":[[[-2.50127,39.93623],[-2.49156,39.936],[-2.48671,39.94276],[-2.47381,39.94353],[-2.47053,39.9458],[-2.46644,39.94077],[-2.46333,39.94687],[-2.46544,39.95054],[-2.46176,39.95352],[-2.45955,39.95818],[-2.46005,39.96784],[-2.45757,39.97496],[-2.45061,39.98088],[-2.43377,39.98553],[-2.43085,39.99074],[-2.42908,39.99126],[-2.42958,39.99297],[-2.42661,39.99752],[-2.4264,39.99968],[-2.44172,40.01174],[-2.45696,40.01013],[-2.46662,40.01099],[-2.48186,40.00426],[-2.48924,40.00404],[-2.4934,40.00522],[-2.5027,40.00373],[-2.51377,40.0049],[-2.51529,40.00647],[-2.51896,39.99501],[-2.50644,39.98466],[-2.51111,39.97036],[-2.52585,39.94471],[-2.51963,39.94169],[-2.50398,39.93851],[-2.50138,39.9365],[-2.50127,39.93623]]]}},{"type":"Feature","properties":{"mun_code":"16102","mun_name":"Honrubia","mun_name_local":null,"prov_code":"16","prov_name":"Cuenca","acom_code":"08","acom_name":"Castilla-La Mancha","geo_point_2d":{"lon":-2.2684996008748164,"lat":39.60605240139391}},"geometry":{"type":"Polygon","coordinates":[[[-2.37716,39.59089],[-2.37024,39.58398],[-2.36069,39.57926],[-2.35466,39.57245],[-2.34839,39.56901],[-2.33477,39.56817],[-2.32139,39.57302],[-2.31182,39.5743],[-2.30703,39.56288],[-2.30255,39.55873],[-2.29874,39.55826],[-2.28655,39.55991],[-2.27627,39.56447],[-2.2745,39.56382],[-2.26894,39.56851],[-2.27101,39.57174],[-2.26812,39.57423],[-2.26461,39.57324],[-2.26216,39.56762],[-2.25009,39.57568],[-2.24033,39.57953],[-2.22656,39.58004],[-2.20841,39.572],[-2.19254,39.57683],[-2.18298,39.58204],[-2.17848,39.58626],[-2.18331,39.58673],[-2.17371,39.59559],[-2.17143,39.6032],[-2.20584,39.60958],[-2.21042,39.61245],[-2.21044,39.61381],[-2.19733,39.62246],[-2.19961,39.6237],[-2.19824,39.62623],[-2.19962,39.63251],[-2.2036,39.63401],[-2.20481,39.63153],[-2.20619,39.6352],[-2.21413,39.63737],[-2.21391,39.64399],[-2.21089,39.64793],[-2.21367,39.64908],[-2.21827,39.65628],[-2.22535,39.65878],[-2.23349,39.66403],[-2.2436,39.6644],[-2.24824,39.66382],[-2.25123,39.65491],[-2.25962,39.64176],[-2.2629,39.64344],[-2.26506,39.64821],[-2.26988,39.65159],[-2.28692,39.64967],[-2.29243,39.64697],[-2.29943,39.64013],[-2.3176,39.62804],[-2.3271,39.62305],[-2.32969,39.61425],[-2.34164,39.60389],[-2.34623,39.60403],[-2.35633,39.60174],[-2.36262,39.59839],[-2.36674,39.59315],[-2.37628,39.5911],[-2.37716,39.59089]]]}},{"type":"Feature","properties":{"mun_code":"16109","mun_name":"Huérguina","mun_name_local":null,"prov_code":"16","prov_name":"Cuenca","acom_code":"08","acom_name":"Castilla-La Mancha","geo_point_2d":{"lon":-1.597599359728254,"lat":40.03829084628711}},"geometry":{"type":"Polygon","coordinates":[[[-1.62327,40.01253],[-1.6063,40.00278],[-1.59583,40.00721],[-1.58513,40.00859],[-1.58227,40.01373],[-1.58296,40.01626],[-1.57025,40.03154],[-1.56793,40.04202],[-1.56897,40.04818],[-1.58131,40.06534],[-1.58258,40.07061],[-1.59044,40.082],[-1.59242,40.08246],[-1.59477,40.08093],[-1.59914,40.07385],[-1.60591,40.0687],[-1.61069,40.06275],[-1.61047,40.05947],[-1.61527,40.05351],[-1.61331,40.04926],[-1.61763,40.04892],[-1.61994,40.04465],[-1.61924,40.04091],[-1.62092,40.03737],[-1.62705,40.03215],[-1.62706,40.02847],[-1.63093,40.01959],[-1.62345,40.01301],[-1.62327,40.01253]]]}},{"type":"Feature","properties":{"mun_code":"16121","mun_name":"Las Majadas","mun_name_local":null,"prov_code":"16","prov_name":"Cuenca","acom_code":"08","acom_name":"Castilla-La Mancha","geo_point_2d":{"lon":-2.002812232840225,"lat":40.30335076896062}},"geometry":{"type":"Polygon","coordinates":[[[-2.05485,40.24548],[-2.04855,40.24908],[-2.03837,40.24803],[-2.03607,40.25123],[-2.03359,40.25194],[-2.03048,40.24937],[-2.02479,40.24961],[-2.02578,40.25333],[-2.02007,40.25551],[-2.01766,40.25857],[-2.01531,40.2566],[-2.01713,40.2538],[-2.01094,40.25556],[-2.00549,40.25517],[-2.0034,40.25826],[-2.00044,40.25961],[-2.00324,40.26088],[-2.00553,40.2678],[-2.00214,40.26988],[-1.99959,40.2647],[-1.9935,40.25812],[-1.99422,40.25656],[-1.99959,40.25437],[-1.99572,40.25174],[-1.99415,40.24668],[-1.9821,40.24499],[-1.98825,40.23958],[-1.9857,40.23598],[-1.98273,40.23609],[-1.9811,40.2318],[-1.97657,40.23761],[-1.96925,40.23779],[-1.96652,40.2396],[-1.9659,40.24224],[-1.96051,40.24554],[-1.95251,40.24345],[-1.95092,40.24413],[-1.95053,40.24609],[-1.95339,40.24789],[-1.94976,40.24896],[-1.95043,40.25243],[-1.9534,40.25327],[-1.95563,40.25608],[-1.95309,40.25613],[-1.95268,40.25856],[-1.95823,40.26231],[-1.95658,40.26332],[-1.95822,40.26419],[-1.95799,40.26577],[-1.96199,40.26517],[-1.96169,40.26722],[-1.964,40.26932],[-1.96369,40.27231],[-1.96121,40.27408],[-1.96302,40.27571],[-1.96176,40.2802],[-1.95845,40.28091],[-1.95682,40.28405],[-1.95798,40.2861],[-1.95703,40.29191],[-1.95787,40.29423],[-1.96165,40.29685],[-1.96099,40.29877],[-1.96789,40.30831],[-1.96804,40.31075],[-1.97385,40.31059],[-1.97711,40.32313],[-1.96341,40.32269],[-1.96046,40.32429],[-1.95115,40.34028],[-1.9522,40.34773],[-1.95981,40.3508],[-1.96449,40.35454],[-1.97013,40.35275],[-1.97459,40.3447],[-1.98704,40.34722],[-1.99046,40.34508],[-1.99818,40.34666],[-1.9998,40.34806],[-1.99611,40.35108],[-1.99422,40.35535],[-1.99654,40.3595],[-2.00285,40.36378],[-2.00542,40.36806],[-2.01537,40.37197],[-2.02725,40.37334],[-2.03265,40.36806],[-2.03939,40.36511],[-2.04294,40.36629],[-2.04345,40.36524],[-2.04736,40.35126],[-2.0473,40.34753],[-2.04419,40.34206],[-2.0468,40.3348],[-2.04084,40.32178],[-2.03885,40.31978],[-2.03461,40.31898],[-2.04113,40.31279],[-2.03435,40.28591],[-2.0526,40.2761],[-2.0506,40.25608],[-2.054,40.24721],[-2.05485,40.24548]]]}},{"type":"Feature","properties":{"mun_code":"16278","mun_name":"Zafrilla","mun_name_local":null,"prov_code":"16","prov_name":"Cuenca","acom_code":"08","acom_name":"Castilla-La Mancha","geo_point_2d":{"lon":-1.63148844753072,"lat":40.226653468364205}},"geometry":{"type":"Polygon","coordinates":[[[-1.74239,40.27799],[-1.73587,40.27535],[-1.73437,40.2726],[-1.72996,40.2725],[-1.72663,40.26989],[-1.72057,40.26991],[-1.71279,40.26619],[-1.70856,40.26038],[-1.7006,40.25649],[-1.69126,40.24281],[-1.69381,40.23843],[-1.68987,40.23703],[-1.6863,40.23073],[-1.68205,40.23031],[-1.64749,40.20379],[-1.64456,40.19806],[-1.62144,40.17418],[-1.61662,40.17469],[-1.61213,40.17105],[-1.60258,40.16683],[-1.59095,40.15435],[-1.56541,40.15845],[-1.5577,40.14777],[-1.54938,40.14886],[-1.54918,40.1596],[-1.55302,40.16948],[-1.54584,40.18095],[-1.54719,40.18603],[-1.54402,40.18946],[-1.54048,40.1908],[-1.56696,40.21227],[-1.57147,40.21367],[-1.58229,40.22663],[-1.59259,40.23625],[-1.60378,40.24297],[-1.60868,40.24277],[-1.61782,40.24863],[-1.62933,40.25962],[-1.63914,40.26585],[-1.64554,40.27325],[-1.65895,40.28203],[-1.66561,40.29455],[-1.67987,40.30078],[-1.69141,40.30986],[-1.7004,40.30707],[-1.7077,40.29713],[-1.71058,40.29206],[-1.7099,40.28078],[-1.71427,40.27679],[-1.71744,40.27785],[-1.72308,40.27633],[-1.72684,40.27939],[-1.73065,40.27805],[-1.74097,40.28224],[-1.74239,40.27799]]]}},{"type":"Feature","properties":{"mun_code":"16009","mun_name":"Alcantud","mun_name_local":null,"prov_code":"16","prov_name":"Cuenca","acom_code":"08","acom_name":"Castilla-La Mancha","geo_point_2d":{"lon":-2.3203920769892474,"lat":40.535415410915526}},"geometry":{"type":"Polygon","coordinates":[[[-2.3814,40.54766],[-2.38,40.54359],[-2.37098,40.53526],[-2.36815,40.53047],[-2.36032,40.52399],[-2.36035,40.52151],[-2.35505,40.51256],[-2.35429,40.50426],[-2.34842,40.4959],[-2.34659,40.49798],[-2.35025,40.50114],[-2.34631,40.50287],[-2.33879,40.50135],[-2.33411,40.5025],[-2.32262,40.49777],[-2.31984,40.49779],[-2.31573,40.50023],[-2.30793,40.50227],[-2.29685,40.50099],[-2.28982,40.50437],[-2.27934,40.50618],[-2.27655,40.50782],[-2.26638,40.50885],[-2.26331,40.51047],[-2.26958,40.52602],[-2.26904,40.53611],[-2.27365,40.54513],[-2.27828,40.55032],[-2.2877,40.55575],[-2.29162,40.5646],[-2.29766,40.57284],[-2.30823,40.57401],[-2.31821,40.57019],[-2.32594,40.57002],[-2.33351,40.56719],[-2.34344,40.56938],[-2.34699,40.57365],[-2.35093,40.57541],[-2.35373,40.57507],[-2.3595,40.56886],[-2.35859,40.5636],[-2.35973,40.56081],[-2.36609,40.55662],[-2.37452,40.54782],[-2.37825,40.54769],[-2.3814,40.54766]]]}},{"type":"Feature","properties":{"mun_code":"16196","mun_name":"Santa María de los Llanos","mun_name_local":null,"prov_code":"16","prov_name":"Cuenca","acom_code":"08","acom_name":"Castilla-La Mancha","geo_point_2d":{"lon":-2.810003070570388,"lat":39.482739179407716}},"geometry":{"type":"Polygon","coordinates":[[[-2.83747,39.54094],[-2.83327,39.53603],[-2.83035,39.52925],[-2.83144,39.52588],[-2.8297,39.52069],[-2.83275,39.51339],[-2.83764,39.50723],[-2.83699,39.50268],[-2.84172,39.49877],[-2.83565,39.49176],[-2.8339,39.48731],[-2.83298,39.48197],[-2.83636,39.47955],[-2.83475,39.47237],[-2.82959,39.46574],[-2.82432,39.46214],[-2.82122,39.44837],[-2.81846,39.44638],[-2.81966,39.44433],[-2.81677,39.43546],[-2.80637,39.42562],[-2.80419,39.41901],[-2.79198,39.41018],[-2.7919,39.41623],[-2.78701,39.41788],[-2.78588,39.42347],[-2.78775,39.42675],[-2.78478,39.42959],[-2.78633,39.43308],[-2.78387,39.43891],[-2.78637,39.44506],[-2.78468,39.44804],[-2.78882,39.46111],[-2.78361,39.46525],[-2.79053,39.47488],[-2.79994,39.4811],[-2.80011,39.48407],[-2.8034,39.48818],[-2.79724,39.49421],[-2.79156,39.51071],[-2.79089,39.52088],[-2.79711,39.54274],[-2.79834,39.54453],[-2.81141,39.53534],[-2.81668,39.53909],[-2.82394,39.54136],[-2.83448,39.53935],[-2.83735,39.54093],[-2.83747,39.54094]]]}},{"type":"Feature","properties":{"mun_code":"16212","mun_name":"Torrubia del Campo","mun_name_local":null,"prov_code":"16","prov_name":"Cuenca","acom_code":"08","acom_name":"Castilla-La Mancha","geo_point_2d":{"lon":-2.9437632007420715,"lat":39.88046330379817}},"geometry":{"type":"Polygon","coordinates":[[[-2.97549,39.85252],[-2.96263,39.8305],[-2.93829,39.83926],[-2.93562,39.8421],[-2.92577,39.83931],[-2.92428,39.84079],[-2.91382,39.84238],[-2.90905,39.84138],[-2.90108,39.84194],[-2.89604,39.83952],[-2.90217,39.8561],[-2.9077,39.85949],[-2.90905,39.86262],[-2.91067,39.87391],[-2.91508,39.88429],[-2.91392,39.89643],[-2.91641,39.9054],[-2.92393,39.91611],[-2.93032,39.92168],[-2.93232,39.92897],[-2.93626,39.93061],[-2.9339,39.94378],[-2.9464,39.94358],[-2.95036,39.94177],[-2.95102,39.93704],[-2.94757,39.93166],[-2.9515,39.92848],[-2.95339,39.92358],[-2.96914,39.90917],[-2.97525,39.90189],[-2.97878,39.89479],[-2.98471,39.89321],[-2.98679,39.88997],[-2.98515,39.87552],[-2.97889,39.86742],[-2.97473,39.86607],[-2.96178,39.85656],[-2.96252,39.85542],[-2.96806,39.85507],[-2.97146,39.8525],[-2.97549,39.85252]]]}},{"type":"Feature","properties":{"mun_code":"16250","mun_name":"Villanueva de Guadamejud","mun_name_local":null,"prov_code":"16","prov_name":"Cuenca","acom_code":"08","acom_name":"Castilla-La Mancha","geo_point_2d":{"lon":-2.50509812784906,"lat":40.21963472580359}},"geometry":{"type":"Polygon","coordinates":[[[-2.54231,40.21058],[-2.54063,40.20794],[-2.5322,40.20251],[-2.50965,40.17769],[-2.50943,40.16988],[-2.50738,40.17447],[-2.50362,40.17812],[-2.49035,40.18197],[-2.48818,40.19318],[-2.49121,40.2004],[-2.48115,40.21761],[-2.4797,40.23007],[-2.47341,40.23806],[-2.48332,40.24336],[-2.48839,40.24776],[-2.48707,40.25835],[-2.484,40.26113],[-2.48863,40.26316],[-2.49211,40.2619],[-2.49859,40.26516],[-2.50391,40.2616],[-2.52088,40.24071],[-2.52807,40.22347],[-2.53933,40.21299],[-2.54231,40.21058]]]}},{"type":"Feature","properties":{"mun_code":"16051","mun_name":"Cañaveruelas","mun_name_local":null,"prov_code":"16","prov_name":"Cuenca","acom_code":"08","acom_name":"Castilla-La Mancha","geo_point_2d":{"lon":-2.647138251492315,"lat":40.41293598955882}},"geometry":{"type":"Polygon","coordinates":[[[-2.68077,40.40271],[-2.67414,40.39965],[-2.66176,40.399],[-2.65009,40.3883],[-2.63847,40.38438],[-2.62502,40.38555],[-2.6113,40.38497],[-2.60171,40.38095],[-2.58805,40.38728],[-2.58086,40.38201],[-2.58291,40.38968],[-2.57997,40.39382],[-2.65195,40.41538],[-2.64625,40.42352],[-2.63137,40.4317],[-2.6246,40.43932],[-2.61943,40.44087],[-2.61082,40.44626],[-2.61351,40.44706],[-2.61967,40.44545],[-2.62643,40.44944],[-2.63285,40.44368],[-2.64158,40.44885],[-2.64993,40.44067],[-2.65417,40.43933],[-2.66099,40.43935],[-2.66385,40.43605],[-2.66915,40.44025],[-2.67076,40.44777],[-2.67218,40.44863],[-2.67587,40.44798],[-2.68036,40.44336],[-2.68515,40.44329],[-2.68425,40.44108],[-2.6776,40.43769],[-2.67636,40.43578],[-2.67734,40.43386],[-2.68644,40.42725],[-2.69194,40.42714],[-2.69613,40.42988],[-2.70122,40.42996],[-2.70402,40.42255],[-2.68916,40.41037],[-2.68473,40.40479],[-2.68118,40.4032],[-2.68077,40.40271]]]}},{"type":"Feature","properties":{"mun_code":"16113","mun_name":"Iniesta","mun_name_local":null,"prov_code":"16","prov_name":"Cuenca","acom_code":"08","acom_name":"Castilla-La Mancha","geo_point_2d":{"lon":-1.7362920214932573,"lat":39.456631848305946}},"geometry":{"type":"MultiPolygon","coordinates":[[[[-1.59427,39.44659],[-1.58767,39.44767],[-1.58599,39.44973],[-1.59103,39.45058],[-1.59645,39.45339],[-1.59943,39.45212],[-1.60434,39.45345],[-1.60673,39.4524],[-1.6021,39.449],[-1.59459,39.44687],[-1.59427,39.44659]]],[[[-1.73339,39.57452],[-1.74372,39.56867],[-1.75756,39.56418],[-1.77832,39.55992],[-1.80991,39.54767],[-1.85036,39.56758],[-1.84907,39.56338],[-1.85024,39.55819],[-1.84284,39.54772],[-1.84336,39.54517],[-1.83868,39.53207],[-1.83389,39.52639],[-1.82926,39.5123],[-1.83049,39.50822],[-1.83017,39.47791],[-1.83544,39.46607],[-1.83513,39.43232],[-1.7952,39.37063],[-1.76945,39.35724],[-1.76104,39.37456],[-1.76121,39.38504],[-1.75633,39.39421],[-1.69841,39.41583],[-1.68394,39.41038],[-1.64704,39.35347],[-1.62493,39.36171],[-1.61291,39.36818],[-1.64562,39.37017],[-1.65505,39.37881],[-1.66233,39.39605],[-1.66955,39.40108],[-1.67293,39.40921],[-1.67187,39.41886],[-1.65214,39.41924],[-1.63294,39.40925],[-1.62188,39.41762],[-1.61716,39.42866],[-1.59228,39.4354],[-1.58434,39.43519],[-1.57841,39.41424],[-1.57735,39.41552],[-1.56466,39.41759],[-1.56382,39.41849],[-1.5656,39.41905],[-1.56532,39.42013],[-1.56126,39.42269],[-1.55525,39.42387],[-1.55248,39.41887],[-1.55238,39.41314],[-1.54648,39.4107],[-1.56044,39.39894],[-1.55568,39.40185],[-1.53476,39.40747],[-1.51595,39.41614],[-1.50524,39.41764],[-1.50158,39.42518],[-1.49666,39.42703],[-1.49689,39.42906],[-1.506,39.42841],[-1.50745,39.43186],[-1.51156,39.43486],[-1.5138,39.43283],[-1.51315,39.42828],[-1.52105,39.43174],[-1.52077,39.43534],[-1.51625,39.43693],[-1.51545,39.43872],[-1.52204,39.44027],[-1.52449,39.44309],[-1.51819,39.44798],[-1.52006,39.44991],[-1.52281,39.44944],[-1.52808,39.4522],[-1.54186,39.45269],[-1.56078,39.4511],[-1.56578,39.44941],[-1.56801,39.44687],[-1.56889,39.44431],[-1.56547,39.44257],[-1.56741,39.44173],[-1.57836,39.44078],[-1.58473,39.43706],[-1.58931,39.43844],[-1.59341,39.43686],[-1.5959,39.43831],[-1.60153,39.43507],[-1.6066,39.43461],[-1.61027,39.43186],[-1.6114,39.43432],[-1.6642,39.4249],[-1.69198,39.42645],[-1.69458,39.43715],[-1.67928,39.46888],[-1.68269,39.47571],[-1.68741,39.47945],[-1.68275,39.49267],[-1.71308,39.50363],[-1.70869,39.51065],[-1.70959,39.515],[-1.76643,39.50752],[-1.79056,39.52206],[-1.79177,39.54406],[-1.76736,39.55227],[-1.74321,39.54913],[-1.71901,39.54987],[-1.71557,39.54272],[-1.71183,39.54284],[-1.73058,39.56862],[-1.73339,39.57452]]]]}},{"type":"Feature","properties":{"mun_code":"16034","mun_name":"Belmontejo","mun_name_local":null,"prov_code":"16","prov_name":"Cuenca","acom_code":"08","acom_name":"Castilla-La Mancha","geo_point_2d":{"lon":-2.329342617792105,"lat":39.814771562264625}},"geometry":{"type":"Polygon","coordinates":[[[-2.39672,39.79052],[-2.38158,39.77956],[-2.35326,39.78557],[-2.33108,39.78506],[-2.32789,39.78402],[-2.31542,39.79018],[-2.29156,39.79226],[-2.29136,39.79498],[-2.28536,39.79648],[-2.28537,39.80343],[-2.27913,39.80817],[-2.28511,39.82108],[-2.28329,39.82611],[-2.27659,39.83022],[-2.27228,39.84034],[-2.29005,39.84853],[-2.30292,39.84743],[-2.31957,39.84989],[-2.33998,39.84884],[-2.35038,39.84338],[-2.35763,39.83346],[-2.35729,39.83019],[-2.36128,39.82769],[-2.37394,39.81044],[-2.38279,39.80531],[-2.38576,39.79856],[-2.39243,39.79273],[-2.39672,39.79052]]]}},{"type":"Feature","properties":{"mun_code":"16042","mun_name":"Campillo de Altobuey","mun_name_local":null,"prov_code":"16","prov_name":"Cuenca","acom_code":"08","acom_name":"Castilla-La Mancha","geo_point_2d":{"lon":-1.795728186316052,"lat":39.616252257504044}},"geometry":{"type":"Polygon","coordinates":[[[-1.89829,39.63363],[-1.89864,39.62718],[-1.89336,39.62204],[-1.88734,39.60922],[-1.88746,39.60646],[-1.87992,39.60056],[-1.87817,39.59145],[-1.85036,39.56758],[-1.80991,39.54767],[-1.77832,39.55992],[-1.75756,39.56418],[-1.74372,39.56867],[-1.73248,39.57505],[-1.68974,39.60594],[-1.68401,39.60496],[-1.69815,39.62421],[-1.69951,39.63087],[-1.70235,39.63327],[-1.7053,39.64359],[-1.70878,39.64622],[-1.71264,39.65231],[-1.71725,39.65556],[-1.71983,39.66052],[-1.72868,39.66256],[-1.74111,39.65803],[-1.79176,39.66788],[-1.82106,39.69072],[-1.83207,39.67682],[-1.84541,39.66678],[-1.88751,39.64443],[-1.89829,39.63363]]]}},{"type":"Feature","properties":{"mun_code":"16154","mun_name":"Las Pedroñeras","mun_name_local":null,"prov_code":"16","prov_name":"Cuenca","acom_code":"08","acom_name":"Castilla-La Mancha","geo_point_2d":{"lon":-2.6382710364472968,"lat":39.45836308717303}},"geometry":{"type":"Polygon","coordinates":[[[-2.73948,39.43883],[-2.73234,39.4311],[-2.71639,39.4075],[-2.70543,39.40053],[-2.69766,39.38701],[-2.69151,39.38134],[-2.68797,39.37058],[-2.68257,39.36303],[-2.66216,39.32226],[-2.65864,39.3229],[-2.65426,39.3262],[-2.6479,39.32541],[-2.64282,39.32757],[-2.63396,39.32804],[-2.62936,39.33405],[-2.62,39.33931],[-2.62558,39.35082],[-2.63212,39.36005],[-2.63985,39.38516],[-2.63002,39.38745],[-2.62785,39.39464],[-2.62714,39.39716],[-2.62914,39.39636],[-2.63445,39.40382],[-2.62745,39.40607],[-2.62953,39.4103],[-2.62362,39.41135],[-2.61919,39.41596],[-2.61124,39.41947],[-2.61385,39.42549],[-2.61135,39.42746],[-2.60923,39.42795],[-2.60866,39.42672],[-2.60798,39.42812],[-2.605,39.42785],[-2.60009,39.43027],[-2.60354,39.44379],[-2.58099,39.45142],[-2.57994,39.45034],[-2.57544,39.45125],[-2.56931,39.45052],[-2.56817,39.45519],[-2.56486,39.45761],[-2.55445,39.49007],[-2.54461,39.5115],[-2.52999,39.52713],[-2.53222,39.5454],[-2.52851,39.55166],[-2.54295,39.55176],[-2.5489,39.54959],[-2.55564,39.55012],[-2.56531,39.54897],[-2.5667,39.54762],[-2.57765,39.55065],[-2.58215,39.54934],[-2.5867,39.55035],[-2.59259,39.5483],[-2.61067,39.55135],[-2.62462,39.55726],[-2.62851,39.55677],[-2.63152,39.55862],[-2.64645,39.53346],[-2.6523,39.51859],[-2.67484,39.51248],[-2.69932,39.50998],[-2.69793,39.50761],[-2.69914,39.50263],[-2.69772,39.49014],[-2.71878,39.46361],[-2.7321,39.45316],[-2.73948,39.43883]]]}},{"type":"Feature","properties":{"mun_code":"16026","mun_name":"Atalaya del Cañavate","mun_name_local":null,"prov_code":"16","prov_name":"Cuenca","acom_code":"08","acom_name":"Castilla-La Mancha","geo_point_2d":{"lon":-2.2456711227089987,"lat":39.51464730852871}},"geometry":{"type":"Polygon","coordinates":[[[-2.29757,39.50269],[-2.29789,39.49829],[-2.29026,39.48833],[-2.29047,39.48517],[-2.28668,39.48173],[-2.28077,39.48168],[-2.27984,39.48282],[-2.27719,39.48039],[-2.27248,39.47944],[-2.26826,39.4805],[-2.25769,39.47967],[-2.25152,39.48052],[-2.23732,39.4764],[-2.22987,39.47675],[-2.23138,39.4823],[-2.23095,39.49113],[-2.22429,39.49821],[-2.21771,39.5009],[-2.21528,39.50355],[-2.20486,39.52795],[-2.19901,39.53282],[-2.19809,39.53732],[-2.18918,39.54971],[-2.19839,39.5521],[-2.21537,39.55316],[-2.22659,39.55197],[-2.24162,39.54726],[-2.25187,39.5425],[-2.26065,39.53598],[-2.27122,39.53181],[-2.28776,39.51368],[-2.29483,39.5083],[-2.29699,39.50411],[-2.29757,39.50269]]]}},{"type":"Feature","properties":{"mun_code":"16098","mun_name":"El Herrumblar","mun_name_local":null,"prov_code":"16","prov_name":"Cuenca","acom_code":"08","acom_name":"Castilla-La Mancha","geo_point_2d":{"lon":-1.6131126281741555,"lat":39.40093121999381}},"geometry":{"type":"Polygon","coordinates":[[[-1.61291,39.36818],[-1.59833,39.37855],[-1.58146,39.38532],[-1.55359,39.40355],[-1.54648,39.4107],[-1.55238,39.41314],[-1.55248,39.41887],[-1.55525,39.42387],[-1.56126,39.42269],[-1.56532,39.42013],[-1.5656,39.41905],[-1.56382,39.41849],[-1.56466,39.41759],[-1.57735,39.41552],[-1.57841,39.41424],[-1.58434,39.43519],[-1.59228,39.4354],[-1.61716,39.42866],[-1.62188,39.41762],[-1.63294,39.40925],[-1.65214,39.41924],[-1.67187,39.41886],[-1.67293,39.40921],[-1.66955,39.40108],[-1.66233,39.39605],[-1.65505,39.37881],[-1.64562,39.37017],[-1.61291,39.36818]]]}},{"type":"Feature","properties":{"mun_code":"16089","mun_name":"Fuentes","mun_name_local":null,"prov_code":"16","prov_name":"Cuenca","acom_code":"08","acom_name":"Castilla-La Mancha","geo_point_2d":{"lon":-2.0006744390372404,"lat":39.93078958192648}},"geometry":{"type":"Polygon","coordinates":[[[-2.04984,39.99004],[-2.04645,39.98676],[-2.03551,39.98644],[-2.03872,39.97059],[-2.04104,39.9702],[-2.04621,39.96489],[-2.05512,39.96476],[-2.05514,39.96278],[-2.04895,39.96332],[-2.04935,39.96245],[-2.05661,39.96041],[-2.06432,39.95075],[-2.05512,39.9426],[-2.04419,39.92339],[-2.04604,39.92068],[-2.04661,39.91438],[-2.04492,39.90045],[-2.04782,39.88742],[-2.04582,39.88033],[-2.04145,39.87607],[-2.03356,39.87556],[-2.02404,39.8719],[-2.017,39.87315],[-2.0,39.87118],[-1.99576,39.8731],[-1.99362,39.87596],[-1.97717,39.87108],[-1.96526,39.87163],[-1.95643,39.87562],[-1.95632,39.88188],[-1.94584,39.89659],[-1.9413,39.91532],[-1.94851,39.94346],[-1.94389,39.95487],[-1.95413,39.96447],[-1.97218,39.97063],[-1.97599,39.97447],[-1.97684,39.97374],[-1.97923,39.97497],[-1.98453,39.97943],[-1.99358,39.9813],[-1.99085,39.99551],[-1.99627,39.99837],[-1.99561,39.9997],[-2.00559,40.00007],[-2.01766,39.99776],[-2.03375,39.99865],[-2.03219,39.99651],[-2.03783,39.9963],[-2.04821,39.9935],[-2.04684,39.99211],[-2.04817,39.99115],[-2.04984,39.99004]]]}},{"type":"Feature","properties":{"mun_code":"16062","mun_name":"Casas de Garcimolina","mun_name_local":null,"prov_code":"16","prov_name":"Cuenca","acom_code":"08","acom_name":"Castilla-La Mancha","geo_point_2d":{"lon":-1.4074474227634202,"lat":40.00998265867691}},"geometry":{"type":"Polygon","coordinates":[[[-1.45015,39.96566],[-1.44107,39.96552],[-1.43745,39.96248],[-1.4305,39.96074],[-1.40392,39.98108],[-1.38448,39.99033],[-1.35896,40.01234],[-1.36434,40.01218],[-1.37686,40.0165],[-1.38128,40.02716],[-1.38314,40.03897],[-1.39374,40.05311],[-1.40073,40.06707],[-1.39985,40.06367],[-1.41279,40.05327],[-1.41649,40.04842],[-1.42157,40.04647],[-1.43363,40.04916],[-1.43564,40.04778],[-1.42931,40.04285],[-1.42727,40.03727],[-1.42088,40.02855],[-1.43065,39.99947],[-1.43267,39.99819],[-1.43186,39.99652],[-1.43794,39.99257],[-1.43928,39.98606],[-1.44997,39.96617],[-1.45015,39.96566]]]}},{"type":"Feature","properties":{"mun_code":"16211","mun_name":"Torrejoncillo del Rey","mun_name_local":null,"prov_code":"16","prov_name":"Cuenca","acom_code":"08","acom_name":"Castilla-La Mancha","geo_point_2d":{"lon":-2.5405315583957955,"lat":40.01497604106831}},"geometry":{"type":"Polygon","coordinates":[[[-2.67253,39.96171],[-2.66072,39.95676],[-2.64826,39.94892],[-2.63407,39.96007],[-2.63265,39.95957],[-2.61083,39.96592],[-2.60566,39.97007],[-2.59429,39.97046],[-2.58221,39.97317],[-2.57109,39.973],[-2.56943,39.96422],[-2.55866,39.95344],[-2.55737,39.95062],[-2.55927,39.94923],[-2.55038,39.93661],[-2.54548,39.9341],[-2.54093,39.9348],[-2.5396,39.93396],[-2.52163,39.91994],[-2.52307,39.91652],[-2.51471,39.91364],[-2.5026,39.9215],[-2.5027,39.92381],[-2.49921,39.92828],[-2.5031,39.93813],[-2.51963,39.94169],[-2.52585,39.94471],[-2.51111,39.97036],[-2.50644,39.98466],[-2.51896,39.99501],[-2.51529,40.00647],[-2.51377,40.0049],[-2.5027,40.00373],[-2.4934,40.00522],[-2.48924,40.00404],[-2.48186,40.00426],[-2.46662,40.01099],[-2.45696,40.01013],[-2.44172,40.01174],[-2.44865,40.03575],[-2.41558,40.04211],[-2.404,40.04754],[-2.40168,40.06154],[-2.39815,40.06392],[-2.41861,40.07621],[-2.44498,40.08594],[-2.45879,40.08586],[-2.47506,40.09035],[-2.489,40.08783],[-2.49274,40.07697],[-2.49721,40.07779],[-2.52995,40.06677],[-2.5523,40.06653],[-2.57473,40.0708],[-2.5798,40.06761],[-2.58176,40.06128],[-2.59484,40.05585],[-2.59798,40.05031],[-2.60088,40.04869],[-2.60443,40.04375],[-2.60623,40.03376],[-2.61079,40.03169],[-2.61381,40.02748],[-2.62129,40.02504],[-2.63185,40.0159],[-2.63553,40.01147],[-2.63548,40.00887],[-2.63951,40.00618],[-2.63921,40.00462],[-2.64634,40.00059],[-2.64591,39.99781],[-2.65803,39.99594],[-2.66392,39.99656],[-2.67003,39.99494],[-2.68072,39.9848],[-2.68405,39.98356],[-2.68753,39.97937],[-2.6825,39.96389],[-2.67313,39.96181],[-2.67253,39.96171]]]}},{"type":"Feature","properties":{"mun_code":"16004","mun_name":"Albaladejo del Cuende","mun_name_local":null,"prov_code":"16","prov_name":"Cuenca","acom_code":"08","acom_name":"Castilla-La Mancha","geo_point_2d":{"lon":-2.2346284229519857,"lat":39.805007465564046}},"geometry":{"type":"Polygon","coordinates":[[[-2.28457,39.79879],[-2.2812,39.7991],[-2.27771,39.79454],[-2.27586,39.79489],[-2.26892,39.79178],[-2.25999,39.78127],[-2.24976,39.77347],[-2.24032,39.76149],[-2.2357,39.76028],[-2.21477,39.76798],[-2.20976,39.76663],[-2.20614,39.77143],[-2.19813,39.77676],[-2.19057,39.78428],[-2.18571,39.79229],[-2.18009,39.79699],[-2.17478,39.79879],[-2.2,39.82009],[-2.20173,39.82238],[-2.20157,39.82755],[-2.21272,39.83315],[-2.22007,39.83419],[-2.225,39.83943],[-2.23551,39.84357],[-2.2526,39.84153],[-2.26029,39.84224],[-2.27287,39.84567],[-2.27963,39.84572],[-2.28184,39.84428],[-2.27474,39.84236],[-2.27218,39.84012],[-2.27659,39.83022],[-2.28329,39.82611],[-2.28511,39.82108],[-2.27907,39.80871],[-2.2799,39.80664],[-2.28537,39.80343],[-2.28465,39.79993],[-2.28457,39.79879]]]}},{"type":"Feature","properties":{"mun_code":"16160","mun_name":"Pineda de Gigüela","mun_name_local":null,"prov_code":"16","prov_name":"Cuenca","acom_code":"08","acom_name":"Castilla-La Mancha","geo_point_2d":{"lon":-2.536874930189376,"lat":40.088205875047464}},"geometry":{"type":"Polygon","coordinates":[[[-2.58062,40.09231],[-2.57544,40.08322],[-2.57756,40.07421],[-2.57473,40.0708],[-2.5523,40.06653],[-2.52995,40.06677],[-2.49721,40.07779],[-2.49274,40.07697],[-2.489,40.08783],[-2.49192,40.09553],[-2.50376,40.09769],[-2.50853,40.10195],[-2.51165,40.10725],[-2.51838,40.11078],[-2.53173,40.11055],[-2.54253,40.10752],[-2.55337,40.11131],[-2.55836,40.11047],[-2.56176,40.10888],[-2.57974,40.09301],[-2.58062,40.09231]]]}},{"type":"Feature","properties":{"mun_code":"16032","mun_name":"Belinchón","mun_name_local":null,"prov_code":"16","prov_name":"Cuenca","acom_code":"08","acom_name":"Castilla-La Mancha","geo_point_2d":{"lon":-3.0380842689140355,"lat":40.05152156451935}},"geometry":{"type":"Polygon","coordinates":[[[-3.09624,39.98702],[-3.08291,39.9907],[-3.07639,39.99413],[-3.06097,39.99709],[-3.05735,40.0083],[-3.05324,40.00812],[-3.03987,40.01797],[-3.03215,40.02775],[-3.03113,40.03142],[-3.01386,40.04932],[-2.9932,40.04206],[-2.98691,40.04193],[-2.98235,40.04372],[-2.97546,40.04913],[-2.95138,40.05876],[-2.9451,40.06437],[-2.9504,40.0796],[-2.95374,40.07911],[-2.95676,40.08141],[-2.96658,40.08359],[-2.96751,40.08814],[-2.97027,40.09068],[-2.97725,40.0898],[-2.98323,40.0877],[-2.98323,40.08622],[-3.00298,40.08118],[-3.00948,40.0832],[-3.01437,40.08297],[-3.01876,40.08879],[-3.02287,40.09022],[-3.03059,40.08907],[-3.04808,40.09032],[-3.05121,40.09212],[-3.05174,40.09847],[-3.05298,40.09939],[-3.05435,40.09853],[-3.06276,40.08902],[-3.07263,40.08313],[-3.0888,40.07059],[-3.09659,40.06755],[-3.09932,40.05401],[-3.09251,40.03424],[-3.0897,40.0305],[-3.0923,40.0219],[-3.0945,40.01814],[-3.09669,40.01758],[-3.09574,40.01531],[-3.09843,40.00959],[-3.09904,40.00161],[-3.09643,39.98722],[-3.09624,39.98702]]]}},{"type":"Feature","properties":{"mun_code":"16239","mun_name":"Vega del Codorno","mun_name_local":null,"prov_code":"16","prov_name":"Cuenca","acom_code":"08","acom_name":"Castilla-La Mancha","geo_point_2d":{"lon":-1.9443709856663869,"lat":40.443427009912845}},"geometry":{"type":"Polygon","coordinates":[[[-1.96681,40.47425],[-1.97856,40.4649],[-1.98074,40.46911],[-1.98767,40.4632],[-1.98789,40.45791],[-1.9855,40.45344],[-1.98679,40.45061],[-1.97713,40.43919],[-1.97561,40.43324],[-1.96644,40.4289],[-1.96323,40.4288],[-1.96255,40.42405],[-1.94094,40.41566],[-1.93863,40.41602],[-1.93794,40.41465],[-1.92335,40.41766],[-1.90892,40.41686],[-1.90372,40.42116],[-1.90562,40.4228],[-1.89895,40.42504],[-1.89729,40.42679],[-1.90234,40.4361],[-1.90972,40.44354],[-1.91465,40.4608],[-1.9315,40.46025],[-1.94519,40.46606],[-1.95144,40.46418],[-1.95366,40.46727],[-1.96107,40.4709],[-1.9545,40.478],[-1.95804,40.47952],[-1.96789,40.47826],[-1.97437,40.47361],[-1.96681,40.47425]]]}},{"type":"Feature","properties":{"mun_code":"16118","mun_name":"Ledaña","mun_name_local":null,"prov_code":"16","prov_name":"Cuenca","acom_code":"08","acom_name":"Castilla-La Mancha","geo_point_2d":{"lon":-1.7115905771670628,"lat":39.36918829241874}},"geometry":{"type":"Polygon","coordinates":[[[-1.76945,39.35724],[-1.74537,39.34345],[-1.74004,39.33062],[-1.73928,39.32116],[-1.7166,39.32494],[-1.69626,39.33759],[-1.66069,39.35038],[-1.64741,39.35342],[-1.68394,39.41038],[-1.69841,39.41583],[-1.75633,39.39421],[-1.76121,39.38504],[-1.76104,39.37456],[-1.7678,39.36066],[-1.76945,39.35724]]]}},{"type":"Feature","properties":{"mun_code":"16266","mun_name":"Villarejo-Periesteban","mun_name_local":null,"prov_code":"16","prov_name":"Cuenca","acom_code":"08","acom_name":"Castilla-La Mancha","geo_point_2d":{"lon":-2.450189987873328,"lat":39.8851757262274}},"geometry":{"type":"Polygon","coordinates":[[[-2.47791,39.88027],[-2.45271,39.84731],[-2.44916,39.84579],[-2.43333,39.84535],[-2.42325,39.85085],[-2.42179,39.85616],[-2.41605,39.86469],[-2.41672,39.86834],[-2.42377,39.87664],[-2.42537,39.88124],[-2.42039,39.88457],[-2.42231,39.88819],[-2.42143,39.88925],[-2.41527,39.89029],[-2.41849,39.89452],[-2.42824,39.89784],[-2.43637,39.90324],[-2.43967,39.91037],[-2.45183,39.91819],[-2.45866,39.92486],[-2.47152,39.93013],[-2.47339,39.93343],[-2.47736,39.93151],[-2.4795,39.92732],[-2.4776,39.91841],[-2.48028,39.91184],[-2.47815,39.90784],[-2.47384,39.90496],[-2.47307,39.90055],[-2.48194,39.88936],[-2.47916,39.88614],[-2.47793,39.88074],[-2.47791,39.88027]]]}},{"type":"Feature","properties":{"mun_code":"16280","mun_name":"Zarzuela","mun_name_local":null,"prov_code":"16","prov_name":"Cuenca","acom_code":"08","acom_name":"Castilla-La Mancha","geo_point_2d":{"lon":-2.1395440692356895,"lat":40.266890397317916}},"geometry":{"type":"Polygon","coordinates":[[[-2.12419,40.2277],[-2.12373,40.23657],[-2.11499,40.24436],[-2.1073,40.25497],[-2.10579,40.26863],[-2.10303,40.27304],[-2.10483,40.28747],[-2.1121,40.29179],[-2.11408,40.30571],[-2.1182,40.30878],[-2.1435,40.29582],[-2.15692,40.30019],[-2.15985,40.29812],[-2.16036,40.29583],[-2.16773,40.29093],[-2.17028,40.29084],[-2.17278,40.28483],[-2.17242,40.27754],[-2.1772,40.27295],[-2.17493,40.26835],[-2.17504,40.26411],[-2.17711,40.26154],[-2.17547,40.25985],[-2.17644,40.25414],[-2.17345,40.24308],[-2.15805,40.23987],[-2.14706,40.22645],[-2.13774,40.22553],[-2.13113,40.22771],[-2.12495,40.22757],[-2.12419,40.2277]]]}},{"type":"Feature","properties":{"mun_code":"16231","mun_name":"Valhermoso de la Fuente","mun_name_local":null,"prov_code":"16","prov_name":"Cuenca","acom_code":"08","acom_name":"Castilla-La Mancha","geo_point_2d":{"lon":-2.006622492792762,"lat":39.550562473973756}},"geometry":{"type":"Polygon","coordinates":[[[-2.03596,39.52568],[-2.03364,39.52539],[-2.03603,39.52076],[-2.03012,39.51994],[-2.02057,39.5149],[-2.01133,39.51359],[-1.99416,39.52279],[-1.97913,39.52772],[-1.98339,39.53745],[-1.98585,39.55064],[-1.97829,39.5623],[-1.97647,39.58572],[-1.98956,39.58888],[-2.00738,39.58753],[-2.02248,39.57005],[-2.04086,39.54487],[-2.03841,39.53527],[-2.03596,39.52568]]]}},{"type":"Feature","properties":{"mun_code":"16185","mun_name":"Saceda-Trasierra","mun_name_local":null,"prov_code":"16","prov_name":"Cuenca","acom_code":"08","acom_name":"Castilla-La Mancha","geo_point_2d":{"lon":-2.850875268707958,"lat":40.16704792798756}},"geometry":{"type":"Polygon","coordinates":[[[-2.88759,40.16463],[-2.88345,40.16175],[-2.8842,40.15597],[-2.88139,40.15403],[-2.87964,40.1484],[-2.87115,40.13997],[-2.86618,40.13707],[-2.85933,40.13683],[-2.85149,40.13215],[-2.83947,40.13262],[-2.83187,40.13139],[-2.8313,40.13664],[-2.82852,40.14187],[-2.82937,40.14796],[-2.82698,40.15049],[-2.82846,40.15283],[-2.82539,40.15743],[-2.82721,40.16223],[-2.82509,40.16419],[-2.82341,40.171],[-2.82623,40.17505],[-2.82486,40.18696],[-2.82661,40.19605],[-2.82598,40.20224],[-2.83486,40.20149],[-2.84839,40.20263],[-2.86313,40.20011],[-2.86821,40.19191],[-2.86808,40.18905],[-2.87367,40.17919],[-2.87337,40.1769],[-2.87505,40.17575],[-2.87374,40.17357],[-2.87986,40.1709],[-2.88699,40.16508],[-2.88759,40.16463]]]}},{"type":"Feature","properties":{"mun_code":"16013","mun_name":"Algarra","mun_name_local":null,"prov_code":"16","prov_name":"Cuenca","acom_code":"08","acom_name":"Castilla-La Mancha","geo_point_2d":{"lon":-1.443839312399774,"lat":40.02652885791834}},"geometry":{"type":"Polygon","coordinates":[[[-1.4826,39.98245],[-1.47483,39.98055],[-1.47269,39.97695],[-1.46798,39.97379],[-1.4528,39.96581],[-1.45015,39.96566],[-1.43928,39.98606],[-1.43794,39.99257],[-1.43186,39.99652],[-1.43267,39.99819],[-1.43065,39.99947],[-1.42088,40.02855],[-1.42727,40.03727],[-1.42931,40.04285],[-1.43564,40.04778],[-1.43363,40.04916],[-1.42157,40.04647],[-1.41649,40.04842],[-1.41279,40.05327],[-1.3996,40.06405],[-1.40411,40.07137],[-1.41312,40.08122],[-1.41355,40.08607],[-1.41477,40.08321],[-1.41903,40.07995],[-1.43112,40.07869],[-1.43981,40.07395],[-1.44051,40.06895],[-1.46161,40.06485],[-1.45719,40.06199],[-1.45594,40.05703],[-1.46206,40.04222],[-1.46536,40.03896],[-1.4647,40.03595],[-1.46694,40.03474],[-1.47176,40.02022],[-1.47037,40.01333],[-1.46818,40.01038],[-1.46879,40.00444],[-1.48101,39.98378],[-1.4826,39.98245]]]}},{"type":"Feature","properties":{"mun_code":"16029","mun_name":"Barchín del Hoyo","mun_name_local":null,"prov_code":"16","prov_name":"Cuenca","acom_code":"08","acom_name":"Castilla-La Mancha","geo_point_2d":{"lon":-2.037704342533002,"lat":39.682856898250044}},"geometry":{"type":"Polygon","coordinates":[[[-2.10713,39.68859],[-2.11062,39.68403],[-2.1016,39.66467],[-2.07997,39.64134],[-2.07115,39.63964],[-2.04581,39.63883],[-2.03907,39.64152],[-2.03995,39.64487],[-2.0351,39.65159],[-2.03186,39.65069],[-2.02774,39.65841],[-2.02232,39.66017],[-2.00479,39.67003],[-2.00485,39.66732],[-1.99959,39.67195],[-1.97922,39.68408],[-1.9729,39.69277],[-1.96414,39.70046],[-1.96912,39.71002],[-1.99115,39.71708],[-1.99469,39.72101],[-2.00963,39.72657],[-2.0109,39.72928],[-2.01891,39.73],[-2.02885,39.72801],[-2.05166,39.6952],[-2.07611,39.69283],[-2.08091,39.69127],[-2.10713,39.68859]]]}},{"type":"Feature","properties":{"mun_code":"16111","mun_name":"Huerta del Marquesado","mun_name_local":null,"prov_code":"16","prov_name":"Cuenca","acom_code":"08","acom_name":"Castilla-La Mancha","geo_point_2d":{"lon":-1.7064661186156493,"lat":40.1504873771357}},"geometry":{"type":"Polygon","coordinates":[[[-1.76527,40.17256],[-1.75885,40.15956],[-1.74846,40.15355],[-1.73898,40.14265],[-1.72735,40.13778],[-1.71383,40.12343],[-1.70437,40.12519],[-1.69801,40.12287],[-1.68137,40.12087],[-1.66529,40.12236],[-1.66068,40.11582],[-1.654,40.1211],[-1.65647,40.12919],[-1.66648,40.13825],[-1.67476,40.15693],[-1.6787,40.15955],[-1.68157,40.15942],[-1.68532,40.1612],[-1.68541,40.16489],[-1.68951,40.16777],[-1.69615,40.17706],[-1.70565,40.18347],[-1.71284,40.19088],[-1.73221,40.16988],[-1.73493,40.1695],[-1.73988,40.17137],[-1.74115,40.1695],[-1.7485,40.16818],[-1.75535,40.1691],[-1.76463,40.17248],[-1.76527,40.17256]]]}},{"type":"Feature","properties":{"mun_code":"16043","mun_name":"Campillos-Paravientos","mun_name_local":null,"prov_code":"16","prov_name":"Cuenca","acom_code":"08","acom_name":"Castilla-La Mancha","geo_point_2d":{"lon":-1.5400568008358166,"lat":39.967367336685776}},"geometry":{"type":"Polygon","coordinates":[[[-1.58998,39.94114],[-1.58881,39.94055],[-1.58239,39.94565],[-1.58263,39.94716],[-1.57938,39.94863],[-1.5764,39.94394],[-1.57021,39.94196],[-1.56999,39.93927],[-1.56358,39.93447],[-1.56582,39.93092],[-1.56353,39.92753],[-1.55633,39.9292],[-1.5411,39.92732],[-1.53144,39.93013],[-1.53087,39.93238],[-1.51523,39.9408],[-1.5058,39.94385],[-1.49883,39.9508],[-1.49696,39.95565],[-1.49238,39.95992],[-1.48717,39.96859],[-1.48861,39.98143],[-1.52084,40.00182],[-1.52491,40.00717],[-1.52677,40.00673],[-1.5277,40.00832],[-1.53137,40.00523],[-1.53286,40.00839],[-1.53424,40.00831],[-1.53509,40.00503],[-1.53721,40.00326],[-1.53991,40.0034],[-1.54164,40.00094],[-1.5431,40.00237],[-1.55714,40.00563],[-1.56558,40.00371],[-1.56262,39.99706],[-1.56795,39.99224],[-1.57194,39.99185],[-1.57641,39.98952],[-1.58064,39.984],[-1.58057,39.98164],[-1.59057,39.97403],[-1.5903,39.96776],[-1.58591,39.96186],[-1.58848,39.95698],[-1.58598,39.95087],[-1.59047,39.95084],[-1.58849,39.94743],[-1.58998,39.94114]]]}},{"type":"Feature","properties":{"mun_code":"16108","mun_name":"Huelves","mun_name_local":null,"prov_code":"16","prov_name":"Cuenca","acom_code":"08","acom_name":"Castilla-La Mancha","geo_point_2d":{"lon":-2.9047158735546126,"lat":40.04575213471178}},"geometry":{"type":"Polygon","coordinates":[[[-2.95462,40.05673],[-2.94926,40.04362],[-2.95029,40.04042],[-2.94347,40.03547],[-2.94531,40.03225],[-2.93845,40.03079],[-2.92902,40.02143],[-2.92109,40.01757],[-2.92251,40.01624],[-2.92043,40.01331],[-2.91523,40.01559],[-2.90797,40.01197],[-2.90656,40.01483],[-2.90278,40.01664],[-2.90129,40.01689],[-2.89908,40.01445],[-2.8968,40.01605],[-2.87682,40.01731],[-2.86492,40.02132],[-2.86924,40.03376],[-2.87092,40.04962],[-2.87024,40.06143],[-2.87343,40.07655],[-2.87108,40.08307],[-2.88341,40.0845],[-2.88958,40.08207],[-2.89801,40.08197],[-2.89959,40.07216],[-2.90181,40.06813],[-2.90903,40.06712],[-2.91515,40.06239],[-2.92354,40.06446],[-2.94535,40.06578],[-2.94739,40.06197],[-2.9539,40.05725],[-2.95462,40.05673]]]}},{"type":"Feature","properties":{"mun_code":"16022","mun_name":"Arcos de la Sierra","mun_name_local":null,"prov_code":"16","prov_name":"Cuenca","acom_code":"08","acom_name":"Castilla-La Mancha","geo_point_2d":{"lon":-2.0896768812610906,"lat":40.34355275468296}},"geometry":{"type":"Polygon","coordinates":[[[-2.13687,40.35284],[-2.13751,40.33403],[-2.13184,40.32888],[-2.13152,40.32333],[-2.12477,40.31985],[-2.12032,40.31554],[-2.11921,40.30973],[-2.11408,40.30571],[-2.10491,40.30919],[-2.09376,40.31656],[-2.09347,40.32411],[-2.09039,40.33312],[-2.07327,40.33182],[-2.07076,40.33645],[-2.06372,40.33905],[-2.06832,40.33065],[-2.04725,40.31367],[-2.04113,40.31279],[-2.03461,40.31898],[-2.03885,40.31978],[-2.04084,40.32178],[-2.0468,40.3348],[-2.04419,40.34206],[-2.0473,40.34753],[-2.04736,40.35126],[-2.04294,40.36629],[-2.05846,40.36669],[-2.06497,40.37436],[-2.0773,40.37565],[-2.0846,40.37428],[-2.08914,40.37048],[-2.10168,40.36757],[-2.10691,40.36754],[-2.12594,40.3611],[-2.12953,40.35839],[-2.13687,40.35284]]]}},{"type":"Feature","properties":{"mun_code":"16053","mun_name":"Cañizares","mun_name_local":null,"prov_code":"16","prov_name":"Cuenca","acom_code":"08","acom_name":"Castilla-La Mancha","geo_point_2d":{"lon":-2.1906777994250075,"lat":40.51240601729148}},"geometry":{"type":"MultiPolygon","coordinates":[[[[-1.99655,40.41736],[-1.986,40.41961],[-1.98344,40.42148],[-1.98823,40.42348],[-1.99227,40.42847],[-1.99261,40.43125],[-1.99796,40.43275],[-2.00609,40.43943],[-2.00723,40.4416],[-2.00586,40.44573],[-2.01083,40.4447],[-2.02127,40.45653],[-2.0252,40.45619],[-2.03074,40.45252],[-2.0301,40.4513],[-2.01921,40.44255],[-2.0119,40.43342],[-2.01237,40.43049],[-2.00017,40.42284],[-1.99663,40.4174],[-1.99655,40.41736]]],[[[-2.15176,40.54318],[-2.15731,40.54519],[-2.16872,40.54489],[-2.16594,40.54552],[-2.16567,40.54672],[-2.16864,40.54745],[-2.17199,40.551],[-2.17789,40.55223],[-2.17963,40.55506],[-2.18551,40.55772],[-2.18806,40.56039],[-2.19194,40.56117],[-2.20161,40.55881],[-2.20987,40.55389],[-2.22189,40.54387],[-2.23056,40.54047],[-2.23723,40.54151],[-2.24878,40.53917],[-2.25331,40.54027],[-2.26118,40.5384],[-2.27233,40.54231],[-2.26904,40.53611],[-2.26958,40.52602],[-2.2638,40.5127],[-2.25911,40.49211],[-2.25194,40.48635],[-2.24733,40.48046],[-2.22829,40.47545],[-2.22225,40.47591],[-2.20785,40.4904],[-2.12959,40.49441],[-2.1269,40.49784],[-2.12769,40.50301],[-2.13083,40.50468],[-2.13818,40.52292],[-2.1474,40.53629],[-2.15176,40.54318]]]]}},{"type":"Feature","properties":{"mun_code":"16205","mun_name":"Tejadillos","mun_name_local":null,"prov_code":"16","prov_name":"Cuenca","acom_code":"08","acom_name":"Castilla-La Mancha","geo_point_2d":{"lon":-1.6104220713758073,"lat":40.13300085722154}},"geometry":{"type":"Polygon","coordinates":[[[-1.67184,40.14927],[-1.66539,40.13644],[-1.65613,40.12871],[-1.65383,40.12132],[-1.66068,40.11582],[-1.65273,40.10422],[-1.63896,40.10154],[-1.63826,40.09913],[-1.63209,40.09475],[-1.62961,40.0905],[-1.62122,40.09269],[-1.61924,40.09544],[-1.60498,40.09807],[-1.58976,40.09596],[-1.54828,40.12589],[-1.55023,40.12893],[-1.54968,40.13241],[-1.5472,40.13343],[-1.54712,40.14124],[-1.54938,40.14886],[-1.5577,40.14777],[-1.56541,40.15845],[-1.59095,40.15435],[-1.60258,40.16683],[-1.61213,40.17105],[-1.61662,40.17469],[-1.62144,40.17418],[-1.62376,40.17694],[-1.63971,40.17119],[-1.64065,40.16445],[-1.67089,40.14979],[-1.67184,40.14927]]]}},{"type":"Feature","properties":{"mun_code":"16172","mun_name":"Puebla de Almenara","mun_name_local":null,"prov_code":"16","prov_name":"Cuenca","acom_code":"08","acom_name":"Castilla-La Mancha","geo_point_2d":{"lon":-2.8062507214500663,"lat":39.78735368887242}},"geometry":{"type":"Polygon","coordinates":[[[-2.84313,39.795],[-2.84615,39.7917],[-2.84717,39.78204],[-2.84514,39.77915],[-2.84016,39.77879],[-2.83827,39.78118],[-2.83685,39.77884],[-2.83597,39.77529],[-2.83899,39.75978],[-2.8114,39.76049],[-2.79744,39.75934],[-2.78921,39.7528],[-2.77523,39.76515],[-2.76551,39.77902],[-2.76041,39.78277],[-2.76446,39.78664],[-2.76975,39.80052],[-2.77337,39.8056],[-2.78382,39.81046],[-2.79423,39.81279],[-2.80546,39.81749],[-2.81879,39.81753],[-2.84032,39.81443],[-2.84424,39.80565],[-2.84307,39.79554],[-2.84313,39.795]]]}},{"type":"Feature","properties":{"mun_code":"16072","mun_name":"Castillo de Garcimuñoz","mun_name_local":null,"prov_code":"16","prov_name":"Cuenca","acom_code":"08","acom_name":"Castilla-La Mancha","geo_point_2d":{"lon":-2.356676617825013,"lat":39.67146779553225}},"geometry":{"type":"MultiPolygon","coordinates":[[[[-2.48814,39.65505],[-2.48698,39.65264],[-2.49236,39.64103],[-2.4907,39.62644],[-2.47292,39.63603],[-2.45383,39.64322],[-2.44391,39.63958],[-2.42457,39.64039],[-2.38476,39.62319],[-2.37068,39.62839],[-2.36876,39.62582],[-2.36698,39.62584],[-2.36437,39.62864],[-2.35533,39.62973],[-2.34993,39.63559],[-2.33958,39.63782],[-2.32987,39.63663],[-2.32153,39.63133],[-2.31869,39.62734],[-2.30456,39.6375],[-2.32087,39.64786],[-2.32578,39.65318],[-2.32463,39.66462],[-2.3261,39.66751],[-2.32256,39.67427],[-2.30744,39.67686],[-2.3007,39.67592],[-2.2899,39.68589],[-2.27858,39.6884],[-2.26464,39.6878],[-2.26254,39.69081],[-2.25825,39.69254],[-2.26471,39.69734],[-2.26322,39.69975],[-2.25786,39.7016],[-2.25906,39.70465],[-2.26082,39.70523],[-2.26212,39.70311],[-2.26799,39.70376],[-2.2737,39.70948],[-2.25906,39.72169],[-2.2443,39.73083],[-2.24569,39.73724],[-2.2498,39.74085],[-2.24934,39.74703],[-2.2499,39.7478],[-2.26345,39.74073],[-2.27917,39.73587],[-2.30702,39.7294],[-2.31437,39.72134],[-2.32136,39.7208],[-2.31177,39.71415],[-2.3066,39.71441],[-2.29843,39.7037],[-2.30167,39.69424],[-2.30569,39.68811],[-2.3106,39.68407],[-2.31779,39.68461],[-2.31983,39.68111],[-2.31885,39.67893],[-2.32829,39.67647],[-2.33318,39.67756],[-2.34052,39.67418],[-2.3507,39.67774],[-2.35999,39.67718],[-2.36715,39.67905],[-2.37365,39.67694],[-2.38106,39.67637],[-2.38663,39.67764],[-2.39062,39.67629],[-2.39079,39.6771],[-2.395,39.67418],[-2.39941,39.67334],[-2.41057,39.67772],[-2.43866,39.66207],[-2.44147,39.65849],[-2.44298,39.65267],[-2.448,39.64838],[-2.46196,39.64647],[-2.46668,39.64239],[-2.47117,39.64233],[-2.48496,39.65525],[-2.48733,39.65499],[-2.48814,39.65505]]],[[[-2.41346,39.6787],[-2.40292,39.68504],[-2.40512,39.68937],[-2.40842,39.69188],[-2.40734,39.69564],[-2.41109,39.69766],[-2.4093,39.69878],[-2.41135,39.70128],[-2.41577,39.69919],[-2.41936,39.69948],[-2.42446,39.69778],[-2.42824,39.69432],[-2.43189,39.69402],[-2.43473,39.69016],[-2.42372,39.68565],[-2.41398,39.67898],[-2.41346,39.6787]]]]}},{"type":"Feature","properties":{"mun_code":"16066","mun_name":"Casasimarro","mun_name_local":null,"prov_code":"16","prov_name":"Cuenca","acom_code":"08","acom_name":"Castilla-La Mancha","geo_point_2d":{"lon":-2.0410374033724894,"lat":39.38395270914081}},"geometry":{"type":"Polygon","coordinates":[[[-2.0959,39.40794],[-2.08432,39.40847],[-2.08154,39.40228],[-2.08844,39.37905],[-2.092,39.37656],[-2.09506,39.37023],[-2.09183,39.36759],[-2.0882,39.36873],[-2.08455,39.36527],[-2.08117,39.35858],[-2.07421,39.35626],[-2.06668,39.35549],[-2.05456,39.35647],[-2.04436,39.35917],[-2.02033,39.35182],[-2.01078,39.35587],[-2.00691,39.35406],[-1.98816,39.37029],[-1.99463,39.39406],[-1.99965,39.39943],[-2.00285,39.40828],[-2.01766,39.41431],[-2.06642,39.41191],[-2.09358,39.41443],[-2.0951,39.40846],[-2.0959,39.40794]]]}},{"type":"Feature","properties":{"mun_code":"16073","mun_name":"Cervera del Llano","mun_name_local":null,"prov_code":"16","prov_name":"Cuenca","acom_code":"08","acom_name":"Castilla-La Mancha","geo_point_2d":{"lon":-2.43591253204539,"lat":39.78774201921426}},"geometry":{"type":"Polygon","coordinates":[[[-2.4815,39.77493],[-2.47508,39.76652],[-2.47199,39.75514],[-2.46528,39.74731],[-2.45907,39.74612],[-2.44283,39.74995],[-2.43791,39.75239],[-2.43814,39.75352],[-2.43256,39.75235],[-2.42963,39.75412],[-2.42929,39.75249],[-2.42849,39.75358],[-2.41836,39.75388],[-2.40212,39.75727],[-2.38984,39.75717],[-2.38096,39.76062],[-2.38572,39.77095],[-2.38158,39.77956],[-2.39491,39.78867],[-2.40041,39.79743],[-2.40665,39.80234],[-2.40783,39.80697],[-2.40543,39.81258],[-2.40697,39.81727],[-2.41322,39.81575],[-2.4193,39.82034],[-2.42194,39.82024],[-2.42286,39.82287],[-2.43618,39.82517],[-2.43867,39.82636],[-2.44005,39.83232],[-2.44299,39.83538],[-2.45572,39.83859],[-2.45664,39.83729],[-2.46665,39.83879],[-2.4685,39.83323],[-2.47254,39.83186],[-2.47356,39.82047],[-2.46989,39.81647],[-2.46318,39.8001],[-2.46847,39.79336],[-2.47534,39.78841],[-2.47245,39.78267],[-2.47829,39.77768],[-2.4815,39.77493]]]}},{"type":"Feature","properties":{"mun_code":"16141","mun_name":"Olmeda del Rey","mun_name_local":null,"prov_code":"16","prov_name":"Cuenca","acom_code":"08","acom_name":"Castilla-La Mancha","geo_point_2d":{"lon":-2.0651833959320713,"lat":39.82561750990595}},"geometry":{"type":"MultiPolygon","coordinates":[[[[-2.09165,39.84874],[-2.09983,39.8493],[-2.09838,39.84026],[-2.1009,39.82365],[-2.10671,39.79816],[-2.10966,39.79718],[-2.10734,39.79323],[-2.10828,39.77962],[-2.09914,39.7654],[-2.08047,39.77672],[-2.05324,39.78654],[-2.03067,39.7858],[-2.00245,39.80796],[-2.01049,39.82229],[-2.00591,39.82637],[-2.01401,39.8318],[-2.01718,39.83729],[-2.02511,39.8417],[-2.04018,39.85752],[-2.07278,39.84657],[-2.08966,39.8486],[-2.09165,39.84874]]],[[[-2.09885,39.88752],[-2.10251,39.88557],[-2.11069,39.87179],[-2.10778,39.86367],[-2.10337,39.85732],[-2.09551,39.85298],[-2.08499,39.85184],[-2.07766,39.84873],[-2.06858,39.85005],[-2.05979,39.85361],[-2.05413,39.86091],[-2.05385,39.86693],[-2.05063,39.8706],[-2.05071,39.87301],[-2.0606,39.8763],[-2.07863,39.88706],[-2.09358,39.88844],[-2.09795,39.88772],[-2.09885,39.88752]]]]}},{"type":"Feature","properties":{"mun_code":"16219","mun_name":"Uña","mun_name_local":null,"prov_code":"16","prov_name":"Cuenca","acom_code":"08","acom_name":"Castilla-La Mancha","geo_point_2d":{"lon":-1.9756561127027041,"lat":40.219133271936116}},"geometry":{"type":"Polygon","coordinates":[[[-2.01766,40.25857],[-2.01946,40.2507],[-2.02245,40.24609],[-2.02732,40.24513],[-2.0337,40.24709],[-2.03715,40.24513],[-2.04253,40.24568],[-2.03648,40.2438],[-2.03013,40.2394],[-2.02273,40.2418],[-2.01098,40.23105],[-2.00388,40.22716],[-2.00094,40.22157],[-1.99571,40.21793],[-1.99606,40.21269],[-1.97997,40.19412],[-1.97578,40.19143],[-1.97096,40.19107],[-1.96565,40.19521],[-1.95937,40.19362],[-1.95255,40.19901],[-1.93363,40.20271],[-1.92075,40.20746],[-1.91907,40.21061],[-1.92087,40.2125],[-1.92087,40.21758],[-1.92657,40.21598],[-1.93163,40.21633],[-1.9343,40.21905],[-1.93719,40.21928],[-1.93969,40.21809],[-1.94299,40.2187],[-1.94529,40.21705],[-1.94929,40.22116],[-1.95445,40.22105],[-1.95561,40.21895],[-1.95895,40.22185],[-1.96538,40.22232],[-1.96121,40.22673],[-1.95594,40.22759],[-1.95825,40.22867],[-1.95848,40.23043],[-1.95637,40.23129],[-1.9595,40.23471],[-1.9623,40.2327],[-1.96246,40.23092],[-1.96665,40.22971],[-1.96871,40.23104],[-1.97108,40.22985],[-1.97474,40.23266],[-1.97872,40.23224],[-1.98172,40.22754],[-1.98133,40.2252],[-1.9831,40.2268],[-1.98388,40.2252],[-1.9859,40.22566],[-1.98559,40.22896],[-1.99834,40.23747],[-1.99881,40.24297],[-2.00307,40.24906],[-2.00772,40.25082],[-2.00793,40.2548],[-2.01014,40.25566],[-2.01713,40.2538],[-2.01531,40.2566],[-2.01739,40.25858],[-2.01766,40.25857]]]}},{"type":"Feature","properties":{"mun_code":"16148","mun_name":"Palomares del Campo","mun_name_local":null,"prov_code":"16","prov_name":"Cuenca","acom_code":"08","acom_name":"Castilla-La Mancha","geo_point_2d":{"lon":-2.624893359987114,"lat":39.939020157285746}},"geometry":{"type":"Polygon","coordinates":[[[-2.70358,39.9336],[-2.68976,39.92469],[-2.67955,39.91009],[-2.66997,39.91134],[-2.64519,39.90969],[-2.63522,39.91426],[-2.62116,39.91432],[-2.61443,39.91079],[-2.60774,39.91177],[-2.59395,39.91778],[-2.5921,39.91709],[-2.58966,39.91807],[-2.57505,39.92711],[-2.55983,39.92685],[-2.55523,39.92789],[-2.54976,39.93385],[-2.54548,39.9341],[-2.55038,39.93661],[-2.55927,39.94923],[-2.55737,39.95062],[-2.55866,39.95344],[-2.56943,39.96422],[-2.57109,39.973],[-2.57593,39.97242],[-2.57894,39.97336],[-2.59429,39.97046],[-2.60566,39.97007],[-2.61083,39.96592],[-2.63265,39.95957],[-2.63407,39.96007],[-2.64826,39.94892],[-2.66072,39.95676],[-2.67253,39.96171],[-2.68526,39.95633],[-2.68963,39.95001],[-2.69784,39.9465],[-2.70004,39.94204],[-2.70213,39.94105],[-2.70115,39.93748],[-2.70258,39.93479],[-2.70358,39.9336]]]}},{"type":"Feature","properties":{"mun_code":"16243","mun_name":"Villaescusa de Haro","mun_name_local":null,"prov_code":"16","prov_name":"Cuenca","acom_code":"08","acom_name":"Castilla-La Mancha","geo_point_2d":{"lon":-2.6306153463578705,"lat":39.62024295979691}},"geometry":{"type":"MultiPolygon","coordinates":[[[[-2.51643,39.5639],[-2.51851,39.56501],[-2.52152,39.56457],[-2.53905,39.57127],[-2.54595,39.57085],[-2.5593,39.57243],[-2.55979,39.56522],[-2.56336,39.56217],[-2.56814,39.56223],[-2.5755,39.5599],[-2.57786,39.55779],[-2.57747,39.55572],[-2.57104,39.55215],[-2.5667,39.54762],[-2.56531,39.54897],[-2.55564,39.55012],[-2.5489,39.54959],[-2.54295,39.55176],[-2.52899,39.55127],[-2.52229,39.55598],[-2.51655,39.56286],[-2.51643,39.5639]]],[[[-2.57764,39.68088],[-2.58273,39.67767],[-2.60008,39.67443],[-2.61368,39.66905],[-2.62813,39.65968],[-2.63753,39.65626],[-2.65911,39.65804],[-2.67254,39.65582],[-2.67508,39.65412],[-2.6847,39.63665],[-2.69457,39.62949],[-2.70318,39.62662],[-2.707,39.62005],[-2.71305,39.61319],[-2.71495,39.61274],[-2.71379,39.61153],[-2.71892,39.60353],[-2.71045,39.59242],[-2.6909,39.58109],[-2.68301,39.57794],[-2.6759,39.5768],[-2.67179,39.57769],[-2.66226,39.57453],[-2.65332,39.5832],[-2.64092,39.59053],[-2.62931,39.6002],[-2.6184,39.59993],[-2.60169,39.60506],[-2.5983,39.60506],[-2.58989,39.61406],[-2.57029,39.62122],[-2.57133,39.62972],[-2.58354,39.64733],[-2.5848,39.65111],[-2.58344,39.65326],[-2.58508,39.65676],[-2.57088,39.65978],[-2.5676,39.66348],[-2.55991,39.6666],[-2.5529,39.67243],[-2.5597,39.67589],[-2.57529,39.68033],[-2.57764,39.68088]]]]}},{"type":"Feature","properties":{"mun_code":"16238","mun_name":"Vara de Rey","mun_name_local":null,"prov_code":"16","prov_name":"Cuenca","acom_code":"08","acom_name":"Castilla-La Mancha","geo_point_2d":{"lon":-2.2990580508565652,"lat":39.426653181759825}},"geometry":{"type":"Polygon","coordinates":[[[-2.32995,39.38303],[-2.31584,39.37275],[-2.29135,39.35995],[-2.28366,39.35434],[-2.27653,39.35455],[-2.25629,39.34851],[-2.25245,39.34622],[-2.25985,39.35157],[-2.25916,39.35317],[-2.24298,39.36368],[-2.2399,39.37066],[-2.23178,39.3771],[-2.22742,39.38399],[-2.23284,39.3817],[-2.24836,39.39206],[-2.24841,39.39555],[-2.25421,39.40807],[-2.24387,39.42941],[-2.24437,39.43414],[-2.24087,39.44685],[-2.2421,39.4542],[-2.23606,39.46662],[-2.22331,39.47478],[-2.22987,39.47675],[-2.23732,39.4764],[-2.25215,39.48057],[-2.25769,39.47967],[-2.26826,39.4805],[-2.27248,39.47944],[-2.30318,39.47976],[-2.33465,39.48218],[-2.34027,39.48058],[-2.34125,39.4859],[-2.35216,39.48265],[-2.36044,39.47817],[-2.37466,39.47665],[-2.37856,39.47116],[-2.37928,39.45114],[-2.37035,39.44248],[-2.36515,39.44066],[-2.36153,39.43353],[-2.34931,39.42773],[-2.35876,39.4158],[-2.34419,39.39747],[-2.32995,39.38303]]]}},{"type":"Feature","properties":{"mun_code":"16191","mun_name":"San Lorenzo de la Parrilla","mun_name_local":null,"prov_code":"16","prov_name":"Cuenca","acom_code":"08","acom_name":"Castilla-La Mancha","geo_point_2d":{"lon":-2.3854430178714576,"lat":39.84619876357742}},"geometry":{"type":"Polygon","coordinates":[[[-2.45572,39.83859],[-2.44299,39.83538],[-2.44005,39.83232],[-2.43867,39.82636],[-2.43618,39.82517],[-2.42286,39.82287],[-2.42194,39.82024],[-2.4193,39.82034],[-2.41322,39.81575],[-2.40697,39.81727],[-2.40543,39.81258],[-2.40783,39.80697],[-2.40665,39.80234],[-2.40041,39.79743],[-2.39672,39.79052],[-2.38973,39.79412],[-2.38532,39.79926],[-2.38279,39.80531],[-2.37918,39.80642],[-2.37299,39.81144],[-2.36461,39.82371],[-2.36005,39.82911],[-2.35729,39.83019],[-2.35763,39.83346],[-2.35038,39.84338],[-2.33998,39.84884],[-2.33174,39.84962],[-2.31957,39.84989],[-2.3085,39.84756],[-2.29156,39.84801],[-2.28792,39.85249],[-2.28421,39.85432],[-2.29642,39.85872],[-2.30473,39.85745],[-2.3122,39.85878],[-2.32662,39.857],[-2.32752,39.85873],[-2.33614,39.86247],[-2.33995,39.86811],[-2.34834,39.87297],[-2.36571,39.87667],[-2.37014,39.87906],[-2.37459,39.87821],[-2.37993,39.87933],[-2.38392,39.88048],[-2.3898,39.88478],[-2.39797,39.88536],[-2.40028,39.88661],[-2.4081,39.88624],[-2.41326,39.88765],[-2.41527,39.89029],[-2.42143,39.88925],[-2.42231,39.88819],[-2.42039,39.88457],[-2.42537,39.88124],[-2.42377,39.87664],[-2.41672,39.86834],[-2.41605,39.86469],[-2.42179,39.85616],[-2.42325,39.85085],[-2.43333,39.84535],[-2.44916,39.84579],[-2.45271,39.84731],[-2.45687,39.84632],[-2.45456,39.84111],[-2.45572,39.83859]]]}},{"type":"Feature","properties":{"mun_code":"16277","mun_name":"Zafra de Záncara","mun_name_local":null,"prov_code":"16","prov_name":"Cuenca","acom_code":"08","acom_name":"Castilla-La Mancha","geo_point_2d":{"lon":-2.545100294368124,"lat":39.89671879579718}},"geometry":{"type":"Polygon","coordinates":[[[-2.61785,39.91177],[-2.61965,39.89875],[-2.6184,39.89226],[-2.60591,39.86192],[-2.58669,39.85793],[-2.57795,39.86504],[-2.57376,39.8655],[-2.56667,39.8612],[-2.55253,39.85919],[-2.54599,39.86117],[-2.54445,39.86031],[-2.53937,39.86106],[-2.5219,39.8696],[-2.51708,39.87072],[-2.5069,39.87232],[-2.49123,39.87149],[-2.4867,39.87769],[-2.47791,39.88027],[-2.47916,39.88614],[-2.48194,39.88936],[-2.47307,39.90055],[-2.47384,39.90496],[-2.47815,39.90784],[-2.48028,39.91184],[-2.4776,39.91841],[-2.4795,39.92732],[-2.47736,39.93151],[-2.4676,39.93831],[-2.46644,39.94077],[-2.47053,39.9458],[-2.47381,39.94353],[-2.48671,39.94276],[-2.49156,39.936],[-2.50127,39.93623],[-2.49921,39.92828],[-2.5027,39.92381],[-2.5026,39.9215],[-2.51471,39.91364],[-2.52307,39.91652],[-2.52163,39.91994],[-2.54093,39.9348],[-2.54976,39.93385],[-2.55523,39.92789],[-2.55983,39.92685],[-2.57505,39.92711],[-2.58966,39.91807],[-2.5921,39.91709],[-2.59395,39.91778],[-2.60774,39.91177],[-2.61443,39.91079],[-2.61785,39.91177]]]}},{"type":"Feature","properties":{"mun_code":"16124","mun_name":"Las Mesas","mun_name_local":null,"prov_code":"16","prov_name":"Cuenca","acom_code":"08","acom_name":"Castilla-La Mancha","geo_point_2d":{"lon":-2.732934824366297,"lat":39.37505663829829}},"geometry":{"type":"MultiPolygon","coordinates":[[[[-2.79198,39.41018],[-2.79196,39.40163],[-2.79381,39.39774],[-2.77626,39.39491],[-2.77678,39.3855],[-2.77206,39.36971],[-2.76335,39.35871],[-2.75643,39.33635],[-2.74293,39.3183],[-2.73218,39.32128],[-2.71951,39.32034],[-2.70245,39.32245],[-2.69513,39.31871],[-2.69235,39.31858],[-2.68479,39.32276],[-2.67848,39.32127],[-2.66587,39.32338],[-2.66216,39.32226],[-2.68257,39.36303],[-2.68797,39.37058],[-2.69151,39.38134],[-2.69766,39.38701],[-2.70543,39.40053],[-2.71639,39.4075],[-2.73234,39.4311],[-2.73948,39.43883],[-2.75082,39.43618],[-2.77453,39.43382],[-2.78416,39.43755],[-2.78633,39.43308],[-2.78478,39.42959],[-2.78775,39.42675],[-2.78588,39.42347],[-2.78701,39.41788],[-2.7919,39.41623],[-2.79164,39.41168],[-2.79198,39.41018]]],[[[-2.79381,39.39774],[-2.79561,39.39258],[-2.80343,39.38726],[-2.80819,39.38741],[-2.80974,39.38582],[-2.80852,39.38283],[-2.81319,39.38199],[-2.81352,39.37504],[-2.80929,39.38017],[-2.80453,39.38085],[-2.80317,39.38597],[-2.79974,39.39011],[-2.79117,39.39374],[-2.79191,39.39576],[-2.79381,39.39774]]]]}},{"type":"Feature","properties":{"mun_code":"16003","mun_name":"Alarcón","mun_name_local":null,"prov_code":"16","prov_name":"Cuenca","acom_code":"08","acom_name":"Castilla-La Mancha","geo_point_2d":{"lon":-2.06914887855442,"lat":39.53477060396032}},"geometry":{"type":"MultiPolygon","coordinates":[[[[-2.00691,39.35406],[-2.01078,39.35587],[-2.02033,39.35182],[-2.02894,39.33806],[-2.01882,39.32541],[-2.00649,39.31646],[-2.00252,39.31962],[-1.99319,39.32261],[-1.99204,39.32749],[-1.98755,39.32762],[-1.98632,39.33041],[-1.98898,39.33178],[-1.99173,39.33633],[-1.99033,39.33886],[-1.99309,39.33893],[-1.99461,39.33685],[-1.99652,39.33709],[-1.99682,39.33923],[-2.00056,39.33987],[-2.00691,39.35406]]],[[[-2.09432,39.40383],[-2.09614,39.4037],[-2.09634,39.40242],[-2.09476,39.40087],[-2.09238,39.40256],[-2.0916,39.39772],[-2.09546,39.39317],[-2.09138,39.39229],[-2.09307,39.38805],[-2.09831,39.38701],[-2.10459,39.38252],[-2.10214,39.38087],[-2.1012,39.3727],[-2.10425,39.37059],[-2.09933,39.36709],[-2.10072,39.36192],[-2.09626,39.35892],[-2.08117,39.35858],[-2.08455,39.36527],[-2.0882,39.36873],[-2.09183,39.36759],[-2.09506,39.37023],[-2.092,39.37656],[-2.08844,39.37905],[-2.08154,39.40228],[-2.08432,39.40847],[-2.0959,39.40794],[-2.09423,39.40434],[-2.09432,39.40383]]],[[[-2.17143,39.6032],[-2.17371,39.59559],[-2.18331,39.58673],[-2.17823,39.58612],[-2.17904,39.58146],[-2.17584,39.57774],[-2.16351,39.57451],[-2.14373,39.57968],[-2.13593,39.58454],[-2.13023,39.58383],[-2.12436,39.58482],[-2.12324,39.5761],[-2.12654,39.56167],[-2.13405,39.55383],[-2.13967,39.53758],[-2.10701,39.50503],[-2.10156,39.50388],[-2.09685,39.50531],[-2.08885,39.50082],[-2.06625,39.50012],[-2.06552,39.50449],[-2.05952,39.50751],[-2.05847,39.50938],[-2.05474,39.50605],[-2.05086,39.50926],[-2.04854,39.51384],[-2.04413,39.5143],[-2.03894,39.51918],[-2.03596,39.52568],[-2.04086,39.54487],[-2.02248,39.57005],[-2.00738,39.58753],[-1.98956,39.58888],[-1.97647,39.58572],[-1.97829,39.5623],[-1.98585,39.55064],[-1.98339,39.53745],[-1.97913,39.52772],[-1.96939,39.53485],[-1.96219,39.52991],[-1.956,39.52769],[-1.96928,39.54521],[-1.96173,39.57666],[-1.96494,39.58787],[-1.97733,39.59553],[-1.99907,39.60569],[-2.01278,39.59238],[-2.02633,39.58408],[-2.03427,39.58942],[-2.04802,39.60192],[-2.0677,39.60798],[-2.06914,39.6081],[-2.07052,39.6011],[-2.0952,39.5965],[-2.10385,39.59767],[-2.11107,39.59087],[-2.11979,39.59362],[-2.11966,39.58961],[-2.12558,39.58716],[-2.12983,39.59026],[-2.13693,39.58932],[-2.1401,39.59386],[-2.14768,39.59754],[-2.15672,39.59698],[-2.16196,39.60122],[-2.16441,39.60004],[-2.16619,39.60297],[-2.16997,39.60358],[-2.17143,39.6032]]]]}},{"type":"Feature","properties":{"mun_code":"16024","mun_name":"Arguisuelas","mun_name_local":null,"prov_code":"16","prov_name":"Cuenca","acom_code":"08","acom_name":"Castilla-La Mancha","geo_point_2d":{"lon":-1.832240991810119,"lat":39.83118709775696}},"geometry":{"type":"Polygon","coordinates":[[[-1.88498,39.83657],[-1.88086,39.83206],[-1.8855,39.83125],[-1.88586,39.82862],[-1.87958,39.82652],[-1.87891,39.82379],[-1.86904,39.81505],[-1.8688,39.81356],[-1.87121,39.81184],[-1.86936,39.80428],[-1.86224,39.80428],[-1.85854,39.80647],[-1.85189,39.80716],[-1.84916,39.80576],[-1.84861,39.80296],[-1.84451,39.80267],[-1.84342,39.80516],[-1.8399,39.80427],[-1.8382,39.80671],[-1.83396,39.80636],[-1.83012,39.80918],[-1.82585,39.80583],[-1.81845,39.81055],[-1.81127,39.81089],[-1.80906,39.80994],[-1.81097,39.80798],[-1.8103,39.80606],[-1.81642,39.79954],[-1.81003,39.79717],[-1.81089,39.79371],[-1.80348,39.79493],[-1.80598,39.78978],[-1.804,39.78668],[-1.80158,39.79005],[-1.79833,39.79166],[-1.79663,39.79054],[-1.79723,39.78693],[-1.79505,39.78618],[-1.79287,39.78753],[-1.78494,39.78656],[-1.78205,39.78858],[-1.76764,39.78973],[-1.77718,39.79348],[-1.78187,39.79717],[-1.78945,39.80546],[-1.79604,39.81702],[-1.79402,39.81945],[-1.78801,39.84337],[-1.80308,39.85161],[-1.81835,39.85287],[-1.81999,39.87675],[-1.85419,39.86516],[-1.88619,39.84162],[-1.88682,39.83879],[-1.88522,39.8368],[-1.88498,39.83657]]]}},{"type":"Feature","properties":{"mun_code":"16190","mun_name":"San Clemente","mun_name_local":null,"prov_code":"16","prov_name":"Cuenca","acom_code":"08","acom_name":"Castilla-La Mancha","geo_point_2d":{"lon":-2.432871913315204,"lat":39.40822938226078}},"geometry":{"type":"MultiPolygon","coordinates":[[[[-2.42292,39.49512],[-2.44352,39.48504],[-2.46858,39.46224],[-2.48018,39.45659],[-2.48931,39.44722],[-2.50552,39.43428],[-2.53248,39.44798],[-2.53153,39.42001],[-2.52278,39.40328],[-2.51116,39.34215],[-2.49403,39.32742],[-2.48376,39.31555],[-2.46657,39.30575],[-2.45483,39.29262],[-2.44159,39.28374],[-2.44162,39.28897],[-2.43515,39.29164],[-2.42463,39.29906],[-2.41841,39.30087],[-2.39609,39.32419],[-2.40038,39.34038],[-2.39513,39.3418],[-2.38882,39.34584],[-2.37027,39.3632],[-2.35961,39.36705],[-2.32995,39.38303],[-2.34419,39.39747],[-2.35876,39.4158],[-2.34931,39.42773],[-2.36153,39.43353],[-2.36515,39.44066],[-2.37035,39.44248],[-2.37928,39.45114],[-2.37856,39.47116],[-2.37484,39.47647],[-2.36044,39.47817],[-2.35216,39.48265],[-2.34125,39.4859],[-2.34027,39.48058],[-2.33465,39.48218],[-2.30611,39.47983],[-2.27541,39.4797],[-2.27984,39.48282],[-2.28077,39.48168],[-2.28668,39.48173],[-2.29047,39.48517],[-2.29026,39.48833],[-2.29789,39.49829],[-2.29757,39.50269],[-2.30873,39.50692],[-2.3303,39.51233],[-2.33662,39.51253],[-2.36117,39.52436],[-2.37322,39.52034],[-2.38454,39.51445],[-2.3931,39.49676],[-2.40284,39.49537],[-2.40942,39.4899],[-2.42031,39.49457],[-2.42292,39.49512]]],[[[-2.56395,39.4604],[-2.56486,39.45761],[-2.56817,39.45519],[-2.5694,39.45042],[-2.57544,39.45125],[-2.57994,39.45034],[-2.58099,39.45142],[-2.60354,39.44379],[-2.60009,39.43027],[-2.59307,39.42304],[-2.58692,39.42037],[-2.56758,39.41803],[-2.56367,39.42066],[-2.55745,39.4219],[-2.55569,39.42627],[-2.55916,39.43213],[-2.56,39.44472],[-2.56232,39.45297],[-2.56071,39.4544],[-2.56425,39.45682],[-2.56395,39.4604]]]]}},{"type":"Feature","properties":{"mun_code":"16116","mun_name":"Lagunaseca","mun_name_local":null,"prov_code":"16","prov_name":"Cuenca","acom_code":"08","acom_name":"Castilla-La Mancha","geo_point_2d":{"lon":-1.9958523413381177,"lat":40.51351769053037}},"geometry":{"type":"Polygon","coordinates":[[[-2.05261,40.52502],[-2.03899,40.50926],[-2.03589,40.50754],[-2.03564,40.50956],[-2.03106,40.5107],[-2.01506,40.50386],[-2.00867,40.49975],[-2.00957,40.49678],[-2.00802,40.49671],[-2.00371,40.48842],[-2.00189,40.48752],[-1.99376,40.48842],[-1.98487,40.47776],[-1.9834,40.47764],[-1.97036,40.4901],[-1.9523,40.49021],[-1.94294,40.49395],[-1.94287,40.49555],[-1.94891,40.49641],[-1.94973,40.50237],[-1.95894,40.51444],[-1.95909,40.51695],[-1.96801,40.52735],[-1.98206,40.53886],[-1.98716,40.53995],[-1.99215,40.53857],[-2.00631,40.54033],[-2.01527,40.54008],[-2.04376,40.53111],[-2.0516,40.5257],[-2.05261,40.52502]]]}},{"type":"Feature","properties":{"mun_code":"16145","mun_name":"Osa de la Vega","mun_name_local":null,"prov_code":"16","prov_name":"Cuenca","acom_code":"08","acom_name":"Castilla-La Mancha","geo_point_2d":{"lon":-2.760392430565114,"lat":39.642539934556375}},"geometry":{"type":"Polygon","coordinates":[[[-2.81707,39.65283],[-2.81343,39.64829],[-2.79785,39.61687],[-2.79484,39.61408],[-2.78159,39.60665],[-2.77005,39.61094],[-2.76507,39.61127],[-2.75223,39.60758],[-2.74754,39.61193],[-2.71857,39.61865],[-2.71086,39.64496],[-2.70167,39.66263],[-2.74125,39.67244],[-2.75764,39.67058],[-2.79324,39.67246],[-2.80638,39.67014],[-2.80718,39.65857],[-2.81663,39.65316],[-2.81707,39.65283]]]}},{"type":"Feature","properties":{"mun_code":"16050","mun_name":"Cañaveras","mun_name_local":null,"prov_code":"16","prov_name":"Cuenca","acom_code":"08","acom_name":"Castilla-La Mancha","geo_point_2d":{"lon":-2.394121254665108,"lat":40.35713212648928}},"geometry":{"type":"Polygon","coordinates":[[[-2.45507,40.35601],[-2.45006,40.3508],[-2.44293,40.33616],[-2.44136,40.32774],[-2.44336,40.32058],[-2.44156,40.30967],[-2.42922,40.31419],[-2.41967,40.31462],[-2.3955,40.32021],[-2.3884,40.31703],[-2.37758,40.31638],[-2.35717,40.32466],[-2.33452,40.34598],[-2.336,40.36536],[-2.35231,40.37572],[-2.35399,40.38242],[-2.36249,40.39025],[-2.36658,40.39815],[-2.36537,40.40321],[-2.374,40.40931],[-2.3808,40.41211],[-2.39447,40.40799],[-2.39886,40.40497],[-2.40912,40.40271],[-2.40761,40.39817],[-2.41167,40.3942],[-2.42768,40.38185],[-2.44514,40.37201],[-2.44956,40.35977],[-2.45507,40.35601]]]}},{"type":"Feature","properties":{"mun_code":"16016","mun_name":"Almendros","mun_name_local":null,"prov_code":"16","prov_name":"Cuenca","acom_code":"08","acom_name":"Castilla-La Mancha","geo_point_2d":{"lon":-2.874544942928723,"lat":39.874192214830536}},"geometry":{"type":"Polygon","coordinates":[[[-2.93232,39.92897],[-2.93032,39.92168],[-2.92393,39.91611],[-2.91641,39.9054],[-2.91392,39.89643],[-2.91411,39.89069],[-2.91129,39.89076],[-2.90963,39.88914],[-2.9002,39.87544],[-2.87978,39.86415],[-2.87531,39.85728],[-2.87716,39.85425],[-2.88246,39.85172],[-2.8849,39.84577],[-2.88767,39.84433],[-2.88897,39.84106],[-2.88285,39.8196],[-2.87286,39.80964],[-2.87091,39.80186],[-2.86777,39.79797],[-2.85918,39.79105],[-2.85423,39.79387],[-2.84313,39.795],[-2.84424,39.80565],[-2.84032,39.81443],[-2.84017,39.82067],[-2.83686,39.82613],[-2.8348,39.84085],[-2.84162,39.83856],[-2.85095,39.84675],[-2.84975,39.85208],[-2.85185,39.85344],[-2.85344,39.8631],[-2.85738,39.87049],[-2.85368,39.87448],[-2.85017,39.88369],[-2.84571,39.90708],[-2.84309,39.90786],[-2.8502,39.92261],[-2.85503,39.92721],[-2.87197,39.93383],[-2.87777,39.93298],[-2.88335,39.92973],[-2.88878,39.93043],[-2.90298,39.92858],[-2.92777,39.93025],[-2.93232,39.92897]]]}},{"type":"Feature","properties":{"mun_code":"16181","mun_name":"Rozalén del Monte","mun_name_local":null,"prov_code":"16","prov_name":"Cuenca","acom_code":"08","acom_name":"Castilla-La Mancha","geo_point_2d":{"lon":-2.7989609089453027,"lat":39.98758287545568}},"geometry":{"type":"Polygon","coordinates":[[[-2.8311,40.01001],[-2.83279,40.00533],[-2.83169,39.987],[-2.82577,39.97374],[-2.82175,39.96682],[-2.81852,39.96497],[-2.81753,39.96116],[-2.815,39.95969],[-2.81553,39.95814],[-2.81372,39.95731],[-2.81088,39.95075],[-2.80842,39.95312],[-2.78065,39.95507],[-2.78357,39.96642],[-2.78142,39.96883],[-2.78193,39.97206],[-2.76286,39.98965],[-2.76577,40.01018],[-2.76955,40.01436],[-2.77888,40.0175],[-2.78084,40.01558],[-2.79277,40.01254],[-2.79817,40.01208],[-2.80182,40.01332],[-2.82996,40.01002],[-2.8311,40.01001]]]}},{"type":"Feature","properties":{"mun_code":"16265","mun_name":"Villarejo de la Peñuela","mun_name_local":null,"prov_code":"16","prov_name":"Cuenca","acom_code":"08","acom_name":"Castilla-La Mancha","geo_point_2d":{"lon":-2.4014021217644936,"lat":40.084262731665696}},"geometry":{"type":"Polygon","coordinates":[[[-2.43223,40.08063],[-2.41861,40.07621],[-2.39878,40.06409],[-2.39433,40.06346],[-2.39054,40.06506],[-2.38977,40.06804],[-2.38589,40.07036],[-2.38692,40.07083],[-2.38007,40.07432],[-2.3788,40.07907],[-2.37607,40.08097],[-2.38018,40.08605],[-2.37333,40.09404],[-2.40613,40.10157],[-2.41228,40.10142],[-2.4242,40.09263],[-2.43223,40.08063]]]}},{"type":"Feature","properties":{"mun_code":"16245","mun_name":"Villalba de la Sierra","mun_name_local":null,"prov_code":"16","prov_name":"Cuenca","acom_code":"08","acom_name":"Castilla-La Mancha","geo_point_2d":{"lon":-2.0828790225144913,"lat":40.23699617577103}},"geometry":{"type":"Polygon","coordinates":[[[-2.12419,40.2277],[-2.12015,40.22115],[-2.12169,40.21839],[-2.11684,40.21723],[-2.11504,40.20608],[-2.11362,40.20503],[-2.0764,40.20041],[-2.07694,40.20777],[-2.0679,40.21108],[-2.06417,40.21009],[-2.05305,40.21086],[-2.05295,40.21478],[-2.04676,40.21852],[-2.04369,40.22876],[-2.03809,40.23472],[-2.04758,40.23757],[-2.04685,40.24058],[-2.05485,40.24548],[-2.0506,40.25608],[-2.0526,40.2761],[-2.06903,40.26973],[-2.10303,40.27304],[-2.10579,40.26863],[-2.1073,40.25497],[-2.11499,40.24436],[-2.12373,40.23657],[-2.12436,40.22827],[-2.12419,40.2277]]]}},{"type":"Feature","properties":{"mun_code":"16151","mun_name":"Paredes","mun_name_local":null,"prov_code":"16","prov_name":"Cuenca","acom_code":"08","acom_name":"Castilla-La Mancha","geo_point_2d":{"lon":-2.854158324906467,"lat":40.07596092635485}},"geometry":{"type":"Polygon","coordinates":[[[-2.87108,40.08307],[-2.8734,40.07527],[-2.87024,40.06143],[-2.86958,40.0382],[-2.85873,40.03988],[-2.8467,40.03997],[-2.84876,40.04608],[-2.83686,40.06186],[-2.83899,40.07499],[-2.83712,40.08316],[-2.83821,40.0874],[-2.84081,40.08832],[-2.84217,40.09444],[-2.83849,40.10112],[-2.83991,40.10613],[-2.83821,40.10898],[-2.83877,40.11732],[-2.85481,40.11656],[-2.8629,40.09354],[-2.87158,40.08418],[-2.87108,40.08307]]]}},{"type":"Feature","properties":{"mun_code":"16081","mun_name":"Chumillas","mun_name_local":null,"prov_code":"16","prov_name":"Cuenca","acom_code":"08","acom_name":"Castilla-La Mancha","geo_point_2d":{"lon":-2.038805338582969,"lat":39.7654649810323}},"geometry":{"type":"Polygon","coordinates":[[[-2.09914,39.7654],[-2.09559,39.75558],[-2.06562,39.74823],[-2.02848,39.72795],[-2.02086,39.72958],[-2.00088,39.76391],[-2.0011,39.7747],[-1.98859,39.78641],[-2.00272,39.79791],[-2.00082,39.80562],[-2.00245,39.80796],[-2.03067,39.7858],[-2.05324,39.78654],[-2.08047,39.77672],[-2.093,39.76912],[-2.09914,39.7654]]]}},{"type":"Feature","properties":{"mun_code":"16198","mun_name":"Sisante","mun_name_local":null,"prov_code":"16","prov_name":"Cuenca","acom_code":"08","acom_name":"Castilla-La Mancha","geo_point_2d":{"lon":-2.1683311111657275,"lat":39.4028855890011}},"geometry":{"type":"Polygon","coordinates":[[[-2.22742,39.38399],[-2.20438,39.37528],[-2.19478,39.37473],[-2.1906,39.37178],[-2.18988,39.36601],[-2.18455,39.35685],[-2.17727,39.35599],[-2.15425,39.35965],[-2.14495,39.3657],[-2.13771,39.36728],[-2.12542,39.36293],[-2.12315,39.34872],[-2.11657,39.3308],[-2.11575,39.32256],[-2.09084,39.30935],[-2.07703,39.30765],[-2.07708,39.31302],[-2.07314,39.31767],[-2.07369,39.32112],[-2.07584,39.32216],[-2.07743,39.32586],[-2.07825,39.33209],[-2.08205,39.3332],[-2.08602,39.33637],[-2.08852,39.34338],[-2.08646,39.34759],[-2.08825,39.34901],[-2.09113,39.349],[-2.09065,39.35184],[-2.0955,39.35848],[-2.10058,39.36158],[-2.1067,39.36926],[-2.10727,39.37833],[-2.10468,39.38439],[-2.10202,39.38399],[-2.09831,39.38701],[-2.09287,39.38841],[-2.09146,39.39244],[-2.09546,39.39317],[-2.09166,39.39749],[-2.09219,39.40233],[-2.09517,39.40096],[-2.09644,39.40328],[-2.09432,39.40383],[-2.10447,39.40601],[-2.11295,39.41027],[-2.11888,39.41123],[-2.11759,39.42364],[-2.13389,39.44778],[-2.14912,39.45168],[-2.16034,39.45811],[-2.16202,39.46147],[-2.1689,39.46217],[-2.17332,39.4607],[-2.18054,39.46111],[-2.20711,39.46826],[-2.22331,39.47478],[-2.23606,39.46662],[-2.2421,39.4542],[-2.24087,39.44685],[-2.24437,39.43414],[-2.24387,39.42941],[-2.25421,39.40807],[-2.24841,39.39555],[-2.24836,39.39206],[-2.23155,39.38148],[-2.22742,39.38399]]]}},{"type":"Feature","properties":{"mun_code":"16161","mun_name":"Piqueras del Castillo","mun_name_local":null,"prov_code":"16","prov_name":"Cuenca","acom_code":"08","acom_name":"Castilla-La Mancha","geo_point_2d":{"lon":-2.0851835166466666,"lat":39.72105957838018}},"geometry":{"type":"Polygon","coordinates":[[[-2.13614,39.71124],[-2.11903,39.70325],[-2.11028,39.68873],[-2.05166,39.6952],[-2.02885,39.72801],[-2.06562,39.74823],[-2.09559,39.75558],[-2.12811,39.73786],[-2.13467,39.7209],[-2.13638,39.712],[-2.13614,39.71124]]]}},{"type":"Feature","properties":{"mun_code":"16087","mun_name":"Fuentelespino de Haro","mun_name_local":null,"prov_code":"16","prov_name":"Cuenca","acom_code":"08","acom_name":"Castilla-La Mancha","geo_point_2d":{"lon":-2.6415798951518794,"lat":39.68229196295069}},"geometry":{"type":"Polygon","coordinates":[[[-2.68544,39.67256],[-2.67281,39.66025],[-2.67508,39.65412],[-2.67254,39.65582],[-2.65911,39.65804],[-2.63753,39.65626],[-2.62813,39.65968],[-2.61368,39.66905],[-2.60008,39.67443],[-2.58273,39.67767],[-2.57764,39.68088],[-2.59789,39.6819],[-2.60877,39.69102],[-2.60757,39.69485],[-2.60842,39.69954],[-2.61204,39.70691],[-2.62302,39.71218],[-2.63114,39.71104],[-2.63736,39.70688],[-2.65473,39.70212],[-2.65937,39.70204],[-2.6726,39.69753],[-2.68208,39.69776],[-2.68221,39.68339],[-2.68544,39.67256]]]}},{"type":"Feature","properties":{"mun_code":"16258","mun_name":"Villar del Humo","mun_name_local":null,"prov_code":"16","prov_name":"Cuenca","acom_code":"08","acom_name":"Castilla-La Mancha","geo_point_2d":{"lon":-1.6459752181544174,"lat":39.87216996012058}},"geometry":{"type":"Polygon","coordinates":[[[-1.73154,39.87117],[-1.72903,39.8661],[-1.72674,39.86475],[-1.72459,39.8571],[-1.7155,39.85557],[-1.71541,39.84752],[-1.71388,39.84448],[-1.71362,39.84556],[-1.70983,39.84271],[-1.709,39.83763],[-1.69295,39.83464],[-1.66911,39.82654],[-1.65395,39.81591],[-1.63883,39.80896],[-1.61689,39.79487],[-1.58817,39.79128],[-1.56849,39.78675],[-1.56464,39.79449],[-1.57628,39.7952],[-1.57953,39.79691],[-1.58583,39.80892],[-1.58906,39.82445],[-1.58165,39.84652],[-1.58386,39.8568],[-1.59537,39.871],[-1.5939,39.88162],[-1.58818,39.8915],[-1.58365,39.9168],[-1.58597,39.92361],[-1.60651,39.94043],[-1.61021,39.94202],[-1.61987,39.94167],[-1.6266,39.93828],[-1.65904,39.94101],[-1.67564,39.93702],[-1.68279,39.93349],[-1.71278,39.89886],[-1.7266,39.8952],[-1.7307,39.88794],[-1.73561,39.88489],[-1.73837,39.88108],[-1.73162,39.87139],[-1.73154,39.87117]]]}},{"type":"Feature","properties":{"mun_code":"16071","mun_name":"Castillo-Albaráñez","mun_name_local":null,"prov_code":"16","prov_name":"Cuenca","acom_code":"08","acom_name":"Castilla-La Mancha","geo_point_2d":{"lon":-2.387744386142335,"lat":40.2945444448815}},"geometry":{"type":"Polygon","coordinates":[[[-2.40687,40.27601],[-2.38283,40.27674],[-2.37999,40.27814],[-2.36588,40.27992],[-2.36445,40.2812],[-2.37517,40.30625],[-2.37758,40.31638],[-2.39081,40.31813],[-2.40269,40.30808],[-2.4055,40.30406],[-2.40614,40.28247],[-2.40687,40.27601]]]}},{"type":"Feature","properties":{"mun_code":"16091","mun_name":"Fuertescusa","mun_name_local":null,"prov_code":"16","prov_name":"Cuenca","acom_code":"08","acom_name":"Castilla-La Mancha","geo_point_2d":{"lon":-2.154756990510048,"lat":40.460918512266346}},"geometry":{"type":"Polygon","coordinates":[[[-2.22225,40.47591],[-2.19324,40.4329],[-2.18901,40.43297],[-2.1768,40.42577],[-2.1623,40.42576],[-2.14635,40.42783],[-2.14003,40.43254],[-2.12342,40.43062],[-2.11606,40.42585],[-2.09426,40.44483],[-2.08582,40.45627],[-2.11258,40.48237],[-2.13052,40.49464],[-2.20785,40.4904],[-2.21712,40.48109],[-2.22225,40.47591]]]}},{"type":"Feature","properties":{"mun_code":"16020","mun_name":"Arandilla del Arroyo","mun_name_local":null,"prov_code":"16","prov_name":"Cuenca","acom_code":"08","acom_name":"Castilla-La Mancha","geo_point_2d":{"lon":-2.37994652036147,"lat":40.51339922495449}},"geometry":{"type":"Polygon","coordinates":[[[-2.41182,40.52563],[-2.4031,40.51802],[-2.40114,40.51231],[-2.40327,40.50925],[-2.4031,40.5062],[-2.40696,40.50405],[-2.40314,40.5043],[-2.39991,40.50297],[-2.39819,40.49768],[-2.38821,40.49058],[-2.37588,40.4874],[-2.36961,40.48999],[-2.36412,40.49605],[-2.36127,40.49666],[-2.35811,40.4911],[-2.35044,40.49197],[-2.34842,40.4959],[-2.35429,40.50426],[-2.35505,40.51256],[-2.36035,40.52151],[-2.36032,40.52399],[-2.36815,40.53047],[-2.37098,40.53526],[-2.38,40.54359],[-2.3967,40.53347],[-2.40971,40.52802],[-2.41182,40.52563]]]}},{"type":"Feature","properties":{"mun_code":"16202","mun_name":"Talayuelas","mun_name_local":null,"prov_code":"16","prov_name":"Cuenca","acom_code":"08","acom_name":"Castilla-La Mancha","geo_point_2d":{"lon":-1.272796120462838,"lat":39.82882759352419}},"geometry":{"type":"Polygon","coordinates":[[[-1.34061,39.84846],[-1.33234,39.84124],[-1.33048,39.82653],[-1.31783,39.80918],[-1.31709,39.80316],[-1.31385,39.79647],[-1.30011,39.78645],[-1.29604,39.7862],[-1.29535,39.78366],[-1.29687,39.7804],[-1.293,39.77186],[-1.28242,39.76353],[-1.27352,39.76208],[-1.26207,39.75644],[-1.2492,39.7725],[-1.23411,39.78283],[-1.22119,39.80318],[-1.215,39.80877],[-1.21689,39.81439],[-1.21171,39.8203],[-1.21088,39.83818],[-1.20684,39.84605],[-1.21382,39.8531],[-1.2301,39.86397],[-1.2407,39.87982],[-1.25268,39.8809],[-1.26537,39.87838],[-1.26982,39.87893],[-1.27185,39.87765],[-1.27595,39.88009],[-1.31474,39.88662],[-1.32078,39.87661],[-1.32818,39.87451],[-1.32873,39.8699],[-1.34061,39.84846]]]}},{"type":"Feature","properties":{"mun_code":"16084","mun_name":"Fresneda de la Sierra","mun_name_local":null,"prov_code":"16","prov_name":"Cuenca","acom_code":"08","acom_name":"Castilla-La Mancha","geo_point_2d":{"lon":-2.142631113240897,"lat":40.40567659690852}},"geometry":{"type":"Polygon","coordinates":[[[-2.18237,40.38019],[-2.17413,40.38142],[-2.16993,40.37513],[-2.16249,40.37795],[-2.15934,40.37694],[-2.14246,40.38166],[-2.12093,40.39231],[-2.11186,40.39472],[-2.10672,40.39827],[-2.10464,40.40343],[-2.10087,40.40609],[-2.08226,40.40639],[-2.09009,40.41029],[-2.09739,40.41869],[-2.11439,40.42489],[-2.12342,40.43062],[-2.14003,40.43254],[-2.14635,40.42783],[-2.1623,40.42576],[-2.1768,40.42577],[-2.17994,40.39737],[-2.18237,40.38019]]]}},{"type":"Feature","properties":{"mun_code":"16038","mun_name":"Buciegas","mun_name_local":null,"prov_code":"16","prov_name":"Cuenca","acom_code":"08","acom_name":"Castilla-La Mancha","geo_point_2d":{"lon":-2.465309256522568,"lat":40.33917253923334}},"geometry":{"type":"Polygon","coordinates":[[[-2.50113,40.33542],[-2.50092,40.33347],[-2.48574,40.33179],[-2.47503,40.32848],[-2.44238,40.32841],[-2.44293,40.33616],[-2.44558,40.34308],[-2.45006,40.3508],[-2.45705,40.35778],[-2.47166,40.34917],[-2.48083,40.34189],[-2.49926,40.33641],[-2.50113,40.33542]]]}},{"type":"Feature","properties":{"mun_code":"16279","mun_name":"Zarza de Tajo","mun_name_local":null,"prov_code":"16","prov_name":"Cuenca","acom_code":"08","acom_name":"Castilla-La Mancha","geo_point_2d":{"lon":-3.127377194654715,"lat":40.02801680406008}},"geometry":{"type":"Polygon","coordinates":[[[-3.16158,40.06493],[-3.16138,40.06185],[-3.16471,40.0549],[-3.17023,40.04814],[-3.16541,40.03925],[-3.1655,40.0282],[-3.1608,40.02628],[-3.15048,40.01082],[-3.14257,39.98496],[-3.13188,39.98409],[-3.11282,39.98742],[-3.09624,39.98702],[-3.09904,40.00161],[-3.09843,40.00959],[-3.09574,40.01531],[-3.09669,40.01758],[-3.0945,40.01814],[-3.0923,40.0219],[-3.0897,40.0305],[-3.09251,40.03424],[-3.09932,40.05401],[-3.09659,40.06755],[-3.09504,40.06859],[-3.11227,40.06447],[-3.11819,40.06143],[-3.14068,40.06318],[-3.14961,40.06602],[-3.16084,40.06469],[-3.16158,40.06493]]]}},{"type":"Feature","properties":{"mun_code":"16216","mun_name":"Tresjuncos","mun_name_local":null,"prov_code":"16","prov_name":"Cuenca","acom_code":"08","acom_name":"Castilla-La Mancha","geo_point_2d":{"lon":-2.746184297192218,"lat":39.70272133042593}},"geometry":{"type":"Polygon","coordinates":[[[-2.80638,39.67014],[-2.79252,39.6725],[-2.75764,39.67058],[-2.74125,39.67244],[-2.70167,39.66263],[-2.69359,39.66912],[-2.68544,39.67256],[-2.68221,39.68339],[-2.68299,39.69725],[-2.6927,39.70493],[-2.69903,39.71542],[-2.72041,39.72849],[-2.72893,39.73817],[-2.73566,39.74345],[-2.74251,39.7463],[-2.75046,39.74757],[-2.77501,39.74612],[-2.78432,39.74297],[-2.7877,39.7404],[-2.79775,39.71802],[-2.79975,39.70228],[-2.79847,39.68771],[-2.80256,39.68369],[-2.80547,39.67626],[-2.80638,39.67014]]]}},{"type":"Feature","properties":{"mun_code":"16199","mun_name":"Solera de Gabaldón","mun_name_local":null,"prov_code":"16","prov_name":"Cuenca","acom_code":"08","acom_name":"Castilla-La Mancha","geo_point_2d":{"lon":-1.967872971249409,"lat":39.75159062313784}},"geometry":{"type":"Polygon","coordinates":[[[-2.02086,39.72958],[-2.0109,39.72928],[-2.00963,39.72657],[-1.99469,39.72101],[-1.99115,39.71708],[-1.98481,39.71475],[-1.96743,39.7093],[-1.95804,39.70895],[-1.95314,39.71953],[-1.94434,39.72515],[-1.92487,39.75161],[-1.91837,39.76507],[-1.92673,39.77767],[-1.94736,39.78653],[-1.95253,39.79126],[-1.95338,39.79478],[-1.96046,39.7998],[-1.96807,39.79304],[-1.96813,39.78367],[-1.97178,39.78091],[-1.97705,39.77884],[-1.9806,39.77933],[-1.98859,39.78641],[-2.00028,39.77573],[-2.00088,39.76391],[-2.0116,39.74637],[-2.02086,39.72958]]]}},{"type":"Feature","properties":{"mun_code":"16215","mun_name":"Tragacete","mun_name_local":null,"prov_code":"16","prov_name":"Cuenca","acom_code":"08","acom_name":"Castilla-La Mancha","geo_point_2d":{"lon":-1.8440723464130118,"lat":40.36251668877681}},"geometry":{"type":"Polygon","coordinates":[[[-1.79084,40.32828],[-1.78507,40.32912],[-1.78255,40.33306],[-1.77757,40.33639],[-1.78052,40.34529],[-1.7943,40.36239],[-1.80315,40.37092],[-1.821,40.38152],[-1.82337,40.38147],[-1.83188,40.38794],[-1.83453,40.3955],[-1.84255,40.40308],[-1.84685,40.402],[-1.85071,40.40273],[-1.85764,40.40055],[-1.86217,40.40167],[-1.86367,40.404],[-1.87255,40.40944],[-1.87566,40.40701],[-1.8787,40.40851],[-1.89864,40.38853],[-1.90864,40.39386],[-1.90864,40.39789],[-1.91542,40.40222],[-1.91861,40.40357],[-1.92283,40.40338],[-1.92716,40.39763],[-1.91133,40.38775],[-1.91023,40.38409],[-1.89827,40.38155],[-1.89514,40.37673],[-1.8904,40.37492],[-1.88584,40.3655],[-1.87884,40.35952],[-1.8687,40.33611],[-1.86654,40.33505],[-1.86164,40.32643],[-1.85415,40.32431],[-1.84839,40.32071],[-1.8459,40.3207],[-1.82196,40.32334],[-1.81527,40.32516],[-1.80922,40.32413],[-1.79954,40.32664],[-1.79084,40.32828]]]}},{"type":"Feature","properties":{"mun_code":"16133","mun_name":"Mota del Cuervo","mun_name_local":null,"prov_code":"16","prov_name":"Cuenca","acom_code":"08","acom_name":"Castilla-La Mancha","geo_point_2d":{"lon":-2.8693193858325334,"lat":39.45903087851371}},"geometry":{"type":"Polygon","coordinates":[[[-2.93177,39.47145],[-2.92999,39.46902],[-2.92825,39.47006],[-2.93207,39.46079],[-2.92964,39.45686],[-2.93264,39.45556],[-2.93241,39.4525],[-2.92995,39.45239],[-2.92956,39.45387],[-2.92694,39.45427],[-2.92775,39.45041],[-2.92624,39.45254],[-2.9246,39.45104],[-2.92271,39.45203],[-2.92244,39.4501],[-2.91481,39.4474],[-2.91342,39.43832],[-2.9087,39.43354],[-2.90812,39.43037],[-2.90307,39.42498],[-2.90087,39.42602],[-2.90368,39.42767],[-2.90313,39.4332],[-2.90118,39.43149],[-2.90203,39.42809],[-2.89812,39.42935],[-2.90037,39.42464],[-2.89253,39.42075],[-2.88977,39.42161],[-2.88629,39.40575],[-2.87892,39.39914],[-2.87835,39.39534],[-2.87539,39.395],[-2.87032,39.39084],[-2.87086,39.38399],[-2.87586,39.38335],[-2.88462,39.38483],[-2.88717,39.38273],[-2.88712,39.37828],[-2.8967,39.36629],[-2.89272,39.35979],[-2.8936,39.3583],[-2.89027,39.35819],[-2.88748,39.35347],[-2.88269,39.35167],[-2.88218,39.35013],[-2.86427,39.3563],[-2.85922,39.34872],[-2.86003,39.34682],[-2.8536,39.34963],[-2.84623,39.34845],[-2.83737,39.35353],[-2.83372,39.36017],[-2.82642,39.35905],[-2.82645,39.36125],[-2.81806,39.36749],[-2.81372,39.37461],[-2.81319,39.38199],[-2.80852,39.38283],[-2.80974,39.38582],[-2.80819,39.38741],[-2.80343,39.38726],[-2.79561,39.39258],[-2.79188,39.40257],[-2.79298,39.40636],[-2.79198,39.41018],[-2.80419,39.41901],[-2.80637,39.42562],[-2.81677,39.43546],[-2.81966,39.44433],[-2.81846,39.44638],[-2.82122,39.44837],[-2.82432,39.46214],[-2.82959,39.46574],[-2.83475,39.47237],[-2.83636,39.47955],[-2.83298,39.48197],[-2.8339,39.48731],[-2.83565,39.49176],[-2.84172,39.49877],[-2.83699,39.50268],[-2.83764,39.50723],[-2.83275,39.51339],[-2.8297,39.52069],[-2.83144,39.52588],[-2.83035,39.52925],[-2.83327,39.53603],[-2.83747,39.54094],[-2.85177,39.55075],[-2.87568,39.5564],[-2.90486,39.55975],[-2.91076,39.55947],[-2.92482,39.55577],[-2.92739,39.5499],[-2.92912,39.52992],[-2.93529,39.52568],[-2.93164,39.51871],[-2.93638,39.5112],[-2.93435,39.50477],[-2.9358,39.49382],[-2.93497,39.48205],[-2.93177,39.47145]]]}},{"type":"Feature","properties":{"mun_code":"16095","mun_name":"Graja de Campalbo","mun_name_local":null,"prov_code":"16","prov_name":"Cuenca","acom_code":"08","acom_name":"Castilla-La Mancha","geo_point_2d":{"lon":-1.2733826956467402,"lat":39.8961325798244}},"geometry":{"type":"Polygon","coordinates":[[[-1.31474,39.88662],[-1.27595,39.88009],[-1.27185,39.87765],[-1.26982,39.87893],[-1.26537,39.87838],[-1.25268,39.8809],[-1.2407,39.87982],[-1.23848,39.88213],[-1.23592,39.88144],[-1.23321,39.88362],[-1.23198,39.8883],[-1.23459,39.90162],[-1.23688,39.90419],[-1.24063,39.90628],[-1.24452,39.90622],[-1.24945,39.90951],[-1.25558,39.9103],[-1.25752,39.91222],[-1.2596,39.91151],[-1.27347,39.91684],[-1.29183,39.91236],[-1.3135,39.90236],[-1.31581,39.90022],[-1.31765,39.88444],[-1.31585,39.88541],[-1.31474,39.88662]]]}},{"type":"Feature","properties":{"mun_code":"16035","mun_name":"Beteta","mun_name_local":null,"prov_code":"16","prov_name":"Cuenca","acom_code":"08","acom_name":"Castilla-La Mancha","geo_point_2d":{"lon":-2.053030277567037,"lat":40.559383603152845}},"geometry":{"type":"MultiPolygon","coordinates":[[[[-1.96812,40.60858],[-1.96386,40.59913],[-1.96543,40.59259],[-1.96992,40.58958],[-1.97347,40.58978],[-1.95452,40.57226],[-1.95,40.55852],[-1.95187,40.55627],[-1.94995,40.55341],[-1.94505,40.54837],[-1.93298,40.54579],[-1.92166,40.53667],[-1.91772,40.52836],[-1.91202,40.52225],[-1.90991,40.52382],[-1.90571,40.52248],[-1.89961,40.51624],[-1.89173,40.51237],[-1.88873,40.50576],[-1.88428,40.50944],[-1.884,40.51415],[-1.88146,40.51747],[-1.88994,40.5304],[-1.89926,40.53456],[-1.89981,40.54104],[-1.90947,40.54165],[-1.90449,40.54646],[-1.90818,40.54943],[-1.90797,40.55291],[-1.91022,40.55424],[-1.90984,40.56156],[-1.91497,40.5682],[-1.91589,40.57168],[-1.91454,40.57317],[-1.91675,40.5774],[-1.91572,40.57993],[-1.91742,40.58109],[-1.91746,40.58423],[-1.92059,40.5857],[-1.92323,40.59166],[-1.92534,40.59212],[-1.9262,40.59392],[-1.92906,40.59343],[-1.9385,40.59712],[-1.94184,40.60005],[-1.95455,40.60044],[-1.96144,40.61138],[-1.96494,40.61137],[-1.96742,40.6088],[-1.96812,40.60858]]],[[[-2.13083,40.59646],[-2.12962,40.59061],[-2.13106,40.58816],[-2.1504,40.56685],[-2.1511,40.55788],[-2.15314,40.55685],[-2.15071,40.55514],[-2.15259,40.54569],[-2.14097,40.52818],[-2.13083,40.50468],[-2.12769,40.50301],[-2.1269,40.49784],[-2.12959,40.49441],[-2.12268,40.49271],[-2.11547,40.4955],[-2.11247,40.49842],[-2.09634,40.50324],[-2.09339,40.50673],[-2.08524,40.50899],[-2.08298,40.51339],[-2.07141,40.522],[-2.06723,40.52335],[-2.06343,40.52234],[-2.05491,40.52529],[-2.05261,40.52502],[-2.04376,40.53111],[-2.04733,40.5374],[-2.04938,40.56841],[-2.06132,40.57923],[-2.04812,40.59056],[-2.02056,40.59778],[-2.03125,40.59944],[-2.04432,40.60686],[-2.05745,40.61828],[-2.05752,40.62411],[-2.06879,40.62912],[-2.0769,40.62258],[-2.08008,40.60967],[-2.08913,40.59468],[-2.09518,40.59385],[-2.09685,40.59085],[-2.09918,40.59025],[-2.10366,40.59552],[-2.13083,40.59646]]],[[[-2.09181,40.64327],[-2.0912,40.64637],[-2.11012,40.65139],[-2.11121,40.65043],[-2.09553,40.64521],[-2.09181,40.64327]]]]}},{"type":"Feature","properties":{"mun_code":"16096","mun_name":"Graja de Iniesta","mun_name_local":null,"prov_code":"16","prov_name":"Cuenca","acom_code":"08","acom_name":"Castilla-La Mancha","geo_point_2d":{"lon":-1.677704481231215,"lat":39.5163724500764}},"geometry":{"type":"Polygon","coordinates":[[[-1.71557,39.54272],[-1.70867,39.51093],[-1.71308,39.50363],[-1.67735,39.49071],[-1.67206,39.48989],[-1.64133,39.49534],[-1.64545,39.49669],[-1.63904,39.53265],[-1.65161,39.5319],[-1.66016,39.53422],[-1.66831,39.53399],[-1.67517,39.53757],[-1.68542,39.54014],[-1.71183,39.54284],[-1.71557,39.54272]]]}},{"type":"Feature","properties":{"mun_code":"16166","mun_name":"Pozoamargo","mun_name_local":null,"prov_code":"16","prov_name":"Cuenca","acom_code":"08","acom_name":"Castilla-La Mancha","geo_point_2d":{"lon":-2.193923519199165,"lat":39.331700778481206}},"geometry":{"type":"Polygon","coordinates":[[[-2.25245,39.34622],[-2.229,39.33448],[-2.21032,39.32723],[-2.19565,39.30547],[-2.19722,39.30185],[-2.19419,39.30028],[-2.18388,39.27897],[-2.18036,39.27778],[-2.16847,39.2811],[-2.15192,39.27635],[-2.14871,39.2894],[-2.14952,39.30006],[-2.14348,39.30954],[-2.13853,39.32222],[-2.15512,39.33198],[-2.16941,39.32926],[-2.17872,39.34674],[-2.17691,39.35605],[-2.18455,39.35685],[-2.18988,39.36601],[-2.19092,39.37217],[-2.19478,39.37473],[-2.20438,39.37528],[-2.22742,39.38399],[-2.23178,39.3771],[-2.2399,39.37066],[-2.24298,39.36368],[-2.25916,39.35317],[-2.25985,39.35157],[-2.25253,39.34657],[-2.25245,39.34622]]]}},{"type":"Feature","properties":{"mun_code":"16030","mun_name":"Bascuñana de San Pedro","mun_name_local":null,"prov_code":"16","prov_name":"Cuenca","acom_code":"08","acom_name":"Castilla-La Mancha","geo_point_2d":{"lon":-2.224541906235084,"lat":40.20986451733289}},"geometry":{"type":"Polygon","coordinates":[[[-2.22971,40.18128],[-2.2156,40.1829],[-2.20606,40.18688],[-2.1963,40.19295],[-2.20189,40.2009],[-2.2022,40.20489],[-2.20011,40.20727],[-2.21187,40.22379],[-2.21864,40.23915],[-2.22378,40.24204],[-2.23594,40.23863],[-2.24165,40.23375],[-2.24897,40.22262],[-2.24427,40.21195],[-2.24937,40.2011],[-2.24347,40.19799],[-2.2327,40.18662],[-2.23061,40.18183],[-2.22971,40.18128]]]}},{"type":"Feature","properties":{"mun_code":"16195","mun_name":"Santa María del Campo Rus","mun_name_local":null,"prov_code":"16","prov_name":"Cuenca","acom_code":"08","acom_name":"Castilla-La Mancha","geo_point_2d":{"lon":-2.423850543823501,"lat":39.554340094837514}},"geometry":{"type":"Polygon","coordinates":[[[-2.51655,39.56286],[-2.50752,39.56478],[-2.50375,39.56132],[-2.5025,39.55534],[-2.49959,39.55241],[-2.49195,39.55449],[-2.47637,39.55312],[-2.4657,39.54167],[-2.45644,39.53723],[-2.44789,39.52942],[-2.44164,39.52038],[-2.43039,39.51109],[-2.42292,39.49512],[-2.40942,39.4899],[-2.40284,39.49537],[-2.3931,39.49676],[-2.38454,39.51445],[-2.37322,39.52034],[-2.36117,39.52436],[-2.36246,39.5389],[-2.36564,39.54075],[-2.36773,39.54865],[-2.3663,39.55422],[-2.35872,39.56185],[-2.35652,39.56949],[-2.34839,39.56901],[-2.35466,39.57245],[-2.36069,39.57926],[-2.37024,39.58398],[-2.37716,39.59089],[-2.38999,39.59687],[-2.39697,39.59392],[-2.40858,39.59667],[-2.42298,39.59608],[-2.43803,39.58761],[-2.4637,39.58736],[-2.47982,39.59178],[-2.48903,39.59761],[-2.50382,39.58744],[-2.50928,39.5721],[-2.51386,39.56482],[-2.51643,39.5639],[-2.51655,39.56286]]]}},{"type":"Feature","properties":{"mun_code":"16217","mun_name":"Tribaldos","mun_name_local":null,"prov_code":"16","prov_name":"Cuenca","acom_code":"08","acom_name":"Castilla-La Mancha","geo_point_2d":{"lon":-2.916081713903963,"lat":39.981154394442115}},"geometry":{"type":"Polygon","coordinates":[[[-2.95284,39.97197],[-2.94517,39.97399],[-2.94323,39.97157],[-2.92883,39.96611],[-2.9183,39.95884],[-2.91079,39.95576],[-2.90234,39.95809],[-2.90156,39.95665],[-2.89574,39.9605],[-2.89501,39.95941],[-2.89359,39.96087],[-2.88246,39.96315],[-2.89142,39.96453],[-2.89117,39.96683],[-2.88797,39.96863],[-2.89003,39.97116],[-2.88951,39.97266],[-2.88337,39.97488],[-2.88371,39.9785],[-2.88726,39.98071],[-2.88727,39.98364],[-2.88906,39.98429],[-2.8921,39.99598],[-2.89395,39.99766],[-2.90141,39.99762],[-2.90926,40.00224],[-2.91535,40.00114],[-2.92043,40.01331],[-2.92574,40.0087],[-2.93039,40.00078],[-2.94272,39.99282],[-2.95188,39.97946],[-2.95186,39.97563],[-2.95284,39.97197]]]}},{"type":"Feature","properties":{"mun_code":"16033","mun_name":"Belmonte","mun_name_local":null,"prov_code":"16","prov_name":"Cuenca","acom_code":"08","acom_name":"Castilla-La Mancha","geo_point_2d":{"lon":-2.703139367277709,"lat":39.56535884022953}},"geometry":{"type":"Polygon","coordinates":[[[-2.7545,39.51583],[-2.71614,39.51015],[-2.69932,39.50998],[-2.67484,39.51248],[-2.65465,39.51721],[-2.65099,39.52058],[-2.64645,39.53346],[-2.63152,39.55862],[-2.6388,39.56388],[-2.64616,39.56468],[-2.65223,39.5677],[-2.66551,39.57622],[-2.67179,39.57769],[-2.68044,39.57738],[-2.6909,39.58109],[-2.71045,39.59242],[-2.71892,39.60353],[-2.71379,39.61153],[-2.71495,39.61274],[-2.71305,39.61319],[-2.707,39.62005],[-2.70318,39.62662],[-2.69457,39.62949],[-2.68282,39.63875],[-2.67527,39.65335],[-2.67281,39.66025],[-2.68544,39.67256],[-2.69359,39.66912],[-2.70185,39.66247],[-2.71086,39.64496],[-2.71857,39.61865],[-2.74754,39.61193],[-2.75223,39.60758],[-2.75446,39.60204],[-2.75435,39.59639],[-2.74377,39.58859],[-2.7428,39.58475],[-2.7464,39.57306],[-2.74358,39.56415],[-2.74429,39.55327],[-2.75003,39.55028],[-2.75592,39.54951],[-2.759,39.54397],[-2.75996,39.52918],[-2.75469,39.51646],[-2.7545,39.51583]]]}},{"type":"Feature","properties":{"mun_code":"16165","mun_name":"Poyatos","mun_name_local":null,"prov_code":"16","prov_name":"Cuenca","acom_code":"08","acom_name":"Castilla-La Mancha","geo_point_2d":{"lon":-2.047873486502147,"lat":40.42671595097532}},"geometry":{"type":"Polygon","coordinates":[[[-2.03074,40.45252],[-2.03441,40.45608],[-2.03878,40.45778],[-2.05408,40.46067],[-2.06231,40.46402],[-2.07212,40.46403],[-2.07912,40.46246],[-2.08402,40.45882],[-2.08781,40.44648],[-2.09388,40.43889],[-2.09574,40.43021],[-2.09229,40.42949],[-2.09123,40.42576],[-2.08597,40.42354],[-2.08483,40.41859],[-2.08707,40.41915],[-2.06918,40.40431],[-2.06682,40.39629],[-2.06298,40.39299],[-2.01033,40.3948],[-2.00987,40.39842],[-2.00514,40.40087],[-1.99655,40.41736],[-1.99697,40.41907],[-2.00017,40.42284],[-2.01237,40.43049],[-2.0119,40.43342],[-2.01921,40.44255],[-2.03074,40.45233],[-2.03074,40.45252]]]}},{"type":"Feature","properties":{"mun_code":"16070","mun_name":"Castillejo-Sierra","mun_name_local":null,"prov_code":"16","prov_name":"Cuenca","acom_code":"08","acom_name":"Castilla-La Mancha","geo_point_2d":{"lon":-2.104984424831778,"lat":40.3796580545313}},"geometry":{"type":"Polygon","coordinates":[[[-2.16993,40.37513],[-2.15341,40.35582],[-2.1439,40.35591],[-2.13909,40.35284],[-2.13687,40.35284],[-2.12594,40.3611],[-2.10622,40.36774],[-2.10168,40.36757],[-2.08914,40.37048],[-2.0846,40.37428],[-2.0773,40.37565],[-2.06497,40.37436],[-2.05846,40.36669],[-2.04294,40.36629],[-2.04171,40.36717],[-2.04204,40.37535],[-2.04896,40.37995],[-2.05603,40.39172],[-2.06344,40.39151],[-2.07328,40.40104],[-2.07894,40.40297],[-2.08226,40.40639],[-2.08486,40.407],[-2.08708,40.40589],[-2.10087,40.40609],[-2.10464,40.40343],[-2.10672,40.39827],[-2.11186,40.39472],[-2.12093,40.39231],[-2.14246,40.38166],[-2.15934,40.37694],[-2.16249,40.37795],[-2.16932,40.3756],[-2.16993,40.37513]]]}},{"type":"Feature","properties":{"mun_code":"16194","mun_name":"Santa Cruz de Moya","mun_name_local":null,"prov_code":"16","prov_name":"Cuenca","acom_code":"08","acom_name":"Castilla-La Mancha","geo_point_2d":{"lon":-1.2251240289531888,"lat":39.94920751199396}},"geometry":{"type":"Polygon","coordinates":[[[-1.29806,39.95546],[-1.28806,39.9457],[-1.28464,39.94533],[-1.27975,39.94142],[-1.28052,39.93947],[-1.27774,39.9295],[-1.27891,39.92775],[-1.27347,39.91684],[-1.2596,39.91151],[-1.25752,39.91222],[-1.25558,39.9103],[-1.24945,39.90951],[-1.24366,39.90592],[-1.24003,39.9061],[-1.23537,39.90293],[-1.23229,39.88592],[-1.23592,39.88144],[-1.23848,39.88213],[-1.2407,39.87982],[-1.24023,39.87745],[-1.23359,39.87065],[-1.2301,39.86397],[-1.21382,39.8531],[-1.20684,39.84605],[-1.20004,39.85871],[-1.20073,39.87083],[-1.19786,39.87287],[-1.20024,39.87335],[-1.20027,39.89099],[-1.19816,39.90916],[-1.19576,39.91406],[-1.19863,39.91617],[-1.19656,39.91771],[-1.19958,39.91946],[-1.2006,39.92346],[-1.20908,39.92842],[-1.2068,39.93238],[-1.2094,39.93242],[-1.21002,39.93396],[-1.20726,39.93729],[-1.20832,39.94391],[-1.20412,39.94937],[-1.15295,39.96414],[-1.14255,39.97195],[-1.14735,39.9886],[-1.16332,39.99982],[-1.16519,40.0101],[-1.17358,40.01071],[-1.17981,40.00637],[-1.18513,40.00548],[-1.19175,40.00153],[-1.19955,40.00345],[-1.21662,40.00156],[-1.24806,39.99506],[-1.25867,39.99677],[-1.27674,40.00374],[-1.2774,40.00221],[-1.27434,40.0002],[-1.27814,39.99536],[-1.27651,39.9886],[-1.2899,39.97866],[-1.29742,39.96843],[-1.30106,39.96084],[-1.29888,39.957],[-1.29806,39.95546]]]}},{"type":"Feature","properties":{"mun_code":"16142","mun_name":"Olmedilla de Alarcón","mun_name_local":null,"prov_code":"16","prov_name":"Cuenca","acom_code":"08","acom_name":"Castilla-La Mancha","geo_point_2d":{"lon":-2.1094351709804755,"lat":39.618765350056115}},"geometry":{"type":"Polygon","coordinates":[[[-2.17143,39.6032],[-2.16814,39.60386],[-2.16515,39.60031],[-2.16196,39.60122],[-2.15672,39.59698],[-2.14768,39.59754],[-2.1401,39.59386],[-2.13693,39.58932],[-2.12983,39.59026],[-2.12558,39.58716],[-2.11966,39.58961],[-2.11979,39.59362],[-2.11107,39.59087],[-2.10385,39.59767],[-2.0952,39.5965],[-2.07052,39.6011],[-2.0691,39.60712],[-2.06988,39.61427],[-2.06598,39.63323],[-2.06687,39.63947],[-2.07997,39.64134],[-2.1016,39.66467],[-2.10674,39.66181],[-2.10909,39.6562],[-2.11131,39.64162],[-2.11377,39.63753],[-2.12194,39.63549],[-2.13101,39.62887],[-2.13183,39.62477],[-2.13596,39.62559],[-2.14092,39.62144],[-2.15739,39.61535],[-2.15926,39.61301],[-2.17014,39.6103],[-2.17026,39.60887],[-2.17143,39.6032]]]}},{"type":"Feature","properties":{"mun_code":"16094","mun_name":"Gascueña","mun_name_local":null,"prov_code":"16","prov_name":"Cuenca","acom_code":"08","acom_name":"Castilla-La Mancha","geo_point_2d":{"lon":-2.5343836074461765,"lat":40.297245551930345}},"geometry":{"type":"Polygon","coordinates":[[[-2.59133,40.25474],[-2.58312,40.24877],[-2.55718,40.26691],[-2.54532,40.26955],[-2.54154,40.27412],[-2.53907,40.2747],[-2.49878,40.26597],[-2.48853,40.27105],[-2.48481,40.27456],[-2.48173,40.28113],[-2.48443,40.2837],[-2.50186,40.31957],[-2.50092,40.33504],[-2.51878,40.34635],[-2.51734,40.34188],[-2.51936,40.33969],[-2.52737,40.3393],[-2.53418,40.33431],[-2.54662,40.33126],[-2.55579,40.32559],[-2.56709,40.32102],[-2.57924,40.30359],[-2.58249,40.30061],[-2.58464,40.30037],[-2.56869,40.2909],[-2.57576,40.28029],[-2.57644,40.27379],[-2.58924,40.25773],[-2.59133,40.25474]]]}},{"type":"Feature","properties":{"mun_code":"16001","mun_name":"Abia de la Obispalía","mun_name_local":null,"prov_code":"16","prov_name":"Cuenca","acom_code":"08","acom_name":"Castilla-La Mancha","geo_point_2d":{"lon":-2.3840338133514334,"lat":40.03740919099943}},"geometry":{"type":"Polygon","coordinates":[[[-2.44172,40.01174],[-2.4264,39.99968],[-2.36332,39.98871],[-2.36019,40.01031],[-2.35435,40.01433],[-2.35449,40.01867],[-2.35088,40.02512],[-2.34911,40.02539],[-2.35515,40.03161],[-2.35185,40.03649],[-2.34455,40.0409],[-2.34479,40.04954],[-2.33878,40.06084],[-2.32932,40.06597],[-2.32643,40.06913],[-2.32684,40.07578],[-2.33536,40.08073],[-2.33841,40.08562],[-2.35194,40.08702],[-2.35367,40.08943],[-2.3717,40.09615],[-2.38018,40.08605],[-2.37607,40.08097],[-2.3788,40.07907],[-2.38007,40.07432],[-2.38692,40.07083],[-2.38589,40.07036],[-2.38977,40.06804],[-2.39123,40.06462],[-2.39433,40.06346],[-2.39815,40.06392],[-2.40168,40.06154],[-2.404,40.04754],[-2.41558,40.04211],[-2.44865,40.03575],[-2.44475,40.02258],[-2.44172,40.01174]]]}},{"type":"Feature","properties":{"mun_code":"16240","mun_name":"Vellisca","mun_name_local":null,"prov_code":"16","prov_name":"Cuenca","acom_code":"08","acom_name":"Castilla-La Mancha","geo_point_2d":{"lon":-2.8015536319400316,"lat":40.122277417804625}},"geometry":{"type":"Polygon","coordinates":[[[-2.83877,40.11732],[-2.83821,40.10898],[-2.83991,40.10613],[-2.83849,40.10112],[-2.84217,40.09444],[-2.84081,40.08832],[-2.83821,40.0874],[-2.79249,40.09289],[-2.78909,40.09426],[-2.78447,40.09441],[-2.78014,40.09163],[-2.76392,40.09935],[-2.75592,40.11078],[-2.76745,40.13244],[-2.76687,40.14397],[-2.77348,40.14354],[-2.78127,40.14757],[-2.7838,40.15245],[-2.78664,40.15421],[-2.78937,40.15391],[-2.79832,40.16167],[-2.81224,40.16112],[-2.82567,40.16303],[-2.82721,40.16223],[-2.82539,40.15743],[-2.82846,40.15283],[-2.82698,40.15049],[-2.82937,40.14796],[-2.82852,40.14187],[-2.8313,40.13664],[-2.83442,40.12112],[-2.83796,40.12012],[-2.83844,40.11802],[-2.83877,40.11732]]]}},{"type":"Feature","properties":{"mun_code":"16130","mun_name":"Montalbo","mun_name_local":null,"prov_code":"16","prov_name":"Cuenca","acom_code":"08","acom_name":"Castilla-La Mancha","geo_point_2d":{"lon":-2.656308988626814,"lat":39.86469862103206}},"geometry":{"type":"Polygon","coordinates":[[[-2.72589,39.88454],[-2.72004,39.88195],[-2.70345,39.87835],[-2.69489,39.86984],[-2.69464,39.86759],[-2.68769,39.86216],[-2.68339,39.85424],[-2.68585,39.84336],[-2.69884,39.82407],[-2.69469,39.8123],[-2.67901,39.81643],[-2.66561,39.81135],[-2.66108,39.81078],[-2.6553,39.81224],[-2.6339,39.81854],[-2.61801,39.8323],[-2.60777,39.85152],[-2.60897,39.85826],[-2.60591,39.86192],[-2.6184,39.89226],[-2.61965,39.89875],[-2.61785,39.91177],[-2.62116,39.91432],[-2.63522,39.91426],[-2.64519,39.90969],[-2.66997,39.91134],[-2.67955,39.91009],[-2.68473,39.90747],[-2.69245,39.89961],[-2.69931,39.89718],[-2.6996,39.89601],[-2.70439,39.89628],[-2.71106,39.89387],[-2.72244,39.88809],[-2.72555,39.88518],[-2.72589,39.88454]]]}},{"type":"Feature","properties":{"mun_code":"16005","mun_name":"Albalate de las Nogueras","mun_name_local":null,"prov_code":"16","prov_name":"Cuenca","acom_code":"08","acom_name":"Castilla-La Mancha","geo_point_2d":{"lon":-2.2843702861873476,"lat":40.36430136567064}},"geometry":{"type":"Polygon","coordinates":[[[-2.33709,40.36649],[-2.33529,40.36084],[-2.33452,40.34598],[-2.32986,40.3374],[-2.31057,40.34065],[-2.2556,40.33898],[-2.23374,40.36606],[-2.25771,40.39479],[-2.26982,40.40261],[-2.27242,40.40268],[-2.27212,40.40034],[-2.30525,40.38017],[-2.32833,40.37024],[-2.33709,40.36649]]]}},{"type":"Feature","properties":{"mun_code":"16158","mun_name":"El Picazo","mun_name_local":null,"prov_code":"16","prov_name":"Cuenca","acom_code":"08","acom_name":"Castilla-La Mancha","geo_point_2d":{"lon":-2.1033168564368383,"lat":39.44568042857321}},"geometry":{"type":"Polygon","coordinates":[[[-2.14912,39.45168],[-2.13447,39.44805],[-2.13261,39.44622],[-2.11759,39.42364],[-2.11888,39.41123],[-2.11295,39.41027],[-2.10447,39.40601],[-2.09432,39.40383],[-2.09628,39.40745],[-2.09134,39.41782],[-2.09598,39.42181],[-2.09626,39.42361],[-2.08842,39.43461],[-2.08446,39.44955],[-2.08627,39.46514],[-2.0837,39.46075],[-2.07693,39.45656],[-2.05952,39.46294],[-2.06794,39.46942],[-2.06947,39.47321],[-2.07211,39.47346],[-2.07633,39.47726],[-2.0693,39.48273],[-2.06677,39.48329],[-2.07,39.48315],[-2.08711,39.47509],[-2.11791,39.46341],[-2.14912,39.45168]]]}},{"type":"Feature","properties":{"mun_code":"16204","mun_name":"Tébar","mun_name_local":null,"prov_code":"16","prov_name":"Cuenca","acom_code":"08","acom_name":"Castilla-La Mancha","geo_point_2d":{"lon":-2.154034811664611,"lat":39.50304849694351}},"geometry":{"type":"Polygon","coordinates":[[[-2.22987,39.47675],[-2.20711,39.46826],[-2.18054,39.46111],[-2.17332,39.4607],[-2.1689,39.46217],[-2.16202,39.46147],[-2.16034,39.45811],[-2.14912,39.45168],[-2.08711,39.47509],[-2.07,39.48315],[-2.06577,39.4834],[-2.05821,39.49042],[-2.06625,39.50012],[-2.08885,39.50082],[-2.09685,39.50531],[-2.10156,39.50388],[-2.10701,39.50503],[-2.13967,39.53758],[-2.13405,39.55383],[-2.12654,39.56167],[-2.12324,39.5761],[-2.12364,39.58145],[-2.16856,39.55905],[-2.16905,39.55627],[-2.18043,39.55235],[-2.18709,39.53618],[-2.19582,39.53506],[-2.19832,39.53678],[-2.19901,39.53282],[-2.2055,39.52671],[-2.21528,39.50355],[-2.21771,39.5009],[-2.22429,39.49821],[-2.23095,39.49113],[-2.23138,39.4823],[-2.22987,39.47675]]]}},{"type":"Feature","properties":{"mun_code":"16052","mun_name":"Cañete","mun_name_local":null,"prov_code":"16","prov_name":"Cuenca","acom_code":"08","acom_name":"Castilla-La Mancha","geo_point_2d":{"lon":-1.66607463408475,"lat":40.03615712620258}},"geometry":{"type":"Polygon","coordinates":[[[-1.72786,39.99308],[-1.69923,39.98153],[-1.67283,39.97683],[-1.66529,39.98075],[-1.66416,39.98262],[-1.66636,39.98679],[-1.65239,39.99512],[-1.64315,40.00765],[-1.63352,40.01195],[-1.62327,40.01253],[-1.62396,40.01463],[-1.62642,40.01504],[-1.63093,40.01959],[-1.62706,40.02847],[-1.62705,40.03215],[-1.62092,40.03737],[-1.61924,40.04091],[-1.61994,40.04465],[-1.61763,40.04892],[-1.61331,40.04926],[-1.61527,40.05351],[-1.61047,40.05947],[-1.61069,40.06275],[-1.60591,40.0687],[-1.59914,40.07385],[-1.59477,40.08093],[-1.5875,40.08598],[-1.59182,40.08932],[-1.59266,40.0925],[-1.59045,40.09269],[-1.59344,40.09448],[-1.58976,40.09596],[-1.6038,40.09819],[-1.61924,40.09544],[-1.62122,40.09269],[-1.62835,40.09079],[-1.63484,40.08613],[-1.64329,40.08409],[-1.64514,40.0819],[-1.6482,40.08316],[-1.65077,40.07984],[-1.6652,40.07776],[-1.6713,40.07086],[-1.68459,40.06917],[-1.68752,40.06488],[-1.70199,40.06542],[-1.70766,40.05649],[-1.71102,40.05385],[-1.72784,40.02403],[-1.72911,40.01569],[-1.72813,40.00013],[-1.72786,39.99308]]]}},{"type":"Feature","properties":{"mun_code":"16263","mun_name":"Villar de Olalla","mun_name_local":null,"prov_code":"16","prov_name":"Cuenca","acom_code":"08","acom_name":"Castilla-La Mancha","geo_point_2d":{"lon":-2.2622801061773945,"lat":39.993551221405}},"geometry":{"type":"Polygon","coordinates":[[[-2.43377,39.98553],[-2.43185,39.98342],[-2.41496,39.97618],[-2.40147,39.96302],[-2.38989,39.94561],[-2.37821,39.96235],[-2.37495,39.96185],[-2.37346,39.96011],[-2.36047,39.96929],[-2.35909,39.97335],[-2.36032,39.97826],[-2.35845,39.98088],[-2.35202,39.9769],[-2.34924,39.97124],[-2.34372,39.96656],[-2.33344,39.96309],[-2.32299,39.95603],[-2.32225,39.9543],[-2.31034,39.95371],[-2.30622,39.95471],[-2.29942,39.96391],[-2.29287,39.96178],[-2.27875,39.9519],[-2.26795,39.94858],[-2.26578,39.94892],[-2.26661,39.95093],[-2.25917,39.95076],[-2.24717,39.95329],[-2.24143,39.95319],[-2.23168,39.95854],[-2.20595,39.96515],[-2.20152,39.96372],[-2.19439,39.95435],[-2.18668,39.94898],[-2.17896,39.95152],[-2.1717,39.9517],[-2.17064,39.95077],[-2.16853,39.95149],[-2.16949,39.95361],[-2.16611,39.95342],[-2.15695,39.96057],[-2.15811,39.96281],[-2.16245,39.96474],[-2.16247,39.96738],[-2.17009,39.97767],[-2.1597,39.98254],[-2.1449,39.99443],[-2.14313,40.00042],[-2.14357,40.00682],[-2.14077,40.0149],[-2.1376,40.01872],[-2.14967,40.01913],[-2.15251,40.02075],[-2.15475,40.01772],[-2.15931,40.02089],[-2.16015,40.02534],[-2.16334,40.02607],[-2.16108,40.02718],[-2.16096,40.03366],[-2.16279,40.03395],[-2.15842,40.03916],[-2.15674,40.03909],[-2.16864,40.04998],[-2.16995,40.05352],[-2.17417,40.05542],[-2.18512,40.06574],[-2.18722,40.0629],[-2.1938,40.06251],[-2.19566,40.06069],[-2.19693,40.05334],[-2.19922,40.05361],[-2.19795,40.04993],[-2.20463,40.04835],[-2.20549,40.03984],[-2.20783,40.03794],[-2.21269,40.04084],[-2.21375,40.04469],[-2.21678,40.04316],[-2.22856,40.04359],[-2.23084,40.04229],[-2.23572,40.0319],[-2.24077,40.02724],[-2.23939,40.02193],[-2.24069,40.0181],[-2.23811,40.01235],[-2.24008,40.01185],[-2.24495,40.01473],[-2.24653,40.0138],[-2.24552,40.00972],[-2.2409,40.00812],[-2.24366,40.00453],[-2.24557,40.00586],[-2.25092,40.00514],[-2.2518,40.00198],[-2.26693,40.01132],[-2.28365,40.00769],[-2.2883,40.01228],[-2.29315,40.0132],[-2.30152,40.01807],[-2.31716,40.02127],[-2.32852,40.02086],[-2.34812,40.02601],[-2.35088,40.02512],[-2.35449,40.01867],[-2.35435,40.01433],[-2.36019,40.01031],[-2.36332,39.98871],[-2.4264,39.99968],[-2.42908,39.99126],[-2.43085,39.99074],[-2.43321,39.98645],[-2.43377,39.98553]]]}},{"type":"Feature","properties":{"mun_code":"16011","mun_name":"Alcohujate","mun_name_local":null,"prov_code":"16","prov_name":"Cuenca","acom_code":"08","acom_name":"Castilla-La Mancha","geo_point_2d":{"lon":-2.6015862018082774,"lat":40.42369048624539}},"geometry":{"type":"Polygon","coordinates":[[[-2.61082,40.44626],[-2.61943,40.44087],[-2.6246,40.43932],[-2.63137,40.4317],[-2.64446,40.42496],[-2.65195,40.41538],[-2.57997,40.39382],[-2.58029,40.39709],[-2.57716,40.40452],[-2.5829,40.40796],[-2.55642,40.43481],[-2.56099,40.43929],[-2.56513,40.43805],[-2.56785,40.43884],[-2.56896,40.44321],[-2.57599,40.44567],[-2.58009,40.44492],[-2.58624,40.45026],[-2.59171,40.44976],[-2.59333,40.44513],[-2.59956,40.44337],[-2.60594,40.44677],[-2.60912,40.44679],[-2.61082,40.44626]]]}},{"type":"Feature","properties":{"mun_code":"16074","mun_name":"La Cierva","mun_name_local":null,"prov_code":"16","prov_name":"Cuenca","acom_code":"08","acom_name":"Castilla-La Mancha","geo_point_2d":{"lon":-1.8691401050430176,"lat":40.06182838889437}},"geometry":{"type":"Polygon","coordinates":[[[-1.90608,40.02381],[-1.8959,40.02376],[-1.89241,40.02561],[-1.88597,40.02367],[-1.88111,40.02451],[-1.86798,40.0237],[-1.85129,40.01761],[-1.84372,40.02039],[-1.83221,40.0168],[-1.82577,40.01649],[-1.82456,40.01198],[-1.82354,40.0144],[-1.82012,40.01564],[-1.8177,40.0199],[-1.82243,40.02819],[-1.82072,40.02993],[-1.82616,40.03227],[-1.8285,40.03549],[-1.82504,40.04154],[-1.82694,40.04421],[-1.82681,40.04675],[-1.82486,40.04798],[-1.82602,40.05264],[-1.82255,40.05426],[-1.82473,40.05532],[-1.82487,40.05949],[-1.81899,40.08549],[-1.82053,40.09892],[-1.85576,40.10058],[-1.87338,40.10609],[-1.88805,40.10685],[-1.89505,40.10411],[-1.91427,40.09137],[-1.92057,40.07971],[-1.91804,40.07391],[-1.91137,40.07109],[-1.91047,40.06763],[-1.91329,40.06439],[-1.91366,40.06106],[-1.92549,40.05169],[-1.92951,40.04649],[-1.92788,40.04338],[-1.92284,40.04031],[-1.91956,40.03477],[-1.91395,40.03222],[-1.91015,40.03462],[-1.90693,40.03398],[-1.90812,40.03039],[-1.90641,40.02506],[-1.90608,40.02381]]]}},{"type":"Feature","properties":{"mun_code":"16237","mun_name":"Valverdejo","mun_name_local":null,"prov_code":"16","prov_name":"Cuenca","acom_code":"08","acom_name":"Castilla-La Mancha","geo_point_2d":{"lon":-2.0308589653548297,"lat":39.622709905224895}},"geometry":{"type":"Polygon","coordinates":[[[-2.06914,39.6081],[-2.05912,39.60618],[-2.04802,39.60192],[-2.03427,39.58942],[-2.02633,39.58408],[-2.01278,39.59238],[-2.00449,39.60164],[-2.00002,39.6039],[-2.00006,39.61765],[-2.00366,39.63229],[-2.01235,39.64272],[-2.00802,39.65406],[-2.00773,39.6618],[-2.00479,39.67003],[-2.02232,39.66017],[-2.02774,39.65841],[-2.03186,39.65069],[-2.0351,39.65159],[-2.03995,39.64487],[-2.03907,39.64152],[-2.04581,39.63883],[-2.06687,39.63947],[-2.06598,39.63323],[-2.06988,39.61427],[-2.06954,39.60916],[-2.06914,39.6081]]]}},{"type":"Feature","properties":{"mun_code":"16910","mun_name":"Villar y Velasco","mun_name_local":null,"prov_code":"16","prov_name":"Cuenca","acom_code":"08","acom_name":"Castilla-La Mancha","geo_point_2d":{"lon":-2.4092842448263414,"lat":40.1397676744328}},"geometry":{"type":"Polygon","coordinates":[[[-2.46039,40.16929],[-2.45927,40.12935],[-2.45257,40.12546],[-2.44815,40.11496],[-2.44528,40.11324],[-2.43563,40.11006],[-2.42337,40.10915],[-2.42077,40.11014],[-2.41383,40.10035],[-2.41228,40.10142],[-2.40613,40.10157],[-2.37333,40.09404],[-2.37148,40.097],[-2.3718,40.10271],[-2.36828,40.10684],[-2.35722,40.11132],[-2.34523,40.11248],[-2.34519,40.11565],[-2.3492,40.11709],[-2.35611,40.1238],[-2.36751,40.12694],[-2.37092,40.13226],[-2.3718,40.13886],[-2.37544,40.14527],[-2.37603,40.15196],[-2.37599,40.1597],[-2.37195,40.16691],[-2.37479,40.17665],[-2.3936,40.18199],[-2.40031,40.18645],[-2.40976,40.17984],[-2.45596,40.17014],[-2.46039,40.16929]]]}},{"type":"Feature","properties":{"mun_code":"16275","mun_name":"Vindel","mun_name_local":null,"prov_code":"16","prov_name":"Cuenca","acom_code":"08","acom_name":"Castilla-La Mancha","geo_point_2d":{"lon":-2.3846468468233546,"lat":40.58292497748605}},"geometry":{"type":"Polygon","coordinates":[[[-2.41628,40.58842],[-2.4173,40.58388],[-2.41618,40.58003],[-2.40663,40.57356],[-2.40054,40.56586],[-2.39346,40.56396],[-2.3897,40.55625],[-2.38321,40.55362],[-2.3814,40.54766],[-2.37452,40.54782],[-2.36609,40.55662],[-2.35973,40.56081],[-2.35859,40.5636],[-2.3595,40.56886],[-2.35288,40.57521],[-2.35985,40.58064],[-2.35406,40.58916],[-2.35503,40.59346],[-2.36714,40.60125],[-2.37257,40.60716],[-2.38081,40.60726],[-2.39873,40.61377],[-2.41245,40.60212],[-2.41607,40.59351],[-2.41628,40.58901],[-2.41628,40.58842]]]}},{"type":"Feature","properties":{"mun_code":"16048","mun_name":"Cañamares","mun_name_local":null,"prov_code":"16","prov_name":"Cuenca","acom_code":"08","acom_name":"Castilla-La Mancha","geo_point_2d":{"lon":-2.240653476048071,"lat":40.44109361234663}},"geometry":{"type":"Polygon","coordinates":[[[-2.27809,40.42564],[-2.27634,40.41725],[-2.27049,40.40673],[-2.27242,40.40268],[-2.26982,40.40261],[-2.25892,40.39589],[-2.2205,40.41934],[-2.21428,40.42064],[-2.20481,40.42823],[-2.19324,40.4329],[-2.22225,40.47591],[-2.23143,40.47572],[-2.23298,40.47707],[-2.24733,40.48046],[-2.25194,40.48635],[-2.25561,40.48792],[-2.26069,40.48614],[-2.26675,40.46178],[-2.26405,40.44812],[-2.26044,40.44722],[-2.26009,40.44413],[-2.27138,40.43136],[-2.27498,40.43105],[-2.27794,40.42781],[-2.27809,40.42564]]]}},{"type":"Feature","properties":{"mun_code":"16079","mun_name":"Cueva del Hierro","mun_name_local":null,"prov_code":"16","prov_name":"Cuenca","acom_code":"08","acom_name":"Castilla-La Mancha","geo_point_2d":{"lon":-2.005546543488083,"lat":40.5752985565884}},"geometry":{"type":"Polygon","coordinates":[[[-2.04897,40.55938],[-2.04535,40.56122],[-2.04202,40.5664],[-2.03713,40.56645],[-2.02899,40.56574],[-2.01425,40.55842],[-1.9993,40.55572],[-1.97006,40.55946],[-1.95436,40.55861],[-1.95105,40.55733],[-1.95,40.55852],[-1.95452,40.57226],[-1.97347,40.58978],[-1.98553,40.58543],[-1.99237,40.58941],[-2.001,40.5916],[-2.00557,40.59142],[-2.02056,40.59778],[-2.04812,40.59056],[-2.06132,40.57923],[-2.04938,40.56841],[-2.04897,40.55938]]]}},{"type":"Feature","properties":{"mun_code":"16119","mun_name":"Leganiel","mun_name_local":null,"prov_code":"16","prov_name":"Cuenca","acom_code":"08","acom_name":"Castilla-La Mancha","geo_point_2d":{"lon":-2.976968200637017,"lat":40.16349039923911}},"geometry":{"type":"Polygon","coordinates":[[[-3.01977,40.19318],[-3.0212,40.18435],[-3.01811,40.1762],[-3.01226,40.17397],[-3.01316,40.16868],[-3.01596,40.16456],[-3.01444,40.15524],[-3.01652,40.15246],[-3.00556,40.13872],[-3.00641,40.13369],[-3.00418,40.13128],[-2.99764,40.1299],[-2.98414,40.12979],[-2.96911,40.13496],[-2.96835,40.13821],[-2.96377,40.13997],[-2.95249,40.13899],[-2.95029,40.13681],[-2.94609,40.13848],[-2.94109,40.13709],[-2.92239,40.14325],[-2.91989,40.1431],[-2.91739,40.14564],[-2.91462,40.14518],[-2.91138,40.14939],[-2.9138,40.15609],[-2.9204,40.15991],[-2.93482,40.16332],[-2.94698,40.16961],[-2.94846,40.17268],[-2.95948,40.18302],[-2.96612,40.1852],[-2.98112,40.19398],[-2.98883,40.20109],[-2.9882,40.20265],[-2.99819,40.20908],[-3.00615,40.2085],[-3.00826,40.19986],[-3.01647,40.19294],[-3.01851,40.19286],[-3.01977,40.19318]]]}},{"type":"Feature","properties":{"mun_code":"16254","mun_name":"Villar de Domingo García","mun_name_local":null,"prov_code":"16","prov_name":"Cuenca","acom_code":"08","acom_name":"Castilla-La Mancha","geo_point_2d":{"lon":-2.27784375950973,"lat":40.22440155691568}},"geometry":{"type":"Polygon","coordinates":[[[-2.32539,40.27542],[-2.32566,40.26506],[-2.32718,40.26509],[-2.33668,40.25102],[-2.33926,40.25054],[-2.34062,40.24366],[-2.31684,40.22197],[-2.30986,40.21835],[-2.31537,40.2127],[-2.31483,40.20764],[-2.32066,40.20484],[-2.31094,40.19404],[-2.30998,40.18637],[-2.30639,40.18536],[-2.30153,40.1873],[-2.2917,40.19538],[-2.28788,40.19148],[-2.27977,40.1877],[-2.27651,40.18319],[-2.27222,40.18295],[-2.26442,40.17503],[-2.26055,40.14957],[-2.25328,40.1443],[-2.24182,40.14799],[-2.24082,40.15912],[-2.24254,40.16682],[-2.23553,40.17147],[-2.2336,40.17697],[-2.22922,40.18046],[-2.2327,40.18662],[-2.24347,40.19799],[-2.24937,40.2011],[-2.24427,40.21195],[-2.24897,40.22262],[-2.24165,40.23375],[-2.23594,40.23863],[-2.22378,40.24204],[-2.22812,40.25718],[-2.23655,40.26995],[-2.26571,40.26485],[-2.29936,40.27451],[-2.30856,40.27237],[-2.32539,40.27542]]]}},{"type":"Feature","properties":{"mun_code":"16259","mun_name":"Villar del Infantado","mun_name_local":null,"prov_code":"16","prov_name":"Cuenca","acom_code":"08","acom_name":"Castilla-La Mancha","geo_point_2d":{"lon":-2.485797896079682,"lat":40.443493217082995}},"geometry":{"type":"Polygon","coordinates":[[[-2.51981,40.42342],[-2.5146,40.41774],[-2.50865,40.41892],[-2.5034,40.41721],[-2.49729,40.41791],[-2.4921,40.42228],[-2.48494,40.42217],[-2.48122,40.42012],[-2.47408,40.42047],[-2.47137,40.42482],[-2.46677,40.42723],[-2.46711,40.43184],[-2.46525,40.43511],[-2.45665,40.43964],[-2.45472,40.43819],[-2.44852,40.43813],[-2.44507,40.45024],[-2.4649,40.4561],[-2.46986,40.45986],[-2.47286,40.46041],[-2.47643,40.46394],[-2.49764,40.46716],[-2.51028,40.47229],[-2.51507,40.46594],[-2.51414,40.46141],[-2.51622,40.46004],[-2.51111,40.45836],[-2.50453,40.44865],[-2.50644,40.44426],[-2.50659,40.43794],[-2.5105,40.42887],[-2.51401,40.42495],[-2.51872,40.42363],[-2.51981,40.42342]]]}},{"type":"Feature","properties":{"mun_code":"16088","mun_name":"Fuentelespino de Moya","mun_name_local":null,"prov_code":"16","prov_name":"Cuenca","acom_code":"08","acom_name":"Castilla-La Mancha","geo_point_2d":{"lon":-1.4668562041021525,"lat":39.929061255799795}},"geometry":{"type":"Polygon","coordinates":[[[-1.53144,39.93013],[-1.52488,39.92358],[-1.52018,39.91309],[-1.51092,39.90694],[-1.51161,39.90252],[-1.49934,39.89453],[-1.48495,39.8931],[-1.46823,39.89421],[-1.42704,39.89196],[-1.4187,39.89504],[-1.41956,39.89854],[-1.41514,39.89886],[-1.4098,39.90629],[-1.41,39.91378],[-1.41579,39.91391],[-1.41688,39.92282],[-1.41524,39.92488],[-1.41977,39.9329],[-1.42166,39.94101],[-1.42647,39.9466],[-1.43019,39.95586],[-1.4305,39.96074],[-1.43745,39.96248],[-1.44107,39.96552],[-1.4528,39.96581],[-1.47008,39.97511],[-1.47483,39.98055],[-1.47816,39.98216],[-1.48861,39.98143],[-1.48717,39.96859],[-1.49238,39.95992],[-1.49696,39.95565],[-1.49883,39.9508],[-1.50449,39.94502],[-1.53087,39.93238],[-1.53144,39.93013]]]}},{"type":"Feature","properties":{"mun_code":"16006","mun_name":"Albendea","mun_name_local":null,"prov_code":"16","prov_name":"Cuenca","acom_code":"08","acom_name":"Castilla-La Mancha","geo_point_2d":{"lon":-2.3994722749591006,"lat":40.47229678756167}},"geometry":{"type":"Polygon","coordinates":[[[-2.44852,40.43813],[-2.44144,40.43777],[-2.43171,40.43974],[-2.42909,40.44148],[-2.42976,40.44644],[-2.41897,40.4494],[-2.41443,40.4486],[-2.41055,40.44541],[-2.40632,40.45146],[-2.39728,40.45523],[-2.37133,40.45335],[-2.36424,40.45857],[-2.34342,40.46836],[-2.34681,40.4714],[-2.34508,40.48386],[-2.34724,40.48898],[-2.34682,40.49459],[-2.34842,40.4959],[-2.3507,40.4918],[-2.35695,40.49076],[-2.35998,40.49256],[-2.36101,40.49664],[-2.36369,40.49628],[-2.36961,40.48999],[-2.37638,40.48733],[-2.38821,40.49058],[-2.39656,40.49596],[-2.39991,40.50297],[-2.40314,40.5043],[-2.41814,40.50129],[-2.42645,40.49492],[-2.42947,40.49047],[-2.4371,40.4841],[-2.4389,40.48041],[-2.44324,40.46826],[-2.44332,40.45373],[-2.44762,40.43957],[-2.44852,40.43813]]]}},{"type":"Feature","properties":{"mun_code":"16056","mun_name":"Cardenete","mun_name_local":null,"prov_code":"16","prov_name":"Cuenca","acom_code":"08","acom_name":"Castilla-La Mancha","geo_point_2d":{"lon":-1.7026284829397274,"lat":39.799148700487805}},"geometry":{"type":"Polygon","coordinates":[[[-1.79141,39.80887],[-1.78472,39.79995],[-1.77718,39.79348],[-1.76,39.78753],[-1.70201,39.75476],[-1.67107,39.74822],[-1.644,39.75063],[-1.64045,39.75322],[-1.6353,39.758],[-1.63834,39.76087],[-1.63641,39.76293],[-1.6344,39.76293],[-1.63643,39.76612],[-1.63538,39.7682],[-1.63809,39.76985],[-1.63879,39.77225],[-1.63456,39.78296],[-1.61689,39.79487],[-1.63883,39.80896],[-1.65395,39.81591],[-1.66911,39.82654],[-1.69295,39.83464],[-1.709,39.83763],[-1.70983,39.84271],[-1.71362,39.84556],[-1.71388,39.84448],[-1.71541,39.84752],[-1.7155,39.85557],[-1.72459,39.8571],[-1.72674,39.86475],[-1.72903,39.8661],[-1.73154,39.87117],[-1.73057,39.8667],[-1.73758,39.86598],[-1.74,39.86352],[-1.73404,39.85411],[-1.74696,39.84262],[-1.74781,39.83894],[-1.77724,39.81796],[-1.77939,39.81126],[-1.7865,39.81221],[-1.79064,39.80912],[-1.79141,39.80887]]]}},{"type":"Feature","properties":{"mun_code":"16086","mun_name":"Fuente de Pedro Naharro","mun_name_local":null,"prov_code":"16","prov_name":"Cuenca","acom_code":"08","acom_name":"Castilla-La Mancha","geo_point_2d":{"lon":-3.0428979357090298,"lat":39.92760834096867}},"geometry":{"type":"Polygon","coordinates":[[[-3.10702,39.91318],[-3.10173,39.90271],[-3.10207,39.89651],[-3.09443,39.89319],[-3.06175,39.89726],[-3.05185,39.89562],[-3.03724,39.89579],[-3.02176,39.89289],[-3.01294,39.90521],[-2.99627,39.9168],[-2.97132,39.93887],[-2.96412,39.95783],[-3.00146,39.9571],[-3.01394,39.95305],[-3.01985,39.95406],[-3.0227,39.9528],[-3.03313,39.95287],[-3.03668,39.95393],[-3.04088,39.95156],[-3.04399,39.95146],[-3.06336,39.95326],[-3.06902,39.9574],[-3.07238,39.95535],[-3.0851,39.95667],[-3.09531,39.9557],[-3.09891,39.95257],[-3.09669,39.94718],[-3.09846,39.94184],[-3.09706,39.93347],[-3.09972,39.92883],[-3.10035,39.92166],[-3.10685,39.91642],[-3.10702,39.91318]]]}},{"type":"Feature","properties":{"mun_code":"16272","mun_name":"Villas de la Ventosa","mun_name_local":null,"prov_code":"16","prov_name":"Cuenca","acom_code":"08","acom_name":"Castilla-La Mancha","geo_point_2d":{"lon":-2.4112908086353393,"lat":40.2302904178928}},"geometry":{"type":"Polygon","coordinates":[[[-2.49911,40.26601],[-2.49211,40.2619],[-2.48863,40.26316],[-2.484,40.26113],[-2.48707,40.25835],[-2.48839,40.24776],[-2.48332,40.24336],[-2.47341,40.23806],[-2.4797,40.23007],[-2.48115,40.21761],[-2.49121,40.2004],[-2.48818,40.19318],[-2.49035,40.18197],[-2.48759,40.1817],[-2.46715,40.17081],[-2.46039,40.16929],[-2.40976,40.17984],[-2.40031,40.18645],[-2.3936,40.18199],[-2.37479,40.17665],[-2.37271,40.1815],[-2.36618,40.18875],[-2.34881,40.20053],[-2.34181,40.20886],[-2.33509,40.20923],[-2.32411,40.205],[-2.32066,40.20484],[-2.31483,40.20764],[-2.31537,40.2127],[-2.30986,40.21835],[-2.31684,40.22197],[-2.34062,40.24366],[-2.33926,40.25054],[-2.33668,40.25102],[-2.32718,40.26509],[-2.32566,40.26506],[-2.32539,40.27542],[-2.33219,40.2811],[-2.3516,40.27935],[-2.36032,40.282],[-2.38283,40.27674],[-2.41084,40.276],[-2.43904,40.283],[-2.44469,40.28629],[-2.45301,40.28167],[-2.46073,40.28046],[-2.46982,40.28269],[-2.47653,40.28324],[-2.4801,40.28157],[-2.48254,40.2829],[-2.4817,40.28037],[-2.48508,40.27426],[-2.48853,40.27105],[-2.49878,40.26597],[-2.49911,40.26601]]]}},{"type":"Feature","properties":{"mun_code":"16137","mun_name":"Narboneta","mun_name_local":null,"prov_code":"16","prov_name":"Cuenca","acom_code":"08","acom_name":"Castilla-La Mancha","geo_point_2d":{"lon":-1.4940567651301029,"lat":39.756729962714495}},"geometry":{"type":"Polygon","coordinates":[[[-1.54432,39.77391],[-1.54015,39.76916],[-1.53976,39.76037],[-1.53533,39.75488],[-1.5316,39.7529],[-1.52889,39.74803],[-1.53417,39.73742],[-1.53165,39.73423],[-1.53094,39.72941],[-1.51278,39.72514],[-1.50993,39.72556],[-1.50369,39.72202],[-1.50156,39.72699],[-1.49667,39.73198],[-1.48664,39.73771],[-1.47342,39.74161],[-1.46325,39.75217],[-1.46048,39.75278],[-1.45908,39.75578],[-1.45259,39.75709],[-1.44601,39.75676],[-1.44449,39.75799],[-1.44493,39.75982],[-1.4355,39.76405],[-1.43391,39.76675],[-1.42382,39.76772],[-1.4309,39.77383],[-1.43523,39.77578],[-1.44307,39.77508],[-1.44811,39.77724],[-1.45158,39.77544],[-1.46334,39.77403],[-1.46781,39.77547],[-1.48112,39.77451],[-1.49054,39.77838],[-1.49437,39.78161],[-1.50852,39.78081],[-1.51921,39.77346],[-1.52233,39.77267],[-1.54342,39.77391],[-1.54432,39.77391]]]}},{"type":"Feature","properties":{"mun_code":"16209","mun_name":"Torralba","mun_name_local":null,"prov_code":"16","prov_name":"Cuenca","acom_code":"08","acom_name":"Castilla-La Mancha","geo_point_2d":{"lon":-2.2881362530052147,"lat":40.30393055720178}},"geometry":{"type":"Polygon","coordinates":[[[-2.33219,40.2811],[-2.32539,40.27542],[-2.30856,40.27237],[-2.29936,40.27451],[-2.26571,40.26485],[-2.23655,40.26995],[-2.2514,40.29937],[-2.24357,40.30386],[-2.24233,40.3097],[-2.24945,40.31889],[-2.2556,40.33898],[-2.31057,40.34065],[-2.32986,40.3374],[-2.33411,40.28745],[-2.33219,40.2811]]]}},{"type":"Feature","properties":{"mun_code":"16173","mun_name":"El Valle de Altomira","mun_name_local":null,"prov_code":"16","prov_name":"Cuenca","acom_code":"08","acom_name":"Castilla-La Mancha","geo_point_2d":{"lon":-2.7676805425120845,"lat":40.24058140682955}},"geometry":{"type":"Polygon","coordinates":[[[-2.82598,40.20224],[-2.82661,40.19605],[-2.82486,40.18696],[-2.82623,40.17505],[-2.82341,40.171],[-2.82528,40.16285],[-2.81224,40.16112],[-2.79766,40.16153],[-2.78937,40.15391],[-2.78664,40.15421],[-2.7838,40.15245],[-2.78127,40.14757],[-2.77272,40.14344],[-2.76715,40.14426],[-2.76381,40.15246],[-2.75495,40.15963],[-2.7405,40.16467],[-2.73578,40.18395],[-2.72485,40.19738],[-2.72163,40.21609],[-2.72138,40.22974],[-2.70572,40.26228],[-2.7082,40.26882],[-2.70828,40.27761],[-2.7058,40.28508],[-2.70683,40.28709],[-2.7092,40.28771],[-2.72158,40.287],[-2.72187,40.29047],[-2.71891,40.2953],[-2.71882,40.30447],[-2.72396,40.3146],[-2.73284,40.32376],[-2.7553,40.32419],[-2.78979,40.3286],[-2.8085,40.32693],[-2.80915,40.31184],[-2.8069,40.29443],[-2.80469,40.28882],[-2.80491,40.28134],[-2.80655,40.27941],[-2.8056,40.26715],[-2.80263,40.26403],[-2.80332,40.25741],[-2.81438,40.22468],[-2.82042,40.21971],[-2.81891,40.2173],[-2.8229,40.20868],[-2.82153,40.20518],[-2.8256,40.20259],[-2.82598,40.20224]]]}},{"type":"Feature","properties":{"mun_code":"16251","mun_name":"Villanueva de la Jara","mun_name_local":null,"prov_code":"16","prov_name":"Cuenca","acom_code":"08","acom_name":"Castilla-La Mancha","geo_point_2d":{"lon":-1.943703908055501,"lat":39.42345641756815}},"geometry":{"type":"Polygon","coordinates":[[[-2.09358,39.41443],[-2.06642,39.41191],[-2.01766,39.41431],[-2.00285,39.40828],[-1.99965,39.39943],[-1.99463,39.39406],[-1.98816,39.37029],[-1.97863,39.37309],[-1.97565,39.37587],[-1.97116,39.37602],[-1.96807,39.37441],[-1.95426,39.3775],[-1.93856,39.379],[-1.93569,39.37622],[-1.93009,39.37407],[-1.90466,39.36634],[-1.89786,39.36819],[-1.86118,39.37274],[-1.85327,39.38516],[-1.84708,39.39165],[-1.84133,39.42808],[-1.83818,39.43166],[-1.835,39.43201],[-1.85857,39.4364],[-1.8942,39.45863],[-1.92526,39.46796],[-1.94377,39.4797],[-1.94989,39.49166],[-1.97947,39.48313],[-1.99812,39.47987],[-2.00627,39.47632],[-2.01707,39.46922],[-2.01093,39.4445],[-2.01412,39.42099],[-2.03106,39.42332],[-2.03414,39.42204],[-2.03828,39.42383],[-2.04185,39.42148],[-2.05193,39.42149],[-2.07422,39.42437],[-2.07103,39.43866],[-2.07144,39.44995],[-2.08446,39.44955],[-2.08842,39.43461],[-2.09616,39.42402],[-2.09598,39.42181],[-2.0914,39.41831],[-2.09343,39.41475],[-2.09358,39.41443]]]}},{"type":"Feature","properties":{"mun_code":"16061","mun_name":"Casas de Fernando Alonso","mun_name_local":null,"prov_code":"16","prov_name":"Cuenca","acom_code":"08","acom_name":"Castilla-La Mancha","geo_point_2d":{"lon":-2.3288754306704376,"lat":39.34772031318696}},"geometry":{"type":"Polygon","coordinates":[[[-2.37286,39.36033],[-2.35901,39.35667],[-2.35631,39.35094],[-2.34738,39.34027],[-2.34603,39.33571],[-2.35212,39.31962],[-2.34572,39.31287],[-2.31311,39.31532],[-2.30596,39.33396],[-2.29745,39.3449],[-2.29331,39.3557],[-2.29623,39.36239],[-2.31584,39.37275],[-2.32995,39.38303],[-2.35961,39.36705],[-2.37027,39.3632],[-2.37286,39.36033]]]}},{"type":"Feature","properties":{"mun_code":"16143","mun_name":"Olmedilla de Eliz","mun_name_local":null,"prov_code":"16","prov_name":"Cuenca","acom_code":"08","acom_name":"Castilla-La Mancha","geo_point_2d":{"lon":-2.4214201102066237,"lat":40.298182308864845}},"geometry":{"type":"Polygon","coordinates":[[[-2.44469,40.28629],[-2.44157,40.2839],[-2.4261,40.27925],[-2.40687,40.27601],[-2.4055,40.30406],[-2.39802,40.31266],[-2.39081,40.31813],[-2.3955,40.32021],[-2.41967,40.31462],[-2.42922,40.31419],[-2.44156,40.30967],[-2.44525,40.30137],[-2.4429,40.29533],[-2.44438,40.2875],[-2.44469,40.28629]]]}},{"type":"Feature","properties":{"mun_code":"16129","mun_name":"Montalbanejo","mun_name_local":null,"prov_code":"16","prov_name":"Cuenca","acom_code":"08","acom_name":"Castilla-La Mancha","geo_point_2d":{"lon":-2.507975014080416,"lat":39.740803283189486}},"geometry":{"type":"Polygon","coordinates":[[[-2.56415,39.75359],[-2.55837,39.74064],[-2.54056,39.71869],[-2.53655,39.70409],[-2.52089,39.70391],[-2.47903,39.69475],[-2.47282,39.69766],[-2.47365,39.70417],[-2.47151,39.71263],[-2.4623,39.73142],[-2.45907,39.74612],[-2.46528,39.74731],[-2.47199,39.75514],[-2.47508,39.76652],[-2.4815,39.77493],[-2.49327,39.78012],[-2.49805,39.78158],[-2.49902,39.78047],[-2.50193,39.78327],[-2.50077,39.78451],[-2.50174,39.7856],[-2.50364,39.78437],[-2.51993,39.79178],[-2.5528,39.75332],[-2.56415,39.75359]]]}},{"type":"Feature","properties":{"mun_code":"16236","mun_name":"Valverde de Júcar","mun_name_local":null,"prov_code":"16","prov_name":"Cuenca","acom_code":"08","acom_name":"Castilla-La Mancha","geo_point_2d":{"lon":-2.2305582483196273,"lat":39.713743230185734}},"geometry":{"type":"Polygon","coordinates":[[[-2.26918,39.65127],[-2.26506,39.64821],[-2.2629,39.64344],[-2.25962,39.64176],[-2.25123,39.65491],[-2.24824,39.66382],[-2.23389,39.66412],[-2.2307,39.66252],[-2.22874,39.66394],[-2.23062,39.66869],[-2.2332,39.67043],[-2.23185,39.6717],[-2.23639,39.67666],[-2.23399,39.68589],[-2.21512,39.69917],[-2.20091,39.70777],[-2.19591,39.7085],[-2.18063,39.71906],[-2.18373,39.7195],[-2.17318,39.72525],[-2.17099,39.7251],[-2.18474,39.73732],[-2.18796,39.74544],[-2.18625,39.7484],[-2.19838,39.7583],[-2.20409,39.76105],[-2.20677,39.7609],[-2.20863,39.76622],[-2.21439,39.768],[-2.23859,39.76004],[-2.24793,39.75398],[-2.24882,39.74976],[-2.25075,39.7486],[-2.24851,39.74491],[-2.2498,39.74085],[-2.24569,39.73724],[-2.2443,39.73083],[-2.25906,39.72169],[-2.2737,39.70948],[-2.26842,39.70394],[-2.26212,39.70311],[-2.26017,39.70526],[-2.25786,39.7016],[-2.26322,39.69975],[-2.26471,39.69734],[-2.25825,39.69254],[-2.26254,39.69081],[-2.26922,39.68403],[-2.27902,39.67728],[-2.26856,39.6558],[-2.26921,39.65231],[-2.26918,39.65127]]]}},{"type":"Feature","properties":{"mun_code":"16203","mun_name":"Tarancón","mun_name_local":null,"prov_code":"16","prov_name":"Cuenca","acom_code":"08","acom_name":"Castilla-La Mancha","geo_point_2d":{"lon":-3.0057918434068265,"lat":39.996534180950064}},"geometry":{"type":"Polygon","coordinates":[[[-3.09624,39.98702],[-3.09881,39.975],[-3.09502,39.97163],[-3.0976,39.96934],[-3.09615,39.96575],[-3.09745,39.95895],[-3.09531,39.9557],[-3.0851,39.95667],[-3.07238,39.95535],[-3.06902,39.9574],[-3.06336,39.95326],[-3.04399,39.95146],[-3.04088,39.95156],[-3.03668,39.95393],[-3.03313,39.95287],[-3.0227,39.9528],[-3.01985,39.95406],[-3.01394,39.95305],[-3.00146,39.9571],[-2.96412,39.95783],[-2.95933,39.95896],[-2.95641,39.9619],[-2.95188,39.97946],[-2.94272,39.99282],[-2.93039,40.00078],[-2.92574,40.0087],[-2.92043,40.01331],[-2.92251,40.01624],[-2.92109,40.01757],[-2.92902,40.02143],[-2.93845,40.03079],[-2.94531,40.03225],[-2.94347,40.03547],[-2.95029,40.04042],[-2.94926,40.04362],[-2.95462,40.05673],[-2.97546,40.04913],[-2.98235,40.04372],[-2.98691,40.04193],[-2.9932,40.04206],[-3.01386,40.04932],[-3.03113,40.03142],[-3.03215,40.02775],[-3.03987,40.01797],[-3.05324,40.00812],[-3.05735,40.0083],[-3.06097,39.99709],[-3.07639,39.99413],[-3.08291,39.9907],[-3.09586,39.98692],[-3.09624,39.98702]]]}},{"type":"Feature","properties":{"mun_code":"16010","mun_name":"Alcázar del Rey","mun_name_local":null,"prov_code":"16","prov_name":"Cuenca","acom_code":"08","acom_name":"Castilla-La Mancha","geo_point_2d":{"lon":-2.8083736276482756,"lat":40.0545297893019}},"geometry":{"type":"Polygon","coordinates":[[[-2.8467,40.03997],[-2.84304,40.03616],[-2.8331,40.00932],[-2.82253,40.01166],[-2.80287,40.01312],[-2.79592,40.01612],[-2.79234,40.02122],[-2.78854,40.02373],[-2.78974,40.0265],[-2.78795,40.03101],[-2.77822,40.04178],[-2.7732,40.05893],[-2.76789,40.0689],[-2.76685,40.07724],[-2.77079,40.0874],[-2.78447,40.09441],[-2.83769,40.08777],[-2.83707,40.08276],[-2.83899,40.07499],[-2.83686,40.06186],[-2.84876,40.04608],[-2.84738,40.04057],[-2.8467,40.03997]]]}},{"type":"Feature","properties":{"mun_code":"16103","mun_name":"Hontanaya","mun_name_local":null,"prov_code":"16","prov_name":"Cuenca","acom_code":"08","acom_name":"Castilla-La Mancha","geo_point_2d":{"lon":-2.824298345815395,"lat":39.708626167438524}},"geometry":{"type":"Polygon","coordinates":[[[-2.84948,39.65992],[-2.84876,39.6538],[-2.84639,39.65064],[-2.83757,39.65015],[-2.83362,39.65341],[-2.82859,39.655],[-2.81707,39.65283],[-2.80718,39.65857],[-2.80547,39.67626],[-2.80256,39.68369],[-2.79847,39.68771],[-2.79975,39.70228],[-2.79775,39.71802],[-2.78583,39.74222],[-2.78738,39.75071],[-2.79675,39.75924],[-2.81605,39.76053],[-2.83845,39.75988],[-2.83951,39.75881],[-2.84101,39.74813],[-2.84666,39.73201],[-2.85737,39.72457],[-2.85592,39.718],[-2.85977,39.71348],[-2.8581,39.70844],[-2.85424,39.70408],[-2.85245,39.6881],[-2.85472,39.67403],[-2.84889,39.66054],[-2.84948,39.65992]]]}},{"type":"Feature","properties":{"mun_code":"16167","mun_name":"Pozorrubio de Santiago","mun_name_local":null,"prov_code":"16","prov_name":"Cuenca","acom_code":"08","acom_name":"Castilla-La Mancha","geo_point_2d":{"lon":-2.940805836287588,"lat":39.809242508700855}},"geometry":{"type":"Polygon","coordinates":[[[-3.0106,39.77892],[-3.00407,39.77463],[-2.9938,39.77358],[-2.9874,39.77704],[-2.97535,39.77248],[-2.97159,39.7785],[-2.97021,39.77929],[-2.96791,39.77748],[-2.9632,39.78381],[-2.95697,39.78793],[-2.94393,39.79445],[-2.94168,39.79385],[-2.93605,39.80214],[-2.92849,39.80752],[-2.92384,39.80486],[-2.92134,39.80493],[-2.91901,39.80127],[-2.91343,39.79762],[-2.91526,39.79242],[-2.91284,39.78898],[-2.90617,39.79019],[-2.89858,39.78666],[-2.89478,39.78642],[-2.88567,39.7879],[-2.88444,39.78985],[-2.88585,39.80848],[-2.89132,39.81919],[-2.89604,39.83952],[-2.90108,39.84194],[-2.90905,39.84138],[-2.91382,39.84238],[-2.92428,39.84079],[-2.92577,39.83931],[-2.93562,39.8421],[-2.93866,39.83911],[-2.96108,39.83169],[-2.96659,39.82527],[-2.98208,39.81416],[-3.00139,39.78599],[-3.0095,39.7797],[-3.0106,39.77892]]]}},{"type":"Feature","properties":{"mun_code":"16193","mun_name":"San Pedro Palmiches","mun_name_local":null,"prov_code":"16","prov_name":"Cuenca","acom_code":"08","acom_name":"Castilla-La Mancha","geo_point_2d":{"lon":-2.4047498928909095,"lat":40.430580026923984}},"geometry":{"type":"Polygon","coordinates":[[[-2.44055,40.43785],[-2.43446,40.43333],[-2.43258,40.42598],[-2.42629,40.41905],[-2.41287,40.40673],[-2.40862,40.40623],[-2.40912,40.40271],[-2.40106,40.40433],[-2.39447,40.40799],[-2.3808,40.41211],[-2.38129,40.42422],[-2.38386,40.42935],[-2.3838,40.4414],[-2.383,40.44385],[-2.37133,40.45335],[-2.39728,40.45523],[-2.40632,40.45146],[-2.41055,40.44541],[-2.41734,40.44945],[-2.42952,40.44656],[-2.4296,40.44086],[-2.43924,40.43809],[-2.44055,40.43785]]]}},{"type":"Feature","properties":{"mun_code":"16055","mun_name":"Carboneras de Guadazaón","mun_name_local":null,"prov_code":"16","prov_name":"Cuenca","acom_code":"08","acom_name":"Castilla-La Mancha","geo_point_2d":{"lon":-1.795829099166182,"lat":39.89435936300986}},"geometry":{"type":"Polygon","coordinates":[[[-1.85864,39.97522],[-1.85487,39.9662],[-1.85673,39.96197],[-1.85446,39.9529],[-1.85819,39.94703],[-1.85903,39.9421],[-1.85704,39.94064],[-1.85742,39.93388],[-1.85669,39.92905],[-1.8548,39.92762],[-1.85525,39.92344],[-1.85315,39.92185],[-1.85646,39.91401],[-1.85534,39.90975],[-1.85104,39.90609],[-1.85556,39.8976],[-1.84577,39.89094],[-1.83645,39.88984],[-1.82093,39.87899],[-1.81835,39.85287],[-1.80308,39.85161],[-1.78801,39.84337],[-1.79402,39.81945],[-1.79604,39.81702],[-1.79141,39.80887],[-1.7865,39.81221],[-1.77979,39.81107],[-1.77724,39.81796],[-1.75021,39.83687],[-1.74781,39.83894],[-1.74696,39.84262],[-1.73404,39.85411],[-1.74,39.86352],[-1.73758,39.86598],[-1.73057,39.8667],[-1.73162,39.87139],[-1.73837,39.88108],[-1.73561,39.88489],[-1.7307,39.88794],[-1.7266,39.8952],[-1.73003,39.90024],[-1.74639,39.90659],[-1.76255,39.91943],[-1.77048,39.92955],[-1.78554,39.9262],[-1.79741,39.92862],[-1.79764,39.93049],[-1.82048,39.95334],[-1.82168,39.95706],[-1.82998,39.96218],[-1.82669,39.96715],[-1.82774,39.9719],[-1.84225,39.97532],[-1.84521,39.97801],[-1.85716,39.97423],[-1.85864,39.97522]]]}},{"type":"Feature","properties":{"mun_code":"16906","mun_name":"Los Valdecolmenas","mun_name_local":null,"prov_code":"16","prov_name":"Cuenca","acom_code":"08","acom_name":"Castilla-La Mancha","geo_point_2d":{"lon":-2.4700967368948503,"lat":40.108395339699705}},"geometry":{"type":"Polygon","coordinates":[[[-2.51767,40.11054],[-2.51165,40.10725],[-2.50853,40.10195],[-2.50376,40.09769],[-2.49192,40.09553],[-2.489,40.08783],[-2.47691,40.09017],[-2.47116,40.09008],[-2.45879,40.08586],[-2.44498,40.08594],[-2.43223,40.08063],[-2.42323,40.09407],[-2.41383,40.10035],[-2.42077,40.11014],[-2.42337,40.10915],[-2.43563,40.11006],[-2.44815,40.11496],[-2.45236,40.12521],[-2.45927,40.12935],[-2.46269,40.12889],[-2.49199,40.13447],[-2.49668,40.13391],[-2.50416,40.13611],[-2.5059,40.13183],[-2.51442,40.12379],[-2.51734,40.11745],[-2.51751,40.11256],[-2.51767,40.11054]]]}},{"type":"Feature","properties":{"mun_code":"16002","mun_name":"El Acebrón","mun_name_local":null,"prov_code":"16","prov_name":"Cuenca","acom_code":"08","acom_name":"Castilla-La Mancha","geo_point_2d":{"lon":-2.9807344010368215,"lat":39.90817472830264}},"geometry":{"type":"Polygon","coordinates":[[[-3.02176,39.89289],[-3.01123,39.89384],[-3.00319,39.89041],[-2.99743,39.88324],[-2.99285,39.8714],[-2.97549,39.85252],[-2.97146,39.8525],[-2.96806,39.85507],[-2.96192,39.85582],[-2.97473,39.86607],[-2.97889,39.86742],[-2.98515,39.87552],[-2.98722,39.88843],[-2.98499,39.89304],[-2.97878,39.89479],[-2.97525,39.90189],[-2.96914,39.90917],[-2.95339,39.92358],[-2.9515,39.92848],[-2.94757,39.93166],[-2.95102,39.93704],[-2.95036,39.94177],[-2.96412,39.95783],[-2.97132,39.93887],[-2.99627,39.9168],[-3.01294,39.90521],[-3.02091,39.89407],[-3.02176,39.89289]]]}},{"type":"Feature","properties":{"mun_code":"16027","mun_name":"Barajas de Melo","mun_name_local":null,"prov_code":"16","prov_name":"Cuenca","acom_code":"08","acom_name":"Castilla-La Mancha","geo_point_2d":{"lon":-2.9623050099509554,"lat":40.11686269209611}},"geometry":{"type":"Polygon","coordinates":[[[-3.06785,40.15791],[-3.07169,40.15599],[-3.07772,40.15707],[-3.0829,40.15928],[-3.08249,40.16175],[-3.08517,40.16364],[-3.08939,40.16291],[-3.09769,40.15355],[-3.0932,40.15059],[-3.09647,40.14739],[-3.09676,40.14239],[-3.09445,40.14277],[-3.09281,40.13884],[-3.09279,40.14047],[-3.09015,40.14156],[-3.0881,40.13983],[-3.0899,40.13953],[-3.08521,40.13886],[-3.08263,40.13524],[-3.07718,40.13556],[-3.07735,40.13266],[-3.07233,40.13103],[-3.07443,40.12883],[-3.07325,40.12679],[-3.07148,40.12664],[-3.07292,40.12551],[-3.07031,40.12262],[-3.06496,40.12201],[-3.06569,40.12025],[-3.06798,40.11965],[-3.06758,40.11852],[-3.06192,40.11535],[-3.06148,40.11331],[-3.05633,40.11391],[-3.05601,40.1123],[-3.05779,40.11152],[-3.05355,40.10659],[-3.05416,40.10523],[-3.05623,40.10569],[-3.05629,40.10384],[-3.05143,40.09797],[-3.05075,40.09169],[-3.04563,40.08945],[-3.03059,40.08907],[-3.02287,40.09022],[-3.01876,40.08879],[-3.01437,40.08297],[-3.00948,40.0832],[-3.0038,40.08117],[-2.98323,40.08622],[-2.98323,40.0877],[-2.97725,40.0898],[-2.96961,40.09058],[-2.96658,40.08359],[-2.95676,40.08141],[-2.95374,40.07911],[-2.9504,40.0796],[-2.94535,40.06578],[-2.92354,40.06446],[-2.91515,40.06239],[-2.90903,40.06712],[-2.90181,40.06813],[-2.90052,40.06947],[-2.89801,40.08197],[-2.88958,40.08207],[-2.88341,40.0845],[-2.87108,40.08307],[-2.87014,40.08705],[-2.86536,40.08979],[-2.8629,40.09354],[-2.85481,40.11656],[-2.83877,40.11732],[-2.83796,40.12012],[-2.83442,40.12112],[-2.83195,40.13046],[-2.83187,40.13139],[-2.83947,40.13262],[-2.8525,40.13238],[-2.85933,40.13683],[-2.86618,40.13707],[-2.87115,40.13997],[-2.87964,40.1484],[-2.88139,40.15403],[-2.8842,40.15597],[-2.88345,40.16175],[-2.88759,40.16463],[-2.90485,40.1579],[-2.91312,40.15717],[-2.91921,40.15929],[-2.9138,40.15609],[-2.91138,40.14939],[-2.91462,40.14518],[-2.91739,40.14564],[-2.91989,40.1431],[-2.92239,40.14325],[-2.94109,40.13709],[-2.94609,40.13848],[-2.95029,40.13681],[-2.95249,40.13899],[-2.96377,40.13997],[-2.96835,40.13821],[-2.96911,40.13496],[-2.9873,40.12948],[-2.99764,40.1299],[-3.00588,40.13228],[-3.00556,40.13872],[-3.01201,40.14812],[-3.02091,40.15574],[-3.03094,40.157],[-3.03801,40.16084],[-3.06377,40.16825],[-3.06764,40.16128],[-3.06756,40.15819],[-3.06785,40.15791]]]}},{"type":"Feature","properties":{"mun_code":"16162","mun_name":"Portalrubio de Guadamejud","mun_name_local":null,"prov_code":"16","prov_name":"Cuenca","acom_code":"08","acom_name":"Castilla-La Mancha","geo_point_2d":{"lon":-2.6085556403620878,"lat":40.28151143552966}},"geometry":{"type":"Polygon","coordinates":[[[-2.66185,40.29527],[-2.65176,40.27889],[-2.61609,40.26871],[-2.61297,40.26517],[-2.60575,40.26345],[-2.60269,40.25908],[-2.60057,40.25959],[-2.59396,40.25779],[-2.59133,40.25474],[-2.57644,40.27379],[-2.57576,40.28029],[-2.56869,40.2909],[-2.58464,40.30037],[-2.60913,40.2969],[-2.62423,40.2918],[-2.65629,40.29459],[-2.66185,40.29527]]]}},{"type":"Feature","properties":{"mun_code":"16082","mun_name":"Enguídanos","mun_name_local":null,"prov_code":"16","prov_name":"Cuenca","acom_code":"08","acom_name":"Castilla-La Mancha","geo_point_2d":{"lon":-1.6279895809507645,"lat":39.667035674186685}},"geometry":{"type":"Polygon","coordinates":[[[-1.72868,39.66256],[-1.71983,39.66052],[-1.71725,39.65556],[-1.71264,39.65231],[-1.70878,39.64622],[-1.7053,39.64359],[-1.70235,39.63327],[-1.69951,39.63087],[-1.69815,39.62421],[-1.68401,39.60496],[-1.66227,39.59281],[-1.65555,39.58772],[-1.65034,39.58592],[-1.62516,39.60456],[-1.61277,39.6058],[-1.59203,39.61494],[-1.58039,39.62192],[-1.57706,39.62988],[-1.55781,39.63529],[-1.56126,39.63874],[-1.56571,39.64729],[-1.55779,39.65393],[-1.56341,39.65583],[-1.56047,39.6589],[-1.56286,39.66379],[-1.56151,39.66485],[-1.55675,39.6646],[-1.55511,39.66626],[-1.56201,39.67053],[-1.56246,39.67273],[-1.55512,39.67955],[-1.55113,39.68904],[-1.54309,39.69735],[-1.53557,39.70247],[-1.52658,39.70519],[-1.51195,39.71218],[-1.51062,39.71731],[-1.51194,39.71917],[-1.50976,39.72083],[-1.50369,39.72202],[-1.50993,39.72556],[-1.51278,39.72514],[-1.52556,39.72889],[-1.5299,39.72897],[-1.53151,39.73076],[-1.53625,39.73165],[-1.53745,39.72676],[-1.54851,39.72196],[-1.55471,39.71486],[-1.55827,39.71377],[-1.56849,39.71487],[-1.57792,39.71897],[-1.58367,39.71749],[-1.58646,39.7197],[-1.58711,39.71764],[-1.5907,39.71796],[-1.5901,39.71645],[-1.59638,39.71777],[-1.60886,39.71752],[-1.61624,39.7144],[-1.6138,39.71287],[-1.61279,39.70885],[-1.61304,39.70117],[-1.61441,39.70002],[-1.61779,39.70566],[-1.61709,39.71272],[-1.62518,39.71612],[-1.62325,39.72093],[-1.62642,39.72317],[-1.63226,39.7219],[-1.63424,39.72349],[-1.63432,39.72737],[-1.63754,39.73051],[-1.63453,39.73323],[-1.63529,39.73982],[-1.65084,39.7394],[-1.66438,39.74235],[-1.66721,39.74197],[-1.67005,39.74014],[-1.67139,39.73601],[-1.66816,39.72983],[-1.66891,39.72217],[-1.66581,39.71511],[-1.66754,39.7103],[-1.67777,39.70731],[-1.68961,39.7085],[-1.69424,39.7056],[-1.69041,39.69202],[-1.69341,39.68336],[-1.69808,39.67982],[-1.71049,39.67545],[-1.72252,39.66679],[-1.72868,39.66256]]]}},{"type":"Feature","properties":{"mun_code":"16255","mun_name":"Villar de la Encina","mun_name_local":null,"prov_code":"16","prov_name":"Cuenca","acom_code":"08","acom_name":"Castilla-La Mancha","geo_point_2d":{"lon":-2.5308301913169546,"lat":39.63369745754658}},"geometry":{"type":"Polygon","coordinates":[[[-2.57029,39.62122],[-2.55499,39.6135],[-2.53889,39.61297],[-2.52345,39.60551],[-2.52331,39.59973],[-2.52526,39.59416],[-2.52454,39.58774],[-2.52239,39.58542],[-2.51433,39.58654],[-2.50605,39.58265],[-2.50382,39.58744],[-2.48541,39.60134],[-2.50091,39.62054],[-2.4907,39.62644],[-2.49236,39.64103],[-2.48698,39.65264],[-2.48821,39.65836],[-2.53058,39.65984],[-2.54295,39.68156],[-2.55957,39.66682],[-2.5676,39.66348],[-2.57088,39.65978],[-2.58508,39.65676],[-2.58344,39.65326],[-2.5848,39.65111],[-2.58354,39.64733],[-2.57133,39.62972],[-2.5698,39.62305],[-2.57029,39.62122]]]}},{"type":"Feature","properties":{"mun_code":"16249","mun_name":"Villamayor de Santiago","mun_name_local":null,"prov_code":"16","prov_name":"Cuenca","acom_code":"08","acom_name":"Castilla-La Mancha","geo_point_2d":{"lon":-2.9172667232053247,"lat":39.72792114579645}},"geometry":{"type":"Polygon","coordinates":[[[-3.0209,39.77106],[-3.01555,39.76491],[-3.00934,39.74513],[-2.99775,39.71887],[-2.99349,39.71404],[-2.97669,39.70283],[-2.97752,39.69666],[-2.97259,39.69363],[-2.96988,39.6897],[-2.95444,39.68671],[-2.94957,39.67652],[-2.93821,39.66681],[-2.91845,39.64567],[-2.8992,39.64032],[-2.89279,39.6398],[-2.87863,39.64216],[-2.87342,39.64533],[-2.86797,39.65108],[-2.85582,39.65528],[-2.84948,39.65992],[-2.84925,39.66379],[-2.85472,39.67403],[-2.85245,39.6881],[-2.85424,39.70408],[-2.8581,39.70844],[-2.85977,39.71348],[-2.85592,39.718],[-2.85737,39.72457],[-2.84666,39.73201],[-2.84101,39.74813],[-2.84099,39.75403],[-2.83922,39.75607],[-2.8369,39.76704],[-2.83598,39.77578],[-2.83787,39.78117],[-2.84016,39.77879],[-2.84304,39.7787],[-2.84602,39.77946],[-2.84717,39.78204],[-2.84615,39.7917],[-2.84313,39.795],[-2.85423,39.79387],[-2.86054,39.79014],[-2.86644,39.79038],[-2.873,39.7888],[-2.88419,39.78993],[-2.88741,39.7873],[-2.89858,39.78666],[-2.90484,39.78998],[-2.91334,39.78929],[-2.91526,39.79242],[-2.91343,39.79762],[-2.91901,39.80127],[-2.92134,39.80493],[-2.92384,39.80486],[-2.92849,39.80752],[-2.93605,39.80214],[-2.94168,39.79385],[-2.94393,39.79445],[-2.95697,39.78793],[-2.9632,39.78381],[-2.96791,39.77748],[-2.97021,39.77929],[-2.97159,39.7785],[-2.97535,39.77248],[-2.9874,39.77704],[-2.9938,39.77358],[-3.00407,39.77463],[-3.0106,39.77892],[-3.02011,39.77152],[-3.0209,39.77106]]]}},{"type":"Feature","properties":{"mun_code":"16234","mun_name":"Valsalobre","mun_name_local":null,"prov_code":"16","prov_name":"Cuenca","acom_code":"08","acom_name":"Castilla-La Mancha","geo_point_2d":{"lon":-2.1201490072751783,"lat":40.626351721491545}},"geometry":{"type":"Polygon","coordinates":[[[-2.17034,40.62988],[-2.14468,40.61643],[-2.13083,40.59646],[-2.10366,40.59552],[-2.09918,40.59025],[-2.09685,40.59085],[-2.09518,40.59385],[-2.08913,40.59468],[-2.08008,40.60967],[-2.0769,40.62258],[-2.07095,40.62847],[-2.0836,40.63472],[-2.09181,40.64327],[-2.1013,40.64753],[-2.11121,40.65043],[-2.12076,40.651],[-2.13374,40.65592],[-2.15694,40.65869],[-2.16281,40.6508],[-2.16687,40.63241],[-2.16969,40.63016],[-2.17034,40.62988]]]}},{"type":"Feature","properties":{"mun_code":"16227","mun_name":"Valdemoro-Sierra","mun_name_local":null,"prov_code":"16","prov_name":"Cuenca","acom_code":"08","acom_name":"Castilla-La Mancha","geo_point_2d":{"lon":-1.7783923667019077,"lat":40.1293845002534}},"geometry":{"type":"Polygon","coordinates":[[[-1.83412,40.15102],[-1.82735,40.12396],[-1.81735,40.11335],[-1.81641,40.10889],[-1.82053,40.09892],[-1.81899,40.08577],[-1.82054,40.07663],[-1.80938,40.07518],[-1.80533,40.07135],[-1.7977,40.06912],[-1.7793,40.06788],[-1.76743,40.06563],[-1.75913,40.06876],[-1.7522,40.07477],[-1.74261,40.07443],[-1.73295,40.06597],[-1.72386,40.07291],[-1.71574,40.0935],[-1.71983,40.10885],[-1.71486,40.11661],[-1.71383,40.12343],[-1.72735,40.13778],[-1.73898,40.14265],[-1.74846,40.15355],[-1.7594,40.1601],[-1.77724,40.19904],[-1.78168,40.21261],[-1.79409,40.22832],[-1.79928,40.21423],[-1.80921,40.20477],[-1.80761,40.20315],[-1.80958,40.19872],[-1.8072,40.19121],[-1.81382,40.18576],[-1.82847,40.16679],[-1.83412,40.15102]]]}},{"type":"Feature","properties":{"mun_code":"16063","mun_name":"Casas de Guijarro","mun_name_local":null,"prov_code":"16","prov_name":"Cuenca","acom_code":"08","acom_name":"Castilla-La Mancha","geo_point_2d":{"lon":-2.1599532029553923,"lat":39.34439903777582}},"geometry":{"type":"Polygon","coordinates":[[[-2.17691,39.35605],[-2.17872,39.34674],[-2.16941,39.32926],[-2.15512,39.33198],[-2.14882,39.33023],[-2.14615,39.33122],[-2.14139,39.33645],[-2.14172,39.34416],[-2.15128,39.35954],[-2.15425,39.35965],[-2.17691,39.35605]]]}},{"type":"Feature","properties":{"mun_code":"16140","mun_name":"Olmeda de la Cuesta","mun_name_local":null,"prov_code":"16","prov_name":"Cuenca","acom_code":"08","acom_name":"Castilla-La Mancha","geo_point_2d":{"lon":-2.4701869021329097,"lat":40.30781079469186}},"geometry":{"type":"Polygon","coordinates":[[[-2.50092,40.33347],[-2.50186,40.31957],[-2.48346,40.28209],[-2.48254,40.2829],[-2.4801,40.28157],[-2.47653,40.28324],[-2.46073,40.28046],[-2.45301,40.28167],[-2.44654,40.28456],[-2.44469,40.28629],[-2.4429,40.29533],[-2.44525,40.30137],[-2.44156,40.30967],[-2.44336,40.32058],[-2.44136,40.32774],[-2.47503,40.32848],[-2.48574,40.33179],[-2.49954,40.33329],[-2.50092,40.33347]]]}},{"type":"Feature","properties":{"mun_code":"16112","mun_name":"Huete","mun_name_local":null,"prov_code":"16","prov_name":"Cuenca","acom_code":"08","acom_name":"Castilla-La Mancha","geo_point_2d":{"lon":-2.6362466759980543,"lat":40.15870655172033}},"geometry":{"type":"MultiPolygon","coordinates":[[[[-2.70358,39.9336],[-2.71218,39.93428],[-2.71746,39.93116],[-2.72595,39.92892],[-2.73338,39.92343],[-2.74652,39.92319],[-2.74736,39.92129],[-2.75029,39.92109],[-2.75091,39.92248],[-2.7553,39.92175],[-2.7567,39.91826],[-2.75578,39.91484],[-2.74634,39.90554],[-2.74524,39.90191],[-2.73516,39.88939],[-2.73757,39.88606],[-2.7384,39.88107],[-2.72589,39.88454],[-2.72244,39.88809],[-2.70843,39.89497],[-2.70439,39.89628],[-2.6996,39.89601],[-2.69931,39.89718],[-2.69245,39.89961],[-2.68473,39.90747],[-2.67955,39.91009],[-2.68976,39.92469],[-2.69661,39.92831],[-2.70174,39.93341],[-2.70358,39.9336]]],[[[-2.70683,40.28709],[-2.70579,40.28308],[-2.70828,40.27761],[-2.7082,40.26882],[-2.70572,40.26228],[-2.72158,40.22908],[-2.72163,40.21609],[-2.72485,40.19738],[-2.73578,40.18395],[-2.7405,40.16467],[-2.75495,40.15963],[-2.76311,40.15332],[-2.76712,40.14458],[-2.76745,40.13244],[-2.75592,40.11078],[-2.75443,40.11294],[-2.74465,40.11228],[-2.74186,40.11316],[-2.73132,40.1063],[-2.70962,40.09879],[-2.70246,40.09399],[-2.69585,40.08701],[-2.69182,40.08657],[-2.68886,40.08919],[-2.68657,40.08381],[-2.68045,40.08101],[-2.67785,40.07826],[-2.67731,40.07316],[-2.66572,40.072],[-2.65901,40.06976],[-2.65414,40.07537],[-2.64214,40.07826],[-2.64266,40.08461],[-2.63776,40.09175],[-2.63718,40.09597],[-2.61907,40.09635],[-2.60897,40.09787],[-2.58062,40.09231],[-2.56176,40.10888],[-2.55836,40.11047],[-2.55337,40.11131],[-2.54253,40.10752],[-2.53173,40.11055],[-2.51767,40.11054],[-2.51734,40.11745],[-2.51442,40.12379],[-2.5059,40.13183],[-2.50416,40.13611],[-2.49668,40.13391],[-2.49199,40.13447],[-2.46269,40.12889],[-2.45927,40.12935],[-2.46039,40.16929],[-2.46781,40.17105],[-2.48759,40.1817],[-2.49035,40.18197],[-2.50362,40.17812],[-2.50738,40.17447],[-2.50943,40.16988],[-2.50965,40.17769],[-2.5322,40.20251],[-2.54063,40.20794],[-2.54231,40.21058],[-2.56655,40.21307],[-2.57824,40.20536],[-2.58531,40.21126],[-2.59399,40.22653],[-2.5921,40.22702],[-2.58312,40.24877],[-2.59281,40.25579],[-2.59324,40.25745],[-2.60057,40.25959],[-2.60269,40.25908],[-2.60575,40.26345],[-2.61297,40.26517],[-2.61609,40.26871],[-2.65176,40.27889],[-2.66185,40.29527],[-2.68024,40.30404],[-2.69768,40.29793],[-2.70226,40.29431],[-2.70662,40.28794],[-2.70683,40.28709]]]]}},{"type":"Feature","properties":{"mun_code":"16909","mun_name":"Sotorribas","mun_name_local":null,"prov_code":"16","prov_name":"Cuenca","acom_code":"08","acom_name":"Castilla-La Mancha","geo_point_2d":{"lon":-2.187233732957222,"lat":40.285550447853346}},"geometry":{"type":"Polygon","coordinates":[[[-2.2556,40.33898],[-2.24945,40.31889],[-2.24233,40.3097],[-2.24357,40.30386],[-2.2514,40.29937],[-2.23655,40.26995],[-2.22812,40.25718],[-2.22378,40.24204],[-2.21864,40.23915],[-2.21187,40.22379],[-2.20011,40.20727],[-2.2022,40.20489],[-2.20155,40.20019],[-2.19493,40.19145],[-2.19032,40.18915],[-2.18313,40.17741],[-2.16283,40.18328],[-2.15106,40.18533],[-2.13424,40.19276],[-2.12289,40.19307],[-2.11979,40.19445],[-2.11362,40.20503],[-2.11504,40.20608],[-2.11684,40.21723],[-2.12169,40.21839],[-2.12015,40.22115],[-2.12419,40.2277],[-2.13113,40.22771],[-2.13774,40.22553],[-2.14706,40.22645],[-2.15805,40.23987],[-2.17345,40.24308],[-2.17644,40.25414],[-2.17543,40.25951],[-2.17711,40.26154],[-2.17504,40.26411],[-2.17493,40.26835],[-2.1772,40.27295],[-2.17242,40.27754],[-2.17278,40.28483],[-2.17028,40.29084],[-2.16773,40.29093],[-2.16036,40.29583],[-2.15985,40.29812],[-2.15692,40.30019],[-2.1435,40.29582],[-2.1182,40.30878],[-2.12073,40.31217],[-2.12032,40.31554],[-2.12477,40.31985],[-2.13152,40.32333],[-2.13184,40.32888],[-2.13751,40.33403],[-2.13687,40.35284],[-2.13909,40.35284],[-2.1439,40.35591],[-2.15341,40.35582],[-2.16312,40.36776],[-2.16687,40.37028],[-2.17439,40.38146],[-2.18237,40.38019],[-2.19386,40.36479],[-2.23374,40.36606],[-2.23997,40.35836],[-2.2556,40.33898]]]}},{"type":"Feature","properties":{"mun_code":"16152","mun_name":"La Parra de las Vegas","mun_name_local":null,"prov_code":"16","prov_name":"Cuenca","acom_code":"08","acom_name":"Castilla-La Mancha","geo_point_2d":{"lon":-2.2189798236766447,"lat":39.867674135419804}},"geometry":{"type":"Polygon","coordinates":[[[-2.29005,39.84853],[-2.2832,39.84447],[-2.27963,39.84572],[-2.27287,39.84567],[-2.26029,39.84224],[-2.2526,39.84153],[-2.24787,39.84152],[-2.24477,39.8432],[-2.2346,39.84344],[-2.225,39.83943],[-2.22204,39.83525],[-2.21864,39.83348],[-2.21272,39.83315],[-2.20157,39.82755],[-2.19351,39.83384],[-2.18185,39.83972],[-2.1702,39.85029],[-2.16843,39.85431],[-2.1527,39.86989],[-2.14748,39.87372],[-2.14585,39.877],[-2.15897,39.87993],[-2.18079,39.89309],[-2.19401,39.89935],[-2.19903,39.89571],[-2.20424,39.89683],[-2.21324,39.89552],[-2.21681,39.89625],[-2.21946,39.89985],[-2.22307,39.90143],[-2.23518,39.89896],[-2.25257,39.90047],[-2.25433,39.90206],[-2.26211,39.90094],[-2.26524,39.89691],[-2.27253,39.89701],[-2.27443,39.89275],[-2.2726,39.88967],[-2.26578,39.8883],[-2.26441,39.8856],[-2.27801,39.87922],[-2.27065,39.878],[-2.26996,39.87087],[-2.26633,39.86628],[-2.26686,39.86446],[-2.26865,39.86337],[-2.27355,39.86389],[-2.2735,39.85912],[-2.28703,39.85325],[-2.29021,39.84897],[-2.29005,39.84853]]]}},{"type":"Feature","properties":{"mun_code":"16068","mun_name":"Castillejo de Iniesta","mun_name_local":null,"prov_code":"16","prov_name":"Cuenca","acom_code":"08","acom_name":"Castilla-La Mancha","geo_point_2d":{"lon":-1.751225855629838,"lat":39.530485439294225}},"geometry":{"type":"Polygon","coordinates":[[[-1.71557,39.54272],[-1.71901,39.54987],[-1.74321,39.54913],[-1.76736,39.55227],[-1.79177,39.54406],[-1.79056,39.52206],[-1.76643,39.50752],[-1.70959,39.515],[-1.71427,39.53913],[-1.71557,39.54272]]]}},{"type":"Feature","properties":{"mun_code":"16246","mun_name":"Villalba del Rey","mun_name_local":null,"prov_code":"16","prov_name":"Cuenca","acom_code":"08","acom_name":"Castilla-La Mancha","geo_point_2d":{"lon":-2.664208804767916,"lat":40.34765530855878}},"geometry":{"type":"Polygon","coordinates":[[[-2.73284,40.32376],[-2.72396,40.3146],[-2.71882,40.30447],[-2.71891,40.2953],[-2.72187,40.29047],[-2.72158,40.287],[-2.70683,40.28709],[-2.70328,40.29316],[-2.69768,40.29793],[-2.68024,40.30404],[-2.66185,40.29527],[-2.63629,40.29217],[-2.63565,40.3084],[-2.63389,40.31226],[-2.62213,40.32916],[-2.60948,40.34282],[-2.60243,40.3558],[-2.58302,40.37479],[-2.58086,40.38201],[-2.58805,40.38728],[-2.60171,40.38095],[-2.6113,40.38497],[-2.62502,40.38555],[-2.63847,40.38438],[-2.65009,40.3883],[-2.66176,40.399],[-2.67414,40.39965],[-2.68077,40.40271],[-2.68629,40.39704],[-2.69067,40.39513],[-2.69714,40.40266],[-2.70509,40.416],[-2.71743,40.41982],[-2.71874,40.41773],[-2.71199,40.41387],[-2.71353,40.41057],[-2.70406,40.39953],[-2.70301,40.38516],[-2.70552,40.36391],[-2.71049,40.35478],[-2.71382,40.352],[-2.71013,40.34104],[-2.71413,40.33875],[-2.72259,40.32768],[-2.73284,40.32376]]]}},{"type":"Feature","properties":{"mun_code":"16083","mun_name":"Fresneda de Altarejos","mun_name_local":null,"prov_code":"16","prov_name":"Cuenca","acom_code":"08","acom_name":"Castilla-La Mancha","geo_point_2d":{"lon":-2.302326753747545,"lat":39.928633858021456}},"geometry":{"type":"Polygon","coordinates":[[[-2.37346,39.96011],[-2.36568,39.95074],[-2.36583,39.94769],[-2.36169,39.94335],[-2.35338,39.93929],[-2.34601,39.9323],[-2.34335,39.93225],[-2.33853,39.9293],[-2.33654,39.92332],[-2.32519,39.91255],[-2.32126,39.9065],[-2.32104,39.90294],[-2.3121,39.89191],[-2.2987,39.88458],[-2.27922,39.87691],[-2.27518,39.8767],[-2.27289,39.87806],[-2.27743,39.87861],[-2.27789,39.87975],[-2.27191,39.88127],[-2.26421,39.8864],[-2.26624,39.88853],[-2.27402,39.89095],[-2.27253,39.89701],[-2.26604,39.89667],[-2.26324,39.89821],[-2.25919,39.90893],[-2.25204,39.90633],[-2.2492,39.91551],[-2.23917,39.92487],[-2.23997,39.92722],[-2.24653,39.92582],[-2.24954,39.92696],[-2.24951,39.92889],[-2.24283,39.93355],[-2.25007,39.94249],[-2.2631,39.9449],[-2.26578,39.94892],[-2.27061,39.94874],[-2.27875,39.9519],[-2.29287,39.96178],[-2.29942,39.96391],[-2.30622,39.95471],[-2.31034,39.95371],[-2.32225,39.9543],[-2.32299,39.95603],[-2.33344,39.96309],[-2.34372,39.96656],[-2.34924,39.97124],[-2.35202,39.9769],[-2.35845,39.98088],[-2.36032,39.97826],[-2.35909,39.97335],[-2.36047,39.96929],[-2.36996,39.96302],[-2.37346,39.96011]]]}},{"type":"Feature","properties":{"mun_code":"16058","mun_name":"Carrascosa de Haro","mun_name_local":null,"prov_code":"16","prov_name":"Cuenca","acom_code":"08","acom_name":"Castilla-La Mancha","geo_point_2d":{"lon":-2.5519192438137352,"lat":39.591325091276964}},"geometry":{"type":"Polygon","coordinates":[[[-2.59156,39.61172],[-2.59241,39.60572],[-2.5912,39.60195],[-2.58524,39.59505],[-2.5792,39.59081],[-2.5797,39.57962],[-2.5725,39.56688],[-2.56814,39.56223],[-2.56336,39.56217],[-2.55979,39.56522],[-2.5593,39.57243],[-2.54595,39.57085],[-2.53905,39.57127],[-2.52152,39.56457],[-2.51851,39.56501],[-2.51643,39.5639],[-2.51386,39.56482],[-2.50928,39.5721],[-2.50605,39.58265],[-2.51433,39.58654],[-2.52239,39.58542],[-2.52454,39.58774],[-2.52526,39.59416],[-2.52331,39.59973],[-2.52345,39.60551],[-2.53889,39.61297],[-2.55499,39.6135],[-2.57029,39.62122],[-2.58446,39.6169],[-2.59151,39.61245],[-2.59156,39.61172]]]}},{"type":"Feature","properties":{"mun_code":"16186","mun_name":"Saelices","mun_name_local":null,"prov_code":"16","prov_name":"Cuenca","acom_code":"08","acom_name":"Castilla-La Mancha","geo_point_2d":{"lon":-2.8036433429729515,"lat":39.89926902368431}},"geometry":{"type":"Polygon","coordinates":[[[-2.8502,39.92261],[-2.84309,39.90786],[-2.84571,39.90708],[-2.85017,39.88369],[-2.85368,39.87448],[-2.85738,39.87049],[-2.85344,39.8631],[-2.85185,39.85344],[-2.84975,39.85208],[-2.85095,39.84675],[-2.84162,39.83856],[-2.8348,39.84085],[-2.82171,39.85563],[-2.8044,39.86419],[-2.78393,39.86412],[-2.77531,39.86172],[-2.76847,39.863],[-2.74923,39.8764],[-2.7384,39.88107],[-2.73757,39.88606],[-2.73516,39.88939],[-2.74524,39.90191],[-2.74634,39.90554],[-2.75221,39.91038],[-2.7567,39.91826],[-2.76704,39.91956],[-2.77257,39.92379],[-2.78065,39.95507],[-2.80842,39.95312],[-2.81088,39.95075],[-2.81688,39.95074],[-2.82521,39.94617],[-2.83667,39.94387],[-2.84459,39.93655],[-2.85017,39.92322],[-2.8502,39.92261]]]}},{"type":"Feature","properties":{"mun_code":"16247","mun_name":"Villalgordo del Marquesado","mun_name_local":null,"prov_code":"16","prov_name":"Cuenca","acom_code":"08","acom_name":"Castilla-La Mancha","geo_point_2d":{"lon":-2.511202825966321,"lat":39.68173090215618}},"geometry":{"type":"Polygon","coordinates":[[[-2.5683,39.67865],[-2.5529,39.67243],[-2.54295,39.68156],[-2.53058,39.65984],[-2.4868,39.65828],[-2.47743,39.66148],[-2.47776,39.67006],[-2.46586,39.68426],[-2.46054,39.69569],[-2.46537,39.69486],[-2.47282,39.69766],[-2.47903,39.69475],[-2.52089,39.70391],[-2.54212,39.70411],[-2.55374,39.68895],[-2.5683,39.67865]]]}},{"type":"Feature","properties":{"mun_code":"16123","mun_name":"Masegosa","mun_name_local":null,"prov_code":"16","prov_name":"Cuenca","acom_code":"08","acom_name":"Castilla-La Mancha","geo_point_2d":{"lon":-1.9832718585018037,"lat":40.54154888331759}},"geometry":{"type":"Polygon","coordinates":[[[-2.04897,40.55938],[-2.04733,40.5374],[-2.04376,40.53111],[-2.01527,40.54008],[-2.00631,40.54033],[-1.99215,40.53857],[-1.98716,40.53995],[-1.98009,40.53785],[-1.97326,40.53062],[-1.96801,40.52735],[-1.95909,40.51695],[-1.95567,40.52084],[-1.95265,40.51865],[-1.94272,40.51753],[-1.93059,40.50459],[-1.93059,40.51045],[-1.92835,40.51511],[-1.93262,40.51904],[-1.93148,40.51953],[-1.92447,40.51941],[-1.92066,40.52184],[-1.9175,40.51858],[-1.91598,40.51932],[-1.90417,40.51115],[-1.90589,40.51905],[-1.90922,40.52296],[-1.91206,40.52214],[-1.92593,40.53197],[-1.9364,40.53532],[-1.9494,40.54206],[-1.94505,40.54837],[-1.95097,40.55491],[-1.95105,40.55733],[-1.95436,40.55861],[-1.97006,40.55946],[-1.9993,40.55572],[-2.01425,40.55842],[-2.02899,40.56574],[-2.03713,40.56645],[-2.04202,40.5664],[-2.04587,40.5608],[-2.04897,40.55938]]]}},{"type":"Feature","properties":{"mun_code":"16157","mun_name":"La Pesquera","mun_name_local":null,"prov_code":"16","prov_name":"Cuenca","acom_code":"08","acom_name":"Castilla-La Mancha","geo_point_2d":{"lon":-1.5697960835823292,"lat":39.58299044190018}},"geometry":{"type":"Polygon","coordinates":[[[-1.65034,39.58592],[-1.63451,39.57774],[-1.62625,39.57116],[-1.62513,39.56837],[-1.61938,39.56953],[-1.60991,39.5674],[-1.59263,39.54745],[-1.54902,39.54369],[-1.54313,39.5441],[-1.53029,39.5477],[-1.52427,39.54671],[-1.51785,39.55191],[-1.50308,39.55215],[-1.50358,39.55594],[-1.50087,39.55802],[-1.50436,39.5639],[-1.50444,39.57256],[-1.51355,39.57516],[-1.51028,39.57789],[-1.51167,39.57949],[-1.51708,39.57748],[-1.5188,39.57902],[-1.51682,39.58522],[-1.52658,39.59286],[-1.52621,39.59599],[-1.52291,39.59991],[-1.52764,39.60476],[-1.5294,39.60541],[-1.53157,39.60412],[-1.54366,39.61163],[-1.54852,39.6133],[-1.55363,39.61319],[-1.54959,39.61663],[-1.55052,39.62041],[-1.54842,39.62763],[-1.55339,39.634],[-1.5589,39.63517],[-1.57706,39.62988],[-1.58039,39.62192],[-1.58664,39.61773],[-1.61277,39.6058],[-1.62516,39.60456],[-1.65034,39.58592]]]}},{"type":"Feature","properties":{"mun_code":"16099","mun_name":"La Hinojosa","mun_name_local":null,"prov_code":"16","prov_name":"Cuenca","acom_code":"08","acom_name":"Castilla-La Mancha","geo_point_2d":{"lon":-2.424983211283969,"lat":39.72660303105928}},"geometry":{"type":"Polygon","coordinates":[[[-2.47282,39.69766],[-2.46537,39.69486],[-2.45852,39.69594],[-2.44921,39.69464],[-2.44287,39.69106],[-2.43558,39.69362],[-2.42714,39.69888],[-2.40387,39.70864],[-2.36716,39.73502],[-2.36774,39.7369],[-2.37869,39.7453],[-2.384,39.75442],[-2.38984,39.75717],[-2.40212,39.75727],[-2.41836,39.75388],[-2.42849,39.75358],[-2.42929,39.75249],[-2.42963,39.75412],[-2.43256,39.75235],[-2.43814,39.75352],[-2.43791,39.75239],[-2.44283,39.74995],[-2.45907,39.74612],[-2.4623,39.73142],[-2.47151,39.71263],[-2.47365,39.70417],[-2.47307,39.70024],[-2.47282,39.69766]]]}},{"type":"Feature","properties":{"mun_code":"16044","mun_name":"Campillos-Sierra","mun_name_local":null,"prov_code":"16","prov_name":"Cuenca","acom_code":"08","acom_name":"Castilla-La Mancha","geo_point_2d":{"lon":-1.686548479700475,"lat":40.09226014039584}},"geometry":{"type":"Polygon","coordinates":[[[-1.73295,40.06597],[-1.73024,40.06183],[-1.72135,40.05804],[-1.71649,40.05437],[-1.71389,40.05495],[-1.71102,40.05385],[-1.70766,40.05649],[-1.70199,40.06542],[-1.68752,40.06488],[-1.68459,40.06917],[-1.6713,40.07086],[-1.6652,40.07776],[-1.65077,40.07984],[-1.6482,40.08316],[-1.64514,40.0819],[-1.64329,40.08409],[-1.63411,40.0865],[-1.62835,40.09079],[-1.62961,40.0905],[-1.63209,40.09475],[-1.63826,40.09913],[-1.63896,40.10154],[-1.65273,40.10422],[-1.66529,40.12236],[-1.67843,40.12068],[-1.70688,40.12485],[-1.71383,40.12343],[-1.71486,40.11661],[-1.71983,40.10885],[-1.71574,40.0935],[-1.72386,40.07291],[-1.73295,40.06597]]]}},{"type":"Feature","properties":{"mun_code":"16253","mun_name":"Villar de Cañas","mun_name_local":null,"prov_code":"16","prov_name":"Cuenca","acom_code":"08","acom_name":"Castilla-La Mancha","geo_point_2d":{"lon":-2.580785117618148,"lat":39.802449289461656}},"geometry":{"type":"Polygon","coordinates":[[[-2.64554,39.81508],[-2.63989,39.80491],[-2.62394,39.79665],[-2.61806,39.78637],[-2.60597,39.77637],[-2.59918,39.76871],[-2.59842,39.75622],[-2.60689,39.74574],[-2.60282,39.74628],[-2.59952,39.75015],[-2.58562,39.75756],[-2.57375,39.75675],[-2.56515,39.75367],[-2.5528,39.75332],[-2.51993,39.79178],[-2.52862,39.79604],[-2.52871,39.80368],[-2.53088,39.80487],[-2.53265,39.80992],[-2.53698,39.81221],[-2.5449,39.82509],[-2.55207,39.82983],[-2.55236,39.83412],[-2.55652,39.83373],[-2.55683,39.83198],[-2.56219,39.83431],[-2.5678,39.83453],[-2.57585,39.84108],[-2.58085,39.84012],[-2.5796,39.84213],[-2.58429,39.84367],[-2.58314,39.84387],[-2.58417,39.84774],[-2.5763,39.84819],[-2.5831,39.85264],[-2.58719,39.85825],[-2.59741,39.85949],[-2.60344,39.86192],[-2.60591,39.86192],[-2.60897,39.85826],[-2.60777,39.85152],[-2.61801,39.8323],[-2.6339,39.81854],[-2.64256,39.81598],[-2.64554,39.81508]]]}},{"type":"Feature","properties":{"mun_code":"16047","mun_name":"Cañada Juncosa","mun_name_local":null,"prov_code":"16","prov_name":"Cuenca","acom_code":"08","acom_name":"Castilla-La Mancha","geo_point_2d":{"lon":-2.229303123054759,"lat":39.55608971123572}},"geometry":{"type":"Polygon","coordinates":[[[-2.32647,39.51129],[-2.30576,39.50604],[-2.29757,39.50269],[-2.29483,39.5083],[-2.28776,39.51368],[-2.27122,39.53181],[-2.26065,39.53598],[-2.25187,39.5425],[-2.24162,39.54726],[-2.22556,39.55218],[-2.2087,39.55319],[-2.18918,39.54971],[-2.19832,39.53678],[-2.19582,39.53506],[-2.18709,39.53618],[-2.18043,39.55235],[-2.16905,39.55627],[-2.16856,39.55905],[-2.12305,39.58144],[-2.12436,39.58482],[-2.13023,39.58383],[-2.13593,39.58454],[-2.14373,39.57968],[-2.16351,39.57451],[-2.17689,39.57834],[-2.17904,39.58146],[-2.17848,39.58626],[-2.19099,39.57753],[-2.20841,39.572],[-2.22656,39.58004],[-2.24089,39.57934],[-2.25009,39.57568],[-2.26216,39.56762],[-2.26461,39.57324],[-2.26812,39.57423],[-2.27101,39.57174],[-2.26894,39.56851],[-2.27247,39.56532],[-2.28655,39.55991],[-2.28733,39.54253],[-2.29494,39.53315],[-2.29609,39.5261],[-2.30345,39.51207],[-2.3078,39.5084],[-2.31014,39.50808],[-2.32612,39.51199],[-2.32647,39.51129]]]}},{"type":"Feature","properties":{"mun_code":"16197","mun_name":"Santa María del Val","mun_name_local":null,"prov_code":"16","prov_name":"Cuenca","acom_code":"08","acom_name":"Castilla-La Mancha","geo_point_2d":{"lon":-2.049950275389724,"lat":40.48878302034738}},"geometry":{"type":"Polygon","coordinates":[[[-2.12241,40.49296],[-2.10555,40.48099],[-2.0975,40.48117],[-2.09194,40.47949],[-2.08109,40.47226],[-2.06725,40.46573],[-2.04546,40.46205],[-2.0216,40.46039],[-2.00169,40.46346],[-1.99688,40.46479],[-1.98839,40.47054],[-1.98583,40.47599],[-1.9834,40.47764],[-1.98549,40.47826],[-1.99376,40.48842],[-2.00189,40.48752],[-2.00371,40.48842],[-2.00802,40.49671],[-2.00957,40.49678],[-2.00867,40.49975],[-2.01506,40.50386],[-2.03106,40.5107],[-2.03564,40.50956],[-2.03589,40.50754],[-2.03899,40.50926],[-2.05261,40.52502],[-2.05429,40.5254],[-2.06343,40.52234],[-2.06723,40.52335],[-2.07141,40.522],[-2.08298,40.51339],[-2.08524,40.50899],[-2.09339,40.50673],[-2.09634,40.50324],[-2.11247,40.49842],[-2.11547,40.4955],[-2.12177,40.49332],[-2.12241,40.49296]]]}},{"type":"Feature","properties":{"mun_code":"16264","mun_name":"Villarejo de Fuentes","mun_name_local":null,"prov_code":"16","prov_name":"Cuenca","acom_code":"08","acom_name":"Castilla-La Mancha","geo_point_2d":{"lon":-2.680673696020203,"lat":39.75975914297945}},"geometry":{"type":"Polygon","coordinates":[[[-2.78921,39.7528],[-2.78673,39.74957],[-2.78583,39.74222],[-2.77501,39.74612],[-2.75046,39.74757],[-2.74251,39.7463],[-2.73566,39.74345],[-2.72893,39.73817],[-2.72041,39.72849],[-2.69903,39.71542],[-2.69232,39.70456],[-2.68299,39.69725],[-2.6776,39.69694],[-2.63736,39.70688],[-2.63114,39.71104],[-2.62302,39.71218],[-2.62364,39.71701],[-2.61672,39.72149],[-2.61517,39.72538],[-2.61479,39.72813],[-2.61779,39.73472],[-2.60146,39.75128],[-2.59842,39.75622],[-2.59795,39.76451],[-2.60203,39.77228],[-2.61859,39.787],[-2.62394,39.79665],[-2.63989,39.80491],[-2.64554,39.81508],[-2.66153,39.81079],[-2.66719,39.81171],[-2.67717,39.8162],[-2.68066,39.81633],[-2.71824,39.80669],[-2.72976,39.80492],[-2.7273,39.80093],[-2.72562,39.79133],[-2.72689,39.78934],[-2.74225,39.78917],[-2.74921,39.78567],[-2.76041,39.78277],[-2.76551,39.77902],[-2.77523,39.76515],[-2.78852,39.75342],[-2.78921,39.7528]]]}},{"type":"Feature","properties":{"mun_code":"16097","mun_name":"Henarejos","mun_name_local":null,"prov_code":"16","prov_name":"Cuenca","acom_code":"08","acom_name":"Castilla-La Mancha","geo_point_2d":{"lon":-1.480800041421122,"lat":39.832001659740946}},"geometry":{"type":"Polygon","coordinates":[[[-1.56849,39.78675],[-1.56012,39.77735],[-1.55159,39.77681],[-1.54432,39.77391],[-1.52233,39.77267],[-1.51921,39.77346],[-1.50852,39.78081],[-1.49437,39.78161],[-1.49054,39.77838],[-1.48112,39.77451],[-1.46781,39.77547],[-1.46334,39.77403],[-1.45158,39.77544],[-1.44811,39.77724],[-1.44307,39.77508],[-1.43523,39.77578],[-1.42549,39.77315],[-1.42599,39.7751],[-1.42335,39.7757],[-1.42298,39.77896],[-1.42039,39.7801],[-1.42272,39.78281],[-1.42161,39.78986],[-1.4189,39.79276],[-1.41415,39.79223],[-1.41483,39.79739],[-1.41336,39.79857],[-1.41167,39.79751],[-1.40978,39.80046],[-1.40805,39.80748],[-1.4121,39.81057],[-1.40894,39.81056],[-1.40951,39.81706],[-1.40814,39.81985],[-1.40945,39.82317],[-1.4127,39.82414],[-1.41109,39.82626],[-1.41274,39.83354],[-1.41035,39.83693],[-1.41243,39.83847],[-1.41189,39.84251],[-1.41487,39.84575],[-1.41615,39.85201],[-1.41488,39.85378],[-1.41567,39.85597],[-1.41139,39.85922],[-1.41218,39.86203],[-1.41568,39.86366],[-1.41352,39.86621],[-1.4156,39.86826],[-1.41374,39.87185],[-1.41598,39.87495],[-1.41736,39.87434],[-1.41853,39.8757],[-1.41796,39.87716],[-1.42495,39.88569],[-1.42704,39.89196],[-1.44633,39.89348],[-1.46823,39.89421],[-1.48201,39.89303],[-1.49773,39.89433],[-1.5042,39.89704],[-1.51161,39.90252],[-1.52821,39.89375],[-1.53115,39.89014],[-1.53694,39.887],[-1.53574,39.87735],[-1.53101,39.87065],[-1.53011,39.86634],[-1.53656,39.84706],[-1.54175,39.8393],[-1.55037,39.8072],[-1.55259,39.80344],[-1.56464,39.79449],[-1.56751,39.78861],[-1.56849,39.78675]]]}},{"type":"Feature","properties":{"mun_code":"16206","mun_name":"Tinajas","mun_name_local":null,"prov_code":"16","prov_name":"Cuenca","acom_code":"08","acom_name":"Castilla-La Mancha","geo_point_2d":{"lon":-2.5829209610145685,"lat":40.33366280980456}},"geometry":{"type":"Polygon","coordinates":[[[-2.63629,40.29217],[-2.62423,40.2918],[-2.60913,40.2969],[-2.58249,40.30061],[-2.57335,40.31078],[-2.56709,40.32102],[-2.55579,40.32559],[-2.54662,40.33126],[-2.53418,40.33431],[-2.52737,40.3393],[-2.51936,40.33969],[-2.51734,40.34188],[-2.51878,40.34635],[-2.52497,40.35048],[-2.53269,40.35937],[-2.5543,40.362],[-2.5633,40.36995],[-2.57606,40.37277],[-2.58086,40.38201],[-2.58302,40.37479],[-2.60243,40.3558],[-2.60948,40.34282],[-2.62846,40.3209],[-2.63521,40.30982],[-2.63602,40.29924],[-2.63629,40.29217]]]}},{"type":"Feature","properties":{"mun_code":"16163","mun_name":"Portilla","mun_name_local":null,"prov_code":"16","prov_name":"Cuenca","acom_code":"08","acom_name":"Castilla-La Mancha","geo_point_2d":{"lon":-2.074329488692771,"lat":40.29929768529363}},"geometry":{"type":"Polygon","coordinates":[[[-2.11408,40.30571],[-2.1121,40.29179],[-2.10483,40.28747],[-2.10303,40.27304],[-2.06903,40.26973],[-2.0526,40.2761],[-2.03435,40.28591],[-2.04113,40.31279],[-2.04725,40.31367],[-2.06832,40.33065],[-2.06372,40.33905],[-2.07076,40.33645],[-2.07327,40.33182],[-2.09039,40.33312],[-2.09347,40.32411],[-2.09376,40.31656],[-2.10491,40.30919],[-2.11408,40.30571]]]}},{"type":"Feature","properties":{"mun_code":"16169","mun_name":"El Pozuelo","mun_name_local":null,"prov_code":"16","prov_name":"Cuenca","acom_code":"08","acom_name":"Castilla-La Mancha","geo_point_2d":{"lon":-2.264641941154546,"lat":40.596441125731154}},"geometry":{"type":"Polygon","coordinates":[[[-2.29766,40.57284],[-2.29162,40.5646],[-2.2877,40.55575],[-2.27828,40.55032],[-2.27233,40.54231],[-2.27124,40.54774],[-2.26608,40.55095],[-2.25259,40.56506],[-2.24793,40.56485],[-2.24394,40.5673],[-2.23827,40.57775],[-2.23834,40.58552],[-2.23679,40.58872],[-2.22754,40.59632],[-2.22752,40.60132],[-2.23377,40.6092],[-2.23172,40.61313],[-2.23163,40.61928],[-2.23546,40.62703],[-2.25484,40.63218],[-2.2746,40.64475],[-2.27686,40.63727],[-2.27997,40.63378],[-2.2904,40.63024],[-2.29478,40.62291],[-2.29422,40.61169],[-2.287,40.59758],[-2.28604,40.59222],[-2.28675,40.58878],[-2.29032,40.58596],[-2.2922,40.57901],[-2.29621,40.57404],[-2.29766,40.57284]]]}},{"type":"Feature","properties":{"mun_code":"16270","mun_name":"Villarrubio","mun_name_local":null,"prov_code":"16","prov_name":"Cuenca","acom_code":"08","acom_name":"Castilla-La Mancha","geo_point_2d":{"lon":-2.907093294541207,"lat":39.946826000841455}},"geometry":{"type":"Polygon","coordinates":[[[-2.96412,39.95783],[-2.95036,39.94177],[-2.9464,39.94358],[-2.9339,39.94378],[-2.93626,39.93061],[-2.93232,39.92897],[-2.92777,39.93025],[-2.90298,39.92858],[-2.88878,39.93043],[-2.88335,39.92973],[-2.87777,39.93298],[-2.87197,39.93383],[-2.85503,39.92721],[-2.8502,39.92261],[-2.84874,39.92869],[-2.84399,39.9369],[-2.85272,39.93985],[-2.86451,39.94877],[-2.86993,39.95533],[-2.88246,39.96315],[-2.89359,39.96087],[-2.89501,39.95941],[-2.89574,39.9605],[-2.90156,39.95665],[-2.90234,39.95809],[-2.91079,39.95576],[-2.9183,39.95884],[-2.92883,39.96611],[-2.94323,39.97157],[-2.94517,39.97399],[-2.95284,39.97197],[-2.95641,39.9619],[-2.95933,39.95896],[-2.96412,39.95783]]]}},{"type":"Feature","properties":{"mun_code":"16040","mun_name":"Buenache de la Sierra","mun_name_local":null,"prov_code":"16","prov_name":"Cuenca","acom_code":"08","acom_name":"Castilla-La Mancha","geo_point_2d":{"lon":-1.9845521268392718,"lat":40.12525854945402}},"geometry":{"type":"Polygon","coordinates":[[[-2.04293,40.10272],[-2.0379,40.09991],[-2.03135,40.09851],[-2.01793,40.10127],[-2.00347,40.10029],[-1.98868,40.09746],[-1.98539,40.09798],[-1.97627,40.09024],[-1.96393,40.09611],[-1.95681,40.09703],[-1.93852,40.10476],[-1.92738,40.1048],[-1.92387,40.11356],[-1.9273,40.11694],[-1.93037,40.13233],[-1.93539,40.13588],[-1.93744,40.14242],[-1.93433,40.15108],[-1.93687,40.15331],[-1.95799,40.16017],[-1.99703,40.15551],[-2.03241,40.14075],[-2.04092,40.12795],[-2.0539,40.12024],[-2.04991,40.11502],[-2.04807,40.10797],[-2.04259,40.10532],[-2.04293,40.10272]]]}},{"type":"Feature","properties":{"mun_code":"16150","mun_name":"Paracuellos","mun_name_local":null,"prov_code":"16","prov_name":"Cuenca","acom_code":"08","acom_name":"Castilla-La Mancha","geo_point_2d":{"lon":-1.7666929182619378,"lat":39.71559782978656}},"geometry":{"type":"Polygon","coordinates":[[[-1.84753,39.74918],[-1.85238,39.72096],[-1.82947,39.70701],[-1.82106,39.69072],[-1.79291,39.66822],[-1.78669,39.66682],[-1.74111,39.65803],[-1.72868,39.66256],[-1.71049,39.67545],[-1.69808,39.67982],[-1.69341,39.68336],[-1.69041,39.69202],[-1.69424,39.7056],[-1.68961,39.7085],[-1.67777,39.70731],[-1.66802,39.71008],[-1.66598,39.71375],[-1.66693,39.7201],[-1.66891,39.72217],[-1.66767,39.72609],[-1.66978,39.73375],[-1.68652,39.735],[-1.69099,39.73779],[-1.71155,39.73392],[-1.71637,39.73801],[-1.73351,39.7394],[-1.74585,39.73809],[-1.76391,39.74773],[-1.76521,39.7608],[-1.76743,39.76382],[-1.77958,39.76942],[-1.78523,39.77415],[-1.79342,39.77815],[-1.79491,39.77531],[-1.80695,39.77936],[-1.82959,39.76111],[-1.83551,39.75964],[-1.8456,39.7544],[-1.84713,39.75012],[-1.84753,39.74918]]]}},{"type":"Feature","properties":{"mun_code":"16122","mun_name":"Mariana","mun_name_local":null,"prov_code":"16","prov_name":"Cuenca","acom_code":"08","acom_name":"Castilla-La Mancha","geo_point_2d":{"lon":-2.125355799297952,"lat":40.17311200705839}},"geometry":{"type":"Polygon","coordinates":[[[-2.18313,40.17741],[-2.17908,40.16983],[-2.17926,40.15607],[-2.17511,40.14991],[-2.16701,40.15163],[-2.15125,40.14872],[-2.13172,40.14805],[-2.12629,40.14518],[-2.12011,40.14714],[-2.11504,40.14507],[-2.10916,40.15181],[-2.1073,40.15168],[-2.10459,40.15386],[-2.0935,40.15474],[-2.08452,40.16014],[-2.08471,40.16432],[-2.08006,40.17365],[-2.08021,40.17823],[-2.07691,40.1877],[-2.0764,40.20041],[-2.11362,40.20503],[-2.11931,40.19482],[-2.12289,40.19307],[-2.13424,40.19276],[-2.15106,40.18533],[-2.18049,40.17822],[-2.18313,40.17741]]]}},{"type":"Feature","properties":{"mun_code":"16064","mun_name":"Casas de Haro","mun_name_local":null,"prov_code":"16","prov_name":"Cuenca","acom_code":"08","acom_name":"Castilla-La Mancha","geo_point_2d":{"lon":-2.2613143144900447,"lat":39.294309336220486}},"geometry":{"type":"Polygon","coordinates":[[[-2.34572,39.31287],[-2.33206,39.30041],[-2.32896,39.29319],[-2.3221,39.28568],[-2.31992,39.27817],[-2.31456,39.27683],[-2.30183,39.26361],[-2.30025,39.25908],[-2.30261,39.25184],[-2.29751,39.24117],[-2.2918,39.23511],[-2.28854,39.22648],[-2.28115,39.23071],[-2.24544,39.24478],[-2.21947,39.26148],[-2.20814,39.26147],[-2.20595,39.26624],[-2.18034,39.27014],[-2.18047,39.27498],[-2.17838,39.27847],[-2.18036,39.27778],[-2.18388,39.27897],[-2.19419,39.30028],[-2.19722,39.30185],[-2.19565,39.30547],[-2.21032,39.32723],[-2.229,39.33448],[-2.25629,39.34851],[-2.27653,39.35455],[-2.28366,39.35434],[-2.29623,39.36239],[-2.29331,39.3557],[-2.29745,39.3449],[-2.30596,39.33396],[-2.31311,39.31532],[-2.33938,39.31325],[-2.34572,39.31287]]]}},{"type":"Feature","properties":{"mun_code":"16175","mun_name":"Quintanar del Rey","mun_name_local":null,"prov_code":"16","prov_name":"Cuenca","acom_code":"08","acom_name":"Castilla-La Mancha","geo_point_2d":{"lon":-1.940567277616843,"lat":39.33764353036521}},"geometry":{"type":"Polygon","coordinates":[[[-2.00691,39.35406],[-2.00056,39.33987],[-1.99682,39.33923],[-1.99652,39.33709],[-1.99461,39.33685],[-1.99309,39.33893],[-1.99033,39.33886],[-1.99173,39.33633],[-1.98898,39.33178],[-1.98632,39.33041],[-1.98755,39.32762],[-1.99204,39.32749],[-1.99319,39.32261],[-2.00252,39.31962],[-2.00646,39.31703],[-1.99508,39.30981],[-1.9898,39.29368],[-1.96659,39.30004],[-1.93687,39.30396],[-1.88708,39.30479],[-1.88016,39.32305],[-1.87269,39.35146],[-1.8862,39.36952],[-1.90466,39.36634],[-1.93009,39.37407],[-1.93569,39.37622],[-1.93856,39.379],[-1.95426,39.3775],[-1.96807,39.37441],[-1.97116,39.37602],[-1.97565,39.37587],[-1.97863,39.37309],[-1.98816,39.37029],[-2.00691,39.35406]]]}},{"type":"Feature","properties":{"mun_code":"16115","mun_name":"Laguna del Marquesado","mun_name_local":null,"prov_code":"16","prov_name":"Cuenca","acom_code":"08","acom_name":"Castilla-La Mancha","geo_point_2d":{"lon":-1.673166170143919,"lat":40.19186097420947}},"geometry":{"type":"Polygon","coordinates":[[[-1.71284,40.19088],[-1.70565,40.18347],[-1.69615,40.17706],[-1.68951,40.16777],[-1.68541,40.16489],[-1.68532,40.1612],[-1.67538,40.15764],[-1.67184,40.14927],[-1.64065,40.16445],[-1.63971,40.17119],[-1.62376,40.17694],[-1.64456,40.19806],[-1.64749,40.20379],[-1.68205,40.23031],[-1.6863,40.23073],[-1.68987,40.23703],[-1.69417,40.23928],[-1.7,40.2362],[-1.70775,40.2276],[-1.6989,40.21393],[-1.71049,40.19446],[-1.71284,40.19088]]]}},{"type":"Feature","properties":{"mun_code":"16228","mun_name":"Valdeolivas","mun_name_local":null,"prov_code":"16","prov_name":"Cuenca","acom_code":"08","acom_name":"Castilla-La Mancha","geo_point_2d":{"lon":-2.4562937793181643,"lat":40.49582586992336}},"geometry":{"type":"Polygon","coordinates":[[[-2.51028,40.47229],[-2.49764,40.46716],[-2.47643,40.46394],[-2.47286,40.46041],[-2.46986,40.45986],[-2.4649,40.4561],[-2.44507,40.45024],[-2.44332,40.45373],[-2.44324,40.46826],[-2.4371,40.4841],[-2.41889,40.50084],[-2.40857,40.50343],[-2.4031,40.5062],[-2.40327,40.50925],[-2.40114,40.51231],[-2.4031,40.51802],[-2.41703,40.53031],[-2.42206,40.53874],[-2.42623,40.54066],[-2.42805,40.54028],[-2.43537,40.53453],[-2.43728,40.53092],[-2.44864,40.52453],[-2.46263,40.52327],[-2.4684,40.52013],[-2.4732,40.51942],[-2.48718,40.51118],[-2.49494,40.50992],[-2.50046,40.49044],[-2.51,40.47256],[-2.51028,40.47229]]]}},{"type":"Feature","properties":{"mun_code":"16189","mun_name":"Salvacañete","mun_name_local":null,"prov_code":"16","prov_name":"Cuenca","acom_code":"08","acom_name":"Castilla-La Mancha","geo_point_2d":{"lon":-1.4882316671839129,"lat":40.13333254604346}},"geometry":{"type":"Polygon","coordinates":[[[-1.54938,40.14886],[-1.54747,40.14518],[-1.54694,40.13552],[-1.54742,40.13277],[-1.54968,40.13241],[-1.5502,40.12842],[-1.5392,40.11585],[-1.53584,40.10956],[-1.53637,40.09898],[-1.53285,40.09517],[-1.51781,40.08709],[-1.51592,40.07919],[-1.51728,40.07393],[-1.49498,40.07688],[-1.48845,40.07444],[-1.47565,40.07262],[-1.46161,40.06485],[-1.44051,40.06895],[-1.43981,40.07395],[-1.43112,40.07869],[-1.41903,40.07995],[-1.41477,40.08321],[-1.41423,40.08818],[-1.42029,40.09351],[-1.4076,40.1014],[-1.4102,40.1045],[-1.42932,40.11359],[-1.44281,40.11804],[-1.45621,40.13095],[-1.45724,40.13506],[-1.44886,40.14534],[-1.44237,40.1576],[-1.4427,40.1668],[-1.43921,40.19701],[-1.47442,40.18504],[-1.5109,40.20372],[-1.52256,40.20193],[-1.53153,40.19291],[-1.54047,40.19136],[-1.54719,40.18603],[-1.54584,40.18095],[-1.55302,40.16948],[-1.54918,40.1596],[-1.54921,40.14927],[-1.54938,40.14886]]]}},{"type":"Feature","properties":{"mun_code":"16132","mun_name":"Mota de Altarejos","mun_name_local":null,"prov_code":"16","prov_name":"Cuenca","acom_code":"08","acom_name":"Castilla-La Mancha","geo_point_2d":{"lon":-2.305181568335461,"lat":39.87222763999863}},"geometry":{"type":"Polygon","coordinates":[[[-2.33726,39.86537],[-2.33614,39.86247],[-2.32752,39.85873],[-2.32662,39.857],[-2.3122,39.85878],[-2.30473,39.85745],[-2.29642,39.85872],[-2.28421,39.85432],[-2.2735,39.85912],[-2.27355,39.86389],[-2.26809,39.86345],[-2.2663,39.86592],[-2.26996,39.87087],[-2.27065,39.878],[-2.27922,39.87691],[-2.2987,39.88458],[-2.3121,39.89191],[-2.31698,39.89816],[-2.31965,39.89422],[-2.33005,39.88547],[-2.333,39.88483],[-2.33505,39.87852],[-2.3342,39.86878],[-2.33651,39.86531],[-2.33726,39.86537]]]}},{"type":"Feature","properties":{"mun_code":"16187","mun_name":"Salinas del Manzano","mun_name_local":null,"prov_code":"16","prov_name":"Cuenca","acom_code":"08","acom_name":"Castilla-La Mancha","geo_point_2d":{"lon":-1.5546146137926307,"lat":40.08377109877175}},"geometry":{"type":"Polygon","coordinates":[[[-1.59242,40.08246],[-1.58814,40.07972],[-1.58258,40.07061],[-1.58131,40.06534],[-1.56897,40.04818],[-1.54927,40.05171],[-1.54774,40.05363],[-1.53579,40.05828],[-1.53442,40.06028],[-1.52641,40.06413],[-1.52498,40.06285],[-1.52086,40.06612],[-1.51788,40.0721],[-1.51597,40.07206],[-1.51728,40.07393],[-1.51592,40.07919],[-1.51781,40.08709],[-1.53285,40.09517],[-1.53637,40.09898],[-1.53584,40.10956],[-1.5392,40.11585],[-1.54828,40.12589],[-1.5891,40.09639],[-1.59344,40.09448],[-1.59045,40.09269],[-1.59266,40.0925],[-1.59182,40.08932],[-1.58736,40.0863],[-1.59164,40.08303],[-1.59242,40.08246]]]}},{"type":"Feature","properties":{"mun_code":"16171","mun_name":"El Provencio","mun_name_local":null,"prov_code":"16","prov_name":"Cuenca","acom_code":"08","acom_name":"Castilla-La Mancha","geo_point_2d":{"lon":-2.570830110748049,"lat":39.380166667229545}},"geometry":{"type":"Polygon","coordinates":[[[-2.62,39.33931],[-2.59659,39.33945],[-2.58573,39.33645],[-2.56789,39.32763],[-2.55199,39.3238],[-2.54754,39.32382],[-2.53206,39.32902],[-2.52897,39.32798],[-2.51116,39.34215],[-2.52278,39.40328],[-2.53153,39.42001],[-2.53248,39.44798],[-2.53753,39.45024],[-2.54253,39.45032],[-2.54795,39.4456],[-2.56071,39.4544],[-2.56232,39.45297],[-2.56,39.44472],[-2.55916,39.43213],[-2.55569,39.42627],[-2.55745,39.4219],[-2.56367,39.42066],[-2.56758,39.41803],[-2.58692,39.42037],[-2.59307,39.42304],[-2.60009,39.43027],[-2.605,39.42785],[-2.60798,39.42812],[-2.60866,39.42672],[-2.60923,39.42795],[-2.61135,39.42746],[-2.61385,39.42549],[-2.61124,39.41947],[-2.61919,39.41596],[-2.62362,39.41135],[-2.62953,39.4103],[-2.62745,39.40607],[-2.63445,39.40382],[-2.62914,39.39636],[-2.62714,39.39716],[-2.63002,39.38745],[-2.63985,39.38516],[-2.63212,39.36005],[-2.62023,39.34158],[-2.62,39.33931]]]}},{"type":"Feature","properties":{"mun_code":"16225","mun_name":"Valdemorillo de la Sierra","mun_name_local":null,"prov_code":"16","prov_name":"Cuenca","acom_code":"08","acom_name":"Castilla-La Mancha","geo_point_2d":{"lon":-1.772148454790806,"lat":40.03351018302173}},"geometry":{"type":"Polygon","coordinates":[[[-1.82456,40.01198],[-1.8192,40.0116],[-1.81504,40.00775],[-1.81423,40.00286],[-1.80637,39.99909],[-1.80587,39.99754],[-1.7882,39.99824],[-1.77404,39.99501],[-1.76695,39.99464],[-1.7435,39.98625],[-1.72786,39.99308],[-1.72911,40.01569],[-1.72784,40.02403],[-1.71102,40.05385],[-1.71389,40.05495],[-1.71649,40.05437],[-1.72135,40.05804],[-1.73102,40.06231],[-1.73358,40.06675],[-1.74261,40.07443],[-1.7522,40.07477],[-1.75913,40.06876],[-1.76743,40.06563],[-1.7793,40.06788],[-1.7977,40.06912],[-1.80533,40.07135],[-1.80938,40.07518],[-1.82054,40.07663],[-1.82487,40.05949],[-1.82473,40.05532],[-1.82259,40.05405],[-1.82602,40.05264],[-1.82486,40.04798],[-1.82681,40.04675],[-1.82694,40.04421],[-1.82504,40.04154],[-1.8285,40.03549],[-1.82616,40.03227],[-1.82072,40.02993],[-1.82243,40.02819],[-1.8177,40.0199],[-1.82012,40.01564],[-1.82354,40.0144],[-1.82416,40.01277],[-1.82456,40.01198]]]}},{"type":"Feature","properties":{"mun_code":"16041","mun_name":"Buendía","mun_name_local":null,"prov_code":"16","prov_name":"Cuenca","acom_code":"08","acom_name":"Castilla-La Mancha","geo_point_2d":{"lon":-2.7626666627038494,"lat":40.373132731811474}},"geometry":{"type":"Polygon","coordinates":[[[-2.81693,40.36379],[-2.81534,40.35919],[-2.81791,40.34751],[-2.81498,40.34519],[-2.81522,40.34193],[-2.81169,40.34438],[-2.81009,40.34239],[-2.81074,40.33989],[-2.81342,40.33871],[-2.81293,40.3371],[-2.81602,40.33641],[-2.81669,40.33469],[-2.8153,40.33222],[-2.81172,40.33131],[-2.81073,40.32781],[-2.8085,40.32693],[-2.78979,40.3286],[-2.7553,40.32419],[-2.73284,40.32376],[-2.72259,40.32768],[-2.71413,40.33875],[-2.71013,40.34104],[-2.71382,40.352],[-2.71049,40.35478],[-2.70552,40.36391],[-2.70301,40.38516],[-2.70406,40.39953],[-2.71353,40.41057],[-2.71879,40.40711],[-2.72529,40.41145],[-2.72803,40.41143],[-2.71969,40.40158],[-2.72068,40.39852],[-2.7229,40.39712],[-2.73712,40.40042],[-2.75022,40.40848],[-2.76002,40.41234],[-2.76987,40.4214],[-2.76189,40.43416],[-2.76007,40.44199],[-2.76248,40.44305],[-2.76911,40.44287],[-2.77685,40.44662],[-2.78095,40.44417],[-2.78464,40.43473],[-2.79004,40.43168],[-2.78604,40.42724],[-2.79061,40.42664],[-2.7943,40.42409],[-2.79962,40.42363],[-2.79762,40.42018],[-2.79807,40.41721],[-2.80264,40.41044],[-2.80768,40.40679],[-2.80452,40.39867],[-2.8103,40.39333],[-2.80943,40.39175],[-2.80589,40.39097],[-2.81146,40.3865],[-2.81288,40.37903],[-2.81216,40.37227],[-2.81462,40.36587],[-2.81697,40.36402],[-2.81693,40.36379]]]}},{"type":"Feature","properties":{"mun_code":"16153","mun_name":"El Pedernoso","mun_name_local":null,"prov_code":"16","prov_name":"Cuenca","acom_code":"08","acom_name":"Castilla-La Mancha","geo_point_2d":{"lon":-2.7518160778648975,"lat":39.47948208867045}},"geometry":{"type":"Polygon","coordinates":[[[-2.79156,39.51071],[-2.79724,39.49421],[-2.8034,39.48818],[-2.80011,39.48407],[-2.79994,39.4811],[-2.79053,39.47488],[-2.78781,39.46969],[-2.78371,39.46643],[-2.7867,39.46185],[-2.78882,39.46111],[-2.78468,39.44804],[-2.78637,39.44506],[-2.78416,39.4414],[-2.78416,39.43755],[-2.77453,39.43382],[-2.75082,39.43618],[-2.73948,39.43883],[-2.7321,39.45316],[-2.71878,39.46361],[-2.69772,39.49014],[-2.69914,39.50263],[-2.69793,39.50761],[-2.69932,39.50998],[-2.71614,39.51015],[-2.7545,39.51583],[-2.76583,39.5152],[-2.78467,39.50907],[-2.79113,39.5106],[-2.79156,39.51071]]]}},{"type":"Feature","properties":{"mun_code":"16274","mun_name":"Víllora","mun_name_local":null,"prov_code":"16","prov_name":"Cuenca","acom_code":"08","acom_name":"Castilla-La Mancha","geo_point_2d":{"lon":-1.5917900677809607,"lat":39.75174565224068}},"geometry":{"type":"Polygon","coordinates":[[[-1.67836,39.75012],[-1.67514,39.74805],[-1.67334,39.74075],[-1.67095,39.73843],[-1.66869,39.74135],[-1.66521,39.74238],[-1.65084,39.7394],[-1.63529,39.73982],[-1.63453,39.73323],[-1.63754,39.73051],[-1.63432,39.72737],[-1.63424,39.72349],[-1.63226,39.7219],[-1.62642,39.72317],[-1.62325,39.72093],[-1.62518,39.71612],[-1.61709,39.71272],[-1.61779,39.70566],[-1.61441,39.70002],[-1.61304,39.70117],[-1.61279,39.70885],[-1.6138,39.71287],[-1.61624,39.7144],[-1.60886,39.71752],[-1.59638,39.71777],[-1.5901,39.71645],[-1.5907,39.71796],[-1.58711,39.71764],[-1.58646,39.7197],[-1.58312,39.7174],[-1.57792,39.71897],[-1.56849,39.71487],[-1.55827,39.71377],[-1.55471,39.71486],[-1.54851,39.72196],[-1.53745,39.72676],[-1.53625,39.73165],[-1.53151,39.73076],[-1.53165,39.73423],[-1.53417,39.73742],[-1.53231,39.74315],[-1.52872,39.74733],[-1.5316,39.7529],[-1.53533,39.75488],[-1.53976,39.76037],[-1.54015,39.76916],[-1.54432,39.77391],[-1.55159,39.77681],[-1.56012,39.77735],[-1.5705,39.78791],[-1.61689,39.79487],[-1.63456,39.78296],[-1.63879,39.77225],[-1.63809,39.76985],[-1.63538,39.7682],[-1.63643,39.76612],[-1.6344,39.76293],[-1.63641,39.76293],[-1.63834,39.76087],[-1.6353,39.758],[-1.64333,39.75085],[-1.66806,39.74807],[-1.67529,39.74962],[-1.67836,39.75012]]]}},{"type":"Feature","properties":{"mun_code":"16107","mun_name":"Huélamo","mun_name_local":null,"prov_code":"16","prov_name":"Cuenca","acom_code":"08","acom_name":"Castilla-La Mancha","geo_point_2d":{"lon":-1.8149283798317155,"lat":40.276952332539985}},"geometry":{"type":"Polygon","coordinates":[[[-1.79409,40.22832],[-1.7823,40.24198],[-1.77854,40.26111],[-1.77444,40.26605],[-1.75858,40.27526],[-1.74875,40.27651],[-1.74495,40.28005],[-1.75054,40.28532],[-1.76099,40.29085],[-1.76445,40.29477],[-1.76937,40.30751],[-1.7672,40.31224],[-1.7692,40.31922],[-1.77173,40.32133],[-1.77458,40.32828],[-1.77988,40.33157],[-1.78431,40.32712],[-1.80161,40.32546],[-1.80896,40.32247],[-1.81673,40.32199],[-1.82121,40.31749],[-1.83949,40.31236],[-1.86107,40.29972],[-1.87226,40.28042],[-1.87276,40.27434],[-1.87039,40.26624],[-1.86456,40.25733],[-1.86444,40.24245],[-1.85416,40.22821],[-1.85073,40.2286],[-1.84378,40.22591],[-1.82271,40.23158],[-1.81964,40.23445],[-1.80465,40.23347],[-1.79926,40.23183],[-1.79409,40.22832]]]}},{"type":"Feature","properties":{"mun_code":"16170","mun_name":"Priego","mun_name_local":null,"prov_code":"16","prov_name":"Cuenca","acom_code":"08","acom_name":"Castilla-La Mancha","geo_point_2d":{"lon":-2.317288427370519,"lat":40.456626793385205}},"geometry":{"type":"Polygon","coordinates":[[[-2.3808,40.41211],[-2.374,40.40931],[-2.36537,40.40321],[-2.33151,40.41787],[-2.2822,40.42327],[-2.27809,40.42564],[-2.27739,40.42918],[-2.27498,40.43105],[-2.27138,40.43136],[-2.26009,40.44413],[-2.26044,40.44722],[-2.26405,40.44812],[-2.26675,40.46178],[-2.26069,40.48614],[-2.25561,40.48792],[-2.25343,40.48746],[-2.25911,40.49211],[-2.26331,40.51047],[-2.26638,40.50885],[-2.27655,40.50782],[-2.27934,40.50618],[-2.28982,40.50437],[-2.29685,40.50099],[-2.30793,40.50227],[-2.31573,40.50023],[-2.31984,40.49779],[-2.32262,40.49777],[-2.33411,40.5025],[-2.33879,40.50135],[-2.34631,40.50287],[-2.35012,40.50137],[-2.34659,40.49798],[-2.34842,40.4959],[-2.346,40.4923],[-2.34724,40.48898],[-2.34508,40.48386],[-2.34681,40.4714],[-2.34342,40.46836],[-2.36424,40.45857],[-2.3832,40.44361],[-2.38386,40.42935],[-2.38129,40.42422],[-2.38125,40.41277],[-2.3808,40.41211]]]}},{"type":"Feature","properties":{"mun_code":"16131","mun_name":"Monteagudo de las Salinas","mun_name_local":null,"prov_code":"16","prov_name":"Cuenca","acom_code":"08","acom_name":"Castilla-La Mancha","geo_point_2d":{"lon":-1.9202295393550004,"lat":39.80947310204648}},"geometry":{"type":"Polygon","coordinates":[[[-2.04145,39.87607],[-2.04792,39.865],[-2.04611,39.86177],[-2.04031,39.85775],[-2.03423,39.86103],[-2.02802,39.86203],[-2.01019,39.8542],[-1.99653,39.85238],[-2.00059,39.84301],[-1.99927,39.83265],[-2.01049,39.82229],[-2.00082,39.80562],[-2.00272,39.79791],[-1.9806,39.77933],[-1.97484,39.77942],[-1.96813,39.78367],[-1.96807,39.79304],[-1.96046,39.7998],[-1.95338,39.79478],[-1.95253,39.79126],[-1.94736,39.78653],[-1.92673,39.77767],[-1.91837,39.76507],[-1.90436,39.76266],[-1.88901,39.75522],[-1.84753,39.74918],[-1.8456,39.7544],[-1.83551,39.75964],[-1.82959,39.76111],[-1.80695,39.77936],[-1.79491,39.77531],[-1.78494,39.78656],[-1.79287,39.78753],[-1.79667,39.78657],[-1.79677,39.79104],[-1.79833,39.79166],[-1.80438,39.78697],[-1.80598,39.78978],[-1.80348,39.79493],[-1.81089,39.79371],[-1.81003,39.79717],[-1.81642,39.79954],[-1.8103,39.80606],[-1.81097,39.80798],[-1.80899,39.80956],[-1.81016,39.81071],[-1.81845,39.81055],[-1.82585,39.80583],[-1.83012,39.80918],[-1.83396,39.80636],[-1.8382,39.80671],[-1.8399,39.80427],[-1.84342,39.80516],[-1.84451,39.80267],[-1.84861,39.80296],[-1.84916,39.80576],[-1.85189,39.80716],[-1.85854,39.80647],[-1.86224,39.80428],[-1.86984,39.80449],[-1.87121,39.81184],[-1.8688,39.81356],[-1.86904,39.81505],[-1.87891,39.82379],[-1.87958,39.82652],[-1.88586,39.82862],[-1.8855,39.83125],[-1.88086,39.83206],[-1.88498,39.83657],[-1.88679,39.83323],[-1.89164,39.83336],[-1.89515,39.83637],[-1.90366,39.83991],[-1.9061,39.83852],[-1.91342,39.83864],[-1.91676,39.84066],[-1.9239,39.84066],[-1.93956,39.84565],[-1.94327,39.85366],[-1.94802,39.85571],[-1.94773,39.85939],[-1.95643,39.87562],[-1.96668,39.87113],[-1.9732,39.87052],[-1.99314,39.87595],[-1.99778,39.87182],[-2.00079,39.87113],[-2.017,39.87315],[-2.02404,39.8719],[-2.03356,39.87556],[-2.04011,39.87615],[-2.04145,39.87607]]]}},{"type":"Feature","properties":{"mun_code":"16007","mun_name":"La Alberca de Záncara","mun_name_local":null,"prov_code":"16","prov_name":"Cuenca","acom_code":"08","acom_name":"Castilla-La Mancha","geo_point_2d":{"lon":-2.4986985253603873,"lat":39.49772165120809}},"geometry":{"type":"Polygon","coordinates":[[[-2.56395,39.4604],[-2.56425,39.45682],[-2.54795,39.4456],[-2.54253,39.45032],[-2.53753,39.45024],[-2.50552,39.43428],[-2.48931,39.44722],[-2.48018,39.45659],[-2.46858,39.46224],[-2.44352,39.48504],[-2.42292,39.49512],[-2.43039,39.51109],[-2.44164,39.52038],[-2.44789,39.52942],[-2.45644,39.53723],[-2.4657,39.54167],[-2.47637,39.55312],[-2.49195,39.55449],[-2.50051,39.55266],[-2.50375,39.56132],[-2.50752,39.56478],[-2.51863,39.56169],[-2.52229,39.55598],[-2.52722,39.5534],[-2.53081,39.54852],[-2.53222,39.5454],[-2.52999,39.52713],[-2.54461,39.5115],[-2.55445,39.49007],[-2.55995,39.47252],[-2.56395,39.4604]]]}},{"type":"Feature","properties":{"mun_code":"16159","mun_name":"Pinarejo","mun_name_local":null,"prov_code":"16","prov_name":"Cuenca","acom_code":"08","acom_name":"Castilla-La Mancha","geo_point_2d":{"lon":-2.4170804152568506,"lat":39.614717313978524}},"geometry":{"type":"Polygon","coordinates":[[[-2.4907,39.62644],[-2.50091,39.62054],[-2.48541,39.60134],[-2.48903,39.59761],[-2.47982,39.59178],[-2.4637,39.58736],[-2.43803,39.58761],[-2.42298,39.59608],[-2.41653,39.59643],[-2.40858,39.59667],[-2.39697,39.59392],[-2.38999,39.59687],[-2.37838,39.59121],[-2.37026,39.59165],[-2.36608,39.5937],[-2.36262,39.59839],[-2.35633,39.60174],[-2.34623,39.60403],[-2.34164,39.60389],[-2.32969,39.61425],[-2.3271,39.62305],[-2.31869,39.62734],[-2.32153,39.63133],[-2.32987,39.63663],[-2.33958,39.63782],[-2.34993,39.63559],[-2.35533,39.62973],[-2.36437,39.62864],[-2.36698,39.62584],[-2.36876,39.62582],[-2.37068,39.62839],[-2.38476,39.62319],[-2.42457,39.64039],[-2.44391,39.63958],[-2.45383,39.64322],[-2.47292,39.63603],[-2.48999,39.62683],[-2.4907,39.62644]]]}},{"type":"Feature","properties":{"mun_code":"16908","mun_name":"Pozorrubielos de la Mancha","mun_name_local":null,"prov_code":"16","prov_name":"Cuenca","acom_code":"08","acom_name":"Castilla-La Mancha","geo_point_2d":{"lon":-2.0223833264108597,"lat":39.47868132007038}},"geometry":{"type":"Polygon","coordinates":[[[-2.08446,39.44955],[-2.07144,39.44995],[-2.07103,39.43866],[-2.07422,39.42437],[-2.05193,39.42149],[-2.04185,39.42148],[-2.03828,39.42383],[-2.03414,39.42204],[-2.03106,39.42332],[-2.01412,39.42099],[-2.01093,39.4445],[-2.01707,39.46922],[-2.00627,39.47632],[-1.99812,39.47987],[-1.97947,39.48313],[-1.94989,39.49166],[-1.95675,39.49697],[-1.95313,39.52566],[-1.96939,39.53485],[-1.97937,39.52751],[-1.99416,39.52279],[-2.01133,39.51359],[-2.02057,39.5149],[-2.03012,39.51994],[-2.03603,39.52076],[-2.03364,39.52539],[-2.03596,39.52568],[-2.03923,39.51882],[-2.04413,39.5143],[-2.04854,39.51384],[-2.05086,39.50926],[-2.05474,39.50605],[-2.05847,39.50938],[-2.05952,39.50751],[-2.06552,39.50449],[-2.06625,39.50012],[-2.0594,39.4925],[-2.05842,39.48942],[-2.06492,39.48382],[-2.0693,39.48273],[-2.07633,39.47726],[-2.07211,39.47346],[-2.06947,39.47321],[-2.06794,39.46942],[-2.05952,39.46294],[-2.07693,39.45656],[-2.0837,39.46075],[-2.08627,39.46514],[-2.08469,39.45011],[-2.08446,39.44955]]]}},{"type":"Feature","properties":{"mun_code":"16057","mun_name":"Carrascosa","mun_name_local":null,"prov_code":"16","prov_name":"Cuenca","acom_code":"08","acom_name":"Castilla-La Mancha","geo_point_2d":{"lon":-2.1938728647310564,"lat":40.584048475577696}},"geometry":{"type":"Polygon","coordinates":[[[-2.27233,40.54231],[-2.26118,40.5384],[-2.25331,40.54027],[-2.24878,40.53917],[-2.23723,40.54151],[-2.23056,40.54047],[-2.22189,40.54387],[-2.20987,40.55389],[-2.20161,40.55881],[-2.19194,40.56117],[-2.18806,40.56039],[-2.18551,40.55772],[-2.17963,40.55506],[-2.17789,40.55223],[-2.17199,40.551],[-2.16864,40.54745],[-2.16567,40.54672],[-2.16594,40.54552],[-2.16872,40.54489],[-2.15731,40.54519],[-2.15176,40.54318],[-2.15245,40.55061],[-2.15065,40.55238],[-2.15077,40.55571],[-2.15314,40.55685],[-2.1511,40.55788],[-2.1504,40.56685],[-2.12962,40.59061],[-2.13083,40.59646],[-2.14468,40.61643],[-2.17034,40.62988],[-2.18496,40.62894],[-2.18978,40.63029],[-2.21382,40.61918],[-2.22567,40.61937],[-2.23282,40.62385],[-2.23172,40.61313],[-2.23377,40.6092],[-2.22752,40.60132],[-2.22754,40.59632],[-2.23679,40.58872],[-2.23834,40.58552],[-2.23827,40.57775],[-2.24394,40.5673],[-2.24793,40.56485],[-2.25259,40.56506],[-2.26608,40.55095],[-2.27124,40.54774],[-2.27202,40.54332],[-2.27233,40.54231]]]}},{"type":"Feature","properties":{"mun_code":"16018","mun_name":"Almonacid del Marquesado","mun_name_local":null,"prov_code":"16","prov_name":"Cuenca","acom_code":"08","acom_name":"Castilla-La Mancha","geo_point_2d":{"lon":-2.7816139929798385,"lat":39.827258571541634}},"geometry":{"type":"Polygon","coordinates":[[[-2.84032,39.81443],[-2.81879,39.81753],[-2.80546,39.81749],[-2.79423,39.81279],[-2.77805,39.80829],[-2.77181,39.80402],[-2.76446,39.78664],[-2.76041,39.78277],[-2.74921,39.78567],[-2.74225,39.78917],[-2.72711,39.78928],[-2.72562,39.79133],[-2.7273,39.80093],[-2.72976,39.80492],[-2.73052,39.82024],[-2.75675,39.83108],[-2.76555,39.86425],[-2.77531,39.86172],[-2.78393,39.86412],[-2.8044,39.86419],[-2.82171,39.85563],[-2.8348,39.84085],[-2.83686,39.82613],[-2.84096,39.81627],[-2.84032,39.81443]]]}},{"type":"Feature","properties":{"mun_code":"16188","mun_name":"Salmeroncillos","mun_name_local":null,"prov_code":"16","prov_name":"Cuenca","acom_code":"08","acom_name":"Castilla-La Mancha","geo_point_2d":{"lon":-2.522543334525702,"lat":40.50096489922035}},"geometry":{"type":"Polygon","coordinates":[[[-2.54627,40.51896],[-2.54045,40.5074],[-2.52873,40.49838],[-2.53666,40.49225],[-2.53646,40.48608],[-2.5405,40.48232],[-2.54204,40.47691],[-2.54445,40.47463],[-2.54159,40.47461],[-2.527,40.46913],[-2.52198,40.46624],[-2.51622,40.46004],[-2.51414,40.46141],[-2.51507,40.46594],[-2.51093,40.47036],[-2.50046,40.49044],[-2.49597,40.50881],[-2.50359,40.51079],[-2.5136,40.51577],[-2.51636,40.52014],[-2.51593,40.52358],[-2.5216,40.5314],[-2.52724,40.54428],[-2.53871,40.53402],[-2.54291,40.5232],[-2.54515,40.52109],[-2.54627,40.51896]]]}},{"type":"Feature","properties":{"mun_code":"16224","mun_name":"Valdemeca","mun_name_local":null,"prov_code":"16","prov_name":"Cuenca","acom_code":"08","acom_name":"Castilla-La Mancha","geo_point_2d":{"lon":-1.7429904679513293,"lat":40.225073186744225}},"geometry":{"type":"Polygon","coordinates":[[[-1.79409,40.22832],[-1.78168,40.21261],[-1.77724,40.19904],[-1.76527,40.17256],[-1.75535,40.1691],[-1.7485,40.16818],[-1.74115,40.1695],[-1.73988,40.17137],[-1.73412,40.16954],[-1.73093,40.17054],[-1.71284,40.19088],[-1.70075,40.21055],[-1.6989,40.21393],[-1.70775,40.2276],[-1.7,40.2362],[-1.69417,40.23928],[-1.69126,40.24281],[-1.7006,40.25649],[-1.70856,40.26038],[-1.71229,40.26586],[-1.72057,40.26991],[-1.72663,40.26989],[-1.72996,40.2725],[-1.73437,40.2726],[-1.73872,40.27717],[-1.74607,40.27915],[-1.74875,40.27651],[-1.75858,40.27526],[-1.77444,40.26605],[-1.77854,40.26111],[-1.7823,40.24198],[-1.78969,40.23344],[-1.79409,40.22832]]]}},{"type":"Feature","properties":{"mun_code":"16177","mun_name":"Reíllo","mun_name_local":null,"prov_code":"16","prov_name":"Cuenca","acom_code":"08","acom_name":"Castilla-La Mancha","geo_point_2d":{"lon":-1.89850847238048,"lat":39.88648411322361}},"geometry":{"type":"Polygon","coordinates":[[[-1.95643,39.87562],[-1.94773,39.85939],[-1.94802,39.85571],[-1.94327,39.85366],[-1.93956,39.84565],[-1.9239,39.84066],[-1.91676,39.84066],[-1.91342,39.83864],[-1.9061,39.83852],[-1.90366,39.83991],[-1.89515,39.83637],[-1.89164,39.83336],[-1.8874,39.8331],[-1.88498,39.83657],[-1.88682,39.83879],[-1.88619,39.84162],[-1.85419,39.86516],[-1.81999,39.87675],[-1.82433,39.88194],[-1.83645,39.88984],[-1.84577,39.89094],[-1.85556,39.8976],[-1.85104,39.90609],[-1.85565,39.91023],[-1.85649,39.91486],[-1.85315,39.92185],[-1.85525,39.92344],[-1.8548,39.92762],[-1.85669,39.92905],[-1.85682,39.93175],[-1.89053,39.92746],[-1.9116,39.93437],[-1.92058,39.93184],[-1.94487,39.9323],[-1.9413,39.91532],[-1.94584,39.89659],[-1.95632,39.88188],[-1.95643,39.87562]]]}},{"type":"Feature","properties":{"mun_code":"16155","mun_name":"El Peral","mun_name_local":null,"prov_code":"16","prov_name":"Cuenca","acom_code":"08","acom_name":"Castilla-La Mancha","geo_point_2d":{"lon":-1.8845921943330637,"lat":39.49160801670258}},"geometry":{"type":"Polygon","coordinates":[[[-1.956,39.52769],[-1.95313,39.52566],[-1.95675,39.49697],[-1.94963,39.49145],[-1.94377,39.4797],[-1.92526,39.46796],[-1.8942,39.45863],[-1.85857,39.4364],[-1.83513,39.43232],[-1.83544,39.46607],[-1.83017,39.47791],[-1.83049,39.50822],[-1.82926,39.5123],[-1.83389,39.52639],[-1.83868,39.53207],[-1.88164,39.53212],[-1.93422,39.52671],[-1.95468,39.5276],[-1.956,39.52769]]]}},{"type":"Feature","properties":{"mun_code":"16092","mun_name":"Gabaldón","mun_name_local":null,"prov_code":"16","prov_name":"Cuenca","acom_code":"08","acom_name":"Castilla-La Mancha","geo_point_2d":{"lon":-1.9547845011471892,"lat":39.642727239108304}},"geometry":{"type":"Polygon","coordinates":[[[-2.00485,39.66732],[-2.00773,39.6618],[-2.00768,39.65546],[-2.01235,39.64272],[-2.00394,39.63312],[-2.00006,39.61765],[-1.99907,39.60569],[-1.97733,39.59553],[-1.96494,39.58787],[-1.96151,39.5968],[-1.91076,39.60366],[-1.89405,39.60431],[-1.88746,39.60646],[-1.88734,39.60922],[-1.89336,39.62204],[-1.89864,39.62718],[-1.89829,39.63363],[-1.93239,39.67873],[-1.9378,39.70181],[-1.93991,39.7045],[-1.94632,39.70408],[-1.95804,39.70895],[-1.96363,39.70849],[-1.96912,39.71002],[-1.96414,39.70046],[-1.9729,39.69277],[-1.97922,39.68408],[-2.00309,39.66915],[-2.00485,39.66732]]]}},{"type":"Feature","properties":{"mun_code":"16269","mun_name":"Villares del Saz","mun_name_local":null,"prov_code":"16","prov_name":"Cuenca","acom_code":"08","acom_name":"Castilla-La Mancha","geo_point_2d":{"lon":-2.5093013916516345,"lat":39.832868937478}},"geometry":{"type":"Polygon","coordinates":[[[-2.58669,39.85793],[-2.58667,39.85609],[-2.5831,39.85264],[-2.5763,39.84819],[-2.58417,39.84774],[-2.58314,39.84387],[-2.58429,39.84367],[-2.5796,39.84213],[-2.58085,39.84012],[-2.57585,39.84108],[-2.5678,39.83453],[-2.56219,39.83431],[-2.55683,39.83198],[-2.55652,39.83373],[-2.55236,39.83412],[-2.55207,39.82983],[-2.5449,39.82509],[-2.53698,39.81221],[-2.53265,39.80992],[-2.53088,39.80487],[-2.52871,39.80368],[-2.52862,39.79604],[-2.50908,39.78648],[-2.50364,39.78437],[-2.50174,39.7856],[-2.50077,39.78451],[-2.50193,39.78327],[-2.49902,39.78047],[-2.49805,39.78158],[-2.49327,39.78012],[-2.4815,39.77493],[-2.47245,39.78267],[-2.47534,39.78841],[-2.46847,39.79336],[-2.46318,39.8001],[-2.46989,39.81647],[-2.47356,39.82047],[-2.47254,39.83186],[-2.4685,39.83323],[-2.46665,39.83879],[-2.45664,39.83729],[-2.45456,39.84111],[-2.45687,39.84632],[-2.45271,39.84731],[-2.47791,39.88027],[-2.4867,39.87769],[-2.49123,39.87149],[-2.5069,39.87232],[-2.51708,39.87072],[-2.5219,39.8696],[-2.53937,39.86106],[-2.54445,39.86031],[-2.54599,39.86117],[-2.55253,39.85919],[-2.56667,39.8612],[-2.57376,39.8655],[-2.57795,39.86504],[-2.58601,39.85842],[-2.58669,39.85793]]]}},{"type":"Feature","properties":{"mun_code":"16065","mun_name":"Casas de los Pinos","mun_name_local":null,"prov_code":"16","prov_name":"Cuenca","acom_code":"08","acom_name":"Castilla-La Mancha","geo_point_2d":{"lon":-2.380473666087543,"lat":39.29596716207358}},"geometry":{"type":"Polygon","coordinates":[[[-2.44159,39.28374],[-2.43237,39.27758],[-2.41959,39.26476],[-2.41035,39.25783],[-2.38541,39.24391],[-2.37427,39.23282],[-2.36928,39.23705],[-2.36472,39.24471],[-2.36109,39.24655],[-2.35962,39.25184],[-2.36116,39.25701],[-2.34989,39.27854],[-2.34416,39.28216],[-2.32919,39.28611],[-2.32119,39.28374],[-2.32917,39.2935],[-2.33244,39.30087],[-2.35212,39.31962],[-2.34603,39.33571],[-2.34738,39.34027],[-2.35631,39.35094],[-2.35901,39.35667],[-2.37286,39.36033],[-2.38882,39.34584],[-2.39513,39.3418],[-2.40038,39.34038],[-2.39609,39.32419],[-2.40756,39.31149],[-2.41841,39.30087],[-2.42463,39.29906],[-2.43515,39.29164],[-2.44162,39.28897],[-2.44159,39.28374]]]}},{"type":"Feature","properties":{"mun_code":"16134","mun_name":"Motilla del Palancar","mun_name_local":null,"prov_code":"16","prov_name":"Cuenca","acom_code":"08","acom_name":"Castilla-La Mancha","geo_point_2d":{"lon":-1.909716230792898,"lat":39.56303893388896}},"geometry":{"type":"Polygon","coordinates":[[[-1.96494,39.58787],[-1.96173,39.57666],[-1.96928,39.54521],[-1.956,39.52769],[-1.93422,39.52671],[-1.88164,39.53212],[-1.83868,39.53207],[-1.84336,39.54517],[-1.84284,39.54772],[-1.85024,39.55819],[-1.84907,39.56338],[-1.85036,39.56758],[-1.87817,39.59145],[-1.87992,39.60056],[-1.88746,39.60646],[-1.89405,39.60431],[-1.91076,39.60366],[-1.96151,39.5968],[-1.96387,39.59054],[-1.96494,39.58787]]]}},{"type":"Feature","properties":{"mun_code":"16039","mun_name":"Buenache de Alarcón","mun_name_local":null,"prov_code":"16","prov_name":"Cuenca","acom_code":"08","acom_name":"Castilla-La Mancha","geo_point_2d":{"lon":-2.1570922832432,"lat":39.65217448879758}},"geometry":{"type":"Polygon","coordinates":[[[-2.21089,39.64793],[-2.21391,39.64399],[-2.21413,39.63737],[-2.20619,39.6352],[-2.20481,39.63153],[-2.2036,39.63401],[-2.20024,39.63328],[-2.19824,39.62623],[-2.19961,39.6237],[-2.19733,39.62246],[-2.21044,39.61381],[-2.21042,39.61245],[-2.20584,39.60958],[-2.17143,39.6032],[-2.17014,39.6103],[-2.15926,39.61301],[-2.15739,39.61535],[-2.14092,39.62144],[-2.13596,39.62559],[-2.13183,39.62477],[-2.13016,39.62963],[-2.12194,39.63549],[-2.11509,39.63649],[-2.11291,39.63833],[-2.10674,39.66181],[-2.1016,39.66467],[-2.11062,39.68403],[-2.10713,39.68859],[-2.11028,39.68873],[-2.11518,39.69863],[-2.12159,39.70431],[-2.19495,39.6698],[-2.2075,39.6577],[-2.21142,39.65161],[-2.21117,39.64894],[-2.21089,39.64793]]]}},{"type":"Feature","properties":{"mun_code":"16049","mun_name":"El Cañavate","mun_name_local":null,"prov_code":"16","prov_name":"Cuenca","acom_code":"08","acom_name":"Castilla-La Mancha","geo_point_2d":{"lon":-2.3271007279025575,"lat":39.54166285860612}},"geometry":{"type":"Polygon","coordinates":[[[-2.36117,39.52436],[-2.33662,39.51253],[-2.32612,39.51199],[-2.31109,39.5081],[-2.3078,39.5084],[-2.30224,39.51395],[-2.29609,39.5261],[-2.29494,39.53315],[-2.28733,39.54253],[-2.28655,39.55991],[-2.30255,39.55873],[-2.30703,39.56288],[-2.31182,39.5743],[-2.32139,39.57302],[-2.33825,39.56774],[-2.35652,39.56949],[-2.35872,39.56185],[-2.36588,39.55491],[-2.3677,39.54921],[-2.36564,39.54075],[-2.36246,39.5389],[-2.36149,39.52644],[-2.36117,39.52436]]]}},{"type":"Feature","properties":{"mun_code":"16015","mun_name":"La Almarcha","mun_name_local":null,"prov_code":"16","prov_name":"Cuenca","acom_code":"08","acom_name":"Castilla-La Mancha","geo_point_2d":{"lon":-2.387358962154544,"lat":39.69080458979865}},"geometry":{"type":"Polygon","coordinates":[[[-2.48821,39.65836],[-2.48814,39.65505],[-2.48496,39.65525],[-2.47117,39.64233],[-2.46567,39.64255],[-2.46196,39.64647],[-2.448,39.64838],[-2.44298,39.65267],[-2.44147,39.65849],[-2.43866,39.66207],[-2.41057,39.67772],[-2.39941,39.67334],[-2.395,39.67418],[-2.39079,39.6771],[-2.39062,39.67629],[-2.38663,39.67764],[-2.38106,39.67637],[-2.37365,39.67694],[-2.36715,39.67905],[-2.35999,39.67718],[-2.3507,39.67774],[-2.34052,39.67418],[-2.33318,39.67756],[-2.32829,39.67647],[-2.31885,39.67893],[-2.31983,39.68111],[-2.31779,39.68461],[-2.3106,39.68407],[-2.30569,39.68811],[-2.30167,39.69424],[-2.29843,39.7037],[-2.3066,39.71441],[-2.31177,39.71415],[-2.32039,39.72051],[-2.33538,39.72001],[-2.35817,39.7285],[-2.36857,39.73426],[-2.40387,39.70864],[-2.42714,39.69888],[-2.43458,39.69402],[-2.44287,39.69106],[-2.44921,39.69464],[-2.46054,39.69569],[-2.46586,39.68426],[-2.47776,39.67006],[-2.47743,39.66148],[-2.48741,39.65826],[-2.48821,39.65836]],[[-2.41346,39.6787],[-2.42372,39.68565],[-2.43473,39.69016],[-2.43189,39.69402],[-2.42824,39.69432],[-2.42446,39.69778],[-2.41936,39.69948],[-2.41577,39.69919],[-2.41135,39.70128],[-2.4093,39.69878],[-2.41109,39.69766],[-2.40734,39.69564],[-2.40842,39.69188],[-2.40512,39.68937],[-2.40292,39.68504],[-2.413,39.67938],[-2.41346,39.6787]]]}},{"type":"Feature","properties":{"mun_code":"16174","mun_name":"Puebla del Salvador","mun_name_local":null,"prov_code":"16","prov_name":"Cuenca","acom_code":"08","acom_name":"Castilla-La Mancha","geo_point_2d":{"lon":-1.6779967847420647,"lat":39.56634101520256}},"geometry":{"type":"Polygon","coordinates":[[[-1.73339,39.57452],[-1.73058,39.56862],[-1.71183,39.54284],[-1.68542,39.54014],[-1.67517,39.53757],[-1.66831,39.53399],[-1.66016,39.53422],[-1.65161,39.5319],[-1.64251,39.53178],[-1.63874,39.53272],[-1.63643,39.53496],[-1.63639,39.54336],[-1.63343,39.55807],[-1.6268,39.5649],[-1.62513,39.56837],[-1.62625,39.57116],[-1.63451,39.57774],[-1.65555,39.58772],[-1.68086,39.60379],[-1.68974,39.60594],[-1.73248,39.57505],[-1.73339,39.57452]]]}},{"type":"Feature","properties":{"mun_code":"16101","mun_name":"El Hito","mun_name_local":null,"prov_code":"16","prov_name":"Cuenca","acom_code":"08","acom_name":"Castilla-La Mancha","geo_point_2d":{"lon":-2.723279300986705,"lat":39.847505388186455}},"geometry":{"type":"Polygon","coordinates":[[[-2.76555,39.86425],[-2.75715,39.83163],[-2.73052,39.82024],[-2.72976,39.80492],[-2.69469,39.8123],[-2.69884,39.82407],[-2.68731,39.84055],[-2.68302,39.85337],[-2.68769,39.86216],[-2.69464,39.86759],[-2.69489,39.86984],[-2.70345,39.87835],[-2.72004,39.88195],[-2.72589,39.88454],[-2.7384,39.88107],[-2.74923,39.8764],[-2.76481,39.86482],[-2.76555,39.86425]]]}},{"type":"Feature","properties":{"mun_code":"16125","mun_name":"Minglanilla","mun_name_local":null,"prov_code":"16","prov_name":"Cuenca","acom_code":"08","acom_name":"Castilla-La Mancha","geo_point_2d":{"lon":-1.5697565590603013,"lat":39.50773732603382}},"geometry":{"type":"Polygon","coordinates":[[[-1.64133,39.49534],[-1.62795,39.49493],[-1.62226,39.49019],[-1.61823,39.48993],[-1.61627,39.48644],[-1.60882,39.48597],[-1.60502,39.48422],[-1.60249,39.48242],[-1.60219,39.48025],[-1.5989,39.47934],[-1.59916,39.47624],[-1.59603,39.47325],[-1.59488,39.46948],[-1.58943,39.4682],[-1.58715,39.46018],[-1.58264,39.45713],[-1.58202,39.45156],[-1.57876,39.45162],[-1.56801,39.44687],[-1.56578,39.44941],[-1.55344,39.45209],[-1.52808,39.4522],[-1.52798,39.45664],[-1.52446,39.45781],[-1.51818,39.45556],[-1.51312,39.45797],[-1.51325,39.47092],[-1.51075,39.47512],[-1.50853,39.47749],[-1.50396,39.47744],[-1.5029,39.47901],[-1.50701,39.4809],[-1.51033,39.48038],[-1.51171,39.48197],[-1.51156,39.48468],[-1.50481,39.48732],[-1.50717,39.48931],[-1.51095,39.48988],[-1.51026,39.49225],[-1.51236,39.49589],[-1.51077,39.49623],[-1.50364,39.49116],[-1.5005,39.49493],[-1.50152,39.49696],[-1.49891,39.50166],[-1.50487,39.50345],[-1.50715,39.50788],[-1.50634,39.51291],[-1.50123,39.51516],[-1.50691,39.52122],[-1.50527,39.52146],[-1.50388,39.52643],[-1.50585,39.53223],[-1.50094,39.53437],[-1.50602,39.54012],[-1.50252,39.5442],[-1.50299,39.5474],[-1.50486,39.54823],[-1.51109,39.54558],[-1.51592,39.54877],[-1.52107,39.54877],[-1.52427,39.54671],[-1.53029,39.5477],[-1.54313,39.5441],[-1.54946,39.54367],[-1.55524,39.54499],[-1.59263,39.54745],[-1.60991,39.5674],[-1.61938,39.56953],[-1.62513,39.56837],[-1.62807,39.56345],[-1.63251,39.56],[-1.634,39.55593],[-1.63623,39.53545],[-1.63904,39.53265],[-1.64473,39.50614],[-1.64545,39.49669],[-1.64235,39.4957],[-1.64133,39.49534]]]}},{"type":"Feature","properties":{"mun_code":"16156","mun_name":"La Peraleja","mun_name_local":null,"prov_code":"16","prov_name":"Cuenca","acom_code":"08","acom_name":"Castilla-La Mancha","geo_point_2d":{"lon":-2.550438498862232,"lat":40.24089162420512}},"geometry":{"type":"Polygon","coordinates":[[[-2.58312,40.24877],[-2.5921,40.22702],[-2.59399,40.22653],[-2.58531,40.21126],[-2.57824,40.20536],[-2.56655,40.21307],[-2.54231,40.21058],[-2.52807,40.22347],[-2.52088,40.24071],[-2.50391,40.2616],[-2.49859,40.26516],[-2.53907,40.2747],[-2.54154,40.27412],[-2.54532,40.26955],[-2.55718,40.26691],[-2.57611,40.25342],[-2.58312,40.24877]]]}},{"type":"Feature","properties":{"mun_code":"16213","mun_name":"Torrubia del Castillo","mun_name_local":null,"prov_code":"16","prov_name":"Cuenca","acom_code":"08","acom_name":"Castilla-La Mancha","geo_point_2d":{"lon":-2.2972234272378085,"lat":39.6632309338073}},"geometry":{"type":"Polygon","coordinates":[[[-2.30456,39.6375],[-2.29943,39.64013],[-2.29243,39.64697],[-2.28692,39.64967],[-2.27486,39.6517],[-2.27138,39.65061],[-2.26918,39.65127],[-2.26856,39.6558],[-2.27902,39.67728],[-2.26464,39.6878],[-2.27858,39.6884],[-2.2899,39.68589],[-2.3007,39.67592],[-2.30744,39.67686],[-2.32256,39.67427],[-2.3261,39.66751],[-2.32463,39.66462],[-2.32578,39.65318],[-2.32087,39.64786],[-2.30477,39.63805],[-2.30456,39.6375]]]}}]}