{"type":"FeatureCollection","features":[{"type":"Feature","properties":{"mun_code":"17032","mun_name":"Cadaqués","mun_name_local":null,"prov_code":"17","prov_name":"Girona","acom_code":"09","acom_name":"Cataluña","geo_point_2d":{"lon":3.2736516035692347,"lat":42.29080222081025}},"geometry":{"type":"MultiPolygon","coordinates":[[[[3.30857,42.2913],[3.30829,42.29243],[3.30842,42.29161],[3.30857,42.2913]]],[[[3.2962,42.29005],[3.29732,42.29313],[3.29519,42.29438],[3.2931,42.29289],[3.29591,42.29007],[3.2962,42.29005]]],[[[3.29609,42.2943],[3.29547,42.29531],[3.29573,42.29445],[3.29609,42.2943]]],[[[3.29309,42.28002],[3.2924,42.28253],[3.29284,42.28039],[3.29309,42.28002]]],[[[3.33164,42.31916],[3.33254,42.32005],[3.33155,42.31927],[3.33164,42.31916]]],[[[3.28103,42.33204],[3.28606,42.31819],[3.27333,42.31372],[3.26992,42.31051],[3.26845,42.31129],[3.26558,42.31005],[3.25331,42.30153],[3.24156,42.3005],[3.23785,42.29863],[3.23807,42.29252],[3.24436,42.28417],[3.24133,42.27757],[3.24904,42.27436],[3.25062,42.27115],[3.2475,42.26868],[3.24986,42.25814],[3.25438,42.25558],[3.25446,42.25318],[3.26108,42.25103],[3.26598,42.25358],[3.27421,42.25428],[3.27705,42.25267],[3.27943,42.2532],[3.27922,42.25488],[3.28159,42.25384],[3.28018,42.25558],[3.28108,42.2581],[3.28751,42.26484],[3.28716,42.27098],[3.28314,42.27021],[3.28312,42.27353],[3.28054,42.27433],[3.28046,42.27658],[3.27692,42.27987],[3.27726,42.28127],[3.28086,42.28041],[3.27563,42.28406],[3.2766,42.28745],[3.28095,42.28848],[3.28334,42.28578],[3.28766,42.28496],[3.28755,42.2825],[3.28849,42.28358],[3.29051,42.28203],[3.29145,42.28359],[3.29281,42.28272],[3.29687,42.28346],[3.29603,42.2856],[3.2993,42.28474],[3.29746,42.28938],[3.29051,42.29227],[3.29079,42.28955],[3.28627,42.29326],[3.29213,42.29496],[3.29119,42.29717],[3.28863,42.29726],[3.28954,42.29913],[3.29213,42.29897],[3.293,42.30183],[3.28934,42.30276],[3.28808,42.30197],[3.28684,42.30329],[3.29014,42.30455],[3.28937,42.30689],[3.29464,42.30709],[3.29501,42.30497],[3.2995,42.3042],[3.30044,42.306],[3.29832,42.30676],[3.30271,42.30797],[3.30186,42.3099],[3.303,42.31109],[3.30418,42.30988],[3.30356,42.31152],[3.30545,42.31128],[3.30628,42.31325],[3.30633,42.31041],[3.30781,42.31074],[3.30788,42.31374],[3.31008,42.31241],[3.31279,42.313],[3.31168,42.31765],[3.31572,42.31442],[3.31839,42.3145],[3.31539,42.31764],[3.3205,42.31674],[3.32227,42.3195],[3.31174,42.32476],[3.31088,42.32018],[3.30704,42.32265],[3.30896,42.32326],[3.3073,42.32503],[3.30797,42.3268],[3.30444,42.32673],[3.3052,42.32554],[3.30294,42.32664],[3.30072,42.3261],[3.29439,42.32976],[3.29216,42.32884],[3.29309,42.32685],[3.28928,42.32945],[3.2892,42.3275],[3.28819,42.328],[3.28827,42.32658],[3.28598,42.3256],[3.28703,42.32891],[3.28575,42.33148],[3.28201,42.33297],[3.28116,42.33218],[3.28103,42.33204]]],[[[3.30446,42.32715],[3.30654,42.3279],[3.30405,42.3272],[3.30446,42.32715]]],[[[3.28599,42.33232],[3.28701,42.33282],[3.28583,42.33346],[3.28593,42.33257],[3.28599,42.33232]]],[[[3.32362,42.32117],[3.32235,42.32341],[3.32022,42.32311],[3.31871,42.32485],[3.31921,42.32307],[3.32329,42.32114],[3.32362,42.32117]]]]}},{"type":"Feature","properties":{"mun_code":"17134","mun_name":"Planoles","mun_name_local":null,"prov_code":"17","prov_name":"Girona","acom_code":"09","acom_name":"Cataluña","geo_point_2d":{"lon":2.10256714374284,"lat":42.321941884535654}},"geometry":{"type":"Polygon","coordinates":[[[2.07816,42.28625],[2.08353,42.28512],[2.08838,42.28654],[2.09759,42.28165],[2.10368,42.29587],[2.11128,42.29831],[2.12275,42.30616],[2.12701,42.31256],[2.11806,42.31284],[2.12917,42.33522],[2.11102,42.34393],[2.1051,42.35336],[2.0938,42.36035],[2.0873,42.36218],[2.08693,42.36386],[2.08495,42.36188],[2.08831,42.35653],[2.08981,42.34977],[2.08751,42.3379],[2.08559,42.336],[2.08661,42.32699],[2.08465,42.32336],[2.09285,42.31836],[2.0956,42.31502],[2.09199,42.31214],[2.08838,42.30029],[2.08454,42.29671],[2.0829,42.2911],[2.07861,42.28687],[2.07816,42.28625]]]}},{"type":"Feature","properties":{"mun_code":"17149","mun_name":"Riudaura","mun_name_local":null,"prov_code":"17","prov_name":"Girona","acom_code":"09","acom_name":"Cataluña","geo_point_2d":{"lon":2.388668018765995,"lat":42.190473074545054}},"geometry":{"type":"Polygon","coordinates":[[[2.33269,42.21066],[2.33353,42.20822],[2.34591,42.20288],[2.34919,42.19439],[2.35574,42.19336],[2.36026,42.18833],[2.35816,42.17846],[2.36119,42.17151],[2.37117,42.1761],[2.37574,42.16951],[2.3788,42.17092],[2.38599,42.16687],[2.38954,42.16897],[2.3953,42.16702],[2.40753,42.17736],[2.4131,42.17708],[2.4288,42.18123],[2.43407,42.18624],[2.44017,42.18659],[2.44201,42.18489],[2.44708,42.1886],[2.4468,42.19778],[2.4428,42.19901],[2.43418,42.19763],[2.41621,42.1986],[2.40845,42.1978],[2.40095,42.20149],[2.3752,42.20406],[2.36531,42.20363],[2.36742,42.21494],[2.36604,42.21525],[2.36219,42.21562],[2.35305,42.21289],[2.33899,42.21211],[2.33269,42.21066]]]}},{"type":"Feature","properties":{"mun_code":"17047","mun_name":"Castelló d'Empúries","mun_name_local":null,"prov_code":"17","prov_name":"Girona","acom_code":"09","acom_name":"Cataluña","geo_point_2d":{"lon":3.0977100867248777,"lat":42.247621729341816}},"geometry":{"type":"Polygon","coordinates":[[[3.04969,42.26229],[3.04931,42.26086],[3.05133,42.26015],[3.06081,42.24866],[3.06426,42.24104],[3.06142,42.2384],[3.06401,42.23557],[3.05996,42.23213],[3.05969,42.22761],[3.06214,42.22204],[3.06495,42.22083],[3.06686,42.21192],[3.06959,42.21134],[3.06889,42.21697],[3.07429,42.21821],[3.08099,42.21555],[3.08359,42.21665],[3.09119,42.21333],[3.10058,42.20484],[3.11196,42.2036],[3.11674,42.22082],[3.12414,42.23424],[3.13284,42.24417],[3.13585,42.24524],[3.13484,42.24724],[3.13647,42.24574],[3.13536,42.24756],[3.13697,42.24936],[3.14659,42.25682],[3.15091,42.2583],[3.14599,42.26292],[3.13817,42.26641],[3.13633,42.26833],[3.13686,42.27054],[3.13138,42.27013],[3.10502,42.28855],[3.09258,42.28352],[3.08464,42.27711],[3.08538,42.27442],[3.05025,42.2628],[3.04969,42.26229]]]}},{"type":"Feature","properties":{"mun_code":"17062","mun_name":"L'Escala","mun_name_local":null,"prov_code":"17","prov_name":"Girona","acom_code":"09","acom_name":"Cataluña","geo_point_2d":{"lon":3.1227166455040756,"lat":42.121996141495835}},"geometry":{"type":"MultiPolygon","coordinates":[[[[3.09408,42.15083],[3.09581,42.1468],[3.09062,42.1459],[3.09169,42.13582],[3.09597,42.13774],[3.09622,42.13466],[3.09443,42.13375],[3.09477,42.12665],[3.09714,42.11877],[3.10763,42.11679],[3.10565,42.11301],[3.10838,42.10295],[3.12725,42.10828],[3.12986,42.10765],[3.13211,42.09831],[3.15425,42.10441],[3.16131,42.10885],[3.1744,42.10738],[3.17681,42.11154],[3.17262,42.11177],[3.17134,42.11443],[3.16932,42.115],[3.16486,42.11304],[3.16344,42.1153],[3.15892,42.11558],[3.14962,42.12117],[3.14547,42.1199],[3.15049,42.12056],[3.14536,42.11877],[3.1485,42.11853],[3.14884,42.11691],[3.14571,42.11718],[3.14715,42.11808],[3.14335,42.11718],[3.14539,42.11748],[3.14378,42.11664],[3.14558,42.11712],[3.14518,42.11563],[3.14287,42.11674],[3.14211,42.11502],[3.1381,42.11571],[3.13675,42.12666],[3.13383,42.12795],[3.13337,42.12664],[3.12452,42.1276],[3.12466,42.13091],[3.12249,42.13131],[3.12367,42.13318],[3.12179,42.13429],[3.1239,42.13582],[3.11984,42.13744],[3.11935,42.14007],[3.1215,42.14073],[3.11855,42.14108],[3.11673,42.14605],[3.11212,42.14143],[3.10742,42.14271],[3.10826,42.14736],[3.10305,42.15117],[3.10765,42.15302],[3.10664,42.15523],[3.10413,42.15592],[3.1039,42.15486],[3.09996,42.15393],[3.10083,42.15252],[3.09428,42.15078],[3.09408,42.15083]]]]}},{"type":"Feature","properties":{"mun_code":"17125","mun_name":"Pardines","mun_name_local":null,"prov_code":"17","prov_name":"Girona","acom_code":"09","acom_name":"Cataluña","geo_point_2d":{"lon":2.2304588008094925,"lat":42.30628994516187}},"geometry":{"type":"Polygon","coordinates":[[[2.20991,42.28075],[2.21973,42.27838],[2.22676,42.28124],[2.25683,42.28457],[2.26935,42.28777],[2.27836,42.29426],[2.27659,42.30174],[2.27332,42.30284],[2.26866,42.30233],[2.26061,42.31047],[2.26205,42.31276],[2.25999,42.3196],[2.25463,42.32289],[2.25418,42.3272],[2.23971,42.3341],[2.22585,42.33394],[2.22051,42.34039],[2.21056,42.3316],[2.20341,42.32669],[2.20052,42.32615],[2.19741,42.32108],[2.19333,42.31927],[2.1941,42.31554],[2.19091,42.31257],[2.19378,42.31189],[2.1938,42.29505],[2.20977,42.28094],[2.20991,42.28075]]]}},{"type":"Feature","properties":{"mun_code":"17103","mun_name":"Maçanet de la Selva","mun_name_local":null,"prov_code":"17","prov_name":"Girona","acom_code":"09","acom_name":"Cataluña","geo_point_2d":{"lon":2.7247892951735264,"lat":41.76348209019947}},"geometry":{"type":"Polygon","coordinates":[[[2.66946,41.74538],[2.68112,41.73957],[2.68658,41.74131],[2.68554,41.74563],[2.68073,41.74441],[2.68175,41.74826],[2.68897,41.74639],[2.68977,41.74152],[2.70058,41.74285],[2.70298,41.7448],[2.70737,41.74097],[2.72405,41.7444],[2.74421,41.73488],[2.77603,41.73495],[2.78608,41.73877],[2.78934,41.73886],[2.78889,41.74476],[2.78455,41.74733],[2.7811,41.7475],[2.77614,41.75998],[2.77163,41.7631],[2.76548,41.76384],[2.76087,41.7676],[2.75866,41.77442],[2.75368,41.78101],[2.75531,41.78874],[2.75439,41.79151],[2.74613,41.79591],[2.74263,41.79288],[2.74496,41.7877],[2.73807,41.79136],[2.73551,41.78889],[2.73235,41.78982],[2.73064,41.79362],[2.72654,41.79558],[2.72409,41.79287],[2.72194,41.79453],[2.72073,41.79399],[2.72176,41.79149],[2.7196,41.79047],[2.71716,41.79401],[2.71309,41.79524],[2.6913,41.79335],[2.67956,41.78331],[2.6742,41.77561],[2.67265,41.76109],[2.6756,41.75184],[2.66938,41.74579],[2.66946,41.74538]]]}},{"type":"Feature","properties":{"mun_code":"17140","mun_name":"El Port de la Selva","mun_name_local":null,"prov_code":"17","prov_name":"Girona","acom_code":"09","acom_name":"Cataluña","geo_point_2d":{"lon":3.2163407502575,"lat":42.32485663189607}},"geometry":{"type":"MultiPolygon","coordinates":[[[[3.13219,42.34217],[3.13458,42.33784],[3.12949,42.33161],[3.13232,42.33001],[3.13021,42.32835],[3.13848,42.32921],[3.14042,42.32523],[3.14303,42.32573],[3.14781,42.32338],[3.14956,42.32509],[3.15785,42.32653],[3.16829,42.31865],[3.17259,42.32532],[3.1841,42.33235],[3.18933,42.33125],[3.19419,42.32679],[3.20044,42.3273],[3.20466,42.32457],[3.20667,42.31838],[3.20035,42.31419],[3.20213,42.30871],[3.19641,42.30523],[3.19445,42.30151],[3.1928,42.30201],[3.19598,42.30083],[3.19705,42.29863],[3.20182,42.29882],[3.20432,42.29674],[3.20606,42.29712],[3.21068,42.2898],[3.21398,42.28874],[3.24035,42.30021],[3.25331,42.30153],[3.26558,42.31005],[3.26845,42.31129],[3.26992,42.31051],[3.27333,42.31372],[3.28606,42.31819],[3.28103,42.33204],[3.27764,42.33262],[3.28042,42.33414],[3.27867,42.3348],[3.2806,42.33556],[3.27941,42.33689],[3.2765,42.33744],[3.27625,42.33633],[3.27089,42.33779],[3.2677,42.34044],[3.26214,42.34073],[3.26326,42.33675],[3.26096,42.33772],[3.26076,42.33639],[3.26247,42.33432],[3.26043,42.33508],[3.26031,42.33338],[3.25873,42.3351],[3.25457,42.33527],[3.25359,42.33333],[3.25062,42.33584],[3.25135,42.33026],[3.24976,42.32977],[3.24714,42.3322],[3.24666,42.33634],[3.24324,42.3365],[3.24135,42.33527],[3.24122,42.33763],[3.23954,42.33758],[3.24077,42.33922],[3.23685,42.34354],[3.23811,42.34408],[3.23813,42.34902],[3.22927,42.35156],[3.22753,42.3513],[3.22679,42.34925],[3.22325,42.34904],[3.22253,42.34727],[3.21897,42.34973],[3.21545,42.3495],[3.21512,42.3468],[3.2117,42.34702],[3.20997,42.34382],[3.209,42.34547],[3.20389,42.34723],[3.19998,42.3408],[3.20271,42.34203],[3.20341,42.33718],[3.19784,42.33485],[3.19445,42.33594],[3.19331,42.33832],[3.19029,42.33914],[3.18991,42.34167],[3.18543,42.34387],[3.1879,42.35182],[3.18433,42.3504],[3.18164,42.35183],[3.18337,42.3535],[3.17806,42.35292],[3.17642,42.35479],[3.17278,42.35321],[3.17125,42.35016],[3.16724,42.34741],[3.16475,42.34231],[3.16074,42.34262],[3.15405,42.34062],[3.14988,42.34282],[3.14596,42.34263],[3.14068,42.34482],[3.13293,42.34227],[3.13219,42.34217]]]]}},{"type":"Feature","properties":{"mun_code":"17044","mun_name":"Cassà de la Selva","mun_name_local":null,"prov_code":"17","prov_name":"Girona","acom_code":"09","acom_name":"Cataluña","geo_point_2d":{"lon":2.8880757987509393,"lat":41.879520618489316}},"geometry":{"type":"Polygon","coordinates":[[[2.83156,41.87738],[2.83725,41.87142],[2.83708,41.86622],[2.84026,41.86106],[2.83709,41.86062],[2.84205,41.85407],[2.85367,41.84774],[2.85914,41.84881],[2.86988,41.84823],[2.87557,41.84942],[2.8881,41.86078],[2.89278,41.85905],[2.90796,41.86088],[2.91109,41.86494],[2.91442,41.86048],[2.92405,41.86023],[2.93298,41.8622],[2.93495,41.86386],[2.93719,41.86331],[2.93864,41.86519],[2.94304,41.86509],[2.94185,41.86709],[2.94498,41.86854],[2.9447,41.87207],[2.95102,41.87686],[2.95072,41.87909],[2.95276,41.87945],[2.95337,41.88232],[2.95647,41.88473],[2.94642,41.88708],[2.93631,41.89794],[2.90599,41.90251],[2.89483,41.90141],[2.88545,41.90942],[2.8808,41.90764],[2.8698,41.90994],[2.85569,41.90858],[2.85143,41.90687],[2.84964,41.9079],[2.8463,41.90747],[2.84594,41.90273],[2.84832,41.90028],[2.85151,41.90033],[2.84911,41.89132],[2.84101,41.88706],[2.83802,41.87869],[2.83132,41.87892],[2.83188,41.87745],[2.83156,41.87738]]]}},{"type":"Feature","properties":{"mun_code":"17099","mun_name":"Meranges","mun_name_local":null,"prov_code":"17","prov_name":"Girona","acom_code":"09","acom_name":"Cataluña","geo_point_2d":{"lon":1.765902515761636,"lat":42.45788913486099}},"geometry":{"type":"Polygon","coordinates":[[[1.73005,42.47748],[1.73309,42.47378],[1.72624,42.46213],[1.72711,42.45296],[1.72841,42.44815],[1.73206,42.44493],[1.73192,42.44038],[1.74517,42.43318],[1.7576,42.43312],[1.76943,42.42805],[1.76983,42.42923],[1.77699,42.4316],[1.79462,42.43087],[1.797,42.42672],[1.80154,42.42492],[1.80723,42.41808],[1.8114,42.4214],[1.81325,42.42534],[1.81292,42.4322],[1.80777,42.44697],[1.80127,42.45952],[1.79493,42.46593],[1.79275,42.4755],[1.78305,42.48146],[1.76267,42.48677],[1.74667,42.49549],[1.72973,42.49228],[1.72536,42.48836],[1.72427,42.48658],[1.72568,42.4831],[1.72997,42.47784],[1.73005,42.47748]]]}},{"type":"Feature","properties":{"mun_code":"17002","mun_name":"Aiguaviva","mun_name_local":null,"prov_code":"17","prov_name":"Girona","acom_code":"09","acom_name":"Cataluña","geo_point_2d":{"lon":2.772149628171254,"lat":41.92824689689771}},"geometry":{"type":"Polygon","coordinates":[[[2.74737,41.92599],[2.75594,41.92025],[2.76594,41.90939],[2.78007,41.90336],[2.79226,41.91074],[2.79323,41.91435],[2.78972,41.9229],[2.79393,41.94186],[2.7852,41.94807],[2.77926,41.94421],[2.77212,41.9454],[2.77057,41.94373],[2.76477,41.94858],[2.75478,41.94959],[2.74886,41.93814],[2.7487,41.92983],[2.74737,41.92599]]]}},{"type":"Feature","properties":{"mun_code":"17054","mun_name":"Colera","mun_name_local":null,"prov_code":"17","prov_name":"Girona","acom_code":"09","acom_name":"Cataluña","geo_point_2d":{"lon":3.123526118685914,"lat":42.402648328945375}},"geometry":{"type":"MultiPolygon","coordinates":[[[[3.16557,42.40065],[3.16583,42.40189],[3.16525,42.40073],[3.16557,42.40065]]],[[[3.10267,42.42659],[3.09876,42.42509],[3.0859,42.42577],[3.0871,42.42292],[3.08515,42.4204],[3.08516,42.41633],[3.09264,42.39781],[3.09671,42.39206],[3.10178,42.38846],[3.10351,42.37968],[3.11106,42.3746],[3.12016,42.3765],[3.12649,42.38094],[3.13901,42.3835],[3.14045,42.38535],[3.14755,42.3878],[3.15629,42.38872],[3.16165,42.38761],[3.16688,42.38944],[3.16303,42.39172],[3.15969,42.38896],[3.15371,42.39119],[3.15268,42.39339],[3.16502,42.40066],[3.16315,42.40421],[3.1586,42.40497],[3.15815,42.40397],[3.15566,42.40612],[3.15636,42.40752],[3.16145,42.40912],[3.16234,42.41141],[3.16533,42.41067],[3.16465,42.41324],[3.17093,42.41651],[3.16931,42.41971],[3.16464,42.4199],[3.15735,42.41735],[3.14193,42.41548],[3.13836,42.41856],[3.13295,42.41997],[3.11324,42.41922],[3.11002,42.42451],[3.10329,42.42648],[3.10267,42.42659]]]]}},{"type":"Feature","properties":{"mun_code":"17092","mun_name":"Llançà","mun_name_local":null,"prov_code":"17","prov_name":"Girona","acom_code":"09","acom_name":"Cataluña","geo_point_2d":{"lon":3.1266081360554017,"lat":42.3664170442467}},"geometry":{"type":"MultiPolygon","coordinates":[[[[3.0929,42.39758],[3.08831,42.39448],[3.08529,42.39572],[3.0779,42.39571],[3.0767,42.39141],[3.08326,42.3751],[3.09135,42.3671],[3.09037,42.36159],[3.09555,42.35368],[3.09979,42.35154],[3.10638,42.35173],[3.10675,42.34668],[3.10974,42.34431],[3.11424,42.34626],[3.11612,42.34901],[3.12018,42.34703],[3.12732,42.34798],[3.13219,42.34217],[3.14068,42.34482],[3.14596,42.34263],[3.14988,42.34282],[3.15405,42.34062],[3.16074,42.34262],[3.16497,42.34245],[3.16724,42.34741],[3.17483,42.35514],[3.17239,42.35575],[3.17109,42.358],[3.16295,42.36046],[3.16446,42.36214],[3.16346,42.36502],[3.16773,42.36784],[3.16577,42.3692],[3.16469,42.37466],[3.16265,42.37486],[3.16447,42.37411],[3.16286,42.37303],[3.16386,42.37177],[3.16254,42.37123],[3.16141,42.37261],[3.16296,42.37384],[3.16113,42.37301],[3.16165,42.37135],[3.15911,42.37196],[3.15777,42.37451],[3.15874,42.37619],[3.15517,42.3785],[3.15516,42.37998],[3.15836,42.38363],[3.15975,42.38314],[3.1599,42.38523],[3.16314,42.38459],[3.16261,42.38627],[3.16688,42.38944],[3.16165,42.38761],[3.15629,42.38872],[3.14755,42.3878],[3.14045,42.38535],[3.13901,42.3835],[3.12649,42.38094],[3.12016,42.3765],[3.11156,42.37443],[3.10367,42.37944],[3.10162,42.38875],[3.09671,42.39206],[3.09395,42.39687],[3.0929,42.39758]]]]}},{"type":"Feature","properties":{"mun_code":"17067","mun_name":"Flaçà","mun_name_local":null,"prov_code":"17","prov_name":"Girona","acom_code":"09","acom_name":"Cataluña","geo_point_2d":{"lon":2.9624612905405034,"lat":42.045496736890854}},"geometry":{"type":"Polygon","coordinates":[[[2.94502,42.03222],[2.95277,42.03105],[2.95298,42.03308],[2.95641,42.03218],[2.95913,42.03804],[2.96236,42.03881],[2.96558,42.03496],[2.97938,42.03597],[2.97975,42.04965],[2.97268,42.06098],[2.96879,42.05761],[2.96559,42.05679],[2.95955,42.0608],[2.95842,42.05897],[2.95428,42.05731],[2.95164,42.05224],[2.94838,42.05251],[2.94683,42.05427],[2.94688,42.04525],[2.94436,42.04044],[2.9452,42.03256],[2.94502,42.03222]]]}},{"type":"Feature","properties":{"mun_code":"17151","mun_name":"Riumors","mun_name_local":null,"prov_code":"17","prov_name":"Girona","acom_code":"09","acom_name":"Cataluña","geo_point_2d":{"lon":3.0461454537348374,"lat":42.22334186873115}},"geometry":{"type":"Polygon","coordinates":[[[3.02118,42.22432],[3.0344,42.20963],[3.03476,42.21392],[3.03725,42.21653],[3.06686,42.21192],[3.06495,42.22083],[3.06214,42.22204],[3.05969,42.22761],[3.05996,42.23213],[3.06401,42.23557],[3.06142,42.2384],[3.05202,42.23194],[3.05073,42.23394],[3.04159,42.23407],[3.02291,42.22452],[3.02118,42.22432]]]}},{"type":"Feature","properties":{"mun_code":"17034","mun_name":"Calonge i Sant Antoni","mun_name_local":null,"prov_code":"17","prov_name":"Girona","acom_code":"09","acom_name":"Cataluña","geo_point_2d":{"lon":3.0730234770287677,"lat":41.863502842686216}},"geometry":{"type":"Polygon","coordinates":[[[3.0544,41.89825],[3.05871,41.8894],[3.06301,41.88481],[3.06078,41.881],[3.04506,41.87221],[3.02196,41.86871],[3.025,41.85416],[3.03352,41.84872],[3.0368,41.85056],[3.04259,41.84628],[3.04679,41.8478],[3.05773,41.84439],[3.05747,41.8422],[3.06277,41.84349],[3.06579,41.84277],[3.06743,41.83768],[3.07516,41.83573],[3.07549,41.831],[3.08085,41.82518],[3.08428,41.82606],[3.08815,41.83186],[3.09299,41.83229],[3.09349,41.83747],[3.09955,41.84297],[3.10271,41.84386],[3.10219,41.84497],[3.10502,41.84502],[3.10532,41.8464],[3.10797,41.84604],[3.10738,41.84687],[3.10945,41.84766],[3.11755,41.84853],[3.11776,41.85264],[3.11649,41.85533],[3.10844,41.85936],[3.10826,41.87106],[3.10426,41.87466],[3.09994,41.87526],[3.09622,41.87971],[3.0961,41.88867],[3.09114,41.89196],[3.09087,41.89454],[3.07572,41.89977],[3.06467,41.89751],[3.0544,41.89825]]]}},{"type":"Feature","properties":{"mun_code":"17170","mun_name":"Vallfogona de Ripollès","mun_name_local":null,"prov_code":"17","prov_name":"Girona","acom_code":"09","acom_name":"Cataluña","geo_point_2d":{"lon":2.3052847151995683,"lat":42.185922301074456}},"geometry":{"type":"Polygon","coordinates":[[[2.25988,42.20365],[2.25934,42.1978],[2.25364,42.19358],[2.25704,42.19218],[2.25704,42.19051],[2.25174,42.1813],[2.26489,42.16418],[2.27535,42.16415],[2.28068,42.16619],[2.28668,42.16378],[2.29012,42.1657],[2.29417,42.1644],[2.29696,42.16584],[2.30497,42.15781],[2.30821,42.15853],[2.31378,42.16258],[2.32785,42.16257],[2.33997,42.16888],[2.34539,42.16824],[2.35386,42.17186],[2.36119,42.17151],[2.35816,42.17846],[2.36026,42.18833],[2.35574,42.19336],[2.34919,42.19439],[2.34591,42.20288],[2.33353,42.20822],[2.33269,42.21066],[2.32392,42.20951],[2.32179,42.21056],[2.30457,42.2097],[2.30186,42.20785],[2.29869,42.20955],[2.28769,42.2081],[2.28155,42.20877],[2.27844,42.20756],[2.26613,42.20833],[2.26023,42.20374],[2.25988,42.20365]]]}},{"type":"Feature","properties":{"mun_code":"17025","mun_name":"Bordils","mun_name_local":null,"prov_code":"17","prov_name":"Girona","acom_code":"09","acom_name":"Cataluña","geo_point_2d":{"lon":2.9104462366699235,"lat":42.047244434659895}},"geometry":{"type":"Polygon","coordinates":[[[2.88663,42.0507],[2.88691,42.04805],[2.89819,42.03374],[2.91837,42.03781],[2.93214,42.04319],[2.92983,42.05371],[2.92439,42.05198],[2.92269,42.05418],[2.9304,42.05886],[2.92824,42.06159],[2.91401,42.05737],[2.91046,42.05807],[2.90726,42.06159],[2.90492,42.06193],[2.90182,42.05924],[2.90575,42.05502],[2.90266,42.04954],[2.89803,42.05042],[2.89333,42.05392],[2.88722,42.05075],[2.88663,42.0507]]]}},{"type":"Feature","properties":{"mun_code":"17040","mun_name":"Canet d'Adri","mun_name_local":null,"prov_code":"17","prov_name":"Girona","acom_code":"09","acom_name":"Cataluña","geo_point_2d":{"lon":2.724461100651555,"lat":42.05617963501855}},"geometry":{"type":"Polygon","coordinates":[[[2.67774,42.0845],[2.67699,42.08166],[2.67883,42.07804],[2.67609,42.06034],[2.67858,42.05402],[2.68226,42.05067],[2.69065,42.04839],[2.68865,42.04648],[2.69276,42.03829],[2.696,42.03655],[2.70799,42.03506],[2.71459,42.03045],[2.71578,42.02544],[2.72302,42.02341],[2.72547,42.02385],[2.72555,42.02016],[2.72989,42.0189],[2.73348,42.01984],[2.7335,42.02086],[2.74346,42.02049],[2.76621,42.02851],[2.76372,42.03109],[2.76772,42.034],[2.76655,42.03482],[2.76743,42.04153],[2.7806,42.04368],[2.77781,42.04811],[2.78146,42.054],[2.77894,42.05746],[2.7667,42.05695],[2.76769,42.05862],[2.75802,42.0717],[2.74913,42.07437],[2.74284,42.07477],[2.72925,42.07931],[2.73213,42.08602],[2.72335,42.08659],[2.72076,42.08973],[2.71612,42.09213],[2.69161,42.09288],[2.68585,42.08469],[2.68091,42.08264],[2.67861,42.08455],[2.67774,42.0845]]]}},{"type":"Feature","properties":{"mun_code":"17194","mun_name":"Susqueda","mun_name_local":null,"prov_code":"17","prov_name":"Girona","acom_code":"09","acom_name":"Cataluña","geo_point_2d":{"lon":2.5188310580173945,"lat":41.9953730155061}},"geometry":{"type":"Polygon","coordinates":[[[2.48021,41.97873],[2.48376,41.97277],[2.48787,41.96981],[2.49105,41.96172],[2.4896,41.95863],[2.49459,41.95186],[2.49273,41.94789],[2.49628,41.94734],[2.49699,41.94516],[2.51471,41.93686],[2.5223,41.93668],[2.52724,41.93876],[2.52916,41.93794],[2.53108,41.94251],[2.52907,41.94318],[2.52767,41.94704],[2.52453,41.94838],[2.52622,41.94923],[2.52664,41.9544],[2.52352,41.95751],[2.53014,41.95893],[2.53388,41.95583],[2.53623,41.95686],[2.53846,41.9557],[2.53629,41.96077],[2.53842,41.96208],[2.5353,41.96327],[2.53365,41.96608],[2.5346,41.96744],[2.53237,41.96874],[2.52979,41.97372],[2.53178,41.97381],[2.52585,41.97862],[2.5243,41.98371],[2.5294,41.99089],[2.5361,41.9921],[2.53596,41.99358],[2.53919,41.99422],[2.54328,42.00058],[2.54903,41.99727],[2.55141,41.99056],[2.5555,41.98992],[2.55184,41.98407],[2.5599,41.976],[2.56303,41.9779],[2.56365,41.98212],[2.5725,41.9853],[2.57049,41.98687],[2.5694,41.99108],[2.57344,41.99143],[2.57146,41.99661],[2.57533,41.99881],[2.57479,42.00532],[2.56492,42.0084],[2.56478,42.01106],[2.56135,42.01146],[2.55844,42.01362],[2.55071,42.02538],[2.54485,42.02949],[2.53331,42.02808],[2.53367,42.02704],[2.51417,42.04203],[2.51134,42.04764],[2.50287,42.0516],[2.49476,42.05923],[2.49088,42.05559],[2.48586,42.05451],[2.48128,42.05084],[2.48443,42.04648],[2.48879,42.04522],[2.48834,42.04382],[2.4928,42.03834],[2.49656,42.0371],[2.49962,42.03365],[2.50609,42.0323],[2.503,42.02339],[2.50165,42.02397],[2.49991,42.02172],[2.49423,42.02046],[2.49511,42.01158],[2.50129,42.01037],[2.50285,42.00893],[2.49981,42.00787],[2.49905,42.0015],[2.49297,42.00128],[2.48818,41.99899],[2.48465,41.99931],[2.48299,41.99666],[2.47964,41.99788],[2.4797,42.00028],[2.4763,42.0009],[2.47666,41.99735],[2.46881,41.99374],[2.48802,41.98485],[2.48005,41.98249],[2.48021,41.97873]]]}},{"type":"Feature","properties":{"mun_code":"17078","mun_name":"Ger","mun_name_local":null,"prov_code":"17","prov_name":"Girona","acom_code":"09","acom_name":"Cataluña","geo_point_2d":{"lon":1.8287558399615644,"lat":42.438195916866256}},"geometry":{"type":"Polygon","coordinates":[[[1.76267,42.48677],[1.78305,42.48146],[1.79275,42.4755],[1.79493,42.46593],[1.80127,42.45952],[1.80777,42.44697],[1.81292,42.4322],[1.81325,42.42534],[1.8114,42.4214],[1.80723,42.41808],[1.81141,42.41399],[1.81238,42.4101],[1.81551,42.40854],[1.8175,42.40539],[1.82042,42.40619],[1.82529,42.40124],[1.82846,42.40406],[1.83358,42.40432],[1.8446,42.40158],[1.85382,42.39819],[1.85871,42.39343],[1.86217,42.39705],[1.86448,42.3948],[1.86776,42.39858],[1.86858,42.41847],[1.86368,42.42817],[1.85058,42.43248],[1.85349,42.43569],[1.85039,42.44059],[1.85135,42.44291],[1.8425,42.45516],[1.83536,42.45667],[1.83281,42.463],[1.82163,42.47082],[1.81918,42.47695],[1.81435,42.48039],[1.81469,42.48301],[1.80987,42.48554],[1.80206,42.4851],[1.79797,42.48662],[1.79267,42.48499],[1.76267,42.48677]]]}},{"type":"Feature","properties":{"mun_code":"17191","mun_name":"Serra de Daró","mun_name_local":null,"prov_code":"17","prov_name":"Girona","acom_code":"09","acom_name":"Cataluña","geo_point_2d":{"lon":3.0655177946401064,"lat":42.030764158963244}},"geometry":{"type":"Polygon","coordinates":[[[3.04647,42.03149],[3.04775,42.02846],[3.05181,42.02808],[3.0518,42.02691],[3.05376,42.02703],[3.05361,42.02576],[3.05629,42.0245],[3.05784,42.02401],[3.06141,42.0257],[3.06547,42.02514],[3.063,42.01384],[3.06751,42.01171],[3.06881,42.00857],[3.07307,42.0089],[3.07419,42.01152],[3.07657,42.01196],[3.07973,42.01547],[3.08179,42.02122],[3.07812,42.02392],[3.0796,42.02404],[3.07984,42.02622],[3.08297,42.02612],[3.08259,42.03091],[3.08488,42.03438],[3.08178,42.035],[3.07666,42.0411],[3.06748,42.04226],[3.04854,42.05151],[3.04687,42.03162],[3.04647,42.03149]]]}},{"type":"Feature","properties":{"mun_code":"17195","mun_name":"La Tallada d'Empordà","mun_name_local":null,"prov_code":"17","prov_name":"Girona","acom_code":"09","acom_name":"Cataluña","geo_point_2d":{"lon":3.0627104613125553,"lat":42.076289924699005}},"geometry":{"type":"Polygon","coordinates":[[[3.03426,42.08932],[3.03809,42.08661],[3.03985,42.08175],[3.04265,42.07923],[3.04579,42.07879],[3.0484,42.07068],[3.05199,42.0707],[3.05548,42.07308],[3.06047,42.06812],[3.06887,42.06894],[3.07008,42.06686],[3.06496,42.05661],[3.05567,42.05133],[3.05865,42.04705],[3.06748,42.04226],[3.08505,42.03993],[3.08238,42.05249],[3.08766,42.05392],[3.08834,42.05682],[3.09246,42.05819],[3.09521,42.06198],[3.09081,42.06193],[3.08818,42.06485],[3.07867,42.07029],[3.08208,42.07275],[3.08062,42.07396],[3.0811,42.07668],[3.07637,42.0765],[3.07108,42.08399],[3.07776,42.08803],[3.07834,42.08986],[3.0748,42.09039],[3.07634,42.09363],[3.07412,42.09415],[3.06935,42.09907],[3.05883,42.09804],[3.05427,42.10176],[3.05015,42.10969],[3.04023,42.11092],[3.0414,42.10734],[3.03899,42.10244],[3.03465,42.09882],[3.03341,42.09206],[3.03471,42.08997],[3.03426,42.08932]]]}},{"type":"Feature","properties":{"mun_code":"17093","mun_name":"Llers","mun_name_local":null,"prov_code":"17","prov_name":"Girona","acom_code":"09","acom_name":"Cataluña","geo_point_2d":{"lon":2.9122287624868286,"lat":42.29444432648384}},"geometry":{"type":"Polygon","coordinates":[[[2.87247,42.28329],[2.87708,42.28033],[2.88536,42.27801],[2.8969,42.27857],[2.91012,42.27445],[2.91175,42.27502],[2.91042,42.27642],[2.91162,42.27667],[2.9195,42.271],[2.92327,42.27126],[2.92579,42.26993],[2.9291,42.27501],[2.93093,42.27519],[2.92881,42.27877],[2.9335,42.28742],[2.93682,42.28821],[2.94289,42.2867],[2.94604,42.29023],[2.94923,42.29108],[2.96148,42.28917],[2.95339,42.30256],[2.94509,42.30205],[2.94084,42.30369],[2.94027,42.30547],[2.92792,42.31009],[2.91728,42.31004],[2.91508,42.31209],[2.91617,42.31325],[2.9142,42.31334],[2.91053,42.3166],[2.90276,42.31657],[2.89902,42.31967],[2.89663,42.31951],[2.89766,42.31586],[2.89506,42.31291],[2.88665,42.31174],[2.88613,42.30973],[2.88321,42.31047],[2.88112,42.3085],[2.87914,42.30211],[2.88343,42.29475],[2.87897,42.28815],[2.87294,42.28349],[2.87247,42.28329]]]}},{"type":"Feature","properties":{"mun_code":"17082","mun_name":"Guils de Cerdanya","mun_name_local":null,"prov_code":"17","prov_name":"Girona","acom_code":"09","acom_name":"Cataluña","geo_point_2d":{"lon":1.8674842048566584,"lat":42.451276525279994}},"geometry":{"type":"Polygon","coordinates":[[[1.76267,42.48677],[1.79267,42.48499],[1.7971,42.4866],[1.80206,42.4851],[1.80987,42.48554],[1.81469,42.48301],[1.81435,42.48039],[1.81918,42.47695],[1.82163,42.47082],[1.83281,42.463],[1.83536,42.45667],[1.8425,42.45516],[1.85135,42.44291],[1.85984,42.43883],[1.8632,42.43501],[1.86971,42.43172],[1.87717,42.43113],[1.89918,42.42481],[1.89968,42.42022],[1.91594,42.42326],[1.91719,42.43639],[1.90903,42.44724],[1.89964,42.45016],[1.8964,42.44981],[1.89555,42.44755],[1.8908,42.44806],[1.8898,42.45018],[1.88436,42.44986],[1.88178,42.45902],[1.86485,42.4665],[1.8629,42.46631],[1.85977,42.46246],[1.85429,42.46415],[1.85239,42.46635],[1.84751,42.46786],[1.84343,42.47716],[1.8345,42.48292],[1.82667,42.48394],[1.82355,42.48655],[1.81696,42.48309],[1.80489,42.49021],[1.79192,42.48552],[1.76286,42.48753],[1.76267,42.48677]]]}},{"type":"Feature","properties":{"mun_code":"17110","mun_name":"Mont-ras","mun_name_local":null,"prov_code":"17","prov_name":"Girona","acom_code":"09","acom_name":"Cataluña","geo_point_2d":{"lon":3.1488683134193862,"lat":41.89390863718389}},"geometry":{"type":"MultiPolygon","coordinates":[[[[3.17884,41.87508],[3.16608,41.88458],[3.16102,41.89614],[3.15634,41.89765],[3.15863,41.90024],[3.15639,41.90898],[3.15178,41.91208],[3.1487,41.91844],[3.14147,41.91863],[3.1259,41.91212],[3.12403,41.89875],[3.12715,41.8942],[3.13235,41.89336],[3.13565,41.88853],[3.14234,41.88635],[3.14175,41.87907],[3.16836,41.86886],[3.17015,41.86955],[3.17789,41.86779],[3.17698,41.87015],[3.17846,41.87092],[3.1774,41.87222],[3.1794,41.87418],[3.17853,41.87494],[3.17884,41.87508]]]]}},{"type":"Feature","properties":{"mun_code":"17043","mun_name":"Queralbs","mun_name_local":null,"prov_code":"17","prov_name":"Girona","acom_code":"09","acom_name":"Cataluña","geo_point_2d":{"lon":2.171202014390827,"lat":42.378632945723325}},"geometry":{"type":"Polygon","coordinates":[[[2.08693,42.36386],[2.0873,42.36218],[2.0938,42.36035],[2.1051,42.35336],[2.11102,42.34393],[2.11731,42.34005],[2.1321,42.33464],[2.14372,42.33447],[2.14901,42.33207],[2.16903,42.33289],[2.17258,42.33462],[2.17118,42.33744],[2.18443,42.33806],[2.19358,42.34265],[2.19653,42.34262],[2.20413,42.33733],[2.21054,42.33682],[2.21366,42.33508],[2.22216,42.34326],[2.22238,42.35913],[2.2182,42.36679],[2.21966,42.36979],[2.2356,42.37658],[2.23807,42.38714],[2.24203,42.3891],[2.24668,42.39414],[2.24774,42.39634],[2.24383,42.39895],[2.23894,42.40884],[2.24161,42.41231],[2.24779,42.41546],[2.24347,42.41599],[2.24048,42.42028],[2.23089,42.42688],[2.22433,42.42592],[2.21934,42.42301],[2.21483,42.42302],[2.21033,42.42001],[2.20714,42.41963],[2.20667,42.41738],[2.19978,42.41678],[2.19291,42.41862],[2.18687,42.41744],[2.18424,42.41949],[2.18048,42.41817],[2.16768,42.4249],[2.16612,42.42285],[2.15932,42.42214],[2.15684,42.42344],[2.14825,42.42043],[2.14295,42.41656],[2.12866,42.41255],[2.1242,42.40784],[2.12168,42.39722],[2.11483,42.39459],[2.11455,42.38928],[2.11676,42.3833],[2.11278,42.38131],[2.1055,42.38029],[2.09943,42.37688],[2.08943,42.37384],[2.08666,42.3654],[2.08693,42.36386]]]}},{"type":"Feature","properties":{"mun_code":"17165","mun_name":"Sant Jaume de Llierca","mun_name_local":null,"prov_code":"17","prov_name":"Girona","acom_code":"09","acom_name":"Cataluña","geo_point_2d":{"lon":2.5939379153357134,"lat":42.20981172866992}},"geometry":{"type":"Polygon","coordinates":[[[2.58258,42.19043],[2.59152,42.1945],[2.5935,42.19321],[2.59357,42.18957],[2.6023,42.19108],[2.60452,42.19393],[2.6017,42.20024],[2.60145,42.20533],[2.60938,42.21065],[2.6119,42.21064],[2.61071,42.21477],[2.60322,42.2189],[2.60114,42.2186],[2.6066,42.22065],[2.60603,42.22181],[2.60326,42.22161],[2.60246,42.22401],[2.5958,42.22472],[2.59297,42.23055],[2.58699,42.22919],[2.58093,42.22095],[2.5788,42.22076],[2.58491,42.21436],[2.58362,42.20904],[2.58856,42.20504],[2.58723,42.20213],[2.58123,42.19843],[2.58091,42.19206],[2.58221,42.19062],[2.58258,42.19043]]]}},{"type":"Feature","properties":{"mun_code":"17192","mun_name":"Setcases","mun_name_local":null,"prov_code":"17","prov_name":"Girona","acom_code":"09","acom_name":"Cataluña","geo_point_2d":{"lon":2.294320665702807,"lat":42.400111007555374}},"geometry":{"type":"Polygon","coordinates":[[[2.23343,42.42609],[2.24347,42.41599],[2.24779,42.41546],[2.23923,42.41034],[2.24093,42.40329],[2.24383,42.39895],[2.2463,42.39667],[2.25815,42.39416],[2.26726,42.38797],[2.26859,42.38305],[2.28205,42.36868],[2.29697,42.36276],[2.30518,42.36134],[2.31874,42.36337],[2.3304,42.3707],[2.3371,42.37126],[2.34275,42.38017],[2.34215,42.3831],[2.34515,42.38714],[2.34606,42.39176],[2.34367,42.40096],[2.34576,42.41561],[2.34388,42.41689],[2.33093,42.41574],[2.32494,42.41749],[2.31832,42.42243],[2.31888,42.42513],[2.3126,42.42848],[2.30694,42.42903],[2.30023,42.42393],[2.29105,42.4229],[2.28596,42.42586],[2.28582,42.42744],[2.27091,42.43428],[2.26746,42.43364],[2.25693,42.43874],[2.25207,42.43657],[2.24619,42.42892],[2.24114,42.42871],[2.23367,42.4262],[2.23343,42.42609]]]}},{"type":"Feature","properties":{"mun_code":"17130","mun_name":"La Pera","mun_name_local":null,"prov_code":"17","prov_name":"Girona","acom_code":"09","acom_name":"Cataluña","geo_point_2d":{"lon":2.9712972365312855,"lat":42.01747658973469}},"geometry":{"type":"Polygon","coordinates":[[[2.95173,42.00573],[2.95807,41.9992],[2.95969,42.00047],[2.9675,41.99867],[2.9747,42.00093],[2.97846,42.00014],[2.98089,41.9975],[2.98205,42.00135],[2.98939,42.00483],[2.9889,42.00798],[2.99119,42.01096],[2.99015,42.0114],[2.99201,42.01269],[2.99285,42.01703],[2.995,42.01647],[2.99547,42.01923],[2.9903,42.02744],[2.9812,42.03184],[2.98,42.036],[2.96558,42.03496],[2.96236,42.03881],[2.95913,42.03804],[2.95641,42.03218],[2.95298,42.03308],[2.95122,42.00987],[2.95173,42.00573]]]}},{"type":"Feature","properties":{"mun_code":"17117","mun_name":"Palafrugell","mun_name_local":null,"prov_code":"17","prov_name":"Girona","acom_code":"09","acom_name":"Cataluña","geo_point_2d":{"lon":3.168797743806783,"lat":41.913728462723064}},"geometry":{"type":"MultiPolygon","coordinates":[[[[3.14847,41.94461],[3.14045,41.94343],[3.13727,41.94051],[3.12995,41.93861],[3.12678,41.93632],[3.11943,41.93688],[3.11722,41.92943],[3.11918,41.92041],[3.1259,41.91212],[3.14147,41.91863],[3.1487,41.91844],[3.15178,41.91208],[3.15639,41.90898],[3.15863,41.90024],[3.15634,41.89765],[3.16102,41.89614],[3.16608,41.88458],[3.17884,41.87508],[3.18152,41.87582],[3.17827,41.87867],[3.18305,41.88145],[3.18167,41.88441],[3.18333,41.88779],[3.19056,41.88791],[3.1936,41.89045],[3.19275,41.89214],[3.19438,41.89359],[3.19675,41.89355],[3.19679,41.89243],[3.1956,41.89287],[3.19896,41.89157],[3.20295,41.89157],[3.20532,41.90026],[3.2083,41.90055],[3.21031,41.90398],[3.20706,41.90819],[3.21207,41.90912],[3.20767,41.91306],[3.20945,41.91459],[3.20751,41.91746],[3.21131,41.91698],[3.21678,41.91849],[3.2157,41.92156],[3.21943,41.92144],[3.21643,41.92404],[3.21914,41.9267],[3.19445,41.92571],[3.19406,41.92439],[3.19104,41.92469],[3.19021,41.92289],[3.18723,41.92234],[3.18489,41.92487],[3.17132,41.92353],[3.1701,41.92429],[3.16926,41.92305],[3.16582,41.92286],[3.16337,41.92914],[3.15988,41.92839],[3.15635,41.93028],[3.15193,41.94447],[3.14847,41.94461]]]]}},{"type":"Feature","properties":{"mun_code":"17109","mun_name":"Montagut i Oix","mun_name_local":null,"prov_code":"17","prov_name":"Girona","acom_code":"09","acom_name":"Cataluña","geo_point_2d":{"lon":2.5534885691600895,"lat":42.27378327779437}},"geometry":{"type":"Polygon","coordinates":[[[2.46335,42.27953],[2.46817,42.27604],[2.47151,42.26606],[2.47555,42.26337],[2.49151,42.26034],[2.49736,42.25199],[2.50936,42.24758],[2.51459,42.24753],[2.52122,42.24083],[2.52476,42.24031],[2.52462,42.23879],[2.52856,42.23714],[2.52785,42.23633],[2.52949,42.23605],[2.53001,42.23411],[2.53164,42.23429],[2.53149,42.23287],[2.53607,42.23106],[2.5389,42.23286],[2.54156,42.23046],[2.54516,42.2304],[2.54669,42.22845],[2.54988,42.22824],[2.54595,42.22581],[2.54651,42.22216],[2.54965,42.2225],[2.55315,42.21927],[2.55589,42.21921],[2.55663,42.21129],[2.56173,42.20661],[2.56293,42.20187],[2.56798,42.20168],[2.5712,42.19839],[2.58109,42.20349],[2.58743,42.20394],[2.58856,42.20504],[2.58724,42.20718],[2.58515,42.20709],[2.58341,42.2095],[2.58516,42.21305],[2.58431,42.21572],[2.5788,42.22076],[2.58093,42.22095],[2.58699,42.22919],[2.59202,42.23056],[2.5958,42.22472],[2.60246,42.22401],[2.60326,42.22161],[2.60684,42.22167],[2.60979,42.23046],[2.60304,42.24134],[2.60304,42.24642],[2.5968,42.24944],[2.59001,42.25554],[2.5863,42.25471],[2.58598,42.25809],[2.5813,42.25923],[2.58018,42.26454],[2.59024,42.269],[2.58976,42.28449],[2.59319,42.28631],[2.59608,42.29068],[2.60644,42.29295],[2.6229,42.29363],[2.62789,42.29597],[2.63009,42.30011],[2.62954,42.3029],[2.63234,42.30526],[2.63078,42.31281],[2.62458,42.31144],[2.61768,42.30685],[2.61551,42.31306],[2.61212,42.31485],[2.61404,42.31856],[2.59177,42.32785],[2.58065,42.32631],[2.57816,42.32152],[2.56217,42.31769],[2.56204,42.31946],[2.55624,42.32303],[2.55124,42.3285],[2.54231,42.33397],[2.52652,42.33342],[2.51992,42.32687],[2.52455,42.31938],[2.52801,42.30529],[2.52798,42.30126],[2.52406,42.2918],[2.53215,42.29009],[2.54234,42.29076],[2.55402,42.28928],[2.55479,42.2866],[2.55794,42.28739],[2.55643,42.28524],[2.55133,42.28587],[2.54553,42.28281],[2.53822,42.28229],[2.53735,42.27991],[2.53447,42.27956],[2.50877,42.28134],[2.50744,42.28643],[2.50455,42.28692],[2.50404,42.29892],[2.50611,42.30405],[2.50388,42.30413],[2.4965,42.29888],[2.49553,42.3003],[2.47973,42.30292],[2.48026,42.298],[2.48534,42.28834],[2.46335,42.27953]]]}},{"type":"Feature","properties":{"mun_code":"17223","mun_name":"Vilajuïga","mun_name_local":null,"prov_code":"17","prov_name":"Girona","acom_code":"09","acom_name":"Cataluña","geo_point_2d":{"lon":3.102962582797207,"lat":42.33274543242756}},"geometry":{"type":"Polygon","coordinates":[[[3.07588,42.32362],[3.07968,42.31611],[3.08742,42.31289],[3.09062,42.31063],[3.09128,42.30818],[3.09319,42.31089],[3.09933,42.31213],[3.09823,42.31264],[3.1035,42.31684],[3.1066,42.32368],[3.10928,42.3257],[3.11879,42.32468],[3.13021,42.32835],[3.13232,42.33001],[3.12949,42.33161],[3.13446,42.33942],[3.12732,42.34798],[3.12018,42.34703],[3.11612,42.34901],[3.11424,42.34626],[3.10974,42.34431],[3.10675,42.34668],[3.10638,42.35173],[3.10043,42.35144],[3.09619,42.35321],[3.09399,42.34915],[3.08911,42.34812],[3.08556,42.34417],[3.08263,42.33667],[3.08344,42.33376],[3.07888,42.33002],[3.07811,42.32411],[3.07588,42.32416],[3.07588,42.32362]]]}},{"type":"Feature","properties":{"mun_code":"17051","mun_name":"Cistella","mun_name_local":null,"prov_code":"17","prov_name":"Girona","acom_code":"09","acom_name":"Cataluña","geo_point_2d":{"lon":2.8306326022273502,"lat":42.28037597409772}},"geometry":{"type":"Polygon","coordinates":[[[2.78461,42.30324],[2.78008,42.29875],[2.78677,42.29628],[2.79105,42.2931],[2.79753,42.2811],[2.80169,42.27909],[2.80326,42.27599],[2.80664,42.27465],[2.80892,42.27557],[2.81455,42.27062],[2.82484,42.26491],[2.8324,42.25203],[2.84056,42.24832],[2.83816,42.24749],[2.83832,42.24593],[2.84018,42.24549],[2.84137,42.24763],[2.8437,42.24806],[2.84912,42.24628],[2.84861,42.24247],[2.85443,42.24413],[2.85178,42.24628],[2.85468,42.2463],[2.85668,42.25465],[2.8591,42.25626],[2.8617,42.26912],[2.85769,42.27953],[2.86393,42.28114],[2.86769,42.2836],[2.86605,42.29276],[2.85181,42.29383],[2.85056,42.29691],[2.84621,42.29941],[2.83133,42.30085],[2.82104,42.30347],[2.80905,42.3049],[2.79075,42.30398],[2.78461,42.30324]]]}},{"type":"Feature","properties":{"mun_code":"17207","mun_name":"La Vall d'en Bas","mun_name_local":null,"prov_code":"17","prov_name":"Girona","acom_code":"09","acom_name":"Cataluña","geo_point_2d":{"lon":2.423628905889498,"lat":42.125696001402865}},"geometry":{"type":"Polygon","coordinates":[[[2.37392,42.11655],[2.37371,42.11332],[2.37668,42.10988],[2.37658,42.10546],[2.3799,42.10359],[2.3951,42.10428],[2.40021,42.10271],[2.39464,42.0953],[2.39407,42.09154],[2.39688,42.08761],[2.3945,42.08676],[2.40099,42.08078],[2.40549,42.07866],[2.41107,42.06876],[2.41461,42.0691],[2.41737,42.06506],[2.42062,42.0654],[2.42687,42.06128],[2.43539,42.06845],[2.44364,42.07298],[2.44907,42.0743],[2.4501,42.0775],[2.45341,42.0764],[2.45804,42.07928],[2.46256,42.07452],[2.46239,42.07717],[2.46688,42.07394],[2.47799,42.08044],[2.4813,42.08581],[2.47718,42.08915],[2.47879,42.09546],[2.47307,42.10175],[2.47347,42.10651],[2.47901,42.11158],[2.48232,42.1124],[2.48939,42.12034],[2.49213,42.12041],[2.4928,42.12234],[2.48469,42.13602],[2.48242,42.13695],[2.4691,42.12914],[2.46472,42.13162],[2.45361,42.13399],[2.45462,42.13954],[2.45874,42.14031],[2.4575,42.14159],[2.45856,42.14676],[2.46208,42.15047],[2.46097,42.15094],[2.46178,42.1555],[2.45847,42.15705],[2.45931,42.15831],[2.45724,42.15955],[2.45833,42.16107],[2.45463,42.16359],[2.45238,42.16754],[2.45391,42.17151],[2.45167,42.17476],[2.45152,42.17972],[2.45319,42.18115],[2.44774,42.18614],[2.44801,42.18823],[2.44601,42.18846],[2.44201,42.18489],[2.44017,42.18659],[2.43407,42.18624],[2.43011,42.18185],[2.41959,42.17853],[2.4131,42.17708],[2.40753,42.17736],[2.3953,42.16702],[2.3888,42.16874],[2.38447,42.1635],[2.3813,42.16247],[2.37983,42.16495],[2.3771,42.16408],[2.37518,42.16624],[2.37262,42.16149],[2.36764,42.16159],[2.36549,42.15949],[2.36149,42.16069],[2.35813,42.15883],[2.35732,42.15387],[2.35087,42.15049],[2.34881,42.14743],[2.35077,42.13767],[2.36869,42.12855],[2.3743,42.12888],[2.38106,42.12368],[2.37414,42.11705],[2.37392,42.11655]]]}},{"type":"Feature","properties":{"mun_code":"17039","mun_name":"Camprodon","mun_name_local":null,"prov_code":"17","prov_name":"Girona","acom_code":"09","acom_name":"Cataluña","geo_point_2d":{"lon":2.4310243011428603,"lat":42.310485670497314}},"geometry":{"type":"Polygon","coordinates":[[[2.31534,42.29564],[2.31267,42.28455],[2.31526,42.28352],[2.31719,42.27761],[2.32139,42.27535],[2.34147,42.27422],[2.34335,42.27747],[2.36011,42.28351],[2.36571,42.28765],[2.36982,42.28628],[2.37241,42.27764],[2.36913,42.27334],[2.37017,42.26752],[2.37566,42.26505],[2.3885,42.272],[2.39919,42.27173],[2.40613,42.2742],[2.40632,42.28187],[2.41504,42.2868],[2.42261,42.28603],[2.42776,42.2841],[2.43086,42.28771],[2.43488,42.28471],[2.43767,42.28627],[2.44185,42.28554],[2.44552,42.28059],[2.44986,42.28107],[2.45067,42.28306],[2.45292,42.28317],[2.45898,42.28203],[2.46335,42.27953],[2.48534,42.28834],[2.48026,42.298],[2.47973,42.30292],[2.49553,42.3003],[2.4965,42.29888],[2.50388,42.30413],[2.50611,42.30405],[2.50404,42.29892],[2.50455,42.28692],[2.50744,42.28643],[2.50877,42.28134],[2.53735,42.27991],[2.53822,42.28229],[2.54553,42.28281],[2.55133,42.28587],[2.55643,42.28524],[2.55794,42.28739],[2.55507,42.28647],[2.55402,42.28928],[2.54841,42.29032],[2.53215,42.29009],[2.52406,42.2918],[2.52798,42.30126],[2.52801,42.30529],[2.52455,42.31938],[2.51992,42.32687],[2.52652,42.33342],[2.51118,42.33748],[2.51014,42.33955],[2.50023,42.3432],[2.49331,42.34196],[2.49209,42.34273],[2.48343,42.33978],[2.47564,42.34611],[2.47181,42.3536],[2.46414,42.36192],[2.4576,42.36342],[2.4441,42.35845],[2.44257,42.35089],[2.44421,42.34787],[2.44231,42.34765],[2.43918,42.34336],[2.44075,42.34226],[2.43253,42.34272],[2.4291,42.33747],[2.43046,42.33047],[2.4361,42.32988],[2.43667,42.32624],[2.42669,42.32341],[2.42235,42.32376],[2.41757,42.3352],[2.40005,42.33626],[2.38062,42.34706],[2.37642,42.35111],[2.37635,42.35611],[2.37379,42.35814],[2.37663,42.36246],[2.37612,42.36835],[2.37045,42.37198],[2.36908,42.36323],[2.37351,42.35787],[2.37121,42.35405],[2.37186,42.3477],[2.36777,42.34312],[2.36758,42.33559],[2.36252,42.33019],[2.36603,42.32396],[2.36714,42.31561],[2.3638,42.31573],[2.35914,42.31872],[2.3553,42.3189],[2.3531,42.31452],[2.35752,42.31372],[2.35091,42.30773],[2.35236,42.30731],[2.35147,42.30537],[2.31652,42.29588],[2.31534,42.29564]]]}},{"type":"Feature","properties":{"mun_code":"17215","mun_name":"Vilablareix","mun_name_local":null,"prov_code":"17","prov_name":"Girona","acom_code":"09","acom_name":"Cataluña","geo_point_2d":{"lon":2.7815454499793124,"lat":41.953416828654625}},"geometry":{"type":"Polygon","coordinates":[[[2.75478,41.94959],[2.76477,41.94858],[2.77057,41.94373],[2.77212,41.9454],[2.77926,41.94421],[2.7852,41.94807],[2.79393,41.94186],[2.80324,41.94864],[2.80239,41.94991],[2.8054,41.95491],[2.79834,41.95817],[2.7988,41.96072],[2.79774,41.95841],[2.78998,41.96052],[2.7827,41.96551],[2.77621,41.96262],[2.76861,41.96169],[2.75533,41.95028],[2.75478,41.94959]]]}},{"type":"Feature","properties":{"mun_code":"17136","mun_name":"Pontós","mun_name_local":null,"prov_code":"17","prov_name":"Girona","acom_code":"09","acom_name":"Cataluña","geo_point_2d":{"lon":2.9115057912685804,"lat":42.18475457865238}},"geometry":{"type":"Polygon","coordinates":[[[2.88901,42.17927],[2.89198,42.17886],[2.89377,42.17693],[2.89842,42.16222],[2.90834,42.16088],[2.91378,42.16299],[2.91652,42.16657],[2.9235,42.16563],[2.92243,42.16865],[2.92919,42.1759],[2.93335,42.18724],[2.93325,42.19339],[2.93893,42.20129],[2.93351,42.1987],[2.93148,42.20184],[2.91692,42.20126],[2.91533,42.20334],[2.91572,42.20668],[2.91395,42.20744],[2.91094,42.20715],[2.908,42.2044],[2.90204,42.20623],[2.89886,42.20083],[2.89283,42.20004],[2.89304,42.18997],[2.89039,42.18173],[2.88901,42.17927]]]}},{"type":"Feature","properties":{"mun_code":"17174","mun_name":"Sant Miquel de Campmajor","mun_name_local":null,"prov_code":"17","prov_name":"Girona","acom_code":"09","acom_name":"Cataluña","geo_point_2d":{"lon":2.6776568634149944,"lat":42.12844576392888}},"geometry":{"type":"Polygon","coordinates":[[[2.63634,42.08757],[2.64281,42.08758],[2.64958,42.08477],[2.66425,42.0863],[2.66769,42.08492],[2.67006,42.08586],[2.67861,42.08455],[2.68091,42.08264],[2.68769,42.08641],[2.69308,42.09531],[2.69083,42.09702],[2.68979,42.10305],[2.6931,42.10657],[2.69655,42.11575],[2.70036,42.1159],[2.69681,42.12601],[2.70783,42.13019],[2.70365,42.13505],[2.70317,42.14343],[2.69862,42.14568],[2.70205,42.15429],[2.70097,42.15647],[2.70614,42.16059],[2.70449,42.17409],[2.69497,42.17389],[2.68249,42.17074],[2.67553,42.17154],[2.68449,42.17426],[2.68214,42.17634],[2.67876,42.17422],[2.67601,42.17646],[2.67456,42.17403],[2.67245,42.17589],[2.66675,42.17636],[2.66722,42.1722],[2.66529,42.1676],[2.6686,42.15885],[2.65822,42.15556],[2.65706,42.14336],[2.66053,42.14185],[2.65987,42.1395],[2.65422,42.13611],[2.66438,42.13197],[2.6659,42.1236],[2.65742,42.1185],[2.65759,42.11211],[2.65359,42.11089],[2.65205,42.10516],[2.65301,42.10286],[2.646,42.09661],[2.64546,42.09393],[2.63806,42.08998],[2.63634,42.08757]]]}},{"type":"Feature","properties":{"mun_code":"17233","mun_name":"Vilobí d'Onyar","mun_name_local":null,"prov_code":"17","prov_name":"Girona","acom_code":"09","acom_name":"Cataluña","geo_point_2d":{"lon":2.739284359148116,"lat":41.89147469545562}},"geometry":{"type":"Polygon","coordinates":[[[2.69934,41.9239],[2.7003,41.92055],[2.70504,41.91859],[2.70789,41.91867],[2.7136,41.92182],[2.71511,41.91938],[2.71737,41.91899],[2.7158,41.91412],[2.71824,41.90855],[2.71465,41.90289],[2.71056,41.90036],[2.70198,41.88015],[2.70697,41.87381],[2.70584,41.86294],[2.71159,41.86504],[2.71882,41.8654],[2.72056,41.86801],[2.72522,41.86973],[2.72907,41.86822],[2.73496,41.86906],[2.73654,41.86383],[2.74615,41.85818],[2.74718,41.85982],[2.7527,41.85707],[2.75239,41.85429],[2.75641,41.85685],[2.75728,41.86242],[2.76079,41.8614],[2.76587,41.86411],[2.76937,41.87556],[2.77574,41.87831],[2.77213,41.88226],[2.77089,41.88832],[2.77239,41.89233],[2.7708,41.89328],[2.77145,41.907],[2.76594,41.90939],[2.75594,41.92025],[2.74669,41.92691],[2.74488,41.92468],[2.734,41.92316],[2.72653,41.92369],[2.71747,41.9219],[2.70742,41.92319],[2.69934,41.9239]]]}},{"type":"Feature","properties":{"mun_code":"17135","mun_name":"Pont de Molins","mun_name_local":null,"prov_code":"17","prov_name":"Girona","acom_code":"09","acom_name":"Cataluña","geo_point_2d":{"lon":2.9259165254789585,"lat":42.3201081951049}},"geometry":{"type":"Polygon","coordinates":[[[2.89906,42.31941],[2.90276,42.31657],[2.91053,42.3166],[2.9142,42.31334],[2.91617,42.31325],[2.91508,42.31209],[2.91728,42.31004],[2.92792,42.31009],[2.94027,42.30547],[2.94084,42.30369],[2.94509,42.30205],[2.95339,42.30256],[2.95068,42.30396],[2.95059,42.30593],[2.94189,42.31635],[2.9419,42.32912],[2.94356,42.33169],[2.93553,42.3325],[2.92566,42.33605],[2.925,42.33121],[2.91116,42.33171],[2.90042,42.32736],[2.89798,42.32191],[2.89921,42.31987],[2.89906,42.31941]]]}},{"type":"Feature","properties":{"mun_code":"17012","mun_name":"Avinyonet de Puigventós","mun_name_local":null,"prov_code":"17","prov_name":"Girona","acom_code":"09","acom_name":"Cataluña","geo_point_2d":{"lon":2.914258768719305,"lat":42.2529397517339}},"geometry":{"type":"Polygon","coordinates":[[[2.8969,42.27857],[2.90015,42.26788],[2.89561,42.26234],[2.89932,42.25413],[2.89855,42.25245],[2.90323,42.24515],[2.90078,42.23234],[2.89819,42.22853],[2.90358,42.2263],[2.9072,42.22736],[2.90952,42.22526],[2.91106,42.22881],[2.91579,42.22786],[2.91995,42.23251],[2.92815,42.23345],[2.92891,42.23568],[2.93045,42.23569],[2.92702,42.24485],[2.93593,42.26283],[2.92858,42.27304],[2.92579,42.26993],[2.92327,42.27126],[2.9195,42.271],[2.91162,42.27667],[2.91042,42.27642],[2.91175,42.27502],[2.91012,42.27445],[2.89959,42.27772],[2.8969,42.27857]]]}},{"type":"Feature","properties":{"mun_code":"17066","mun_name":"Figueres","mun_name_local":null,"prov_code":"17","prov_name":"Girona","acom_code":"09","acom_name":"Cataluña","geo_point_2d":{"lon":2.9718704418646875,"lat":42.27059438074115}},"geometry":{"type":"Polygon","coordinates":[[[2.93093,42.27519],[2.93682,42.27224],[2.9375,42.26863],[2.94912,42.26322],[2.95122,42.25991],[2.95287,42.26064],[2.95856,42.2517],[2.96464,42.24801],[2.96352,42.24645],[2.96666,42.24714],[2.96761,42.24557],[2.96935,42.24603],[2.97058,42.24081],[2.96851,42.23762],[2.97288,42.23867],[2.97388,42.24402],[2.98222,42.24405],[2.98213,42.24848],[2.97864,42.2563],[2.98187,42.25866],[2.98168,42.2612],[2.9877,42.26225],[2.99085,42.26458],[2.99993,42.26451],[3.00609,42.2694],[3.01156,42.26937],[3.01671,42.27157],[3.0186,42.2739],[3.02978,42.2741],[3.02619,42.28035],[3.02008,42.28037],[3.01604,42.28271],[3.01502,42.28101],[3.01219,42.28308],[3.00802,42.28208],[3.00217,42.28598],[3.0015,42.28443],[2.99898,42.28538],[3.00015,42.28389],[2.99686,42.28279],[2.99565,42.28423],[2.99141,42.28299],[2.99108,42.28074],[2.98636,42.2774],[2.97484,42.27525],[2.96889,42.27708],[2.96148,42.28917],[2.94923,42.29108],[2.94604,42.29023],[2.94289,42.2867],[2.93682,42.28821],[2.9335,42.28742],[2.92881,42.27877],[2.93072,42.27547],[2.93093,42.27519]]]}},{"type":"Feature","properties":{"mun_code":"17070","mun_name":"Fontanilles","mun_name_local":null,"prov_code":"17","prov_name":"Girona","acom_code":"09","acom_name":"Cataluña","geo_point_2d":{"lon":3.108408957160992,"lat":42.01468054456319}},"geometry":{"type":"Polygon","coordinates":[[[3.07666,42.0411],[3.08178,42.035],[3.08488,42.03438],[3.08259,42.03091],[3.08297,42.02612],[3.07984,42.02622],[3.0782,42.02343],[3.0828,42.02032],[3.08262,42.01781],[3.08532,42.01613],[3.09048,42.00805],[3.09483,42.00653],[3.09849,42.00758],[3.09632,42.00125],[3.09792,41.99984],[3.10946,42.00192],[3.11367,42.00462],[3.14639,42.00031],[3.16548,42.00428],[3.16444,42.00683],[3.15388,42.00261],[3.14735,42.00574],[3.1417,42.00566],[3.12177,42.01835],[3.11464,42.01858],[3.10373,42.01647],[3.10359,42.01755],[3.10163,42.01427],[3.09494,42.01764],[3.096,42.021],[3.0935,42.03997],[3.08677,42.03951],[3.07743,42.04102],[3.07666,42.0411]]]}},{"type":"Feature","properties":{"mun_code":"17197","mun_name":"Torrent","mun_name_local":null,"prov_code":"17","prov_name":"Girona","acom_code":"09","acom_name":"Cataluña","geo_point_2d":{"lon":3.1290700820523876,"lat":41.95150450648753}},"geometry":{"type":"Polygon","coordinates":[[[3.11155,41.95908],[3.11472,41.9374],[3.12458,41.93577],[3.1368,41.94027],[3.14045,41.94343],[3.14847,41.94461],[3.14785,41.95593],[3.14451,41.96246],[3.14273,41.96199],[3.13999,41.96624],[3.12823,41.96406],[3.11496,41.96392],[3.11378,41.95976],[3.11155,41.95908]]]}},{"type":"Feature","properties":{"mun_code":"17118","mun_name":"Palamós","mun_name_local":null,"prov_code":"17","prov_name":"Girona","acom_code":"09","acom_name":"Cataluña","geo_point_2d":{"lon":3.1303007913908036,"lat":41.86602726043291}},"geometry":{"type":"MultiPolygon","coordinates":[[[[3.14723,41.87737],[3.14439,41.87544],[3.13842,41.87679],[3.13539,41.87315],[3.13024,41.87017],[3.12901,41.87444],[3.12282,41.87865],[3.12085,41.87753],[3.11619,41.88068],[3.11386,41.88432],[3.09846,41.88961],[3.0961,41.88867],[3.09622,41.87971],[3.09994,41.87526],[3.10426,41.87466],[3.10826,41.87106],[3.10844,41.85936],[3.11649,41.85533],[3.11755,41.84853],[3.12333,41.84783],[3.12771,41.84548],[3.12371,41.84486],[3.12407,41.84352],[3.12514,41.84497],[3.12555,41.84325],[3.12531,41.84463],[3.12782,41.8443],[3.12809,41.84281],[3.12032,41.84142],[3.13212,41.84206],[3.13577,41.84513],[3.13336,41.84466],[3.13239,41.84628],[3.13687,41.84764],[3.13581,41.84408],[3.13783,41.84887],[3.14477,41.84952],[3.14525,41.85369],[3.14256,41.85643],[3.14564,41.85858],[3.15,41.85854],[3.15165,41.86201],[3.15765,41.86223],[3.159,41.85961],[3.15973,41.86108],[3.16124,41.86046],[3.16525,41.86189],[3.16595,41.86383],[3.17141,41.86342],[3.17318,41.86566],[3.17786,41.86763],[3.17015,41.86955],[3.16836,41.86886],[3.14905,41.87692],[3.14723,41.87737]]]]}},{"type":"Feature","properties":{"mun_code":"17124","mun_name":"Pals","mun_name_local":null,"prov_code":"17","prov_name":"Girona","acom_code":"09","acom_name":"Cataluña","geo_point_2d":{"lon":3.1689054493330993,"lat":41.98271059555782}},"geometry":{"type":"Polygon","coordinates":[[[3.13999,41.96624],[3.14077,41.96363],[3.14273,41.96199],[3.14451,41.96246],[3.14655,41.95881],[3.1485,41.94975],[3.18166,41.96265],[3.19585,41.97088],[3.20266,41.97769],[3.20267,41.97927],[3.20735,41.98148],[3.20165,41.99155],[3.19676,42.00836],[3.19154,42.00679],[3.18249,42.01018],[3.17784,42.01044],[3.16781,42.00427],[3.14846,42.0005],[3.14022,42.00073],[3.13476,41.99615],[3.13782,41.98475],[3.13953,41.96704],[3.13999,41.96624]]]}},{"type":"Feature","properties":{"mun_code":"17209","mun_name":"Vall-llobrega","mun_name_local":null,"prov_code":"17","prov_name":"Girona","acom_code":"09","acom_name":"Cataluña","geo_point_2d":{"lon":3.1243870702610304,"lat":41.886005184768536}},"geometry":{"type":"Polygon","coordinates":[[[3.09846,41.88961],[3.11386,41.88432],[3.11619,41.88068],[3.12085,41.87753],[3.12282,41.87865],[3.1252,41.87764],[3.12931,41.87399],[3.13024,41.87017],[3.13539,41.87315],[3.13842,41.87679],[3.14439,41.87544],[3.14723,41.87737],[3.14175,41.87907],[3.14234,41.88635],[3.13565,41.88853],[3.1301,41.8945],[3.12715,41.8942],[3.11195,41.89938],[3.1023,41.88999],[3.09846,41.88961]]]}},{"type":"Feature","properties":{"mun_code":"17060","mun_name":"Darnius","mun_name_local":null,"prov_code":"17","prov_name":"Girona","acom_code":"09","acom_name":"Cataluña","geo_point_2d":{"lon":2.8291839992763026,"lat":42.36372403820316}},"geometry":{"type":"Polygon","coordinates":[[[2.77924,42.35349],[2.7848,42.35385],[2.78978,42.35088],[2.79091,42.34797],[2.7938,42.3461],[2.80269,42.34308],[2.80924,42.343],[2.81559,42.34122],[2.82425,42.34238],[2.83563,42.33912],[2.84297,42.34536],[2.85323,42.34769],[2.85941,42.34654],[2.86938,42.33956],[2.87656,42.34406],[2.87774,42.3464],[2.89452,42.34884],[2.89627,42.34978],[2.89569,42.35246],[2.90156,42.35506],[2.90196,42.35655],[2.90038,42.36103],[2.89624,42.3632],[2.88562,42.36123],[2.87164,42.36637],[2.86547,42.36088],[2.85866,42.36474],[2.85876,42.367],[2.85373,42.36912],[2.85245,42.37302],[2.84858,42.37416],[2.85052,42.37598],[2.84923,42.37933],[2.84227,42.38039],[2.83704,42.37817],[2.83233,42.37847],[2.82153,42.38996],[2.82306,42.39218],[2.82095,42.3944],[2.81306,42.3958],[2.81129,42.39433],[2.80797,42.39417],[2.80452,42.39578],[2.79934,42.40182],[2.79664,42.40246],[2.7922,42.40156],[2.78953,42.39743],[2.79244,42.39324],[2.79115,42.39196],[2.79153,42.38366],[2.79602,42.37097],[2.79224,42.36956],[2.78793,42.37318],[2.78676,42.36853],[2.7839,42.36689],[2.78277,42.36394],[2.7775,42.3646],[2.77787,42.35989],[2.77601,42.357],[2.77915,42.35408],[2.77924,42.35349]]]}},{"type":"Feature","properties":{"mun_code":"17063","mun_name":"Espinelves","mun_name_local":null,"prov_code":"17","prov_name":"Girona","acom_code":"09","acom_name":"Cataluña","geo_point_2d":{"lon":2.4230380990539553,"lat":41.87374774344969}},"geometry":{"type":"Polygon","coordinates":[[[2.38965,41.87857],[2.39321,41.87253],[2.39522,41.8724],[2.39584,41.87021],[2.40127,41.86831],[2.40151,41.86645],[2.40313,41.86613],[2.40527,41.86282],[2.40453,41.86134],[2.40697,41.86074],[2.40881,41.8523],[2.41577,41.84941],[2.42179,41.85066],[2.42274,41.85491],[2.43279,41.85333],[2.43789,41.85494],[2.44006,41.86023],[2.44624,41.85968],[2.454,41.86942],[2.45262,41.88035],[2.4445,41.88471],[2.44316,41.88824],[2.43922,41.88782],[2.43047,41.89049],[2.43121,41.89419],[2.42685,41.89497],[2.4262,41.89624],[2.42161,41.89385],[2.41778,41.89351],[2.4155,41.89648],[2.40711,41.89542],[2.40486,41.88748],[2.40321,41.88589],[2.3962,41.88608],[2.39586,41.8834],[2.3925,41.88077],[2.39309,41.87924],[2.38965,41.87857]]]}},{"type":"Feature","properties":{"mun_code":"17133","mun_name":"Les Planes d'Hostoles","mun_name_local":null,"prov_code":"17","prov_name":"Girona","acom_code":"09","acom_name":"Cataluña","geo_point_2d":{"lon":2.54942950340814,"lat":42.06449044904268}},"geometry":{"type":"Polygon","coordinates":[[[2.49491,42.06151],[2.50287,42.0516],[2.51134,42.04764],[2.51417,42.04203],[2.53367,42.02704],[2.53331,42.02808],[2.54485,42.02949],[2.54719,42.03885],[2.55114,42.04072],[2.55292,42.04374],[2.55659,42.04478],[2.56274,42.04257],[2.5656,42.03863],[2.57554,42.03759],[2.5798,42.03462],[2.58289,42.03699],[2.58797,42.03655],[2.59082,42.03925],[2.5914,42.04422],[2.59662,42.04999],[2.59743,42.05608],[2.60149,42.05847],[2.60041,42.0622],[2.60151,42.06315],[2.59785,42.06336],[2.59216,42.06158],[2.58267,42.06714],[2.58233,42.06878],[2.57541,42.07124],[2.56679,42.08651],[2.56223,42.08693],[2.55898,42.09196],[2.55432,42.09461],[2.5517,42.10143],[2.55266,42.10477],[2.54993,42.11057],[2.54461,42.11661],[2.53301,42.11353],[2.5316,42.1114],[2.52817,42.11025],[2.52767,42.10604],[2.53177,42.096],[2.53417,42.09513],[2.53379,42.09307],[2.53126,42.09103],[2.52959,42.07982],[2.52038,42.07771],[2.52049,42.0758],[2.51723,42.07482],[2.51853,42.07339],[2.52087,42.07419],[2.52371,42.0693],[2.52613,42.07082],[2.52548,42.07199],[2.53151,42.07416],[2.5292,42.06334],[2.5247,42.0615],[2.51831,42.05626],[2.50593,42.06512],[2.49869,42.06037],[2.49491,42.06151]]]}},{"type":"Feature","properties":{"mun_code":"17132","mun_name":"Peralada","mun_name_local":null,"prov_code":"17","prov_name":"Girona","acom_code":"09","acom_name":"Cataluña","geo_point_2d":{"lon":3.029768957925933,"lat":42.301839201969095}},"geometry":{"type":"Polygon","coordinates":[[[2.97801,42.32172],[2.98342,42.3189],[2.98246,42.31716],[2.99012,42.31535],[2.98701,42.31375],[2.98712,42.31108],[2.99588,42.30738],[2.99434,42.29647],[2.99629,42.29335],[2.99,42.28922],[2.99141,42.28299],[2.99565,42.28423],[2.99686,42.28279],[3.00015,42.28389],[2.99898,42.28538],[3.0015,42.28443],[3.00132,42.28578],[3.00376,42.28594],[3.00802,42.28208],[3.01219,42.28308],[3.01502,42.28101],[3.01604,42.28271],[3.02008,42.28037],[3.02619,42.28035],[3.02555,42.27947],[3.03215,42.27086],[3.04126,42.26083],[3.04648,42.25969],[3.05025,42.2628],[3.08538,42.27442],[3.08464,42.27711],[3.09314,42.28392],[3.09954,42.28597],[3.09681,42.29188],[3.08761,42.29789],[3.08387,42.29662],[3.06995,42.29669],[3.06008,42.29228],[3.05216,42.29712],[3.04762,42.31393],[3.03461,42.32815],[3.02697,42.32802],[3.02549,42.3269],[3.0195,42.32823],[3.01258,42.32683],[3.01047,42.32928],[3.0126,42.33422],[3.00999,42.33515],[3.01437,42.33751],[3.01397,42.35336],[3.00781,42.3565],[3.00102,42.34942],[2.99266,42.3455],[2.98736,42.3405],[2.98661,42.33515],[2.98057,42.3334],[2.97394,42.33558],[2.97777,42.32209],[2.97801,42.32172]]]}},{"type":"Feature","properties":{"mun_code":"17147","mun_name":"Ripoll","mun_name_local":null,"prov_code":"17","prov_name":"Girona","acom_code":"09","acom_name":"Cataluña","geo_point_2d":{"lon":2.213895176796699,"lat":42.186194080209745}},"geometry":{"type":"Polygon","coordinates":[[[2.13725,42.20724],[2.14173,42.20266],[2.14179,42.19709],[2.14622,42.19665],[2.14729,42.19902],[2.15452,42.20012],[2.15783,42.19359],[2.16319,42.1915],[2.15386,42.18838],[2.16622,42.18343],[2.16446,42.1792],[2.1704,42.17759],[2.17303,42.17346],[2.17001,42.17433],[2.16873,42.17053],[2.18213,42.17061],[2.18271,42.16803],[2.17673,42.16019],[2.18707,42.16206],[2.19193,42.15723],[2.19998,42.15623],[2.20185,42.15039],[2.20727,42.14615],[2.20479,42.14398],[2.20749,42.14325],[2.212,42.1388],[2.2144,42.13864],[2.21444,42.14192],[2.22302,42.14188],[2.23524,42.14406],[2.24011,42.14281],[2.24257,42.13797],[2.24588,42.1392],[2.25754,42.13863],[2.26029,42.14115],[2.26865,42.14281],[2.26987,42.14501],[2.27083,42.14263],[2.27321,42.14241],[2.27241,42.13928],[2.28121,42.14067],[2.28558,42.14003],[2.29189,42.14772],[2.29742,42.15148],[2.29004,42.15007],[2.28857,42.14827],[2.28781,42.14991],[2.27699,42.14958],[2.28566,42.15237],[2.2912,42.15689],[2.28165,42.15713],[2.28134,42.16013],[2.27642,42.1579],[2.27699,42.16219],[2.27077,42.16313],[2.26826,42.16208],[2.26489,42.16418],[2.25174,42.1813],[2.25704,42.19051],[2.25704,42.19218],[2.25364,42.19358],[2.25934,42.1978],[2.25988,42.20365],[2.23607,42.21093],[2.23181,42.21625],[2.23335,42.21691],[2.23458,42.22223],[2.22655,42.23386],[2.22042,42.23463],[2.21436,42.2331],[2.20837,42.23334],[2.20044,42.23901],[2.19325,42.24155],[2.18652,42.2309],[2.18357,42.23066],[2.17662,42.22156],[2.16797,42.21911],[2.16746,42.21525],[2.16462,42.21707],[2.16239,42.21639],[2.15951,42.21919],[2.15164,42.2203],[2.1492,42.21768],[2.14629,42.21688],[2.14556,42.21402],[2.14212,42.21186],[2.14168,42.2086],[2.13808,42.20739],[2.13725,42.20724]]]}},{"type":"Feature","properties":{"mun_code":"17016","mun_name":"Bàscara","mun_name_local":null,"prov_code":"17","prov_name":"Girona","acom_code":"09","acom_name":"Cataluña","geo_point_2d":{"lon":2.9161113421306704,"lat":42.14132457361983}},"geometry":{"type":"Polygon","coordinates":[[[2.89842,42.16222],[2.89156,42.15506],[2.88835,42.15404],[2.88846,42.14995],[2.89382,42.14855],[2.90117,42.13877],[2.90098,42.13402],[2.89841,42.13197],[2.8986,42.12038],[2.90428,42.11062],[2.90601,42.1101],[2.90965,42.11164],[2.91149,42.11026],[2.91337,42.11055],[2.91579,42.11394],[2.92588,42.11613],[2.92696,42.12276],[2.92298,42.12905],[2.92671,42.13175],[2.93161,42.13241],[2.93597,42.13509],[2.93995,42.13527],[2.94291,42.1415],[2.94272,42.14669],[2.93833,42.14967],[2.93954,42.15096],[2.93719,42.15331],[2.93711,42.15825],[2.93327,42.16568],[2.92884,42.16398],[2.91802,42.16689],[2.91378,42.16299],[2.90834,42.16088],[2.899,42.16199],[2.89842,42.16222]]]}},{"type":"Feature","properties":{"mun_code":"17142","mun_name":"Quart","mun_name_local":null,"prov_code":"17","prov_name":"Girona","acom_code":"09","acom_name":"Cataluña","geo_point_2d":{"lon":2.8872557401777663,"lat":41.953270890094004}},"geometry":{"type":"Polygon","coordinates":[[[2.81969,41.93825],[2.82211,41.93526],[2.82635,41.93548],[2.8328,41.93356],[2.83454,41.93479],[2.83957,41.93385],[2.8386,41.92875],[2.852,41.93063],[2.85969,41.93864],[2.87772,41.93784],[2.88896,41.93977],[2.89788,41.9329],[2.91194,41.93507],[2.91174,41.93154],[2.91346,41.92998],[2.92089,41.93348],[2.92193,41.93702],[2.9285,41.9375],[2.93566,41.93991],[2.94654,41.93944],[2.94518,41.94738],[2.94907,41.94794],[2.9462,41.9548],[2.94833,41.9621],[2.94507,41.96608],[2.93845,41.96642],[2.9319,41.97055],[2.92851,41.97028],[2.92096,41.96629],[2.90495,41.97127],[2.90191,41.97725],[2.90489,41.98028],[2.89782,41.98454],[2.866,41.9676],[2.85777,41.96894],[2.83479,41.96563],[2.83304,41.96335],[2.83443,41.95917],[2.83317,41.95852],[2.83374,41.94914],[2.82689,41.9483],[2.8261,41.94231],[2.8203,41.94006],[2.81961,41.93861],[2.81969,41.93825]]]}},{"type":"Feature","properties":{"mun_code":"17143","mun_name":"Rabós","mun_name_local":null,"prov_code":"17","prov_name":"Girona","acom_code":"09","acom_name":"Cataluña","geo_point_2d":{"lon":3.046506696648962,"lat":42.39982450114967}},"geometry":{"type":"Polygon","coordinates":[[[3.00709,42.37026],[3.01397,42.35336],[3.01376,42.34475],[3.03161,42.34489],[3.03546,42.34327],[3.04277,42.34604],[3.04636,42.34917],[3.04468,42.35214],[3.04624,42.35485],[3.04369,42.35874],[3.04749,42.36139],[3.0467,42.37072],[3.04873,42.37482],[3.05344,42.37658],[3.06234,42.38544],[3.07255,42.3907],[3.0767,42.39141],[3.0779,42.39571],[3.08529,42.39572],[3.08831,42.39448],[3.0929,42.39758],[3.08516,42.41633],[3.08515,42.4204],[3.0871,42.42292],[3.08621,42.42553],[3.07783,42.43121],[3.07656,42.43537],[3.07001,42.43578],[3.06691,42.4427],[3.05813,42.44577],[3.05106,42.45476],[3.0472,42.45681],[3.04551,42.46146],[3.03915,42.4565],[3.0359,42.4474],[3.03679,42.44354],[3.0333,42.44071],[3.03946,42.42402],[3.0236,42.4182],[3.02389,42.41067],[3.02088,42.41062],[3.01781,42.40597],[3.0204,42.38854],[3.01796,42.38677],[3.01394,42.37896],[3.00895,42.37547],[3.00783,42.37072],[3.00709,42.37026]]]}},{"type":"Feature","properties":{"mun_code":"17196","mun_name":"Terrades","mun_name_local":null,"prov_code":"17","prov_name":"Girona","acom_code":"09","acom_name":"Cataluña","geo_point_2d":{"lon":2.842666016638908,"lat":42.311606322936825}},"geometry":{"type":"Polygon","coordinates":[[[2.78461,42.30324],[2.80905,42.3049],[2.84621,42.29941],[2.85056,42.29691],[2.85181,42.29383],[2.86605,42.29276],[2.86772,42.28369],[2.87294,42.28349],[2.87897,42.28815],[2.88343,42.29475],[2.87913,42.30249],[2.88321,42.31047],[2.87932,42.31034],[2.87042,42.31898],[2.86789,42.31936],[2.86584,42.32282],[2.85673,42.32244],[2.85074,42.32365],[2.83765,42.32952],[2.83567,42.33753],[2.83727,42.33956],[2.8344,42.33909],[2.82724,42.34103],[2.82182,42.33592],[2.80571,42.31242],[2.80174,42.31183],[2.79381,42.3074],[2.78501,42.30562],[2.78461,42.30324]]]}},{"type":"Feature","properties":{"mun_code":"17007","mun_name":"Amer","mun_name_local":null,"prov_code":"17","prov_name":"Girona","acom_code":"09","acom_name":"Cataluña","geo_point_2d":{"lon":2.601697387002754,"lat":42.010456150470446}},"geometry":{"type":"Polygon","coordinates":[[[2.54485,42.02949],[2.55119,42.02491],[2.55844,42.01362],[2.56135,42.01146],[2.56478,42.01106],[2.56492,42.0084],[2.57496,42.00505],[2.57526,41.99857],[2.57146,41.99661],[2.57344,41.99143],[2.5694,41.99108],[2.57118,41.98598],[2.57854,41.98544],[2.58679,41.98235],[2.59063,41.97919],[2.596,41.97916],[2.59996,41.97591],[2.60271,41.97803],[2.59924,41.97905],[2.5994,41.98211],[2.60306,41.98575],[2.61832,41.98826],[2.62412,41.98566],[2.62698,41.98257],[2.62873,41.98451],[2.63873,41.97828],[2.64102,41.97897],[2.64039,41.9829],[2.64318,41.98388],[2.64328,41.99063],[2.64438,41.98988],[2.64789,41.99228],[2.65289,41.99282],[2.65402,41.99085],[2.65902,41.98967],[2.6608,41.99228],[2.65934,41.99535],[2.66116,41.99587],[2.65855,41.99998],[2.65854,42.00737],[2.66407,42.0088],[2.66169,42.01667],[2.64892,42.01378],[2.64255,42.01724],[2.64016,42.01603],[2.63692,42.01671],[2.63557,42.0148],[2.637,42.01214],[2.62807,42.01219],[2.62617,42.02336],[2.61971,42.02281],[2.61441,42.02437],[2.60896,42.02814],[2.59914,42.04251],[2.60261,42.0463],[2.59713,42.04997],[2.5914,42.04422],[2.58927,42.03745],[2.58289,42.03699],[2.5798,42.03462],[2.57554,42.03759],[2.5656,42.03863],[2.56,42.04411],[2.55718,42.04485],[2.55329,42.04396],[2.55114,42.04072],[2.54719,42.03885],[2.54418,42.02963],[2.54485,42.02949]]]}},{"type":"Feature","properties":{"mun_code":"17189","mun_name":"La Cellera de Ter","mun_name_local":null,"prov_code":"17","prov_name":"Girona","acom_code":"09","acom_name":"Cataluña","geo_point_2d":{"lon":2.6000940186974697,"lat":41.971215297397414}},"geometry":{"type":"Polygon","coordinates":[[[2.56303,41.9779],[2.56189,41.97091],[2.56875,41.96909],[2.57133,41.96268],[2.58619,41.96208],[2.59255,41.96351],[2.5954,41.96269],[2.60492,41.95757],[2.60567,41.95617],[2.60291,41.9532],[2.6049,41.94947],[2.606,41.95125],[2.60901,41.95028],[2.60964,41.95185],[2.61223,41.94973],[2.61501,41.95039],[2.61684,41.95406],[2.62641,41.95709],[2.63109,41.96197],[2.63469,41.96284],[2.62937,41.96466],[2.62741,41.96715],[2.62838,41.97851],[2.62669,41.98318],[2.61832,41.98826],[2.6021,41.98541],[2.59884,41.97995],[2.60271,41.97803],[2.60058,41.97585],[2.596,41.97916],[2.59063,41.97919],[2.58679,41.98235],[2.57658,41.98574],[2.56365,41.98212],[2.56326,41.97834],[2.56303,41.9779]]]}},{"type":"Feature","properties":{"mun_code":"17061","mun_name":"Das","mun_name_local":null,"prov_code":"17","prov_name":"Girona","acom_code":"09","acom_name":"Cataluña","geo_point_2d":{"lon":1.8670478677096547,"lat":42.36240539885905}},"geometry":{"type":"Polygon","coordinates":[[[1.83205,42.37869],[1.83316,42.37577],[1.84009,42.37368],[1.84462,42.37486],[1.85095,42.37349],[1.85506,42.36965],[1.84778,42.36425],[1.84595,42.35933],[1.86154,42.35349],[1.86341,42.34711],[1.87019,42.34168],[1.87296,42.34036],[1.8776,42.34127],[1.88645,42.33742],[1.88757,42.33569],[1.88649,42.33339],[1.89288,42.3209],[1.89691,42.32275],[1.89927,42.32606],[1.89954,42.33489],[1.9023,42.33852],[1.89616,42.34305],[1.89096,42.34407],[1.8875,42.34813],[1.88783,42.35075],[1.88558,42.35446],[1.87054,42.3673],[1.8686,42.37023],[1.87359,42.38038],[1.86225,42.39166],[1.86448,42.3948],[1.86217,42.39705],[1.86,42.39611],[1.85903,42.39351],[1.85309,42.39361],[1.85176,42.39123],[1.84511,42.38803],[1.84137,42.38772],[1.83256,42.38135],[1.83205,42.37869]]]}},{"type":"Feature","properties":{"mun_code":"17183","mun_name":"Sant Aniol de Finestres","mun_name_local":null,"prov_code":"17","prov_name":"Girona","acom_code":"09","acom_name":"Cataluña","geo_point_2d":{"lon":2.6021974661535414,"lat":42.074567797731056}},"geometry":{"type":"Polygon","coordinates":[[[2.54548,42.11639],[2.55266,42.10477],[2.5517,42.10143],[2.55432,42.09461],[2.55898,42.09196],[2.56223,42.08693],[2.56679,42.08651],[2.57541,42.07124],[2.58233,42.06878],[2.58267,42.06714],[2.59216,42.06158],[2.59785,42.06336],[2.60151,42.06315],[2.60041,42.0622],[2.60149,42.05847],[2.59743,42.05608],[2.59662,42.04999],[2.60261,42.0463],[2.59914,42.04251],[2.60896,42.02814],[2.61441,42.02437],[2.61971,42.02281],[2.62617,42.02336],[2.62785,42.01241],[2.62923,42.01193],[2.637,42.01214],[2.63557,42.0148],[2.63692,42.01671],[2.64016,42.01603],[2.64255,42.01724],[2.64892,42.01378],[2.66163,42.01657],[2.65913,42.02081],[2.64364,42.03066],[2.6444,42.03374],[2.64011,42.03806],[2.63364,42.03925],[2.63012,42.03828],[2.63385,42.04435],[2.6325,42.04846],[2.63907,42.05425],[2.63911,42.05845],[2.63767,42.05875],[2.63908,42.06033],[2.63561,42.06363],[2.63751,42.06715],[2.6374,42.07247],[2.63141,42.07928],[2.63408,42.08299],[2.63069,42.08558],[2.63182,42.08898],[2.62507,42.09153],[2.61735,42.09935],[2.61385,42.09819],[2.61186,42.09995],[2.6156,42.10625],[2.61242,42.10758],[2.60831,42.10731],[2.60258,42.11267],[2.59394,42.11675],[2.5774,42.12006],[2.57311,42.12523],[2.56863,42.12604],[2.56414,42.12458],[2.55555,42.12589],[2.55152,42.12261],[2.5478,42.12486],[2.54568,42.11668],[2.54548,42.11639]]]}},{"type":"Feature","properties":{"mun_code":"17188","mun_name":"La Selva de Mar","mun_name_local":null,"prov_code":"17","prov_name":"Girona","acom_code":"09","acom_name":"Cataluña","geo_point_2d":{"lon":3.1872017532759602,"lat":42.31678871269049}},"geometry":{"type":"Polygon","coordinates":[[[3.16829,42.31865],[3.17296,42.30918],[3.17807,42.30562],[3.17955,42.30197],[3.18721,42.30293],[3.19445,42.30151],[3.19641,42.30523],[3.20213,42.30871],[3.20035,42.31419],[3.20526,42.31684],[3.20671,42.31917],[3.20466,42.32457],[3.20044,42.3273],[3.19435,42.32673],[3.18933,42.33125],[3.1841,42.33235],[3.17259,42.32532],[3.16881,42.31965],[3.16829,42.31865]]]}},{"type":"Feature","properties":{"mun_code":"17096","mun_name":"Les Llosses","mun_name_local":null,"prov_code":"17","prov_name":"Girona","acom_code":"09","acom_name":"Cataluña","geo_point_2d":{"lon":2.1005030751857565,"lat":42.16655179700002}},"geometry":{"type":"MultiPolygon","coordinates":[[[[2.01677,42.10904],[2.02203,42.11913],[2.01914,42.12098],[2.02934,42.12078],[2.03194,42.12627],[2.02568,42.13046],[2.02018,42.13082],[2.02177,42.12721],[2.01717,42.12703],[2.0182,42.12638],[2.01162,42.12693],[2.00221,42.12538],[2.00573,42.12082],[2.00086,42.11963],[2.00347,42.1189],[2.00415,42.11577],[2.00661,42.11529],[2.00762,42.10648],[2.01647,42.10909],[2.01677,42.10904]]],[[[2.00773,42.19364],[1.98587,42.19428],[1.97912,42.1963],[1.97661,42.19849],[1.96944,42.19704],[1.96465,42.19883],[1.96394,42.18759],[1.96554,42.17874],[1.97039,42.178],[1.97095,42.18028],[1.97616,42.18163],[1.98476,42.18037],[1.99183,42.18213],[1.99158,42.1784],[1.98925,42.17627],[1.99212,42.17275],[1.99046,42.17139],[2.00294,42.15549],[2.0058,42.15478],[2.0036,42.15308],[2.00588,42.15164],[2.00431,42.14969],[2.01385,42.14968],[2.02765,42.15282],[2.03323,42.1505],[2.03307,42.1481],[2.03731,42.14275],[2.04454,42.14386],[2.05132,42.14309],[2.05376,42.13787],[2.06044,42.13518],[2.06486,42.13853],[2.07045,42.13907],[2.07058,42.14173],[2.08636,42.14155],[2.09031,42.14244],[2.09225,42.1444],[2.09411,42.14192],[2.09603,42.14172],[2.09539,42.14012],[2.10133,42.13984],[2.09762,42.13018],[2.10108,42.12937],[2.0999,42.12437],[2.1097,42.11996],[2.11316,42.11691],[2.11472,42.11755],[2.11817,42.11537],[2.12041,42.11602],[2.12331,42.11484],[2.12496,42.11239],[2.13734,42.12078],[2.14357,42.13092],[2.1634,42.13498],[2.18092,42.13525],[2.18648,42.13398],[2.18787,42.1313],[2.18615,42.12832],[2.18873,42.12429],[2.20067,42.1239],[2.20413,42.12525],[2.20176,42.12855],[2.20404,42.13155],[2.20896,42.12722],[2.21298,42.1289],[2.2053,42.13323],[2.21106,42.13729],[2.20797,42.14283],[2.20479,42.14398],[2.20727,42.14615],[2.20185,42.15039],[2.20088,42.15565],[2.19748,42.15731],[2.19193,42.15723],[2.18707,42.16206],[2.17673,42.16019],[2.18287,42.16959],[2.18102,42.17136],[2.16873,42.17053],[2.17001,42.17433],[2.17303,42.17346],[2.1704,42.17759],[2.16446,42.1792],[2.16622,42.18343],[2.15386,42.18838],[2.16319,42.1915],[2.15783,42.19359],[2.15452,42.20012],[2.14729,42.19902],[2.14622,42.19665],[2.14179,42.19709],[2.14173,42.20266],[2.13725,42.20724],[2.12981,42.20862],[2.12408,42.21396],[2.11383,42.21565],[2.10994,42.21827],[2.10582,42.21841],[2.09486,42.22201],[2.08695,42.21771],[2.07616,42.21449],[2.05311,42.21945],[2.04977,42.21575],[2.05107,42.21366],[2.0499,42.20824],[2.05319,42.2006],[2.05221,42.19539],[2.05473,42.19437],[2.0606,42.19492],[2.06342,42.19152],[2.06165,42.18872],[2.06152,42.17959],[2.05924,42.17847],[2.0603,42.17723],[2.05796,42.17653],[2.05756,42.17461],[2.04372,42.17605],[2.03776,42.17839],[2.03568,42.17788],[2.03149,42.17626],[2.03157,42.17202],[2.02819,42.16916],[2.028,42.16664],[2.02313,42.16447],[2.01272,42.16421],[2.00769,42.16208],[2.00466,42.16246],[2.00401,42.16646],[1.9959,42.17201],[2.00084,42.1758],[2.00586,42.18299],[1.99897,42.18748],[1.99767,42.19134],[1.99902,42.19259],[2.00773,42.19364]]]]}},{"type":"Feature","properties":{"mun_code":"17050","mun_name":"Cervià de Ter","mun_name_local":null,"prov_code":"17","prov_name":"Girona","acom_code":"09","acom_name":"Cataluña","geo_point_2d":{"lon":2.908663363985086,"lat":42.06670328209946}},"geometry":{"type":"Polygon","coordinates":[[[2.88473,42.06616],[2.88252,42.05946],[2.88061,42.05799],[2.88342,42.05365],[2.89246,42.05481],[2.89725,42.05082],[2.9021,42.04951],[2.90434,42.05087],[2.90575,42.05502],[2.90182,42.05924],[2.90492,42.06193],[2.90726,42.06159],[2.91046,42.05807],[2.91401,42.05737],[2.92824,42.06159],[2.9304,42.05886],[2.92271,42.05445],[2.92439,42.05198],[2.92983,42.05371],[2.92866,42.05712],[2.93854,42.05855],[2.93569,42.06231],[2.93261,42.07529],[2.92836,42.07607],[2.92315,42.08018],[2.91883,42.0779],[2.91709,42.07865],[2.91559,42.07651],[2.90594,42.08072],[2.90046,42.08038],[2.89746,42.08772],[2.89535,42.08747],[2.89405,42.0827],[2.89422,42.0724],[2.89327,42.07093],[2.88839,42.07132],[2.88784,42.06686],[2.88496,42.06705],[2.88473,42.06616]]]}},{"type":"Feature","properties":{"mun_code":"17107","mun_name":"Molló","mun_name_local":null,"prov_code":"17","prov_name":"Girona","acom_code":"09","acom_name":"Cataluña","geo_point_2d":{"lon":2.400369417972126,"lat":42.369745678810816}},"geometry":{"type":"Polygon","coordinates":[[[2.34256,42.37983],[2.35537,42.37775],[2.36152,42.37478],[2.36752,42.37403],[2.3752,42.36988],[2.37663,42.36246],[2.37379,42.35814],[2.37635,42.35611],[2.37642,42.35111],[2.38062,42.34706],[2.39489,42.33825],[2.39783,42.33848],[2.40005,42.33626],[2.41757,42.3352],[2.42235,42.32376],[2.42669,42.32341],[2.43667,42.32624],[2.4361,42.32988],[2.43046,42.33047],[2.4291,42.33747],[2.43253,42.34272],[2.44075,42.34226],[2.43918,42.34336],[2.44231,42.34765],[2.44421,42.34787],[2.44257,42.35089],[2.4441,42.35845],[2.4576,42.36342],[2.45419,42.36985],[2.44829,42.36913],[2.44247,42.37104],[2.4334,42.37762],[2.43526,42.38904],[2.43289,42.39365],[2.42925,42.39427],[2.41482,42.39183],[2.4045,42.39309],[2.39276,42.39631],[2.38748,42.4003],[2.37932,42.4014],[2.37203,42.40059],[2.36116,42.40276],[2.34564,42.40927],[2.34367,42.40096],[2.34606,42.39176],[2.34515,42.38714],[2.34215,42.3831],[2.34275,42.38017],[2.34256,42.37983]]]}},{"type":"Feature","properties":{"mun_code":"17137","mun_name":"Porqueres","mun_name_local":null,"prov_code":"17","prov_name":"Girona","acom_code":"09","acom_name":"Cataluña","geo_point_2d":{"lon":2.730340604838117,"lat":42.1218280650363}},"geometry":{"type":"Polygon","coordinates":[[[2.69161,42.09288],[2.71612,42.09213],[2.72076,42.08973],[2.72335,42.08659],[2.73213,42.08602],[2.73074,42.09195],[2.73307,42.09531],[2.73825,42.09736],[2.74008,42.10122],[2.75416,42.1008],[2.76692,42.10318],[2.77822,42.10093],[2.7812,42.09882],[2.78727,42.10112],[2.79172,42.10102],[2.79266,42.10194],[2.79077,42.10476],[2.79792,42.11472],[2.78676,42.11521],[2.77954,42.10902],[2.77249,42.10524],[2.75186,42.10914],[2.74872,42.11125],[2.74677,42.11885],[2.75296,42.12282],[2.75292,42.12618],[2.7552,42.12789],[2.75134,42.13224],[2.75157,42.1365],[2.75641,42.13984],[2.76435,42.14131],[2.76507,42.14857],[2.76763,42.15126],[2.76892,42.15847],[2.74841,42.15391],[2.74573,42.14624],[2.74234,42.1452],[2.7401,42.14556],[2.7408,42.14679],[2.73332,42.14625],[2.72594,42.14731],[2.72739,42.14963],[2.72548,42.1549],[2.72343,42.15637],[2.72149,42.15604],[2.72246,42.15706],[2.72007,42.15728],[2.7202,42.15939],[2.71404,42.15493],[2.70793,42.15609],[2.70205,42.15429],[2.69862,42.14568],[2.70317,42.14343],[2.70365,42.13505],[2.70783,42.13019],[2.69681,42.12601],[2.70036,42.1159],[2.69655,42.11575],[2.6931,42.10657],[2.68979,42.10305],[2.69083,42.09702],[2.69308,42.09531],[2.69161,42.09288]]]}},{"type":"Feature","properties":{"mun_code":"17200","mun_name":"Tortellà","mun_name_local":null,"prov_code":"17","prov_name":"Girona","acom_code":"09","acom_name":"Cataluña","geo_point_2d":{"lon":2.6207966400448703,"lat":42.24347421376237}},"geometry":{"type":"Polygon","coordinates":[[[2.59497,42.25174],[2.5968,42.24944],[2.60304,42.24642],[2.60304,42.24134],[2.60968,42.23097],[2.60801,42.22695],[2.61396,42.2269],[2.61436,42.22461],[2.6188,42.22515],[2.62106,42.22253],[2.62507,42.22197],[2.63053,42.22315],[2.63084,42.2249],[2.63622,42.22763],[2.64209,42.22522],[2.64185,42.22907],[2.63862,42.23473],[2.64021,42.23518],[2.63868,42.23928],[2.63415,42.24267],[2.63205,42.24748],[2.6343,42.25601],[2.63822,42.26189],[2.62998,42.26524],[2.61967,42.26307],[2.59637,42.25244],[2.59497,42.25174]]]}},{"type":"Feature","properties":{"mun_code":"17038","mun_name":"Campllong","mun_name_local":null,"prov_code":"17","prov_name":"Girona","acom_code":"09","acom_name":"Cataluña","geo_point_2d":{"lon":2.8321472061872623,"lat":41.89795396025064}},"geometry":{"type":"Polygon","coordinates":[[[2.81639,41.88963],[2.82456,41.8851],[2.82624,41.88042],[2.83156,41.87738],[2.83132,41.87892],[2.83802,41.87869],[2.84101,41.88706],[2.84911,41.89132],[2.85151,41.90033],[2.84832,41.90028],[2.84594,41.90273],[2.84728,41.90634],[2.84246,41.90911],[2.83615,41.9166],[2.83008,41.91376],[2.82831,41.91476],[2.82538,41.91365],[2.82212,41.91418],[2.81904,41.91266],[2.81888,41.91108],[2.81655,41.91167],[2.81766,41.90942],[2.81192,41.90852],[2.81663,41.90616],[2.81752,41.90355],[2.81648,41.89018],[2.81639,41.88963]]]}},{"type":"Feature","properties":{"mun_code":"17087","mun_name":"Juià","mun_name_local":null,"prov_code":"17","prov_name":"Girona","acom_code":"09","acom_name":"Cataluña","geo_point_2d":{"lon":2.9079754210629587,"lat":42.013449324013536}},"geometry":{"type":"Polygon","coordinates":[[[2.89589,41.98772],[2.89782,41.98454],[2.90362,41.98166],[2.92367,42.02352],[2.91699,42.03746],[2.89819,42.03374],[2.9003,42.03165],[2.89718,42.02093],[2.89901,42.0176],[2.89775,42.00733],[2.89947,41.99822],[2.89609,41.98778],[2.89589,41.98772]]]}},{"type":"Feature","properties":{"mun_code":"17185","mun_name":"Sant Joan les Fonts","mun_name_local":null,"prov_code":"17","prov_name":"Girona","acom_code":"09","acom_name":"Cataluña","geo_point_2d":{"lon":2.5354012164411808,"lat":42.202547086723015}},"geometry":{"type":"Polygon","coordinates":[[[2.49208,42.20476],[2.49735,42.20703],[2.49935,42.20643],[2.50493,42.20818],[2.50352,42.20582],[2.5071,42.20484],[2.5063,42.20282],[2.50969,42.2002],[2.50294,42.19586],[2.5078,42.19497],[2.51225,42.19206],[2.51564,42.19274],[2.5178,42.18982],[2.51555,42.1876],[2.51602,42.18459],[2.53277,42.17874],[2.53587,42.17995],[2.54896,42.17261],[2.55719,42.17522],[2.56329,42.17209],[2.56521,42.17336],[2.57885,42.17428],[2.58017,42.1761],[2.58306,42.18557],[2.58156,42.18885],[2.58258,42.19043],[2.58091,42.19206],[2.58123,42.19843],[2.58723,42.20213],[2.58743,42.20394],[2.58109,42.20349],[2.5712,42.19839],[2.56798,42.20168],[2.56207,42.2027],[2.56173,42.20661],[2.55663,42.21129],[2.55496,42.21772],[2.54506,42.21856],[2.54351,42.21656],[2.53941,42.21664],[2.53929,42.21375],[2.53787,42.21342],[2.53565,42.21669],[2.53252,42.217],[2.53146,42.21882],[2.5381,42.21862],[2.54651,42.22216],[2.54595,42.22581],[2.54988,42.22824],[2.54669,42.22845],[2.54516,42.2304],[2.54156,42.23046],[2.5389,42.23286],[2.53607,42.23106],[2.53285,42.23304],[2.51707,42.22784],[2.50559,42.23097],[2.49727,42.2316],[2.49017,42.22284],[2.48434,42.22076],[2.48153,42.21761],[2.48215,42.21617],[2.4861,42.21654],[2.48574,42.21426],[2.4833,42.21249],[2.48495,42.20881],[2.48733,42.20677],[2.49051,42.20803],[2.49236,42.20515],[2.49208,42.20476]]]}},{"type":"Feature","properties":{"mun_code":"17081","mun_name":"Gualta","mun_name_local":null,"prov_code":"17","prov_name":"Girona","acom_code":"09","acom_name":"Cataluña","geo_point_2d":{"lon":3.1170248738414577,"lat":42.02537776509808}},"geometry":{"type":"Polygon","coordinates":[[[3.0935,42.03997],[3.096,42.021],[3.09494,42.01764],[3.10163,42.01427],[3.10359,42.01755],[3.10373,42.01647],[3.11464,42.01858],[3.12177,42.01835],[3.1417,42.00566],[3.14735,42.00574],[3.14449,42.0095],[3.13968,42.02488],[3.12875,42.02995],[3.12616,42.03429],[3.11163,42.04043],[3.09695,42.04018],[3.0935,42.03997]]]}},{"type":"Feature","properties":{"mun_code":"17176","mun_name":"Sant Mori","mun_name_local":null,"prov_code":"17","prov_name":"Girona","acom_code":"09","acom_name":"Cataluña","geo_point_2d":{"lon":2.9884714416353786,"lat":42.15105897467795}},"geometry":{"type":"Polygon","coordinates":[[[2.97056,42.15357],[2.9697,42.15037],[2.97132,42.14578],[2.97621,42.14222],[2.97693,42.13964],[2.99014,42.13699],[2.99319,42.1345],[3.00129,42.13505],[3.00061,42.13791],[3.00204,42.14009],[3.00491,42.13968],[3.00459,42.14254],[3.00244,42.15399],[2.99565,42.16892],[2.98622,42.16538],[2.98012,42.16795],[2.97519,42.16772],[2.97339,42.16423],[2.98209,42.16251],[2.98426,42.15949],[2.97862,42.15627],[2.97429,42.15602],[2.97226,42.15763],[2.97088,42.15497],[2.97056,42.15357]]]}},{"type":"Feature","properties":{"mun_code":"17177","mun_name":"Sant Pau de Segúries","mun_name_local":null,"prov_code":"17","prov_name":"Girona","acom_code":"09","acom_name":"Cataluña","geo_point_2d":{"lon":2.3616305391381096,"lat":42.26529491950702}},"geometry":{"type":"Polygon","coordinates":[[[2.34147,42.27422],[2.34282,42.27023],[2.34895,42.265],[2.35148,42.25783],[2.3497,42.25468],[2.35547,42.24989],[2.35073,42.24794],[2.35121,42.24474],[2.36054,42.24567],[2.36438,42.24848],[2.36938,42.24825],[2.37304,42.2523],[2.38321,42.25285],[2.38524,42.25445],[2.38527,42.25577],[2.38206,42.25582],[2.37566,42.26505],[2.37017,42.26752],[2.36913,42.27334],[2.37241,42.27764],[2.36928,42.28654],[2.36571,42.28765],[2.36408,42.28695],[2.36011,42.28351],[2.34335,42.27747],[2.34169,42.27466],[2.34147,42.27422]]]}},{"type":"Feature","properties":{"mun_code":"17071","mun_name":"Fontcoberta","mun_name_local":null,"prov_code":"17","prov_name":"Girona","acom_code":"09","acom_name":"Cataluña","geo_point_2d":{"lon":2.805096408983192,"lat":42.136038498374944}},"geometry":{"type":"Polygon","coordinates":[[[2.76516,42.143],[2.76875,42.14386],[2.77123,42.13767],[2.77308,42.13791],[2.77634,42.13492],[2.77722,42.13139],[2.7872,42.12514],[2.79085,42.12398],[2.80161,42.12507],[2.80585,42.11847],[2.80478,42.1153],[2.80639,42.11305],[2.81826,42.11726],[2.81766,42.12109],[2.82427,42.1226],[2.83747,42.12275],[2.84126,42.11952],[2.84426,42.12064],[2.84688,42.12594],[2.84267,42.13557],[2.84513,42.13596],[2.84529,42.13796],[2.83083,42.14066],[2.82385,42.15131],[2.82136,42.15096],[2.81274,42.14451],[2.80324,42.14139],[2.80058,42.14885],[2.77038,42.15885],[2.76795,42.15715],[2.76854,42.15453],[2.76507,42.14857],[2.76498,42.14406],[2.76516,42.143]]]}},{"type":"Feature","properties":{"mun_code":"17035","mun_name":"Camós","mun_name_local":null,"prov_code":"17","prov_name":"Girona","acom_code":"09","acom_name":"Cataluña","geo_point_2d":{"lon":2.7620736243572654,"lat":42.08442574710566}},"geometry":{"type":"Polygon","coordinates":[[[2.73213,42.08602],[2.72925,42.07931],[2.74284,42.07477],[2.74913,42.07437],[2.75802,42.0717],[2.76769,42.05862],[2.7745,42.06552],[2.77833,42.06627],[2.7786,42.06811],[2.7832,42.06829],[2.79144,42.0746],[2.79365,42.07854],[2.79797,42.08003],[2.78881,42.08142],[2.78608,42.08371],[2.78569,42.09076],[2.78308,42.09154],[2.7812,42.09882],[2.77822,42.10093],[2.76692,42.10318],[2.75416,42.1008],[2.74008,42.10122],[2.73825,42.09736],[2.73307,42.09531],[2.73074,42.09195],[2.7324,42.08628],[2.73213,42.08602]]]}},{"type":"Feature","properties":{"mun_code":"17201","mun_name":"Toses","mun_name_local":null,"prov_code":"17","prov_name":"Girona","acom_code":"09","acom_name":"Cataluña","geo_point_2d":{"lon":2.035701604298448,"lat":42.32586214238192}},"geometry":{"type":"Polygon","coordinates":[[[1.95535,42.3121],[1.96939,42.30325],[1.97729,42.30128],[1.98358,42.29802],[1.98416,42.29986],[1.99238,42.30058],[1.99606,42.30407],[2.00572,42.30759],[2.00856,42.30723],[2.01216,42.30867],[2.01388,42.30736],[2.01699,42.30822],[2.01872,42.31033],[2.02266,42.3095],[2.02635,42.30677],[2.03485,42.30565],[2.04947,42.29662],[2.06154,42.29373],[2.06303,42.29141],[2.06692,42.28988],[2.0718,42.29079],[2.07816,42.28625],[2.0829,42.2911],[2.08454,42.29671],[2.08838,42.30029],[2.09199,42.31214],[2.0956,42.31502],[2.09285,42.31836],[2.08465,42.32336],[2.08661,42.32699],[2.08559,42.336],[2.08751,42.3379],[2.08981,42.34977],[2.08831,42.35653],[2.08561,42.36145],[2.08168,42.36417],[2.07282,42.36552],[2.06755,42.36114],[2.05838,42.35864],[2.03493,42.35776],[2.02758,42.35566],[2.02359,42.35579],[2.01607,42.34709],[2.00388,42.34218],[1.99551,42.34197],[1.9944,42.34305],[1.98791,42.34354],[1.99057,42.34176],[1.99137,42.33632],[1.98817,42.33212],[1.97002,42.3309],[1.96526,42.33268],[1.96189,42.33217],[1.95887,42.32816],[1.96001,42.32479],[1.95535,42.3121]]]}},{"type":"Feature","properties":{"mun_code":"17102","mun_name":"Maçanet de Cabrenys","mun_name_local":null,"prov_code":"17","prov_name":"Girona","acom_code":"09","acom_name":"Cataluña","geo_point_2d":{"lon":2.7327532616703953,"lat":42.38429156910832}},"geometry":{"type":"Polygon","coordinates":[[[2.65919,42.37968],[2.6672,42.37518],[2.66928,42.37148],[2.67514,42.36822],[2.68209,42.36732],[2.68658,42.36295],[2.6902,42.36292],[2.69514,42.3601],[2.69943,42.36093],[2.7059,42.35982],[2.72485,42.3515],[2.72359,42.34768],[2.7268,42.34254],[2.73002,42.3437],[2.74088,42.34003],[2.74421,42.34087],[2.74417,42.34243],[2.74752,42.34264],[2.75164,42.34096],[2.75344,42.34296],[2.75844,42.34322],[2.75894,42.34512],[2.76525,42.34968],[2.77924,42.35349],[2.77601,42.357],[2.77787,42.35989],[2.7775,42.3646],[2.78277,42.36394],[2.7839,42.36689],[2.78676,42.36853],[2.78793,42.37318],[2.79224,42.36956],[2.79602,42.37097],[2.79153,42.38366],[2.79115,42.39196],[2.79244,42.39324],[2.78953,42.39743],[2.79049,42.39913],[2.78775,42.4018],[2.78502,42.4018],[2.78323,42.40506],[2.7845,42.40542],[2.7793,42.41028],[2.77081,42.41094],[2.77116,42.41213],[2.75979,42.41863],[2.75751,42.42425],[2.75316,42.42624],[2.7392,42.42351],[2.73354,42.42482],[2.73018,42.42257],[2.71824,42.42186],[2.70305,42.41138],[2.69702,42.41038],[2.69323,42.4064],[2.6862,42.40715],[2.67366,42.40452],[2.67131,42.40242],[2.67357,42.39944],[2.67093,42.38717],[2.66577,42.38558],[2.65402,42.38859],[2.65185,42.38765],[2.65225,42.38458],[2.65887,42.38014],[2.65919,42.37968]]]}},{"type":"Feature","properties":{"mun_code":"17048","mun_name":"Castell-Platja d'Aro","mun_name_local":null,"prov_code":"17","prov_name":"Girona","acom_code":"09","acom_name":"Cataluña","geo_point_2d":{"lon":3.0465316875727577,"lat":41.821418544291035}},"geometry":{"type":"MultiPolygon","coordinates":[[[[3.03352,41.84872],[3.03141,41.84633],[3.02899,41.83507],[3.02213,41.83571],[3.01389,41.8322],[3.01593,41.83129],[3.01584,41.82781],[3.01827,41.82443],[3.01944,41.81879],[3.01831,41.81602],[3.02207,41.81143],[3.02233,41.80685],[3.026,41.80654],[3.02967,41.79816],[3.03675,41.80024],[3.03939,41.79736],[3.04348,41.79706],[3.04717,41.79267],[3.04999,41.79677],[3.05254,41.79432],[3.0553,41.78732],[3.05672,41.78984],[3.05925,41.79071],[3.05785,41.79136],[3.0616,41.79528],[3.06111,41.79797],[3.06533,41.80011],[3.06433,41.80193],[3.06663,41.80069],[3.06554,41.8044],[3.07065,41.81817],[3.07524,41.82266],[3.07862,41.82304],[3.08085,41.82518],[3.07549,41.831],[3.07516,41.83573],[3.06743,41.83768],[3.06579,41.84277],[3.06277,41.84349],[3.05747,41.8422],[3.05773,41.84439],[3.04679,41.8478],[3.04259,41.84628],[3.0368,41.85056],[3.03441,41.84918],[3.03352,41.84872]]]]}},{"type":"Feature","properties":{"mun_code":"17145","mun_name":"Ribes de Freser","mun_name_local":null,"prov_code":"17","prov_name":"Girona","acom_code":"09","acom_name":"Cataluña","geo_point_2d":{"lon":2.1713938453432964,"lat":42.30003961120124}},"geometry":{"type":"Polygon","coordinates":[[[2.12686,42.31291],[2.13179,42.31063],[2.14164,42.31016],[2.1435,42.31139],[2.14408,42.30235],[2.15217,42.2986],[2.15386,42.29367],[2.16228,42.29071],[2.16028,42.28906],[2.16143,42.28659],[2.159,42.2844],[2.16042,42.27497],[2.15883,42.2687],[2.16078,42.26556],[2.16286,42.26502],[2.16179,42.26242],[2.1642,42.26123],[2.16474,42.25851],[2.16378,42.25715],[2.15207,42.25735],[2.15148,42.25837],[2.13821,42.25975],[2.13692,42.25668],[2.13926,42.25437],[2.16132,42.25136],[2.1653,42.25012],[2.16358,42.24946],[2.16436,42.24775],[2.17246,42.25021],[2.17533,42.25455],[2.18423,42.25565],[2.19099,42.25941],[2.19543,42.26012],[2.19616,42.26372],[2.20715,42.26535],[2.20991,42.28075],[2.1938,42.29505],[2.19378,42.31189],[2.19091,42.31257],[2.1941,42.31554],[2.19361,42.3196],[2.19741,42.32108],[2.20091,42.32647],[2.20341,42.32669],[2.21056,42.3316],[2.21366,42.33508],[2.21161,42.3365],[2.20413,42.33733],[2.19653,42.34262],[2.19358,42.34265],[2.18443,42.33806],[2.17118,42.33744],[2.17258,42.33462],[2.16903,42.33289],[2.14901,42.33207],[2.14372,42.33447],[2.13758,42.33392],[2.12829,42.33607],[2.12917,42.33522],[2.11806,42.31284],[2.1267,42.313],[2.12686,42.31291]]]}},{"type":"Feature","properties":{"mun_code":"17010","mun_name":"Argelaguer","mun_name_local":null,"prov_code":"17","prov_name":"Girona","acom_code":"09","acom_name":"Cataluña","geo_point_2d":{"lon":2.630044880944693,"lat":42.20965816878354}},"geometry":{"type":"Polygon","coordinates":[[[2.60452,42.19393],[2.60919,42.19348],[2.60868,42.19817],[2.61153,42.20021],[2.61814,42.19853],[2.6216,42.20002],[2.62912,42.19793],[2.63512,42.19224],[2.63865,42.19197],[2.64304,42.18933],[2.64696,42.1895],[2.64932,42.19276],[2.64846,42.19787],[2.65226,42.20184],[2.65303,42.2063],[2.65551,42.20817],[2.65478,42.20978],[2.65942,42.21391],[2.65217,42.21653],[2.65345,42.21939],[2.64833,42.22086],[2.64541,42.22459],[2.63622,42.22763],[2.63084,42.2249],[2.63053,42.22315],[2.62507,42.22197],[2.62106,42.22253],[2.6188,42.22515],[2.61436,42.22461],[2.61396,42.2269],[2.60801,42.22695],[2.6079,42.22202],[2.60118,42.2191],[2.61071,42.21477],[2.61186,42.21097],[2.60938,42.21065],[2.60145,42.20533],[2.6017,42.20024],[2.60439,42.19449],[2.60452,42.19393]]]}},{"type":"Feature","properties":{"mun_code":"17037","mun_name":"Campelles","mun_name_local":null,"prov_code":"17","prov_name":"Girona","acom_code":"09","acom_name":"Cataluña","geo_point_2d":{"lon":2.1347590072317644,"lat":42.28515975027407}},"geometry":{"type":"Polygon","coordinates":[[[2.09759,42.28165],[2.13103,42.27314],[2.13919,42.26379],[2.13821,42.25975],[2.15148,42.25837],[2.15207,42.25735],[2.16378,42.25715],[2.16474,42.25851],[2.1642,42.26123],[2.16179,42.26242],[2.16286,42.26502],[2.16078,42.26556],[2.15883,42.2687],[2.16042,42.27497],[2.159,42.2844],[2.16143,42.28659],[2.16028,42.28906],[2.16219,42.29097],[2.15386,42.29367],[2.15217,42.2986],[2.14408,42.30235],[2.1435,42.31139],[2.14164,42.31016],[2.13179,42.31063],[2.12686,42.31291],[2.12544,42.30854],[2.12275,42.30616],[2.11128,42.29831],[2.10368,42.29587],[2.09724,42.28312],[2.09759,42.28165]]]}},{"type":"Feature","properties":{"mun_code":"17057","mun_name":"Corçà","mun_name_local":null,"prov_code":"17","prov_name":"Girona","acom_code":"09","acom_name":"Cataluña","geo_point_2d":{"lon":3.0175011764612094,"lat":41.9949766666698}},"geometry":{"type":"Polygon","coordinates":[[[2.9804,41.9974],[2.98716,41.98917],[2.98906,41.99039],[2.99563,41.9904],[2.99893,41.98727],[3.00174,41.98702],[3.01043,41.97952],[3.01316,41.97137],[3.02246,41.97033],[3.02836,41.97118],[3.0282,41.97313],[3.03192,41.97563],[3.0355,41.983],[3.04596,41.99082],[3.04087,41.99775],[3.04662,42.00495],[3.05132,42.00828],[3.0517,42.01113],[3.03853,42.01487],[3.03242,42.01419],[3.03074,42.00971],[3.02816,42.01066],[3.02475,42.0093],[3.02424,42.00742],[3.0164,42.00536],[3.01441,42.00234],[3.00755,42.00186],[3.00602,42.00627],[3.00312,42.0066],[3.00279,42.01205],[3.00058,42.01271],[3.00039,42.01457],[2.99814,42.01403],[2.99842,42.01498],[2.99507,42.0153],[2.99368,42.01752],[2.99015,42.0114],[2.99011,42.00809],[2.9889,42.00798],[2.98939,42.00483],[2.98205,42.00135],[2.98089,41.9975],[2.9804,41.9974]]]}},{"type":"Feature","properties":{"mun_code":"17203","mun_name":"Ultramort","mun_name_local":null,"prov_code":"17","prov_name":"Girona","acom_code":"09","acom_name":"Cataluña","geo_point_2d":{"lon":3.0371161863509557,"lat":42.03974694999393}},"geometry":{"type":"Polygon","coordinates":[[[3.02548,42.02782],[3.03839,42.02828],[3.04687,42.03162],[3.04854,42.05151],[3.04213,42.05421],[3.03477,42.05131],[3.0258,42.0412],[3.0236,42.03428],[3.02548,42.02782]]]}},{"type":"Feature","properties":{"mun_code":"17224","mun_name":"Vilallonga de Ter","mun_name_local":null,"prov_code":"17","prov_name":"Girona","acom_code":"09","acom_name":"Cataluña","geo_point_2d":{"lon":2.2784474656108933,"lat":42.34186052256316}},"geometry":{"type":"Polygon","coordinates":[[[2.22051,42.34039],[2.22585,42.33394],[2.23971,42.3341],[2.25418,42.3272],[2.25463,42.32289],[2.25999,42.3196],[2.26205,42.31276],[2.26061,42.31047],[2.26866,42.30233],[2.27332,42.30284],[2.27659,42.30174],[2.27836,42.29426],[2.31833,42.29629],[2.31865,42.30606],[2.33095,42.31644],[2.33461,42.32145],[2.33236,42.3244],[2.33741,42.32973],[2.33737,42.34591],[2.32184,42.35664],[2.31874,42.36337],[2.30518,42.36134],[2.29697,42.36276],[2.28205,42.36868],[2.26859,42.38305],[2.26726,42.38797],[2.25616,42.39504],[2.24774,42.39634],[2.24203,42.3891],[2.23807,42.38714],[2.2356,42.37658],[2.21966,42.36979],[2.2182,42.36679],[2.22238,42.35913],[2.22269,42.34838],[2.22091,42.341],[2.22051,42.34039]]]}},{"type":"Feature","properties":{"mun_code":"17175","mun_name":"Sant Miquel de Fluvià","mun_name_local":null,"prov_code":"17","prov_name":"Girona","acom_code":"09","acom_name":"Cataluña","geo_point_2d":{"lon":2.995069604837853,"lat":42.176776236559284}},"geometry":{"type":"Polygon","coordinates":[[[2.98842,42.16669],[2.99707,42.16908],[3.00707,42.16796],[3.00829,42.17012],[3.01404,42.17349],[3.00415,42.17753],[2.9988,42.18637],[2.98714,42.18839],[2.98514,42.18816],[2.9856,42.18035],[2.98247,42.17377],[2.98777,42.16732],[2.98842,42.16669]]]}},{"type":"Feature","properties":{"mun_code":"17088","mun_name":"Lladó","mun_name_local":null,"prov_code":"17","prov_name":"Girona","acom_code":"09","acom_name":"Cataluña","geo_point_2d":{"lon":2.810194252419418,"lat":42.254432745218296}},"geometry":{"type":"Polygon","coordinates":[[[2.80326,42.27599],[2.79822,42.27314],[2.79432,42.27411],[2.79101,42.27269],[2.78917,42.26983],[2.78322,42.26823],[2.7778,42.26998],[2.78239,42.26238],[2.78795,42.26035],[2.79296,42.25448],[2.78988,42.2509],[2.79488,42.24285],[2.8005,42.23991],[2.80589,42.2332],[2.81701,42.23747],[2.82082,42.23633],[2.82223,42.2344],[2.82481,42.23695],[2.83401,42.23722],[2.83478,42.23968],[2.83745,42.24121],[2.83907,42.24572],[2.83816,42.24749],[2.84056,42.24832],[2.8324,42.25203],[2.82484,42.26491],[2.81455,42.27062],[2.80892,42.27557],[2.80664,42.27465],[2.80504,42.27539],[2.80326,42.27599]]]}},{"type":"Feature","properties":{"mun_code":"17106","mun_name":"Mollet de Peralada","mun_name_local":null,"prov_code":"17","prov_name":"Girona","acom_code":"09","acom_name":"Cataluña","geo_point_2d":{"lon":3.0096817595013623,"lat":42.34954144709636}},"geometry":{"type":"MultiPolygon","coordinates":[[[[3.03435,42.34421],[3.01376,42.34475],[3.01437,42.33751],[3.00999,42.33515],[3.0126,42.33422],[3.01047,42.32928],[3.01258,42.32683],[3.0195,42.32823],[3.0246,42.32734],[3.0281,42.33252],[3.03223,42.33394],[3.02738,42.3364],[3.02997,42.34],[3.03444,42.34091],[3.03352,42.34356],[3.03435,42.34421]]],[[[2.99836,42.37061],[2.99638,42.37071],[2.98948,42.36418],[2.9935,42.35095],[2.99266,42.3455],[3.00102,42.34942],[3.00781,42.3565],[3.01397,42.35336],[3.00709,42.37026],[3.0046,42.37173],[2.9992,42.37057],[2.99836,42.37061]]]]}},{"type":"Feature","properties":{"mun_code":"17085","mun_name":"Jafre","mun_name_local":null,"prov_code":"17","prov_name":"Girona","acom_code":"09","acom_name":"Cataluña","geo_point_2d":{"lon":3.0132310583222592,"lat":42.07304354726614}},"geometry":{"type":"Polygon","coordinates":[[[2.99927,42.07185],[3.0048,42.06794],[3.00049,42.05608],[3.02725,42.05898],[3.02716,42.06899],[3.02229,42.078],[3.02108,42.08804],[3.01389,42.09074],[3.0136,42.09266],[3.01114,42.09345],[3.00705,42.09157],[3.00247,42.09177],[3.00423,42.08511],[3.00152,42.07552],[2.99927,42.07185]]]}},{"type":"Feature","properties":{"mun_code":"17173","mun_name":"Sant Martí Vell","mun_name_local":null,"prov_code":"17","prov_name":"Girona","acom_code":"09","acom_name":"Cataluña","geo_point_2d":{"lon":2.9280594484103135,"lat":42.005504628660205}},"geometry":{"type":"Polygon","coordinates":[[[2.90362,41.98166],[2.90489,41.98028],[2.90191,41.97725],[2.90451,41.97154],[2.91165,41.96976],[2.91506,41.96754],[2.91758,41.96756],[2.91843,41.97152],[2.92968,41.97254],[2.92935,41.97383],[2.93096,41.97424],[2.93335,41.97363],[2.92712,41.97683],[2.9267,41.98121],[2.93039,41.98499],[2.93764,42.00075],[2.94056,42.00328],[2.94483,42.0029],[2.95173,42.00573],[2.9526,42.03121],[2.93686,42.03436],[2.9313,42.03981],[2.9267,42.03942],[2.92614,42.04118],[2.91699,42.03746],[2.92367,42.02352],[2.91061,41.99621],[2.90362,41.98166]]]}},{"type":"Feature","properties":{"mun_code":"17030","mun_name":"Cabanes","mun_name_local":null,"prov_code":"17","prov_name":"Girona","acom_code":"09","acom_name":"Cataluña","geo_point_2d":{"lon":2.9680950461829174,"lat":42.308163933045364}},"geometry":{"type":"Polygon","coordinates":[[[2.94356,42.33169],[2.9419,42.32912],[2.94189,42.31635],[2.95059,42.30593],[2.95068,42.30396],[2.95374,42.30221],[2.96916,42.27696],[2.97205,42.28078],[2.97535,42.29056],[2.98213,42.29062],[2.986,42.29204],[2.99001,42.28917],[2.99629,42.29335],[2.99434,42.29647],[2.99588,42.30738],[2.98712,42.31108],[2.98701,42.31375],[2.99012,42.31535],[2.98246,42.31716],[2.98342,42.3189],[2.96529,42.32877],[2.95745,42.33061],[2.95347,42.33023],[2.94944,42.33231],[2.94463,42.33169],[2.94356,42.33169]]]}},{"type":"Feature","properties":{"mun_code":"17046","mun_name":"Castellfollit de la Roca","mun_name_local":null,"prov_code":"17","prov_name":"Girona","acom_code":"09","acom_name":"Cataluña","geo_point_2d":{"lon":2.5431234204843167,"lat":42.21869005300116}},"geometry":{"type":"Polygon","coordinates":[[[2.54651,42.22216],[2.5381,42.21862],[2.53277,42.21942],[2.53106,42.21796],[2.53565,42.21669],[2.53787,42.21342],[2.53929,42.21375],[2.53941,42.21664],[2.54351,42.21656],[2.54506,42.21856],[2.55496,42.21772],[2.55589,42.21921],[2.55315,42.21927],[2.54965,42.2225],[2.5469,42.2223],[2.54651,42.22216]]]}},{"type":"Feature","properties":{"mun_code":"17182","mun_name":"Santa Llogaia d'Àlguema","mun_name_local":null,"prov_code":"17","prov_name":"Girona","acom_code":"09","acom_name":"Cataluña","geo_point_2d":{"lon":2.9524761454831596,"lat":42.232923866589104}},"geometry":{"type":"Polygon","coordinates":[[[2.93983,42.23328],[2.94471,42.22705],[2.95289,42.22531],[2.95457,42.22799],[2.96851,42.23762],[2.95585,42.23882],[2.95394,42.23688],[2.94395,42.23714],[2.94112,42.23433],[2.93983,42.23328]]]}},{"type":"Feature","properties":{"mun_code":"17105","mun_name":"Mieres","mun_name_local":null,"prov_code":"17","prov_name":"Girona","acom_code":"09","acom_name":"Cataluña","geo_point_2d":{"lon":2.6312191667658023,"lat":42.1220919101876}},"geometry":{"type":"Polygon","coordinates":[[[2.59394,42.11675],[2.60258,42.11267],[2.60831,42.10731],[2.61242,42.10758],[2.6156,42.10625],[2.61178,42.10053],[2.61385,42.09819],[2.61735,42.09935],[2.62051,42.09484],[2.62366,42.09384],[2.62535,42.09133],[2.63634,42.08757],[2.63806,42.08998],[2.64546,42.09393],[2.646,42.09661],[2.65301,42.10286],[2.65205,42.10516],[2.65359,42.11089],[2.65759,42.11211],[2.65742,42.1185],[2.6659,42.1236],[2.66438,42.13197],[2.65422,42.13611],[2.65987,42.1395],[2.66053,42.14185],[2.64103,42.15077],[2.63789,42.15377],[2.62461,42.14964],[2.62144,42.14989],[2.61779,42.1473],[2.61715,42.14139],[2.61455,42.14081],[2.60844,42.12993],[2.60406,42.13084],[2.60132,42.1298],[2.59799,42.13457],[2.59353,42.13362],[2.59472,42.1281],[2.59254,42.12158],[2.59409,42.11744],[2.59394,42.11675]]]}},{"type":"Feature","properties":{"mun_code":"17005","mun_name":"El Far d'Empordà","mun_name_local":null,"prov_code":"17","prov_name":"Girona","acom_code":"09","acom_name":"Cataluña","geo_point_2d":{"lon":2.9930753680787596,"lat":42.24564165707688}},"geometry":{"type":"Polygon","coordinates":[[[2.96708,42.23648],[2.96815,42.23383],[2.97354,42.23429],[2.98578,42.23078],[2.99666,42.22962],[3.01151,42.23464],[3.00859,42.23656],[3.00994,42.23708],[3.00867,42.2397],[3.01215,42.24147],[3.01169,42.24441],[3.01588,42.24526],[3.00784,42.25031],[3.01215,42.2532],[3.00637,42.25464],[3.00654,42.25669],[3.00163,42.26],[2.99932,42.26442],[2.99085,42.26458],[2.9877,42.26225],[2.98168,42.2612],[2.98187,42.25866],[2.97864,42.2563],[2.98213,42.24848],[2.98222,42.24405],[2.97388,42.24402],[2.97288,42.23867],[2.96851,42.23762],[2.96708,42.23648]]]}},{"type":"Feature","properties":{"mun_code":"17228","mun_name":"Vilanant","mun_name_local":null,"prov_code":"17","prov_name":"Girona","acom_code":"09","acom_name":"Cataluña","geo_point_2d":{"lon":2.8800433766462974,"lat":42.25670162581691}},"geometry":{"type":"Polygon","coordinates":[[[2.85468,42.2463],[2.8591,42.24593],[2.86111,42.24199],[2.86434,42.24267],[2.86561,42.23941],[2.87041,42.24034],[2.87159,42.23615],[2.87348,42.23524],[2.87584,42.2376],[2.87515,42.23291],[2.88139,42.2324],[2.88515,42.23407],[2.89819,42.22853],[2.90078,42.23234],[2.90323,42.24515],[2.89855,42.25245],[2.89932,42.25413],[2.89561,42.26234],[2.90015,42.26788],[2.8969,42.27857],[2.88536,42.27801],[2.86928,42.28378],[2.8579,42.2797],[2.8617,42.26912],[2.86056,42.26097],[2.85891,42.25946],[2.8591,42.25626],[2.85668,42.25465],[2.85585,42.25004],[2.85468,42.2463]]]}},{"type":"Feature","properties":{"mun_code":"17225","mun_name":"Vilamacolum","mun_name_local":null,"prov_code":"17","prov_name":"Girona","acom_code":"09","acom_name":"Cataluña","geo_point_2d":{"lon":3.0565935822154877,"lat":42.199336346023664}},"geometry":{"type":"Polygon","coordinates":[[[3.05232,42.2134],[3.05111,42.2127],[3.05277,42.2102],[3.05045,42.209],[3.05289,42.20745],[3.04545,42.20537],[3.03886,42.20511],[3.03853,42.2017],[3.04985,42.1888],[3.05139,42.18342],[3.0659,42.18665],[3.06516,42.19019],[3.06726,42.18995],[3.0703,42.19637],[3.07109,42.20269],[3.06929,42.2023],[3.07002,42.20383],[3.06764,42.20841],[3.06959,42.21134],[3.05754,42.21315],[3.05232,42.2134]]]}},{"type":"Feature","properties":{"mun_code":"17168","mun_name":"Sant Joan de Mollet","mun_name_local":null,"prov_code":"17","prov_name":"Girona","acom_code":"09","acom_name":"Cataluña","geo_point_2d":{"lon":2.9381868283639903,"lat":42.046238142796945}},"geometry":{"type":"Polygon","coordinates":[[[2.92614,42.04118],[2.9267,42.03942],[2.9313,42.03981],[2.93686,42.03436],[2.94502,42.03222],[2.9458,42.03613],[2.94436,42.04044],[2.94688,42.04525],[2.94683,42.05427],[2.94377,42.05658],[2.93962,42.05629],[2.93854,42.05855],[2.92866,42.05712],[2.93157,42.05036],[2.9303,42.05036],[2.93214,42.04319],[2.92655,42.0414],[2.92614,42.04118]]]}},{"type":"Feature","properties":{"mun_code":"17094","mun_name":"Llívia","mun_name_local":null,"prov_code":"17","prov_name":"Girona","acom_code":"09","acom_name":"Cataluña","geo_point_2d":{"lon":1.9813796904299597,"lat":42.466143610562206}},"geometry":{"type":"Polygon","coordinates":[[[1.97207,42.48452],[1.97055,42.48053],[1.96308,42.47871],[1.95656,42.45794],[1.95983,42.45329],[1.96918,42.45188],[1.98392,42.44674],[2.00302,42.44696],[2.01278,42.44836],[2.01439,42.45179],[2.01053,42.4559],[1.99265,42.46205],[1.99182,42.46599],[1.98739,42.4696],[1.98646,42.4757],[1.9894,42.47736],[1.99274,42.48433],[1.99842,42.48532],[1.99293,42.4907],[1.98963,42.49369],[1.97915,42.49499],[1.9771,42.49067],[1.97812,42.48597],[1.97245,42.48487],[1.97207,42.48452]]]}},{"type":"Feature","properties":{"mun_code":"17227","mun_name":"Vilamaniscle","mun_name_local":null,"prov_code":"17","prov_name":"Girona","acom_code":"09","acom_name":"Cataluña","geo_point_2d":{"lon":3.0669050288987143,"lat":42.376241396603255}},"geometry":{"type":"Polygon","coordinates":[[[3.04741,42.36728],[3.06778,42.36571],[3.08646,42.37277],[3.08326,42.3751],[3.07933,42.38208],[3.0767,42.39141],[3.07255,42.3907],[3.06234,42.38544],[3.05344,42.37658],[3.04873,42.37482],[3.04723,42.3683],[3.04741,42.36728]]]}},{"type":"Feature","properties":{"mun_code":"17205","mun_name":"Ullastret","mun_name_local":null,"prov_code":"17","prov_name":"Girona","acom_code":"09","acom_name":"Cataluña","geo_point_2d":{"lon":3.0710836933242107,"lat":41.999660677126}},"geometry":{"type":"Polygon","coordinates":[[[3.04596,41.99082],[3.05033,41.9897],[3.05166,41.98799],[3.05635,41.98744],[3.0569,41.98629],[3.06366,41.98689],[3.06648,41.98458],[3.07022,41.98515],[3.07046,41.98714],[3.07511,41.98676],[3.07592,41.98989],[3.07902,41.99064],[3.08519,41.98889],[3.09387,41.98888],[3.09725,41.99183],[3.09826,41.99909],[3.09632,42.00125],[3.09849,42.00758],[3.09483,42.00653],[3.09048,42.00805],[3.08162,42.02068],[3.07839,42.0136],[3.07419,42.01152],[3.07307,42.0089],[3.06881,42.00857],[3.06751,42.01171],[3.06398,42.01281],[3.06313,42.01441],[3.05943,42.00881],[3.05779,42.01051],[3.0546,42.00893],[3.05294,42.00963],[3.04662,42.00495],[3.04087,41.99775],[3.0429,41.99459],[3.04596,41.99082]]]}},{"type":"Feature","properties":{"mun_code":"17006","mun_name":"Alp","mun_name_local":null,"prov_code":"17","prov_name":"Girona","acom_code":"09","acom_name":"Cataluña","geo_point_2d":{"lon":1.9360683193081838,"lat":42.346754362203036}},"geometry":{"type":"Polygon","coordinates":[[[1.87359,42.38038],[1.8686,42.37023],[1.87054,42.3673],[1.88558,42.35446],[1.88783,42.35075],[1.8875,42.34813],[1.89096,42.34407],[1.89616,42.34305],[1.9023,42.33852],[1.89954,42.33489],[1.89927,42.32606],[1.89691,42.32275],[1.89288,42.3209],[1.90312,42.3233],[1.91255,42.31898],[1.92118,42.31701],[1.93289,42.31868],[1.93928,42.31647],[1.94324,42.30847],[1.94869,42.31563],[1.95535,42.3121],[1.96001,42.32479],[1.95887,42.32816],[1.96143,42.33202],[1.96526,42.33268],[1.97002,42.3309],[1.98817,42.33212],[1.99137,42.33632],[1.99057,42.34176],[1.98791,42.34354],[2.00189,42.34177],[2.01607,42.34709],[2.01283,42.3497],[2.01222,42.35322],[2.0066,42.35341],[2.00347,42.35603],[1.99874,42.35588],[1.99484,42.3601],[1.99116,42.35931],[1.98714,42.36199],[1.98042,42.36246],[1.97786,42.36458],[1.96767,42.36653],[1.96767,42.3683],[1.96305,42.3694],[1.95832,42.36745],[1.95806,42.36169],[1.95603,42.35866],[1.95453,42.361],[1.95347,42.35698],[1.94652,42.35695],[1.94488,42.35518],[1.93745,42.35629],[1.93128,42.35891],[1.91961,42.36617],[1.91627,42.36664],[1.90426,42.37503],[1.90271,42.3743],[1.8997,42.37625],[1.89626,42.37566],[1.89323,42.38158],[1.89176,42.38009],[1.89003,42.38278],[1.88814,42.38084],[1.87518,42.38032],[1.87359,42.38038]]]}},{"type":"Feature","properties":{"mun_code":"17155","mun_name":"Salt","mun_name_local":null,"prov_code":"17","prov_name":"Girona","acom_code":"09","acom_name":"Cataluña","geo_point_2d":{"lon":2.7847425266920536,"lat":41.973652201851316}},"geometry":{"type":"Polygon","coordinates":[[[2.75334,41.97068],[2.7725,41.97063],[2.77389,41.96662],[2.77664,41.96776],[2.7775,41.96363],[2.7827,41.96551],[2.78827,41.96119],[2.79774,41.95841],[2.80248,41.97017],[2.80026,41.98328],[2.79646,41.98549],[2.78951,41.98552],[2.76976,41.98199],[2.76185,41.97385],[2.7538,41.97098],[2.75334,41.97068]]]}},{"type":"Feature","properties":{"mun_code":"17021","mun_name":"Beuda","mun_name_local":null,"prov_code":"17","prov_name":"Girona","acom_code":"09","acom_name":"Cataluña","geo_point_2d":{"lon":2.715155873009186,"lat":42.23935146337631}},"geometry":{"type":"Polygon","coordinates":[[[2.66129,42.22936],[2.66445,42.22941],[2.66531,42.23085],[2.67052,42.23021],[2.6799,42.22595],[2.68126,42.22694],[2.68293,42.22632],[2.68551,42.22855],[2.68658,42.22774],[2.68516,42.22237],[2.68858,42.2099],[2.68958,42.21043],[2.69239,42.20764],[2.69937,42.21062],[2.70439,42.20799],[2.70867,42.20969],[2.71583,42.2049],[2.71719,42.20282],[2.71674,42.19777],[2.72365,42.19773],[2.7268,42.20249],[2.72229,42.21169],[2.71861,42.21085],[2.71829,42.21367],[2.72221,42.21782],[2.72184,42.21993],[2.72445,42.2198],[2.72663,42.22682],[2.72935,42.22819],[2.72876,42.23455],[2.73858,42.23367],[2.74893,42.22604],[2.75791,42.22917],[2.76574,42.22739],[2.77256,42.22866],[2.77821,42.2272],[2.76853,42.23836],[2.77151,42.25221],[2.75222,42.25878],[2.73054,42.26389],[2.72647,42.25478],[2.72719,42.25022],[2.72326,42.24709],[2.72209,42.24672],[2.71824,42.25081],[2.70232,42.24945],[2.70118,42.25458],[2.70253,42.25873],[2.70627,42.25962],[2.7088,42.267],[2.69493,42.27396],[2.6798,42.27216],[2.67641,42.27045],[2.68323,42.26824],[2.6903,42.26265],[2.67581,42.26343],[2.67217,42.26247],[2.67694,42.26019],[2.67208,42.25508],[2.6762,42.25351],[2.67929,42.25035],[2.67714,42.24747],[2.67161,42.24603],[2.66819,42.23589],[2.66476,42.23563],[2.66189,42.23051],[2.66129,42.22936]]]}},{"type":"Feature","properties":{"mun_code":"17022","mun_name":"La Bisbal d'Empordà","mun_name_local":null,"prov_code":"17","prov_name":"Girona","acom_code":"09","acom_name":"Cataluña","geo_point_2d":{"lon":3.0429750539161953,"lat":41.94410082505508}},"geometry":{"type":"Polygon","coordinates":[[[3.02836,41.97118],[3.03098,41.96228],[3.02736,41.95457],[3.02795,41.94909],[3.02461,41.94675],[3.02959,41.93493],[3.02503,41.92815],[3.02225,41.9265],[3.02146,41.92249],[3.02538,41.9164],[3.03146,41.91357],[3.03075,41.91058],[3.0337,41.90956],[3.03311,41.90571],[3.05332,41.90106],[3.05756,41.90757],[3.05882,41.91342],[3.05566,41.92169],[3.06192,41.92512],[3.0616,41.93105],[3.05972,41.93579],[3.04936,41.94023],[3.05084,41.94671],[3.0495,41.94904],[3.05015,41.95463],[3.04554,41.95737],[3.04385,41.96648],[3.04571,41.96662],[3.04714,41.9691],[3.0637,41.972],[3.06458,41.98114],[3.06658,41.98146],[3.06684,41.98464],[3.06366,41.98689],[3.0569,41.98629],[3.04671,41.99113],[3.0355,41.983],[3.03192,41.97563],[3.0282,41.97313],[3.02836,41.97118]]]}},{"type":"Feature","properties":{"mun_code":"17150","mun_name":"Riudellots de la Selva","mun_name_local":null,"prov_code":"17","prov_name":"Girona","acom_code":"09","acom_name":"Cataluña","geo_point_2d":{"lon":2.7963788912849044,"lat":41.89335029548278}},"geometry":{"type":"Polygon","coordinates":[[[2.77145,41.907],[2.77213,41.88226],[2.78001,41.88371],[2.78678,41.88225],[2.79132,41.87549],[2.79836,41.87007],[2.80114,41.87091],[2.80089,41.86929],[2.80716,41.86861],[2.80924,41.87732],[2.81372,41.88139],[2.81695,41.89137],[2.81752,41.90355],[2.81663,41.90616],[2.81192,41.90852],[2.81766,41.90942],[2.81659,41.91226],[2.80371,41.91436],[2.79972,41.91189],[2.79226,41.91074],[2.78207,41.90392],[2.78007,41.90336],[2.77653,41.90494],[2.77145,41.907]]]}},{"type":"Feature","properties":{"mun_code":"17042","mun_name":"Capmany","mun_name_local":null,"prov_code":"17","prov_name":"Girona","acom_code":"09","acom_name":"Cataluña","geo_point_2d":{"lon":2.9076742886445426,"lat":42.37145801902237}},"geometry":{"type":"Polygon","coordinates":[[[2.84975,42.37847],[2.85052,42.37598],[2.84858,42.37416],[2.85245,42.37302],[2.85373,42.36912],[2.85876,42.367],[2.85866,42.36474],[2.86547,42.36088],[2.87164,42.36637],[2.88562,42.36123],[2.89624,42.3632],[2.90038,42.36103],[2.90169,42.35643],[2.90894,42.35496],[2.91363,42.35232],[2.91608,42.3479],[2.93164,42.33902],[2.93292,42.33882],[2.93223,42.34621],[2.93747,42.35277],[2.94623,42.35707],[2.95197,42.35649],[2.94681,42.36734],[2.94941,42.37149],[2.93963,42.37715],[2.94157,42.38731],[2.92603,42.39268],[2.9175,42.39886],[2.90414,42.38927],[2.89611,42.38629],[2.8938,42.38395],[2.88419,42.38501],[2.86612,42.38211],[2.85619,42.38366],[2.85064,42.3803],[2.84975,42.37847]]]}},{"type":"Feature","properties":{"mun_code":"17120","mun_name":"Palau-saverdera","mun_name_local":null,"prov_code":"17","prov_name":"Girona","acom_code":"09","acom_name":"Cataluña","geo_point_2d":{"lon":3.1420226449755515,"lat":42.30054370564917}},"geometry":{"type":"Polygon","coordinates":[[[3.10913,42.28586],[3.13138,42.27013],[3.13814,42.27592],[3.14925,42.28929],[3.15942,42.2957],[3.16196,42.29918],[3.16522,42.29874],[3.17433,42.30739],[3.16794,42.32002],[3.15728,42.32666],[3.14956,42.32509],[3.14781,42.32338],[3.14155,42.32428],[3.13565,42.31786],[3.13176,42.31632],[3.13187,42.31279],[3.12772,42.3068],[3.12107,42.30498],[3.12157,42.2999],[3.11099,42.28769],[3.10913,42.28586]]]}},{"type":"Feature","properties":{"mun_code":"17033","mun_name":"Caldes de Malavella","mun_name_local":null,"prov_code":"17","prov_name":"Girona","acom_code":"09","acom_name":"Cataluña","geo_point_2d":{"lon":2.808697338768135,"lat":41.834061073329195}},"geometry":{"type":"Polygon","coordinates":[[[2.75239,41.85429],[2.7515,41.85136],[2.76329,41.85046],[2.76384,41.8494],[2.7573,41.83469],[2.75918,41.83196],[2.75839,41.82664],[2.76071,41.81703],[2.76363,41.81514],[2.76824,41.81675],[2.77047,41.81451],[2.77396,41.81404],[2.77504,41.81191],[2.7799,41.81152],[2.78684,41.80626],[2.79518,41.80811],[2.80177,41.80712],[2.80918,41.80332],[2.82179,41.8048],[2.83369,41.79941],[2.83482,41.79245],[2.8712,41.77277],[2.86406,41.7823],[2.85381,41.79181],[2.85355,41.79371],[2.85517,41.79563],[2.85397,41.80058],[2.85897,41.80236],[2.86132,41.80746],[2.86518,41.809],[2.8724,41.80902],[2.87247,41.81509],[2.86491,41.81456],[2.86597,41.81019],[2.85169,41.81044],[2.8481,41.81418],[2.84923,41.81993],[2.85609,41.82942],[2.86204,41.84882],[2.85455,41.84766],[2.85104,41.84875],[2.84205,41.85407],[2.83513,41.86136],[2.82997,41.85909],[2.82552,41.85468],[2.81953,41.85239],[2.81831,41.85022],[2.81629,41.85699],[2.81278,41.85989],[2.81397,41.87091],[2.80981,41.87771],[2.80743,41.86882],[2.80089,41.86929],[2.80114,41.87091],[2.79836,41.87007],[2.79132,41.87549],[2.78678,41.88225],[2.78001,41.88371],[2.77213,41.88226],[2.77574,41.87831],[2.76937,41.87556],[2.76587,41.86411],[2.76079,41.8614],[2.75728,41.86242],[2.75641,41.85685],[2.75391,41.85496],[2.75239,41.85429]]]}},{"type":"Feature","properties":{"mun_code":"17001","mun_name":"Agullana","mun_name_local":null,"prov_code":"17","prov_name":"Girona","acom_code":"09","acom_name":"Cataluña","geo_point_2d":{"lon":2.8407591784092854,"lat":42.40580482299591}},"geometry":{"type":"Polygon","coordinates":[[[2.79306,42.41793],[2.79627,42.4112],[2.79946,42.41027],[2.80106,42.40788],[2.81262,42.40933],[2.81765,42.40461],[2.8212,42.3987],[2.82113,42.3936],[2.82306,42.39218],[2.82153,42.38996],[2.83258,42.37837],[2.83704,42.37817],[2.84227,42.38039],[2.84975,42.37847],[2.85619,42.38366],[2.86612,42.38211],[2.88419,42.38501],[2.8938,42.38395],[2.89611,42.38629],[2.89191,42.38881],[2.88908,42.3874],[2.88503,42.39435],[2.88172,42.39441],[2.87961,42.39626],[2.87567,42.4062],[2.87249,42.40531],[2.87016,42.40646],[2.86523,42.41285],[2.86617,42.41333],[2.86282,42.41438],[2.86116,42.41916],[2.86625,42.42184],[2.86536,42.42379],[2.8596,42.42335],[2.85907,42.42475],[2.85591,42.42377],[2.85201,42.42751],[2.84906,42.42619],[2.84942,42.42484],[2.84759,42.42585],[2.84548,42.42332],[2.84058,42.42223],[2.83152,42.4296],[2.83101,42.43147],[2.82088,42.43666],[2.81775,42.43987],[2.80868,42.43123],[2.80392,42.43304],[2.80449,42.43035],[2.79931,42.41848],[2.79521,42.41852],[2.79306,42.41793]]]}},{"type":"Feature","properties":{"mun_code":"17216","mun_name":"Viladasens","mun_name_local":null,"prov_code":"17","prov_name":"Girona","acom_code":"09","acom_name":"Cataluña","geo_point_2d":{"lon":2.9240514190097318,"lat":42.097135603648894}},"geometry":{"type":"Polygon","coordinates":[[[2.89652,42.08751],[2.8998,42.08417],[2.90046,42.08038],[2.90594,42.08072],[2.91559,42.07651],[2.91709,42.07865],[2.91883,42.0779],[2.92315,42.08018],[2.92836,42.07607],[2.93306,42.07471],[2.94274,42.09154],[2.95191,42.09776],[2.95427,42.11213],[2.94941,42.11399],[2.94308,42.11404],[2.93845,42.11642],[2.93359,42.1155],[2.9315,42.11369],[2.92628,42.11681],[2.92493,42.11526],[2.91579,42.11394],[2.91337,42.11055],[2.90965,42.11164],[2.90601,42.1101],[2.90428,42.11062],[2.9031,42.10519],[2.89369,42.09349],[2.89652,42.08751]]]}},{"type":"Feature","properties":{"mun_code":"17098","mun_name":"Maià de Montcal","mun_name_local":null,"prov_code":"17","prov_name":"Girona","acom_code":"09","acom_name":"Cataluña","geo_point_2d":{"lon":2.7490630818158497,"lat":42.21097706982402}},"geometry":{"type":"Polygon","coordinates":[[[2.72365,42.19773],[2.72808,42.19802],[2.7353,42.19441],[2.74305,42.19535],[2.74078,42.18966],[2.75628,42.1867],[2.76423,42.18674],[2.77078,42.18967],[2.76963,42.19217],[2.76759,42.1927],[2.76567,42.20111],[2.76884,42.20633],[2.77031,42.20606],[2.77918,42.21231],[2.77645,42.21607],[2.77591,42.22389],[2.77821,42.2272],[2.77256,42.22866],[2.76574,42.22739],[2.75791,42.22917],[2.74893,42.22604],[2.73858,42.23367],[2.72876,42.23455],[2.72935,42.22819],[2.72663,42.22682],[2.72445,42.2198],[2.72184,42.21993],[2.72221,42.21782],[2.71829,42.21367],[2.71861,42.21085],[2.72229,42.21169],[2.72695,42.20313],[2.72368,42.19789],[2.72365,42.19773]]]}},{"type":"Feature","properties":{"mun_code":"17181","mun_name":"Santa Cristina d'Aro","mun_name_local":null,"prov_code":"17","prov_name":"Girona","acom_code":"09","acom_name":"Cataluña","geo_point_2d":{"lon":2.9816666933022478,"lat":41.82757108229298}},"geometry":{"type":"MultiPolygon","coordinates":[[[[2.95647,41.88473],[2.95337,41.88232],[2.95276,41.87945],[2.95072,41.87909],[2.95102,41.87686],[2.9447,41.87207],[2.94498,41.86854],[2.9418,41.86636],[2.94876,41.86344],[2.96194,41.85138],[2.9621,41.84669],[2.96632,41.84384],[2.96658,41.83913],[2.96898,41.837],[2.97088,41.82812],[2.96983,41.82652],[2.96664,41.82582],[2.96245,41.8269],[2.94926,41.82676],[2.94634,41.8255],[2.94356,41.82697],[2.93347,41.82783],[2.92978,41.82519],[2.93356,41.81512],[2.93551,41.81352],[2.93459,41.81068],[2.94348,41.7895],[2.95577,41.78652],[2.96009,41.77414],[2.95269,41.77086],[2.95013,41.76808],[2.95693,41.76288],[2.95633,41.76076],[2.95975,41.75933],[2.96061,41.75656],[2.96326,41.75655],[2.96326,41.7553],[2.96506,41.75545],[2.96754,41.75302],[2.97527,41.75404],[2.97677,41.7573],[2.98065,41.75823],[2.9809,41.75956],[2.9833,41.75931],[2.98454,41.7663],[2.98263,41.77297],[2.976,41.77836],[2.97579,41.78012],[2.9781,41.78476],[2.98309,41.78782],[2.98394,41.78952],[2.98182,41.79176],[3.02788,41.80019],[3.026,41.80654],[3.02233,41.80685],[3.02207,41.81143],[3.01843,41.8157],[3.01827,41.82443],[3.01584,41.82781],[3.01593,41.83129],[3.01389,41.8322],[3.02213,41.83571],[3.02899,41.83507],[3.03141,41.84633],[3.03352,41.84872],[3.025,41.85416],[3.02196,41.86871],[3.00004,41.8773],[2.98633,41.88485],[2.95647,41.88473]]]]}},{"type":"Feature","properties":{"mun_code":"17112","mun_name":"Ogassa","mun_name_local":null,"prov_code":"17","prov_name":"Girona","acom_code":"09","acom_name":"Cataluña","geo_point_2d":{"lon":2.252554284665369,"lat":42.2645722719235}},"geometry":{"type":"Polygon","coordinates":[[[2.17246,42.25021],[2.18748,42.25041],[2.18851,42.24873],[2.19092,42.24929],[2.19088,42.24794],[2.19383,42.24626],[2.19325,42.24155],[2.20044,42.23901],[2.20837,42.23334],[2.21436,42.2331],[2.22137,42.23466],[2.22805,42.23284],[2.23159,42.23497],[2.23158,42.23641],[2.23494,42.23701],[2.23768,42.23432],[2.23928,42.23446],[2.24292,42.23538],[2.24619,42.2388],[2.25515,42.23911],[2.26089,42.24556],[2.26675,42.24684],[2.26741,42.2495],[2.27501,42.25039],[2.27132,42.25654],[2.27251,42.25782],[2.28264,42.2552],[2.28739,42.25686],[2.29031,42.25647],[2.29376,42.25828],[2.29637,42.25676],[2.30074,42.26057],[2.30936,42.26361],[2.31661,42.27023],[2.32296,42.27192],[2.32711,42.27028],[2.33375,42.2744],[2.32139,42.27535],[2.31719,42.27761],[2.31526,42.28352],[2.31267,42.28455],[2.31534,42.29564],[2.27999,42.29479],[2.27583,42.29348],[2.26935,42.28777],[2.25683,42.28457],[2.22676,42.28124],[2.21973,42.27838],[2.20991,42.28075],[2.20715,42.26535],[2.19616,42.26372],[2.19543,42.26012],[2.19099,42.25941],[2.18423,42.25565],[2.17533,42.25455],[2.17245,42.25143],[2.17246,42.25021]]]}},{"type":"Feature","properties":{"mun_code":"17111","mun_name":"Navata","mun_name_local":null,"prov_code":"17","prov_name":"Girona","acom_code":"09","acom_name":"Cataluña","geo_point_2d":{"lon":2.8617329926424087,"lat":42.21776676837268}},"geometry":{"type":"Polygon","coordinates":[[[2.83401,42.23722],[2.83718,42.22285],[2.84459,42.21787],[2.84139,42.20739],[2.83696,42.20513],[2.83475,42.20084],[2.84473,42.20384],[2.85058,42.20387],[2.85115,42.20131],[2.85828,42.19708],[2.86112,42.1969],[2.86454,42.20108],[2.86841,42.19933],[2.86987,42.19695],[2.87882,42.19555],[2.87908,42.19049],[2.87611,42.1835],[2.88384,42.18248],[2.88901,42.17927],[2.8929,42.1891],[2.89283,42.20004],[2.89018,42.20031],[2.88854,42.20218],[2.88569,42.20041],[2.87607,42.20472],[2.8769,42.21291],[2.88307,42.21973],[2.8818,42.22213],[2.87972,42.22206],[2.88063,42.22818],[2.87901,42.22869],[2.87798,42.23257],[2.87515,42.23291],[2.87584,42.2376],[2.87417,42.23546],[2.87159,42.23615],[2.87041,42.24034],[2.86561,42.23941],[2.86475,42.24231],[2.86111,42.24199],[2.85846,42.24622],[2.85206,42.24651],[2.85443,42.24413],[2.84896,42.24236],[2.84772,42.24334],[2.84912,42.24628],[2.8437,42.24806],[2.83907,42.24572],[2.83407,42.23771],[2.83401,42.23722]]]}},{"type":"Feature","properties":{"mun_code":"17101","mun_name":"Massanes","mun_name_local":null,"prov_code":"17","prov_name":"Girona","acom_code":"09","acom_name":"Cataluña","geo_point_2d":{"lon":2.64895611829108,"lat":41.7752219748099}},"geometry":{"type":"Polygon","coordinates":[[[2.62574,41.80075],[2.61794,41.78958],[2.61705,41.7836],[2.61961,41.78296],[2.62158,41.7805],[2.61766,41.77501],[2.61803,41.76904],[2.62382,41.76556],[2.62622,41.75874],[2.63277,41.75298],[2.64116,41.75002],[2.6471,41.74402],[2.65629,41.74275],[2.6576,41.74769],[2.66373,41.74749],[2.66946,41.74538],[2.6756,41.75184],[2.67277,41.7596],[2.6726,41.76989],[2.6742,41.77561],[2.67971,41.78381],[2.67486,41.79706],[2.67318,41.7989],[2.6568,41.8024],[2.65283,41.8025],[2.64468,41.79931],[2.6349,41.80175],[2.62574,41.80075]]]}},{"type":"Feature","properties":{"mun_code":"17153","mun_name":"Rupià","mun_name_local":null,"prov_code":"17","prov_name":"Girona","acom_code":"09","acom_name":"Cataluña","geo_point_2d":{"lon":3.0097259422148746,"lat":42.01688174366605}},"geometry":{"type":"Polygon","coordinates":[[[2.9929,42.0239],[2.99547,42.01923],[2.99507,42.0153],[2.99842,42.01498],[2.99814,42.01403],[3.00039,42.01457],[3.00058,42.01271],[3.00279,42.01205],[3.00312,42.0066],[3.00602,42.00627],[3.00755,42.00186],[3.01441,42.00234],[3.0164,42.00536],[3.02424,42.00742],[3.02475,42.0093],[3.02816,42.01066],[3.02216,42.01351],[3.02248,42.0175],[3.02006,42.01783],[3.0213,42.02621],[3.01982,42.02786],[3.01692,42.02793],[3.01784,42.02842],[3.01616,42.02916],[2.99506,42.02742],[2.9929,42.0239]]]}},{"type":"Feature","properties":{"mun_code":"17091","mun_name":"Llanars","mun_name_local":null,"prov_code":"17","prov_name":"Girona","acom_code":"09","acom_name":"Cataluña","geo_point_2d":{"lon":2.3469469023698957,"lat":42.34174813945625}},"geometry":{"type":"Polygon","coordinates":[[[2.31833,42.29629],[2.35147,42.30537],[2.35236,42.30731],[2.35091,42.30773],[2.35752,42.31372],[2.3531,42.31452],[2.3553,42.3189],[2.35914,42.31872],[2.3638,42.31573],[2.36714,42.31561],[2.36603,42.32396],[2.36252,42.33019],[2.36758,42.33559],[2.36777,42.34312],[2.37186,42.3477],[2.37121,42.35405],[2.37351,42.35787],[2.36908,42.36323],[2.37045,42.37198],[2.36752,42.37403],[2.36152,42.37478],[2.35378,42.3782],[2.34256,42.37983],[2.3371,42.37126],[2.3304,42.3707],[2.31882,42.36381],[2.32184,42.35664],[2.337,42.34633],[2.33832,42.34371],[2.33741,42.32973],[2.33236,42.3244],[2.33461,42.32145],[2.33095,42.31644],[2.31865,42.30606],[2.31763,42.29957],[2.31833,42.29629]]]}},{"type":"Feature","properties":{"mun_code":"17193","mun_name":"Sils","mun_name_local":null,"prov_code":"17","prov_name":"Girona","acom_code":"09","acom_name":"Cataluña","geo_point_2d":{"lon":2.7392826366182588,"lat":41.82773597918529}},"geometry":{"type":"Polygon","coordinates":[[[2.70239,41.85006],[2.71037,41.84662],[2.71238,41.84452],[2.71265,41.84079],[2.71897,41.83936],[2.7176,41.83882],[2.71809,41.83716],[2.73156,41.83277],[2.73189,41.82961],[2.7342,41.8292],[2.7316,41.82158],[2.73238,41.818],[2.72915,41.81267],[2.71888,41.805],[2.70711,41.79949],[2.70305,41.79486],[2.71309,41.79524],[2.71716,41.79401],[2.7196,41.79047],[2.72176,41.79149],[2.72073,41.79399],[2.72194,41.79453],[2.72409,41.79287],[2.72654,41.79558],[2.73064,41.79362],[2.73235,41.78982],[2.73551,41.78889],[2.73807,41.79136],[2.74496,41.7877],[2.74263,41.79288],[2.74613,41.79591],[2.75439,41.79151],[2.75531,41.78874],[2.76094,41.79748],[2.77607,41.80067],[2.78469,41.80714],[2.7799,41.81152],[2.77504,41.81191],[2.77396,41.81404],[2.77047,41.81451],[2.76824,41.81675],[2.76363,41.81514],[2.76071,41.81703],[2.75839,41.82664],[2.75918,41.83196],[2.7573,41.83469],[2.76367,41.84981],[2.7515,41.85136],[2.7527,41.85707],[2.74718,41.85982],[2.74615,41.85818],[2.73858,41.86233],[2.73654,41.86383],[2.73496,41.86906],[2.72907,41.86822],[2.72522,41.86973],[2.72056,41.86801],[2.71882,41.8654],[2.71159,41.86504],[2.70584,41.86294],[2.7021,41.85959],[2.70211,41.85421],[2.7004,41.85192],[2.70149,41.85051],[2.70239,41.85006]]]}},{"type":"Feature","properties":{"mun_code":"17074","mun_name":"Fortià","mun_name_local":null,"prov_code":"17","prov_name":"Girona","acom_code":"09","acom_name":"Cataluña","geo_point_2d":{"lon":3.0357697665663523,"lat":42.24285589421611}},"geometry":{"type":"Polygon","coordinates":[[[3.01151,42.23464],[3.02087,42.22457],[3.02291,42.22452],[3.04159,42.23407],[3.05073,42.23394],[3.05202,42.23194],[3.06426,42.24104],[3.06081,42.24866],[3.05133,42.26015],[3.04931,42.26086],[3.04969,42.26229],[3.0319,42.25318],[3.02733,42.25431],[3.01638,42.2495],[3.01225,42.25229],[3.00784,42.25031],[3.01588,42.24526],[3.01169,42.24441],[3.01215,42.24147],[3.00867,42.2397],[3.00994,42.23708],[3.00859,42.23656],[3.01082,42.23528],[3.01151,42.23464]]]}},{"type":"Feature","properties":{"mun_code":"17115","mun_name":"Ordis","mun_name_local":null,"prov_code":"17","prov_name":"Girona","acom_code":"09","acom_name":"Cataluña","geo_point_2d":{"lon":2.8945571232473912,"lat":42.21590435750507}},"geometry":{"type":"Polygon","coordinates":[[[2.87798,42.23257],[2.87901,42.22869],[2.88063,42.22818],[2.87972,42.22206],[2.8818,42.22213],[2.88307,42.21973],[2.8769,42.21291],[2.87658,42.20431],[2.88569,42.20041],[2.88854,42.20218],[2.89079,42.20005],[2.89489,42.20009],[2.89886,42.20083],[2.90204,42.20623],[2.908,42.2044],[2.91094,42.20715],[2.91501,42.20715],[2.91354,42.21476],[2.91578,42.21692],[2.91331,42.21962],[2.91291,42.22321],[2.9092,42.22474],[2.90807,42.22711],[2.90358,42.2263],[2.88515,42.23407],[2.88251,42.23259],[2.8782,42.23286],[2.87798,42.23257]]]}},{"type":"Feature","properties":{"mun_code":"17013","mun_name":"Begur","mun_name_local":null,"prov_code":"17","prov_name":"Girona","acom_code":"09","acom_name":"Cataluña","geo_point_2d":{"lon":3.1999164588639832,"lat":41.94788330307825}},"geometry":{"type":"MultiPolygon","coordinates":[[[[3.18166,41.96265],[3.18883,41.95938],[3.19276,41.94886],[3.19565,41.94564],[3.18613,41.94282],[3.18311,41.94381],[3.17238,41.94267],[3.16956,41.94017],[3.15524,41.93716],[3.15635,41.93028],[3.15988,41.92839],[3.16337,41.92914],[3.16582,41.92286],[3.16926,41.92305],[3.1701,41.92429],[3.17132,41.92353],[3.18489,41.92487],[3.18723,41.92234],[3.19021,41.92289],[3.19104,41.92469],[3.19406,41.92439],[3.19445,41.92571],[3.20684,41.92654],[3.20756,41.92555],[3.21861,41.92722],[3.21797,41.92866],[3.21494,41.92895],[3.21962,41.9319],[3.21801,41.93334],[3.22052,41.93485],[3.2185,41.93567],[3.21665,41.93398],[3.2142,41.93626],[3.21767,41.93915],[3.21792,41.94255],[3.226,41.94553],[3.2282,41.94861],[3.23347,41.95037],[3.22938,41.95507],[3.23365,41.95857],[3.23354,41.96201],[3.23181,41.95947],[3.22977,41.96046],[3.2305,41.96251],[3.22695,41.96419],[3.2318,41.96591],[3.23022,41.96802],[3.23125,41.96905],[3.22675,41.97021],[3.22153,41.97442],[3.21067,41.9733],[3.21116,41.9774],[3.20735,41.98148],[3.20267,41.97927],[3.20266,41.97769],[3.19585,41.97088],[3.18166,41.96265]]]]}},{"type":"Feature","properties":{"mun_code":"17220","mun_name":"Viladrau","mun_name_local":null,"prov_code":"17","prov_name":"Girona","acom_code":"09","acom_name":"Cataluña","geo_point_2d":{"lon":2.3725588719590553,"lat":41.84447111303131}},"geometry":{"type":"Polygon","coordinates":[[[2.32373,41.87526],[2.32439,41.87189],[2.33245,41.86344],[2.33004,41.85977],[2.33086,41.85647],[2.32532,41.85588],[2.33293,41.84412],[2.34474,41.83737],[2.34736,41.83244],[2.34564,41.8272],[2.3434,41.82555],[2.34386,41.82158],[2.34559,41.81805],[2.35169,41.81309],[2.35234,41.80857],[2.37017,41.80412],[2.37634,41.80486],[2.38268,41.8088],[2.38727,41.80463],[2.3959,41.80586],[2.40473,41.8017],[2.40989,41.80166],[2.41512,41.80482],[2.41841,41.8045],[2.41656,41.80613],[2.41183,41.80637],[2.41676,41.81089],[2.41151,41.81318],[2.41221,41.81471],[2.40954,41.81615],[2.41043,41.81769],[2.40736,41.82314],[2.41183,41.83144],[2.41429,41.83168],[2.41806,41.8358],[2.42316,41.83712],[2.42414,41.84005],[2.4224,41.84301],[2.41756,41.8459],[2.42014,41.84838],[2.40881,41.8523],[2.40697,41.86074],[2.40453,41.86134],[2.40527,41.86282],[2.40313,41.86613],[2.40151,41.86645],[2.40127,41.86831],[2.39584,41.87021],[2.39522,41.8724],[2.39321,41.87253],[2.38932,41.87916],[2.38775,41.87977],[2.38715,41.87785],[2.38377,41.87668],[2.38435,41.87392],[2.38249,41.87173],[2.37814,41.87436],[2.37681,41.87302],[2.3761,41.87372],[2.37022,41.88036],[2.36953,41.88579],[2.36754,41.88442],[2.36661,41.88029],[2.36156,41.8835],[2.35574,41.88111],[2.34934,41.88677],[2.34586,41.88745],[2.34424,41.88634],[2.33753,41.88915],[2.33396,41.88381],[2.32959,41.88226],[2.32796,41.88301],[2.32413,41.87527],[2.32373,41.87526]]]}},{"type":"Feature","properties":{"mun_code":"17184","mun_name":"Santa Pau","mun_name_local":null,"prov_code":"17","prov_name":"Girona","acom_code":"09","acom_name":"Cataluña","geo_point_2d":{"lon":2.5692549877049493,"lat":42.15121524319958}},"geometry":{"type":"Polygon","coordinates":[[[2.49602,42.15001],[2.4942,42.14439],[2.49522,42.14112],[2.49816,42.13652],[2.50202,42.13447],[2.50641,42.13479],[2.51892,42.12996],[2.52909,42.13287],[2.53444,42.13212],[2.54136,42.12958],[2.5442,42.12505],[2.5478,42.12486],[2.55152,42.12261],[2.556,42.12598],[2.56251,42.12463],[2.56831,42.12608],[2.57243,42.12538],[2.5774,42.12006],[2.59394,42.11675],[2.59254,42.12158],[2.59472,42.1281],[2.59353,42.13362],[2.59799,42.13457],[2.60132,42.1298],[2.60406,42.13084],[2.60844,42.12993],[2.61455,42.14081],[2.61715,42.14139],[2.61779,42.1473],[2.62144,42.14989],[2.62461,42.14964],[2.62967,42.1518],[2.62675,42.15936],[2.62927,42.16947],[2.61921,42.171],[2.6212,42.17587],[2.60752,42.17593],[2.60541,42.17857],[2.60625,42.17975],[2.59601,42.18838],[2.59267,42.18814],[2.59152,42.1945],[2.58178,42.18958],[2.58306,42.18557],[2.57885,42.17428],[2.56521,42.17336],[2.56329,42.17209],[2.55719,42.17522],[2.54495,42.16996],[2.54275,42.16749],[2.5418,42.16101],[2.54316,42.15562],[2.53604,42.15402],[2.53055,42.15666],[2.52479,42.1566],[2.51743,42.15445],[2.51114,42.16163],[2.49852,42.15458],[2.49602,42.15001]]]}},{"type":"Feature","properties":{"mun_code":"17157","mun_name":"Sant Andreu Salou","mun_name_local":null,"prov_code":"17","prov_name":"Girona","acom_code":"09","acom_name":"Cataluña","geo_point_2d":{"lon":2.8232349915647306,"lat":41.869583289007316}},"geometry":{"type":"Polygon","coordinates":[[[2.80981,41.87771],[2.81397,41.87091],[2.81278,41.85989],[2.81629,41.85699],[2.81831,41.85022],[2.81953,41.85239],[2.82552,41.85468],[2.82997,41.85909],[2.83513,41.86136],[2.84022,41.86143],[2.83708,41.86622],[2.83662,41.87216],[2.8322,41.87698],[2.82624,41.88042],[2.82456,41.8851],[2.81639,41.88963],[2.81372,41.88139],[2.81034,41.87813],[2.80981,41.87771]]]}},{"type":"Feature","properties":{"mun_code":"17121","mun_name":"Palau-sator","mun_name_local":null,"prov_code":"17","prov_name":"Girona","acom_code":"09","acom_name":"Cataluña","geo_point_2d":{"lon":3.119874094078822,"lat":41.9840012385387}},"geometry":{"type":"Polygon","coordinates":[[[3.09725,41.99183],[3.10068,41.98939],[3.10153,41.98666],[3.10528,41.98543],[3.10368,41.98201],[3.10457,41.97715],[3.11161,41.96935],[3.10244,41.96056],[3.10694,41.96111],[3.11155,41.95908],[3.11378,41.95976],[3.11496,41.96392],[3.12823,41.96406],[3.13999,41.96624],[3.13856,41.9684],[3.13782,41.98475],[3.13471,41.99339],[3.13476,41.99615],[3.14022,42.00073],[3.11367,42.00462],[3.10946,42.00192],[3.09792,41.99984],[3.0974,41.995],[3.09725,41.99183]]]}},{"type":"Feature","properties":{"mun_code":"17052","mun_name":"Siurana","mun_name_local":null,"prov_code":"17","prov_name":"Girona","acom_code":"09","acom_name":"Cataluña","geo_point_2d":{"lon":3.0071253624323098,"lat":42.21197453481855}},"geometry":{"type":"Polygon","coordinates":[[[2.9829,42.21328],[2.98848,42.20262],[2.99159,42.20066],[2.98999,42.20017],[2.99165,42.19909],[2.98966,42.19462],[2.99925,42.19744],[3.00229,42.19367],[3.00412,42.19576],[3.01514,42.19924],[3.01827,42.19831],[3.02259,42.19955],[3.02559,42.20728],[3.02836,42.20902],[3.03443,42.20965],[3.01442,42.23094],[3.00353,42.22616],[2.99873,42.22684],[2.99038,42.22252],[2.99187,42.21994],[2.98852,42.21976],[2.98906,42.2185],[2.98382,42.21412],[2.9829,42.21328]]]}},{"type":"Feature","properties":{"mun_code":"17222","mun_name":"Vilaür","mun_name_local":null,"prov_code":"17","prov_name":"Girona","acom_code":"09","acom_name":"Cataluña","geo_point_2d":{"lon":2.9562638199380395,"lat":42.138903395242565}},"geometry":{"type":"Polygon","coordinates":[[[2.93995,42.13527],[2.93863,42.13217],[2.94339,42.13067],[2.94265,42.13325],[2.94578,42.13996],[2.94754,42.13612],[2.94616,42.12472],[2.95047,42.12329],[2.96133,42.12429],[2.96692,42.12707],[2.96229,42.13217],[2.96373,42.1327],[2.96392,42.13726],[2.97086,42.14094],[2.97056,42.15357],[2.9589,42.15161],[2.95527,42.15353],[2.95547,42.15119],[2.95184,42.14866],[2.94485,42.14856],[2.94272,42.14669],[2.94291,42.1415],[2.94016,42.13548],[2.93995,42.13527]]]}},{"type":"Feature","properties":{"mun_code":"17049","mun_name":"Celrà","mun_name_local":null,"prov_code":"17","prov_name":"Girona","acom_code":"09","acom_name":"Cataluña","geo_point_2d":{"lon":2.8780121627796156,"lat":42.01788667989802}},"geometry":{"type":"Polygon","coordinates":[[[2.85174,42.02404],[2.84887,42.02107],[2.84924,42.01459],[2.84583,42.01027],[2.84714,42.0078],[2.85708,42.00495],[2.86238,42.00784],[2.86169,42.00011],[2.86578,41.99767],[2.86556,41.99423],[2.86894,41.99127],[2.87678,41.99246],[2.88511,41.99142],[2.89609,41.98778],[2.89947,41.99822],[2.89775,42.00733],[2.89901,42.0176],[2.89718,42.02093],[2.9003,42.03165],[2.88691,42.04805],[2.88663,42.0507],[2.87445,42.04874],[2.86492,42.04245],[2.86357,42.04031],[2.86765,42.03648],[2.86455,42.03055],[2.85642,42.02281],[2.85214,42.02351],[2.85174,42.02404]]]}},{"type":"Feature","properties":{"mun_code":"17210","mun_name":"Ventalló","mun_name_local":null,"prov_code":"17","prov_name":"Girona","acom_code":"09","acom_name":"Cataluña","geo_point_2d":{"lon":3.041702280854368,"lat":42.151157278630656}},"geometry":{"type":"Polygon","coordinates":[[[3.03475,42.12143],[3.03321,42.12579],[3.04018,42.1328],[3.04123,42.13934],[3.04679,42.14402],[3.05386,42.14346],[3.04953,42.13973],[3.05114,42.13865],[3.06614,42.13583],[3.0686,42.13768],[3.09082,42.14051],[3.09062,42.1459],[3.09581,42.1468],[3.09386,42.15089],[3.08384,42.14931],[3.07972,42.15842],[3.07375,42.16245],[3.06306,42.17906],[3.05837,42.17795],[3.05884,42.17453],[3.05403,42.1676],[3.05104,42.16996],[3.04395,42.17037],[3.04696,42.16642],[3.04348,42.16356],[3.02926,42.16876],[3.0223,42.16817],[3.01547,42.16536],[3.00335,42.16906],[2.99565,42.16892],[3.00244,42.15399],[3.00491,42.13968],[3.0084,42.13536],[3.01423,42.1334],[3.01457,42.13072],[3.0183,42.12726],[3.02239,42.12747],[3.03225,42.12423],[3.03475,42.12143]]]}},{"type":"Feature","properties":{"mun_code":"17119","mun_name":"Palau de Santa Eulàlia","mun_name_local":null,"prov_code":"17","prov_name":"Girona","acom_code":"09","acom_name":"Cataluña","geo_point_2d":{"lon":2.975347255638355,"lat":42.17931834477804}},"geometry":{"type":"Polygon","coordinates":[[[2.97226,42.15763],[2.97661,42.15598],[2.98401,42.15905],[2.98209,42.16251],[2.97339,42.16423],[2.97384,42.16668],[2.97758,42.1682],[2.98531,42.16547],[2.98842,42.16669],[2.98247,42.17377],[2.9856,42.18035],[2.98514,42.18816],[2.9988,42.18637],[3.00229,42.19367],[2.99925,42.19744],[2.98966,42.19462],[2.98295,42.19592],[2.97148,42.19099],[2.95496,42.19094],[2.95696,42.18748],[2.95577,42.18635],[2.95813,42.1747],[2.96208,42.16832],[2.9618,42.16528],[2.96506,42.16467],[2.96717,42.16204],[2.97037,42.16196],[2.97002,42.15813],[2.97181,42.15802],[2.97226,42.15763]]]}},{"type":"Feature","properties":{"mun_code":"17144","mun_name":"Regencós","mun_name_local":null,"prov_code":"17","prov_name":"Girona","acom_code":"09","acom_name":"Cataluña","geo_point_2d":{"lon":3.171823763346336,"lat":41.94959760039981}},"geometry":{"type":"Polygon","coordinates":[[[3.14847,41.94461],[3.15212,41.94439],[3.1537,41.93778],[3.15524,41.93716],[3.16956,41.94017],[3.17238,41.94267],[3.18311,41.94381],[3.18613,41.94282],[3.19565,41.94564],[3.19276,41.94886],[3.18883,41.95938],[3.18166,41.96265],[3.1485,41.94975],[3.14847,41.94461]]]}},{"type":"Feature","properties":{"mun_code":"17008","mun_name":"Anglès","mun_name_local":null,"prov_code":"17","prov_name":"Girona","acom_code":"09","acom_name":"Cataluña","geo_point_2d":{"lon":2.6378483026870216,"lat":41.944077171009546}},"geometry":{"type":"Polygon","coordinates":[[[2.60291,41.9532],[2.60055,41.95196],[2.59991,41.94722],[2.60766,41.94226],[2.61643,41.93392],[2.61798,41.92655],[2.61686,41.92356],[2.62937,41.92002],[2.64079,41.92965],[2.64676,41.92825],[2.65136,41.93622],[2.6609,41.93754],[2.66158,41.93991],[2.66346,41.93834],[2.67034,41.93782],[2.67579,41.94171],[2.67262,41.94824],[2.66556,41.95201],[2.65966,41.95889],[2.66132,41.96305],[2.65266,41.96088],[2.64919,41.96251],[2.63161,41.96228],[2.62641,41.95709],[2.61684,41.95406],[2.61583,41.95113],[2.61321,41.94979],[2.60964,41.95185],[2.60901,41.95028],[2.606,41.95125],[2.6049,41.94947],[2.60308,41.95298],[2.60291,41.9532]]]}},{"type":"Feature","properties":{"mun_code":"17217","mun_name":"Viladamat","mun_name_local":null,"prov_code":"17","prov_name":"Girona","acom_code":"09","acom_name":"Cataluña","geo_point_2d":{"lon":3.063335946944207,"lat":42.12769140884344}},"geometry":{"type":"Polygon","coordinates":[[[3.03475,42.12143],[3.04179,42.11675],[3.04533,42.11017],[3.05015,42.10969],[3.0499,42.11253],[3.05907,42.11446],[3.06141,42.11646],[3.07143,42.11838],[3.0746,42.11837],[3.07459,42.11662],[3.07611,42.11667],[3.07661,42.11871],[3.09037,42.12128],[3.09068,42.1255],[3.0951,42.12685],[3.09443,42.13375],[3.09622,42.13466],[3.09597,42.13774],[3.09169,42.13582],[3.09082,42.14051],[3.0686,42.13768],[3.06614,42.13583],[3.06072,42.13618],[3.04953,42.13973],[3.05386,42.14346],[3.04679,42.14402],[3.04123,42.13934],[3.04018,42.1328],[3.03321,42.12579],[3.035,42.12335],[3.03475,42.12143]]]}},{"type":"Feature","properties":{"mun_code":"17903","mun_name":"Sant Julià del Llor i Bonmatí","mun_name_local":null,"prov_code":"17","prov_name":"Girona","acom_code":"09","acom_name":"Cataluña","geo_point_2d":{"lon":2.6503325868705816,"lat":41.97522855641043}},"geometry":{"type":"Polygon","coordinates":[[[2.62698,41.98257],[2.62838,41.97851],[2.62721,41.96766],[2.63188,41.9634],[2.63805,41.96195],[2.64919,41.96251],[2.65221,41.96089],[2.65665,41.96111],[2.66529,41.96505],[2.67046,41.96483],[2.6727,41.9662],[2.67195,41.97182],[2.67401,41.97383],[2.66896,41.97521],[2.66795,41.98566],[2.66589,41.98708],[2.66718,41.98842],[2.66518,41.98884],[2.66314,41.99212],[2.6608,41.99228],[2.65902,41.98967],[2.65402,41.99085],[2.65289,41.99282],[2.64789,41.99228],[2.64438,41.98988],[2.64328,41.99063],[2.64318,41.98388],[2.64039,41.9829],[2.64102,41.97897],[2.63873,41.97828],[2.62873,41.98451],[2.62791,41.98287],[2.62698,41.98257]]]}},{"type":"Feature","properties":{"mun_code":"17169","mun_name":"Sant Julià de Ramis","mun_name_local":null,"prov_code":"17","prov_name":"Girona","acom_code":"09","acom_name":"Cataluña","geo_point_2d":{"lon":2.8490392109720686,"lat":42.04551894485824}},"geometry":{"type":"Polygon","coordinates":[[[2.79936,42.03167],[2.80241,42.02525],[2.808,42.02601],[2.81359,42.02476],[2.82242,42.02249],[2.82379,42.02038],[2.82796,42.02036],[2.83074,42.02725],[2.84065,42.02973],[2.84703,42.02914],[2.85322,42.02273],[2.85642,42.02281],[2.86455,42.03055],[2.86765,42.03648],[2.86357,42.04031],[2.86492,42.04245],[2.87445,42.04874],[2.88802,42.05096],[2.89333,42.05392],[2.89246,42.05481],[2.88342,42.05365],[2.88066,42.05779],[2.88472,42.06459],[2.88473,42.06616],[2.88254,42.0661],[2.88411,42.07065],[2.88165,42.07176],[2.87512,42.06617],[2.87262,42.06634],[2.86847,42.07493],[2.86441,42.07366],[2.8639,42.07569],[2.86026,42.07496],[2.85834,42.07845],[2.85692,42.07822],[2.8587,42.06915],[2.85321,42.06759],[2.85123,42.06372],[2.84739,42.06308],[2.84985,42.06033],[2.8463,42.05944],[2.84818,42.05575],[2.84357,42.05399],[2.83012,42.05489],[2.83354,42.0522],[2.82918,42.04975],[2.8323,42.04915],[2.83636,42.04066],[2.81151,42.03706],[2.80399,42.0398],[2.80164,42.03619],[2.8021,42.03168],[2.79936,42.03167]]]}},{"type":"Feature","properties":{"mun_code":"17204","mun_name":"Ullà","mun_name_local":null,"prov_code":"17","prov_name":"Girona","acom_code":"09","acom_name":"Cataluña","geo_point_2d":{"lon":3.103875986811986,"lat":42.05091641743365}},"geometry":{"type":"Polygon","coordinates":[[[3.08505,42.03993],[3.1064,42.04112],[3.11585,42.03914],[3.12086,42.047],[3.12612,42.04933],[3.12728,42.05429],[3.11677,42.06048],[3.10374,42.06486],[3.09521,42.06198],[3.09246,42.05819],[3.08834,42.05682],[3.08766,42.05392],[3.08238,42.05249],[3.08331,42.04413],[3.08505,42.03993]]]}},{"type":"Feature","properties":{"mun_code":"17172","mun_name":"Sant Martí de Llémena","mun_name_local":null,"prov_code":"17","prov_name":"Girona","acom_code":"09","acom_name":"Cataluña","geo_point_2d":{"lon":2.6711660834431723,"lat":42.03760817659977}},"geometry":{"type":"Polygon","coordinates":[[[2.63182,42.08898],[2.63069,42.08558],[2.63408,42.08299],[2.63141,42.07928],[2.63727,42.07289],[2.63751,42.06715],[2.63561,42.06363],[2.63908,42.06033],[2.63767,42.05875],[2.63911,42.05845],[2.63913,42.05479],[2.6325,42.04846],[2.63385,42.04435],[2.63012,42.03828],[2.63261,42.03921],[2.63914,42.03872],[2.6444,42.03374],[2.64364,42.03066],[2.66192,42.01775],[2.66407,42.0088],[2.65854,42.00737],[2.65855,41.99998],[2.66116,41.99587],[2.65934,41.99535],[2.66115,41.99192],[2.66314,41.99212],[2.66504,41.9892],[2.6711,41.99217],[2.67437,41.98934],[2.68334,41.98914],[2.68513,41.9936],[2.68925,41.99649],[2.69018,41.99567],[2.6934,41.99744],[2.69777,41.99567],[2.707,42.00385],[2.71104,42.00349],[2.71462,42.00487],[2.71437,42.01385],[2.71784,42.02436],[2.71552,42.02584],[2.71362,42.03151],[2.71051,42.03232],[2.70799,42.03506],[2.696,42.03655],[2.69276,42.03829],[2.68865,42.04648],[2.69065,42.04839],[2.68226,42.05067],[2.67858,42.05402],[2.67609,42.06034],[2.67883,42.07804],[2.67699,42.08166],[2.67774,42.0845],[2.67006,42.08586],[2.66739,42.08493],[2.66425,42.0863],[2.6493,42.08478],[2.64281,42.08758],[2.63767,42.08692],[2.63215,42.0889],[2.63182,42.08898]]]}},{"type":"Feature","properties":{"mun_code":"17079","mun_name":"Girona","mun_name_local":null,"prov_code":"17","prov_name":"Girona","acom_code":"09","acom_name":"Cataluña","geo_point_2d":{"lon":2.8352816223043935,"lat":41.984792083820054}},"geometry":{"type":"Polygon","coordinates":[[[2.78273,41.98416],[2.79592,41.98553],[2.80026,41.98328],[2.80248,41.97017],[2.79834,41.95817],[2.8054,41.95491],[2.80239,41.94991],[2.80324,41.94864],[2.80493,41.94968],[2.80631,41.94843],[2.8061,41.94949],[2.8153,41.94853],[2.81278,41.94338],[2.81593,41.94289],[2.81969,41.93825],[2.8203,41.94006],[2.8261,41.94231],[2.82689,41.9483],[2.83374,41.94914],[2.83317,41.95852],[2.83443,41.95917],[2.83304,41.96335],[2.83479,41.96563],[2.85777,41.96894],[2.866,41.9676],[2.89782,41.98454],[2.89589,41.98772],[2.88511,41.99142],[2.87678,41.99246],[2.86894,41.99127],[2.86556,41.99423],[2.86578,41.99767],[2.86169,42.00011],[2.86238,42.00784],[2.85708,42.00495],[2.84714,42.0078],[2.84583,42.01027],[2.84924,42.01459],[2.84887,42.02107],[2.85174,42.02404],[2.84703,42.02914],[2.84065,42.02973],[2.82976,42.02629],[2.82748,42.02128],[2.82727,42.01544],[2.81763,42.00849],[2.81998,42.00249],[2.81672,42.00168],[2.81684,41.99962],[2.81255,41.99952],[2.81097,42.00437],[2.80634,42.00316],[2.78346,41.98509],[2.78273,41.98416]]]}},{"type":"Feature","properties":{"mun_code":"17041","mun_name":"Cantallops","mun_name_local":null,"prov_code":"17","prov_name":"Girona","acom_code":"09","acom_name":"Cataluña","geo_point_2d":{"lon":2.928166903018744,"lat":42.41817956958307}},"geometry":{"type":"Polygon","coordinates":[[[2.9175,42.39886],[2.92603,42.39268],[2.94157,42.38731],[2.94591,42.3895],[2.94952,42.39629],[2.95704,42.40456],[2.95637,42.4076],[2.95002,42.41598],[2.95312,42.4188],[2.95184,42.42358],[2.94519,42.43076],[2.94171,42.43128],[2.93354,42.44013],[2.92621,42.44255],[2.92494,42.44624],[2.91892,42.45083],[2.91368,42.44553],[2.9073,42.44449],[2.90196,42.43975],[2.90453,42.41963],[2.91281,42.40378],[2.9175,42.39886]]]}},{"type":"Feature","properties":{"mun_code":"17146","mun_name":"Riells i Viabrea","mun_name_local":null,"prov_code":"17","prov_name":"Girona","acom_code":"09","acom_name":"Cataluña","geo_point_2d":{"lon":2.5210242546991295,"lat":41.76130274742299}},"geometry":{"type":"Polygon","coordinates":[[[2.47218,41.7896],[2.46915,41.77779],[2.48206,41.7717],[2.49004,41.76547],[2.49443,41.76428],[2.49749,41.76564],[2.50543,41.76288],[2.51583,41.76196],[2.51813,41.75535],[2.51527,41.75295],[2.51504,41.74863],[2.51854,41.74706],[2.52341,41.74202],[2.53093,41.73909],[2.53328,41.73581],[2.53059,41.73069],[2.5337,41.72899],[2.53476,41.72446],[2.53733,41.72174],[2.55017,41.71931],[2.55827,41.72196],[2.55798,41.72277],[2.57173,41.72622],[2.56284,41.73697],[2.55417,41.74135],[2.55205,41.74749],[2.54907,41.7507],[2.55289,41.75158],[2.54954,41.75521],[2.5432,41.75697],[2.53771,41.76128],[2.54209,41.7681],[2.54755,41.76804],[2.53995,41.77276],[2.53474,41.77997],[2.53449,41.78321],[2.53368,41.77945],[2.52249,41.78241],[2.51815,41.78662],[2.51554,41.79301],[2.49409,41.79073],[2.48493,41.79568],[2.47723,41.79382],[2.47218,41.7896]]]}},{"type":"Feature","properties":{"mun_code":"17226","mun_name":"Vilamalla","mun_name_local":null,"prov_code":"17","prov_name":"Girona","acom_code":"09","acom_name":"Cataluña","geo_point_2d":{"lon":2.9729733358274015,"lat":42.22206186487064}},"geometry":{"type":"Polygon","coordinates":[[[2.94647,42.21183],[2.95201,42.21215],[2.9556,42.20569],[2.9684,42.20836],[2.97776,42.21323],[2.97965,42.21227],[2.98083,42.21423],[2.9829,42.21328],[2.98906,42.2185],[2.98852,42.21976],[2.99187,42.21994],[2.99038,42.22252],[2.99873,42.22684],[3.00353,42.22616],[3.01442,42.23094],[3.01151,42.23464],[2.99753,42.22979],[2.99326,42.2298],[2.97354,42.23429],[2.96815,42.23383],[2.96708,42.23648],[2.95404,42.22747],[2.94663,42.21235],[2.94647,42.21183]]]}},{"type":"Feature","properties":{"mun_code":"17090","mun_name":"Llambilles","mun_name_local":null,"prov_code":"17","prov_name":"Girona","acom_code":"09","acom_name":"Cataluña","geo_point_2d":{"lon":2.869159987936591,"lat":41.92280409115457}},"geometry":{"type":"Polygon","coordinates":[[[2.83615,41.9166],[2.84594,41.90698],[2.8698,41.90994],[2.8808,41.90764],[2.90228,41.91897],[2.9022,41.92233],[2.89788,41.9329],[2.88896,41.93977],[2.87772,41.93784],[2.85969,41.93864],[2.852,41.93063],[2.8386,41.92875],[2.83466,41.92154],[2.83565,41.91721],[2.83615,41.9166]]]}},{"type":"Feature","properties":{"mun_code":"17089","mun_name":"Llagostera","mun_name_local":null,"prov_code":"17","prov_name":"Girona","acom_code":"09","acom_name":"Cataluña","geo_point_2d":{"lon":2.908154007568002,"lat":41.81501318928842}},"geometry":{"type":"Polygon","coordinates":[[[2.86204,41.84882],[2.85609,41.82942],[2.84923,41.81993],[2.8481,41.81418],[2.85169,41.81044],[2.86597,41.81019],[2.86491,41.81456],[2.87247,41.81509],[2.87308,41.81271],[2.8724,41.80902],[2.86518,41.809],[2.86132,41.80746],[2.85897,41.80236],[2.85397,41.80058],[2.85517,41.79563],[2.85381,41.79181],[2.86406,41.7823],[2.8712,41.77277],[2.88264,41.77363],[2.90238,41.77242],[2.91611,41.7679],[2.92819,41.75752],[2.94049,41.76064],[2.95269,41.77086],[2.96009,41.77414],[2.95577,41.78652],[2.94348,41.7895],[2.93459,41.81068],[2.93551,41.81352],[2.93356,41.81512],[2.92978,41.82519],[2.933,41.82773],[2.93619,41.82797],[2.94634,41.8255],[2.94926,41.82676],[2.96245,41.8269],[2.96591,41.82574],[2.96983,41.82652],[2.97088,41.82812],[2.96898,41.837],[2.96658,41.83913],[2.96632,41.84384],[2.9621,41.84669],[2.96194,41.85138],[2.94876,41.86344],[2.94304,41.86509],[2.93864,41.86519],[2.93719,41.86331],[2.93495,41.86386],[2.92686,41.8607],[2.91678,41.85967],[2.91385,41.86089],[2.91109,41.86494],[2.90796,41.86088],[2.89278,41.85905],[2.88661,41.86042],[2.87483,41.84903],[2.86302,41.84887],[2.86204,41.84882]]]}},{"type":"Feature","properties":{"mun_code":"17178","mun_name":"Sant Pere Pescador","mun_name_local":null,"prov_code":"17","prov_name":"Girona","acom_code":"09","acom_name":"Cataluña","geo_point_2d":{"lon":3.0918605256260827,"lat":42.186449319899125}},"geometry":{"type":"Polygon","coordinates":[[[3.06066,42.18601],[3.06306,42.17906],[3.07756,42.17867],[3.0812,42.18152],[3.08537,42.18067],[3.09125,42.18211],[3.09103,42.17567],[3.09299,42.17149],[3.08759,42.16784],[3.08732,42.16063],[3.0906,42.15907],[3.09733,42.1587],[3.10405,42.16145],[3.11003,42.15927],[3.1107,42.15467],[3.10305,42.15117],[3.10826,42.14736],[3.10742,42.14271],[3.11212,42.14143],[3.11673,42.14605],[3.11244,42.16946],[3.11196,42.2036],[3.10058,42.20484],[3.09119,42.21333],[3.08359,42.21665],[3.08099,42.21555],[3.07429,42.21821],[3.06889,42.21697],[3.06959,42.21134],[3.06764,42.20841],[3.07002,42.20383],[3.06929,42.2023],[3.07109,42.20269],[3.0703,42.19637],[3.06726,42.18995],[3.06516,42.19019],[3.0659,42.18665],[3.06295,42.18646],[3.06066,42.18601]]]}},{"type":"Feature","properties":{"mun_code":"17163","mun_name":"Sant Gregori","mun_name_local":null,"prov_code":"17","prov_name":"Girona","acom_code":"09","acom_name":"Cataluña","geo_point_2d":{"lon":2.747439908040176,"lat":42.00108460514945}},"geometry":{"type":"Polygon","coordinates":[[[2.66504,41.9892],[2.66718,41.98842],[2.66589,41.98708],[2.66795,41.98566],[2.66896,41.97521],[2.67401,41.97383],[2.6809,41.97481],[2.68673,41.97726],[2.69396,41.97582],[2.69858,41.98022],[2.70958,41.98226],[2.71477,41.98025],[2.71979,41.97213],[2.72395,41.96931],[2.7328,41.97111],[2.7499,41.96876],[2.76185,41.97385],[2.76976,41.98199],[2.78273,41.98416],[2.78855,41.99002],[2.80629,42.00299],[2.80316,42.00387],[2.79891,42.01346],[2.80293,42.01807],[2.80439,42.0229],[2.80171,42.02426],[2.79936,42.03167],[2.79065,42.03716],[2.78714,42.03737],[2.78492,42.04133],[2.78121,42.04339],[2.76931,42.0424],[2.76743,42.04153],[2.76655,42.03482],[2.76772,42.034],[2.76372,42.03109],[2.76621,42.02851],[2.74346,42.02049],[2.7335,42.02086],[2.73348,42.01984],[2.72989,42.0189],[2.72555,42.02016],[2.72547,42.02385],[2.71784,42.02436],[2.71437,42.01385],[2.71462,42.00487],[2.71104,42.00349],[2.707,42.00385],[2.69777,41.99567],[2.6934,41.99744],[2.69018,41.99567],[2.68925,41.99649],[2.68513,41.9936],[2.68334,41.98914],[2.67437,41.98934],[2.6711,41.99217],[2.66504,41.9892]]]}},{"type":"Feature","properties":{"mun_code":"17069","mun_name":"Fontanals de Cerdanya","mun_name_local":null,"prov_code":"17","prov_name":"Girona","acom_code":"09","acom_name":"Cataluña","geo_point_2d":{"lon":1.9197288289908796,"lat":42.385606580692965}},"geometry":{"type":"Polygon","coordinates":[[[1.86448,42.3948],[1.86177,42.39241],[1.87359,42.38038],[1.88814,42.38084],[1.89003,42.38278],[1.89176,42.38009],[1.89323,42.38158],[1.89626,42.37566],[1.8997,42.37625],[1.90271,42.3743],[1.90426,42.37503],[1.91627,42.36664],[1.91961,42.36617],[1.93745,42.35629],[1.94488,42.35518],[1.94652,42.35695],[1.95347,42.35698],[1.95453,42.361],[1.95603,42.35866],[1.95763,42.36062],[1.95832,42.36745],[1.96183,42.36964],[1.96655,42.36794],[1.95908,42.37665],[1.95208,42.38831],[1.94576,42.39418],[1.94516,42.41071],[1.94329,42.41411],[1.93182,42.41188],[1.91905,42.41145],[1.91237,42.40709],[1.91069,42.40129],[1.90084,42.39837],[1.89434,42.39918],[1.89256,42.40179],[1.87871,42.40238],[1.86756,42.40092],[1.86776,42.39858],[1.86534,42.39669],[1.86448,42.3948]]]}},{"type":"Feature","properties":{"mun_code":"17031","mun_name":"Cabanelles","mun_name_local":null,"prov_code":"17","prov_name":"Girona","acom_code":"09","acom_name":"Cataluña","geo_point_2d":{"lon":2.785932489699732,"lat":42.24798362602672}},"geometry":{"type":"MultiPolygon","coordinates":[[[[2.83475,42.20084],[2.83283,42.20052],[2.83408,42.19829],[2.83352,42.18925],[2.82788,42.18302],[2.8333,42.17919],[2.84143,42.1812],[2.84915,42.1803],[2.84968,42.18218],[2.85165,42.18216],[2.85916,42.19033],[2.86112,42.1969],[2.85326,42.19951],[2.85058,42.20387],[2.84473,42.20384],[2.83559,42.20095],[2.83475,42.20084]]],[[[2.73702,42.29975],[2.72098,42.29951],[2.71283,42.29547],[2.71569,42.29025],[2.72106,42.28801],[2.72189,42.28067],[2.72767,42.27395],[2.7302,42.27322],[2.73342,42.26623],[2.73054,42.26389],[2.75222,42.25878],[2.77151,42.25221],[2.76853,42.23836],[2.77821,42.2272],[2.77591,42.22389],[2.77645,42.21607],[2.78484,42.20506],[2.78276,42.20135],[2.78622,42.19878],[2.79856,42.19867],[2.80734,42.20205],[2.8133,42.19882],[2.81667,42.19999],[2.82113,42.19825],[2.82123,42.19925],[2.82287,42.19904],[2.82222,42.20053],[2.82591,42.20227],[2.82842,42.20161],[2.82848,42.19985],[2.83151,42.19933],[2.83337,42.20222],[2.83493,42.20197],[2.83739,42.2055],[2.84139,42.20739],[2.84459,42.21787],[2.83718,42.22285],[2.83401,42.23722],[2.82481,42.23695],[2.82223,42.2344],[2.82082,42.23633],[2.81701,42.23747],[2.80589,42.2332],[2.8005,42.23991],[2.79488,42.24285],[2.78988,42.2509],[2.79296,42.25448],[2.78795,42.26035],[2.78239,42.26238],[2.7793,42.26558],[2.7778,42.26998],[2.78322,42.26823],[2.78917,42.26983],[2.79101,42.27269],[2.79432,42.27411],[2.79822,42.27314],[2.80326,42.27599],[2.80169,42.27909],[2.79753,42.2811],[2.79105,42.2931],[2.78677,42.29628],[2.78008,42.29875],[2.78461,42.30324],[2.78469,42.30612],[2.75714,42.30095],[2.7551,42.30241],[2.74743,42.29971],[2.74629,42.30204],[2.73702,42.29975]]]]}},{"type":"Feature","properties":{"mun_code":"17097","mun_name":"Madremanya","mun_name_local":null,"prov_code":"17","prov_name":"Girona","acom_code":"09","acom_name":"Cataluña","geo_point_2d":{"lon":2.9531753692527523,"lat":41.985930645752475}},"geometry":{"type":"Polygon","coordinates":[[[2.91754,41.96783],[2.92096,41.96629],[2.92851,41.97028],[2.9319,41.97055],[2.93845,41.96642],[2.94507,41.96608],[2.94967,41.97297],[2.96819,41.97515],[2.97561,41.97805],[2.97555,41.98275],[2.98174,41.98371],[2.98716,41.98917],[2.97846,42.00014],[2.97299,42.00096],[2.9675,41.99867],[2.95969,42.00047],[2.95807,41.9992],[2.95173,42.00573],[2.94483,42.0029],[2.94056,42.00328],[2.93764,42.00075],[2.93039,41.98499],[2.9267,41.98121],[2.92712,41.97683],[2.93335,41.97363],[2.93096,41.97424],[2.92935,41.97383],[2.92968,41.97254],[2.91843,41.97152],[2.91732,41.96812],[2.91754,41.96783]]]}},{"type":"Feature","properties":{"mun_code":"17114","mun_name":"Olot","mun_name_local":null,"prov_code":"17","prov_name":"Girona","acom_code":"09","acom_name":"Cataluña","geo_point_2d":{"lon":2.4939759412169584,"lat":42.17688443824662}},"geometry":{"type":"Polygon","coordinates":[[[2.4468,42.19778],[2.44774,42.18614],[2.45319,42.18115],[2.45152,42.17972],[2.45167,42.17476],[2.45391,42.17151],[2.45238,42.16754],[2.45463,42.16359],[2.45833,42.16107],[2.45818,42.16533],[2.46188,42.1673],[2.46456,42.16577],[2.46915,42.16876],[2.47166,42.164],[2.48039,42.16272],[2.48186,42.15809],[2.49089,42.15176],[2.49602,42.15001],[2.49852,42.15458],[2.51114,42.16163],[2.51743,42.15445],[2.52479,42.1566],[2.53055,42.15666],[2.53604,42.15402],[2.54316,42.15562],[2.5418,42.15823],[2.54275,42.16749],[2.54861,42.17309],[2.53587,42.17995],[2.53277,42.17874],[2.51602,42.18459],[2.51555,42.1876],[2.5178,42.18982],[2.51564,42.19274],[2.51225,42.19206],[2.5078,42.19497],[2.50144,42.19599],[2.50009,42.19771],[2.50105,42.19997],[2.49435,42.20548],[2.49027,42.20258],[2.4902,42.19812],[2.48762,42.19727],[2.4867,42.19842],[2.4816,42.19513],[2.47159,42.19979],[2.46949,42.19873],[2.46231,42.20149],[2.45767,42.19828],[2.44728,42.19766],[2.4468,42.19778]]]}},{"type":"Feature","properties":{"mun_code":"17064","mun_name":"Espolla","mun_name_local":null,"prov_code":"17","prov_name":"Girona","acom_code":"09","acom_name":"Cataluña","geo_point_2d":{"lon":3.005573244676358,"lat":42.42926688024444}},"geometry":{"type":"Polygon","coordinates":[[[2.97071,42.43549],[2.97134,42.41601],[2.98227,42.40762],[2.98032,42.40286],[2.9889,42.38082],[2.99836,42.37061],[3.0046,42.37173],[3.00709,42.37026],[3.00895,42.37547],[3.01394,42.37896],[3.01796,42.38677],[3.0204,42.38854],[3.01781,42.40597],[3.02088,42.41062],[3.02389,42.41067],[3.0236,42.4182],[3.03946,42.42402],[3.0333,42.44071],[3.03679,42.44354],[3.0359,42.4474],[3.03915,42.4565],[3.04551,42.46146],[3.04032,42.47352],[3.0314,42.47471],[3.01677,42.46936],[3.01322,42.46637],[3.00007,42.47299],[2.98877,42.47416],[2.98324,42.47217],[2.98053,42.46729],[2.98407,42.46391],[2.98804,42.45481],[2.98787,42.44981],[2.98039,42.44547],[2.9785,42.44184],[2.97438,42.44052],[2.97155,42.4368],[2.97071,42.43549]]]}},{"type":"Feature","properties":{"mun_code":"17162","mun_name":"Sant Ferriol","mun_name_local":null,"prov_code":"17","prov_name":"Girona","acom_code":"09","acom_name":"Cataluña","geo_point_2d":{"lon":2.6648602428248047,"lat":42.185976366034815}},"geometry":{"type":"Polygon","coordinates":[[[2.59199,42.19446],[2.59267,42.18814],[2.59601,42.18838],[2.60625,42.17975],[2.60541,42.17857],[2.60752,42.17593],[2.6212,42.17587],[2.61921,42.171],[2.62927,42.16947],[2.62675,42.15936],[2.62967,42.1518],[2.63789,42.15377],[2.64103,42.15077],[2.65706,42.14336],[2.65822,42.15556],[2.6686,42.15885],[2.66529,42.1676],[2.66722,42.1722],[2.66675,42.17636],[2.67245,42.17589],[2.67456,42.17403],[2.67601,42.17646],[2.67876,42.17422],[2.68214,42.17634],[2.68449,42.17426],[2.67553,42.17154],[2.68445,42.17082],[2.69497,42.17389],[2.71065,42.17493],[2.72402,42.18648],[2.73518,42.18169],[2.74088,42.18093],[2.76004,42.1865],[2.74078,42.18966],[2.74305,42.19535],[2.7353,42.19441],[2.72808,42.19802],[2.71449,42.19747],[2.71112,42.19413],[2.70707,42.19278],[2.69173,42.19285],[2.68977,42.19501],[2.68655,42.19549],[2.68558,42.19759],[2.67478,42.20243],[2.68303,42.20779],[2.68821,42.20798],[2.68516,42.22237],[2.68658,42.22774],[2.68551,42.22855],[2.68293,42.22632],[2.67834,42.22606],[2.67052,42.23021],[2.66531,42.23085],[2.66445,42.22941],[2.66129,42.22936],[2.66312,42.22632],[2.65997,42.22494],[2.66216,42.22019],[2.66007,42.22007],[2.66281,42.2172],[2.66203,42.21351],[2.65942,42.21391],[2.65478,42.20978],[2.65551,42.20817],[2.65303,42.2063],[2.65226,42.20184],[2.64846,42.19787],[2.64932,42.19276],[2.64724,42.18961],[2.64304,42.18933],[2.63865,42.19197],[2.63512,42.19224],[2.62912,42.19793],[2.6216,42.20002],[2.61814,42.19853],[2.61297,42.20052],[2.61076,42.19991],[2.60868,42.19817],[2.60919,42.19348],[2.60452,42.19393],[2.60199,42.19097],[2.59357,42.18957],[2.5935,42.19321],[2.59199,42.19446]]]}},{"type":"Feature","properties":{"mun_code":"17055","mun_name":"Colomers","mun_name_local":null,"prov_code":"17","prov_name":"Girona","acom_code":"09","acom_name":"Cataluña","geo_point_2d":{"lon":2.9886530949818475,"lat":42.08407817052075}},"geometry":{"type":"Polygon","coordinates":[[[2.9702,42.07918],[2.971,42.0746],[2.97289,42.07303],[2.9781,42.07299],[2.97891,42.07703],[2.97643,42.08241],[2.97754,42.0848],[2.97899,42.08488],[2.98459,42.08259],[2.99037,42.07714],[2.99927,42.07185],[3.00371,42.07962],[3.00423,42.08511],[3.00247,42.09177],[2.99763,42.09309],[2.98899,42.09126],[2.97689,42.0958],[2.97741,42.09031],[2.97587,42.09047],[2.97598,42.08879],[2.97352,42.08813],[2.97436,42.08603],[2.97103,42.08324],[2.97202,42.0809],[2.97072,42.07945],[2.9702,42.07918]]]}},{"type":"Feature","properties":{"mun_code":"17167","mun_name":"Sant Joan de les Abadesses","mun_name_local":null,"prov_code":"17","prov_name":"Girona","acom_code":"09","acom_name":"Cataluña","geo_point_2d":{"lon":2.302028464394337,"lat":42.23391590592604}},"geometry":{"type":"Polygon","coordinates":[[[2.22805,42.23284],[2.23153,42.22496],[2.23458,42.22223],[2.23335,42.21691],[2.23181,42.21625],[2.23607,42.21093],[2.25988,42.20365],[2.26613,42.20833],[2.27844,42.20756],[2.28155,42.20877],[2.28769,42.2081],[2.29869,42.20955],[2.30186,42.20785],[2.30457,42.2097],[2.32179,42.21056],[2.32627,42.20969],[2.33955,42.21232],[2.35305,42.21289],[2.36219,42.21562],[2.36742,42.21494],[2.36996,42.21581],[2.37662,42.22657],[2.37478,42.22961],[2.36891,42.22762],[2.36198,42.22799],[2.35951,42.22575],[2.35614,42.2274],[2.34837,42.22769],[2.34418,42.23158],[2.34513,42.23355],[2.34315,42.23907],[2.34432,42.24126],[2.351,42.24449],[2.35073,42.24794],[2.35567,42.24923],[2.35287,42.25311],[2.3497,42.25468],[2.35148,42.25783],[2.34895,42.265],[2.34282,42.27023],[2.34274,42.27322],[2.34026,42.27439],[2.33375,42.2744],[2.32711,42.27028],[2.32296,42.27192],[2.31661,42.27023],[2.30936,42.26361],[2.30074,42.26057],[2.29637,42.25676],[2.29376,42.25828],[2.29031,42.25647],[2.28739,42.25686],[2.28264,42.2552],[2.27251,42.25782],[2.27132,42.25654],[2.27501,42.25039],[2.26741,42.2495],[2.26675,42.24684],[2.26089,42.24556],[2.25515,42.23911],[2.24619,42.2388],[2.24292,42.23538],[2.23928,42.23446],[2.23768,42.23432],[2.2355,42.23693],[2.23158,42.23641],[2.23159,42.23497],[2.22808,42.23299],[2.22805,42.23284]]]}},{"type":"Feature","properties":{"mun_code":"17023","mun_name":"Blanes","mun_name_local":null,"prov_code":"17","prov_name":"Girona","acom_code":"09","acom_name":"Cataluña","geo_point_2d":{"lon":2.7829000025849804,"lat":41.6892184568843}},"geometry":{"type":"MultiPolygon","coordinates":[[[[2.77706,41.73073],[2.76586,41.7257],[2.77452,41.70029],[2.77022,41.68753],[2.75785,41.6794],[2.76021,41.67262],[2.77235,41.65911],[2.77758,41.65077],[2.7876,41.66816],[2.79012,41.6706],[2.79194,41.6704],[2.79157,41.67238],[2.79511,41.67402],[2.79744,41.67328],[2.79796,41.67467],[2.79648,41.67385],[2.79553,41.67483],[2.79924,41.67564],[2.80092,41.67398],[2.79877,41.6728],[2.80046,41.67245],[2.79655,41.67244],[2.79933,41.67152],[2.80144,41.67407],[2.80294,41.67357],[2.80349,41.6761],[2.80712,41.67694],[2.80759,41.67895],[2.81571,41.68221],[2.81669,41.68581],[2.81282,41.6889],[2.80655,41.6909],[2.78982,41.70456],[2.78188,41.72797],[2.77706,41.73073]]]]}},{"type":"Feature","properties":{"mun_code":"17198","mun_name":"Torroella de Fluvià","mun_name_local":null,"prov_code":"17","prov_name":"Girona","acom_code":"09","acom_name":"Cataluña","geo_point_2d":{"lon":3.030534106918041,"lat":42.186328885306615}},"geometry":{"type":"Polygon","coordinates":[[[2.9988,42.18637],[3.00415,42.17753],[3.01404,42.17349],[3.00829,42.17012],[3.00707,42.16796],[3.01429,42.16537],[3.02826,42.16885],[3.03271,42.168],[3.04074,42.16384],[3.04417,42.1637],[3.04698,42.16672],[3.04395,42.17037],[3.05104,42.16996],[3.05403,42.1676],[3.05884,42.17453],[3.05837,42.17795],[3.06306,42.17906],[3.06066,42.18601],[3.05139,42.18342],[3.04985,42.1888],[3.03853,42.2017],[3.03886,42.20511],[3.04545,42.20537],[3.05289,42.20745],[3.05045,42.209],[3.05277,42.2102],[3.05111,42.2127],[3.05232,42.2134],[3.03725,42.21653],[3.03476,42.21392],[3.03443,42.20965],[3.02836,42.20902],[3.02559,42.20728],[3.02319,42.19994],[3.01827,42.19831],[3.01514,42.19924],[3.00412,42.19576],[2.9992,42.18696],[2.9988,42.18637]]]}},{"type":"Feature","properties":{"mun_code":"17160","mun_name":"Sant Feliu de Guíxols","mun_name_local":null,"prov_code":"17","prov_name":"Girona","acom_code":"09","acom_name":"Cataluña","geo_point_2d":{"lon":3.011052753646387,"lat":41.78314195636736}},"geometry":{"type":"MultiPolygon","coordinates":[[[[3.02788,41.80019],[2.98182,41.79176],[2.98394,41.78952],[2.98309,41.78782],[2.9781,41.78476],[2.97579,41.78012],[2.976,41.77836],[2.98263,41.77297],[2.98454,41.7663],[2.9827,41.76005],[2.99781,41.76304],[2.9977,41.76504],[3.00018,41.76587],[3.00251,41.76507],[3.00138,41.7666],[3.00726,41.77081],[3.01542,41.77318],[3.02604,41.77398],[3.03016,41.77081],[3.0322,41.77218],[3.03038,41.77413],[3.02968,41.77948],[3.03307,41.78034],[3.03557,41.77934],[3.03593,41.78038],[3.0362,41.77908],[3.03758,41.78007],[3.03804,41.7783],[3.03319,41.7767],[3.03981,41.77874],[3.04363,41.77849],[3.04413,41.78176],[3.04823,41.78207],[3.04607,41.78384],[3.04683,41.78571],[3.04475,41.78633],[3.0455,41.78818],[3.04919,41.79028],[3.05368,41.79057],[3.04999,41.79677],[3.04717,41.79267],[3.04348,41.79706],[3.03939,41.79736],[3.03675,41.80024],[3.02967,41.79816],[3.02788,41.80019]]]]}},{"type":"Feature","properties":{"mun_code":"17126","mun_name":"Parlavà","mun_name_local":null,"prov_code":"17","prov_name":"Girona","acom_code":"09","acom_name":"Cataluña","geo_point_2d":{"lon":3.0422908431536544,"lat":42.0199791044857}},"geometry":{"type":"Polygon","coordinates":[[[3.02031,42.02745],[3.01976,42.0185],[3.02248,42.0175],[3.02216,42.01351],[3.03017,42.00984],[3.03242,42.01419],[3.03825,42.01491],[3.0517,42.01113],[3.05155,42.00812],[3.05294,42.00963],[3.0546,42.00893],[3.05779,42.01051],[3.05943,42.00881],[3.06204,42.01418],[3.0634,42.01421],[3.06547,42.02514],[3.06141,42.0257],[3.05784,42.02401],[3.05629,42.0245],[3.05361,42.02576],[3.05376,42.02703],[3.0518,42.02691],[3.05181,42.02808],[3.04775,42.02846],[3.04697,42.03134],[3.03839,42.02828],[3.02488,42.02769],[3.02371,42.02896],[3.02179,42.02731],[3.02031,42.02745]]]}},{"type":"Feature","properties":{"mun_code":"17158","mun_name":"Sant Climent Sescebes","mun_name_local":null,"prov_code":"17","prov_name":"Girona","acom_code":"09","acom_name":"Cataluña","geo_point_2d":{"lon":2.9666666010298406,"lat":42.388411372527145}},"geometry":{"type":"Polygon","coordinates":[[[2.94157,42.38731],[2.93963,42.37715],[2.94941,42.37149],[2.94681,42.36734],[2.95197,42.35649],[2.96406,42.35281],[2.97459,42.35831],[2.99108,42.35538],[2.98948,42.36418],[2.99638,42.37071],[2.99836,42.37061],[2.98846,42.38167],[2.98032,42.40286],[2.98227,42.40762],[2.97134,42.41601],[2.97071,42.43549],[2.96315,42.43597],[2.94668,42.42917],[2.95184,42.42358],[2.95312,42.4188],[2.95002,42.41598],[2.95637,42.4076],[2.95704,42.40456],[2.94952,42.39629],[2.94591,42.3895],[2.94157,42.38731]]]}},{"type":"Feature","properties":{"mun_code":"17123","mun_name":"Palol de Revardit","mun_name_local":null,"prov_code":"17","prov_name":"Girona","acom_code":"09","acom_name":"Cataluña","geo_point_2d":{"lon":2.8038560230813356,"lat":42.05618764502825}},"geometry":{"type":"Polygon","coordinates":[[[2.76769,42.05862],[2.7667,42.05695],[2.77894,42.05746],[2.78146,42.054],[2.77784,42.04992],[2.78006,42.04406],[2.78492,42.04133],[2.78714,42.03737],[2.79065,42.03716],[2.79936,42.03167],[2.8021,42.03168],[2.80164,42.03619],[2.80399,42.0398],[2.81151,42.03706],[2.83636,42.04066],[2.8323,42.04915],[2.82918,42.04975],[2.83354,42.0522],[2.83012,42.05489],[2.83282,42.05747],[2.82807,42.05826],[2.8291,42.06414],[2.81615,42.06467],[2.8145,42.06584],[2.81518,42.06922],[2.82383,42.0738],[2.82503,42.07639],[2.82326,42.07839],[2.82049,42.07735],[2.81886,42.07852],[2.7966,42.07989],[2.79365,42.07854],[2.78982,42.07302],[2.7832,42.06829],[2.7786,42.06811],[2.77833,42.06627],[2.7745,42.06552],[2.76949,42.06176],[2.7684,42.05925],[2.76769,42.05862]]]}},{"type":"Feature","properties":{"mun_code":"17015","mun_name":"Banyoles","mun_name_local":null,"prov_code":"17","prov_name":"Girona","acom_code":"09","acom_name":"Cataluña","geo_point_2d":{"lon":2.771145886717755,"lat":42.122095957881335}},"geometry":{"type":"Polygon","coordinates":[[[2.76516,42.143],[2.76435,42.14131],[2.75641,42.13984],[2.75157,42.1365],[2.75134,42.13224],[2.7552,42.12789],[2.75292,42.12618],[2.75296,42.12282],[2.74677,42.11885],[2.74911,42.11052],[2.77249,42.10524],[2.77954,42.10902],[2.78676,42.11521],[2.80386,42.11335],[2.80585,42.11847],[2.80161,42.12507],[2.79085,42.12398],[2.7872,42.12514],[2.77722,42.13139],[2.77634,42.13492],[2.77308,42.13791],[2.77123,42.13767],[2.76875,42.14386],[2.76537,42.1432],[2.76516,42.143]]]}},{"type":"Feature","properties":{"mun_code":"17902","mun_name":"Forallac","mun_name_local":null,"prov_code":"17","prov_name":"Girona","acom_code":"09","acom_name":"Cataluña","geo_point_2d":{"lon":3.0855920547095677,"lat":41.938931185279756}},"geometry":{"type":"Polygon","coordinates":[[[3.05332,41.90106],[3.0544,41.89825],[3.06467,41.89751],[3.07572,41.89977],[3.08464,41.89755],[3.09087,41.89454],[3.09114,41.89196],[3.0961,41.88867],[3.1023,41.88999],[3.11195,41.89938],[3.12715,41.8942],[3.12357,41.90107],[3.1259,41.91212],[3.11918,41.92041],[3.11722,41.92943],[3.11943,41.93688],[3.11431,41.93773],[3.11155,41.95908],[3.10694,41.96111],[3.10244,41.96056],[3.11161,41.96935],[3.10457,41.97715],[3.10368,41.98201],[3.10528,41.98543],[3.10153,41.98666],[3.10068,41.98939],[3.09725,41.99183],[3.09387,41.98888],[3.08519,41.98889],[3.07902,41.99064],[3.07592,41.98989],[3.07511,41.98676],[3.07046,41.98714],[3.07022,41.98515],[3.06684,41.98464],[3.06658,41.98146],[3.06458,41.98114],[3.0637,41.972],[3.04714,41.9691],[3.04571,41.96662],[3.04385,41.96648],[3.04554,41.95737],[3.05015,41.95463],[3.0495,41.94904],[3.05084,41.94671],[3.04936,41.94023],[3.05972,41.93579],[3.0616,41.93105],[3.06192,41.92512],[3.05566,41.92169],[3.05882,41.91342],[3.05756,41.90757],[3.05332,41.90106]]]}},{"type":"Feature","properties":{"mun_code":"17009","mun_name":"Arbúcies","mun_name_local":null,"prov_code":"17","prov_name":"Girona","acom_code":"09","acom_name":"Cataluña","geo_point_2d":{"lon":2.490877022240346,"lat":41.824535288103924}},"geometry":{"type":"Polygon","coordinates":[[[2.41801,41.84966],[2.42017,41.8474],[2.41804,41.84509],[2.4224,41.84301],[2.42426,41.83947],[2.42316,41.83712],[2.41806,41.8358],[2.41429,41.83168],[2.41183,41.83144],[2.40752,41.82357],[2.41043,41.81769],[2.40954,41.81615],[2.41221,41.81471],[2.41151,41.81318],[2.41676,41.81089],[2.41183,41.80637],[2.41656,41.80613],[2.41953,41.80422],[2.42654,41.8046],[2.43653,41.80288],[2.44327,41.79837],[2.44376,41.78919],[2.45575,41.78419],[2.47218,41.7896],[2.47723,41.79382],[2.48493,41.79568],[2.49409,41.79073],[2.51554,41.79301],[2.51815,41.78662],[2.52249,41.78241],[2.53368,41.77945],[2.53449,41.78321],[2.54051,41.78313],[2.54254,41.78944],[2.55171,41.7942],[2.55574,41.80469],[2.55439,41.81427],[2.55802,41.82536],[2.55738,41.8353],[2.56119,41.83468],[2.57186,41.83616],[2.57216,41.83484],[2.58264,41.83421],[2.57866,41.83845],[2.56774,41.84176],[2.5669,41.84352],[2.56378,41.84372],[2.55604,41.85074],[2.55036,41.86092],[2.544,41.8604],[2.54372,41.86172],[2.54196,41.86027],[2.53683,41.86088],[2.53388,41.8656],[2.53169,41.86647],[2.53146,41.86871],[2.5273,41.87152],[2.52335,41.87131],[2.52168,41.87272],[2.51559,41.87071],[2.51606,41.86731],[2.51338,41.86379],[2.51286,41.85875],[2.51087,41.85707],[2.51079,41.85239],[2.51433,41.84977],[2.51221,41.84691],[2.51392,41.84471],[2.50495,41.84795],[2.49407,41.84715],[2.48135,41.84857],[2.47553,41.85246],[2.46598,41.85512],[2.46479,41.86021],[2.44006,41.86023],[2.43789,41.85494],[2.43541,41.85381],[2.43082,41.85337],[2.42274,41.85491],[2.42179,41.85066],[2.41844,41.85035],[2.41801,41.84966]]]}},{"type":"Feature","properties":{"mun_code":"17202","mun_name":"Tossa de Mar","mun_name_local":null,"prov_code":"17","prov_name":"Girona","acom_code":"09","acom_name":"Cataluña","geo_point_2d":{"lon":2.9149903665187127,"lat":41.74183999614707}},"geometry":{"type":"MultiPolygon","coordinates":[[[[2.8712,41.77277],[2.88281,41.76461],[2.88623,41.75626],[2.86738,41.74541],[2.881,41.73231],[2.87896,41.72026],[2.88265,41.72142],[2.88841,41.71961],[2.8914,41.7148],[2.89039,41.70635],[2.89944,41.70508],[2.89907,41.7072],[2.90257,41.70997],[2.90571,41.71044],[2.91219,41.70783],[2.91604,41.70939],[2.91554,41.71029],[2.91956,41.71293],[2.92436,41.71199],[2.92949,41.71509],[2.93448,41.71505],[2.93503,41.71728],[2.93363,41.7184],[2.93495,41.72043],[2.93732,41.72184],[2.93956,41.72146],[2.94117,41.72537],[2.94462,41.72543],[2.94783,41.72782],[2.94849,41.72999],[2.94689,41.73026],[2.95106,41.73113],[2.95124,41.73301],[2.95379,41.73107],[2.95374,41.7369],[2.95847,41.7357],[2.95784,41.73657],[2.9602,41.73763],[2.95766,41.73803],[2.95795,41.74031],[2.96498,41.74494],[2.97115,41.75308],[2.96754,41.75302],[2.96506,41.75545],[2.96326,41.7553],[2.96326,41.75655],[2.96061,41.75656],[2.95975,41.75933],[2.95633,41.76076],[2.95693,41.76288],[2.95011,41.76834],[2.94049,41.76064],[2.92819,41.75752],[2.91611,41.7679],[2.90937,41.77042],[2.90238,41.77242],[2.88264,41.77363],[2.8712,41.77277]]]]}},{"type":"Feature","properties":{"mun_code":"17212","mun_name":"Vidrà","mun_name_local":null,"prov_code":"17","prov_name":"Girona","acom_code":"09","acom_name":"Cataluña","geo_point_2d":{"lon":2.327517939962677,"lat":42.14222827748771}},"geometry":{"type":"Polygon","coordinates":[[[2.26489,42.16418],[2.26826,42.16208],[2.27077,42.16313],[2.27699,42.16219],[2.27642,42.1579],[2.28134,42.16013],[2.28165,42.15713],[2.2912,42.15689],[2.28566,42.15237],[2.27699,42.14958],[2.28781,42.14991],[2.28857,42.14827],[2.29004,42.15007],[2.29742,42.15148],[2.29189,42.14772],[2.28592,42.14008],[2.28121,42.14067],[2.27661,42.13726],[2.27864,42.13437],[2.28661,42.13336],[2.29177,42.12937],[2.29425,42.13179],[2.29997,42.13376],[2.30028,42.1297],[2.30321,42.1271],[2.30154,42.12582],[2.30212,42.12244],[2.29991,42.12183],[2.30101,42.11881],[2.29845,42.1158],[2.30072,42.11558],[2.30374,42.11234],[2.29412,42.1058],[2.29538,42.10264],[2.31015,42.11035],[2.31757,42.11093],[2.31653,42.11182],[2.31821,42.11376],[2.31584,42.11349],[2.31581,42.11449],[2.31887,42.11445],[2.32084,42.1168],[2.33604,42.11688],[2.34124,42.1185],[2.34183,42.12081],[2.34429,42.12122],[2.35634,42.11925],[2.36323,42.12105],[2.3656,42.12094],[2.36912,42.11586],[2.37148,42.11568],[2.38106,42.12368],[2.3743,42.12888],[2.36869,42.12855],[2.35077,42.13767],[2.34878,42.14385],[2.35057,42.15008],[2.35732,42.15387],[2.35813,42.15883],[2.36043,42.16023],[2.36337,42.16066],[2.36549,42.15949],[2.36764,42.16159],[2.37262,42.16149],[2.37518,42.16624],[2.3771,42.16408],[2.37983,42.16495],[2.3813,42.16247],[2.38447,42.1635],[2.38599,42.16687],[2.3788,42.17092],[2.37574,42.16951],[2.37117,42.1761],[2.36119,42.17151],[2.35386,42.17186],[2.34539,42.16824],[2.33997,42.16888],[2.32785,42.16257],[2.31378,42.16258],[2.30821,42.15853],[2.30497,42.15781],[2.29696,42.16584],[2.29417,42.1644],[2.29012,42.1657],[2.28668,42.16378],[2.28068,42.16619],[2.27535,42.16415],[2.2662,42.16417],[2.26489,42.16418]]]}},{"type":"Feature","properties":{"mun_code":"17026","mun_name":"Borrassà","mun_name_local":null,"prov_code":"17","prov_name":"Girona","acom_code":"09","acom_name":"Cataluña","geo_point_2d":{"lon":2.930563767671012,"lat":42.217819198632235}},"geometry":{"type":"Polygon","coordinates":[[[2.90952,42.22526],[2.91291,42.22321],[2.91331,42.21962],[2.91578,42.21692],[2.91354,42.21476],[2.91583,42.20208],[2.91692,42.20126],[2.93148,42.20184],[2.93351,42.1987],[2.93893,42.20129],[2.9445,42.20813],[2.95289,42.22531],[2.94471,42.22705],[2.93952,42.234],[2.93558,42.23586],[2.93235,42.23465],[2.92891,42.23568],[2.92815,42.23345],[2.91995,42.23251],[2.91579,42.22786],[2.91106,42.22881],[2.9101,42.22724],[2.90952,42.22526]]]}},{"type":"Feature","properties":{"mun_code":"17086","mun_name":"La Jonquera","mun_name_local":null,"prov_code":"17","prov_name":"Girona","acom_code":"09","acom_name":"Cataluña","geo_point_2d":{"lon":2.9032917773778983,"lat":42.4396403936402}},"geometry":{"type":"Polygon","coordinates":[[[2.81775,42.43987],[2.82088,42.43666],[2.83101,42.43147],[2.83152,42.4296],[2.84058,42.42223],[2.84548,42.42332],[2.84759,42.42585],[2.84942,42.42484],[2.84906,42.42619],[2.85201,42.42751],[2.85591,42.42377],[2.85907,42.42475],[2.8596,42.42335],[2.86536,42.42379],[2.86625,42.42184],[2.86116,42.41916],[2.86282,42.41438],[2.86617,42.41333],[2.86523,42.41285],[2.87016,42.40646],[2.87249,42.40531],[2.87567,42.4062],[2.87961,42.39626],[2.88172,42.39441],[2.88503,42.39435],[2.88908,42.3874],[2.89191,42.38881],[2.89713,42.38615],[2.90414,42.38927],[2.9175,42.39886],[2.90769,42.41183],[2.90453,42.41963],[2.90203,42.43262],[2.9031,42.43426],[2.90154,42.43651],[2.90424,42.44273],[2.90988,42.44569],[2.91368,42.44553],[2.91861,42.45065],[2.92003,42.45056],[2.92494,42.44624],[2.92621,42.44255],[2.93354,42.44013],[2.94171,42.43128],[2.94519,42.43076],[2.94668,42.42917],[2.96315,42.43597],[2.97071,42.43549],[2.97438,42.44052],[2.9785,42.44184],[2.98039,42.44547],[2.98787,42.44981],[2.98804,42.45481],[2.98237,42.46627],[2.97618,42.46759],[2.96724,42.46545],[2.96048,42.47339],[2.95087,42.47806],[2.94709,42.48212],[2.94534,42.47992],[2.93882,42.47763],[2.93493,42.47446],[2.93184,42.47468],[2.92486,42.46381],[2.92461,42.45861],[2.91842,42.4562],[2.9108,42.45774],[2.90408,42.45712],[2.89915,42.46004],[2.8919,42.46187],[2.88886,42.46196],[2.88594,42.45983],[2.88245,42.46043],[2.87626,42.46559],[2.87033,42.46773],[2.8635,42.46398],[2.8643,42.4597],[2.86142,42.45528],[2.85289,42.45494],[2.83962,42.45926],[2.83276,42.45284],[2.8334,42.44821],[2.8273,42.43927],[2.81871,42.44046],[2.81775,42.43987]]]}},{"type":"Feature","properties":{"mun_code":"17020","mun_name":"Bescanó","mun_name_local":null,"prov_code":"17","prov_name":"Girona","acom_code":"09","acom_name":"Cataluña","geo_point_2d":{"lon":2.7166622968683676,"lat":41.953122443312715}},"geometry":{"type":"Polygon","coordinates":[[[2.66132,41.96305],[2.65966,41.95889],[2.66556,41.95201],[2.67262,41.94824],[2.68034,41.94897],[2.68739,41.94289],[2.69723,41.93753],[2.69825,41.93428],[2.70228,41.93108],[2.69934,41.9239],[2.71747,41.9219],[2.72653,41.92369],[2.734,41.92316],[2.74447,41.92456],[2.74669,41.92691],[2.74737,41.92599],[2.74886,41.93814],[2.75777,41.95358],[2.76689,41.95914],[2.76861,41.96169],[2.77621,41.96262],[2.778,41.96489],[2.77664,41.96776],[2.77389,41.96662],[2.7725,41.97063],[2.76413,41.96989],[2.75715,41.97106],[2.75285,41.97063],[2.7499,41.96876],[2.7328,41.97111],[2.72395,41.96931],[2.71979,41.97213],[2.71477,41.98025],[2.70958,41.98226],[2.69858,41.98022],[2.69396,41.97582],[2.68673,41.97726],[2.6809,41.97481],[2.67282,41.97379],[2.67238,41.96577],[2.66529,41.96505],[2.66196,41.96317],[2.66132,41.96305]]]}},{"type":"Feature","properties":{"mun_code":"17003","mun_name":"Albanyà","mun_name_local":null,"prov_code":"17","prov_name":"Girona","acom_code":"09","acom_name":"Cataluña","geo_point_2d":{"lon":2.6624925985230146,"lat":42.31822954931754}},"geometry":{"type":"Polygon","coordinates":[[[2.54231,42.33397],[2.55124,42.3285],[2.55624,42.32303],[2.56204,42.31946],[2.56217,42.31769],[2.57816,42.32152],[2.58065,42.32631],[2.59177,42.32785],[2.61404,42.31856],[2.61212,42.31485],[2.61551,42.31306],[2.61768,42.30685],[2.62458,42.31144],[2.63078,42.31281],[2.63234,42.30526],[2.62954,42.3029],[2.63009,42.30011],[2.62789,42.29597],[2.6446,42.29778],[2.65681,42.29618],[2.65951,42.28955],[2.66301,42.28722],[2.66616,42.28187],[2.66428,42.27761],[2.66747,42.27212],[2.66129,42.2697],[2.66086,42.26779],[2.66357,42.26779],[2.66408,42.26645],[2.66165,42.26549],[2.67144,42.26337],[2.67061,42.25942],[2.67255,42.25689],[2.67694,42.26019],[2.67241,42.26259],[2.67581,42.26343],[2.6903,42.26265],[2.68323,42.26824],[2.67666,42.27073],[2.6798,42.27216],[2.69606,42.27391],[2.7088,42.267],[2.70627,42.25962],[2.70253,42.25873],[2.70118,42.25458],[2.70232,42.24945],[2.71824,42.25081],[2.72209,42.24672],[2.72719,42.25022],[2.72647,42.25478],[2.72916,42.26318],[2.73342,42.26623],[2.7302,42.27322],[2.72767,42.27395],[2.72189,42.28067],[2.72106,42.28801],[2.71569,42.29025],[2.71283,42.29547],[2.72098,42.29951],[2.73702,42.29975],[2.73477,42.3149],[2.73585,42.31906],[2.73157,42.31713],[2.72671,42.31887],[2.71251,42.31781],[2.70967,42.31901],[2.71047,42.32104],[2.70821,42.32332],[2.70563,42.32343],[2.71001,42.32849],[2.71446,42.32999],[2.71834,42.33001],[2.72177,42.3317],[2.73252,42.33055],[2.73379,42.33239],[2.74179,42.33475],[2.74218,42.33705],[2.75119,42.34064],[2.75047,42.3416],[2.74417,42.34243],[2.74421,42.34087],[2.74088,42.34003],[2.73002,42.3437],[2.7268,42.34254],[2.72359,42.34768],[2.72485,42.3515],[2.7059,42.35982],[2.69943,42.36093],[2.69514,42.3601],[2.6902,42.36292],[2.68658,42.36295],[2.68209,42.36732],[2.67514,42.36822],[2.66928,42.37148],[2.6672,42.37518],[2.65919,42.37968],[2.66276,42.37219],[2.66088,42.36601],[2.66399,42.36465],[2.66508,42.36254],[2.67002,42.3619],[2.67401,42.35892],[2.67309,42.35759],[2.67517,42.35695],[2.67545,42.34232],[2.67165,42.34075],[2.65485,42.34138],[2.65457,42.34316],[2.65084,42.34414],[2.63479,42.34385],[2.63286,42.345],[2.63331,42.34631],[2.63136,42.34668],[2.62551,42.3454],[2.61624,42.34578],[2.61018,42.34686],[2.60804,42.34863],[2.60124,42.34922],[2.59935,42.35205],[2.58843,42.35444],[2.58669,42.35729],[2.57101,42.35806],[2.5685,42.35624],[2.56195,42.35711],[2.56178,42.35523],[2.55952,42.35424],[2.55634,42.35319],[2.55426,42.35387],[2.55438,42.34575],[2.5516,42.34448],[2.55202,42.34253],[2.54968,42.3417],[2.54854,42.33927],[2.54459,42.33899],[2.54229,42.33422],[2.54231,42.33397]]]}},{"type":"Feature","properties":{"mun_code":"17211","mun_name":"Verges","mun_name_local":null,"prov_code":"17","prov_name":"Girona","acom_code":"09","acom_name":"Cataluña","geo_point_2d":{"lon":3.0430370575460026,"lat":42.068055845697856}},"geometry":{"type":"Polygon","coordinates":[[[3.02107,42.087],[3.02229,42.078],[3.02716,42.06899],[3.02725,42.05898],[3.03528,42.05791],[3.05865,42.04705],[3.05567,42.05133],[3.06496,42.05661],[3.07008,42.06686],[3.06887,42.06894],[3.06047,42.06812],[3.05548,42.07308],[3.05199,42.0707],[3.0484,42.07068],[3.04579,42.07879],[3.04265,42.07923],[3.03985,42.08175],[3.03809,42.08661],[3.03426,42.08932],[3.03176,42.08791],[3.0261,42.08907],[3.02145,42.08721],[3.02107,42.087]]]}},{"type":"Feature","properties":{"mun_code":"17028","mun_name":"Brunyola i Sant Martí Sapresa","mun_name_local":null,"prov_code":"17","prov_name":"Girona","acom_code":"09","acom_name":"Cataluña","geo_point_2d":{"lon":2.6720151082174404,"lat":41.91226690714615}},"geometry":{"type":"Polygon","coordinates":[[[2.61343,41.91342],[2.61834,41.90798],[2.62508,41.90749],[2.63242,41.90133],[2.64183,41.89925],[2.64507,41.89669],[2.65063,41.89512],[2.65545,41.88981],[2.6632,41.89046],[2.67354,41.88772],[2.69792,41.87661],[2.70211,41.87963],[2.71056,41.90036],[2.71465,41.90289],[2.71824,41.90855],[2.7158,41.91412],[2.71737,41.91899],[2.71511,41.91938],[2.7136,41.92182],[2.70702,41.91837],[2.7003,41.92055],[2.69934,41.9239],[2.70232,41.93074],[2.70118,41.93274],[2.69825,41.93428],[2.69723,41.93753],[2.68739,41.94289],[2.68034,41.94897],[2.67262,41.94824],[2.67579,41.94171],[2.67034,41.93782],[2.66346,41.93834],[2.66158,41.93991],[2.6609,41.93754],[2.65136,41.93622],[2.64676,41.92825],[2.64079,41.92965],[2.62937,41.92002],[2.61702,41.92336],[2.61678,41.92511],[2.61343,41.91795],[2.61343,41.91342]]]}},{"type":"Feature","properties":{"mun_code":"17024","mun_name":"Bolvir","mun_name_local":null,"prov_code":"17","prov_name":"Girona","acom_code":"09","acom_name":"Cataluña","geo_point_2d":{"lon":1.8825327451160585,"lat":42.41652899867655}},"geometry":{"type":"Polygon","coordinates":[[[1.85135,42.44291],[1.85039,42.44059],[1.85349,42.43569],[1.85058,42.43248],[1.86368,42.42817],[1.86858,42.41847],[1.86756,42.40092],[1.87871,42.40238],[1.89256,42.40179],[1.89328,42.39965],[1.89877,42.39804],[1.91069,42.40129],[1.91237,42.40709],[1.90311,42.41084],[1.89918,42.42481],[1.87717,42.43113],[1.86971,42.43172],[1.85161,42.44309],[1.85135,42.44291]]]}},{"type":"Feature","properties":{"mun_code":"17208","mun_name":"La Vall de Bianya","mun_name_local":null,"prov_code":"17","prov_name":"Girona","acom_code":"09","acom_name":"Cataluña","geo_point_2d":{"lon":2.4336659502599525,"lat":42.237704660469014}},"geometry":{"type":"MultiPolygon","coordinates":[[[[2.50294,42.19586],[2.50969,42.2002],[2.5063,42.20282],[2.5071,42.20484],[2.50352,42.20582],[2.50493,42.20818],[2.49435,42.20548],[2.50105,42.19997],[2.50009,42.19771],[2.50234,42.19582],[2.50294,42.19586]]],[[[2.37566,42.26505],[2.38206,42.25582],[2.38527,42.25577],[2.38524,42.25445],[2.38321,42.25285],[2.37304,42.2523],[2.36938,42.24825],[2.36438,42.24848],[2.36054,42.24567],[2.35121,42.24474],[2.34432,42.24126],[2.34315,42.23907],[2.34513,42.23355],[2.34418,42.23158],[2.34837,42.22769],[2.35614,42.2274],[2.35951,42.22575],[2.36228,42.22806],[2.36891,42.22762],[2.37478,42.22961],[2.37565,42.22853],[2.37621,42.22441],[2.36996,42.21581],[2.3671,42.21421],[2.36531,42.20363],[2.3752,42.20406],[2.40095,42.20149],[2.40845,42.1978],[2.41621,42.1986],[2.43418,42.19763],[2.4428,42.19901],[2.44995,42.19752],[2.45767,42.19828],[2.46231,42.20149],[2.46949,42.19873],[2.47159,42.19979],[2.4816,42.19513],[2.4867,42.19842],[2.48762,42.19727],[2.4902,42.19812],[2.49004,42.20206],[2.49236,42.20515],[2.49051,42.20803],[2.48733,42.20677],[2.48495,42.20881],[2.4833,42.21249],[2.48574,42.21426],[2.4861,42.21654],[2.48215,42.21617],[2.48153,42.21761],[2.48434,42.22076],[2.49017,42.22284],[2.49727,42.2316],[2.50559,42.23097],[2.51707,42.22784],[2.53285,42.23304],[2.53001,42.23411],[2.5268,42.23859],[2.52462,42.23879],[2.52476,42.24031],[2.52122,42.24083],[2.51459,42.24753],[2.50936,42.24758],[2.49736,42.25199],[2.49151,42.26034],[2.47555,42.26337],[2.47151,42.26606],[2.46781,42.27649],[2.45898,42.28203],[2.45099,42.28316],[2.45006,42.28115],[2.44552,42.28059],[2.44185,42.28554],[2.43767,42.28627],[2.43488,42.28471],[2.43086,42.28771],[2.42776,42.2841],[2.42261,42.28603],[2.41504,42.2868],[2.40632,42.28187],[2.40613,42.2742],[2.39919,42.27173],[2.3885,42.272],[2.38372,42.2701],[2.37566,42.26505]]]]}},{"type":"Feature","properties":{"mun_code":"17029","mun_name":"Boadella i les Escaules","mun_name_local":null,"prov_code":"17","prov_name":"Girona","acom_code":"09","acom_name":"Cataluña","geo_point_2d":{"lon":2.866480367122863,"lat":42.32912412031963}},"geometry":{"type":"Polygon","coordinates":[[[2.83727,42.33956],[2.83567,42.33753],[2.83765,42.32952],[2.85074,42.32365],[2.85673,42.32244],[2.86584,42.32282],[2.86789,42.31936],[2.87042,42.31898],[2.87943,42.31028],[2.88613,42.30973],[2.88665,42.31174],[2.89349,42.31217],[2.89766,42.31586],[2.89663,42.31951],[2.89906,42.31941],[2.89798,42.32191],[2.89979,42.32561],[2.89255,42.32779],[2.88907,42.32706],[2.88505,42.32962],[2.8812,42.32994],[2.87529,42.33432],[2.87307,42.33455],[2.8717,42.34006],[2.86938,42.33956],[2.85941,42.34654],[2.85323,42.34769],[2.84642,42.34653],[2.84297,42.34536],[2.83847,42.34107],[2.83727,42.33956]]]}},{"type":"Feature","properties":{"mun_code":"17159","mun_name":"Sant Feliu de Buixalleu","mun_name_local":null,"prov_code":"17","prov_name":"Girona","acom_code":"09","acom_name":"Cataluña","geo_point_2d":{"lon":2.5869056594147555,"lat":41.78127117319183}},"geometry":{"type":"Polygon","coordinates":[[[2.53449,41.78321],[2.5353,41.77894],[2.54116,41.77168],[2.54329,41.77149],[2.54755,41.76804],[2.5531,41.76888],[2.56284,41.76634],[2.56214,41.76145],[2.55992,41.75886],[2.56133,41.7554],[2.56544,41.75305],[2.56812,41.749],[2.5681,41.74546],[2.57049,41.74159],[2.56903,41.73065],[2.57173,41.72622],[2.57708,41.72447],[2.59293,41.72871],[2.60369,41.72731],[2.61072,41.73055],[2.62058,41.7317],[2.6147,41.74002],[2.62388,41.74383],[2.63277,41.75298],[2.62622,41.75874],[2.62382,41.76556],[2.61803,41.76904],[2.61766,41.77501],[2.62158,41.7805],[2.61961,41.78296],[2.61705,41.7836],[2.61794,41.78958],[2.62574,41.80075],[2.62036,41.80496],[2.61509,41.81876],[2.60781,41.82905],[2.60076,41.83067],[2.5952,41.83013],[2.58972,41.83412],[2.57216,41.83484],[2.57186,41.83616],[2.56119,41.83468],[2.55738,41.8353],[2.55802,41.82536],[2.55439,41.81427],[2.55574,41.80469],[2.55153,41.79386],[2.54876,41.7935],[2.54254,41.78944],[2.54051,41.78313],[2.53449,41.78321]]]}},{"type":"Feature","properties":{"mun_code":"17171","mun_name":"Sant Llorenç de la Muga","mun_name_local":null,"prov_code":"17","prov_name":"Girona","acom_code":"09","acom_name":"Cataluña","geo_point_2d":{"lon":2.7698707912008977,"lat":42.32590506790987}},"geometry":{"type":"Polygon","coordinates":[[[2.73702,42.29975],[2.74629,42.30204],[2.74719,42.29969],[2.7551,42.30241],[2.75714,42.30095],[2.79381,42.3074],[2.80174,42.31183],[2.80571,42.31242],[2.82182,42.33592],[2.82724,42.34103],[2.82425,42.34238],[2.8151,42.34125],[2.79516,42.3453],[2.79091,42.34797],[2.78978,42.35088],[2.78241,42.35445],[2.76525,42.34968],[2.75894,42.34512],[2.75844,42.34322],[2.75344,42.34296],[2.75052,42.34029],[2.74218,42.33705],[2.74179,42.33475],[2.73379,42.33239],[2.73252,42.33055],[2.72177,42.3317],[2.71001,42.32849],[2.70563,42.32343],[2.70821,42.32332],[2.71047,42.32104],[2.70967,42.31901],[2.71251,42.31781],[2.72671,42.31887],[2.73157,42.31713],[2.73585,42.31906],[2.73477,42.3149],[2.73664,42.30421],[2.73702,42.29975]]]}},{"type":"Feature","properties":{"mun_code":"17148","mun_name":"Riudarenes","mun_name_local":null,"prov_code":"17","prov_name":"Girona","acom_code":"09","acom_name":"Cataluña","geo_point_2d":{"lon":2.67186559937699,"lat":41.821818936484746}},"geometry":{"type":"Polygon","coordinates":[[[2.60781,41.82905],[2.61509,41.81876],[2.62036,41.80496],[2.62574,41.80075],[2.63665,41.80211],[2.63741,41.80044],[2.64468,41.79931],[2.65445,41.80254],[2.67318,41.7989],[2.6752,41.79335],[2.67841,41.79019],[2.67956,41.78331],[2.6913,41.79335],[2.70305,41.79486],[2.70711,41.79949],[2.71888,41.805],[2.72915,41.81267],[2.73238,41.818],[2.7316,41.82158],[2.7342,41.8292],[2.73189,41.82961],[2.73156,41.83277],[2.71809,41.83716],[2.7176,41.83882],[2.71897,41.83936],[2.71265,41.84079],[2.71238,41.84452],[2.71037,41.84662],[2.70239,41.85006],[2.69377,41.84581],[2.68044,41.84206],[2.67817,41.84264],[2.67177,41.83927],[2.66612,41.84356],[2.66002,41.8436],[2.65711,41.84532],[2.64903,41.8467],[2.65061,41.84806],[2.64952,41.8493],[2.64359,41.84838],[2.64278,41.85041],[2.63965,41.85157],[2.63713,41.85012],[2.62776,41.85037],[2.62278,41.83854],[2.62688,41.83423],[2.61844,41.83623],[2.60888,41.82929],[2.60781,41.82905]]]}},{"type":"Feature","properties":{"mun_code":"17011","mun_name":"L'Armentera","mun_name_local":null,"prov_code":"17","prov_name":"Girona","acom_code":"09","acom_name":"Cataluña","geo_point_2d":{"lon":3.0850104445877014,"lat":42.16596607201973}},"geometry":{"type":"Polygon","coordinates":[[[3.06306,42.17906],[3.07375,42.16245],[3.07972,42.15842],[3.08384,42.14931],[3.10083,42.15252],[3.09996,42.15393],[3.1039,42.15486],[3.10413,42.15592],[3.10664,42.15523],[3.10765,42.15302],[3.11012,42.15403],[3.11109,42.1579],[3.10707,42.16075],[3.10286,42.16137],[3.09567,42.15863],[3.08748,42.16035],[3.08759,42.16784],[3.09299,42.17149],[3.09103,42.17567],[3.09125,42.18211],[3.08537,42.18067],[3.0812,42.18152],[3.07756,42.17867],[3.06614,42.17922],[3.06306,42.17906]]]}},{"type":"Feature","properties":{"mun_code":"17084","mun_name":"Isòvol","mun_name_local":null,"prov_code":"17","prov_name":"Girona","acom_code":"09","acom_name":"Cataluña","geo_point_2d":{"lon":1.8236875010492677,"lat":42.39133387261822}},"geometry":{"type":"Polygon","coordinates":[[[1.80723,42.41808],[1.81101,42.41114],[1.8051,42.40799],[1.8085,42.39382],[1.80005,42.37799],[1.80151,42.37515],[1.80462,42.37542],[1.80604,42.37009],[1.80933,42.36976],[1.82239,42.37786],[1.82815,42.37934],[1.82999,42.38141],[1.83205,42.37869],[1.83412,42.38282],[1.83674,42.3835],[1.84137,42.38772],[1.84511,42.38803],[1.85176,42.39123],[1.85309,42.39361],[1.85871,42.39343],[1.85382,42.39819],[1.83358,42.40432],[1.82846,42.40406],[1.82529,42.40124],[1.82042,42.40619],[1.8175,42.40539],[1.81551,42.40854],[1.81238,42.4101],[1.81141,42.41399],[1.80723,42.41808]]]}},{"type":"Feature","properties":{"mun_code":"17138","mun_name":"Portbou","mun_name_local":null,"prov_code":"17","prov_name":"Girona","acom_code":"09","acom_name":"Cataluña","geo_point_2d":{"lon":3.138122093308635,"lat":42.42696168140645}},"geometry":{"type":"Polygon","coordinates":[[[3.16873,42.42004],[3.1701,42.42514],[3.16667,42.42499],[3.16055,42.42798],[3.16429,42.43044],[3.16909,42.43005],[3.17151,42.43337],[3.17479,42.43376],[3.17459,42.43537],[3.16378,42.43611],[3.15627,42.43417],[3.15322,42.43574],[3.14491,42.43302],[3.13804,42.43547],[3.1257,42.43485],[3.12229,42.43608],[3.12094,42.43823],[3.11719,42.43618],[3.10961,42.43519],[3.10251,42.42818],[3.10267,42.42659],[3.11002,42.42451],[3.11377,42.41908],[3.13295,42.41997],[3.13836,42.41856],[3.14251,42.41544],[3.16746,42.41977],[3.16873,42.42004]]]}},{"type":"Feature","properties":{"mun_code":"17076","mun_name":"Garrigoles","mun_name_local":null,"prov_code":"17","prov_name":"Girona","acom_code":"09","acom_name":"Cataluña","geo_point_2d":{"lon":3.0240144814135457,"lat":42.10602407368779}},"geometry":{"type":"Polygon","coordinates":[[[3.00372,42.09197],[3.00705,42.09157],[3.01114,42.09345],[3.02107,42.087],[3.0261,42.08907],[3.03176,42.08791],[3.03426,42.08932],[3.03465,42.09882],[3.03899,42.10244],[3.0414,42.10734],[3.04023,42.11092],[3.04506,42.11109],[3.04179,42.11675],[3.03025,42.12541],[3.02239,42.12747],[3.0183,42.12726],[3.02042,42.12284],[3.01588,42.11069],[3.01118,42.11156],[3.0096,42.11071],[3.00837,42.11188],[3.00526,42.10986],[3.00669,42.09892],[3.00323,42.09507],[3.0033,42.09233],[3.00372,42.09197]]]}},{"type":"Feature","properties":{"mun_code":"17077","mun_name":"Garriguella","mun_name_local":null,"prov_code":"17","prov_name":"Girona","acom_code":"09","acom_name":"Cataluña","geo_point_2d":{"lon":3.0625003564854336,"lat":42.34361941152744}},"geometry":{"type":"Polygon","coordinates":[[[3.0246,42.32734],[3.03461,42.32815],[3.04719,42.31439],[3.04955,42.31803],[3.05161,42.3162],[3.05564,42.31901],[3.06123,42.31945],[3.0661,42.31804],[3.07588,42.32416],[3.07811,42.32411],[3.07888,42.33002],[3.08344,42.33376],[3.08263,42.33667],[3.08556,42.34417],[3.08867,42.34783],[3.0935,42.34887],[3.09623,42.35161],[3.09037,42.36159],[3.09135,42.3671],[3.08646,42.37277],[3.06778,42.36571],[3.04741,42.36728],[3.04732,42.36094],[3.04369,42.35874],[3.04624,42.35485],[3.04468,42.35214],[3.04636,42.34917],[3.04277,42.34604],[3.03546,42.34327],[3.03435,42.34421],[3.03444,42.34091],[3.02997,42.34],[3.02738,42.3364],[3.03223,42.33394],[3.0281,42.33252],[3.02498,42.32766],[3.0246,42.32734]]]}},{"type":"Feature","properties":{"mun_code":"17141","mun_name":"Puigcerdà","mun_name_local":null,"prov_code":"17","prov_name":"Girona","acom_code":"09","acom_name":"Cataluña","geo_point_2d":{"lon":1.9385390464415808,"lat":42.41596475914946}},"geometry":{"type":"Polygon","coordinates":[[[1.89968,42.42022],[1.90311,42.41084],[1.91237,42.40709],[1.91905,42.41145],[1.93182,42.41188],[1.94329,42.41411],[1.94516,42.41071],[1.94576,42.39418],[1.95208,42.38831],[1.96296,42.37175],[1.96767,42.3683],[1.96738,42.36664],[1.97786,42.36458],[1.98042,42.36246],[1.98581,42.36216],[1.97924,42.37136],[1.97248,42.37336],[1.9647,42.382],[1.96479,42.38786],[1.96012,42.39308],[1.96083,42.40397],[1.95486,42.4115],[1.95857,42.42343],[1.95267,42.42675],[1.94519,42.42814],[1.94079,42.43042],[1.94293,42.44504],[1.93668,42.45441],[1.93281,42.45497],[1.92067,42.44707],[1.91566,42.44617],[1.91139,42.44771],[1.90903,42.44724],[1.91719,42.43639],[1.91763,42.43163],[1.91529,42.42318],[1.89968,42.42022]]]}},{"type":"Feature","properties":{"mun_code":"17152","mun_name":"Roses","mun_name_local":null,"prov_code":"17","prov_name":"Girona","acom_code":"09","acom_name":"Cataluña","geo_point_2d":{"lon":3.1997265616585198,"lat":42.27125740252652}},"geometry":{"type":"MultiPolygon","coordinates":[[[[3.17433,42.30739],[3.16522,42.29874],[3.16196,42.29918],[3.15942,42.2957],[3.14925,42.28929],[3.13814,42.27592],[3.13138,42.27013],[3.13686,42.27054],[3.13633,42.26833],[3.13817,42.26641],[3.14599,42.26292],[3.15095,42.25729],[3.15169,42.26007],[3.15884,42.26324],[3.16542,42.2646],[3.17254,42.26387],[3.17466,42.26125],[3.17156,42.25987],[3.17497,42.26132],[3.17285,42.25942],[3.17526,42.2607],[3.17995,42.25808],[3.17849,42.25781],[3.18009,42.25791],[3.17794,42.2576],[3.18105,42.2571],[3.1781,42.25585],[3.17895,42.2525],[3.17847,42.25537],[3.18111,42.25579],[3.18111,42.25204],[3.18005,42.25104],[3.17681,42.25151],[3.18164,42.25083],[3.18114,42.24626],[3.18365,42.24491],[3.19661,42.24701],[3.19773,42.24269],[3.20299,42.24166],[3.20292,42.23992],[3.20476,42.2412],[3.20776,42.24052],[3.20904,42.23925],[3.20757,42.23719],[3.212,42.2374],[3.2183,42.23229],[3.22099,42.23399],[3.2205,42.23651],[3.22635,42.2374],[3.22467,42.23954],[3.22895,42.24032],[3.22597,42.2438],[3.23092,42.24505],[3.22683,42.24908],[3.22925,42.25148],[3.23714,42.24762],[3.23895,42.25086],[3.24346,42.24976],[3.24949,42.24062],[3.25923,42.23889],[3.26163,42.23709],[3.26423,42.23781],[3.26608,42.24357],[3.25662,42.24362],[3.25291,42.24629],[3.25636,42.24896],[3.25357,42.25204],[3.25438,42.25558],[3.24986,42.25814],[3.2475,42.26868],[3.25062,42.27115],[3.24904,42.27436],[3.24133,42.27757],[3.24436,42.28417],[3.23807,42.29252],[3.23785,42.29863],[3.21398,42.28874],[3.21068,42.2898],[3.20606,42.29712],[3.20432,42.29674],[3.20182,42.29882],[3.19705,42.29863],[3.19598,42.30083],[3.19009,42.30262],[3.17955,42.30197],[3.17807,42.30562],[3.17484,42.30728],[3.17433,42.30739]]]]}},{"type":"Feature","properties":{"mun_code":"17901","mun_name":"Cruïlles, Monells i Sant Sadurní de l'Heura","mun_name_local":null,"prov_code":"17","prov_name":"Girona","acom_code":"09","acom_name":"Cataluña","geo_point_2d":{"lon":2.9818881235528796,"lat":41.923636879572115}},"geometry":{"type":"Polygon","coordinates":[[[2.88545,41.90942],[2.89483,41.90141],[2.90599,41.90251],[2.93631,41.89794],[2.94642,41.88708],[2.95647,41.88473],[2.98633,41.88485],[3.00004,41.8773],[3.02196,41.86871],[3.04506,41.87221],[3.05983,41.87985],[3.06301,41.88481],[3.05871,41.8894],[3.05332,41.90106],[3.03311,41.90571],[3.0337,41.90956],[3.03075,41.91058],[3.03146,41.91357],[3.02538,41.9164],[3.02165,41.92195],[3.02225,41.9265],[3.02503,41.92815],[3.02967,41.9355],[3.02598,41.94098],[3.02461,41.94675],[3.02795,41.94909],[3.02736,41.95457],[3.03098,41.96228],[3.02836,41.97118],[3.02246,41.97033],[3.0122,41.97192],[3.013,41.97324],[3.01043,41.97952],[2.99563,41.9904],[2.98873,41.99023],[2.98174,41.98371],[2.97555,41.98275],[2.97561,41.97805],[2.96819,41.97515],[2.94967,41.97297],[2.94507,41.96608],[2.94833,41.9621],[2.9462,41.9548],[2.94907,41.94794],[2.94518,41.94738],[2.94654,41.93944],[2.93566,41.93991],[2.9285,41.9375],[2.92193,41.93702],[2.92089,41.93348],[2.91346,41.92998],[2.91174,41.93154],[2.91194,41.93507],[2.89788,41.9329],[2.90228,41.91897],[2.89286,41.91427],[2.88545,41.90942]]]}},{"type":"Feature","properties":{"mun_code":"17221","mun_name":"Vilafant","mun_name_local":null,"prov_code":"17","prov_name":"Girona","acom_code":"09","acom_name":"Cataluña","geo_point_2d":{"lon":2.9450562275967114,"lat":42.249525738585646}},"geometry":{"type":"Polygon","coordinates":[[[2.92858,42.27304],[2.93593,42.26283],[2.92702,42.24485],[2.93045,42.23569],[2.93235,42.23465],[2.93558,42.23586],[2.93983,42.23328],[2.94395,42.23714],[2.95394,42.23688],[2.95585,42.23882],[2.96851,42.23762],[2.97058,42.24081],[2.96935,42.24603],[2.96761,42.24557],[2.96666,42.24714],[2.96352,42.24645],[2.96464,42.24801],[2.95856,42.2517],[2.95287,42.26064],[2.95122,42.25991],[2.94912,42.26322],[2.9375,42.26863],[2.93682,42.27224],[2.93093,42.27519],[2.92808,42.27358],[2.92858,42.27304]]]}},{"type":"Feature","properties":{"mun_code":"17018","mun_name":"Bellcaire d'Empordà","mun_name_local":null,"prov_code":"17","prov_name":"Girona","acom_code":"09","acom_name":"Cataluña","geo_point_2d":{"lon":3.103812976512305,"lat":42.0867393048218}},"geometry":{"type":"Polygon","coordinates":[[[3.07834,42.08986],[3.0764,42.0867],[3.07317,42.08608],[3.07108,42.08399],[3.07637,42.0765],[3.0811,42.07668],[3.08062,42.07396],[3.08208,42.07275],[3.07867,42.07051],[3.07944,42.06923],[3.08316,42.06827],[3.09081,42.06193],[3.09315,42.0615],[3.10151,42.06381],[3.10259,42.0642],[3.10069,42.06473],[3.09955,42.07524],[3.10194,42.0802],[3.10652,42.0821],[3.1313,42.0828],[3.13279,42.08472],[3.12986,42.10765],[3.12725,42.10828],[3.11358,42.10363],[3.10069,42.10179],[3.08947,42.09119],[3.0841,42.08976],[3.07834,42.08986]]]}},{"type":"Feature","properties":{"mun_code":"17004","mun_name":"Albons","mun_name_local":null,"prov_code":"17","prov_name":"Girona","acom_code":"09","acom_name":"Cataluña","geo_point_2d":{"lon":3.0809341541434283,"lat":42.10730705814626}},"geometry":{"type":"Polygon","coordinates":[[[3.05015,42.10969],[3.05743,42.09881],[3.06288,42.09779],[3.06681,42.09804],[3.06697,42.09927],[3.07099,42.09855],[3.07106,42.09678],[3.07634,42.09363],[3.0748,42.09039],[3.07834,42.08986],[3.08947,42.09119],[3.10069,42.10179],[3.10838,42.10295],[3.10565,42.11301],[3.10763,42.11679],[3.09714,42.11877],[3.09477,42.12665],[3.09068,42.1255],[3.09037,42.12128],[3.07661,42.11871],[3.07611,42.11667],[3.07459,42.11662],[3.07389,42.1184],[3.06347,42.117],[3.05907,42.11446],[3.05224,42.11367],[3.04974,42.11094],[3.05015,42.10969]]]}},{"type":"Feature","properties":{"mun_code":"17068","mun_name":"Foixà","mun_name_local":null,"prov_code":"17","prov_name":"Girona","acom_code":"09","acom_name":"Cataluña","geo_point_2d":{"lon":3.000571805503104,"lat":42.050501441374344}},"geometry":{"type":"Polygon","coordinates":[[[2.97268,42.06098],[2.97975,42.04965],[2.97938,42.03597],[2.9812,42.03184],[2.98808,42.02939],[2.98773,42.0282],[2.9903,42.02744],[2.9929,42.0239],[2.99626,42.02811],[3.01616,42.02916],[3.01896,42.02763],[3.02179,42.02731],[3.02371,42.02896],[3.02548,42.02782],[3.0236,42.03428],[3.0258,42.0412],[3.03477,42.05131],[3.04213,42.05421],[3.03528,42.05791],[3.02903,42.05896],[3.00049,42.05608],[3.00437,42.06868],[2.99037,42.07714],[2.98459,42.08259],[2.97799,42.08503],[2.97643,42.08241],[2.97891,42.07703],[2.9778,42.06717],[2.97319,42.06181],[2.97268,42.06098]]]}},{"type":"Feature","properties":{"mun_code":"17232","mun_name":"Vilopriu","mun_name_local":null,"prov_code":"17","prov_name":"Girona","acom_code":"09","acom_name":"Cataluña","geo_point_2d":{"lon":2.9874580753227478,"lat":42.10938009707959}},"geometry":{"type":"Polygon","coordinates":[[[2.95191,42.09776],[2.95775,42.09754],[2.9587,42.09258],[2.96889,42.08502],[2.9702,42.07918],[2.97193,42.08033],[2.97103,42.08324],[2.97436,42.08603],[2.97352,42.08813],[2.97598,42.08879],[2.97587,42.09047],[2.97741,42.09031],[2.97689,42.0958],[2.98899,42.09126],[2.99763,42.09309],[3.00372,42.09197],[3.00323,42.09507],[3.00669,42.09892],[3.00526,42.10986],[3.00837,42.11188],[3.0096,42.11071],[3.01118,42.11156],[3.01577,42.11056],[3.02042,42.12284],[3.01457,42.13072],[3.01423,42.1334],[3.0084,42.13536],[3.00422,42.14047],[3.00204,42.14009],[3.00061,42.13791],[3.00129,42.13505],[2.99554,42.1343],[2.99874,42.1302],[2.99557,42.12953],[2.99504,42.12331],[2.98151,42.1188],[2.97524,42.1151],[2.9626,42.11451],[2.96021,42.11224],[2.95427,42.11213],[2.95201,42.09847],[2.95191,42.09776]]]}},{"type":"Feature","properties":{"mun_code":"17164","mun_name":"Sant Hilari Sacalm","mun_name_local":null,"prov_code":"17","prov_name":"Girona","acom_code":"09","acom_name":"Cataluña","geo_point_2d":{"lon":2.501241537103285,"lat":41.90202273146095}},"geometry":{"type":"Polygon","coordinates":[[[2.44316,41.88824],[2.4445,41.88471],[2.45322,41.87961],[2.454,41.86942],[2.44624,41.85968],[2.45099,41.8608],[2.46479,41.86021],[2.46598,41.85512],[2.47553,41.85246],[2.48135,41.84857],[2.49407,41.84715],[2.50495,41.84795],[2.51392,41.84471],[2.51221,41.84691],[2.51433,41.84977],[2.51098,41.85208],[2.51066,41.85557],[2.51606,41.86731],[2.51618,41.87127],[2.52168,41.87272],[2.52335,41.87131],[2.52799,41.8712],[2.53754,41.86066],[2.54196,41.86027],[2.54372,41.86172],[2.544,41.8604],[2.55036,41.86092],[2.56097,41.87884],[2.57099,41.87586],[2.58222,41.8794],[2.58434,41.8788],[2.58622,41.87943],[2.58595,41.88084],[2.58734,41.87978],[2.59041,41.88115],[2.59482,41.88864],[2.58001,41.89297],[2.57612,41.8969],[2.57756,41.89981],[2.54191,41.91108],[2.53331,41.92312],[2.49628,41.92975],[2.5049,41.94235],[2.49699,41.94516],[2.49628,41.94734],[2.49226,41.94837],[2.49459,41.95186],[2.4896,41.95863],[2.49105,41.96172],[2.48787,41.96981],[2.48376,41.97277],[2.48021,41.97873],[2.47536,41.97755],[2.47235,41.97531],[2.47174,41.97207],[2.47431,41.96934],[2.46521,41.96675],[2.46144,41.96789],[2.45682,41.96605],[2.45577,41.96789],[2.45204,41.96605],[2.44934,41.96989],[2.44134,41.96806],[2.44278,41.97169],[2.43869,41.97355],[2.43344,41.97256],[2.43087,41.96904],[2.42728,41.96895],[2.42905,41.96569],[2.43237,41.96573],[2.43949,41.96315],[2.44144,41.95991],[2.44211,41.95449],[2.43813,41.95142],[2.43676,41.94797],[2.44004,41.94681],[2.44027,41.94351],[2.44238,41.94143],[2.44491,41.94183],[2.44606,41.94385],[2.45111,41.94369],[2.4548,41.9408],[2.45673,41.94327],[2.46051,41.94384],[2.46235,41.93825],[2.4704,41.93926],[2.47996,41.92924],[2.47908,41.92461],[2.4805,41.92302],[2.47848,41.91912],[2.48104,41.91606],[2.47482,41.91481],[2.47252,41.90941],[2.46996,41.9088],[2.46813,41.90599],[2.46895,41.90457],[2.45994,41.90206],[2.45909,41.8984],[2.45668,41.89683],[2.44651,41.89507],[2.44625,41.89026],[2.44341,41.88853],[2.44316,41.88824]]]}},{"type":"Feature","properties":{"mun_code":"17083","mun_name":"Hostalric","mun_name_local":null,"prov_code":"17","prov_name":"Girona","acom_code":"09","acom_name":"Cataluña","geo_point_2d":{"lon":2.6304066662181973,"lat":41.74093665362519}},"geometry":{"type":"Polygon","coordinates":[[[2.62058,41.7317],[2.62832,41.73086],[2.63689,41.73327],[2.63863,41.7353],[2.63939,41.74288],[2.64682,41.74454],[2.64116,41.75002],[2.63277,41.75298],[2.62388,41.74383],[2.6147,41.74002],[2.61565,41.73867],[2.62058,41.7317]]]}},{"type":"Feature","properties":{"mun_code":"17187","mun_name":"Saus, Camallera i Llampaies","mun_name_local":null,"prov_code":"17","prov_name":"Girona","acom_code":"09","acom_name":"Cataluña","geo_point_2d":{"lon":2.9612887052256545,"lat":42.12594926564553}},"geometry":{"type":"Polygon","coordinates":[[[2.92628,42.11681],[2.9315,42.11369],[2.93359,42.1155],[2.93845,42.11642],[2.94308,42.11404],[2.96021,42.11224],[2.96152,42.11436],[2.97524,42.1151],[2.98151,42.1188],[2.99504,42.12331],[2.99557,42.12953],[2.99869,42.13045],[2.99573,42.13417],[2.99014,42.13699],[2.97693,42.13964],[2.97621,42.14222],[2.97132,42.14578],[2.97086,42.14094],[2.9628,42.1357],[2.96373,42.1327],[2.96229,42.13217],[2.96692,42.12707],[2.96133,42.12429],[2.95212,42.12288],[2.94616,42.12472],[2.94754,42.13612],[2.94578,42.13996],[2.94265,42.13325],[2.94339,42.13067],[2.93863,42.13217],[2.93995,42.13527],[2.93597,42.13509],[2.93161,42.13241],[2.92671,42.13175],[2.92298,42.12905],[2.92696,42.12276],[2.92646,42.12076],[2.92628,42.11681]]]}},{"type":"Feature","properties":{"mun_code":"17128","mun_name":"Pau","mun_name_local":null,"prov_code":"17","prov_name":"Girona","acom_code":"09","acom_name":"Cataluña","geo_point_2d":{"lon":3.1138109527030746,"lat":42.30914761343676}},"geometry":{"type":"Polygon","coordinates":[[[3.09098,42.29589],[3.09681,42.29188],[3.09954,42.28597],[3.10502,42.28855],[3.10913,42.28586],[3.12157,42.2999],[3.12107,42.30498],[3.12772,42.3068],[3.13187,42.31279],[3.13208,42.31668],[3.13565,42.31786],[3.14155,42.32428],[3.14781,42.32338],[3.14303,42.32573],[3.14042,42.32523],[3.13848,42.32921],[3.1339,42.32929],[3.11879,42.32468],[3.10928,42.3257],[3.1066,42.32368],[3.1035,42.31684],[3.09823,42.31264],[3.09933,42.31213],[3.09319,42.31089],[3.09195,42.30951],[3.09506,42.29791],[3.09098,42.29589]]]}},{"type":"Feature","properties":{"mun_code":"17080","mun_name":"Gombrèn","mun_name_local":null,"prov_code":"17","prov_name":"Girona","acom_code":"09","acom_name":"Cataluña","geo_point_2d":{"lon":2.070281244158504,"lat":42.250651746459134}},"geometry":{"type":"Polygon","coordinates":[[[2.02869,42.25173],[2.02988,42.24453],[2.02483,42.23877],[2.02489,42.23282],[2.02124,42.23128],[2.01703,42.23218],[2.01912,42.22845],[2.02307,42.2267],[2.02994,42.21568],[2.03802,42.22047],[2.0473,42.22121],[2.07638,42.21452],[2.08007,42.21652],[2.08695,42.21771],[2.09486,42.22201],[2.09444,42.22496],[2.09631,42.2265],[2.09773,42.23319],[2.09614,42.23598],[2.09868,42.23783],[2.09669,42.23989],[2.09684,42.24438],[2.10005,42.24772],[2.10306,42.24584],[2.1046,42.25214],[2.1177,42.26006],[2.12459,42.27452],[2.09807,42.28126],[2.08838,42.28654],[2.08353,42.28512],[2.077,42.28656],[2.06976,42.29116],[2.06985,42.28712],[2.06764,42.28379],[2.05378,42.27927],[2.05182,42.27438],[2.0479,42.27411],[2.04245,42.26934],[2.04046,42.26021],[2.03112,42.25636],[2.02802,42.25267],[2.02907,42.25215],[2.02869,42.25173]]]}},{"type":"Feature","properties":{"mun_code":"17180","mun_name":"Santa Coloma de Farners","mun_name_local":null,"prov_code":"17","prov_name":"Girona","acom_code":"09","acom_name":"Cataluña","geo_point_2d":{"lon":2.6253253674161847,"lat":41.868623519680945}},"geometry":{"type":"Polygon","coordinates":[[[2.55036,41.86092],[2.55604,41.85074],[2.56378,41.84372],[2.5669,41.84352],[2.56774,41.84176],[2.57866,41.83845],[2.58264,41.83421],[2.59026,41.83395],[2.59576,41.82998],[2.60076,41.83067],[2.60781,41.82905],[2.61134,41.83004],[2.612,41.83203],[2.61757,41.83453],[2.61844,41.83623],[2.62688,41.83423],[2.62278,41.83854],[2.62776,41.85037],[2.63713,41.85012],[2.63965,41.85157],[2.64278,41.85041],[2.64359,41.84838],[2.64916,41.84944],[2.65061,41.84806],[2.64903,41.8467],[2.65711,41.84532],[2.66002,41.8436],[2.66612,41.84356],[2.67177,41.83927],[2.67817,41.84264],[2.68044,41.84206],[2.69377,41.84581],[2.70239,41.85006],[2.7004,41.85192],[2.70211,41.85421],[2.7021,41.85959],[2.70584,41.86294],[2.70697,41.87381],[2.70198,41.88015],[2.69792,41.87661],[2.67354,41.88772],[2.6632,41.89046],[2.65545,41.88981],[2.65063,41.89512],[2.64507,41.89669],[2.64183,41.89925],[2.63242,41.90133],[2.62508,41.90749],[2.61834,41.90798],[2.61343,41.91342],[2.60837,41.91066],[2.60009,41.91017],[2.59536,41.91158],[2.58794,41.9106],[2.58456,41.90835],[2.58248,41.90284],[2.57756,41.89981],[2.57612,41.8969],[2.58001,41.89297],[2.59482,41.88864],[2.59041,41.88115],[2.58734,41.87978],[2.58595,41.88084],[2.58622,41.87943],[2.58434,41.8788],[2.58222,41.8794],[2.57099,41.87586],[2.56097,41.87884],[2.55614,41.86972],[2.55036,41.86092]]]}},{"type":"Feature","properties":{"mun_code":"17095","mun_name":"Lloret de Mar","mun_name_local":null,"prov_code":"17","prov_name":"Girona","acom_code":"09","acom_name":"Cataluña","geo_point_2d":{"lon":2.8346094291278736,"lat":41.7224649250369}},"geometry":{"type":"MultiPolygon","coordinates":[[[[2.78934,41.73886],[2.78608,41.73877],[2.77603,41.73495],[2.77706,41.73073],[2.78188,41.72797],[2.78511,41.721],[2.78673,41.71066],[2.78982,41.70456],[2.80655,41.6909],[2.81658,41.68631],[2.8194,41.68886],[2.83006,41.69138],[2.83367,41.69423],[2.83672,41.69432],[2.83848,41.69272],[2.8424,41.69362],[2.84346,41.6951],[2.84521,41.69493],[2.84615,41.69714],[2.85453,41.70001],[2.85871,41.6998],[2.85952,41.69867],[2.8647,41.69946],[2.86554,41.69835],[2.87353,41.70174],[2.87839,41.70118],[2.88113,41.70404],[2.88066,41.70298],[2.88526,41.7037],[2.88743,41.70157],[2.8901,41.70353],[2.89682,41.70448],[2.89039,41.70635],[2.8914,41.7148],[2.88841,41.71961],[2.88265,41.72142],[2.87896,41.72026],[2.881,41.73231],[2.86738,41.74541],[2.86961,41.74607],[2.84873,41.76227],[2.83907,41.75674],[2.80787,41.7441],[2.79932,41.74227],[2.78934,41.73886]]]]}},{"type":"Feature","properties":{"mun_code":"17206","mun_name":"Urús","mun_name_local":null,"prov_code":"17","prov_name":"Girona","acom_code":"09","acom_name":"Cataluña","geo_point_2d":{"lon":1.8591795125742077,"lat":42.33073047138221}},"geometry":{"type":"Polygon","coordinates":[[[1.83471,42.35515],[1.83896,42.34967],[1.83575,42.34021],[1.83938,42.33918],[1.83528,42.3335],[1.83563,42.32984],[1.8336,42.3274],[1.83542,42.32486],[1.835,42.31933],[1.84249,42.30631],[1.85056,42.31068],[1.85781,42.31068],[1.86141,42.31315],[1.86385,42.31099],[1.87371,42.31357],[1.87915,42.31268],[1.88305,42.31485],[1.88344,42.31713],[1.89112,42.31738],[1.89312,42.3187],[1.88647,42.33345],[1.88757,42.33569],[1.88645,42.33742],[1.8776,42.34127],[1.87296,42.34036],[1.87019,42.34168],[1.86341,42.34711],[1.86154,42.35349],[1.84595,42.35933],[1.8453,42.35508],[1.84191,42.35513],[1.83471,42.35515]]]}},{"type":"Feature","properties":{"mun_code":"17199","mun_name":"Torroella de Montgrí","mun_name_local":null,"prov_code":"17","prov_name":"Girona","acom_code":"09","acom_name":"Cataluña","geo_point_2d":{"lon":3.1607048906118016,"lat":42.057267733424666}},"geometry":{"type":"MultiPolygon","coordinates":[[[[3.22508,42.04265],[3.22712,42.04478],[3.22414,42.04437],[3.22465,42.04295],[3.22508,42.04265]]],[[[3.22296,42.04488],[3.2269,42.04779],[3.22464,42.05002],[3.21902,42.04808],[3.22286,42.04501],[3.22296,42.04488]]],[[[3.20566,42.07343],[3.20528,42.07436],[3.20503,42.07342],[3.20566,42.07343]]],[[[3.13211,42.09831],[3.13279,42.08472],[3.1313,42.0828],[3.10604,42.08201],[3.10194,42.0802],[3.09955,42.07524],[3.10069,42.06473],[3.10923,42.06379],[3.12728,42.05429],[3.12612,42.04933],[3.12086,42.047],[3.11585,42.03914],[3.12616,42.03429],[3.12875,42.02995],[3.13968,42.02488],[3.14449,42.0095],[3.14735,42.00574],[3.15388,42.00261],[3.16444,42.00683],[3.16548,42.00428],[3.16781,42.00427],[3.17784,42.01044],[3.18249,42.01018],[3.19154,42.00679],[3.19676,42.00836],[3.19455,42.02406],[3.19676,42.04261],[3.19961,42.05035],[3.20188,42.05178],[3.20403,42.05065],[3.20529,42.05165],[3.20405,42.0509],[3.20125,42.05344],[3.20327,42.05311],[3.20414,42.05451],[3.20686,42.05382],[3.20391,42.05227],[3.20778,42.05357],[3.20677,42.05068],[3.20869,42.05305],[3.21203,42.05408],[3.21109,42.05544],[3.2137,42.05955],[3.21261,42.0602],[3.2145,42.06093],[3.20995,42.06204],[3.21083,42.06364],[3.20911,42.06582],[3.21098,42.06751],[3.212,42.06686],[3.21222,42.06884],[3.20275,42.07349],[3.20429,42.07458],[3.19886,42.07771],[3.19865,42.08014],[3.20247,42.08128],[3.20218,42.08229],[3.20083,42.08266],[3.20002,42.0814],[3.19841,42.08356],[3.19506,42.08327],[3.19543,42.08669],[3.19241,42.08954],[3.19276,42.09102],[3.19155,42.09051],[3.19047,42.09463],[3.18791,42.09545],[3.18783,42.09811],[3.1846,42.09917],[3.18504,42.10158],[3.18177,42.10529],[3.17946,42.10281],[3.17717,42.10374],[3.1745,42.10253],[3.16954,42.10533],[3.16977,42.1081],[3.16131,42.10885],[3.15425,42.10441],[3.13311,42.09853],[3.13211,42.09831]]]]}},{"type":"Feature","properties":{"mun_code":"17036","mun_name":"Campdevànol","mun_name_local":null,"prov_code":"17","prov_name":"Girona","acom_code":"09","acom_name":"Cataluña","geo_point_2d":{"lon":2.1391932105155096,"lat":42.2371524138958}},"geometry":{"type":"Polygon","coordinates":[[[2.09486,42.22201],[2.10582,42.21841],[2.10994,42.21827],[2.11488,42.21535],[2.1172,42.21585],[2.12408,42.21396],[2.12981,42.20862],[2.13808,42.20739],[2.14168,42.2086],[2.14212,42.21186],[2.14556,42.21402],[2.14629,42.21688],[2.1492,42.21768],[2.15164,42.2203],[2.15951,42.21919],[2.16239,42.21639],[2.16462,42.21707],[2.16746,42.21525],[2.16875,42.21973],[2.17662,42.22156],[2.18357,42.23066],[2.18652,42.2309],[2.1897,42.23435],[2.19053,42.23911],[2.19426,42.24359],[2.19383,42.24626],[2.19088,42.24794],[2.19092,42.24929],[2.18851,42.24873],[2.18748,42.25041],[2.17246,42.25021],[2.16436,42.24775],[2.16358,42.24946],[2.1653,42.25012],[2.16132,42.25136],[2.13926,42.25437],[2.13688,42.25696],[2.13919,42.26379],[2.1319,42.27254],[2.12459,42.27452],[2.1177,42.26006],[2.1046,42.25214],[2.10306,42.24584],[2.10005,42.24772],[2.09684,42.24438],[2.09669,42.23989],[2.09868,42.23783],[2.09614,42.23598],[2.09773,42.23319],[2.09631,42.2265],[2.09444,42.22496],[2.09513,42.22274],[2.09486,42.22201]]]}},{"type":"Feature","properties":{"mun_code":"17230","mun_name":"Vila-sacra","mun_name_local":null,"prov_code":"17","prov_name":"Girona","acom_code":"09","acom_name":"Cataluña","geo_point_2d":{"lon":3.020970406631688,"lat":42.262260184258906}},"geometry":{"type":"Polygon","coordinates":[[[2.99932,42.26442],[3.00163,42.26],[3.00654,42.25669],[3.00637,42.25464],[3.01106,42.25403],[3.01638,42.2495],[3.02733,42.25431],[3.0319,42.25318],[3.03944,42.25754],[3.04648,42.25969],[3.04126,42.26083],[3.02978,42.2741],[3.02798,42.27334],[3.02607,42.27464],[3.01803,42.27375],[3.01671,42.27157],[3.01156,42.26937],[3.00609,42.2694],[2.99993,42.26451],[2.99932,42.26442]]]}},{"type":"Feature","properties":{"mun_code":"17058","mun_name":"Crespià","mun_name_local":null,"prov_code":"17","prov_name":"Girona","acom_code":"09","acom_name":"Cataluña","geo_point_2d":{"lon":2.7994287753448077,"lat":42.19293137161347}},"geometry":{"type":"Polygon","coordinates":[[[2.77078,42.18967],[2.77605,42.18914],[2.78249,42.18293],[2.79363,42.18405],[2.79952,42.17683],[2.80747,42.17952],[2.81046,42.17761],[2.81371,42.18009],[2.81616,42.18476],[2.82804,42.18311],[2.83352,42.18925],[2.83408,42.19829],[2.83283,42.20052],[2.83511,42.20189],[2.83337,42.20222],[2.831,42.19922],[2.8283,42.19996],[2.82842,42.20161],[2.82548,42.20219],[2.82222,42.20053],[2.82287,42.19904],[2.82123,42.19925],[2.82113,42.19825],[2.81667,42.19999],[2.8133,42.19882],[2.81137,42.20085],[2.8064,42.20208],[2.79856,42.19867],[2.78622,42.19878],[2.78276,42.20135],[2.78484,42.20506],[2.77918,42.21231],[2.77031,42.20606],[2.76884,42.20633],[2.7664,42.2033],[2.76759,42.1927],[2.77,42.19166],[2.77078,42.18967]]]}},{"type":"Feature","properties":{"mun_code":"17019","mun_name":"Besalú","mun_name_local":null,"prov_code":"17","prov_name":"Girona","acom_code":"09","acom_name":"Cataluña","geo_point_2d":{"lon":2.6981734521401246,"lat":42.20149220081474}},"geometry":{"type":"Polygon","coordinates":[[[2.68858,42.2099],[2.68734,42.20939],[2.68821,42.20798],[2.68303,42.20779],[2.67478,42.20243],[2.68558,42.19759],[2.68655,42.19549],[2.68977,42.19501],[2.69173,42.19285],[2.70707,42.19278],[2.71112,42.19413],[2.71262,42.19679],[2.71685,42.19694],[2.71719,42.20282],[2.70867,42.20969],[2.70439,42.20799],[2.69937,42.21062],[2.69239,42.20764],[2.68958,42.21043],[2.68858,42.2099]]]}},{"type":"Feature","properties":{"mun_code":"17065","mun_name":"Esponellà","mun_name_local":null,"prov_code":"17","prov_name":"Girona","acom_code":"09","acom_name":"Cataluña","geo_point_2d":{"lon":2.801193784543884,"lat":42.17130468873944}},"geometry":{"type":"Polygon","coordinates":[[[2.76892,42.15847],[2.77141,42.15868],[2.79789,42.1496],[2.79882,42.15143],[2.79587,42.15513],[2.79994,42.16293],[2.80161,42.16086],[2.8033,42.16119],[2.80736,42.16908],[2.80916,42.16912],[2.81376,42.16321],[2.81598,42.16265],[2.81925,42.16683],[2.82238,42.16465],[2.82402,42.16595],[2.83105,42.16669],[2.83832,42.16402],[2.84683,42.16321],[2.84906,42.16536],[2.84663,42.16891],[2.84779,42.18024],[2.84143,42.1812],[2.8333,42.17919],[2.82788,42.18302],[2.81616,42.18476],[2.81371,42.18009],[2.81046,42.17761],[2.80747,42.17952],[2.79973,42.17679],[2.79363,42.18405],[2.78249,42.18293],[2.77605,42.18914],[2.7692,42.18946],[2.77077,42.18572],[2.76549,42.18307],[2.76702,42.18071],[2.76653,42.17016],[2.7695,42.1643],[2.76866,42.15865],[2.76892,42.15847]]]}},{"type":"Feature","properties":{"mun_code":"17190","mun_name":"Serinyà","mun_name_local":null,"prov_code":"17","prov_name":"Girona","acom_code":"09","acom_name":"Cataluña","geo_point_2d":{"lon":2.737910205968124,"lat":42.16742325175184}},"geometry":{"type":"Polygon","coordinates":[[[2.70205,42.15429],[2.70793,42.15609],[2.71404,42.15493],[2.7202,42.15939],[2.72007,42.15728],[2.72246,42.15706],[2.72149,42.15604],[2.72343,42.15637],[2.72548,42.1549],[2.72739,42.14963],[2.72594,42.14731],[2.73332,42.14625],[2.7408,42.14679],[2.7401,42.14556],[2.74234,42.1452],[2.74573,42.14624],[2.74841,42.15391],[2.76892,42.15847],[2.7695,42.1643],[2.76653,42.17016],[2.76702,42.18071],[2.76549,42.18307],[2.77077,42.18572],[2.76944,42.18727],[2.7705,42.18815],[2.7692,42.18946],[2.76423,42.18674],[2.75619,42.18574],[2.74088,42.18093],[2.73518,42.18169],[2.72402,42.18648],[2.71065,42.17493],[2.70449,42.17409],[2.70614,42.16059],[2.70097,42.15635],[2.70205,42.15429]]]}},{"type":"Feature","properties":{"mun_code":"17214","mun_name":"Vilabertran","mun_name_local":null,"prov_code":"17","prov_name":"Girona","acom_code":"09","acom_name":"Cataluña","geo_point_2d":{"lon":2.981281719498124,"lat":42.28333967606997}},"geometry":{"type":"Polygon","coordinates":[[[2.96916,42.27696],[2.97681,42.27504],[2.98636,42.2774],[2.99134,42.28113],[2.99001,42.28917],[2.986,42.29204],[2.98213,42.29062],[2.97535,42.29056],[2.96924,42.2771],[2.96916,42.27696]]]}},{"type":"Feature","properties":{"mun_code":"17234","mun_name":"Biure","mun_name_local":null,"prov_code":"17","prov_name":"Girona","acom_code":"09","acom_name":"Cataluña","geo_point_2d":{"lon":2.9017670582247743,"lat":42.33974379878822}},"geometry":{"type":"Polygon","coordinates":[[[2.87123,42.34033],[2.87307,42.33455],[2.87529,42.33432],[2.8812,42.32994],[2.88505,42.32962],[2.88907,42.32706],[2.89255,42.32779],[2.89979,42.32561],[2.90042,42.32736],[2.91116,42.33171],[2.925,42.33121],[2.92566,42.33605],[2.93184,42.33472],[2.93491,42.33266],[2.9418,42.33162],[2.93406,42.33852],[2.91608,42.3479],[2.91363,42.35232],[2.90894,42.35496],[2.90196,42.35655],[2.90156,42.35506],[2.89569,42.35246],[2.89627,42.34978],[2.89452,42.34884],[2.87774,42.3464],[2.8733,42.34164],[2.87123,42.34033]]]}},{"type":"Feature","properties":{"mun_code":"17186","mun_name":"Sarrià de Ter","mun_name_local":null,"prov_code":"17","prov_name":"Girona","acom_code":"09","acom_name":"Cataluña","geo_point_2d":{"lon":2.8123475598987757,"lat":42.01395639157461}},"geometry":{"type":"Polygon","coordinates":[[[2.80241,42.02525],[2.80171,42.02426],[2.80445,42.02182],[2.79891,42.01346],[2.80278,42.00448],[2.80447,42.00282],[2.81097,42.00437],[2.81255,41.99952],[2.81529,41.99891],[2.81684,41.99962],[2.81672,42.00168],[2.81998,42.00249],[2.81763,42.00849],[2.82727,42.01544],[2.82796,42.02036],[2.82379,42.02038],[2.82242,42.02249],[2.808,42.02601],[2.80241,42.02525]]]}},{"type":"Feature","properties":{"mun_code":"17116","mun_name":"Osor","mun_name_local":null,"prov_code":"17","prov_name":"Girona","acom_code":"09","acom_name":"Cataluña","geo_point_2d":{"lon":2.562671024830541,"lat":41.94177260562406}},"geometry":{"type":"Polygon","coordinates":[[[2.5049,41.94235],[2.49628,41.92975],[2.53331,41.92312],[2.54191,41.91108],[2.57756,41.89981],[2.58248,41.90284],[2.58314,41.9068],[2.58794,41.9106],[2.59536,41.91158],[2.60009,41.91017],[2.60837,41.91066],[2.61343,41.91342],[2.61343,41.91795],[2.61796,41.92625],[2.61772,41.92996],[2.61364,41.93686],[2.59991,41.94722],[2.60055,41.95196],[2.60449,41.9545],[2.60492,41.95757],[2.59255,41.96351],[2.58619,41.96208],[2.57133,41.96268],[2.56875,41.96909],[2.56189,41.97091],[2.56303,41.9779],[2.5599,41.976],[2.55184,41.98407],[2.5555,41.98992],[2.55141,41.99056],[2.54903,41.99727],[2.54328,42.00058],[2.53919,41.99422],[2.53596,41.99358],[2.5361,41.9921],[2.5294,41.99089],[2.5243,41.98371],[2.52585,41.97862],[2.53178,41.97381],[2.52979,41.97372],[2.53237,41.96874],[2.5346,41.96744],[2.53365,41.96608],[2.5353,41.96327],[2.53842,41.96208],[2.53629,41.96077],[2.53842,41.95547],[2.53623,41.95686],[2.53388,41.95583],[2.53014,41.95893],[2.52352,41.95751],[2.52664,41.9544],[2.52622,41.94923],[2.52453,41.94838],[2.52767,41.94704],[2.52907,41.94318],[2.53108,41.94251],[2.52978,41.93834],[2.525,41.9384],[2.5223,41.93668],[2.51522,41.93673],[2.50514,41.94188],[2.5049,41.94235]]]}},{"type":"Feature","properties":{"mun_code":"17129","mun_name":"Pedret i Marzà","mun_name_local":null,"prov_code":"17","prov_name":"Girona","acom_code":"09","acom_name":"Cataluña","geo_point_2d":{"lon":3.069890878080786,"lat":42.30694310377149}},"geometry":{"type":"Polygon","coordinates":[[[3.04719,42.31439],[3.05216,42.29712],[3.06008,42.29228],[3.06995,42.29669],[3.08387,42.29662],[3.08761,42.29789],[3.09036,42.29559],[3.09506,42.29791],[3.09376,42.30579],[3.09062,42.31063],[3.08372,42.31523],[3.07968,42.31611],[3.07588,42.32362],[3.0661,42.31804],[3.06123,42.31945],[3.05564,42.31901],[3.05161,42.3162],[3.04955,42.31803],[3.04915,42.31631],[3.04719,42.31439]]]}},{"type":"Feature","properties":{"mun_code":"17154","mun_name":"Sales de Llierca","mun_name_local":null,"prov_code":"17","prov_name":"Girona","acom_code":"09","acom_name":"Cataluña","geo_point_2d":{"lon":2.6350231444771275,"lat":42.26513114432182}},"geometry":{"type":"Polygon","coordinates":[[[2.59497,42.25174],[2.61967,42.26307],[2.62998,42.26524],[2.63822,42.26189],[2.6343,42.25601],[2.63205,42.24748],[2.63415,42.24267],[2.63868,42.23928],[2.64021,42.23518],[2.63862,42.23473],[2.64185,42.22907],[2.64209,42.22522],[2.64541,42.22459],[2.64935,42.22028],[2.65345,42.21939],[2.65217,42.21653],[2.66203,42.21351],[2.66281,42.2172],[2.66007,42.22007],[2.66216,42.22019],[2.65997,42.22494],[2.66314,42.22644],[2.66129,42.22936],[2.66476,42.23563],[2.66819,42.23589],[2.67161,42.24603],[2.67714,42.24747],[2.67929,42.25035],[2.6762,42.25351],[2.67208,42.25508],[2.67384,42.25675],[2.67104,42.25799],[2.67144,42.26337],[2.66165,42.26549],[2.66408,42.26645],[2.66357,42.26779],[2.66086,42.26779],[2.66129,42.2697],[2.66747,42.27212],[2.66428,42.27761],[2.66616,42.28187],[2.66301,42.28722],[2.65951,42.28955],[2.65681,42.29618],[2.64376,42.29772],[2.63864,42.29633],[2.62664,42.29607],[2.6229,42.29363],[2.60644,42.29295],[2.59608,42.29068],[2.59319,42.28631],[2.58976,42.28449],[2.59024,42.269],[2.58018,42.26454],[2.5813,42.25923],[2.58598,42.25809],[2.5863,42.25471],[2.59001,42.25554],[2.59268,42.25309],[2.59497,42.25174]]]}},{"type":"Feature","properties":{"mun_code":"17166","mun_name":"Sant Jordi Desvalls","mun_name_local":null,"prov_code":"17","prov_name":"Girona","acom_code":"09","acom_name":"Cataluña","geo_point_2d":{"lon":2.9538487039315373,"lat":42.073831639885704}},"geometry":{"type":"Polygon","coordinates":[[[2.93306,42.07471],[2.93234,42.07182],[2.93569,42.06231],[2.93962,42.05629],[2.94377,42.05658],[2.94952,42.05217],[2.95296,42.05295],[2.95428,42.05731],[2.95842,42.05897],[2.95955,42.0608],[2.96509,42.05685],[2.96879,42.05761],[2.97765,42.06653],[2.9781,42.07299],[2.97289,42.07303],[2.971,42.0746],[2.96889,42.08502],[2.9587,42.09258],[2.95775,42.09754],[2.95191,42.09776],[2.94316,42.09195],[2.93334,42.07498],[2.93306,42.07471]]]}},{"type":"Feature","properties":{"mun_code":"17027","mun_name":"Breda","mun_name_local":null,"prov_code":"17","prov_name":"Girona","acom_code":"09","acom_name":"Cataluña","geo_point_2d":{"lon":2.556520082379255,"lat":41.75325487137849}},"geometry":{"type":"Polygon","coordinates":[[[2.54755,41.76804],[2.54209,41.7681],[2.53771,41.76128],[2.5432,41.75697],[2.54954,41.75521],[2.55289,41.75158],[2.54907,41.7507],[2.55205,41.74749],[2.55417,41.74135],[2.55852,41.74009],[2.56903,41.73065],[2.57049,41.74159],[2.5681,41.74546],[2.56812,41.749],[2.56544,41.75305],[2.56133,41.7554],[2.55992,41.75886],[2.56347,41.76527],[2.56258,41.76652],[2.54969,41.76875],[2.54755,41.76804]]]}},{"type":"Feature","properties":{"mun_code":"17100","mun_name":"Masarac","mun_name_local":null,"prov_code":"17","prov_name":"Girona","acom_code":"09","acom_name":"Cataluña","geo_point_2d":{"lon":2.9629836217239194,"lat":42.34336284342472}},"geometry":{"type":"Polygon","coordinates":[[[2.93292,42.33882],[2.94067,42.33204],[2.94944,42.33231],[2.95347,42.33023],[2.96305,42.32948],[2.97801,42.32172],[2.97394,42.33558],[2.98057,42.3334],[2.98661,42.33515],[2.98736,42.3405],[2.99333,42.34667],[2.99295,42.35294],[2.99108,42.35538],[2.97459,42.35831],[2.96406,42.35281],[2.94623,42.35707],[2.93747,42.35277],[2.93223,42.34621],[2.9325,42.34029],[2.93292,42.33882]]]}},{"type":"Feature","properties":{"mun_code":"17139","mun_name":"Les Preses","mun_name_local":null,"prov_code":"17","prov_name":"Girona","acom_code":"09","acom_name":"Cataluña","geo_point_2d":{"lon":2.473987744224841,"lat":42.14738835136522}},"geometry":{"type":"Polygon","coordinates":[[[2.45833,42.16107],[2.45724,42.15955],[2.45931,42.15831],[2.45905,42.15641],[2.46178,42.1555],[2.46097,42.15094],[2.46208,42.15047],[2.45856,42.14676],[2.45847,42.13981],[2.45462,42.13954],[2.45374,42.1383],[2.45491,42.13775],[2.45396,42.13375],[2.46472,42.13162],[2.4691,42.12914],[2.47742,42.13346],[2.48107,42.13693],[2.49199,42.13507],[2.49791,42.13629],[2.4942,42.14439],[2.49602,42.15001],[2.49089,42.15176],[2.48186,42.15809],[2.48039,42.16272],[2.47166,42.164],[2.46915,42.16876],[2.46456,42.16577],[2.46188,42.1673],[2.45818,42.16533],[2.45875,42.16129],[2.45833,42.16107]]]}},{"type":"Feature","properties":{"mun_code":"17073","mun_name":"Fornells de la Selva","mun_name_local":null,"prov_code":"17","prov_name":"Girona","acom_code":"09","acom_name":"Cataluña","geo_point_2d":{"lon":2.811748807589075,"lat":41.927939857565626}},"geometry":{"type":"Polygon","coordinates":[[[2.79226,41.91074],[2.79972,41.91189],[2.80371,41.91436],[2.81888,41.91108],[2.81904,41.91266],[2.82212,41.91418],[2.82538,41.91365],[2.82831,41.91476],[2.83008,41.91376],[2.83615,41.9166],[2.83466,41.92154],[2.83957,41.93385],[2.83454,41.93479],[2.8328,41.93356],[2.82635,41.93548],[2.82211,41.93526],[2.81593,41.94289],[2.81278,41.94338],[2.8153,41.94853],[2.8061,41.94949],[2.80631,41.94843],[2.80493,41.94968],[2.79393,41.94186],[2.78972,41.9229],[2.79282,41.91304],[2.79226,41.91074]]]}},{"type":"Feature","properties":{"mun_code":"17161","mun_name":"Sant Feliu de Pallerols","mun_name_local":null,"prov_code":"17","prov_name":"Girona","acom_code":"09","acom_name":"Cataluña","geo_point_2d":{"lon":2.5072257225837333,"lat":42.09892777412655}},"geometry":{"type":"Polygon","coordinates":[[[2.46688,42.07394],[2.47646,42.07621],[2.47972,42.07527],[2.47974,42.0726],[2.48412,42.06938],[2.48269,42.06751],[2.48562,42.06606],[2.48656,42.069],[2.49055,42.06841],[2.49491,42.06151],[2.49894,42.06036],[2.50593,42.06512],[2.51831,42.05626],[2.52153,42.05782],[2.52452,42.06138],[2.5292,42.06334],[2.53151,42.07416],[2.52548,42.07199],[2.52613,42.07082],[2.52371,42.0693],[2.52087,42.07419],[2.51853,42.07339],[2.51723,42.07482],[2.52049,42.0758],[2.52038,42.07771],[2.52959,42.07982],[2.53126,42.09103],[2.53415,42.09443],[2.53016,42.09902],[2.52767,42.10604],[2.52817,42.11025],[2.5316,42.1114],[2.53301,42.11353],[2.54548,42.11639],[2.54805,42.12467],[2.5442,42.12505],[2.54136,42.12958],[2.53444,42.13212],[2.52909,42.13287],[2.51892,42.12996],[2.50641,42.13479],[2.5024,42.13438],[2.49816,42.13652],[2.49199,42.13507],[2.48438,42.13625],[2.49178,42.1259],[2.49278,42.12188],[2.47347,42.10651],[2.47307,42.10175],[2.47879,42.09546],[2.47718,42.08915],[2.4813,42.08581],[2.47799,42.08044],[2.46688,42.07394]]]}},{"type":"Feature","properties":{"mun_code":"17056","mun_name":"Cornellà del Terri","mun_name_local":null,"prov_code":"17","prov_name":"Girona","acom_code":"09","acom_name":"Cataluña","geo_point_2d":{"lon":2.8241371386282226,"lat":42.09059941461938}},"geometry":{"type":"Polygon","coordinates":[[[2.7812,42.09882],[2.78308,42.09154],[2.78569,42.09076],[2.78608,42.08371],[2.78881,42.08142],[2.79626,42.08096],[2.80168,42.07887],[2.80564,42.07981],[2.81886,42.07852],[2.82049,42.07735],[2.82326,42.07839],[2.82503,42.07639],[2.82383,42.0738],[2.81518,42.06922],[2.8145,42.06584],[2.81615,42.06467],[2.8291,42.06414],[2.82807,42.05826],[2.83282,42.05747],[2.83012,42.05489],[2.84357,42.05399],[2.84818,42.05575],[2.8463,42.05944],[2.84985,42.06033],[2.84739,42.06308],[2.85123,42.06372],[2.85321,42.06759],[2.8587,42.06915],[2.85644,42.0772],[2.85716,42.08143],[2.85488,42.08652],[2.855,42.09238],[2.85212,42.09193],[2.84903,42.09489],[2.84255,42.09716],[2.84728,42.10223],[2.84274,42.10689],[2.84046,42.10746],[2.84249,42.11155],[2.84495,42.11204],[2.84169,42.11899],[2.838,42.12257],[2.83175,42.12339],[2.81789,42.12124],[2.81826,42.11726],[2.80639,42.11305],[2.80488,42.11443],[2.80347,42.11333],[2.79815,42.11457],[2.79077,42.10476],[2.79266,42.10194],[2.79172,42.10102],[2.78727,42.10112],[2.78182,42.09905],[2.7812,42.09882]]]}},{"type":"Feature","properties":{"mun_code":"17075","mun_name":"Garrigàs","mun_name_local":null,"prov_code":"17","prov_name":"Girona","acom_code":"09","acom_name":"Cataluña","geo_point_2d":{"lon":2.953400441627221,"lat":42.182379135142696}},"geometry":{"type":"Polygon","coordinates":[[[2.9235,42.16563],[2.92957,42.16394],[2.93371,42.1654],[2.93743,42.1572],[2.93719,42.15331],[2.93954,42.15096],[2.93833,42.14967],[2.94272,42.14669],[2.94485,42.14856],[2.95184,42.14866],[2.95547,42.15119],[2.95527,42.15353],[2.9589,42.15161],[2.97056,42.15357],[2.97226,42.15763],[2.97002,42.15813],[2.97037,42.16196],[2.96717,42.16204],[2.96506,42.16467],[2.9618,42.16528],[2.96208,42.16832],[2.95813,42.1747],[2.95577,42.18635],[2.95696,42.18748],[2.95496,42.19094],[2.97281,42.19121],[2.97425,42.19299],[2.98295,42.19592],[2.98966,42.19462],[2.99165,42.19909],[2.98999,42.20017],[2.99159,42.20066],[2.98848,42.20262],[2.9829,42.21328],[2.98083,42.21423],[2.97965,42.21227],[2.97776,42.21323],[2.9684,42.20836],[2.9556,42.20569],[2.95201,42.21215],[2.94647,42.21183],[2.93486,42.19703],[2.93225,42.18389],[2.92892,42.17547],[2.92243,42.16865],[2.92355,42.16601],[2.9235,42.16563]]]}},{"type":"Feature","properties":{"mun_code":"17213","mun_name":"Vidreres","mun_name_local":null,"prov_code":"17","prov_name":"Girona","acom_code":"09","acom_name":"Cataluña","geo_point_2d":{"lon":2.8118052815968353,"lat":41.77453129857235}},"geometry":{"type":"Polygon","coordinates":[[[2.75531,41.78874],[2.75368,41.78101],[2.75866,41.77442],[2.76087,41.7676],[2.76548,41.76384],[2.77163,41.7631],[2.77614,41.75998],[2.7811,41.7475],[2.78455,41.74733],[2.78889,41.74476],[2.78934,41.73886],[2.80787,41.7441],[2.83907,41.75674],[2.84873,41.76227],[2.86961,41.74607],[2.88623,41.75626],[2.88259,41.76478],[2.8712,41.77277],[2.83482,41.79245],[2.83369,41.79941],[2.82179,41.8048],[2.80918,41.80332],[2.79968,41.80774],[2.79479,41.80811],[2.78684,41.80626],[2.78368,41.80692],[2.77607,41.80067],[2.76094,41.79748],[2.75666,41.7925],[2.75635,41.7895],[2.75531,41.78874]]]}},{"type":"Feature","properties":{"mun_code":"17218","mun_name":"Vilademuls","mun_name_local":null,"prov_code":"17","prov_name":"Girona","acom_code":"09","acom_name":"Cataluña","geo_point_2d":{"lon":2.86473678611014,"lat":42.134383488624955}},"geometry":{"type":"Polygon","coordinates":[[[2.79789,42.1496],[2.80149,42.14763],[2.80324,42.14139],[2.81274,42.14451],[2.82136,42.15096],[2.82385,42.15131],[2.83083,42.14066],[2.84529,42.13796],[2.84513,42.13596],[2.84267,42.13557],[2.84688,42.12594],[2.84426,42.12064],[2.84126,42.11952],[2.84495,42.11204],[2.84249,42.11155],[2.84046,42.10746],[2.84274,42.10689],[2.84728,42.10223],[2.84255,42.09716],[2.84903,42.09489],[2.85212,42.09193],[2.855,42.09238],[2.85692,42.07822],[2.85834,42.07845],[2.86026,42.07496],[2.8639,42.07569],[2.86441,42.07366],[2.86847,42.07493],[2.87262,42.06634],[2.87512,42.06617],[2.88165,42.07176],[2.88411,42.07065],[2.88254,42.0661],[2.88784,42.06686],[2.88839,42.07132],[2.89327,42.07093],[2.89422,42.0724],[2.89324,42.0776],[2.89497,42.07808],[2.89405,42.0827],[2.89511,42.08702],[2.89652,42.08751],[2.89369,42.09349],[2.9031,42.10519],[2.90428,42.11062],[2.8985,42.12102],[2.89841,42.13197],[2.90098,42.13402],[2.90117,42.13877],[2.89382,42.14855],[2.88846,42.14995],[2.88835,42.15404],[2.89156,42.15506],[2.89842,42.16222],[2.89764,42.1652],[2.89198,42.17886],[2.88384,42.18248],[2.87611,42.1835],[2.87908,42.19049],[2.87903,42.19539],[2.87073,42.19662],[2.86841,42.19933],[2.86359,42.20087],[2.85916,42.19033],[2.85165,42.18216],[2.84968,42.18218],[2.84779,42.18024],[2.84663,42.16891],[2.84906,42.16536],[2.84683,42.16321],[2.83832,42.16402],[2.83105,42.16669],[2.82402,42.16595],[2.82238,42.16465],[2.81925,42.16683],[2.81598,42.16265],[2.81376,42.16321],[2.80916,42.16912],[2.80736,42.16908],[2.8033,42.16119],[2.80161,42.16086],[2.79994,42.16293],[2.79587,42.15513],[2.79882,42.15143],[2.7981,42.14988],[2.79789,42.1496]]]}},{"type":"Feature","properties":{"mun_code":"17014","mun_name":"La Vajol","mun_name_local":null,"prov_code":"17","prov_name":"Girona","acom_code":"09","acom_name":"Cataluña","geo_point_2d":{"lon":2.798842245975719,"lat":42.405629818739854}},"geometry":{"type":"Polygon","coordinates":[[[2.77116,42.41213],[2.77164,42.41065],[2.7793,42.41028],[2.7845,42.40542],[2.78323,42.40506],[2.78502,42.4018],[2.78775,42.4018],[2.79049,42.39913],[2.7922,42.40156],[2.79733,42.40244],[2.80797,42.39417],[2.81129,42.39433],[2.81306,42.3958],[2.82095,42.3944],[2.8212,42.3987],[2.81262,42.40933],[2.80106,42.40788],[2.79946,42.41027],[2.79627,42.4112],[2.79306,42.41793],[2.79069,42.41875],[2.7883,42.41727],[2.78406,42.41768],[2.77717,42.41183],[2.77251,42.41283],[2.77116,42.41213]]]}}]}