{"type":"FeatureCollection","features":[{"type":"Feature","properties":{"mun_code":"21020","mun_name":"Cañaveral de León","mun_name_local":null,"prov_code":"21","prov_name":"Huelva","acom_code":"01","acom_name":"Andalucía","geo_point_2d":{"lon":-6.5007616715553125,"lat":37.994014783181754}},"geometry":{"type":"Polygon","coordinates":[[[-6.56965,38.02271],[-6.55901,38.02183],[-6.5466,38.01429],[-6.54181,38.00467],[-6.53415,37.99699],[-6.53076,37.99031],[-6.52101,37.98237],[-6.48445,37.96544],[-6.46712,37.96121],[-6.4642,37.96199],[-6.45799,37.95947],[-6.45452,37.95603],[-6.44701,37.95736],[-6.44223,37.9564],[-6.44482,37.95763],[-6.44565,37.96085],[-6.44484,37.97239],[-6.44705,37.97161],[-6.4516,37.97769],[-6.45682,37.9784],[-6.46192,37.98394],[-6.46694,37.9842],[-6.4713,37.98981],[-6.47437,37.98861],[-6.48092,37.99011],[-6.46946,37.99893],[-6.47908,38.00934],[-6.48436,38.00802],[-6.49174,38.00947],[-6.49175,38.01211],[-6.4956,38.01515],[-6.49283,38.01621],[-6.49467,38.01897],[-6.52482,38.02151],[-6.54569,38.02812],[-6.55342,38.02657],[-6.56524,38.02699],[-6.56894,38.02576],[-6.57157,38.02315],[-6.56965,38.02271]]]}},{"type":"Feature","properties":{"mun_code":"21079","mun_name":"Zufre","mun_name_local":null,"prov_code":"21","prov_name":"Huelva","acom_code":"01","acom_name":"Andalucía","geo_point_2d":{"lon":-6.360769275037396,"lat":37.82309301742704}},"geometry":{"type":"Polygon","coordinates":[[[-6.48304,37.72082],[-6.48059,37.72075],[-6.48105,37.72251],[-6.47378,37.72533],[-6.46208,37.72105],[-6.45817,37.72175],[-6.45645,37.7204],[-6.45429,37.72134],[-6.44999,37.7189],[-6.43088,37.72747],[-6.42348,37.73407],[-6.39003,37.74769],[-6.37608,37.75009],[-6.3602,37.75491],[-6.353,37.75533],[-6.3488,37.75744],[-6.32925,37.75981],[-6.31989,37.76395],[-6.31102,37.76487],[-6.30321,37.76166],[-6.27849,37.75841],[-6.27121,37.75877],[-6.26618,37.7614],[-6.25784,37.76063],[-6.25232,37.76314],[-6.24745,37.7575],[-6.24467,37.74775],[-6.24548,37.74674],[-6.2542,37.74737],[-6.25515,37.74544],[-6.25242,37.74278],[-6.24437,37.74074],[-6.23516,37.74439],[-6.233,37.74294],[-6.23455,37.73864],[-6.23222,37.73838],[-6.22729,37.74158],[-6.22702,37.73889],[-6.2225,37.73934],[-6.22238,37.7414],[-6.21717,37.74355],[-6.21626,37.74511],[-6.22011,37.74812],[-6.21983,37.75518],[-6.20483,37.76603],[-6.20874,37.76947],[-6.20748,37.77177],[-6.21144,37.78469],[-6.22236,37.80454],[-6.23089,37.81566],[-6.24768,37.82641],[-6.25421,37.83866],[-6.2766,37.86648],[-6.28311,37.87234],[-6.29797,37.8772],[-6.30948,37.88521],[-6.32066,37.89051],[-6.33572,37.90817],[-6.3421,37.9116],[-6.36931,37.91758],[-6.38429,37.92936],[-6.39973,37.93952],[-6.41078,37.94419],[-6.41443,37.94749],[-6.42951,37.95082],[-6.43591,37.95472],[-6.44223,37.9564],[-6.44413,37.95573],[-6.44081,37.95389],[-6.44362,37.95108],[-6.44153,37.94788],[-6.44462,37.94784],[-6.44716,37.94523],[-6.44554,37.94303],[-6.44585,37.93775],[-6.44826,37.934],[-6.44573,37.92926],[-6.45567,37.92374],[-6.45863,37.91847],[-6.4612,37.91769],[-6.46055,37.91471],[-6.45163,37.91134],[-6.45228,37.90174],[-6.44487,37.903],[-6.44134,37.90011],[-6.43704,37.89912],[-6.43809,37.89104],[-6.44406,37.88101],[-6.44302,37.87863],[-6.45008,37.8744],[-6.45234,37.86617],[-6.44847,37.86095],[-6.45012,37.85668],[-6.44575,37.85688],[-6.44111,37.85535],[-6.43273,37.8575],[-6.42897,37.85488],[-6.41844,37.85353],[-6.41694,37.84669],[-6.42041,37.83737],[-6.41966,37.82958],[-6.40979,37.82386],[-6.40885,37.82175],[-6.41069,37.81486],[-6.40894,37.81235],[-6.42248,37.81061],[-6.42503,37.81117],[-6.42703,37.81401],[-6.42904,37.81399],[-6.43107,37.81165],[-6.43458,37.81276],[-6.43808,37.81157],[-6.44477,37.81411],[-6.45514,37.81093],[-6.46356,37.81184],[-6.46272,37.81312],[-6.47536,37.82038],[-6.47333,37.79869],[-6.47829,37.79377],[-6.47838,37.79085],[-6.47653,37.78525],[-6.47168,37.78047],[-6.47082,37.77721],[-6.48046,37.7761],[-6.48483,37.76993],[-6.48062,37.76434],[-6.4802,37.74619],[-6.47604,37.74457],[-6.47748,37.73972],[-6.48191,37.73653],[-6.4841,37.73132],[-6.48203,37.72672],[-6.48269,37.72102],[-6.48304,37.72082]]]}},{"type":"Feature","properties":{"mun_code":"21016","mun_name":"Cala","mun_name_local":null,"prov_code":"21","prov_name":"Huelva","acom_code":"01","acom_name":"Andalucía","geo_point_2d":{"lon":-6.332327574664159,"lat":37.9596252274264}},"geometry":{"type":"Polygon","coordinates":[[[-6.41078,37.94419],[-6.39973,37.93952],[-6.36979,37.91821],[-6.35433,37.92381],[-6.34445,37.92333],[-6.31851,37.92956],[-6.30718,37.92941],[-6.29361,37.93169],[-6.28651,37.93573],[-6.27404,37.9355],[-6.25737,37.93816],[-6.25481,37.94496],[-6.25146,37.9473],[-6.24818,37.95439],[-6.24514,37.95514],[-6.24466,37.95655],[-6.23324,37.95794],[-6.23969,37.95906],[-6.24517,37.96224],[-6.24701,37.96712],[-6.25258,37.97159],[-6.25719,37.97127],[-6.26511,37.97358],[-6.28011,37.97353],[-6.29045,37.97698],[-6.30363,37.97834],[-6.30913,37.98518],[-6.31995,37.99027],[-6.32174,37.99343],[-6.32929,37.99827],[-6.33999,37.99965],[-6.34704,38.00282],[-6.35491,38.00985],[-6.35645,38.01449],[-6.3591,38.01666],[-6.36252,38.01587],[-6.36521,38.01191],[-6.37691,38.00395],[-6.37664,38.00162],[-6.37456,38.00073],[-6.37482,37.99847],[-6.38115,37.99082],[-6.37458,37.98515],[-6.37504,37.98343],[-6.37218,37.98272],[-6.37522,37.97972],[-6.37811,37.97218],[-6.38234,37.97214],[-6.38455,37.96601],[-6.39273,37.96612],[-6.3983,37.96284],[-6.40167,37.95798],[-6.40619,37.95597],[-6.40871,37.94756],[-6.41141,37.94632],[-6.41078,37.94419]]]}},{"type":"Feature","properties":{"mun_code":"21073","mun_name":"Villablanca","mun_name_local":null,"prov_code":"21","prov_name":"Huelva","acom_code":"01","acom_name":"Andalucía","geo_point_2d":{"lon":-7.330749763076995,"lat":37.30773409920552}},"geometry":{"type":"Polygon","coordinates":[[[-7.33526,37.26462],[-7.33154,37.26074],[-7.31369,37.2633],[-7.29941,37.25896],[-7.28081,37.26484],[-7.27532,37.27738],[-7.27259,37.29105],[-7.26791,37.29338],[-7.25908,37.30654],[-7.26149,37.32299],[-7.2795,37.34025],[-7.2906,37.34269],[-7.30402,37.35138],[-7.30408,37.35318],[-7.32031,37.34567],[-7.32606,37.34801],[-7.33786,37.34803],[-7.38475,37.34488],[-7.3905,37.34217],[-7.39701,37.33342],[-7.40538,37.32957],[-7.40422,37.30644],[-7.3982,37.29704],[-7.39292,37.29274],[-7.38433,37.2821],[-7.33585,37.26492],[-7.33526,37.26462]]]}},{"type":"Feature","properties":{"mun_code":"21038","mun_name":"Higuera de la Sierra","mun_name_local":null,"prov_code":"21","prov_name":"Huelva","acom_code":"01","acom_name":"Andalucía","geo_point_2d":{"lon":-6.444636876814822,"lat":37.83353139793528}},"geometry":{"type":"Polygon","coordinates":[[[-6.47536,37.82038],[-6.46272,37.81312],[-6.46356,37.81184],[-6.45514,37.81093],[-6.44477,37.81411],[-6.43808,37.81157],[-6.43458,37.81276],[-6.43107,37.81165],[-6.42904,37.81399],[-6.42703,37.81401],[-6.42503,37.81117],[-6.42248,37.81061],[-6.40894,37.81235],[-6.41069,37.81486],[-6.40885,37.82175],[-6.40979,37.82386],[-6.41966,37.82958],[-6.42041,37.83737],[-6.41694,37.84669],[-6.41844,37.85353],[-6.42897,37.85488],[-6.43273,37.8575],[-6.44111,37.85535],[-6.45705,37.85893],[-6.46609,37.85225],[-6.47391,37.85101],[-6.4773,37.84782],[-6.47387,37.83343],[-6.47471,37.82273],[-6.47536,37.82038]]]}},{"type":"Feature","properties":{"mun_code":"21057","mun_name":"Paymogo","mun_name_local":null,"prov_code":"21","prov_name":"Huelva","acom_code":"01","acom_name":"Andalucía","geo_point_2d":{"lon":-7.316504285621318,"lat":37.74681471524793}},"geometry":{"type":"Polygon","coordinates":[[[-7.43915,37.70109],[-7.43599,37.70164],[-7.43484,37.70023],[-7.4315,37.70005],[-7.42756,37.70117],[-7.4273,37.69909],[-7.42147,37.69915],[-7.41962,37.69799],[-7.41393,37.70076],[-7.40212,37.70219],[-7.40141,37.7009],[-7.40013,37.70174],[-7.3943,37.69985],[-7.384,37.69992],[-7.3755,37.69728],[-7.37343,37.69799],[-7.36815,37.69686],[-7.35984,37.69452],[-7.35921,37.69126],[-7.35498,37.69171],[-7.3532,37.68884],[-7.35523,37.68537],[-7.35307,37.68416],[-7.35427,37.68167],[-7.35255,37.67985],[-7.2599,37.69725],[-7.25945,37.69858],[-7.25361,37.69885],[-7.24818,37.70277],[-7.24603,37.70222],[-7.24637,37.6978],[-7.24262,37.69437],[-7.23786,37.69593],[-7.23983,37.69914],[-7.23377,37.70122],[-7.23194,37.70033],[-7.23503,37.69619],[-7.22983,37.69363],[-7.2247,37.69629],[-7.22148,37.69434],[-7.21266,37.69655],[-7.20808,37.69472],[-7.20248,37.69481],[-7.20262,37.70196],[-7.20086,37.70512],[-7.20309,37.71061],[-7.20176,37.71942],[-7.20401,37.72391],[-7.20269,37.72859],[-7.2052,37.73711],[-7.21823,37.74479],[-7.2272,37.7539],[-7.24465,37.76741],[-7.24512,37.77006],[-7.24879,37.7698],[-7.25409,37.77332],[-7.25488,37.77559],[-7.25744,37.77597],[-7.25904,37.78192],[-7.25862,37.78868],[-7.26437,37.79927],[-7.26167,37.80297],[-7.27047,37.82069],[-7.27028,37.8249],[-7.27319,37.83343],[-7.28791,37.83959],[-7.29794,37.84004],[-7.29801,37.84249],[-7.30062,37.84293],[-7.3026,37.84009],[-7.30984,37.83637],[-7.31515,37.82743],[-7.32012,37.82396],[-7.32126,37.81869],[-7.32513,37.81532],[-7.33354,37.8125],[-7.34096,37.80701],[-7.34755,37.80501],[-7.34873,37.80252],[-7.35722,37.79865],[-7.3606,37.79377],[-7.36638,37.79283],[-7.36895,37.78701],[-7.37776,37.78314],[-7.38267,37.77483],[-7.39093,37.77124],[-7.39664,37.76395],[-7.39936,37.76423],[-7.40258,37.76682],[-7.40738,37.76719],[-7.40923,37.76665],[-7.41003,37.76276],[-7.41373,37.75945],[-7.4209,37.75943],[-7.42271,37.75489],[-7.41891,37.7492],[-7.41838,37.74466],[-7.41943,37.74327],[-7.42858,37.74097],[-7.42866,37.73711],[-7.42635,37.73393],[-7.43157,37.72019],[-7.43453,37.71973],[-7.43641,37.7178],[-7.44019,37.70633],[-7.43912,37.70136],[-7.43915,37.70109]]]}},{"type":"Feature","properties":{"mun_code":"21014","mun_name":"Bonares","mun_name_local":null,"prov_code":"21","prov_name":"Huelva","acom_code":"01","acom_name":"Andalucía","geo_point_2d":{"lon":-6.689195524747384,"lat":37.27771072320018}},"geometry":{"type":"Polygon","coordinates":[[[-6.72391,37.19678],[-6.68441,37.22056],[-6.66808,37.23375],[-6.67223,37.24759],[-6.67034,37.26026],[-6.65694,37.28558],[-6.65663,37.29332],[-6.65376,37.30293],[-6.64687,37.31058],[-6.64233,37.3191],[-6.63917,37.32138],[-6.63865,37.32467],[-6.64462,37.32742],[-6.65752,37.32855],[-6.65996,37.32981],[-6.66673,37.32944],[-6.66828,37.33267],[-6.67079,37.3318],[-6.67663,37.34463],[-6.6877,37.34459],[-6.69486,37.34259],[-6.70255,37.34371],[-6.70342,37.34562],[-6.7074,37.34296],[-6.70649,37.34625],[-6.70774,37.34674],[-6.71173,37.3423],[-6.71308,37.33148],[-6.71593,37.32926],[-6.7229,37.32884],[-6.71002,37.31262],[-6.70752,37.30412],[-6.70195,37.29862],[-6.69927,37.29962],[-6.6898,37.29778],[-6.69058,37.29267],[-6.69761,37.2923],[-6.69882,37.28871],[-6.70133,37.28776],[-6.6999,37.28605],[-6.70239,37.28183],[-6.7002,37.27895],[-6.71515,37.25059],[-6.7056,37.24239],[-6.74295,37.2112],[-6.73447,37.20686],[-6.7319,37.2039],[-6.73099,37.19908],[-6.72574,37.19616],[-6.72391,37.19678]]]}},{"type":"Feature","properties":{"mun_code":"21019","mun_name":"Campofrío","mun_name_local":null,"prov_code":"21","prov_name":"Huelva","acom_code":"01","acom_name":"Andalucía","geo_point_2d":{"lon":-6.582786698849159,"lat":37.770316778993575}},"geometry":{"type":"Polygon","coordinates":[[[-6.64391,37.75172],[-6.60897,37.75127],[-6.60243,37.74992],[-6.57867,37.7404],[-6.57504,37.74102],[-6.56098,37.739],[-6.55733,37.73742],[-6.55424,37.74398],[-6.54306,37.75859],[-6.54007,37.76086],[-6.53655,37.76074],[-6.53161,37.7661],[-6.52971,37.77524],[-6.53382,37.78599],[-6.54552,37.79033],[-6.54817,37.79694],[-6.55441,37.80204],[-6.56001,37.79942],[-6.5641,37.80384],[-6.56638,37.80288],[-6.56911,37.79882],[-6.5724,37.80026],[-6.57619,37.79866],[-6.58079,37.79962],[-6.59798,37.79746],[-6.61267,37.78907],[-6.61741,37.7877],[-6.62393,37.77865],[-6.64106,37.76832],[-6.64502,37.76243],[-6.64426,37.75211],[-6.64391,37.75172]]]}},{"type":"Feature","properties":{"mun_code":"21022","mun_name":"Castaño del Robledo","mun_name_local":null,"prov_code":"21","prov_name":"Huelva","acom_code":"01","acom_name":"Andalucía","geo_point_2d":{"lon":-6.687124443987108,"lat":37.88810829272939}},"geometry":{"type":"Polygon","coordinates":[[[-6.71831,37.90344],[-6.71682,37.8938],[-6.70487,37.88472],[-6.70431,37.88287],[-6.70708,37.87646],[-6.70414,37.87143],[-6.70422,37.86481],[-6.70163,37.86394],[-6.69974,37.86136],[-6.69814,37.86667],[-6.6945,37.86775],[-6.69289,37.87331],[-6.68964,37.87705],[-6.67714,37.88057],[-6.67199,37.8771],[-6.66744,37.87776],[-6.65782,37.88618],[-6.64725,37.88631],[-6.64875,37.89483],[-6.65212,37.89619],[-6.65799,37.89508],[-6.66192,37.89127],[-6.67093,37.89359],[-6.6756,37.89926],[-6.68074,37.90175],[-6.68237,37.90577],[-6.68549,37.90828],[-6.6874,37.90698],[-6.68819,37.90099],[-6.70106,37.89957],[-6.70757,37.90178],[-6.71021,37.90063],[-6.71831,37.90344]]]}},{"type":"Feature","properties":{"mun_code":"21042","mun_name":"Isla Cristina","mun_name_local":null,"prov_code":"21","prov_name":"Huelva","acom_code":"01","acom_name":"Andalucía","geo_point_2d":{"lon":-7.287247371503038,"lat":37.2256831372558}},"geometry":{"type":"Polygon","coordinates":[[[-7.33526,37.26462],[-7.33026,37.2556],[-7.3158,37.24507],[-7.31195,37.22991],[-7.31419,37.22548],[-7.31462,37.22005],[-7.32695,37.22146],[-7.32832,37.22337],[-7.33011,37.22037],[-7.33411,37.21897],[-7.33482,37.22096],[-7.3358,37.21721],[-7.34139,37.21627],[-7.34266,37.21486],[-7.34157,37.21095],[-7.3335,37.20956],[-7.33086,37.20586],[-7.33062,37.19806],[-7.33471,37.19584],[-7.33757,37.18994],[-7.33171,37.18561],[-7.33102,37.18658],[-7.32728,37.18348],[-7.33087,37.18669],[-7.30275,37.19566],[-7.28644,37.19929],[-7.27032,37.20184],[-7.23069,37.20343],[-7.23252,37.2089],[-7.23278,37.22098],[-7.24272,37.23387],[-7.25568,37.24629],[-7.25844,37.25071],[-7.26192,37.25103],[-7.28081,37.26484],[-7.29941,37.25896],[-7.31369,37.2633],[-7.33154,37.26074],[-7.33303,37.26229],[-7.33526,37.26462]]]}},{"type":"Feature","properties":{"mun_code":"21045","mun_name":"Linares de la Sierra","mun_name_local":null,"prov_code":"21","prov_name":"Huelva","acom_code":"01","acom_name":"Andalucía","geo_point_2d":{"lon":-6.606843275696776,"lat":37.85452937651736}},"geometry":{"type":"Polygon","coordinates":[[[-6.64052,37.88598],[-6.64084,37.88159],[-6.63606,37.87181],[-6.63362,37.87129],[-6.63126,37.86716],[-6.6258,37.86578],[-6.62451,37.86368],[-6.62157,37.85158],[-6.61647,37.84183],[-6.61683,37.82985],[-6.62209,37.82541],[-6.62407,37.82541],[-6.62396,37.82223],[-6.61968,37.81822],[-6.61892,37.81388],[-6.61095,37.8126],[-6.5952,37.815],[-6.59351,37.81814],[-6.58917,37.81943],[-6.58739,37.82289],[-6.58522,37.82421],[-6.58117,37.82402],[-6.57953,37.82617],[-6.57954,37.83633],[-6.57789,37.84057],[-6.57952,37.846],[-6.5891,37.85698],[-6.58851,37.86988],[-6.59047,37.87394],[-6.59642,37.87559],[-6.59582,37.88838],[-6.59813,37.89145],[-6.61471,37.89396],[-6.62546,37.8924],[-6.63499,37.88665],[-6.64052,37.88598]]]}},{"type":"Feature","properties":{"mun_code":"21048","mun_name":"Los Marines","mun_name_local":null,"prov_code":"21","prov_name":"Huelva","acom_code":"01","acom_name":"Andalucía","geo_point_2d":{"lon":-6.6217146794967885,"lat":37.90229256293483}},"geometry":{"type":"Polygon","coordinates":[[[-6.64788,37.889],[-6.64725,37.88631],[-6.64052,37.88598],[-6.63323,37.88701],[-6.62546,37.8924],[-6.61471,37.89396],[-6.59813,37.89145],[-6.59713,37.90003],[-6.59524,37.90338],[-6.58767,37.90358],[-6.59925,37.90515],[-6.60127,37.90778],[-6.6002,37.91109],[-6.59868,37.91019],[-6.59742,37.91482],[-6.60747,37.91557],[-6.61082,37.90983],[-6.61435,37.90961],[-6.62632,37.91246],[-6.63555,37.91744],[-6.64186,37.9189],[-6.64568,37.92305],[-6.64485,37.9176],[-6.63974,37.91249],[-6.64115,37.9054],[-6.63881,37.9017],[-6.64345,37.89045],[-6.64788,37.889]]]}},{"type":"Feature","properties":{"mun_code":"21043","mun_name":"Jabugo","mun_name_local":null,"prov_code":"21","prov_name":"Huelva","acom_code":"01","acom_name":"Andalucía","geo_point_2d":{"lon":-6.749922155655576,"lat":37.91247420811446}},"geometry":{"type":"Polygon","coordinates":[[[-6.79812,37.91156],[-6.7958,37.90992],[-6.78996,37.9114],[-6.78767,37.90841],[-6.78079,37.90616],[-6.77685,37.90676],[-6.77603,37.90831],[-6.77009,37.91105],[-6.76238,37.90014],[-6.76022,37.89978],[-6.75353,37.89341],[-6.74771,37.89228],[-6.74497,37.88936],[-6.73387,37.88838],[-6.73155,37.88941],[-6.726,37.88462],[-6.72398,37.88755],[-6.72147,37.88787],[-6.70487,37.88472],[-6.71712,37.89425],[-6.71934,37.90695],[-6.71938,37.91245],[-6.71763,37.91513],[-6.71978,37.91831],[-6.71645,37.9217],[-6.71748,37.92422],[-6.71647,37.92516],[-6.71884,37.92911],[-6.72199,37.93087],[-6.72617,37.93155],[-6.72691,37.92992],[-6.7333,37.93014],[-6.74048,37.92659],[-6.74447,37.92638],[-6.74713,37.92916],[-6.74566,37.93225],[-6.76037,37.93311],[-6.76497,37.93625],[-6.76588,37.9351],[-6.76777,37.93558],[-6.77572,37.93257],[-6.78058,37.92539],[-6.79247,37.92223],[-6.79799,37.92295],[-6.80069,37.91766],[-6.79878,37.91184],[-6.79812,37.91156]]]}},{"type":"Feature","properties":{"mun_code":"21065","mun_name":"Sanlúcar de Guadiana","mun_name_local":null,"prov_code":"21","prov_name":"Huelva","acom_code":"01","acom_name":"Andalucía","geo_point_2d":{"lon":-7.403243888514556,"lat":37.44897855206113}},"geometry":{"type":"Polygon","coordinates":[[[-7.4657,37.49],[-7.46347,37.48535],[-7.46908,37.47961],[-7.46959,37.47171],[-7.46618,37.46233],[-7.45671,37.45233],[-7.45938,37.43987],[-7.45827,37.43104],[-7.45551,37.42655],[-7.4456,37.41934],[-7.44794,37.4155],[-7.46134,37.41307],[-7.46287,37.41007],[-7.46103,37.4067],[-7.45117,37.40222],[-7.44501,37.40761],[-7.42951,37.41325],[-7.40814,37.41377],[-7.38956,37.41219],[-7.38256,37.41117],[-7.3676,37.4054],[-7.34728,37.3951],[-7.32758,37.38789],[-7.31713,37.38589],[-7.30123,37.38788],[-7.29498,37.4009],[-7.299,37.40126],[-7.29971,37.39962],[-7.30144,37.40063],[-7.30314,37.39837],[-7.30606,37.39996],[-7.30835,37.39686],[-7.31157,37.39866],[-7.32265,37.3982],[-7.32412,37.39998],[-7.32754,37.39884],[-7.3285,37.40067],[-7.33056,37.40029],[-7.33231,37.40226],[-7.33506,37.40129],[-7.33855,37.40477],[-7.3384,37.40813],[-7.3339,37.41776],[-7.34393,37.42061],[-7.36014,37.42253],[-7.36977,37.4294],[-7.37457,37.43041],[-7.37216,37.43428],[-7.36101,37.44136],[-7.35834,37.44581],[-7.35036,37.45129],[-7.3476,37.45561],[-7.3509,37.4728],[-7.35625,37.48397],[-7.36811,37.48169],[-7.36774,37.48475],[-7.36976,37.48707],[-7.37288,37.48626],[-7.37716,37.48904],[-7.37907,37.48795],[-7.38333,37.48891],[-7.38514,37.48681],[-7.38781,37.48632],[-7.38727,37.49032],[-7.3932,37.49343],[-7.40017,37.49095],[-7.40491,37.49205],[-7.41624,37.49073],[-7.42069,37.49312],[-7.42332,37.49252],[-7.42284,37.50562],[-7.43975,37.50965],[-7.44188,37.50863],[-7.43989,37.50507],[-7.44118,37.50417],[-7.45137,37.50224],[-7.45612,37.50324],[-7.45654,37.4985],[-7.4589,37.49711],[-7.45711,37.49512],[-7.4615,37.49399],[-7.46136,37.49145],[-7.4646,37.49063],[-7.4657,37.49]]]}},{"type":"Feature","properties":{"mun_code":"21032","mun_name":"Escacena del Campo","mun_name_local":null,"prov_code":"21","prov_name":"Huelva","acom_code":"01","acom_name":"Andalucía","geo_point_2d":{"lon":-6.3907854586419495,"lat":37.49967955408516}},"geometry":{"type":"Polygon","coordinates":[[[-6.45394,37.52323],[-6.45284,37.51955],[-6.44929,37.518],[-6.44909,37.51585],[-6.44771,37.51628],[-6.44797,37.5145],[-6.43853,37.50964],[-6.43345,37.50013],[-6.42468,37.49308],[-6.41275,37.49998],[-6.40646,37.49991],[-6.40535,37.49862],[-6.40259,37.50024],[-6.39815,37.49979],[-6.395,37.50104],[-6.38338,37.49272],[-6.38305,37.48507],[-6.3807,37.4782],[-6.37362,37.46797],[-6.36766,37.45166],[-6.35944,37.44258],[-6.36167,37.44081],[-6.36714,37.44067],[-6.3845,37.42877],[-6.39586,37.41871],[-6.40632,37.41467],[-6.41438,37.39912],[-6.41155,37.39501],[-6.40959,37.39499],[-6.40104,37.38855],[-6.37955,37.38329],[-6.37747,37.38076],[-6.37417,37.37964],[-6.36764,37.38034],[-6.3663,37.37877],[-6.36392,37.37968],[-6.36382,37.37665],[-6.36196,37.37574],[-6.35585,37.3864],[-6.35452,37.3945],[-6.35434,37.39713],[-6.36209,37.40147],[-6.35645,37.41205],[-6.32764,37.41608],[-6.3259,37.4186],[-6.32146,37.42057],[-6.31999,37.41923],[-6.31255,37.41864],[-6.31124,37.42296],[-6.30682,37.42679],[-6.30573,37.42539],[-6.30581,37.43576],[-6.30878,37.43661],[-6.30878,37.44031],[-6.31135,37.44165],[-6.31232,37.44565],[-6.31742,37.44869],[-6.31823,37.45052],[-6.32205,37.45163],[-6.3223,37.45411],[-6.32564,37.45582],[-6.32558,37.45811],[-6.33295,37.46463],[-6.33252,37.46977],[-6.33936,37.48296],[-6.33885,37.48523],[-6.34393,37.48826],[-6.34705,37.49354],[-6.35655,37.49628],[-6.35631,37.50056],[-6.35811,37.49987],[-6.36057,37.5043],[-6.35795,37.50458],[-6.36233,37.51112],[-6.36204,37.51321],[-6.36733,37.51784],[-6.36867,37.52839],[-6.37005,37.52948],[-6.36743,37.53102],[-6.36647,37.53563],[-6.37141,37.53993],[-6.37493,37.5461],[-6.38434,37.55111],[-6.38934,37.55158],[-6.39346,37.55676],[-6.40223,37.57588],[-6.40272,37.57981],[-6.40056,37.5838],[-6.39777,37.58428],[-6.3953,37.58271],[-6.3958,37.585],[-6.39339,37.5858],[-6.39333,37.58807],[-6.39581,37.58819],[-6.39646,37.59035],[-6.39974,37.59096],[-6.39812,37.59378],[-6.4004,37.59437],[-6.39843,37.59524],[-6.39906,37.59794],[-6.40227,37.59872],[-6.40073,37.60086],[-6.3971,37.60011],[-6.39808,37.60125],[-6.3941,37.60409],[-6.39622,37.60743],[-6.39524,37.61087],[-6.3976,37.6103],[-6.39961,37.61271],[-6.40148,37.61225],[-6.40408,37.61401],[-6.40924,37.61409],[-6.41369,37.61965],[-6.41738,37.61914],[-6.42395,37.62185],[-6.42793,37.62126],[-6.4346,37.60326],[-6.44986,37.58955],[-6.4486,37.58922],[-6.44961,37.58552],[-6.45486,37.58392],[-6.45878,37.57033],[-6.45825,37.56275],[-6.4599,37.55427],[-6.45792,37.54309],[-6.45341,37.5382],[-6.45548,37.53318],[-6.45255,37.52913],[-6.45423,37.52381],[-6.45394,37.52323]]]}},{"type":"Feature","properties":{"mun_code":"21061","mun_name":"Rociana del Condado","mun_name_local":null,"prov_code":"21","prov_name":"Huelva","acom_code":"01","acom_name":"Andalucía","geo_point_2d":{"lon":-6.617430687092595,"lat":37.29083415196167}},"geometry":{"type":"Polygon","coordinates":[[[-6.66808,37.23375],[-6.63943,37.24053],[-6.62268,37.2495],[-6.61297,37.25269],[-6.57363,37.28145],[-6.56598,37.28435],[-6.55936,37.29103],[-6.55963,37.29676],[-6.5624,37.30289],[-6.56176,37.30838],[-6.56384,37.31752],[-6.57144,37.32156],[-6.57113,37.3241],[-6.5738,37.32609],[-6.58885,37.33275],[-6.59171,37.33594],[-6.60047,37.3404],[-6.60423,37.34468],[-6.61326,37.34902],[-6.62264,37.34845],[-6.61936,37.34619],[-6.62088,37.33695],[-6.62243,37.33468],[-6.63271,37.33569],[-6.63917,37.32138],[-6.64233,37.3191],[-6.64687,37.31058],[-6.65376,37.30293],[-6.65663,37.29332],[-6.65694,37.28558],[-6.67034,37.26026],[-6.67223,37.24759],[-6.66808,37.23375]]]}},{"type":"Feature","properties":{"mun_code":"21060","mun_name":"Punta Umbría","mun_name_local":null,"prov_code":"21","prov_name":"Huelva","acom_code":"01","acom_name":"Andalucía","geo_point_2d":{"lon":-7.017014320675352,"lat":37.216532730676526}},"geometry":{"type":"Polygon","coordinates":[[[-7.06007,37.25841],[-7.05938,37.25712],[-7.06277,37.25386],[-7.08028,37.2482],[-7.08062,37.24629],[-7.07993,37.24292],[-7.07482,37.23575],[-7.06952,37.23377],[-7.06357,37.23394],[-7.06292,37.22957],[-7.05332,37.22106],[-7.05304,37.20927],[-7.01488,37.19884],[-6.95428,37.17024],[-6.94786,37.16628],[-6.94871,37.16395],[-6.9473,37.16793],[-6.94873,37.17203],[-6.96113,37.18567],[-6.96512,37.19506],[-6.97528,37.2069],[-6.98735,37.22532],[-6.99678,37.22718],[-7.00452,37.23225],[-7.0312,37.23913],[-7.03425,37.24403],[-7.03721,37.24541],[-7.03767,37.24785],[-7.05394,37.25322],[-7.05735,37.25605],[-7.06007,37.25841]]]}},{"type":"Feature","properties":{"mun_code":"21007","mun_name":"Aracena","mun_name_local":null,"prov_code":"21","prov_name":"Huelva","acom_code":"01","acom_name":"Andalucía","geo_point_2d":{"lon":-6.557142937364705,"lat":37.87183391620176}},"geometry":{"type":"Polygon","coordinates":[[[-6.67081,37.75008],[-6.66656,37.751],[-6.65118,37.75046],[-6.6484,37.75177],[-6.64391,37.75172],[-6.64537,37.75526],[-6.64502,37.76243],[-6.64106,37.76832],[-6.62393,37.77865],[-6.61741,37.7877],[-6.61267,37.78907],[-6.59798,37.79746],[-6.58079,37.79962],[-6.57619,37.79866],[-6.5724,37.80026],[-6.56911,37.79882],[-6.56464,37.8039],[-6.5604,37.79953],[-6.55797,37.79963],[-6.55498,37.80221],[-6.54897,37.79794],[-6.54537,37.80106],[-6.53722,37.80248],[-6.53365,37.80458],[-6.5357,37.80681],[-6.5328,37.81056],[-6.53157,37.80879],[-6.52732,37.80806],[-6.52376,37.80827],[-6.52229,37.80992],[-6.51327,37.80801],[-6.49872,37.81062],[-6.49252,37.80956],[-6.48046,37.81],[-6.4749,37.80833],[-6.47387,37.83343],[-6.47694,37.84876],[-6.47369,37.85111],[-6.46609,37.85225],[-6.45705,37.85893],[-6.45012,37.85668],[-6.44847,37.86095],[-6.45275,37.86641],[-6.46248,37.8655],[-6.47449,37.87191],[-6.48121,37.87187],[-6.49119,37.87655],[-6.49701,37.88461],[-6.50688,37.88704],[-6.50802,37.88871],[-6.5185,37.89217],[-6.52971,37.89999],[-6.53452,37.90688],[-6.53133,37.90754],[-6.52505,37.91717],[-6.51845,37.9232],[-6.53739,37.93454],[-6.53478,37.93973],[-6.53323,37.93965],[-6.53174,37.94202],[-6.52849,37.94092],[-6.52503,37.94852],[-6.52253,37.94889],[-6.52485,37.95224],[-6.52223,37.95455],[-6.52673,37.95588],[-6.52895,37.95954],[-6.5286,37.96127],[-6.52669,37.96132],[-6.52561,37.96307],[-6.52067,37.96398],[-6.5209,37.96702],[-6.51702,37.97285],[-6.51702,37.97638],[-6.54307,37.98387],[-6.55953,37.98444],[-6.58107,37.98748],[-6.58944,37.97879],[-6.58943,37.97612],[-6.59351,37.97281],[-6.59682,37.96711],[-6.59774,37.94902],[-6.60013,37.94655],[-6.60108,37.94243],[-6.60851,37.93496],[-6.60606,37.92929],[-6.60748,37.92699],[-6.60505,37.92559],[-6.60649,37.92378],[-6.60516,37.91977],[-6.60766,37.91607],[-6.59742,37.91482],[-6.59868,37.91019],[-6.6002,37.91109],[-6.60127,37.90778],[-6.59925,37.90515],[-6.58767,37.90358],[-6.59524,37.90338],[-6.59713,37.90003],[-6.59813,37.89145],[-6.59582,37.88838],[-6.59642,37.87559],[-6.59047,37.87394],[-6.58851,37.86988],[-6.5891,37.85698],[-6.58222,37.8499],[-6.57813,37.8422],[-6.57953,37.82617],[-6.58117,37.82402],[-6.58522,37.82421],[-6.58739,37.82289],[-6.58917,37.81943],[-6.59351,37.81814],[-6.5952,37.815],[-6.59973,37.81367],[-6.61599,37.81261],[-6.61892,37.81388],[-6.62087,37.81867],[-6.62392,37.81538],[-6.62989,37.81286],[-6.63098,37.80942],[-6.62903,37.81016],[-6.62818,37.80742],[-6.6305,37.8057],[-6.63328,37.80678],[-6.63492,37.80947],[-6.6363,37.80725],[-6.63785,37.80903],[-6.63996,37.80868],[-6.64016,37.81134],[-6.63843,37.81158],[-6.63959,37.81484],[-6.64064,37.8135],[-6.64362,37.81415],[-6.64686,37.81032],[-6.64896,37.81063],[-6.65213,37.80872],[-6.65488,37.80955],[-6.65768,37.80663],[-6.66204,37.80899],[-6.66581,37.80764],[-6.666,37.80519],[-6.65903,37.79927],[-6.65682,37.79898],[-6.65655,37.79674],[-6.65968,37.79378],[-6.6595,37.7922],[-6.65192,37.7939],[-6.65305,37.7875],[-6.64555,37.78406],[-6.64276,37.77831],[-6.64393,37.77723],[-6.64666,37.77787],[-6.65017,37.78197],[-6.6524,37.78234],[-6.65564,37.78011],[-6.65386,37.77737],[-6.6544,37.77519],[-6.66427,37.76625],[-6.666,37.76523],[-6.67284,37.76627],[-6.67165,37.76301],[-6.67366,37.76112],[-6.6748,37.75574],[-6.67089,37.75126],[-6.67081,37.75008]]]}},{"type":"Feature","properties":{"mun_code":"21902","mun_name":"La Zarza-Perrunal","mun_name_local":null,"prov_code":"21","prov_name":"Huelva","acom_code":"01","acom_name":"Andalucía","geo_point_2d":{"lon":-6.873552514157426,"lat":37.69062466592491}},"geometry":{"type":"Polygon","coordinates":[[[-6.93414,37.70256],[-6.93664,37.69698],[-6.936,37.69314],[-6.93825,37.69316],[-6.93872,37.68868],[-6.94106,37.68516],[-6.93049,37.68461],[-6.93051,37.68819],[-6.93333,37.68789],[-6.93327,37.69122],[-6.92781,37.69144],[-6.92736,37.68868],[-6.92336,37.68895],[-6.92099,37.68938],[-6.92018,37.69154],[-6.9136,37.69118],[-6.91114,37.69342],[-6.90904,37.6904],[-6.91258,37.68306],[-6.91567,37.6813],[-6.91351,37.67695],[-6.91401,37.67591],[-6.92649,37.67511],[-6.92737,37.6706],[-6.93087,37.67438],[-6.93592,37.6747],[-6.93563,37.67789],[-6.93827,37.67808],[-6.93955,37.67519],[-6.94772,37.67442],[-6.94806,37.67001],[-6.95604,37.66883],[-6.95687,37.66324],[-6.95472,37.65847],[-6.94548,37.65842],[-6.93063,37.66229],[-6.92469,37.66144],[-6.92632,37.66311],[-6.9214,37.66926],[-6.92224,37.67305],[-6.91476,37.67054],[-6.91102,37.67507],[-6.90988,37.67191],[-6.91052,37.67521],[-6.90588,37.67595],[-6.90715,37.67825],[-6.90532,37.6806],[-6.90196,37.67478],[-6.89809,37.67583],[-6.90046,37.68412],[-6.89811,37.68419],[-6.89618,37.67932],[-6.89458,37.67891],[-6.88997,37.68286],[-6.88869,37.68701],[-6.87896,37.67919],[-6.87161,37.6758],[-6.86802,37.67181],[-6.86505,37.67371],[-6.86468,37.67792],[-6.86185,37.67865],[-6.8613,37.67707],[-6.85869,37.67658],[-6.86002,37.67489],[-6.85716,37.6745],[-6.85772,37.67255],[-6.85574,37.67223],[-6.85559,37.6708],[-6.85827,37.67091],[-6.85819,37.66726],[-6.86261,37.66522],[-6.86235,37.66222],[-6.85706,37.66442],[-6.85484,37.66421],[-6.85471,37.66311],[-6.85078,37.66417],[-6.85051,37.66546],[-6.84675,37.66656],[-6.84622,37.67127],[-6.84215,37.6712],[-6.84243,37.66883],[-6.82625,37.66888],[-6.82386,37.67014],[-6.81938,37.66911],[-6.81672,37.67696],[-6.81938,37.67991],[-6.8149,37.68228],[-6.81283,37.68764],[-6.81445,37.69024],[-6.81662,37.68667],[-6.81882,37.68712],[-6.81996,37.69062],[-6.81626,37.69536],[-6.81206,37.69522],[-6.81398,37.70396],[-6.81285,37.70535],[-6.81024,37.70511],[-6.80911,37.70682],[-6.8127,37.70945],[-6.81634,37.70698],[-6.82051,37.70638],[-6.8262,37.70705],[-6.82924,37.70969],[-6.8378,37.70916],[-6.83941,37.71089],[-6.84246,37.71107],[-6.84435,37.71507],[-6.84875,37.71481],[-6.85436,37.71669],[-6.85531,37.71808],[-6.85358,37.72332],[-6.86851,37.72193],[-6.87539,37.71582],[-6.89497,37.70711],[-6.93064,37.70278],[-6.93414,37.70256]]]}},{"type":"Feature","properties":{"mun_code":"21006","mun_name":"Alosno","mun_name_local":null,"prov_code":"21","prov_name":"Huelva","acom_code":"01","acom_name":"Andalucía","geo_point_2d":{"lon":-7.093370118094869,"lat":37.562500529761145}},"geometry":{"type":"Polygon","coordinates":[[[-7.23201,37.54226],[-7.2173,37.53707],[-7.19561,37.5329],[-7.18868,37.53355],[-7.176,37.53064],[-7.17148,37.52749],[-7.16728,37.52145],[-7.1691,37.51683],[-7.15848,37.5193],[-7.13857,37.52059],[-7.10026,37.53177],[-7.09735,37.53213],[-7.08984,37.52912],[-7.08641,37.53585],[-7.07428,37.53221],[-7.05379,37.53023],[-7.02698,37.5167],[-7.02532,37.51357],[-7.01484,37.50417],[-7.01316,37.50008],[-7.00697,37.49584],[-7.00537,37.48992],[-7.00046,37.48673],[-6.99274,37.47682],[-6.98194,37.47163],[-6.97847,37.47112],[-6.97538,37.47383],[-6.9731,37.47089],[-6.97134,37.47229],[-6.97165,37.47502],[-6.98136,37.47529],[-6.98226,37.47716],[-6.97984,37.4819],[-6.97412,37.48502],[-6.97857,37.48958],[-6.97446,37.49309],[-6.97726,37.49539],[-6.97241,37.50122],[-6.97041,37.50616],[-6.97678,37.50862],[-6.97624,37.5139],[-6.98123,37.51657],[-6.98238,37.52293],[-6.98667,37.52392],[-6.98553,37.52749],[-6.98764,37.53049],[-6.98739,37.53375],[-6.99193,37.53617],[-6.9889,37.53928],[-6.98938,37.54392],[-6.98696,37.54655],[-6.99098,37.55263],[-6.98725,37.55586],[-6.98768,37.5621],[-6.98332,37.56478],[-6.98629,37.57204],[-6.98513,37.5736],[-6.98045,37.57305],[-6.97993,37.57437],[-6.98163,37.57497],[-6.9799,37.57623],[-6.98209,37.57607],[-6.98309,37.57881],[-6.98511,37.57715],[-6.98624,37.57813],[-6.98963,37.57761],[-6.99199,37.57993],[-6.9908,37.58226],[-6.99195,37.58307],[-7.00127,37.58325],[-7.00361,37.58791],[-7.01123,37.58868],[-7.01068,37.5912],[-7.01824,37.59947],[-7.02834,37.59971],[-7.0383,37.60185],[-7.05502,37.60961],[-7.06118,37.61064],[-7.06879,37.60016],[-7.08094,37.59084],[-7.09978,37.60699],[-7.13308,37.62743],[-7.13456,37.63039],[-7.15273,37.64494],[-7.16476,37.64274],[-7.16941,37.63816],[-7.17151,37.63272],[-7.1735,37.60835],[-7.17706,37.59707],[-7.18462,37.59268],[-7.18659,37.5834],[-7.19372,37.57574],[-7.20102,37.57131],[-7.20577,37.56609],[-7.21056,37.56476],[-7.20984,37.56074],[-7.21191,37.55726],[-7.21911,37.55421],[-7.22795,37.54431],[-7.23163,37.54292],[-7.23201,37.54226]]]}},{"type":"Feature","properties":{"mun_code":"21027","mun_name":"Cumbres de Enmedio","mun_name_local":null,"prov_code":"21","prov_name":"Huelva","acom_code":"01","acom_name":"Andalucía","geo_point_2d":{"lon":-6.696743988502836,"lat":38.075150161411344}},"geometry":{"type":"Polygon","coordinates":[[[-6.7141,38.05294],[-6.70885,38.05115],[-6.70272,38.05171],[-6.70032,38.05066],[-6.68548,38.05869],[-6.6805,38.0667],[-6.67581,38.08341],[-6.67845,38.08927],[-6.68356,38.09134],[-6.68214,38.0968],[-6.68603,38.09758],[-6.6881,38.10011],[-6.68996,38.10003],[-6.69061,38.09605],[-6.69261,38.09473],[-6.7059,38.09658],[-6.71134,38.09495],[-6.71465,38.08852],[-6.71475,38.08517],[-6.71275,38.08058],[-6.70784,38.08021],[-6.70757,38.07845],[-6.70962,38.07201],[-6.71347,38.0689],[-6.71494,38.0653],[-6.71428,38.0537],[-6.7141,38.05294]]]}},{"type":"Feature","properties":{"mun_code":"21054","mun_name":"La Palma del Condado","mun_name_local":null,"prov_code":"21","prov_name":"Huelva","acom_code":"01","acom_name":"Andalucía","geo_point_2d":{"lon":-6.555689590686035,"lat":37.40290847544985}},"geometry":{"type":"Polygon","coordinates":[[[-6.60458,37.42937],[-6.5985,37.42487],[-6.59664,37.41843],[-6.59377,37.41479],[-6.58229,37.37456],[-6.58366,37.36953],[-6.57898,37.3623],[-6.56835,37.35658],[-6.56654,37.35935],[-6.55116,37.35598],[-6.52173,37.36184],[-6.50384,37.35785],[-6.50644,37.36015],[-6.50736,37.36982],[-6.51219,37.37753],[-6.51758,37.39571],[-6.52506,37.41089],[-6.53541,37.42722],[-6.53949,37.4393],[-6.54514,37.44989],[-6.54406,37.46009],[-6.56201,37.45789],[-6.57499,37.45454],[-6.57157,37.45176],[-6.5816,37.44785],[-6.58486,37.43854],[-6.59393,37.4336],[-6.60236,37.43499],[-6.60447,37.42982],[-6.60458,37.42937]]]}},{"type":"Feature","properties":{"mun_code":"21018","mun_name":"El Campillo","mun_name_local":null,"prov_code":"21","prov_name":"Huelva","acom_code":"01","acom_name":"Andalucía","geo_point_2d":{"lon":-6.649136803673483,"lat":37.705611702421855}},"geometry":{"type":"Polygon","coordinates":[[[-6.79604,37.70071],[-6.79284,37.70202],[-6.7425,37.7026],[-6.73006,37.69719],[-6.72784,37.69362],[-6.71815,37.69093],[-6.71744,37.69374],[-6.7145,37.69556],[-6.71494,37.6977],[-6.71215,37.69778],[-6.71286,37.69967],[-6.71139,37.69931],[-6.70801,37.70163],[-6.70684,37.70048],[-6.70814,37.69521],[-6.70535,37.69552],[-6.70331,37.6932],[-6.69997,37.69727],[-6.69858,37.69557],[-6.69349,37.69638],[-6.69103,37.69867],[-6.68357,37.69575],[-6.68204,37.6927],[-6.67808,37.69444],[-6.67489,37.69403],[-6.67499,37.69211],[-6.67232,37.6901],[-6.66342,37.68994],[-6.65901,37.69147],[-6.64951,37.68899],[-6.64682,37.68749],[-6.64564,37.68424],[-6.63953,37.68281],[-6.63654,37.67681],[-6.63742,37.67213],[-6.64426,37.66799],[-6.64422,37.66613],[-6.63138,37.6609],[-6.62205,37.6733],[-6.61933,37.67364],[-6.6167,37.67591],[-6.61538,37.67431],[-6.60866,37.67494],[-6.59726,37.67296],[-6.58574,37.67312],[-6.58304,37.67191],[-6.57994,37.6734],[-6.57639,37.6698],[-6.5717,37.65942],[-6.56801,37.65709],[-6.56835,37.65412],[-6.56401,37.65085],[-6.56465,37.64946],[-6.56099,37.64491],[-6.56025,37.6404],[-6.55695,37.63577],[-6.5572,37.63212],[-6.55494,37.62635],[-6.55178,37.62166],[-6.55035,37.62106],[-6.5475,37.62243],[-6.54608,37.62875],[-6.54317,37.62967],[-6.53817,37.62673],[-6.53396,37.62922],[-6.53342,37.63319],[-6.53004,37.63491],[-6.53012,37.63762],[-6.5366,37.64053],[-6.53356,37.64594],[-6.53609,37.65098],[-6.53761,37.6491],[-6.5417,37.65028],[-6.54566,37.65542],[-6.5479,37.66219],[-6.55099,37.6651],[-6.57042,37.66945],[-6.56795,37.67362],[-6.5738,37.67451],[-6.5749,37.67698],[-6.57916,37.67795],[-6.58382,37.68629],[-6.60187,37.69241],[-6.61109,37.6939],[-6.62319,37.71579],[-6.62084,37.72047],[-6.61762,37.72252],[-6.61364,37.72073],[-6.61228,37.72326],[-6.60548,37.72083],[-6.59802,37.72648],[-6.59496,37.72524],[-6.5934,37.72865],[-6.59075,37.72814],[-6.58328,37.73052],[-6.58326,37.7335],[-6.58659,37.73544],[-6.58518,37.74271],[-6.60308,37.7501],[-6.60897,37.75127],[-6.6484,37.75177],[-6.65118,37.75046],[-6.66855,37.75079],[-6.67836,37.74577],[-6.68004,37.74125],[-6.68299,37.74007],[-6.68101,37.73849],[-6.68111,37.73562],[-6.68897,37.7316],[-6.69149,37.72886],[-6.69396,37.72912],[-6.69241,37.73268],[-6.69492,37.73277],[-6.70022,37.72869],[-6.7068,37.72819],[-6.70903,37.72359],[-6.71324,37.72135],[-6.72805,37.72452],[-6.73293,37.72105],[-6.73441,37.71831],[-6.7426,37.71442],[-6.74979,37.71502],[-6.75445,37.71843],[-6.75761,37.71907],[-6.76246,37.71746],[-6.77033,37.71819],[-6.77437,37.71369],[-6.78298,37.71565],[-6.78776,37.70707],[-6.79576,37.70156],[-6.79604,37.70071]]]}},{"type":"Feature","properties":{"mun_code":"21039","mun_name":"Hinojales","mun_name_local":null,"prov_code":"21","prov_name":"Huelva","acom_code":"01","acom_name":"Andalucía","geo_point_2d":{"lon":-6.572299521355546,"lat":38.00113347434026}},"geometry":{"type":"Polygon","coordinates":[[[-6.62064,37.99294],[-6.61407,37.99102],[-6.61226,37.98834],[-6.60292,37.98919],[-6.60002,37.99156],[-6.56825,37.98532],[-6.54307,37.98387],[-6.51702,37.97638],[-6.51362,37.97387],[-6.50688,37.97204],[-6.50441,37.97309],[-6.50024,37.97209],[-6.50439,37.9753],[-6.52101,37.98237],[-6.52845,37.9875],[-6.53415,37.99699],[-6.54181,38.00467],[-6.5466,38.01429],[-6.55182,38.01664],[-6.55282,38.01836],[-6.55901,38.02183],[-6.56965,38.02271],[-6.57215,38.02023],[-6.57907,38.02215],[-6.58233,38.02085],[-6.58611,38.02374],[-6.58474,38.0266],[-6.60032,38.02292],[-6.60666,38.0125],[-6.6228,38.0001],[-6.62328,37.99796],[-6.62046,37.99369],[-6.62064,37.99294]]]}},{"type":"Feature","properties":{"mun_code":"21062","mun_name":"Rosal de la Frontera","mun_name_local":null,"prov_code":"21","prov_name":"Huelva","acom_code":"01","acom_name":"Andalucía","geo_point_2d":{"lon":-7.188922818897508,"lat":37.92472541038903}},"geometry":{"type":"Polygon","coordinates":[[[-7.28659,37.86552],[-7.28173,37.86264],[-7.2804,37.86553],[-7.27962,37.86271],[-7.27836,37.86398],[-7.27822,37.86118],[-7.27576,37.85954],[-7.26704,37.8596],[-7.26359,37.86236],[-7.26238,37.8622],[-7.2623,37.85996],[-7.26124,37.85938],[-7.26048,37.86056],[-7.25914,37.85911],[-7.25768,37.86145],[-7.25393,37.85879],[-7.25165,37.86101],[-7.24955,37.85896],[-7.24851,37.86085],[-7.24471,37.85709],[-7.24173,37.85669],[-7.23924,37.85249],[-7.23826,37.85432],[-7.23706,37.85251],[-7.23378,37.85159],[-7.23256,37.8538],[-7.22862,37.85323],[-7.2272,37.85433],[-7.22402,37.85227],[-7.21019,37.85015],[-7.20522,37.85423],[-7.19309,37.85175],[-7.19037,37.84975],[-7.18769,37.85163],[-7.18486,37.85153],[-7.18225,37.85019],[-7.17931,37.85113],[-7.17424,37.84852],[-7.16809,37.84979],[-7.16386,37.84825],[-7.15626,37.84807],[-7.15506,37.84518],[-7.14731,37.84401],[-7.14498,37.84496],[-7.13741,37.842],[-7.13538,37.83698],[-7.12954,37.83343],[-7.12538,37.82687],[-7.12238,37.83297],[-7.12393,37.83447],[-7.12372,37.83912],[-7.12807,37.84332],[-7.12526,37.8471],[-7.12488,37.86093],[-7.12966,37.87295],[-7.12777,37.87513],[-7.12702,37.89082],[-7.11927,37.91479],[-7.1196,37.92822],[-7.1236,37.93885],[-7.12176,37.94224],[-7.12846,37.95989],[-7.12567,37.9654],[-7.12004,37.97107],[-7.1178,37.9821],[-7.11856,37.99304],[-7.11414,38.0001],[-7.11383,38.00381],[-7.10895,38.00879],[-7.10246,38.0272],[-7.09339,38.04182],[-7.09489,38.04137],[-7.09576,38.043],[-7.09871,38.04388],[-7.10358,38.04092],[-7.1084,38.04089],[-7.11056,38.03635],[-7.11233,38.03768],[-7.11557,38.03623],[-7.11386,38.03576],[-7.11623,38.03174],[-7.11762,38.03254],[-7.11937,38.03061],[-7.12115,38.033],[-7.12838,38.02955],[-7.12842,38.0272],[-7.1249,38.02512],[-7.12715,38.02217],[-7.13113,38.02265],[-7.132,38.02155],[-7.12773,38.01983],[-7.12911,38.01075],[-7.12356,38.00801],[-7.12067,38.00463],[-7.12504,38.00436],[-7.13293,37.99997],[-7.13426,38.00053],[-7.13732,37.999],[-7.14514,38.00294],[-7.14975,38.00088],[-7.15049,37.9978],[-7.15623,37.99402],[-7.15881,37.99389],[-7.15991,37.99526],[-7.16299,37.9941],[-7.16498,37.99471],[-7.16489,37.99586],[-7.17345,37.99283],[-7.17741,37.99839],[-7.18396,37.99657],[-7.18364,37.99832],[-7.18704,38.00274],[-7.19305,38.00072],[-7.20227,38.00343],[-7.20698,38.00029],[-7.20572,37.99765],[-7.20923,37.99611],[-7.21137,37.99692],[-7.216,37.99596],[-7.21861,37.99263],[-7.22672,37.98812],[-7.23065,37.99151],[-7.23249,37.98974],[-7.23402,37.99098],[-7.24092,37.99085],[-7.24569,37.99219],[-7.25004,37.98564],[-7.25343,37.98541],[-7.25417,37.98295],[-7.256,37.98143],[-7.25916,37.98181],[-7.25992,37.97949],[-7.26244,37.97986],[-7.26183,37.97747],[-7.24968,37.96689],[-7.25181,37.96009],[-7.24826,37.95477],[-7.25061,37.9529],[-7.25118,37.94879],[-7.25453,37.94639],[-7.25474,37.94501],[-7.2528,37.9443],[-7.2525,37.94155],[-7.25443,37.93948],[-7.25318,37.93847],[-7.25771,37.93306],[-7.25506,37.92273],[-7.25816,37.92206],[-7.26196,37.92432],[-7.26143,37.91815],[-7.26796,37.91258],[-7.26932,37.90662],[-7.27409,37.90448],[-7.27495,37.90192],[-7.27363,37.89907],[-7.28222,37.89769],[-7.28238,37.88619],[-7.27957,37.87643],[-7.28208,37.87436],[-7.28347,37.86897],[-7.28604,37.86645],[-7.28659,37.86552]]]}},{"type":"Feature","properties":{"mun_code":"21056","mun_name":"Paterna del Campo","mun_name_local":null,"prov_code":"21","prov_name":"Huelva","acom_code":"01","acom_name":"Andalucía","geo_point_2d":{"lon":-6.465640255594983,"lat":37.471947180731846}},"geometry":{"type":"Polygon","coordinates":[[[-6.58897,37.5255],[-6.58697,37.52148],[-6.57505,37.51201],[-6.57115,37.51554],[-6.56779,37.51249],[-6.56951,37.50682],[-6.57332,37.5097],[-6.57456,37.50896],[-6.57345,37.5043],[-6.57459,37.49559],[-6.5784,37.49301],[-6.57622,37.49066],[-6.57162,37.49134],[-6.56991,37.48943],[-6.57012,37.47839],[-6.57207,37.47526],[-6.57115,37.47244],[-6.57418,37.46952],[-6.57146,37.46747],[-6.57644,37.45607],[-6.57499,37.45454],[-6.56201,37.45789],[-6.54406,37.46009],[-6.52842,37.46666],[-6.5105,37.4671],[-6.50617,37.46587],[-6.50532,37.45966],[-6.49771,37.46215],[-6.49266,37.46193],[-6.48334,37.46008],[-6.48019,37.45818],[-6.47231,37.45727],[-6.46566,37.44683],[-6.46164,37.4454],[-6.45638,37.44666],[-6.4497,37.42066],[-6.44536,37.41985],[-6.44701,37.41015],[-6.44257,37.40776],[-6.42901,37.40624],[-6.41948,37.4017],[-6.4159,37.40131],[-6.41428,37.3995],[-6.40632,37.41467],[-6.39586,37.41871],[-6.3845,37.42877],[-6.36714,37.44067],[-6.36167,37.44081],[-6.35944,37.44258],[-6.36648,37.44997],[-6.37049,37.45688],[-6.37362,37.46797],[-6.3807,37.4782],[-6.38452,37.49411],[-6.39645,37.501],[-6.39815,37.49979],[-6.40299,37.50014],[-6.40535,37.49862],[-6.40646,37.49991],[-6.41275,37.49998],[-6.42468,37.49308],[-6.43345,37.50013],[-6.43853,37.50964],[-6.44797,37.5145],[-6.44771,37.51628],[-6.44909,37.51585],[-6.44929,37.518],[-6.45284,37.51955],[-6.45394,37.52323],[-6.45657,37.51602],[-6.46277,37.51571],[-6.46932,37.51047],[-6.49491,37.50336],[-6.51324,37.50304],[-6.52444,37.50559],[-6.52396,37.51554],[-6.5311,37.51809],[-6.54012,37.5184],[-6.57221,37.52887],[-6.57597,37.53352],[-6.5815,37.53511],[-6.58195,37.53052],[-6.58038,37.52706],[-6.5829,37.52562],[-6.58859,37.52588],[-6.58897,37.5255]]]}},{"type":"Feature","properties":{"mun_code":"21031","mun_name":"Encinasola","mun_name_local":null,"prov_code":"21","prov_name":"Huelva","acom_code":"01","acom_name":"Andalucía","geo_point_2d":{"lon":-6.89681244630611,"lat":38.12795462437336}},"geometry":{"type":"Polygon","coordinates":[[[-6.98948,38.09177],[-6.98496,38.09184],[-6.96006,38.08043],[-6.95378,38.07721],[-6.94857,38.07147],[-6.93923,38.07121],[-6.92603,38.06309],[-6.90779,38.05567],[-6.90605,38.05212],[-6.90727,38.04918],[-6.9097,38.04855],[-6.90717,38.04684],[-6.9092,38.04592],[-6.91023,38.03938],[-6.91594,38.03377],[-6.91624,38.03158],[-6.9126,38.03229],[-6.91064,38.02579],[-6.90689,38.0251],[-6.89107,38.02719],[-6.88571,38.02403],[-6.88479,38.03738],[-6.8817,38.0389],[-6.87934,38.04507],[-6.88058,38.05338],[-6.87281,38.05969],[-6.87442,38.06321],[-6.87323,38.06717],[-6.86927,38.06879],[-6.86368,38.07822],[-6.86414,38.08342],[-6.85791,38.0885],[-6.86823,38.09262],[-6.8635,38.09464],[-6.8595,38.09354],[-6.85749,38.09655],[-6.85393,38.09734],[-6.85309,38.10064],[-6.84968,38.10348],[-6.8515,38.10871],[-6.84941,38.11174],[-6.84471,38.11369],[-6.84315,38.11808],[-6.83879,38.11699],[-6.83243,38.118],[-6.82999,38.12212],[-6.82327,38.12471],[-6.82167,38.124],[-6.82172,38.12133],[-6.81581,38.12014],[-6.80914,38.1347],[-6.79954,38.1438],[-6.7989,38.15524],[-6.79426,38.15987],[-6.79286,38.16634],[-6.79287,38.17332],[-6.79509,38.17854],[-6.80572,38.17866],[-6.81208,38.17588],[-6.82237,38.17382],[-6.84843,38.17724],[-6.86151,38.18124],[-6.8833,38.19353],[-6.89246,38.19541],[-6.89422,38.19797],[-6.89842,38.19857],[-6.90248,38.20181],[-6.91349,38.19977],[-6.91788,38.20127],[-6.92327,38.20057],[-6.92517,38.2023],[-6.92384,38.2051],[-6.9269,38.20444],[-6.93156,38.20821],[-6.9348,38.20046],[-6.94257,38.19328],[-6.9536,38.18633],[-6.96142,38.17685],[-6.96555,38.16788],[-6.96728,38.16819],[-6.96914,38.16631],[-6.96839,38.15927],[-6.96243,38.1546],[-6.95803,38.15629],[-6.95357,38.15467],[-6.95218,38.15278],[-6.9538,38.15114],[-6.95889,38.15037],[-6.95832,38.14548],[-6.96155,38.14053],[-6.96032,38.1384],[-6.95782,38.13763],[-6.95943,38.13348],[-6.96502,38.13193],[-6.96388,38.13118],[-6.96574,38.12976],[-6.96453,38.12831],[-6.9677,38.12528],[-6.96784,38.12253],[-6.97028,38.12064],[-6.9724,38.11483],[-6.97066,38.11055],[-6.97512,38.1082],[-6.97559,38.10417],[-6.97878,38.10505],[-6.98304,38.10288],[-6.98684,38.10387],[-6.98956,38.09222],[-6.98948,38.09177]]]}},{"type":"Feature","properties":{"mun_code":"21075","mun_name":"Villanueva de las Cruces","mun_name_local":null,"prov_code":"21","prov_name":"Huelva","acom_code":"01","acom_name":"Andalucía","geo_point_2d":{"lon":-7.014211010087074,"lat":37.61898204319331}},"geometry":{"type":"Polygon","coordinates":[[[-7.06118,37.61064],[-7.05502,37.60961],[-7.0383,37.60185],[-7.02834,37.59971],[-7.01824,37.59947],[-7.01068,37.5912],[-7.01123,37.58868],[-7.00361,37.58791],[-7.00127,37.58325],[-6.99195,37.58307],[-6.9908,37.58226],[-6.99199,37.57993],[-6.98963,37.57761],[-6.98624,37.57813],[-6.98511,37.57715],[-6.98273,37.57871],[-6.98209,37.57607],[-6.97982,37.57609],[-6.98163,37.57497],[-6.97993,37.57437],[-6.98045,37.57305],[-6.97549,37.57466],[-6.97349,37.58261],[-6.97555,37.58314],[-6.98017,37.57973],[-6.98158,37.58058],[-6.9802,37.58396],[-6.98095,37.59092],[-6.9853,37.59629],[-6.9844,37.59751],[-6.98018,37.59634],[-6.97817,37.59892],[-6.978,37.60462],[-6.98413,37.61076],[-6.99279,37.61228],[-6.99262,37.61436],[-6.98847,37.61878],[-6.99301,37.6194],[-6.99447,37.62425],[-6.99976,37.62658],[-6.99954,37.6294],[-6.99551,37.63202],[-6.99945,37.6335],[-6.99638,37.63836],[-7.00159,37.64124],[-7.00209,37.64367],[-6.996,37.65151],[-6.99627,37.6595],[-6.99798,37.66059],[-7.00286,37.65972],[-7.00719,37.66674],[-7.00997,37.66555],[-7.03972,37.63791],[-7.05187,37.62402],[-7.05314,37.62086],[-7.05575,37.61932],[-7.05574,37.61728],[-7.05972,37.61595],[-7.05922,37.61419],[-7.06124,37.61129],[-7.06118,37.61064]]]}},{"type":"Feature","properties":{"mun_code":"21015","mun_name":"Cabezas Rubias","mun_name_local":null,"prov_code":"21","prov_name":"Huelva","acom_code":"01","acom_name":"Andalucía","geo_point_2d":{"lon":-7.107028088319811,"lat":37.766767733758684}},"geometry":{"type":"MultiPolygon","coordinates":[[[[-7.12332,37.67609],[-7.12975,37.68444],[-7.12968,37.68835],[-7.13291,37.68874],[-7.13841,37.68486],[-7.14145,37.6846],[-7.14742,37.67674],[-7.13694,37.67708],[-7.13264,37.67347],[-7.13039,37.67472],[-7.12332,37.67609]]],[[[-7.12538,37.82687],[-7.16295,37.74076],[-7.16215,37.73768],[-7.16545,37.72161],[-7.16721,37.71798],[-7.17115,37.71498],[-7.17355,37.70943],[-7.1737,37.70275],[-7.17067,37.70145],[-7.16939,37.69786],[-7.16423,37.69589],[-7.15975,37.69813],[-7.15682,37.69813],[-7.15497,37.69628],[-7.15687,37.69305],[-7.15494,37.69184],[-7.14572,37.69822],[-7.14008,37.69938],[-7.13457,37.70359],[-7.1331,37.7069],[-7.12897,37.70739],[-7.12512,37.70953],[-7.12263,37.72138],[-7.1039,37.72024],[-7.08089,37.72081],[-7.0746,37.72381],[-7.06991,37.72941],[-7.0681,37.74517],[-7.0637,37.75432],[-7.06069,37.75718],[-7.05896,37.76597],[-7.05414,37.76977],[-7.04398,37.78496],[-7.04992,37.79175],[-7.04769,37.79527],[-7.04677,37.80205],[-7.04783,37.80591],[-7.04604,37.81242],[-7.04967,37.81629],[-7.05603,37.818],[-7.05714,37.82816],[-7.06184,37.83483],[-7.06654,37.83756],[-7.07083,37.8349],[-7.10725,37.82898],[-7.12538,37.82687]]]]}},{"type":"Feature","properties":{"mun_code":"21028","mun_name":"Cumbres de San Bartolomé","mun_name_local":null,"prov_code":"21","prov_name":"Huelva","acom_code":"01","acom_name":"Andalucía","geo_point_2d":{"lon":-6.798240574427401,"lat":38.0581937410121}},"geometry":{"type":"Polygon","coordinates":[[[-6.88571,38.02403],[-6.87723,38.02322],[-6.87049,38.02766],[-6.86609,38.0267],[-6.85553,38.01948],[-6.85608,38.01632],[-6.85474,38.01513],[-6.85109,38.01344],[-6.84714,38.01511],[-6.83576,38.00823],[-6.83575,38.00646],[-6.83805,38.00639],[-6.83858,38.0031],[-6.83638,37.99776],[-6.83227,37.99712],[-6.82924,37.99817],[-6.82711,37.99706],[-6.82426,38.002],[-6.82057,37.99987],[-6.81873,37.99568],[-6.81532,37.99445],[-6.8119,37.99533],[-6.8105,37.99769],[-6.8071,37.99781],[-6.80581,38.0001],[-6.79669,38.00662],[-6.79439,38.00646],[-6.79109,38.00321],[-6.78603,38.00463],[-6.78706,38.00529],[-6.78322,38.01311],[-6.76636,38.01106],[-6.75374,38.01396],[-6.74266,38.00669],[-6.74085,38.00896],[-6.74204,38.01067],[-6.74093,38.01596],[-6.73723,38.01431],[-6.73509,38.01732],[-6.73559,38.02037],[-6.73316,38.02089],[-6.73196,38.01969],[-6.73067,38.02149],[-6.73253,38.0229],[-6.72944,38.02507],[-6.72944,38.02731],[-6.73295,38.03002],[-6.72998,38.03659],[-6.72414,38.0387],[-6.72227,38.04148],[-6.71676,38.04237],[-6.71409,38.05246],[-6.71494,38.0653],[-6.71347,38.0689],[-6.70962,38.07201],[-6.70757,38.07845],[-6.70784,38.08021],[-6.71275,38.08058],[-6.71475,38.08517],[-6.71465,38.08852],[-6.71134,38.09495],[-6.71546,38.09262],[-6.71697,38.09992],[-6.71975,38.10062],[-6.72417,38.09691],[-6.72686,38.09749],[-6.72713,38.09971],[-6.72939,38.0995],[-6.73516,38.09394],[-6.73046,38.09244],[-6.73199,38.09005],[-6.74224,38.09331],[-6.74768,38.09146],[-6.75449,38.09501],[-6.75822,38.09271],[-6.76102,38.09787],[-6.77009,38.09946],[-6.76457,38.10241],[-6.76493,38.106],[-6.77136,38.10319],[-6.77364,38.10467],[-6.76962,38.11037],[-6.77005,38.11211],[-6.77486,38.11264],[-6.78035,38.10902],[-6.78334,38.11192],[-6.78916,38.10917],[-6.79688,38.11047],[-6.79783,38.11388],[-6.79995,38.1148],[-6.80782,38.11111],[-6.81264,38.11514],[-6.81581,38.12014],[-6.82172,38.12133],[-6.82167,38.124],[-6.82327,38.12471],[-6.82999,38.12212],[-6.83243,38.118],[-6.83879,38.11699],[-6.84315,38.11808],[-6.84471,38.11369],[-6.84941,38.11174],[-6.8515,38.10871],[-6.84968,38.10348],[-6.85309,38.10064],[-6.85393,38.09734],[-6.85749,38.09655],[-6.8595,38.09354],[-6.8635,38.09464],[-6.86823,38.09262],[-6.85791,38.0885],[-6.86414,38.08342],[-6.86368,38.07822],[-6.86927,38.06879],[-6.87323,38.06717],[-6.87442,38.06321],[-6.87281,38.05969],[-6.88058,38.05338],[-6.87934,38.04507],[-6.8817,38.0389],[-6.88479,38.03738],[-6.8854,38.02868],[-6.88571,38.02403]]]}},{"type":"Feature","properties":{"mun_code":"21030","mun_name":"Chucena","mun_name_local":null,"prov_code":"21","prov_name":"Huelva","acom_code":"01","acom_name":"Andalucía","geo_point_2d":{"lon":-6.394695702420685,"lat":37.35514146977033}},"geometry":{"type":"Polygon","coordinates":[[[-6.44143,37.33282],[-6.44038,37.33099],[-6.4337,37.32896],[-6.43193,37.3266],[-6.42658,37.32485],[-6.42,37.31987],[-6.40812,37.33351],[-6.40233,37.33766],[-6.39232,37.34277],[-6.38497,37.33729],[-6.37822,37.34608],[-6.37395,37.34873],[-6.36843,37.34949],[-6.36194,37.35575],[-6.3491,37.36246],[-6.34586,37.36555],[-6.35089,37.36979],[-6.35246,37.36876],[-6.3556,37.37086],[-6.35594,37.37375],[-6.36362,37.37634],[-6.36392,37.37968],[-6.3663,37.37877],[-6.36764,37.38034],[-6.37417,37.37964],[-6.37747,37.38076],[-6.37955,37.38329],[-6.39255,37.38654],[-6.39405,37.38301],[-6.39555,37.38319],[-6.40053,37.37212],[-6.40939,37.36462],[-6.41411,37.35821],[-6.41663,37.35704],[-6.42006,37.35837],[-6.4408,37.3335],[-6.44143,37.33282]]]}},{"type":"Feature","properties":{"mun_code":"21012","mun_name":"Berrocal","mun_name_local":null,"prov_code":"21","prov_name":"Huelva","acom_code":"01","acom_name":"Andalucía","geo_point_2d":{"lon":-6.508685634943559,"lat":37.566186539006466}},"geometry":{"type":"Polygon","coordinates":[[[-6.5815,37.53511],[-6.57597,37.53352],[-6.57221,37.52887],[-6.54012,37.5184],[-6.5311,37.51809],[-6.52396,37.51554],[-6.52444,37.50559],[-6.51324,37.50304],[-6.49491,37.50336],[-6.46932,37.51047],[-6.46277,37.51571],[-6.45657,37.51602],[-6.45255,37.52913],[-6.45548,37.53318],[-6.45347,37.53652],[-6.45376,37.5392],[-6.45758,37.54242],[-6.45953,37.54866],[-6.45878,37.57033],[-6.45469,37.58421],[-6.45203,37.58396],[-6.44961,37.58552],[-6.4486,37.58922],[-6.44986,37.58955],[-6.4346,37.60326],[-6.42793,37.62126],[-6.43119,37.62029],[-6.43533,37.62259],[-6.43868,37.62134],[-6.44383,37.62335],[-6.4468,37.62081],[-6.45403,37.62069],[-6.45643,37.62311],[-6.4613,37.62104],[-6.46497,37.62148],[-6.46625,37.61979],[-6.46734,37.62121],[-6.47198,37.62014],[-6.47387,37.62245],[-6.47657,37.61934],[-6.48122,37.61974],[-6.48141,37.62106],[-6.48422,37.62031],[-6.48511,37.61602],[-6.4891,37.61786],[-6.49004,37.62102],[-6.49655,37.61708],[-6.49748,37.61947],[-6.49988,37.61832],[-6.50101,37.6197],[-6.49796,37.62101],[-6.49864,37.62271],[-6.50108,37.6216],[-6.5042,37.62438],[-6.50442,37.62303],[-6.50821,37.62105],[-6.50859,37.62467],[-6.51125,37.62252],[-6.51283,37.62477],[-6.51499,37.62526],[-6.51647,37.6225],[-6.51885,37.623],[-6.52024,37.62087],[-6.52262,37.62186],[-6.52239,37.61888],[-6.52641,37.61814],[-6.52862,37.61579],[-6.53046,37.61915],[-6.53231,37.61855],[-6.53256,37.62026],[-6.53698,37.62096],[-6.53636,37.62345],[-6.54174,37.62907],[-6.54608,37.62875],[-6.5475,37.62243],[-6.55035,37.62106],[-6.5481,37.6183],[-6.5505,37.6126],[-6.54988,37.6009],[-6.55261,37.59503],[-6.55068,37.59285],[-6.55145,37.58803],[-6.54908,37.5878],[-6.5511,37.58488],[-6.5504,37.58121],[-6.55403,37.58209],[-6.55635,37.57905],[-6.56223,37.58199],[-6.56506,37.57892],[-6.56665,37.58063],[-6.56555,37.58475],[-6.56856,37.58489],[-6.57168,37.57639],[-6.57067,37.5715],[-6.58026,37.56954],[-6.58494,37.56664],[-6.59004,37.56801],[-6.59241,37.55882],[-6.59781,37.55828],[-6.59249,37.54857],[-6.58323,37.54998],[-6.57799,37.54756],[-6.58175,37.53534],[-6.5815,37.53511]]]}},{"type":"Feature","properties":{"mun_code":"21058","mun_name":"Puebla de Guzmán","mun_name_local":null,"prov_code":"21","prov_name":"Huelva","acom_code":"01","acom_name":"Andalucía","geo_point_2d":{"lon":-7.301985438288202,"lat":37.63551269451085}},"geometry":{"type":"Polygon","coordinates":[[[-7.50112,37.58381],[-7.4905,37.58995],[-7.48952,37.59241],[-7.48747,37.59116],[-7.47599,37.59384],[-7.47085,37.59857],[-7.46922,37.60289],[-7.46274,37.60183],[-7.46185,37.59738],[-7.45821,37.5961],[-7.45387,37.59799],[-7.45145,37.60519],[-7.44102,37.60308],[-7.43771,37.60438],[-7.43292,37.60378],[-7.43066,37.6115],[-7.42714,37.60878],[-7.422,37.60953],[-7.42167,37.60488],[-7.41723,37.60804],[-7.41175,37.60645],[-7.40881,37.61082],[-7.40632,37.61102],[-7.40096,37.60811],[-7.40108,37.61283],[-7.39682,37.61598],[-7.39212,37.61608],[-7.39206,37.61896],[-7.39047,37.62011],[-7.3903,37.61588],[-7.38575,37.61506],[-7.38525,37.61047],[-7.38298,37.60819],[-7.38448,37.60626],[-7.38171,37.60354],[-7.37968,37.60361],[-7.37882,37.60578],[-7.37598,37.60582],[-7.37422,37.60808],[-7.36869,37.60545],[-7.36495,37.60776],[-7.36422,37.60301],[-7.36077,37.60237],[-7.3547,37.59768],[-7.3529,37.59769],[-7.35262,37.60223],[-7.3512,37.60353],[-7.34727,37.60079],[-7.34877,37.59555],[-7.34597,37.59733],[-7.34383,37.59528],[-7.3396,37.5967],[-7.33821,37.59479],[-7.34217,37.59263],[-7.34261,37.58855],[-7.3394,37.58463],[-7.33505,37.58749],[-7.33155,37.59353],[-7.32949,37.59373],[-7.32767,37.58572],[-7.32271,37.58573],[-7.31847,37.58117],[-7.31576,37.5737],[-7.30824,37.57396],[-7.31287,37.57011],[-7.31039,37.56793],[-7.30986,37.55976],[-7.26707,37.55282],[-7.23201,37.54226],[-7.22795,37.54431],[-7.21911,37.55421],[-7.21191,37.55726],[-7.20984,37.56074],[-7.21056,37.56476],[-7.20577,37.56609],[-7.20102,37.57131],[-7.19372,37.57574],[-7.18642,37.5837],[-7.1843,37.59326],[-7.17706,37.59707],[-7.17333,37.60908],[-7.17151,37.63272],[-7.16941,37.63816],[-7.16476,37.64274],[-7.15273,37.64494],[-7.15546,37.66245],[-7.14916,37.66368],[-7.14721,37.66253],[-7.1347,37.67226],[-7.12332,37.67609],[-7.13264,37.67347],[-7.13694,37.67708],[-7.14742,37.67674],[-7.14145,37.6846],[-7.14622,37.68759],[-7.15073,37.68457],[-7.15396,37.6918],[-7.15687,37.69305],[-7.15554,37.69737],[-7.15858,37.69834],[-7.1638,37.69599],[-7.16617,37.69628],[-7.16939,37.69786],[-7.17156,37.70197],[-7.17316,37.70133],[-7.17351,37.69495],[-7.1838,37.69765],[-7.18254,37.69281],[-7.18604,37.68922],[-7.18694,37.68531],[-7.18972,37.69027],[-7.19208,37.68995],[-7.19364,37.68783],[-7.19525,37.68856],[-7.19387,37.69214],[-7.19697,37.6977],[-7.20114,37.6949],[-7.20808,37.69472],[-7.21266,37.69655],[-7.22148,37.69434],[-7.2247,37.69629],[-7.22983,37.69363],[-7.23452,37.6953],[-7.23512,37.69718],[-7.23194,37.70033],[-7.23468,37.70117],[-7.23983,37.69914],[-7.23786,37.69593],[-7.24194,37.69429],[-7.24516,37.69597],[-7.24665,37.69883],[-7.24603,37.70222],[-7.24818,37.70277],[-7.25361,37.69885],[-7.25945,37.69858],[-7.2599,37.69725],[-7.35255,37.67985],[-7.35427,37.68167],[-7.35307,37.68416],[-7.35523,37.68537],[-7.3532,37.68884],[-7.35498,37.69171],[-7.35921,37.69126],[-7.35984,37.69452],[-7.36844,37.69693],[-7.37343,37.69799],[-7.3755,37.69728],[-7.384,37.69992],[-7.3943,37.69985],[-7.40013,37.70174],[-7.40141,37.7009],[-7.40212,37.70219],[-7.41393,37.70076],[-7.41962,37.69799],[-7.42147,37.69915],[-7.4273,37.69909],[-7.42799,37.70123],[-7.4315,37.70005],[-7.43484,37.70023],[-7.43599,37.70164],[-7.44119,37.69964],[-7.44369,37.70206],[-7.44789,37.69745],[-7.44404,37.68746],[-7.44806,37.68109],[-7.45259,37.67742],[-7.44799,37.67364],[-7.44381,37.66439],[-7.45572,37.66235],[-7.45585,37.66105],[-7.45132,37.65828],[-7.45487,37.65418],[-7.45325,37.648],[-7.45485,37.64628],[-7.45786,37.64632],[-7.46445,37.6499],[-7.46734,37.64943],[-7.46351,37.64259],[-7.46626,37.63754],[-7.47,37.63681],[-7.47131,37.63433],[-7.47031,37.62523],[-7.4715,37.62416],[-7.4793,37.62561],[-7.48244,37.62388],[-7.47984,37.61857],[-7.48612,37.61253],[-7.48549,37.60989],[-7.48874,37.60419],[-7.49066,37.60336],[-7.49731,37.60702],[-7.50387,37.60467],[-7.5004,37.59735],[-7.4963,37.59441],[-7.49782,37.5899],[-7.50132,37.58645],[-7.50115,37.58404],[-7.50112,37.58381]]]}},{"type":"Feature","properties":{"mun_code":"21072","mun_name":"Valverde del Camino","mun_name_local":null,"prov_code":"21","prov_name":"Huelva","acom_code":"01","acom_name":"Andalucía","geo_point_2d":{"lon":-6.739933327939562,"lat":37.55912085172188}},"geometry":{"type":"Polygon","coordinates":[[[-6.86213,37.55556],[-6.86104,37.55563],[-6.86129,37.55393],[-6.85902,37.55436],[-6.85693,37.54956],[-6.85413,37.54839],[-6.85555,37.54873],[-6.85686,37.54666],[-6.85468,37.54376],[-6.85709,37.54282],[-6.85634,37.54057],[-6.85755,37.54026],[-6.85608,37.53843],[-6.85285,37.5371],[-6.85151,37.53808],[-6.85164,37.53644],[-6.84856,37.53594],[-6.84641,37.5334],[-6.84644,37.53152],[-6.84373,37.5317],[-6.84264,37.53028],[-6.83981,37.5309],[-6.83833,37.52888],[-6.8372,37.53039],[-6.83594,37.52932],[-6.83416,37.53045],[-6.82753,37.52811],[-6.82511,37.52122],[-6.82107,37.51604],[-6.80988,37.51514],[-6.80756,37.51348],[-6.80063,37.51433],[-6.77749,37.5086],[-6.76028,37.50009],[-6.75524,37.49445],[-6.75131,37.4982],[-6.75094,37.49719],[-6.74692,37.49697],[-6.74267,37.49733],[-6.742,37.49865],[-6.73873,37.49787],[-6.73774,37.499],[-6.72977,37.49918],[-6.72864,37.50087],[-6.72363,37.50272],[-6.72283,37.50476],[-6.71947,37.50582],[-6.71788,37.50934],[-6.70464,37.51241],[-6.69541,37.51072],[-6.68664,37.51574],[-6.68088,37.50842],[-6.67368,37.51131],[-6.6702,37.51081],[-6.66754,37.51573],[-6.66814,37.51825],[-6.66515,37.52251],[-6.66685,37.52864],[-6.66397,37.53041],[-6.65026,37.53003],[-6.64573,37.52736],[-6.63969,37.53022],[-6.63764,37.52909],[-6.63527,37.52633],[-6.63523,37.52252],[-6.63326,37.52237],[-6.63012,37.51917],[-6.61957,37.51673],[-6.62441,37.50806],[-6.62273,37.50484],[-6.6195,37.5065],[-6.61852,37.51301],[-6.61261,37.51621],[-6.60765,37.51427],[-6.6055,37.51144],[-6.60143,37.51027],[-6.59428,37.51095],[-6.58814,37.51404],[-6.58463,37.51708],[-6.59289,37.51986],[-6.5909,37.52111],[-6.59038,37.52592],[-6.5829,37.52562],[-6.58029,37.52755],[-6.58195,37.53052],[-6.5815,37.53511],[-6.60019,37.54878],[-6.61795,37.55847],[-6.61911,37.56142],[-6.6242,37.56425],[-6.62479,37.56707],[-6.62894,37.56657],[-6.63442,37.5682],[-6.63464,37.57289],[-6.63722,37.57605],[-6.64146,37.57737],[-6.64672,37.57712],[-6.64857,37.57904],[-6.659,37.57886],[-6.66869,37.58142],[-6.67544,37.58154],[-6.68366,37.58514],[-6.6866,37.58701],[-6.69349,37.59712],[-6.71193,37.61291],[-6.73921,37.61566],[-6.74922,37.61954],[-6.75804,37.62005],[-6.78041,37.62474],[-6.7924,37.62515],[-6.81991,37.63127],[-6.8245,37.62835],[-6.82314,37.62616],[-6.82432,37.62147],[-6.81992,37.61562],[-6.83113,37.6116],[-6.83616,37.61114],[-6.83471,37.608],[-6.83975,37.60374],[-6.84042,37.60039],[-6.84362,37.599],[-6.84391,37.59568],[-6.84722,37.59323],[-6.84384,37.5872],[-6.84583,37.58218],[-6.84571,37.5775],[-6.84978,37.57516],[-6.85219,37.57674],[-6.85379,37.58056],[-6.85555,37.57935],[-6.85622,37.57659],[-6.85191,37.56906],[-6.85401,37.56694],[-6.85932,37.56603],[-6.85798,37.56186],[-6.8611,37.55634],[-6.86213,37.55556]]]}},{"type":"Feature","properties":{"mun_code":"21036","mun_name":"La Granada de Río-Tinto","mun_name_local":null,"prov_code":"21","prov_name":"Huelva","acom_code":"01","acom_name":"Andalucía","geo_point_2d":{"lon":-6.508836648975423,"lat":37.77197902831355}},"geometry":{"type":"Polygon","coordinates":[[[-6.55733,37.73742],[-6.54284,37.73884],[-6.53798,37.7382],[-6.53421,37.73966],[-6.5317,37.74323],[-6.52941,37.74216],[-6.52499,37.7427],[-6.52261,37.74042],[-6.51789,37.7392],[-6.51651,37.7368],[-6.51113,37.73659],[-6.50872,37.7387],[-6.50636,37.73804],[-6.49234,37.72915],[-6.4873,37.72749],[-6.48343,37.72385],[-6.48269,37.72102],[-6.48203,37.72672],[-6.4841,37.73132],[-6.48191,37.73653],[-6.47748,37.73972],[-6.47604,37.74457],[-6.4802,37.74619],[-6.48062,37.76434],[-6.48483,37.76993],[-6.48046,37.7761],[-6.47082,37.77721],[-6.47168,37.78047],[-6.47653,37.78525],[-6.47838,37.79085],[-6.47829,37.79377],[-6.47333,37.79869],[-6.4749,37.80833],[-6.48046,37.81],[-6.49252,37.80956],[-6.49872,37.81062],[-6.51327,37.80801],[-6.52229,37.80992],[-6.52376,37.80827],[-6.52732,37.80806],[-6.53157,37.80879],[-6.5328,37.81056],[-6.5357,37.80681],[-6.53365,37.80458],[-6.53722,37.80248],[-6.54585,37.80083],[-6.54897,37.79794],[-6.54552,37.79033],[-6.53382,37.78599],[-6.53013,37.77712],[-6.52989,37.77093],[-6.53449,37.76217],[-6.53705,37.76054],[-6.54007,37.76086],[-6.54306,37.75859],[-6.55424,37.74398],[-6.55733,37.73742]]]}},{"type":"Feature","properties":{"mun_code":"21076","mun_name":"Villanueva de los Castillejos","mun_name_local":null,"prov_code":"21","prov_name":"Huelva","acom_code":"01","acom_name":"Andalucía","geo_point_2d":{"lon":-7.207842984321872,"lat":37.455157015527085}},"geometry":{"type":"Polygon","coordinates":[[[-7.34393,37.42061],[-7.3339,37.41776],[-7.33826,37.40905],[-7.33855,37.40477],[-7.33506,37.40129],[-7.33231,37.40226],[-7.33056,37.40029],[-7.3285,37.40067],[-7.32754,37.39884],[-7.3246,37.40002],[-7.32265,37.3982],[-7.31157,37.39866],[-7.30786,37.39697],[-7.30606,37.39996],[-7.30314,37.39837],[-7.30144,37.40063],[-7.29971,37.39962],[-7.299,37.40126],[-7.29498,37.4009],[-7.29333,37.40621],[-7.29006,37.40955],[-7.28115,37.41052],[-7.24546,37.40482],[-7.23909,37.40127],[-7.23086,37.40124],[-7.21327,37.39372],[-7.19721,37.39486],[-7.19512,37.39306],[-7.16867,37.38388],[-7.14749,37.37208],[-7.13772,37.37366],[-7.1307,37.37312],[-7.12318,37.37066],[-7.11671,37.36666],[-7.11033,37.36991],[-7.10315,37.3713],[-7.10062,37.37335],[-7.09776,37.38461],[-7.08728,37.39112],[-7.13768,37.3988],[-7.14519,37.42456],[-7.14356,37.4391],[-7.13468,37.442],[-7.12954,37.44953],[-7.12886,37.4551],[-7.12342,37.46641],[-7.12604,37.47258],[-7.12411,37.47322],[-7.12476,37.47468],[-7.12276,37.47735],[-7.12035,37.47631],[-7.11717,37.47723],[-7.11577,37.47617],[-7.11293,37.47764],[-7.10809,37.47507],[-7.10166,37.47505],[-7.09957,37.47295],[-7.09433,37.47214],[-7.09336,37.46997],[-7.08973,37.473],[-7.0873,37.47314],[-7.08703,37.47157],[-7.0849,37.47162],[-7.08468,37.46845],[-7.08307,37.46809],[-7.07733,37.47001],[-7.07915,37.47296],[-7.08379,37.47376],[-7.084,37.47562],[-7.07586,37.48277],[-7.06957,37.4813],[-7.06236,37.48201],[-7.06337,37.4886],[-7.06111,37.49694],[-7.06562,37.50779],[-7.06248,37.51186],[-7.06273,37.52016],[-7.07155,37.5247],[-7.07217,37.52149],[-7.07371,37.52195],[-7.07466,37.52073],[-7.07759,37.5217],[-7.08088,37.51863],[-7.08593,37.51888],[-7.08901,37.52484],[-7.09161,37.52356],[-7.09418,37.52583],[-7.09203,37.52945],[-7.09735,37.53213],[-7.13857,37.52059],[-7.16339,37.51833],[-7.1838,37.51109],[-7.22556,37.50118],[-7.24577,37.50079],[-7.27682,37.50538],[-7.30789,37.5039],[-7.33524,37.50549],[-7.32945,37.49278],[-7.33097,37.48309],[-7.32968,37.47442],[-7.32271,37.46506],[-7.3192,37.46269],[-7.34192,37.44639],[-7.3499,37.43783],[-7.35341,37.43061],[-7.34995,37.42489],[-7.34378,37.42101],[-7.34393,37.42061]]]}},{"type":"Feature","properties":{"mun_code":"21055","mun_name":"Palos de la Frontera","mun_name_local":null,"prov_code":"21","prov_name":"Huelva","acom_code":"01","acom_name":"Andalucía","geo_point_2d":{"lon":-6.892656369338356,"lat":37.19394152720056}},"geometry":{"type":"Polygon","coordinates":[[[-6.91869,37.17373],[-6.91668,37.1763],[-6.91567,37.1758],[-6.91011,37.17108],[-6.91131,37.17011],[-6.91345,37.17125],[-6.91261,37.17023],[-6.90992,37.16901],[-6.91099,37.16984],[-6.90998,37.17101],[-6.90542,37.16844],[-6.90661,37.16705],[-6.90881,37.16788],[-6.90466,37.16562],[-6.90634,37.1668],[-6.90513,37.16809],[-6.89757,37.16357],[-6.89874,37.16079],[-6.89615,37.16228],[-6.89535,37.16033],[-6.87425,37.14834],[-6.8707,37.14819],[-6.83477,37.13557],[-6.83294,37.13419],[-6.83328,37.13245],[-6.83483,37.13276],[-6.83372,37.1318],[-6.83277,37.13134],[-6.8314,37.13313],[-6.8285,37.13179],[-6.83049,37.12925],[-6.83641,37.13147],[-6.83035,37.12853],[-6.8289,37.12972],[-6.82894,37.12852],[-6.81286,37.1265],[-6.79892,37.12213],[-6.75616,37.10318],[-6.72977,37.08992],[-6.75553,37.10377],[-6.7998,37.12439],[-6.83336,37.13662],[-6.85355,37.14719],[-6.86245,37.14972],[-6.86534,37.15475],[-6.86769,37.19117],[-6.87307,37.20821],[-6.87348,37.21726],[-6.87148,37.22457],[-6.8812,37.23923],[-6.89602,37.24969],[-6.90652,37.24103],[-6.91179,37.23434],[-6.9367,37.21044],[-6.94192,37.207],[-6.93947,37.19822],[-6.93277,37.18592],[-6.91944,37.17431],[-6.91869,37.17373]]]}},{"type":"Feature","properties":{"mun_code":"21013","mun_name":"Bollullos Par del Condado","mun_name_local":null,"prov_code":"21","prov_name":"Huelva","acom_code":"01","acom_name":"Andalucía","geo_point_2d":{"lon":-6.535865743565272,"lat":37.33026426056875}},"geometry":{"type":"Polygon","coordinates":[[[-6.59161,37.33586],[-6.58885,37.33275],[-6.5738,37.32609],[-6.57113,37.3241],[-6.57144,37.32156],[-6.56384,37.31752],[-6.56176,37.30838],[-6.5624,37.30289],[-6.55963,37.29676],[-6.55936,37.29103],[-6.54886,37.28758],[-6.53771,37.28811],[-6.53534,37.29061],[-6.53586,37.29504],[-6.53261,37.30157],[-6.52444,37.30465],[-6.52102,37.30161],[-6.51715,37.3025],[-6.50428,37.3092],[-6.4948,37.31769],[-6.47206,37.33057],[-6.4837,37.33638],[-6.49376,37.34344],[-6.50155,37.35179],[-6.50384,37.35785],[-6.51966,37.36182],[-6.52715,37.36154],[-6.53377,37.35923],[-6.55398,37.35596],[-6.56654,37.35935],[-6.56835,37.35658],[-6.57746,37.36175],[-6.58165,37.35664],[-6.58335,37.34911],[-6.59107,37.33642],[-6.59161,37.33586]]]}},{"type":"Feature","properties":{"mun_code":"21077","mun_name":"Villarrasa","mun_name_local":null,"prov_code":"21","prov_name":"Huelva","acom_code":"01","acom_name":"Andalucía","geo_point_2d":{"lon":-6.628208502367808,"lat":37.40077258900918}},"geometry":{"type":"Polygon","coordinates":[[[-6.62264,37.34845],[-6.61326,37.34902],[-6.60423,37.34468],[-6.60047,37.3404],[-6.59161,37.33586],[-6.58927,37.33781],[-6.58335,37.34911],[-6.58165,37.35664],[-6.57746,37.36175],[-6.58109,37.36436],[-6.58366,37.36953],[-6.58229,37.37456],[-6.58607,37.38999],[-6.59377,37.41479],[-6.59664,37.41843],[-6.5985,37.42487],[-6.60458,37.42937],[-6.60981,37.42414],[-6.61117,37.4254],[-6.61116,37.44338],[-6.61483,37.44687],[-6.61426,37.44823],[-6.61663,37.44831],[-6.62063,37.45324],[-6.63201,37.45896],[-6.65244,37.452],[-6.66419,37.44379],[-6.66399,37.44203],[-6.66655,37.43915],[-6.67627,37.43888],[-6.67974,37.43622],[-6.68068,37.43345],[-6.67873,37.42855],[-6.67983,37.42445],[-6.67718,37.41675],[-6.67897,37.40762],[-6.67508,37.39467],[-6.66454,37.38847],[-6.66389,37.38322],[-6.66053,37.38349],[-6.65274,37.37689],[-6.64721,37.37542],[-6.63636,37.369],[-6.63337,37.36588],[-6.6312,37.35432],[-6.62279,37.34868],[-6.62264,37.34845]]]}},{"type":"Feature","properties":{"mun_code":"21071","mun_name":"Valdelarco","mun_name_local":null,"prov_code":"21","prov_name":"Huelva","acom_code":"01","acom_name":"Andalucía","geo_point_2d":{"lon":-6.671415388643768,"lat":37.951909514640164}},"geometry":{"type":"Polygon","coordinates":[[[-6.70134,37.96695],[-6.70069,37.96201],[-6.69599,37.95882],[-6.70126,37.95394],[-6.70107,37.95161],[-6.69471,37.94877],[-6.69727,37.94519],[-6.677,37.93517],[-6.66798,37.93551],[-6.66213,37.94344],[-6.65283,37.94543],[-6.65082,37.94944],[-6.64367,37.94997],[-6.64648,37.94854],[-6.64459,37.94585],[-6.64443,37.94163],[-6.64261,37.94069],[-6.64407,37.93761],[-6.64611,37.93721],[-6.64609,37.9358],[-6.64896,37.93626],[-6.64833,37.93256],[-6.65221,37.92902],[-6.65987,37.92938],[-6.66117,37.92534],[-6.65959,37.9231],[-6.64876,37.92446],[-6.64419,37.92273],[-6.64142,37.93206],[-6.64254,37.93724],[-6.64084,37.9399],[-6.64312,37.9425],[-6.64318,37.95057],[-6.64811,37.95778],[-6.65363,37.96261],[-6.66912,37.96917],[-6.66935,37.97503],[-6.66253,37.98061],[-6.6619,37.98258],[-6.66562,37.98337],[-6.66697,37.98053],[-6.67526,37.97701],[-6.67551,37.97115],[-6.67899,37.96613],[-6.68509,37.96365],[-6.6852,37.96469],[-6.68767,37.96499],[-6.70134,37.96695]]]}},{"type":"Feature","properties":{"mun_code":"21001","mun_name":"Alájar","mun_name_local":null,"prov_code":"21","prov_name":"Huelva","acom_code":"01","acom_name":"Andalucía","geo_point_2d":{"lon":-6.655781269846462,"lat":37.84956303703935}},"geometry":{"type":"Polygon","coordinates":[[[-6.69974,37.86136],[-6.70102,37.85853],[-6.69968,37.85685],[-6.6932,37.8546],[-6.69699,37.85149],[-6.6961,37.84252],[-6.68966,37.8368],[-6.68668,37.83211],[-6.6745,37.82757],[-6.66711,37.82709],[-6.6589,37.82872],[-6.65412,37.8182],[-6.65122,37.81663],[-6.65425,37.81455],[-6.64758,37.81627],[-6.64877,37.81346],[-6.64686,37.81212],[-6.64763,37.81029],[-6.64492,37.81132],[-6.64362,37.81415],[-6.64064,37.8135],[-6.63959,37.81484],[-6.63843,37.81158],[-6.64016,37.81134],[-6.63941,37.80815],[-6.63785,37.80903],[-6.6363,37.80725],[-6.63492,37.80947],[-6.63328,37.80678],[-6.6305,37.8057],[-6.62836,37.80717],[-6.62903,37.81016],[-6.63098,37.80942],[-6.62989,37.81286],[-6.62392,37.81538],[-6.62038,37.81886],[-6.62396,37.82223],[-6.62407,37.82541],[-6.62209,37.82541],[-6.61683,37.82985],[-6.61647,37.84183],[-6.62157,37.85158],[-6.62451,37.86368],[-6.6258,37.86578],[-6.63126,37.86716],[-6.63362,37.87129],[-6.63606,37.87181],[-6.64084,37.88159],[-6.64052,37.88598],[-6.6565,37.88655],[-6.66,37.88497],[-6.66744,37.87776],[-6.67199,37.8771],[-6.67714,37.88057],[-6.68964,37.87705],[-6.69289,37.87331],[-6.6945,37.86775],[-6.69814,37.86667],[-6.69947,37.86244],[-6.69974,37.86136]]]}},{"type":"Feature","properties":{"mun_code":"21069","mun_name":"Santa Olalla del Cala","mun_name_local":null,"prov_code":"21","prov_name":"Huelva","acom_code":"01","acom_name":"Andalucía","geo_point_2d":{"lon":-6.21917242513832,"lat":37.87933099312826}},"geometry":{"type":"Polygon","coordinates":[[[-6.36979,37.91821],[-6.3421,37.9116],[-6.33572,37.90817],[-6.32066,37.89051],[-6.30948,37.88521],[-6.29797,37.8772],[-6.28311,37.87234],[-6.2766,37.86648],[-6.25421,37.83866],[-6.24768,37.82641],[-6.23089,37.81566],[-6.22236,37.80454],[-6.21546,37.79154],[-6.21216,37.79588],[-6.20731,37.79831],[-6.20839,37.80023],[-6.20449,37.80237],[-6.2024,37.80553],[-6.18766,37.80988],[-6.18424,37.80945],[-6.17787,37.79846],[-6.17198,37.7985],[-6.17285,37.79591],[-6.16776,37.79579],[-6.16742,37.79279],[-6.16311,37.79423],[-6.15909,37.79066],[-6.15725,37.79066],[-6.15243,37.79486],[-6.15,37.79339],[-6.14711,37.79371],[-6.14385,37.79081],[-6.143,37.78731],[-6.13556,37.78923],[-6.13402,37.78783],[-6.13386,37.79003],[-6.1382,37.79546],[-6.12907,37.7958],[-6.12643,37.79717],[-6.1243,37.80476],[-6.12713,37.81146],[-6.12452,37.81262],[-6.12166,37.81659],[-6.12594,37.81855],[-6.12621,37.8241],[-6.12959,37.83234],[-6.13542,37.83493],[-6.13458,37.8417],[-6.13843,37.84433],[-6.14216,37.85567],[-6.14567,37.85691],[-6.15173,37.85376],[-6.15904,37.85411],[-6.16362,37.85794],[-6.16429,37.86201],[-6.16023,37.86589],[-6.15919,37.87344],[-6.15084,37.87648],[-6.14598,37.88385],[-6.14142,37.88499],[-6.13631,37.89573],[-6.12539,37.90091],[-6.12503,37.90479],[-6.13112,37.90863],[-6.13795,37.90893],[-6.14521,37.9205],[-6.15048,37.91581],[-6.15097,37.91919],[-6.1569,37.91659],[-6.16375,37.91797],[-6.16659,37.90916],[-6.16997,37.90981],[-6.18394,37.92761],[-6.18159,37.93582],[-6.18227,37.93851],[-6.18024,37.94103],[-6.18572,37.9451],[-6.19599,37.94874],[-6.19418,37.95473],[-6.19618,37.95689],[-6.202,37.95922],[-6.20042,37.96056],[-6.20124,37.96193],[-6.204,37.96217],[-6.20533,37.95973],[-6.20872,37.95856],[-6.21035,37.96072],[-6.21481,37.96149],[-6.22147,37.95954],[-6.22736,37.95979],[-6.23435,37.95718],[-6.24466,37.95655],[-6.24514,37.95514],[-6.24818,37.95439],[-6.25146,37.9473],[-6.25481,37.94496],[-6.25737,37.93816],[-6.27404,37.9355],[-6.28651,37.93573],[-6.29361,37.93169],[-6.30718,37.92941],[-6.31851,37.92956],[-6.34445,37.92333],[-6.35433,37.92381],[-6.36979,37.91821]]]}},{"type":"Feature","properties":{"mun_code":"21068","mun_name":"Santa Bárbara de Casa","mun_name_local":null,"prov_code":"21","prov_name":"Huelva","acom_code":"01","acom_name":"Andalucía","geo_point_2d":{"lon":-7.203418587421119,"lat":37.79634603103004}},"geometry":{"type":"Polygon","coordinates":[[[-7.30062,37.84293],[-7.29801,37.84249],[-7.29794,37.84004],[-7.28791,37.83959],[-7.27319,37.83343],[-7.27028,37.8249],[-7.27047,37.82069],[-7.26167,37.80297],[-7.26437,37.79927],[-7.25862,37.78868],[-7.25904,37.78192],[-7.25744,37.77597],[-7.25488,37.77559],[-7.25409,37.77332],[-7.24879,37.7698],[-7.24512,37.77006],[-7.24465,37.76741],[-7.2272,37.7539],[-7.21823,37.74479],[-7.20486,37.7367],[-7.20269,37.72859],[-7.204,37.7232],[-7.20176,37.71942],[-7.20309,37.71061],[-7.20092,37.70691],[-7.20262,37.70196],[-7.20248,37.69481],[-7.19652,37.6975],[-7.19387,37.69214],[-7.19525,37.68856],[-7.19364,37.68783],[-7.19208,37.68995],[-7.18972,37.69027],[-7.1885,37.68638],[-7.18655,37.68543],[-7.18604,37.68922],[-7.18254,37.69281],[-7.1838,37.69765],[-7.18107,37.69773],[-7.17494,37.69482],[-7.17252,37.69595],[-7.17355,37.70943],[-7.17115,37.71498],[-7.16721,37.71798],[-7.16545,37.72161],[-7.16215,37.73768],[-7.16295,37.74076],[-7.12538,37.82687],[-7.1265,37.83024],[-7.13538,37.83698],[-7.13741,37.842],[-7.14498,37.84496],[-7.14731,37.84401],[-7.15506,37.84518],[-7.15626,37.84807],[-7.16386,37.84825],[-7.16809,37.84979],[-7.17424,37.84852],[-7.17931,37.85113],[-7.18225,37.85019],[-7.18486,37.85153],[-7.18769,37.85163],[-7.19037,37.84975],[-7.19309,37.85175],[-7.20522,37.85423],[-7.21019,37.85015],[-7.22402,37.85227],[-7.2272,37.85433],[-7.22862,37.85323],[-7.23256,37.8538],[-7.23378,37.85159],[-7.23706,37.85251],[-7.23826,37.85432],[-7.23924,37.85249],[-7.24173,37.85669],[-7.24471,37.85709],[-7.24851,37.86085],[-7.24955,37.85896],[-7.25165,37.86101],[-7.25393,37.85879],[-7.25768,37.86145],[-7.25914,37.85911],[-7.26048,37.86056],[-7.26124,37.85938],[-7.2623,37.85996],[-7.26238,37.8622],[-7.26359,37.86236],[-7.26704,37.8596],[-7.27576,37.85954],[-7.27822,37.86118],[-7.27836,37.86398],[-7.27962,37.86271],[-7.2804,37.86553],[-7.28173,37.86264],[-7.28659,37.86552],[-7.28948,37.86128],[-7.29734,37.85704],[-7.30044,37.84319],[-7.30062,37.84293]]]}},{"type":"Feature","properties":{"mun_code":"21010","mun_name":"Ayamonte","mun_name_local":null,"prov_code":"21","prov_name":"Huelva","acom_code":"01","acom_name":"Andalucía","geo_point_2d":{"lon":-7.384417807732531,"lat":37.268627291916765}},"geometry":{"type":"Polygon","coordinates":[[[-7.43888,37.37939],[-7.43675,37.35898],[-7.43881,37.35396],[-7.44412,37.34855],[-7.44508,37.34479],[-7.43903,37.32692],[-7.44218,37.3113],[-7.43637,37.29914],[-7.43335,37.28802],[-7.42169,37.27378],[-7.42304,37.27002],[-7.43233,37.25935],[-7.43353,37.24974],[-7.43097,37.24517],[-7.42043,37.2393],[-7.41393,37.22659],[-7.41257,37.22149],[-7.41354,37.21054],[-7.40696,37.18085],[-7.40313,37.17442],[-7.39484,37.17673],[-7.38129,37.17175],[-7.37268,37.1704],[-7.3675,37.17323],[-7.35986,37.17516],[-7.35362,37.17473],[-7.33194,37.18316],[-7.3303,37.18347],[-7.32743,37.18086],[-7.33757,37.18994],[-7.33471,37.19584],[-7.33046,37.19852],[-7.33174,37.20784],[-7.33493,37.2101],[-7.34157,37.21095],[-7.34279,37.21435],[-7.34139,37.21627],[-7.3358,37.21721],[-7.33482,37.22096],[-7.33411,37.21897],[-7.33011,37.22037],[-7.32832,37.22337],[-7.32695,37.22146],[-7.31435,37.22025],[-7.31419,37.22548],[-7.31195,37.22991],[-7.3158,37.24507],[-7.33026,37.2556],[-7.33526,37.26462],[-7.38433,37.2821],[-7.39292,37.29274],[-7.3982,37.29704],[-7.40422,37.30644],[-7.40538,37.32957],[-7.39701,37.33342],[-7.3905,37.34217],[-7.38475,37.34488],[-7.33786,37.34803],[-7.32606,37.34801],[-7.32031,37.34567],[-7.30408,37.35318],[-7.30655,37.35456],[-7.30454,37.36437],[-7.30851,37.37122],[-7.307,37.37256],[-7.30601,37.38347],[-7.30201,37.38736],[-7.31451,37.38609],[-7.31105,37.37773],[-7.31226,37.36143],[-7.34087,37.35555],[-7.36921,37.35888],[-7.38234,37.36694],[-7.38666,37.36714],[-7.39703,37.37098],[-7.41072,37.37226],[-7.41584,37.37403],[-7.42188,37.37848],[-7.42844,37.38026],[-7.43125,37.37892],[-7.43582,37.38091],[-7.4372,37.37967],[-7.43888,37.37939]]]}},{"type":"Feature","properties":{"mun_code":"21025","mun_name":"Cortegana","mun_name_local":null,"prov_code":"21","prov_name":"Huelva","acom_code":"01","acom_name":"Andalucía","geo_point_2d":{"lon":-6.917970265143427,"lat":37.85497134695497}},"geometry":{"type":"MultiPolygon","coordinates":[[[[-6.90919,37.8439],[-6.9145,37.84452],[-6.92006,37.84231],[-6.92917,37.84415],[-6.93597,37.84003],[-6.93975,37.83936],[-6.94895,37.84097],[-6.959,37.84084],[-6.9606,37.84184],[-6.96565,37.84154],[-6.96945,37.84385],[-6.98367,37.84781],[-6.98671,37.84692],[-6.99134,37.85055],[-7.00608,37.85196],[-7.0115,37.84921],[-7.01879,37.85312],[-7.0309,37.85364],[-7.03326,37.85276],[-7.03368,37.8552],[-7.03697,37.85561],[-7.05168,37.85278],[-7.05815,37.85405],[-7.0621,37.83853],[-7.06654,37.83756],[-7.06151,37.83457],[-7.05786,37.82992],[-7.05757,37.82578],[-7.05589,37.82412],[-7.05603,37.818],[-7.04967,37.81629],[-7.04604,37.81242],[-7.04783,37.80591],[-7.04769,37.79527],[-7.04992,37.79175],[-7.0438,37.78465],[-7.03635,37.78166],[-7.01511,37.77589],[-6.9746,37.78271],[-6.94842,37.79652],[-6.93434,37.80151],[-6.92194,37.81719],[-6.92183,37.81035],[-6.91813,37.80206],[-6.92092,37.78441],[-6.89417,37.76522],[-6.88629,37.76719],[-6.86249,37.76948],[-6.86365,37.78064],[-6.87792,37.79412],[-6.88146,37.80232],[-6.8862,37.80686],[-6.88681,37.81095],[-6.88307,37.81678],[-6.88898,37.82035],[-6.89016,37.82603],[-6.89439,37.82887],[-6.89511,37.83334],[-6.89721,37.83565],[-6.90371,37.83742],[-6.90726,37.84089],[-6.90728,37.84262],[-6.90919,37.8439]]],[[[-6.81458,37.96347],[-6.82843,37.96131],[-6.83593,37.96461],[-6.84844,37.95268],[-6.85516,37.94259],[-6.86114,37.93834],[-6.86567,37.93225],[-6.87416,37.92664],[-6.87637,37.92187],[-6.88383,37.91611],[-6.89491,37.91087],[-6.8951,37.90858],[-6.90145,37.90267],[-6.89827,37.89444],[-6.90469,37.87691],[-6.90322,37.87157],[-6.89473,37.86982],[-6.88942,37.87006],[-6.88405,37.87309],[-6.87892,37.8728],[-6.87716,37.87403],[-6.86769,37.87496],[-6.85768,37.87923],[-6.85367,37.87956],[-6.85288,37.88108],[-6.84489,37.88204],[-6.84579,37.88432],[-6.8422,37.88982],[-6.83616,37.8934],[-6.83636,37.89539],[-6.82929,37.89673],[-6.82484,37.90287],[-6.81125,37.89741],[-6.80805,37.89926],[-6.80724,37.90141],[-6.80527,37.90165],[-6.80331,37.90875],[-6.79812,37.91156],[-6.80069,37.91766],[-6.79875,37.92053],[-6.79957,37.92165],[-6.79753,37.92323],[-6.79247,37.92223],[-6.78058,37.92539],[-6.77572,37.93257],[-6.76497,37.93625],[-6.76037,37.93311],[-6.74509,37.93258],[-6.74789,37.93524],[-6.74796,37.93731],[-6.74174,37.94132],[-6.74311,37.94569],[-6.75351,37.94799],[-6.75672,37.94984],[-6.76249,37.94882],[-6.76763,37.94567],[-6.77687,37.94723],[-6.79194,37.95293],[-6.79406,37.9563],[-6.80132,37.9601],[-6.80089,37.96186],[-6.80415,37.96464],[-6.81357,37.96303],[-6.81458,37.96347]]]]}},{"type":"Feature","properties":{"mun_code":"21026","mun_name":"Cortelazor","mun_name_local":null,"prov_code":"21","prov_name":"Huelva","acom_code":"01","acom_name":"Andalucía","geo_point_2d":{"lon":-6.624886442546864,"lat":37.95883585747552}},"geometry":{"type":"Polygon","coordinates":[[[-6.6619,37.98258],[-6.66253,37.98061],[-6.66935,37.97503],[-6.66912,37.96917],[-6.65363,37.96261],[-6.64811,37.95778],[-6.64318,37.95057],[-6.64312,37.9425],[-6.64084,37.9399],[-6.64254,37.93724],[-6.64142,37.93206],[-6.64419,37.92273],[-6.64186,37.9189],[-6.63555,37.91744],[-6.62632,37.91246],[-6.61082,37.90983],[-6.60516,37.91977],[-6.60649,37.92378],[-6.60505,37.92559],[-6.60748,37.92699],[-6.60606,37.92929],[-6.60851,37.93496],[-6.60108,37.94243],[-6.60013,37.94655],[-6.59774,37.94902],[-6.59682,37.96711],[-6.59351,37.97281],[-6.58943,37.97612],[-6.58944,37.97879],[-6.58107,37.98748],[-6.60002,37.99156],[-6.60292,37.98919],[-6.61226,37.98834],[-6.61407,37.99102],[-6.62064,37.99294],[-6.63533,37.99491],[-6.65124,37.98998],[-6.65791,37.98405],[-6.6619,37.98258]]]}},{"type":"Feature","properties":{"mun_code":"21009","mun_name":"Arroyomolinos de León","mun_name_local":null,"prov_code":"21","prov_name":"Huelva","acom_code":"01","acom_name":"Andalucía","geo_point_2d":{"lon":-6.4179857772525235,"lat":38.00799607790238}},"geometry":{"type":"Polygon","coordinates":[[[-6.47866,38.0081],[-6.46946,37.99893],[-6.48092,37.99011],[-6.47437,37.98861],[-6.4713,37.98981],[-6.46694,37.9842],[-6.46192,37.98394],[-6.45682,37.9784],[-6.4516,37.97769],[-6.44705,37.97161],[-6.44484,37.97239],[-6.44565,37.96085],[-6.44425,37.95711],[-6.43591,37.95472],[-6.42951,37.95082],[-6.41443,37.94749],[-6.41078,37.94419],[-6.41141,37.94632],[-6.40871,37.94756],[-6.40619,37.95597],[-6.40167,37.95798],[-6.3983,37.96284],[-6.39273,37.96612],[-6.38455,37.96601],[-6.38234,37.97214],[-6.37811,37.97218],[-6.37512,37.9799],[-6.37224,37.98238],[-6.37504,37.98343],[-6.37458,37.98515],[-6.38053,37.98966],[-6.38121,37.99173],[-6.37482,37.99847],[-6.37669,38.00431],[-6.35796,38.01832],[-6.35955,38.02247],[-6.35817,38.02822],[-6.36172,38.04058],[-6.36721,38.0461],[-6.36725,38.04892],[-6.373,38.0497],[-6.38846,38.04814],[-6.4023,38.05253],[-6.40357,38.05418],[-6.4139,38.05856],[-6.41859,38.05917],[-6.4362,38.0575],[-6.44432,38.0596],[-6.45244,38.05596],[-6.44361,38.04696],[-6.44761,38.04365],[-6.45235,38.04288],[-6.46093,38.03569],[-6.46586,38.03532],[-6.46578,38.03223],[-6.46962,38.03112],[-6.47386,38.02443],[-6.47218,38.01579],[-6.46473,38.01377],[-6.46545,38.01101],[-6.46928,38.01209],[-6.47056,38.00998],[-6.4783,38.00822],[-6.47866,38.0081]]]}},{"type":"Feature","properties":{"mun_code":"21050","mun_name":"Moguer","mun_name_local":null,"prov_code":"21","prov_name":"Huelva","acom_code":"01","acom_name":"Andalucía","geo_point_2d":{"lon":-6.808158635018732,"lat":37.20928241419269}},"geometry":{"type":"Polygon","coordinates":[[[-6.89602,37.24969],[-6.8812,37.23923],[-6.87148,37.22457],[-6.87348,37.21726],[-6.87307,37.20821],[-6.86769,37.19117],[-6.86534,37.15475],[-6.86245,37.14972],[-6.85355,37.14719],[-6.83336,37.13662],[-6.7998,37.12439],[-6.72953,37.09033],[-6.74083,37.13675],[-6.75284,37.1598],[-6.75334,37.17921],[-6.7515,37.2002],[-6.75374,37.2132],[-6.75396,37.23768],[-6.75946,37.24935],[-6.75825,37.25788],[-6.75937,37.26679],[-6.76949,37.28208],[-6.77359,37.28172],[-6.77284,37.28496],[-6.769,37.28532],[-6.77467,37.28939],[-6.77592,37.29244],[-6.77515,37.29628],[-6.7793,37.29803],[-6.77905,37.30717],[-6.78596,37.31093],[-6.78862,37.30935],[-6.79401,37.30992],[-6.79789,37.30881],[-6.8023,37.3046],[-6.80599,37.31025],[-6.81312,37.31034],[-6.8195,37.31229],[-6.82391,37.30968],[-6.82753,37.30195],[-6.83709,37.29959],[-6.84228,37.29651],[-6.84649,37.30306],[-6.8504,37.30424],[-6.85376,37.30347],[-6.85671,37.29916],[-6.84959,37.29224],[-6.85014,37.28279],[-6.86269,37.27438],[-6.87166,37.27036],[-6.88777,37.25397],[-6.89529,37.25017],[-6.89602,37.24969]]]}},{"type":"Feature","properties":{"mun_code":"21067","mun_name":"Santa Ana la Real","mun_name_local":null,"prov_code":"21","prov_name":"Huelva","acom_code":"01","acom_name":"Andalucía","geo_point_2d":{"lon":-6.720004094149385,"lat":37.853819144992286}},"geometry":{"type":"Polygon","coordinates":[[[-6.726,37.88462],[-6.74477,37.87761],[-6.74683,37.87311],[-6.75044,37.87035],[-6.74575,37.86396],[-6.74829,37.85523],[-6.74149,37.82921],[-6.73708,37.82831],[-6.72099,37.82958],[-6.70081,37.82798],[-6.68768,37.8244],[-6.68396,37.82455],[-6.68417,37.82324],[-6.68077,37.82378],[-6.6745,37.82757],[-6.68668,37.83211],[-6.68966,37.8368],[-6.6961,37.84252],[-6.69699,37.85149],[-6.6932,37.8546],[-6.69968,37.85685],[-6.70102,37.85853],[-6.69957,37.8605],[-6.7004,37.86252],[-6.70422,37.86481],[-6.70414,37.87143],[-6.70708,37.87646],[-6.70431,37.88287],[-6.70487,37.88472],[-6.71945,37.88784],[-6.72398,37.88755],[-6.72588,37.885],[-6.726,37.88462]]]}},{"type":"Feature","properties":{"mun_code":"21034","mun_name":"Galaroza","mun_name_local":null,"prov_code":"21","prov_name":"Huelva","acom_code":"01","acom_name":"Andalucía","geo_point_2d":{"lon":-6.691829887930262,"lat":37.92737834782175}},"geometry":{"type":"Polygon","coordinates":[[[-6.72617,37.93155],[-6.72029,37.93033],[-6.71647,37.92516],[-6.71748,37.92422],[-6.71645,37.9217],[-6.71978,37.91831],[-6.71763,37.91513],[-6.71938,37.91245],[-6.71831,37.90344],[-6.71021,37.90063],[-6.70757,37.90178],[-6.70106,37.89957],[-6.68819,37.90099],[-6.6874,37.90698],[-6.68549,37.90828],[-6.6872,37.91047],[-6.67795,37.91575],[-6.67878,37.91748],[-6.67649,37.92012],[-6.67169,37.92026],[-6.67024,37.92245],[-6.66716,37.92324],[-6.66387,37.9223],[-6.66243,37.92414],[-6.65959,37.9231],[-6.66117,37.92534],[-6.65987,37.92938],[-6.65257,37.92883],[-6.64847,37.93225],[-6.64896,37.93626],[-6.64609,37.9358],[-6.64266,37.9404],[-6.64443,37.94163],[-6.64459,37.94585],[-6.64648,37.94854],[-6.64367,37.94997],[-6.65082,37.94944],[-6.65283,37.94543],[-6.66213,37.94344],[-6.66798,37.93551],[-6.677,37.93517],[-6.68688,37.94077],[-6.69481,37.9432],[-6.69727,37.94519],[-6.69471,37.94877],[-6.70107,37.95161],[-6.70126,37.95394],[-6.7079,37.95534],[-6.71052,37.95471],[-6.71042,37.95159],[-6.71351,37.94726],[-6.71815,37.94591],[-6.71921,37.94006],[-6.72257,37.93841],[-6.72119,37.93662],[-6.72419,37.93577],[-6.72482,37.93266],[-6.72617,37.93155]]]}},{"type":"Feature","properties":{"mun_code":"21011","mun_name":"Beas","mun_name_local":null,"prov_code":"21","prov_name":"Huelva","acom_code":"01","acom_name":"Andalucía","geo_point_2d":{"lon":-6.810037007719217,"lat":37.462114532943936}},"geometry":{"type":"Polygon","coordinates":[[[-6.92175,37.52007],[-6.92105,37.51844],[-6.914,37.51593],[-6.9091,37.51058],[-6.9025,37.50706],[-6.89154,37.50569],[-6.88689,37.50055],[-6.87101,37.48898],[-6.85837,37.46656],[-6.8477,37.45384],[-6.83788,37.43595],[-6.83242,37.42218],[-6.82387,37.41202],[-6.82121,37.41296],[-6.81608,37.40615],[-6.80685,37.40878],[-6.80161,37.39966],[-6.79815,37.4019],[-6.79099,37.39246],[-6.78651,37.39357],[-6.78494,37.37373],[-6.76079,37.36833],[-6.74632,37.35697],[-6.74656,37.35818],[-6.74285,37.36044],[-6.74392,37.36234],[-6.74215,37.36669],[-6.74366,37.36922],[-6.73917,37.37615],[-6.73607,37.39004],[-6.73528,37.39989],[-6.73946,37.40363],[-6.73799,37.40411],[-6.73716,37.40962],[-6.7308,37.4159],[-6.7306,37.4177],[-6.73399,37.42202],[-6.73377,37.42425],[-6.73675,37.42582],[-6.73628,37.43091],[-6.74135,37.43431],[-6.74269,37.43343],[-6.74649,37.43861],[-6.74981,37.43995],[-6.75174,37.43937],[-6.75276,37.44134],[-6.76009,37.44252],[-6.75957,37.44505],[-6.76459,37.44935],[-6.765,37.45194],[-6.76694,37.45024],[-6.76898,37.45179],[-6.76879,37.45651],[-6.76683,37.45724],[-6.76555,37.46454],[-6.76298,37.46804],[-6.76401,37.46972],[-6.76197,37.477],[-6.76345,37.47847],[-6.76502,37.49179],[-6.7615,37.49163],[-6.76171,37.49275],[-6.75874,37.49311],[-6.75688,37.49496],[-6.75407,37.49342],[-6.75488,37.49541],[-6.75562,37.49459],[-6.76028,37.50009],[-6.77749,37.5086],[-6.80063,37.51433],[-6.80756,37.51348],[-6.80988,37.51514],[-6.82092,37.51595],[-6.82511,37.52122],[-6.82753,37.52811],[-6.83416,37.53045],[-6.83594,37.52932],[-6.8372,37.53039],[-6.83833,37.52888],[-6.83981,37.5309],[-6.84264,37.53028],[-6.84373,37.5317],[-6.84644,37.53152],[-6.84641,37.5334],[-6.84856,37.53594],[-6.85164,37.53644],[-6.85151,37.53808],[-6.85285,37.5371],[-6.85608,37.53843],[-6.85755,37.54026],[-6.85634,37.54057],[-6.85709,37.54282],[-6.85468,37.54376],[-6.85686,37.54666],[-6.85555,37.54873],[-6.85426,37.54822],[-6.85469,37.54946],[-6.85693,37.54956],[-6.85902,37.55436],[-6.86145,37.55401],[-6.86117,37.55582],[-6.86662,37.55466],[-6.87006,37.55854],[-6.87209,37.5564],[-6.86848,37.54985],[-6.87917,37.54708],[-6.88007,37.54099],[-6.89321,37.53606],[-6.89467,37.53019],[-6.8989,37.52888],[-6.89885,37.52504],[-6.90642,37.5236],[-6.91129,37.51951],[-6.92071,37.52021],[-6.92175,37.52007]]]}},{"type":"Feature","properties":{"mun_code":"21049","mun_name":"Minas de Riotinto","mun_name_local":null,"prov_code":"21","prov_name":"Huelva","acom_code":"01","acom_name":"Andalucía","geo_point_2d":{"lon":-6.583828036076485,"lat":37.70017938269052}},"geometry":{"type":"Polygon","coordinates":[[[-6.58813,37.72881],[-6.5934,37.72865],[-6.59521,37.7251],[-6.59734,37.72665],[-6.5997,37.72576],[-6.60032,37.72386],[-6.60548,37.72083],[-6.61228,37.72326],[-6.61364,37.72073],[-6.61762,37.72252],[-6.62084,37.72047],[-6.62319,37.71579],[-6.61109,37.6939],[-6.60187,37.69241],[-6.58382,37.68629],[-6.57916,37.67795],[-6.5749,37.67698],[-6.5738,37.67451],[-6.56795,37.67362],[-6.57042,37.66945],[-6.55099,37.6651],[-6.5479,37.66219],[-6.54566,37.65542],[-6.5417,37.65028],[-6.53761,37.6491],[-6.53609,37.65098],[-6.54049,37.6515],[-6.54343,37.65697],[-6.54369,37.66246],[-6.54163,37.66367],[-6.54223,37.66549],[-6.54504,37.66525],[-6.54729,37.66834],[-6.55001,37.66833],[-6.55149,37.67355],[-6.5549,37.67439],[-6.55997,37.67139],[-6.56186,37.67225],[-6.55539,37.68352],[-6.55779,37.68812],[-6.56111,37.68993],[-6.55822,37.70097],[-6.56005,37.70565],[-6.56314,37.70713],[-6.5631,37.70904],[-6.56711,37.71217],[-6.57514,37.72463],[-6.58014,37.72654],[-6.58653,37.72664],[-6.5882,37.72853],[-6.58813,37.72881]]]}},{"type":"Feature","properties":{"mun_code":"21051","mun_name":"La Nava","mun_name_local":null,"prov_code":"21","prov_name":"Huelva","acom_code":"01","acom_name":"Andalucía","geo_point_2d":{"lon":-6.758515590817528,"lat":37.97421268810291}},"geometry":{"type":"Polygon","coordinates":[[[-6.81873,37.99568],[-6.82061,37.99367],[-6.81791,37.99084],[-6.82073,37.98847],[-6.81732,37.9836],[-6.82101,37.97715],[-6.81831,37.97552],[-6.81635,37.96947],[-6.81221,37.96738],[-6.81458,37.96347],[-6.80415,37.96464],[-6.80089,37.96186],[-6.80132,37.9601],[-6.79406,37.9563],[-6.79194,37.95293],[-6.77687,37.94723],[-6.76763,37.94567],[-6.76249,37.94882],[-6.75672,37.94984],[-6.75351,37.94799],[-6.74311,37.94569],[-6.74174,37.94132],[-6.74796,37.93731],[-6.74789,37.93524],[-6.74509,37.93258],[-6.74713,37.92916],[-6.74447,37.92638],[-6.74048,37.92659],[-6.7333,37.93014],[-6.72691,37.92992],[-6.72421,37.93321],[-6.72419,37.93577],[-6.72119,37.93662],[-6.72257,37.93841],[-6.71921,37.94006],[-6.71815,37.94591],[-6.7144,37.94655],[-6.71118,37.94999],[-6.71052,37.95471],[-6.70654,37.95532],[-6.70126,37.95394],[-6.69624,37.95782],[-6.69681,37.95997],[-6.70093,37.96245],[-6.7018,37.97251],[-6.70074,37.9754],[-6.7064,37.97834],[-6.70909,37.98335],[-6.71783,37.98647],[-6.71755,37.99015],[-6.72114,37.9916],[-6.72298,37.98996],[-6.72354,37.99222],[-6.72595,37.99287],[-6.7231,37.99347],[-6.72383,37.99497],[-6.72163,37.99662],[-6.72161,37.99904],[-6.72327,37.99877],[-6.72229,38.00194],[-6.72958,37.99884],[-6.73365,37.99994],[-6.73749,38.00462],[-6.74098,38.00566],[-6.75329,38.00399],[-6.75654,38.00632],[-6.75926,38.01185],[-6.76636,38.01106],[-6.78322,38.01311],[-6.78706,38.00529],[-6.78603,38.00463],[-6.79109,38.00321],[-6.79439,38.00646],[-6.79669,38.00662],[-6.80581,38.0001],[-6.8071,37.99781],[-6.8105,37.99769],[-6.8119,37.99533],[-6.81484,37.9944],[-6.81819,37.99569],[-6.81873,37.99568]]]}},{"type":"Feature","properties":{"mun_code":"21002","mun_name":"Aljaraque","mun_name_local":null,"prov_code":"21","prov_name":"Huelva","acom_code":"01","acom_name":"Andalucía","geo_point_2d":{"lon":-7.020165487773865,"lat":37.28141502823426}},"geometry":{"type":"Polygon","coordinates":[[[-7.00019,37.25831],[-6.99278,37.26116],[-6.98875,37.26751],[-6.98575,37.26932],[-6.98207,37.26886],[-6.9743,37.2636],[-6.97205,37.26566],[-6.97838,37.26868],[-6.98242,37.27475],[-6.98177,37.28029],[-6.97593,37.2862],[-6.97704,37.29227],[-6.97602,37.29547],[-6.97951,37.3079],[-7.01606,37.29997],[-7.0286,37.29997],[-7.05352,37.29558],[-7.05735,37.29641],[-7.0639,37.2945],[-7.06944,37.29097],[-7.0749,37.28486],[-7.07773,37.2791],[-7.07183,37.27702],[-7.06938,37.27274],[-7.0646,37.27199],[-7.05825,37.26834],[-7.0475,37.27052],[-7.03832,37.26366],[-7.03131,37.26141],[-7.02572,37.25568],[-7.01753,37.25388],[-7.00019,37.25831]]]}},{"type":"Feature","properties":{"mun_code":"21078","mun_name":"Zalamea la Real","mun_name_local":null,"prov_code":"21","prov_name":"Huelva","acom_code":"01","acom_name":"Andalucía","geo_point_2d":{"lon":-6.675614494887249,"lat":37.6368997906003}},"geometry":{"type":"Polygon","coordinates":[[[-6.82625,37.66888],[-6.82451,37.66612],[-6.81678,37.66445],[-6.81656,37.66268],[-6.81933,37.65959],[-6.81793,37.65627],[-6.81901,37.65225],[-6.81621,37.64875],[-6.81556,37.64461],[-6.81867,37.64148],[-6.81684,37.63812],[-6.81762,37.63539],[-6.82351,37.63359],[-6.8245,37.62835],[-6.81991,37.63127],[-6.7924,37.62515],[-6.78041,37.62474],[-6.75804,37.62005],[-6.74922,37.61954],[-6.73921,37.61566],[-6.71193,37.61291],[-6.69349,37.59712],[-6.6866,37.58701],[-6.68366,37.58514],[-6.67544,37.58154],[-6.66869,37.58142],[-6.659,37.57886],[-6.64857,37.57904],[-6.64672,37.57712],[-6.64146,37.57737],[-6.63722,37.57605],[-6.63464,37.57289],[-6.63442,37.5682],[-6.62894,37.56657],[-6.62479,37.56707],[-6.6242,37.56425],[-6.61911,37.56142],[-6.61795,37.55847],[-6.60019,37.54878],[-6.5815,37.53511],[-6.57799,37.54756],[-6.58323,37.54998],[-6.59249,37.54857],[-6.59781,37.55828],[-6.59241,37.55882],[-6.59004,37.56801],[-6.58494,37.56664],[-6.58026,37.56954],[-6.57067,37.5715],[-6.57168,37.57639],[-6.56856,37.58489],[-6.56555,37.58475],[-6.56665,37.58063],[-6.56506,37.57892],[-6.56223,37.58199],[-6.55635,37.57905],[-6.55403,37.58209],[-6.5504,37.58121],[-6.5511,37.58488],[-6.54908,37.5878],[-6.55145,37.58803],[-6.55068,37.59285],[-6.55261,37.59503],[-6.54988,37.6009],[-6.5505,37.6126],[-6.5481,37.6183],[-6.55494,37.62635],[-6.5572,37.63212],[-6.55695,37.63577],[-6.56025,37.6404],[-6.56099,37.64491],[-6.56465,37.64946],[-6.56401,37.65085],[-6.56835,37.65412],[-6.56801,37.65709],[-6.57194,37.65978],[-6.57839,37.67271],[-6.57994,37.6734],[-6.58304,37.67191],[-6.58574,37.67312],[-6.59726,37.67296],[-6.60866,37.67494],[-6.61538,37.67431],[-6.6167,37.67591],[-6.61933,37.67364],[-6.62205,37.6733],[-6.63138,37.6609],[-6.64422,37.66613],[-6.64426,37.66799],[-6.63773,37.67167],[-6.63654,37.67681],[-6.63953,37.68281],[-6.64564,37.68424],[-6.64682,37.68749],[-6.64951,37.68899],[-6.65901,37.69147],[-6.66342,37.68994],[-6.67232,37.6901],[-6.67499,37.69211],[-6.67489,37.69403],[-6.67808,37.69444],[-6.68204,37.6927],[-6.68357,37.69575],[-6.69037,37.69863],[-6.69349,37.69638],[-6.69858,37.69557],[-6.69997,37.69727],[-6.70331,37.6932],[-6.70535,37.69552],[-6.70814,37.69521],[-6.70684,37.70048],[-6.70801,37.70163],[-6.71139,37.69931],[-6.71286,37.69967],[-6.71215,37.69778],[-6.71494,37.6977],[-6.7145,37.69556],[-6.71744,37.69374],[-6.71815,37.69093],[-6.72784,37.69362],[-6.73006,37.69719],[-6.7425,37.7026],[-6.76125,37.70167],[-6.77693,37.70249],[-6.79284,37.70202],[-6.79604,37.70071],[-6.79858,37.69135],[-6.79638,37.68678],[-6.80406,37.6876],[-6.80667,37.68674],[-6.80821,37.68467],[-6.80561,37.68055],[-6.80636,37.67798],[-6.81239,37.67462],[-6.81672,37.67696],[-6.81898,37.66939],[-6.82386,37.67014],[-6.82612,37.66924],[-6.82625,37.66888]]]}},{"type":"Feature","properties":{"mun_code":"21017","mun_name":"Calañas","mun_name_local":null,"prov_code":"21","prov_name":"Huelva","acom_code":"01","acom_name":"Andalucía","geo_point_2d":{"lon":-6.9190161850441765,"lat":37.60160217817689}},"geometry":{"type":"Polygon","coordinates":[[[-7.00719,37.66674],[-7.00286,37.65972],[-6.99798,37.66059],[-6.9962,37.65917],[-6.996,37.65151],[-7.00209,37.64367],[-7.00159,37.64124],[-6.99638,37.63836],[-6.99945,37.6335],[-6.99551,37.63202],[-6.99954,37.6294],[-6.99976,37.62658],[-6.99447,37.62425],[-6.99301,37.6194],[-6.98847,37.61878],[-6.99262,37.61436],[-6.99279,37.61228],[-6.98413,37.61076],[-6.978,37.60462],[-6.97817,37.59892],[-6.98018,37.59634],[-6.9838,37.59749],[-6.9853,37.59673],[-6.98095,37.59092],[-6.9802,37.58396],[-6.98179,37.58105],[-6.98017,37.57973],[-6.97555,37.58314],[-6.97341,37.58224],[-6.97584,37.57435],[-6.9801,37.57305],[-6.98513,37.5736],[-6.98615,37.57244],[-6.98332,37.56478],[-6.98768,37.5621],[-6.98725,37.55586],[-6.99098,37.55263],[-6.98696,37.54655],[-6.98938,37.54392],[-6.9889,37.53928],[-6.99193,37.53617],[-6.98739,37.53375],[-6.98764,37.53049],[-6.98553,37.52749],[-6.98667,37.52392],[-6.98238,37.52293],[-6.98123,37.51657],[-6.97624,37.5139],[-6.97678,37.50862],[-6.97041,37.50616],[-6.97241,37.50122],[-6.97726,37.49539],[-6.97446,37.49309],[-6.97857,37.48958],[-6.97412,37.48502],[-6.97984,37.4819],[-6.98227,37.47641],[-6.98136,37.47529],[-6.97426,37.47569],[-6.97061,37.47427],[-6.97083,37.47841],[-6.96822,37.47977],[-6.96224,37.48015],[-6.95861,37.48612],[-6.94592,37.4825],[-6.94008,37.48592],[-6.93483,37.5028],[-6.93146,37.50576],[-6.93104,37.51113],[-6.92472,37.51497],[-6.92294,37.51951],[-6.91129,37.51951],[-6.90642,37.5236],[-6.89963,37.52446],[-6.89854,37.52932],[-6.89467,37.53019],[-6.89321,37.53606],[-6.88007,37.54099],[-6.87917,37.54708],[-6.86848,37.54985],[-6.87197,37.55602],[-6.87131,37.55836],[-6.8691,37.55821],[-6.86606,37.55453],[-6.86021,37.55732],[-6.85798,37.56186],[-6.85932,37.56603],[-6.85401,37.56694],[-6.85191,37.56906],[-6.85622,37.57659],[-6.85555,37.57935],[-6.85379,37.58056],[-6.85219,37.57674],[-6.84978,37.57516],[-6.84571,37.5775],[-6.84583,37.58218],[-6.84384,37.5872],[-6.84722,37.59323],[-6.84391,37.59568],[-6.84362,37.599],[-6.84042,37.60039],[-6.83975,37.60374],[-6.83471,37.608],[-6.83616,37.61114],[-6.83113,37.6116],[-6.81992,37.61562],[-6.82432,37.62147],[-6.82314,37.62616],[-6.82487,37.63029],[-6.82351,37.63359],[-6.8188,37.63418],[-6.81702,37.63672],[-6.81867,37.64148],[-6.81569,37.64439],[-6.81574,37.64641],[-6.81893,37.65156],[-6.81793,37.65627],[-6.81933,37.65959],[-6.81642,37.66317],[-6.81806,37.66526],[-6.82451,37.66612],[-6.82625,37.66888],[-6.84243,37.66883],[-6.84215,37.6712],[-6.84341,37.67145],[-6.84622,37.67127],[-6.84675,37.66656],[-6.85051,37.66546],[-6.85078,37.66417],[-6.85471,37.66311],[-6.85484,37.66421],[-6.85706,37.66442],[-6.86288,37.66236],[-6.86243,37.66543],[-6.85819,37.66726],[-6.85827,37.67091],[-6.85559,37.6708],[-6.85574,37.67223],[-6.85772,37.67255],[-6.85716,37.6745],[-6.86002,37.67489],[-6.85869,37.67658],[-6.8613,37.67707],[-6.86185,37.67865],[-6.86468,37.67792],[-6.86505,37.67371],[-6.86802,37.67181],[-6.87161,37.6758],[-6.87896,37.67919],[-6.88869,37.68701],[-6.88997,37.68286],[-6.89458,37.67891],[-6.89618,37.67932],[-6.89811,37.68419],[-6.90046,37.68412],[-6.89809,37.67583],[-6.90196,37.67478],[-6.90532,37.6806],[-6.90715,37.67825],[-6.90588,37.67595],[-6.91052,37.67521],[-6.90988,37.67191],[-6.91102,37.67507],[-6.91476,37.67054],[-6.92224,37.67305],[-6.9214,37.66926],[-6.92632,37.66311],[-6.92469,37.66144],[-6.93063,37.66229],[-6.94548,37.65842],[-6.95472,37.65847],[-6.95687,37.66324],[-6.95604,37.66883],[-6.94806,37.67001],[-6.94772,37.67442],[-6.93955,37.67519],[-6.93827,37.67808],[-6.93563,37.67789],[-6.93592,37.6747],[-6.93087,37.67438],[-6.92737,37.6706],[-6.92649,37.67511],[-6.91401,37.67591],[-6.91351,37.67695],[-6.91567,37.6813],[-6.91258,37.68306],[-6.90904,37.6904],[-6.91114,37.69342],[-6.9136,37.69118],[-6.92018,37.69154],[-6.92099,37.68938],[-6.92336,37.68895],[-6.92736,37.68868],[-6.92781,37.69144],[-6.93327,37.69122],[-6.93333,37.68789],[-6.93051,37.68819],[-6.93049,37.68461],[-6.94106,37.68516],[-6.93872,37.68868],[-6.93825,37.69316],[-6.936,37.69314],[-6.93664,37.69698],[-6.93414,37.70256],[-6.96309,37.70142],[-6.96397,37.69837],[-6.96182,37.69633],[-6.96168,37.69326],[-6.96556,37.69194],[-6.96668,37.6889],[-6.96423,37.68319],[-6.96685,37.6785],[-6.96953,37.67871],[-6.97292,37.6763],[-6.9738,37.66897],[-6.97686,37.66675],[-6.98006,37.66644],[-7.00002,37.66795],[-7.00719,37.66674]]]}},{"type":"Feature","properties":{"mun_code":"21064","mun_name":"San Juan del Puerto","mun_name_local":null,"prov_code":"21","prov_name":"Huelva","acom_code":"01","acom_name":"Andalucía","geo_point_2d":{"lon":-6.842829184443924,"lat":37.34045718723267}},"geometry":{"type":"MultiPolygon","coordinates":[[[[-6.75756,37.33155],[-6.7679,37.33635],[-6.78393,37.33426],[-6.78893,37.32861],[-6.79321,37.30989],[-6.78899,37.3093],[-6.78596,37.31093],[-6.78181,37.3095],[-6.7799,37.31231],[-6.78119,37.31398],[-6.77701,37.31412],[-6.77537,37.31302],[-6.76812,37.31551],[-6.75598,37.32283],[-6.75523,37.32147],[-6.75152,37.32613],[-6.75263,37.33026],[-6.75646,37.33182],[-6.75756,37.33155]]],[[[-6.85515,37.40356],[-6.85887,37.39662],[-6.86299,37.39434],[-6.86603,37.3875],[-6.86481,37.38017],[-6.87006,37.37443],[-6.87509,37.37346],[-6.87688,37.36998],[-6.88408,37.36762],[-6.88739,37.36834],[-6.88945,37.36604],[-6.89581,37.36715],[-6.89637,37.36549],[-6.89894,37.3648],[-6.9,37.36652],[-6.90368,37.36498],[-6.90576,37.366],[-6.90236,37.36078],[-6.8923,37.35463],[-6.88744,37.34564],[-6.86674,37.3236],[-6.86367,37.31697],[-6.86045,37.31565],[-6.85616,37.31129],[-6.85262,37.30478],[-6.85803,37.29915],[-6.85238,37.29281],[-6.85088,37.2834],[-6.86248,37.27524],[-6.87041,37.2728],[-6.87834,37.26601],[-6.8798,37.26382],[-6.87886,37.26228],[-6.87166,37.27036],[-6.86269,37.27438],[-6.85014,37.28279],[-6.84959,37.29224],[-6.85654,37.29837],[-6.85457,37.30285],[-6.85169,37.30414],[-6.84772,37.30374],[-6.84347,37.29705],[-6.84157,37.29663],[-6.83709,37.29959],[-6.82753,37.30195],[-6.82184,37.31131],[-6.8195,37.31229],[-6.81618,37.31149],[-6.81974,37.32102],[-6.82505,37.32902],[-6.84356,37.36702],[-6.84655,37.38636],[-6.85537,37.39432],[-6.85535,37.40354],[-6.85515,37.40356]]]]}},{"type":"Feature","properties":{"mun_code":"21053","mun_name":"Niebla","mun_name_local":null,"prov_code":"21","prov_name":"Huelva","acom_code":"01","acom_name":"Andalucía","geo_point_2d":{"lon":-6.678683560767954,"lat":37.43486637574943}},"geometry":{"type":"Polygon","coordinates":[[[-6.78305,37.30971],[-6.77859,37.3067],[-6.77731,37.30306],[-6.774,37.30283],[-6.76727,37.30833],[-6.76211,37.30803],[-6.75666,37.3099],[-6.74989,37.31681],[-6.73096,37.3252],[-6.72673,37.32842],[-6.7148,37.32967],[-6.71236,37.33258],[-6.71173,37.3423],[-6.70774,37.34674],[-6.70649,37.34625],[-6.7074,37.34296],[-6.70342,37.34562],[-6.70255,37.34371],[-6.69486,37.34259],[-6.6877,37.34459],[-6.67663,37.34463],[-6.67079,37.3318],[-6.66828,37.33267],[-6.66673,37.32944],[-6.6504,37.32851],[-6.63865,37.32467],[-6.63403,37.33084],[-6.63271,37.33569],[-6.62243,37.33468],[-6.62025,37.33805],[-6.61936,37.34619],[-6.6312,37.35432],[-6.63356,37.36622],[-6.64721,37.37542],[-6.65274,37.37689],[-6.66053,37.38349],[-6.66389,37.38322],[-6.66454,37.38847],[-6.67572,37.39558],[-6.6789,37.40688],[-6.67718,37.41675],[-6.67983,37.42445],[-6.67873,37.42855],[-6.68056,37.43478],[-6.67627,37.43888],[-6.66926,37.43848],[-6.6655,37.43975],[-6.66419,37.44379],[-6.65244,37.452],[-6.63201,37.45896],[-6.62063,37.45324],[-6.61663,37.44831],[-6.61426,37.44823],[-6.61483,37.44687],[-6.61116,37.44338],[-6.61158,37.42603],[-6.60981,37.42414],[-6.60458,37.42937],[-6.60292,37.43471],[-6.60079,37.43532],[-6.59393,37.4336],[-6.5863,37.43737],[-6.58313,37.4408],[-6.5816,37.44785],[-6.57157,37.45176],[-6.57644,37.45607],[-6.57146,37.46747],[-6.57418,37.46952],[-6.57115,37.47244],[-6.57207,37.47526],[-6.56994,37.47957],[-6.56995,37.48977],[-6.57162,37.49134],[-6.57622,37.49066],[-6.5784,37.49301],[-6.57459,37.49559],[-6.5742,37.50957],[-6.56951,37.50682],[-6.56779,37.51249],[-6.57059,37.51543],[-6.57505,37.51201],[-6.58644,37.521],[-6.59038,37.52592],[-6.5909,37.52111],[-6.59289,37.51986],[-6.58463,37.51708],[-6.58814,37.51404],[-6.59428,37.51095],[-6.60143,37.51027],[-6.6055,37.51144],[-6.60765,37.51427],[-6.61261,37.51621],[-6.61852,37.51301],[-6.6195,37.5065],[-6.62273,37.50484],[-6.62441,37.50806],[-6.61957,37.51673],[-6.63012,37.51917],[-6.63326,37.52237],[-6.63523,37.52252],[-6.63527,37.52633],[-6.63764,37.52909],[-6.63969,37.53022],[-6.64573,37.52736],[-6.65026,37.53003],[-6.66397,37.53041],[-6.66685,37.52864],[-6.66515,37.52251],[-6.66814,37.51825],[-6.66754,37.51573],[-6.6702,37.51081],[-6.67368,37.51131],[-6.68088,37.50842],[-6.68664,37.51574],[-6.69541,37.51072],[-6.70464,37.51241],[-6.71788,37.50934],[-6.71947,37.50582],[-6.72283,37.50476],[-6.72363,37.50272],[-6.72864,37.50087],[-6.72977,37.49918],[-6.73774,37.499],[-6.73873,37.49787],[-6.742,37.49865],[-6.74267,37.49733],[-6.74692,37.49697],[-6.75094,37.49719],[-6.75131,37.4982],[-6.75479,37.49591],[-6.75407,37.49342],[-6.75688,37.49496],[-6.75874,37.49311],[-6.76171,37.49275],[-6.7615,37.49163],[-6.76489,37.49202],[-6.76345,37.47847],[-6.76197,37.477],[-6.76401,37.46972],[-6.76298,37.46804],[-6.76555,37.46454],[-6.76683,37.45724],[-6.76879,37.45651],[-6.76888,37.45153],[-6.76694,37.45024],[-6.765,37.45194],[-6.76459,37.44935],[-6.75957,37.44505],[-6.76009,37.44252],[-6.75276,37.44134],[-6.75174,37.43937],[-6.74981,37.43995],[-6.74649,37.43861],[-6.74269,37.43343],[-6.74135,37.43431],[-6.73628,37.43091],[-6.73675,37.42582],[-6.73377,37.42425],[-6.73399,37.42202],[-6.73124,37.41992],[-6.7307,37.41621],[-6.73716,37.40962],[-6.73799,37.40411],[-6.73946,37.40363],[-6.73528,37.39989],[-6.73607,37.39004],[-6.73917,37.37615],[-6.74366,37.36922],[-6.74215,37.36669],[-6.74392,37.36234],[-6.74285,37.36044],[-6.74688,37.35759],[-6.74451,37.35399],[-6.74614,37.34728],[-6.7542,37.34372],[-6.7535,37.34014],[-6.75668,37.33547],[-6.75756,37.33155],[-6.75263,37.33026],[-6.75159,37.32588],[-6.75523,37.32147],[-6.75598,37.32283],[-6.75857,37.32173],[-6.76812,37.31551],[-6.77537,37.31302],[-6.77701,37.31412],[-6.78119,37.31398],[-6.7799,37.31231],[-6.78181,37.3095],[-6.78305,37.30971]]]}},{"type":"Feature","properties":{"mun_code":"21059","mun_name":"Puerto Moral","mun_name_local":null,"prov_code":"21","prov_name":"Huelva","acom_code":"01","acom_name":"Andalucía","geo_point_2d":{"lon":-6.465865485640664,"lat":37.89228333807053}},"geometry":{"type":"Polygon","coordinates":[[[-6.49701,37.88461],[-6.49119,37.87655],[-6.48121,37.87187],[-6.47449,37.87191],[-6.46248,37.8655],[-6.45234,37.86617],[-6.45008,37.8744],[-6.44302,37.87863],[-6.44406,37.88101],[-6.43809,37.89104],[-6.43704,37.89912],[-6.44134,37.90011],[-6.44487,37.903],[-6.45228,37.90174],[-6.45163,37.91134],[-6.46055,37.91471],[-6.46392,37.92528],[-6.4706,37.92861],[-6.47334,37.92483],[-6.47544,37.92473],[-6.47831,37.91964],[-6.47522,37.91586],[-6.4708,37.9152],[-6.47059,37.91289],[-6.47262,37.91033],[-6.48577,37.90331],[-6.48738,37.89872],[-6.484,37.89654],[-6.49532,37.88595],[-6.49701,37.88461]]]}},{"type":"Feature","properties":{"mun_code":"21074","mun_name":"Villalba del Alcor","mun_name_local":null,"prov_code":"21","prov_name":"Huelva","acom_code":"01","acom_name":"Andalucía","geo_point_2d":{"lon":-6.4933899010517315,"lat":37.40225161892987}},"geometry":{"type":"MultiPolygon","coordinates":[[[[-6.42006,37.35837],[-6.43245,37.36455],[-6.43652,37.3652],[-6.44112,37.36844],[-6.4532,37.35766],[-6.4569,37.34204],[-6.45042,37.33994],[-6.44602,37.33499],[-6.44143,37.33282],[-6.42262,37.35531],[-6.42006,37.35837]]],[[[-6.50532,37.45966],[-6.50617,37.46587],[-6.5105,37.4671],[-6.52842,37.46666],[-6.54406,37.46009],[-6.54514,37.44989],[-6.53949,37.4393],[-6.53541,37.42722],[-6.52506,37.41089],[-6.51758,37.39571],[-6.51219,37.37753],[-6.50736,37.36982],[-6.50644,37.36015],[-6.50372,37.35854],[-6.50155,37.35179],[-6.49376,37.34344],[-6.4837,37.33638],[-6.47206,37.33057],[-6.4685,37.33583],[-6.48702,37.34643],[-6.4874,37.35018],[-6.48262,37.35429],[-6.46941,37.37191],[-6.47278,37.37363],[-6.47196,37.37971],[-6.45853,37.39382],[-6.45275,37.40348],[-6.46515,37.41649],[-6.48491,37.42913],[-6.50516,37.45921],[-6.50532,37.45966]]]]}},{"type":"Feature","properties":{"mun_code":"21005","mun_name":"Almonte","mun_name_local":null,"prov_code":"21","prov_name":"Huelva","acom_code":"01","acom_name":"Andalucía","geo_point_2d":{"lon":-6.533785399557899,"lat":37.10116906229992}},"geometry":{"type":"Polygon","coordinates":[[[-6.72977,37.08992],[-6.59059,37.01932],[-6.51274,36.97053],[-6.49865,36.95893],[-6.46516,36.92686],[-6.44927,36.90779],[-6.4361,36.88592],[-6.39723,36.80734],[-6.38793,36.80063],[-6.37126,36.79506],[-6.36372,36.79681],[-6.35269,36.79639],[-6.34418,36.79963],[-6.3423,36.80372],[-6.34354,36.81249],[-6.35181,36.82527],[-6.3529,36.82924],[-6.35322,36.85504],[-6.34587,36.88801],[-6.33983,36.89524],[-6.33101,36.8988],[-6.33466,36.90324],[-6.34562,36.90752],[-6.35873,36.92049],[-6.37105,36.92678],[-6.37889,36.93471],[-6.38309,36.94176],[-6.39252,36.9499],[-6.40407,36.96483],[-6.41031,36.96991],[-6.42311,36.98808],[-6.4324,37.01325],[-6.43062,37.02712],[-6.42295,37.04179],[-6.42986,37.05425],[-6.4315,37.06093],[-6.43621,37.06716],[-6.4353,37.07386],[-6.44023,37.07996],[-6.43959,37.08274],[-6.43395,37.08666],[-6.43277,37.09461],[-6.43397,37.10061],[-6.43769,37.10427],[-6.4481,37.10327],[-6.45281,37.10754],[-6.45953,37.1104],[-6.46526,37.1174],[-6.45974,37.12461],[-6.45979,37.12729],[-6.46332,37.13294],[-6.4581,37.1437],[-6.46167,37.16004],[-6.45938,37.1661],[-6.46224,37.17121],[-6.45629,37.1792],[-6.45756,37.18435],[-6.45983,37.18613],[-6.45853,37.18925],[-6.46034,37.19853],[-6.44816,37.21371],[-6.43713,37.21798],[-6.43225,37.22248],[-6.42707,37.24446],[-6.42125,37.25563],[-6.42206,37.25997],[-6.41873,37.26255],[-6.42352,37.27618],[-6.42821,37.27844],[-6.43102,37.2833],[-6.43582,37.28708],[-6.44819,37.2923],[-6.46022,37.30567],[-6.46597,37.31388],[-6.46729,37.32528],[-6.47206,37.33057],[-6.4948,37.31769],[-6.50428,37.3092],[-6.51715,37.3025],[-6.52102,37.30161],[-6.52444,37.30465],[-6.53261,37.30157],[-6.53586,37.29504],[-6.53534,37.29061],[-6.53771,37.28811],[-6.54886,37.28758],[-6.55936,37.29103],[-6.56598,37.28435],[-6.57363,37.28145],[-6.61297,37.25269],[-6.62268,37.2495],[-6.63943,37.24053],[-6.66808,37.23375],[-6.68441,37.22056],[-6.72391,37.19678],[-6.73232,37.18988],[-6.73355,37.18129],[-6.73718,37.1752],[-6.73821,37.15177],[-6.73651,37.13841],[-6.72508,37.1124],[-6.7228,37.10136],[-6.72953,37.09033],[-6.72977,37.08992]]]}},{"type":"Feature","properties":{"mun_code":"21070","mun_name":"Trigueros","mun_name_local":null,"prov_code":"21","prov_name":"Huelva","acom_code":"01","acom_name":"Andalucía","geo_point_2d":{"lon":-6.848816215192975,"lat":37.41415906418604}},"geometry":{"type":"Polygon","coordinates":[[[-6.9731,37.47089],[-6.96192,37.46963],[-6.94924,37.4644],[-6.94785,37.46557],[-6.9401,37.46417],[-6.93275,37.4645],[-6.91558,37.45872],[-6.8999,37.44724],[-6.89009,37.44229],[-6.8814,37.44052],[-6.87379,37.43653],[-6.8688,37.43199],[-6.86315,37.42291],[-6.85587,37.41846],[-6.85707,37.41161],[-6.85499,37.40664],[-6.85537,37.39432],[-6.84655,37.38636],[-6.84356,37.36702],[-6.82505,37.32902],[-6.81974,37.32102],[-6.81618,37.31149],[-6.80599,37.31025],[-6.80385,37.30536],[-6.8013,37.30468],[-6.79818,37.30869],[-6.79321,37.30989],[-6.78893,37.32861],[-6.78393,37.33426],[-6.7679,37.33635],[-6.75726,37.33172],[-6.75668,37.33547],[-6.7535,37.34014],[-6.7542,37.34372],[-6.74614,37.34728],[-6.74451,37.35399],[-6.74564,37.35659],[-6.76079,37.36833],[-6.78494,37.37373],[-6.78651,37.39357],[-6.79099,37.39246],[-6.79815,37.4019],[-6.80161,37.39966],[-6.80685,37.40878],[-6.81608,37.40615],[-6.82121,37.41296],[-6.82387,37.41202],[-6.83242,37.42218],[-6.83788,37.43595],[-6.8477,37.45384],[-6.85837,37.46656],[-6.87101,37.48898],[-6.88689,37.50055],[-6.89154,37.50569],[-6.9025,37.50706],[-6.9091,37.51058],[-6.914,37.51593],[-6.92252,37.51983],[-6.92472,37.51497],[-6.93104,37.51113],[-6.93146,37.50576],[-6.93483,37.5028],[-6.93952,37.48638],[-6.94592,37.4825],[-6.95861,37.48612],[-6.96224,37.48015],[-6.96822,37.47977],[-6.97083,37.47841],[-6.97061,37.47427],[-6.97261,37.47127],[-6.9731,37.47089]]]}},{"type":"Feature","properties":{"mun_code":"21023","mun_name":"El Cerro de Andévalo","mun_name_local":null,"prov_code":"21","prov_name":"Huelva","acom_code":"01","acom_name":"Andalucía","geo_point_2d":{"lon":-7.01483776875017,"lat":37.70818040966959}},"geometry":{"type":"Polygon","coordinates":[[[-7.15408,37.69191],[-7.15073,37.68457],[-7.14676,37.68752],[-7.14362,37.68498],[-7.14031,37.6844],[-7.13328,37.68864],[-7.12968,37.68835],[-7.12975,37.68444],[-7.1224,37.67629],[-7.1347,37.67226],[-7.14721,37.66253],[-7.14916,37.66368],[-7.15525,37.66268],[-7.15273,37.64494],[-7.13456,37.63039],[-7.13308,37.62743],[-7.09978,37.60699],[-7.08094,37.59084],[-7.06879,37.60016],[-7.06118,37.61064],[-7.05972,37.61595],[-7.05574,37.61728],[-7.05575,37.61932],[-7.05314,37.62086],[-7.05187,37.62402],[-7.03972,37.63791],[-7.00997,37.66555],[-7.00002,37.66795],[-6.97751,37.66655],[-6.9738,37.66897],[-6.97292,37.6763],[-6.96953,37.67871],[-6.96685,37.6785],[-6.96423,37.68319],[-6.96668,37.6889],[-6.96556,37.69194],[-6.96168,37.69326],[-6.96182,37.69633],[-6.96397,37.69837],[-6.96309,37.70142],[-6.93064,37.70278],[-6.92614,37.70403],[-6.91778,37.70362],[-6.90937,37.70586],[-6.89497,37.70711],[-6.87539,37.71582],[-6.86851,37.72193],[-6.85358,37.72332],[-6.86346,37.77999],[-6.86249,37.76948],[-6.88629,37.76719],[-6.89374,37.76519],[-6.9026,37.77047],[-6.90834,37.7764],[-6.92122,37.78487],[-6.91813,37.80206],[-6.92183,37.81035],[-6.92194,37.81719],[-6.93434,37.80151],[-6.94842,37.79652],[-6.9746,37.78271],[-7.01511,37.77589],[-7.02771,37.77879],[-7.04398,37.78496],[-7.05414,37.76977],[-7.05896,37.76597],[-7.06069,37.75718],[-7.0637,37.75432],[-7.0681,37.74517],[-7.06991,37.72941],[-7.0746,37.72381],[-7.08089,37.72081],[-7.1039,37.72024],[-7.12263,37.72138],[-7.12512,37.70953],[-7.12897,37.70739],[-7.1331,37.7069],[-7.13457,37.70359],[-7.13951,37.69977],[-7.14572,37.69822],[-7.1535,37.69226],[-7.15408,37.69191]]]}},{"type":"Feature","properties":{"mun_code":"21035","mun_name":"Gibraleón","mun_name_local":null,"prov_code":"21","prov_name":"Huelva","acom_code":"01","acom_name":"Andalucía","geo_point_2d":{"lon":-6.994443985079285,"lat":37.396027680738996}},"geometry":{"type":"Polygon","coordinates":[[[-7.10209,37.37179],[-7.08591,37.34889],[-7.07545,37.32222],[-7.07369,37.30955],[-7.07095,37.30347],[-7.07376,37.29897],[-7.07391,37.29174],[-7.08002,37.28734],[-7.07828,37.27786],[-7.0688,37.26796],[-7.06731,37.26401],[-7.05394,37.25322],[-7.03767,37.24785],[-7.03721,37.24541],[-7.03425,37.24403],[-7.0312,37.23913],[-7.0059,37.23255],[-7.00019,37.25831],[-7.01927,37.25344],[-7.02355,37.2547],[-7.02781,37.25699],[-7.03179,37.26174],[-7.03832,37.26366],[-7.0475,37.27052],[-7.05825,37.26834],[-7.0646,37.27199],[-7.06938,37.27274],[-7.07183,37.27702],[-7.07769,37.27874],[-7.07425,37.28572],[-7.0639,37.2945],[-7.05735,37.29641],[-7.05352,37.29558],[-7.0286,37.29997],[-7.01606,37.29997],[-6.97951,37.3079],[-6.947,37.34024],[-6.94327,37.34124],[-6.9347,37.33928],[-6.93302,37.34245],[-6.93098,37.34307],[-6.93072,37.34854],[-6.92724,37.3523],[-6.92713,37.35545],[-6.91687,37.35821],[-6.91682,37.36043],[-6.91409,37.36026],[-6.91255,37.36195],[-6.91257,37.36598],[-6.90746,37.36729],[-6.90368,37.36498],[-6.9,37.36652],[-6.89831,37.3648],[-6.89581,37.36715],[-6.88945,37.36604],[-6.88739,37.36834],[-6.88408,37.36762],[-6.87643,37.37024],[-6.87509,37.37346],[-6.87006,37.37443],[-6.86481,37.38017],[-6.8659,37.38784],[-6.86299,37.39434],[-6.85887,37.39662],[-6.85515,37.40356],[-6.85707,37.41161],[-6.85587,37.41846],[-6.86315,37.42291],[-6.8688,37.43199],[-6.87379,37.43653],[-6.8814,37.44052],[-6.89009,37.44229],[-6.8999,37.44724],[-6.91558,37.45872],[-6.93275,37.4645],[-6.9401,37.46417],[-6.94785,37.46557],[-6.94924,37.4644],[-6.96192,37.46963],[-6.97264,37.47062],[-6.9749,37.47384],[-6.97847,37.47112],[-6.98878,37.47433],[-6.99453,37.4782],[-7.00046,37.48673],[-7.00537,37.48992],[-7.00697,37.49584],[-7.01316,37.50008],[-7.01484,37.50417],[-7.02532,37.51357],[-7.02698,37.5167],[-7.05379,37.53023],[-7.07428,37.53221],[-7.08641,37.53585],[-7.08903,37.53217],[-7.08881,37.52979],[-7.09203,37.52945],[-7.09418,37.52583],[-7.09161,37.52356],[-7.08901,37.52484],[-7.0856,37.51879],[-7.08088,37.51863],[-7.07799,37.52163],[-7.07466,37.52073],[-7.07371,37.52195],[-7.07217,37.52149],[-7.07155,37.5247],[-7.06273,37.52016],[-7.06248,37.51186],[-7.06562,37.50779],[-7.06111,37.49694],[-7.06337,37.4886],[-7.06236,37.48201],[-7.06957,37.4813],[-7.07586,37.48277],[-7.0839,37.47616],[-7.08379,37.47376],[-7.07915,37.47296],[-7.0773,37.47034],[-7.08224,37.46887],[-7.08388,37.46593],[-7.08066,37.46352],[-7.07563,37.46355],[-7.07051,37.46139],[-7.06481,37.46298],[-7.0591,37.45866],[-7.05481,37.45817],[-7.04503,37.42948],[-7.06117,37.42151],[-7.07195,37.41411],[-7.08088,37.39357],[-7.08667,37.39146],[-7.09776,37.38461],[-7.10176,37.37199],[-7.10209,37.37179]]]}},{"type":"Feature","properties":{"mun_code":"21041","mun_name":"Huelva","mun_name_local":null,"prov_code":"21","prov_name":"Huelva","acom_code":"01","acom_name":"Andalucía","geo_point_2d":{"lon":-6.929344257675174,"lat":37.272505758066146}},"geometry":{"type":"Polygon","coordinates":[[[-7.0059,37.23255],[-7.00152,37.23103],[-6.99678,37.22718],[-6.9891,37.22612],[-6.98582,37.22402],[-6.97528,37.2069],[-6.96512,37.19506],[-6.96113,37.18567],[-6.95177,37.1762],[-6.94974,37.1779],[-6.94786,37.17659],[-6.94483,37.17051],[-6.93455,37.16384],[-6.90385,37.15022],[-6.8781,37.14074],[-6.85283,37.129],[-6.83986,37.11894],[-6.83236,37.10786],[-6.83762,37.11682],[-6.84462,37.12384],[-6.85215,37.12892],[-6.853,37.13188],[-6.87409,37.14148],[-6.87809,37.14091],[-6.88918,37.14593],[-6.89874,37.15172],[-6.89986,37.15483],[-6.89965,37.15401],[-6.90345,37.15629],[-6.90616,37.15606],[-6.91581,37.16305],[-6.91793,37.16818],[-6.92161,37.16998],[-6.91869,37.17373],[-6.93277,37.18592],[-6.94052,37.20118],[-6.94192,37.207],[-6.9367,37.21044],[-6.91179,37.23434],[-6.90652,37.24103],[-6.88042,37.26031],[-6.87834,37.26601],[-6.87041,37.2728],[-6.86248,37.27524],[-6.85068,37.2838],[-6.85238,37.29281],[-6.85803,37.29915],[-6.85262,37.30478],[-6.85616,37.31129],[-6.86045,37.31565],[-6.86367,37.31697],[-6.86674,37.3236],[-6.88973,37.34857],[-6.8923,37.35463],[-6.90236,37.36078],[-6.90714,37.36722],[-6.91257,37.36598],[-6.91255,37.36195],[-6.91409,37.36026],[-6.91682,37.36043],[-6.91687,37.35821],[-6.92254,37.35589],[-6.92687,37.35576],[-6.92724,37.3523],[-6.93072,37.34854],[-6.93098,37.34307],[-6.93302,37.34245],[-6.9347,37.33928],[-6.94327,37.34124],[-6.947,37.34024],[-6.97951,37.3079],[-6.97602,37.29547],[-6.97704,37.29227],[-6.97593,37.2862],[-6.98177,37.28029],[-6.98242,37.27475],[-6.97838,37.26868],[-6.97205,37.26566],[-6.9743,37.2636],[-6.98207,37.26886],[-6.98575,37.26932],[-6.98875,37.26751],[-6.99278,37.26116],[-7.00019,37.25831],[-7.00468,37.23701],[-7.0059,37.23255]]]}},{"type":"Feature","properties":{"mun_code":"21003","mun_name":"El Almendro","mun_name_local":null,"prov_code":"21","prov_name":"Huelva","acom_code":"01","acom_name":"Andalucía","geo_point_2d":{"lon":-7.340980907502069,"lat":37.551058627609976}},"geometry":{"type":"Polygon","coordinates":[[[-7.50112,37.58381],[-7.50216,37.58111],[-7.50106,37.57852],[-7.4979,37.57969],[-7.49454,37.57736],[-7.49229,37.57966],[-7.49036,37.5789],[-7.48858,37.57977],[-7.48476,37.57862],[-7.48716,37.57732],[-7.48504,37.57603],[-7.48528,37.57438],[-7.48154,37.57433],[-7.45081,37.56439],[-7.40901,37.55376],[-7.40856,37.55284],[-7.41063,37.55307],[-7.41036,37.55],[-7.41209,37.54866],[-7.40786,37.54279],[-7.40514,37.5316],[-7.406,37.52854],[-7.39976,37.52787],[-7.39781,37.51521],[-7.39564,37.51466],[-7.38948,37.51476],[-7.37978,37.51176],[-7.37242,37.51172],[-7.33976,37.50536],[-7.3193,37.50412],[-7.31446,37.50507],[-7.30789,37.5039],[-7.27682,37.50538],[-7.25779,37.50183],[-7.23916,37.50047],[-7.22188,37.50183],[-7.1838,37.51109],[-7.1691,37.51683],[-7.16728,37.52145],[-7.17148,37.52749],[-7.176,37.53064],[-7.18868,37.53355],[-7.19561,37.5329],[-7.2173,37.53707],[-7.26707,37.55282],[-7.30986,37.55976],[-7.31039,37.56793],[-7.31287,37.57011],[-7.30824,37.57396],[-7.31576,37.5737],[-7.31847,37.58117],[-7.32271,37.58573],[-7.32767,37.58572],[-7.32949,37.59373],[-7.33155,37.59353],[-7.33505,37.58749],[-7.3394,37.58463],[-7.34261,37.58855],[-7.34217,37.59263],[-7.33821,37.59479],[-7.3396,37.5967],[-7.34383,37.59528],[-7.34597,37.59733],[-7.34877,37.59555],[-7.34727,37.60079],[-7.3512,37.60353],[-7.35262,37.60223],[-7.3529,37.59769],[-7.3547,37.59768],[-7.36077,37.60237],[-7.36422,37.60301],[-7.36495,37.60776],[-7.36869,37.60545],[-7.37422,37.60808],[-7.37598,37.60582],[-7.37882,37.60578],[-7.37968,37.60361],[-7.38171,37.60354],[-7.38448,37.60626],[-7.38298,37.60819],[-7.38525,37.61047],[-7.38575,37.61506],[-7.3903,37.61588],[-7.39011,37.62004],[-7.39206,37.61896],[-7.39212,37.61608],[-7.39682,37.61598],[-7.40108,37.61283],[-7.40096,37.60811],[-7.40632,37.61102],[-7.40881,37.61082],[-7.41175,37.60645],[-7.41723,37.60804],[-7.42167,37.60488],[-7.422,37.60953],[-7.42714,37.60878],[-7.43066,37.6115],[-7.43292,37.60378],[-7.43771,37.60438],[-7.44102,37.60308],[-7.45145,37.60519],[-7.45387,37.59799],[-7.45821,37.5961],[-7.46185,37.59738],[-7.46274,37.60183],[-7.46922,37.60289],[-7.47085,37.59857],[-7.47599,37.59384],[-7.48747,37.59116],[-7.48952,37.59241],[-7.4905,37.58995],[-7.50088,37.58396],[-7.50112,37.58381]]]}},{"type":"Feature","properties":{"mun_code":"21040","mun_name":"Hinojos","mun_name_local":null,"prov_code":"21","prov_name":"Huelva","acom_code":"01","acom_name":"Andalucía","geo_point_2d":{"lon":-6.401169542669991,"lat":37.16817634615434}},"geometry":{"type":"Polygon","coordinates":[[[-6.47206,37.33057],[-6.46729,37.32528],[-6.46597,37.31388],[-6.46022,37.30567],[-6.44819,37.2923],[-6.43582,37.28708],[-6.43102,37.2833],[-6.42821,37.27844],[-6.42352,37.27618],[-6.41873,37.26255],[-6.42206,37.25997],[-6.42125,37.25563],[-6.42707,37.24446],[-6.43225,37.22248],[-6.43713,37.21798],[-6.44816,37.21371],[-6.46034,37.19853],[-6.45853,37.18925],[-6.45983,37.18613],[-6.45756,37.18435],[-6.45629,37.1792],[-6.46224,37.17121],[-6.45938,37.1661],[-6.46167,37.16004],[-6.4581,37.1437],[-6.46332,37.13294],[-6.45979,37.12729],[-6.45974,37.12461],[-6.46526,37.1174],[-6.45953,37.1104],[-6.45281,37.10754],[-6.4481,37.10327],[-6.43769,37.10427],[-6.43397,37.10061],[-6.43277,37.09461],[-6.43395,37.08666],[-6.43959,37.08274],[-6.44023,37.07996],[-6.4353,37.07386],[-6.43621,37.06716],[-6.4315,37.06093],[-6.42986,37.05425],[-6.4229,37.04115],[-6.43075,37.02673],[-6.43203,37.01053],[-6.42665,37.00016],[-6.42365,36.98914],[-6.41334,36.97404],[-6.39973,36.96],[-6.39252,36.9499],[-6.38309,36.94176],[-6.37889,36.93471],[-6.3765,36.93483],[-6.36979,36.93931],[-6.36381,36.9458],[-6.35972,36.95972],[-6.36118,36.9719],[-6.3551,36.98328],[-6.35394,36.98849],[-6.35925,37.00618],[-6.3787,37.04442],[-6.38045,37.05852],[-6.38328,37.0628],[-6.38593,37.07198],[-6.38615,37.08039],[-6.38437,37.08638],[-6.37663,37.09759],[-6.3684,37.10426],[-6.35631,37.11064],[-6.35642,37.1126],[-6.36016,37.11545],[-6.36009,37.11729],[-6.35364,37.11819],[-6.34955,37.12113],[-6.34418,37.12046],[-6.34236,37.12298],[-6.34318,37.12801],[-6.34583,37.12866],[-6.34866,37.13237],[-6.35154,37.1323],[-6.35553,37.13451],[-6.35967,37.13843],[-6.35899,37.14113],[-6.3529,37.14736],[-6.35294,37.15037],[-6.34811,37.15308],[-6.33612,37.16962],[-6.34675,37.17643],[-6.35056,37.18056],[-6.35318,37.19642],[-6.35203,37.19795],[-6.35338,37.19894],[-6.34984,37.20305],[-6.35085,37.20741],[-6.34795,37.2093],[-6.34524,37.21828],[-6.35985,37.2381],[-6.35549,37.24185],[-6.35124,37.24961],[-6.35433,37.2555],[-6.34973,37.26517],[-6.34213,37.27208],[-6.33708,37.27474],[-6.34167,37.27797],[-6.34282,37.28115],[-6.3403,37.28271],[-6.33845,37.2882],[-6.3365,37.28945],[-6.333,37.2991],[-6.34399,37.31313],[-6.35797,37.31957],[-6.36331,37.32389],[-6.37146,37.32746],[-6.37372,37.33044],[-6.37658,37.33061],[-6.39204,37.34276],[-6.40812,37.33351],[-6.42,37.31987],[-6.42346,37.32163],[-6.42658,37.32485],[-6.43193,37.3266],[-6.4337,37.32896],[-6.44038,37.33099],[-6.45042,37.33994],[-6.4569,37.34204],[-6.4532,37.35766],[-6.44738,37.36326],[-6.46941,37.37191],[-6.48262,37.35429],[-6.4874,37.35018],[-6.48702,37.34643],[-6.4685,37.33583],[-6.47052,37.33255],[-6.47206,37.33057]]]}},{"type":"Feature","properties":{"mun_code":"21008","mun_name":"Aroche","mun_name_local":null,"prov_code":"21","prov_name":"Huelva","acom_code":"01","acom_name":"Andalucía","geo_point_2d":{"lon":-6.9897627291758635,"lat":37.94776760860536}},"geometry":{"type":"Polygon","coordinates":[[[-7.12538,37.82687],[-7.0913,37.83084],[-7.07859,37.83433],[-7.07083,37.8349],[-7.06613,37.83777],[-7.0621,37.83853],[-7.05815,37.85405],[-7.05168,37.85278],[-7.03697,37.85561],[-7.03368,37.8552],[-7.03326,37.85276],[-7.0309,37.85364],[-7.01879,37.85312],[-7.0115,37.84921],[-7.00608,37.85196],[-6.99134,37.85055],[-6.98671,37.84692],[-6.98367,37.84781],[-6.96945,37.84385],[-6.96565,37.84154],[-6.94895,37.84097],[-6.93975,37.83936],[-6.93597,37.84003],[-6.92917,37.84415],[-6.92006,37.84231],[-6.9145,37.84452],[-6.90919,37.8439],[-6.90688,37.853],[-6.89698,37.85056],[-6.89257,37.86064],[-6.88134,37.86275],[-6.88031,37.86581],[-6.88767,37.87115],[-6.89225,37.86962],[-6.90366,37.87189],[-6.90469,37.87691],[-6.89827,37.89444],[-6.90145,37.90267],[-6.8951,37.90858],[-6.89491,37.91087],[-6.88383,37.91611],[-6.87637,37.92187],[-6.87416,37.92664],[-6.86567,37.93225],[-6.86114,37.93834],[-6.85516,37.94259],[-6.84844,37.95268],[-6.83593,37.96461],[-6.82843,37.96131],[-6.81458,37.96347],[-6.81221,37.96738],[-6.81635,37.96947],[-6.81831,37.97552],[-6.82101,37.97715],[-6.81732,37.9836],[-6.82073,37.98847],[-6.81791,37.99084],[-6.82061,37.99367],[-6.81873,37.99568],[-6.82057,37.99987],[-6.82426,38.002],[-6.82711,37.99706],[-6.82924,37.99817],[-6.83227,37.99712],[-6.83638,37.99776],[-6.83858,38.0031],[-6.83805,38.00639],[-6.83575,38.00646],[-6.83576,38.00823],[-6.84714,38.01511],[-6.85109,38.01344],[-6.85474,38.01513],[-6.85608,38.01632],[-6.85553,38.01948],[-6.86648,38.02683],[-6.87049,38.02766],[-6.87765,38.02321],[-6.887,38.02419],[-6.89107,38.02719],[-6.90689,38.0251],[-6.91064,38.02579],[-6.9126,38.03229],[-6.91624,38.03158],[-6.91594,38.03377],[-6.91023,38.03938],[-6.9092,38.04592],[-6.90717,38.04684],[-6.9097,38.04855],[-6.90727,38.04918],[-6.90605,38.05212],[-6.90779,38.05567],[-6.92603,38.06309],[-6.93923,38.07121],[-6.94857,38.07147],[-6.95378,38.07721],[-6.98496,38.09184],[-6.98948,38.09177],[-6.98984,38.08997],[-6.98741,38.07485],[-6.99069,38.0668],[-6.98984,38.05558],[-6.99976,38.0495],[-7.00267,38.04296],[-6.99898,38.03599],[-7.003,38.02996],[-7.00202,38.0224],[-7.00443,38.02307],[-7.0072,38.02076],[-7.01472,38.02113],[-7.02502,38.02467],[-7.03118,38.02232],[-7.03803,38.01757],[-7.04289,38.01653],[-7.04473,38.014],[-7.04678,38.01426],[-7.04834,38.01544],[-7.04785,38.01767],[-7.05703,38.01908],[-7.05926,38.01726],[-7.06316,38.01918],[-7.0641,38.02288],[-7.06221,38.02686],[-7.0643,38.02709],[-7.0649,38.0285],[-7.06673,38.02737],[-7.06823,38.03124],[-7.06735,38.0336],[-7.07127,38.03394],[-7.0738,38.03215],[-7.08027,38.03513],[-7.08278,38.03374],[-7.08224,38.03612],[-7.0901,38.03809],[-7.09085,38.0404],[-7.09319,38.04068],[-7.10246,38.0272],[-7.10895,38.00879],[-7.11383,38.00381],[-7.11414,38.0001],[-7.11856,37.99304],[-7.1178,37.9821],[-7.12004,37.97107],[-7.12567,37.9654],[-7.12846,37.95989],[-7.12176,37.94224],[-7.1236,37.93885],[-7.1196,37.92822],[-7.11927,37.91479],[-7.12702,37.89082],[-7.12777,37.87513],[-7.12966,37.87295],[-7.12488,37.86093],[-7.12526,37.8471],[-7.12807,37.84332],[-7.12372,37.83912],[-7.12393,37.83447],[-7.12238,37.83297],[-7.12527,37.82711],[-7.12538,37.82687]]]}},{"type":"Feature","properties":{"mun_code":"21066","mun_name":"San Silvestre de Guzmán","mun_name_local":null,"prov_code":"21","prov_name":"Huelva","acom_code":"01","acom_name":"Andalucía","geo_point_2d":{"lon":-7.379028474015749,"lat":37.38543885627177}},"geometry":{"type":"Polygon","coordinates":[[[-7.45117,37.40222],[-7.44119,37.39237],[-7.43888,37.37939],[-7.43634,37.38087],[-7.43393,37.38089],[-7.43125,37.37892],[-7.42844,37.38026],[-7.42188,37.37848],[-7.41584,37.37403],[-7.41072,37.37226],[-7.39703,37.37098],[-7.38666,37.36714],[-7.38234,37.36694],[-7.36921,37.35888],[-7.34087,37.35555],[-7.31226,37.36143],[-7.31105,37.37773],[-7.31451,37.38609],[-7.32758,37.38789],[-7.33586,37.3907],[-7.38256,37.41117],[-7.40814,37.41377],[-7.42951,37.41325],[-7.44501,37.40761],[-7.44652,37.40513],[-7.45033,37.40329],[-7.45117,37.40222]]]}},{"type":"Feature","properties":{"mun_code":"21004","mun_name":"Almonaster la Real","mun_name_local":null,"prov_code":"21","prov_name":"Huelva","acom_code":"01","acom_name":"Andalucía","geo_point_2d":{"lon":-6.782984477561284,"lat":37.80029046133616}},"geometry":{"type":"Polygon","coordinates":[[[-6.90919,37.8439],[-6.90371,37.83742],[-6.89721,37.83565],[-6.89511,37.83334],[-6.89439,37.82887],[-6.89016,37.82603],[-6.88898,37.82035],[-6.88337,37.81723],[-6.88381,37.81417],[-6.88681,37.81095],[-6.8862,37.80686],[-6.88146,37.80232],[-6.87792,37.79412],[-6.86365,37.78064],[-6.85358,37.72332],[-6.85531,37.71808],[-6.85436,37.71669],[-6.84875,37.71481],[-6.84435,37.71507],[-6.84246,37.71107],[-6.83941,37.71089],[-6.8378,37.70916],[-6.82924,37.70969],[-6.8262,37.70705],[-6.82051,37.70638],[-6.81634,37.70698],[-6.8127,37.70945],[-6.80911,37.70682],[-6.81024,37.70511],[-6.81285,37.70535],[-6.81398,37.70396],[-6.81206,37.69522],[-6.81626,37.69536],[-6.82025,37.68935],[-6.81718,37.68655],[-6.81549,37.68979],[-6.81337,37.68967],[-6.81292,37.6865],[-6.8149,37.68228],[-6.81953,37.67947],[-6.81303,37.67469],[-6.80617,37.67823],[-6.80561,37.68055],[-6.80821,37.68467],[-6.80667,37.68674],[-6.80406,37.6876],[-6.79638,37.68678],[-6.79858,37.69135],[-6.79576,37.70156],[-6.78776,37.70707],[-6.78354,37.71531],[-6.77437,37.71369],[-6.77033,37.71819],[-6.76246,37.71746],[-6.75761,37.71907],[-6.75445,37.71843],[-6.74979,37.71502],[-6.7426,37.71442],[-6.73441,37.71831],[-6.73293,37.72105],[-6.72805,37.72452],[-6.71324,37.72135],[-6.70903,37.72359],[-6.7068,37.72819],[-6.70022,37.72869],[-6.69492,37.73277],[-6.69241,37.73268],[-6.69396,37.72912],[-6.69149,37.72886],[-6.68897,37.7316],[-6.68191,37.73478],[-6.68065,37.73736],[-6.68281,37.74035],[-6.68004,37.74125],[-6.67771,37.74631],[-6.67081,37.75008],[-6.6748,37.75574],[-6.67366,37.76112],[-6.67165,37.76301],[-6.67284,37.76627],[-6.666,37.76523],[-6.66427,37.76625],[-6.6544,37.77519],[-6.65386,37.77737],[-6.65564,37.78011],[-6.6524,37.78234],[-6.65017,37.78197],[-6.64666,37.77787],[-6.64286,37.77792],[-6.64555,37.78406],[-6.65305,37.7875],[-6.65192,37.7939],[-6.6595,37.7922],[-6.65968,37.79378],[-6.65655,37.79674],[-6.65682,37.79898],[-6.65903,37.79927],[-6.66618,37.80549],[-6.66581,37.80764],[-6.66246,37.8089],[-6.65768,37.80663],[-6.65488,37.80955],[-6.65213,37.80872],[-6.6468,37.81177],[-6.64877,37.81346],[-6.6473,37.81467],[-6.64785,37.81637],[-6.64917,37.81504],[-6.65425,37.81455],[-6.65122,37.81663],[-6.65412,37.8182],[-6.6589,37.82872],[-6.66711,37.82709],[-6.6745,37.82757],[-6.6836,37.82319],[-6.68396,37.82455],[-6.68768,37.8244],[-6.70081,37.82798],[-6.72099,37.82958],[-6.73708,37.82831],[-6.74132,37.82901],[-6.74829,37.85523],[-6.74575,37.86396],[-6.75044,37.87035],[-6.74683,37.87311],[-6.74477,37.87761],[-6.726,37.88462],[-6.73155,37.88941],[-6.73387,37.88838],[-6.74453,37.88921],[-6.74771,37.89228],[-6.75353,37.89341],[-6.76022,37.89978],[-6.76238,37.90014],[-6.77009,37.91105],[-6.77603,37.90831],[-6.77685,37.90676],[-6.78079,37.90616],[-6.78767,37.90841],[-6.78996,37.9114],[-6.7958,37.90992],[-6.79846,37.91145],[-6.80331,37.90875],[-6.80527,37.90165],[-6.80724,37.90141],[-6.80805,37.89926],[-6.81125,37.89741],[-6.82484,37.90287],[-6.82929,37.89673],[-6.83636,37.89539],[-6.83616,37.8934],[-6.8422,37.88982],[-6.84579,37.88432],[-6.84489,37.88204],[-6.85288,37.88108],[-6.85367,37.87956],[-6.85768,37.87923],[-6.86769,37.87496],[-6.88576,37.87214],[-6.88731,37.87095],[-6.88031,37.86581],[-6.88134,37.86275],[-6.89257,37.86064],[-6.89698,37.85056],[-6.90688,37.853],[-6.90878,37.84951],[-6.90851,37.84465],[-6.90919,37.8439]]]}},{"type":"Feature","properties":{"mun_code":"21063","mun_name":"San Bartolomé de la Torre","mun_name_local":null,"prov_code":"21","prov_name":"Huelva","acom_code":"01","acom_name":"Andalucía","geo_point_2d":{"lon":-7.098814851998658,"lat":37.43328545115414}},"geometry":{"type":"Polygon","coordinates":[[[-7.08728,37.39112],[-7.08088,37.39357],[-7.07195,37.41411],[-7.06117,37.42151],[-7.04503,37.42948],[-7.05481,37.45817],[-7.0591,37.45866],[-7.06481,37.46298],[-7.07051,37.46139],[-7.07563,37.46355],[-7.08107,37.46366],[-7.08388,37.46593],[-7.08307,37.46809],[-7.08468,37.46845],[-7.0849,37.47162],[-7.08703,37.47157],[-7.0873,37.47314],[-7.08973,37.473],[-7.09336,37.46997],[-7.09433,37.47214],[-7.09957,37.47295],[-7.10166,37.47505],[-7.10809,37.47507],[-7.11293,37.47764],[-7.11577,37.47617],[-7.11752,37.47726],[-7.12035,37.47631],[-7.12218,37.47756],[-7.12476,37.47468],[-7.12411,37.47322],[-7.12604,37.47258],[-7.12342,37.46641],[-7.12886,37.4551],[-7.12954,37.44953],[-7.13468,37.442],[-7.14356,37.4391],[-7.14519,37.42456],[-7.13855,37.40524],[-7.13778,37.39896],[-7.0956,37.39223],[-7.08728,37.39112]]]}},{"type":"Feature","properties":{"mun_code":"21021","mun_name":"Cartaya","mun_name_local":null,"prov_code":"21","prov_name":"Huelva","acom_code":"01","acom_name":"Andalucía","geo_point_2d":{"lon":-7.154844169821917,"lat":37.31340270119716}},"geometry":{"type":"Polygon","coordinates":[[[-7.30201,37.38736],[-7.29183,37.38775],[-7.27086,37.385],[-7.26808,37.38028],[-7.27427,37.37101],[-7.27235,37.36991],[-7.26859,37.37233],[-7.26562,37.37174],[-7.26672,37.36463],[-7.26098,37.36292],[-7.26142,37.35879],[-7.25829,37.35366],[-7.25344,37.35173],[-7.24651,37.35166],[-7.24365,37.34476],[-7.2366,37.34312],[-7.23684,37.33863],[-7.23157,37.33201],[-7.2273,37.32982],[-7.2236,37.32411],[-7.2135,37.32139],[-7.21274,37.31979],[-7.20632,37.31661],[-7.19829,37.31038],[-7.19409,37.30425],[-7.19181,37.30382],[-7.18451,37.29692],[-7.18059,37.29579],[-7.17964,37.29171],[-7.17119,37.29013],[-7.17142,37.28738],[-7.17617,37.28509],[-7.17941,37.27976],[-7.17316,37.2705],[-7.17103,37.26345],[-7.1692,37.26252],[-7.16392,37.26349],[-7.16236,37.26226],[-7.16349,37.24975],[-7.16729,37.23964],[-7.16725,37.23054],[-7.17163,37.22181],[-7.16839,37.21666],[-7.16272,37.21325],[-7.15647,37.21176],[-7.12921,37.2151],[-7.10567,37.21274],[-7.08906,37.21329],[-7.07047,37.21136],[-7.06363,37.20907],[-7.06314,37.21091],[-7.05304,37.20927],[-7.05332,37.22106],[-7.06292,37.22957],[-7.06309,37.23353],[-7.06952,37.23377],[-7.07482,37.23575],[-7.08,37.24314],[-7.08028,37.2482],[-7.06303,37.25371],[-7.05938,37.25712],[-7.06731,37.26401],[-7.0688,37.26796],[-7.07885,37.2789],[-7.08002,37.28734],[-7.07391,37.29174],[-7.07376,37.29897],[-7.07095,37.30347],[-7.07369,37.30955],[-7.07545,37.32222],[-7.08591,37.34889],[-7.10209,37.37179],[-7.11033,37.36991],[-7.11671,37.36666],[-7.12318,37.37066],[-7.1307,37.37312],[-7.13772,37.37366],[-7.14749,37.37208],[-7.16867,37.38388],[-7.19512,37.39306],[-7.19721,37.39486],[-7.21327,37.39372],[-7.23086,37.40124],[-7.23909,37.40127],[-7.24546,37.40482],[-7.28115,37.41052],[-7.29006,37.40955],[-7.29333,37.40621],[-7.29554,37.39788],[-7.30144,37.3877],[-7.30201,37.38736]]]}},{"type":"Feature","properties":{"mun_code":"21024","mun_name":"Corteconcepción","mun_name_local":null,"prov_code":"21","prov_name":"Huelva","acom_code":"01","acom_name":"Andalucía","geo_point_2d":{"lon":-6.493964728656961,"lat":37.93306755655376}},"geometry":{"type":"Polygon","coordinates":[[[-6.51702,37.97638],[-6.51702,37.97285],[-6.5209,37.96702],[-6.52067,37.96398],[-6.52561,37.96307],[-6.52669,37.96132],[-6.5286,37.96127],[-6.52895,37.95954],[-6.52673,37.95588],[-6.52223,37.95455],[-6.52485,37.95224],[-6.52253,37.94889],[-6.52503,37.94852],[-6.52849,37.94092],[-6.53174,37.94202],[-6.53323,37.93965],[-6.53478,37.93973],[-6.53739,37.93454],[-6.51845,37.9232],[-6.52505,37.91717],[-6.53133,37.90754],[-6.53452,37.90688],[-6.52971,37.89999],[-6.5185,37.89217],[-6.50802,37.88871],[-6.50688,37.88704],[-6.49701,37.88461],[-6.484,37.89654],[-6.48738,37.89872],[-6.48577,37.90331],[-6.47262,37.91033],[-6.47059,37.91289],[-6.4708,37.9152],[-6.47522,37.91586],[-6.47831,37.91964],[-6.47544,37.92473],[-6.47334,37.92483],[-6.4706,37.92861],[-6.46605,37.92703],[-6.46249,37.92307],[-6.4612,37.91769],[-6.45863,37.91847],[-6.45567,37.92374],[-6.44593,37.92899],[-6.44826,37.934],[-6.44585,37.93775],[-6.44554,37.94303],[-6.44712,37.94546],[-6.44462,37.94784],[-6.44153,37.94788],[-6.44362,37.95108],[-6.44081,37.95389],[-6.44413,37.95573],[-6.44223,37.9564],[-6.44701,37.95736],[-6.45452,37.95603],[-6.45799,37.95947],[-6.4642,37.96199],[-6.46712,37.96121],[-6.47988,37.96395],[-6.4989,37.9718],[-6.50441,37.97309],[-6.50688,37.97204],[-6.51362,37.97387],[-6.51653,37.97618],[-6.51702,37.97638]]]}},{"type":"Feature","properties":{"mun_code":"21047","mun_name":"Manzanilla","mun_name_local":null,"prov_code":"21","prov_name":"Huelva","acom_code":"01","acom_name":"Andalucía","geo_point_2d":{"lon":-6.448212463565844,"lat":37.4034435934234}},"geometry":{"type":"Polygon","coordinates":[[[-6.50532,37.45966],[-6.48491,37.42913],[-6.46515,37.41649],[-6.45275,37.40348],[-6.45853,37.39382],[-6.47167,37.38019],[-6.47278,37.37363],[-6.44738,37.36326],[-6.44112,37.36844],[-6.43652,37.3652],[-6.43245,37.36455],[-6.4299,37.36235],[-6.42262,37.36043],[-6.41792,37.35743],[-6.41448,37.35798],[-6.40939,37.36462],[-6.40053,37.37212],[-6.39555,37.38319],[-6.39405,37.38301],[-6.39271,37.38624],[-6.40104,37.38855],[-6.40959,37.39499],[-6.41155,37.39501],[-6.4159,37.40131],[-6.41948,37.4017],[-6.42901,37.40624],[-6.44257,37.40776],[-6.44701,37.41015],[-6.44536,37.41985],[-6.4497,37.42066],[-6.45638,37.44666],[-6.46164,37.4454],[-6.46566,37.44683],[-6.47231,37.45727],[-6.48019,37.45818],[-6.48334,37.46008],[-6.49266,37.46193],[-6.49771,37.46215],[-6.50175,37.46085],[-6.50532,37.45966]]]}},{"type":"Feature","properties":{"mun_code":"21052","mun_name":"Nerva","mun_name_local":null,"prov_code":"21","prov_name":"Huelva","acom_code":"01","acom_name":"Andalucía","geo_point_2d":{"lon":-6.529128522253562,"lat":37.70507254704411}},"geometry":{"type":"Polygon","coordinates":[[[-6.58813,37.72881],[-6.58653,37.72664],[-6.58014,37.72654],[-6.57514,37.72463],[-6.56711,37.71217],[-6.5631,37.70904],[-6.56314,37.70713],[-6.56005,37.70565],[-6.55822,37.70097],[-6.56111,37.68993],[-6.55779,37.68812],[-6.55539,37.68352],[-6.56186,37.67225],[-6.55997,37.67139],[-6.5549,37.67439],[-6.55149,37.67355],[-6.55001,37.66833],[-6.54729,37.66834],[-6.54504,37.66525],[-6.54223,37.66549],[-6.54163,37.66367],[-6.54369,37.66246],[-6.54343,37.65697],[-6.54049,37.6515],[-6.5385,37.65064],[-6.53609,37.65098],[-6.53333,37.65685],[-6.52944,37.65807],[-6.52536,37.66423],[-6.52192,37.66453],[-6.51931,37.66214],[-6.51596,37.66535],[-6.51183,37.66466],[-6.50887,37.66819],[-6.50444,37.66609],[-6.50234,37.66675],[-6.50053,37.67036],[-6.50092,37.67715],[-6.49813,37.68233],[-6.50142,37.6887],[-6.49319,37.68869],[-6.49406,37.69129],[-6.49078,37.69484],[-6.49119,37.69653],[-6.48831,37.6983],[-6.48547,37.69682],[-6.48484,37.70114],[-6.47975,37.70486],[-6.47867,37.71178],[-6.47651,37.71201],[-6.47498,37.70896],[-6.47336,37.70936],[-6.47567,37.71449],[-6.48105,37.71616],[-6.48369,37.72014],[-6.48277,37.72282],[-6.4873,37.72749],[-6.49234,37.72915],[-6.50636,37.73804],[-6.50872,37.7387],[-6.51113,37.73659],[-6.51651,37.7368],[-6.51789,37.7392],[-6.52261,37.74042],[-6.52499,37.7427],[-6.52941,37.74216],[-6.5317,37.74323],[-6.53421,37.73966],[-6.53798,37.7382],[-6.54284,37.73884],[-6.55733,37.73742],[-6.56098,37.739],[-6.57504,37.74102],[-6.57867,37.7404],[-6.58518,37.74271],[-6.58659,37.73544],[-6.58326,37.7335],[-6.58336,37.73002],[-6.58788,37.72901],[-6.58813,37.72881]]]}},{"type":"Feature","properties":{"mun_code":"21037","mun_name":"El Granado","mun_name_local":null,"prov_code":"21","prov_name":"Huelva","acom_code":"01","acom_name":"Andalucía","geo_point_2d":{"lon":-7.429518397718839,"lat":37.51836661091382}},"geometry":{"type":"Polygon","coordinates":[[[-7.50106,37.57852],[-7.50214,37.57721],[-7.50687,37.57655],[-7.51588,37.56942],[-7.51386,37.56591],[-7.51042,37.56751],[-7.5076,37.567],[-7.50699,37.5571],[-7.51225,37.56023],[-7.51958,37.55947],[-7.5226,37.55664],[-7.52305,37.55356],[-7.52004,37.54742],[-7.5123,37.53778],[-7.51264,37.52731],[-7.51127,37.52438],[-7.50336,37.52217],[-7.49605,37.52343],[-7.49284,37.52268],[-7.49027,37.51838],[-7.49107,37.50938],[-7.48422,37.4982],[-7.48109,37.49582],[-7.47191,37.49379],[-7.4657,37.49],[-7.46136,37.49145],[-7.4615,37.49399],[-7.45711,37.49512],[-7.4589,37.49711],[-7.45654,37.4985],[-7.45612,37.50324],[-7.45137,37.50224],[-7.44118,37.50417],[-7.43989,37.50507],[-7.44188,37.50863],[-7.43975,37.50965],[-7.42284,37.50562],[-7.42332,37.49252],[-7.42069,37.49312],[-7.41624,37.49073],[-7.40491,37.49205],[-7.40017,37.49095],[-7.3932,37.49343],[-7.38727,37.49032],[-7.38781,37.48632],[-7.38514,37.48681],[-7.38333,37.48891],[-7.37907,37.48795],[-7.37716,37.48904],[-7.37288,37.48626],[-7.36976,37.48707],[-7.36774,37.48475],[-7.36811,37.48169],[-7.35625,37.48397],[-7.3509,37.4728],[-7.3476,37.45561],[-7.35036,37.45129],[-7.35834,37.44581],[-7.36101,37.44136],[-7.37216,37.43428],[-7.37457,37.43041],[-7.36977,37.4294],[-7.36014,37.42253],[-7.34393,37.42061],[-7.34995,37.42489],[-7.35341,37.43061],[-7.3499,37.43783],[-7.34192,37.44639],[-7.3192,37.46269],[-7.32271,37.46506],[-7.32968,37.47442],[-7.33097,37.48309],[-7.32945,37.49278],[-7.33524,37.50549],[-7.33976,37.50536],[-7.37242,37.51172],[-7.37978,37.51176],[-7.38948,37.51476],[-7.39781,37.51521],[-7.39885,37.52656],[-7.40005,37.52796],[-7.406,37.52854],[-7.40514,37.5316],[-7.40786,37.54279],[-7.41209,37.54866],[-7.41036,37.55],[-7.41063,37.55307],[-7.40856,37.55284],[-7.40901,37.55376],[-7.45081,37.56439],[-7.48154,37.57433],[-7.48528,37.57438],[-7.48504,37.57603],[-7.48716,37.57732],[-7.48488,37.57876],[-7.49229,37.57966],[-7.49454,37.57736],[-7.49756,37.57958],[-7.49917,37.57931],[-7.50106,37.57852]]]}},{"type":"Feature","properties":{"mun_code":"21046","mun_name":"Lucena del Puerto","mun_name_local":null,"prov_code":"21","prov_name":"Huelva","acom_code":"01","acom_name":"Andalucía","geo_point_2d":{"lon":-6.736415467793101,"lat":37.251278784524345}},"geometry":{"type":"Polygon","coordinates":[[[-6.77833,37.30422],[-6.7793,37.29803],[-6.77515,37.29628],[-6.77592,37.29244],[-6.77467,37.28939],[-6.769,37.28532],[-6.77284,37.28496],[-6.77359,37.28172],[-6.76949,37.28208],[-6.75937,37.26679],[-6.75825,37.25788],[-6.75946,37.24935],[-6.75396,37.23768],[-6.75374,37.2132],[-6.7515,37.2002],[-6.75334,37.17921],[-6.75284,37.1598],[-6.74083,37.13675],[-6.72953,37.09033],[-6.7228,37.10136],[-6.72508,37.1124],[-6.73651,37.13841],[-6.73845,37.15888],[-6.73718,37.1752],[-6.73355,37.18129],[-6.73232,37.18988],[-6.72391,37.19678],[-6.72574,37.19616],[-6.73099,37.19908],[-6.7319,37.2039],[-6.73447,37.20686],[-6.74295,37.2112],[-6.7056,37.24239],[-6.71515,37.25059],[-6.7002,37.27895],[-6.70239,37.28183],[-6.6999,37.28605],[-6.70133,37.28776],[-6.69882,37.28871],[-6.69761,37.2923],[-6.69058,37.29267],[-6.6898,37.29778],[-6.69927,37.29962],[-6.70195,37.29862],[-6.70752,37.30412],[-6.71002,37.31262],[-6.7229,37.32884],[-6.72673,37.32842],[-6.73096,37.3252],[-6.74989,37.31681],[-6.75851,37.30899],[-6.76727,37.30833],[-6.774,37.30283],[-6.77788,37.30373],[-6.77833,37.30422]]]}},{"type":"Feature","properties":{"mun_code":"21033","mun_name":"Fuenteheridos","mun_name_local":null,"prov_code":"21","prov_name":"Huelva","acom_code":"01","acom_name":"Andalucía","geo_point_2d":{"lon":-6.660315682388949,"lat":37.9079520108626}},"geometry":{"type":"Polygon","coordinates":[[[-6.68549,37.90828],[-6.68237,37.90577],[-6.68074,37.90175],[-6.6756,37.89926],[-6.67093,37.89359],[-6.66192,37.89127],[-6.65799,37.89508],[-6.65212,37.89619],[-6.64875,37.89483],[-6.64788,37.889],[-6.64194,37.89203],[-6.6419,37.89643],[-6.63881,37.9017],[-6.64115,37.9054],[-6.63974,37.91249],[-6.64485,37.9176],[-6.64568,37.92305],[-6.64784,37.92427],[-6.65959,37.9231],[-6.66243,37.92414],[-6.66387,37.9223],[-6.66716,37.92324],[-6.67024,37.92245],[-6.67169,37.92026],[-6.67649,37.92012],[-6.67878,37.91748],[-6.67795,37.91575],[-6.6872,37.91047],[-6.6857,37.90857],[-6.68549,37.90828]]]}},{"type":"Feature","properties":{"mun_code":"21044","mun_name":"Lepe","mun_name_local":null,"prov_code":"21","prov_name":"Huelva","acom_code":"01","acom_name":"Andalucía","geo_point_2d":{"lon":-7.224578639353126,"lat":37.28019051469891}},"geometry":{"type":"Polygon","coordinates":[[[-7.30408,37.35318],[-7.30402,37.35138],[-7.2906,37.34269],[-7.2795,37.34025],[-7.26149,37.32299],[-7.25908,37.30654],[-7.26791,37.29338],[-7.27259,37.29105],[-7.27532,37.27738],[-7.28081,37.26484],[-7.26192,37.25103],[-7.25844,37.25071],[-7.25568,37.24629],[-7.24272,37.23387],[-7.23278,37.22098],[-7.23252,37.2089],[-7.23069,37.20343],[-7.14566,37.20793],[-7.07222,37.20578],[-7.06363,37.20907],[-7.07047,37.21136],[-7.08906,37.21329],[-7.10567,37.21274],[-7.13137,37.21511],[-7.15381,37.21168],[-7.16392,37.21389],[-7.16989,37.21807],[-7.17163,37.22181],[-7.16725,37.23054],[-7.16729,37.23964],[-7.16349,37.24975],[-7.16236,37.26226],[-7.16392,37.26349],[-7.1692,37.26252],[-7.17103,37.26345],[-7.17316,37.2705],[-7.17941,37.27976],[-7.17617,37.28509],[-7.17142,37.28738],[-7.17119,37.29013],[-7.17964,37.29171],[-7.18059,37.29579],[-7.18451,37.29692],[-7.19181,37.30382],[-7.19409,37.30425],[-7.19829,37.31038],[-7.20632,37.31661],[-7.21274,37.31979],[-7.2135,37.32139],[-7.2236,37.32411],[-7.2273,37.32982],[-7.23157,37.33201],[-7.23684,37.33863],[-7.2366,37.34312],[-7.24365,37.34476],[-7.24651,37.35166],[-7.25344,37.35173],[-7.25829,37.35366],[-7.26142,37.35879],[-7.26098,37.36292],[-7.26672,37.36463],[-7.26562,37.37174],[-7.26859,37.37233],[-7.27235,37.36991],[-7.27427,37.37101],[-7.26808,37.38028],[-7.27086,37.385],[-7.29815,37.38785],[-7.30201,37.38736],[-7.30515,37.38478],[-7.30706,37.37226],[-7.30851,37.37122],[-7.30454,37.36437],[-7.30655,37.35456],[-7.30525,37.35379],[-7.30408,37.35318]]]}},{"type":"Feature","properties":{"mun_code":"21029","mun_name":"Cumbres Mayores","mun_name_local":null,"prov_code":"21","prov_name":"Huelva","acom_code":"01","acom_name":"Andalucía","geo_point_2d":{"lon":-6.659683182486717,"lat":38.03337190308351}},"geometry":{"type":"Polygon","coordinates":[[[-6.7605,38.01208],[-6.75329,38.00399],[-6.74098,38.00566],[-6.73749,38.00462],[-6.73365,37.99994],[-6.72958,37.99884],[-6.72229,38.00194],[-6.72327,37.99877],[-6.72161,37.99904],[-6.72163,37.99662],[-6.72383,37.99497],[-6.7231,37.99347],[-6.72595,37.99287],[-6.72354,37.99222],[-6.72298,37.98996],[-6.72114,37.9916],[-6.71755,37.99015],[-6.71783,37.98647],[-6.70909,37.98335],[-6.7064,37.97834],[-6.70074,37.9754],[-6.70134,37.96695],[-6.6852,37.96469],[-6.68509,37.96365],[-6.67899,37.96613],[-6.67551,37.97115],[-6.67526,37.97701],[-6.66697,37.98053],[-6.66562,37.98337],[-6.6619,37.98258],[-6.65791,37.98405],[-6.65124,37.98998],[-6.63533,37.99491],[-6.62064,37.99294],[-6.62341,37.99836],[-6.62261,38.00034],[-6.60666,38.0125],[-6.60032,38.02292],[-6.58828,38.0252],[-6.58672,38.02746],[-6.58385,38.03425],[-6.58446,38.04424],[-6.58051,38.05042],[-6.58053,38.05277],[-6.59432,38.06686],[-6.59851,38.07391],[-6.60418,38.07734],[-6.60739,38.08343],[-6.61246,38.0859],[-6.6221,38.09701],[-6.62414,38.09667],[-6.62793,38.09843],[-6.63148,38.09661],[-6.6366,38.09621],[-6.64206,38.09753],[-6.64617,38.09125],[-6.6493,38.09002],[-6.65152,38.0927],[-6.65012,38.09533],[-6.65303,38.09648],[-6.65871,38.09526],[-6.65891,38.0929],[-6.66037,38.09237],[-6.66638,38.09425],[-6.6725,38.09429],[-6.67357,38.0958],[-6.6768,38.0954],[-6.68043,38.09747],[-6.68214,38.0968],[-6.68356,38.09134],[-6.67845,38.08927],[-6.67566,38.08145],[-6.67883,38.07029],[-6.68548,38.05869],[-6.70032,38.05066],[-6.70272,38.05171],[-6.70885,38.05115],[-6.7141,38.05294],[-6.71676,38.04237],[-6.72227,38.04148],[-6.72414,38.0387],[-6.72998,38.03659],[-6.73295,38.03002],[-6.72944,38.02731],[-6.72944,38.02507],[-6.73253,38.0229],[-6.73067,38.02149],[-6.73196,38.01969],[-6.73316,38.02089],[-6.73559,38.02037],[-6.73509,38.01732],[-6.73723,38.01431],[-6.74093,38.01596],[-6.74118,38.00752],[-6.74431,38.00684],[-6.74647,38.00997],[-6.75374,38.01396],[-6.75505,38.01296],[-6.7605,38.01208]]]}}]}