{"type":"FeatureCollection","features":[{"type":"Feature","properties":{"mun_code":"23904","mun_name":"Santiago-Pontones","mun_name_local":null,"prov_code":"23","prov_name":"Jaén","acom_code":"01","acom_name":"Andalucía","geo_point_2d":{"lon":-2.6743523765838324,"lat":38.097870242653336}},"geometry":{"type":"Polygon","coordinates":[[[-2.90413,38.02368],[-2.90087,38.02047],[-2.89777,38.01066],[-2.88894,38.00845],[-2.88448,38.00501],[-2.88192,37.99895],[-2.8844,37.99677],[-2.87984,37.99787],[-2.87787,38.00331],[-2.8729,38.00747],[-2.87377,38.00964],[-2.87028,38.01453],[-2.86765,38.01679],[-2.86308,38.01633],[-2.85978,38.01427],[-2.85892,38.00917],[-2.85427,38.0076],[-2.85178,38.00806],[-2.84881,38.00589],[-2.84993,38.00406],[-2.84822,38.00203],[-2.82964,37.99473],[-2.82485,37.98873],[-2.81552,37.98752],[-2.81428,37.97929],[-2.8186,37.97491],[-2.81892,37.96855],[-2.81499,37.96813],[-2.81521,37.965],[-2.80542,37.95903],[-2.8052,37.95628],[-2.80012,37.95591],[-2.79941,37.95066],[-2.80108,37.94734],[-2.79472,37.94117],[-2.78919,37.94472],[-2.78133,37.94476],[-2.78019,37.9431],[-2.78241,37.93331],[-2.78105,37.9316],[-2.77516,37.92951],[-2.77365,37.92734],[-2.77431,37.92557],[-2.76862,37.9228],[-2.76745,37.91935],[-2.7556,37.92667],[-2.75248,37.9312],[-2.74315,37.93577],[-2.73668,37.94732],[-2.73421,37.94907],[-2.7313,37.94884],[-2.72806,37.9553],[-2.72418,37.95582],[-2.72286,37.96245],[-2.71873,37.96369],[-2.71556,37.96223],[-2.71022,37.96793],[-2.70609,37.96732],[-2.70267,37.97152],[-2.69426,37.97445],[-2.69145,37.97281],[-2.68894,37.97432],[-2.68835,37.97655],[-2.68515,37.9787],[-2.68762,37.98159],[-2.6861,37.98375],[-2.68713,37.98502],[-2.68348,37.98983],[-2.67926,37.99129],[-2.67417,37.99651],[-2.66155,38.01365],[-2.66091,38.01683],[-2.66259,38.01941],[-2.66061,38.02075],[-2.65452,38.02142],[-2.65214,38.02316],[-2.6488,38.02222],[-2.64421,38.0233],[-2.64421,38.01939],[-2.64711,38.01368],[-2.65311,38.00652],[-2.65137,37.99593],[-2.66116,37.98748],[-2.65937,37.98641],[-2.65969,37.98496],[-2.664,37.98068],[-2.65776,37.97826],[-2.65388,37.97333],[-2.65037,37.97138],[-2.64252,37.98107],[-2.63829,37.98325],[-2.62878,37.98452],[-2.61969,37.98854],[-2.60968,37.99658],[-2.60512,37.99815],[-2.60453,38.00139],[-2.60051,38.003],[-2.5982,38.00558],[-2.59994,38.04362],[-2.59586,38.05319],[-2.59896,38.05877],[-2.60673,38.06018],[-2.60632,38.06186],[-2.59397,38.06494],[-2.59428,38.06676],[-2.59143,38.06953],[-2.58679,38.07011],[-2.58553,38.07254],[-2.5817,38.07233],[-2.58063,38.07424],[-2.5774,38.07339],[-2.57341,38.07426],[-2.57309,38.07567],[-2.57136,38.07578],[-2.573,38.07783],[-2.56995,38.07872],[-2.56538,38.08354],[-2.55786,38.08154],[-2.55572,38.0829],[-2.55305,38.0825],[-2.55187,38.08548],[-2.54931,38.08691],[-2.54972,38.08973],[-2.54781,38.08898],[-2.54335,38.09187],[-2.54054,38.09202],[-2.53771,38.09842],[-2.528,38.10223],[-2.52643,38.10616],[-2.52277,38.10664],[-2.52083,38.11031],[-2.51784,38.11189],[-2.51546,38.1161],[-2.51642,38.11903],[-2.51207,38.12169],[-2.51358,38.12524],[-2.51088,38.12576],[-2.51096,38.12835],[-2.49883,38.13139],[-2.48917,38.14367],[-2.48967,38.14554],[-2.48723,38.14884],[-2.4826,38.15072],[-2.48146,38.15364],[-2.47448,38.15568],[-2.47424,38.15978],[-2.46685,38.16807],[-2.46732,38.17035],[-2.4649,38.17301],[-2.458,38.17649],[-2.4562,38.18003],[-2.45186,38.18098],[-2.44658,38.185],[-2.44817,38.19039],[-2.44551,38.20479],[-2.44768,38.20777],[-2.45122,38.20846],[-2.45386,38.21065],[-2.45269,38.21244],[-2.45467,38.21425],[-2.45372,38.21797],[-2.45684,38.22167],[-2.45578,38.22858],[-2.45954,38.23535],[-2.47062,38.23982],[-2.47787,38.24758],[-2.4817,38.24907],[-2.4908,38.2436],[-2.49495,38.24359],[-2.49193,38.26097],[-2.49699,38.26189],[-2.5006,38.26454],[-2.50975,38.27783],[-2.51877,38.27596],[-2.53064,38.27583],[-2.53011,38.27054],[-2.5317,38.26862],[-2.53791,38.26735],[-2.54198,38.26203],[-2.54665,38.2612],[-2.54753,38.25824],[-2.55181,38.25729],[-2.55939,38.24501],[-2.56096,38.24419],[-2.56415,38.2457],[-2.56902,38.23741],[-2.57815,38.23431],[-2.57946,38.23557],[-2.58284,38.22976],[-2.59843,38.22787],[-2.60662,38.22467],[-2.6084,38.22632],[-2.61434,38.22748],[-2.6176,38.22047],[-2.61627,38.21012],[-2.61966,38.20232],[-2.61747,38.19684],[-2.61364,38.19602],[-2.61093,38.19164],[-2.60829,38.1902],[-2.60833,38.18446],[-2.61148,38.17983],[-2.60835,38.17635],[-2.60903,38.17427],[-2.60634,38.17267],[-2.60835,38.16895],[-2.61951,38.16067],[-2.61916,38.15757],[-2.62549,38.15995],[-2.6325,38.16684],[-2.63913,38.16666],[-2.67308,38.17356],[-2.68766,38.17335],[-2.68781,38.17476],[-2.70006,38.17765],[-2.70687,38.17581],[-2.70983,38.17767],[-2.71947,38.17738],[-2.72783,38.17101],[-2.73766,38.17049],[-2.75134,38.16531],[-2.75543,38.16706],[-2.78333,38.16883],[-2.78586,38.16992],[-2.78954,38.1692],[-2.79404,38.17104],[-2.79589,38.17405],[-2.80272,38.17304],[-2.81158,38.16459],[-2.82322,38.14895],[-2.82218,38.14245],[-2.83691,38.11776],[-2.84125,38.10401],[-2.84798,38.09735],[-2.85624,38.0949],[-2.85527,38.0895],[-2.85974,38.08445],[-2.86078,38.08528],[-2.86821,38.08385],[-2.87419,38.07273],[-2.87887,38.07237],[-2.88831,38.06504],[-2.89915,38.06248],[-2.90203,38.05968],[-2.90224,38.05739],[-2.90021,38.05513],[-2.90289,38.04819],[-2.90026,38.04603],[-2.89982,38.0398],[-2.89715,38.03772],[-2.90407,38.024],[-2.90413,38.02368]],[[-2.8064,38.08241],[-2.81206,38.08584],[-2.8139,38.08839],[-2.81353,38.09136],[-2.82093,38.09536],[-2.828,38.09603],[-2.82883,38.09764],[-2.8258,38.1051],[-2.81759,38.11672],[-2.81189,38.13784],[-2.80373,38.13866],[-2.80049,38.14414],[-2.79642,38.14603],[-2.78267,38.14606],[-2.78125,38.14568],[-2.77764,38.13837],[-2.77968,38.13614],[-2.77938,38.13156],[-2.78437,38.12553],[-2.78191,38.12336],[-2.77752,38.12761],[-2.77552,38.12446],[-2.77046,38.12538],[-2.76524,38.12464],[-2.76373,38.11614],[-2.76139,38.11264],[-2.76759,38.10377],[-2.77075,38.10387],[-2.77742,38.09858],[-2.78061,38.09834],[-2.78582,38.1002],[-2.79108,38.09847],[-2.79253,38.09552],[-2.79804,38.09538],[-2.80221,38.08845],[-2.80123,38.08499],[-2.80528,38.08237],[-2.8064,38.08241]],[[-2.62435,37.99137],[-2.62731,37.99238],[-2.6269,37.9943],[-2.63315,37.99929],[-2.63816,38.00566],[-2.63747,38.01155],[-2.63933,38.01551],[-2.63644,38.02101],[-2.63678,38.02761],[-2.6341,38.02942],[-2.62798,38.02869],[-2.63044,38.01832],[-2.62829,38.01377],[-2.62264,38.01015],[-2.61488,38.00744],[-2.61224,38.00201],[-2.61594,37.99468],[-2.62314,37.99088],[-2.62435,37.99137]]]}},{"type":"Feature","properties":{"mun_code":"23024","mun_name":"La Carolina","mun_name_local":null,"prov_code":"23","prov_name":"Jaén","acom_code":"01","acom_name":"Andalucía","geo_point_2d":{"lon":-3.615393432020815,"lat":38.306710109813615}},"geometry":{"type":"Polygon","coordinates":[[[-3.67186,38.27588],[-3.57616,38.20395],[-3.57149,38.19823],[-3.569,38.20093],[-3.56996,38.20288],[-3.56085,38.20394],[-3.55751,38.20631],[-3.55698,38.20928],[-3.55264,38.21504],[-3.55115,38.23506],[-3.54298,38.24682],[-3.53752,38.24797],[-3.53412,38.25033],[-3.5362,38.25826],[-3.53011,38.26008],[-3.52719,38.26275],[-3.531,38.26811],[-3.53004,38.27014],[-3.51587,38.26807],[-3.51132,38.2687],[-3.50658,38.27246],[-3.51096,38.2765],[-3.50968,38.27815],[-3.49873,38.28198],[-3.48449,38.28208],[-3.48015,38.28544],[-3.48694,38.2933],[-3.49179,38.29467],[-3.49461,38.29276],[-3.49893,38.29259],[-3.49857,38.29464],[-3.50103,38.29639],[-3.50356,38.29599],[-3.50815,38.3016],[-3.51347,38.30519],[-3.52537,38.30715],[-3.54183,38.3133],[-3.54646,38.31249],[-3.54674,38.31096],[-3.55454,38.31213],[-3.57712,38.30424],[-3.57958,38.30579],[-3.59036,38.32708],[-3.58949,38.32954],[-3.60542,38.34314],[-3.61444,38.34692],[-3.61648,38.34908],[-3.61507,38.35206],[-3.61612,38.35397],[-3.61193,38.35646],[-3.61281,38.3573],[-3.61111,38.35897],[-3.61341,38.36159],[-3.61343,38.364],[-3.62113,38.37139],[-3.62237,38.37512],[-3.61623,38.37186],[-3.59824,38.39847],[-3.60289,38.39879],[-3.62047,38.39399],[-3.65166,38.40501],[-3.65433,38.40366],[-3.65464,38.40171],[-3.65739,38.40183],[-3.66017,38.39933],[-3.66969,38.39895],[-3.6734,38.40035],[-3.67819,38.39904],[-3.68129,38.39941],[-3.68401,38.40242],[-3.69477,38.40251],[-3.69904,38.39565],[-3.70714,38.39161],[-3.71638,38.39037],[-3.72329,38.38612],[-3.73061,38.37518],[-3.72621,38.36864],[-3.70703,38.36359],[-3.70161,38.36484],[-3.69624,38.36077],[-3.67967,38.35483],[-3.68725,38.34837],[-3.68843,38.34097],[-3.6874,38.33355],[-3.69009,38.31995],[-3.68398,38.30496],[-3.67862,38.28211],[-3.67383,38.27771],[-3.67186,38.27588]]]}},{"type":"Feature","properties":{"mun_code":"23101","mun_name":"Villarrodrigo","mun_name_local":null,"prov_code":"23","prov_name":"Jaén","acom_code":"01","acom_name":"Andalucía","geo_point_2d":{"lon":-2.6709241987766603,"lat":38.48239548741418}},"geometry":{"type":"Polygon","coordinates":[[[-2.781,38.50871],[-2.77802,38.50745],[-2.76837,38.49682],[-2.76269,38.47301],[-2.76472,38.4724],[-2.76204,38.47182],[-2.75779,38.46473],[-2.75411,38.46739],[-2.74362,38.46903],[-2.73942,38.4764],[-2.73015,38.4835],[-2.72242,38.481],[-2.72071,38.47775],[-2.71317,38.47271],[-2.71037,38.4686],[-2.68623,38.44662],[-2.67602,38.45223],[-2.67301,38.45848],[-2.66776,38.46044],[-2.65567,38.45607],[-2.64642,38.45065],[-2.63734,38.44905],[-2.62184,38.45019],[-2.61937,38.44903],[-2.6127,38.45204],[-2.60661,38.44375],[-2.60216,38.44612],[-2.60189,38.44811],[-2.59715,38.451],[-2.59433,38.45531],[-2.59332,38.45765],[-2.60008,38.4703],[-2.59581,38.47835],[-2.58685,38.48403],[-2.59041,38.49025],[-2.5909,38.49573],[-2.59381,38.50175],[-2.6027,38.51332],[-2.61762,38.51306],[-2.62315,38.51116],[-2.62434,38.5122],[-2.635,38.50784],[-2.64381,38.50772],[-2.65488,38.50288],[-2.66335,38.50133],[-2.67266,38.49665],[-2.68125,38.49693],[-2.70063,38.50044],[-2.71231,38.50691],[-2.7281,38.5119],[-2.74196,38.50575],[-2.74781,38.50734],[-2.75205,38.50546],[-2.75309,38.50942],[-2.75926,38.51002],[-2.76066,38.5091],[-2.76332,38.51218],[-2.76547,38.51008],[-2.77143,38.51087],[-2.77255,38.51218],[-2.7736,38.51047],[-2.77767,38.51168],[-2.78063,38.50878],[-2.781,38.50871]]]}},{"type":"Feature","properties":{"mun_code":"23009","mun_name":"Baeza","mun_name_local":null,"prov_code":"23","prov_name":"Jaén","acom_code":"01","acom_name":"Andalucía","geo_point_2d":{"lon":-3.490763226737971,"lat":37.945346741103194}},"geometry":{"type":"Polygon","coordinates":[[[-3.5905,37.95327],[-3.58756,37.94717],[-3.57365,37.93033],[-3.57432,37.92038],[-3.57092,37.91375],[-3.57224,37.90762],[-3.5766,37.90233],[-3.57764,37.89486],[-3.57989,37.89051],[-3.58366,37.88841],[-3.58341,37.88603],[-3.58706,37.88349],[-3.58776,37.88019],[-3.59244,37.8763],[-3.58998,37.86671],[-3.58747,37.86566],[-3.58676,37.86116],[-3.58238,37.85838],[-3.5802,37.85326],[-3.57393,37.85965],[-3.56538,37.86081],[-3.56046,37.86279],[-3.5452,37.86248],[-3.52889,37.86603],[-3.51904,37.86226],[-3.51139,37.86735],[-3.50686,37.87876],[-3.50272,37.88442],[-3.49392,37.88934],[-3.48543,37.88853],[-3.46795,37.89169],[-3.4558,37.88966],[-3.45255,37.89086],[-3.45078,37.90116],[-3.45141,37.91666],[-3.45641,37.91899],[-3.45463,37.91874],[-3.45351,37.9218],[-3.45481,37.92614],[-3.4523,37.92724],[-3.44857,37.92542],[-3.43819,37.92632],[-3.43927,37.93178],[-3.43495,37.93143],[-3.435,37.92573],[-3.43237,37.92085],[-3.42947,37.91908],[-3.42949,37.91674],[-3.42,37.9192],[-3.41967,37.91527],[-3.41243,37.90779],[-3.4086,37.90625],[-3.40416,37.90798],[-3.40053,37.91934],[-3.39886,37.93752],[-3.40168,37.94366],[-3.40578,37.94455],[-3.4128,37.96124],[-3.41708,37.9635],[-3.41178,37.97954],[-3.42003,37.9918],[-3.41936,38.00061],[-3.42368,38.00657],[-3.41908,38.02099],[-3.41275,38.02604],[-3.41044,38.03129],[-3.41781,38.03843],[-3.41984,38.04286],[-3.41929,38.05334],[-3.42677,38.05217],[-3.43114,38.04374],[-3.4444,38.03796],[-3.44685,38.03471],[-3.45,38.03373],[-3.45549,38.03351],[-3.45854,38.03157],[-3.47366,38.03059],[-3.47646,38.03302],[-3.4853,38.03274],[-3.48706,38.02685],[-3.48313,38.01787],[-3.48413,38.01334],[-3.49976,38.00543],[-3.51461,38.00725],[-3.52657,38.01606],[-3.54126,38.0197],[-3.53921,38.0144],[-3.53717,38.01423],[-3.53221,38.00786],[-3.52662,38.00605],[-3.52469,38.0032],[-3.51953,38.00142],[-3.51797,37.99819],[-3.50821,37.99561],[-3.5087,37.98539],[-3.51906,37.97074],[-3.52629,37.94722],[-3.53111,37.94788],[-3.535,37.95008],[-3.54033,37.9578],[-3.54398,37.95989],[-3.54771,37.95933],[-3.55564,37.95282],[-3.56532,37.95623],[-3.56842,37.95895],[-3.57701,37.95605],[-3.58349,37.95664],[-3.58625,37.95303],[-3.5898,37.95299],[-3.5905,37.95327]]]}},{"type":"Feature","properties":{"mun_code":"23008","mun_name":"Arquillos","mun_name_local":null,"prov_code":"23","prov_name":"Jaén","acom_code":"01","acom_name":"Andalucía","geo_point_2d":{"lon":-3.4157074662581675,"lat":38.20566826009999}},"geometry":{"type":"Polygon","coordinates":[[[-3.40089,38.28388],[-3.41044,38.28014],[-3.41371,38.2758],[-3.41307,38.27341],[-3.42786,38.2615],[-3.4317,38.26002],[-3.43206,38.25842],[-3.4282,38.2551],[-3.42679,38.25017],[-3.43473,38.23724],[-3.43764,38.22723],[-3.44389,38.22419],[-3.44201,38.21789],[-3.44801,38.20874],[-3.46159,38.20242],[-3.46509,38.19944],[-3.46662,38.1918],[-3.47065,38.18684],[-3.46505,38.18182],[-3.4638,38.17686],[-3.46031,38.17787],[-3.45153,38.1721],[-3.44879,38.16664],[-3.44472,38.16534],[-3.43685,38.15881],[-3.43511,38.15579],[-3.42225,38.14902],[-3.41665,38.14432],[-3.39452,38.14935],[-3.38425,38.16022],[-3.37222,38.16684],[-3.37505,38.17111],[-3.37366,38.17473],[-3.38246,38.17664],[-3.40027,38.17387],[-3.40262,38.18202],[-3.4072,38.18535],[-3.40989,38.18554],[-3.41201,38.1911],[-3.41058,38.19162],[-3.40985,38.2],[-3.40134,38.1975],[-3.39864,38.1955],[-3.3977,38.19753],[-3.39762,38.20186],[-3.40363,38.20391],[-3.40645,38.21142],[-3.39473,38.21601],[-3.38517,38.21785],[-3.37951,38.21771],[-3.37525,38.2119],[-3.37232,38.21638],[-3.3652,38.21731],[-3.35878,38.22048],[-3.36195,38.22174],[-3.36516,38.22679],[-3.36693,38.22696],[-3.36907,38.23638],[-3.37679,38.24845],[-3.37603,38.25498],[-3.37966,38.25444],[-3.38509,38.24864],[-3.38893,38.25124],[-3.3963,38.2488],[-3.39997,38.25213],[-3.40442,38.25199],[-3.40591,38.25456],[-3.40288,38.25589],[-3.40472,38.25742],[-3.4031,38.26071],[-3.40588,38.26449],[-3.40435,38.26485],[-3.4045,38.26628],[-3.40849,38.26776],[-3.40646,38.26955],[-3.40822,38.2724],[-3.40563,38.27336],[-3.40346,38.27232],[-3.40184,38.27739],[-3.39832,38.27755],[-3.39786,38.28054],[-3.40026,38.28235],[-3.39796,38.28378],[-3.39971,38.28441],[-3.40089,38.28388]]]}},{"type":"Feature","properties":{"mun_code":"23067","mun_name":"Pegalajar","mun_name_local":null,"prov_code":"23","prov_name":"Jaén","acom_code":"01","acom_name":"Andalucía","geo_point_2d":{"lon":-3.6313918984673212,"lat":37.72096475785902}},"geometry":{"type":"Polygon","coordinates":[[[-3.70462,37.70862],[-3.70629,37.70489],[-3.70503,37.69706],[-3.69002,37.68379],[-3.68909,37.68134],[-3.67873,37.67414],[-3.67571,37.67405],[-3.67071,37.66776],[-3.66231,37.67019],[-3.66067,37.67516],[-3.65606,37.67748],[-3.64951,37.67876],[-3.64417,37.6773],[-3.64124,37.67817],[-3.60977,37.70908],[-3.6002,37.71188],[-3.5928,37.71759],[-3.58515,37.7145],[-3.57196,37.71505],[-3.56263,37.72168],[-3.55057,37.72395],[-3.54285,37.72987],[-3.52599,37.73415],[-3.52779,37.73564],[-3.54161,37.73844],[-3.55105,37.74242],[-3.55792,37.74733],[-3.56385,37.74944],[-3.5672,37.75393],[-3.57443,37.75545],[-3.58753,37.75398],[-3.60419,37.75918],[-3.60831,37.75716],[-3.6139,37.75917],[-3.61999,37.76364],[-3.6364,37.75588],[-3.64028,37.75634],[-3.64195,37.75896],[-3.6436,37.75839],[-3.64706,37.75981],[-3.65113,37.7572],[-3.65408,37.7579],[-3.6567,37.75264],[-3.66771,37.74324],[-3.68042,37.72641],[-3.68686,37.72256],[-3.7011,37.71747],[-3.7041,37.70955],[-3.70462,37.70862]]]}},{"type":"Feature","properties":{"mun_code":"23095","mun_name":"Villacarrillo","mun_name_local":null,"prov_code":"23","prov_name":"Jaén","acom_code":"01","acom_name":"Andalucía","geo_point_2d":{"lon":-3.0408126012214853,"lat":38.08599982611219}},"geometry":{"type":"Polygon","coordinates":[[[-3.19805,38.13242],[-3.20032,38.13036],[-3.19249,38.11649],[-3.1847,38.11265],[-3.17571,38.10286],[-3.16913,38.10179],[-3.16852,38.09882],[-3.16373,38.09665],[-3.16026,38.09274],[-3.14635,38.06713],[-3.14317,38.05235],[-3.13946,38.04307],[-3.13651,38.04113],[-3.13547,38.03654],[-3.13259,38.03604],[-3.12642,38.03155],[-3.11781,38.04231],[-3.11608,38.04129],[-3.11767,38.03679],[-3.11567,38.03505],[-3.10936,38.03459],[-3.10347,38.04127],[-3.10003,38.04164],[-3.09709,38.04035],[-3.09383,38.0353],[-3.08867,38.03415],[-3.08686,38.03619],[-3.08821,38.04107],[-3.0805,38.04641],[-3.07496,38.04367],[-3.06382,38.04173],[-3.05749,38.03562],[-3.05282,38.03481],[-3.05066,38.03124],[-3.04819,38.03224],[-3.04516,38.03164],[-3.04361,38.0351],[-3.04045,38.0373],[-3.03127,38.0385],[-3.02827,38.04038],[-3.01921,38.04128],[-3.0097,38.0401],[-2.99682,38.04186],[-2.99269,38.04079],[-2.9785,38.02904],[-2.9723,38.03841],[-2.96623,38.04053],[-2.96208,38.03923],[-2.95563,38.04047],[-2.955,38.03774],[-2.95046,38.03395],[-2.94319,38.0336],[-2.93733,38.03101],[-2.93317,38.02375],[-2.91945,38.01681],[-2.90413,38.02368],[-2.89754,38.03591],[-2.89715,38.03772],[-2.89982,38.0398],[-2.90026,38.04603],[-2.90289,38.04819],[-2.90021,38.05513],[-2.90224,38.05739],[-2.90203,38.05968],[-2.89915,38.06248],[-2.88831,38.06504],[-2.87887,38.07237],[-2.87419,38.07273],[-2.86821,38.08385],[-2.86078,38.08528],[-2.85974,38.08445],[-2.85527,38.0895],[-2.85624,38.0949],[-2.84798,38.09735],[-2.84587,38.10046],[-2.85496,38.10209],[-2.86481,38.10141],[-2.87154,38.1035],[-2.89278,38.1012],[-2.90301,38.10513],[-2.9141,38.10188],[-2.9214,38.0958],[-2.92863,38.09548],[-2.92911,38.09915],[-2.93804,38.10144],[-2.93886,38.10286],[-2.94112,38.10226],[-2.94449,38.10444],[-2.94952,38.10447],[-2.95285,38.10731],[-2.95205,38.11339],[-2.96573,38.11819],[-2.97398,38.12267],[-2.98193,38.11574],[-2.98954,38.11586],[-2.99189,38.11107],[-2.99771,38.10917],[-3.00088,38.10647],[-3.00389,38.09842],[-3.01276,38.09628],[-3.01957,38.09682],[-3.02402,38.09488],[-3.0265,38.08408],[-3.03192,38.07796],[-3.04222,38.08489],[-3.04338,38.09085],[-3.04123,38.09904],[-3.04095,38.10866],[-3.05057,38.11146],[-3.05565,38.11161],[-3.05761,38.11297],[-3.06061,38.12176],[-3.05963,38.12322],[-3.06268,38.12657],[-3.05876,38.12862],[-3.06219,38.13235],[-3.06433,38.13779],[-3.06876,38.13755],[-3.07024,38.13955],[-3.07691,38.1397],[-3.08581,38.14298],[-3.09893,38.14508],[-3.10418,38.1427],[-3.10347,38.13924],[-3.10674,38.13709],[-3.10936,38.13722],[-3.11487,38.14796],[-3.11302,38.15117],[-3.11439,38.15407],[-3.11817,38.15447],[-3.12197,38.15793],[-3.13334,38.16086],[-3.14029,38.16499],[-3.14206,38.16778],[-3.14342,38.16306],[-3.15204,38.15645],[-3.15453,38.15773],[-3.15381,38.16388],[-3.15755,38.16521],[-3.1608,38.16285],[-3.16052,38.15377],[-3.16888,38.1555],[-3.17573,38.1527],[-3.18341,38.15162],[-3.19252,38.14321],[-3.19808,38.1328],[-3.19805,38.13242]]]}},{"type":"Feature","properties":{"mun_code":"23076","mun_name":"Santa Elena","mun_name_local":null,"prov_code":"23","prov_name":"Jaén","acom_code":"01","acom_name":"Andalucía","geo_point_2d":{"lon":-3.540080972169778,"lat":38.36939515812432}},"geometry":{"type":"Polygon","coordinates":[[[-3.59824,38.39847],[-3.61623,38.37186],[-3.62237,38.37512],[-3.62113,38.37139],[-3.61343,38.364],[-3.61341,38.36159],[-3.61111,38.35897],[-3.61281,38.3573],[-3.61193,38.35646],[-3.61612,38.35397],[-3.61507,38.35206],[-3.61648,38.34908],[-3.61444,38.34692],[-3.60542,38.34314],[-3.58949,38.32954],[-3.59036,38.32708],[-3.57958,38.30579],[-3.57712,38.30424],[-3.55454,38.31213],[-3.54674,38.31096],[-3.54646,38.31249],[-3.54183,38.3133],[-3.52537,38.30715],[-3.51347,38.30519],[-3.50815,38.3016],[-3.50356,38.29599],[-3.50103,38.29639],[-3.49857,38.29464],[-3.49893,38.29259],[-3.49461,38.29276],[-3.49179,38.29467],[-3.48422,38.29363],[-3.47977,38.29103],[-3.47762,38.29149],[-3.47678,38.29411],[-3.48165,38.29597],[-3.48343,38.30063],[-3.47606,38.30605],[-3.4761,38.31231],[-3.48512,38.31701],[-3.48098,38.32163],[-3.48723,38.3231],[-3.49122,38.32605],[-3.49684,38.32392],[-3.49972,38.32622],[-3.49966,38.33429],[-3.49046,38.33889],[-3.49293,38.34081],[-3.49328,38.34474],[-3.49631,38.34891],[-3.49255,38.35622],[-3.48453,38.36252],[-3.47464,38.36693],[-3.46963,38.36635],[-3.45148,38.36933],[-3.45151,38.37601],[-3.44908,38.38054],[-3.45205,38.38336],[-3.44919,38.38697],[-3.4437,38.38898],[-3.4436,38.39265],[-3.45199,38.39773],[-3.45316,38.4002],[-3.47259,38.39796],[-3.47761,38.4015],[-3.48547,38.40403],[-3.49622,38.40373],[-3.50592,38.40801],[-3.50972,38.4073],[-3.52844,38.40864],[-3.52813,38.411],[-3.53335,38.41509],[-3.53437,38.41966],[-3.53496,38.42326],[-3.53266,38.42629],[-3.53215,38.43112],[-3.53516,38.43941],[-3.54384,38.44631],[-3.55259,38.44653],[-3.56736,38.45203],[-3.57807,38.45039],[-3.58308,38.45147],[-3.58636,38.43395],[-3.58542,38.40741],[-3.58585,38.4056],[-3.59267,38.40223],[-3.59824,38.39847]]]}},{"type":"Feature","properties":{"mun_code":"23005","mun_name":"Andújar","mun_name_local":null,"prov_code":"23","prov_name":"Jaén","acom_code":"01","acom_name":"Andalucía","geo_point_2d":{"lon":-4.0503615510486295,"lat":38.22352856149688}},"geometry":{"type":"Polygon","coordinates":[[[-4.26847,38.34703],[-4.26683,38.3469],[-4.26603,38.34422],[-4.263,38.34258],[-4.25882,38.34393],[-4.25638,38.34314],[-4.2558,38.34019],[-4.25167,38.3418],[-4.24798,38.3404],[-4.24738,38.34262],[-4.24516,38.34034],[-4.24366,38.34241],[-4.2424,38.3422],[-4.24002,38.3396],[-4.23744,38.34154],[-4.23544,38.33598],[-4.23954,38.3325],[-4.23827,38.32699],[-4.23683,38.32592],[-4.23515,38.32888],[-4.23336,38.3266],[-4.2341,38.32499],[-4.23786,38.32414],[-4.23909,38.32184],[-4.23514,38.31739],[-4.23787,38.31681],[-4.23854,38.31511],[-4.23259,38.31427],[-4.22685,38.30825],[-4.22596,38.30429],[-4.22805,38.30118],[-4.22018,38.29851],[-4.21736,38.29981],[-4.21654,38.30397],[-4.21022,38.30145],[-4.21165,38.29724],[-4.2109,38.29283],[-4.21424,38.28267],[-4.21337,38.27786],[-4.21514,38.27624],[-4.21296,38.27181],[-4.21482,38.26965],[-4.20823,38.26652],[-4.21504,38.25566],[-4.21669,38.24695],[-4.21266,38.24475],[-4.20952,38.24624],[-4.20405,38.24637],[-4.20082,38.24127],[-4.1988,38.24109],[-4.196,38.23785],[-4.19689,38.2344],[-4.19388,38.23131],[-4.19774,38.2279],[-4.1972,38.22565],[-4.20107,38.22064],[-4.20181,38.21641],[-4.20087,38.21328],[-4.19629,38.21206],[-4.19061,38.2065],[-4.19057,38.20171],[-4.18698,38.19508],[-4.18061,38.19254],[-4.17906,38.18948],[-4.1692,38.18221],[-4.16798,38.18043],[-4.16866,38.17618],[-4.16652,38.17296],[-4.16291,38.17263],[-4.14579,38.16411],[-4.13489,38.15769],[-4.13122,38.15309],[-4.12454,38.15131],[-4.12336,38.14828],[-4.12023,38.14805],[-4.11753,38.1455],[-4.11072,38.14322],[-4.11242,38.14092],[-4.11287,38.13392],[-4.11043,38.1326],[-4.10524,38.13323],[-4.09994,38.12943],[-4.09566,38.12882],[-4.08595,38.11741],[-4.091,38.1098],[-4.09003,38.10498],[-4.09144,38.10352],[-4.09678,38.10377],[-4.09791,38.10281],[-4.0975,38.09932],[-4.09982,38.09325],[-4.09783,38.09003],[-4.10517,38.08768],[-4.10426,38.08393],[-4.10096,38.08302],[-4.10007,38.08116],[-4.1102,38.07754],[-4.11354,38.07493],[-4.11357,38.07298],[-4.11158,38.07197],[-4.10731,38.07116],[-4.10183,38.07272],[-4.09911,38.07075],[-4.10566,38.05981],[-4.10807,38.05794],[-4.11081,38.05783],[-4.10999,38.05426],[-4.11472,38.04735],[-4.12236,38.03988],[-4.11976,38.03912],[-4.11903,38.03707],[-4.12162,38.03557],[-4.12495,38.02833],[-4.12667,38.02796],[-4.12812,38.0233],[-4.12621,38.02317],[-4.12554,38.02122],[-4.12376,38.02148],[-4.12467,38.01953],[-4.1227,38.01969],[-4.12054,38.01505],[-4.11771,38.01394],[-4.11494,38.01464],[-4.11532,38.01283],[-4.11311,38.01257],[-4.10985,38.00954],[-4.10342,38.00978],[-4.09586,38.01246],[-4.09449,38.01212],[-4.09455,38.00982],[-4.09247,38.00994],[-4.09322,38.0086],[-4.08898,38.00949],[-4.08631,38.00827],[-4.08428,38.00953],[-4.08068,38.00816],[-4.07602,38.00283],[-4.06868,38.00034],[-4.06583,38.00176],[-4.06397,37.99883],[-4.05796,37.99819],[-4.05831,37.99661],[-4.05532,37.99477],[-4.05528,37.98997],[-4.05184,37.98834],[-4.05078,37.9847],[-4.05241,37.98362],[-4.04562,37.9811],[-4.04429,37.9762],[-4.04146,37.97428],[-4.03986,37.96657],[-4.03707,37.96749],[-4.03519,37.96536],[-4.0311,37.97356],[-4.02861,37.98723],[-3.98509,38.00086],[-3.97118,37.99828],[-3.96512,38.00043],[-3.96432,38.00814],[-3.95907,38.01349],[-3.95322,38.02526],[-3.93895,38.03724],[-3.93191,38.04744],[-3.93013,38.06242],[-3.9344,38.06804],[-3.93586,38.07403],[-3.93478,38.0831],[-3.93565,38.08587],[-3.93763,38.08625],[-3.93727,38.09036],[-3.9394,38.09507],[-3.93699,38.10762],[-3.93874,38.1129],[-3.94221,38.11666],[-3.94187,38.12012],[-3.92528,38.16004],[-3.90451,38.20269],[-3.89452,38.23925],[-3.89277,38.25049],[-3.89335,38.27297],[-3.87295,38.33109],[-3.87421,38.34761],[-3.85996,38.37279],[-3.86062,38.37521],[-3.86534,38.37671],[-3.87559,38.37688],[-3.88239,38.37373],[-3.88873,38.37389],[-3.8936,38.37093],[-3.90271,38.37167],[-3.91279,38.36784],[-3.91739,38.36756],[-3.92788,38.36827],[-3.93205,38.36701],[-3.93798,38.36835],[-3.94539,38.36646],[-3.94933,38.36848],[-3.96085,38.36577],[-3.98115,38.36779],[-3.9838,38.36965],[-3.98943,38.36997],[-3.99613,38.36996],[-4.00004,38.36776],[-4.00631,38.36773],[-4.01251,38.37088],[-4.03137,38.37532],[-4.04418,38.37653],[-4.04716,38.37791],[-4.05085,38.37618],[-4.05812,38.37902],[-4.07019,38.37974],[-4.08657,38.37673],[-4.0917,38.37991],[-4.11037,38.38237],[-4.11222,38.38188],[-4.11251,38.37921],[-4.1171,38.37992],[-4.12656,38.37892],[-4.13405,38.38443],[-4.14,38.38455],[-4.1443,38.38609],[-4.15567,38.3807],[-4.16383,38.38314],[-4.17611,38.38432],[-4.18845,38.38923],[-4.20124,38.39133],[-4.22317,38.39742],[-4.24627,38.39809],[-4.25549,38.40162],[-4.26635,38.3985],[-4.27192,38.39244],[-4.2763,38.39054],[-4.27542,38.38374],[-4.27845,38.37728],[-4.27662,38.3733],[-4.274,38.37189],[-4.27412,38.36669],[-4.27181,38.36542],[-4.26992,38.35808],[-4.27182,38.35623],[-4.26985,38.35546],[-4.26903,38.34751],[-4.26847,38.34703]]]}},{"type":"Feature","properties":{"mun_code":"23051","mun_name":"Jamilena","mun_name_local":null,"prov_code":"23","prov_name":"Jaén","acom_code":"01","acom_name":"Andalucía","geo_point_2d":{"lon":-3.9164119786324174,"lat":37.73875442950319}},"geometry":{"type":"Polygon","coordinates":[[[-3.94003,37.7418],[-3.93811,37.7387],[-3.93944,37.73146],[-3.929,37.72748],[-3.92382,37.72264],[-3.91393,37.72736],[-3.9088,37.72723],[-3.90427,37.73187],[-3.89724,37.73471],[-3.89153,37.72982],[-3.8903,37.73055],[-3.89343,37.73463],[-3.8957,37.74388],[-3.91202,37.75686],[-3.92321,37.74755],[-3.93081,37.74374],[-3.93911,37.74287],[-3.94003,37.7418]]]}},{"type":"Feature","properties":{"mun_code":"23071","mun_name":"Puente de Génave","mun_name_local":null,"prov_code":"23","prov_name":"Jaén","acom_code":"01","acom_name":"Andalucía","geo_point_2d":{"lon":-2.813150239879041,"lat":38.33677824999228}},"geometry":{"type":"Polygon","coordinates":[[[-2.86923,38.37068],[-2.87027,38.36829],[-2.86824,38.36631],[-2.86957,38.35686],[-2.8657,38.35026],[-2.868,38.34473],[-2.86145,38.34595],[-2.85806,38.34824],[-2.85231,38.34734],[-2.85046,38.35131],[-2.84868,38.35143],[-2.84836,38.34822],[-2.84632,38.3477],[-2.84507,38.34538],[-2.84402,38.33578],[-2.84153,38.32919],[-2.83279,38.32692],[-2.82981,38.32386],[-2.81928,38.32107],[-2.81706,38.31923],[-2.82094,38.31503],[-2.81438,38.31279],[-2.81202,38.308],[-2.80656,38.30488],[-2.80789,38.29935],[-2.80056,38.29081],[-2.80033,38.28857],[-2.79256,38.28922],[-2.77934,38.30295],[-2.781,38.30819],[-2.77904,38.31036],[-2.78013,38.31266],[-2.77692,38.31579],[-2.7773,38.3224],[-2.7747,38.33538],[-2.77733,38.34086],[-2.78138,38.34263],[-2.78446,38.34968],[-2.78942,38.35475],[-2.78209,38.35856],[-2.79757,38.36503],[-2.80875,38.3661],[-2.81204,38.36521],[-2.81608,38.37232],[-2.82253,38.36783],[-2.83199,38.35802],[-2.83984,38.36219],[-2.86765,38.37136],[-2.86923,38.37068]]]}},{"type":"Feature","properties":{"mun_code":"23080","mun_name":"Santo Tomé","mun_name_local":null,"prov_code":"23","prov_name":"Jaén","acom_code":"01","acom_name":"Andalucía","geo_point_2d":{"lon":-3.007786969581443,"lat":38.01823588605737}},"geometry":{"type":"Polygon","coordinates":[[[-3.1437,38.01265],[-3.12021,38.01022],[-3.11344,38.00329],[-3.10503,38.0078],[-3.09881,38.00233],[-3.09296,38.00558],[-3.09045,38.00552],[-3.08706,38.00367],[-3.08887,38.00161],[-3.08729,37.99838],[-3.08882,37.99707],[-3.08724,37.9954],[-3.07492,38.00222],[-3.04771,38.01141],[-3.03661,38.01801],[-3.0304,38.01794],[-3.02643,38.01627],[-3.00978,38.01567],[-3.0048,38.01742],[-2.99474,38.01102],[-2.99217,38.01157],[-2.98996,38.01496],[-2.9816,38.01568],[-2.97717,38.01022],[-2.97179,38.0088],[-2.96918,38.00632],[-2.9636,38.00541],[-2.95883,38.01032],[-2.94497,38.01277],[-2.93355,38.0083],[-2.92875,38.00084],[-2.91193,37.98614],[-2.88671,37.98153],[-2.88584,37.97877],[-2.87739,37.98356],[-2.87173,37.98299],[-2.86121,38.01539],[-2.86794,38.01667],[-2.87349,38.01024],[-2.8729,38.00747],[-2.87787,38.00331],[-2.87984,37.99787],[-2.88408,37.99672],[-2.88192,37.99895],[-2.88448,38.00501],[-2.88894,38.00845],[-2.89777,38.01066],[-2.90259,38.02325],[-2.90474,38.0235],[-2.91945,38.01681],[-2.93317,38.02375],[-2.93733,38.03101],[-2.94319,38.0336],[-2.95046,38.03395],[-2.955,38.03774],[-2.95514,38.04041],[-2.96208,38.03923],[-2.96623,38.04053],[-2.9723,38.03841],[-2.9785,38.02904],[-2.99269,38.04079],[-2.99682,38.04186],[-3.0097,38.0401],[-3.01921,38.04128],[-3.02827,38.04038],[-3.03127,38.0385],[-3.04045,38.0373],[-3.04361,38.0351],[-3.04516,38.03164],[-3.04819,38.03224],[-3.05066,38.03124],[-3.05282,38.03481],[-3.05749,38.03562],[-3.06382,38.04173],[-3.07496,38.04367],[-3.0805,38.04641],[-3.08821,38.04107],[-3.08686,38.03619],[-3.08867,38.03415],[-3.09383,38.0353],[-3.09709,38.04035],[-3.10003,38.04164],[-3.10347,38.04127],[-3.10834,38.0353],[-3.1121,38.03424],[-3.11723,38.03609],[-3.11608,38.04129],[-3.11781,38.04231],[-3.12589,38.03154],[-3.13351,38.0365],[-3.13593,38.03637],[-3.13781,38.03259],[-3.13328,38.02673],[-3.13362,38.02492],[-3.13992,38.02125],[-3.14824,38.01951],[-3.14413,38.01644],[-3.14342,38.01322],[-3.1437,38.01265]]]}},{"type":"Feature","properties":{"mun_code":"23018","mun_name":"Cambil","mun_name_local":null,"prov_code":"23","prov_name":"Jaén","acom_code":"01","acom_name":"Andalucía","geo_point_2d":{"lon":-3.546987546334317,"lat":37.67493313854428}},"geometry":{"type":"Polygon","coordinates":[[[-3.63013,37.68895],[-3.62265,37.67328],[-3.61933,37.6713],[-3.62035,37.66843],[-3.61655,37.66678],[-3.6183,37.66515],[-3.61706,37.66448],[-3.61767,37.66255],[-3.61471,37.66274],[-3.61231,37.65982],[-3.60521,37.6576],[-3.60739,37.64513],[-3.60819,37.64315],[-3.61112,37.64191],[-3.60914,37.64141],[-3.60974,37.63942],[-3.60564,37.63885],[-3.60499,37.6329],[-3.60258,37.63173],[-3.60369,37.63055],[-3.60206,37.62738],[-3.60291,37.62192],[-3.59907,37.61622],[-3.60126,37.61123],[-3.60092,37.60459],[-3.59471,37.60331],[-3.58433,37.61094],[-3.57817,37.6132],[-3.57471,37.61242],[-3.5723,37.61001],[-3.56369,37.61369],[-3.56242,37.60827],[-3.55168,37.60425],[-3.53381,37.61706],[-3.52526,37.61853],[-3.51868,37.6231],[-3.50647,37.61728],[-3.50775,37.62621],[-3.50032,37.64343],[-3.49929,37.65854],[-3.48982,37.66678],[-3.48886,37.66828],[-3.49067,37.67098],[-3.48658,37.673],[-3.48181,37.67932],[-3.47831,37.68792],[-3.47235,37.69136],[-3.46685,37.70415],[-3.4695,37.715],[-3.47611,37.72389],[-3.47284,37.72471],[-3.47441,37.7344],[-3.4798,37.74275],[-3.48306,37.74083],[-3.49273,37.73908],[-3.49769,37.73525],[-3.49956,37.73605],[-3.51032,37.73461],[-3.52068,37.73624],[-3.54285,37.72987],[-3.55057,37.72395],[-3.56263,37.72168],[-3.57196,37.71505],[-3.58515,37.7145],[-3.5928,37.71759],[-3.6002,37.71188],[-3.60977,37.70908],[-3.62741,37.6913],[-3.63013,37.68895]]]}},{"type":"Feature","properties":{"mun_code":"23021","mun_name":"Carboneros","mun_name_local":null,"prov_code":"23","prov_name":"Jaén","acom_code":"01","acom_name":"Andalucía","geo_point_2d":{"lon":-3.6296785468736843,"lat":38.21711324845164}},"geometry":{"type":"Polygon","coordinates":[[[-3.69379,38.23759],[-3.68887,38.2361],[-3.67759,38.22878],[-3.57933,38.15548],[-3.57806,38.15476],[-3.57183,38.15776],[-3.57123,38.15368],[-3.56995,38.15374],[-3.5669,38.1585],[-3.56605,38.16532],[-3.56352,38.16819],[-3.57459,38.18398],[-3.57186,38.18719],[-3.57548,38.19104],[-3.57149,38.19823],[-3.57438,38.20195],[-3.67186,38.27588],[-3.67481,38.27471],[-3.67891,38.27508],[-3.67991,38.26948],[-3.6887,38.2677],[-3.69401,38.26158],[-3.69338,38.26025],[-3.68986,38.26089],[-3.68901,38.25907],[-3.69528,38.25264],[-3.6931,38.25045],[-3.69578,38.24719],[-3.69391,38.23809],[-3.69379,38.23759]]]}},{"type":"Feature","properties":{"mun_code":"23014","mun_name":"Begíjar","mun_name_local":null,"prov_code":"23","prov_name":"Jaén","acom_code":"01","acom_name":"Andalucía","geo_point_2d":{"lon":-3.570318531807988,"lat":37.97335932200588}},"geometry":{"type":"Polygon","coordinates":[[[-3.63799,37.95832],[-3.63385,37.96095],[-3.62991,37.95201],[-3.62357,37.94931],[-3.61187,37.95181],[-3.60886,37.95078],[-3.60199,37.95576],[-3.59634,37.95301],[-3.59098,37.95749],[-3.58886,37.95685],[-3.59109,37.95374],[-3.58755,37.95265],[-3.58349,37.95664],[-3.57701,37.95605],[-3.56842,37.95895],[-3.56532,37.95623],[-3.55564,37.95282],[-3.54771,37.95933],[-3.54398,37.95989],[-3.54033,37.9578],[-3.535,37.95008],[-3.53111,37.94788],[-3.52629,37.94722],[-3.51906,37.97074],[-3.5087,37.98539],[-3.50821,37.99561],[-3.51797,37.99819],[-3.51953,38.00142],[-3.52469,38.0032],[-3.52722,38.00125],[-3.53166,38.00102],[-3.5379,37.99818],[-3.54084,37.992],[-3.54592,37.99029],[-3.55488,37.99085],[-3.56725,37.99369],[-3.56998,37.99287],[-3.57297,37.99402],[-3.58551,37.99418],[-3.58369,37.99059],[-3.58701,37.98887],[-3.60503,37.98497],[-3.62226,37.98338],[-3.63973,37.97236],[-3.63662,37.96085],[-3.63807,37.95862],[-3.63799,37.95832]]]}},{"type":"Feature","properties":{"mun_code":"23030","mun_name":"Chilluévar","mun_name_local":null,"prov_code":"23","prov_name":"Jaén","acom_code":"01","acom_name":"Andalucía","geo_point_2d":{"lon":-3.0343056126592907,"lat":37.99070681705092}},"geometry":{"type":"Polygon","coordinates":[[[-3.08724,37.9954],[-3.08475,37.99151],[-3.08254,37.99123],[-3.08318,37.98969],[-3.08081,37.98874],[-3.08119,37.985],[-3.07608,37.97954],[-3.07523,37.97592],[-3.07038,37.97279],[-3.07013,37.97067],[-3.06824,37.97062],[-3.06925,37.96864],[-3.066,37.96822],[-3.06521,37.96619],[-3.06,37.96456],[-3.06025,37.96236],[-3.05652,37.96134],[-3.05607,37.95869],[-3.0516,37.95878],[-3.04382,37.95627],[-3.03988,37.95716],[-3.03823,37.95542],[-3.0355,37.95529],[-3.02261,37.96014],[-3.02262,37.96459],[-3.02558,37.9664],[-3.02388,37.96729],[-3.02268,37.97182],[-3.01151,37.97887],[-3.00845,37.97787],[-3.00626,37.99043],[-3.00189,37.99469],[-2.99931,37.99472],[-2.99139,37.99899],[-2.98833,37.99628],[-2.98507,38.00107],[-2.98181,38.00284],[-2.96933,38.00035],[-2.9636,38.00541],[-2.96918,38.00632],[-2.97179,38.0088],[-2.97717,38.01022],[-2.9816,38.01568],[-2.98996,38.01496],[-2.99217,38.01157],[-2.99474,38.01102],[-3.0048,38.01742],[-3.00978,38.01567],[-3.02643,38.01627],[-3.0304,38.01794],[-3.03661,38.01801],[-3.04771,38.01141],[-3.07003,38.0042],[-3.08633,37.9959],[-3.08724,37.9954]]]}},{"type":"Feature","properties":{"mun_code":"23032","mun_name":"Espeluy","mun_name_local":null,"prov_code":"23","prov_name":"Jaén","acom_code":"01","acom_name":"Andalucía","geo_point_2d":{"lon":-3.861715668309941,"lat":38.02112457864252}},"geometry":{"type":"Polygon","coordinates":[[[-3.89214,38.01451],[-3.88576,38.00493],[-3.88672,38.00257],[-3.86329,37.999],[-3.84836,37.9953],[-3.83156,38.00413],[-3.8281,38.00799],[-3.8241,38.00686],[-3.82321,38.00806],[-3.82688,38.00975],[-3.82481,38.01259],[-3.82482,38.02013],[-3.83695,38.02697],[-3.8315,38.04004],[-3.84898,38.0409],[-3.85676,38.03959],[-3.86726,38.04438],[-3.87399,38.04018],[-3.88213,38.03875],[-3.8881,38.04278],[-3.89059,38.04742],[-3.89374,38.04821],[-3.89943,38.04188],[-3.89656,38.02904],[-3.88825,38.01945],[-3.88867,38.01719],[-3.89163,38.015],[-3.89214,38.01451]]]}},{"type":"Feature","properties":{"mun_code":"23075","mun_name":"Sabiote","mun_name_local":null,"prov_code":"23","prov_name":"Jaén","acom_code":"01","acom_name":"Andalucía","geo_point_2d":{"lon":-3.260450924587163,"lat":38.09361673951393}},"geometry":{"type":"Polygon","coordinates":[[[-3.32916,38.12506],[-3.32706,38.1127],[-3.32711,38.09743],[-3.33339,38.08497],[-3.34026,38.08039],[-3.34002,38.07366],[-3.34222,38.0656],[-3.34155,38.06345],[-3.33887,38.06253],[-3.33224,38.05523],[-3.31921,38.04871],[-3.31402,38.04961],[-3.29549,38.04831],[-3.28969,38.05066],[-3.28674,38.04975],[-3.28464,38.04725],[-3.28215,38.04806],[-3.27207,38.04559],[-3.262,38.03898],[-3.25896,38.03892],[-3.24632,38.04944],[-3.24525,38.05477],[-3.24268,38.0583],[-3.23391,38.06227],[-3.22695,38.07028],[-3.21907,38.07612],[-3.21246,38.07777],[-3.20465,38.07526],[-3.19224,38.07659],[-3.18845,38.07989],[-3.17777,38.08427],[-3.17013,38.0843],[-3.15924,38.09101],[-3.16373,38.09665],[-3.16852,38.09882],[-3.16913,38.10179],[-3.17571,38.10286],[-3.1847,38.11265],[-3.19249,38.11649],[-3.20032,38.13036],[-3.19805,38.13242],[-3.1995,38.13391],[-3.19986,38.14616],[-3.21212,38.14455],[-3.20979,38.14199],[-3.21107,38.14035],[-3.21434,38.14099],[-3.21947,38.14485],[-3.22345,38.14007],[-3.22687,38.14129],[-3.23004,38.13957],[-3.24146,38.1432],[-3.24787,38.14238],[-3.24962,38.13901],[-3.24838,38.13227],[-3.25108,38.13165],[-3.25531,38.13372],[-3.25707,38.13328],[-3.26028,38.12917],[-3.26003,38.12124],[-3.26505,38.11837],[-3.26752,38.11823],[-3.27101,38.12159],[-3.27459,38.12248],[-3.28274,38.13404],[-3.28694,38.13041],[-3.29012,38.12468],[-3.29724,38.12666],[-3.29812,38.12917],[-3.29596,38.13415],[-3.29905,38.13814],[-3.30729,38.13601],[-3.30979,38.13283],[-3.31005,38.12809],[-3.3125,38.12655],[-3.31746,38.12855],[-3.32246,38.12725],[-3.32705,38.12782],[-3.32846,38.12542],[-3.32916,38.12506]]]}},{"type":"Feature","properties":{"mun_code":"23049","mun_name":"Jabalquinto","mun_name_local":null,"prov_code":"23","prov_name":"Jaén","acom_code":"01","acom_name":"Andalucía","geo_point_2d":{"lon":-3.750826583578642,"lat":38.01716864869562}},"geometry":{"type":"Polygon","coordinates":[[[-3.8315,38.04004],[-3.83695,38.02697],[-3.82482,38.02013],[-3.82481,38.01259],[-3.82232,38.00899],[-3.8191,38.00816],[-3.81047,38.01256],[-3.80545,38.01302],[-3.80419,38.01207],[-3.80827,38.0049],[-3.80651,37.99236],[-3.80949,37.98435],[-3.80705,37.9818],[-3.79145,37.98674],[-3.78197,37.98626],[-3.77692,37.98456],[-3.77099,37.97763],[-3.76761,37.97706],[-3.76164,37.97895],[-3.75616,37.98283],[-3.75295,37.98794],[-3.7484,37.98954],[-3.74493,37.98953],[-3.73355,37.98563],[-3.72649,37.98712],[-3.71307,37.98675],[-3.70031,37.99757],[-3.68845,38.00217],[-3.69118,38.00523],[-3.68288,38.01378],[-3.68754,38.02031],[-3.68576,38.02649],[-3.68661,38.03218],[-3.68235,38.0349],[-3.68615,38.0374],[-3.68548,38.0408],[-3.69541,38.04898],[-3.70118,38.04856],[-3.71431,38.05214],[-3.72378,38.05647],[-3.72837,38.06053],[-3.74997,38.05099],[-3.76025,38.03876],[-3.76905,38.03561],[-3.77723,38.03533],[-3.79148,38.03152],[-3.8015,38.03326],[-3.81524,38.03265],[-3.82022,38.03429],[-3.82608,38.03959],[-3.82961,38.0401],[-3.8315,38.04004]]]}},{"type":"Feature","properties":{"mun_code":"23088","mun_name":"Torreperogil","mun_name_local":null,"prov_code":"23","prov_name":"Jaén","acom_code":"01","acom_name":"Andalucía","geo_point_2d":{"lon":-3.2407227621135153,"lat":38.01169513199786}},"geometry":{"type":"Polygon","coordinates":[[[-3.31921,38.04871],[-3.31325,38.04437],[-3.31134,38.04048],[-3.31652,38.02625],[-3.30748,38.01758],[-3.3012,38.01472],[-3.29411,38.00783],[-3.29146,38.00011],[-3.2762,37.97446],[-3.26856,37.97212],[-3.26502,37.9696],[-3.23545,37.96593],[-3.23264,37.96673],[-3.22952,37.96525],[-3.18761,37.96643],[-3.17503,37.96824],[-3.17282,37.97391],[-3.17886,37.97808],[-3.17747,37.98053],[-3.17852,37.98811],[-3.19438,38.00136],[-3.18534,38.00917],[-3.18476,38.01251],[-3.18695,38.01472],[-3.18832,38.02567],[-3.19408,38.03543],[-3.19534,38.04505],[-3.19435,38.04717],[-3.19671,38.05434],[-3.20496,38.05361],[-3.20451,38.05165],[-3.20046,38.05311],[-3.19795,38.0514],[-3.19877,38.04846],[-3.20753,38.04676],[-3.21188,38.04732],[-3.21317,38.04906],[-3.21608,38.04876],[-3.21907,38.04781],[-3.22051,38.04515],[-3.22357,38.04523],[-3.23028,38.05299],[-3.23065,38.05625],[-3.22684,38.05814],[-3.22784,38.05993],[-3.23019,38.06036],[-3.22661,38.06476],[-3.22745,38.0671],[-3.22305,38.06574],[-3.21522,38.06821],[-3.20869,38.06744],[-3.2049,38.06512],[-3.20075,38.06475],[-3.19829,38.06245],[-3.20113,38.07016],[-3.1976,38.07633],[-3.20549,38.07532],[-3.21246,38.07777],[-3.21907,38.07612],[-3.22695,38.07028],[-3.23391,38.06227],[-3.24268,38.0583],[-3.24717,38.04845],[-3.25993,38.03867],[-3.27207,38.04559],[-3.28215,38.04806],[-3.28464,38.04725],[-3.28674,38.04975],[-3.28969,38.05066],[-3.29549,38.04831],[-3.31846,38.04897],[-3.31921,38.04871]]]}},{"type":"Feature","properties":{"mun_code":"23012","mun_name":"Beas de Segura","mun_name_local":null,"prov_code":"23","prov_name":"Jaén","acom_code":"01","acom_name":"Andalucía","geo_point_2d":{"lon":-2.86677185336302,"lat":38.25355116044776}},"geometry":{"type":"Polygon","coordinates":[[[-3.00795,38.24588],[-3.01074,38.24565],[-3.00791,38.2398],[-3.01351,38.23332],[-3.01279,38.22662],[-3.01735,38.22291],[-3.00472,38.21714],[-2.99631,38.21511],[-2.98074,38.22597],[-2.97091,38.22522],[-2.95852,38.22874],[-2.94165,38.22618],[-2.92636,38.21833],[-2.91714,38.21535],[-2.91043,38.21811],[-2.90419,38.21899],[-2.90152,38.21789],[-2.89028,38.21791],[-2.88276,38.21551],[-2.87739,38.21586],[-2.87302,38.213],[-2.87135,38.21442],[-2.86838,38.21417],[-2.86481,38.21908],[-2.85633,38.21773],[-2.85196,38.21945],[-2.8363,38.21933],[-2.83004,38.2161],[-2.82956,38.21138],[-2.82411,38.21157],[-2.82414,38.20928],[-2.81879,38.20818],[-2.81255,38.20952],[-2.81037,38.20808],[-2.80211,38.21099],[-2.79874,38.21038],[-2.79566,38.20782],[-2.79059,38.20708],[-2.78603,38.21099],[-2.78284,38.20906],[-2.78203,38.2097],[-2.78148,38.21444],[-2.7781,38.21808],[-2.7791,38.21964],[-2.77798,38.22208],[-2.76851,38.2319],[-2.7695,38.24041],[-2.76286,38.24659],[-2.76156,38.25879],[-2.76368,38.26227],[-2.76176,38.27042],[-2.7567,38.27443],[-2.75073,38.27453],[-2.75265,38.28364],[-2.75571,38.2847],[-2.75794,38.28834],[-2.75508,38.29823],[-2.75348,38.30017],[-2.7505,38.30032],[-2.7519,38.30305],[-2.75582,38.30524],[-2.76298,38.30524],[-2.76704,38.30658],[-2.77189,38.30353],[-2.77934,38.30295],[-2.79256,38.28922],[-2.79839,38.28837],[-2.80033,38.28857],[-2.80056,38.29081],[-2.80789,38.29935],[-2.80656,38.30488],[-2.80863,38.30694],[-2.82195,38.30689],[-2.8242,38.30564],[-2.82736,38.30683],[-2.8337,38.30201],[-2.83166,38.29888],[-2.84371,38.29722],[-2.85427,38.28683],[-2.93207,38.27789],[-2.94339,38.28093],[-2.94881,38.27605],[-2.95223,38.27785],[-2.95987,38.28949],[-2.9644,38.28464],[-2.96247,38.27978],[-2.96407,38.27647],[-2.97036,38.27302],[-2.9734,38.26956],[-2.98133,38.26778],[-2.98368,38.26569],[-2.97857,38.25537],[-2.98059,38.25258],[-2.98679,38.25116],[-2.99448,38.25267],[-3.00012,38.24892],[-2.99675,38.24499],[-2.99806,38.24311],[-3.00152,38.24313],[-3.00763,38.24566],[-3.00795,38.24588]]]}},{"type":"Feature","properties":{"mun_code":"23059","mun_name":"Marmolejo","mun_name_local":null,"prov_code":"23","prov_name":"Jaén","acom_code":"01","acom_name":"Andalucía","geo_point_2d":{"lon":-4.171293910194337,"lat":38.069541315820516}},"geometry":{"type":"Polygon","coordinates":[[[-4.25942,38.02241],[-4.26488,38.00903],[-4.25778,38.00823],[-4.25258,38.00951],[-4.23332,38.00843],[-4.22708,38.00696],[-4.22282,38.00403],[-4.21748,37.99633],[-4.21129,37.99108],[-4.20627,37.98997],[-4.20164,37.99182],[-4.19126,37.98956],[-4.18765,37.99034],[-4.17979,37.98834],[-4.17535,37.98563],[-4.16831,37.98961],[-4.16133,37.99922],[-4.15305,38.00128],[-4.15428,38.00454],[-4.14258,38.0061],[-4.1298,38.01179],[-4.12779,38.0151],[-4.12782,38.01873],[-4.12554,38.02122],[-4.12621,38.02317],[-4.12812,38.0233],[-4.12667,38.02796],[-4.12495,38.02833],[-4.12162,38.03557],[-4.11903,38.03707],[-4.11976,38.03912],[-4.12236,38.03988],[-4.11472,38.04735],[-4.10999,38.05426],[-4.11081,38.05783],[-4.10807,38.05794],[-4.10566,38.05981],[-4.09911,38.07075],[-4.10183,38.07272],[-4.10731,38.07116],[-4.11158,38.07197],[-4.11357,38.07298],[-4.11354,38.07493],[-4.1102,38.07754],[-4.10007,38.08116],[-4.10096,38.08302],[-4.10426,38.08393],[-4.10517,38.08768],[-4.09783,38.09003],[-4.09982,38.09325],[-4.0975,38.09932],[-4.09791,38.10281],[-4.09678,38.10377],[-4.09144,38.10352],[-4.09003,38.10498],[-4.091,38.1098],[-4.08585,38.117],[-4.09566,38.12882],[-4.09994,38.12943],[-4.10524,38.13323],[-4.11043,38.1326],[-4.11287,38.13392],[-4.11242,38.14092],[-4.11072,38.14322],[-4.11753,38.1455],[-4.12023,38.14805],[-4.12336,38.14828],[-4.12454,38.15131],[-4.13122,38.15309],[-4.13766,38.15952],[-4.16615,38.17366],[-4.16856,38.1653],[-4.16351,38.16117],[-4.16542,38.14941],[-4.16093,38.14517],[-4.16571,38.14374],[-4.16805,38.14067],[-4.1685,38.13662],[-4.17401,38.13365],[-4.17457,38.13172],[-4.18299,38.13096],[-4.18842,38.12807],[-4.19458,38.12809],[-4.19482,38.12606],[-4.19928,38.12246],[-4.19834,38.11663],[-4.20308,38.11363],[-4.20153,38.11115],[-4.20229,38.10894],[-4.20604,38.10843],[-4.21582,38.11133],[-4.21835,38.11043],[-4.21849,38.10691],[-4.22123,38.10349],[-4.2165,38.10027],[-4.21666,38.0975],[-4.21247,38.09457],[-4.21319,38.09048],[-4.21792,38.08838],[-4.22345,38.09189],[-4.22766,38.09138],[-4.22661,38.08702],[-4.22139,38.08513],[-4.221,38.08313],[-4.22374,38.08218],[-4.2284,38.08567],[-4.23365,38.08359],[-4.23163,38.08112],[-4.22814,38.08103],[-4.22756,38.07981],[-4.23517,38.0736],[-4.23648,38.06948],[-4.23473,38.06534],[-4.23628,38.06279],[-4.23913,38.06242],[-4.24004,38.06682],[-4.24654,38.06939],[-4.25153,38.06605],[-4.25331,38.05905],[-4.2514,38.04791],[-4.2489,38.04753],[-4.24442,38.05267],[-4.23993,38.05301],[-4.23839,38.05119],[-4.24085,38.04605],[-4.25051,38.03924],[-4.25916,38.03927],[-4.26517,38.04136],[-4.26853,38.04052],[-4.26487,38.03356],[-4.26025,38.02875],[-4.25938,38.02417],[-4.25942,38.02241]]]}},{"type":"Feature","properties":{"mun_code":"23054","mun_name":"Larva","mun_name_local":null,"prov_code":"23","prov_name":"Jaén","acom_code":"01","acom_name":"Andalucía","geo_point_2d":{"lon":-3.1961730801076857,"lat":37.76793479889298}},"geometry":{"type":"Polygon","coordinates":[[[-3.22288,37.81041],[-3.22041,37.80196],[-3.22522,37.78783],[-3.22498,37.76653],[-3.22709,37.76199],[-3.23091,37.76027],[-3.23246,37.75797],[-3.2334,37.74856],[-3.22777,37.74017],[-3.22336,37.73779],[-3.21681,37.73645],[-3.20744,37.73627],[-3.19965,37.73202],[-3.19708,37.7264],[-3.18586,37.73059],[-3.17016,37.74707],[-3.16556,37.74907],[-3.16312,37.75512],[-3.14902,37.76893],[-3.14953,37.77049],[-3.16455,37.78001],[-3.16647,37.78495],[-3.17427,37.79396],[-3.18315,37.80132],[-3.21679,37.80799],[-3.22243,37.81041],[-3.22288,37.81041]]]}},{"type":"Feature","properties":{"mun_code":"23093","mun_name":"Valdepeñas de Jaén","mun_name_local":null,"prov_code":"23","prov_name":"Jaén","acom_code":"01","acom_name":"Andalucía","geo_point_2d":{"lon":-3.790869193447052,"lat":37.58099237852324}},"geometry":{"type":"Polygon","coordinates":[[[-3.88398,37.64436],[-3.8834,37.63366],[-3.88061,37.62495],[-3.87638,37.61488],[-3.87022,37.60612],[-3.87355,37.58849],[-3.87802,37.58312],[-3.87941,37.57035],[-3.87377,37.55938],[-3.86514,37.55883],[-3.85769,37.55433],[-3.85524,37.54866],[-3.85512,37.54272],[-3.85644,37.54106],[-3.85018,37.53701],[-3.84617,37.53736],[-3.84456,37.53632],[-3.83462,37.52474],[-3.8305,37.52647],[-3.82056,37.52178],[-3.81665,37.52644],[-3.80818,37.52227],[-3.80392,37.52267],[-3.79591,37.51973],[-3.79247,37.51249],[-3.79282,37.50415],[-3.78947,37.49914],[-3.77976,37.49644],[-3.77198,37.50095],[-3.76172,37.50155],[-3.74201,37.51714],[-3.74167,37.52076],[-3.74346,37.52428],[-3.74084,37.53413],[-3.73107,37.53497],[-3.72849,37.54036],[-3.72643,37.54165],[-3.72681,37.54508],[-3.72145,37.54573],[-3.71715,37.55033],[-3.71815,37.55517],[-3.70751,37.5717],[-3.70911,37.57286],[-3.70743,37.57789],[-3.70817,37.58027],[-3.70472,37.58541],[-3.70504,37.58826],[-3.70193,37.59122],[-3.70299,37.59297],[-3.69872,37.59383],[-3.69645,37.59803],[-3.6965,37.60607],[-3.69348,37.60829],[-3.6934,37.61157],[-3.69175,37.61289],[-3.6935,37.6138],[-3.69243,37.6202],[-3.69655,37.61996],[-3.69614,37.62284],[-3.70092,37.62334],[-3.70353,37.62583],[-3.7156,37.6248],[-3.72025,37.62767],[-3.72628,37.62882],[-3.72771,37.63164],[-3.73302,37.63468],[-3.74353,37.63172],[-3.75911,37.63343],[-3.76447,37.62811],[-3.81867,37.6443],[-3.83848,37.63873],[-3.86791,37.64201],[-3.88398,37.64436]]]}},{"type":"Feature","properties":{"mun_code":"23097","mun_name":"Villanueva del Arzobispo","mun_name_local":null,"prov_code":"23","prov_name":"Jaén","acom_code":"01","acom_name":"Andalucía","geo_point_2d":{"lon":-2.94719698748934,"lat":38.17136252191496}},"geometry":{"type":"Polygon","coordinates":[[[-3.11487,38.17215],[-3.11376,38.17069],[-3.11015,38.17349],[-3.10553,38.17489],[-3.10359,38.17244],[-3.10295,38.17424],[-3.09919,38.17492],[-3.10054,38.17279],[-3.098,38.1717],[-3.10221,38.17003],[-3.10069,38.16163],[-3.09167,38.15691],[-3.08603,38.15591],[-3.08048,38.15695],[-3.07031,38.15538],[-3.06203,38.15593],[-3.06509,38.15788],[-3.07047,38.16659],[-3.07437,38.1679],[-3.07837,38.1721],[-3.0753,38.17319],[-3.0758,38.17484],[-3.072,38.17243],[-3.06755,38.17481],[-3.06032,38.17212],[-3.05729,38.17278],[-3.05075,38.16961],[-3.04502,38.16928],[-3.04315,38.16704],[-3.03971,38.16953],[-3.03618,38.16887],[-3.02856,38.17204],[-3.02358,38.17002],[-3.02554,38.16717],[-3.02465,38.16605],[-3.01294,38.15689],[-3.01276,38.14681],[-3.01377,38.14128],[-3.02255,38.13251],[-3.02652,38.12025],[-3.02664,38.11276],[-3.02601,38.11183],[-3.02375,38.11275],[-3.01589,38.10951],[-3.01541,38.10736],[-3.01768,38.10301],[-3.01442,38.10056],[-3.0081,38.10534],[-3.00233,38.10344],[-2.99824,38.1088],[-2.9913,38.11161],[-2.98899,38.11622],[-2.98193,38.11574],[-2.97551,38.12025],[-2.96778,38.13517],[-2.97045,38.13929],[-2.96695,38.13813],[-2.95597,38.14123],[-2.95049,38.13929],[-2.91675,38.13741],[-2.92934,38.14079],[-2.92543,38.14387],[-2.91374,38.14103],[-2.91014,38.14441],[-2.90917,38.14897],[-2.90676,38.14817],[-2.9051,38.14999],[-2.8998,38.14713],[-2.89897,38.14375],[-2.89197,38.14039],[-2.88566,38.13322],[-2.83665,38.1182],[-2.82218,38.14245],[-2.82351,38.14804],[-2.81983,38.15463],[-2.80357,38.17248],[-2.79589,38.17405],[-2.797,38.18181],[-2.80403,38.19293],[-2.81506,38.1834],[-2.82852,38.17878],[-2.83633,38.17883],[-2.85154,38.18211],[-2.85611,38.18484],[-2.88422,38.17236],[-2.88818,38.16602],[-2.88421,38.16101],[-2.88461,38.15502],[-2.89034,38.15656],[-2.89496,38.15461],[-2.89428,38.15626],[-2.8959,38.15677],[-2.8941,38.16082],[-2.89638,38.16778],[-2.90345,38.17235],[-2.90774,38.17893],[-2.91207,38.1754],[-2.9158,38.17502],[-2.9181,38.17686],[-2.91831,38.18019],[-2.91639,38.17914],[-2.91278,38.17957],[-2.90931,38.18534],[-2.90411,38.18264],[-2.89004,38.18626],[-2.87893,38.18581],[-2.86588,38.19117],[-2.86705,38.19808],[-2.86458,38.20432],[-2.86624,38.20773],[-2.86375,38.21053],[-2.85867,38.21264],[-2.86287,38.2158],[-2.8666,38.21607],[-2.86838,38.21417],[-2.87135,38.21442],[-2.87302,38.213],[-2.87739,38.21586],[-2.88276,38.21551],[-2.89028,38.21791],[-2.90152,38.21789],[-2.90419,38.21899],[-2.91043,38.21811],[-2.91714,38.21535],[-2.92636,38.21833],[-2.94165,38.22618],[-2.95852,38.22874],[-2.96902,38.22578],[-2.97424,38.22063],[-2.97556,38.21889],[-2.97527,38.21436],[-2.97318,38.21328],[-2.97599,38.21241],[-2.97615,38.20934],[-2.97936,38.20725],[-2.98699,38.21117],[-3.00031,38.21503],[-3.00369,38.21508],[-3.0091,38.21082],[-3.01283,38.21361],[-3.02209,38.21546],[-3.02086,38.20835],[-3.02353,38.20223],[-3.02767,38.2022],[-3.03349,38.20448],[-3.0354,38.19986],[-3.03749,38.19908],[-3.04095,38.20209],[-3.04089,38.20372],[-3.04742,38.20677],[-3.04965,38.20656],[-3.05195,38.20456],[-3.05482,38.19726],[-3.06232,38.19681],[-3.06582,38.199],[-3.06921,38.1984],[-3.07213,38.19524],[-3.07349,38.19041],[-3.07737,38.18865],[-3.08444,38.1881],[-3.09707,38.17753],[-3.10437,38.17765],[-3.11207,38.17535],[-3.11438,38.17312],[-3.11487,38.17215]]]}},{"type":"Feature","properties":{"mun_code":"23096","mun_name":"Villanueva de la Reina","mun_name_local":null,"prov_code":"23","prov_name":"Jaén","acom_code":"01","acom_name":"Andalucía","geo_point_2d":{"lon":-3.8925860734652686,"lat":38.14023795145263}},"geometry":{"type":"Polygon","coordinates":[[[-3.96512,38.00043],[-3.95695,37.98985],[-3.95236,37.9712],[-3.94991,37.96728],[-3.94957,37.95889],[-3.94339,37.95892],[-3.94083,37.95487],[-3.93198,37.95171],[-3.92412,37.95268],[-3.91593,37.95189],[-3.90714,37.9482],[-3.90924,37.95849],[-3.90729,37.964],[-3.90825,37.96942],[-3.90299,37.97209],[-3.90443,37.97591],[-3.90005,37.97793],[-3.90495,38.00013],[-3.90282,38.01185],[-3.89927,38.01156],[-3.89396,38.0134],[-3.88822,38.01829],[-3.889,38.02102],[-3.89656,38.02904],[-3.89904,38.04335],[-3.89611,38.04689],[-3.89296,38.0482],[-3.89059,38.04742],[-3.88447,38.0395],[-3.88213,38.03875],[-3.87399,38.04018],[-3.86867,38.04321],[-3.86643,38.04922],[-3.85353,38.06055],[-3.85229,38.06325],[-3.85342,38.06436],[-3.84851,38.06869],[-3.85112,38.07633],[-3.85051,38.0784],[-3.85431,38.0775],[-3.86029,38.07911],[-3.86082,38.081],[-3.85781,38.082],[-3.86028,38.08648],[-3.87487,38.08986],[-3.87568,38.09429],[-3.87297,38.09931],[-3.86984,38.10093],[-3.86998,38.10262],[-3.88024,38.10853],[-3.88576,38.10914],[-3.89215,38.11232],[-3.90159,38.12223],[-3.90212,38.12546],[-3.90129,38.13116],[-3.89841,38.13547],[-3.89522,38.14629],[-3.89604,38.14902],[-3.88292,38.15178],[-3.87293,38.14827],[-3.87029,38.14956],[-3.8633,38.14993],[-3.8543,38.14745],[-3.83217,38.14531],[-3.83725,38.15135],[-3.83717,38.15391],[-3.83895,38.15554],[-3.83835,38.15824],[-3.84439,38.16057],[-3.84678,38.16388],[-3.85183,38.16676],[-3.85479,38.17261],[-3.8545,38.17956],[-3.85943,38.1858],[-3.85841,38.19598],[-3.86717,38.20687],[-3.86512,38.20968],[-3.85626,38.21409],[-3.85427,38.21751],[-3.84218,38.22779],[-3.833,38.25013],[-3.82899,38.25225],[-3.82718,38.25539],[-3.82756,38.26121],[-3.82112,38.26619],[-3.82537,38.2732],[-3.82608,38.28182],[-3.82948,38.28719],[-3.82904,38.29071],[-3.83777,38.29817],[-3.83751,38.30553],[-3.8402,38.31352],[-3.84514,38.3183],[-3.84651,38.32183],[-3.85628,38.32798],[-3.85699,38.33174],[-3.86164,38.33591],[-3.86009,38.34138],[-3.85738,38.34338],[-3.86622,38.36087],[-3.85996,38.37279],[-3.87421,38.34761],[-3.87295,38.33109],[-3.89335,38.27297],[-3.89277,38.25049],[-3.89452,38.23925],[-3.90451,38.20269],[-3.92528,38.16004],[-3.94187,38.12012],[-3.94221,38.11666],[-3.93874,38.1129],[-3.93699,38.10762],[-3.9394,38.09507],[-3.93727,38.09036],[-3.93763,38.08625],[-3.93565,38.08587],[-3.93478,38.0831],[-3.93586,38.07403],[-3.9344,38.06804],[-3.93013,38.06242],[-3.93126,38.04931],[-3.93895,38.03724],[-3.95322,38.02526],[-3.95907,38.01349],[-3.96432,38.00814],[-3.96453,38.0022],[-3.96512,38.00043]]]}},{"type":"Feature","properties":{"mun_code":"23025","mun_name":"Castellar","mun_name_local":null,"prov_code":"23","prov_name":"Jaén","acom_code":"01","acom_name":"Andalucía","geo_point_2d":{"lon":-3.1419535561725658,"lat":38.295806230998934}},"geometry":{"type":"Polygon","coordinates":[[[-3.21954,38.45291],[-3.22255,38.44157],[-3.22241,38.433],[-3.21773,38.4277],[-3.2169,38.418],[-3.21808,38.41363],[-3.22162,38.41156],[-3.22459,38.41126],[-3.22962,38.41489],[-3.2324,38.41397],[-3.2297,38.41259],[-3.22714,38.40551],[-3.23138,38.39126],[-3.23502,38.38634],[-3.23434,38.38073],[-3.2374,38.37567],[-3.23812,38.37069],[-3.23413,38.36568],[-3.23072,38.36517],[-3.22605,38.36203],[-3.22876,38.35457],[-3.22709,38.34724],[-3.20604,38.34117],[-3.19549,38.32841],[-3.19628,38.32161],[-3.17058,38.31947],[-3.16882,38.29865],[-3.16259,38.27536],[-3.16219,38.2415],[-3.15513,38.21347],[-3.15468,38.198],[-3.1434,38.1764],[-3.14037,38.17565],[-3.13794,38.17309],[-3.13493,38.17551],[-3.12947,38.17528],[-3.12943,38.17155],[-3.12632,38.16994],[-3.12095,38.17265],[-3.1166,38.17096],[-3.11107,38.1758],[-3.10437,38.17765],[-3.09707,38.17753],[-3.08982,38.1847],[-3.08375,38.18842],[-3.07861,38.18839],[-3.07349,38.19041],[-3.07006,38.19805],[-3.06582,38.199],[-3.06232,38.19681],[-3.0541,38.19764],[-3.05195,38.20456],[-3.04965,38.20656],[-3.0552,38.21073],[-3.05563,38.2134],[-3.06125,38.2194],[-3.056,38.22046],[-3.05613,38.22212],[-3.06359,38.22109],[-3.06556,38.22878],[-3.0703,38.23448],[-3.07046,38.23655],[-3.06774,38.23906],[-3.07085,38.24404],[-3.06926,38.24519],[-3.0706,38.24751],[-3.07296,38.24737],[-3.07452,38.24905],[-3.07157,38.251],[-3.07217,38.25342],[-3.08016,38.25643],[-3.08848,38.26189],[-3.0894,38.26563],[-3.08781,38.26874],[-3.09891,38.28649],[-3.09968,38.29785],[-3.10239,38.30543],[-3.1,38.30866],[-3.1049,38.30544],[-3.11915,38.30401],[-3.1225,38.30723],[-3.12465,38.30568],[-3.1267,38.30758],[-3.13282,38.30664],[-3.13829,38.30823],[-3.14584,38.31527],[-3.15408,38.31331],[-3.15765,38.30986],[-3.17215,38.32326],[-3.17312,38.32638],[-3.18761,38.33621],[-3.20738,38.36128],[-3.20751,38.36308],[-3.21174,38.36489],[-3.23134,38.38347],[-3.2094,38.39456],[-3.19285,38.40485],[-3.1876,38.40301],[-3.17651,38.40902],[-3.16212,38.4092],[-3.14416,38.40649],[-3.13925,38.41021],[-3.13164,38.4196],[-3.12299,38.42388],[-3.11898,38.4295],[-3.1189,38.43352],[-3.1302,38.43877],[-3.14992,38.44006],[-3.18002,38.44992],[-3.21865,38.45283],[-3.21954,38.45291]]]}},{"type":"Feature","properties":{"mun_code":"23053","mun_name":"Jódar","mun_name_local":null,"prov_code":"23","prov_name":"Jaén","acom_code":"01","acom_name":"Andalucía","geo_point_2d":{"lon":-3.3314656436876704,"lat":37.831998549095246}},"geometry":{"type":"Polygon","coordinates":[[[-3.40917,37.90626],[-3.41176,37.90111],[-3.40576,37.89515],[-3.40494,37.88945],[-3.38736,37.87805],[-3.37767,37.86469],[-3.37707,37.84525],[-3.38179,37.83952],[-3.38783,37.83922],[-3.39215,37.83225],[-3.39344,37.82113],[-3.38913,37.81873],[-3.38461,37.81965],[-3.38081,37.81876],[-3.37463,37.81426],[-3.36737,37.81287],[-3.3586,37.80646],[-3.36202,37.80189],[-3.35947,37.79684],[-3.36078,37.79486],[-3.36079,37.78652],[-3.37647,37.78311],[-3.38293,37.77976],[-3.38317,37.77508],[-3.38009,37.77047],[-3.37588,37.76696],[-3.37211,37.76698],[-3.36709,37.76253],[-3.36266,37.76131],[-3.35897,37.7626],[-3.35738,37.76104],[-3.35478,37.76203],[-3.34781,37.76104],[-3.33668,37.76204],[-3.32955,37.75349],[-3.31637,37.74973],[-3.30942,37.74993],[-3.30462,37.75294],[-3.27109,37.76142],[-3.26829,37.783],[-3.26901,37.80486],[-3.27527,37.82743],[-3.27558,37.83588],[-3.28158,37.84614],[-3.28103,37.8644],[-3.28812,37.86907],[-3.294,37.87635],[-3.29677,37.88574],[-3.31081,37.89481],[-3.32361,37.90582],[-3.3314,37.90871],[-3.34073,37.90916],[-3.35257,37.91232],[-3.35532,37.91344],[-3.35695,37.9183],[-3.36106,37.91767],[-3.36297,37.91365],[-3.36775,37.91104],[-3.37143,37.91089],[-3.37708,37.91295],[-3.38028,37.91245],[-3.38142,37.91089],[-3.37914,37.907],[-3.38087,37.90565],[-3.38848,37.90737],[-3.39694,37.90446],[-3.40416,37.90798],[-3.4086,37.90625],[-3.40917,37.90626]]]}},{"type":"Feature","properties":{"mun_code":"23010","mun_name":"Bailén","mun_name_local":null,"prov_code":"23","prov_name":"Jaén","acom_code":"01","acom_name":"Andalucía","geo_point_2d":{"lon":-3.778892466471523,"lat":38.09273170706739}},"geometry":{"type":"Polygon","coordinates":[[[-3.86786,38.04432],[-3.85676,38.03959],[-3.84898,38.0409],[-3.84043,38.0397],[-3.82715,38.04001],[-3.82022,38.03429],[-3.81524,38.03265],[-3.8015,38.03326],[-3.79148,38.03152],[-3.7789,38.03502],[-3.76905,38.03561],[-3.76205,38.03772],[-3.75133,38.05626],[-3.74349,38.05709],[-3.74008,38.06222],[-3.73508,38.06413],[-3.72705,38.07402],[-3.71343,38.07711],[-3.71087,38.07914],[-3.71082,38.08159],[-3.71306,38.08352],[-3.71202,38.08763],[-3.71716,38.09212],[-3.71929,38.09829],[-3.71364,38.10692],[-3.71332,38.11198],[-3.70639,38.12826],[-3.71703,38.13782],[-3.74007,38.14773],[-3.75236,38.14903],[-3.75768,38.15113],[-3.79786,38.14696],[-3.81955,38.1538],[-3.83223,38.14465],[-3.82386,38.13341],[-3.8205,38.1235],[-3.81787,38.10785],[-3.81294,38.10361],[-3.81952,38.09025],[-3.81906,38.08088],[-3.82399,38.07081],[-3.84077,38.07015],[-3.84612,38.06857],[-3.861,38.05491],[-3.86274,38.05129],[-3.86643,38.04922],[-3.86755,38.04488],[-3.86786,38.04432]]]}},{"type":"Feature","properties":{"mun_code":"23081","mun_name":"Segura de la Sierra","mun_name_local":null,"prov_code":"23","prov_name":"Jaén","acom_code":"01","acom_name":"Andalucía","geo_point_2d":{"lon":-2.6588517291159417,"lat":38.25290228173745}},"geometry":{"type":"MultiPolygon","coordinates":[[[[-2.62435,37.99137],[-2.62256,37.99052],[-2.61652,37.99413],[-2.61224,38.00201],[-2.61488,38.00744],[-2.62264,38.01015],[-2.62829,38.01377],[-2.63044,38.01832],[-2.62798,38.02869],[-2.6341,38.02942],[-2.63678,38.02761],[-2.63644,38.02101],[-2.63933,38.01551],[-2.63747,38.01155],[-2.63816,38.00566],[-2.63315,37.99929],[-2.6269,37.9943],[-2.62731,37.99238],[-2.62435,37.99137]]],[[[-2.65037,37.97138],[-2.65388,37.97333],[-2.65776,37.97826],[-2.664,37.98068],[-2.65969,37.98496],[-2.65937,37.98641],[-2.66116,37.98748],[-2.65137,37.99593],[-2.65311,38.00652],[-2.64711,38.01368],[-2.64421,38.01939],[-2.64421,38.0233],[-2.6488,38.02222],[-2.65214,38.02316],[-2.65452,38.02142],[-2.66061,38.02075],[-2.66259,38.01941],[-2.66091,38.01683],[-2.66155,38.01365],[-2.67417,37.99651],[-2.67926,37.99129],[-2.68303,37.99012],[-2.68554,37.98763],[-2.68762,37.98159],[-2.68515,37.9787],[-2.68973,37.97381],[-2.68359,37.96806],[-2.67851,37.96517],[-2.67447,37.9649],[-2.67049,37.96136],[-2.66067,37.96595],[-2.6557,37.96626],[-2.65079,37.97105],[-2.65037,37.97138]]],[[[-2.90859,38.37187],[-2.91059,38.36616],[-2.91571,38.36206],[-2.91482,38.35675],[-2.92101,38.358],[-2.92445,38.35172],[-2.93802,38.35212],[-2.9429,38.34765],[-2.93488,38.34361],[-2.93602,38.34176],[-2.94257,38.33952],[-2.94135,38.32638],[-2.94489,38.32231],[-2.94372,38.31888],[-2.93748,38.31243],[-2.93445,38.31363],[-2.93424,38.31655],[-2.92823,38.31975],[-2.92618,38.32281],[-2.92059,38.3224],[-2.9169,38.32569],[-2.91057,38.3272],[-2.90652,38.33045],[-2.90085,38.33161],[-2.89631,38.33097],[-2.89077,38.33768],[-2.88743,38.33543],[-2.88325,38.33525],[-2.88186,38.34009],[-2.87658,38.34084],[-2.87246,38.33997],[-2.87301,38.34352],[-2.868,38.34473],[-2.8657,38.35026],[-2.86924,38.3551],[-2.86824,38.36631],[-2.87027,38.36829],[-2.86755,38.37702],[-2.85931,38.38707],[-2.86275,38.39505],[-2.86649,38.39641],[-2.87068,38.38846],[-2.87524,38.38958],[-2.87774,38.38592],[-2.88273,38.3855],[-2.88433,38.38166],[-2.89629,38.37771],[-2.90016,38.37218],[-2.90804,38.37215],[-2.90859,38.37187]]],[[[-2.7505,38.30032],[-2.75348,38.30017],[-2.75508,38.29823],[-2.75794,38.28834],[-2.75571,38.2847],[-2.75265,38.28364],[-2.75073,38.27453],[-2.7567,38.27443],[-2.76176,38.27042],[-2.76368,38.26227],[-2.76156,38.25879],[-2.76286,38.24659],[-2.76708,38.24194],[-2.76456,38.23871],[-2.7609,38.23743],[-2.7557,38.23988],[-2.75183,38.23946],[-2.74936,38.23736],[-2.74426,38.23602],[-2.74257,38.23797],[-2.71465,38.24499],[-2.7131,38.24337],[-2.69717,38.24289],[-2.68892,38.24046],[-2.682,38.23427],[-2.67203,38.23176],[-2.66782,38.233],[-2.65983,38.24115],[-2.65542,38.24174],[-2.65306,38.23865],[-2.65385,38.2316],[-2.6511,38.22836],[-2.65244,38.22085],[-2.65128,38.21844],[-2.6533,38.21644],[-2.65071,38.2119],[-2.65196,38.20777],[-2.65112,38.20448],[-2.64064,38.19562],[-2.6353,38.19446],[-2.63455,38.18265],[-2.6297,38.17426],[-2.63276,38.16923],[-2.6324,38.16642],[-2.62549,38.15995],[-2.61916,38.15757],[-2.61951,38.16067],[-2.60835,38.16895],[-2.60634,38.17267],[-2.60903,38.17427],[-2.60835,38.17635],[-2.61148,38.17983],[-2.60833,38.18446],[-2.60829,38.1902],[-2.61093,38.19164],[-2.61364,38.19602],[-2.61747,38.19684],[-2.61966,38.20232],[-2.61627,38.21012],[-2.6176,38.22047],[-2.61434,38.22748],[-2.6084,38.22632],[-2.60662,38.22467],[-2.59843,38.22787],[-2.58284,38.22976],[-2.57946,38.23557],[-2.57815,38.23431],[-2.56902,38.23741],[-2.56415,38.2457],[-2.56096,38.24419],[-2.55939,38.24501],[-2.55181,38.25729],[-2.54753,38.25824],[-2.54665,38.2612],[-2.54158,38.26245],[-2.5443,38.26978],[-2.54793,38.26985],[-2.55431,38.27406],[-2.5559,38.27329],[-2.5603,38.2744],[-2.56222,38.27016],[-2.55833,38.26667],[-2.56602,38.26019],[-2.57048,38.2583],[-2.57829,38.25091],[-2.58041,38.24676],[-2.58333,38.24656],[-2.58633,38.25221],[-2.59412,38.24838],[-2.59761,38.24982],[-2.60036,38.25293],[-2.5952,38.25842],[-2.59459,38.26471],[-2.60327,38.26152],[-2.60843,38.26161],[-2.6096,38.27218],[-2.60796,38.27796],[-2.61026,38.2811],[-2.60758,38.28552],[-2.61106,38.28909],[-2.6101,38.29367],[-2.61352,38.29533],[-2.61008,38.29911],[-2.61409,38.30432],[-2.63609,38.31615],[-2.65271,38.30964],[-2.66221,38.30764],[-2.68664,38.30651],[-2.6908,38.30488],[-2.70487,38.30321],[-2.71712,38.30473],[-2.72779,38.30819],[-2.74993,38.30024],[-2.7505,38.30032]]],[[[-2.4845,38.31555],[-2.49463,38.30709],[-2.50285,38.31],[-2.509,38.3095],[-2.5141,38.31122],[-2.51642,38.31044],[-2.52001,38.30698],[-2.52269,38.30629],[-2.52888,38.29521],[-2.53662,38.28887],[-2.53902,38.28773],[-2.54207,38.2896],[-2.54133,38.28591],[-2.53269,38.2805],[-2.5301,38.27562],[-2.51877,38.27596],[-2.51137,38.27817],[-2.50909,38.27737],[-2.5006,38.26454],[-2.49699,38.26189],[-2.49193,38.26097],[-2.49495,38.24359],[-2.4908,38.2436],[-2.48292,38.24901],[-2.47816,38.24783],[-2.47062,38.23982],[-2.45954,38.23535],[-2.45587,38.22889],[-2.45684,38.22167],[-2.45443,38.21829],[-2.44997,38.22067],[-2.44323,38.23148],[-2.44051,38.23269],[-2.44303,38.23545],[-2.44219,38.24239],[-2.44373,38.2445],[-2.44655,38.24477],[-2.44406,38.24538],[-2.44249,38.24791],[-2.44479,38.25003],[-2.43929,38.25871],[-2.44038,38.26035],[-2.43662,38.25957],[-2.43553,38.26053],[-2.43714,38.26245],[-2.43499,38.26471],[-2.43663,38.26899],[-2.43549,38.27235],[-2.44019,38.27422],[-2.44187,38.28482],[-2.44877,38.28811],[-2.48131,38.29494],[-2.4854,38.30148],[-2.4852,38.30417],[-2.4845,38.31555]]]]}},{"type":"Feature","properties":{"mun_code":"23077","mun_name":"Santiago de Calatrava","mun_name_local":null,"prov_code":"23","prov_name":"Jaén","acom_code":"01","acom_name":"Andalucía","geo_point_2d":{"lon":-4.190103587564295,"lat":37.74003260490766}},"geometry":{"type":"Polygon","coordinates":[[[-4.23665,37.73858],[-4.23838,37.73392],[-4.23727,37.73217],[-4.24032,37.72636],[-4.23822,37.71946],[-4.22545,37.71793],[-4.19974,37.70823],[-4.19411,37.7089],[-4.18835,37.70549],[-4.16847,37.71152],[-4.1547,37.72253],[-4.1468,37.72709],[-4.14203,37.7421],[-4.13878,37.74408],[-4.13603,37.75032],[-4.14512,37.74985],[-4.14661,37.75759],[-4.15359,37.76296],[-4.15406,37.76735],[-4.16477,37.76852],[-4.17441,37.76765],[-4.17843,37.76896],[-4.18143,37.76743],[-4.18718,37.76713],[-4.19371,37.76955],[-4.19449,37.77298],[-4.20027,37.77431],[-4.2048,37.77813],[-4.20821,37.77655],[-4.20714,37.77019],[-4.21874,37.76718],[-4.21866,37.76429],[-4.22556,37.762],[-4.23627,37.73911],[-4.23665,37.73858]]]}},{"type":"Feature","properties":{"mun_code":"23026","mun_name":"Castillo de Locubín","mun_name_local":null,"prov_code":"23","prov_name":"Jaén","acom_code":"01","acom_name":"Andalucía","geo_point_2d":{"lon":-3.9483466283135713,"lat":37.54840525937797}},"geometry":{"type":"Polygon","coordinates":[[[-4.0159,37.51565],[-4.00273,37.50296],[-3.98268,37.49561],[-3.9811,37.49256],[-3.97886,37.49346],[-3.97754,37.4922],[-3.97354,37.4922],[-3.97184,37.49703],[-3.96743,37.49606],[-3.93739,37.51509],[-3.92851,37.51649],[-3.92365,37.51452],[-3.92145,37.51582],[-3.91801,37.51535],[-3.91462,37.5183],[-3.9112,37.51731],[-3.90846,37.5182],[-3.90821,37.52156],[-3.90382,37.52301],[-3.90489,37.52567],[-3.9024,37.52542],[-3.89703,37.53211],[-3.88516,37.53856],[-3.8799,37.53854],[-3.87616,37.53524],[-3.86025,37.5358],[-3.85664,37.53891],[-3.85512,37.54272],[-3.85524,37.54866],[-3.85769,37.55433],[-3.86202,37.55782],[-3.87377,37.55938],[-3.87908,37.56917],[-3.87886,37.57705],[-3.88359,37.57616],[-3.89852,37.57895],[-3.90307,37.58094],[-3.91333,37.58122],[-3.91755,37.58491],[-3.92965,37.59077],[-3.93945,37.58806],[-3.95316,37.59345],[-3.96669,37.59376],[-3.97552,37.59705],[-3.98959,37.59878],[-4.00081,37.58965],[-4.00405,37.58445],[-4.00237,37.56835],[-4.00653,37.5591],[-4.00815,37.54721],[-4.01017,37.54462],[-4.00894,37.53537],[-4.01236,37.53064],[-4.01452,37.52328],[-4.0159,37.51565]]]}},{"type":"Feature","properties":{"mun_code":"23094","mun_name":"Vilches","mun_name_local":null,"prov_code":"23","prov_name":"Jaén","acom_code":"01","acom_name":"Andalucía","geo_point_2d":{"lon":-3.4793340678682654,"lat":38.22472759975787}},"geometry":{"type":"Polygon","coordinates":[[[-3.57806,38.15476],[-3.57986,38.15192],[-3.57429,38.1492],[-3.5735,38.14585],[-3.56858,38.14458],[-3.56186,38.14659],[-3.55858,38.14298],[-3.55173,38.14118],[-3.54609,38.14392],[-3.54144,38.14235],[-3.52695,38.13049],[-3.51744,38.11839],[-3.51934,38.11367],[-3.52303,38.11075],[-3.53598,38.10503],[-3.54102,38.10068],[-3.54673,38.09968],[-3.54943,38.09686],[-3.54568,38.09139],[-3.53959,38.08697],[-3.53465,38.08548],[-3.52926,38.08626],[-3.5239,38.0959],[-3.52014,38.09724],[-3.51587,38.09545],[-3.5112,38.08934],[-3.50376,38.08688],[-3.50112,38.08745],[-3.49906,38.09299],[-3.49327,38.09113],[-3.48323,38.09196],[-3.47955,38.09706],[-3.47121,38.09784],[-3.45832,38.10673],[-3.45831,38.11121],[-3.45429,38.11434],[-3.45236,38.11359],[-3.44992,38.11521],[-3.44015,38.12718],[-3.42285,38.12335],[-3.4193,38.11824],[-3.41608,38.11981],[-3.41423,38.11936],[-3.40952,38.12236],[-3.40315,38.13215],[-3.39835,38.14871],[-3.41665,38.14432],[-3.42225,38.14902],[-3.43511,38.15579],[-3.43685,38.15881],[-3.44472,38.16534],[-3.44879,38.16664],[-3.45153,38.1721],[-3.46031,38.17787],[-3.4638,38.17686],[-3.46505,38.18182],[-3.47065,38.18684],[-3.46662,38.1918],[-3.46509,38.19944],[-3.46159,38.20242],[-3.44801,38.20874],[-3.44201,38.21789],[-3.44389,38.22419],[-3.43764,38.22723],[-3.43473,38.23724],[-3.42679,38.25017],[-3.4282,38.2551],[-3.43206,38.25842],[-3.4317,38.26002],[-3.42786,38.2615],[-3.41307,38.27341],[-3.41371,38.2758],[-3.41044,38.28014],[-3.40089,38.28388],[-3.40185,38.28939],[-3.3986,38.29211],[-3.39831,38.29483],[-3.39613,38.29526],[-3.39737,38.29997],[-3.39547,38.30203],[-3.39153,38.30317],[-3.39273,38.30565],[-3.39414,38.30452],[-3.39488,38.30532],[-3.39275,38.30705],[-3.39173,38.30539],[-3.3891,38.3065],[-3.38679,38.30871],[-3.3877,38.31025],[-3.38456,38.31048],[-3.38762,38.31264],[-3.38703,38.31462],[-3.3899,38.31873],[-3.39013,38.32403],[-3.38697,38.33298],[-3.39336,38.33651],[-3.39816,38.34187],[-3.39752,38.34549],[-3.39215,38.34621],[-3.3906,38.34768],[-3.39045,38.35157],[-3.39449,38.35401],[-3.4033,38.3569],[-3.41744,38.35538],[-3.42599,38.35748],[-3.4294,38.36193],[-3.43635,38.36448],[-3.43992,38.36759],[-3.45148,38.36933],[-3.46963,38.36635],[-3.47464,38.36693],[-3.48453,38.36252],[-3.49255,38.35622],[-3.4963,38.34871],[-3.49328,38.34474],[-3.49293,38.34081],[-3.49046,38.33889],[-3.49966,38.33429],[-3.49972,38.32622],[-3.49684,38.32392],[-3.49122,38.32605],[-3.48723,38.3231],[-3.48098,38.32163],[-3.48512,38.31701],[-3.4761,38.31231],[-3.47606,38.30605],[-3.48306,38.30147],[-3.48332,38.29973],[-3.48211,38.29644],[-3.47748,38.29471],[-3.47671,38.29258],[-3.47977,38.29103],[-3.48422,38.29363],[-3.48694,38.2933],[-3.48055,38.28629],[-3.48191,38.28299],[-3.48529,38.28195],[-3.49873,38.28198],[-3.51025,38.27783],[-3.51096,38.2765],[-3.50658,38.27246],[-3.50975,38.26926],[-3.51587,38.26807],[-3.53004,38.27014],[-3.531,38.26811],[-3.52719,38.26275],[-3.53011,38.26008],[-3.5362,38.25826],[-3.53412,38.25033],[-3.53752,38.24797],[-3.54298,38.24682],[-3.55115,38.23506],[-3.55264,38.21504],[-3.55698,38.20928],[-3.55751,38.20631],[-3.56085,38.20394],[-3.56996,38.20288],[-3.569,38.20093],[-3.57344,38.19625],[-3.57554,38.19012],[-3.57188,38.18667],[-3.57463,38.18532],[-3.57459,38.18398],[-3.56352,38.16819],[-3.56605,38.16532],[-3.5669,38.1585],[-3.56995,38.15374],[-3.57123,38.15368],[-3.57183,38.15776],[-3.57762,38.15514],[-3.57806,38.15476]]]}},{"type":"Feature","properties":{"mun_code":"23052","mun_name":"Jimena","mun_name_local":null,"prov_code":"23","prov_name":"Jaén","acom_code":"01","acom_name":"Andalucía","geo_point_2d":{"lon":-3.5165254604387766,"lat":37.83971810398308}},"geometry":{"type":"Polygon","coordinates":[[[-3.5804,37.80648],[-3.5762,37.8086],[-3.56584,37.80905],[-3.55541,37.81915],[-3.54859,37.8222],[-3.53463,37.83508],[-3.52764,37.83813],[-3.52452,37.83811],[-3.51646,37.84251],[-3.51476,37.84157],[-3.51471,37.83343],[-3.51052,37.8285],[-3.50222,37.82321],[-3.5021,37.82141],[-3.49714,37.81715],[-3.49409,37.81685],[-3.48745,37.81238],[-3.48388,37.80528],[-3.47482,37.80688],[-3.47408,37.8091],[-3.45983,37.81775],[-3.45823,37.82435],[-3.45468,37.82664],[-3.45407,37.83071],[-3.45675,37.83647],[-3.45594,37.83887],[-3.45068,37.8431],[-3.45303,37.84862],[-3.45779,37.85167],[-3.47173,37.85378],[-3.48409,37.85799],[-3.49766,37.8641],[-3.50199,37.86736],[-3.51081,37.8685],[-3.51304,37.86575],[-3.51938,37.86219],[-3.52889,37.86603],[-3.5452,37.86248],[-3.56046,37.86279],[-3.56538,37.86081],[-3.57393,37.85965],[-3.5802,37.85326],[-3.57533,37.84729],[-3.57557,37.84203],[-3.57758,37.83942],[-3.57681,37.83594],[-3.57065,37.82911],[-3.57135,37.82616],[-3.57776,37.82082],[-3.58165,37.81366],[-3.5808,37.80844],[-3.5804,37.80648]]]}},{"type":"Feature","properties":{"mun_code":"23098","mun_name":"Villardompardo","mun_name_local":null,"prov_code":"23","prov_name":"Jaén","acom_code":"01","acom_name":"Andalucía","geo_point_2d":{"lon":-3.999783195444466,"lat":37.84324320696572}},"geometry":{"type":"Polygon","coordinates":[[[-4.03455,37.85652],[-4.01085,37.83169],[-3.98864,37.81742],[-3.98521,37.81333],[-3.98007,37.815],[-3.97335,37.81941],[-3.97193,37.82402],[-3.97419,37.83483],[-3.98011,37.84518],[-3.99253,37.85586],[-3.99232,37.85972],[-3.99783,37.86735],[-3.99825,37.87133],[-4.00938,37.86878],[-4.0207,37.8628],[-4.02771,37.86086],[-4.03189,37.85719],[-4.03435,37.8567],[-4.03455,37.85652]]]}},{"type":"Feature","properties":{"mun_code":"23048","mun_name":"Iznatoraf","mun_name_local":null,"prov_code":"23","prov_name":"Jaén","acom_code":"01","acom_name":"Andalucía","geo_point_2d":{"lon":-2.987415714754974,"lat":38.131009190990405}},"geometry":{"type":"MultiPolygon","coordinates":[[[[-2.83665,38.1182],[-2.88566,38.13322],[-2.89197,38.14039],[-2.89897,38.14375],[-2.8998,38.14713],[-2.90186,38.14738],[-2.90389,38.15004],[-2.90676,38.14817],[-2.90917,38.14897],[-2.91014,38.14441],[-2.91374,38.14103],[-2.92543,38.14387],[-2.92934,38.14079],[-2.91675,38.13741],[-2.95049,38.13929],[-2.95597,38.14123],[-2.96695,38.13813],[-2.97045,38.13929],[-2.96778,38.13517],[-2.97398,38.12267],[-2.96573,38.11819],[-2.95205,38.11339],[-2.95285,38.10731],[-2.94952,38.10447],[-2.94449,38.10444],[-2.94112,38.10226],[-2.93886,38.10286],[-2.93804,38.10144],[-2.92911,38.09915],[-2.92863,38.09548],[-2.9214,38.0958],[-2.9141,38.10188],[-2.90301,38.10513],[-2.89278,38.1012],[-2.87154,38.1035],[-2.86481,38.10141],[-2.85496,38.10209],[-2.84587,38.10046],[-2.84082,38.10475],[-2.83669,38.11802],[-2.83665,38.1182]]],[[[-3.13794,38.17309],[-3.14206,38.16778],[-3.14112,38.16582],[-3.13334,38.16086],[-3.12197,38.15793],[-3.11817,38.15447],[-3.11486,38.15449],[-3.11302,38.15117],[-3.11487,38.14796],[-3.10936,38.13722],[-3.10674,38.13709],[-3.10347,38.13924],[-3.10418,38.1427],[-3.09893,38.14508],[-3.08581,38.14298],[-3.07691,38.1397],[-3.07024,38.13955],[-3.06876,38.13755],[-3.06433,38.13779],[-3.06219,38.13235],[-3.05876,38.12862],[-3.06268,38.12657],[-3.05963,38.12322],[-3.06061,38.12176],[-3.05761,38.11297],[-3.05565,38.11161],[-3.05057,38.11146],[-3.04095,38.10866],[-3.04123,38.09904],[-3.04338,38.09085],[-3.04222,38.08489],[-3.03192,38.07796],[-3.0265,38.08408],[-3.02402,38.09488],[-3.01957,38.09682],[-3.01276,38.09628],[-3.00342,38.09876],[-3.00328,38.10411],[-3.0081,38.10534],[-3.01442,38.10056],[-3.01768,38.10301],[-3.01541,38.10736],[-3.01589,38.10951],[-3.02375,38.11275],[-3.02601,38.11183],[-3.02664,38.11276],[-3.02652,38.12025],[-3.02255,38.13251],[-3.01377,38.14128],[-3.01276,38.14681],[-3.01294,38.15689],[-3.02465,38.16605],[-3.02554,38.16717],[-3.02414,38.17034],[-3.02856,38.17204],[-3.03618,38.16887],[-3.03971,38.16953],[-3.04315,38.16704],[-3.04502,38.16928],[-3.05075,38.16961],[-3.05729,38.17278],[-3.06032,38.17212],[-3.06755,38.17481],[-3.072,38.17243],[-3.0758,38.17484],[-3.0753,38.17319],[-3.07837,38.1721],[-3.07437,38.1679],[-3.07047,38.16659],[-3.06509,38.15788],[-3.06203,38.15593],[-3.07031,38.15538],[-3.08048,38.15695],[-3.08603,38.15591],[-3.09167,38.15691],[-3.10069,38.16163],[-3.10221,38.17003],[-3.098,38.1717],[-3.10054,38.17279],[-3.09919,38.17492],[-3.10295,38.17424],[-3.10359,38.17244],[-3.10553,38.17489],[-3.11015,38.17349],[-3.11376,38.17069],[-3.11487,38.17215],[-3.11701,38.17095],[-3.12095,38.17265],[-3.12572,38.16985],[-3.12927,38.17136],[-3.1285,38.17437],[-3.13042,38.17562],[-3.13493,38.17551],[-3.13767,38.17401],[-3.13794,38.17309]]]]}},{"type":"Feature","properties":{"mun_code":"23074","mun_name":"Rus","mun_name_local":null,"prov_code":"23","prov_name":"Jaén","acom_code":"01","acom_name":"Andalucía","geo_point_2d":{"lon":-3.4540768278588274,"lat":38.077756447457794}},"geometry":{"type":"Polygon","coordinates":[[[-3.50369,38.07348],[-3.4988,38.07272],[-3.49447,38.07434],[-3.49097,38.07405],[-3.48319,38.06499],[-3.48041,38.06492],[-3.47621,38.05836],[-3.47844,38.05418],[-3.47529,38.05212],[-3.4781,38.04686],[-3.47591,38.04524],[-3.47375,38.0387],[-3.47629,38.03793],[-3.47925,38.03898],[-3.48207,38.03731],[-3.48811,38.041],[-3.49207,38.03949],[-3.48926,38.03361],[-3.48579,38.03228],[-3.48396,38.03342],[-3.47646,38.03302],[-3.47366,38.03059],[-3.45854,38.03157],[-3.45549,38.03351],[-3.44685,38.03471],[-3.4444,38.03796],[-3.43114,38.04374],[-3.42677,38.05217],[-3.41908,38.05355],[-3.41972,38.05736],[-3.43284,38.07015],[-3.43278,38.08655],[-3.41872,38.10487],[-3.40233,38.1139],[-3.40838,38.11991],[-3.41211,38.12073],[-3.4193,38.11824],[-3.42285,38.12335],[-3.44015,38.12718],[-3.44992,38.11521],[-3.45236,38.11359],[-3.45429,38.11434],[-3.45831,38.11121],[-3.45832,38.10673],[-3.46999,38.0985],[-3.47955,38.09706],[-3.48415,38.09171],[-3.49432,38.0912],[-3.49906,38.09299],[-3.50055,38.0883],[-3.50294,38.08698],[-3.50509,38.07819],[-3.50369,38.07348]]]}},{"type":"Feature","properties":{"mun_code":"23082","mun_name":"Siles","mun_name_local":null,"prov_code":"23","prov_name":"Jaén","acom_code":"01","acom_name":"Andalucía","geo_point_2d":{"lon":-2.575693094882832,"lat":38.381067725602826}},"geometry":{"type":"MultiPolygon","coordinates":[[[[-2.60661,38.44375],[-2.60951,38.43844],[-2.60852,38.43491],[-2.61107,38.43226],[-2.62563,38.42558],[-2.62829,38.4226],[-2.64362,38.4172],[-2.65721,38.38996],[-2.65463,38.38777],[-2.64984,38.38784],[-2.64607,38.3913],[-2.64508,38.39067],[-2.63807,38.38413],[-2.6375,38.37866],[-2.63921,38.37603],[-2.63821,38.3742],[-2.62692,38.37037],[-2.62744,38.36222],[-2.62357,38.35975],[-2.61729,38.35845],[-2.61404,38.35176],[-2.60564,38.34474],[-2.60141,38.34325],[-2.5958,38.3434],[-2.5967,38.33796],[-2.59982,38.3339],[-2.59186,38.33028],[-2.59048,38.31813],[-2.58664,38.31794],[-2.58321,38.31489],[-2.57354,38.3124],[-2.57325,38.30866],[-2.56935,38.30335],[-2.57248,38.29904],[-2.56853,38.29368],[-2.56254,38.2914],[-2.56117,38.28816],[-2.56235,38.28514],[-2.55792,38.2788],[-2.5556,38.27768],[-2.54696,38.27919],[-2.54138,38.28421],[-2.54246,38.28931],[-2.53902,38.28773],[-2.53662,38.28887],[-2.52888,38.29521],[-2.52269,38.30629],[-2.52001,38.30698],[-2.51642,38.31044],[-2.5141,38.31122],[-2.509,38.3095],[-2.50285,38.31],[-2.49463,38.30709],[-2.4845,38.31555],[-2.48478,38.31964],[-2.4802,38.32834],[-2.4803,38.34894],[-2.48733,38.35367],[-2.49305,38.36327],[-2.49174,38.36546],[-2.49355,38.37117],[-2.49015,38.3802],[-2.48215,38.39285],[-2.48353,38.39364],[-2.48237,38.39537],[-2.48374,38.39799],[-2.49073,38.39706],[-2.49056,38.39886],[-2.49531,38.4003],[-2.49916,38.39936],[-2.50651,38.40063],[-2.51598,38.40021],[-2.51973,38.40362],[-2.53112,38.40454],[-2.5351,38.40608],[-2.54547,38.4055],[-2.55021,38.40296],[-2.5552,38.40408],[-2.55852,38.40633],[-2.55818,38.40904],[-2.56065,38.41169],[-2.57251,38.4146],[-2.57702,38.42241],[-2.57743,38.42838],[-2.57517,38.43076],[-2.5774,38.43459],[-2.56951,38.44122],[-2.57143,38.44728],[-2.56732,38.45288],[-2.56769,38.46101],[-2.57413,38.46903],[-2.57743,38.47602],[-2.57577,38.48337],[-2.57327,38.48525],[-2.57362,38.48795],[-2.5666,38.4907],[-2.5797,38.50309],[-2.58518,38.50338],[-2.58604,38.5055],[-2.59225,38.51001],[-2.6027,38.51332],[-2.59381,38.50175],[-2.5909,38.49573],[-2.59041,38.49025],[-2.58685,38.48403],[-2.59581,38.47835],[-2.60008,38.4703],[-2.59332,38.45765],[-2.59632,38.45184],[-2.60052,38.44944],[-2.60462,38.44468],[-2.60661,38.44375]]],[[[-2.781,38.50871],[-2.78326,38.5104],[-2.78372,38.5137],[-2.78813,38.5148],[-2.78578,38.51188],[-2.78633,38.51049],[-2.79376,38.50805],[-2.7915,38.50279],[-2.79597,38.50127],[-2.80061,38.50428],[-2.80067,38.49943],[-2.80351,38.50293],[-2.80608,38.50309],[-2.80809,38.50069],[-2.80823,38.49747],[-2.80275,38.4917],[-2.80111,38.48605],[-2.78695,38.47237],[-2.77951,38.47614],[-2.77095,38.47679],[-2.77002,38.47848],[-2.76472,38.4724],[-2.76269,38.47301],[-2.76837,38.49682],[-2.77802,38.50745],[-2.781,38.50871]]]]}},{"type":"Feature","properties":{"mun_code":"23090","mun_name":"Torres","mun_name_local":null,"prov_code":"23","prov_name":"Jaén","acom_code":"01","acom_name":"Andalucía","geo_point_2d":{"lon":-3.529811312593131,"lat":37.78192902692562}},"geometry":{"type":"Polygon","coordinates":[[[-3.5804,37.80648],[-3.58561,37.8014],[-3.59055,37.78978],[-3.59192,37.78582],[-3.59038,37.78382],[-3.59095,37.77779],[-3.5864,37.77429],[-3.58573,37.76999],[-3.58325,37.76781],[-3.57811,37.76723],[-3.5748,37.76054],[-3.56853,37.75428],[-3.56541,37.75292],[-3.56385,37.74944],[-3.56013,37.7473],[-3.55792,37.74733],[-3.55105,37.74242],[-3.54208,37.73859],[-3.53371,37.73754],[-3.52599,37.73415],[-3.52068,37.73624],[-3.51032,37.73461],[-3.49956,37.73605],[-3.49769,37.73525],[-3.49273,37.73908],[-3.48228,37.74107],[-3.47191,37.74685],[-3.47301,37.75217],[-3.47734,37.75954],[-3.47697,37.76462],[-3.48636,37.77917],[-3.48566,37.782],[-3.48836,37.78905],[-3.49356,37.79249],[-3.48747,37.80228],[-3.48351,37.80497],[-3.48745,37.81238],[-3.49409,37.81685],[-3.49792,37.81774],[-3.5021,37.82141],[-3.50222,37.82321],[-3.50934,37.82748],[-3.5143,37.8329],[-3.51523,37.84235],[-3.53463,37.83508],[-3.54859,37.8222],[-3.55541,37.81915],[-3.56584,37.80905],[-3.5762,37.8086],[-3.57978,37.80689],[-3.5804,37.80648]]]}},{"type":"Feature","properties":{"mun_code":"23011","mun_name":"Baños de la Encina","mun_name_local":null,"prov_code":"23","prov_name":"Jaén","acom_code":"01","acom_name":"Andalucía","geo_point_2d":{"lon":-3.769869833259071,"lat":38.2850083119972}},"geometry":{"type":"Polygon","coordinates":[[[-3.85996,38.37279],[-3.86622,38.36087],[-3.85738,38.34338],[-3.86009,38.34138],[-3.86164,38.33591],[-3.85699,38.33174],[-3.85628,38.32798],[-3.84651,38.32183],[-3.84514,38.3183],[-3.8402,38.31352],[-3.83751,38.30553],[-3.83777,38.29817],[-3.82904,38.29071],[-3.82948,38.28719],[-3.82608,38.28182],[-3.82537,38.2732],[-3.82112,38.26619],[-3.82756,38.26121],[-3.82718,38.25539],[-3.82899,38.25225],[-3.833,38.25013],[-3.84218,38.22779],[-3.85427,38.21751],[-3.85626,38.21409],[-3.86713,38.20765],[-3.85841,38.19598],[-3.85943,38.1858],[-3.8545,38.17956],[-3.85479,38.17261],[-3.85183,38.16676],[-3.84678,38.16388],[-3.84439,38.16057],[-3.83835,38.15824],[-3.83895,38.15554],[-3.83717,38.15391],[-3.83725,38.15135],[-3.83217,38.14531],[-3.81955,38.1538],[-3.79786,38.14696],[-3.75768,38.15113],[-3.75236,38.14903],[-3.74451,38.14873],[-3.73579,38.14655],[-3.73027,38.14961],[-3.71702,38.1616],[-3.7062,38.1773],[-3.69554,38.18631],[-3.70558,38.19461],[-3.68212,38.21257],[-3.68467,38.21686],[-3.68535,38.22203],[-3.68956,38.22588],[-3.69064,38.22945],[-3.70691,38.23079],[-3.70486,38.2381],[-3.69379,38.23759],[-3.69578,38.24719],[-3.6931,38.25045],[-3.69528,38.25264],[-3.68901,38.25907],[-3.69038,38.26109],[-3.69409,38.26038],[-3.69226,38.26412],[-3.6887,38.2677],[-3.67991,38.26948],[-3.67891,38.27508],[-3.67481,38.27471],[-3.67186,38.27588],[-3.67862,38.28211],[-3.68398,38.30496],[-3.69009,38.31995],[-3.6874,38.33355],[-3.68843,38.34097],[-3.68725,38.34837],[-3.67967,38.35483],[-3.69624,38.36077],[-3.70161,38.36484],[-3.70703,38.36359],[-3.72621,38.36864],[-3.73061,38.37518],[-3.72329,38.38612],[-3.71638,38.39037],[-3.70714,38.39161],[-3.69904,38.39565],[-3.69477,38.40251],[-3.68401,38.40242],[-3.68129,38.39941],[-3.67819,38.39904],[-3.6734,38.40035],[-3.66969,38.39895],[-3.66017,38.39933],[-3.65739,38.40183],[-3.65464,38.40171],[-3.65433,38.40366],[-3.65166,38.40501],[-3.69928,38.41288],[-3.73001,38.42437],[-3.73906,38.41376],[-3.76491,38.42436],[-3.78561,38.42527],[-3.80118,38.41995],[-3.80786,38.42182],[-3.8113,38.41987],[-3.81637,38.41923],[-3.81868,38.41539],[-3.82429,38.4163],[-3.82864,38.41426],[-3.83233,38.40013],[-3.8306,38.39375],[-3.83766,38.38633],[-3.8436,38.38397],[-3.85674,38.37428],[-3.85996,38.37279]]]}},{"type":"Feature","properties":{"mun_code":"23006","mun_name":"Arjona","mun_name_local":null,"prov_code":"23","prov_name":"Jaén","acom_code":"01","acom_name":"Andalucía","geo_point_2d":{"lon":-4.078320778932918,"lat":37.926460881524214}},"geometry":{"type":"Polygon","coordinates":[[[-4.20627,37.98997],[-4.20427,37.98514],[-4.19739,37.98102],[-4.19548,37.97826],[-4.19819,37.96587],[-4.19234,37.96321],[-4.18888,37.95808],[-4.1818,37.9539],[-4.18329,37.95157],[-4.18043,37.95081],[-4.17956,37.94012],[-4.18237,37.93109],[-4.17896,37.92765],[-4.1726,37.92715],[-4.16897,37.9248],[-4.1622,37.92398],[-4.15803,37.9214],[-4.15648,37.91846],[-4.15874,37.9161],[-4.12566,37.90343],[-4.12202,37.89623],[-4.12029,37.88693],[-4.11309,37.88466],[-4.10911,37.88528],[-4.10929,37.87165],[-4.10631,37.86306],[-4.1102,37.85883],[-4.10534,37.85623],[-4.09311,37.85589],[-4.09014,37.85752],[-4.07918,37.85766],[-4.07001,37.8603],[-4.06102,37.85832],[-4.04695,37.85787],[-4.04728,37.86249],[-4.05328,37.86731],[-4.0561,37.87525],[-4.06364,37.87852],[-4.05902,37.88416],[-4.04966,37.88709],[-4.0434,37.88643],[-4.04109,37.89249],[-4.03781,37.89417],[-4.01572,37.88913],[-4.01651,37.88484],[-4.01079,37.88113],[-4.0002,37.87851],[-3.99772,37.88421],[-3.99523,37.88447],[-3.98995,37.88909],[-3.98043,37.89444],[-3.97764,37.89452],[-3.97816,37.89653],[-3.97532,37.89781],[-3.97538,37.9026],[-3.97183,37.90297],[-3.97214,37.90502],[-3.97009,37.90659],[-3.96714,37.90655],[-3.96823,37.90927],[-3.96469,37.91079],[-3.96237,37.91005],[-3.96288,37.91271],[-3.96427,37.91175],[-3.96556,37.91242],[-3.96151,37.91485],[-3.9631,37.91527],[-3.96156,37.92218],[-3.96427,37.92459],[-3.96609,37.92446],[-3.96743,37.9286],[-3.97402,37.92832],[-3.97828,37.93016],[-3.98032,37.92946],[-3.98343,37.93766],[-3.98659,37.93955],[-3.9925,37.93949],[-3.9949,37.93706],[-3.99963,37.93813],[-4.00666,37.93737],[-4.00953,37.94293],[-4.01339,37.94378],[-4.0137,37.94581],[-4.01794,37.94736],[-4.01919,37.95045],[-4.02286,37.95178],[-4.02867,37.95692],[-4.0288,37.95918],[-4.03249,37.96021],[-4.03197,37.96264],[-4.03448,37.96368],[-4.03679,37.96727],[-4.03986,37.96657],[-4.04203,37.97554],[-4.04429,37.9762],[-4.04607,37.98149],[-4.05241,37.98362],[-4.05078,37.9847],[-4.05184,37.98834],[-4.05528,37.98997],[-4.05532,37.99477],[-4.05831,37.99661],[-4.05875,37.99862],[-4.06051,37.99781],[-4.06624,38.00013],[-4.0858,37.9792],[-4.09381,37.97411],[-4.09997,37.96421],[-4.10684,37.9567],[-4.10711,37.95433],[-4.11317,37.94886],[-4.12727,37.94348],[-4.14456,37.94895],[-4.14518,37.95633],[-4.1526,37.9653],[-4.15539,37.96634],[-4.1641,37.97695],[-4.16582,37.98113],[-4.1726,37.98731],[-4.17535,37.98563],[-4.17979,37.98834],[-4.18765,37.99034],[-4.19126,37.98956],[-4.20164,37.99182],[-4.20578,37.99032],[-4.20627,37.98997]]]}},{"type":"Feature","properties":{"mun_code":"23001","mun_name":"Albanchez de Mágina","mun_name_local":null,"prov_code":"23","prov_name":"Jaén","acom_code":"01","acom_name":"Andalucía","geo_point_2d":{"lon":-3.4579352958231784,"lat":37.77505036189194}},"geometry":{"type":"Polygon","coordinates":[[[-3.48351,37.80497],[-3.48747,37.80228],[-3.49356,37.79249],[-3.48836,37.78905],[-3.48566,37.782],[-3.48636,37.77917],[-3.47791,37.76687],[-3.47734,37.75954],[-3.47222,37.74966],[-3.47191,37.74685],[-3.4798,37.74275],[-3.47441,37.7344],[-3.47284,37.72471],[-3.46497,37.72617],[-3.4563,37.73238],[-3.45402,37.73105],[-3.44579,37.73055],[-3.43981,37.73249],[-3.43902,37.7432],[-3.4321,37.75338],[-3.43102,37.75765],[-3.43066,37.76869],[-3.43396,37.77537],[-3.43182,37.77977],[-3.4333,37.78284],[-3.43367,37.79965],[-3.4377,37.80613],[-3.43945,37.81235],[-3.44644,37.82051],[-3.45861,37.82268],[-3.45983,37.81775],[-3.47408,37.8091],[-3.47429,37.80718],[-3.48306,37.80524],[-3.48351,37.80497]]]}},{"type":"Feature","properties":{"mun_code":"23016","mun_name":"Benatae","mun_name_local":null,"prov_code":"23","prov_name":"Jaén","acom_code":"01","acom_name":"Andalucía","geo_point_2d":{"lon":-2.656265707228537,"lat":38.35301573739168}},"geometry":{"type":"MultiPolygon","coordinates":[[[[-2.54207,38.2896],[-2.54138,38.28421],[-2.54442,38.28065],[-2.55505,38.2777],[-2.55792,38.2788],[-2.56235,38.28514],[-2.56117,38.28816],[-2.56254,38.2914],[-2.56853,38.29368],[-2.57248,38.29904],[-2.56935,38.30335],[-2.57325,38.30866],[-2.57354,38.3124],[-2.58321,38.31489],[-2.58181,38.30703],[-2.57783,38.30353],[-2.57049,38.29181],[-2.56668,38.28902],[-2.5603,38.2744],[-2.5559,38.27329],[-2.55431,38.27406],[-2.54793,38.26985],[-2.5443,38.26978],[-2.54133,38.26379],[-2.53791,38.26735],[-2.5317,38.26862],[-2.53008,38.27412],[-2.53269,38.2805],[-2.53703,38.28389],[-2.53975,38.28403],[-2.54208,38.28928],[-2.54207,38.2896]]],[[[-2.65463,38.38777],[-2.66108,38.38535],[-2.66268,38.38307],[-2.66829,38.38417],[-2.66873,38.38269],[-2.70116,38.38825],[-2.70379,38.38697],[-2.70455,38.38377],[-2.71683,38.37367],[-2.72086,38.36464],[-2.71744,38.36331],[-2.71626,38.36108],[-2.71946,38.35665],[-2.72128,38.34892],[-2.71408,38.34343],[-2.71206,38.33944],[-2.70491,38.33942],[-2.69622,38.34511],[-2.68939,38.34421],[-2.68138,38.34508],[-2.67039,38.34193],[-2.64786,38.33967],[-2.64505,38.33716],[-2.64038,38.33692],[-2.62267,38.34116],[-2.61086,38.34747],[-2.61729,38.35845],[-2.62357,38.35975],[-2.62744,38.36222],[-2.62692,38.37037],[-2.63821,38.3742],[-2.63921,38.37603],[-2.6375,38.37866],[-2.63807,38.38413],[-2.64285,38.38865],[-2.64607,38.3913],[-2.64907,38.3879],[-2.65367,38.38774],[-2.65463,38.38777]]]]}},{"type":"Feature","properties":{"mun_code":"23028","mun_name":"Cazorla","mun_name_local":null,"prov_code":"23","prov_name":"Jaén","acom_code":"01","acom_name":"Andalucía","geo_point_2d":{"lon":-2.964832194055868,"lat":37.91182160076339}},"geometry":{"type":"Polygon","coordinates":[[[-3.19154,37.95712],[-3.18464,37.9505],[-3.17944,37.94967],[-3.1741,37.94433],[-3.16682,37.9425],[-3.15999,37.93552],[-3.15556,37.93509],[-3.15225,37.93297],[-3.14586,37.93382],[-3.13123,37.93287],[-3.1202,37.93425],[-3.11909,37.93125],[-3.10945,37.92918],[-3.10312,37.91945],[-3.09892,37.91645],[-3.10074,37.91452],[-3.10152,37.90892],[-3.10074,37.90512],[-3.09591,37.90077],[-3.10065,37.89749],[-3.09843,37.89148],[-3.0916,37.8906],[-3.07337,37.89452],[-3.04801,37.8916],[-3.03484,37.88868],[-3.01799,37.87701],[-3.00419,37.87073],[-3.00105,37.86555],[-2.99543,37.86194],[-2.99288,37.87351],[-2.99493,37.88112],[-2.99209,37.88487],[-2.98049,37.88274],[-2.9604,37.87569],[-2.95784,37.8745],[-2.95774,37.87144],[-2.95489,37.8742],[-2.95218,37.87024],[-2.94625,37.86752],[-2.93709,37.86767],[-2.93038,37.86594],[-2.92535,37.86844],[-2.91749,37.86734],[-2.91137,37.86918],[-2.91057,37.86424],[-2.90778,37.86018],[-2.90255,37.85732],[-2.90352,37.85085],[-2.89896,37.84897],[-2.90208,37.8447],[-2.90045,37.8418],[-2.90252,37.83091],[-2.90045,37.82668],[-2.89919,37.80609],[-2.89158,37.80223],[-2.88867,37.79782],[-2.87645,37.79111],[-2.87271,37.79202],[-2.85999,37.80387],[-2.85696,37.80989],[-2.84736,37.8139],[-2.84058,37.8214],[-2.83958,37.82866],[-2.83435,37.83061],[-2.83287,37.83551],[-2.82889,37.83716],[-2.83046,37.83917],[-2.8272,37.844],[-2.82345,37.846],[-2.82038,37.85076],[-2.81973,37.85548],[-2.82161,37.85793],[-2.81777,37.87231],[-2.8196,37.87613],[-2.81057,37.87844],[-2.80624,37.88093],[-2.79948,37.89003],[-2.79546,37.90278],[-2.78905,37.90761],[-2.78461,37.91764],[-2.77362,37.92709],[-2.77569,37.92998],[-2.78105,37.9316],[-2.78241,37.93331],[-2.78019,37.9431],[-2.78133,37.94476],[-2.78919,37.94472],[-2.79472,37.94117],[-2.80108,37.94734],[-2.79941,37.95066],[-2.80012,37.95591],[-2.8052,37.95628],[-2.80507,37.95871],[-2.81554,37.96557],[-2.81891,37.96229],[-2.81771,37.95901],[-2.81861,37.9549],[-2.82558,37.95164],[-2.83238,37.94537],[-2.84071,37.95771],[-2.84386,37.95638],[-2.85008,37.95149],[-2.8513,37.94634],[-2.86043,37.93501],[-2.86792,37.92956],[-2.87622,37.9313],[-2.88272,37.93537],[-2.89442,37.93897],[-2.89819,37.93954],[-2.90542,37.93684],[-2.91082,37.93722],[-2.9165,37.93932],[-2.91942,37.94395],[-2.92295,37.94402],[-2.92729,37.94076],[-2.93938,37.94256],[-2.94335,37.94157],[-2.95132,37.93064],[-2.95383,37.92806],[-2.95577,37.92809],[-2.96035,37.91768],[-2.9718,37.9236],[-2.97733,37.92254],[-2.98088,37.91738],[-2.98494,37.91538],[-2.98995,37.91562],[-2.99794,37.9188],[-2.99888,37.92565],[-2.99731,37.92696],[-3.00042,37.92908],[-3.00771,37.92829],[-3.00903,37.93145],[-3.01787,37.93484],[-3.02496,37.93708],[-3.0322,37.93661],[-3.03862,37.93961],[-3.04149,37.94325],[-3.04382,37.95627],[-3.0516,37.95878],[-3.05607,37.95869],[-3.05652,37.96134],[-3.06025,37.96236],[-3.06,37.96456],[-3.06521,37.96619],[-3.066,37.96822],[-3.06925,37.96864],[-3.06824,37.97062],[-3.07013,37.97067],[-3.07038,37.97279],[-3.07523,37.97592],[-3.07608,37.97954],[-3.08119,37.985],[-3.08081,37.98874],[-3.08318,37.98969],[-3.08254,37.99123],[-3.08475,37.99151],[-3.0859,37.99494],[-3.08865,37.99662],[-3.08729,37.99838],[-3.08887,38.00161],[-3.08725,38.00392],[-3.09296,38.00558],[-3.09881,38.00233],[-3.10503,38.0078],[-3.11344,38.00329],[-3.12021,38.01022],[-3.1437,38.01265],[-3.14686,38.01103],[-3.15211,38.01371],[-3.15914,38.00733],[-3.15803,38.00515],[-3.15164,38.00093],[-3.1531,37.99838],[-3.15925,37.99586],[-3.16082,37.98493],[-3.15867,37.98019],[-3.17282,37.97391],[-3.1754,37.96792],[-3.18441,37.96663],[-3.18557,37.96025],[-3.19111,37.95818],[-3.19154,37.95712]]]}},{"type":"Feature","properties":{"mun_code":"23045","mun_name":"Huesa","mun_name_local":null,"prov_code":"23","prov_name":"Jaén","acom_code":"01","acom_name":"Andalucía","geo_point_2d":{"lon":-3.065601605859249,"lat":37.69659334250715}},"geometry":{"type":"Polygon","coordinates":[[[-3.09169,37.59656],[-3.08609,37.59576],[-3.0836,37.59923],[-3.0765,37.5993],[-3.07347,37.6034],[-3.07087,37.60304],[-3.07087,37.60396],[-3.06875,37.60294],[-3.06909,37.60432],[-3.06616,37.60421],[-3.06634,37.6053],[-3.06123,37.605],[-3.06129,37.60666],[-3.05792,37.60664],[-3.05529,37.61103],[-3.05638,37.61337],[-3.0521,37.61488],[-3.05132,37.61833],[-3.048,37.61836],[-3.0435,37.61587],[-3.04038,37.618],[-3.03699,37.61741],[-3.03508,37.61861],[-3.03491,37.61712],[-3.03099,37.61542],[-3.0296,37.61611],[-3.0287,37.61406],[-3.02627,37.61553],[-3.0241,37.61311],[-3.02454,37.61162],[-3.02193,37.61166],[-3.02147,37.61002],[-3.00821,37.60796],[-3.0098,37.61499],[-3.00487,37.62046],[-3.00954,37.62301],[-3.01043,37.62562],[-3.00709,37.62651],[-3.0063,37.62822],[-3.0102,37.63027],[-3.00699,37.63267],[-3.00606,37.63637],[-3.00326,37.63768],[-3.00517,37.64026],[-3.00425,37.64327],[-3.00033,37.64515],[-2.99465,37.65355],[-3.00287,37.65538],[-3.00922,37.65479],[-3.01019,37.65933],[-3.01572,37.66044],[-3.0156,37.66209],[-3.01101,37.6647],[-3.00716,37.67082],[-3.01199,37.67593],[-3.00655,37.68207],[-3.00852,37.688],[-3.01609,37.68847],[-3.01958,37.68621],[-3.0197,37.68917],[-3.02101,37.6895],[-3.02258,37.68646],[-3.02614,37.68603],[-3.02938,37.68947],[-3.02249,37.69369],[-3.02658,37.69948],[-3.03047,37.69872],[-3.0374,37.70502],[-3.04487,37.70673],[-3.04589,37.70815],[-3.04329,37.70934],[-3.04459,37.71223],[-3.05049,37.71453],[-3.04818,37.71983],[-3.05337,37.72117],[-3.05587,37.72482],[-3.04366,37.72341],[-3.04087,37.726],[-3.03691,37.72695],[-3.0331,37.73391],[-3.02796,37.73591],[-3.02871,37.7412],[-3.02632,37.74409],[-3.03538,37.74886],[-3.04762,37.74761],[-3.04954,37.75157],[-3.05336,37.75413],[-3.05382,37.76527],[-3.0497,37.76886],[-3.0448,37.77838],[-3.0454,37.78359],[-3.05461,37.79172],[-3.06241,37.78698],[-3.06569,37.78885],[-3.07945,37.78774],[-3.08996,37.78534],[-3.10067,37.78549],[-3.10639,37.78314],[-3.12443,37.78065],[-3.13171,37.7836],[-3.1336,37.78572],[-3.1375,37.78483],[-3.13096,37.77029],[-3.12239,37.77095],[-3.12049,37.7674],[-3.12213,37.76502],[-3.12067,37.75912],[-3.12451,37.75551],[-3.12408,37.74783],[-3.11534,37.74189],[-3.11086,37.74204],[-3.1117,37.73622],[-3.1173,37.72487],[-3.11411,37.71076],[-3.10692,37.70215],[-3.10531,37.69759],[-3.10604,37.6952],[-3.10315,37.69217],[-3.10545,37.68708],[-3.11018,37.68231],[-3.10666,37.67921],[-3.09167,37.67752],[-3.08305,37.67283],[-3.08403,37.66997],[-3.09201,37.66549],[-3.0935,37.66282],[-3.09457,37.65388],[-3.09077,37.64586],[-3.09341,37.63488],[-3.0897,37.62884],[-3.08882,37.62207],[-3.0859,37.61926],[-3.08497,37.60756],[-3.07829,37.60149],[-3.08326,37.60083],[-3.08657,37.59669],[-3.08937,37.5975],[-3.09121,37.59664],[-3.09169,37.59656]]]}},{"type":"Feature","properties":{"mun_code":"23061","mun_name":"Mengíbar","mun_name_local":null,"prov_code":"23","prov_name":"Jaén","acom_code":"01","acom_name":"Andalucía","geo_point_2d":{"lon":-3.808427971161955,"lat":37.96221233080671}},"geometry":{"type":"Polygon","coordinates":[[[-3.86215,37.92974],[-3.85528,37.9321],[-3.84004,37.93423],[-3.82433,37.93266],[-3.82005,37.93079],[-3.81784,37.92767],[-3.81072,37.92737],[-3.8089,37.92975],[-3.80229,37.92454],[-3.79712,37.92338],[-3.79258,37.92424],[-3.7911,37.91744],[-3.77658,37.92089],[-3.77795,37.92518],[-3.77452,37.92965],[-3.7727,37.93788],[-3.77629,37.93989],[-3.77487,37.94226],[-3.77823,37.94378],[-3.77789,37.94713],[-3.78053,37.94755],[-3.78035,37.95046],[-3.75739,37.95097],[-3.75663,37.9544],[-3.75489,37.95464],[-3.75428,37.96046],[-3.74903,37.96679],[-3.73984,37.96462],[-3.73599,37.96571],[-3.74055,37.981],[-3.74634,37.97788],[-3.74954,37.98031],[-3.74787,37.98313],[-3.74351,37.9857],[-3.74299,37.98878],[-3.74703,37.9897],[-3.75226,37.98839],[-3.75741,37.98189],[-3.76308,37.97813],[-3.76761,37.97706],[-3.77099,37.97763],[-3.77692,37.98456],[-3.78197,37.98626],[-3.79145,37.98674],[-3.80415,37.98221],[-3.80781,37.98201],[-3.80949,37.98435],[-3.80651,37.99236],[-3.80827,38.0049],[-3.80408,38.01081],[-3.80449,38.01266],[-3.81141,38.01228],[-3.81976,38.008],[-3.82232,38.00899],[-3.82481,38.01259],[-3.82688,38.00975],[-3.82321,38.00806],[-3.8241,38.00686],[-3.8281,38.00799],[-3.83156,38.00413],[-3.84836,37.9953],[-3.84966,37.99329],[-3.84486,37.9825],[-3.84808,37.97366],[-3.84352,37.96579],[-3.86833,37.95577],[-3.86835,37.94758],[-3.86509,37.94131],[-3.86543,37.93592],[-3.86269,37.93088],[-3.86215,37.92974]]]}},{"type":"Feature","properties":{"mun_code":"23039","mun_name":"Guarromán","mun_name_local":null,"prov_code":"23","prov_name":"Jaén","acom_code":"01","acom_name":"Andalucía","geo_point_2d":{"lon":-3.7581751818886073,"lat":38.149044093096485}},"geometry":{"type":"MultiPolygon","coordinates":[[[[-3.83217,38.14531],[-3.8543,38.14745],[-3.8633,38.14993],[-3.87029,38.14956],[-3.87293,38.14827],[-3.88292,38.15178],[-3.89604,38.14902],[-3.89511,38.14677],[-3.89672,38.14101],[-3.90171,38.12982],[-3.90159,38.12223],[-3.8931,38.11309],[-3.88576,38.10914],[-3.88024,38.10853],[-3.86974,38.10236],[-3.87568,38.09429],[-3.87487,38.08986],[-3.86028,38.08648],[-3.85781,38.082],[-3.86082,38.081],[-3.86029,38.07911],[-3.85431,38.0775],[-3.85051,38.0784],[-3.85112,38.07633],[-3.84851,38.06869],[-3.85342,38.06436],[-3.85229,38.06325],[-3.84612,38.06857],[-3.84128,38.07006],[-3.82399,38.07081],[-3.81885,38.08144],[-3.81952,38.09025],[-3.81294,38.10361],[-3.81787,38.10785],[-3.8205,38.1235],[-3.82386,38.13341],[-3.83223,38.14465],[-3.83217,38.14531]]],[[[-3.69379,38.23759],[-3.70486,38.2381],[-3.70691,38.23079],[-3.69064,38.22945],[-3.68956,38.22588],[-3.68535,38.22203],[-3.68467,38.21686],[-3.68212,38.21257],[-3.70558,38.19461],[-3.69554,38.18631],[-3.7062,38.1773],[-3.71702,38.1616],[-3.73027,38.14961],[-3.73579,38.14655],[-3.71703,38.13782],[-3.70639,38.12826],[-3.70264,38.13345],[-3.7055,38.15108],[-3.70055,38.15574],[-3.69888,38.15558],[-3.69761,38.15797],[-3.68685,38.16064],[-3.68599,38.16687],[-3.68114,38.16886],[-3.68099,38.17334],[-3.65841,38.15633],[-3.65244,38.15631],[-3.64417,38.15894],[-3.63546,38.15872],[-3.63456,38.15984],[-3.62895,38.1587],[-3.62823,38.16058],[-3.62393,38.1611],[-3.62031,38.15973],[-3.61459,38.14931],[-3.61296,38.15763],[-3.6052,38.16406],[-3.60377,38.16821],[-3.60059,38.1705],[-3.67759,38.22878],[-3.68887,38.2361],[-3.6931,38.23732],[-3.69379,38.23759]]]]}},{"type":"Feature","properties":{"mun_code":"23029","mun_name":"Chiclana de Segura","mun_name_local":null,"prov_code":"23","prov_name":"Jaén","acom_code":"01","acom_name":"Andalucía","geo_point_2d":{"lon":-2.9871348403412443,"lat":38.35252144736087}},"geometry":{"type":"Polygon","coordinates":[[[-3.1,38.30866],[-3.10239,38.30543],[-3.09968,38.29785],[-3.09891,38.28649],[-3.08781,38.26874],[-3.0894,38.26563],[-3.08848,38.26189],[-3.08016,38.25643],[-3.07415,38.25405],[-3.0646,38.25372],[-3.05188,38.24783],[-3.04403,38.25021],[-3.03669,38.25647],[-3.02968,38.2577],[-3.02266,38.25482],[-3.01483,38.254],[-3.01001,38.25614],[-3.0059,38.2521],[-3.00795,38.24588],[-3.00028,38.24297],[-2.99806,38.24311],[-2.99675,38.24499],[-3.00012,38.24892],[-2.99448,38.25267],[-2.98679,38.25116],[-2.98059,38.25258],[-2.97857,38.25537],[-2.98368,38.26569],[-2.98133,38.26778],[-2.9734,38.26956],[-2.97036,38.27302],[-2.96407,38.27647],[-2.96247,38.27978],[-2.96388,38.28613],[-2.95987,38.28949],[-2.95636,38.29533],[-2.94866,38.2989],[-2.94846,38.30198],[-2.9514,38.3072],[-2.94725,38.30853],[-2.94035,38.30603],[-2.93656,38.30802],[-2.93748,38.31243],[-2.94372,38.31888],[-2.94489,38.32231],[-2.94135,38.32638],[-2.94257,38.33952],[-2.93602,38.34176],[-2.93488,38.34361],[-2.9429,38.34765],[-2.93802,38.35212],[-2.92445,38.35172],[-2.92101,38.358],[-2.91647,38.35636],[-2.91455,38.35703],[-2.91605,38.36123],[-2.91059,38.36616],[-2.90876,38.37432],[-2.90354,38.37555],[-2.90671,38.37963],[-2.90327,38.38432],[-2.91068,38.38719],[-2.90255,38.38876],[-2.90758,38.3951],[-2.90584,38.39695],[-2.90117,38.39752],[-2.89967,38.3999],[-2.90507,38.40017],[-2.90671,38.40298],[-2.89933,38.4033],[-2.90122,38.40871],[-2.89498,38.41228],[-2.89278,38.41583],[-2.89231,38.42057],[-2.88737,38.42081],[-2.88803,38.42311],[-2.89322,38.42648],[-2.89045,38.43282],[-2.89297,38.43745],[-2.89203,38.43924],[-2.88647,38.44112],[-2.88977,38.44453],[-2.88898,38.4456],[-2.88598,38.44479],[-2.88474,38.44565],[-2.88772,38.44942],[-2.88413,38.45219],[-2.88014,38.45241],[-2.88861,38.4554],[-2.89484,38.46167],[-2.90044,38.46411],[-2.90451,38.46972],[-2.90846,38.46999],[-2.90986,38.46791],[-2.93145,38.47232],[-2.9328,38.47167],[-2.93829,38.47457],[-2.94746,38.4701],[-2.95542,38.46855],[-2.96267,38.47119],[-2.96413,38.47037],[-2.96655,38.46802],[-2.96804,38.46257],[-2.9741,38.45633],[-2.98707,38.45119],[-2.99152,38.45106],[-2.99614,38.44454],[-2.99479,38.43815],[-2.99311,38.43667],[-2.99428,38.43176],[-2.99193,38.42866],[-2.99345,38.42354],[-2.99651,38.42079],[-2.9962,38.41863],[-3.00165,38.41394],[-3.00082,38.40882],[-3.00258,38.40793],[-2.99677,38.40559],[-2.98422,38.39098],[-2.98103,38.3893],[-2.98075,38.38457],[-2.98871,38.37856],[-3.01563,38.36405],[-3.02289,38.36157],[-3.0333,38.35277],[-3.0484,38.34709],[-3.05038,38.34384],[-3.05829,38.34096],[-3.06612,38.34078],[-3.06894,38.3393],[-3.06951,38.33678],[-3.07219,38.33906],[-3.07568,38.33566],[-3.09025,38.32855],[-3.0918,38.3229],[-3.099,38.31098],[-3.1,38.30866]]]}},{"type":"Feature","properties":{"mun_code":"23079","mun_name":"Santisteban del Puerto","mun_name_local":null,"prov_code":"23","prov_name":"Jaén","acom_code":"01","acom_name":"Andalucía","geo_point_2d":{"lon":-3.250878914223305,"lat":38.2983116016942}},"geometry":{"type":"Polygon","coordinates":[[[-3.38037,38.45055],[-3.36415,38.44769],[-3.35357,38.45407],[-3.34946,38.4547],[-3.34731,38.45703],[-3.34588,38.46586],[-3.32232,38.47297],[-3.30732,38.47123],[-3.30812,38.4669],[-3.30505,38.46345],[-3.30495,38.45998],[-3.31061,38.44901],[-3.30741,38.44521],[-3.30997,38.44133],[-3.30715,38.43805],[-3.30146,38.43553],[-3.28946,38.42178],[-3.2876,38.41758],[-3.28933,38.41568],[-3.28756,38.41144],[-3.2901,38.40953],[-3.28912,38.40724],[-3.2922,38.39869],[-3.28721,38.38577],[-3.28179,38.38005],[-3.29066,38.37785],[-3.29288,38.37333],[-3.29665,38.37163],[-3.29798,38.36917],[-3.33922,38.36388],[-3.3477,38.36105],[-3.36631,38.36239],[-3.36638,38.34677],[-3.36078,38.33629],[-3.35664,38.33266],[-3.35684,38.33019],[-3.35113,38.31904],[-3.34069,38.3045],[-3.33319,38.28575],[-3.32613,38.27504],[-3.33122,38.27151],[-3.33121,38.26559],[-3.32399,38.25719],[-3.32133,38.24999],[-3.30751,38.24294],[-3.29388,38.22522],[-3.27156,38.20248],[-3.26561,38.19112],[-3.25728,38.18108],[-3.25417,38.17489],[-3.24087,38.16506],[-3.22919,38.14468],[-3.22542,38.14102],[-3.22274,38.14023],[-3.22105,38.14431],[-3.21947,38.14485],[-3.21365,38.14065],[-3.21051,38.14046],[-3.20979,38.14199],[-3.21212,38.14455],[-3.19986,38.14616],[-3.1995,38.13391],[-3.19805,38.13242],[-3.19252,38.14321],[-3.18341,38.15162],[-3.17573,38.1527],[-3.16888,38.1555],[-3.16052,38.15377],[-3.1608,38.16285],[-3.15755,38.16521],[-3.15381,38.16388],[-3.1543,38.1571],[-3.15105,38.15689],[-3.14342,38.16306],[-3.14242,38.16752],[-3.13794,38.17309],[-3.14037,38.17565],[-3.1434,38.1764],[-3.15468,38.198],[-3.15513,38.21347],[-3.16219,38.2415],[-3.16259,38.27536],[-3.16882,38.29865],[-3.17058,38.31947],[-3.19628,38.32161],[-3.19549,38.32841],[-3.20604,38.34117],[-3.22709,38.34724],[-3.22876,38.35457],[-3.22605,38.36203],[-3.23072,38.36517],[-3.23413,38.36568],[-3.23812,38.37069],[-3.2374,38.37567],[-3.23434,38.38073],[-3.23502,38.38634],[-3.23138,38.39126],[-3.22714,38.40551],[-3.2297,38.41259],[-3.2324,38.41397],[-3.22962,38.41489],[-3.22459,38.41126],[-3.22162,38.41156],[-3.21808,38.41363],[-3.2169,38.418],[-3.21773,38.4277],[-3.22241,38.433],[-3.22255,38.44157],[-3.21954,38.45291],[-3.24615,38.4577],[-3.25765,38.45733],[-3.26254,38.45939],[-3.27942,38.46024],[-3.28518,38.46456],[-3.28897,38.47037],[-3.29049,38.46943],[-3.29676,38.47057],[-3.30526,38.47928],[-3.3103,38.4805],[-3.32025,38.47988],[-3.32649,38.48212],[-3.34903,38.47774],[-3.37501,38.47523],[-3.37489,38.46967],[-3.37753,38.46598],[-3.37811,38.4589],[-3.38042,38.45541],[-3.37977,38.45325],[-3.38037,38.45055]]]}},{"type":"Feature","properties":{"mun_code":"23069","mun_name":"Porcuna","mun_name_local":null,"prov_code":"23","prov_name":"Jaén","acom_code":"01","acom_name":"Andalucía","geo_point_2d":{"lon":-4.205376488320211,"lat":37.85689338939176}},"geometry":{"type":"Polygon","coordinates":[[[-4.28454,37.81846],[-4.28608,37.81457],[-4.28419,37.81135],[-4.28764,37.80151],[-4.28586,37.79572],[-4.25903,37.7887],[-4.24887,37.7884],[-4.24448,37.78959],[-4.2403,37.78795],[-4.22534,37.7866],[-4.21162,37.78274],[-4.19759,37.78917],[-4.19086,37.79816],[-4.18489,37.79961],[-4.18245,37.80379],[-4.17742,37.80346],[-4.17484,37.80709],[-4.16587,37.8111],[-4.16632,37.81977],[-4.16354,37.8234],[-4.15723,37.82327],[-4.15589,37.82691],[-4.15466,37.82604],[-4.15177,37.82704],[-4.1498,37.82905],[-4.14554,37.82799],[-4.13617,37.83184],[-4.1359,37.83661],[-4.13166,37.83791],[-4.13348,37.83922],[-4.12967,37.84378],[-4.1302,37.84553],[-4.12705,37.84853],[-4.12465,37.84747],[-4.12294,37.84814],[-4.12096,37.85306],[-4.11791,37.85419],[-4.11627,37.85752],[-4.1075,37.85738],[-4.1102,37.85883],[-4.10631,37.86306],[-4.10929,37.87165],[-4.10911,37.88528],[-4.11309,37.88466],[-4.12029,37.88693],[-4.12202,37.89623],[-4.12626,37.90391],[-4.15874,37.9161],[-4.15648,37.91846],[-4.15753,37.92108],[-4.1622,37.92398],[-4.17058,37.92581],[-4.17143,37.92432],[-4.17958,37.9257],[-4.18174,37.92482],[-4.18192,37.92025],[-4.18566,37.92219],[-4.18764,37.91925],[-4.19765,37.92046],[-4.20384,37.91821],[-4.2053,37.92024],[-4.22728,37.91704],[-4.22971,37.91308],[-4.23977,37.91158],[-4.24062,37.91239],[-4.24152,37.91106],[-4.24842,37.90963],[-4.24768,37.90874],[-4.2602,37.90599],[-4.26105,37.90772],[-4.26523,37.9071],[-4.26607,37.91168],[-4.27099,37.91136],[-4.27308,37.90997],[-4.27303,37.90752],[-4.27095,37.90546],[-4.27481,37.90279],[-4.27331,37.89669],[-4.27992,37.87651],[-4.2781,37.85056],[-4.28067,37.8296],[-4.28432,37.81918],[-4.28454,37.81846]]]}},{"type":"Feature","properties":{"mun_code":"23007","mun_name":"Arjonilla","mun_name_local":null,"prov_code":"23","prov_name":"Jaén","acom_code":"01","acom_name":"Andalucía","geo_point_2d":{"lon":-4.1220600655401,"lat":37.983417366360655}},"geometry":{"type":"Polygon","coordinates":[[[-4.1726,37.98731],[-4.16582,37.98113],[-4.1641,37.97695],[-4.15539,37.96634],[-4.1526,37.9653],[-4.14518,37.95633],[-4.14456,37.94895],[-4.12727,37.94348],[-4.11317,37.94886],[-4.10711,37.95433],[-4.10684,37.9567],[-4.09997,37.96421],[-4.09381,37.97411],[-4.0858,37.9792],[-4.06522,38.00134],[-4.06868,38.00034],[-4.07602,38.00283],[-4.08068,38.00816],[-4.08428,38.00953],[-4.08631,38.00827],[-4.08898,38.00949],[-4.09322,38.0086],[-4.09247,38.00994],[-4.09455,38.00982],[-4.09449,38.01212],[-4.09586,38.01246],[-4.10342,38.00978],[-4.10985,38.00954],[-4.11311,38.01257],[-4.11532,38.01283],[-4.11494,38.01464],[-4.11771,38.01394],[-4.12054,38.01505],[-4.1227,38.01969],[-4.12467,38.01953],[-4.12424,38.02154],[-4.12782,38.01873],[-4.12837,38.01308],[-4.13071,38.0111],[-4.14258,38.0061],[-4.15428,38.00454],[-4.15305,38.00128],[-4.16133,37.99922],[-4.16831,37.98961],[-4.17189,37.98779],[-4.1726,37.98731]]]}},{"type":"Feature","properties":{"mun_code":"23035","mun_name":"Fuerte del Rey","mun_name_local":null,"prov_code":"23","prov_name":"Jaén","acom_code":"01","acom_name":"Andalucía","geo_point_2d":{"lon":-3.9018982832297815,"lat":37.90212109865884}},"geometry":{"type":"Polygon","coordinates":[[[-3.96418,37.93515],[-3.95004,37.92109],[-3.94124,37.91727],[-3.92274,37.90422],[-3.91783,37.9025],[-3.90694,37.88527],[-3.90688,37.87956],[-3.90525,37.8769],[-3.90155,37.87125],[-3.89553,37.86762],[-3.89344,37.86462],[-3.88308,37.86164],[-3.87152,37.86155],[-3.8667,37.86347],[-3.86187,37.86089],[-3.86193,37.86433],[-3.85978,37.86731],[-3.86206,37.86926],[-3.85682,37.87196],[-3.85554,37.88855],[-3.8567,37.89203],[-3.86184,37.89275],[-3.86414,37.89991],[-3.86859,37.90319],[-3.87213,37.90831],[-3.8829,37.91123],[-3.8874,37.91453],[-3.89097,37.91554],[-3.89954,37.91341],[-3.91026,37.91354],[-3.91072,37.92082],[-3.9193,37.92212],[-3.91619,37.92353],[-3.91332,37.92932],[-3.91394,37.9338],[-3.92914,37.93365],[-3.92272,37.9526],[-3.93198,37.95171],[-3.9375,37.95335],[-3.94292,37.93663],[-3.95175,37.93835],[-3.96083,37.93598],[-3.96418,37.93515]]]}},{"type":"Feature","properties":{"mun_code":"23027","mun_name":"Cazalilla","mun_name_local":null,"prov_code":"23","prov_name":"Jaén","acom_code":"01","acom_name":"Andalucía","geo_point_2d":{"lon":-3.8849664138764934,"lat":37.95987657872211}},"geometry":{"type":"Polygon","coordinates":[[[-3.92272,37.9526],[-3.92914,37.93365],[-3.91394,37.9338],[-3.91332,37.92932],[-3.91619,37.92353],[-3.9193,37.92212],[-3.91072,37.92082],[-3.91026,37.91354],[-3.89954,37.91341],[-3.89097,37.91554],[-3.8829,37.91123],[-3.87213,37.90831],[-3.87052,37.90582],[-3.86788,37.90772],[-3.87021,37.9103],[-3.87056,37.91501],[-3.87312,37.91974],[-3.87095,37.92783],[-3.86215,37.92974],[-3.86543,37.93592],[-3.86509,37.94131],[-3.86835,37.94758],[-3.86833,37.95577],[-3.84352,37.96579],[-3.84808,37.97366],[-3.84477,37.98104],[-3.84568,37.98557],[-3.84984,37.99253],[-3.84836,37.9953],[-3.86329,37.999],[-3.88672,38.00257],[-3.88576,38.00493],[-3.89214,38.01451],[-3.89755,38.01197],[-3.90282,38.01185],[-3.90495,38.00013],[-3.90005,37.97793],[-3.90443,37.97591],[-3.90299,37.97209],[-3.90825,37.96942],[-3.90729,37.964],[-3.90924,37.95849],[-3.90714,37.9482],[-3.91546,37.95177],[-3.92107,37.95226],[-3.92272,37.9526]]]}},{"type":"Feature","properties":{"mun_code":"23066","mun_name":"Peal de Becerro","mun_name_local":null,"prov_code":"23","prov_name":"Jaén","acom_code":"01","acom_name":"Andalucía","geo_point_2d":{"lon":-3.099045404091649,"lat":37.88061296591379}},"geometry":{"type":"MultiPolygon","coordinates":[[[[-2.87271,37.79202],[-2.87645,37.79111],[-2.88243,37.79399],[-2.88867,37.79782],[-2.89158,37.80223],[-2.89919,37.80609],[-2.90045,37.82668],[-2.90252,37.83091],[-2.90045,37.8418],[-2.90208,37.8447],[-2.89896,37.84897],[-2.90352,37.85085],[-2.90255,37.85732],[-2.90778,37.86018],[-2.91057,37.86424],[-2.91137,37.86918],[-2.91749,37.86734],[-2.92535,37.86844],[-2.93038,37.86594],[-2.93709,37.86767],[-2.94625,37.86752],[-2.95218,37.87024],[-2.95489,37.8742],[-2.95774,37.87144],[-2.95784,37.8745],[-2.9604,37.87569],[-2.98049,37.88274],[-2.99247,37.88469],[-2.99493,37.88112],[-2.99288,37.87351],[-2.99543,37.86194],[-2.9871,37.85986],[-2.96598,37.84642],[-2.96141,37.84913],[-2.95683,37.84672],[-2.95773,37.84259],[-2.95584,37.8335],[-2.94703,37.83042],[-2.94271,37.8275],[-2.93181,37.81626],[-2.91854,37.81529],[-2.9132,37.81052],[-2.90247,37.80533],[-2.90158,37.80188],[-2.90392,37.80002],[-2.90351,37.79539],[-2.90271,37.79067],[-2.89992,37.78806],[-2.90353,37.7845],[-2.8949,37.77958],[-2.89654,37.77754],[-2.9001,37.77698],[-2.89846,37.77412],[-2.90009,37.76787],[-2.89375,37.76535],[-2.89005,37.76146],[-2.88029,37.75994],[-2.87483,37.77814],[-2.87601,37.78336],[-2.87315,37.79149],[-2.87271,37.79202]]],[[[-3.19154,37.95712],[-3.19333,37.95568],[-3.19847,37.958],[-3.21293,37.95068],[-3.21516,37.95617],[-3.21808,37.95677],[-3.22139,37.95217],[-3.21874,37.94918],[-3.21849,37.94521],[-3.2284,37.94526],[-3.23341,37.94726],[-3.2361,37.945],[-3.23602,37.94033],[-3.23246,37.9394],[-3.23182,37.93561],[-3.23576,37.93396],[-3.23793,37.93458],[-3.24169,37.93803],[-3.24128,37.94221],[-3.24316,37.94301],[-3.2498,37.93847],[-3.25044,37.93468],[-3.2561,37.93501],[-3.25788,37.93084],[-3.25378,37.92976],[-3.25502,37.92602],[-3.25339,37.92477],[-3.25033,37.92619],[-3.2491,37.92857],[-3.2462,37.92911],[-3.24588,37.93273],[-3.24357,37.9319],[-3.24398,37.92715],[-3.24258,37.92566],[-3.23487,37.92835],[-3.231,37.92786],[-3.23061,37.92593],[-3.23443,37.91854],[-3.22598,37.91823],[-3.22229,37.91577],[-3.22272,37.91124],[-3.22129,37.90955],[-3.22388,37.90823],[-3.22553,37.90396],[-3.22053,37.90207],[-3.21719,37.90356],[-3.21306,37.90299],[-3.216,37.89608],[-3.20952,37.8904],[-3.21273,37.87845],[-3.2116,37.87535],[-3.21338,37.87309],[-3.20893,37.87059],[-3.20843,37.86765],[-3.21863,37.86197],[-3.21926,37.85962],[-3.21533,37.85489],[-3.20969,37.85602],[-3.20626,37.855],[-3.20392,37.84653],[-3.20624,37.8442],[-3.2075,37.8379],[-3.19675,37.83718],[-3.19098,37.83342],[-3.19077,37.83162],[-3.18406,37.83728],[-3.17271,37.84101],[-3.1656,37.8466],[-3.15529,37.84947],[-3.14487,37.85597],[-3.13447,37.86531],[-3.13236,37.86917],[-3.12194,37.8741],[-3.11616,37.8795],[-3.10081,37.88848],[-3.10073,37.89098],[-3.09915,37.89177],[-3.10043,37.89824],[-3.09591,37.90077],[-3.10093,37.90548],[-3.10074,37.91452],[-3.09892,37.91645],[-3.10312,37.91945],[-3.10945,37.92918],[-3.11909,37.93125],[-3.1202,37.93425],[-3.13123,37.93287],[-3.14586,37.93382],[-3.15225,37.93297],[-3.15556,37.93509],[-3.15999,37.93552],[-3.16682,37.9425],[-3.1741,37.94433],[-3.17903,37.94943],[-3.18605,37.95138],[-3.19047,37.95631],[-3.19154,37.95712]]]]}},{"type":"Feature","properties":{"mun_code":"23057","mun_name":"Lupión","mun_name_local":null,"prov_code":"23","prov_name":"Jaén","acom_code":"01","acom_name":"Andalucía","geo_point_2d":{"lon":-3.5768426799882773,"lat":38.014077124757684}},"geometry":{"type":"Polygon","coordinates":[[[-3.62852,38.024],[-3.62579,38.02211],[-3.62504,38.01939],[-3.61993,38.01841],[-3.61727,38.01521],[-3.61558,38.01682],[-3.6095,38.01774],[-3.59717,38.01511],[-3.5975,38.00811],[-3.59145,38.0064],[-3.59033,38.00104],[-3.58619,37.99424],[-3.57297,37.99402],[-3.56998,37.99287],[-3.56725,37.99369],[-3.55488,37.99085],[-3.54592,37.99029],[-3.54084,37.992],[-3.5379,37.99818],[-3.53166,38.00102],[-3.52722,38.00125],[-3.52469,38.0032],[-3.52662,38.00605],[-3.53221,38.00786],[-3.53717,38.01423],[-3.53921,38.0144],[-3.54126,38.0197],[-3.54776,38.02119],[-3.55587,38.01947],[-3.56594,38.01921],[-3.57175,38.02089],[-3.58195,38.03042],[-3.59026,38.04157],[-3.59538,38.04113],[-3.60028,38.03901],[-3.61282,38.03836],[-3.62838,38.02435],[-3.62852,38.024]]]}},{"type":"Feature","properties":{"mun_code":"23038","mun_name":"La Guardia de Jaén","mun_name_local":null,"prov_code":"23","prov_name":"Jaén","acom_code":"01","acom_name":"Andalucía","geo_point_2d":{"lon":-3.6989186103160616,"lat":37.75219172741095}},"geometry":{"type":"Polygon","coordinates":[[[-3.70462,37.70862],[-3.7011,37.71747],[-3.68686,37.72256],[-3.68042,37.72641],[-3.66771,37.74324],[-3.6567,37.75264],[-3.6547,37.75917],[-3.65975,37.76463],[-3.66267,37.77088],[-3.66736,37.7728],[-3.66877,37.7778],[-3.68841,37.78202],[-3.69316,37.78425],[-3.70438,37.78401],[-3.71256,37.77739],[-3.7213,37.77632],[-3.72593,37.77768],[-3.74527,37.77857],[-3.74716,37.77364],[-3.74367,37.76738],[-3.73007,37.75648],[-3.72652,37.7557],[-3.72272,37.75261],[-3.72232,37.749],[-3.71917,37.74608],[-3.72086,37.73891],[-3.72404,37.73439],[-3.72398,37.7188],[-3.71725,37.71195],[-3.71022,37.70823],[-3.70623,37.70855],[-3.70462,37.70862]]]}},{"type":"Feature","properties":{"mun_code":"23070","mun_name":"Pozo Alcón","mun_name_local":null,"prov_code":"23","prov_name":"Jaén","acom_code":"01","acom_name":"Andalucía","geo_point_2d":{"lon":-2.9474018916031515,"lat":37.71233941544651}},"geometry":{"type":"Polygon","coordinates":[[[-3.00821,37.60796],[-3.00343,37.60813],[-3.00184,37.60567],[-2.99566,37.60312],[-2.99014,37.60394],[-2.98323,37.60145],[-2.97818,37.60275],[-2.97637,37.60666],[-2.98441,37.61425],[-2.97846,37.61688],[-2.97399,37.62291],[-2.97339,37.62526],[-2.97512,37.62708],[-2.97605,37.63267],[-2.97792,37.63398],[-2.93815,37.64994],[-2.9196,37.65962],[-2.9022,37.66571],[-2.8912,37.67302],[-2.88404,37.68132],[-2.89397,37.68305],[-2.89948,37.68538],[-2.90153,37.68929],[-2.90412,37.70592],[-2.90072,37.72315],[-2.90132,37.72472],[-2.90477,37.7251],[-2.907,37.72748],[-2.9063,37.73315],[-2.90242,37.73895],[-2.90436,37.74937],[-2.89931,37.75664],[-2.89005,37.76146],[-2.89375,37.76535],[-2.90009,37.76787],[-2.89846,37.77412],[-2.9001,37.77698],[-2.89654,37.77754],[-2.8949,37.77958],[-2.90353,37.7845],[-2.89992,37.78806],[-2.90271,37.79067],[-2.90351,37.79539],[-2.90392,37.80002],[-2.90164,37.80152],[-2.90179,37.80422],[-2.9132,37.81052],[-2.91854,37.81529],[-2.93181,37.81626],[-2.94271,37.8275],[-2.94799,37.83085],[-2.95554,37.81339],[-2.95419,37.80212],[-2.95678,37.7965],[-2.9535,37.78854],[-2.96178,37.78032],[-2.96556,37.76918],[-2.96956,37.76571],[-2.96668,37.75366],[-2.96871,37.74779],[-2.96778,37.74399],[-2.96912,37.74336],[-2.96159,37.73735],[-2.97677,37.71337],[-3.01201,37.67658],[-3.01127,37.6742],[-3.00716,37.67082],[-3.01101,37.6647],[-3.0156,37.66209],[-3.01555,37.66008],[-3.01019,37.65933],[-3.00994,37.65541],[-3.00852,37.65456],[-3.00287,37.65538],[-2.99465,37.65355],[-3.00033,37.64515],[-3.00425,37.64327],[-3.00517,37.64026],[-3.00326,37.63768],[-3.00606,37.63637],[-3.00699,37.63267],[-3.0102,37.63027],[-3.0063,37.62822],[-3.00709,37.62651],[-3.01043,37.62562],[-3.00954,37.62301],[-3.00487,37.62046],[-3.0098,37.61499],[-3.00772,37.60917],[-3.00821,37.60796]]]}},{"type":"Feature","properties":{"mun_code":"23064","mun_name":"Noalejo","mun_name_local":null,"prov_code":"23","prov_name":"Jaén","acom_code":"01","acom_name":"Andalucía","geo_point_2d":{"lon":-3.660964078885209,"lat":37.53719284402723}},"geometry":{"type":"Polygon","coordinates":[[[-3.77976,37.49644],[-3.77569,37.49143],[-3.77774,37.49035],[-3.7757,37.48788],[-3.77624,37.47648],[-3.77084,37.47987],[-3.7447,37.48682],[-3.73197,37.48848],[-3.7301,37.48752],[-3.71796,37.49548],[-3.71152,37.50313],[-3.70821,37.50404],[-3.69629,37.51221],[-3.68995,37.51345],[-3.68444,37.51765],[-3.67197,37.51823],[-3.66291,37.5217],[-3.65911,37.52064],[-3.64336,37.52648],[-3.63305,37.52789],[-3.63111,37.52936],[-3.6276,37.52846],[-3.59992,37.54738],[-3.59079,37.5485],[-3.59173,37.5509],[-3.58344,37.55364],[-3.57287,37.56064],[-3.55976,37.56523],[-3.55953,37.56923],[-3.55686,37.57239],[-3.53654,37.58023],[-3.53506,37.58213],[-3.53533,37.58531],[-3.53903,37.59294],[-3.53678,37.59668],[-3.53127,37.59964],[-3.53088,37.60169],[-3.52698,37.60447],[-3.51719,37.60955],[-3.50647,37.61728],[-3.51868,37.6231],[-3.52526,37.61853],[-3.52824,37.61869],[-3.53586,37.61579],[-3.55582,37.60008],[-3.56488,37.5858],[-3.56405,37.58162],[-3.57863,37.56628],[-3.58001,37.5631],[-3.60259,37.55548],[-3.61738,37.5442],[-3.6228,37.54302],[-3.63254,37.53422],[-3.63996,37.53321],[-3.64308,37.5298],[-3.64414,37.53196],[-3.6501,37.52905],[-3.65535,37.53222],[-3.66234,37.53106],[-3.66966,37.53347],[-3.68218,37.53328],[-3.69134,37.53983],[-3.69408,37.53753],[-3.71704,37.53547],[-3.72825,37.52967],[-3.73354,37.52859],[-3.73632,37.52375],[-3.7416,37.52006],[-3.74392,37.51451],[-3.75128,37.51084],[-3.76172,37.50155],[-3.77045,37.50135],[-3.77866,37.49732],[-3.77976,37.49644]]]}},{"type":"Feature","properties":{"mun_code":"23040","mun_name":"Lahiguera","mun_name_local":null,"prov_code":"23","prov_name":"Jaén","acom_code":"01","acom_name":"Andalucía","geo_point_2d":{"lon":-3.9860118790998498,"lat":37.96583449627326}},"geometry":{"type":"Polygon","coordinates":[[[-4.03519,37.96536],[-4.03197,37.96264],[-4.03282,37.96056],[-4.0288,37.95918],[-4.02867,37.95692],[-4.02286,37.95178],[-4.01919,37.95045],[-4.01794,37.94736],[-4.01445,37.9464],[-4.01339,37.94378],[-4.00953,37.94293],[-4.00666,37.93737],[-3.99963,37.93813],[-3.9949,37.93706],[-3.9925,37.93949],[-3.98659,37.93955],[-3.98343,37.93766],[-3.98004,37.92943],[-3.97585,37.9296],[-3.96791,37.93421],[-3.95175,37.93835],[-3.94292,37.93663],[-3.9375,37.95335],[-3.94083,37.95487],[-3.94339,37.95892],[-3.94957,37.95889],[-3.94991,37.96728],[-3.95236,37.9712],[-3.95695,37.98985],[-3.96512,38.00043],[-3.97118,37.99828],[-3.98509,38.00086],[-4.02861,37.98723],[-4.03317,37.96863],[-4.03519,37.96536]]]}},{"type":"Feature","properties":{"mun_code":"23017","mun_name":"Cabra del Santo Cristo","mun_name_local":null,"prov_code":"23","prov_name":"Jaén","acom_code":"01","acom_name":"Andalucía","geo_point_2d":{"lon":-3.2462811143647667,"lat":37.70257912621432}},"geometry":{"type":"Polygon","coordinates":[[[-3.30877,37.75019],[-3.29986,37.73851],[-3.30227,37.7248],[-3.31376,37.69931],[-3.31353,37.68835],[-3.30517,37.66678],[-3.30634,37.64596],[-3.31223,37.63555],[-3.30865,37.6192],[-3.30104,37.5989],[-3.30171,37.59336],[-3.29693,37.58796],[-3.2908,37.59448],[-3.28878,37.60395],[-3.28611,37.60763],[-3.28031,37.61451],[-3.27313,37.61842],[-3.26112,37.63335],[-3.26296,37.63564],[-3.26249,37.63921],[-3.23353,37.63802],[-3.22579,37.63925],[-3.21574,37.64419],[-3.18108,37.64414],[-3.17205,37.64287],[-3.15225,37.62747],[-3.14783,37.62592],[-3.14942,37.63131],[-3.15409,37.63541],[-3.15748,37.64168],[-3.15862,37.65251],[-3.16569,37.66183],[-3.16035,37.68108],[-3.17185,37.70379],[-3.18229,37.71705],[-3.18904,37.71997],[-3.19708,37.7264],[-3.20026,37.73254],[-3.20744,37.73627],[-3.22387,37.73798],[-3.22993,37.74229],[-3.23294,37.74717],[-3.23391,37.7514],[-3.23246,37.75797],[-3.23091,37.76027],[-3.22709,37.76199],[-3.22498,37.76653],[-3.22522,37.78783],[-3.22041,37.80196],[-3.22362,37.81646],[-3.22035,37.82157],[-3.2264,37.82991],[-3.22569,37.83164],[-3.2276,37.83141],[-3.22927,37.82732],[-3.23256,37.82561],[-3.27356,37.81965],[-3.26901,37.80486],[-3.26818,37.79093],[-3.27109,37.76142],[-3.30462,37.75294],[-3.30826,37.75059],[-3.30877,37.75019]]]}},{"type":"Feature","properties":{"mun_code":"23047","mun_name":"La Iruela","mun_name_local":null,"prov_code":"23","prov_name":"Jaén","acom_code":"01","acom_name":"Andalucía","geo_point_2d":{"lon":-2.930645127988939,"lat":37.96498052234691}},"geometry":{"type":"Polygon","coordinates":[[[-3.04382,37.95627],[-3.04149,37.94325],[-3.03667,37.93803],[-3.02041,37.93572],[-3.00932,37.93163],[-3.00771,37.92829],[-3.00042,37.92908],[-2.99731,37.92696],[-2.99888,37.92565],[-2.99794,37.9188],[-2.98995,37.91562],[-2.98494,37.91538],[-2.98088,37.91738],[-2.97733,37.92254],[-2.9718,37.9236],[-2.96035,37.91768],[-2.95577,37.92809],[-2.95383,37.92806],[-2.95132,37.93064],[-2.94335,37.94157],[-2.93938,37.94256],[-2.92729,37.94076],[-2.92295,37.94402],[-2.91942,37.94395],[-2.9165,37.93932],[-2.91082,37.93722],[-2.90542,37.93684],[-2.89819,37.93954],[-2.89442,37.93897],[-2.88272,37.93537],[-2.87622,37.9313],[-2.86837,37.9295],[-2.86043,37.93501],[-2.8513,37.94634],[-2.85008,37.95149],[-2.84225,37.95721],[-2.84071,37.95771],[-2.83791,37.95486],[-2.83238,37.94537],[-2.82558,37.95164],[-2.81919,37.95423],[-2.81771,37.95868],[-2.81891,37.96229],[-2.81486,37.96792],[-2.81892,37.96855],[-2.81883,37.97427],[-2.81428,37.97929],[-2.81547,37.98304],[-2.81453,37.98637],[-2.81638,37.98795],[-2.82485,37.98873],[-2.82964,37.99473],[-2.84822,38.00203],[-2.84993,38.00406],[-2.84881,38.00589],[-2.85134,38.00789],[-2.85892,38.00917],[-2.86121,38.01539],[-2.87173,37.98299],[-2.87739,37.98356],[-2.87953,37.98138],[-2.88616,37.97878],[-2.88671,37.98153],[-2.91193,37.98614],[-2.92875,38.00084],[-2.93355,38.0083],[-2.94497,38.01277],[-2.94827,38.01274],[-2.95883,38.01032],[-2.9631,38.00716],[-2.96482,38.00317],[-2.96933,38.00035],[-2.98181,38.00284],[-2.98507,38.00107],[-2.98833,37.99628],[-2.99139,37.99899],[-2.99931,37.99472],[-3.00164,37.99484],[-3.00626,37.99043],[-3.00845,37.97787],[-3.01151,37.97887],[-3.02268,37.97182],[-3.02388,37.96729],[-3.02558,37.9664],[-3.02262,37.96459],[-3.02261,37.96014],[-3.0355,37.95529],[-3.03823,37.95542],[-3.03988,37.95716],[-3.04315,37.95657],[-3.04382,37.95627]]]}},{"type":"Feature","properties":{"mun_code":"23044","mun_name":"Huelma","mun_name_local":null,"prov_code":"23","prov_name":"Jaén","acom_code":"01","acom_name":"Andalucía","geo_point_2d":{"lon":-3.3971218321759022,"lat":37.64747828260407}},"geometry":{"type":"Polygon","coordinates":[[[-3.50647,37.61728],[-3.48006,37.60126],[-3.46116,37.59842],[-3.459,37.59503],[-3.45337,37.59129],[-3.45327,37.58859],[-3.44972,37.58446],[-3.43687,37.5739],[-3.43379,37.57555],[-3.42451,37.56953],[-3.40952,37.56733],[-3.3993,37.56405],[-3.38563,37.56534],[-3.37883,37.56416],[-3.37445,37.56751],[-3.36657,37.56761],[-3.35732,37.57637],[-3.35099,37.57488],[-3.34482,37.57562],[-3.33132,37.58184],[-3.32554,37.58175],[-3.31697,37.58491],[-3.30649,37.58625],[-3.30222,37.58873],[-3.29693,37.58796],[-3.30171,37.59336],[-3.30104,37.5989],[-3.30865,37.6192],[-3.31223,37.63555],[-3.30634,37.64596],[-3.30517,37.66678],[-3.31353,37.68835],[-3.31376,37.69931],[-3.30227,37.7248],[-3.29986,37.73851],[-3.30826,37.74988],[-3.31637,37.74973],[-3.32845,37.75339],[-3.33062,37.75243],[-3.32761,37.74757],[-3.32419,37.72942],[-3.33021,37.72464],[-3.33276,37.71638],[-3.33157,37.70983],[-3.33345,37.70277],[-3.33024,37.69835],[-3.33164,37.69723],[-3.33427,37.69774],[-3.34384,37.69254],[-3.35901,37.69562],[-3.36278,37.69876],[-3.371,37.7007],[-3.37498,37.70376],[-3.37864,37.70467],[-3.3767,37.70701],[-3.37787,37.70798],[-3.37621,37.70856],[-3.37707,37.71042],[-3.37127,37.71548],[-3.37077,37.71748],[-3.38063,37.71468],[-3.38939,37.71032],[-3.40285,37.71132],[-3.4114,37.7146],[-3.41728,37.72019],[-3.42214,37.72176],[-3.42712,37.72976],[-3.4275,37.73349],[-3.43981,37.73249],[-3.44579,37.73055],[-3.45402,37.73105],[-3.4563,37.73238],[-3.46497,37.72617],[-3.47611,37.72412],[-3.4695,37.715],[-3.46685,37.70415],[-3.47235,37.69136],[-3.47831,37.68792],[-3.48181,37.67932],[-3.48658,37.673],[-3.49067,37.67098],[-3.48886,37.66828],[-3.48982,37.66678],[-3.49929,37.65854],[-3.50032,37.64343],[-3.50775,37.62621],[-3.50581,37.6188],[-3.50647,37.61728]]]}},{"type":"Feature","properties":{"mun_code":"23903","mun_name":"Villatorres","mun_name_local":null,"prov_code":"23","prov_name":"Jaén","acom_code":"01","acom_name":"Andalucía","geo_point_2d":{"lon":-3.6939847374098664,"lat":37.929954159757656}},"geometry":{"type":"Polygon","coordinates":[[[-3.77602,37.92152],[-3.76349,37.91307],[-3.75509,37.91103],[-3.73778,37.91051],[-3.73274,37.92047],[-3.71342,37.9175],[-3.70667,37.91489],[-3.70462,37.91636],[-3.70104,37.91376],[-3.67475,37.91459],[-3.67379,37.91158],[-3.67531,37.91047],[-3.67394,37.9074],[-3.6764,37.90321],[-3.6728,37.89447],[-3.65522,37.89767],[-3.64991,37.89695],[-3.6487,37.8948],[-3.64153,37.89534],[-3.63429,37.89318],[-3.62859,37.88952],[-3.62322,37.88925],[-3.61493,37.88515],[-3.61477,37.89143],[-3.60079,37.90405],[-3.60717,37.91254],[-3.60963,37.91878],[-3.61623,37.91641],[-3.62531,37.90786],[-3.62477,37.91268],[-3.62818,37.92017],[-3.62473,37.92745],[-3.62844,37.92883],[-3.63707,37.93564],[-3.63065,37.95374],[-3.63385,37.96095],[-3.63955,37.95614],[-3.64221,37.94791],[-3.64846,37.94437],[-3.65362,37.94542],[-3.6624,37.94501],[-3.66804,37.94936],[-3.67182,37.94563],[-3.67435,37.94535],[-3.68398,37.95035],[-3.68936,37.95554],[-3.69278,37.95597],[-3.69978,37.95378],[-3.70656,37.95593],[-3.7097,37.95826],[-3.71137,37.9634],[-3.71883,37.96877],[-3.72567,37.96813],[-3.7348,37.9733],[-3.73571,37.97547],[-3.73431,37.97952],[-3.73805,37.98128],[-3.74055,37.981],[-3.73633,37.96534],[-3.73984,37.96462],[-3.74903,37.96679],[-3.75428,37.96046],[-3.75489,37.95464],[-3.75663,37.9544],[-3.75739,37.95097],[-3.78035,37.95046],[-3.78053,37.94755],[-3.77789,37.94713],[-3.77823,37.94378],[-3.77487,37.94226],[-3.77629,37.93989],[-3.7727,37.93788],[-3.77452,37.92965],[-3.77795,37.92518],[-3.7766,37.92249],[-3.77602,37.92152]]]}},{"type":"Feature","properties":{"mun_code":"23003","mun_name":"Alcaudete","mun_name_local":null,"prov_code":"23","prov_name":"Jaén","acom_code":"01","acom_name":"Andalucía","geo_point_2d":{"lon":-4.097373939567451,"lat":37.6029649734148}},"geometry":{"type":"Polygon","coordinates":[[[-4.2187,37.62695],[-4.22165,37.62263],[-4.22067,37.61995],[-4.21785,37.6198],[-4.21279,37.61607],[-4.21055,37.61681],[-4.20925,37.61116],[-4.20759,37.60983],[-4.20679,37.61314],[-4.20405,37.61304],[-4.2022,37.61509],[-4.19929,37.61417],[-4.19812,37.6118],[-4.19566,37.6115],[-4.19524,37.61535],[-4.18783,37.61656],[-4.18204,37.61521],[-4.17631,37.61016],[-4.17262,37.61059],[-4.17121,37.60844],[-4.1724,37.60659],[-4.16302,37.59937],[-4.16282,37.59779],[-4.16687,37.59526],[-4.17052,37.58851],[-4.16904,37.5871],[-4.16271,37.5887],[-4.16131,37.58788],[-4.16018,37.5845],[-4.16242,37.58176],[-4.15832,37.57973],[-4.16099,37.57516],[-4.15001,37.57435],[-4.14959,37.56771],[-4.14785,37.57056],[-4.14458,37.56906],[-4.14647,37.56631],[-4.14542,37.56327],[-4.14371,37.56339],[-4.13935,37.56018],[-4.13671,37.56232],[-4.13366,37.55824],[-4.13039,37.55854],[-4.12538,37.55409],[-4.12098,37.5543],[-4.12021,37.55293],[-4.12258,37.55161],[-4.12231,37.54683],[-4.12008,37.54822],[-4.11497,37.54772],[-4.11335,37.54535],[-4.11361,37.53992],[-4.11067,37.53746],[-4.10918,37.53325],[-4.10684,37.5324],[-4.10522,37.53405],[-4.0991,37.53067],[-4.09946,37.52837],[-4.09757,37.52767],[-4.09911,37.52227],[-4.09671,37.51695],[-4.0992,37.51468],[-4.09777,37.51133],[-4.09574,37.51153],[-4.09517,37.50993],[-4.08542,37.5136],[-4.07963,37.50926],[-4.07672,37.50971],[-4.07207,37.50732],[-4.06303,37.50737],[-4.05977,37.50547],[-4.03812,37.50869],[-4.03602,37.51167],[-4.02318,37.51526],[-4.0159,37.51565],[-4.01236,37.53064],[-4.00894,37.53537],[-4.01017,37.54462],[-4.00815,37.54721],[-4.00653,37.5591],[-4.00237,37.56835],[-4.00405,37.58445],[-4.00081,37.58965],[-3.98959,37.59878],[-3.99363,37.6024],[-3.99397,37.60609],[-3.99584,37.60639],[-3.99711,37.60942],[-4.0119,37.61756],[-4.01377,37.62002],[-4.02672,37.62462],[-4.03174,37.63114],[-4.03991,37.62957],[-4.05472,37.63342],[-4.05908,37.63825],[-4.06267,37.63984],[-4.06555,37.6396],[-4.07181,37.64285],[-4.0739,37.64683],[-4.07372,37.65086],[-4.07148,37.6522],[-4.06872,37.66059],[-4.07176,37.66796],[-4.06633,37.67752],[-4.06129,37.68208],[-4.06745,37.68839],[-4.07443,37.70197],[-4.07754,37.70479],[-4.08062,37.70591],[-4.08256,37.70232],[-4.09203,37.69576],[-4.0979,37.68653],[-4.10092,37.68504],[-4.10251,37.68632],[-4.10439,37.6856],[-4.11719,37.67742],[-4.13515,37.67663],[-4.15576,37.68081],[-4.16246,37.67942],[-4.16437,37.68151],[-4.17542,37.67738],[-4.18765,37.67003],[-4.21483,37.64674],[-4.2281,37.63954],[-4.22563,37.63807],[-4.22403,37.63102],[-4.21844,37.62762],[-4.2187,37.62695]]]}},{"type":"Feature","properties":{"mun_code":"23002","mun_name":"Alcalá la Real","mun_name_local":null,"prov_code":"23","prov_name":"Jaén","acom_code":"01","acom_name":"Andalucía","geo_point_2d":{"lon":-3.9320368991454844,"lat":37.45342975658905}},"geometry":{"type":"Polygon","coordinates":[[[-4.08735,37.48593],[-4.08526,37.48594],[-4.08178,37.48044],[-4.07016,37.47212],[-4.06043,37.47205],[-4.04814,37.46797],[-4.04558,37.46269],[-4.04031,37.45854],[-4.03766,37.45234],[-4.03104,37.44362],[-4.03187,37.44246],[-4.02902,37.44219],[-4.02772,37.43495],[-4.02241,37.42872],[-4.01888,37.41973],[-4.01359,37.4164],[-4.00183,37.40289],[-3.98647,37.39188],[-3.98369,37.38852],[-3.98108,37.38741],[-3.97319,37.38817],[-3.96497,37.38346],[-3.95089,37.37835],[-3.93661,37.37983],[-3.91227,37.3784],[-3.90488,37.38074],[-3.90086,37.38371],[-3.88123,37.38763],[-3.86905,37.38824],[-3.85432,37.3875],[-3.84353,37.38534],[-3.84122,37.38624],[-3.83637,37.39554],[-3.8305,37.40141],[-3.82542,37.40243],[-3.82423,37.40581],[-3.82749,37.41003],[-3.82653,37.41352],[-3.81803,37.42136],[-3.8171,37.42689],[-3.81354,37.43057],[-3.81361,37.43278],[-3.80877,37.43928],[-3.80221,37.45335],[-3.80836,37.45794],[-3.81127,37.45767],[-3.81684,37.46022],[-3.82308,37.4601],[-3.82576,37.46254],[-3.83906,37.46838],[-3.84872,37.46927],[-3.85552,37.47144],[-3.8589,37.47473],[-3.86611,37.48844],[-3.86637,37.49351],[-3.8681,37.49595],[-3.86403,37.50255],[-3.85832,37.50545],[-3.85858,37.50996],[-3.85661,37.51353],[-3.84681,37.51952],[-3.83786,37.52219],[-3.83532,37.52469],[-3.84456,37.53632],[-3.84617,37.53736],[-3.85018,37.53701],[-3.85644,37.54106],[-3.85664,37.53891],[-3.86025,37.5358],[-3.87616,37.53524],[-3.8799,37.53854],[-3.88516,37.53856],[-3.89703,37.53211],[-3.9024,37.52542],[-3.90489,37.52567],[-3.90382,37.52301],[-3.90821,37.52156],[-3.90846,37.5182],[-3.9112,37.51731],[-3.91462,37.5183],[-3.91801,37.51535],[-3.92145,37.51582],[-3.92365,37.51452],[-3.92851,37.51649],[-3.93739,37.51509],[-3.96743,37.49606],[-3.97184,37.49703],[-3.97354,37.4922],[-3.97754,37.4922],[-3.97886,37.49346],[-3.9811,37.49256],[-3.98268,37.49561],[-4.00273,37.50296],[-4.0159,37.51565],[-4.02098,37.51539],[-4.03602,37.51167],[-4.03812,37.50869],[-4.06263,37.50439],[-4.07281,37.49635],[-4.07503,37.49417],[-4.07444,37.49304],[-4.08468,37.48913],[-4.08765,37.48608],[-4.08735,37.48593]]]}},{"type":"Feature","properties":{"mun_code":"23065","mun_name":"Orcera","mun_name_local":null,"prov_code":"23","prov_name":"Jaén","acom_code":"01","acom_name":"Andalucía","geo_point_2d":{"lon":-2.735979242935694,"lat":38.36803862749489}},"geometry":{"type":"MultiPolygon","coordinates":[[[[-2.71206,38.33944],[-2.72131,38.32562],[-2.72399,38.32576],[-2.73533,38.32096],[-2.75082,38.31886],[-2.75406,38.30985],[-2.7606,38.30508],[-2.75582,38.30524],[-2.74993,38.30024],[-2.72779,38.30819],[-2.71712,38.30473],[-2.7039,38.30324],[-2.6908,38.30488],[-2.68664,38.30651],[-2.65802,38.30842],[-2.63609,38.31615],[-2.61409,38.30432],[-2.61008,38.29911],[-2.61352,38.29533],[-2.6101,38.29367],[-2.61106,38.28909],[-2.60758,38.28552],[-2.61026,38.2811],[-2.60796,38.27796],[-2.6096,38.27218],[-2.60843,38.26161],[-2.60327,38.26152],[-2.59459,38.26471],[-2.5952,38.25842],[-2.60036,38.25293],[-2.59761,38.24982],[-2.59412,38.24838],[-2.58633,38.25221],[-2.58333,38.24656],[-2.58102,38.24644],[-2.57829,38.25091],[-2.57048,38.2583],[-2.56602,38.26019],[-2.55833,38.26667],[-2.56222,38.27016],[-2.56052,38.27717],[-2.56668,38.28902],[-2.57049,38.29181],[-2.57783,38.30353],[-2.58181,38.30703],[-2.58321,38.31489],[-2.58664,38.31794],[-2.59048,38.31813],[-2.59186,38.33028],[-2.59982,38.3339],[-2.5967,38.33796],[-2.5958,38.3434],[-2.60385,38.34386],[-2.61105,38.34854],[-2.61086,38.34747],[-2.62267,38.34116],[-2.64038,38.33692],[-2.64505,38.33716],[-2.64786,38.33967],[-2.67039,38.34193],[-2.68138,38.34508],[-2.68939,38.34421],[-2.69622,38.34511],[-2.70491,38.33942],[-2.71152,38.33949],[-2.71206,38.33944]]],[[[-2.88014,38.45241],[-2.88413,38.45219],[-2.88772,38.44942],[-2.88474,38.44565],[-2.88598,38.44479],[-2.88898,38.4456],[-2.88977,38.44453],[-2.88647,38.44112],[-2.89203,38.43924],[-2.89297,38.43745],[-2.89045,38.43282],[-2.89322,38.42648],[-2.88803,38.42311],[-2.88737,38.42081],[-2.89231,38.42057],[-2.89278,38.41583],[-2.89498,38.41228],[-2.90122,38.40871],[-2.89933,38.4033],[-2.90671,38.40298],[-2.90507,38.40017],[-2.89967,38.3999],[-2.90117,38.39752],[-2.90584,38.39695],[-2.90758,38.3951],[-2.90255,38.38876],[-2.91064,38.38741],[-2.91027,38.38631],[-2.90327,38.38432],[-2.90671,38.37963],[-2.90354,38.37555],[-2.90851,38.37468],[-2.90859,38.37187],[-2.90259,38.37295],[-2.90016,38.37218],[-2.89629,38.37771],[-2.88641,38.3803],[-2.88273,38.3855],[-2.87774,38.38592],[-2.87524,38.38958],[-2.87068,38.38846],[-2.86649,38.39641],[-2.86215,38.39527],[-2.85667,38.40055],[-2.8535,38.40152],[-2.85507,38.40477],[-2.85113,38.40756],[-2.85356,38.41173],[-2.85278,38.41746],[-2.85024,38.42421],[-2.84413,38.42849],[-2.84307,38.43817],[-2.84032,38.44386],[-2.83575,38.44564],[-2.82001,38.44391],[-2.81463,38.44562],[-2.8065,38.45267],[-2.79751,38.45708],[-2.79328,38.46709],[-2.78695,38.47237],[-2.80111,38.48605],[-2.80275,38.4917],[-2.80669,38.49678],[-2.80823,38.49747],[-2.80963,38.49517],[-2.81412,38.4967],[-2.81224,38.49176],[-2.81415,38.49166],[-2.81705,38.49418],[-2.82141,38.48946],[-2.82556,38.48776],[-2.82312,38.48541],[-2.82875,38.4881],[-2.83141,38.48758],[-2.83323,38.48457],[-2.83021,38.47973],[-2.83169,38.47756],[-2.8348,38.47821],[-2.83466,38.4825],[-2.83788,38.4857],[-2.8412,38.48284],[-2.83997,38.47822],[-2.842,38.47885],[-2.84337,38.48149],[-2.84781,38.48182],[-2.8508,38.47954],[-2.85465,38.47884],[-2.84998,38.47618],[-2.85022,38.47492],[-2.8541,38.47415],[-2.86102,38.47549],[-2.85949,38.47032],[-2.86276,38.47176],[-2.86742,38.47103],[-2.86903,38.4699],[-2.86872,38.4653],[-2.8792,38.46309],[-2.87674,38.45623],[-2.87876,38.45628],[-2.88187,38.45881],[-2.88378,38.45803],[-2.88021,38.45293],[-2.88014,38.45241]]]]}},{"type":"Feature","properties":{"mun_code":"23041","mun_name":"Higuera de Calatrava","mun_name_local":null,"prov_code":"23","prov_name":"Jaén","acom_code":"01","acom_name":"Andalucía","geo_point_2d":{"lon":-4.153964210332769,"lat":37.795574258461315}},"geometry":{"type":"Polygon","coordinates":[[[-4.21162,37.78274],[-4.20682,37.77891],[-4.20798,37.77721],[-4.2048,37.77813],[-4.20027,37.77431],[-4.19449,37.77298],[-4.19371,37.76955],[-4.18718,37.76713],[-4.18143,37.76743],[-4.17843,37.76896],[-4.17441,37.76765],[-4.16477,37.76852],[-4.15406,37.76735],[-4.1538,37.76338],[-4.15084,37.76085],[-4.14027,37.76936],[-4.14149,37.77264],[-4.13027,37.78022],[-4.13095,37.78111],[-4.11875,37.77771],[-4.11594,37.7854],[-4.11705,37.80714],[-4.11315,37.81704],[-4.11258,37.82348],[-4.11666,37.82134],[-4.11672,37.8233],[-4.12037,37.82516],[-4.12876,37.82705],[-4.13071,37.83511],[-4.13311,37.83734],[-4.13554,37.83683],[-4.13647,37.83162],[-4.14554,37.82799],[-4.1498,37.82905],[-4.15177,37.82704],[-4.15466,37.82604],[-4.15589,37.82691],[-4.15723,37.82327],[-4.16354,37.8234],[-4.16632,37.81977],[-4.16587,37.8111],[-4.17484,37.80709],[-4.17742,37.80346],[-4.18245,37.80379],[-4.18489,37.79961],[-4.19086,37.79816],[-4.19759,37.78917],[-4.21067,37.7839],[-4.21162,37.78274]]]}},{"type":"Feature","properties":{"mun_code":"23087","mun_name":"Torredonjimeno","mun_name_local":null,"prov_code":"23","prov_name":"Jaén","acom_code":"01","acom_name":"Andalucía","geo_point_2d":{"lon":-4.044130879923409,"lat":37.79503010958191}},"geometry":{"type":"Polygon","coordinates":[[[-4.15084,37.76085],[-4.14661,37.75759],[-4.14487,37.74965],[-4.13603,37.75032],[-4.12337,37.74504],[-4.1146,37.74475],[-4.11374,37.74636],[-4.11508,37.74708],[-4.11156,37.75464],[-4.0967,37.75575],[-4.09228,37.75848],[-4.08033,37.76096],[-4.06999,37.76185],[-4.05807,37.75899],[-4.05828,37.75696],[-4.05436,37.75272],[-4.0407,37.75048],[-4.03803,37.75229],[-4.03709,37.75094],[-4.03012,37.75214],[-4.031,37.75622],[-4.02873,37.75711],[-4.0282,37.75546],[-4.02512,37.75606],[-4.02338,37.75508],[-4.02356,37.76013],[-4.01955,37.75831],[-4.01671,37.76001],[-4.013,37.75885],[-4.01095,37.75978],[-4.00853,37.75778],[-4.00253,37.75723],[-3.99174,37.74531],[-3.9848,37.74473],[-3.97314,37.73806],[-3.96563,37.73686],[-3.95324,37.74135],[-3.94003,37.7418],[-3.93911,37.74287],[-3.9304,37.74388],[-3.92245,37.74809],[-3.91202,37.75686],[-3.9273,37.76689],[-3.93138,37.76548],[-3.93399,37.76652],[-3.94207,37.77506],[-3.94478,37.7759],[-3.95144,37.78208],[-3.97384,37.79755],[-3.98864,37.81742],[-4.01085,37.83169],[-4.0349,37.85683],[-4.06102,37.85832],[-4.07001,37.8603],[-4.07918,37.85766],[-4.09014,37.85752],[-4.09311,37.85589],[-4.11627,37.85752],[-4.11791,37.85419],[-4.12096,37.85306],[-4.12294,37.84814],[-4.12465,37.84747],[-4.12705,37.84853],[-4.1302,37.84553],[-4.12967,37.84378],[-4.13348,37.83922],[-4.13172,37.83826],[-4.13311,37.83734],[-4.13071,37.83511],[-4.12961,37.82806],[-4.11672,37.8233],[-4.11666,37.82134],[-4.11258,37.82348],[-4.11315,37.81704],[-4.11705,37.80714],[-4.11594,37.7854],[-4.11875,37.77771],[-4.13095,37.78111],[-4.13027,37.78022],[-4.14149,37.77264],[-4.14027,37.76936],[-4.1506,37.76134],[-4.15084,37.76085]]]}},{"type":"Feature","properties":{"mun_code":"23086","mun_name":"Torredelcampo","mun_name_local":null,"prov_code":"23","prov_name":"Jaén","acom_code":"01","acom_name":"Andalucía","geo_point_2d":{"lon":-3.912651721664708,"lat":37.82585294040773}},"geometry":{"type":"Polygon","coordinates":[[[-4.0002,37.87851],[-3.9974,37.87273],[-3.99783,37.86735],[-3.99232,37.85972],[-3.99253,37.85586],[-3.98011,37.84518],[-3.97419,37.83483],[-3.97225,37.8212],[-3.97961,37.81527],[-3.98521,37.81333],[-3.97384,37.79755],[-3.95144,37.78208],[-3.94478,37.7759],[-3.94207,37.77506],[-3.93399,37.76652],[-3.93138,37.76548],[-3.9273,37.76689],[-3.90499,37.75233],[-3.89547,37.74355],[-3.89318,37.73425],[-3.87984,37.73731],[-3.86863,37.73407],[-3.85976,37.73876],[-3.85098,37.73636],[-3.84334,37.73741],[-3.85048,37.75535],[-3.85013,37.75912],[-3.8449,37.76097],[-3.84005,37.77116],[-3.83744,37.78591],[-3.83374,37.79567],[-3.83693,37.8012],[-3.83503,37.81254],[-3.82891,37.81562],[-3.82607,37.81902],[-3.83155,37.83167],[-3.83764,37.84123],[-3.84818,37.84684],[-3.85388,37.8527],[-3.85916,37.85526],[-3.86231,37.86201],[-3.8667,37.86347],[-3.87152,37.86155],[-3.88308,37.86164],[-3.89344,37.86462],[-3.89553,37.86762],[-3.90155,37.87125],[-3.90525,37.8769],[-3.90688,37.87956],[-3.90694,37.88527],[-3.91783,37.9025],[-3.92274,37.90422],[-3.94124,37.91727],[-3.95004,37.92109],[-3.96418,37.93515],[-3.97585,37.9296],[-3.97402,37.92832],[-3.96743,37.9286],[-3.96609,37.92446],[-3.96427,37.92459],[-3.96156,37.92218],[-3.9631,37.91527],[-3.96151,37.91485],[-3.96556,37.91242],[-3.96427,37.91175],[-3.96288,37.91271],[-3.96237,37.91005],[-3.96469,37.91079],[-3.96823,37.90927],[-3.96714,37.90655],[-3.97009,37.90659],[-3.97214,37.90502],[-3.97183,37.90297],[-3.97538,37.9026],[-3.97532,37.89781],[-3.97816,37.89653],[-3.97764,37.89452],[-3.98043,37.89444],[-3.98995,37.88909],[-3.99523,37.88447],[-3.99772,37.88421],[-4.00002,37.87868],[-4.0002,37.87851]]]}},{"type":"Feature","properties":{"mun_code":"23020","mun_name":"Canena","mun_name_local":null,"prov_code":"23","prov_name":"Jaén","acom_code":"01","acom_name":"Andalucía","geo_point_2d":{"lon":-3.502062230534949,"lat":38.059068620226654}},"geometry":{"type":"Polygon","coordinates":[[[-3.50369,38.07348],[-3.50681,38.07308],[-3.51386,38.07557],[-3.51705,38.0784],[-3.52373,38.0778],[-3.52874,38.08127],[-3.53315,38.07386],[-3.52779,38.06318],[-3.51714,38.05025],[-3.51114,38.04924],[-3.50801,38.04477],[-3.50147,38.04323],[-3.49765,38.03876],[-3.49298,38.04102],[-3.49207,38.03949],[-3.48811,38.041],[-3.48207,38.03731],[-3.47925,38.03898],[-3.47491,38.03809],[-3.47375,38.0387],[-3.47591,38.04524],[-3.4781,38.04686],[-3.47529,38.05212],[-3.47844,38.05418],[-3.47621,38.05836],[-3.48041,38.06492],[-3.48319,38.06499],[-3.49097,38.07405],[-3.49447,38.07434],[-3.4988,38.07272],[-3.50285,38.0734],[-3.50369,38.07348]]]}},{"type":"Feature","properties":{"mun_code":"23072","mun_name":"La Puerta de Segura","mun_name_local":null,"prov_code":"23","prov_name":"Jaén","acom_code":"01","acom_name":"Andalucía","geo_point_2d":{"lon":-2.7884292866158416,"lat":38.37652891899011}},"geometry":{"type":"Polygon","coordinates":[[[-2.86923,38.37068],[-2.86765,38.37136],[-2.83984,38.36219],[-2.83199,38.35802],[-2.82253,38.36783],[-2.81608,38.37232],[-2.81204,38.36521],[-2.80875,38.3661],[-2.79757,38.36503],[-2.78209,38.35856],[-2.78942,38.35475],[-2.78446,38.34968],[-2.78138,38.34263],[-2.77733,38.34086],[-2.7747,38.33538],[-2.7773,38.3224],[-2.77692,38.31579],[-2.78013,38.31266],[-2.77904,38.31036],[-2.781,38.30819],[-2.77934,38.30295],[-2.77189,38.30353],[-2.76704,38.30658],[-2.7606,38.30508],[-2.75406,38.30985],[-2.75082,38.31886],[-2.73533,38.32096],[-2.72399,38.32576],[-2.72167,38.3254],[-2.71206,38.33944],[-2.71408,38.34343],[-2.72128,38.34892],[-2.71946,38.35665],[-2.71626,38.36108],[-2.71744,38.36331],[-2.72086,38.36464],[-2.71565,38.37473],[-2.71824,38.38003],[-2.72289,38.38223],[-2.72926,38.3832],[-2.73422,38.38683],[-2.73956,38.38743],[-2.74146,38.38019],[-2.74499,38.38369],[-2.75124,38.38516],[-2.75601,38.39809],[-2.76369,38.40372],[-2.77579,38.40661],[-2.78486,38.41372],[-2.79518,38.41814],[-2.82001,38.44391],[-2.83575,38.44564],[-2.84032,38.44386],[-2.84307,38.43817],[-2.84413,38.42849],[-2.85024,38.42421],[-2.85278,38.41746],[-2.85356,38.41173],[-2.85113,38.40756],[-2.85507,38.40477],[-2.8531,38.40201],[-2.85667,38.40055],[-2.86275,38.39505],[-2.85931,38.38707],[-2.86755,38.37702],[-2.86783,38.37434],[-2.86923,38.37068]]]}},{"type":"Feature","properties":{"mun_code":"23015","mun_name":"Bélmez de la Moraleda","mun_name_local":null,"prov_code":"23","prov_name":"Jaén","acom_code":"01","acom_name":"Andalucía","geo_point_2d":{"lon":-3.370202528719783,"lat":37.73212604179786}},"geometry":{"type":"Polygon","coordinates":[[[-3.4275,37.73349],[-3.42712,37.72976],[-3.42252,37.72217],[-3.41728,37.72019],[-3.40963,37.71367],[-3.39331,37.7099],[-3.38581,37.71137],[-3.38063,37.71468],[-3.37077,37.71748],[-3.37127,37.71548],[-3.37707,37.71042],[-3.37621,37.70856],[-3.37787,37.70798],[-3.3767,37.70701],[-3.37864,37.70467],[-3.37498,37.70376],[-3.371,37.7007],[-3.36278,37.69876],[-3.35738,37.69509],[-3.3448,37.69242],[-3.33427,37.69774],[-3.33164,37.69723],[-3.33024,37.69835],[-3.33345,37.70277],[-3.33157,37.70983],[-3.33276,37.71638],[-3.33021,37.72464],[-3.32419,37.72942],[-3.32761,37.74757],[-3.33062,37.75243],[-3.32955,37.75349],[-3.33668,37.76204],[-3.34781,37.76104],[-3.35478,37.76203],[-3.35738,37.76104],[-3.35897,37.7626],[-3.36266,37.76131],[-3.36709,37.76253],[-3.37267,37.76721],[-3.38299,37.76512],[-3.38829,37.76035],[-3.40527,37.7568],[-3.41345,37.7532],[-3.41594,37.7494],[-3.41356,37.74498],[-3.41559,37.74113],[-3.41927,37.7399],[-3.42722,37.73401],[-3.4275,37.73349]]]}},{"type":"Feature","properties":{"mun_code":"23073","mun_name":"Quesada","mun_name_local":null,"prov_code":"23","prov_name":"Jaén","acom_code":"01","acom_name":"Andalucía","geo_point_2d":{"lon":-3.0879956233166785,"lat":37.78203484770337}},"geometry":{"type":"Polygon","coordinates":[[[-3.22569,37.83164],[-3.2264,37.82991],[-3.22035,37.82157],[-3.22361,37.81683],[-3.22288,37.81041],[-3.21679,37.80799],[-3.18315,37.80132],[-3.17427,37.79396],[-3.16647,37.78495],[-3.16455,37.78001],[-3.14953,37.77049],[-3.14902,37.76893],[-3.16312,37.75512],[-3.16556,37.74907],[-3.17016,37.74707],[-3.18586,37.73059],[-3.19708,37.7264],[-3.18904,37.71997],[-3.18229,37.71705],[-3.17641,37.7099],[-3.17123,37.70274],[-3.16052,37.68154],[-3.16569,37.66183],[-3.15862,37.65251],[-3.15748,37.64168],[-3.15409,37.63541],[-3.14942,37.63131],[-3.14799,37.62612],[-3.14507,37.62296],[-3.13216,37.61408],[-3.11615,37.60801],[-3.09973,37.60549],[-3.09942,37.60216],[-3.09169,37.59656],[-3.08937,37.5975],[-3.08657,37.59669],[-3.08326,37.60083],[-3.07829,37.60149],[-3.0853,37.60829],[-3.08592,37.61244],[-3.0846,37.61444],[-3.0859,37.61926],[-3.08882,37.62207],[-3.0897,37.62884],[-3.09341,37.63488],[-3.09077,37.64586],[-3.09457,37.65388],[-3.09225,37.66515],[-3.0864,37.66787],[-3.08305,37.67283],[-3.09167,37.67752],[-3.10666,37.67921],[-3.11018,37.68231],[-3.10545,37.68708],[-3.10315,37.69217],[-3.10604,37.6952],[-3.10531,37.69759],[-3.10692,37.70215],[-3.11411,37.71076],[-3.1173,37.72487],[-3.1117,37.73622],[-3.11086,37.74204],[-3.11534,37.74189],[-3.12408,37.74783],[-3.12451,37.75551],[-3.12067,37.75912],[-3.12213,37.76502],[-3.12049,37.7674],[-3.12239,37.77095],[-3.13096,37.77029],[-3.1375,37.78483],[-3.1336,37.78572],[-3.13171,37.7836],[-3.12443,37.78065],[-3.10639,37.78314],[-3.10067,37.78549],[-3.08996,37.78534],[-3.07945,37.78774],[-3.06569,37.78885],[-3.06241,37.78698],[-3.0541,37.79162],[-3.04496,37.78298],[-3.0448,37.77838],[-3.0497,37.76886],[-3.05382,37.76527],[-3.05336,37.75413],[-3.04954,37.75157],[-3.04762,37.74761],[-3.03538,37.74886],[-3.02632,37.74409],[-3.01344,37.74899],[-3.01179,37.75215],[-3.00745,37.75433],[-2.99623,37.75561],[-2.97961,37.76206],[-2.97296,37.76633],[-2.96548,37.77837],[-2.95398,37.78739],[-2.95324,37.79017],[-2.95678,37.7965],[-2.95419,37.80212],[-2.95554,37.81339],[-2.94799,37.83085],[-2.95584,37.8335],[-2.95773,37.84259],[-2.95683,37.84672],[-2.96141,37.84913],[-2.96598,37.84642],[-2.9871,37.85986],[-2.99611,37.86225],[-3.00105,37.86555],[-3.00419,37.87073],[-3.01992,37.87815],[-3.03425,37.8885],[-3.04801,37.8916],[-3.07337,37.89452],[-3.0916,37.8906],[-3.10064,37.89111],[-3.10081,37.88848],[-3.10338,37.88646],[-3.11616,37.8795],[-3.12194,37.8741],[-3.13236,37.86917],[-3.13447,37.86531],[-3.14938,37.85274],[-3.15623,37.84909],[-3.1656,37.8466],[-3.17271,37.84101],[-3.18406,37.83728],[-3.18998,37.8318],[-3.19675,37.83718],[-3.20806,37.83854],[-3.221,37.83555],[-3.22558,37.83181],[-3.22569,37.83164]]]}},{"type":"Feature","properties":{"mun_code":"23037","mun_name":"Génave","mun_name_local":null,"prov_code":"23","prov_name":"Jaén","acom_code":"01","acom_name":"Andalucía","geo_point_2d":{"lon":-2.75215420783121,"lat":38.44141857238457}},"geometry":{"type":"Polygon","coordinates":[[[-2.82001,38.44391],[-2.79518,38.41814],[-2.78486,38.41372],[-2.77579,38.40661],[-2.76369,38.40372],[-2.75825,38.39931],[-2.75444,38.40167],[-2.74893,38.4002],[-2.73704,38.40197],[-2.73262,38.41204],[-2.72905,38.4128],[-2.72047,38.41887],[-2.70411,38.42669],[-2.70049,38.43145],[-2.69745,38.43247],[-2.69,38.44451],[-2.68623,38.44662],[-2.71037,38.4686],[-2.71317,38.47271],[-2.72071,38.47775],[-2.72242,38.481],[-2.73015,38.4835],[-2.73942,38.4764],[-2.74362,38.46903],[-2.75411,38.46739],[-2.75732,38.46477],[-2.76204,38.47182],[-2.76841,38.4754],[-2.76988,38.47843],[-2.77095,38.47679],[-2.77951,38.47614],[-2.78485,38.47387],[-2.79328,38.46709],[-2.79605,38.45872],[-2.79946,38.45532],[-2.8065,38.45267],[-2.81273,38.44693],[-2.81724,38.44471],[-2.82001,38.44391]]]}},{"type":"Feature","properties":{"mun_code":"23060","mun_name":"Martos","mun_name_local":null,"prov_code":"23","prov_name":"Jaén","acom_code":"01","acom_name":"Andalucía","geo_point_2d":{"lon":-4.0180772661862045,"lat":37.68974613036669}},"geometry":{"type":"Polygon","coordinates":[[[-4.18384,37.70631],[-4.18227,37.70571],[-4.18007,37.69902],[-4.16308,37.67955],[-4.15576,37.68081],[-4.13515,37.67663],[-4.12743,37.67731],[-4.12419,37.67639],[-4.11508,37.6782],[-4.10439,37.6856],[-4.10251,37.68632],[-4.10092,37.68504],[-4.0979,37.68653],[-4.09203,37.69576],[-4.08256,37.70232],[-4.08062,37.70591],[-4.07913,37.7055],[-4.07492,37.70263],[-4.06745,37.68839],[-4.06129,37.68208],[-4.06633,37.67752],[-4.07176,37.66796],[-4.06872,37.66059],[-4.07148,37.6522],[-4.07372,37.65086],[-4.0739,37.64683],[-4.07146,37.64257],[-4.06555,37.6396],[-4.06267,37.63984],[-4.05908,37.63825],[-4.05472,37.63342],[-4.03991,37.62957],[-4.03174,37.63114],[-4.02672,37.62462],[-4.01377,37.62002],[-4.0119,37.61756],[-3.99711,37.60942],[-3.99584,37.60639],[-3.99397,37.60609],[-3.99363,37.6024],[-3.98959,37.59878],[-3.97552,37.59705],[-3.96669,37.59376],[-3.95316,37.59345],[-3.93945,37.58806],[-3.92965,37.59077],[-3.91755,37.58491],[-3.91333,37.58122],[-3.90307,37.58094],[-3.89852,37.57895],[-3.88359,37.57616],[-3.87886,37.57705],[-3.87802,37.58312],[-3.87355,37.58849],[-3.87319,37.59103],[-3.87974,37.5899],[-3.89205,37.58402],[-3.89303,37.58618],[-3.89641,37.58775],[-3.90017,37.58738],[-3.90217,37.58526],[-3.91174,37.58232],[-3.91704,37.58843],[-3.91791,37.59551],[-3.92325,37.59671],[-3.92614,37.5989],[-3.93468,37.59974],[-3.93323,37.6075],[-3.93566,37.60821],[-3.93653,37.61022],[-3.94022,37.61083],[-3.94404,37.6137],[-3.94411,37.6157],[-3.94947,37.61854],[-3.95597,37.64369],[-3.95565,37.6488],[-3.95328,37.65254],[-3.95397,37.65572],[-3.95181,37.65952],[-3.91232,37.67473],[-3.90499,37.6761],[-3.90048,37.67468],[-3.88669,37.67853],[-3.88928,37.72891],[-3.89655,37.73487],[-3.90427,37.73187],[-3.9088,37.72723],[-3.91393,37.72736],[-3.92382,37.72264],[-3.929,37.72748],[-3.93944,37.73146],[-3.93811,37.7387],[-3.94003,37.7418],[-3.95324,37.74135],[-3.96563,37.73686],[-3.97249,37.73784],[-3.98446,37.7446],[-3.99174,37.74531],[-4.00253,37.75723],[-4.00853,37.75778],[-4.01095,37.75978],[-4.013,37.75885],[-4.01671,37.76001],[-4.01955,37.75831],[-4.02356,37.76013],[-4.02338,37.75508],[-4.02512,37.75606],[-4.0282,37.75546],[-4.02873,37.75711],[-4.031,37.75622],[-4.03012,37.75214],[-4.03709,37.75094],[-4.03803,37.75229],[-4.0407,37.75048],[-4.05436,37.75272],[-4.05828,37.75696],[-4.05807,37.75899],[-4.06999,37.76185],[-4.08033,37.76096],[-4.09228,37.75848],[-4.0967,37.75575],[-4.11156,37.75464],[-4.11508,37.74708],[-4.11394,37.74488],[-4.12337,37.74504],[-4.13603,37.75032],[-4.13878,37.74408],[-4.14203,37.7421],[-4.1468,37.72709],[-4.1547,37.72253],[-4.16847,37.71152],[-4.18294,37.70713],[-4.18384,37.70631]]]}},{"type":"Feature","properties":{"mun_code":"23085","mun_name":"Torreblascopedro","mun_name_local":null,"prov_code":"23","prov_name":"Jaén","acom_code":"01","acom_name":"Andalucía","geo_point_2d":{"lon":-3.660910033715706,"lat":37.98415714783303}},"geometry":{"type":"Polygon","coordinates":[[[-3.74299,37.98878],[-3.74351,37.9857],[-3.74895,37.98201],[-3.74857,37.97878],[-3.74634,37.97788],[-3.74006,37.98117],[-3.73574,37.98067],[-3.7342,37.97921],[-3.73571,37.97547],[-3.7348,37.9733],[-3.72567,37.96813],[-3.71883,37.96877],[-3.71137,37.9634],[-3.7097,37.95826],[-3.70498,37.95517],[-3.69978,37.95378],[-3.69278,37.95597],[-3.68936,37.95554],[-3.68398,37.95035],[-3.67435,37.94535],[-3.67182,37.94563],[-3.66804,37.94936],[-3.6624,37.94501],[-3.65362,37.94542],[-3.64926,37.94426],[-3.64221,37.94791],[-3.642,37.95124],[-3.63662,37.96085],[-3.63973,37.97236],[-3.62226,37.98338],[-3.60503,37.98497],[-3.58815,37.9885],[-3.58369,37.99059],[-3.58994,38.00017],[-3.59145,38.0064],[-3.5975,38.00811],[-3.59717,38.01511],[-3.6095,38.01774],[-3.61558,38.01682],[-3.61727,38.01521],[-3.61993,38.01841],[-3.62504,38.01939],[-3.62579,38.02211],[-3.62852,38.024],[-3.63351,38.01904],[-3.64196,38.01607],[-3.64609,38.01538],[-3.65351,38.01827],[-3.66309,38.00846],[-3.68405,38.00693],[-3.69181,38.0002],[-3.70104,37.99706],[-3.71233,37.98696],[-3.72649,37.98712],[-3.73355,37.98563],[-3.7422,37.98845],[-3.74299,37.98878]]]}},{"type":"Feature","properties":{"mun_code":"23033","mun_name":"Frailes","mun_name_local":null,"prov_code":"23","prov_name":"Jaén","acom_code":"01","acom_name":"Andalucía","geo_point_2d":{"lon":-3.8239194893145183,"lat":37.49283587829345}},"geometry":{"type":"Polygon","coordinates":[[[-3.83747,37.52759],[-3.83532,37.52469],[-3.83718,37.5226],[-3.84681,37.51952],[-3.8576,37.51238],[-3.85832,37.50545],[-3.86403,37.50255],[-3.8681,37.49595],[-3.86637,37.49351],[-3.86611,37.48844],[-3.8589,37.47473],[-3.85552,37.47144],[-3.84872,37.46927],[-3.83906,37.46838],[-3.82576,37.46254],[-3.82308,37.4601],[-3.81684,37.46022],[-3.81127,37.45767],[-3.80813,37.45795],[-3.80828,37.45988],[-3.80204,37.46074],[-3.79172,37.46619],[-3.79099,37.4729],[-3.78656,37.47832],[-3.79155,37.47888],[-3.79255,37.48247],[-3.79076,37.48288],[-3.78558,37.4909],[-3.78331,37.49188],[-3.78153,37.49035],[-3.77767,37.49006],[-3.77569,37.49143],[-3.77976,37.49644],[-3.78838,37.49863],[-3.79134,37.50142],[-3.79334,37.50774],[-3.79247,37.51249],[-3.79591,37.51973],[-3.80392,37.52267],[-3.80818,37.52227],[-3.81665,37.52644],[-3.82056,37.52178],[-3.8305,37.52647],[-3.83462,37.52474],[-3.83595,37.52704],[-3.83747,37.52759]]]}},{"type":"Feature","properties":{"mun_code":"23901","mun_name":"Cárcheles","mun_name_local":null,"prov_code":"23","prov_name":"Jaén","acom_code":"01","acom_name":"Andalucía","geo_point_2d":{"lon":-3.637071877425773,"lat":37.641835240755356}},"geometry":{"type":"Polygon","coordinates":[[[-3.67171,37.66765],[-3.67461,37.66241],[-3.6715,37.65665],[-3.67309,37.65312],[-3.66778,37.64193],[-3.66065,37.63348],[-3.6614,37.62022],[-3.65309,37.60561],[-3.63715,37.60031],[-3.63254,37.60042],[-3.62247,37.60352],[-3.61895,37.60648],[-3.6191,37.60811],[-3.6083,37.61382],[-3.6082,37.61582],[-3.59974,37.61774],[-3.60161,37.61862],[-3.60291,37.62192],[-3.60206,37.62738],[-3.60369,37.63055],[-3.60258,37.63173],[-3.60499,37.6329],[-3.60564,37.63885],[-3.60974,37.63942],[-3.60914,37.64141],[-3.61112,37.64191],[-3.60819,37.64315],[-3.60739,37.64513],[-3.60521,37.6576],[-3.61231,37.65982],[-3.61471,37.66274],[-3.61767,37.66255],[-3.61706,37.66448],[-3.6183,37.66515],[-3.61655,37.66678],[-3.62035,37.66843],[-3.61933,37.6713],[-3.62265,37.67328],[-3.63013,37.68895],[-3.64193,37.6778],[-3.64951,37.67876],[-3.65606,37.67748],[-3.66067,37.67516],[-3.66231,37.67019],[-3.67071,37.66776],[-3.67171,37.66765]]]}},{"type":"Feature","properties":{"mun_code":"53050","mun_name":"Cuarto del Madroño","mun_name_local":null,"prov_code":"23","prov_name":"Jaén","acom_code":"01","acom_name":"Andalucía","geo_point_2d":{"lon":-2.7558076256016872,"lat":38.517475782886294}},"geometry":{"type":"Polygon","coordinates":[[[-2.77955,38.50976],[-2.77767,38.51168],[-2.77338,38.51052],[-2.77255,38.51218],[-2.77143,38.51087],[-2.76547,38.51008],[-2.76332,38.51218],[-2.76066,38.5091],[-2.75926,38.51002],[-2.75309,38.50942],[-2.75205,38.50546],[-2.74781,38.50734],[-2.74196,38.50575],[-2.7281,38.5119],[-2.73254,38.51426],[-2.73632,38.5196],[-2.73989,38.52166],[-2.74893,38.52514],[-2.75515,38.52573],[-2.76456,38.53207],[-2.76573,38.5307],[-2.76959,38.53253],[-2.77092,38.53199],[-2.76837,38.53053],[-2.76906,38.52923],[-2.77396,38.5286],[-2.77629,38.52614],[-2.77291,38.52344],[-2.77087,38.51924],[-2.77565,38.51891],[-2.77709,38.51555],[-2.781,38.51533],[-2.77936,38.51054],[-2.77955,38.50976]]]}},{"type":"Feature","properties":{"mun_code":"23004","mun_name":"Aldeaquemada","mun_name_local":null,"prov_code":"23","prov_name":"Jaén","acom_code":"01","acom_name":"Andalucía","geo_point_2d":{"lon":-3.3606098195028467,"lat":38.403550965692816}},"geometry":{"type":"Polygon","coordinates":[[[-3.45316,38.4002],[-3.45199,38.39773],[-3.4436,38.39265],[-3.44305,38.39077],[-3.4437,38.38898],[-3.44919,38.38697],[-3.45205,38.38336],[-3.44908,38.38054],[-3.45151,38.37601],[-3.45148,38.36933],[-3.43992,38.36759],[-3.43635,38.36448],[-3.4294,38.36193],[-3.42599,38.35748],[-3.41744,38.35538],[-3.40262,38.35681],[-3.39112,38.35164],[-3.38699,38.35373],[-3.38634,38.35595],[-3.38006,38.35415],[-3.37896,38.3576],[-3.37491,38.35399],[-3.37086,38.35354],[-3.36631,38.36239],[-3.3477,38.36105],[-3.33922,38.36388],[-3.29798,38.36917],[-3.29665,38.37163],[-3.29288,38.37333],[-3.29066,38.37785],[-3.28179,38.38005],[-3.28721,38.38577],[-3.2922,38.39869],[-3.28912,38.40724],[-3.2901,38.40953],[-3.28756,38.41144],[-3.28933,38.41568],[-3.2876,38.41758],[-3.28946,38.42178],[-3.30146,38.43553],[-3.30715,38.43805],[-3.30997,38.44133],[-3.30741,38.44521],[-3.31061,38.44901],[-3.30506,38.45922],[-3.30495,38.46277],[-3.30812,38.4669],[-3.30751,38.47154],[-3.31135,38.47239],[-3.32232,38.47297],[-3.34588,38.46586],[-3.34731,38.45703],[-3.34946,38.4547],[-3.35357,38.45407],[-3.36415,38.44769],[-3.38037,38.45055],[-3.38069,38.44602],[-3.37566,38.44241],[-3.37668,38.4396],[-3.38867,38.434],[-3.4019,38.42395],[-3.4104,38.42356],[-3.41761,38.4149],[-3.42253,38.4115],[-3.42482,38.4068],[-3.43324,38.40803],[-3.43789,38.40459],[-3.44232,38.40438],[-3.4517,38.40032],[-3.45316,38.4002]]]}},{"type":"Feature","properties":{"mun_code":"23034","mun_name":"Fuensanta de Martos","mun_name_local":null,"prov_code":"23","prov_name":"Jaén","acom_code":"01","acom_name":"Andalucía","geo_point_2d":{"lon":-3.911711512365725,"lat":37.63091839473467}},"geometry":{"type":"Polygon","coordinates":[[[-3.88669,37.67853],[-3.90048,37.67468],[-3.90499,37.6761],[-3.91232,37.67473],[-3.95181,37.65952],[-3.95397,37.65572],[-3.95328,37.65254],[-3.95565,37.6488],[-3.95597,37.64369],[-3.94947,37.61854],[-3.94411,37.6157],[-3.94404,37.6137],[-3.94022,37.61083],[-3.93653,37.61022],[-3.93566,37.60821],[-3.93323,37.6075],[-3.93468,37.59974],[-3.92614,37.5989],[-3.92325,37.59671],[-3.91791,37.59551],[-3.91704,37.58843],[-3.91174,37.58232],[-3.90217,37.58526],[-3.90017,37.58738],[-3.89641,37.58775],[-3.89303,37.58618],[-3.89205,37.58402],[-3.87236,37.59217],[-3.87022,37.60612],[-3.87638,37.61488],[-3.8834,37.63366],[-3.88293,37.65563],[-3.88446,37.65859],[-3.88413,37.6702],[-3.88671,37.67793],[-3.88669,37.67853]]]}},{"type":"Feature","properties":{"mun_code":"23043","mun_name":"Hornos","mun_name_local":null,"prov_code":"23","prov_name":"Jaén","acom_code":"01","acom_name":"Andalucía","geo_point_2d":{"lon":-2.7326417471688904,"lat":38.18579182540935}},"geometry":{"type":"MultiPolygon","coordinates":[[[[-2.8064,38.08241],[-2.80311,38.0829],[-2.80123,38.08499],[-2.80221,38.08845],[-2.79804,38.09538],[-2.79253,38.09552],[-2.79108,38.09847],[-2.78582,38.1002],[-2.78061,38.09834],[-2.77742,38.09858],[-2.77075,38.10387],[-2.76759,38.10377],[-2.76139,38.11264],[-2.76373,38.11614],[-2.76524,38.12464],[-2.77046,38.12538],[-2.77552,38.12446],[-2.77752,38.12761],[-2.78191,38.12336],[-2.78437,38.12553],[-2.77938,38.13156],[-2.77968,38.13614],[-2.77764,38.13837],[-2.78125,38.14568],[-2.78267,38.14606],[-2.79642,38.14603],[-2.80049,38.14414],[-2.80373,38.13866],[-2.81189,38.13784],[-2.81759,38.11672],[-2.8258,38.1051],[-2.82883,38.09764],[-2.828,38.09603],[-2.82093,38.09536],[-2.81353,38.09136],[-2.8139,38.08839],[-2.81206,38.08584],[-2.80714,38.08261],[-2.8064,38.08241]]],[[[-2.79443,38.20747],[-2.79129,38.20624],[-2.80404,38.19249],[-2.797,38.18181],[-2.79525,38.17237],[-2.78954,38.1692],[-2.78586,38.16992],[-2.78333,38.16883],[-2.75543,38.16706],[-2.75051,38.16535],[-2.73766,38.17049],[-2.72783,38.17101],[-2.71947,38.17738],[-2.70983,38.17767],[-2.70687,38.17581],[-2.7008,38.17771],[-2.69134,38.17596],[-2.68781,38.17476],[-2.68766,38.17335],[-2.67308,38.17356],[-2.63422,38.1664],[-2.6325,38.16684],[-2.63276,38.16923],[-2.6297,38.17426],[-2.63455,38.18265],[-2.6353,38.19446],[-2.64064,38.19562],[-2.65112,38.20448],[-2.65196,38.20777],[-2.65071,38.2119],[-2.6533,38.21644],[-2.65128,38.21844],[-2.65244,38.22085],[-2.6511,38.22836],[-2.65385,38.2316],[-2.65306,38.23865],[-2.65542,38.24174],[-2.65983,38.24115],[-2.66782,38.233],[-2.67403,38.23171],[-2.68273,38.23468],[-2.68892,38.24046],[-2.69717,38.24289],[-2.7131,38.24337],[-2.71465,38.24499],[-2.74257,38.23797],[-2.74426,38.23602],[-2.74936,38.23736],[-2.75183,38.23946],[-2.7557,38.23988],[-2.76173,38.23753],[-2.76845,38.24192],[-2.7695,38.24041],[-2.76851,38.2319],[-2.77798,38.22208],[-2.7791,38.21964],[-2.7781,38.21808],[-2.78175,38.21369],[-2.78133,38.21052],[-2.78284,38.20906],[-2.78603,38.21099],[-2.79059,38.20708],[-2.79369,38.20752],[-2.79443,38.20747]]]]}},{"type":"Feature","properties":{"mun_code":"23056","mun_name":"Lopera","mun_name_local":null,"prov_code":"23","prov_name":"Jaén","acom_code":"01","acom_name":"Andalucía","geo_point_2d":{"lon":-4.2318052717733785,"lat":37.96125468713814}},"geometry":{"type":"Polygon","coordinates":[[[-4.28445,38.00383],[-4.27959,38.00245],[-4.27532,37.99623],[-4.26095,37.9636],[-4.25805,37.93932],[-4.26239,37.91508],[-4.26488,37.91076],[-4.26608,37.91095],[-4.26523,37.9071],[-4.26105,37.90772],[-4.26102,37.90615],[-4.25933,37.90612],[-4.24768,37.90874],[-4.24842,37.90963],[-4.24152,37.91106],[-4.24062,37.91239],[-4.23977,37.91158],[-4.22971,37.91308],[-4.22728,37.91704],[-4.2053,37.92024],[-4.20384,37.91821],[-4.19765,37.92046],[-4.18764,37.91925],[-4.18566,37.92219],[-4.18192,37.92025],[-4.18174,37.92482],[-4.17958,37.9257],[-4.17143,37.92432],[-4.17128,37.92657],[-4.17896,37.92765],[-4.18237,37.93109],[-4.17946,37.94263],[-4.18043,37.95081],[-4.18329,37.95157],[-4.1818,37.9539],[-4.18888,37.95808],[-4.19234,37.96321],[-4.19819,37.96587],[-4.19557,37.97666],[-4.19619,37.97959],[-4.20427,37.98514],[-4.20627,37.98997],[-4.21421,37.99294],[-4.22495,38.0057],[-4.23367,38.00846],[-4.26488,38.00903],[-4.25942,38.02241],[-4.26428,38.02194],[-4.26855,38.02357],[-4.27621,38.02399],[-4.28225,38.02281],[-4.2841,38.00546],[-4.28445,38.00383]]]}},{"type":"Feature","properties":{"mun_code":"23062","mun_name":"Montizón","mun_name_local":null,"prov_code":"23","prov_name":"Jaén","acom_code":"01","acom_name":"Andalucía","geo_point_2d":{"lon":-3.1014201138049686,"lat":38.384840985435304}},"geometry":{"type":"Polygon","coordinates":[[[-3.1302,38.43877],[-3.11901,38.43367],[-3.11898,38.4295],[-3.12299,38.42388],[-3.13164,38.4196],[-3.13925,38.41021],[-3.14416,38.40649],[-3.16212,38.4092],[-3.17651,38.40902],[-3.1876,38.40301],[-3.19285,38.40485],[-3.2094,38.39456],[-3.23134,38.38347],[-3.21174,38.36489],[-3.20751,38.36308],[-3.20738,38.36128],[-3.18761,38.33621],[-3.17312,38.32638],[-3.17215,38.32326],[-3.15765,38.30986],[-3.15408,38.31331],[-3.14584,38.31527],[-3.14247,38.31102],[-3.1378,38.30807],[-3.13282,38.30664],[-3.1267,38.30758],[-3.12465,38.30568],[-3.1225,38.30723],[-3.11915,38.30401],[-3.11067,38.30435],[-3.10401,38.30571],[-3.1,38.30866],[-3.0918,38.3229],[-3.09025,38.32855],[-3.07568,38.33566],[-3.07219,38.33906],[-3.06951,38.33678],[-3.06894,38.3393],[-3.06612,38.34078],[-3.05573,38.34164],[-3.05038,38.34384],[-3.0484,38.34709],[-3.0333,38.35277],[-3.02289,38.36157],[-3.01563,38.36405],[-2.98792,38.37901],[-2.98075,38.38457],[-2.98012,38.38742],[-2.99677,38.40559],[-3.00258,38.40793],[-3.0067,38.41645],[-3.06497,38.47825],[-3.0944,38.46219],[-3.10623,38.45427],[-3.11807,38.44869],[-3.12915,38.44038],[-3.1302,38.43877]]]}},{"type":"Feature","properties":{"mun_code":"23084","mun_name":"Sorihuela del Guadalimar","mun_name_local":null,"prov_code":"23","prov_name":"Jaén","acom_code":"01","acom_name":"Andalucía","geo_point_2d":{"lon":-2.941142226167943,"lat":38.2116700171927}},"geometry":{"type":"MultiPolygon","coordinates":[[[[-2.79443,38.20747],[-2.79874,38.21038],[-2.80211,38.21099],[-2.81037,38.20808],[-2.81255,38.20952],[-2.81879,38.20818],[-2.82414,38.20928],[-2.82411,38.21157],[-2.82956,38.21138],[-2.83004,38.2161],[-2.8363,38.21933],[-2.85196,38.21945],[-2.85633,38.21773],[-2.86481,38.21908],[-2.8666,38.21607],[-2.86222,38.21565],[-2.85864,38.21205],[-2.86282,38.21106],[-2.86624,38.20773],[-2.86458,38.20432],[-2.86705,38.19808],[-2.86588,38.19117],[-2.87893,38.18581],[-2.89004,38.18626],[-2.90411,38.18264],[-2.90931,38.18534],[-2.91278,38.17957],[-2.91639,38.17914],[-2.91831,38.18019],[-2.9181,38.17686],[-2.9158,38.17502],[-2.91257,38.1752],[-2.90774,38.17893],[-2.90345,38.17235],[-2.89491,38.16578],[-2.89496,38.15461],[-2.89034,38.15656],[-2.88461,38.15502],[-2.88421,38.16101],[-2.88818,38.16602],[-2.88422,38.17236],[-2.85611,38.18484],[-2.85154,38.18211],[-2.8351,38.17869],[-2.82852,38.17878],[-2.81555,38.18312],[-2.79548,38.2006],[-2.79129,38.20624],[-2.79397,38.20727],[-2.79443,38.20747]]],[[[-3.00795,38.24588],[-3.0059,38.2521],[-3.01042,38.2562],[-3.01483,38.254],[-3.02266,38.25482],[-3.02968,38.2577],[-3.03669,38.25647],[-3.04403,38.25021],[-3.05064,38.24787],[-3.0646,38.25372],[-3.07415,38.25405],[-3.07217,38.25342],[-3.0714,38.25133],[-3.07452,38.24905],[-3.07296,38.24737],[-3.0706,38.24751],[-3.06926,38.24519],[-3.07085,38.24404],[-3.06774,38.23906],[-3.07046,38.23655],[-3.0703,38.23448],[-3.06556,38.22878],[-3.06359,38.22109],[-3.05613,38.22212],[-3.056,38.22046],[-3.06125,38.2194],[-3.05563,38.2134],[-3.0552,38.21073],[-3.04965,38.20656],[-3.04742,38.20677],[-3.04089,38.20372],[-3.04095,38.20209],[-3.03749,38.19908],[-3.0354,38.19986],[-3.03349,38.20448],[-3.02767,38.2022],[-3.02353,38.20223],[-3.02086,38.20835],[-3.02209,38.21546],[-3.01283,38.21361],[-3.0091,38.21082],[-3.00369,38.21508],[-3.00031,38.21503],[-2.98699,38.21117],[-2.97971,38.20718],[-2.97615,38.20934],[-2.97599,38.21241],[-2.97318,38.21328],[-2.97527,38.21436],[-2.97556,38.21889],[-2.96902,38.22578],[-2.98074,38.22597],[-2.99631,38.21511],[-3.01674,38.22196],[-3.01735,38.22291],[-3.01279,38.22662],[-3.01317,38.23402],[-3.0082,38.23844],[-3.00787,38.24143],[-3.01092,38.24409],[-3.01039,38.24604],[-3.00858,38.24604],[-3.00795,38.24588]]]]}},{"type":"Feature","properties":{"mun_code":"23905","mun_name":"Arroyo del Ojanco","mun_name_local":null,"prov_code":"23","prov_name":"Jaén","acom_code":"01","acom_name":"Andalucía","geo_point_2d":{"lon":-2.8862517319008116,"lat":38.30880238894823}},"geometry":{"type":"Polygon","coordinates":[[[-2.95987,38.28949],[-2.95223,38.27785],[-2.94881,38.27605],[-2.94339,38.28093],[-2.93207,38.27789],[-2.85427,38.28683],[-2.84371,38.29722],[-2.83166,38.29888],[-2.8337,38.30201],[-2.82786,38.30663],[-2.8242,38.30564],[-2.82195,38.30689],[-2.80863,38.30694],[-2.81202,38.308],[-2.81438,38.31279],[-2.82094,38.31503],[-2.81706,38.31923],[-2.81977,38.3214],[-2.82981,38.32386],[-2.83279,38.32692],[-2.84153,38.32919],[-2.84402,38.33578],[-2.84507,38.34538],[-2.84979,38.35151],[-2.85231,38.34734],[-2.85806,38.34824],[-2.86145,38.34595],[-2.87272,38.34375],[-2.87246,38.33997],[-2.87658,38.34084],[-2.88186,38.34009],[-2.88325,38.33525],[-2.88743,38.33543],[-2.89077,38.33768],[-2.89631,38.33097],[-2.90085,38.33161],[-2.90652,38.33045],[-2.91057,38.3272],[-2.9169,38.32569],[-2.92059,38.3224],[-2.92618,38.32281],[-2.92823,38.31975],[-2.93424,38.31655],[-2.93445,38.31363],[-2.93748,38.31243],[-2.93639,38.30838],[-2.93805,38.3068],[-2.94145,38.3062],[-2.94797,38.30855],[-2.9514,38.3072],[-2.94846,38.30198],[-2.94866,38.2989],[-2.95636,38.29533],[-2.95957,38.28989],[-2.95987,38.28949]]]}},{"type":"Feature","properties":{"mun_code":"23055","mun_name":"Linares","mun_name_local":null,"prov_code":"23","prov_name":"Jaén","acom_code":"01","acom_name":"Andalucía","geo_point_2d":{"lon":-3.636764897135472,"lat":38.09609153090732}},"geometry":{"type":"Polygon","coordinates":[[[-3.76205,38.03772],[-3.74997,38.05099],[-3.72837,38.06053],[-3.72378,38.05647],[-3.71431,38.05214],[-3.70118,38.04856],[-3.69541,38.04898],[-3.68548,38.0408],[-3.68615,38.0374],[-3.68235,38.0349],[-3.68661,38.03218],[-3.68576,38.02649],[-3.68754,38.02031],[-3.68288,38.01378],[-3.69118,38.00523],[-3.68845,38.00217],[-3.68448,38.00668],[-3.68121,38.00787],[-3.66309,38.00846],[-3.65351,38.01827],[-3.64609,38.01538],[-3.63351,38.01904],[-3.61282,38.03836],[-3.60028,38.03901],[-3.59451,38.04133],[-3.58797,38.04184],[-3.58547,38.04689],[-3.58652,38.05833],[-3.58481,38.06661],[-3.58545,38.07153],[-3.58247,38.0782],[-3.57909,38.081],[-3.56974,38.08188],[-3.56799,38.08945],[-3.56528,38.09277],[-3.55772,38.09346],[-3.54957,38.09647],[-3.5463,38.0999],[-3.54042,38.10096],[-3.53598,38.10503],[-3.52054,38.11252],[-3.51715,38.11787],[-3.52695,38.13049],[-3.54144,38.14235],[-3.54609,38.14392],[-3.55173,38.14118],[-3.55858,38.14298],[-3.56186,38.14659],[-3.56858,38.14458],[-3.57384,38.14601],[-3.57429,38.1492],[-3.57986,38.15192],[-3.57806,38.15476],[-3.60059,38.1705],[-3.60377,38.16821],[-3.6052,38.16406],[-3.61296,38.15763],[-3.61459,38.14931],[-3.62031,38.15973],[-3.62393,38.1611],[-3.62823,38.16058],[-3.62895,38.1587],[-3.63456,38.15984],[-3.63546,38.15872],[-3.64417,38.15894],[-3.65244,38.15631],[-3.65841,38.15633],[-3.68099,38.17334],[-3.68114,38.16886],[-3.68599,38.16687],[-3.68685,38.16064],[-3.69761,38.15797],[-3.70577,38.15046],[-3.70358,38.14408],[-3.70273,38.13238],[-3.70703,38.12726],[-3.71332,38.11198],[-3.71364,38.10692],[-3.71929,38.09829],[-3.71716,38.09212],[-3.71202,38.08763],[-3.71306,38.08352],[-3.71082,38.08159],[-3.71087,38.07914],[-3.71343,38.07711],[-3.72705,38.07402],[-3.73508,38.06413],[-3.74008,38.06222],[-3.74349,38.05709],[-3.75133,38.05626],[-3.76193,38.03879],[-3.76205,38.03772]]]}},{"type":"Feature","properties":{"mun_code":"23031","mun_name":"Escañuela","mun_name_local":null,"prov_code":"23","prov_name":"Jaén","acom_code":"01","acom_name":"Andalucía","geo_point_2d":{"lon":-4.0319657663177475,"lat":37.87549268063666}},"geometry":{"type":"Polygon","coordinates":[[[-4.04695,37.85787],[-4.04215,37.85671],[-4.03189,37.85719],[-4.02771,37.86086],[-4.0207,37.8628],[-4.00938,37.86878],[-3.99825,37.87133],[-3.9984,37.876],[-4.0016,37.87924],[-4.01079,37.88113],[-4.01651,37.88484],[-4.01572,37.88913],[-4.02771,37.89247],[-4.03974,37.89379],[-4.04275,37.88682],[-4.04932,37.88713],[-4.05679,37.88535],[-4.0637,37.87881],[-4.0561,37.87525],[-4.05328,37.86731],[-4.04728,37.86249],[-4.04677,37.85876],[-4.04695,37.85787]]]}},{"type":"Feature","properties":{"mun_code":"23046","mun_name":"Ibros","mun_name_local":null,"prov_code":"23","prov_name":"Jaén","acom_code":"01","acom_name":"Andalucía","geo_point_2d":{"lon":-3.5402407758447416,"lat":38.04914962504454}},"geometry":{"type":"Polygon","coordinates":[[[-3.59026,38.04157],[-3.58295,38.03155],[-3.57419,38.02284],[-3.56744,38.0193],[-3.55587,38.01947],[-3.54776,38.02119],[-3.53903,38.0197],[-3.52657,38.01606],[-3.51461,38.00725],[-3.49976,38.00543],[-3.48413,38.01334],[-3.48313,38.01787],[-3.48706,38.02685],[-3.48549,38.03235],[-3.48926,38.03361],[-3.49298,38.04102],[-3.49765,38.03876],[-3.50147,38.04323],[-3.50801,38.04477],[-3.51114,38.04924],[-3.51714,38.05025],[-3.52779,38.06318],[-3.53259,38.07224],[-3.53315,38.07386],[-3.52874,38.08127],[-3.52373,38.0778],[-3.51705,38.0784],[-3.51386,38.07557],[-3.50681,38.07308],[-3.50369,38.07348],[-3.50509,38.07819],[-3.50294,38.08698],[-3.5112,38.08934],[-3.51587,38.09545],[-3.51895,38.09707],[-3.52348,38.09633],[-3.52844,38.08721],[-3.53182,38.08524],[-3.53959,38.08697],[-3.54678,38.09238],[-3.54957,38.09647],[-3.55838,38.09328],[-3.56528,38.09277],[-3.56799,38.08945],[-3.56974,38.08188],[-3.57909,38.081],[-3.58321,38.07725],[-3.58538,38.07203],[-3.58481,38.06661],[-3.5865,38.05933],[-3.58555,38.04631],[-3.58736,38.04237],[-3.58966,38.04144],[-3.59026,38.04157]]]}},{"type":"Feature","properties":{"mun_code":"23099","mun_name":"Los Villares","mun_name_local":null,"prov_code":"23","prov_name":"Jaén","acom_code":"01","acom_name":"Andalucía","geo_point_2d":{"lon":-3.8375432005357304,"lat":37.684783564719766}},"geometry":{"type":"Polygon","coordinates":[[[-3.89318,37.73425],[-3.88928,37.72891],[-3.88825,37.72019],[-3.88706,37.67609],[-3.88413,37.6702],[-3.88446,37.65859],[-3.88293,37.65563],[-3.88398,37.64436],[-3.83848,37.63873],[-3.81867,37.6443],[-3.78157,37.63377],[-3.77882,37.64294],[-3.78129,37.65007],[-3.77529,37.66028],[-3.77847,37.66679],[-3.77809,37.67275],[-3.78779,37.68657],[-3.793,37.70144],[-3.79094,37.70997],[-3.79548,37.71091],[-3.79795,37.70985],[-3.81666,37.72605],[-3.8275,37.72997],[-3.83975,37.73683],[-3.85098,37.73636],[-3.85976,37.73876],[-3.86863,37.73407],[-3.87984,37.73731],[-3.89268,37.73438],[-3.89318,37.73425]]]}},{"type":"Feature","properties":{"mun_code":"23063","mun_name":"Navas de San Juan","mun_name_local":null,"prov_code":"23","prov_name":"Jaén","acom_code":"01","acom_name":"Andalucía","geo_point_2d":{"lon":-3.3366411438470256,"lat":38.21905180993265}},"geometry":{"type":"Polygon","coordinates":[[[-3.40089,38.28388],[-3.39796,38.28378],[-3.40026,38.28235],[-3.39786,38.28054],[-3.39832,38.27755],[-3.40184,38.27739],[-3.40346,38.27232],[-3.40563,38.27336],[-3.40822,38.2724],[-3.40646,38.26955],[-3.40849,38.26776],[-3.4045,38.26628],[-3.40435,38.26485],[-3.40588,38.26449],[-3.4031,38.26071],[-3.40472,38.25742],[-3.40288,38.25589],[-3.40591,38.25456],[-3.40442,38.25199],[-3.39997,38.25213],[-3.3963,38.2488],[-3.38893,38.25124],[-3.38509,38.24864],[-3.37966,38.25444],[-3.37603,38.25498],[-3.37679,38.24845],[-3.36907,38.23638],[-3.36693,38.22696],[-3.36516,38.22679],[-3.36195,38.22174],[-3.35878,38.22048],[-3.3652,38.21731],[-3.37232,38.21638],[-3.37525,38.2119],[-3.37951,38.21771],[-3.38517,38.21785],[-3.39473,38.21601],[-3.40645,38.21142],[-3.40363,38.20391],[-3.39762,38.20186],[-3.39805,38.19553],[-3.40985,38.2],[-3.41058,38.19162],[-3.41201,38.1911],[-3.40989,38.18554],[-3.4072,38.18535],[-3.40262,38.18202],[-3.40027,38.17387],[-3.38246,38.17664],[-3.37366,38.17473],[-3.37505,38.17111],[-3.37305,38.16687],[-3.36493,38.16385],[-3.35186,38.15365],[-3.34395,38.1366],[-3.34515,38.13063],[-3.33962,38.12463],[-3.32916,38.12506],[-3.32705,38.12782],[-3.32246,38.12725],[-3.31676,38.12858],[-3.31362,38.12643],[-3.31082,38.12729],[-3.30979,38.13283],[-3.30729,38.13601],[-3.29799,38.1387],[-3.30069,38.14478],[-3.29018,38.14804],[-3.28523,38.15249],[-3.27091,38.15768],[-3.26827,38.14298],[-3.26395,38.13692],[-3.2689,38.12845],[-3.27631,38.12583],[-3.27459,38.12248],[-3.27101,38.12159],[-3.26752,38.11823],[-3.26327,38.11888],[-3.26003,38.12124],[-3.26028,38.12917],[-3.25654,38.13371],[-3.25108,38.13165],[-3.24838,38.13227],[-3.24962,38.13901],[-3.24787,38.14238],[-3.23991,38.14305],[-3.23004,38.13957],[-3.22542,38.14102],[-3.22919,38.14468],[-3.24087,38.16506],[-3.25417,38.17489],[-3.25728,38.18108],[-3.26561,38.19112],[-3.27156,38.20248],[-3.29388,38.22522],[-3.30751,38.24294],[-3.32133,38.24999],[-3.32399,38.25719],[-3.32922,38.26202],[-3.33121,38.26559],[-3.33122,38.27151],[-3.32613,38.27504],[-3.33319,38.28575],[-3.34069,38.3045],[-3.35113,38.31904],[-3.35684,38.33019],[-3.35664,38.33266],[-3.36078,38.33629],[-3.36638,38.34677],[-3.36675,38.36212],[-3.37086,38.35354],[-3.37491,38.35399],[-3.37833,38.35753],[-3.38009,38.35711],[-3.38006,38.35415],[-3.38634,38.35595],[-3.38699,38.35373],[-3.39045,38.35157],[-3.3916,38.34647],[-3.39659,38.34589],[-3.39848,38.34448],[-3.39754,38.34003],[-3.38697,38.33298],[-3.39013,38.32403],[-3.3899,38.31873],[-3.38703,38.31462],[-3.38762,38.31264],[-3.38456,38.31048],[-3.3877,38.31025],[-3.38679,38.30871],[-3.3891,38.3065],[-3.39173,38.30539],[-3.39275,38.30705],[-3.39488,38.30532],[-3.39414,38.30452],[-3.39273,38.30565],[-3.39153,38.30317],[-3.39547,38.30203],[-3.39737,38.29997],[-3.39613,38.29526],[-3.39831,38.29483],[-3.3986,38.29211],[-3.402,38.28877],[-3.40033,38.28496],[-3.40089,38.28388]]]}},{"type":"Feature","properties":{"mun_code":"23058","mun_name":"Mancha Real","mun_name_local":null,"prov_code":"23","prov_name":"Jaén","acom_code":"01","acom_name":"Andalucía","geo_point_2d":{"lon":-3.6104726185811393,"lat":37.83553454031268}},"geometry":{"type":"Polygon","coordinates":[[[-3.66877,37.7778],[-3.66736,37.7728],[-3.66267,37.77088],[-3.65812,37.76244],[-3.65408,37.7579],[-3.65113,37.7572],[-3.64706,37.75981],[-3.6436,37.75839],[-3.64195,37.75896],[-3.64028,37.75634],[-3.63531,37.75608],[-3.6197,37.76367],[-3.6139,37.75917],[-3.60831,37.75716],[-3.60419,37.75918],[-3.58753,37.75398],[-3.57443,37.75545],[-3.56853,37.75428],[-3.5748,37.76054],[-3.57811,37.76723],[-3.58325,37.76781],[-3.58573,37.76999],[-3.5864,37.77429],[-3.59095,37.77779],[-3.59038,37.78382],[-3.59192,37.78582],[-3.58561,37.8014],[-3.5804,37.80648],[-3.58165,37.81366],[-3.57776,37.82082],[-3.57135,37.82616],[-3.57061,37.82961],[-3.57759,37.83819],[-3.57557,37.84203],[-3.57569,37.8486],[-3.58183,37.85497],[-3.58238,37.85838],[-3.58676,37.86116],[-3.58747,37.86566],[-3.58998,37.86671],[-3.59229,37.87354],[-3.59213,37.87693],[-3.58341,37.88603],[-3.58366,37.88841],[-3.57989,37.89051],[-3.57764,37.89486],[-3.5766,37.90233],[-3.57224,37.90762],[-3.57092,37.91375],[-3.57432,37.92038],[-3.57365,37.93033],[-3.59054,37.95216],[-3.59105,37.95473],[-3.58888,37.95654],[-3.58981,37.95749],[-3.5918,37.95717],[-3.59576,37.95315],[-3.60116,37.95587],[-3.60703,37.95312],[-3.60886,37.95078],[-3.61156,37.95182],[-3.61636,37.95065],[-3.61509,37.93443],[-3.61822,37.92509],[-3.6115,37.91836],[-3.60963,37.91878],[-3.60717,37.91254],[-3.60079,37.90405],[-3.61477,37.89143],[-3.61493,37.88515],[-3.61206,37.87798],[-3.61585,37.87371],[-3.6252,37.86887],[-3.62299,37.85805],[-3.62417,37.85529],[-3.62268,37.84938],[-3.62366,37.83634],[-3.63614,37.82934],[-3.64161,37.82276],[-3.65017,37.82155],[-3.66382,37.81155],[-3.65686,37.81008],[-3.65734,37.80186],[-3.66584,37.78756],[-3.66491,37.78608],[-3.66855,37.77863],[-3.66877,37.7778]]]}},{"type":"Feature","properties":{"mun_code":"23050","mun_name":"Jaén","mun_name_local":null,"prov_code":"23","prov_name":"Jaén","acom_code":"01","acom_name":"Andalucía","geo_point_2d":{"lon":-3.7513324539723656,"lat":37.80918547612666}},"geometry":{"type":"MultiPolygon","coordinates":[[[[-3.86215,37.92974],[-3.87095,37.92783],[-3.87312,37.91974],[-3.87056,37.91501],[-3.87021,37.9103],[-3.86788,37.90772],[-3.87052,37.90582],[-3.86414,37.89991],[-3.86184,37.89275],[-3.85695,37.89232],[-3.85554,37.88855],[-3.85682,37.87196],[-3.86206,37.86926],[-3.85978,37.86731],[-3.86193,37.86433],[-3.86129,37.85871],[-3.85916,37.85526],[-3.85388,37.8527],[-3.84851,37.84707],[-3.83764,37.84123],[-3.83155,37.83167],[-3.82607,37.81902],[-3.82891,37.81562],[-3.83503,37.81254],[-3.83693,37.8012],[-3.83374,37.79567],[-3.83744,37.78591],[-3.84005,37.77116],[-3.8449,37.76097],[-3.85013,37.75912],[-3.85048,37.75535],[-3.84334,37.73741],[-3.83975,37.73683],[-3.8275,37.72997],[-3.81666,37.72605],[-3.79795,37.70985],[-3.79548,37.71091],[-3.79094,37.70997],[-3.793,37.70144],[-3.78779,37.68657],[-3.77809,37.67275],[-3.77847,37.66679],[-3.77529,37.66028],[-3.78129,37.65007],[-3.77882,37.64294],[-3.78157,37.63377],[-3.76447,37.62811],[-3.75911,37.63343],[-3.74353,37.63172],[-3.73302,37.63468],[-3.72771,37.63164],[-3.72153,37.63716],[-3.71929,37.63625],[-3.70952,37.63668],[-3.70136,37.64556],[-3.70065,37.65753],[-3.69367,37.66676],[-3.6881,37.66809],[-3.67873,37.67414],[-3.68909,37.68134],[-3.69002,37.68379],[-3.70503,37.69706],[-3.70629,37.70489],[-3.70462,37.70862],[-3.71022,37.70823],[-3.71725,37.71195],[-3.72398,37.7188],[-3.72404,37.73439],[-3.72086,37.73891],[-3.71917,37.74608],[-3.72232,37.749],[-3.72272,37.75261],[-3.72652,37.7557],[-3.73007,37.75648],[-3.74367,37.76738],[-3.74716,37.77364],[-3.74555,37.77582],[-3.74623,37.77787],[-3.74459,37.77869],[-3.7278,37.77782],[-3.7213,37.77632],[-3.71446,37.77711],[-3.70957,37.77888],[-3.70438,37.78401],[-3.69316,37.78425],[-3.68841,37.78202],[-3.66877,37.7778],[-3.66491,37.78608],[-3.66584,37.78756],[-3.65734,37.80186],[-3.65686,37.81008],[-3.66382,37.81155],[-3.65017,37.82155],[-3.64161,37.82276],[-3.63614,37.82934],[-3.62366,37.83634],[-3.62268,37.84938],[-3.62417,37.85529],[-3.62299,37.85805],[-3.6252,37.86887],[-3.61405,37.87541],[-3.61177,37.87854],[-3.61338,37.88361],[-3.62322,37.88925],[-3.62859,37.88952],[-3.63429,37.89318],[-3.64153,37.89534],[-3.6487,37.8948],[-3.64991,37.89695],[-3.65522,37.89767],[-3.6728,37.89447],[-3.67634,37.90269],[-3.67394,37.9074],[-3.67524,37.9147],[-3.70104,37.91376],[-3.70462,37.91636],[-3.70667,37.91489],[-3.71342,37.9175],[-3.73274,37.92047],[-3.73778,37.91051],[-3.75695,37.91117],[-3.76349,37.91307],[-3.77563,37.9215],[-3.7911,37.91744],[-3.79258,37.92424],[-3.79712,37.92338],[-3.80229,37.92454],[-3.80773,37.92952],[-3.80994,37.92984],[-3.81072,37.92737],[-3.81784,37.92767],[-3.81817,37.92923],[-3.82336,37.93253],[-3.84004,37.93423],[-3.8566,37.93182],[-3.86215,37.92974]]],[[[-3.61636,37.95065],[-3.62464,37.94943],[-3.6295,37.95167],[-3.63065,37.95374],[-3.63707,37.93564],[-3.62844,37.92883],[-3.62473,37.92745],[-3.62818,37.92017],[-3.62477,37.91268],[-3.62531,37.90786],[-3.61623,37.91641],[-3.6115,37.91836],[-3.61822,37.92509],[-3.61509,37.93443],[-3.61645,37.95023],[-3.61636,37.95065]]]]}},{"type":"Feature","properties":{"mun_code":"23091","mun_name":"Torres de Albánchez","mun_name_local":null,"prov_code":"23","prov_name":"Jaén","acom_code":"01","acom_name":"Andalucía","geo_point_2d":{"lon":-2.679019978056253,"lat":38.41688427513546}},"geometry":{"type":"Polygon","coordinates":[[[-2.75825,38.39931],[-2.75601,38.39809],[-2.75124,38.38516],[-2.74499,38.38369],[-2.74146,38.38019],[-2.73956,38.38743],[-2.73422,38.38683],[-2.72926,38.3832],[-2.71858,38.3803],[-2.71565,38.37473],[-2.70455,38.38377],[-2.70379,38.38697],[-2.70116,38.38825],[-2.67512,38.38337],[-2.66873,38.38269],[-2.66829,38.38417],[-2.66268,38.38307],[-2.66108,38.38535],[-2.65463,38.38777],[-2.657,38.39105],[-2.64362,38.4172],[-2.62829,38.4226],[-2.62563,38.42558],[-2.61107,38.43226],[-2.60852,38.43491],[-2.60951,38.43844],[-2.60661,38.44375],[-2.6127,38.45204],[-2.61937,38.44903],[-2.62184,38.45019],[-2.63734,38.44905],[-2.64642,38.45065],[-2.65567,38.45607],[-2.66776,38.46044],[-2.67301,38.45848],[-2.67602,38.45223],[-2.69,38.44451],[-2.69745,38.43247],[-2.70049,38.43145],[-2.70411,38.42669],[-2.72047,38.41887],[-2.72905,38.4128],[-2.73262,38.41204],[-2.73704,38.40197],[-2.74893,38.4002],[-2.75444,38.40167],[-2.75767,38.3995],[-2.75825,38.39931]]]}},{"type":"Feature","properties":{"mun_code":"23019","mun_name":"Campillo de Arenas","mun_name_local":null,"prov_code":"23","prov_name":"Jaén","acom_code":"01","acom_name":"Andalucía","geo_point_2d":{"lon":-3.6530207693999897,"lat":37.58497530099808}},"geometry":{"type":"Polygon","coordinates":[[[-3.7416,37.52006],[-3.73632,37.52375],[-3.73354,37.52859],[-3.72825,37.52967],[-3.7199,37.53454],[-3.69408,37.53753],[-3.69134,37.53983],[-3.68218,37.53328],[-3.66966,37.53347],[-3.66234,37.53106],[-3.65535,37.53222],[-3.65129,37.52914],[-3.6482,37.52935],[-3.64414,37.53196],[-3.64308,37.5298],[-3.63996,37.53321],[-3.63254,37.53422],[-3.6228,37.54302],[-3.61738,37.5442],[-3.60259,37.55548],[-3.58001,37.5631],[-3.57863,37.56628],[-3.56405,37.58162],[-3.56488,37.5858],[-3.56163,37.59189],[-3.55168,37.60425],[-3.56242,37.60827],[-3.56369,37.61369],[-3.5723,37.61001],[-3.57471,37.61242],[-3.57817,37.6132],[-3.58433,37.61094],[-3.59471,37.60331],[-3.60092,37.60459],[-3.60126,37.61123],[-3.59907,37.61622],[-3.60013,37.61778],[-3.6082,37.61582],[-3.6083,37.61382],[-3.6191,37.60811],[-3.61895,37.60648],[-3.62247,37.60352],[-3.63254,37.60042],[-3.63715,37.60031],[-3.65309,37.60561],[-3.6614,37.62022],[-3.66065,37.63348],[-3.66778,37.64193],[-3.67309,37.65312],[-3.6715,37.65665],[-3.67461,37.66241],[-3.67139,37.66682],[-3.67571,37.67405],[-3.67873,37.67414],[-3.6881,37.66809],[-3.69367,37.66676],[-3.70065,37.65753],[-3.70136,37.64556],[-3.70728,37.64047],[-3.70795,37.63791],[-3.71477,37.63617],[-3.72153,37.63716],[-3.72771,37.63164],[-3.72628,37.62882],[-3.72025,37.62767],[-3.7156,37.6248],[-3.70353,37.62583],[-3.70092,37.62334],[-3.69614,37.62284],[-3.69655,37.61996],[-3.69228,37.61994],[-3.6935,37.6138],[-3.69175,37.61289],[-3.6934,37.61157],[-3.69348,37.60829],[-3.69637,37.60645],[-3.69645,37.59803],[-3.69843,37.59413],[-3.70299,37.59297],[-3.70193,37.59122],[-3.70504,37.58826],[-3.70472,37.58541],[-3.70817,37.58027],[-3.70743,37.57789],[-3.70911,37.57286],[-3.70751,37.5717],[-3.71815,37.55517],[-3.71715,37.55033],[-3.72145,37.54573],[-3.72681,37.54508],[-3.72643,37.54165],[-3.72849,37.54036],[-3.73107,37.53497],[-3.74084,37.53413],[-3.74346,37.52428],[-3.74167,37.52076],[-3.7416,37.52006]]]}},{"type":"Feature","properties":{"mun_code":"23092","mun_name":"Úbeda","mun_name_local":null,"prov_code":"23","prov_name":"Jaén","acom_code":"01","acom_name":"Andalucía","geo_point_2d":{"lon":-3.3093904485464227,"lat":37.99359522935412}},"geometry":{"type":"MultiPolygon","coordinates":[[[[-3.41123,38.12064],[-3.40809,38.11978],[-3.40238,38.1136],[-3.41872,38.10487],[-3.43125,38.08881],[-3.43329,38.08461],[-3.43219,38.07389],[-3.43351,38.07286],[-3.43284,38.07015],[-3.41846,38.05567],[-3.41984,38.04286],[-3.41781,38.03843],[-3.41044,38.03129],[-3.41275,38.02604],[-3.41908,38.02099],[-3.42368,38.00657],[-3.41936,38.00061],[-3.42003,37.9918],[-3.41178,37.97954],[-3.41708,37.9635],[-3.4128,37.96124],[-3.40578,37.94455],[-3.40168,37.94366],[-3.39886,37.93752],[-3.40053,37.91934],[-3.40416,37.90798],[-3.39694,37.90446],[-3.38848,37.90737],[-3.38087,37.90565],[-3.37914,37.907],[-3.38142,37.91089],[-3.38028,37.91245],[-3.37708,37.91295],[-3.37143,37.91089],[-3.36775,37.91104],[-3.36297,37.91365],[-3.36106,37.91767],[-3.35788,37.91834],[-3.35589,37.91763],[-3.35532,37.91344],[-3.35257,37.91232],[-3.34073,37.90916],[-3.3314,37.90871],[-3.32361,37.90582],[-3.31081,37.89481],[-3.29677,37.88574],[-3.294,37.87635],[-3.28812,37.86907],[-3.28115,37.86464],[-3.28158,37.84614],[-3.27558,37.83588],[-3.27356,37.81965],[-3.23256,37.82561],[-3.22927,37.82732],[-3.2276,37.83141],[-3.221,37.83555],[-3.20806,37.83854],[-3.20624,37.8442],[-3.20397,37.84606],[-3.20664,37.85546],[-3.21594,37.85513],[-3.21942,37.86054],[-3.21382,37.86547],[-3.20843,37.86765],[-3.20893,37.87059],[-3.21338,37.87309],[-3.2116,37.87535],[-3.21273,37.87845],[-3.20957,37.89101],[-3.216,37.89608],[-3.21334,37.90336],[-3.21778,37.90346],[-3.22001,37.90204],[-3.22553,37.90396],[-3.22388,37.90823],[-3.22129,37.90955],[-3.22272,37.91124],[-3.22241,37.91624],[-3.22598,37.91823],[-3.23443,37.91854],[-3.23061,37.92593],[-3.231,37.92786],[-3.23487,37.92835],[-3.24258,37.92566],[-3.24398,37.92715],[-3.24357,37.9319],[-3.24588,37.93273],[-3.2462,37.92911],[-3.2491,37.92857],[-3.25033,37.92619],[-3.25339,37.92477],[-3.25502,37.92602],[-3.25378,37.92976],[-3.25787,37.93126],[-3.2561,37.93501],[-3.25044,37.93468],[-3.2498,37.93847],[-3.24316,37.94301],[-3.24128,37.94221],[-3.24169,37.93803],[-3.23837,37.93489],[-3.23576,37.93396],[-3.23238,37.93526],[-3.23246,37.9394],[-3.2361,37.94063],[-3.23639,37.94446],[-3.23414,37.94702],[-3.2284,37.94526],[-3.21938,37.94479],[-3.21874,37.94918],[-3.22139,37.95217],[-3.2187,37.95648],[-3.21516,37.95617],[-3.21293,37.95068],[-3.19847,37.958],[-3.19291,37.95567],[-3.1903,37.9591],[-3.18557,37.96025],[-3.18441,37.96663],[-3.22952,37.96525],[-3.23264,37.96673],[-3.23545,37.96593],[-3.26502,37.9696],[-3.2776,37.97562],[-3.29146,38.00011],[-3.29411,38.00783],[-3.3012,38.01472],[-3.30748,38.01758],[-3.31652,38.02625],[-3.31134,38.04048],[-3.31227,38.04319],[-3.31831,38.04828],[-3.32966,38.05342],[-3.33887,38.06253],[-3.34155,38.06345],[-3.34222,38.06896],[-3.34002,38.07366],[-3.34026,38.08039],[-3.33339,38.08497],[-3.32711,38.09743],[-3.32852,38.12439],[-3.33506,38.12537],[-3.33962,38.12463],[-3.34437,38.12961],[-3.34395,38.1366],[-3.34784,38.14367],[-3.34885,38.14905],[-3.35405,38.156],[-3.36493,38.16385],[-3.37328,38.16644],[-3.38425,38.16022],[-3.39452,38.14935],[-3.39835,38.14871],[-3.40315,38.13215],[-3.41112,38.1209],[-3.41123,38.12064]]],[[[-3.15924,38.09101],[-3.17013,38.0843],[-3.17777,38.08427],[-3.18845,38.07989],[-3.19135,38.07685],[-3.1976,38.07633],[-3.20113,38.07016],[-3.19829,38.06245],[-3.20075,38.06475],[-3.2049,38.06512],[-3.20869,38.06744],[-3.21522,38.06821],[-3.22305,38.06574],[-3.22745,38.0671],[-3.22661,38.06476],[-3.23019,38.06036],[-3.22721,38.0595],[-3.22697,38.05768],[-3.23079,38.05559],[-3.22921,38.05053],[-3.22226,38.04513],[-3.22016,38.04529],[-3.21814,38.04829],[-3.21375,38.0491],[-3.21188,38.04732],[-3.20753,38.04676],[-3.19877,38.04846],[-3.19795,38.0514],[-3.20046,38.05311],[-3.20451,38.05165],[-3.20496,38.05361],[-3.19671,38.05434],[-3.19435,38.04717],[-3.19534,38.04505],[-3.19408,38.03543],[-3.18832,38.02567],[-3.18695,38.01472],[-3.18476,38.01251],[-3.18534,38.00917],[-3.19438,38.00136],[-3.17852,37.98811],[-3.17747,37.98053],[-3.17886,37.97808],[-3.17282,37.97391],[-3.15867,37.98019],[-3.16082,37.98493],[-3.15925,37.99586],[-3.1531,37.99838],[-3.15164,38.0005],[-3.15803,38.00515],[-3.15829,38.00931],[-3.15258,38.01364],[-3.14756,38.01113],[-3.14498,38.01167],[-3.14357,38.01564],[-3.14797,38.0199],[-3.13992,38.02125],[-3.13322,38.02616],[-3.13781,38.03259],[-3.13547,38.03654],[-3.13567,38.0392],[-3.13946,38.04307],[-3.14269,38.05093],[-3.14444,38.06247],[-3.15845,38.08998],[-3.15924,38.09101]]],[[[-3.27631,38.12583],[-3.2689,38.12845],[-3.26395,38.13692],[-3.26827,38.14298],[-3.27091,38.15768],[-3.28523,38.15249],[-3.29018,38.14804],[-3.30069,38.14478],[-3.29799,38.1387],[-3.30143,38.13792],[-3.29832,38.13786],[-3.29596,38.13415],[-3.29812,38.12917],[-3.29724,38.12666],[-3.29012,38.12468],[-3.28316,38.13404],[-3.27644,38.12644],[-3.27631,38.12583]]]]}},{"type":"Feature","properties":{"mun_code":"23042","mun_name":"Hinojares","mun_name_local":null,"prov_code":"23","prov_name":"Jaén","acom_code":"01","acom_name":"Andalucía","geo_point_2d":{"lon":-3.0030272111359193,"lat":37.72536603987319}},"geometry":{"type":"Polygon","coordinates":[[[-3.02632,37.74409],[-3.02871,37.7412],[-3.02796,37.73591],[-3.0331,37.73391],[-3.03691,37.72695],[-3.04087,37.726],[-3.04366,37.72341],[-3.05587,37.72482],[-3.05337,37.72117],[-3.04818,37.71983],[-3.05049,37.71453],[-3.04459,37.71223],[-3.04329,37.70934],[-3.04589,37.70815],[-3.04487,37.70673],[-3.0374,37.70502],[-3.03047,37.69872],[-3.02658,37.69948],[-3.02249,37.69369],[-3.02938,37.68947],[-3.02614,37.68603],[-3.02258,37.68646],[-3.02101,37.6895],[-3.0197,37.68917],[-3.01958,37.68621],[-3.01609,37.68847],[-3.00869,37.68807],[-3.00643,37.68274],[-2.97677,37.71337],[-2.96181,37.73687],[-2.96912,37.74336],[-2.96778,37.74399],[-2.96871,37.74779],[-2.96668,37.75366],[-2.96961,37.76537],[-2.96556,37.76918],[-2.96178,37.78032],[-2.96606,37.77768],[-2.97319,37.76607],[-2.97961,37.76206],[-2.99623,37.75561],[-3.00745,37.75433],[-3.01179,37.75215],[-3.01344,37.74899],[-3.02598,37.74463],[-3.02632,37.74409]]]}},{"type":"Feature","properties":{"mun_code":"23902","mun_name":"Bedmar y Garcíez","mun_name_local":null,"prov_code":"23","prov_name":"Jaén","acom_code":"01","acom_name":"Andalucía","geo_point_2d":{"lon":-3.4236717410513733,"lat":37.8381974324039}},"geometry":{"type":"Polygon","coordinates":[[[-3.51081,37.8685],[-3.50199,37.86736],[-3.49766,37.8641],[-3.48409,37.85799],[-3.47173,37.85378],[-3.45779,37.85167],[-3.45303,37.84862],[-3.45068,37.8431],[-3.45633,37.8382],[-3.45409,37.83017],[-3.45468,37.82664],[-3.45823,37.82435],[-3.45861,37.82268],[-3.44644,37.82051],[-3.43945,37.81235],[-3.4377,37.80613],[-3.43367,37.79965],[-3.4333,37.78284],[-3.43182,37.77977],[-3.43396,37.77537],[-3.43066,37.76869],[-3.43102,37.75765],[-3.4321,37.75338],[-3.43902,37.7432],[-3.43981,37.73249],[-3.4275,37.73349],[-3.42586,37.73577],[-3.41559,37.74113],[-3.41356,37.74498],[-3.41594,37.7494],[-3.41345,37.7532],[-3.40527,37.7568],[-3.38829,37.76035],[-3.3841,37.76469],[-3.37588,37.76696],[-3.38279,37.77415],[-3.38293,37.77976],[-3.37647,37.78311],[-3.36079,37.78652],[-3.36078,37.79486],[-3.35947,37.79684],[-3.36202,37.80189],[-3.35872,37.80667],[-3.36737,37.81287],[-3.37463,37.81426],[-3.38081,37.81876],[-3.38461,37.81965],[-3.38913,37.81873],[-3.39361,37.82167],[-3.39215,37.83225],[-3.38783,37.83922],[-3.38179,37.83952],[-3.37707,37.84525],[-3.37774,37.86499],[-3.38736,37.87805],[-3.40494,37.88945],[-3.40576,37.89515],[-3.41176,37.90111],[-3.40917,37.90626],[-3.41318,37.90837],[-3.41967,37.91527],[-3.41926,37.91859],[-3.42098,37.91926],[-3.42949,37.91674],[-3.42947,37.91908],[-3.43237,37.92085],[-3.435,37.92573],[-3.43495,37.93143],[-3.43725,37.93207],[-3.43988,37.93123],[-3.43819,37.92632],[-3.44857,37.92542],[-3.4523,37.92724],[-3.45481,37.92614],[-3.45351,37.9218],[-3.45463,37.91874],[-3.45641,37.91899],[-3.45141,37.91666],[-3.45078,37.90116],[-3.45255,37.89086],[-3.4558,37.88966],[-3.46795,37.89169],[-3.48543,37.88853],[-3.49392,37.88934],[-3.50272,37.88442],[-3.50686,37.87876],[-3.51021,37.87019],[-3.51081,37.8685]]]}}]}