{"type":"FeatureCollection","features":[{"type":"Feature","properties":{"mun_code":"25115","mun_name":"Isona i Conca Dellà","mun_name_local":null,"prov_code":"25","prov_name":"Lleida","acom_code":"09","acom_name":"Cataluña","geo_point_2d":{"lon":1.0380822672210517,"lat":42.126711131263264}},"geometry":{"type":"MultiPolygon","coordinates":[[[[1.07703,42.04562],[1.06929,42.03637],[1.07297,42.0236],[1.07543,42.00589],[1.08293,42.00792],[1.08959,42.01798],[1.08784,42.01872],[1.08965,42.01963],[1.09097,42.02629],[1.09232,42.02678],[1.09035,42.03369],[1.08468,42.03674],[1.08138,42.04151],[1.07703,42.04562]]],[[[0.93513,42.19439],[0.94178,42.19243],[0.93819,42.19112],[0.93187,42.18086],[0.92614,42.1786],[0.9228,42.17904],[0.92636,42.17003],[0.93294,42.1689],[0.93494,42.17171],[0.94236,42.16924],[0.94837,42.17102],[0.9535,42.16672],[0.95652,42.16632],[0.97176,42.17312],[0.96619,42.16164],[0.9687,42.15698],[0.95704,42.14431],[0.95177,42.1333],[0.952,42.12793],[0.94581,42.12385],[0.94954,42.11823],[0.95475,42.11716],[0.95606,42.12039],[0.95948,42.11745],[0.96236,42.11845],[0.97103,42.11205],[0.97496,42.11447],[0.97799,42.11426],[0.97789,42.10869],[0.98143,42.10435],[0.98305,42.09644],[0.98605,42.09539],[0.98626,42.09136],[0.99343,42.0854],[1.0024,42.08473],[1.02016,42.09213],[1.03096,42.09904],[1.03437,42.09674],[1.03896,42.09705],[1.04886,42.09251],[1.05303,42.09216],[1.06012,42.08112],[1.06149,42.08159],[1.06392,42.07872],[1.06819,42.07778],[1.06848,42.06998],[1.07177,42.0669],[1.0708,42.06625],[1.07358,42.06177],[1.08444,42.05243],[1.09435,42.05812],[1.09818,42.06249],[1.09858,42.06555],[1.10072,42.06735],[1.09949,42.0713],[1.10197,42.07618],[1.11136,42.08696],[1.11987,42.0895],[1.12373,42.0978],[1.13032,42.10442],[1.13355,42.11041],[1.13526,42.11089],[1.13706,42.11653],[1.14045,42.11983],[1.14215,42.11799],[1.14445,42.11802],[1.1458,42.11537],[1.14822,42.11841],[1.15213,42.11593],[1.15624,42.11864],[1.15813,42.12526],[1.15574,42.13562],[1.14863,42.13348],[1.13635,42.14669],[1.12298,42.14628],[1.10953,42.14258],[1.09724,42.13666],[1.05543,42.1272],[1.05953,42.13053],[1.05205,42.13636],[1.05748,42.14081],[1.05873,42.15077],[1.05579,42.15519],[1.04013,42.15929],[1.04796,42.16467],[1.05034,42.17249],[1.05564,42.17767],[1.05861,42.17863],[1.06061,42.18609],[1.05728,42.18042],[1.05094,42.17941],[1.03891,42.18111],[1.03628,42.1828],[1.03101,42.18167],[1.02287,42.18548],[1.01469,42.18642],[1.00596,42.18534],[1.0026,42.18284],[0.99144,42.18412],[0.9877,42.18268],[0.96585,42.19788],[0.95879,42.20592],[0.95739,42.20354],[0.94088,42.19528],[0.9361,42.19564],[0.93513,42.19439]]]]}},{"type":"Feature","properties":{"mun_code":"25242","mun_name":"Verdú","mun_name_local":null,"prov_code":"25","prov_name":"Lleida","acom_code":"09","acom_name":"Cataluña","geo_point_2d":{"lon":1.1265530375482413,"lat":41.59511967372215}},"geometry":{"type":"Polygon","coordinates":[[[1.07982,41.6109],[1.07681,41.60298],[1.0803,41.59292],[1.08513,41.58903],[1.08299,41.58147],[1.08369,41.57807],[1.10055,41.57173],[1.11396,41.56864],[1.124,41.56787],[1.12713,41.57012],[1.15337,41.57423],[1.16078,41.57676],[1.1798,41.59581],[1.16703,41.60221],[1.16866,41.60626],[1.1639,41.61284],[1.15488,41.61743],[1.14796,41.62396],[1.13847,41.62463],[1.1186,41.61828],[1.10845,41.61271],[1.09601,41.60959],[1.08962,41.61112],[1.07982,41.6109]]]}},{"type":"Feature","properties":{"mun_code":"25168","mun_name":"El Poal","mun_name_local":null,"prov_code":"25","prov_name":"Lleida","acom_code":"09","acom_name":"Cataluña","geo_point_2d":{"lon":0.8713683304876757,"lat":41.67566595295421}},"geometry":{"type":"Polygon","coordinates":[[[0.86064,41.66677],[0.86311,41.6663],[0.86563,41.67132],[0.87666,41.66731],[0.87978,41.66413],[0.8945,41.66822],[0.90814,41.66746],[0.9105,41.67967],[0.8836,41.6775],[0.88486,41.68218],[0.88092,41.68244],[0.87546,41.6812],[0.87531,41.67794],[0.86452,41.67856],[0.86462,41.68466],[0.85723,41.69102],[0.84734,41.69034],[0.84925,41.68459],[0.84057,41.68078],[0.83804,41.6718],[0.85839,41.66719],[0.86064,41.66677]]]}},{"type":"Feature","properties":{"mun_code":"25058","mun_name":"Les Borges Blanques","mun_name_local":null,"prov_code":"25","prov_name":"Lleida","acom_code":"09","acom_name":"Cataluña","geo_point_2d":{"lon":0.8658384511369451,"lat":41.498569289277846}},"geometry":{"type":"MultiPolygon","coordinates":[[[[0.87402,41.53611],[0.86587,41.52553],[0.841,41.53429],[0.82875,41.53052],[0.82848,41.52594],[0.83098,41.52458],[0.83695,41.52502],[0.83542,41.52121],[0.8369,41.51207],[0.83598,41.50281],[0.83799,41.49991],[0.83837,41.49479],[0.83699,41.48841],[0.84365,41.48247],[0.8451,41.4638],[0.87115,41.45466],[0.87145,41.45187],[0.87767,41.44468],[0.88503,41.44265],[0.89598,41.44881],[0.89104,41.45321],[0.88842,41.45807],[0.89316,41.46586],[0.89846,41.46751],[0.91313,41.46845],[0.91468,41.46478],[0.92826,41.46071],[0.93162,41.46597],[0.92407,41.47204],[0.92442,41.48593],[0.91951,41.48828],[0.91699,41.50921],[0.91396,41.51418],[0.90762,41.51649],[0.90801,41.51778],[0.9032,41.52276],[0.89093,41.5268],[0.89289,41.53479],[0.87459,41.53612],[0.87402,41.53611]]],[[[0.81071,41.51845],[0.81636,41.53274],[0.80951,41.53546],[0.80429,41.54156],[0.79388,41.54194],[0.77584,41.54495],[0.76956,41.5251],[0.77922,41.5222],[0.78094,41.52006],[0.79016,41.51613],[0.79424,41.51655],[0.80361,41.52047],[0.80793,41.51878],[0.81071,41.51845]]]]}},{"type":"Feature","properties":{"mun_code":"25202","mun_name":"Senterada","mun_name_local":null,"prov_code":"25","prov_name":"Lleida","acom_code":"09","acom_name":"Cataluña","geo_point_2d":{"lon":0.9235982772728002,"lat":42.32165888784742}},"geometry":{"type":"MultiPolygon","coordinates":[[[[0.93487,42.33835],[0.93339,42.33624],[0.931,42.33801],[0.92567,42.33759],[0.91246,42.34336],[0.90629,42.34235],[0.89002,42.34462],[0.87317,42.34515],[0.87282,42.3414],[0.87814,42.34147],[0.89169,42.33503],[0.89191,42.33098],[0.88862,42.32702],[0.88837,42.32205],[0.88647,42.31956],[0.88778,42.31667],[0.88656,42.30509],[0.89542,42.29829],[0.89939,42.29914],[0.90734,42.29767],[0.91507,42.29494],[0.91692,42.29292],[0.92245,42.29213],[0.92478,42.29355],[0.92838,42.29139],[0.9324,42.29188],[0.93682,42.29606],[0.93896,42.29259],[0.9376,42.28765],[0.95008,42.28442],[0.95628,42.28752],[0.96095,42.28779],[0.9641,42.30506],[0.96619,42.3088],[0.97355,42.31367],[0.96729,42.31181],[0.96386,42.3175],[0.96353,42.32234],[0.94993,42.32623],[0.936,42.33526],[0.93487,42.33835]]],[[[0.92519,42.35401],[0.92658,42.36391],[0.92526,42.37183],[0.93123,42.37014],[0.92613,42.381],[0.93026,42.38207],[0.92622,42.38178],[0.91078,42.38641],[0.90802,42.3719],[0.92415,42.3543],[0.92519,42.35401]]]]}},{"type":"Feature","properties":{"mun_code":"25081","mun_name":"L'Espluga Calba","mun_name_local":null,"prov_code":"25","prov_name":"Lleida","acom_code":"09","acom_name":"Cataluña","geo_point_2d":{"lon":1.0056653586521067,"lat":41.4909393315149}},"geometry":{"type":"Polygon","coordinates":[[[0.97286,41.47789],[0.97774,41.47366],[0.98698,41.47017],[0.98752,41.46734],[0.99116,41.46577],[1.00545,41.47076],[1.012,41.47508],[1.01962,41.47446],[1.03203,41.482],[1.03746,41.47999],[1.04646,41.48441],[1.04851,41.48754],[1.04577,41.49128],[1.03847,41.4966],[1.03656,41.5011],[1.03801,41.50508],[1.03141,41.50607],[1.02013,41.5034],[1.011,41.51203],[0.99724,41.51323],[0.98667,41.51646],[0.9846,41.51101],[0.97969,41.51072],[0.97848,41.50285],[0.98143,41.49773],[0.9777,41.48845],[0.97475,41.4881],[0.9714,41.48331],[0.9727,41.47844],[0.97286,41.47789]]]}},{"type":"Feature","properties":{"mun_code":"25123","mun_name":"Lladorre","mun_name_local":null,"prov_code":"25","prov_name":"Lleida","acom_code":"09","acom_name":"Cataluña","geo_point_2d":{"lon":1.2770910720392277,"lat":42.67301495007331}},"geometry":{"type":"Polygon","coordinates":[[[1.17052,42.7081],[1.17597,42.70127],[1.17433,42.69808],[1.17724,42.6963],[1.17972,42.69189],[1.182,42.69035],[1.19044,42.69093],[1.19016,42.67808],[1.19896,42.67845],[1.20738,42.67475],[1.21026,42.67158],[1.20969,42.66899],[1.20395,42.66505],[1.20011,42.66424],[1.19955,42.66225],[1.20054,42.65922],[1.21353,42.64715],[1.21316,42.64526],[1.21853,42.64277],[1.22196,42.63861],[1.2222,42.63683],[1.21825,42.63155],[1.22031,42.61755],[1.22382,42.61778],[1.23503,42.61339],[1.23551,42.61167],[1.24023,42.61388],[1.24474,42.61357],[1.24637,42.60866],[1.27089,42.60242],[1.29148,42.60441],[1.29425,42.60355],[1.30044,42.60924],[1.30251,42.61255],[1.30149,42.62109],[1.29789,42.62702],[1.30108,42.63455],[1.30857,42.63951],[1.3144,42.64646],[1.31885,42.6485],[1.32635,42.64935],[1.33718,42.64843],[1.33913,42.64584],[1.34564,42.64753],[1.35043,42.64616],[1.35327,42.6477],[1.35323,42.65487],[1.35523,42.65656],[1.36734,42.6583],[1.37145,42.66666],[1.38469,42.66731],[1.38744,42.66869],[1.38958,42.67338],[1.38713,42.6775],[1.38884,42.6797],[1.3877,42.68257],[1.38983,42.68514],[1.38723,42.68914],[1.38099,42.69178],[1.37701,42.6954],[1.36493,42.69467],[1.3616,42.69785],[1.35393,42.6997],[1.35108,42.70272],[1.3525,42.7112],[1.3578,42.71512],[1.35732,42.71972],[1.33802,42.71851],[1.3353,42.72428],[1.33284,42.72475],[1.32533,42.72433],[1.31694,42.71893],[1.30925,42.7176],[1.30733,42.71866],[1.2948,42.71948],[1.27816,42.71407],[1.27487,42.71876],[1.26839,42.71844],[1.26587,42.71558],[1.25272,42.71447],[1.25038,42.71995],[1.24726,42.72268],[1.24299,42.72298],[1.24077,42.72492],[1.23502,42.7249],[1.23275,42.72733],[1.2291,42.72776],[1.21666,42.72008],[1.21013,42.72096],[1.20584,42.72049],[1.20152,42.71775],[1.19231,42.71639],[1.18914,42.7174],[1.18785,42.71591],[1.17815,42.71294],[1.17577,42.70893],[1.1718,42.70821],[1.17052,42.7081]]]}},{"type":"Feature","properties":{"mun_code":"25009","mun_name":"L'Albi","mun_name_local":null,"prov_code":"25","prov_name":"Lleida","acom_code":"09","acom_name":"Cataluña","geo_point_2d":{"lon":0.9230826797571242,"lat":41.43297395531058}},"geometry":{"type":"Polygon","coordinates":[[[0.88503,41.44265],[0.88726,41.43778],[0.89981,41.43336],[0.89499,41.42773],[0.89477,41.42191],[0.89329,41.41734],[0.89157,41.41669],[0.90213,41.41128],[0.91366,41.40302],[0.92,41.40121],[0.93011,41.40179],[0.93977,41.40462],[0.95244,41.40544],[0.95388,41.40704],[0.95871,41.40716],[0.96191,41.40962],[0.96825,41.41052],[0.95839,41.41699],[0.95507,41.43363],[0.95785,41.43723],[0.95619,41.44],[0.92875,41.4617],[0.92826,41.46071],[0.91468,41.46478],[0.91313,41.46845],[0.89846,41.46751],[0.89316,41.46586],[0.88842,41.45807],[0.89104,41.45321],[0.89598,41.44881],[0.88503,41.44265]]]}},{"type":"Feature","properties":{"mun_code":"25030","mun_name":"El Pont de Bar","mun_name_local":null,"prov_code":"25","prov_name":"Lleida","acom_code":"09","acom_name":"Cataluña","geo_point_2d":{"lon":1.6140532484752004,"lat":42.37953899464806}},"geometry":{"type":"Polygon","coordinates":[[[1.56216,42.36537],[1.56682,42.36595],[1.56818,42.36965],[1.57054,42.36658],[1.57419,42.36664],[1.57567,42.36955],[1.57841,42.36593],[1.58775,42.3628],[1.59076,42.36647],[1.59321,42.36734],[1.59623,42.36652],[1.59752,42.3679],[1.61119,42.3492],[1.61859,42.34772],[1.61971,42.34506],[1.61732,42.33614],[1.62313,42.33456],[1.62687,42.3348],[1.63491,42.33892],[1.63729,42.3451],[1.64748,42.35005],[1.65165,42.34983],[1.66069,42.36252],[1.65811,42.36649],[1.65587,42.36677],[1.6545,42.36485],[1.65313,42.3663],[1.65384,42.36814],[1.6523,42.36995],[1.65506,42.3724],[1.6547,42.37448],[1.65724,42.37596],[1.65706,42.37851],[1.65448,42.38516],[1.64654,42.39219],[1.64758,42.39663],[1.64591,42.3988],[1.63492,42.40483],[1.62465,42.40636],[1.61961,42.41336],[1.60739,42.41837],[1.60079,42.4246],[1.59003,42.40965],[1.5761,42.4],[1.57243,42.39087],[1.57011,42.39053],[1.56738,42.39227],[1.56442,42.38936],[1.56748,42.37937],[1.56438,42.37374],[1.56002,42.37054],[1.55989,42.36663],[1.56162,42.36557],[1.56216,42.36537]]]}},{"type":"Feature","properties":{"mun_code":"25112","mun_name":"Ivars de Noguera","mun_name_local":null,"prov_code":"25","prov_name":"Lleida","acom_code":"09","acom_name":"Cataluña","geo_point_2d":{"lon":0.6096349529934367,"lat":41.86801147292219}},"geometry":{"type":"Polygon","coordinates":[[[0.57893,41.82496],[0.58667,41.82999],[0.59003,41.83016],[0.59095,41.83196],[0.59551,41.83248],[0.59797,41.83144],[0.60465,41.83337],[0.60981,41.8331],[0.62031,41.83864],[0.62339,41.84224],[0.6234,41.87013],[0.62871,41.87222],[0.63864,41.87187],[0.64135,41.87416],[0.64586,41.87532],[0.65371,41.88289],[0.62893,41.8944],[0.62608,41.89958],[0.6278,41.90217],[0.62182,41.9058],[0.61341,41.90662],[0.61066,41.91144],[0.60604,41.91112],[0.60098,41.90854],[0.59604,41.8914],[0.5921,41.88442],[0.60831,41.8785],[0.60748,41.87182],[0.60356,41.86911],[0.59415,41.86781],[0.59175,41.86528],[0.58885,41.86601],[0.58429,41.86381],[0.5799,41.86362],[0.5814,41.85767],[0.57983,41.84187],[0.57712,41.83595],[0.5783,41.82552],[0.57893,41.82496]]]}},{"type":"Feature","properties":{"mun_code":"25164","mun_name":"Penelles","mun_name_local":null,"prov_code":"25","prov_name":"Lleida","acom_code":"09","acom_name":"Cataluña","geo_point_2d":{"lon":0.9497315873846581,"lat":41.72951176835367}},"geometry":{"type":"Polygon","coordinates":[[[0.91338,41.73766],[0.91554,41.71944],[0.92778,41.70644],[0.93492,41.70759],[0.93581,41.70271],[0.93951,41.70105],[0.94759,41.70146],[0.95962,41.70519],[0.97124,41.70396],[0.98244,41.71309],[0.9831,41.73177],[0.977,41.7311],[0.96743,41.73489],[0.96045,41.73237],[0.95751,41.73917],[0.95396,41.74302],[0.9708,41.75464],[0.98757,41.77432],[0.97914,41.77549],[0.97542,41.76338],[0.97208,41.75858],[0.95378,41.74521],[0.95265,41.74701],[0.95385,41.74797],[0.96734,41.75599],[0.97415,41.76681],[0.95969,41.76873],[0.95739,41.76552],[0.95746,41.75935],[0.95383,41.74951],[0.95189,41.74654],[0.94871,41.74566],[0.94407,41.74719],[0.94617,41.75908],[0.94245,41.74816],[0.93868,41.74786],[0.94423,41.75978],[0.94475,41.76305],[0.94195,41.76211],[0.94224,41.76543],[0.93948,41.76279],[0.93287,41.74741],[0.92986,41.74736],[0.92452,41.73793],[0.91338,41.73766]]]}},{"type":"Feature","properties":{"mun_code":"25050","mun_name":"Bellpuig","mun_name_local":null,"prov_code":"25","prov_name":"Lleida","acom_code":"09","acom_name":"Cataluña","geo_point_2d":{"lon":1.0062766573441009,"lat":41.629868053419266}},"geometry":{"type":"Polygon","coordinates":[[[0.96923,41.62952],[0.96704,41.62205],[0.97376,41.62004],[0.96982,41.61488],[0.97696,41.6123],[0.97251,41.60673],[0.97822,41.5995],[0.97422,41.59695],[0.97581,41.59154],[0.97347,41.58885],[0.97604,41.5876],[0.97638,41.58364],[0.98073,41.58428],[0.98859,41.59272],[0.99561,41.5904],[1.00013,41.59925],[1.00399,41.59849],[0.99845,41.58925],[1.00297,41.58759],[1.01654,41.61368],[1.02266,41.6179],[1.03035,41.61666],[1.03175,41.61857],[1.03783,41.61695],[1.0376,41.6184],[1.04211,41.61828],[1.0413,41.62059],[1.04683,41.62118],[1.05255,41.62588],[1.05377,41.62543],[1.05722,41.62965],[1.05563,41.63065],[1.04354,41.62838],[1.04284,41.63202],[1.04418,41.63463],[1.04028,41.63427],[1.03634,41.64694],[1.03012,41.65255],[1.02729,41.65774],[1.0292,41.66818],[1.0171,41.67632],[1.00625,41.67805],[0.99997,41.67095],[1.00697,41.66902],[1.001,41.65109],[0.99088,41.65094],[0.98458,41.64135],[0.9869,41.64021],[0.98494,41.63708],[0.98295,41.63537],[0.97638,41.63538],[0.97418,41.62985],[0.97074,41.62957],[0.96923,41.62952]]]}},{"type":"Feature","properties":{"mun_code":"25053","mun_name":"Benavent de Segrià","mun_name_local":null,"prov_code":"25","prov_name":"Lleida","acom_code":"09","acom_name":"Cataluña","geo_point_2d":{"lon":0.6439253357068112,"lat":41.693070854013335}},"geometry":{"type":"Polygon","coordinates":[[[0.61477,41.69352],[0.61878,41.69283],[0.62131,41.69605],[0.62572,41.69771],[0.62647,41.69545],[0.62348,41.69353],[0.6247,41.69211],[0.62816,41.69286],[0.63173,41.68396],[0.64016,41.68376],[0.64993,41.67704],[0.65382,41.67718],[0.65735,41.67969],[0.66318,41.69066],[0.66285,41.69417],[0.66111,41.69566],[0.66145,41.70171],[0.65279,41.70538],[0.65185,41.70726],[0.64899,41.70742],[0.63746,41.70266],[0.6337,41.69966],[0.63024,41.70023],[0.62441,41.69898],[0.62112,41.70259],[0.61768,41.70299],[0.61319,41.69574],[0.61476,41.69382],[0.61477,41.69352]]]}},{"type":"Feature","properties":{"mun_code":"25132","mun_name":"Massoteres","mun_name_local":null,"prov_code":"25","prov_name":"Lleida","acom_code":"09","acom_name":"Cataluña","geo_point_2d":{"lon":1.3325237172038,"lat":41.80080143260487}},"geometry":{"type":"Polygon","coordinates":[[[1.29259,41.815],[1.2921,41.81326],[1.29826,41.80108],[1.3092,41.78999],[1.31728,41.78684],[1.32071,41.7841],[1.3251,41.77629],[1.33676,41.76563],[1.33821,41.76019],[1.34614,41.7713],[1.34869,41.77746],[1.35394,41.77985],[1.36184,41.79403],[1.3675,41.79797],[1.36558,41.80226],[1.36997,41.80586],[1.37142,41.81266],[1.37472,41.81616],[1.37168,41.81676],[1.36843,41.81446],[1.35873,41.81441],[1.35221,41.81909],[1.34483,41.81851],[1.3415,41.82131],[1.33726,41.81911],[1.33639,41.82252],[1.33009,41.82254],[1.32975,41.82563],[1.32796,41.82533],[1.3202,41.8303],[1.31616,41.82656],[1.31499,41.82748],[1.30932,41.82538],[1.30338,41.82001],[1.29291,41.81524],[1.29259,41.815]]]}},{"type":"Feature","properties":{"mun_code":"25003","mun_name":"Agramunt","mun_name_local":null,"prov_code":"25","prov_name":"Lleida","acom_code":"09","acom_name":"Cataluña","geo_point_2d":{"lon":1.0683191067854225,"lat":41.78750620338195}},"geometry":{"type":"MultiPolygon","coordinates":[[[[1.00375,41.77119],[1.00513,41.77085],[0.99598,41.75814],[0.99892,41.75639],[1.00453,41.7631],[1.01682,41.75903],[1.02041,41.75953],[1.0375,41.75634],[1.03723,41.75425],[1.03383,41.75467],[1.02291,41.74832],[0.99407,41.73722],[0.98434,41.7317],[1.00462,41.73181],[1.02728,41.72531],[1.02555,41.72062],[1.02986,41.7213],[1.02884,41.71732],[1.0359,41.72129],[1.04379,41.72317],[1.0677,41.73292],[1.0752,41.73908],[1.086,41.75407],[1.09039,41.75519],[1.09676,41.75482],[1.11727,41.79128],[1.12208,41.78847],[1.13169,41.79336],[1.13858,41.79508],[1.13647,41.79995],[1.13831,41.80508],[1.15037,41.81485],[1.15252,41.81901],[1.14971,41.82084],[1.14468,41.8198],[1.14233,41.81611],[1.13803,41.81451],[1.13422,41.81068],[1.13343,41.80434],[1.12597,41.80551],[1.12268,41.80772],[1.09874,41.81157],[1.09864,41.82018],[1.10136,41.82116],[1.1009,41.8255],[1.1024,41.82688],[1.10388,41.828],[1.10873,41.82396],[1.11493,41.82203],[1.11865,41.82682],[1.12197,41.82863],[1.12429,41.83279],[1.12031,41.84928],[1.11463,41.85108],[1.11502,41.8539],[1.10261,41.85275],[1.10418,41.85568],[1.09936,41.85714],[1.0919,41.84446],[1.07552,41.82312],[1.0805,41.82418],[1.06071,41.79322],[1.0334,41.76888],[1.01995,41.77695],[1.01552,41.77662],[1.00837,41.77122],[1.00375,41.77119]]],[[[1.04039,41.8572],[1.0396,41.85416],[1.0369,41.85451],[1.03315,41.85187],[1.03124,41.8521],[1.03144,41.85432],[1.02903,41.85582],[1.0257,41.85183],[1.02089,41.85032],[1.01959,41.84766],[1.0201,41.8387],[1.02451,41.83843],[1.02441,41.83169],[1.0223,41.83035],[1.02187,41.82767],[1.02411,41.82769],[1.02526,41.822],[1.0293,41.81941],[1.03236,41.82078],[1.03633,41.82571],[1.04213,41.82867],[1.0512,41.82994],[1.05446,41.8374],[1.06643,41.83539],[1.06142,41.84924],[1.0578,41.84882],[1.05497,41.85753],[1.04613,41.85727],[1.04469,41.85959],[1.04195,41.85698],[1.04039,41.8572]]]]}},{"type":"Feature","properties":{"mun_code":"25043","mun_name":"La Vall de Boí","mun_name_local":null,"prov_code":"25","prov_name":"Lleida","acom_code":"09","acom_name":"Cataluña","geo_point_2d":{"lon":0.8568895425178907,"lat":42.53513387338537}},"geometry":{"type":"Polygon","coordinates":[[[0.74854,42.47819],[0.75401,42.47245],[0.75786,42.46484],[0.76655,42.46058],[0.77532,42.46625],[0.80238,42.46416],[0.81505,42.45695],[0.82662,42.45974],[0.82899,42.46202],[0.83678,42.4606],[0.85288,42.45414],[0.86204,42.45577],[0.86617,42.46103],[0.87315,42.4609],[0.87965,42.45914],[0.88252,42.46434],[0.88563,42.46646],[0.88872,42.47495],[0.89309,42.47939],[0.90913,42.4836],[0.92155,42.48509],[0.92464,42.49245],[0.91984,42.49643],[0.92096,42.50022],[0.91859,42.50307],[0.92265,42.50542],[0.92257,42.5083],[0.92425,42.51038],[0.92833,42.51157],[0.93086,42.51608],[0.937,42.51792],[0.94415,42.5181],[0.94256,42.52235],[0.94375,42.52417],[0.95116,42.52519],[0.95308,42.52657],[0.95273,42.52867],[0.9575,42.53014],[0.95803,42.53233],[0.95371,42.53855],[0.96023,42.54123],[0.96105,42.54454],[0.96473,42.54652],[0.96613,42.54976],[0.97273,42.55175],[0.96879,42.57445],[0.9582,42.57945],[0.94252,42.58104],[0.93756,42.5873],[0.93784,42.58953],[0.93519,42.59075],[0.92822,42.59098],[0.91798,42.59339],[0.91206,42.60668],[0.89121,42.61239],[0.89406,42.61404],[0.89637,42.62338],[0.89521,42.62612],[0.88458,42.62791],[0.88184,42.63136],[0.87717,42.63235],[0.87331,42.62589],[0.86746,42.62293],[0.85633,42.62124],[0.84581,42.61545],[0.83985,42.60911],[0.83123,42.60914],[0.82876,42.60647],[0.82569,42.60565],[0.82338,42.59957],[0.82535,42.59407],[0.82002,42.59562],[0.81255,42.59413],[0.8085,42.59142],[0.8023,42.59064],[0.80042,42.58881],[0.80052,42.58588],[0.79218,42.57659],[0.79307,42.57325],[0.79727,42.56902],[0.7971,42.56484],[0.79204,42.56236],[0.79117,42.55559],[0.7937,42.54833],[0.77433,42.54367],[0.76461,42.53246],[0.76816,42.53003],[0.76778,42.5286],[0.76507,42.51878],[0.76037,42.5135],[0.7574,42.50575],[0.74565,42.50681],[0.73905,42.49961],[0.74176,42.49808],[0.74022,42.49578],[0.74364,42.49543],[0.74491,42.49304],[0.74929,42.49097],[0.75154,42.48375],[0.74832,42.48162],[0.7492,42.47887],[0.74854,42.47819]]]}},{"type":"Feature","properties":{"mun_code":"25114","mun_name":"Ivorra","mun_name_local":null,"prov_code":"25","prov_name":"Lleida","acom_code":"09","acom_name":"Cataluña","geo_point_2d":{"lon":1.3904928896221105,"lat":41.76987944072105}},"geometry":{"type":"Polygon","coordinates":[[[1.36171,41.75625],[1.38496,41.7482],[1.39562,41.74716],[1.40167,41.74393],[1.40893,41.75827],[1.41107,41.76665],[1.40989,41.76786],[1.41061,41.77504],[1.41393,41.77652],[1.41087,41.77737],[1.40737,41.78136],[1.40748,41.7846],[1.40247,41.78622],[1.40165,41.79577],[1.4039,41.80516],[1.39457,41.80015],[1.38368,41.78411],[1.38206,41.7862],[1.37358,41.77869],[1.36414,41.76121],[1.36171,41.75625]]]}},{"type":"Feature","properties":{"mun_code":"25061","mun_name":"Cabó","mun_name_local":null,"prov_code":"25","prov_name":"Lleida","acom_code":"09","acom_name":"Cataluña","geo_point_2d":{"lon":1.234996261452668,"lat":42.23941884617982}},"geometry":{"type":"MultiPolygon","coordinates":[[[[1.31255,42.19627],[1.31511,42.19239],[1.3181,42.1929],[1.31872,42.19411],[1.31616,42.19541],[1.32127,42.19815],[1.31783,42.19978],[1.31464,42.19881],[1.30959,42.1995],[1.31091,42.20115],[1.30301,42.19958],[1.30898,42.19635],[1.31251,42.19636],[1.31255,42.19627]]],[[[1.15133,42.25905],[1.15837,42.24649],[1.14818,42.23987],[1.14021,42.23825],[1.13921,42.23595],[1.14287,42.22935],[1.14203,42.22775],[1.15344,42.22356],[1.15373,42.22034],[1.15624,42.21913],[1.17676,42.2187],[1.17984,42.2178],[1.18104,42.21582],[1.198,42.21315],[1.21542,42.20716],[1.23276,42.21064],[1.24029,42.21037],[1.25829,42.21473],[1.27064,42.21448],[1.30082,42.20903],[1.30004,42.21004],[1.3047,42.21675],[1.31714,42.2184],[1.3159,42.2221],[1.31318,42.22354],[1.32142,42.24198],[1.31215,42.24234],[1.30106,42.24987],[1.30274,42.25405],[1.29934,42.25584],[1.30424,42.25662],[1.29716,42.26558],[1.2912,42.26863],[1.29016,42.27685],[1.28281,42.28102],[1.27161,42.27874],[1.26521,42.27526],[1.26004,42.27554],[1.25581,42.26743],[1.26147,42.2664],[1.24829,42.26181],[1.24185,42.26509],[1.23517,42.26552],[1.22865,42.26385],[1.21416,42.26775],[1.20971,42.26625],[1.20242,42.25967],[1.19784,42.26171],[1.18589,42.26088],[1.16899,42.26638],[1.16388,42.26323],[1.15755,42.26392],[1.15297,42.26037],[1.15133,42.25905]]]]}},{"type":"Feature","properties":{"mun_code":"25230","mun_name":"Torregrossa","mun_name_local":null,"prov_code":"25","prov_name":"Lleida","acom_code":"09","acom_name":"Cataluña","geo_point_2d":{"lon":0.8097775330209339,"lat":41.58374495609353}},"geometry":{"type":"Polygon","coordinates":[[[0.73236,41.56676],[0.74056,41.56562],[0.74372,41.56119],[0.76475,41.55708],[0.76478,41.55066],[0.7757,41.5493],[0.77754,41.5502],[0.77847,41.55819],[0.77566,41.56266],[0.77931,41.56744],[0.78894,41.56312],[0.79145,41.56841],[0.7971,41.57057],[0.80682,41.57161],[0.80897,41.57025],[0.82364,41.57017],[0.82873,41.56544],[0.82956,41.56822],[0.82844,41.56859],[0.83047,41.57093],[0.83615,41.56863],[0.83383,41.56632],[0.83812,41.56455],[0.85281,41.57168],[0.85105,41.57436],[0.85826,41.57385],[0.87279,41.58386],[0.87768,41.58588],[0.88232,41.58383],[0.88246,41.58482],[0.87243,41.5927],[0.87287,41.598],[0.86986,41.59839],[0.86306,41.60629],[0.85491,41.61108],[0.85155,41.61127],[0.84961,41.6136],[0.84208,41.61286],[0.81905,41.61491],[0.81616,41.61423],[0.80725,41.60196],[0.80384,41.59015],[0.79621,41.58915],[0.77924,41.57984],[0.77001,41.58744],[0.745,41.58876],[0.74155,41.58268],[0.73874,41.58363],[0.73534,41.57929],[0.73245,41.57071],[0.73236,41.56676]]]}},{"type":"Feature","properties":{"mun_code":"25254","mun_name":"Vilanova de la Barca","mun_name_local":null,"prov_code":"25","prov_name":"Lleida","acom_code":"09","acom_name":"Cataluña","geo_point_2d":{"lon":0.7350341262330572,"lat":41.68145488224167}},"geometry":{"type":"Polygon","coordinates":[[[0.69471,41.66745],[0.69876,41.6632],[0.70374,41.66308],[0.70431,41.66439],[0.72252,41.65836],[0.7369,41.65832],[0.73745,41.66166],[0.75217,41.66218],[0.76424,41.66522],[0.76584,41.6804],[0.76126,41.6904],[0.74555,41.71036],[0.74185,41.7122],[0.7337,41.70775],[0.72819,41.70324],[0.72612,41.69917],[0.7156,41.70303],[0.71326,41.70118],[0.71178,41.70168],[0.71253,41.69985],[0.70691,41.69504],[0.70927,41.69137],[0.71711,41.68628],[0.71764,41.68421],[0.71477,41.68275],[0.70534,41.67155],[0.69662,41.66781],[0.69471,41.66745]]]}},{"type":"Feature","properties":{"mun_code":"25138","mun_name":"Montgai","mun_name_local":null,"prov_code":"25","prov_name":"Lleida","acom_code":"09","acom_name":"Cataluña","geo_point_2d":{"lon":0.971417203818103,"lat":41.79652349736557}},"geometry":{"type":"Polygon","coordinates":[[[0.92251,41.78004],[0.92401,41.77647],[0.92263,41.77409],[0.92666,41.77249],[0.93651,41.77047],[0.94365,41.77357],[0.94472,41.77598],[0.9565,41.77761],[0.95596,41.77314],[0.96066,41.77022],[0.95969,41.76873],[0.97415,41.76681],[0.97662,41.77572],[0.98757,41.77432],[0.99039,41.77986],[0.99414,41.78176],[1.00566,41.79618],[1.00618,41.8037],[1.00812,41.80485],[1.01198,41.81284],[1.01185,41.8209],[1.00701,41.82172],[1.00842,41.8267],[1.00661,41.83474],[1.00346,41.83366],[1.00015,41.82711],[0.99312,41.82244],[0.98479,41.82483],[0.97905,41.82983],[0.97621,41.82974],[0.96689,41.81579],[0.96333,41.81428],[0.96319,41.80552],[0.96068,41.80146],[0.95543,41.80235],[0.95278,41.80051],[0.94756,41.80093],[0.94321,41.79721],[0.93832,41.79967],[0.93978,41.80107],[0.93845,41.80275],[0.93127,41.80197],[0.92278,41.78046],[0.92251,41.78004]]]}},{"type":"Feature","properties":{"mun_code":"25010","mun_name":"Alcanó","mun_name_local":null,"prov_code":"25","prov_name":"Lleida","acom_code":"09","acom_name":"Cataluña","geo_point_2d":{"lon":0.6255259915466548,"lat":41.469680980720064}},"geometry":{"type":"Polygon","coordinates":[[[0.59532,41.48945],[0.59765,41.48002],[0.59581,41.47137],[0.59889,41.45311],[0.60526,41.44992],[0.61583,41.44685],[0.62564,41.44722],[0.62828,41.45255],[0.63283,41.44948],[0.64281,41.45483],[0.65911,41.45564],[0.6635,41.45775],[0.6622,41.46534],[0.66426,41.47322],[0.66,41.47429],[0.65761,41.47638],[0.65236,41.47652],[0.64542,41.47894],[0.64275,41.48124],[0.64318,41.48413],[0.62963,41.48958],[0.62929,41.49248],[0.61535,41.49395],[0.60922,41.49131],[0.59926,41.48987],[0.59674,41.49054],[0.59532,41.48945]]]}},{"type":"Feature","properties":{"mun_code":"25154","mun_name":"Els Omells de na Gaia","mun_name_local":null,"prov_code":"25","prov_name":"Lleida","acom_code":"09","acom_name":"Cataluña","geo_point_2d":{"lon":1.0766082029396202,"lat":41.49687770678863}},"geometry":{"type":"Polygon","coordinates":[[[1.03739,41.49892],[1.03945,41.50138],[1.04228,41.50063],[1.05627,41.4939],[1.06426,41.48739],[1.07901,41.48374],[1.08557,41.47832],[1.09131,41.47653],[1.09406,41.47818],[1.09986,41.47633],[1.10121,41.47973],[1.09934,41.48658],[1.10406,41.48921],[1.10224,41.49163],[1.10469,41.49449],[1.10586,41.49999],[1.09846,41.50291],[1.08933,41.50975],[1.07806,41.51021],[1.06201,41.51335],[1.0522,41.50989],[1.04786,41.50494],[1.03801,41.50508],[1.03645,41.50339],[1.03722,41.49971],[1.03739,41.49892]]]}},{"type":"Feature","properties":{"mun_code":"25150","mun_name":"Oliola","mun_name_local":null,"prov_code":"25","prov_name":"Lleida","acom_code":"09","acom_name":"Cataluña","geo_point_2d":{"lon":1.173135609050061,"lat":41.857093603949714}},"geometry":{"type":"Polygon","coordinates":[[[1.12031,41.84928],[1.12351,41.83865],[1.12346,41.83045],[1.11865,41.82682],[1.11656,41.82273],[1.11351,41.82178],[1.10388,41.828],[1.1024,41.82688],[1.1009,41.8255],[1.10136,41.82116],[1.09864,41.82018],[1.09862,41.81169],[1.12268,41.80772],[1.12597,41.80551],[1.13343,41.80434],[1.13422,41.81068],[1.13803,41.81451],[1.14233,41.81611],[1.14468,41.8198],[1.14779,41.82086],[1.15131,41.82013],[1.15265,41.81814],[1.15037,41.81485],[1.14109,41.80837],[1.13647,41.79995],[1.14056,41.79211],[1.14017,41.78595],[1.15374,41.7824],[1.16299,41.78138],[1.18282,41.79679],[1.18472,41.81849],[1.18732,41.81965],[1.19035,41.83001],[1.18668,41.84391],[1.18849,41.8505],[1.19317,41.85452],[1.20646,41.85823],[1.21914,41.85903],[1.224,41.8608],[1.22376,41.86265],[1.22663,41.86481],[1.23159,41.86568],[1.22943,41.87062],[1.23012,41.87243],[1.23383,41.87323],[1.2339,41.87838],[1.23598,41.88105],[1.23465,41.88351],[1.2379,41.88466],[1.2338,41.8901],[1.23196,41.90508],[1.24017,41.91684],[1.24395,41.93136],[1.24007,41.93253],[1.24212,41.93754],[1.24056,41.93553],[1.23048,41.93396],[1.2273,41.93536],[1.22023,41.9434],[1.20541,41.93506],[1.20106,41.92624],[1.21053,41.92395],[1.22237,41.91665],[1.21471,41.91282],[1.21225,41.90245],[1.20382,41.89201],[1.17647,41.89368],[1.1612,41.89025],[1.16504,41.89881],[1.16221,41.90388],[1.15836,41.90431],[1.15044,41.90207],[1.14266,41.90159],[1.14034,41.89451],[1.13307,41.88552],[1.13534,41.88036],[1.13082,41.87647],[1.13298,41.87383],[1.13224,41.86249],[1.13701,41.85899],[1.12417,41.85545],[1.12704,41.8514],[1.12031,41.84928]]]}},{"type":"Feature","properties":{"mun_code":"25005","mun_name":"Alàs i Cerc","mun_name_local":null,"prov_code":"25","prov_name":"Lleida","acom_code":"09","acom_name":"Cataluña","geo_point_2d":{"lon":1.5204854448875857,"lat":42.32249593154308}},"geometry":{"type":"Polygon","coordinates":[[[1.46171,42.3345],[1.46583,42.32306],[1.47158,42.31492],[1.46928,42.31499],[1.46543,42.3118],[1.46532,42.30891],[1.45685,42.30599],[1.45486,42.30008],[1.45744,42.29361],[1.47379,42.2885],[1.4768,42.29266],[1.48034,42.29213],[1.49848,42.30203],[1.51808,42.30394],[1.53279,42.29529],[1.53515,42.2951],[1.53641,42.2929],[1.54,42.29237],[1.54283,42.28953],[1.55169,42.2899],[1.55053,42.28672],[1.55373,42.28213],[1.56401,42.28291],[1.57484,42.28697],[1.58047,42.28655],[1.56833,42.31137],[1.56877,42.31872],[1.56518,42.3383],[1.56881,42.3464],[1.56377,42.3502],[1.5603,42.35076],[1.55727,42.3587],[1.55073,42.35689],[1.54388,42.35819],[1.5403,42.35547],[1.53751,42.35674],[1.53735,42.35931],[1.53012,42.36252],[1.52626,42.36276],[1.51884,42.35672],[1.51458,42.3589],[1.50529,42.35595],[1.49947,42.35711],[1.49552,42.35562],[1.49077,42.35788],[1.48981,42.34781],[1.47835,42.33922],[1.46791,42.33957],[1.46171,42.3345]],[[1.5003,42.33801],[1.4921,42.34198],[1.49261,42.34556],[1.49436,42.34681],[1.49298,42.34804],[1.49453,42.34774],[1.49576,42.34965],[1.50192,42.342],[1.49995,42.33908],[1.5003,42.33801]]]}},{"type":"Feature","properties":{"mun_code":"25180","mun_name":"Puiggròs","mun_name_local":null,"prov_code":"25","prov_name":"Lleida","acom_code":"09","acom_name":"Cataluña","geo_point_2d":{"lon":0.8789353153182208,"lat":41.558326870747514}},"geometry":{"type":"Polygon","coordinates":[[[0.85281,41.57168],[0.86042,41.57166],[0.8613,41.57005],[0.85915,41.56235],[0.86689,41.56004],[0.87176,41.56119],[0.87005,41.55605],[0.87491,41.55285],[0.87484,41.55027],[0.86857,41.53912],[0.87402,41.53611],[0.89289,41.53479],[0.89449,41.54233],[0.89418,41.55865],[0.89086,41.55945],[0.88965,41.5616],[0.88738,41.57141],[0.88885,41.57436],[0.88361,41.57912],[0.88244,41.58215],[0.88066,41.58025],[0.8691,41.58066],[0.87062,41.57759],[0.86699,41.57677],[0.86577,41.57423],[0.86043,41.57533],[0.85826,41.57385],[0.85105,41.57436],[0.85281,41.57168]]]}},{"type":"Feature","properties":{"mun_code":"25096","mun_name":"La Fuliola","mun_name_local":null,"prov_code":"25","prov_name":"Lleida","acom_code":"09","acom_name":"Cataluña","geo_point_2d":{"lon":1.0015307197106296,"lat":41.71629424582188}},"geometry":{"type":"Polygon","coordinates":[[[0.97421,41.70635],[0.98171,41.70331],[0.98844,41.70223],[0.98765,41.70148],[0.99114,41.6994],[0.9984,41.69813],[0.99982,41.70051],[1.01573,41.70579],[1.02884,41.71732],[1.02986,41.7213],[1.02555,41.72062],[1.02728,41.72531],[1.00462,41.73181],[0.9831,41.73177],[0.98244,41.71309],[0.97435,41.70652],[0.97421,41.70635]]]}},{"type":"Feature","properties":{"mun_code":"25219","mun_name":"Tarroja de Segarra","mun_name_local":null,"prov_code":"25","prov_name":"Lleida","acom_code":"09","acom_name":"Cataluña","geo_point_2d":{"lon":1.2771560492399134,"lat":41.722250963013224}},"geometry":{"type":"Polygon","coordinates":[[[1.25853,41.70818],[1.25762,41.7051],[1.27562,41.69811],[1.27821,41.71228],[1.28932,41.71906],[1.29403,41.72728],[1.29192,41.73681],[1.29224,41.74439],[1.28178,41.74295],[1.26781,41.73154],[1.26418,41.71486],[1.25837,41.70874],[1.25853,41.70818]]]}},{"type":"Feature","properties":{"mun_code":"25086","mun_name":"Esterri d'Àneu","mun_name_local":null,"prov_code":"25","prov_name":"Lleida","acom_code":"09","acom_name":"Cataluña","geo_point_2d":{"lon":1.1183411889895452,"lat":42.62211107007939}},"geometry":{"type":"Polygon","coordinates":[[[1.08037,42.59382],[1.0997,42.60011],[1.10863,42.60584],[1.10358,42.60686],[1.11095,42.61071],[1.11613,42.61176],[1.1211,42.61215],[1.12903,42.60576],[1.1314,42.5991],[1.13152,42.60632],[1.1277,42.61256],[1.128,42.61717],[1.12898,42.6189],[1.13923,42.61777],[1.13816,42.63227],[1.13582,42.63517],[1.13605,42.64179],[1.13445,42.64474],[1.12089,42.64563],[1.11882,42.6428],[1.11054,42.6419],[1.11286,42.63736],[1.11954,42.63474],[1.1191,42.63294],[1.12141,42.63118],[1.1141,42.62978],[1.11226,42.6261],[1.11875,42.61364],[1.09881,42.60705],[1.10114,42.61068],[1.09309,42.60969],[1.08651,42.60461],[1.08097,42.59496],[1.08037,42.59382]]]}},{"type":"Feature","properties":{"mun_code":"25225","mun_name":"Tornabous","mun_name_local":null,"prov_code":"25","prov_name":"Lleida","acom_code":"09","acom_name":"Cataluña","geo_point_2d":{"lon":1.0595507455372046,"lat":41.71077040963275}},"geometry":{"type":"MultiPolygon","coordinates":[[[[1.0804,41.72118],[1.02852,41.69243],[1.03414,41.69015],[1.0414,41.69508],[1.05522,41.68279],[1.07866,41.7021],[1.08225,41.70045],[1.0991,41.70522],[1.10302,41.70819],[1.10265,41.71568],[1.09648,41.72527],[1.08021,41.71612],[1.0804,41.72118]]],[[[1.02274,41.7125],[1.02816,41.71112],[0.99768,41.69119],[1.00966,41.68853],[1.01462,41.6945],[1.01976,41.69593],[1.0659,41.72066],[1.07545,41.73186],[1.08662,41.74177],[1.09039,41.75519],[1.086,41.75407],[1.0752,41.73908],[1.0677,41.73292],[1.04379,41.72317],[1.0359,41.72129],[1.02359,41.71351],[1.02274,41.7125]]]]}},{"type":"Feature","properties":{"mun_code":"25118","mun_name":"Juncosa","mun_name_local":null,"prov_code":"25","prov_name":"Lleida","acom_code":"09","acom_name":"Cataluña","geo_point_2d":{"lon":0.7864169381602046,"lat":41.380348448633896}},"geometry":{"type":"Polygon","coordinates":[[[0.72524,41.41649],[0.72933,41.41466],[0.7468,41.39954],[0.73828,41.38539],[0.73881,41.38336],[0.74495,41.37834],[0.73369,41.3705],[0.73645,41.36862],[0.7397,41.36214],[0.73776,41.36066],[0.74029,41.35583],[0.75446,41.34678],[0.75934,41.34182],[0.75953,41.33919],[0.768,41.3339],[0.77395,41.33447],[0.77976,41.33202],[0.79099,41.33187],[0.79649,41.32839],[0.80251,41.3304],[0.80881,41.32824],[0.81256,41.32889],[0.8126,41.32708],[0.81443,41.32682],[0.81915,41.3283],[0.82093,41.33219],[0.81965,41.33341],[0.82228,41.33479],[0.8225,41.33829],[0.8249,41.33904],[0.82619,41.34143],[0.827,41.35074],[0.83033,41.35323],[0.82923,41.35738],[0.84006,41.36181],[0.845,41.3623],[0.8455,41.37053],[0.84194,41.37774],[0.83891,41.38031],[0.84062,41.38301],[0.83893,41.38864],[0.84094,41.39363],[0.83628,41.3974],[0.83633,41.40114],[0.83112,41.40498],[0.83005,41.40409],[0.80628,41.405],[0.80372,41.4079],[0.80497,41.41154],[0.80365,41.41564],[0.79553,41.42097],[0.79346,41.43884],[0.78852,41.43578],[0.7858,41.42983],[0.76933,41.44327],[0.76595,41.44446],[0.76312,41.44285],[0.76228,41.43854],[0.75672,41.4327],[0.76471,41.42249],[0.76298,41.42162],[0.76553,41.41781],[0.76205,41.41642],[0.75246,41.41955],[0.73426,41.42298],[0.72524,41.41649]]]}},{"type":"Feature","properties":{"mun_code":"25176","mun_name":"Preixana","mun_name_local":null,"prov_code":"25","prov_name":"Lleida","acom_code":"09","acom_name":"Cataluña","geo_point_2d":{"lon":1.0465577486597375,"lat":41.60146664905079}},"geometry":{"type":"Polygon","coordinates":[[[1.00279,41.5875],[1.01151,41.58323],[1.0162,41.58671],[1.04341,41.59075],[1.04731,41.58606],[1.05138,41.58443],[1.06931,41.58361],[1.07087,41.58475],[1.08369,41.57807],[1.08299,41.58147],[1.08513,41.58903],[1.0803,41.59292],[1.07681,41.60298],[1.07982,41.6109],[1.0753,41.61559],[1.06671,41.61594],[1.06775,41.61855],[1.05931,41.62402],[1.05255,41.62588],[1.04683,41.62118],[1.0413,41.62059],[1.04211,41.61828],[1.0376,41.6184],[1.03783,41.61695],[1.03175,41.61857],[1.03035,41.61666],[1.02266,41.6179],[1.01535,41.61264],[1.00297,41.58759],[1.00279,41.5875]]]}},{"type":"Feature","properties":{"mun_code":"25194","mun_name":"Sant Ramon","mun_name_local":null,"prov_code":"25","prov_name":"Lleida","acom_code":"09","acom_name":"Cataluña","geo_point_2d":{"lon":1.3587283946934265,"lat":41.73340420856121}},"geometry":{"type":"Polygon","coordinates":[[[1.32982,41.73731],[1.32281,41.72356],[1.33034,41.71853],[1.33057,41.7142],[1.33319,41.71472],[1.33324,41.71336],[1.34533,41.70785],[1.35066,41.7077],[1.35275,41.71217],[1.37007,41.72568],[1.3901,41.72959],[1.39541,41.73232],[1.40045,41.73917],[1.40167,41.74393],[1.39562,41.74716],[1.38496,41.7482],[1.36171,41.75625],[1.36329,41.7487],[1.35483,41.7467],[1.3432,41.74713],[1.333,41.74957],[1.33059,41.7382],[1.32982,41.73731]]]}},{"type":"Feature","properties":{"mun_code":"25207","mun_name":"Solsona","mun_name_local":null,"prov_code":"25","prov_name":"Lleida","acom_code":"09","acom_name":"Cataluña","geo_point_2d":{"lon":1.5182374965044738,"lat":41.99278734804944}},"geometry":{"type":"Polygon","coordinates":[[[1.49221,42.00942],[1.495,42.0065],[1.49418,42.00384],[1.4965,42.00269],[1.49434,42.00202],[1.49378,41.9992],[1.49616,41.99857],[1.50001,42.00036],[1.50459,41.99499],[1.49556,41.98938],[1.49736,41.9879],[1.5018,41.9908],[1.5051,41.98665],[1.50181,41.9864],[1.49939,41.98124],[1.49356,41.97555],[1.49224,41.97671],[1.48866,41.97671],[1.49136,41.98164],[1.49648,41.98407],[1.49363,41.98534],[1.49699,41.98611],[1.48391,41.98262],[1.48783,41.97615],[1.49162,41.97628],[1.49275,41.97133],[1.50477,41.96757],[1.50393,41.96956],[1.5125,41.96919],[1.51831,41.97093],[1.51886,41.97387],[1.52315,41.97643],[1.52978,41.97712],[1.53881,41.97535],[1.54528,41.97717],[1.54355,41.97901],[1.54793,41.98107],[1.55106,41.98718],[1.53648,41.99967],[1.53389,42.00413],[1.53759,42.00775],[1.53738,42.00933],[1.53576,42.01136],[1.52902,42.0137],[1.52925,42.02107],[1.52683,42.02124],[1.52065,42.01705],[1.51196,42.01439],[1.511,42.0157],[1.50257,42.01728],[1.49995,42.01595],[1.50192,42.01435],[1.50089,42.01135],[1.49918,42.01452],[1.49898,42.01228],[1.49274,42.00991],[1.49221,42.00942]],[[1.50231,42.00259],[1.4994,42.00579],[1.50404,42.00759],[1.5054,42.00604],[1.50279,42.0033],[1.50231,42.00259]]]}},{"type":"Feature","properties":{"mun_code":"25137","mun_name":"Mollerussa","mun_name_local":null,"prov_code":"25","prov_name":"Lleida","acom_code":"09","acom_name":"Cataluña","geo_point_2d":{"lon":0.8853067491438554,"lat":41.62371316977302}},"geometry":{"type":"Polygon","coordinates":[[[0.85155,41.61127],[0.85491,41.61108],[0.8623,41.60674],[0.86487,41.60924],[0.8818,41.61724],[0.88426,41.61605],[0.88688,41.61727],[0.8961,41.61699],[0.89929,41.61305],[0.90501,41.61194],[0.90184,41.61683],[0.90563,41.62504],[0.90255,41.62977],[0.90189,41.63795],[0.89668,41.63941],[0.89522,41.64237],[0.88582,41.64129],[0.88385,41.6295],[0.85495,41.61402],[0.85155,41.61127]]]}},{"type":"Feature","properties":{"mun_code":"25062","mun_name":"Camarasa","mun_name_local":null,"prov_code":"25","prov_name":"Lleida","acom_code":"09","acom_name":"Cataluña","geo_point_2d":{"lon":0.8674050683500525,"lat":41.91385370535667}},"geometry":{"type":"MultiPolygon","coordinates":[[[[0.81162,41.96597],[0.82991,41.97313],[0.83168,41.97612],[0.83968,41.98084],[0.83921,41.96667],[0.84242,41.96565],[0.84524,41.95407],[0.8486,41.95136],[0.84822,41.94257],[0.85707,41.94101],[0.85518,41.93021],[0.85856,41.926],[0.85837,41.92257],[0.86239,41.92162],[0.86326,41.9195],[0.85512,41.9138],[0.8529,41.9092],[0.8577,41.90733],[0.87238,41.90957],[0.88042,41.90953],[0.87865,41.903],[0.87122,41.89583],[0.86868,41.89681],[0.86541,41.89472],[0.85655,41.89443],[0.85132,41.89672],[0.84356,41.89747],[0.8252,41.89389],[0.81891,41.88867],[0.82079,41.88438],[0.82,41.88162],[0.8017,41.87757],[0.79942,41.87452],[0.79345,41.87658],[0.79616,41.86928],[0.78428,41.86706],[0.782,41.85808],[0.80937,41.8432],[0.81853,41.83962],[0.82811,41.83799],[0.82783,41.8324],[0.82409,41.82719],[0.82448,41.82336],[0.83242,41.82005],[0.8384,41.81923],[0.84328,41.82055],[0.84947,41.81773],[0.85215,41.81868],[0.85389,41.82136],[0.85954,41.81871],[0.86881,41.81747],[0.86953,41.82049],[0.88279,41.8179],[0.88832,41.82673],[0.89629,41.83132],[0.90285,41.8313],[0.91183,41.82822],[0.92736,41.83119],[0.93198,41.84026],[0.93413,41.86303],[0.93729,41.86805],[0.93349,41.88204],[0.92599,41.88825],[0.92041,41.88855],[0.89934,41.89971],[0.89668,41.90846],[0.89024,41.90573],[0.89556,41.91503],[0.89552,41.92141],[0.90227,41.93285],[0.89997,41.9473],[0.90613,41.96044],[0.90878,41.96384],[0.91095,41.96373],[0.91255,41.96185],[0.91545,41.96286],[0.91778,41.96389],[0.91756,41.96653],[0.92871,41.97096],[0.92942,41.9732],[0.92611,41.97649],[0.92728,41.97934],[0.92353,41.98338],[0.91606,41.98462],[0.90997,41.9888],[0.90786,41.99196],[0.91011,41.99596],[0.90931,41.99724],[0.88134,41.99834],[0.87878,41.99694],[0.87772,41.99885],[0.87339,41.99853],[0.86981,42.00011],[0.86853,42.00529],[0.85428,42.00569],[0.85361,42.00282],[0.85076,42.0033],[0.84935,42.01308],[0.84478,42.01696],[0.83915,42.02616],[0.83413,42.02527],[0.82834,42.02642],[0.82284,42.0256],[0.82081,42.02299],[0.80161,42.0218],[0.80634,42.01707],[0.80763,42.00963],[0.81302,42.00801],[0.8171,42.0008],[0.81569,41.99885],[0.80576,41.9979],[0.80587,41.99602],[0.81162,41.96597]]],[[[0.8886,42.04089],[0.88424,42.03899],[0.88279,42.02846],[0.87923,42.0261],[0.87839,42.02364],[0.89979,42.01522],[0.91101,42.01226],[0.91471,42.01218],[0.91877,42.01427],[0.92212,42.02184],[0.91934,42.0219],[0.91618,42.02532],[0.9137,42.02531],[0.90729,42.02873],[0.88947,42.04047],[0.8886,42.04089]]]]}},{"type":"Feature","properties":{"mun_code":"25909","mun_name":"La Vansa i Fórnols","mun_name_local":null,"prov_code":"25","prov_name":"Lleida","acom_code":"09","acom_name":"Cataluña","geo_point_2d":{"lon":1.4968343449342856,"lat":42.246955700829226}},"geometry":{"type":"Polygon","coordinates":[[[1.40871,42.22493],[1.41675,42.22306],[1.42238,42.22423],[1.4297,42.22339],[1.43494,42.21721],[1.43738,42.21852],[1.44308,42.2153],[1.44571,42.20688],[1.4485,42.20426],[1.4503,42.20356],[1.45305,42.20467],[1.45488,42.2034],[1.46412,42.20273],[1.46386,42.19505],[1.46961,42.19187],[1.48329,42.19506],[1.49177,42.18976],[1.49458,42.18331],[1.5065,42.18694],[1.51551,42.18769],[1.5209,42.18477],[1.52312,42.18682],[1.52253,42.19083],[1.52777,42.192],[1.52771,42.2059],[1.52525,42.21139],[1.53406,42.24326],[1.54786,42.24681],[1.54818,42.24858],[1.55401,42.25325],[1.55957,42.25206],[1.56667,42.25241],[1.57404,42.25705],[1.58242,42.25872],[1.58479,42.26114],[1.59402,42.26435],[1.59015,42.26783],[1.5959,42.28576],[1.59082,42.28726],[1.57484,42.28697],[1.56401,42.28291],[1.55373,42.28213],[1.55053,42.28672],[1.55169,42.2899],[1.54283,42.28953],[1.54,42.29237],[1.53641,42.2929],[1.53515,42.2951],[1.53279,42.29529],[1.51808,42.30394],[1.49848,42.30203],[1.48034,42.29213],[1.4768,42.29266],[1.47379,42.2885],[1.47923,42.28326],[1.47989,42.27872],[1.47479,42.27178],[1.46392,42.27101],[1.45276,42.26606],[1.4389,42.26415],[1.43392,42.26179],[1.43226,42.25827],[1.42704,42.25713],[1.42463,42.25438],[1.42025,42.2581],[1.41559,42.25826],[1.40708,42.25203],[1.40287,42.2521],[1.40312,42.24734],[1.4078,42.2448],[1.40794,42.23749],[1.41521,42.23173],[1.4143,42.22919],[1.41005,42.22609],[1.40871,42.22493]]]}},{"type":"Feature","properties":{"mun_code":"25039","mun_name":"Baix Pallars","mun_name_local":null,"prov_code":"25","prov_name":"Lleida","acom_code":"09","acom_name":"Cataluña","geo_point_2d":{"lon":1.0608133700248723,"lat":42.32149718738595}},"geometry":{"type":"Polygon","coordinates":[[[0.95488,42.32562],[0.96353,42.32234],[0.96386,42.3175],[0.96729,42.31181],[0.97355,42.31367],[0.97457,42.31272],[0.97442,42.29822],[0.97728,42.29708],[0.99404,42.29662],[0.99731,42.29335],[1.00241,42.29171],[1.01033,42.29189],[1.02479,42.28494],[1.02659,42.28877],[1.03799,42.28532],[1.03807,42.28119],[1.04437,42.28047],[1.04886,42.28183],[1.05384,42.28144],[1.06502,42.27591],[1.06961,42.27702],[1.07428,42.27506],[1.08563,42.27738],[1.10726,42.27006],[1.11156,42.27098],[1.11791,42.26828],[1.1163,42.27301],[1.12289,42.26919],[1.12505,42.2659],[1.13155,42.26254],[1.14225,42.25982],[1.14833,42.2598],[1.14983,42.26176],[1.15133,42.25905],[1.15323,42.26619],[1.15738,42.26851],[1.15684,42.2779],[1.15293,42.28119],[1.14786,42.28224],[1.1448,42.28574],[1.13759,42.28952],[1.1227,42.29508],[1.1289,42.29906],[1.13532,42.30738],[1.14169,42.30593],[1.15806,42.30679],[1.16613,42.30915],[1.16375,42.3149],[1.17281,42.32689],[1.17545,42.3278],[1.1719,42.32852],[1.16336,42.33669],[1.15614,42.33843],[1.15436,42.34263],[1.15157,42.34108],[1.13289,42.34178],[1.11741,42.34005],[1.1025,42.3403],[1.06679,42.33448],[1.0661,42.33619],[1.06925,42.33678],[1.07167,42.34125],[1.06879,42.34467],[1.06851,42.34884],[1.05965,42.35504],[1.05395,42.35653],[1.04852,42.35596],[1.046,42.36115],[1.04198,42.36097],[1.03813,42.35694],[1.02879,42.36701],[1.02503,42.36871],[1.02681,42.37407],[1.03111,42.37533],[1.03431,42.38309],[1.03579,42.3953],[1.04261,42.40289],[1.04469,42.41022],[1.04367,42.41763],[1.02569,42.41183],[1.02634,42.40698],[1.01985,42.39729],[1.01558,42.39389],[1.01116,42.39348],[1.00567,42.38967],[1.00549,42.38213],[1.00136,42.37915],[0.99813,42.37319],[0.998,42.36378],[0.99414,42.36248],[0.99491,42.35575],[0.99186,42.34771],[0.98184,42.34476],[0.97672,42.33846],[0.96666,42.33994],[0.95761,42.33893],[0.95368,42.33354],[0.95378,42.32918],[0.95233,42.32784],[0.95488,42.32562]]]}},{"type":"Feature","properties":{"mun_code":"25226","mun_name":"Torrebesses","mun_name_local":null,"prov_code":"25","prov_name":"Lleida","acom_code":"09","acom_name":"Cataluña","geo_point_2d":{"lon":0.5983448768559829,"lat":41.42071904554011}},"geometry":{"type":"Polygon","coordinates":[[[0.56311,41.40989],[0.56688,41.40868],[0.56943,41.40588],[0.57526,41.40521],[0.582,41.40194],[0.59233,41.39308],[0.59831,41.39036],[0.60991,41.39024],[0.61881,41.39305],[0.62577,41.39934],[0.63179,41.4119],[0.62841,41.42002],[0.62153,41.42643],[0.62096,41.43724],[0.62394,41.44082],[0.62564,41.44722],[0.61583,41.44685],[0.60959,41.44803],[0.5996,41.45337],[0.59147,41.44934],[0.59017,41.44993],[0.58887,41.44812],[0.57595,41.44211],[0.56769,41.43494],[0.56796,41.43054],[0.56321,41.41095],[0.56311,41.40989]]]}},{"type":"Feature","properties":{"mun_code":"25063","mun_name":"Canejan","mun_name_local":null,"prov_code":"25","prov_name":"Lleida","acom_code":"09","acom_name":"Cataluña","geo_point_2d":{"lon":0.7963246513326304,"lat":42.81620079768986}},"geometry":{"type":"Polygon","coordinates":[[[0.72803,42.82826],[0.73947,42.82621],[0.74735,42.81067],[0.74773,42.80017],[0.75151,42.79973],[0.75183,42.79602],[0.75922,42.7962],[0.76383,42.79033],[0.76819,42.78813],[0.77499,42.7899],[0.78132,42.79],[0.78913,42.78811],[0.80016,42.78882],[0.80102,42.7931],[0.82062,42.79327],[0.84142,42.79702],[0.84777,42.801],[0.85573,42.80033],[0.8626,42.80414],[0.8677,42.80329],[0.87179,42.80453],[0.87667,42.80899],[0.87732,42.81435],[0.87375,42.81597],[0.8709,42.81567],[0.86101,42.82122],[0.85829,42.82573],[0.84377,42.82923],[0.8331,42.82836],[0.82224,42.83241],[0.8206,42.83459],[0.81777,42.83456],[0.81545,42.83713],[0.80141,42.84062],[0.79546,42.83993],[0.7892,42.83617],[0.77746,42.83615],[0.76282,42.84039],[0.7615,42.84277],[0.75019,42.84663],[0.73595,42.84879],[0.73078,42.84113],[0.73191,42.83734],[0.7283,42.82853],[0.72803,42.82826]]]}},{"type":"Feature","properties":{"mun_code":"25136","mun_name":"La Molsosa","mun_name_local":null,"prov_code":"25","prov_name":"Lleida","acom_code":"09","acom_name":"Cataluña","geo_point_2d":{"lon":1.5420607278299074,"lat":41.78410404406068}},"geometry":{"type":"MultiPolygon","coordinates":[[[[1.59325,41.81199],[1.54583,41.79551],[1.50476,41.78821],[1.50821,41.77373],[1.51258,41.77264],[1.51022,41.77156],[1.51087,41.7708],[1.51926,41.77094],[1.52236,41.76615],[1.52763,41.76403],[1.53267,41.76376],[1.52839,41.75974],[1.53072,41.75259],[1.5353,41.75295],[1.53619,41.75455],[1.53404,41.75715],[1.54475,41.75739],[1.54832,41.77045],[1.56173,41.76997],[1.56266,41.77383],[1.56113,41.77723],[1.56869,41.77735],[1.57258,41.78215],[1.57902,41.77871],[1.58129,41.77542],[1.59359,41.77793],[1.59216,41.78074],[1.59983,41.78903],[1.59704,41.79131],[1.59591,41.79419],[1.59797,41.79398],[1.59711,41.7965],[1.59444,41.79711],[1.59394,41.80186],[1.58881,41.80473],[1.59325,41.81199]]],[[[1.47133,41.80058],[1.47194,41.79134],[1.46919,41.78829],[1.47302,41.78251],[1.46929,41.78179],[1.46916,41.77848],[1.46087,41.77649],[1.46471,41.77495],[1.46707,41.77538],[1.46809,41.77095],[1.47827,41.77336],[1.48196,41.77129],[1.48431,41.77255],[1.48187,41.77416],[1.48209,41.7756],[1.48778,41.7773],[1.48706,41.78498],[1.48495,41.78592],[1.48588,41.78852],[1.48258,41.79061],[1.47924,41.80053],[1.47613,41.80341],[1.47246,41.80146],[1.47133,41.80058]]]]}},{"type":"Feature","properties":{"mun_code":"25011","mun_name":"Alcarràs","mun_name_local":null,"prov_code":"25","prov_name":"Lleida","acom_code":"09","acom_name":"Cataluña","geo_point_2d":{"lon":0.46592847377294894,"lat":41.609249402567116}},"geometry":{"type":"MultiPolygon","coordinates":[[[[0.50688,41.54344],[0.50918,41.54509],[0.50153,41.55525],[0.4908,41.55845],[0.4901,41.55562],[0.5045,41.5455],[0.50688,41.54344]]],[[[0.35798,41.63172],[0.34582,41.62186],[0.34961,41.59946],[0.39203,41.59532],[0.40202,41.59272],[0.42849,41.60238],[0.43347,41.59295],[0.43443,41.59394],[0.4783,41.57404],[0.51038,41.56239],[0.52325,41.55385],[0.52599,41.55462],[0.53172,41.55231],[0.54976,41.55784],[0.55328,41.56523],[0.55636,41.56479],[0.56076,41.56178],[0.5638,41.56374],[0.56492,41.56895],[0.56063,41.5787],[0.54511,41.60242],[0.54123,41.60615],[0.5425,41.61011],[0.54115,41.6135],[0.5365,41.6183],[0.53695,41.61982],[0.52021,41.63528],[0.51822,41.63575],[0.51635,41.63845],[0.51823,41.64835],[0.51131,41.65349],[0.5064,41.65159],[0.47823,41.65815],[0.46552,41.65665],[0.45689,41.65393],[0.44846,41.65505],[0.44564,41.6508],[0.44335,41.65014],[0.43626,41.63816],[0.42334,41.64357],[0.41587,41.6375],[0.39358,41.64024],[0.36586,41.6365],[0.35853,41.6319],[0.35798,41.63172]]]]}},{"type":"Feature","properties":{"mun_code":"25023","mun_name":"Alpicat","mun_name_local":null,"prov_code":"25","prov_name":"Lleida","acom_code":"09","acom_name":"Cataluña","geo_point_2d":{"lon":0.5551826922427705,"lat":41.67025944634094}},"geometry":{"type":"Polygon","coordinates":[[[0.52867,41.67717],[0.5248,41.66554],[0.53099,41.6602],[0.55752,41.65164],[0.56867,41.64516],[0.57108,41.6514],[0.56915,41.65317],[0.57472,41.65532],[0.57691,41.65396],[0.57738,41.65563],[0.58358,41.65328],[0.57728,41.65906],[0.57699,41.66211],[0.57919,41.66276],[0.57891,41.66416],[0.58128,41.66363],[0.58112,41.66526],[0.58347,41.66664],[0.5817,41.66964],[0.5834,41.67134],[0.58643,41.67111],[0.58135,41.6746],[0.57323,41.67704],[0.56493,41.68464],[0.56948,41.69079],[0.56288,41.69437],[0.56054,41.69363],[0.55347,41.69511],[0.54964,41.68942],[0.5387,41.6839],[0.53024,41.67717],[0.52867,41.67717]]]}},{"type":"Feature","properties":{"mun_code":"25044","mun_name":"Bassella","mun_name_local":null,"prov_code":"25","prov_name":"Lleida","acom_code":"09","acom_name":"Cataluña","geo_point_2d":{"lon":1.3026966835350013,"lat":42.01074624616047}},"geometry":{"type":"MultiPolygon","coordinates":[[[[1.31686,41.98234],[1.32003,41.98268],[1.32212,41.98572],[1.32105,41.9905],[1.31945,41.99119],[1.31337,41.98869],[1.31505,41.98365],[1.31686,41.98234]]],[[[1.29516,42.04153],[1.29419,42.03754],[1.29117,42.03984],[1.28115,42.04029],[1.27159,42.03598],[1.26804,42.03287],[1.25576,42.03222],[1.2528,42.03483],[1.24426,42.03705],[1.24215,42.03471],[1.2396,42.0342],[1.23921,42.02821],[1.23651,42.02535],[1.23738,42.02021],[1.24897,42.01213],[1.24836,42.00844],[1.25191,42.00602],[1.25475,42.00644],[1.26189,42.00342],[1.26412,41.9982],[1.26058,41.99018],[1.25807,41.98914],[1.25696,41.98174],[1.25798,41.97647],[1.26247,41.97486],[1.26228,41.97267],[1.25324,41.94958],[1.2527,41.94452],[1.24803,41.93988],[1.24983,41.93933],[1.26139,41.94316],[1.28618,41.9586],[1.28795,41.95672],[1.2906,41.95772],[1.29184,41.96028],[1.29075,41.96479],[1.29442,41.9661],[1.29623,41.97185],[1.29454,41.97377],[1.29753,41.9741],[1.29908,41.98051],[1.30826,41.98586],[1.30947,41.98785],[1.30906,41.99008],[1.30613,41.98998],[1.30522,41.99205],[1.3077,41.99448],[1.31273,41.99429],[1.32403,41.99048],[1.33346,41.99081],[1.34887,41.99476],[1.35235,41.99432],[1.36202,42.00015],[1.36278,42.00473],[1.35894,42.00745],[1.35966,42.00996],[1.35707,42.01099],[1.35801,42.01863],[1.35367,42.02289],[1.35532,42.02368],[1.3558,42.02898],[1.35847,42.02881],[1.3598,42.03101],[1.35679,42.03931],[1.36399,42.04328],[1.35695,42.04645],[1.36053,42.05171],[1.35855,42.05707],[1.35967,42.06093],[1.35803,42.06172],[1.3594,42.06293],[1.35733,42.06327],[1.3568,42.06539],[1.35841,42.06911],[1.35777,42.07749],[1.35014,42.07312],[1.33927,42.06103],[1.3353,42.06003],[1.33278,42.05748],[1.33302,42.05495],[1.32939,42.05176],[1.32551,42.05156],[1.32416,42.04818],[1.31825,42.04235],[1.31217,42.04195],[1.30615,42.03856],[1.29762,42.041],[1.29516,42.04153]]]]}},{"type":"Feature","properties":{"mun_code":"25100","mun_name":"Gósol","mun_name_local":null,"prov_code":"25","prov_name":"Lleida","acom_code":"09","acom_name":"Cataluña","geo_point_2d":{"lon":1.66883418150037,"lat":42.208580151391224}},"geometry":{"type":"Polygon","coordinates":[[[1.61384,42.20101],[1.61601,42.20299],[1.62054,42.20193],[1.62487,42.1979],[1.63505,42.19833],[1.64186,42.19654],[1.64313,42.19398],[1.64184,42.19212],[1.64652,42.18796],[1.65067,42.1778],[1.65511,42.17422],[1.65642,42.17007],[1.65227,42.16941],[1.65825,42.16524],[1.66266,42.16591],[1.66838,42.16294],[1.66965,42.16325],[1.66893,42.17014],[1.67817,42.16757],[1.68092,42.17062],[1.6827,42.16616],[1.68504,42.16832],[1.68592,42.17235],[1.68914,42.17032],[1.69199,42.17073],[1.69108,42.17183],[1.69354,42.17255],[1.70097,42.16961],[1.70719,42.16478],[1.7081,42.16109],[1.71636,42.16551],[1.72631,42.16651],[1.72798,42.17064],[1.7257,42.17434],[1.72879,42.18021],[1.73168,42.18403],[1.73658,42.18345],[1.73859,42.18457],[1.73704,42.18515],[1.73805,42.18942],[1.73272,42.19063],[1.72182,42.19607],[1.71487,42.19293],[1.71329,42.19047],[1.70718,42.18992],[1.69987,42.19491],[1.69031,42.19862],[1.68666,42.20634],[1.68035,42.20624],[1.6852,42.2214],[1.6804,42.22436],[1.69992,42.23025],[1.7045,42.23606],[1.70457,42.23882],[1.6989,42.24099],[1.69776,42.24466],[1.69051,42.24744],[1.6902,42.25165],[1.68724,42.25543],[1.68461,42.25644],[1.66377,42.25447],[1.66108,42.25248],[1.65847,42.25344],[1.63862,42.24741],[1.63491,42.24511],[1.63285,42.2412],[1.62606,42.23812],[1.62546,42.23249],[1.61729,42.22376],[1.61019,42.21267],[1.6118,42.20438],[1.61378,42.20332],[1.61384,42.20101]]]}},{"type":"Feature","properties":{"mun_code":"25911","mun_name":"Els Plans de Sió","mun_name_local":null,"prov_code":"25","prov_name":"Lleida","acom_code":"09","acom_name":"Cataluña","geo_point_2d":{"lon":1.2065863058343596,"lat":41.73553233015009}},"geometry":{"type":"Polygon","coordinates":[[[1.15658,41.71247],[1.17301,41.70794],[1.17805,41.70931],[1.19318,41.72022],[1.19704,41.72099],[1.19763,41.71956],[1.20482,41.71783],[1.20414,41.71633],[1.20787,41.7166],[1.19878,41.7069],[1.19433,41.69119],[1.18941,41.68594],[1.18568,41.68588],[1.18835,41.67914],[1.18488,41.67641],[1.19423,41.67288],[1.19729,41.67336],[1.19906,41.67841],[1.20384,41.67858],[1.20985,41.67606],[1.21459,41.68357],[1.21861,41.68683],[1.22586,41.68562],[1.22772,41.68724],[1.22956,41.68649],[1.23679,41.69302],[1.23915,41.69733],[1.23918,41.70291],[1.23725,41.70546],[1.24004,41.71496],[1.23214,41.71748],[1.23253,41.71927],[1.23763,41.72641],[1.24378,41.73054],[1.24834,41.73661],[1.24959,41.74517],[1.24669,41.74785],[1.24778,41.75124],[1.24672,41.75628],[1.23226,41.75425],[1.22704,41.76112],[1.22408,41.7609],[1.22976,41.76931],[1.22064,41.77811],[1.2254,41.78455],[1.23212,41.78666],[1.22902,41.7898],[1.2269,41.79566],[1.21547,41.79354],[1.2165,41.79137],[1.20551,41.78483],[1.19721,41.78313],[1.18454,41.78462],[1.17923,41.78136],[1.17636,41.77201],[1.17266,41.76699],[1.17429,41.76167],[1.16511,41.7601],[1.16094,41.7581],[1.1664,41.75585],[1.17893,41.75404],[1.18004,41.74915],[1.16451,41.72468],[1.15658,41.71247]]]}},{"type":"Feature","properties":{"mun_code":"25146","mun_name":"Navès","mun_name_local":null,"prov_code":"25","prov_name":"Lleida","acom_code":"09","acom_name":"Cataluña","geo_point_2d":{"lon":1.6348693168981683,"lat":42.04741546284868}},"geometry":{"type":"Polygon","coordinates":[[[1.55295,42.1096],[1.54921,42.10415],[1.55327,42.10344],[1.55499,42.1073],[1.56326,42.10517],[1.56229,42.10896],[1.56799,42.10475],[1.57757,42.10398],[1.58123,42.10195],[1.57492,42.09264],[1.57061,42.09421],[1.56859,42.09316],[1.56842,42.08985],[1.56547,42.08919],[1.56825,42.08582],[1.56675,42.08088],[1.5714,42.07764],[1.57147,42.06855],[1.56437,42.04712],[1.57035,42.04501],[1.57289,42.04111],[1.5795,42.03867],[1.58611,42.02938],[1.58121,42.02455],[1.58736,42.01916],[1.58922,42.01416],[1.59358,42.0144],[1.59035,42.01006],[1.59899,42.00299],[1.59806,41.99995],[1.59636,42.0001],[1.59579,41.99575],[1.59816,41.99174],[1.60204,41.99032],[1.60234,41.98594],[1.60567,41.98421],[1.60524,41.98119],[1.61051,41.96976],[1.61037,41.96692],[1.61314,41.96616],[1.61263,41.9638],[1.61643,41.96239],[1.62449,41.96416],[1.62732,41.96055],[1.64674,41.94937],[1.64851,41.94967],[1.64694,41.95284],[1.64908,41.95696],[1.64458,41.95937],[1.64411,41.96377],[1.6452,41.97113],[1.65111,41.97838],[1.64884,41.97966],[1.65423,41.98064],[1.65868,41.978],[1.66014,41.98129],[1.65919,41.98316],[1.66402,41.98474],[1.6671,41.98506],[1.67434,41.98274],[1.66773,41.97043],[1.66983,41.97082],[1.6708,41.96835],[1.67755,41.96916],[1.6824,41.96765],[1.69677,41.97582],[1.70408,41.97742],[1.71739,41.98308],[1.71917,41.98606],[1.71637,41.98636],[1.71643,41.98916],[1.71245,41.99253],[1.715,41.9918],[1.71728,41.99411],[1.7144,41.99803],[1.71803,41.99784],[1.71735,42.00004],[1.71133,42.00257],[1.70725,42.00176],[1.70614,42.00263],[1.70747,42.00709],[1.69867,42.01381],[1.6947,42.01319],[1.69009,42.00511],[1.69884,41.99348],[1.69601,41.99147],[1.69806,41.98833],[1.69743,41.98568],[1.6914,41.98677],[1.69204,41.99049],[1.68979,41.99064],[1.68477,41.99513],[1.67674,41.99445],[1.6671,41.99042],[1.66214,41.99115],[1.66076,41.99727],[1.66194,41.99751],[1.66191,42.00126],[1.6577,42.00291],[1.65446,41.99959],[1.65696,41.99832],[1.65507,41.99336],[1.65159,41.99236],[1.65109,41.99863],[1.6471,42.00007],[1.65246,42.00554],[1.65137,42.01349],[1.65564,42.01764],[1.65479,42.01951],[1.65835,42.02189],[1.66148,42.02271],[1.6644,42.02162],[1.66503,42.01862],[1.6615,42.01348],[1.66211,42.01076],[1.66562,42.01003],[1.66482,42.00741],[1.66104,42.00609],[1.66634,42.00301],[1.67013,42.00653],[1.66861,42.0128],[1.67005,42.0157],[1.6748,42.01907],[1.67834,42.01839],[1.68396,42.02474],[1.68966,42.0264],[1.68931,42.02735],[1.69418,42.02812],[1.69702,42.02598],[1.6997,42.02887],[1.69436,42.03494],[1.69737,42.03654],[1.69729,42.03927],[1.6927,42.04555],[1.68275,42.04841],[1.6804,42.04522],[1.67947,42.03822],[1.67415,42.03914],[1.67213,42.04077],[1.67312,42.04153],[1.67056,42.04424],[1.67469,42.05288],[1.67463,42.05865],[1.68693,42.06842],[1.69113,42.0754],[1.68788,42.07811],[1.69118,42.08679],[1.70763,42.08244],[1.71202,42.08478],[1.71691,42.08454],[1.7222,42.09138],[1.72287,42.10008],[1.71157,42.10172],[1.70445,42.10598],[1.7024,42.10294],[1.69093,42.10474],[1.67932,42.10326],[1.66308,42.10531],[1.65028,42.11048],[1.64129,42.11208],[1.64006,42.11055],[1.62138,42.10811],[1.6195,42.11251],[1.61037,42.11357],[1.61108,42.11858],[1.61342,42.11856],[1.61285,42.11973],[1.58457,42.12282],[1.57842,42.12479],[1.5857,42.11982],[1.58344,42.11642],[1.58843,42.11243],[1.58434,42.11175],[1.58061,42.11269],[1.57473,42.11701],[1.57388,42.12374],[1.57519,42.12455],[1.56549,42.12134],[1.56447,42.122],[1.55509,42.11676],[1.55295,42.1096]]]}},{"type":"Feature","properties":{"mun_code":"25038","mun_name":"Aitona","mun_name_local":null,"prov_code":"25","prov_name":"Lleida","acom_code":"09","acom_name":"Cataluña","geo_point_2d":{"lon":0.47175002355234336,"lat":41.474910308934454}},"geometry":{"type":"Polygon","coordinates":[[[0.39452,41.48971],[0.41368,41.48289],[0.42925,41.47028],[0.43406,41.46931],[0.45451,41.45384],[0.45899,41.44704],[0.45561,41.43972],[0.45898,41.43439],[0.46397,41.43113],[0.47214,41.42978],[0.47328,41.42788],[0.47593,41.43009],[0.4792,41.42996],[0.48172,41.43138],[0.49342,41.44625],[0.49578,41.44528],[0.49642,41.44027],[0.51898,41.43044],[0.5289,41.43206],[0.54189,41.44648],[0.53743,41.45022],[0.53707,41.45697],[0.53379,41.46091],[0.53569,41.46635],[0.53454,41.4709],[0.52808,41.47232],[0.52232,41.47587],[0.51774,41.4851],[0.51089,41.48897],[0.50886,41.49333],[0.50552,41.49495],[0.48993,41.49442],[0.4792,41.50067],[0.47189,41.50329],[0.47227,41.5046],[0.46942,41.50592],[0.46903,41.50908],[0.46573,41.51295],[0.45868,41.51336],[0.45626,41.51494],[0.45258,41.51422],[0.44881,41.51796],[0.44253,41.5196],[0.43659,41.52487],[0.43342,41.53192],[0.42676,41.52229],[0.41789,41.51697],[0.40816,41.50238],[0.3961,41.49026],[0.39452,41.48971]]]}},{"type":"Feature","properties":{"mun_code":"25110","mun_name":"Guissona","mun_name_local":null,"prov_code":"25","prov_name":"Lleida","acom_code":"09","acom_name":"Cataluña","geo_point_2d":{"lon":1.28753681479228,"lat":41.78914147547029}},"geometry":{"type":"MultiPolygon","coordinates":[[[[1.3251,41.77629],[1.32071,41.7841],[1.31728,41.78684],[1.3092,41.78999],[1.29826,41.80108],[1.2921,41.81326],[1.29259,41.815],[1.2895,41.81564],[1.28815,41.81434],[1.28409,41.81447],[1.27926,41.81263],[1.26624,41.81476],[1.26887,41.813],[1.26714,41.8089],[1.26473,41.80831],[1.26352,41.80998],[1.26333,41.80763],[1.25855,41.80517],[1.26119,41.80184],[1.26775,41.79899],[1.26827,41.78952],[1.27027,41.78704],[1.2682,41.7868],[1.27276,41.77919],[1.27767,41.77724],[1.27824,41.77309],[1.27656,41.77102],[1.27828,41.76846],[1.28319,41.76805],[1.29452,41.77042],[1.30235,41.76999],[1.31441,41.76355],[1.31643,41.76539],[1.31516,41.76714],[1.32169,41.77058],[1.3251,41.77629]]],[[[1.23212,41.78666],[1.24397,41.79176],[1.24651,41.79613],[1.24476,41.79727],[1.23806,41.79716],[1.2269,41.79566],[1.22902,41.7898],[1.23212,41.78666]]]]}},{"type":"Feature","properties":{"mun_code":"25908","mun_name":"Fígols i Alinyà","mun_name_local":null,"prov_code":"25","prov_name":"Lleida","acom_code":"09","acom_name":"Cataluña","geo_point_2d":{"lon":1.399338044462832,"lat":42.19508524597581}},"geometry":{"type":"Polygon","coordinates":[[[1.29887,42.26372],[1.30424,42.25662],[1.29934,42.25584],[1.30274,42.25405],[1.30106,42.24987],[1.31215,42.24234],[1.32283,42.24197],[1.3335,42.23402],[1.34337,42.22923],[1.33716,42.22591],[1.33311,42.21888],[1.33464,42.21266],[1.3325,42.20831],[1.33377,42.20244],[1.33081,42.19528],[1.33208,42.19296],[1.33455,42.19211],[1.33052,42.18353],[1.33354,42.18391],[1.3378,42.18793],[1.34935,42.18971],[1.34847,42.17889],[1.34545,42.1724],[1.35397,42.15884],[1.34732,42.15116],[1.34867,42.15163],[1.35699,42.14798],[1.36275,42.14979],[1.36513,42.14863],[1.36901,42.15168],[1.37846,42.15478],[1.38257,42.15431],[1.38762,42.15121],[1.39572,42.15056],[1.40452,42.15547],[1.4244,42.16006],[1.43114,42.15935],[1.43485,42.15375],[1.44631,42.14774],[1.44684,42.14491],[1.4765,42.1581],[1.48672,42.16377],[1.49376,42.16952],[1.49738,42.1701],[1.5209,42.18477],[1.51551,42.18769],[1.5065,42.18694],[1.49458,42.18331],[1.49177,42.18976],[1.48329,42.19506],[1.46961,42.19187],[1.46386,42.19505],[1.46412,42.20273],[1.45488,42.2034],[1.45305,42.20467],[1.4503,42.20356],[1.4485,42.20426],[1.44571,42.20688],[1.44308,42.2153],[1.43738,42.21852],[1.43494,42.21721],[1.4297,42.22339],[1.42238,42.22423],[1.41675,42.22306],[1.40871,42.22493],[1.39895,42.2238],[1.38861,42.22477],[1.38227,42.22837],[1.37645,42.2298],[1.36418,42.23234],[1.35857,42.23123],[1.3551,42.23274],[1.35613,42.23458],[1.35448,42.238],[1.35088,42.24191],[1.34435,42.24542],[1.34795,42.2477],[1.3471,42.25465],[1.35454,42.2598],[1.3536,42.26464],[1.35574,42.26727],[1.35233,42.26871],[1.34076,42.26609],[1.33783,42.26663],[1.33859,42.26346],[1.33351,42.26062],[1.32335,42.26425],[1.31663,42.26253],[1.3033,42.26494],[1.29887,42.26372]]]}},{"type":"Feature","properties":{"mun_code":"25119","mun_name":"Juneda","mun_name_local":null,"prov_code":"25","prov_name":"Lleida","acom_code":"09","acom_name":"Cataluña","geo_point_2d":{"lon":0.8235769555596557,"lat":41.53460095537912}},"geometry":{"type":"MultiPolygon","coordinates":[[[[0.76446,41.55134],[0.75605,41.55035],[0.75413,41.54032],[0.76303,41.536],[0.76115,41.53339],[0.76113,41.52788],[0.76251,41.52762],[0.76139,41.52421],[0.7649,41.52134],[0.7673,41.5207],[0.76967,41.52517],[0.77584,41.54495],[0.79388,41.54194],[0.80429,41.54156],[0.80951,41.53546],[0.81636,41.53274],[0.81053,41.51906],[0.81708,41.49808],[0.81813,41.49018],[0.81524,41.48404],[0.81929,41.47578],[0.81969,41.46676],[0.8228,41.46425],[0.83534,41.46496],[0.8451,41.4638],[0.84365,41.48247],[0.83699,41.48841],[0.83837,41.49479],[0.83799,41.49991],[0.83598,41.50281],[0.8369,41.51207],[0.83542,41.52121],[0.83695,41.52502],[0.83098,41.52458],[0.82848,41.52594],[0.82875,41.53052],[0.841,41.53429],[0.86587,41.52553],[0.87402,41.53611],[0.86857,41.53912],[0.87484,41.55027],[0.87491,41.55285],[0.87005,41.55605],[0.87176,41.56119],[0.86689,41.56004],[0.85915,41.56235],[0.8613,41.57005],[0.86042,41.57166],[0.85652,41.57245],[0.83812,41.56455],[0.83383,41.56632],[0.83615,41.56863],[0.83047,41.57093],[0.82844,41.56859],[0.82956,41.56822],[0.82873,41.56544],[0.82364,41.57017],[0.80897,41.57025],[0.80682,41.57161],[0.80218,41.57149],[0.79145,41.56841],[0.78894,41.56312],[0.77931,41.56744],[0.77566,41.56266],[0.77847,41.55819],[0.77754,41.5502],[0.7757,41.5493],[0.76478,41.55066],[0.76446,41.55134]]],[[[0.88232,41.58383],[0.87768,41.58588],[0.86043,41.57533],[0.86577,41.57423],[0.86699,41.57677],[0.87062,41.57759],[0.8691,41.58066],[0.88066,41.58025],[0.88198,41.58165],[0.88232,41.58383]]]]}},{"type":"Feature","properties":{"mun_code":"25156","mun_name":"Os de Balaguer","mun_name_local":null,"prov_code":"25","prov_name":"Lleida","acom_code":"09","acom_name":"Cataluña","geo_point_2d":{"lon":0.6819064683770724,"lat":41.899982909464235}},"geometry":{"type":"MultiPolygon","coordinates":[[[[0.76891,41.85167],[0.76587,41.84905],[0.76452,41.84354],[0.76407,41.82679],[0.77381,41.82417],[0.79036,41.81643],[0.80982,41.80242],[0.81073,41.81724],[0.81439,41.81824],[0.82015,41.81769],[0.82493,41.82119],[0.82409,41.82719],[0.82783,41.8324],[0.82811,41.83799],[0.81853,41.83962],[0.80937,41.8432],[0.782,41.85808],[0.78263,41.85469],[0.77972,41.85463],[0.76891,41.85167]]],[[[0.57659,41.95507],[0.56574,41.94436],[0.56434,41.94023],[0.56188,41.93822],[0.56244,41.93269],[0.57572,41.93073],[0.57698,41.92922],[0.60289,41.92232],[0.60749,41.91932],[0.60393,41.9181],[0.59741,41.91908],[0.59466,41.9174],[0.60098,41.90854],[0.60604,41.91112],[0.61066,41.91144],[0.61341,41.90662],[0.62182,41.9058],[0.6278,41.90217],[0.62608,41.89958],[0.62893,41.8944],[0.65686,41.88095],[0.65791,41.87711],[0.66203,41.87384],[0.6633,41.86752],[0.65917,41.85319],[0.6644,41.85302],[0.664,41.85117],[0.66636,41.84924],[0.67129,41.84847],[0.68095,41.84243],[0.68424,41.84169],[0.68967,41.84548],[0.70075,41.84552],[0.70979,41.84359],[0.71608,41.84665],[0.73025,41.84463],[0.73813,41.84586],[0.74116,41.84929],[0.74715,41.85009],[0.7518,41.84898],[0.75527,41.85201],[0.76379,41.85281],[0.76891,41.85167],[0.7688,41.85639],[0.76549,41.85904],[0.7619,41.85921],[0.76157,41.8605],[0.76399,41.86166],[0.7606,41.86654],[0.76756,41.87399],[0.76448,41.88287],[0.76569,41.88724],[0.76009,41.88804],[0.75963,41.88956],[0.75501,41.88859],[0.74896,41.89486],[0.74374,41.8961],[0.73946,41.89543],[0.73758,41.8993],[0.73596,41.8996],[0.73222,41.89721],[0.72064,41.89802],[0.72015,41.89654],[0.7106,41.89842],[0.70241,41.9089],[0.67303,41.92212],[0.68252,41.93025],[0.68441,41.93797],[0.67086,41.93981],[0.66884,41.94325],[0.67032,41.94589],[0.65739,41.95117],[0.65701,41.95378],[0.65147,41.95735],[0.66318,41.95868],[0.66659,41.96228],[0.66578,41.97265],[0.65743,41.978],[0.64262,41.9817],[0.63873,41.99461],[0.63532,41.99277],[0.62454,41.99209],[0.61683,41.98716],[0.61858,41.98378],[0.61158,41.97772],[0.61109,41.9694],[0.60551,41.96494],[0.60549,41.96001],[0.60036,41.96183],[0.59195,41.96939],[0.58627,41.96713],[0.58529,41.96217],[0.5776,41.95811],[0.57659,41.95507]]]]}},{"type":"Feature","properties":{"mun_code":"25109","mun_name":"Guimerà","mun_name_local":null,"prov_code":"25","prov_name":"Lleida","acom_code":"09","acom_name":"Cataluña","geo_point_2d":{"lon":1.1850364440065466,"lat":41.56536106826973}},"geometry":{"type":"Polygon","coordinates":[[[1.15337,41.57423],[1.15409,41.56235],[1.15646,41.55929],[1.15634,41.55535],[1.15984,41.55159],[1.15949,41.54877],[1.16799,41.54029],[1.16277,41.53141],[1.16374,41.52322],[1.16894,41.51789],[1.17139,41.52781],[1.17394,41.53131],[1.16945,41.53102],[1.16389,41.53446],[1.17122,41.5325],[1.17619,41.53377],[1.16613,41.53718],[1.16801,41.54029],[1.18088,41.54329],[1.19769,41.54371],[1.21069,41.54869],[1.21314,41.55168],[1.21169,41.55625],[1.21263,41.55907],[1.21651,41.56217],[1.21574,41.56716],[1.21969,41.56972],[1.21282,41.57882],[1.21346,41.58467],[1.21096,41.58806],[1.18484,41.59604],[1.1798,41.59581],[1.16078,41.57676],[1.15539,41.57558],[1.15337,41.57423]]]}},{"type":"Feature","properties":{"mun_code":"25055","mun_name":"Biosca","mun_name_local":null,"prov_code":"25","prov_name":"Lleida","acom_code":"09","acom_name":"Cataluña","geo_point_2d":{"lon":1.3734954622093503,"lat":41.871207644026654}},"geometry":{"type":"Polygon","coordinates":[[[1.3202,41.8303],[1.32796,41.82533],[1.32975,41.82563],[1.33009,41.82254],[1.33639,41.82252],[1.33726,41.81911],[1.34197,41.82129],[1.34483,41.81851],[1.35221,41.81909],[1.35754,41.81463],[1.36843,41.81446],[1.3732,41.81695],[1.37634,41.81426],[1.38517,41.82554],[1.39024,41.82609],[1.39404,41.83127],[1.3992,41.83019],[1.39787,41.83432],[1.40216,41.84643],[1.40102,41.85044],[1.40359,41.85273],[1.40366,41.8615],[1.40871,41.86899],[1.40599,41.87086],[1.40714,41.87327],[1.40619,41.87794],[1.41198,41.88256],[1.41457,41.8876],[1.42651,41.89539],[1.42592,41.89673],[1.42928,41.89909],[1.4305,41.90243],[1.42652,41.90823],[1.41706,41.91146],[1.40855,41.91631],[1.40073,41.91296],[1.3957,41.91741],[1.39509,41.92021],[1.39229,41.92014],[1.38758,41.92406],[1.38677,41.9271],[1.37952,41.92772],[1.37772,41.92574],[1.375,41.92618],[1.3723,41.92434],[1.36233,41.92317],[1.35869,41.92092],[1.35894,41.91926],[1.35335,41.91796],[1.35213,41.91355],[1.35339,41.91153],[1.34981,41.90766],[1.35266,41.90701],[1.35127,41.9047],[1.34644,41.90414],[1.34519,41.90556],[1.3428,41.90557],[1.3414,41.90764],[1.33958,41.90575],[1.33657,41.90525],[1.33533,41.90083],[1.34087,41.89334],[1.33921,41.89159],[1.34355,41.8682],[1.34324,41.85983],[1.33947,41.85354],[1.33689,41.85282],[1.32872,41.84397],[1.32873,41.84029],[1.32535,41.834],[1.32223,41.83225],[1.3202,41.8303]]]}},{"type":"Feature","properties":{"mun_code":"25200","mun_name":"Sarroca de Lleida","mun_name_local":null,"prov_code":"25","prov_name":"Lleida","acom_code":"09","acom_name":"Cataluña","geo_point_2d":{"lon":0.5599532372605273,"lat":41.464048798363066}},"geometry":{"type":"Polygon","coordinates":[[[0.5289,41.43206],[0.52937,41.4273],[0.53445,41.42321],[0.54049,41.42077],[0.54511,41.41537],[0.55199,41.41445],[0.55903,41.41063],[0.56311,41.40989],[0.56787,41.43517],[0.57595,41.44211],[0.58887,41.44812],[0.59017,41.44993],[0.59147,41.44934],[0.59889,41.45311],[0.59581,41.47137],[0.59765,41.48002],[0.59532,41.48945],[0.59312,41.49095],[0.56603,41.50179],[0.56134,41.50262],[0.53955,41.49971],[0.53667,41.50168],[0.52339,41.50492],[0.52385,41.50242],[0.51793,41.50585],[0.51927,41.50391],[0.51862,41.49434],[0.52818,41.48809],[0.52696,41.48705],[0.5305,41.48268],[0.5398,41.47714],[0.5438,41.47231],[0.5346,41.46873],[0.53569,41.46635],[0.53379,41.46091],[0.53707,41.45697],[0.53743,41.45022],[0.54189,41.44648],[0.52983,41.4342],[0.5289,41.43206]]]}},{"type":"Feature","properties":{"mun_code":"25169","mun_name":"La Pobla de Cérvoles","mun_name_local":null,"prov_code":"25","prov_name":"Lleida","acom_code":"09","acom_name":"Cataluña","geo_point_2d":{"lon":0.882252393617366,"lat":41.38121400353445}},"geometry":{"type":"Polygon","coordinates":[[[0.83112,41.40498],[0.83633,41.40114],[0.83628,41.3974],[0.84094,41.39363],[0.83893,41.38864],[0.84062,41.38301],[0.83891,41.38031],[0.84194,41.37774],[0.8455,41.37053],[0.845,41.3623],[0.84716,41.35473],[0.8547,41.34845],[0.86327,41.33811],[0.87813,41.3414],[0.88461,41.34128],[0.89711,41.34557],[0.90066,41.34557],[0.90147,41.34746],[0.91149,41.3494],[0.92123,41.34831],[0.93351,41.35029],[0.93795,41.34918],[0.94523,41.34975],[0.94952,41.35244],[0.95157,41.3519],[0.95232,41.35754],[0.95034,41.3607],[0.94048,41.36842],[0.93834,41.37793],[0.93422,41.37995],[0.92672,41.3874],[0.91877,41.38867],[0.91605,41.39164],[0.91734,41.39476],[0.91353,41.39834],[0.91068,41.40442],[0.90213,41.41128],[0.8877,41.41907],[0.88429,41.41945],[0.88026,41.41643],[0.87685,41.41596],[0.86825,41.41802],[0.86441,41.42174],[0.86148,41.42076],[0.85992,41.42255],[0.85588,41.42322],[0.85037,41.4225],[0.84696,41.42392],[0.84111,41.42182],[0.83031,41.42659],[0.82793,41.42885],[0.81847,41.43216],[0.8147,41.43517],[0.81534,41.43001],[0.8209,41.42115],[0.825,41.41856],[0.83092,41.4053],[0.83112,41.40498]]]}},{"type":"Feature","properties":{"mun_code":"25233","mun_name":"Torre-serona","mun_name_local":null,"prov_code":"25","prov_name":"Lleida","acom_code":"09","acom_name":"Cataluña","geo_point_2d":{"lon":0.6358697469738371,"lat":41.676376641912995}},"geometry":{"type":"Polygon","coordinates":[[[0.61772,41.67118],[0.62307,41.67162],[0.62854,41.66964],[0.63371,41.66579],[0.64057,41.66835],[0.64687,41.66419],[0.65296,41.66369],[0.65541,41.66191],[0.65875,41.66616],[0.65195,41.67487],[0.65382,41.67718],[0.64694,41.6781],[0.64016,41.68376],[0.63173,41.68396],[0.62816,41.69286],[0.6247,41.69211],[0.62348,41.69353],[0.62647,41.69545],[0.62572,41.69771],[0.62131,41.69605],[0.61761,41.69191],[0.62081,41.69112],[0.62218,41.68641],[0.6245,41.68447],[0.62287,41.68128],[0.62537,41.6776],[0.624,41.67692],[0.61756,41.68079],[0.61618,41.67922],[0.6172,41.67426],[0.61772,41.67118]]]}},{"type":"Feature","properties":{"mun_code":"25173","mun_name":"El Pont de Suert","mun_name_local":null,"prov_code":"25","prov_name":"Lleida","acom_code":"09","acom_name":"Cataluña","geo_point_2d":{"lon":0.8003793910965068,"lat":42.393986817723075}},"geometry":{"type":"MultiPolygon","coordinates":[[[[0.74854,42.47819],[0.74517,42.47333],[0.74012,42.46967],[0.73181,42.45781],[0.73112,42.45869],[0.72359,42.45573],[0.71239,42.45399],[0.70649,42.44932],[0.71072,42.43941],[0.71063,42.43578],[0.71916,42.42899],[0.72623,42.42693],[0.73436,42.4169],[0.73585,42.41402],[0.73452,42.40786],[0.72827,42.40792],[0.72594,42.40523],[0.73649,42.39925],[0.73815,42.39964],[0.74043,42.39162],[0.74174,42.39186],[0.7461,42.38478],[0.74305,42.37911],[0.7353,42.37616],[0.73427,42.37151],[0.7228,42.36875],[0.72327,42.36563],[0.72849,42.36319],[0.73735,42.36187],[0.74615,42.35685],[0.76059,42.35706],[0.75986,42.35845],[0.76243,42.36012],[0.76133,42.36668],[0.76631,42.36966],[0.77047,42.37588],[0.78228,42.37433],[0.78609,42.37105],[0.78959,42.37168],[0.79078,42.3737],[0.79927,42.36266],[0.80876,42.35773],[0.80593,42.35431],[0.79773,42.35216],[0.79556,42.34762],[0.78129,42.34743],[0.77816,42.34611],[0.77259,42.3463],[0.76701,42.34884],[0.76326,42.34775],[0.76818,42.34354],[0.77594,42.34104],[0.77121,42.33343],[0.79062,42.32779],[0.7994,42.32023],[0.81498,42.31486],[0.84623,42.31441],[0.85291,42.31081],[0.85808,42.30966],[0.8566,42.30665],[0.86342,42.30559],[0.86575,42.30254],[0.87045,42.30175],[0.87399,42.29888],[0.88048,42.30088],[0.88289,42.30477],[0.88703,42.30606],[0.88778,42.31667],[0.88647,42.31956],[0.88837,42.32205],[0.88862,42.32702],[0.89191,42.33098],[0.89169,42.33503],[0.87814,42.34147],[0.87282,42.3414],[0.87317,42.34515],[0.86961,42.34795],[0.87021,42.35169],[0.86752,42.35652],[0.86552,42.35715],[0.86532,42.35909],[0.86777,42.36145],[0.86126,42.36798],[0.85428,42.3693],[0.84667,42.36875],[0.84228,42.37329],[0.83875,42.37338],[0.8368,42.37502],[0.83648,42.38089],[0.83314,42.37977],[0.82349,42.39199],[0.82224,42.39177],[0.83429,42.40369],[0.82292,42.41544],[0.82823,42.41811],[0.82951,42.42463],[0.85544,42.42546],[0.86284,42.43021],[0.86671,42.43482],[0.87072,42.44026],[0.87181,42.44579],[0.85557,42.45454],[0.85288,42.45414],[0.83678,42.4606],[0.82899,42.46202],[0.82662,42.45974],[0.81505,42.45695],[0.80238,42.46416],[0.77532,42.46625],[0.76655,42.46058],[0.75786,42.46484],[0.75401,42.47245],[0.749,42.47763],[0.74854,42.47819]]]]}},{"type":"Feature","properties":{"mun_code":"25049","mun_name":"Bellmunt d'Urgell","mun_name_local":null,"prov_code":"25","prov_name":"Lleida","acom_code":"09","acom_name":"Cataluña","geo_point_2d":{"lon":0.9463464569226043,"lat":41.761763537876654}},"geometry":{"type":"Polygon","coordinates":[[[0.92986,41.74736],[0.93287,41.74741],[0.93948,41.76279],[0.94287,41.76545],[0.94195,41.76211],[0.94475,41.76305],[0.94423,41.75978],[0.93868,41.74786],[0.94245,41.74816],[0.94617,41.75908],[0.94407,41.74719],[0.94871,41.74566],[0.95189,41.74654],[0.95746,41.75935],[0.95751,41.76586],[0.96066,41.77022],[0.95596,41.77314],[0.9565,41.77761],[0.94472,41.77598],[0.94365,41.77357],[0.93745,41.7709],[0.9341,41.76007],[0.92602,41.7482],[0.92986,41.74736]]]}},{"type":"Feature","properties":{"mun_code":"25175","mun_name":"Prats i Sansor","mun_name_local":null,"prov_code":"25","prov_name":"Lleida","acom_code":"09","acom_name":"Cataluña","geo_point_2d":{"lon":1.8330811016648436,"lat":42.366147569967744}},"geometry":{"type":"Polygon","coordinates":[[[1.81665,42.37347],[1.81407,42.36938],[1.81911,42.36494],[1.82426,42.35125],[1.83471,42.35515],[1.8453,42.35508],[1.84778,42.36425],[1.85506,42.36965],[1.85095,42.37349],[1.84462,42.37486],[1.84009,42.37368],[1.83316,42.37577],[1.82999,42.38141],[1.8177,42.37403],[1.81665,42.37347]]]}},{"type":"Feature","properties":{"mun_code":"25078","mun_name":"Corbins","mun_name_local":null,"prov_code":"25","prov_name":"Lleida","acom_code":"09","acom_name":"Cataluña","geo_point_2d":{"lon":0.6797097311841391,"lat":41.68629613957829}},"geometry":{"type":"Polygon","coordinates":[[[0.64906,41.71027],[0.65065,41.70912],[0.64949,41.70732],[0.65185,41.70726],[0.65279,41.70538],[0.66145,41.70171],[0.66115,41.69541],[0.66303,41.69361],[0.66223,41.6868],[0.65985,41.68545],[0.65735,41.67969],[0.65192,41.67519],[0.65872,41.66684],[0.65541,41.66191],[0.65895,41.66023],[0.66091,41.65651],[0.66593,41.65817],[0.67708,41.65652],[0.67716,41.66483],[0.69088,41.66619],[0.70297,41.67014],[0.71764,41.68421],[0.71737,41.68595],[0.70927,41.69137],[0.70245,41.70008],[0.6945,41.69516],[0.68426,41.71102],[0.67622,41.71523],[0.67259,41.71926],[0.67052,41.71748],[0.65025,41.71116],[0.64906,41.71027]]]}},{"type":"Feature","properties":{"mun_code":"53055","mun_name":"Comunidad de El Pont de Bar y Cava","mun_name_local":null,"prov_code":"25","prov_name":"Lleida","acom_code":"09","acom_name":"Cataluña","geo_point_2d":{"lon":1.644113908424688,"lat":42.34801856809804}},"geometry":{"type":"Polygon","coordinates":[[[1.63729,42.3451],[1.64851,42.34955],[1.64106,42.34686],[1.63729,42.3451]]]}},{"type":"Feature","properties":{"mun_code":"25218","mun_name":"Tarrés","mun_name_local":null,"prov_code":"25","prov_name":"Lleida","acom_code":"09","acom_name":"Cataluña","geo_point_2d":{"lon":1.0218053986471862,"lat":41.429660933255455}},"geometry":{"type":"Polygon","coordinates":[[[1.00347,41.40458],[1.0062,41.40557],[1.01283,41.40346],[1.02096,41.40554],[1.0247,41.40864],[1.02772,41.40926],[1.03012,41.41635],[1.03258,41.41853],[1.03142,41.4209],[1.03852,41.42156],[1.04055,41.42498],[1.04004,41.42774],[1.04316,41.43026],[1.04495,41.43572],[1.04747,41.43735],[1.04641,41.44065],[1.04112,41.44266],[1.03449,41.44887],[1.02849,41.45064],[1.02236,41.44883],[1.01973,41.45196],[1.01255,41.45459],[1.00588,41.45123],[1.00594,41.44893],[1.00343,41.4464],[1.00459,41.4426],[1.00739,41.43974],[1.00866,41.43288],[1.01338,41.42969],[1.01289,41.42634],[1.01525,41.42343],[1.01093,41.4216],[1.00681,41.41763],[0.99909,41.4168],[0.99796,41.41534],[0.99913,41.41095],[1.00347,41.40458]]]}},{"type":"Feature","properties":{"mun_code":"25912","mun_name":"Gimenells i el Pla de la Font","mun_name_local":null,"prov_code":"25","prov_name":"Lleida","acom_code":"09","acom_name":"Cataluña","geo_point_2d":{"lon":0.38265891716670947,"lat":41.6675446120859}},"geometry":{"type":"Polygon","coordinates":[[[0.32624,41.6622],[0.33292,41.6596],[0.34941,41.63618],[0.35539,41.6343],[0.35798,41.63172],[0.36586,41.6365],[0.39358,41.64024],[0.41587,41.6375],[0.42334,41.64357],[0.43626,41.63816],[0.44335,41.65014],[0.44564,41.6508],[0.44846,41.65505],[0.44162,41.65972],[0.44117,41.66508],[0.44453,41.67585],[0.43128,41.67967],[0.42504,41.68333],[0.40188,41.69002],[0.38093,41.6993],[0.36386,41.71135],[0.34202,41.69654],[0.34097,41.69366],[0.33102,41.6848],[0.32595,41.67465],[0.32607,41.66673],[0.32624,41.6622]]]}},{"type":"Feature","properties":{"mun_code":"25191","mun_name":"Sanaüja","mun_name_local":null,"prov_code":"25","prov_name":"Lleida","acom_code":"09","acom_name":"Cataluña","geo_point_2d":{"lon":1.3084446650670434,"lat":41.86524749850392}},"geometry":{"type":"Polygon","coordinates":[[[1.25903,41.85637],[1.2651,41.85107],[1.27522,41.85166],[1.28203,41.85016],[1.28817,41.8417],[1.2995,41.83932],[1.30808,41.83068],[1.31616,41.82656],[1.32535,41.834],[1.32873,41.84029],[1.32872,41.84397],[1.33689,41.85282],[1.33947,41.85354],[1.34324,41.85983],[1.34355,41.8682],[1.33921,41.89159],[1.34087,41.89334],[1.33581,41.90045],[1.33326,41.89601],[1.32954,41.89501],[1.32865,41.89275],[1.32462,41.89248],[1.32518,41.89055],[1.3233,41.88923],[1.31872,41.89296],[1.31458,41.89157],[1.31005,41.8947],[1.3028,41.89707],[1.29252,41.89791],[1.29032,41.89419],[1.28943,41.88687],[1.28346,41.88206],[1.28242,41.87571],[1.26574,41.86189],[1.26008,41.86053],[1.25814,41.85869],[1.25903,41.85637]]]}},{"type":"Feature","properties":{"mun_code":"25240","mun_name":"Vallfogona de Balaguer","mun_name_local":null,"prov_code":"25","prov_name":"Lleida","acom_code":"09","acom_name":"Cataluña","geo_point_2d":{"lon":0.8338967795786949,"lat":41.75237544032533}},"geometry":{"type":"Polygon","coordinates":[[[0.79327,41.75396],[0.80895,41.73795],[0.82772,41.72847],[0.8314,41.72148],[0.82981,41.71221],[0.83987,41.71247],[0.84205,41.70795],[0.84975,41.71068],[0.85687,41.71118],[0.86373,41.7232],[0.86569,41.72431],[0.8527,41.72567],[0.85542,41.73117],[0.86396,41.74097],[0.85156,41.74376],[0.83975,41.75267],[0.83907,41.75487],[0.8455,41.76485],[0.84534,41.7719],[0.85181,41.77455],[0.86087,41.78895],[0.86091,41.79024],[0.85699,41.79038],[0.85833,41.79265],[0.84169,41.79666],[0.82112,41.79738],[0.82083,41.78738],[0.81869,41.78203],[0.83156,41.77777],[0.83203,41.77873],[0.8391,41.7739],[0.839,41.77128],[0.83419,41.77106],[0.8315,41.76695],[0.8257,41.76746],[0.82276,41.76171],[0.80845,41.76641],[0.80696,41.76279],[0.80236,41.76145],[0.79742,41.75535],[0.79383,41.75414],[0.79327,41.75396]]]}},{"type":"Feature","properties":{"mun_code":"25903","mun_name":"La Guingueta d'Àneu","mun_name_local":null,"prov_code":"25","prov_name":"Lleida","acom_code":"09","acom_name":"Cataluña","geo_point_2d":{"lon":1.1537366348650888,"lat":42.60294744794261}},"geometry":{"type":"Polygon","coordinates":[[[1.08037,42.59382],[1.08982,42.58927],[1.10002,42.58187],[1.1063,42.58352],[1.11246,42.58125],[1.1347,42.59031],[1.13475,42.58386],[1.14258,42.57699],[1.14351,42.5747],[1.14192,42.57223],[1.14621,42.56418],[1.14589,42.56224],[1.13527,42.56157],[1.08061,42.52048],[1.08329,42.5178],[1.08277,42.51431],[1.08814,42.51396],[1.10071,42.50968],[1.10523,42.51547],[1.11369,42.51572],[1.12036,42.52162],[1.13103,42.52575],[1.14108,42.52752],[1.14794,42.52657],[1.15175,42.52896],[1.16541,42.52891],[1.16715,42.52997],[1.17569,42.52666],[1.18459,42.52556],[1.1857,42.52081],[1.19999,42.53026],[1.20986,42.53967],[1.20162,42.54592],[1.2018,42.5519],[1.19588,42.55656],[1.18433,42.56209],[1.18012,42.56166],[1.17818,42.56444],[1.17857,42.56801],[1.18273,42.57047],[1.18722,42.576],[1.18836,42.58052],[1.18554,42.58405],[1.18561,42.59195],[1.18046,42.59582],[1.17806,42.60099],[1.17969,42.60566],[1.19063,42.60875],[1.19015,42.61563],[1.18032,42.62415],[1.18506,42.63034],[1.18898,42.63228],[1.18738,42.63793],[1.19371,42.66206],[1.19955,42.66225],[1.20011,42.66424],[1.20395,42.66505],[1.20969,42.66899],[1.21026,42.67158],[1.20738,42.67475],[1.19896,42.67845],[1.19016,42.67808],[1.19044,42.69093],[1.182,42.69035],[1.17972,42.69189],[1.17724,42.6963],[1.17433,42.69808],[1.17597,42.70127],[1.17052,42.7081],[1.15357,42.6958],[1.1521,42.6927],[1.14685,42.69014],[1.14493,42.68711],[1.13084,42.6823],[1.12478,42.67301],[1.12146,42.67152],[1.11973,42.6643],[1.12411,42.6568],[1.13157,42.65048],[1.13596,42.6422],[1.13582,42.63517],[1.13805,42.63265],[1.13904,42.62712],[1.13923,42.61777],[1.12898,42.6189],[1.128,42.61717],[1.1277,42.61256],[1.13152,42.60632],[1.1314,42.5991],[1.12903,42.60576],[1.1211,42.61215],[1.11613,42.61176],[1.11095,42.61071],[1.10358,42.60686],[1.10863,42.60584],[1.0997,42.60011],[1.09289,42.59718],[1.08259,42.59514],[1.08037,42.59382]]]}},{"type":"Feature","properties":{"mun_code":"25051","mun_name":"Bellver de Cerdanya","mun_name_local":null,"prov_code":"25","prov_name":"Lleida","acom_code":"09","acom_name":"Cataluña","geo_point_2d":{"lon":1.7688009368823394,"lat":42.36597431518093}},"geometry":{"type":"Polygon","coordinates":[[[1.71012,42.36426],[1.71332,42.36245],[1.72027,42.35413],[1.72962,42.34833],[1.73501,42.33992],[1.73725,42.33901],[1.73138,42.329],[1.73313,42.32496],[1.73085,42.32121],[1.73144,42.3175],[1.72904,42.31515],[1.73318,42.30763],[1.73947,42.30195],[1.73433,42.284],[1.7381,42.2893],[1.74073,42.2906],[1.76242,42.29379],[1.77899,42.29087],[1.78176,42.29331],[1.78726,42.29468],[1.79728,42.2948],[1.79759,42.29818],[1.80469,42.30196],[1.80228,42.30919],[1.80394,42.31619],[1.80992,42.31726],[1.81413,42.32113],[1.81302,42.33262],[1.8156,42.34119],[1.81396,42.34586],[1.81882,42.35084],[1.82426,42.35125],[1.81911,42.36494],[1.81407,42.36938],[1.81665,42.37347],[1.81143,42.37015],[1.80645,42.36991],[1.80462,42.37542],[1.80151,42.37515],[1.80005,42.37799],[1.8085,42.39382],[1.80526,42.40858],[1.81101,42.41114],[1.80723,42.41808],[1.80154,42.42492],[1.797,42.42672],[1.79462,42.43087],[1.77699,42.4316],[1.76983,42.42923],[1.76943,42.42805],[1.7576,42.43312],[1.74517,42.43318],[1.73192,42.44038],[1.73206,42.44493],[1.72841,42.44815],[1.72711,42.45296],[1.72624,42.46213],[1.73309,42.47378],[1.73005,42.47748],[1.72586,42.47186],[1.72667,42.47054],[1.71835,42.4678],[1.71493,42.4618],[1.7116,42.46133],[1.70883,42.45798],[1.71072,42.44683],[1.7173,42.43707],[1.71666,42.43412],[1.73015,42.42943],[1.73273,42.42179],[1.72926,42.41955],[1.72944,42.41476],[1.73392,42.40954],[1.73905,42.40643],[1.74294,42.39987],[1.74885,42.39833],[1.75288,42.38975],[1.75984,42.3824],[1.75894,42.37343],[1.75717,42.37077],[1.75423,42.37192],[1.75074,42.37009],[1.74881,42.36531],[1.7396,42.36431],[1.73571,42.36746],[1.72896,42.36819],[1.72813,42.36712],[1.72513,42.36744],[1.72201,42.36465],[1.71787,42.3657],[1.71508,42.36409],[1.71163,42.36702],[1.71048,42.36453],[1.71012,42.36426]]]}},{"type":"Feature","properties":{"mun_code":"25141","mun_name":"Montoliu de Segarra","mun_name_local":null,"prov_code":"25","prov_name":"Lleida","acom_code":"09","acom_name":"Cataluña","geo_point_2d":{"lon":1.2705735401187992,"lat":41.58776612721912}},"geometry":{"type":"Polygon","coordinates":[[[1.21346,41.58467],[1.21282,41.57882],[1.21969,41.56972],[1.22577,41.57046],[1.23135,41.56935],[1.23394,41.57138],[1.24403,41.56833],[1.24645,41.57079],[1.24726,41.56984],[1.25093,41.57134],[1.25534,41.57125],[1.25869,41.56756],[1.27091,41.57205],[1.29405,41.56639],[1.30304,41.56968],[1.30373,41.57219],[1.30719,41.57338],[1.31277,41.57932],[1.31426,41.57909],[1.31714,41.58164],[1.32116,41.59278],[1.31829,41.59595],[1.3092,41.59547],[1.30372,41.59777],[1.30435,41.59867],[1.29775,41.59959],[1.29137,41.60313],[1.2908,41.61432],[1.28708,41.616],[1.28041,41.62296],[1.27851,41.62317],[1.27437,41.6142],[1.26609,41.60824],[1.25873,41.60625],[1.25299,41.60795],[1.24656,41.60042],[1.2444,41.60065],[1.2346,41.58541],[1.22023,41.58632],[1.21346,41.58467]]]}},{"type":"Feature","properties":{"mun_code":"25149","mun_name":"Oliana","mun_name_local":null,"prov_code":"25","prov_name":"Lleida","acom_code":"09","acom_name":"Cataluña","geo_point_2d":{"lon":1.322968277780255,"lat":42.09488042889923}},"geometry":{"type":"Polygon","coordinates":[[[1.29516,42.04153],[1.30615,42.03856],[1.31217,42.04195],[1.31825,42.04235],[1.32416,42.04818],[1.32551,42.05156],[1.32939,42.05176],[1.33302,42.05495],[1.33278,42.05748],[1.3353,42.06003],[1.33927,42.06103],[1.35014,42.07312],[1.3399,42.07776],[1.33456,42.07698],[1.33101,42.08002],[1.32348,42.09493],[1.32684,42.11513],[1.33573,42.11982],[1.3419,42.1197],[1.34361,42.12231],[1.34896,42.1234],[1.35062,42.12845],[1.3544,42.1279],[1.36197,42.12996],[1.36652,42.13888],[1.3649,42.14205],[1.36144,42.14185],[1.35757,42.14795],[1.34867,42.15163],[1.33631,42.14346],[1.32817,42.14084],[1.32421,42.13436],[1.31502,42.12962],[1.3122,42.12956],[1.30605,42.12489],[1.30751,42.11868],[1.30597,42.11175],[1.3021,42.10694],[1.30262,42.09857],[1.3014,42.09781],[1.29601,42.0994],[1.2977,42.09465],[1.2934,42.0923],[1.29225,42.08809],[1.30241,42.07277],[1.29647,42.06506],[1.3,42.05974],[1.30082,42.05505],[1.30429,42.05108],[1.29607,42.04239],[1.29516,42.04153]]]}},{"type":"Feature","properties":{"mun_code":"25014","mun_name":"Alfés","mun_name_local":null,"prov_code":"25","prov_name":"Lleida","acom_code":"09","acom_name":"Cataluña","geo_point_2d":{"lon":0.634651774399992,"lat":41.51392687277522}},"geometry":{"type":"Polygon","coordinates":[[[0.59532,41.48945],[0.59674,41.49054],[0.59926,41.48987],[0.61014,41.49148],[0.61535,41.49395],[0.62929,41.49248],[0.62963,41.48958],[0.64318,41.48413],[0.64299,41.48083],[0.64764,41.47783],[0.65761,41.47638],[0.66,41.47429],[0.66475,41.47313],[0.67146,41.47595],[0.67406,41.48235],[0.67242,41.48639],[0.66917,41.49055],[0.65661,41.49147],[0.65193,41.50308],[0.65463,41.51499],[0.6636,41.51565],[0.65941,41.52243],[0.65731,41.5231],[0.65571,41.52958],[0.65566,41.53309],[0.65887,41.5366],[0.657,41.55085],[0.63175,41.55398],[0.62589,41.54713],[0.62134,41.54466],[0.61499,41.532],[0.61014,41.53238],[0.60929,41.53511],[0.60467,41.52462],[0.60242,41.51262],[0.59805,41.50443],[0.59614,41.49113],[0.59532,41.48945]]]}},{"type":"Feature","properties":{"mun_code":"25210","mun_name":"Soses","mun_name_local":null,"prov_code":"25","prov_name":"Lleida","acom_code":"09","acom_name":"Cataluña","geo_point_2d":{"lon":0.4665536741160572,"lat":41.53932941292227}},"geometry":{"type":"Polygon","coordinates":[[[0.43342,41.53192],[0.43659,41.52487],[0.44253,41.5196],[0.44881,41.51796],[0.45258,41.51422],[0.45626,41.51494],[0.45868,41.51336],[0.46573,41.51295],[0.46903,41.50908],[0.46942,41.50592],[0.47227,41.5046],[0.47189,41.50329],[0.48096,41.49975],[0.49293,41.52094],[0.50303,41.52971],[0.50164,41.53308],[0.50025,41.53253],[0.50235,41.53833],[0.50797,41.54183],[0.4901,41.55562],[0.4908,41.55845],[0.45698,41.56376],[0.44984,41.56842],[0.43586,41.58492],[0.43153,41.58137],[0.43014,41.5779],[0.43292,41.56901],[0.43033,41.56524],[0.44027,41.55465],[0.44692,41.54224],[0.443,41.54108],[0.43418,41.53333],[0.43342,41.53192]]]}},{"type":"Feature","properties":{"mun_code":"25190","mun_name":"Salàs de Pallars","mun_name_local":null,"prov_code":"25","prov_name":"Lleida","acom_code":"09","acom_name":"Cataluña","geo_point_2d":{"lon":0.9216478775462584,"lat":42.22195019045468}},"geometry":{"type":"Polygon","coordinates":[[[0.85647,42.26154],[0.85049,42.2612],[0.84796,42.25922],[0.85574,42.25692],[0.86099,42.25043],[0.86262,42.24485],[0.86703,42.24184],[0.87293,42.24015],[0.87854,42.23536],[0.88957,42.23383],[0.89606,42.22174],[0.91088,42.21586],[0.90952,42.21032],[0.91377,42.20469],[0.92045,42.20031],[0.92442,42.19843],[0.92799,42.19923],[0.93513,42.19439],[0.9361,42.19564],[0.94088,42.19528],[0.95739,42.20354],[0.96346,42.20918],[0.96732,42.21469],[0.96808,42.2196],[0.95102,42.22558],[0.94373,42.22599],[0.93641,42.22942],[0.9279,42.23723],[0.92399,42.24688],[0.91754,42.24796],[0.92077,42.24059],[0.91846,42.23888],[0.91694,42.23409],[0.9106,42.23509],[0.90225,42.23898],[0.89144,42.23794],[0.88197,42.24078],[0.8808,42.24278],[0.8656,42.25268],[0.86287,42.25727],[0.85732,42.25917],[0.85647,42.26154]]]}},{"type":"Feature","properties":{"mun_code":"25120","mun_name":"Lleida","mun_name_local":null,"prov_code":"25","prov_name":"Lleida","acom_code":"09","acom_name":"Cataluña","geo_point_2d":{"lon":0.5814369106018863,"lat":41.63120454983756}},"geometry":{"type":"Polygon","coordinates":[[[0.36386,41.71135],[0.38093,41.6993],[0.40188,41.69002],[0.42504,41.68333],[0.43128,41.67967],[0.44453,41.67585],[0.44117,41.66508],[0.44162,41.65972],[0.44846,41.65505],[0.45689,41.65393],[0.46552,41.65665],[0.47823,41.65815],[0.5064,41.65159],[0.51131,41.65349],[0.51823,41.64835],[0.51635,41.63845],[0.53695,41.61982],[0.5365,41.6183],[0.5425,41.61011],[0.54123,41.60615],[0.5544,41.58908],[0.56492,41.56895],[0.57295,41.57591],[0.58938,41.57427],[0.60536,41.58185],[0.61447,41.58252],[0.62192,41.57806],[0.63182,41.57838],[0.64326,41.57637],[0.64279,41.56936],[0.63993,41.5659],[0.63282,41.56143],[0.63094,41.55779],[0.63175,41.55398],[0.657,41.55085],[0.65887,41.5366],[0.65566,41.53309],[0.65731,41.5231],[0.65941,41.52243],[0.6636,41.51565],[0.67466,41.51021],[0.68943,41.52459],[0.68043,41.53191],[0.68306,41.54149],[0.68495,41.54306],[0.68026,41.54426],[0.67359,41.55051],[0.66693,41.5648],[0.67175,41.57255],[0.67465,41.57564],[0.67881,41.57252],[0.68869,41.56881],[0.70314,41.56765],[0.72198,41.56901],[0.72593,41.57273],[0.73245,41.57071],[0.73534,41.57929],[0.73874,41.58363],[0.74155,41.58268],[0.74247,41.58503],[0.73452,41.58809],[0.72471,41.59528],[0.72515,41.60285],[0.7196,41.6172],[0.71979,41.62589],[0.72943,41.63353],[0.72869,41.63794],[0.71472,41.63665],[0.70708,41.63401],[0.70088,41.62934],[0.69076,41.63428],[0.67384,41.63072],[0.66842,41.63445],[0.67838,41.64506],[0.66066,41.65449],[0.65895,41.66023],[0.65296,41.66369],[0.64687,41.66419],[0.64057,41.66835],[0.63371,41.66579],[0.62854,41.66964],[0.62307,41.67162],[0.61806,41.67129],[0.61618,41.66918],[0.61753,41.66751],[0.60344,41.66308],[0.58462,41.67183],[0.5817,41.66964],[0.58347,41.66664],[0.58112,41.66526],[0.58128,41.66363],[0.57891,41.66416],[0.57919,41.66276],[0.57699,41.66211],[0.57728,41.65906],[0.58358,41.65328],[0.57738,41.65563],[0.57691,41.65396],[0.57472,41.65532],[0.56915,41.65317],[0.57108,41.6514],[0.56867,41.64516],[0.55752,41.65164],[0.52825,41.66188],[0.5248,41.66554],[0.52867,41.67717],[0.52133,41.68155],[0.51935,41.68598],[0.51574,41.68814],[0.5029,41.6944],[0.49338,41.6947],[0.47519,41.69833],[0.45436,41.70492],[0.42764,41.71979],[0.39524,41.73182],[0.38474,41.74031],[0.37277,41.72391],[0.36922,41.72467],[0.36866,41.71419],[0.36535,41.71208],[0.36386,41.71135]]]}},{"type":"Feature","properties":{"mun_code":"25171","mun_name":"La Pobla de Segur","mun_name_local":null,"prov_code":"25","prov_name":"Lleida","acom_code":"09","acom_name":"Cataluña","geo_point_2d":{"lon":0.9806921439680417,"lat":42.27062592781119}},"geometry":{"type":"Polygon","coordinates":[[[0.95008,42.28442],[0.94211,42.26772],[0.948,42.24868],[0.95279,42.23988],[0.95725,42.22342],[0.96808,42.2196],[0.97231,42.22953],[0.96969,42.23567],[0.97066,42.24445],[0.9773,42.24877],[0.97756,42.25792],[0.99307,42.26245],[0.99968,42.26096],[1.01077,42.26381],[1.01976,42.2641],[1.02947,42.26888],[1.02982,42.27419],[1.03616,42.27496],[1.03394,42.27792],[1.03836,42.28043],[1.03855,42.28438],[1.02659,42.28877],[1.02479,42.28494],[1.01033,42.29189],[1.00241,42.29171],[0.99731,42.29335],[0.99404,42.29662],[0.97877,42.29662],[0.97442,42.29822],[0.97355,42.31367],[0.96619,42.3088],[0.9641,42.30506],[0.96095,42.28779],[0.95628,42.28752],[0.95083,42.28537],[0.95008,42.28442]]]}},{"type":"Feature","properties":{"mun_code":"25102","mun_name":"La Granja d'Escarp","mun_name_local":null,"prov_code":"25","prov_name":"Lleida","acom_code":"09","acom_name":"Cataluña","geo_point_2d":{"lon":0.3739776534388282,"lat":41.40536392623671}},"geometry":{"type":"Polygon","coordinates":[[[0.33585,41.40746],[0.32004,41.39418],[0.35203,41.37402],[0.36044,41.37013],[0.37516,41.37359],[0.38191,41.38139],[0.38841,41.38386],[0.38842,41.38564],[0.39864,41.38969],[0.39934,41.39141],[0.39735,41.39395],[0.39921,41.39783],[0.40567,41.39672],[0.41184,41.39742],[0.41849,41.39456],[0.42239,41.39627],[0.42326,41.3983],[0.42417,41.40362],[0.423,41.40701],[0.41819,41.41098],[0.41954,41.41408],[0.41492,41.41756],[0.41536,41.42083],[0.40903,41.42874],[0.39302,41.44203],[0.37635,41.43871],[0.37195,41.42735],[0.37038,41.42646],[0.36489,41.42614],[0.35711,41.4298],[0.35028,41.4282],[0.34184,41.41382],[0.33801,41.41023],[0.33585,41.40746]]]}},{"type":"Feature","properties":{"mun_code":"25021","mun_name":"Almenar","mun_name_local":null,"prov_code":"25","prov_name":"Lleida","acom_code":"09","acom_name":"Cataluña","geo_point_2d":{"lon":0.5393746840300894,"lat":41.78436968147546}},"geometry":{"type":"Polygon","coordinates":[[[0.46448,41.76331],[0.47865,41.75423],[0.48192,41.74819],[0.48715,41.74581],[0.49326,41.74583],[0.4916,41.74787],[0.49589,41.75377],[0.50104,41.75445],[0.50029,41.75707],[0.50284,41.75955],[0.51535,41.76145],[0.51688,41.76277],[0.53213,41.7637],[0.53724,41.76206],[0.5586,41.75958],[0.58786,41.75756],[0.6032,41.75851],[0.61223,41.76132],[0.6213,41.76635],[0.61116,41.78452],[0.59957,41.79201],[0.5917,41.801],[0.58754,41.80843],[0.57657,41.8071],[0.54417,41.81973],[0.5251,41.82254],[0.51949,41.82092],[0.51546,41.82235],[0.51053,41.82063],[0.50213,41.8144],[0.49895,41.80696],[0.49518,41.80449],[0.48905,41.80516],[0.48323,41.80146],[0.47382,41.78719],[0.47189,41.77361],[0.4686,41.76498],[0.46448,41.76331]]]}},{"type":"Feature","properties":{"mun_code":"25239","mun_name":"Les Valls de Valira","mun_name_local":null,"prov_code":"25","prov_name":"Lleida","acom_code":"09","acom_name":"Cataluña","geo_point_2d":{"lon":1.454653055475456,"lat":42.443331864355024}},"geometry":{"type":"MultiPolygon","coordinates":[[[[1.56216,42.36537],[1.55876,42.35917],[1.56487,42.3584],[1.57064,42.3638],[1.56977,42.369],[1.56818,42.36965],[1.56682,42.36595],[1.56472,42.36598],[1.56216,42.36537]]],[[[1.36355,42.51896],[1.36427,42.51576],[1.36708,42.51326],[1.36825,42.50672],[1.37297,42.50367],[1.37085,42.49957],[1.37182,42.49792],[1.36741,42.49675],[1.36574,42.49377],[1.36186,42.49128],[1.3614,42.48694],[1.35656,42.48154],[1.34633,42.481],[1.3454,42.47431],[1.34049,42.46747],[1.34156,42.46626],[1.33896,42.45998],[1.35559,42.45133],[1.3576,42.44614],[1.37172,42.43599],[1.37494,42.43223],[1.3746,42.42865],[1.38021,42.42233],[1.37732,42.41912],[1.37879,42.41069],[1.39105,42.41167],[1.39393,42.40889],[1.40109,42.40997],[1.40306,42.4091],[1.40459,42.40533],[1.41025,42.40218],[1.40982,42.40387],[1.41292,42.40529],[1.42847,42.40583],[1.43114,42.39216],[1.4449,42.38134],[1.44347,42.37779],[1.44457,42.37484],[1.44961,42.36991],[1.45372,42.37175],[1.45338,42.37341],[1.45589,42.36995],[1.46093,42.36917],[1.46868,42.36202],[1.47924,42.3621],[1.49519,42.36005],[1.49904,42.36419],[1.49926,42.3695],[1.50245,42.37377],[1.50043,42.3832],[1.49646,42.38663],[1.49742,42.39472],[1.50672,42.41132],[1.50573,42.41363],[1.51994,42.41817],[1.52417,42.41667],[1.52738,42.41227],[1.53093,42.3884],[1.54023,42.3838],[1.53964,42.37974],[1.54884,42.38096],[1.54995,42.37991],[1.55573,42.38139],[1.56136,42.38083],[1.56435,42.38209],[1.5661,42.38134],[1.56442,42.38936],[1.56738,42.39227],[1.57011,42.39053],[1.57243,42.39087],[1.5761,42.4],[1.59003,42.40965],[1.60207,42.42684],[1.60218,42.43001],[1.59675,42.4379],[1.59591,42.44377],[1.59162,42.44653],[1.5776,42.45004],[1.56698,42.45899],[1.56107,42.45865],[1.55623,42.45413],[1.56023,42.44899],[1.55543,42.44658],[1.55294,42.44338],[1.5545,42.44025],[1.55168,42.43251],[1.53899,42.43307],[1.52823,42.43203],[1.51719,42.42873],[1.50907,42.42966],[1.498,42.43322],[1.48471,42.43276],[1.47534,42.4353],[1.45518,42.43605],[1.44723,42.43944],[1.44258,42.44471],[1.4468,42.44377],[1.44615,42.4481],[1.44191,42.45163],[1.44117,42.45545],[1.44753,42.46007],[1.44059,42.46362],[1.44119,42.47536],[1.43354,42.48185],[1.41897,42.4828],[1.42556,42.49315],[1.44334,42.49522],[1.46837,42.51002],[1.46011,42.5231],[1.45512,42.52651],[1.45477,42.53001],[1.45231,42.53268],[1.4525,42.53863],[1.44335,42.5427],[1.43844,42.54341],[1.43144,42.53948],[1.42553,42.53922],[1.41687,42.53549],[1.41364,42.53535],[1.4089,42.52771],[1.39502,42.52598],[1.39369,42.52034],[1.38509,42.51454],[1.37565,42.51477],[1.37167,42.51878],[1.36566,42.51894],[1.36355,42.51896]]]]}},{"type":"Feature","properties":{"mun_code":"25088","mun_name":"Estamariu","mun_name_local":null,"prov_code":"25","prov_name":"Lleida","acom_code":"09","acom_name":"Cataluña","geo_point_2d":{"lon":1.5254953517887564,"lat":42.38167747510117}},"geometry":{"type":"Polygon","coordinates":[[[1.50062,42.37008],[1.50296,42.36521],[1.5078,42.36157],[1.50831,42.35731],[1.51458,42.3589],[1.51931,42.35682],[1.52626,42.36276],[1.53012,42.36252],[1.53735,42.35931],[1.53751,42.35674],[1.5403,42.35547],[1.54388,42.35819],[1.55073,42.35689],[1.55583,42.35759],[1.55876,42.35917],[1.56216,42.36537],[1.55989,42.36663],[1.56002,42.37054],[1.56438,42.37374],[1.56734,42.38004],[1.56435,42.38209],[1.56136,42.38083],[1.55573,42.38139],[1.54995,42.37991],[1.54884,42.38096],[1.53964,42.37974],[1.54023,42.3838],[1.53093,42.3884],[1.52738,42.41227],[1.52417,42.41667],[1.51994,42.41817],[1.50573,42.41363],[1.50672,42.41132],[1.49742,42.39472],[1.49646,42.38663],[1.50043,42.3832],[1.50245,42.37377],[1.49978,42.37061],[1.50062,42.37008]]]}},{"type":"Feature","properties":{"mun_code":"25085","mun_name":"Estaràs","mun_name_local":null,"prov_code":"25","prov_name":"Lleida","acom_code":"09","acom_name":"Cataluña","geo_point_2d":{"lon":1.381129844128986,"lat":41.7036959723723}},"geometry":{"type":"Polygon","coordinates":[[[1.33348,41.66863],[1.33393,41.66605],[1.33606,41.66529],[1.35016,41.66377],[1.36664,41.67399],[1.37367,41.67611],[1.37462,41.67262],[1.37978,41.67601],[1.38915,41.67715],[1.39601,41.68042],[1.39574,41.68164],[1.40137,41.68644],[1.40415,41.68624],[1.40393,41.69448],[1.39581,41.69565],[1.40021,41.70432],[1.39733,41.70557],[1.38352,41.70543],[1.38205,41.70709],[1.38542,41.70785],[1.39541,41.71591],[1.40061,41.71711],[1.4116,41.72669],[1.41608,41.72775],[1.4192,41.73262],[1.42447,41.73267],[1.42472,41.73472],[1.42005,41.73639],[1.4206,41.73782],[1.41575,41.74065],[1.41067,41.74113],[1.40525,41.74548],[1.40288,41.74556],[1.40045,41.73917],[1.39541,41.73232],[1.3901,41.72959],[1.37007,41.72568],[1.35275,41.71217],[1.35066,41.7077],[1.35185,41.70254],[1.36107,41.70664],[1.37453,41.70746],[1.38159,41.70479],[1.37997,41.69683],[1.37375,41.69343],[1.37093,41.68903],[1.36912,41.67911],[1.36164,41.67835],[1.36021,41.68171],[1.34855,41.68037],[1.33631,41.67099],[1.33348,41.66863]]]}},{"type":"Feature","properties":{"mun_code":"25094","mun_name":"Foradada","mun_name_local":null,"prov_code":"25","prov_name":"Lleida","acom_code":"09","acom_name":"Cataluña","geo_point_2d":{"lon":1.0116098088693124,"lat":41.87343959533941}},"geometry":{"type":"Polygon","coordinates":[[[0.9857,41.87367],[0.99782,41.86529],[1.0018,41.85781],[1.00842,41.8267],[1.00701,41.82172],[1.01185,41.8209],[1.01198,41.81284],[1.01703,41.82251],[1.01789,41.82853],[1.02167,41.82836],[1.02441,41.83169],[1.02451,41.83843],[1.0201,41.8387],[1.01959,41.84766],[1.02089,41.85032],[1.0257,41.85183],[1.02903,41.85582],[1.03144,41.85432],[1.03124,41.8521],[1.03315,41.85187],[1.03359,41.85325],[1.03535,41.85255],[1.0369,41.85451],[1.0396,41.85416],[1.04248,41.86802],[1.04024,41.87833],[1.04359,41.88048],[1.03923,41.88729],[1.03942,41.89387],[1.03734,41.89466],[1.03657,41.89754],[1.02785,41.89757],[1.01999,41.89188],[1.01456,41.8929],[1.01243,41.89576],[1.01488,41.89925],[1.01083,41.90766],[1.00209,41.9089],[0.99888,41.90649],[0.99172,41.91003],[0.98929,41.90959],[0.98522,41.90744],[0.98023,41.90208],[0.98077,41.89502],[0.97689,41.88965],[0.97861,41.88683],[0.97535,41.88408],[0.98218,41.87816],[0.9857,41.87367]]]}},{"type":"Feature","properties":{"mun_code":"25165","mun_name":"Peramola","mun_name_local":null,"prov_code":"25","prov_name":"Lleida","acom_code":"09","acom_name":"Cataluña","geo_point_2d":{"lon":1.2634953512904166,"lat":42.080118513907884}},"geometry":{"type":"Polygon","coordinates":[[[1.20004,42.09],[1.20341,42.08307],[1.2109,42.07632],[1.2158,42.0802],[1.22069,42.07994],[1.22105,42.07597],[1.21867,42.06958],[1.22591,42.07049],[1.23454,42.06658],[1.23255,42.06355],[1.23741,42.06445],[1.23651,42.06074],[1.24196,42.05351],[1.2401,42.05083],[1.23296,42.04694],[1.24061,42.0372],[1.24036,42.03463],[1.24426,42.03705],[1.2528,42.03483],[1.25576,42.03222],[1.26804,42.03287],[1.27159,42.03598],[1.28345,42.04058],[1.29117,42.03984],[1.29419,42.03754],[1.29516,42.04153],[1.30429,42.05108],[1.30082,42.05505],[1.3,42.05974],[1.29647,42.06506],[1.30241,42.07277],[1.29225,42.08809],[1.2934,42.0923],[1.2977,42.09465],[1.29601,42.0994],[1.3014,42.09781],[1.30262,42.09857],[1.3021,42.10694],[1.30597,42.11175],[1.30751,42.11868],[1.30605,42.12489],[1.3122,42.12956],[1.30067,42.12743],[1.29862,42.12396],[1.29651,42.1236],[1.27998,42.12567],[1.27611,42.11966],[1.2716,42.12026],[1.25991,42.11677],[1.25141,42.11926],[1.24461,42.11628],[1.24164,42.1164],[1.24014,42.10718],[1.23783,42.10469],[1.22456,42.10182],[1.2217,42.09837],[1.21545,42.09645],[1.21126,42.09099],[1.20092,42.09015],[1.20004,42.09]]]}},{"type":"Feature","properties":{"mun_code":"25153","mun_name":"Els Omellons","mun_name_local":null,"prov_code":"25","prov_name":"Lleida","acom_code":"09","acom_name":"Cataluña","geo_point_2d":{"lon":0.9601191855467333,"lat":41.494326565933925}},"geometry":{"type":"Polygon","coordinates":[[[0.93773,41.47794],[0.93896,41.47419],[0.94206,41.47336],[0.95705,41.47625],[0.95834,41.47888],[0.96842,41.48102],[0.97286,41.47789],[0.9714,41.48331],[0.97475,41.4881],[0.9777,41.48845],[0.98143,41.49773],[0.97848,41.50285],[0.97969,41.51072],[0.9846,41.51101],[0.98667,41.51646],[0.97883,41.51801],[0.97557,41.511],[0.96808,41.5076],[0.94879,41.51084],[0.94222,41.49762],[0.9439,41.48948],[0.93982,41.48369],[0.93773,41.47794]]]}},{"type":"Feature","properties":{"mun_code":"25174","mun_name":"La Portella","mun_name_local":null,"prov_code":"25","prov_name":"Lleida","acom_code":"09","acom_name":"Cataluña","geo_point_2d":{"lon":0.6426392679026042,"lat":41.73357839720075}},"geometry":{"type":"Polygon","coordinates":[[[0.62536,41.72374],[0.64002,41.71874],[0.64906,41.71027],[0.67052,41.71748],[0.67259,41.71926],[0.66172,41.72972],[0.6608,41.73469],[0.63415,41.75946],[0.62865,41.76122],[0.62331,41.75826],[0.62771,41.7554],[0.62379,41.75006],[0.62449,41.74869],[0.62014,41.73975],[0.62556,41.73642],[0.62312,41.73353],[0.62256,41.72828],[0.62468,41.7279],[0.62585,41.72557],[0.62536,41.72374]]]}},{"type":"Feature","properties":{"mun_code":"25913","mun_name":"Riu de Cerdanya","mun_name_local":null,"prov_code":"25","prov_name":"Lleida","acom_code":"09","acom_name":"Cataluña","geo_point_2d":{"lon":1.823718126346513,"lat":42.323916485899375}},"geometry":{"type":"Polygon","coordinates":[[[1.80469,42.30196],[1.81395,42.30221],[1.81765,42.2996],[1.82661,42.29941],[1.82863,42.30066],[1.83342,42.30053],[1.8332,42.30252],[1.83663,42.30566],[1.84249,42.30631],[1.835,42.31933],[1.83542,42.32486],[1.8336,42.3274],[1.83563,42.32984],[1.83528,42.3335],[1.83938,42.33918],[1.83575,42.34021],[1.83896,42.34967],[1.83471,42.35515],[1.82768,42.35215],[1.81882,42.35084],[1.81396,42.34586],[1.8156,42.34119],[1.81302,42.33262],[1.81413,42.32113],[1.80992,42.31726],[1.80394,42.31619],[1.80228,42.30919],[1.80404,42.30326],[1.80469,42.30196]]]}},{"type":"Feature","properties":{"mun_code":"25087","mun_name":"Esterri de Cardós","mun_name_local":null,"prov_code":"25","prov_name":"Lleida","acom_code":"09","acom_name":"Cataluña","geo_point_2d":{"lon":1.2685954432868998,"lat":42.587855968386684}},"geometry":{"type":"Polygon","coordinates":[[[1.2529,42.60686],[1.24637,42.59794],[1.23974,42.59967],[1.23607,42.59839],[1.23132,42.59907],[1.22165,42.59761],[1.22147,42.59047],[1.22297,42.58873],[1.2382,42.591],[1.23828,42.58773],[1.2444,42.58762],[1.2543,42.58265],[1.25737,42.57479],[1.2678,42.57069],[1.27129,42.56631],[1.28373,42.56805],[1.29156,42.56729],[1.2992,42.57241],[1.30112,42.57585],[1.29416,42.58647],[1.29425,42.60355],[1.29148,42.60441],[1.27089,42.60242],[1.25371,42.60669],[1.2529,42.60686]]]}},{"type":"Feature","properties":{"mun_code":"25904","mun_name":"Castell de Mur","mun_name_local":null,"prov_code":"25","prov_name":"Lleida","acom_code":"09","acom_name":"Cataluña","geo_point_2d":{"lon":0.8504964492252177,"lat":42.0982651157711}},"geometry":{"type":"Polygon","coordinates":[[[0.77416,42.1204],[0.77597,42.11519],[0.77731,42.11517],[0.7768,42.11076],[0.78284,42.10569],[0.7888,42.09487],[0.79884,42.10106],[0.80461,42.10072],[0.81284,42.09542],[0.82097,42.09391],[0.8229,42.09778],[0.83668,42.09799],[0.84161,42.09627],[0.84268,42.09401],[0.85039,42.08924],[0.8518,42.07791],[0.86162,42.0729],[0.84575,42.0527],[0.83728,42.03912],[0.84683,42.03772],[0.84958,42.03613],[0.86409,42.03576],[0.87357,42.03686],[0.88682,42.04301],[0.889,42.04305],[0.8886,42.04089],[0.89096,42.04225],[0.89161,42.04517],[0.89441,42.04622],[0.89328,42.04908],[0.89444,42.05191],[0.88863,42.05419],[0.88572,42.06064],[0.8924,42.06894],[0.89405,42.07571],[0.89089,42.08131],[0.89055,42.09016],[0.89988,42.10952],[0.89865,42.1157],[0.90091,42.12163],[0.89353,42.12107],[0.88274,42.12433],[0.87254,42.14133],[0.86485,42.143],[0.8445,42.1419],[0.82566,42.13521],[0.80132,42.13258],[0.80154,42.13062],[0.79219,42.13416],[0.7894,42.1233],[0.78469,42.12057],[0.77713,42.12288],[0.77569,42.12213],[0.77416,42.1204]]]}},{"type":"Feature","properties":{"mun_code":"25206","mun_name":"El Soleràs","mun_name_local":null,"prov_code":"25","prov_name":"Lleida","acom_code":"09","acom_name":"Cataluña","geo_point_2d":{"lon":0.699187449243909,"lat":41.4205701120126}},"geometry":{"type":"Polygon","coordinates":[[[0.66361,41.41287],[0.676,41.40515],[0.68045,41.40411],[0.6924,41.39785],[0.68973,41.40401],[0.69846,41.41065],[0.7109,41.41032],[0.71938,41.40867],[0.72068,41.41203],[0.72528,41.41303],[0.72524,41.41649],[0.72341,41.41833],[0.72498,41.42219],[0.72191,41.43197],[0.72317,41.4327],[0.72119,41.43334],[0.72283,41.43436],[0.72324,41.44054],[0.71078,41.44521],[0.70887,41.4449],[0.70632,41.43864],[0.70149,41.43565],[0.70127,41.43194],[0.70454,41.42716],[0.70068,41.42385],[0.69764,41.42751],[0.6906,41.42967],[0.67314,41.42022],[0.66793,41.4192],[0.66311,41.41641],[0.66509,41.41322],[0.66361,41.41287]]]}},{"type":"Feature","properties":{"mun_code":"25201","mun_name":"Sarroca de Bellera","mun_name_local":null,"prov_code":"25","prov_name":"Lleida","acom_code":"09","acom_name":"Cataluña","geo_point_2d":{"lon":0.8864757953959433,"lat":42.40849228782308}},"geometry":{"type":"Polygon","coordinates":[[[0.85557,42.45454],[0.87181,42.44579],[0.87072,42.44026],[0.86284,42.43021],[0.85544,42.42546],[0.82951,42.42463],[0.82823,42.41811],[0.82292,42.41544],[0.83429,42.40369],[0.82224,42.39177],[0.82349,42.39199],[0.83314,42.37977],[0.83648,42.38089],[0.8368,42.37502],[0.83875,42.37338],[0.84228,42.37329],[0.84667,42.36875],[0.85428,42.3693],[0.86126,42.36798],[0.86777,42.36145],[0.86532,42.35909],[0.86552,42.35715],[0.86752,42.35652],[0.87021,42.35169],[0.86961,42.34795],[0.87317,42.34515],[0.89002,42.34462],[0.90629,42.34235],[0.9144,42.34312],[0.91773,42.34033],[0.92567,42.33759],[0.931,42.33801],[0.93339,42.33624],[0.93528,42.34001],[0.93072,42.34176],[0.92779,42.34585],[0.93088,42.34656],[0.93035,42.34748],[0.91461,42.3637],[0.90764,42.37333],[0.91078,42.38641],[0.92177,42.38338],[0.92581,42.38516],[0.9155,42.39277],[0.91591,42.39525],[0.92574,42.40301],[0.92787,42.40757],[0.9275,42.41336],[0.9306,42.41743],[0.93612,42.43246],[0.92884,42.44201],[0.92506,42.44256],[0.91888,42.4459],[0.9157,42.45097],[0.91918,42.45437],[0.91843,42.45862],[0.92094,42.46009],[0.92557,42.47145],[0.92741,42.47292],[0.93031,42.47289],[0.93186,42.47597],[0.92557,42.48309],[0.92155,42.48509],[0.89501,42.48018],[0.88985,42.47657],[0.88563,42.46646],[0.88252,42.46434],[0.87965,42.45914],[0.87315,42.4609],[0.86617,42.46103],[0.86269,42.45615],[0.85995,42.45521],[0.85557,42.45454]]]}},{"type":"Feature","properties":{"mun_code":"25902","mun_name":"Sant Martí de Riucorb","mun_name_local":null,"prov_code":"25","prov_name":"Lleida","acom_code":"09","acom_name":"Cataluña","geo_point_2d":{"lon":1.0648129611345694,"lat":41.55946887027412}},"geometry":{"type":"Polygon","coordinates":[[[1.00279,41.5875],[1.001,41.58545],[1.0068,41.58341],[1.00834,41.57876],[1.01148,41.57891],[1.01119,41.57482],[1.01839,41.57117],[1.02298,41.5609],[1.02993,41.55507],[1.03787,41.55634],[1.03793,41.55764],[1.03974,41.558],[1.04998,41.55467],[1.05421,41.55532],[1.05856,41.5487],[1.06677,41.54781],[1.07035,41.54577],[1.07078,41.54358],[1.06397,41.54257],[1.06053,41.5394],[1.05636,41.52768],[1.05603,41.51901],[1.06374,41.51939],[1.06427,41.52203],[1.07899,41.5227],[1.08036,41.52386],[1.07537,41.52808],[1.08708,41.52887],[1.08753,41.53107],[1.08303,41.53236],[1.09064,41.53711],[1.10287,41.5277],[1.109,41.52695],[1.1081,41.5283],[1.11067,41.53136],[1.10932,41.53297],[1.11185,41.53467],[1.10892,41.5508],[1.10379,41.55818],[1.09763,41.55758],[1.09705,41.55864],[1.10089,41.56058],[1.10197,41.56789],[1.09959,41.57006],[1.10012,41.57198],[1.08218,41.57843],[1.07087,41.58475],[1.06931,41.58361],[1.05138,41.58443],[1.04731,41.58606],[1.04341,41.59075],[1.0162,41.58671],[1.01151,41.58323],[1.00281,41.5874],[1.00279,41.5875]]]}},{"type":"Feature","properties":{"mun_code":"25148","mun_name":"Odèn","mun_name_local":null,"prov_code":"25","prov_name":"Lleida","acom_code":"09","acom_name":"Cataluña","geo_point_2d":{"lon":1.4389378965279438,"lat":42.1228128881804}},"geometry":{"type":"Polygon","coordinates":[[[1.35014,42.07312],[1.35777,42.07749],[1.35849,42.07412],[1.36246,42.08028],[1.36889,42.07959],[1.37459,42.08084],[1.37767,42.08324],[1.38013,42.09116],[1.3884,42.09733],[1.38891,42.10428],[1.38754,42.10687],[1.3937,42.1062],[1.39933,42.10976],[1.40168,42.10904],[1.40498,42.11166],[1.40862,42.10922],[1.41909,42.10919],[1.4278,42.10503],[1.42725,42.10112],[1.42953,42.09504],[1.43451,42.09177],[1.43795,42.08697],[1.44074,42.0909],[1.44502,42.09298],[1.44731,42.09097],[1.45724,42.08814],[1.45981,42.08558],[1.4684,42.08403],[1.47567,42.08868],[1.47929,42.09657],[1.48308,42.09824],[1.4885,42.09832],[1.49756,42.09586],[1.50916,42.09545],[1.51237,42.10054],[1.51311,42.10621],[1.51911,42.10651],[1.52285,42.10886],[1.52486,42.10267],[1.52796,42.09953],[1.5329,42.0979],[1.53972,42.09939],[1.54332,42.10392],[1.54629,42.10527],[1.54547,42.10719],[1.55295,42.1096],[1.55509,42.11676],[1.53801,42.12803],[1.53166,42.1339],[1.53301,42.13997],[1.53028,42.14217],[1.52281,42.14369],[1.521,42.14729],[1.51822,42.14846],[1.51998,42.15133],[1.51802,42.15121],[1.51858,42.153],[1.52568,42.15698],[1.52035,42.16068],[1.52156,42.16547],[1.51605,42.16769],[1.51743,42.17705],[1.52215,42.17957],[1.5209,42.18477],[1.49738,42.1701],[1.49376,42.16952],[1.48672,42.16377],[1.4765,42.1581],[1.44684,42.14491],[1.44631,42.14774],[1.43485,42.15375],[1.43114,42.15935],[1.4244,42.16006],[1.40452,42.15547],[1.39623,42.15063],[1.38762,42.15121],[1.38257,42.15431],[1.37846,42.15478],[1.36901,42.15168],[1.36513,42.14863],[1.36275,42.14979],[1.35757,42.14795],[1.36144,42.14185],[1.3649,42.14205],[1.3666,42.13928],[1.36197,42.12996],[1.3544,42.1279],[1.35062,42.12845],[1.34896,42.1234],[1.34361,42.12231],[1.3419,42.1197],[1.33573,42.11982],[1.32684,42.11513],[1.32348,42.09493],[1.33101,42.08002],[1.33456,42.07698],[1.3399,42.07776],[1.34993,42.07303],[1.35014,42.07312]]]}},{"type":"Feature","properties":{"mun_code":"25125","mun_name":"Llardecans","mun_name_local":null,"prov_code":"25","prov_name":"Lleida","acom_code":"09","acom_name":"Cataluña","geo_point_2d":{"lon":0.5385284831068043,"lat":41.38706158227831}},"geometry":{"type":"Polygon","coordinates":[[[0.47328,41.38854],[0.48606,41.38863],[0.52172,41.39205],[0.52943,41.37206],[0.52811,41.36716],[0.53427,41.35822],[0.53998,41.35301],[0.55518,41.32995],[0.55448,41.32659],[0.57456,41.3185],[0.58085,41.31989],[0.58651,41.33737],[0.58688,41.34456],[0.58216,41.35319],[0.58594,41.36099],[0.58451,41.37625],[0.59644,41.38516],[0.60608,41.38981],[0.59831,41.39036],[0.59233,41.39308],[0.57781,41.40401],[0.56943,41.40588],[0.56688,41.40868],[0.55903,41.41063],[0.55199,41.41445],[0.54511,41.41537],[0.54049,41.42077],[0.53445,41.42321],[0.52937,41.4273],[0.5289,41.43206],[0.51898,41.43044],[0.50833,41.43443],[0.49642,41.44027],[0.49578,41.44528],[0.49342,41.44625],[0.48172,41.43138],[0.4792,41.42996],[0.47593,41.43009],[0.47223,41.42732],[0.47468,41.42224],[0.47209,41.41652],[0.47286,41.38939],[0.47328,41.38854]]]}},{"type":"Feature","properties":{"mun_code":"25016","mun_name":"Alguaire","mun_name_local":null,"prov_code":"25","prov_name":"Lleida","acom_code":"09","acom_name":"Cataluña","geo_point_2d":{"lon":0.5619279446612282,"lat":41.73884471613229}},"geometry":{"type":"Polygon","coordinates":[[[0.49326,41.74583],[0.50598,41.72378],[0.51686,41.72645],[0.51809,41.71798],[0.5481,41.71461],[0.55724,41.71485],[0.57163,41.71285],[0.57464,41.7106],[0.57699,41.71208],[0.58987,41.71117],[0.5964,41.71195],[0.59893,41.71666],[0.60672,41.72097],[0.60792,41.72301],[0.61259,41.72323],[0.61259,41.72173],[0.61732,41.72259],[0.61993,41.72145],[0.62536,41.72374],[0.62468,41.7279],[0.62256,41.72828],[0.62312,41.73353],[0.62556,41.73642],[0.62014,41.73975],[0.62449,41.74869],[0.62379,41.75006],[0.62771,41.7554],[0.62331,41.75826],[0.62865,41.76122],[0.6213,41.76635],[0.61223,41.76132],[0.6032,41.75851],[0.58786,41.75756],[0.5586,41.75958],[0.53724,41.76206],[0.53213,41.7637],[0.51688,41.76277],[0.51535,41.76145],[0.50284,41.75955],[0.50029,41.75707],[0.50104,41.75445],[0.49589,41.75377],[0.4916,41.74787],[0.49326,41.74583]]]}},{"type":"Feature","properties":{"mun_code":"25215","mun_name":"Talarn","mun_name_local":null,"prov_code":"25","prov_name":"Lleida","acom_code":"09","acom_name":"Cataluña","geo_point_2d":{"lon":0.8960872219691314,"lat":42.17846940647673}},"geometry":{"type":"Polygon","coordinates":[[[0.90648,42.16251],[0.9225,42.16989],[0.92636,42.17003],[0.9228,42.17904],[0.92614,42.1786],[0.93187,42.18086],[0.93819,42.19112],[0.94178,42.19243],[0.93513,42.19439],[0.92799,42.19923],[0.92442,42.19843],[0.92045,42.20031],[0.91377,42.20469],[0.90952,42.21032],[0.90683,42.20696],[0.89053,42.21386],[0.88725,42.21398],[0.88191,42.20632],[0.8783,42.20649],[0.868,42.19545],[0.85753,42.19246],[0.85985,42.18959],[0.85973,42.18355],[0.87612,42.17621],[0.88348,42.17091],[0.87158,42.16187],[0.87125,42.15968],[0.87856,42.1586],[0.8792,42.15696],[0.87114,42.14193],[0.87383,42.13758],[0.89265,42.13237],[0.89481,42.12088],[0.90091,42.12163],[0.90379,42.13465],[0.89858,42.13532],[0.89412,42.13762],[0.89439,42.14827],[0.89654,42.15183],[0.90492,42.15305],[0.90727,42.15609],[0.907,42.1617],[0.90648,42.16251]],[[0.90648,42.16251],[0.9007,42.15808],[0.88339,42.16031],[0.88419,42.16679],[0.88649,42.16818],[0.88518,42.16914],[0.88746,42.17144],[0.8853,42.17294],[0.89546,42.1764],[0.89964,42.17641],[0.90581,42.17052],[0.9063,42.16273],[0.90648,42.16251]]]}},{"type":"Feature","properties":{"mun_code":"25245","mun_name":"Vilaller","mun_name_local":null,"prov_code":"25","prov_name":"Lleida","acom_code":"09","acom_name":"Cataluña","geo_point_2d":{"lon":0.7581240027141696,"lat":42.54116190239405}},"geometry":{"type":"Polygon","coordinates":[[[0.70649,42.44932],[0.71239,42.45399],[0.72359,42.45573],[0.73112,42.45869],[0.73181,42.45781],[0.74012,42.46967],[0.74517,42.47333],[0.7492,42.47887],[0.74832,42.48162],[0.75154,42.48375],[0.74929,42.49097],[0.74491,42.49304],[0.74364,42.49543],[0.74022,42.49578],[0.74176,42.49808],[0.73905,42.49961],[0.74565,42.50681],[0.7574,42.50575],[0.76037,42.5135],[0.76507,42.51878],[0.76778,42.5286],[0.76816,42.53003],[0.76461,42.53246],[0.77433,42.54367],[0.7937,42.54833],[0.79117,42.55559],[0.79204,42.56236],[0.7971,42.56484],[0.79727,42.56902],[0.79307,42.57325],[0.79218,42.57659],[0.80052,42.58588],[0.80042,42.58881],[0.8023,42.59064],[0.8085,42.59142],[0.81255,42.59413],[0.82002,42.59562],[0.82535,42.59407],[0.82338,42.59957],[0.82613,42.60686],[0.82157,42.61237],[0.81305,42.61506],[0.81305,42.61821],[0.8116,42.6191],[0.79741,42.61736],[0.79328,42.61518],[0.78725,42.61558],[0.7724,42.61267],[0.76811,42.60979],[0.76755,42.61122],[0.76648,42.60442],[0.76393,42.60189],[0.76356,42.59765],[0.76047,42.59207],[0.76038,42.58149],[0.75766,42.57748],[0.75917,42.57399],[0.75794,42.56994],[0.75506,42.56434],[0.74854,42.55828],[0.74923,42.55239],[0.74713,42.54982],[0.74267,42.54834],[0.74081,42.5454],[0.74725,42.53602],[0.75277,42.53395],[0.74372,42.53555],[0.73474,42.54035],[0.73154,42.53603],[0.72563,42.53239],[0.72159,42.52488],[0.72361,42.51803],[0.72009,42.51515],[0.7199,42.51283],[0.72899,42.51253],[0.73926,42.50622],[0.74268,42.50665],[0.74216,42.5056],[0.73802,42.50343],[0.73314,42.50442],[0.72984,42.49757],[0.72689,42.49805],[0.71337,42.48721],[0.70792,42.49197],[0.70051,42.49552],[0.69895,42.49495],[0.70062,42.491],[0.69778,42.4863],[0.68994,42.48684],[0.6899,42.48372],[0.69417,42.47636],[0.70461,42.4646],[0.70632,42.46428],[0.70898,42.45922],[0.70675,42.45563],[0.70789,42.45213],[0.70647,42.44958],[0.70649,42.44932]],[[0.73341,42.48233],[0.73233,42.48348],[0.73372,42.4822],[0.73341,42.48233]]]}},{"type":"Feature","properties":{"mun_code":"25057","mun_name":"Es Bòrdes","mun_name_local":null,"prov_code":"25","prov_name":"Lleida","acom_code":"09","acom_name":"Cataluña","geo_point_2d":{"lon":0.7038929449738495,"lat":42.718928387493186}},"geometry":{"type":"MultiPolygon","coordinates":[[[[0.68016,42.72325],[0.67315,42.71799],[0.67801,42.71189],[0.68255,42.70889],[0.68132,42.70573],[0.67634,42.70311],[0.67407,42.69943],[0.67616,42.69087],[0.69388,42.68876],[0.70976,42.68861],[0.70883,42.69424],[0.71366,42.70499],[0.7191,42.7099],[0.72532,42.71996],[0.73015,42.72332],[0.73366,42.72246],[0.7328,42.72445],[0.73453,42.72956],[0.73215,42.73246],[0.73753,42.73386],[0.73879,42.73704],[0.74543,42.73645],[0.74652,42.74513],[0.74351,42.74299],[0.72913,42.74339],[0.71873,42.74434],[0.71026,42.74699],[0.70912,42.743],[0.705,42.74355],[0.69909,42.73779],[0.68843,42.73185],[0.68574,42.73201],[0.69173,42.72837],[0.68857,42.7221],[0.68073,42.72332],[0.68016,42.72325]]],[[[0.67828,42.73893],[0.67239,42.73712],[0.66701,42.73812],[0.67022,42.73117],[0.68574,42.73201],[0.6835,42.73636],[0.67853,42.7387],[0.67828,42.73893]]]]}},{"type":"Feature","properties":{"mun_code":"25001","mun_name":"Abella de la Conca","mun_name_local":null,"prov_code":"25","prov_name":"Lleida","acom_code":"09","acom_name":"Cataluña","geo_point_2d":{"lon":1.118004125986544,"lat":42.17574297152181}},"geometry":{"type":"Polygon","coordinates":[[[1.06061,42.18609],[1.05861,42.17863],[1.05564,42.17767],[1.05034,42.17249],[1.04796,42.16467],[1.04013,42.15929],[1.05579,42.15519],[1.05873,42.15077],[1.05748,42.14081],[1.05205,42.13636],[1.05953,42.13053],[1.05543,42.1272],[1.09724,42.13666],[1.10953,42.14258],[1.12298,42.14628],[1.13635,42.14669],[1.14863,42.13348],[1.15574,42.13562],[1.1615,42.14144],[1.16075,42.1517],[1.16652,42.15255],[1.16798,42.15398],[1.17362,42.15346],[1.17624,42.15821],[1.1824,42.16224],[1.18206,42.16801],[1.18632,42.17099],[1.18603,42.17533],[1.18265,42.18183],[1.17924,42.18147],[1.17377,42.18315],[1.16112,42.19019],[1.16247,42.19666],[1.16772,42.20263],[1.16748,42.21195],[1.16496,42.21912],[1.15422,42.22006],[1.15344,42.22356],[1.14823,42.22609],[1.14374,42.22654],[1.14185,42.23022],[1.12531,42.2287],[1.11967,42.22189],[1.10903,42.22038],[1.09459,42.21136],[1.09101,42.20152],[1.09371,42.19518],[1.09843,42.19199],[1.08538,42.18839],[1.07583,42.18406],[1.06183,42.18611],[1.06061,42.18609]]]}},{"type":"Feature","properties":{"mun_code":"25042","mun_name":"La Baronia de Rialb","mun_name_local":null,"prov_code":"25","prov_name":"Lleida","acom_code":"09","acom_name":"Cataluña","geo_point_2d":{"lon":1.1812731275079444,"lat":42.02756556216421}},"geometry":{"type":"Polygon","coordinates":[[[1.0976,42.062],[1.11004,42.04752],[1.10887,42.03938],[1.12075,42.03849],[1.12188,42.03641],[1.12755,42.03399],[1.12793,42.0311],[1.1339,42.02796],[1.13471,42.02624],[1.13819,42.02386],[1.14429,42.02308],[1.14835,42.0187],[1.15818,42.01231],[1.1535,42.00699],[1.14406,42.00386],[1.14611,42.0004],[1.15067,41.99906],[1.14843,41.9943],[1.15424,41.98677],[1.16033,41.98557],[1.16843,41.97909],[1.16952,41.97211],[1.16654,41.96858],[1.16957,41.96827],[1.17106,41.96591],[1.16771,41.95909],[1.16844,41.95678],[1.16609,41.95295],[1.15997,41.95116],[1.16284,41.95117],[1.1628,41.94607],[1.17122,41.93495],[1.17054,41.93156],[1.16422,41.92909],[1.16457,41.92568],[1.17026,41.9226],[1.17647,41.92345],[1.18119,41.92561],[1.18072,41.923],[1.18326,41.92291],[1.19618,41.92566],[1.19853,41.92702],[1.20246,41.93363],[1.2011,41.93638],[1.19627,41.93762],[1.19194,41.94222],[1.19469,41.94396],[1.20018,41.94472],[1.20708,41.95291],[1.22704,41.95896],[1.22902,41.96661],[1.23534,41.97269],[1.23767,41.97832],[1.25129,41.9816],[1.25398,41.98524],[1.2547,41.9943],[1.25889,41.99463],[1.26007,41.98992],[1.26412,41.9982],[1.26189,42.00342],[1.25475,42.00644],[1.25191,42.00602],[1.24836,42.00844],[1.24897,42.01213],[1.23738,42.02021],[1.23651,42.02535],[1.23921,42.02821],[1.24061,42.0372],[1.23296,42.04694],[1.2401,42.05083],[1.24196,42.05351],[1.23651,42.06074],[1.23741,42.06445],[1.23255,42.06355],[1.23454,42.06658],[1.22591,42.07049],[1.21867,42.06958],[1.22105,42.07597],[1.22069,42.07994],[1.2158,42.0802],[1.2109,42.07632],[1.20341,42.08307],[1.20004,42.09],[1.18574,42.08571],[1.18383,42.08967],[1.18242,42.08827],[1.1841,42.08697],[1.18159,42.0869],[1.18092,42.08475],[1.1795,42.08539],[1.17705,42.08357],[1.17207,42.08445],[1.1698,42.08249],[1.16674,42.08234],[1.16779,42.08852],[1.16442,42.09604],[1.16411,42.10332],[1.16241,42.10324],[1.16212,42.10492],[1.16772,42.11932],[1.16606,42.12305],[1.15742,42.12292],[1.15624,42.11864],[1.15213,42.11593],[1.14822,42.11841],[1.1458,42.11537],[1.14445,42.11802],[1.14215,42.11799],[1.14045,42.11983],[1.13746,42.11699],[1.13554,42.11125],[1.12373,42.0978],[1.11987,42.0895],[1.11136,42.08696],[1.10197,42.07618],[1.09949,42.0713],[1.10072,42.06735],[1.09858,42.06555],[1.09794,42.06222],[1.0976,42.062]]]}},{"type":"Feature","properties":{"mun_code":"25079","mun_name":"Cubells","mun_name_local":null,"prov_code":"25","prov_name":"Lleida","acom_code":"09","acom_name":"Cataluña","geo_point_2d":{"lon":0.9611755190123783,"lat":41.83786905258055}},"geometry":{"type":"Polygon","coordinates":[[[0.91446,41.7823],[0.92251,41.78004],[0.92342,41.78099],[0.93127,41.80197],[0.93845,41.80275],[0.93978,41.80107],[0.93832,41.79967],[0.94321,41.79721],[0.94756,41.80093],[0.95278,41.80051],[0.95543,41.80235],[0.96068,41.80146],[0.96319,41.80552],[0.96333,41.81428],[0.96689,41.81579],[0.97659,41.83002],[0.97905,41.82983],[0.98479,41.82483],[0.99312,41.82244],[1.00015,41.82711],[1.00346,41.83366],[1.00661,41.83474],[1.0045,41.84911],[0.99782,41.86529],[0.9857,41.87367],[0.96837,41.86929],[0.96015,41.86896],[0.95779,41.86754],[0.95527,41.87147],[0.95283,41.86999],[0.9492,41.87379],[0.94087,41.87186],[0.93649,41.87275],[0.9347,41.87514],[0.93729,41.86805],[0.93413,41.86303],[0.93198,41.84026],[0.92736,41.83119],[0.9301,41.82861],[0.9308,41.82497],[0.92738,41.81429],[0.92743,41.80532],[0.91519,41.78413],[0.91446,41.7823]]]}},{"type":"Feature","properties":{"mun_code":"25161","mun_name":"Conca de Dalt","mun_name_local":null,"prov_code":"25","prov_name":"Lleida","acom_code":"09","acom_name":"Cataluña","geo_point_2d":{"lon":1.0094452232225959,"lat":42.24086027716976}},"geometry":{"type":"MultiPolygon","coordinates":[[[[0.96808,42.2196],[0.9668,42.21354],[0.95933,42.20531],[0.96585,42.19788],[0.9877,42.18268],[0.99144,42.18412],[1.0026,42.18284],[1.00596,42.18534],[1.01469,42.18642],[1.02287,42.18548],[1.03101,42.18167],[1.03628,42.1828],[1.03891,42.18111],[1.05094,42.17941],[1.05728,42.18042],[1.06061,42.18609],[1.07583,42.18406],[1.08538,42.18839],[1.09843,42.19199],[1.09371,42.19518],[1.09101,42.20152],[1.09459,42.21136],[1.10903,42.22038],[1.11967,42.22189],[1.12531,42.2287],[1.14185,42.23022],[1.13921,42.23595],[1.14006,42.23816],[1.14486,42.24001],[1.14818,42.23987],[1.15836,42.24674],[1.14983,42.26176],[1.14833,42.2598],[1.14225,42.25982],[1.13155,42.26254],[1.12505,42.2659],[1.12289,42.26919],[1.1163,42.27301],[1.11791,42.26828],[1.11156,42.27098],[1.10726,42.27006],[1.08563,42.27738],[1.07428,42.27506],[1.07008,42.27696],[1.06568,42.27585],[1.06207,42.2766],[1.05384,42.28144],[1.04886,42.28183],[1.04437,42.28047],[1.03807,42.28119],[1.03394,42.27792],[1.03616,42.27496],[1.02982,42.27419],[1.02947,42.26888],[1.01976,42.2641],[1.01077,42.26381],[0.99968,42.26096],[0.99307,42.26245],[0.97756,42.25792],[0.9773,42.24877],[0.97066,42.24445],[0.96969,42.23567],[0.97231,42.22953],[0.96996,42.22617],[0.96938,42.2214],[0.96808,42.2196]]],[[[0.87399,42.29888],[0.87062,42.29298],[0.86151,42.2906],[0.85906,42.28559],[0.85493,42.28273],[0.85485,42.2784],[0.85252,42.27537],[0.85412,42.26995],[0.85664,42.26836],[0.85755,42.25872],[0.86287,42.25727],[0.8656,42.25268],[0.8808,42.24278],[0.88197,42.24078],[0.89144,42.23794],[0.90225,42.23898],[0.9106,42.23509],[0.91694,42.23409],[0.91846,42.23888],[0.92077,42.24059],[0.91754,42.24796],[0.92399,42.24688],[0.9279,42.23723],[0.93641,42.22942],[0.94373,42.22599],[0.95102,42.22558],[0.95725,42.22342],[0.95279,42.23988],[0.948,42.24868],[0.94211,42.26772],[0.95008,42.28442],[0.9376,42.28765],[0.93896,42.29259],[0.93682,42.29606],[0.9324,42.29188],[0.92838,42.29139],[0.92478,42.29355],[0.92245,42.29213],[0.91692,42.29292],[0.91507,42.29494],[0.90734,42.29767],[0.89939,42.29914],[0.89542,42.29829],[0.88656,42.30509],[0.88289,42.30477],[0.88048,42.30088],[0.87399,42.29888]]]]}},{"type":"Feature","properties":{"mun_code":"25221","mun_name":"Tírvia","mun_name_local":null,"prov_code":"25","prov_name":"Lleida","acom_code":"09","acom_name":"Cataluña","geo_point_2d":{"lon":1.2341037710916525,"lat":42.51867421817662}},"geometry":{"type":"Polygon","coordinates":[[[1.21546,42.52512],[1.21326,42.52276],[1.21475,42.51921],[1.2128,42.51808],[1.21174,42.51113],[1.21316,42.50816],[1.21808,42.50523],[1.21792,42.50325],[1.22044,42.5009],[1.22455,42.50125],[1.22643,42.50013],[1.22892,42.50808],[1.25166,42.51177],[1.26051,42.51634],[1.25808,42.52468],[1.24838,42.53226],[1.24363,42.53279],[1.24064,42.53143],[1.23914,42.52874],[1.23338,42.53317],[1.23011,42.5327],[1.22016,42.52634],[1.2158,42.52574],[1.21546,42.52512]]]}},{"type":"Feature","properties":{"mun_code":"25027","mun_name":"Anglesola","mun_name_local":null,"prov_code":"25","prov_name":"Lleida","acom_code":"09","acom_name":"Cataluña","geo_point_2d":{"lon":1.0588743875047102,"lat":41.662764295547}},"geometry":{"type":"Polygon","coordinates":[[[1.02573,41.67039],[1.0292,41.66818],[1.02729,41.65774],[1.03012,41.65255],[1.03634,41.64694],[1.04028,41.63427],[1.04418,41.63463],[1.08384,41.64694],[1.09271,41.65329],[1.09598,41.65615],[1.09201,41.65899],[1.09417,41.6705],[1.09151,41.67555],[1.10224,41.6814],[1.1096,41.68729],[1.10595,41.68703],[1.08755,41.67632],[1.06945,41.67809],[1.0599,41.67998],[1.05522,41.68279],[1.0414,41.69508],[1.03414,41.69015],[1.04162,41.68755],[1.0371,41.67893],[1.02842,41.68018],[1.02731,41.67771],[1.02911,41.67734],[1.02793,41.67613],[1.02618,41.67694],[1.02499,41.67489],[1.02719,41.67404],[1.02651,41.67258],[1.02573,41.67039]]]}},{"type":"Feature","properties":{"mun_code":"25223","mun_name":"Torà","mun_name_local":null,"prov_code":"25","prov_name":"Lleida","acom_code":"09","acom_name":"Cataluña","geo_point_2d":{"lon":1.4420011371585792,"lat":41.84200391726794}},"geometry":{"type":"Polygon","coordinates":[[[1.36036,41.79017],[1.36783,41.78378],[1.36656,41.78183],[1.37358,41.77869],[1.38206,41.7862],[1.38368,41.78411],[1.39457,41.80015],[1.4039,41.80516],[1.40165,41.79577],[1.40247,41.78622],[1.40748,41.7846],[1.40737,41.78136],[1.41087,41.77737],[1.4152,41.77606],[1.42136,41.79361],[1.41829,41.79251],[1.41658,41.79495],[1.42647,41.80185],[1.44275,41.80094],[1.4509,41.79788],[1.45401,41.79911],[1.45993,41.79763],[1.46751,41.79863],[1.48195,41.80783],[1.49759,41.81509],[1.50293,41.81936],[1.51347,41.82276],[1.51324,41.82445],[1.49568,41.81901],[1.49234,41.82411],[1.47343,41.83422],[1.47512,41.83584],[1.47808,41.83538],[1.48158,41.83748],[1.48568,41.83778],[1.4948,41.843],[1.5048,41.85768],[1.49833,41.86993],[1.50376,41.8715],[1.5006,41.875],[1.49982,41.87919],[1.50333,41.88766],[1.49983,41.9029],[1.48414,41.90603],[1.47709,41.90127],[1.46201,41.88711],[1.44562,41.88923],[1.43948,41.89904],[1.42523,41.89481],[1.41457,41.8876],[1.41198,41.88256],[1.40619,41.87794],[1.40714,41.87327],[1.40599,41.87086],[1.40871,41.86899],[1.40576,41.86283],[1.40366,41.8615],[1.40359,41.85273],[1.40102,41.85044],[1.40216,41.84643],[1.39787,41.83432],[1.3992,41.83019],[1.39404,41.83127],[1.39024,41.82609],[1.38727,41.8264],[1.38321,41.82365],[1.37725,41.81458],[1.37506,41.81472],[1.37472,41.81616],[1.37355,41.81515],[1.37142,41.81266],[1.36997,41.80586],[1.36558,41.80226],[1.3675,41.79797],[1.36156,41.79291],[1.36036,41.79017]]]}},{"type":"Feature","properties":{"mun_code":"25092","mun_name":"La Floresta","mun_name_local":null,"prov_code":"25","prov_name":"Lleida","acom_code":"09","acom_name":"Cataluña","geo_point_2d":{"lon":0.9242261998150998,"lat":41.49728692103927}},"geometry":{"type":"Polygon","coordinates":[[[0.91396,41.51418],[0.91699,41.50921],[0.91951,41.48828],[0.92442,41.48593],[0.92407,41.47204],[0.93162,41.46597],[0.93414,41.46886],[0.93521,41.47422],[0.93896,41.47419],[0.93773,41.47794],[0.92922,41.48112],[0.92698,41.48428],[0.9305,41.48818],[0.92914,41.49448],[0.93179,41.49515],[0.93556,41.49869],[0.93401,41.50002],[0.93414,41.507],[0.9232,41.51052],[0.92295,41.51313],[0.91865,41.51374],[0.91979,41.5191],[0.91744,41.52277],[0.91268,41.52569],[0.90945,41.52524],[0.90718,41.5233],[0.9083,41.51953],[0.9139,41.51566],[0.91396,41.51418]]]}},{"type":"Feature","properties":{"mun_code":"25192","mun_name":"Sant Guim de Freixenet","mun_name_local":null,"prov_code":"25","prov_name":"Lleida","acom_code":"09","acom_name":"Cataluña","geo_point_2d":{"lon":1.4058660484424494,"lat":41.65514876566606}},"geometry":{"type":"Polygon","coordinates":[[[1.37462,41.67262],[1.37808,41.67054],[1.37243,41.64741],[1.37351,41.64217],[1.38004,41.6328],[1.38743,41.63136],[1.3915,41.63433],[1.41138,41.63553],[1.41965,41.63341],[1.42053,41.63445],[1.42418,41.6314],[1.43057,41.62982],[1.43115,41.63409],[1.44015,41.63582],[1.44367,41.63483],[1.44891,41.63667],[1.4508,41.63988],[1.45072,41.64635],[1.44455,41.64594],[1.433,41.65153],[1.42584,41.66177],[1.42412,41.66938],[1.4155,41.6747],[1.41926,41.6764],[1.42329,41.68405],[1.42235,41.68467],[1.40137,41.68644],[1.39574,41.68164],[1.39601,41.68042],[1.38915,41.67715],[1.37978,41.67601],[1.37462,41.67262]]]}},{"type":"Feature","properties":{"mun_code":"25901","mun_name":"Vall de Cardós","mun_name_local":null,"prov_code":"25","prov_name":"Lleida","acom_code":"09","acom_name":"Cataluña","geo_point_2d":{"lon":1.2164440736950526,"lat":42.58699360521212}},"geometry":{"type":"Polygon","coordinates":[[[1.19955,42.66225],[1.19371,42.66206],[1.18738,42.63793],[1.18898,42.63228],[1.18506,42.63034],[1.18032,42.62415],[1.19015,42.61563],[1.19099,42.61131],[1.19001,42.60813],[1.17969,42.60566],[1.17834,42.60316],[1.18025,42.59608],[1.18561,42.59195],[1.18554,42.58405],[1.18836,42.58052],[1.18722,42.576],[1.18273,42.57047],[1.17857,42.56801],[1.17818,42.56444],[1.18012,42.56166],[1.18328,42.56232],[1.18995,42.56022],[1.2018,42.5519],[1.20162,42.54592],[1.21049,42.53938],[1.21176,42.53018],[1.21546,42.52512],[1.22016,42.52634],[1.23011,42.5327],[1.23338,42.53317],[1.23914,42.52874],[1.24219,42.53216],[1.24236,42.53706],[1.24543,42.5439],[1.24881,42.54647],[1.25008,42.55496],[1.26429,42.56086],[1.26823,42.56589],[1.27129,42.56631],[1.2678,42.57069],[1.25737,42.57479],[1.2543,42.58265],[1.24999,42.58534],[1.24789,42.58519],[1.2444,42.58762],[1.23828,42.58773],[1.2382,42.591],[1.22297,42.58873],[1.22154,42.59025],[1.22165,42.59761],[1.23132,42.59907],[1.23607,42.59839],[1.23974,42.59967],[1.24637,42.59794],[1.2529,42.60686],[1.24637,42.60866],[1.24474,42.61357],[1.24023,42.61388],[1.23551,42.61167],[1.23503,42.61339],[1.22382,42.61778],[1.22031,42.61755],[1.21825,42.63155],[1.2222,42.63683],[1.22196,42.63861],[1.21853,42.64277],[1.21316,42.64526],[1.21353,42.64715],[1.20054,42.65922],[1.20053,42.66128],[1.19955,42.66225]]]}},{"type":"Feature","properties":{"mun_code":"25134","mun_name":"Menàrguens","mun_name_local":null,"prov_code":"25","prov_name":"Lleida","acom_code":"09","acom_name":"Cataluña","geo_point_2d":{"lon":0.7300910845902812,"lat":41.7382574661515}},"geometry":{"type":"Polygon","coordinates":[[[0.70177,41.7253],[0.71105,41.72323],[0.72479,41.71593],[0.73474,41.70943],[0.73458,41.70815],[0.74095,41.71104],[0.74362,41.7157],[0.75443,41.71794],[0.763,41.72256],[0.76462,41.7308],[0.75358,41.7367],[0.74741,41.74578],[0.74019,41.75045],[0.73841,41.75742],[0.73375,41.76375],[0.73467,41.76747],[0.73243,41.76937],[0.73278,41.7721],[0.721,41.76992],[0.7206,41.77085],[0.71765,41.77068],[0.71208,41.76836],[0.71143,41.75873],[0.70345,41.73169],[0.70177,41.7253]]]}},{"type":"Feature","properties":{"mun_code":"25031","mun_name":"Arres","mun_name_local":null,"prov_code":"25","prov_name":"Lleida","acom_code":"09","acom_name":"Cataluña","geo_point_2d":{"lon":0.7077494142433096,"lat":42.76054867825491}},"geometry":{"type":"Polygon","coordinates":[[[0.66351,42.74978],[0.66343,42.74282],[0.66702,42.74119],[0.66719,42.73827],[0.67239,42.73712],[0.68009,42.73972],[0.68961,42.74609],[0.69969,42.74949],[0.69778,42.75283],[0.70038,42.75381],[0.70355,42.75308],[0.71106,42.74736],[0.72245,42.75555],[0.72986,42.76499],[0.73726,42.76585],[0.75186,42.77178],[0.74544,42.77702],[0.71438,42.7782],[0.71365,42.77194],[0.69447,42.77008],[0.69423,42.76551],[0.69069,42.76323],[0.69482,42.75378],[0.67665,42.74946],[0.66485,42.75016],[0.66351,42.74978]]]}},{"type":"Feature","properties":{"mun_code":"25250","mun_name":"Vilanova de Meià","mun_name_local":null,"prov_code":"25","prov_name":"Lleida","acom_code":"09","acom_name":"Cataluña","geo_point_2d":{"lon":1.0070882212045267,"lat":41.993267797671315}},"geometry":{"type":"Polygon","coordinates":[[[0.86853,42.00529],[0.86981,42.00011],[0.87339,41.99853],[0.87772,41.99885],[0.87878,41.99694],[0.88134,41.99834],[0.90931,41.99724],[0.91011,41.99596],[0.90786,41.99196],[0.90944,41.98936],[0.91606,41.98462],[0.92353,41.98338],[0.9258,41.98124],[0.92728,41.97934],[0.92611,41.97649],[0.92942,41.9732],[0.92871,41.97096],[0.94122,41.97769],[0.9437,41.9749],[0.94566,41.97504],[0.9476,41.97102],[0.95478,41.97103],[0.9705,41.98861],[0.98515,41.98598],[0.98674,41.98993],[0.99783,41.9871],[0.98792,41.97803],[1.01152,41.96754],[1.02666,41.95155],[1.03338,41.94961],[1.02937,41.94766],[1.03031,41.94317],[1.02529,41.93497],[1.03067,41.93291],[1.03681,41.93836],[1.03843,41.93449],[1.04534,41.93066],[1.06166,41.93813],[1.06462,41.94105],[1.07108,41.95442],[1.07208,41.95999],[1.0737,41.96029],[1.07337,41.96292],[1.0806,41.96766],[1.08135,41.96693],[1.08763,41.96873],[1.09263,41.97291],[1.0933,41.97591],[1.1014,41.98585],[1.1001,41.98781],[1.10204,41.99114],[1.10057,41.99376],[1.10263,41.99569],[1.09216,42.00347],[1.08741,42.00907],[1.07543,42.00589],[1.07297,42.0236],[1.06929,42.03637],[1.06092,42.03603],[1.05685,42.03458],[1.0442,42.03451],[1.03527,42.0314],[1.02826,42.03117],[1.02175,42.03399],[1.01135,42.02503],[1.01027,42.02158],[1.0064,42.02335],[0.994,42.02115],[0.9842,42.02204],[0.96569,42.02008],[0.95338,42.0212],[0.94821,42.02398],[0.94344,42.02269],[0.92212,42.02184],[0.9191,42.0146],[0.91325,42.01202],[0.90091,42.01484],[0.87839,42.02364],[0.87902,42.01823],[0.87611,42.01297],[0.87605,42.00943],[0.87084,42.00537],[0.86853,42.00529]]]}},{"type":"Feature","properties":{"mun_code":"25104","mun_name":"Granyena de Segarra","mun_name_local":null,"prov_code":"25","prov_name":"Lleida","acom_code":"09","acom_name":"Cataluña","geo_point_2d":{"lon":1.2205199847145407,"lat":41.62007072308781}},"geometry":{"type":"Polygon","coordinates":[[[1.16543,41.61028],[1.16866,41.60626],[1.17536,41.60519],[1.18505,41.60981],[1.19111,41.61041],[1.19162,41.60928],[1.19342,41.61027],[1.19505,41.60946],[1.1995,41.61232],[1.19877,41.60905],[1.20457,41.61076],[1.20573,41.60987],[1.20428,41.60852],[1.20576,41.60787],[1.20468,41.60556],[1.2117,41.60458],[1.23932,41.60949],[1.24205,41.60891],[1.24488,41.6108],[1.24711,41.61024],[1.25016,41.6148],[1.25319,41.61419],[1.25163,41.61522],[1.25431,41.61842],[1.25564,41.62509],[1.26102,41.63362],[1.26067,41.63551],[1.25771,41.63826],[1.25437,41.6369],[1.24742,41.63831],[1.24537,41.63675],[1.23938,41.63876],[1.23014,41.63478],[1.21523,41.63215],[1.20218,41.62495],[1.18202,41.61812],[1.17758,41.61804],[1.1745,41.6147],[1.16747,41.61349],[1.16543,41.61028]]]}},{"type":"Feature","properties":{"mun_code":"25209","mun_name":"Sort","mun_name_local":null,"prov_code":"25","prov_name":"Lleida","acom_code":"09","acom_name":"Cataluña","geo_point_2d":{"lon":1.0802703423705564,"lat":42.44303313173527}},"geometry":{"type":"Polygon","coordinates":[[[1.02693,42.52452],[1.0262,42.51945],[1.02251,42.51648],[1.02252,42.51465],[1.02729,42.51061],[1.02979,42.50437],[1.03132,42.504],[1.02545,42.50111],[1.02534,42.49865],[1.02308,42.49651],[1.0255,42.49166],[1.02419,42.4837],[1.01898,42.47899],[1.01759,42.47475],[1.0178,42.46528],[1.0218,42.4572],[1.01683,42.44535],[1.01679,42.43733],[1.02947,42.42504],[1.03299,42.42363],[1.03612,42.42503],[1.03865,42.42428],[1.04422,42.41685],[1.04469,42.41022],[1.06234,42.39792],[1.0687,42.39719],[1.07862,42.39286],[1.09432,42.37709],[1.1084,42.37007],[1.11399,42.37948],[1.11724,42.37966],[1.1222,42.38272],[1.12216,42.38737],[1.12706,42.39273],[1.13258,42.39339],[1.14632,42.40468],[1.15827,42.4066],[1.16745,42.4097],[1.17781,42.40942],[1.19424,42.41663],[1.20362,42.41209],[1.192,42.42046],[1.15533,42.42745],[1.14488,42.43331],[1.13333,42.43204],[1.13179,42.42736],[1.12973,42.42698],[1.12661,42.44072],[1.1313,42.44268],[1.13159,42.44423],[1.11674,42.4481],[1.11143,42.451],[1.11321,42.4549],[1.10736,42.45571],[1.10623,42.45831],[1.10419,42.45903],[1.10423,42.4623],[1.09749,42.46615],[1.08498,42.4694],[1.07887,42.47273],[1.08538,42.48379],[1.07991,42.48811],[1.07626,42.48921],[1.07513,42.49923],[1.05617,42.51804],[1.05218,42.52412],[1.05151,42.52926],[1.04478,42.53082],[1.04183,42.52876],[1.03227,42.52865],[1.02751,42.52445],[1.02693,42.52452]]]}},{"type":"Feature","properties":{"mun_code":"25105","mun_name":"Granyena de les Garrigues","mun_name_local":null,"prov_code":"25","prov_name":"Lleida","acom_code":"09","acom_name":"Cataluña","geo_point_2d":{"lon":0.653577592111517,"lat":41.434967267616656}},"geometry":{"type":"Polygon","coordinates":[[[0.62564,41.44722],[0.62394,41.44082],[0.62096,41.43724],[0.62153,41.42643],[0.62308,41.42373],[0.6254,41.42313],[0.63287,41.41627],[0.64497,41.41597],[0.66013,41.41237],[0.66573,41.41334],[0.66311,41.41641],[0.66793,41.4192],[0.67314,41.42022],[0.6906,41.42967],[0.69079,41.43281],[0.68595,41.44084],[0.6635,41.45775],[0.65911,41.45564],[0.64281,41.45483],[0.63283,41.44948],[0.62828,41.45255],[0.62604,41.44785],[0.62564,41.44722]]]}},{"type":"Feature","properties":{"mun_code":"25111","mun_name":"Guixers","mun_name_local":null,"prov_code":"25","prov_name":"Lleida","acom_code":"09","acom_name":"Cataluña","geo_point_2d":{"lon":1.6410574076306228,"lat":42.139591204636034}},"geometry":{"type":"Polygon","coordinates":[[[1.51998,42.15133],[1.51822,42.14846],[1.521,42.14729],[1.52224,42.14412],[1.53028,42.14217],[1.53301,42.13997],[1.53166,42.1339],[1.53801,42.12803],[1.55509,42.11676],[1.56447,42.122],[1.56549,42.12134],[1.57519,42.12455],[1.57759,42.12069],[1.5817,42.12258],[1.57842,42.12479],[1.58457,42.12282],[1.61285,42.11973],[1.61342,42.11856],[1.61108,42.11858],[1.61037,42.11357],[1.6195,42.11251],[1.62138,42.10811],[1.64006,42.11055],[1.64129,42.11208],[1.6445,42.11147],[1.64715,42.11403],[1.6545,42.11325],[1.65924,42.11476],[1.68156,42.11429],[1.69217,42.11292],[1.69551,42.10816],[1.69202,42.10757],[1.6914,42.10457],[1.7024,42.10294],[1.7095,42.10972],[1.7123,42.11903],[1.70906,42.12098],[1.70877,42.12287],[1.70751,42.1223],[1.69956,42.12791],[1.70052,42.13011],[1.69849,42.1346],[1.70388,42.14027],[1.70241,42.14155],[1.70486,42.14251],[1.70787,42.14995],[1.70957,42.15008],[1.7138,42.15472],[1.7206,42.15182],[1.72397,42.15262],[1.72871,42.15812],[1.73461,42.15884],[1.73825,42.16295],[1.73651,42.17033],[1.7379,42.17682],[1.73468,42.18165],[1.73658,42.18345],[1.73168,42.18403],[1.72879,42.18021],[1.7257,42.17434],[1.72798,42.17064],[1.72631,42.16651],[1.71636,42.16551],[1.7081,42.16109],[1.70651,42.16542],[1.70097,42.16961],[1.69354,42.17255],[1.69108,42.17183],[1.69199,42.17073],[1.68914,42.17032],[1.68556,42.17226],[1.68522,42.16868],[1.6827,42.16616],[1.68092,42.17062],[1.67817,42.16757],[1.66893,42.17014],[1.66957,42.163],[1.66266,42.16591],[1.65825,42.16524],[1.65227,42.16941],[1.65641,42.17023],[1.65492,42.17461],[1.65067,42.1778],[1.6456,42.17368],[1.64376,42.16386],[1.63825,42.16024],[1.63573,42.15668],[1.62929,42.14092],[1.62656,42.13837],[1.6169,42.14015],[1.61643,42.13879],[1.61459,42.13934],[1.61468,42.13817],[1.60533,42.13785],[1.60539,42.14147],[1.60029,42.14406],[1.60212,42.14577],[1.59815,42.14643],[1.59777,42.15224],[1.59354,42.15418],[1.58992,42.15138],[1.59147,42.1472],[1.59278,42.14956],[1.59642,42.14956],[1.59686,42.14688],[1.59507,42.14435],[1.59691,42.14458],[1.59612,42.14091],[1.59863,42.1365],[1.60082,42.1364],[1.60228,42.13372],[1.60567,42.13468],[1.60721,42.13257],[1.6069,42.13116],[1.60107,42.13197],[1.59772,42.131],[1.59726,42.12829],[1.59305,42.12572],[1.5774,42.12809],[1.57041,42.13103],[1.57872,42.13148],[1.57867,42.13305],[1.57531,42.13344],[1.57409,42.13639],[1.57941,42.13762],[1.57769,42.14225],[1.58711,42.14199],[1.58729,42.14523],[1.57764,42.14783],[1.57439,42.15114],[1.5699,42.15296],[1.56824,42.15711],[1.5624,42.16087],[1.55429,42.15863],[1.54507,42.15211],[1.54294,42.15299],[1.53955,42.15085],[1.53381,42.15],[1.52037,42.15117],[1.51998,42.15133]]]}},{"type":"Feature","properties":{"mun_code":"25157","mun_name":"Ossó de Sió","mun_name_local":null,"prov_code":"25","prov_name":"Lleida","acom_code":"09","acom_name":"Cataluña","geo_point_2d":{"lon":1.1471812282539595,"lat":41.74609522053672}},"geometry":{"type":"Polygon","coordinates":[[[1.10303,41.73758],[1.1093,41.73806],[1.11262,41.74019],[1.11721,41.74095],[1.12858,41.73718],[1.12614,41.73082],[1.12654,41.727],[1.12448,41.72428],[1.1256,41.72314],[1.13294,41.72296],[1.13596,41.71991],[1.13949,41.71015],[1.14943,41.71412],[1.15658,41.71247],[1.18004,41.74915],[1.17893,41.75404],[1.1664,41.75585],[1.16094,41.7581],[1.16511,41.7601],[1.17429,41.76167],[1.17266,41.76699],[1.16755,41.76893],[1.166,41.77503],[1.17577,41.7855],[1.17518,41.78718],[1.1698,41.78698],[1.15549,41.77552],[1.14291,41.77034],[1.13689,41.76193],[1.13071,41.76448],[1.11673,41.76074],[1.1107,41.74495],[1.10684,41.74347],[1.10696,41.74163],[1.10303,41.73758]]]}},{"type":"Feature","properties":{"mun_code":"25910","mun_name":"Josa i Tuixén","mun_name_local":null,"prov_code":"25","prov_name":"Lleida","acom_code":"09","acom_name":"Cataluña","geo_point_2d":{"lon":1.603176753292835,"lat":42.24603390973171}},"geometry":{"type":"Polygon","coordinates":[[[1.52712,42.2041],[1.55576,42.21055],[1.56329,42.20814],[1.56787,42.2082],[1.57936,42.20377],[1.58246,42.20475],[1.59081,42.20274],[1.59662,42.20035],[1.60183,42.20024],[1.60574,42.20165],[1.61384,42.20101],[1.61019,42.21267],[1.61729,42.22376],[1.62546,42.23249],[1.62697,42.23907],[1.63285,42.2412],[1.63336,42.24377],[1.63862,42.24741],[1.65041,42.25142],[1.65847,42.25344],[1.66108,42.25248],[1.66344,42.2544],[1.67007,42.2554],[1.68461,42.25644],[1.68541,42.26044],[1.69506,42.26384],[1.69014,42.2771],[1.68417,42.27623],[1.68259,42.27785],[1.67211,42.2802],[1.67031,42.2817],[1.66682,42.27961],[1.66125,42.28266],[1.65804,42.28238],[1.65242,42.28454],[1.65153,42.28643],[1.63992,42.28894],[1.63703,42.28779],[1.6362,42.28582],[1.62747,42.28827],[1.62386,42.28662],[1.61991,42.28722],[1.61267,42.28574],[1.60994,42.2874],[1.60207,42.28559],[1.60008,42.28678],[1.5959,42.28576],[1.59015,42.26783],[1.59402,42.26435],[1.58479,42.26114],[1.58242,42.25872],[1.57404,42.25705],[1.56667,42.25241],[1.55957,42.25206],[1.55401,42.25325],[1.54818,42.24858],[1.54786,42.24681],[1.53406,42.24326],[1.52525,42.21139],[1.52697,42.20452],[1.52712,42.2041]]]}},{"type":"Feature","properties":{"mun_code":"25185","mun_name":"Ribera d'Urgellet","mun_name_local":null,"prov_code":"25","prov_name":"Lleida","acom_code":"09","acom_name":"Cataluña","geo_point_2d":{"lon":1.3978416443188086,"lat":42.29105700650382}},"geometry":{"type":"MultiPolygon","coordinates":[[[[1.3427,42.26704],[1.34396,42.27605],[1.33955,42.27858],[1.32741,42.27842],[1.32098,42.27518],[1.30796,42.27247],[1.30077,42.27293],[1.28963,42.27629],[1.2912,42.26863],[1.29887,42.26372],[1.3033,42.26494],[1.31663,42.26253],[1.32335,42.26425],[1.33351,42.26062],[1.33859,42.26346],[1.33783,42.26663],[1.34203,42.26681],[1.3427,42.26704]]],[[[1.44041,42.34454],[1.43035,42.3364],[1.41765,42.33276],[1.41466,42.33278],[1.415,42.33512],[1.40881,42.33723],[1.40278,42.34208],[1.39941,42.34083],[1.39853,42.33897],[1.3785,42.33822],[1.35553,42.34405],[1.34683,42.34064],[1.34727,42.33444],[1.33277,42.33216],[1.32944,42.32894],[1.32789,42.32331],[1.33242,42.31025],[1.33874,42.30583],[1.33941,42.30369],[1.34097,42.30281],[1.34611,42.30769],[1.34872,42.30762],[1.35156,42.30442],[1.36,42.30165],[1.36316,42.30316],[1.36638,42.30277],[1.36168,42.29788],[1.36645,42.2943],[1.3672,42.29077],[1.36202,42.28571],[1.35686,42.27716],[1.35892,42.26653],[1.35516,42.25892],[1.34801,42.25446],[1.3478,42.2473],[1.34437,42.24578],[1.34836,42.24238],[1.35088,42.24191],[1.35613,42.23458],[1.35492,42.23294],[1.35857,42.23123],[1.36418,42.23234],[1.37035,42.23121],[1.38227,42.22837],[1.38861,42.22477],[1.39895,42.2238],[1.40798,42.22454],[1.4143,42.22919],[1.41521,42.23173],[1.40794,42.23749],[1.4078,42.2448],[1.40312,42.24734],[1.40287,42.2521],[1.40708,42.25203],[1.41559,42.25826],[1.42025,42.2581],[1.42463,42.25438],[1.42704,42.25713],[1.43226,42.25827],[1.43392,42.26179],[1.4389,42.26415],[1.45276,42.26606],[1.46392,42.27101],[1.47479,42.27178],[1.47804,42.2756],[1.47989,42.27872],[1.47923,42.28326],[1.47379,42.2885],[1.45744,42.29361],[1.45486,42.30008],[1.45685,42.30599],[1.46532,42.30891],[1.46543,42.3118],[1.46928,42.31499],[1.47158,42.31492],[1.46583,42.32306],[1.4604,42.33753],[1.4579,42.33817],[1.45171,42.34406],[1.45152,42.3485],[1.44663,42.34784],[1.44104,42.3452],[1.44041,42.34454]]]]}},{"type":"Feature","properties":{"mun_code":"25181","mun_name":"Puigverd d'Agramunt","mun_name_local":null,"prov_code":"25","prov_name":"Lleida","acom_code":"09","acom_name":"Cataluña","geo_point_2d":{"lon":1.103006452574076,"lat":41.75248031949495}},"geometry":{"type":"Polygon","coordinates":[[[1.01976,41.69593],[1.02852,41.69243],[1.0804,41.72118],[1.09383,41.73052],[1.09806,41.73197],[1.10696,41.74163],[1.10684,41.74347],[1.11055,41.74474],[1.11673,41.76074],[1.13071,41.76448],[1.13689,41.76193],[1.14291,41.77034],[1.15549,41.77552],[1.16299,41.78138],[1.15374,41.7824],[1.14017,41.78595],[1.14056,41.79211],[1.13858,41.79508],[1.13169,41.79336],[1.12208,41.78847],[1.11727,41.79128],[1.09676,41.75482],[1.09039,41.75519],[1.08662,41.74177],[1.07545,41.73186],[1.0659,41.72066],[1.01993,41.69607],[1.01976,41.69593]]]}},{"type":"Feature","properties":{"mun_code":"25017","mun_name":"Alins","mun_name_local":null,"prov_code":"25","prov_name":"Lleida","acom_code":"09","acom_name":"Cataluña","geo_point_2d":{"lon":1.3516688614756458,"lat":42.579387159361886}},"geometry":{"type":"Polygon","coordinates":[[[1.24219,42.53216],[1.2488,42.53203],[1.25808,42.52468],[1.26051,42.51634],[1.2651,42.51447],[1.28545,42.50986],[1.30939,42.50955],[1.33086,42.50508],[1.34781,42.50907],[1.35515,42.51306],[1.35362,42.51503],[1.35476,42.51777],[1.35729,42.51855],[1.37167,42.51878],[1.37565,42.51477],[1.38509,42.51454],[1.39369,42.52034],[1.39502,42.52598],[1.4089,42.52771],[1.41364,42.53535],[1.41434,42.53997],[1.41935,42.54475],[1.41895,42.54929],[1.42069,42.54987],[1.42423,42.55708],[1.44092,42.56398],[1.44495,42.56801],[1.44343,42.57192],[1.43214,42.57535],[1.42648,42.5828],[1.42767,42.58748],[1.43073,42.58793],[1.44054,42.5944],[1.44307,42.60258],[1.44266,42.60367],[1.43722,42.60342],[1.43353,42.60677],[1.42899,42.61299],[1.4306,42.61742],[1.42812,42.61862],[1.42817,42.62082],[1.42378,42.6221],[1.42043,42.62501],[1.41867,42.63116],[1.41969,42.63235],[1.41637,42.63567],[1.41577,42.63852],[1.4171,42.64191],[1.41386,42.64632],[1.41366,42.6556],[1.40959,42.65711],[1.40585,42.65676],[1.40323,42.65889],[1.40131,42.6648],[1.39688,42.66806],[1.39225,42.66897],[1.38169,42.6668],[1.37145,42.66666],[1.36734,42.6583],[1.35587,42.65687],[1.35323,42.65487],[1.35327,42.6477],[1.35043,42.64616],[1.34564,42.64753],[1.33913,42.64584],[1.33718,42.64843],[1.32635,42.64935],[1.31885,42.6485],[1.3144,42.64646],[1.30857,42.63951],[1.30108,42.63455],[1.29775,42.62664],[1.3013,42.62168],[1.30251,42.61255],[1.29425,42.60355],[1.2952,42.59401],[1.29386,42.58921],[1.29447,42.58537],[1.3007,42.57778],[1.30077,42.5747],[1.29105,42.56706],[1.28373,42.56805],[1.26894,42.56624],[1.26429,42.56086],[1.25072,42.55569],[1.24881,42.54647],[1.24543,42.5439],[1.24173,42.53308],[1.24219,42.53216]]]}},{"type":"Feature","properties":{"mun_code":"25130","mun_name":"Maldà","mun_name_local":null,"prov_code":"25","prov_name":"Lleida","acom_code":"09","acom_name":"Cataluña","geo_point_2d":{"lon":1.0237636646862387,"lat":41.53159233466722}},"geometry":{"type":"Polygon","coordinates":[[[0.97883,41.51801],[0.99724,41.51323],[1.011,41.51203],[1.02013,41.5034],[1.03141,41.50607],[1.04786,41.50494],[1.0522,41.50989],[1.06201,41.51335],[1.05884,41.51494],[1.05603,41.51901],[1.05636,41.52768],[1.06053,41.5394],[1.06397,41.54257],[1.07078,41.54358],[1.07035,41.54577],[1.06677,41.54781],[1.05856,41.5487],[1.05421,41.55532],[1.04998,41.55467],[1.03974,41.558],[1.03266,41.55487],[1.02993,41.55507],[1.02576,41.55818],[1.02295,41.555],[1.02044,41.55538],[1.01837,41.55324],[1.01119,41.55494],[0.99633,41.55112],[0.9921,41.55074],[0.98903,41.55198],[0.98662,41.55051],[0.98771,41.54641],[0.98335,41.54635],[0.9881,41.53637],[0.98134,41.5281],[0.97933,41.51934],[0.97883,41.51801]]]}},{"type":"Feature","properties":{"mun_code":"25074","mun_name":"Ciutadilla","mun_name_local":null,"prov_code":"25","prov_name":"Lleida","acom_code":"09","acom_name":"Cataluña","geo_point_2d":{"lon":1.1454095544352603,"lat":41.543030056705994}},"geometry":{"type":"Polygon","coordinates":[[[1.12474,41.56841],[1.12734,41.56309],[1.12624,41.55947],[1.13153,41.54983],[1.12685,41.53008],[1.13342,41.52057],[1.14352,41.51496],[1.15149,41.51572],[1.15663,41.51761],[1.16067,41.51463],[1.16542,41.51772],[1.16807,41.51745],[1.16374,41.52322],[1.16277,41.53141],[1.16799,41.54029],[1.15949,41.54877],[1.15984,41.55159],[1.15634,41.55535],[1.15646,41.55929],[1.15409,41.56235],[1.15337,41.57423],[1.13125,41.5711],[1.12562,41.56888],[1.12474,41.56841]]]}},{"type":"Feature","properties":{"mun_code":"25196","mun_name":"Sant Esteve de la Sarga","mun_name_local":null,"prov_code":"25","prov_name":"Lleida","acom_code":"09","acom_name":"Cataluña","geo_point_2d":{"lon":0.7676228548203513,"lat":42.07748394864557}},"geometry":{"type":"Polygon","coordinates":[[[0.68012,42.07547],[0.69265,42.05935],[0.69855,42.05881],[0.70965,42.0531],[0.72136,42.05227],[0.72449,42.05086],[0.73125,42.05128],[0.73562,42.05299],[0.74304,42.05257],[0.74576,42.04655],[0.7494,42.04443],[0.76597,42.04001],[0.77638,42.04153],[0.7909,42.04097],[0.79761,42.043],[0.80401,42.04091],[0.83138,42.0412],[0.83659,42.03985],[0.86162,42.0729],[0.8518,42.07791],[0.85039,42.08924],[0.83951,42.09722],[0.8229,42.09778],[0.82097,42.09391],[0.81284,42.09542],[0.80461,42.10072],[0.79884,42.10106],[0.7888,42.09487],[0.78284,42.10569],[0.7768,42.11076],[0.77731,42.11517],[0.77597,42.11519],[0.77416,42.1204],[0.76608,42.12164],[0.7638,42.11991],[0.75754,42.12077],[0.75497,42.11993],[0.75392,42.12098],[0.75083,42.12033],[0.74875,42.11739],[0.74016,42.11611],[0.73835,42.11347],[0.73479,42.11276],[0.73374,42.1139],[0.72428,42.10998],[0.72132,42.11091],[0.71829,42.11524],[0.71041,42.11737],[0.71011,42.12199],[0.70061,42.12845],[0.69844,42.12648],[0.70214,42.1227],[0.7026,42.11867],[0.69981,42.1121],[0.69961,42.10514],[0.69506,42.10102],[0.69569,42.09859],[0.68492,42.09195],[0.68048,42.07627],[0.68012,42.07547]]]}},{"type":"Feature","properties":{"mun_code":"25045","mun_name":"Bausen","mun_name_local":null,"prov_code":"25","prov_name":"Lleida","acom_code":"09","acom_name":"Cataluña","geo_point_2d":{"lon":0.7001601352625088,"lat":42.841537881834476}},"geometry":{"type":"Polygon","coordinates":[[[0.66741,42.826],[0.67976,42.8272],[0.6905,42.82637],[0.70726,42.82837],[0.72508,42.82497],[0.73104,42.8334],[0.73078,42.84113],[0.73595,42.84879],[0.73464,42.85425],[0.72668,42.8575],[0.72049,42.85877],[0.71633,42.8581],[0.71437,42.86011],[0.70924,42.86145],[0.69172,42.85516],[0.67796,42.85527],[0.6793,42.85051],[0.67829,42.84775],[0.66224,42.84123],[0.65908,42.83784],[0.66186,42.82919],[0.66648,42.82625],[0.66741,42.826]]]}},{"type":"Feature","properties":{"mun_code":"25071","mun_name":"Cava","mun_name_local":null,"prov_code":"25","prov_name":"Lleida","acom_code":"09","acom_name":"Cataluña","geo_point_2d":{"lon":1.6135234537854237,"lat":42.31537296674225}},"geometry":{"type":"Polygon","coordinates":[[[1.5655,42.33233],[1.56877,42.31872],[1.56833,42.31137],[1.58047,42.28655],[1.59082,42.28726],[1.59538,42.28578],[1.60008,42.28678],[1.60207,42.28559],[1.60994,42.2874],[1.61267,42.28574],[1.61991,42.28722],[1.62386,42.28662],[1.62747,42.28827],[1.6362,42.28582],[1.63703,42.28779],[1.63992,42.28894],[1.65153,42.28643],[1.65504,42.33192],[1.66079,42.33841],[1.65165,42.34983],[1.63729,42.3451],[1.63491,42.33892],[1.62687,42.3348],[1.61732,42.33614],[1.61971,42.34506],[1.61859,42.34772],[1.59258,42.34015],[1.5896,42.33657],[1.58496,42.33621],[1.57907,42.34085],[1.5748,42.33948],[1.57298,42.33547],[1.56744,42.3334],[1.5655,42.33233]]]}},{"type":"Feature","properties":{"mun_code":"25152","mun_name":"Les Oluges","mun_name_local":null,"prov_code":"25","prov_name":"Lleida","acom_code":"09","acom_name":"Cataluña","geo_point_2d":{"lon":1.3395405198716532,"lat":41.693138622429174}},"geometry":{"type":"Polygon","coordinates":[[[1.33057,41.7142],[1.32808,41.71349],[1.31496,41.70232],[1.295,41.69128],[1.2981,41.68938],[1.29745,41.68737],[1.2993,41.68599],[1.30213,41.68662],[1.3068,41.68424],[1.30837,41.68182],[1.31381,41.67944],[1.31804,41.67965],[1.31941,41.67797],[1.32648,41.67614],[1.33631,41.67099],[1.34855,41.68037],[1.36021,41.68171],[1.36164,41.67835],[1.36912,41.67911],[1.37093,41.68903],[1.37375,41.69343],[1.37997,41.69683],[1.38159,41.70479],[1.37453,41.70746],[1.36107,41.70664],[1.35185,41.70254],[1.35066,41.7077],[1.34533,41.70785],[1.33324,41.71336],[1.33319,41.71472],[1.33057,41.7142]]]}},{"type":"Feature","properties":{"mun_code":"25072","mun_name":"Cervera","mun_name_local":null,"prov_code":"25","prov_name":"Lleida","acom_code":"09","acom_name":"Cataluña","geo_point_2d":{"lon":1.2819527603364518,"lat":41.679873081307065}},"geometry":{"type":"Polygon","coordinates":[[[1.22956,41.68649],[1.2288,41.68404],[1.23824,41.68205],[1.24498,41.67864],[1.24356,41.67041],[1.24005,41.6627],[1.24079,41.66096],[1.23622,41.65927],[1.23335,41.65991],[1.23187,41.65836],[1.23488,41.65601],[1.23405,41.65225],[1.24236,41.64357],[1.24298,41.63964],[1.24047,41.63802],[1.24537,41.63675],[1.24742,41.63831],[1.25437,41.6369],[1.25771,41.63826],[1.26267,41.63194],[1.27101,41.62535],[1.28041,41.62296],[1.27778,41.62998],[1.27863,41.63684],[1.27672,41.64242],[1.28324,41.6479],[1.28376,41.65305],[1.29139,41.65453],[1.29417,41.657],[1.30121,41.65965],[1.30858,41.65538],[1.31005,41.6517],[1.31792,41.64507],[1.33252,41.66506],[1.33324,41.66683],[1.33167,41.66851],[1.33631,41.67099],[1.32648,41.67614],[1.31941,41.67797],[1.31804,41.67965],[1.31381,41.67944],[1.30837,41.68182],[1.3068,41.68424],[1.30213,41.68662],[1.2993,41.68599],[1.29734,41.68763],[1.2981,41.68938],[1.295,41.69128],[1.31496,41.70232],[1.32808,41.71349],[1.33057,41.7142],[1.33034,41.71853],[1.32281,41.72356],[1.32982,41.73731],[1.32394,41.73818],[1.32288,41.73647],[1.31811,41.73792],[1.31612,41.73371],[1.30872,41.73202],[1.291,41.72388],[1.28932,41.71906],[1.27821,41.71228],[1.27562,41.69811],[1.25762,41.7051],[1.25853,41.70818],[1.24885,41.70705],[1.23918,41.70291],[1.23915,41.69733],[1.2357,41.69215],[1.22956,41.68649]]]}},{"type":"Feature","properties":{"mun_code":"25064","mun_name":"Castellar de la Ribera","mun_name_local":null,"prov_code":"25","prov_name":"Lleida","acom_code":"09","acom_name":"Cataluña","geo_point_2d":{"lon":1.404058979320156,"lat":42.01220875869633}},"geometry":{"type":"Polygon","coordinates":[[[1.35092,41.99423],[1.35435,41.99196],[1.36162,41.98021],[1.36556,41.97685],[1.38452,41.98217],[1.38236,41.98618],[1.38499,41.98668],[1.38633,41.98953],[1.39643,41.98682],[1.40481,41.98929],[1.41303,41.9858],[1.41497,41.98083],[1.42259,41.98202],[1.42158,41.97422],[1.42649,41.96994],[1.42853,41.96537],[1.43126,41.96414],[1.43512,41.96436],[1.44139,41.96857],[1.44765,41.97545],[1.45691,41.97782],[1.47043,41.99504],[1.46552,42.00271],[1.46705,42.00961],[1.46309,42.01725],[1.4592,42.01877],[1.44787,42.01906],[1.43902,42.02551],[1.43649,42.02368],[1.43069,42.02536],[1.41911,42.03374],[1.41007,42.03243],[1.409,42.03518],[1.40546,42.03525],[1.40293,42.03892],[1.40323,42.04187],[1.39844,42.04429],[1.39911,42.04608],[1.40186,42.04671],[1.39788,42.05087],[1.39143,42.04936],[1.3868,42.04466],[1.37913,42.0449],[1.38251,42.05192],[1.38238,42.05572],[1.38536,42.05979],[1.38495,42.06319],[1.38951,42.0659],[1.38293,42.06513],[1.3846,42.07006],[1.37293,42.05554],[1.37077,42.05985],[1.37262,42.06215],[1.37016,42.0709],[1.37145,42.07588],[1.36838,42.07962],[1.36246,42.08028],[1.35999,42.07767],[1.35703,42.06807],[1.35733,42.06327],[1.3594,42.06293],[1.35803,42.06172],[1.35967,42.06093],[1.35855,42.05707],[1.36053,42.05171],[1.35695,42.04645],[1.36399,42.04328],[1.35679,42.03931],[1.3598,42.03101],[1.35847,42.02881],[1.3558,42.02898],[1.35532,42.02368],[1.35367,42.02289],[1.35801,42.01863],[1.35707,42.01099],[1.35966,42.00996],[1.35894,42.00745],[1.36278,42.00473],[1.36181,41.99994],[1.35235,41.99432],[1.35092,41.99423]]]}},{"type":"Feature","properties":{"mun_code":"25227","mun_name":"La Torre de Cabdella","mun_name_local":null,"prov_code":"25","prov_name":"Lleida","acom_code":"09","acom_name":"Cataluña","geo_point_2d":{"lon":0.9726944757690099,"lat":42.44410792999383}},"geometry":{"type":"Polygon","coordinates":[[[0.92155,42.48509],[0.92557,42.48309],[0.93186,42.47597],[0.93031,42.47289],[0.92741,42.47292],[0.92557,42.47145],[0.92094,42.46009],[0.91843,42.45862],[0.91918,42.45437],[0.9157,42.45097],[0.91888,42.4459],[0.92918,42.4417],[0.93553,42.43463],[0.93626,42.43127],[0.9275,42.41336],[0.92787,42.40757],[0.92574,42.40301],[0.91606,42.39541],[0.9155,42.39277],[0.92581,42.38516],[0.92177,42.38338],[0.92622,42.38178],[0.93026,42.38207],[0.92613,42.381],[0.93123,42.37014],[0.92526,42.37183],[0.92658,42.36391],[0.92517,42.35359],[0.93088,42.34656],[0.92779,42.34585],[0.93072,42.34176],[0.93528,42.34001],[0.936,42.33526],[0.94993,42.32623],[0.95488,42.32562],[0.95233,42.32784],[0.95378,42.32918],[0.95368,42.33354],[0.95761,42.33893],[0.96666,42.33994],[0.97672,42.33846],[0.98184,42.34476],[0.99186,42.34771],[0.99491,42.35575],[0.99414,42.36248],[0.998,42.36378],[0.99813,42.37319],[1.00136,42.37915],[1.00549,42.38213],[1.00567,42.38967],[1.01116,42.39348],[1.01558,42.39389],[1.01985,42.39729],[1.02634,42.40698],[1.02569,42.41183],[1.04367,42.41763],[1.0378,42.42502],[1.03299,42.42363],[1.02836,42.42588],[1.01651,42.43818],[1.01778,42.44194],[1.01683,42.44535],[1.0218,42.4572],[1.0178,42.46528],[1.01759,42.47475],[1.01898,42.47899],[1.02419,42.4837],[1.0255,42.49166],[1.02308,42.49651],[1.02534,42.49865],[1.02545,42.50111],[1.03132,42.504],[1.02979,42.50437],[1.02729,42.51061],[1.02252,42.51465],[1.02251,42.51648],[1.0262,42.51945],[1.02693,42.52452],[1.02181,42.52645],[1.01861,42.53533],[1.01192,42.53936],[0.99948,42.53711],[0.99211,42.54605],[0.99018,42.55253],[0.98723,42.55393],[0.98151,42.55271],[0.97926,42.55507],[0.97273,42.55175],[0.96854,42.55109],[0.96613,42.54976],[0.96473,42.54652],[0.96168,42.5454],[0.96023,42.54123],[0.95371,42.53855],[0.95803,42.53233],[0.95704,42.52963],[0.95273,42.52867],[0.95308,42.52657],[0.95116,42.52519],[0.94375,42.52417],[0.94256,42.52235],[0.94415,42.5181],[0.937,42.51792],[0.92959,42.5153],[0.92833,42.51157],[0.92425,42.51038],[0.92265,42.50542],[0.91859,42.50307],[0.92096,42.50022],[0.91984,42.49643],[0.92464,42.49245],[0.92165,42.486],[0.92155,42.48509]]]}},{"type":"Feature","properties":{"mun_code":"25070","mun_name":"Castellserà","mun_name_local":null,"prov_code":"25","prov_name":"Lleida","acom_code":"09","acom_name":"Cataluña","geo_point_2d":{"lon":0.9900226397179405,"lat":41.750747301556686}},"geometry":{"type":"MultiPolygon","coordinates":[[[[0.98757,41.77432],[0.9708,41.75464],[0.95396,41.74302],[0.95751,41.73917],[0.96045,41.73237],[0.96743,41.73489],[0.977,41.7311],[0.98434,41.7317],[0.99407,41.73722],[1.02291,41.74832],[1.03383,41.75467],[1.03723,41.75425],[1.0375,41.75634],[1.02041,41.75953],[1.01682,41.75903],[1.00453,41.7631],[0.99892,41.75639],[0.99598,41.75814],[1.00513,41.77085],[0.98615,41.77154],[0.98757,41.77432]]],[[[0.97914,41.77549],[0.97662,41.77572],[0.97415,41.76681],[0.96734,41.75599],[0.95385,41.74797],[0.95265,41.74701],[0.95378,41.74521],[0.97208,41.75858],[0.97542,41.76338],[0.97839,41.77352],[0.97914,41.77549]]]]}},{"type":"Feature","properties":{"mun_code":"25046","mun_name":"Belianes","mun_name_local":null,"prov_code":"25","prov_name":"Lleida","acom_code":"09","acom_name":"Cataluña","geo_point_2d":{"lon":0.9927352533112744,"lat":41.57021773636683}},"geometry":{"type":"Polygon","coordinates":[[[0.9644,41.57936],[0.96862,41.57777],[0.96113,41.56809],[0.96911,41.56506],[0.97228,41.5587],[0.97951,41.55661],[0.97946,41.5551],[0.98669,41.55006],[0.98903,41.55198],[0.9921,41.55074],[0.99633,41.55112],[1.01119,41.55494],[1.01837,41.55324],[1.02044,41.55538],[1.02295,41.555],[1.02576,41.55818],[1.02282,41.56116],[1.01839,41.57117],[1.01119,41.57482],[1.01148,41.57891],[1.00834,41.57876],[1.0068,41.58341],[1.001,41.58545],[1.00279,41.5875],[0.99845,41.58925],[1.00399,41.59849],[1.00013,41.59925],[0.99561,41.5904],[0.98859,41.59272],[0.98073,41.58428],[0.97638,41.58364],[0.97604,41.5876],[0.97347,41.58885],[0.96503,41.58009],[0.9644,41.57936]]]}},{"type":"Feature","properties":{"mun_code":"25093","mun_name":"Fondarella","mun_name_local":null,"prov_code":"25","prov_name":"Lleida","acom_code":"09","acom_name":"Cataluña","geo_point_2d":{"lon":0.8668456459818968,"lat":41.629095452352686}},"geometry":{"type":"Polygon","coordinates":[[[0.85071,41.61291],[0.85155,41.61127],[0.88309,41.62888],[0.88528,41.64002],[0.88006,41.64062],[0.85424,41.63754],[0.85234,41.61555],[0.85071,41.61291]]]}},{"type":"Feature","properties":{"mun_code":"25077","mun_name":"Coll de Nargó","mun_name_local":null,"prov_code":"25","prov_name":"Lleida","acom_code":"09","acom_name":"Cataluña","geo_point_2d":{"lon":1.2417763309021317,"lat":42.157493471290415}},"geometry":{"type":"Polygon","coordinates":[[[1.15574,42.13562],[1.15742,42.12292],[1.16606,42.12305],[1.16772,42.11932],[1.16212,42.10492],[1.16241,42.10324],[1.16411,42.10332],[1.16442,42.09604],[1.16779,42.08852],[1.16674,42.08234],[1.1698,42.08249],[1.17207,42.08445],[1.17705,42.08357],[1.1795,42.08539],[1.18092,42.08475],[1.18159,42.0869],[1.1841,42.08697],[1.18242,42.08827],[1.18383,42.08967],[1.18574,42.08571],[1.20004,42.09],[1.21126,42.09099],[1.21545,42.09645],[1.2217,42.09837],[1.22456,42.10182],[1.23783,42.10469],[1.24014,42.10718],[1.24164,42.1164],[1.24461,42.11628],[1.25141,42.11926],[1.25991,42.11677],[1.2716,42.12026],[1.27611,42.11966],[1.27998,42.12567],[1.29862,42.12396],[1.30067,42.12743],[1.31502,42.12962],[1.32307,42.13362],[1.32817,42.14084],[1.33631,42.14346],[1.34339,42.14779],[1.35397,42.15884],[1.34545,42.1724],[1.34847,42.17889],[1.34935,42.18971],[1.3378,42.18793],[1.33354,42.18391],[1.33052,42.18353],[1.33132,42.18693],[1.3274,42.18837],[1.32151,42.18926],[1.31885,42.18639],[1.30496,42.18925],[1.29477,42.19321],[1.30179,42.20709],[1.29158,42.20721],[1.29017,42.20939],[1.29139,42.21094],[1.27271,42.21419],[1.25767,42.21468],[1.24029,42.21037],[1.23276,42.21064],[1.22575,42.20855],[1.21358,42.20724],[1.198,42.21315],[1.18104,42.21582],[1.17984,42.2178],[1.17676,42.2187],[1.16547,42.21947],[1.16772,42.20263],[1.16247,42.19666],[1.16112,42.19019],[1.17377,42.18315],[1.17924,42.18147],[1.18265,42.18183],[1.18603,42.17533],[1.18632,42.17099],[1.18206,42.16801],[1.1824,42.16224],[1.17624,42.15821],[1.17362,42.15346],[1.16798,42.15398],[1.16652,42.15255],[1.16075,42.1517],[1.1615,42.14144],[1.15592,42.13622],[1.15574,42.13562]]]}},{"type":"Feature","properties":{"mun_code":"25075","mun_name":"Clariana de Cardener","mun_name_local":null,"prov_code":"25","prov_name":"Lleida","acom_code":"09","acom_name":"Cataluña","geo_point_2d":{"lon":1.5990464951518897,"lat":41.947237486438276}},"geometry":{"type":"Polygon","coordinates":[[[1.55013,41.96533],[1.54797,41.96295],[1.54743,41.9535],[1.54919,41.95214],[1.548,41.95121],[1.55431,41.94661],[1.55356,41.94492],[1.55682,41.94474],[1.55932,41.94213],[1.56276,41.94322],[1.56069,41.94524],[1.57202,41.94491],[1.57964,41.94361],[1.58041,41.94111],[1.58456,41.94174],[1.5849,41.93909],[1.58948,41.94049],[1.59095,41.93762],[1.59351,41.9509],[1.59779,41.9532],[1.59628,41.95598],[1.59933,41.95862],[1.60597,41.9579],[1.60731,41.95544],[1.60541,41.95381],[1.61176,41.95027],[1.60901,41.93941],[1.60128,41.93252],[1.60165,41.9303],[1.59712,41.92735],[1.59862,41.92042],[1.58521,41.90919],[1.57986,41.90064],[1.58306,41.90021],[1.58304,41.8882],[1.58595,41.88828],[1.59511,41.89663],[1.59991,41.90426],[1.6047,41.90137],[1.61553,41.90587],[1.61896,41.91229],[1.62265,41.91353],[1.62202,41.91512],[1.62659,41.91829],[1.63243,41.92053],[1.63753,41.92678],[1.64167,41.92712],[1.64254,41.92891],[1.65088,41.9264],[1.65269,41.92867],[1.64241,41.94053],[1.64457,41.94385],[1.65005,41.94492],[1.64851,41.94967],[1.64674,41.94937],[1.62732,41.96055],[1.62449,41.96416],[1.61643,41.96239],[1.61263,41.9638],[1.61314,41.96616],[1.61037,41.96692],[1.61051,41.96976],[1.60524,41.98119],[1.60567,41.98421],[1.60234,41.98594],[1.60204,41.99032],[1.59816,41.99174],[1.57925,41.98724],[1.57182,41.98905],[1.56884,41.98522],[1.56142,41.98067],[1.56408,41.97502],[1.56438,41.96991],[1.5603,41.96977],[1.55133,41.96576],[1.55013,41.96533]]]}},{"type":"Feature","properties":{"mun_code":"25140","mun_name":"Montferrer i Castellbò","mun_name_local":null,"prov_code":"25","prov_name":"Lleida","acom_code":"09","acom_name":"Cataluña","geo_point_2d":{"lon":1.3288029957256127,"lat":42.38522697582941}},"geometry":{"type":"MultiPolygon","coordinates":[[[[1.33726,42.30685],[1.33274,42.30978],[1.33009,42.31619],[1.32182,42.30803],[1.32492,42.30364],[1.33278,42.30488],[1.33646,42.30687],[1.33726,42.30685]]],[[[1.25233,42.4415],[1.25993,42.42013],[1.24726,42.41818],[1.24422,42.41548],[1.24584,42.41007],[1.24488,42.38434],[1.23663,42.37455],[1.23539,42.36962],[1.23821,42.36435],[1.23064,42.35962],[1.22961,42.35654],[1.23217,42.35065],[1.23203,42.34549],[1.2403,42.33347],[1.2397,42.32819],[1.24256,42.32722],[1.24901,42.32112],[1.24813,42.31922],[1.26301,42.32412],[1.26152,42.33728],[1.25914,42.34093],[1.26536,42.34332],[1.2735,42.33661],[1.28365,42.33181],[1.28982,42.33392],[1.29102,42.33816],[1.29368,42.34054],[1.29677,42.34006],[1.29668,42.33792],[1.29965,42.33547],[1.31476,42.33277],[1.31918,42.32835],[1.32823,42.32453],[1.32944,42.32894],[1.33277,42.33216],[1.34727,42.33444],[1.34683,42.34064],[1.35553,42.34405],[1.3785,42.33822],[1.39853,42.33897],[1.39941,42.34083],[1.40278,42.34208],[1.40881,42.33723],[1.415,42.33512],[1.41466,42.33278],[1.42913,42.33577],[1.43895,42.34298],[1.44041,42.34454],[1.43828,42.34717],[1.42672,42.35372],[1.42808,42.35885],[1.43603,42.36515],[1.43709,42.37763],[1.43865,42.38205],[1.44163,42.38436],[1.43114,42.39216],[1.42847,42.40583],[1.41292,42.40529],[1.40982,42.40387],[1.41025,42.40218],[1.40459,42.40533],[1.40306,42.4091],[1.40109,42.40997],[1.39393,42.40889],[1.39105,42.41167],[1.37879,42.41069],[1.37732,42.41912],[1.38021,42.42233],[1.3746,42.42865],[1.37494,42.43223],[1.37172,42.43599],[1.3576,42.44614],[1.35559,42.45133],[1.34859,42.45399],[1.34363,42.45801],[1.33912,42.45912],[1.34124,42.4668],[1.32787,42.45452],[1.32577,42.44946],[1.32122,42.44479],[1.31744,42.44481],[1.31152,42.44992],[1.3087,42.45011],[1.30266,42.44845],[1.29212,42.44882],[1.28463,42.44677],[1.28187,42.44358],[1.27228,42.44348],[1.27084,42.44207],[1.26661,42.44555],[1.26615,42.44765],[1.25919,42.44939],[1.25607,42.45202],[1.25352,42.44731],[1.25421,42.4443],[1.25218,42.44199],[1.25233,42.4415]]]]}},{"type":"Feature","properties":{"mun_code":"25004","mun_name":"Els Alamús","mun_name_local":null,"prov_code":"25","prov_name":"Lleida","acom_code":"09","acom_name":"Cataluña","geo_point_2d":{"lon":0.7586862725760197,"lat":41.60493217021368}},"geometry":{"type":"MultiPolygon","coordinates":[[[[0.81675,41.61456],[0.78272,41.6093],[0.78023,41.60338],[0.77334,41.59685],[0.76714,41.58732],[0.77075,41.58706],[0.77924,41.57984],[0.79621,41.58915],[0.80384,41.59015],[0.80725,41.60196],[0.81616,41.61423],[0.81675,41.61456]]],[[[0.76139,41.58781],[0.75954,41.59127],[0.76009,41.5975],[0.75776,41.59925],[0.75463,41.60838],[0.75584,41.61495],[0.75293,41.61566],[0.74872,41.62919],[0.73692,41.63217],[0.73204,41.63159],[0.72943,41.63353],[0.71979,41.62589],[0.7194,41.62346],[0.7196,41.6172],[0.72515,41.60285],[0.72471,41.59528],[0.73452,41.58809],[0.74247,41.58503],[0.745,41.58876],[0.76125,41.58777],[0.76139,41.58781]]]]}},{"type":"Feature","properties":{"mun_code":"25145","mun_name":"Nalec","mun_name_local":null,"prov_code":"25","prov_name":"Lleida","acom_code":"09","acom_name":"Cataluña","geo_point_2d":{"lon":1.1175106906687975,"lat":41.54685580913546}},"geometry":{"type":"Polygon","coordinates":[[[1.10055,41.57173],[1.09959,41.57006],[1.10197,41.56789],[1.10089,41.56058],[1.09705,41.55864],[1.09763,41.55758],[1.10379,41.55818],[1.10892,41.5508],[1.11185,41.53467],[1.10932,41.53297],[1.11067,41.53136],[1.1081,41.5283],[1.10954,41.52777],[1.11023,41.52371],[1.12516,41.51915],[1.13413,41.52007],[1.12685,41.53008],[1.13153,41.54983],[1.12624,41.55947],[1.12734,41.56309],[1.12548,41.56818],[1.11396,41.56864],[1.10108,41.57157],[1.10055,41.57173]]]}},{"type":"Feature","properties":{"mun_code":"25158","mun_name":"El Palau d'Anglesola","mun_name_local":null,"prov_code":"25","prov_name":"Lleida","acom_code":"09","acom_name":"Cataluña","geo_point_2d":{"lon":0.8622908689471362,"lat":41.64965134632492}},"geometry":{"type":"Polygon","coordinates":[[[0.81904,41.63577],[0.86058,41.63792],[0.88006,41.64062],[0.88406,41.64063],[0.88535,41.63872],[0.88582,41.64129],[0.89358,41.64219],[0.89413,41.64966],[0.88892,41.65383],[0.885,41.66023],[0.87666,41.66731],[0.86563,41.67132],[0.86311,41.6663],[0.86064,41.66677],[0.85618,41.65929],[0.84993,41.65462],[0.82225,41.64148],[0.81904,41.63577]]]}},{"type":"Feature","properties":{"mun_code":"25248","mun_name":"Vilanova de Bellpuig","mun_name_local":null,"prov_code":"25","prov_name":"Lleida","acom_code":"09","acom_name":"Cataluña","geo_point_2d":{"lon":0.9551622207766196,"lat":41.60168932142699}},"geometry":{"type":"Polygon","coordinates":[[[0.92282,41.58784],[0.93868,41.58399],[0.9526,41.58424],[0.9644,41.57936],[0.97581,41.59154],[0.97422,41.59695],[0.97822,41.5995],[0.97251,41.60673],[0.97696,41.6123],[0.96982,41.61488],[0.97376,41.62004],[0.96704,41.62205],[0.96923,41.62952],[0.96067,41.6296],[0.95298,41.62601],[0.9509,41.62018],[0.93689,41.60009],[0.9286,41.60073],[0.92978,41.59619],[0.92454,41.58934],[0.92282,41.58784]]]}},{"type":"Feature","properties":{"mun_code":"25124","mun_name":"Lladurs","mun_name_local":null,"prov_code":"25","prov_name":"Lleida","acom_code":"09","acom_name":"Cataluña","geo_point_2d":{"lon":1.4766834856624365,"lat":42.062924225948784}},"geometry":{"type":"Polygon","coordinates":[[[1.36838,42.07962],[1.37145,42.07588],[1.37016,42.0709],[1.37262,42.06215],[1.37077,42.05985],[1.37293,42.05554],[1.3846,42.07006],[1.38293,42.06513],[1.38951,42.0659],[1.38495,42.06319],[1.38536,42.05979],[1.38238,42.05572],[1.38251,42.05192],[1.37913,42.0449],[1.3868,42.04466],[1.39143,42.04936],[1.39788,42.05087],[1.40186,42.04671],[1.39911,42.04608],[1.39844,42.04429],[1.40323,42.04187],[1.40293,42.03892],[1.40546,42.03525],[1.409,42.03518],[1.41007,42.03243],[1.41911,42.03374],[1.43069,42.02536],[1.43649,42.02368],[1.43902,42.02551],[1.44787,42.01906],[1.4592,42.01877],[1.49221,42.00942],[1.49898,42.01228],[1.49918,42.01452],[1.50089,42.01135],[1.50192,42.01435],[1.49995,42.01595],[1.50257,42.01728],[1.511,42.0157],[1.51196,42.01439],[1.52065,42.01705],[1.52787,42.02138],[1.52741,42.02661],[1.52898,42.02536],[1.53507,42.02842],[1.54211,42.03491],[1.55135,42.03396],[1.55703,42.0371],[1.56433,42.03689],[1.56292,42.04005],[1.56617,42.04463],[1.56437,42.04712],[1.56479,42.04959],[1.57147,42.06855],[1.5714,42.07764],[1.56675,42.08088],[1.56825,42.08582],[1.56547,42.08919],[1.56842,42.08985],[1.56859,42.09316],[1.57061,42.09421],[1.57492,42.09264],[1.58123,42.10195],[1.57757,42.10398],[1.56799,42.10475],[1.56229,42.10896],[1.56326,42.10517],[1.55499,42.1073],[1.55327,42.10344],[1.54921,42.10415],[1.55295,42.1096],[1.54547,42.10719],[1.54629,42.10527],[1.54332,42.10392],[1.53972,42.09939],[1.5329,42.0979],[1.52633,42.10074],[1.52285,42.10886],[1.51911,42.10651],[1.51311,42.10621],[1.51237,42.10054],[1.50916,42.09545],[1.49756,42.09586],[1.4885,42.09832],[1.48308,42.09824],[1.47929,42.09657],[1.47567,42.08868],[1.4684,42.08403],[1.45981,42.08558],[1.45724,42.08814],[1.44731,42.09097],[1.44502,42.09298],[1.44074,42.0909],[1.43795,42.08697],[1.43451,42.09177],[1.42953,42.09504],[1.42725,42.10112],[1.4278,42.10503],[1.41909,42.10919],[1.40862,42.10922],[1.40498,42.11166],[1.40168,42.10904],[1.39933,42.10976],[1.3937,42.1062],[1.38754,42.10687],[1.38891,42.10428],[1.3884,42.09733],[1.38013,42.09116],[1.37767,42.08324],[1.37459,42.08084],[1.36889,42.07959],[1.36838,42.07962]]]}},{"type":"Feature","properties":{"mun_code":"25252","mun_name":"Vila-sana","mun_name_local":null,"prov_code":"25","prov_name":"Lleida","acom_code":"09","acom_name":"Cataluña","geo_point_2d":{"lon":0.9214078021705578,"lat":41.66219372631094}},"geometry":{"type":"Polygon","coordinates":[[[0.87831,41.66484],[0.885,41.66023],[0.88892,41.65383],[0.89413,41.64966],[0.89358,41.64219],[0.92399,41.64526],[0.94383,41.6399],[0.94414,41.65237],[0.94901,41.66071],[0.95099,41.67437],[0.9468,41.67448],[0.94382,41.68826],[0.92764,41.68318],[0.91691,41.68315],[0.91004,41.6795],[0.90814,41.66746],[0.8945,41.66822],[0.87871,41.66466],[0.87831,41.66484]]]}},{"type":"Feature","properties":{"mun_code":"25022","mun_name":"Alòs de Balaguer","mun_name_local":null,"prov_code":"25","prov_name":"Lleida","acom_code":"09","acom_name":"Cataluña","geo_point_2d":{"lon":0.9448384034960801,"lat":41.922546331116436}},"geometry":{"type":"Polygon","coordinates":[[[0.92871,41.97096],[0.91756,41.96653],[0.91778,41.96389],[0.91545,41.96286],[0.91255,41.96185],[0.91095,41.96373],[0.90878,41.96384],[0.90613,41.96044],[0.89997,41.9473],[0.90227,41.93285],[0.89552,41.92141],[0.89556,41.91503],[0.89024,41.90573],[0.89668,41.90846],[0.89934,41.89971],[0.92041,41.88855],[0.92599,41.88825],[0.93051,41.88543],[0.93349,41.88204],[0.93649,41.87275],[0.94087,41.87186],[0.9492,41.87379],[0.95283,41.86999],[0.95527,41.87147],[0.95779,41.86754],[0.96238,41.86942],[0.96837,41.86929],[0.98457,41.87272],[0.9857,41.87367],[0.98171,41.8791],[0.97535,41.88408],[0.97861,41.88683],[0.97689,41.88965],[0.98077,41.89502],[0.98023,41.90208],[0.98599,41.90808],[0.99081,41.90997],[0.9997,41.90676],[0.98902,41.91503],[0.98769,41.91952],[0.99396,41.93248],[0.9915,41.94655],[0.9857,41.95172],[0.9756,41.95249],[0.97389,41.95503],[0.9709,41.95602],[0.96933,41.96025],[0.96535,41.96346],[0.95914,41.96576],[0.95478,41.97103],[0.9476,41.97102],[0.94566,41.97504],[0.9437,41.9749],[0.94122,41.97769],[0.92871,41.97096]]]}},{"type":"Feature","properties":{"mun_code":"25193","mun_name":"Sant Llorenç de Morunys","mun_name_local":null,"prov_code":"25","prov_name":"Lleida","acom_code":"09","acom_name":"Cataluña","geo_point_2d":{"lon":1.5874553136941412,"lat":42.13239039012397}},"geometry":{"type":"MultiPolygon","coordinates":[[[[1.5817,42.12258],[1.57759,42.12069],[1.57519,42.12455],[1.57388,42.12374],[1.57473,42.11701],[1.58061,42.11269],[1.58701,42.11199],[1.58847,42.11317],[1.58344,42.11642],[1.5857,42.11982],[1.582,42.12245],[1.5817,42.12258]]],[[[1.59056,42.14752],[1.58629,42.14576],[1.58711,42.14199],[1.57769,42.14225],[1.57941,42.13762],[1.57409,42.13639],[1.57531,42.13344],[1.57867,42.13305],[1.57872,42.13148],[1.57063,42.13143],[1.57226,42.12968],[1.58532,42.12631],[1.59305,42.12572],[1.59726,42.12829],[1.59772,42.131],[1.60107,42.13197],[1.6069,42.13116],[1.60586,42.13457],[1.60228,42.13372],[1.60274,42.13469],[1.59863,42.1365],[1.5969,42.13925],[1.59691,42.14458],[1.59507,42.14435],[1.59686,42.14688],[1.59642,42.14956],[1.59278,42.14956],[1.59147,42.1472],[1.59056,42.14752]]]]}},{"type":"Feature","properties":{"mun_code":"25127","mun_name":"Lles de Cerdanya","mun_name_local":null,"prov_code":"25","prov_name":"Lleida","acom_code":"09","acom_name":"Cataluña","geo_point_2d":{"lon":1.6675272331992823,"lat":42.43485640507351}},"geometry":{"type":"Polygon","coordinates":[[[1.58083,42.44998],[1.59162,42.44653],[1.59591,42.44377],[1.59675,42.4379],[1.60243,42.42906],[1.60079,42.4246],[1.60739,42.41837],[1.61961,42.41336],[1.62465,42.40636],[1.63699,42.40401],[1.64731,42.3972],[1.64654,42.39219],[1.65448,42.38516],[1.65706,42.37851],[1.65724,42.37596],[1.6547,42.37448],[1.65506,42.3724],[1.6523,42.36995],[1.65365,42.36528],[1.65509,42.3649],[1.65514,42.36644],[1.65753,42.36677],[1.66015,42.36259],[1.66318,42.36457],[1.66864,42.36152],[1.67481,42.36593],[1.6791,42.36586],[1.68456,42.35829],[1.69427,42.3618],[1.69661,42.37002],[1.70095,42.37481],[1.7003,42.37715],[1.70601,42.38525],[1.70596,42.3921],[1.70053,42.40054],[1.70112,42.40804],[1.70302,42.40826],[1.7041,42.40435],[1.70916,42.40034],[1.70922,42.40288],[1.71935,42.40786],[1.72099,42.42216],[1.72392,42.43175],[1.71666,42.43412],[1.7173,42.43707],[1.71072,42.44683],[1.70857,42.45647],[1.7116,42.46133],[1.71493,42.4618],[1.71835,42.4678],[1.72667,42.47054],[1.72586,42.47186],[1.72974,42.47652],[1.72962,42.47922],[1.72427,42.48658],[1.7307,42.49251],[1.72562,42.50437],[1.71137,42.49226],[1.70361,42.4898],[1.69032,42.49495],[1.67948,42.49468],[1.66998,42.50419],[1.66564,42.49613],[1.66199,42.4931],[1.66288,42.4798],[1.65998,42.47861],[1.66251,42.47445],[1.65702,42.46822],[1.65086,42.46691],[1.6467,42.46863],[1.64017,42.46641],[1.63623,42.46807],[1.63211,42.46599],[1.63145,42.463],[1.62204,42.46575],[1.60694,42.46436],[1.60025,42.46678],[1.59737,42.46632],[1.58986,42.46389],[1.58569,42.46041],[1.58123,42.4508],[1.58083,42.44998]]]}},{"type":"Feature","properties":{"mun_code":"25037","mun_name":"Les Avellanes i Santa Linya","mun_name_local":null,"prov_code":"25","prov_name":"Lleida","acom_code":"09","acom_name":"Cataluña","geo_point_2d":{"lon":0.7844785103999522,"lat":41.91898470850811}},"geometry":{"type":"Polygon","coordinates":[[[0.68441,41.93797],[0.68252,41.93025],[0.67303,41.92212],[0.70241,41.9089],[0.7106,41.89842],[0.72015,41.89654],[0.72064,41.89802],[0.73222,41.89721],[0.73596,41.8996],[0.73758,41.8993],[0.73946,41.89543],[0.74374,41.8961],[0.74896,41.89486],[0.75501,41.88859],[0.75963,41.88956],[0.76009,41.88804],[0.76569,41.88724],[0.76448,41.88287],[0.76756,41.87399],[0.7606,41.86654],[0.76399,41.86166],[0.76157,41.8605],[0.7619,41.85921],[0.76549,41.85904],[0.7688,41.85639],[0.76891,41.85167],[0.78263,41.85469],[0.78393,41.86678],[0.79616,41.86928],[0.79345,41.87658],[0.79942,41.87452],[0.8017,41.87757],[0.82,41.88162],[0.82079,41.88438],[0.81891,41.88867],[0.8252,41.89389],[0.84356,41.89747],[0.85132,41.89672],[0.85655,41.89443],[0.86541,41.89472],[0.86868,41.89681],[0.87122,41.89583],[0.87865,41.903],[0.88042,41.90953],[0.87238,41.90957],[0.8577,41.90733],[0.8529,41.9092],[0.85512,41.9138],[0.86326,41.9195],[0.86239,41.92162],[0.85837,41.92257],[0.85856,41.926],[0.85518,41.93021],[0.85707,41.94101],[0.84822,41.94257],[0.8486,41.95136],[0.84524,41.95407],[0.84242,41.96565],[0.83921,41.96667],[0.83968,41.98084],[0.83168,41.97612],[0.82991,41.97313],[0.81529,41.96809],[0.80542,41.96285],[0.80014,41.96183],[0.79512,41.9586],[0.78309,41.9592],[0.76934,41.95544],[0.75636,41.94283],[0.74552,41.93761],[0.74643,41.93313],[0.74358,41.93003],[0.73543,41.93055],[0.73432,41.92952],[0.72554,41.93917],[0.71874,41.94008],[0.71692,41.94318],[0.71305,41.94519],[0.70658,41.94524],[0.68469,41.93835],[0.68441,41.93797]]]}},{"type":"Feature","properties":{"mun_code":"25121","mun_name":"Les","mun_name_local":null,"prov_code":"25","prov_name":"Lleida","acom_code":"09","acom_name":"Cataluña","geo_point_2d":{"lon":0.7131357772376099,"lat":42.80955928052909}},"geometry":{"type":"Polygon","coordinates":[[[0.66741,42.826],[0.66995,42.82431],[0.67041,42.82163],[0.66691,42.8189],[0.66492,42.8137],[0.67079,42.80601],[0.66966,42.80198],[0.68454,42.79927],[0.69384,42.80117],[0.69546,42.80269],[0.70233,42.79931],[0.70064,42.79667],[0.71085,42.79339],[0.737,42.79323],[0.74074,42.7875],[0.74936,42.78524],[0.75744,42.78491],[0.76819,42.78813],[0.76383,42.79033],[0.75922,42.7962],[0.75183,42.79602],[0.75151,42.79973],[0.74773,42.80017],[0.74735,42.81067],[0.73947,42.82621],[0.72803,42.82826],[0.72508,42.82497],[0.70726,42.82837],[0.6905,42.82637],[0.67348,42.82691],[0.66741,42.826]]]}},{"type":"Feature","properties":{"mun_code":"25135","mun_name":"Miralcamp","mun_name_local":null,"prov_code":"25","prov_name":"Lleida","acom_code":"09","acom_name":"Cataluña","geo_point_2d":{"lon":0.8952046561055508,"lat":41.59835860797891}},"geometry":{"type":"Polygon","coordinates":[[[0.8623,41.60674],[0.86986,41.59839],[0.87287,41.598],[0.87243,41.5927],[0.88215,41.58526],[0.88198,41.58165],[0.88885,41.57436],[0.89917,41.58117],[0.9177,41.58919],[0.92282,41.58784],[0.92978,41.59619],[0.92748,41.60247],[0.92022,41.6063],[0.91325,41.6063],[0.90852,41.60837],[0.90501,41.61194],[0.89929,41.61305],[0.8961,41.61699],[0.88688,41.61727],[0.88426,41.61605],[0.8818,41.61724],[0.86323,41.60743],[0.8623,41.60674]]]}},{"type":"Feature","properties":{"mun_code":"25019","mun_name":"Almacelles","mun_name_local":null,"prov_code":"25","prov_name":"Lleida","acom_code":"09","acom_name":"Cataluña","geo_point_2d":{"lon":0.4577048287685107,"lat":41.73131745007302}},"geometry":{"type":"Polygon","coordinates":[[[0.39524,41.73182],[0.42764,41.71979],[0.45863,41.70323],[0.49338,41.6947],[0.5029,41.6944],[0.50887,41.70135],[0.51809,41.71798],[0.51686,41.72645],[0.50598,41.72378],[0.49326,41.74583],[0.48715,41.74581],[0.48192,41.74819],[0.47865,41.75423],[0.46448,41.76331],[0.44802,41.76467],[0.43828,41.76132],[0.40801,41.75924],[0.40061,41.75669],[0.39868,41.75781],[0.39942,41.75163],[0.39493,41.73793],[0.39529,41.7336],[0.39524,41.73182]]]}},{"type":"Feature","properties":{"mun_code":"25249","mun_name":"Vilanova de l'Aguda","mun_name_local":null,"prov_code":"25","prov_name":"Lleida","acom_code":"09","acom_name":"Cataluña","geo_point_2d":{"lon":1.2620343676003885,"lat":41.89852729998832}},"geometry":{"type":"Polygon","coordinates":[[[1.20247,41.81508],[1.21174,41.81136],[1.22523,41.81994],[1.22727,41.82529],[1.2335,41.83016],[1.23733,41.83532],[1.23688,41.84028],[1.23995,41.84499],[1.24263,41.84553],[1.24331,41.84773],[1.25735,41.85767],[1.25903,41.85637],[1.25814,41.85869],[1.26008,41.86053],[1.26574,41.86189],[1.28242,41.87571],[1.28346,41.88206],[1.28943,41.88687],[1.29032,41.89419],[1.29252,41.89791],[1.29075,41.90929],[1.29738,41.91773],[1.29542,41.92175],[1.30071,41.92556],[1.31108,41.93913],[1.31381,41.94722],[1.31038,41.95164],[1.30385,41.95387],[1.29419,41.95496],[1.29157,41.95884],[1.28865,41.95674],[1.28618,41.9586],[1.26139,41.94316],[1.2514,41.93921],[1.24491,41.93941],[1.24212,41.93754],[1.24007,41.93253],[1.24395,41.93136],[1.24017,41.91684],[1.23196,41.90508],[1.2338,41.8901],[1.2379,41.88466],[1.23465,41.88351],[1.23598,41.88105],[1.2339,41.87838],[1.23383,41.87323],[1.23722,41.87171],[1.23325,41.86818],[1.23411,41.86499],[1.23169,41.86397],[1.23059,41.85895],[1.23184,41.85685],[1.22873,41.85604],[1.22973,41.85053],[1.22808,41.84691],[1.21204,41.82867],[1.20294,41.81523],[1.20247,41.81508]]]}},{"type":"Feature","properties":{"mun_code":"25217","mun_name":"Tàrrega","mun_name_local":null,"prov_code":"25","prov_name":"Lleida","acom_code":"09","acom_name":"Cataluña","geo_point_2d":{"lon":1.141665735476592,"lat":41.672670219941864}},"geometry":{"type":"Polygon","coordinates":[[[1.05829,41.68122],[1.06842,41.67822],[1.08755,41.67632],[1.10802,41.68795],[1.11578,41.67729],[1.12589,41.67331],[1.10842,41.66366],[1.10709,41.65805],[1.11498,41.654],[1.11033,41.65097],[1.11327,41.64593],[1.11246,41.64273],[1.10901,41.63856],[1.10031,41.64167],[1.1014,41.63939],[1.09587,41.63258],[1.09669,41.62672],[1.10125,41.62141],[1.0941,41.61643],[1.08962,41.61112],[1.09601,41.60959],[1.10845,41.61271],[1.1186,41.61828],[1.13847,41.62463],[1.14796,41.62396],[1.15488,41.61743],[1.16344,41.61332],[1.16543,41.61028],[1.16747,41.61349],[1.1745,41.6147],[1.17758,41.61804],[1.18662,41.61989],[1.18995,41.63409],[1.18529,41.64914],[1.19099,41.65264],[1.19109,41.65652],[1.1889,41.66072],[1.19123,41.66118],[1.19071,41.66959],[1.18884,41.67115],[1.18983,41.6746],[1.18488,41.67641],[1.18835,41.67914],[1.18568,41.68588],[1.18941,41.68594],[1.19433,41.69119],[1.19878,41.7069],[1.20787,41.7166],[1.20414,41.71633],[1.20482,41.71783],[1.19763,41.71956],[1.19663,41.72096],[1.19318,41.72022],[1.17805,41.70931],[1.17334,41.70798],[1.14943,41.71412],[1.13949,41.71015],[1.13596,41.71991],[1.13294,41.72296],[1.1256,41.72314],[1.12448,41.72428],[1.12654,41.727],[1.12614,41.73082],[1.12858,41.73718],[1.11721,41.74095],[1.11262,41.74019],[1.1093,41.73806],[1.10265,41.73745],[1.09806,41.73197],[1.09383,41.73052],[1.0804,41.72118],[1.08021,41.71612],[1.09648,41.72527],[1.10364,41.7118],[1.10302,41.70819],[1.09912,41.70533],[1.10014,41.70273],[1.07736,41.68679],[1.05854,41.68204],[1.05829,41.68122]]]}},{"type":"Feature","properties":{"mun_code":"25035","mun_name":"La Sentiu de Sió","mun_name_local":null,"prov_code":"25","prov_name":"Lleida","acom_code":"09","acom_name":"Cataluña","geo_point_2d":{"lon":0.8783614357923522,"lat":41.8036154249341}},"geometry":{"type":"Polygon","coordinates":[[[0.83073,41.79652],[0.84169,41.79666],[0.85833,41.79265],[0.85699,41.79038],[0.86091,41.79024],[0.86087,41.78895],[0.8532,41.77791],[0.88088,41.76854],[0.88674,41.78098],[0.88803,41.78884],[0.9105,41.78477],[0.91444,41.7964],[0.9076,41.79793],[0.90884,41.80187],[0.91194,41.81009],[0.92252,41.82181],[0.92736,41.83119],[0.91183,41.82822],[0.90285,41.8313],[0.89629,41.83132],[0.88832,41.82673],[0.88279,41.8179],[0.86953,41.82049],[0.86881,41.81747],[0.85954,41.81871],[0.85389,41.82136],[0.85215,41.81868],[0.84947,41.81773],[0.84328,41.82055],[0.8384,41.81923],[0.83242,41.82005],[0.83268,41.81546],[0.8267,41.80312],[0.83277,41.80194],[0.84583,41.80472],[0.84499,41.80201],[0.8303,41.79956],[0.83103,41.79826],[0.83073,41.79652]]]}},{"type":"Feature","properties":{"mun_code":"25222","mun_name":"Tiurana","mun_name_local":null,"prov_code":"25","prov_name":"Lleida","acom_code":"09","acom_name":"Cataluña","geo_point_2d":{"lon":1.235419250489886,"lat":41.956516643071986}},"geometry":{"type":"Polygon","coordinates":[[[1.20161,41.93575],[1.2091,41.93928],[1.21149,41.93846],[1.22023,41.9434],[1.2274,41.93527],[1.23489,41.93393],[1.24056,41.93553],[1.24111,41.93717],[1.24803,41.93988],[1.25228,41.94365],[1.26228,41.97267],[1.26247,41.97486],[1.25798,41.97647],[1.25696,41.98174],[1.25807,41.98914],[1.26007,41.98992],[1.25835,41.99499],[1.25432,41.99375],[1.25398,41.98524],[1.25129,41.9816],[1.23767,41.97832],[1.23534,41.97269],[1.22902,41.96661],[1.22704,41.95896],[1.20708,41.95291],[1.20018,41.94472],[1.19469,41.94396],[1.19194,41.94222],[1.19627,41.93762],[1.20142,41.93611],[1.20161,41.93575]]]}},{"type":"Feature","properties":{"mun_code":"25082","mun_name":"Espot","mun_name_local":null,"prov_code":"25","prov_name":"Lleida","acom_code":"09","acom_name":"Cataluña","geo_point_2d":{"lon":1.0441263121401196,"lat":42.56576490814935}},"geometry":{"type":"Polygon","coordinates":[[[0.93784,42.58953],[0.93756,42.5873],[0.94252,42.58104],[0.9582,42.57945],[0.96879,42.57445],[0.97273,42.55175],[0.97926,42.55507],[0.98151,42.55271],[0.98723,42.55393],[0.99018,42.55253],[0.99211,42.54605],[0.99948,42.53711],[1.01192,42.53936],[1.01861,42.53533],[1.02181,42.52645],[1.02693,42.52452],[1.02913,42.52483],[1.03227,42.52865],[1.04183,42.52876],[1.04478,42.53082],[1.05022,42.53002],[1.05617,42.51804],[1.06677,42.50877],[1.07163,42.51164],[1.07642,42.5184],[1.13527,42.56157],[1.1461,42.56289],[1.14606,42.56571],[1.14192,42.57223],[1.14351,42.5747],[1.14258,42.57699],[1.13475,42.58386],[1.1347,42.59031],[1.11246,42.58125],[1.1063,42.58352],[1.09873,42.58215],[1.0799,42.59524],[1.06896,42.59406],[1.05689,42.59589],[1.04969,42.59834],[1.03909,42.59927],[1.03436,42.59727],[1.0297,42.59912],[1.02338,42.59531],[1.01419,42.59281],[1.00648,42.59578],[1.00843,42.60325],[1.00332,42.60797],[0.99912,42.60962],[0.99666,42.60684],[0.99072,42.60983],[0.98302,42.60994],[0.969,42.6034],[0.96334,42.60395],[0.95362,42.60175],[0.95325,42.59462],[0.94341,42.58915],[0.9401,42.5893],[0.93784,42.58953]]]}},{"type":"Feature","properties":{"mun_code":"25126","mun_name":"Llavorsí","mun_name_local":null,"prov_code":"25","prov_name":"Lleida","acom_code":"09","acom_name":"Cataluña","geo_point_2d":{"lon":1.190479382611758,"lat":42.487267990180186}},"geometry":{"type":"Polygon","coordinates":[[[1.11369,42.51572],[1.1144,42.51262],[1.1115,42.50639],[1.11254,42.50328],[1.12717,42.48842],[1.13433,42.48464],[1.13805,42.4804],[1.15516,42.47978],[1.16209,42.48148],[1.16096,42.47843],[1.16368,42.47415],[1.17909,42.46409],[1.18384,42.46648],[1.19311,42.46772],[1.19888,42.4671],[1.20436,42.45425],[1.20722,42.45401],[1.21543,42.4625],[1.2178,42.45525],[1.21518,42.44791],[1.21859,42.44086],[1.21865,42.4275],[1.22223,42.42946],[1.22732,42.42943],[1.2301,42.42728],[1.23246,42.42774],[1.23792,42.42224],[1.24188,42.42132],[1.25521,42.42496],[1.25206,42.43999],[1.25607,42.45202],[1.25089,42.45261],[1.24996,42.45416],[1.25145,42.46152],[1.24702,42.46685],[1.24879,42.47021],[1.24558,42.48006],[1.23515,42.48713],[1.23458,42.49022],[1.22643,42.50013],[1.22455,42.50125],[1.22044,42.5009],[1.21792,42.50325],[1.21808,42.50523],[1.21316,42.50816],[1.212,42.51373],[1.2128,42.51808],[1.21475,42.51921],[1.21326,42.52276],[1.21545,42.52558],[1.21176,42.53018],[1.21049,42.53938],[1.19999,42.53026],[1.1857,42.52081],[1.18459,42.52556],[1.17569,42.52666],[1.16715,42.52997],[1.16541,42.52891],[1.15175,42.52896],[1.14794,42.52657],[1.14108,42.52752],[1.13103,42.52575],[1.12213,42.52263],[1.11602,42.51803],[1.11369,42.51572]]]}},{"type":"Feature","properties":{"mun_code":"25172","mun_name":"Ponts","mun_name_local":null,"prov_code":"25","prov_name":"Lleida","acom_code":"09","acom_name":"Cataluña","geo_point_2d":{"lon":1.1664198676267439,"lat":41.91546196118814}},"geometry":{"type":"Polygon","coordinates":[[[1.14034,41.89451],[1.14266,41.90159],[1.15044,41.90207],[1.15836,41.90431],[1.16221,41.90388],[1.16505,41.89919],[1.1612,41.89025],[1.17647,41.89368],[1.20382,41.89201],[1.21225,41.90245],[1.21471,41.91282],[1.22237,41.91665],[1.21053,41.92395],[1.20106,41.92624],[1.20541,41.93506],[1.21149,41.93846],[1.2091,41.93928],[1.20161,41.93575],[1.20216,41.93248],[1.19618,41.92566],[1.18326,41.92291],[1.18072,41.923],[1.18119,41.92561],[1.17647,41.92345],[1.17026,41.9226],[1.16457,41.92568],[1.16422,41.92909],[1.17054,41.93156],[1.17122,41.93495],[1.1628,41.94607],[1.16284,41.95117],[1.15997,41.95116],[1.15422,41.94851],[1.15108,41.94093],[1.14075,41.94695],[1.13619,41.93944],[1.13598,41.9362],[1.12725,41.92892],[1.12347,41.90695],[1.11989,41.89978],[1.12091,41.89436],[1.13776,41.89475],[1.14034,41.89451]]]}},{"type":"Feature","properties":{"mun_code":"25151","mun_name":"Olius","mun_name_local":null,"prov_code":"25","prov_name":"Lleida","acom_code":"09","acom_name":"Cataluña","geo_point_2d":{"lon":1.530422593758223,"lat":41.99251162729032}},"geometry":{"type":"MultiPolygon","coordinates":[[[[1.46388,42.01668],[1.46705,42.00961],[1.46552,42.00271],[1.47043,41.99467],[1.46153,41.98442],[1.45825,41.97617],[1.46331,41.97484],[1.46603,41.97209],[1.46635,41.96345],[1.46793,41.96147],[1.473,41.95994],[1.49027,41.95929],[1.49032,41.95442],[1.4946,41.95094],[1.49709,41.94292],[1.50255,41.94124],[1.51416,41.94098],[1.51468,41.94789],[1.51948,41.94813],[1.53165,41.955],[1.53074,41.9558],[1.53785,41.95587],[1.54083,41.959],[1.53971,41.96184],[1.5603,41.96977],[1.56438,41.96991],[1.56408,41.97502],[1.56142,41.98067],[1.56884,41.98522],[1.57182,41.98905],[1.57925,41.98724],[1.59816,41.99174],[1.59579,41.99575],[1.59636,42.0001],[1.59806,41.99995],[1.59899,42.00299],[1.59035,42.01006],[1.59358,42.0144],[1.58922,42.01416],[1.58736,42.01916],[1.58121,42.02455],[1.58611,42.02938],[1.5795,42.03867],[1.57289,42.04111],[1.57035,42.04501],[1.56517,42.04702],[1.56605,42.04408],[1.56292,42.04005],[1.56433,42.03689],[1.55703,42.0371],[1.55135,42.03396],[1.54211,42.03491],[1.53507,42.02842],[1.52898,42.02536],[1.52741,42.02661],[1.52787,42.02138],[1.52925,42.02107],[1.52902,42.0137],[1.53576,42.01136],[1.53738,42.00933],[1.53759,42.00775],[1.53389,42.00413],[1.53648,41.99967],[1.55106,41.98718],[1.54793,41.98107],[1.54355,41.97901],[1.54483,41.977],[1.53881,41.97535],[1.52978,41.97712],[1.52315,41.97643],[1.51886,41.97387],[1.51831,41.97093],[1.5125,41.96919],[1.50393,41.96956],[1.50477,41.96757],[1.49275,41.97133],[1.49162,41.97628],[1.48783,41.97615],[1.48391,41.98262],[1.49699,41.98611],[1.49363,41.98534],[1.49648,41.98407],[1.49136,41.98164],[1.48866,41.97671],[1.49386,41.97562],[1.49939,41.98124],[1.50181,41.9864],[1.5051,41.98665],[1.5018,41.9908],[1.49736,41.9879],[1.49556,41.98938],[1.50459,41.99499],[1.50001,42.00036],[1.49616,41.99857],[1.49378,41.9992],[1.49434,42.00202],[1.4965,42.00269],[1.49418,42.00384],[1.495,42.0065],[1.49221,42.00942],[1.48456,42.01242],[1.47923,42.0126],[1.47448,42.01529],[1.46637,42.01631],[1.46388,42.01668]]],[[[1.50231,42.00259],[1.5054,42.00604],[1.50404,42.00759],[1.4994,42.00579],[1.50227,42.00273],[1.50231,42.00259]]]]}},{"type":"Feature","properties":{"mun_code":"25097","mun_name":"Fulleda","mun_name_local":null,"prov_code":"25","prov_name":"Lleida","acom_code":"09","acom_name":"Cataluña","geo_point_2d":{"lon":1.0341601494542065,"lat":41.46107753178985}},"geometry":{"type":"Polygon","coordinates":[[[0.99116,41.46577],[0.99787,41.46215],[0.99768,41.45991],[1.00106,41.45719],[1.0002,41.45439],[1.00265,41.45237],[1.00588,41.45123],[1.01255,41.45459],[1.01973,41.45196],[1.02256,41.44878],[1.03101,41.45033],[1.03449,41.44887],[1.04112,41.44266],[1.04641,41.44065],[1.05215,41.44317],[1.05553,41.44201],[1.05866,41.44418],[1.05916,41.44713],[1.06264,41.44832],[1.06465,41.45471],[1.06771,41.45562],[1.07056,41.45364],[1.0755,41.45997],[1.06885,41.464],[1.05667,41.46642],[1.04413,41.4745],[1.03957,41.47911],[1.03203,41.482],[1.01962,41.47446],[1.012,41.47508],[1.00545,41.47076],[0.99116,41.46577]]]}},{"type":"Feature","properties":{"mun_code":"25008","mun_name":"Albesa","mun_name_local":null,"prov_code":"25","prov_name":"Lleida","acom_code":"09","acom_name":"Cataluña","geo_point_2d":{"lon":0.6704612660717486,"lat":41.75920560135456}},"geometry":{"type":"Polygon","coordinates":[[[0.6153,41.77519],[0.6213,41.76635],[0.62699,41.76182],[0.63415,41.75946],[0.6608,41.73469],[0.66172,41.72972],[0.67259,41.71926],[0.68824,41.72881],[0.70177,41.7253],[0.70397,41.73551],[0.7068,41.74054],[0.7078,41.75002],[0.71143,41.75873],[0.71248,41.7674],[0.70175,41.77697],[0.68454,41.78338],[0.67215,41.7942],[0.66548,41.79002],[0.63126,41.78222],[0.61786,41.77645],[0.6153,41.77519]]]}},{"type":"Feature","properties":{"mun_code":"25247","mun_name":"Vilamòs","mun_name_local":null,"prov_code":"25","prov_name":"Lleida","acom_code":"09","acom_name":"Cataluña","geo_point_2d":{"lon":0.7328944379621736,"lat":42.75546952624742}},"geometry":{"type":"MultiPolygon","coordinates":[[[[0.68574,42.73201],[0.67022,42.73117],[0.67668,42.72819],[0.67975,42.72345],[0.68857,42.7221],[0.69173,42.72837],[0.68561,42.73105],[0.68574,42.73201]]],[[[0.75186,42.77178],[0.73726,42.76585],[0.72986,42.76499],[0.72245,42.75555],[0.71106,42.74736],[0.70355,42.75308],[0.70038,42.75381],[0.69778,42.75283],[0.69969,42.74949],[0.68961,42.74609],[0.67828,42.73893],[0.6835,42.73636],[0.686,42.73146],[0.68764,42.73154],[0.69909,42.73779],[0.705,42.74355],[0.70912,42.743],[0.71026,42.74699],[0.71873,42.74434],[0.72913,42.74339],[0.74351,42.74299],[0.74652,42.74513],[0.74992,42.74456],[0.75883,42.75087],[0.75854,42.75245],[0.76355,42.75716],[0.76242,42.75785],[0.76394,42.76167],[0.77281,42.77391],[0.77247,42.78126],[0.77472,42.78131],[0.76819,42.78813],[0.75744,42.78491],[0.74936,42.78524],[0.75602,42.78089],[0.75396,42.77885],[0.75951,42.77561],[0.75186,42.77178]]]]}},{"type":"Feature","properties":{"mun_code":"25099","mun_name":"Golmés","mun_name_local":null,"prov_code":"25","prov_name":"Lleida","acom_code":"09","acom_name":"Cataluña","geo_point_2d":{"lon":0.9268596682578566,"lat":41.62475780406678}},"geometry":{"type":"Polygon","coordinates":[[[0.89522,41.64237],[0.89668,41.63941],[0.90189,41.63795],[0.90255,41.62977],[0.90563,41.62504],[0.90184,41.61683],[0.90852,41.60837],[0.91325,41.6063],[0.92059,41.60617],[0.9286,41.60073],[0.93689,41.60009],[0.9509,41.62018],[0.95298,41.62601],[0.96067,41.6296],[0.94772,41.63875],[0.93004,41.64285],[0.9275,41.64461],[0.92156,41.64524],[0.8962,41.64235],[0.89522,41.64237]]]}},{"type":"Feature","properties":{"mun_code":"25203","mun_name":"La Seu d'Urgell","mun_name_local":null,"prov_code":"25","prov_name":"Lleida","acom_code":"09","acom_name":"Cataluña","geo_point_2d":{"lon":1.462613560024522,"lat":42.35588320194906}},"geometry":{"type":"MultiPolygon","coordinates":[[[[1.5003,42.33801],[1.50192,42.342],[1.49576,42.34965],[1.49453,42.34774],[1.49298,42.34804],[1.49436,42.34681],[1.49261,42.34556],[1.4921,42.34198],[1.49916,42.33854],[1.5003,42.33801]]],[[[1.44163,42.38436],[1.43865,42.38205],[1.43709,42.37763],[1.43603,42.36515],[1.42808,42.35885],[1.42672,42.35372],[1.43828,42.34717],[1.44041,42.34454],[1.44663,42.34784],[1.45152,42.3485],[1.45171,42.34406],[1.4579,42.33817],[1.4604,42.33753],[1.46171,42.3345],[1.46901,42.34028],[1.47548,42.3386],[1.47835,42.33922],[1.48981,42.34781],[1.49077,42.35788],[1.49552,42.35562],[1.49947,42.35711],[1.50445,42.35581],[1.50831,42.35731],[1.5078,42.36157],[1.50296,42.36521],[1.50062,42.37008],[1.49926,42.3695],[1.49904,42.36419],[1.49519,42.36005],[1.47924,42.3621],[1.46868,42.36202],[1.46093,42.36917],[1.45589,42.36995],[1.45338,42.37341],[1.45372,42.37175],[1.44961,42.36991],[1.44368,42.37619],[1.4449,42.38134],[1.44163,42.38436]]]]}},{"type":"Feature","properties":{"mun_code":"25129","mun_name":"Llobera","mun_name_local":null,"prov_code":"25","prov_name":"Lleida","acom_code":"09","acom_name":"Cataluña","geo_point_2d":{"lon":1.4619207864451338,"lat":41.923351575843895}},"geometry":{"type":"Polygon","coordinates":[[[1.40855,41.91631],[1.41706,41.91146],[1.42652,41.90823],[1.4305,41.90243],[1.42928,41.89909],[1.42592,41.89673],[1.42651,41.89539],[1.43948,41.89904],[1.44325,41.89155],[1.44647,41.88904],[1.46201,41.88711],[1.47709,41.90127],[1.48414,41.90603],[1.49983,41.9029],[1.50469,41.91526],[1.49989,41.91927],[1.4994,41.92252],[1.49991,41.9359],[1.50255,41.94124],[1.49709,41.94292],[1.4946,41.95094],[1.49032,41.95442],[1.49027,41.95929],[1.46638,41.96065],[1.46527,41.95723],[1.45619,41.94829],[1.45118,41.94789],[1.4474,41.94516],[1.44527,41.94562],[1.44585,41.94341],[1.43456,41.93939],[1.43425,41.93637],[1.43172,41.93454],[1.41956,41.93037],[1.41975,41.92874],[1.41355,41.92483],[1.40808,41.91687],[1.40855,41.91631]]]}},{"type":"Feature","properties":{"mun_code":"25059","mun_name":"Bossòst","mun_name_local":null,"prov_code":"25","prov_name":"Lleida","acom_code":"09","acom_name":"Cataluña","geo_point_2d":{"lon":0.689123680686537,"lat":42.778187751499864}},"geometry":{"type":"Polygon","coordinates":[[[0.66351,42.74978],[0.67665,42.74946],[0.69482,42.75378],[0.69069,42.76323],[0.69423,42.76551],[0.69447,42.77008],[0.71365,42.77194],[0.71438,42.7782],[0.74544,42.77702],[0.75186,42.77178],[0.75951,42.77561],[0.75396,42.77885],[0.75602,42.78089],[0.74936,42.78524],[0.74074,42.7875],[0.737,42.79323],[0.71085,42.79339],[0.70064,42.79667],[0.70233,42.79931],[0.69546,42.80269],[0.69384,42.80117],[0.68454,42.79927],[0.67339,42.80156],[0.66765,42.8015],[0.66311,42.79852],[0.65985,42.7983],[0.65421,42.79222],[0.65049,42.78507],[0.64764,42.78513],[0.64482,42.78298],[0.64806,42.7817],[0.65163,42.77767],[0.66722,42.77511],[0.6623,42.77001],[0.65856,42.76815],[0.65567,42.76854],[0.65055,42.76518],[0.65006,42.76024],[0.64578,42.75564],[0.63928,42.75487],[0.64731,42.75145],[0.65977,42.75222],[0.66302,42.7499],[0.66351,42.74978]]]}},{"type":"Feature","properties":{"mun_code":"25128","mun_name":"Llimiana","mun_name_local":null,"prov_code":"25","prov_name":"Lleida","acom_code":"09","acom_name":"Cataluña","geo_point_2d":{"lon":0.9286116407328416,"lat":42.05865790585059}},"geometry":{"type":"MultiPolygon","coordinates":[[[[0.8944,42.09764],[0.89047,42.08797],[0.89089,42.08131],[0.89405,42.07571],[0.8924,42.06894],[0.88572,42.06064],[0.88863,42.05419],[0.89444,42.05191],[0.89328,42.04908],[0.89441,42.04622],[0.89161,42.04517],[0.89174,42.04303],[0.8886,42.04089],[0.90729,42.02873],[0.9137,42.02531],[0.91618,42.02532],[0.91934,42.0219],[0.94344,42.02269],[0.94821,42.02398],[0.95338,42.0212],[0.95852,42.02115],[0.96877,42.0291],[0.97181,42.03444],[0.98458,42.0399],[0.98231,42.04314],[0.97736,42.04271],[0.96701,42.04478],[0.94358,42.04411],[0.93749,42.04551],[0.93969,42.05413],[0.93775,42.05433],[0.94149,42.05936],[0.9386,42.06568],[0.94178,42.07336],[0.94118,42.0758],[0.95355,42.07809],[0.9436,42.08167],[0.93864,42.08959],[0.94035,42.09197],[0.93357,42.09266],[0.93163,42.09142],[0.92345,42.09103],[0.91442,42.09404],[0.90499,42.09953],[0.8997,42.10058],[0.89751,42.10081],[0.8949,42.09758],[0.8944,42.09764]]],[[[0.99343,42.0854],[0.98626,42.09136],[0.98605,42.09539],[0.98296,42.09688],[0.97086,42.08179],[0.9735,42.07795],[0.97582,42.07751],[0.97493,42.07466],[0.98498,42.06796],[0.98534,42.06492],[0.98751,42.06411],[0.9896,42.06756],[0.98848,42.07848],[0.99328,42.08423],[0.99343,42.0854]]]]}},{"type":"Feature","properties":{"mun_code":"25189","mun_name":"Rosselló","mun_name_local":null,"prov_code":"25","prov_name":"Lleida","acom_code":"09","acom_name":"Cataluña","geo_point_2d":{"lon":0.592019617115528,"lat":41.69514890255175}},"geometry":{"type":"Polygon","coordinates":[[[0.56948,41.69079],[0.5856,41.67884],[0.59673,41.68088],[0.59826,41.68253],[0.60319,41.68366],[0.61311,41.68431],[0.61312,41.69325],[0.61477,41.69352],[0.61315,41.69558],[0.61627,41.69904],[0.60953,41.7036],[0.6092,41.70726],[0.59371,41.70914],[0.57727,41.7086],[0.5741,41.70956],[0.57039,41.69207],[0.56948,41.69079]]]}},{"type":"Feature","properties":{"mun_code":"25907","mun_name":"Torrefeta i Florejacs","mun_name_local":null,"prov_code":"25","prov_name":"Lleida","acom_code":"09","acom_name":"Cataluña","geo_point_2d":{"lon":1.2601442178295295,"lat":41.7924441436896}},"geometry":{"type":"MultiPolygon","coordinates":[[[[1.18258,41.79633],[1.1698,41.78698],[1.17518,41.78718],[1.17577,41.7855],[1.166,41.77503],[1.16755,41.76893],[1.17266,41.76699],[1.17636,41.77201],[1.17923,41.78136],[1.18454,41.78462],[1.19721,41.78313],[1.20551,41.78483],[1.2089,41.78775],[1.21113,41.78777],[1.21683,41.79177],[1.21547,41.79354],[1.23806,41.79716],[1.24476,41.79727],[1.24651,41.79613],[1.24397,41.79176],[1.2254,41.78455],[1.22064,41.77811],[1.22976,41.76931],[1.22408,41.7609],[1.22704,41.76112],[1.23226,41.75425],[1.24672,41.75628],[1.24778,41.75124],[1.24669,41.74785],[1.24959,41.74517],[1.24834,41.73661],[1.24378,41.73054],[1.23763,41.72641],[1.23253,41.71927],[1.23214,41.71748],[1.24004,41.71496],[1.23725,41.70546],[1.23918,41.70291],[1.24885,41.70705],[1.25853,41.70818],[1.26418,41.71486],[1.26781,41.73154],[1.28178,41.74295],[1.29224,41.74439],[1.29192,41.73681],[1.29427,41.73096],[1.29387,41.72693],[1.291,41.72388],[1.30872,41.73202],[1.31612,41.73371],[1.31811,41.73792],[1.32288,41.73647],[1.32394,41.73818],[1.32982,41.73731],[1.33059,41.7382],[1.33364,41.74993],[1.33257,41.75308],[1.33462,41.75603],[1.33244,41.75453],[1.31561,41.75085],[1.31043,41.75132],[1.31107,41.75848],[1.31441,41.76355],[1.31098,41.76597],[1.2995,41.77034],[1.28319,41.76805],[1.27828,41.76846],[1.27656,41.77102],[1.27824,41.77309],[1.27767,41.77724],[1.27276,41.77919],[1.2682,41.7868],[1.27027,41.78704],[1.26827,41.78952],[1.26775,41.79899],[1.26119,41.80184],[1.25855,41.80517],[1.26333,41.80763],[1.26352,41.80998],[1.26473,41.80831],[1.26714,41.8089],[1.26887,41.813],[1.26624,41.81476],[1.26721,41.8154],[1.27067,41.81458],[1.27073,41.81356],[1.27926,41.81263],[1.28409,41.81447],[1.28815,41.81434],[1.2895,41.81564],[1.29259,41.815],[1.30338,41.82001],[1.30932,41.82538],[1.31499,41.82748],[1.30808,41.83068],[1.2995,41.83932],[1.28817,41.8417],[1.28042,41.85085],[1.2651,41.85107],[1.25735,41.85767],[1.24331,41.84773],[1.24263,41.84553],[1.23995,41.84499],[1.23688,41.84028],[1.23733,41.83532],[1.2335,41.83016],[1.22727,41.82529],[1.22523,41.81994],[1.21174,41.81136],[1.20247,41.81508],[1.1946,41.8091],[1.18646,41.79823],[1.18288,41.79654],[1.18258,41.79633]]],[[[1.29536,41.92145],[1.29715,41.91675],[1.29075,41.90929],[1.29252,41.89791],[1.3028,41.89707],[1.31005,41.8947],[1.31458,41.89157],[1.31753,41.89185],[1.32042,41.89758],[1.31737,41.91083],[1.31211,41.91846],[1.30604,41.92301],[1.29895,41.92263],[1.29536,41.92145]]]]}},{"type":"Feature","properties":{"mun_code":"25052","mun_name":"Bellvís","mun_name_local":null,"prov_code":"25","prov_name":"Lleida","acom_code":"09","acom_name":"Cataluña","geo_point_2d":{"lon":0.8170897888595658,"lat":41.681501034531195}},"geometry":{"type":"MultiPolygon","coordinates":[[[[0.82981,41.71221],[0.81982,41.71196],[0.81196,41.71323],[0.80955,41.70007],[0.80537,41.70207],[0.79495,41.70345],[0.79182,41.70153],[0.78286,41.69944],[0.77692,41.69959],[0.77424,41.69709],[0.77646,41.68807],[0.76366,41.68562],[0.76599,41.6795],[0.76424,41.66522],[0.78056,41.65693],[0.78722,41.65109],[0.793,41.64858],[0.79807,41.64696],[0.81152,41.64656],[0.82545,41.64266],[0.84993,41.65462],[0.85618,41.65929],[0.86064,41.66677],[0.83804,41.6718],[0.84057,41.68078],[0.84925,41.68459],[0.84734,41.69034],[0.85723,41.69102],[0.86462,41.68466],[0.86059,41.69436],[0.85687,41.71118],[0.84975,41.71068],[0.84205,41.70795],[0.83987,41.71247],[0.83029,41.71217],[0.82981,41.71221]]],[[[0.87418,41.73932],[0.86364,41.74081],[0.85542,41.73117],[0.8527,41.72567],[0.86569,41.72431],[0.87097,41.72522],[0.87552,41.72804],[0.87892,41.7324],[0.87638,41.73629],[0.87418,41.73932]]]]}},{"type":"Feature","properties":{"mun_code":"25244","mun_name":"Vilagrassa","mun_name_local":null,"prov_code":"25","prov_name":"Lleida","acom_code":"09","acom_name":"Cataluña","geo_point_2d":{"lon":1.0880603261650172,"lat":41.64309768901386}},"geometry":{"type":"Polygon","coordinates":[[[1.04418,41.63463],[1.04284,41.63202],[1.04354,41.62838],[1.04743,41.62977],[1.05705,41.63029],[1.05377,41.62543],[1.05931,41.62402],[1.06775,41.61855],[1.06671,41.61594],[1.0753,41.61559],[1.07982,41.6109],[1.08962,41.61112],[1.0941,41.61643],[1.10125,41.62141],[1.09669,41.62672],[1.09587,41.63258],[1.1014,41.63939],[1.10031,41.64167],[1.10901,41.63856],[1.11246,41.64273],[1.11327,41.64593],[1.11033,41.65097],[1.11498,41.654],[1.10709,41.65805],[1.10842,41.66366],[1.12589,41.67331],[1.11578,41.67729],[1.1096,41.68729],[1.10224,41.6814],[1.09151,41.67555],[1.09417,41.6705],[1.09201,41.65899],[1.09598,41.65615],[1.09271,41.65329],[1.08384,41.64694],[1.04531,41.63491],[1.04418,41.63463]]]}},{"type":"Feature","properties":{"mun_code":"25056","mun_name":"Bovera","mun_name_local":null,"prov_code":"25","prov_name":"Lleida","acom_code":"09","acom_name":"Cataluña","geo_point_2d":{"lon":0.6384292343009857,"lat":41.317271589041646}},"geometry":{"type":"Polygon","coordinates":[[[0.5865,41.30718],[0.59706,41.29345],[0.60192,41.29404],[0.60486,41.2916],[0.60775,41.29258],[0.61353,41.29076],[0.61536,41.29211],[0.61891,41.29073],[0.62386,41.29224],[0.62819,41.29086],[0.62919,41.29321],[0.63632,41.2975],[0.6452,41.29895],[0.648,41.30083],[0.65088,41.29988],[0.65749,41.30154],[0.66974,41.30986],[0.67854,41.3099],[0.68127,41.30817],[0.68402,41.31038],[0.68831,41.31043],[0.69252,41.31569],[0.69014,41.32104],[0.69956,41.32116],[0.69726,41.32502],[0.69863,41.32743],[0.67494,41.33539],[0.66258,41.33443],[0.63701,41.34271],[0.62363,41.34436],[0.61626,41.34043],[0.61265,41.32945],[0.59966,41.32216],[0.59722,41.31926],[0.59351,41.31893],[0.59063,41.31428],[0.5909,41.31174],[0.58661,41.30748],[0.5865,41.30718]]]}},{"type":"Feature","properties":{"mun_code":"25098","mun_name":"Gavet de la Conca","mun_name_local":null,"prov_code":"25","prov_name":"Lleida","acom_code":"09","acom_name":"Cataluña","geo_point_2d":{"lon":0.9897335992626973,"lat":42.072739933169}},"geometry":{"type":"Polygon","coordinates":[[[0.8944,42.09764],[0.89751,42.10081],[0.8997,42.10058],[0.90499,42.09953],[0.91442,42.09404],[0.92345,42.09103],[0.93163,42.09142],[0.93357,42.09266],[0.94035,42.09197],[0.93864,42.08959],[0.9436,42.08167],[0.95355,42.07809],[0.94118,42.0758],[0.94178,42.07336],[0.9386,42.06568],[0.94149,42.05936],[0.93775,42.05433],[0.93969,42.05413],[0.93749,42.04551],[0.94358,42.04411],[0.96701,42.04478],[0.97736,42.04271],[0.98231,42.04314],[0.98458,42.0399],[0.97181,42.03444],[0.96877,42.0291],[0.95852,42.02115],[0.96648,42.02007],[0.9842,42.02204],[0.994,42.02115],[1.0064,42.02335],[1.01027,42.02158],[1.01135,42.02503],[1.02175,42.03399],[1.02826,42.03117],[1.03527,42.0314],[1.0442,42.03451],[1.05685,42.03458],[1.06092,42.03603],[1.06929,42.03637],[1.07703,42.04562],[1.07878,42.05],[1.08444,42.05243],[1.07358,42.06177],[1.0708,42.06625],[1.07177,42.0669],[1.06848,42.06998],[1.06819,42.07778],[1.06392,42.07872],[1.06149,42.08159],[1.06012,42.08112],[1.05303,42.09216],[1.04886,42.09251],[1.03896,42.09705],[1.03437,42.09674],[1.03219,42.09899],[1.02964,42.09873],[1.02016,42.09213],[1.0024,42.08473],[0.99343,42.0854],[0.99261,42.08197],[0.98848,42.07848],[0.9896,42.06756],[0.98751,42.06411],[0.98534,42.06492],[0.98498,42.06796],[0.97493,42.07466],[0.97582,42.07751],[0.9735,42.07795],[0.97086,42.08179],[0.98296,42.09688],[0.98143,42.10435],[0.97789,42.10869],[0.97799,42.11426],[0.97496,42.11447],[0.97103,42.11205],[0.96236,42.11845],[0.95948,42.11745],[0.95606,42.12039],[0.95475,42.11716],[0.94954,42.11823],[0.94138,42.13046],[0.93633,42.13052],[0.93935,42.13637],[0.93751,42.13908],[0.92077,42.13699],[0.9129,42.13237],[0.91364,42.12408],[0.90091,42.12163],[0.89865,42.1157],[0.89988,42.10952],[0.89439,42.09828],[0.8944,42.09764]]]}},{"type":"Feature","properties":{"mun_code":"25012","mun_name":"Alcoletge","mun_name_local":null,"prov_code":"25","prov_name":"Lleida","acom_code":"09","acom_name":"Cataluña","geo_point_2d":{"lon":0.6996344566968846,"lat":41.64852538358828}},"geometry":{"type":"Polygon","coordinates":[[[0.66091,41.65651],[0.66066,41.65449],[0.67838,41.64506],[0.66842,41.63445],[0.67384,41.63072],[0.69076,41.63428],[0.70088,41.62934],[0.70708,41.63401],[0.71472,41.63665],[0.72869,41.63794],[0.72858,41.64052],[0.73145,41.64499],[0.73694,41.64912],[0.7369,41.65832],[0.72252,41.65836],[0.70431,41.66439],[0.70374,41.66308],[0.69876,41.6632],[0.69471,41.66745],[0.67716,41.66483],[0.67708,41.65652],[0.66699,41.65816],[0.6617,41.657],[0.66091,41.65651]]]}},{"type":"Feature","properties":{"mun_code":"25143","mun_name":"Montornès de Segarra","mun_name_local":null,"prov_code":"25","prov_name":"Lleida","acom_code":"09","acom_name":"Cataluña","geo_point_2d":{"lon":1.2126020422688968,"lat":41.59916354519172}},"geometry":{"type":"Polygon","coordinates":[[[1.16866,41.60626],[1.16703,41.60221],[1.17162,41.59955],[1.1798,41.59581],[1.18484,41.59604],[1.21096,41.58806],[1.21346,41.58467],[1.22023,41.58632],[1.2346,41.58541],[1.2444,41.60065],[1.24656,41.60042],[1.25299,41.60795],[1.25038,41.61056],[1.24488,41.6108],[1.24205,41.60891],[1.23932,41.60949],[1.2101,41.60466],[1.20407,41.60617],[1.20576,41.60787],[1.20428,41.60852],[1.20573,41.60987],[1.20457,41.61076],[1.19877,41.60905],[1.1995,41.61232],[1.19505,41.60946],[1.19342,41.61027],[1.19162,41.60928],[1.19111,41.61041],[1.18505,41.60981],[1.17536,41.60519],[1.171,41.60515],[1.16866,41.60626]]]}},{"type":"Feature","properties":{"mun_code":"25036","mun_name":"Aspa","mun_name_local":null,"prov_code":"25","prov_name":"Lleida","acom_code":"09","acom_name":"Cataluña","geo_point_2d":{"lon":0.6749537638181751,"lat":41.49644991377163}},"geometry":{"type":"Polygon","coordinates":[[[0.6636,41.51565],[0.65463,41.51499],[0.65225,41.50818],[0.65193,41.50308],[0.65661,41.49147],[0.66917,41.49055],[0.67379,41.48347],[0.6729,41.47954],[0.6778,41.47723],[0.69241,41.47683],[0.69804,41.48975],[0.696,41.49407],[0.69593,41.49982],[0.68148,41.50513],[0.67649,41.51124],[0.67466,41.51021],[0.66445,41.5153],[0.6636,41.51565]]]}},{"type":"Feature","properties":{"mun_code":"25067","mun_name":"Castelldans","mun_name_local":null,"prov_code":"25","prov_name":"Lleida","acom_code":"09","acom_name":"Cataluña","geo_point_2d":{"lon":0.7607920568186978,"lat":41.492639998470636}},"geometry":{"type":"Polygon","coordinates":[[[0.69241,41.47683],[0.69439,41.47544],[0.70488,41.47474],[0.71605,41.47092],[0.72646,41.4702],[0.72802,41.4683],[0.73846,41.46781],[0.7421,41.46529],[0.75098,41.46588],[0.75508,41.46401],[0.75991,41.46397],[0.76705,41.46705],[0.77058,41.46593],[0.77125,41.46706],[0.77672,41.46681],[0.77973,41.46551],[0.78479,41.46839],[0.78669,41.46737],[0.7854,41.46573],[0.78979,41.46196],[0.79723,41.45145],[0.79747,41.44593],[0.81056,41.45137],[0.81647,41.4503],[0.81795,41.45304],[0.8174,41.45921],[0.8192,41.46259],[0.8228,41.46425],[0.81969,41.46676],[0.81929,41.47578],[0.81524,41.48404],[0.81813,41.49018],[0.81708,41.49808],[0.81428,41.50409],[0.81523,41.50662],[0.81071,41.51845],[0.80361,41.52047],[0.79424,41.51655],[0.79016,41.51613],[0.78094,41.52006],[0.77922,41.5222],[0.76956,41.5251],[0.7673,41.5207],[0.7649,41.52134],[0.76139,41.52421],[0.76251,41.52762],[0.76113,41.52788],[0.76115,41.53339],[0.76303,41.536],[0.75886,41.53773],[0.75083,41.53121],[0.74783,41.53319],[0.74554,41.5282],[0.7415,41.52937],[0.73156,41.52034],[0.7267,41.51851],[0.71015,41.52498],[0.70547,41.51862],[0.70039,41.50507],[0.69593,41.49982],[0.696,41.49407],[0.69804,41.48975],[0.69297,41.47731],[0.69241,41.47683]]]}},{"type":"Feature","properties":{"mun_code":"25142","mun_name":"Montoliu de Lleida","mun_name_local":null,"prov_code":"25","prov_name":"Lleida","acom_code":"09","acom_name":"Cataluña","geo_point_2d":{"lon":0.5980190877213238,"lat":41.55395788084127}},"geometry":{"type":"Polygon","coordinates":[[[0.57458,41.57594],[0.58189,41.55842],[0.58786,41.55307],[0.58915,41.54964],[0.60058,41.54075],[0.59822,41.5381],[0.59896,41.5371],[0.60739,41.53606],[0.60975,41.53485],[0.61014,41.53238],[0.61499,41.532],[0.62143,41.54444],[0.61727,41.54729],[0.61749,41.55078],[0.60402,41.55065],[0.59961,41.56545],[0.59815,41.56541],[0.59748,41.56803],[0.59536,41.56878],[0.59128,41.57463],[0.58274,41.57423],[0.57645,41.57589],[0.57458,41.57594]]]}},{"type":"Feature","properties":{"mun_code":"25139","mun_name":"Montellà i Martinet","mun_name_local":null,"prov_code":"25","prov_name":"Lleida","acom_code":"09","acom_name":"Cataluña","geo_point_2d":{"lon":1.693048290881442,"lat":42.32173954171099}},"geometry":{"type":"Polygon","coordinates":[[[1.65153,42.28643],[1.65242,42.28454],[1.65804,42.28238],[1.66125,42.28266],[1.66682,42.27961],[1.67506,42.28591],[1.68617,42.28515],[1.69103,42.28631],[1.69166,42.28447],[1.69621,42.28586],[1.70236,42.28489],[1.71558,42.28805],[1.71768,42.28447],[1.721,42.28349],[1.73433,42.284],[1.73947,42.30195],[1.73318,42.30763],[1.72904,42.31515],[1.73144,42.3175],[1.73085,42.32121],[1.73313,42.32496],[1.73138,42.329],[1.73725,42.33901],[1.73501,42.33992],[1.72962,42.34833],[1.72027,42.35413],[1.71332,42.36245],[1.71012,42.36426],[1.70566,42.36343],[1.70513,42.361],[1.70046,42.36364],[1.69799,42.3624],[1.69707,42.364],[1.69617,42.3625],[1.68456,42.35829],[1.68279,42.35907],[1.67942,42.36572],[1.67551,42.36614],[1.66864,42.36152],[1.66273,42.36454],[1.65746,42.35904],[1.65662,42.35559],[1.65165,42.34983],[1.66079,42.33841],[1.65504,42.33192],[1.65178,42.28712],[1.65153,42.28643]]]}},{"type":"Feature","properties":{"mun_code":"25089","mun_name":"Farrera","mun_name_local":null,"prov_code":"25","prov_name":"Lleida","acom_code":"09","acom_name":"Cataluña","geo_point_2d":{"lon":1.296338911681634,"lat":42.48321249479328}},"geometry":{"type":"Polygon","coordinates":[[[1.22643,42.50013],[1.23458,42.49022],[1.23515,42.48713],[1.24558,42.48006],[1.24879,42.47021],[1.24702,42.46685],[1.25145,42.46152],[1.25089,42.45261],[1.25607,42.45202],[1.25919,42.44939],[1.26615,42.44765],[1.26661,42.44555],[1.27084,42.44207],[1.27228,42.44348],[1.28187,42.44358],[1.28463,42.44677],[1.29212,42.44882],[1.30266,42.44845],[1.3087,42.45011],[1.31152,42.44992],[1.31744,42.44481],[1.32122,42.44479],[1.32577,42.44946],[1.32787,42.45452],[1.34124,42.4668],[1.3454,42.47431],[1.34633,42.481],[1.35577,42.48122],[1.35874,42.4831],[1.36196,42.48808],[1.36186,42.49128],[1.36574,42.49377],[1.36741,42.49675],[1.37182,42.49792],[1.37085,42.49957],[1.37299,42.50337],[1.36825,42.50672],[1.36708,42.51326],[1.36427,42.51576],[1.36355,42.51896],[1.35476,42.51777],[1.35362,42.51503],[1.35515,42.51306],[1.34662,42.50851],[1.33086,42.50508],[1.30939,42.50955],[1.28545,42.50986],[1.26051,42.51634],[1.25166,42.51177],[1.22892,42.50808],[1.22633,42.5012],[1.22643,42.50013]]]}},{"type":"Feature","properties":{"mun_code":"25002","mun_name":"Àger","mun_name_local":null,"prov_code":"25","prov_name":"Lleida","acom_code":"09","acom_name":"Cataluña","geo_point_2d":{"lon":0.7389198555170595,"lat":42.000606255021374}},"geometry":{"type":"Polygon","coordinates":[[[0.64209,41.98218],[0.65743,41.978],[0.66578,41.97265],[0.66659,41.96228],[0.66318,41.95868],[0.65147,41.95735],[0.65701,41.95378],[0.65739,41.95117],[0.67032,41.94589],[0.66884,41.94325],[0.67086,41.93981],[0.68441,41.93797],[0.68513,41.9392],[0.70658,41.94524],[0.71305,41.94519],[0.71692,41.94318],[0.71874,41.94008],[0.72554,41.93917],[0.73432,41.92952],[0.73543,41.93055],[0.74358,41.93003],[0.74643,41.93313],[0.74552,41.93761],[0.75636,41.94283],[0.76934,41.95544],[0.78309,41.9592],[0.79512,41.9586],[0.80014,41.96183],[0.81162,41.96597],[0.80576,41.9979],[0.81569,41.99885],[0.8171,42.0008],[0.81302,42.00801],[0.80763,42.00963],[0.80634,42.01707],[0.80161,42.0218],[0.82081,42.02299],[0.82284,42.0256],[0.82834,42.02642],[0.83413,42.02527],[0.83915,42.02616],[0.84478,42.01696],[0.84935,42.01308],[0.85076,42.0033],[0.85361,42.00282],[0.85428,42.00569],[0.87084,42.00537],[0.87605,42.00943],[0.87611,42.01297],[0.87902,42.01823],[0.87886,42.02552],[0.88279,42.02846],[0.88424,42.03899],[0.8886,42.04089],[0.889,42.04305],[0.87328,42.03677],[0.86409,42.03576],[0.84958,42.03613],[0.83202,42.04116],[0.80401,42.04091],[0.79814,42.04299],[0.78963,42.04085],[0.76021,42.04072],[0.74576,42.04655],[0.74304,42.05257],[0.73562,42.05299],[0.73125,42.05128],[0.72449,42.05086],[0.72136,42.05227],[0.70965,42.0531],[0.69855,42.05881],[0.69265,42.05935],[0.68012,42.07547],[0.6699,42.06183],[0.66914,42.04963],[0.67205,42.04724],[0.66622,42.04131],[0.65937,42.04133],[0.65686,42.04012],[0.65748,42.03143],[0.65182,42.0262],[0.65185,42.02366],[0.6552,42.02227],[0.65722,42.01467],[0.66002,42.01366],[0.66314,42.01541],[0.66383,42.0146],[0.65726,42.0013],[0.64677,41.99633],[0.64588,41.98751],[0.6429,41.9826],[0.64209,41.98218]]]}},{"type":"Feature","properties":{"mun_code":"25024","mun_name":"Alt Àneu","mun_name_local":null,"prov_code":"25","prov_name":"Lleida","acom_code":"09","acom_name":"Cataluña","geo_point_2d":{"lon":1.0605971939448813,"lat":42.682770573404945}},"geometry":{"type":"Polygon","coordinates":[[[0.96632,42.60386],[0.969,42.6034],[0.98302,42.60994],[0.99072,42.60983],[0.99666,42.60684],[0.99912,42.60962],[1.00332,42.60797],[1.00843,42.60325],[1.00648,42.59578],[1.01419,42.59281],[1.02338,42.59531],[1.0297,42.59912],[1.03436,42.59727],[1.03909,42.59927],[1.04969,42.59834],[1.05896,42.5955],[1.07352,42.5938],[1.08097,42.59496],[1.08651,42.60461],[1.09309,42.60969],[1.10114,42.61068],[1.09881,42.60705],[1.11875,42.61364],[1.11226,42.6261],[1.1141,42.62978],[1.12141,42.63118],[1.1191,42.63294],[1.11954,42.63474],[1.11286,42.63736],[1.11054,42.6419],[1.11882,42.6428],[1.12089,42.64563],[1.13445,42.64474],[1.13157,42.65048],[1.12411,42.6568],[1.11973,42.6643],[1.12146,42.67152],[1.12478,42.67301],[1.13084,42.6823],[1.14493,42.68711],[1.14685,42.69014],[1.1521,42.6927],[1.15357,42.6958],[1.17052,42.7081],[1.16614,42.70892],[1.15941,42.71253],[1.15205,42.71711],[1.14938,42.72101],[1.14248,42.7231],[1.1332,42.72827],[1.13293,42.73179],[1.13511,42.73573],[1.13417,42.73771],[1.13019,42.73924],[1.1312,42.74263],[1.12974,42.74574],[1.13272,42.75037],[1.12821,42.75559],[1.12188,42.75959],[1.11938,42.76343],[1.1094,42.7657],[1.10853,42.77185],[1.095,42.77459],[1.08757,42.77834],[1.0832,42.78289],[1.08325,42.78498],[1.07889,42.78834],[1.07673,42.78776],[1.07342,42.7826],[1.05941,42.78347],[1.05839,42.78202],[1.05365,42.78265],[1.04787,42.78098],[1.04378,42.78111],[1.04339,42.78534],[1.03706,42.78661],[1.03057,42.77604],[1.03086,42.77265],[1.02763,42.77107],[1.02603,42.76713],[1.02893,42.76409],[1.02752,42.75895],[1.03217,42.75424],[1.0269,42.74292],[1.02898,42.73319],[1.02118,42.72645],[1.02538,42.71966],[1.02758,42.70967],[1.01138,42.70934],[1.00531,42.71267],[0.99313,42.70078],[0.98184,42.69876],[0.97558,42.69263],[0.98644,42.68399],[0.97715,42.67521],[0.97911,42.66632],[0.98298,42.66331],[0.96927,42.65916],[0.97267,42.65037],[0.97261,42.64551],[0.96903,42.6374],[0.9642,42.63151],[0.96189,42.63123],[0.95886,42.62523],[0.96322,42.61618],[0.96678,42.61632],[0.96857,42.61505],[0.96817,42.60732],[0.96632,42.60386]]]}},{"type":"Feature","properties":{"mun_code":"25906","mun_name":"Les Valls d'Aguilar","mun_name_local":null,"prov_code":"25","prov_name":"Lleida","acom_code":"09","acom_name":"Cataluña","geo_point_2d":{"lon":1.2423346776163198,"lat":42.3029385250565}},"geometry":{"type":"Polygon","coordinates":[[[1.15133,42.25905],[1.15561,42.26316],[1.15922,42.26425],[1.16388,42.26323],[1.16899,42.26638],[1.18589,42.26088],[1.19784,42.26171],[1.20242,42.25967],[1.20971,42.26625],[1.21416,42.26775],[1.22865,42.26385],[1.23517,42.26552],[1.24185,42.26509],[1.24829,42.26181],[1.26147,42.2664],[1.25581,42.26743],[1.26004,42.27554],[1.26521,42.27526],[1.27161,42.27874],[1.28281,42.28102],[1.28873,42.2783],[1.28963,42.27629],[1.3023,42.27269],[1.31355,42.27305],[1.32741,42.27842],[1.33843,42.27871],[1.34396,42.27605],[1.3427,42.26704],[1.35233,42.26871],[1.35574,42.26727],[1.3536,42.26464],[1.35454,42.2598],[1.3467,42.25395],[1.34792,42.25008],[1.34801,42.25446],[1.35516,42.25892],[1.35892,42.26653],[1.35686,42.27716],[1.36202,42.28571],[1.3672,42.29077],[1.36645,42.2943],[1.36168,42.29788],[1.36638,42.30277],[1.36316,42.30316],[1.36,42.30165],[1.35156,42.30442],[1.34872,42.30762],[1.34611,42.30769],[1.34097,42.30281],[1.33726,42.30685],[1.32492,42.30364],[1.32182,42.30803],[1.33009,42.31619],[1.32823,42.32453],[1.31918,42.32835],[1.31476,42.33277],[1.29965,42.33547],[1.29668,42.33792],[1.29677,42.34006],[1.29368,42.34054],[1.29102,42.33816],[1.28982,42.33392],[1.28365,42.33181],[1.2735,42.33661],[1.26536,42.34332],[1.25914,42.34093],[1.26152,42.33728],[1.26301,42.32412],[1.24813,42.31922],[1.24901,42.32112],[1.24256,42.32722],[1.2397,42.32819],[1.2403,42.33347],[1.23203,42.34549],[1.23217,42.35065],[1.22961,42.35654],[1.23064,42.35962],[1.23821,42.36435],[1.23539,42.36962],[1.22809,42.36832],[1.20965,42.35905],[1.19953,42.35068],[1.1969,42.35129],[1.18825,42.34855],[1.18399,42.34221],[1.1836,42.33696],[1.1719,42.32852],[1.17545,42.3278],[1.17281,42.32689],[1.16375,42.3149],[1.16613,42.30915],[1.15806,42.30679],[1.14169,42.30593],[1.13532,42.30738],[1.1289,42.29906],[1.1227,42.29508],[1.13759,42.28952],[1.1448,42.28574],[1.14786,42.28224],[1.1523,42.28149],[1.15643,42.27838],[1.15738,42.26851],[1.15444,42.26771],[1.15297,42.2655],[1.15133,42.25905]]]}},{"type":"Feature","properties":{"mun_code":"25076","mun_name":"El Cogul","mun_name_local":null,"prov_code":"25","prov_name":"Lleida","acom_code":"09","acom_name":"Cataluña","geo_point_2d":{"lon":0.6928801585019103,"lat":41.45715104415942}},"geometry":{"type":"Polygon","coordinates":[[[0.6635,41.45775],[0.68595,41.44084],[0.69079,41.43281],[0.6906,41.42967],[0.69764,41.42751],[0.70068,41.42385],[0.70454,41.42716],[0.70127,41.43194],[0.70149,41.43565],[0.70632,41.43864],[0.70887,41.4449],[0.72131,41.4417],[0.72149,41.44726],[0.7154,41.45731],[0.72375,41.47027],[0.71605,41.47092],[0.70488,41.47474],[0.69439,41.47544],[0.69063,41.47748],[0.6778,41.47723],[0.6729,41.47954],[0.67146,41.47595],[0.66861,41.47396],[0.66426,41.47322],[0.6622,41.46534],[0.6635,41.45775]]]}},{"type":"Feature","properties":{"mun_code":"25034","mun_name":"Artesa de Segre","mun_name_local":null,"prov_code":"25","prov_name":"Lleida","acom_code":"09","acom_name":"Cataluña","geo_point_2d":{"lon":1.081439718708082,"lat":41.936284318730046}},"geometry":{"type":"Polygon","coordinates":[[[0.95478,41.97103],[0.95914,41.96576],[0.9627,41.96526],[0.96914,41.96046],[0.9709,41.95602],[0.97409,41.95488],[0.9747,41.95305],[0.9857,41.95172],[0.9915,41.94655],[0.99396,41.93248],[0.98975,41.92232],[0.98774,41.92107],[0.98902,41.91503],[0.9997,41.90676],[1.00309,41.90895],[1.00836,41.90855],[1.01183,41.90683],[1.01488,41.89925],[1.01244,41.89531],[1.01456,41.8929],[1.01999,41.89188],[1.02785,41.89757],[1.03758,41.89679],[1.03734,41.89466],[1.03942,41.89387],[1.03923,41.88729],[1.04359,41.88048],[1.04024,41.87833],[1.04248,41.86802],[1.04039,41.8572],[1.04195,41.85698],[1.04469,41.85959],[1.04613,41.85727],[1.05497,41.85753],[1.0578,41.84882],[1.06142,41.84924],[1.06643,41.83539],[1.06367,41.82352],[1.06518,41.81864],[1.06435,41.81456],[1.06912,41.8128],[1.07312,41.81658],[1.07552,41.82312],[1.0919,41.84446],[1.09936,41.85714],[1.10418,41.85568],[1.10261,41.85275],[1.11502,41.8539],[1.11463,41.85108],[1.12031,41.84928],[1.12704,41.8514],[1.12417,41.85545],[1.13701,41.85899],[1.13224,41.86249],[1.13298,41.87383],[1.13082,41.87647],[1.13534,41.88036],[1.13307,41.88552],[1.14034,41.89451],[1.12091,41.89436],[1.11989,41.89978],[1.12347,41.90695],[1.12725,41.92892],[1.13598,41.9362],[1.13619,41.93944],[1.14075,41.94695],[1.15108,41.94093],[1.15422,41.94851],[1.16609,41.95295],[1.16844,41.95678],[1.16771,41.95909],[1.17106,41.96591],[1.16957,41.96827],[1.16654,41.96858],[1.16952,41.97211],[1.16843,41.97909],[1.16033,41.98557],[1.15424,41.98677],[1.14843,41.9943],[1.15067,41.99906],[1.14611,42.0004],[1.14406,42.00386],[1.1535,42.00699],[1.15818,42.01231],[1.14835,42.0187],[1.14429,42.02308],[1.13819,42.02386],[1.13471,42.02624],[1.1339,42.02796],[1.12793,42.0311],[1.12755,42.03399],[1.12188,42.03641],[1.12075,42.03849],[1.10887,42.03938],[1.11004,42.04752],[1.0976,42.062],[1.09435,42.05812],[1.08744,42.05371],[1.07878,42.05],[1.07703,42.04562],[1.08468,42.03674],[1.09035,42.03369],[1.09218,42.02891],[1.08994,42.02019],[1.08784,42.01872],[1.08959,42.01798],[1.08293,42.00792],[1.08741,42.00907],[1.09216,42.00347],[1.10263,41.99569],[1.10057,41.99376],[1.10204,41.99114],[1.1001,41.98781],[1.1014,41.98585],[1.09151,41.97172],[1.08763,41.96873],[1.08135,41.96693],[1.0806,41.96766],[1.07337,41.96292],[1.0737,41.96029],[1.07208,41.95999],[1.06884,41.94903],[1.06352,41.93986],[1.04534,41.93066],[1.03843,41.93449],[1.03681,41.93836],[1.03067,41.93291],[1.02529,41.93497],[1.03031,41.94317],[1.02937,41.94766],[1.03338,41.94961],[1.02666,41.95155],[1.01152,41.96754],[0.98792,41.97803],[0.99783,41.9871],[0.98674,41.98993],[0.98515,41.98598],[0.9705,41.98861],[0.95478,41.97103]]]}},{"type":"Feature","properties":{"mun_code":"25048","mun_name":"Bell-lloc d'Urgell","mun_name_local":null,"prov_code":"25","prov_name":"Lleida","acom_code":"09","acom_name":"Cataluña","geo_point_2d":{"lon":0.7736088846751038,"lat":41.63185693426445}},"geometry":{"type":"Polygon","coordinates":[[[0.72869,41.63794],[0.72887,41.63359],[0.7317,41.6317],[0.73692,41.63217],[0.74872,41.62919],[0.75293,41.61566],[0.75584,41.61495],[0.75463,41.60838],[0.75776,41.59925],[0.76009,41.5975],[0.75954,41.59127],[0.76184,41.58745],[0.76869,41.58838],[0.77334,41.59685],[0.78023,41.60338],[0.78272,41.6093],[0.82288,41.61485],[0.82346,41.62157],[0.80728,41.62266],[0.80846,41.63118],[0.81044,41.63375],[0.81904,41.63577],[0.82225,41.64148],[0.82545,41.64266],[0.81152,41.64656],[0.79807,41.64696],[0.793,41.64858],[0.78722,41.65109],[0.78056,41.65693],[0.76424,41.66522],[0.75217,41.66218],[0.73745,41.66166],[0.73686,41.64873],[0.73145,41.64499],[0.72878,41.63923],[0.72869,41.63794]]]}},{"type":"Feature","properties":{"mun_code":"25211","mun_name":"Sudanell","mun_name_local":null,"prov_code":"25","prov_name":"Lleida","acom_code":"09","acom_name":"Cataluña","geo_point_2d":{"lon":0.5691877978688555,"lat":41.55546858850943}},"geometry":{"type":"Polygon","coordinates":[[[0.54052,41.55485],[0.55056,41.54755],[0.56616,41.54494],[0.56729,41.54601],[0.57082,41.54544],[0.57454,41.54329],[0.5798,41.54284],[0.58612,41.54598],[0.58929,41.54536],[0.59822,41.5381],[0.60058,41.54075],[0.58915,41.54964],[0.58786,41.55307],[0.58189,41.55842],[0.57458,41.57594],[0.57148,41.57526],[0.56432,41.56857],[0.5638,41.56374],[0.56199,41.56203],[0.55328,41.56523],[0.54976,41.55784],[0.54094,41.55509],[0.54052,41.55485]]]}},{"type":"Feature","properties":{"mun_code":"25212","mun_name":"Sunyer","mun_name_local":null,"prov_code":"25","prov_name":"Lleida","acom_code":"09","acom_name":"Cataluña","geo_point_2d":{"lon":0.5882165185327303,"lat":41.52017245022468}},"geometry":{"type":"Polygon","coordinates":[[[0.57492,41.49797],[0.59532,41.48945],[0.59805,41.50443],[0.60242,41.51262],[0.60467,41.52462],[0.60929,41.53511],[0.59896,41.5371],[0.58929,41.54536],[0.58612,41.54598],[0.58427,41.54411],[0.57483,41.54077],[0.57379,41.53466],[0.56964,41.52964],[0.57059,41.52185],[0.57508,41.51619],[0.57758,41.50399],[0.57492,41.49797]]]}},{"type":"Feature","properties":{"mun_code":"25231","mun_name":"Torrelameu","mun_name_local":null,"prov_code":"25","prov_name":"Lleida","acom_code":"09","acom_name":"Cataluña","geo_point_2d":{"lon":0.702946164413819,"lat":41.71226744421059}},"geometry":{"type":"Polygon","coordinates":[[[0.67259,41.71926],[0.67622,41.71523],[0.68426,41.71102],[0.6945,41.69516],[0.70245,41.70008],[0.7053,41.69608],[0.70877,41.69556],[0.71018,41.69863],[0.71253,41.69985],[0.71178,41.70168],[0.71326,41.70118],[0.7156,41.70303],[0.72612,41.69917],[0.72819,41.70324],[0.73474,41.70943],[0.71105,41.72323],[0.68824,41.72881],[0.67259,41.71926]]]}},{"type":"Feature","properties":{"mun_code":"25255","mun_name":"Vinaixa","mun_name_local":null,"prov_code":"25","prov_name":"Lleida","acom_code":"09","acom_name":"Cataluña","geo_point_2d":{"lon":0.9759099383935872,"lat":41.43993156719703}},"geometry":{"type":"Polygon","coordinates":[[[0.92875,41.4617],[0.95619,41.44],[0.95785,41.43723],[0.95507,41.43363],[0.95839,41.41699],[0.96825,41.41052],[0.97382,41.40055],[0.98039,41.39573],[0.98196,41.39175],[0.99184,41.38896],[0.99384,41.39101],[0.99334,41.39424],[0.99829,41.39877],[1.0033,41.39994],[1.0011,41.40189],[1.00347,41.40458],[0.99837,41.41197],[0.99807,41.41561],[0.99909,41.4168],[1.00681,41.41763],[1.01534,41.42417],[1.01289,41.42634],[1.01338,41.42969],[1.00866,41.43288],[1.00739,41.43974],[1.00459,41.4426],[1.00343,41.4464],[1.00594,41.44893],[1.00588,41.45123],[1.0002,41.45439],[1.00106,41.45719],[0.99768,41.45991],[0.99787,41.46215],[0.98779,41.46713],[0.98698,41.47017],[0.97774,41.47366],[0.96842,41.48102],[0.95834,41.47888],[0.95705,41.47625],[0.94301,41.4734],[0.93521,41.47422],[0.93414,41.46886],[0.92893,41.46199],[0.92875,41.4617]]]}},{"type":"Feature","properties":{"mun_code":"25251","mun_name":"Vilanova de Segrià","mun_name_local":null,"prov_code":"25","prov_name":"Lleida","acom_code":"09","acom_name":"Cataluña","geo_point_2d":{"lon":0.6210485094830127,"lat":41.71158623927273}},"geometry":{"type":"Polygon","coordinates":[[[0.5741,41.70956],[0.6083,41.70746],[0.60953,41.7036],[0.61329,41.70015],[0.61627,41.69904],[0.61768,41.70299],[0.61991,41.70299],[0.62441,41.69898],[0.63024,41.70023],[0.6337,41.69966],[0.63746,41.70266],[0.64949,41.70732],[0.65065,41.70912],[0.64002,41.71874],[0.62536,41.72374],[0.61993,41.72145],[0.61732,41.72259],[0.61259,41.72173],[0.61259,41.72323],[0.60792,41.72301],[0.60672,41.72097],[0.59893,41.71666],[0.5964,41.71195],[0.58424,41.711],[0.57699,41.71208],[0.57441,41.71035],[0.5741,41.70956]]]}},{"type":"Feature","properties":{"mun_code":"25013","mun_name":"Alfarràs","mun_name_local":null,"prov_code":"25","prov_name":"Lleida","acom_code":"09","acom_name":"Cataluña","geo_point_2d":{"lon":0.5659927295869244,"lat":41.83011832296714}},"geometry":{"type":"Polygon","coordinates":[[[0.54226,41.82006],[0.5627,41.81326],[0.57657,41.8071],[0.58739,41.80859],[0.57793,41.82714],[0.57712,41.83595],[0.57983,41.84187],[0.58005,41.85091],[0.56223,41.85322],[0.56128,41.85193],[0.55771,41.85389],[0.55521,41.85301],[0.55134,41.84357],[0.55132,41.84064],[0.55343,41.84016],[0.5528,41.83458],[0.54886,41.82637],[0.54544,41.82424],[0.54278,41.82011],[0.54226,41.82006]]]}},{"type":"Feature","properties":{"mun_code":"25905","mun_name":"Ribera d'Ondara","mun_name_local":null,"prov_code":"25","prov_name":"Lleida","acom_code":"09","acom_name":"Cataluña","geo_point_2d":{"lon":1.3256844269547965,"lat":41.63110938358575}},"geometry":{"type":"MultiPolygon","coordinates":[[[[1.26102,41.63362],[1.25163,41.61522],[1.25319,41.61419],[1.25016,41.6148],[1.24851,41.61062],[1.25873,41.60625],[1.26609,41.60824],[1.27437,41.6142],[1.27815,41.62311],[1.27185,41.62481],[1.26103,41.63356],[1.26102,41.63362]]],[[[1.38527,41.603],[1.37497,41.60753],[1.37488,41.61181],[1.36968,41.61281],[1.36876,41.61048],[1.36115,41.61232],[1.36218,41.60609],[1.36605,41.60462],[1.36603,41.60024],[1.37946,41.60053],[1.38527,41.603]]],[[[1.33348,41.66863],[1.33167,41.66851],[1.33324,41.66683],[1.33252,41.66506],[1.31792,41.64507],[1.31005,41.6517],[1.30858,41.65538],[1.30121,41.65965],[1.29417,41.657],[1.29139,41.65453],[1.28376,41.65305],[1.28324,41.6479],[1.27672,41.64242],[1.27863,41.63684],[1.27884,41.62586],[1.28109,41.62167],[1.29086,41.61422],[1.29137,41.60313],[1.29775,41.59959],[1.30435,41.59867],[1.30372,41.59777],[1.3092,41.59547],[1.31829,41.59595],[1.32063,41.59537],[1.32097,41.5937],[1.3268,41.59299],[1.33055,41.59438],[1.33617,41.59322],[1.3398,41.59861],[1.3467,41.60219],[1.34085,41.60715],[1.34308,41.61105],[1.35244,41.61622],[1.34884,41.61796],[1.34762,41.62137],[1.35523,41.62252],[1.36291,41.62038],[1.36988,41.62139],[1.37903,41.62497],[1.38632,41.62612],[1.38743,41.63136],[1.38004,41.6328],[1.37351,41.64217],[1.37243,41.64741],[1.37808,41.67054],[1.37462,41.67262],[1.37367,41.67611],[1.36664,41.67399],[1.35016,41.66377],[1.33393,41.66605],[1.33348,41.66863]]]]}},{"type":"Feature","properties":{"mun_code":"25253","mun_name":"El Vilosell","mun_name_local":null,"prov_code":"25","prov_name":"Lleida","acom_code":"09","acom_name":"Cataluña","geo_point_2d":{"lon":0.9514613381163001,"lat":41.38652376672093}},"geometry":{"type":"Polygon","coordinates":[[[0.9108,41.40423],[0.91353,41.39834],[0.91734,41.39476],[0.91605,41.39164],[0.91877,41.38867],[0.92672,41.3874],[0.93422,41.37995],[0.93834,41.37793],[0.94048,41.36842],[0.95034,41.3607],[0.95232,41.35754],[0.95157,41.3519],[0.95874,41.35491],[0.96435,41.35526],[0.96633,41.35858],[0.96241,41.3598],[0.96208,41.36749],[0.96531,41.36807],[0.97263,41.37329],[0.97351,41.3808],[0.97958,41.38656],[0.98196,41.39175],[0.98039,41.39573],[0.97382,41.40055],[0.96825,41.41052],[0.96191,41.40962],[0.95871,41.40716],[0.95388,41.40704],[0.95244,41.40544],[0.93977,41.40462],[0.93011,41.40179],[0.92,41.40121],[0.91366,41.40302],[0.9108,41.40423]]]}},{"type":"Feature","properties":{"mun_code":"25073","mun_name":"Cervià de les Garrigues","mun_name_local":null,"prov_code":"25","prov_name":"Lleida","acom_code":"09","acom_name":"Cataluña","geo_point_2d":{"lon":0.8408782830010406,"lat":41.43625502650611}},"geometry":{"type":"Polygon","coordinates":[[[0.79346,41.43884],[0.79553,41.42097],[0.80365,41.41564],[0.80497,41.41154],[0.80372,41.4079],[0.80628,41.405],[0.83005,41.40409],[0.83112,41.40498],[0.825,41.41856],[0.8209,41.42115],[0.81534,41.43001],[0.8147,41.43517],[0.81847,41.43216],[0.82793,41.42885],[0.83031,41.42659],[0.84111,41.42182],[0.84696,41.42392],[0.85037,41.4225],[0.85588,41.42322],[0.85992,41.42255],[0.86148,41.42076],[0.86441,41.42174],[0.86825,41.41802],[0.87685,41.41596],[0.88026,41.41643],[0.88499,41.41952],[0.89002,41.41699],[0.89329,41.41734],[0.89499,41.42773],[0.89981,41.43336],[0.88726,41.43778],[0.88503,41.44265],[0.87767,41.44468],[0.87145,41.45187],[0.87115,41.45466],[0.8451,41.4638],[0.83534,41.46496],[0.8228,41.46425],[0.8192,41.46259],[0.81647,41.4503],[0.81169,41.45153],[0.80784,41.45068],[0.79747,41.44593],[0.79812,41.44284],[0.78983,41.44304],[0.78857,41.44232],[0.792,41.43966],[0.79346,41.43884]]]}},{"type":"Feature","properties":{"mun_code":"25182","mun_name":"Puigverd de Lleida","mun_name_local":null,"prov_code":"25","prov_name":"Lleida","acom_code":"09","acom_name":"Cataluña","geo_point_2d":{"lon":0.7372155189547894,"lat":41.54255796203948}},"geometry":{"type":"Polygon","coordinates":[[[0.71015,41.52498],[0.7267,41.51851],[0.73156,41.52034],[0.7415,41.52937],[0.74554,41.5282],[0.74783,41.53319],[0.75083,41.53121],[0.75886,41.53773],[0.75413,41.54032],[0.75605,41.55035],[0.76446,41.55134],[0.76475,41.55708],[0.74372,41.56119],[0.74056,41.56562],[0.73236,41.56676],[0.72712,41.55815],[0.72164,41.54093],[0.71013,41.52502],[0.71015,41.52498]]]}},{"type":"Feature","properties":{"mun_code":"25179","mun_name":"Prullans","mun_name_local":null,"prov_code":"25","prov_name":"Lleida","acom_code":"09","acom_name":"Cataluña","geo_point_2d":{"lon":1.7270381733017797,"lat":42.38782070211839}},"geometry":{"type":"Polygon","coordinates":[[[1.69543,42.36276],[1.69707,42.364],[1.69816,42.36235],[1.70046,42.36364],[1.70513,42.361],[1.70566,42.36343],[1.70956,42.3638],[1.71163,42.36702],[1.71508,42.36409],[1.71787,42.3657],[1.72201,42.36465],[1.72513,42.36744],[1.72813,42.36712],[1.72896,42.36819],[1.73571,42.36746],[1.7396,42.36431],[1.74881,42.36531],[1.75074,42.37009],[1.75423,42.37192],[1.75717,42.37077],[1.75894,42.37343],[1.75984,42.3824],[1.75288,42.38975],[1.74885,42.39833],[1.74294,42.39987],[1.73905,42.40643],[1.73392,42.40954],[1.72944,42.41476],[1.72926,42.41955],[1.73273,42.42179],[1.73015,42.42943],[1.72392,42.43175],[1.72099,42.42216],[1.71935,42.40786],[1.70922,42.40288],[1.70916,42.40034],[1.7041,42.40435],[1.70302,42.40826],[1.70112,42.40804],[1.70053,42.40054],[1.70596,42.3921],[1.70601,42.38525],[1.7003,42.37715],[1.70095,42.37481],[1.69661,42.37002],[1.69537,42.36295],[1.69543,42.36276]]]}},{"type":"Feature","properties":{"mun_code":"25224","mun_name":"Els Torms","mun_name_local":null,"prov_code":"25","prov_name":"Lleida","acom_code":"09","acom_name":"Cataluña","geo_point_2d":{"lon":0.7214277561068639,"lat":41.39510468797099}},"geometry":{"type":"Polygon","coordinates":[[[0.6924,41.39785],[0.70134,41.3901],[0.71513,41.38405],[0.71964,41.37705],[0.73369,41.3705],[0.74495,41.37834],[0.73881,41.38336],[0.73828,41.38539],[0.7468,41.39954],[0.72933,41.41466],[0.72524,41.41649],[0.72528,41.41303],[0.72068,41.41203],[0.71938,41.40867],[0.7109,41.41032],[0.69846,41.41065],[0.68973,41.40401],[0.6924,41.39785]]]}},{"type":"Feature","properties":{"mun_code":"25220","mun_name":"Térmens","mun_name_local":null,"prov_code":"25","prov_name":"Lleida","acom_code":"09","acom_name":"Cataluña","geo_point_2d":{"lon":0.7869072803021921,"lat":41.71975450086006}},"geometry":{"type":"Polygon","coordinates":[[[0.74185,41.7122],[0.74959,41.7061],[0.76359,41.68561],[0.77646,41.68807],[0.77424,41.69709],[0.77749,41.6998],[0.78286,41.69944],[0.79182,41.70153],[0.79495,41.70345],[0.80537,41.70207],[0.80955,41.70007],[0.81196,41.71323],[0.81982,41.71196],[0.82981,41.71221],[0.8314,41.72148],[0.82772,41.72847],[0.80895,41.73795],[0.79327,41.75396],[0.7835,41.74947],[0.7773,41.75021],[0.77499,41.74893],[0.7699,41.74208],[0.77362,41.73598],[0.7733,41.73174],[0.77088,41.73037],[0.76441,41.73043],[0.7621,41.72168],[0.75386,41.71774],[0.74478,41.71624],[0.74209,41.71277],[0.74185,41.7122]]]}},{"type":"Feature","properties":{"mun_code":"25041","mun_name":"Barbens","mun_name_local":null,"prov_code":"25","prov_name":"Lleida","acom_code":"09","acom_name":"Cataluña","geo_point_2d":{"lon":1.0451243438515005,"lat":41.688099436257325}},"geometry":{"type":"MultiPolygon","coordinates":[[[[1.00935,41.68879],[1.00625,41.67805],[1.0171,41.67632],[1.02573,41.67039],[1.02719,41.67404],[1.02499,41.67489],[1.02618,41.67694],[1.02793,41.67613],[1.02911,41.67734],[1.02731,41.67771],[1.02842,41.68018],[1.0371,41.67893],[1.04163,41.68747],[1.01976,41.69593],[1.01462,41.6945],[1.00966,41.68853],[1.00935,41.68879]]],[[[1.0991,41.70522],[1.08225,41.70045],[1.07866,41.7021],[1.05522,41.68279],[1.05829,41.68122],[1.07736,41.68679],[1.10014,41.70273],[1.0991,41.70522]]]]}},{"type":"Feature","properties":{"mun_code":"25243","mun_name":"Vielha e Mijaran","mun_name_local":null,"prov_code":"25","prov_name":"Lleida","acom_code":"09","acom_name":"Cataluña","geo_point_2d":{"lon":0.7871253841687018,"lat":42.705945850349046}},"geometry":{"type":"Polygon","coordinates":[[[0.66007,42.69085],[0.66008,42.68785],[0.66356,42.68458],[0.67348,42.67898],[0.67545,42.67165],[0.68004,42.66822],[0.68018,42.66633],[0.68652,42.6647],[0.6921,42.65909],[0.69559,42.65862],[0.69611,42.65445],[0.69482,42.65306],[0.69833,42.64553],[0.70314,42.64176],[0.69954,42.63678],[0.70089,42.63257],[0.69864,42.62883],[0.70771,42.62108],[0.71736,42.6198],[0.72949,42.61491],[0.73359,42.61531],[0.73828,42.61228],[0.74169,42.61285],[0.74493,42.61522],[0.76755,42.61122],[0.76811,42.60979],[0.7724,42.61267],[0.78725,42.61558],[0.79328,42.61518],[0.79741,42.61736],[0.80561,42.61894],[0.80383,42.62505],[0.80462,42.62861],[0.79881,42.63385],[0.79167,42.63473],[0.79108,42.64113],[0.79714,42.64448],[0.81042,42.64375],[0.8416,42.64882],[0.84218,42.65056],[0.83896,42.65641],[0.84038,42.66014],[0.84226,42.66224],[0.84556,42.66248],[0.85307,42.67279],[0.85017,42.67359],[0.84396,42.67002],[0.83935,42.67361],[0.83772,42.68619],[0.84327,42.69615],[0.83634,42.70084],[0.83302,42.70105],[0.83327,42.71139],[0.8297,42.71352],[0.83046,42.71645],[0.83711,42.71788],[0.83777,42.7198],[0.8462,42.72086],[0.84932,42.72496],[0.86972,42.73638],[0.87289,42.74154],[0.87553,42.74301],[0.87537,42.74664],[0.88209,42.75279],[0.88462,42.75281],[0.89068,42.76058],[0.90365,42.76895],[0.89768,42.78252],[0.89401,42.7834],[0.8903,42.78817],[0.89153,42.79295],[0.88857,42.79729],[0.88196,42.79874],[0.87918,42.80278],[0.87363,42.80572],[0.8677,42.80329],[0.8626,42.80414],[0.85573,42.80033],[0.84777,42.801],[0.84142,42.79702],[0.82062,42.79327],[0.80102,42.7931],[0.80016,42.78882],[0.78913,42.78811],[0.78132,42.79],[0.77103,42.78959],[0.76819,42.78813],[0.77472,42.78131],[0.77247,42.78126],[0.77281,42.77391],[0.76394,42.76167],[0.76242,42.75785],[0.76355,42.75716],[0.75854,42.75245],[0.75883,42.75087],[0.75195,42.7458],[0.74992,42.74456],[0.74652,42.74513],[0.74543,42.73645],[0.73879,42.73704],[0.73753,42.73386],[0.73215,42.73246],[0.73453,42.72956],[0.7328,42.72445],[0.73381,42.72269],[0.73015,42.72332],[0.72532,42.71996],[0.7191,42.7099],[0.71474,42.70654],[0.70902,42.69504],[0.70976,42.68861],[0.69388,42.68876],[0.67616,42.69087],[0.66834,42.68918],[0.66322,42.6914],[0.66035,42.69089],[0.66007,42.69085]]]}},{"type":"Feature","properties":{"mun_code":"25166","mun_name":"Pinell de Solsonès","mun_name_local":null,"prov_code":"25","prov_name":"Lleida","acom_code":"09","acom_name":"Cataluña","geo_point_2d":{"lon":1.3686887676139718,"lat":41.95164796415478}},"geometry":{"type":"Polygon","coordinates":[[[1.29157,41.95884],[1.2937,41.95516],[1.3068,41.95303],[1.31356,41.94885],[1.30979,41.9362],[1.30027,41.92507],[1.29536,41.92145],[1.30535,41.92322],[1.31211,41.91846],[1.31754,41.91036],[1.32042,41.89758],[1.31872,41.89296],[1.3233,41.88923],[1.32518,41.89055],[1.32462,41.89248],[1.32865,41.89275],[1.32954,41.89501],[1.33326,41.89601],[1.33657,41.90525],[1.33958,41.90575],[1.34034,41.9076],[1.34644,41.90414],[1.35127,41.9047],[1.35266,41.90701],[1.34981,41.90766],[1.35339,41.91153],[1.35213,41.91355],[1.35335,41.91796],[1.35894,41.91926],[1.35869,41.92092],[1.36233,41.92317],[1.3723,41.92434],[1.375,41.92618],[1.37772,41.92574],[1.37952,41.92772],[1.38677,41.9271],[1.38758,41.92406],[1.39229,41.92014],[1.39509,41.92021],[1.3957,41.91741],[1.39893,41.91574],[1.39994,41.91345],[1.40555,41.91472],[1.40855,41.91631],[1.40831,41.91793],[1.41355,41.92483],[1.41975,41.92874],[1.41956,41.93037],[1.43172,41.93454],[1.43425,41.93637],[1.43456,41.93939],[1.44585,41.94341],[1.44527,41.94562],[1.4474,41.94516],[1.45118,41.94789],[1.45619,41.94829],[1.46527,41.95723],[1.46601,41.96038],[1.46849,41.96121],[1.46635,41.96345],[1.46603,41.97209],[1.46331,41.97484],[1.4586,41.97566],[1.45988,41.97783],[1.45838,41.97933],[1.45642,41.97752],[1.4527,41.97745],[1.44707,41.97511],[1.44195,41.96905],[1.43512,41.96436],[1.43087,41.96416],[1.42158,41.97422],[1.42259,41.98202],[1.41497,41.98083],[1.41303,41.9858],[1.40481,41.98929],[1.39643,41.98682],[1.38633,41.98953],[1.38499,41.98668],[1.38236,41.98618],[1.38452,41.98217],[1.36556,41.97685],[1.36162,41.98021],[1.35435,41.99196],[1.35092,41.99423],[1.34165,41.99325],[1.33726,41.9913],[1.32403,41.99048],[1.30918,41.99465],[1.30522,41.99205],[1.30613,41.98998],[1.30906,41.99008],[1.30826,41.98586],[1.29941,41.98083],[1.29753,41.9741],[1.29454,41.97377],[1.29623,41.97185],[1.29442,41.9661],[1.29075,41.96479],[1.29184,41.96028],[1.29157,41.95884]],[[1.31686,41.98234],[1.31314,41.98821],[1.31945,41.99119],[1.32105,41.9905],[1.32212,41.98572],[1.32062,41.98308],[1.31752,41.98198],[1.31686,41.98234]]]}},{"type":"Feature","properties":{"mun_code":"25216","mun_name":"Talavera","mun_name_local":null,"prov_code":"25","prov_name":"Lleida","acom_code":"09","acom_name":"Cataluña","geo_point_2d":{"lon":1.3611423975326322,"lat":41.584885778805386}},"geometry":{"type":"Polygon","coordinates":[[[1.30424,41.57146],[1.31221,41.56876],[1.32885,41.56697],[1.34537,41.56802],[1.37173,41.56526],[1.38043,41.56136],[1.38445,41.55587],[1.40319,41.55788],[1.40223,41.56471],[1.39501,41.56768],[1.39227,41.5788],[1.39569,41.58507],[1.40289,41.58637],[1.40777,41.59074],[1.40733,41.60034],[1.39356,41.59971],[1.38527,41.603],[1.37946,41.60053],[1.36603,41.60024],[1.36605,41.60462],[1.36218,41.60609],[1.36053,41.61374],[1.36959,41.61733],[1.36988,41.62139],[1.36291,41.62038],[1.35523,41.62252],[1.34762,41.62137],[1.34884,41.61796],[1.35244,41.61622],[1.34308,41.61105],[1.34085,41.60715],[1.3467,41.60219],[1.3398,41.59861],[1.33617,41.59322],[1.33055,41.59438],[1.3268,41.59299],[1.32097,41.5937],[1.32063,41.59537],[1.31914,41.59507],[1.32116,41.59278],[1.32096,41.58958],[1.31714,41.58164],[1.31426,41.57909],[1.31277,41.57932],[1.30719,41.57338],[1.30373,41.57219],[1.30424,41.57146]]]}},{"type":"Feature","properties":{"mun_code":"25029","mun_name":"Arbeca","mun_name_local":null,"prov_code":"25","prov_name":"Lleida","acom_code":"09","acom_name":"Cataluña","geo_point_2d":{"lon":0.9367029660830435,"lat":41.544629081692825}},"geometry":{"type":"Polygon","coordinates":[[[0.88885,41.57436],[0.88738,41.57141],[0.88965,41.5616],[0.89086,41.55945],[0.89418,41.55865],[0.89445,41.55275],[0.89407,41.53897],[0.89093,41.5268],[0.9032,41.52276],[0.90801,41.51778],[0.90762,41.51649],[0.91161,41.51573],[0.91284,41.51403],[0.9139,41.51566],[0.90927,41.51786],[0.90718,41.5233],[0.90945,41.52524],[0.91268,41.52569],[0.91667,41.52371],[0.91979,41.5191],[0.91865,41.51374],[0.92295,41.51313],[0.9232,41.51052],[0.93414,41.507],[0.93401,41.50002],[0.93556,41.49869],[0.93179,41.49515],[0.92914,41.49448],[0.9305,41.48818],[0.92698,41.48428],[0.92922,41.48112],[0.93773,41.47794],[0.9439,41.48948],[0.94222,41.49762],[0.94879,41.51084],[0.96808,41.5076],[0.97517,41.51074],[0.97822,41.51429],[0.98134,41.5281],[0.9881,41.53637],[0.98335,41.54635],[0.98771,41.54641],[0.98669,41.55006],[0.97946,41.5551],[0.97951,41.55661],[0.97228,41.5587],[0.96911,41.56506],[0.96113,41.56809],[0.96864,41.57784],[0.95311,41.58412],[0.93868,41.58399],[0.9177,41.58919],[0.89917,41.58117],[0.88989,41.57536],[0.88885,41.57436]]]}},{"type":"Feature","properties":{"mun_code":"25006","mun_name":"L'Albagés","mun_name_local":null,"prov_code":"25","prov_name":"Lleida","acom_code":"09","acom_name":"Cataluña","geo_point_2d":{"lon":0.7531653020746415,"lat":41.44642074093765}},"geometry":{"type":"Polygon","coordinates":[[[0.72131,41.4417],[0.72362,41.43936],[0.72283,41.43436],[0.72119,41.43334],[0.72317,41.4327],[0.72191,41.43197],[0.72498,41.42219],[0.72341,41.41833],[0.72524,41.41649],[0.73426,41.42298],[0.75246,41.41955],[0.76205,41.41642],[0.76553,41.41781],[0.76298,41.42162],[0.76471,41.42249],[0.75672,41.4327],[0.76228,41.43854],[0.76312,41.44285],[0.76595,41.44446],[0.76933,41.44327],[0.7858,41.42983],[0.78852,41.43578],[0.79346,41.43884],[0.78857,41.44232],[0.79812,41.44284],[0.79723,41.45145],[0.78979,41.46196],[0.7854,41.46573],[0.78669,41.46737],[0.78479,41.46839],[0.77973,41.46551],[0.77672,41.46681],[0.77125,41.46706],[0.77058,41.46593],[0.76705,41.46705],[0.75718,41.46388],[0.75098,41.46588],[0.7421,41.46529],[0.73846,41.46781],[0.72802,41.4683],[0.72678,41.47011],[0.72375,41.47027],[0.7154,41.45731],[0.72156,41.44577],[0.72131,41.4417]]]}},{"type":"Feature","properties":{"mun_code":"25015","mun_name":"Algerri","mun_name_local":null,"prov_code":"25","prov_name":"Lleida","acom_code":"09","acom_name":"Cataluña","geo_point_2d":{"lon":0.635175047450354,"lat":41.8234757516129}},"geometry":{"type":"Polygon","coordinates":[[[0.57893,41.82496],[0.591,41.80195],[0.60047,41.7912],[0.61057,41.78518],[0.6153,41.77519],[0.63088,41.78211],[0.66548,41.79002],[0.67215,41.7942],[0.67174,41.80063],[0.67538,41.80651],[0.67155,41.81562],[0.67093,41.82459],[0.67686,41.83555],[0.67702,41.84107],[0.67805,41.84278],[0.68095,41.84243],[0.67129,41.84847],[0.66636,41.84924],[0.664,41.85117],[0.6644,41.85302],[0.65917,41.85319],[0.66316,41.8685],[0.66203,41.87384],[0.65791,41.87711],[0.65718,41.88048],[0.65456,41.88264],[0.64586,41.87532],[0.64135,41.87416],[0.63864,41.87187],[0.62871,41.87222],[0.6234,41.87013],[0.62339,41.84224],[0.62031,41.83864],[0.61269,41.83382],[0.6042,41.83331],[0.59797,41.83144],[0.59551,41.83248],[0.59095,41.83196],[0.59003,41.83016],[0.58667,41.82999],[0.57893,41.82496]]]}},{"type":"Feature","properties":{"mun_code":"25033","mun_name":"Artesa de Lleida","mun_name_local":null,"prov_code":"25","prov_name":"Lleida","acom_code":"09","acom_name":"Cataluña","geo_point_2d":{"lon":0.6981470176150196,"lat":41.543829569049834}},"geometry":{"type":"Polygon","coordinates":[[[0.67649,41.51124],[0.68148,41.50513],[0.69593,41.49982],[0.70039,41.50507],[0.70547,41.51862],[0.72164,41.54093],[0.72712,41.55815],[0.73236,41.56676],[0.73245,41.57071],[0.72593,41.57273],[0.72198,41.56901],[0.69437,41.5681],[0.68716,41.56933],[0.67881,41.57252],[0.67465,41.57564],[0.66693,41.5648],[0.67359,41.55051],[0.68026,41.54426],[0.68495,41.54306],[0.68306,41.54149],[0.68043,41.53191],[0.68943,41.52459],[0.67627,41.51147],[0.67649,41.51124]]]}},{"type":"Feature","properties":{"mun_code":"25234","mun_name":"Tremp","mun_name_local":null,"prov_code":"25","prov_name":"Lleida","acom_code":"09","acom_name":"Cataluña","geo_point_2d":{"lon":0.8022449814397409,"lat":42.21517774421989}},"geometry":{"type":"MultiPolygon","coordinates":[[[[0.76701,42.34884],[0.77259,42.3463],[0.79556,42.34762],[0.79773,42.35216],[0.80593,42.35431],[0.80876,42.35773],[0.79927,42.36266],[0.79078,42.3737],[0.78959,42.37168],[0.78609,42.37105],[0.78228,42.37433],[0.77047,42.37588],[0.76631,42.36966],[0.76133,42.36668],[0.76243,42.36012],[0.75986,42.35845],[0.7619,42.35642],[0.76546,42.35617],[0.76613,42.35335],[0.77131,42.35064],[0.76824,42.34983],[0.76701,42.34884]]],[[[0.90648,42.16251],[0.90581,42.17052],[0.89964,42.17641],[0.89546,42.1764],[0.8853,42.17294],[0.88746,42.17144],[0.88518,42.16914],[0.88649,42.16818],[0.88419,42.16679],[0.88339,42.16031],[0.9007,42.15808],[0.90636,42.16222],[0.90648,42.16251]]],[[[0.89436,42.12105],[0.89265,42.13237],[0.87383,42.13758],[0.87685,42.13499],[0.87937,42.12826],[0.88274,42.12433],[0.89353,42.12107],[0.89436,42.12105]]],[[[0.90648,42.16251],[0.90706,42.15559],[0.90492,42.15305],[0.89654,42.15183],[0.89378,42.14454],[0.89412,42.13762],[0.89858,42.13532],[0.90379,42.13465],[0.90091,42.12163],[0.91364,42.12408],[0.9129,42.13237],[0.92077,42.13699],[0.93751,42.13908],[0.93935,42.13637],[0.93633,42.13052],[0.94138,42.13046],[0.94581,42.12385],[0.952,42.12793],[0.95177,42.1333],[0.95704,42.14431],[0.9687,42.15698],[0.96619,42.16164],[0.97176,42.17312],[0.95652,42.16632],[0.9535,42.16672],[0.94837,42.17102],[0.94236,42.16924],[0.93494,42.17171],[0.93294,42.1689],[0.9225,42.16989],[0.90787,42.16267],[0.90648,42.16251]]],[[[0.70795,42.20373],[0.70932,42.19746],[0.70627,42.19292],[0.70681,42.19049],[0.70374,42.19095],[0.70199,42.18908],[0.7035,42.18588],[0.70085,42.18216],[0.70113,42.17653],[0.69795,42.17235],[0.70062,42.16921],[0.70887,42.16654],[0.71385,42.16282],[0.70332,42.15773],[0.6955,42.15141],[0.69659,42.12957],[0.69844,42.12648],[0.70061,42.12845],[0.70942,42.12254],[0.71041,42.11737],[0.71829,42.11524],[0.72225,42.11048],[0.72738,42.11036],[0.73374,42.1139],[0.73479,42.11276],[0.73835,42.11347],[0.74016,42.11611],[0.74875,42.11739],[0.75083,42.12033],[0.75392,42.12098],[0.75497,42.11993],[0.75754,42.12077],[0.7638,42.11991],[0.76608,42.12164],[0.77416,42.1204],[0.77713,42.12288],[0.78543,42.12079],[0.79023,42.12439],[0.79219,42.13416],[0.80154,42.13062],[0.80132,42.13258],[0.82566,42.13521],[0.8445,42.1419],[0.8531,42.14302],[0.87114,42.14193],[0.8792,42.15696],[0.87856,42.1586],[0.87125,42.15968],[0.87158,42.16187],[0.88348,42.17091],[0.87612,42.17621],[0.85973,42.18355],[0.85985,42.18959],[0.85753,42.19246],[0.868,42.19545],[0.8783,42.20649],[0.88191,42.20632],[0.88725,42.21398],[0.89053,42.21386],[0.90683,42.20696],[0.90952,42.21032],[0.91088,42.21586],[0.89606,42.22174],[0.88957,42.23383],[0.87854,42.23536],[0.87293,42.24015],[0.86703,42.24184],[0.86262,42.24485],[0.86099,42.25043],[0.85574,42.25692],[0.84796,42.25922],[0.85049,42.2612],[0.85647,42.26154],[0.85664,42.26836],[0.85412,42.26995],[0.85252,42.27537],[0.85485,42.2784],[0.85493,42.28273],[0.85906,42.28559],[0.86151,42.2906],[0.87062,42.29298],[0.87274,42.29506],[0.87354,42.30003],[0.86575,42.30254],[0.86342,42.30559],[0.8566,42.30665],[0.85808,42.30966],[0.85291,42.31081],[0.84722,42.3142],[0.81498,42.31486],[0.7994,42.32023],[0.79062,42.32779],[0.77121,42.33343],[0.77594,42.34104],[0.76818,42.34354],[0.76253,42.34837],[0.7543,42.34664],[0.754,42.34458],[0.74943,42.34326],[0.74476,42.33759],[0.74036,42.33687],[0.74368,42.32632],[0.74992,42.32676],[0.75495,42.32501],[0.75918,42.3259],[0.76462,42.32248],[0.75511,42.31344],[0.75662,42.30931],[0.74483,42.30118],[0.74301,42.2897],[0.74389,42.28573],[0.73861,42.28147],[0.73974,42.27034],[0.7373,42.26547],[0.73525,42.25463],[0.73622,42.25239],[0.73253,42.24777],[0.72798,42.24622],[0.72541,42.24295],[0.72412,42.23911],[0.72551,42.2364],[0.7144,42.22394],[0.71708,42.21845],[0.71335,42.21574],[0.71396,42.20968],[0.70809,42.20452],[0.70795,42.20373]]]]}},{"type":"Feature","properties":{"mun_code":"25228","mun_name":"Torrefarrera","mun_name_local":null,"prov_code":"25","prov_name":"Lleida","acom_code":"09","acom_name":"Cataluña","geo_point_2d":{"lon":0.556726009817748,"lat":41.693505978515596}},"geometry":{"type":"MultiPolygon","coordinates":[[[[0.61477,41.69352],[0.61312,41.69325],[0.61311,41.68431],[0.60319,41.68366],[0.59826,41.68253],[0.59673,41.68088],[0.5856,41.67884],[0.56948,41.69079],[0.56493,41.68464],[0.57323,41.67704],[0.58135,41.6746],[0.58766,41.66995],[0.60344,41.66308],[0.61773,41.66773],[0.61618,41.66918],[0.61772,41.67118],[0.61618,41.67922],[0.61756,41.68079],[0.624,41.67692],[0.62537,41.6776],[0.62287,41.68128],[0.6245,41.68447],[0.62218,41.68641],[0.62081,41.69112],[0.61532,41.69359],[0.61477,41.69352]]],[[[0.51809,41.71798],[0.50887,41.70135],[0.5029,41.6944],[0.51935,41.68598],[0.52133,41.68155],[0.52867,41.67717],[0.54964,41.68942],[0.55347,41.69511],[0.56054,41.69363],[0.56288,41.69437],[0.56948,41.69079],[0.57464,41.7106],[0.57163,41.71285],[0.51895,41.71791],[0.51809,41.71798]]]]}},{"type":"Feature","properties":{"mun_code":"25122","mun_name":"Linyola","mun_name_local":null,"prov_code":"25","prov_name":"Lleida","acom_code":"09","acom_name":"Cataluña","geo_point_2d":{"lon":0.8902867077256161,"lat":41.70743884361199}},"geometry":{"type":"Polygon","coordinates":[[[0.85687,41.71118],[0.86059,41.69436],[0.86462,41.68466],[0.86452,41.67856],[0.87531,41.67794],[0.87546,41.6812],[0.88092,41.68244],[0.88486,41.68218],[0.8836,41.6775],[0.9124,41.68015],[0.91569,41.6825],[0.91428,41.68541],[0.91506,41.6912],[0.91863,41.70227],[0.92778,41.70644],[0.91554,41.71944],[0.91338,41.73766],[0.89425,41.73778],[0.89309,41.74064],[0.87418,41.73932],[0.87866,41.73193],[0.87156,41.72552],[0.86373,41.7232],[0.85689,41.71172],[0.85687,41.71118]]]}},{"type":"Feature","properties":{"mun_code":"25133","mun_name":"Maials","mun_name_local":null,"prov_code":"25","prov_name":"Lleida","acom_code":"09","acom_name":"Cataluña","geo_point_2d":{"lon":0.5063995521138164,"lat":41.34322421017526}},"geometry":{"type":"Polygon","coordinates":[[[0.46162,41.33507],[0.47019,41.33061],[0.47061,41.32787],[0.4754,41.32653],[0.47447,41.32461],[0.48023,41.32341],[0.4791,41.32095],[0.48088,41.32014],[0.48099,41.31743],[0.48977,41.31044],[0.49021,41.30672],[0.49736,41.30269],[0.49854,41.29713],[0.50256,41.2943],[0.50314,41.28978],[0.5091,41.29141],[0.5152,41.29067],[0.51873,41.29169],[0.52621,41.2902],[0.53083,41.29848],[0.53031,41.30025],[0.53519,41.30238],[0.5435,41.3108],[0.54549,41.32275],[0.55448,41.32659],[0.55518,41.32995],[0.53998,41.35301],[0.53427,41.35822],[0.52811,41.36716],[0.52943,41.37206],[0.52172,41.39205],[0.48606,41.38863],[0.47328,41.38854],[0.47033,41.38687],[0.46096,41.37719],[0.47326,41.35945],[0.46904,41.35037],[0.46922,41.34539],[0.46178,41.33539],[0.46162,41.33507]]]}},{"type":"Feature","properties":{"mun_code":"25205","mun_name":"Sidamon","mun_name_local":null,"prov_code":"25","prov_name":"Lleida","acom_code":"09","acom_name":"Cataluña","geo_point_2d":{"lon":0.8335800032969033,"lat":41.62612664695924}},"geometry":{"type":"Polygon","coordinates":[[[0.81904,41.63577],[0.81044,41.63375],[0.80846,41.63118],[0.80728,41.62266],[0.82346,41.62157],[0.82288,41.61485],[0.84208,41.61286],[0.84773,41.61392],[0.85071,41.61291],[0.85234,41.61555],[0.85424,41.63754],[0.8198,41.6357],[0.81904,41.63577]]]}},{"type":"Feature","properties":{"mun_code":"25060","mun_name":"Cabanabona","mun_name_local":null,"prov_code":"25","prov_name":"Lleida","acom_code":"09","acom_name":"Cataluña","geo_point_2d":{"lon":1.2049054723438917,"lat":41.83765678818231}},"geometry":{"type":"Polygon","coordinates":[[[1.18258,41.79633],[1.18686,41.79865],[1.1946,41.8091],[1.20344,41.81555],[1.21204,41.82867],[1.22808,41.84691],[1.22973,41.85053],[1.22873,41.85604],[1.23184,41.85685],[1.23059,41.85895],[1.23169,41.86397],[1.23411,41.86499],[1.23325,41.86818],[1.23722,41.87171],[1.23383,41.87323],[1.23012,41.87243],[1.22943,41.87062],[1.23159,41.86568],[1.22619,41.86454],[1.22376,41.86265],[1.224,41.8608],[1.21914,41.85903],[1.21254,41.85912],[1.19938,41.85651],[1.19317,41.85452],[1.18849,41.8505],[1.18668,41.84391],[1.19035,41.83001],[1.18732,41.81965],[1.18472,41.81849],[1.18282,41.79679],[1.18258,41.79633]]]}},{"type":"Feature","properties":{"mun_code":"25170","mun_name":"Bellaguarda","mun_name_local":null,"prov_code":"25","prov_name":"Lleida","acom_code":"09","acom_name":"Cataluña","geo_point_2d":{"lon":0.7303308373856823,"lat":41.33861242980501}},"geometry":{"type":"Polygon","coordinates":[[[0.6959,41.31364],[0.69784,41.31221],[0.70689,41.31163],[0.71307,41.31373],[0.71677,41.31255],[0.72443,41.31273],[0.72849,41.31464],[0.73305,41.31401],[0.73622,41.3161],[0.74216,41.31745],[0.74929,41.31716],[0.75152,41.31784],[0.75048,41.32473],[0.75362,41.32674],[0.75365,41.32868],[0.7617,41.33402],[0.768,41.3339],[0.75953,41.33919],[0.75934,41.34182],[0.75446,41.34678],[0.7397,41.35646],[0.73776,41.36066],[0.7397,41.36214],[0.73612,41.36897],[0.73166,41.37221],[0.72327,41.37491],[0.71873,41.37023],[0.7183,41.36712],[0.71604,41.3667],[0.71164,41.3614],[0.71136,41.35976],[0.71463,41.35587],[0.71238,41.35271],[0.71277,41.35087],[0.71444,41.35102],[0.71352,41.34635],[0.71545,41.34328],[0.71213,41.3418],[0.71439,41.34126],[0.70859,41.33365],[0.70938,41.33019],[0.70808,41.32785],[0.70432,41.32612],[0.70756,41.3222],[0.70015,41.3212],[0.70523,41.31697],[0.69816,41.31354],[0.6961,41.31408],[0.6959,41.31364]]]}},{"type":"Feature","properties":{"mun_code":"25186","mun_name":"Riner","mun_name_local":null,"prov_code":"25","prov_name":"Lleida","acom_code":"09","acom_name":"Cataluña","geo_point_2d":{"lon":1.5536067162810028,"lat":41.92230167517939}},"geometry":{"type":"Polygon","coordinates":[[[1.50255,41.94124],[1.49978,41.93507],[1.50066,41.91828],[1.5061,41.91415],[1.51565,41.9114],[1.519,41.90853],[1.5323,41.9046],[1.53935,41.89747],[1.54942,41.87689],[1.55593,41.87331],[1.56854,41.8798],[1.57603,41.89102],[1.58264,41.8928],[1.58306,41.90021],[1.57986,41.90064],[1.58521,41.90919],[1.59862,41.92042],[1.59712,41.92735],[1.60165,41.9303],[1.60128,41.93252],[1.60901,41.93941],[1.61188,41.94959],[1.60541,41.95381],[1.60731,41.95544],[1.60597,41.9579],[1.59933,41.95862],[1.59628,41.95598],[1.59779,41.9532],[1.59351,41.9509],[1.59095,41.93762],[1.58948,41.94049],[1.5849,41.93909],[1.58456,41.94174],[1.58041,41.94111],[1.57964,41.94361],[1.57202,41.94491],[1.56069,41.94524],[1.56276,41.94322],[1.55932,41.94213],[1.55682,41.94474],[1.55356,41.94492],[1.55431,41.94661],[1.548,41.95121],[1.54919,41.95214],[1.54743,41.9535],[1.54797,41.96295],[1.55013,41.96533],[1.53971,41.96184],[1.54083,41.959],[1.53785,41.95587],[1.53074,41.9558],[1.53165,41.955],[1.51948,41.94813],[1.51468,41.94789],[1.51416,41.94098],[1.50538,41.94115],[1.50255,41.94124]]]}},{"type":"Feature","properties":{"mun_code":"25103","mun_name":"Granyanella","mun_name_local":null,"prov_code":"25","prov_name":"Lleida","acom_code":"09","acom_name":"Cataluña","geo_point_2d":{"lon":1.2141801386145472,"lat":41.655345462519776}},"geometry":{"type":"Polygon","coordinates":[[[1.18662,41.61989],[1.20218,41.62495],[1.21523,41.63215],[1.23014,41.63478],[1.24298,41.63964],[1.24236,41.64357],[1.23405,41.65225],[1.23488,41.65601],[1.23187,41.65836],[1.23335,41.65991],[1.23622,41.65927],[1.24079,41.66096],[1.24005,41.6627],[1.24356,41.67041],[1.24498,41.67864],[1.23824,41.68205],[1.2288,41.68404],[1.22963,41.68692],[1.22772,41.68724],[1.22586,41.68562],[1.21861,41.68683],[1.21459,41.68357],[1.20985,41.67606],[1.20384,41.67858],[1.19906,41.67841],[1.19729,41.67336],[1.19423,41.67288],[1.18983,41.6746],[1.18884,41.67115],[1.19071,41.66959],[1.19123,41.66118],[1.1889,41.66072],[1.19109,41.65652],[1.19099,41.65264],[1.18529,41.64914],[1.18995,41.63409],[1.18661,41.62104],[1.18662,41.61989]]]}},{"type":"Feature","properties":{"mun_code":"25069","mun_name":"Castelló de Farfanya","mun_name_local":null,"prov_code":"25","prov_name":"Lleida","acom_code":"09","acom_name":"Cataluña","geo_point_2d":{"lon":0.7173638456595569,"lat":41.81376448120103}},"geometry":{"type":"Polygon","coordinates":[[[0.67215,41.7942],[0.68454,41.78338],[0.70175,41.77697],[0.70586,41.77255],[0.70872,41.77167],[0.71144,41.76717],[0.71765,41.77068],[0.7206,41.77085],[0.721,41.76992],[0.73278,41.7721],[0.73376,41.78252],[0.73615,41.78307],[0.73763,41.78519],[0.74006,41.79302],[0.75171,41.79571],[0.76021,41.80533],[0.75847,41.8098],[0.76276,41.81479],[0.76197,41.81879],[0.76495,41.83157],[0.76452,41.84354],[0.76587,41.84905],[0.76891,41.85167],[0.76379,41.85281],[0.75426,41.85169],[0.7518,41.84898],[0.74715,41.85009],[0.74116,41.84929],[0.73849,41.84603],[0.735,41.84503],[0.72313,41.84498],[0.71608,41.84665],[0.70979,41.84359],[0.69526,41.84578],[0.68849,41.84522],[0.68424,41.84169],[0.67805,41.84278],[0.67686,41.83555],[0.67093,41.82459],[0.67155,41.81562],[0.67538,41.80651],[0.67174,41.80063],[0.67215,41.7942]]]}},{"type":"Feature","properties":{"mun_code":"25163","mun_name":"La Coma i la Pedra","mun_name_local":null,"prov_code":"25","prov_name":"Lleida","acom_code":"09","acom_name":"Cataluña","geo_point_2d":{"lon":1.5831344253766135,"lat":42.176050963070836}},"geometry":{"type":"Polygon","coordinates":[[[1.51998,42.15133],[1.53381,42.15],[1.53955,42.15085],[1.54294,42.15299],[1.54507,42.15211],[1.55429,42.15863],[1.56209,42.16096],[1.56764,42.15774],[1.5699,42.15296],[1.57439,42.15114],[1.57764,42.14783],[1.58532,42.14592],[1.59056,42.14752],[1.58992,42.15138],[1.59475,42.15416],[1.59809,42.15181],[1.59815,42.14643],[1.60212,42.14577],[1.60029,42.14406],[1.60539,42.14147],[1.60533,42.13785],[1.61468,42.13817],[1.6169,42.14015],[1.62656,42.13837],[1.62929,42.14092],[1.63573,42.15668],[1.63825,42.16024],[1.64376,42.16386],[1.6456,42.17368],[1.65067,42.1778],[1.64652,42.18796],[1.64184,42.19212],[1.64313,42.19398],[1.64186,42.19654],[1.63505,42.19833],[1.62487,42.1979],[1.62054,42.20193],[1.61601,42.20299],[1.61384,42.20101],[1.60574,42.20165],[1.60183,42.20024],[1.59662,42.20035],[1.59081,42.20274],[1.58246,42.20475],[1.57936,42.20377],[1.56787,42.2082],[1.56329,42.20814],[1.55576,42.21055],[1.52712,42.2041],[1.5285,42.19953],[1.52777,42.192],[1.52176,42.19001],[1.52312,42.18682],[1.5209,42.18477],[1.52215,42.17957],[1.51743,42.17705],[1.51605,42.16769],[1.52156,42.16547],[1.52035,42.16068],[1.52568,42.15698],[1.51858,42.153],[1.51802,42.15121],[1.51998,42.15133]]]}},{"type":"Feature","properties":{"mun_code":"25197","mun_name":"Sant Guim de la Plana","mun_name_local":null,"prov_code":"25","prov_name":"Lleida","acom_code":"09","acom_name":"Cataluña","geo_point_2d":{"lon":1.344603530970957,"lat":41.7638147571549}},"geometry":{"type":"Polygon","coordinates":[[[1.31441,41.76355],[1.31107,41.75848],[1.31043,41.75132],[1.31561,41.75085],[1.33244,41.75453],[1.3344,41.75605],[1.33257,41.75308],[1.333,41.74957],[1.34945,41.74673],[1.36329,41.7487],[1.36171,41.75625],[1.37358,41.77869],[1.36656,41.78183],[1.36783,41.78378],[1.36036,41.79017],[1.35394,41.77985],[1.34869,41.77746],[1.34614,41.7713],[1.33821,41.76019],[1.33676,41.76563],[1.3251,41.77629],[1.31997,41.76887],[1.31516,41.76714],[1.31643,41.76539],[1.31498,41.76405],[1.31441,41.76355]]]}},{"type":"Feature","properties":{"mun_code":"25204","mun_name":"Seròs","mun_name_local":null,"prov_code":"25","prov_name":"Lleida","acom_code":"09","acom_name":"Cataluña","geo_point_2d":{"lon":0.42298957542821364,"lat":41.41441231001175}},"geometry":{"type":"Polygon","coordinates":[[[0.36044,41.37013],[0.36267,41.36493],[0.37291,41.35348],[0.37431,41.34886],[0.37683,41.35072],[0.38049,41.35083],[0.38284,41.35306],[0.38736,41.35228],[0.38913,41.35494],[0.39342,41.35173],[0.39479,41.35401],[0.39811,41.35185],[0.40193,41.35619],[0.40472,41.35536],[0.40689,41.35712],[0.40589,41.35906],[0.40727,41.36018],[0.42926,41.36162],[0.43818,41.36016],[0.45191,41.35347],[0.4655,41.34132],[0.46922,41.34539],[0.46904,41.35037],[0.47317,41.36014],[0.46096,41.37719],[0.47033,41.38687],[0.47335,41.38802],[0.47209,41.41652],[0.47468,41.42224],[0.47223,41.42732],[0.47323,41.42882],[0.46397,41.43113],[0.45898,41.43439],[0.45561,41.43972],[0.45899,41.44704],[0.45451,41.45384],[0.43406,41.46931],[0.42925,41.47028],[0.41368,41.48289],[0.39452,41.48971],[0.384,41.48586],[0.37084,41.48464],[0.36703,41.48596],[0.36591,41.47615],[0.37732,41.47108],[0.37893,41.46858],[0.37677,41.4586],[0.37166,41.45251],[0.3706,41.44653],[0.37635,41.43871],[0.39302,41.44203],[0.40903,41.42874],[0.41536,41.42083],[0.41492,41.41756],[0.41954,41.41408],[0.41819,41.41098],[0.423,41.40701],[0.42417,41.40362],[0.42326,41.3983],[0.42239,41.39627],[0.41849,41.39456],[0.41184,41.39742],[0.40567,41.39672],[0.39921,41.39783],[0.39735,41.39395],[0.39934,41.39141],[0.39864,41.38969],[0.38842,41.38564],[0.38841,41.38386],[0.38191,41.38139],[0.37516,41.37359],[0.3624,41.37046],[0.36044,41.37013]]]}},{"type":"Feature","properties":{"mun_code":"25232","mun_name":"Torres de Segre","mun_name_local":null,"prov_code":"25","prov_name":"Lleida","acom_code":"09","acom_name":"Cataluña","geo_point_2d":{"lon":0.5195946189934291,"lat":41.530162482619225}},"geometry":{"type":"Polygon","coordinates":[[[0.43347,41.59295],[0.43586,41.58492],[0.45315,41.56615],[0.45747,41.56363],[0.49941,41.55639],[0.50269,41.55413],[0.50918,41.54509],[0.50688,41.54344],[0.50797,41.54183],[0.50451,41.54055],[0.50212,41.53776],[0.50025,41.53253],[0.50164,41.53308],[0.50303,41.52971],[0.49293,41.52094],[0.48096,41.49975],[0.48993,41.49442],[0.50552,41.49495],[0.50886,41.49333],[0.51089,41.48897],[0.51774,41.4851],[0.52232,41.47587],[0.52808,41.47232],[0.53527,41.4698],[0.5438,41.47231],[0.5398,41.47714],[0.5305,41.48268],[0.52696,41.48705],[0.52818,41.48809],[0.51862,41.49434],[0.51927,41.50391],[0.51793,41.50585],[0.52385,41.50242],[0.52339,41.50492],[0.53667,41.50168],[0.53955,41.49971],[0.56134,41.50262],[0.57492,41.49797],[0.57758,41.50399],[0.57508,41.51619],[0.57059,41.52185],[0.56964,41.52964],[0.57379,41.53466],[0.57483,41.54077],[0.5798,41.54284],[0.57454,41.54329],[0.57082,41.54544],[0.56729,41.54601],[0.56616,41.54494],[0.55056,41.54755],[0.53857,41.55525],[0.53172,41.55231],[0.52599,41.55462],[0.52325,41.55385],[0.51038,41.56239],[0.4783,41.57404],[0.43443,41.59394],[0.43347,41.59295]]]}},{"type":"Feature","properties":{"mun_code":"25101","mun_name":"La Granadella","mun_name_local":null,"prov_code":"25","prov_name":"Lleida","acom_code":"09","acom_name":"Cataluña","geo_point_2d":{"lon":0.6506427712974737,"lat":41.365842431163884}},"geometry":{"type":"Polygon","coordinates":[[[0.58085,41.31989],[0.58244,41.31087],[0.5865,41.30718],[0.5909,41.31174],[0.59063,41.31428],[0.59351,41.31893],[0.59722,41.31926],[0.59966,41.32216],[0.61265,41.32945],[0.61626,41.34043],[0.62363,41.34436],[0.63701,41.34271],[0.66258,41.33443],[0.67494,41.33539],[0.69863,41.32743],[0.69726,41.32502],[0.69956,41.32116],[0.69153,41.32173],[0.69008,41.32083],[0.6924,41.31831],[0.6905,41.31261],[0.69634,41.31438],[0.69816,41.31354],[0.70523,41.31697],[0.70015,41.3212],[0.70756,41.3222],[0.70432,41.32612],[0.70808,41.32785],[0.70938,41.33019],[0.70859,41.33365],[0.71439,41.34126],[0.71213,41.3418],[0.71545,41.34328],[0.71352,41.34635],[0.71444,41.35102],[0.71277,41.35087],[0.71238,41.35271],[0.71463,41.35587],[0.71136,41.35976],[0.71164,41.3614],[0.71604,41.3667],[0.7183,41.36712],[0.71873,41.37023],[0.72319,41.37484],[0.71849,41.37789],[0.71586,41.38345],[0.71249,41.38578],[0.70134,41.3901],[0.69529,41.39635],[0.68045,41.40411],[0.676,41.40515],[0.66729,41.41132],[0.64497,41.41597],[0.63287,41.41627],[0.62841,41.42002],[0.63179,41.4119],[0.62577,41.39934],[0.61881,41.39305],[0.60608,41.38981],[0.59644,41.38516],[0.58451,41.37625],[0.58594,41.36099],[0.58216,41.35319],[0.58688,41.34456],[0.58551,41.3339],[0.58085,41.31989]]]}},{"type":"Feature","properties":{"mun_code":"25068","mun_name":"Castellnou de Seana","mun_name_local":null,"prov_code":"25","prov_name":"Lleida","acom_code":"09","acom_name":"Cataluña","geo_point_2d":{"lon":0.9708985671533941,"lat":41.6524411669329}},"geometry":{"type":"Polygon","coordinates":[[[0.94383,41.6399],[0.94856,41.63834],[0.95991,41.62977],[0.97381,41.62959],[0.97613,41.63521],[0.98295,41.63537],[0.98494,41.63708],[0.9869,41.64021],[0.98458,41.64135],[0.99088,41.65094],[1.001,41.65109],[1.00697,41.66902],[0.99956,41.67095],[0.9915,41.66607],[0.96505,41.66913],[0.95099,41.67437],[0.94901,41.66071],[0.94414,41.65237],[0.94384,41.64136],[0.94383,41.6399]]]}},{"type":"Feature","properties":{"mun_code":"25007","mun_name":"Albatàrrec","mun_name_local":null,"prov_code":"25","prov_name":"Lleida","acom_code":"09","acom_name":"Cataluña","geo_point_2d":{"lon":0.6176182378122171,"lat":41.5662687539543}},"geometry":{"type":"Polygon","coordinates":[[[0.59128,41.57463],[0.59536,41.56878],[0.59748,41.56803],[0.59815,41.56541],[0.59961,41.56545],[0.60402,41.55065],[0.61615,41.55128],[0.61749,41.55078],[0.61727,41.54729],[0.62179,41.54483],[0.62589,41.54713],[0.63162,41.55347],[0.63094,41.55779],[0.63282,41.56143],[0.64223,41.56848],[0.64326,41.57637],[0.63182,41.57838],[0.62192,41.57806],[0.61447,41.58252],[0.60365,41.58143],[0.59821,41.57797],[0.59128,41.57463]]]}},{"type":"Feature","properties":{"mun_code":"25113","mun_name":"Ivars d'Urgell","mun_name_local":null,"prov_code":"25","prov_name":"Lleida","acom_code":"09","acom_name":"Cataluña","geo_point_2d":{"lon":0.9666836365323449,"lat":41.688633304269814}},"geometry":{"type":"Polygon","coordinates":[[[0.91569,41.6825],[0.92764,41.68318],[0.94437,41.68832],[0.9468,41.67448],[0.95099,41.67437],[0.96505,41.66913],[0.9915,41.66607],[0.99997,41.67095],[1.00625,41.67805],[1.00935,41.68879],[0.99788,41.69144],[1.02816,41.71112],[1.02274,41.7125],[1.01573,41.70579],[0.99982,41.70051],[0.9984,41.69813],[0.99114,41.6994],[0.98765,41.70148],[0.98844,41.70223],[0.98171,41.70331],[0.97421,41.70635],[0.97047,41.70359],[0.95962,41.70519],[0.94759,41.70146],[0.93951,41.70105],[0.93581,41.70271],[0.93492,41.70759],[0.92717,41.70634],[0.92056,41.70406],[0.91614,41.6977],[0.9143,41.68583],[0.9154,41.68302],[0.91569,41.6825]]]}},{"type":"Feature","properties":{"mun_code":"25131","mun_name":"Massalcoreig","mun_name_local":null,"prov_code":"25","prov_name":"Lleida","acom_code":"09","acom_name":"Cataluña","geo_point_2d":{"lon":0.359551430866316,"lat":41.458350058778635}},"geometry":{"type":"Polygon","coordinates":[[[0.34658,41.48811],[0.33968,41.48333],[0.33954,41.47895],[0.34369,41.47033],[0.34281,41.46348],[0.34645,41.45886],[0.35265,41.45589],[0.35541,41.45246],[0.34754,41.44081],[0.34842,41.43397],[0.34706,41.42858],[0.34841,41.42673],[0.35115,41.42866],[0.35711,41.4298],[0.36489,41.42614],[0.36927,41.42616],[0.37195,41.42735],[0.37635,41.43871],[0.3706,41.44653],[0.37166,41.45251],[0.37677,41.4586],[0.37893,41.46858],[0.37732,41.47108],[0.36591,41.47615],[0.36703,41.48596],[0.34732,41.48775],[0.34658,41.48811]]]}},{"type":"Feature","properties":{"mun_code":"25238","mun_name":"Vallbona de les Monges","mun_name_local":null,"prov_code":"25","prov_name":"Lleida","acom_code":"09","acom_name":"Cataluña","geo_point_2d":{"lon":1.123283289622935,"lat":41.50193630077091}},"geometry":{"type":"Polygon","coordinates":[[[1.05603,41.51901],[1.05884,41.51494],[1.06201,41.51335],[1.07806,41.51021],[1.08933,41.50975],[1.09846,41.50291],[1.10586,41.49999],[1.10469,41.49449],[1.10224,41.49163],[1.10406,41.48921],[1.09934,41.48658],[1.10121,41.47973],[1.09986,41.47633],[1.10533,41.47452],[1.10807,41.46717],[1.11181,41.46736],[1.11657,41.47021],[1.11979,41.47018],[1.12964,41.47425],[1.13086,41.47732],[1.16184,41.48246],[1.17247,41.48749],[1.17556,41.48678],[1.17978,41.48843],[1.17622,41.49356],[1.1757,41.50118],[1.16716,41.50503],[1.16472,41.50849],[1.16362,41.5132],[1.16542,41.51772],[1.16067,41.51463],[1.15663,41.51761],[1.15149,41.51572],[1.14352,41.51496],[1.13413,41.52007],[1.12516,41.51915],[1.12171,41.51994],[1.11057,41.52346],[1.10872,41.52682],[1.10287,41.5277],[1.09064,41.53711],[1.08303,41.53236],[1.08753,41.53107],[1.08708,41.52887],[1.07537,41.52808],[1.08036,41.52386],[1.07899,41.5227],[1.06427,41.52203],[1.06374,41.51939],[1.05603,41.51901]]]}},{"type":"Feature","properties":{"mun_code":"25177","mun_name":"Preixens","mun_name_local":null,"prov_code":"25","prov_name":"Lleida","acom_code":"09","acom_name":"Cataluña","geo_point_2d":{"lon":1.0337468102338307,"lat":41.80079213271318}},"geometry":{"type":"Polygon","coordinates":[[[0.98757,41.77432],[0.98615,41.77154],[1.00837,41.77122],[1.01552,41.77662],[1.01995,41.77695],[1.0334,41.76888],[1.06071,41.79322],[1.0805,41.82418],[1.07552,41.82312],[1.07312,41.81658],[1.06912,41.8128],[1.06435,41.81456],[1.06518,41.81864],[1.06367,41.82352],[1.06643,41.83539],[1.05446,41.8374],[1.0512,41.82994],[1.04213,41.82867],[1.03633,41.82571],[1.03236,41.82078],[1.0293,41.81941],[1.02526,41.822],[1.02411,41.82769],[1.01789,41.82853],[1.01703,41.82251],[1.00812,41.80485],[1.00618,41.8037],[1.00566,41.79618],[0.98879,41.77661],[0.98757,41.77432]]]}},{"type":"Feature","properties":{"mun_code":"25020","mun_name":"Almatret","mun_name_local":null,"prov_code":"25","prov_name":"Lleida","acom_code":"09","acom_name":"Cataluña","geo_point_2d":{"lon":0.4066957460883719,"lat":41.32098265734349}},"geometry":{"type":"Polygon","coordinates":[[[0.36565,41.30397],[0.36994,41.29599],[0.38556,41.27861],[0.42399,41.27413],[0.43071,41.27483],[0.43315,41.27604],[0.43324,41.28752],[0.43597,41.29742],[0.43223,41.31173],[0.43444,41.32021],[0.44174,41.32561],[0.4515,41.32977],[0.45627,41.32995],[0.4655,41.34132],[0.45191,41.35347],[0.43818,41.36016],[0.42926,41.36162],[0.40727,41.36018],[0.40589,41.35906],[0.40689,41.35712],[0.40472,41.35536],[0.40193,41.35619],[0.39811,41.35185],[0.39479,41.35401],[0.39342,41.35173],[0.38957,41.35499],[0.38736,41.35228],[0.38284,41.35306],[0.38049,41.35083],[0.37683,41.35072],[0.37431,41.34886],[0.3732,41.34989],[0.37198,41.3465],[0.36691,41.3434],[0.36753,41.34122],[0.36469,41.34227],[0.35979,41.34128],[0.35857,41.33838],[0.34848,41.32888],[0.35166,41.32429],[0.36459,41.32127],[0.3678,41.31936],[0.37027,41.31253],[0.36701,41.30494],[0.36565,41.30397]]]}},{"type":"Feature","properties":{"mun_code":"25040","mun_name":"Balaguer","mun_name_local":null,"prov_code":"25","prov_name":"Lleida","acom_code":"09","acom_name":"Cataluña","geo_point_2d":{"lon":0.7917668895833119,"lat":41.783054139478836}},"geometry":{"type":"MultiPolygon","coordinates":[[[[0.76407,41.82679],[0.76197,41.81879],[0.76276,41.81479],[0.75847,41.8098],[0.76021,41.80533],[0.75171,41.79571],[0.74006,41.79302],[0.73763,41.78519],[0.73615,41.78307],[0.73376,41.78252],[0.73243,41.76937],[0.73467,41.76747],[0.73375,41.76375],[0.73841,41.75742],[0.74019,41.75045],[0.74741,41.74578],[0.75358,41.7367],[0.76492,41.73017],[0.77088,41.73037],[0.7733,41.73174],[0.77362,41.73598],[0.7699,41.74208],[0.77695,41.75009],[0.7835,41.74947],[0.79706,41.75513],[0.80236,41.76145],[0.80696,41.76279],[0.80845,41.76641],[0.82276,41.76171],[0.8257,41.76746],[0.8315,41.76695],[0.83419,41.77106],[0.839,41.77128],[0.8391,41.7739],[0.83203,41.77873],[0.83156,41.77777],[0.81869,41.78203],[0.82083,41.78738],[0.82112,41.79738],[0.83073,41.79652],[0.8303,41.79956],[0.84499,41.80201],[0.84583,41.80472],[0.83277,41.80194],[0.8267,41.80312],[0.83268,41.81546],[0.83242,41.82005],[0.82516,41.82246],[0.82015,41.81769],[0.81439,41.81824],[0.81073,41.81724],[0.81125,41.81092],[0.80911,41.80253],[0.79036,41.81643],[0.77495,41.82371],[0.76545,41.82657],[0.76407,41.82679]]],[[[0.92736,41.83119],[0.92252,41.82181],[0.91194,41.81009],[0.9076,41.79793],[0.91444,41.7964],[0.91021,41.78343],[0.91446,41.7823],[0.92743,41.80532],[0.92738,41.81429],[0.9308,41.82497],[0.9301,41.82861],[0.92788,41.83059],[0.92736,41.83119]]]]}},{"type":"Feature","properties":{"mun_code":"25032","mun_name":"Arsèguel","mun_name_local":null,"prov_code":"25","prov_name":"Lleida","acom_code":"09","acom_name":"Cataluña","geo_point_2d":{"lon":1.5851079113486748,"lat":42.351679545486164}},"geometry":{"type":"Polygon","coordinates":[[[1.55727,42.3587],[1.5603,42.35076],[1.56377,42.3502],[1.56881,42.3464],[1.56518,42.3383],[1.5655,42.33233],[1.57298,42.33547],[1.5748,42.33948],[1.57907,42.34085],[1.58496,42.33621],[1.5896,42.33657],[1.59258,42.34015],[1.61859,42.34772],[1.61119,42.3492],[1.59752,42.3679],[1.59623,42.36652],[1.59321,42.36734],[1.59076,42.36647],[1.58775,42.3628],[1.57841,42.36593],[1.57567,42.36955],[1.57419,42.36664],[1.57054,42.36658],[1.57064,42.3638],[1.56607,42.35882],[1.55785,42.35899],[1.55727,42.3587]]]}},{"type":"Feature","properties":{"mun_code":"25208","mun_name":"Soriguera","mun_name_local":null,"prov_code":"25","prov_name":"Lleida","acom_code":"09","acom_name":"Cataluña","geo_point_2d":{"lon":1.146016330495866,"lat":42.375963605246476}},"geometry":{"type":"Polygon","coordinates":[[[1.04469,42.41022],[1.0424,42.40244],[1.03579,42.3953],[1.03431,42.38309],[1.03111,42.37533],[1.02681,42.37407],[1.02503,42.36871],[1.02879,42.36701],[1.03813,42.35694],[1.04198,42.36097],[1.046,42.36115],[1.04852,42.35596],[1.05395,42.35653],[1.05965,42.35504],[1.06851,42.34884],[1.06879,42.34467],[1.07167,42.34125],[1.06925,42.33678],[1.0661,42.33619],[1.06679,42.33448],[1.1025,42.3403],[1.11741,42.34005],[1.13289,42.34178],[1.15157,42.34108],[1.15436,42.34263],[1.15614,42.33843],[1.16336,42.33669],[1.1719,42.32852],[1.1836,42.33696],[1.18399,42.34221],[1.18825,42.34855],[1.1969,42.35129],[1.19953,42.35068],[1.20965,42.35905],[1.22809,42.36832],[1.23597,42.37012],[1.23663,42.37455],[1.24488,42.38434],[1.24584,42.41007],[1.24422,42.41548],[1.24726,42.41818],[1.25993,42.42013],[1.25233,42.4415],[1.25521,42.42496],[1.24188,42.42132],[1.23792,42.42224],[1.23246,42.42774],[1.2301,42.42728],[1.22794,42.42925],[1.2231,42.42962],[1.21865,42.4275],[1.22134,42.42644],[1.22226,42.41796],[1.21673,42.41252],[1.20954,42.40941],[1.20669,42.40918],[1.20362,42.41209],[1.19424,42.41663],[1.17781,42.40942],[1.16745,42.4097],[1.15827,42.4066],[1.14632,42.40468],[1.13258,42.39339],[1.12706,42.39273],[1.12216,42.38737],[1.1222,42.38272],[1.11724,42.37966],[1.11399,42.37948],[1.1084,42.37007],[1.09381,42.37744],[1.07862,42.39286],[1.0687,42.39719],[1.06234,42.39792],[1.04535,42.41017],[1.04469,42.41022]]]}},{"type":"Feature","properties":{"mun_code":"25155","mun_name":"Organyà","mun_name_local":null,"prov_code":"25","prov_name":"Lleida","acom_code":"09","acom_name":"Cataluña","geo_point_2d":{"lon":1.3190255917985638,"lat":42.21063777288212}},"geometry":{"type":"Polygon","coordinates":[[[1.29139,42.21094],[1.29017,42.20939],[1.29158,42.20721],[1.30179,42.20709],[1.29515,42.19273],[1.30496,42.18925],[1.31885,42.18639],[1.32151,42.18926],[1.33132,42.18693],[1.33455,42.19211],[1.33208,42.19296],[1.33081,42.19528],[1.33377,42.20244],[1.3325,42.20831],[1.33464,42.21266],[1.33311,42.21888],[1.33716,42.22591],[1.34337,42.22923],[1.32142,42.24198],[1.31318,42.22354],[1.3159,42.2221],[1.31714,42.2184],[1.3047,42.21675],[1.30004,42.21004],[1.30082,42.20903],[1.29379,42.21049],[1.29139,42.21094]],[[1.31255,42.19627],[1.30898,42.19635],[1.30301,42.19958],[1.31091,42.20115],[1.30959,42.1995],[1.31464,42.19881],[1.31783,42.19978],[1.32108,42.19844],[1.31616,42.19541],[1.31872,42.19411],[1.3181,42.1929],[1.31511,42.19239],[1.31255,42.19627]]]}},{"type":"Feature","properties":{"mun_code":"25025","mun_name":"Naut Aran","mun_name_local":null,"prov_code":"25","prov_name":"Lleida","acom_code":"09","acom_name":"Cataluña","geo_point_2d":{"lon":0.9243045444365826,"lat":42.70116781643738}},"geometry":{"type":"Polygon","coordinates":[[[0.80561,42.61894],[0.81256,42.61864],[0.81305,42.61506],[0.82157,42.61237],[0.8267,42.60559],[0.83123,42.60914],[0.83985,42.60911],[0.84581,42.61545],[0.85633,42.62124],[0.86746,42.62293],[0.87331,42.62589],[0.87768,42.63247],[0.88184,42.63136],[0.88458,42.62791],[0.89521,42.62612],[0.89637,42.62338],[0.89406,42.61404],[0.89121,42.61239],[0.91206,42.60668],[0.91548,42.59667],[0.91986,42.59257],[0.94341,42.58915],[0.95325,42.59462],[0.95362,42.60175],[0.96632,42.60386],[0.96904,42.60998],[0.96857,42.61505],[0.96678,42.61632],[0.96322,42.61618],[0.95886,42.62523],[0.96189,42.63123],[0.9642,42.63151],[0.96903,42.6374],[0.97261,42.64551],[0.97267,42.65037],[0.96927,42.65916],[0.98298,42.66331],[0.97911,42.66632],[0.97715,42.67521],[0.98644,42.68399],[0.97558,42.69263],[0.98184,42.69876],[0.99313,42.70078],[1.00531,42.71267],[1.01138,42.70934],[1.02758,42.70967],[1.02538,42.71966],[1.02118,42.72645],[1.02898,42.73319],[1.0269,42.74292],[1.03217,42.75424],[1.02752,42.75895],[1.02893,42.76409],[1.02603,42.76713],[1.02763,42.77107],[1.03086,42.77265],[1.03057,42.77604],[1.03706,42.78661],[1.03298,42.78711],[1.03142,42.78498],[1.02767,42.78646],[1.00988,42.78856],[1.0051,42.79083],[0.99514,42.78709],[0.98306,42.78688],[0.978,42.79029],[0.97841,42.79395],[0.97634,42.79601],[0.96953,42.79863],[0.96595,42.80369],[0.96016,42.8059],[0.95758,42.80353],[0.94771,42.80158],[0.94701,42.79946],[0.93961,42.79694],[0.9335,42.79053],[0.93542,42.78882],[0.92641,42.78931],[0.91726,42.79368],[0.91643,42.79591],[0.90723,42.79707],[0.90634,42.80094],[0.89946,42.80373],[0.89769,42.80689],[0.89288,42.80781],[0.88516,42.8132],[0.87732,42.81435],[0.87667,42.80899],[0.87363,42.80572],[0.87918,42.80278],[0.88196,42.79874],[0.88857,42.79729],[0.89153,42.79295],[0.8903,42.78817],[0.89401,42.7834],[0.89768,42.78252],[0.90365,42.76895],[0.89068,42.76058],[0.88462,42.75281],[0.88209,42.75279],[0.87537,42.74664],[0.87553,42.74301],[0.87289,42.74154],[0.86972,42.73638],[0.84932,42.72496],[0.8462,42.72086],[0.83777,42.7198],[0.83711,42.71788],[0.83046,42.71645],[0.8297,42.71352],[0.83327,42.71139],[0.83302,42.70105],[0.83634,42.70084],[0.84327,42.69615],[0.83772,42.68619],[0.83935,42.67361],[0.84396,42.67002],[0.85017,42.67359],[0.85307,42.67279],[0.84556,42.66248],[0.84226,42.66224],[0.84038,42.66014],[0.83896,42.65641],[0.84218,42.65056],[0.8416,42.64882],[0.81042,42.64375],[0.79714,42.64448],[0.79108,42.64113],[0.79167,42.63473],[0.79881,42.63385],[0.80462,42.62861],[0.80383,42.62505],[0.80553,42.62158],[0.80561,42.61894]]]}},{"type":"Feature","properties":{"mun_code":"25047","mun_name":"Bellcaire d'Urgell","mun_name_local":null,"prov_code":"25","prov_name":"Lleida","acom_code":"09","acom_name":"Cataluña","geo_point_2d":{"lon":0.8905419163190172,"lat":41.759815205814604}},"geometry":{"type":"Polygon","coordinates":[[[0.85336,41.77782],[0.85181,41.77455],[0.84534,41.7719],[0.8455,41.76485],[0.83907,41.75487],[0.83975,41.75267],[0.85156,41.74376],[0.87418,41.73932],[0.89309,41.74064],[0.89425,41.73778],[0.92452,41.73793],[0.92986,41.74736],[0.92602,41.7482],[0.9341,41.76007],[0.9375,41.77085],[0.92263,41.77409],[0.92375,41.77937],[0.91021,41.78343],[0.90939,41.78519],[0.88803,41.78884],[0.88674,41.78098],[0.88088,41.76854],[0.8543,41.77743],[0.85336,41.77782]]]}},{"type":"Feature","properties":{"mun_code":"25167","mun_name":"Pinós","mun_name_local":null,"prov_code":"25","prov_name":"Lleida","acom_code":"09","acom_name":"Cataluña","geo_point_2d":{"lon":1.5500607704183218,"lat":41.84447036663638}},"geometry":{"type":"MultiPolygon","coordinates":[[[[1.49983,41.9029],[1.50333,41.88766],[1.49982,41.87919],[1.5006,41.875],[1.50376,41.8715],[1.49833,41.86993],[1.5048,41.85768],[1.4948,41.843],[1.48568,41.83778],[1.48158,41.83748],[1.47808,41.83538],[1.47512,41.83584],[1.47343,41.83422],[1.49234,41.82411],[1.49568,41.81901],[1.51324,41.82445],[1.51347,41.82276],[1.50293,41.81936],[1.49759,41.81509],[1.48195,41.80783],[1.47613,41.80341],[1.47924,41.80053],[1.48216,41.79156],[1.48817,41.78926],[1.49203,41.78882],[1.49622,41.79021],[1.50476,41.78821],[1.54583,41.79551],[1.58299,41.8091],[1.60241,41.81363],[1.61146,41.81777],[1.61544,41.8303],[1.61001,41.83613],[1.61503,41.84029],[1.61933,41.84182],[1.62396,41.84129],[1.63146,41.84471],[1.62647,41.84863],[1.63031,41.85878],[1.62809,41.86014],[1.62563,41.86898],[1.62197,41.87143],[1.61852,41.87735],[1.61905,41.88157],[1.61082,41.88049],[1.60578,41.88406],[1.60275,41.88276],[1.60133,41.88429],[1.59106,41.87917],[1.59078,41.87771],[1.58345,41.87354],[1.56854,41.8798],[1.55593,41.87331],[1.54942,41.87689],[1.53935,41.89747],[1.5323,41.9046],[1.519,41.90853],[1.51565,41.9114],[1.50469,41.91526],[1.50122,41.90648],[1.49983,41.9029]]],[[[1.71973,41.89529],[1.71931,41.8934],[1.71468,41.89188],[1.71232,41.89595],[1.70863,41.89704],[1.70794,41.8949],[1.71176,41.89153],[1.71165,41.88945],[1.70625,41.88941],[1.71558,41.88585],[1.71875,41.8824],[1.72491,41.89303],[1.72055,41.89467],[1.71973,41.89529]]]]}},{"type":"Feature","properties":{"mun_code":"25183","mun_name":"Rialp","mun_name_local":null,"prov_code":"25","prov_name":"Lleida","acom_code":"09","acom_name":"Cataluña","geo_point_2d":{"lon":1.1467343758984796,"lat":42.461274098717126}},"geometry":{"type":"Polygon","coordinates":[[[1.06677,42.50877],[1.07513,42.49923],[1.07626,42.48921],[1.07991,42.48811],[1.08538,42.48379],[1.07887,42.47273],[1.08498,42.4694],[1.09749,42.46615],[1.10423,42.4623],[1.10419,42.45903],[1.10623,42.45831],[1.10736,42.45571],[1.11321,42.4549],[1.11143,42.451],[1.11674,42.4481],[1.13159,42.44423],[1.1313,42.44268],[1.12661,42.44072],[1.12973,42.42698],[1.13179,42.42736],[1.13333,42.43204],[1.14488,42.43331],[1.15533,42.42745],[1.192,42.42046],[1.19927,42.41606],[1.20669,42.40918],[1.21673,42.41252],[1.22226,42.41796],[1.22134,42.42644],[1.21865,42.4275],[1.21859,42.44086],[1.21518,42.44791],[1.2178,42.45525],[1.21543,42.4625],[1.20722,42.45401],[1.20436,42.45425],[1.19888,42.4671],[1.19311,42.46772],[1.18384,42.46648],[1.17909,42.46409],[1.16368,42.47415],[1.16096,42.47843],[1.16209,42.48148],[1.15516,42.47978],[1.13805,42.4804],[1.13433,42.48464],[1.12717,42.48842],[1.11254,42.50328],[1.1115,42.50639],[1.11465,42.51498],[1.11241,42.51623],[1.10523,42.51547],[1.10071,42.50968],[1.08814,42.51396],[1.08277,42.51431],[1.08329,42.5178],[1.08061,42.52048],[1.07642,42.5184],[1.06961,42.51013],[1.06677,42.50877]]]}}]}