{"type":"FeatureCollection","features":[{"type":"Feature","properties":{"mun_code":"31258","mun_name":"Villava","mun_name_local":"Atarrabia","prov_code":"31","prov_name":"Navarra","acom_code":"15","acom_name":"Comunidad Foral de Navarra","geo_point_2d":{"lon":-1.6099131470705916,"lat":42.83282204633986}},"geometry":{"type":"Polygon","coordinates":[[[-1.61644,42.83452],[-1.61533,42.831],[-1.61181,42.8277],[-1.60787,42.82631],[-1.60374,42.82928],[-1.60341,42.83621],[-1.61634,42.83895],[-1.61644,42.83452]]]}},{"type":"Feature","properties":{"mun_code":"31262","mun_name":"Zabalza","mun_name_local":"Zabaltza","prov_code":"31","prov_name":"Navarra","acom_code":"15","acom_name":"Comunidad Foral de Navarra","geo_point_2d":{"lon":-1.7998762392677135,"lat":42.76632295252078}},"geometry":{"type":"Polygon","coordinates":[[[-1.83011,42.76508],[-1.8261,42.76422],[-1.82544,42.7598],[-1.81454,42.75322],[-1.80815,42.74676],[-1.80218,42.74382],[-1.79673,42.74574],[-1.79252,42.74562],[-1.78685,42.74809],[-1.78256,42.75964],[-1.77537,42.76282],[-1.77161,42.76808],[-1.77122,42.77618],[-1.77358,42.7816],[-1.78969,42.77902],[-1.79237,42.7798],[-1.79599,42.78349],[-1.80092,42.78262],[-1.80793,42.78403],[-1.81287,42.78673],[-1.81534,42.7907],[-1.8183,42.79066],[-1.82051,42.78946],[-1.82055,42.78775],[-1.81316,42.77652],[-1.8182,42.77253],[-1.82881,42.7708],[-1.83139,42.76851],[-1.83076,42.76607],[-1.83011,42.76508]]]}},{"type":"Feature","properties":{"mun_code":"31191","mun_name":"Olite","mun_name_local":"Erriberri","prov_code":"31","prov_name":"Navarra","acom_code":"15","acom_name":"Comunidad Foral de Navarra","geo_point_2d":{"lon":-1.6748858446299628,"lat":42.445254336073674}},"geometry":{"type":"Polygon","coordinates":[[[-1.73741,42.44692],[-1.73829,42.43922],[-1.73613,42.43732],[-1.73195,42.43766],[-1.72778,42.43362],[-1.72305,42.43184],[-1.72361,42.4287],[-1.72066,42.42515],[-1.7145,42.4218],[-1.71648,42.40987],[-1.70309,42.39514],[-1.69835,42.38082],[-1.68949,42.38257],[-1.68787,42.38434],[-1.67021,42.38621],[-1.6604,42.38538],[-1.64742,42.39424],[-1.64344,42.39424],[-1.64216,42.3961],[-1.64735,42.42193],[-1.64284,42.42716],[-1.63045,42.43624],[-1.63053,42.45917],[-1.62215,42.47999],[-1.62063,42.49046],[-1.62017,42.50362],[-1.62183,42.5093],[-1.62826,42.50824],[-1.64558,42.50103],[-1.65832,42.49814],[-1.66329,42.49517],[-1.70881,42.4824],[-1.71909,42.47141],[-1.73439,42.44953],[-1.73741,42.44692]]]}},{"type":"Feature","properties":{"mun_code":"31039","mun_name":"Artazu","mun_name_local":null,"prov_code":"31","prov_name":"Navarra","acom_code":"15","acom_name":"Comunidad Foral de Navarra","geo_point_2d":{"lon":-1.8408890780693696,"lat":42.686623611428146}},"geometry":{"type":"Polygon","coordinates":[[[-1.85879,42.68457],[-1.8557,42.67677],[-1.84824,42.67349],[-1.84353,42.66832],[-1.84103,42.67311],[-1.83008,42.68201],[-1.83218,42.68297],[-1.83149,42.6859],[-1.82198,42.68927],[-1.82182,42.69515],[-1.82662,42.69965],[-1.83792,42.69868],[-1.84039,42.69698],[-1.85048,42.69504],[-1.85556,42.69007],[-1.85508,42.6877],[-1.85879,42.68457]]]}},{"type":"Feature","properties":{"mun_code":"31150","mun_name":"Leoz","mun_name_local":"Leotz","prov_code":"31","prov_name":"Navarra","acom_code":"15","acom_name":"Comunidad Foral de Navarra","geo_point_2d":{"lon":-1.5597809043618798,"lat":42.59973918969597}},"geometry":{"type":"Polygon","coordinates":[[[-1.64791,42.59021],[-1.64466,42.59049],[-1.64774,42.5855],[-1.6457,42.58098],[-1.63061,42.57716],[-1.62531,42.57999],[-1.62251,42.5797],[-1.6189,42.57665],[-1.63168,42.56533],[-1.6269,42.56249],[-1.62896,42.55833],[-1.63209,42.55682],[-1.63325,42.5523],[-1.62973,42.54062],[-1.6321,42.53279],[-1.62922,42.52491],[-1.61916,42.52737],[-1.61534,42.52704],[-1.61424,42.53194],[-1.61052,42.53458],[-1.60653,42.53509],[-1.60668,42.53837],[-1.60151,42.54294],[-1.59075,42.54696],[-1.58435,42.54712],[-1.56775,42.55444],[-1.55236,42.55495],[-1.54866,42.55625],[-1.54491,42.55271],[-1.5347,42.55372],[-1.53089,42.55818],[-1.53092,42.56785],[-1.52942,42.57067],[-1.5267,42.57373],[-1.51671,42.57893],[-1.51601,42.58448],[-1.50678,42.59422],[-1.50384,42.60711],[-1.49984,42.61304],[-1.50018,42.62376],[-1.49758,42.62653],[-1.50056,42.63644],[-1.49658,42.64017],[-1.49339,42.64964],[-1.48525,42.65356],[-1.48989,42.65508],[-1.49454,42.65946],[-1.50033,42.65982],[-1.51635,42.66777],[-1.52945,42.66909],[-1.53548,42.67105],[-1.54275,42.67623],[-1.54801,42.6687],[-1.55369,42.64922],[-1.55951,42.64283],[-1.56892,42.63963],[-1.57049,42.63616],[-1.57472,42.63571],[-1.58042,42.62816],[-1.58965,42.6277],[-1.59203,42.62439],[-1.59441,42.6112],[-1.59263,42.60977],[-1.58178,42.60545],[-1.56443,42.60428],[-1.57337,42.59599],[-1.58163,42.59158],[-1.59412,42.5878],[-1.60053,42.58728],[-1.61601,42.59172],[-1.62067,42.58985],[-1.63376,42.59371],[-1.63914,42.59435],[-1.64475,42.59309],[-1.64791,42.59021]]]}},{"type":"Feature","properties":{"mun_code":"31046","mun_name":"Barbarin","mun_name_local":null,"prov_code":"31","prov_name":"Navarra","acom_code":"15","acom_name":"Comunidad Foral de Navarra","geo_point_2d":{"lon":-2.1328371514246074,"lat":42.58155043054796}},"geometry":{"type":"Polygon","coordinates":[[[-2.14771,42.58126],[-2.15072,42.57707],[-2.15518,42.57457],[-2.16562,42.5731],[-2.16545,42.5646],[-2.16234,42.56346],[-2.15781,42.55862],[-2.15484,42.55849],[-2.15023,42.56117],[-2.14859,42.55779],[-2.14472,42.55698],[-2.12703,42.58201],[-2.11351,42.5909],[-2.10005,42.5964],[-2.09547,42.60393],[-2.09028,42.60705],[-2.10583,42.60715],[-2.11043,42.60156],[-2.12387,42.59541],[-2.12442,42.59272],[-2.13713,42.59143],[-2.13915,42.58695],[-2.14559,42.58341],[-2.14771,42.58126]],[[-2.14771,42.58126],[-2.14193,42.57967],[-2.14011,42.58041],[-2.14198,42.57764],[-2.14182,42.57345],[-2.14859,42.57035],[-2.15338,42.57105],[-2.15301,42.57384],[-2.14829,42.57944],[-2.14771,42.58126]]]}},{"type":"Feature","properties":{"mun_code":"31171","mun_name":"Miranda de Arga","mun_name_local":null,"prov_code":"31","prov_name":"Navarra","acom_code":"15","acom_name":"Comunidad Foral de Navarra","geo_point_2d":{"lon":-1.8300488892440372,"lat":42.48231104324399}},"geometry":{"type":"Polygon","coordinates":[[[-1.88418,42.45638],[-1.85062,42.44518],[-1.83724,42.45235],[-1.82245,42.45749],[-1.77377,42.46494],[-1.76776,42.46498],[-1.76722,42.46335],[-1.76034,42.46075],[-1.7582,42.46289],[-1.75803,42.46582],[-1.76388,42.4845],[-1.76932,42.49266],[-1.79298,42.51311],[-1.80426,42.51494],[-1.82359,42.51301],[-1.83073,42.51109],[-1.83451,42.50356],[-1.83455,42.50754],[-1.84141,42.50931],[-1.84831,42.50857],[-1.85507,42.51343],[-1.87085,42.51002],[-1.88415,42.50261],[-1.88507,42.496],[-1.88898,42.49235],[-1.89266,42.48458],[-1.89035,42.4763],[-1.89057,42.4696],[-1.88485,42.46047],[-1.88418,42.45638]]]}},{"type":"Feature","properties":{"mun_code":"31907","mun_name":"Zizur Mayor","mun_name_local":"Zizur Nagusia","prov_code":"31","prov_name":"Navarra","acom_code":"15","acom_name":"Comunidad Foral de Navarra","geo_point_2d":{"lon":-1.695073886707167,"lat":42.79009827409543}},"geometry":{"type":"Polygon","coordinates":[[[-1.71333,42.79951],[-1.71077,42.79627],[-1.7089,42.79656],[-1.70569,42.79212],[-1.7048,42.78934],[-1.70715,42.78634],[-1.70293,42.78241],[-1.70147,42.77877],[-1.69497,42.77581],[-1.68843,42.77603],[-1.68897,42.77797],[-1.68269,42.782],[-1.68498,42.78741],[-1.68334,42.79159],[-1.68178,42.79316],[-1.67552,42.78985],[-1.67541,42.79191],[-1.68301,42.79544],[-1.6822,42.7987],[-1.68394,42.80188],[-1.6916,42.80007],[-1.69731,42.80056],[-1.69606,42.79911],[-1.69903,42.79864],[-1.70209,42.79939],[-1.7027,42.80128],[-1.7115,42.80329],[-1.71325,42.79966],[-1.71333,42.79951]]]}},{"type":"Feature","properties":{"mun_code":"31255","mun_name":"Villamayor de Monjardín","mun_name_local":null,"prov_code":"31","prov_name":"Navarra","acom_code":"15","acom_name":"Comunidad Foral de Navarra","geo_point_2d":{"lon":-2.1278911337768305,"lat":42.61408757979199}},"geometry":{"type":"MultiPolygon","coordinates":[[[[-2.15944,42.60156],[-2.15924,42.58506],[-2.1607,42.58172],[-2.16372,42.58128],[-2.16562,42.5731],[-2.16091,42.57301],[-2.15072,42.57707],[-2.14559,42.58341],[-2.14813,42.58981],[-2.14465,42.5951],[-2.13624,42.59656],[-2.13284,42.60175],[-2.13553,42.60766],[-2.14158,42.60651],[-2.14311,42.60394],[-2.14929,42.60443],[-2.15385,42.60186],[-2.15944,42.60156]]],[[[-2.12754,42.6288],[-2.12647,42.62297],[-2.13565,42.61578],[-2.13182,42.61594],[-2.13326,42.61343],[-2.13112,42.61002],[-2.12698,42.61074],[-2.12798,42.61756],[-2.1191,42.62287],[-2.10969,42.62028],[-2.10795,42.61861],[-2.09771,42.62216],[-2.09128,42.62295],[-2.08456,42.62119],[-2.09112,42.62508],[-2.09607,42.62611],[-2.09535,42.63769],[-2.10376,42.64238],[-2.11326,42.64375],[-2.11566,42.64529],[-2.12142,42.64441],[-2.12036,42.64169],[-2.12451,42.63525],[-2.12754,42.6288]]]]}},{"type":"Feature","properties":{"mun_code":"53065","mun_name":"Facería de Aldape","mun_name_local":null,"prov_code":"31","prov_name":"Navarra","acom_code":"15","acom_name":"Comunidad Foral de Navarra","geo_point_2d":{"lon":-1.9353908838319336,"lat":42.93997593193333}},"geometry":{"type":"Polygon","coordinates":[[[-1.95022,42.93668],[-1.93921,42.93727],[-1.92975,42.93996],[-1.91604,42.94107],[-1.93784,42.94218],[-1.94672,42.94036],[-1.95013,42.93792],[-1.95022,42.93668]]]}},{"type":"Feature","properties":{"mun_code":"31210","mun_name":"Roncal","mun_name_local":"Erronkari","prov_code":"31","prov_name":"Navarra","acom_code":"15","acom_name":"Comunidad Foral de Navarra","geo_point_2d":{"lon":-0.9538483889462536,"lat":42.80593288895547}},"geometry":{"type":"Polygon","coordinates":[[[-0.99221,42.77315],[-0.98746,42.77202],[-0.98568,42.76835],[-0.96875,42.76585],[-0.96574,42.76309],[-0.96044,42.76323],[-0.94475,42.75857],[-0.94519,42.76562],[-0.94289,42.77461],[-0.94426,42.77813],[-0.94364,42.78488],[-0.94563,42.78715],[-0.94269,42.79342],[-0.9389,42.79306],[-0.93428,42.79643],[-0.92615,42.7953],[-0.91011,42.80519],[-0.88672,42.81267],[-0.88089,42.81761],[-0.87656,42.81938],[-0.8647,42.82222],[-0.86391,42.83038],[-0.8729,42.83194],[-0.87087,42.83093],[-0.86937,42.82716],[-0.87221,42.8217],[-0.88237,42.81664],[-0.88604,42.8196],[-0.89405,42.82193],[-0.91122,42.82111],[-0.91446,42.81823],[-0.9218,42.82145],[-0.92622,42.82025],[-0.93492,42.82171],[-0.94174,42.82039],[-0.95107,42.81602],[-0.94914,42.82091],[-0.9569,42.82538],[-0.96331,42.83123],[-0.97532,42.83411],[-0.97389,42.83699],[-0.97481,42.84062],[-0.97092,42.84962],[-0.97153,42.85614],[-0.96616,42.86161],[-0.96694,42.8653],[-0.97537,42.86585],[-0.98481,42.85631],[-0.98511,42.85276],[-0.98232,42.84546],[-0.98479,42.84468],[-0.98432,42.84024],[-0.99076,42.83667],[-0.99263,42.83339],[-0.99115,42.82316],[-0.98546,42.81313],[-0.98303,42.80389],[-0.97954,42.79905],[-0.98518,42.78926],[-0.98602,42.77751],[-0.99191,42.77365],[-0.99221,42.77315]]]}},{"type":"Feature","properties":{"mun_code":"31045","mun_name":"Barásoain","mun_name_local":null,"prov_code":"31","prov_name":"Navarra","acom_code":"15","acom_name":"Comunidad Foral de Navarra","geo_point_2d":{"lon":-1.6712568851012977,"lat":42.612322008794166}},"geometry":{"type":"Polygon","coordinates":[[[-1.70573,42.59565],[-1.67252,42.60212],[-1.66075,42.60299],[-1.65109,42.60029],[-1.64858,42.6008],[-1.63252,42.6067],[-1.6357,42.61035],[-1.63382,42.61581],[-1.63914,42.61668],[-1.64991,42.62298],[-1.66152,42.62468],[-1.6684,42.63068],[-1.6702,42.63444],[-1.68065,42.62919],[-1.69773,42.61181],[-1.70272,42.61049],[-1.70922,42.60282],[-1.70943,42.59967],[-1.7066,42.59742],[-1.70573,42.59565]]]}},{"type":"Feature","properties":{"mun_code":"31111","mun_name":"Gallués","mun_name_local":"Galoze","prov_code":"31","prov_name":"Navarra","acom_code":"15","acom_name":"Comunidad Foral de Navarra","geo_point_2d":{"lon":-1.1022068946331518,"lat":42.792571429672876}},"geometry":{"type":"Polygon","coordinates":[[[-1.15922,42.83055],[-1.16003,42.82581],[-1.16408,42.82011],[-1.16146,42.81453],[-1.16116,42.80481],[-1.15025,42.79996],[-1.15112,42.79478],[-1.14653,42.7932],[-1.14917,42.78726],[-1.1468,42.78408],[-1.13563,42.78399],[-1.13131,42.78252],[-1.13465,42.77977],[-1.13507,42.77577],[-1.10923,42.77331],[-1.10658,42.77229],[-1.10399,42.76712],[-1.08824,42.76111],[-1.07185,42.76259],[-1.05091,42.75783],[-1.0482,42.76194],[-1.04854,42.76552],[-1.04398,42.77141],[-1.04004,42.77195],[-1.03096,42.77672],[-1.02943,42.7796],[-1.03817,42.78255],[-1.04155,42.79209],[-1.04185,42.79989],[-1.0524,42.80063],[-1.05307,42.80177],[-1.06204,42.79683],[-1.08082,42.79461],[-1.08719,42.79702],[-1.09362,42.79706],[-1.09374,42.79845],[-1.10344,42.79748],[-1.10925,42.80376],[-1.11387,42.80559],[-1.11907,42.81299],[-1.11718,42.8206],[-1.11113,42.81908],[-1.10993,42.8217],[-1.10565,42.82243],[-1.1048,42.82384],[-1.10818,42.82543],[-1.11249,42.83036],[-1.11886,42.83095],[-1.12938,42.82935],[-1.15389,42.83045],[-1.15922,42.83055]]]}},{"type":"Feature","properties":{"mun_code":"31089","mun_name":"Enériz","mun_name_local":"Eneritz","prov_code":"31","prov_name":"Navarra","acom_code":"15","acom_name":"Comunidad Foral de Navarra","geo_point_2d":{"lon":-1.744012200042898,"lat":42.664512987300284}},"geometry":{"type":"Polygon","coordinates":[[[-1.76784,42.64551],[-1.76051,42.64582],[-1.74773,42.64949],[-1.74506,42.6533],[-1.72571,42.66042],[-1.71857,42.66744],[-1.72343,42.68153],[-1.72192,42.68421],[-1.73555,42.67941],[-1.73847,42.6762],[-1.75323,42.67622],[-1.7556,42.67332],[-1.76066,42.67225],[-1.76348,42.66604],[-1.76494,42.65498],[-1.76765,42.65237],[-1.76759,42.64621],[-1.76784,42.64551]]]}},{"type":"Feature","properties":{"mun_code":"31071","mun_name":"Castillonuevo","mun_name_local":null,"prov_code":"31","prov_name":"Navarra","acom_code":"15","acom_name":"Comunidad Foral de Navarra","geo_point_2d":{"lon":-1.069167310400336,"lat":42.666470129041265}},"geometry":{"type":"Polygon","coordinates":[[[-1.10324,42.64609],[-1.08741,42.64636],[-1.07104,42.64166],[-1.05948,42.64171],[-1.05193,42.64259],[-1.04737,42.64557],[-1.0386,42.64833],[-1.03826,42.6517],[-1.03681,42.65164],[-1.03946,42.65777],[-1.03962,42.6642],[-1.03249,42.6756],[-1.03683,42.68162],[-1.03919,42.69163],[-1.05426,42.6894],[-1.06285,42.69178],[-1.06447,42.68924],[-1.07056,42.68695],[-1.09973,42.68742],[-1.10406,42.66567],[-1.10321,42.64656],[-1.10324,42.64609]]]}},{"type":"Feature","properties":{"mun_code":"31095","mun_name":"Esparza de Salazar","mun_name_local":"Espartza Zaraitzu","prov_code":"31","prov_name":"Navarra","acom_code":"15","acom_name":"Comunidad Foral de Navarra","geo_point_2d":{"lon":-1.091281317845634,"lat":42.85900575615759}},"geometry":{"type":"Polygon","coordinates":[[[-1.17066,42.84881],[-1.15939,42.84906],[-1.15496,42.85149],[-1.14953,42.84918],[-1.14166,42.85076],[-1.13188,42.84917],[-1.1258,42.85335],[-1.12054,42.85339],[-1.11749,42.8531],[-1.11136,42.84535],[-1.10443,42.84551],[-1.09695,42.84332],[-1.09057,42.84383],[-1.08442,42.84728],[-1.07475,42.84719],[-1.06348,42.84262],[-1.04946,42.84679],[-1.03716,42.8537],[-1.03645,42.8569],[-1.03785,42.85824],[-1.03333,42.86184],[-1.01625,42.86383],[-1.01444,42.87164],[-1.04718,42.87787],[-1.05482,42.87346],[-1.05883,42.86672],[-1.06894,42.86807],[-1.07785,42.8641],[-1.0814,42.86591],[-1.08941,42.86116],[-1.10017,42.86403],[-1.10745,42.8691],[-1.11281,42.86888],[-1.11398,42.87082],[-1.12258,42.87243],[-1.1236,42.86965],[-1.12911,42.87058],[-1.13945,42.86625],[-1.14684,42.8666],[-1.15903,42.86485],[-1.1662,42.86599],[-1.17049,42.8558],[-1.17066,42.84881]]]}},{"type":"Feature","properties":{"mun_code":"31192","mun_name":"Olóriz","mun_name_local":"Oloritz","prov_code":"31","prov_name":"Navarra","acom_code":"15","acom_name":"Comunidad Foral de Navarra","geo_point_2d":{"lon":-1.5995929806201146,"lat":42.64247920122466}},"geometry":{"type":"Polygon","coordinates":[[[-1.6702,42.63444],[-1.6684,42.63068],[-1.66152,42.62468],[-1.64991,42.62298],[-1.63914,42.61668],[-1.63382,42.61581],[-1.63568,42.61071],[-1.63467,42.60865],[-1.62763,42.60303],[-1.62139,42.60091],[-1.61864,42.59847],[-1.61712,42.6008],[-1.61431,42.60178],[-1.6103,42.60832],[-1.60321,42.60867],[-1.59394,42.61157],[-1.59203,42.62439],[-1.58965,42.6277],[-1.58042,42.62816],[-1.57472,42.63571],[-1.57049,42.63616],[-1.56892,42.63963],[-1.55951,42.64283],[-1.55369,42.64922],[-1.54801,42.6687],[-1.5428,42.67738],[-1.56196,42.67961],[-1.57262,42.68226],[-1.58551,42.67674],[-1.59346,42.67426],[-1.5974,42.67448],[-1.60809,42.66376],[-1.60865,42.65895],[-1.61338,42.65245],[-1.62696,42.64379],[-1.63371,42.64006],[-1.63557,42.64071],[-1.65128,42.63742],[-1.6591,42.63363],[-1.666,42.63471],[-1.6702,42.63444]]]}},{"type":"Feature","properties":{"mun_code":"53068","mun_name":"Facero de Aristregui","mun_name_local":null,"prov_code":"31","prov_name":"Navarra","acom_code":"15","acom_name":"Comunidad Foral de Navarra","geo_point_2d":{"lon":-1.7354825884376732,"lat":42.884625291107945}},"geometry":{"type":"Polygon","coordinates":[[[-1.74016,42.88862],[-1.75179,42.88604],[-1.74421,42.88144],[-1.73543,42.87996],[-1.72731,42.87593],[-1.72624,42.87974],[-1.72876,42.88575],[-1.72337,42.8914],[-1.73802,42.8906],[-1.74016,42.88862]]]}},{"type":"Feature","properties":{"mun_code":"31128","mun_name":"Isaba","mun_name_local":"Izaba","prov_code":"31","prov_name":"Navarra","acom_code":"15","acom_name":"Comunidad Foral de Navarra","geo_point_2d":{"lon":-0.8549860995569011,"lat":42.90406965025849}},"geometry":{"type":"Polygon","coordinates":[[[-0.96694,42.8653],[-0.96438,42.86469],[-0.96298,42.86176],[-0.95378,42.8535],[-0.93419,42.84519],[-0.93163,42.8448],[-0.92255,42.84818],[-0.91209,42.84285],[-0.91115,42.83989],[-0.90179,42.83803],[-0.88768,42.83271],[-0.88268,42.83336],[-0.87632,42.82875],[-0.8729,42.83194],[-0.86391,42.83038],[-0.8647,42.82222],[-0.85313,42.82399],[-0.85743,42.83411],[-0.85682,42.84706],[-0.85206,42.84815],[-0.8478,42.84755],[-0.84607,42.85207],[-0.84069,42.85367],[-0.84142,42.85757],[-0.82935,42.86664],[-0.82241,42.86628],[-0.81861,42.86865],[-0.82029,42.87202],[-0.81413,42.87714],[-0.81624,42.87812],[-0.81695,42.88428],[-0.81399,42.888],[-0.8197,42.88854],[-0.82123,42.89401],[-0.81863,42.9015],[-0.80102,42.90792],[-0.79852,42.91092],[-0.78891,42.91684],[-0.78968,42.91833],[-0.78295,42.92156],[-0.75213,42.92439],[-0.74457,42.92153],[-0.7432,42.91885],[-0.72543,42.91965],[-0.72407,42.92241],[-0.73252,42.92839],[-0.73174,42.93155],[-0.73335,42.93308],[-0.73061,42.93817],[-0.73408,42.93983],[-0.7304,42.94529],[-0.73129,42.94779],[-0.73626,42.94709],[-0.74342,42.9507],[-0.74504,42.95363],[-0.74382,42.95492],[-0.7468,42.95787],[-0.74613,42.95985],[-0.74966,42.9627],[-0.75178,42.96748],[-0.75697,42.96846],[-0.75985,42.96746],[-0.76738,42.9692],[-0.77209,42.96565],[-0.79322,42.96304],[-0.79403,42.9614],[-0.80529,42.95648],[-0.81051,42.9513],[-0.82269,42.95117],[-0.83205,42.95248],[-0.83701,42.95476],[-0.83932,42.95275],[-0.84577,42.95154],[-0.8548,42.95206],[-0.86386,42.95079],[-0.87558,42.95511],[-0.87835,42.95433],[-0.88432,42.9562],[-0.8956,42.95548],[-0.89812,42.9589],[-0.90775,42.95024],[-0.91122,42.94532],[-0.91338,42.93804],[-0.91863,42.93272],[-0.91816,42.9273],[-0.92491,42.91763],[-0.92766,42.9093],[-0.92683,42.90662],[-0.9309,42.8965],[-0.92941,42.89427],[-0.92957,42.88877],[-0.93245,42.87975],[-0.9358,42.88328],[-0.94198,42.87935],[-0.95249,42.86888],[-0.96488,42.86689],[-0.96694,42.8653]]]}},{"type":"Feature","properties":{"mun_code":"31031","mun_name":"Areso","mun_name_local":null,"prov_code":"31","prov_name":"Navarra","acom_code":"15","acom_name":"Comunidad Foral de Navarra","geo_point_2d":{"lon":-1.95547666056915,"lat":43.07874404053024}},"geometry":{"type":"Polygon","coordinates":[[[-1.98845,43.07844],[-1.97943,43.06848],[-1.95995,43.06493],[-1.95312,43.06579],[-1.94498,43.06487],[-1.93699,43.0592],[-1.93553,43.06011],[-1.92975,43.05897],[-1.93214,43.06512],[-1.93086,43.07229],[-1.93356,43.07781],[-1.93524,43.08876],[-1.93947,43.08958],[-1.94128,43.09105],[-1.94163,43.09537],[-1.94508,43.09533],[-1.94753,43.09753],[-1.96499,43.09538],[-1.97158,43.09325],[-1.97336,43.09157],[-1.97117,43.08613],[-1.97809,43.08199],[-1.98787,43.07872],[-1.98845,43.07844]]]}},{"type":"Feature","properties":{"mun_code":"31131","mun_name":"Iza","mun_name_local":"Itza","prov_code":"31","prov_name":"Navarra","acom_code":"15","acom_name":"Comunidad Foral de Navarra","geo_point_2d":{"lon":-1.7734685918508217,"lat":42.885468235278246}},"geometry":{"type":"Polygon","coordinates":[[[-1.82384,42.88261],[-1.82196,42.88024],[-1.82577,42.8792],[-1.82663,42.87773],[-1.82492,42.87354],[-1.82034,42.87151],[-1.82002,42.86917],[-1.82276,42.86722],[-1.81242,42.86663],[-1.81311,42.86283],[-1.81018,42.86313],[-1.80996,42.85987],[-1.80696,42.85903],[-1.80766,42.8554],[-1.80402,42.85596],[-1.7984,42.85258],[-1.797,42.84873],[-1.79184,42.85295],[-1.78693,42.85469],[-1.78339,42.86025],[-1.77059,42.85289],[-1.75455,42.84079],[-1.7506,42.83613],[-1.7439,42.8359],[-1.7417,42.82955],[-1.73581,42.82758],[-1.72787,42.82693],[-1.72718,42.82971],[-1.72418,42.82827],[-1.72141,42.83303],[-1.72657,42.83991],[-1.72536,42.84085],[-1.72758,42.84262],[-1.7277,42.84506],[-1.73237,42.84753],[-1.73694,42.84781],[-1.74182,42.85812],[-1.73463,42.86798],[-1.73543,42.87996],[-1.74421,42.88144],[-1.75179,42.88604],[-1.74016,42.88862],[-1.74333,42.89196],[-1.74851,42.89417],[-1.75441,42.89303],[-1.75923,42.89579],[-1.75551,42.9003],[-1.75077,42.90108],[-1.7545,42.90559],[-1.75048,42.91122],[-1.75351,42.91495],[-1.75193,42.92546],[-1.75358,42.92658],[-1.75872,42.92609],[-1.75841,42.93199],[-1.76512,42.9414],[-1.76412,42.94265],[-1.77083,42.94381],[-1.78496,42.93308],[-1.79232,42.93209],[-1.80173,42.93498],[-1.80721,42.93492],[-1.81415,42.93072],[-1.7994,42.92049],[-1.80482,42.91063],[-1.81129,42.90526],[-1.79797,42.90078],[-1.79464,42.89764],[-1.7918,42.89022],[-1.79409,42.88995],[-1.80026,42.88324],[-1.82459,42.88564],[-1.82384,42.88261]]]}},{"type":"Feature","properties":{"mun_code":"31176","mun_name":"Murchante","mun_name_local":null,"prov_code":"31","prov_name":"Navarra","acom_code":"15","acom_name":"Comunidad Foral de Navarra","geo_point_2d":{"lon":-1.6693966369999915,"lat":42.04416537898575}},"geometry":{"type":"Polygon","coordinates":[[[-1.68775,42.0521],[-1.68215,42.04739],[-1.6833,42.04376],[-1.68202,42.0401],[-1.68411,42.03293],[-1.67623,42.01885],[-1.67381,42.01885],[-1.67068,42.0236],[-1.66786,42.02387],[-1.66577,42.02122],[-1.66465,42.02324],[-1.66191,42.02416],[-1.65858,42.02202],[-1.65967,42.02109],[-1.65504,42.02208],[-1.65325,42.02113],[-1.6528,42.02224],[-1.65505,42.02237],[-1.65531,42.02351],[-1.65349,42.02347],[-1.64821,42.02776],[-1.64358,42.03617],[-1.64474,42.03897],[-1.64985,42.04166],[-1.6541,42.04218],[-1.65515,42.04422],[-1.65307,42.04805],[-1.65399,42.05165],[-1.65168,42.05438],[-1.65237,42.05547],[-1.66,42.05524],[-1.66732,42.05671],[-1.66799,42.05873],[-1.66318,42.05944],[-1.6636,42.06422],[-1.68757,42.07102],[-1.69171,42.0712],[-1.68917,42.05309],[-1.68775,42.0521]]]}},{"type":"Feature","properties":{"mun_code":"31059","mun_name":"Burgui","mun_name_local":"Burgi","prov_code":"31","prov_name":"Navarra","acom_code":"15","acom_name":"Comunidad Foral de Navarra","geo_point_2d":{"lon":-0.9953225389582054,"lat":42.73690790176203}},"geometry":{"type":"Polygon","coordinates":[[[-1.05091,42.75783],[-1.04839,42.75393],[-1.0476,42.74785],[-1.05037,42.746],[-1.05032,42.74216],[-1.04966,42.73789],[-1.04726,42.73537],[-1.04691,42.72064],[-1.04204,42.71758],[-1.04206,42.71294],[-1.04031,42.71206],[-1.04216,42.71105],[-1.04122,42.70586],[-1.04335,42.70194],[-1.03091,42.69935],[-1.03008,42.69652],[-1.02798,42.70006],[-1.01681,42.70226],[-1.00149,42.69995],[-0.98939,42.70146],[-0.98805,42.70264],[-0.9838,42.70221],[-0.97914,42.70466],[-0.96921,42.70371],[-0.96868,42.70535],[-0.96158,42.7085],[-0.95868,42.71167],[-0.95252,42.71253],[-0.94868,42.71145],[-0.94624,42.71408],[-0.94416,42.7219],[-0.93839,42.72523],[-0.9355,42.72989],[-0.93588,42.73427],[-0.93193,42.73612],[-0.93027,42.73552],[-0.92477,42.73888],[-0.92298,42.744],[-0.92689,42.75023],[-0.93608,42.75329],[-0.94475,42.75857],[-0.96044,42.76323],[-0.96574,42.76309],[-0.96875,42.76585],[-0.98568,42.76835],[-0.98746,42.77202],[-0.99221,42.77315],[-0.99497,42.77117],[-1.01321,42.7689],[-1.01747,42.76948],[-1.03096,42.77672],[-1.04004,42.77195],[-1.04398,42.77141],[-1.04854,42.76552],[-1.0482,42.76194],[-1.04987,42.7596],[-1.05091,42.75783]]]}},{"type":"Feature","properties":{"mun_code":"31127","mun_name":"Irañeta","mun_name_local":null,"prov_code":"31","prov_name":"Navarra","acom_code":"15","acom_name":"Comunidad Foral de Navarra","geo_point_2d":{"lon":-1.9368382970036075,"lat":42.91289572195533}},"geometry":{"type":"Polygon","coordinates":[[[-1.95022,42.93668],[-1.95195,42.93248],[-1.94934,42.92656],[-1.94895,42.918],[-1.94198,42.9164],[-1.94703,42.88608],[-1.92676,42.88701],[-1.92611,42.901],[-1.92189,42.9164],[-1.92522,42.91713],[-1.92597,42.91498],[-1.92994,42.91281],[-1.93008,42.91498],[-1.9359,42.91457],[-1.93908,42.91838],[-1.92792,42.93483],[-1.92334,42.93829],[-1.91946,42.93826],[-1.91782,42.94027],[-1.92975,42.93996],[-1.93921,42.93727],[-1.94826,42.9369],[-1.95022,42.93668]]]}},{"type":"Feature","properties":{"mun_code":"31114","mun_name":"Garínoain","mun_name_local":null,"prov_code":"31","prov_name":"Navarra","acom_code":"15","acom_name":"Comunidad Foral de Navarra","geo_point_2d":{"lon":-1.664873347913252,"lat":42.59435182498242}},"geometry":{"type":"Polygon","coordinates":[[[-1.70573,42.59565],[-1.70436,42.58758],[-1.69955,42.58127],[-1.69618,42.5807],[-1.68945,42.58152],[-1.67728,42.58747],[-1.67289,42.5865],[-1.64791,42.59021],[-1.64475,42.59309],[-1.63914,42.59435],[-1.62067,42.58985],[-1.61601,42.59172],[-1.61864,42.59847],[-1.63252,42.6067],[-1.65109,42.60029],[-1.66075,42.60299],[-1.67252,42.60212],[-1.70352,42.59584],[-1.70573,42.59565]]]}},{"type":"Feature","properties":{"mun_code":"31240","mun_name":"Urdiain","mun_name_local":null,"prov_code":"31","prov_name":"Navarra","acom_code":"15","acom_name":"Comunidad Foral de Navarra","geo_point_2d":{"lon":-2.1452561795874137,"lat":42.904965685331476}},"geometry":{"type":"Polygon","coordinates":[[[-2.17386,42.93519],[-2.16702,42.9234],[-2.15991,42.91892],[-2.15386,42.91277],[-2.15177,42.90368],[-2.15262,42.89696],[-2.15117,42.89641],[-2.15354,42.89234],[-2.15083,42.88509],[-2.1533,42.88116],[-2.15263,42.87226],[-2.14027,42.873],[-2.12113,42.87137],[-2.12752,42.89415],[-2.13465,42.90967],[-2.13378,42.91949],[-2.14215,42.92318],[-2.14569,42.93594],[-2.1515,42.94226],[-2.15616,42.94225],[-2.16272,42.93725],[-2.17329,42.93521],[-2.17386,42.93519]]]}},{"type":"Feature","properties":{"mun_code":"31108","mun_name":"Fustiñana","mun_name_local":null,"prov_code":"31","prov_name":"Navarra","acom_code":"15","acom_name":"Comunidad Foral de Navarra","geo_point_2d":{"lon":-1.4431452970013432,"lat":42.03451540397779}},"geometry":{"type":"Polygon","coordinates":[[[-1.51375,42.01183],[-1.50802,42.00713],[-1.50111,42.00543],[-1.50342,42.01019],[-1.49984,42.01595],[-1.49603,42.0187],[-1.49492,42.01829],[-1.49553,42.0073],[-1.48845,42.0074],[-1.48202,42.00552],[-1.4867,42.00111],[-1.49108,41.98896],[-1.48441,41.99098],[-1.47047,42.00082],[-1.46109,41.99397],[-1.45776,41.99288],[-1.4498,41.99339],[-1.45726,41.99958],[-1.4588,42.00309],[-1.45661,42.00611],[-1.45169,42.00726],[-1.44599,42.00686],[-1.444,42.00493],[-1.44633,41.99969],[-1.44429,41.9967],[-1.43836,41.99533],[-1.43213,41.99603],[-1.43414,41.99388],[-1.43592,41.99399],[-1.42941,41.99177],[-1.42659,41.99393],[-1.43039,41.99389],[-1.43058,41.99979],[-1.41895,42.00617],[-1.41389,42.00688],[-1.41471,42.00896],[-1.41122,42.01163],[-1.40716,42.01194],[-1.39484,42.02166],[-1.3795,42.02456],[-1.37348,42.0304],[-1.37062,42.03794],[-1.38572,42.05614],[-1.39371,42.06087],[-1.41362,42.06534],[-1.42252,42.06475],[-1.43035,42.06795],[-1.43723,42.06829],[-1.44338,42.07119],[-1.44899,42.06974],[-1.45796,42.07653],[-1.4645,42.07927],[-1.47035,42.07976],[-1.47212,42.07562],[-1.47008,42.07433],[-1.47106,42.06969],[-1.47586,42.07043],[-1.47939,42.06931],[-1.47849,42.06736],[-1.48146,42.06461],[-1.50276,42.02542],[-1.49579,42.02213],[-1.50558,42.02202],[-1.50083,42.0189],[-1.50532,42.01978],[-1.50738,42.0156],[-1.51194,42.01482],[-1.5132,42.01216],[-1.51375,42.01183]]]}},{"type":"Feature","properties":{"mun_code":"31163","mun_name":"Marcilla","mun_name_local":null,"prov_code":"31","prov_name":"Navarra","acom_code":"15","acom_name":"Comunidad Foral de Navarra","geo_point_2d":{"lon":-1.7221890760233538,"lat":42.341937848199336}},"geometry":{"type":"Polygon","coordinates":[[[-1.76182,42.32629],[-1.76226,42.32141],[-1.75824,42.31851],[-1.75522,42.31152],[-1.75048,42.30705],[-1.74262,42.30438],[-1.73664,42.30557],[-1.72598,42.3036],[-1.70572,42.30978],[-1.71426,42.31745],[-1.69988,42.32977],[-1.70447,42.34067],[-1.70163,42.34184],[-1.71226,42.35429],[-1.71391,42.35896],[-1.70084,42.35924],[-1.6935,42.36144],[-1.69845,42.3794],[-1.69814,42.38327],[-1.70309,42.39514],[-1.70747,42.39937],[-1.71914,42.39795],[-1.72223,42.39606],[-1.72233,42.39396],[-1.72066,42.37613],[-1.71427,42.36398],[-1.71428,42.3594],[-1.71634,42.35734],[-1.70514,42.34105],[-1.72101,42.33656],[-1.74432,42.33522],[-1.74619,42.3297],[-1.75063,42.32936],[-1.75438,42.32691],[-1.7613,42.32644],[-1.76182,42.32629]]]}},{"type":"Feature","properties":{"mun_code":"31207","mun_name":"Pueyo","mun_name_local":"Puiu","prov_code":"31","prov_name":"Navarra","acom_code":"15","acom_name":"Comunidad Foral de Navarra","geo_point_2d":{"lon":-1.6581468954506458,"lat":42.56722970562756}},"geometry":{"type":"Polygon","coordinates":[[[-1.70091,42.57642],[-1.70217,42.57302],[-1.69898,42.57241],[-1.69628,42.56941],[-1.69193,42.56938],[-1.68645,42.56635],[-1.68063,42.56723],[-1.67762,42.55369],[-1.67124,42.54815],[-1.66056,42.54736],[-1.65611,42.5453],[-1.64938,42.54536],[-1.63984,42.54145],[-1.63606,42.54127],[-1.63087,42.53804],[-1.62973,42.54062],[-1.63297,42.54835],[-1.63318,42.55325],[-1.63209,42.55682],[-1.62896,42.55833],[-1.6269,42.56249],[-1.63168,42.56533],[-1.61913,42.57628],[-1.62251,42.5797],[-1.62531,42.57999],[-1.63061,42.57716],[-1.6457,42.58098],[-1.64774,42.5855],[-1.64466,42.59049],[-1.67289,42.5865],[-1.67728,42.58747],[-1.69052,42.58118],[-1.69955,42.58127],[-1.70051,42.57846],[-1.70091,42.57642]]]}},{"type":"Feature","properties":{"mun_code":"31199","mun_name":"Oroz-Betelu","mun_name_local":"Orotz-Betelu","prov_code":"31","prov_name":"Navarra","acom_code":"15","acom_name":"Comunidad Foral de Navarra","geo_point_2d":{"lon":-1.304526155683337,"lat":42.90657186746256}},"geometry":{"type":"Polygon","coordinates":[[[-1.32603,42.93485],[-1.33183,42.92979],[-1.32866,42.92286],[-1.32936,42.92064],[-1.33741,42.91684],[-1.34081,42.91127],[-1.34075,42.90724],[-1.33254,42.9041],[-1.3321,42.89915],[-1.32879,42.89577],[-1.32014,42.89317],[-1.32218,42.88656],[-1.32423,42.8855],[-1.32384,42.88229],[-1.32732,42.87961],[-1.32434,42.87757],[-1.32172,42.88114],[-1.31898,42.8799],[-1.31221,42.87991],[-1.30824,42.88343],[-1.30294,42.88514],[-1.29541,42.8822],[-1.28912,42.88555],[-1.27665,42.88688],[-1.26763,42.88992],[-1.26606,42.89384],[-1.27323,42.90938],[-1.28446,42.92207],[-1.29328,42.92777],[-1.3,42.92944],[-1.30739,42.93352],[-1.31482,42.93327],[-1.31959,42.93163],[-1.32567,42.93477],[-1.32603,42.93485]]]}},{"type":"Feature","properties":{"mun_code":"31254","mun_name":"Villafranca","mun_name_local":null,"prov_code":"31","prov_name":"Navarra","acom_code":"15","acom_name":"Comunidad Foral de Navarra","geo_point_2d":{"lon":-1.7254135240886417,"lat":42.27391820307614}},"geometry":{"type":"Polygon","coordinates":[[[-1.77202,42.26708],[-1.763,42.25527],[-1.76112,42.2566],[-1.757,42.25576],[-1.76006,42.254],[-1.75625,42.25052],[-1.75096,42.25395],[-1.75045,42.25594],[-1.73501,42.24585],[-1.72974,42.24624],[-1.72311,42.23856],[-1.67236,42.24978],[-1.66418,42.25897],[-1.68187,42.26434],[-1.68034,42.27737],[-1.69369,42.28815],[-1.69531,42.29658],[-1.69977,42.30383],[-1.70572,42.30978],[-1.72598,42.3036],[-1.73664,42.30557],[-1.74262,42.30438],[-1.75367,42.30869],[-1.75614,42.30827],[-1.74554,42.30367],[-1.74399,42.30084],[-1.74646,42.2994],[-1.75446,42.29849],[-1.75926,42.29987],[-1.76132,42.29929],[-1.76478,42.2949],[-1.76462,42.29159],[-1.76179,42.28949],[-1.76341,42.2886],[-1.76704,42.28923],[-1.77085,42.29338],[-1.78511,42.2965],[-1.78753,42.29046],[-1.78293,42.28493],[-1.77677,42.28453],[-1.78051,42.27909],[-1.77192,42.2721],[-1.77165,42.26743],[-1.77202,42.26708]]]}},{"type":"Feature","properties":{"mun_code":"31066","mun_name":"Cárcar","mun_name_local":null,"prov_code":"31","prov_name":"Navarra","acom_code":"15","acom_name":"Comunidad Foral de Navarra","geo_point_2d":{"lon":-1.981777801447175,"lat":42.4140054848652}},"geometry":{"type":"Polygon","coordinates":[[[-2.03058,42.41157],[-2.02401,42.40817],[-2.01879,42.4073],[-2.02013,42.40462],[-2.01619,42.4026],[-2.01814,42.40138],[-2.01155,42.3966],[-2.00819,42.39044],[-2.00024,42.38471],[-1.98061,42.3742],[-1.97163,42.38215],[-1.958,42.38655],[-1.96001,42.39119],[-1.9411,42.40626],[-1.93251,42.418],[-1.92881,42.42876],[-1.93641,42.43724],[-1.95283,42.43495],[-1.98275,42.43942],[-1.98977,42.43871],[-2.01008,42.44882],[-2.0222,42.43793],[-2.02203,42.42307],[-2.03094,42.41209],[-2.03058,42.41157]]]}},{"type":"Feature","properties":{"mun_code":"31001","mun_name":"Abáigar","mun_name_local":null,"prov_code":"31","prov_name":"Navarra","acom_code":"15","acom_name":"Comunidad Foral de Navarra","geo_point_2d":{"lon":-2.137896441602492,"lat":42.64377419057248}},"geometry":{"type":"Polygon","coordinates":[[[-2.15388,42.64656],[-2.15358,42.64027],[-2.15082,42.63639],[-2.14084,42.63489],[-2.13495,42.63615],[-2.12884,42.63148],[-2.12754,42.6288],[-2.12036,42.64169],[-2.12218,42.64406],[-2.13053,42.64872],[-2.13081,42.65096],[-2.12847,42.653],[-2.12938,42.65524],[-2.14009,42.65544],[-2.14162,42.6531],[-2.14312,42.65457],[-2.15021,42.65247],[-2.15279,42.64723],[-2.15388,42.64656]]]}},{"type":"Feature","properties":{"mun_code":"31092","mun_name":"Erro","mun_name_local":null,"prov_code":"31","prov_name":"Navarra","acom_code":"15","acom_name":"Comunidad Foral de Navarra","geo_point_2d":{"lon":-1.4280203355041883,"lat":42.97199977153405}},"geometry":{"type":"Polygon","coordinates":[[[-1.50781,43.03106],[-1.4955,43.03149],[-1.49113,43.0284],[-1.48626,43.01954],[-1.48288,43.01861],[-1.4802,43.01545],[-1.48727,43.00929],[-1.48804,43.00471],[-1.47909,42.99857],[-1.47998,42.98744],[-1.48367,42.98246],[-1.48159,42.97429],[-1.48299,42.97177],[-1.47553,42.96469],[-1.47307,42.96422],[-1.4728,42.95345],[-1.46895,42.94777],[-1.47182,42.93952],[-1.47621,42.9349],[-1.47902,42.92048],[-1.48821,42.91369],[-1.48997,42.9065],[-1.48784,42.90525],[-1.4796,42.90531],[-1.47594,42.90163],[-1.47777,42.89086],[-1.47002,42.88546],[-1.46933,42.8783],[-1.44062,42.87458],[-1.43953,42.87633],[-1.43489,42.87741],[-1.43404,42.87925],[-1.4336,42.89099],[-1.42238,42.90017],[-1.41971,42.90189],[-1.41121,42.90221],[-1.40306,42.9077],[-1.39543,42.90779],[-1.39787,42.9143],[-1.40037,42.91696],[-1.40454,42.91783],[-1.40411,42.92218],[-1.40722,42.92428],[-1.40659,42.92636],[-1.40197,42.92924],[-1.40622,42.93109],[-1.39701,42.94257],[-1.38846,42.9514],[-1.37649,42.95487],[-1.37194,42.95294],[-1.36785,42.95662],[-1.36375,42.95656],[-1.36375,42.96045],[-1.35865,42.96207],[-1.35337,42.97068],[-1.35137,42.97171],[-1.34439,42.97136],[-1.34077,42.97432],[-1.33754,42.9818],[-1.34839,42.98493],[-1.35011,42.98718],[-1.35497,42.98923],[-1.35767,42.99482],[-1.35469,43.00555],[-1.35651,43.00771],[-1.35941,43.00824],[-1.36185,43.00687],[-1.36608,43.00957],[-1.36767,43.00887],[-1.3751,43.0104],[-1.37597,43.01739],[-1.36809,43.01826],[-1.36764,43.0196],[-1.36257,43.02091],[-1.36019,43.0294],[-1.44121,43.04635],[-1.44723,43.05306],[-1.45059,43.05179],[-1.45018,43.04538],[-1.45359,43.04274],[-1.45698,43.04134],[-1.46874,43.04257],[-1.47069,43.04121],[-1.47033,43.03449],[-1.47694,43.03585],[-1.48379,43.03364],[-1.48669,43.03635],[-1.49216,43.03723],[-1.50781,43.03106]]]}},{"type":"Feature","properties":{"mun_code":"31132","mun_name":"Izagaondoa","mun_name_local":null,"prov_code":"31","prov_name":"Navarra","acom_code":"15","acom_name":"Comunidad Foral de Navarra","geo_point_2d":{"lon":-1.418651259593571,"lat":42.729839103275694}},"geometry":{"type":"Polygon","coordinates":[[[-1.51781,42.76441],[-1.50485,42.76118],[-1.49839,42.76135],[-1.49754,42.75903],[-1.4791,42.75545],[-1.47519,42.7555],[-1.47301,42.76024],[-1.46734,42.76361],[-1.45963,42.75768],[-1.45704,42.75786],[-1.45417,42.75122],[-1.46036,42.74341],[-1.46247,42.73665],[-1.46133,42.7344],[-1.46761,42.73261],[-1.4617,42.72979],[-1.4575,42.72197],[-1.44909,42.71579],[-1.43882,42.71208],[-1.4401,42.70962],[-1.43492,42.70483],[-1.41364,42.70465],[-1.39845,42.70074],[-1.39333,42.69451],[-1.39976,42.6852],[-1.39682,42.67587],[-1.37326,42.68449],[-1.35873,42.68367],[-1.35836,42.6877],[-1.35241,42.69543],[-1.35397,42.70572],[-1.34913,42.70442],[-1.35071,42.71092],[-1.3548,42.71632],[-1.35186,42.72208],[-1.38726,42.74519],[-1.40781,42.75411],[-1.41049,42.75245],[-1.42074,42.75545],[-1.42092,42.75802],[-1.42332,42.75997],[-1.43961,42.76699],[-1.44067,42.76575],[-1.43255,42.76102],[-1.44125,42.75893],[-1.45002,42.76689],[-1.46465,42.76518],[-1.47255,42.76726],[-1.47392,42.77416],[-1.48325,42.77853],[-1.48677,42.77754],[-1.49401,42.78039],[-1.49584,42.77959],[-1.50325,42.78195],[-1.51039,42.78114],[-1.51324,42.77964],[-1.51857,42.76553],[-1.51781,42.76441]]]}},{"type":"Feature","properties":{"mun_code":"31178","mun_name":"Murillo el Cuende","mun_name_local":null,"prov_code":"31","prov_name":"Navarra","acom_code":"15","acom_name":"Comunidad Foral de Navarra","geo_point_2d":{"lon":-1.5995564881906161,"lat":42.34391920701627}},"geometry":{"type":"Polygon","coordinates":[[[-1.64473,42.41217],[-1.64429,42.40123],[-1.64216,42.3961],[-1.64344,42.39424],[-1.64195,42.39355],[-1.63586,42.37596],[-1.63541,42.36667],[-1.63697,42.36342],[-1.63175,42.35988],[-1.637,42.35418],[-1.63644,42.35158],[-1.63788,42.35076],[-1.62758,42.31907],[-1.61748,42.31464],[-1.61736,42.3031],[-1.59229,42.28847],[-1.58654,42.29193],[-1.5845,42.29589],[-1.57846,42.29714],[-1.57672,42.29965],[-1.55611,42.30573],[-1.54545,42.31154],[-1.53872,42.31727],[-1.55903,42.33455],[-1.56343,42.34937],[-1.56226,42.35178],[-1.56854,42.35382],[-1.57191,42.35855],[-1.58468,42.36745],[-1.59004,42.38134],[-1.5996,42.38107],[-1.60918,42.38475],[-1.61147,42.39398],[-1.61568,42.4003],[-1.625,42.40745],[-1.64223,42.41103],[-1.64473,42.41217]]]}},{"type":"Feature","properties":{"mun_code":"31062","mun_name":"Cabanillas","mun_name_local":null,"prov_code":"31","prov_name":"Navarra","acom_code":"15","acom_name":"Comunidad Foral de Navarra","geo_point_2d":{"lon":-1.5229901172734754,"lat":42.04778703251551}},"geometry":{"type":"MultiPolygon","coordinates":[[[[-1.50057,41.99711],[-1.49528,41.99865],[-1.49046,42.00383],[-1.49506,42.00448],[-1.49909,42.00354],[-1.50261,41.99878],[-1.50096,41.99716],[-1.50057,41.99711]]],[[[-1.49553,42.0073],[-1.49492,42.01829],[-1.49603,42.0187],[-1.49984,42.01595],[-1.50365,42.00889],[-1.50111,42.00543],[-1.49662,42.00681],[-1.49553,42.0073]]],[[[-1.52296,42.07881],[-1.52684,42.08078],[-1.53245,42.08106],[-1.53584,42.07772],[-1.54156,42.07625],[-1.54134,42.0735],[-1.54516,42.07105],[-1.5484,42.06998],[-1.55061,42.07129],[-1.55388,42.07069],[-1.55788,42.06646],[-1.55758,42.06413],[-1.56442,42.05921],[-1.56344,42.05592],[-1.5661,42.05393],[-1.56143,42.05026],[-1.5563,42.04925],[-1.55188,42.04434],[-1.55516,42.03003],[-1.56133,42.0249],[-1.56061,42.02257],[-1.5571,42.02132],[-1.5478,42.02191],[-1.53916,42.01979],[-1.52696,42.02178],[-1.51861,42.01155],[-1.5169,42.01518],[-1.51375,42.01183],[-1.51194,42.01482],[-1.50738,42.0156],[-1.50532,42.01978],[-1.50151,42.01822],[-1.50083,42.0189],[-1.50558,42.02202],[-1.49579,42.02213],[-1.50276,42.02542],[-1.48043,42.06636],[-1.48737,42.06704],[-1.49807,42.07468],[-1.50102,42.07918],[-1.52139,42.07883],[-1.52296,42.07881]]]]}},{"type":"Feature","properties":{"mun_code":"53078","mun_name":"Bardenas Reales","mun_name_local":null,"prov_code":"31","prov_name":"Navarra","acom_code":"15","acom_name":"Comunidad Foral de Navarra","geo_point_2d":{"lon":-1.4643139352234638,"lat":42.17843434573188}},"geometry":{"type":"Polygon","coordinates":[[[-1.68034,42.27737],[-1.68187,42.26434],[-1.64975,42.25418],[-1.61732,42.23363],[-1.59637,42.22539],[-1.59098,42.22963],[-1.58449,42.22562],[-1.57791,42.22432],[-1.56929,42.22959],[-1.55286,42.23569],[-1.55235,42.23868],[-1.55674,42.24362],[-1.55369,42.24806],[-1.55089,42.2463],[-1.5489,42.24665],[-1.54895,42.25415],[-1.55325,42.25593],[-1.55552,42.25976],[-1.56192,42.2616],[-1.56245,42.26353],[-1.55527,42.27333],[-1.55224,42.27354],[-1.54678,42.27111],[-1.53833,42.26986],[-1.53166,42.26259],[-1.52548,42.26237],[-1.51683,42.25858],[-1.51702,42.23218],[-1.52284,42.22794],[-1.52701,42.22705],[-1.52817,42.22858],[-1.52607,42.22577],[-1.52868,42.22482],[-1.52639,42.22089],[-1.52741,42.21865],[-1.52274,42.21632],[-1.52141,42.21355],[-1.52722,42.17863],[-1.53219,42.16452],[-1.56037,42.13871],[-1.56742,42.13586],[-1.57137,42.1308],[-1.56445,42.12401],[-1.55524,42.12323],[-1.54566,42.11961],[-1.5422,42.11966],[-1.53177,42.12357],[-1.52429,42.12302],[-1.51701,42.12619],[-1.50804,42.12716],[-1.4923,42.13645],[-1.48822,42.13649],[-1.48563,42.13323],[-1.48476,42.12307],[-1.48933,42.11605],[-1.49915,42.11094],[-1.50144,42.10414],[-1.50718,42.09899],[-1.50755,42.09471],[-1.51248,42.08589],[-1.52069,42.08378],[-1.52296,42.07881],[-1.50102,42.07918],[-1.49807,42.07468],[-1.48737,42.06704],[-1.48034,42.06636],[-1.47849,42.06736],[-1.47939,42.06931],[-1.47586,42.07043],[-1.47106,42.06969],[-1.46994,42.07325],[-1.47212,42.07562],[-1.4716,42.07802],[-1.47035,42.07976],[-1.46712,42.07983],[-1.45796,42.07653],[-1.44899,42.06974],[-1.44338,42.07119],[-1.43723,42.06829],[-1.43035,42.06795],[-1.42252,42.06475],[-1.41673,42.06567],[-1.4052,42.064],[-1.39371,42.06087],[-1.38572,42.05614],[-1.37062,42.03794],[-1.37502,42.02831],[-1.3795,42.02456],[-1.39484,42.02166],[-1.40716,42.01194],[-1.41122,42.01163],[-1.41471,42.00896],[-1.41389,42.00688],[-1.41895,42.00617],[-1.42958,42.00017],[-1.41991,41.98819],[-1.4086,41.98136],[-1.40209,41.97508],[-1.38,41.95957],[-1.37435,41.962],[-1.36597,41.98283],[-1.35149,42.00243],[-1.34108,42.01239],[-1.33952,42.01801],[-1.3282,42.02798],[-1.30482,42.04295],[-1.30815,42.04645],[-1.30332,42.0518],[-1.30818,42.05892],[-1.30815,42.06197],[-1.31124,42.06293],[-1.31274,42.06502],[-1.31059,42.07231],[-1.32914,42.07312],[-1.34421,42.07101],[-1.35228,42.07307],[-1.35941,42.08614],[-1.36525,42.09316],[-1.36676,42.10696],[-1.39888,42.12622],[-1.39977,42.12787],[-1.39282,42.14959],[-1.3942,42.15504],[-1.39837,42.15639],[-1.39406,42.16585],[-1.3942,42.17302],[-1.39191,42.18142],[-1.39521,42.19065],[-1.41337,42.20222],[-1.41753,42.21237],[-1.41636,42.222],[-1.39988,42.24551],[-1.39976,42.25642],[-1.39497,42.26377],[-1.3955,42.26946],[-1.39137,42.27212],[-1.38989,42.27853],[-1.398,42.28894],[-1.39947,42.29736],[-1.40526,42.30119],[-1.40849,42.30579],[-1.41196,42.30488],[-1.41881,42.30607],[-1.43253,42.31585],[-1.4391,42.31279],[-1.45408,42.30939],[-1.4677,42.31397],[-1.47721,42.3209],[-1.46871,42.32584],[-1.46832,42.32778],[-1.48155,42.33344],[-1.48692,42.34582],[-1.4938,42.34867],[-1.49692,42.35555],[-1.50291,42.36234],[-1.5041,42.36111],[-1.49938,42.35425],[-1.49747,42.34731],[-1.49782,42.33802],[-1.50889,42.34179],[-1.51166,42.33593],[-1.51897,42.33256],[-1.52178,42.32665],[-1.53009,42.3224],[-1.53269,42.31887],[-1.53872,42.31727],[-1.54545,42.31154],[-1.55818,42.3048],[-1.57672,42.29965],[-1.57846,42.29714],[-1.5845,42.29589],[-1.58654,42.29193],[-1.59229,42.28847],[-1.58876,42.28253],[-1.60617,42.26354],[-1.61419,42.26093],[-1.62711,42.26067],[-1.63406,42.27069],[-1.63983,42.27458],[-1.66757,42.281],[-1.67971,42.28529],[-1.68064,42.28207],[-1.68034,42.27737]]]}},{"type":"Feature","properties":{"mun_code":"31222","mun_name":"Sarriés","mun_name_local":"Sartze","prov_code":"31","prov_name":"Navarra","acom_code":"15","acom_name":"Comunidad Foral de Navarra","geo_point_2d":{"lon":-1.103766758579889,"lat":42.84043970943268}},"geometry":{"type":"Polygon","coordinates":[[[-1.17744,42.84542],[-1.17608,42.8389],[-1.17309,42.8353],[-1.159,42.83416],[-1.15922,42.83055],[-1.12938,42.82935],[-1.11754,42.83094],[-1.09241,42.82582],[-1.09111,42.82796],[-1.08565,42.82919],[-1.07296,42.82608],[-1.06749,42.82726],[-1.06484,42.82991],[-1.05525,42.82974],[-1.05092,42.83476],[-1.04928,42.83407],[-1.04718,42.83722],[-1.04244,42.83845],[-1.04447,42.84333],[-1.03708,42.8443],[-1.02598,42.85203],[-1.02463,42.85887],[-1.01625,42.86383],[-1.03333,42.86184],[-1.03785,42.85824],[-1.03645,42.8569],[-1.03716,42.8537],[-1.04946,42.84679],[-1.06348,42.84262],[-1.07475,42.84719],[-1.08442,42.84728],[-1.09057,42.84383],[-1.09695,42.84332],[-1.10443,42.84551],[-1.11136,42.84535],[-1.11749,42.8531],[-1.12054,42.85339],[-1.1258,42.85335],[-1.13188,42.84917],[-1.14166,42.85076],[-1.14953,42.84918],[-1.15496,42.85149],[-1.15939,42.84906],[-1.17066,42.84881],[-1.16942,42.84675],[-1.17722,42.84553],[-1.17744,42.84542]]]}},{"type":"Feature","properties":{"mun_code":"31906","mun_name":"Orkoien","mun_name_local":null,"prov_code":"31","prov_name":"Navarra","acom_code":"15","acom_name":"Comunidad Foral de Navarra","geo_point_2d":{"lon":-1.7044040960880087,"lat":42.82598414875754}},"geometry":{"type":"Polygon","coordinates":[[[-1.72418,42.82827],[-1.72544,42.8245],[-1.71967,42.82241],[-1.7167,42.81956],[-1.70971,42.81723],[-1.70574,42.8174],[-1.69795,42.81307],[-1.69024,42.81575],[-1.68529,42.82033],[-1.68847,42.8218],[-1.68693,42.82801],[-1.69246,42.82976],[-1.69507,42.8364],[-1.70582,42.83918],[-1.71333,42.83308],[-1.71643,42.83258],[-1.71631,42.83527],[-1.7213,42.83509],[-1.72034,42.83367],[-1.72319,42.82941],[-1.72418,42.82827]]]}},{"type":"Feature","properties":{"mun_code":"31019","mun_name":"Aoiz","mun_name_local":"Agoitz","prov_code":"31","prov_name":"Navarra","acom_code":"15","acom_name":"Comunidad Foral de Navarra","geo_point_2d":{"lon":-1.3571968998459059,"lat":42.78775359878669}},"geometry":{"type":"Polygon","coordinates":[[[-1.38634,42.76173],[-1.38208,42.76582],[-1.3698,42.76324],[-1.36971,42.76574],[-1.36551,42.76709],[-1.36096,42.77531],[-1.36185,42.78139],[-1.35693,42.78653],[-1.35092,42.78145],[-1.34535,42.78106],[-1.34118,42.78287],[-1.33837,42.78257],[-1.33118,42.77856],[-1.33078,42.78408],[-1.32552,42.78503],[-1.31972,42.78857],[-1.31816,42.79235],[-1.32001,42.80104],[-1.33976,42.80115],[-1.34243,42.80338],[-1.35338,42.79566],[-1.36075,42.8011],[-1.37311,42.7992],[-1.38189,42.80158],[-1.38553,42.79938],[-1.38726,42.79476],[-1.38785,42.78994],[-1.38526,42.78586],[-1.38663,42.78163],[-1.38193,42.78299],[-1.38025,42.78055],[-1.38092,42.77788],[-1.3769,42.77372],[-1.3791,42.77032],[-1.38517,42.7668],[-1.3877,42.76251],[-1.38634,42.76173]]]}},{"type":"Feature","properties":{"mun_code":"31075","mun_name":"Ciriza","mun_name_local":"Ziritza","prov_code":"31","prov_name":"Navarra","acom_code":"15","acom_name":"Comunidad Foral de Navarra","geo_point_2d":{"lon":-1.8251295555400868,"lat":42.7916979930197}},"geometry":{"type":"Polygon","coordinates":[[[-1.84824,42.79594],[-1.84401,42.78894],[-1.83777,42.78795],[-1.82869,42.78335],[-1.81987,42.78501],[-1.81882,42.78599],[-1.82051,42.78946],[-1.81534,42.7907],[-1.81153,42.78571],[-1.8027,42.7828],[-1.80554,42.79553],[-1.82485,42.79838],[-1.84315,42.79892],[-1.84824,42.79594]]]}},{"type":"Feature","properties":{"mun_code":"31043","mun_name":"Azuelo","mun_name_local":null,"prov_code":"31","prov_name":"Navarra","acom_code":"15","acom_name":"Comunidad Foral de Navarra","geo_point_2d":{"lon":-2.350910588732377,"lat":42.60611935627048}},"geometry":{"type":"Polygon","coordinates":[[[-2.36594,42.63704],[-2.3643,42.63001],[-2.3685,42.62502],[-2.37085,42.6235],[-2.37457,42.62653],[-2.37623,42.62573],[-2.36602,42.61468],[-2.36299,42.61551],[-2.35807,42.61363],[-2.35295,42.60911],[-2.36241,42.58848],[-2.35944,42.58366],[-2.34788,42.58101],[-2.33895,42.58115],[-2.33402,42.57635],[-2.33075,42.58209],[-2.33354,42.58665],[-2.33351,42.59032],[-2.32936,42.59321],[-2.33963,42.59668],[-2.33677,42.60575],[-2.34013,42.60875],[-2.34623,42.61969],[-2.34984,42.61975],[-2.35147,42.62363],[-2.34664,42.63214],[-2.34729,42.63407],[-2.36102,42.63686],[-2.36594,42.63704]]]}},{"type":"Feature","properties":{"mun_code":"31265","mun_name":"Zúñiga","mun_name_local":null,"prov_code":"31","prov_name":"Navarra","acom_code":"15","acom_name":"Comunidad Foral de Navarra","geo_point_2d":{"lon":-2.2954040614569444,"lat":42.69195635012338}},"geometry":{"type":"Polygon","coordinates":[[[-2.31976,42.72874],[-2.32401,42.72377],[-2.32371,42.71963],[-2.32092,42.71703],[-2.31839,42.71892],[-2.31285,42.70868],[-2.31571,42.70333],[-2.31236,42.68826],[-2.31686,42.6825],[-2.31153,42.68048],[-2.3093,42.67115],[-2.30493,42.67046],[-2.30794,42.67332],[-2.30508,42.67594],[-2.30109,42.67722],[-2.2964,42.67646],[-2.29358,42.67794],[-2.2887,42.66386],[-2.28848,42.65507],[-2.29334,42.65086],[-2.29098,42.65077],[-2.28688,42.65424],[-2.28794,42.66223],[-2.28428,42.66282],[-2.27663,42.66769],[-2.27248,42.66805],[-2.26767,42.67141],[-2.27138,42.67343],[-2.26784,42.6767],[-2.27286,42.67772],[-2.27623,42.68011],[-2.27142,42.68532],[-2.26485,42.68077],[-2.2657,42.68526],[-2.27145,42.69149],[-2.27873,42.69601],[-2.28191,42.70142],[-2.28804,42.70418],[-2.29071,42.70904],[-2.30694,42.70781],[-2.30819,42.70875],[-2.30134,42.71501],[-2.30465,42.72337],[-2.31325,42.72215],[-2.31518,42.72719],[-2.31432,42.72968],[-2.31709,42.72822],[-2.31976,42.72874]]]}},{"type":"Feature","properties":{"mun_code":"31003","mun_name":"Abaurregaina","mun_name_local":"Abaurrea Alta","prov_code":"31","prov_name":"Navarra","acom_code":"15","acom_name":"Comunidad Foral de Navarra","geo_point_2d":{"lon":-1.2007234455824283,"lat":42.89709402634936}},"geometry":{"type":"Polygon","coordinates":[[[-1.23519,42.86717],[-1.21949,42.8655],[-1.213,42.8677],[-1.20225,42.86673],[-1.20151,42.87321],[-1.19466,42.87984],[-1.19584,42.88345],[-1.19878,42.88585],[-1.19838,42.88883],[-1.19078,42.89315],[-1.18751,42.89361],[-1.18505,42.89565],[-1.18592,42.89824],[-1.1801,42.90007],[-1.17504,42.89989],[-1.17009,42.90333],[-1.16795,42.90727],[-1.16957,42.90951],[-1.16746,42.91151],[-1.16976,42.91388],[-1.15764,42.91907],[-1.1553,42.91805],[-1.15115,42.92468],[-1.1529,42.93002],[-1.15999,42.93719],[-1.16328,42.93383],[-1.17616,42.92677],[-1.19335,42.91083],[-1.20007,42.90841],[-1.20575,42.90831],[-1.20973,42.90943],[-1.20885,42.91114],[-1.21165,42.91058],[-1.21362,42.90512],[-1.21705,42.90493],[-1.21971,42.90151],[-1.21576,42.89501],[-1.22052,42.89089],[-1.22488,42.89129],[-1.23031,42.89734],[-1.22643,42.89879],[-1.22649,42.89999],[-1.2241,42.90079],[-1.22286,42.89932],[-1.22194,42.9007],[-1.22181,42.90788],[-1.22472,42.90965],[-1.22465,42.9047],[-1.2309,42.90314],[-1.23421,42.89953],[-1.23969,42.89686],[-1.24028,42.89415],[-1.2346,42.89101],[-1.23936,42.88379],[-1.23708,42.88057],[-1.23592,42.8692],[-1.23519,42.86717]]]}},{"type":"Feature","properties":{"mun_code":"31242","mun_name":"Urraul Bajo","mun_name_local":null,"prov_code":"31","prov_name":"Navarra","acom_code":"15","acom_name":"Comunidad Foral de Navarra","geo_point_2d":{"lon":-1.3279449952959503,"lat":42.69061392730377}},"geometry":{"type":"Polygon","coordinates":[[[-1.39596,42.6612],[-1.39128,42.65453],[-1.38466,42.65181],[-1.38334,42.64676],[-1.38513,42.64277],[-1.38808,42.64172],[-1.38716,42.63878],[-1.37708,42.63474],[-1.369,42.62904],[-1.36267,42.62918],[-1.35825,42.63158],[-1.35639,42.63123],[-1.35681,42.63281],[-1.35081,42.63741],[-1.35474,42.64255],[-1.35136,42.65073],[-1.34578,42.65264],[-1.34362,42.65408],[-1.34471,42.65484],[-1.3378,42.65558],[-1.33333,42.65372],[-1.32776,42.65549],[-1.32778,42.65665],[-1.32299,42.65717],[-1.32207,42.65853],[-1.32518,42.66523],[-1.32112,42.6655],[-1.31862,42.67046],[-1.32391,42.67192],[-1.3245,42.67376],[-1.31894,42.68732],[-1.31182,42.68803],[-1.30922,42.68683],[-1.31153,42.68228],[-1.30724,42.67731],[-1.2961,42.67743],[-1.28096,42.68037],[-1.27511,42.68716],[-1.28104,42.69327],[-1.2883,42.69604],[-1.28035,42.70333],[-1.27113,42.72555],[-1.26318,42.72254],[-1.2617,42.72022],[-1.25474,42.72037],[-1.25299,42.72317],[-1.24768,42.72061],[-1.24483,42.72419],[-1.2629,42.73038],[-1.27142,42.73549],[-1.27704,42.73517],[-1.28361,42.73697],[-1.28579,42.74215],[-1.29157,42.74313],[-1.29998,42.74124],[-1.31213,42.73619],[-1.31904,42.73233],[-1.32226,42.72718],[-1.32757,42.72789],[-1.33797,42.72228],[-1.34388,42.72312],[-1.35186,42.72208],[-1.3548,42.71632],[-1.35071,42.71092],[-1.34913,42.70442],[-1.35397,42.70572],[-1.35241,42.69543],[-1.35836,42.6877],[-1.35873,42.68367],[-1.37326,42.68449],[-1.37917,42.6818],[-1.37974,42.67449],[-1.3778,42.66567],[-1.39158,42.66291],[-1.39596,42.6612]]]}},{"type":"Feature","properties":{"mun_code":"31905","mun_name":"Beriáin","mun_name_local":null,"prov_code":"31","prov_name":"Navarra","acom_code":"15","acom_name":"Comunidad Foral de Navarra","geo_point_2d":{"lon":-1.6437023794586425,"lat":42.73165252059131}},"geometry":{"type":"Polygon","coordinates":[[[-1.64654,42.71819],[-1.63982,42.72053],[-1.6337,42.72001],[-1.62843,42.73412],[-1.63109,42.74209],[-1.6364,42.74469],[-1.64846,42.74251],[-1.66297,42.73339],[-1.65944,42.72863],[-1.65658,42.72821],[-1.65659,42.72644],[-1.65072,42.72534],[-1.65284,42.71935],[-1.64865,42.71742],[-1.64654,42.71819]]]}},{"type":"Feature","properties":{"mun_code":"31035","mun_name":"Armañanzas","mun_name_local":null,"prov_code":"31","prov_name":"Navarra","acom_code":"15","acom_name":"Comunidad Foral de Navarra","geo_point_2d":{"lon":-2.2882448740648607,"lat":42.54405573345333}},"geometry":{"type":"Polygon","coordinates":[[[-2.3067,42.57678],[-2.30554,42.57118],[-2.29665,42.55901],[-2.3015,42.55142],[-2.2924,42.53211],[-2.2882,42.5265],[-2.28579,42.51726],[-2.29421,42.49774],[-2.29356,42.48994],[-2.28138,42.48675],[-2.28258,42.48826],[-2.28001,42.50117],[-2.28154,42.51153],[-2.27969,42.51713],[-2.28331,42.53149],[-2.28119,42.54436],[-2.28237,42.54896],[-2.2759,42.55612],[-2.2763,42.56155],[-2.27239,42.5706],[-2.27781,42.57579],[-2.29203,42.58008],[-2.30217,42.57555],[-2.3067,42.57678]]]}},{"type":"Feature","properties":{"mun_code":"31190","mun_name":"Olejua","mun_name_local":null,"prov_code":"31","prov_name":"Navarra","acom_code":"15","acom_name":"Comunidad Foral de Navarra","geo_point_2d":{"lon":-2.139890991027746,"lat":42.624360554062825}},"geometry":{"type":"Polygon","coordinates":[[[-2.1536,42.63283],[-2.15072,42.63153],[-2.15284,42.6258],[-2.14113,42.60932],[-2.14158,42.60651],[-2.13757,42.60656],[-2.13553,42.60766],[-2.13565,42.61578],[-2.12647,42.62297],[-2.12646,42.62643],[-2.12884,42.63148],[-2.13495,42.63615],[-2.14084,42.63489],[-2.15082,42.63639],[-2.1536,42.63283]]]}},{"type":"Feature","properties":{"mun_code":"31167","mun_name":"Mendigorria","mun_name_local":null,"prov_code":"31","prov_name":"Navarra","acom_code":"15","acom_name":"Comunidad Foral de Navarra","geo_point_2d":{"lon":-1.840860266980641,"lat":42.611860116421184}},"geometry":{"type":"Polygon","coordinates":[[[-1.903,42.61383],[-1.90047,42.60858],[-1.90181,42.60712],[-1.897,42.60406],[-1.8931,42.59817],[-1.89297,42.59008],[-1.88796,42.58425],[-1.87803,42.58642],[-1.86777,42.58572],[-1.86005,42.58665],[-1.85603,42.58551],[-1.84744,42.59122],[-1.8399,42.59295],[-1.82119,42.5887],[-1.81427,42.59016],[-1.80691,42.59563],[-1.79975,42.60284],[-1.79903,42.60537],[-1.78945,42.61394],[-1.78388,42.61513],[-1.77734,42.6221],[-1.77788,42.62427],[-1.78104,42.6263],[-1.7898,42.62735],[-1.79703,42.63412],[-1.8023,42.63664],[-1.81917,42.63929],[-1.82467,42.63862],[-1.83064,42.64051],[-1.83349,42.64013],[-1.83423,42.63687],[-1.8389,42.63615],[-1.84463,42.64117],[-1.84714,42.63915],[-1.8452,42.63715],[-1.85418,42.63365],[-1.86237,42.62742],[-1.85867,42.61952],[-1.86584,42.61696],[-1.86909,42.61717],[-1.8746,42.62202],[-1.88311,42.62343],[-1.89116,42.62187],[-1.89173,42.61875],[-1.89615,42.61506],[-1.8957,42.6089],[-1.90089,42.613],[-1.903,42.61383]]]}},{"type":"Feature","properties":{"mun_code":"53059","mun_name":"Facero de Uzamalarre","mun_name_local":null,"prov_code":"31","prov_name":"Navarra","acom_code":"15","acom_name":"Comunidad Foral de Navarra","geo_point_2d":{"lon":-1.6309973052784958,"lat":42.98121211842762}},"geometry":{"type":"Polygon","coordinates":[[[-1.63892,42.9819],[-1.63254,42.97839],[-1.6257,42.9766],[-1.62242,42.97914],[-1.62491,42.98157],[-1.6299,42.98317],[-1.63346,42.98736],[-1.63754,42.98262],[-1.63892,42.9819]]]}},{"type":"Feature","properties":{"mun_code":"31109","mun_name":"Galar","mun_name_local":null,"prov_code":"31","prov_name":"Navarra","acom_code":"15","acom_name":"Comunidad Foral de Navarra","geo_point_2d":{"lon":-1.670763353090876,"lat":42.74751231773893}},"geometry":{"type":"Polygon","coordinates":[[[-1.69886,42.77675],[-1.70627,42.77343],[-1.7041,42.75942],[-1.70921,42.74926],[-1.71049,42.74196],[-1.71334,42.74114],[-1.70936,42.73219],[-1.7053,42.73488],[-1.70245,42.7328],[-1.68697,42.72781],[-1.68865,42.7242],[-1.69368,42.72191],[-1.70289,42.71167],[-1.69645,42.7099],[-1.68884,42.71148],[-1.68596,42.7078],[-1.67367,42.7018],[-1.67092,42.70468],[-1.65537,42.69677],[-1.65572,42.69796],[-1.64524,42.70557],[-1.64305,42.71216],[-1.64654,42.71819],[-1.64865,42.71742],[-1.65284,42.71935],[-1.65072,42.72534],[-1.65659,42.72644],[-1.65658,42.72821],[-1.65944,42.72863],[-1.66297,42.73339],[-1.64846,42.74251],[-1.6364,42.74469],[-1.64241,42.7469],[-1.63909,42.75022],[-1.64536,42.75666],[-1.64249,42.76263],[-1.64546,42.76602],[-1.63656,42.77766],[-1.62607,42.7799],[-1.63172,42.7889],[-1.63412,42.78893],[-1.63988,42.79613],[-1.6458,42.79726],[-1.65215,42.79309],[-1.65327,42.78998],[-1.6638,42.79148],[-1.6648,42.78725],[-1.66078,42.78368],[-1.66457,42.7793],[-1.66937,42.7792],[-1.67759,42.77126],[-1.6811,42.77213],[-1.68603,42.77604],[-1.69497,42.77581],[-1.69886,42.77675]]]}},{"type":"Feature","properties":{"mun_code":"31226","mun_name":"Sunbilla","mun_name_local":null,"prov_code":"31","prov_name":"Navarra","acom_code":"15","acom_name":"Comunidad Foral de Navarra","geo_point_2d":{"lon":-1.6648219977828125,"lat":43.17925854502538}},"geometry":{"type":"Polygon","coordinates":[[[-1.72573,43.16138],[-1.72271,43.15747],[-1.71098,43.15532],[-1.70933,43.14922],[-1.70678,43.14629],[-1.69777,43.1461],[-1.69255,43.15043],[-1.67892,43.14723],[-1.68251,43.15076],[-1.68208,43.15311],[-1.67816,43.15292],[-1.67473,43.1499],[-1.66903,43.14894],[-1.6714,43.15938],[-1.66935,43.15883],[-1.66647,43.15296],[-1.65809,43.15116],[-1.65618,43.14906],[-1.65843,43.14634],[-1.65372,43.1461],[-1.63388,43.15238],[-1.63872,43.1556],[-1.63961,43.15817],[-1.63754,43.16772],[-1.6331,43.16962],[-1.62779,43.17576],[-1.62046,43.1754],[-1.61569,43.17757],[-1.60757,43.18302],[-1.6007,43.19166],[-1.60194,43.19407],[-1.60982,43.19611],[-1.6128,43.20413],[-1.6187,43.20495],[-1.63027,43.21138],[-1.63416,43.21221],[-1.64086,43.2112],[-1.64765,43.21406],[-1.65654,43.20942],[-1.66052,43.20955],[-1.66197,43.20728],[-1.67918,43.20674],[-1.68454,43.20532],[-1.68679,43.19946],[-1.6955,43.19208],[-1.70062,43.19115],[-1.71475,43.18322],[-1.72353,43.16821],[-1.72421,43.16433],[-1.72573,43.16138]]]}},{"type":"Feature","properties":{"mun_code":"31096","mun_name":"Espronceda","mun_name_local":null,"prov_code":"31","prov_name":"Navarra","acom_code":"15","acom_name":"Comunidad Foral de Navarra","geo_point_2d":{"lon":-2.3021416473264145,"lat":42.59671757632198}},"geometry":{"type":"Polygon","coordinates":[[[-2.32047,42.59163],[-2.3138,42.5817],[-2.3067,42.57678],[-2.3002,42.57605],[-2.29495,42.57925],[-2.29039,42.59646],[-2.28579,42.59524],[-2.2855,42.60424],[-2.28265,42.60865],[-2.28468,42.61201],[-2.28985,42.61266],[-2.29239,42.61728],[-2.29796,42.6176],[-2.29824,42.61609],[-2.30205,42.61566],[-2.3014,42.61251],[-2.3064,42.60741],[-2.3103,42.60739],[-2.31829,42.6031],[-2.3215,42.59391],[-2.32047,42.59163]]]}},{"type":"Feature","properties":{"mun_code":"31087","mun_name":"Elgorriaga","mun_name_local":null,"prov_code":"31","prov_name":"Navarra","acom_code":"15","acom_name":"Comunidad Foral de Navarra","geo_point_2d":{"lon":-1.6909137545721378,"lat":43.13797362516657}},"geometry":{"type":"Polygon","coordinates":[[[-1.70678,43.14629],[-1.70597,43.14398],[-1.70343,43.14378],[-1.7023,43.14002],[-1.69732,43.13841],[-1.69696,43.13342],[-1.69481,43.13259],[-1.69409,43.12944],[-1.70013,43.12349],[-1.69746,43.11789],[-1.69212,43.12464],[-1.68827,43.12454],[-1.6886,43.12916],[-1.68306,43.13159],[-1.67813,43.14349],[-1.67892,43.14723],[-1.68752,43.15],[-1.69255,43.15043],[-1.69777,43.1461],[-1.70678,43.14629]]]}},{"type":"Feature","properties":{"mun_code":"31174","mun_name":"Morentin","mun_name_local":null,"prov_code":"31","prov_name":"Navarra","acom_code":"15","acom_name":"Comunidad Foral de Navarra","geo_point_2d":{"lon":-1.9961331096302057,"lat":42.59804195307708}},"geometry":{"type":"Polygon","coordinates":[[[-2.03509,42.62167],[-2.02537,42.61637],[-2.02288,42.61252],[-2.02424,42.61241],[-2.0243,42.60992],[-2.01831,42.60315],[-2.01672,42.60362],[-1.99404,42.58492],[-1.98705,42.58229],[-1.97775,42.57491],[-1.97706,42.57634],[-1.98073,42.57768],[-1.97598,42.58047],[-1.9774,42.58394],[-1.97231,42.58385],[-1.96869,42.58153],[-1.95785,42.5825],[-1.96221,42.58424],[-1.9705,42.59196],[-1.98541,42.59889],[-1.9901,42.6044],[-2.01014,42.61572],[-2.02636,42.61927],[-2.03303,42.62307],[-2.03509,42.62167]]]}},{"type":"Feature","properties":{"mun_code":"31221","mun_name":"Doneztebe","mun_name_local":"Santesteban","prov_code":"31","prov_name":"Navarra","acom_code":"15","acom_name":"Comunidad Foral de Navarra","geo_point_2d":{"lon":-1.6700565712213562,"lat":43.135099845164135}},"geometry":{"type":"Polygon","coordinates":[[[-1.69746,43.11789],[-1.69634,43.11707],[-1.69194,43.11978],[-1.68708,43.11856],[-1.67795,43.11909],[-1.67732,43.1171],[-1.67562,43.11681],[-1.66983,43.12081],[-1.66114,43.12392],[-1.66159,43.12977],[-1.65815,43.12901],[-1.65044,43.13143],[-1.64933,43.1428],[-1.65045,43.1471],[-1.65843,43.14634],[-1.65618,43.14906],[-1.65809,43.15116],[-1.66647,43.15296],[-1.66935,43.15883],[-1.6714,43.15938],[-1.66903,43.14894],[-1.67473,43.1499],[-1.67816,43.15292],[-1.68208,43.15311],[-1.68251,43.15076],[-1.67892,43.14723],[-1.67813,43.14349],[-1.68129,43.13496],[-1.68306,43.13159],[-1.6886,43.12916],[-1.68827,43.12454],[-1.69212,43.12464],[-1.69664,43.11886],[-1.69746,43.11789]]]}},{"type":"Feature","properties":{"mun_code":"31256","mun_name":"Hiriberri","mun_name_local":"Villanueva de Aezkoa","prov_code":"31","prov_name":"Navarra","acom_code":"15","acom_name":"Comunidad Foral de Navarra","geo_point_2d":{"lon":-1.2085903952789536,"lat":42.949646996509635}},"geometry":{"type":"Polygon","coordinates":[[[-1.25535,42.95725],[-1.2512,42.95616],[-1.25326,42.94922],[-1.24518,42.94547],[-1.24733,42.94166],[-1.22883,42.93582],[-1.22487,42.93247],[-1.21465,42.93012],[-1.2004,42.92836],[-1.19702,42.93081],[-1.19446,42.93571],[-1.187,42.93356],[-1.17437,42.93609],[-1.16941,42.9373],[-1.16818,42.94115],[-1.16048,42.93803],[-1.15985,42.94013],[-1.16424,42.94221],[-1.16391,42.94936],[-1.16709,42.949],[-1.17133,42.9506],[-1.17217,42.95231],[-1.17335,42.95135],[-1.18534,42.9523],[-1.18342,42.95529],[-1.1859,42.9608],[-1.19566,42.96666],[-1.19655,42.9718],[-1.20409,42.97519],[-1.20076,42.97964],[-1.2189,42.97125],[-1.22178,42.96517],[-1.23049,42.95987],[-1.24007,42.95745],[-1.25311,42.95772],[-1.25535,42.95725]]]}},{"type":"Feature","properties":{"mun_code":"31037","mun_name":"Arruazu","mun_name_local":null,"prov_code":"31","prov_name":"Navarra","acom_code":"15","acom_name":"Comunidad Foral de Navarra","geo_point_2d":{"lon":-2.0035173107924877,"lat":42.9331049951728}},"geometry":{"type":"Polygon","coordinates":[[[-2.01015,42.95662],[-2.00944,42.94819],[-2.01505,42.94803],[-2.01763,42.93665],[-2.01327,42.93431],[-2.00711,42.92754],[-2.00921,42.92579],[-2.01149,42.9259],[-2.01133,42.92238],[-2.0142,42.91723],[-2.01185,42.91626],[-2.00814,42.91097],[-2.00378,42.911],[-2.00113,42.91469],[-1.99838,42.9138],[-1.99397,42.92005],[-1.99126,42.91868],[-1.98989,42.91972],[-1.9892,42.92361],[-1.98546,42.92405],[-1.98186,42.92884],[-1.98421,42.92714],[-1.98739,42.92716],[-1.99018,42.92851],[-2.00082,42.9287],[-2.0031,42.93096],[-2.00511,42.93058],[-2.00794,42.93772],[-2.00538,42.93924],[-2.00519,42.94807],[-1.99289,42.94776],[-1.99128,42.95294],[-1.98904,42.95385],[-2.00901,42.95669],[-2.01015,42.95662]]]}},{"type":"Feature","properties":{"mun_code":"31253","mun_name":"Bidaurreta","mun_name_local":null,"prov_code":"31","prov_name":"Navarra","acom_code":"15","acom_name":"Comunidad Foral de Navarra","geo_point_2d":{"lon":-1.8425539183741884,"lat":42.76839864645295}},"geometry":{"type":"Polygon","coordinates":[[[-1.86502,42.76027],[-1.85835,42.75588],[-1.85238,42.75453],[-1.84585,42.75665],[-1.8396,42.76113],[-1.82945,42.76194],[-1.83139,42.76851],[-1.82871,42.77107],[-1.8241,42.77116],[-1.82534,42.77534],[-1.83349,42.78214],[-1.83966,42.77933],[-1.84631,42.78257],[-1.84834,42.7807],[-1.85015,42.77214],[-1.85418,42.76423],[-1.86293,42.76062],[-1.86502,42.76027]]]}},{"type":"Feature","properties":{"mun_code":"31116","mun_name":"Genevilla","mun_name_local":null,"prov_code":"31","prov_name":"Navarra","acom_code":"15","acom_name":"Comunidad Foral de Navarra","geo_point_2d":{"lon":-2.399179990351073,"lat":42.64885391900123}},"geometry":{"type":"Polygon","coordinates":[[[-2.42999,42.65425],[-2.42077,42.65039],[-2.41752,42.6505],[-2.39834,42.63398],[-2.39954,42.63174],[-2.39837,42.63025],[-2.39284,42.63408],[-2.38547,42.63642],[-2.38195,42.6343],[-2.38254,42.63614],[-2.37605,42.63726],[-2.37212,42.64338],[-2.38166,42.64737],[-2.37626,42.65071],[-2.3946,42.66081],[-2.4035,42.65935],[-2.4158,42.66268],[-2.42961,42.65831],[-2.43048,42.65532],[-2.42999,42.65425]]]}},{"type":"Feature","properties":{"mun_code":"31010","mun_name":"Altsasu","mun_name_local":"Alsasua","prov_code":"31","prov_name":"Navarra","acom_code":"15","acom_name":"Comunidad Foral de Navarra","geo_point_2d":{"lon":-2.1829785207096704,"lat":42.913185558458906}},"geometry":{"type":"Polygon","coordinates":[[[-2.23438,42.9282],[-2.21884,42.92399],[-2.21429,42.92606],[-2.21009,42.92533],[-2.20129,42.91549],[-2.20516,42.90699],[-2.19779,42.90552],[-2.18612,42.89549],[-2.18204,42.88668],[-2.1689,42.87082],[-2.16654,42.86925],[-2.15263,42.87226],[-2.1533,42.88116],[-2.15083,42.88509],[-2.15354,42.89234],[-2.15117,42.89641],[-2.15262,42.89696],[-2.15177,42.90368],[-2.15433,42.91388],[-2.16702,42.9234],[-2.17386,42.93519],[-2.18096,42.93513],[-2.18002,42.93797],[-2.18669,42.94453],[-2.19064,42.94641],[-2.19027,42.9478],[-2.19914,42.95118],[-2.20375,42.9495],[-2.21026,42.94991],[-2.21093,42.94535],[-2.21623,42.94199],[-2.21551,42.93689],[-2.22032,42.93319],[-2.23216,42.93179],[-2.23328,42.92976],[-2.23438,42.9282]]]}},{"type":"Feature","properties":{"mun_code":"31180","mun_name":"Muruzábal","mun_name_local":null,"prov_code":"31","prov_name":"Navarra","acom_code":"15","acom_name":"Comunidad Foral de Navarra","geo_point_2d":{"lon":-1.7620517900367765,"lat":42.688664139934446}},"geometry":{"type":"Polygon","coordinates":[[[-1.77784,42.69489],[-1.77986,42.69106],[-1.77756,42.68497],[-1.76398,42.67379],[-1.76348,42.66604],[-1.76066,42.67225],[-1.7556,42.67332],[-1.75323,42.67622],[-1.75574,42.67756],[-1.7569,42.68361],[-1.74706,42.68953],[-1.74381,42.6952],[-1.74609,42.70042],[-1.74151,42.70612],[-1.74467,42.70705],[-1.74916,42.70408],[-1.7559,42.69555],[-1.76625,42.69928],[-1.76865,42.6977],[-1.77152,42.69915],[-1.77451,42.69892],[-1.77634,42.69637],[-1.77784,42.69489]]]}},{"type":"Feature","properties":{"mun_code":"31232","mun_name":"Tudela","mun_name_local":null,"prov_code":"31","prov_name":"Navarra","acom_code":"15","acom_name":"Comunidad Foral de Navarra","geo_point_2d":{"lon":-1.6444568678126184,"lat":42.0812134325994}},"geometry":{"type":"Polygon","coordinates":[[[-1.8253,41.99562],[-1.81035,41.99802],[-1.79874,41.9926],[-1.78213,42.00016],[-1.74994,42.01963],[-1.74406,42.02855],[-1.7341,42.0343],[-1.74031,42.04475],[-1.73392,42.05456],[-1.71965,42.0547],[-1.71085,42.05269],[-1.70658,42.05341],[-1.70469,42.04779],[-1.69874,42.05033],[-1.69562,42.04973],[-1.69542,42.04859],[-1.69083,42.05219],[-1.68775,42.0521],[-1.6901,42.05697],[-1.69171,42.0712],[-1.68757,42.07102],[-1.6636,42.06422],[-1.66318,42.05944],[-1.66799,42.05873],[-1.66732,42.05671],[-1.66,42.05524],[-1.65237,42.05547],[-1.65168,42.05438],[-1.65399,42.05165],[-1.65307,42.04805],[-1.65515,42.04422],[-1.6541,42.04218],[-1.64985,42.04166],[-1.64444,42.03867],[-1.64395,42.0341],[-1.64607,42.03238],[-1.64128,42.03457],[-1.63626,42.04024],[-1.63292,42.03746],[-1.62937,42.04001],[-1.62364,42.03525],[-1.62609,42.03405],[-1.62464,42.03195],[-1.62894,42.02785],[-1.62768,42.02618],[-1.63076,42.02522],[-1.63112,42.02104],[-1.641,42.01628],[-1.62413,42.01469],[-1.61382,42.01227],[-1.60867,42.01325],[-1.606,42.019],[-1.59766,42.02441],[-1.58315,42.02606],[-1.58517,42.03166],[-1.57884,42.03349],[-1.57703,42.0374],[-1.57511,42.03645],[-1.5707,42.03883],[-1.55501,42.03071],[-1.55188,42.04434],[-1.5563,42.04925],[-1.56143,42.05026],[-1.5661,42.05393],[-1.56344,42.05592],[-1.56442,42.05921],[-1.55758,42.06413],[-1.55788,42.06646],[-1.55388,42.07069],[-1.55061,42.07129],[-1.5484,42.06998],[-1.54516,42.07105],[-1.54134,42.0735],[-1.54156,42.07625],[-1.53584,42.07772],[-1.53245,42.08106],[-1.52684,42.08078],[-1.52296,42.07881],[-1.52069,42.08378],[-1.51248,42.08589],[-1.50755,42.09471],[-1.50718,42.09899],[-1.50144,42.10414],[-1.49915,42.11094],[-1.48933,42.11605],[-1.48476,42.12307],[-1.48674,42.13483],[-1.49106,42.1369],[-1.50804,42.12716],[-1.51701,42.12619],[-1.52429,42.12302],[-1.53177,42.12357],[-1.53874,42.12058],[-1.54566,42.11961],[-1.55524,42.12323],[-1.56617,42.1247],[-1.57106,42.13167],[-1.56619,42.13668],[-1.56037,42.13871],[-1.56405,42.14008],[-1.57549,42.14003],[-1.57976,42.15265],[-1.58695,42.15415],[-1.59218,42.15271],[-1.59681,42.15393],[-1.61039,42.15057],[-1.61822,42.14619],[-1.6292,42.14688],[-1.64511,42.16372],[-1.65111,42.1624],[-1.64476,42.15524],[-1.653,42.15089],[-1.67303,42.14698],[-1.67574,42.14421],[-1.67431,42.142],[-1.67535,42.13914],[-1.68862,42.13059],[-1.71254,42.10802],[-1.72143,42.10384],[-1.71857,42.09269],[-1.72061,42.08906],[-1.73633,42.08284],[-1.74924,42.0701],[-1.77594,42.05176],[-1.77318,42.04947],[-1.77276,42.04458],[-1.779,42.03709],[-1.78441,42.0394],[-1.79034,42.03555],[-1.82037,42.02904],[-1.82677,42.02498],[-1.83219,42.01842],[-1.83706,42.0168],[-1.83806,42.0148],[-1.82845,42.00512],[-1.82787,41.99859],[-1.82581,41.99671],[-1.8253,41.99562]]]}},{"type":"Feature","properties":{"mun_code":"31902","mun_name":"Berrioplano","mun_name_local":"Berriobeiti","prov_code":"31","prov_name":"Navarra","acom_code":"15","acom_name":"Comunidad Foral de Navarra","geo_point_2d":{"lon":-1.7032669420124762,"lat":42.85803877616883}},"geometry":{"type":"Polygon","coordinates":[[[-1.73543,42.87996],[-1.73463,42.86798],[-1.74182,42.85812],[-1.73694,42.84781],[-1.73237,42.84753],[-1.7277,42.84506],[-1.72758,42.84262],[-1.72536,42.84085],[-1.72657,42.83991],[-1.72141,42.83303],[-1.7213,42.83509],[-1.71631,42.83527],[-1.71643,42.83258],[-1.71095,42.83387],[-1.70582,42.83918],[-1.69507,42.8364],[-1.6929,42.83427],[-1.68078,42.83626],[-1.67519,42.84919],[-1.67118,42.85419],[-1.66875,42.85475],[-1.659,42.85044],[-1.65857,42.84896],[-1.66205,42.84537],[-1.66296,42.83948],[-1.66708,42.83429],[-1.66164,42.83095],[-1.65576,42.83138],[-1.65282,42.83299],[-1.65087,42.83141],[-1.65237,42.83608],[-1.65209,42.84666],[-1.6623,42.85334],[-1.66783,42.86021],[-1.67595,42.86342],[-1.67634,42.86468],[-1.66974,42.86408],[-1.67656,42.86575],[-1.68041,42.87029],[-1.68886,42.87115],[-1.69028,42.87681],[-1.70173,42.87779],[-1.70276,42.88569],[-1.71619,42.88384],[-1.71279,42.88789],[-1.71663,42.89325],[-1.72337,42.8914],[-1.72876,42.88575],[-1.72624,42.87974],[-1.72731,42.87593],[-1.73444,42.87939],[-1.73543,42.87996]]]}},{"type":"Feature","properties":{"mun_code":"31009","mun_name":"Aibar","mun_name_local":"Oibar","prov_code":"31","prov_name":"Navarra","acom_code":"15","acom_name":"Comunidad Foral de Navarra","geo_point_2d":{"lon":-1.354646557352157,"lat":42.59261525235917}},"geometry":{"type":"Polygon","coordinates":[[[-1.41887,42.64137],[-1.40302,42.63146],[-1.40006,42.62496],[-1.39465,42.61867],[-1.39406,42.6151],[-1.39027,42.61123],[-1.39007,42.60713],[-1.38411,42.60352],[-1.38403,42.59603],[-1.38718,42.59222],[-1.38594,42.58576],[-1.3693,42.55987],[-1.36644,42.55742],[-1.35846,42.55438],[-1.34777,42.55491],[-1.3382,42.55215],[-1.32938,42.54515],[-1.33023,42.53767],[-1.3268,42.53709],[-1.32213,42.53831],[-1.31547,42.54184],[-1.31753,42.54866],[-1.315,42.55389],[-1.31264,42.55655],[-1.3107,42.5564],[-1.30974,42.56055],[-1.30508,42.56196],[-1.30377,42.56498],[-1.31049,42.5667],[-1.31539,42.57324],[-1.32494,42.57575],[-1.32069,42.57857],[-1.31809,42.58389],[-1.32184,42.58455],[-1.32267,42.58626],[-1.32346,42.59143],[-1.32181,42.59458],[-1.32445,42.5972],[-1.32627,42.60685],[-1.32298,42.61373],[-1.32885,42.61955],[-1.33535,42.62154],[-1.33944,42.62131],[-1.34939,42.62549],[-1.35101,42.62847],[-1.35639,42.63123],[-1.35825,42.63158],[-1.36267,42.62918],[-1.369,42.62904],[-1.37708,42.63474],[-1.38716,42.63878],[-1.38773,42.64154],[-1.41539,42.64138],[-1.41887,42.64137]]]}},{"type":"Feature","properties":{"mun_code":"31243","mun_name":"Urroz-Villa","mun_name_local":null,"prov_code":"31","prov_name":"Navarra","acom_code":"15","acom_name":"Comunidad Foral de Navarra","geo_point_2d":{"lon":-1.4528311174620034,"lat":42.778762029455386}},"geometry":{"type":"Polygon","coordinates":[[[-1.48325,42.77853],[-1.47392,42.77416],[-1.47255,42.76726],[-1.46465,42.76518],[-1.45002,42.76689],[-1.44125,42.75893],[-1.43255,42.76102],[-1.44067,42.76575],[-1.43798,42.77211],[-1.43558,42.77295],[-1.43599,42.77515],[-1.42916,42.77469],[-1.4218,42.78007],[-1.42588,42.78828],[-1.43901,42.79004],[-1.44152,42.79288],[-1.44533,42.79338],[-1.45513,42.78928],[-1.46139,42.79066],[-1.46489,42.78776],[-1.47384,42.79217],[-1.47909,42.78888],[-1.48325,42.77853]]]}},{"type":"Feature","properties":{"mun_code":"31011","mun_name":"Allín","mun_name_local":"Allin","prov_code":"31","prov_name":"Navarra","acom_code":"15","acom_name":"Comunidad Foral de Navarra","geo_point_2d":{"lon":-2.0823160055808065,"lat":42.711713955348316}},"geometry":{"type":"Polygon","coordinates":[[[-2.12642,42.71248],[-2.1103,42.69826],[-2.10091,42.6949],[-2.09215,42.6894],[-2.0951,42.68556],[-2.08535,42.6735],[-2.08299,42.66448],[-2.07891,42.66435],[-2.07909,42.66273],[-2.07371,42.65842],[-2.07046,42.65762],[-2.06118,42.66123],[-2.05898,42.66444],[-2.04348,42.66853],[-2.04372,42.67296],[-2.04596,42.67576],[-2.05075,42.67705],[-2.05155,42.67579],[-2.05575,42.68007],[-2.0551,42.68213],[-2.06629,42.68875],[-2.065,42.69126],[-2.06091,42.69009],[-2.04872,42.69395],[-2.05163,42.69661],[-2.05639,42.69749],[-2.06178,42.71284],[-2.05526,42.71806],[-2.05511,42.72304],[-2.04708,42.73894],[-2.05212,42.74088],[-2.05383,42.7384],[-2.05609,42.73813],[-2.05674,42.74012],[-2.06372,42.74248],[-2.07006,42.75163],[-2.07452,42.7548],[-2.09307,42.75746],[-2.10033,42.75268],[-2.10132,42.75414],[-2.11251,42.74958],[-2.10879,42.7445],[-2.1086,42.74135],[-2.11086,42.74157],[-2.11154,42.74008],[-2.10878,42.73643],[-2.10941,42.73296],[-2.11919,42.72451],[-2.12543,42.71374],[-2.12642,42.71248]]]}},{"type":"Feature","properties":{"mun_code":"31067","mun_name":"Carcastillo","mun_name_local":null,"prov_code":"31","prov_name":"Navarra","acom_code":"15","acom_name":"Comunidad Foral de Navarra","geo_point_2d":{"lon":-1.4136753135329416,"lat":42.352503749587996}},"geometry":{"type":"Polygon","coordinates":[[[-1.50119,42.3617],[-1.49463,42.34953],[-1.48692,42.34582],[-1.48155,42.33344],[-1.47012,42.32922],[-1.46832,42.32778],[-1.46871,42.32584],[-1.44512,42.31157],[-1.43253,42.31585],[-1.41881,42.30607],[-1.41196,42.30488],[-1.40849,42.30579],[-1.40526,42.30119],[-1.39947,42.29736],[-1.39773,42.29263],[-1.38366,42.30373],[-1.37515,42.31572],[-1.35885,42.33352],[-1.35228,42.33952],[-1.33747,42.34555],[-1.32908,42.35539],[-1.3326,42.3592],[-1.32979,42.36131],[-1.33382,42.36507],[-1.33403,42.36914],[-1.33672,42.37237],[-1.34358,42.37293],[-1.35061,42.37007],[-1.35972,42.37761],[-1.3572,42.38146],[-1.37257,42.38605],[-1.40623,42.40723],[-1.42901,42.40968],[-1.42615,42.40471],[-1.42574,42.39892],[-1.41677,42.39412],[-1.4162,42.39103],[-1.41898,42.38829],[-1.42223,42.38707],[-1.42641,42.38822],[-1.43543,42.3879],[-1.44685,42.38337],[-1.46499,42.38414],[-1.46851,42.38173],[-1.47205,42.37465],[-1.47496,42.37231],[-1.49321,42.37157],[-1.49632,42.37003],[-1.49574,42.36208],[-1.50119,42.3617]]]}},{"type":"Feature","properties":{"mun_code":"31090","mun_name":"Eratsun","mun_name_local":null,"prov_code":"31","prov_name":"Navarra","acom_code":"15","acom_name":"Comunidad Foral de Navarra","geo_point_2d":{"lon":-1.8043128182541321,"lat":43.10542597753923}},"geometry":{"type":"Polygon","coordinates":[[[-1.83698,43.14329],[-1.83489,43.14127],[-1.82918,43.14225],[-1.82805,43.14115],[-1.83015,43.14091],[-1.83014,43.13816],[-1.82728,43.1361],[-1.82458,43.12805],[-1.82703,43.11662],[-1.8257,43.10415],[-1.82317,43.09975],[-1.81349,43.09356],[-1.81006,43.08656],[-1.80983,43.08362],[-1.81177,43.08261],[-1.81224,43.08006],[-1.8121,43.07384],[-1.81444,43.07062],[-1.81266,43.06356],[-1.79825,43.05634],[-1.7961,43.05916],[-1.79148,43.06143],[-1.77939,43.05985],[-1.77988,43.06671],[-1.78532,43.08525],[-1.78875,43.08681],[-1.79079,43.08992],[-1.7887,43.09075],[-1.79312,43.09391],[-1.79154,43.09697],[-1.79483,43.10694],[-1.78171,43.1138],[-1.77746,43.12298],[-1.79362,43.13255],[-1.80106,43.14379],[-1.80883,43.14169],[-1.8158,43.15011],[-1.82754,43.14807],[-1.82784,43.14498],[-1.83008,43.14526],[-1.83034,43.14347],[-1.83433,43.14388],[-1.83569,43.14545],[-1.83698,43.14329]]]}},{"type":"Feature","properties":{"mun_code":"31077","mun_name":"Corella","mun_name_local":null,"prov_code":"31","prov_name":"Navarra","acom_code":"15","acom_name":"Comunidad Foral de Navarra","geo_point_2d":{"lon":-1.7923088329232797,"lat":42.11299986378452}},"geometry":{"type":"Polygon","coordinates":[[[-1.89733,42.07955],[-1.8542,42.07672],[-1.82656,42.07227],[-1.82492,42.07577],[-1.82746,42.0743],[-1.83078,42.07484],[-1.83085,42.0763],[-1.82823,42.0776],[-1.82532,42.07716],[-1.82506,42.07989],[-1.82368,42.07938],[-1.81941,42.08177],[-1.8197,42.08341],[-1.82345,42.08396],[-1.82485,42.08605],[-1.8186,42.0862],[-1.82342,42.08912],[-1.82109,42.08908],[-1.8202,42.0912],[-1.81444,42.08823],[-1.81193,42.08913],[-1.80896,42.09414],[-1.80083,42.10075],[-1.79342,42.09656],[-1.77377,42.09232],[-1.77143,42.09216],[-1.75932,42.09688],[-1.74355,42.07489],[-1.74259,42.07795],[-1.73633,42.08284],[-1.72061,42.08906],[-1.71857,42.09269],[-1.72143,42.10384],[-1.71254,42.10802],[-1.69914,42.12045],[-1.71989,42.13344],[-1.72552,42.14176],[-1.73974,42.14974],[-1.76471,42.15041],[-1.76965,42.14549],[-1.7799,42.14174],[-1.779,42.1377],[-1.78198,42.13774],[-1.79923,42.14171],[-1.7999,42.14463],[-1.80255,42.14682],[-1.82162,42.15357],[-1.83242,42.14823],[-1.83811,42.14197],[-1.83741,42.13411],[-1.84028,42.12813],[-1.85946,42.11498],[-1.86328,42.10805],[-1.87135,42.10352],[-1.87381,42.09989],[-1.89203,42.08599],[-1.89494,42.08171],[-1.89733,42.07955]]]}},{"type":"Feature","properties":{"mun_code":"31155","mun_name":"Liédena","mun_name_local":null,"prov_code":"31","prov_name":"Navarra","acom_code":"15","acom_name":"Comunidad Foral de Navarra","geo_point_2d":{"lon":-1.2611966523583358,"lat":42.61479102350589}},"geometry":{"type":"Polygon","coordinates":[[[-1.3103,42.61852],[-1.30923,42.61683],[-1.30349,42.61492],[-1.29714,42.61373],[-1.28941,42.61032],[-1.28826,42.61122],[-1.28395,42.60976],[-1.27175,42.5961],[-1.26591,42.59687],[-1.26184,42.59996],[-1.25465,42.59936],[-1.24655,42.60236],[-1.24394,42.60143],[-1.2389,42.59422],[-1.22867,42.59419],[-1.22658,42.59604],[-1.22565,42.60181],[-1.21914,42.61041],[-1.21922,42.61304],[-1.22218,42.61257],[-1.23326,42.62021],[-1.23799,42.62106],[-1.24081,42.62014],[-1.24368,42.62632],[-1.23813,42.62857],[-1.23992,42.63241],[-1.24427,42.63107],[-1.24969,42.63236],[-1.26783,42.63239],[-1.28252,42.63061],[-1.29168,42.62685],[-1.30369,42.62538],[-1.31052,42.62188],[-1.3103,42.61852]]]}},{"type":"Feature","properties":{"mun_code":"31020","mun_name":"Araitz","mun_name_local":null,"prov_code":"31","prov_name":"Navarra","acom_code":"15","acom_name":"Comunidad Foral de Navarra","geo_point_2d":{"lon":-2.0013821355847417,"lat":43.03409537835041}},"geometry":{"type":"Polygon","coordinates":[[[-2.04139,43.0297],[-2.04097,43.02136],[-2.03861,43.01912],[-2.03867,43.01571],[-2.03145,43.00647],[-2.03296,43.0001],[-2.03145,42.99819],[-2.02432,42.99889],[-2.02113,42.99523],[-2.0066,42.99286],[-2.00025,42.98975],[-1.98499,42.99068],[-1.98191,43.00513],[-1.98771,43.01549],[-1.98731,43.02006],[-1.99347,43.02561],[-1.98229,43.0311],[-1.96604,43.03543],[-1.96343,43.04219],[-1.96508,43.04393],[-1.96122,43.04928],[-1.96159,43.0583],[-1.96881,43.06349],[-1.96897,43.06675],[-1.97943,43.06848],[-1.98975,43.07951],[-2.01236,43.07309],[-2.01445,43.071],[-2.01505,43.06604],[-2.02282,43.06519],[-2.01808,43.05343],[-2.02044,43.04673],[-2.03032,43.03758],[-2.03174,43.0317],[-2.04139,43.0297]]]}},{"type":"Feature","properties":{"mun_code":"31033","mun_name":"Aria","mun_name_local":null,"prov_code":"31","prov_name":"Navarra","acom_code":"15","acom_name":"Comunidad Foral de Navarra","geo_point_2d":{"lon":-1.2754622787002468,"lat":42.967383755106134}},"geometry":{"type":"Polygon","coordinates":[[[-1.292,42.99045],[-1.28707,42.98599],[-1.29074,42.98174],[-1.2873,42.97931],[-1.28801,42.97306],[-1.29346,42.96833],[-1.29215,42.96167],[-1.27729,42.9565],[-1.27827,42.94778],[-1.27658,42.94706],[-1.26567,42.94773],[-1.26178,42.94687],[-1.25515,42.94854],[-1.25411,42.94939],[-1.25805,42.95383],[-1.26318,42.95758],[-1.26229,42.95936],[-1.25971,42.95867],[-1.25535,42.96419],[-1.26667,42.96619],[-1.27043,42.97404],[-1.27373,42.97682],[-1.27196,42.98391],[-1.26706,42.98673],[-1.26707,42.99061],[-1.27173,42.99112],[-1.2805,42.98722],[-1.28314,42.98885],[-1.29024,42.98985],[-1.292,42.99045]]]}},{"type":"Feature","properties":{"mun_code":"31170","mun_name":"Mirafuentes","mun_name_local":null,"prov_code":"31","prov_name":"Navarra","acom_code":"15","acom_name":"Comunidad Foral de Navarra","geo_point_2d":{"lon":-2.280978026924665,"lat":42.621308793984134}},"geometry":{"type":"Polygon","coordinates":[[[-2.29239,42.61728],[-2.28985,42.61266],[-2.28468,42.61201],[-2.28486,42.61522],[-2.27913,42.61465],[-2.27586,42.61377],[-2.27639,42.61084],[-2.27299,42.60977],[-2.27234,42.61115],[-2.27587,42.61491],[-2.27587,42.61799],[-2.27053,42.62196],[-2.26964,42.62696],[-2.26269,42.6281],[-2.26629,42.62772],[-2.27374,42.63024],[-2.27438,42.62885],[-2.28026,42.62778],[-2.28574,42.62999],[-2.28794,42.62886],[-2.28777,42.62587],[-2.28929,42.62549],[-2.29212,42.61934],[-2.29239,42.61728]]]}},{"type":"Feature","properties":{"mun_code":"31012","mun_name":"Allo","mun_name_local":null,"prov_code":"31","prov_name":"Navarra","acom_code":"15","acom_name":"Comunidad Foral de Navarra","geo_point_2d":{"lon":-2.01100278026269,"lat":42.54114666456472}},"geometry":{"type":"Polygon","coordinates":[[[-2.0462,42.50246],[-2.0265,42.49669],[-2.01681,42.50665],[-2.01599,42.5139],[-2.0115,42.51512],[-2.00812,42.51946],[-1.99905,42.5188],[-1.99187,42.51544],[-1.98928,42.51638],[-1.98656,42.52106],[-1.97859,42.52178],[-1.97909,42.52374],[-1.97339,42.52705],[-1.97192,42.53173],[-1.97493,42.53186],[-1.97306,42.53661],[-1.97781,42.53942],[-1.97526,42.54136],[-1.97474,42.54392],[-1.98167,42.55223],[-1.97704,42.55683],[-1.97638,42.56311],[-1.9742,42.5637],[-1.97452,42.56488],[-1.98692,42.57184],[-1.98956,42.57508],[-1.99399,42.57605],[-2.00361,42.58175],[-2.0215,42.57723],[-2.02758,42.57189],[-2.03349,42.5631],[-2.03829,42.5539],[-2.04497,42.52662],[-2.04294,42.51457],[-2.04494,42.50559],[-2.0462,42.50246]]]}},{"type":"Feature","properties":{"mun_code":"31054","mun_name":"Bertizarana","mun_name_local":null,"prov_code":"31","prov_name":"Navarra","acom_code":"15","acom_name":"Comunidad Foral de Navarra","geo_point_2d":{"lon":-1.6185874198648693,"lat":43.144226466676464}},"geometry":{"type":"Polygon","coordinates":[[[-1.66114,43.12392],[-1.64631,43.12203],[-1.63862,43.11492],[-1.63504,43.1091],[-1.63592,43.10544],[-1.63878,43.1025],[-1.64046,43.09275],[-1.64504,43.08364],[-1.6522,43.08003],[-1.65646,43.07109],[-1.65386,43.06675],[-1.64723,43.06508],[-1.64519,43.06643],[-1.6384,43.06649],[-1.63521,43.07046],[-1.63524,43.07565],[-1.62749,43.08389],[-1.62964,43.09321],[-1.62672,43.09634],[-1.62726,43.09755],[-1.6215,43.10069],[-1.61731,43.10617],[-1.61799,43.11443],[-1.61453,43.12098],[-1.60807,43.12718],[-1.60818,43.13209],[-1.61164,43.13814],[-1.60548,43.14236],[-1.60759,43.14241],[-1.6054,43.1465],[-1.5995,43.14871],[-1.59872,43.15122],[-1.59469,43.15185],[-1.59317,43.15581],[-1.58802,43.16001],[-1.5846,43.16022],[-1.58067,43.16439],[-1.58067,43.1691],[-1.58339,43.17008],[-1.57805,43.18024],[-1.57578,43.1813],[-1.57735,43.18817],[-1.57523,43.19314],[-1.58225,43.20465],[-1.58963,43.20549],[-1.60268,43.20056],[-1.60808,43.1956],[-1.60194,43.19407],[-1.6007,43.19166],[-1.60757,43.18302],[-1.61842,43.17583],[-1.62779,43.17576],[-1.6331,43.16962],[-1.63754,43.16772],[-1.63961,43.15817],[-1.63872,43.1556],[-1.63388,43.15238],[-1.65092,43.14772],[-1.64933,43.1428],[-1.65044,43.13143],[-1.65815,43.12901],[-1.66159,43.12977],[-1.66067,43.12452],[-1.66114,43.12392]]]}},{"type":"Feature","properties":{"mun_code":"31220","mun_name":"Santacara","mun_name_local":null,"prov_code":"31","prov_name":"Navarra","acom_code":"15","acom_name":"Comunidad Foral de Navarra","geo_point_2d":{"lon":-1.5495535854258964,"lat":42.38947507877399}},"geometry":{"type":"Polygon","coordinates":[[[-1.5996,42.38107],[-1.59004,42.38134],[-1.58468,42.36745],[-1.58098,42.36994],[-1.57663,42.36953],[-1.5665,42.36014],[-1.56326,42.36162],[-1.56383,42.36438],[-1.56115,42.36731],[-1.55572,42.36536],[-1.55179,42.36062],[-1.54593,42.37056],[-1.54633,42.37268],[-1.54151,42.37492],[-1.53921,42.37263],[-1.53968,42.36931],[-1.53495,42.36868],[-1.53118,42.3666],[-1.52813,42.36717],[-1.52761,42.37144],[-1.52085,42.37155],[-1.51434,42.36841],[-1.50504,42.36806],[-1.50416,42.36146],[-1.49485,42.36226],[-1.49632,42.37003],[-1.50918,42.38118],[-1.51496,42.39152],[-1.51712,42.40015],[-1.51482,42.41156],[-1.51774,42.41345],[-1.53508,42.41703],[-1.54525,42.41792],[-1.55295,42.41668],[-1.57861,42.40836],[-1.58741,42.40279],[-1.59557,42.39438],[-1.599,42.38284],[-1.5996,42.38107]]]}},{"type":"Feature","properties":{"mun_code":"31145","mun_name":"Lazagurría","mun_name_local":null,"prov_code":"31","prov_name":"Navarra","acom_code":"15","acom_name":"Comunidad Foral de Navarra","geo_point_2d":{"lon":-2.2309604419440103,"lat":42.491247845121755}},"geometry":{"type":"Polygon","coordinates":[[[-2.27903,42.48618],[-2.25488,42.47922],[-2.24058,42.47736],[-2.23061,42.47207],[-2.22238,42.47173],[-2.2155,42.47452],[-2.20792,42.48043],[-2.1944,42.49941],[-2.19467,42.50211],[-2.22567,42.51066],[-2.23081,42.51414],[-2.23379,42.51331],[-2.23803,42.50413],[-2.24397,42.5001],[-2.25526,42.4962],[-2.26667,42.494],[-2.27731,42.48683],[-2.27903,42.48618]]]}},{"type":"Feature","properties":{"mun_code":"31002","mun_name":"Abárzuza","mun_name_local":"Abartzuza","prov_code":"31","prov_name":"Navarra","acom_code":"15","acom_name":"Comunidad Foral de Navarra","geo_point_2d":{"lon":-2.040460222051155,"lat":42.75252792551828}},"geometry":{"type":"Polygon","coordinates":[[[-2.07371,42.75426],[-2.07006,42.75163],[-2.06372,42.74248],[-2.05674,42.74012],[-2.05609,42.73813],[-2.05383,42.7384],[-2.05212,42.74088],[-2.04708,42.73894],[-2.04186,42.73162],[-2.04323,42.72885],[-2.03807,42.72254],[-2.03155,42.72093],[-2.03456,42.71671],[-2.02672,42.71248],[-2.01108,42.71023],[-2.00434,42.71804],[-2.00716,42.72502],[-2.00646,42.7314],[-2.00833,42.73103],[-2.01843,42.7403],[-2.01971,42.73818],[-2.02385,42.73913],[-2.03,42.74827],[-2.03159,42.76013],[-2.03944,42.76495],[-2.04039,42.76836],[-2.03967,42.775],[-2.04214,42.78248],[-2.03902,42.78271],[-2.04088,42.7852],[-2.03518,42.78925],[-2.03361,42.80651],[-2.03707,42.80545],[-2.0421,42.80688],[-2.04671,42.80347],[-2.05211,42.79081],[-2.055,42.78812],[-2.05356,42.78608],[-2.05458,42.7816],[-2.06258,42.76985],[-2.06497,42.76943],[-2.07115,42.76301],[-2.0737,42.75536],[-2.07371,42.75426]]]}},{"type":"Feature","properties":{"mun_code":"31005","mun_name":"Aberin","mun_name_local":null,"prov_code":"31","prov_name":"Navarra","acom_code":"15","acom_name":"Comunidad Foral de Navarra","geo_point_2d":{"lon":-1.9892310803761672,"lat":42.61485934577415}},"geometry":{"type":"Polygon","coordinates":[[[-2.04522,42.62943],[-2.03835,42.62179],[-2.03509,42.62167],[-2.03303,42.62307],[-2.02636,42.61927],[-2.01014,42.61572],[-1.9901,42.6044],[-1.98541,42.59889],[-1.9705,42.59196],[-1.96221,42.58424],[-1.95247,42.5815],[-1.9474,42.58196],[-1.9397,42.58061],[-1.94343,42.59738],[-1.9576,42.60245],[-1.95994,42.60575],[-1.96885,42.61102],[-1.97651,42.6202],[-1.9763,42.62326],[-1.97238,42.62722],[-1.98166,42.63267],[-1.98882,42.63482],[-1.99093,42.63777],[-1.99397,42.63695],[-1.99782,42.63813],[-1.99701,42.64392],[-2.00131,42.64408],[-2.00465,42.64163],[-2.01269,42.63926],[-2.01898,42.63922],[-2.03408,42.63177],[-2.04418,42.63082],[-2.04522,42.62943]]]}},{"type":"Feature","properties":{"mun_code":"53083","mun_name":"Facería de Cogullo Alto, Cogullo Bajo, Sarmindieta y Chandivar","mun_name_local":null,"prov_code":"31","prov_name":"Navarra","acom_code":"15","acom_name":"Comunidad Foral de Navarra","geo_point_2d":{"lon":-2.1254193198887426,"lat":42.60700110982864}},"geometry":{"type":"Polygon","coordinates":[[[-2.14559,42.58341],[-2.13915,42.58695],[-2.13713,42.59143],[-2.13475,42.59175],[-2.1353,42.5935],[-2.1293,42.59556],[-2.12424,42.60267],[-2.11424,42.60556],[-2.10909,42.6086],[-2.11084,42.6129],[-2.10872,42.6165],[-2.10113,42.62011],[-2.09213,42.6226],[-2.08852,42.62202],[-2.08944,42.62279],[-2.09771,42.62216],[-2.10795,42.61861],[-2.10969,42.62028],[-2.1191,42.62287],[-2.12798,42.61756],[-2.12698,42.61074],[-2.12854,42.60992],[-2.13147,42.61018],[-2.13285,42.61196],[-2.13182,42.61594],[-2.13565,42.61578],[-2.13588,42.6063],[-2.13291,42.60232],[-2.13346,42.59956],[-2.139,42.59529],[-2.14465,42.5951],[-2.14813,42.58981],[-2.14572,42.58396],[-2.14559,42.58341]]]}},{"type":"Feature","properties":{"mun_code":"31247","mun_name":"Uztárroz","mun_name_local":"Uztarroze","prov_code":"31","prov_name":"Navarra","acom_code":"15","acom_name":"Comunidad Foral de Navarra","geo_point_2d":{"lon":-0.9593268192032168,"lat":42.91482451802711}},"geometry":{"type":"Polygon","coordinates":[[[-1.01277,42.87391],[-1.00565,42.87143],[-0.99488,42.87275],[-0.9807,42.86946],[-0.97537,42.86585],[-0.96852,42.86505],[-0.96488,42.86689],[-0.95249,42.86888],[-0.94198,42.87935],[-0.9358,42.88328],[-0.93245,42.87975],[-0.92957,42.88877],[-0.92941,42.89427],[-0.9309,42.8965],[-0.92683,42.90662],[-0.92766,42.9093],[-0.92531,42.91674],[-0.91816,42.9273],[-0.91863,42.93272],[-0.91338,42.93804],[-0.90989,42.9474],[-0.89721,42.95905],[-0.89941,42.96174],[-0.90743,42.96441],[-0.91439,42.9637],[-0.92207,42.95551],[-0.9349,42.95264],[-0.9451,42.95345],[-0.95762,42.95976],[-0.97089,42.96179],[-0.9827,42.9454],[-0.98406,42.94103],[-0.99053,42.93765],[-0.99813,42.92879],[-0.99989,42.92154],[-0.99812,42.91975],[-0.9991,42.91716],[-0.9973,42.91059],[-1.00208,42.90497],[-0.99896,42.89192],[-1.00527,42.88252],[-1.01215,42.87558],[-1.01277,42.87391]]]}},{"type":"Feature","properties":{"mun_code":"31194","mun_name":"Valle de Ollo","mun_name_local":"Ollaran","prov_code":"31","prov_name":"Navarra","acom_code":"15","acom_name":"Comunidad Foral de Navarra","geo_point_2d":{"lon":-1.8514682283471504,"lat":42.86040543085971}},"geometry":{"type":"Polygon","coordinates":[[[-1.91883,42.86624],[-1.898,42.86593],[-1.89062,42.86229],[-1.88612,42.85928],[-1.88549,42.85493],[-1.87854,42.84772],[-1.8748,42.8403],[-1.86771,42.83712],[-1.8658,42.83357],[-1.86258,42.83574],[-1.85256,42.83377],[-1.84151,42.83889],[-1.83115,42.82945],[-1.82845,42.82821],[-1.82416,42.82859],[-1.81328,42.83611],[-1.80135,42.83997],[-1.79527,42.8404],[-1.80025,42.84425],[-1.797,42.84873],[-1.7984,42.85258],[-1.80402,42.85596],[-1.80766,42.8554],[-1.80696,42.85903],[-1.80996,42.85987],[-1.81018,42.86313],[-1.81311,42.86283],[-1.81242,42.86663],[-1.82276,42.86722],[-1.82002,42.86917],[-1.82034,42.87151],[-1.82492,42.87354],[-1.82663,42.87773],[-1.82577,42.8792],[-1.82196,42.88024],[-1.82261,42.88211],[-1.83875,42.88805],[-1.8456,42.88738],[-1.84987,42.88518],[-1.85297,42.88123],[-1.87283,42.88673],[-1.87349,42.88407],[-1.88615,42.88611],[-1.90969,42.88251],[-1.91048,42.8802],[-1.89929,42.87167],[-1.90971,42.871],[-1.91716,42.86893],[-1.91883,42.86624]]]}},{"type":"Feature","properties":{"mun_code":"31151","mun_name":"Lerga","mun_name_local":null,"prov_code":"31","prov_name":"Navarra","acom_code":"15","acom_name":"Comunidad Foral de Navarra","geo_point_2d":{"lon":-1.4994846723562159,"lat":42.56256879434585}},"geometry":{"type":"Polygon","coordinates":[[[-1.5347,42.55372],[-1.52859,42.54849],[-1.53077,42.54622],[-1.52755,42.5438],[-1.51793,42.54631],[-1.51025,42.54516],[-1.5003,42.5456],[-1.49622,42.54306],[-1.48879,42.54269],[-1.48323,42.54093],[-1.47959,42.53747],[-1.47424,42.54042],[-1.47035,42.53616],[-1.46449,42.53486],[-1.46249,42.54809],[-1.47464,42.5546],[-1.47539,42.56399],[-1.4741,42.56615],[-1.4759,42.57509],[-1.48014,42.57532],[-1.5059,42.59749],[-1.50678,42.59422],[-1.51601,42.58448],[-1.51671,42.57893],[-1.5267,42.57373],[-1.52942,42.57067],[-1.53092,42.56785],[-1.53089,42.55818],[-1.53452,42.5545],[-1.5347,42.55372]]]}},{"type":"Feature","properties":{"mun_code":"31159","mun_name":"Lumbier","mun_name_local":null,"prov_code":"31","prov_name":"Navarra","acom_code":"15","acom_name":"Comunidad Foral de Navarra","geo_point_2d":{"lon":-1.2899668685688541,"lat":42.64793060095327}},"geometry":{"type":"MultiPolygon","coordinates":[[[[-1.28096,42.68037],[-1.2961,42.67743],[-1.30724,42.67731],[-1.31153,42.68228],[-1.30922,42.68683],[-1.31182,42.68803],[-1.31894,42.68732],[-1.3245,42.67376],[-1.32391,42.67192],[-1.31862,42.67046],[-1.32112,42.6655],[-1.32518,42.66523],[-1.32207,42.65853],[-1.32299,42.65717],[-1.32778,42.65665],[-1.32776,42.65549],[-1.33333,42.65372],[-1.3378,42.65558],[-1.34471,42.65484],[-1.34362,42.65408],[-1.35136,42.65073],[-1.35274,42.6487],[-1.35474,42.64255],[-1.35081,42.63741],[-1.35679,42.63257],[-1.35101,42.62847],[-1.34939,42.62549],[-1.33944,42.62131],[-1.33535,42.62154],[-1.32885,42.61955],[-1.32298,42.61373],[-1.31837,42.61312],[-1.3129,42.61865],[-1.3103,42.61852],[-1.31052,42.62188],[-1.30369,42.62538],[-1.29168,42.62685],[-1.28688,42.62971],[-1.26783,42.63239],[-1.24969,42.63236],[-1.24427,42.63107],[-1.23534,42.63375],[-1.22563,42.63356],[-1.219,42.63493],[-1.21531,42.63979],[-1.20844,42.64195],[-1.17156,42.64626],[-1.17143,42.65081],[-1.17622,42.65814],[-1.1936,42.6633],[-1.20643,42.66198],[-1.21756,42.65795],[-1.22276,42.65881],[-1.23589,42.65649],[-1.2381,42.6545],[-1.24716,42.65483],[-1.25943,42.65191],[-1.26507,42.65289],[-1.26645,42.65434],[-1.2645,42.6614],[-1.26922,42.66848],[-1.27321,42.66793],[-1.28366,42.67205],[-1.28137,42.67782],[-1.28096,42.68037]]],[[[-1.39596,42.6612],[-1.40992,42.65974],[-1.41115,42.65169],[-1.41208,42.65043],[-1.41541,42.65098],[-1.4186,42.64588],[-1.41887,42.64137],[-1.38773,42.64154],[-1.38513,42.64277],[-1.38321,42.64791],[-1.38466,42.65181],[-1.39128,42.65453],[-1.39516,42.65902],[-1.39596,42.6612]]]]}},{"type":"Feature","properties":{"mun_code":"31081","mun_name":"Donamaria","mun_name_local":null,"prov_code":"31","prov_name":"Navarra","acom_code":"15","acom_name":"Comunidad Foral de Navarra","geo_point_2d":{"lon":-1.663112594633227,"lat":43.09025706036562}},"geometry":{"type":"Polygon","coordinates":[[[-1.6882,43.05889],[-1.68583,43.05645],[-1.68322,43.05796],[-1.66845,43.05831],[-1.64637,43.05284],[-1.64143,43.05823],[-1.64229,43.06102],[-1.64723,43.06508],[-1.65386,43.06675],[-1.65646,43.07109],[-1.6522,43.08003],[-1.64504,43.08364],[-1.64046,43.09275],[-1.63878,43.1025],[-1.6352,43.10701],[-1.63782,43.11386],[-1.64631,43.12203],[-1.66114,43.12392],[-1.66983,43.12081],[-1.67562,43.11681],[-1.67768,43.11763],[-1.68006,43.11673],[-1.68267,43.11142],[-1.6816,43.10455],[-1.6869,43.0998],[-1.68725,43.09761],[-1.68717,43.09216],[-1.68356,43.0818],[-1.68392,43.07577],[-1.68235,43.07349],[-1.68493,43.06714],[-1.68499,43.06158],[-1.68781,43.05937],[-1.6882,43.05889]]]}},{"type":"Feature","properties":{"mun_code":"31183","mun_name":"Obanos","mun_name_local":null,"prov_code":"31","prov_name":"Navarra","acom_code":"15","acom_name":"Comunidad Foral de Navarra","geo_point_2d":{"lon":-1.7854088448318848,"lat":42.66163099918766}},"geometry":{"type":"Polygon","coordinates":[[[-1.80854,42.63751],[-1.79885,42.63539],[-1.78848,42.62683],[-1.78149,42.6265],[-1.77737,42.62419],[-1.7709,42.626],[-1.77348,42.63232],[-1.77225,42.63776],[-1.76889,42.64114],[-1.76765,42.65237],[-1.76494,42.65498],[-1.76398,42.67379],[-1.77756,42.68497],[-1.77986,42.69106],[-1.77784,42.69489],[-1.77953,42.69659],[-1.78867,42.69472],[-1.79335,42.69829],[-1.79249,42.70131],[-1.80253,42.6958],[-1.80641,42.68536],[-1.80174,42.67736],[-1.79973,42.66398],[-1.79623,42.65745],[-1.79955,42.64741],[-1.80564,42.64393],[-1.80833,42.6386],[-1.80854,42.63751]]]}},{"type":"Feature","properties":{"mun_code":"31060","mun_name":"Burlada","mun_name_local":"Burlata","prov_code":"31","prov_name":"Navarra","acom_code":"15","acom_name":"Comunidad Foral de Navarra","geo_point_2d":{"lon":-1.616234018899313,"lat":42.82430337607412}},"geometry":{"type":"Polygon","coordinates":[[[-1.61644,42.83452],[-1.62193,42.83552],[-1.62128,42.83419],[-1.62362,42.83148],[-1.62182,42.8297],[-1.62786,42.82554],[-1.62671,42.8216],[-1.62124,42.8216],[-1.61646,42.81924],[-1.617,42.81748],[-1.61386,42.81691],[-1.61432,42.81478],[-1.60864,42.81451],[-1.60645,42.81684],[-1.60419,42.8164],[-1.60418,42.81787],[-1.60775,42.8185],[-1.60724,42.82098],[-1.6059,42.82037],[-1.60959,42.82425],[-1.60787,42.82631],[-1.61181,42.8277],[-1.61537,42.83107],[-1.61644,42.83452]]]}},{"type":"Feature","properties":{"mun_code":"31074","mun_name":"Cirauqui","mun_name_local":"Zirauki","prov_code":"31","prov_name":"Navarra","acom_code":"15","acom_name":"Comunidad Foral de Navarra","geo_point_2d":{"lon":-1.899220269245691,"lat":42.66019027623137}},"geometry":{"type":"Polygon","coordinates":[[[-1.93386,42.69626],[-1.93568,42.69578],[-1.93807,42.69058],[-1.93765,42.68778],[-1.93554,42.68744],[-1.9386,42.68472],[-1.9392,42.67942],[-1.93424,42.67145],[-1.92936,42.66724],[-1.93087,42.66144],[-1.9297,42.656],[-1.92498,42.65429],[-1.92319,42.64997],[-1.92481,42.6395],[-1.91257,42.61875],[-1.90777,42.61699],[-1.90748,42.6153],[-1.8993,42.6123],[-1.89718,42.60898],[-1.8957,42.6089],[-1.89615,42.61506],[-1.89173,42.61875],[-1.89052,42.6222],[-1.87758,42.62318],[-1.86733,42.61695],[-1.85867,42.61952],[-1.86237,42.62742],[-1.87462,42.63335],[-1.87206,42.65249],[-1.87356,42.66579],[-1.86722,42.67503],[-1.87277,42.69008],[-1.88395,42.69876],[-1.8868,42.70937],[-1.89078,42.71003],[-1.89203,42.70778],[-1.89756,42.70493],[-1.89829,42.69631],[-1.90574,42.69464],[-1.91472,42.69653],[-1.92106,42.69453],[-1.93014,42.68784],[-1.93316,42.68928],[-1.93224,42.69478],[-1.93386,42.69626]]]}},{"type":"Feature","properties":{"mun_code":"31213","mun_name":"Saldías","mun_name_local":null,"prov_code":"31","prov_name":"Navarra","acom_code":"15","acom_name":"Comunidad Foral de Navarra","geo_point_2d":{"lon":-1.7763518484587335,"lat":43.08726896708589}},"geometry":{"type":"Polygon","coordinates":[[[-1.78171,43.1138],[-1.79483,43.10694],[-1.79154,43.09697],[-1.79312,43.09391],[-1.7887,43.09075],[-1.79079,43.08992],[-1.78875,43.08681],[-1.78532,43.08525],[-1.77988,43.06671],[-1.77939,43.05985],[-1.77316,43.06227],[-1.76668,43.06154],[-1.76307,43.0674],[-1.75879,43.06967],[-1.76043,43.07375],[-1.76607,43.07543],[-1.76586,43.07852],[-1.77052,43.08629],[-1.76703,43.09262],[-1.75607,43.09561],[-1.75451,43.09748],[-1.76156,43.10301],[-1.77669,43.09904],[-1.77658,43.102],[-1.78207,43.10875],[-1.78131,43.10952],[-1.78171,43.1138]]]}},{"type":"Feature","properties":{"mun_code":"31152","mun_name":"Lerín","mun_name_local":null,"prov_code":"31","prov_name":"Navarra","acom_code":"15","acom_name":"Comunidad Foral de Navarra","geo_point_2d":{"lon":-1.9597183258081075,"lat":42.47858189888049}},"geometry":{"type":"Polygon","coordinates":[[[-2.03576,42.49887],[-2.03991,42.49198],[-2.03538,42.48286],[-2.03099,42.46501],[-2.02646,42.45469],[-2.0046,42.44699],[-1.99988,42.44285],[-1.98977,42.43871],[-1.98275,42.43942],[-1.95283,42.43495],[-1.93641,42.43724],[-1.92881,42.42876],[-1.92003,42.43168],[-1.90863,42.43273],[-1.90031,42.45273],[-1.89369,42.4548],[-1.88892,42.4532],[-1.88418,42.45638],[-1.88517,42.46144],[-1.89057,42.4696],[-1.89035,42.4763],[-1.89266,42.48458],[-1.88898,42.49235],[-1.88507,42.496],[-1.88415,42.50261],[-1.90132,42.50214],[-1.91187,42.5041],[-1.92484,42.51771],[-1.93268,42.52307],[-1.93462,42.52675],[-1.93778,42.52537],[-1.9437,42.52761],[-1.95557,42.52212],[-1.966,42.52246],[-1.9715,42.52616],[-1.97184,42.53137],[-1.9736,42.52665],[-1.97909,42.52374],[-1.97859,42.52178],[-1.98656,42.52106],[-1.98928,42.51638],[-1.99187,42.51544],[-1.99905,42.5188],[-2.00812,42.51946],[-2.0115,42.51512],[-2.01599,42.5139],[-2.01681,42.50665],[-2.0265,42.49669],[-2.03505,42.49858],[-2.03576,42.49887]]]}},{"type":"Feature","properties":{"mun_code":"31102","mun_name":"Ezkurra","mun_name_local":null,"prov_code":"31","prov_name":"Navarra","acom_code":"15","acom_name":"Comunidad Foral de Navarra","geo_point_2d":{"lon":-1.83852000196551,"lat":43.099431837326655}},"geometry":{"type":"Polygon","coordinates":[[[-1.86619,43.08052],[-1.83607,43.06939],[-1.8327,43.06961],[-1.83238,43.06474],[-1.82829,43.0641],[-1.81431,43.07015],[-1.8121,43.07384],[-1.81224,43.08006],[-1.81177,43.08261],[-1.80983,43.08362],[-1.81006,43.08656],[-1.81349,43.09356],[-1.82317,43.09975],[-1.8257,43.10415],[-1.82703,43.11662],[-1.82462,43.12854],[-1.82757,43.13662],[-1.83014,43.13816],[-1.83015,43.14091],[-1.82805,43.14115],[-1.82918,43.14225],[-1.83489,43.14127],[-1.83698,43.14329],[-1.84077,43.14145],[-1.84353,43.14309],[-1.84677,43.1428],[-1.84714,43.14087],[-1.84436,43.13993],[-1.84964,43.13626],[-1.84707,43.13173],[-1.85061,43.13026],[-1.85009,43.12338],[-1.85294,43.12324],[-1.85178,43.11927],[-1.85435,43.11163],[-1.86473,43.10193],[-1.86469,43.09585],[-1.86645,43.0934],[-1.86597,43.08337],[-1.86619,43.08052]]]}},{"type":"Feature","properties":{"mun_code":"31257","mun_name":"Villatuerta","mun_name_local":null,"prov_code":"31","prov_name":"Navarra","acom_code":"15","acom_name":"Comunidad Foral de Navarra","geo_point_2d":{"lon":-1.9545454982171788,"lat":42.63962232369499}},"geometry":{"type":"Polygon","coordinates":[[[-2.00732,42.6716],[-2.00797,42.66812],[-2.01108,42.66543],[-2.009,42.66548],[-2.0079,42.66386],[-2.00894,42.65739],[-2.00202,42.65077],[-1.9982,42.64959],[-2.00268,42.64595],[-2.00156,42.6439],[-1.99644,42.64329],[-1.99842,42.6403],[-1.99782,42.63813],[-1.99397,42.63695],[-1.99093,42.63777],[-1.98882,42.63482],[-1.97925,42.63103],[-1.97696,42.63154],[-1.97547,42.63473],[-1.96945,42.63489],[-1.96626,42.63711],[-1.95664,42.63968],[-1.94453,42.63312],[-1.93874,42.62703],[-1.93263,42.62451],[-1.91521,42.61157],[-1.90969,42.60087],[-1.90993,42.59529],[-1.90231,42.59086],[-1.89297,42.59008],[-1.8931,42.59817],[-1.897,42.60406],[-1.90181,42.60712],[-1.90047,42.60858],[-1.90202,42.61243],[-1.90748,42.6153],[-1.90777,42.61699],[-1.91257,42.61875],[-1.92481,42.6395],[-1.92319,42.64997],[-1.92498,42.65429],[-1.9297,42.656],[-1.93683,42.65216],[-1.94735,42.65258],[-1.95355,42.65678],[-1.95749,42.65467],[-1.97522,42.66269],[-1.98326,42.66488],[-1.99186,42.6654],[-1.99432,42.66882],[-2.00157,42.66892],[-2.00638,42.67059],[-2.00732,42.6716]]]}},{"type":"Feature","properties":{"mun_code":"31076","mun_name":"Cizur","mun_name_local":null,"prov_code":"31","prov_name":"Navarra","acom_code":"15","acom_name":"Comunidad Foral de Navarra","geo_point_2d":{"lon":-1.7324494386507905,"lat":42.75924202390073}},"geometry":{"type":"MultiPolygon","coordinates":[[[[-1.77358,42.7816],[-1.77122,42.77618],[-1.77161,42.76808],[-1.77537,42.76282],[-1.78256,42.75964],[-1.78685,42.74809],[-1.79252,42.74562],[-1.78898,42.74146],[-1.78655,42.74086],[-1.78494,42.73794],[-1.76586,42.73838],[-1.76355,42.73413],[-1.75298,42.73374],[-1.74903,42.72772],[-1.74476,42.72573],[-1.73487,42.72648],[-1.72711,42.72509],[-1.72708,42.72352],[-1.72978,42.7219],[-1.72396,42.71645],[-1.73616,42.71402],[-1.74549,42.70773],[-1.74467,42.70705],[-1.74151,42.70612],[-1.7385,42.7098],[-1.73292,42.71099],[-1.71918,42.7173],[-1.71842,42.71589],[-1.71628,42.71759],[-1.71475,42.71693],[-1.71682,42.71038],[-1.71326,42.70742],[-1.70519,42.70776],[-1.69645,42.7099],[-1.70289,42.71167],[-1.69368,42.72191],[-1.68865,42.7242],[-1.68701,42.72791],[-1.70245,42.7328],[-1.7053,42.73488],[-1.70936,42.73219],[-1.71334,42.74114],[-1.71049,42.74196],[-1.70921,42.74926],[-1.7041,42.75942],[-1.70627,42.77343],[-1.69886,42.77675],[-1.70715,42.78634],[-1.7048,42.78934],[-1.7089,42.79656],[-1.71077,42.79627],[-1.71333,42.79951],[-1.72181,42.80057],[-1.72848,42.79889],[-1.74056,42.8002],[-1.74395,42.79282],[-1.75017,42.79128],[-1.76146,42.7923],[-1.76119,42.78822],[-1.76375,42.78716],[-1.77982,42.79186],[-1.77896,42.79026],[-1.78071,42.78645],[-1.77364,42.78298],[-1.77358,42.7816]]],[[[-1.67637,42.79246],[-1.67552,42.78985],[-1.68178,42.79316],[-1.68334,42.79159],[-1.68498,42.78741],[-1.68269,42.782],[-1.68897,42.77797],[-1.68843,42.77603],[-1.68603,42.77604],[-1.6811,42.77213],[-1.67759,42.77126],[-1.66937,42.7792],[-1.66457,42.7793],[-1.66078,42.78368],[-1.6648,42.78725],[-1.66442,42.79095],[-1.66225,42.79209],[-1.66371,42.79367],[-1.66242,42.79612],[-1.66606,42.79621],[-1.6676,42.80133],[-1.67231,42.79756],[-1.67068,42.7959],[-1.67409,42.79748],[-1.67595,42.79286],[-1.67637,42.79246]]]]}},{"type":"Feature","properties":{"mun_code":"31086","mun_name":"Valle de Egüés","mun_name_local":"Eguesibar","prov_code":"31","prov_name":"Navarra","acom_code":"15","acom_name":"Comunidad Foral de Navarra","geo_point_2d":{"lon":-1.548576507813538,"lat":42.82322253523379}},"geometry":{"type":"Polygon","coordinates":[[[-1.60971,42.80317],[-1.60949,42.7966],[-1.60743,42.79335],[-1.6032,42.79165],[-1.60088,42.78473],[-1.59665,42.78334],[-1.58249,42.78266],[-1.57147,42.77993],[-1.56801,42.78236],[-1.56695,42.78772],[-1.56234,42.7871],[-1.55742,42.79401],[-1.54991,42.79514],[-1.538,42.80217],[-1.52964,42.79458],[-1.52556,42.79387],[-1.52185,42.79559],[-1.52457,42.79726],[-1.52236,42.7996],[-1.5114,42.80698],[-1.50833,42.80693],[-1.50871,42.81159],[-1.51222,42.81198],[-1.50956,42.816],[-1.51076,42.81681],[-1.50618,42.8174],[-1.50055,42.83071],[-1.49568,42.83456],[-1.49207,42.84051],[-1.49234,42.84702],[-1.49787,42.84667],[-1.49891,42.84896],[-1.5003,42.86499],[-1.50298,42.86848],[-1.52133,42.8656],[-1.52596,42.86381],[-1.53667,42.86313],[-1.54114,42.86054],[-1.54839,42.86118],[-1.55114,42.85346],[-1.55517,42.85371],[-1.55582,42.85103],[-1.56589,42.84686],[-1.57194,42.84687],[-1.57407,42.8304],[-1.57842,42.82639],[-1.58153,42.82633],[-1.58394,42.8234],[-1.59162,42.82417],[-1.59658,42.81968],[-1.60071,42.82026],[-1.60346,42.81623],[-1.60803,42.81596],[-1.60872,42.81432],[-1.60458,42.81373],[-1.60841,42.81146],[-1.60526,42.80545],[-1.609,42.8034],[-1.60971,42.80317]]]}},{"type":"Feature","properties":{"mun_code":"31263","mun_name":"Zubieta","mun_name_local":null,"prov_code":"31","prov_name":"Navarra","acom_code":"15","acom_name":"Comunidad Foral de Navarra","geo_point_2d":{"lon":-1.755670855415535,"lat":43.130001079299625}},"geometry":{"type":"Polygon","coordinates":[[[-1.78005,43.15698],[-1.77849,43.153],[-1.78056,43.14481],[-1.77529,43.14413],[-1.77505,43.13678],[-1.77167,43.1352],[-1.77363,43.13151],[-1.77094,43.1247],[-1.7761,43.1181],[-1.77343,43.11459],[-1.77525,43.11342],[-1.7657,43.10963],[-1.76752,43.10546],[-1.76613,43.10296],[-1.7605,43.10426],[-1.75333,43.10049],[-1.75248,43.10449],[-1.73212,43.11076],[-1.72476,43.11692],[-1.72476,43.11955],[-1.73229,43.12749],[-1.73083,43.1292],[-1.7358,43.13167],[-1.74574,43.14133],[-1.74694,43.14946],[-1.75001,43.1542],[-1.76555,43.1622],[-1.77733,43.15754],[-1.78005,43.15698]]]}},{"type":"Feature","properties":{"mun_code":"31193","mun_name":"Cendea de Olza","mun_name_local":"Oltza Zendea","prov_code":"31","prov_name":"Navarra","acom_code":"15","acom_name":"Comunidad Foral de Navarra","geo_point_2d":{"lon":-1.7658204004248421,"lat":42.82075751811243}},"geometry":{"type":"Polygon","coordinates":[[[-1.83859,42.82089],[-1.82991,42.82083],[-1.82756,42.81625],[-1.81724,42.8191],[-1.81188,42.81478],[-1.80734,42.80775],[-1.80119,42.80599],[-1.77992,42.80542],[-1.77877,42.80197],[-1.78097,42.79794],[-1.76326,42.79387],[-1.76208,42.79239],[-1.75017,42.79128],[-1.74395,42.79282],[-1.74056,42.8002],[-1.72848,42.79889],[-1.72271,42.80064],[-1.71333,42.79951],[-1.7115,42.80329],[-1.7027,42.80128],[-1.69479,42.80775],[-1.69002,42.80932],[-1.69271,42.8147],[-1.69795,42.81307],[-1.70574,42.8174],[-1.70971,42.81723],[-1.7167,42.81956],[-1.71967,42.82241],[-1.72544,42.8245],[-1.72418,42.82827],[-1.72648,42.82963],[-1.72787,42.82693],[-1.73581,42.82758],[-1.7417,42.82955],[-1.7439,42.8359],[-1.7506,42.83613],[-1.75455,42.84079],[-1.77059,42.85289],[-1.78339,42.86025],[-1.78693,42.85469],[-1.79184,42.85295],[-1.80025,42.84425],[-1.79527,42.8404],[-1.80135,42.83997],[-1.81328,42.83611],[-1.82733,42.82556],[-1.83918,42.82194],[-1.83859,42.82089]]]}},{"type":"Feature","properties":{"mun_code":"31091","mun_name":"Ergoiena","mun_name_local":null,"prov_code":"31","prov_name":"Navarra","acom_code":"15","acom_name":"Comunidad Foral de Navarra","geo_point_2d":{"lon":-2.023346227852191,"lat":42.897764952758756}},"geometry":{"type":"MultiPolygon","coordinates":[[[[-2.04444,42.89671],[-2.04231,42.89445],[-2.04902,42.89094],[-2.05148,42.88561],[-2.06543,42.88044],[-2.0704,42.88247],[-2.07194,42.87185],[-2.05447,42.87027],[-2.04756,42.86616],[-2.02041,42.86126],[-1.97657,42.86267],[-1.9742,42.86386],[-1.96078,42.86366],[-1.94307,42.86596],[-1.94524,42.87083],[-1.94175,42.86971],[-1.93912,42.87621],[-1.96288,42.88168],[-1.99157,42.89057],[-1.99542,42.89302],[-1.99613,42.90172],[-2.00359,42.90462],[-2.02148,42.90385],[-2.0233,42.90119],[-2.02714,42.90049],[-2.03184,42.89704],[-2.04109,42.89636],[-2.04444,42.89671]]],[[[-2.05595,42.97066],[-2.08065,42.96528],[-2.07905,42.96229],[-2.08568,42.96194],[-2.08901,42.95915],[-2.08004,42.94752],[-2.07844,42.93962],[-2.07404,42.9375],[-2.0734,42.92992],[-2.0762,42.924],[-2.0704,42.9134],[-2.06529,42.91602],[-2.06477,42.92112],[-2.05357,42.92214],[-2.057,42.93019],[-2.07102,42.93708],[-2.0701,42.93895],[-2.06301,42.93757],[-2.06052,42.94022],[-2.06539,42.95219],[-2.05106,42.95124],[-2.04555,42.95395],[-2.04157,42.95989],[-2.0405,42.96879],[-2.05305,42.97032],[-2.05595,42.97066]]]]}},{"type":"Feature","properties":{"mun_code":"31201","mun_name":"Pamplona","mun_name_local":"Iruña","prov_code":"31","prov_name":"Navarra","acom_code":"15","acom_name":"Comunidad Foral de Navarra","geo_point_2d":{"lon":-1.6513679431172656,"lat":42.81494109147266}},"geometry":{"type":"Polygon","coordinates":[[[-1.69338,42.83441],[-1.69501,42.83359],[-1.69246,42.82976],[-1.68693,42.82801],[-1.68847,42.8218],[-1.68521,42.82059],[-1.69271,42.8147],[-1.69013,42.80875],[-1.6843,42.80639],[-1.67862,42.80817],[-1.67305,42.80534],[-1.68394,42.80188],[-1.6822,42.7987],[-1.68301,42.79544],[-1.67891,42.79279],[-1.67637,42.79246],[-1.67409,42.79748],[-1.67021,42.79621],[-1.67231,42.79756],[-1.6676,42.80133],[-1.66606,42.79621],[-1.66249,42.79629],[-1.66364,42.79335],[-1.66118,42.79129],[-1.65327,42.78998],[-1.65215,42.79309],[-1.64799,42.79639],[-1.64271,42.79734],[-1.63988,42.79613],[-1.63412,42.78893],[-1.63172,42.7889],[-1.62537,42.79063],[-1.62693,42.79522],[-1.62978,42.79752],[-1.62515,42.79819],[-1.62411,42.80405],[-1.61973,42.80497],[-1.61755,42.80688],[-1.61432,42.80634],[-1.60971,42.80317],[-1.60526,42.80545],[-1.60841,42.81146],[-1.60458,42.81373],[-1.61432,42.81478],[-1.61361,42.81664],[-1.617,42.81748],[-1.61646,42.81924],[-1.62181,42.8218],[-1.62671,42.8216],[-1.62786,42.82554],[-1.62182,42.8297],[-1.62362,42.83148],[-1.62128,42.83419],[-1.62193,42.83552],[-1.61644,42.83452],[-1.61634,42.83895],[-1.63814,42.84271],[-1.63932,42.84113],[-1.63221,42.83902],[-1.63308,42.83619],[-1.63531,42.83608],[-1.63522,42.83226],[-1.6492,42.82981],[-1.65282,42.83299],[-1.65576,42.83138],[-1.66113,42.83088],[-1.66581,42.83344],[-1.67083,42.8305],[-1.6804,42.83807],[-1.68078,42.83626],[-1.6929,42.83427],[-1.69338,42.83441]]]}},{"type":"Feature","properties":{"mun_code":"31078","mun_name":"Cortes","mun_name_local":null,"prov_code":"31","prov_name":"Navarra","acom_code":"15","acom_name":"Comunidad Foral de Navarra","geo_point_2d":{"lon":-1.444518945606336,"lat":41.93853565978454}},"geometry":{"type":"Polygon","coordinates":[[[-1.51771,41.94165],[-1.50256,41.93539],[-1.49915,41.93231],[-1.50176,41.92428],[-1.47393,41.92462],[-1.45329,41.91573],[-1.44072,41.91642],[-1.43628,41.9145],[-1.42178,41.91307],[-1.41824,41.91358],[-1.41576,41.9168],[-1.41076,41.91896],[-1.40733,41.92413],[-1.40707,41.92832],[-1.40228,41.93381],[-1.40355,41.93508],[-1.39599,41.93925],[-1.38223,41.94334],[-1.38009,41.9504],[-1.38605,41.95702],[-1.4005,41.96325],[-1.42105,41.95875],[-1.42524,41.95614],[-1.42444,41.95476],[-1.44114,41.95125],[-1.45271,41.95378],[-1.47923,41.95394],[-1.49093,41.95031],[-1.51366,41.94836],[-1.51553,41.94574],[-1.51771,41.94165]]]}},{"type":"Feature","properties":{"mun_code":"31101","mun_name":"Ezcabarte","mun_name_local":null,"prov_code":"31","prov_name":"Navarra","acom_code":"15","acom_name":"Comunidad Foral de Navarra","geo_point_2d":{"lon":-1.6340986834519813,"lat":42.86933709657964}},"geometry":{"type":"Polygon","coordinates":[[[-1.66974,42.86408],[-1.6668,42.86235],[-1.66783,42.86021],[-1.6623,42.85334],[-1.65209,42.84666],[-1.6395,42.84135],[-1.63814,42.84271],[-1.63398,42.84253],[-1.60415,42.83592],[-1.59567,42.83958],[-1.59761,42.85459],[-1.59416,42.8588],[-1.59102,42.86017],[-1.58498,42.87017],[-1.58577,42.87284],[-1.59379,42.87407],[-1.5964,42.87323],[-1.59885,42.87399],[-1.59989,42.87646],[-1.60502,42.87773],[-1.60971,42.87496],[-1.60936,42.87686],[-1.6149,42.87697],[-1.6196,42.8801],[-1.62762,42.88238],[-1.62981,42.8876],[-1.62589,42.89299],[-1.62682,42.89982],[-1.63346,42.90847],[-1.63635,42.90897],[-1.65164,42.90524],[-1.66031,42.90458],[-1.65799,42.90342],[-1.65993,42.9011],[-1.65241,42.89546],[-1.65635,42.89224],[-1.67365,42.88776],[-1.67441,42.88593],[-1.68035,42.88321],[-1.67717,42.87853],[-1.68049,42.87668],[-1.67952,42.87454],[-1.67245,42.87194],[-1.67152,42.86955],[-1.66974,42.86408]]]}},{"type":"Feature","properties":{"mun_code":"31147","mun_name":"Legarda","mun_name_local":null,"prov_code":"31","prov_name":"Navarra","acom_code":"15","acom_name":"Comunidad Foral de Navarra","geo_point_2d":{"lon":-1.777522253333476,"lat":42.71852361504924}},"geometry":{"type":"Polygon","coordinates":[[[-1.79249,42.70131],[-1.79335,42.69829],[-1.78867,42.69472],[-1.77953,42.69659],[-1.77031,42.70723],[-1.76654,42.71302],[-1.76649,42.71989],[-1.76299,42.7212],[-1.75885,42.72612],[-1.76586,42.73838],[-1.78494,42.73794],[-1.78358,42.73282],[-1.78924,42.7265],[-1.78734,42.71604],[-1.79238,42.70953],[-1.79052,42.70666],[-1.79114,42.70299],[-1.79249,42.70131]]]}},{"type":"Feature","properties":{"mun_code":"31250","mun_name":"Bera","mun_name_local":null,"prov_code":"31","prov_name":"Navarra","acom_code":"15","acom_name":"Comunidad Foral de Navarra","geo_point_2d":{"lon":-1.6682406368694966,"lat":43.28746734383066}},"geometry":{"type":"Polygon","coordinates":[[[-1.72985,43.29542],[-1.72953,43.29226],[-1.72756,43.29132],[-1.71105,43.29044],[-1.71297,43.28343],[-1.71189,43.27913],[-1.70992,43.27783],[-1.6977,43.27594],[-1.69491,43.27783],[-1.69871,43.28076],[-1.69095,43.28165],[-1.6893,43.27333],[-1.68717,43.27025],[-1.68355,43.2686],[-1.68594,43.26287],[-1.68381,43.2611],[-1.67912,43.26084],[-1.68014,43.25742],[-1.67729,43.2544],[-1.67573,43.25598],[-1.67557,43.25511],[-1.6735,43.25548],[-1.67291,43.25691],[-1.66979,43.25574],[-1.66685,43.25631],[-1.666,43.25694],[-1.66782,43.25743],[-1.66637,43.25778],[-1.66572,43.26188],[-1.6637,43.26123],[-1.66233,43.26255],[-1.65932,43.25742],[-1.65623,43.25605],[-1.65377,43.25622],[-1.65429,43.25763],[-1.65242,43.25922],[-1.6518,43.25816],[-1.6479,43.25988],[-1.64804,43.25887],[-1.64382,43.2585],[-1.64398,43.26301],[-1.64147,43.2645],[-1.63383,43.26466],[-1.62543,43.27091],[-1.63002,43.28503],[-1.62707,43.29386],[-1.62142,43.3001],[-1.62518,43.30672],[-1.63254,43.3072],[-1.63556,43.30904],[-1.64458,43.30676],[-1.65443,43.31236],[-1.66801,43.31479],[-1.67402,43.31196],[-1.68583,43.30928],[-1.69439,43.31212],[-1.70379,43.30876],[-1.71337,43.30002],[-1.72098,43.30059],[-1.72575,43.29771],[-1.72985,43.29542]]]}},{"type":"Feature","properties":{"mun_code":"31238","mun_name":"Unzué","mun_name_local":"Untzue","prov_code":"31","prov_name":"Navarra","acom_code":"15","acom_name":"Comunidad Foral de Navarra","geo_point_2d":{"lon":-1.6234019461476008,"lat":42.66321588380999}},"geometry":{"type":"Polygon","coordinates":[[[-1.67158,42.63379],[-1.666,42.63471],[-1.6591,42.63363],[-1.65128,42.63742],[-1.63557,42.64071],[-1.63371,42.64006],[-1.62696,42.64379],[-1.61338,42.65245],[-1.60865,42.65895],[-1.60809,42.66376],[-1.5974,42.67448],[-1.59346,42.67426],[-1.58551,42.67674],[-1.57262,42.68226],[-1.56803,42.69283],[-1.57232,42.69256],[-1.59337,42.68535],[-1.5967,42.69245],[-1.60433,42.69377],[-1.61643,42.68555],[-1.61623,42.68295],[-1.61943,42.67924],[-1.63206,42.66767],[-1.64321,42.66328],[-1.64865,42.65932],[-1.65849,42.657],[-1.65589,42.65539],[-1.65758,42.65002],[-1.66399,42.64863],[-1.67181,42.64104],[-1.67191,42.63583],[-1.67158,42.63379]]]}},{"type":"Feature","properties":{"mun_code":"31182","mun_name":"Nazar","mun_name_local":null,"prov_code":"31","prov_name":"Navarra","acom_code":"15","acom_name":"Comunidad Foral de Navarra","geo_point_2d":{"lon":-2.287342993172023,"lat":42.640800358970374}},"geometry":{"type":"Polygon","coordinates":[[[-2.32323,42.64786],[-2.31342,42.63737],[-2.30788,42.63531],[-2.29854,42.63538],[-2.29759,42.63631],[-2.28715,42.63355],[-2.28026,42.62778],[-2.27438,42.62885],[-2.27374,42.63024],[-2.26629,42.62772],[-2.26269,42.6281],[-2.25818,42.62979],[-2.25529,42.63341],[-2.255,42.64004],[-2.2884,42.65289],[-2.29098,42.65077],[-2.30437,42.65269],[-2.31045,42.65229],[-2.3221,42.64762],[-2.32323,42.64786]]]}},{"type":"Feature","properties":{"mun_code":"31230","mun_name":"Torralba del Río","mun_name_local":null,"prov_code":"31","prov_name":"Navarra","acom_code":"15","acom_name":"Comunidad Foral de Navarra","geo_point_2d":{"lon":-2.3214969101175353,"lat":42.62173137920191}},"geometry":{"type":"Polygon","coordinates":[[[-2.34729,42.63407],[-2.34664,42.63214],[-2.35147,42.62363],[-2.34984,42.61975],[-2.34623,42.61969],[-2.34013,42.60875],[-2.33677,42.60575],[-2.33963,42.59668],[-2.32449,42.59145],[-2.32047,42.59163],[-2.32191,42.59465],[-2.31829,42.6031],[-2.3103,42.60739],[-2.3064,42.60741],[-2.3014,42.61251],[-2.30205,42.61566],[-2.29824,42.61609],[-2.29796,42.6176],[-2.29239,42.61728],[-2.29106,42.62269],[-2.28701,42.62765],[-2.28794,42.62886],[-2.28574,42.62999],[-2.28186,42.62904],[-2.28715,42.63355],[-2.29759,42.63631],[-2.30421,42.63501],[-2.31342,42.63737],[-2.32323,42.64786],[-2.33218,42.64618],[-2.33548,42.64358],[-2.33635,42.64054],[-2.3467,42.63427],[-2.34729,42.63407]]]}},{"type":"Feature","properties":{"mun_code":"31239","mun_name":"Urdazubi","mun_name_local":"Urdax","prov_code":"31","prov_name":"Navarra","acom_code":"15","acom_name":"Comunidad Foral de Navarra","geo_point_2d":{"lon":-1.5108028660420503,"lat":43.277037411970234}},"geometry":{"type":"Polygon","coordinates":[[[-1.53144,43.27213],[-1.50737,43.25851],[-1.50158,43.26862],[-1.4912,43.27071],[-1.4905,43.27965],[-1.49842,43.28537],[-1.49881,43.28722],[-1.50189,43.2881],[-1.50598,43.29335],[-1.51511,43.294],[-1.52183,43.28491],[-1.53325,43.2765],[-1.5317,43.27271],[-1.53144,43.27213]]]}},{"type":"Feature","properties":{"mun_code":"31175","mun_name":"Mues","mun_name_local":null,"prov_code":"31","prov_name":"Navarra","acom_code":"15","acom_name":"Comunidad Foral de Navarra","geo_point_2d":{"lon":-2.2340581335080545,"lat":42.598628195722256}},"geometry":{"type":"Polygon","coordinates":[[[-2.25439,42.59775],[-2.25132,42.59773],[-2.24904,42.5956],[-2.24784,42.59107],[-2.24099,42.58562],[-2.2423,42.5831],[-2.23931,42.57391],[-2.23409,42.56678],[-2.22823,42.57463],[-2.21637,42.58072],[-2.21445,42.58357],[-2.21185,42.5839],[-2.2127,42.58587],[-2.20898,42.58776],[-2.20551,42.5869],[-2.20022,42.58824],[-2.20043,42.58922],[-2.20694,42.58865],[-2.2097,42.59044],[-2.21119,42.60177],[-2.21924,42.60932],[-2.23141,42.61236],[-2.23133,42.6179],[-2.23266,42.61374],[-2.23672,42.61404],[-2.23795,42.62242],[-2.24432,42.62352],[-2.24398,42.62619],[-2.25646,42.62715],[-2.25955,42.62367],[-2.25529,42.61795],[-2.25746,42.61024],[-2.2549,42.60924],[-2.25586,42.60606],[-2.25043,42.60116],[-2.25439,42.59775]]]}},{"type":"Feature","properties":{"mun_code":"31148","mun_name":"Legaria","mun_name_local":null,"prov_code":"31","prov_name":"Navarra","acom_code":"15","acom_name":"Comunidad Foral de Navarra","geo_point_2d":{"lon":-2.180336767603361,"lat":42.6429979343395}},"geometry":{"type":"Polygon","coordinates":[[[-2.19735,42.64841],[-2.19887,42.6434],[-2.19035,42.64191],[-2.1839,42.6343],[-2.19221,42.62914],[-2.18753,42.62665],[-2.18454,42.62668],[-2.17666,42.63068],[-2.17678,42.63213],[-2.17374,42.6318],[-2.17228,42.64226],[-2.167,42.6439],[-2.16322,42.64743],[-2.16306,42.65256],[-2.16726,42.65182],[-2.17704,42.65537],[-2.18131,42.65452],[-2.18981,42.65243],[-2.1915,42.64681],[-2.19735,42.64841]]]}},{"type":"Feature","properties":{"mun_code":"31179","mun_name":"Murillo el Fruto","mun_name_local":null,"prov_code":"31","prov_name":"Navarra","acom_code":"15","acom_name":"Comunidad Foral de Navarra","geo_point_2d":{"lon":-1.470624587189897,"lat":42.39968154485492}},"geometry":{"type":"Polygon","coordinates":[[[-1.51683,42.41317],[-1.51459,42.41103],[-1.51712,42.40015],[-1.51378,42.38881],[-1.50918,42.38118],[-1.49632,42.37003],[-1.49321,42.37157],[-1.47496,42.37231],[-1.47205,42.37465],[-1.46851,42.38173],[-1.46363,42.38457],[-1.44685,42.38337],[-1.43543,42.3879],[-1.42121,42.38717],[-1.4162,42.39103],[-1.4171,42.3945],[-1.42574,42.39892],[-1.42615,42.40471],[-1.42898,42.40828],[-1.42754,42.41329],[-1.41976,42.42299],[-1.42645,42.42585],[-1.43463,42.42539],[-1.43824,42.42313],[-1.44572,42.42391],[-1.45527,42.41955],[-1.46366,42.42044],[-1.47327,42.41583],[-1.4959,42.42063],[-1.50616,42.42009],[-1.51114,42.41874],[-1.51306,42.41441],[-1.51657,42.41369],[-1.51683,42.41317]]]}},{"type":"Feature","properties":{"mun_code":"31161","mun_name":"Mañeru","mun_name_local":null,"prov_code":"31","prov_name":"Navarra","acom_code":"15","acom_name":"Comunidad Foral de Navarra","geo_point_2d":{"lon":-1.8580164772552452,"lat":42.65483139184191}},"geometry":{"type":"Polygon","coordinates":[[[-1.87277,42.69008],[-1.86722,42.67503],[-1.87356,42.66579],[-1.87206,42.65249],[-1.87462,42.63335],[-1.86237,42.62742],[-1.85418,42.63365],[-1.8452,42.63715],[-1.84714,42.63915],[-1.84566,42.64098],[-1.8389,42.63615],[-1.83487,42.63655],[-1.83314,42.63867],[-1.8349,42.64241],[-1.84051,42.64641],[-1.84235,42.65289],[-1.85013,42.65837],[-1.84741,42.66038],[-1.84163,42.65874],[-1.83828,42.66019],[-1.84272,42.66858],[-1.84824,42.67349],[-1.8557,42.67677],[-1.85879,42.68457],[-1.8644,42.68516],[-1.87178,42.68981],[-1.87277,42.69008]]]}},{"type":"Feature","properties":{"mun_code":"31097","mun_name":"Estella-Lizarra","mun_name_local":null,"prov_code":"31","prov_name":"Navarra","acom_code":"15","acom_name":"Comunidad Foral de Navarra","geo_point_2d":{"lon":-2.02703807738669,"lat":42.66663532892355}},"geometry":{"type":"Polygon","coordinates":[[[-2.04872,42.69395],[-2.06091,42.69009],[-2.065,42.69126],[-2.06629,42.68875],[-2.0551,42.68213],[-2.05575,42.68007],[-2.05155,42.67579],[-2.05075,42.67705],[-2.04596,42.67576],[-2.04372,42.67296],[-2.04243,42.66639],[-2.03717,42.66378],[-2.03283,42.65735],[-2.02914,42.65549],[-2.03258,42.64981],[-2.03018,42.649],[-2.03177,42.64637],[-2.02549,42.64287],[-2.03654,42.63205],[-2.03488,42.63164],[-2.02085,42.63859],[-2.01176,42.63946],[-2.00221,42.64276],[-2.00256,42.64624],[-1.9982,42.64959],[-2.00202,42.65077],[-2.00894,42.65739],[-2.0079,42.66386],[-2.009,42.66548],[-2.01108,42.66543],[-2.00797,42.66812],[-2.00732,42.6716],[-2.01098,42.67732],[-2.01154,42.6843],[-2.01408,42.68687],[-2.01673,42.68865],[-2.02162,42.68396],[-2.03568,42.68909],[-2.04183,42.68612],[-2.04694,42.68844],[-2.04842,42.69253],[-2.04872,42.69395]]]}},{"type":"Feature","properties":{"mun_code":"31168","mun_name":"Metauten","mun_name_local":null,"prov_code":"31","prov_name":"Navarra","acom_code":"15","acom_name":"Comunidad Foral de Navarra","geo_point_2d":{"lon":-2.1203432470975825,"lat":42.682077185438544}},"geometry":{"type":"Polygon","coordinates":[[[-2.12757,42.65656],[-2.11303,42.66035],[-2.10283,42.65739],[-2.08595,42.66178],[-2.08299,42.66448],[-2.08535,42.6735],[-2.0951,42.68556],[-2.09215,42.6894],[-2.10091,42.6949],[-2.1103,42.69826],[-2.12642,42.71248],[-2.12874,42.71019],[-2.1322,42.70971],[-2.1327,42.7079],[-2.1356,42.70851],[-2.13962,42.70713],[-2.14647,42.70887],[-2.14769,42.70667],[-2.14445,42.70244],[-2.14441,42.69421],[-2.14849,42.69157],[-2.14923,42.69299],[-2.1545,42.69296],[-2.15897,42.68773],[-2.15525,42.68549],[-2.15726,42.67884],[-2.15309,42.67845],[-2.15127,42.6766],[-2.14364,42.67605],[-2.14299,42.67442],[-2.14515,42.67165],[-2.12846,42.66309],[-2.12768,42.65673],[-2.12757,42.65656]]]}},{"type":"Feature","properties":{"mun_code":"31025","mun_name":"Arakil","mun_name_local":null,"prov_code":"31","prov_name":"Navarra","acom_code":"15","acom_name":"Comunidad Foral de Navarra","geo_point_2d":{"lon":-1.8678354535219133,"lat":42.910379579043735}},"geometry":{"type":"Polygon","coordinates":[[[-1.92676,42.88701],[-1.90094,42.8899],[-1.8801,42.88842],[-1.85297,42.88123],[-1.84987,42.88518],[-1.8456,42.88738],[-1.8401,42.88803],[-1.82384,42.88261],[-1.82459,42.88564],[-1.80026,42.88324],[-1.79409,42.88995],[-1.7918,42.89022],[-1.79464,42.89764],[-1.79797,42.90078],[-1.81129,42.90526],[-1.80482,42.91063],[-1.7994,42.92049],[-1.81075,42.92799],[-1.81931,42.91655],[-1.81961,42.90968],[-1.82895,42.9134],[-1.83627,42.91358],[-1.83703,42.92021],[-1.82985,42.92524],[-1.82748,42.92932],[-1.82972,42.93591],[-1.82881,42.93764],[-1.83167,42.93872],[-1.84546,42.94167],[-1.84678,42.93965],[-1.84916,42.94016],[-1.85419,42.93587],[-1.86109,42.93362],[-1.87245,42.93367],[-1.91782,42.94027],[-1.91946,42.93826],[-1.92334,42.93829],[-1.92792,42.93483],[-1.93908,42.91838],[-1.9359,42.91457],[-1.93008,42.91498],[-1.92994,42.91281],[-1.92597,42.91498],[-1.92522,42.91713],[-1.92189,42.9164],[-1.92611,42.901],[-1.92702,42.88758],[-1.92676,42.88701]]]}},{"type":"Feature","properties":{"mun_code":"31189","mun_name":"Olazti","mun_name_local":"Olazagutía","prov_code":"31","prov_name":"Navarra","acom_code":"15","acom_name":"Comunidad Foral de Navarra","geo_point_2d":{"lon":-2.2015874802034423,"lat":42.88775551446414}},"geometry":{"type":"Polygon","coordinates":[[[-2.23557,42.92661],[-2.22881,42.9262],[-2.22094,42.9225],[-2.22293,42.91325],[-2.22603,42.91091],[-2.22287,42.89688],[-2.22386,42.89501],[-2.21981,42.88901],[-2.2135,42.86973],[-2.20638,42.85727],[-2.18074,42.8586],[-2.17976,42.86012],[-2.18159,42.86302],[-2.1739,42.86722],[-2.16654,42.86925],[-2.1813,42.88565],[-2.18612,42.89549],[-2.19779,42.90552],[-2.20516,42.90699],[-2.20129,42.91549],[-2.20251,42.91789],[-2.21086,42.9256],[-2.21429,42.92606],[-2.21884,42.92399],[-2.23438,42.9282],[-2.23557,42.92661]]]}},{"type":"Feature","properties":{"mun_code":"31080","mun_name":"Dicastillo","mun_name_local":null,"prov_code":"31","prov_name":"Navarra","acom_code":"15","acom_name":"Comunidad Foral de Navarra","geo_point_2d":{"lon":-2.040905891129882,"lat":42.562392864278884}},"geometry":{"type":"Polygon","coordinates":[[[-2.08483,42.52337],[-2.0856,42.51926],[-2.08104,42.50255],[-2.0785,42.50346],[-2.0781,42.50632],[-2.07389,42.50589],[-2.06966,42.51226],[-2.06428,42.51192],[-2.05836,42.50881],[-2.05637,42.50486],[-2.0462,42.50246],[-2.04294,42.51457],[-2.04497,42.52662],[-2.03829,42.5539],[-2.03177,42.56613],[-2.02188,42.57692],[-2.00361,42.58175],[-1.99399,42.57605],[-1.98956,42.57508],[-1.98692,42.57184],[-1.9742,42.5637],[-1.97072,42.56574],[-1.97735,42.57147],[-1.97775,42.57491],[-1.98705,42.58229],[-1.99404,42.58492],[-2.01672,42.60362],[-2.01831,42.60315],[-2.0243,42.60992],[-2.02424,42.61241],[-2.02288,42.61252],[-2.02537,42.61637],[-2.03535,42.62179],[-2.03835,42.62179],[-2.04522,42.62943],[-2.05922,42.62687],[-2.0627,42.62554],[-2.06384,42.62343],[-2.06188,42.62099],[-2.04879,42.62113],[-2.03888,42.61891],[-2.03649,42.6164],[-2.03502,42.60911],[-2.03227,42.60477],[-2.03476,42.60321],[-2.03412,42.59944],[-2.04052,42.59786],[-2.04836,42.59299],[-2.04957,42.59032],[-2.04661,42.57881],[-2.04744,42.57494],[-2.05771,42.56377],[-2.07073,42.53407],[-2.07702,42.52345],[-2.07876,42.52336],[-2.08483,42.52337]]]}},{"type":"Feature","properties":{"mun_code":"31084","mun_name":"Etxarri Aranatz","mun_name_local":null,"prov_code":"31","prov_name":"Navarra","acom_code":"15","acom_name":"Comunidad Foral de Navarra","geo_point_2d":{"lon":-2.0794517989834183,"lat":42.92223645214841}},"geometry":{"type":"Polygon","coordinates":[[[-2.11744,42.94214],[-2.11535,42.93728],[-2.10985,42.9317],[-2.11112,42.92235],[-2.10773,42.91819],[-2.10478,42.91846],[-2.09867,42.91618],[-2.09724,42.91125],[-2.09527,42.91078],[-2.09608,42.90803],[-2.08884,42.89352],[-2.08735,42.87573],[-2.07194,42.87185],[-2.0704,42.88247],[-2.06543,42.88044],[-2.05148,42.88561],[-2.04902,42.89094],[-2.04231,42.89445],[-2.04614,42.89974],[-2.05026,42.91394],[-2.04619,42.91593],[-2.04787,42.91807],[-2.04534,42.92255],[-2.04008,42.92418],[-2.04837,42.92675],[-2.04763,42.93304],[-2.0565,42.93333],[-2.057,42.93019],[-2.05357,42.92214],[-2.06477,42.92112],[-2.06529,42.91602],[-2.0704,42.9134],[-2.0762,42.924],[-2.0734,42.92992],[-2.07404,42.9375],[-2.07844,42.93962],[-2.08004,42.94752],[-2.08901,42.95915],[-2.08568,42.96194],[-2.07905,42.96229],[-2.08065,42.96528],[-2.05595,42.97066],[-2.05258,42.97632],[-2.08442,42.97573],[-2.09532,42.97227],[-2.09878,42.95909],[-2.10524,42.95354],[-2.10351,42.94854],[-2.112,42.94595],[-2.11697,42.94227],[-2.11744,42.94214]]]}},{"type":"Feature","properties":{"mun_code":"31209","mun_name":"Romanzado","mun_name_local":"Erromantzatua","prov_code":"31","prov_name":"Navarra","acom_code":"15","acom_name":"Comunidad Foral de Navarra","geo_point_2d":{"lon":-1.19513299449659,"lat":42.684335054411584}},"geometry":{"type":"Polygon","coordinates":[[[-1.28096,42.68037],[-1.28366,42.67205],[-1.27321,42.66793],[-1.26922,42.66848],[-1.2645,42.6614],[-1.2662,42.65373],[-1.26212,42.65226],[-1.24716,42.65483],[-1.2381,42.6545],[-1.23589,42.65649],[-1.22276,42.65881],[-1.21756,42.65795],[-1.20643,42.66198],[-1.1936,42.6633],[-1.17622,42.65814],[-1.17143,42.65081],[-1.17156,42.64626],[-1.1587,42.64851],[-1.15241,42.64757],[-1.14383,42.64823],[-1.12043,42.64503],[-1.10324,42.64609],[-1.10406,42.66567],[-1.09973,42.68742],[-1.12897,42.6903],[-1.13863,42.69721],[-1.17122,42.71191],[-1.17142,42.71073],[-1.17744,42.70926],[-1.18031,42.71071],[-1.18751,42.71066],[-1.19906,42.71466],[-1.19636,42.7234],[-1.2045,42.72827],[-1.20478,42.73169],[-1.21388,42.73261],[-1.22209,42.73542],[-1.22716,42.73473],[-1.22862,42.73305],[-1.24077,42.72907],[-1.24251,42.72509],[-1.24768,42.72061],[-1.25299,42.72317],[-1.25474,42.72037],[-1.2617,42.72022],[-1.26318,42.72254],[-1.26431,42.7155],[-1.26805,42.71483],[-1.26463,42.71218],[-1.2635,42.70895],[-1.27136,42.70073],[-1.27237,42.69732],[-1.271,42.69522],[-1.27634,42.69315],[-1.27556,42.69111],[-1.28022,42.69196],[-1.27511,42.68716],[-1.2761,42.68558],[-1.28096,42.68037]]]}},{"type":"Feature","properties":{"mun_code":"31070","mun_name":"Castejón","mun_name_local":null,"prov_code":"31","prov_name":"Navarra","acom_code":"15","acom_name":"Comunidad Foral de Navarra","geo_point_2d":{"lon":-1.6795322317762895,"lat":42.155898912112285}},"geometry":{"type":"Polygon","coordinates":[[[-1.71989,42.13344],[-1.69914,42.12045],[-1.68862,42.13059],[-1.67535,42.13914],[-1.67431,42.142],[-1.67574,42.14421],[-1.67303,42.14698],[-1.653,42.15089],[-1.64476,42.15524],[-1.65111,42.1624],[-1.64548,42.16396],[-1.64734,42.16685],[-1.64249,42.17144],[-1.64191,42.17393],[-1.64884,42.18066],[-1.65369,42.18094],[-1.65688,42.17923],[-1.65332,42.17257],[-1.65755,42.16965],[-1.66433,42.16986],[-1.66748,42.17273],[-1.67721,42.17409],[-1.68337,42.17708],[-1.67901,42.18832],[-1.69695,42.18037],[-1.7009,42.17312],[-1.69939,42.16674],[-1.69334,42.15798],[-1.6868,42.15636],[-1.67966,42.15169],[-1.69027,42.1484],[-1.70454,42.13926],[-1.71989,42.13344]]]}},{"type":"Feature","properties":{"mun_code":"31052","mun_name":"Belascoáin","mun_name_local":null,"prov_code":"31","prov_name":"Navarra","acom_code":"15","acom_name":"Comunidad Foral de Navarra","geo_point_2d":{"lon":-1.8299359193729026,"lat":42.75016662423222}},"geometry":{"type":"Polygon","coordinates":[[[-1.85238,42.75453],[-1.84359,42.74382],[-1.84498,42.73844],[-1.84386,42.73817],[-1.83556,42.74326],[-1.83036,42.73796],[-1.8264,42.73832],[-1.8216,42.74228],[-1.81662,42.74357],[-1.80824,42.74198],[-1.80218,42.74382],[-1.80815,42.74676],[-1.81454,42.75322],[-1.82544,42.7598],[-1.8261,42.76422],[-1.83011,42.76508],[-1.82945,42.76194],[-1.8396,42.76113],[-1.84585,42.75665],[-1.85065,42.75514],[-1.85238,42.75453]]]}},{"type":"Feature","properties":{"mun_code":"31117","mun_name":"Goizueta","mun_name_local":null,"prov_code":"31","prov_name":"Navarra","acom_code":"15","acom_name":"Comunidad Foral de Navarra","geo_point_2d":{"lon":-1.8294722147820222,"lat":43.18927948936957}},"geometry":{"type":"Polygon","coordinates":[[[-1.91834,43.15965],[-1.92031,43.15739],[-1.9204,43.15009],[-1.91134,43.1458],[-1.90659,43.14524],[-1.90285,43.14072],[-1.898,43.14144],[-1.8889,43.1483],[-1.88366,43.14803],[-1.88312,43.14968],[-1.87731,43.15056],[-1.87778,43.1526],[-1.87614,43.15374],[-1.87271,43.15499],[-1.87268,43.15385],[-1.87,43.15417],[-1.86788,43.15654],[-1.86403,43.15611],[-1.86271,43.16342],[-1.86047,43.16552],[-1.85707,43.16579],[-1.85083,43.16004],[-1.84981,43.15742],[-1.8516,43.15499],[-1.84764,43.15381],[-1.85098,43.15252],[-1.8521,43.14822],[-1.85472,43.14715],[-1.85149,43.14552],[-1.84798,43.14063],[-1.84658,43.14293],[-1.84193,43.14268],[-1.84077,43.14145],[-1.83822,43.14202],[-1.83486,43.14582],[-1.83433,43.14388],[-1.82975,43.14368],[-1.83008,43.14526],[-1.82767,43.14531],[-1.82754,43.14807],[-1.82009,43.14859],[-1.81415,43.15116],[-1.81153,43.15026],[-1.80646,43.15136],[-1.80089,43.15635],[-1.79701,43.15789],[-1.78191,43.15662],[-1.76577,43.16205],[-1.76549,43.17217],[-1.76728,43.17731],[-1.77884,43.18494],[-1.7762,43.19013],[-1.76762,43.19781],[-1.76521,43.20218],[-1.76544,43.2052],[-1.76317,43.20716],[-1.76405,43.21124],[-1.76044,43.21941],[-1.764,43.22242],[-1.76203,43.22879],[-1.76745,43.23158],[-1.77425,43.23816],[-1.7773,43.23767],[-1.78411,43.24061],[-1.78771,43.2462],[-1.79498,43.24693],[-1.79812,43.24505],[-1.80406,43.24435],[-1.80544,43.24055],[-1.80752,43.23944],[-1.8161,43.23912],[-1.81695,43.23801],[-1.81918,43.23897],[-1.82246,43.23586],[-1.82255,43.23135],[-1.82565,43.22829],[-1.83017,43.22916],[-1.83235,43.22746],[-1.83516,43.2286],[-1.83461,43.22418],[-1.83604,43.22607],[-1.84115,43.22397],[-1.845,43.22545],[-1.84749,43.22371],[-1.84977,43.22478],[-1.84854,43.22757],[-1.85,43.22848],[-1.85275,43.22597],[-1.85051,43.22307],[-1.85339,43.22107],[-1.85294,43.21913],[-1.85743,43.21874],[-1.85427,43.21606],[-1.85633,43.21561],[-1.85935,43.2167],[-1.85788,43.21798],[-1.86036,43.21772],[-1.86171,43.21209],[-1.86334,43.21279],[-1.86328,43.21585],[-1.86672,43.21799],[-1.86445,43.22205],[-1.86622,43.22432],[-1.86463,43.22434],[-1.86722,43.22623],[-1.86764,43.23048],[-1.87362,43.22617],[-1.8734,43.22966],[-1.87667,43.2319],[-1.88093,43.22878],[-1.87785,43.22738],[-1.88001,43.22518],[-1.87747,43.22327],[-1.88063,43.22089],[-1.87456,43.22087],[-1.87403,43.21957],[-1.875,43.2183],[-1.88079,43.21792],[-1.87895,43.21725],[-1.87934,43.21463],[-1.87585,43.21743],[-1.87539,43.21589],[-1.87775,43.21381],[-1.87504,43.21326],[-1.87489,43.21076],[-1.87927,43.21154],[-1.87976,43.20966],[-1.87609,43.20865],[-1.87028,43.21065],[-1.86687,43.20737],[-1.85836,43.21054],[-1.85756,43.20946],[-1.86004,43.20789],[-1.8572,43.20536],[-1.86058,43.20381],[-1.86086,43.19965],[-1.86961,43.19876],[-1.87439,43.19984],[-1.87674,43.19644],[-1.88968,43.18675],[-1.88974,43.18212],[-1.89518,43.17865],[-1.89979,43.17863],[-1.90781,43.17155],[-1.91686,43.16919],[-1.91585,43.1647],[-1.91792,43.15993],[-1.91834,43.15965]]]}},{"type":"Feature","properties":{"mun_code":"31068","mun_name":"Cascante","mun_name_local":null,"prov_code":"31","prov_name":"Navarra","acom_code":"15","acom_name":"Comunidad Foral de Navarra","geo_point_2d":{"lon":-1.7081291237775746,"lat":42.01164512242535}},"geometry":{"type":"Polygon","coordinates":[[[-1.79874,41.9926],[-1.79139,41.98963],[-1.77407,41.99551],[-1.7669,41.99579],[-1.74359,41.9728],[-1.74092,41.96812],[-1.72745,41.97819],[-1.69806,41.97834],[-1.70042,41.97938],[-1.70349,41.98445],[-1.69929,41.9873],[-1.70026,41.9906],[-1.69497,41.9938],[-1.6911,41.99098],[-1.68394,41.99048],[-1.68465,41.98886],[-1.68222,41.98856],[-1.68066,41.98553],[-1.67905,41.98586],[-1.68,41.98889],[-1.6774,41.98867],[-1.67123,41.98345],[-1.66741,41.98859],[-1.66648,41.98551],[-1.66827,41.97976],[-1.6617,41.97649],[-1.66163,41.97858],[-1.65112,41.9828],[-1.64799,41.98702],[-1.65433,41.98769],[-1.65679,41.9916],[-1.66051,41.99401],[-1.65457,42.00072],[-1.65032,42.01234],[-1.64238,42.01423],[-1.63918,42.0162],[-1.641,42.01628],[-1.63998,42.01736],[-1.63112,42.02104],[-1.63076,42.02522],[-1.62768,42.02618],[-1.62894,42.02785],[-1.62464,42.03195],[-1.62609,42.03405],[-1.62364,42.03525],[-1.62937,42.04001],[-1.63292,42.03746],[-1.63626,42.04024],[-1.64128,42.03457],[-1.64662,42.03201],[-1.64821,42.02776],[-1.65349,42.02347],[-1.65531,42.02351],[-1.65505,42.02237],[-1.6528,42.02224],[-1.65325,42.02113],[-1.65504,42.02208],[-1.65967,42.02109],[-1.65858,42.02202],[-1.66191,42.02416],[-1.66465,42.02324],[-1.66577,42.02122],[-1.66786,42.02387],[-1.67068,42.0236],[-1.67117,42.02151],[-1.67567,42.01847],[-1.68411,42.03293],[-1.68202,42.0401],[-1.6833,42.04376],[-1.68215,42.04739],[-1.68775,42.0521],[-1.69083,42.05219],[-1.69542,42.04859],[-1.69562,42.04973],[-1.69874,42.05033],[-1.70469,42.04779],[-1.70658,42.05341],[-1.71085,42.05269],[-1.71965,42.0547],[-1.73392,42.05456],[-1.74031,42.04475],[-1.7341,42.0343],[-1.74406,42.02855],[-1.74994,42.01963],[-1.78225,42.00011],[-1.79874,41.9926]]]}},{"type":"Feature","properties":{"mun_code":"31119","mun_name":"Güesa","mun_name_local":"Gorza","prov_code":"31","prov_name":"Navarra","acom_code":"15","acom_name":"Comunidad Foral de Navarra","geo_point_2d":{"lon":-1.0659375242922342,"lat":42.818830509664465}},"geometry":{"type":"Polygon","coordinates":[[[-1.11249,42.83036],[-1.10818,42.82543],[-1.1048,42.82384],[-1.10565,42.82243],[-1.10993,42.8217],[-1.11113,42.81908],[-1.11718,42.8206],[-1.11907,42.81299],[-1.11387,42.80559],[-1.10925,42.80376],[-1.10344,42.79748],[-1.09374,42.79845],[-1.09362,42.79706],[-1.08719,42.79702],[-1.08082,42.79461],[-1.06204,42.79683],[-1.05307,42.80177],[-1.0524,42.80063],[-1.04185,42.79989],[-1.03994,42.81004],[-1.03451,42.81153],[-1.0306,42.81624],[-1.02682,42.83742],[-1.02354,42.83978],[-1.02456,42.84289],[-1.01438,42.84842],[-1.01477,42.85868],[-1.01775,42.86196],[-1.02463,42.85887],[-1.02598,42.85203],[-1.03708,42.8443],[-1.04447,42.84333],[-1.04244,42.83845],[-1.04718,42.83722],[-1.04928,42.83407],[-1.05092,42.83476],[-1.05525,42.82974],[-1.06484,42.82991],[-1.06749,42.82726],[-1.07489,42.82589],[-1.08565,42.82919],[-1.09111,42.82796],[-1.09241,42.82582],[-1.109,42.82975],[-1.11249,42.83036]]]}},{"type":"Feature","properties":{"mun_code":"31156","mun_name":"Lizoain-Arriasgoiti","mun_name_local":"Lizoainibar-Arriasgoiti","prov_code":"31","prov_name":"Navarra","acom_code":"15","acom_name":"Comunidad Foral de Navarra","geo_point_2d":{"lon":-1.4673340193397209,"lat":42.830313907298326}},"geometry":{"type":"Polygon","coordinates":[[[-1.5236,42.79455],[-1.51942,42.79122],[-1.51077,42.7875],[-1.51225,42.78491],[-1.51039,42.78114],[-1.50325,42.78195],[-1.49584,42.77959],[-1.49401,42.78039],[-1.48642,42.77749],[-1.48325,42.77853],[-1.47909,42.78888],[-1.47384,42.79217],[-1.46489,42.78776],[-1.46139,42.79066],[-1.45513,42.78928],[-1.44533,42.79338],[-1.44152,42.79288],[-1.43901,42.79004],[-1.42588,42.78828],[-1.42544,42.79187],[-1.42037,42.7992],[-1.42628,42.81554],[-1.4262,42.82082],[-1.42876,42.82055],[-1.43174,42.82283],[-1.43511,42.82886],[-1.43424,42.83391],[-1.43075,42.83528],[-1.42957,42.83992],[-1.43063,42.84414],[-1.42655,42.84747],[-1.42823,42.85796],[-1.42545,42.86607],[-1.42386,42.86842],[-1.41396,42.87139],[-1.41243,42.87507],[-1.42034,42.87477],[-1.42024,42.87809],[-1.42654,42.87988],[-1.43176,42.87697],[-1.43953,42.87633],[-1.44062,42.87458],[-1.46933,42.8783],[-1.4767,42.87676],[-1.48414,42.88346],[-1.48684,42.88358],[-1.48931,42.88363],[-1.49735,42.87802],[-1.50328,42.86975],[-1.5003,42.86499],[-1.49891,42.84896],[-1.49787,42.84667],[-1.49234,42.84702],[-1.49207,42.84051],[-1.49568,42.83456],[-1.50055,42.83071],[-1.50618,42.8174],[-1.51076,42.81681],[-1.50956,42.816],[-1.51222,42.81198],[-1.50871,42.81159],[-1.50833,42.80693],[-1.5114,42.80698],[-1.52236,42.7996],[-1.52457,42.79726],[-1.52185,42.79559],[-1.5236,42.79455]]]}},{"type":"Feature","properties":{"mun_code":"31233","mun_name":"Tulebras","mun_name_local":null,"prov_code":"31","prov_name":"Navarra","acom_code":"15","acom_name":"Comunidad Foral de Navarra","geo_point_2d":{"lon":-1.684670685588951,"lat":41.9830101827645}},"geometry":{"type":"Polygon","coordinates":[[[-1.69827,41.97908],[-1.69719,41.98032],[-1.69046,41.97779],[-1.68521,41.97897],[-1.6808,41.97657],[-1.68054,41.97462],[-1.67847,41.97547],[-1.67593,41.97166],[-1.67367,41.97127],[-1.66902,41.9759],[-1.66946,41.97742],[-1.66711,41.97808],[-1.66827,41.97976],[-1.66673,41.98815],[-1.67123,41.98345],[-1.6774,41.98867],[-1.68,41.98889],[-1.67905,41.98586],[-1.68066,41.98553],[-1.68222,41.98856],[-1.68465,41.98886],[-1.68394,41.99048],[-1.6911,41.99098],[-1.69497,41.9938],[-1.70026,41.9906],[-1.69929,41.9873],[-1.70349,41.98445],[-1.70042,41.97938],[-1.6986,41.97918],[-1.69827,41.97908]]]}},{"type":"Feature","properties":{"mun_code":"31259","mun_name":"Igantzi","mun_name_local":null,"prov_code":"31","prov_name":"Navarra","acom_code":"15","acom_name":"Comunidad Foral de Navarra","geo_point_2d":{"lon":-1.690681707758773,"lat":43.219182728617234}},"geometry":{"type":"Polygon","coordinates":[[[-1.73063,43.22336],[-1.72565,43.22342],[-1.72039,43.21689],[-1.71517,43.21562],[-1.71247,43.21162],[-1.70396,43.20739],[-1.70483,43.20464],[-1.70277,43.20012],[-1.69523,43.19239],[-1.68679,43.19946],[-1.68454,43.20532],[-1.67918,43.20674],[-1.66197,43.20728],[-1.66052,43.20955],[-1.65654,43.20942],[-1.64765,43.21406],[-1.66668,43.22224],[-1.66919,43.22776],[-1.66788,43.23194],[-1.67617,43.2364],[-1.67306,43.23977],[-1.67869,43.23795],[-1.69016,43.23796],[-1.69857,43.23495],[-1.70279,43.23542],[-1.70456,43.23784],[-1.70763,43.23283],[-1.71622,43.23384],[-1.72189,43.23125],[-1.72832,43.22441],[-1.73063,43.22336]]]}},{"type":"Feature","properties":{"mun_code":"31228","mun_name":"Tiebas-Muruarte de Reta","mun_name_local":null,"prov_code":"31","prov_name":"Navarra","acom_code":"15","acom_name":"Comunidad Foral de Navarra","geo_point_2d":{"lon":-1.640629582266338,"lat":42.6858792864293}},"geometry":{"type":"Polygon","coordinates":[[[-1.66399,42.64863],[-1.65758,42.65002],[-1.65589,42.65539],[-1.65849,42.657],[-1.64865,42.65932],[-1.64321,42.66328],[-1.63206,42.66767],[-1.61943,42.67924],[-1.61623,42.68295],[-1.61643,42.68555],[-1.60433,42.69377],[-1.61067,42.69944],[-1.62017,42.71373],[-1.6337,42.72001],[-1.63982,42.72053],[-1.64654,42.71819],[-1.64305,42.71216],[-1.64333,42.70806],[-1.65572,42.69796],[-1.65376,42.69321],[-1.65007,42.69141],[-1.65926,42.67974],[-1.67121,42.67775],[-1.67567,42.67879],[-1.67976,42.67592],[-1.67492,42.67269],[-1.67217,42.66492],[-1.66866,42.66123],[-1.66504,42.64939],[-1.66399,42.64863]]]}},{"type":"Feature","properties":{"mun_code":"31122","mun_name":"Huarte","mun_name_local":"Uharte","prov_code":"31","prov_name":"Navarra","acom_code":"15","acom_name":"Comunidad Foral de Navarra","geo_point_2d":{"lon":-1.593040464143008,"lat":42.829046996081345}},"geometry":{"type":"Polygon","coordinates":[[[-1.60787,42.82631],[-1.60959,42.82425],[-1.6059,42.82037],[-1.60724,42.82098],[-1.60775,42.8185],[-1.60418,42.81787],[-1.60346,42.81623],[-1.60071,42.82026],[-1.59658,42.81968],[-1.59162,42.82417],[-1.58394,42.8234],[-1.58153,42.82633],[-1.57842,42.82639],[-1.57407,42.8304],[-1.57335,42.83407],[-1.57396,42.83519],[-1.58305,42.83598],[-1.59016,42.83533],[-1.596,42.83932],[-1.60242,42.83759],[-1.60374,42.82928],[-1.60787,42.82631]]]}},{"type":"Feature","properties":{"mun_code":"31215","mun_name":"San Adrián","mun_name_local":null,"prov_code":"31","prov_name":"Navarra","acom_code":"15","acom_name":"Comunidad Foral de Navarra","geo_point_2d":{"lon":-1.9193530265815695,"lat":42.34519189304425}},"geometry":{"type":"Polygon","coordinates":[[[-1.97,42.34759],[-1.96471,42.34305],[-1.96881,42.33866],[-1.96575,42.33441],[-1.96248,42.33377],[-1.95442,42.33586],[-1.94229,42.33518],[-1.93152,42.32219],[-1.92241,42.32711],[-1.91776,42.32729],[-1.91941,42.3342],[-1.91305,42.32907],[-1.91362,42.32695],[-1.88196,42.34025],[-1.87346,42.34803],[-1.88513,42.35962],[-1.89237,42.36454],[-1.89394,42.36735],[-1.89911,42.37035],[-1.91545,42.35708],[-1.92271,42.35434],[-1.92762,42.35539],[-1.92962,42.35931],[-1.9306,42.35693],[-1.93538,42.35514],[-1.93782,42.35605],[-1.95474,42.35349],[-1.96527,42.34952],[-1.97,42.34759]]]}},{"type":"Feature","properties":{"mun_code":"31017","mun_name":"Anue","mun_name_local":null,"prov_code":"31","prov_name":"Navarra","acom_code":"15","acom_name":"Comunidad Foral de Navarra","geo_point_2d":{"lon":-1.5887857289465503,"lat":42.97121573754256}},"geometry":{"type":"Polygon","coordinates":[[[-1.64067,42.9618],[-1.63789,42.95833],[-1.63023,42.95549],[-1.63044,42.95234],[-1.62714,42.94922],[-1.6259,42.94448],[-1.62196,42.94235],[-1.61835,42.93752],[-1.62057,42.92535],[-1.61836,42.9219],[-1.60465,42.917],[-1.59923,42.9165],[-1.59674,42.91651],[-1.591,42.92064],[-1.58193,42.91748],[-1.57833,42.91221],[-1.57336,42.91606],[-1.56941,42.91579],[-1.55439,42.9106],[-1.55677,42.91773],[-1.56054,42.92207],[-1.5541,42.92869],[-1.5519,42.93374],[-1.55801,42.93736],[-1.55584,42.941],[-1.55636,42.94422],[-1.56292,42.94993],[-1.56536,42.95051],[-1.56162,42.95596],[-1.56162,42.95969],[-1.56547,42.96614],[-1.56269,42.97084],[-1.56365,42.97355],[-1.5665,42.97478],[-1.56692,42.97843],[-1.56395,42.98595],[-1.56499,42.9897],[-1.56353,42.99392],[-1.55639,42.99899],[-1.54976,43.00049],[-1.55718,43.00895],[-1.55351,43.01427],[-1.5529,43.0212],[-1.55532,43.02693],[-1.55143,43.02798],[-1.55087,43.03252],[-1.556,43.04154],[-1.57632,43.04343],[-1.58327,43.04317],[-1.5937,43.04037],[-1.59317,43.02974],[-1.58519,43.01672],[-1.58681,43.00726],[-1.58363,43.00088],[-1.58448,42.9982],[-1.58817,42.99443],[-1.59273,42.99592],[-1.60157,42.9958],[-1.60714,42.99376],[-1.61227,42.98726],[-1.61979,42.98342],[-1.62062,42.98085],[-1.6257,42.9766],[-1.63254,42.97839],[-1.63892,42.9819],[-1.64696,42.98187],[-1.6496,42.98078],[-1.6483,42.97796],[-1.64295,42.97499],[-1.64238,42.9632],[-1.64067,42.9618]]]}},{"type":"Feature","properties":{"mun_code":"31051","mun_name":"Beire","mun_name_local":null,"prov_code":"31","prov_name":"Navarra","acom_code":"15","acom_name":"Comunidad Foral de Navarra","geo_point_2d":{"lon":-1.5984925929504652,"lat":42.46357234353539}},"geometry":{"type":"Polygon","coordinates":[[[-1.63045,42.43624],[-1.5888,42.44479],[-1.56928,42.46207],[-1.55243,42.48649],[-1.59467,42.48102],[-1.62134,42.48441],[-1.63053,42.45917],[-1.63056,42.43681],[-1.63045,42.43624]]]}},{"type":"Feature","properties":{"mun_code":"31211","mun_name":"Orreaga","mun_name_local":"Roncesvalles","prov_code":"31","prov_name":"Navarra","acom_code":"15","acom_name":"Comunidad Foral de Navarra","geo_point_2d":{"lon":-1.3081254258088013,"lat":43.014253744650205}},"geometry":{"type":"Polygon","coordinates":[[[-1.34086,43.02594],[-1.346,43.01635],[-1.34506,43.01123],[-1.33913,43.00517],[-1.33981,43.00168],[-1.32786,42.99529],[-1.3232,42.99856],[-1.3181,42.99735],[-1.29734,43.00107],[-1.29224,43.00323],[-1.28978,43.00983],[-1.28597,43.01169],[-1.28043,43.0113],[-1.28168,43.01415],[-1.27959,43.01551],[-1.27686,43.01693],[-1.26698,43.01745],[-1.26337,43.02147],[-1.26827,43.02758],[-1.2717,43.0277],[-1.27715,43.03091],[-1.28537,43.03225],[-1.29044,43.02777],[-1.29749,43.02678],[-1.30418,43.02761],[-1.30475,43.02662],[-1.30547,43.02755],[-1.3174,43.02105],[-1.32321,43.02023],[-1.33106,43.02149],[-1.34036,43.02576],[-1.34086,43.02594]]]}},{"type":"Feature","properties":{"mun_code":"53067","mun_name":"Comunidad del Valle de Salazar","mun_name_local":null,"prov_code":"31","prov_name":"Navarra","acom_code":"15","acom_name":"Comunidad Foral de Navarra","geo_point_2d":{"lon":-1.1844461069220624,"lat":42.865455840124554}},"geometry":{"type":"Polygon","coordinates":[[[-1.20225,42.86673],[-1.19724,42.86001],[-1.19808,42.8568],[-1.19616,42.8528],[-1.19061,42.85381],[-1.17744,42.84542],[-1.16942,42.84675],[-1.17049,42.8558],[-1.1662,42.86599],[-1.17837,42.87881],[-1.18605,42.884],[-1.19906,42.88779],[-1.19466,42.87984],[-1.20146,42.87233],[-1.20225,42.86673]]]}},{"type":"Feature","properties":{"mun_code":"31130","mun_name":"Iturmendi","mun_name_local":null,"prov_code":"31","prov_name":"Navarra","acom_code":"15","acom_name":"Comunidad Foral de Navarra","geo_point_2d":{"lon":-2.1252076509355216,"lat":42.90518318116369}},"geometry":{"type":"Polygon","coordinates":[[[-2.1513,42.94209],[-2.14569,42.93594],[-2.14215,42.92318],[-2.13378,42.91949],[-2.13465,42.90967],[-2.12752,42.89415],[-2.12113,42.87137],[-2.1115,42.8708],[-2.10904,42.87269],[-2.10441,42.87359],[-2.11213,42.88851],[-2.10947,42.89463],[-2.11255,42.89691],[-2.11414,42.90528],[-2.11974,42.91459],[-2.12981,42.92802],[-2.13335,42.94095],[-2.13663,42.94126],[-2.138,42.9402],[-2.14478,42.94209],[-2.15077,42.94185],[-2.1513,42.94209]]]}},{"type":"Feature","properties":{"mun_code":"31188","mun_name":"Olaibar","mun_name_local":null,"prov_code":"31","prov_name":"Navarra","acom_code":"15","acom_name":"Comunidad Foral de Navarra","geo_point_2d":{"lon":-1.6030640447304287,"lat":42.89643339238145}},"geometry":{"type":"Polygon","coordinates":[[[-1.63346,42.90847],[-1.62682,42.89982],[-1.62536,42.89529],[-1.62981,42.8876],[-1.62762,42.88238],[-1.6196,42.8801],[-1.6149,42.87697],[-1.60936,42.87686],[-1.60971,42.87496],[-1.60502,42.87773],[-1.59989,42.87646],[-1.59885,42.87399],[-1.5964,42.87323],[-1.59379,42.87407],[-1.58577,42.87284],[-1.5843,42.87522],[-1.58592,42.88133],[-1.58157,42.88779],[-1.58306,42.88985],[-1.57964,42.89669],[-1.58136,42.90194],[-1.5807,42.91131],[-1.57833,42.91221],[-1.58193,42.91748],[-1.591,42.92064],[-1.59674,42.91651],[-1.60465,42.917],[-1.61014,42.90969],[-1.61581,42.90914],[-1.61778,42.91116],[-1.62488,42.90903],[-1.63012,42.91295],[-1.63251,42.90951],[-1.63346,42.90847]]]}},{"type":"Feature","properties":{"mun_code":"53062","mun_name":"Comunidad de Barbarín y Olejúa","mun_name_local":null,"prov_code":"31","prov_name":"Navarra","acom_code":"15","acom_name":"Comunidad Foral de Navarra","geo_point_2d":{"lon":-2.1468537886954557,"lat":42.57541537461588}},"geometry":{"type":"Polygon","coordinates":[[[-2.14771,42.58126],[-2.15301,42.57384],[-2.15338,42.57105],[-2.14859,42.57035],[-2.14182,42.57345],[-2.14198,42.57764],[-2.14011,42.58041],[-2.14193,42.57967],[-2.14677,42.58144],[-2.14771,42.58126]]]}},{"type":"Feature","properties":{"mun_code":"31018","mun_name":"Añorbe","mun_name_local":null,"prov_code":"31","prov_name":"Navarra","acom_code":"15","acom_name":"Comunidad Foral de Navarra","geo_point_2d":{"lon":-1.7274348709802914,"lat":42.63732819134364}},"geometry":{"type":"Polygon","coordinates":[[[-1.7709,42.626],[-1.76136,42.62453],[-1.75712,42.62579],[-1.74886,42.6257],[-1.74226,42.62045],[-1.73756,42.62012],[-1.73466,42.62231],[-1.73223,42.62224],[-1.72228,42.61875],[-1.71716,42.61523],[-1.71221,42.61507],[-1.70415,42.61775],[-1.70182,42.61486],[-1.70163,42.61131],[-1.69968,42.61094],[-1.6915,42.61715],[-1.68592,42.62386],[-1.69131,42.62808],[-1.69826,42.63864],[-1.6996,42.64514],[-1.70731,42.65556],[-1.70728,42.66407],[-1.71857,42.66744],[-1.72667,42.65977],[-1.74506,42.6533],[-1.74773,42.64949],[-1.76051,42.64582],[-1.76784,42.64551],[-1.77348,42.63232],[-1.771,42.62651],[-1.7709,42.626]]]}},{"type":"Feature","properties":{"mun_code":"31024","mun_name":"Arano","mun_name_local":null,"prov_code":"31","prov_name":"Navarra","acom_code":"15","acom_name":"Comunidad Foral de Navarra","geo_point_2d":{"lon":-1.8976184693702633,"lat":43.195888975344126}},"geometry":{"type":"Polygon","coordinates":[[[-1.92092,43.17256],[-1.91686,43.16919],[-1.90781,43.17155],[-1.89979,43.17863],[-1.89518,43.17865],[-1.88974,43.18212],[-1.88968,43.18675],[-1.87674,43.19644],[-1.87439,43.19984],[-1.86961,43.19876],[-1.86086,43.19965],[-1.86058,43.20381],[-1.8572,43.20536],[-1.86004,43.20789],[-1.85778,43.21027],[-1.86687,43.20737],[-1.86993,43.21054],[-1.87695,43.20877],[-1.87976,43.20966],[-1.87927,43.21154],[-1.88136,43.21229],[-1.88215,43.20683],[-1.88349,43.21107],[-1.88823,43.2147],[-1.89042,43.20727],[-1.89227,43.21031],[-1.89542,43.20957],[-1.90416,43.21202],[-1.9045,43.21471],[-1.90823,43.21682],[-1.9037,43.21774],[-1.90338,43.21892],[-1.91068,43.22128],[-1.90869,43.22477],[-1.90984,43.22688],[-1.91177,43.22693],[-1.91596,43.22299],[-1.91301,43.22132],[-1.91334,43.20988],[-1.91098,43.20435],[-1.91574,43.19245],[-1.92205,43.18672],[-1.92288,43.17899],[-1.92088,43.17319],[-1.92092,43.17256]]]}},{"type":"Feature","properties":{"mun_code":"31061","mun_name":"El Busto","mun_name_local":null,"prov_code":"31","prov_name":"Navarra","acom_code":"15","acom_name":"Comunidad Foral de Navarra","geo_point_2d":{"lon":-2.2381284285697634,"lat":42.53966679725221}},"geometry":{"type":"Polygon","coordinates":[[[-2.23373,42.55892],[-2.23987,42.55713],[-2.24998,42.55129],[-2.25181,42.54762],[-2.2502,42.53916],[-2.25392,42.53212],[-2.24979,42.52831],[-2.23548,42.5205],[-2.23081,42.51414],[-2.22838,42.52375],[-2.2297,42.53159],[-2.22651,42.53622],[-2.22908,42.53887],[-2.22679,42.54149],[-2.22909,42.54302],[-2.22805,42.54755],[-2.22388,42.54741],[-2.22548,42.54942],[-2.22502,42.55418],[-2.22955,42.5578],[-2.23373,42.55892]]]}},{"type":"Feature","properties":{"mun_code":"31006","mun_name":"Ablitas","mun_name_local":null,"prov_code":"31","prov_name":"Navarra","acom_code":"15","acom_name":"Comunidad Foral de Navarra","geo_point_2d":{"lon":-1.5857343663704366,"lat":41.961314904696415}},"geometry":{"type":"Polygon","coordinates":[[[-1.65415,41.96535],[-1.64941,41.96349],[-1.644,41.95907],[-1.61588,41.95114],[-1.60972,41.94595],[-1.59625,41.92709],[-1.5676,41.9161],[-1.53562,41.91063],[-1.52331,41.90989],[-1.51289,41.91487],[-1.50612,41.91586],[-1.50305,41.91938],[-1.49885,41.93069],[-1.50256,41.93539],[-1.53236,41.94766],[-1.55298,41.95085],[-1.55581,41.95327],[-1.55574,41.95655],[-1.55103,41.96183],[-1.53796,41.97109],[-1.54256,41.97714],[-1.54521,41.98576],[-1.55055,41.98379],[-1.55669,41.98447],[-1.56484,41.98321],[-1.57715,41.98557],[-1.58495,41.99425],[-1.59353,41.99869],[-1.60142,42.01235],[-1.60481,42.01399],[-1.61382,42.01227],[-1.63819,42.01667],[-1.64238,42.01423],[-1.64983,42.01303],[-1.65457,42.00072],[-1.66051,41.99401],[-1.65679,41.9916],[-1.65433,41.98769],[-1.64791,41.98748],[-1.65054,41.98324],[-1.65337,41.98206],[-1.64994,41.98031],[-1.65117,41.97915],[-1.6502,41.97582],[-1.65728,41.97141],[-1.65399,41.96594],[-1.65415,41.96535]]]}},{"type":"Feature","properties":{"mun_code":"31058","mun_name":"Auritz","mun_name_local":"Burguete","prov_code":"31","prov_name":"Navarra","acom_code":"15","acom_name":"Comunidad Foral de Navarra","geo_point_2d":{"lon":-1.3380422924071969,"lat":42.99047093075697}},"geometry":{"type":"Polygon","coordinates":[[[-1.36019,43.0294],[-1.36257,43.02091],[-1.36764,43.0196],[-1.36809,43.01826],[-1.37597,43.01739],[-1.3751,43.0104],[-1.36767,43.00887],[-1.36608,43.00957],[-1.36185,43.00687],[-1.35941,43.00824],[-1.35651,43.00771],[-1.35469,43.00555],[-1.35767,42.99482],[-1.35497,42.98923],[-1.35011,42.98718],[-1.34839,42.98493],[-1.33754,42.9818],[-1.33888,42.97628],[-1.34439,42.97136],[-1.35173,42.97166],[-1.35572,42.96725],[-1.34615,42.95918],[-1.33984,42.95048],[-1.33537,42.94796],[-1.3333,42.95468],[-1.32762,42.96041],[-1.32866,42.96719],[-1.32074,42.97447],[-1.31887,42.97116],[-1.31801,42.97242],[-1.31473,42.97218],[-1.31171,42.97904],[-1.3044,42.98494],[-1.30631,42.99189],[-1.30187,42.99419],[-1.30158,42.99729],[-1.29734,43.00107],[-1.3181,42.99735],[-1.3232,42.99856],[-1.32786,42.99529],[-1.33981,43.00168],[-1.33913,43.00517],[-1.34506,43.01123],[-1.346,43.01635],[-1.34086,43.02594],[-1.35417,43.02812],[-1.36019,43.0294]]]}},{"type":"Feature","properties":{"mun_code":"31015","mun_name":"Andosilla","mun_name_local":null,"prov_code":"31","prov_name":"Navarra","acom_code":"15","acom_name":"Comunidad Foral de Navarra","geo_point_2d":{"lon":-1.94645109867641,"lat":42.38377093333365}},"geometry":{"type":"Polygon","coordinates":[[[-2.01951,42.36849],[-2.01249,42.36857],[-2.00606,42.36083],[-1.99552,42.36361],[-1.99026,42.35925],[-1.98294,42.35682],[-1.97864,42.34989],[-1.97329,42.35355],[-1.97106,42.35347],[-1.96822,42.35087],[-1.97,42.34759],[-1.95474,42.35349],[-1.93216,42.35604],[-1.92962,42.35931],[-1.92762,42.35539],[-1.92271,42.35434],[-1.91545,42.35708],[-1.90095,42.3694],[-1.898,42.37024],[-1.89723,42.37334],[-1.89307,42.3759],[-1.8931,42.38706],[-1.88727,42.39524],[-1.88102,42.3969],[-1.90677,42.41404],[-1.90667,42.42461],[-1.90397,42.42739],[-1.90916,42.43323],[-1.92003,42.43168],[-1.92881,42.42876],[-1.93251,42.418],[-1.9411,42.40626],[-1.96001,42.39119],[-1.958,42.38655],[-1.97163,42.38215],[-1.98061,42.3742],[-2.00334,42.38669],[-2.00819,42.39044],[-2.01155,42.3966],[-2.01814,42.40138],[-2.01912,42.40087],[-2.03206,42.38564],[-2.03063,42.38062],[-2.02085,42.36993],[-2.01951,42.36849]]]}},{"type":"Feature","properties":{"mun_code":"31224","mun_name":"Sesma","mun_name_local":null,"prov_code":"31","prov_name":"Navarra","acom_code":"15","acom_name":"Comunidad Foral de Navarra","geo_point_2d":{"lon":-2.087121770095151,"lat":42.47066130917523}},"geometry":{"type":"Polygon","coordinates":[[[-2.16216,42.48839],[-2.15676,42.48205],[-2.15405,42.48088],[-2.1493,42.47951],[-2.14561,42.48172],[-2.13623,42.47081],[-2.12718,42.45518],[-2.1185,42.44697],[-2.12706,42.44184],[-2.12931,42.4389],[-2.13081,42.43175],[-2.12978,42.42747],[-2.13305,42.42169],[-2.13106,42.4199],[-2.11428,42.41927],[-2.10573,42.42085],[-2.10891,42.43286],[-2.10611,42.44434],[-2.10292,42.44787],[-2.09036,42.44394],[-2.08587,42.4549],[-2.07651,42.44923],[-2.05521,42.44487],[-2.04976,42.43869],[-2.05013,42.43039],[-2.04826,42.42769],[-2.02568,42.41762],[-2.02203,42.42307],[-2.0222,42.43793],[-2.01008,42.44882],[-2.02646,42.45469],[-2.03099,42.46501],[-2.03538,42.48286],[-2.03991,42.49198],[-2.03582,42.49937],[-2.05637,42.50486],[-2.05936,42.5095],[-2.06462,42.51201],[-2.06966,42.51226],[-2.07389,42.50589],[-2.0781,42.50632],[-2.0785,42.50346],[-2.08083,42.50312],[-2.08217,42.49962],[-2.08857,42.49849],[-2.09785,42.50051],[-2.10275,42.49762],[-2.11968,42.49996],[-2.12118,42.4991],[-2.13122,42.50501],[-2.13841,42.51686],[-2.13685,42.51859],[-2.13953,42.52027],[-2.13796,42.5217],[-2.14714,42.52869],[-2.14845,42.51568],[-2.15573,42.50625],[-2.16209,42.48891],[-2.16216,42.48839]]]}},{"type":"Feature","properties":{"mun_code":"31069","mun_name":"Cáseda","mun_name_local":null,"prov_code":"31","prov_name":"Navarra","acom_code":"15","acom_name":"Comunidad Foral de Navarra","geo_point_2d":{"lon":-1.3661628224377198,"lat":42.471035596887035}},"geometry":{"type":"Polygon","coordinates":[[[-1.40623,42.40723],[-1.37257,42.38605],[-1.3572,42.38146],[-1.35004,42.39278],[-1.34814,42.40102],[-1.34295,42.40814],[-1.34171,42.41264],[-1.34121,42.42773],[-1.34616,42.45928],[-1.34361,42.46195],[-1.34293,42.48351],[-1.33055,42.49132],[-1.33186,42.49462],[-1.33091,42.49922],[-1.32561,42.50562],[-1.32264,42.5126],[-1.32365,42.51746],[-1.32089,42.52023],[-1.32586,42.52638],[-1.32722,42.53238],[-1.32925,42.53425],[-1.33474,42.53665],[-1.34781,42.53908],[-1.3465,42.54467],[-1.34329,42.5454],[-1.33904,42.54425],[-1.33023,42.53767],[-1.32938,42.54515],[-1.3382,42.55215],[-1.3431,42.55429],[-1.35465,42.55518],[-1.35846,42.55438],[-1.36644,42.55742],[-1.3693,42.55987],[-1.37885,42.54786],[-1.37887,42.54416],[-1.37733,42.54395],[-1.37769,42.5423],[-1.37435,42.53855],[-1.37817,42.53808],[-1.37811,42.53681],[-1.38264,42.53764],[-1.38479,42.53656],[-1.38736,42.52607],[-1.39288,42.52353],[-1.39073,42.48975],[-1.39704,42.47462],[-1.39773,42.45355],[-1.40359,42.43299],[-1.40638,42.43007],[-1.40631,42.41675],[-1.40623,42.40723]]]}},{"type":"Feature","properties":{"mun_code":"31144","mun_name":"Larraun","mun_name_local":null,"prov_code":"31","prov_name":"Navarra","acom_code":"15","acom_name":"Comunidad Foral de Navarra","geo_point_2d":{"lon":-1.9063330429554943,"lat":43.00024678523463}},"geometry":{"type":"Polygon","coordinates":[[[-1.98054,42.98898],[-1.97604,42.98679],[-1.9678,42.97478],[-1.96656,42.96242],[-1.96288,42.96078],[-1.95949,42.96282],[-1.93941,42.96194],[-1.9191,42.95841],[-1.89877,42.95012],[-1.90349,42.9458],[-1.89762,42.94397],[-1.90074,42.93722],[-1.87475,42.93382],[-1.86109,42.93362],[-1.85419,42.93587],[-1.84916,42.94016],[-1.84678,42.93965],[-1.84546,42.94167],[-1.8572,42.95047],[-1.85971,42.95529],[-1.85945,42.9699],[-1.85232,42.9676],[-1.8431,42.97289],[-1.84417,42.97671],[-1.84297,42.97787],[-1.84615,42.98141],[-1.84528,42.98249],[-1.84718,42.983],[-1.84641,42.98532],[-1.8412,42.98705],[-1.84352,43.00004],[-1.83375,43.00894],[-1.83179,43.01525],[-1.84655,43.02208],[-1.84584,43.02624],[-1.85419,43.03355],[-1.86172,43.03505],[-1.87294,43.03976],[-1.86754,43.0483],[-1.87693,43.05577],[-1.88251,43.05433],[-1.88628,43.05149],[-1.90747,43.0508],[-1.91228,43.05212],[-1.91788,43.0562],[-1.93354,43.05982],[-1.93699,43.0592],[-1.94498,43.06487],[-1.95312,43.06579],[-1.95995,43.06493],[-1.96897,43.06675],[-1.96881,43.06349],[-1.96159,43.0583],[-1.96102,43.0554],[-1.96122,43.04928],[-1.96508,43.04393],[-1.96343,43.04219],[-1.96604,43.03543],[-1.96122,43.0339],[-1.96674,43.02111],[-1.96071,43.01631],[-1.97993,42.9896],[-1.98054,42.98898]],[[-1.89354,42.99628],[-1.90488,43.0012],[-1.90718,43.00073],[-1.91539,43.0029],[-1.91779,43.00122],[-1.92005,43.00168],[-1.92481,43.00455],[-1.92743,43.01061],[-1.92458,43.01203],[-1.92496,43.01482],[-1.91789,43.01502],[-1.91385,43.01946],[-1.90391,43.02194],[-1.89831,43.02731],[-1.89322,43.02971],[-1.89141,43.02777],[-1.892,43.02421],[-1.8897,43.02183],[-1.89395,43.01121],[-1.887,43.00741],[-1.88429,43.00081],[-1.89192,42.99873],[-1.89313,42.99635],[-1.89354,42.99628]]]}},{"type":"Feature","properties":{"mun_code":"31021","mun_name":"Aranarache","mun_name_local":"Aranaratxe","prov_code":"31","prov_name":"Navarra","acom_code":"15","acom_name":"Comunidad Foral de Navarra","geo_point_2d":{"lon":-2.231163069904055,"lat":42.77090806805098}},"geometry":{"type":"Polygon","coordinates":[[[-2.24203,42.76174],[-2.23822,42.75846],[-2.23578,42.7586],[-2.23172,42.76174],[-2.23018,42.75849],[-2.22467,42.75797],[-2.22302,42.76181],[-2.22441,42.76587],[-2.22159,42.78327],[-2.23095,42.78437],[-2.23702,42.78018],[-2.2412,42.76865],[-2.24146,42.76185],[-2.24203,42.76174]]]}},{"type":"Feature","properties":{"mun_code":"31173","mun_name":"Monteagudo","mun_name_local":null,"prov_code":"31","prov_name":"Navarra","acom_code":"15","acom_name":"Comunidad Foral de Navarra","geo_point_2d":{"lon":-1.7048001839854954,"lat":41.96762977609883}},"geometry":{"type":"Polygon","coordinates":[[[-1.73976,41.96833],[-1.7343,41.9639],[-1.71522,41.95696],[-1.70444,41.95723],[-1.70078,41.95394],[-1.69552,41.95574],[-1.69008,41.9554],[-1.68682,41.95285],[-1.68157,41.95598],[-1.68213,41.95775],[-1.67957,41.96161],[-1.67857,41.96089],[-1.677,41.96278],[-1.67607,41.96647],[-1.67632,41.97212],[-1.67847,41.97547],[-1.68054,41.97462],[-1.6808,41.97657],[-1.68521,41.97897],[-1.69046,41.97779],[-1.69719,41.98032],[-1.69806,41.97834],[-1.70411,41.97772],[-1.72745,41.97819],[-1.73748,41.9718],[-1.73901,41.96877],[-1.73976,41.96833]]]}},{"type":"Feature","properties":{"mun_code":"31103","mun_name":"Ezprogui","mun_name_local":null,"prov_code":"31","prov_name":"Navarra","acom_code":"15","acom_name":"Comunidad Foral de Navarra","geo_point_2d":{"lon":-1.4559494108746063,"lat":42.60882623159476}},"geometry":{"type":"Polygon","coordinates":[[[-1.50525,42.59803],[-1.50098,42.59615],[-1.48659,42.59627],[-1.47745,42.59318],[-1.46986,42.59306],[-1.46576,42.58955],[-1.45369,42.58613],[-1.45404,42.58487],[-1.45098,42.58332],[-1.43742,42.58088],[-1.43564,42.57428],[-1.43666,42.56997],[-1.43474,42.55449],[-1.40421,42.55292],[-1.39995,42.55498],[-1.41152,42.57448],[-1.41729,42.57641],[-1.41112,42.58369],[-1.4105,42.5891],[-1.4169,42.59245],[-1.41757,42.59614],[-1.42051,42.59821],[-1.43209,42.60051],[-1.43795,42.60394],[-1.43319,42.62261],[-1.42995,42.62751],[-1.42767,42.64127],[-1.43654,42.64284],[-1.44753,42.64723],[-1.45375,42.64412],[-1.46053,42.64883],[-1.47491,42.65182],[-1.48151,42.65455],[-1.4888,42.652],[-1.49339,42.64964],[-1.49658,42.64017],[-1.50056,42.63644],[-1.49758,42.62653],[-1.50018,42.62376],[-1.49984,42.61304],[-1.5056,42.60129],[-1.50525,42.59803]]]}},{"type":"Feature","properties":{"mun_code":"31237","mun_name":"Unciti","mun_name_local":null,"prov_code":"31","prov_name":"Navarra","acom_code":"15","acom_name":"Comunidad Foral de Navarra","geo_point_2d":{"lon":-1.4794525843658786,"lat":42.72906712626398}},"geometry":{"type":"MultiPolygon","coordinates":[[[[-1.39976,42.6852],[-1.39333,42.69451],[-1.39845,42.70074],[-1.41364,42.70465],[-1.43492,42.70483],[-1.44064,42.69931],[-1.42697,42.70004],[-1.42404,42.69223],[-1.4188,42.68921],[-1.39976,42.6852]]],[[[-1.51781,42.76441],[-1.5182,42.75852],[-1.52283,42.75283],[-1.52701,42.75109],[-1.53438,42.75132],[-1.54047,42.7458],[-1.53649,42.73465],[-1.53237,42.73499],[-1.52332,42.72839],[-1.52445,42.72686],[-1.51235,42.71882],[-1.50733,42.71742],[-1.50484,42.7204],[-1.49357,42.71471],[-1.48845,42.71079],[-1.48695,42.70689],[-1.47351,42.70272],[-1.46378,42.6965],[-1.46067,42.69887],[-1.45843,42.69834],[-1.45027,42.70673],[-1.4401,42.70962],[-1.43882,42.71208],[-1.44909,42.71579],[-1.4575,42.72197],[-1.4617,42.72979],[-1.46761,42.73261],[-1.46133,42.7344],[-1.46247,42.73665],[-1.46036,42.74341],[-1.45417,42.75122],[-1.45704,42.75786],[-1.45963,42.75768],[-1.46734,42.76361],[-1.47301,42.76024],[-1.47519,42.7555],[-1.4791,42.75545],[-1.49754,42.75903],[-1.49839,42.76135],[-1.51059,42.76215],[-1.51438,42.76424],[-1.51781,42.76441]]]]}},{"type":"Feature","properties":{"mun_code":"31098","mun_name":"Esteribar","mun_name_local":null,"prov_code":"31","prov_name":"Navarra","acom_code":"15","acom_name":"Comunidad Foral de Navarra","geo_point_2d":{"lon":-1.5271897395494411,"lat":42.946101402251244}},"geometry":{"type":"Polygon","coordinates":[[[-1.596,42.83932],[-1.59016,42.83533],[-1.57396,42.83519],[-1.57194,42.84687],[-1.56589,42.84686],[-1.55582,42.85103],[-1.55517,42.85371],[-1.55114,42.85346],[-1.54839,42.86118],[-1.54114,42.86054],[-1.53667,42.86313],[-1.52596,42.86381],[-1.52133,42.8656],[-1.50298,42.86848],[-1.50307,42.87151],[-1.49735,42.87802],[-1.48931,42.88363],[-1.48414,42.88346],[-1.4767,42.87676],[-1.46933,42.8783],[-1.47002,42.88546],[-1.47777,42.89086],[-1.47594,42.90163],[-1.4796,42.90531],[-1.48784,42.90525],[-1.48997,42.9065],[-1.48821,42.91369],[-1.47902,42.92048],[-1.47621,42.9349],[-1.47182,42.93952],[-1.46888,42.94662],[-1.4728,42.95345],[-1.47307,42.96422],[-1.47553,42.96469],[-1.48299,42.97177],[-1.48159,42.97429],[-1.48367,42.98246],[-1.47998,42.98744],[-1.47909,42.99857],[-1.48804,43.00471],[-1.48727,43.00929],[-1.4802,43.01545],[-1.48288,43.01861],[-1.48626,43.01954],[-1.49113,43.0284],[-1.4955,43.03149],[-1.50781,43.03106],[-1.49376,43.04388],[-1.49626,43.04937],[-1.49438,43.05616],[-1.50511,43.06268],[-1.51366,43.0621],[-1.52052,43.06438],[-1.52227,43.06219],[-1.52098,43.06004],[-1.52723,43.05836],[-1.5306,43.05471],[-1.53185,43.04701],[-1.53384,43.04668],[-1.53906,43.05017],[-1.54358,43.04944],[-1.54648,43.05047],[-1.5557,43.04303],[-1.55087,43.03252],[-1.55143,43.02798],[-1.55532,43.02693],[-1.5529,43.0212],[-1.55351,43.01427],[-1.55718,43.00895],[-1.54976,43.00049],[-1.55639,42.99899],[-1.56353,42.99392],[-1.56499,42.9897],[-1.56395,42.98595],[-1.56692,42.97843],[-1.5665,42.97478],[-1.56365,42.97355],[-1.56269,42.97084],[-1.56547,42.96614],[-1.56162,42.95969],[-1.56162,42.95596],[-1.56536,42.95051],[-1.56292,42.94993],[-1.55636,42.94422],[-1.55584,42.941],[-1.55801,42.93736],[-1.5519,42.93374],[-1.5541,42.92869],[-1.56054,42.92207],[-1.55677,42.91773],[-1.55439,42.9106],[-1.56941,42.91579],[-1.57336,42.91606],[-1.58057,42.91162],[-1.58136,42.90194],[-1.57964,42.89669],[-1.58306,42.88985],[-1.58157,42.88779],[-1.58592,42.88133],[-1.5843,42.87522],[-1.58622,42.87132],[-1.58498,42.87017],[-1.59102,42.86017],[-1.59416,42.8588],[-1.59761,42.85459],[-1.59567,42.83958],[-1.596,42.83932]]]}},{"type":"Feature","properties":{"mun_code":"31136","mun_name":"Juslapeña","mun_name_local":"Txulapain","prov_code":"31","prov_name":"Navarra","acom_code":"15","acom_name":"Comunidad Foral de Navarra","geo_point_2d":{"lon":-1.7065829619794814,"lat":42.903294998482494}},"geometry":{"type":"Polygon","coordinates":[[[-1.75193,42.92546],[-1.75351,42.91495],[-1.75048,42.91122],[-1.7545,42.90559],[-1.75077,42.90108],[-1.75551,42.9003],[-1.75923,42.89579],[-1.75441,42.89303],[-1.74801,42.89411],[-1.74333,42.89196],[-1.74016,42.88862],[-1.73802,42.8906],[-1.72337,42.8914],[-1.71663,42.89325],[-1.71279,42.88789],[-1.71619,42.88384],[-1.70276,42.88569],[-1.70173,42.87779],[-1.69028,42.87681],[-1.68886,42.87115],[-1.68041,42.87029],[-1.67656,42.86575],[-1.66974,42.86408],[-1.67245,42.87194],[-1.67952,42.87454],[-1.68049,42.87668],[-1.67717,42.87853],[-1.68035,42.88321],[-1.67441,42.88593],[-1.67365,42.88776],[-1.65635,42.89224],[-1.65241,42.89546],[-1.65993,42.9011],[-1.65799,42.90342],[-1.6629,42.9076],[-1.65917,42.90902],[-1.66293,42.91315],[-1.66471,42.92038],[-1.6694,42.92136],[-1.67344,42.92003],[-1.67716,42.92113],[-1.68822,42.91284],[-1.69025,42.91282],[-1.68988,42.91177],[-1.69388,42.91128],[-1.69729,42.90835],[-1.70538,42.90758],[-1.70664,42.91488],[-1.70429,42.91891],[-1.7101,42.92715],[-1.70965,42.93135],[-1.71561,42.93074],[-1.7236,42.93208],[-1.73003,42.93085],[-1.73041,42.92905],[-1.7345,42.92941],[-1.74127,42.92728],[-1.75039,42.92661],[-1.75193,42.92546]]]}},{"type":"Feature","properties":{"mun_code":"31073","mun_name":"Ziordia","mun_name_local":null,"prov_code":"31","prov_name":"Navarra","acom_code":"15","acom_name":"Comunidad Foral de Navarra","geo_point_2d":{"lon":-2.229214912283481,"lat":42.88365327643838}},"geometry":{"type":"Polygon","coordinates":[[[-2.25078,42.89573],[-2.25307,42.89277],[-2.24098,42.88563],[-2.24212,42.8795],[-2.2405,42.86504],[-2.23594,42.85097],[-2.20638,42.85727],[-2.2135,42.86973],[-2.21981,42.88901],[-2.22386,42.89501],[-2.22287,42.89688],[-2.22603,42.91091],[-2.22293,42.91325],[-2.22094,42.9225],[-2.22803,42.92595],[-2.23557,42.92661],[-2.23782,42.92145],[-2.23776,42.896],[-2.23992,42.89525],[-2.24842,42.89742],[-2.25078,42.89573]]]}},{"type":"Feature","properties":{"mun_code":"31032","mun_name":"Arguedas","mun_name_local":null,"prov_code":"31","prov_name":"Navarra","acom_code":"15","acom_name":"Comunidad Foral de Navarra","geo_point_2d":{"lon":-1.5726552873636055,"lat":42.18671665896227}},"geometry":{"type":"Polygon","coordinates":[[[-1.63719,42.15564],[-1.6292,42.14688],[-1.61822,42.14619],[-1.61039,42.15057],[-1.59681,42.15393],[-1.59218,42.15271],[-1.58815,42.15421],[-1.5842,42.15389],[-1.57976,42.15265],[-1.57549,42.14003],[-1.56405,42.14008],[-1.56037,42.13871],[-1.53219,42.16452],[-1.52785,42.17656],[-1.52141,42.21355],[-1.52274,42.21632],[-1.52741,42.21865],[-1.52639,42.22089],[-1.52868,42.22482],[-1.52607,42.22577],[-1.53154,42.23221],[-1.53438,42.23197],[-1.55235,42.23868],[-1.55335,42.23519],[-1.56663,42.23078],[-1.57791,42.22432],[-1.58449,42.22562],[-1.59098,42.22963],[-1.59458,42.22726],[-1.60136,42.21642],[-1.59695,42.2132],[-1.61034,42.19575],[-1.62207,42.18393],[-1.62432,42.1792],[-1.63193,42.17555],[-1.63201,42.16832],[-1.63663,42.15609],[-1.63719,42.15564]]]}},{"type":"Feature","properties":{"mun_code":"53060","mun_name":"Facería de Arambelza","mun_name_local":null,"prov_code":"31","prov_name":"Navarra","acom_code":"15","acom_name":"Comunidad Foral de Navarra","geo_point_2d":{"lon":-2.0722837189487135,"lat":42.61374270114234}},"geometry":{"type":"Polygon","coordinates":[[[-2.08547,42.61002],[-2.0803,42.60645],[-2.07284,42.60454],[-2.06937,42.60136],[-2.07185,42.60598],[-2.06954,42.60923],[-2.06279,42.61093],[-2.06183,42.61456],[-2.06102,42.61914],[-2.06384,42.62343],[-2.0693,42.62202],[-2.07165,42.62001],[-2.08114,42.61913],[-2.07953,42.61384],[-2.08388,42.61228],[-2.08541,42.61026],[-2.08547,42.61002]]]}},{"type":"Feature","properties":{"mun_code":"31082","mun_name":"Etxalar","mun_name_local":null,"prov_code":"31","prov_name":"Navarra","acom_code":"15","acom_name":"Comunidad Foral de Navarra","geo_point_2d":{"lon":-1.618161631313102,"lat":43.23359508729367}},"geometry":{"type":"Polygon","coordinates":[[[-1.68014,43.25742],[-1.6805,43.25214],[-1.67357,43.25087],[-1.66932,43.24619],[-1.67445,43.24158],[-1.67304,43.23939],[-1.67617,43.2364],[-1.66788,43.23194],[-1.66919,43.22776],[-1.66668,43.22224],[-1.64387,43.21171],[-1.63301,43.21205],[-1.62688,43.21036],[-1.6187,43.20495],[-1.6128,43.20413],[-1.60982,43.19611],[-1.60808,43.1956],[-1.59728,43.20338],[-1.58963,43.20549],[-1.58225,43.20465],[-1.58267,43.20635],[-1.57938,43.20883],[-1.57083,43.20858],[-1.56946,43.21356],[-1.56375,43.22096],[-1.56646,43.22397],[-1.56446,43.23215],[-1.5627,43.23618],[-1.55916,43.23847],[-1.56554,43.24235],[-1.56618,43.24553],[-1.57407,43.25021],[-1.582,43.25307],[-1.59596,43.25457],[-1.60871,43.25199],[-1.61035,43.25466],[-1.6174,43.2577],[-1.62185,43.26329],[-1.62361,43.27081],[-1.62616,43.2705],[-1.63383,43.26466],[-1.64182,43.26441],[-1.64398,43.26301],[-1.64382,43.2585],[-1.64804,43.25887],[-1.6479,43.25988],[-1.6518,43.25816],[-1.65242,43.25922],[-1.65429,43.25763],[-1.65377,43.25622],[-1.65623,43.25605],[-1.65932,43.25742],[-1.66233,43.26255],[-1.6637,43.26123],[-1.66572,43.26188],[-1.66637,43.25778],[-1.66782,43.25743],[-1.666,43.25694],[-1.66793,43.25592],[-1.67291,43.25691],[-1.6735,43.25548],[-1.67557,43.25511],[-1.67573,43.25598],[-1.67729,43.2544],[-1.67912,43.25697],[-1.68014,43.25742]]]}},{"type":"Feature","properties":{"mun_code":"31143","mun_name":"Larraona","mun_name_local":null,"prov_code":"31","prov_name":"Navarra","acom_code":"15","acom_name":"Comunidad Foral de Navarra","geo_point_2d":{"lon":-2.2583595204112363,"lat":42.775724756108104}},"geometry":{"type":"Polygon","coordinates":[[[-2.28101,42.78513],[-2.27547,42.77928],[-2.27328,42.76858],[-2.2707,42.76563],[-2.26427,42.76723],[-2.25907,42.76265],[-2.24566,42.75962],[-2.24455,42.76141],[-2.24146,42.76185],[-2.2412,42.76865],[-2.23702,42.78018],[-2.24279,42.78406],[-2.25167,42.78362],[-2.2688,42.79077],[-2.27378,42.79118],[-2.27912,42.78801],[-2.28024,42.78564],[-2.28101,42.78513]]]}},{"type":"Feature","properties":{"mun_code":"31016","mun_name":"Ansoáin","mun_name_local":"Antsoain","prov_code":"31","prov_name":"Navarra","acom_code":"15","acom_name":"Comunidad Foral de Navarra","geo_point_2d":{"lon":-1.6440666254599638,"lat":42.83741701518811}},"geometry":{"type":"Polygon","coordinates":[[[-1.65209,42.84666],[-1.65237,42.83608],[-1.65084,42.83132],[-1.6492,42.82981],[-1.64153,42.83197],[-1.64109,42.83072],[-1.63718,42.83131],[-1.63522,42.83226],[-1.63531,42.83608],[-1.63308,42.83619],[-1.63221,42.83902],[-1.64693,42.84461],[-1.65209,42.84666]]]}},{"type":"Feature","properties":{"mun_code":"31013","mun_name":"Améscoa Baja","mun_name_local":null,"prov_code":"31","prov_name":"Navarra","acom_code":"15","acom_name":"Comunidad Foral de Navarra","geo_point_2d":{"lon":-2.126919310052425,"lat":42.77268128377187}},"geometry":{"type":"Polygon","coordinates":[[[-2.19621,42.75299],[-2.18651,42.75175],[-2.1681,42.75648],[-2.16117,42.75515],[-2.15854,42.75843],[-2.15624,42.75819],[-2.15405,42.76074],[-2.1494,42.75941],[-2.14712,42.76104],[-2.14016,42.76195],[-2.13998,42.7634],[-2.13124,42.76428],[-2.12888,42.76334],[-2.12658,42.76456],[-2.1218,42.76221],[-2.1196,42.76472],[-2.11567,42.75898],[-2.10223,42.75601],[-2.09975,42.75323],[-2.09307,42.75746],[-2.08349,42.75683],[-2.07371,42.75426],[-2.07158,42.76241],[-2.06497,42.76943],[-2.06197,42.77062],[-2.05458,42.7816],[-2.05356,42.78608],[-2.06106,42.78064],[-2.06555,42.78022],[-2.07693,42.77294],[-2.08775,42.7814],[-2.09635,42.77845],[-2.09854,42.78137],[-2.09698,42.78452],[-2.09822,42.78584],[-2.1223,42.79612],[-2.12517,42.80474],[-2.13384,42.80629],[-2.13643,42.80514],[-2.14099,42.79863],[-2.14179,42.78629],[-2.14869,42.77693],[-2.15837,42.77293],[-2.16155,42.77572],[-2.17134,42.77455],[-2.18329,42.7767],[-2.18669,42.77084],[-2.19092,42.77065],[-2.19675,42.76607],[-2.19462,42.76102],[-2.1954,42.75463],[-2.19621,42.75299]]]}},{"type":"Feature","properties":{"mun_code":"31093","mun_name":"Ezcároz","mun_name_local":"Ezkaroze","prov_code":"31","prov_name":"Navarra","acom_code":"15","acom_name":"Comunidad Foral de Navarra","geo_point_2d":{"lon":-1.0667844755742166,"lat":42.8955711663997}},"geometry":{"type":"Polygon","coordinates":[[[-1.13041,42.92055],[-1.13331,42.91801],[-1.13226,42.91075],[-1.13393,42.9075],[-1.12882,42.90346],[-1.11764,42.88513],[-1.12088,42.87754],[-1.1135,42.88003],[-1.10455,42.88086],[-1.0902,42.87751],[-1.08288,42.87942],[-1.08085,42.87889],[-1.05321,42.88967],[-1.04751,42.88921],[-1.03856,42.88354],[-1.02316,42.87887],[-1.01444,42.87164],[-0.99896,42.89192],[-1.00199,42.90469],[-1.00982,42.90569],[-1.01239,42.90839],[-1.015,42.90614],[-1.0207,42.90731],[-1.02755,42.91127],[-1.03287,42.91035],[-1.03848,42.91149],[-1.04399,42.90854],[-1.04648,42.90258],[-1.05206,42.90054],[-1.05635,42.90154],[-1.05619,42.90331],[-1.06381,42.90643],[-1.0852,42.89537],[-1.09008,42.89836],[-1.09311,42.89904],[-1.09385,42.89747],[-1.09553,42.89776],[-1.10195,42.90152],[-1.10444,42.90419],[-1.10342,42.90791],[-1.10603,42.91157],[-1.10526,42.91434],[-1.10886,42.91602],[-1.10937,42.91922],[-1.12843,42.92101],[-1.13041,42.92055]]]}},{"type":"Feature","properties":{"mun_code":"31137","mun_name":"Beintza-Labaien","mun_name_local":null,"prov_code":"31","prov_name":"Navarra","acom_code":"15","acom_name":"Comunidad Foral de Navarra","geo_point_2d":{"lon":-1.756296243784644,"lat":43.09833578675847}},"geometry":{"type":"Polygon","coordinates":[[[-1.8158,43.15011],[-1.80883,43.14169],[-1.80106,43.14379],[-1.79362,43.13255],[-1.77746,43.12298],[-1.78171,43.1138],[-1.78207,43.10875],[-1.7769,43.10266],[-1.77669,43.09904],[-1.76156,43.10301],[-1.75466,43.09795],[-1.75607,43.09561],[-1.76703,43.09262],[-1.77052,43.08629],[-1.76586,43.07852],[-1.76607,43.07543],[-1.76043,43.07375],[-1.75879,43.06967],[-1.76307,43.0674],[-1.76668,43.06154],[-1.76243,43.05937],[-1.76216,43.05546],[-1.75421,43.05531],[-1.74115,43.05907],[-1.73472,43.05836],[-1.72818,43.05424],[-1.72228,43.05586],[-1.72197,43.05897],[-1.71538,43.06883],[-1.72085,43.07607],[-1.72012,43.079],[-1.72342,43.0814],[-1.71829,43.08685],[-1.72156,43.09884],[-1.72666,43.10151],[-1.73063,43.10939],[-1.75248,43.10449],[-1.75333,43.10049],[-1.7605,43.10426],[-1.76529,43.10254],[-1.76752,43.10492],[-1.7657,43.10963],[-1.77525,43.11342],[-1.77343,43.11459],[-1.7761,43.1181],[-1.77094,43.1247],[-1.77363,43.13151],[-1.77167,43.1352],[-1.77505,43.13678],[-1.77529,43.14413],[-1.78056,43.14481],[-1.77849,43.153],[-1.78005,43.15698],[-1.7962,43.15805],[-1.80089,43.15635],[-1.80646,43.15136],[-1.81506,43.15083],[-1.8158,43.15011]]]}},{"type":"Feature","properties":{"mun_code":"31229","mun_name":"Tirapu","mun_name_local":null,"prov_code":"31","prov_name":"Navarra","acom_code":"15","acom_name":"Comunidad Foral de Navarra","geo_point_2d":{"lon":-1.6933111379964292,"lat":42.64748950898693}},"geometry":{"type":"Polygon","coordinates":[[[-1.70728,42.66407],[-1.70731,42.65556],[-1.6996,42.64514],[-1.69826,42.63864],[-1.69131,42.62808],[-1.68592,42.62386],[-1.68065,42.62919],[-1.68629,42.64523],[-1.68333,42.65134],[-1.68441,42.65613],[-1.68806,42.66079],[-1.69309,42.66023],[-1.69348,42.66349],[-1.69646,42.66527],[-1.70307,42.66609],[-1.70661,42.66488],[-1.70728,42.66407]]]}},{"type":"Feature","properties":{"mun_code":"31162","mun_name":"Marañón","mun_name_local":null,"prov_code":"31","prov_name":"Navarra","acom_code":"15","acom_name":"Comunidad Foral de Navarra","geo_point_2d":{"lon":-2.4449043712783256,"lat":42.62335154536123}},"geometry":{"type":"Polygon","coordinates":[[[-2.46452,42.62732],[-2.46783,42.62374],[-2.46528,42.62371],[-2.4603,42.62018],[-2.4601,42.61656],[-2.45187,42.61767],[-2.44379,42.61616],[-2.44437,42.61508],[-2.43881,42.61426],[-2.43304,42.61033],[-2.42857,42.61106],[-2.41803,42.60764],[-2.41956,42.6123],[-2.42352,42.61514],[-2.43288,42.61717],[-2.43374,42.62886],[-2.43817,42.63469],[-2.44953,42.63618],[-2.45924,42.63394],[-2.46278,42.62822],[-2.46452,42.62732]]]}},{"type":"Feature","properties":{"mun_code":"31185","mun_name":"Ochagavía","mun_name_local":"Otsagabia","prov_code":"31","prov_name":"Navarra","acom_code":"15","acom_name":"Comunidad Foral de Navarra","geo_point_2d":{"lon":-1.0758283629799854,"lat":42.958537649719126}},"geometry":{"type":"Polygon","coordinates":[[[-1.16902,42.95003],[-1.16598,42.94896],[-1.15907,42.94993],[-1.15424,42.94884],[-1.13372,42.94914],[-1.14173,42.93521],[-1.14155,42.93377],[-1.13864,42.93308],[-1.13553,42.92986],[-1.12987,42.92882],[-1.13033,42.92636],[-1.12877,42.92532],[-1.13041,42.92055],[-1.10937,42.91922],[-1.10886,42.91602],[-1.10526,42.91434],[-1.10603,42.91157],[-1.10342,42.90791],[-1.10444,42.90419],[-1.10195,42.90152],[-1.09553,42.89776],[-1.09385,42.89747],[-1.09311,42.89904],[-1.09008,42.89836],[-1.08494,42.89532],[-1.06381,42.90643],[-1.05619,42.90331],[-1.05635,42.90154],[-1.05374,42.90059],[-1.04804,42.90174],[-1.04399,42.90854],[-1.03783,42.91159],[-1.03287,42.91035],[-1.02755,42.91127],[-1.0207,42.90731],[-1.015,42.90614],[-1.01239,42.90839],[-1.00982,42.90569],[-1.00199,42.90469],[-0.9973,42.91059],[-0.9991,42.91716],[-0.99812,42.91975],[-0.99989,42.92154],[-0.99813,42.92879],[-0.99053,42.93765],[-0.98406,42.94103],[-0.9827,42.9454],[-0.97089,42.96179],[-0.97502,42.96329],[-0.97664,42.96701],[-0.98173,42.97078],[-0.99571,42.97469],[-0.99979,42.97717],[-1.00803,42.99086],[-1.01368,42.99291],[-1.02086,42.99347],[-1.02474,42.99203],[-1.03319,42.99471],[-1.03645,42.99426],[-1.04485,42.99625],[-1.0592,42.99621],[-1.072,42.99788],[-1.07953,43.00142],[-1.08127,43.00064],[-1.08648,43.00277],[-1.08317,43.01065],[-1.0916,43.01127],[-1.09931,43.01375],[-1.11462,43.02389],[-1.12224,43.01691],[-1.1222,43.01543],[-1.12896,43.01379],[-1.13395,43.00825],[-1.14013,43.00944],[-1.14519,43.00271],[-1.14727,42.99546],[-1.14574,42.98977],[-1.14687,42.98774],[-1.15292,42.98702],[-1.15437,42.98832],[-1.15663,42.98806],[-1.15648,42.98616],[-1.16149,42.98385],[-1.16868,42.98496],[-1.1698,42.97945],[-1.16805,42.9729],[-1.165,42.96929],[-1.16685,42.9633],[-1.16883,42.96175],[-1.1701,42.95339],[-1.16902,42.95003]],[[-1.05548,42.90992],[-1.06094,42.91108],[-1.0639,42.91513],[-1.05942,42.91627],[-1.05282,42.9218],[-1.04322,42.92205],[-1.04293,42.93175],[-1.04906,42.93889],[-1.05018,42.94486],[-1.02963,42.9446],[-1.02536,42.94354],[-1.02501,42.94016],[-1.02085,42.93376],[-1.01682,42.93125],[-1.0166,42.92717],[-1.01966,42.92208],[-1.01876,42.92033],[-1.02837,42.91812],[-1.02972,42.9163],[-1.04246,42.91596],[-1.05134,42.91275],[-1.05548,42.90992]]]}},{"type":"Feature","properties":{"mun_code":"31206","mun_name":"Puente la Reina","mun_name_local":"Gares","prov_code":"31","prov_name":"Navarra","acom_code":"15","acom_name":"Comunidad Foral de Navarra","geo_point_2d":{"lon":-1.8168627277141511,"lat":42.69532205813168}},"geometry":{"type":"Polygon","coordinates":[[[-1.84386,42.73817],[-1.84441,42.73438],[-1.84236,42.73127],[-1.84551,42.72571],[-1.83936,42.71968],[-1.84209,42.71531],[-1.84176,42.71286],[-1.83643,42.71055],[-1.83536,42.70808],[-1.8424,42.70337],[-1.84296,42.70143],[-1.83881,42.69877],[-1.82985,42.69992],[-1.82558,42.69927],[-1.8229,42.69715],[-1.8209,42.69112],[-1.82283,42.6888],[-1.83149,42.6859],[-1.83218,42.68297],[-1.83008,42.68201],[-1.84204,42.67208],[-1.84343,42.6678],[-1.83828,42.66019],[-1.84163,42.65874],[-1.84741,42.66038],[-1.85013,42.65837],[-1.84235,42.65289],[-1.8401,42.6458],[-1.83349,42.64013],[-1.82915,42.64048],[-1.82937,42.63962],[-1.82467,42.63862],[-1.81917,42.63929],[-1.80854,42.63751],[-1.80564,42.64393],[-1.79955,42.64741],[-1.79623,42.65745],[-1.79973,42.66398],[-1.80174,42.67736],[-1.80641,42.68536],[-1.80253,42.6958],[-1.79331,42.70064],[-1.79061,42.70388],[-1.79238,42.70953],[-1.78734,42.71604],[-1.78924,42.7265],[-1.78358,42.73282],[-1.78494,42.73794],[-1.79252,42.74562],[-1.79673,42.74574],[-1.80824,42.74198],[-1.81662,42.74357],[-1.8216,42.74228],[-1.8264,42.73832],[-1.83036,42.73796],[-1.83556,42.74326],[-1.84389,42.73886],[-1.84386,42.73817]]]}},{"type":"Feature","properties":{"mun_code":"31064","mun_name":"Cadreita","mun_name_local":null,"prov_code":"31","prov_name":"Navarra","acom_code":"15","acom_name":"Comunidad Foral de Navarra","geo_point_2d":{"lon":-1.6849398101597983,"lat":42.22674538659031}},"geometry":{"type":"Polygon","coordinates":[[[-1.72578,42.21418],[-1.70765,42.20906],[-1.70571,42.20702],[-1.70665,42.20195],[-1.70302,42.19583],[-1.70424,42.19203],[-1.70017,42.19124],[-1.69894,42.19364],[-1.68807,42.19268],[-1.68572,42.19398],[-1.68145,42.19242],[-1.68171,42.20022],[-1.67779,42.20169],[-1.67703,42.20706],[-1.67304,42.21136],[-1.65768,42.2221],[-1.65487,42.22586],[-1.64376,42.24696],[-1.64483,42.25097],[-1.64975,42.25418],[-1.66418,42.25897],[-1.67236,42.24978],[-1.72651,42.23785],[-1.71988,42.23366],[-1.71731,42.22969],[-1.71933,42.22808],[-1.72048,42.21962],[-1.72238,42.2179],[-1.72153,42.21649],[-1.72578,42.21418]]]}},{"type":"Feature","properties":{"mun_code":"31146","mun_name":"Leache","mun_name_local":"Leatxe","prov_code":"31","prov_name":"Navarra","acom_code":"15","acom_name":"Comunidad Foral de Navarra","geo_point_2d":{"lon":-1.4127249301051066,"lat":42.61504747967804}},"geometry":{"type":"Polygon","coordinates":[[[-1.42767,42.64127],[-1.42995,42.62751],[-1.43319,42.62261],[-1.43795,42.60394],[-1.43209,42.60051],[-1.42051,42.59821],[-1.41757,42.59614],[-1.41188,42.59921],[-1.38718,42.59222],[-1.38403,42.59603],[-1.38391,42.60306],[-1.39007,42.60713],[-1.39027,42.61123],[-1.40006,42.62496],[-1.4007,42.62852],[-1.40481,42.63325],[-1.41197,42.63797],[-1.41946,42.64156],[-1.42549,42.64186],[-1.42767,42.64127]]]}},{"type":"Feature","properties":{"mun_code":"31023","mun_name":"Aranguren","mun_name_local":null,"prov_code":"31","prov_name":"Navarra","acom_code":"15","acom_name":"Comunidad Foral de Navarra","geo_point_2d":{"lon":-1.5703965336921555,"lat":42.77341248811633}},"geometry":{"type":"Polygon","coordinates":[[[-1.63334,42.77794],[-1.63264,42.77087],[-1.63131,42.76862],[-1.62751,42.76784],[-1.62364,42.75892],[-1.6053,42.7554],[-1.59058,42.75537],[-1.57199,42.75313],[-1.55573,42.74786],[-1.55018,42.7448],[-1.5389,42.74598],[-1.53438,42.75132],[-1.52701,42.75109],[-1.52203,42.75368],[-1.51775,42.75974],[-1.51855,42.76696],[-1.51605,42.775],[-1.51324,42.77964],[-1.51039,42.78114],[-1.51225,42.78491],[-1.51077,42.7875],[-1.51942,42.79122],[-1.5236,42.79455],[-1.52964,42.79458],[-1.538,42.80217],[-1.54991,42.79514],[-1.55742,42.79401],[-1.56234,42.7871],[-1.56695,42.78772],[-1.56801,42.78236],[-1.57147,42.77993],[-1.5891,42.78361],[-1.597,42.78338],[-1.60088,42.78473],[-1.6032,42.79165],[-1.60743,42.79335],[-1.60949,42.7966],[-1.60971,42.80317],[-1.61432,42.80634],[-1.61755,42.80688],[-1.62433,42.80383],[-1.62345,42.80169],[-1.62515,42.79819],[-1.62978,42.79752],[-1.62693,42.79522],[-1.62537,42.79063],[-1.63172,42.7889],[-1.62607,42.7799],[-1.63222,42.77822],[-1.63334,42.77794]]]}},{"type":"Feature","properties":{"mun_code":"31050","mun_name":"Baztan","mun_name_local":null,"prov_code":"31","prov_name":"Navarra","acom_code":"15","acom_name":"Comunidad Foral de Navarra","geo_point_2d":{"lon":-1.5061010612358707,"lat":43.159152192604644}},"geometry":{"type":"Polygon","coordinates":[[[-1.64723,43.06508],[-1.64144,43.05889],[-1.64637,43.05284],[-1.63713,43.04343],[-1.63148,43.04002],[-1.62462,43.0422],[-1.61356,43.0431],[-1.60149,43.03955],[-1.5986,43.04305],[-1.5937,43.04037],[-1.58327,43.04317],[-1.57632,43.04343],[-1.556,43.04154],[-1.55173,43.04737],[-1.54648,43.05047],[-1.54358,43.04944],[-1.53906,43.05017],[-1.53277,43.04658],[-1.53096,43.04786],[-1.52964,43.05614],[-1.52723,43.05836],[-1.52098,43.06004],[-1.52201,43.0635],[-1.51876,43.06459],[-1.51366,43.0621],[-1.50511,43.06268],[-1.49438,43.05616],[-1.49626,43.04937],[-1.49376,43.04388],[-1.50781,43.03106],[-1.49216,43.03723],[-1.48669,43.03635],[-1.48379,43.03364],[-1.47694,43.03585],[-1.47033,43.03449],[-1.47125,43.04008],[-1.46874,43.04257],[-1.45698,43.04134],[-1.45062,43.04474],[-1.45059,43.05179],[-1.44723,43.05306],[-1.47224,43.08156],[-1.47341,43.08664],[-1.47135,43.09178],[-1.46378,43.09792],[-1.4532,43.10073],[-1.44987,43.10462],[-1.44081,43.10775],[-1.44351,43.11169],[-1.439,43.11217],[-1.42734,43.11683],[-1.42683,43.12152],[-1.42381,43.12479],[-1.41408,43.1283],[-1.41484,43.13571],[-1.40999,43.14288],[-1.41615,43.1494],[-1.40882,43.15482],[-1.40219,43.15603],[-1.40397,43.16078],[-1.40223,43.1779],[-1.39132,43.18615],[-1.38244,43.18784],[-1.38141,43.18968],[-1.38505,43.19155],[-1.38666,43.19487],[-1.38286,43.1996],[-1.38525,43.20738],[-1.38426,43.21121],[-1.38075,43.21447],[-1.38448,43.22151],[-1.37836,43.2282],[-1.37859,43.23628],[-1.38432,43.25367],[-1.38814,43.2562],[-1.38959,43.2594],[-1.39833,43.26543],[-1.40449,43.26738],[-1.40696,43.27086],[-1.41365,43.27367],[-1.41732,43.27252],[-1.42045,43.26902],[-1.42691,43.26716],[-1.43783,43.26686],[-1.4538,43.2714],[-1.46165,43.27141],[-1.47716,43.2771],[-1.48225,43.28124],[-1.48255,43.28314],[-1.48406,43.28312],[-1.49115,43.28098],[-1.4912,43.27071],[-1.50158,43.26862],[-1.50737,43.25851],[-1.52198,43.26757],[-1.53038,43.27081],[-1.52806,43.2638],[-1.53709,43.25839],[-1.54016,43.25864],[-1.54658,43.25285],[-1.5561,43.25659],[-1.55559,43.28176],[-1.54963,43.2827],[-1.54968,43.28471],[-1.54109,43.2877],[-1.54203,43.28163],[-1.53624,43.27451],[-1.53144,43.27213],[-1.53325,43.2765],[-1.52183,43.28491],[-1.51511,43.294],[-1.52861,43.29276],[-1.53532,43.29467],[-1.53984,43.29193],[-1.54316,43.29286],[-1.55141,43.29232],[-1.56408,43.28878],[-1.56294,43.28451],[-1.55977,43.28379],[-1.55636,43.27938],[-1.56001,43.27521],[-1.56912,43.25567],[-1.57477,43.25047],[-1.56618,43.24553],[-1.56554,43.24235],[-1.55916,43.23847],[-1.5627,43.23618],[-1.56446,43.23215],[-1.56646,43.22397],[-1.56375,43.22096],[-1.56946,43.21356],[-1.57083,43.20858],[-1.57938,43.20883],[-1.5829,43.2056],[-1.57523,43.19314],[-1.57735,43.18817],[-1.57578,43.1813],[-1.57805,43.18024],[-1.58339,43.17008],[-1.58067,43.1691],[-1.58067,43.16439],[-1.5846,43.16022],[-1.58802,43.16001],[-1.59317,43.15581],[-1.59469,43.15185],[-1.59872,43.15122],[-1.5995,43.14871],[-1.6054,43.1465],[-1.60759,43.14241],[-1.60548,43.14236],[-1.61164,43.13814],[-1.60747,43.12917],[-1.61799,43.11443],[-1.61731,43.10617],[-1.6215,43.10069],[-1.62726,43.09755],[-1.62672,43.09634],[-1.62964,43.09321],[-1.62749,43.08389],[-1.63524,43.07565],[-1.63521,43.07046],[-1.63708,43.06703],[-1.64519,43.06643],[-1.64669,43.06515],[-1.64723,43.06508]]]}},{"type":"Feature","properties":{"mun_code":"31187","mun_name":"Oiz","mun_name_local":null,"prov_code":"31","prov_name":"Navarra","acom_code":"15","acom_name":"Comunidad Foral de Navarra","geo_point_2d":{"lon":-1.691880749443888,"lat":43.09069751679624}},"geometry":{"type":"Polygon","coordinates":[[[-1.70365,43.10895],[-1.69623,43.10402],[-1.69413,43.09653],[-1.69715,43.09221],[-1.70385,43.0728],[-1.70267,43.06848],[-1.69723,43.06738],[-1.69343,43.06028],[-1.69013,43.05836],[-1.68499,43.06158],[-1.68493,43.06714],[-1.68235,43.07349],[-1.68736,43.09317],[-1.6869,43.0998],[-1.6816,43.10455],[-1.68267,43.11142],[-1.68006,43.11673],[-1.67781,43.11734],[-1.67795,43.11909],[-1.68708,43.11856],[-1.69227,43.11979],[-1.70627,43.11278],[-1.70378,43.10919],[-1.70365,43.10895]]]}},{"type":"Feature","properties":{"mun_code":"31057","mun_name":"Buñuel","mun_name_local":null,"prov_code":"31","prov_name":"Navarra","acom_code":"15","acom_name":"Comunidad Foral de Navarra","geo_point_2d":{"lon":-1.4522915303578519,"lat":41.97301701109847}},"geometry":{"type":"Polygon","coordinates":[[[-1.51366,41.94836],[-1.49093,41.95031],[-1.47546,41.95414],[-1.45271,41.95378],[-1.44114,41.95125],[-1.42444,41.95476],[-1.42524,41.95614],[-1.42105,41.95875],[-1.4005,41.96325],[-1.38605,41.95702],[-1.38,41.95957],[-1.40209,41.97508],[-1.4086,41.98136],[-1.41991,41.98819],[-1.42558,41.99416],[-1.428,41.99932],[-1.43058,41.99979],[-1.43084,41.99461],[-1.42659,41.99393],[-1.42941,41.99177],[-1.43343,41.9926],[-1.43592,41.99399],[-1.43414,41.99388],[-1.43213,41.99603],[-1.43836,41.99533],[-1.44467,41.997],[-1.44633,41.99969],[-1.444,42.00493],[-1.44599,42.00686],[-1.45169,42.00726],[-1.45661,42.00611],[-1.4588,42.00309],[-1.45726,41.99958],[-1.4498,41.99339],[-1.45776,41.99288],[-1.46109,41.99397],[-1.47047,42.00082],[-1.48441,41.99098],[-1.49108,41.98896],[-1.48724,41.98139],[-1.50276,41.96574],[-1.51079,41.95353],[-1.51366,41.94836]]]}},{"type":"Feature","properties":{"mun_code":"31153","mun_name":"Lesaka","mun_name_local":null,"prov_code":"31","prov_name":"Navarra","acom_code":"15","acom_name":"Comunidad Foral de Navarra","geo_point_2d":{"lon":-1.7379915912429074,"lat":43.25868393906302}},"geometry":{"type":"Polygon","coordinates":[[[-1.79498,43.24693],[-1.78771,43.2462],[-1.78411,43.24061],[-1.7773,43.23767],[-1.77425,43.23816],[-1.77014,43.23541],[-1.76745,43.23158],[-1.76203,43.22879],[-1.764,43.22242],[-1.76044,43.21941],[-1.7427,43.22574],[-1.73063,43.22336],[-1.72189,43.23125],[-1.71622,43.23384],[-1.70805,43.23265],[-1.7037,43.23803],[-1.70279,43.23542],[-1.69857,43.23495],[-1.69016,43.23796],[-1.67709,43.23815],[-1.67306,43.23977],[-1.67474,43.24116],[-1.66929,43.24567],[-1.67357,43.25087],[-1.6805,43.25214],[-1.68096,43.25543],[-1.67885,43.26044],[-1.68381,43.2611],[-1.68594,43.26287],[-1.68355,43.2686],[-1.68717,43.27025],[-1.6893,43.27333],[-1.69095,43.28165],[-1.69871,43.28076],[-1.69491,43.27783],[-1.6977,43.27594],[-1.70748,43.27708],[-1.71189,43.27913],[-1.71293,43.283],[-1.71105,43.29044],[-1.72756,43.29132],[-1.72963,43.29394],[-1.73717,43.29453],[-1.73721,43.29544],[-1.75037,43.29303],[-1.75399,43.28953],[-1.75541,43.29073],[-1.76134,43.2897],[-1.76144,43.28796],[-1.7647,43.28642],[-1.77321,43.28909],[-1.78324,43.28682],[-1.78654,43.27973],[-1.79391,43.27646],[-1.79138,43.26992],[-1.7952,43.26418],[-1.79294,43.25656],[-1.79586,43.25348],[-1.7953,43.2492],[-1.79498,43.24693]]]}},{"type":"Feature","properties":{"mun_code":"31246","mun_name":"Uterga","mun_name_local":null,"prov_code":"31","prov_name":"Navarra","acom_code":"15","acom_name":"Comunidad Foral de Navarra","geo_point_2d":{"lon":-1.752625729355302,"lat":42.71467864956987}},"geometry":{"type":"Polygon","coordinates":[[[-1.77953,42.69659],[-1.77784,42.69489],[-1.77451,42.69892],[-1.77152,42.69915],[-1.76865,42.6977],[-1.76625,42.69928],[-1.7559,42.69555],[-1.74916,42.70408],[-1.73999,42.71158],[-1.73616,42.71402],[-1.72396,42.71645],[-1.72978,42.7219],[-1.72708,42.72352],[-1.72711,42.72509],[-1.73487,42.72648],[-1.74476,42.72573],[-1.74903,42.72772],[-1.75298,42.73374],[-1.76355,42.73413],[-1.75895,42.72584],[-1.76299,42.7212],[-1.76649,42.71989],[-1.76654,42.71302],[-1.77676,42.70007],[-1.77953,42.69659]]]}},{"type":"Feature","properties":{"mun_code":"53061","mun_name":"Mancomunidad de Beunza y Juarbe","mun_name_local":null,"prov_code":"31","prov_name":"Navarra","acom_code":"15","acom_name":"Comunidad Foral de Navarra","geo_point_2d":{"lon":-1.729732117668465,"lat":42.98134160447556}},"geometry":{"type":"Polygon","coordinates":[[[-1.74301,42.97947],[-1.73002,42.97823],[-1.71659,42.98131],[-1.72411,42.98419],[-1.73097,42.98487],[-1.73557,42.98221],[-1.74305,42.98171],[-1.74301,42.97947]]]}},{"type":"Feature","properties":{"mun_code":"31184","mun_name":"Oco","mun_name_local":null,"prov_code":"31","prov_name":"Navarra","acom_code":"15","acom_name":"Comunidad Foral de Navarra","geo_point_2d":{"lon":-2.1629096756544715,"lat":42.63833118477019}},"geometry":{"type":"Polygon","coordinates":[[[-2.17641,42.63092],[-2.175,42.63105],[-2.17152,42.62645],[-2.16145,42.62958],[-2.15826,42.63129],[-2.15868,42.63321],[-2.1536,42.63283],[-2.15082,42.63639],[-2.15358,42.64027],[-2.15429,42.64863],[-2.16197,42.65093],[-2.16238,42.65401],[-2.16305,42.64769],[-2.167,42.6439],[-2.17213,42.64247],[-2.17374,42.6318],[-2.17694,42.63205],[-2.17641,42.63092]]]}},{"type":"Feature","properties":{"mun_code":"31195","mun_name":"Orbaizeta","mun_name_local":null,"prov_code":"31","prov_name":"Navarra","acom_code":"15","acom_name":"Comunidad Foral de Navarra","geo_point_2d":{"lon":-1.2140061827045592,"lat":43.00749438820122}},"geometry":{"type":"Polygon","coordinates":[[[-1.30187,42.99419],[-1.29672,42.99434],[-1.292,42.99045],[-1.28314,42.98885],[-1.2805,42.98722],[-1.27173,42.99112],[-1.26707,42.99061],[-1.26275,42.99217],[-1.2487,42.99317],[-1.24798,42.98614],[-1.24434,42.9847],[-1.24163,42.98074],[-1.23984,42.97424],[-1.23498,42.96965],[-1.23056,42.96831],[-1.22558,42.96242],[-1.22178,42.96517],[-1.2189,42.97125],[-1.20076,42.97964],[-1.20409,42.97519],[-1.19655,42.9718],[-1.19566,42.96666],[-1.1859,42.9608],[-1.18342,42.95529],[-1.18534,42.9523],[-1.17335,42.95135],[-1.17217,42.95231],[-1.17178,42.95089],[-1.16902,42.95003],[-1.1701,42.9537],[-1.16826,42.95843],[-1.16895,42.96127],[-1.165,42.96929],[-1.16805,42.9729],[-1.16963,42.98338],[-1.16836,42.98514],[-1.15987,42.98424],[-1.15508,42.98836],[-1.15292,42.98702],[-1.14687,42.98774],[-1.14574,42.98977],[-1.14727,42.99546],[-1.14519,43.00271],[-1.14186,43.00737],[-1.14455,43.01346],[-1.1444,43.02375],[-1.1456,43.02582],[-1.1465,43.02517],[-1.15208,43.02747],[-1.15283,43.029],[-1.16021,43.03157],[-1.16298,43.03422],[-1.17437,43.03731],[-1.1753,43.0344],[-1.18117,43.03225],[-1.19934,43.04288],[-1.20743,43.04603],[-1.21172,43.04915],[-1.21259,43.05169],[-1.22923,43.05569],[-1.24002,43.04707],[-1.24779,43.04286],[-1.26358,43.04464],[-1.26457,43.03954],[-1.28899,43.03544],[-1.2946,43.0305],[-1.29525,43.02731],[-1.29044,43.02777],[-1.28537,43.03225],[-1.27715,43.03091],[-1.2717,43.0277],[-1.26827,43.02758],[-1.26361,43.02239],[-1.26372,43.02007],[-1.26698,43.01745],[-1.27686,43.01693],[-1.27959,43.01551],[-1.28168,43.01415],[-1.28043,43.0113],[-1.28597,43.01169],[-1.28978,43.00983],[-1.29224,43.00323],[-1.29888,43.00005],[-1.30158,42.99729],[-1.30097,42.99588],[-1.30187,42.99419]]]}},{"type":"Feature","properties":{"mun_code":"31165","mun_name":"Mendavia","mun_name_local":null,"prov_code":"31","prov_name":"Navarra","acom_code":"15","acom_name":"Comunidad Foral de Navarra","geo_point_2d":{"lon":-2.1962047192093737,"lat":42.45255585744532}},"geometry":{"type":"Polygon","coordinates":[[[-2.28801,42.46736],[-2.28722,42.46048],[-2.27877,42.45533],[-2.27639,42.44667],[-2.27101,42.4453],[-2.26527,42.44943],[-2.26259,42.44946],[-2.24096,42.44183],[-2.23607,42.43731],[-2.23497,42.42615],[-2.22085,42.42558],[-2.21208,42.42135],[-2.21215,42.41951],[-2.21651,42.416],[-2.20755,42.41473],[-2.1989,42.4192],[-2.195,42.41955],[-2.19142,42.41796],[-2.18611,42.41877],[-2.18211,42.4164],[-2.17872,42.40955],[-2.17504,42.40777],[-2.15984,42.40942],[-2.15755,42.41114],[-2.15672,42.41611],[-2.15326,42.41825],[-2.15004,42.4185],[-2.14799,42.41607],[-2.13968,42.42056],[-2.13297,42.42119],[-2.12978,42.42747],[-2.13081,42.43175],[-2.12931,42.4389],[-2.12706,42.44184],[-2.1185,42.44697],[-2.12718,42.45518],[-2.13623,42.47081],[-2.14626,42.48217],[-2.1493,42.47951],[-2.15676,42.48205],[-2.16216,42.48839],[-2.17827,42.48913],[-2.19788,42.49538],[-2.20792,42.48043],[-2.2155,42.47452],[-2.22238,42.47173],[-2.23061,42.47207],[-2.24058,42.47736],[-2.25488,42.47922],[-2.27903,42.48618],[-2.28459,42.47109],[-2.28802,42.4679],[-2.28801,42.46736]]]}},{"type":"Feature","properties":{"mun_code":"31121","mun_name":"Guirguillano","mun_name_local":null,"prov_code":"31","prov_name":"Navarra","acom_code":"15","acom_name":"Comunidad Foral de Navarra","geo_point_2d":{"lon":-1.8644656394636108,"lat":42.720705112829805}},"geometry":{"type":"Polygon","coordinates":[[[-1.89078,42.71003],[-1.8868,42.70937],[-1.8832,42.69769],[-1.87611,42.69352],[-1.8755,42.69112],[-1.86217,42.6843],[-1.85879,42.68457],[-1.85508,42.6877],[-1.85556,42.69007],[-1.85048,42.69504],[-1.84039,42.69698],[-1.83792,42.69868],[-1.84189,42.69987],[-1.84317,42.702],[-1.83536,42.70808],[-1.83643,42.71055],[-1.84176,42.71286],[-1.84209,42.71531],[-1.83936,42.71968],[-1.84567,42.72631],[-1.84236,42.73127],[-1.84498,42.73844],[-1.84359,42.74382],[-1.85238,42.75453],[-1.85835,42.75588],[-1.86502,42.76027],[-1.86686,42.76001],[-1.86887,42.7552],[-1.87117,42.7542],[-1.87196,42.74987],[-1.8818,42.73604],[-1.88346,42.73722],[-1.88725,42.73378],[-1.88989,42.7352],[-1.89485,42.73168],[-1.89244,42.72697],[-1.89042,42.71084],[-1.89078,42.71003]]]}},{"type":"Feature","properties":{"mun_code":"31115","mun_name":"Garralda","mun_name_local":null,"prov_code":"31","prov_name":"Navarra","acom_code":"15","acom_name":"Comunidad Foral de Navarra","geo_point_2d":{"lon":-1.3046020327016272,"lat":42.95551227793212}},"geometry":{"type":"Polygon","coordinates":[[[-1.33537,42.94796],[-1.33265,42.93936],[-1.32344,42.93275],[-1.31959,42.93163],[-1.31482,42.93327],[-1.30739,42.93352],[-1.3,42.92944],[-1.29328,42.92777],[-1.28748,42.92377],[-1.28594,42.92451],[-1.28627,42.92939],[-1.28325,42.9335],[-1.28618,42.9362],[-1.27764,42.93793],[-1.27792,42.94048],[-1.27499,42.94196],[-1.27667,42.94433],[-1.27412,42.94647],[-1.27827,42.94778],[-1.27729,42.9565],[-1.29215,42.96167],[-1.29346,42.96833],[-1.28801,42.97306],[-1.2873,42.97931],[-1.29074,42.98174],[-1.28707,42.98599],[-1.29672,42.99434],[-1.30187,42.99419],[-1.30631,42.99189],[-1.3044,42.98494],[-1.31171,42.97904],[-1.31473,42.97218],[-1.31801,42.97242],[-1.31887,42.97116],[-1.32074,42.97447],[-1.32866,42.96719],[-1.32762,42.96041],[-1.3333,42.95468],[-1.33474,42.94879],[-1.33537,42.94796]]]}},{"type":"Feature","properties":{"mun_code":"31079","mun_name":"Desojo","mun_name_local":null,"prov_code":"31","prov_name":"Navarra","acom_code":"15","acom_name":"Comunidad Foral de Navarra","geo_point_2d":{"lon":-2.2671431737189036,"lat":42.58758120828277}},"geometry":{"type":"Polygon","coordinates":[[[-2.29495,42.57925],[-2.29203,42.58008],[-2.27949,42.5766],[-2.27183,42.57019],[-2.26431,42.56923],[-2.24789,42.57028],[-2.23572,42.56751],[-2.2423,42.5831],[-2.24099,42.58562],[-2.24784,42.59107],[-2.24904,42.5956],[-2.25161,42.59789],[-2.25526,42.59737],[-2.2617,42.60586],[-2.26443,42.60295],[-2.26804,42.60248],[-2.27246,42.6052],[-2.27247,42.60917],[-2.27639,42.61084],[-2.27586,42.61377],[-2.27913,42.61465],[-2.28486,42.61522],[-2.28265,42.60865],[-2.2855,42.60424],[-2.28579,42.59524],[-2.29039,42.59646],[-2.29517,42.58103],[-2.29495,42.57925]]]}},{"type":"Feature","properties":{"mun_code":"31138","mun_name":"Lakuntza","mun_name_local":null,"prov_code":"31","prov_name":"Navarra","acom_code":"15","acom_name":"Comunidad Foral de Navarra","geo_point_2d":{"lon":-2.017306713775166,"lat":42.934169366797455}},"geometry":{"type":"MultiPolygon","coordinates":[[[[-2.01015,42.95662],[-2.01716,42.95725],[-2.02746,42.96536],[-2.02563,42.95864],[-2.02957,42.95041],[-2.02853,42.94916],[-2.03177,42.93712],[-2.03402,42.93314],[-2.04018,42.93014],[-2.0409,42.92805],[-2.03769,42.9281],[-2.0351,42.91991],[-2.02877,42.91253],[-2.01011,42.90994],[-2.00622,42.90631],[-2.00593,42.91122],[-2.00814,42.91097],[-2.01444,42.91775],[-2.01205,42.92022],[-2.01149,42.9259],[-2.00921,42.92579],[-2.00711,42.92754],[-2.01327,42.93431],[-2.01736,42.93624],[-2.0179,42.93879],[-2.016,42.93968],[-2.01473,42.94845],[-2.00958,42.94784],[-2.01018,42.956],[-2.01015,42.95662]]],[[[-1.99018,42.92851],[-1.99374,42.94086],[-1.99289,42.94776],[-2.00497,42.94821],[-2.00538,42.93924],[-2.00794,42.93772],[-2.00511,42.93058],[-2.0031,42.93096],[-2.00082,42.9287],[-1.99061,42.92826],[-1.99018,42.92851]]]]}},{"type":"Feature","properties":{"mun_code":"53064","mun_name":"Facería de Ezcabarte y otros","mun_name_local":null,"prov_code":"31","prov_name":"Navarra","acom_code":"15","acom_name":"Comunidad Foral de Navarra","geo_point_2d":{"lon":-1.6709938859656839,"lat":42.86261312197305}},"geometry":{"type":"Polygon","coordinates":[[[-1.66974,42.86408],[-1.67634,42.86468],[-1.66946,42.86003],[-1.6668,42.86235],[-1.66821,42.86396],[-1.66974,42.86408]]]}},{"type":"Feature","properties":{"mun_code":"31166","mun_name":"Mendaza","mun_name_local":null,"prov_code":"31","prov_name":"Navarra","acom_code":"15","acom_name":"Comunidad Foral de Navarra","geo_point_2d":{"lon":-2.2477738680673203,"lat":42.65424061437636}},"geometry":{"type":"Polygon","coordinates":[[[-2.2884,42.65289],[-2.255,42.64004],[-2.25661,42.63142],[-2.26269,42.6281],[-2.26964,42.62696],[-2.27053,42.62196],[-2.27245,42.61967],[-2.27447,42.61999],[-2.27598,42.61578],[-2.27234,42.61115],[-2.27246,42.6052],[-2.26804,42.60248],[-2.26443,42.60295],[-2.2617,42.60586],[-2.25526,42.59737],[-2.25043,42.60116],[-2.25586,42.60606],[-2.2549,42.60924],[-2.25746,42.61024],[-2.25529,42.61795],[-2.25955,42.62367],[-2.25646,42.62715],[-2.24398,42.62619],[-2.24432,42.62352],[-2.23637,42.62173],[-2.22262,42.64377],[-2.22062,42.64341],[-2.21663,42.65621],[-2.21809,42.65755],[-2.21617,42.66061],[-2.2125,42.66306],[-2.20745,42.66133],[-2.20961,42.66219],[-2.20667,42.66527],[-2.20872,42.67409],[-2.21867,42.68342],[-2.22783,42.6847],[-2.23255,42.68822],[-2.23988,42.68571],[-2.24147,42.68232],[-2.24329,42.68208],[-2.25109,42.68635],[-2.2522,42.68966],[-2.26329,42.68871],[-2.26379,42.68612],[-2.26115,42.68412],[-2.26285,42.68123],[-2.26602,42.68083],[-2.27142,42.68532],[-2.27577,42.68177],[-2.27623,42.68011],[-2.27441,42.67856],[-2.26784,42.6767],[-2.27138,42.67343],[-2.26767,42.67141],[-2.27248,42.66805],[-2.27663,42.66769],[-2.28428,42.66282],[-2.28794,42.66223],[-2.28688,42.65424],[-2.2884,42.65289]]]}},{"type":"Feature","properties":{"mun_code":"31026","mun_name":"Aras","mun_name_local":null,"prov_code":"31","prov_name":"Navarra","acom_code":"15","acom_name":"Comunidad Foral de Navarra","geo_point_2d":{"lon":-2.3592127570690993,"lat":42.56659961122768}},"geometry":{"type":"Polygon","coordinates":[[[-2.38916,42.59062],[-2.38559,42.58432],[-2.37753,42.54548],[-2.34715,42.54474],[-2.34282,42.54965],[-2.32734,42.55451],[-2.33402,42.57635],[-2.33798,42.58054],[-2.34788,42.58101],[-2.35944,42.58366],[-2.36241,42.58848],[-2.38284,42.59028],[-2.38916,42.59062]]]}},{"type":"Feature","properties":{"mun_code":"31041","mun_name":"Ayegui","mun_name_local":"Aiegi","prov_code":"31","prov_name":"Navarra","acom_code":"15","acom_name":"Comunidad Foral de Navarra","geo_point_2d":{"lon":-2.0469966327581126,"lat":42.648757872678054}},"geometry":{"type":"Polygon","coordinates":[[[-2.07046,42.65762],[-2.06655,42.65587],[-2.05331,42.62874],[-2.04836,42.62805],[-2.04418,42.63082],[-2.03999,42.63052],[-2.03654,42.63205],[-2.02549,42.64287],[-2.03177,42.64637],[-2.03018,42.649],[-2.03258,42.64981],[-2.02914,42.65549],[-2.03283,42.65735],[-2.03717,42.66378],[-2.04243,42.66639],[-2.04348,42.66853],[-2.05738,42.66507],[-2.06118,42.66123],[-2.06584,42.66011],[-2.07046,42.65762]]]}},{"type":"Feature","properties":{"mun_code":"31252","mun_name":"Vidángoz","mun_name_local":"Bidankoze","prov_code":"31","prov_name":"Navarra","acom_code":"15","acom_name":"Comunidad Foral de Navarra","geo_point_2d":{"lon":-1.0077954031534808,"lat":42.816794658628694}},"geometry":{"type":"Polygon","coordinates":[[[-1.04185,42.79989],[-1.04155,42.79209],[-1.03817,42.78255],[-1.02943,42.7796],[-1.03096,42.77672],[-1.01747,42.76948],[-1.01321,42.7689],[-0.99497,42.77117],[-0.98602,42.77751],[-0.98518,42.78926],[-0.97954,42.79905],[-0.98303,42.80389],[-0.98546,42.81313],[-0.99115,42.82316],[-0.99263,42.83339],[-0.99076,42.83667],[-0.98432,42.84024],[-0.98479,42.84468],[-0.98232,42.84546],[-0.98511,42.85276],[-0.98481,42.85631],[-0.97537,42.86585],[-0.9807,42.86946],[-0.99488,42.87275],[-1.00565,42.87143],[-1.01277,42.87391],[-1.01775,42.86196],[-1.01389,42.85555],[-1.01438,42.84842],[-1.02456,42.84289],[-1.02354,42.83978],[-1.02682,42.83742],[-1.0306,42.81624],[-1.03451,42.81153],[-1.03994,42.81004],[-1.04082,42.80101],[-1.04185,42.79989]]]}},{"type":"Feature","properties":{"mun_code":"31177","mun_name":"Murieta","mun_name_local":null,"prov_code":"31","prov_name":"Navarra","acom_code":"15","acom_name":"Comunidad Foral de Navarra","geo_point_2d":{"lon":-2.1508482493828835,"lat":42.661060422165896}},"geometry":{"type":"Polygon","coordinates":[[[-2.16589,42.67072],[-2.16048,42.66545],[-2.16387,42.65722],[-2.16135,42.65303],[-2.16227,42.65137],[-2.15459,42.64904],[-2.15388,42.64656],[-2.15021,42.65247],[-2.14312,42.65457],[-2.14162,42.6531],[-2.14009,42.65544],[-2.1337,42.65482],[-2.12769,42.65587],[-2.13233,42.65758],[-2.14118,42.66736],[-2.1449,42.66932],[-2.15666,42.67281],[-2.16517,42.6722],[-2.16589,42.67072]]]}},{"type":"Feature","properties":{"mun_code":"31094","mun_name":"Eslava","mun_name_local":null,"prov_code":"31","prov_name":"Navarra","acom_code":"15","acom_name":"Comunidad Foral de Navarra","geo_point_2d":{"lon":-1.4606891117822112,"lat":42.56731113936363}},"geometry":{"type":"Polygon","coordinates":[[[-1.5059,42.59749],[-1.48014,42.57532],[-1.4759,42.57509],[-1.4741,42.56615],[-1.47539,42.56399],[-1.47464,42.5546],[-1.46249,42.54809],[-1.46449,42.53486],[-1.44529,42.53103],[-1.44188,42.54562],[-1.43474,42.55449],[-1.43666,42.56997],[-1.43564,42.57428],[-1.43742,42.58088],[-1.45098,42.58332],[-1.45404,42.58487],[-1.45369,42.58613],[-1.46576,42.58955],[-1.46986,42.59306],[-1.47745,42.59318],[-1.48659,42.59627],[-1.50098,42.59615],[-1.50525,42.59803],[-1.5059,42.59749]]]}},{"type":"Feature","properties":{"mun_code":"31157","mun_name":"Lodosa","mun_name_local":null,"prov_code":"31","prov_name":"Navarra","acom_code":"15","acom_name":"Comunidad Foral de Navarra","geo_point_2d":{"lon":-2.0757431085835236,"lat":42.404337752782595}},"geometry":{"type":"Polygon","coordinates":[[[-2.11125,42.41955],[-2.10508,42.41594],[-2.11551,42.39908],[-2.10943,42.39318],[-2.08912,42.38499],[-2.08755,42.38362],[-2.09281,42.37582],[-2.07864,42.36813],[-2.08965,42.35673],[-2.08996,42.34697],[-2.06998,42.34252],[-2.06179,42.3476],[-2.05175,42.35119],[-2.04588,42.35619],[-2.0456,42.35903],[-2.05383,42.35903],[-2.057,42.36085],[-2.05707,42.37356],[-2.05997,42.37796],[-2.06787,42.38166],[-2.06441,42.38963],[-2.05618,42.40009],[-2.04173,42.40801],[-2.03234,42.41016],[-2.02568,42.41762],[-2.04826,42.42769],[-2.05013,42.43039],[-2.04976,42.43869],[-2.05521,42.44487],[-2.07651,42.44923],[-2.08587,42.4549],[-2.09036,42.44394],[-2.10292,42.44787],[-2.10611,42.44434],[-2.10891,42.43286],[-2.10573,42.42085],[-2.10933,42.42],[-2.11125,42.41955]]]}},{"type":"Feature","properties":{"mun_code":"31106","mun_name":"Fontellas","mun_name_local":null,"prov_code":"31","prov_name":"Navarra","acom_code":"15","acom_name":"Comunidad Foral de Navarra","geo_point_2d":{"lon":-1.569049733142097,"lat":42.00918731008937}},"geometry":{"type":"Polygon","coordinates":[[[-1.6072,42.01405],[-1.60142,42.01235],[-1.59353,41.99869],[-1.58495,41.99425],[-1.57715,41.98557],[-1.56484,41.98321],[-1.55669,41.98447],[-1.55055,41.98379],[-1.54521,41.98576],[-1.54387,41.98844],[-1.54089,41.99582],[-1.53911,42.01257],[-1.53245,42.02028],[-1.53916,42.01979],[-1.5478,42.02191],[-1.56015,42.02216],[-1.56133,42.0249],[-1.55501,42.03071],[-1.5707,42.03883],[-1.57511,42.03645],[-1.57703,42.0374],[-1.57884,42.03349],[-1.58517,42.03166],[-1.58315,42.02606],[-1.59766,42.02441],[-1.606,42.019],[-1.606,42.0167],[-1.6072,42.01405]]]}},{"type":"Feature","properties":{"mun_code":"31099","mun_name":"Etayo","mun_name_local":null,"prov_code":"31","prov_name":"Navarra","acom_code":"15","acom_name":"Comunidad Foral de Navarra","geo_point_2d":{"lon":-2.1732839239027517,"lat":42.61223968822443}},"geometry":{"type":"Polygon","coordinates":[[[-2.20215,42.58922],[-2.1906,42.58869],[-2.18993,42.59169],[-2.18312,42.60049],[-2.1776,42.60362],[-2.17231,42.60486],[-2.17103,42.60182],[-2.15944,42.60156],[-2.15385,42.60186],[-2.14929,42.60443],[-2.14311,42.60394],[-2.14113,42.60932],[-2.15284,42.6258],[-2.15072,42.63153],[-2.15868,42.63321],[-2.15826,42.63129],[-2.16145,42.62958],[-2.17152,42.62645],[-2.175,42.63105],[-2.17641,42.63092],[-2.18214,42.62728],[-2.19049,42.62479],[-2.19115,42.62083],[-2.1939,42.61863],[-2.19291,42.61231],[-2.19714,42.61294],[-2.19878,42.61128],[-2.20261,42.59342],[-2.20215,42.58922]]]}},{"type":"Feature","properties":{"mun_code":"31048","mun_name":"Barillas","mun_name_local":null,"prov_code":"31","prov_name":"Navarra","acom_code":"15","acom_name":"Comunidad Foral de Navarra","geo_point_2d":{"lon":-1.6626632405730841,"lat":41.97110402994231}},"geometry":{"type":"Polygon","coordinates":[[[-1.67632,41.97212],[-1.67607,41.96647],[-1.66454,41.96243],[-1.66364,41.95999],[-1.65818,41.96037],[-1.65936,41.96262],[-1.65399,41.96594],[-1.65728,41.97141],[-1.65037,41.97552],[-1.65117,41.97915],[-1.64994,41.98031],[-1.6536,41.98204],[-1.66163,41.97858],[-1.6622,41.9764],[-1.66684,41.9788],[-1.66946,41.97742],[-1.66902,41.9759],[-1.67315,41.97151],[-1.67593,41.97166],[-1.67632,41.97212]]]}},{"type":"Feature","properties":{"mun_code":"31049","mun_name":"Basaburua","mun_name_local":null,"prov_code":"31","prov_name":"Navarra","acom_code":"15","acom_name":"Comunidad Foral de Navarra","geo_point_2d":{"lon":-1.805603922524049,"lat":43.02624255322866}},"geometry":{"type":"Polygon","coordinates":[[[-1.87693,43.05577],[-1.86754,43.0483],[-1.87294,43.03976],[-1.86172,43.03505],[-1.85419,43.03355],[-1.84584,43.02624],[-1.84655,43.02208],[-1.83179,43.01525],[-1.83375,43.00894],[-1.84352,43.00004],[-1.8412,42.98705],[-1.84587,42.98553],[-1.82461,42.96652],[-1.81507,42.96462],[-1.81228,42.96527],[-1.81403,42.97493],[-1.81297,42.97716],[-1.80618,42.97593],[-1.79379,42.98],[-1.78527,42.98657],[-1.77031,42.98385],[-1.76868,42.97816],[-1.76066,42.97742],[-1.75691,42.9787],[-1.75898,42.9842],[-1.75505,43.00069],[-1.74992,43.00694],[-1.74901,43.01444],[-1.74884,43.02107],[-1.75169,43.03298],[-1.73416,43.05193],[-1.73067,43.05213],[-1.72886,43.05478],[-1.73472,43.05836],[-1.74115,43.05907],[-1.75421,43.05531],[-1.76216,43.05546],[-1.76243,43.05937],[-1.76565,43.06154],[-1.77316,43.06227],[-1.77939,43.05985],[-1.79148,43.06143],[-1.7961,43.05916],[-1.79825,43.05634],[-1.80715,43.06175],[-1.81213,43.063],[-1.81431,43.07015],[-1.82829,43.0641],[-1.83238,43.06474],[-1.8327,43.06961],[-1.83607,43.06939],[-1.86619,43.08052],[-1.8753,43.06785],[-1.87496,43.06418],[-1.87693,43.05577]]]}},{"type":"Feature","properties":{"mun_code":"31007","mun_name":"Adiós","mun_name_local":null,"prov_code":"31","prov_name":"Navarra","acom_code":"15","acom_name":"Comunidad Foral de Navarra","geo_point_2d":{"lon":-1.7356876463951527,"lat":42.69396384355331}},"geometry":{"type":"Polygon","coordinates":[[[-1.75323,42.67622],[-1.73847,42.6762],[-1.73555,42.67941],[-1.72192,42.68421],[-1.7203,42.68754],[-1.72637,42.69673],[-1.72418,42.70078],[-1.71916,42.70465],[-1.71918,42.7173],[-1.73292,42.71099],[-1.7385,42.7098],[-1.74592,42.70084],[-1.74381,42.6952],[-1.74706,42.68953],[-1.75673,42.68399],[-1.75614,42.67853],[-1.75386,42.67658],[-1.75323,42.67622]]]}},{"type":"Feature","properties":{"mun_code":"31154","mun_name":"Lezaun","mun_name_local":null,"prov_code":"31","prov_name":"Navarra","acom_code":"15","acom_name":"Comunidad Foral de Navarra","geo_point_2d":{"lon":-2.0074268823993298,"lat":42.79343550544235}},"geometry":{"type":"Polygon","coordinates":[[[-2.03739,42.78805],[-2.0377,42.78431],[-2.03308,42.7813],[-2.02812,42.78182],[-2.02585,42.77931],[-2.02595,42.77651],[-2.01129,42.77896],[-2.01031,42.77436],[-2.0069,42.77243],[-2.00099,42.7719],[-1.99797,42.76192],[-1.99021,42.75808],[-1.98715,42.75789],[-1.98932,42.77117],[-1.98803,42.77652],[-1.98506,42.77805],[-1.98093,42.77653],[-1.97494,42.77828],[-1.97828,42.78147],[-1.98556,42.7836],[-1.98533,42.79543],[-1.98733,42.79779],[-1.99014,42.81171],[-1.99477,42.81665],[-2.00443,42.82013],[-2.01189,42.82078],[-2.01727,42.82074],[-2.02121,42.81778],[-2.0241,42.81747],[-2.02334,42.80906],[-2.03034,42.80875],[-2.03361,42.80651],[-2.0345,42.79129],[-2.03612,42.78899],[-2.03739,42.78805]]]}},{"type":"Feature","properties":{"mun_code":"31903","mun_name":"Berriozar","mun_name_local":null,"prov_code":"31","prov_name":"Navarra","acom_code":"15","acom_name":"Comunidad Foral de Navarra","geo_point_2d":{"lon":-1.6697696576791008,"lat":42.8431570078745}},"geometry":{"type":"Polygon","coordinates":[[[-1.6804,42.83807],[-1.66991,42.83063],[-1.66581,42.83344],[-1.6671,42.83477],[-1.66296,42.83948],[-1.66226,42.84489],[-1.65857,42.84896],[-1.659,42.85044],[-1.66875,42.85475],[-1.67118,42.85419],[-1.6802,42.83849],[-1.6804,42.83807]]]}},{"type":"Feature","properties":{"mun_code":"31208","mun_name":"Ribaforada","mun_name_local":null,"prov_code":"31","prov_name":"Navarra","acom_code":"15","acom_name":"Comunidad Foral de Navarra","geo_point_2d":{"lon":-1.5208943674294302,"lat":41.98111384418221}},"geometry":{"type":"Polygon","coordinates":[[[-1.54521,41.98576],[-1.54256,41.97714],[-1.53796,41.97109],[-1.55103,41.96183],[-1.55574,41.95655],[-1.55581,41.95327],[-1.55298,41.95085],[-1.53236,41.94766],[-1.51771,41.94165],[-1.50276,41.96574],[-1.48724,41.98139],[-1.49108,41.98896],[-1.4867,42.00111],[-1.48202,42.00552],[-1.49061,42.00756],[-1.495,42.00744],[-1.49988,42.00551],[-1.50586,42.00623],[-1.5169,42.01518],[-1.51861,42.01155],[-1.52771,42.02166],[-1.53245,42.02028],[-1.53911,42.01257],[-1.54089,41.99582],[-1.54387,41.98844],[-1.54521,41.98576]],[[-1.50057,41.99711],[-1.50261,41.99878],[-1.49909,42.00354],[-1.49506,42.00448],[-1.49046,42.00383],[-1.49528,41.99865],[-1.49946,41.99721],[-1.50057,41.99711]]]}},{"type":"Feature","properties":{"mun_code":"31149","mun_name":"Leitza","mun_name_local":null,"prov_code":"31","prov_name":"Navarra","acom_code":"15","acom_name":"Comunidad Foral de Navarra","geo_point_2d":{"lon":-1.893072883723008,"lat":43.10302137518196}},"geometry":{"type":"Polygon","coordinates":[[[-1.94753,43.09753],[-1.94508,43.09533],[-1.94163,43.09537],[-1.94128,43.09105],[-1.93947,43.08958],[-1.93524,43.08876],[-1.93356,43.07781],[-1.93086,43.07229],[-1.93214,43.06512],[-1.92975,43.05897],[-1.91788,43.0562],[-1.91228,43.05212],[-1.90747,43.0508],[-1.88628,43.05149],[-1.88251,43.05433],[-1.87693,43.05577],[-1.8753,43.06785],[-1.86619,43.08052],[-1.86645,43.0934],[-1.86469,43.09585],[-1.86473,43.10193],[-1.85462,43.1111],[-1.85178,43.11927],[-1.85294,43.12324],[-1.85009,43.12338],[-1.85061,43.13026],[-1.84718,43.13116],[-1.84964,43.13626],[-1.84436,43.13993],[-1.84833,43.14071],[-1.85149,43.14552],[-1.85468,43.14694],[-1.8521,43.14822],[-1.85098,43.15252],[-1.84764,43.15381],[-1.8516,43.15499],[-1.84982,43.15785],[-1.85365,43.16375],[-1.85707,43.16579],[-1.86047,43.16552],[-1.86286,43.16304],[-1.86368,43.15632],[-1.86788,43.15654],[-1.87,43.15417],[-1.87268,43.15385],[-1.87271,43.15499],[-1.87614,43.15374],[-1.87778,43.1526],[-1.87731,43.15056],[-1.88312,43.14968],[-1.88366,43.14803],[-1.8889,43.1483],[-1.898,43.14144],[-1.90285,43.14072],[-1.90222,43.13551],[-1.91634,43.128],[-1.92128,43.12266],[-1.92061,43.11946],[-1.92367,43.11545],[-1.93127,43.1137],[-1.93365,43.11035],[-1.9394,43.1084],[-1.93825,43.1058],[-1.94862,43.0999],[-1.94779,43.0978],[-1.94753,43.09753]]]}},{"type":"Feature","properties":{"mun_code":"31056","mun_name":"Biurrun-Olcoz","mun_name_local":null,"prov_code":"31","prov_name":"Navarra","acom_code":"15","acom_name":"Comunidad Foral de Navarra","geo_point_2d":{"lon":-1.6776265624470132,"lat":42.67722801472744}},"geometry":{"type":"Polygon","coordinates":[[[-1.69972,42.66618],[-1.69348,42.66349],[-1.69309,42.66023],[-1.68806,42.66079],[-1.68441,42.65613],[-1.68333,42.65134],[-1.68629,42.64523],[-1.68065,42.62919],[-1.67158,42.63379],[-1.67265,42.63997],[-1.66399,42.64863],[-1.67492,42.67269],[-1.67976,42.67592],[-1.67567,42.67879],[-1.67121,42.67775],[-1.65926,42.67974],[-1.65007,42.69141],[-1.65376,42.69321],[-1.65325,42.69466],[-1.65537,42.69677],[-1.66833,42.70351],[-1.67092,42.70468],[-1.67367,42.7018],[-1.68596,42.7078],[-1.68884,42.71148],[-1.69867,42.70881],[-1.69922,42.70299],[-1.69762,42.69975],[-1.69979,42.69492],[-1.68586,42.68506],[-1.68531,42.68073],[-1.68168,42.67571],[-1.68904,42.66864],[-1.69759,42.66816],[-1.69899,42.66672],[-1.69972,42.66618]]]}},{"type":"Feature","properties":{"mun_code":"31022","mun_name":"Arantza","mun_name_local":null,"prov_code":"31","prov_name":"Navarra","acom_code":"15","acom_name":"Comunidad Foral de Navarra","geo_point_2d":{"lon":-1.739617330773109,"lat":43.191424534840664}},"geometry":{"type":"Polygon","coordinates":[[[-1.76555,43.1622],[-1.75001,43.1542],[-1.72573,43.16138],[-1.72353,43.16821],[-1.71475,43.18322],[-1.70062,43.19115],[-1.69523,43.19239],[-1.70277,43.20012],[-1.70483,43.20464],[-1.70396,43.20739],[-1.71247,43.21162],[-1.71517,43.21562],[-1.72039,43.21689],[-1.72565,43.22342],[-1.73028,43.22317],[-1.7427,43.22574],[-1.76085,43.21905],[-1.76568,43.20098],[-1.77175,43.1933],[-1.7762,43.19013],[-1.77884,43.18494],[-1.76728,43.17731],[-1.7653,43.16293],[-1.76555,43.1622]]]}},{"type":"Feature","properties":{"mun_code":"31038","mun_name":"Artajona","mun_name_local":null,"prov_code":"31","prov_name":"Navarra","acom_code":"15","acom_name":"Comunidad Foral de Navarra","geo_point_2d":{"lon":-1.7592965306798705,"lat":42.582781084980724}},"geometry":{"type":"Polygon","coordinates":[[[-1.81728,42.58992],[-1.81214,42.57973],[-1.81747,42.5708],[-1.8129,42.55847],[-1.80212,42.55303],[-1.79847,42.54608],[-1.7939,42.54398],[-1.77598,42.54056],[-1.77181,42.54147],[-1.77042,42.54521],[-1.76256,42.54343],[-1.75773,42.54419],[-1.75012,42.5431],[-1.74426,42.54101],[-1.73662,42.54101],[-1.7327,42.54281],[-1.72899,42.54928],[-1.72058,42.55301],[-1.719,42.55631],[-1.7217,42.56068],[-1.72084,42.56473],[-1.71133,42.57649],[-1.70655,42.57916],[-1.70091,42.57642],[-1.69955,42.58127],[-1.70486,42.58838],[-1.70679,42.59849],[-1.70951,42.60013],[-1.70922,42.60282],[-1.70163,42.61131],[-1.70182,42.61486],[-1.70509,42.61788],[-1.71221,42.61507],[-1.71716,42.61523],[-1.72228,42.61875],[-1.73223,42.62224],[-1.73466,42.62231],[-1.73756,42.62012],[-1.74226,42.62045],[-1.74886,42.6257],[-1.75712,42.62579],[-1.76136,42.62453],[-1.7709,42.626],[-1.77788,42.62427],[-1.77734,42.6221],[-1.77937,42.61858],[-1.78388,42.61513],[-1.78945,42.61394],[-1.79903,42.60537],[-1.79975,42.60284],[-1.80691,42.59563],[-1.81427,42.59016],[-1.81663,42.59019],[-1.81728,42.58992]]]}},{"type":"Feature","properties":{"mun_code":"31251","mun_name":"Viana","mun_name_local":null,"prov_code":"31","prov_name":"Navarra","acom_code":"15","acom_name":"Comunidad Foral de Navarra","geo_point_2d":{"lon":-2.3585689955641813,"lat":42.50605440339047}},"geometry":{"type":"Polygon","coordinates":[[[-2.42206,42.51172],[-2.42375,42.50963],[-2.42353,42.49908],[-2.42058,42.48923],[-2.4153,42.4903],[-2.40001,42.47143],[-2.39559,42.47294],[-2.38666,42.47022],[-2.3764,42.47273],[-2.37185,42.47058],[-2.37198,42.46514],[-2.36363,42.46163],[-2.36112,42.46274],[-2.35836,42.46689],[-2.35261,42.46564],[-2.34675,42.45177],[-2.33504,42.45252],[-2.33184,42.45401],[-2.33161,42.45802],[-2.33646,42.46458],[-2.32999,42.4688],[-2.32585,42.46816],[-2.31684,42.46211],[-2.30783,42.46163],[-2.29872,42.45741],[-2.29322,42.46],[-2.29692,42.46491],[-2.29688,42.46814],[-2.28801,42.46736],[-2.28474,42.47079],[-2.2836,42.4734],[-2.28679,42.47399],[-2.30064,42.47241],[-2.30715,42.48213],[-2.30882,42.48565],[-2.30773,42.4925],[-2.31024,42.52149],[-2.31539,42.52771],[-2.31874,42.53507],[-2.32371,42.53833],[-2.32949,42.54709],[-2.32734,42.55451],[-2.34282,42.54965],[-2.34715,42.54474],[-2.37753,42.54548],[-2.38559,42.58432],[-2.38916,42.59062],[-2.3938,42.59032],[-2.3982,42.58618],[-2.39344,42.56541],[-2.39056,42.56074],[-2.38995,42.54906],[-2.40025,42.5439],[-2.40105,42.5385],[-2.3984,42.53419],[-2.39824,42.52939],[-2.3933,42.52312],[-2.3922,42.51695],[-2.41388,42.51489],[-2.42206,42.51172]]]}},{"type":"Feature","properties":{"mun_code":"31140","mun_name":"Lantz","mun_name_local":null,"prov_code":"31","prov_name":"Navarra","acom_code":"15","acom_name":"Comunidad Foral de Navarra","geo_point_2d":{"lon":-1.6096161303093934,"lat":43.00928691081237}},"geometry":{"type":"Polygon","coordinates":[[[-1.63346,42.98736],[-1.6299,42.98317],[-1.62301,42.97971],[-1.62062,42.98085],[-1.61979,42.98342],[-1.61227,42.98726],[-1.60714,42.99376],[-1.60157,42.9958],[-1.59273,42.99592],[-1.58817,42.99443],[-1.58448,42.9982],[-1.58363,43.00088],[-1.58681,43.00726],[-1.58519,43.01672],[-1.59317,43.02974],[-1.5937,43.04037],[-1.59712,43.04284],[-1.59949,43.04286],[-1.60388,43.03607],[-1.61088,43.03125],[-1.6125,43.02813],[-1.61994,43.02548],[-1.62684,43.02047],[-1.63255,43.01146],[-1.63481,42.99603],[-1.63387,42.98838],[-1.63346,42.98736]]]}},{"type":"Feature","properties":{"mun_code":"31200","mun_name":"Oteiza","mun_name_local":null,"prov_code":"31","prov_name":"Navarra","acom_code":"15","acom_name":"Comunidad Foral de Navarra","geo_point_2d":{"lon":-1.9447192142781995,"lat":42.580016255754416}},"geometry":{"type":"Polygon","coordinates":[[[-1.97925,42.63103],[-1.97238,42.62722],[-1.9763,42.62326],[-1.97651,42.6202],[-1.96971,42.61182],[-1.95994,42.60575],[-1.9576,42.60245],[-1.94343,42.59738],[-1.93931,42.58263],[-1.9397,42.58061],[-1.95785,42.5825],[-1.96869,42.58153],[-1.97516,42.5846],[-1.9774,42.58394],[-1.97633,42.57995],[-1.98073,42.57768],[-1.97706,42.57634],[-1.97735,42.57147],[-1.97061,42.56603],[-1.97638,42.56311],[-1.97704,42.55683],[-1.98167,42.55223],[-1.97474,42.54392],[-1.97526,42.54136],[-1.97781,42.53942],[-1.97306,42.53661],[-1.97493,42.53186],[-1.97075,42.53118],[-1.97187,42.52687],[-1.96667,42.52273],[-1.95684,42.52192],[-1.94699,42.52697],[-1.94262,42.52756],[-1.93778,42.52537],[-1.93439,42.52711],[-1.92876,42.55017],[-1.93034,42.56077],[-1.92424,42.57406],[-1.91691,42.57119],[-1.91384,42.57122],[-1.88796,42.58425],[-1.89297,42.59008],[-1.90231,42.59086],[-1.90993,42.59529],[-1.90969,42.60087],[-1.91521,42.61157],[-1.93263,42.62451],[-1.93874,42.62703],[-1.94453,42.63312],[-1.95381,42.63831],[-1.95664,42.63968],[-1.96626,42.63711],[-1.96945,42.63489],[-1.97547,42.63473],[-1.97826,42.63112],[-1.97925,42.63103]]]}},{"type":"Feature","properties":{"mun_code":"31158","mun_name":"Lónguida","mun_name_local":"Longida","prov_code":"31","prov_name":"Navarra","acom_code":"15","acom_name":"Comunidad Foral de Navarra","geo_point_2d":{"lon":-1.3586315605198123,"lat":42.78177791966249}},"geometry":{"type":"Polygon","coordinates":[[[-1.43961,42.76699],[-1.42332,42.75997],[-1.42092,42.75802],[-1.42074,42.75545],[-1.41049,42.75245],[-1.40781,42.75411],[-1.38726,42.74519],[-1.35186,42.72208],[-1.34388,42.72312],[-1.33797,42.72228],[-1.32757,42.72789],[-1.32226,42.72718],[-1.31904,42.73233],[-1.29998,42.74124],[-1.30031,42.74319],[-1.30852,42.75033],[-1.30828,42.75517],[-1.3047,42.75726],[-1.31129,42.76438],[-1.3055,42.76918],[-1.30411,42.77605],[-1.29762,42.7852],[-1.27993,42.78987],[-1.28371,42.79698],[-1.28061,42.80404],[-1.28223,42.81158],[-1.3012,42.81139],[-1.3046,42.81566],[-1.31105,42.81858],[-1.31375,42.82398],[-1.3248,42.82307],[-1.32607,42.8299],[-1.33293,42.83263],[-1.33688,42.83234],[-1.34118,42.82765],[-1.34311,42.82255],[-1.35353,42.82036],[-1.3549,42.82598],[-1.36263,42.82898],[-1.36507,42.83543],[-1.37589,42.83596],[-1.38137,42.83795],[-1.39369,42.8351],[-1.40131,42.8399],[-1.40523,42.83713],[-1.40498,42.83521],[-1.41048,42.82944],[-1.39827,42.8271],[-1.39827,42.82285],[-1.40136,42.81713],[-1.41116,42.81168],[-1.41915,42.81538],[-1.42375,42.82311],[-1.4262,42.82082],[-1.42628,42.81554],[-1.42037,42.7992],[-1.42606,42.78996],[-1.4218,42.78007],[-1.42916,42.77469],[-1.43599,42.77515],[-1.43558,42.77295],[-1.43798,42.77211],[-1.44093,42.76762],[-1.43961,42.76699]],[[-1.38634,42.76173],[-1.3877,42.76251],[-1.38517,42.7668],[-1.3791,42.77032],[-1.3769,42.77372],[-1.38092,42.77788],[-1.38025,42.78055],[-1.38193,42.78299],[-1.38663,42.78163],[-1.38526,42.78586],[-1.38785,42.78994],[-1.38726,42.79476],[-1.38553,42.79938],[-1.38189,42.80158],[-1.37311,42.7992],[-1.36075,42.8011],[-1.35338,42.79566],[-1.34243,42.80338],[-1.33976,42.80115],[-1.32001,42.80104],[-1.31816,42.79235],[-1.31972,42.78857],[-1.32552,42.78503],[-1.33078,42.78408],[-1.33118,42.77856],[-1.33837,42.78257],[-1.34118,42.78287],[-1.34535,42.78106],[-1.35092,42.78145],[-1.35693,42.78653],[-1.36185,42.78139],[-1.36096,42.77531],[-1.36551,42.76709],[-1.36971,42.76574],[-1.3698,42.76324],[-1.38208,42.76582],[-1.38485,42.76202],[-1.38634,42.76173]]]}},{"type":"Feature","properties":{"mun_code":"31008","mun_name":"Aguilar de Codés","mun_name_local":null,"prov_code":"31","prov_name":"Navarra","acom_code":"15","acom_name":"Comunidad Foral de Navarra","geo_point_2d":{"lon":-2.384774567468692,"lat":42.61085118926629}},"geometry":{"type":"Polygon","coordinates":[[[-2.42112,42.61344],[-2.41693,42.60416],[-2.41198,42.60029],[-2.39933,42.59788],[-2.39675,42.5991],[-2.40003,42.5891],[-2.3982,42.58618],[-2.39154,42.59085],[-2.36241,42.58848],[-2.35289,42.60863],[-2.35383,42.61096],[-2.35807,42.61363],[-2.36299,42.61551],[-2.36602,42.61468],[-2.37623,42.62573],[-2.37457,42.62653],[-2.37085,42.6235],[-2.3685,42.62502],[-2.3643,42.63001],[-2.36594,42.63704],[-2.36929,42.63545],[-2.38195,42.6343],[-2.38547,42.63642],[-2.39284,42.63408],[-2.4055,42.62717],[-2.40309,42.62114],[-2.41709,42.61269],[-2.42112,42.61344]]]}},{"type":"Feature","properties":{"mun_code":"31217","mun_name":"San Martín de Unx","mun_name_local":null,"prov_code":"31","prov_name":"Navarra","acom_code":"15","acom_name":"Comunidad Foral de Navarra","geo_point_2d":{"lon":-1.57386668184557,"lat":42.517939152399606}},"geometry":{"type":"Polygon","coordinates":[[[-1.62457,42.50857],[-1.62183,42.5093],[-1.62017,42.50362],[-1.62134,42.48441],[-1.59467,42.48102],[-1.55243,42.48649],[-1.54199,42.50421],[-1.53487,42.50704],[-1.53345,42.5118],[-1.52889,42.51448],[-1.52759,42.52091],[-1.52307,42.52745],[-1.52384,42.53929],[-1.53077,42.54622],[-1.52859,42.54849],[-1.5347,42.55372],[-1.54491,42.55271],[-1.54866,42.55625],[-1.55236,42.55495],[-1.56413,42.55534],[-1.58435,42.54712],[-1.59416,42.54596],[-1.6038,42.54162],[-1.60668,42.53837],[-1.60653,42.53509],[-1.61052,42.53458],[-1.61424,42.53194],[-1.61588,42.51938],[-1.62335,42.50989],[-1.62457,42.50857]]]}},{"type":"Feature","properties":{"mun_code":"31227","mun_name":"Tafalla","mun_name_local":null,"prov_code":"31","prov_name":"Navarra","acom_code":"15","acom_name":"Comunidad Foral de Navarra","geo_point_2d":{"lon":-1.7100458632503044,"lat":42.51572687906965}},"geometry":{"type":"Polygon","coordinates":[[[-1.79439,42.51351],[-1.78796,42.5097],[-1.77517,42.49856],[-1.76457,42.48593],[-1.75803,42.46582],[-1.7582,42.46289],[-1.76034,42.46075],[-1.75373,42.4579],[-1.74814,42.45383],[-1.7471,42.4513],[-1.74449,42.4514],[-1.73741,42.44692],[-1.73202,42.45214],[-1.71909,42.47141],[-1.70881,42.4824],[-1.66329,42.49517],[-1.65832,42.49814],[-1.64558,42.50103],[-1.62826,42.50824],[-1.62457,42.50857],[-1.61588,42.51938],[-1.61527,42.52659],[-1.61916,42.52737],[-1.62922,42.52491],[-1.63197,42.53171],[-1.63087,42.53804],[-1.63567,42.5411],[-1.63984,42.54145],[-1.64938,42.54536],[-1.65611,42.5453],[-1.66056,42.54736],[-1.67124,42.54815],[-1.67762,42.55369],[-1.68063,42.56723],[-1.68645,42.56635],[-1.69193,42.56938],[-1.69628,42.56941],[-1.69898,42.57241],[-1.70217,42.57302],[-1.70091,42.57642],[-1.70655,42.57916],[-1.71133,42.57649],[-1.72067,42.56514],[-1.7217,42.56068],[-1.719,42.55593],[-1.72058,42.55301],[-1.7298,42.5486],[-1.73303,42.54249],[-1.7417,42.54078],[-1.75012,42.5431],[-1.75773,42.54419],[-1.76256,42.54343],[-1.77042,42.54521],[-1.77501,42.52575],[-1.79269,42.51873],[-1.79392,42.51448],[-1.79439,42.51351]]]}},{"type":"Feature","properties":{"mun_code":"31214","mun_name":"Salinas de Oro","mun_name_local":"Jaitz","prov_code":"31","prov_name":"Navarra","acom_code":"15","acom_name":"Comunidad Foral de Navarra","geo_point_2d":{"lon":-1.881382696676229,"lat":42.77854447602969}},"geometry":{"type":"Polygon","coordinates":[[[-1.89553,42.79991],[-1.89586,42.79561],[-1.89749,42.79427],[-1.89564,42.78897],[-1.89628,42.7823],[-1.90231,42.77486],[-1.89992,42.77074],[-1.90353,42.76534],[-1.89342,42.76143],[-1.89257,42.75829],[-1.88789,42.75615],[-1.87822,42.75438],[-1.87353,42.75557],[-1.87117,42.7542],[-1.86887,42.7552],[-1.86686,42.76001],[-1.85505,42.76337],[-1.85099,42.77036],[-1.8534,42.77075],[-1.85856,42.76899],[-1.869,42.77461],[-1.87247,42.77936],[-1.86945,42.78791],[-1.87265,42.80682],[-1.88379,42.8077],[-1.89085,42.80534],[-1.89436,42.80242],[-1.89553,42.79991]]]}},{"type":"Feature","properties":{"mun_code":"31110","mun_name":"Gallipienzo","mun_name_local":"Galipentzu","prov_code":"31","prov_name":"Navarra","acom_code":"15","acom_name":"Comunidad Foral de Navarra","geo_point_2d":{"lon":-1.4173544380742085,"lat":42.498159671645666}},"geometry":{"type":"Polygon","coordinates":[[[-1.45434,42.5331],[-1.45522,42.51403],[-1.45017,42.50664],[-1.44845,42.50014],[-1.44944,42.49522],[-1.44401,42.48597],[-1.44475,42.48261],[-1.44197,42.47709],[-1.44272,42.4742],[-1.4364,42.4655],[-1.42423,42.45828],[-1.41899,42.45319],[-1.42279,42.44929],[-1.42327,42.44644],[-1.41941,42.43978],[-1.42014,42.43272],[-1.41786,42.42535],[-1.42901,42.40968],[-1.40623,42.40723],[-1.40638,42.43007],[-1.40359,42.43299],[-1.39773,42.45355],[-1.39704,42.47462],[-1.39073,42.48975],[-1.39288,42.52353],[-1.38736,42.52607],[-1.38479,42.53656],[-1.38264,42.53764],[-1.37811,42.53681],[-1.37817,42.53808],[-1.37435,42.53855],[-1.37899,42.54454],[-1.3775,42.54847],[-1.38056,42.5469],[-1.39995,42.55498],[-1.40421,42.55292],[-1.43474,42.55449],[-1.44188,42.54562],[-1.44529,42.53103],[-1.45226,42.5323],[-1.45434,42.5331]]]}},{"type":"Feature","properties":{"mun_code":"31044","mun_name":"Bakaiku","mun_name_local":null,"prov_code":"31","prov_name":"Navarra","acom_code":"15","acom_name":"Comunidad Foral de Navarra","geo_point_2d":{"lon":-2.1081751722223965,"lat":42.90735056572477}},"geometry":{"type":"Polygon","coordinates":[[[-2.13335,42.94095],[-2.12981,42.92802],[-2.11974,42.91459],[-2.11414,42.90528],[-2.11255,42.89691],[-2.10947,42.89463],[-2.11213,42.88851],[-2.10441,42.87359],[-2.09867,42.87671],[-2.08735,42.87573],[-2.08884,42.89352],[-2.09867,42.91618],[-2.10478,42.91846],[-2.10773,42.91819],[-2.11112,42.92235],[-2.10985,42.9317],[-2.11535,42.93728],[-2.11744,42.94214],[-2.12245,42.94186],[-2.12886,42.93952],[-2.1318,42.94105],[-2.13335,42.94095]]]}},{"type":"Feature","properties":{"mun_code":"31088","mun_name":"Noáin (Valle de Elorz)","mun_name_local":"Noain (Elortzibar)","prov_code":"31","prov_name":"Navarra","acom_code":"15","acom_name":"Comunidad Foral de Navarra","geo_point_2d":{"lon":-1.5905576083019513,"lat":42.72760535706314}},"geometry":{"type":"Polygon","coordinates":[[[-1.6364,42.74469],[-1.63109,42.74209],[-1.62843,42.73412],[-1.63323,42.71894],[-1.62017,42.71373],[-1.61067,42.69944],[-1.60433,42.69377],[-1.5967,42.69245],[-1.59337,42.68535],[-1.571,42.69286],[-1.5581,42.69308],[-1.54942,42.69523],[-1.54814,42.70418],[-1.54344,42.71134],[-1.54285,42.72088],[-1.54745,42.72361],[-1.5554,42.7227],[-1.55693,42.72622],[-1.55491,42.72815],[-1.53649,42.73465],[-1.54047,42.7458],[-1.55018,42.7448],[-1.55573,42.74786],[-1.57199,42.75313],[-1.59058,42.75537],[-1.6053,42.7554],[-1.62364,42.75892],[-1.62751,42.76784],[-1.63131,42.76862],[-1.63264,42.77087],[-1.63334,42.77794],[-1.63656,42.77766],[-1.64546,42.76602],[-1.64249,42.76263],[-1.64536,42.75666],[-1.63909,42.75022],[-1.64241,42.7469],[-1.63787,42.74456],[-1.6373,42.74549],[-1.6364,42.74469]]]}},{"type":"Feature","properties":{"mun_code":"31133","mun_name":"Izalzu","mun_name_local":"Itzaltzu","prov_code":"31","prov_name":"Navarra","acom_code":"15","acom_name":"Comunidad Foral de Navarra","geo_point_2d":{"lon":-1.0367172851697668,"lat":42.92830166396349}},"geometry":{"type":"Polygon","coordinates":[[[-1.05548,42.90992],[-1.04246,42.91596],[-1.03014,42.91621],[-1.02837,42.91812],[-1.01876,42.92033],[-1.01966,42.92208],[-1.0166,42.92717],[-1.01682,42.93125],[-1.02085,42.93376],[-1.02501,42.94016],[-1.02536,42.94354],[-1.02963,42.9446],[-1.05018,42.94486],[-1.04906,42.93889],[-1.04293,42.93175],[-1.04322,42.92205],[-1.05282,42.9218],[-1.05942,42.91627],[-1.0639,42.91513],[-1.06094,42.91108],[-1.05548,42.90992]]]}},{"type":"Feature","properties":{"mun_code":"31083","mun_name":"Echarri","mun_name_local":"Etxarri","prov_code":"31","prov_name":"Navarra","acom_code":"15","acom_name":"Comunidad Foral de Navarra","geo_point_2d":{"lon":-1.8279152417970403,"lat":42.78064070976157}},"geometry":{"type":"Polygon","coordinates":[[[-1.84631,42.78257],[-1.83966,42.77933],[-1.83349,42.78214],[-1.82468,42.7741],[-1.8241,42.77116],[-1.82881,42.7708],[-1.8182,42.77253],[-1.81304,42.77679],[-1.81882,42.78599],[-1.82869,42.78335],[-1.83777,42.78795],[-1.84401,42.78894],[-1.84602,42.7828],[-1.84631,42.78257]]]}},{"type":"Feature","properties":{"mun_code":"31123","mun_name":"Uharte Arakil","mun_name_local":null,"prov_code":"31","prov_name":"Navarra","acom_code":"15","acom_name":"Comunidad Foral de Navarra","geo_point_2d":{"lon":-1.9613016265828487,"lat":42.92685843347084}},"geometry":{"type":"Polygon","coordinates":[[[-2.00622,42.90631],[-1.99613,42.90172],[-1.99542,42.89302],[-1.98711,42.88998],[-1.97007,42.88624],[-1.95115,42.88506],[-1.94703,42.88608],[-1.94198,42.9164],[-1.94895,42.918],[-1.94934,42.92656],[-1.95195,42.93248],[-1.95013,42.93792],[-1.94672,42.94036],[-1.93054,42.94246],[-1.91687,42.94134],[-1.91641,42.94028],[-1.90074,42.93722],[-1.89762,42.94397],[-1.90349,42.9458],[-1.89877,42.95012],[-1.92467,42.95965],[-1.93941,42.96194],[-1.95949,42.96282],[-1.98047,42.95463],[-1.98904,42.95385],[-1.99128,42.95294],[-1.99374,42.94086],[-1.99018,42.92851],[-1.98421,42.92714],[-1.98186,42.92884],[-1.98221,42.92727],[-1.98599,42.9237],[-1.9892,42.92361],[-1.99126,42.91868],[-1.99397,42.92005],[-1.99838,42.9138],[-2.00113,42.91469],[-2.00349,42.91118],[-2.00601,42.91069],[-2.00622,42.90631]]]}},{"type":"Feature","properties":{"mun_code":"31231","mun_name":"Torres del Río","mun_name_local":null,"prov_code":"31","prov_name":"Navarra","acom_code":"15","acom_name":"Comunidad Foral de Navarra","geo_point_2d":{"lon":-2.2708810427411983,"lat":42.520865998788686}},"geometry":{"type":"Polygon","coordinates":[[[-2.28138,42.48675],[-2.27611,42.48714],[-2.26667,42.494],[-2.24915,42.49864],[-2.25485,42.50091],[-2.25301,42.50157],[-2.25757,42.50768],[-2.26348,42.50954],[-2.26336,42.51156],[-2.2583,42.5123],[-2.26083,42.51875],[-2.26609,42.51828],[-2.26522,42.52295],[-2.25651,42.52469],[-2.25309,42.52968],[-2.25566,42.53269],[-2.26062,42.53305],[-2.26554,42.52719],[-2.26709,42.52794],[-2.26296,42.54108],[-2.26875,42.54997],[-2.26793,42.55237],[-2.27265,42.55637],[-2.27338,42.56983],[-2.2763,42.56155],[-2.2759,42.55612],[-2.28237,42.54896],[-2.28119,42.54436],[-2.28331,42.53149],[-2.27969,42.51713],[-2.28154,42.51153],[-2.28002,42.49943],[-2.28257,42.48801],[-2.28138,42.48675]]]}},{"type":"Feature","properties":{"mun_code":"31100","mun_name":"Eulate","mun_name_local":null,"prov_code":"31","prov_name":"Navarra","acom_code":"15","acom_name":"Comunidad Foral de Navarra","geo_point_2d":{"lon":-2.207389792719715,"lat":42.76864327882419}},"geometry":{"type":"Polygon","coordinates":[[[-2.22521,42.75771],[-2.21956,42.75498],[-2.21546,42.7558],[-2.21121,42.75465],[-2.20649,42.75585],[-2.20682,42.75358],[-2.20206,42.75135],[-2.19621,42.75299],[-2.19459,42.76041],[-2.19675,42.76607],[-2.19092,42.77065],[-2.18669,42.77084],[-2.18329,42.7767],[-2.19567,42.7788],[-2.19849,42.78104],[-2.20467,42.78259],[-2.22159,42.78327],[-2.22441,42.76587],[-2.22302,42.76181],[-2.22467,42.75797],[-2.22521,42.75771]]]}},{"type":"Feature","properties":{"mun_code":"31040","mun_name":"Atez","mun_name_local":"Atetz","prov_code":"31","prov_name":"Navarra","acom_code":"15","acom_name":"Comunidad Foral de Navarra","geo_point_2d":{"lon":-1.7125366390716634,"lat":42.94711336273637}},"geometry":{"type":"Polygon","coordinates":[[[-1.75155,42.97934],[-1.7516,42.97724],[-1.74881,42.97654],[-1.74926,42.96527],[-1.74611,42.95669],[-1.74151,42.95439],[-1.73879,42.94999],[-1.7353,42.93898],[-1.7345,42.92941],[-1.73041,42.92905],[-1.73003,42.93085],[-1.7236,42.93208],[-1.71561,42.93074],[-1.70965,42.93135],[-1.7101,42.92715],[-1.70429,42.91891],[-1.70664,42.91488],[-1.70645,42.90792],[-1.69729,42.90835],[-1.69388,42.91128],[-1.68988,42.91177],[-1.69025,42.91282],[-1.68822,42.91284],[-1.67716,42.92113],[-1.67843,42.92263],[-1.67709,42.92665],[-1.68116,42.92982],[-1.67689,42.9323],[-1.67895,42.93451],[-1.67226,42.94108],[-1.67653,42.94554],[-1.68125,42.94786],[-1.69236,42.94948],[-1.70217,42.95485],[-1.70455,42.95934],[-1.70259,42.97098],[-1.70821,42.97147],[-1.71297,42.97397],[-1.71276,42.98019],[-1.71659,42.98131],[-1.73002,42.97823],[-1.74903,42.97936],[-1.75155,42.97934]]]}},{"type":"Feature","properties":{"mun_code":"31197","mun_name":"Orísoain","mun_name_local":null,"prov_code":"31","prov_name":"Navarra","acom_code":"15","acom_name":"Comunidad Foral de Navarra","geo_point_2d":{"lon":-1.5948028250880948,"lat":42.598933250126095}},"geometry":{"type":"Polygon","coordinates":[[[-1.61864,42.59847],[-1.61566,42.59084],[-1.60603,42.58963],[-1.60053,42.58728],[-1.59412,42.5878],[-1.58083,42.59189],[-1.57337,42.59599],[-1.56443,42.60428],[-1.58178,42.60545],[-1.59441,42.6112],[-1.60321,42.60867],[-1.6103,42.60832],[-1.61431,42.60178],[-1.61712,42.6008],[-1.61864,42.59847]]]}},{"type":"Feature","properties":{"mun_code":"31135","mun_name":"Javier","mun_name_local":null,"prov_code":"31","prov_name":"Navarra","acom_code":"15","acom_name":"Comunidad Foral de Navarra","geo_point_2d":{"lon":-1.2898392116322464,"lat":42.50411800207078}},"geometry":{"type":"MultiPolygon","coordinates":[[[[-1.32089,42.52023],[-1.32365,42.51746],[-1.32264,42.5126],[-1.32561,42.50562],[-1.33091,42.49922],[-1.33186,42.49462],[-1.33055,42.49132],[-1.34293,42.48351],[-1.34361,42.46195],[-1.34616,42.45928],[-1.34151,42.42394],[-1.31521,42.44922],[-1.28984,42.45737],[-1.28136,42.46445],[-1.2818,42.46768],[-1.27278,42.4819],[-1.27565,42.49037],[-1.27511,42.49576],[-1.28223,42.49892],[-1.28673,42.49853],[-1.28749,42.50855],[-1.29683,42.51254],[-1.30459,42.5124],[-1.30577,42.52032],[-1.3086,42.5239],[-1.31801,42.52478],[-1.31971,42.52165],[-1.32089,42.52023]]],[[[-1.21922,42.61304],[-1.21941,42.60973],[-1.22611,42.60092],[-1.22719,42.59504],[-1.23173,42.59361],[-1.2389,42.59422],[-1.24298,42.59089],[-1.24457,42.5839],[-1.23723,42.58388],[-1.22827,42.57904],[-1.21778,42.58566],[-1.19436,42.5876],[-1.18751,42.59084],[-1.17584,42.60085],[-1.17548,42.60313],[-1.18456,42.6054],[-1.21845,42.61095],[-1.21922,42.61304]]]]}},{"type":"Feature","properties":{"mun_code":"31142","mun_name":"Larraga","mun_name_local":null,"prov_code":"31","prov_name":"Navarra","acom_code":"15","acom_name":"Comunidad Foral de Navarra","geo_point_2d":{"lon":-1.8648912226337309,"lat":42.54897696604168}},"geometry":{"type":"Polygon","coordinates":[[[-1.93462,42.52675],[-1.93268,42.52307],[-1.92484,42.51771],[-1.91187,42.5041],[-1.90132,42.50214],[-1.88415,42.50261],[-1.88399,42.50834],[-1.87754,42.52149],[-1.84805,42.53283],[-1.84381,42.53378],[-1.83451,42.5326],[-1.82199,42.52694],[-1.78876,42.52055],[-1.77501,42.52575],[-1.77181,42.54147],[-1.77554,42.54055],[-1.78074,42.54128],[-1.7939,42.54398],[-1.79847,42.54608],[-1.80212,42.55303],[-1.8129,42.55847],[-1.81747,42.5708],[-1.81214,42.57973],[-1.81728,42.58992],[-1.82119,42.5887],[-1.8389,42.59306],[-1.84744,42.59122],[-1.85603,42.58551],[-1.86005,42.58665],[-1.86777,42.58572],[-1.87803,42.58642],[-1.88944,42.58419],[-1.91384,42.57122],[-1.91691,42.57119],[-1.92424,42.57406],[-1.93034,42.56077],[-1.92876,42.55017],[-1.93439,42.52711],[-1.93462,42.52675]]]}},{"type":"Feature","properties":{"mun_code":"31160","mun_name":"Luquin","mun_name_local":null,"prov_code":"31","prov_name":"Navarra","acom_code":"15","acom_name":"Comunidad Foral de Navarra","geo_point_2d":{"lon":-2.131811413581992,"lat":42.57065477715926}},"geometry":{"type":"MultiPolygon","coordinates":[[[[-2.14472,42.55698],[-2.14859,42.55779],[-2.15023,42.56117],[-2.15484,42.55849],[-2.15818,42.55952],[-2.16633,42.55388],[-2.15839,42.54424],[-2.16157,42.53954],[-2.15721,42.53361],[-2.15852,42.53139],[-2.1576,42.52519],[-2.14817,42.51716],[-2.14832,42.52446],[-2.14636,42.53115],[-2.14725,42.54975],[-2.14491,42.5558],[-2.14472,42.55698]]],[[[-2.10909,42.6086],[-2.11424,42.60556],[-2.12424,42.60267],[-2.1293,42.59556],[-2.1353,42.5935],[-2.13475,42.59175],[-2.12442,42.59272],[-2.12387,42.59541],[-2.11043,42.60156],[-2.10583,42.60715],[-2.09282,42.60661],[-2.08789,42.60826],[-2.08388,42.61228],[-2.07953,42.61384],[-2.08139,42.61829],[-2.07937,42.61996],[-2.08662,42.62045],[-2.10589,42.61144],[-2.10909,42.6086]]]]}},{"type":"Feature","properties":{"mun_code":"31241","mun_name":"Urraul Alto","mun_name_local":null,"prov_code":"31","prov_name":"Navarra","acom_code":"15","acom_name":"Comunidad Foral de Navarra","geo_point_2d":{"lon":-1.2263650535295132,"lat":42.79157985648829}},"geometry":{"type":"MultiPolygon","coordinates":[[[[-1.26318,42.72254],[-1.27113,42.72555],[-1.28035,42.70333],[-1.2883,42.69604],[-1.28687,42.69492],[-1.27693,42.69109],[-1.27533,42.69126],[-1.276,42.69337],[-1.27163,42.69423],[-1.27136,42.70073],[-1.2635,42.70895],[-1.26463,42.71218],[-1.26805,42.71483],[-1.26431,42.7155],[-1.26381,42.71726],[-1.26318,42.72254]]],[[[-1.28223,42.81158],[-1.28061,42.80404],[-1.28371,42.79698],[-1.27993,42.78987],[-1.29762,42.7852],[-1.30056,42.78214],[-1.30411,42.77605],[-1.3055,42.76918],[-1.31129,42.76438],[-1.3047,42.75726],[-1.30828,42.75517],[-1.30852,42.75033],[-1.30031,42.74319],[-1.29998,42.74124],[-1.29157,42.74313],[-1.28579,42.74215],[-1.28361,42.73697],[-1.27704,42.73517],[-1.27142,42.73549],[-1.2629,42.73038],[-1.24483,42.72419],[-1.24251,42.72509],[-1.24077,42.72907],[-1.22862,42.73305],[-1.22716,42.73473],[-1.22209,42.73542],[-1.21388,42.73261],[-1.20478,42.73169],[-1.20146,42.73365],[-1.20088,42.73611],[-1.20549,42.74472],[-1.19583,42.75651],[-1.19301,42.75771],[-1.18027,42.75171],[-1.17529,42.75747],[-1.1693,42.75572],[-1.16601,42.75713],[-1.16238,42.75551],[-1.16056,42.75611],[-1.15006,42.77141],[-1.14403,42.77269],[-1.1393,42.77602],[-1.13507,42.77577],[-1.13465,42.77977],[-1.13131,42.78252],[-1.13563,42.78399],[-1.1468,42.78408],[-1.14917,42.78726],[-1.14653,42.7932],[-1.15112,42.79478],[-1.15025,42.79996],[-1.16116,42.80481],[-1.16146,42.81453],[-1.16408,42.82011],[-1.16003,42.82581],[-1.159,42.83416],[-1.17309,42.8353],[-1.17608,42.8389],[-1.17744,42.84542],[-1.19061,42.85381],[-1.19616,42.8528],[-1.19808,42.8568],[-1.19724,42.86001],[-1.20225,42.86673],[-1.20876,42.86784],[-1.21949,42.8655],[-1.22404,42.86674],[-1.2344,42.86637],[-1.23701,42.86991],[-1.2383,42.86897],[-1.2431,42.87122],[-1.24418,42.8753],[-1.25997,42.86694],[-1.26356,42.86235],[-1.26364,42.86045],[-1.25276,42.85474],[-1.25106,42.84764],[-1.25434,42.84337],[-1.2618,42.8407],[-1.2621,42.83713],[-1.26584,42.83344],[-1.26225,42.82476],[-1.26731,42.81534],[-1.27355,42.81403],[-1.27644,42.81151],[-1.28223,42.81158]]]]}},{"type":"Feature","properties":{"mun_code":"31107","mun_name":"Funes","mun_name_local":null,"prov_code":"31","prov_name":"Navarra","acom_code":"15","acom_name":"Comunidad Foral de Navarra","geo_point_2d":{"lon":-1.8061857400625034,"lat":42.290076632912964}},"geometry":{"type":"Polygon","coordinates":[[[-1.85746,42.32167],[-1.85607,42.31566],[-1.85054,42.30874],[-1.84185,42.2905],[-1.83679,42.27552],[-1.84303,42.2623],[-1.84328,42.25328],[-1.83443,42.2485],[-1.82973,42.24414],[-1.8262,42.24468],[-1.824,42.24845],[-1.82059,42.24919],[-1.8183,42.24606],[-1.80592,42.2443],[-1.79927,42.24025],[-1.79111,42.24094],[-1.79305,42.24524],[-1.78407,42.26674],[-1.78057,42.26291],[-1.77735,42.2635],[-1.77138,42.26797],[-1.77192,42.2721],[-1.78051,42.27909],[-1.77677,42.28453],[-1.78293,42.28493],[-1.78753,42.29046],[-1.78538,42.29626],[-1.7831,42.29683],[-1.77085,42.29338],[-1.76704,42.28923],[-1.76341,42.2886],[-1.76179,42.28949],[-1.76462,42.29159],[-1.76478,42.2949],[-1.76132,42.29929],[-1.75926,42.29987],[-1.75446,42.29849],[-1.74646,42.2994],[-1.74399,42.30084],[-1.74609,42.30398],[-1.75671,42.30785],[-1.75367,42.30869],[-1.75048,42.30705],[-1.75522,42.31152],[-1.75824,42.31851],[-1.76226,42.32141],[-1.76182,42.32629],[-1.76893,42.32502],[-1.7735,42.32612],[-1.77464,42.32895],[-1.77811,42.3286],[-1.78755,42.32625],[-1.79315,42.3225],[-1.80819,42.32654],[-1.81181,42.32552],[-1.81631,42.32925],[-1.82338,42.32435],[-1.82992,42.31606],[-1.84469,42.32353],[-1.84512,42.32574],[-1.85683,42.32204],[-1.85746,42.32167]]]}},{"type":"Feature","properties":{"mun_code":"31248","mun_name":"Luzaide","mun_name_local":"Valcarlos","prov_code":"31","prov_name":"Navarra","acom_code":"15","acom_name":"Comunidad Foral de Navarra","geo_point_2d":{"lon":-1.3140289823266067,"lat":43.06509726884824}},"geometry":{"type":"Polygon","coordinates":[[[-1.35392,43.02827],[-1.34086,43.02594],[-1.33106,43.02149],[-1.32321,43.02023],[-1.3174,43.02105],[-1.30547,43.02755],[-1.30475,43.02662],[-1.30418,43.02761],[-1.29525,43.02731],[-1.2946,43.0305],[-1.28839,43.03578],[-1.26457,43.03954],[-1.26419,43.0467],[-1.26789,43.05015],[-1.26962,43.05512],[-1.27483,43.05657],[-1.28759,43.06405],[-1.29126,43.06311],[-1.29576,43.06385],[-1.29847,43.06609],[-1.30661,43.06821],[-1.30897,43.07117],[-1.29964,43.09243],[-1.29527,43.09587],[-1.29278,43.10027],[-1.28967,43.10184],[-1.28908,43.10407],[-1.28657,43.1043],[-1.27004,43.11826],[-1.27832,43.11867],[-1.29007,43.11557],[-1.30325,43.11539],[-1.31964,43.11279],[-1.33257,43.10762],[-1.33381,43.10305],[-1.34465,43.09454],[-1.34617,43.09058],[-1.3432,43.08399],[-1.33996,43.08107],[-1.34433,43.07323],[-1.34385,43.06202],[-1.34526,43.05724],[-1.34256,43.05445],[-1.34687,43.0475],[-1.35383,43.02888],[-1.35392,43.02827]]]}},{"type":"Feature","properties":{"mun_code":"31212","mun_name":"Sada","mun_name_local":null,"prov_code":"31","prov_name":"Navarra","acom_code":"15","acom_name":"Comunidad Foral de Navarra","geo_point_2d":{"lon":-1.394107093296412,"lat":42.57315820786351}},"geometry":{"type":"Polygon","coordinates":[[[-1.41757,42.59614],[-1.4169,42.59245],[-1.4105,42.5891],[-1.41112,42.58369],[-1.41631,42.57869],[-1.41656,42.57538],[-1.41152,42.57448],[-1.39995,42.55498],[-1.38056,42.5469],[-1.37493,42.55131],[-1.37252,42.55721],[-1.3693,42.55987],[-1.38428,42.58217],[-1.38671,42.59153],[-1.4072,42.59821],[-1.41188,42.59921],[-1.41528,42.59808],[-1.41757,42.59614]]]}},{"type":"Feature","properties":{"mun_code":"31264","mun_name":"Zugarramurdi","mun_name_local":null,"prov_code":"31","prov_name":"Navarra","acom_code":"15","acom_name":"Comunidad Foral de Navarra","geo_point_2d":{"lon":-1.5449319514748485,"lat":43.268793343652916}},"geometry":{"type":"Polygon","coordinates":[[[-1.53144,43.27213],[-1.53624,43.27451],[-1.54203,43.28163],[-1.54109,43.2877],[-1.54968,43.28471],[-1.54963,43.2827],[-1.55502,43.28218],[-1.5561,43.25659],[-1.54658,43.25285],[-1.54016,43.25864],[-1.53709,43.25839],[-1.52806,43.2638],[-1.53075,43.27175],[-1.53144,43.27213]]]}},{"type":"Feature","properties":{"mun_code":"31234","mun_name":"Ucar","mun_name_local":null,"prov_code":"31","prov_name":"Navarra","acom_code":"15","acom_name":"Comunidad Foral de Navarra","geo_point_2d":{"lon":-1.7064913650751135,"lat":42.68612947561787}},"geometry":{"type":"Polygon","coordinates":[[[-1.72192,42.68421],[-1.72343,42.68153],[-1.71916,42.66808],[-1.70728,42.66407],[-1.70416,42.66596],[-1.69972,42.66618],[-1.69759,42.66816],[-1.68904,42.66864],[-1.68175,42.67549],[-1.68531,42.68073],[-1.68586,42.68506],[-1.69979,42.69492],[-1.69762,42.69975],[-1.69922,42.70299],[-1.69867,42.70881],[-1.71326,42.70742],[-1.71682,42.71038],[-1.71475,42.71693],[-1.71628,42.71759],[-1.71842,42.71589],[-1.71994,42.71102],[-1.71916,42.70465],[-1.72418,42.70078],[-1.72637,42.69673],[-1.7203,42.68754],[-1.72192,42.68421]]]}},{"type":"Feature","properties":{"mun_code":"31125","mun_name":"Igúzquiza","mun_name_local":null,"prov_code":"31","prov_name":"Navarra","acom_code":"15","acom_name":"Comunidad Foral de Navarra","geo_point_2d":{"lon":-2.0892865414112296,"lat":42.64339689665357}},"geometry":{"type":"MultiPolygon","coordinates":[[[[-2.09691,42.6209],[-2.10872,42.6165],[-2.11084,42.6129],[-2.10909,42.6086],[-2.09744,42.61554],[-2.09714,42.62033],[-2.09691,42.6209]]],[[[-2.12754,42.65611],[-2.12938,42.65524],[-2.12847,42.653],[-2.13081,42.65096],[-2.12896,42.6473],[-2.12218,42.64406],[-2.11566,42.64529],[-2.11326,42.64375],[-2.10203,42.64171],[-2.09535,42.63769],[-2.09607,42.62611],[-2.09112,42.62508],[-2.08632,42.62168],[-2.08456,42.62119],[-2.0784,42.62362],[-2.07501,42.62261],[-2.07645,42.62855],[-2.07082,42.63253],[-2.0637,42.63302],[-2.06384,42.62343],[-2.0627,42.62554],[-2.05331,42.62874],[-2.06655,42.65587],[-2.07371,42.65842],[-2.07909,42.66273],[-2.07891,42.66435],[-2.08299,42.66448],[-2.08595,42.66178],[-2.10283,42.65739],[-2.11303,42.66035],[-2.12757,42.65656],[-2.12754,42.65611]]]]}},{"type":"Feature","properties":{"mun_code":"31216","mun_name":"Sangüesa","mun_name_local":"Zangoza","prov_code":"31","prov_name":"Navarra","acom_code":"15","acom_name":"Comunidad Foral de Navarra","geo_point_2d":{"lon":-1.2716036710069205,"lat":42.569175287485955}},"geometry":{"type":"Polygon","coordinates":[[[-1.33023,42.53767],[-1.3405,42.54498],[-1.3465,42.54467],[-1.34781,42.53908],[-1.33474,42.53665],[-1.32925,42.53425],[-1.32722,42.53238],[-1.32586,42.52638],[-1.32089,42.52023],[-1.31801,42.52478],[-1.3086,42.5239],[-1.30577,42.52032],[-1.30459,42.5124],[-1.29683,42.51254],[-1.29348,42.51096],[-1.28919,42.51489],[-1.28814,42.52279],[-1.27839,42.5351],[-1.26477,42.5568],[-1.25697,42.55523],[-1.25372,42.5519],[-1.24342,42.54848],[-1.24045,42.54862],[-1.23529,42.54482],[-1.23221,42.54444],[-1.23222,42.54336],[-1.22617,42.54224],[-1.21832,42.54916],[-1.20792,42.54964],[-1.20675,42.55091],[-1.20279,42.54966],[-1.20097,42.55251],[-1.20405,42.55846],[-1.20452,42.5683],[-1.20192,42.57824],[-1.19787,42.57887],[-1.18639,42.58767],[-1.17614,42.59224],[-1.17068,42.59683],[-1.16167,42.59604],[-1.15816,42.59955],[-1.16949,42.60512],[-1.17525,42.60599],[-1.17596,42.60061],[-1.18862,42.59019],[-1.19666,42.58699],[-1.21778,42.58566],[-1.22827,42.57904],[-1.23723,42.58388],[-1.24457,42.5839],[-1.24298,42.59089],[-1.2389,42.59422],[-1.24438,42.60184],[-1.24792,42.60221],[-1.25465,42.59936],[-1.26184,42.59996],[-1.26591,42.59687],[-1.27175,42.5961],[-1.28395,42.60976],[-1.29138,42.61089],[-1.3129,42.61865],[-1.31837,42.61312],[-1.32345,42.61334],[-1.32627,42.60685],[-1.32445,42.5972],[-1.32181,42.59458],[-1.32346,42.59143],[-1.32267,42.58626],[-1.32184,42.58455],[-1.31809,42.58389],[-1.32069,42.57857],[-1.32494,42.57575],[-1.31539,42.57324],[-1.31049,42.5667],[-1.30377,42.56498],[-1.30508,42.56196],[-1.30974,42.56055],[-1.3107,42.5564],[-1.31264,42.55655],[-1.315,42.55389],[-1.31753,42.54866],[-1.31547,42.54184],[-1.32358,42.53774],[-1.32973,42.53752],[-1.33023,42.53767]]]}},{"type":"Feature","properties":{"mun_code":"31065","mun_name":"Caparroso","mun_name_local":null,"prov_code":"31","prov_name":"Navarra","acom_code":"15","acom_name":"Comunidad Foral de Navarra","geo_point_2d":{"lon":-1.6576773722433051,"lat":42.324099959389166}},"geometry":{"type":"Polygon","coordinates":[[[-1.70572,42.30978],[-1.69977,42.30383],[-1.69531,42.29658],[-1.69369,42.28815],[-1.68034,42.27737],[-1.67971,42.28529],[-1.66757,42.281],[-1.63983,42.27458],[-1.63406,42.27069],[-1.62711,42.26067],[-1.61419,42.26093],[-1.60617,42.26354],[-1.58876,42.28253],[-1.59229,42.28847],[-1.61736,42.3031],[-1.61748,42.31464],[-1.62758,42.31907],[-1.63788,42.35076],[-1.63644,42.35158],[-1.637,42.35418],[-1.63175,42.35988],[-1.63697,42.36342],[-1.63541,42.36667],[-1.63586,42.37596],[-1.64195,42.39355],[-1.64344,42.39424],[-1.64742,42.39424],[-1.6604,42.38538],[-1.67021,42.38621],[-1.68787,42.38434],[-1.68949,42.38257],[-1.69777,42.38074],[-1.6935,42.36144],[-1.70084,42.35924],[-1.71391,42.35896],[-1.71226,42.35429],[-1.70174,42.34219],[-1.70447,42.34067],[-1.69988,42.32977],[-1.71426,42.31745],[-1.70717,42.31169],[-1.70572,42.30978]]]}},{"type":"Feature","properties":{"mun_code":"31141","mun_name":"Lapoblación","mun_name_local":null,"prov_code":"31","prov_name":"Navarra","acom_code":"15","acom_name":"Comunidad Foral de Navarra","geo_point_2d":{"lon":-2.460611066200042,"lat":42.60035207536704}},"geometry":{"type":"Polygon","coordinates":[[[-2.50008,42.61648],[-2.49931,42.61047],[-2.4943,42.60122],[-2.49063,42.58536],[-2.48832,42.58813],[-2.48371,42.58916],[-2.47251,42.58936],[-2.46221,42.58739],[-2.46001,42.57885],[-2.45324,42.56711],[-2.44179,42.57697],[-2.42957,42.59728],[-2.42494,42.60024],[-2.42484,42.60457],[-2.42112,42.60712],[-2.41855,42.60715],[-2.42857,42.61106],[-2.43304,42.61033],[-2.43881,42.61426],[-2.44437,42.61508],[-2.44379,42.61616],[-2.45187,42.61767],[-2.4601,42.61656],[-2.4603,42.62018],[-2.46528,42.62371],[-2.46783,42.62374],[-2.46452,42.62732],[-2.47106,42.62726],[-2.48307,42.61216],[-2.49734,42.61591],[-2.50008,42.61648]]]}},{"type":"Feature","properties":{"mun_code":"31245","mun_name":"Urzainqui","mun_name_local":"Urzainki","prov_code":"31","prov_name":"Navarra","acom_code":"15","acom_name":"Comunidad Foral de Navarra","geo_point_2d":{"lon":-0.9306234961192681,"lat":42.834947843937215}},"geometry":{"type":"Polygon","coordinates":[[[-0.96694,42.8653],[-0.96616,42.86161],[-0.97153,42.85614],[-0.97092,42.84962],[-0.97481,42.84062],[-0.97389,42.83699],[-0.97532,42.83411],[-0.96331,42.83123],[-0.9569,42.82538],[-0.94914,42.82091],[-0.95107,42.81602],[-0.94174,42.82039],[-0.93492,42.82171],[-0.92622,42.82025],[-0.9218,42.82145],[-0.91446,42.81823],[-0.91122,42.82111],[-0.89405,42.82193],[-0.88604,42.8196],[-0.88237,42.81664],[-0.87248,42.82132],[-0.86937,42.82716],[-0.87087,42.83093],[-0.8729,42.83194],[-0.87632,42.82875],[-0.88268,42.83336],[-0.88768,42.83271],[-0.90179,42.83803],[-0.91061,42.83971],[-0.91209,42.84285],[-0.92255,42.84818],[-0.93163,42.8448],[-0.93419,42.84519],[-0.95378,42.8535],[-0.96298,42.86176],[-0.96438,42.86469],[-0.96694,42.8653]]]}},{"type":"Feature","properties":{"mun_code":"31186","mun_name":"Odieta","mun_name_local":null,"prov_code":"31","prov_name":"Navarra","acom_code":"15","acom_name":"Comunidad Foral de Navarra","geo_point_2d":{"lon":-1.646427067547548,"lat":42.932041050494995}},"geometry":{"type":"Polygon","coordinates":[[[-1.68125,42.94786],[-1.67653,42.94554],[-1.67226,42.94108],[-1.67895,42.93451],[-1.67689,42.9323],[-1.68116,42.92982],[-1.67709,42.92665],[-1.67843,42.92263],[-1.6762,42.92045],[-1.6694,42.92136],[-1.66471,42.92038],[-1.66293,42.91315],[-1.65917,42.90902],[-1.6629,42.9076],[-1.66031,42.90458],[-1.65164,42.90524],[-1.64105,42.90847],[-1.63346,42.90847],[-1.63012,42.91295],[-1.62488,42.90903],[-1.61778,42.91116],[-1.61581,42.90914],[-1.61014,42.90969],[-1.6057,42.91411],[-1.60465,42.917],[-1.61836,42.9219],[-1.62057,42.92535],[-1.61835,42.93752],[-1.62196,42.94235],[-1.6259,42.94448],[-1.62714,42.94922],[-1.63044,42.95234],[-1.63023,42.95549],[-1.63789,42.95833],[-1.64067,42.9618],[-1.65116,42.95936],[-1.65455,42.9553],[-1.65909,42.95487],[-1.65908,42.95261],[-1.66581,42.95593],[-1.67668,42.95512],[-1.67641,42.95327],[-1.67948,42.94936],[-1.68125,42.94786]]]}},{"type":"Feature","properties":{"mun_code":"53080","mun_name":"Sierra de Aralar","mun_name_local":null,"prov_code":"31","prov_name":"Navarra","acom_code":"15","acom_name":"Comunidad Foral de Navarra","geo_point_2d":{"lon":-2.0047929835075404,"lat":42.97442902039991}},"geometry":{"type":"Polygon","coordinates":[[[-2.05595,42.97066],[-2.04132,42.96848],[-2.03687,42.97008],[-2.03101,42.96996],[-2.02722,42.96799],[-2.02746,42.96536],[-2.01716,42.95725],[-1.99939,42.95573],[-1.99365,42.95396],[-1.98504,42.95346],[-1.96288,42.96078],[-1.96656,42.96242],[-1.9678,42.97478],[-1.97604,42.98679],[-1.98499,42.99068],[-2.00025,42.98975],[-2.0066,42.99286],[-2.02113,42.99523],[-2.02503,42.99903],[-2.02831,42.99884],[-2.03234,42.9879],[-2.03647,42.98576],[-2.03863,42.98325],[-2.03834,42.98099],[-2.04494,42.97856],[-2.05041,42.97969],[-2.0552,42.97213],[-2.05595,42.97066]]]}},{"type":"Feature","properties":{"mun_code":"31034","mun_name":"Aribe","mun_name_local":null,"prov_code":"31","prov_name":"Navarra","acom_code":"15","acom_name":"Comunidad Foral de Navarra","geo_point_2d":{"lon":-1.2647857620272256,"lat":42.94207558853583}},"geometry":{"type":"Polygon","coordinates":[[[-1.28522,42.93186],[-1.28526,42.93079],[-1.27952,42.93018],[-1.27386,42.93396],[-1.26785,42.93295],[-1.26704,42.9351],[-1.25964,42.93505],[-1.25362,42.93826],[-1.24962,42.94355],[-1.24733,42.94166],[-1.24518,42.94547],[-1.25326,42.94922],[-1.25145,42.95647],[-1.26229,42.95936],[-1.26316,42.95694],[-1.25411,42.94939],[-1.26178,42.94687],[-1.26567,42.94773],[-1.27585,42.94563],[-1.27667,42.94433],[-1.27499,42.94196],[-1.27792,42.94048],[-1.27764,42.93793],[-1.28592,42.93661],[-1.28558,42.93482],[-1.28329,42.93383],[-1.28495,42.93216],[-1.28522,42.93186]]]}},{"type":"Feature","properties":{"mun_code":"31072","mun_name":"Cintruénigo","mun_name_local":null,"prov_code":"31","prov_name":"Navarra","acom_code":"15","acom_name":"Comunidad Foral de Navarra","geo_point_2d":{"lon":-1.7941965248317462,"lat":42.065882159890265}},"geometry":{"type":"Polygon","coordinates":[[[-1.82656,42.07227],[-1.8293,42.0712],[-1.82707,42.07082],[-1.82639,42.06885],[-1.83102,42.06649],[-1.83733,42.05885],[-1.83465,42.05701],[-1.83064,42.05683],[-1.83589,42.055],[-1.83514,42.05123],[-1.82037,42.02904],[-1.79034,42.03555],[-1.78441,42.0394],[-1.779,42.03709],[-1.77276,42.04458],[-1.77318,42.04947],[-1.77594,42.05176],[-1.74355,42.07489],[-1.75932,42.09688],[-1.77143,42.09216],[-1.77377,42.09232],[-1.79342,42.09656],[-1.80083,42.10075],[-1.80896,42.09414],[-1.81193,42.08913],[-1.81444,42.08823],[-1.8202,42.0912],[-1.82109,42.08908],[-1.82342,42.08912],[-1.8186,42.0862],[-1.82485,42.08605],[-1.82345,42.08396],[-1.8197,42.08341],[-1.81941,42.08177],[-1.82368,42.07938],[-1.82506,42.07989],[-1.82532,42.07716],[-1.82823,42.0776],[-1.83085,42.0763],[-1.83078,42.07484],[-1.82746,42.0743],[-1.82492,42.07577],[-1.82611,42.07283],[-1.82656,42.07227]]]}},{"type":"Feature","properties":{"mun_code":"31126","mun_name":"Imotz","mun_name_local":null,"prov_code":"31","prov_name":"Navarra","acom_code":"15","acom_name":"Comunidad Foral de Navarra","geo_point_2d":{"lon":-1.7942213084259295,"lat":42.9557420673032}},"geometry":{"type":"Polygon","coordinates":[[[-1.84587,42.98553],[-1.84718,42.983],[-1.84528,42.98249],[-1.84615,42.98141],[-1.84297,42.97787],[-1.84417,42.97671],[-1.8431,42.97289],[-1.85232,42.9676],[-1.85945,42.9699],[-1.86054,42.96338],[-1.85971,42.95529],[-1.8572,42.95047],[-1.84546,42.94167],[-1.82881,42.93764],[-1.82571,42.94021],[-1.81415,42.93072],[-1.80721,42.93492],[-1.80173,42.93498],[-1.79232,42.93209],[-1.78496,42.93308],[-1.77083,42.94381],[-1.76879,42.94381],[-1.76412,42.94265],[-1.76512,42.9414],[-1.76016,42.93582],[-1.75841,42.93199],[-1.75872,42.92609],[-1.75358,42.92658],[-1.75193,42.92546],[-1.74911,42.9273],[-1.74127,42.92728],[-1.7345,42.92941],[-1.7353,42.93898],[-1.73879,42.94999],[-1.74151,42.95439],[-1.74611,42.95669],[-1.74926,42.96527],[-1.74881,42.97654],[-1.7516,42.97724],[-1.75155,42.97934],[-1.76066,42.97742],[-1.76868,42.97816],[-1.77031,42.98385],[-1.78527,42.98657],[-1.79379,42.98],[-1.80618,42.97593],[-1.81297,42.97716],[-1.81403,42.97493],[-1.81228,42.96527],[-1.81507,42.96462],[-1.82461,42.96652],[-1.8272,42.9682],[-1.84511,42.98526],[-1.84587,42.98553]]]}},{"type":"Feature","properties":{"mun_code":"31223","mun_name":"Sartaguda","mun_name_local":null,"prov_code":"31","prov_name":"Navarra","acom_code":"15","acom_name":"Comunidad Foral de Navarra","geo_point_2d":{"lon":-2.0419225687833005,"lat":42.38461211693967}},"geometry":{"type":"Polygon","coordinates":[[[-2.0456,42.35903],[-2.02742,42.36312],[-2.01951,42.36849],[-2.03063,42.38062],[-2.03206,42.38564],[-2.02369,42.39417],[-2.02085,42.39949],[-2.01619,42.4026],[-2.02013,42.40462],[-2.01879,42.4073],[-2.02401,42.40817],[-2.03058,42.41157],[-2.04173,42.40801],[-2.05618,42.40009],[-2.06788,42.3832],[-2.06705,42.3808],[-2.05942,42.37752],[-2.05707,42.37356],[-2.057,42.36085],[-2.05383,42.35903],[-2.04802,42.35883],[-2.0456,42.35903]]]}},{"type":"Feature","properties":{"mun_code":"31219","mun_name":"Sansol","mun_name_local":null,"prov_code":"31","prov_name":"Navarra","acom_code":"15","acom_name":"Comunidad Foral de Navarra","geo_point_2d":{"lon":-2.2531442463432705,"lat":42.53844619778748}},"geometry":{"type":"Polygon","coordinates":[[[-2.27338,42.56983],[-2.27265,42.55637],[-2.26793,42.55237],[-2.26875,42.54997],[-2.26296,42.54108],[-2.26709,42.52794],[-2.26554,42.52719],[-2.26062,42.53305],[-2.25566,42.53269],[-2.25309,42.52968],[-2.25651,42.52469],[-2.26522,42.52295],[-2.26609,42.51828],[-2.26083,42.51875],[-2.2583,42.5123],[-2.26336,42.51156],[-2.26348,42.50954],[-2.25757,42.50768],[-2.25301,42.50157],[-2.25485,42.50091],[-2.24915,42.49864],[-2.24633,42.49919],[-2.23803,42.50413],[-2.23585,42.51108],[-2.23081,42.51414],[-2.23548,42.5205],[-2.24979,42.52831],[-2.25392,42.53212],[-2.2502,42.53916],[-2.25181,42.54762],[-2.24998,42.55129],[-2.23987,42.55713],[-2.23373,42.55892],[-2.23831,42.56296],[-2.23409,42.56678],[-2.24789,42.57028],[-2.26431,42.56923],[-2.27239,42.5706],[-2.27338,42.56983]]]}},{"type":"Feature","properties":{"mun_code":"53081","mun_name":"Sierra de Lokiz","mun_name_local":null,"prov_code":"31","prov_name":"Navarra","acom_code":"15","acom_name":"Comunidad Foral de Navarra","geo_point_2d":{"lon":-2.1782997030849387,"lat":42.72586933988112}},"geometry":{"type":"Polygon","coordinates":[[[-2.27344,42.74187],[-2.26387,42.73642],[-2.25767,42.73604],[-2.24357,42.73172],[-2.24117,42.734],[-2.22836,42.73287],[-2.20778,42.72452],[-2.20759,42.72163],[-2.19698,42.71633],[-2.19494,42.70482],[-2.20569,42.69771],[-2.2072,42.69318],[-2.21503,42.68899],[-2.21385,42.68613],[-2.20989,42.68364],[-2.21106,42.67884],[-2.1882,42.67254],[-2.17921,42.6719],[-2.17767,42.6796],[-2.17565,42.68056],[-2.16811,42.67158],[-2.16589,42.67072],[-2.16517,42.6722],[-2.15957,42.67322],[-2.1449,42.66932],[-2.14118,42.66736],[-2.13233,42.65758],[-2.12754,42.65611],[-2.12846,42.66309],[-2.14515,42.67165],[-2.14299,42.67442],[-2.14364,42.67605],[-2.15127,42.6766],[-2.15309,42.67845],[-2.15726,42.67884],[-2.15525,42.68549],[-2.15897,42.68773],[-2.1545,42.69296],[-2.14923,42.69299],[-2.14849,42.69157],[-2.14441,42.69421],[-2.14445,42.70244],[-2.14769,42.70667],[-2.14647,42.70887],[-2.13962,42.70713],[-2.1356,42.70851],[-2.1327,42.7079],[-2.1322,42.70971],[-2.12769,42.71096],[-2.11919,42.72451],[-2.10941,42.73296],[-2.10878,42.73643],[-2.11154,42.74008],[-2.11086,42.74157],[-2.1086,42.74135],[-2.10879,42.7445],[-2.11251,42.74958],[-2.10132,42.75414],[-2.10033,42.75268],[-2.10174,42.75578],[-2.11567,42.75898],[-2.11856,42.76455],[-2.12042,42.7644],[-2.1218,42.76221],[-2.12658,42.76456],[-2.12888,42.76334],[-2.13124,42.76428],[-2.13998,42.7634],[-2.14016,42.76195],[-2.14712,42.76104],[-2.1494,42.75941],[-2.15405,42.76074],[-2.15624,42.75819],[-2.15854,42.75843],[-2.16117,42.75515],[-2.1681,42.75648],[-2.17026,42.75521],[-2.17794,42.75471],[-2.18172,42.75216],[-2.18362,42.75308],[-2.18651,42.75175],[-2.19225,42.7528],[-2.19377,42.75202],[-2.19691,42.75305],[-2.20206,42.75135],[-2.20682,42.75358],[-2.20649,42.75585],[-2.21121,42.75465],[-2.21546,42.7558],[-2.21988,42.75503],[-2.22383,42.75643],[-2.22383,42.75749],[-2.23018,42.75849],[-2.23172,42.76174],[-2.23783,42.7584],[-2.24203,42.76174],[-2.24455,42.76141],[-2.24518,42.75964],[-2.25294,42.76174],[-2.25493,42.76101],[-2.26131,42.76379],[-2.26396,42.76711],[-2.27035,42.76548],[-2.27328,42.76858],[-2.26621,42.75294],[-2.26208,42.74898],[-2.2625,42.74781],[-2.26766,42.74787],[-2.27326,42.74299],[-2.27344,42.74187]]]}},{"type":"Feature","properties":{"mun_code":"31120","mun_name":"Guesálaz","mun_name_local":"Gesalatz","prov_code":"31","prov_name":"Navarra","acom_code":"15","acom_name":"Comunidad Foral de Navarra","geo_point_2d":{"lon":-1.922281662276182,"lat":42.76378409568481}},"geometry":{"type":"MultiPolygon","coordinates":[[[[-1.93524,42.8177],[-1.93535,42.81419],[-1.93903,42.81536],[-1.94182,42.81217],[-1.94927,42.82033],[-1.95157,42.81949],[-1.95426,42.81427],[-1.95622,42.81366],[-1.96168,42.81411],[-1.97349,42.8213],[-1.98294,42.81372],[-1.99014,42.81171],[-1.98733,42.79779],[-1.98533,42.79543],[-1.98521,42.78312],[-1.97828,42.78147],[-1.97605,42.77883],[-1.96807,42.77501],[-1.96655,42.76915],[-1.96309,42.76718],[-1.94819,42.76761],[-1.94467,42.76276],[-1.93949,42.76223],[-1.9435,42.75989],[-1.94487,42.74935],[-1.93638,42.74399],[-1.93798,42.74133],[-1.93454,42.73866],[-1.93161,42.73833],[-1.93207,42.73453],[-1.93533,42.73391],[-1.93705,42.7319],[-1.93611,42.73056],[-1.93749,42.72813],[-1.93516,42.72491],[-1.94493,42.72255],[-1.94738,42.7238],[-1.94865,42.72223],[-1.95224,42.72444],[-1.95864,42.71717],[-1.94322,42.70589],[-1.94395,42.70182],[-1.93031,42.6982],[-1.93386,42.69626],[-1.93186,42.69216],[-1.93316,42.68928],[-1.93014,42.68784],[-1.92106,42.69453],[-1.91472,42.69653],[-1.90574,42.69464],[-1.89829,42.69631],[-1.89721,42.70123],[-1.89852,42.70365],[-1.89581,42.70664],[-1.89203,42.70778],[-1.89042,42.71084],[-1.89244,42.72697],[-1.89485,42.73168],[-1.88989,42.7352],[-1.88725,42.73378],[-1.88346,42.73722],[-1.8818,42.73604],[-1.87196,42.74987],[-1.87117,42.7542],[-1.87353,42.75557],[-1.87822,42.75438],[-1.88789,42.75615],[-1.89257,42.75829],[-1.89342,42.76143],[-1.90269,42.76448],[-1.90353,42.76534],[-1.89992,42.77074],[-1.90231,42.77486],[-1.89705,42.78064],[-1.89591,42.78415],[-1.89749,42.79427],[-1.89586,42.79561],[-1.89553,42.79991],[-1.90247,42.80084],[-1.91773,42.79848],[-1.91902,42.8056],[-1.92228,42.8107],[-1.92776,42.81525],[-1.9332,42.81653],[-1.93524,42.8177]]],[[[-1.85173,42.80649],[-1.86192,42.80766],[-1.86556,42.8069],[-1.8705,42.80998],[-1.87255,42.80772],[-1.86945,42.78791],[-1.87247,42.77936],[-1.869,42.77461],[-1.85856,42.76899],[-1.8534,42.77075],[-1.85099,42.77036],[-1.84834,42.7807],[-1.84392,42.78656],[-1.84837,42.79612],[-1.84772,42.80376],[-1.85001,42.8053],[-1.85173,42.80649]]]]}},{"type":"Feature","properties":{"mun_code":"31249","mun_name":"Valtierra","mun_name_local":null,"prov_code":"31","prov_name":"Navarra","acom_code":"15","acom_name":"Comunidad Foral de Navarra","geo_point_2d":{"lon":-1.615986048295162,"lat":42.21534469037689}},"geometry":{"type":"MultiPolygon","coordinates":[[[[-1.64483,42.25097],[-1.64376,42.24696],[-1.65655,42.22335],[-1.67304,42.21136],[-1.67703,42.20706],[-1.67779,42.20169],[-1.68171,42.20022],[-1.68188,42.1937],[-1.6787,42.18895],[-1.68337,42.17708],[-1.67721,42.17409],[-1.66748,42.17273],[-1.66433,42.16986],[-1.65671,42.16968],[-1.65332,42.17257],[-1.65688,42.17923],[-1.65369,42.18094],[-1.64884,42.18066],[-1.64191,42.17393],[-1.64249,42.17144],[-1.64734,42.16685],[-1.64685,42.16519],[-1.63719,42.15564],[-1.63201,42.16832],[-1.63193,42.17555],[-1.62432,42.1792],[-1.62207,42.18393],[-1.61034,42.19575],[-1.59695,42.2132],[-1.60136,42.21642],[-1.59637,42.22539],[-1.61732,42.23363],[-1.64156,42.24917],[-1.64483,42.25097]]],[[[-1.52817,42.22858],[-1.52701,42.22705],[-1.52284,42.22794],[-1.51702,42.23218],[-1.51617,42.25771],[-1.52548,42.26237],[-1.53166,42.26259],[-1.53833,42.26986],[-1.54678,42.27111],[-1.55224,42.27354],[-1.55527,42.27333],[-1.56227,42.26256],[-1.55552,42.25976],[-1.55325,42.25593],[-1.54895,42.25415],[-1.5489,42.24665],[-1.55089,42.2463],[-1.55369,42.24806],[-1.55665,42.24247],[-1.55235,42.23868],[-1.53438,42.23197],[-1.53154,42.23221],[-1.52973,42.22979],[-1.52817,42.22858]]]]}},{"type":"Feature","properties":{"mun_code":"31904","mun_name":"Irurtzun","mun_name_local":null,"prov_code":"31","prov_name":"Navarra","acom_code":"15","acom_name":"Comunidad Foral de Navarra","geo_point_2d":{"lon":-1.824105034487789,"lat":42.92389820370839}},"geometry":{"type":"Polygon","coordinates":[[[-1.82881,42.93764],[-1.82972,42.93591],[-1.82772,42.92841],[-1.82985,42.92524],[-1.83703,42.92021],[-1.83627,42.91358],[-1.82895,42.9134],[-1.81961,42.90968],[-1.81931,42.91655],[-1.81075,42.92799],[-1.82571,42.94021],[-1.82846,42.938],[-1.82881,42.93764]]]}},{"type":"Feature","properties":{"mun_code":"31198","mun_name":"Oronz","mun_name_local":"Orontze","prov_code":"31","prov_name":"Navarra","acom_code":"15","acom_name":"Comunidad Foral de Navarra","geo_point_2d":{"lon":-1.0734271625716205,"lat":42.87540361032346}},"geometry":{"type":"Polygon","coordinates":[[[-1.12088,42.87754],[-1.11868,42.87216],[-1.11398,42.87082],[-1.11281,42.86888],[-1.10745,42.8691],[-1.10017,42.86403],[-1.08941,42.86116],[-1.0814,42.86591],[-1.07785,42.8641],[-1.06894,42.86807],[-1.05883,42.86672],[-1.05482,42.87346],[-1.04718,42.87787],[-1.01444,42.87164],[-1.02316,42.87887],[-1.03856,42.88354],[-1.04751,42.88921],[-1.05321,42.88967],[-1.07727,42.88083],[-1.07779,42.87968],[-1.0902,42.87751],[-1.10455,42.88086],[-1.1135,42.88003],[-1.12088,42.87754]]]}},{"type":"Feature","properties":{"mun_code":"31014","mun_name":"Ancín","mun_name_local":"Antzin","prov_code":"31","prov_name":"Navarra","acom_code":"15","acom_name":"Comunidad Foral de Navarra","geo_point_2d":{"lon":-2.1872406537439435,"lat":42.664802152614236}},"geometry":{"type":"Polygon","coordinates":[[[-2.21924,42.6837],[-2.20872,42.67409],[-2.20667,42.66527],[-2.20961,42.66219],[-2.20745,42.66133],[-2.199,42.65136],[-2.1996,42.64965],[-2.19735,42.64841],[-2.1915,42.64681],[-2.18981,42.65243],[-2.17704,42.65537],[-2.16726,42.65182],[-2.16306,42.65256],[-2.16387,42.65722],[-2.16048,42.66545],[-2.1643,42.66973],[-2.16811,42.67158],[-2.17367,42.67957],[-2.17565,42.68056],[-2.17767,42.6796],[-2.17921,42.6719],[-2.18561,42.67218],[-2.21106,42.67884],[-2.21027,42.68409],[-2.21438,42.68672],[-2.21654,42.68463],[-2.21924,42.6837]]]}},{"type":"Feature","properties":{"mun_code":"31124","mun_name":"Ibargoiti","mun_name_local":null,"prov_code":"31","prov_name":"Navarra","acom_code":"15","acom_name":"Comunidad Foral de Navarra","geo_point_2d":{"lon":-1.457483660753355,"lat":42.674300644401825}},"geometry":{"type":"Polygon","coordinates":[[[-1.5428,42.67738],[-1.53548,42.67105],[-1.52945,42.66909],[-1.51635,42.66777],[-1.50033,42.65982],[-1.49454,42.65946],[-1.48989,42.65508],[-1.48525,42.65356],[-1.48151,42.65455],[-1.47491,42.65182],[-1.46337,42.64977],[-1.45375,42.64412],[-1.44753,42.64723],[-1.43654,42.64284],[-1.42767,42.64127],[-1.41887,42.64137],[-1.4186,42.64588],[-1.41541,42.65098],[-1.41208,42.65043],[-1.41115,42.65169],[-1.41103,42.65675],[-1.40884,42.66057],[-1.39952,42.66008],[-1.3778,42.66567],[-1.37974,42.67449],[-1.37917,42.6818],[-1.39682,42.67587],[-1.39976,42.6852],[-1.4188,42.68921],[-1.42404,42.69223],[-1.42697,42.70004],[-1.44064,42.69931],[-1.43492,42.70483],[-1.4401,42.70962],[-1.45027,42.70673],[-1.45843,42.69834],[-1.46067,42.69887],[-1.46378,42.6965],[-1.47351,42.70272],[-1.47801,42.69882],[-1.48983,42.69614],[-1.49308,42.6971],[-1.50025,42.69039],[-1.50651,42.68955],[-1.51319,42.6935],[-1.52539,42.68907],[-1.53305,42.68843],[-1.53808,42.68637],[-1.53806,42.68124],[-1.54269,42.67802],[-1.5428,42.67738]]]}},{"type":"Feature","properties":{"mun_code":"31129","mun_name":"Ituren","mun_name_local":null,"prov_code":"31","prov_name":"Navarra","acom_code":"15","acom_name":"Comunidad Foral de Navarra","geo_point_2d":{"lon":-1.7206158562014997,"lat":43.135662593507725}},"geometry":{"type":"Polygon","coordinates":[[[-1.75001,43.1542],[-1.74694,43.14946],[-1.74574,43.14133],[-1.7358,43.13167],[-1.73083,43.1292],[-1.73229,43.12749],[-1.72462,43.11916],[-1.72476,43.11692],[-1.73595,43.10876],[-1.73063,43.10939],[-1.72912,43.10725],[-1.71832,43.11134],[-1.71566,43.11092],[-1.71365,43.11255],[-1.70954,43.1117],[-1.71052,43.10584],[-1.70413,43.10758],[-1.70627,43.11278],[-1.69634,43.11707],[-1.69928,43.11951],[-1.70013,43.12349],[-1.69409,43.12944],[-1.69481,43.13259],[-1.69696,43.13342],[-1.69732,43.13841],[-1.7023,43.14002],[-1.70343,43.14378],[-1.70597,43.14398],[-1.71098,43.15532],[-1.72271,43.15747],[-1.72573,43.16138],[-1.74906,43.15442],[-1.75001,43.1542]]]}},{"type":"Feature","properties":{"mun_code":"31225","mun_name":"Sorlada","mun_name_local":null,"prov_code":"31","prov_name":"Navarra","acom_code":"15","acom_name":"Comunidad Foral de Navarra","geo_point_2d":{"lon":-2.214518804935431,"lat":42.6113823890926}},"geometry":{"type":"Polygon","coordinates":[[[-2.23795,42.62242],[-2.23672,42.61404],[-2.23266,42.61374],[-2.23133,42.6179],[-2.23141,42.61236],[-2.21924,42.60932],[-2.21119,42.60177],[-2.2097,42.59044],[-2.20694,42.58865],[-2.20215,42.58922],[-2.19978,42.60797],[-2.19714,42.61294],[-2.1986,42.61729],[-2.20563,42.61674],[-2.21024,42.62199],[-2.22647,42.62552],[-2.23756,42.62193],[-2.23795,42.62242]]]}},{"type":"Feature","properties":{"mun_code":"31063","mun_name":"Cabredo","mun_name_local":null,"prov_code":"31","prov_name":"Navarra","acom_code":"15","acom_name":"Comunidad Foral de Navarra","geo_point_2d":{"lon":-2.424726166155649,"lat":42.634873735087965}},"geometry":{"type":"Polygon","coordinates":[[[-2.45459,42.63486],[-2.44953,42.63618],[-2.43817,42.63469],[-2.43374,42.62886],[-2.43288,42.61717],[-2.41709,42.61269],[-2.40309,42.62114],[-2.40579,42.62667],[-2.39837,42.63025],[-2.39954,42.63174],[-2.39834,42.63398],[-2.41752,42.6505],[-2.42077,42.65039],[-2.42999,42.65425],[-2.45008,42.64725],[-2.455,42.63959],[-2.45459,42.63486]]]}},{"type":"Feature","properties":{"mun_code":"31203","mun_name":"Petilla de Aragón","mun_name_local":null,"prov_code":"31","prov_name":"Navarra","acom_code":"15","acom_name":"Comunidad Foral de Navarra","geo_point_2d":{"lon":-1.1115992460571107,"lat":42.446471222443904}},"geometry":{"type":"MultiPolygon","coordinates":[[[[-1.14497,42.44187],[-1.15403,42.44148],[-1.16296,42.43234],[-1.16661,42.43251],[-1.18283,42.42459],[-1.18043,42.41752],[-1.18779,42.40533],[-1.1878,42.40303],[-1.18596,42.40186],[-1.18338,42.4011],[-1.17439,42.4038],[-1.17158,42.40665],[-1.15836,42.41002],[-1.15434,42.41446],[-1.15296,42.42816],[-1.15117,42.43168],[-1.14525,42.43638],[-1.14483,42.43891],[-1.14497,42.44187]]],[[[-1.10208,42.4828],[-1.10695,42.47831],[-1.11828,42.46153],[-1.12558,42.45586],[-1.12936,42.44672],[-1.12511,42.44518],[-1.11629,42.44508],[-1.10802,42.44132],[-1.09338,42.44018],[-1.08341,42.43713],[-1.08053,42.43841],[-1.06781,42.4346],[-1.06453,42.43603],[-1.06164,42.4344],[-1.05678,42.43412],[-1.05096,42.44192],[-1.05436,42.4488],[-1.05652,42.44834],[-1.06498,42.45395],[-1.06937,42.46638],[-1.07534,42.46812],[-1.08747,42.47469],[-1.08834,42.47586],[-1.08514,42.48336],[-1.09166,42.48573],[-1.09736,42.48601],[-1.10285,42.48433],[-1.10196,42.48337],[-1.10208,42.4828]]]]}},{"type":"Feature","properties":{"mun_code":"31027","mun_name":"Arbizu","mun_name_local":null,"prov_code":"31","prov_name":"Navarra","acom_code":"15","acom_name":"Comunidad Foral de Navarra","geo_point_2d":{"lon":-2.03983022083304,"lat":42.9318220314583}},"geometry":{"type":"Polygon","coordinates":[[[-2.057,42.93019],[-2.0565,42.93333],[-2.04763,42.93304],[-2.04837,42.92675],[-2.04008,42.92418],[-2.04534,42.92255],[-2.04787,42.91807],[-2.04619,42.91593],[-2.05026,42.91394],[-2.04444,42.89671],[-2.03184,42.89704],[-2.02714,42.90049],[-2.0233,42.90119],[-2.02148,42.90385],[-2.00359,42.90462],[-2.00751,42.90656],[-2.01011,42.90994],[-2.02877,42.91253],[-2.0351,42.91991],[-2.03769,42.9281],[-2.0409,42.92805],[-2.04018,42.93014],[-2.03402,42.93314],[-2.02976,42.94314],[-2.02957,42.95041],[-2.02556,42.95938],[-2.02748,42.96443],[-2.02659,42.9668],[-2.02866,42.9692],[-2.03439,42.97025],[-2.0405,42.96879],[-2.04282,42.95692],[-2.05106,42.95124],[-2.06539,42.95219],[-2.06052,42.94022],[-2.06301,42.93757],[-2.0701,42.93895],[-2.07102,42.93708],[-2.05813,42.93072],[-2.057,42.93019]]]}},{"type":"Feature","properties":{"mun_code":"31104","mun_name":"Falces","mun_name_local":null,"prov_code":"31","prov_name":"Navarra","acom_code":"15","acom_name":"Comunidad Foral de Navarra","geo_point_2d":{"lon":-1.81000071574577,"lat":42.419765500204285}},"geometry":{"type":"Polygon","coordinates":[[[-1.90863,42.43273],[-1.90397,42.42739],[-1.90683,42.42369],[-1.90582,42.41295],[-1.88523,42.40009],[-1.86945,42.38697],[-1.86452,42.38723],[-1.85592,42.38324],[-1.84626,42.38395],[-1.83699,42.37552],[-1.83318,42.37956],[-1.83155,42.37913],[-1.82786,42.38202],[-1.82348,42.38253],[-1.81337,42.38164],[-1.79534,42.37542],[-1.79243,42.37179],[-1.78851,42.3715],[-1.78166,42.3745],[-1.77441,42.37513],[-1.77484,42.38017],[-1.76674,42.38151],[-1.73525,42.39462],[-1.73097,42.39592],[-1.72379,42.3957],[-1.71644,42.39859],[-1.70747,42.39937],[-1.71648,42.40987],[-1.7145,42.4218],[-1.72066,42.42515],[-1.72361,42.4287],[-1.72305,42.43184],[-1.72778,42.43362],[-1.73195,42.43766],[-1.73613,42.43732],[-1.73829,42.43922],[-1.73741,42.44692],[-1.74449,42.4514],[-1.7471,42.4513],[-1.74814,42.45383],[-1.75373,42.4579],[-1.76432,42.46183],[-1.76776,42.46498],[-1.80462,42.46082],[-1.82245,42.45749],[-1.83724,42.45235],[-1.85062,42.44518],[-1.88418,42.45638],[-1.88892,42.4532],[-1.89369,42.4548],[-1.90031,42.45273],[-1.9083,42.43404],[-1.90863,42.43273]]]}},{"type":"Feature","properties":{"mun_code":"53066","mun_name":"Facería de Montejurra","mun_name_local":null,"prov_code":"31","prov_name":"Navarra","acom_code":"15","acom_name":"Comunidad Foral de Navarra","geo_point_2d":{"lon":-2.0715069478013906,"lat":42.625713596208}},"geometry":{"type":"Polygon","coordinates":[[[-2.0865,42.62094],[-2.0845,42.61964],[-2.07601,42.61951],[-2.06464,42.62264],[-2.0637,42.63302],[-2.07082,42.63253],[-2.07645,42.62855],[-2.07501,42.62261],[-2.0784,42.62362],[-2.08591,42.62102],[-2.0865,42.62094]]]}},{"type":"Feature","properties":{"mun_code":"31181","mun_name":"Navascués","mun_name_local":"Nabaskoze","prov_code":"31","prov_name":"Navarra","acom_code":"15","acom_name":"Comunidad Foral de Navarra","geo_point_2d":{"lon":-1.1159054001345519,"lat":42.729289320715914}},"geometry":{"type":"Polygon","coordinates":[[[-1.20478,42.73169],[-1.2045,42.72827],[-1.19636,42.7234],[-1.19906,42.71466],[-1.18751,42.71066],[-1.18031,42.71071],[-1.17744,42.70926],[-1.17142,42.71073],[-1.17122,42.71191],[-1.13863,42.69721],[-1.12897,42.6903],[-1.10526,42.68723],[-1.07056,42.68695],[-1.06447,42.68924],[-1.06285,42.69178],[-1.05426,42.6894],[-1.03343,42.69286],[-1.02905,42.69486],[-1.03091,42.69935],[-1.04335,42.70194],[-1.04122,42.70586],[-1.04216,42.71105],[-1.04031,42.71206],[-1.04206,42.71294],[-1.04204,42.71758],[-1.04691,42.72064],[-1.04726,42.73537],[-1.04966,42.73789],[-1.05032,42.74216],[-1.05037,42.746],[-1.0476,42.74785],[-1.04839,42.75393],[-1.05091,42.75783],[-1.07185,42.76259],[-1.08824,42.76111],[-1.10399,42.76712],[-1.10658,42.77229],[-1.10923,42.77331],[-1.1393,42.77602],[-1.14403,42.77269],[-1.15006,42.77141],[-1.16056,42.75611],[-1.16238,42.75551],[-1.16601,42.75713],[-1.1693,42.75572],[-1.17529,42.75747],[-1.18027,42.75171],[-1.19301,42.75771],[-1.19583,42.75651],[-1.20549,42.74472],[-1.20088,42.73611],[-1.20308,42.73264],[-1.20478,42.73169]]]}},{"type":"Feature","properties":{"mun_code":"31172","mun_name":"Monreal","mun_name_local":"Elo","prov_code":"31","prov_name":"Navarra","acom_code":"15","acom_name":"Comunidad Foral de Navarra","geo_point_2d":{"lon":-1.5267004605311292,"lat":42.70460491834953}},"geometry":{"type":"Polygon","coordinates":[[[-1.57262,42.68226],[-1.54346,42.67699],[-1.53806,42.68124],[-1.53808,42.68637],[-1.53673,42.68722],[-1.52539,42.68907],[-1.51319,42.6935],[-1.50651,42.68955],[-1.50025,42.69039],[-1.49308,42.6971],[-1.48983,42.69614],[-1.47801,42.69882],[-1.47351,42.70272],[-1.48695,42.70689],[-1.48845,42.71079],[-1.50124,42.71893],[-1.50484,42.7204],[-1.50733,42.71742],[-1.51235,42.71882],[-1.52445,42.72686],[-1.52332,42.72839],[-1.53237,42.73499],[-1.5377,42.73468],[-1.55491,42.72815],[-1.55693,42.72622],[-1.5554,42.7227],[-1.54745,42.72361],[-1.54285,42.72088],[-1.54344,42.71134],[-1.54814,42.70418],[-1.54942,42.69523],[-1.5581,42.69308],[-1.56803,42.69283],[-1.57101,42.68517],[-1.57262,42.68226]]]}},{"type":"Feature","properties":{"mun_code":"31202","mun_name":"Peralta","mun_name_local":"Azkoien","prov_code":"31","prov_name":"Navarra","acom_code":"15","acom_name":"Comunidad Foral de Navarra","geo_point_2d":{"lon":-1.802452986737399,"lat":42.35648025407706}},"geometry":{"type":"Polygon","coordinates":[[[-1.898,42.37024],[-1.87375,42.3495],[-1.87595,42.34495],[-1.88255,42.34006],[-1.86768,42.32809],[-1.85746,42.32167],[-1.84512,42.32574],[-1.84469,42.32353],[-1.82992,42.31606],[-1.82338,42.32435],[-1.81631,42.32925],[-1.81181,42.32552],[-1.80819,42.32654],[-1.79315,42.3225],[-1.78755,42.32625],[-1.77658,42.32877],[-1.77464,42.32895],[-1.7735,42.32612],[-1.76858,42.32505],[-1.75438,42.32691],[-1.75063,42.32936],[-1.74619,42.3297],[-1.74432,42.33522],[-1.72101,42.33656],[-1.70514,42.34105],[-1.71634,42.35734],[-1.71428,42.3594],[-1.71427,42.36398],[-1.72066,42.37613],[-1.72223,42.39606],[-1.73249,42.39548],[-1.76674,42.38151],[-1.77484,42.38017],[-1.77441,42.37513],[-1.78166,42.3745],[-1.78851,42.3715],[-1.79243,42.37179],[-1.79534,42.37542],[-1.81337,42.38164],[-1.82348,42.38253],[-1.82786,42.38202],[-1.83155,42.37913],[-1.83318,42.37956],[-1.83699,42.37552],[-1.84626,42.38395],[-1.85592,42.38324],[-1.86452,42.38723],[-1.86829,42.38644],[-1.88102,42.3969],[-1.88387,42.39687],[-1.88727,42.39524],[-1.8931,42.38706],[-1.89307,42.3759],[-1.89723,42.37334],[-1.8981,42.37037],[-1.898,42.37024]]]}},{"type":"Feature","properties":{"mun_code":"53063","mun_name":"Monte Comunal de las Limitaciones de las Améscoas","mun_name_local":null,"prov_code":"31","prov_name":"Navarra","acom_code":"15","acom_name":"Comunidad Foral de Navarra","geo_point_2d":{"lon":-2.1865863405867545,"lat":42.798182479982614}},"geometry":{"type":"Polygon","coordinates":[[[-2.27378,42.79118],[-2.2688,42.79077],[-2.25167,42.78362],[-2.2439,42.78459],[-2.23702,42.78018],[-2.23095,42.78437],[-2.21536,42.78224],[-2.20816,42.78304],[-2.19849,42.78104],[-2.19567,42.7788],[-2.17134,42.77455],[-2.16155,42.77572],[-2.15837,42.77293],[-2.15011,42.77608],[-2.14567,42.77987],[-2.14179,42.78629],[-2.14099,42.79863],[-2.13643,42.80514],[-2.13384,42.80629],[-2.12517,42.80474],[-2.1223,42.79612],[-2.09822,42.78584],[-2.09698,42.78452],[-2.09854,42.78137],[-2.09635,42.77845],[-2.08775,42.7814],[-2.07693,42.77294],[-2.06555,42.78022],[-2.06106,42.78064],[-2.05356,42.78608],[-2.0658,42.78905],[-2.07331,42.79596],[-2.09095,42.79874],[-2.10688,42.80425],[-2.11375,42.80871],[-2.12161,42.81153],[-2.13318,42.8119],[-2.14862,42.80413],[-2.16258,42.80057],[-2.18152,42.80218],[-2.20441,42.81617],[-2.21683,42.82039],[-2.22498,42.83022],[-2.23269,42.84382],[-2.23581,42.83449],[-2.25295,42.82068],[-2.26769,42.81341],[-2.27041,42.80892],[-2.26859,42.79511],[-2.27193,42.79214],[-2.27378,42.79118]]]}},{"type":"Feature","properties":{"mun_code":"31042","mun_name":"Azagra","mun_name_local":null,"prov_code":"31","prov_name":"Navarra","acom_code":"15","acom_name":"Comunidad Foral de Navarra","geo_point_2d":{"lon":-1.874348118427461,"lat":42.29910033322205}},"geometry":{"type":"Polygon","coordinates":[[[-1.91851,42.32696],[-1.91646,42.32433],[-1.91932,42.31906],[-1.91897,42.31614],[-1.91557,42.31304],[-1.90933,42.31113],[-1.90706,42.30847],[-1.9082,42.30518],[-1.91465,42.30132],[-1.91382,42.30011],[-1.89531,42.29101],[-1.88436,42.28779],[-1.87968,42.28709],[-1.87287,42.29001],[-1.87007,42.28813],[-1.86976,42.28127],[-1.86621,42.2754],[-1.86883,42.2662],[-1.8762,42.25899],[-1.87434,42.25445],[-1.87052,42.25203],[-1.85576,42.24965],[-1.85311,42.25214],[-1.85323,42.25802],[-1.85056,42.25937],[-1.84328,42.25328],[-1.84303,42.2623],[-1.83679,42.27552],[-1.84445,42.29622],[-1.85202,42.31123],[-1.85607,42.31566],[-1.85846,42.32268],[-1.86732,42.32782],[-1.88255,42.34006],[-1.91362,42.32695],[-1.91305,42.32907],[-1.91941,42.3342],[-1.91776,42.32729],[-1.91851,42.32696]]]}},{"type":"Feature","properties":{"mun_code":"31236","mun_name":"Ultzama","mun_name_local":null,"prov_code":"31","prov_name":"Navarra","acom_code":"15","acom_name":"Comunidad Foral de Navarra","geo_point_2d":{"lon":-1.6863908675121722,"lat":43.00965195429543}},"geometry":{"type":"Polygon","coordinates":[[[-1.75691,42.9787],[-1.74301,42.97947],[-1.74305,42.98171],[-1.73557,42.98221],[-1.73097,42.98487],[-1.72411,42.98419],[-1.71276,42.98019],[-1.71297,42.97397],[-1.70821,42.97147],[-1.70259,42.97098],[-1.70438,42.95841],[-1.70217,42.95485],[-1.69758,42.95184],[-1.69236,42.94948],[-1.68125,42.94786],[-1.67641,42.95327],[-1.67668,42.95512],[-1.66581,42.95593],[-1.65908,42.95261],[-1.65909,42.95487],[-1.65455,42.9553],[-1.65116,42.95936],[-1.64067,42.9618],[-1.64331,42.96736],[-1.64295,42.97499],[-1.65036,42.98026],[-1.64696,42.98187],[-1.63892,42.9819],[-1.63346,42.98736],[-1.63481,42.99603],[-1.63255,43.01146],[-1.62684,43.02047],[-1.61994,43.02548],[-1.6125,43.02813],[-1.61088,43.03125],[-1.60499,43.03498],[-1.60149,43.03955],[-1.61356,43.0431],[-1.62462,43.0422],[-1.63148,43.04002],[-1.63713,43.04343],[-1.64637,43.05284],[-1.66845,43.05831],[-1.68322,43.05796],[-1.68653,43.05625],[-1.71327,43.05227],[-1.7192,43.05448],[-1.72222,43.05754],[-1.72228,43.05586],[-1.72818,43.05424],[-1.73067,43.05213],[-1.73416,43.05193],[-1.75169,43.03298],[-1.74884,43.02107],[-1.74944,43.00993],[-1.74992,43.00694],[-1.75576,42.99867],[-1.75898,42.9842],[-1.75806,42.98222],[-1.75691,42.9787]]]}},{"type":"Feature","properties":{"mun_code":"31908","mun_name":"Lekunberri","mun_name_local":null,"prov_code":"31","prov_name":"Navarra","acom_code":"15","acom_name":"Comunidad Foral de Navarra","geo_point_2d":{"lon":-1.9044229645732873,"lat":43.01091667896573}},"geometry":{"type":"Polygon","coordinates":[[[-1.89354,42.99628],[-1.89192,42.99873],[-1.88429,43.00081],[-1.887,43.00741],[-1.89395,43.01121],[-1.8897,43.02183],[-1.892,43.02421],[-1.89141,43.02777],[-1.89322,43.02971],[-1.89831,43.02731],[-1.90391,43.02194],[-1.91385,43.01946],[-1.91789,43.01502],[-1.92496,43.01482],[-1.92458,43.01203],[-1.92743,43.01061],[-1.92481,43.00455],[-1.92005,43.00168],[-1.91779,43.00122],[-1.91539,43.0029],[-1.90718,43.00073],[-1.90488,43.0012],[-1.8972,42.99867],[-1.89439,42.9963],[-1.89354,42.99628]]]}},{"type":"Feature","properties":{"mun_code":"31028","mun_name":"Arce","mun_name_local":"Artzi","prov_code":"31","prov_name":"Navarra","acom_code":"15","acom_name":"Comunidad Foral de Navarra","geo_point_2d":{"lon":-1.3485465099762592,"lat":42.875078851552516}},"geometry":{"type":"Polygon","coordinates":[[[-1.43489,42.87741],[-1.43176,42.87697],[-1.42654,42.87988],[-1.42024,42.87809],[-1.42034,42.87477],[-1.41243,42.87507],[-1.41396,42.87139],[-1.42386,42.86842],[-1.42545,42.86607],[-1.42823,42.85796],[-1.42655,42.84747],[-1.43063,42.84414],[-1.42957,42.83992],[-1.43075,42.83528],[-1.43424,42.83391],[-1.43511,42.82886],[-1.42937,42.82077],[-1.4262,42.82082],[-1.42375,42.82311],[-1.41915,42.81538],[-1.41116,42.81168],[-1.40136,42.81713],[-1.39827,42.82285],[-1.39827,42.8271],[-1.41048,42.82944],[-1.40498,42.83521],[-1.40523,42.83713],[-1.40131,42.8399],[-1.39369,42.8351],[-1.38137,42.83795],[-1.37589,42.83596],[-1.36507,42.83543],[-1.36263,42.82898],[-1.3549,42.82598],[-1.35353,42.82036],[-1.34311,42.82255],[-1.34118,42.82765],[-1.33688,42.83234],[-1.33293,42.83263],[-1.32607,42.8299],[-1.3248,42.82307],[-1.31375,42.82398],[-1.31105,42.81858],[-1.3046,42.81566],[-1.3012,42.81139],[-1.27644,42.81151],[-1.27355,42.81403],[-1.26731,42.81534],[-1.26225,42.82476],[-1.26584,42.83344],[-1.2621,42.83713],[-1.2618,42.8407],[-1.25434,42.84337],[-1.25106,42.84764],[-1.25276,42.85474],[-1.26364,42.86045],[-1.26356,42.86235],[-1.25997,42.86694],[-1.24418,42.8753],[-1.24548,42.88875],[-1.24841,42.88926],[-1.25186,42.89202],[-1.26606,42.89384],[-1.26763,42.88992],[-1.27665,42.88688],[-1.28912,42.88555],[-1.29541,42.8822],[-1.30294,42.88514],[-1.30824,42.88343],[-1.31221,42.87991],[-1.31898,42.8799],[-1.32172,42.88114],[-1.32434,42.87757],[-1.32732,42.87961],[-1.32384,42.88229],[-1.32423,42.8855],[-1.32218,42.88656],[-1.32014,42.89317],[-1.32879,42.89577],[-1.3321,42.89915],[-1.33254,42.9041],[-1.34075,42.90724],[-1.34081,42.91127],[-1.33741,42.91684],[-1.32936,42.92064],[-1.32866,42.92286],[-1.33183,42.92979],[-1.32603,42.93485],[-1.33387,42.941],[-1.33537,42.94796],[-1.33984,42.95048],[-1.34615,42.95918],[-1.35572,42.96725],[-1.35865,42.96207],[-1.36375,42.96045],[-1.36375,42.95656],[-1.36785,42.95662],[-1.37194,42.95294],[-1.37649,42.95487],[-1.38846,42.9514],[-1.39701,42.94257],[-1.40622,42.93109],[-1.40197,42.92924],[-1.40659,42.92636],[-1.40722,42.92428],[-1.40411,42.92218],[-1.40454,42.91783],[-1.40037,42.91696],[-1.39787,42.9143],[-1.39543,42.90779],[-1.40306,42.9077],[-1.41121,42.90221],[-1.41971,42.90189],[-1.42238,42.90017],[-1.4336,42.89099],[-1.43404,42.87925],[-1.43489,42.87741]]]}},{"type":"Feature","properties":{"mun_code":"31085","mun_name":"Etxauri","mun_name_local":null,"prov_code":"31","prov_name":"Navarra","acom_code":"15","acom_name":"Comunidad Foral de Navarra","geo_point_2d":{"lon":-1.8091496577713198,"lat":42.80066087358878}},"geometry":{"type":"Polygon","coordinates":[[[-1.85173,42.80649],[-1.84772,42.80376],[-1.84824,42.79594],[-1.84315,42.79892],[-1.82485,42.79838],[-1.80554,42.79553],[-1.8027,42.7828],[-1.79599,42.78349],[-1.79237,42.7798],[-1.78969,42.77902],[-1.77358,42.7816],[-1.77364,42.78298],[-1.78071,42.78645],[-1.77896,42.79026],[-1.77982,42.79186],[-1.76375,42.78716],[-1.76099,42.78871],[-1.76326,42.79387],[-1.78097,42.79794],[-1.77877,42.80197],[-1.77992,42.80542],[-1.80119,42.80599],[-1.80734,42.80775],[-1.81188,42.81478],[-1.81724,42.8191],[-1.82756,42.81625],[-1.82991,42.82083],[-1.83859,42.82089],[-1.83997,42.81572],[-1.85279,42.80872],[-1.85181,42.80676],[-1.85173,42.80649]]]}},{"type":"Feature","properties":{"mun_code":"31029","mun_name":"Los Arcos","mun_name_local":null,"prov_code":"31","prov_name":"Navarra","acom_code":"15","acom_name":"Comunidad Foral de Navarra","geo_point_2d":{"lon":-2.1892558125869344,"lat":42.54403653144074}},"geometry":{"type":"Polygon","coordinates":[[[-2.23409,42.56678],[-2.23831,42.56296],[-2.23373,42.55892],[-2.2261,42.55545],[-2.22422,42.5514],[-2.22548,42.54942],[-2.22276,42.5483],[-2.2173,42.55016],[-2.21294,42.54891],[-2.21067,42.5465],[-2.21182,42.54064],[-2.21509,42.54089],[-2.21721,42.53633],[-2.22428,42.53273],[-2.22904,42.52184],[-2.23081,42.51414],[-2.22943,42.51263],[-2.19467,42.50211],[-2.1944,42.49941],[-2.19788,42.49538],[-2.19261,42.49312],[-2.17637,42.48878],[-2.16216,42.48839],[-2.15573,42.50625],[-2.15163,42.5102],[-2.14817,42.51716],[-2.1576,42.52519],[-2.15852,42.53139],[-2.15721,42.53361],[-2.16157,42.53954],[-2.15839,42.54424],[-2.16633,42.55388],[-2.15818,42.55952],[-2.16545,42.5646],[-2.16372,42.58128],[-2.1607,42.58172],[-2.15924,42.58506],[-2.15944,42.60156],[-2.17103,42.60182],[-2.17231,42.60486],[-2.18215,42.60159],[-2.18945,42.59244],[-2.1906,42.58869],[-2.1962,42.58862],[-2.19833,42.58976],[-2.20551,42.5869],[-2.20898,42.58776],[-2.2127,42.58587],[-2.21124,42.58448],[-2.21445,42.58357],[-2.21637,42.58072],[-2.22905,42.57396],[-2.23375,42.5675],[-2.23409,42.56678]]]}},{"type":"Feature","properties":{"mun_code":"31112","mun_name":"Garaioa","mun_name_local":null,"prov_code":"31","prov_name":"Navarra","acom_code":"15","acom_name":"Comunidad Foral de Navarra","geo_point_2d":{"lon":-1.2474414993497782,"lat":42.91887376908328}},"geometry":{"type":"Polygon","coordinates":[[[-1.28748,42.92377],[-1.28242,42.92014],[-1.2803,42.91614],[-1.2778,42.91564],[-1.27656,42.91179],[-1.27323,42.90938],[-1.26606,42.89384],[-1.25186,42.89202],[-1.24841,42.88926],[-1.24548,42.88875],[-1.24434,42.89292],[-1.23556,42.90275],[-1.23243,42.90978],[-1.22418,42.92057],[-1.21601,42.92058],[-1.2146,42.91811],[-1.21144,42.91771],[-1.20724,42.9214],[-1.19674,42.92382],[-1.19302,42.9261],[-1.19378,42.92885],[-1.187,42.93356],[-1.19446,42.93571],[-1.19702,42.93081],[-1.20264,42.9279],[-1.22487,42.93247],[-1.22883,42.93582],[-1.24307,42.93983],[-1.24962,42.94355],[-1.25362,42.93826],[-1.25964,42.93505],[-1.26704,42.9351],[-1.26785,42.93295],[-1.27386,42.93396],[-1.27952,42.93018],[-1.28526,42.93079],[-1.28522,42.93186],[-1.28616,42.92432],[-1.28748,42.92377]]]}},{"type":"Feature","properties":{"mun_code":"31164","mun_name":"Mélida","mun_name_local":null,"prov_code":"31","prov_name":"Navarra","acom_code":"15","acom_name":"Comunidad Foral de Navarra","geo_point_2d":{"lon":-1.528784153998354,"lat":42.346254458487174}},"geometry":{"type":"MultiPolygon","coordinates":[[[[-1.44512,42.31157],[-1.46871,42.32584],[-1.47681,42.3218],[-1.47468,42.31867],[-1.46385,42.31227],[-1.45408,42.30939],[-1.45003,42.31087],[-1.44512,42.31157]]],[[[-1.50416,42.36146],[-1.50564,42.3683],[-1.51434,42.36841],[-1.52025,42.3714],[-1.52448,42.37177],[-1.52761,42.37144],[-1.52813,42.36717],[-1.53118,42.3666],[-1.53495,42.36868],[-1.53968,42.36931],[-1.53921,42.37263],[-1.54151,42.37492],[-1.54633,42.37268],[-1.54593,42.37056],[-1.55179,42.36062],[-1.55888,42.36722],[-1.56272,42.36644],[-1.56326,42.36162],[-1.5665,42.36014],[-1.57663,42.36953],[-1.58098,42.36994],[-1.58468,42.36745],[-1.57191,42.35855],[-1.56854,42.35382],[-1.56226,42.35178],[-1.56343,42.34937],[-1.55903,42.33455],[-1.53872,42.31727],[-1.53269,42.31887],[-1.53009,42.3224],[-1.52178,42.32665],[-1.51897,42.33256],[-1.51166,42.33593],[-1.50889,42.34179],[-1.49782,42.33802],[-1.49678,42.34057],[-1.49854,42.35212],[-1.5041,42.36111],[-1.50416,42.36146]]]]}},{"type":"Feature","properties":{"mun_code":"31261","mun_name":"Yesa","mun_name_local":null,"prov_code":"31","prov_name":"Navarra","acom_code":"15","acom_name":"Comunidad Foral de Navarra","geo_point_2d":{"lon":-1.1927096609070957,"lat":42.626959250021265}},"geometry":{"type":"Polygon","coordinates":[[[-1.23992,42.63241],[-1.23813,42.62857],[-1.24368,42.62632],[-1.24081,42.62014],[-1.23799,42.62106],[-1.23326,42.62021],[-1.22218,42.61257],[-1.21922,42.61304],[-1.21845,42.61095],[-1.17548,42.60313],[-1.17525,42.60599],[-1.18004,42.60786],[-1.17878,42.61513],[-1.16992,42.61691],[-1.15712,42.61089],[-1.15701,42.62367],[-1.1543,42.63242],[-1.15466,42.64158],[-1.15241,42.64757],[-1.1587,42.64851],[-1.1789,42.64488],[-1.20844,42.64195],[-1.21531,42.63979],[-1.219,42.63493],[-1.22563,42.63356],[-1.23534,42.63375],[-1.23992,42.63241]]]}},{"type":"Feature","properties":{"mun_code":"31053","mun_name":"Berbinzana","mun_name_local":null,"prov_code":"31","prov_name":"Navarra","acom_code":"15","acom_name":"Comunidad Foral de Navarra","geo_point_2d":{"lon":-1.8411953287068554,"lat":42.519317899075276}},"geometry":{"type":"Polygon","coordinates":[[[-1.88415,42.50261],[-1.87085,42.51002],[-1.85507,42.51343],[-1.84831,42.50857],[-1.84141,42.50931],[-1.83455,42.50754],[-1.83451,42.50356],[-1.83034,42.51134],[-1.80426,42.51494],[-1.79439,42.51351],[-1.79269,42.51873],[-1.78876,42.52055],[-1.82199,42.52694],[-1.83451,42.5326],[-1.84381,42.53378],[-1.87754,42.52149],[-1.88399,42.50834],[-1.88426,42.50311],[-1.88415,42.50261]]]}},{"type":"Feature","properties":{"mun_code":"31235","mun_name":"Ujué","mun_name_local":"Uxue","prov_code":"31","prov_name":"Navarra","acom_code":"15","acom_name":"Comunidad Foral de Navarra","geo_point_2d":{"lon":-1.4916423508436571,"lat":42.47516416577212}},"geometry":{"type":"Polygon","coordinates":[[[-1.57468,42.45629],[-1.53307,42.44135],[-1.52033,42.44573],[-1.51227,42.44427],[-1.50845,42.43547],[-1.52681,42.42359],[-1.5262,42.41913],[-1.52844,42.41527],[-1.52273,42.41408],[-1.51683,42.41317],[-1.51306,42.41441],[-1.51114,42.41874],[-1.50616,42.42009],[-1.4959,42.42063],[-1.47327,42.41583],[-1.46366,42.42044],[-1.45527,42.41955],[-1.44572,42.42391],[-1.43824,42.42313],[-1.43463,42.42539],[-1.42706,42.4259],[-1.41976,42.42299],[-1.41786,42.42535],[-1.42014,42.43272],[-1.41941,42.43978],[-1.42327,42.44644],[-1.42279,42.44929],[-1.41899,42.45319],[-1.42423,42.45828],[-1.4364,42.4655],[-1.44272,42.4742],[-1.44197,42.47709],[-1.44475,42.48261],[-1.44401,42.48597],[-1.44944,42.49522],[-1.44845,42.50014],[-1.45017,42.50664],[-1.45522,42.51403],[-1.45434,42.5331],[-1.47035,42.53616],[-1.47327,42.53512],[-1.47959,42.53747],[-1.48323,42.54093],[-1.48879,42.54269],[-1.49622,42.54306],[-1.5003,42.5456],[-1.51025,42.54516],[-1.51793,42.54631],[-1.52755,42.5438],[-1.52294,42.53647],[-1.52456,42.53484],[-1.52307,42.52745],[-1.52759,42.52091],[-1.52889,42.51448],[-1.53345,42.5118],[-1.53487,42.50704],[-1.54199,42.50421],[-1.55982,42.47421],[-1.57415,42.45671],[-1.57468,42.45629]]]}},{"type":"Feature","properties":{"mun_code":"31139","mun_name":"Lana","mun_name_local":null,"prov_code":"31","prov_name":"Navarra","acom_code":"15","acom_name":"Comunidad Foral de Navarra","geo_point_2d":{"lon":-2.253784842237328,"lat":42.71361459058955}},"geometry":{"type":"Polygon","coordinates":[[[-2.31976,42.72874],[-2.3161,42.72834],[-2.31432,42.72968],[-2.31518,42.72719],[-2.31325,42.72215],[-2.30465,42.72337],[-2.30134,42.71501],[-2.30819,42.70875],[-2.30694,42.70781],[-2.29071,42.70904],[-2.28804,42.70418],[-2.28191,42.70142],[-2.27873,42.69601],[-2.27656,42.69567],[-2.26622,42.68607],[-2.26485,42.68077],[-2.2612,42.68347],[-2.26399,42.68833],[-2.25332,42.68983],[-2.25176,42.68932],[-2.25109,42.68635],[-2.24552,42.68409],[-2.24419,42.68214],[-2.24147,42.68232],[-2.23988,42.68571],[-2.23311,42.68822],[-2.22984,42.68723],[-2.22783,42.6847],[-2.21924,42.6837],[-2.21654,42.68463],[-2.21438,42.68672],[-2.21476,42.68936],[-2.2072,42.69318],[-2.20569,42.69771],[-2.19449,42.70605],[-2.19698,42.71633],[-2.20759,42.72163],[-2.20778,42.72452],[-2.23124,42.7336],[-2.24117,42.734],[-2.24357,42.73172],[-2.25767,42.73604],[-2.26387,42.73642],[-2.27667,42.74334],[-2.28652,42.743],[-2.28938,42.73964],[-2.30439,42.73576],[-2.31007,42.7371],[-2.31073,42.73605],[-2.31685,42.73935],[-2.31831,42.7301],[-2.31976,42.72874]]]}},{"type":"Feature","properties":{"mun_code":"31901","mun_name":"Barañáin","mun_name_local":"Barañain","prov_code":"31","prov_name":"Navarra","acom_code":"15","acom_name":"Comunidad Foral de Navarra","geo_point_2d":{"lon":-1.6892267989768444,"lat":42.803966179022275}},"geometry":{"type":"Polygon","coordinates":[[[-1.7027,42.80128],[-1.70209,42.79939],[-1.69767,42.79861],[-1.69606,42.79911],[-1.69731,42.80056],[-1.68972,42.80028],[-1.67299,42.80514],[-1.67862,42.80817],[-1.6843,42.80639],[-1.69066,42.80874],[-1.69479,42.80775],[-1.70219,42.8016],[-1.7027,42.80128]]]}},{"type":"Feature","properties":{"mun_code":"31030","mun_name":"Arellano","mun_name_local":null,"prov_code":"31","prov_name":"Navarra","acom_code":"15","acom_name":"Comunidad Foral de Navarra","geo_point_2d":{"lon":-2.0615799881884445,"lat":42.577407649381705}},"geometry":{"type":"Polygon","coordinates":[[[-2.08483,42.52337],[-2.07702,42.52345],[-2.06908,42.53753],[-2.06659,42.54572],[-2.06331,42.54852],[-2.05904,42.56155],[-2.04744,42.57494],[-2.04661,42.57881],[-2.04957,42.59032],[-2.04836,42.59299],[-2.04052,42.59786],[-2.03412,42.59944],[-2.03476,42.60321],[-2.03227,42.60477],[-2.03502,42.60911],[-2.03649,42.6164],[-2.03888,42.61891],[-2.04879,42.62113],[-2.06188,42.62099],[-2.06279,42.61093],[-2.06954,42.60923],[-2.07185,42.60598],[-2.0592,42.58768],[-2.0579,42.57927],[-2.06447,42.56932],[-2.07357,42.56229],[-2.08596,42.54892],[-2.08946,42.53405],[-2.08679,42.52612],[-2.08483,42.52337]]]}},{"type":"Feature","properties":{"mun_code":"31244","mun_name":"Urroz","mun_name_local":null,"prov_code":"31","prov_name":"Navarra","acom_code":"15","acom_name":"Comunidad Foral de Navarra","geo_point_2d":{"lon":-1.7095039265082868,"lat":43.082453550358615}},"geometry":{"type":"Polygon","coordinates":[[[-1.72912,43.10725],[-1.72666,43.10151],[-1.72156,43.09884],[-1.71829,43.08685],[-1.72342,43.0814],[-1.72012,43.079],[-1.72085,43.07607],[-1.71538,43.06883],[-1.72197,43.05897],[-1.72146,43.0559],[-1.71327,43.05227],[-1.68583,43.05645],[-1.6882,43.05889],[-1.69013,43.05836],[-1.69343,43.06028],[-1.69723,43.06738],[-1.70267,43.06848],[-1.70385,43.0728],[-1.69715,43.09221],[-1.69413,43.09653],[-1.69623,43.10402],[-1.70365,43.10895],[-1.70413,43.10758],[-1.71052,43.10584],[-1.70954,43.1117],[-1.71365,43.11255],[-1.71566,43.11092],[-1.71832,43.11134],[-1.72721,43.10843],[-1.72912,43.10725]]]}},{"type":"Feature","properties":{"mun_code":"31055","mun_name":"Betelu","mun_name_local":null,"prov_code":"31","prov_name":"Navarra","acom_code":"15","acom_name":"Comunidad Foral de Navarra","geo_point_2d":{"lon":-1.9758136169135685,"lat":43.01600230264904}},"geometry":{"type":"Polygon","coordinates":[[[-1.98499,42.99068],[-1.98054,42.98898],[-1.97761,42.99169],[-1.96071,43.01631],[-1.96674,43.02111],[-1.96122,43.0339],[-1.96604,43.03543],[-1.98229,43.0311],[-1.99347,43.02561],[-1.98731,43.02006],[-1.98771,43.01549],[-1.98191,43.00513],[-1.98421,42.9925],[-1.98499,42.99068]]]}},{"type":"Feature","properties":{"mun_code":"53069","mun_name":"Facero de Ujué y Lerga","mun_name_local":null,"prov_code":"31","prov_name":"Navarra","acom_code":"15","acom_name":"Comunidad Foral de Navarra","geo_point_2d":{"lon":-1.4742477897996016,"lat":42.537624249648516}},"geometry":{"type":"Polygon","coordinates":[[[-1.47841,42.53733],[-1.47327,42.53512],[-1.47035,42.53616],[-1.472,42.53911],[-1.47424,42.54042],[-1.47595,42.5399],[-1.47841,42.53733]]]}},{"type":"Feature","properties":{"mun_code":"31113","mun_name":"Garde","mun_name_local":null,"prov_code":"31","prov_name":"Navarra","acom_code":"15","acom_name":"Comunidad Foral de Navarra","geo_point_2d":{"lon":-0.8969181949666278,"lat":42.782359047116934}},"geometry":{"type":"Polygon","coordinates":[[[-0.94475,42.75857],[-0.93608,42.75329],[-0.92689,42.75023],[-0.92417,42.74422],[-0.90109,42.74272],[-0.89942,42.74693],[-0.90116,42.75272],[-0.90054,42.76047],[-0.89702,42.7608],[-0.89469,42.76272],[-0.89048,42.7628],[-0.88356,42.76179],[-0.87596,42.75872],[-0.86484,42.76335],[-0.86295,42.76898],[-0.85954,42.76876],[-0.85226,42.78113],[-0.84753,42.78592],[-0.84991,42.79217],[-0.86001,42.79856],[-0.86039,42.80228],[-0.85144,42.80759],[-0.85558,42.82411],[-0.85904,42.82232],[-0.86618,42.82198],[-0.87787,42.81888],[-0.88672,42.81267],[-0.91011,42.80519],[-0.92615,42.7953],[-0.93428,42.79643],[-0.9389,42.79306],[-0.94269,42.79342],[-0.94563,42.78715],[-0.94364,42.78488],[-0.94426,42.77813],[-0.94289,42.77461],[-0.94519,42.76562],[-0.94431,42.76106],[-0.94475,42.75857]]]}},{"type":"Feature","properties":{"mun_code":"31169","mun_name":"Milagro","mun_name_local":null,"prov_code":"31","prov_name":"Navarra","acom_code":"15","acom_name":"Comunidad Foral de Navarra","geo_point_2d":{"lon":-1.7654672982221837,"lat":42.23600866202688}},"geometry":{"type":"Polygon","coordinates":[[[-1.8183,42.24606],[-1.81955,42.23208],[-1.81468,42.22844],[-1.80635,42.22785],[-1.80121,42.22298],[-1.79073,42.22294],[-1.78782,42.22514],[-1.78016,42.22417],[-1.774,42.21521],[-1.76966,42.21406],[-1.76733,42.21575],[-1.7664,42.22125],[-1.74114,42.21192],[-1.73671,42.21507],[-1.72745,42.21208],[-1.72153,42.21649],[-1.72238,42.2179],[-1.72048,42.21962],[-1.71933,42.22808],[-1.71731,42.22969],[-1.71988,42.23366],[-1.72651,42.23785],[-1.72311,42.23856],[-1.72457,42.24107],[-1.72974,42.24624],[-1.73501,42.24585],[-1.75045,42.25594],[-1.75096,42.25395],[-1.75625,42.25052],[-1.76006,42.254],[-1.757,42.25576],[-1.76112,42.2566],[-1.763,42.25527],[-1.77202,42.26708],[-1.77735,42.2635],[-1.78057,42.26291],[-1.78407,42.26674],[-1.79305,42.24524],[-1.79111,42.24094],[-1.79927,42.24025],[-1.80592,42.2443],[-1.81474,42.24499],[-1.81679,42.24625],[-1.8183,42.24606]]]}},{"type":"Feature","properties":{"mun_code":"31196","mun_name":"Orbara","mun_name_local":null,"prov_code":"31","prov_name":"Navarra","acom_code":"15","acom_name":"Comunidad Foral de Navarra","geo_point_2d":{"lon":-1.2522947865134237,"lat":42.97380937008853}},"geometry":{"type":"Polygon","coordinates":[[[-1.26707,42.99061],[-1.26706,42.98673],[-1.27196,42.98391],[-1.27373,42.97682],[-1.27043,42.97404],[-1.26667,42.96619],[-1.25535,42.96419],[-1.25971,42.95867],[-1.2562,42.95728],[-1.24007,42.95745],[-1.22558,42.96242],[-1.23056,42.96831],[-1.23498,42.96965],[-1.23984,42.97424],[-1.24163,42.98074],[-1.24434,42.9847],[-1.24798,42.98614],[-1.2487,42.99317],[-1.26562,42.99168],[-1.26707,42.99061]]]}},{"type":"Feature","properties":{"mun_code":"31204","mun_name":"Piedramillera","mun_name_local":null,"prov_code":"31","prov_name":"Navarra","acom_code":"15","acom_name":"Comunidad Foral de Navarra","geo_point_2d":{"lon":-2.2102477783354915,"lat":42.62094151252159}},"geometry":{"type":"MultiPolygon","coordinates":[[[[-2.22548,42.54942],[-2.22388,42.54741],[-2.22805,42.54755],[-2.22909,42.54302],[-2.22679,42.54149],[-2.22908,42.53887],[-2.22651,42.53622],[-2.2297,42.53159],[-2.22838,42.52375],[-2.22428,42.53273],[-2.21721,42.53633],[-2.21509,42.54089],[-2.21182,42.54064],[-2.21067,42.5465],[-2.21294,42.54891],[-2.2173,42.55016],[-2.22276,42.5483],[-2.22548,42.54942]]],[[[-2.20745,42.66133],[-2.2125,42.66306],[-2.21617,42.66061],[-2.21809,42.65755],[-2.21663,42.65621],[-2.22062,42.64341],[-2.22262,42.64377],[-2.23646,42.62209],[-2.22647,42.62552],[-2.21024,42.62199],[-2.20563,42.61674],[-2.1986,42.61729],[-2.19714,42.61294],[-2.19291,42.61231],[-2.1939,42.61863],[-2.19115,42.62083],[-2.19049,42.62479],[-2.18669,42.62555],[-2.19221,42.62914],[-2.1839,42.6343],[-2.19035,42.64191],[-2.19887,42.6434],[-2.19735,42.64841],[-2.1996,42.64965],[-2.199,42.65136],[-2.20738,42.66115],[-2.20745,42.66133]]]]}},{"type":"Feature","properties":{"mun_code":"31105","mun_name":"Fitero","mun_name_local":null,"prov_code":"31","prov_name":"Navarra","acom_code":"15","acom_name":"Comunidad Foral de Navarra","geo_point_2d":{"lon":-1.8638557877071205,"lat":42.04413565870573}},"geometry":{"type":"Polygon","coordinates":[[[-1.90924,42.05912],[-1.9071,42.0561],[-1.9033,42.05453],[-1.90509,42.04955],[-1.90158,42.02968],[-1.89771,42.02877],[-1.8963,42.02677],[-1.88662,42.02748],[-1.88295,42.02633],[-1.88326,42.02425],[-1.87202,42.01268],[-1.86483,42.01508],[-1.86249,42.01018],[-1.86045,42.00965],[-1.86084,42.00675],[-1.85523,42.0026],[-1.85168,42.00362],[-1.8464,42.00801],[-1.84037,42.00417],[-1.83794,41.99902],[-1.8337,41.99506],[-1.8253,41.99562],[-1.82787,41.99859],[-1.82845,42.00512],[-1.83806,42.0148],[-1.83661,42.01719],[-1.83219,42.01842],[-1.82677,42.02498],[-1.82037,42.02904],[-1.83514,42.05123],[-1.83589,42.055],[-1.83064,42.05683],[-1.83465,42.05701],[-1.83733,42.05885],[-1.83102,42.06649],[-1.82639,42.06885],[-1.82707,42.07082],[-1.8293,42.0712],[-1.82656,42.07227],[-1.8542,42.07672],[-1.89733,42.07955],[-1.90559,42.06794],[-1.90727,42.06039],[-1.90924,42.05912]]]}},{"type":"Feature","properties":{"mun_code":"31134","mun_name":"Jaurrieta","mun_name_local":null,"prov_code":"31","prov_name":"Navarra","acom_code":"15","acom_name":"Comunidad Foral de Navarra","geo_point_2d":{"lon":-1.1511941593307484,"lat":42.89940958503385}},"geometry":{"type":"Polygon","coordinates":[[[-1.19906,42.88779],[-1.18605,42.884],[-1.17837,42.87881],[-1.1662,42.86599],[-1.15903,42.86485],[-1.14684,42.8666],[-1.13945,42.86625],[-1.12911,42.87058],[-1.12379,42.8696],[-1.12258,42.87243],[-1.11868,42.87216],[-1.12088,42.87754],[-1.11764,42.88513],[-1.12882,42.90346],[-1.13393,42.9075],[-1.13226,42.91075],[-1.13331,42.91801],[-1.13041,42.92055],[-1.12877,42.92532],[-1.13033,42.92636],[-1.12973,42.92845],[-1.13553,42.92986],[-1.13864,42.93308],[-1.14155,42.93377],[-1.13372,42.94914],[-1.16391,42.94936],[-1.16424,42.94221],[-1.15985,42.94013],[-1.16048,42.93803],[-1.1529,42.93002],[-1.15115,42.92468],[-1.1553,42.91805],[-1.15764,42.91907],[-1.16976,42.91388],[-1.16746,42.91151],[-1.16957,42.90951],[-1.16795,42.90727],[-1.17009,42.90333],[-1.17504,42.89989],[-1.1801,42.90007],[-1.18592,42.89824],[-1.18524,42.89534],[-1.19895,42.88814],[-1.19906,42.88779]]]}},{"type":"Feature","properties":{"mun_code":"53070","mun_name":"Facería de Ayarza","mun_name_local":null,"prov_code":"31","prov_name":"Navarra","acom_code":"15","acom_name":"Comunidad Foral de Navarra","geo_point_2d":{"lon":-2.092849501278224,"lat":42.61974127646978}},"geometry":{"type":"Polygon","coordinates":[[[-2.09744,42.61554],[-2.08576,42.62047],[-2.0906,42.62258],[-2.09414,42.62213],[-2.09691,42.6209],[-2.09721,42.61747],[-2.09744,42.61554]]]}},{"type":"Feature","properties":{"mun_code":"31004","mun_name":"Abaurrepea","mun_name_local":"Abaurrea Baja","prov_code":"31","prov_name":"Navarra","acom_code":"15","acom_name":"Comunidad Foral de Navarra","geo_point_2d":{"lon":-1.2085525147169782,"lat":42.91153300815737}},"geometry":{"type":"Polygon","coordinates":[[[-1.24548,42.88875],[-1.2431,42.87122],[-1.2383,42.86897],[-1.23701,42.86991],[-1.23519,42.86717],[-1.23708,42.88057],[-1.23936,42.88379],[-1.2346,42.89101],[-1.24028,42.89415],[-1.23969,42.89686],[-1.23421,42.89953],[-1.2309,42.90314],[-1.22465,42.9047],[-1.22472,42.90965],[-1.22181,42.90788],[-1.22194,42.9007],[-1.22286,42.89932],[-1.2241,42.90079],[-1.22649,42.89999],[-1.22643,42.89879],[-1.23031,42.89734],[-1.22488,42.89129],[-1.22052,42.89089],[-1.21576,42.89501],[-1.21971,42.90151],[-1.21705,42.90493],[-1.21362,42.90512],[-1.21165,42.91058],[-1.20885,42.91114],[-1.20973,42.90943],[-1.20575,42.90831],[-1.20007,42.90841],[-1.19335,42.91083],[-1.17616,42.92677],[-1.16138,42.93528],[-1.16048,42.93803],[-1.16818,42.94115],[-1.16941,42.9373],[-1.187,42.93356],[-1.19378,42.92885],[-1.19302,42.9261],[-1.19674,42.92382],[-1.20724,42.9214],[-1.21144,42.91771],[-1.2146,42.91811],[-1.21601,42.92058],[-1.22418,42.92057],[-1.23243,42.90978],[-1.23556,42.90275],[-1.24434,42.89292],[-1.24523,42.88982],[-1.24548,42.88875]]]}},{"type":"Feature","properties":{"mun_code":"31036","mun_name":"Arróniz","mun_name_local":null,"prov_code":"31","prov_name":"Navarra","acom_code":"15","acom_name":"Comunidad Foral de Navarra","geo_point_2d":{"lon":-2.105179036542844,"lat":42.55212904280279}},"geometry":{"type":"Polygon","coordinates":[[[-2.14714,42.52869],[-2.13796,42.5217],[-2.13953,42.52027],[-2.13685,42.51859],[-2.13841,42.51686],[-2.13122,42.50501],[-2.12118,42.4991],[-2.11968,42.49996],[-2.10275,42.49762],[-2.09785,42.50051],[-2.08857,42.49849],[-2.08217,42.49962],[-2.08104,42.50255],[-2.0856,42.51926],[-2.08483,42.52337],[-2.08946,42.53405],[-2.08596,42.54892],[-2.07357,42.56229],[-2.06447,42.56932],[-2.0579,42.57927],[-2.0592,42.58768],[-2.07284,42.60454],[-2.0803,42.60645],[-2.08547,42.61002],[-2.09547,42.60393],[-2.10005,42.5964],[-2.11351,42.5909],[-2.12703,42.58201],[-2.1405,42.56452],[-2.14669,42.55306],[-2.14695,42.52969],[-2.14714,42.52869]]]}},{"type":"Feature","properties":{"mun_code":"31260","mun_name":"Valle de Yerri","mun_name_local":"Deierri","prov_code":"31","prov_name":"Navarra","acom_code":"15","acom_name":"Comunidad Foral de Navarra","geo_point_2d":{"lon":-2.0438334764067263,"lat":42.79534940288354}},"geometry":{"type":"MultiPolygon","coordinates":[[[[-2.04708,42.73894],[-2.05511,42.72304],[-2.05526,42.71806],[-2.06178,42.71284],[-2.05639,42.69749],[-2.05163,42.69661],[-2.04933,42.69477],[-2.04694,42.68844],[-2.04183,42.68612],[-2.03568,42.68909],[-2.02162,42.68396],[-2.01673,42.68865],[-2.01154,42.6843],[-2.01098,42.67732],[-2.00573,42.67009],[-1.99432,42.66882],[-1.99186,42.6654],[-1.98326,42.66488],[-1.97522,42.66269],[-1.95749,42.65467],[-1.95355,42.65678],[-1.94735,42.65258],[-1.93683,42.65216],[-1.9297,42.656],[-1.93087,42.66144],[-1.92936,42.66724],[-1.93424,42.67145],[-1.9392,42.67942],[-1.9386,42.68472],[-1.93554,42.68744],[-1.93765,42.68778],[-1.93814,42.69019],[-1.93568,42.69578],[-1.93031,42.6982],[-1.94395,42.70182],[-1.94322,42.70589],[-1.95864,42.71717],[-1.95224,42.72444],[-1.94865,42.72223],[-1.94738,42.7238],[-1.94493,42.72255],[-1.93516,42.72491],[-1.93749,42.72813],[-1.93611,42.73056],[-1.93705,42.7319],[-1.93533,42.73391],[-1.93207,42.73453],[-1.93161,42.73833],[-1.93454,42.73866],[-1.93798,42.74133],[-1.93638,42.74399],[-1.94487,42.74935],[-1.9435,42.75989],[-1.94136,42.76027],[-1.94028,42.76293],[-1.94467,42.76276],[-1.94819,42.76761],[-1.96309,42.76718],[-1.96655,42.76915],[-1.96807,42.77501],[-1.97494,42.77828],[-1.98093,42.77653],[-1.98506,42.77805],[-1.98803,42.77652],[-1.98932,42.77117],[-1.98715,42.75789],[-1.99021,42.75808],[-1.99797,42.76192],[-2.00099,42.7719],[-2.0069,42.77243],[-2.01031,42.77436],[-2.01129,42.77896],[-2.02595,42.77651],[-2.02585,42.77931],[-2.02812,42.78182],[-2.03308,42.7813],[-2.0377,42.78431],[-2.03739,42.78805],[-2.04088,42.7852],[-2.03902,42.78271],[-2.04214,42.78248],[-2.04042,42.78009],[-2.03944,42.76495],[-2.03159,42.76013],[-2.03,42.74827],[-2.02359,42.73885],[-2.01971,42.73818],[-2.01843,42.7403],[-2.00833,42.73103],[-2.00646,42.7314],[-2.00716,42.72502],[-2.00434,42.71804],[-2.01108,42.71023],[-2.02672,42.71248],[-2.03456,42.71671],[-2.03155,42.72093],[-2.03807,42.72254],[-2.04323,42.72885],[-2.04186,42.73162],[-2.04596,42.73675],[-2.04708,42.73894]]],[[[-2.20638,42.85727],[-2.23594,42.85097],[-2.23399,42.8464],[-2.22498,42.83022],[-2.21683,42.82039],[-2.20441,42.81617],[-2.18257,42.80258],[-2.16258,42.80057],[-2.14862,42.80413],[-2.13318,42.8119],[-2.12161,42.81153],[-2.11375,42.80871],[-2.10688,42.80425],[-2.09095,42.79874],[-2.07331,42.79596],[-2.0658,42.78905],[-2.05492,42.78651],[-2.04599,42.80428],[-2.0421,42.80688],[-2.0362,42.80542],[-2.03034,42.80875],[-2.02334,42.80906],[-2.0241,42.81747],[-2.02121,42.81778],[-2.01727,42.82074],[-2.00153,42.8194],[-1.99477,42.81665],[-1.99014,42.81171],[-1.98294,42.81372],[-1.97349,42.8213],[-1.96168,42.81411],[-1.95522,42.81378],[-1.95157,42.81949],[-1.94927,42.82033],[-1.94182,42.81217],[-1.93903,42.81536],[-1.93535,42.81419],[-1.93524,42.8177],[-1.94024,42.8221],[-1.94785,42.82464],[-1.94989,42.82926],[-1.94641,42.83785],[-1.94221,42.84149],[-1.93402,42.84426],[-1.93855,42.85143],[-1.93905,42.85588],[-1.93669,42.85848],[-1.92501,42.85889],[-1.9212,42.86184],[-1.91716,42.86893],[-1.90971,42.871],[-1.89966,42.87124],[-1.91048,42.8802],[-1.90969,42.88251],[-1.88615,42.88611],[-1.87349,42.88407],[-1.87341,42.88673],[-1.8801,42.88842],[-1.90094,42.8899],[-1.92509,42.88663],[-1.9331,42.88711],[-1.95115,42.88506],[-1.96389,42.88566],[-1.97923,42.88764],[-1.99542,42.89302],[-1.98994,42.88986],[-1.98071,42.88787],[-1.97259,42.8844],[-1.93912,42.87621],[-1.94175,42.86971],[-1.94524,42.87083],[-1.94307,42.86596],[-1.96078,42.86366],[-1.9742,42.86386],[-1.97657,42.86267],[-2.02041,42.86126],[-2.04756,42.86616],[-2.05447,42.87027],[-2.06962,42.87138],[-2.09563,42.87698],[-2.10904,42.87269],[-2.1115,42.8708],[-2.11689,42.87171],[-2.12408,42.87089],[-2.14027,42.873],[-2.15823,42.87171],[-2.17819,42.86508],[-2.18176,42.86281],[-2.17976,42.86012],[-2.18074,42.8586],[-2.20479,42.85754],[-2.20638,42.85727]]]]}},{"type":"Feature","properties":{"mun_code":"31118","mun_name":"Goñi","mun_name_local":null,"prov_code":"31","prov_name":"Navarra","acom_code":"15","acom_name":"Comunidad Foral de Navarra","geo_point_2d":{"lon":-1.8961925800387491,"lat":42.830979871987566}},"geometry":{"type":"Polygon","coordinates":[[[-1.93524,42.8177],[-1.92776,42.81525],[-1.92228,42.8107],[-1.91902,42.8056],[-1.91773,42.79848],[-1.90247,42.80084],[-1.89553,42.79991],[-1.89085,42.80534],[-1.88379,42.8077],[-1.87265,42.80682],[-1.8705,42.80998],[-1.86556,42.8069],[-1.86192,42.80766],[-1.85173,42.80649],[-1.85279,42.80872],[-1.83997,42.81572],[-1.83918,42.82194],[-1.82733,42.82556],[-1.82416,42.82859],[-1.82845,42.82821],[-1.83115,42.82945],[-1.84151,42.83889],[-1.85256,42.83377],[-1.86258,42.83574],[-1.8658,42.83357],[-1.86771,42.83712],[-1.8748,42.8403],[-1.87854,42.84772],[-1.88549,42.85493],[-1.88612,42.85928],[-1.8961,42.86556],[-1.91485,42.86652],[-1.91883,42.86624],[-1.9212,42.86184],[-1.92501,42.85889],[-1.93669,42.85848],[-1.93905,42.85588],[-1.93855,42.85143],[-1.93402,42.84426],[-1.94221,42.84149],[-1.94641,42.83785],[-1.94989,42.82926],[-1.94785,42.82464],[-1.94024,42.8221],[-1.93524,42.8177]]]}},{"type":"Feature","properties":{"mun_code":"31047","mun_name":"Bargota","mun_name_local":null,"prov_code":"31","prov_name":"Navarra","acom_code":"15","acom_name":"Comunidad Foral de Navarra","geo_point_2d":{"lon":-2.3078626203138244,"lat":42.534864657059615}},"geometry":{"type":"Polygon","coordinates":[[[-2.33402,42.57635],[-2.32734,42.55451],[-2.32949,42.54709],[-2.32371,42.53833],[-2.31874,42.53507],[-2.31539,42.52771],[-2.31024,42.52149],[-2.30773,42.4925],[-2.30882,42.48565],[-2.30715,42.48213],[-2.30064,42.47241],[-2.28379,42.47366],[-2.27903,42.48618],[-2.29356,42.48994],[-2.29409,42.49186],[-2.29421,42.49774],[-2.28579,42.51726],[-2.2882,42.5265],[-2.2924,42.53211],[-2.3015,42.55142],[-2.29668,42.5574],[-2.29687,42.55954],[-2.30554,42.57118],[-2.3067,42.57678],[-2.31444,42.58222],[-2.32047,42.59163],[-2.32551,42.59161],[-2.32936,42.59321],[-2.33351,42.59032],[-2.33354,42.58665],[-2.33075,42.58209],[-2.33326,42.57724],[-2.33402,42.57635]]]}},{"type":"Feature","properties":{"mun_code":"31205","mun_name":"Pitillas","mun_name_local":null,"prov_code":"31","prov_name":"Navarra","acom_code":"15","acom_name":"Comunidad Foral de Navarra","geo_point_2d":{"lon":-1.5829256978054214,"lat":42.42497725806736}},"geometry":{"type":"Polygon","coordinates":[[[-1.64473,42.41217],[-1.625,42.40745],[-1.61515,42.39964],[-1.61147,42.39398],[-1.60918,42.38475],[-1.5996,42.38107],[-1.59557,42.39438],[-1.58741,42.40279],[-1.57861,42.40836],[-1.55793,42.41553],[-1.54525,42.41792],[-1.52844,42.41527],[-1.5262,42.41913],[-1.52659,42.42415],[-1.50845,42.43547],[-1.51227,42.44427],[-1.52033,42.44573],[-1.53307,42.44135],[-1.57468,42.45629],[-1.5888,42.44479],[-1.63045,42.43624],[-1.64284,42.42716],[-1.64735,42.42193],[-1.64547,42.4142],[-1.64473,42.41217]]]}}]}