{"type":"FeatureCollection","features":[{"type":"Feature","properties":{"mun_code":"32007","mun_name":"Baños de Molgas","mun_name_local":null,"prov_code":"32","prov_name":"Ourense","acom_code":"12","acom_name":"Galicia","geo_point_2d":{"lon":-7.678537944147816,"lat":42.22606586795943}},"geometry":{"type":"Polygon","coordinates":[[[-7.76335,42.24239],[-7.75963,42.24101],[-7.75048,42.24197],[-7.74695,42.24425],[-7.73592,42.24227],[-7.73481,42.23609],[-7.73102,42.23386],[-7.72985,42.22865],[-7.73295,42.22406],[-7.73084,42.21894],[-7.72341,42.21635],[-7.72188,42.2096],[-7.71873,42.20919],[-7.71594,42.20398],[-7.71213,42.20265],[-7.70379,42.19623],[-7.69768,42.1861],[-7.68583,42.18425],[-7.68161,42.18749],[-7.67942,42.19235],[-7.67437,42.19482],[-7.67029,42.19424],[-7.6566,42.18104],[-7.65343,42.18386],[-7.64405,42.18767],[-7.62726,42.19089],[-7.62298,42.20572],[-7.61747,42.21173],[-7.61221,42.22729],[-7.6176,42.2279],[-7.62352,42.23764],[-7.6358,42.24703],[-7.64201,42.24922],[-7.64889,42.24805],[-7.65466,42.25069],[-7.67546,42.26581],[-7.67777,42.26663],[-7.70458,42.26479],[-7.72466,42.26197],[-7.74185,42.24865],[-7.74773,42.24818],[-7.75764,42.25233],[-7.75892,42.25011],[-7.76335,42.24239]]]}},{"type":"Feature","properties":{"mun_code":"32011","mun_name":"Beariz","mun_name_local":null,"prov_code":"32","prov_name":"Ourense","acom_code":"12","acom_name":"Galicia","geo_point_2d":{"lon":-8.27962892279903,"lat":42.480247861062445}},"geometry":{"type":"Polygon","coordinates":[[[-8.36634,42.48735],[-8.34798,42.46885],[-8.3422,42.46595],[-8.3391,42.4578],[-8.33974,42.45325],[-8.33589,42.45002],[-8.31897,42.45497],[-8.3193,42.45906],[-8.31719,42.45891],[-8.31574,42.46081],[-8.30994,42.45818],[-8.30632,42.46042],[-8.30256,42.4602],[-8.29088,42.45373],[-8.28717,42.45659],[-8.27832,42.45407],[-8.27514,42.45597],[-8.27151,42.45372],[-8.26755,42.45481],[-8.26394,42.45291],[-8.26293,42.44974],[-8.25916,42.45108],[-8.25799,42.45011],[-8.25958,42.44677],[-8.26351,42.44493],[-8.26396,42.44118],[-8.25913,42.43768],[-8.25672,42.43761],[-8.25515,42.44008],[-8.25072,42.43735],[-8.24565,42.4387],[-8.24331,42.4374],[-8.24387,42.43471],[-8.24132,42.43408],[-8.24329,42.43511],[-8.23895,42.43705],[-8.23565,42.44597],[-8.23322,42.44836],[-8.23464,42.45367],[-8.22673,42.46061],[-8.23072,42.46511],[-8.22824,42.47105],[-8.23424,42.47795],[-8.23391,42.48772],[-8.24028,42.49445],[-8.24193,42.49866],[-8.24902,42.50471],[-8.24471,42.51491],[-8.23817,42.52065],[-8.23704,42.52822],[-8.23491,42.53105],[-8.23143,42.53178],[-8.23253,42.53663],[-8.2347,42.53701],[-8.23539,42.53886],[-8.23886,42.53851],[-8.24601,42.53338],[-8.24854,42.53345],[-8.25059,42.53092],[-8.26373,42.52568],[-8.26694,42.52101],[-8.27137,42.52067],[-8.27262,42.51526],[-8.27465,42.5137],[-8.27476,42.50839],[-8.28457,42.50609],[-8.28855,42.50312],[-8.29137,42.49606],[-8.30273,42.49021],[-8.31231,42.49545],[-8.32284,42.49493],[-8.33426,42.49118],[-8.34049,42.4924],[-8.34207,42.48443],[-8.35262,42.48076],[-8.36566,42.48719],[-8.36634,42.48735]]]}},{"type":"Feature","properties":{"mun_code":"32076","mun_name":"San Cristovo de Cea","mun_name_local":null,"prov_code":"32","prov_name":"Ourense","acom_code":"12","acom_name":"Galicia","geo_point_2d":{"lon":-7.95617346168535,"lat":42.49883230415683}},"geometry":{"type":"MultiPolygon","coordinates":[[[[-7.94925,42.57087],[-7.94909,42.56664],[-7.95724,42.56507],[-7.96576,42.56071],[-7.96767,42.55331],[-7.97434,42.54931],[-7.9741,42.54519],[-7.96941,42.54178],[-7.96747,42.54205],[-7.97267,42.53651],[-7.9774,42.53394],[-7.98451,42.51572],[-7.98942,42.51094],[-7.98777,42.50798],[-7.98173,42.51234],[-7.97208,42.50759],[-7.96796,42.50198],[-7.97018,42.49784],[-7.98219,42.48598],[-7.99039,42.4804],[-7.98978,42.47846],[-7.99593,42.47859],[-7.99824,42.4768],[-8.00078,42.47721],[-8.00527,42.47383],[-8.01888,42.48057],[-8.02246,42.48475],[-8.02416,42.48371],[-8.02826,42.48712],[-8.03078,42.48698],[-8.03199,42.48218],[-8.03412,42.48241],[-8.03789,42.47688],[-8.0404,42.47728],[-8.04182,42.47577],[-8.04071,42.47359],[-8.04773,42.46436],[-8.0469,42.46247],[-8.04057,42.46454],[-8.03568,42.4625],[-8.02695,42.46293],[-8.0264,42.44954],[-8.0234,42.44182],[-8.00461,42.44921],[-7.99643,42.4541],[-7.98733,42.45301],[-7.98177,42.44994],[-7.97954,42.45265],[-7.97997,42.44614],[-7.97493,42.44345],[-7.97271,42.44364],[-7.9734,42.43531],[-7.97553,42.43476],[-7.97689,42.42674],[-7.97336,42.42518],[-7.97323,42.42294],[-7.96846,42.42449],[-7.96586,42.42353],[-7.96242,42.42589],[-7.95406,42.42666],[-7.95339,42.42898],[-7.95173,42.42943],[-7.94295,42.42951],[-7.94358,42.43196],[-7.93764,42.43367],[-7.93786,42.43603],[-7.94431,42.44108],[-7.93963,42.44204],[-7.93517,42.44895],[-7.92873,42.4515],[-7.92599,42.45108],[-7.91401,42.45701],[-7.91707,42.46269],[-7.91629,42.46632],[-7.92005,42.47346],[-7.92109,42.48241],[-7.92623,42.4861],[-7.9326,42.49408],[-7.92834,42.49751],[-7.91469,42.49979],[-7.91317,42.50867],[-7.91073,42.51247],[-7.90269,42.51454],[-7.9016,42.52136],[-7.92401,42.52504],[-7.91199,42.52733],[-7.90748,42.53094],[-7.90276,42.52898],[-7.90024,42.5316],[-7.90209,42.53502],[-7.90102,42.53626],[-7.89413,42.5393],[-7.88873,42.53813],[-7.89004,42.5502],[-7.91156,42.55607],[-7.91743,42.56169],[-7.928,42.57853],[-7.94449,42.57395],[-7.94791,42.57137],[-7.94925,42.57087]]],[[[-7.98634,42.5713],[-7.98929,42.57226],[-7.99377,42.56814],[-7.99602,42.55923],[-7.98058,42.55968],[-7.98354,42.56311],[-7.98364,42.56893],[-7.98531,42.57054],[-7.98634,42.5713]]]]}},{"type":"Feature","properties":{"mun_code":"32039","mun_name":"Laza","mun_name_local":null,"prov_code":"32","prov_name":"Ourense","acom_code":"12","acom_name":"Galicia","geo_point_2d":{"lon":-7.453968867625027,"lat":42.09983549957033}},"geometry":{"type":"Polygon","coordinates":[[[-7.56152,42.14055],[-7.56399,42.12774],[-7.55309,42.09513],[-7.55327,42.0813],[-7.55681,42.07176],[-7.55031,42.07124],[-7.54657,42.07379],[-7.52825,42.06691],[-7.52528,42.06062],[-7.53016,42.05321],[-7.52795,42.04739],[-7.52884,42.04436],[-7.5236,42.04225],[-7.52029,42.04307],[-7.52161,42.04045],[-7.52039,42.03686],[-7.51508,42.03365],[-7.5155,42.03111],[-7.51286,42.0288],[-7.50748,42.02687],[-7.50444,42.02016],[-7.49878,42.01758],[-7.4986,42.01636],[-7.48923,42.01845],[-7.4819,42.0156],[-7.47901,42.01595],[-7.47517,42.01282],[-7.47268,42.0129],[-7.46507,42.00912],[-7.45503,42.01122],[-7.45779,42.01278],[-7.45795,42.01557],[-7.4553,42.01817],[-7.44818,42.01656],[-7.4465,42.01459],[-7.44524,42.017],[-7.44,42.01958],[-7.43529,42.01754],[-7.42863,42.01896],[-7.42547,42.02601],[-7.42034,42.02753],[-7.41607,42.03109],[-7.40136,42.03476],[-7.39262,42.04023],[-7.39719,42.04488],[-7.39801,42.04775],[-7.39516,42.05678],[-7.38466,42.06603],[-7.37138,42.06783],[-7.36949,42.07005],[-7.37394,42.0802],[-7.38537,42.08834],[-7.39154,42.09739],[-7.38696,42.09676],[-7.38228,42.09326],[-7.3573,42.09242],[-7.35087,42.10045],[-7.35359,42.10908],[-7.36883,42.1167],[-7.37014,42.12484],[-7.37676,42.13173],[-7.37511,42.14255],[-7.37832,42.14761],[-7.37965,42.15362],[-7.38596,42.16102],[-7.38218,42.16887],[-7.37741,42.17299],[-7.38849,42.19238],[-7.40345,42.18615],[-7.4144,42.18432],[-7.41979,42.17977],[-7.42945,42.1836],[-7.43334,42.18707],[-7.43955,42.18794],[-7.44591,42.19239],[-7.44928,42.1983],[-7.45718,42.20405],[-7.4604,42.19588],[-7.46688,42.18621],[-7.4621,42.17954],[-7.46428,42.17217],[-7.46862,42.16778],[-7.47972,42.16303],[-7.47904,42.15849],[-7.4818,42.15525],[-7.48202,42.14553],[-7.48939,42.14231],[-7.48993,42.14017],[-7.49541,42.13922],[-7.50093,42.13297],[-7.5054,42.13223],[-7.50868,42.12612],[-7.51313,42.12587],[-7.5211,42.1288],[-7.53289,42.12735],[-7.53791,42.12551],[-7.54312,42.12919],[-7.54618,42.1287],[-7.55001,42.13035],[-7.55981,42.13902],[-7.56152,42.14055]]]}},{"type":"Feature","properties":{"mun_code":"32058","mun_name":"O Pereiro de Aguiar","mun_name_local":null,"prov_code":"32","prov_name":"Ourense","acom_code":"12","acom_name":"Galicia","geo_point_2d":{"lon":-7.77987846819943,"lat":42.34345488821335}},"geometry":{"type":"Polygon","coordinates":[[[-7.83394,42.37431],[-7.83117,42.37365],[-7.83072,42.36844],[-7.8268,42.36623],[-7.82807,42.34541],[-7.82595,42.34396],[-7.82034,42.34485],[-7.8192,42.33836],[-7.82072,42.33092],[-7.81395,42.33104],[-7.81507,42.32798],[-7.81331,42.32339],[-7.8065,42.31529],[-7.80495,42.30508],[-7.79352,42.29615],[-7.77909,42.29613],[-7.76236,42.28927],[-7.75863,42.29134],[-7.75419,42.29687],[-7.74878,42.29769],[-7.75156,42.30123],[-7.75303,42.31333],[-7.74768,42.32198],[-7.74539,42.32395],[-7.74001,42.32336],[-7.73626,42.32609],[-7.73123,42.32688],[-7.72687,42.33084],[-7.72771,42.33279],[-7.72195,42.34291],[-7.728,42.36249],[-7.744,42.36515],[-7.75191,42.36508],[-7.776,42.36041],[-7.77855,42.35838],[-7.78461,42.37097],[-7.78966,42.37285],[-7.7941,42.37837],[-7.78817,42.38247],[-7.77936,42.39177],[-7.76975,42.39247],[-7.76349,42.38909],[-7.76415,42.38988],[-7.76246,42.39009],[-7.76403,42.39571],[-7.76713,42.39952],[-7.77274,42.39747],[-7.78058,42.39883],[-7.78212,42.39956],[-7.78255,42.40366],[-7.79358,42.40949],[-7.79931,42.40772],[-7.79906,42.40409],[-7.80209,42.40002],[-7.80008,42.38995],[-7.80699,42.38063],[-7.80973,42.37878],[-7.82077,42.37644],[-7.83158,42.37836],[-7.8334,42.37482],[-7.83394,42.37431]]]}},{"type":"Feature","properties":{"mun_code":"32089","mun_name":"Vilar de Barrio","mun_name_local":null,"prov_code":"32","prov_name":"Ourense","acom_code":"12","acom_name":"Galicia","geo_point_2d":{"lon":-7.56162933265854,"lat":42.17263713167924}},"geometry":{"type":"Polygon","coordinates":[[[-7.67083,42.1395],[-7.6586,42.14259],[-7.65336,42.13988],[-7.6415,42.14516],[-7.62599,42.14949],[-7.61329,42.15],[-7.60031,42.15351],[-7.59272,42.15203],[-7.58655,42.15602],[-7.57376,42.15085],[-7.56555,42.14959],[-7.56152,42.14055],[-7.54661,42.12877],[-7.54312,42.12919],[-7.53791,42.12551],[-7.53289,42.12735],[-7.5211,42.1288],[-7.51093,42.12554],[-7.50868,42.12612],[-7.50593,42.13184],[-7.50093,42.13297],[-7.49541,42.13922],[-7.48993,42.14017],[-7.48939,42.14231],[-7.48202,42.14553],[-7.4818,42.15525],[-7.47904,42.15849],[-7.47972,42.16303],[-7.46862,42.16778],[-7.46407,42.17262],[-7.4621,42.17954],[-7.46688,42.18621],[-7.4645,42.18989],[-7.47864,42.19271],[-7.48419,42.19623],[-7.48405,42.2025],[-7.48565,42.20437],[-7.49967,42.21131],[-7.50523,42.21119],[-7.50726,42.20398],[-7.51834,42.19681],[-7.52411,42.19915],[-7.53561,42.19791],[-7.54487,42.19894],[-7.55821,42.20208],[-7.55889,42.20388],[-7.57233,42.20936],[-7.57194,42.21185],[-7.58356,42.21108],[-7.61221,42.22729],[-7.61747,42.21173],[-7.62298,42.20572],[-7.62726,42.19089],[-7.64405,42.18767],[-7.65343,42.18386],[-7.6566,42.18104],[-7.65656,42.17668],[-7.66506,42.15734],[-7.66653,42.14984],[-7.66531,42.14736],[-7.66908,42.14268],[-7.67083,42.1395]]]}},{"type":"Feature","properties":{"mun_code":"32072","mun_name":"A Rúa","mun_name_local":null,"prov_code":"32","prov_name":"Ourense","acom_code":"12","acom_name":"Galicia","geo_point_2d":{"lon":-7.12369320167973,"lat":42.41182459500334}},"geometry":{"type":"Polygon","coordinates":[[[-7.16772,42.39251],[-7.16366,42.38793],[-7.16379,42.3845],[-7.15532,42.38337],[-7.13897,42.38366],[-7.13033,42.38816],[-7.12617,42.38851],[-7.1227,42.38586],[-7.11711,42.38694],[-7.11331,42.38337],[-7.10736,42.38173],[-7.09546,42.38674],[-7.09301,42.38828],[-7.0844,42.40125],[-7.08708,42.40808],[-7.0852,42.41039],[-7.08948,42.41832],[-7.08842,42.42522],[-7.09012,42.43044],[-7.08885,42.43534],[-7.09075,42.43814],[-7.09896,42.44106],[-7.10818,42.43922],[-7.11329,42.44059],[-7.11456,42.44241],[-7.11892,42.44176],[-7.12116,42.45184],[-7.12343,42.44875],[-7.12985,42.44659],[-7.13087,42.441],[-7.13735,42.44179],[-7.14808,42.43715],[-7.15171,42.43245],[-7.15198,42.42902],[-7.151,42.42445],[-7.14688,42.42183],[-7.15845,42.41324],[-7.15859,42.41105],[-7.16218,42.40957],[-7.1662,42.40445],[-7.16437,42.40192],[-7.16606,42.39319],[-7.16734,42.39343],[-7.16772,42.39251]]]}},{"type":"Feature","properties":{"mun_code":"32001","mun_name":"Allariz","mun_name_local":null,"prov_code":"32","prov_name":"Ourense","acom_code":"12","acom_name":"Galicia","geo_point_2d":{"lon":-7.804661434332992,"lat":42.19050217033263}},"geometry":{"type":"Polygon","coordinates":[[[-7.86307,42.23246],[-7.86161,42.22813],[-7.86312,42.22201],[-7.86497,42.2192],[-7.87114,42.21597],[-7.86913,42.21193],[-7.86699,42.21147],[-7.87122,42.20604],[-7.87381,42.19765],[-7.87033,42.19785],[-7.86718,42.19538],[-7.86478,42.19519],[-7.86581,42.19286],[-7.86425,42.19119],[-7.86088,42.19325],[-7.85564,42.19078],[-7.85488,42.18259],[-7.85616,42.18185],[-7.84927,42.17169],[-7.85711,42.15318],[-7.85128,42.15157],[-7.82119,42.15422],[-7.81345,42.15244],[-7.81392,42.14319],[-7.80911,42.13806],[-7.80433,42.14107],[-7.79675,42.13608],[-7.78762,42.12371],[-7.77834,42.1218],[-7.77384,42.12279],[-7.76968,42.12514],[-7.76636,42.136],[-7.77118,42.14391],[-7.77032,42.15885],[-7.76613,42.16834],[-7.75457,42.17279],[-7.75141,42.18625],[-7.74545,42.20254],[-7.74398,42.20325],[-7.74444,42.20618],[-7.74765,42.20702],[-7.74966,42.20614],[-7.75896,42.2117],[-7.75813,42.21508],[-7.76144,42.21816],[-7.76574,42.22091],[-7.76912,42.22081],[-7.76791,42.22369],[-7.7737,42.23788],[-7.77088,42.23868],[-7.77376,42.24105],[-7.7772,42.24875],[-7.77882,42.25694],[-7.78518,42.26241],[-7.79165,42.26463],[-7.79275,42.25093],[-7.80122,42.24389],[-7.81036,42.23176],[-7.81232,42.23235],[-7.81825,42.22764],[-7.82282,42.21858],[-7.83124,42.21453],[-7.83738,42.21357],[-7.84251,42.2163],[-7.84358,42.22292],[-7.84702,42.23133],[-7.8493,42.23319],[-7.85624,42.23455],[-7.85927,42.23175],[-7.86241,42.23234],[-7.86307,42.23246]]]}},{"type":"Feature","properties":{"mun_code":"32027","mun_name":"Cortegada","mun_name_local":null,"prov_code":"32","prov_name":"Ourense","acom_code":"12","acom_name":"Galicia","geo_point_2d":{"lon":-8.149344100959286,"lat":42.20774104008367}},"geometry":{"type":"Polygon","coordinates":[[[-8.16184,42.24411],[-8.16975,42.23949],[-8.17267,42.23519],[-8.17175,42.23116],[-8.16234,42.22727],[-8.16461,42.22144],[-8.18311,42.21696],[-8.1903,42.21293],[-8.1922,42.20859],[-8.18945,42.20754],[-8.18518,42.21022],[-8.18038,42.2104],[-8.17937,42.20759],[-8.17478,42.20379],[-8.17754,42.19292],[-8.17455,42.18385],[-8.16153,42.18094],[-8.14608,42.1833],[-8.14074,42.18007],[-8.1335,42.1796],[-8.1268,42.18373],[-8.1263,42.18615],[-8.12344,42.18752],[-8.12407,42.18926],[-8.12012,42.1913],[-8.11628,42.19865],[-8.11679,42.21104],[-8.11529,42.21641],[-8.1174,42.21888],[-8.11684,42.22434],[-8.11777,42.22534],[-8.1259,42.22334],[-8.12873,42.22729],[-8.13266,42.22687],[-8.13535,42.22941],[-8.14287,42.22894],[-8.14597,42.23092],[-8.14587,42.23369],[-8.15671,42.23825],[-8.15983,42.24513],[-8.16184,42.24411]]]}},{"type":"Feature","properties":{"mun_code":"32037","mun_name":"Xunqueira de Espadanedo","mun_name_local":null,"prov_code":"32","prov_name":"Ourense","acom_code":"12","acom_name":"Galicia","geo_point_2d":{"lon":-7.636359299247557,"lat":42.321566609404066}},"geometry":{"type":"Polygon","coordinates":[[[-7.67033,42.31361],[-7.66178,42.298],[-7.65326,42.29112],[-7.6342,42.29291],[-7.6313,42.29153],[-7.61973,42.29628],[-7.60587,42.30699],[-7.60542,42.3172],[-7.60916,42.31842],[-7.61029,42.33351],[-7.61392,42.33717],[-7.61116,42.34032],[-7.61275,42.34842],[-7.61077,42.35017],[-7.63353,42.35456],[-7.64545,42.3633],[-7.64254,42.36021],[-7.64477,42.35368],[-7.6559,42.33497],[-7.6603,42.33226],[-7.66664,42.32307],[-7.66925,42.31482],[-7.67033,42.31361]]]}},{"type":"Feature","properties":{"mun_code":"32090","mun_name":"Vilar de Santos","mun_name_local":null,"prov_code":"32","prov_name":"Ourense","acom_code":"12","acom_name":"Galicia","geo_point_2d":{"lon":-7.803258760179884,"lat":42.09657304093313}},"geometry":{"type":"Polygon","coordinates":[[[-7.80911,42.13806],[-7.80924,42.1343],[-7.81398,42.12931],[-7.82132,42.11611],[-7.82464,42.08992],[-7.82016,42.0809],[-7.8143,42.0742],[-7.81391,42.07079],[-7.80911,42.06519],[-7.80317,42.06195],[-7.78424,42.06233],[-7.78233,42.06272],[-7.78068,42.06759],[-7.78085,42.07597],[-7.78373,42.07767],[-7.786,42.08259],[-7.78426,42.08454],[-7.78346,42.09456],[-7.78887,42.09744],[-7.78825,42.09854],[-7.79232,42.10261],[-7.79437,42.11196],[-7.79333,42.1168],[-7.79477,42.12365],[-7.79053,42.12615],[-7.79675,42.13608],[-7.80433,42.14107],[-7.80827,42.13841],[-7.80911,42.13806]]]}},{"type":"Feature","properties":{"mun_code":"32052","mun_name":"Nogueira de Ramuín","mun_name_local":null,"prov_code":"32","prov_name":"Ourense","acom_code":"12","acom_name":"Galicia","geo_point_2d":{"lon":-7.707963163597494,"lat":42.39610465611368}},"geometry":{"type":"Polygon","coordinates":[[[-7.79358,42.40949],[-7.78255,42.40366],[-7.78212,42.39956],[-7.78058,42.39883],[-7.77274,42.39747],[-7.76713,42.39952],[-7.76403,42.39571],[-7.76246,42.39009],[-7.76415,42.38988],[-7.76349,42.38909],[-7.76975,42.39247],[-7.77936,42.39177],[-7.78817,42.38247],[-7.7941,42.37837],[-7.78966,42.37285],[-7.78461,42.37097],[-7.77855,42.35838],[-7.776,42.36041],[-7.75191,42.36508],[-7.744,42.36515],[-7.728,42.36249],[-7.71791,42.3637],[-7.71436,42.36628],[-7.70368,42.35897],[-7.68902,42.35355],[-7.67901,42.35215],[-7.66866,42.35977],[-7.66506,42.36481],[-7.66165,42.36644],[-7.65409,42.36715],[-7.64545,42.3633],[-7.63353,42.35456],[-7.627,42.35814],[-7.62656,42.3675],[-7.62276,42.36949],[-7.61891,42.37542],[-7.62034,42.37735],[-7.61825,42.37869],[-7.61654,42.38392],[-7.62017,42.38546],[-7.62374,42.3921],[-7.62819,42.39551],[-7.62866,42.40217],[-7.63087,42.40657],[-7.63915,42.40899],[-7.64744,42.41394],[-7.65693,42.41517],[-7.66214,42.42303],[-7.67165,42.4217],[-7.68192,42.42255],[-7.69787,42.42954],[-7.70148,42.43258],[-7.70495,42.44399],[-7.71374,42.45259],[-7.73066,42.45384],[-7.74928,42.4384],[-7.75419,42.43158],[-7.76178,42.42741],[-7.76936,42.42076],[-7.77724,42.41836],[-7.78611,42.41099],[-7.78921,42.40991],[-7.79358,42.40949]]]}},{"type":"Feature","properties":{"mun_code":"32009","mun_name":"O Barco de Valdeorras","mun_name_local":null,"prov_code":"32","prov_name":"Ourense","acom_code":"12","acom_name":"Galicia","geo_point_2d":{"lon":-6.982382601463948,"lat":42.4153130742281}},"geometry":{"type":"Polygon","coordinates":[[[-7.04309,42.37803],[-7.03298,42.37199],[-7.02619,42.36345],[-7.01908,42.36042],[-6.99761,42.35477],[-6.98509,42.35473],[-6.96902,42.35913],[-6.96524,42.36686],[-6.95538,42.37075],[-6.95332,42.37534],[-6.94854,42.37646],[-6.94921,42.37852],[-6.95316,42.38021],[-6.95191,42.38282],[-6.95429,42.38743],[-6.95302,42.38983],[-6.93801,42.39455],[-6.93568,42.40485],[-6.93112,42.40788],[-6.9205,42.40977],[-6.91723,42.41384],[-6.92641,42.41899],[-6.92265,42.42231],[-6.91147,42.4258],[-6.90499,42.42983],[-6.90873,42.43484],[-6.90846,42.43874],[-6.90656,42.43907],[-6.91129,42.44151],[-6.91351,42.44556],[-6.9274,42.43702],[-6.93028,42.43814],[-6.93588,42.43771],[-6.94804,42.42874],[-6.95466,42.43362],[-6.96032,42.43824],[-6.96152,42.44216],[-6.96521,42.44421],[-6.96169,42.44565],[-6.96289,42.44769],[-6.96127,42.44819],[-6.96484,42.46182],[-6.97289,42.46796],[-6.97916,42.46791],[-6.98116,42.46911],[-6.97994,42.47372],[-6.97195,42.48121],[-6.97025,42.49227],[-6.97312,42.49388],[-6.98119,42.49357],[-6.99674,42.49916],[-7.00078,42.502],[-7.00096,42.5057],[-7.00197,42.50342],[-6.99863,42.49644],[-7.00276,42.48312],[-7.00248,42.47773],[-7.00833,42.46308],[-7.00866,42.45293],[-7.01372,42.44637],[-7.01599,42.43937],[-7.00983,42.4285],[-7.0188,42.41673],[-7.02069,42.40508],[-7.02448,42.40177],[-7.03306,42.40277],[-7.03683,42.39871],[-7.04086,42.38857],[-7.04309,42.37803]]]}},{"type":"Feature","properties":{"mun_code":"32030","mun_name":"Entrimo","mun_name_local":null,"prov_code":"32","prov_name":"Ourense","acom_code":"12","acom_name":"Galicia","geo_point_2d":{"lon":-8.139243555746791,"lat":41.94291601855817}},"geometry":{"type":"Polygon","coordinates":[[[-8.21413,41.9007],[-8.20315,41.89852],[-8.19014,41.90527],[-8.17899,41.90551],[-8.17214,41.90735],[-8.14332,41.90066],[-8.14383,41.898],[-8.14202,41.89665],[-8.1336,41.89788],[-8.12698,41.89639],[-8.12435,41.89815],[-8.11652,41.8991],[-8.11455,41.89631],[-8.11229,41.89597],[-8.09756,41.90738],[-8.09267,41.90938],[-8.08759,41.91756],[-8.08188,41.92277],[-8.07456,41.92332],[-8.07324,41.92565],[-8.07703,41.92982],[-8.08879,41.93662],[-8.0887,41.94084],[-8.09101,41.94367],[-8.08799,41.94976],[-8.08957,41.95113],[-8.08906,41.96661],[-8.09263,41.96622],[-8.09646,41.96898],[-8.09942,41.96788],[-8.10309,41.97433],[-8.09953,41.98886],[-8.09937,41.99751],[-8.09828,42.00019],[-8.09357,42.00086],[-8.09713,42.00231],[-8.09473,42.01117],[-8.11033,42.00731],[-8.11501,42.00487],[-8.12471,42.00663],[-8.12787,42.00557],[-8.14076,41.98869],[-8.16287,41.98271],[-8.16279,41.9756],[-8.16925,41.9662],[-8.16951,41.96304],[-8.17384,41.96238],[-8.17625,41.95888],[-8.17494,41.95493],[-8.18013,41.95368],[-8.19789,41.93953],[-8.20462,41.92644],[-8.21034,41.92359],[-8.21152,41.91888],[-8.21683,41.91345],[-8.21655,41.90529],[-8.21404,41.90093],[-8.21413,41.9007]]]}},{"type":"Feature","properties":{"mun_code":"32020","mun_name":"Cartelle","mun_name_local":null,"prov_code":"32","prov_name":"Ourense","acom_code":"12","acom_name":"Galicia","geo_point_2d":{"lon":-8.021471872825014,"lat":42.23890001792203}},"geometry":{"type":"Polygon","coordinates":[[[-8.1137,42.265],[-8.1063,42.25847],[-8.1021,42.24809],[-8.10249,42.24455],[-8.10557,42.24022],[-8.10644,42.23104],[-8.10942,42.22633],[-8.1047,42.22941],[-8.09939,42.22893],[-8.09365,42.22429],[-8.09197,42.2264],[-8.08342,42.22809],[-8.07949,42.23045],[-8.07714,42.22934],[-8.07959,42.22578],[-8.07837,42.22378],[-8.07265,42.22263],[-8.07107,42.22383],[-8.06765,42.22256],[-8.0651,42.21485],[-8.06093,42.21348],[-8.05948,42.21525],[-8.05756,42.21475],[-8.05869,42.21153],[-8.05741,42.21009],[-8.05436,42.21355],[-8.05109,42.21407],[-8.04842,42.21212],[-8.04573,42.21328],[-8.04417,42.21224],[-8.04566,42.20941],[-8.04398,42.20863],[-8.03805,42.21036],[-8.03562,42.20827],[-8.03102,42.20811],[-8.03336,42.20514],[-8.03003,42.20356],[-8.02831,42.19945],[-8.02455,42.19781],[-8.02034,42.19829],[-8.01302,42.19379],[-8.00479,42.19227],[-7.99785,42.19373],[-7.98646,42.19271],[-7.97814,42.19382],[-7.97484,42.1997],[-7.96583,42.20407],[-7.9594,42.20158],[-7.95586,42.2026],[-7.95482,42.19705],[-7.95038,42.19339],[-7.94392,42.19934],[-7.94252,42.20283],[-7.93825,42.20387],[-7.93888,42.21123],[-7.93524,42.21502],[-7.93974,42.21608],[-7.94374,42.21883],[-7.94776,42.22766],[-7.95897,42.22988],[-7.96292,42.23236],[-7.96004,42.23622],[-7.9608,42.24713],[-7.96365,42.25195],[-7.95225,42.26424],[-7.9448,42.26704],[-7.9508,42.26737],[-7.96632,42.27269],[-7.98076,42.27066],[-7.98886,42.26601],[-7.99681,42.26851],[-8.00225,42.27777],[-8.00344,42.2752],[-8.01514,42.27528],[-8.02584,42.28078],[-8.02796,42.27867],[-8.03341,42.27758],[-8.03651,42.2794],[-8.04055,42.27972],[-8.04399,42.27819],[-8.04951,42.27822],[-8.06733,42.28278],[-8.07072,42.27735],[-8.07393,42.27536],[-8.07338,42.27317],[-8.07831,42.27503],[-8.08247,42.27195],[-8.09145,42.26913],[-8.10684,42.26842],[-8.11154,42.26622],[-8.1137,42.265]]]}},{"type":"Feature","properties":{"mun_code":"32053","mun_name":"Oímbra","mun_name_local":null,"prov_code":"32","prov_name":"Ourense","acom_code":"12","acom_name":"Galicia","geo_point_2d":{"lon":-7.521441293558056,"lat":41.87027545393051}},"geometry":{"type":"MultiPolygon","coordinates":[[[[-7.42718,41.83308],[-7.42984,41.83654],[-7.42946,41.84008],[-7.43248,41.84198],[-7.42944,41.84404],[-7.42481,41.85625],[-7.44634,41.85689],[-7.44883,41.85282],[-7.44669,41.84333],[-7.44374,41.83937],[-7.43967,41.8387],[-7.42843,41.83277],[-7.42718,41.83308]]],[[[-7.5808,41.87836],[-7.58867,41.87349],[-7.58936,41.87113],[-7.59823,41.86933],[-7.60176,41.86668],[-7.59939,41.86471],[-7.60024,41.86041],[-7.60671,41.8537],[-7.60619,41.84867],[-7.60967,41.84873],[-7.61158,41.84673],[-7.61201,41.84051],[-7.61443,41.8364],[-7.61385,41.82967],[-7.60958,41.8296],[-7.59877,41.83313],[-7.5739,41.82972],[-7.56626,41.83293],[-7.55899,41.8344],[-7.55101,41.83381],[-7.54909,41.83585],[-7.5445,41.83528],[-7.54406,41.83679],[-7.54153,41.83756],[-7.53836,41.83666],[-7.52159,41.84165],[-7.52017,41.84349],[-7.51121,41.84654],[-7.51045,41.84838],[-7.50548,41.85076],[-7.5076,41.8556],[-7.5133,41.86212],[-7.51135,41.86532],[-7.50222,41.86939],[-7.49129,41.87125],[-7.48526,41.8613],[-7.47421,41.86376],[-7.45964,41.86372],[-7.45249,41.86509],[-7.45486,41.86774],[-7.44823,41.86976],[-7.45086,41.87182],[-7.45972,41.87296],[-7.45583,41.87789],[-7.44847,41.88104],[-7.44957,41.89002],[-7.44601,41.89508],[-7.44341,41.89588],[-7.44628,41.89728],[-7.44811,41.9032],[-7.44514,41.90284],[-7.44632,41.90723],[-7.45468,41.90686],[-7.46464,41.91757],[-7.48164,41.91509],[-7.48692,41.91572],[-7.4918,41.91891],[-7.49587,41.91514],[-7.507,41.91687],[-7.51635,41.91269],[-7.51537,41.91088],[-7.51832,41.90718],[-7.51704,41.90477],[-7.52013,41.90236],[-7.5153,41.90299],[-7.51691,41.89463],[-7.5212,41.89145],[-7.52146,41.88789],[-7.52895,41.88355],[-7.52943,41.88126],[-7.54011,41.87968],[-7.54686,41.88087],[-7.56018,41.87732],[-7.58031,41.87879],[-7.5808,41.87836]]]]}},{"type":"Feature","properties":{"mun_code":"32073","mun_name":"Rubiá","mun_name_local":null,"prov_code":"32","prov_name":"Ourense","acom_code":"12","acom_name":"Galicia","geo_point_2d":{"lon":-6.896027301642213,"lat":42.46804397579628}},"geometry":{"type":"Polygon","coordinates":[[[-6.97908,42.49325],[-6.9717,42.49361],[-6.96987,42.49073],[-6.97195,42.48121],[-6.97994,42.47372],[-6.98116,42.46911],[-6.97916,42.46791],[-6.97289,42.46796],[-6.96484,42.46182],[-6.96127,42.44819],[-6.96289,42.44769],[-6.96169,42.44565],[-6.96521,42.44421],[-6.96152,42.44216],[-6.96032,42.43824],[-6.94804,42.42874],[-6.93588,42.43771],[-6.93028,42.43814],[-6.9274,42.43702],[-6.91351,42.44556],[-6.91129,42.44151],[-6.90656,42.43907],[-6.90846,42.43874],[-6.90873,42.43484],[-6.90499,42.42983],[-6.8867,42.43281],[-6.88246,42.43461],[-6.88008,42.43782],[-6.87002,42.43872],[-6.85883,42.42953],[-6.85999,42.42325],[-6.85352,42.42038],[-6.85025,42.41527],[-6.84012,42.41503],[-6.82991,42.4101],[-6.82892,42.41677],[-6.82096,42.42141],[-6.82481,42.42589],[-6.81438,42.42712],[-6.82024,42.43077],[-6.82178,42.4333],[-6.82006,42.43953],[-6.82277,42.45291],[-6.81145,42.46118],[-6.80839,42.46906],[-6.81474,42.47389],[-6.81865,42.48187],[-6.82547,42.48571],[-6.82278,42.49086],[-6.82669,42.49296],[-6.83308,42.49218],[-6.83704,42.49549],[-6.84102,42.48896],[-6.84341,42.4892],[-6.84918,42.48672],[-6.86056,42.48909],[-6.87601,42.49828],[-6.8972,42.50393],[-6.90632,42.50785],[-6.91328,42.50712],[-6.91654,42.50842],[-6.91479,42.51047],[-6.92505,42.51944],[-6.9322,42.52054],[-6.93713,42.51892],[-6.96009,42.51776],[-6.96601,42.51197],[-6.97355,42.49401],[-6.97854,42.49325],[-6.97908,42.49325]]]}},{"type":"Feature","properties":{"mun_code":"32003","mun_name":"A Arnoia","mun_name_local":null,"prov_code":"32","prov_name":"Ourense","acom_code":"12","acom_name":"Galicia","geo_point_2d":{"lon":-8.13212504248734,"lat":42.25124765210945}},"geometry":{"type":"Polygon","coordinates":[[[-8.15983,42.24513],[-8.15671,42.23825],[-8.14587,42.23369],[-8.14597,42.23092],[-8.14287,42.22894],[-8.13535,42.22941],[-8.13266,42.22687],[-8.12873,42.22729],[-8.12501,42.22326],[-8.11777,42.22534],[-8.11678,42.22658],[-8.11895,42.22767],[-8.11712,42.23123],[-8.11329,42.22956],[-8.11151,42.22659],[-8.10942,42.22633],[-8.10644,42.23104],[-8.10557,42.24022],[-8.10249,42.24455],[-8.1021,42.24809],[-8.1063,42.25847],[-8.11214,42.26449],[-8.12055,42.26873],[-8.13092,42.27167],[-8.13254,42.28102],[-8.13733,42.2809],[-8.1491,42.27754],[-8.15761,42.26952],[-8.16094,42.2633],[-8.16118,42.25913],[-8.15952,42.25718],[-8.15508,42.25636],[-8.15404,42.25346],[-8.15505,42.2493],[-8.15928,42.24542],[-8.15983,42.24513]]]}},{"type":"Feature","properties":{"mun_code":"32018","mun_name":"Carballeda de Avia","mun_name_local":null,"prov_code":"32","prov_name":"Ourense","acom_code":"12","acom_name":"Galicia","geo_point_2d":{"lon":-8.188479675284302,"lat":42.329025586288274}},"geometry":{"type":"Polygon","coordinates":[[[-8.26195,42.31538],[-8.24561,42.30979],[-8.24082,42.31079],[-8.2238,42.30996],[-8.21363,42.29578],[-8.20217,42.29826],[-8.19033,42.30347],[-8.18589,42.30082],[-8.18181,42.30038],[-8.17519,42.29323],[-8.15813,42.29921],[-8.15528,42.30399],[-8.14973,42.3053],[-8.14313,42.3031],[-8.13323,42.30619],[-8.13725,42.31318],[-8.1399,42.31506],[-8.139,42.31692],[-8.14291,42.32244],[-8.14328,42.32607],[-8.15196,42.3283],[-8.14337,42.34243],[-8.14452,42.34351],[-8.14873,42.34339],[-8.14791,42.34545],[-8.15035,42.34782],[-8.15825,42.34996],[-8.16354,42.34794],[-8.17414,42.35222],[-8.17661,42.35473],[-8.17447,42.35729],[-8.18548,42.3699],[-8.19354,42.37169],[-8.20008,42.37769],[-8.2049,42.37499],[-8.20683,42.3694],[-8.21246,42.36365],[-8.21558,42.36306],[-8.21844,42.35826],[-8.22068,42.35102],[-8.21989,42.34862],[-8.2165,42.34672],[-8.22412,42.32724],[-8.22835,42.32367],[-8.23213,42.32321],[-8.24879,42.3156],[-8.26021,42.31539],[-8.26195,42.31538]]]}},{"type":"Feature","properties":{"mun_code":"32034","mun_name":"A Gudiña","mun_name_local":null,"prov_code":"32","prov_name":"Ourense","acom_code":"12","acom_name":"Galicia","geo_point_2d":{"lon":-7.167806343294203,"lat":42.038908270081855}},"geometry":{"type":"Polygon","coordinates":[[[-7.27457,42.03773],[-7.27161,42.02918],[-7.26737,42.02616],[-7.26425,42.01883],[-7.25261,42.01184],[-7.24059,42.0102],[-7.2359,42.00704],[-7.23643,42.00505],[-7.23145,42.00026],[-7.23224,41.99468],[-7.22965,41.99346],[-7.22888,41.99056],[-7.23509,41.98559],[-7.23469,41.98047],[-7.23015,41.9807],[-7.22299,41.97848],[-7.21534,41.98328],[-7.2075,41.9833],[-7.20754,41.9857],[-7.20503,41.98562],[-7.19676,41.98166],[-7.19626,41.97899],[-7.19426,41.97946],[-7.19212,41.97478],[-7.18544,41.97233],[-7.17977,41.97925],[-7.17747,41.9802],[-7.1649,41.97965],[-7.15837,41.97627],[-7.15459,41.97981],[-7.15192,41.98661],[-7.14145,41.99076],[-7.1331,41.98804],[-7.11899,41.98659],[-7.11521,41.98399],[-7.10549,41.99237],[-7.07976,42.00309],[-7.0782,42.01101],[-7.08316,42.02498],[-7.07813,42.02943],[-7.07329,42.04369],[-7.05969,42.0623],[-7.05805,42.07605],[-7.06285,42.07657],[-7.06567,42.07924],[-7.08711,42.08606],[-7.08995,42.0854],[-7.10409,42.07405],[-7.1111,42.07202],[-7.11918,42.07602],[-7.12844,42.07726],[-7.14797,42.09077],[-7.1552,42.09216],[-7.16466,42.09973],[-7.16513,42.09824],[-7.16959,42.10172],[-7.17322,42.10145],[-7.18208,42.10425],[-7.18598,42.10393],[-7.18981,42.10565],[-7.19235,42.10389],[-7.20343,42.10994],[-7.20528,42.10774],[-7.20865,42.10703],[-7.2106,42.10356],[-7.21362,42.10259],[-7.20999,42.09701],[-7.21999,42.09475],[-7.21672,42.09051],[-7.22189,42.0873],[-7.22018,42.07927],[-7.22323,42.07676],[-7.22944,42.07613],[-7.23019,42.07181],[-7.23328,42.0696],[-7.23826,42.06681],[-7.24184,42.06816],[-7.24558,42.06607],[-7.2567,42.06608],[-7.26819,42.06775],[-7.26784,42.0544],[-7.27484,42.03924],[-7.27457,42.03773]]]}},{"type":"Feature","properties":{"mun_code":"32033","mun_name":"Gomesende","mun_name_local":null,"prov_code":"32","prov_name":"Ourense","acom_code":"12","acom_name":"Galicia","geo_point_2d":{"lon":-8.098348638007293,"lat":42.1889086779098}},"geometry":{"type":"Polygon","coordinates":[[[-8.1268,42.18373],[-8.12025,42.17639],[-8.11873,42.17112],[-8.11457,42.16607],[-8.11482,42.16021],[-8.11779,42.15572],[-8.11796,42.15246],[-8.10959,42.15061],[-8.10604,42.1467],[-8.08694,42.1544],[-8.0772,42.16279],[-8.06892,42.16483],[-8.06882,42.16683],[-8.07641,42.17521],[-8.07596,42.18467],[-8.08037,42.19115],[-8.07996,42.19366],[-8.0767,42.19551],[-8.07427,42.20027],[-8.08239,42.19869],[-8.0851,42.20377],[-8.08309,42.21346],[-8.07657,42.21758],[-8.07322,42.22271],[-8.07922,42.22473],[-8.0773,42.22958],[-8.08109,42.23035],[-8.08342,42.22809],[-8.09197,42.2264],[-8.09407,42.22424],[-8.09939,42.22893],[-8.1047,42.22941],[-8.11006,42.2262],[-8.11472,42.23053],[-8.11755,42.23106],[-8.11899,42.2272],[-8.11678,42.22658],[-8.1174,42.21888],[-8.11529,42.21641],[-8.11679,42.21104],[-8.11628,42.19865],[-8.12012,42.1913],[-8.12407,42.18926],[-8.12344,42.18752],[-8.1263,42.18615],[-8.1268,42.18373]]]}},{"type":"Feature","properties":{"mun_code":"32049","mun_name":"Montederramo","mun_name_local":null,"prov_code":"32","prov_name":"Ourense","acom_code":"12","acom_name":"Galicia","geo_point_2d":{"lon":-7.503638918047478,"lat":42.281340635002024}},"geometry":{"type":"Polygon","coordinates":[[[-7.61077,42.35017],[-7.61275,42.34842],[-7.61116,42.34032],[-7.61392,42.33717],[-7.61029,42.33351],[-7.60916,42.31842],[-7.60542,42.3172],[-7.60587,42.30699],[-7.594,42.3165],[-7.59103,42.31448],[-7.58977,42.31131],[-7.57308,42.31258],[-7.57432,42.31117],[-7.57336,42.30962],[-7.58107,42.29669],[-7.57421,42.28146],[-7.57362,42.27241],[-7.55902,42.27198],[-7.55665,42.26804],[-7.55637,42.25832],[-7.53031,42.24574],[-7.52946,42.24045],[-7.50984,42.23637],[-7.50829,42.22248],[-7.49967,42.21131],[-7.49031,42.20737],[-7.48423,42.2031],[-7.48349,42.19573],[-7.47798,42.19248],[-7.4645,42.18989],[-7.45718,42.20405],[-7.44928,42.1983],[-7.44591,42.19239],[-7.43809,42.18777],[-7.43814,42.19132],[-7.44097,42.19396],[-7.4388,42.1954],[-7.44005,42.19894],[-7.44483,42.2049],[-7.44284,42.20644],[-7.44935,42.21741],[-7.45584,42.22455],[-7.46473,42.22995],[-7.47055,42.23842],[-7.46281,42.24198],[-7.4571,42.2414],[-7.45281,42.24333],[-7.44346,42.24312],[-7.43798,42.26499],[-7.43926,42.26692],[-7.43489,42.27309],[-7.43754,42.27346],[-7.43711,42.2932],[-7.43291,42.298],[-7.42795,42.29947],[-7.43248,42.30318],[-7.43174,42.30518],[-7.43331,42.30624],[-7.43303,42.3086],[-7.42984,42.3106],[-7.43746,42.30852],[-7.44197,42.3122],[-7.4436,42.31184],[-7.44275,42.31389],[-7.44493,42.3181],[-7.45203,42.32383],[-7.45684,42.33475],[-7.45062,42.34135],[-7.44625,42.34283],[-7.44841,42.3438],[-7.449,42.34618],[-7.45494,42.34677],[-7.45905,42.3494],[-7.46574,42.34917],[-7.47272,42.34589],[-7.47573,42.3362],[-7.47463,42.33508],[-7.47802,42.32892],[-7.48019,42.32975],[-7.49357,42.32825],[-7.49912,42.32996],[-7.50044,42.34228],[-7.50405,42.3426],[-7.50455,42.34582],[-7.51012,42.34688],[-7.51151,42.33876],[-7.51879,42.33556],[-7.52373,42.33634],[-7.5342,42.33214],[-7.53488,42.33029],[-7.53941,42.32822],[-7.54235,42.32995],[-7.54583,42.32549],[-7.55245,42.3256],[-7.55817,42.31935],[-7.56223,42.31835],[-7.56202,42.31714],[-7.57094,42.3187],[-7.57215,42.32854],[-7.57972,42.3345],[-7.59677,42.33879],[-7.61024,42.34966],[-7.61077,42.35017]]]}},{"type":"Feature","properties":{"mun_code":"32024","mun_name":"Celanova","mun_name_local":null,"prov_code":"32","prov_name":"Ourense","acom_code":"12","acom_name":"Galicia","geo_point_2d":{"lon":-7.973346778000045,"lat":42.15883450924655}},"geometry":{"type":"Polygon","coordinates":[[[-8.06092,42.11932],[-8.04155,42.11528],[-8.03013,42.12281],[-8.01359,42.11902],[-8.00987,42.11983],[-8.00599,42.1216],[-8.00562,42.12395],[-8.00746,42.12565],[-8.01128,42.13979],[-8.00227,42.14433],[-7.9952,42.1462],[-7.98986,42.13528],[-7.9878,42.12619],[-7.98492,42.1256],[-7.98181,42.12266],[-7.98046,42.11797],[-7.97523,42.11788],[-7.97442,42.11926],[-7.96385,42.12375],[-7.95881,42.12431],[-7.94938,42.12931],[-7.93473,42.12261],[-7.93304,42.11927],[-7.93093,42.12251],[-7.93395,42.12574],[-7.93505,42.13539],[-7.93103,42.14093],[-7.92408,42.14613],[-7.92776,42.14988],[-7.92706,42.15145],[-7.92349,42.15237],[-7.92484,42.15547],[-7.91658,42.15945],[-7.91566,42.16123],[-7.92324,42.1685],[-7.92267,42.17461],[-7.91655,42.18041],[-7.91882,42.18216],[-7.9182,42.18695],[-7.92147,42.18741],[-7.92147,42.18917],[-7.91879,42.1916],[-7.9136,42.2029],[-7.89968,42.21123],[-7.9029,42.21418],[-7.91723,42.21797],[-7.92625,42.21452],[-7.93524,42.21502],[-7.93888,42.21123],[-7.93825,42.20387],[-7.94252,42.20283],[-7.94392,42.19934],[-7.95038,42.19339],[-7.95482,42.19705],[-7.95586,42.2026],[-7.9594,42.20158],[-7.96583,42.20407],[-7.97417,42.20023],[-7.97625,42.1953],[-7.97971,42.19359],[-7.98079,42.19143],[-7.97819,42.18777],[-7.97848,42.18259],[-7.97463,42.18015],[-7.97926,42.17407],[-7.98863,42.16685],[-7.99722,42.16765],[-8.00633,42.16466],[-8.01215,42.16535],[-8.01319,42.16396],[-8.02457,42.16308],[-8.02587,42.16018],[-8.02517,42.15192],[-8.02959,42.14493],[-8.04036,42.14528],[-8.04769,42.14723],[-8.05343,42.15361],[-8.05419,42.14402],[-8.06267,42.13563],[-8.06191,42.12584],[-8.06092,42.11932]]]}},{"type":"Feature","properties":{"mun_code":"32060","mun_name":"Petín","mun_name_local":null,"prov_code":"32","prov_name":"Ourense","acom_code":"12","acom_name":"Galicia","geo_point_2d":{"lon":-7.097701110934178,"lat":42.36713593743145}},"geometry":{"type":"Polygon","coordinates":[[[-7.15532,42.38337],[-7.14836,42.38029],[-7.14508,42.37667],[-7.14464,42.3673],[-7.14147,42.36266],[-7.13813,42.36146],[-7.13917,42.35423],[-7.13609,42.34584],[-7.13384,42.34464],[-7.13678,42.3352],[-7.13317,42.3327],[-7.12385,42.33565],[-7.1181,42.33504],[-7.11745,42.33943],[-7.11326,42.34219],[-7.11256,42.34688],[-7.11499,42.35041],[-7.1028,42.35709],[-7.06694,42.36266],[-7.0589,42.35774],[-7.04878,42.35394],[-7.02619,42.36345],[-7.03298,42.37199],[-7.04309,42.37803],[-7.04662,42.37859],[-7.05622,42.37612],[-7.07192,42.38392],[-7.09301,42.38828],[-7.1057,42.38187],[-7.11116,42.38239],[-7.11805,42.38719],[-7.1227,42.38586],[-7.12617,42.38851],[-7.13033,42.38816],[-7.13897,42.38366],[-7.15148,42.38351],[-7.15532,42.38337]]]}},{"type":"Feature","properties":{"mun_code":"32050","mun_name":"Monterrei","mun_name_local":null,"prov_code":"32","prov_name":"Ourense","acom_code":"12","acom_name":"Galicia","geo_point_2d":{"lon":-7.521374273556914,"lat":41.94749646640772}},"geometry":{"type":"Polygon","coordinates":[[[-7.50554,42.02192],[-7.50948,42.01983],[-7.51371,42.02014],[-7.52003,42.01818],[-7.52495,42.02051],[-7.52769,42.01966],[-7.52967,42.02065],[-7.53531,42.01528],[-7.5421,42.01631],[-7.54339,42.01262],[-7.53929,42.00835],[-7.53697,41.99971],[-7.53091,41.99561],[-7.52842,41.98845],[-7.53472,41.98018],[-7.53256,41.97733],[-7.53806,41.97279],[-7.52684,41.95818],[-7.52676,41.95611],[-7.53992,41.94811],[-7.53907,41.94278],[-7.5604,41.94272],[-7.56908,41.94958],[-7.58251,41.95512],[-7.59929,41.95672],[-7.59675,41.94961],[-7.59713,41.93401],[-7.61014,41.92889],[-7.61984,41.91763],[-7.60484,41.91097],[-7.59687,41.90852],[-7.5933,41.90934],[-7.59039,41.90589],[-7.59199,41.90346],[-7.5895,41.9008],[-7.58873,41.8968],[-7.58846,41.89308],[-7.58989,41.8925],[-7.58734,41.89034],[-7.58818,41.88828],[-7.58615,41.8837],[-7.58354,41.88337],[-7.5808,41.87836],[-7.57725,41.87904],[-7.56018,41.87732],[-7.54686,41.88087],[-7.54011,41.87968],[-7.52943,41.88126],[-7.52895,41.88355],[-7.52146,41.88789],[-7.5212,41.89145],[-7.51691,41.89463],[-7.5153,41.90299],[-7.52013,41.90236],[-7.51704,41.90477],[-7.51832,41.90718],[-7.51537,41.91088],[-7.51635,41.91269],[-7.507,41.91687],[-7.49587,41.91514],[-7.4918,41.91891],[-7.48692,41.91572],[-7.48164,41.91509],[-7.47338,41.91558],[-7.46194,41.91846],[-7.46154,41.92177],[-7.47433,41.9431],[-7.47237,41.9504],[-7.45783,41.95249],[-7.44929,41.94462],[-7.44421,41.94219],[-7.44394,41.9627],[-7.44623,41.96863],[-7.44081,41.97962],[-7.44034,41.98743],[-7.45272,41.99397],[-7.46182,42.00283],[-7.46507,42.00912],[-7.46801,42.01078],[-7.47386,42.01333],[-7.47517,42.01282],[-7.47901,42.01595],[-7.4819,42.0156],[-7.48698,42.01812],[-7.49248,42.01846],[-7.4986,42.01636],[-7.50509,42.02147],[-7.50554,42.02192]]]}},{"type":"Feature","properties":{"mun_code":"32032","mun_name":"Xinzo de Limia","mun_name_local":null,"prov_code":"32","prov_name":"Ourense","acom_code":"12","acom_name":"Galicia","geo_point_2d":{"lon":-7.706084863284942,"lat":42.044595776716214}},"geometry":{"type":"Polygon","coordinates":[[[-7.80317,42.06195],[-7.80445,42.04404],[-7.80226,42.03066],[-7.80358,42.02563],[-7.80083,42.02325],[-7.80091,42.01982],[-7.79703,42.01672],[-7.79879,42.01542],[-7.79747,42.01323],[-7.78778,42.01718],[-7.78646,42.01417],[-7.78794,42.00691],[-7.79386,41.99856],[-7.79361,41.9966],[-7.78757,41.99737],[-7.77997,41.99364],[-7.77031,41.99535],[-7.76621,42.00017],[-7.76763,42.00158],[-7.76345,42.00885],[-7.7637,42.01258],[-7.75654,42.01192],[-7.73987,42.01631],[-7.71977,42.01566],[-7.71106,42.00785],[-7.71063,42.00253],[-7.69935,41.99487],[-7.70107,41.97985],[-7.69661,41.98082],[-7.69209,41.98494],[-7.68511,41.98782],[-7.67284,41.98744],[-7.67239,41.9896],[-7.66934,41.98991],[-7.66746,41.98861],[-7.65769,41.98723],[-7.65778,41.98563],[-7.6555,41.98458],[-7.65548,41.97977],[-7.6589,41.97748],[-7.65838,41.97513],[-7.66361,41.96559],[-7.66261,41.96403],[-7.66019,41.96393],[-7.65949,41.96007],[-7.65454,41.95544],[-7.64917,41.9454],[-7.62946,41.95862],[-7.63448,41.98763],[-7.63691,41.99357],[-7.64253,41.99715],[-7.65069,41.99391],[-7.65492,41.99358],[-7.65237,42.00289],[-7.65728,42.008],[-7.65604,42.01413],[-7.65632,42.0197],[-7.65814,42.02022],[-7.65775,42.02687],[-7.66406,42.03066],[-7.67543,42.03396],[-7.67516,42.0375],[-7.6832,42.05219],[-7.67559,42.05465],[-7.66568,42.06095],[-7.65856,42.06329],[-7.65492,42.06814],[-7.65127,42.06569],[-7.6316,42.06031],[-7.6255,42.06024],[-7.62253,42.06459],[-7.631,42.09416],[-7.63262,42.10679],[-7.64078,42.10621],[-7.6483,42.10334],[-7.65589,42.10644],[-7.68355,42.12464],[-7.72276,42.09168],[-7.75188,42.07243],[-7.75736,42.06232],[-7.77137,42.06324],[-7.79438,42.06157],[-7.80047,42.06216],[-7.80317,42.06195]]]}},{"type":"Feature","properties":{"mun_code":"32075","mun_name":"San Cibrao das Viñas","mun_name_local":null,"prov_code":"32","prov_name":"Ourense","acom_code":"12","acom_name":"Galicia","geo_point_2d":{"lon":-7.853599442404427,"lat":42.27808519293807}},"geometry":{"type":"Polygon","coordinates":[[[-7.91106,42.25954],[-7.90475,42.2447],[-7.90231,42.24272],[-7.89048,42.23963],[-7.88605,42.24532],[-7.87857,42.2497],[-7.87203,42.24944],[-7.86291,42.24392],[-7.85768,42.24441],[-7.85296,42.24911],[-7.85267,42.26504],[-7.84742,42.27311],[-7.83611,42.27148],[-7.81742,42.26632],[-7.81095,42.26926],[-7.80858,42.27294],[-7.8034,42.27613],[-7.79601,42.27794],[-7.7984,42.2819],[-7.79541,42.28179],[-7.79375,42.28458],[-7.79352,42.29615],[-7.80495,42.30508],[-7.80594,42.3138],[-7.81374,42.31069],[-7.82938,42.31489],[-7.82772,42.30193],[-7.82271,42.29616],[-7.83197,42.29609],[-7.84745,42.29056],[-7.84852,42.29168],[-7.86066,42.28951],[-7.86687,42.29425],[-7.86698,42.29836],[-7.86478,42.29911],[-7.86291,42.30232],[-7.86387,42.30471],[-7.86151,42.30869],[-7.86224,42.31252],[-7.86472,42.31241],[-7.86588,42.31744],[-7.87087,42.31708],[-7.87056,42.31876],[-7.87188,42.31862],[-7.87466,42.31171],[-7.87539,42.29956],[-7.89515,42.28159],[-7.90131,42.26893],[-7.90098,42.26282],[-7.90771,42.26009],[-7.91106,42.25954]]]}},{"type":"Feature","properties":{"mun_code":"32048","mun_name":"A Mezquita","mun_name_local":null,"prov_code":"32","prov_name":"Ourense","acom_code":"12","acom_name":"Galicia","geo_point_2d":{"lon":-7.033801115360009,"lat":42.00686307044555}},"geometry":{"type":"Polygon","coordinates":[[[-7.11521,41.98399],[-7.0875,41.97348],[-7.08067,41.95745],[-7.07695,41.95194],[-7.07343,41.95],[-7.06538,41.94892],[-7.06236,41.9505],[-7.05373,41.94908],[-7.04914,41.95071],[-7.04945,41.95188],[-7.04581,41.95464],[-7.04306,41.95504],[-7.0364,41.95108],[-7.01081,41.94938],[-7.00624,41.95057],[-6.9999,41.9618],[-6.98576,41.97098],[-6.98642,41.97872],[-6.99166,41.98605],[-6.99111,41.98834],[-6.98648,41.99484],[-6.98706,41.99699],[-6.97951,42.00021],[-6.97631,42.00905],[-6.97049,42.01403],[-6.96645,42.02385],[-6.96114,42.0272],[-6.96467,42.03368],[-6.9731,42.03911],[-6.97479,42.05516],[-6.99469,42.05144],[-7.01183,42.05242],[-7.01615,42.05477],[-7.02206,42.06087],[-7.03101,42.0633],[-7.03404,42.07155],[-7.05102,42.07646],[-7.05883,42.07655],[-7.05969,42.0623],[-7.07329,42.04369],[-7.07813,42.02943],[-7.08316,42.02498],[-7.0782,42.01101],[-7.07976,42.00309],[-7.10549,41.99237],[-7.10787,41.9892],[-7.11521,41.98399]]]}},{"type":"Feature","properties":{"mun_code":"32031","mun_name":"Esgos","mun_name_local":null,"prov_code":"32","prov_name":"Ourense","acom_code":"12","acom_name":"Galicia","geo_point_2d":{"lon":-7.696629611758814,"lat":42.33340642817226}},"geometry":{"type":"Polygon","coordinates":[[[-7.75184,42.30522],[-7.74643,42.30647],[-7.74529,42.30481],[-7.74253,42.3092],[-7.73931,42.30754],[-7.72328,42.30502],[-7.71095,42.30487],[-7.70682,42.30046],[-7.6919,42.30674],[-7.68342,42.30752],[-7.67451,42.31366],[-7.67033,42.31361],[-7.66334,42.32814],[-7.6603,42.33226],[-7.6559,42.33497],[-7.64968,42.34493],[-7.64254,42.36021],[-7.64545,42.3633],[-7.65409,42.36715],[-7.66165,42.36644],[-7.67901,42.35215],[-7.68902,42.35355],[-7.70368,42.35897],[-7.71436,42.36628],[-7.71791,42.3637],[-7.728,42.36249],[-7.72195,42.34291],[-7.72771,42.33279],[-7.72687,42.33084],[-7.73123,42.32688],[-7.73626,42.32609],[-7.74001,42.32336],[-7.74539,42.32395],[-7.74768,42.32198],[-7.75284,42.31467],[-7.75246,42.30687],[-7.75184,42.30522]]]}},{"type":"Feature","properties":{"mun_code":"32077","mun_name":"Sandiás","mun_name_local":null,"prov_code":"32","prov_name":"Ourense","acom_code":"12","acom_name":"Galicia","geo_point_2d":{"lon":-7.74722187486051,"lat":42.112072630160554}},"geometry":{"type":"Polygon","coordinates":[[[-7.79053,42.12615],[-7.79477,42.12365],[-7.79333,42.1168],[-7.79437,42.11196],[-7.79232,42.10261],[-7.78825,42.09854],[-7.78887,42.09744],[-7.78346,42.09456],[-7.78426,42.08454],[-7.786,42.08259],[-7.78373,42.07767],[-7.78085,42.07597],[-7.78068,42.06759],[-7.78233,42.06272],[-7.75736,42.06232],[-7.75188,42.07243],[-7.72276,42.09168],[-7.68626,42.12271],[-7.70135,42.1363],[-7.70797,42.13623],[-7.70715,42.13791],[-7.70888,42.14118],[-7.71182,42.14102],[-7.71432,42.14421],[-7.74171,42.14796],[-7.7475,42.15739],[-7.75019,42.15843],[-7.75408,42.15423],[-7.76893,42.15975],[-7.77032,42.15885],[-7.77118,42.14391],[-7.76636,42.136],[-7.76968,42.12514],[-7.77834,42.1218],[-7.78762,42.12371],[-7.79053,42.12615]]]}},{"type":"Feature","properties":{"mun_code":"32083","mun_name":"A Veiga","mun_name_local":null,"prov_code":"32","prov_name":"Ourense","acom_code":"12","acom_name":"Galicia","geo_point_2d":{"lon":-6.958887282805714,"lat":42.26514016552204}},"geometry":{"type":"Polygon","coordinates":[[[-7.10201,42.23817],[-7.09739,42.23926],[-7.07405,42.22948],[-7.06032,42.22049],[-7.05147,42.2171],[-7.03543,42.20492],[-7.03141,42.20385],[-7.02913,42.20165],[-7.02222,42.20032],[-7.01956,42.19774],[-7.01204,42.19902],[-7.00898,42.20157],[-7.00414,42.20223],[-7.00305,42.20478],[-6.99545,42.20391],[-6.9938,42.20534],[-6.98963,42.20488],[-6.98284,42.19979],[-6.97447,42.18701],[-6.96106,42.18566],[-6.95699,42.17775],[-6.94385,42.17186],[-6.93858,42.17684],[-6.91464,42.18904],[-6.91048,42.1881],[-6.90085,42.18947],[-6.88824,42.20227],[-6.89273,42.20766],[-6.88656,42.21454],[-6.85558,42.22687],[-6.84364,42.22831],[-6.83017,42.22632],[-6.81657,42.22094],[-6.80249,42.21875],[-6.79664,42.20897],[-6.79454,42.21226],[-6.78699,42.21591],[-6.79196,42.21782],[-6.79609,42.22179],[-6.79436,42.22808],[-6.79701,42.22899],[-6.80238,42.23569],[-6.80308,42.23904],[-6.80106,42.2412],[-6.79607,42.24238],[-6.79321,42.24693],[-6.79422,42.24954],[-6.80603,42.24778],[-6.80895,42.24924],[-6.81011,42.25114],[-6.80634,42.25667],[-6.81347,42.26595],[-6.81347,42.27007],[-6.81625,42.27081],[-6.81647,42.2726],[-6.83006,42.27524],[-6.83688,42.28031],[-6.84211,42.28117],[-6.84395,42.28324],[-6.85618,42.28325],[-6.85935,42.28451],[-6.86857,42.29299],[-6.87359,42.29292],[-6.88341,42.29785],[-6.88289,42.30169],[-6.88473,42.30376],[-6.88323,42.30825],[-6.8848,42.31137],[-6.89612,42.31295],[-6.89965,42.31219],[-6.91311,42.32108],[-6.92984,42.32579],[-6.93691,42.32957],[-6.94417,42.33156],[-6.9486,42.33697],[-6.95361,42.33852],[-6.96075,42.34576],[-6.96976,42.35032],[-6.97499,42.35747],[-6.98509,42.35473],[-6.99761,42.35477],[-7.01908,42.36042],[-7.02619,42.36345],[-7.04878,42.35394],[-7.05683,42.35729],[-7.06311,42.35039],[-7.06222,42.34822],[-7.05792,42.34756],[-7.0559,42.34579],[-7.05253,42.34621],[-7.05239,42.34448],[-7.04585,42.33979],[-7.048,42.33725],[-7.04703,42.33354],[-7.05043,42.33129],[-7.05475,42.33079],[-7.05775,42.32823],[-7.05616,42.32676],[-7.05611,42.32144],[-7.06082,42.30127],[-7.05766,42.28557],[-7.06001,42.27936],[-7.05777,42.27671],[-7.05878,42.27203],[-7.06321,42.26402],[-7.06816,42.26089],[-7.0728,42.25967],[-7.0822,42.26639],[-7.08352,42.26262],[-7.10374,42.25256],[-7.10605,42.24513],[-7.10336,42.24047],[-7.10201,42.23817]]]}},{"type":"Feature","properties":{"mun_code":"32013","mun_name":"Boborás","mun_name_local":null,"prov_code":"32","prov_name":"Ourense","acom_code":"12","acom_name":"Galicia","geo_point_2d":{"lon":-8.177059173146452,"lat":42.443449958758016}},"geometry":{"type":"Polygon","coordinates":[[[-8.24902,42.50471],[-8.24193,42.49866],[-8.24028,42.49445],[-8.23391,42.48772],[-8.23424,42.47795],[-8.22824,42.47105],[-8.23072,42.46511],[-8.22673,42.46061],[-8.23464,42.45367],[-8.23322,42.44836],[-8.23565,42.44597],[-8.23895,42.43705],[-8.24329,42.43511],[-8.23756,42.43345],[-8.23655,42.43194],[-8.24404,42.42627],[-8.24081,42.4234],[-8.22672,42.42485],[-8.2257,42.426],[-8.22757,42.42233],[-8.21837,42.42112],[-8.21677,42.41998],[-8.21716,42.41801],[-8.21033,42.41653],[-8.21395,42.41397],[-8.20897,42.41127],[-8.20915,42.41018],[-8.21284,42.4093],[-8.20882,42.4071],[-8.21025,42.40378],[-8.20675,42.40312],[-8.21366,42.38651],[-8.21016,42.38731],[-8.20658,42.3933],[-8.20259,42.39375],[-8.20335,42.3968],[-8.1996,42.39783],[-8.2016,42.40136],[-8.19314,42.399],[-8.18845,42.39989],[-8.18541,42.40307],[-8.18173,42.404],[-8.17465,42.40161],[-8.17163,42.39713],[-8.15829,42.39414],[-8.14667,42.39311],[-8.14587,42.39394],[-8.14112,42.39056],[-8.1398,42.39109],[-8.13797,42.39531],[-8.13894,42.40469],[-8.1326,42.40649],[-8.12774,42.4042],[-8.12025,42.40734],[-8.11912,42.40525],[-8.11697,42.40556],[-8.115,42.4124],[-8.11955,42.41107],[-8.12321,42.4121],[-8.12071,42.41785],[-8.12311,42.41957],[-8.11521,42.42186],[-8.11599,42.42445],[-8.11244,42.43057],[-8.10397,42.43655],[-8.10066,42.44093],[-8.10178,42.44502],[-8.10497,42.44617],[-8.10379,42.45029],[-8.10951,42.45416],[-8.11299,42.45487],[-8.11674,42.45341],[-8.12547,42.45842],[-8.13913,42.47858],[-8.15221,42.47322],[-8.15328,42.47901],[-8.15993,42.48292],[-8.16359,42.4882],[-8.17446,42.48271],[-8.18206,42.48253],[-8.18908,42.48019],[-8.19572,42.4843],[-8.20742,42.48739],[-8.2126,42.48718],[-8.21504,42.49157],[-8.2197,42.4922],[-8.2321,42.49789],[-8.23055,42.51007],[-8.22581,42.51175],[-8.2374,42.51239],[-8.23859,42.50976],[-8.24709,42.50535],[-8.24902,42.50471]]]}},{"type":"Feature","properties":{"mun_code":"32051","mun_name":"Muíños","mun_name_local":null,"prov_code":"32","prov_name":"Ourense","acom_code":"12","acom_name":"Galicia","geo_point_2d":{"lon":-7.961475029247811,"lat":41.93362952841112}},"geometry":{"type":"Polygon","coordinates":[[[-8.05561,41.94221],[-8.04903,41.93907],[-8.05346,41.93468],[-8.05434,41.93132],[-8.04901,41.92246],[-8.04483,41.92468],[-8.03919,41.91842],[-8.03716,41.91196],[-8.03245,41.91453],[-8.0335,41.91906],[-8.02729,41.92145],[-8.01885,41.92001],[-8.01728,41.91864],[-8.01927,41.90478],[-8.01684,41.90076],[-7.99405,41.89126],[-7.99244,41.88495],[-7.98075,41.87221],[-7.97149,41.87638],[-7.96921,41.87439],[-7.95672,41.87523],[-7.95607,41.87324],[-7.94883,41.87102],[-7.94412,41.87158],[-7.93773,41.87523],[-7.92848,41.87785],[-7.92125,41.8778],[-7.91969,41.8802],[-7.9213,41.88182],[-7.91008,41.90735],[-7.90974,41.92247],[-7.90634,41.9271],[-7.90829,41.92868],[-7.90907,41.94801],[-7.91049,41.95016],[-7.90279,41.96453],[-7.89625,41.96583],[-7.89512,41.9671],[-7.89609,41.96949],[-7.90475,41.97595],[-7.90976,41.98432],[-7.90295,41.98717],[-7.90321,41.9898],[-7.89964,41.99359],[-7.90099,41.99533],[-7.90076,42.00146],[-7.90481,42.00341],[-7.91609,42.00284],[-7.93139,42.00698],[-7.93322,42.00441],[-7.93231,42.00121],[-7.93768,41.99674],[-7.94313,41.99631],[-7.94435,41.99489],[-7.94559,41.99211],[-7.94352,41.99129],[-7.94305,41.98931],[-7.94651,41.98517],[-7.94671,41.98224],[-7.95127,41.97919],[-7.95191,41.97702],[-7.95484,41.97798],[-7.95609,41.98091],[-7.96285,41.98141],[-7.96842,41.98365],[-7.97417,41.9814],[-7.97801,41.9768],[-7.976,41.97428],[-7.9826,41.96757],[-7.99565,41.9662],[-7.99386,41.96232],[-7.99635,41.96081],[-8.00068,41.96053],[-7.99982,41.95749],[-8.00142,41.95548],[-8.00834,41.95313],[-8.01128,41.95417],[-8.01645,41.95102],[-8.01624,41.9483],[-8.02724,41.94884],[-8.03164,41.94452],[-8.03833,41.94328],[-8.04027,41.94696],[-8.04411,41.94708],[-8.05044,41.94278],[-8.05477,41.94241],[-8.05561,41.94221]]]}},{"type":"Feature","properties":{"mun_code":"32092","mun_name":"Vilariño de Conso","mun_name_local":null,"prov_code":"32","prov_name":"Ourense","acom_code":"12","acom_name":"Galicia","geo_point_2d":{"lon":-7.266343020402856,"lat":42.15126195283082}},"geometry":{"type":"Polygon","coordinates":[[[-7.37741,42.17299],[-7.38218,42.16887],[-7.38596,42.16102],[-7.37965,42.15362],[-7.37832,42.14761],[-7.37511,42.14255],[-7.37676,42.13173],[-7.37014,42.12484],[-7.36883,42.1167],[-7.36687,42.11492],[-7.35567,42.1094],[-7.3509,42.1087],[-7.34653,42.11113],[-7.33665,42.11058],[-7.33331,42.11177],[-7.31922,42.1066],[-7.31666,42.10454],[-7.29555,42.10268],[-7.29606,42.09158],[-7.29444,42.08785],[-7.28866,42.0858],[-7.28314,42.08068],[-7.27562,42.07033],[-7.26801,42.06702],[-7.24558,42.06607],[-7.24184,42.06816],[-7.23826,42.06681],[-7.23019,42.07181],[-7.22944,42.07613],[-7.22323,42.07676],[-7.22018,42.07927],[-7.22189,42.0873],[-7.21672,42.09051],[-7.21999,42.09475],[-7.20999,42.09701],[-7.21362,42.10259],[-7.2106,42.10356],[-7.20865,42.10703],[-7.204,42.10874],[-7.20806,42.10913],[-7.21153,42.11319],[-7.20141,42.11764],[-7.19918,42.12156],[-7.19663,42.12118],[-7.1946,42.12603],[-7.19481,42.13137],[-7.19296,42.13282],[-7.18774,42.13257],[-7.18542,42.13918],[-7.18095,42.1428],[-7.16849,42.16307],[-7.16301,42.16678],[-7.15663,42.1782],[-7.16401,42.18055],[-7.16248,42.18235],[-7.16613,42.18523],[-7.1671,42.19482],[-7.18774,42.1978],[-7.19879,42.20084],[-7.21267,42.20222],[-7.20364,42.20559],[-7.19753,42.20517],[-7.18651,42.21555],[-7.17962,42.21934],[-7.18145,42.22615],[-7.18576,42.23017],[-7.19044,42.23129],[-7.21615,42.22363],[-7.23572,42.22716],[-7.24457,42.22691],[-7.26306,42.21781],[-7.27996,42.2136],[-7.27314,42.20125],[-7.2674,42.19557],[-7.26449,42.18884],[-7.26571,42.18773],[-7.27235,42.19032],[-7.2804,42.18889],[-7.29573,42.19831],[-7.29618,42.20026],[-7.30212,42.20186],[-7.30579,42.20094],[-7.30687,42.19326],[-7.31278,42.19235],[-7.31619,42.1935],[-7.32379,42.19007],[-7.31833,42.18209],[-7.31445,42.18093],[-7.31621,42.17302],[-7.32244,42.18179],[-7.3374,42.18812],[-7.34134,42.18895],[-7.34352,42.18816],[-7.34992,42.19147],[-7.35627,42.18888],[-7.35566,42.18371],[-7.36069,42.18073],[-7.35998,42.18453],[-7.36799,42.18723],[-7.3676,42.18526],[-7.37283,42.18465],[-7.3698,42.17262],[-7.37257,42.17406],[-7.37668,42.17288],[-7.37741,42.17299]]]}},{"type":"Feature","properties":{"mun_code":"32065","mun_name":"Punxín","mun_name_local":null,"prov_code":"32","prov_name":"Ourense","acom_code":"12","acom_name":"Galicia","geo_point_2d":{"lon":-8.010897027901198,"lat":42.370765845516694}},"geometry":{"type":"Polygon","coordinates":[[[-8.03665,42.33861],[-8.03459,42.34051],[-8.02451,42.3403],[-8.02028,42.34307],[-8.01753,42.34722],[-8.01062,42.34388],[-8.00749,42.34539],[-8.00345,42.34467],[-8.00203,42.34922],[-8.0035,42.35423],[-8.00063,42.35682],[-8.00112,42.35998],[-7.99936,42.36122],[-7.99711,42.36055],[-7.98603,42.37735],[-7.97942,42.38049],[-7.97727,42.38816],[-7.99236,42.3865],[-7.99214,42.39046],[-8.00413,42.39631],[-8.00992,42.39345],[-8.01699,42.39387],[-8.02593,42.39223],[-8.03306,42.38612],[-8.03239,42.3805],[-8.02903,42.37554],[-8.0286,42.36986],[-8.02564,42.36473],[-8.02951,42.36374],[-8.03087,42.34861],[-8.03661,42.33903],[-8.03665,42.33861]]]}},{"type":"Feature","properties":{"mun_code":"32055","mun_name":"Paderne de Allariz","mun_name_local":null,"prov_code":"32","prov_name":"Ourense","acom_code":"12","acom_name":"Galicia","geo_point_2d":{"lon":-7.745967640984913,"lat":42.27745366262408}},"geometry":{"type":"Polygon","coordinates":[[[-7.79601,42.27794],[-7.79017,42.278],[-7.79165,42.26463],[-7.78518,42.26241],[-7.77882,42.25694],[-7.7772,42.24875],[-7.77376,42.24105],[-7.77088,42.23868],[-7.76335,42.24239],[-7.75764,42.25233],[-7.74773,42.24818],[-7.74185,42.24865],[-7.72466,42.26197],[-7.70458,42.26479],[-7.70479,42.26911],[-7.7015,42.27463],[-7.70583,42.27481],[-7.70506,42.27684],[-7.69505,42.28255],[-7.69138,42.29172],[-7.69642,42.293],[-7.69956,42.29841],[-7.70682,42.30046],[-7.71095,42.30487],[-7.72328,42.30502],[-7.73931,42.30754],[-7.74253,42.3092],[-7.74529,42.30481],[-7.74643,42.30647],[-7.75184,42.30522],[-7.75156,42.30123],[-7.74878,42.29769],[-7.75419,42.29687],[-7.75863,42.29134],[-7.76236,42.28927],[-7.77909,42.29613],[-7.79352,42.29615],[-7.79375,42.28458],[-7.79541,42.28179],[-7.7984,42.2819],[-7.79601,42.27794]]]}},{"type":"Feature","properties":{"mun_code":"32069","mun_name":"Ribadavia","mun_name_local":null,"prov_code":"32","prov_name":"Ourense","acom_code":"12","acom_name":"Galicia","geo_point_2d":{"lon":-8.13673199595327,"lat":42.29038625791366}},"geometry":{"type":"Polygon","coordinates":[[[-8.18366,42.2434],[-8.16824,42.24614],[-8.16503,42.24601],[-8.16184,42.24411],[-8.15928,42.24542],[-8.15505,42.2493],[-8.15404,42.25346],[-8.15508,42.25636],[-8.15952,42.25718],[-8.16118,42.25913],[-8.16094,42.2633],[-8.15761,42.26952],[-8.1491,42.27754],[-8.14265,42.28012],[-8.13092,42.28154],[-8.12177,42.28946],[-8.11648,42.29127],[-8.11621,42.29881],[-8.10368,42.30045],[-8.09538,42.30405],[-8.08796,42.30282],[-8.08848,42.30432],[-8.08071,42.30522],[-8.07563,42.31343],[-8.07534,42.31756],[-8.07934,42.32045],[-8.08275,42.31845],[-8.08296,42.31429],[-8.08842,42.31227],[-8.09788,42.31893],[-8.09495,42.3295],[-8.09631,42.3319],[-8.1043,42.3284],[-8.11065,42.32893],[-8.12066,42.32695],[-8.11977,42.31979],[-8.12211,42.3162],[-8.1195,42.31139],[-8.12105,42.30968],[-8.14313,42.3031],[-8.14973,42.3053],[-8.15528,42.30399],[-8.15813,42.29921],[-8.17519,42.29323],[-8.16784,42.29299],[-8.16384,42.29059],[-8.16124,42.28744],[-8.15937,42.27773],[-8.16134,42.27515],[-8.16353,42.27631],[-8.16804,42.27219],[-8.16862,42.26915],[-8.17429,42.26568],[-8.18011,42.26963],[-8.18625,42.27155],[-8.18876,42.26707],[-8.18564,42.26254],[-8.18408,42.24499],[-8.18366,42.2434]]]}},{"type":"Feature","properties":{"mun_code":"32063","mun_name":"A Pobra de Trives","mun_name_local":null,"prov_code":"32","prov_name":"Ourense","acom_code":"12","acom_name":"Galicia","geo_point_2d":{"lon":-7.278489904681581,"lat":42.32535912108242}},"geometry":{"type":"Polygon","coordinates":[[[-7.32866,42.3351],[-7.33953,42.32971],[-7.34457,42.32033],[-7.35352,42.3187],[-7.35465,42.31632],[-7.35982,42.31274],[-7.36261,42.307],[-7.34963,42.30509],[-7.3286,42.29725],[-7.32645,42.29138],[-7.32789,42.28891],[-7.32713,42.28614],[-7.31604,42.28339],[-7.31192,42.2699],[-7.31576,42.26274],[-7.31547,42.25755],[-7.31045,42.25762],[-7.30594,42.26148],[-7.29394,42.26451],[-7.28822,42.26375],[-7.28271,42.26754],[-7.26732,42.28288],[-7.26681,42.2911],[-7.26199,42.29852],[-7.25704,42.29875],[-7.25362,42.30611],[-7.24866,42.30962],[-7.24375,42.31249],[-7.23878,42.31141],[-7.23655,42.31214],[-7.22548,42.31852],[-7.21835,42.31943],[-7.21427,42.31783],[-7.21545,42.31948],[-7.21171,42.32188],[-7.21145,42.32748],[-7.20502,42.32505],[-7.20267,42.3257],[-7.21767,42.33694],[-7.23093,42.35914],[-7.22695,42.37085],[-7.22965,42.37661],[-7.22403,42.38327],[-7.21784,42.38476],[-7.22007,42.38719],[-7.233,42.39172],[-7.24781,42.38991],[-7.25366,42.39521],[-7.25587,42.39993],[-7.2547,42.38654],[-7.25936,42.38252],[-7.26825,42.38054],[-7.26659,42.37882],[-7.27312,42.37185],[-7.27977,42.36998],[-7.28478,42.36243],[-7.28696,42.35714],[-7.28527,42.35533],[-7.28895,42.34894],[-7.30576,42.3415],[-7.31244,42.34081],[-7.32079,42.33663],[-7.32597,42.33714],[-7.32798,42.33595],[-7.32866,42.3351]]]}},{"type":"Feature","properties":{"mun_code":"32029","mun_name":"Chandrexa de Queixa","mun_name_local":null,"prov_code":"32","prov_name":"Ourense","acom_code":"12","acom_name":"Galicia","geo_point_2d":{"lon":-7.3755764559629124,"lat":42.25070550699776}},"geometry":{"type":"Polygon","coordinates":[[[-7.43809,42.18777],[-7.43334,42.18707],[-7.42945,42.1836],[-7.41979,42.17977],[-7.4144,42.18432],[-7.40345,42.18615],[-7.38849,42.19238],[-7.37741,42.17299],[-7.37257,42.17406],[-7.3698,42.17262],[-7.37283,42.18465],[-7.3676,42.18526],[-7.36799,42.18723],[-7.35998,42.18453],[-7.36069,42.18073],[-7.35566,42.18371],[-7.35627,42.18888],[-7.34992,42.19147],[-7.34352,42.18816],[-7.34134,42.18895],[-7.3374,42.18812],[-7.32244,42.18179],[-7.31621,42.17302],[-7.31445,42.18093],[-7.31833,42.18209],[-7.32379,42.19007],[-7.31619,42.1935],[-7.31278,42.19235],[-7.30687,42.19326],[-7.30579,42.20094],[-7.30212,42.20186],[-7.29618,42.20026],[-7.29573,42.19831],[-7.2804,42.18889],[-7.27235,42.19032],[-7.26571,42.18773],[-7.2645,42.18862],[-7.2674,42.19557],[-7.27314,42.20125],[-7.27996,42.2136],[-7.30529,42.22339],[-7.31035,42.23085],[-7.30381,42.23503],[-7.31269,42.24883],[-7.31045,42.25762],[-7.31547,42.25755],[-7.31576,42.26274],[-7.31192,42.2699],[-7.31604,42.28339],[-7.32713,42.28614],[-7.32789,42.28891],[-7.32645,42.29138],[-7.3286,42.29725],[-7.34963,42.30509],[-7.36261,42.307],[-7.35982,42.31274],[-7.35465,42.31632],[-7.35352,42.3187],[-7.34457,42.32033],[-7.33953,42.32971],[-7.32866,42.3351],[-7.33289,42.33702],[-7.33677,42.34167],[-7.34363,42.34386],[-7.35267,42.3438],[-7.36889,42.33775],[-7.40299,42.3318],[-7.4202,42.3223],[-7.43329,42.30823],[-7.43248,42.30318],[-7.42795,42.29947],[-7.43291,42.298],[-7.43711,42.2932],[-7.43754,42.27346],[-7.43489,42.27309],[-7.43926,42.26692],[-7.43798,42.26499],[-7.44346,42.24312],[-7.45281,42.24333],[-7.4571,42.2414],[-7.46281,42.24198],[-7.47055,42.23842],[-7.46473,42.22995],[-7.45584,42.22455],[-7.44935,42.21741],[-7.44284,42.20644],[-7.44483,42.2049],[-7.44005,42.19894],[-7.4388,42.1954],[-7.44097,42.19396],[-7.43814,42.19132],[-7.4383,42.18917],[-7.43809,42.18777]]]}},{"type":"Feature","properties":{"mun_code":"32046","mun_name":"Melón","mun_name_local":null,"prov_code":"32","prov_name":"Ourense","acom_code":"12","acom_name":"Galicia","geo_point_2d":{"lon":-8.222006249353857,"lat":42.27460902424457}},"geometry":{"type":"Polygon","coordinates":[[[-8.2729,42.28241],[-8.26797,42.27195],[-8.2686,42.26353],[-8.26458,42.25286],[-8.26038,42.2523],[-8.25047,42.24531],[-8.24167,42.24499],[-8.23738,42.23748],[-8.23311,42.23357],[-8.22946,42.23293],[-8.21212,42.2358],[-8.20345,42.24452],[-8.1877,42.24457],[-8.18366,42.2434],[-8.18564,42.26254],[-8.18876,42.26707],[-8.18625,42.27155],[-8.18011,42.26963],[-8.17429,42.26568],[-8.16862,42.26915],[-8.16804,42.27219],[-8.16353,42.27631],[-8.16134,42.27515],[-8.15937,42.27773],[-8.16124,42.28744],[-8.16384,42.29059],[-8.16784,42.29299],[-8.17644,42.29389],[-8.18181,42.30038],[-8.18589,42.30082],[-8.19033,42.30347],[-8.20217,42.29826],[-8.21363,42.29578],[-8.2238,42.30996],[-8.24082,42.31079],[-8.24561,42.30979],[-8.26195,42.31538],[-8.26156,42.3089],[-8.26648,42.29877],[-8.26738,42.28727],[-8.27036,42.283],[-8.2729,42.28241]]]}},{"type":"Feature","properties":{"mun_code":"32068","mun_name":"Ramirás","mun_name_local":null,"prov_code":"32","prov_name":"Ourense","acom_code":"12","acom_name":"Galicia","geo_point_2d":{"lon":-8.037555282377518,"lat":42.18272098133979}},"geometry":{"type":"Polygon","coordinates":[[[-8.07322,42.22271],[-8.07657,42.21758],[-8.08309,42.21346],[-8.08511,42.20809],[-8.08489,42.20305],[-8.08239,42.19869],[-8.07427,42.20027],[-8.0767,42.19551],[-8.07996,42.19366],[-8.08037,42.19115],[-8.07596,42.18467],[-8.07641,42.17521],[-8.06882,42.16683],[-8.06582,42.15941],[-8.06247,42.15869],[-8.0592,42.15488],[-8.05343,42.15361],[-8.04769,42.14723],[-8.04036,42.14528],[-8.02959,42.14493],[-8.02517,42.15192],[-8.02587,42.16018],[-8.02457,42.16308],[-8.01319,42.16396],[-8.01215,42.16535],[-8.00633,42.16466],[-7.99722,42.16765],[-7.98863,42.16685],[-7.97926,42.17407],[-7.97463,42.18015],[-7.97848,42.18259],[-7.97819,42.18777],[-7.98079,42.19143],[-7.97971,42.19359],[-7.99051,42.19273],[-7.99193,42.19378],[-7.99785,42.19373],[-8.00379,42.19225],[-8.01207,42.19344],[-8.02034,42.19829],[-8.02455,42.19781],[-8.02831,42.19945],[-8.03003,42.20356],[-8.03336,42.20514],[-8.03102,42.20811],[-8.03562,42.20827],[-8.03805,42.21036],[-8.04398,42.20863],[-8.04591,42.2101],[-8.04456,42.21271],[-8.0463,42.21333],[-8.04842,42.21212],[-8.05109,42.21407],[-8.05488,42.21334],[-8.05593,42.21034],[-8.05741,42.21009],[-8.05869,42.21153],[-8.05756,42.21475],[-8.05948,42.21525],[-8.06093,42.21348],[-8.0643,42.21431],[-8.0673,42.22226],[-8.07107,42.22383],[-8.07265,42.22263],[-8.07322,42.22271]]]}},{"type":"Feature","properties":{"mun_code":"32044","mun_name":"Manzaneda","mun_name_local":null,"prov_code":"32","prov_name":"Ourense","acom_code":"12","acom_name":"Galicia","geo_point_2d":{"lon":-7.220340091618741,"lat":42.26998137393569}},"geometry":{"type":"Polygon","coordinates":[[[-7.31045,42.25762],[-7.31269,42.24883],[-7.30381,42.23503],[-7.31035,42.23085],[-7.30529,42.22339],[-7.27996,42.2136],[-7.26306,42.21781],[-7.24457,42.22691],[-7.23572,42.22716],[-7.21615,42.22363],[-7.19044,42.23129],[-7.18773,42.23732],[-7.17323,42.24541],[-7.16696,42.24592],[-7.16177,42.24874],[-7.16101,42.25257],[-7.15396,42.26021],[-7.14961,42.26293],[-7.13756,42.26639],[-7.13213,42.27048],[-7.13106,42.27425],[-7.13809,42.28054],[-7.13727,42.28259],[-7.13489,42.28346],[-7.13407,42.28998],[-7.13589,42.29178],[-7.14136,42.29014],[-7.14614,42.29076],[-7.14899,42.29506],[-7.1481,42.3022],[-7.14973,42.30376],[-7.1462,42.30691],[-7.13583,42.30822],[-7.1334,42.31512],[-7.13552,42.31622],[-7.1432,42.31288],[-7.15432,42.31228],[-7.16543,42.30694],[-7.17051,42.30707],[-7.17173,42.30917],[-7.16736,42.31119],[-7.167,42.3132],[-7.17025,42.31574],[-7.17285,42.31512],[-7.17457,42.31654],[-7.1703,42.31955],[-7.16971,42.32358],[-7.1671,42.32594],[-7.16759,42.32916],[-7.17422,42.32935],[-7.17655,42.33066],[-7.17903,42.32697],[-7.18956,42.33103],[-7.19427,42.33073],[-7.19806,42.33296],[-7.20179,42.32919],[-7.20296,42.32547],[-7.20502,42.32505],[-7.21178,42.32734],[-7.21171,42.32188],[-7.21545,42.31948],[-7.21427,42.31783],[-7.21835,42.31943],[-7.22548,42.31852],[-7.23655,42.31214],[-7.23878,42.31141],[-7.24375,42.31249],[-7.24866,42.30962],[-7.25362,42.30611],[-7.25704,42.29875],[-7.26199,42.29852],[-7.26681,42.2911],[-7.26732,42.28288],[-7.28271,42.26754],[-7.28822,42.26375],[-7.29394,42.26451],[-7.30829,42.26005],[-7.31045,42.25762]]]}},{"type":"Feature","properties":{"mun_code":"32071","mun_name":"Riós","mun_name_local":null,"prov_code":"32","prov_name":"Ourense","acom_code":"12","acom_name":"Galicia","geo_point_2d":{"lon":-7.2749371928359166,"lat":41.97314873188186}},"geometry":{"type":"Polygon","coordinates":[[[-7.34519,41.99246],[-7.34102,41.98075],[-7.34211,41.9779],[-7.33833,41.97403],[-7.33741,41.96964],[-7.3516,41.95978],[-7.35533,41.95412],[-7.34838,41.94057],[-7.34156,41.93562],[-7.32881,41.93295],[-7.32433,41.92652],[-7.30976,41.92479],[-7.29903,41.92514],[-7.29129,41.92299],[-7.27664,41.92227],[-7.273,41.9231],[-7.27738,41.92829],[-7.27426,41.92808],[-7.27209,41.93026],[-7.26975,41.92955],[-7.26943,41.93307],[-7.26502,41.93364],[-7.26424,41.93619],[-7.25773,41.93708],[-7.25637,41.93949],[-7.24785,41.94032],[-7.24085,41.94287],[-7.23948,41.94927],[-7.23586,41.95167],[-7.23138,41.94886],[-7.22942,41.94977],[-7.22701,41.94784],[-7.22172,41.94767],[-7.22092,41.94587],[-7.22411,41.94453],[-7.21953,41.94274],[-7.2184,41.94049],[-7.21593,41.94035],[-7.21911,41.93887],[-7.21881,41.93765],[-7.21041,41.93931],[-7.19775,41.93085],[-7.20032,41.9285],[-7.19618,41.9285],[-7.1935,41.92708],[-7.18958,41.92045],[-7.18942,41.91624],[-7.1869,41.91407],[-7.18224,41.91187],[-7.17359,41.91887],[-7.17493,41.92051],[-7.17881,41.92097],[-7.17559,41.92278],[-7.17838,41.92543],[-7.18002,41.93165],[-7.18394,41.93301],[-7.18526,41.93541],[-7.18334,41.93738],[-7.18584,41.9379],[-7.18711,41.94153],[-7.18956,41.94186],[-7.18378,41.94471],[-7.18746,41.94747],[-7.18216,41.95184],[-7.18352,41.95684],[-7.18598,41.95589],[-7.18777,41.95671],[-7.1853,41.95989],[-7.18707,41.96951],[-7.18506,41.97188],[-7.19212,41.97478],[-7.19426,41.97946],[-7.19626,41.97899],[-7.19676,41.98166],[-7.20503,41.98562],[-7.20754,41.9857],[-7.2075,41.9833],[-7.21534,41.98328],[-7.22299,41.97848],[-7.23015,41.9807],[-7.23469,41.98047],[-7.23509,41.98559],[-7.22888,41.99056],[-7.22965,41.99346],[-7.23224,41.99468],[-7.23145,42.00026],[-7.23643,42.00505],[-7.2359,42.00704],[-7.24059,42.0102],[-7.25261,42.01184],[-7.26425,42.01883],[-7.26737,42.02616],[-7.27161,42.02918],[-7.27457,42.03773],[-7.28402,42.03864],[-7.28841,42.03552],[-7.28863,42.03325],[-7.29446,42.03375],[-7.29713,42.03159],[-7.30133,42.03319],[-7.30161,42.03555],[-7.31237,42.03866],[-7.32567,42.03758],[-7.32182,42.02927],[-7.32513,42.01814],[-7.32072,42.00798],[-7.31783,42.00757],[-7.31517,42.00534],[-7.31704,42.00402],[-7.32573,42.0047],[-7.32753,42.00331],[-7.33261,42.00344],[-7.33546,42.00103],[-7.3355,41.99748],[-7.33986,41.99837],[-7.33945,41.99726],[-7.34515,41.99279],[-7.34519,41.99246]]]}},{"type":"Feature","properties":{"mun_code":"32047","mun_name":"A Merca","mun_name_local":null,"prov_code":"32","prov_name":"Ourense","acom_code":"12","acom_name":"Galicia","geo_point_2d":{"lon":-7.903368860631274,"lat":42.218804873739}},"geometry":{"type":"Polygon","coordinates":[[[-7.9448,42.26704],[-7.95225,42.26424],[-7.96365,42.25195],[-7.9608,42.24713],[-7.96004,42.23622],[-7.96292,42.23236],[-7.95897,42.22988],[-7.94776,42.22766],[-7.94374,42.21883],[-7.93974,42.21608],[-7.92625,42.21452],[-7.91723,42.21797],[-7.9029,42.21418],[-7.89968,42.21123],[-7.9136,42.2029],[-7.91879,42.1916],[-7.92147,42.18917],[-7.92147,42.18741],[-7.9182,42.18695],[-7.91758,42.18566],[-7.91882,42.18216],[-7.91655,42.18041],[-7.91068,42.17956],[-7.90463,42.18055],[-7.89182,42.17253],[-7.88277,42.17541],[-7.87607,42.17548],[-7.86967,42.17329],[-7.86063,42.16675],[-7.858,42.16119],[-7.85711,42.15318],[-7.84927,42.17169],[-7.85616,42.18185],[-7.85488,42.18259],[-7.85564,42.19078],[-7.86088,42.19325],[-7.86425,42.19119],[-7.86581,42.19286],[-7.86478,42.19519],[-7.86718,42.19538],[-7.87033,42.19785],[-7.87381,42.19765],[-7.87122,42.20604],[-7.86699,42.21147],[-7.86913,42.21193],[-7.87114,42.21597],[-7.86435,42.21988],[-7.86161,42.22813],[-7.86375,42.237],[-7.86291,42.24392],[-7.87203,42.24944],[-7.87857,42.2497],[-7.88605,42.24532],[-7.89048,42.23963],[-7.90231,42.24272],[-7.90475,42.2447],[-7.91106,42.25954],[-7.93766,42.25535],[-7.94436,42.26632],[-7.9448,42.26704]]]}},{"type":"Feature","properties":{"mun_code":"32014","mun_name":"A Bola","mun_name_local":null,"prov_code":"32","prov_name":"Ourense","acom_code":"12","acom_name":"Galicia","geo_point_2d":{"lon":-7.89754380449958,"lat":42.1451866366546}},"geometry":{"type":"Polygon","coordinates":[[[-7.93304,42.11927],[-7.92111,42.11392],[-7.91424,42.10687],[-7.91121,42.11023],[-7.89096,42.11237],[-7.877,42.12291],[-7.87573,42.12737],[-7.86137,42.14518],[-7.85711,42.15318],[-7.858,42.16119],[-7.86208,42.16827],[-7.86823,42.17256],[-7.87607,42.17548],[-7.88277,42.17541],[-7.89182,42.17253],[-7.90463,42.18055],[-7.90939,42.17949],[-7.91655,42.18041],[-7.92267,42.17461],[-7.92343,42.17184],[-7.92324,42.1685],[-7.91566,42.16123],[-7.91658,42.15945],[-7.92484,42.15547],[-7.92349,42.15237],[-7.92706,42.15145],[-7.92776,42.14988],[-7.92408,42.14613],[-7.93103,42.14093],[-7.93533,42.13458],[-7.93385,42.12545],[-7.93093,42.12251],[-7.93296,42.11967],[-7.93304,42.11927]]]}},{"type":"Feature","properties":{"mun_code":"32086","mun_name":"Viana do Bolo","mun_name_local":null,"prov_code":"32","prov_name":"Ourense","acom_code":"12","acom_name":"Galicia","geo_point_2d":{"lon":-7.079514021166674,"lat":42.15359788958486}},"geometry":{"type":"Polygon","coordinates":[[[-7.19044,42.23129],[-7.18576,42.23017],[-7.18145,42.22615],[-7.17962,42.21934],[-7.18651,42.21555],[-7.19753,42.20517],[-7.20364,42.20559],[-7.21267,42.20222],[-7.19879,42.20084],[-7.18774,42.1978],[-7.1671,42.19482],[-7.16613,42.18523],[-7.16248,42.18235],[-7.16401,42.18055],[-7.15663,42.1782],[-7.16301,42.16678],[-7.16849,42.16307],[-7.18095,42.1428],[-7.18542,42.13918],[-7.18774,42.13257],[-7.19296,42.13282],[-7.19481,42.13137],[-7.1946,42.12603],[-7.19663,42.12118],[-7.19918,42.12156],[-7.20141,42.11764],[-7.21153,42.11319],[-7.20806,42.10913],[-7.204,42.10874],[-7.20343,42.10994],[-7.19235,42.10389],[-7.18981,42.10565],[-7.18598,42.10393],[-7.18208,42.10425],[-7.17322,42.10145],[-7.16959,42.10172],[-7.16513,42.09824],[-7.16466,42.09973],[-7.1552,42.09216],[-7.14797,42.09077],[-7.12844,42.07726],[-7.11918,42.07602],[-7.1111,42.07202],[-7.10409,42.07405],[-7.08995,42.0854],[-7.08594,42.08608],[-7.06567,42.07924],[-7.06285,42.07657],[-7.05102,42.07646],[-7.03404,42.07155],[-7.03358,42.07424],[-7.01972,42.08329],[-7.01769,42.08112],[-7.01275,42.08504],[-7.00212,42.0846],[-7.0031,42.0882],[-6.99989,42.08983],[-7.00241,42.09157],[-7.00252,42.09711],[-6.99707,42.1011],[-6.99495,42.10155],[-6.99462,42.09964],[-6.99225,42.09893],[-6.98973,42.10149],[-6.99193,42.1052],[-6.98901,42.1075],[-6.98851,42.11192],[-6.99082,42.11508],[-6.98853,42.11803],[-6.98958,42.12143],[-6.98616,42.12403],[-6.98119,42.1229],[-6.9741,42.12397],[-6.9634,42.12854],[-6.95552,42.12927],[-6.95334,42.13266],[-6.94865,42.13559],[-6.94776,42.13914],[-6.94462,42.14239],[-6.94559,42.14442],[-6.94102,42.16858],[-6.94385,42.17186],[-6.95699,42.17775],[-6.96106,42.18566],[-6.97447,42.18701],[-6.98284,42.19979],[-6.98963,42.20488],[-6.9938,42.20534],[-6.99545,42.20391],[-7.00305,42.20478],[-7.00414,42.20223],[-7.00898,42.20157],[-7.01204,42.19902],[-7.01956,42.19774],[-7.02222,42.20032],[-7.02913,42.20165],[-7.03141,42.20385],[-7.03543,42.20492],[-7.05147,42.2171],[-7.06032,42.22049],[-7.07405,42.22948],[-7.09739,42.23926],[-7.10318,42.23759],[-7.10673,42.23791],[-7.11553,42.23469],[-7.11579,42.23248],[-7.13869,42.21904],[-7.14087,42.22393],[-7.14663,42.22612],[-7.14983,42.22949],[-7.15704,42.22941],[-7.16342,42.24083],[-7.16679,42.24155],[-7.16696,42.24592],[-7.17323,42.24541],[-7.188,42.23664],[-7.19044,42.23129]]]}},{"type":"Feature","properties":{"mun_code":"32041","mun_name":"Lobeira","mun_name_local":null,"prov_code":"32","prov_name":"Ourense","acom_code":"12","acom_name":"Galicia","geo_point_2d":{"lon":-8.047010342160407,"lat":42.00134481019794}},"geometry":{"type":"Polygon","coordinates":[[[-8.09473,42.01117],[-8.09713,42.00231],[-8.09338,42.00055],[-8.0895,41.98426],[-8.08208,41.97387],[-8.05824,41.9609],[-8.0551,41.96213],[-8.04837,41.96023],[-8.05065,41.94978],[-8.05443,41.9488],[-8.05508,41.94705],[-8.05771,41.94727],[-8.05773,41.94347],[-8.05561,41.94221],[-8.05131,41.94254],[-8.04206,41.94727],[-8.03966,41.94653],[-8.03892,41.94342],[-8.03231,41.94427],[-8.02724,41.94884],[-8.01624,41.9483],[-8.01645,41.95102],[-8.01128,41.95417],[-8.00834,41.95313],[-8.00142,41.95548],[-7.99982,41.95749],[-8.002,41.96489],[-8.00853,41.96836],[-8.01275,41.96933],[-8.01716,41.96857],[-8.01738,41.97073],[-8.02255,41.97399],[-8.02255,41.98225],[-8.01978,41.98477],[-8.00549,41.98162],[-8.0016,41.98494],[-7.99411,41.98551],[-7.9875,42.00133],[-7.99478,42.00366],[-8.00004,42.00848],[-8.01229,42.01581],[-8.01506,42.02336],[-8.02485,42.03238],[-8.02702,42.03787],[-8.02873,42.03956],[-8.03489,42.04109],[-8.04042,42.04921],[-8.0453,42.0521],[-8.05281,42.05233],[-8.07172,42.06472],[-8.07592,42.06032],[-8.08127,42.05829],[-8.08352,42.05365],[-8.08719,42.05355],[-8.08445,42.04734],[-8.08276,42.02825],[-8.08603,42.0165],[-8.09314,42.01177],[-8.09473,42.01117]]]}},{"type":"Feature","properties":{"mun_code":"32025","mun_name":"Cenlle","mun_name_local":null,"prov_code":"32","prov_name":"Ourense","acom_code":"12","acom_name":"Galicia","geo_point_2d":{"lon":-8.077201983114445,"lat":42.33949384862021}},"geometry":{"type":"Polygon","coordinates":[[[-8.12185,42.33595],[-8.12066,42.32695],[-8.11065,42.32893],[-8.1043,42.3284],[-8.09631,42.3319],[-8.09495,42.3295],[-8.09788,42.31893],[-8.08842,42.31227],[-8.08296,42.31429],[-8.08275,42.31845],[-8.07934,42.32045],[-8.07534,42.31756],[-8.07563,42.31343],[-8.08071,42.30522],[-8.08848,42.30432],[-8.08796,42.30282],[-8.07791,42.30236],[-8.07255,42.30601],[-8.06753,42.32746],[-8.0515,42.32448],[-8.0467,42.32568],[-8.0444,42.32787],[-8.04017,42.32777],[-8.03447,42.32659],[-8.02811,42.32226],[-8.02505,42.32191],[-8.01313,42.32734],[-8.00574,42.34459],[-8.00749,42.34539],[-8.01062,42.34388],[-8.01753,42.34722],[-8.02028,42.34307],[-8.02494,42.34017],[-8.03459,42.34051],[-8.03852,42.3375],[-8.04192,42.33697],[-8.05044,42.34109],[-8.05711,42.33456],[-8.06253,42.33561],[-8.0626,42.33824],[-8.06504,42.33948],[-8.06254,42.35741],[-8.06897,42.35876],[-8.0754,42.35825],[-8.08093,42.35726],[-8.08398,42.35444],[-8.0887,42.35653],[-8.09465,42.36118],[-8.09558,42.3635],[-8.09377,42.37584],[-8.09513,42.37826],[-8.10003,42.38111],[-8.10259,42.37585],[-8.10642,42.37377],[-8.10757,42.36588],[-8.11054,42.36405],[-8.11227,42.35889],[-8.11408,42.35971],[-8.12074,42.35672],[-8.11981,42.35092],[-8.12435,42.34135],[-8.12217,42.3369],[-8.12185,42.33595]]]}},{"type":"Feature","properties":{"mun_code":"32023","mun_name":"Castro Caldelas","mun_name_local":null,"prov_code":"32","prov_name":"Ourense","acom_code":"12","acom_name":"Galicia","geo_point_2d":{"lon":-7.404088732273352,"lat":42.37442418274821}},"geometry":{"type":"Polygon","coordinates":[[[-7.45988,42.3495],[-7.45494,42.34677],[-7.449,42.34618],[-7.44841,42.3438],[-7.44625,42.34283],[-7.45062,42.34135],[-7.45684,42.33475],[-7.45203,42.32383],[-7.44493,42.3181],[-7.44275,42.31389],[-7.4436,42.31184],[-7.44197,42.3122],[-7.43746,42.30852],[-7.42984,42.3106],[-7.4202,42.3223],[-7.40299,42.3318],[-7.36889,42.33775],[-7.35267,42.3438],[-7.35745,42.35335],[-7.35685,42.35576],[-7.36289,42.36188],[-7.35902,42.36504],[-7.3466,42.36733],[-7.34068,42.37318],[-7.3408,42.37608],[-7.34736,42.37768],[-7.34505,42.38158],[-7.34025,42.38208],[-7.34097,42.38624],[-7.33857,42.38989],[-7.33911,42.39181],[-7.34709,42.396],[-7.35249,42.39667],[-7.35281,42.39785],[-7.34825,42.40648],[-7.353,42.4073],[-7.35653,42.41078],[-7.36081,42.41139],[-7.36644,42.41541],[-7.37262,42.42427],[-7.38215,42.43072],[-7.38867,42.43345],[-7.40093,42.43501],[-7.40334,42.43099],[-7.4021,42.42935],[-7.41615,42.42444],[-7.42456,42.4195],[-7.43535,42.4162],[-7.44407,42.40867],[-7.4489,42.40714],[-7.44481,42.39785],[-7.43829,42.39781],[-7.43327,42.4],[-7.43162,42.39486],[-7.43599,42.38748],[-7.44467,42.38871],[-7.44719,42.39174],[-7.45497,42.39185],[-7.45646,42.38877],[-7.4621,42.3846],[-7.46174,42.38126],[-7.45841,42.38097],[-7.45897,42.37453],[-7.45626,42.3731],[-7.45553,42.3699],[-7.45711,42.36824],[-7.45574,42.36512],[-7.45704,42.36477],[-7.46078,42.34984],[-7.45988,42.3495]]]}},{"type":"Feature","properties":{"mun_code":"32005","mun_name":"Baltar","mun_name_local":null,"prov_code":"32","prov_name":"Ourense","acom_code":"12","acom_name":"Galicia","geo_point_2d":{"lon":-7.737600339158337,"lat":41.9350140303115}},"geometry":{"type":"Polygon","coordinates":[[[-7.809,41.95757],[-7.81772,41.95329],[-7.82702,41.9461],[-7.83769,41.93074],[-7.832,41.92281],[-7.82792,41.92],[-7.82066,41.91766],[-7.81656,41.91777],[-7.81014,41.92041],[-7.80487,41.91879],[-7.80444,41.9004],[-7.80197,41.8934],[-7.80381,41.88907],[-7.80201,41.88582],[-7.80243,41.88198],[-7.80042,41.88319],[-7.79213,41.88297],[-7.77836,41.88688],[-7.7635,41.89901],[-7.75323,41.89823],[-7.74978,41.89485],[-7.74504,41.89311],[-7.73335,41.89228],[-7.72212,41.90045],[-7.70414,41.90735],[-7.6926,41.91335],[-7.68982,41.91344],[-7.67959,41.91913],[-7.67537,41.92456],[-7.6723,41.93335],[-7.64885,41.94472],[-7.65454,41.95544],[-7.65949,41.96007],[-7.66019,41.96393],[-7.66261,41.96403],[-7.66361,41.96559],[-7.65838,41.97513],[-7.6589,41.97748],[-7.65548,41.97977],[-7.6555,41.98458],[-7.6597,41.98824],[-7.66746,41.98861],[-7.66934,41.98991],[-7.67239,41.9896],[-7.67284,41.98744],[-7.68755,41.98723],[-7.702,41.97852],[-7.72621,41.97155],[-7.73854,41.96255],[-7.74451,41.9613],[-7.75695,41.95],[-7.76523,41.94632],[-7.76971,41.94685],[-7.77667,41.94121],[-7.7833,41.9419],[-7.78976,41.94567],[-7.79183,41.94562],[-7.79398,41.94971],[-7.79915,41.95394],[-7.80822,41.95697],[-7.809,41.95757]]]}},{"type":"Feature","properties":{"mun_code":"32017","mun_name":"Carballeda de Valdeorras","mun_name_local":null,"prov_code":"32","prov_name":"Ourense","acom_code":"12","acom_name":"Galicia","geo_point_2d":{"lon":-6.845412329088259,"lat":42.345250423887705}},"geometry":{"type":"Polygon","coordinates":[[[-6.97499,42.35747],[-6.96976,42.35032],[-6.96075,42.34576],[-6.95361,42.33852],[-6.9486,42.33697],[-6.94417,42.33156],[-6.93691,42.32957],[-6.92984,42.32579],[-6.91311,42.32108],[-6.89965,42.31219],[-6.89612,42.31295],[-6.8848,42.31137],[-6.88323,42.30825],[-6.88473,42.30376],[-6.88289,42.30169],[-6.88341,42.29785],[-6.87359,42.29292],[-6.86857,42.29299],[-6.85935,42.28451],[-6.85618,42.28325],[-6.84395,42.28324],[-6.84211,42.28117],[-6.83688,42.28031],[-6.83006,42.27524],[-6.81647,42.2726],[-6.81625,42.27081],[-6.81347,42.27007],[-6.81347,42.26595],[-6.80634,42.25667],[-6.81011,42.25114],[-6.80767,42.24845],[-6.7951,42.24913],[-6.78928,42.25368],[-6.7759,42.25556],[-6.7741,42.25417],[-6.767,42.25746],[-6.76503,42.27274],[-6.75536,42.28282],[-6.75047,42.29105],[-6.74115,42.29866],[-6.74317,42.30329],[-6.73615,42.31106],[-6.73643,42.3186],[-6.73944,42.32166],[-6.73429,42.31869],[-6.73688,42.32516],[-6.7405,42.3287],[-6.73823,42.34011],[-6.73903,42.34486],[-6.73395,42.35911],[-6.74169,42.36012],[-6.74957,42.36286],[-6.75784,42.36756],[-6.76654,42.36505],[-6.76895,42.37298],[-6.77416,42.37883],[-6.77865,42.38099],[-6.78798,42.38258],[-6.7959,42.38201],[-6.80188,42.3837],[-6.80225,42.38635],[-6.80958,42.38467],[-6.81784,42.38636],[-6.8208,42.38564],[-6.82348,42.39189],[-6.83357,42.39546],[-6.83807,42.40169],[-6.84156,42.40288],[-6.84351,42.40585],[-6.83807,42.40916],[-6.83128,42.40835],[-6.82991,42.4101],[-6.84012,42.41503],[-6.85025,42.41527],[-6.85352,42.42038],[-6.85999,42.42325],[-6.85883,42.42953],[-6.87002,42.43872],[-6.88008,42.43782],[-6.88483,42.43331],[-6.90499,42.42983],[-6.91147,42.4258],[-6.92265,42.42231],[-6.92641,42.41899],[-6.91723,42.41384],[-6.9205,42.40977],[-6.93112,42.40788],[-6.93568,42.40485],[-6.93801,42.39455],[-6.95302,42.38983],[-6.95429,42.38743],[-6.95191,42.38282],[-6.95316,42.38021],[-6.94921,42.37852],[-6.94854,42.37646],[-6.95332,42.37534],[-6.95538,42.37075],[-6.96374,42.36802],[-6.96719,42.36511],[-6.96902,42.35913],[-6.97405,42.35778],[-6.97499,42.35747]]]}},{"type":"Feature","properties":{"mun_code":"32026","mun_name":"Coles","mun_name_local":null,"prov_code":"32","prov_name":"Ourense","acom_code":"12","acom_name":"Galicia","geo_point_2d":{"lon":-7.838385746372262,"lat":42.40659812242412}},"geometry":{"type":"Polygon","coordinates":[[[-7.88539,42.41304],[-7.87833,42.40494],[-7.87349,42.40162],[-7.87282,42.39722],[-7.86421,42.38669],[-7.86353,42.37931],[-7.86115,42.37668],[-7.8565,42.37665],[-7.8544,42.37227],[-7.84953,42.3744],[-7.8425,42.37019],[-7.83394,42.37431],[-7.83158,42.37836],[-7.82229,42.37642],[-7.81049,42.37856],[-7.80155,42.38722],[-7.80003,42.3906],[-7.802,42.40061],[-7.79924,42.40365],[-7.79931,42.40772],[-7.7971,42.41038],[-7.80392,42.42049],[-7.81461,42.42628],[-7.81524,42.43204],[-7.82109,42.44031],[-7.83876,42.4388],[-7.8452,42.44014],[-7.84468,42.44365],[-7.84621,42.44497],[-7.85737,42.44408],[-7.85693,42.44228],[-7.85013,42.4389],[-7.85867,42.43171],[-7.86444,42.43108],[-7.86249,42.42745],[-7.86672,42.4268],[-7.8701,42.429],[-7.872,42.4283],[-7.87078,42.42383],[-7.87851,42.42073],[-7.8808,42.41459],[-7.8842,42.41321],[-7.88539,42.41304]]]}},{"type":"Feature","properties":{"mun_code":"32057","mun_name":"Parada de Sil","mun_name_local":null,"prov_code":"32","prov_name":"Ourense","acom_code":"12","acom_name":"Galicia","geo_point_2d":{"lon":-7.562007080016269,"lat":42.36271331953253}},"geometry":{"type":"Polygon","coordinates":[[[-7.63353,42.35456],[-7.61077,42.35017],[-7.59677,42.33879],[-7.57972,42.3345],[-7.57215,42.32854],[-7.57094,42.3187],[-7.56202,42.31714],[-7.56223,42.31835],[-7.55817,42.31935],[-7.55245,42.3256],[-7.54583,42.32549],[-7.54235,42.32995],[-7.53941,42.32822],[-7.53083,42.33365],[-7.52312,42.33648],[-7.51879,42.33556],[-7.51075,42.3392],[-7.51093,42.34545],[-7.51009,42.34763],[-7.50713,42.349],[-7.50888,42.35285],[-7.50727,42.35189],[-7.50553,42.35311],[-7.50418,42.35876],[-7.5014,42.36045],[-7.50075,42.36731],[-7.49634,42.37394],[-7.49582,42.38226],[-7.49936,42.38438],[-7.50114,42.38871],[-7.51404,42.3856],[-7.52961,42.38371],[-7.54196,42.38444],[-7.54951,42.38702],[-7.55442,42.39037],[-7.56566,42.40106],[-7.57192,42.40433],[-7.57699,42.40473],[-7.59516,42.39682],[-7.60216,42.38932],[-7.61665,42.38422],[-7.61825,42.37869],[-7.62034,42.37735],[-7.61891,42.37542],[-7.62276,42.36949],[-7.62656,42.3675],[-7.627,42.35814],[-7.6298,42.35692],[-7.63353,42.35456]]]}},{"type":"Feature","properties":{"mun_code":"32066","mun_name":"Quintela de Leirado","mun_name_local":null,"prov_code":"32","prov_name":"Ourense","acom_code":"12","acom_name":"Galicia","geo_point_2d":{"lon":-8.090705921847565,"lat":42.12398107014259}},"geometry":{"type":"Polygon","coordinates":[[[-8.12302,42.15797],[-8.12339,42.15623],[-8.12137,42.15518],[-8.1248,42.15295],[-8.12369,42.15117],[-8.11966,42.14988],[-8.12047,42.1466],[-8.11678,42.1471],[-8.11484,42.14487],[-8.11101,42.14366],[-8.11281,42.14151],[-8.11265,42.13867],[-8.11074,42.13714],[-8.1093,42.13674],[-8.10706,42.13918],[-8.1063,42.13757],[-8.12185,42.11683],[-8.11829,42.10894],[-8.11475,42.10588],[-8.11869,42.08232],[-8.10374,42.07515],[-8.09403,42.08634],[-8.09276,42.0892],[-8.09411,42.09067],[-8.08067,42.10148],[-8.07509,42.11203],[-8.06092,42.11932],[-8.06267,42.13563],[-8.05419,42.14402],[-8.05343,42.15361],[-8.0592,42.15488],[-8.06247,42.15869],[-8.06582,42.15941],[-8.06892,42.16483],[-8.0772,42.16279],[-8.08694,42.1544],[-8.10604,42.1467],[-8.10959,42.15061],[-8.11796,42.15246],[-8.11779,42.15572],[-8.12233,42.15782],[-8.12302,42.15797]]]}},{"type":"Feature","properties":{"mun_code":"32019","mun_name":"O Carballiño","mun_name_local":null,"prov_code":"32","prov_name":"Ourense","acom_code":"12","acom_name":"Galicia","geo_point_2d":{"lon":-8.076838190148427,"lat":42.44147685064632}},"geometry":{"type":"Polygon","coordinates":[[[-8.1398,42.39109],[-8.13965,42.38967],[-8.13593,42.39128],[-8.13228,42.39034],[-8.13014,42.3879],[-8.12605,42.38711],[-8.12291,42.38238],[-8.12082,42.38189],[-8.11467,42.38897],[-8.1071,42.38782],[-8.10379,42.39078],[-8.10385,42.39273],[-8.0978,42.39586],[-8.08495,42.39833],[-8.05981,42.40023],[-8.06113,42.41078],[-8.06911,42.42322],[-8.06694,42.42439],[-8.0657,42.42853],[-8.03337,42.44377],[-8.0234,42.44182],[-8.0264,42.44954],[-8.02695,42.46293],[-8.03568,42.4625],[-8.04057,42.46454],[-8.0469,42.46247],[-8.0477,42.46407],[-8.04071,42.47359],[-8.04182,42.47577],[-8.0404,42.47728],[-8.03789,42.47688],[-8.03412,42.48241],[-8.03199,42.48218],[-8.03244,42.48706],[-8.03536,42.49056],[-8.03269,42.49157],[-8.03212,42.4934],[-8.0374,42.49582],[-8.0385,42.50552],[-8.05025,42.51163],[-8.06667,42.49356],[-8.0648,42.49032],[-8.06962,42.48675],[-8.07194,42.47911],[-8.07715,42.4719],[-8.0783,42.46662],[-8.07567,42.46498],[-8.07702,42.46099],[-8.07956,42.45999],[-8.08049,42.45278],[-8.08579,42.45561],[-8.0947,42.46674],[-8.0998,42.46939],[-8.10714,42.46005],[-8.10951,42.45416],[-8.10379,42.45029],[-8.10497,42.44617],[-8.10178,42.44502],[-8.10014,42.44227],[-8.10397,42.43655],[-8.11244,42.43057],[-8.11599,42.42445],[-8.11521,42.42186],[-8.12311,42.41957],[-8.12071,42.41785],[-8.12321,42.4121],[-8.11955,42.41107],[-8.115,42.4124],[-8.11671,42.4061],[-8.11865,42.405],[-8.12025,42.40734],[-8.12774,42.4042],[-8.1326,42.40649],[-8.13894,42.40469],[-8.13797,42.39531],[-8.13943,42.39205],[-8.1398,42.39109]]]}},{"type":"Feature","properties":{"mun_code":"32008","mun_name":"Barbadás","mun_name_local":null,"prov_code":"32","prov_name":"Ourense","acom_code":"12","acom_name":"Galicia","geo_point_2d":{"lon":-7.907361663908114,"lat":42.30057146549332}},"geometry":{"type":"Polygon","coordinates":[[[-7.9508,42.26737],[-7.9448,42.26704],[-7.93766,42.25535],[-7.90771,42.26009],[-7.90098,42.26282],[-7.90131,42.26893],[-7.89515,42.28159],[-7.87539,42.29956],[-7.87466,42.31171],[-7.87188,42.31862],[-7.88074,42.32425],[-7.88324,42.32322],[-7.88218,42.32521],[-7.88524,42.32581],[-7.88517,42.33568],[-7.88722,42.34034],[-7.89174,42.34299],[-7.89627,42.34461],[-7.89917,42.34321],[-7.9119,42.34693],[-7.91929,42.34483],[-7.92396,42.34577],[-7.93288,42.34078],[-7.92332,42.33616],[-7.92072,42.33029],[-7.9231,42.32855],[-7.92215,42.32138],[-7.91767,42.31772],[-7.91263,42.31717],[-7.90803,42.31301],[-7.90122,42.30998],[-7.8939,42.30946],[-7.89519,42.30779],[-7.89988,42.30632],[-7.92457,42.28613],[-7.93969,42.28012],[-7.94745,42.27325],[-7.9508,42.26737]]]}},{"type":"Feature","properties":{"mun_code":"32035","mun_name":"O Irixo","mun_name_local":null,"prov_code":"32","prov_name":"Ourense","acom_code":"12","acom_name":"Galicia","geo_point_2d":{"lon":-8.140928028238298,"lat":42.51397758279403}},"geometry":{"type":"Polygon","coordinates":[[[-8.24902,42.50471],[-8.23859,42.50976],[-8.2374,42.51239],[-8.22581,42.51175],[-8.23055,42.51007],[-8.2321,42.49789],[-8.2197,42.4922],[-8.21504,42.49157],[-8.2126,42.48718],[-8.20742,42.48739],[-8.19572,42.4843],[-8.18908,42.48019],[-8.18206,42.48253],[-8.17446,42.48271],[-8.16359,42.4882],[-8.15993,42.48292],[-8.15328,42.47901],[-8.15221,42.47322],[-8.13913,42.47858],[-8.12547,42.45842],[-8.11674,42.45341],[-8.11299,42.45487],[-8.10951,42.45416],[-8.10714,42.46005],[-8.0998,42.46939],[-8.0947,42.46674],[-8.08579,42.45561],[-8.08049,42.45278],[-8.07956,42.45999],[-8.07702,42.46099],[-8.07567,42.46498],[-8.0783,42.46662],[-8.07715,42.4719],[-8.07194,42.47911],[-8.06962,42.48675],[-8.0648,42.49032],[-8.06667,42.49356],[-8.05025,42.51163],[-8.05658,42.51566],[-8.06627,42.51875],[-8.06798,42.52864],[-8.06572,42.5377],[-8.05938,42.54869],[-8.06482,42.55232],[-8.07755,42.55327],[-8.0905,42.55776],[-8.09546,42.5537],[-8.11184,42.55574],[-8.11297,42.55458],[-8.13023,42.55241],[-8.13565,42.55435],[-8.14684,42.54867],[-8.16168,42.55742],[-8.16586,42.56512],[-8.17386,42.57197],[-8.18039,42.56718],[-8.18647,42.56513],[-8.18833,42.56215],[-8.18431,42.55691],[-8.19935,42.55184],[-8.21758,42.53386],[-8.22641,42.53851],[-8.23539,42.53886],[-8.2347,42.53701],[-8.23253,42.53663],[-8.23143,42.53178],[-8.23554,42.53042],[-8.23817,42.52065],[-8.24243,42.51791],[-8.24883,42.50675],[-8.24902,42.50471]]]}},{"type":"Feature","properties":{"mun_code":"32004","mun_name":"Avión","mun_name_local":null,"prov_code":"32","prov_name":"Ourense","acom_code":"12","acom_name":"Galicia","geo_point_2d":{"lon":-8.272720246474792,"lat":42.38797418895898}},"geometry":{"type":"Polygon","coordinates":[[[-8.33949,42.45289],[-8.33584,42.448],[-8.33918,42.44137],[-8.33826,42.43343],[-8.3303,42.42062],[-8.31714,42.38283],[-8.3147,42.38098],[-8.31725,42.3753],[-8.3245,42.36921],[-8.32293,42.36383],[-8.31746,42.3563],[-8.32057,42.35243],[-8.32506,42.35204],[-8.3247,42.34505],[-8.31674,42.34342],[-8.31121,42.34379],[-8.30523,42.33998],[-8.30297,42.33494],[-8.29145,42.32699],[-8.28877,42.32215],[-8.2849,42.32009],[-8.2848,42.31766],[-8.28159,42.31647],[-8.27768,42.31752],[-8.27291,42.31443],[-8.24879,42.3156],[-8.23213,42.32321],[-8.22835,42.32367],[-8.22412,42.32724],[-8.2165,42.34672],[-8.21989,42.34862],[-8.22068,42.35102],[-8.21557,42.36206],[-8.21729,42.38163],[-8.21509,42.38364],[-8.21599,42.38514],[-8.2119,42.38809],[-8.20675,42.40312],[-8.21025,42.40378],[-8.20882,42.4071],[-8.21284,42.4093],[-8.20915,42.41018],[-8.20897,42.41127],[-8.21395,42.41397],[-8.21033,42.41653],[-8.21716,42.41801],[-8.21677,42.41998],[-8.21837,42.42112],[-8.22757,42.42233],[-8.2257,42.426],[-8.22672,42.42485],[-8.24081,42.4234],[-8.24392,42.42668],[-8.23671,42.43285],[-8.24387,42.43471],[-8.24331,42.4374],[-8.24565,42.4387],[-8.25072,42.43735],[-8.25515,42.44008],[-8.25672,42.43761],[-8.25913,42.43768],[-8.26449,42.44283],[-8.26351,42.44493],[-8.25958,42.44677],[-8.25799,42.45011],[-8.25916,42.45108],[-8.26293,42.44974],[-8.26394,42.45291],[-8.26755,42.45481],[-8.27151,42.45372],[-8.27514,42.45597],[-8.27832,42.45407],[-8.28717,42.45659],[-8.29088,42.45373],[-8.30256,42.4602],[-8.30632,42.46042],[-8.30994,42.45818],[-8.31574,42.46081],[-8.31719,42.45891],[-8.3193,42.45906],[-8.31897,42.45497],[-8.33589,42.45002],[-8.33949,42.45289]]]}},{"type":"Feature","properties":{"mun_code":"32067","mun_name":"Rairiz de Veiga","mun_name_local":null,"prov_code":"32","prov_name":"Ourense","acom_code":"12","acom_name":"Galicia","geo_point_2d":{"lon":-7.854731196063286,"lat":42.09096536372279}},"geometry":{"type":"Polygon","coordinates":[[[-7.91583,42.06137],[-7.90388,42.05512],[-7.89149,42.04263],[-7.89071,42.03694],[-7.87628,42.02638],[-7.86257,42.03782],[-7.85205,42.04396],[-7.84895,42.0451],[-7.8448,42.04404],[-7.83275,42.0473],[-7.81301,42.05917],[-7.80317,42.06195],[-7.81208,42.06835],[-7.8143,42.0742],[-7.82016,42.0809],[-7.82464,42.08992],[-7.82132,42.11611],[-7.81398,42.12931],[-7.80924,42.1343],[-7.80911,42.13806],[-7.81392,42.14319],[-7.81345,42.15244],[-7.82119,42.15422],[-7.85128,42.15157],[-7.85711,42.15318],[-7.86137,42.14518],[-7.87573,42.12737],[-7.877,42.12291],[-7.89096,42.11237],[-7.88408,42.09855],[-7.89298,42.08268],[-7.89514,42.07396],[-7.91583,42.06137]]]}},{"type":"Feature","properties":{"mun_code":"32056","mun_name":"Padrenda","mun_name_local":null,"prov_code":"32","prov_name":"Ourense","acom_code":"12","acom_name":"Galicia","geo_point_2d":{"lon":-8.154896159209219,"lat":42.11856538575055}},"geometry":{"type":"Polygon","coordinates":[[[-8.19867,42.15429],[-8.19638,42.15272],[-8.19155,42.14264],[-8.18805,42.1434],[-8.19095,42.14014],[-8.18767,42.13746],[-8.18961,42.13519],[-8.18858,42.13387],[-8.19344,42.12944],[-8.1932,42.12539],[-8.19115,42.11818],[-8.1922,42.11561],[-8.18878,42.11121],[-8.1859,42.09822],[-8.18788,42.09238],[-8.18498,42.08375],[-8.18652,42.08141],[-8.18541,42.07639],[-8.18809,42.07386],[-8.1822,42.06508],[-8.17554,42.06531],[-8.17037,42.06732],[-8.15962,42.07578],[-8.14964,42.07933],[-8.13795,42.0758],[-8.12147,42.08279],[-8.11869,42.08232],[-8.11475,42.10588],[-8.11829,42.10894],[-8.12185,42.11683],[-8.1063,42.13757],[-8.10706,42.13918],[-8.1093,42.13674],[-8.11168,42.13779],[-8.11281,42.14151],[-8.11101,42.14366],[-8.11484,42.14487],[-8.11678,42.1471],[-8.12006,42.14622],[-8.11966,42.14988],[-8.1241,42.15143],[-8.12481,42.15333],[-8.12267,42.15337],[-8.12137,42.15518],[-8.12339,42.15623],[-8.12267,42.16082],[-8.12427,42.15927],[-8.12867,42.15952],[-8.12908,42.1575],[-8.13204,42.15791],[-8.13908,42.15021],[-8.14576,42.15783],[-8.14934,42.15791],[-8.15651,42.15543],[-8.15842,42.15689],[-8.16002,42.1638],[-8.15723,42.16862],[-8.15999,42.1714],[-8.17012,42.17276],[-8.17471,42.17068],[-8.17604,42.16437],[-8.18166,42.15774],[-8.1854,42.15654],[-8.18986,42.15698],[-8.19664,42.15474],[-8.19867,42.15429]]]}},{"type":"Feature","properties":{"mun_code":"32079","mun_name":"Taboadela","mun_name_local":null,"prov_code":"32","prov_name":"Ourense","acom_code":"12","acom_name":"Galicia","geo_point_2d":{"lon":-7.82648359160879,"lat":42.24820423940133}},"geometry":{"type":"Polygon","coordinates":[[[-7.86307,42.23246],[-7.85963,42.23163],[-7.85624,42.23455],[-7.8493,42.23319],[-7.84702,42.23133],[-7.84358,42.22292],[-7.84251,42.2163],[-7.83738,42.21357],[-7.8258,42.21661],[-7.82282,42.21858],[-7.81825,42.22764],[-7.81232,42.23235],[-7.81036,42.23176],[-7.80122,42.24389],[-7.79275,42.25093],[-7.79017,42.278],[-7.8034,42.27613],[-7.80858,42.27294],[-7.81095,42.26926],[-7.81742,42.26632],[-7.83611,42.27148],[-7.84742,42.27311],[-7.85267,42.26504],[-7.85296,42.24911],[-7.85768,42.24441],[-7.86291,42.24392],[-7.86375,42.237],[-7.86307,42.23246]]]}},{"type":"Feature","properties":{"mun_code":"32082","mun_name":"Trasmiras","mun_name_local":null,"prov_code":"32","prov_name":"Ourense","acom_code":"12","acom_name":"Galicia","geo_point_2d":{"lon":-7.623211464754269,"lat":42.02819599207264}},"geometry":{"type":"Polygon","coordinates":[[[-7.63443,41.98333],[-7.61736,41.98243],[-7.60788,41.97913],[-7.60555,41.97961],[-7.60339,41.99092],[-7.59381,41.99814],[-7.58571,41.99481],[-7.58069,41.99699],[-7.57732,42.00206],[-7.57674,42.00944],[-7.58442,42.01748],[-7.59407,42.01952],[-7.59573,42.02354],[-7.58715,42.02944],[-7.58032,42.03191],[-7.57077,42.0332],[-7.55896,42.04029],[-7.56781,42.04484],[-7.59466,42.05305],[-7.59489,42.06175],[-7.62469,42.06905],[-7.62253,42.06459],[-7.6255,42.06024],[-7.6316,42.06031],[-7.65127,42.06569],[-7.65492,42.06814],[-7.65856,42.06329],[-7.66568,42.06095],[-7.67559,42.05465],[-7.6832,42.05219],[-7.68301,42.05069],[-7.67937,42.04669],[-7.67516,42.0375],[-7.67543,42.03396],[-7.66406,42.03066],[-7.65775,42.02687],[-7.65814,42.02022],[-7.65632,42.0197],[-7.65604,42.01413],[-7.65728,42.008],[-7.65237,42.00289],[-7.65492,41.99358],[-7.64159,41.99705],[-7.63691,41.99357],[-7.63461,41.98711],[-7.63443,41.98333]]]}},{"type":"Feature","properties":{"mun_code":"32012","mun_name":"Os Blancos","mun_name_local":null,"prov_code":"32","prov_name":"Ourense","acom_code":"12","acom_name":"Galicia","geo_point_2d":{"lon":-7.758354812359227,"lat":41.98067688896152}},"geometry":{"type":"Polygon","coordinates":[[[-7.80908,41.9879],[-7.80848,41.98451],[-7.81494,41.96592],[-7.81363,41.9601],[-7.81167,41.95814],[-7.79915,41.95394],[-7.79398,41.94971],[-7.79183,41.94562],[-7.78976,41.94567],[-7.7833,41.9419],[-7.77667,41.94121],[-7.76971,41.94685],[-7.76523,41.94632],[-7.75695,41.95],[-7.74451,41.9613],[-7.73854,41.96255],[-7.72621,41.97155],[-7.702,41.97852],[-7.69935,41.99487],[-7.71063,42.00253],[-7.71106,42.00785],[-7.71977,42.01566],[-7.73987,42.01631],[-7.75654,42.01192],[-7.7637,42.01258],[-7.76345,42.00885],[-7.76763,42.00158],[-7.76621,42.00017],[-7.77031,41.99535],[-7.77997,41.99364],[-7.78757,41.99737],[-7.79074,41.99726],[-7.79586,41.99632],[-7.80564,41.98989],[-7.80908,41.9879]]]}},{"type":"Feature","properties":{"mun_code":"32021","mun_name":"Castrelo do Val","mun_name_local":null,"prov_code":"32","prov_name":"Ourense","acom_code":"12","acom_name":"Galicia","geo_point_2d":{"lon":-7.357993203701351,"lat":42.03915456951277}},"geometry":{"type":"Polygon","coordinates":[[[-7.46507,42.00912],[-7.46182,42.00283],[-7.45272,41.99397],[-7.44034,41.98743],[-7.44185,41.97699],[-7.43224,41.97716],[-7.4195,41.98255],[-7.41531,41.98303],[-7.39599,41.97725],[-7.3941,41.97306],[-7.38689,41.97608],[-7.38435,41.97476],[-7.36339,41.97686],[-7.36426,41.98158],[-7.36138,41.98372],[-7.36371,41.98788],[-7.35873,41.98994],[-7.35377,41.98967],[-7.34473,41.98653],[-7.34593,41.99046],[-7.3483,41.99205],[-7.34519,41.99246],[-7.33945,41.99726],[-7.33986,41.99837],[-7.3355,41.99748],[-7.33546,42.00103],[-7.33261,42.00344],[-7.32753,42.00331],[-7.32573,42.0047],[-7.31704,42.00402],[-7.31517,42.00534],[-7.31783,42.00757],[-7.32072,42.00798],[-7.32513,42.01814],[-7.32182,42.02927],[-7.32567,42.03758],[-7.31237,42.03866],[-7.30161,42.03555],[-7.30133,42.03319],[-7.29713,42.03159],[-7.29446,42.03375],[-7.28863,42.03325],[-7.28841,42.03552],[-7.28402,42.03864],[-7.27457,42.03773],[-7.27014,42.05158],[-7.26784,42.0544],[-7.26801,42.06702],[-7.27562,42.07033],[-7.28314,42.08068],[-7.28866,42.0858],[-7.29444,42.08785],[-7.29606,42.09158],[-7.29555,42.10268],[-7.31666,42.10454],[-7.31922,42.1066],[-7.33331,42.11177],[-7.33665,42.11058],[-7.34653,42.11113],[-7.3509,42.1087],[-7.35359,42.10908],[-7.35087,42.10045],[-7.3573,42.09242],[-7.38228,42.09326],[-7.38696,42.09676],[-7.39154,42.09739],[-7.38537,42.08834],[-7.37394,42.0802],[-7.36949,42.07005],[-7.37138,42.06783],[-7.38466,42.06603],[-7.39516,42.05678],[-7.39801,42.04775],[-7.39287,42.04],[-7.40136,42.03476],[-7.41607,42.03109],[-7.42034,42.02753],[-7.42547,42.02601],[-7.42863,42.01896],[-7.43529,42.01754],[-7.44,42.01958],[-7.44524,42.017],[-7.4465,42.01459],[-7.44818,42.01656],[-7.456,42.01788],[-7.45795,42.01557],[-7.45779,42.01278],[-7.45503,42.01122],[-7.46211,42.00936],[-7.46507,42.00912]]]}},{"type":"Feature","properties":{"mun_code":"32062","mun_name":"Porqueira","mun_name_local":null,"prov_code":"32","prov_name":"Ourense","acom_code":"12","acom_name":"Galicia","geo_point_2d":{"lon":-7.843944429750992,"lat":42.018558191040974}},"geometry":{"type":"Polygon","coordinates":[[[-7.92662,42.00595],[-7.91609,42.00284],[-7.90481,42.00341],[-7.90076,42.00146],[-7.90099,41.99533],[-7.89964,41.99359],[-7.90321,41.9898],[-7.90295,41.98717],[-7.88239,41.99089],[-7.86521,41.99952],[-7.85543,42.00272],[-7.84969,41.99967],[-7.84705,42.00476],[-7.83976,42.00645],[-7.83268,42.00501],[-7.82722,42.00576],[-7.82146,42.00013],[-7.82307,41.99163],[-7.80908,41.9879],[-7.79361,41.9966],[-7.79386,41.99856],[-7.789,42.00471],[-7.78645,42.01249],[-7.78778,42.01718],[-7.79747,42.01323],[-7.79879,42.01542],[-7.79703,42.01672],[-7.80091,42.01982],[-7.80083,42.02325],[-7.80358,42.02563],[-7.80226,42.03066],[-7.80445,42.04404],[-7.80317,42.06195],[-7.81301,42.05917],[-7.83275,42.0473],[-7.8448,42.04404],[-7.84895,42.0451],[-7.85955,42.03996],[-7.88114,42.02231],[-7.88674,42.02002],[-7.88866,42.01459],[-7.89281,42.01544],[-7.89653,42.01401],[-7.89978,42.01678],[-7.90534,42.01249],[-7.9099,42.01605],[-7.92239,42.01138],[-7.92579,42.00648],[-7.92662,42.00595]]]}},{"type":"Feature","properties":{"mun_code":"32010","mun_name":"Beade","mun_name_local":null,"prov_code":"32","prov_name":"Ourense","acom_code":"12","acom_name":"Galicia","geo_point_2d":{"lon":-8.133113984354601,"lat":42.32522715244005}},"geometry":{"type":"Polygon","coordinates":[[[-8.14337,42.34243],[-8.15196,42.3283],[-8.14328,42.32607],[-8.14291,42.32244],[-8.139,42.31692],[-8.1399,42.31506],[-8.13725,42.31318],[-8.13323,42.30619],[-8.11964,42.31091],[-8.12211,42.3162],[-8.11977,42.31979],[-8.12097,42.33346],[-8.12362,42.33693],[-8.12894,42.3375],[-8.13205,42.33545],[-8.13617,42.34209],[-8.14268,42.34241],[-8.14337,42.34243]]]}},{"type":"Feature","properties":{"mun_code":"32015","mun_name":"O Bolo","mun_name_local":null,"prov_code":"32","prov_name":"Ourense","acom_code":"12","acom_name":"Galicia","geo_point_2d":{"lon":-7.106983614238819,"lat":42.29664127379133}},"geometry":{"type":"Polygon","coordinates":[[[-7.16759,42.32916],[-7.1671,42.32594],[-7.16971,42.32358],[-7.1703,42.31955],[-7.17457,42.31654],[-7.17285,42.31512],[-7.17025,42.31574],[-7.167,42.3132],[-7.16736,42.31119],[-7.17173,42.30917],[-7.17051,42.30707],[-7.16543,42.30694],[-7.15432,42.31228],[-7.1432,42.31288],[-7.13552,42.31622],[-7.1334,42.31512],[-7.13583,42.30822],[-7.1462,42.30691],[-7.14973,42.30376],[-7.1481,42.3022],[-7.14899,42.29506],[-7.14614,42.29076],[-7.14136,42.29014],[-7.13589,42.29178],[-7.13407,42.28998],[-7.13489,42.28346],[-7.13727,42.28259],[-7.13803,42.27989],[-7.13198,42.27579],[-7.13167,42.27133],[-7.13756,42.26639],[-7.14961,42.26293],[-7.15396,42.26021],[-7.16101,42.25257],[-7.16144,42.24905],[-7.1679,42.24415],[-7.16679,42.24155],[-7.16342,42.24083],[-7.15704,42.22941],[-7.14983,42.22949],[-7.14663,42.22612],[-7.14087,42.22393],[-7.13869,42.21904],[-7.11579,42.23248],[-7.11553,42.23469],[-7.10673,42.23791],[-7.10201,42.23817],[-7.10605,42.24513],[-7.10374,42.25256],[-7.08352,42.26262],[-7.0822,42.26639],[-7.0728,42.25967],[-7.06321,42.26402],[-7.05777,42.27671],[-7.06001,42.27936],[-7.05766,42.28557],[-7.06082,42.30127],[-7.05611,42.32144],[-7.05616,42.32676],[-7.05775,42.32823],[-7.05475,42.33079],[-7.05043,42.33129],[-7.04703,42.33354],[-7.048,42.33725],[-7.04585,42.33979],[-7.05239,42.34448],[-7.05253,42.34621],[-7.0559,42.34579],[-7.06299,42.34881],[-7.06311,42.35039],[-7.05683,42.35729],[-7.06694,42.36266],[-7.10593,42.35603],[-7.11499,42.35041],[-7.11256,42.34688],[-7.11335,42.34178],[-7.11745,42.33943],[-7.11852,42.3349],[-7.12385,42.33565],[-7.13317,42.3327],[-7.13484,42.33476],[-7.13784,42.33538],[-7.13997,42.33376],[-7.14233,42.33438],[-7.15718,42.33086],[-7.15871,42.33291],[-7.16184,42.33317],[-7.16772,42.33126],[-7.16716,42.32965],[-7.16759,42.32916]]]}},{"type":"Feature","properties":{"mun_code":"32038","mun_name":"Larouco","mun_name_local":null,"prov_code":"32","prov_name":"Ourense","acom_code":"12","acom_name":"Galicia","geo_point_2d":{"lon":-7.165952706453689,"lat":42.35421131594964}},"geometry":{"type":"Polygon","coordinates":[[[-7.19806,42.33296],[-7.19427,42.33073],[-7.18956,42.33103],[-7.18564,42.32862],[-7.18231,42.32891],[-7.17823,42.32695],[-7.17722,42.33052],[-7.16759,42.32916],[-7.16772,42.33126],[-7.16184,42.33317],[-7.15565,42.33094],[-7.14233,42.33438],[-7.13997,42.33376],[-7.1363,42.3361],[-7.13384,42.34464],[-7.13609,42.34584],[-7.13917,42.35423],[-7.13813,42.36146],[-7.14147,42.36266],[-7.14464,42.3673],[-7.14508,42.37667],[-7.15134,42.38198],[-7.16379,42.3845],[-7.16366,42.38793],[-7.16772,42.39251],[-7.17185,42.37923],[-7.17738,42.3763],[-7.18173,42.37633],[-7.18571,42.37137],[-7.18232,42.36563],[-7.19052,42.36404],[-7.19574,42.35257],[-7.19395,42.34462],[-7.19799,42.33343],[-7.19806,42.33296]]]}},{"type":"Feature","properties":{"mun_code":"32085","mun_name":"Verín","mun_name_local":null,"prov_code":"32","prov_name":"Ourense","acom_code":"12","acom_name":"Galicia","geo_point_2d":{"lon":-7.416300947198928,"lat":41.90653782569294}},"geometry":{"type":"Polygon","coordinates":[[[-7.46464,41.91757],[-7.45468,41.90686],[-7.44632,41.90723],[-7.44514,41.90284],[-7.44811,41.9032],[-7.44628,41.89728],[-7.44341,41.89588],[-7.44601,41.89508],[-7.44957,41.89002],[-7.44847,41.88104],[-7.45583,41.87789],[-7.45972,41.87296],[-7.45086,41.87182],[-7.44823,41.86976],[-7.45486,41.86774],[-7.44561,41.85779],[-7.44634,41.85689],[-7.42481,41.85625],[-7.42944,41.84404],[-7.43248,41.84198],[-7.42946,41.84008],[-7.42984,41.83654],[-7.42571,41.82942],[-7.42666,41.82593],[-7.43035,41.82481],[-7.43092,41.8229],[-7.42467,41.81646],[-7.42957,41.81241],[-7.42824,41.80723],[-7.42106,41.81151],[-7.41673,41.81138],[-7.4155,41.81372],[-7.40883,41.81672],[-7.40274,41.82184],[-7.40272,41.82538],[-7.39759,41.82637],[-7.39518,41.82952],[-7.39485,41.83324],[-7.39154,41.83509],[-7.39042,41.84238],[-7.38625,41.84126],[-7.38549,41.84273],[-7.37266,41.84903],[-7.36964,41.84879],[-7.36713,41.85202],[-7.36391,41.85284],[-7.36332,41.8545],[-7.36659,41.85637],[-7.36703,41.86217],[-7.35927,41.86751],[-7.35277,41.875],[-7.36349,41.87712],[-7.37132,41.87019],[-7.3897,41.86896],[-7.39394,41.87432],[-7.39791,41.88339],[-7.39092,41.8931],[-7.39181,41.89648],[-7.3943,41.89945],[-7.40204,41.90111],[-7.40779,41.90713],[-7.39492,41.9249],[-7.39405,41.92882],[-7.38937,41.93161],[-7.38667,41.94204],[-7.38264,41.94651],[-7.36509,41.95785],[-7.36362,41.96688],[-7.36058,41.96871],[-7.36419,41.97568],[-7.36339,41.97686],[-7.38435,41.97476],[-7.38689,41.97608],[-7.3941,41.97306],[-7.39599,41.97725],[-7.41531,41.98303],[-7.4195,41.98255],[-7.43224,41.97716],[-7.44185,41.97699],[-7.44623,41.96863],[-7.44394,41.9627],[-7.44421,41.94219],[-7.44929,41.94462],[-7.45783,41.95249],[-7.47237,41.9504],[-7.47433,41.9431],[-7.46154,41.92177],[-7.46194,41.91846],[-7.46464,41.91757]]]}},{"type":"Feature","properties":{"mun_code":"32036","mun_name":"Xunqueira de Ambía","mun_name_local":null,"prov_code":"32","prov_name":"Ourense","acom_code":"12","acom_name":"Galicia","geo_point_2d":{"lon":-7.716659985263428,"lat":42.180038569319606}},"geometry":{"type":"Polygon","coordinates":[[[-7.77088,42.23868],[-7.7737,42.23788],[-7.76791,42.22369],[-7.76912,42.22081],[-7.76574,42.22091],[-7.76144,42.21816],[-7.75813,42.21508],[-7.75896,42.2117],[-7.74966,42.20614],[-7.74765,42.20702],[-7.74444,42.20618],[-7.74398,42.20325],[-7.74545,42.20254],[-7.75141,42.18625],[-7.75457,42.17279],[-7.76613,42.16834],[-7.76893,42.15975],[-7.75408,42.15423],[-7.75019,42.15843],[-7.7475,42.15739],[-7.74171,42.14796],[-7.71432,42.14421],[-7.71182,42.14102],[-7.70888,42.14118],[-7.70715,42.13791],[-7.70797,42.13623],[-7.70135,42.1363],[-7.68626,42.12271],[-7.68355,42.12464],[-7.68475,42.13158],[-7.67691,42.13433],[-7.67083,42.1395],[-7.66531,42.14736],[-7.66653,42.14984],[-7.66506,42.15734],[-7.65656,42.17668],[-7.6566,42.18104],[-7.67029,42.19424],[-7.67437,42.19482],[-7.67942,42.19235],[-7.68161,42.18749],[-7.68583,42.18425],[-7.69768,42.1861],[-7.70379,42.19623],[-7.71213,42.20265],[-7.71594,42.20398],[-7.71873,42.20919],[-7.72188,42.2096],[-7.72341,42.21635],[-7.73084,42.21894],[-7.73295,42.22406],[-7.72985,42.22865],[-7.73102,42.23386],[-7.73481,42.23609],[-7.73592,42.24227],[-7.74695,42.24425],[-7.75048,42.24197],[-7.75963,42.24101],[-7.76335,42.24239],[-7.76704,42.23964],[-7.77088,42.23868]]]}},{"type":"Feature","properties":{"mun_code":"32043","mun_name":"Maceda","mun_name_local":null,"prov_code":"32","prov_name":"Ourense","acom_code":"12","acom_name":"Galicia","geo_point_2d":{"lon":-7.600007782085042,"lat":42.256727982406524}},"geometry":{"type":"Polygon","coordinates":[[[-7.70682,42.30046],[-7.69956,42.29841],[-7.69642,42.293],[-7.69138,42.29172],[-7.69505,42.28255],[-7.70506,42.27684],[-7.70583,42.27481],[-7.7015,42.27463],[-7.70479,42.26911],[-7.70458,42.26479],[-7.67777,42.26663],[-7.67546,42.26581],[-7.65466,42.25069],[-7.64889,42.24805],[-7.64201,42.24922],[-7.6358,42.24703],[-7.62352,42.23764],[-7.6176,42.2279],[-7.61221,42.22729],[-7.58356,42.21108],[-7.57194,42.21185],[-7.57233,42.20936],[-7.55889,42.20388],[-7.55821,42.20208],[-7.55391,42.2005],[-7.53689,42.19791],[-7.52411,42.19915],[-7.51834,42.19681],[-7.50726,42.20398],[-7.50523,42.21119],[-7.49967,42.21131],[-7.50829,42.22248],[-7.50984,42.23637],[-7.52946,42.24045],[-7.53031,42.24574],[-7.55637,42.25832],[-7.55665,42.26804],[-7.55902,42.27198],[-7.57362,42.27241],[-7.57421,42.28146],[-7.58107,42.29669],[-7.57336,42.30962],[-7.57326,42.3128],[-7.58977,42.31131],[-7.59103,42.31448],[-7.594,42.3165],[-7.61973,42.29628],[-7.6313,42.29153],[-7.6342,42.29291],[-7.65326,42.29112],[-7.66178,42.298],[-7.67033,42.31361],[-7.67451,42.31366],[-7.68342,42.30752],[-7.6919,42.30674],[-7.70047,42.30318],[-7.70682,42.30046]]]}},{"type":"Feature","properties":{"mun_code":"32091","mun_name":"Vilardevós","mun_name_local":null,"prov_code":"32","prov_name":"Ourense","acom_code":"12","acom_name":"Galicia","geo_point_2d":{"lon":-7.301259006212688,"lat":41.901550403658206}},"geometry":{"type":"Polygon","coordinates":[[[-7.36339,41.97686],[-7.36419,41.97568],[-7.36058,41.96871],[-7.36362,41.96688],[-7.36509,41.95785],[-7.38264,41.94651],[-7.38667,41.94204],[-7.38937,41.93161],[-7.39405,41.92882],[-7.39492,41.9249],[-7.40779,41.90713],[-7.40204,41.90111],[-7.3943,41.89945],[-7.39181,41.89648],[-7.39092,41.8931],[-7.39791,41.88339],[-7.39394,41.87432],[-7.3897,41.86896],[-7.37132,41.87019],[-7.36349,41.87712],[-7.35277,41.875],[-7.35927,41.86751],[-7.36703,41.86217],[-7.36636,41.85574],[-7.36332,41.8545],[-7.36391,41.85284],[-7.35644,41.84053],[-7.3349,41.84515],[-7.31501,41.84283],[-7.30503,41.84739],[-7.30098,41.85158],[-7.28383,41.85222],[-7.27201,41.85963],[-7.26224,41.86281],[-7.25781,41.86593],[-7.24483,41.86887],[-7.24053,41.86753],[-7.23688,41.86872],[-7.23266,41.86723],[-7.21956,41.87283],[-7.20833,41.88001],[-7.20493,41.87899],[-7.19673,41.87998],[-7.18518,41.89645],[-7.18161,41.90842],[-7.18224,41.91187],[-7.18942,41.91624],[-7.18958,41.92045],[-7.1935,41.92708],[-7.19618,41.9285],[-7.20032,41.9285],[-7.19775,41.93085],[-7.21041,41.93931],[-7.21881,41.93765],[-7.21911,41.93887],[-7.21593,41.94035],[-7.2184,41.94049],[-7.21953,41.94274],[-7.22411,41.94453],[-7.22092,41.94587],[-7.22172,41.94767],[-7.22701,41.94784],[-7.22942,41.94977],[-7.23138,41.94886],[-7.23526,41.95158],[-7.23704,41.95137],[-7.23972,41.94876],[-7.24085,41.94287],[-7.24785,41.94032],[-7.25637,41.93949],[-7.25773,41.93708],[-7.26424,41.93619],[-7.26502,41.93364],[-7.26943,41.93307],[-7.26975,41.92955],[-7.27209,41.93026],[-7.27426,41.92808],[-7.27738,41.92829],[-7.273,41.9231],[-7.27664,41.92227],[-7.29129,41.92299],[-7.30204,41.9254],[-7.30387,41.92448],[-7.32042,41.92558],[-7.32433,41.92652],[-7.32881,41.93295],[-7.34156,41.93562],[-7.34838,41.94057],[-7.35533,41.95412],[-7.3516,41.95978],[-7.33741,41.96964],[-7.33833,41.97403],[-7.34211,41.9779],[-7.34102,41.98075],[-7.34519,41.99246],[-7.3483,41.99205],[-7.34593,41.99046],[-7.34473,41.98653],[-7.35377,41.98967],[-7.35873,41.98994],[-7.36371,41.98788],[-7.36138,41.98372],[-7.36426,41.98158],[-7.36389,41.97843],[-7.36339,41.97686]]]}},{"type":"Feature","properties":{"mun_code":"32070","mun_name":"San Xoán de Río","mun_name_local":null,"prov_code":"32","prov_name":"Ourense","acom_code":"12","acom_name":"Galicia","geo_point_2d":{"lon":-7.313422259073386,"lat":42.385977569503005}},"geometry":{"type":"Polygon","coordinates":[[[-7.3699,42.42136],[-7.37101,42.42025],[-7.36081,42.41139],[-7.35653,42.41078],[-7.353,42.4073],[-7.34825,42.40648],[-7.35276,42.3998],[-7.35249,42.39667],[-7.34709,42.396],[-7.33911,42.39181],[-7.33857,42.38989],[-7.34097,42.38624],[-7.34025,42.38208],[-7.34505,42.38158],[-7.34736,42.37768],[-7.3408,42.37608],[-7.34068,42.37318],[-7.3466,42.36733],[-7.35902,42.36504],[-7.36289,42.36188],[-7.35685,42.35576],[-7.35745,42.35335],[-7.35267,42.3438],[-7.34363,42.34386],[-7.33677,42.34167],[-7.33289,42.33702],[-7.32866,42.3351],[-7.32698,42.33702],[-7.32079,42.33663],[-7.31244,42.34081],[-7.30576,42.3415],[-7.29682,42.34606],[-7.29215,42.34665],[-7.28895,42.34894],[-7.28527,42.35533],[-7.28696,42.35714],[-7.27977,42.36998],[-7.27312,42.37185],[-7.26659,42.37882],[-7.26825,42.38054],[-7.25936,42.38252],[-7.2547,42.38654],[-7.25587,42.39993],[-7.25984,42.40313],[-7.26027,42.40572],[-7.26487,42.40756],[-7.26943,42.41493],[-7.27545,42.41196],[-7.29083,42.41458],[-7.29673,42.42344],[-7.302,42.42777],[-7.30694,42.42945],[-7.3154,42.4279],[-7.31769,42.42627],[-7.32387,42.42778],[-7.33252,42.42722],[-7.34424,42.42963],[-7.34821,42.42905],[-7.34604,42.42625],[-7.34922,42.42729],[-7.35862,42.42659],[-7.36635,42.42268],[-7.3699,42.42136]]]}},{"type":"Feature","properties":{"mun_code":"32002","mun_name":"Amoeiro","mun_name_local":null,"prov_code":"32","prov_name":"Ourense","acom_code":"12","acom_name":"Galicia","geo_point_2d":{"lon":-7.945724194468938,"lat":42.39854457644594}},"geometry":{"type":"Polygon","coordinates":[[[-7.99334,42.36647],[-7.99153,42.35807],[-7.98601,42.35594],[-7.9722,42.3586],[-7.9662,42.35737],[-7.95978,42.35414],[-7.9583,42.35771],[-7.9615,42.37049],[-7.95801,42.37604],[-7.95253,42.3781],[-7.94355,42.37414],[-7.94052,42.37783],[-7.94054,42.38079],[-7.93363,42.38751],[-7.9274,42.39227],[-7.91966,42.3943],[-7.91491,42.39736],[-7.89304,42.39551],[-7.88408,42.3983],[-7.87647,42.39711],[-7.87098,42.39472],[-7.87428,42.40021],[-7.87349,42.40162],[-7.87833,42.40494],[-7.88539,42.41304],[-7.89705,42.41864],[-7.89828,42.41727],[-7.90246,42.41779],[-7.90942,42.4159],[-7.90837,42.41242],[-7.91806,42.41262],[-7.91556,42.419],[-7.91166,42.42293],[-7.91205,42.42841],[-7.91481,42.43065],[-7.92167,42.43139],[-7.92368,42.42881],[-7.93046,42.42723],[-7.93579,42.42253],[-7.9417,42.42512],[-7.94295,42.42951],[-7.95173,42.42943],[-7.95339,42.42898],[-7.95406,42.42666],[-7.96242,42.42589],[-7.96586,42.42353],[-7.96846,42.42449],[-7.97155,42.42297],[-7.97323,42.42294],[-7.97336,42.42518],[-7.97947,42.42682],[-7.98204,42.42519],[-7.98081,42.42219],[-7.97848,42.42217],[-7.97506,42.41959],[-7.97525,42.41776],[-7.98068,42.41246],[-7.98125,42.40585],[-7.98508,42.40228],[-7.9837,42.40099],[-7.98439,42.39827],[-7.9893,42.39267],[-7.99191,42.3918],[-7.99331,42.38839],[-7.99236,42.3865],[-7.97778,42.38818],[-7.9775,42.38664],[-7.97942,42.38049],[-7.98603,42.37735],[-7.99269,42.36779],[-7.99334,42.36647]]]}},{"type":"Feature","properties":{"mun_code":"32087","mun_name":"Vilamarín","mun_name_local":null,"prov_code":"32","prov_name":"Ourense","acom_code":"12","acom_name":"Galicia","geo_point_2d":{"lon":-7.891473196335319,"lat":42.462927504637676}},"geometry":{"type":"Polygon","coordinates":[[[-7.94295,42.42951],[-7.9417,42.42512],[-7.93579,42.42253],[-7.93046,42.42723],[-7.92368,42.42881],[-7.92167,42.43139],[-7.91481,42.43065],[-7.91205,42.42841],[-7.91166,42.42293],[-7.91556,42.419],[-7.91806,42.41262],[-7.90837,42.41242],[-7.90942,42.4159],[-7.90246,42.41779],[-7.89828,42.41727],[-7.89705,42.41864],[-7.88733,42.41333],[-7.88117,42.41415],[-7.87851,42.42073],[-7.87078,42.42383],[-7.872,42.4283],[-7.8701,42.429],[-7.86672,42.4268],[-7.86249,42.42745],[-7.86444,42.43108],[-7.85867,42.43171],[-7.85013,42.4389],[-7.85693,42.44228],[-7.85827,42.44529],[-7.86174,42.44663],[-7.86115,42.45946],[-7.85951,42.47024],[-7.8438,42.48617],[-7.84205,42.49095],[-7.84285,42.49677],[-7.8615,42.50411],[-7.87498,42.50191],[-7.87789,42.50262],[-7.87956,42.50633],[-7.87541,42.51095],[-7.87836,42.51162],[-7.8897,42.51077],[-7.89682,42.50565],[-7.91318,42.50839],[-7.91492,42.49961],[-7.92834,42.49751],[-7.9326,42.49408],[-7.92623,42.4861],[-7.92109,42.48241],[-7.92005,42.47346],[-7.91629,42.46632],[-7.91707,42.46269],[-7.91401,42.45701],[-7.92599,42.45108],[-7.92873,42.4515],[-7.93517,42.44895],[-7.93963,42.44204],[-7.94431,42.44108],[-7.93786,42.43603],[-7.93764,42.43367],[-7.94358,42.43196],[-7.9432,42.43066],[-7.94295,42.42951]]]}},{"type":"Feature","properties":{"mun_code":"32028","mun_name":"Cualedro","mun_name_local":null,"prov_code":"32","prov_name":"Ourense","acom_code":"12","acom_name":"Galicia","geo_point_2d":{"lon":-7.594462189035614,"lat":41.96224965556958}},"geometry":{"type":"Polygon","coordinates":[[[-7.70414,41.90735],[-7.6973,41.90721],[-7.68781,41.90219],[-7.67792,41.89313],[-7.66828,41.89329],[-7.66538,41.88781],[-7.65386,41.8812],[-7.62542,41.87991],[-7.6184,41.88509],[-7.60746,41.87947],[-7.59146,41.88067],[-7.58727,41.87947],[-7.58586,41.88186],[-7.58329,41.87867],[-7.58403,41.87715],[-7.5808,41.87836],[-7.58354,41.88337],[-7.58615,41.8837],[-7.58818,41.88828],[-7.58734,41.89034],[-7.58989,41.8925],[-7.58846,41.89308],[-7.58873,41.8968],[-7.5895,41.9008],[-7.59199,41.90346],[-7.59039,41.90589],[-7.5933,41.90934],[-7.59687,41.90852],[-7.60484,41.91097],[-7.61984,41.91763],[-7.61014,41.92889],[-7.59713,41.93401],[-7.59675,41.94961],[-7.59929,41.95672],[-7.58251,41.95512],[-7.56908,41.94958],[-7.5604,41.94272],[-7.55796,41.94227],[-7.53907,41.94278],[-7.53992,41.94811],[-7.52676,41.95611],[-7.52684,41.95818],[-7.53806,41.97279],[-7.53256,41.97733],[-7.53472,41.98018],[-7.52842,41.98845],[-7.52894,41.99037],[-7.53167,41.99662],[-7.53697,41.99971],[-7.53879,42.00731],[-7.54317,42.01366],[-7.54177,42.0166],[-7.53531,42.01528],[-7.52967,42.02065],[-7.52769,42.01966],[-7.52495,42.02051],[-7.52003,42.01818],[-7.51371,42.02014],[-7.50761,42.02034],[-7.50553,42.02239],[-7.50748,42.02687],[-7.51286,42.0288],[-7.5155,42.03111],[-7.51508,42.03365],[-7.52039,42.03686],[-7.52161,42.04045],[-7.52029,42.04307],[-7.5236,42.04225],[-7.52884,42.04436],[-7.52795,42.04739],[-7.53016,42.05321],[-7.52528,42.06062],[-7.52825,42.06691],[-7.54657,42.07379],[-7.55031,42.07124],[-7.55681,42.07176],[-7.5574,42.06631],[-7.55486,42.061],[-7.55779,42.05718],[-7.5561,42.04634],[-7.55896,42.04029],[-7.57077,42.0332],[-7.58032,42.03191],[-7.58715,42.02944],[-7.59573,42.02354],[-7.59407,42.01952],[-7.58442,42.01748],[-7.57674,42.00944],[-7.57732,42.00206],[-7.58069,41.99699],[-7.58571,41.99481],[-7.59381,41.99814],[-7.60339,41.99092],[-7.60555,41.97961],[-7.60788,41.97913],[-7.61736,41.98243],[-7.63443,41.98333],[-7.62946,41.95862],[-7.64885,41.94472],[-7.6723,41.93335],[-7.67537,41.92456],[-7.67959,41.91913],[-7.68982,41.91344],[-7.70052,41.90999],[-7.70414,41.90735]]]}},{"type":"Feature","properties":{"mun_code":"32022","mun_name":"Castrelo de Miño","mun_name_local":null,"prov_code":"32","prov_name":"Ourense","acom_code":"12","acom_name":"Galicia","geo_point_2d":{"lon":-8.064697569714266,"lat":42.29429432369725}},"geometry":{"type":"Polygon","coordinates":[[[-8.13254,42.28102],[-8.13092,42.27167],[-8.12055,42.26873],[-8.1137,42.265],[-8.10684,42.26842],[-8.09145,42.26913],[-8.08247,42.27195],[-8.07831,42.27503],[-8.07338,42.27317],[-8.07393,42.27536],[-8.07072,42.27735],[-8.06733,42.28278],[-8.04951,42.27822],[-8.04399,42.27819],[-8.04055,42.27972],[-8.03651,42.2794],[-8.03341,42.27758],[-8.02796,42.27867],[-8.02584,42.28078],[-8.01514,42.27528],[-8.00344,42.2752],[-8.00225,42.27777],[-8.00747,42.2836],[-8.01093,42.29264],[-8.01406,42.29503],[-8.01332,42.29862],[-8.02332,42.30879],[-8.0218,42.31416],[-8.01867,42.31651],[-8.02076,42.32255],[-8.01968,42.32409],[-8.02761,42.32205],[-8.03447,42.32659],[-8.04296,42.32794],[-8.0515,42.32448],[-8.06753,42.32746],[-8.07336,42.30476],[-8.07791,42.30236],[-8.09538,42.30405],[-8.10368,42.30045],[-8.11621,42.29881],[-8.11612,42.2916],[-8.12177,42.28946],[-8.13092,42.28154],[-8.13254,42.28102]]]}},{"type":"Feature","properties":{"mun_code":"32088","mun_name":"Vilamartín de Valdeorras","mun_name_local":null,"prov_code":"32","prov_name":"Ourense","acom_code":"12","acom_name":"Galicia","geo_point_2d":{"lon":-7.053621696152459,"lat":42.44841218379403}},"geometry":{"type":"Polygon","coordinates":[[[-7.12116,42.45184],[-7.11892,42.44176],[-7.11456,42.44241],[-7.11329,42.44059],[-7.10818,42.43922],[-7.09896,42.44106],[-7.09157,42.43866],[-7.08916,42.43616],[-7.08948,42.41832],[-7.0852,42.41039],[-7.08708,42.40808],[-7.0844,42.40125],[-7.09301,42.38828],[-7.07192,42.38392],[-7.05622,42.37612],[-7.04662,42.37859],[-7.04309,42.37803],[-7.03683,42.39871],[-7.03306,42.40277],[-7.02448,42.40177],[-7.02069,42.40508],[-7.0188,42.41673],[-7.00983,42.4285],[-7.01599,42.43937],[-7.01372,42.44637],[-7.00866,42.45293],[-7.00833,42.46308],[-7.00248,42.47773],[-7.00276,42.48312],[-6.99863,42.49644],[-7.00197,42.50342],[-7.00096,42.5057],[-7.00446,42.50393],[-7.01963,42.50156],[-7.02869,42.49786],[-7.03264,42.50434],[-7.04575,42.50778],[-7.05188,42.50864],[-7.05988,42.5066],[-7.07382,42.50671],[-7.07707,42.508],[-7.07619,42.49675],[-7.08431,42.49018],[-7.09334,42.47246],[-7.10027,42.46786],[-7.09974,42.45878],[-7.11391,42.45682],[-7.12116,42.45184]]]}},{"type":"Feature","properties":{"mun_code":"32045","mun_name":"Maside","mun_name_local":null,"prov_code":"32","prov_name":"Ourense","acom_code":"12","acom_name":"Galicia","geo_point_2d":{"lon":-8.01816916456602,"lat":42.4194555008604}},"geometry":{"type":"Polygon","coordinates":[[[-8.05981,42.40023],[-8.0527,42.39148],[-8.04984,42.39205],[-8.04148,42.38695],[-8.03306,42.38612],[-8.02593,42.39223],[-8.01699,42.39387],[-8.00992,42.39345],[-8.00413,42.39631],[-7.99214,42.39046],[-7.98439,42.39827],[-7.9837,42.40099],[-7.98508,42.40228],[-7.98125,42.40585],[-7.98068,42.41246],[-7.97525,42.41776],[-7.97506,42.41959],[-7.97848,42.42217],[-7.98081,42.42219],[-7.98204,42.42519],[-7.97689,42.42674],[-7.97553,42.43476],[-7.9734,42.43531],[-7.97271,42.44364],[-7.97493,42.44345],[-7.97997,42.44614],[-7.97954,42.45265],[-7.98177,42.44994],[-7.98733,42.45301],[-7.99643,42.4541],[-8.00461,42.44921],[-8.0234,42.44182],[-8.03337,42.44377],[-8.0657,42.42853],[-8.06694,42.42439],[-8.06911,42.42322],[-8.06113,42.41078],[-8.06031,42.40434],[-8.05981,42.40023]]]}},{"type":"Feature","properties":{"mun_code":"32080","mun_name":"A Teixeira","mun_name_local":null,"prov_code":"32","prov_name":"Ourense","acom_code":"12","acom_name":"Galicia","geo_point_2d":{"lon":-7.4768117041129685,"lat":42.37032527963728}},"geometry":{"type":"Polygon","coordinates":[[[-7.51012,42.34688],[-7.50455,42.34582],[-7.50405,42.3426],[-7.50044,42.34228],[-7.49912,42.32996],[-7.49357,42.32825],[-7.48019,42.32975],[-7.47802,42.32892],[-7.47463,42.33508],[-7.47573,42.3362],[-7.47272,42.34589],[-7.46574,42.34917],[-7.45988,42.3495],[-7.46153,42.35039],[-7.45704,42.36477],[-7.45574,42.36512],[-7.45717,42.36777],[-7.45559,42.37111],[-7.45897,42.37453],[-7.45841,42.38097],[-7.46174,42.38126],[-7.4621,42.3846],[-7.45646,42.38877],[-7.45497,42.39185],[-7.44719,42.39174],[-7.44467,42.38871],[-7.43563,42.38763],[-7.43162,42.39486],[-7.43327,42.4],[-7.43829,42.39781],[-7.44481,42.39785],[-7.4489,42.40714],[-7.46223,42.40786],[-7.46583,42.40716],[-7.47094,42.40339],[-7.4797,42.40122],[-7.49616,42.39245],[-7.50114,42.38871],[-7.49936,42.38438],[-7.49582,42.38226],[-7.49634,42.37394],[-7.50075,42.36731],[-7.50031,42.36312],[-7.50418,42.35876],[-7.50553,42.35311],[-7.50727,42.35189],[-7.50888,42.35285],[-7.50713,42.349],[-7.51009,42.34763],[-7.51012,42.34688]]]}},{"type":"Feature","properties":{"mun_code":"32040","mun_name":"Leiro","mun_name_local":null,"prov_code":"32","prov_name":"Ourense","acom_code":"12","acom_name":"Galicia","geo_point_2d":{"lon":-8.156536371383472,"lat":42.373198609218505}},"geometry":{"type":"Polygon","coordinates":[[[-8.21558,42.36306],[-8.21246,42.36365],[-8.20683,42.3694],[-8.2049,42.37499],[-8.20008,42.37769],[-8.19354,42.37169],[-8.18548,42.3699],[-8.17447,42.35729],[-8.17661,42.35473],[-8.17414,42.35222],[-8.16354,42.34794],[-8.15825,42.34996],[-8.15035,42.34782],[-8.14791,42.34545],[-8.14873,42.34339],[-8.13679,42.34248],[-8.13205,42.33545],[-8.12894,42.3375],[-8.12185,42.33595],[-8.12435,42.34135],[-8.11981,42.35092],[-8.12074,42.35672],[-8.11408,42.35971],[-8.11227,42.35889],[-8.11054,42.36405],[-8.10757,42.36588],[-8.10642,42.37377],[-8.10259,42.37585],[-8.09979,42.38047],[-8.10636,42.38782],[-8.11467,42.38897],[-8.11952,42.38262],[-8.12186,42.38191],[-8.12605,42.38711],[-8.13014,42.3879],[-8.13376,42.39095],[-8.13649,42.39123],[-8.13965,42.38967],[-8.1398,42.39109],[-8.14112,42.39056],[-8.14587,42.39394],[-8.14667,42.39311],[-8.15829,42.39414],[-8.17163,42.39713],[-8.17465,42.40161],[-8.18173,42.404],[-8.18541,42.40307],[-8.18845,42.39989],[-8.19314,42.399],[-8.20045,42.4017],[-8.20198,42.40103],[-8.1996,42.39783],[-8.20335,42.3968],[-8.20259,42.39375],[-8.20658,42.3933],[-8.21016,42.38731],[-8.21599,42.38514],[-8.21509,42.38364],[-8.21729,42.38163],[-8.2163,42.37027],[-8.21558,42.36306]]]}},{"type":"Feature","properties":{"mun_code":"32042","mun_name":"Lobios","mun_name_local":null,"prov_code":"32","prov_name":"Ourense","acom_code":"12","acom_name":"Galicia","geo_point_2d":{"lon":-8.087060235842156,"lat":41.87548077220323}},"geometry":{"type":"Polygon","coordinates":[[[-8.21413,41.9007],[-8.21525,41.89792],[-8.20544,41.89357],[-8.2014,41.88799],[-8.19754,41.87939],[-8.20035,41.87836],[-8.19975,41.87388],[-8.19226,41.8767],[-8.18334,41.87494],[-8.17161,41.87898],[-8.1693,41.87652],[-8.16635,41.86237],[-8.16177,41.86098],[-8.16501,41.81812],[-8.15433,41.81799],[-8.1309,41.80887],[-8.12439,41.80863],[-8.12101,41.81138],[-8.11665,41.81267],[-8.11502,41.81171],[-8.10454,41.81179],[-8.10176,41.80982],[-8.09975,41.81052],[-8.09391,41.80804],[-8.09328,41.81113],[-8.09042,41.8124],[-8.08728,41.81287],[-8.08392,41.81066],[-8.07889,41.81362],[-8.07344,41.81318],[-8.0655,41.81745],[-8.05765,41.81573],[-8.05518,41.8168],[-8.05342,41.82064],[-8.05083,41.81942],[-8.0457,41.82415],[-8.04133,41.8252],[-8.04157,41.82783],[-8.03867,41.82997],[-8.0301,41.82957],[-8.01936,41.83208],[-8.01405,41.829],[-8.0058,41.84462],[-8.00597,41.84707],[-8.00299,41.85034],[-7.99572,41.85252],[-7.99442,41.85421],[-7.9956,41.858],[-7.98939,41.85952],[-7.98769,41.86922],[-7.98075,41.87221],[-7.99244,41.88495],[-7.99405,41.89126],[-8.01684,41.90076],[-8.01927,41.90478],[-8.01728,41.91864],[-8.01885,41.92001],[-8.02729,41.92145],[-8.0335,41.91906],[-8.03245,41.91453],[-8.03716,41.91196],[-8.03919,41.91842],[-8.04483,41.92468],[-8.04901,41.92246],[-8.05434,41.93132],[-8.05346,41.93468],[-8.04903,41.93907],[-8.05781,41.9439],[-8.05771,41.94727],[-8.05508,41.94705],[-8.05443,41.9488],[-8.05065,41.94978],[-8.04837,41.96023],[-8.0551,41.96213],[-8.05824,41.9609],[-8.08208,41.97387],[-8.0895,41.98426],[-8.09357,42.00086],[-8.09828,42.00019],[-8.09937,41.99751],[-8.09953,41.98886],[-8.10309,41.97433],[-8.09942,41.96788],[-8.09646,41.96898],[-8.09263,41.96622],[-8.08906,41.96661],[-8.08957,41.95113],[-8.08799,41.94976],[-8.09101,41.94367],[-8.0887,41.94084],[-8.08879,41.93662],[-8.07703,41.92982],[-8.07324,41.92565],[-8.07456,41.92332],[-8.08188,41.92277],[-8.08759,41.91756],[-8.09267,41.90938],[-8.09756,41.90738],[-8.11229,41.89597],[-8.11455,41.89631],[-8.11652,41.8991],[-8.12435,41.89815],[-8.12698,41.89639],[-8.1336,41.89788],[-8.14202,41.89665],[-8.14383,41.898],[-8.14332,41.90066],[-8.17214,41.90735],[-8.17899,41.90551],[-8.19014,41.90527],[-8.20315,41.89852],[-8.20813,41.8995],[-8.21413,41.9007]]]}},{"type":"Feature","properties":{"mun_code":"32064","mun_name":"Pontedeva","mun_name_local":null,"prov_code":"32","prov_name":"Ourense","acom_code":"12","acom_name":"Galicia","geo_point_2d":{"lon":-8.139433546094324,"lat":42.168662933934456}},"geometry":{"type":"Polygon","coordinates":[[[-8.16633,42.17275],[-8.15999,42.1714],[-8.15723,42.16862],[-8.16002,42.1638],[-8.15842,42.15689],[-8.1545,42.15526],[-8.14934,42.15791],[-8.14576,42.15783],[-8.13908,42.15021],[-8.13204,42.15791],[-8.12908,42.1575],[-8.12867,42.15952],[-8.12427,42.15927],[-8.12267,42.16082],[-8.12302,42.15797],[-8.11779,42.15572],[-8.11482,42.16021],[-8.11457,42.16607],[-8.11873,42.17112],[-8.12025,42.17639],[-8.1268,42.18373],[-8.1331,42.17978],[-8.13656,42.17926],[-8.1415,42.18034],[-8.14608,42.1833],[-8.16012,42.18162],[-8.16537,42.17367],[-8.16633,42.17275]]]}},{"type":"Feature","properties":{"mun_code":"32054","mun_name":"Ourense","mun_name_local":null,"prov_code":"32","prov_name":"Ourense","acom_code":"12","acom_name":"Galicia","geo_point_2d":{"lon":-7.889879088196121,"lat":42.35074654864722}},"geometry":{"type":"Polygon","coordinates":[[[-8.00345,42.34467],[-7.98009,42.338],[-7.9704,42.33665],[-7.9654,42.33739],[-7.95555,42.33444],[-7.94336,42.33891],[-7.93288,42.34078],[-7.92336,42.34588],[-7.9223,42.34472],[-7.91929,42.34483],[-7.9119,42.34693],[-7.89917,42.34321],[-7.89627,42.34461],[-7.89174,42.34299],[-7.88722,42.34034],[-7.88517,42.33568],[-7.88524,42.32581],[-7.88218,42.32521],[-7.88324,42.32322],[-7.88074,42.32425],[-7.8767,42.32257],[-7.87056,42.31876],[-7.87087,42.31708],[-7.86588,42.31744],[-7.86472,42.31241],[-7.86243,42.3129],[-7.86148,42.30907],[-7.86387,42.30471],[-7.86291,42.30232],[-7.86478,42.29911],[-7.86698,42.29836],[-7.86687,42.29425],[-7.86066,42.28951],[-7.84852,42.29168],[-7.84745,42.29056],[-7.83197,42.29609],[-7.82271,42.29616],[-7.82772,42.30193],[-7.82938,42.31489],[-7.81374,42.31069],[-7.80594,42.3138],[-7.81331,42.32339],[-7.81507,42.32798],[-7.81395,42.33104],[-7.82072,42.33092],[-7.8192,42.33836],[-7.82034,42.34485],[-7.82595,42.34396],[-7.82807,42.34541],[-7.8268,42.36623],[-7.83072,42.36844],[-7.83117,42.37365],[-7.83394,42.37431],[-7.8425,42.37019],[-7.84953,42.3744],[-7.8544,42.37227],[-7.8565,42.37665],[-7.86115,42.37668],[-7.86353,42.37931],[-7.86446,42.38724],[-7.87098,42.39472],[-7.87709,42.39725],[-7.88408,42.3983],[-7.89304,42.39551],[-7.91491,42.39736],[-7.91966,42.3943],[-7.9274,42.39227],[-7.94054,42.38079],[-7.94052,42.37783],[-7.94355,42.37414],[-7.95253,42.3781],[-7.95851,42.37573],[-7.9615,42.37049],[-7.9583,42.35771],[-7.95978,42.35414],[-7.9662,42.35737],[-7.9722,42.3586],[-7.98601,42.35594],[-7.99153,42.35807],[-7.99334,42.36647],[-7.99711,42.36055],[-7.99936,42.36122],[-8.00112,42.35998],[-8.00063,42.35682],[-8.0035,42.35423],[-8.00228,42.34638],[-8.00345,42.34467]]]}},{"type":"Feature","properties":{"mun_code":"32061","mun_name":"Piñor","mun_name_local":null,"prov_code":"32","prov_name":"Ourense","acom_code":"12","acom_name":"Galicia","geo_point_2d":{"lon":-8.01161659853519,"lat":42.52295292219035}},"geometry":{"type":"Polygon","coordinates":[[[-8.05938,42.54869],[-8.06572,42.5377],[-8.06798,42.52864],[-8.06627,42.51875],[-8.05658,42.51566],[-8.0385,42.50552],[-8.0374,42.49582],[-8.03212,42.4934],[-8.03269,42.49157],[-8.03536,42.49056],[-8.03187,42.48376],[-8.03078,42.48698],[-8.02826,42.48712],[-8.02416,42.48371],[-8.02246,42.48475],[-8.01888,42.48057],[-8.00527,42.47383],[-8.00078,42.47721],[-7.99824,42.4768],[-7.99593,42.47859],[-7.98978,42.47846],[-7.99039,42.4804],[-7.97874,42.48906],[-7.96796,42.50198],[-7.97208,42.50759],[-7.98173,42.51234],[-7.98777,42.50798],[-7.98939,42.51067],[-7.98451,42.51572],[-7.9774,42.53394],[-7.97267,42.53651],[-7.96747,42.54205],[-7.96941,42.54178],[-7.9741,42.54519],[-7.97434,42.54931],[-7.96767,42.55331],[-7.96576,42.56071],[-7.95724,42.56507],[-7.94909,42.56664],[-7.94925,42.57087],[-7.95749,42.56938],[-7.96123,42.56722],[-7.97324,42.5664],[-7.98634,42.5713],[-7.98374,42.56931],[-7.98354,42.56311],[-7.98058,42.55968],[-7.99602,42.55923],[-7.99451,42.56717],[-7.98929,42.57226],[-7.99249,42.5725],[-8.00066,42.56656],[-8.00245,42.55866],[-8.00973,42.55423],[-8.01185,42.55196],[-8.01341,42.54483],[-8.01863,42.54222],[-8.03143,42.54559],[-8.0348,42.55069],[-8.03866,42.55172],[-8.04134,42.55093],[-8.04844,42.55491],[-8.0527,42.55101],[-8.05621,42.55067],[-8.05938,42.54869]]]}},{"type":"Feature","properties":{"mun_code":"32074","mun_name":"San Amaro","mun_name_local":null,"prov_code":"32","prov_name":"Ourense","acom_code":"12","acom_name":"Galicia","geo_point_2d":{"lon":-8.062610449218234,"lat":42.371161718415806}},"geometry":{"type":"Polygon","coordinates":[[[-8.1071,42.38782],[-8.09463,42.3775],[-8.09315,42.37441],[-8.09558,42.3635],[-8.09465,42.36118],[-8.0887,42.35653],[-8.08398,42.35444],[-8.08093,42.35726],[-8.0754,42.35825],[-8.06897,42.35876],[-8.06254,42.35741],[-8.06504,42.33948],[-8.0626,42.33824],[-8.06321,42.33589],[-8.05711,42.33456],[-8.05044,42.34109],[-8.0427,42.33702],[-8.03665,42.33861],[-8.03087,42.34861],[-8.02951,42.36374],[-8.02564,42.36473],[-8.0286,42.36986],[-8.02903,42.37554],[-8.03239,42.3805],[-8.03306,42.38612],[-8.04148,42.38695],[-8.04984,42.39205],[-8.0527,42.39148],[-8.05981,42.40023],[-8.08495,42.39833],[-8.09666,42.39615],[-8.10385,42.39273],[-8.10379,42.39078],[-8.1071,42.38782]]]}},{"type":"Feature","properties":{"mun_code":"32016","mun_name":"Calvos de Randín","mun_name_local":null,"prov_code":"32","prov_name":"Ourense","acom_code":"12","acom_name":"Galicia","geo_point_2d":{"lon":-7.856546674186304,"lat":41.93436509371279}},"geometry":{"type":"Polygon","coordinates":[[[-7.90634,41.9271],[-7.88796,41.92679],[-7.88468,41.92432],[-7.88371,41.91839],[-7.8874,41.90732],[-7.88443,41.88906],[-7.88477,41.88093],[-7.88823,41.86609],[-7.89221,41.85952],[-7.88791,41.85561],[-7.88471,41.85677],[-7.88163,41.85612],[-7.8728,41.84486],[-7.87191,41.85008],[-7.86631,41.85888],[-7.859,41.86056],[-7.85843,41.86265],[-7.84945,41.86168],[-7.84151,41.86648],[-7.84518,41.88128],[-7.80243,41.88198],[-7.80201,41.88582],[-7.80381,41.88907],[-7.80197,41.8934],[-7.80444,41.9004],[-7.80487,41.91879],[-7.81014,41.92041],[-7.81656,41.91777],[-7.82066,41.91766],[-7.82792,41.92],[-7.832,41.92281],[-7.83769,41.93074],[-7.82702,41.9461],[-7.81772,41.95329],[-7.809,41.95757],[-7.81363,41.9601],[-7.81494,41.96592],[-7.80848,41.98451],[-7.80908,41.9879],[-7.82307,41.99163],[-7.82146,42.00013],[-7.82722,42.00576],[-7.83268,42.00501],[-7.83673,42.00626],[-7.84393,42.0062],[-7.84705,42.00476],[-7.84969,41.99967],[-7.85543,42.00272],[-7.86521,41.99952],[-7.88239,41.99089],[-7.90138,41.98756],[-7.90976,41.98432],[-7.90475,41.97595],[-7.89609,41.96949],[-7.89512,41.9671],[-7.89625,41.96583],[-7.90279,41.96453],[-7.91049,41.95016],[-7.90907,41.94801],[-7.90829,41.92868],[-7.90634,41.9271]]]}},{"type":"Feature","properties":{"mun_code":"32078","mun_name":"Sarreaus","mun_name_local":null,"prov_code":"32","prov_name":"Ourense","acom_code":"12","acom_name":"Galicia","geo_point_2d":{"lon":-7.603248936259992,"lat":42.10689385596191}},"geometry":{"type":"Polygon","coordinates":[[[-7.68355,42.12464],[-7.65589,42.10644],[-7.6483,42.10334],[-7.64078,42.10621],[-7.63262,42.10679],[-7.62469,42.06905],[-7.59489,42.06175],[-7.59466,42.05305],[-7.56781,42.04484],[-7.55896,42.04029],[-7.5561,42.04634],[-7.55785,42.05685],[-7.55486,42.061],[-7.55761,42.06762],[-7.55327,42.0813],[-7.55309,42.09513],[-7.56399,42.12774],[-7.56152,42.14055],[-7.56555,42.14959],[-7.57376,42.15085],[-7.58655,42.15602],[-7.59272,42.15203],[-7.60031,42.15351],[-7.61329,42.15],[-7.62599,42.14949],[-7.6415,42.14516],[-7.65336,42.13988],[-7.6586,42.14259],[-7.67189,42.13934],[-7.67691,42.13433],[-7.68475,42.13158],[-7.68355,42.12464]]]}},{"type":"Feature","properties":{"mun_code":"32006","mun_name":"Bande","mun_name_local":null,"prov_code":"32","prov_name":"Ourense","acom_code":"12","acom_name":"Galicia","geo_point_2d":{"lon":-7.970800021766539,"lat":42.0315557021781}},"geometry":{"type":"Polygon","coordinates":[[[-8.06438,42.06037],[-8.05281,42.05233],[-8.0453,42.0521],[-8.04042,42.04921],[-8.03489,42.04109],[-8.02873,42.03956],[-8.02702,42.03787],[-8.02485,42.03238],[-8.01506,42.02336],[-8.01229,42.01581],[-8.00004,42.00848],[-7.99478,42.00366],[-7.9875,42.00133],[-7.99411,41.98551],[-8.0016,41.98494],[-8.00549,41.98162],[-8.01978,41.98477],[-8.02255,41.98225],[-8.02255,41.97399],[-8.01738,41.97073],[-8.01716,41.96857],[-8.01275,41.96933],[-8.0075,41.96803],[-8.002,41.96489],[-8.00042,41.9607],[-7.99635,41.96081],[-7.99386,41.96232],[-7.99521,41.96643],[-7.98537,41.96648],[-7.9826,41.96757],[-7.976,41.97428],[-7.97801,41.9768],[-7.97417,41.9814],[-7.96842,41.98365],[-7.96285,41.98141],[-7.95609,41.98091],[-7.95484,41.97798],[-7.95191,41.97702],[-7.95127,41.97919],[-7.94671,41.98224],[-7.94651,41.98517],[-7.94305,41.98931],[-7.94352,41.99129],[-7.94559,41.99211],[-7.94435,41.99489],[-7.94313,41.99631],[-7.93768,41.99674],[-7.93231,42.00121],[-7.93322,42.00441],[-7.93139,42.00698],[-7.92723,42.00565],[-7.92239,42.01138],[-7.9099,42.01605],[-7.90534,42.01249],[-7.89978,42.01678],[-7.89653,42.01401],[-7.89281,42.01544],[-7.88866,42.01459],[-7.88674,42.02002],[-7.8819,42.0218],[-7.87628,42.02638],[-7.89071,42.03694],[-7.89149,42.04263],[-7.89815,42.05],[-7.90858,42.05825],[-7.91583,42.06137],[-7.92526,42.06157],[-7.9515,42.06905],[-7.96363,42.06809],[-7.97229,42.07137],[-7.97964,42.0715],[-7.99064,42.07705],[-7.99956,42.08369],[-8.01258,42.08297],[-8.02831,42.07786],[-8.03675,42.07343],[-8.04001,42.06917],[-8.05302,42.06641],[-8.06438,42.06037]]]}},{"type":"Feature","properties":{"mun_code":"32059","mun_name":"A Peroxa","mun_name_local":null,"prov_code":"32","prov_name":"Ourense","acom_code":"12","acom_name":"Galicia","geo_point_2d":{"lon":-7.801987209659621,"lat":42.455593856485876}},"geometry":{"type":"Polygon","coordinates":[[[-7.85737,42.44408],[-7.84621,42.44497],[-7.84468,42.44365],[-7.8452,42.44014],[-7.83876,42.4388],[-7.82109,42.44031],[-7.81524,42.43204],[-7.81461,42.42628],[-7.80392,42.42049],[-7.79685,42.40919],[-7.78731,42.41032],[-7.77724,42.41836],[-7.76936,42.42076],[-7.76178,42.42741],[-7.75365,42.43202],[-7.74928,42.4384],[-7.73066,42.45384],[-7.73228,42.45533],[-7.73917,42.45663],[-7.75273,42.45103],[-7.76026,42.45352],[-7.76414,42.45825],[-7.7658,42.45684],[-7.77565,42.46038],[-7.78128,42.46814],[-7.78367,42.46859],[-7.7889,42.466],[-7.78825,42.46806],[-7.79092,42.47096],[-7.78835,42.47348],[-7.78167,42.47211],[-7.7736,42.47694],[-7.76409,42.47891],[-7.76114,42.47852],[-7.75982,42.47638],[-7.75293,42.47599],[-7.75092,42.47912],[-7.74831,42.47999],[-7.75276,42.48471],[-7.75271,42.48686],[-7.75529,42.48772],[-7.75768,42.4868],[-7.76136,42.48857],[-7.76503,42.49396],[-7.77343,42.49461],[-7.7811,42.49095],[-7.78483,42.48607],[-7.7998,42.48003],[-7.80684,42.48113],[-7.8125,42.48889],[-7.81953,42.49183],[-7.82397,42.49061],[-7.82829,42.49339],[-7.84208,42.49051],[-7.84767,42.48152],[-7.85951,42.47024],[-7.86186,42.44749],[-7.85726,42.44433],[-7.85737,42.44408]]]}},{"type":"Feature","properties":{"mun_code":"32081","mun_name":"Toén","mun_name_local":null,"prov_code":"32","prov_name":"Ourense","acom_code":"12","acom_name":"Galicia","geo_point_2d":{"lon":-7.966315643391141,"lat":42.30675768610584}},"geometry":{"type":"Polygon","coordinates":[[[-8.01968,42.32409],[-8.02076,42.32255],[-8.01867,42.31651],[-8.0218,42.31416],[-8.02332,42.30879],[-8.01332,42.29862],[-8.01406,42.29503],[-8.01093,42.29264],[-8.00747,42.2836],[-7.99939,42.27472],[-7.99681,42.26851],[-7.98886,42.26601],[-7.98076,42.27066],[-7.96632,42.27269],[-7.9508,42.26737],[-7.94745,42.27325],[-7.93969,42.28012],[-7.92457,42.28613],[-7.89988,42.30632],[-7.89519,42.30779],[-7.8939,42.30946],[-7.90122,42.30998],[-7.90803,42.31301],[-7.91263,42.31717],[-7.91767,42.31772],[-7.92215,42.32138],[-7.9231,42.32855],[-7.92072,42.33029],[-7.92332,42.33616],[-7.93288,42.34078],[-7.94763,42.33762],[-7.95144,42.33509],[-7.95806,42.33454],[-7.9654,42.33739],[-7.9704,42.33665],[-7.98009,42.338],[-7.99234,42.34228],[-8.00501,42.34473],[-8.00827,42.34065],[-8.0097,42.33351],[-8.01313,42.32734],[-8.01674,42.32558],[-8.01968,42.32409]]]}},{"type":"Feature","properties":{"mun_code":"32084","mun_name":"Verea","mun_name_local":null,"prov_code":"32","prov_name":"Ourense","acom_code":"12","acom_name":"Galicia","geo_point_2d":{"lon":-7.991245405339297,"lat":42.09491263889248}},"geometry":{"type":"Polygon","coordinates":[[[-8.10374,42.07515],[-8.0966,42.07227],[-8.08719,42.05355],[-8.08352,42.05365],[-8.08127,42.05829],[-8.07592,42.06032],[-8.07172,42.06472],[-8.06438,42.06037],[-8.05302,42.06641],[-8.04001,42.06917],[-8.03675,42.07343],[-8.02831,42.07786],[-8.00661,42.08394],[-7.99956,42.08369],[-7.99064,42.07705],[-7.97964,42.0715],[-7.97229,42.07137],[-7.96363,42.06809],[-7.9515,42.06905],[-7.92526,42.06157],[-7.91583,42.06137],[-7.89514,42.07396],[-7.89298,42.08268],[-7.88408,42.09855],[-7.89096,42.11237],[-7.91121,42.11023],[-7.91424,42.10687],[-7.92111,42.11392],[-7.93277,42.11898],[-7.93473,42.12261],[-7.94938,42.12931],[-7.95881,42.12431],[-7.96385,42.12375],[-7.97442,42.11926],[-7.97523,42.11788],[-7.98046,42.11797],[-7.98181,42.12266],[-7.98492,42.1256],[-7.9878,42.12619],[-7.98986,42.13528],[-7.9952,42.1462],[-8.00227,42.14433],[-8.01128,42.13979],[-8.00599,42.1216],[-8.01359,42.11902],[-8.03013,42.12281],[-8.04155,42.11528],[-8.06092,42.11932],[-8.07509,42.11203],[-8.08067,42.10148],[-8.09411,42.09067],[-8.09276,42.0892],[-8.09403,42.08634],[-8.09744,42.08094],[-8.10105,42.07829],[-8.10374,42.07515]]]}}]}