{"type":"FeatureCollection","features":[{"type":"Feature","properties":{"mun_code":"33003","mun_name":"Amieva","mun_name_local":null,"prov_code":"33","prov_name":"Asturias","acom_code":"03","acom_name":"Principado de Asturias","geo_point_2d":{"lon":-5.09380415343069,"lat":43.24283585563861}},"geometry":{"type":"Polygon","coordinates":[[[-5.20723,43.27687],[-5.20872,43.27213],[-5.19984,43.26718],[-5.20142,43.26522],[-5.19644,43.26254],[-5.19383,43.25853],[-5.17731,43.25154],[-5.17762,43.24779],[-5.17314,43.24182],[-5.16862,43.23984],[-5.16737,43.23756],[-5.15883,43.23195],[-5.15467,43.2318],[-5.15124,43.2332],[-5.14386,43.23015],[-5.13678,43.22183],[-5.12402,43.22086],[-5.12244,43.22266],[-5.11641,43.22223],[-5.10752,43.22556],[-5.101,43.2256],[-5.09901,43.22671],[-5.09541,43.22495],[-5.0785,43.22193],[-5.07866,43.20543],[-5.07476,43.20284],[-5.06989,43.19605],[-5.06586,43.19333],[-5.05869,43.19173],[-5.05624,43.18954],[-5.05367,43.18143],[-5.04526,43.18259],[-5.0409,43.18468],[-5.03162,43.1818],[-5.02804,43.18326],[-5.02146,43.18351],[-5.01493,43.17936],[-5.00771,43.17798],[-5.00195,43.17523],[-4.99762,43.17026],[-4.99641,43.18533],[-4.98585,43.19316],[-4.98035,43.20029],[-4.97061,43.20174],[-4.97465,43.20762],[-4.98242,43.20849],[-4.99649,43.21967],[-5.00491,43.22125],[-5.00518,43.22288],[-5.01126,43.22439],[-5.0178,43.23127],[-5.02066,43.23105],[-5.02543,43.23864],[-5.02817,43.23873],[-5.03129,43.24422],[-5.03688,43.24631],[-5.04726,43.25787],[-5.05821,43.26417],[-5.07309,43.26895],[-5.07419,43.27122],[-5.0782,43.27227],[-5.08008,43.27446],[-5.09281,43.27697],[-5.10311,43.28193],[-5.11477,43.29404],[-5.11744,43.29556],[-5.12052,43.29468],[-5.12078,43.29927],[-5.12715,43.30047],[-5.12591,43.30323],[-5.12882,43.30353],[-5.12864,43.30721],[-5.13116,43.30687],[-5.13274,43.30487],[-5.13115,43.30247],[-5.14177,43.30034],[-5.15728,43.30409],[-5.16179,43.30167],[-5.16272,43.29801],[-5.16939,43.29718],[-5.17161,43.29965],[-5.17452,43.3003],[-5.18821,43.28816],[-5.20671,43.27729],[-5.20723,43.27687]]]}},{"type":"Feature","properties":{"mun_code":"33075","mun_name":"Villanueva de Oscos","mun_name_local":null,"prov_code":"33","prov_name":"Asturias","acom_code":"03","acom_name":"Principado de Asturias","geo_point_2d":{"lon":-6.989591591236267,"lat":43.3246448193457}},"geometry":{"type":"Polygon","coordinates":[[[-7.05577,43.3071],[-7.05733,43.30547],[-7.05124,43.30692],[-7.04663,43.30658],[-7.04534,43.31026],[-7.04091,43.30791],[-7.03496,43.30911],[-7.03589,43.29546],[-7.0346,43.29334],[-7.0274,43.29171],[-7.01921,43.28568],[-7.01692,43.27883],[-7.01826,43.27649],[-7.01736,43.27368],[-7.01213,43.26992],[-7.01295,43.26563],[-7.00923,43.26507],[-7.00539,43.26248],[-6.9975,43.26382],[-6.99603,43.26109],[-6.98934,43.26149],[-6.98544,43.264],[-6.98273,43.26625],[-6.98231,43.27277],[-6.98022,43.27612],[-6.96834,43.27682],[-6.96827,43.2866],[-6.96217,43.31424],[-6.9596,43.31517],[-6.94183,43.33309],[-6.9401,43.33886],[-6.93571,43.34395],[-6.9254,43.34785],[-6.92345,43.34988],[-6.92436,43.3571],[-6.92696,43.35802],[-6.93024,43.35695],[-6.93189,43.35887],[-6.93569,43.36697],[-6.94249,43.37535],[-6.94269,43.38005],[-6.95624,43.37385],[-6.96189,43.37418],[-6.97084,43.37996],[-6.97251,43.37795],[-6.97761,43.37853],[-6.98112,43.37513],[-6.98024,43.36563],[-6.98339,43.35827],[-6.98982,43.35704],[-6.99377,43.36383],[-7.00196,43.36711],[-7.01047,43.36665],[-7.01789,43.36142],[-7.02179,43.36079],[-7.02248,43.35904],[-7.02863,43.35816],[-7.02242,43.3564],[-7.02053,43.34951],[-7.02526,43.34357],[-7.02942,43.3418],[-7.03569,43.33352],[-7.04196,43.32911],[-7.05494,43.31279],[-7.05571,43.30923],[-7.05577,43.3071]]]}},{"type":"Feature","properties":{"mun_code":"33025","mun_name":"Gozón","mun_name_local":null,"prov_code":"33","prov_name":"Asturias","acom_code":"03","acom_name":"Principado de Asturias","geo_point_2d":{"lon":-5.848667005934622,"lat":43.603177441992045}},"geometry":{"type":"MultiPolygon","coordinates":[[[[-5.76592,43.60539],[-5.76777,43.6071],[-5.76625,43.6055],[-5.76592,43.60539]]],[[[-5.86453,43.66222],[-5.86297,43.66238],[-5.86329,43.66451],[-5.86588,43.66361],[-5.8644,43.6625],[-5.86453,43.66222]]],[[[-5.77073,43.6007],[-5.77119,43.60223],[-5.76764,43.6048],[-5.77093,43.60815],[-5.77567,43.6061],[-5.77538,43.60854],[-5.7779,43.6084],[-5.77707,43.6096],[-5.77869,43.61116],[-5.77923,43.6097],[-5.78105,43.61089],[-5.78072,43.61233],[-5.78225,43.61286],[-5.78181,43.61147],[-5.78478,43.61022],[-5.78457,43.61291],[-5.78814,43.61234],[-5.79097,43.6142],[-5.7906,43.61544],[-5.78591,43.61703],[-5.78617,43.61949],[-5.78296,43.61965],[-5.78622,43.62035],[-5.78155,43.62295],[-5.78079,43.62885],[-5.78366,43.62995],[-5.7831,43.6313],[-5.78733,43.62888],[-5.78858,43.63056],[-5.79071,43.63021],[-5.79048,43.63136],[-5.79402,43.62966],[-5.79367,43.63607],[-5.79534,43.63456],[-5.79736,43.63678],[-5.7989,43.6353],[-5.80411,43.63641],[-5.80672,43.63306],[-5.80977,43.63252],[-5.81134,43.64249],[-5.81367,43.63984],[-5.82237,43.64446],[-5.82595,43.63957],[-5.83002,43.64012],[-5.83115,43.64309],[-5.83482,43.64425],[-5.83409,43.64574],[-5.8357,43.64515],[-5.83404,43.65434],[-5.83673,43.6522],[-5.8403,43.65378],[-5.84262,43.65723],[-5.83999,43.66062],[-5.84121,43.66065],[-5.84525,43.65722],[-5.84943,43.65809],[-5.85112,43.6573],[-5.85281,43.65856],[-5.85323,43.65693],[-5.85891,43.65502],[-5.86166,43.64564],[-5.85845,43.64015],[-5.85914,43.63656],[-5.86085,43.63528],[-5.86721,43.63565],[-5.86667,43.63132],[-5.87742,43.62978],[-5.87835,43.62568],[-5.88774,43.62314],[-5.89544,43.62684],[-5.89878,43.62431],[-5.90062,43.62858],[-5.90183,43.62588],[-5.90644,43.62346],[-5.9138,43.6244],[-5.91607,43.61961],[-5.91114,43.61657],[-5.91613,43.61176],[-5.91394,43.6094],[-5.91801,43.60537],[-5.92791,43.59916],[-5.93354,43.60139],[-5.94257,43.59974],[-5.948,43.59708],[-5.94548,43.59691],[-5.94623,43.59604],[-5.94445,43.59484],[-5.93158,43.59422],[-5.92233,43.59147],[-5.92143,43.59462],[-5.91535,43.59595],[-5.91662,43.59393],[-5.91569,43.59017],[-5.91388,43.58965],[-5.9178,43.58741],[-5.92131,43.58843],[-5.91826,43.58402],[-5.90634,43.58408],[-5.90713,43.58225],[-5.90056,43.57823],[-5.88849,43.57441],[-5.88229,43.57444],[-5.87739,43.5701],[-5.88284,43.5574],[-5.87522,43.5555],[-5.87549,43.55427],[-5.87288,43.55347],[-5.86841,43.55573],[-5.86316,43.55577],[-5.85618,43.55213],[-5.84214,43.56054],[-5.83267,43.56326],[-5.83297,43.56492],[-5.82253,43.57112],[-5.79827,43.5805],[-5.79558,43.58339],[-5.78154,43.5915],[-5.77563,43.59209],[-5.77409,43.59949],[-5.77185,43.60049],[-5.77073,43.6007]]],[[[-5.85625,43.65782],[-5.85547,43.65676],[-5.85566,43.65825],[-5.85625,43.65782]]]]}},{"type":"Feature","properties":{"mun_code":"33035","mun_name":"Llanera","mun_name_local":null,"prov_code":"33","prov_name":"Asturias","acom_code":"03","acom_name":"Principado de Asturias","geo_point_2d":{"lon":-5.861926994448891,"lat":43.45362136027632}},"geometry":{"type":"Polygon","coordinates":[[[-5.96768,43.47236],[-5.96191,43.47061],[-5.96289,43.46923],[-5.95782,43.46573],[-5.95384,43.46057],[-5.94904,43.45825],[-5.94257,43.45056],[-5.94097,43.44662],[-5.94274,43.44245],[-5.93735,43.44094],[-5.9278,43.44101],[-5.92738,43.44197],[-5.91862,43.4367],[-5.9224,43.42873],[-5.92022,43.42473],[-5.90857,43.41795],[-5.90809,43.4159],[-5.90252,43.41761],[-5.89592,43.41619],[-5.89103,43.419],[-5.88738,43.4182],[-5.88582,43.41597],[-5.88851,43.4127],[-5.88538,43.40822],[-5.88183,43.41056],[-5.88216,43.41466],[-5.87632,43.42034],[-5.88192,43.42581],[-5.87705,43.42732],[-5.87492,43.42712],[-5.87291,43.423],[-5.87008,43.42139],[-5.86114,43.41985],[-5.8621,43.41778],[-5.86797,43.41399],[-5.86811,43.4116],[-5.86584,43.40948],[-5.86409,43.40992],[-5.86239,43.41406],[-5.85784,43.41108],[-5.85666,43.4084],[-5.8479,43.40854],[-5.84682,43.41321],[-5.8448,43.41404],[-5.84191,43.41181],[-5.84179,43.40918],[-5.83575,43.41068],[-5.83169,43.41495],[-5.82598,43.41595],[-5.81853,43.4133],[-5.81028,43.41638],[-5.80907,43.41248],[-5.8014,43.41211],[-5.79148,43.42119],[-5.78832,43.42911],[-5.78191,43.43031],[-5.77932,43.42877],[-5.77334,43.4377],[-5.76705,43.43793],[-5.76508,43.44114],[-5.75824,43.44613],[-5.75655,43.45154],[-5.75872,43.45593],[-5.76592,43.46138],[-5.78023,43.46368],[-5.78713,43.47085],[-5.78716,43.47608],[-5.79033,43.47513],[-5.79766,43.48029],[-5.80127,43.48009],[-5.80376,43.48263],[-5.80359,43.48516],[-5.81121,43.48583],[-5.81114,43.49038],[-5.8183,43.49109],[-5.8264,43.48039],[-5.82945,43.48008],[-5.83555,43.48422],[-5.84041,43.48519],[-5.84445,43.48285],[-5.84996,43.48214],[-5.85352,43.47827],[-5.87384,43.48581],[-5.88693,43.49228],[-5.89933,43.49342],[-5.90462,43.5011],[-5.91652,43.49807],[-5.93626,43.4889],[-5.94078,43.49222],[-5.94375,43.49126],[-5.95373,43.48642],[-5.95648,43.47979],[-5.96035,43.47692],[-5.96819,43.47474],[-5.9683,43.47349],[-5.96768,43.47236]]]}},{"type":"Feature","properties":{"mun_code":"33044","mun_name":"Oviedo","mun_name_local":null,"prov_code":"33","prov_name":"Asturias","acom_code":"03","acom_name":"Principado de Asturias","geo_point_2d":{"lon":-5.8736178004044755,"lat":43.349708447628196}},"geometry":{"type":"Polygon","coordinates":[[[-6.00034,43.30251],[-5.99636,43.306],[-5.99029,43.30418],[-5.98127,43.3088],[-5.97694,43.30907],[-5.96553,43.31976],[-5.96249,43.31154],[-5.95257,43.29906],[-5.94475,43.30348],[-5.94225,43.30287],[-5.92997,43.30895],[-5.92073,43.31558],[-5.9191,43.31908],[-5.9178,43.31748],[-5.91368,43.31813],[-5.90926,43.3207],[-5.90611,43.31948],[-5.9044,43.32169],[-5.88671,43.32158],[-5.87712,43.32696],[-5.87389,43.3272],[-5.86842,43.32098],[-5.86786,43.31701],[-5.87081,43.31277],[-5.86762,43.30817],[-5.8633,43.30742],[-5.85469,43.31083],[-5.84866,43.31091],[-5.84039,43.31741],[-5.84327,43.31958],[-5.8433,43.32822],[-5.83994,43.32434],[-5.83217,43.32153],[-5.83107,43.31989],[-5.83819,43.31094],[-5.83736,43.30913],[-5.84555,43.30287],[-5.84538,43.30138],[-5.83348,43.29734],[-5.83577,43.29332],[-5.82915,43.29129],[-5.83959,43.28437],[-5.8366,43.28542],[-5.83024,43.28502],[-5.82089,43.2879],[-5.81289,43.28871],[-5.80623,43.28707],[-5.80142,43.2828],[-5.79222,43.2797],[-5.78349,43.27916],[-5.77096,43.2882],[-5.77379,43.29594],[-5.77369,43.30189],[-5.76725,43.30621],[-5.7633,43.30694],[-5.7609,43.30968],[-5.76013,43.3136],[-5.75619,43.31855],[-5.75852,43.3253],[-5.75783,43.32884],[-5.75494,43.33089],[-5.75513,43.33341],[-5.75057,43.33874],[-5.74428,43.33379],[-5.74252,43.33486],[-5.74452,43.33737],[-5.74239,43.33935],[-5.74255,43.34176],[-5.74303,43.34324],[-5.7552,43.34699],[-5.76932,43.34607],[-5.77234,43.34471],[-5.77754,43.34586],[-5.77669,43.35394],[-5.78154,43.35561],[-5.78152,43.36057],[-5.78392,43.36635],[-5.79388,43.3803],[-5.80607,43.38095],[-5.8053,43.38477],[-5.8081,43.38563],[-5.80843,43.38809],[-5.81385,43.38854],[-5.81836,43.39068],[-5.81702,43.39306],[-5.82038,43.3939],[-5.82085,43.40168],[-5.82229,43.4009],[-5.82387,43.40245],[-5.8237,43.40464],[-5.82944,43.41285],[-5.82255,43.41346],[-5.82135,43.41404],[-5.8227,43.41532],[-5.83085,43.41522],[-5.83575,43.41068],[-5.84179,43.40918],[-5.84191,43.41181],[-5.84543,43.41403],[-5.8474,43.40889],[-5.85142,43.40782],[-5.85705,43.40858],[-5.85784,43.41108],[-5.86239,43.41406],[-5.86409,43.40992],[-5.86584,43.40948],[-5.86811,43.4116],[-5.86797,43.41399],[-5.8621,43.41778],[-5.86114,43.41985],[-5.87008,43.42139],[-5.87291,43.423],[-5.87492,43.42712],[-5.87705,43.42732],[-5.88192,43.42581],[-5.87632,43.42034],[-5.88216,43.41466],[-5.88183,43.41056],[-5.88538,43.40822],[-5.88851,43.4127],[-5.88582,43.41597],[-5.88738,43.4182],[-5.89103,43.419],[-5.89592,43.41619],[-5.90252,43.41761],[-5.90809,43.4159],[-5.90857,43.41795],[-5.92022,43.42473],[-5.93102,43.39795],[-5.93417,43.39585],[-5.93903,43.39862],[-5.94306,43.39643],[-5.9422,43.39448],[-5.9351,43.39308],[-5.93879,43.38855],[-5.92942,43.38691],[-5.92922,43.38541],[-5.93483,43.37916],[-5.93246,43.37759],[-5.92775,43.37939],[-5.92792,43.37345],[-5.93993,43.36774],[-5.94382,43.37254],[-5.95059,43.37111],[-5.95539,43.37417],[-5.95726,43.37271],[-5.95718,43.36991],[-5.96276,43.36835],[-5.96343,43.37016],[-5.95949,43.37473],[-5.96221,43.37831],[-5.96118,43.3812],[-5.96818,43.37885],[-5.96944,43.37999],[-5.96669,43.38338],[-5.96748,43.38424],[-5.97008,43.38415],[-5.9717,43.38001],[-5.97749,43.38355],[-5.98,43.37742],[-5.97154,43.37307],[-5.97186,43.37145],[-5.97566,43.37033],[-5.97583,43.3674],[-5.97409,43.36301],[-5.97125,43.36285],[-5.96954,43.36127],[-5.97659,43.35484],[-5.98922,43.35044],[-6.00227,43.34177],[-6.00445,43.33863],[-6.01011,43.33588],[-6.01285,43.33664],[-6.01694,43.33242],[-6.0134,43.32436],[-6.00463,43.31445],[-6.00222,43.30822],[-6.00034,43.30251]]]}},{"type":"Feature","properties":{"mun_code":"33029","mun_name":"Illano","mun_name_local":null,"prov_code":"33","prov_name":"Asturias","acom_code":"03","acom_name":"Principado de Asturias","geo_point_2d":{"lon":-6.849944498816075,"lat":43.340673360535014}},"geometry":{"type":"Polygon","coordinates":[[[-6.941,43.37312],[-6.93024,43.35695],[-6.92696,43.35802],[-6.92436,43.3571],[-6.92116,43.35251],[-6.92367,43.34702],[-6.91844,43.33261],[-6.92092,43.3234],[-6.90868,43.32181],[-6.89854,43.32331],[-6.89431,43.3262],[-6.88256,43.31193],[-6.86922,43.3099],[-6.8657,43.30588],[-6.84605,43.30283],[-6.84516,43.29848],[-6.83239,43.29756],[-6.83243,43.29036],[-6.82844,43.28599],[-6.8318,43.28028],[-6.83056,43.27649],[-6.81529,43.28396],[-6.80182,43.28614],[-6.79147,43.29033],[-6.78222,43.30051],[-6.77831,43.30153],[-6.77384,43.30573],[-6.77315,43.30793],[-6.76493,43.31416],[-6.75767,43.31676],[-6.75649,43.3183],[-6.75964,43.32156],[-6.78168,43.33155],[-6.78326,43.33642],[-6.78179,43.33979],[-6.77873,43.34077],[-6.77514,43.34956],[-6.78332,43.34802],[-6.78966,43.35399],[-6.79805,43.35611],[-6.80262,43.36263],[-6.81388,43.37182],[-6.81905,43.37431],[-6.83177,43.3764],[-6.83005,43.3796],[-6.832,43.38288],[-6.85535,43.38274],[-6.87473,43.37891],[-6.88164,43.37936],[-6.87539,43.38947],[-6.87381,43.39498],[-6.87804,43.3987],[-6.88939,43.39882],[-6.89468,43.39542],[-6.89846,43.38969],[-6.9045,43.38597],[-6.90433,43.38461],[-6.91853,43.38593],[-6.92585,43.38303],[-6.92737,43.38045],[-6.93329,43.38201],[-6.93942,43.37803],[-6.94006,43.37305],[-6.941,43.37312]]]}},{"type":"Feature","properties":{"mun_code":"33052","mun_name":"Proaza","mun_name_local":null,"prov_code":"33","prov_name":"Asturias","acom_code":"03","acom_name":"Principado de Asturias","geo_point_2d":{"lon":-6.043908184783564,"lat":43.22807341204665}},"geometry":{"type":"Polygon","coordinates":[[[-6.10464,43.23548],[-6.09315,43.22648],[-6.09591,43.22194],[-6.09329,43.21818],[-6.09711,43.21354],[-6.09723,43.20967],[-6.09912,43.20741],[-6.09623,43.2042],[-6.09655,43.19519],[-6.09273,43.18951],[-6.08138,43.18451],[-6.07042,43.17366],[-6.06442,43.17038],[-6.05115,43.16764],[-6.04307,43.16794],[-6.0347,43.17155],[-6.03263,43.18029],[-6.02698,43.18047],[-6.02415,43.18245],[-6.0292,43.18718],[-6.02882,43.1931],[-6.02568,43.19849],[-6.02329,43.19954],[-6.02055,43.21833],[-6.01176,43.21845],[-6.00426,43.22243],[-5.99356,43.23063],[-5.99456,43.23127],[-5.99246,43.23543],[-5.97987,43.23433],[-5.97505,43.23563],[-5.97335,43.24867],[-5.9816,43.25163],[-5.98218,43.2538],[-5.97857,43.26692],[-5.99053,43.26663],[-5.99156,43.26844],[-5.9946,43.26936],[-5.99435,43.26789],[-6.00663,43.25681],[-6.00941,43.2604],[-6.00565,43.26337],[-6.0045,43.26823],[-6.01104,43.27018],[-6.0134,43.27362],[-6.02146,43.27597],[-6.01945,43.27943],[-6.02224,43.28135],[-6.021,43.2873],[-6.02369,43.28757],[-6.0273,43.28589],[-6.03179,43.28684],[-6.03324,43.2844],[-6.03612,43.28503],[-6.04406,43.27499],[-6.04931,43.27261],[-6.05587,43.26646],[-6.05782,43.26949],[-6.06712,43.25999],[-6.0696,43.25942],[-6.0795,43.2613],[-6.07912,43.25696],[-6.08796,43.24505],[-6.10322,43.23625],[-6.10464,43.23548]]]}},{"type":"Feature","properties":{"mun_code":"33019","mun_name":"Colunga","mun_name_local":null,"prov_code":"33","prov_name":"Asturias","acom_code":"03","acom_name":"Principado de Asturias","geo_point_2d":{"lon":-5.284419636654651,"lat":43.468339325074815}},"geometry":{"type":"MultiPolygon","coordinates":[[[[-5.31203,43.53333],[-5.31288,43.5268],[-5.31107,43.51934],[-5.31547,43.51556],[-5.32595,43.51302],[-5.33493,43.50822],[-5.33727,43.5056],[-5.33887,43.49182],[-5.34399,43.48744],[-5.34447,43.48106],[-5.33785,43.47292],[-5.33599,43.46674],[-5.3422,43.46007],[-5.33611,43.45073],[-5.33939,43.43688],[-5.33976,43.42676],[-5.33882,43.42819],[-5.32423,43.42231],[-5.31895,43.41511],[-5.31394,43.41401],[-5.31143,43.41608],[-5.29708,43.41195],[-5.28475,43.41254],[-5.28043,43.41379],[-5.26944,43.42595],[-5.26944,43.42764],[-5.26453,43.4307],[-5.25793,43.43009],[-5.25148,43.43252],[-5.24972,43.4306],[-5.24303,43.43195],[-5.2396,43.43098],[-5.2327,43.43188],[-5.23158,43.43333],[-5.22949,43.43223],[-5.2267,43.43612],[-5.22102,43.43954],[-5.20071,43.43797],[-5.21572,43.45288],[-5.21591,43.47484],[-5.21881,43.47686],[-5.22143,43.47689],[-5.22473,43.47977],[-5.22414,43.48429],[-5.22699,43.4865],[-5.23028,43.48581],[-5.23299,43.48958],[-5.24271,43.49355],[-5.25013,43.50109],[-5.26422,43.50427],[-5.26825,43.50699],[-5.26985,43.5095],[-5.26723,43.51221],[-5.26792,43.51564],[-5.2653,43.51719],[-5.26439,43.51544],[-5.26402,43.51704],[-5.26657,43.51871],[-5.26541,43.51859],[-5.27452,43.52195],[-5.2795,43.5263],[-5.29162,43.53127],[-5.2957,43.53524],[-5.30331,43.53519],[-5.30876,43.53238],[-5.31172,43.53352],[-5.31203,43.53333]]]]}},{"type":"Feature","properties":{"mun_code":"33010","mun_name":"Candamo","mun_name_local":null,"prov_code":"33","prov_name":"Asturias","acom_code":"03","acom_name":"Principado de Asturias","geo_point_2d":{"lon":-6.056017637983736,"lat":43.44871312946091}},"geometry":{"type":"Polygon","coordinates":[[[-6.12129,43.44401],[-6.11873,43.43494],[-6.11065,43.42907],[-6.11529,43.41078],[-6.10982,43.41004],[-6.10731,43.40711],[-6.10213,43.40552],[-6.09758,43.40631],[-6.09221,43.40183],[-6.08925,43.40697],[-6.08208,43.41232],[-6.07163,43.41094],[-6.06444,43.40222],[-6.06237,43.40319],[-6.05834,43.40209],[-6.04501,43.4035],[-6.03558,43.40281],[-6.03381,43.40865],[-6.02993,43.41225],[-6.0256,43.42183],[-6.02097,43.42463],[-6.01495,43.43269],[-6.01487,43.44034],[-6.01195,43.44696],[-6.00335,43.45473],[-5.98839,43.47343],[-5.9989,43.48176],[-6.00834,43.48169],[-6.01049,43.48973],[-6.01709,43.4946],[-6.01285,43.49831],[-6.01304,43.49969],[-6.01908,43.50422],[-6.01891,43.5063],[-6.02172,43.5093],[-6.03015,43.50269],[-6.03292,43.49602],[-6.04085,43.4977],[-6.04533,43.49573],[-6.04885,43.49014],[-6.04878,43.48691],[-6.04707,43.48561],[-6.05114,43.48023],[-6.05547,43.48178],[-6.0567,43.48103],[-6.06149,43.48418],[-6.06473,43.48414],[-6.07876,43.47605],[-6.0856,43.47549],[-6.08697,43.47263],[-6.09847,43.46876],[-6.09645,43.46629],[-6.09846,43.46377],[-6.10548,43.46251],[-6.11917,43.44551],[-6.12129,43.44401]]]}},{"type":"Feature","properties":{"mun_code":"33076","mun_name":"Villaviciosa","mun_name_local":null,"prov_code":"33","prov_name":"Asturias","acom_code":"03","acom_name":"Principado de Asturias","geo_point_2d":{"lon":-5.459354507214942,"lat":43.48500470084745}},"geometry":{"type":"MultiPolygon","coordinates":[[[[-5.31203,43.53333],[-5.31948,43.53301],[-5.32658,43.5343],[-5.3375,43.53262],[-5.34712,43.5349],[-5.35332,43.53088],[-5.36568,43.5334],[-5.37172,43.5397],[-5.37362,43.53908],[-5.37442,43.53553],[-5.37607,43.53473],[-5.38583,43.53516],[-5.38703,43.53402],[-5.38556,43.53014],[-5.38699,43.53013],[-5.38798,43.53594],[-5.38822,43.52974],[-5.38973,43.53196],[-5.38922,43.53608],[-5.38758,43.53703],[-5.38889,43.54043],[-5.39936,43.54411],[-5.39936,43.54552],[-5.39707,43.54533],[-5.39776,43.55027],[-5.41325,43.55487],[-5.43239,43.54997],[-5.44023,43.55262],[-5.45039,43.55088],[-5.47263,43.55139],[-5.4838,43.5469],[-5.49229,43.54548],[-5.49378,43.54402],[-5.49906,43.54951],[-5.50304,43.55007],[-5.50848,43.5487],[-5.51824,43.55183],[-5.52553,43.54947],[-5.52705,43.54631],[-5.52982,43.54565],[-5.53408,43.54754],[-5.5478,43.55004],[-5.56281,43.54913],[-5.56812,43.55077],[-5.57114,43.54977],[-5.57538,43.55033],[-5.57929,43.54872],[-5.58827,43.55008],[-5.58887,43.54822],[-5.59129,43.54786],[-5.59028,43.54519],[-5.58361,43.53799],[-5.58727,43.5353],[-5.58694,43.5327],[-5.58037,43.52882],[-5.57718,43.52851],[-5.57408,43.5257],[-5.57551,43.51896],[-5.57044,43.51538],[-5.56794,43.50884],[-5.5648,43.50604],[-5.56521,43.50356],[-5.56288,43.50172],[-5.5656,43.50091],[-5.57052,43.50264],[-5.57418,43.49463],[-5.58494,43.48605],[-5.58346,43.4712],[-5.58551,43.44323],[-5.5798,43.43417],[-5.56481,43.42632],[-5.5559,43.42839],[-5.53863,43.42259],[-5.51173,43.42197],[-5.49975,43.41376],[-5.49648,43.41593],[-5.47526,43.41552],[-5.46972,43.41333],[-5.45577,43.41328],[-5.44779,43.41143],[-5.44349,43.41657],[-5.43658,43.41999],[-5.43697,43.42492],[-5.43288,43.43108],[-5.4334,43.43473],[-5.43522,43.43518],[-5.42357,43.43792],[-5.41206,43.4375],[-5.40969,43.43472],[-5.4004,43.43107],[-5.39673,43.42506],[-5.39249,43.42279],[-5.38917,43.42332],[-5.37658,43.42089],[-5.37594,43.41788],[-5.37288,43.41668],[-5.36946,43.40827],[-5.36615,43.40698],[-5.35908,43.41818],[-5.35651,43.41814],[-5.34776,43.42679],[-5.34303,43.42422],[-5.33976,43.42676],[-5.33939,43.43688],[-5.33611,43.45073],[-5.3422,43.46007],[-5.33599,43.46674],[-5.33785,43.47292],[-5.34447,43.48106],[-5.34399,43.48744],[-5.33887,43.49182],[-5.33727,43.5056],[-5.33493,43.50822],[-5.32595,43.51302],[-5.31547,43.51556],[-5.31107,43.51934],[-5.31288,43.5268],[-5.31221,43.53244],[-5.31203,43.53333]]],[[[-5.59085,43.54861],[-5.59167,43.54987],[-5.59098,43.54893],[-5.59085,43.54861]]]]}},{"type":"Feature","properties":{"mun_code":"33058","mun_name":"Riosa","mun_name_local":null,"prov_code":"33","prov_name":"Asturias","acom_code":"03","acom_name":"Principado de Asturias","geo_point_2d":{"lon":-5.891961288713758,"lat":43.21394955849631}},"geometry":{"type":"Polygon","coordinates":[[[-5.94792,43.22882],[-5.94247,43.22526],[-5.94289,43.21945],[-5.94076,43.21767],[-5.93523,43.2176],[-5.93239,43.20666],[-5.91864,43.19911],[-5.91666,43.18966],[-5.90827,43.17986],[-5.89635,43.17036],[-5.88885,43.16745],[-5.88295,43.16705],[-5.87646,43.17857],[-5.86732,43.18858],[-5.86764,43.19193],[-5.86269,43.1963],[-5.85895,43.19812],[-5.84609,43.19816],[-5.84785,43.20607],[-5.8463,43.21421],[-5.84746,43.22019],[-5.84612,43.2211],[-5.84578,43.22773],[-5.84344,43.22937],[-5.84445,43.23515],[-5.84267,43.2378],[-5.84543,43.23597],[-5.85252,43.23523],[-5.85909,43.23794],[-5.86207,43.24207],[-5.87163,43.24259],[-5.87781,43.24063],[-5.87748,43.2427],[-5.88321,43.24336],[-5.88887,43.24836],[-5.89085,43.24797],[-5.89829,43.25076],[-5.90692,43.24899],[-5.91084,43.24445],[-5.92471,43.24268],[-5.93002,43.24073],[-5.93073,43.23886],[-5.94139,43.23514],[-5.93914,43.23127],[-5.94694,43.22883],[-5.94792,43.22882]]]}},{"type":"Feature","properties":{"mun_code":"33033","mun_name":"Lena","mun_name_local":null,"prov_code":"33","prov_name":"Asturias","acom_code":"03","acom_name":"Principado de Asturias","geo_point_2d":{"lon":-5.821702401959713,"lat":43.07331970282117}},"geometry":{"type":"Polygon","coordinates":[[[-5.95985,43.029],[-5.95653,43.01763],[-5.94306,43.0143],[-5.93843,43.01127],[-5.93345,43.01072],[-5.93135,43.00595],[-5.92963,43.00497],[-5.92527,43.00579],[-5.92543,43.00402],[-5.91826,43.00192],[-5.91327,42.99766],[-5.91275,42.99242],[-5.90472,42.99037],[-5.88719,42.99409],[-5.89191,42.9892],[-5.89204,42.98503],[-5.88849,42.97919],[-5.87968,42.98111],[-5.87329,42.97939],[-5.86173,42.98169],[-5.86192,42.97958],[-5.85495,42.9752],[-5.85002,42.96746],[-5.84298,42.96426],[-5.83972,42.9662],[-5.83447,42.96563],[-5.82371,42.96771],[-5.81951,42.96627],[-5.80927,42.9657],[-5.80401,42.96262],[-5.8009,42.9652],[-5.79015,42.96796],[-5.77901,42.96702],[-5.76607,42.96894],[-5.76028,42.97267],[-5.76346,42.9755],[-5.76404,42.98205],[-5.76641,42.98588],[-5.76065,42.99008],[-5.75939,42.99867],[-5.75015,43.00612],[-5.75029,43.01213],[-5.74826,43.01726],[-5.74406,43.02048],[-5.74015,43.02051],[-5.73577,43.02253],[-5.73484,43.03304],[-5.72909,43.0377],[-5.72826,43.04249],[-5.72132,43.04257],[-5.71044,43.04893],[-5.70275,43.05075],[-5.6931,43.05634],[-5.68838,43.05687],[-5.68754,43.06659],[-5.69011,43.07062],[-5.69421,43.07217],[-5.69918,43.07936],[-5.70285,43.08714],[-5.70313,43.09211],[-5.72035,43.10029],[-5.73267,43.10785],[-5.73952,43.10962],[-5.74366,43.1132],[-5.76009,43.11804],[-5.76727,43.13793],[-5.77718,43.14173],[-5.77939,43.1459],[-5.7894,43.15524],[-5.79003,43.163],[-5.77144,43.18111],[-5.77795,43.19055],[-5.78461,43.1911],[-5.78717,43.19339],[-5.79332,43.18897],[-5.79775,43.18756],[-5.8051,43.19488],[-5.81689,43.2016],[-5.84047,43.20288],[-5.84368,43.19823],[-5.85895,43.19812],[-5.86332,43.19579],[-5.86764,43.19193],[-5.86732,43.18858],[-5.87646,43.17857],[-5.88295,43.16705],[-5.88885,43.16745],[-5.89556,43.16367],[-5.90613,43.16115],[-5.9055,43.1559],[-5.90835,43.14939],[-5.90587,43.14366],[-5.90102,43.13306],[-5.89898,43.13201],[-5.89809,43.13361],[-5.88989,43.1249],[-5.88923,43.11875],[-5.88385,43.11034],[-5.88358,43.10383],[-5.8883,43.09603],[-5.88068,43.08662],[-5.8815,43.08184],[-5.88624,43.07876],[-5.88052,43.07436],[-5.88462,43.06674],[-5.88334,43.06105],[-5.88002,43.0597],[-5.88147,43.05578],[-5.88843,43.05219],[-5.89767,43.05212],[-5.90437,43.05047],[-5.90629,43.05171],[-5.90909,43.05031],[-5.9138,43.05328],[-5.91409,43.05558],[-5.91636,43.05409],[-5.91808,43.05775],[-5.92187,43.0587],[-5.92329,43.05708],[-5.92614,43.05713],[-5.92804,43.05398],[-5.92542,43.04986],[-5.92681,43.04663],[-5.93576,43.04319],[-5.93775,43.03466],[-5.94231,43.03266],[-5.94615,43.03297],[-5.95316,43.02902],[-5.95962,43.0291],[-5.95985,43.029]]]}},{"type":"Feature","properties":{"mun_code":"33041","mun_name":"Navia","mun_name_local":null,"prov_code":"33","prov_name":"Asturias","acom_code":"03","acom_name":"Principado de Asturias","geo_point_2d":{"lon":-6.6761338754017885,"lat":43.52932004930366}},"geometry":{"type":"MultiPolygon","coordinates":[[[[-6.66004,43.56781],[-6.65918,43.56941],[-6.6612,43.56898],[-6.6605,43.5679],[-6.66004,43.56781]]],[[[-6.72493,43.55632],[-6.72598,43.536],[-6.72373,43.53019],[-6.73187,43.52592],[-6.73232,43.52006],[-6.73614,43.5138],[-6.72619,43.5123],[-6.72162,43.5094],[-6.72649,43.50649],[-6.73271,43.50979],[-6.73614,43.50918],[-6.7344,43.50653],[-6.73538,43.49979],[-6.73113,43.50104],[-6.72866,43.49931],[-6.73307,43.49832],[-6.73256,43.49681],[-6.72498,43.49364],[-6.72089,43.49723],[-6.71522,43.4993],[-6.70958,43.49862],[-6.70112,43.49311],[-6.69149,43.49476],[-6.67624,43.49114],[-6.66464,43.49296],[-6.66038,43.48976],[-6.65429,43.48965],[-6.64793,43.48763],[-6.64596,43.48475],[-6.64336,43.48511],[-6.64099,43.49421],[-6.63793,43.49731],[-6.63652,43.50566],[-6.63205,43.50656],[-6.63101,43.50857],[-6.63394,43.51126],[-6.63684,43.51124],[-6.6385,43.5126],[-6.6364,43.5125],[-6.63682,43.51456],[-6.63418,43.51653],[-6.63179,43.5164],[-6.6295,43.51976],[-6.63108,43.52114],[-6.62519,43.52414],[-6.62244,43.52757],[-6.62347,43.53027],[-6.62622,43.52978],[-6.62948,43.53133],[-6.62942,43.53266],[-6.63248,43.53168],[-6.6323,43.53276],[-6.63412,43.533],[-6.63526,43.53138],[-6.63857,43.53398],[-6.63379,43.53632],[-6.62777,43.54404],[-6.62518,43.54531],[-6.62581,43.54727],[-6.62349,43.54882],[-6.61972,43.55643],[-6.61399,43.55945],[-6.61966,43.5593],[-6.61663,43.56289],[-6.61602,43.56637],[-6.62024,43.56562],[-6.62232,43.56769],[-6.62174,43.56984],[-6.62631,43.5729],[-6.62772,43.57254],[-6.62646,43.57156],[-6.62813,43.56903],[-6.63261,43.56997],[-6.63208,43.56733],[-6.63384,43.56877],[-6.64363,43.56893],[-6.6456,43.56442],[-6.6457,43.56614],[-6.64978,43.5678],[-6.65644,43.56602],[-6.65591,43.56712],[-6.65857,43.5673],[-6.66315,43.56626],[-6.66363,43.56447],[-6.66475,43.5661],[-6.66634,43.56568],[-6.66802,43.56368],[-6.67408,43.56168],[-6.67468,43.56018],[-6.68393,43.55977],[-6.68476,43.55866],[-6.68802,43.55904],[-6.68842,43.56048],[-6.69086,43.55963],[-6.69081,43.56255],[-6.69806,43.56029],[-6.69768,43.56375],[-6.70076,43.56268],[-6.70144,43.56392],[-6.70346,43.56382],[-6.70855,43.56166],[-6.7095,43.56411],[-6.72071,43.55626],[-6.72459,43.556],[-6.72493,43.55632]]]]}},{"type":"Feature","properties":{"mun_code":"33070","mun_name":"Tapia","mun_name_local":null,"prov_code":"33","prov_name":"Asturias","acom_code":"03","acom_name":"Principado de Asturias","geo_point_2d":{"lon":-6.922478330389458,"lat":43.525408651866826}},"geometry":{"type":"MultiPolygon","coordinates":[[[[-6.98853,43.55779],[-6.98656,43.5589],[-6.98916,43.55915],[-6.98877,43.55786],[-6.98853,43.55779]]],[[[-6.98732,43.55939],[-6.98482,43.56167],[-6.9871,43.56114],[-6.98769,43.55942],[-6.98732,43.55939]]],[[[-6.95848,43.56464],[-6.95734,43.56512],[-6.95848,43.56478],[-6.95848,43.56464]]],[[[-6.99639,43.55408],[-6.99527,43.55195],[-6.98972,43.54995],[-6.98633,43.54033],[-6.98236,43.53928],[-6.98273,43.53321],[-6.97921,43.52964],[-6.9616,43.5323],[-6.96366,43.53598],[-6.95996,43.53926],[-6.95515,43.53925],[-6.94544,43.54282],[-6.94542,43.54386],[-6.93976,43.54438],[-6.93433,43.54042],[-6.93241,43.53639],[-6.93032,43.53701],[-6.92261,43.53417],[-6.92203,43.52866],[-6.92611,43.52076],[-6.93227,43.52053],[-6.9405,43.52834],[-6.94469,43.52337],[-6.94226,43.51962],[-6.93585,43.51536],[-6.93431,43.51196],[-6.93438,43.50893],[-6.93764,43.50627],[-6.9464,43.51027],[-6.95239,43.51144],[-6.95947,43.50319],[-6.96554,43.50901],[-6.96607,43.50781],[-6.9666,43.50253],[-6.96169,43.49899],[-6.95587,43.4906],[-6.9566,43.48775],[-6.95441,43.48419],[-6.95778,43.47556],[-6.95268,43.47642],[-6.94541,43.4751],[-6.93519,43.47737],[-6.94256,43.46246],[-6.93487,43.46509],[-6.92992,43.46838],[-6.91706,43.48206],[-6.91718,43.48486],[-6.91391,43.48602],[-6.90945,43.4859],[-6.90538,43.48319],[-6.90663,43.47968],[-6.89687,43.47713],[-6.89623,43.47373],[-6.89233,43.47193],[-6.88958,43.46759],[-6.88446,43.48741],[-6.87803,43.49349],[-6.87263,43.50624],[-6.87583,43.50656],[-6.87727,43.50865],[-6.88279,43.51066],[-6.88546,43.51065],[-6.88637,43.51263],[-6.87671,43.52142],[-6.87741,43.52338],[-6.88434,43.52601],[-6.88287,43.53078],[-6.87791,43.53457],[-6.8746,43.54209],[-6.87805,43.54163],[-6.87801,43.54377],[-6.87529,43.54465],[-6.8754,43.55157],[-6.88153,43.55775],[-6.87758,43.55844],[-6.87613,43.56199],[-6.87729,43.56357],[-6.88395,43.56609],[-6.88622,43.56558],[-6.88525,43.56756],[-6.88925,43.5695],[-6.89332,43.56807],[-6.89988,43.57092],[-6.90302,43.57006],[-6.90099,43.56981],[-6.90362,43.56821],[-6.90661,43.56862],[-6.90768,43.56652],[-6.91012,43.56642],[-6.90937,43.56821],[-6.91117,43.5683],[-6.91077,43.56994],[-6.91396,43.57004],[-6.91416,43.57273],[-6.91998,43.57251],[-6.9209,43.57121],[-6.92408,43.57084],[-6.92538,43.57499],[-6.92618,43.57339],[-6.92878,43.57299],[-6.93005,43.57014],[-6.93103,43.57103],[-6.9317,43.56973],[-6.93461,43.57063],[-6.9369,43.56987],[-6.93644,43.57142],[-6.93848,43.57009],[-6.94058,43.57266],[-6.94608,43.57498],[-6.94768,43.57327],[-6.94561,43.57393],[-6.94447,43.57174],[-6.94704,43.57298],[-6.94905,43.57173],[-6.94818,43.5635],[-6.95107,43.56805],[-6.95379,43.56848],[-6.95542,43.56738],[-6.95345,43.56668],[-6.95611,43.5635],[-6.95867,43.5627],[-6.96068,43.56384],[-6.96027,43.56199],[-6.96376,43.56041],[-6.97101,43.56165],[-6.97087,43.5598],[-6.97406,43.55675],[-6.98018,43.55731],[-6.98114,43.55958],[-6.98643,43.55547],[-6.98897,43.5574],[-6.99088,43.55541],[-6.99267,43.55592],[-6.99305,43.55468],[-6.99601,43.55409],[-6.99639,43.55408]]],[[[-6.89099,43.57076],[-6.88999,43.57172],[-6.89081,43.57101],[-6.89099,43.57076]]],[[[-6.94739,43.57405],[-6.94686,43.57486],[-6.94769,43.57414],[-6.94739,43.57405]]]]}},{"type":"Feature","properties":{"mun_code":"33054","mun_name":"Las Regueras","mun_name_local":null,"prov_code":"33","prov_name":"Asturias","acom_code":"03","acom_name":"Principado de Asturias","geo_point_2d":{"lon":-5.9725041253704925,"lat":43.42126003054376}},"geometry":{"type":"Polygon","coordinates":[[[-6.03558,43.40281],[-6.02944,43.40298],[-6.02155,43.39447],[-6.01603,43.39624],[-6.01212,43.39557],[-6.00262,43.38857],[-6.00018,43.38842],[-5.99725,43.39129],[-5.99448,43.39179],[-5.98865,43.3884],[-5.98344,43.38972],[-5.97728,43.38849],[-5.97631,43.38529],[-5.97749,43.38355],[-5.97226,43.38008],[-5.96912,43.38469],[-5.96669,43.38338],[-5.96887,43.37905],[-5.96417,43.37939],[-5.96147,43.38144],[-5.96221,43.37831],[-5.95949,43.37473],[-5.96327,43.36846],[-5.95718,43.36991],[-5.95726,43.37271],[-5.95479,43.37425],[-5.95059,43.37111],[-5.94382,43.37254],[-5.94143,43.36856],[-5.93902,43.3678],[-5.93418,43.37143],[-5.92792,43.37345],[-5.92705,43.37818],[-5.92826,43.37948],[-5.93246,43.37759],[-5.93435,43.37853],[-5.92907,43.38634],[-5.93128,43.38782],[-5.93879,43.38855],[-5.9351,43.39308],[-5.9422,43.39448],[-5.94306,43.39643],[-5.93903,43.39862],[-5.93417,43.39585],[-5.93102,43.39795],[-5.92158,43.4196],[-5.92022,43.42473],[-5.9224,43.42873],[-5.91862,43.4367],[-5.92738,43.44197],[-5.9278,43.44101],[-5.93735,43.44094],[-5.94274,43.44245],[-5.94097,43.44662],[-5.94257,43.45056],[-5.94904,43.45825],[-5.95384,43.46057],[-5.95782,43.46573],[-5.96289,43.46923],[-5.96191,43.47061],[-5.96768,43.47236],[-5.97313,43.47151],[-5.97778,43.4749],[-5.98601,43.47437],[-5.98839,43.47343],[-6.00335,43.45473],[-6.01195,43.44696],[-6.01487,43.44034],[-6.01495,43.43269],[-6.02097,43.42463],[-6.0256,43.42183],[-6.03566,43.4033],[-6.03558,43.40281]]]}},{"type":"Feature","properties":{"mun_code":"33045","mun_name":"Parres","mun_name_local":null,"prov_code":"33","prov_name":"Asturias","acom_code":"03","acom_name":"Principado de Asturias","geo_point_2d":{"lon":-5.187824813407563,"lat":43.36657176548657}},"geometry":{"type":"Polygon","coordinates":[[[-5.26944,43.42595],[-5.26414,43.42443],[-5.26131,43.42052],[-5.24975,43.41498],[-5.24982,43.4101],[-5.23795,43.40034],[-5.23498,43.39175],[-5.22772,43.38432],[-5.23159,43.37829],[-5.22893,43.37386],[-5.23758,43.36584],[-5.23393,43.3635],[-5.23407,43.35787],[-5.23028,43.35585],[-5.22864,43.35179],[-5.22844,43.34844],[-5.23163,43.3437],[-5.22694,43.33592],[-5.23987,43.32642],[-5.24262,43.3261],[-5.23947,43.32164],[-5.23747,43.30952],[-5.23328,43.30546],[-5.23283,43.30307],[-5.22656,43.30104],[-5.22164,43.29669],[-5.22434,43.29461],[-5.22113,43.28285],[-5.21498,43.27823],[-5.20723,43.27687],[-5.18821,43.28816],[-5.17452,43.3003],[-5.17161,43.29965],[-5.16939,43.29718],[-5.16272,43.29801],[-5.16179,43.30167],[-5.15728,43.30409],[-5.14253,43.30035],[-5.13115,43.30247],[-5.13303,43.30404],[-5.13116,43.30687],[-5.13044,43.31643],[-5.13444,43.31977],[-5.13157,43.32421],[-5.13852,43.32358],[-5.14278,43.32587],[-5.13988,43.3274],[-5.13466,43.33547],[-5.13206,43.35419],[-5.1354,43.35884],[-5.14083,43.35954],[-5.15248,43.36546],[-5.14592,43.37297],[-5.1663,43.37255],[-5.17344,43.38133],[-5.17904,43.38362],[-5.17791,43.38674],[-5.18346,43.38557],[-5.18538,43.38657],[-5.18054,43.39084],[-5.18093,43.39515],[-5.1777,43.39669],[-5.17347,43.39719],[-5.16722,43.39478],[-5.15686,43.3952],[-5.15289,43.39798],[-5.14724,43.39845],[-5.14048,43.40105],[-5.13713,43.40291],[-5.13524,43.4073],[-5.1274,43.40744],[-5.1233,43.41133],[-5.11472,43.40859],[-5.11229,43.41393],[-5.10089,43.4105],[-5.09632,43.41125],[-5.09352,43.4134],[-5.09429,43.41668],[-5.09002,43.41854],[-5.08548,43.42453],[-5.09646,43.42784],[-5.1076,43.42588],[-5.11658,43.4302],[-5.12042,43.42908],[-5.12603,43.43009],[-5.13587,43.4254],[-5.14705,43.42643],[-5.15068,43.42431],[-5.15297,43.42002],[-5.16018,43.41731],[-5.16361,43.41981],[-5.16427,43.42369],[-5.16965,43.42611],[-5.16469,43.43061],[-5.16773,43.43351],[-5.17662,43.43901],[-5.17889,43.43858],[-5.1862,43.44108],[-5.18924,43.43892],[-5.19672,43.43919],[-5.19822,43.43791],[-5.22102,43.43954],[-5.2267,43.43612],[-5.22949,43.43223],[-5.23158,43.43333],[-5.2327,43.43188],[-5.2396,43.43098],[-5.24303,43.43195],[-5.24972,43.4306],[-5.25148,43.43252],[-5.25403,43.43237],[-5.25793,43.43009],[-5.26453,43.4307],[-5.26944,43.42764],[-5.26944,43.42595]]]}},{"type":"Feature","properties":{"mun_code":"33065","mun_name":"Sariego","mun_name_local":null,"prov_code":"33","prov_name":"Asturias","acom_code":"03","acom_name":"Principado de Asturias","geo_point_2d":{"lon":-5.551580503467786,"lat":43.41207047038845}},"geometry":{"type":"Polygon","coordinates":[[[-5.58551,43.44323],[-5.59482,43.43049],[-5.59756,43.42958],[-5.60062,43.42356],[-5.5938,43.41078],[-5.5737,43.4031],[-5.57529,43.39734],[-5.57342,43.39472],[-5.57629,43.39221],[-5.57298,43.39239],[-5.56773,43.38945],[-5.56568,43.39099],[-5.56208,43.38907],[-5.55456,43.39046],[-5.55263,43.39264],[-5.54854,43.39247],[-5.53409,43.39598],[-5.50784,43.39763],[-5.49637,43.40371],[-5.49969,43.40688],[-5.49648,43.41593],[-5.49975,43.41376],[-5.51173,43.42197],[-5.53863,43.42259],[-5.5559,43.42839],[-5.56481,43.42632],[-5.5798,43.43417],[-5.58551,43.44323]]]}},{"type":"Feature","properties":{"mun_code":"33068","mun_name":"Somiedo","mun_name_local":null,"prov_code":"33","prov_name":"Asturias","acom_code":"03","acom_name":"Principado de Asturias","geo_point_2d":{"lon":-6.249287347512105,"lat":43.09737946467183}},"geometry":{"type":"Polygon","coordinates":[[[-6.35962,43.15906],[-6.3591,43.15536],[-6.35586,43.15088],[-6.36504,43.15029],[-6.37259,43.14756],[-6.37729,43.13626],[-6.37486,43.13166],[-6.37662,43.12772],[-6.37237,43.11838],[-6.37408,43.11585],[-6.37344,43.10831],[-6.36594,43.10288],[-6.36295,43.1025],[-6.36696,43.09044],[-6.3636,43.08253],[-6.3662,43.07711],[-6.36216,43.0743],[-6.35839,43.0683],[-6.36003,43.06237],[-6.35792,43.05666],[-6.35089,43.0531],[-6.34893,43.05001],[-6.34072,43.04918],[-6.33822,43.0459],[-6.33316,43.04649],[-6.32987,43.04297],[-6.32945,43.0375],[-6.32649,43.03133],[-6.31368,43.0313],[-6.31131,43.02888],[-6.30338,43.02886],[-6.29517,43.02691],[-6.29035,43.03442],[-6.28519,43.03637],[-6.27359,43.02619],[-6.27017,43.0255],[-6.26903,43.02147],[-6.2637,43.01608],[-6.24272,43.0135],[-6.23887,43.01456],[-6.22681,43.00891],[-6.22991,43.02275],[-6.22568,43.02364],[-6.22632,43.02607],[-6.22261,43.02889],[-6.22273,43.03523],[-6.21897,43.03936],[-6.21897,43.04394],[-6.21574,43.04716],[-6.19507,43.04271],[-6.19082,43.04463],[-6.18765,43.0493],[-6.1784,43.0478],[-6.17111,43.04302],[-6.16741,43.04245],[-6.16259,43.03301],[-6.15932,43.03555],[-6.14841,43.0332],[-6.14683,43.03009],[-6.13951,43.02499],[-6.13667,43.02099],[-6.12038,43.02426],[-6.11253,43.02944],[-6.10613,43.02937],[-6.1014,43.03192],[-6.0969,43.03064],[-6.09506,43.03453],[-6.08982,43.03815],[-6.09004,43.04338],[-6.095,43.04888],[-6.09031,43.05822],[-6.09185,43.06692],[-6.08396,43.06991],[-6.08129,43.0759],[-6.08905,43.07962],[-6.09608,43.08753],[-6.11861,43.08823],[-6.12439,43.09032],[-6.12817,43.09573],[-6.13717,43.10272],[-6.13738,43.10616],[-6.1444,43.10631],[-6.14698,43.10792],[-6.1547,43.10887],[-6.17089,43.11646],[-6.17747,43.11815],[-6.18133,43.11699],[-6.18765,43.11788],[-6.19453,43.11393],[-6.20865,43.12209],[-6.20991,43.12645],[-6.20273,43.12563],[-6.19459,43.12898],[-6.19129,43.12909],[-6.18998,43.13327],[-6.19514,43.13736],[-6.19523,43.14077],[-6.19318,43.14339],[-6.20013,43.14834],[-6.19924,43.15048],[-6.20312,43.15248],[-6.20634,43.15725],[-6.20503,43.15885],[-6.21133,43.16337],[-6.21496,43.16417],[-6.21821,43.16782],[-6.21641,43.17198],[-6.21336,43.17232],[-6.21135,43.17452],[-6.2155,43.1762],[-6.21537,43.18371],[-6.22649,43.18167],[-6.22773,43.18584],[-6.23158,43.1873],[-6.23524,43.19336],[-6.24039,43.19673],[-6.24518,43.19368],[-6.25093,43.19287],[-6.25392,43.1901],[-6.26665,43.1865],[-6.26703,43.18142],[-6.27703,43.17366],[-6.29421,43.17691],[-6.29993,43.17624],[-6.30094,43.17508],[-6.31028,43.17716],[-6.31408,43.18024],[-6.33598,43.1853],[-6.34115,43.18944],[-6.3439,43.1818],[-6.3489,43.18005],[-6.35193,43.1748],[-6.35184,43.16926],[-6.35426,43.16278],[-6.35949,43.15985],[-6.35962,43.15906]]]}},{"type":"Feature","properties":{"mun_code":"33002","mun_name":"Aller","mun_name_local":null,"prov_code":"33","prov_name":"Asturias","acom_code":"03","acom_name":"Principado de Asturias","geo_point_2d":{"lon":-5.595633996512627,"lat":43.10871975564934}},"geometry":{"type":"Polygon","coordinates":[[[-5.77144,43.18111],[-5.79003,43.163],[-5.7894,43.15524],[-5.77939,43.1459],[-5.77718,43.14173],[-5.76727,43.13793],[-5.76009,43.11804],[-5.74366,43.1132],[-5.73952,43.10962],[-5.73267,43.10785],[-5.72035,43.10029],[-5.70313,43.09211],[-5.70285,43.08714],[-5.69918,43.07936],[-5.69421,43.07217],[-5.69011,43.07062],[-5.68754,43.06659],[-5.68892,43.05906],[-5.68744,43.05598],[-5.67699,43.05207],[-5.67226,43.05244],[-5.66544,43.04791],[-5.66026,43.04708],[-5.65952,43.04546],[-5.65039,43.04443],[-5.64314,43.0378],[-5.63884,43.03834],[-5.6367,43.03501],[-5.62626,43.03383],[-5.61361,43.03537],[-5.60906,43.03412],[-5.60395,43.03579],[-5.59546,43.03326],[-5.59133,43.03425],[-5.5807,43.03205],[-5.57477,43.0321],[-5.56978,43.02208],[-5.55825,43.02238],[-5.55583,43.02031],[-5.54873,43.02021],[-5.54079,43.01829],[-5.53037,43.02243],[-5.52893,43.02578],[-5.52693,43.02639],[-5.50629,43.02857],[-5.49682,43.02185],[-5.4938,43.02124],[-5.49103,43.02959],[-5.48597,43.0332],[-5.48151,43.04077],[-5.48074,43.05358],[-5.47559,43.05555],[-5.46678,43.05056],[-5.45435,43.05287],[-5.44818,43.05541],[-5.43392,43.05271],[-5.42104,43.05279],[-5.41692,43.05209],[-5.41272,43.04936],[-5.40589,43.04989],[-5.39857,43.04749],[-5.39045,43.04934],[-5.3831,43.08724],[-5.38539,43.08482],[-5.39485,43.08021],[-5.39908,43.08014],[-5.40096,43.08142],[-5.40407,43.07919],[-5.4089,43.07862],[-5.40909,43.08586],[-5.42047,43.09499],[-5.42203,43.1007],[-5.42717,43.10436],[-5.43844,43.10906],[-5.44057,43.12077],[-5.44708,43.12162],[-5.45277,43.12592],[-5.45998,43.12902],[-5.46367,43.13417],[-5.47856,43.12881],[-5.4829,43.1314],[-5.49766,43.13357],[-5.50126,43.13608],[-5.50241,43.14315],[-5.51673,43.15021],[-5.52034,43.15786],[-5.51936,43.16105],[-5.52289,43.16357],[-5.5339,43.16378],[-5.53647,43.16474],[-5.53719,43.16675],[-5.55323,43.16804],[-5.5584,43.17032],[-5.56116,43.1752],[-5.56548,43.17456],[-5.58145,43.16708],[-5.58555,43.16949],[-5.58929,43.17457],[-5.59844,43.17889],[-5.6055,43.1795],[-5.61305,43.18271],[-5.62556,43.1856],[-5.62744,43.18715],[-5.62698,43.19108],[-5.63154,43.19297],[-5.64498,43.19325],[-5.66874,43.19064],[-5.67929,43.19104],[-5.68708,43.18856],[-5.70177,43.19045],[-5.70877,43.18913],[-5.71677,43.19005],[-5.72115,43.18865],[-5.73454,43.19331],[-5.73861,43.19135],[-5.75542,43.19309],[-5.7603,43.18401],[-5.76959,43.18198],[-5.77144,43.18111]]]}},{"type":"Feature","properties":{"mun_code":"33015","mun_name":"Caso","mun_name_local":null,"prov_code":"33","prov_name":"Asturias","acom_code":"03","acom_name":"Principado de Asturias","geo_point_2d":{"lon":-5.3329934383866995,"lat":43.162200239923514}},"geometry":{"type":"Polygon","coordinates":[[[-5.46367,43.13417],[-5.45998,43.12902],[-5.45277,43.12592],[-5.44708,43.12162],[-5.44057,43.12077],[-5.43844,43.10906],[-5.42717,43.10436],[-5.42203,43.1007],[-5.42047,43.09499],[-5.40909,43.08586],[-5.4089,43.07862],[-5.40407,43.07919],[-5.40096,43.08142],[-5.39908,43.08014],[-5.39485,43.08021],[-5.38539,43.08482],[-5.3831,43.08724],[-5.37778,43.08833],[-5.36914,43.09458],[-5.36221,43.09531],[-5.34369,43.09385],[-5.33849,43.09094],[-5.34145,43.08378],[-5.32595,43.07945],[-5.31907,43.07976],[-5.31719,43.08272],[-5.3115,43.08416],[-5.30425,43.08248],[-5.30107,43.08003],[-5.28212,43.07743],[-5.28083,43.0811],[-5.27364,43.08602],[-5.2685,43.08756],[-5.25972,43.08744],[-5.25023,43.08918],[-5.24032,43.08856],[-5.2319,43.08438],[-5.22598,43.0855],[-5.22019,43.08365],[-5.20936,43.08717],[-5.19907,43.11201],[-5.19576,43.11492],[-5.19128,43.11513],[-5.18819,43.11724],[-5.19091,43.1231],[-5.19597,43.12874],[-5.19614,43.13149],[-5.20887,43.13598],[-5.21543,43.14415],[-5.21682,43.15476],[-5.21515,43.15837],[-5.21736,43.16573],[-5.21456,43.17282],[-5.22342,43.17565],[-5.23184,43.17589],[-5.23968,43.17831],[-5.25232,43.18532],[-5.25106,43.18878],[-5.25879,43.19783],[-5.24977,43.20658],[-5.24884,43.21116],[-5.27016,43.21789],[-5.28897,43.22663],[-5.28853,43.2319],[-5.28565,43.23657],[-5.2861,43.23989],[-5.29198,43.24888],[-5.29782,43.2516],[-5.3018,43.25145],[-5.30804,43.25604],[-5.31541,43.25736],[-5.31958,43.25541],[-5.32877,43.25411],[-5.33467,43.25067],[-5.33578,43.24849],[-5.35157,43.25448],[-5.36064,43.25323],[-5.3673,43.2504],[-5.37232,43.25746],[-5.37729,43.25819],[-5.37879,43.26227],[-5.38454,43.26436],[-5.38733,43.26775],[-5.39811,43.27182],[-5.40672,43.26997],[-5.40913,43.26814],[-5.41166,43.27085],[-5.41982,43.2707],[-5.41647,43.26583],[-5.41673,43.26064],[-5.41976,43.2607],[-5.42262,43.25733],[-5.42852,43.25537],[-5.41559,43.23931],[-5.41516,43.22806],[-5.42547,43.22676],[-5.42555,43.22244],[-5.42838,43.22043],[-5.43037,43.21495],[-5.42444,43.209],[-5.42638,43.20139],[-5.4208,43.19792],[-5.42078,43.19395],[-5.42386,43.18975],[-5.43335,43.18793],[-5.434,43.18064],[-5.43148,43.17682],[-5.43421,43.169],[-5.43806,43.16676],[-5.44001,43.16008],[-5.44536,43.15672],[-5.44956,43.14959],[-5.4608,43.14471],[-5.46017,43.14096],[-5.46317,43.13473],[-5.46367,43.13417]]]}},{"type":"Feature","properties":{"mun_code":"33005","mun_name":"Belmonte de Miranda","mun_name_local":null,"prov_code":"33","prov_name":"Asturias","acom_code":"03","acom_name":"Principado de Asturias","geo_point_2d":{"lon":-6.252915776724196,"lat":43.26819069267915}},"geometry":{"type":"Polygon","coordinates":[[[-6.34115,43.18944],[-6.33598,43.1853],[-6.31408,43.18024],[-6.31028,43.17716],[-6.30094,43.17508],[-6.29993,43.17624],[-6.29421,43.17691],[-6.27703,43.17366],[-6.26703,43.18142],[-6.26665,43.1865],[-6.25392,43.1901],[-6.25093,43.19287],[-6.24518,43.19368],[-6.24039,43.19673],[-6.23524,43.19336],[-6.23158,43.1873],[-6.22773,43.18584],[-6.22649,43.18167],[-6.21537,43.18371],[-6.2155,43.1762],[-6.21378,43.17512],[-6.21135,43.17452],[-6.19914,43.18071],[-6.20189,43.18837],[-6.19757,43.19517],[-6.20171,43.19885],[-6.19952,43.2024],[-6.20174,43.21519],[-6.19972,43.21732],[-6.20035,43.22924],[-6.19747,43.23036],[-6.19842,43.23291],[-6.19392,43.23994],[-6.19394,43.24849],[-6.19109,43.2521],[-6.18916,43.25984],[-6.1862,43.26171],[-6.19477,43.27858],[-6.19307,43.28041],[-6.18924,43.2813],[-6.19366,43.28672],[-6.19661,43.29738],[-6.19944,43.30011],[-6.19925,43.30448],[-6.19356,43.31134],[-6.1961,43.31294],[-6.19665,43.31745],[-6.19481,43.3199],[-6.19623,43.32146],[-6.18165,43.32628],[-6.18258,43.32758],[-6.17719,43.33132],[-6.17487,43.32971],[-6.17162,43.32979],[-6.17075,43.33128],[-6.16501,43.33343],[-6.16201,43.33751],[-6.15675,43.33867],[-6.15522,43.34149],[-6.14992,43.34419],[-6.13829,43.34636],[-6.13225,43.35369],[-6.13033,43.35913],[-6.13312,43.36494],[-6.13122,43.36729],[-6.13284,43.36834],[-6.14091,43.36831],[-6.15168,43.37104],[-6.15459,43.36594],[-6.16071,43.36123],[-6.16952,43.36021],[-6.17921,43.35567],[-6.19133,43.35666],[-6.19934,43.35353],[-6.20458,43.35741],[-6.21777,43.35938],[-6.22183,43.36386],[-6.23068,43.36607],[-6.23592,43.36124],[-6.25084,43.35859],[-6.2575,43.34712],[-6.25665,43.34321],[-6.2607,43.34293],[-6.26237,43.33506],[-6.26655,43.33205],[-6.2705,43.33046],[-6.27585,43.33297],[-6.28708,43.32642],[-6.29357,43.32995],[-6.29642,43.32506],[-6.30483,43.32059],[-6.30918,43.31223],[-6.31793,43.30651],[-6.317,43.30238],[-6.32132,43.30194],[-6.33326,43.29427],[-6.33279,43.288],[-6.33008,43.28465],[-6.32993,43.27691],[-6.33147,43.27399],[-6.32767,43.26969],[-6.33259,43.26924],[-6.3417,43.26437],[-6.33954,43.24965],[-6.33517,43.24629],[-6.32456,43.24179],[-6.31544,43.23419],[-6.3152,43.23194],[-6.32221,43.23029],[-6.33072,43.22451],[-6.33067,43.21535],[-6.33694,43.21249],[-6.3326,43.20558],[-6.33723,43.20172],[-6.33928,43.19504],[-6.34115,43.18944]]]}},{"type":"Feature","properties":{"mun_code":"33061","mun_name":"San Martín de Oscos","mun_name_local":null,"prov_code":"33","prov_name":"Asturias","acom_code":"03","acom_name":"Principado de Asturias","geo_point_2d":{"lon":-6.937962803013436,"lat":43.27960562847693}},"geometry":{"type":"Polygon","coordinates":[[[-6.98845,43.26297],[-6.98636,43.25953],[-6.98963,43.24604],[-6.98421,43.24405],[-6.97812,43.23823],[-6.98254,43.23285],[-6.98198,43.22737],[-6.98586,43.2254],[-6.98586,43.2235],[-6.98351,43.22439],[-6.98178,43.22324],[-6.98392,43.22131],[-6.98054,43.22106],[-6.98062,43.21922],[-6.9732,43.22442],[-6.96404,43.22623],[-6.95366,43.21108],[-6.95129,43.209],[-6.94675,43.20845],[-6.9443,43.21357],[-6.94938,43.21915],[-6.95159,43.22414],[-6.95568,43.22738],[-6.94968,43.23245],[-6.94676,43.23775],[-6.9378,43.2394],[-6.93508,43.23781],[-6.92977,43.24017],[-6.92648,43.23997],[-6.92428,43.24267],[-6.91365,43.24438],[-6.90662,43.25803],[-6.89411,43.26189],[-6.89588,43.26487],[-6.89819,43.26511],[-6.89295,43.26705],[-6.89397,43.26925],[-6.89182,43.27049],[-6.89435,43.2751],[-6.89324,43.27764],[-6.89839,43.27996],[-6.89282,43.29234],[-6.89258,43.29665],[-6.89488,43.29896],[-6.89508,43.30319],[-6.89018,43.30598],[-6.88975,43.31707],[-6.88526,43.31602],[-6.89431,43.3262],[-6.89854,43.32331],[-6.90868,43.32181],[-6.92092,43.3234],[-6.91844,43.33261],[-6.92367,43.34702],[-6.92116,43.35251],[-6.92436,43.3571],[-6.92294,43.35406],[-6.92399,43.34891],[-6.93571,43.34395],[-6.9401,43.33886],[-6.94183,43.33309],[-6.9596,43.31517],[-6.96217,43.31424],[-6.96827,43.2866],[-6.96834,43.27682],[-6.98022,43.27612],[-6.98231,43.27277],[-6.98273,43.26625],[-6.98544,43.264],[-6.98845,43.26297]]]}},{"type":"Feature","properties":{"mun_code":"33022","mun_name":"Degaña","mun_name_local":null,"prov_code":"33","prov_name":"Asturias","acom_code":"03","acom_name":"Principado de Asturias","geo_point_2d":{"lon":-6.560106742881079,"lat":42.9468261592451}},"geometry":{"type":"MultiPolygon","coordinates":[[[[-6.47301,42.96775],[-6.47965,42.96718],[-6.49547,42.97069],[-6.50588,42.97157],[-6.51365,42.96791],[-6.51744,42.96403],[-6.51713,42.96168],[-6.523,42.9611],[-6.52832,42.95696],[-6.53864,42.95843],[-6.54562,42.95618],[-6.55593,42.95928],[-6.56225,42.95784],[-6.56885,42.96036],[-6.58169,42.96183],[-6.59004,42.97084],[-6.59092,42.97503],[-6.59591,42.97371],[-6.59919,42.97551],[-6.60189,42.97159],[-6.62472,42.97412],[-6.63145,42.97057],[-6.64471,42.97252],[-6.6574,42.96745],[-6.65942,42.96292],[-6.65403,42.96118],[-6.65414,42.95831],[-6.63878,42.92546],[-6.63222,42.9232],[-6.62858,42.91949],[-6.61293,42.92455],[-6.6065,42.9161],[-6.59786,42.91858],[-6.59029,42.91669],[-6.58554,42.91844],[-6.5794,42.9185],[-6.57117,42.91708],[-6.56906,42.91478],[-6.54657,42.91215],[-6.54123,42.91251],[-6.53831,42.91968],[-6.53449,42.92218],[-6.52942,42.92363],[-6.5232,42.92344],[-6.51969,42.92587],[-6.51058,42.92873],[-6.50012,42.92281],[-6.48977,42.92025],[-6.48612,42.929],[-6.47859,42.93356],[-6.45487,42.93493],[-6.44161,42.93957],[-6.4331,42.93976],[-6.44161,42.94731],[-6.43364,42.96416],[-6.44237,42.96688],[-6.45177,42.96595],[-6.46238,42.96768],[-6.46854,42.96612],[-6.47239,42.96739],[-6.47301,42.96775]]],[[[-6.66629,42.96902],[-6.68129,42.98509],[-6.68384,42.98638],[-6.69457,42.98705],[-6.69315,42.98176],[-6.70075,42.96829],[-6.69257,42.96308],[-6.69272,42.95951],[-6.6893,42.96128],[-6.68502,42.96011],[-6.67321,42.96209],[-6.67233,42.96591],[-6.66958,42.96767],[-6.66629,42.96902]]]]}},{"type":"Feature","properties":{"mun_code":"33008","mun_name":"Cabrales","mun_name_local":null,"prov_code":"33","prov_name":"Asturias","acom_code":"03","acom_name":"Principado de Asturias","geo_point_2d":{"lon":-4.828110429297621,"lat":43.27231087309295}},"geometry":{"type":"Polygon","coordinates":[[[-4.91556,43.35804],[-4.91661,43.35538],[-4.91435,43.35191],[-4.91932,43.34778],[-4.91273,43.34287],[-4.91385,43.3393],[-4.91131,43.33586],[-4.91546,43.33344],[-4.92657,43.31424],[-4.94098,43.29624],[-4.93724,43.28757],[-4.90818,43.25599],[-4.90891,43.23786],[-4.89479,43.23817],[-4.88681,43.23535],[-4.88454,43.23215],[-4.88146,43.23225],[-4.87966,43.23027],[-4.87101,43.22802],[-4.8703,43.22589],[-4.8613,43.21842],[-4.86024,43.21505],[-4.86351,43.21189],[-4.86016,43.20898],[-4.86082,43.20532],[-4.85631,43.20335],[-4.85598,43.20018],[-4.84943,43.19298],[-4.84547,43.19339],[-4.83955,43.18966],[-4.84102,43.18078],[-4.83385,43.18077],[-4.82449,43.17835],[-4.81897,43.17912],[-4.81657,43.1833],[-4.81061,43.18119],[-4.78672,43.18578],[-4.77899,43.19208],[-4.75427,43.184],[-4.74352,43.18443],[-4.73803,43.18636],[-4.73472,43.18875],[-4.73319,43.19342],[-4.7376,43.19687],[-4.73562,43.20171],[-4.73647,43.20694],[-4.72776,43.21679],[-4.73067,43.22344],[-4.72101,43.22951],[-4.72487,43.23717],[-4.72279,43.24162],[-4.7299,43.25168],[-4.73076,43.26269],[-4.73793,43.27253],[-4.74866,43.27897],[-4.75059,43.28441],[-4.76156,43.30089],[-4.766,43.30347],[-4.76553,43.30555],[-4.77321,43.31193],[-4.77901,43.32174],[-4.78201,43.32372],[-4.78488,43.33776],[-4.78767,43.34287],[-4.78118,43.35519],[-4.77616,43.35993],[-4.77834,43.36212],[-4.78975,43.35318],[-4.80762,43.35585],[-4.82061,43.35489],[-4.83145,43.35785],[-4.8398,43.36231],[-4.85028,43.36488],[-4.85271,43.36474],[-4.85426,43.36169],[-4.86007,43.35883],[-4.86528,43.35777],[-4.88509,43.35825],[-4.89456,43.36075],[-4.893,43.35726],[-4.89578,43.35339],[-4.90674,43.35212],[-4.91303,43.3557],[-4.91556,43.35804]]]}},{"type":"Feature","properties":{"mun_code":"33059","mun_name":"Salas","mun_name_local":null,"prov_code":"33","prov_name":"Asturias","acom_code":"03","acom_name":"Principado de Asturias","geo_point_2d":{"lon":-6.249456607976016,"lat":43.41342480743651}},"geometry":{"type":"Polygon","coordinates":[[[-6.36259,43.43185],[-6.35984,43.4281],[-6.36142,43.42653],[-6.3535,43.4218],[-6.35415,43.41828],[-6.35088,43.41372],[-6.34881,43.41385],[-6.34495,43.40514],[-6.34734,43.40016],[-6.35141,43.39921],[-6.34822,43.39435],[-6.33423,43.38663],[-6.32647,43.37697],[-6.33494,43.36416],[-6.32224,43.35831],[-6.315,43.35802],[-6.31379,43.35579],[-6.30995,43.35594],[-6.30338,43.35282],[-6.30195,43.3507],[-6.30028,43.35153],[-6.29908,43.3496],[-6.30686,43.34456],[-6.31517,43.33044],[-6.3113,43.32938],[-6.30778,43.32405],[-6.30326,43.3218],[-6.29642,43.32506],[-6.29357,43.32995],[-6.28708,43.32642],[-6.27585,43.33297],[-6.2705,43.33046],[-6.26655,43.33205],[-6.26237,43.33506],[-6.2607,43.34293],[-6.25665,43.34321],[-6.2575,43.34712],[-6.25084,43.35859],[-6.23592,43.36124],[-6.23068,43.36607],[-6.22183,43.36386],[-6.21777,43.35938],[-6.20458,43.35741],[-6.19934,43.35353],[-6.19133,43.35666],[-6.17921,43.35567],[-6.16952,43.36021],[-6.16071,43.36123],[-6.15459,43.36594],[-6.15168,43.37104],[-6.13122,43.36729],[-6.13423,43.37354],[-6.13243,43.37898],[-6.1236,43.38085],[-6.12123,43.38377],[-6.12302,43.39215],[-6.12219,43.39618],[-6.12706,43.39742],[-6.12701,43.4013],[-6.11529,43.41078],[-6.11065,43.42907],[-6.11873,43.43494],[-6.12129,43.44401],[-6.12728,43.44197],[-6.12994,43.44253],[-6.13132,43.44051],[-6.13718,43.43927],[-6.14232,43.43393],[-6.14129,43.42697],[-6.1449,43.42058],[-6.15163,43.42021],[-6.15504,43.41694],[-6.16323,43.4248],[-6.16238,43.43222],[-6.17071,43.4377],[-6.17589,43.43774],[-6.18089,43.44304],[-6.18562,43.44122],[-6.18645,43.44473],[-6.19125,43.44978],[-6.20219,43.45273],[-6.22424,43.45437],[-6.22991,43.45836],[-6.23043,43.46103],[-6.22507,43.46171],[-6.21766,43.46754],[-6.22225,43.47618],[-6.22635,43.47878],[-6.22645,43.48042],[-6.22826,43.48048],[-6.2277,43.48196],[-6.22988,43.48168],[-6.23087,43.48773],[-6.22765,43.4883],[-6.23364,43.49148],[-6.23546,43.49573],[-6.25444,43.49519],[-6.25847,43.49161],[-6.26611,43.49388],[-6.2698,43.49768],[-6.27449,43.49753],[-6.28139,43.49989],[-6.28787,43.49986],[-6.28939,43.49514],[-6.29384,43.49391],[-6.2952,43.49206],[-6.29726,43.48562],[-6.30624,43.4808],[-6.31608,43.48014],[-6.32719,43.48346],[-6.34362,43.47334],[-6.33914,43.47118],[-6.33681,43.46712],[-6.3493,43.4517],[-6.35149,43.446],[-6.35586,43.44351],[-6.35294,43.44011],[-6.36064,43.43742],[-6.36162,43.43463],[-6.36259,43.43185]]]}},{"type":"Feature","properties":{"mun_code":"33017","mun_name":"Castropol","mun_name_local":null,"prov_code":"33","prov_name":"Asturias","acom_code":"03","acom_name":"Principado de Asturias","geo_point_2d":{"lon":-6.970312006136715,"lat":43.47438557495653}},"geometry":{"type":"MultiPolygon","coordinates":[[[[-7.03319,43.54473],[-7.03244,43.53341],[-7.03873,43.52717],[-7.04647,43.51045],[-7.04348,43.49767],[-7.04891,43.48569],[-7.04707,43.47782],[-7.05675,43.47207],[-7.048,43.47209],[-7.04378,43.47068],[-7.03337,43.47391],[-7.01937,43.47194],[-7.00266,43.47426],[-7.00923,43.46525],[-7.01051,43.46074],[-7.01241,43.46082],[-7.00958,43.45871],[-7.011,43.45734],[-7.00353,43.44988],[-7.00127,43.45161],[-6.99605,43.45065],[-6.99312,43.44786],[-6.99127,43.44891],[-6.99016,43.44703],[-6.99256,43.44423],[-6.99062,43.44396],[-6.99044,43.43978],[-6.99267,43.44014],[-6.99552,43.43766],[-6.98448,43.4241],[-6.9757,43.41676],[-6.97269,43.41953],[-6.97253,43.42625],[-6.9655,43.42849],[-6.95727,43.43654],[-6.94704,43.43494],[-6.95206,43.42502],[-6.95228,43.41967],[-6.96173,43.4118],[-6.96503,43.40741],[-6.96629,43.40134],[-6.96939,43.39912],[-6.96901,43.39145],[-6.95624,43.37385],[-6.94683,43.37736],[-6.94113,43.38217],[-6.93032,43.38593],[-6.92786,43.39162],[-6.92203,43.3944],[-6.91976,43.39953],[-6.90933,43.40821],[-6.90445,43.41755],[-6.89873,43.42159],[-6.90163,43.42473],[-6.90576,43.42602],[-6.90482,43.43271],[-6.90923,43.43556],[-6.90985,43.43856],[-6.90517,43.44443],[-6.9085,43.45012],[-6.90127,43.45177],[-6.90035,43.45399],[-6.89754,43.45463],[-6.89902,43.4566],[-6.89683,43.4591],[-6.88438,43.45543],[-6.87903,43.45783],[-6.88631,43.4611],[-6.88772,43.46639],[-6.89058,43.46801],[-6.89233,43.47193],[-6.89623,43.47373],[-6.89687,43.47713],[-6.90663,43.47968],[-6.90464,43.48232],[-6.90945,43.4859],[-6.91718,43.48486],[-6.91706,43.48206],[-6.92992,43.46838],[-6.93487,43.46509],[-6.94256,43.46246],[-6.93519,43.47737],[-6.94541,43.4751],[-6.95268,43.47642],[-6.95778,43.47556],[-6.95441,43.48419],[-6.9566,43.48775],[-6.95587,43.4906],[-6.96169,43.49899],[-6.96681,43.50291],[-6.96554,43.50901],[-6.95947,43.50319],[-6.95291,43.51143],[-6.9464,43.51027],[-6.93764,43.50627],[-6.93438,43.50893],[-6.93431,43.51196],[-6.93585,43.51536],[-6.94226,43.51962],[-6.94469,43.52337],[-6.9405,43.52834],[-6.93227,43.52053],[-6.92611,43.52076],[-6.92203,43.52866],[-6.92261,43.53417],[-6.93032,43.53701],[-6.93241,43.53639],[-6.93412,43.54018],[-6.93922,43.54419],[-6.94542,43.54386],[-6.94544,43.54282],[-6.95515,43.53925],[-6.95996,43.53926],[-6.96366,43.53598],[-6.9616,43.5323],[-6.97921,43.52964],[-6.98273,43.53321],[-6.98236,43.53928],[-6.98633,43.54033],[-6.99001,43.55023],[-6.99527,43.55195],[-6.99639,43.55408],[-7.00076,43.55426],[-7.00319,43.55743],[-7.00548,43.55772],[-7.00357,43.55572],[-7.00611,43.55604],[-7.00597,43.55501],[-7.00954,43.55668],[-7.00984,43.55582],[-7.01732,43.55594],[-7.01816,43.5585],[-7.02313,43.55959],[-7.02239,43.55628],[-7.02403,43.55577],[-7.02595,43.55782],[-7.0294,43.55639],[-7.02537,43.55372],[-7.0229,43.55391],[-7.02195,43.54899],[-7.03015,43.54429],[-7.03319,43.54473]]]]}},{"type":"Feature","properties":{"mun_code":"33067","mun_name":"Sobrescobio","mun_name_local":null,"prov_code":"33","prov_name":"Asturias","acom_code":"03","acom_name":"Principado de Asturias","geo_point_2d":{"lon":-5.464015215626325,"lat":43.193476347511265}},"geometry":{"type":"Polygon","coordinates":[[[-5.51936,43.16105],[-5.52034,43.15786],[-5.51673,43.15021],[-5.50241,43.14315],[-5.50126,43.13608],[-5.49766,43.13357],[-5.4829,43.1314],[-5.47856,43.12881],[-5.46367,43.13417],[-5.46017,43.14096],[-5.4608,43.14471],[-5.44956,43.14959],[-5.44536,43.15672],[-5.44001,43.16008],[-5.43806,43.16676],[-5.43421,43.169],[-5.43148,43.17682],[-5.434,43.18064],[-5.43335,43.18793],[-5.42386,43.18975],[-5.42078,43.19395],[-5.4208,43.19792],[-5.42638,43.20139],[-5.42444,43.209],[-5.43037,43.21495],[-5.42838,43.22043],[-5.42555,43.22244],[-5.42547,43.22676],[-5.41516,43.22806],[-5.41559,43.23931],[-5.42854,43.2549],[-5.46588,43.25899],[-5.46418,43.25592],[-5.46976,43.25696],[-5.47608,43.25616],[-5.47701,43.25475],[-5.47226,43.25308],[-5.47045,43.24558],[-5.47367,43.24194],[-5.47317,43.23513],[-5.47578,43.23258],[-5.48044,43.23216],[-5.48184,43.22573],[-5.4798,43.22002],[-5.48395,43.21923],[-5.48668,43.21716],[-5.48594,43.21052],[-5.48791,43.20258],[-5.49376,43.19917],[-5.50172,43.19765],[-5.50365,43.19414],[-5.50234,43.18888],[-5.50589,43.18432],[-5.50423,43.18001],[-5.50703,43.16783],[-5.50643,43.16409],[-5.51898,43.16243],[-5.51936,43.16105]]]}},{"type":"Feature","properties":{"mun_code":"33037","mun_name":"Mieres","mun_name_local":null,"prov_code":"33","prov_name":"Asturias","acom_code":"03","acom_name":"Principado de Asturias","geo_point_2d":{"lon":-5.754265897869898,"lat":43.23352751115166}},"geometry":{"type":"Polygon","coordinates":[[[-5.84987,43.28117],[-5.85391,43.27667],[-5.85316,43.27458],[-5.85551,43.27269],[-5.85524,43.27074],[-5.85428,43.26844],[-5.84996,43.2661],[-5.85012,43.26005],[-5.84729,43.25799],[-5.84645,43.25275],[-5.83976,43.24659],[-5.84322,43.24046],[-5.84267,43.2378],[-5.84445,43.23515],[-5.84344,43.22937],[-5.84578,43.22773],[-5.84612,43.2211],[-5.84746,43.22019],[-5.8463,43.21421],[-5.84785,43.20607],[-5.84609,43.19816],[-5.84325,43.1984],[-5.84104,43.20246],[-5.8379,43.20338],[-5.81689,43.2016],[-5.8051,43.19488],[-5.79775,43.18756],[-5.79332,43.18897],[-5.78717,43.19339],[-5.78461,43.1911],[-5.77795,43.19055],[-5.77144,43.18111],[-5.76415,43.1839],[-5.7603,43.18401],[-5.75542,43.19309],[-5.73861,43.19135],[-5.73454,43.19331],[-5.72115,43.18865],[-5.71677,43.19005],[-5.70877,43.18913],[-5.70177,43.19045],[-5.68708,43.18856],[-5.67929,43.19104],[-5.66874,43.19064],[-5.64498,43.19325],[-5.63154,43.19297],[-5.62704,43.19715],[-5.62549,43.2072],[-5.62887,43.22071],[-5.63621,43.2214],[-5.64448,43.22476],[-5.64708,43.22445],[-5.65144,43.22826],[-5.65695,43.22971],[-5.66603,43.23093],[-5.67232,43.22887],[-5.67627,43.22983],[-5.67967,43.22873],[-5.69435,43.23244],[-5.69487,43.23975],[-5.68961,43.24073],[-5.688,43.24761],[-5.68878,43.25494],[-5.69259,43.26172],[-5.69196,43.2651],[-5.69509,43.2661],[-5.70169,43.27211],[-5.71405,43.27722],[-5.72227,43.27724],[-5.73149,43.27483],[-5.73504,43.2776],[-5.74162,43.27886],[-5.75021,43.28914],[-5.7578,43.28656],[-5.77204,43.28788],[-5.78349,43.27916],[-5.79222,43.2797],[-5.80142,43.2828],[-5.80623,43.28707],[-5.81289,43.28871],[-5.82089,43.2879],[-5.83024,43.28502],[-5.84371,43.28464],[-5.84811,43.283],[-5.84987,43.28117]]]}},{"type":"Feature","properties":{"mun_code":"33016","mun_name":"Castrillón","mun_name_local":null,"prov_code":"33","prov_name":"Asturias","acom_code":"03","acom_name":"Principado de Asturias","geo_point_2d":{"lon":-5.992490796976462,"lat":43.549263062355365}},"geometry":{"type":"MultiPolygon","coordinates":[[[[-5.92955,43.58868],[-5.9308,43.59181],[-5.94633,43.59265],[-5.94115,43.59136],[-5.94186,43.58822],[-5.94908,43.58289],[-5.95633,43.57976],[-5.96425,43.57814],[-5.96698,43.57921],[-5.96644,43.58126],[-5.97223,43.57967],[-5.97424,43.582],[-5.9765,43.57878],[-5.97902,43.57916],[-5.98101,43.57757],[-5.98531,43.58011],[-5.98958,43.5774],[-5.99218,43.57928],[-5.99162,43.57685],[-5.99665,43.57409],[-5.99868,43.57474],[-5.99802,43.57833],[-6.00396,43.57962],[-6.00462,43.57805],[-6.00658,43.57806],[-6.00835,43.58103],[-6.01147,43.58017],[-6.01352,43.58144],[-6.01291,43.58243],[-6.01477,43.5818],[-6.017,43.58292],[-6.01727,43.58826],[-6.02178,43.58584],[-6.03047,43.58553],[-6.03248,43.58351],[-6.03706,43.58396],[-6.03518,43.58108],[-6.03678,43.57895],[-6.0537,43.57168],[-6.05137,43.56264],[-6.04665,43.56325],[-6.04329,43.5623],[-6.04447,43.55827],[-6.04212,43.54969],[-6.0246,43.54074],[-6.01757,43.53022],[-6.02482,43.51642],[-6.01908,43.50422],[-6.01285,43.49831],[-6.00985,43.49865],[-6.00624,43.50332],[-5.99854,43.50457],[-5.99747,43.50708],[-5.99389,43.50681],[-5.98475,43.50953],[-5.97097,43.5148],[-5.95591,43.51857],[-5.95384,43.52062],[-5.95042,43.52719],[-5.94219,43.53373],[-5.94819,43.53424],[-5.95282,43.53679],[-5.95263,43.54159],[-5.9498,43.54678],[-5.95357,43.55155],[-5.94947,43.55425],[-5.95586,43.56444],[-5.94709,43.57258],[-5.937,43.57327],[-5.9358,43.5802],[-5.92698,43.58084],[-5.92777,43.58743],[-5.92961,43.5873],[-5.92952,43.58825],[-5.92955,43.58868]]],[[[-6.03438,43.58909],[-6.03171,43.58919],[-6.03091,43.59222],[-6.03353,43.59144],[-6.03451,43.5889],[-6.03438,43.58909]]]]}},{"type":"Feature","properties":{"mun_code":"33018","mun_name":"Coaña","mun_name_local":null,"prov_code":"33","prov_name":"Asturias","acom_code":"03","acom_name":"Principado de Asturias","geo_point_2d":{"lon":-6.762766049738757,"lat":43.510304963314155}},"geometry":{"type":"MultiPolygon","coordinates":[[[[-6.76549,43.56914],[-6.76487,43.56993],[-6.76577,43.56931],[-6.76549,43.56914]]],[[[-6.81641,43.46906],[-6.80756,43.47255],[-6.79822,43.47263],[-6.78597,43.46686],[-6.78138,43.46121],[-6.77383,43.4579],[-6.76825,43.45994],[-6.7656,43.45876],[-6.75556,43.45928],[-6.74911,43.45813],[-6.74582,43.45622],[-6.74149,43.45633],[-6.7406,43.4584],[-6.73244,43.46138],[-6.73219,43.4665],[-6.7227,43.46478],[-6.72009,43.46681],[-6.71517,43.47532],[-6.71903,43.47562],[-6.7243,43.47847],[-6.73186,43.47664],[-6.73606,43.47738],[-6.73494,43.47891],[-6.72794,43.48036],[-6.72299,43.48423],[-6.72458,43.49317],[-6.73313,43.49756],[-6.72914,43.49837],[-6.72884,43.49974],[-6.73113,43.50104],[-6.73564,43.50027],[-6.7344,43.50653],[-6.73629,43.50895],[-6.73271,43.50979],[-6.72649,43.50649],[-6.72162,43.5094],[-6.72619,43.5123],[-6.73608,43.51342],[-6.73232,43.52006],[-6.73187,43.52592],[-6.72359,43.53096],[-6.72598,43.536],[-6.72493,43.55632],[-6.72933,43.55992],[-6.73234,43.56062],[-6.7336,43.56449],[-6.74105,43.56062],[-6.74214,43.56469],[-6.74452,43.56406],[-6.74632,43.56617],[-6.75273,43.56458],[-6.75856,43.56133],[-6.76037,43.56359],[-6.76246,43.56274],[-6.76419,43.56471],[-6.76336,43.56857],[-6.76726,43.56868],[-6.77092,43.56613],[-6.77475,43.56856],[-6.77567,43.5667],[-6.77734,43.56727],[-6.77734,43.56484],[-6.78296,43.56496],[-6.78331,43.56275],[-6.7809,43.55943],[-6.78391,43.55641],[-6.78874,43.55589],[-6.79447,43.5579],[-6.79792,43.55549],[-6.80234,43.55629],[-6.80321,43.54789],[-6.79665,43.53638],[-6.78953,43.52879],[-6.78773,43.52308],[-6.78749,43.51909],[-6.79011,43.51471],[-6.78814,43.51086],[-6.79049,43.50538],[-6.78925,43.5029],[-6.80574,43.48949],[-6.81832,43.48731],[-6.81954,43.48254],[-6.81564,43.47538],[-6.81641,43.46906]]],[[[-6.75296,43.56488],[-6.75149,43.5673],[-6.75321,43.56634],[-6.75367,43.56744],[-6.75321,43.56556],[-6.75296,43.56488]]]]}},{"type":"Feature","properties":{"mun_code":"33050","mun_name":"Ponga","mun_name_local":null,"prov_code":"33","prov_name":"Asturias","acom_code":"03","acom_name":"Principado de Asturias","geo_point_2d":{"lon":-5.172263943325493,"lat":43.188614408241044}},"geometry":{"type":"Polygon","coordinates":[[[-5.2861,43.23989],[-5.28578,43.23593],[-5.28853,43.2319],[-5.28897,43.22663],[-5.27016,43.21789],[-5.24884,43.21116],[-5.24977,43.20658],[-5.25879,43.19783],[-5.25106,43.18878],[-5.25232,43.18532],[-5.23968,43.17831],[-5.23184,43.17589],[-5.22342,43.17565],[-5.21456,43.17282],[-5.21736,43.16573],[-5.21515,43.15837],[-5.21682,43.15476],[-5.21543,43.14415],[-5.20887,43.13598],[-5.19614,43.13149],[-5.19597,43.12874],[-5.19091,43.1231],[-5.18819,43.11724],[-5.19128,43.11513],[-5.19576,43.11492],[-5.19907,43.11201],[-5.20683,43.09238],[-5.20119,43.09023],[-5.19818,43.09324],[-5.19125,43.09537],[-5.1886,43.09977],[-5.1806,43.1008],[-5.1754,43.10002],[-5.17094,43.10239],[-5.16792,43.10244],[-5.16203,43.11008],[-5.15346,43.11098],[-5.1478,43.11512],[-5.14068,43.10292],[-5.12393,43.1006],[-5.10174,43.10185],[-5.09565,43.1077],[-5.09929,43.11584],[-5.0969,43.12131],[-5.0939,43.12352],[-5.09152,43.13229],[-5.0939,43.14299],[-5.08681,43.14746],[-5.08649,43.15372],[-5.08289,43.15827],[-5.07845,43.16047],[-5.07761,43.166],[-5.07534,43.167],[-5.0759,43.17126],[-5.0779,43.17326],[-5.07663,43.17895],[-5.06668,43.17479],[-5.05947,43.17433],[-5.05885,43.17661],[-5.05362,43.18059],[-5.05624,43.18954],[-5.05869,43.19173],[-5.06586,43.19333],[-5.06989,43.19605],[-5.07476,43.20284],[-5.07866,43.20543],[-5.0785,43.22193],[-5.09541,43.22495],[-5.09901,43.22671],[-5.101,43.2256],[-5.10752,43.22556],[-5.11641,43.22223],[-5.12244,43.22266],[-5.12402,43.22086],[-5.13678,43.22183],[-5.14386,43.23015],[-5.14932,43.23297],[-5.15746,43.23153],[-5.16607,43.23655],[-5.17588,43.2447],[-5.17731,43.25154],[-5.19383,43.25853],[-5.19644,43.26254],[-5.20142,43.26522],[-5.19984,43.26718],[-5.20872,43.27213],[-5.20723,43.27687],[-5.21498,43.27823],[-5.21971,43.2828],[-5.22942,43.27973],[-5.23435,43.2804],[-5.23755,43.28342],[-5.25083,43.26829],[-5.25794,43.26897],[-5.26038,43.26657],[-5.27387,43.26627],[-5.2773,43.2599],[-5.28205,43.25545],[-5.28632,43.24062],[-5.2861,43.23989]]]}},{"type":"Feature","properties":{"mun_code":"33060","mun_name":"San Martín del Rey Aurelio","mun_name_local":null,"prov_code":"33","prov_name":"Asturias","acom_code":"03","acom_name":"Principado de Asturias","geo_point_2d":{"lon":-5.615268788578517,"lat":43.27437880728068}},"geometry":{"type":"Polygon","coordinates":[[[-5.65528,43.22902],[-5.65144,43.22826],[-5.64708,43.22445],[-5.64448,43.22476],[-5.63621,43.2214],[-5.62887,43.22071],[-5.62127,43.22671],[-5.62013,43.22943],[-5.61408,43.23244],[-5.61335,43.2348],[-5.60749,43.23401],[-5.59581,43.23506],[-5.5939,43.24298],[-5.59585,43.24518],[-5.59483,43.24761],[-5.59268,43.25009],[-5.58777,43.25176],[-5.5871,43.25659],[-5.5801,43.2649],[-5.5809,43.26651],[-5.57745,43.27503],[-5.56735,43.28324],[-5.56032,43.29124],[-5.55527,43.29258],[-5.55876,43.29298],[-5.56075,43.29576],[-5.56555,43.29738],[-5.56831,43.29636],[-5.57868,43.29886],[-5.5831,43.30893],[-5.58768,43.31172],[-5.58821,43.31805],[-5.59721,43.32105],[-5.60002,43.32464],[-5.60503,43.32636],[-5.60667,43.32933],[-5.61544,43.32201],[-5.61815,43.32463],[-5.61521,43.3198],[-5.61845,43.3104],[-5.62649,43.31088],[-5.63103,43.30861],[-5.63948,43.3079],[-5.64284,43.30575],[-5.64577,43.30632],[-5.66691,43.29041],[-5.65562,43.28931],[-5.65017,43.28659],[-5.64495,43.27053],[-5.64478,43.26842],[-5.64768,43.26583],[-5.64353,43.26453],[-5.64477,43.26358],[-5.64329,43.26142],[-5.64971,43.2572],[-5.64827,43.25419],[-5.65195,43.25031],[-5.65618,43.23981],[-5.65424,43.2362],[-5.65551,43.22954],[-5.65528,43.22902]]]}},{"type":"Feature","properties":{"mun_code":"33062","mun_name":"Santa Eulalia de Oscos","mun_name_local":null,"prov_code":"33","prov_name":"Asturias","acom_code":"03","acom_name":"Principado de Asturias","geo_point_2d":{"lon":-7.0277277562841185,"lat":43.255890061852945}},"geometry":{"type":"Polygon","coordinates":[[[-7.05978,43.30533],[-7.0652,43.29915],[-7.06468,43.28874],[-7.06823,43.28326],[-7.06643,43.27964],[-7.06971,43.27948],[-7.06913,43.27542],[-7.0705,43.27584],[-7.07151,43.27122],[-7.06529,43.24945],[-7.06159,43.24405],[-7.05066,43.23784],[-7.04657,43.23128],[-7.04125,43.22863],[-7.0341,43.22814],[-7.02005,43.21324],[-7.01694,43.21487],[-7.017,43.22204],[-7.00958,43.22288],[-7.00144,43.20728],[-6.99315,43.20846],[-6.98412,43.20659],[-6.98243,43.20861],[-6.97714,43.20938],[-6.98164,43.21411],[-6.98051,43.2156],[-6.98214,43.21728],[-6.98022,43.22054],[-6.98392,43.22131],[-6.98148,43.22291],[-6.98351,43.22439],[-6.98586,43.2235],[-6.98586,43.2254],[-6.98198,43.22737],[-6.98254,43.23285],[-6.97812,43.23823],[-6.98421,43.24405],[-6.98963,43.24604],[-6.98636,43.25953],[-6.98845,43.26297],[-6.98934,43.26149],[-6.99603,43.26109],[-6.9975,43.26382],[-7.00539,43.26248],[-7.00923,43.26507],[-7.01295,43.26563],[-7.01213,43.26992],[-7.01736,43.27368],[-7.01826,43.27649],[-7.01692,43.27883],[-7.01921,43.28568],[-7.0274,43.29171],[-7.0346,43.29334],[-7.03589,43.29546],[-7.03496,43.30911],[-7.04091,43.30791],[-7.04534,43.31026],[-7.04663,43.30658],[-7.05124,43.30692],[-7.05685,43.30547],[-7.05577,43.3071],[-7.05709,43.30765],[-7.05978,43.30533]]]}},{"type":"Feature","properties":{"mun_code":"33028","mun_name":"Ibias","mun_name_local":null,"prov_code":"33","prov_name":"Asturias","acom_code":"03","acom_name":"Principado de Asturias","geo_point_2d":{"lon":-6.812820682263943,"lat":43.00452645731421}},"geometry":{"type":"Polygon","coordinates":[[[-6.96637,43.06105],[-6.96863,43.0558],[-6.96213,43.05215],[-6.96493,43.05006],[-6.96353,43.04394],[-6.96614,43.03746],[-6.96507,43.03477],[-6.96917,43.03514],[-6.96901,43.0327],[-6.97254,43.03038],[-6.97586,43.03187],[-6.97877,43.03894],[-6.98217,43.04141],[-6.98643,43.0297],[-6.9913,43.0306],[-6.99653,43.02679],[-6.99471,43.02623],[-6.9969,43.01957],[-6.98592,43.0144],[-6.98637,43.01102],[-6.98352,43.00414],[-6.9795,43.0049],[-6.97849,43.00397],[-6.9751,42.99614],[-6.97247,42.99626],[-6.97216,42.99395],[-6.96237,42.99048],[-6.96196,42.9937],[-6.96407,42.99281],[-6.96393,42.99539],[-6.95604,42.99603],[-6.95698,42.99799],[-6.96228,43.00075],[-6.95979,43.00409],[-6.96238,43.00601],[-6.95974,43.00837],[-6.96231,43.01225],[-6.95951,43.01509],[-6.96405,43.01937],[-6.96041,43.02241],[-6.96475,43.02666],[-6.95804,43.0289],[-6.95805,43.03266],[-6.95545,43.03474],[-6.95678,43.03656],[-6.94686,43.03256],[-6.94082,43.01152],[-6.93303,43.00886],[-6.9313,43.0046],[-6.92263,43.0017],[-6.91,42.9899],[-6.90407,42.98839],[-6.89909,42.98927],[-6.89273,42.98793],[-6.88086,42.9913],[-6.87756,42.98862],[-6.87131,42.98869],[-6.86809,42.98366],[-6.8645,42.98368],[-6.86202,42.97891],[-6.83578,42.95771],[-6.83469,42.94126],[-6.84183,42.92845],[-6.83576,42.91634],[-6.80104,42.91017],[-6.78977,42.90454],[-6.77693,42.90143],[-6.77067,42.89862],[-6.76829,42.89548],[-6.76795,42.89028],[-6.77336,42.88668],[-6.77371,42.88283],[-6.76048,42.88403],[-6.75667,42.88306],[-6.74922,42.89414],[-6.74059,42.89947],[-6.73454,42.90767],[-6.72319,42.91738],[-6.71279,42.91505],[-6.69699,42.91852],[-6.6899,42.92246],[-6.66719,42.92453],[-6.66064,42.92279],[-6.65694,42.92458],[-6.6509,42.92502],[-6.64675,42.92385],[-6.63878,42.92546],[-6.65414,42.95831],[-6.65403,42.96118],[-6.65942,42.96292],[-6.6576,42.96641],[-6.66049,42.96643],[-6.66398,42.96998],[-6.67233,42.96591],[-6.67321,42.96209],[-6.68502,42.96011],[-6.6893,42.96128],[-6.69272,42.95951],[-6.69257,42.96308],[-6.70075,42.96829],[-6.69315,42.98176],[-6.69457,42.98705],[-6.69769,42.98661],[-6.70509,42.98913],[-6.72258,42.99886],[-6.72335,43.00117],[-6.73125,43.00541],[-6.74316,43.00584],[-6.74612,43.0176],[-6.73899,43.02586],[-6.72983,43.02747],[-6.72633,43.0328],[-6.71866,43.03624],[-6.71993,43.05248],[-6.73082,43.05296],[-6.7391,43.05824],[-6.74255,43.06285],[-6.75917,43.06891],[-6.76686,43.0675],[-6.77661,43.06968],[-6.77842,43.07183],[-6.78832,43.07289],[-6.78669,43.0771],[-6.79327,43.08671],[-6.79267,43.08962],[-6.79934,43.09406],[-6.79467,43.09932],[-6.80543,43.10531],[-6.81105,43.11013],[-6.81535,43.10915],[-6.8231,43.11145],[-6.82444,43.11477],[-6.82841,43.11604],[-6.829,43.11777],[-6.83699,43.11683],[-6.85061,43.10943],[-6.8553,43.10853],[-6.8652,43.10071],[-6.87165,43.09102],[-6.89044,43.0904],[-6.89429,43.09173],[-6.89881,43.08817],[-6.90228,43.08283],[-6.91148,43.0775],[-6.91555,43.07326],[-6.923,43.08163],[-6.93496,43.08199],[-6.93869,43.08651],[-6.94094,43.08],[-6.94473,43.07729],[-6.9481,43.07763],[-6.95182,43.07619],[-6.95044,43.06819],[-6.95736,43.06817],[-6.95816,43.06692],[-6.95604,43.06357],[-6.96448,43.06093],[-6.96637,43.06105]]]}},{"type":"Feature","properties":{"mun_code":"33038","mun_name":"Morcín","mun_name_local":null,"prov_code":"33","prov_name":"Asturias","acom_code":"03","acom_name":"Principado de Asturias","geo_point_2d":{"lon":-5.9020162148806,"lat":43.26685142745268}},"geometry":{"type":"Polygon","coordinates":[[[-5.96013,43.27525],[-5.95484,43.2702],[-5.95137,43.26881],[-5.94945,43.26462],[-5.95184,43.26261],[-5.95016,43.25577],[-5.96206,43.2454],[-5.9607,43.24173],[-5.95087,43.23506],[-5.94792,43.22882],[-5.93914,43.23127],[-5.94139,43.23514],[-5.93073,43.23886],[-5.93002,43.24073],[-5.92471,43.24268],[-5.91084,43.24445],[-5.90692,43.24899],[-5.89829,43.25076],[-5.89085,43.24797],[-5.88887,43.24836],[-5.88321,43.24336],[-5.87748,43.2427],[-5.87781,43.24063],[-5.87163,43.24259],[-5.86207,43.24207],[-5.85909,43.23794],[-5.85252,43.23523],[-5.84543,43.23597],[-5.84267,43.2378],[-5.84322,43.24046],[-5.83994,43.24715],[-5.84645,43.25275],[-5.84729,43.25799],[-5.85012,43.26005],[-5.84996,43.2661],[-5.85428,43.26844],[-5.85553,43.27195],[-5.85316,43.27458],[-5.85391,43.27667],[-5.84987,43.28117],[-5.85603,43.28247],[-5.86996,43.29273],[-5.87053,43.29743],[-5.86898,43.29968],[-5.87018,43.30332],[-5.88188,43.3048],[-5.89984,43.29837],[-5.90394,43.29539],[-5.91498,43.29271],[-5.9242,43.2941],[-5.93283,43.28969],[-5.94304,43.28823],[-5.95665,43.28238],[-5.95887,43.27747],[-5.96013,43.27525]]]}},{"type":"Feature","properties":{"mun_code":"33027","mun_name":"Grandas de Salime","mun_name_local":null,"prov_code":"33","prov_name":"Asturias","acom_code":"03","acom_name":"Principado de Asturias","geo_point_2d":{"lon":-6.898978079919444,"lat":43.196402023132705}},"geometry":{"type":"Polygon","coordinates":[[[-6.99315,43.20846],[-6.98637,43.20216],[-6.98092,43.20375],[-6.97102,43.20425],[-6.96498,43.19261],[-6.96512,43.18709],[-6.97405,43.17893],[-6.98069,43.16685],[-6.97312,43.14936],[-6.9651,43.14854],[-6.96039,43.14484],[-6.9571,43.13938],[-6.95708,43.1349],[-6.95088,43.13467],[-6.94654,43.13225],[-6.94137,43.13172],[-6.93838,43.13289],[-6.93731,43.13966],[-6.93325,43.14027],[-6.9298,43.14288],[-6.92861,43.14091],[-6.92041,43.14052],[-6.91425,43.14695],[-6.90574,43.14968],[-6.9019,43.15504],[-6.89337,43.15476],[-6.88588,43.15683],[-6.88286,43.16065],[-6.88738,43.16617],[-6.8807,43.16957],[-6.87776,43.17321],[-6.87463,43.18701],[-6.86743,43.19009],[-6.8699,43.17998],[-6.86593,43.18187],[-6.86198,43.18204],[-6.85631,43.1724],[-6.84711,43.16705],[-6.83891,43.16614],[-6.83301,43.17287],[-6.8309,43.18551],[-6.82816,43.18939],[-6.82568,43.19981],[-6.81925,43.20819],[-6.80562,43.201],[-6.79026,43.20426],[-6.78607,43.21207],[-6.78655,43.22599],[-6.7919,43.22821],[-6.7955,43.23208],[-6.79801,43.22921],[-6.80399,43.23076],[-6.80461,43.22875],[-6.81146,43.22824],[-6.81655,43.22616],[-6.81498,43.23051],[-6.83311,43.23148],[-6.84399,43.23384],[-6.85084,43.23992],[-6.85731,43.23999],[-6.87057,43.24323],[-6.87555,43.24046],[-6.88072,43.24028],[-6.88509,43.24184],[-6.88854,43.24002],[-6.88694,43.23559],[-6.89131,43.23371],[-6.89523,43.23636],[-6.8971,43.23617],[-6.90141,43.22982],[-6.90449,43.23262],[-6.90713,43.24183],[-6.91123,43.24443],[-6.91578,43.24449],[-6.92428,43.24267],[-6.92606,43.24016],[-6.92977,43.24017],[-6.93325,43.23818],[-6.93683,43.23813],[-6.9378,43.2394],[-6.94676,43.23775],[-6.94968,43.23245],[-6.95568,43.22738],[-6.95159,43.22414],[-6.94938,43.21915],[-6.9443,43.21357],[-6.94675,43.20845],[-6.95129,43.209],[-6.95366,43.21108],[-6.96404,43.22623],[-6.9732,43.22442],[-6.98197,43.21781],[-6.98047,43.21518],[-6.98164,43.21411],[-6.97714,43.20938],[-6.98243,43.20861],[-6.98412,43.20659],[-6.98988,43.20811],[-6.99315,43.20846]]]}},{"type":"Feature","properties":{"mun_code":"33070","mun_name":"Tapia de Casariego","mun_name_local":null,"prov_code":"33","prov_name":"Asturias","acom_code":"03","acom_name":"Principado de Asturias","geo_point_2d":{"lon":-6.922478330389458,"lat":43.525408651866826}},"geometry":{"type":"MultiPolygon","coordinates":[[[[-6.98853,43.55779],[-6.98656,43.5589],[-6.98916,43.55915],[-6.98877,43.55786],[-6.98853,43.55779]]],[[[-6.98732,43.55939],[-6.98482,43.56167],[-6.9871,43.56114],[-6.98769,43.55942],[-6.98732,43.55939]]],[[[-6.95848,43.56464],[-6.95734,43.56512],[-6.95848,43.56478],[-6.95848,43.56464]]],[[[-6.99639,43.55408],[-6.99527,43.55195],[-6.98972,43.54995],[-6.98633,43.54033],[-6.98236,43.53928],[-6.98273,43.53321],[-6.97921,43.52964],[-6.9616,43.5323],[-6.96366,43.53598],[-6.95996,43.53926],[-6.95515,43.53925],[-6.94544,43.54282],[-6.94542,43.54386],[-6.93976,43.54438],[-6.93433,43.54042],[-6.93241,43.53639],[-6.93032,43.53701],[-6.92261,43.53417],[-6.92203,43.52866],[-6.92611,43.52076],[-6.93227,43.52053],[-6.9405,43.52834],[-6.94469,43.52337],[-6.94226,43.51962],[-6.93585,43.51536],[-6.93431,43.51196],[-6.93438,43.50893],[-6.93764,43.50627],[-6.9464,43.51027],[-6.95239,43.51144],[-6.95947,43.50319],[-6.96554,43.50901],[-6.96607,43.50781],[-6.9666,43.50253],[-6.96169,43.49899],[-6.95587,43.4906],[-6.9566,43.48775],[-6.95441,43.48419],[-6.95778,43.47556],[-6.95268,43.47642],[-6.94541,43.4751],[-6.93519,43.47737],[-6.94256,43.46246],[-6.93487,43.46509],[-6.92992,43.46838],[-6.91706,43.48206],[-6.91718,43.48486],[-6.91391,43.48602],[-6.90945,43.4859],[-6.90538,43.48319],[-6.90663,43.47968],[-6.89687,43.47713],[-6.89623,43.47373],[-6.89233,43.47193],[-6.88958,43.46759],[-6.88446,43.48741],[-6.87803,43.49349],[-6.87263,43.50624],[-6.87583,43.50656],[-6.87727,43.50865],[-6.88279,43.51066],[-6.88546,43.51065],[-6.88637,43.51263],[-6.87671,43.52142],[-6.87741,43.52338],[-6.88434,43.52601],[-6.88287,43.53078],[-6.87791,43.53457],[-6.8746,43.54209],[-6.87805,43.54163],[-6.87801,43.54377],[-6.87529,43.54465],[-6.8754,43.55157],[-6.88153,43.55775],[-6.87758,43.55844],[-6.87613,43.56199],[-6.87729,43.56357],[-6.88395,43.56609],[-6.88622,43.56558],[-6.88525,43.56756],[-6.88925,43.5695],[-6.89332,43.56807],[-6.89988,43.57092],[-6.90302,43.57006],[-6.90099,43.56981],[-6.90362,43.56821],[-6.90661,43.56862],[-6.90768,43.56652],[-6.91012,43.56642],[-6.90937,43.56821],[-6.91117,43.5683],[-6.91077,43.56994],[-6.91396,43.57004],[-6.91416,43.57273],[-6.91998,43.57251],[-6.9209,43.57121],[-6.92408,43.57084],[-6.92538,43.57499],[-6.92618,43.57339],[-6.92878,43.57299],[-6.93005,43.57014],[-6.93103,43.57103],[-6.9317,43.56973],[-6.93461,43.57063],[-6.9369,43.56987],[-6.93644,43.57142],[-6.93848,43.57009],[-6.94058,43.57266],[-6.94608,43.57498],[-6.94768,43.57327],[-6.94561,43.57393],[-6.94447,43.57174],[-6.94704,43.57298],[-6.94905,43.57173],[-6.94818,43.5635],[-6.95107,43.56805],[-6.95379,43.56848],[-6.95542,43.56738],[-6.95345,43.56668],[-6.95611,43.5635],[-6.95867,43.5627],[-6.96068,43.56384],[-6.96027,43.56199],[-6.96376,43.56041],[-6.97101,43.56165],[-6.97087,43.5598],[-6.97406,43.55675],[-6.98018,43.55731],[-6.98114,43.55958],[-6.98643,43.55547],[-6.98897,43.5574],[-6.99088,43.55541],[-6.99267,43.55592],[-6.99305,43.55468],[-6.99601,43.55409],[-6.99639,43.55408]]],[[[-6.89099,43.57076],[-6.88999,43.57172],[-6.89081,43.57101],[-6.89099,43.57076]]],[[[-6.94739,43.57405],[-6.94686,43.57486],[-6.94769,43.57414],[-6.94739,43.57405]]]]}},{"type":"Feature","properties":{"mun_code":"33030","mun_name":"Illas","mun_name_local":null,"prov_code":"33","prov_name":"Asturias","acom_code":"03","acom_name":"Principado de Asturias","geo_point_2d":{"lon":-5.966171542283824,"lat":43.49731368902757}},"geometry":{"type":"Polygon","coordinates":[[[-6.01285,43.49831],[-6.01709,43.4946],[-6.01049,43.48973],[-6.00834,43.48169],[-5.9989,43.48176],[-5.98839,43.47343],[-5.97778,43.4749],[-5.9716,43.47119],[-5.96768,43.47236],[-5.96819,43.47474],[-5.96035,43.47692],[-5.95648,43.47979],[-5.95373,43.48642],[-5.94078,43.49222],[-5.93626,43.4889],[-5.91652,43.49807],[-5.92306,43.50858],[-5.92732,43.51928],[-5.93632,43.52011],[-5.94957,43.51652],[-5.95384,43.52062],[-5.95591,43.51857],[-5.97097,43.5148],[-5.98475,43.50953],[-5.99389,43.50681],[-5.99747,43.50708],[-5.99854,43.50457],[-6.00624,43.50332],[-6.00985,43.49865],[-6.01285,43.49831]]]}},{"type":"Feature","properties":{"mun_code":"33042","mun_name":"Noreña","mun_name_local":null,"prov_code":"33","prov_name":"Asturias","acom_code":"03","acom_name":"Principado de Asturias","geo_point_2d":{"lon":-5.701402562869527,"lat":43.40203065685278}},"geometry":{"type":"MultiPolygon","coordinates":[[[[-5.72145,43.34084],[-5.72784,43.34383],[-5.73121,43.34369],[-5.73236,43.33737],[-5.72153,43.34063],[-5.72145,43.34084]]],[[[-5.70464,43.38467],[-5.69809,43.38813],[-5.69641,43.39228],[-5.7012,43.40354],[-5.706,43.40575],[-5.70726,43.4091],[-5.71571,43.40475],[-5.7198,43.40011],[-5.71794,43.39458],[-5.7205,43.3883],[-5.72392,43.38668],[-5.70733,43.38461],[-5.70464,43.38467]]],[[[-5.68133,43.40578],[-5.67996,43.40739],[-5.68167,43.40807],[-5.68252,43.40631],[-5.68133,43.40578]]],[[[-5.68387,43.41658],[-5.68349,43.41767],[-5.68521,43.41781],[-5.68496,43.41695],[-5.68387,43.41658]]],[[[-5.6777,43.42285],[-5.66983,43.42955],[-5.67249,43.4304],[-5.67661,43.44074],[-5.68023,43.4389],[-5.68119,43.4305],[-5.68931,43.42823],[-5.69119,43.42506],[-5.6857,43.42273],[-5.6815,43.42391],[-5.6777,43.42285]]]]}},{"type":"Feature","properties":{"mun_code":"33072","mun_name":"Teverga","mun_name_local":null,"prov_code":"33","prov_name":"Asturias","acom_code":"03","acom_name":"Principado de Asturias","geo_point_2d":{"lon":-6.1071849972848735,"lat":43.14072735346474}},"geometry":{"type":"Polygon","coordinates":[[[-6.21135,43.17452],[-6.21336,43.17232],[-6.21641,43.17198],[-6.21821,43.16782],[-6.21496,43.16417],[-6.21133,43.16337],[-6.20503,43.15885],[-6.20634,43.15725],[-6.20312,43.15248],[-6.19924,43.15048],[-6.20013,43.14834],[-6.19318,43.14339],[-6.19523,43.14077],[-6.19514,43.13736],[-6.18998,43.13327],[-6.19129,43.12909],[-6.19459,43.12898],[-6.20273,43.12563],[-6.20991,43.12645],[-6.20865,43.12209],[-6.19983,43.11673],[-6.19453,43.11393],[-6.18765,43.11788],[-6.18133,43.11699],[-6.17747,43.11815],[-6.17089,43.11646],[-6.1547,43.10887],[-6.14698,43.10792],[-6.1444,43.10631],[-6.13738,43.10616],[-6.13717,43.10272],[-6.12817,43.09573],[-6.12439,43.09032],[-6.11861,43.08823],[-6.09608,43.08753],[-6.08905,43.07962],[-6.08129,43.0759],[-6.07884,43.0732],[-6.07356,43.07167],[-6.0717,43.06785],[-6.06703,43.06563],[-6.06131,43.06489],[-6.05214,43.06819],[-6.04966,43.06547],[-6.04394,43.06325],[-6.03789,43.06296],[-6.02973,43.05706],[-6.02093,43.05379],[-6.01688,43.05344],[-6.00881,43.05771],[-6.00426,43.05805],[-6.00201,43.06849],[-6.01292,43.08657],[-6.01305,43.09516],[-6.00535,43.10521],[-6.01524,43.11529],[-6.01973,43.11311],[-6.02441,43.11493],[-6.02569,43.13091],[-6.03714,43.13742],[-6.03395,43.1429],[-6.04083,43.15649],[-6.05811,43.16886],[-6.06855,43.17223],[-6.08138,43.18451],[-6.09273,43.18951],[-6.09655,43.19519],[-6.09623,43.2042],[-6.09912,43.20741],[-6.09723,43.20967],[-6.09711,43.21354],[-6.09329,43.21818],[-6.09591,43.22194],[-6.09315,43.22648],[-6.10296,43.23471],[-6.10464,43.23548],[-6.11395,43.23206],[-6.11642,43.22528],[-6.1272,43.21911],[-6.1446,43.21697],[-6.14668,43.21792],[-6.1534,43.2174],[-6.1569,43.21623],[-6.16042,43.21078],[-6.16199,43.20398],[-6.16621,43.20512],[-6.17052,43.20194],[-6.17627,43.20125],[-6.18261,43.19778],[-6.18613,43.19103],[-6.19518,43.18811],[-6.20021,43.18357],[-6.19914,43.18071],[-6.20876,43.17582],[-6.21135,43.17452]]]}},{"type":"Feature","properties":{"mun_code":"33014","mun_name":"Carreño","mun_name_local":null,"prov_code":"33","prov_name":"Asturias","acom_code":"03","acom_name":"Principado de Asturias","geo_point_2d":{"lon":-5.791090076302333,"lat":43.54995885912166}},"geometry":{"type":"MultiPolygon","coordinates":[[[[-5.77073,43.6007],[-5.77409,43.59949],[-5.77563,43.59209],[-5.78154,43.5915],[-5.79897,43.58015],[-5.82253,43.57112],[-5.83297,43.56492],[-5.83267,43.56326],[-5.84214,43.56054],[-5.85491,43.55226],[-5.84707,43.54754],[-5.86301,43.53092],[-5.86281,43.52857],[-5.83912,43.50988],[-5.82491,43.50253],[-5.82123,43.50405],[-5.81663,43.51051],[-5.81509,43.51093],[-5.81204,43.50898],[-5.80862,43.51271],[-5.79542,43.5167],[-5.79239,43.51894],[-5.78383,43.52023],[-5.78267,43.52202],[-5.76892,43.52512],[-5.75809,43.53201],[-5.74575,43.53788],[-5.74276,43.53762],[-5.74509,43.54078],[-5.73565,43.54273],[-5.72844,43.54708],[-5.71645,43.55871],[-5.71317,43.56563],[-5.71021,43.56762],[-5.70887,43.57269],[-5.71164,43.56833],[-5.72643,43.57281],[-5.7347,43.57343],[-5.73764,43.57642],[-5.73907,43.57608],[-5.73933,43.57901],[-5.74248,43.57751],[-5.74424,43.57854],[-5.74365,43.58233],[-5.74695,43.58434],[-5.74912,43.58513],[-5.75208,43.58323],[-5.75575,43.58327],[-5.75553,43.58489],[-5.75778,43.58445],[-5.76062,43.5868],[-5.76069,43.58825],[-5.75882,43.58842],[-5.76229,43.58872],[-5.76294,43.59001],[-5.75761,43.58904],[-5.76143,43.59176],[-5.76028,43.59529],[-5.76592,43.59356],[-5.76579,43.59606],[-5.76706,43.59502],[-5.76809,43.59679],[-5.76723,43.59893],[-5.77034,43.60039],[-5.77073,43.6007]]]]}},{"type":"Feature","properties":{"mun_code":"33077","mun_name":"Villayón","mun_name_local":null,"prov_code":"33","prov_name":"Asturias","acom_code":"03","acom_name":"Principado de Asturias","geo_point_2d":{"lon":-6.705894962588326,"lat":43.41195056869888}},"geometry":{"type":"Polygon","coordinates":[[[-6.77514,43.34956],[-6.77873,43.34077],[-6.78179,43.33979],[-6.78326,43.33642],[-6.78168,43.33155],[-6.75964,43.32156],[-6.75649,43.3183],[-6.75097,43.3183],[-6.74355,43.32043],[-6.73959,43.3254],[-6.72777,43.33353],[-6.72021,43.3435],[-6.70814,43.35261],[-6.7058,43.35538],[-6.70621,43.35979],[-6.70083,43.37019],[-6.69342,43.37452],[-6.68386,43.37451],[-6.68153,43.37202],[-6.66717,43.36748],[-6.66312,43.36889],[-6.66222,43.37435],[-6.65632,43.37904],[-6.6566,43.38415],[-6.64324,43.40022],[-6.64546,43.40062],[-6.64401,43.40348],[-6.64118,43.40458],[-6.64087,43.4097],[-6.64453,43.40974],[-6.64632,43.41197],[-6.64553,43.41326],[-6.64248,43.41269],[-6.63776,43.42062],[-6.63365,43.42444],[-6.63108,43.42463],[-6.63788,43.43966],[-6.64673,43.44074],[-6.65783,43.44432],[-6.65725,43.44921],[-6.6487,43.45588],[-6.64113,43.476],[-6.64337,43.47839],[-6.64193,43.48383],[-6.64336,43.48511],[-6.64596,43.48475],[-6.6483,43.48782],[-6.65429,43.48965],[-6.66038,43.48976],[-6.66464,43.49296],[-6.67624,43.49114],[-6.69149,43.49476],[-6.70112,43.49311],[-6.70958,43.49862],[-6.71522,43.4993],[-6.72372,43.49526],[-6.72283,43.49447],[-6.72498,43.49364],[-6.72321,43.48381],[-6.72794,43.48036],[-6.73494,43.47891],[-6.73606,43.47738],[-6.73186,43.47664],[-6.7243,43.47847],[-6.71491,43.47461],[-6.7227,43.46478],[-6.72121,43.46144],[-6.72562,43.45598],[-6.73223,43.45253],[-6.73524,43.44761],[-6.72685,43.44645],[-6.72523,43.44381],[-6.72121,43.44278],[-6.7198,43.44005],[-6.73026,43.43756],[-6.73285,43.4337],[-6.73781,43.43581],[-6.74094,43.43533],[-6.74242,43.43284],[-6.74332,43.43406],[-6.7464,43.43334],[-6.74975,43.43017],[-6.76249,43.4244],[-6.75738,43.42092],[-6.7612,43.41685],[-6.75997,43.41422],[-6.76164,43.41003],[-6.75933,43.40481],[-6.76119,43.39682],[-6.76007,43.39403],[-6.7662,43.38371],[-6.7649,43.37609],[-6.76708,43.37224],[-6.7678,43.36486],[-6.77421,43.35507],[-6.77494,43.35041],[-6.77514,43.34956]]]}},{"type":"Feature","properties":{"mun_code":"33031","mun_name":"Langreo","mun_name_local":null,"prov_code":"33","prov_name":"Asturias","acom_code":"03","acom_name":"Principado de Asturias","geo_point_2d":{"lon":-5.6935956674345,"lat":43.29701410171839}},"geometry":{"type":"Polygon","coordinates":[[[-5.77096,43.2882],[-5.7578,43.28656],[-5.75021,43.28914],[-5.74162,43.27886],[-5.73504,43.2776],[-5.73187,43.27496],[-5.72227,43.27724],[-5.71405,43.27722],[-5.70169,43.27211],[-5.69509,43.2661],[-5.69196,43.2651],[-5.69259,43.26172],[-5.68878,43.25494],[-5.6886,43.24333],[-5.68961,43.24073],[-5.69487,43.23975],[-5.69435,43.23244],[-5.67967,43.22873],[-5.67627,43.22983],[-5.67232,43.22887],[-5.66488,43.23097],[-5.65528,43.22902],[-5.65424,43.2362],[-5.65618,43.23981],[-5.65195,43.25031],[-5.64827,43.25419],[-5.64971,43.2572],[-5.64329,43.26142],[-5.64477,43.26358],[-5.64353,43.26453],[-5.64768,43.26583],[-5.64478,43.26842],[-5.64495,43.27053],[-5.65017,43.28659],[-5.65562,43.28931],[-5.66691,43.29041],[-5.64577,43.30632],[-5.64284,43.30575],[-5.63948,43.3079],[-5.63103,43.30861],[-5.62649,43.31088],[-5.61845,43.3104],[-5.61521,43.3198],[-5.61815,43.32463],[-5.6461,43.33176],[-5.65726,43.34109],[-5.66397,43.34104],[-5.68283,43.33129],[-5.70228,43.33529],[-5.70495,43.34397],[-5.71057,43.34597],[-5.71592,43.34325],[-5.72056,43.34315],[-5.72153,43.34063],[-5.73266,43.33731],[-5.73452,43.33489],[-5.73766,43.33578],[-5.74428,43.33379],[-5.75057,43.33874],[-5.75513,43.33341],[-5.75494,43.33089],[-5.75783,43.32884],[-5.75835,43.3242],[-5.75619,43.31855],[-5.76013,43.3136],[-5.7609,43.30968],[-5.7633,43.30694],[-5.76725,43.30621],[-5.77369,43.30189],[-5.77379,43.29594],[-5.7715,43.29011],[-5.77096,43.2882]]]}},{"type":"Feature","properties":{"mun_code":"33051","mun_name":"Pravia","mun_name_local":null,"prov_code":"33","prov_name":"Asturias","acom_code":"03","acom_name":"Principado de Asturias","geo_point_2d":{"lon":-6.150005161900865,"lat":43.48503976696533}},"geometry":{"type":"Polygon","coordinates":[[[-6.23546,43.49573],[-6.23364,43.49148],[-6.22765,43.4883],[-6.23087,43.48773],[-6.22988,43.48168],[-6.2277,43.48196],[-6.22826,43.48048],[-6.22645,43.48042],[-6.22635,43.47878],[-6.22225,43.47618],[-6.21766,43.46754],[-6.22507,43.46171],[-6.23043,43.46103],[-6.22991,43.45836],[-6.22424,43.45437],[-6.20219,43.45273],[-6.19125,43.44978],[-6.18645,43.44473],[-6.18562,43.44122],[-6.18089,43.44304],[-6.17589,43.43774],[-6.17071,43.4377],[-6.16238,43.43222],[-6.16323,43.4248],[-6.15504,43.41694],[-6.15163,43.42021],[-6.1449,43.42058],[-6.14129,43.42697],[-6.14232,43.43393],[-6.13753,43.43897],[-6.11917,43.44551],[-6.10548,43.46251],[-6.09936,43.46323],[-6.09733,43.46478],[-6.09645,43.46629],[-6.09812,43.46902],[-6.08697,43.47263],[-6.0856,43.47549],[-6.07876,43.47605],[-6.06473,43.48414],[-6.08286,43.49663],[-6.0846,43.49977],[-6.08475,43.50254],[-6.07928,43.50673],[-6.07706,43.51042],[-6.07702,43.52052],[-6.08288,43.52354],[-6.08585,43.52871],[-6.09259,43.53472],[-6.10262,43.53583],[-6.10919,43.53807],[-6.10905,43.54143],[-6.1152,43.53955],[-6.1211,43.54255],[-6.12021,43.54511],[-6.12223,43.54713],[-6.12468,43.54649],[-6.12712,43.54215],[-6.13413,43.53906],[-6.14107,43.52762],[-6.14076,43.52195],[-6.14287,43.52032],[-6.15175,43.51738],[-6.16998,43.51527],[-6.173,43.51964],[-6.17561,43.5199],[-6.17395,43.51589],[-6.17822,43.51427],[-6.18659,43.50514],[-6.1933,43.507],[-6.19948,43.51109],[-6.20302,43.51832],[-6.21027,43.51929],[-6.21393,43.52255],[-6.2163,43.52093],[-6.21517,43.51938],[-6.22138,43.5092],[-6.22588,43.5076],[-6.22765,43.50259],[-6.23321,43.50025],[-6.23474,43.49632],[-6.23546,43.49573]]]}},{"type":"Feature","properties":{"mun_code":"33001","mun_name":"Allande","mun_name_local":null,"prov_code":"33","prov_name":"Asturias","acom_code":"03","acom_name":"Principado de Asturias","geo_point_2d":{"lon":-6.714905363772936,"lat":43.2363121185566}},"geometry":{"type":"Polygon","coordinates":[[[-6.84803,43.23643],[-6.84399,43.23384],[-6.83311,43.23148],[-6.81498,43.23051],[-6.81655,43.22616],[-6.81146,43.22824],[-6.80461,43.22875],[-6.80399,43.23076],[-6.79801,43.22921],[-6.7955,43.23208],[-6.7919,43.22821],[-6.78655,43.22599],[-6.78607,43.21207],[-6.79026,43.20426],[-6.80562,43.201],[-6.81925,43.20819],[-6.82568,43.19981],[-6.82816,43.18939],[-6.8309,43.18551],[-6.83301,43.17287],[-6.83891,43.16614],[-6.83594,43.15869],[-6.83675,43.1573],[-6.82987,43.15185],[-6.82628,43.14581],[-6.82212,43.14333],[-6.82479,43.14008],[-6.82392,43.13704],[-6.82746,43.12805],[-6.82761,43.12315],[-6.84101,43.11529],[-6.83316,43.11803],[-6.829,43.11777],[-6.82841,43.11604],[-6.82444,43.11477],[-6.8231,43.11145],[-6.81535,43.10915],[-6.81105,43.11013],[-6.80543,43.10531],[-6.79467,43.09932],[-6.78705,43.10125],[-6.78543,43.10744],[-6.78177,43.11298],[-6.77251,43.11501],[-6.76587,43.11432],[-6.74772,43.11695],[-6.73217,43.12574],[-6.73405,43.1324],[-6.73831,43.13887],[-6.74328,43.14212],[-6.74264,43.1467],[-6.73705,43.15255],[-6.73639,43.16174],[-6.73293,43.16608],[-6.73263,43.16914],[-6.72302,43.17736],[-6.72639,43.18572],[-6.72334,43.19082],[-6.72029,43.19257],[-6.71822,43.19947],[-6.71326,43.20008],[-6.71125,43.19325],[-6.70848,43.1914],[-6.70617,43.19581],[-6.69538,43.20239],[-6.67761,43.20592],[-6.66153,43.202],[-6.65366,43.20301],[-6.64524,43.1996],[-6.63761,43.2],[-6.63251,43.19714],[-6.6315,43.19855],[-6.62726,43.19869],[-6.62585,43.19387],[-6.62199,43.19076],[-6.6154,43.19186],[-6.61405,43.19412],[-6.60937,43.19531],[-6.6085,43.19356],[-6.59763,43.19487],[-6.59612,43.19848],[-6.58215,43.20196],[-6.57968,43.20226],[-6.57924,43.20125],[-6.57509,43.20705],[-6.57611,43.20979],[-6.57324,43.21015],[-6.57242,43.20482],[-6.56885,43.19848],[-6.5629,43.20068],[-6.5595,43.20577],[-6.55077,43.20761],[-6.55137,43.21328],[-6.54979,43.21591],[-6.55215,43.21937],[-6.55184,43.22303],[-6.53084,43.23623],[-6.54086,43.24432],[-6.55509,43.24313],[-6.5556,43.24577],[-6.56833,43.2511],[-6.57492,43.26008],[-6.5827,43.26584],[-6.58467,43.27263],[-6.58947,43.27424],[-6.59029,43.28146],[-6.59291,43.2837],[-6.59506,43.28917],[-6.60479,43.29223],[-6.61919,43.29184],[-6.63173,43.2977],[-6.63594,43.30254],[-6.6474,43.30257],[-6.65429,43.30562],[-6.65927,43.30546],[-6.67159,43.30962],[-6.68066,43.31484],[-6.68381,43.31514],[-6.68305,43.31938],[-6.67529,43.32696],[-6.67843,43.33227],[-6.67593,43.33846],[-6.66934,43.34691],[-6.67312,43.35198],[-6.67385,43.35629],[-6.67254,43.35828],[-6.66593,43.36037],[-6.66483,43.36368],[-6.66594,43.36726],[-6.68153,43.37202],[-6.68386,43.37451],[-6.6897,43.37497],[-6.69342,43.37452],[-6.70083,43.37019],[-6.70621,43.35979],[-6.7058,43.35538],[-6.70814,43.35261],[-6.72021,43.3435],[-6.72777,43.33353],[-6.73959,43.3254],[-6.74355,43.32043],[-6.75097,43.3183],[-6.75649,43.3183],[-6.75767,43.31676],[-6.76493,43.31416],[-6.77315,43.30793],[-6.77831,43.30153],[-6.78222,43.30051],[-6.79423,43.28883],[-6.80182,43.28614],[-6.81529,43.28396],[-6.83056,43.27649],[-6.83141,43.2682],[-6.8358,43.26177],[-6.84026,43.25882],[-6.84436,43.24984],[-6.84393,43.24823],[-6.84005,43.24807],[-6.84011,43.24238],[-6.84684,43.23663],[-6.84803,43.23643]],[[-6.61077,43.19816],[-6.61897,43.19938],[-6.61481,43.20506],[-6.61236,43.20505],[-6.60747,43.20049],[-6.61025,43.19829],[-6.61077,43.19816]],[[-6.59441,43.20824],[-6.60086,43.21105],[-6.59491,43.2167],[-6.59038,43.21508],[-6.59328,43.21357],[-6.59293,43.20881],[-6.59441,43.20824]]]}},{"type":"Feature","properties":{"mun_code":"33073","mun_name":"Tineo","mun_name_local":null,"prov_code":"33","prov_name":"Asturias","acom_code":"03","acom_name":"Principado de Asturias","geo_point_2d":{"lon":-6.4840113042431815,"lat":43.33748783615868}},"geometry":{"type":"Polygon","coordinates":[[[-6.66594,43.36726],[-6.66559,43.3607],[-6.67254,43.35828],[-6.67385,43.35629],[-6.67312,43.35198],[-6.66928,43.34745],[-6.67593,43.33846],[-6.67843,43.33227],[-6.67529,43.32696],[-6.68305,43.31938],[-6.68381,43.31514],[-6.68066,43.31484],[-6.67159,43.30962],[-6.65927,43.30546],[-6.65429,43.30562],[-6.6474,43.30257],[-6.63594,43.30254],[-6.63173,43.2977],[-6.61919,43.29184],[-6.60479,43.29223],[-6.59506,43.28917],[-6.59291,43.2837],[-6.59029,43.28146],[-6.58947,43.27424],[-6.58467,43.27263],[-6.5827,43.26584],[-6.57492,43.26008],[-6.56833,43.2511],[-6.5556,43.24577],[-6.55509,43.24313],[-6.54086,43.24432],[-6.53084,43.23623],[-6.52019,43.23693],[-6.51295,43.24233],[-6.50974,43.24727],[-6.49564,43.2525],[-6.48622,43.26031],[-6.4755,43.26401],[-6.47133,43.26392],[-6.45104,43.27553],[-6.44514,43.27186],[-6.43932,43.26415],[-6.43948,43.2588],[-6.43353,43.25481],[-6.4311,43.25398],[-6.42472,43.25708],[-6.41778,43.25498],[-6.40294,43.25693],[-6.39378,43.24332],[-6.38629,43.23726],[-6.38574,43.23389],[-6.38166,43.22947],[-6.37851,43.22889],[-6.38087,43.21902],[-6.37366,43.21181],[-6.3752,43.20564],[-6.3738,43.18939],[-6.37182,43.18672],[-6.37437,43.17905],[-6.37149,43.17503],[-6.3717,43.16789],[-6.36875,43.16249],[-6.36484,43.16008],[-6.35962,43.15906],[-6.35811,43.16141],[-6.35426,43.16278],[-6.35184,43.16926],[-6.35193,43.1748],[-6.3489,43.18005],[-6.3439,43.1818],[-6.33889,43.19864],[-6.3326,43.20558],[-6.33694,43.21249],[-6.33067,43.21535],[-6.33072,43.22451],[-6.32221,43.23029],[-6.3152,43.23194],[-6.31544,43.23419],[-6.32456,43.24179],[-6.33517,43.24629],[-6.33954,43.24965],[-6.3417,43.26437],[-6.33259,43.26924],[-6.32767,43.26969],[-6.33147,43.27399],[-6.32993,43.27691],[-6.33008,43.28465],[-6.33279,43.288],[-6.33326,43.29427],[-6.32132,43.30194],[-6.317,43.30238],[-6.31793,43.30651],[-6.30918,43.31223],[-6.30326,43.3218],[-6.30778,43.32405],[-6.3113,43.32938],[-6.31517,43.33044],[-6.30686,43.34456],[-6.29908,43.3496],[-6.30028,43.35153],[-6.30195,43.3507],[-6.30338,43.35282],[-6.30995,43.35594],[-6.31379,43.35579],[-6.315,43.35802],[-6.32224,43.35831],[-6.33494,43.36416],[-6.32647,43.37697],[-6.33423,43.38663],[-6.34822,43.39435],[-6.35141,43.39921],[-6.34734,43.40016],[-6.34495,43.40514],[-6.34881,43.41385],[-6.35088,43.41372],[-6.35415,43.41828],[-6.3535,43.4218],[-6.36142,43.42653],[-6.35984,43.4281],[-6.36259,43.43185],[-6.37372,43.42486],[-6.37987,43.42356],[-6.38321,43.42144],[-6.38547,43.41837],[-6.38623,43.4114],[-6.3901,43.40788],[-6.39315,43.39985],[-6.39077,43.39865],[-6.39507,43.39825],[-6.41845,43.4038],[-6.42156,43.40606],[-6.42946,43.40824],[-6.42732,43.41386],[-6.43342,43.42379],[-6.4392,43.42767],[-6.44945,43.42893],[-6.4507,43.43089],[-6.44965,43.43603],[-6.45336,43.43912],[-6.46576,43.43602],[-6.47394,43.44194],[-6.47748,43.44043],[-6.47675,43.43901],[-6.48337,43.43792],[-6.49437,43.43227],[-6.50518,43.43463],[-6.50618,43.43386],[-6.51025,43.43587],[-6.50943,43.43843],[-6.51483,43.43359],[-6.51758,43.43607],[-6.52564,43.43658],[-6.53135,43.43896],[-6.5373,43.44497],[-6.54554,43.44914],[-6.54614,43.45316],[-6.55612,43.45957],[-6.55872,43.45996],[-6.56311,43.4562],[-6.57593,43.45905],[-6.5971,43.45541],[-6.59876,43.45488],[-6.60163,43.44531],[-6.60636,43.44284],[-6.61031,43.43589],[-6.61951,43.4323],[-6.62798,43.4256],[-6.63365,43.42444],[-6.64248,43.41269],[-6.64553,43.41326],[-6.64641,43.4117],[-6.64453,43.40974],[-6.64087,43.4097],[-6.64118,43.40458],[-6.64401,43.40348],[-6.64546,43.40062],[-6.64324,43.40022],[-6.65173,43.39147],[-6.6566,43.38415],[-6.65648,43.37869],[-6.66222,43.37435],[-6.66312,43.36889],[-6.66542,43.36751],[-6.66594,43.36726]]]}},{"type":"Feature","properties":{"mun_code":"33006","mun_name":"Bimenes","mun_name_local":null,"prov_code":"33","prov_name":"Asturias","acom_code":"03","acom_name":"Principado de Asturias","geo_point_2d":{"lon":-5.561241526187001,"lat":43.32370807786745}},"geometry":{"type":"Polygon","coordinates":[[[-5.60667,43.32933],[-5.60503,43.32636],[-5.60002,43.32464],[-5.59721,43.32105],[-5.58821,43.31805],[-5.58768,43.31172],[-5.5831,43.30893],[-5.57868,43.29886],[-5.56831,43.29636],[-5.5662,43.29746],[-5.56159,43.29622],[-5.55876,43.29298],[-5.55107,43.29356],[-5.54773,43.29509],[-5.54594,43.29427],[-5.53947,43.29639],[-5.53203,43.29399],[-5.52775,43.29411],[-5.52923,43.29987],[-5.50999,43.30336],[-5.5153,43.31252],[-5.51598,43.31705],[-5.53156,43.32259],[-5.53228,43.32673],[-5.54224,43.33013],[-5.54804,43.33946],[-5.54297,43.34556],[-5.54703,43.35386],[-5.55067,43.35486],[-5.55905,43.35432],[-5.56692,43.35738],[-5.57241,43.35638],[-5.57778,43.35293],[-5.593,43.35185],[-5.60292,43.34163],[-5.60065,43.33549],[-5.6034,43.33024],[-5.60499,43.32994],[-5.60667,43.32933]]]}},{"type":"Feature","properties":{"mun_code":"33009","mun_name":"Cabranes","mun_name_local":null,"prov_code":"33","prov_name":"Asturias","acom_code":"03","acom_name":"Principado de Asturias","geo_point_2d":{"lon":-5.421604841447921,"lat":43.40489308636855}},"geometry":{"type":"Polygon","coordinates":[[[-5.49648,43.41593],[-5.48884,43.41488],[-5.48192,43.40995],[-5.47307,43.39734],[-5.46628,43.39802],[-5.46363,43.39695],[-5.46801,43.38958],[-5.46186,43.37879],[-5.45969,43.37712],[-5.45231,43.37797],[-5.44651,43.37622],[-5.42962,43.38393],[-5.40519,43.38394],[-5.38314,43.3856],[-5.37158,43.3925],[-5.36615,43.40698],[-5.36946,43.40827],[-5.37288,43.41668],[-5.37594,43.41788],[-5.37658,43.42089],[-5.38917,43.42332],[-5.39249,43.42279],[-5.39673,43.42506],[-5.4004,43.43107],[-5.40969,43.43472],[-5.41206,43.4375],[-5.42357,43.43792],[-5.43522,43.43518],[-5.4334,43.43473],[-5.43288,43.43108],[-5.43697,43.42492],[-5.43658,43.41999],[-5.44349,43.41657],[-5.44779,43.41143],[-5.45577,43.41328],[-5.46972,43.41333],[-5.47526,43.41552],[-5.48995,43.41546],[-5.49648,43.41593]]]}},{"type":"Feature","properties":{"mun_code":"33007","mun_name":"Boal","mun_name_local":null,"prov_code":"33","prov_name":"Asturias","acom_code":"03","acom_name":"Principado de Asturias","geo_point_2d":{"lon":-6.822692604059637,"lat":43.417460345173836}},"geometry":{"type":"Polygon","coordinates":[[[-6.94269,43.38005],[-6.94249,43.37535],[-6.94006,43.37305],[-6.93942,43.37803],[-6.93329,43.38201],[-6.92737,43.38045],[-6.92585,43.38303],[-6.91853,43.38593],[-6.90433,43.38461],[-6.9045,43.38597],[-6.89846,43.38969],[-6.89468,43.39542],[-6.88939,43.39882],[-6.87804,43.3987],[-6.87381,43.39498],[-6.87539,43.38947],[-6.88164,43.37936],[-6.87473,43.37891],[-6.85535,43.38274],[-6.83239,43.38301],[-6.83005,43.3796],[-6.83177,43.3764],[-6.81905,43.37431],[-6.81388,43.37182],[-6.80262,43.36263],[-6.79805,43.35611],[-6.78966,43.35399],[-6.78332,43.34802],[-6.77514,43.34956],[-6.77421,43.35507],[-6.7678,43.36486],[-6.76708,43.37224],[-6.7649,43.37609],[-6.7662,43.38371],[-6.76007,43.39403],[-6.76119,43.39682],[-6.75933,43.40481],[-6.76164,43.41003],[-6.75997,43.41422],[-6.7612,43.41685],[-6.75738,43.42092],[-6.76249,43.4244],[-6.74975,43.43017],[-6.7464,43.43334],[-6.74332,43.43406],[-6.74242,43.43284],[-6.74094,43.43533],[-6.73781,43.43581],[-6.73285,43.4337],[-6.73026,43.43756],[-6.7198,43.44005],[-6.72121,43.44278],[-6.72523,43.44381],[-6.72685,43.44645],[-6.73524,43.44761],[-6.73223,43.45253],[-6.72562,43.45598],[-6.72121,43.46144],[-6.7227,43.46478],[-6.73219,43.4665],[-6.73244,43.46138],[-6.7406,43.4584],[-6.74149,43.45633],[-6.74582,43.45622],[-6.7549,43.45923],[-6.7656,43.45876],[-6.76825,43.45994],[-6.7732,43.45777],[-6.78138,43.46121],[-6.78597,43.46686],[-6.79392,43.47091],[-6.79822,43.47263],[-6.80756,43.47255],[-6.8185,43.4672],[-6.8194,43.46354],[-6.82221,43.4614],[-6.82248,43.45568],[-6.82775,43.45081],[-6.8396,43.44783],[-6.85005,43.45016],[-6.86192,43.45103],[-6.86778,43.45321],[-6.8741,43.45252],[-6.87388,43.4566],[-6.87903,43.45783],[-6.88438,43.45543],[-6.89683,43.4591],[-6.89902,43.4566],[-6.89754,43.45463],[-6.90035,43.45399],[-6.90127,43.45177],[-6.9085,43.45012],[-6.90517,43.44443],[-6.90988,43.43827],[-6.90869,43.43464],[-6.90482,43.43271],[-6.90576,43.42602],[-6.90163,43.42473],[-6.89873,43.42159],[-6.90445,43.41755],[-6.90933,43.40821],[-6.91976,43.39953],[-6.92203,43.3944],[-6.92786,43.39162],[-6.93032,43.38593],[-6.94201,43.3814],[-6.94269,43.38005]]]}},{"type":"Feature","properties":{"mun_code":"33032","mun_name":"Laviana","mun_name_local":null,"prov_code":"33","prov_name":"Asturias","acom_code":"03","acom_name":"Principado de Asturias","geo_point_2d":{"lon":-5.5447226704770305,"lat":43.22817244261848}},"geometry":{"type":"Polygon","coordinates":[[[-5.63154,43.19297],[-5.62698,43.19108],[-5.62744,43.18715],[-5.62556,43.1856],[-5.61305,43.18271],[-5.6055,43.1795],[-5.59844,43.17889],[-5.58929,43.17457],[-5.58555,43.16949],[-5.58145,43.16708],[-5.56548,43.17456],[-5.56116,43.1752],[-5.5584,43.17032],[-5.5543,43.16846],[-5.53719,43.16675],[-5.53647,43.16474],[-5.5339,43.16378],[-5.52289,43.16357],[-5.51936,43.16105],[-5.51831,43.16314],[-5.50643,43.16409],[-5.50703,43.16783],[-5.50423,43.18001],[-5.50589,43.18432],[-5.50234,43.18888],[-5.50365,43.19414],[-5.50172,43.19765],[-5.49376,43.19917],[-5.48791,43.20258],[-5.48594,43.21052],[-5.48668,43.21716],[-5.48395,43.21923],[-5.4798,43.22002],[-5.48184,43.22573],[-5.48044,43.23216],[-5.47578,43.23258],[-5.47317,43.23513],[-5.47367,43.24194],[-5.47045,43.24558],[-5.47226,43.25308],[-5.47701,43.25475],[-5.47364,43.2568],[-5.46399,43.25644],[-5.46665,43.26141],[-5.46359,43.26592],[-5.46632,43.26956],[-5.47558,43.27237],[-5.48017,43.27579],[-5.49169,43.27641],[-5.49325,43.27859],[-5.49701,43.27968],[-5.49953,43.27948],[-5.49912,43.278],[-5.50137,43.27656],[-5.5031,43.2848],[-5.50926,43.299],[-5.50749,43.30167],[-5.50999,43.30336],[-5.52923,43.29987],[-5.52775,43.29411],[-5.53203,43.29399],[-5.53947,43.29639],[-5.54594,43.29427],[-5.54773,43.29509],[-5.55295,43.29397],[-5.56032,43.29124],[-5.56735,43.28324],[-5.57745,43.27503],[-5.5809,43.26651],[-5.5801,43.2649],[-5.5871,43.25659],[-5.58777,43.25176],[-5.5943,43.24863],[-5.59585,43.24518],[-5.5939,43.24298],[-5.59543,43.23537],[-5.60749,43.23401],[-5.61335,43.2348],[-5.61408,43.23244],[-5.62013,43.22943],[-5.62127,43.22671],[-5.62887,43.22071],[-5.62549,43.2072],[-5.62704,43.19715],[-5.63087,43.19407],[-5.63154,43.19297]]]}},{"type":"Feature","properties":{"mun_code":"33036","mun_name":"Llanes","mun_name_local":null,"prov_code":"33","prov_name":"Asturias","acom_code":"03","acom_name":"Principado de Asturias","geo_point_2d":{"lon":-4.832454705020609,"lat":43.39801702225166}},"geometry":{"type":"MultiPolygon","coordinates":[[[[-4.70995,43.41482],[-4.70813,43.41576],[-4.71022,43.41495],[-4.70995,43.41482]]],[[[-4.73153,43.41743],[-4.72967,43.41832],[-4.73173,43.41773],[-4.73153,43.41743]]],[[[-4.98284,43.45494],[-4.98374,43.44957],[-4.98598,43.44916],[-4.98309,43.44572],[-4.98526,43.44028],[-4.99473,43.43551],[-4.99083,43.42334],[-5.00085,43.42192],[-5.00383,43.42256],[-5.00714,43.42067],[-5.01849,43.41906],[-5.02058,43.41616],[-5.01854,43.40948],[-5.03024,43.40674],[-5.02574,43.39912],[-5.00954,43.39647],[-5.01178,43.39519],[-5.00942,43.39204],[-5.00922,43.38722],[-5.01212,43.38368],[-5.00666,43.37878],[-4.99429,43.37626],[-4.98984,43.37308],[-4.98897,43.36763],[-4.98564,43.36558],[-4.97819,43.36521],[-4.96506,43.36699],[-4.95856,43.36607],[-4.9567,43.36342],[-4.95153,43.36106],[-4.94174,43.35926],[-4.9374,43.35689],[-4.93423,43.358],[-4.93241,43.35382],[-4.93001,43.3531],[-4.92705,43.35284],[-4.91556,43.35804],[-4.90674,43.35212],[-4.89578,43.35339],[-4.893,43.35726],[-4.89456,43.36075],[-4.88509,43.35825],[-4.86528,43.35777],[-4.86007,43.35883],[-4.85426,43.36169],[-4.85271,43.36474],[-4.85028,43.36488],[-4.8398,43.36231],[-4.83145,43.35785],[-4.82061,43.35489],[-4.80762,43.35585],[-4.78975,43.35318],[-4.77834,43.36212],[-4.7377,43.36273],[-4.72938,43.36441],[-4.72394,43.36369],[-4.7112,43.36513],[-4.7018,43.36358],[-4.70227,43.36134],[-4.69496,43.35892],[-4.67846,43.35777],[-4.67556,43.35625],[-4.67462,43.35357],[-4.66785,43.3527],[-4.66238,43.35375],[-4.6377,43.34971],[-4.62194,43.34924],[-4.61643,43.35043],[-4.62648,43.35067],[-4.61998,43.36264],[-4.62292,43.36517],[-4.62279,43.36858],[-4.61633,43.36693],[-4.61525,43.37056],[-4.61797,43.37131],[-4.61834,43.37292],[-4.61034,43.37479],[-4.60578,43.37248],[-4.60195,43.37499],[-4.6009,43.37296],[-4.59642,43.37325],[-4.59386,43.37523],[-4.59491,43.37713],[-4.59297,43.38061],[-4.58926,43.38208],[-4.58944,43.38932],[-4.58415,43.39011],[-4.58253,43.39162],[-4.58069,43.39117],[-4.57674,43.39575],[-4.57827,43.39585],[-4.57816,43.39811],[-4.5819,43.39945],[-4.59212,43.39687],[-4.60087,43.39653],[-4.6044,43.39755],[-4.60576,43.39608],[-4.60609,43.3973],[-4.61323,43.39769],[-4.61291,43.39679],[-4.61871,43.39523],[-4.61834,43.39861],[-4.62682,43.3976],[-4.63026,43.39857],[-4.63091,43.40027],[-4.63631,43.40041],[-4.64251,43.40268],[-4.65303,43.40056],[-4.65809,43.40183],[-4.6659,43.40637],[-4.68087,43.40923],[-4.69133,43.40791],[-4.69544,43.40872],[-4.69942,43.40484],[-4.69602,43.40892],[-4.69838,43.41256],[-4.70721,43.41042],[-4.70979,43.4124],[-4.71304,43.41156],[-4.71435,43.41293],[-4.71327,43.41508],[-4.71879,43.41644],[-4.71988,43.4154],[-4.72342,43.41571],[-4.72251,43.41692],[-4.72453,43.41861],[-4.72727,43.41787],[-4.72787,43.41595],[-4.73218,43.41646],[-4.73254,43.41804],[-4.73448,43.41819],[-4.73616,43.41767],[-4.73575,43.41593],[-4.73888,43.41653],[-4.74032,43.41505],[-4.74218,43.4183],[-4.74434,43.41662],[-4.74524,43.41939],[-4.74712,43.41859],[-4.74821,43.41967],[-4.74698,43.42025],[-4.75167,43.42078],[-4.74658,43.42171],[-4.75002,43.42157],[-4.75267,43.42256],[-4.75168,43.42354],[-4.75821,43.42569],[-4.76475,43.42591],[-4.76609,43.4293],[-4.76804,43.42837],[-4.76974,43.43001],[-4.77955,43.43025],[-4.7854,43.43169],[-4.78591,43.43046],[-4.78398,43.42928],[-4.78595,43.42602],[-4.78673,43.43203],[-4.79215,43.43248],[-4.79233,43.43084],[-4.80471,43.43331],[-4.80808,43.43153],[-4.8097,43.43303],[-4.80761,43.43446],[-4.81518,43.43583],[-4.81293,43.43954],[-4.8173,43.43993],[-4.8156,43.43819],[-4.81751,43.43762],[-4.81741,43.43596],[-4.81994,43.43735],[-4.82281,43.43569],[-4.8333,43.43977],[-4.83355,43.43703],[-4.83571,43.43519],[-4.83223,43.43374],[-4.83684,43.43337],[-4.83536,43.43432],[-4.83751,43.43603],[-4.83456,43.43699],[-4.83457,43.43887],[-4.83556,43.44089],[-4.83882,43.44011],[-4.8397,43.44093],[-4.84067,43.44358],[-4.83929,43.44657],[-4.84263,43.44669],[-4.8425,43.44486],[-4.84637,43.44561],[-4.8498,43.44471],[-4.84862,43.44328],[-4.85084,43.44188],[-4.85495,43.44258],[-4.85462,43.44632],[-4.86069,43.44439],[-4.86301,43.44586],[-4.86342,43.44362],[-4.87489,43.44165],[-4.87618,43.44252],[-4.875,43.44306],[-4.87983,43.44543],[-4.87941,43.44657],[-4.88391,43.44676],[-4.88431,43.44847],[-4.89959,43.44915],[-4.89672,43.45076],[-4.89955,43.45198],[-4.90471,43.45177],[-4.90587,43.45299],[-4.90459,43.45399],[-4.90718,43.45426],[-4.90672,43.45298],[-4.91019,43.45202],[-4.91571,43.45425],[-4.91626,43.45732],[-4.92356,43.45716],[-4.92485,43.45907],[-4.92553,43.45835],[-4.92805,43.45959],[-4.92615,43.4624],[-4.93051,43.46178],[-4.93653,43.45698],[-4.93633,43.45965],[-4.94479,43.45886],[-4.94253,43.46075],[-4.95105,43.45999],[-4.95208,43.46094],[-4.95543,43.45949],[-4.95553,43.46147],[-4.96101,43.46045],[-4.9751,43.46227],[-4.98081,43.45833],[-4.9821,43.45519],[-4.98284,43.45494]]],[[[-4.77657,43.43307],[-4.77479,43.43305],[-4.77625,43.4332],[-4.77657,43.43307]]],[[[-4.79046,43.4332],[-4.78765,43.43502],[-4.79123,43.43542],[-4.79055,43.43334],[-4.79046,43.4332]]],[[[-4.81126,43.4373],[-4.80895,43.43705],[-4.8083,43.43833],[-4.8092,43.43746],[-4.8111,43.43885],[-4.8115,43.43754],[-4.81126,43.4373]]],[[[-4.82733,43.43818],[-4.82491,43.4384],[-4.82718,43.43853],[-4.82733,43.43818]]],[[[-4.82371,43.43766],[-4.82195,43.43827],[-4.82362,43.43793],[-4.82371,43.43766]]],[[[-4.86012,43.44623],[-4.85886,43.44609],[-4.85996,43.4465],[-4.86012,43.44623]]]]}},{"type":"Feature","properties":{"mun_code":"33069","mun_name":"Sotu'l Barcu","mun_name_local":null,"prov_code":"33","prov_name":"Asturias","acom_code":"03","acom_name":"Principado de Asturias","geo_point_2d":{"lon":-6.055312753834979,"lat":43.525493837076745}},"geometry":{"type":"MultiPolygon","coordinates":[[[[-6.09259,43.53472],[-6.08585,43.52871],[-6.08288,43.52354],[-6.07766,43.52116],[-6.07625,43.51913],[-6.07769,43.50877],[-6.08502,43.50195],[-6.08371,43.49758],[-6.06473,43.48414],[-6.06149,43.48418],[-6.0567,43.48103],[-6.05547,43.48178],[-6.0514,43.48012],[-6.04707,43.48561],[-6.04878,43.48691],[-6.04885,43.49014],[-6.04533,43.49573],[-6.04085,43.4977],[-6.03292,43.49602],[-6.03015,43.50269],[-6.02172,43.5093],[-6.02482,43.51642],[-6.01757,43.53022],[-6.0246,43.54074],[-6.04212,43.54969],[-6.04447,43.55827],[-6.04329,43.5623],[-6.04665,43.56325],[-6.05137,43.56264],[-6.0537,43.57168],[-6.0669,43.56568],[-6.07572,43.56472],[-6.07584,43.56669],[-6.07888,43.55646],[-6.08312,43.55147],[-6.08114,43.54518],[-6.07574,43.53862],[-6.08142,43.53666],[-6.0917,43.53842],[-6.09304,43.53579],[-6.09259,43.53472]]],[[[-6.06881,43.56751],[-6.07423,43.56906],[-6.06938,43.56764],[-6.06881,43.56751]]]]}},{"type":"Feature","properties":{"mun_code":"33013","mun_name":"Caravia","mun_name_local":null,"prov_code":"33","prov_name":"Asturias","acom_code":"03","acom_name":"Principado de Asturias","geo_point_2d":{"lon":-5.191636278789119,"lat":43.460464272502996}},"geometry":{"type":"Polygon","coordinates":[[[-5.21591,43.47484],[-5.21572,43.45288],[-5.20071,43.43797],[-5.1933,43.4392],[-5.1921,43.44169],[-5.16643,43.45623],[-5.16207,43.46043],[-5.16841,43.47678],[-5.17168,43.47494],[-5.17752,43.47458],[-5.18093,43.47672],[-5.18944,43.47602],[-5.19084,43.47861],[-5.19362,43.4778],[-5.19551,43.47525],[-5.20331,43.47658],[-5.20452,43.47453],[-5.21349,43.47463],[-5.21591,43.47484]]]}},{"type":"Feature","properties":{"mun_code":"33040","mun_name":"Nava","mun_name_local":null,"prov_code":"33","prov_name":"Asturias","acom_code":"03","acom_name":"Principado de Asturias","geo_point_2d":{"lon":-5.4931198938330725,"lat":43.35158580639984}},"geometry":{"type":"Polygon","coordinates":[[[-5.56754,43.35726],[-5.55905,43.35432],[-5.55067,43.35486],[-5.54703,43.35386],[-5.54297,43.34556],[-5.54804,43.33946],[-5.54224,43.33013],[-5.53228,43.32673],[-5.53156,43.32259],[-5.51598,43.31705],[-5.51488,43.31166],[-5.50749,43.30167],[-5.50926,43.299],[-5.5031,43.2848],[-5.50137,43.27656],[-5.49912,43.278],[-5.49953,43.27948],[-5.49701,43.27968],[-5.49325,43.27859],[-5.49169,43.27641],[-5.48154,43.27618],[-5.48339,43.28387],[-5.48112,43.28983],[-5.47607,43.29186],[-5.47336,43.29155],[-5.47429,43.29408],[-5.46681,43.29896],[-5.46997,43.30328],[-5.46393,43.31134],[-5.46299,43.3177],[-5.45695,43.3232],[-5.45154,43.32429],[-5.44706,43.32764],[-5.44176,43.32851],[-5.43026,43.33617],[-5.42646,43.33617],[-5.42252,43.33841],[-5.41904,43.34306],[-5.42158,43.34975],[-5.42124,43.35403],[-5.42802,43.3627],[-5.42571,43.36386],[-5.42962,43.38393],[-5.44651,43.37622],[-5.45231,43.37797],[-5.45969,43.37712],[-5.46557,43.38406],[-5.46801,43.38958],[-5.46363,43.39695],[-5.46628,43.39802],[-5.47307,43.39734],[-5.48192,43.40995],[-5.48884,43.41488],[-5.49648,43.41593],[-5.49969,43.40688],[-5.49637,43.40371],[-5.50784,43.39763],[-5.53409,43.39598],[-5.55438,43.39193],[-5.55624,43.38757],[-5.55537,43.38254],[-5.55866,43.37787],[-5.56097,43.37815],[-5.56238,43.37329],[-5.561,43.37156],[-5.56364,43.36778],[-5.56793,43.36763],[-5.56869,43.35908],[-5.56754,43.35726]]]}},{"type":"Feature","properties":{"mun_code":"33018","mun_name":"Cuaña","mun_name_local":null,"prov_code":"33","prov_name":"Asturias","acom_code":"03","acom_name":"Principado de Asturias","geo_point_2d":{"lon":-6.762766049738757,"lat":43.510304963314155}},"geometry":{"type":"MultiPolygon","coordinates":[[[[-6.76549,43.56914],[-6.76487,43.56993],[-6.76577,43.56931],[-6.76549,43.56914]]],[[[-6.81641,43.46906],[-6.80756,43.47255],[-6.79822,43.47263],[-6.78597,43.46686],[-6.78138,43.46121],[-6.77383,43.4579],[-6.76825,43.45994],[-6.7656,43.45876],[-6.75556,43.45928],[-6.74911,43.45813],[-6.74582,43.45622],[-6.74149,43.45633],[-6.7406,43.4584],[-6.73244,43.46138],[-6.73219,43.4665],[-6.7227,43.46478],[-6.72009,43.46681],[-6.71517,43.47532],[-6.71903,43.47562],[-6.7243,43.47847],[-6.73186,43.47664],[-6.73606,43.47738],[-6.73494,43.47891],[-6.72794,43.48036],[-6.72299,43.48423],[-6.72458,43.49317],[-6.73313,43.49756],[-6.72914,43.49837],[-6.72884,43.49974],[-6.73113,43.50104],[-6.73564,43.50027],[-6.7344,43.50653],[-6.73629,43.50895],[-6.73271,43.50979],[-6.72649,43.50649],[-6.72162,43.5094],[-6.72619,43.5123],[-6.73608,43.51342],[-6.73232,43.52006],[-6.73187,43.52592],[-6.72359,43.53096],[-6.72598,43.536],[-6.72493,43.55632],[-6.72933,43.55992],[-6.73234,43.56062],[-6.7336,43.56449],[-6.74105,43.56062],[-6.74214,43.56469],[-6.74452,43.56406],[-6.74632,43.56617],[-6.75273,43.56458],[-6.75856,43.56133],[-6.76037,43.56359],[-6.76246,43.56274],[-6.76419,43.56471],[-6.76336,43.56857],[-6.76726,43.56868],[-6.77092,43.56613],[-6.77475,43.56856],[-6.77567,43.5667],[-6.77734,43.56727],[-6.77734,43.56484],[-6.78296,43.56496],[-6.78331,43.56275],[-6.7809,43.55943],[-6.78391,43.55641],[-6.78874,43.55589],[-6.79447,43.5579],[-6.79792,43.55549],[-6.80234,43.55629],[-6.80321,43.54789],[-6.79665,43.53638],[-6.78953,43.52879],[-6.78773,43.52308],[-6.78749,43.51909],[-6.79011,43.51471],[-6.78814,43.51086],[-6.79049,43.50538],[-6.78925,43.5029],[-6.80574,43.48949],[-6.81832,43.48731],[-6.81954,43.48254],[-6.81564,43.47538],[-6.81641,43.46906]]],[[[-6.75296,43.56488],[-6.75149,43.5673],[-6.75321,43.56634],[-6.75367,43.56744],[-6.75321,43.56556],[-6.75296,43.56488]]]]}},{"type":"Feature","properties":{"mun_code":"33074","mun_name":"Vegadeo","mun_name_local":null,"prov_code":"33","prov_name":"Asturias","acom_code":"03","acom_name":"Principado de Asturias","geo_point_2d":{"lon":-7.025457898593593,"lat":43.421803182425016}},"geometry":{"type":"Polygon","coordinates":[[[-7.10408,43.42667],[-7.10191,43.42427],[-7.10423,43.42282],[-7.10069,43.42142],[-7.10178,43.41815],[-7.09978,43.41641],[-7.1011,43.41187],[-7.09724,43.41107],[-7.09802,43.40938],[-7.09483,43.40701],[-7.08754,43.40586],[-7.08423,43.40294],[-7.08288,43.40512],[-7.07843,43.40643],[-7.07321,43.41081],[-7.06942,43.42516],[-7.06057,43.42697],[-7.05149,43.42285],[-7.04687,43.41767],[-7.04222,43.41622],[-7.04267,43.40934],[-7.03858,43.40468],[-7.03943,43.40138],[-7.03647,43.39238],[-7.03133,43.39255],[-7.02703,43.39038],[-7.03168,43.38366],[-7.02847,43.37627],[-7.0289,43.37042],[-7.02372,43.36191],[-7.02863,43.35816],[-7.02248,43.35904],[-7.02179,43.36079],[-7.01789,43.36142],[-7.01047,43.36665],[-7.00196,43.36711],[-6.99377,43.36383],[-6.98982,43.35704],[-6.98339,43.35827],[-6.98024,43.36563],[-6.98112,43.37513],[-6.97761,43.37853],[-6.97251,43.37795],[-6.97084,43.37996],[-6.96189,43.37418],[-6.95624,43.37385],[-6.96901,43.39145],[-6.96939,43.39912],[-6.96629,43.40134],[-6.96503,43.40741],[-6.96173,43.4118],[-6.95228,43.41967],[-6.95206,43.42502],[-6.94704,43.43494],[-6.95727,43.43654],[-6.9655,43.42849],[-6.97253,43.42625],[-6.97269,43.41953],[-6.97508,43.4166],[-6.97617,43.41704],[-6.98448,43.4241],[-6.99552,43.43766],[-6.99267,43.44014],[-6.99044,43.43978],[-6.99062,43.44396],[-6.99256,43.44423],[-6.99016,43.44703],[-6.99127,43.44891],[-6.99312,43.44786],[-6.99605,43.45065],[-7.00127,43.45161],[-7.00196,43.45008],[-7.00411,43.45015],[-7.011,43.45734],[-7.00958,43.45871],[-7.01248,43.46053],[-7.01051,43.46074],[-7.00923,43.46525],[-7.00266,43.47426],[-7.01937,43.47194],[-7.03337,43.47391],[-7.04378,43.47068],[-7.048,43.47209],[-7.05798,43.47175],[-7.0629,43.47403],[-7.06537,43.47123],[-7.0705,43.47023],[-7.07206,43.46581],[-7.07881,43.46514],[-7.08367,43.45816],[-7.09137,43.45406],[-7.09173,43.4477],[-7.08625,43.44358],[-7.08876,43.44336],[-7.08885,43.44488],[-7.09034,43.44487],[-7.10036,43.4409],[-7.09779,43.43281],[-7.09963,43.4319],[-7.10412,43.43366],[-7.10624,43.43271],[-7.10122,43.42882],[-7.10306,43.42689],[-7.10408,43.42667]]]}},{"type":"Feature","properties":{"mun_code":"33034","mun_name":"Valdés","mun_name_local":null,"prov_code":"33","prov_name":"Asturias","acom_code":"03","acom_name":"Principado de Asturias","geo_point_2d":{"lon":-6.467827849586733,"lat":43.49471500489262}},"geometry":{"type":"MultiPolygon","coordinates":[[[[-6.41092,43.55819],[-6.40936,43.55837],[-6.41077,43.55833],[-6.41092,43.55819]]],[[[-6.64336,43.48511],[-6.64166,43.48289],[-6.64337,43.47839],[-6.64113,43.476],[-6.64568,43.46558],[-6.64526,43.46241],[-6.64851,43.45941],[-6.6487,43.45588],[-6.65725,43.44921],[-6.65783,43.44432],[-6.64673,43.44074],[-6.63788,43.43966],[-6.63108,43.42463],[-6.62713,43.4261],[-6.61951,43.4323],[-6.60859,43.43749],[-6.60636,43.44284],[-6.60119,43.44602],[-6.5983,43.4551],[-6.57593,43.45905],[-6.56311,43.4562],[-6.55802,43.4599],[-6.55056,43.45676],[-6.54614,43.45316],[-6.54554,43.44914],[-6.5373,43.44497],[-6.53135,43.43896],[-6.52564,43.43658],[-6.51758,43.43607],[-6.51483,43.43359],[-6.50943,43.43843],[-6.51025,43.43587],[-6.50618,43.43386],[-6.50518,43.43463],[-6.49437,43.43227],[-6.48337,43.43792],[-6.47675,43.43901],[-6.47748,43.44043],[-6.47394,43.44194],[-6.46576,43.43602],[-6.45336,43.43912],[-6.44965,43.43603],[-6.4507,43.43089],[-6.44945,43.42893],[-6.4392,43.42767],[-6.43342,43.42379],[-6.42732,43.41386],[-6.42946,43.40824],[-6.42156,43.40606],[-6.41845,43.4038],[-6.39507,43.39825],[-6.39077,43.39865],[-6.39315,43.39985],[-6.3901,43.40788],[-6.38623,43.4114],[-6.38483,43.41973],[-6.3813,43.42299],[-6.37372,43.42486],[-6.36259,43.43185],[-6.36064,43.43742],[-6.35294,43.44011],[-6.35586,43.44351],[-6.35149,43.446],[-6.3493,43.4517],[-6.33668,43.46744],[-6.33914,43.47118],[-6.34362,43.47334],[-6.32719,43.48346],[-6.31608,43.48014],[-6.30624,43.4808],[-6.29726,43.48562],[-6.2952,43.49206],[-6.29384,43.49391],[-6.28939,43.49514],[-6.28787,43.49986],[-6.28139,43.49989],[-6.27449,43.49753],[-6.26863,43.4986],[-6.26867,43.50288],[-6.2657,43.50708],[-6.27097,43.50924],[-6.27273,43.51326],[-6.27113,43.51807],[-6.26786,43.5208],[-6.26754,43.5264],[-6.26466,43.53],[-6.26921,43.53534],[-6.26675,43.53717],[-6.26659,43.54034],[-6.26253,43.53939],[-6.25919,43.54269],[-6.26327,43.54483],[-6.27106,43.54504],[-6.27181,43.54788],[-6.27418,43.5491],[-6.27819,43.54514],[-6.28744,43.5421],[-6.29249,43.53864],[-6.30904,43.53643],[-6.3161,43.53161],[-6.32347,43.53106],[-6.32452,43.52746],[-6.32767,43.52502],[-6.33496,43.52504],[-6.34923,43.52089],[-6.35205,43.52307],[-6.35258,43.528],[-6.34705,43.53078],[-6.34509,43.53512],[-6.34144,43.53598],[-6.3343,43.54154],[-6.3341,43.5449],[-6.34471,43.55423],[-6.35577,43.55115],[-6.36127,43.55186],[-6.36197,43.55384],[-6.36946,43.5511],[-6.37201,43.55358],[-6.36789,43.55834],[-6.37106,43.55857],[-6.37071,43.55728],[-6.3743,43.55546],[-6.37959,43.55752],[-6.38375,43.55599],[-6.38663,43.55669],[-6.3868,43.55835],[-6.38734,43.55754],[-6.39019,43.55904],[-6.39359,43.55861],[-6.39686,43.56045],[-6.40416,43.55621],[-6.40975,43.55797],[-6.41476,43.55795],[-6.41505,43.55953],[-6.42063,43.55383],[-6.42975,43.55276],[-6.43433,43.55631],[-6.43607,43.55536],[-6.43873,43.55608],[-6.43907,43.55891],[-6.44389,43.55954],[-6.44545,43.56265],[-6.44732,43.56106],[-6.44988,43.56109],[-6.45443,43.56449],[-6.45771,43.56404],[-6.46067,43.56522],[-6.46021,43.56907],[-6.46509,43.56876],[-6.47009,43.57115],[-6.47146,43.56835],[-6.47395,43.56741],[-6.47263,43.56468],[-6.47541,43.56341],[-6.47361,43.55893],[-6.47539,43.55562],[-6.47297,43.55442],[-6.47222,43.55173],[-6.4745,43.55026],[-6.47771,43.55035],[-6.4823,43.55296],[-6.48868,43.54896],[-6.49277,43.54909],[-6.49831,43.55166],[-6.50059,43.5506],[-6.50148,43.55171],[-6.50438,43.54941],[-6.50677,43.55113],[-6.51281,43.54721],[-6.51778,43.54806],[-6.52144,43.55065],[-6.52806,43.54968],[-6.5303,43.54792],[-6.53215,43.55063],[-6.53415,43.54836],[-6.53608,43.54882],[-6.53207,43.5466],[-6.5333,43.54523],[-6.53485,43.54733],[-6.53671,43.54611],[-6.53953,43.54744],[-6.53903,43.54952],[-6.53735,43.54932],[-6.54127,43.54963],[-6.53978,43.55226],[-6.5419,43.55214],[-6.54061,43.55376],[-6.54223,43.55333],[-6.54239,43.55474],[-6.55118,43.55172],[-6.55223,43.55293],[-6.5571,43.55043],[-6.55483,43.55358],[-6.55819,43.55293],[-6.55848,43.55577],[-6.56067,43.55466],[-6.56085,43.55556],[-6.56269,43.55517],[-6.56223,43.55644],[-6.56614,43.55575],[-6.56643,43.55675],[-6.56949,43.55623],[-6.5719,43.55744],[-6.57999,43.55718],[-6.5809,43.55442],[-6.58257,43.55514],[-6.59054,43.55331],[-6.59873,43.55412],[-6.59929,43.55667],[-6.60181,43.55589],[-6.60369,43.55696],[-6.60138,43.56369],[-6.60384,43.56613],[-6.60863,43.56135],[-6.6119,43.56106],[-6.61663,43.56289],[-6.61833,43.56144],[-6.61935,43.55885],[-6.61807,43.55999],[-6.61399,43.55945],[-6.61972,43.55643],[-6.62349,43.54882],[-6.62581,43.54727],[-6.62518,43.54531],[-6.62777,43.54404],[-6.63379,43.53632],[-6.63857,43.53398],[-6.63526,43.53138],[-6.63412,43.533],[-6.6323,43.53276],[-6.63248,43.53168],[-6.62942,43.53266],[-6.62948,43.53133],[-6.62622,43.52978],[-6.62347,43.53027],[-6.62244,43.52757],[-6.62519,43.52414],[-6.63108,43.52114],[-6.6295,43.51976],[-6.63179,43.5164],[-6.63418,43.51653],[-6.63682,43.51456],[-6.6364,43.5125],[-6.6385,43.5126],[-6.63684,43.51124],[-6.63394,43.51126],[-6.63101,43.50857],[-6.63205,43.50656],[-6.63652,43.50566],[-6.63793,43.49731],[-6.64099,43.49421],[-6.6432,43.48546],[-6.64336,43.48511]]],[[[-6.41784,43.55931],[-6.41653,43.5606],[-6.41831,43.55972],[-6.41784,43.55931]]],[[[-6.4624,43.5701],[-6.46116,43.5703],[-6.46241,43.57025],[-6.4624,43.5701]]]]}},{"type":"Feature","properties":{"mun_code":"33039","mun_name":"Muros de Nalón","mun_name_local":null,"prov_code":"33","prov_name":"Asturias","acom_code":"03","acom_name":"Principado de Asturias","geo_point_2d":{"lon":-6.098203868967493,"lat":43.54895460225551}},"geometry":{"type":"MultiPolygon","coordinates":[[[[-6.09673,43.55965],[-6.09599,43.56087],[-6.09643,43.55986],[-6.09673,43.55965]]],[[[-6.12118,43.55624],[-6.12462,43.55221],[-6.12021,43.54511],[-6.12143,43.54296],[-6.1152,43.53955],[-6.10905,43.54143],[-6.10919,43.53807],[-6.09427,43.53448],[-6.09259,43.53472],[-6.0917,43.53842],[-6.08142,43.53666],[-6.07574,43.53862],[-6.08114,43.54518],[-6.08311,43.55069],[-6.07735,43.56017],[-6.0766,43.56446],[-6.07793,43.5643],[-6.07878,43.5676],[-6.07714,43.57024],[-6.07906,43.56796],[-6.07819,43.56466],[-6.08172,43.56613],[-6.08449,43.5629],[-6.0868,43.56215],[-6.08951,43.5633],[-6.09267,43.55826],[-6.09823,43.55835],[-6.09961,43.56029],[-6.10587,43.56224],[-6.10462,43.55959],[-6.10723,43.55689],[-6.10941,43.55634],[-6.11141,43.55766],[-6.11268,43.55547],[-6.11508,43.55657],[-6.12037,43.55618],[-6.12118,43.55624]]]]}},{"type":"Feature","properties":{"mun_code":"33012","mun_name":"Cangas de Onís","mun_name_local":null,"prov_code":"33","prov_name":"Asturias","acom_code":"03","acom_name":"Principado de Asturias","geo_point_2d":{"lon":-5.0555239153093074,"lat":43.32528953191121}},"geometry":{"type":"Polygon","coordinates":[[[-5.13116,43.30687],[-5.12864,43.30721],[-5.12882,43.30353],[-5.12591,43.30323],[-5.12715,43.30047],[-5.12078,43.29927],[-5.12052,43.29468],[-5.11744,43.29556],[-5.11477,43.29404],[-5.10311,43.28193],[-5.09281,43.27697],[-5.08008,43.27446],[-5.0782,43.27227],[-5.07419,43.27122],[-5.07309,43.26895],[-5.05821,43.26417],[-5.04726,43.25787],[-5.03688,43.24631],[-5.03129,43.24422],[-5.02817,43.23873],[-5.02543,43.23864],[-5.02066,43.23105],[-5.0178,43.23127],[-5.01126,43.22439],[-5.00518,43.22288],[-5.00491,43.22125],[-4.99649,43.21967],[-4.98242,43.20849],[-4.97465,43.20762],[-4.97076,43.20295],[-4.96306,43.21267],[-4.96061,43.21199],[-4.95214,43.21459],[-4.95139,43.21945],[-4.94808,43.21995],[-4.94323,43.22365],[-4.94223,43.23581],[-4.95279,43.2408],[-4.95873,43.24688],[-4.96797,43.2503],[-4.96718,43.26201],[-4.973,43.26715],[-4.9715,43.2728],[-4.97439,43.28696],[-4.99076,43.28953],[-5.00043,43.29383],[-5.00316,43.29751],[-5.00029,43.31311],[-5.00337,43.32814],[-5.00068,43.34208],[-4.99256,43.35099],[-4.98981,43.36182],[-4.98734,43.36085],[-4.9836,43.36548],[-4.98897,43.36763],[-4.98984,43.37308],[-4.99429,43.37626],[-5.00319,43.37734],[-5.0116,43.38312],[-5.00922,43.38722],[-5.00942,43.39204],[-5.01178,43.39519],[-5.00954,43.39647],[-5.02574,43.39912],[-5.03054,43.40878],[-5.05505,43.40675],[-5.06718,43.40943],[-5.07982,43.41782],[-5.08548,43.42453],[-5.09002,43.41854],[-5.09429,43.41668],[-5.09386,43.41291],[-5.09798,43.4107],[-5.10089,43.4105],[-5.11229,43.41393],[-5.11472,43.40859],[-5.1233,43.41133],[-5.1274,43.40744],[-5.13524,43.4073],[-5.13713,43.40291],[-5.14048,43.40105],[-5.14724,43.39845],[-5.15289,43.39798],[-5.15686,43.3952],[-5.16722,43.39478],[-5.17446,43.39726],[-5.18093,43.39515],[-5.18054,43.39084],[-5.18435,43.38827],[-5.18502,43.38594],[-5.17791,43.38674],[-5.17904,43.38362],[-5.17344,43.38133],[-5.1663,43.37255],[-5.14592,43.37297],[-5.15248,43.36546],[-5.14083,43.35954],[-5.1354,43.35884],[-5.13206,43.35419],[-5.13466,43.33547],[-5.13988,43.3274],[-5.14278,43.32587],[-5.13852,43.32358],[-5.13157,43.32421],[-5.13444,43.31977],[-5.13054,43.31688],[-5.13146,43.30832],[-5.13116,43.30687]]]}},{"type":"Feature","properties":{"mun_code":"33048","mun_name":"Pesoz","mun_name_local":null,"prov_code":"33","prov_name":"Asturias","acom_code":"03","acom_name":"Principado de Asturias","geo_point_2d":{"lon":-6.868816930974235,"lat":43.2718833571292}},"geometry":{"type":"Polygon","coordinates":[[[-6.91365,43.24438],[-6.91123,43.24443],[-6.90713,43.24183],[-6.90449,43.23262],[-6.90141,43.22982],[-6.8971,43.23617],[-6.89523,43.23636],[-6.89131,43.23371],[-6.88694,43.23559],[-6.88854,43.24002],[-6.88509,43.24184],[-6.88072,43.24028],[-6.87555,43.24046],[-6.87057,43.24323],[-6.85731,43.23999],[-6.85084,43.23992],[-6.84803,43.23643],[-6.84481,43.23737],[-6.84049,43.24147],[-6.8396,43.24586],[-6.84033,43.24837],[-6.84355,43.24809],[-6.84436,43.24984],[-6.84103,43.25471],[-6.84058,43.25834],[-6.83534,43.26227],[-6.83094,43.26961],[-6.8319,43.27972],[-6.82844,43.28599],[-6.83243,43.29036],[-6.83239,43.29756],[-6.84516,43.29848],[-6.84605,43.30283],[-6.8657,43.30588],[-6.86922,43.3099],[-6.88195,43.31167],[-6.88526,43.31602],[-6.88975,43.31707],[-6.89018,43.30598],[-6.89508,43.30319],[-6.89488,43.29896],[-6.89258,43.29665],[-6.89282,43.29234],[-6.89839,43.27996],[-6.89324,43.27764],[-6.89435,43.2751],[-6.89182,43.27049],[-6.89397,43.26925],[-6.89295,43.26705],[-6.89819,43.26511],[-6.89376,43.26274],[-6.90662,43.25803],[-6.91152,43.24753],[-6.91365,43.24438]]]}},{"type":"Feature","properties":{"mun_code":"33049","mun_name":"Piloña","mun_name_local":null,"prov_code":"33","prov_name":"Asturias","acom_code":"03","acom_name":"Principado de Asturias","geo_point_2d":{"lon":-5.337637670880923,"lat":43.330005238062384}},"geometry":{"type":"Polygon","coordinates":[[[-5.48154,43.27618],[-5.47558,43.27237],[-5.46632,43.26956],[-5.46359,43.26592],[-5.46665,43.26141],[-5.46588,43.25899],[-5.42854,43.2549],[-5.42765,43.25638],[-5.42262,43.25733],[-5.41976,43.2607],[-5.41673,43.26064],[-5.41647,43.26583],[-5.41982,43.2707],[-5.41166,43.27085],[-5.40913,43.26814],[-5.40672,43.26997],[-5.39811,43.27182],[-5.38733,43.26775],[-5.38454,43.26436],[-5.37879,43.26227],[-5.37729,43.25819],[-5.37232,43.25746],[-5.3673,43.2504],[-5.36064,43.25323],[-5.35157,43.25448],[-5.33578,43.24849],[-5.33467,43.25067],[-5.32877,43.25411],[-5.31382,43.25731],[-5.30804,43.25604],[-5.3018,43.25145],[-5.29414,43.25029],[-5.2861,43.23989],[-5.28585,43.24573],[-5.28205,43.25545],[-5.2773,43.2599],[-5.27387,43.26627],[-5.26038,43.26657],[-5.25794,43.26897],[-5.25083,43.26829],[-5.23755,43.28342],[-5.23435,43.2804],[-5.22942,43.27973],[-5.22051,43.28399],[-5.22434,43.29461],[-5.22164,43.29669],[-5.22656,43.30104],[-5.23283,43.30307],[-5.23328,43.30546],[-5.23747,43.30952],[-5.23947,43.32164],[-5.24262,43.3261],[-5.23987,43.32642],[-5.22694,43.33592],[-5.23163,43.3437],[-5.22844,43.34844],[-5.22864,43.35179],[-5.23028,43.35585],[-5.23407,43.35787],[-5.23393,43.3635],[-5.23758,43.36584],[-5.22893,43.37386],[-5.23159,43.37829],[-5.22772,43.38432],[-5.23498,43.39175],[-5.23795,43.40034],[-5.24982,43.4101],[-5.24975,43.41498],[-5.26131,43.42052],[-5.26414,43.42443],[-5.26944,43.42595],[-5.28157,43.41306],[-5.29708,43.41195],[-5.31143,43.41608],[-5.31394,43.41401],[-5.31895,43.41511],[-5.32423,43.42231],[-5.33882,43.42819],[-5.34303,43.42422],[-5.34776,43.42679],[-5.35651,43.41814],[-5.35908,43.41818],[-5.36615,43.40698],[-5.37158,43.3925],[-5.38314,43.3856],[-5.40519,43.38394],[-5.42962,43.38393],[-5.42571,43.36386],[-5.42802,43.3627],[-5.42124,43.35403],[-5.41972,43.34104],[-5.42646,43.33617],[-5.43026,43.33617],[-5.44176,43.32851],[-5.44706,43.32764],[-5.45154,43.32429],[-5.45695,43.3232],[-5.46299,43.3177],[-5.46393,43.31134],[-5.46997,43.30328],[-5.46681,43.29896],[-5.47429,43.29408],[-5.47336,43.29155],[-5.47607,43.29186],[-5.48112,43.28983],[-5.48339,43.28387],[-5.48193,43.27662],[-5.48154,43.27618]]]}},{"type":"Feature","properties":{"mun_code":"33004","mun_name":"Avilés","mun_name_local":null,"prov_code":"33","prov_name":"Asturias","acom_code":"03","acom_name":"Principado de Asturias","geo_point_2d":{"lon":-5.9190951574978525,"lat":43.5591700180532}},"geometry":{"type":"Polygon","coordinates":[[[-5.94219,43.53373],[-5.93798,43.53497],[-5.91222,43.53075],[-5.90875,43.53573],[-5.90378,43.53624],[-5.89973,43.53967],[-5.89842,43.54366],[-5.88997,43.55014],[-5.88854,43.55547],[-5.88447,43.55555],[-5.87675,43.5689],[-5.88229,43.57444],[-5.88849,43.57441],[-5.90056,43.57823],[-5.90713,43.58225],[-5.90634,43.58408],[-5.91826,43.58402],[-5.92131,43.58843],[-5.9178,43.58741],[-5.91388,43.58965],[-5.91569,43.59017],[-5.91662,43.59393],[-5.91535,43.59595],[-5.92143,43.59462],[-5.92191,43.59149],[-5.93158,43.59422],[-5.93905,43.59422],[-5.92859,43.59189],[-5.92961,43.5873],[-5.92777,43.58743],[-5.92698,43.58084],[-5.9358,43.5802],[-5.937,43.57327],[-5.94709,43.57258],[-5.95586,43.56444],[-5.94947,43.55425],[-5.95357,43.55155],[-5.9498,43.54678],[-5.95263,43.54159],[-5.95282,43.53679],[-5.94819,43.53424],[-5.94376,43.53404],[-5.94219,43.53373]]]}},{"type":"Feature","properties":{"mun_code":"33078","mun_name":"Yernes y Tameza","mun_name_local":null,"prov_code":"33","prov_name":"Asturias","acom_code":"03","acom_name":"Principado de Asturias","geo_point_2d":{"lon":-6.109039834144339,"lat":43.261428363602825}},"geometry":{"type":"Polygon","coordinates":[[[-6.1446,43.21697],[-6.1272,43.21911],[-6.12016,43.22277],[-6.11492,43.22722],[-6.11395,43.23206],[-6.09608,43.2398],[-6.08796,43.24505],[-6.0819,43.25266],[-6.07907,43.25757],[-6.08235,43.26933],[-6.08172,43.28055],[-6.06986,43.28778],[-6.07535,43.29588],[-6.08356,43.30384],[-6.09001,43.29996],[-6.11067,43.29473],[-6.12461,43.28251],[-6.12943,43.282],[-6.13194,43.27967],[-6.13364,43.27983],[-6.13173,43.26945],[-6.13347,43.26692],[-6.13324,43.26313],[-6.13149,43.26211],[-6.13135,43.25825],[-6.13604,43.25381],[-6.14065,43.24304],[-6.14087,43.23238],[-6.14459,43.21777],[-6.1446,43.21697]]]}},{"type":"Feature","properties":{"mun_code":"33024","mun_name":"Gijón","mun_name_local":null,"prov_code":"33","prov_name":"Asturias","acom_code":"03","acom_name":"Principado de Asturias","geo_point_2d":{"lon":-5.68243456844561,"lat":43.50075341194358}},"geometry":{"type":"MultiPolygon","coordinates":[[[[-5.70887,43.57269],[-5.71021,43.56762],[-5.71317,43.56563],[-5.71388,43.56206],[-5.7177,43.55732],[-5.73282,43.54422],[-5.74509,43.54078],[-5.74276,43.53762],[-5.74575,43.53788],[-5.75809,43.53201],[-5.76892,43.52512],[-5.78267,43.52202],[-5.78383,43.52023],[-5.79239,43.51894],[-5.79542,43.5167],[-5.80862,43.51271],[-5.81204,43.50898],[-5.81509,43.51093],[-5.81663,43.51051],[-5.82123,43.50405],[-5.82029,43.50123],[-5.81526,43.49745],[-5.8183,43.49109],[-5.81114,43.49038],[-5.81121,43.48583],[-5.80359,43.48516],[-5.80376,43.48263],[-5.80127,43.48009],[-5.79766,43.48029],[-5.79033,43.47513],[-5.78716,43.47608],[-5.78713,43.47085],[-5.77966,43.4633],[-5.76592,43.46138],[-5.75872,43.45593],[-5.75655,43.45154],[-5.74761,43.4479],[-5.74119,43.44951],[-5.73187,43.449],[-5.72997,43.45038],[-5.72985,43.45379],[-5.72578,43.45744],[-5.72054,43.45638],[-5.71756,43.45119],[-5.71378,43.4545],[-5.705,43.45875],[-5.6979,43.46608],[-5.69008,43.45872],[-5.68247,43.45408],[-5.67335,43.45634],[-5.66312,43.45621],[-5.66129,43.45489],[-5.65593,43.456],[-5.65059,43.45364],[-5.64532,43.45499],[-5.64017,43.45041],[-5.63296,43.44912],[-5.62411,43.44309],[-5.61068,43.44339],[-5.60528,43.44189],[-5.59752,43.44335],[-5.58551,43.44323],[-5.58346,43.4712],[-5.58494,43.48605],[-5.57418,43.49463],[-5.57052,43.50264],[-5.5656,43.50091],[-5.56288,43.50172],[-5.56521,43.50356],[-5.5648,43.50604],[-5.56794,43.50884],[-5.57044,43.51538],[-5.57551,43.51896],[-5.57408,43.5257],[-5.57718,43.52851],[-5.58037,43.52882],[-5.58694,43.5327],[-5.58727,43.5353],[-5.58361,43.53799],[-5.58661,43.53993],[-5.59067,43.54746],[-5.59358,43.54895],[-5.59671,43.54781],[-5.60104,43.54963],[-5.60916,43.54984],[-5.61413,43.55447],[-5.61349,43.55616],[-5.61748,43.55899],[-5.6168,43.55723],[-5.62231,43.55673],[-5.62253,43.55283],[-5.62881,43.55013],[-5.63726,43.55247],[-5.63921,43.55162],[-5.63839,43.54889],[-5.63998,43.54821],[-5.64198,43.54929],[-5.64371,43.54765],[-5.64303,43.54542],[-5.647,43.54437],[-5.64814,43.54185],[-5.65398,43.54142],[-5.65878,43.54257],[-5.66136,43.54449],[-5.65943,43.54722],[-5.66057,43.5491],[-5.66481,43.54976],[-5.67042,43.54659],[-5.66678,43.54739],[-5.66743,43.54615],[-5.66595,43.54673],[-5.66459,43.54428],[-5.66611,43.5458],[-5.66633,43.54345],[-5.66762,43.54555],[-5.66785,43.54262],[-5.66859,43.54545],[-5.67249,43.54295],[-5.67599,43.54377],[-5.67548,43.54529],[-5.67666,43.54523],[-5.6787,43.54444],[-5.6759,43.54246],[-5.67769,43.54301],[-5.67792,43.54031],[-5.67864,43.54193],[-5.68119,43.5422],[-5.68092,43.54501],[-5.68681,43.54493],[-5.68452,43.54251],[-5.69059,43.54395],[-5.69092,43.54532],[-5.69273,43.5443],[-5.69446,43.54621],[-5.69044,43.55002],[-5.6879,43.5501],[-5.69027,43.55019],[-5.6885,43.55218],[-5.6864,43.5506],[-5.6871,43.54951],[-5.68041,43.55615],[-5.68439,43.56071],[-5.68675,43.55989],[-5.68471,43.55753],[-5.68617,43.55609],[-5.6878,43.55749],[-5.69556,43.55012],[-5.69845,43.55787],[-5.6929,43.55556],[-5.69613,43.5583],[-5.69862,43.55809],[-5.69708,43.5594],[-5.69907,43.55859],[-5.69941,43.55963],[-5.69589,43.56153],[-5.69969,43.56094],[-5.70096,43.56303],[-5.69706,43.56456],[-5.69777,43.5655],[-5.70016,43.56456],[-5.69993,43.56603],[-5.70126,43.56615],[-5.70089,43.5682],[-5.69614,43.56681],[-5.69162,43.56108],[-5.69301,43.56513],[-5.68193,43.56802],[-5.68017,43.56518],[-5.68214,43.5693],[-5.67589,43.57095],[-5.68731,43.56937],[-5.69298,43.57843],[-5.67714,43.58242],[-5.67572,43.57939],[-5.67452,43.57965],[-5.67753,43.58455],[-5.67559,43.58669],[-5.69592,43.58137],[-5.69725,43.57951],[-5.69637,43.57244],[-5.69871,43.57193],[-5.69713,43.57356],[-5.69899,43.57238],[-5.69827,43.57546],[-5.70093,43.57304],[-5.70049,43.57171],[-5.70738,43.57274],[-5.70887,43.57269]]]]}},{"type":"Feature","properties":{"mun_code":"33046","mun_name":"Peñamellera Alta","mun_name_local":null,"prov_code":"33","prov_name":"Asturias","acom_code":"03","acom_name":"Principado de Asturias","geo_point_2d":{"lon":-4.7155446996812245,"lat":43.3207839072355}},"geometry":{"type":"Polygon","coordinates":[[[-4.77834,43.36212],[-4.77616,43.35993],[-4.78118,43.35519],[-4.78767,43.34287],[-4.78488,43.33776],[-4.78201,43.32372],[-4.77901,43.32174],[-4.77321,43.31193],[-4.76553,43.30555],[-4.766,43.30347],[-4.76156,43.30089],[-4.75059,43.28441],[-4.74866,43.27897],[-4.73793,43.27253],[-4.73023,43.26161],[-4.73094,43.25734],[-4.7288,43.25609],[-4.7257,43.25632],[-4.72333,43.25823],[-4.70987,43.26225],[-4.70026,43.27611],[-4.66553,43.29035],[-4.65272,43.30991],[-4.65425,43.31372],[-4.66169,43.31921],[-4.66163,43.32214],[-4.65545,43.32289],[-4.65301,43.32571],[-4.65462,43.32697],[-4.64613,43.32706],[-4.64495,43.33011],[-4.63543,43.33277],[-4.63399,43.3385],[-4.63659,43.34161],[-4.64304,43.34465],[-4.64343,43.35115],[-4.66238,43.35375],[-4.66785,43.3527],[-4.67462,43.35357],[-4.67556,43.35625],[-4.67846,43.35777],[-4.69496,43.35892],[-4.70227,43.36134],[-4.7021,43.36364],[-4.7112,43.36513],[-4.72394,43.36369],[-4.72938,43.36441],[-4.7377,43.36273],[-4.76361,43.36277],[-4.77834,43.36212]]]}},{"type":"Feature","properties":{"mun_code":"33064","mun_name":"Santo Adriano","mun_name_local":null,"prov_code":"33","prov_name":"Asturias","acom_code":"03","acom_name":"Principado de Asturias","geo_point_2d":{"lon":-5.981062443251146,"lat":43.288025891708834}},"geometry":{"type":"Polygon","coordinates":[[[-6.021,43.2873],[-6.02224,43.28135],[-6.01945,43.27943],[-6.02146,43.27597],[-6.0134,43.27362],[-6.01104,43.27018],[-6.0045,43.26823],[-6.00565,43.26337],[-6.00941,43.2604],[-6.00663,43.25681],[-5.99435,43.26789],[-5.9946,43.26936],[-5.99156,43.26844],[-5.99053,43.26663],[-5.97442,43.26692],[-5.96013,43.27525],[-5.95665,43.28238],[-5.94107,43.28814],[-5.93887,43.28949],[-5.94057,43.29144],[-5.93798,43.29078],[-5.94225,43.30287],[-5.94475,43.30348],[-5.95257,43.29906],[-5.96249,43.31154],[-5.96553,43.31976],[-5.97694,43.30907],[-5.98127,43.3088],[-5.99029,43.30418],[-5.99636,43.306],[-6.00034,43.30251],[-6.00474,43.29492],[-6.0175,43.28879],[-6.021,43.2873]]]}},{"type":"Feature","properties":{"mun_code":"33026","mun_name":"Grado","mun_name_local":null,"prov_code":"33","prov_name":"Asturias","acom_code":"03","acom_name":"Principado de Asturias","geo_point_2d":{"lon":-6.0967013552321925,"lat":43.32046163683134}},"geometry":{"type":"Polygon","coordinates":[[[-6.20021,43.18357],[-6.19518,43.18811],[-6.18613,43.19103],[-6.18357,43.19718],[-6.17627,43.20125],[-6.17052,43.20194],[-6.16621,43.20512],[-6.16199,43.20398],[-6.16042,43.21078],[-6.1569,43.21623],[-6.14668,43.21792],[-6.1446,43.21697],[-6.14087,43.23238],[-6.14065,43.24304],[-6.13604,43.25381],[-6.13135,43.25825],[-6.13149,43.26211],[-6.13324,43.26313],[-6.13347,43.26692],[-6.13173,43.26945],[-6.13364,43.27983],[-6.13194,43.27967],[-6.12943,43.282],[-6.12461,43.28251],[-6.11137,43.29437],[-6.09001,43.29996],[-6.08356,43.30384],[-6.07535,43.29588],[-6.06986,43.28778],[-6.08148,43.28096],[-6.08235,43.26933],[-6.0795,43.2613],[-6.0696,43.25942],[-6.06654,43.26047],[-6.05782,43.26949],[-6.05587,43.26646],[-6.04931,43.27261],[-6.04406,43.27499],[-6.03612,43.28503],[-6.03324,43.2844],[-6.03179,43.28684],[-6.0273,43.28589],[-6.02369,43.28757],[-6.021,43.2873],[-6.00474,43.29492],[-6.00034,43.30251],[-6.00463,43.31445],[-6.0134,43.32436],[-6.01694,43.33242],[-6.01285,43.33664],[-6.01011,43.33588],[-6.00445,43.33863],[-6.00227,43.34177],[-5.98922,43.35044],[-5.97659,43.35484],[-5.96954,43.36127],[-5.97125,43.36285],[-5.97409,43.36301],[-5.97583,43.3674],[-5.97566,43.37033],[-5.97186,43.37145],[-5.97154,43.37307],[-5.98,43.37742],[-5.97631,43.38529],[-5.97728,43.38849],[-5.98344,43.38972],[-5.98865,43.3884],[-5.99552,43.39184],[-6.00018,43.38842],[-6.00262,43.38857],[-6.01212,43.39557],[-6.01603,43.39624],[-6.02259,43.39486],[-6.03049,43.40343],[-6.05834,43.40209],[-6.06237,43.40319],[-6.06444,43.40222],[-6.06798,43.40785],[-6.07163,43.41094],[-6.07601,43.41208],[-6.08208,43.41232],[-6.08925,43.40697],[-6.09221,43.40183],[-6.09758,43.40631],[-6.10213,43.40552],[-6.10731,43.40711],[-6.10982,43.41004],[-6.11529,43.41078],[-6.12701,43.4013],[-6.12706,43.39742],[-6.12219,43.39618],[-6.12302,43.39215],[-6.12123,43.38377],[-6.1236,43.38085],[-6.13243,43.37898],[-6.13406,43.37565],[-6.13345,43.37031],[-6.13122,43.36729],[-6.13312,43.36494],[-6.13033,43.35913],[-6.13225,43.35369],[-6.13782,43.34681],[-6.14992,43.34419],[-6.15522,43.34149],[-6.15675,43.33867],[-6.16201,43.33751],[-6.16501,43.33343],[-6.17075,43.33128],[-6.17162,43.32979],[-6.17487,43.32971],[-6.17719,43.33132],[-6.18258,43.32758],[-6.18165,43.32628],[-6.19623,43.32146],[-6.19481,43.3199],[-6.19665,43.31745],[-6.1961,43.31294],[-6.19356,43.31134],[-6.19925,43.30448],[-6.19944,43.30011],[-6.19661,43.29738],[-6.19366,43.28672],[-6.18924,43.2813],[-6.19307,43.28041],[-6.19477,43.27858],[-6.1862,43.26171],[-6.18916,43.25984],[-6.19109,43.2521],[-6.19394,43.24849],[-6.19392,43.23994],[-6.19842,43.23291],[-6.19747,43.23036],[-6.20035,43.22924],[-6.19972,43.21732],[-6.20174,43.21519],[-6.19952,43.2024],[-6.20171,43.19885],[-6.19757,43.19517],[-6.20189,43.18837],[-6.20121,43.1856],[-6.20021,43.18357]]]}},{"type":"Feature","properties":{"mun_code":"33071","mun_name":"Taramundi","mun_name_local":null,"prov_code":"33","prov_name":"Asturias","acom_code":"03","acom_name":"Principado de Asturias","geo_point_2d":{"lon":-7.076473585264244,"lat":43.359423197689864}},"geometry":{"type":"Polygon","coordinates":[[[-7.13437,43.37742],[-7.12753,43.3726],[-7.13158,43.3629],[-7.12828,43.3556],[-7.13279,43.34773],[-7.13013,43.34089],[-7.13165,43.33405],[-7.13075,43.33025],[-7.12566,43.33173],[-7.11523,43.32617],[-7.11216,43.31688],[-7.10723,43.31415],[-7.10127,43.30413],[-7.0975,43.30147],[-7.09109,43.29982],[-7.08471,43.30111],[-7.07956,43.30022],[-7.07677,43.30145],[-7.07394,43.30569],[-7.06763,43.3069],[-7.05978,43.30533],[-7.05709,43.30765],[-7.05577,43.3071],[-7.05494,43.31279],[-7.04196,43.32911],[-7.03241,43.33673],[-7.02906,43.34217],[-7.02526,43.34357],[-7.02043,43.34999],[-7.02242,43.3564],[-7.02863,43.35816],[-7.02372,43.36191],[-7.0289,43.37042],[-7.02847,43.37627],[-7.03168,43.38366],[-7.02703,43.39038],[-7.03133,43.39255],[-7.03647,43.39238],[-7.03943,43.40138],[-7.03858,43.40468],[-7.04267,43.40934],[-7.04222,43.41622],[-7.04687,43.41767],[-7.05149,43.42285],[-7.06057,43.42697],[-7.06942,43.42516],[-7.07233,43.41263],[-7.07748,43.407],[-7.08288,43.40512],[-7.08423,43.40294],[-7.08754,43.40586],[-7.09483,43.40701],[-7.09674,43.39486],[-7.09924,43.39115],[-7.09846,43.38002],[-7.10099,43.38563],[-7.11369,43.39029],[-7.11834,43.38735],[-7.12387,43.3864],[-7.13379,43.37789],[-7.13437,43.37742]]]}},{"type":"Feature","properties":{"mun_code":"33020","mun_name":"Corvera de Asturias","mun_name_local":null,"prov_code":"33","prov_name":"Asturias","acom_code":"03","acom_name":"Principado de Asturias","geo_point_2d":{"lon":-5.87900461967184,"lat":43.51561263179794}},"geometry":{"type":"Polygon","coordinates":[[[-5.95384,43.52062],[-5.94957,43.51652],[-5.93632,43.52011],[-5.92732,43.51928],[-5.92306,43.50858],[-5.91627,43.4978],[-5.90462,43.5011],[-5.89933,43.49342],[-5.88693,43.49228],[-5.87384,43.48581],[-5.85352,43.47827],[-5.84996,43.48214],[-5.84445,43.48285],[-5.84041,43.48519],[-5.83555,43.48422],[-5.82945,43.48008],[-5.8264,43.48039],[-5.81671,43.49357],[-5.81526,43.49745],[-5.82029,43.50123],[-5.82123,43.50405],[-5.82491,43.50253],[-5.83912,43.50988],[-5.86281,43.52857],[-5.86301,43.53092],[-5.84707,43.54754],[-5.86316,43.55577],[-5.86841,43.55573],[-5.87288,43.55347],[-5.88036,43.55718],[-5.88284,43.5574],[-5.88447,43.55555],[-5.8869,43.55618],[-5.88891,43.55502],[-5.88997,43.55014],[-5.89842,43.54366],[-5.89973,43.53967],[-5.90378,43.53624],[-5.90875,43.53573],[-5.91263,43.53054],[-5.93824,43.53497],[-5.94276,43.53359],[-5.95196,43.52481],[-5.95384,43.52062]]]}},{"type":"Feature","properties":{"mun_code":"33047","mun_name":"Peñamellera Baja","mun_name_local":null,"prov_code":"33","prov_name":"Asturias","acom_code":"03","acom_name":"Principado de Asturias","geo_point_2d":{"lon":-4.596860631237409,"lat":43.30968234745557}},"geometry":{"type":"Polygon","coordinates":[[[-4.70604,43.26687],[-4.70412,43.26502],[-4.69643,43.26563],[-4.6918,43.26451],[-4.68788,43.26622],[-4.68451,43.26543],[-4.68256,43.26745],[-4.67375,43.26762],[-4.66845,43.265],[-4.65832,43.26416],[-4.65079,43.26593],[-4.64987,43.26826],[-4.63157,43.26708],[-4.63594,43.27039],[-4.63654,43.2755],[-4.62714,43.28131],[-4.62383,43.2883],[-4.62023,43.28814],[-4.61851,43.2907],[-4.60744,43.29562],[-4.60756,43.29863],[-4.59885,43.29866],[-4.591,43.2931],[-4.58259,43.29187],[-4.58106,43.28982],[-4.57296,43.28912],[-4.57014,43.29177],[-4.55176,43.28672],[-4.55026,43.28569],[-4.55361,43.27944],[-4.5527,43.27508],[-4.54737,43.26898],[-4.53772,43.26933],[-4.53267,43.27532],[-4.5294,43.27551],[-4.52243,43.27904],[-4.51857,43.29404],[-4.52017,43.31466],[-4.52703,43.32761],[-4.52298,43.33339],[-4.523,43.33809],[-4.54405,43.34555],[-4.59933,43.35091],[-4.61094,43.35097],[-4.62194,43.34924],[-4.6377,43.34971],[-4.64343,43.35115],[-4.64304,43.34465],[-4.63659,43.34161],[-4.63399,43.3385],[-4.63516,43.33302],[-4.64495,43.33011],[-4.64613,43.32706],[-4.65462,43.32697],[-4.65301,43.32571],[-4.65545,43.32289],[-4.66163,43.32214],[-4.66169,43.31921],[-4.65425,43.31372],[-4.65272,43.30991],[-4.66553,43.29035],[-4.70026,43.27611],[-4.70604,43.26687]]]}},{"type":"Feature","properties":{"mun_code":"33023","mun_name":"El Franco","mun_name_local":null,"prov_code":"33","prov_name":"Asturias","acom_code":"03","acom_name":"Principado de Asturias","geo_point_2d":{"lon":-6.841749318735744,"lat":43.50991235432881}},"geometry":{"type":"MultiPolygon","coordinates":[[[[-6.87729,43.56357],[-6.87613,43.56199],[-6.87758,43.55844],[-6.88153,43.55775],[-6.8754,43.55157],[-6.87529,43.54465],[-6.87801,43.54377],[-6.87805,43.54163],[-6.8746,43.54209],[-6.87791,43.53457],[-6.88287,43.53078],[-6.88434,43.52601],[-6.87741,43.52338],[-6.87671,43.52142],[-6.88637,43.51263],[-6.88546,43.51065],[-6.88279,43.51066],[-6.87727,43.50865],[-6.87583,43.50656],[-6.87263,43.50624],[-6.87803,43.49349],[-6.88446,43.48741],[-6.88958,43.46759],[-6.88526,43.46033],[-6.87388,43.4566],[-6.8741,43.45252],[-6.86778,43.45321],[-6.86192,43.45103],[-6.85005,43.45016],[-6.8396,43.44783],[-6.82775,43.45081],[-6.82248,43.45568],[-6.82221,43.4614],[-6.81641,43.46906],[-6.81564,43.47538],[-6.81954,43.48254],[-6.81832,43.48731],[-6.80574,43.48949],[-6.78945,43.50234],[-6.79049,43.50538],[-6.78814,43.51086],[-6.79011,43.51471],[-6.78749,43.51909],[-6.7891,43.52788],[-6.79665,43.53638],[-6.80321,43.54789],[-6.80188,43.55711],[-6.80345,43.55761],[-6.80307,43.55935],[-6.80743,43.55721],[-6.80865,43.55501],[-6.81173,43.55453],[-6.81335,43.55695],[-6.81716,43.55613],[-6.81694,43.55883],[-6.81977,43.55989],[-6.81927,43.56182],[-6.82115,43.56198],[-6.82107,43.5632],[-6.82261,43.56258],[-6.82634,43.56541],[-6.82784,43.56393],[-6.82821,43.56625],[-6.83072,43.56554],[-6.83125,43.56673],[-6.83241,43.56562],[-6.83311,43.56703],[-6.83519,43.56566],[-6.8372,43.56724],[-6.84071,43.56582],[-6.83889,43.56331],[-6.84048,43.56326],[-6.84021,43.56511],[-6.84406,43.56573],[-6.84865,43.56479],[-6.85159,43.56266],[-6.84991,43.5651],[-6.85305,43.56462],[-6.85414,43.56571],[-6.85291,43.5673],[-6.85461,43.56793],[-6.85443,43.57057],[-6.85702,43.56799],[-6.86696,43.56694],[-6.8649,43.57041],[-6.86636,43.56926],[-6.86608,43.57051],[-6.87403,43.56311],[-6.87682,43.5632],[-6.87729,43.56357]]],[[[-6.87575,43.56705],[-6.87448,43.56787],[-6.87537,43.56717],[-6.87575,43.56705]]],[[[-6.87477,43.56619],[-6.87313,43.56711],[-6.87491,43.56645],[-6.87477,43.56619]]],[[[-6.87121,43.56823],[-6.87093,43.56948],[-6.87136,43.56837],[-6.87121,43.56823]]]]}},{"type":"Feature","properties":{"mun_code":"33063","mun_name":"San Tirso de Abres","mun_name_local":null,"prov_code":"33","prov_name":"Asturias","acom_code":"03","acom_name":"Principado de Asturias","geo_point_2d":{"lon":-7.139069187926496,"lat":43.40460293918072}},"geometry":{"type":"Polygon","coordinates":[[[-7.1807,43.39624],[-7.18249,43.39246],[-7.18054,43.39171],[-7.17804,43.39263],[-7.17704,43.39133],[-7.17864,43.38802],[-7.1754,43.38689],[-7.17672,43.38254],[-7.17186,43.38336],[-7.16722,43.37939],[-7.16294,43.38026],[-7.159,43.37458],[-7.15556,43.37486],[-7.15045,43.37966],[-7.13902,43.38335],[-7.13667,43.38231],[-7.13437,43.37742],[-7.12387,43.3864],[-7.11834,43.38735],[-7.11369,43.39029],[-7.10099,43.38563],[-7.09846,43.38002],[-7.09924,43.39115],[-7.09636,43.39624],[-7.09478,43.40759],[-7.09802,43.40938],[-7.09724,43.41107],[-7.10122,43.41211],[-7.09978,43.41641],[-7.10178,43.41815],[-7.10069,43.42142],[-7.10434,43.42301],[-7.10204,43.42364],[-7.10199,43.42535],[-7.10952,43.42857],[-7.11299,43.42484],[-7.11891,43.42617],[-7.12815,43.42344],[-7.14204,43.4307],[-7.15193,43.42875],[-7.16133,43.43199],[-7.17284,43.43023],[-7.17485,43.42436],[-7.16979,43.42195],[-7.17219,43.4208],[-7.1724,43.41756],[-7.17641,43.4142],[-7.17143,43.40912],[-7.16918,43.40866],[-7.16876,43.40478],[-7.16981,43.40294],[-7.17365,43.40574],[-7.17292,43.40064],[-7.18005,43.39672],[-7.1807,43.39624]]]}},{"type":"Feature","properties":{"mun_code":"33011","mun_name":"Cangas del Narcea","mun_name_local":null,"prov_code":"33","prov_name":"Asturias","acom_code":"03","acom_name":"Principado de Asturias","geo_point_2d":{"lon":-6.551973019957187,"lat":43.1032097609403}},"geometry":{"type":"MultiPolygon","coordinates":[[[[-6.53084,43.23623],[-6.55184,43.22303],[-6.55215,43.21937],[-6.54979,43.21591],[-6.55137,43.21328],[-6.55077,43.20761],[-6.5595,43.20577],[-6.5629,43.20068],[-6.56885,43.19848],[-6.57242,43.20482],[-6.57324,43.21015],[-6.57611,43.20979],[-6.57509,43.20705],[-6.57924,43.20125],[-6.57968,43.20226],[-6.58215,43.20196],[-6.59612,43.19848],[-6.59763,43.19487],[-6.6085,43.19356],[-6.60937,43.19531],[-6.61405,43.19412],[-6.6154,43.19186],[-6.62199,43.19076],[-6.62585,43.19387],[-6.62726,43.19869],[-6.6315,43.19855],[-6.63251,43.19714],[-6.63761,43.2],[-6.64524,43.1996],[-6.65366,43.20301],[-6.66153,43.202],[-6.67761,43.20592],[-6.69538,43.20239],[-6.70617,43.19581],[-6.70848,43.1914],[-6.71125,43.19325],[-6.71326,43.20008],[-6.71822,43.19947],[-6.72029,43.19257],[-6.72334,43.19082],[-6.72639,43.18572],[-6.72302,43.17736],[-6.73263,43.16914],[-6.73293,43.16608],[-6.73639,43.16174],[-6.73705,43.15255],[-6.74264,43.1467],[-6.74328,43.14212],[-6.73831,43.13887],[-6.73405,43.1324],[-6.73217,43.12574],[-6.74772,43.11695],[-6.76587,43.11432],[-6.77251,43.11501],[-6.78177,43.11298],[-6.78543,43.10744],[-6.78705,43.10125],[-6.79467,43.09932],[-6.79858,43.09626],[-6.79934,43.09406],[-6.79267,43.08962],[-6.79327,43.08671],[-6.78669,43.0771],[-6.78832,43.07289],[-6.77842,43.07183],[-6.77661,43.06968],[-6.76686,43.0675],[-6.75917,43.06891],[-6.74255,43.06285],[-6.7391,43.05824],[-6.73082,43.05296],[-6.71993,43.05248],[-6.71866,43.03624],[-6.72633,43.0328],[-6.72983,43.02747],[-6.73899,43.02586],[-6.74612,43.0176],[-6.74316,43.00584],[-6.73125,43.00541],[-6.72335,43.00117],[-6.72258,42.99886],[-6.70509,42.98913],[-6.69769,42.98661],[-6.68312,42.98614],[-6.66629,42.96902],[-6.66398,42.96998],[-6.66049,42.96643],[-6.6576,42.96641],[-6.64471,42.97252],[-6.63145,42.97057],[-6.62472,42.97412],[-6.60189,42.97159],[-6.59919,42.97551],[-6.59591,42.97371],[-6.59092,42.97503],[-6.59004,42.97084],[-6.58169,42.96183],[-6.56885,42.96036],[-6.56225,42.95784],[-6.55593,42.95928],[-6.54562,42.95618],[-6.53864,42.95843],[-6.52832,42.95696],[-6.523,42.9611],[-6.51713,42.96168],[-6.51744,42.96403],[-6.51365,42.96791],[-6.50588,42.97157],[-6.49547,42.97069],[-6.47965,42.96718],[-6.47301,42.96775],[-6.47468,42.97062],[-6.47197,42.97663],[-6.47826,42.98013],[-6.47889,42.98975],[-6.47732,42.9919],[-6.47085,42.99168],[-6.46588,42.98636],[-6.45903,42.9836],[-6.44644,42.98217],[-6.4371,42.99303],[-6.42759,42.98763],[-6.42413,42.98762],[-6.41852,42.99213],[-6.4134,42.99387],[-6.40737,42.99942],[-6.41017,43.00092],[-6.41215,43.00749],[-6.41096,43.01199],[-6.41255,43.01515],[-6.41111,43.01693],[-6.40798,43.0185],[-6.40237,43.01623],[-6.39435,43.01661],[-6.392,43.02179],[-6.39347,43.02222],[-6.39082,43.02582],[-6.3917,43.03127],[-6.39504,43.03267],[-6.39705,43.03832],[-6.39015,43.04053],[-6.37355,43.04111],[-6.37402,43.04625],[-6.36475,43.0499],[-6.36202,43.05419],[-6.36343,43.05731],[-6.35909,43.05958],[-6.36004,43.06344],[-6.35839,43.0683],[-6.36216,43.0743],[-6.36629,43.07747],[-6.3636,43.08253],[-6.36696,43.09044],[-6.36295,43.1025],[-6.36594,43.10288],[-6.37344,43.10831],[-6.37408,43.11585],[-6.37237,43.11838],[-6.37662,43.12772],[-6.37486,43.13166],[-6.37732,43.1357],[-6.37259,43.14756],[-6.36504,43.15029],[-6.35586,43.15088],[-6.3591,43.15536],[-6.35962,43.15906],[-6.36779,43.16159],[-6.3717,43.16789],[-6.37149,43.17503],[-6.37437,43.17905],[-6.37182,43.18672],[-6.3738,43.18939],[-6.3752,43.20564],[-6.37366,43.21181],[-6.38087,43.21902],[-6.37851,43.22889],[-6.38166,43.22947],[-6.38574,43.23389],[-6.38629,43.23726],[-6.39378,43.24332],[-6.40294,43.25693],[-6.41778,43.25498],[-6.42472,43.25708],[-6.4311,43.25398],[-6.43353,43.25481],[-6.43948,43.2588],[-6.43932,43.26415],[-6.44514,43.27186],[-6.45104,43.27553],[-6.47133,43.26392],[-6.4755,43.26401],[-6.48622,43.26031],[-6.49564,43.2525],[-6.50974,43.24727],[-6.51295,43.24233],[-6.52019,43.23693],[-6.52766,43.23631],[-6.53084,43.23623]]],[[[-6.61077,43.19816],[-6.60747,43.20049],[-6.61236,43.20505],[-6.61481,43.20506],[-6.61897,43.19938],[-6.61218,43.19828],[-6.61077,43.19816]]],[[[-6.59441,43.20824],[-6.59293,43.20881],[-6.59328,43.21357],[-6.59038,43.21508],[-6.59491,43.2167],[-6.60086,43.21105],[-6.59621,43.20868],[-6.59441,43.20824]]]]}},{"type":"Feature","properties":{"mun_code":"33021","mun_name":"Cudillero","mun_name_local":null,"prov_code":"33","prov_name":"Asturias","acom_code":"03","acom_name":"Principado de Asturias","geo_point_2d":{"lon":-6.229189602574544,"lat":43.543898798556704}},"geometry":{"type":"MultiPolygon","coordinates":[[[[-6.24358,43.59614],[-6.24462,43.59548],[-6.2431,43.5952],[-6.24317,43.5961],[-6.24358,43.59614]]],[[[-6.12118,43.55624],[-6.12381,43.55695],[-6.12388,43.56134],[-6.12718,43.55926],[-6.13239,43.55857],[-6.13305,43.56023],[-6.13548,43.56057],[-6.13569,43.56475],[-6.13776,43.56419],[-6.14258,43.56591],[-6.14395,43.56506],[-6.14479,43.56629],[-6.14605,43.56372],[-6.14736,43.56389],[-6.1529,43.56799],[-6.15105,43.56946],[-6.14765,43.56721],[-6.14779,43.56559],[-6.1466,43.56594],[-6.14743,43.5675],[-6.15115,43.5697],[-6.15434,43.56842],[-6.15457,43.57068],[-6.15497,43.56842],[-6.15819,43.56638],[-6.16142,43.56935],[-6.16488,43.56731],[-6.16996,43.56953],[-6.17401,43.5662],[-6.17785,43.56837],[-6.1828,43.56361],[-6.18571,43.5637],[-6.19102,43.56644],[-6.192,43.56984],[-6.18812,43.57946],[-6.1905,43.57859],[-6.19386,43.58036],[-6.19456,43.57579],[-6.19806,43.57458],[-6.19902,43.57268],[-6.20306,43.57291],[-6.20642,43.57715],[-6.20923,43.58517],[-6.2133,43.58033],[-6.21995,43.57937],[-6.22159,43.58265],[-6.22493,43.58297],[-6.22385,43.58548],[-6.22606,43.58664],[-6.22673,43.58906],[-6.23143,43.58828],[-6.23218,43.59114],[-6.23524,43.59046],[-6.23733,43.59136],[-6.23661,43.59374],[-6.24037,43.59213],[-6.24184,43.59264],[-6.24146,43.59453],[-6.24254,43.5939],[-6.24462,43.59514],[-6.24547,43.59388],[-6.24261,43.58865],[-6.24646,43.58778],[-6.24612,43.58374],[-6.24947,43.5838],[-6.25052,43.58093],[-6.25595,43.57779],[-6.26202,43.5768],[-6.26755,43.57894],[-6.26993,43.5767],[-6.27449,43.57653],[-6.27533,43.57329],[-6.27912,43.57278],[-6.2818,43.57427],[-6.28148,43.57233],[-6.28384,43.57215],[-6.28531,43.57001],[-6.28816,43.57023],[-6.28883,43.57178],[-6.28892,43.5707],[-6.29349,43.56975],[-6.29471,43.57052],[-6.29642,43.56965],[-6.29718,43.57112],[-6.29881,43.56937],[-6.29553,43.56783],[-6.29583,43.56655],[-6.29892,43.566],[-6.29996,43.56787],[-6.29988,43.56527],[-6.30241,43.56521],[-6.30364,43.56337],[-6.30825,43.56348],[-6.30947,43.56756],[-6.31013,43.56354],[-6.31406,43.56435],[-6.31465,43.5656],[-6.31713,43.56279],[-6.31936,43.56455],[-6.32056,43.56164],[-6.32422,43.56264],[-6.32879,43.56068],[-6.33199,43.56162],[-6.33264,43.55971],[-6.33448,43.55998],[-6.33614,43.55842],[-6.33922,43.55883],[-6.34229,43.55579],[-6.34481,43.55537],[-6.3341,43.5449],[-6.3343,43.54154],[-6.34144,43.53598],[-6.34509,43.53512],[-6.34705,43.53078],[-6.35258,43.528],[-6.35205,43.52307],[-6.34923,43.52089],[-6.33496,43.52504],[-6.32895,43.52458],[-6.32452,43.52746],[-6.32347,43.53106],[-6.3161,43.53161],[-6.30904,43.53643],[-6.29249,43.53864],[-6.28744,43.5421],[-6.27819,43.54514],[-6.27358,43.54923],[-6.27106,43.54504],[-6.26327,43.54483],[-6.25919,43.54269],[-6.26253,43.53939],[-6.26659,43.54034],[-6.26693,43.53683],[-6.26894,43.53601],[-6.26466,43.53],[-6.26754,43.5264],[-6.26786,43.5208],[-6.27113,43.51807],[-6.27273,43.51326],[-6.27097,43.50924],[-6.2657,43.50708],[-6.26867,43.50288],[-6.26806,43.49923],[-6.2698,43.49768],[-6.2687,43.49539],[-6.25847,43.49161],[-6.25444,43.49519],[-6.23546,43.49573],[-6.23321,43.50025],[-6.22765,43.50259],[-6.22588,43.5076],[-6.22138,43.5092],[-6.21517,43.51938],[-6.2163,43.52093],[-6.21393,43.52255],[-6.21027,43.51929],[-6.20302,43.51832],[-6.19948,43.51109],[-6.1933,43.507],[-6.18659,43.50514],[-6.17822,43.51427],[-6.17395,43.51589],[-6.17561,43.5199],[-6.173,43.51964],[-6.16998,43.51527],[-6.15175,43.51738],[-6.14287,43.52032],[-6.14076,43.52195],[-6.14107,43.52762],[-6.13413,43.53906],[-6.12712,43.54215],[-6.12468,43.54649],[-6.12139,43.5482],[-6.12462,43.55221],[-6.12177,43.55422],[-6.12118,43.55624]]],[[[-6.29409,43.5716],[-6.29259,43.57281],[-6.29438,43.57179],[-6.29409,43.5716]]],[[[-6.27254,43.58375],[-6.27114,43.58369],[-6.27231,43.58401],[-6.27254,43.58375]]],[[[-6.22706,43.59158],[-6.22674,43.58993],[-6.2269,43.59132],[-6.22706,43.59158]]],[[[-6.23218,43.59254],[-6.23186,43.59127],[-6.23193,43.59269],[-6.23218,43.59254]]],[[[-6.19304,43.58194],[-6.19217,43.58052],[-6.19185,43.58215],[-6.19304,43.58194]]]]}},{"type":"Feature","properties":{"mun_code":"33055","mun_name":"Ribadedeva","mun_name_local":null,"prov_code":"33","prov_name":"Asturias","acom_code":"03","acom_name":"Principado de Asturias","geo_point_2d":{"lon":-4.564033068604509,"lat":43.37133342796873}},"geometry":{"type":"MultiPolygon","coordinates":[[[[-4.57674,43.39575],[-4.58069,43.39117],[-4.58253,43.39162],[-4.58415,43.39011],[-4.58944,43.38932],[-4.58926,43.38208],[-4.59297,43.38061],[-4.59491,43.37713],[-4.59386,43.37523],[-4.59642,43.37325],[-4.6009,43.37296],[-4.60195,43.37499],[-4.60578,43.37248],[-4.61034,43.37479],[-4.61834,43.37292],[-4.61521,43.36894],[-4.61658,43.36682],[-4.61749,43.36796],[-4.62279,43.36858],[-4.62292,43.36517],[-4.61998,43.36264],[-4.62648,43.35067],[-4.59933,43.35091],[-4.54405,43.34555],[-4.53755,43.34373],[-4.53709,43.35041],[-4.53434,43.35322],[-4.53981,43.35639],[-4.53675,43.35858],[-4.53134,43.35941],[-4.53525,43.36274],[-4.53533,43.36681],[-4.53316,43.36776],[-4.52115,43.36615],[-4.52357,43.36932],[-4.5105,43.38138],[-4.51355,43.3888],[-4.51243,43.39328],[-4.52468,43.39743],[-4.53203,43.39763],[-4.53123,43.39898],[-4.53423,43.39991],[-4.54601,43.39976],[-4.54599,43.39733],[-4.54787,43.39746],[-4.54718,43.39651],[-4.54902,43.39599],[-4.5573,43.39798],[-4.55625,43.39394],[-4.56104,43.39275],[-4.56491,43.39329],[-4.56653,43.39201],[-4.57205,43.39445],[-4.57672,43.39308],[-4.57618,43.39577],[-4.57674,43.39575]]],[[[-4.57608,43.3976],[-4.57387,43.398],[-4.57483,43.40002],[-4.57647,43.39797],[-4.57608,43.3976]]]]}},{"type":"Feature","properties":{"mun_code":"33053","mun_name":"Quirós","mun_name_local":null,"prov_code":"33","prov_name":"Asturias","acom_code":"03","acom_name":"Principado de Asturias","geo_point_2d":{"lon":-5.9603953064929724,"lat":43.140015471137765}},"geometry":{"type":"Polygon","coordinates":[[[-6.05811,43.16886],[-6.04083,43.15649],[-6.03395,43.1429],[-6.03714,43.13742],[-6.02569,43.13091],[-6.02441,43.11493],[-6.01973,43.11311],[-6.01524,43.11529],[-6.00535,43.10521],[-6.01305,43.09516],[-6.01292,43.08657],[-6.00201,43.06849],[-6.00426,43.05805],[-5.99633,43.05792],[-5.98895,43.06722],[-5.986,43.06725],[-5.98206,43.06446],[-5.97897,43.06398],[-5.97708,43.06551],[-5.97384,43.06531],[-5.97347,43.0594],[-5.97049,43.05754],[-5.96599,43.05821],[-5.96216,43.05294],[-5.96449,43.04604],[-5.96966,43.04083],[-5.96695,43.03654],[-5.96045,43.03372],[-5.96226,43.03323],[-5.95985,43.029],[-5.95316,43.02902],[-5.94615,43.03297],[-5.94231,43.03266],[-5.93775,43.03466],[-5.93576,43.04319],[-5.92681,43.04663],[-5.92542,43.04986],[-5.92804,43.05398],[-5.92614,43.05713],[-5.92329,43.05708],[-5.92187,43.0587],[-5.91808,43.05775],[-5.91636,43.05409],[-5.91409,43.05558],[-5.9138,43.05328],[-5.90909,43.05031],[-5.90629,43.05171],[-5.90437,43.05047],[-5.89767,43.05212],[-5.88914,43.05208],[-5.88263,43.0543],[-5.88002,43.0597],[-5.88334,43.06105],[-5.88459,43.06711],[-5.88052,43.07436],[-5.88624,43.07876],[-5.8815,43.08184],[-5.88068,43.08662],[-5.8883,43.09603],[-5.88358,43.10383],[-5.88385,43.11034],[-5.88923,43.11875],[-5.88989,43.1249],[-5.89809,43.13361],[-5.89898,43.13201],[-5.90102,43.13306],[-5.90835,43.14939],[-5.9055,43.1559],[-5.90613,43.16115],[-5.89556,43.16367],[-5.88885,43.16745],[-5.89635,43.17036],[-5.90827,43.17986],[-5.91666,43.18966],[-5.91864,43.19911],[-5.93239,43.20666],[-5.93523,43.2176],[-5.94076,43.21767],[-5.94289,43.21945],[-5.94247,43.22526],[-5.94792,43.22882],[-5.95351,43.2376],[-5.9607,43.24173],[-5.96206,43.2454],[-5.95016,43.25577],[-5.95184,43.26261],[-5.94945,43.26462],[-5.95137,43.26881],[-5.95484,43.2702],[-5.96013,43.27525],[-5.97442,43.26692],[-5.97857,43.26692],[-5.98218,43.2538],[-5.9816,43.25163],[-5.97335,43.24867],[-5.97557,43.23494],[-5.99246,43.23543],[-5.99456,43.23127],[-5.99356,43.23063],[-6.00426,43.22243],[-6.01176,43.21845],[-6.02055,43.21833],[-6.02329,43.19954],[-6.02568,43.19849],[-6.02882,43.1931],[-6.0292,43.18718],[-6.02445,43.18179],[-6.02902,43.18006],[-6.03263,43.18029],[-6.0347,43.17155],[-6.03874,43.16956],[-6.04681,43.16758],[-6.05647,43.1689],[-6.05811,43.16886]]]}},{"type":"Feature","properties":{"mun_code":"33057","mun_name":"Ribera de Arriba","mun_name_local":null,"prov_code":"33","prov_name":"Asturias","acom_code":"03","acom_name":"Principado de Asturias","geo_point_2d":{"lon":-5.883560548125256,"lat":43.30489905320094}},"geometry":{"type":"Polygon","coordinates":[[[-5.94225,43.30287],[-5.93798,43.29078],[-5.94057,43.29144],[-5.937,43.28927],[-5.93228,43.2899],[-5.9242,43.2941],[-5.91498,43.29271],[-5.90394,43.29539],[-5.89984,43.29837],[-5.88188,43.3048],[-5.87018,43.30332],[-5.86898,43.29968],[-5.87053,43.29743],[-5.86996,43.29273],[-5.8626,43.28669],[-5.85217,43.281],[-5.84987,43.28117],[-5.84596,43.28421],[-5.83959,43.28437],[-5.82915,43.29129],[-5.83577,43.29332],[-5.83348,43.29734],[-5.84563,43.30152],[-5.84051,43.30769],[-5.83736,43.30913],[-5.83819,43.31094],[-5.83107,43.31989],[-5.83217,43.32153],[-5.83994,43.32434],[-5.8433,43.32822],[-5.84327,43.31958],[-5.84039,43.31741],[-5.84866,43.31091],[-5.85469,43.31083],[-5.8633,43.30742],[-5.86762,43.30817],[-5.87081,43.31277],[-5.86786,43.31701],[-5.86842,43.32098],[-5.87389,43.3272],[-5.87712,43.32696],[-5.88671,43.32158],[-5.9044,43.32169],[-5.90611,43.31948],[-5.90926,43.3207],[-5.91368,43.31813],[-5.9178,43.31748],[-5.9191,43.31908],[-5.92073,43.31558],[-5.93454,43.30708],[-5.94225,43.30287]]]}},{"type":"Feature","properties":{"mun_code":"33043","mun_name":"Onís","mun_name_local":null,"prov_code":"33","prov_name":"Asturias","acom_code":"03","acom_name":"Principado de Asturias","geo_point_2d":{"lon":-4.95486403450925,"lat":43.303656562701974}},"geometry":{"type":"Polygon","coordinates":[[[-4.9836,43.36548],[-4.98734,43.36085],[-4.98981,43.36182],[-4.99256,43.35099],[-5.00068,43.34208],[-5.00337,43.32814],[-5.00029,43.31311],[-5.00316,43.29751],[-5.00043,43.29383],[-4.99076,43.28953],[-4.97439,43.28696],[-4.9715,43.2728],[-4.973,43.26715],[-4.96718,43.26201],[-4.96797,43.2503],[-4.95873,43.24688],[-4.95279,43.2408],[-4.94223,43.23581],[-4.94272,43.22477],[-4.93217,43.22457],[-4.92547,43.22668],[-4.92148,43.22629],[-4.91953,43.22697],[-4.91976,43.22878],[-4.91553,43.23364],[-4.90891,43.23786],[-4.90773,43.25463],[-4.91382,43.26325],[-4.93724,43.28757],[-4.94098,43.29624],[-4.92657,43.31424],[-4.91546,43.33344],[-4.91131,43.33586],[-4.91385,43.3393],[-4.91273,43.34287],[-4.91932,43.34778],[-4.91435,43.35191],[-4.91661,43.35538],[-4.91556,43.35804],[-4.92705,43.35284],[-4.93001,43.3531],[-4.93241,43.35382],[-4.93423,43.358],[-4.9374,43.35689],[-4.94174,43.35926],[-4.95153,43.36106],[-4.9567,43.36342],[-4.95856,43.36607],[-4.96506,43.36699],[-4.98172,43.36541],[-4.9836,43.36548]]]}},{"type":"Feature","properties":{"mun_code":"33056","mun_name":"Ribadesella","mun_name_local":null,"prov_code":"33","prov_name":"Asturias","acom_code":"03","acom_name":"Principado de Asturias","geo_point_2d":{"lon":-5.0836973314369285,"lat":43.44488295543333}},"geometry":{"type":"MultiPolygon","coordinates":[[[[-5.16841,43.47678],[-5.16249,43.4597],[-5.16643,43.45623],[-5.17715,43.45101],[-5.17939,43.44816],[-5.1921,43.44169],[-5.1933,43.4392],[-5.18924,43.43892],[-5.1862,43.44108],[-5.17889,43.43858],[-5.17662,43.43901],[-5.16773,43.43351],[-5.16469,43.43061],[-5.16965,43.42611],[-5.16427,43.42369],[-5.16361,43.41981],[-5.16018,43.41731],[-5.15297,43.42002],[-5.15068,43.42431],[-5.14705,43.42643],[-5.13587,43.4254],[-5.12603,43.43009],[-5.12042,43.42908],[-5.11658,43.4302],[-5.1076,43.42588],[-5.09719,43.42785],[-5.0905,43.42659],[-5.08548,43.42453],[-5.07982,43.41782],[-5.06907,43.41017],[-5.05977,43.40738],[-5.03789,43.40745],[-5.03157,43.40886],[-5.0295,43.40774],[-5.03024,43.40674],[-5.01854,43.40948],[-5.02058,43.41616],[-5.01849,43.41906],[-5.00714,43.42067],[-5.00383,43.42256],[-5.00085,43.42192],[-4.99083,43.42334],[-4.99473,43.43551],[-4.98906,43.43897],[-4.98695,43.43894],[-4.98336,43.44424],[-4.98345,43.44686],[-4.98598,43.44916],[-4.98374,43.44957],[-4.98406,43.45399],[-4.9818,43.45547],[-4.98154,43.45924],[-4.98512,43.46123],[-4.98468,43.46019],[-4.98655,43.45979],[-4.98913,43.46147],[-4.98888,43.46009],[-4.98986,43.46103],[-4.99182,43.45911],[-4.99867,43.45997],[-4.99855,43.45883],[-5.00232,43.45884],[-5.00609,43.45996],[-5.00878,43.45861],[-5.01155,43.45996],[-5.01378,43.45854],[-5.0223,43.46157],[-5.03666,43.46067],[-5.04227,43.46254],[-5.04515,43.46169],[-5.0476,43.46365],[-5.05045,43.46276],[-5.05536,43.46461],[-5.05708,43.46917],[-5.06545,43.46925],[-5.06586,43.46797],[-5.06201,43.46695],[-5.07179,43.46585],[-5.07616,43.46755],[-5.07501,43.47043],[-5.07819,43.47123],[-5.0828,43.47514],[-5.09667,43.47713],[-5.10104,43.47452],[-5.11512,43.47653],[-5.11919,43.48245],[-5.12338,43.4846],[-5.12885,43.48424],[-5.1365,43.48045],[-5.14805,43.47787],[-5.15449,43.47917],[-5.16803,43.47688],[-5.16841,43.47678]]]]}},{"type":"Feature","properties":{"mun_code":"33069","mun_name":"Soto del Barco","mun_name_local":null,"prov_code":"33","prov_name":"Asturias","acom_code":"03","acom_name":"Principado de Asturias","geo_point_2d":{"lon":-6.055312753834979,"lat":43.525493837076745}},"geometry":{"type":"MultiPolygon","coordinates":[[[[-6.09259,43.53472],[-6.08585,43.52871],[-6.08288,43.52354],[-6.07766,43.52116],[-6.07625,43.51913],[-6.07769,43.50877],[-6.08502,43.50195],[-6.08371,43.49758],[-6.06473,43.48414],[-6.06149,43.48418],[-6.0567,43.48103],[-6.05547,43.48178],[-6.0514,43.48012],[-6.04707,43.48561],[-6.04878,43.48691],[-6.04885,43.49014],[-6.04533,43.49573],[-6.04085,43.4977],[-6.03292,43.49602],[-6.03015,43.50269],[-6.02172,43.5093],[-6.02482,43.51642],[-6.01757,43.53022],[-6.0246,43.54074],[-6.04212,43.54969],[-6.04447,43.55827],[-6.04329,43.5623],[-6.04665,43.56325],[-6.05137,43.56264],[-6.0537,43.57168],[-6.0669,43.56568],[-6.07572,43.56472],[-6.07584,43.56669],[-6.07888,43.55646],[-6.08312,43.55147],[-6.08114,43.54518],[-6.07574,43.53862],[-6.08142,43.53666],[-6.0917,43.53842],[-6.09304,43.53579],[-6.09259,43.53472]]],[[[-6.06881,43.56751],[-6.07423,43.56906],[-6.06938,43.56764],[-6.06881,43.56751]]]]}},{"type":"Feature","properties":{"mun_code":"33066","mun_name":"Siero","mun_name_local":null,"prov_code":"33","prov_name":"Asturias","acom_code":"03","acom_name":"Principado de Asturias","geo_point_2d":{"lon":-5.68537365329153,"lat":43.39302721279391}},"geometry":{"type":"Polygon","coordinates":[[[-5.82135,43.41404],[-5.82944,43.41285],[-5.8237,43.40464],[-5.82387,43.40245],[-5.82229,43.4009],[-5.82085,43.40168],[-5.82025,43.39362],[-5.81718,43.3935],[-5.81836,43.39068],[-5.8168,43.38989],[-5.80843,43.38809],[-5.8081,43.38563],[-5.8053,43.38477],[-5.80607,43.38095],[-5.79388,43.3803],[-5.78392,43.36635],[-5.78152,43.36057],[-5.78154,43.35561],[-5.77669,43.35394],[-5.77754,43.34586],[-5.77234,43.34471],[-5.76932,43.34607],[-5.75201,43.3466],[-5.74713,43.34387],[-5.74303,43.34324],[-5.74239,43.33935],[-5.74452,43.33737],[-5.74252,43.33486],[-5.73766,43.33578],[-5.73452,43.33489],[-5.73236,43.33737],[-5.73121,43.34369],[-5.72784,43.34383],[-5.72145,43.34084],[-5.72056,43.34315],[-5.71592,43.34325],[-5.71057,43.34597],[-5.70495,43.34397],[-5.70228,43.33529],[-5.68283,43.33129],[-5.66397,43.34104],[-5.65726,43.34109],[-5.6461,43.33176],[-5.61815,43.32463],[-5.61544,43.32201],[-5.60869,43.32869],[-5.6034,43.33024],[-5.60065,43.33549],[-5.60292,43.34163],[-5.593,43.35185],[-5.57778,43.35293],[-5.57241,43.35638],[-5.56754,43.35726],[-5.56793,43.36763],[-5.56364,43.36778],[-5.561,43.37156],[-5.56238,43.37329],[-5.56097,43.37815],[-5.55866,43.37787],[-5.55509,43.38323],[-5.55624,43.38757],[-5.55456,43.39046],[-5.5629,43.38902],[-5.56568,43.39099],[-5.56773,43.38945],[-5.57298,43.39239],[-5.57629,43.39221],[-5.57342,43.39472],[-5.57529,43.39734],[-5.5737,43.4031],[-5.5938,43.41078],[-5.59911,43.42046],[-5.60062,43.42356],[-5.59756,43.42958],[-5.59482,43.43049],[-5.58551,43.44323],[-5.59752,43.44335],[-5.60528,43.44189],[-5.61068,43.44339],[-5.62411,43.44309],[-5.63296,43.44912],[-5.64017,43.45041],[-5.64532,43.45499],[-5.65059,43.45364],[-5.65593,43.456],[-5.66129,43.45489],[-5.66312,43.45621],[-5.67335,43.45634],[-5.68247,43.45408],[-5.69008,43.45872],[-5.6979,43.46608],[-5.705,43.45875],[-5.71378,43.4545],[-5.71756,43.45119],[-5.72054,43.45638],[-5.72505,43.45744],[-5.72985,43.45379],[-5.73026,43.44993],[-5.7336,43.44852],[-5.74119,43.44951],[-5.74761,43.4479],[-5.75655,43.45154],[-5.75824,43.44613],[-5.76508,43.44114],[-5.76705,43.43793],[-5.77334,43.4377],[-5.77932,43.42877],[-5.78191,43.43031],[-5.78832,43.42911],[-5.79148,43.42119],[-5.8014,43.41211],[-5.80907,43.41248],[-5.81028,43.41638],[-5.81853,43.4133],[-5.82013,43.4142],[-5.82135,43.41404]],[[-5.70464,43.38467],[-5.72392,43.38668],[-5.7205,43.3883],[-5.71794,43.39458],[-5.7198,43.40011],[-5.71571,43.40475],[-5.70726,43.4091],[-5.706,43.40575],[-5.7012,43.40354],[-5.69641,43.39228],[-5.69809,43.38813],[-5.70359,43.3848],[-5.70464,43.38467]],[[-5.68387,43.41658],[-5.68521,43.41781],[-5.68356,43.41682],[-5.68387,43.41658]],[[-5.68133,43.40578],[-5.68167,43.40807],[-5.67996,43.40739],[-5.68133,43.40578]],[[-5.6777,43.42285],[-5.6815,43.42391],[-5.6857,43.42273],[-5.69119,43.42506],[-5.68931,43.42823],[-5.68119,43.4305],[-5.68023,43.4389],[-5.67661,43.44074],[-5.67249,43.4304],[-5.66983,43.42955],[-5.67687,43.42297],[-5.6777,43.42285]]]}}]}