{"type":"FeatureCollection","features":[{"type":"Feature","properties":{"mun_code":"36010","mun_name":"Catoira","mun_name_local":null,"prov_code":"36","prov_name":"Pontevedra","acom_code":"12","acom_name":"Galicia","geo_point_2d":{"lon":-8.706498574046533,"lat":42.65859681643361}},"geometry":{"type":"MultiPolygon","coordinates":[[[[-8.73808,42.66334],[-8.73613,42.66445],[-8.73748,42.66392],[-8.73808,42.66334]]],[[[-8.72555,42.68762],[-8.72852,42.68468],[-8.72371,42.67852],[-8.72615,42.67664],[-8.72561,42.67398],[-8.72959,42.67077],[-8.72966,42.66784],[-8.72827,42.66767],[-8.73906,42.66102],[-8.74121,42.649],[-8.74739,42.64341],[-8.74495,42.64321],[-8.74039,42.6385],[-8.73154,42.63423],[-8.7258,42.62644],[-8.71832,42.62779],[-8.71628,42.63015],[-8.70635,42.63302],[-8.69917,42.6318],[-8.68114,42.6423],[-8.6799,42.64595],[-8.67492,42.6476],[-8.66578,42.66127],[-8.67006,42.67055],[-8.67865,42.67328],[-8.68641,42.67977],[-8.68814,42.68677],[-8.7061,42.69036],[-8.72518,42.68743],[-8.72555,42.68762]]],[[[-8.73332,42.66611],[-8.73102,42.66701],[-8.73078,42.66879],[-8.73287,42.66637],[-8.73332,42.66611]]]]}},{"type":"Feature","properties":{"mun_code":"36060","mun_name":"Vilagarcía de Arousa","mun_name_local":null,"prov_code":"36","prov_name":"Pontevedra","acom_code":"12","acom_name":"Galicia","geo_point_2d":{"lon":-8.751518080879345,"lat":42.59703263482396}},"geometry":{"type":"MultiPolygon","coordinates":[[[[-8.74739,42.64341],[-8.75466,42.64123],[-8.75714,42.636],[-8.7592,42.63636],[-8.76165,42.633],[-8.76383,42.63245],[-8.7649,42.62821],[-8.76818,42.62541],[-8.77001,42.6254],[-8.76956,42.623],[-8.77401,42.62128],[-8.77594,42.61517],[-8.77887,42.61405],[-8.77344,42.61239],[-8.76859,42.60658],[-8.76886,42.60184],[-8.77248,42.6023],[-8.76754,42.60053],[-8.76898,42.59821],[-8.77069,42.59885],[-8.77003,42.60078],[-8.77171,42.59818],[-8.76911,42.59801],[-8.77222,42.59324],[-8.7749,42.59331],[-8.77437,42.59654],[-8.77607,42.59419],[-8.78161,42.59527],[-8.78534,42.59956],[-8.78417,42.5931],[-8.78711,42.59301],[-8.78766,42.59003],[-8.79084,42.59107],[-8.78892,42.58983],[-8.79013,42.58803],[-8.79152,42.58845],[-8.79123,42.59026],[-8.79206,42.58818],[-8.78987,42.58725],[-8.7905,42.58587],[-8.79493,42.58564],[-8.79615,42.58675],[-8.7958,42.58427],[-8.79777,42.58272],[-8.79518,42.58007],[-8.80117,42.58214],[-8.79659,42.57123],[-8.80233,42.56801],[-8.80525,42.56292],[-8.79719,42.5581],[-8.78492,42.56303],[-8.78462,42.56709],[-8.7727,42.56364],[-8.76531,42.56657],[-8.75821,42.5636],[-8.75835,42.56113],[-8.76407,42.55552],[-8.76257,42.55209],[-8.75448,42.54728],[-8.75037,42.54669],[-8.74522,42.54838],[-8.74524,42.55075],[-8.75478,42.55619],[-8.75457,42.56029],[-8.7439,42.56674],[-8.73706,42.56739],[-8.72904,42.57031],[-8.72417,42.5768],[-8.72454,42.58105],[-8.72145,42.58886],[-8.71986,42.58786],[-8.71973,42.59238],[-8.71568,42.59343],[-8.7149,42.59814],[-8.71236,42.60073],[-8.71284,42.60554],[-8.71019,42.60918],[-8.71024,42.61613],[-8.70628,42.62695],[-8.69917,42.6318],[-8.70635,42.63302],[-8.71628,42.63015],[-8.71832,42.62779],[-8.7258,42.62644],[-8.73154,42.63423],[-8.74039,42.6385],[-8.74495,42.64321],[-8.74689,42.64319],[-8.74739,42.64341]]],[[[-8.79774,42.60954],[-8.79573,42.61017],[-8.79642,42.61141],[-8.79788,42.60984],[-8.79774,42.60954]]],[[[-8.78745,42.61419],[-8.77836,42.61865],[-8.78029,42.62234],[-8.78429,42.62016],[-8.78862,42.62023],[-8.79044,42.61657],[-8.78768,42.6144],[-8.78745,42.61419]]]]}},{"type":"Feature","properties":{"mun_code":"36004","mun_name":"Bueu","mun_name_local":null,"prov_code":"36","prov_name":"Pontevedra","acom_code":"12","acom_name":"Galicia","geo_point_2d":{"lon":-8.804076984638606,"lat":42.32762041310888}},"geometry":{"type":"MultiPolygon","coordinates":[[[[-8.93808,42.34342],[-8.93368,42.34382],[-8.93219,42.347],[-8.93314,42.34879],[-8.93756,42.34871],[-8.93859,42.34571],[-8.93722,42.34628],[-8.9371,42.34472],[-8.93847,42.34349],[-8.93808,42.34342]]],[[[-8.94915,42.36656],[-8.94776,42.36752],[-8.94931,42.3667],[-8.94915,42.36656]]],[[[-8.93932,42.3555],[-8.93655,42.3568],[-8.93281,42.37466],[-8.92919,42.38016],[-8.92678,42.38923],[-8.92351,42.39088],[-8.92043,42.39489],[-8.92135,42.3997],[-8.92373,42.39868],[-8.92536,42.39423],[-8.92741,42.39597],[-8.92877,42.39505],[-8.93212,42.39824],[-8.93118,42.39364],[-8.93393,42.39157],[-8.93394,42.3877],[-8.93753,42.38554],[-8.94061,42.38666],[-8.94181,42.38283],[-8.94507,42.3804],[-8.94047,42.37388],[-8.94053,42.37161],[-8.93831,42.37055],[-8.94014,42.36872],[-8.93968,42.36689],[-8.9442,42.36898],[-8.94742,42.36699],[-8.94531,42.36325],[-8.94825,42.36118],[-8.94455,42.35901],[-8.9457,42.35604],[-8.94391,42.35508],[-8.94101,42.35809],[-8.93942,42.35569],[-8.93932,42.3555]]],[[[-8.94593,42.3798],[-8.94491,42.38083],[-8.94593,42.38007],[-8.94593,42.3798]]],[[[-8.75221,42.3437],[-8.75501,42.33992],[-8.76112,42.3403],[-8.76293,42.33755],[-8.76823,42.33601],[-8.7713,42.33244],[-8.78668,42.32724],[-8.78734,42.32907],[-8.78501,42.32964],[-8.78774,42.32907],[-8.78724,42.32758],[-8.7923,42.32711],[-8.79991,42.33206],[-8.79887,42.3367],[-8.80033,42.33855],[-8.8039,42.33916],[-8.80681,42.33807],[-8.81105,42.3393],[-8.81575,42.33736],[-8.8213,42.33743],[-8.82397,42.33814],[-8.82532,42.34141],[-8.8269,42.34034],[-8.83358,42.34185],[-8.83919,42.33901],[-8.83705,42.33758],[-8.83436,42.33776],[-8.83474,42.33513],[-8.83272,42.33287],[-8.82666,42.33336],[-8.82648,42.32998],[-8.82923,42.32832],[-8.82602,42.32564],[-8.82706,42.32335],[-8.82492,42.32322],[-8.82687,42.32096],[-8.82364,42.3201],[-8.82227,42.3155],[-8.8238,42.31386],[-8.82009,42.31457],[-8.81852,42.31369],[-8.81955,42.31109],[-8.81737,42.30697],[-8.81947,42.30594],[-8.81941,42.30262],[-8.79963,42.30425],[-8.79668,42.30601],[-8.79052,42.30367],[-8.78885,42.29905],[-8.76512,42.29537],[-8.76212,42.29271],[-8.75618,42.29818],[-8.75345,42.30353],[-8.7555,42.30768],[-8.74983,42.31289],[-8.74558,42.3142],[-8.73792,42.31993],[-8.7353,42.33082],[-8.74779,42.34204],[-8.75129,42.34355],[-8.75221,42.3437]]]]}},{"type":"Feature","properties":{"mun_code":"36032","mun_name":"Moraña","mun_name_local":null,"prov_code":"36","prov_name":"Pontevedra","acom_code":"12","acom_name":"Galicia","geo_point_2d":{"lon":-8.584546910597968,"lat":42.56687152986823}},"geometry":{"type":"Polygon","coordinates":[[[-8.61899,42.57321],[-8.61807,42.56459],[-8.60938,42.56224],[-8.61404,42.55566],[-8.60914,42.54977],[-8.60973,42.53617],[-8.60519,42.5206],[-8.5971,42.51262],[-8.58868,42.51569],[-8.5733,42.52536],[-8.56673,42.53229],[-8.56613,42.53726],[-8.56955,42.54118],[-8.56122,42.54776],[-8.56136,42.55366],[-8.55723,42.56077],[-8.56367,42.56635],[-8.56464,42.5701],[-8.56321,42.57482],[-8.56039,42.57566],[-8.55929,42.58308],[-8.55552,42.58336],[-8.55105,42.58594],[-8.54696,42.58567],[-8.54336,42.58868],[-8.54126,42.593],[-8.54169,42.59765],[-8.54437,42.59935],[-8.54461,42.60219],[-8.54722,42.60191],[-8.55051,42.60564],[-8.55277,42.60297],[-8.55555,42.60418],[-8.55845,42.60374],[-8.55912,42.60704],[-8.5663,42.61113],[-8.5656,42.61274],[-8.57462,42.61111],[-8.57682,42.60643],[-8.5834,42.61104],[-8.58611,42.61146],[-8.58749,42.6101],[-8.58564,42.60814],[-8.58619,42.60588],[-8.59034,42.59943],[-8.59622,42.59799],[-8.60183,42.60086],[-8.60137,42.59817],[-8.6032,42.59752],[-8.61577,42.59408],[-8.61908,42.59519],[-8.62168,42.59451],[-8.61764,42.59169],[-8.61416,42.59249],[-8.61107,42.58973],[-8.61696,42.57843],[-8.61899,42.57321]]]}},{"type":"Feature","properties":{"mun_code":"36003","mun_name":"Baiona","mun_name_local":null,"prov_code":"36","prov_name":"Pontevedra","acom_code":"12","acom_name":"Galicia","geo_point_2d":{"lon":-8.844267095598887,"lat":42.09207210153846}},"geometry":{"type":"MultiPolygon","coordinates":[[[[-8.82435,42.11904],[-8.82371,42.11695],[-8.82968,42.11338],[-8.83516,42.11278],[-8.83663,42.11379],[-8.83523,42.11511],[-8.83765,42.11617],[-8.83752,42.11494],[-8.84069,42.11446],[-8.84675,42.1186],[-8.84564,42.11985],[-8.84773,42.11927],[-8.84948,42.1207],[-8.84689,42.12203],[-8.8485,42.12263],[-8.84811,42.12433],[-8.84267,42.12469],[-8.84668,42.12511],[-8.85164,42.12828],[-8.85339,42.12534],[-8.85215,42.1226],[-8.85457,42.12178],[-8.8594,42.12258],[-8.86319,42.12116],[-8.86843,42.11487],[-8.86921,42.1158],[-8.86999,42.11468],[-8.87433,42.11534],[-8.87454,42.1129],[-8.87552,42.11356],[-8.88051,42.11027],[-8.88449,42.11358],[-8.88763,42.11231],[-8.88871,42.11371],[-8.89086,42.11335],[-8.8921,42.11148],[-8.89535,42.11377],[-8.8972,42.11245],[-8.89996,42.11303],[-8.90073,42.11146],[-8.89841,42.10704],[-8.89946,42.10338],[-8.89763,42.10395],[-8.89323,42.10184],[-8.88918,42.102],[-8.88605,42.09677],[-8.88638,42.09265],[-8.88413,42.08781],[-8.87679,42.08398],[-8.87673,42.07448],[-8.87466,42.0763],[-8.8676,42.0784],[-8.86693,42.07718],[-8.85965,42.07653],[-8.85198,42.07801],[-8.84673,42.07693],[-8.84245,42.07393],[-8.83801,42.07426],[-8.83152,42.07035],[-8.83329,42.05423],[-8.82707,42.04871],[-8.81953,42.04972],[-8.81484,42.05413],[-8.80719,42.05682],[-8.80754,42.05935],[-8.81162,42.06317],[-8.80641,42.06753],[-8.80407,42.07216],[-8.80584,42.08222],[-8.80733,42.082],[-8.8103,42.0854],[-8.80966,42.08684],[-8.81249,42.08874],[-8.81087,42.09115],[-8.81417,42.10003],[-8.80939,42.10076],[-8.81429,42.10875],[-8.81198,42.11524],[-8.82006,42.12032],[-8.82328,42.11929],[-8.82435,42.11904]]],[[[-8.89913,42.11368],[-8.89825,42.11479],[-8.89945,42.11373],[-8.89913,42.11368]]],[[[-8.90343,42.11708],[-8.90166,42.11627],[-8.90334,42.11742],[-8.90343,42.11708]]],[[[-8.90094,42.11476],[-8.90097,42.11598],[-8.90102,42.11503],[-8.90094,42.11476]]]]}},{"type":"Feature","properties":{"mun_code":"36047","mun_name":"Rodeiro","mun_name_local":null,"prov_code":"36","prov_name":"Pontevedra","acom_code":"12","acom_name":"Galicia","geo_point_2d":{"lon":-7.94551613470428,"lat":42.65909608151402}},"geometry":{"type":"Polygon","coordinates":[[[-8.01176,42.70157],[-8.01303,42.69864],[-8.0237,42.69088],[-8.03551,42.68705],[-8.03614,42.68345],[-8.02463,42.6706],[-8.02071,42.67675],[-8.01337,42.67988],[-8.00939,42.68335],[-8.00051,42.68221],[-7.99704,42.68408],[-7.99645,42.67797],[-7.99221,42.67462],[-7.99863,42.67002],[-7.99516,42.66647],[-7.99562,42.66453],[-7.98989,42.65977],[-7.98823,42.65441],[-7.99551,42.64588],[-7.99523,42.64219],[-7.99267,42.64179],[-7.99737,42.63359],[-8.00391,42.63352],[-8.00497,42.6293],[-8.00835,42.6274],[-8.00566,42.62531],[-8.01219,42.62176],[-8.01079,42.61951],[-8.01308,42.61851],[-8.00794,42.61083],[-7.99907,42.61],[-7.99367,42.60697],[-7.99277,42.60113],[-7.98807,42.59861],[-8.00013,42.58994],[-8.00001,42.58283],[-7.99859,42.57968],[-7.99021,42.57438],[-7.98016,42.57602],[-7.97119,42.57397],[-7.96644,42.57073],[-7.96489,42.56662],[-7.96123,42.56722],[-7.95749,42.56938],[-7.94791,42.57137],[-7.94449,42.57395],[-7.92519,42.581],[-7.91927,42.58433],[-7.91274,42.59167],[-7.91367,42.59688],[-7.91236,42.60092],[-7.90745,42.60413],[-7.90232,42.6173],[-7.89896,42.61966],[-7.89255,42.62963],[-7.89341,42.6384],[-7.88752,42.66088],[-7.8921,42.67048],[-7.89261,42.67766],[-7.8899,42.67998],[-7.88971,42.68371],[-7.88731,42.6864],[-7.87476,42.68957],[-7.87429,42.69134],[-7.87688,42.69406],[-7.87382,42.69941],[-7.86668,42.69849],[-7.86143,42.7062],[-7.86671,42.71333],[-7.86639,42.72064],[-7.87287,42.72022],[-7.90223,42.73336],[-7.91129,42.73467],[-7.9181,42.73425],[-7.93537,42.73974],[-7.93978,42.73556],[-7.96142,42.73331],[-7.97925,42.71879],[-7.98442,42.71752],[-7.99066,42.7137],[-7.9931,42.71041],[-7.99317,42.70577],[-8.0004,42.70658],[-8.00694,42.70005],[-8.01138,42.70165],[-8.01176,42.70157]]]}},{"type":"Feature","properties":{"mun_code":"36049","mun_name":"Salceda de Caselas","mun_name_local":null,"prov_code":"36","prov_name":"Pontevedra","acom_code":"12","acom_name":"Galicia","geo_point_2d":{"lon":-8.574337078517809,"lat":42.10041348803908}},"geometry":{"type":"Polygon","coordinates":[[[-8.63507,42.08822],[-8.62088,42.08359],[-8.60815,42.0835],[-8.61363,42.07301],[-8.59356,42.06489],[-8.58581,42.07038],[-8.57626,42.07475],[-8.57182,42.06793],[-8.55301,42.06496],[-8.54755,42.07313],[-8.54891,42.07558],[-8.5472,42.08189],[-8.54894,42.08422],[-8.54717,42.08613],[-8.54968,42.09587],[-8.54615,42.10201],[-8.54006,42.10188],[-8.54146,42.10857],[-8.536,42.12126],[-8.53563,42.12578],[-8.55361,42.13565],[-8.55735,42.14028],[-8.56387,42.14414],[-8.56591,42.14777],[-8.57867,42.14813],[-8.58069,42.13923],[-8.57892,42.12855],[-8.58343,42.10527],[-8.58611,42.09999],[-8.59084,42.10077],[-8.60153,42.09962],[-8.60615,42.10165],[-8.61349,42.10066],[-8.62437,42.09418],[-8.62537,42.0918],[-8.63046,42.0896],[-8.63507,42.08822]]]}},{"type":"Feature","properties":{"mun_code":"36036","mun_name":"Oia","mun_name_local":null,"prov_code":"36","prov_name":"Pontevedra","acom_code":"12","acom_name":"Galicia","geo_point_2d":{"lon":-8.845979145250809,"lat":42.0208339414856}},"geometry":{"type":"MultiPolygon","coordinates":[[[[-8.89135,42.0423],[-8.88825,42.0427],[-8.89118,42.04255],[-8.89135,42.0423]]],[[[-8.81005,42.05502],[-8.81484,42.05413],[-8.81809,42.05046],[-8.82249,42.04879],[-8.82707,42.04871],[-8.83064,42.05069],[-8.83111,42.05331],[-8.83329,42.05423],[-8.83152,42.07035],[-8.83727,42.07396],[-8.84245,42.07393],[-8.84793,42.07737],[-8.85198,42.07801],[-8.85965,42.07653],[-8.86693,42.07718],[-8.8676,42.0784],[-8.87466,42.0763],[-8.87673,42.07448],[-8.87679,42.08398],[-8.88413,42.08781],[-8.88638,42.09265],[-8.88605,42.09677],[-8.88918,42.102],[-8.89323,42.10184],[-8.89763,42.10395],[-8.89946,42.10338],[-8.89466,42.09984],[-8.89605,42.09703],[-8.89394,42.0865],[-8.89563,42.08541],[-8.89159,42.08225],[-8.89694,42.07734],[-8.8964,42.07443],[-8.89391,42.07275],[-8.89644,42.07012],[-8.89522,42.06868],[-8.89672,42.06696],[-8.89334,42.06311],[-8.89455,42.06194],[-8.89179,42.06219],[-8.89079,42.06072],[-8.89354,42.05899],[-8.89029,42.05782],[-8.88949,42.05589],[-8.89196,42.05104],[-8.88597,42.0503],[-8.8884,42.04397],[-8.88744,42.0412],[-8.88461,42.04072],[-8.88399,42.03845],[-8.88441,42.03285],[-8.88655,42.03109],[-8.88508,42.02999],[-8.88978,42.02626],[-8.88676,42.02473],[-8.88778,42.02305],[-8.88582,42.02136],[-8.8868,42.0175],[-8.88533,42.01733],[-8.88734,42.01511],[-8.88606,42.01249],[-8.88355,42.01218],[-8.88476,42.00676],[-8.88136,42.00309],[-8.87683,42.00244],[-8.88473,41.99445],[-8.88471,41.98915],[-8.88677,41.98808],[-8.88856,41.97748],[-8.88588,41.96769],[-8.88733,41.96129],[-8.883,41.96117],[-8.88253,41.96835],[-8.87601,41.96677],[-8.86951,41.96917],[-8.86824,41.97281],[-8.85903,41.97403],[-8.84962,41.97397],[-8.83528,41.96806],[-8.82377,41.96584],[-8.8056,41.96496],[-8.80573,41.96673],[-8.80203,41.96989],[-8.80157,41.97754],[-8.79479,41.98442],[-8.79373,41.98897],[-8.78603,41.99913],[-8.78441,42.00744],[-8.78696,42.0106],[-8.78683,42.01529],[-8.8092,42.0375],[-8.81017,42.05299],[-8.81005,42.05502]]]]}},{"type":"Feature","properties":{"mun_code":"36008","mun_name":"Cangas","mun_name_local":null,"prov_code":"36","prov_name":"Pontevedra","acom_code":"12","acom_name":"Galicia","geo_point_2d":{"lon":-8.812371648227076,"lat":42.27659555232068}},"geometry":{"type":"MultiPolygon","coordinates":[[[[-8.76212,42.29271],[-8.76512,42.29537],[-8.78885,42.29905],[-8.79052,42.30367],[-8.79668,42.30601],[-8.79963,42.30425],[-8.81988,42.30234],[-8.82156,42.30321],[-8.82335,42.29724],[-8.82098,42.29581],[-8.81976,42.29047],[-8.82061,42.2882],[-8.82298,42.28733],[-8.82176,42.28362],[-8.8229,42.28255],[-8.82078,42.27983],[-8.81901,42.28058],[-8.81684,42.27888],[-8.82063,42.27554],[-8.82507,42.27512],[-8.82606,42.27757],[-8.83166,42.27815],[-8.83137,42.28309],[-8.83825,42.28782],[-8.83773,42.291],[-8.84745,42.29281],[-8.84692,42.29736],[-8.85435,42.30639],[-8.85381,42.30899],[-8.8559,42.30977],[-8.85948,42.3048],[-8.85778,42.29993],[-8.86095,42.28967],[-8.85954,42.28658],[-8.86465,42.27797],[-8.86253,42.26895],[-8.86662,42.26353],[-8.86856,42.25605],[-8.87028,42.25623],[-8.8722,42.25299],[-8.87395,42.25414],[-8.87307,42.25006],[-8.86722,42.25133],[-8.86382,42.24652],[-8.85991,42.2569],[-8.85694,42.26117],[-8.85519,42.26141],[-8.84441,42.26004],[-8.83586,42.25731],[-8.83419,42.25616],[-8.83485,42.25416],[-8.82883,42.25088],[-8.82416,42.25116],[-8.82255,42.2538],[-8.81805,42.25539],[-8.81385,42.25944],[-8.8099,42.25781],[-8.80996,42.25622],[-8.80712,42.25485],[-8.80438,42.25064],[-8.80136,42.2516],[-8.79996,42.24976],[-8.79542,42.24966],[-8.79341,42.24623],[-8.791,42.24912],[-8.7882,42.24755],[-8.78819,42.25441],[-8.78469,42.2547],[-8.78851,42.25552],[-8.78569,42.25614],[-8.78601,42.25851],[-8.78215,42.25831],[-8.78039,42.26018],[-8.78222,42.25845],[-8.78508,42.25858],[-8.78535,42.2601],[-8.7825,42.26014],[-8.78515,42.26043],[-8.78418,42.26284],[-8.77586,42.26325],[-8.76924,42.26103],[-8.76598,42.25837],[-8.76216,42.25926],[-8.75876,42.26244],[-8.76313,42.29078],[-8.76212,42.29271]]]]}},{"type":"Feature","properties":{"mun_code":"36058","mun_name":"Vilaboa","mun_name_local":null,"prov_code":"36","prov_name":"Pontevedra","acom_code":"12","acom_name":"Galicia","geo_point_2d":{"lon":-8.652390231882418,"lat":42.35125849075399}},"geometry":{"type":"MultiPolygon","coordinates":[[[[-8.62342,42.33935],[-8.62325,42.34031],[-8.62356,42.33944],[-8.62342,42.33935]]],[[[-8.62534,42.34034],[-8.6248,42.34125],[-8.62548,42.34057],[-8.62534,42.34034]]],[[[-8.66765,42.3775],[-8.67695,42.35735],[-8.67724,42.35246],[-8.69092,42.34539],[-8.68953,42.34276],[-8.69086,42.33973],[-8.68613,42.32222],[-8.67715,42.30969],[-8.66866,42.30086],[-8.66226,42.29771],[-8.65894,42.29145],[-8.65181,42.29775],[-8.65589,42.30172],[-8.6547,42.30253],[-8.65781,42.30319],[-8.65836,42.30751],[-8.66227,42.31071],[-8.66017,42.31587],[-8.65605,42.32068],[-8.64884,42.31842],[-8.64989,42.32111],[-8.64646,42.32216],[-8.64614,42.32478],[-8.63625,42.32651],[-8.63753,42.33349],[-8.64065,42.33428],[-8.64004,42.33539],[-8.64202,42.33683],[-8.64404,42.33614],[-8.64528,42.33727],[-8.6447,42.33894],[-8.6406,42.33986],[-8.63805,42.34341],[-8.63596,42.3425],[-8.638,42.34396],[-8.63685,42.34743],[-8.62863,42.35106],[-8.62761,42.34629],[-8.62437,42.34567],[-8.62326,42.34795],[-8.616,42.35004],[-8.62134,42.36305],[-8.62067,42.37219],[-8.60742,42.38948],[-8.609,42.39294],[-8.62938,42.39508],[-8.64087,42.39254],[-8.64416,42.39082],[-8.64955,42.38443],[-8.65802,42.38226],[-8.6663,42.37809],[-8.66765,42.3775]]]]}},{"type":"Feature","properties":{"mun_code":"36056","mun_name":"Valga","mun_name_local":null,"prov_code":"36","prov_name":"Pontevedra","acom_code":"12","acom_name":"Galicia","geo_point_2d":{"lon":-8.654024175231417,"lat":42.69010455902525}},"geometry":{"type":"Polygon","coordinates":[[[-8.72681,42.68827],[-8.72184,42.68736],[-8.7061,42.69036],[-8.69201,42.68819],[-8.68814,42.68677],[-8.68641,42.67977],[-8.67865,42.67328],[-8.67006,42.67055],[-8.66578,42.66127],[-8.66237,42.65913],[-8.65719,42.65912],[-8.64864,42.66186],[-8.64042,42.66182],[-8.63758,42.66068],[-8.62502,42.66876],[-8.6218,42.66758],[-8.61615,42.66946],[-8.61362,42.66878],[-8.60855,42.67456],[-8.60159,42.67814],[-8.59773,42.68906],[-8.59815,42.69497],[-8.59363,42.70218],[-8.59526,42.70484],[-8.60453,42.70877],[-8.61717,42.70477],[-8.62634,42.70939],[-8.64091,42.70581],[-8.64905,42.70661],[-8.65026,42.70787],[-8.65059,42.70512],[-8.65678,42.70835],[-8.65701,42.71403],[-8.65901,42.71398],[-8.6616,42.71679],[-8.661,42.71855],[-8.66425,42.71838],[-8.66492,42.71969],[-8.67635,42.7175],[-8.67695,42.7124],[-8.67909,42.7114],[-8.68769,42.71074],[-8.70424,42.70702],[-8.7183,42.706],[-8.72481,42.6997],[-8.72259,42.6943],[-8.72603,42.68874],[-8.72681,42.68827]]]}},{"type":"Feature","properties":{"mun_code":"36053","mun_name":"Soutomaior","mun_name_local":null,"prov_code":"36","prov_name":"Pontevedra","acom_code":"12","acom_name":"Galicia","geo_point_2d":{"lon":-8.567255792019878,"lat":42.33487726672995}},"geometry":{"type":"Polygon","coordinates":[[[-8.61458,42.32983],[-8.6063,42.32868],[-8.60548,42.32951],[-8.6036,42.32825],[-8.59613,42.32859],[-8.59079,42.32709],[-8.59075,42.32427],[-8.58705,42.32056],[-8.57771,42.316],[-8.57408,42.31139],[-8.56572,42.30694],[-8.5525,42.31462],[-8.54031,42.31644],[-8.52994,42.32521],[-8.52395,42.32783],[-8.52128,42.33839],[-8.52379,42.34121],[-8.52498,42.33889],[-8.53176,42.3372],[-8.53331,42.3409],[-8.54163,42.34308],[-8.54747,42.33958],[-8.55508,42.35683],[-8.55775,42.35941],[-8.55731,42.36239],[-8.56338,42.36677],[-8.56742,42.3675],[-8.56959,42.37034],[-8.58529,42.34323],[-8.58982,42.34697],[-8.59412,42.34465],[-8.5977,42.34598],[-8.60235,42.34487],[-8.61195,42.34557],[-8.61604,42.34001],[-8.61491,42.33934],[-8.61569,42.3404],[-8.61427,42.34032],[-8.61191,42.33693],[-8.61451,42.33486],[-8.61602,42.33088],[-8.61486,42.3299],[-8.61458,42.32983]]]}},{"type":"Feature","properties":{"mun_code":"36015","mun_name":"Cuntis","mun_name_local":null,"prov_code":"36","prov_name":"Pontevedra","acom_code":"12","acom_name":"Galicia","geo_point_2d":{"lon":-8.556765489105215,"lat":42.64046339049743}},"geometry":{"type":"Polygon","coordinates":[[[-8.61362,42.66878],[-8.61598,42.66348],[-8.60928,42.65085],[-8.6097,42.64377],[-8.61219,42.63879],[-8.60908,42.63319],[-8.61131,42.63226],[-8.61135,42.62558],[-8.61397,42.62126],[-8.61179,42.60761],[-8.60743,42.60613],[-8.60756,42.60191],[-8.6,42.60042],[-8.59622,42.59799],[-8.59067,42.59928],[-8.58619,42.60588],[-8.58564,42.60814],[-8.58749,42.6101],[-8.58611,42.61146],[-8.5834,42.61104],[-8.57682,42.60643],[-8.57462,42.61111],[-8.56643,42.61287],[-8.56338,42.6087],[-8.55912,42.60704],[-8.55845,42.60374],[-8.55555,42.60418],[-8.55277,42.60297],[-8.55051,42.60564],[-8.54722,42.60191],[-8.54461,42.60219],[-8.54437,42.59935],[-8.54169,42.59765],[-8.54123,42.59346],[-8.54336,42.58868],[-8.53275,42.58784],[-8.52602,42.58595],[-8.5129,42.58933],[-8.50989,42.58654],[-8.49965,42.5898],[-8.50387,42.59561],[-8.50127,42.60289],[-8.50435,42.60592],[-8.50795,42.60594],[-8.51014,42.61019],[-8.50805,42.61563],[-8.51007,42.62148],[-8.50698,42.63106],[-8.50336,42.63577],[-8.50338,42.64145],[-8.50984,42.645],[-8.50951,42.65019],[-8.51246,42.65234],[-8.50893,42.66704],[-8.51087,42.67212],[-8.51555,42.67766],[-8.52999,42.68308],[-8.53727,42.69027],[-8.53945,42.6866],[-8.54231,42.68927],[-8.54741,42.69062],[-8.54857,42.68903],[-8.55686,42.68975],[-8.56021,42.69066],[-8.55923,42.69439],[-8.56674,42.69201],[-8.56617,42.69117],[-8.57247,42.69128],[-8.57794,42.68917],[-8.57786,42.6854],[-8.58099,42.68509],[-8.58363,42.67689],[-8.59247,42.67492],[-8.60159,42.67814],[-8.60855,42.67456],[-8.61299,42.66972],[-8.61362,42.66878]]]}},{"type":"Feature","properties":{"mun_code":"36009","mun_name":"A Cañiza","mun_name_local":null,"prov_code":"36","prov_name":"Pontevedra","acom_code":"12","acom_name":"Galicia","geo_point_2d":{"lon":-8.289920889402696,"lat":42.20239864849245}},"geometry":{"type":"Polygon","coordinates":[[[-8.39289,42.16872],[-8.38493,42.17048],[-8.38122,42.17276],[-8.37552,42.17217],[-8.37225,42.17407],[-8.36898,42.16812],[-8.35651,42.16075],[-8.35629,42.15629],[-8.35306,42.15137],[-8.35141,42.15262],[-8.34585,42.14898],[-8.3332,42.14821],[-8.32199,42.15185],[-8.3167,42.15029],[-8.3131,42.15297],[-8.31022,42.15327],[-8.30694,42.157],[-8.30267,42.15742],[-8.29861,42.15476],[-8.28622,42.15703],[-8.28564,42.15612],[-8.28909,42.15521],[-8.2902,42.15316],[-8.28071,42.14916],[-8.26751,42.15211],[-8.25339,42.15916],[-8.25182,42.16176],[-8.25195,42.17267],[-8.2483,42.17065],[-8.24299,42.17108],[-8.23916,42.17427],[-8.23095,42.17659],[-8.22133,42.17736],[-8.21896,42.17894],[-8.21526,42.18293],[-8.21427,42.18827],[-8.22153,42.19081],[-8.22025,42.19274],[-8.22496,42.19387],[-8.22681,42.19315],[-8.23252,42.19778],[-8.236,42.20708],[-8.23562,42.21096],[-8.22781,42.21754],[-8.22362,42.22381],[-8.22299,42.23324],[-8.23311,42.23357],[-8.23925,42.23978],[-8.24167,42.24499],[-8.25047,42.24531],[-8.26038,42.2523],[-8.26458,42.25286],[-8.2686,42.26353],[-8.26797,42.27195],[-8.2729,42.28241],[-8.27949,42.2833],[-8.29023,42.27872],[-8.2948,42.26775],[-8.30381,42.26129],[-8.30508,42.25689],[-8.30902,42.25481],[-8.31944,42.23556],[-8.31673,42.23138],[-8.32234,42.22245],[-8.33194,42.21261],[-8.32906,42.20868],[-8.32997,42.20297],[-8.33921,42.19888],[-8.34139,42.19189],[-8.34618,42.18907],[-8.34998,42.18314],[-8.36157,42.18399],[-8.36555,42.18214],[-8.37249,42.18144],[-8.37472,42.18318],[-8.37741,42.18309],[-8.39264,42.17728],[-8.39591,42.17292],[-8.39335,42.16931],[-8.39289,42.16872]]]}},{"type":"Feature","properties":{"mun_code":"36048","mun_name":"O Rosal","mun_name_local":null,"prov_code":"36","prov_name":"Pontevedra","acom_code":"12","acom_name":"Galicia","geo_point_2d":{"lon":-8.83319112525532,"lat":41.93993892044889}},"geometry":{"type":"Polygon","coordinates":[[[-8.88581,41.9607],[-8.88717,41.95694],[-8.88418,41.95272],[-8.8868,41.9497],[-8.88528,41.94568],[-8.88686,41.94194],[-8.87812,41.93839],[-8.8717,41.92411],[-8.8614,41.92307],[-8.85171,41.92384],[-8.84813,41.92117],[-8.84032,41.92055],[-8.83579,41.91407],[-8.82955,41.89871],[-8.82045,41.90574],[-8.80618,41.90913],[-8.7851,41.91696],[-8.77158,41.92448],[-8.77549,41.92778],[-8.77136,41.93236],[-8.77564,41.93891],[-8.77791,41.9392],[-8.77869,41.94069],[-8.78354,41.93898],[-8.78548,41.94056],[-8.81104,41.94849],[-8.80903,41.95641],[-8.80495,41.95895],[-8.8056,41.96496],[-8.82377,41.96584],[-8.83528,41.96806],[-8.84962,41.97397],[-8.85903,41.97403],[-8.86824,41.97281],[-8.86951,41.96917],[-8.87601,41.96677],[-8.88253,41.96835],[-8.883,41.96117],[-8.88453,41.96138],[-8.88581,41.9607]]]}},{"type":"Feature","properties":{"mun_code":"36013","mun_name":"Covelo","mun_name_local":null,"prov_code":"36","prov_name":"Pontevedra","acom_code":"12","acom_name":"Galicia","geo_point_2d":{"lon":-8.346341350613306,"lat":42.27113234316943}},"geometry":{"type":"Polygon","coordinates":[[[-8.4062,42.29458],[-8.40491,42.29014],[-8.40668,42.28547],[-8.40541,42.2822],[-8.40668,42.27355],[-8.40829,42.27313],[-8.41124,42.27554],[-8.41305,42.27496],[-8.41191,42.27296],[-8.41365,42.27024],[-8.4099,42.26796],[-8.41229,42.26478],[-8.40837,42.26573],[-8.40665,42.26273],[-8.40803,42.26006],[-8.40605,42.25652],[-8.40788,42.25496],[-8.40523,42.24803],[-8.40948,42.24426],[-8.40942,42.24055],[-8.4079,42.23928],[-8.40446,42.24045],[-8.40366,42.23863],[-8.39725,42.23544],[-8.39129,42.2264],[-8.39485,42.22018],[-8.39608,42.21202],[-8.40124,42.20862],[-8.40251,42.20162],[-8.39277,42.19536],[-8.37992,42.18336],[-8.37632,42.18451],[-8.37251,42.18291],[-8.36487,42.1826],[-8.35988,42.18608],[-8.34998,42.18314],[-8.34618,42.18907],[-8.34139,42.19189],[-8.33921,42.19888],[-8.32997,42.20297],[-8.32906,42.20868],[-8.33194,42.21261],[-8.32234,42.22245],[-8.31673,42.23138],[-8.31944,42.23556],[-8.31329,42.24822],[-8.30902,42.25481],[-8.30508,42.25689],[-8.30381,42.26129],[-8.2948,42.26775],[-8.29023,42.27872],[-8.27949,42.2833],[-8.2729,42.28241],[-8.26872,42.28475],[-8.26643,42.29213],[-8.26648,42.29877],[-8.26156,42.3089],[-8.26195,42.31538],[-8.27291,42.31443],[-8.27768,42.31752],[-8.28159,42.31647],[-8.2848,42.31766],[-8.2849,42.32009],[-8.28877,42.32215],[-8.29145,42.32699],[-8.30297,42.33494],[-8.30523,42.33998],[-8.31121,42.34379],[-8.31674,42.34342],[-8.3247,42.34505],[-8.32537,42.34953],[-8.33266,42.35424],[-8.33658,42.35411],[-8.34056,42.35339],[-8.34706,42.34753],[-8.35299,42.3342],[-8.36035,42.32761],[-8.36471,42.32484],[-8.36686,42.32464],[-8.36758,42.32661],[-8.37313,42.32415],[-8.3778,42.32528],[-8.38004,42.32342],[-8.39701,42.30183],[-8.40235,42.29912],[-8.40535,42.29525],[-8.4062,42.29458]]]}},{"type":"Feature","properties":{"mun_code":"36059","mun_name":"Vila de Cruces","mun_name_local":null,"prov_code":"36","prov_name":"Pontevedra","acom_code":"12","acom_name":"Galicia","geo_point_2d":{"lon":-8.220153993207045,"lat":42.79853574712283}},"geometry":{"type":"Polygon","coordinates":[[[-8.34781,42.78391],[-8.34562,42.78429],[-8.33917,42.78189],[-8.33669,42.77524],[-8.33258,42.77294],[-8.33491,42.77071],[-8.33404,42.76927],[-8.32464,42.7662],[-8.32432,42.76325],[-8.31953,42.76126],[-8.31651,42.76296],[-8.31313,42.76288],[-8.3006,42.77504],[-8.29193,42.77086],[-8.28648,42.773],[-8.28345,42.77088],[-8.28218,42.76591],[-8.27566,42.76545],[-8.27339,42.76677],[-8.27066,42.7645],[-8.27165,42.76064],[-8.2705,42.75935],[-8.26348,42.75978],[-8.26267,42.76357],[-8.25749,42.76201],[-8.25882,42.75998],[-8.25789,42.7573],[-8.26012,42.75492],[-8.2571,42.75331],[-8.24979,42.75317],[-8.2462,42.75759],[-8.24507,42.75528],[-8.24317,42.75515],[-8.23579,42.75885],[-8.2356,42.75696],[-8.23274,42.75531],[-8.23201,42.74626],[-8.22802,42.744],[-8.23245,42.73699],[-8.2287,42.73171],[-8.22516,42.73177],[-8.22281,42.72395],[-8.21808,42.72324],[-8.21398,42.72395],[-8.21506,42.74454],[-8.23115,42.75225],[-8.22614,42.75444],[-8.22573,42.757],[-8.22129,42.76126],[-8.2141,42.75646],[-8.20856,42.75689],[-8.20571,42.75548],[-8.20248,42.75659],[-8.19723,42.75089],[-8.19345,42.75022],[-8.18989,42.75192],[-8.18822,42.75464],[-8.17863,42.75294],[-8.17164,42.74778],[-8.17118,42.74493],[-8.166,42.74329],[-8.16559,42.74064],[-8.15618,42.73829],[-8.15431,42.74001],[-8.1546,42.74673],[-8.15307,42.74717],[-8.15336,42.75501],[-8.1555,42.75844],[-8.16041,42.75967],[-8.16001,42.76495],[-8.15282,42.76813],[-8.15021,42.7746],[-8.14339,42.7764],[-8.13917,42.77535],[-8.13105,42.77658],[-8.12235,42.77934],[-8.12084,42.78097],[-8.11302,42.7827],[-8.1096,42.78201],[-8.10711,42.78367],[-8.10752,42.78685],[-8.11154,42.78945],[-8.11015,42.79803],[-8.10558,42.80102],[-8.10635,42.80304],[-8.10347,42.80485],[-8.10372,42.80815],[-8.10875,42.81076],[-8.10926,42.813],[-8.11506,42.80941],[-8.11806,42.81239],[-8.1249,42.81217],[-8.12448,42.81697],[-8.12189,42.81907],[-8.12943,42.82052],[-8.13302,42.83526],[-8.13022,42.83961],[-8.12535,42.83953],[-8.12342,42.84299],[-8.11847,42.84218],[-8.12083,42.84647],[-8.12016,42.85034],[-8.12638,42.84999],[-8.1351,42.84323],[-8.13906,42.84311],[-8.14108,42.84705],[-8.14554,42.84796],[-8.14904,42.84624],[-8.15129,42.84655],[-8.15605,42.85069],[-8.16041,42.84994],[-8.16322,42.85121],[-8.16566,42.85536],[-8.17343,42.85684],[-8.1753,42.8583],[-8.18038,42.85784],[-8.18327,42.86014],[-8.19844,42.8513],[-8.20255,42.84503],[-8.20551,42.84329],[-8.20754,42.84287],[-8.21297,42.84632],[-8.2208,42.84429],[-8.22111,42.842],[-8.21624,42.8406],[-8.21284,42.8341],[-8.206,42.83222],[-8.20727,42.82516],[-8.21124,42.82357],[-8.22574,42.82557],[-8.23281,42.82893],[-8.23295,42.83194],[-8.23518,42.83285],[-8.23826,42.83236],[-8.24178,42.82879],[-8.24575,42.8276],[-8.24792,42.82914],[-8.24598,42.83341],[-8.25457,42.8367],[-8.26269,42.83222],[-8.26354,42.82871],[-8.27031,42.82616],[-8.27688,42.82164],[-8.27684,42.81648],[-8.27416,42.813],[-8.27947,42.8109],[-8.28622,42.81491],[-8.28856,42.81789],[-8.29959,42.8189],[-8.29902,42.82465],[-8.29299,42.82886],[-8.3029,42.83181],[-8.30589,42.82996],[-8.31032,42.83044],[-8.31196,42.83394],[-8.31058,42.83887],[-8.31412,42.84183],[-8.3151,42.84585],[-8.319,42.84324],[-8.32147,42.83929],[-8.32153,42.83434],[-8.32529,42.83119],[-8.32755,42.8323],[-8.32975,42.84209],[-8.33188,42.8421],[-8.33503,42.83918],[-8.33989,42.84052],[-8.34563,42.83594],[-8.34604,42.83226],[-8.34183,42.82802],[-8.33413,42.83021],[-8.33044,42.82732],[-8.32997,42.82263],[-8.33427,42.8178],[-8.33049,42.81343],[-8.33149,42.80411],[-8.33357,42.8006],[-8.33143,42.79479],[-8.33743,42.79429],[-8.34782,42.78885],[-8.34761,42.78442],[-8.34781,42.78391]]]}},{"type":"Feature","properties":{"mun_code":"36055","mun_name":"Tui","mun_name_local":null,"prov_code":"36","prov_name":"Pontevedra","acom_code":"12","acom_name":"Galicia","geo_point_2d":{"lon":-8.659272941178699,"lat":42.06497525805426}},"geometry":{"type":"Polygon","coordinates":[[[-8.73067,42.06122],[-8.71745,42.04836],[-8.71717,42.03932],[-8.71492,42.03265],[-8.70566,42.02629],[-8.69891,42.02463],[-8.69482,42.02509],[-8.69207,42.02847],[-8.6832,42.03292],[-8.68049,42.03684],[-8.67874,42.03064],[-8.67465,42.02608],[-8.65757,42.02147],[-8.65904,42.02599],[-8.65698,42.0311],[-8.64507,42.03751],[-8.64064,42.04443],[-8.63574,42.04774],[-8.6255,42.05108],[-8.59534,42.05661],[-8.58479,42.05209],[-8.55532,42.05295],[-8.55736,42.05728],[-8.55301,42.06496],[-8.57182,42.06793],[-8.57626,42.07475],[-8.58581,42.07038],[-8.59356,42.06489],[-8.61363,42.07301],[-8.60815,42.0835],[-8.62088,42.08359],[-8.63612,42.08832],[-8.63202,42.09185],[-8.63308,42.09765],[-8.63962,42.10087],[-8.63512,42.10481],[-8.63617,42.10776],[-8.63396,42.11281],[-8.63653,42.11319],[-8.65366,42.10815],[-8.66723,42.10881],[-8.67422,42.10191],[-8.67794,42.10235],[-8.6811,42.10114],[-8.67687,42.09528],[-8.68915,42.08684],[-8.69834,42.0836],[-8.70737,42.08613],[-8.71088,42.08558],[-8.72681,42.07267],[-8.72838,42.06477],[-8.73067,42.06122]]]}},{"type":"Feature","properties":{"mun_code":"36057","mun_name":"Vigo","mun_name_local":null,"prov_code":"36","prov_name":"Pontevedra","acom_code":"12","acom_name":"Galicia","geo_point_2d":{"lon":-8.722493814657991,"lat":42.20361863307663}},"geometry":{"type":"MultiPolygon","coordinates":[[[[-8.91668,42.21631],[-8.91552,42.21627],[-8.91612,42.21724],[-8.91708,42.21663],[-8.91668,42.21631]]],[[[-8.89323,42.19113],[-8.89034,42.1908],[-8.88932,42.192],[-8.89197,42.19626],[-8.89755,42.19957],[-8.90315,42.20044],[-8.90705,42.20357],[-8.90882,42.20721],[-8.91071,42.20538],[-8.91249,42.20593],[-8.91231,42.20251],[-8.90937,42.19834],[-8.90985,42.19666],[-8.91256,42.19551],[-8.90813,42.19378],[-8.90706,42.19158],[-8.90164,42.19427],[-8.89965,42.19279],[-8.8987,42.1945],[-8.89359,42.19154],[-8.89323,42.19113]]],[[[-8.67709,42.26429],[-8.68072,42.26393],[-8.68774,42.25872],[-8.6887,42.25976],[-8.69074,42.25704],[-8.69277,42.25726],[-8.69227,42.25978],[-8.69302,42.25805],[-8.69503,42.25777],[-8.69678,42.25998],[-8.69536,42.26146],[-8.6977,42.25985],[-8.70292,42.25979],[-8.7052,42.25548],[-8.70699,42.25643],[-8.70513,42.25363],[-8.70552,42.25192],[-8.70715,42.25179],[-8.70544,42.25173],[-8.706,42.25028],[-8.7101,42.25066],[-8.70926,42.2448],[-8.71141,42.2418],[-8.71591,42.24091],[-8.71552,42.24308],[-8.71696,42.24331],[-8.71764,42.24105],[-8.72347,42.24289],[-8.72097,42.24129],[-8.72442,42.24108],[-8.72325,42.24249],[-8.72638,42.24077],[-8.72783,42.24129],[-8.72599,42.24317],[-8.73138,42.24018],[-8.72798,42.24003],[-8.73161,42.23704],[-8.73121,42.23891],[-8.73262,42.2376],[-8.73237,42.24008],[-8.73371,42.24058],[-8.73766,42.23465],[-8.73657,42.23421],[-8.73362,42.2374],[-8.73286,42.23644],[-8.7362,42.23274],[-8.73481,42.23222],[-8.7362,42.23218],[-8.73604,42.23047],[-8.73769,42.23107],[-8.73704,42.22933],[-8.73897,42.23008],[-8.73722,42.22908],[-8.73794,42.22799],[-8.73946,42.22907],[-8.73934,42.22722],[-8.7414,42.22787],[-8.74046,42.2263],[-8.74415,42.22744],[-8.74425,42.22603],[-8.74623,42.22675],[-8.74592,42.22597],[-8.74923,42.22557],[-8.75039,42.22652],[-8.75096,42.22525],[-8.75186,42.22701],[-8.75059,42.22834],[-8.7526,42.22825],[-8.7512,42.2296],[-8.75308,42.22953],[-8.7531,42.23066],[-8.75001,42.23147],[-8.74713,42.22918],[-8.73986,42.23269],[-8.74301,42.23144],[-8.74423,42.23285],[-8.74576,42.23121],[-8.74643,42.23242],[-8.75339,42.23109],[-8.7544,42.23258],[-8.75067,42.2342],[-8.75139,42.23491],[-8.76287,42.23109],[-8.76079,42.22588],[-8.75422,42.22607],[-8.75939,42.22334],[-8.76111,42.22458],[-8.7675,42.22317],[-8.77017,42.22535],[-8.77778,42.22002],[-8.77565,42.21285],[-8.77947,42.2036],[-8.78697,42.19975],[-8.79687,42.19795],[-8.79544,42.197],[-8.7981,42.19356],[-8.80092,42.19402],[-8.80098,42.19506],[-8.80166,42.19293],[-8.80471,42.19113],[-8.80967,42.19002],[-8.81173,42.19091],[-8.81595,42.18746],[-8.81193,42.18161],[-8.81443,42.17767],[-8.81357,42.1758],[-8.81536,42.17372],[-8.81585,42.1682],[-8.81839,42.16797],[-8.81782,42.16527],[-8.81574,42.1644],[-8.79628,42.16742],[-8.79205,42.16661],[-8.78289,42.16889],[-8.76697,42.17038],[-8.7588,42.17359],[-8.75257,42.17296],[-8.7402,42.16675],[-8.72621,42.16212],[-8.71614,42.15545],[-8.71284,42.15671],[-8.70876,42.15518],[-8.70404,42.15565],[-8.70249,42.14821],[-8.70011,42.14551],[-8.69954,42.13543],[-8.69691,42.13242],[-8.68173,42.14778],[-8.67184,42.15269],[-8.67624,42.17046],[-8.67341,42.17172],[-8.66847,42.18064],[-8.66906,42.18464],[-8.66554,42.19808],[-8.66641,42.20586],[-8.66035,42.20978],[-8.65429,42.21097],[-8.63427,42.22134],[-8.62856,42.22664],[-8.62703,42.23081],[-8.62827,42.23531],[-8.63664,42.24118],[-8.64156,42.24973],[-8.64879,42.25127],[-8.65313,42.2543],[-8.66882,42.25064],[-8.67814,42.26182],[-8.67668,42.26393],[-8.67709,42.26429]]],[[[-8.80358,42.19937],[-8.79946,42.20078],[-8.79934,42.20288],[-8.80434,42.2009],[-8.804,42.19955],[-8.80358,42.19937]]],[[[-8.89859,42.21412],[-8.89767,42.21485],[-8.89902,42.21517],[-8.89859,42.21412]]],[[[-8.91437,42.21166],[-8.9063,42.21264],[-8.90587,42.21433],[-8.89922,42.21711],[-8.90143,42.22],[-8.90193,42.2248],[-8.90029,42.22668],[-8.89551,42.22754],[-8.90083,42.23163],[-8.89953,42.23651],[-8.90208,42.23866],[-8.90235,42.24334],[-8.91426,42.25146],[-8.9155,42.24984],[-8.91815,42.251],[-8.9176,42.24843],[-8.91568,42.24739],[-8.91541,42.24508],[-8.91045,42.2434],[-8.91062,42.24119],[-8.90648,42.23777],[-8.90695,42.23393],[-8.90901,42.23321],[-8.90879,42.22915],[-8.90651,42.22528],[-8.90351,42.22434],[-8.90364,42.22062],[-8.90638,42.22488],[-8.90784,42.22358],[-8.90962,42.22406],[-8.90899,42.21851],[-8.91487,42.21761],[-8.91697,42.21471],[-8.91683,42.21262],[-8.91426,42.21203],[-8.91437,42.21166]]]]}},{"type":"Feature","properties":{"mun_code":"36033","mun_name":"Mos","mun_name_local":null,"prov_code":"36","prov_name":"Pontevedra","acom_code":"12","acom_name":"Galicia","geo_point_2d":{"lon":-8.62306217060255,"lat":42.19726683977917}},"geometry":{"type":"Polygon","coordinates":[[[-8.69066,42.13834],[-8.67929,42.13727],[-8.67305,42.13541],[-8.66566,42.14182],[-8.66969,42.14589],[-8.67,42.15041],[-8.6431,42.16306],[-8.63255,42.16112],[-8.63265,42.16311],[-8.62436,42.16247],[-8.62487,42.16538],[-8.61955,42.16512],[-8.61758,42.16937],[-8.61244,42.17287],[-8.61243,42.1762],[-8.61689,42.18049],[-8.61397,42.18368],[-8.59915,42.17824],[-8.58818,42.17877],[-8.58272,42.19846],[-8.57777,42.20083],[-8.57155,42.20891],[-8.57363,42.21584],[-8.56694,42.22247],[-8.56645,42.23611],[-8.56856,42.24109],[-8.57778,42.23911],[-8.59042,42.24347],[-8.59952,42.24204],[-8.60689,42.24258],[-8.61086,42.23],[-8.62703,42.23081],[-8.62856,42.22664],[-8.63427,42.22134],[-8.65429,42.21097],[-8.66035,42.20978],[-8.66641,42.20586],[-8.66554,42.19808],[-8.66906,42.18464],[-8.66847,42.18064],[-8.67341,42.17172],[-8.67624,42.17046],[-8.67172,42.15301],[-8.68173,42.14778],[-8.68769,42.14091],[-8.69066,42.13834]]]}},{"type":"Feature","properties":{"mun_code":"36901","mun_name":"A Illa de Arousa","mun_name_local":null,"prov_code":"36","prov_name":"Pontevedra","acom_code":"12","acom_name":"Galicia","geo_point_2d":{"lon":-8.874234336705621,"lat":42.55177062049732}},"geometry":{"type":"MultiPolygon","coordinates":[[[[-8.87434,42.55431],[-8.87331,42.554],[-8.87448,42.55566],[-8.8747,42.55454],[-8.87434,42.55431]]],[[[-8.87274,42.56071],[-8.87224,42.55987],[-8.87245,42.56083],[-8.87274,42.56071]]],[[[-8.90919,42.53346],[-8.90908,42.53244],[-8.90727,42.53309],[-8.90706,42.53453],[-8.90952,42.53368],[-8.90919,42.53346]]],[[[-8.90643,42.54066],[-8.90578,42.53993],[-8.90573,42.5421],[-8.90648,42.54118],[-8.90643,42.54066]]],[[[-8.90292,42.53796],[-8.90072,42.53743],[-8.9014,42.53952],[-8.89808,42.54092],[-8.89782,42.54285],[-8.89668,42.54208],[-8.89724,42.54348],[-8.89874,42.54392],[-8.90415,42.54118],[-8.90283,42.53824],[-8.90292,42.53796]]],[[[-8.87533,42.53486],[-8.87414,42.53616],[-8.87541,42.53506],[-8.87533,42.53486]]],[[[-8.87748,42.53679],[-8.87718,42.53589],[-8.87715,42.53748],[-8.87748,42.53679]]],[[[-8.9145,42.54442],[-8.91393,42.54368],[-8.91335,42.54565],[-8.91664,42.54752],[-8.91705,42.54549],[-8.91469,42.54459],[-8.9145,42.54442]]],[[[-8.91255,42.54405],[-8.91226,42.54558],[-8.9128,42.54421],[-8.91255,42.54405]]],[[[-8.90739,42.54408],[-8.90583,42.5442],[-8.90778,42.54683],[-8.9077,42.54458],[-8.90739,42.54408]]],[[[-8.87203,42.52445],[-8.86829,42.52717],[-8.8653,42.52548],[-8.86385,42.52618],[-8.86887,42.53156],[-8.86681,42.53475],[-8.86804,42.5432],[-8.86482,42.54528],[-8.85608,42.54672],[-8.86139,42.54912],[-8.86291,42.55169],[-8.86259,42.5541],[-8.85773,42.55766],[-8.86024,42.56269],[-8.85806,42.56292],[-8.85899,42.56362],[-8.85588,42.56559],[-8.86276,42.56835],[-8.86306,42.56579],[-8.86613,42.56437],[-8.86841,42.56577],[-8.86795,42.56335],[-8.87082,42.56408],[-8.87427,42.56599],[-8.87392,42.57094],[-8.87665,42.57489],[-8.88108,42.57234],[-8.8837,42.57215],[-8.88435,42.57323],[-8.8832,42.5702],[-8.88713,42.56786],[-8.8919,42.56855],[-8.88755,42.56392],[-8.88737,42.56126],[-8.8806,42.55769],[-8.87812,42.55769],[-8.87448,42.56332],[-8.87216,42.56313],[-8.87162,42.56114],[-8.87009,42.56106],[-8.86873,42.55606],[-8.87243,42.55571],[-8.87146,42.55336],[-8.87476,42.55284],[-8.87497,42.5517],[-8.87273,42.55019],[-8.87347,42.54714],[-8.8719,42.54726],[-8.87166,42.54503],[-8.87511,42.5444],[-8.87529,42.54564],[-8.87626,42.54459],[-8.87705,42.54612],[-8.87986,42.54027],[-8.87607,42.53769],[-8.87523,42.53893],[-8.87478,42.53759],[-8.87166,42.53726],[-8.87111,42.53204],[-8.87392,42.53333],[-8.87508,42.5326],[-8.87593,42.53382],[-8.87771,42.53218],[-8.8785,42.53486],[-8.88118,42.53395],[-8.88178,42.53024],[-8.87888,42.52823],[-8.87864,42.52956],[-8.87534,42.52979],[-8.87309,42.52733],[-8.87462,42.52592],[-8.87181,42.52484],[-8.87203,42.52445]]]]}},{"type":"Feature","properties":{"mun_code":"36054","mun_name":"Tomiño","mun_name_local":null,"prov_code":"36","prov_name":"Pontevedra","acom_code":"12","acom_name":"Galicia","geo_point_2d":{"lon":-8.748881436468885,"lat":42.00559854477296}},"geometry":{"type":"Polygon","coordinates":[[[-8.81005,42.05502],[-8.8092,42.0375],[-8.78683,42.01529],[-8.78696,42.0106],[-8.78441,42.00744],[-8.78603,41.99913],[-8.79373,41.98897],[-8.79479,41.98442],[-8.80188,41.9769],[-8.80203,41.96989],[-8.80573,41.96673],[-8.80495,41.95895],[-8.80903,41.95641],[-8.81104,41.94849],[-8.78548,41.94056],[-8.78354,41.93898],[-8.77869,41.94069],[-8.77791,41.9392],[-8.77564,41.93891],[-8.77136,41.93236],[-8.77549,41.92778],[-8.77158,41.92448],[-8.76377,41.93003],[-8.75451,41.93376],[-8.74785,41.94171],[-8.74655,41.95037],[-8.74782,41.95895],[-8.74378,41.96559],[-8.73029,41.97354],[-8.71567,41.98011],[-8.69857,41.98359],[-8.68831,41.98974],[-8.67699,41.99207],[-8.67183,41.99782],[-8.66133,42.00434],[-8.65738,42.02079],[-8.67465,42.02608],[-8.67874,42.03064],[-8.68049,42.03684],[-8.6832,42.03292],[-8.69207,42.02847],[-8.69482,42.02509],[-8.69891,42.02463],[-8.70566,42.02629],[-8.71492,42.03265],[-8.71717,42.03932],[-8.71745,42.04836],[-8.73067,42.06122],[-8.739,42.06115],[-8.75515,42.06573],[-8.77488,42.06641],[-8.79184,42.06474],[-8.80719,42.05682],[-8.81005,42.05502]]]}},{"type":"Feature","properties":{"mun_code":"36044","mun_name":"Pontecesures","mun_name_local":null,"prov_code":"36","prov_name":"Pontevedra","acom_code":"12","acom_name":"Galicia","geo_point_2d":{"lon":-8.636312742076383,"lat":42.71446106430201}},"geometry":{"type":"Polygon","coordinates":[[[-8.66492,42.71969],[-8.66425,42.71838],[-8.661,42.71855],[-8.6616,42.71679],[-8.65901,42.71398],[-8.65701,42.71403],[-8.65678,42.70835],[-8.65059,42.70512],[-8.65026,42.70787],[-8.64905,42.70661],[-8.64091,42.70581],[-8.62634,42.70939],[-8.61717,42.70477],[-8.60453,42.70877],[-8.60443,42.71421],[-8.60852,42.71562],[-8.61393,42.71456],[-8.61686,42.71889],[-8.62329,42.71618],[-8.62396,42.71425],[-8.63115,42.72025],[-8.64338,42.7239],[-8.64494,42.7261],[-8.65005,42.7272],[-8.65094,42.72915],[-8.65461,42.72639],[-8.65499,42.7205],[-8.66137,42.72039],[-8.66492,42.71969]]]}},{"type":"Feature","properties":{"mun_code":"36017","mun_name":"A Estrada","mun_name_local":null,"prov_code":"36","prov_name":"Pontevedra","acom_code":"12","acom_name":"Galicia","geo_point_2d":{"lon":-8.457335282861205,"lat":42.68690485574312}},"geometry":{"type":"Polygon","coordinates":[[[-8.60664,42.71515],[-8.60443,42.71421],[-8.60453,42.70877],[-8.59526,42.70484],[-8.59363,42.70218],[-8.59815,42.69497],[-8.59773,42.68906],[-8.60159,42.67814],[-8.59247,42.67492],[-8.5863,42.67574],[-8.58363,42.67689],[-8.58099,42.68509],[-8.57786,42.6854],[-8.57794,42.68917],[-8.57247,42.69128],[-8.56617,42.69117],[-8.56674,42.69201],[-8.55923,42.69439],[-8.56021,42.69066],[-8.55686,42.68975],[-8.54857,42.68903],[-8.54741,42.69062],[-8.54231,42.68927],[-8.53945,42.6866],[-8.53727,42.69027],[-8.52999,42.68308],[-8.51555,42.67766],[-8.51087,42.67212],[-8.50893,42.66704],[-8.51246,42.65234],[-8.50951,42.65019],[-8.50984,42.645],[-8.50338,42.64145],[-8.50324,42.63619],[-8.50698,42.63106],[-8.51007,42.62148],[-8.50805,42.61563],[-8.51014,42.61019],[-8.50795,42.60594],[-8.50435,42.60592],[-8.50127,42.60289],[-8.50387,42.59561],[-8.49965,42.5898],[-8.5015,42.58841],[-8.49874,42.58614],[-8.49758,42.57807],[-8.49109,42.57603],[-8.48368,42.57571],[-8.47314,42.57115],[-8.4708,42.5755],[-8.4714,42.57839],[-8.44983,42.58525],[-8.44389,42.5894],[-8.43058,42.5916],[-8.42463,42.59099],[-8.42278,42.58513],[-8.41592,42.58202],[-8.41028,42.58338],[-8.40321,42.58713],[-8.39284,42.59568],[-8.3877,42.59448],[-8.38038,42.59659],[-8.37966,42.6045],[-8.38042,42.6059],[-8.38335,42.60543],[-8.38942,42.61751],[-8.38569,42.62198],[-8.38553,42.62795],[-8.39099,42.63911],[-8.38829,42.64006],[-8.38909,42.64183],[-8.39123,42.64138],[-8.39279,42.64496],[-8.3945,42.65543],[-8.38479,42.66231],[-8.38004,42.66402],[-8.37298,42.67252],[-8.36263,42.67967],[-8.35094,42.67503],[-8.34045,42.68815],[-8.34249,42.69295],[-8.34701,42.69546],[-8.3478,42.70151],[-8.35235,42.70884],[-8.35254,42.71297],[-8.35067,42.72094],[-8.34163,42.73624],[-8.34054,42.74422],[-8.33825,42.74388],[-8.3347,42.74684],[-8.33615,42.75053],[-8.34206,42.75004],[-8.34428,42.75269],[-8.35386,42.75407],[-8.36113,42.75833],[-8.36249,42.7652],[-8.36788,42.7625],[-8.36912,42.76406],[-8.36936,42.76996],[-8.36413,42.77315],[-8.35991,42.77979],[-8.35757,42.78069],[-8.36067,42.78348],[-8.36891,42.78545],[-8.37972,42.78412],[-8.38318,42.78531],[-8.38292,42.78951],[-8.39208,42.78936],[-8.39256,42.78593],[-8.38877,42.78087],[-8.39144,42.77668],[-8.39822,42.78118],[-8.39963,42.78068],[-8.4049,42.77167],[-8.41466,42.7666],[-8.41541,42.7638],[-8.40881,42.75898],[-8.4066,42.7563],[-8.407,42.75421],[-8.41054,42.75318],[-8.42267,42.75433],[-8.4317,42.74603],[-8.44682,42.74817],[-8.45496,42.74573],[-8.4635,42.74584],[-8.47036,42.74368],[-8.48804,42.75163],[-8.49423,42.75671],[-8.51089,42.7555],[-8.51806,42.75111],[-8.52318,42.752],[-8.52695,42.75539],[-8.53078,42.75617],[-8.53377,42.7518],[-8.54603,42.75367],[-8.54955,42.76118],[-8.55654,42.7606],[-8.55978,42.75711],[-8.55453,42.74824],[-8.55497,42.74651],[-8.56369,42.74627],[-8.57207,42.74208],[-8.57921,42.74349],[-8.58266,42.74124],[-8.5915,42.74236],[-8.59398,42.74383],[-8.59993,42.74312],[-8.59997,42.74019],[-8.60556,42.73207],[-8.60757,42.72549],[-8.6042,42.71683],[-8.60664,42.71515]]]}},{"type":"Feature","properties":{"mun_code":"36042","mun_name":"Ponteareas","mun_name_local":null,"prov_code":"36","prov_name":"Pontevedra","acom_code":"12","acom_name":"Galicia","geo_point_2d":{"lon":-8.515267227997166,"lat":42.18644881776979}},"geometry":{"type":"Polygon","coordinates":[[[-8.58818,42.17877],[-8.58424,42.17653],[-8.58219,42.1718],[-8.58126,42.15308],[-8.57867,42.14813],[-8.56591,42.14777],[-8.56387,42.14414],[-8.55735,42.14028],[-8.55361,42.13565],[-8.53563,42.12578],[-8.536,42.12126],[-8.52101,42.11318],[-8.50528,42.11016],[-8.50532,42.11999],[-8.50999,42.12571],[-8.50781,42.12844],[-8.50497,42.1403],[-8.50161,42.14053],[-8.49041,42.14535],[-8.48466,42.14587],[-8.47738,42.14382],[-8.47158,42.13966],[-8.47139,42.14658],[-8.47528,42.1587],[-8.46832,42.16166],[-8.4601,42.16263],[-8.45544,42.16099],[-8.45315,42.15706],[-8.45352,42.15134],[-8.44985,42.15076],[-8.44193,42.15043],[-8.44176,42.16193],[-8.43946,42.16383],[-8.43355,42.15984],[-8.43217,42.16307],[-8.42818,42.1617],[-8.42544,42.15706],[-8.4175,42.17216],[-8.41595,42.17906],[-8.4164,42.18398],[-8.42591,42.1882],[-8.43708,42.20116],[-8.43912,42.2115],[-8.44102,42.20274],[-8.44362,42.19858],[-8.44661,42.197],[-8.45333,42.19738],[-8.45949,42.19349],[-8.45968,42.19734],[-8.46553,42.19939],[-8.46719,42.20196],[-8.4732,42.2039],[-8.47255,42.20798],[-8.46903,42.21064],[-8.47299,42.21539],[-8.47888,42.21903],[-8.48527,42.22715],[-8.49391,42.22687],[-8.5044,42.23328],[-8.50279,42.23882],[-8.49859,42.24175],[-8.50245,42.24295],[-8.50761,42.24827],[-8.50726,42.25362],[-8.51545,42.26042],[-8.51624,42.26681],[-8.52481,42.25997],[-8.52656,42.2562],[-8.53795,42.25608],[-8.54656,42.25436],[-8.56225,42.24718],[-8.56724,42.24315],[-8.56856,42.24109],[-8.56645,42.23611],[-8.56694,42.22247],[-8.57363,42.21584],[-8.57155,42.20891],[-8.57777,42.20083],[-8.58272,42.19846],[-8.58512,42.18654],[-8.588,42.18081],[-8.58818,42.17877]]]}},{"type":"Feature","properties":{"mun_code":"36005","mun_name":"Caldas de Reis","mun_name_local":null,"prov_code":"36","prov_name":"Pontevedra","acom_code":"12","acom_name":"Galicia","geo_point_2d":{"lon":-8.657210467713535,"lat":42.61538787888339}},"geometry":{"type":"Polygon","coordinates":[[[-8.72417,42.5768],[-8.72414,42.5749],[-8.70966,42.57135],[-8.7031,42.56782],[-8.70257,42.56965],[-8.69882,42.56974],[-8.69759,42.57244],[-8.69468,42.57373],[-8.69631,42.57613],[-8.69367,42.57811],[-8.69545,42.58198],[-8.6944,42.58364],[-8.68738,42.58646],[-8.68482,42.58335],[-8.67875,42.58317],[-8.67395,42.58797],[-8.67602,42.59241],[-8.66843,42.59342],[-8.66629,42.59637],[-8.65869,42.59783],[-8.6513,42.59086],[-8.6472,42.58179],[-8.64612,42.57688],[-8.64827,42.56779],[-8.64126,42.5666],[-8.63454,42.56774],[-8.62847,42.56702],[-8.62254,42.57005],[-8.61899,42.57321],[-8.61107,42.58973],[-8.61416,42.59249],[-8.61764,42.59169],[-8.62168,42.59451],[-8.61908,42.59519],[-8.61577,42.59408],[-8.60137,42.59817],[-8.60183,42.60086],[-8.60756,42.60191],[-8.60776,42.60647],[-8.61179,42.60761],[-8.61397,42.62126],[-8.61135,42.62558],[-8.61131,42.63226],[-8.60908,42.63319],[-8.61219,42.63879],[-8.6097,42.64377],[-8.60928,42.65085],[-8.61598,42.66348],[-8.6139,42.66915],[-8.6218,42.66758],[-8.62502,42.66876],[-8.63758,42.66068],[-8.64042,42.66182],[-8.64864,42.66186],[-8.66174,42.65885],[-8.66578,42.66127],[-8.67268,42.64994],[-8.67492,42.6476],[-8.6799,42.64595],[-8.68114,42.6423],[-8.69584,42.63471],[-8.70628,42.62695],[-8.71024,42.61613],[-8.71019,42.60918],[-8.71284,42.60554],[-8.71236,42.60073],[-8.7149,42.59814],[-8.71516,42.59406],[-8.71973,42.59238],[-8.71986,42.58786],[-8.72145,42.58886],[-8.72304,42.5859],[-8.72417,42.57726],[-8.72417,42.5768]]]}},{"type":"Feature","properties":{"mun_code":"36001","mun_name":"Arbo","mun_name_local":null,"prov_code":"36","prov_name":"Pontevedra","acom_code":"12","acom_name":"Galicia","geo_point_2d":{"lon":-8.319146049408019,"lat":42.12331507277506}},"geometry":{"type":"Polygon","coordinates":[[[-8.35141,42.15262],[-8.35694,42.13655],[-8.35212,42.12535],[-8.35717,42.11963],[-8.35678,42.11431],[-8.36277,42.10977],[-8.36671,42.10196],[-8.37186,42.09802],[-8.36916,42.091],[-8.37003,42.08835],[-8.3631,42.09036],[-8.35567,42.09014],[-8.34243,42.08465],[-8.33187,42.08376],[-8.32526,42.08952],[-8.32481,42.09698],[-8.32237,42.10172],[-8.31962,42.10201],[-8.31675,42.10463],[-8.31306,42.10293],[-8.30391,42.10383],[-8.29916,42.10599],[-8.29559,42.10847],[-8.2948,42.11111],[-8.2912,42.11144],[-8.28809,42.11514],[-8.27347,42.12398],[-8.2623,42.12083],[-8.25903,42.12128],[-8.25673,42.12419],[-8.25632,42.13403],[-8.26333,42.13658],[-8.26568,42.14186],[-8.26965,42.1428],[-8.27863,42.13978],[-8.28071,42.14916],[-8.2902,42.15316],[-8.28909,42.15521],[-8.28564,42.15612],[-8.28622,42.15703],[-8.29861,42.15476],[-8.30196,42.15727],[-8.30694,42.157],[-8.31022,42.15327],[-8.3131,42.15297],[-8.3167,42.15029],[-8.32199,42.15185],[-8.3332,42.14821],[-8.34585,42.14898],[-8.34597,42.14982],[-8.35141,42.15262]]]}},{"type":"Feature","properties":{"mun_code":"36030","mun_name":"Mondariz","mun_name_local":null,"prov_code":"36","prov_name":"Pontevedra","acom_code":"12","acom_name":"Galicia","geo_point_2d":{"lon":-8.444912855360764,"lat":42.243307371823754}},"geometry":{"type":"Polygon","coordinates":[[[-8.51624,42.26681],[-8.51545,42.26042],[-8.50726,42.25362],[-8.50761,42.24827],[-8.50245,42.24295],[-8.49859,42.24175],[-8.50343,42.23779],[-8.50361,42.23267],[-8.49391,42.22687],[-8.47339,42.22637],[-8.46818,42.22877],[-8.45954,42.22749],[-8.46055,42.22399],[-8.4581,42.22295],[-8.46432,42.21839],[-8.46903,42.21064],[-8.47255,42.20798],[-8.4732,42.2039],[-8.46719,42.20196],[-8.46553,42.19939],[-8.45968,42.19734],[-8.45949,42.19349],[-8.45333,42.19738],[-8.44661,42.197],[-8.44362,42.19858],[-8.44102,42.20274],[-8.43912,42.2115],[-8.43738,42.2019],[-8.43496,42.19833],[-8.42591,42.1882],[-8.4164,42.18398],[-8.40768,42.18372],[-8.39008,42.17768],[-8.37741,42.18309],[-8.37472,42.18318],[-8.37249,42.18144],[-8.36555,42.18214],[-8.36157,42.18399],[-8.34998,42.18314],[-8.35988,42.18608],[-8.36487,42.1826],[-8.37251,42.18291],[-8.37632,42.18451],[-8.37992,42.18336],[-8.39277,42.19536],[-8.40251,42.20162],[-8.40124,42.20862],[-8.39608,42.21202],[-8.39485,42.22018],[-8.39129,42.2264],[-8.39725,42.23544],[-8.40366,42.23863],[-8.40446,42.24045],[-8.4079,42.23928],[-8.40942,42.24055],[-8.40948,42.24426],[-8.40523,42.24803],[-8.40788,42.25496],[-8.40605,42.25652],[-8.40803,42.26006],[-8.40665,42.26273],[-8.40837,42.26573],[-8.41229,42.26478],[-8.4099,42.26796],[-8.41365,42.27024],[-8.41191,42.27296],[-8.41305,42.27496],[-8.41124,42.27554],[-8.40829,42.27313],[-8.40668,42.27355],[-8.40541,42.2822],[-8.40668,42.28547],[-8.40491,42.29014],[-8.4062,42.29458],[-8.41686,42.29723],[-8.42007,42.29669],[-8.42074,42.30048],[-8.42779,42.2981],[-8.43465,42.29823],[-8.44255,42.29495],[-8.46109,42.28345],[-8.46297,42.28541],[-8.46948,42.28608],[-8.48051,42.28389],[-8.48306,42.28516],[-8.4822,42.28773],[-8.4838,42.28947],[-8.48696,42.28722],[-8.49149,42.28747],[-8.49427,42.28548],[-8.50458,42.27142],[-8.51211,42.26799],[-8.51624,42.26681]]]}},{"type":"Feature","properties":{"mun_code":"36034","mun_name":"As Neves","mun_name_local":null,"prov_code":"36","prov_name":"Pontevedra","acom_code":"12","acom_name":"Galicia","geo_point_2d":{"lon":-8.401124883175465,"lat":42.1219503626107}},"geometry":{"type":"Polygon","coordinates":[[[-8.45381,42.08205],[-8.44066,42.08189],[-8.43413,42.07744],[-8.43117,42.07285],[-8.42529,42.07245],[-8.41947,42.07307],[-8.40474,42.08041],[-8.39295,42.07995],[-8.39063,42.07516],[-8.3839,42.07701],[-8.38164,42.07635],[-8.37184,42.08622],[-8.36916,42.091],[-8.37186,42.09802],[-8.36671,42.10196],[-8.36277,42.10977],[-8.35678,42.11431],[-8.35717,42.11963],[-8.35212,42.12535],[-8.35694,42.13655],[-8.35141,42.15262],[-8.35306,42.15137],[-8.35629,42.15629],[-8.35651,42.16075],[-8.36898,42.16812],[-8.37225,42.17407],[-8.37552,42.17217],[-8.38122,42.17276],[-8.38493,42.17048],[-8.39556,42.16754],[-8.4089,42.16576],[-8.41119,42.16319],[-8.41434,42.16243],[-8.42261,42.16328],[-8.42433,42.16],[-8.42259,42.15865],[-8.4258,42.15466],[-8.41965,42.14757],[-8.41795,42.14288],[-8.43065,42.14849],[-8.45352,42.15134],[-8.45201,42.14395],[-8.45095,42.14539],[-8.44544,42.14546],[-8.44266,42.129],[-8.44391,42.12413],[-8.43301,42.1191],[-8.43977,42.10611],[-8.44738,42.10221],[-8.4545,42.09581],[-8.45402,42.08338],[-8.45381,42.08205]]]}},{"type":"Feature","properties":{"mun_code":"36029","mun_name":"Moaña","mun_name_local":null,"prov_code":"36","prov_name":"Pontevedra","acom_code":"12","acom_name":"Galicia","geo_point_2d":{"lon":-8.716300195563306,"lat":42.30045092249327}},"geometry":{"type":"MultiPolygon","coordinates":[[[[-8.73792,42.31993],[-8.74558,42.3142],[-8.74983,42.31289],[-8.7555,42.30768],[-8.75345,42.30353],[-8.75618,42.29818],[-8.76313,42.29078],[-8.75876,42.26244],[-8.7547,42.26326],[-8.75144,42.26799],[-8.74233,42.27086],[-8.7375,42.27105],[-8.74035,42.27129],[-8.74034,42.27237],[-8.73886,42.27385],[-8.73554,42.27337],[-8.73665,42.27479],[-8.73511,42.27485],[-8.73633,42.27572],[-8.73567,42.28028],[-8.73148,42.28669],[-8.72109,42.2849],[-8.72138,42.28271],[-8.71905,42.2813],[-8.72102,42.28274],[-8.7194,42.28305],[-8.71953,42.28677],[-8.71831,42.2891],[-8.7174,42.28865],[-8.71423,42.28386],[-8.71201,42.27573],[-8.70782,42.27707],[-8.70575,42.27952],[-8.70207,42.27912],[-8.70338,42.28004],[-8.70112,42.28225],[-8.69696,42.28096],[-8.69582,42.2793],[-8.68967,42.28],[-8.68239,42.28387],[-8.68314,42.28496],[-8.67836,42.28694],[-8.67946,42.28774],[-8.67807,42.29013],[-8.67461,42.29133],[-8.67093,42.29109],[-8.67065,42.28987],[-8.66829,42.29006],[-8.66717,42.29159],[-8.66211,42.29053],[-8.65894,42.29145],[-8.66226,42.29771],[-8.66866,42.30086],[-8.67715,42.30969],[-8.68613,42.32222],[-8.68883,42.33058],[-8.69502,42.32981],[-8.70726,42.33318],[-8.71844,42.33203],[-8.72865,42.31903],[-8.73559,42.31795],[-8.73792,42.31993]]]]}},{"type":"Feature","properties":{"mun_code":"36016","mun_name":"Dozón","mun_name_local":null,"prov_code":"36","prov_name":"Pontevedra","acom_code":"12","acom_name":"Galicia","geo_point_2d":{"lon":-8.046550711364924,"lat":42.590093152233656}},"geometry":{"type":"Polygon","coordinates":[[[-8.11184,42.55574],[-8.09546,42.5537],[-8.09201,42.5572],[-8.08946,42.5577],[-8.07755,42.55327],[-8.06482,42.55232],[-8.05938,42.54869],[-8.05555,42.55094],[-8.0527,42.55101],[-8.04844,42.55491],[-8.04134,42.55093],[-8.03866,42.55172],[-8.0348,42.55069],[-8.03143,42.54559],[-8.01863,42.54222],[-8.01341,42.54483],[-8.01185,42.55196],[-8.00973,42.55423],[-8.00245,42.55866],[-8.00066,42.56656],[-7.99249,42.5725],[-7.97324,42.5664],[-7.96489,42.56662],[-7.96644,42.57073],[-7.97119,42.57397],[-7.98016,42.57602],[-7.99021,42.57438],[-7.99859,42.57968],[-8.00035,42.58403],[-8.00013,42.58994],[-7.98807,42.59861],[-7.99277,42.60113],[-7.99367,42.60697],[-7.99574,42.60843],[-7.99907,42.61],[-8.00794,42.61083],[-8.01042,42.61326],[-8.01308,42.61851],[-8.01079,42.61951],[-8.01219,42.62176],[-8.00566,42.62531],[-8.0192,42.63177],[-8.02677,42.63302],[-8.03801,42.64216],[-8.05485,42.64532],[-8.05544,42.64832],[-8.06572,42.6448],[-8.06958,42.63665],[-8.06992,42.63102],[-8.07891,42.6208],[-8.08096,42.61056],[-8.07925,42.60633],[-8.07674,42.60457],[-8.07759,42.5996],[-8.08479,42.59881],[-8.09363,42.60026],[-8.10757,42.58992],[-8.10361,42.58634],[-8.1037,42.58212],[-8.10581,42.5726],[-8.11205,42.56075],[-8.11144,42.55845],[-8.11184,42.55574]]]}},{"type":"Feature","properties":{"mun_code":"36022","mun_name":"O Grove","mun_name_local":null,"prov_code":"36","prov_name":"Pontevedra","acom_code":"12","acom_name":"Galicia","geo_point_2d":{"lon":-8.890122850683804,"lat":42.47359458213973}},"geometry":{"type":"MultiPolygon","coordinates":[[[[-8.943,42.46314],[-8.94208,42.46395],[-8.94384,42.4645],[-8.94419,42.4634],[-8.94273,42.46364],[-8.943,42.46314]]],[[[-8.84851,42.46538],[-8.84915,42.46701],[-8.85184,42.46701],[-8.84815,42.46544],[-8.84851,42.46538]]],[[[-8.85711,42.46222],[-8.85602,42.46202],[-8.85719,42.46436],[-8.86059,42.46597],[-8.86077,42.4645],[-8.85675,42.46243],[-8.85711,42.46222]]],[[[-8.90684,42.46074],[-8.9057,42.46055],[-8.90718,42.46085],[-8.90684,42.46074]]],[[[-8.83558,42.49004],[-8.83371,42.48956],[-8.83372,42.4972],[-8.8358,42.49505],[-8.83599,42.48974],[-8.83558,42.49004]]],[[[-8.83781,42.49419],[-8.83754,42.49305],[-8.83769,42.49443],[-8.83781,42.49419]]],[[[-8.86909,42.44782],[-8.87278,42.45439],[-8.87274,42.46161],[-8.86971,42.46495],[-8.86566,42.46492],[-8.8623,42.4698],[-8.85679,42.47001],[-8.85551,42.47247],[-8.86005,42.47427],[-8.85651,42.47664],[-8.86031,42.48299],[-8.85713,42.4876],[-8.86032,42.49539],[-8.85775,42.49577],[-8.86234,42.49576],[-8.86295,42.49732],[-8.85855,42.49807],[-8.86816,42.49884],[-8.87149,42.49576],[-8.87349,42.49739],[-8.87114,42.49917],[-8.87151,42.50118],[-8.87307,42.49932],[-8.87877,42.49767],[-8.88192,42.49937],[-8.88386,42.4986],[-8.8843,42.49686],[-8.88988,42.49568],[-8.89183,42.49299],[-8.89013,42.49219],[-8.89181,42.48875],[-8.89103,42.49007],[-8.88898,42.48948],[-8.88634,42.4924],[-8.88293,42.48872],[-8.88786,42.48471],[-8.88767,42.48289],[-8.88972,42.48113],[-8.88922,42.48519],[-8.89165,42.48644],[-8.89631,42.47983],[-8.89964,42.48013],[-8.90877,42.47538],[-8.91455,42.47563],[-8.91765,42.47666],[-8.91814,42.47824],[-8.92164,42.47726],[-8.9254,42.47875],[-8.92733,42.47763],[-8.93747,42.4792],[-8.93741,42.47675],[-8.93957,42.47499],[-8.9358,42.47271],[-8.93602,42.46939],[-8.94167,42.46343],[-8.94036,42.46145],[-8.93922,42.46215],[-8.93978,42.46082],[-8.93344,42.45311],[-8.93118,42.45514],[-8.92852,42.45102],[-8.92789,42.45198],[-8.9255,42.45142],[-8.92365,42.45478],[-8.91909,42.45677],[-8.92018,42.45939],[-8.91536,42.46035],[-8.9135,42.46229],[-8.90938,42.46231],[-8.90371,42.46029],[-8.89731,42.46087],[-8.89184,42.45708],[-8.88845,42.45787],[-8.88338,42.45553],[-8.87521,42.44638],[-8.87159,42.4393],[-8.86909,42.44782]]],[[[-8.94504,42.47672],[-8.94444,42.47843],[-8.94508,42.47705],[-8.94504,42.47672]]],[[[-8.89529,42.49112],[-8.89568,42.49016],[-8.89497,42.49102],[-8.89529,42.49112]]],[[[-8.84788,42.48203],[-8.84412,42.48548],[-8.84591,42.487],[-8.84501,42.49008],[-8.84185,42.49009],[-8.84053,42.49503],[-8.84366,42.49748],[-8.84199,42.49824],[-8.84207,42.5008],[-8.84583,42.50026],[-8.84424,42.49826],[-8.84636,42.49697],[-8.84553,42.49529],[-8.85102,42.49178],[-8.85319,42.48858],[-8.85273,42.48324],[-8.84813,42.48208],[-8.84788,42.48203]]],[[[-8.88712,42.49795],[-8.8873,42.49652],[-8.88705,42.49811],[-8.88712,42.49795]]]]}},{"type":"Feature","properties":{"mun_code":"36043","mun_name":"Ponte Caldelas","mun_name_local":null,"prov_code":"36","prov_name":"Pontevedra","acom_code":"12","acom_name":"Galicia","geo_point_2d":{"lon":-8.516810625825352,"lat":42.38505745744901}},"geometry":{"type":"Polygon","coordinates":[[[-8.55511,42.43043],[-8.5596,42.42289],[-8.56655,42.42098],[-8.58203,42.4124],[-8.58647,42.40265],[-8.59516,42.39406],[-8.58698,42.38169],[-8.58235,42.37756],[-8.57354,42.37411],[-8.56767,42.36766],[-8.56338,42.36677],[-8.55731,42.36239],[-8.55775,42.35941],[-8.55508,42.35683],[-8.54747,42.33958],[-8.54104,42.34299],[-8.53331,42.3409],[-8.53144,42.33714],[-8.52498,42.33889],[-8.5242,42.34097],[-8.51932,42.34392],[-8.51694,42.3434],[-8.50886,42.34747],[-8.50475,42.34783],[-8.50257,42.34613],[-8.49887,42.34599],[-8.49737,42.34756],[-8.49561,42.3463],[-8.49177,42.34728],[-8.48137,42.3433],[-8.48139,42.33844],[-8.47005,42.34774],[-8.46114,42.3524],[-8.4601,42.35668],[-8.4619,42.35894],[-8.45515,42.36406],[-8.4438,42.36247],[-8.43638,42.36],[-8.43169,42.3659],[-8.44374,42.37313],[-8.44325,42.37818],[-8.4401,42.3826],[-8.45019,42.38483],[-8.45611,42.38947],[-8.4607,42.40051],[-8.4593,42.40101],[-8.46252,42.40349],[-8.46288,42.40817],[-8.46109,42.40959],[-8.46275,42.41304],[-8.46914,42.41267],[-8.48505,42.41821],[-8.48943,42.42054],[-8.49316,42.42565],[-8.51964,42.42351],[-8.53192,42.42991],[-8.53556,42.42995],[-8.5386,42.42834],[-8.54165,42.42953],[-8.55461,42.43031],[-8.55511,42.43043]]]}},{"type":"Feature","properties":{"mun_code":"36002","mun_name":"Barro","mun_name_local":null,"prov_code":"36","prov_name":"Pontevedra","acom_code":"12","acom_name":"Galicia","geo_point_2d":{"lon":-8.645215824620827,"lat":42.52502423793945}},"geometry":{"type":"Polygon","coordinates":[[[-8.69324,42.47974],[-8.69279,42.47886],[-8.68628,42.48161],[-8.67941,42.48659],[-8.65866,42.49519],[-8.63923,42.49734],[-8.63061,42.5016],[-8.62604,42.50637],[-8.62532,42.51112],[-8.61317,42.51305],[-8.60369,42.51295],[-8.60285,42.51056],[-8.5971,42.51262],[-8.60519,42.5206],[-8.60973,42.53617],[-8.60914,42.54977],[-8.61404,42.55566],[-8.60938,42.56224],[-8.61796,42.56421],[-8.61932,42.56238],[-8.62638,42.5626],[-8.63217,42.55896],[-8.6347,42.55492],[-8.63919,42.55823],[-8.646,42.55883],[-8.65474,42.55828],[-8.66331,42.55554],[-8.66939,42.5432],[-8.66975,42.53758],[-8.67261,42.53606],[-8.66973,42.52405],[-8.68681,42.51327],[-8.68327,42.5103],[-8.68304,42.50818],[-8.68561,42.50092],[-8.69033,42.49425],[-8.68645,42.4865],[-8.69346,42.48043],[-8.69324,42.47974]]]}},{"type":"Feature","properties":{"mun_code":"36045","mun_name":"Redondela","mun_name_local":null,"prov_code":"36","prov_name":"Pontevedra","acom_code":"12","acom_name":"Galicia","geo_point_2d":{"lon":-8.614542705298604,"lat":42.27788606877794}},"geometry":{"type":"MultiPolygon","coordinates":[[[[-8.62887,42.30604],[-8.62861,42.30856],[-8.62907,42.30613],[-8.62887,42.30604]]],[[[-8.61458,42.32983],[-8.61153,42.32643],[-8.61365,42.32684],[-8.61623,42.32277],[-8.61595,42.31987],[-8.61949,42.31544],[-8.61913,42.31186],[-8.62371,42.30991],[-8.61777,42.30571],[-8.61426,42.29916],[-8.61524,42.29485],[-8.61793,42.29672],[-8.61639,42.2944],[-8.61797,42.29232],[-8.62127,42.2918],[-8.62098,42.2905],[-8.61087,42.28751],[-8.614,42.28567],[-8.61981,42.28757],[-8.62209,42.28681],[-8.62152,42.28783],[-8.62433,42.29035],[-8.62281,42.28717],[-8.62675,42.28834],[-8.62701,42.28623],[-8.63045,42.28491],[-8.63451,42.28564],[-8.63839,42.28877],[-8.64395,42.28957],[-8.64431,42.29077],[-8.64701,42.29034],[-8.65523,42.28504],[-8.658,42.28411],[-8.66119,42.28488],[-8.66279,42.28107],[-8.6683,42.27924],[-8.67148,42.27333],[-8.67033,42.27233],[-8.67207,42.27287],[-8.67295,42.27158],[-8.67134,42.27109],[-8.67289,42.27075],[-8.67814,42.26182],[-8.66842,42.2505],[-8.65313,42.2543],[-8.64879,42.25127],[-8.64156,42.24973],[-8.63664,42.24118],[-8.62827,42.23531],[-8.62703,42.23081],[-8.62133,42.23002],[-8.61086,42.23],[-8.60689,42.24258],[-8.59501,42.2429],[-8.59496,42.24755],[-8.5911,42.2559],[-8.59136,42.26479],[-8.5769,42.26971],[-8.57229,42.27538],[-8.56494,42.28012],[-8.56673,42.29286],[-8.56572,42.30694],[-8.57408,42.31139],[-8.57771,42.316],[-8.58705,42.32056],[-8.59075,42.32427],[-8.59079,42.32709],[-8.59613,42.32859],[-8.61028,42.32935],[-8.61458,42.32983]]]]}},{"type":"Feature","properties":{"mun_code":"36020","mun_name":"Agolada","mun_name_local":null,"prov_code":"36","prov_name":"Pontevedra","acom_code":"12","acom_name":"Galicia","geo_point_2d":{"lon":-8.03322879901377,"lat":42.788137408723024}},"geometry":{"type":"Polygon","coordinates":[[[-8.11977,42.78103],[-8.11423,42.77405],[-8.10487,42.76671],[-8.10134,42.7656],[-8.09818,42.76747],[-8.09477,42.76754],[-8.09594,42.7651],[-8.09423,42.76322],[-8.08914,42.76652],[-8.08344,42.7632],[-8.08111,42.76503],[-8.07732,42.76499],[-8.07775,42.76279],[-8.07391,42.75888],[-8.07696,42.75436],[-8.07358,42.75144],[-8.07409,42.74793],[-8.07076,42.74935],[-8.07007,42.75131],[-8.0681,42.75118],[-8.06587,42.75043],[-8.06525,42.74798],[-8.05877,42.7473],[-8.06027,42.74952],[-8.05409,42.74964],[-8.05045,42.74877],[-8.05103,42.74732],[-8.04816,42.74482],[-8.04317,42.74553],[-8.03703,42.74414],[-8.03047,42.7338],[-8.03194,42.73106],[-8.03071,42.72749],[-8.02701,42.72681],[-8.02456,42.72335],[-8.02285,42.72321],[-8.02482,42.72133],[-8.02172,42.71669],[-8.02521,42.71522],[-8.02222,42.71011],[-8.02016,42.70907],[-8.01669,42.71214],[-8.01416,42.71206],[-8.01355,42.70953],[-8.0153,42.70727],[-8.01176,42.70157],[-8.00798,42.70008],[-8.00541,42.70099],[-8.0004,42.70658],[-7.99317,42.70577],[-7.9931,42.71041],[-7.99066,42.7137],[-7.98442,42.71752],[-7.97925,42.71879],[-7.96142,42.73331],[-7.93978,42.73556],[-7.93537,42.73974],[-7.9411,42.74807],[-7.94824,42.75324],[-7.95245,42.75391],[-7.96756,42.77146],[-7.97841,42.7787],[-7.98198,42.78797],[-7.98083,42.79985],[-7.98193,42.80636],[-7.98048,42.81134],[-7.97558,42.81724],[-7.97083,42.828],[-7.95641,42.83975],[-7.9644,42.84223],[-7.96888,42.84967],[-7.9783,42.84748],[-7.97975,42.84437],[-7.9831,42.84233],[-7.99263,42.84713],[-7.99684,42.84611],[-8.00006,42.84902],[-8.00559,42.84957],[-8.0103,42.84851],[-8.01359,42.85021],[-8.01607,42.84703],[-8.02552,42.84668],[-8.02938,42.84364],[-8.03066,42.84054],[-8.03455,42.83827],[-8.04151,42.838],[-8.04328,42.83348],[-8.04593,42.83149],[-8.05464,42.83296],[-8.05474,42.83729],[-8.06313,42.83617],[-8.06494,42.8404],[-8.06075,42.84072],[-8.06044,42.8433],[-8.06802,42.84552],[-8.07178,42.85243],[-8.08107,42.85324],[-8.08351,42.85473],[-8.08885,42.85365],[-8.10057,42.84724],[-8.10354,42.84968],[-8.10509,42.84812],[-8.10449,42.84513],[-8.11172,42.84691],[-8.11296,42.84379],[-8.11637,42.84116],[-8.12342,42.84299],[-8.12535,42.83953],[-8.13022,42.83961],[-8.13302,42.83526],[-8.12929,42.82021],[-8.12189,42.81907],[-8.12448,42.81697],[-8.1249,42.81217],[-8.11806,42.81239],[-8.11506,42.80941],[-8.10926,42.813],[-8.10875,42.81076],[-8.10372,42.80815],[-8.10343,42.80507],[-8.10618,42.80361],[-8.10558,42.80102],[-8.11015,42.79803],[-8.11154,42.78945],[-8.10752,42.78685],[-8.10711,42.78367],[-8.1096,42.78201],[-8.11302,42.7827],[-8.11915,42.78109],[-8.11977,42.78103]]]}},{"type":"Feature","properties":{"mun_code":"36014","mun_name":"Crecente","mun_name_local":null,"prov_code":"36","prov_name":"Pontevedra","acom_code":"12","acom_name":"Galicia","geo_point_2d":{"lon":-8.21025666920496,"lat":42.1858961041991}},"geometry":{"type":"Polygon","coordinates":[[[-8.28071,42.14916],[-8.27863,42.13978],[-8.26965,42.1428],[-8.26568,42.14186],[-8.26333,42.13658],[-8.25632,42.13403],[-8.25329,42.13672],[-8.2439,42.13974],[-8.23908,42.13852],[-8.23288,42.13359],[-8.22648,42.13276],[-8.22183,42.1341],[-8.21764,42.13871],[-8.20656,42.141],[-8.20048,42.14849],[-8.20043,42.15368],[-8.18077,42.15837],[-8.17535,42.16575],[-8.17471,42.17068],[-8.17154,42.17248],[-8.16633,42.17275],[-8.16127,42.17863],[-8.16153,42.18094],[-8.17455,42.18385],[-8.17605,42.1857],[-8.17751,42.19501],[-8.1745,42.20218],[-8.17937,42.20759],[-8.17969,42.20992],[-8.18451,42.21039],[-8.18945,42.20754],[-8.19226,42.20912],[-8.1903,42.21293],[-8.18311,42.21696],[-8.17372,42.22005],[-8.16692,42.22009],[-8.16405,42.22209],[-8.16234,42.22727],[-8.17032,42.23024],[-8.17283,42.23366],[-8.17185,42.23759],[-8.16184,42.24411],[-8.16268,42.24489],[-8.16824,42.24614],[-8.18366,42.2434],[-8.1877,42.24457],[-8.20345,42.24452],[-8.21212,42.2358],[-8.22299,42.23324],[-8.22362,42.22381],[-8.22781,42.21754],[-8.23562,42.21096],[-8.236,42.20708],[-8.23252,42.19778],[-8.22681,42.19315],[-8.22496,42.19387],[-8.22025,42.19274],[-8.22153,42.19081],[-8.21427,42.18827],[-8.21526,42.18293],[-8.22133,42.17736],[-8.2379,42.17468],[-8.24299,42.17108],[-8.2483,42.17065],[-8.25195,42.17267],[-8.25182,42.16176],[-8.25339,42.15916],[-8.27043,42.15157],[-8.28071,42.14916]]]}},{"type":"Feature","properties":{"mun_code":"36019","mun_name":"Fornelos de Montes","mun_name_local":null,"prov_code":"36","prov_name":"Pontevedra","acom_code":"12","acom_name":"Galicia","geo_point_2d":{"lon":-8.424381267718456,"lat":42.331344536698275}},"geometry":{"type":"Polygon","coordinates":[[[-8.52382,42.33046],[-8.51796,42.32806],[-8.51145,42.32835],[-8.50916,42.32719],[-8.48738,42.32492],[-8.48622,42.3238],[-8.48691,42.30955],[-8.48392,42.30155],[-8.48494,42.29863],[-8.48225,42.29438],[-8.48478,42.29239],[-8.4822,42.28773],[-8.48306,42.28516],[-8.48051,42.28389],[-8.46998,42.28603],[-8.46442,42.28575],[-8.46109,42.28345],[-8.44255,42.29495],[-8.43465,42.29823],[-8.42779,42.2981],[-8.42074,42.30048],[-8.42007,42.29669],[-8.41686,42.29723],[-8.4062,42.29458],[-8.40235,42.29912],[-8.39701,42.30183],[-8.3778,42.32528],[-8.37313,42.32415],[-8.36758,42.32661],[-8.36686,42.32464],[-8.36471,42.32484],[-8.35299,42.3342],[-8.34706,42.34753],[-8.34056,42.35339],[-8.33266,42.35424],[-8.32537,42.34953],[-8.32506,42.35204],[-8.32057,42.35243],[-8.31746,42.3563],[-8.32298,42.36582],[-8.32658,42.36837],[-8.34585,42.37254],[-8.36519,42.3686],[-8.37935,42.36816],[-8.39003,42.36616],[-8.39887,42.3614],[-8.40237,42.35762],[-8.40343,42.34661],[-8.40343,42.34788],[-8.40595,42.3486],[-8.40725,42.34731],[-8.41064,42.34947],[-8.41272,42.34656],[-8.41715,42.34542],[-8.41857,42.34643],[-8.41915,42.34429],[-8.42672,42.34422],[-8.42834,42.3429],[-8.43277,42.34547],[-8.43638,42.36],[-8.4438,42.36247],[-8.45515,42.36406],[-8.4619,42.35894],[-8.4601,42.35668],[-8.46114,42.3524],[-8.47005,42.34774],[-8.47999,42.33882],[-8.48176,42.33864],[-8.48137,42.3433],[-8.49105,42.34709],[-8.49561,42.3463],[-8.49737,42.34756],[-8.49887,42.34599],[-8.50823,42.34768],[-8.52379,42.34121],[-8.52128,42.33839],[-8.52388,42.33091],[-8.52382,42.33046]]]}},{"type":"Feature","properties":{"mun_code":"36018","mun_name":"Forcarei","mun_name_local":null,"prov_code":"36","prov_name":"Pontevedra","acom_code":"12","acom_name":"Galicia","geo_point_2d":{"lon":-8.322666918705817,"lat":42.579188533584556}},"geometry":{"type":"Polygon","coordinates":[[[-8.38818,42.47227],[-8.38518,42.47288],[-8.37351,42.48485],[-8.36634,42.48735],[-8.35262,42.48076],[-8.34207,42.48443],[-8.34049,42.4924],[-8.33426,42.49118],[-8.32284,42.49493],[-8.31231,42.49545],[-8.30273,42.49021],[-8.29137,42.49606],[-8.28855,42.50312],[-8.28457,42.50609],[-8.27476,42.50839],[-8.27465,42.5137],[-8.27262,42.51526],[-8.27137,42.52067],[-8.26694,42.52101],[-8.26373,42.52568],[-8.25059,42.53092],[-8.24854,42.53345],[-8.24601,42.53338],[-8.23886,42.53851],[-8.23539,42.53886],[-8.23887,42.54042],[-8.24096,42.54634],[-8.24574,42.54983],[-8.25106,42.56247],[-8.25008,42.56314],[-8.25455,42.56387],[-8.25195,42.57205],[-8.25298,42.57282],[-8.24964,42.57818],[-8.25687,42.5801],[-8.26469,42.59268],[-8.26399,42.59658],[-8.26616,42.59926],[-8.26637,42.60392],[-8.26399,42.61462],[-8.27435,42.62212],[-8.27274,42.63185],[-8.28008,42.63957],[-8.27636,42.64555],[-8.28653,42.64617],[-8.29323,42.64784],[-8.30121,42.65207],[-8.30877,42.65353],[-8.32235,42.65038],[-8.32613,42.65694],[-8.3306,42.66058],[-8.3449,42.664],[-8.35094,42.67503],[-8.36263,42.67967],[-8.37298,42.67252],[-8.38004,42.66402],[-8.38479,42.66231],[-8.3945,42.65543],[-8.39279,42.64496],[-8.39123,42.64138],[-8.38909,42.64183],[-8.38829,42.64006],[-8.39099,42.63911],[-8.38553,42.62795],[-8.38569,42.62198],[-8.38942,42.61751],[-8.38335,42.60543],[-8.38042,42.6059],[-8.37966,42.6045],[-8.38038,42.59659],[-8.3877,42.59448],[-8.38606,42.58292],[-8.38409,42.57437],[-8.38196,42.57206],[-8.38249,42.56729],[-8.37564,42.56139],[-8.36264,42.55878],[-8.35484,42.56721],[-8.34734,42.56447],[-8.34489,42.55655],[-8.3403,42.55099],[-8.33234,42.54964],[-8.3349,42.54386],[-8.33208,42.53361],[-8.33933,42.53274],[-8.34194,42.53586],[-8.3521,42.53342],[-8.35228,42.52807],[-8.3578,42.52663],[-8.3573,42.52103],[-8.36543,42.50818],[-8.3701,42.50914],[-8.37116,42.50591],[-8.37413,42.50518],[-8.38496,42.49069],[-8.38837,42.49032],[-8.38286,42.48331],[-8.38349,42.47722],[-8.38818,42.47227]]]}},{"type":"Feature","properties":{"mun_code":"36902","mun_name":"Cerdedo-Cotobade","mun_name_local":null,"prov_code":"36","prov_name":"Pontevedra","acom_code":"12","acom_name":"Galicia","geo_point_2d":{"lon":-8.457553627285662,"lat":42.49921316570116}},"geometry":{"type":"Polygon","coordinates":[[[-8.56939,42.48711],[-8.56419,42.47707],[-8.56316,42.47137],[-8.56753,42.4669],[-8.56783,42.46149],[-8.57162,42.46116],[-8.57503,42.4589],[-8.57475,42.4517],[-8.58051,42.44828],[-8.578,42.4474],[-8.56977,42.43701],[-8.56728,42.43775],[-8.56365,42.43529],[-8.56163,42.43537],[-8.56076,42.43096],[-8.55846,42.43058],[-8.55788,42.42851],[-8.556,42.43081],[-8.5386,42.42834],[-8.53285,42.43009],[-8.52102,42.42387],[-8.51645,42.4233],[-8.49316,42.42565],[-8.48943,42.42054],[-8.48125,42.41671],[-8.46914,42.41267],[-8.46552,42.4135],[-8.4566,42.41086],[-8.45427,42.4129],[-8.45252,42.41103],[-8.45092,42.41419],[-8.44503,42.41428],[-8.44357,42.41672],[-8.44411,42.42174],[-8.43582,42.43436],[-8.43542,42.44021],[-8.43382,42.44044],[-8.42692,42.44932],[-8.41972,42.46417],[-8.40156,42.45922],[-8.39666,42.46343],[-8.39623,42.46699],[-8.38993,42.47049],[-8.38349,42.47722],[-8.38286,42.48331],[-8.38837,42.49032],[-8.38496,42.49069],[-8.37413,42.50518],[-8.37116,42.50591],[-8.3701,42.50914],[-8.36543,42.50818],[-8.3573,42.52103],[-8.3578,42.52663],[-8.35228,42.52807],[-8.3521,42.53342],[-8.34194,42.53586],[-8.33933,42.53274],[-8.33208,42.53361],[-8.3349,42.54386],[-8.33234,42.54964],[-8.3403,42.55099],[-8.34489,42.55655],[-8.34734,42.56447],[-8.35484,42.56721],[-8.36264,42.55878],[-8.37564,42.56139],[-8.37954,42.56373],[-8.38249,42.56729],[-8.38196,42.57206],[-8.38409,42.57437],[-8.3877,42.59448],[-8.39284,42.59568],[-8.40321,42.58713],[-8.41028,42.58338],[-8.41592,42.58202],[-8.42278,42.58513],[-8.42463,42.59099],[-8.43058,42.5916],[-8.44389,42.5894],[-8.44983,42.58525],[-8.4714,42.57839],[-8.4708,42.5755],[-8.47325,42.56802],[-8.47835,42.56641],[-8.47943,42.56307],[-8.47414,42.55714],[-8.47281,42.55117],[-8.46773,42.54463],[-8.45868,42.53841],[-8.44954,42.53696],[-8.44564,42.52884],[-8.44272,42.52709],[-8.44599,42.52566],[-8.44914,42.52769],[-8.45426,42.52852],[-8.45551,42.52529],[-8.45948,42.5265],[-8.46222,42.52233],[-8.46439,42.52336],[-8.46844,42.52149],[-8.4688,42.52293],[-8.47038,42.52287],[-8.47163,42.52089],[-8.47518,42.52078],[-8.47583,42.52253],[-8.48068,42.52363],[-8.48125,42.52116],[-8.48538,42.51794],[-8.48767,42.5188],[-8.49031,42.52401],[-8.49326,42.52145],[-8.50476,42.52109],[-8.50387,42.51776],[-8.50577,42.51607],[-8.51176,42.51973],[-8.50757,42.52305],[-8.50753,42.52593],[-8.50526,42.52843],[-8.50609,42.53155],[-8.50746,42.53308],[-8.5157,42.53442],[-8.5198,42.53677],[-8.52103,42.53385],[-8.5254,42.534],[-8.52552,42.53008],[-8.52799,42.52829],[-8.52736,42.52521],[-8.52496,42.52388],[-8.52575,42.52141],[-8.53022,42.52134],[-8.53148,42.52324],[-8.5295,42.52512],[-8.53209,42.52604],[-8.53367,42.5229],[-8.5401,42.52293],[-8.54253,42.52089],[-8.54959,42.50447],[-8.54869,42.50085],[-8.55206,42.49154],[-8.55747,42.49161],[-8.56041,42.48807],[-8.56403,42.48933],[-8.56965,42.48763],[-8.56939,42.48711]]]}},{"type":"Feature","properties":{"mun_code":"36027","mun_name":"Meaño","mun_name_local":null,"prov_code":"36","prov_name":"Pontevedra","acom_code":"12","acom_name":"Galicia","geo_point_2d":{"lon":-8.784578976583349,"lat":42.44986990464937}},"geometry":{"type":"Polygon","coordinates":[[[-8.82343,42.45306],[-8.81743,42.43418],[-8.8013,42.43727],[-8.79898,42.42925],[-8.78825,42.42064],[-8.78667,42.41756],[-8.77913,42.4176],[-8.77239,42.42089],[-8.75822,42.4199],[-8.74895,42.4418],[-8.76463,42.45024],[-8.76208,42.4596],[-8.76837,42.47941],[-8.77145,42.48317],[-8.78177,42.48489],[-8.78798,42.48437],[-8.79247,42.48775],[-8.79591,42.48791],[-8.79816,42.48632],[-8.79664,42.47844],[-8.80145,42.47321],[-8.79937,42.46744],[-8.80617,42.46425],[-8.8096,42.46087],[-8.82023,42.45865],[-8.82123,42.45598],[-8.81921,42.45425],[-8.81964,42.45177],[-8.82308,42.45296],[-8.82343,42.45306]]]}},{"type":"Feature","properties":{"mun_code":"36025","mun_name":"A Lama","mun_name_local":null,"prov_code":"36","prov_name":"Pontevedra","acom_code":"12","acom_name":"Galicia","geo_point_2d":{"lon":-8.38743915215955,"lat":42.41194382764024}},"geometry":{"type":"Polygon","coordinates":[[[-8.46273,42.41237],[-8.46109,42.40959],[-8.46288,42.40817],[-8.46252,42.40349],[-8.4593,42.40101],[-8.4607,42.40051],[-8.45611,42.38947],[-8.45019,42.38483],[-8.4401,42.3826],[-8.44325,42.37818],[-8.44374,42.37313],[-8.43169,42.3659],[-8.43638,42.36],[-8.43277,42.34547],[-8.42834,42.3429],[-8.42672,42.34422],[-8.41915,42.34429],[-8.41857,42.34643],[-8.41715,42.34542],[-8.41272,42.34656],[-8.41064,42.34947],[-8.40725,42.34731],[-8.40595,42.3486],[-8.40343,42.34788],[-8.40343,42.34661],[-8.40237,42.35762],[-8.39887,42.3614],[-8.39003,42.36616],[-8.37935,42.36816],[-8.36519,42.3686],[-8.34585,42.37254],[-8.32658,42.36837],[-8.32298,42.36582],[-8.3245,42.36921],[-8.31725,42.3753],[-8.3147,42.38098],[-8.31714,42.38283],[-8.3303,42.42062],[-8.33826,42.43343],[-8.33918,42.44137],[-8.33584,42.448],[-8.33974,42.45325],[-8.33903,42.45743],[-8.34202,42.4657],[-8.34798,42.46885],[-8.36634,42.48735],[-8.37351,42.48485],[-8.38518,42.47288],[-8.38818,42.47227],[-8.39623,42.46699],[-8.39666,42.46343],[-8.40156,42.45922],[-8.41972,42.46417],[-8.42692,42.44932],[-8.43382,42.44044],[-8.43542,42.44021],[-8.43582,42.43436],[-8.44411,42.42174],[-8.44357,42.41672],[-8.44503,42.41428],[-8.45092,42.41419],[-8.45288,42.41095],[-8.45427,42.4129],[-8.4566,42.41086],[-8.46245,42.41239],[-8.46273,42.41237]]]}},{"type":"Feature","properties":{"mun_code":"36007","mun_name":"Campo Lameiro","mun_name_local":null,"prov_code":"36","prov_name":"Pontevedra","acom_code":"12","acom_name":"Galicia","geo_point_2d":{"lon":-8.524790190834098,"lat":42.54395186331325}},"geometry":{"type":"Polygon","coordinates":[[[-8.5971,42.51262],[-8.58382,42.51025],[-8.58243,42.49792],[-8.57708,42.48668],[-8.57413,42.4865],[-8.56403,42.48933],[-8.56041,42.48807],[-8.55747,42.49161],[-8.55206,42.49154],[-8.54869,42.50085],[-8.54959,42.50447],[-8.54253,42.52089],[-8.5401,42.52293],[-8.53367,42.5229],[-8.53209,42.52604],[-8.5295,42.52512],[-8.53148,42.52324],[-8.53022,42.52134],[-8.52575,42.52141],[-8.52496,42.52388],[-8.52736,42.52521],[-8.52799,42.52829],[-8.52552,42.53008],[-8.5254,42.534],[-8.52103,42.53385],[-8.5198,42.53677],[-8.5157,42.53442],[-8.50746,42.53308],[-8.50609,42.53155],[-8.50526,42.52843],[-8.50753,42.52593],[-8.50757,42.52305],[-8.51176,42.51973],[-8.50577,42.51607],[-8.50387,42.51776],[-8.50476,42.52109],[-8.49326,42.52145],[-8.49031,42.52401],[-8.48767,42.5188],[-8.48538,42.51794],[-8.48125,42.52116],[-8.48068,42.52363],[-8.47583,42.52253],[-8.47518,42.52078],[-8.47163,42.52089],[-8.47038,42.52287],[-8.4688,42.52293],[-8.46844,42.52149],[-8.46439,42.52336],[-8.46222,42.52233],[-8.45948,42.5265],[-8.45551,42.52529],[-8.45426,42.52852],[-8.44914,42.52769],[-8.44599,42.52566],[-8.44272,42.52709],[-8.44564,42.52884],[-8.44954,42.53696],[-8.45868,42.53841],[-8.46773,42.54463],[-8.47281,42.55117],[-8.47414,42.55714],[-8.47943,42.56307],[-8.47835,42.56641],[-8.47325,42.56802],[-8.47314,42.57115],[-8.48368,42.57571],[-8.49109,42.57603],[-8.49758,42.57807],[-8.49874,42.58614],[-8.5015,42.58841],[-8.50989,42.58654],[-8.5129,42.58933],[-8.52602,42.58595],[-8.54273,42.58912],[-8.54696,42.58567],[-8.55105,42.58594],[-8.55552,42.58336],[-8.55929,42.58308],[-8.56039,42.57566],[-8.56321,42.57482],[-8.56464,42.5701],[-8.56367,42.56635],[-8.55723,42.56077],[-8.56136,42.55366],[-8.56122,42.54776],[-8.56955,42.54118],[-8.56613,42.53726],[-8.56673,42.53229],[-8.5733,42.52536],[-8.58868,42.51569],[-8.5971,42.51262]]]}},{"type":"Feature","properties":{"mun_code":"36037","mun_name":"Pazos de Borbén","mun_name_local":null,"prov_code":"36","prov_name":"Pontevedra","acom_code":"12","acom_name":"Galicia","geo_point_2d":{"lon":-8.535535256425572,"lat":42.28628615182179}},"geometry":{"type":"Polygon","coordinates":[[[-8.59501,42.2429],[-8.59042,42.24347],[-8.57778,42.23911],[-8.56856,42.24109],[-8.56225,42.24718],[-8.54656,42.25436],[-8.53795,42.25608],[-8.52656,42.2562],[-8.52481,42.25997],[-8.51624,42.26681],[-8.50458,42.27142],[-8.49427,42.28548],[-8.49149,42.28747],[-8.48696,42.28722],[-8.4828,42.28967],[-8.48478,42.29239],[-8.48225,42.29438],[-8.48494,42.29863],[-8.48392,42.30155],[-8.48691,42.30955],[-8.48622,42.3238],[-8.48738,42.32492],[-8.50916,42.32719],[-8.51145,42.32835],[-8.51796,42.32806],[-8.52382,42.33046],[-8.52395,42.32783],[-8.52994,42.32521],[-8.54031,42.31644],[-8.5525,42.31462],[-8.56572,42.30694],[-8.56673,42.29286],[-8.56494,42.28012],[-8.57229,42.27538],[-8.5769,42.26971],[-8.59136,42.26479],[-8.5911,42.2559],[-8.59496,42.24755],[-8.59462,42.24374],[-8.59501,42.2429]]]}},{"type":"Feature","properties":{"mun_code":"36052","mun_name":"Silleda","mun_name_local":null,"prov_code":"36","prov_name":"Pontevedra","acom_code":"12","acom_name":"Galicia","geo_point_2d":{"lon":-8.276171642913628,"lat":42.69424695984824}},"geometry":{"type":"Polygon","coordinates":[[[-8.35757,42.78069],[-8.35991,42.77979],[-8.36413,42.77315],[-8.36936,42.76996],[-8.36912,42.76406],[-8.36788,42.7625],[-8.36249,42.7652],[-8.36113,42.75833],[-8.35386,42.75407],[-8.34428,42.75269],[-8.34206,42.75004],[-8.33615,42.75053],[-8.3347,42.74684],[-8.33825,42.74388],[-8.34054,42.74422],[-8.34163,42.73624],[-8.35067,42.72094],[-8.35254,42.71297],[-8.35235,42.70884],[-8.3478,42.70151],[-8.34701,42.69546],[-8.34249,42.69295],[-8.34045,42.68815],[-8.35094,42.67503],[-8.34642,42.66669],[-8.3449,42.664],[-8.3306,42.66058],[-8.32613,42.65694],[-8.32235,42.65038],[-8.30877,42.65353],[-8.30121,42.65207],[-8.29323,42.64784],[-8.28653,42.64617],[-8.27636,42.64555],[-8.28008,42.63957],[-8.27274,42.63185],[-8.27435,42.62212],[-8.26399,42.61462],[-8.26616,42.59926],[-8.2616,42.59258],[-8.25383,42.59031],[-8.24538,42.597],[-8.23549,42.59694],[-8.23047,42.59915],[-8.22698,42.60473],[-8.21751,42.61335],[-8.21035,42.62582],[-8.20516,42.6277],[-8.20584,42.63391],[-8.21364,42.6326],[-8.2158,42.63508],[-8.21521,42.63742],[-8.21283,42.63681],[-8.21185,42.63871],[-8.20613,42.6406],[-8.20711,42.64442],[-8.21146,42.64571],[-8.19683,42.66013],[-8.19739,42.66145],[-8.1999,42.66123],[-8.20162,42.66382],[-8.20093,42.6667],[-8.20496,42.66636],[-8.20496,42.66835],[-8.20971,42.6723],[-8.21171,42.67748],[-8.20974,42.68032],[-8.20741,42.68031],[-8.20525,42.68495],[-8.20031,42.68411],[-8.19859,42.68719],[-8.19865,42.6895],[-8.20079,42.69081],[-8.20452,42.69079],[-8.2069,42.69427],[-8.21252,42.69321],[-8.20777,42.69621],[-8.20856,42.69995],[-8.20611,42.70472],[-8.2078,42.70906],[-8.2048,42.71087],[-8.21031,42.7143],[-8.20822,42.72013],[-8.21308,42.72401],[-8.22236,42.72368],[-8.22516,42.73177],[-8.22909,42.73203],[-8.23243,42.73736],[-8.22802,42.744],[-8.23201,42.74626],[-8.23274,42.75531],[-8.2356,42.75696],[-8.23579,42.75885],[-8.24317,42.75515],[-8.24507,42.75528],[-8.2462,42.75759],[-8.24979,42.75317],[-8.2571,42.75331],[-8.26012,42.75492],[-8.25789,42.7573],[-8.25882,42.75998],[-8.25749,42.76201],[-8.26267,42.76357],[-8.26348,42.75978],[-8.2705,42.75935],[-8.27165,42.76064],[-8.27066,42.7645],[-8.27339,42.76677],[-8.27566,42.76545],[-8.28218,42.76591],[-8.28345,42.77088],[-8.28648,42.773],[-8.29193,42.77086],[-8.3006,42.77504],[-8.31313,42.76288],[-8.31651,42.76296],[-8.31953,42.76126],[-8.32432,42.76325],[-8.32464,42.7662],[-8.33404,42.76927],[-8.33491,42.77071],[-8.33258,42.77294],[-8.33669,42.77524],[-8.33746,42.77954],[-8.34041,42.78257],[-8.34634,42.78435],[-8.35369,42.77905],[-8.35675,42.78025],[-8.35757,42.78069]]]}},{"type":"Feature","properties":{"mun_code":"36039","mun_name":"O Porriño","mun_name_local":null,"prov_code":"36","prov_name":"Pontevedra","acom_code":"12","acom_name":"Galicia","geo_point_2d":{"lon":-8.628936017884303,"lat":42.133199753027235}},"geometry":{"type":"Polygon","coordinates":[[[-8.69691,42.13242],[-8.69796,42.12787],[-8.6957,42.12381],[-8.69592,42.12025],[-8.69354,42.12067],[-8.69073,42.11693],[-8.69201,42.11497],[-8.69032,42.10709],[-8.69156,42.10582],[-8.68831,42.10377],[-8.68806,42.09543],[-8.68468,42.09097],[-8.67687,42.09528],[-8.6811,42.10114],[-8.67794,42.10235],[-8.67422,42.10191],[-8.66723,42.10881],[-8.65366,42.10815],[-8.63653,42.11319],[-8.63396,42.11281],[-8.63617,42.10776],[-8.63512,42.10481],[-8.63962,42.10087],[-8.63308,42.09765],[-8.63202,42.09185],[-8.63612,42.08832],[-8.62537,42.0918],[-8.62437,42.09418],[-8.61349,42.10066],[-8.60615,42.10165],[-8.60153,42.09962],[-8.59084,42.10077],[-8.58611,42.09999],[-8.58343,42.10527],[-8.57892,42.12855],[-8.58069,42.13923],[-8.57867,42.14813],[-8.58126,42.15308],[-8.58086,42.16674],[-8.58424,42.17653],[-8.58818,42.17877],[-8.59915,42.17824],[-8.61397,42.18368],[-8.61689,42.18049],[-8.61243,42.1762],[-8.61244,42.17287],[-8.61758,42.16937],[-8.61955,42.16512],[-8.62487,42.16538],[-8.62436,42.16247],[-8.63265,42.16311],[-8.63255,42.16112],[-8.6431,42.16306],[-8.64747,42.16135],[-8.67,42.15041],[-8.66969,42.14589],[-8.66566,42.14182],[-8.67305,42.13541],[-8.67929,42.13727],[-8.69066,42.13834],[-8.69617,42.13297],[-8.69691,42.13242]]]}},{"type":"Feature","properties":{"mun_code":"36028","mun_name":"Meis","mun_name_local":null,"prov_code":"36","prov_name":"Pontevedra","acom_code":"12","acom_name":"Galicia","geo_point_2d":{"lon":-8.722530318439805,"lat":42.49660305868361}},"geometry":{"type":"Polygon","coordinates":[[[-8.76837,42.47941],[-8.76208,42.4596],[-8.76463,42.45024],[-8.74907,42.44205],[-8.74939,42.4397],[-8.74343,42.43639],[-8.7366,42.43847],[-8.72797,42.44855],[-8.7254,42.45729],[-8.70996,42.4674],[-8.7009,42.4819],[-8.69324,42.47974],[-8.68691,42.4853],[-8.6903,42.49542],[-8.68561,42.50092],[-8.68302,42.50856],[-8.68681,42.51327],[-8.66973,42.52405],[-8.67261,42.53606],[-8.68063,42.53462],[-8.68999,42.53021],[-8.69353,42.53073],[-8.70083,42.53512],[-8.69858,42.54283],[-8.69333,42.54772],[-8.68769,42.55789],[-8.6907,42.55693],[-8.69332,42.55925],[-8.69858,42.5598],[-8.70465,42.56305],[-8.71007,42.55495],[-8.71342,42.55507],[-8.7154,42.55372],[-8.71798,42.55442],[-8.72486,42.55133],[-8.7258,42.54926],[-8.72775,42.5506],[-8.73304,42.54798],[-8.73453,42.54606],[-8.73213,42.54604],[-8.73094,42.54753],[-8.72678,42.54673],[-8.7252,42.5407],[-8.72045,42.53882],[-8.71713,42.53434],[-8.71503,42.53523],[-8.71119,42.5325],[-8.70681,42.53554],[-8.70377,42.53388],[-8.71352,42.52926],[-8.71649,42.5332],[-8.72284,42.52365],[-8.72542,42.5226],[-8.7274,42.51812],[-8.73069,42.51679],[-8.73211,42.51094],[-8.73551,42.51173],[-8.74126,42.51025],[-8.76205,42.50083],[-8.76222,42.49758],[-8.758,42.49457],[-8.75803,42.49249],[-8.75993,42.49217],[-8.76181,42.48949],[-8.76914,42.48733],[-8.76674,42.4849],[-8.76798,42.48028],[-8.76837,42.47941]]]}},{"type":"Feature","properties":{"mun_code":"36061","mun_name":"Vilanova de Arousa","mun_name_local":null,"prov_code":"36","prov_name":"Pontevedra","acom_code":"12","acom_name":"Galicia","geo_point_2d":{"lon":-8.776285572751652,"lat":42.55373789881191}},"geometry":{"type":"MultiPolygon","coordinates":[[[[-8.82441,42.55465],[-8.8227,42.55434],[-8.82456,42.55587],[-8.82441,42.55498],[-8.82441,42.55465]]],[[[-8.82366,42.55731],[-8.8231,42.55901],[-8.8238,42.55737],[-8.82366,42.55731]]],[[[-8.839,42.55028],[-8.83773,42.55026],[-8.83782,42.55265],[-8.83941,42.5506],[-8.839,42.55028]]],[[[-8.82796,42.5312],[-8.82743,42.53047],[-8.8272,42.53202],[-8.82783,42.53134],[-8.82796,42.5312]]],[[[-8.8278,42.53434],[-8.82768,42.53349],[-8.82714,42.53522],[-8.828,42.53451],[-8.8278,42.53434]]],[[[-8.82981,42.53673],[-8.82949,42.53854],[-8.83006,42.53707],[-8.82981,42.53673]]],[[[-8.83241,42.54146],[-8.83132,42.54241],[-8.83277,42.54178],[-8.83241,42.54146]]],[[[-8.80117,42.58214],[-8.80208,42.58039],[-8.80465,42.58013],[-8.8074,42.57606],[-8.82372,42.57833],[-8.83024,42.57518],[-8.82971,42.56723],[-8.83142,42.56426],[-8.83487,42.56479],[-8.83505,42.56287],[-8.8345,42.56452],[-8.83275,42.56327],[-8.8323,42.56429],[-8.82942,42.56378],[-8.83164,42.56212],[-8.82852,42.56189],[-8.82801,42.55992],[-8.82506,42.55929],[-8.82026,42.56239],[-8.81863,42.55937],[-8.82048,42.5586],[-8.82018,42.5567],[-8.82288,42.55339],[-8.82584,42.55279],[-8.82534,42.55722],[-8.83037,42.55862],[-8.83005,42.56037],[-8.83375,42.56038],[-8.83436,42.56188],[-8.83423,42.55944],[-8.83637,42.55858],[-8.83472,42.55677],[-8.83697,42.55171],[-8.83351,42.55073],[-8.83451,42.54911],[-8.8255,42.53884],[-8.82881,42.53901],[-8.82703,42.53817],[-8.826,42.53116],[-8.80195,42.53765],[-8.79593,42.54107],[-8.79378,42.53722],[-8.79086,42.5379],[-8.78907,42.53326],[-8.79082,42.52763],[-8.78273,42.52397],[-8.77706,42.52715],[-8.77854,42.53171],[-8.77454,42.53401],[-8.77348,42.53741],[-8.7682,42.53929],[-8.76247,42.53559],[-8.76047,42.53627],[-8.75693,42.5344],[-8.75106,42.53553],[-8.74888,42.53427],[-8.74004,42.53816],[-8.73869,42.53738],[-8.73934,42.54233],[-8.73748,42.54547],[-8.73513,42.54545],[-8.72775,42.5506],[-8.7258,42.54926],[-8.72486,42.55133],[-8.71798,42.55442],[-8.7154,42.55372],[-8.71342,42.55507],[-8.71007,42.55495],[-8.70465,42.56305],[-8.69858,42.5598],[-8.69332,42.55925],[-8.6907,42.55693],[-8.68706,42.55858],[-8.70182,42.56624],[-8.70566,42.56971],[-8.72414,42.5749],[-8.72417,42.5768],[-8.72904,42.57031],[-8.73706,42.56739],[-8.7439,42.56674],[-8.75457,42.56029],[-8.75478,42.55619],[-8.74524,42.55075],[-8.74522,42.54838],[-8.74805,42.5468],[-8.75448,42.54728],[-8.76257,42.55209],[-8.76407,42.55552],[-8.75835,42.56113],[-8.75821,42.5636],[-8.76531,42.56657],[-8.7727,42.56364],[-8.78462,42.56709],[-8.78492,42.56303],[-8.78926,42.5607],[-8.79719,42.5581],[-8.80193,42.55994],[-8.80525,42.56292],[-8.80233,42.56801],[-8.79659,42.57123],[-8.79906,42.57782],[-8.80117,42.58214]]]]}},{"type":"Feature","properties":{"mun_code":"36040","mun_name":"Portas","mun_name_local":null,"prov_code":"36","prov_name":"Pontevedra","acom_code":"12","acom_name":"Galicia","geo_point_2d":{"lon":-8.669807593913793,"lat":42.565055005831034}},"geometry":{"type":"Polygon","coordinates":[[[-8.7031,42.56782],[-8.68706,42.55858],[-8.70087,42.53796],[-8.70083,42.53512],[-8.69353,42.53073],[-8.68999,42.53021],[-8.6826,42.53393],[-8.67809,42.53435],[-8.66975,42.53758],[-8.66939,42.5432],[-8.66331,42.55554],[-8.65474,42.55828],[-8.646,42.55883],[-8.63919,42.55823],[-8.63387,42.55505],[-8.63217,42.55896],[-8.62638,42.5626],[-8.61932,42.56238],[-8.61724,42.56389],[-8.61899,42.57321],[-8.62847,42.56702],[-8.63454,42.56774],[-8.64126,42.5666],[-8.64827,42.56779],[-8.64612,42.57688],[-8.6472,42.58179],[-8.6513,42.59086],[-8.65869,42.59783],[-8.66629,42.59637],[-8.66843,42.59342],[-8.67602,42.59241],[-8.67395,42.58797],[-8.67875,42.58317],[-8.68482,42.58335],[-8.68738,42.58646],[-8.6944,42.58364],[-8.69545,42.58198],[-8.69367,42.57811],[-8.69631,42.57613],[-8.69468,42.57373],[-8.69759,42.57244],[-8.69882,42.56974],[-8.70257,42.56965],[-8.70296,42.56806],[-8.7031,42.56782]]]}},{"type":"Feature","properties":{"mun_code":"36021","mun_name":"Gondomar","mun_name_local":null,"prov_code":"36","prov_name":"Pontevedra","acom_code":"12","acom_name":"Galicia","geo_point_2d":{"lon":-8.746434509536932,"lat":42.105947128286275}},"geometry":{"type":"Polygon","coordinates":[[[-8.81198,42.11524],[-8.81429,42.10875],[-8.80939,42.10076],[-8.81417,42.10003],[-8.81087,42.09115],[-8.81249,42.08874],[-8.80966,42.08684],[-8.8103,42.0854],[-8.80733,42.082],[-8.80584,42.08222],[-8.80438,42.07863],[-8.80438,42.07031],[-8.81162,42.06317],[-8.80754,42.05935],[-8.80719,42.05682],[-8.79184,42.06474],[-8.77488,42.06641],[-8.75515,42.06573],[-8.739,42.06115],[-8.73067,42.06122],[-8.72681,42.07267],[-8.71088,42.08558],[-8.70737,42.08613],[-8.69834,42.0836],[-8.68915,42.08684],[-8.68468,42.09097],[-8.68806,42.09543],[-8.68831,42.10377],[-8.69156,42.10582],[-8.69032,42.10709],[-8.69201,42.11497],[-8.69073,42.11693],[-8.69354,42.12067],[-8.69592,42.12025],[-8.6957,42.12381],[-8.69796,42.12787],[-8.69691,42.13242],[-8.69954,42.13543],[-8.70011,42.14551],[-8.70249,42.14821],[-8.70404,42.15565],[-8.70876,42.15518],[-8.71284,42.15671],[-8.71614,42.15545],[-8.72621,42.16212],[-8.73777,42.16607],[-8.74652,42.15861],[-8.74548,42.15528],[-8.75333,42.1464],[-8.75703,42.13649],[-8.75912,42.13534],[-8.75921,42.13054],[-8.7726,42.1245],[-8.7768,42.11512],[-8.78036,42.11153],[-8.7863,42.1137],[-8.79244,42.1118],[-8.79924,42.11186],[-8.80018,42.11369],[-8.80568,42.11259],[-8.8098,42.11378],[-8.81198,42.11524]]]}},{"type":"Feature","properties":{"mun_code":"36046","mun_name":"Ribadumia","mun_name_local":null,"prov_code":"36","prov_name":"Pontevedra","acom_code":"12","acom_name":"Galicia","geo_point_2d":{"lon":-8.757551023446261,"lat":42.51345371424675}},"geometry":{"type":"Polygon","coordinates":[[[-8.8058,42.50127],[-8.79926,42.4981],[-8.80004,42.49422],[-8.79816,42.48632],[-8.79494,42.48821],[-8.78798,42.48437],[-8.78177,42.48489],[-8.77145,42.48317],[-8.76837,42.47941],[-8.76674,42.4849],[-8.76914,42.48733],[-8.76181,42.48949],[-8.75993,42.49217],[-8.75803,42.49249],[-8.758,42.49457],[-8.76222,42.49758],[-8.76205,42.50083],[-8.74126,42.51025],[-8.73551,42.51173],[-8.73211,42.51094],[-8.73069,42.51679],[-8.7274,42.51812],[-8.72542,42.5226],[-8.72284,42.52365],[-8.71649,42.5332],[-8.71352,42.52926],[-8.70407,42.53337],[-8.70374,42.53456],[-8.70734,42.53543],[-8.70809,42.53374],[-8.7127,42.53257],[-8.71503,42.53523],[-8.7167,42.53426],[-8.71898,42.53579],[-8.72045,42.53882],[-8.7252,42.5407],[-8.72678,42.54673],[-8.73094,42.54753],[-8.73213,42.54604],[-8.73716,42.54567],[-8.73934,42.54233],[-8.73851,42.53751],[-8.74004,42.53816],[-8.74888,42.53427],[-8.75106,42.53553],[-8.75585,42.5347],[-8.75888,42.5246],[-8.76412,42.5201],[-8.77892,42.52462],[-8.78211,42.52391],[-8.77688,42.51887],[-8.77557,42.51396],[-8.77582,42.50479],[-8.77746,42.50207],[-8.78642,42.50076],[-8.79297,42.50561],[-8.80093,42.50482],[-8.80496,42.50193],[-8.8058,42.50127]]]}},{"type":"Feature","properties":{"mun_code":"36038","mun_name":"Pontevedra","mun_name_local":null,"prov_code":"36","prov_name":"Pontevedra","acom_code":"12","acom_name":"Galicia","geo_point_2d":{"lon":-8.619733430997337,"lat":42.437125352515984}},"geometry":{"type":"MultiPolygon","coordinates":[[[[-8.5971,42.51262],[-8.60285,42.51056],[-8.60369,42.51295],[-8.61317,42.51305],[-8.62532,42.51112],[-8.62604,42.50637],[-8.63061,42.5016],[-8.63923,42.49734],[-8.65866,42.49519],[-8.67941,42.48659],[-8.69279,42.47886],[-8.69386,42.47654],[-8.69248,42.47363],[-8.68446,42.47144],[-8.67274,42.46297],[-8.66317,42.45276],[-8.66045,42.44614],[-8.65065,42.44344],[-8.6498,42.44146],[-8.65343,42.43746],[-8.65281,42.43269],[-8.65427,42.42969],[-8.65308,42.42707],[-8.65319,42.42856],[-8.65195,42.42811],[-8.65555,42.4239],[-8.6644,42.42113],[-8.68275,42.40686],[-8.68496,42.40748],[-8.68608,42.40464],[-8.68481,42.4044],[-8.68745,42.40347],[-8.6885,42.40543],[-8.69106,42.40616],[-8.69647,42.40414],[-8.69319,42.40343],[-8.69363,42.40177],[-8.69835,42.40269],[-8.69932,42.39997],[-8.69635,42.39942],[-8.69243,42.4013],[-8.69092,42.40037],[-8.69224,42.39919],[-8.68603,42.39399],[-8.6723,42.38599],[-8.66765,42.3775],[-8.65802,42.38226],[-8.64955,42.38443],[-8.64416,42.39082],[-8.63897,42.39317],[-8.62938,42.39508],[-8.609,42.39294],[-8.60742,42.38948],[-8.62067,42.37219],[-8.62134,42.36305],[-8.616,42.35004],[-8.61752,42.34846],[-8.61195,42.34557],[-8.60235,42.34487],[-8.5977,42.34598],[-8.59412,42.34465],[-8.58982,42.34697],[-8.58529,42.34323],[-8.56959,42.37034],[-8.57354,42.37411],[-8.58235,42.37756],[-8.58564,42.38033],[-8.59507,42.39439],[-8.58647,42.40265],[-8.58203,42.4124],[-8.56655,42.42098],[-8.5596,42.42289],[-8.55511,42.43043],[-8.55788,42.42851],[-8.55846,42.43058],[-8.56076,42.43096],[-8.56163,42.43537],[-8.56365,42.43529],[-8.56728,42.43775],[-8.56977,42.43701],[-8.578,42.4474],[-8.58051,42.44828],[-8.57475,42.4517],[-8.57503,42.4589],[-8.57162,42.46116],[-8.56783,42.46149],[-8.56753,42.4669],[-8.5631,42.47192],[-8.56939,42.48711],[-8.57708,42.48668],[-8.58243,42.49792],[-8.58382,42.51025],[-8.58792,42.51171],[-8.5971,42.51262]]]]}},{"type":"Feature","properties":{"mun_code":"36041","mun_name":"Poio","mun_name_local":null,"prov_code":"36","prov_name":"Pontevedra","acom_code":"12","acom_name":"Galicia","geo_point_2d":{"lon":-8.704865001191965,"lat":42.44111934730664}},"geometry":{"type":"MultiPolygon","coordinates":[[[[-8.70837,42.40819],[-8.70731,42.40779],[-8.70507,42.41162],[-8.70768,42.41465],[-8.71036,42.41427],[-8.71241,42.41182],[-8.70873,42.40837],[-8.70837,42.40819]]],[[[-8.74939,42.4397],[-8.75822,42.4199],[-8.76001,42.40651],[-8.75815,42.40182],[-8.74874,42.40323],[-8.74139,42.41365],[-8.73432,42.41392],[-8.73101,42.4172],[-8.72692,42.41749],[-8.71984,42.42277],[-8.71396,42.42167],[-8.70813,42.42726],[-8.70363,42.42694],[-8.70749,42.42847],[-8.70553,42.43016],[-8.70399,42.42978],[-8.70564,42.43065],[-8.7049,42.43398],[-8.69697,42.43586],[-8.69518,42.43768],[-8.68757,42.43763],[-8.68651,42.43241],[-8.68826,42.43025],[-8.68483,42.42787],[-8.687,42.4271],[-8.6851,42.42381],[-8.68116,42.42107],[-8.6723,42.42113],[-8.67111,42.4227],[-8.6725,42.42252],[-8.6727,42.42424],[-8.66947,42.42573],[-8.66516,42.42433],[-8.66339,42.42552],[-8.66135,42.42381],[-8.65789,42.42633],[-8.65846,42.42779],[-8.656,42.42633],[-8.65571,42.43101],[-8.65313,42.43329],[-8.65343,42.43746],[-8.6498,42.44146],[-8.65065,42.44344],[-8.66045,42.44614],[-8.66317,42.45276],[-8.67274,42.46297],[-8.68446,42.47144],[-8.69248,42.47363],[-8.69324,42.47974],[-8.7009,42.4819],[-8.70996,42.4674],[-8.7254,42.45729],[-8.72797,42.44855],[-8.73625,42.43871],[-8.74343,42.43639],[-8.74904,42.43938],[-8.74939,42.4397]]]]}},{"type":"Feature","properties":{"mun_code":"36031","mun_name":"Mondariz-Balneario","mun_name_local":null,"prov_code":"36","prov_name":"Pontevedra","acom_code":"12","acom_name":"Galicia","geo_point_2d":{"lon":-8.471000116653293,"lat":42.221893059025696}},"geometry":{"type":"Polygon","coordinates":[[[-8.48527,42.22715],[-8.47888,42.21903],[-8.47299,42.21539],[-8.46903,42.21064],[-8.46315,42.21979],[-8.4581,42.22295],[-8.46055,42.22399],[-8.45954,42.22749],[-8.46818,42.22877],[-8.47339,42.22637],[-8.48404,42.22738],[-8.48527,42.22715]]]}},{"type":"Feature","properties":{"mun_code":"36024","mun_name":"Lalín","mun_name_local":null,"prov_code":"36","prov_name":"Pontevedra","acom_code":"12","acom_name":"Galicia","geo_point_2d":{"lon":-8.131024098911352,"lat":42.66168743157886}},"geometry":{"type":"Polygon","coordinates":[[[-8.26401,42.59626],[-8.26469,42.59268],[-8.25687,42.5801],[-8.24964,42.57818],[-8.25298,42.57282],[-8.25195,42.57205],[-8.25455,42.56387],[-8.25008,42.56314],[-8.25106,42.56247],[-8.24574,42.54983],[-8.24096,42.54634],[-8.23887,42.54042],[-8.23539,42.53886],[-8.22641,42.53851],[-8.21758,42.53386],[-8.19935,42.55184],[-8.18431,42.55691],[-8.18833,42.56215],[-8.18647,42.56513],[-8.18039,42.56718],[-8.17386,42.57197],[-8.16586,42.56512],[-8.16168,42.55742],[-8.14684,42.54867],[-8.13565,42.55435],[-8.13023,42.55241],[-8.11297,42.55458],[-8.11205,42.56075],[-8.10581,42.5726],[-8.1037,42.58212],[-8.10361,42.58634],[-8.10757,42.58992],[-8.09363,42.60026],[-8.08479,42.59881],[-8.07759,42.5996],[-8.07674,42.60457],[-8.08071,42.60919],[-8.08032,42.61679],[-8.07745,42.62301],[-8.06992,42.63102],[-8.06958,42.63665],[-8.06572,42.6448],[-8.05544,42.64832],[-8.05485,42.64532],[-8.03801,42.64216],[-8.02677,42.63302],[-8.0192,42.63177],[-8.00835,42.6274],[-8.00497,42.6293],[-8.00391,42.63352],[-7.99737,42.63359],[-7.99267,42.64179],[-7.99523,42.64219],[-7.99551,42.64588],[-7.98823,42.65441],[-7.98989,42.65977],[-7.99562,42.66453],[-7.99516,42.66647],[-7.99863,42.67002],[-7.99211,42.67433],[-7.99645,42.67797],[-7.9977,42.68154],[-7.99667,42.68384],[-8.00051,42.68221],[-8.00939,42.68335],[-8.01337,42.67988],[-8.02071,42.67675],[-8.02463,42.6706],[-8.03614,42.68345],[-8.03551,42.68705],[-8.0237,42.69088],[-8.01303,42.69864],[-8.01176,42.70157],[-8.0153,42.70727],[-8.01355,42.70953],[-8.01416,42.71206],[-8.01669,42.71214],[-8.02016,42.70907],[-8.02222,42.71011],[-8.02521,42.71522],[-8.02172,42.71669],[-8.02482,42.72133],[-8.02285,42.72321],[-8.02456,42.72335],[-8.02701,42.72681],[-8.03071,42.72749],[-8.03194,42.73106],[-8.03047,42.7338],[-8.0366,42.74382],[-8.04317,42.74553],[-8.04816,42.74482],[-8.05103,42.74732],[-8.05045,42.74877],[-8.05409,42.74964],[-8.06027,42.74952],[-8.05877,42.7473],[-8.06525,42.74798],[-8.06587,42.75043],[-8.0681,42.75118],[-8.07007,42.75131],[-8.07076,42.74935],[-8.07409,42.74793],[-8.07358,42.75144],[-8.07696,42.75436],[-8.07391,42.75888],[-8.07775,42.76279],[-8.07732,42.76499],[-8.08111,42.76503],[-8.08344,42.7632],[-8.08914,42.76652],[-8.09423,42.76322],[-8.09594,42.7651],[-8.09477,42.76754],[-8.09818,42.76747],[-8.10134,42.7656],[-8.10487,42.76671],[-8.11423,42.77405],[-8.11977,42.78103],[-8.13105,42.77658],[-8.13917,42.77535],[-8.14339,42.7764],[-8.15021,42.7746],[-8.15282,42.76813],[-8.16001,42.76495],[-8.16041,42.75967],[-8.1555,42.75844],[-8.15336,42.75501],[-8.15431,42.74001],[-8.1568,42.73806],[-8.16559,42.74064],[-8.166,42.74329],[-8.17118,42.74493],[-8.17164,42.74778],[-8.17863,42.75294],[-8.18822,42.75464],[-8.18989,42.75192],[-8.19345,42.75022],[-8.19723,42.75089],[-8.20248,42.75659],[-8.20571,42.75548],[-8.20856,42.75689],[-8.2141,42.75646],[-8.22129,42.76126],[-8.22573,42.757],[-8.22614,42.75444],[-8.23115,42.75225],[-8.21506,42.74454],[-8.21398,42.72395],[-8.20822,42.72013],[-8.21065,42.71616],[-8.20983,42.71353],[-8.2048,42.71087],[-8.2078,42.70906],[-8.20611,42.70472],[-8.20856,42.69995],[-8.20777,42.69621],[-8.21252,42.69321],[-8.20727,42.69438],[-8.20452,42.69079],[-8.20079,42.69081],[-8.19859,42.68925],[-8.19991,42.68435],[-8.20525,42.68495],[-8.20741,42.68031],[-8.20974,42.68032],[-8.21171,42.67748],[-8.20971,42.6723],[-8.20496,42.66835],[-8.20496,42.66636],[-8.20093,42.6667],[-8.20162,42.66382],[-8.1999,42.66123],[-8.19739,42.66145],[-8.19683,42.66013],[-8.21146,42.64571],[-8.20711,42.64442],[-8.20613,42.6406],[-8.21185,42.63871],[-8.21283,42.63681],[-8.21541,42.63714],[-8.21577,42.63431],[-8.21417,42.63273],[-8.20584,42.63391],[-8.20516,42.6277],[-8.21035,42.62582],[-8.21751,42.61335],[-8.22698,42.60473],[-8.23047,42.59915],[-8.23549,42.59694],[-8.24538,42.597],[-8.25383,42.59031],[-8.26092,42.59213],[-8.2633,42.59538],[-8.26401,42.59626]]]}},{"type":"Feature","properties":{"mun_code":"36023","mun_name":"A Guarda","mun_name_local":null,"prov_code":"36","prov_name":"Pontevedra","acom_code":"12","acom_name":"Galicia","geo_point_2d":{"lon":-8.861576569201562,"lat":41.90213495552204}},"geometry":{"type":"MultiPolygon","coordinates":[[[[-8.87592,41.86907],[-8.8752,41.87019],[-8.87561,41.86937],[-8.87592,41.86907]]],[[[-8.82955,41.89871],[-8.83579,41.91407],[-8.84032,41.92055],[-8.84813,41.92117],[-8.85171,41.92384],[-8.8614,41.92307],[-8.8717,41.92411],[-8.87812,41.93839],[-8.88686,41.94194],[-8.88808,41.93626],[-8.886,41.93169],[-8.88404,41.93091],[-8.88581,41.92427],[-8.88397,41.91784],[-8.88542,41.91694],[-8.88332,41.9157],[-8.88217,41.91208],[-8.87649,41.90993],[-8.87857,41.90891],[-8.87634,41.90799],[-8.88146,41.90481],[-8.87986,41.90393],[-8.88199,41.90073],[-8.88011,41.90191],[-8.87434,41.8993],[-8.87572,41.89847],[-8.88052,41.89995],[-8.88059,41.89804],[-8.87687,41.89758],[-8.88075,41.89216],[-8.88194,41.88127],[-8.8734,41.86979],[-8.86883,41.86957],[-8.8657,41.87186],[-8.85823,41.87317],[-8.84737,41.87976],[-8.83853,41.89289],[-8.83133,41.89774],[-8.82955,41.89871]]]]}},{"type":"Feature","properties":{"mun_code":"36051","mun_name":"Sanxenxo","mun_name_local":null,"prov_code":"36","prov_name":"Pontevedra","acom_code":"12","acom_name":"Galicia","geo_point_2d":{"lon":-8.824704578738325,"lat":42.419809366411776}},"geometry":{"type":"MultiPolygon","coordinates":[[[[-8.85101,42.46388],[-8.84948,42.46491],[-8.85073,42.46422],[-8.85128,42.46609],[-8.85104,42.46423],[-8.85101,42.46388]]],[[[-8.8804,42.42943],[-8.87907,42.43009],[-8.88048,42.42954],[-8.8804,42.42943]]],[[[-8.85489,42.45569],[-8.85078,42.4578],[-8.85506,42.4572],[-8.85504,42.45612],[-8.85489,42.45569]]],[[[-8.86909,42.44782],[-8.87231,42.43817],[-8.87139,42.4338],[-8.87282,42.43281],[-8.87548,42.4334],[-8.87305,42.43172],[-8.87411,42.43004],[-8.87825,42.4299],[-8.87466,42.42822],[-8.87438,42.42679],[-8.87669,42.42502],[-8.8763,42.42252],[-8.88068,42.42297],[-8.88059,42.42165],[-8.87738,42.42042],[-8.88006,42.41958],[-8.879,42.41807],[-8.88094,42.41485],[-8.87482,42.41525],[-8.86477,42.41124],[-8.85843,42.40327],[-8.85934,42.39993],[-8.85762,42.39739],[-8.85619,42.39661],[-8.85537,42.3986],[-8.85362,42.39875],[-8.84927,42.39726],[-8.84639,42.39437],[-8.84568,42.39093],[-8.8412,42.38994],[-8.84249,42.38676],[-8.83923,42.3844],[-8.83598,42.38553],[-8.8329,42.38937],[-8.82937,42.38901],[-8.82715,42.38664],[-8.82632,42.39131],[-8.8226,42.39101],[-8.82241,42.39367],[-8.8185,42.39422],[-8.82216,42.39397],[-8.82387,42.39491],[-8.82221,42.39595],[-8.82443,42.39545],[-8.82445,42.39639],[-8.82003,42.39891],[-8.81807,42.39603],[-8.81508,42.40099],[-8.8079,42.40027],[-8.80598,42.39783],[-8.80469,42.39811],[-8.80653,42.39928],[-8.80165,42.4012],[-8.79289,42.39776],[-8.79185,42.39623],[-8.78866,42.39776],[-8.7838,42.39508],[-8.78186,42.39568],[-8.77826,42.39332],[-8.77731,42.39216],[-8.77906,42.3912],[-8.77471,42.38766],[-8.77191,42.38943],[-8.77029,42.3944],[-8.76425,42.3933],[-8.75844,42.39716],[-8.76001,42.40651],[-8.75822,42.4199],[-8.77239,42.42089],[-8.77913,42.4176],[-8.78667,42.41756],[-8.78825,42.42064],[-8.79898,42.42925],[-8.8013,42.43727],[-8.81743,42.43418],[-8.82343,42.45306],[-8.82691,42.45354],[-8.82798,42.45703],[-8.83344,42.45805],[-8.83792,42.45421],[-8.83655,42.45508],[-8.83752,42.45895],[-8.84005,42.46018],[-8.83896,42.45794],[-8.84147,42.45585],[-8.84515,42.45552],[-8.84439,42.45676],[-8.84822,42.4603],[-8.85026,42.45812],[-8.84685,42.45667],[-8.84887,42.45518],[-8.85116,42.45553],[-8.85224,42.45389],[-8.85527,42.45379],[-8.85593,42.45076],[-8.86264,42.44951],[-8.86612,42.44734],[-8.86858,42.44764],[-8.86909,42.44782]]]]}},{"type":"Feature","properties":{"mun_code":"36026","mun_name":"Marín","mun_name_local":null,"prov_code":"36","prov_name":"Pontevedra","acom_code":"12","acom_name":"Galicia","geo_point_2d":{"lon":-8.70966093052189,"lat":42.3608025174089}},"geometry":{"type":"MultiPolygon","coordinates":[[[[-8.75451,42.34915],[-8.75305,42.35032],[-8.7548,42.34964],[-8.75451,42.34915]]],[[[-8.69224,42.39919],[-8.69308,42.39741],[-8.69597,42.39729],[-8.69603,42.39597],[-8.6981,42.39763],[-8.69539,42.39483],[-8.69757,42.39441],[-8.69711,42.39344],[-8.70159,42.39719],[-8.70126,42.39914],[-8.70324,42.39704],[-8.70257,42.39587],[-8.70427,42.396],[-8.70272,42.39493],[-8.70636,42.39583],[-8.70521,42.39894],[-8.71085,42.39631],[-8.70964,42.39475],[-8.71417,42.39241],[-8.71552,42.38954],[-8.71912,42.38861],[-8.72078,42.38503],[-8.72603,42.38475],[-8.7298,42.37591],[-8.73511,42.37415],[-8.73686,42.37661],[-8.74055,42.36859],[-8.742,42.36747],[-8.7441,42.36816],[-8.74577,42.36574],[-8.74495,42.36152],[-8.75011,42.35066],[-8.75142,42.35071],[-8.75221,42.3437],[-8.74779,42.34204],[-8.7353,42.33082],[-8.73792,42.31993],[-8.73559,42.31795],[-8.72865,42.31903],[-8.71844,42.33203],[-8.70726,42.33318],[-8.69502,42.32981],[-8.68883,42.33058],[-8.69092,42.34539],[-8.67724,42.35246],[-8.67695,42.35735],[-8.66765,42.3775],[-8.67444,42.38798],[-8.68451,42.39299],[-8.69057,42.39799],[-8.69224,42.39919]]]]}},{"type":"Feature","properties":{"mun_code":"36035","mun_name":"Nigrán","mun_name_local":null,"prov_code":"36","prov_name":"Pontevedra","acom_code":"12","acom_name":"Galicia","geo_point_2d":{"lon":-8.790067844852423,"lat":42.1444665427978}},"geometry":{"type":"MultiPolygon","coordinates":[[[[-8.87739,42.14642],[-8.87593,42.14706],[-8.87783,42.14736],[-8.87784,42.14644],[-8.87739,42.14642]]],[[[-8.81782,42.16527],[-8.81861,42.16153],[-8.82188,42.15765],[-8.82941,42.15359],[-8.83445,42.15339],[-8.83873,42.15841],[-8.85007,42.15676],[-8.8507,42.15259],[-8.84923,42.14971],[-8.84331,42.14732],[-8.8421,42.14837],[-8.84082,42.14715],[-8.83958,42.1483],[-8.83841,42.14731],[-8.83597,42.14823],[-8.83224,42.14728],[-8.83,42.14834],[-8.82595,42.14551],[-8.82607,42.14232],[-8.8245,42.14147],[-8.82474,42.14329],[-8.82318,42.14344],[-8.82039,42.1418],[-8.81836,42.13584],[-8.81969,42.12886],[-8.82732,42.12339],[-8.82435,42.11904],[-8.82006,42.12032],[-8.81537,42.11638],[-8.80696,42.11268],[-8.80018,42.11369],[-8.79924,42.11186],[-8.79244,42.1118],[-8.7863,42.1137],[-8.78036,42.11153],[-8.7768,42.11512],[-8.7726,42.1245],[-8.75921,42.13054],[-8.75912,42.13534],[-8.75703,42.13649],[-8.75333,42.1464],[-8.74548,42.15528],[-8.74652,42.15861],[-8.73777,42.16607],[-8.75257,42.17296],[-8.7588,42.17359],[-8.76697,42.17038],[-8.78289,42.16889],[-8.79111,42.16673],[-8.79628,42.16742],[-8.81574,42.1644],[-8.81663,42.16525],[-8.81782,42.16527]]],[[[-8.85587,42.14459],[-8.85323,42.14525],[-8.85572,42.14861],[-8.85751,42.14714],[-8.85598,42.14481],[-8.85587,42.14459]]],[[[-8.86603,42.14523],[-8.8629,42.14529],[-8.86298,42.14742],[-8.86642,42.14705],[-8.86595,42.14558],[-8.86603,42.14523]]],[[[-8.87551,42.14727],[-8.87443,42.14755],[-8.87581,42.14749],[-8.87551,42.14727]]]]}},{"type":"Feature","properties":{"mun_code":"36050","mun_name":"Salvaterra de Miño","mun_name_local":null,"prov_code":"36","prov_name":"Pontevedra","acom_code":"12","acom_name":"Galicia","geo_point_2d":{"lon":-8.485213215543537,"lat":42.112942906918185}},"geometry":{"type":"MultiPolygon","coordinates":[[[[-8.4164,42.18398],[-8.41717,42.17335],[-8.42196,42.1636],[-8.41723,42.16233],[-8.41119,42.16319],[-8.4089,42.16576],[-8.39289,42.16872],[-8.39581,42.17358],[-8.39264,42.17728],[-8.39008,42.17768],[-8.40768,42.18372],[-8.4164,42.18398]]],[[[-8.55301,42.06496],[-8.55736,42.05728],[-8.55532,42.05295],[-8.54605,42.05419],[-8.52482,42.06292],[-8.52415,42.06433],[-8.52838,42.07363],[-8.52465,42.0778],[-8.50154,42.07792],[-8.48609,42.08191],[-8.47883,42.08049],[-8.45381,42.08205],[-8.4545,42.09581],[-8.44738,42.10221],[-8.43977,42.10611],[-8.43301,42.1191],[-8.44391,42.12413],[-8.44266,42.129],[-8.44544,42.14546],[-8.45095,42.14539],[-8.45201,42.14395],[-8.45315,42.15706],[-8.45544,42.16099],[-8.4601,42.16263],[-8.46832,42.16166],[-8.47528,42.1587],[-8.47139,42.14658],[-8.47158,42.13966],[-8.47738,42.14382],[-8.48466,42.14587],[-8.49041,42.14535],[-8.50161,42.14053],[-8.50497,42.1403],[-8.50781,42.12844],[-8.50999,42.12571],[-8.50532,42.11999],[-8.50528,42.11016],[-8.52101,42.11318],[-8.536,42.12126],[-8.54146,42.10857],[-8.54006,42.10188],[-8.54615,42.10201],[-8.54968,42.09587],[-8.54717,42.08613],[-8.54894,42.08422],[-8.5472,42.08189],[-8.54891,42.07558],[-8.54755,42.07313],[-8.55225,42.06643],[-8.55301,42.06496]]],[[[-8.42327,42.15961],[-8.42544,42.15706],[-8.42689,42.15793],[-8.42657,42.16045],[-8.42958,42.16231],[-8.43262,42.16282],[-8.43355,42.15984],[-8.43863,42.16382],[-8.44131,42.16321],[-8.44193,42.15043],[-8.43065,42.14849],[-8.41795,42.14288],[-8.41965,42.14757],[-8.4258,42.15466],[-8.42259,42.15865],[-8.42327,42.15961]]]]}},{"type":"Feature","properties":{"mun_code":"36006","mun_name":"Cambados","mun_name_local":null,"prov_code":"36","prov_name":"Pontevedra","acom_code":"12","acom_name":"Galicia","geo_point_2d":{"lon":-8.801273728158618,"lat":42.50556295514724}},"geometry":{"type":"MultiPolygon","coordinates":[[[[-8.83212,42.47026],[-8.83069,42.47048],[-8.8322,42.47038],[-8.83212,42.47026]]],[[[-8.83718,42.48084],[-8.8358,42.48286],[-8.83875,42.48286],[-8.8374,42.48165],[-8.83718,42.48084]]],[[[-8.81853,42.51183],[-8.8177,42.51295],[-8.8186,42.51215],[-8.81853,42.51183]]],[[[-8.80532,42.5008],[-8.80975,42.49738],[-8.80881,42.49657],[-8.80773,42.49766],[-8.80872,42.49421],[-8.81018,42.49342],[-8.81169,42.49496],[-8.81349,42.4921],[-8.81399,42.49379],[-8.81866,42.48977],[-8.81934,42.49213],[-8.82483,42.49448],[-8.82755,42.49084],[-8.82707,42.48806],[-8.82884,42.48799],[-8.83068,42.48472],[-8.83105,42.48233],[-8.82647,42.47828],[-8.82616,42.47511],[-8.82975,42.47132],[-8.82872,42.46965],[-8.82506,42.46981],[-8.82089,42.46761],[-8.82314,42.46539],[-8.82157,42.45894],[-8.8096,42.46087],[-8.80617,42.46425],[-8.79937,42.46744],[-8.80145,42.47321],[-8.79664,42.47844],[-8.79699,42.48467],[-8.7995,42.48881],[-8.79926,42.4981],[-8.80366,42.49989],[-8.80532,42.5008]]],[[[-8.81603,42.49617],[-8.81415,42.4969],[-8.8164,42.49683],[-8.81603,42.49617]]],[[[-8.82052,42.49685],[-8.81857,42.49836],[-8.82057,42.49758],[-8.82052,42.49685]]],[[[-8.75617,42.53448],[-8.76047,42.53627],[-8.76247,42.53559],[-8.76973,42.53915],[-8.77348,42.53741],[-8.77454,42.53401],[-8.77854,42.53171],[-8.77706,42.52715],[-8.78273,42.52397],[-8.79082,42.52763],[-8.78907,42.53326],[-8.79086,42.5379],[-8.79378,42.53722],[-8.79593,42.54107],[-8.80195,42.53765],[-8.826,42.53116],[-8.82826,42.52964],[-8.82669,42.52941],[-8.82577,42.52657],[-8.82688,42.52188],[-8.82937,42.51995],[-8.82713,42.51635],[-8.82861,42.51832],[-8.82315,42.5208],[-8.8212,42.52],[-8.82321,42.52189],[-8.81875,42.51987],[-8.8222,42.52205],[-8.82153,42.52302],[-8.81369,42.52844],[-8.81268,42.52765],[-8.81647,42.52509],[-8.81478,42.52475],[-8.81756,42.51915],[-8.82193,42.51957],[-8.82105,42.51847],[-8.82535,42.51653],[-8.81841,42.5195],[-8.81545,42.5171],[-8.81727,42.51411],[-8.81966,42.51435],[-8.81677,42.51304],[-8.81717,42.5093],[-8.81906,42.50907],[-8.8199,42.51239],[-8.8204,42.51157],[-8.81956,42.50804],[-8.81611,42.50557],[-8.81834,42.50228],[-8.81489,42.50185],[-8.81318,42.49768],[-8.81076,42.50122],[-8.80791,42.50217],[-8.81116,42.49936],[-8.80003,42.50494],[-8.79244,42.50557],[-8.78642,42.50076],[-8.77746,42.50207],[-8.77582,42.50479],[-8.77557,42.51396],[-8.77688,42.51887],[-8.78211,42.52391],[-8.77892,42.52462],[-8.76412,42.5201],[-8.75888,42.5246],[-8.75624,42.53434],[-8.75617,42.53448]]]]}}]}