{"type":"FeatureCollection","features":[{"type":"Feature","properties":{"mun_code":"37347","mun_name":"La Vellés","mun_name_local":null,"prov_code":"37","prov_name":"Salamanca","acom_code":"07","acom_name":"Castilla y León","geo_point_2d":{"lon":-5.568220308521534,"lat":41.07886908363774}},"geometry":{"type":"Polygon","coordinates":[[[-5.6392,41.05489],[-5.63852,41.05234],[-5.63456,41.05098],[-5.63372,41.04789],[-5.62508,41.04753],[-5.62038,41.05003],[-5.61436,41.0494],[-5.60578,41.05346],[-5.60219,41.05141],[-5.60443,41.04968],[-5.60223,41.04852],[-5.59651,41.0542],[-5.58968,41.04755],[-5.58434,41.04695],[-5.57758,41.04829],[-5.57111,41.05532],[-5.56485,41.06868],[-5.56115,41.07035],[-5.55969,41.07408],[-5.54529,41.0748],[-5.53563,41.07835],[-5.53248,41.08079],[-5.52963,41.08014],[-5.52579,41.08175],[-5.52693,41.08502],[-5.52577,41.09127],[-5.52318,41.09283],[-5.52379,41.09543],[-5.52656,41.09488],[-5.52645,41.09871],[-5.52203,41.09955],[-5.51983,41.10146],[-5.52109,41.10267],[-5.52037,41.10631],[-5.51738,41.11146],[-5.51958,41.11451],[-5.52053,41.12106],[-5.51899,41.12134],[-5.51901,41.12603],[-5.51626,41.12646],[-5.51759,41.12803],[-5.52289,41.12861],[-5.52504,41.12939],[-5.5245,41.13045],[-5.53193,41.12655],[-5.53326,41.12],[-5.53547,41.11895],[-5.53542,41.1149],[-5.54037,41.11498],[-5.54342,41.1022],[-5.54816,41.09639],[-5.54824,41.09242],[-5.54667,41.09067],[-5.55438,41.08786],[-5.56093,41.08306],[-5.56037,41.08079],[-5.56374,41.08064],[-5.56545,41.08342],[-5.56833,41.08267],[-5.57826,41.0884],[-5.57983,41.08577],[-5.58372,41.08463],[-5.58607,41.08226],[-5.58802,41.08285],[-5.58617,41.08102],[-5.59066,41.07851],[-5.58959,41.07598],[-5.59113,41.07478],[-5.5972,41.07431],[-5.59664,41.07306],[-5.60047,41.07138],[-5.60371,41.06143],[-5.61179,41.05925],[-5.61372,41.06157],[-5.61792,41.0621],[-5.61842,41.06047],[-5.62264,41.06274],[-5.62458,41.06058],[-5.62772,41.06143],[-5.62677,41.06469],[-5.63304,41.06525],[-5.63351,41.06085],[-5.63531,41.06167],[-5.63855,41.05968],[-5.63735,41.05788],[-5.6392,41.05489]]]}},{"type":"Feature","properties":{"mun_code":"37174","mun_name":"Macotera","mun_name_local":null,"prov_code":"37","prov_name":"Salamanca","acom_code":"07","acom_name":"Castilla y León","geo_point_2d":{"lon":-5.296714615163736,"lat":40.83725778626978}},"geometry":{"type":"Polygon","coordinates":[[[-5.35285,40.82144],[-5.34478,40.81714],[-5.34597,40.81609],[-5.34448,40.81011],[-5.33597,40.8049],[-5.33271,40.81068],[-5.32928,40.80926],[-5.32399,40.8132],[-5.32275,40.81659],[-5.31568,40.82058],[-5.3078,40.81858],[-5.30189,40.82084],[-5.29944,40.81945],[-5.30008,40.81784],[-5.29625,40.81749],[-5.29811,40.81491],[-5.29549,40.81527],[-5.29575,40.81329],[-5.29417,40.81314],[-5.28744,40.81819],[-5.28065,40.81903],[-5.27847,40.82081],[-5.27794,40.81972],[-5.2745,40.82122],[-5.27104,40.82087],[-5.25815,40.83054],[-5.24601,40.83356],[-5.24161,40.83572],[-5.24368,40.8365],[-5.24177,40.83764],[-5.24768,40.83741],[-5.24842,40.83822],[-5.24525,40.84012],[-5.24977,40.84273],[-5.24931,40.84545],[-5.25174,40.84483],[-5.2545,40.84677],[-5.25297,40.84915],[-5.25401,40.85179],[-5.25106,40.85403],[-5.25356,40.8574],[-5.25707,40.85762],[-5.25474,40.85794],[-5.25603,40.86],[-5.26642,40.86176],[-5.27568,40.86011],[-5.27815,40.8625],[-5.27955,40.86119],[-5.28244,40.86255],[-5.2858,40.86575],[-5.2896,40.86292],[-5.29623,40.86357],[-5.29859,40.86186],[-5.30034,40.86306],[-5.30436,40.86072],[-5.30853,40.86137],[-5.31149,40.86501],[-5.31401,40.86334],[-5.31207,40.86057],[-5.31057,40.86133],[-5.30961,40.85875],[-5.31407,40.85672],[-5.32788,40.84043],[-5.33246,40.84416],[-5.33235,40.84001],[-5.33047,40.83892],[-5.3407,40.83492],[-5.34405,40.83024],[-5.34435,40.82613],[-5.35141,40.822],[-5.35285,40.82144]]]}},{"type":"Feature","properties":{"mun_code":"37256","mun_name":"Poveda de las Cintas","mun_name_local":null,"prov_code":"37","prov_name":"Salamanca","acom_code":"07","acom_name":"Castilla y León","geo_point_2d":{"lon":-5.264578888359594,"lat":41.04141006594296}},"geometry":{"type":"Polygon","coordinates":[[[-5.29798,41.04259],[-5.29667,41.03973],[-5.2904,41.03846],[-5.2881,41.04255],[-5.28567,41.04225],[-5.29037,41.03347],[-5.28857,41.03016],[-5.28408,41.02918],[-5.28485,41.02539],[-5.27394,41.01586],[-5.27044,41.01707],[-5.26601,41.01153],[-5.2576,41.01284],[-5.24822,41.01795],[-5.24815,41.02003],[-5.23541,41.02303],[-5.23009,41.02945],[-5.2337,41.03834],[-5.23958,41.04549],[-5.23969,41.05471],[-5.24351,41.05532],[-5.24296,41.05714],[-5.24485,41.05843],[-5.24827,41.05726],[-5.25355,41.05883],[-5.25469,41.05996],[-5.25369,41.06098],[-5.25722,41.06235],[-5.26041,41.0662],[-5.25862,41.06912],[-5.26291,41.06951],[-5.26376,41.07111],[-5.26734,41.06967],[-5.27169,41.07314],[-5.27518,41.06861],[-5.2779,41.06852],[-5.27817,41.06644],[-5.28851,41.06549],[-5.28777,41.06107],[-5.29386,41.05817],[-5.29201,41.0551],[-5.29546,41.052],[-5.29745,41.04629],[-5.29468,41.04558],[-5.29714,41.04266],[-5.29798,41.04259]]]}},{"type":"Feature","properties":{"mun_code":"37194","mun_name":"Mogarraz","mun_name_local":null,"prov_code":"37","prov_name":"Salamanca","acom_code":"07","acom_name":"Castilla y León","geo_point_2d":{"lon":-6.059814087490525,"lat":40.50090121619322}},"geometry":{"type":"Polygon","coordinates":[[[-6.08403,40.50911],[-6.07518,40.50625],[-6.07363,40.48562],[-6.0655,40.48508],[-6.06118,40.48931],[-6.05678,40.49062],[-6.04602,40.48707],[-6.03381,40.49078],[-6.03097,40.49415],[-6.03695,40.49575],[-6.04143,40.50312],[-6.04678,40.50512],[-6.05156,40.51152],[-6.05669,40.51469],[-6.06312,40.51492],[-6.06909,40.51717],[-6.07828,40.51674],[-6.08225,40.51148],[-6.08403,40.50911]]]}},{"type":"Feature","properties":{"mun_code":"37206","mun_name":"Moríñigo","mun_name_local":null,"prov_code":"37","prov_name":"Salamanca","acom_code":"07","acom_name":"Castilla y León","geo_point_2d":{"lon":-5.396115669309163,"lat":40.96397734554075}},"geometry":{"type":"Polygon","coordinates":[[[-5.41261,40.95495],[-5.40362,40.95752],[-5.40115,40.95528],[-5.39207,40.95423],[-5.37863,40.9492],[-5.37252,40.9493],[-5.36671,40.9533],[-5.36825,40.95614],[-5.37719,40.96084],[-5.38167,40.96589],[-5.38331,40.97064],[-5.38988,40.97122],[-5.39259,40.97447],[-5.40566,40.98147],[-5.40386,40.9839],[-5.41266,40.97569],[-5.42021,40.97263],[-5.41299,40.95583],[-5.41261,40.95495]]]}},{"type":"Feature","properties":{"mun_code":"37238","mun_name":"Pedrosillo el Ralo","mun_name_local":null,"prov_code":"37","prov_name":"Salamanca","acom_code":"07","acom_name":"Castilla y León","geo_point_2d":{"lon":-5.55531230018277,"lat":41.05879591339116}},"geometry":{"type":"Polygon","coordinates":[[[-5.57758,41.04829],[-5.56678,41.04265],[-5.56166,41.04314],[-5.5577,41.0409],[-5.55946,41.04408],[-5.54707,41.04563],[-5.54692,41.0472],[-5.54449,41.04725],[-5.5433,41.04994],[-5.54476,41.05191],[-5.53869,41.057],[-5.54391,41.06137],[-5.54149,41.06312],[-5.53687,41.06306],[-5.53776,41.06858],[-5.53657,41.07048],[-5.54022,41.07637],[-5.54381,41.07619],[-5.54529,41.0748],[-5.55969,41.07408],[-5.56115,41.07035],[-5.56446,41.0693],[-5.57111,41.05532],[-5.57627,41.04932],[-5.57758,41.04829]]]}},{"type":"Feature","properties":{"mun_code":"37100","mun_name":"Cerezal de Peñahorcada","mun_name_local":null,"prov_code":"37","prov_name":"Salamanca","acom_code":"07","acom_name":"Castilla y León","geo_point_2d":{"lon":-6.652870232431743,"lat":41.12727122568633}},"geometry":{"type":"Polygon","coordinates":[[[-6.68553,41.12955],[-6.66832,41.1092],[-6.67223,41.10427],[-6.65099,41.10708],[-6.64894,41.10543],[-6.64501,41.10628],[-6.63777,41.10869],[-6.63313,41.11179],[-6.62576,41.11345],[-6.62274,41.11661],[-6.62589,41.12063],[-6.6252,41.12749],[-6.63405,41.14201],[-6.65268,41.15292],[-6.66763,41.1464],[-6.67206,41.14237],[-6.67528,41.13585],[-6.68418,41.12995],[-6.68553,41.12955]]]}},{"type":"Feature","properties":{"mun_code":"37274","mun_name":"Salamanca","mun_name_local":null,"prov_code":"37","prov_name":"Salamanca","acom_code":"07","acom_name":"Castilla y León","geo_point_2d":{"lon":-5.679720466371888,"lat":40.961669141567974}},"geometry":{"type":"Polygon","coordinates":[[[-5.73284,40.94966],[-5.72973,40.94336],[-5.72846,40.93094],[-5.71811,40.9375],[-5.70736,40.94128],[-5.7069,40.93595],[-5.69804,40.93979],[-5.6963,40.93606],[-5.6956,40.9407],[-5.69415,40.94152],[-5.69569,40.94413],[-5.6921,40.94578],[-5.69057,40.94423],[-5.68864,40.94459],[-5.68261,40.9483],[-5.67897,40.94488],[-5.68286,40.93927],[-5.68993,40.94433],[-5.69127,40.94389],[-5.68932,40.94002],[-5.69044,40.93965],[-5.68571,40.93743],[-5.68452,40.93834],[-5.68503,40.93667],[-5.68029,40.93549],[-5.68083,40.93265],[-5.67948,40.93217],[-5.68084,40.92921],[-5.67816,40.925],[-5.68165,40.92099],[-5.68492,40.92316],[-5.68452,40.9217],[-5.68592,40.9213],[-5.68357,40.9195],[-5.68411,40.91499],[-5.68238,40.91468],[-5.68252,40.91656],[-5.67356,40.92027],[-5.67107,40.92552],[-5.67372,40.93125],[-5.66343,40.93522],[-5.66303,40.93868],[-5.66035,40.94015],[-5.65943,40.94267],[-5.65991,40.94561],[-5.65631,40.94878],[-5.65514,40.95501],[-5.64336,40.96006],[-5.64116,40.95916],[-5.63649,40.95281],[-5.62936,40.95306],[-5.63651,40.96376],[-5.62267,40.96929],[-5.62595,40.97396],[-5.62375,40.97619],[-5.62499,40.98114],[-5.6334,40.98493],[-5.64251,40.98573],[-5.64242,40.98679],[-5.6504,40.99157],[-5.65253,40.99133],[-5.65614,40.99372],[-5.66017,40.99409],[-5.66363,40.99169],[-5.6657,40.99296],[-5.67104,40.99211],[-5.67386,40.98727],[-5.67543,40.98697],[-5.67632,40.98834],[-5.67868,40.98772],[-5.68231,40.98504],[-5.68258,40.98294],[-5.6938,40.98246],[-5.69445,40.97909],[-5.69675,40.97777],[-5.69872,40.97823],[-5.6996,40.97692],[-5.70795,40.9796],[-5.71178,40.97814],[-5.7112,40.97443],[-5.71443,40.97039],[-5.71826,40.96919],[-5.72087,40.97027],[-5.72326,40.96711],[-5.73075,40.96862],[-5.73588,40.96231],[-5.729,40.96005],[-5.73117,40.95512],[-5.73059,40.95375],[-5.7281,40.95328],[-5.73127,40.95061],[-5.73284,40.94966]]]}},{"type":"Feature","properties":{"mun_code":"37082","mun_name":"Cantalpino","mun_name_local":null,"prov_code":"37","prov_name":"Salamanca","acom_code":"07","acom_name":"Castilla y León","geo_point_2d":{"lon":-5.3290093008203465,"lat":41.081678114125616}},"geometry":{"type":"Polygon","coordinates":[[[-5.38377,41.13433],[-5.38412,41.13027],[-5.38169,41.128],[-5.38359,41.12696],[-5.38113,41.12412],[-5.38259,41.12169],[-5.37878,41.11981],[-5.37818,41.11759],[-5.38067,41.11648],[-5.37654,41.1117],[-5.37703,41.11046],[-5.37235,41.11113],[-5.3686,41.10696],[-5.36961,41.10528],[-5.36586,41.10513],[-5.36829,41.09742],[-5.36732,41.09226],[-5.37147,41.08051],[-5.38152,41.07122],[-5.37026,41.07537],[-5.36611,41.07128],[-5.36662,41.06742],[-5.36379,41.06375],[-5.36598,41.06286],[-5.36297,41.05863],[-5.36057,41.05893],[-5.35872,41.05665],[-5.36173,41.05576],[-5.36286,41.05251],[-5.36183,41.05098],[-5.36523,41.04896],[-5.35984,41.04251],[-5.35664,41.04182],[-5.356,41.03845],[-5.35876,41.0359],[-5.3565,41.03316],[-5.36038,41.02969],[-5.35141,41.02051],[-5.34439,41.02008],[-5.33335,41.01427],[-5.33544,41.0168],[-5.32794,41.02065],[-5.32343,41.02835],[-5.32111,41.02849],[-5.3149,41.03239],[-5.31163,41.03254],[-5.3103,41.03459],[-5.31309,41.0362],[-5.30799,41.03852],[-5.3043,41.03764],[-5.30428,41.04003],[-5.2992,41.0432],[-5.29585,41.0427],[-5.29468,41.04586],[-5.29745,41.04629],[-5.29546,41.052],[-5.29201,41.0551],[-5.29386,41.05817],[-5.28777,41.06107],[-5.28851,41.06549],[-5.27817,41.06644],[-5.2779,41.06852],[-5.27518,41.06861],[-5.27093,41.07349],[-5.27033,41.07463],[-5.27243,41.07582],[-5.27062,41.07931],[-5.27425,41.08117],[-5.27029,41.08278],[-5.2724,41.08499],[-5.27693,41.08311],[-5.26821,41.08878],[-5.27502,41.0866],[-5.27151,41.0889],[-5.27291,41.09181],[-5.28007,41.09368],[-5.27708,41.09416],[-5.2785,41.09922],[-5.28133,41.09797],[-5.27938,41.09991],[-5.284,41.10987],[-5.2862,41.11165],[-5.28378,41.1129],[-5.28503,41.11376],[-5.28109,41.12019],[-5.28787,41.12146],[-5.29493,41.12687],[-5.31605,41.1191],[-5.32895,41.11717],[-5.33185,41.11798],[-5.32879,41.12119],[-5.32981,41.12253],[-5.33255,41.12458],[-5.34077,41.12345],[-5.34771,41.13345],[-5.35268,41.1334],[-5.35699,41.14082],[-5.36201,41.1389],[-5.37075,41.13831],[-5.38156,41.13479],[-5.38377,41.13433]]]}},{"type":"Feature","properties":{"mun_code":"37143","mun_name":"Galinduste","mun_name_local":null,"prov_code":"37","prov_name":"Salamanca","acom_code":"07","acom_name":"Castilla y León","geo_point_2d":{"lon":-5.526970330554898,"lat":40.66215771736649}},"geometry":{"type":"Polygon","coordinates":[[[-5.54383,40.69067],[-5.55052,40.69065],[-5.55257,40.68045],[-5.55146,40.67551],[-5.55335,40.67583],[-5.55321,40.6734],[-5.55745,40.67068],[-5.55876,40.67192],[-5.56279,40.6712],[-5.56626,40.66431],[-5.56065,40.65601],[-5.5542,40.65441],[-5.5486,40.64651],[-5.54692,40.64707],[-5.54651,40.64488],[-5.5528,40.63811],[-5.54701,40.63036],[-5.54089,40.62799],[-5.53237,40.62715],[-5.53028,40.62859],[-5.52289,40.62682],[-5.51822,40.63112],[-5.5168,40.63799],[-5.51207,40.63917],[-5.50573,40.63827],[-5.50259,40.63969],[-5.50143,40.64592],[-5.50335,40.64879],[-5.50169,40.65222],[-5.4942,40.65833],[-5.48923,40.6695],[-5.49294,40.67263],[-5.49794,40.68214],[-5.49842,40.68478],[-5.49615,40.68693],[-5.50862,40.68783],[-5.51057,40.69091],[-5.51506,40.69204],[-5.51596,40.69509],[-5.52102,40.6965],[-5.52594,40.69467],[-5.53025,40.6886],[-5.53368,40.68939],[-5.53681,40.6883],[-5.53933,40.68988],[-5.54163,40.68804],[-5.54389,40.68918],[-5.54349,40.69026],[-5.54383,40.69067]]]}},{"type":"Feature","properties":{"mun_code":"53071","mun_name":"Coto Mancomunado","mun_name_local":null,"prov_code":"37","prov_name":"Salamanca","acom_code":"07","acom_name":"Castilla y León","geo_point_2d":{"lon":-5.534627905923198,"lat":41.05812751170011}},"geometry":{"type":"Polygon","coordinates":[[[-5.53869,41.057],[-5.53535,41.05384],[-5.52876,41.05493],[-5.52474,41.05301],[-5.5257,41.05742],[-5.53107,41.0589],[-5.53687,41.06306],[-5.54149,41.06312],[-5.54391,41.06137],[-5.53964,41.05752],[-5.53869,41.057]]]}},{"type":"Feature","properties":{"mun_code":"37196","mun_name":"Monforte de la Sierra","mun_name_local":null,"prov_code":"37","prov_name":"Salamanca","acom_code":"07","acom_name":"Castilla y León","geo_point_2d":{"lon":-6.061416055941036,"lat":40.47943584683131}},"geometry":{"type":"Polygon","coordinates":[[[-6.07363,40.48562],[-6.07344,40.47959],[-6.07859,40.47222],[-6.0766,40.46897],[-6.07139,40.46751],[-6.0474,40.47759],[-6.04452,40.48007],[-6.04366,40.48322],[-6.04602,40.48707],[-6.05678,40.49062],[-6.06118,40.48931],[-6.0655,40.48508],[-6.07031,40.48571],[-6.07363,40.48562]]]}},{"type":"Feature","properties":{"mun_code":"37001","mun_name":"Abusejo","mun_name_local":null,"prov_code":"37","prov_name":"Salamanca","acom_code":"07","acom_name":"Castilla y León","geo_point_2d":{"lon":-6.135164532158265,"lat":40.705555078527944}},"geometry":{"type":"Polygon","coordinates":[[[-6.16338,40.71518],[-6.16204,40.71206],[-6.16227,40.70823],[-6.16497,40.70779],[-6.16395,40.7002],[-6.15992,40.6956],[-6.15809,40.68902],[-6.15239,40.67971],[-6.15004,40.67788],[-6.14564,40.6773],[-6.13007,40.68118],[-6.10476,40.69121],[-6.09644,40.69622],[-6.09654,40.70362],[-6.10219,40.70412],[-6.11072,40.70868],[-6.11286,40.71449],[-6.11593,40.71715],[-6.12325,40.71663],[-6.12423,40.72742],[-6.13595,40.73229],[-6.13522,40.73687],[-6.13837,40.73859],[-6.14327,40.74712],[-6.14831,40.74381],[-6.14605,40.73781],[-6.14811,40.73586],[-6.14765,40.73061],[-6.14933,40.7268],[-6.16237,40.71553],[-6.16338,40.71518]]]}},{"type":"Feature","properties":{"mun_code":"37042","mun_name":"Barceo","mun_name_local":null,"prov_code":"37","prov_name":"Salamanca","acom_code":"07","acom_name":"Castilla y León","geo_point_2d":{"lon":-6.454836749379591,"lat":41.0661619308161}},"geometry":{"type":"Polygon","coordinates":[[[-6.48833,41.07076],[-6.48535,41.06468],[-6.48406,41.05658],[-6.47276,41.04589],[-6.47033,41.04424],[-6.45541,41.04094],[-6.45359,41.03883],[-6.44879,41.04155],[-6.44405,41.04759],[-6.42148,41.06383],[-6.41089,41.06565],[-6.42336,41.07429],[-6.43112,41.07684],[-6.43937,41.08173],[-6.44861,41.09351],[-6.45358,41.08987],[-6.46329,41.08945],[-6.468,41.08781],[-6.4786,41.07889],[-6.48239,41.07741],[-6.48833,41.07076]]]}},{"type":"Feature","properties":{"mun_code":"37359","mun_name":"Villar de la Yegua","mun_name_local":null,"prov_code":"37","prov_name":"Salamanca","acom_code":"07","acom_name":"Castilla y León","geo_point_2d":{"lon":-6.704058045343786,"lat":40.72356586573879}},"geometry":{"type":"Polygon","coordinates":[[[-6.76563,40.67275],[-6.75972,40.67642],[-6.76099,40.67775],[-6.75466,40.678],[-6.75312,40.67673],[-6.74981,40.67863],[-6.74341,40.67817],[-6.73558,40.68071],[-6.73236,40.67949],[-6.73008,40.68225],[-6.72824,40.68083],[-6.72509,40.6842],[-6.72271,40.68267],[-6.72199,40.68523],[-6.7199,40.68358],[-6.71566,40.68645],[-6.71387,40.68464],[-6.70801,40.68526],[-6.70881,40.68735],[-6.70423,40.69021],[-6.7058,40.69273],[-6.70256,40.69377],[-6.70265,40.69723],[-6.69984,40.6982],[-6.69889,40.69699],[-6.68278,40.69799],[-6.68392,40.69567],[-6.68067,40.6973],[-6.67548,40.69497],[-6.66915,40.69403],[-6.66456,40.69385],[-6.66332,40.69598],[-6.6614,40.69583],[-6.66009,40.69861],[-6.66213,40.70382],[-6.66176,40.70886],[-6.65809,40.71797],[-6.65945,40.72059],[-6.66644,40.72344],[-6.66992,40.72671],[-6.66575,40.73173],[-6.66377,40.739],[-6.66578,40.744],[-6.66527,40.74847],[-6.6695,40.75058],[-6.66698,40.75725],[-6.66691,40.76635],[-6.66842,40.76955],[-6.66693,40.77784],[-6.66887,40.78488],[-6.67262,40.78446],[-6.67712,40.77977],[-6.68522,40.77709],[-6.69925,40.77819],[-6.70072,40.77671],[-6.70204,40.77108],[-6.7084,40.76027],[-6.71852,40.74905],[-6.71749,40.74321],[-6.71992,40.74277],[-6.71744,40.73121],[-6.72978,40.72669],[-6.72973,40.72141],[-6.7318,40.72128],[-6.73262,40.72254],[-6.7362,40.72142],[-6.73563,40.72327],[-6.7377,40.72289],[-6.7426,40.7215],[-6.74334,40.71833],[-6.75085,40.71647],[-6.75369,40.71735],[-6.75521,40.7155],[-6.75584,40.71638],[-6.75823,40.7157],[-6.7592,40.72061],[-6.76366,40.71891],[-6.76506,40.71626],[-6.76167,40.71103],[-6.75532,40.71152],[-6.74971,40.70501],[-6.74728,40.70585],[-6.74648,40.70457],[-6.75335,40.70135],[-6.75215,40.69881],[-6.75588,40.6972],[-6.75219,40.69569],[-6.76196,40.68949],[-6.75969,40.6874],[-6.76341,40.68591],[-6.76429,40.68164],[-6.7691,40.68],[-6.76614,40.67406],[-6.76563,40.67275]]]}},{"type":"Feature","properties":{"mun_code":"37151","mun_name":"Golpejas","mun_name_local":null,"prov_code":"37","prov_name":"Salamanca","acom_code":"07","acom_name":"Castilla y León","geo_point_2d":{"lon":-5.91051687310534,"lat":41.000035919553234}},"geometry":{"type":"Polygon","coordinates":[[[-5.94005,41.01165],[-5.94291,41.00782],[-5.93836,41.00645],[-5.94059,41.00346],[-5.93406,41.00004],[-5.93118,41.0006],[-5.92969,40.99622],[-5.92754,40.9959],[-5.92261,40.98808],[-5.90524,40.98499],[-5.89786,40.98135],[-5.8972,40.98236],[-5.89348,40.9818],[-5.89228,40.98665],[-5.88758,40.98584],[-5.88654,40.98902],[-5.88838,40.99072],[-5.88166,40.99911],[-5.88354,41.0051],[-5.88551,41.00641],[-5.89018,41.0064],[-5.89357,41.0087],[-5.89652,41.00808],[-5.91011,41.01219],[-5.9095,41.01338],[-5.9167,41.01386],[-5.92468,41.01858],[-5.92753,41.01453],[-5.93848,41.01286],[-5.94005,41.01165]]]}},{"type":"Feature","properties":{"mun_code":"37096","mun_name":"Castillejo de Martín Viejo","mun_name_local":null,"prov_code":"37","prov_name":"Salamanca","acom_code":"07","acom_name":"Castilla y León","geo_point_2d":{"lon":-6.573268213682259,"lat":40.731866872888666}},"geometry":{"type":"Polygon","coordinates":[[[-6.66795,40.78071],[-6.66698,40.75725],[-6.6695,40.75058],[-6.66527,40.74847],[-6.66578,40.744],[-6.66377,40.739],[-6.66575,40.73173],[-6.66992,40.72671],[-6.66644,40.72344],[-6.65945,40.72059],[-6.65809,40.71797],[-6.66156,40.70961],[-6.66213,40.70382],[-6.66009,40.69861],[-6.66153,40.69467],[-6.65798,40.69024],[-6.65893,40.68474],[-6.65606,40.68344],[-6.64513,40.68362],[-6.64193,40.68583],[-6.63248,40.68782],[-6.62896,40.69124],[-6.62259,40.69065],[-6.61797,40.6949],[-6.6151,40.69541],[-6.60724,40.68946],[-6.60944,40.6865],[-6.60916,40.68273],[-6.60422,40.67932],[-6.58879,40.67399],[-6.57642,40.67522],[-6.56993,40.68394],[-6.56194,40.68927],[-6.55497,40.68671],[-6.54411,40.68628],[-6.53563,40.69091],[-6.53721,40.69334],[-6.53528,40.69799],[-6.52571,40.70027],[-6.51677,40.69756],[-6.51284,40.70315],[-6.50688,40.70014],[-6.49058,40.68591],[-6.47739,40.68528],[-6.46146,40.69263],[-6.46061,40.69884],[-6.46324,40.70303],[-6.46354,40.71225],[-6.46777,40.71847],[-6.47497,40.72381],[-6.48248,40.7359],[-6.48538,40.74855],[-6.48531,40.75568],[-6.48819,40.76053],[-6.50452,40.76485],[-6.51426,40.76553],[-6.52193,40.77281],[-6.53133,40.77675],[-6.53303,40.7794],[-6.53797,40.78127],[-6.55278,40.78127],[-6.56333,40.7847],[-6.57886,40.78289],[-6.595,40.78518],[-6.61397,40.80034],[-6.61824,40.79695],[-6.61939,40.79306],[-6.62637,40.79235],[-6.63159,40.78888],[-6.63406,40.78397],[-6.63276,40.78105],[-6.62207,40.77821],[-6.61271,40.77896],[-6.61282,40.76898],[-6.60725,40.76597],[-6.59719,40.75716],[-6.59198,40.74665],[-6.58706,40.7427],[-6.57398,40.73703],[-6.57992,40.73094],[-6.58387,40.73152],[-6.58888,40.7293],[-6.59599,40.73403],[-6.59421,40.73938],[-6.59788,40.74441],[-6.59893,40.75284],[-6.60321,40.75468],[-6.61802,40.77192],[-6.62262,40.77286],[-6.62752,40.76538],[-6.63294,40.76382],[-6.64493,40.76612],[-6.64747,40.77205],[-6.65665,40.77438],[-6.65886,40.78071],[-6.66462,40.78206],[-6.66738,40.78082],[-6.66795,40.78071]]]}},{"type":"Feature","properties":{"mun_code":"37236","mun_name":"Pedrosillo de Alba","mun_name_local":null,"prov_code":"37","prov_name":"Salamanca","acom_code":"07","acom_name":"Castilla y León","geo_point_2d":{"lon":-5.403059430515015,"lat":40.81376355805064}},"geometry":{"type":"Polygon","coordinates":[[[-5.44137,40.79817],[-5.44001,40.79561],[-5.43131,40.79384],[-5.43238,40.79294],[-5.42057,40.789],[-5.41862,40.78697],[-5.4129,40.78863],[-5.41235,40.78543],[-5.40517,40.78687],[-5.40231,40.78963],[-5.40119,40.78848],[-5.39588,40.789],[-5.3938,40.79278],[-5.38769,40.78956],[-5.38555,40.79076],[-5.38665,40.79289],[-5.39355,40.79944],[-5.38921,40.80337],[-5.38991,40.80412],[-5.39356,40.80027],[-5.39374,40.80164],[-5.3956,40.80042],[-5.39853,40.80195],[-5.39954,40.80704],[-5.396,40.8089],[-5.39763,40.81023],[-5.39244,40.814],[-5.38943,40.81271],[-5.38366,40.81725],[-5.37184,40.82198],[-5.37012,40.82062],[-5.36757,40.82093],[-5.36389,40.82474],[-5.36057,40.82475],[-5.36602,40.83094],[-5.37055,40.82927],[-5.3742,40.8307],[-5.38477,40.84307],[-5.3882,40.84238],[-5.39161,40.84712],[-5.39577,40.84752],[-5.39798,40.8423],[-5.40208,40.84289],[-5.40249,40.84103],[-5.39848,40.84012],[-5.40156,40.83865],[-5.40405,40.83443],[-5.40325,40.83194],[-5.40928,40.82771],[-5.40204,40.82591],[-5.4034,40.82524],[-5.40273,40.82413],[-5.41003,40.82525],[-5.41381,40.82356],[-5.41466,40.82537],[-5.41961,40.82267],[-5.42375,40.8146],[-5.42961,40.81263],[-5.43028,40.81147],[-5.42637,40.81222],[-5.43033,40.81037],[-5.43087,40.81112],[-5.43202,40.80913],[-5.43422,40.80925],[-5.42908,40.80783],[-5.42948,40.80688],[-5.43376,40.80776],[-5.4307,40.80518],[-5.43457,40.80727],[-5.43316,40.80589],[-5.43782,40.80459],[-5.43506,40.80272],[-5.43448,40.80002],[-5.43942,40.80057],[-5.44119,40.79868],[-5.44137,40.79817]]]}},{"type":"Feature","properties":{"mun_code":"37366","mun_name":"Villarmuerto","mun_name_local":null,"prov_code":"37","prov_name":"Salamanca","acom_code":"07","acom_name":"Castilla y León","geo_point_2d":{"lon":-6.351102208715179,"lat":41.06489265211116}},"geometry":{"type":"Polygon","coordinates":[[[-6.39433,41.0646],[-6.39273,41.06379],[-6.39427,41.05905],[-6.39017,41.05215],[-6.38756,41.0388],[-6.3769,41.03586],[-6.37494,41.03368],[-6.36611,41.03367],[-6.35581,41.03054],[-6.34701,41.03183],[-6.34485,41.02985],[-6.33364,41.03499],[-6.3299,41.0397],[-6.3286,41.05723],[-6.32113,41.05826],[-6.31184,41.06945],[-6.30634,41.07127],[-6.30063,41.07859],[-6.30399,41.08034],[-6.3083,41.08917],[-6.32059,41.09508],[-6.31998,41.10038],[-6.32319,41.10101],[-6.35052,41.09079],[-6.35356,41.0873],[-6.35864,41.08614],[-6.37061,41.08801],[-6.38284,41.08754],[-6.3842,41.08249],[-6.38819,41.07839],[-6.38909,41.07391],[-6.39439,41.06528],[-6.39433,41.0646]]]}},{"type":"Feature","properties":{"mun_code":"37122","mun_name":"Encinas de Arriba","mun_name_local":null,"prov_code":"37","prov_name":"Salamanca","acom_code":"07","acom_name":"Castilla y León","geo_point_2d":{"lon":-5.565305159576151,"lat":40.76884970774295}},"geometry":{"type":"Polygon","coordinates":[[[-5.58952,40.77098],[-5.58159,40.76729],[-5.58291,40.76439],[-5.58032,40.76294],[-5.58082,40.76186],[-5.57274,40.75688],[-5.56754,40.75601],[-5.56659,40.75337],[-5.56446,40.75411],[-5.56432,40.75294],[-5.55739,40.75047],[-5.54822,40.75465],[-5.54736,40.75405],[-5.54585,40.75995],[-5.55365,40.76989],[-5.54918,40.78168],[-5.55338,40.78484],[-5.55735,40.78356],[-5.55913,40.78546],[-5.56136,40.78347],[-5.56447,40.78394],[-5.56559,40.78192],[-5.56913,40.78297],[-5.56925,40.78434],[-5.57153,40.78296],[-5.57544,40.78462],[-5.5838,40.7787],[-5.58647,40.77278],[-5.58865,40.77163],[-5.58952,40.77098]]]}},{"type":"Feature","properties":{"mun_code":"37097","mun_name":"Castraz","mun_name_local":null,"prov_code":"37","prov_name":"Salamanca","acom_code":"07","acom_name":"Castilla y León","geo_point_2d":{"lon":-6.321248601928881,"lat":40.71391535574503}},"geometry":{"type":"Polygon","coordinates":[[[-6.3467,40.68835],[-6.34272,40.68944],[-6.34232,40.68724],[-6.32775,40.6824],[-6.31882,40.68113],[-6.30455,40.69318],[-6.29439,40.69577],[-6.28137,40.69486],[-6.27645,40.69992],[-6.28471,40.70779],[-6.29608,40.70984],[-6.29811,40.71188],[-6.29778,40.71659],[-6.29623,40.71735],[-6.30552,40.73208],[-6.29399,40.74916],[-6.30256,40.74928],[-6.31692,40.75275],[-6.32851,40.74308],[-6.32892,40.736],[-6.33553,40.73766],[-6.34437,40.73298],[-6.35074,40.72713],[-6.35558,40.69919],[-6.35347,40.69403],[-6.3474,40.68865],[-6.3467,40.68835]]]}},{"type":"Feature","properties":{"mun_code":"37114","mun_name":"Chagarcía Medianero","mun_name_local":null,"prov_code":"37","prov_name":"Salamanca","acom_code":"07","acom_name":"Castilla y León","geo_point_2d":{"lon":-5.387877027786256,"lat":40.670341083081816}},"geometry":{"type":"Polygon","coordinates":[[[-5.41498,40.66649],[-5.41042,40.66401],[-5.39934,40.66693],[-5.3976,40.66047],[-5.39959,40.65877],[-5.39943,40.6541],[-5.39657,40.65347],[-5.39777,40.65204],[-5.39653,40.6477],[-5.38918,40.63795],[-5.38375,40.63612],[-5.38175,40.63069],[-5.37317,40.63881],[-5.37842,40.64549],[-5.36589,40.64877],[-5.37455,40.65638],[-5.38413,40.66165],[-5.387,40.66928],[-5.38546,40.67145],[-5.38058,40.67156],[-5.3777,40.67783],[-5.3685,40.68098],[-5.37016,40.68746],[-5.37354,40.69087],[-5.37537,40.69575],[-5.37281,40.69777],[-5.3766,40.69873],[-5.37889,40.70171],[-5.38245,40.70117],[-5.39036,40.70378],[-5.39575,40.69755],[-5.39594,40.69302],[-5.40177,40.68696],[-5.40077,40.68435],[-5.40378,40.6782],[-5.40797,40.67536],[-5.41363,40.66739],[-5.41498,40.66649]]]}},{"type":"Feature","properties":{"mun_code":"37262","mun_name":"Puertas","mun_name_local":null,"prov_code":"37","prov_name":"Salamanca","acom_code":"07","acom_name":"Castilla y León","geo_point_2d":{"lon":-6.266365214807007,"lat":41.1068339661173}},"geometry":{"type":"Polygon","coordinates":[[[-6.32765,41.1238],[-6.32605,41.11827],[-6.32301,41.11536],[-6.32446,41.10842],[-6.32266,41.10495],[-6.32319,41.10101],[-6.31998,41.10038],[-6.32059,41.09508],[-6.3083,41.08917],[-6.30399,41.08034],[-6.29821,41.07644],[-6.29593,41.07625],[-6.28584,41.07695],[-6.27896,41.08147],[-6.27434,41.08006],[-6.273,41.07791],[-6.26274,41.07169],[-6.2546,41.06843],[-6.22591,41.07137],[-6.22161,41.08188],[-6.21452,41.08636],[-6.21002,41.09192],[-6.20133,41.09466],[-6.18911,41.10445],[-6.19227,41.11185],[-6.19864,41.11477],[-6.22953,41.121],[-6.24606,41.1217],[-6.26346,41.13921],[-6.26842,41.14891],[-6.27421,41.14537],[-6.28315,41.14533],[-6.29774,41.14747],[-6.30683,41.14566],[-6.32666,41.12578],[-6.32765,41.1238]]]}},{"type":"Feature","properties":{"mun_code":"37273","mun_name":"La Sagrada","mun_name_local":null,"prov_code":"37","prov_name":"Salamanca","acom_code":"07","acom_name":"Castilla y León","geo_point_2d":{"lon":-6.070798308827643,"lat":40.737350008570154}},"geometry":{"type":"Polygon","coordinates":[[[-6.10476,40.69121],[-6.07839,40.68639],[-6.06996,40.69424],[-6.06429,40.69471],[-6.06237,40.69667],[-6.06186,40.7061],[-6.05761,40.70621],[-6.04971,40.71045],[-6.0428,40.7186],[-6.04017,40.72487],[-6.042,40.73405],[-6.03809,40.73644],[-6.03668,40.7413],[-6.04072,40.75578],[-6.04528,40.7596],[-6.04392,40.76117],[-6.0382,40.76187],[-6.04671,40.77317],[-6.04752,40.78074],[-6.04593,40.78103],[-6.05006,40.78312],[-6.05773,40.78276],[-6.06016,40.7786],[-6.06753,40.77759],[-6.07319,40.77326],[-6.08261,40.7732],[-6.08209,40.77484],[-6.08983,40.77056],[-6.09545,40.76402],[-6.10565,40.76009],[-6.10969,40.75614],[-6.1105,40.74511],[-6.10403,40.74039],[-6.09451,40.73938],[-6.08276,40.73477],[-6.08607,40.72699],[-6.09368,40.72166],[-6.09546,40.71846],[-6.08938,40.71122],[-6.09146,40.7039],[-6.09654,40.70362],[-6.09644,40.69622],[-6.1042,40.69184],[-6.10476,40.69121]]]}},{"type":"Feature","properties":{"mun_code":"37202","mun_name":"Monterrubio de Armuña","mun_name_local":null,"prov_code":"37","prov_name":"Salamanca","acom_code":"07","acom_name":"Castilla y León","geo_point_2d":{"lon":-5.651104927706089,"lat":41.03804746119877}},"geometry":{"type":"Polygon","coordinates":[[[-5.66349,41.03071],[-5.66107,41.02565],[-5.65907,41.02476],[-5.65695,41.01846],[-5.65399,41.01936],[-5.65056,41.017],[-5.64507,41.01927],[-5.64228,41.01701],[-5.63873,41.01829],[-5.63105,41.01768],[-5.63148,41.02894],[-5.63948,41.04416],[-5.63372,41.04789],[-5.63456,41.05098],[-5.63852,41.05234],[-5.6392,41.05489],[-5.64299,41.05314],[-5.64932,41.05376],[-5.65083,41.05286],[-5.65163,41.05468],[-5.65584,41.05415],[-5.65803,41.05881],[-5.66131,41.05909],[-5.66298,41.05777],[-5.67264,41.05918],[-5.67434,41.05675],[-5.67343,41.05491],[-5.66798,41.05264],[-5.66704,41.04665],[-5.6721,41.04856],[-5.67513,41.04778],[-5.67207,41.04478],[-5.67441,41.04399],[-5.66729,41.03733],[-5.66571,41.03645],[-5.66304,41.03814],[-5.66124,41.03658],[-5.66004,41.03519],[-5.66291,41.03214],[-5.66349,41.03071]]]}},{"type":"Feature","properties":{"mun_code":"37192","mun_name":"Miranda de Azán","mun_name_local":null,"prov_code":"37","prov_name":"Salamanca","acom_code":"07","acom_name":"Castilla y León","geo_point_2d":{"lon":-5.694554428410438,"lat":40.87669518935451}},"geometry":{"type":"Polygon","coordinates":[[[-5.73754,40.88188],[-5.74051,40.88075],[-5.74193,40.87747],[-5.73905,40.87615],[-5.74169,40.87339],[-5.73989,40.87189],[-5.73692,40.87317],[-5.72874,40.85872],[-5.72406,40.86022],[-5.71589,40.85747],[-5.71369,40.85983],[-5.71391,40.86297],[-5.70917,40.86428],[-5.70568,40.86211],[-5.69954,40.86147],[-5.6984,40.85898],[-5.69994,40.85789],[-5.6966,40.855],[-5.69569,40.85197],[-5.69148,40.85136],[-5.68882,40.84933],[-5.68305,40.85087],[-5.67978,40.85013],[-5.67906,40.85289],[-5.67304,40.85536],[-5.66674,40.85597],[-5.67312,40.85987],[-5.67159,40.86407],[-5.67801,40.86468],[-5.67746,40.86579],[-5.67224,40.86631],[-5.67199,40.87197],[-5.66785,40.87382],[-5.66089,40.87388],[-5.65793,40.87616],[-5.65434,40.87675],[-5.65293,40.88292],[-5.65495,40.88324],[-5.65656,40.88701],[-5.65526,40.88828],[-5.65792,40.89337],[-5.66429,40.89482],[-5.67122,40.89111],[-5.67802,40.8949],[-5.67662,40.89774],[-5.68545,40.9052],[-5.6886,40.90305],[-5.69162,40.90629],[-5.69728,40.90648],[-5.69759,40.90939],[-5.69947,40.90901],[-5.702,40.90275],[-5.70077,40.90129],[-5.69858,40.90136],[-5.70016,40.89628],[-5.69891,40.8936],[-5.69431,40.89109],[-5.69711,40.88898],[-5.69692,40.88568],[-5.70532,40.88402],[-5.70551,40.88759],[-5.70844,40.88704],[-5.71285,40.88848],[-5.72276,40.88237],[-5.72669,40.88473],[-5.72643,40.88329],[-5.73193,40.8816],[-5.73597,40.88349],[-5.73754,40.88188]]]}},{"type":"Feature","properties":{"mun_code":"37006","mun_name":"La Alamedilla","mun_name_local":null,"prov_code":"37","prov_name":"Salamanca","acom_code":"07","acom_name":"Castilla y León","geo_point_2d":{"lon":-6.816466925332747,"lat":40.45873566604575}},"geometry":{"type":"Polygon","coordinates":[[[-6.84502,40.43626],[-6.83608,40.4412],[-6.82833,40.44291],[-6.82447,40.44524],[-6.81997,40.44343],[-6.81657,40.44475],[-6.81259,40.44439],[-6.80156,40.44091],[-6.79599,40.44214],[-6.79367,40.44137],[-6.78515,40.44391],[-6.78092,40.44207],[-6.77594,40.44331],[-6.77388,40.44941],[-6.7792,40.45583],[-6.79052,40.45856],[-6.80215,40.46445],[-6.8075,40.46501],[-6.80496,40.46895],[-6.804,40.47626],[-6.80686,40.48287],[-6.81092,40.48653],[-6.81988,40.48789],[-6.82267,40.48316],[-6.83509,40.47553],[-6.837,40.47091],[-6.84064,40.46821],[-6.84972,40.452],[-6.84516,40.43733],[-6.84502,40.43626]]]}},{"type":"Feature","properties":{"mun_code":"37036","mun_name":"San Miguel del Robledo","mun_name_local":null,"prov_code":"37","prov_name":"Salamanca","acom_code":"07","acom_name":"Castilla y León","geo_point_2d":{"lon":-6.045571105220391,"lat":40.54291844945685}},"geometry":{"type":"Polygon","coordinates":[[[-6.07582,40.54328],[-6.07392,40.54084],[-6.05704,40.53497],[-6.04631,40.53472],[-6.0434,40.52937],[-6.04345,40.52504],[-6.03928,40.52402],[-6.03312,40.5275],[-6.03198,40.5264],[-6.02562,40.53297],[-6.01451,40.53375],[-6.0118,40.53554],[-6.01055,40.53386],[-6.01118,40.53691],[-6.01383,40.5383],[-6.01718,40.53804],[-6.02541,40.54248],[-6.02743,40.5473],[-6.03243,40.55102],[-6.03994,40.55452],[-6.04362,40.55298],[-6.05174,40.56071],[-6.05668,40.56275],[-6.07362,40.54539],[-6.07582,40.54328]]]}},{"type":"Feature","properties":{"mun_code":"37171","mun_name":"Ledrada","mun_name_local":null,"prov_code":"37","prov_name":"Salamanca","acom_code":"07","acom_name":"Castilla y León","geo_point_2d":{"lon":-5.724247465150771,"lat":40.47635027214458}},"geometry":{"type":"Polygon","coordinates":[[[-5.75226,40.47812],[-5.74866,40.46974],[-5.74899,40.46581],[-5.74116,40.46571],[-5.73574,40.46208],[-5.73368,40.46276],[-5.72699,40.45862],[-5.71845,40.4506],[-5.71465,40.45024],[-5.70536,40.45413],[-5.70399,40.45743],[-5.69801,40.45966],[-5.69435,40.4631],[-5.70044,40.46625],[-5.69828,40.46963],[-5.6994,40.47232],[-5.70729,40.47932],[-5.70279,40.48578],[-5.70407,40.49042],[-5.72017,40.49008],[-5.7194,40.50026],[-5.72714,40.50445],[-5.7416,40.49752],[-5.74571,40.48775],[-5.75155,40.47939],[-5.75226,40.47812]]]}},{"type":"Feature","properties":{"mun_code":"37092","mun_name":"Castellanos de Moriscos","mun_name_local":null,"prov_code":"37","prov_name":"Salamanca","acom_code":"07","acom_name":"Castilla y León","geo_point_2d":{"lon":-5.5897536645595185,"lat":41.027685043108434}},"geometry":{"type":"Polygon","coordinates":[[[-5.61947,41.01231],[-5.61959,41.01055],[-5.61594,41.01006],[-5.60903,40.99792],[-5.60191,41.00408],[-5.5937,41.00747],[-5.58693,41.013],[-5.57299,41.01805],[-5.57329,41.02194],[-5.57155,41.02117],[-5.5681,41.02444],[-5.56241,41.0256],[-5.55975,41.02895],[-5.56348,41.03197],[-5.56475,41.0359],[-5.57156,41.04108],[-5.57533,41.04727],[-5.57758,41.04829],[-5.58434,41.04695],[-5.58968,41.04755],[-5.59651,41.0542],[-5.60223,41.04852],[-5.60443,41.04968],[-5.60219,41.05141],[-5.60578,41.05346],[-5.60753,41.05216],[-5.60883,41.05008],[-5.60377,41.04382],[-5.59948,41.02791],[-5.60552,41.01844],[-5.6133,41.01378],[-5.61857,41.01231],[-5.61947,41.01231]]]}},{"type":"Feature","properties":{"mun_code":"37314","mun_name":"Tabera de Abajo","mun_name_local":null,"prov_code":"37","prov_name":"Salamanca","acom_code":"07","acom_name":"Castilla y León","geo_point_2d":{"lon":-6.021391083125034,"lat":40.92644318142235}},"geometry":{"type":"Polygon","coordinates":[[[-6.06893,40.90702],[-6.07455,40.90568],[-6.07646,40.90169],[-6.07718,40.89501],[-6.07492,40.88885],[-6.06551,40.88923],[-6.05546,40.88646],[-6.05388,40.88952],[-6.04852,40.89078],[-6.04493,40.88873],[-6.03549,40.88844],[-6.03448,40.89301],[-6.02653,40.88721],[-6.01781,40.88698],[-6.00509,40.88408],[-6.00165,40.8851],[-5.99985,40.88294],[-5.99341,40.88633],[-5.99039,40.88396],[-5.98146,40.88617],[-5.98249,40.88926],[-5.97932,40.89095],[-5.98255,40.89397],[-5.98017,40.89559],[-5.97707,40.89442],[-5.96987,40.89552],[-5.96485,40.89417],[-5.96168,40.89644],[-5.97065,40.90645],[-5.96615,40.91157],[-5.96804,40.9171],[-5.97502,40.92432],[-5.97742,40.92227],[-5.98402,40.92172],[-5.99144,40.92728],[-5.99633,40.92721],[-5.99049,40.93484],[-5.98561,40.95124],[-5.9798,40.95436],[-5.98772,40.95943],[-5.99972,40.96421],[-6.00011,40.96873],[-6.01579,40.97011],[-6.0137,40.9735],[-6.01802,40.97557],[-6.02508,40.97403],[-6.02467,40.97195],[-6.0296,40.97142],[-6.03987,40.97836],[-6.05378,40.97776],[-6.05958,40.96631],[-6.06849,40.95632],[-6.06796,40.95485],[-6.06426,40.95418],[-6.05004,40.9451],[-6.05534,40.94112],[-6.05454,40.93815],[-6.05586,40.93659],[-6.05406,40.93477],[-6.05732,40.9333],[-6.0566,40.93164],[-6.0535,40.93134],[-6.05386,40.9239],[-6.04879,40.92124],[-6.05444,40.91562],[-6.05759,40.90861],[-6.06849,40.90721],[-6.06893,40.90702]]]}},{"type":"Feature","properties":{"mun_code":"37310","mun_name":"Sieteiglesias de Tormes","mun_name_local":null,"prov_code":"37","prov_name":"Salamanca","acom_code":"07","acom_name":"Castilla y León","geo_point_2d":{"lon":-5.588667127601941,"lat":40.73892795198735}},"geometry":{"type":"Polygon","coordinates":[[[-5.62821,40.72787],[-5.62811,40.72656],[-5.61758,40.72531],[-5.60562,40.72047],[-5.60269,40.7168],[-5.59682,40.71335],[-5.59382,40.71467],[-5.58743,40.72247],[-5.58212,40.72651],[-5.58456,40.73357],[-5.57451,40.73268],[-5.56114,40.73763],[-5.55976,40.74392],[-5.5615,40.7454],[-5.55739,40.75047],[-5.56432,40.75294],[-5.56446,40.75411],[-5.56659,40.75337],[-5.56754,40.75601],[-5.57274,40.75688],[-5.58291,40.76439],[-5.58337,40.76305],[-5.58503,40.76309],[-5.58373,40.76166],[-5.58557,40.76125],[-5.58604,40.75809],[-5.59844,40.75634],[-5.59674,40.75434],[-5.59762,40.75276],[-5.59961,40.7517],[-5.60113,40.74786],[-5.60499,40.74677],[-5.60294,40.7398],[-5.60383,40.73745],[-5.60926,40.73649],[-5.61882,40.73042],[-5.62174,40.73107],[-5.6224,40.72858],[-5.62599,40.72941],[-5.62721,40.72825],[-5.62821,40.72787]]]}},{"type":"Feature","properties":{"mun_code":"37059","mun_name":"Buenamadre","mun_name_local":null,"prov_code":"37","prov_name":"Salamanca","acom_code":"07","acom_name":"Castilla y León","geo_point_2d":{"lon":-6.225589402678417,"lat":40.8585125485394}},"geometry":{"type":"MultiPolygon","coordinates":[[[[-6.13239,40.84436],[-6.13276,40.84663],[-6.13712,40.84715],[-6.14312,40.84389],[-6.1351,40.84052],[-6.13259,40.84381],[-6.13239,40.84436]]],[[[-6.24205,40.89161],[-6.2459,40.88858],[-6.25255,40.8883],[-6.2537,40.88399],[-6.25621,40.88455],[-6.271,40.8819],[-6.27526,40.88575],[-6.28443,40.88575],[-6.29176,40.88918],[-6.29325,40.86892],[-6.29061,40.86099],[-6.29128,40.85891],[-6.28155,40.8573],[-6.27809,40.85425],[-6.27194,40.84041],[-6.26953,40.81888],[-6.25045,40.81791],[-6.23164,40.82312],[-6.20914,40.82385],[-6.20435,40.83046],[-6.20789,40.83425],[-6.20742,40.83556],[-6.21282,40.83653],[-6.21461,40.8353],[-6.21805,40.83561],[-6.22114,40.84324],[-6.22379,40.84417],[-6.22459,40.84777],[-6.22874,40.84998],[-6.23026,40.85252],[-6.2343,40.8541],[-6.22867,40.85672],[-6.21622,40.85621],[-6.2124,40.86116],[-6.208,40.86148],[-6.20656,40.85961],[-6.20435,40.86055],[-6.19856,40.85861],[-6.19983,40.85296],[-6.1927,40.84948],[-6.18871,40.84442],[-6.1904,40.84341],[-6.18531,40.84144],[-6.18344,40.8431],[-6.17826,40.84381],[-6.17782,40.8409],[-6.17388,40.8392],[-6.17091,40.84229],[-6.16374,40.84491],[-6.16131,40.8476],[-6.15037,40.84768],[-6.14199,40.8521],[-6.14415,40.85448],[-6.15595,40.85726],[-6.16123,40.86235],[-6.1599,40.86773],[-6.15593,40.87179],[-6.14979,40.88267],[-6.15382,40.88608],[-6.16217,40.88769],[-6.1646,40.89114],[-6.17343,40.8924],[-6.17618,40.89159],[-6.18198,40.88604],[-6.18307,40.87975],[-6.19249,40.88114],[-6.1959,40.87942],[-6.19496,40.87883],[-6.20091,40.87142],[-6.20967,40.87591],[-6.21249,40.87968],[-6.2257,40.87991],[-6.22901,40.8827],[-6.23485,40.88489],[-6.23398,40.88739],[-6.24169,40.89154],[-6.24205,40.89161]]]]}},{"type":"Feature","properties":{"mun_code":"37330","mun_name":"Valdecarros","mun_name_local":null,"prov_code":"37","prov_name":"Salamanca","acom_code":"07","acom_name":"Castilla y León","geo_point_2d":{"lon":-5.422171948739474,"lat":40.76876494141506}},"geometry":{"type":"Polygon","coordinates":[[[-5.45172,40.75735],[-5.45057,40.75446],[-5.44778,40.7534],[-5.44975,40.75039],[-5.44335,40.75146],[-5.44142,40.75073],[-5.42996,40.74274],[-5.42545,40.74605],[-5.41904,40.74254],[-5.41913,40.73985],[-5.4174,40.73959],[-5.41569,40.74049],[-5.41707,40.74173],[-5.41138,40.74356],[-5.40833,40.74107],[-5.40846,40.74218],[-5.40476,40.74367],[-5.40399,40.74104],[-5.39292,40.74804],[-5.39607,40.75206],[-5.39228,40.75522],[-5.39279,40.75756],[-5.38945,40.76174],[-5.39042,40.76249],[-5.38395,40.76544],[-5.38238,40.76766],[-5.38486,40.76868],[-5.38702,40.76662],[-5.38801,40.76745],[-5.38557,40.77166],[-5.38934,40.7734],[-5.38778,40.77794],[-5.39018,40.77858],[-5.388,40.78526],[-5.38973,40.78695],[-5.39413,40.78782],[-5.39553,40.78675],[-5.39588,40.789],[-5.40119,40.78848],[-5.40231,40.78963],[-5.40517,40.78687],[-5.41235,40.78543],[-5.4129,40.78863],[-5.41862,40.78697],[-5.42057,40.789],[-5.43238,40.79294],[-5.43131,40.79384],[-5.44001,40.79561],[-5.44137,40.79817],[-5.44283,40.79817],[-5.44302,40.79544],[-5.45121,40.80003],[-5.4503,40.79858],[-5.45157,40.7972],[-5.44944,40.79384],[-5.45007,40.7917],[-5.45144,40.79174],[-5.44973,40.79045],[-5.4514,40.78908],[-5.45058,40.78804],[-5.45222,40.78847],[-5.45211,40.78485],[-5.45543,40.78295],[-5.45346,40.78206],[-5.45542,40.77921],[-5.46071,40.77808],[-5.46017,40.77628],[-5.45829,40.77679],[-5.4596,40.77541],[-5.45812,40.77301],[-5.45947,40.77217],[-5.45786,40.76997],[-5.45511,40.76995],[-5.45492,40.77122],[-5.45231,40.76965],[-5.45414,40.76225],[-5.45493,40.7635],[-5.45568,40.76238],[-5.45226,40.75786],[-5.45172,40.75735]]]}},{"type":"Feature","properties":{"mun_code":"37148","mun_name":"Garcihernández","mun_name_local":null,"prov_code":"37","prov_name":"Salamanca","acom_code":"07","acom_name":"Castilla y León","geo_point_2d":{"lon":-5.439591135574934,"lat":40.86920310534108}},"geometry":{"type":"Polygon","coordinates":[[[-5.49592,40.86607],[-5.48153,40.86426],[-5.48162,40.86295],[-5.47938,40.86222],[-5.48024,40.86084],[-5.47267,40.85989],[-5.47336,40.85772],[-5.47568,40.85713],[-5.47178,40.85354],[-5.46924,40.85347],[-5.46849,40.85479],[-5.4588,40.85378],[-5.4619,40.85187],[-5.46398,40.84827],[-5.46262,40.84403],[-5.46123,40.84494],[-5.46238,40.84051],[-5.45245,40.8399],[-5.44486,40.84212],[-5.44407,40.83986],[-5.43948,40.84026],[-5.439,40.83817],[-5.43746,40.83895],[-5.43208,40.8372],[-5.4277,40.84013],[-5.42604,40.8361],[-5.42808,40.83136],[-5.42484,40.83029],[-5.42728,40.82996],[-5.42817,40.8249],[-5.42682,40.82224],[-5.43133,40.81476],[-5.4287,40.81282],[-5.42375,40.8146],[-5.41961,40.82267],[-5.41545,40.82516],[-5.41377,40.82515],[-5.41381,40.82356],[-5.41003,40.82525],[-5.40273,40.82413],[-5.40204,40.82591],[-5.40928,40.82771],[-5.40325,40.83194],[-5.40405,40.83443],[-5.40156,40.83865],[-5.39848,40.84012],[-5.40249,40.84103],[-5.40171,40.84328],[-5.39798,40.8423],[-5.39802,40.84454],[-5.39657,40.84487],[-5.3953,40.85701],[-5.39902,40.85923],[-5.4032,40.85681],[-5.40582,40.85694],[-5.40648,40.85856],[-5.40844,40.85772],[-5.41327,40.85903],[-5.41531,40.85994],[-5.4135,40.86359],[-5.41646,40.8671],[-5.41777,40.86613],[-5.41884,40.86697],[-5.41674,40.86966],[-5.4189,40.87123],[-5.41727,40.8737],[-5.41537,40.87505],[-5.4144,40.87344],[-5.41016,40.87622],[-5.41004,40.8779],[-5.41315,40.87872],[-5.41247,40.88144],[-5.40727,40.8813],[-5.40608,40.88274],[-5.41022,40.88892],[-5.40728,40.88978],[-5.40995,40.89201],[-5.40544,40.89203],[-5.39938,40.89736],[-5.40261,40.90048],[-5.4018,40.90164],[-5.41077,40.90839],[-5.41141,40.91156],[-5.41678,40.912],[-5.42258,40.9155],[-5.424,40.91301],[-5.428,40.91561],[-5.43211,40.91525],[-5.44029,40.90211],[-5.45495,40.88912],[-5.46171,40.89131],[-5.46279,40.88997],[-5.46462,40.89052],[-5.46511,40.88925],[-5.47202,40.88758],[-5.47359,40.89109],[-5.48117,40.89484],[-5.48003,40.8993],[-5.4822,40.8951],[-5.49094,40.8914],[-5.49352,40.88849],[-5.496,40.86829],[-5.49592,40.86607]]]}},{"type":"Feature","properties":{"mun_code":"37177","mun_name":"El Maíllo","mun_name_local":null,"prov_code":"37","prov_name":"Salamanca","acom_code":"07","acom_name":"Castilla y León","geo_point_2d":{"lon":-6.208365353726515,"lat":40.55745141878067}},"geometry":{"type":"Polygon","coordinates":[[[-6.26777,40.5555],[-6.25071,40.54994],[-6.24449,40.53828],[-6.2424,40.52666],[-6.24425,40.52384],[-6.23928,40.52193],[-6.23027,40.51945],[-6.22486,40.51958],[-6.22005,40.5287],[-6.21231,40.52925],[-6.19879,40.52592],[-6.19647,40.52635],[-6.19358,40.52392],[-6.18772,40.52303],[-6.17967,40.52482],[-6.17229,40.52852],[-6.17677,40.53764],[-6.16953,40.54986],[-6.16737,40.55758],[-6.17311,40.57165],[-6.17346,40.57654],[-6.17139,40.58606],[-6.16724,40.592],[-6.16992,40.5988],[-6.17357,40.59892],[-6.18204,40.59565],[-6.19013,40.59561],[-6.20669,40.58745],[-6.21656,40.58559],[-6.2259,40.58493],[-6.23266,40.58863],[-6.23688,40.58537],[-6.23977,40.57352],[-6.24316,40.56874],[-6.24798,40.56685],[-6.26142,40.55752],[-6.26777,40.5555]]]}},{"type":"Feature","properties":{"mun_code":"37348","mun_name":"Ventosa del Río Almar","mun_name_local":null,"prov_code":"37","prov_name":"Salamanca","acom_code":"07","acom_name":"Castilla y León","geo_point_2d":{"lon":-5.345431799431336,"lat":40.934980752128396}},"geometry":{"type":"Polygon","coordinates":[[[-5.37996,40.93629],[-5.37868,40.93451],[-5.37188,40.93221],[-5.37048,40.93323],[-5.3667,40.93004],[-5.3627,40.92914],[-5.36317,40.92655],[-5.36029,40.92554],[-5.3601,40.92333],[-5.35701,40.92301],[-5.35505,40.91842],[-5.35368,40.91914],[-5.35052,40.91766],[-5.34812,40.9191],[-5.3455,40.91493],[-5.33713,40.91498],[-5.33731,40.91158],[-5.33531,40.91059],[-5.33491,40.90731],[-5.33213,40.90825],[-5.32985,40.9048],[-5.32652,40.90609],[-5.32032,40.91804],[-5.3175,40.92066],[-5.31654,40.92703],[-5.32119,40.9363],[-5.32782,40.94068],[-5.32731,40.94527],[-5.32957,40.95083],[-5.34569,40.9589],[-5.34877,40.95731],[-5.36825,40.95614],[-5.36671,40.9533],[-5.37192,40.95012],[-5.37054,40.94775],[-5.3794,40.93979],[-5.37996,40.93629]]]}},{"type":"Feature","properties":{"mun_code":"37015","mun_name":"Aldea del Obispo","mun_name_local":null,"prov_code":"37","prov_name":"Salamanca","acom_code":"07","acom_name":"Castilla y León","geo_point_2d":{"lon":-6.791186990475207,"lat":40.71174988324563}},"geometry":{"type":"Polygon","coordinates":[[[-6.82853,40.7595],[-6.83112,40.75281],[-6.82857,40.74462],[-6.83047,40.74278],[-6.82949,40.7402],[-6.82479,40.73702],[-6.82447,40.72954],[-6.81976,40.72796],[-6.81924,40.72577],[-6.81741,40.72549],[-6.81077,40.71688],[-6.81321,40.70839],[-6.81134,40.70189],[-6.807,40.69787],[-6.80683,40.69329],[-6.80502,40.69282],[-6.80582,40.6906],[-6.80176,40.67784],[-6.80511,40.66764],[-6.79402,40.66129],[-6.77541,40.65736],[-6.77461,40.66319],[-6.77197,40.66451],[-6.76873,40.67099],[-6.76534,40.67152],[-6.7691,40.68],[-6.76429,40.68164],[-6.76341,40.68591],[-6.75969,40.6874],[-6.76196,40.68949],[-6.75219,40.69569],[-6.75588,40.6972],[-6.75215,40.69881],[-6.75335,40.70135],[-6.74648,40.70457],[-6.74728,40.70585],[-6.74971,40.70501],[-6.75532,40.71152],[-6.76167,40.71103],[-6.76506,40.71626],[-6.76786,40.71563],[-6.76939,40.718],[-6.76713,40.71882],[-6.76736,40.72049],[-6.77135,40.73204],[-6.78036,40.73241],[-6.7823,40.73448],[-6.78017,40.74945],[-6.78794,40.75438],[-6.8096,40.76121],[-6.81339,40.76054],[-6.81578,40.75798],[-6.82573,40.75852],[-6.82853,40.7595]]]}},{"type":"Feature","properties":{"mun_code":"37051","mun_name":"Berrocal de Salvatierra","mun_name_local":null,"prov_code":"37","prov_name":"Salamanca","acom_code":"07","acom_name":"Castilla y León","geo_point_2d":{"lon":-5.701232525800059,"lat":40.63819671966149}},"geometry":{"type":"Polygon","coordinates":[[[-5.73631,40.63703],[-5.73674,40.62348],[-5.73177,40.6191],[-5.71741,40.61461],[-5.71464,40.61695],[-5.71177,40.61372],[-5.69148,40.60626],[-5.68605,40.60609],[-5.67446,40.61071],[-5.673,40.61644],[-5.67432,40.61709],[-5.67387,40.62052],[-5.67106,40.62322],[-5.67216,40.62504],[-5.66694,40.63021],[-5.67448,40.63388],[-5.67488,40.63541],[-5.67124,40.63827],[-5.67318,40.63958],[-5.67601,40.65063],[-5.67163,40.65553],[-5.66691,40.65499],[-5.66402,40.6531],[-5.66126,40.65348],[-5.65874,40.65846],[-5.6712,40.66311],[-5.67764,40.65815],[-5.68115,40.65863],[-5.68417,40.66113],[-5.68498,40.66554],[-5.68833,40.66477],[-5.69571,40.66693],[-5.7008,40.67426],[-5.70166,40.67039],[-5.70602,40.66632],[-5.71479,40.66397],[-5.73523,40.66144],[-5.73232,40.6553],[-5.72591,40.65154],[-5.72477,40.6483],[-5.73653,40.64151],[-5.73631,40.63703]]]}},{"type":"Feature","properties":{"mun_code":"37292","mun_name":"San Pelayo de Guareña","mun_name_local":null,"prov_code":"37","prov_name":"Salamanca","acom_code":"07","acom_name":"Castilla y León","geo_point_2d":{"lon":-5.872103121101451,"lat":41.11694395037301}},"geometry":{"type":"Polygon","coordinates":[[[-5.91839,41.10841],[-5.91814,41.10659],[-5.9123,41.10546],[-5.91349,41.10292],[-5.91155,41.10014],[-5.9054,41.1005],[-5.90267,41.09732],[-5.89948,41.09958],[-5.89861,41.09679],[-5.88654,41.09821],[-5.88472,41.09614],[-5.88537,41.09414],[-5.88214,41.09193],[-5.87989,41.09397],[-5.87847,41.09284],[-5.87383,41.0957],[-5.87278,41.0948],[-5.8702,41.09593],[-5.86248,41.09537],[-5.86034,41.09378],[-5.85212,41.09268],[-5.84273,41.09292],[-5.83954,41.09415],[-5.84073,41.09689],[-5.83885,41.09901],[-5.84265,41.10304],[-5.83637,41.10863],[-5.83884,41.11092],[-5.83878,41.11403],[-5.83536,41.11628],[-5.83306,41.12212],[-5.83425,41.12374],[-5.84718,41.12925],[-5.85098,41.13429],[-5.85278,41.14009],[-5.85613,41.13969],[-5.85718,41.1412],[-5.8585,41.1466],[-5.86389,41.14618],[-5.86785,41.14907],[-5.87409,41.14499],[-5.88809,41.14328],[-5.89462,41.13344],[-5.89474,41.13128],[-5.89249,41.13104],[-5.89259,41.13009],[-5.89469,41.12936],[-5.89644,41.12544],[-5.90157,41.12132],[-5.90285,41.11761],[-5.90949,41.11409],[-5.91003,41.11231],[-5.91393,41.11287],[-5.91806,41.1089],[-5.91839,41.10841]]]}},{"type":"Feature","properties":{"mun_code":"37090","mun_name":"Las Casas del Conde","mun_name_local":null,"prov_code":"37","prov_name":"Salamanca","acom_code":"07","acom_name":"Castilla y León","geo_point_2d":{"lon":-6.040616278311573,"lat":40.50610604703691}},"geometry":{"type":"Polygon","coordinates":[[[-6.05018,40.50972],[-6.04678,40.50512],[-6.04143,40.50312],[-6.03812,40.49758],[-6.03347,40.50065],[-6.03301,40.50688],[-6.04056,40.5103],[-6.04342,40.51399],[-6.0479,40.51104],[-6.05018,40.50972]]]}},{"type":"Feature","properties":{"mun_code":"37203","mun_name":"Monterrubio de la Sierra","mun_name_local":null,"prov_code":"37","prov_name":"Salamanca","acom_code":"07","acom_name":"Castilla y León","geo_point_2d":{"lon":-5.695758255323442,"lat":40.757073937949556}},"geometry":{"type":"Polygon","coordinates":[[[-5.7437,40.75402],[-5.73932,40.75211],[-5.74144,40.74809],[-5.73785,40.74511],[-5.73473,40.73279],[-5.72851,40.73151],[-5.72628,40.72943],[-5.72197,40.72933],[-5.71255,40.72485],[-5.70966,40.72183],[-5.70627,40.72157],[-5.70708,40.7276],[-5.69821,40.72724],[-5.69917,40.72985],[-5.69695,40.73014],[-5.69562,40.73669],[-5.69389,40.73654],[-5.6925,40.7391],[-5.69149,40.73679],[-5.68032,40.7343],[-5.67368,40.7348],[-5.67231,40.73773],[-5.65894,40.737],[-5.66025,40.73926],[-5.66381,40.73906],[-5.66323,40.74242],[-5.66675,40.74913],[-5.66616,40.75139],[-5.66185,40.75362],[-5.66266,40.75536],[-5.65815,40.75482],[-5.65784,40.75866],[-5.65504,40.76001],[-5.65448,40.76453],[-5.66002,40.77957],[-5.65813,40.78233],[-5.65943,40.78325],[-5.6587,40.78606],[-5.66662,40.78902],[-5.66675,40.79168],[-5.66882,40.79223],[-5.67247,40.79007],[-5.67428,40.7908],[-5.67855,40.78955],[-5.68061,40.79122],[-5.69861,40.78325],[-5.70216,40.781],[-5.70379,40.77782],[-5.71002,40.77864],[-5.715,40.77488],[-5.71357,40.77265],[-5.71545,40.76876],[-5.71376,40.76778],[-5.72343,40.76787],[-5.72284,40.76535],[-5.72606,40.76489],[-5.72896,40.76101],[-5.73183,40.76272],[-5.73153,40.76572],[-5.73616,40.7647],[-5.73501,40.76248],[-5.73926,40.76214],[-5.7434,40.75578],[-5.7437,40.75402]]]}},{"type":"Feature","properties":{"mun_code":"37225","mun_name":"Pajares de la Laguna","mun_name_local":null,"prov_code":"37","prov_name":"Salamanca","acom_code":"07","acom_name":"Castilla y León","geo_point_2d":{"lon":-5.510990188264887,"lat":41.09940504680076}},"geometry":{"type":"Polygon","coordinates":[[[-5.52579,41.08175],[-5.5187,41.08123],[-5.51419,41.07625],[-5.50348,41.07632],[-5.50385,41.07976],[-5.50164,41.08487],[-5.49251,41.09273],[-5.49231,41.09736],[-5.49488,41.09748],[-5.49642,41.10144],[-5.50084,41.10096],[-5.50148,41.10341],[-5.5035,41.1023],[-5.50442,41.10672],[-5.50233,41.10753],[-5.50504,41.10776],[-5.5052,41.11015],[-5.50758,41.11186],[-5.50325,41.11345],[-5.50599,41.11539],[-5.50347,41.11962],[-5.50621,41.12053],[-5.50407,41.12283],[-5.50767,41.12261],[-5.50191,41.12715],[-5.50255,41.12839],[-5.50414,41.12704],[-5.50663,41.12812],[-5.5081,41.12993],[-5.51061,41.12763],[-5.51901,41.12603],[-5.51899,41.12134],[-5.52053,41.12106],[-5.51958,41.11451],[-5.51738,41.11146],[-5.52037,41.10631],[-5.52109,41.10267],[-5.51983,41.10146],[-5.52203,41.09955],[-5.52645,41.09871],[-5.52656,41.09488],[-5.52379,41.09543],[-5.52318,41.09283],[-5.52577,41.09127],[-5.52597,41.08334],[-5.52579,41.08175]]]}},{"type":"Feature","properties":{"mun_code":"37150","mun_name":"Gejuelo del Barro","mun_name_local":null,"prov_code":"37","prov_name":"Salamanca","acom_code":"07","acom_name":"Castilla y León","geo_point_2d":{"lon":-6.109864990954867,"lat":41.0649254635669}},"geometry":{"type":"Polygon","coordinates":[[[-6.17187,41.03263],[-6.16007,41.03296],[-6.15873,41.03195],[-6.14773,41.032],[-6.14444,41.0306],[-6.12919,41.04002],[-6.11782,41.04403],[-6.11206,41.0519],[-6.10681,41.05236],[-6.10584,41.05363],[-6.09995,41.05245],[-6.08773,41.05288],[-6.07576,41.04854],[-6.06926,41.05376],[-6.07742,41.05776],[-6.07585,41.05943],[-6.07975,41.06329],[-6.078,41.06609],[-6.06078,41.05921],[-6.04879,41.05954],[-6.04286,41.06176],[-6.03964,41.05952],[-6.03802,41.06195],[-6.04272,41.06498],[-6.04282,41.06687],[-6.04164,41.06548],[-6.0345,41.06856],[-6.03707,41.07203],[-6.03193,41.06985],[-6.03103,41.07055],[-6.03649,41.07437],[-6.03559,41.07488],[-6.03025,41.07137],[-6.03806,41.07895],[-6.03428,41.0815],[-6.03769,41.08343],[-6.04021,41.08312],[-6.04099,41.087],[-6.05537,41.08607],[-6.06238,41.0877],[-6.06518,41.08969],[-6.07594,41.0824],[-6.09358,41.08203],[-6.09947,41.07957],[-6.1003,41.08054],[-6.10343,41.08023],[-6.10285,41.08143],[-6.1102,41.08675],[-6.11428,41.08678],[-6.1173,41.09191],[-6.13123,41.08708],[-6.1382,41.08917],[-6.14751,41.08821],[-6.15186,41.08648],[-6.15263,41.08509],[-6.14967,41.08251],[-6.16606,41.06599],[-6.15802,41.05789],[-6.16426,41.04834],[-6.16537,41.04388],[-6.1702,41.03896],[-6.17183,41.03331],[-6.17187,41.03263]]]}},{"type":"Feature","properties":{"mun_code":"37033","mun_name":"Arcediano","mun_name_local":null,"prov_code":"37","prov_name":"Salamanca","acom_code":"07","acom_name":"Castilla y León","geo_point_2d":{"lon":-5.556221695780297,"lat":41.10596591109787}},"geometry":{"type":"Polygon","coordinates":[[[-5.57826,41.0884],[-5.56833,41.08267],[-5.56545,41.08342],[-5.56374,41.08064],[-5.56037,41.08079],[-5.56093,41.08306],[-5.55438,41.08786],[-5.54667,41.09067],[-5.54824,41.09242],[-5.54816,41.09639],[-5.54342,41.1022],[-5.54037,41.11498],[-5.53542,41.1149],[-5.53547,41.11895],[-5.53326,41.12],[-5.53193,41.12655],[-5.53272,41.12942],[-5.54906,41.131],[-5.5527,41.12742],[-5.55544,41.12743],[-5.55755,41.12526],[-5.5557,41.12457],[-5.55947,41.11594],[-5.561,41.11842],[-5.56298,41.11809],[-5.56221,41.11463],[-5.56496,41.11418],[-5.56487,41.11171],[-5.56921,41.10645],[-5.57805,41.1028],[-5.57759,41.09719],[-5.58103,41.09296],[-5.57945,41.09],[-5.57826,41.0884]]]}},{"type":"Feature","properties":{"mun_code":"37356","mun_name":"Villar de Argañán","mun_name_local":null,"prov_code":"37","prov_name":"Salamanca","acom_code":"07","acom_name":"Castilla y León","geo_point_2d":{"lon":-6.704695699108118,"lat":40.67160730436117}},"geometry":{"type":"Polygon","coordinates":[[[-6.76878,40.67073],[-6.76115,40.67169],[-6.76068,40.67014],[-6.7576,40.67067],[-6.75644,40.66874],[-6.74265,40.67053],[-6.74057,40.66635],[-6.74339,40.66174],[-6.74216,40.65677],[-6.74492,40.65108],[-6.74056,40.64593],[-6.73669,40.64493],[-6.72021,40.64757],[-6.71189,40.65162],[-6.70179,40.65353],[-6.70066,40.65258],[-6.68946,40.65339],[-6.68465,40.651],[-6.67952,40.65165],[-6.67671,40.65248],[-6.67597,40.65626],[-6.67328,40.65608],[-6.66876,40.65871],[-6.66914,40.67121],[-6.65945,40.68381],[-6.65811,40.69075],[-6.66233,40.69617],[-6.66456,40.69385],[-6.66915,40.69403],[-6.67548,40.69497],[-6.68067,40.6973],[-6.68392,40.69567],[-6.68278,40.69799],[-6.69889,40.69699],[-6.69984,40.6982],[-6.70265,40.69723],[-6.70256,40.69377],[-6.7058,40.69273],[-6.70423,40.69021],[-6.70881,40.68735],[-6.70801,40.68526],[-6.71387,40.68464],[-6.71566,40.68645],[-6.7199,40.68358],[-6.72199,40.68523],[-6.72271,40.68267],[-6.72509,40.6842],[-6.72824,40.68083],[-6.73008,40.68225],[-6.73236,40.67949],[-6.73558,40.68071],[-6.74341,40.67817],[-6.74981,40.67863],[-6.75312,40.67673],[-6.75466,40.678],[-6.76099,40.67775],[-6.75972,40.67642],[-6.76076,40.67542],[-6.76563,40.67275],[-6.76534,40.67152],[-6.76873,40.67099],[-6.76878,40.67073]]]}},{"type":"Feature","properties":{"mun_code":"37344","mun_name":"Vecinos","mun_name_local":null,"prov_code":"37","prov_name":"Salamanca","acom_code":"07","acom_name":"Castilla y León","geo_point_2d":{"lon":-5.879603541669115,"lat":40.7772360475788}},"geometry":{"type":"Polygon","coordinates":[[[-5.92999,40.7829],[-5.90593,40.77601],[-5.91282,40.76237],[-5.91479,40.76092],[-5.92501,40.75901],[-5.92619,40.7527],[-5.9124,40.74347],[-5.90598,40.73034],[-5.90147,40.72676],[-5.90282,40.72499],[-5.89686,40.72186],[-5.8939,40.72544],[-5.89507,40.72857],[-5.89768,40.73019],[-5.8954,40.74281],[-5.88599,40.75509],[-5.88025,40.75466],[-5.87308,40.74971],[-5.87011,40.74919],[-5.86189,40.75492],[-5.86139,40.75843],[-5.85767,40.75981],[-5.8548,40.75861],[-5.85023,40.75904],[-5.84554,40.76386],[-5.83312,40.76645],[-5.8307,40.76958],[-5.82721,40.76914],[-5.82643,40.77064],[-5.82995,40.77266],[-5.82874,40.78055],[-5.83414,40.78012],[-5.83735,40.78227],[-5.83325,40.78871],[-5.83175,40.7882],[-5.83021,40.79059],[-5.83276,40.79445],[-5.83437,40.80367],[-5.83989,40.80872],[-5.83862,40.81391],[-5.84053,40.81479],[-5.83969,40.81609],[-5.84123,40.81627],[-5.84362,40.82081],[-5.84928,40.81802],[-5.85144,40.81424],[-5.8571,40.81227],[-5.85678,40.8106],[-5.85854,40.8082],[-5.86099,40.80786],[-5.86452,40.80098],[-5.8747,40.79685],[-5.88157,40.80432],[-5.88551,40.80156],[-5.88587,40.79972],[-5.89733,40.79714],[-5.89945,40.80011],[-5.90213,40.79925],[-5.90682,40.80106],[-5.91691,40.80161],[-5.92224,40.80835],[-5.92456,40.80897],[-5.92754,40.8079],[-5.92636,40.80383],[-5.92852,40.80305],[-5.92953,40.79576],[-5.92631,40.78995],[-5.929,40.78386],[-5.92999,40.7829]]]}},{"type":"Feature","properties":{"mun_code":"37211","mun_name":"Narros de Matalayegua","mun_name_local":null,"prov_code":"37","prov_name":"Salamanca","acom_code":"07","acom_name":"Castilla y León","geo_point_2d":{"lon":-5.901574547573724,"lat":40.70220381550936}},"geometry":{"type":"MultiPolygon","coordinates":[[[[-5.92551,40.75245],[-5.93135,40.74872],[-5.93186,40.7449],[-5.93941,40.73803],[-5.94733,40.73834],[-5.95399,40.74131],[-5.96333,40.73147],[-5.97699,40.72743],[-5.97984,40.72435],[-5.97203,40.71501],[-5.96345,40.70837],[-5.96152,40.70908],[-5.95593,40.70598],[-5.94899,40.70888],[-5.94074,40.70292],[-5.94128,40.69816],[-5.93971,40.69635],[-5.94278,40.69494],[-5.93867,40.68997],[-5.93813,40.68532],[-5.93682,40.68648],[-5.9281,40.6787],[-5.92462,40.67963],[-5.92084,40.67636],[-5.92216,40.67427],[-5.92603,40.67322],[-5.92739,40.66689],[-5.92629,40.66316],[-5.92104,40.65855],[-5.91855,40.6516],[-5.91305,40.65165],[-5.90982,40.64941],[-5.90069,40.64897],[-5.89479,40.64735],[-5.89153,40.64497],[-5.88639,40.64502],[-5.88761,40.65346],[-5.88481,40.65949],[-5.87902,40.65984],[-5.86384,40.66414],[-5.86521,40.66905],[-5.86051,40.67216],[-5.85848,40.67748],[-5.8631,40.68406],[-5.86344,40.68875],[-5.85827,40.68661],[-5.84396,40.68614],[-5.83961,40.6835],[-5.83664,40.67906],[-5.83103,40.67818],[-5.82723,40.67575],[-5.82512,40.68225],[-5.8222,40.68411],[-5.82184,40.68832],[-5.82288,40.69096],[-5.82629,40.69224],[-5.82709,40.70158],[-5.83966,40.70161],[-5.84933,40.70389],[-5.85228,40.70615],[-5.85647,40.71247],[-5.85353,40.71574],[-5.85534,40.71817],[-5.86244,40.71446],[-5.86541,40.71378],[-5.868,40.7156],[-5.87807,40.71472],[-5.88204,40.71197],[-5.89324,40.71569],[-5.89643,40.71879],[-5.89686,40.72186],[-5.90282,40.72499],[-5.90147,40.72676],[-5.90598,40.73034],[-5.9124,40.74347],[-5.92411,40.75173],[-5.92551,40.75245]]],[[[-5.8667,40.75049],[-5.87011,40.74919],[-5.87308,40.74971],[-5.88025,40.75466],[-5.88599,40.75509],[-5.8954,40.74281],[-5.89768,40.73019],[-5.89507,40.72857],[-5.8939,40.72544],[-5.88329,40.72679],[-5.87782,40.72471],[-5.87564,40.72794],[-5.86743,40.72909],[-5.86573,40.73157],[-5.86691,40.73696],[-5.86606,40.74983],[-5.8667,40.75049]]]]}},{"type":"Feature","properties":{"mun_code":"37038","mun_name":"Babilafuente","mun_name_local":null,"prov_code":"37","prov_name":"Salamanca","acom_code":"07","acom_name":"Castilla y León","geo_point_2d":{"lon":-5.432526930409678,"lat":40.986529645796445}},"geometry":{"type":"Polygon","coordinates":[[[-5.45834,40.99415],[-5.45288,40.99171],[-5.45249,40.98343],[-5.44841,40.97484],[-5.45,40.96889],[-5.44468,40.96537],[-5.4427,40.96236],[-5.44091,40.9532],[-5.42857,40.94932],[-5.42837,40.94744],[-5.41936,40.94267],[-5.42026,40.94602],[-5.41874,40.95156],[-5.41261,40.95495],[-5.42021,40.97263],[-5.41266,40.97569],[-5.40386,40.9839],[-5.41187,40.99344],[-5.42055,40.99869],[-5.42137,41.00628],[-5.42843,41.01817],[-5.42479,41.02397],[-5.43061,41.02849],[-5.43155,41.0309],[-5.43516,41.0268],[-5.4441,41.02113],[-5.44889,41.01974],[-5.45045,41.00705],[-5.45849,40.99487],[-5.45834,40.99415]]]}},{"type":"Feature","properties":{"mun_code":"37217","mun_name":"Navalmoral de Béjar","mun_name_local":null,"prov_code":"37","prov_name":"Salamanca","acom_code":"07","acom_name":"Castilla y León","geo_point_2d":{"lon":-5.790205676301482,"lat":40.431655906775724}},"geometry":{"type":"Polygon","coordinates":[[[-5.80446,40.40888],[-5.79435,40.41338],[-5.78374,40.41566],[-5.77165,40.42388],[-5.76616,40.42513],[-5.76989,40.42611],[-5.76914,40.43143],[-5.77644,40.44047],[-5.77589,40.44908],[-5.7921,40.45304],[-5.79718,40.4557],[-5.8081,40.42771],[-5.80734,40.41464],[-5.80528,40.40983],[-5.80446,40.40888]]]}},{"type":"Feature","properties":{"mun_code":"37299","mun_name":"Santiz","mun_name_local":null,"prov_code":"37","prov_name":"Salamanca","acom_code":"07","acom_name":"Castilla y León","geo_point_2d":{"lon":-5.88709315025326,"lat":41.21180779614769}},"geometry":{"type":"Polygon","coordinates":[[[-5.91313,41.17834],[-5.90796,41.17913],[-5.90348,41.18272],[-5.88707,41.18929],[-5.88222,41.1935],[-5.8691,41.19955],[-5.85848,41.1981],[-5.85285,41.20115],[-5.84845,41.21029],[-5.84355,41.21373],[-5.84046,41.2181],[-5.84395,41.22223],[-5.85075,41.22506],[-5.85582,41.22462],[-5.86114,41.22848],[-5.86524,41.2282],[-5.86933,41.2327],[-5.87796,41.23739],[-5.89131,41.23583],[-5.89767,41.23859],[-5.9084,41.2322],[-5.91351,41.23077],[-5.91326,41.22799],[-5.92133,41.21815],[-5.91393,41.17934],[-5.91313,41.17834]]]}},{"type":"Feature","properties":{"mun_code":"37074","mun_name":"Campillo de Azaba","mun_name_local":null,"prov_code":"37","prov_name":"Salamanca","acom_code":"07","acom_name":"Castilla y León","geo_point_2d":{"lon":-6.6677150701931645,"lat":40.52587824675359}},"geometry":{"type":"Polygon","coordinates":[[[-6.71344,40.50054],[-6.7084,40.49836],[-6.70364,40.49783],[-6.7007,40.4988],[-6.6984,40.49748],[-6.69706,40.49856],[-6.69128,40.49875],[-6.69151,40.50058],[-6.68822,40.49989],[-6.66948,40.51732],[-6.65085,40.51022],[-6.64723,40.5077],[-6.64082,40.50663],[-6.6336,40.50972],[-6.6275,40.50698],[-6.62591,40.5172],[-6.63041,40.52409],[-6.63473,40.52552],[-6.63595,40.53155],[-6.63378,40.53488],[-6.63642,40.53719],[-6.63745,40.54431],[-6.63973,40.54515],[-6.6409,40.54437],[-6.64365,40.54696],[-6.65341,40.54968],[-6.6568,40.55335],[-6.65913,40.55266],[-6.66234,40.5538],[-6.66577,40.55094],[-6.66951,40.55322],[-6.67273,40.55328],[-6.68526,40.54913],[-6.68642,40.54275],[-6.69795,40.52778],[-6.69884,40.52273],[-6.69506,40.51716],[-6.6954,40.51519],[-6.70193,40.51486],[-6.7044,40.51626],[-6.70348,40.51462],[-6.71081,40.50824],[-6.71313,40.50072],[-6.71344,40.50054]]]}},{"type":"Feature","properties":{"mun_code":"37260","mun_name":"Puebla de Yeltes","mun_name_local":null,"prov_code":"37","prov_name":"Salamanca","acom_code":"07","acom_name":"Castilla y León","geo_point_2d":{"lon":-6.195891865848072,"lat":40.61826890175338}},"geometry":{"type":"Polygon","coordinates":[[[-6.23266,40.58863],[-6.2259,40.58493],[-6.21656,40.58559],[-6.20669,40.58745],[-6.19013,40.59561],[-6.18204,40.59565],[-6.17357,40.59892],[-6.16992,40.5988],[-6.16726,40.5927],[-6.16808,40.58921],[-6.15778,40.58823],[-6.15553,40.58932],[-6.15261,40.58809],[-6.14908,40.58303],[-6.14718,40.5819],[-6.14615,40.58257],[-6.15052,40.58601],[-6.1521,40.59137],[-6.15722,40.59208],[-6.15685,40.597],[-6.16134,40.60344],[-6.15815,40.62151],[-6.16282,40.62214],[-6.16765,40.62567],[-6.16972,40.63258],[-6.16793,40.63328],[-6.17283,40.64096],[-6.16496,40.65034],[-6.17202,40.6571],[-6.17934,40.66017],[-6.18547,40.65984],[-6.19975,40.65163],[-6.20401,40.64705],[-6.21613,40.64092],[-6.22454,40.62649],[-6.22514,40.62153],[-6.22773,40.61954],[-6.23876,40.61787],[-6.23339,40.59012],[-6.23266,40.58863]]]}},{"type":"Feature","properties":{"mun_code":"37355","mun_name":"Villanueva del Conde","mun_name_local":null,"prov_code":"37","prov_name":"Salamanca","acom_code":"07","acom_name":"Castilla y León","geo_point_2d":{"lon":-6.015352958041439,"lat":40.50180220186416}},"geometry":{"type":"Polygon","coordinates":[[[-6.04602,40.48707],[-6.04365,40.48417],[-6.04452,40.48007],[-6.03772,40.47798],[-6.03517,40.47601],[-6.03476,40.47319],[-6.03305,40.47293],[-6.01285,40.48148],[-6.00971,40.48783],[-6.003,40.4926],[-5.99305,40.49465],[-5.99214,40.50026],[-5.98894,40.50292],[-5.99003,40.50734],[-5.992,40.51059],[-5.99848,40.51296],[-6.00262,40.51661],[-6.00484,40.52143],[-6.00403,40.527],[-6.00951,40.53029],[-6.0118,40.53554],[-6.01451,40.53375],[-6.02562,40.53297],[-6.03198,40.5264],[-6.02744,40.52263],[-6.01796,40.52247],[-6.01118,40.51582],[-6.01228,40.51329],[-6.01699,40.51329],[-6.01868,40.50971],[-6.01676,40.5068],[-6.01927,40.4963],[-6.02156,40.49314],[-6.03097,40.49415],[-6.03338,40.491],[-6.0421,40.48838],[-6.04602,40.48707]]]}},{"type":"Feature","properties":{"mun_code":"37373","mun_name":"Villavieja de Yeltes","mun_name_local":null,"prov_code":"37","prov_name":"Salamanca","acom_code":"07","acom_name":"Castilla y León","geo_point_2d":{"lon":-6.463720213389543,"lat":40.86056789473786}},"geometry":{"type":"Polygon","coordinates":[[[-6.52299,40.86368],[-6.51415,40.85933],[-6.49912,40.85644],[-6.48511,40.8484],[-6.48218,40.84273],[-6.46974,40.83679],[-6.46895,40.83551],[-6.47152,40.83274],[-6.47211,40.82248],[-6.46986,40.80686],[-6.4622,40.80734],[-6.45673,40.8116],[-6.44123,40.81767],[-6.437,40.82051],[-6.42492,40.82503],[-6.41888,40.82519],[-6.42205,40.82934],[-6.42267,40.83609],[-6.42783,40.83922],[-6.43104,40.8454],[-6.43273,40.84987],[-6.43047,40.85267],[-6.43348,40.85575],[-6.43112,40.86326],[-6.42796,40.86628],[-6.42329,40.86562],[-6.41549,40.8685],[-6.41655,40.8732],[-6.4206,40.87812],[-6.42694,40.87689],[-6.42383,40.88057],[-6.42444,40.88407],[-6.42774,40.88392],[-6.43611,40.87958],[-6.43648,40.88566],[-6.44097,40.89109],[-6.47164,40.90081],[-6.4773,40.90854],[-6.4812,40.90808],[-6.49486,40.89134],[-6.51081,40.87887],[-6.52106,40.86562],[-6.52299,40.86368]]]}},{"type":"Feature","properties":{"mun_code":"37283","mun_name":"Sando","mun_name_local":null,"prov_code":"37","prov_name":"Salamanca","acom_code":"07","acom_name":"Castilla y León","geo_point_2d":{"lon":-6.102000433741486,"lat":40.952241284906584}},"geometry":{"type":"Polygon","coordinates":[[[-6.17646,40.93826],[-6.1699,40.93624],[-6.15943,40.93538],[-6.15684,40.93255],[-6.16338,40.92555],[-6.16394,40.92239],[-6.15723,40.92329],[-6.15015,40.91462],[-6.14399,40.91313],[-6.13513,40.91659],[-6.11875,40.91889],[-6.11632,40.92224],[-6.11498,40.92218],[-6.11366,40.92565],[-6.10338,40.92552],[-6.10098,40.93174],[-6.09306,40.93453],[-6.09085,40.9397],[-6.08292,40.93323],[-6.08358,40.92963],[-6.08047,40.92927],[-6.07824,40.92479],[-6.08161,40.91916],[-6.0811,40.91347],[-6.07558,40.90926],[-6.06893,40.90702],[-6.05759,40.90861],[-6.05444,40.91562],[-6.04879,40.92124],[-6.05386,40.9239],[-6.0535,40.93134],[-6.0566,40.93164],[-6.05732,40.9333],[-6.05406,40.93477],[-6.05586,40.93659],[-6.05454,40.93815],[-6.05534,40.94112],[-6.05004,40.9451],[-6.06426,40.95418],[-6.06796,40.95485],[-6.06849,40.95632],[-6.06395,40.96112],[-6.0834,40.95585],[-6.08589,40.9583],[-6.08171,40.96651],[-6.05958,40.96631],[-6.05378,40.97776],[-6.0522,40.98568],[-6.05668,40.99357],[-6.05166,40.99744],[-6.05049,41.00059],[-6.06457,41.00587],[-6.06279,41.01096],[-6.06764,41.01458],[-6.07122,41.01372],[-6.06866,41.01088],[-6.08124,41.00425],[-6.08321,41.0012],[-6.08231,40.98856],[-6.07992,40.98634],[-6.0813,40.98458],[-6.08337,40.98364],[-6.08731,40.9858],[-6.09014,40.98993],[-6.09575,40.98896],[-6.09887,40.98472],[-6.10756,40.97915],[-6.11264,40.97876],[-6.11388,40.97572],[-6.11851,40.97546],[-6.12279,40.9696],[-6.13253,40.96401],[-6.15222,40.96744],[-6.1653,40.94657],[-6.16969,40.94477],[-6.17559,40.93975],[-6.17646,40.93826]]]}},{"type":"Feature","properties":{"mun_code":"37372","mun_name":"Villaverde de Guareña","mun_name_local":null,"prov_code":"37","prov_name":"Salamanca","acom_code":"07","acom_name":"Castilla y León","geo_point_2d":{"lon":-5.505228782628325,"lat":41.07097923361681}},"geometry":{"type":"Polygon","coordinates":[[[-5.54022,41.07637],[-5.53657,41.07048],[-5.53776,41.06858],[-5.53687,41.06306],[-5.53107,41.0589],[-5.5257,41.05742],[-5.52474,41.05301],[-5.52846,41.0549],[-5.52999,41.05403],[-5.52493,41.05006],[-5.51777,41.04855],[-5.51121,41.0531],[-5.50709,41.05318],[-5.50261,41.0566],[-5.49938,41.05541],[-5.49605,41.05648],[-5.4946,41.05535],[-5.49087,41.05553],[-5.48808,41.05666],[-5.484,41.06425],[-5.48185,41.06422],[-5.48308,41.06519],[-5.48132,41.06856],[-5.47931,41.06817],[-5.4769,41.07004],[-5.47747,41.07523],[-5.47423,41.07799],[-5.48034,41.08368],[-5.47998,41.08765],[-5.47815,41.08714],[-5.47078,41.09107],[-5.46928,41.09617],[-5.4829,41.09036],[-5.48731,41.09605],[-5.49239,41.09655],[-5.49427,41.0903],[-5.50164,41.08487],[-5.50385,41.07976],[-5.50348,41.07632],[-5.51419,41.07625],[-5.51837,41.08101],[-5.52102,41.08203],[-5.52785,41.08157],[-5.52963,41.08014],[-5.53248,41.08079],[-5.53851,41.07728],[-5.54022,41.07637]]]}},{"type":"Feature","properties":{"mun_code":"37173","mun_name":"Lumbrales","mun_name_local":null,"prov_code":"37","prov_name":"Salamanca","acom_code":"07","acom_name":"Castilla y León","geo_point_2d":{"lon":-6.694557990520864,"lat":40.943719624565304}},"geometry":{"type":"Polygon","coordinates":[[[-6.75898,40.93758],[-6.7407,40.92908],[-6.73588,40.92866],[-6.73123,40.92186],[-6.72826,40.92126],[-6.72765,40.91161],[-6.72046,40.90756],[-6.71852,40.90771],[-6.71252,40.90233],[-6.70708,40.90389],[-6.70309,40.893],[-6.69822,40.89267],[-6.69146,40.89548],[-6.68517,40.90072],[-6.67131,40.90797],[-6.66081,40.90965],[-6.65437,40.90816],[-6.64998,40.9087],[-6.64153,40.91206],[-6.6488,40.92839],[-6.64625,40.93448],[-6.64204,40.93753],[-6.64159,40.94118],[-6.6451,40.94708],[-6.64527,40.95086],[-6.64257,40.95397],[-6.64351,40.9562],[-6.64144,40.96289],[-6.63769,40.96949],[-6.64153,40.97434],[-6.65907,40.97368],[-6.67996,40.9786],[-6.69224,40.98372],[-6.69493,40.98691],[-6.70205,40.99104],[-6.70511,40.99132],[-6.70499,40.99446],[-6.70977,40.9912],[-6.72016,40.98876],[-6.72343,40.98607],[-6.72689,40.97653],[-6.73629,40.96865],[-6.74516,40.95852],[-6.75274,40.954],[-6.75802,40.93924],[-6.75898,40.93758]]]}},{"type":"Feature","properties":{"mun_code":"37019","mun_name":"Aldearrodrigo","mun_name_local":null,"prov_code":"37","prov_name":"Salamanca","acom_code":"07","acom_name":"Castilla y León","geo_point_2d":{"lon":-5.806224664474817,"lat":41.11519736252843}},"geometry":{"type":"Polygon","coordinates":[[[-5.82231,41.12771],[-5.81436,41.11368],[-5.81426,41.10296],[-5.81755,41.09138],[-5.8149,41.09209],[-5.81065,41.09109],[-5.80866,41.09035],[-5.80861,41.08738],[-5.80227,41.08592],[-5.80371,41.08732],[-5.80275,41.09257],[-5.79165,41.12467],[-5.79483,41.12886],[-5.79537,41.13831],[-5.8065,41.13741],[-5.81006,41.13373],[-5.813,41.13286],[-5.81335,41.13017],[-5.82143,41.12802],[-5.82231,41.12771]]]}},{"type":"Feature","properties":{"mun_code":"37011","mun_name":"La Alberguería de Argañán","mun_name_local":null,"prov_code":"37","prov_name":"Salamanca","acom_code":"07","acom_name":"Castilla y León","geo_point_2d":{"lon":-6.806367721164349,"lat":40.41792911234075}},"geometry":{"type":"Polygon","coordinates":[[[-6.84502,40.43626],[-6.83873,40.41473],[-6.83447,40.4077],[-6.83148,40.40612],[-6.82932,40.4019],[-6.82193,40.39564],[-6.81252,40.39094],[-6.80946,40.38728],[-6.81046,40.38495],[-6.80919,40.38373],[-6.80028,40.37877],[-6.78953,40.38819],[-6.78429,40.39772],[-6.77989,40.40133],[-6.77317,40.41143],[-6.7722,40.41422],[-6.77722,40.41679],[-6.78344,40.42388],[-6.76783,40.43731],[-6.77094,40.44308],[-6.77284,40.44388],[-6.78092,40.44207],[-6.78515,40.44391],[-6.79367,40.44137],[-6.79599,40.44214],[-6.80156,40.44091],[-6.81259,40.44439],[-6.81657,40.44475],[-6.81997,40.44343],[-6.82447,40.44524],[-6.84148,40.43834],[-6.84502,40.43626]]]}},{"type":"Feature","properties":{"mun_code":"37061","mun_name":"El Cabaco","mun_name_local":null,"prov_code":"37","prov_name":"Salamanca","acom_code":"07","acom_name":"Castilla y León","geo_point_2d":{"lon":-6.143826125522119,"lat":40.57067238026269}},"geometry":{"type":"Polygon","coordinates":[[[-6.17967,40.52482],[-6.17717,40.52461],[-6.17378,40.51956],[-6.16964,40.51658],[-6.17053,40.51315],[-6.17622,40.50927],[-6.16854,40.50608],[-6.15741,40.50762],[-6.15315,40.50442],[-6.14624,40.50288],[-6.15524,40.52012],[-6.14505,40.53077],[-6.13904,40.53464],[-6.13769,40.53878],[-6.13114,40.54568],[-6.11845,40.54929],[-6.11309,40.55335],[-6.10554,40.55428],[-6.113,40.57228],[-6.11247,40.58072],[-6.12249,40.58847],[-6.116,40.59155],[-6.12594,40.60995],[-6.12248,40.61208],[-6.11825,40.61177],[-6.11579,40.6169],[-6.11359,40.61623],[-6.11096,40.61957],[-6.10947,40.62476],[-6.11396,40.63222],[-6.11657,40.6332],[-6.12445,40.63459],[-6.12815,40.62636],[-6.13832,40.61982],[-6.1457,40.61904],[-6.15815,40.62151],[-6.16134,40.60344],[-6.15685,40.597],[-6.15722,40.59208],[-6.1521,40.59137],[-6.15052,40.58601],[-6.14615,40.58257],[-6.14718,40.5819],[-6.14908,40.58303],[-6.15261,40.58809],[-6.15553,40.58932],[-6.15778,40.58823],[-6.16808,40.58921],[-6.17139,40.58606],[-6.17311,40.57165],[-6.16737,40.55758],[-6.16953,40.54986],[-6.17677,40.53764],[-6.17303,40.53199],[-6.17312,40.52803],[-6.17967,40.52482]]]}},{"type":"Feature","properties":{"mun_code":"37199","mun_name":"Monsagro","mun_name_local":null,"prov_code":"37","prov_name":"Salamanca","acom_code":"07","acom_name":"Castilla y León","geo_point_2d":{"lon":-6.241545324413456,"lat":40.50261783966071}},"geometry":{"type":"Polygon","coordinates":[[[-6.30613,40.50794],[-6.30724,40.50562],[-6.31765,40.49737],[-6.31239,40.48954],[-6.30927,40.48922],[-6.30415,40.4916],[-6.29847,40.49215],[-6.29407,40.49114],[-6.27703,40.48416],[-6.27379,40.47612],[-6.26901,40.47229],[-6.25502,40.47],[-6.23994,40.48586],[-6.23048,40.4866],[-6.22392,40.4844],[-6.22089,40.48489],[-6.21204,40.48269],[-6.20137,40.48288],[-6.19869,40.48143],[-6.18846,40.48681],[-6.18409,40.49782],[-6.18542,40.50108],[-6.17705,40.50574],[-6.17622,40.50927],[-6.17053,40.51315],[-6.16964,40.51658],[-6.17378,40.51956],[-6.17717,40.52461],[-6.18772,40.52303],[-6.19358,40.52392],[-6.19647,40.52635],[-6.19879,40.52592],[-6.21231,40.52925],[-6.22005,40.5287],[-6.22486,40.51958],[-6.23027,40.51945],[-6.24425,40.52384],[-6.25939,40.51903],[-6.27825,40.52009],[-6.28635,40.51885],[-6.28875,40.52163],[-6.29423,40.52258],[-6.30481,40.51308],[-6.30628,40.50875],[-6.30613,40.50794]]]}},{"type":"Feature","properties":{"mun_code":"37237","mun_name":"Pedrosillo de los Aires","mun_name_local":null,"prov_code":"37","prov_name":"Salamanca","acom_code":"07","acom_name":"Castilla y León","geo_point_2d":{"lon":-5.700653572045071,"lat":40.692455428621734}},"geometry":{"type":"Polygon","coordinates":[[[-5.76882,40.68972],[-5.76953,40.68838],[-5.76196,40.68183],[-5.75087,40.67755],[-5.73849,40.66795],[-5.73523,40.66144],[-5.71479,40.66397],[-5.70602,40.66632],[-5.70166,40.67039],[-5.7008,40.67426],[-5.69571,40.66693],[-5.68833,40.66477],[-5.68498,40.66554],[-5.68417,40.66113],[-5.68195,40.659],[-5.67764,40.65815],[-5.67329,40.66248],[-5.66968,40.66271],[-5.65234,40.65605],[-5.64563,40.64742],[-5.64193,40.65241],[-5.63519,40.65256],[-5.63077,40.65736],[-5.62942,40.6695],[-5.62562,40.67315],[-5.62444,40.67794],[-5.62199,40.67907],[-5.63639,40.68688],[-5.64178,40.6946],[-5.64118,40.69836],[-5.64476,40.70126],[-5.65218,40.70493],[-5.65595,40.70497],[-5.66932,40.71261],[-5.67221,40.72033],[-5.67639,40.72029],[-5.67682,40.72285],[-5.67874,40.72164],[-5.67774,40.71988],[-5.68039,40.71826],[-5.69135,40.72374],[-5.69538,40.72443],[-5.69821,40.72724],[-5.7059,40.72765],[-5.70708,40.7276],[-5.70627,40.72157],[-5.70966,40.72183],[-5.71255,40.72485],[-5.72197,40.72933],[-5.72628,40.72943],[-5.72851,40.73151],[-5.73333,40.73263],[-5.73523,40.73192],[-5.74267,40.73356],[-5.74898,40.73346],[-5.75061,40.73179],[-5.75835,40.72992],[-5.76179,40.72368],[-5.76669,40.72067],[-5.76413,40.70141],[-5.76703,40.69112],[-5.76882,40.68972]]]}},{"type":"Feature","properties":{"mun_code":"37156","mun_name":"Guijuelo","mun_name_local":null,"prov_code":"37","prov_name":"Salamanca","acom_code":"07","acom_name":"Castilla y León","geo_point_2d":{"lon":-5.690071802531313,"lat":40.573546565775125}},"geometry":{"type":"Polygon","coordinates":[[[-5.76112,40.63907],[-5.7376,40.6181],[-5.73886,40.57644],[-5.7288,40.57481],[-5.7234,40.57657],[-5.7208,40.5762],[-5.71753,40.57365],[-5.71806,40.57229],[-5.71242,40.57274],[-5.707,40.56799],[-5.70478,40.55301],[-5.71155,40.55112],[-5.71313,40.54854],[-5.72189,40.54511],[-5.71969,40.53941],[-5.71587,40.53813],[-5.71417,40.53425],[-5.71046,40.53243],[-5.70998,40.52955],[-5.71603,40.52592],[-5.71872,40.52588],[-5.71266,40.5238],[-5.69936,40.52589],[-5.67438,40.52401],[-5.66907,40.52961],[-5.66166,40.53141],[-5.65616,40.53461],[-5.65133,40.53591],[-5.64771,40.53521],[-5.63955,40.53763],[-5.63553,40.53645],[-5.63321,40.54297],[-5.63176,40.54326],[-5.63328,40.55193],[-5.63018,40.55394],[-5.63535,40.55499],[-5.641,40.55809],[-5.64607,40.56387],[-5.64696,40.56814],[-5.65206,40.57614],[-5.65086,40.58337],[-5.6385,40.59002],[-5.64403,40.59159],[-5.65028,40.59792],[-5.66506,40.60063],[-5.67658,40.60919],[-5.68509,40.60735],[-5.68605,40.60609],[-5.69148,40.60626],[-5.71177,40.61372],[-5.71464,40.61695],[-5.71741,40.61461],[-5.73045,40.6185],[-5.73674,40.62348],[-5.73631,40.63703],[-5.75848,40.64417],[-5.76046,40.6394],[-5.76112,40.63907]]]}},{"type":"Feature","properties":{"mun_code":"37039","mun_name":"Bañobárez","mun_name_local":null,"prov_code":"37","prov_name":"Salamanca","acom_code":"07","acom_name":"Castilla y León","geo_point_2d":{"lon":-6.62118331354814,"lat":40.81921344396752}},"geometry":{"type":"MultiPolygon","coordinates":[[[[-6.63276,40.78105],[-6.63674,40.77961],[-6.6517,40.78022],[-6.65779,40.78528],[-6.66052,40.7859],[-6.66304,40.78542],[-6.66534,40.78199],[-6.65886,40.78071],[-6.65665,40.77438],[-6.64747,40.77205],[-6.64493,40.76612],[-6.63193,40.76376],[-6.62752,40.76538],[-6.62262,40.77286],[-6.61802,40.77192],[-6.60321,40.75468],[-6.59893,40.75284],[-6.59788,40.74441],[-6.59421,40.73938],[-6.59599,40.73403],[-6.58888,40.7293],[-6.58387,40.73152],[-6.57992,40.73094],[-6.57398,40.73703],[-6.58706,40.7427],[-6.59198,40.74665],[-6.59719,40.75716],[-6.60725,40.76597],[-6.61282,40.76898],[-6.61271,40.77896],[-6.62146,40.77814],[-6.63239,40.78097],[-6.63276,40.78105]]],[[[-6.59727,40.86685],[-6.60438,40.86682],[-6.61029,40.87033],[-6.61576,40.87099],[-6.61582,40.87335],[-6.61948,40.8729],[-6.62114,40.86566],[-6.62618,40.86598],[-6.62726,40.85865],[-6.63295,40.85956],[-6.6342,40.85608],[-6.63987,40.8561],[-6.64201,40.8488],[-6.64519,40.84869],[-6.65974,40.85913],[-6.67257,40.85906],[-6.67234,40.85489],[-6.66934,40.85346],[-6.67046,40.8392],[-6.66648,40.83359],[-6.65746,40.82617],[-6.65694,40.82213],[-6.65398,40.81802],[-6.64907,40.8146],[-6.64375,40.81362],[-6.64129,40.8036],[-6.63814,40.79978],[-6.63861,40.79008],[-6.63573,40.78607],[-6.63354,40.7859],[-6.62637,40.79235],[-6.61939,40.79306],[-6.61824,40.79695],[-6.61397,40.80034],[-6.595,40.78518],[-6.57886,40.78289],[-6.56896,40.78325],[-6.56388,40.78474],[-6.55752,40.78296],[-6.55146,40.79408],[-6.55751,40.79508],[-6.56236,40.80021],[-6.56529,40.79803],[-6.56827,40.79004],[-6.57377,40.78895],[-6.5801,40.79006],[-6.58674,40.78793],[-6.59803,40.79126],[-6.6136,40.80158],[-6.61093,40.80411],[-6.61279,40.80838],[-6.60788,40.81396],[-6.60239,40.817],[-6.59967,40.8211],[-6.59742,40.82115],[-6.59507,40.82384],[-6.59264,40.82365],[-6.5854,40.82864],[-6.57964,40.83406],[-6.58415,40.83621],[-6.58739,40.84012],[-6.58957,40.84438],[-6.58792,40.85233],[-6.59164,40.85517],[-6.59663,40.86367],[-6.59727,40.86685]]]]}},{"type":"Feature","properties":{"mun_code":"37047","mun_name":"Beleña","mun_name_local":null,"prov_code":"37","prov_name":"Salamanca","acom_code":"07","acom_name":"Castilla y León","geo_point_2d":{"lon":-5.645956591327579,"lat":40.74162107730096}},"geometry":{"type":"Polygon","coordinates":[[[-5.69821,40.72724],[-5.69538,40.72443],[-5.69135,40.72374],[-5.68039,40.71826],[-5.67774,40.71988],[-5.67874,40.72164],[-5.67682,40.72285],[-5.67639,40.72029],[-5.67221,40.72033],[-5.66932,40.71261],[-5.66522,40.71008],[-5.66269,40.71349],[-5.65305,40.71852],[-5.64804,40.71782],[-5.64226,40.72846],[-5.64027,40.72703],[-5.62957,40.72741],[-5.62599,40.72941],[-5.6224,40.72858],[-5.62174,40.73107],[-5.61882,40.73042],[-5.60926,40.73649],[-5.60383,40.73745],[-5.60358,40.74348],[-5.60534,40.74498],[-5.60365,40.74961],[-5.60516,40.75505],[-5.61105,40.75442],[-5.61008,40.75603],[-5.61243,40.75608],[-5.61109,40.76125],[-5.61497,40.76394],[-5.61753,40.76336],[-5.61896,40.76134],[-5.62004,40.76312],[-5.62733,40.76542],[-5.62728,40.76716],[-5.63339,40.76556],[-5.63981,40.76908],[-5.64276,40.76978],[-5.64372,40.76892],[-5.65441,40.77469],[-5.65785,40.7745],[-5.65448,40.76453],[-5.65504,40.76001],[-5.65784,40.75866],[-5.65815,40.75482],[-5.66266,40.75536],[-5.66185,40.75362],[-5.66616,40.75139],[-5.66675,40.74913],[-5.66323,40.74242],[-5.66381,40.73906],[-5.66025,40.73926],[-5.65894,40.737],[-5.67231,40.73773],[-5.67368,40.7348],[-5.68032,40.7343],[-5.69149,40.73679],[-5.6925,40.7391],[-5.69389,40.73654],[-5.69562,40.73669],[-5.69695,40.73014],[-5.69953,40.72871],[-5.69831,40.728],[-5.69821,40.72724]]]}},{"type":"Feature","properties":{"mun_code":"37179","mun_name":"Mancera de Abajo","mun_name_local":null,"prov_code":"37","prov_name":"Salamanca","acom_code":"07","acom_name":"Castilla y León","geo_point_2d":{"lon":-5.189391422396815,"lat":40.8359020619559}},"geometry":{"type":"Polygon","coordinates":[[[-5.24177,40.83764],[-5.24368,40.8365],[-5.24082,40.83461],[-5.23721,40.83549],[-5.2332,40.83272],[-5.2212,40.82987],[-5.21768,40.82681],[-5.21558,40.82746],[-5.21116,40.82182],[-5.20465,40.82127],[-5.19806,40.81553],[-5.19175,40.81471],[-5.18763,40.81094],[-5.18454,40.81284],[-5.1821,40.80988],[-5.18071,40.81064],[-5.17869,40.80905],[-5.17763,40.80527],[-5.16679,40.81117],[-5.16593,40.81352],[-5.16474,40.81278],[-5.16151,40.814],[-5.16168,40.81791],[-5.1574,40.8215],[-5.15747,40.82411],[-5.16187,40.82809],[-5.1611,40.82957],[-5.16393,40.83101],[-5.16389,40.83439],[-5.16683,40.83449],[-5.16896,40.83999],[-5.1656,40.84319],[-5.16488,40.85198],[-5.16301,40.8545],[-5.16423,40.85685],[-5.16154,40.86225],[-5.16381,40.86437],[-5.16262,40.868],[-5.17475,40.86833],[-5.17935,40.86315],[-5.18068,40.85899],[-5.18284,40.85811],[-5.1812,40.85731],[-5.18766,40.85623],[-5.18906,40.85468],[-5.19372,40.85596],[-5.19365,40.85425],[-5.19792,40.85516],[-5.19904,40.85082],[-5.20387,40.84907],[-5.20651,40.84941],[-5.20751,40.84664],[-5.2129,40.84645],[-5.21986,40.84419],[-5.22248,40.84485],[-5.22664,40.84182],[-5.22993,40.84319],[-5.23483,40.84287],[-5.23396,40.84128],[-5.23831,40.83965],[-5.23911,40.83794],[-5.24177,40.83764]]]}},{"type":"Feature","properties":{"mun_code":"37285","mun_name":"San Felices de los Gallegos","mun_name_local":null,"prov_code":"37","prov_name":"Salamanca","acom_code":"07","acom_name":"Castilla y León","geo_point_2d":{"lon":-6.694499455581728,"lat":40.83488883076016}},"geometry":{"type":"Polygon","coordinates":[[[-6.7586,40.83983],[-6.75551,40.83819],[-6.75147,40.83823],[-6.74772,40.82657],[-6.74249,40.82359],[-6.73868,40.82363],[-6.73501,40.81606],[-6.73582,40.8097],[-6.73155,40.80393],[-6.72871,40.80225],[-6.72284,40.80223],[-6.7222,40.79835],[-6.71837,40.79616],[-6.71899,40.79267],[-6.71497,40.78936],[-6.71304,40.78548],[-6.70075,40.77864],[-6.68522,40.77709],[-6.67712,40.77977],[-6.67262,40.78446],[-6.66856,40.7847],[-6.66795,40.78071],[-6.66571,40.7815],[-6.66304,40.78542],[-6.66052,40.7859],[-6.65779,40.78528],[-6.6517,40.78022],[-6.63674,40.77961],[-6.63276,40.78105],[-6.63354,40.7859],[-6.63573,40.78607],[-6.63861,40.79008],[-6.63814,40.79978],[-6.64129,40.8036],[-6.64375,40.81362],[-6.64907,40.8146],[-6.65398,40.81802],[-6.65694,40.82213],[-6.65746,40.82617],[-6.66648,40.83359],[-6.67046,40.8392],[-6.66934,40.85346],[-6.67234,40.85489],[-6.67552,40.86762],[-6.68376,40.87271],[-6.6762,40.87415],[-6.6712,40.88049],[-6.66627,40.88305],[-6.66361,40.88953],[-6.65597,40.89304],[-6.64893,40.90453],[-6.64998,40.9087],[-6.65437,40.90816],[-6.66081,40.90965],[-6.67131,40.90797],[-6.68517,40.90072],[-6.69146,40.89548],[-6.69822,40.89267],[-6.70687,40.89255],[-6.70342,40.88389],[-6.71314,40.88099],[-6.71651,40.88195],[-6.71672,40.87956],[-6.71435,40.87943],[-6.71328,40.87654],[-6.71606,40.8772],[-6.72536,40.8758],[-6.72734,40.86553],[-6.73451,40.86362],[-6.74423,40.85772],[-6.74802,40.85794],[-6.75008,40.85541],[-6.75124,40.85624],[-6.75457,40.85474],[-6.75349,40.85172],[-6.75659,40.85085],[-6.75679,40.84893],[-6.75513,40.84757],[-6.75587,40.84091],[-6.75816,40.84011],[-6.7586,40.83983]]]}},{"type":"Feature","properties":{"mun_code":"37352","mun_name":"Villagonzalo de Tormes","mun_name_local":null,"prov_code":"37","prov_name":"Salamanca","acom_code":"07","acom_name":"Castilla y León","geo_point_2d":{"lon":-5.510593702112683,"lat":40.895611542377594}},"geometry":{"type":"MultiPolygon","coordinates":[[[[-5.54843,40.87338],[-5.55331,40.86721],[-5.55305,40.86488],[-5.5561,40.85995],[-5.55072,40.85647],[-5.53486,40.86009],[-5.53009,40.866],[-5.51791,40.86384],[-5.51441,40.86141],[-5.51018,40.86096],[-5.51002,40.85936],[-5.50593,40.86123],[-5.49914,40.86139],[-5.49592,40.86607],[-5.49352,40.88849],[-5.49094,40.8914],[-5.48182,40.89547],[-5.47911,40.90674],[-5.48334,40.90749],[-5.4889,40.90535],[-5.49098,40.90686],[-5.50294,40.90744],[-5.50291,40.90652],[-5.50725,40.90873],[-5.51841,40.90354],[-5.51974,40.90446],[-5.52531,40.89965],[-5.52379,40.89771],[-5.52752,40.89239],[-5.54108,40.886],[-5.54455,40.87529],[-5.54754,40.87529],[-5.54843,40.87338]]],[[[-5.48247,40.96295],[-5.49696,40.95442],[-5.50488,40.9541],[-5.50449,40.95294],[-5.51097,40.94627],[-5.50877,40.94598],[-5.50825,40.94435],[-5.50542,40.94441],[-5.50111,40.94487],[-5.50091,40.94693],[-5.49868,40.94435],[-5.49687,40.94433],[-5.4999,40.94153],[-5.49646,40.93733],[-5.49474,40.93764],[-5.49428,40.93985],[-5.49033,40.93754],[-5.4872,40.9387],[-5.48232,40.93426],[-5.47917,40.93487],[-5.47604,40.93632],[-5.47703,40.93934],[-5.47556,40.94684],[-5.4792,40.9578],[-5.48151,40.95889],[-5.48247,40.96295]]]]}},{"type":"Feature","properties":{"mun_code":"37141","mun_name":"Gajates","mun_name_local":null,"prov_code":"37","prov_name":"Salamanca","acom_code":"07","acom_name":"Castilla y León","geo_point_2d":{"lon":-5.363610975941386,"lat":40.79282920641926}},"geometry":{"type":"Polygon","coordinates":[[[-5.39588,40.789],[-5.39553,40.78675],[-5.39413,40.78782],[-5.38973,40.78695],[-5.388,40.78526],[-5.39018,40.77858],[-5.38778,40.77794],[-5.38934,40.7734],[-5.38557,40.77166],[-5.38801,40.76745],[-5.38702,40.76662],[-5.38486,40.76868],[-5.38238,40.76766],[-5.37922,40.76882],[-5.3749,40.76558],[-5.37174,40.76751],[-5.37094,40.76618],[-5.36561,40.76482],[-5.36274,40.76702],[-5.36111,40.76672],[-5.36272,40.76462],[-5.36092,40.76316],[-5.35958,40.75599],[-5.3556,40.76052],[-5.34445,40.76718],[-5.34505,40.76833],[-5.3287,40.7864],[-5.32812,40.79094],[-5.3319,40.79811],[-5.33727,40.80021],[-5.33766,40.80321],[-5.33597,40.8049],[-5.3428,40.80814],[-5.34497,40.81084],[-5.34597,40.81609],[-5.34478,40.81714],[-5.3556,40.82312],[-5.36389,40.82474],[-5.36757,40.82093],[-5.37012,40.82062],[-5.37184,40.82198],[-5.38366,40.81725],[-5.38943,40.81271],[-5.39244,40.814],[-5.39763,40.81023],[-5.396,40.8089],[-5.39954,40.80704],[-5.39853,40.80195],[-5.3956,40.80042],[-5.39374,40.80164],[-5.39356,40.80027],[-5.38991,40.80412],[-5.38921,40.80337],[-5.39355,40.79944],[-5.38555,40.79076],[-5.38769,40.78956],[-5.3938,40.79278],[-5.39552,40.78996],[-5.39588,40.789]]]}},{"type":"Feature","properties":{"mun_code":"37197","mun_name":"Monleón","mun_name_local":null,"prov_code":"37","prov_name":"Salamanca","acom_code":"07","acom_name":"Castilla y León","geo_point_2d":{"lon":-5.848994985118552,"lat":40.58178598814853}},"geometry":{"type":"Polygon","coordinates":[[[-5.87831,40.59456],[-5.87735,40.59098],[-5.87934,40.58363],[-5.87609,40.57862],[-5.8752,40.57301],[-5.87185,40.56817],[-5.86722,40.56616],[-5.86586,40.56361],[-5.86786,40.55525],[-5.86959,40.55382],[-5.86643,40.55027],[-5.8614,40.54846],[-5.86024,40.55401],[-5.85241,40.56021],[-5.84945,40.55577],[-5.84602,40.56062],[-5.84238,40.56145],[-5.83834,40.56484],[-5.83751,40.56971],[-5.82918,40.57388],[-5.82154,40.58049],[-5.82096,40.58222],[-5.82305,40.58566],[-5.81767,40.60448],[-5.81895,40.60695],[-5.82459,40.60883],[-5.83111,40.60362],[-5.83568,40.60199],[-5.85331,40.60195],[-5.85492,40.59905],[-5.85454,40.59475],[-5.85815,40.59434],[-5.85979,40.5927],[-5.86903,40.59579],[-5.87756,40.59438],[-5.87831,40.59456]]]}},{"type":"Feature","properties":{"mun_code":"37246","mun_name":"Peñaranda de Bracamonte","mun_name_local":null,"prov_code":"37","prov_name":"Salamanca","acom_code":"07","acom_name":"Castilla y León","geo_point_2d":{"lon":-5.212057149499161,"lat":40.90136023037867}},"geometry":{"type":"Polygon","coordinates":[[[-5.24942,40.91803],[-5.24745,40.9154],[-5.25076,40.91291],[-5.2542,40.9068],[-5.24974,40.90617],[-5.24773,40.8991],[-5.23707,40.88833],[-5.22084,40.88531],[-5.20748,40.87923],[-5.20167,40.88122],[-5.19604,40.87473],[-5.18955,40.87488],[-5.18324,40.87759],[-5.18174,40.88748],[-5.18025,40.88837],[-5.18397,40.89595],[-5.18238,40.89742],[-5.18376,40.89859],[-5.18262,40.90931],[-5.18935,40.92257],[-5.20388,40.92399],[-5.21136,40.92313],[-5.22428,40.91801],[-5.23087,40.9202],[-5.23592,40.91877],[-5.24038,40.91528],[-5.24577,40.91636],[-5.24942,40.91803]]]}},{"type":"Feature","properties":{"mun_code":"37346","mun_name":"Las Veguillas","mun_name_local":null,"prov_code":"37","prov_name":"Salamanca","acom_code":"07","acom_name":"Castilla y León","geo_point_2d":{"lon":-5.832046162256198,"lat":40.73908431141296}},"geometry":{"type":"Polygon","coordinates":[[[-5.89686,40.72186],[-5.89643,40.71879],[-5.89324,40.71569],[-5.88204,40.71197],[-5.87807,40.71472],[-5.868,40.7156],[-5.86541,40.71378],[-5.86244,40.71446],[-5.85534,40.71817],[-5.85353,40.71574],[-5.85647,40.71247],[-5.85228,40.70615],[-5.84933,40.70389],[-5.83966,40.70161],[-5.83382,40.70235],[-5.82304,40.701],[-5.82212,40.70523],[-5.81684,40.70742],[-5.8167,40.71018],[-5.81125,40.70901],[-5.80752,40.71068],[-5.80304,40.71055],[-5.79935,40.71463],[-5.81664,40.72204],[-5.81583,40.72484],[-5.80958,40.72692],[-5.80824,40.7303],[-5.80573,40.73234],[-5.8043,40.73201],[-5.80364,40.73564],[-5.80045,40.73856],[-5.79777,40.74007],[-5.79432,40.739],[-5.7929,40.7403],[-5.78821,40.74061],[-5.78521,40.74304],[-5.78455,40.74932],[-5.79065,40.75272],[-5.78523,40.75528],[-5.78523,40.75802],[-5.78646,40.75856],[-5.78906,40.75577],[-5.79024,40.7571],[-5.78856,40.75913],[-5.79521,40.761],[-5.79528,40.76543],[-5.79734,40.76693],[-5.79679,40.76842],[-5.79045,40.76786],[-5.79092,40.76995],[-5.79289,40.77003],[-5.79295,40.77217],[-5.78976,40.77513],[-5.79221,40.77772],[-5.79131,40.77895],[-5.79315,40.77847],[-5.79603,40.78135],[-5.80463,40.78003],[-5.80815,40.78195],[-5.8096,40.78001],[-5.81482,40.78104],[-5.81828,40.77429],[-5.82171,40.77179],[-5.82689,40.77174],[-5.82721,40.76914],[-5.8307,40.76958],[-5.83312,40.76645],[-5.84554,40.76386],[-5.85023,40.75904],[-5.8548,40.75861],[-5.85767,40.75981],[-5.86139,40.75843],[-5.86189,40.75492],[-5.86723,40.75107],[-5.86606,40.74983],[-5.86681,40.72968],[-5.87564,40.72794],[-5.87782,40.72471],[-5.88106,40.72656],[-5.8907,40.72656],[-5.89693,40.7223],[-5.89686,40.72186]]]}},{"type":"Feature","properties":{"mun_code":"37017","mun_name":"Aldeanueva de Figueroa","mun_name_local":null,"prov_code":"37","prov_name":"Salamanca","acom_code":"07","acom_name":"Castilla y León","geo_point_2d":{"lon":-5.5351333424085185,"lat":41.16911891774807}},"geometry":{"type":"Polygon","coordinates":[[[-5.59413,41.18764],[-5.58467,41.18254],[-5.57845,41.1776],[-5.57646,41.17327],[-5.56902,41.16781],[-5.56822,41.15589],[-5.56524,41.15155],[-5.56532,41.14831],[-5.55557,41.1531],[-5.55056,41.15221],[-5.55436,41.14756],[-5.55294,41.1468],[-5.55555,41.14321],[-5.54942,41.13884],[-5.55194,41.1374],[-5.54805,41.13233],[-5.54906,41.131],[-5.53272,41.12942],[-5.53193,41.12655],[-5.5245,41.13045],[-5.52504,41.12939],[-5.52044,41.12915],[-5.51626,41.12646],[-5.51061,41.12763],[-5.5081,41.12993],[-5.50414,41.12704],[-5.50255,41.12839],[-5.49912,41.12745],[-5.49517,41.13027],[-5.49586,41.13165],[-5.49172,41.13457],[-5.49189,41.13639],[-5.47115,41.14143],[-5.47009,41.1449],[-5.47434,41.15409],[-5.47722,41.15155],[-5.47614,41.15079],[-5.47992,41.14983],[-5.4808,41.14678],[-5.48434,41.1455],[-5.48638,41.1474],[-5.48832,41.16131],[-5.48784,41.17158],[-5.48525,41.17885],[-5.48815,41.17933],[-5.49658,41.17733],[-5.50641,41.18028],[-5.5132,41.1851],[-5.51455,41.19089],[-5.51808,41.19487],[-5.52519,41.19583],[-5.5399,41.20465],[-5.54308,41.20529],[-5.55554,41.21402],[-5.56255,41.21524],[-5.56507,41.21704],[-5.57233,41.21591],[-5.58793,41.20244],[-5.5943,41.18855],[-5.59413,41.18764]]]}},{"type":"Feature","properties":{"mun_code":"37309","mun_name":"La Sierpe","mun_name_local":null,"prov_code":"37","prov_name":"Salamanca","acom_code":"07","acom_name":"Castilla y León","geo_point_2d":{"lon":-5.852381020065282,"lat":40.64723848742958}},"geometry":{"type":"Polygon","coordinates":[[[-5.88579,40.6456],[-5.87984,40.64202],[-5.86414,40.63926],[-5.85851,40.63784],[-5.8573,40.63575],[-5.85313,40.63545],[-5.85192,40.63075],[-5.84661,40.62597],[-5.84255,40.62478],[-5.83442,40.62827],[-5.82887,40.63698],[-5.82075,40.64226],[-5.82248,40.64936],[-5.82022,40.65318],[-5.82167,40.65767],[-5.82466,40.65871],[-5.84552,40.65559],[-5.853,40.66375],[-5.86384,40.66414],[-5.87902,40.65984],[-5.88481,40.65949],[-5.88761,40.65346],[-5.88723,40.64772],[-5.88579,40.6456]]]}},{"type":"Feature","properties":{"mun_code":"37328","mun_name":"Trabanca","mun_name_local":null,"prov_code":"37","prov_name":"Salamanca","acom_code":"07","acom_name":"Castilla y León","geo_point_2d":{"lon":-6.375967409039973,"lat":41.241364518555166}},"geometry":{"type":"Polygon","coordinates":[[[-6.40007,41.27873],[-6.3962,41.26992],[-6.39643,41.25625],[-6.38777,41.23601],[-6.38782,41.23183],[-6.39085,41.22448],[-6.38993,41.22091],[-6.39266,41.21919],[-6.40342,41.21788],[-6.39596,41.2079],[-6.38891,41.20241],[-6.38279,41.1923],[-6.3719,41.19105],[-6.36252,41.19467],[-6.35925,41.21279],[-6.35834,41.23086],[-6.35982,41.25772],[-6.3551,41.26784],[-6.34844,41.27169],[-6.34775,41.27368],[-6.35447,41.27915],[-6.36318,41.28139],[-6.36598,41.28457],[-6.37228,41.2863],[-6.38263,41.28572],[-6.39137,41.27892],[-6.39657,41.27894],[-6.40007,41.27873]]]}},{"type":"Feature","properties":{"mun_code":"37067","mun_name":"Cabrerizos","mun_name_local":null,"prov_code":"37","prov_name":"Salamanca","acom_code":"07","acom_name":"Castilla y León","geo_point_2d":{"lon":-5.600596498526331,"lat":40.980772533590454}},"geometry":{"type":"Polygon","coordinates":[[[-5.6334,40.98493],[-5.62499,40.98114],[-5.62375,40.97619],[-5.62595,40.97396],[-5.62267,40.96929],[-5.63651,40.96376],[-5.62936,40.95306],[-5.62062,40.96776],[-5.61737,40.97056],[-5.59591,40.9743],[-5.59531,40.97675],[-5.59153,40.97729],[-5.59117,40.97915],[-5.57825,40.97614],[-5.56393,40.97527],[-5.56372,40.9737],[-5.55797,40.97367],[-5.55312,40.97561],[-5.55968,40.97796],[-5.56021,40.97968],[-5.55587,40.97999],[-5.5616,40.98439],[-5.564,40.98986],[-5.58452,40.98485],[-5.58777,40.98992],[-5.59547,40.99166],[-5.60903,40.99792],[-5.61666,40.99462],[-5.62008,40.99035],[-5.63131,40.98804],[-5.6334,40.98493]]]}},{"type":"Feature","properties":{"mun_code":"37360","mun_name":"Villar de Peralonso","mun_name_local":null,"prov_code":"37","prov_name":"Salamanca","acom_code":"07","acom_name":"Castilla y León","geo_point_2d":{"lon":-6.21044206858907,"lat":41.03558327258998}},"geometry":{"type":"Polygon","coordinates":[[[-6.26398,41.01721],[-6.26289,41.01384],[-6.24313,41.00456],[-6.23769,41.00615],[-6.23502,41.0036],[-6.22645,41.00683],[-6.20487,41.0171],[-6.1877,41.02794],[-6.17658,41.0321],[-6.17725,41.03323],[-6.17187,41.03263],[-6.1702,41.03896],[-6.16537,41.04388],[-6.15802,41.05911],[-6.1657,41.06437],[-6.16606,41.06599],[-6.16894,41.06663],[-6.18853,41.06549],[-6.19646,41.063],[-6.21082,41.05651],[-6.21495,41.04949],[-6.21981,41.04564],[-6.23662,41.04147],[-6.2426,41.04224],[-6.24731,41.03908],[-6.25203,41.04046],[-6.25418,41.03673],[-6.25431,41.02358],[-6.26412,41.01872],[-6.26398,41.01721]]]}},{"type":"Feature","properties":{"mun_code":"37121","mun_name":"Encinas de Abajo","mun_name_local":null,"prov_code":"37","prov_name":"Salamanca","acom_code":"07","acom_name":"Castilla y León","geo_point_2d":{"lon":-5.457796752439582,"lat":40.917222110267346}},"geometry":{"type":"Polygon","coordinates":[[[-5.48232,40.93426],[-5.48778,40.92841],[-5.47732,40.91767],[-5.47637,40.91436],[-5.4791,40.91002],[-5.48117,40.89484],[-5.47359,40.89109],[-5.47202,40.88758],[-5.46511,40.88925],[-5.46462,40.89052],[-5.46279,40.88997],[-5.46171,40.89131],[-5.45495,40.88912],[-5.44029,40.90211],[-5.43211,40.91525],[-5.428,40.91561],[-5.424,40.91301],[-5.4238,40.91514],[-5.42072,40.91683],[-5.42731,40.9201],[-5.42647,40.9211],[-5.4285,40.92242],[-5.42901,40.92702],[-5.43152,40.92876],[-5.43271,40.93276],[-5.43545,40.93429],[-5.43809,40.93361],[-5.43917,40.93554],[-5.44548,40.93843],[-5.44572,40.94105],[-5.44876,40.941],[-5.45278,40.93889],[-5.45649,40.94262],[-5.46921,40.94205],[-5.47527,40.94362],[-5.47703,40.93934],[-5.47604,40.93632],[-5.48025,40.93502],[-5.48232,40.93426]]]}},{"type":"Feature","properties":{"mun_code":"37089","mun_name":"Casafranca","mun_name_local":null,"prov_code":"37","prov_name":"Salamanca","acom_code":"07","acom_name":"Castilla y León","geo_point_2d":{"lon":-5.768178548143979,"lat":40.61173675516886}},"geometry":{"type":"Polygon","coordinates":[[[-5.80529,40.64027],[-5.80492,40.63849],[-5.81173,40.63489],[-5.81303,40.63235],[-5.79928,40.62183],[-5.79578,40.60915],[-5.79199,40.60753],[-5.78795,40.60186],[-5.77051,40.59681],[-5.76947,40.59026],[-5.77191,40.57971],[-5.76877,40.57235],[-5.7624,40.57186],[-5.75891,40.57475],[-5.7483,40.57353],[-5.73886,40.57644],[-5.7376,40.6181],[-5.76112,40.63907],[-5.77854,40.64199],[-5.7854,40.64136],[-5.79243,40.64485],[-5.79853,40.64253],[-5.80229,40.64251],[-5.80163,40.64142],[-5.80441,40.64064],[-5.80529,40.64027]]]}},{"type":"Feature","properties":{"mun_code":"37270","mun_name":"Robliza de Cojos","mun_name_local":null,"prov_code":"37","prov_name":"Salamanca","acom_code":"07","acom_name":"Castilla y León","geo_point_2d":{"lon":-5.974162962642481,"lat":40.857395805808004}},"geometry":{"type":"Polygon","coordinates":[[[-6.00151,40.85715],[-5.99862,40.85228],[-6.00291,40.84547],[-6.00335,40.83613],[-5.99732,40.83574],[-5.9899,40.83332],[-5.98703,40.83425],[-5.98588,40.83757],[-5.983,40.83874],[-5.96961,40.83988],[-5.95938,40.83182],[-5.95827,40.83494],[-5.95545,40.83507],[-5.95185,40.84161],[-5.94951,40.84279],[-5.95036,40.84513],[-5.94832,40.8479],[-5.94464,40.84894],[-5.94069,40.84777],[-5.93671,40.84999],[-5.93406,40.85707],[-5.9365,40.86382],[-5.94518,40.86423],[-5.94987,40.86871],[-5.95541,40.86914],[-5.95878,40.87277],[-5.96838,40.87073],[-5.97509,40.87682],[-5.97813,40.88583],[-5.98104,40.88629],[-5.99039,40.88396],[-5.99341,40.88633],[-5.99766,40.88387],[-5.99478,40.88181],[-6.00242,40.86848],[-6.00016,40.85847],[-6.00151,40.85715]]]}},{"type":"Feature","properties":{"mun_code":"37312","mun_name":"Sorihuela","mun_name_local":null,"prov_code":"37","prov_name":"Salamanca","acom_code":"07","acom_name":"Castilla y León","geo_point_2d":{"lon":-5.668228515485821,"lat":40.45086759768447}},"geometry":{"type":"Polygon","coordinates":[[[-5.70536,40.45413],[-5.70518,40.449],[-5.69844,40.44215],[-5.69527,40.43632],[-5.69449,40.42612],[-5.69119,40.42199],[-5.67969,40.42514],[-5.67429,40.42769],[-5.67079,40.43196],[-5.65656,40.4368],[-5.64372,40.44627],[-5.63417,40.46045],[-5.62643,40.46272],[-5.62276,40.46576],[-5.62755,40.46793],[-5.63864,40.47754],[-5.64468,40.47485],[-5.65056,40.4745],[-5.65428,40.4698],[-5.66052,40.46653],[-5.67739,40.46179],[-5.68618,40.46037],[-5.69435,40.4631],[-5.69801,40.45966],[-5.70399,40.45743],[-5.70505,40.45519],[-5.70536,40.45413]]]}},{"type":"Feature","properties":{"mun_code":"37115","mun_name":"Dios le Guarde","mun_name_local":null,"prov_code":"37","prov_name":"Salamanca","acom_code":"07","acom_name":"Castilla y León","geo_point_2d":{"lon":-6.316130691358505,"lat":40.6401319887984}},"geometry":{"type":"Polygon","coordinates":[[[-6.34835,40.64939],[-6.34607,40.64872],[-6.34518,40.64207],[-6.34068,40.6385],[-6.33388,40.62474],[-6.32243,40.61589],[-6.31794,40.61679],[-6.31347,40.62074],[-6.30818,40.62008],[-6.30449,40.6219],[-6.30203,40.62547],[-6.29981,40.62575],[-6.29591,40.63378],[-6.28828,40.64014],[-6.28549,40.6458],[-6.29094,40.65524],[-6.295,40.65915],[-6.31498,40.65788],[-6.3241,40.65459],[-6.33629,40.65567],[-6.34565,40.65049],[-6.34835,40.64939]]]}},{"type":"Feature","properties":{"mun_code":"37339","mun_name":"Valero","mun_name_local":null,"prov_code":"37","prov_name":"Salamanca","acom_code":"07","acom_name":"Castilla y León","geo_point_2d":{"lon":-5.960317966155789,"lat":40.536566025607}},"geometry":{"type":"Polygon","coordinates":[[[-6.00291,40.55154],[-6.0012,40.54852],[-5.99548,40.54606],[-5.99251,40.54262],[-5.99287,40.53557],[-5.98652,40.53055],[-5.98086,40.52911],[-5.98597,40.52086],[-5.98092,40.52131],[-5.9738,40.51691],[-5.96201,40.51248],[-5.93527,40.50658],[-5.92695,40.50341],[-5.92328,40.50638],[-5.92355,40.51153],[-5.92475,40.51024],[-5.92776,40.51894],[-5.93132,40.51801],[-5.92706,40.52354],[-5.92815,40.52528],[-5.9345,40.52815],[-5.93588,40.53145],[-5.93604,40.53536],[-5.93123,40.53449],[-5.92741,40.53733],[-5.93102,40.53945],[-5.93634,40.53857],[-5.93916,40.54691],[-5.94107,40.54764],[-5.94018,40.55605],[-5.94528,40.56053],[-5.94765,40.55414],[-5.96214,40.55458],[-5.9626,40.55612],[-5.9547,40.56111],[-5.9515,40.56557],[-5.96038,40.56969],[-5.9711,40.56925],[-5.97506,40.56631],[-5.97839,40.56057],[-5.98294,40.56237],[-5.98493,40.56507],[-5.99539,40.56088],[-5.98816,40.55767],[-5.97834,40.55573],[-5.97692,40.55449],[-5.97985,40.55252],[-5.98672,40.5511],[-6.00078,40.55302],[-6.00291,40.55154]]]}},{"type":"Feature","properties":{"mun_code":"37041","mun_name":"Barbalos","mun_name_local":null,"prov_code":"37","prov_name":"Salamanca","acom_code":"07","acom_name":"Castilla y León","geo_point_2d":{"lon":-5.941335130548281,"lat":40.65960122241917}},"geometry":{"type":"Polygon","coordinates":[[[-5.99206,40.68427],[-5.99282,40.68295],[-5.98995,40.6817],[-5.99046,40.67922],[-5.99573,40.67217],[-5.99652,40.66871],[-5.99563,40.66286],[-5.99137,40.65776],[-5.98616,40.6617],[-5.98079,40.66037],[-5.9685,40.66094],[-5.96226,40.64818],[-5.95811,40.6464],[-5.95661,40.64395],[-5.94981,40.64458],[-5.9506,40.63973],[-5.93949,40.63741],[-5.93703,40.63494],[-5.93631,40.63014],[-5.92358,40.62001],[-5.92173,40.61998],[-5.91581,40.62413],[-5.91264,40.62376],[-5.90123,40.61884],[-5.89734,40.61472],[-5.89461,40.61797],[-5.89015,40.6189],[-5.89432,40.62418],[-5.89477,40.62993],[-5.88891,40.63458],[-5.88879,40.64201],[-5.88639,40.64502],[-5.89153,40.64497],[-5.89479,40.64735],[-5.90069,40.64897],[-5.90982,40.64941],[-5.91305,40.65165],[-5.91855,40.6516],[-5.92104,40.65855],[-5.92629,40.66316],[-5.92739,40.66689],[-5.92603,40.67322],[-5.92216,40.67427],[-5.92084,40.67636],[-5.92462,40.67963],[-5.9281,40.6787],[-5.93682,40.68648],[-5.93813,40.68532],[-5.93867,40.68997],[-5.94278,40.69494],[-5.93971,40.69635],[-5.94128,40.69816],[-5.94041,40.70234],[-5.94899,40.70888],[-5.95593,40.70598],[-5.95608,40.70153],[-5.96115,40.69494],[-5.96365,40.6951],[-5.96148,40.69182],[-5.96413,40.68784],[-5.96848,40.68665],[-5.97058,40.68177],[-5.97378,40.68183],[-5.97737,40.68425],[-5.98405,40.68292],[-5.99071,40.68394],[-5.99206,40.68427]]]}},{"type":"Feature","properties":{"mun_code":"37139","mun_name":"Fuentes de Béjar","mun_name_local":null,"prov_code":"37","prov_name":"Salamanca","acom_code":"07","acom_name":"Castilla y León","geo_point_2d":{"lon":-5.698492925453912,"lat":40.509625246307834}},"geometry":{"type":"Polygon","coordinates":[[[-5.72714,40.50445],[-5.7194,40.50026],[-5.72017,40.49008],[-5.70959,40.4911],[-5.70632,40.49005],[-5.69744,40.49421],[-5.68487,40.4922],[-5.68301,40.5014],[-5.67369,40.50672],[-5.67064,40.51431],[-5.66585,40.52006],[-5.6668,40.52207],[-5.67052,40.52328],[-5.6882,40.52582],[-5.69378,40.52494],[-5.69936,40.52589],[-5.71266,40.5238],[-5.71872,40.52588],[-5.71979,40.5204],[-5.72394,40.51444],[-5.72523,40.50635],[-5.72714,40.50445]]]}},{"type":"Feature","properties":{"mun_code":"37287","mun_name":"San Miguel de Valero","mun_name_local":null,"prov_code":"37","prov_name":"Salamanca","acom_code":"07","acom_name":"Castilla y León","geo_point_2d":{"lon":-5.945101136380525,"lat":40.55312583282051}},"geometry":{"type":"Polygon","coordinates":[[[-6.00954,40.58645],[-6.00722,40.57432],[-6.0076,40.56463],[-6.00644,40.56447],[-6.00858,40.55991],[-6.00495,40.55479],[-6.00053,40.55242],[-5.99349,40.55135],[-5.98672,40.5511],[-5.97985,40.55252],[-5.97692,40.55449],[-5.97834,40.55573],[-5.98816,40.55767],[-5.99539,40.56088],[-5.98493,40.56507],[-5.98294,40.56237],[-5.97839,40.56057],[-5.97506,40.56631],[-5.9711,40.56925],[-5.96038,40.56969],[-5.9515,40.56529],[-5.9547,40.56111],[-5.9626,40.55612],[-5.96214,40.55458],[-5.94765,40.55414],[-5.94528,40.56053],[-5.94018,40.55605],[-5.94107,40.54764],[-5.93916,40.54691],[-5.93634,40.53857],[-5.93102,40.53945],[-5.92741,40.53733],[-5.93123,40.53449],[-5.93604,40.53536],[-5.93588,40.53145],[-5.9345,40.52815],[-5.92815,40.52528],[-5.92706,40.52354],[-5.93132,40.51801],[-5.92776,40.51894],[-5.92475,40.51024],[-5.9124,40.51891],[-5.90422,40.51688],[-5.89788,40.51801],[-5.89374,40.51593],[-5.90051,40.52446],[-5.89985,40.53149],[-5.90166,40.53938],[-5.89576,40.54721],[-5.89247,40.55501],[-5.89904,40.56042],[-5.91066,40.56352],[-5.91948,40.56266],[-5.93083,40.5676],[-5.94618,40.56462],[-5.96059,40.573],[-5.96961,40.5756],[-5.96811,40.57912],[-5.9735,40.58318],[-6.00834,40.58637],[-6.00954,40.58645]]]}},{"type":"Feature","properties":{"mun_code":"37214","mun_name":"Nava de Francia","mun_name_local":null,"prov_code":"37","prov_name":"Salamanca","acom_code":"07","acom_name":"Castilla y León","geo_point_2d":{"lon":-6.122636655553754,"lat":40.53009840111073}},"geometry":{"type":"Polygon","coordinates":[[[-6.14624,40.50288],[-6.1401,40.50394],[-6.13099,40.51246],[-6.12258,40.51235],[-6.11872,40.51103],[-6.10716,40.52502],[-6.09703,40.52728],[-6.09399,40.53038],[-6.09357,40.53917],[-6.08808,40.54292],[-6.09172,40.54646],[-6.10554,40.55428],[-6.11309,40.55335],[-6.11845,40.54929],[-6.13114,40.54568],[-6.13769,40.53878],[-6.13904,40.53464],[-6.14505,40.53077],[-6.15524,40.52012],[-6.14687,40.50393],[-6.14624,40.50288]]]}},{"type":"Feature","properties":{"mun_code":"37335","mun_name":"Valdelosa","mun_name_local":null,"prov_code":"37","prov_name":"Salamanca","acom_code":"07","acom_name":"Castilla y León","geo_point_2d":{"lon":-5.774669270221001,"lat":41.187874447248134}},"geometry":{"type":"Polygon","coordinates":[[[-5.85848,41.1981],[-5.84853,41.19252],[-5.83681,41.20031],[-5.8287,41.20291],[-5.82592,41.2019],[-5.82115,41.19661],[-5.81529,41.19625],[-5.80968,41.19399],[-5.80832,41.18862],[-5.80946,41.18043],[-5.80764,41.17454],[-5.80183,41.16686],[-5.7924,41.14683],[-5.79336,41.14372],[-5.7898,41.13988],[-5.78528,41.14113],[-5.78502,41.14557],[-5.76719,41.14841],[-5.75803,41.14665],[-5.75801,41.14193],[-5.75435,41.14204],[-5.74285,41.14466],[-5.72628,41.15413],[-5.72646,41.16002],[-5.72941,41.1659],[-5.72844,41.17479],[-5.71741,41.18812],[-5.72626,41.19788],[-5.73349,41.21825],[-5.73236,41.22418],[-5.73458,41.22424],[-5.7349,41.22764],[-5.75125,41.22586],[-5.75876,41.22203],[-5.76438,41.21609],[-5.76731,41.2157],[-5.77858,41.21678],[-5.79083,41.21602],[-5.79595,41.21952],[-5.80434,41.22077],[-5.8087,41.22447],[-5.83522,41.22034],[-5.84395,41.22223],[-5.84046,41.2181],[-5.84355,41.21373],[-5.84845,41.21029],[-5.85181,41.20219],[-5.85437,41.20049],[-5.85848,41.1981]]]}},{"type":"Feature","properties":{"mun_code":"37223","mun_name":"Olmedo de Camaces","mun_name_local":null,"prov_code":"37","prov_name":"Salamanca","acom_code":"07","acom_name":"Castilla y León","geo_point_2d":{"lon":-6.57881707798201,"lat":40.87188356041277}},"geometry":{"type":"MultiPolygon","coordinates":[[[[-6.64998,40.9087],[-6.64893,40.90453],[-6.65597,40.89304],[-6.66361,40.88953],[-6.66627,40.88305],[-6.6712,40.88049],[-6.6762,40.87415],[-6.68376,40.87271],[-6.67552,40.86762],[-6.67257,40.85906],[-6.65974,40.85913],[-6.64519,40.84869],[-6.64201,40.8488],[-6.63987,40.8561],[-6.6342,40.85608],[-6.63295,40.85956],[-6.62726,40.85865],[-6.62618,40.86598],[-6.62114,40.86566],[-6.61948,40.8729],[-6.61582,40.87335],[-6.61576,40.87099],[-6.61029,40.87033],[-6.60438,40.86682],[-6.59727,40.86685],[-6.59806,40.87189],[-6.59531,40.89002],[-6.58422,40.88956],[-6.5795,40.89065],[-6.5757,40.89281],[-6.57469,40.89741],[-6.60112,40.90433],[-6.60061,40.9181],[-6.59025,40.93735],[-6.59903,40.93759],[-6.59836,40.94019],[-6.60558,40.94114],[-6.61172,40.94381],[-6.61576,40.953],[-6.61623,40.96271],[-6.62967,40.97308],[-6.63282,40.97262],[-6.63769,40.96949],[-6.64144,40.96289],[-6.64351,40.9562],[-6.64257,40.95397],[-6.64527,40.95086],[-6.6451,40.94708],[-6.64159,40.94118],[-6.64204,40.93753],[-6.64625,40.93448],[-6.6488,40.92839],[-6.64153,40.91206],[-6.64905,40.90954],[-6.64998,40.9087]]],[[[-6.53779,40.78873],[-6.53639,40.78811],[-6.53094,40.79003],[-6.52736,40.7956],[-6.52927,40.80538],[-6.53321,40.80748],[-6.53607,40.80637],[-6.54014,40.79852],[-6.54391,40.79494],[-6.54405,40.79359],[-6.53854,40.78918],[-6.53779,40.78873]]],[[[-6.51814,40.86086],[-6.52575,40.8583],[-6.53103,40.8514],[-6.54059,40.84493],[-6.54611,40.83477],[-6.54752,40.82951],[-6.54629,40.82623],[-6.53443,40.81718],[-6.52799,40.81577],[-6.52141,40.8167],[-6.51901,40.80816],[-6.4942,40.79015],[-6.47386,40.78565],[-6.46964,40.80463],[-6.47211,40.82248],[-6.47152,40.83274],[-6.46895,40.83551],[-6.48218,40.84273],[-6.48414,40.84749],[-6.49229,40.85299],[-6.50144,40.85736],[-6.51688,40.86075],[-6.51814,40.86086]]]]}},{"type":"Feature","properties":{"mun_code":"37120","mun_name":"Encina de San Silvestre","mun_name_local":null,"prov_code":"37","prov_name":"Salamanca","acom_code":"07","acom_name":"Castilla y León","geo_point_2d":{"lon":-6.10315544258454,"lat":41.012442751549145}},"geometry":{"type":"Polygon","coordinates":[[[-6.14259,41.02408],[-6.14493,41.01236],[-6.14363,41.00757],[-6.14535,41.00692],[-6.14652,41.00327],[-6.14541,40.99779],[-6.14118,40.99493],[-6.13292,40.99523],[-6.12807,40.9975],[-6.12841,40.99858],[-6.12475,40.99946],[-6.12363,41.00365],[-6.11033,40.99435],[-6.10329,40.99285],[-6.09786,40.99317],[-6.09739,40.98923],[-6.09014,40.98993],[-6.08731,40.9858],[-6.08337,40.98364],[-6.07992,40.98634],[-6.08231,40.98856],[-6.08362,40.99686],[-6.08124,41.00425],[-6.06866,41.01088],[-6.07122,41.01372],[-6.06764,41.01458],[-6.06279,41.01096],[-6.05786,41.01879],[-6.06147,41.0199],[-6.06241,41.01838],[-6.06765,41.02102],[-6.06402,41.02425],[-6.06206,41.02326],[-6.06113,41.02514],[-6.06856,41.02897],[-6.06068,41.03732],[-6.0617,41.03834],[-6.06637,41.03423],[-6.06803,41.03501],[-6.07031,41.03134],[-6.08048,41.03472],[-6.08818,41.03378],[-6.10497,41.0286],[-6.10898,41.02605],[-6.11379,41.0262],[-6.12729,41.02057],[-6.12925,41.02352],[-6.13264,41.02415],[-6.13295,41.02652],[-6.1348,41.02629],[-6.13591,41.02767],[-6.13878,41.02628],[-6.14259,41.02408]]]}},{"type":"Feature","properties":{"mun_code":"37055","mun_name":"Bogajo","mun_name_local":null,"prov_code":"37","prov_name":"Salamanca","acom_code":"07","acom_name":"Castilla y León","geo_point_2d":{"lon":-6.529622299653913,"lat":40.90206090685553}},"geometry":{"type":"Polygon","coordinates":[[[-6.57469,40.89741],[-6.57062,40.89718],[-6.56328,40.892],[-6.5612,40.88878],[-6.55063,40.8824],[-6.54464,40.88039],[-6.5452,40.87705],[-6.54364,40.87578],[-6.53362,40.87167],[-6.52299,40.86368],[-6.51081,40.87887],[-6.49486,40.89134],[-6.48032,40.90866],[-6.48297,40.91118],[-6.48854,40.91155],[-6.49148,40.91508],[-6.49522,40.91621],[-6.49706,40.91593],[-6.49962,40.91256],[-6.5058,40.91292],[-6.51308,40.91845],[-6.51612,40.91927],[-6.52391,40.92856],[-6.52476,40.93287],[-6.52825,40.93596],[-6.53049,40.94155],[-6.53442,40.94283],[-6.55565,40.92],[-6.56435,40.91272],[-6.57077,40.90534],[-6.57334,40.89946],[-6.57469,40.89741]]]}},{"type":"Feature","properties":{"mun_code":"37026","mun_name":"Aldehuela de Yeltes","mun_name_local":null,"prov_code":"37","prov_name":"Salamanca","acom_code":"07","acom_name":"Castilla y León","geo_point_2d":{"lon":-6.246410686727767,"lat":40.66058790584662}},"geometry":{"type":"Polygon","coordinates":[[[-6.295,40.65915],[-6.29094,40.65524],[-6.28549,40.6458],[-6.26269,40.6376],[-6.25402,40.6312],[-6.2468,40.62309],[-6.25075,40.59391],[-6.24887,40.57822],[-6.23954,40.57431],[-6.23688,40.58537],[-6.23266,40.58863],[-6.23496,40.59384],[-6.23496,40.60345],[-6.23876,40.61787],[-6.22773,40.61954],[-6.22594,40.62089],[-6.22454,40.62649],[-6.21613,40.64092],[-6.20529,40.64623],[-6.19975,40.65163],[-6.18547,40.65984],[-6.18999,40.66295],[-6.20946,40.66945],[-6.21195,40.67917],[-6.2188,40.6894],[-6.22126,40.70093],[-6.22409,40.70337],[-6.2296,40.70621],[-6.23399,40.70606],[-6.23804,40.70846],[-6.23994,40.70651],[-6.24253,40.70812],[-6.25416,40.70415],[-6.25762,40.71043],[-6.26081,40.70794],[-6.27172,40.70798],[-6.27395,40.70228],[-6.28137,40.69486],[-6.29439,40.69577],[-6.28834,40.68539],[-6.29117,40.68081],[-6.29176,40.66568],[-6.29469,40.65934],[-6.295,40.65915]]]}},{"type":"Feature","properties":{"mun_code":"37132","mun_name":"La Fregeneda","mun_name_local":null,"prov_code":"37","prov_name":"Salamanca","acom_code":"07","acom_name":"Castilla y León","geo_point_2d":{"lon":-6.878640028475041,"lat":40.99936702543986}},"geometry":{"type":"Polygon","coordinates":[[[-6.85667,40.94406],[-6.85222,40.95483],[-6.84212,40.97167],[-6.83988,40.97205],[-6.83605,40.9767],[-6.83576,40.98812],[-6.83351,40.9915],[-6.83887,40.99582],[-6.84424,40.99666],[-6.84241,41.00375],[-6.84356,41.0061],[-6.84091,41.00931],[-6.84466,41.01023],[-6.8495,41.01609],[-6.84964,41.02008],[-6.85307,41.02728],[-6.87796,41.02786],[-6.90366,41.03412],[-6.91155,41.03787],[-6.91715,41.03811],[-6.9312,41.02943],[-6.92958,41.0238],[-6.93168,41.01815],[-6.93065,41.01504],[-6.92447,41.01092],[-6.92093,41.00192],[-6.90837,40.99852],[-6.90353,40.98973],[-6.89041,40.98109],[-6.88973,40.97718],[-6.88558,40.9715],[-6.87881,40.96633],[-6.87539,40.9608],[-6.8669,40.95765],[-6.85943,40.95015],[-6.85686,40.94443],[-6.85667,40.94406]]]}},{"type":"Feature","properties":{"mun_code":"37101","mun_name":"Cerralbo","mun_name_local":null,"prov_code":"37","prov_name":"Salamanca","acom_code":"07","acom_name":"Castilla y León","geo_point_2d":{"lon":-6.5811345674728585,"lat":40.953514279311165}},"geometry":{"type":"Polygon","coordinates":[[[-6.62967,40.97308],[-6.61623,40.96271],[-6.61576,40.953],[-6.61172,40.94381],[-6.60558,40.94114],[-6.59836,40.94019],[-6.59903,40.93759],[-6.59025,40.93735],[-6.60061,40.9181],[-6.60112,40.90433],[-6.57469,40.89741],[-6.57077,40.90534],[-6.56435,40.91272],[-6.55565,40.92],[-6.53464,40.94227],[-6.54364,40.9473],[-6.54685,40.95098],[-6.54187,40.96693],[-6.54712,40.97364],[-6.55293,40.97561],[-6.55226,40.97834],[-6.55422,40.98136],[-6.56259,40.98797],[-6.56781,40.99012],[-6.57304,40.99927],[-6.58168,40.99769],[-6.58794,40.99815],[-6.59408,40.99635],[-6.59804,40.99759],[-6.60136,40.9946],[-6.60715,40.99512],[-6.60861,40.99295],[-6.61402,40.99365],[-6.62967,40.97308]]]}},{"type":"Feature","properties":{"mun_code":"37374","mun_name":"Villoria","mun_name_local":null,"prov_code":"37","prov_name":"Salamanca","acom_code":"07","acom_name":"Castilla y León","geo_point_2d":{"lon":-5.359148583051243,"lat":40.99025619427782}},"geometry":{"type":"Polygon","coordinates":[[[-5.39259,40.97447],[-5.38988,40.97122],[-5.38331,40.97064],[-5.38167,40.96589],[-5.37719,40.96084],[-5.36825,40.95614],[-5.34877,40.95731],[-5.34569,40.9589],[-5.34343,40.9653],[-5.32856,40.97161],[-5.33252,40.97535],[-5.32935,40.97715],[-5.33171,40.98295],[-5.33124,40.98791],[-5.32133,40.99714],[-5.32621,40.99805],[-5.33019,41.00227],[-5.33335,41.01427],[-5.34439,41.02008],[-5.35141,41.02051],[-5.36038,41.02969],[-5.37595,41.02206],[-5.37355,41.01645],[-5.37796,41.00939],[-5.3814,41.00714],[-5.38499,41.00026],[-5.39228,40.99415],[-5.39268,40.98607],[-5.39076,40.97639],[-5.39259,40.97447]]]}},{"type":"Feature","properties":{"mun_code":"37191","mun_name":"El Milano","mun_name_local":null,"prov_code":"37","prov_name":"Salamanca","acom_code":"07","acom_name":"Castilla y León","geo_point_2d":{"lon":-6.604356540828775,"lat":41.09751536871829}},"geometry":{"type":"Polygon","coordinates":[[[-6.64894,41.10543],[-6.63509,41.09081],[-6.62319,41.08144],[-6.62232,41.0767],[-6.5866,41.078],[-6.56636,41.08075],[-6.56951,41.08583],[-6.56955,41.09513],[-6.5721,41.10502],[-6.57654,41.1105],[-6.58512,41.11223],[-6.58899,41.11739],[-6.59546,41.12063],[-6.61161,41.11796],[-6.61587,41.11559],[-6.62274,41.11661],[-6.62576,41.11345],[-6.63313,41.11179],[-6.63777,41.10869],[-6.64501,41.10628],[-6.64894,41.10543]]]}},{"type":"Feature","properties":{"mun_code":"37290","mun_name":"San Pedro del Valle","mun_name_local":null,"prov_code":"37","prov_name":"Salamanca","acom_code":"07","acom_name":"Castilla y León","geo_point_2d":{"lon":-5.86332057228386,"lat":41.04746794457598}},"geometry":{"type":"Polygon","coordinates":[[[-5.88502,41.0655],[-5.89049,41.05537],[-5.89387,41.05523],[-5.88984,41.0522],[-5.88006,41.04979],[-5.87819,41.05058],[-5.87392,41.04686],[-5.8763,41.04292],[-5.87177,41.03969],[-5.87453,41.03401],[-5.87399,41.02789],[-5.8679,41.01702],[-5.86712,41.01144],[-5.85799,41.00957],[-5.85376,41.01127],[-5.85194,41.01732],[-5.852,41.02268],[-5.85589,41.03221],[-5.85398,41.03381],[-5.85573,41.04293],[-5.85853,41.04412],[-5.8582,41.04508],[-5.85189,41.04482],[-5.85124,41.04658],[-5.84688,41.04751],[-5.84091,41.05664],[-5.83354,41.05738],[-5.83596,41.05839],[-5.83472,41.0614],[-5.83301,41.06196],[-5.866,41.0739],[-5.87121,41.07302],[-5.88225,41.06535],[-5.88502,41.0655]]]}},{"type":"Feature","properties":{"mun_code":"37353","mun_name":"Villalba de los Llanos","mun_name_local":null,"prov_code":"37","prov_name":"Salamanca","acom_code":"07","acom_name":"Castilla y León","geo_point_2d":{"lon":-5.986044440311785,"lat":40.79553229000444}},"geometry":{"type":"Polygon","coordinates":[[[-6.03686,40.80292],[-6.03539,40.8017],[-6.03424,40.79016],[-6.02975,40.77918],[-6.02471,40.78054],[-6.01629,40.77636],[-6.00325,40.77603],[-6.0015,40.77741],[-5.9951,40.77806],[-5.99354,40.78086],[-5.98345,40.78288],[-5.97818,40.78481],[-5.97711,40.78641],[-5.97384,40.78617],[-5.97094,40.78418],[-5.96362,40.78613],[-5.95625,40.78376],[-5.95428,40.78467],[-5.95268,40.78862],[-5.94957,40.78851],[-5.94489,40.7868],[-5.94715,40.78525],[-5.94372,40.78334],[-5.94602,40.77082],[-5.94842,40.76692],[-5.94084,40.76297],[-5.93831,40.75945],[-5.93094,40.76054],[-5.92501,40.75901],[-5.91479,40.76092],[-5.91175,40.76381],[-5.90818,40.77205],[-5.90669,40.77241],[-5.90593,40.77601],[-5.93982,40.78573],[-5.95218,40.79242],[-5.95378,40.79713],[-5.95655,40.79829],[-5.95558,40.79997],[-5.95988,40.80249],[-5.95831,40.80583],[-5.9599,40.80884],[-5.96283,40.81193],[-5.96466,40.81163],[-5.96624,40.81546],[-5.97411,40.81487],[-5.98253,40.81023],[-5.98273,40.81218],[-5.98556,40.81152],[-5.98573,40.81302],[-5.99816,40.81947],[-5.99996,40.82496],[-6.00548,40.82698],[-6.00834,40.83335],[-6.02228,40.83298],[-6.02557,40.83112],[-6.02845,40.82537],[-6.02966,40.81761],[-6.03831,40.81074],[-6.038,40.8052],[-6.03686,40.80292]]]}},{"type":"Feature","properties":{"mun_code":"37029","mun_name":"Anaya de Alba","mun_name_local":null,"prov_code":"37","prov_name":"Salamanca","acom_code":"07","acom_name":"Castilla y León","geo_point_2d":{"lon":-5.491993789798239,"lat":40.726205487243895}},"geometry":{"type":"Polygon","coordinates":[[[-5.52886,40.74014],[-5.52855,40.73696],[-5.52453,40.73612],[-5.53025,40.73235],[-5.52763,40.73079],[-5.52886,40.72758],[-5.52751,40.72676],[-5.52566,40.72827],[-5.52367,40.72785],[-5.52102,40.72354],[-5.51695,40.72076],[-5.51441,40.72066],[-5.51569,40.71758],[-5.51341,40.71504],[-5.51583,40.7102],[-5.51423,40.70731],[-5.51737,40.70626],[-5.51921,40.7039],[-5.5176,40.70241],[-5.51904,40.70011],[-5.51698,40.70001],[-5.51628,40.69858],[-5.51955,40.69828],[-5.5202,40.69637],[-5.51596,40.69509],[-5.51506,40.69204],[-5.51057,40.69091],[-5.50862,40.68783],[-5.50708,40.68843],[-5.50369,40.68692],[-5.49615,40.68693],[-5.4878,40.69056],[-5.47159,40.68842],[-5.46553,40.68917],[-5.46613,40.6916],[-5.46235,40.69361],[-5.46695,40.69448],[-5.46709,40.69829],[-5.4617,40.69928],[-5.46687,40.70385],[-5.46234,40.70873],[-5.46633,40.70896],[-5.46423,40.711],[-5.46543,40.71103],[-5.46437,40.71371],[-5.46902,40.71731],[-5.46661,40.71875],[-5.46466,40.71796],[-5.46661,40.72014],[-5.46471,40.7215],[-5.46607,40.7229],[-5.46515,40.7254],[-5.47217,40.73334],[-5.46739,40.73654],[-5.46389,40.73711],[-5.4654,40.73988],[-5.46197,40.74187],[-5.45973,40.74147],[-5.45544,40.75214],[-5.45938,40.75224],[-5.45701,40.7555],[-5.45952,40.75603],[-5.46098,40.75422],[-5.466,40.75615],[-5.46621,40.75196],[-5.47057,40.7554],[-5.46933,40.75735],[-5.47107,40.75959],[-5.47446,40.75889],[-5.47922,40.75997],[-5.4807,40.76315],[-5.48229,40.76379],[-5.48383,40.76262],[-5.49012,40.76682],[-5.48767,40.76963],[-5.49041,40.76757],[-5.49166,40.77089],[-5.49691,40.7712],[-5.50303,40.76537],[-5.50209,40.76042],[-5.5051,40.75203],[-5.50224,40.75214],[-5.50278,40.74934],[-5.50437,40.75127],[-5.50624,40.75124],[-5.50752,40.74954],[-5.51582,40.75381],[-5.51745,40.75249],[-5.51952,40.7528],[-5.51872,40.74834],[-5.52221,40.74711],[-5.51991,40.74565],[-5.52584,40.74409],[-5.52506,40.74337],[-5.52871,40.74076],[-5.52886,40.74014]]]}},{"type":"Feature","properties":{"mun_code":"37073","mun_name":"Calzada de Valdunciel","mun_name_local":null,"prov_code":"37","prov_name":"Salamanca","acom_code":"07","acom_name":"Castilla y León","geo_point_2d":{"lon":-5.708154640958391,"lat":41.08782632289964}},"geometry":{"type":"Polygon","coordinates":[[[-5.7371,41.06797],[-5.73688,41.06522],[-5.73307,41.06661],[-5.73331,41.0656],[-5.73026,41.0661],[-5.72863,41.06541],[-5.72973,41.06309],[-5.72771,41.06234],[-5.724,41.06667],[-5.7126,41.06471],[-5.71317,41.0663],[-5.71051,41.06535],[-5.7091,41.06859],[-5.70665,41.06949],[-5.70724,41.06597],[-5.70132,41.06544],[-5.69953,41.06404],[-5.69705,41.06464],[-5.69655,41.06622],[-5.68993,41.06722],[-5.68856,41.06577],[-5.6872,41.06623],[-5.68463,41.07074],[-5.68633,41.07142],[-5.68497,41.07256],[-5.68664,41.07308],[-5.68609,41.07625],[-5.68755,41.07722],[-5.68583,41.07798],[-5.68451,41.08295],[-5.68654,41.08321],[-5.68451,41.09088],[-5.68602,41.09284],[-5.68303,41.09633],[-5.68317,41.09905],[-5.68093,41.0995],[-5.68207,41.10409],[-5.67744,41.10737],[-5.67938,41.10733],[-5.6792,41.1102],[-5.68343,41.11307],[-5.68677,41.1114],[-5.68525,41.10988],[-5.68784,41.10814],[-5.68992,41.11025],[-5.70118,41.11002],[-5.70181,41.10885],[-5.70668,41.11187],[-5.71437,41.11253],[-5.71604,41.11461],[-5.72141,41.11089],[-5.72736,41.11163],[-5.72629,41.10742],[-5.72939,41.10717],[-5.7245,41.10128],[-5.72475,41.098],[-5.72665,41.09735],[-5.72555,41.09546],[-5.72696,41.09218],[-5.73549,41.08148],[-5.73374,41.07885],[-5.73827,41.07653],[-5.7371,41.07407],[-5.73835,41.07254],[-5.73664,41.07104],[-5.7371,41.06797]]]}},{"type":"Feature","properties":{"mun_code":"37079","mun_name":"Canillas de Abajo","mun_name_local":null,"prov_code":"37","prov_name":"Salamanca","acom_code":"07","acom_name":"Castilla y León","geo_point_2d":{"lon":-5.9530858955447465,"lat":40.914399795480264}},"geometry":{"type":"Polygon","coordinates":[[[-5.98146,40.88617],[-5.97813,40.88583],[-5.97509,40.87682],[-5.96838,40.87073],[-5.95878,40.87277],[-5.95541,40.86914],[-5.94987,40.86871],[-5.94371,40.86375],[-5.9365,40.86382],[-5.93596,40.86267],[-5.93205,40.86516],[-5.93206,40.86994],[-5.94461,40.89189],[-5.94148,40.89435],[-5.93156,40.89494],[-5.93041,40.89761],[-5.93182,40.89804],[-5.92785,40.90396],[-5.93007,40.9068],[-5.92491,40.90844],[-5.91847,40.9127],[-5.91576,40.91189],[-5.91049,40.9148],[-5.91163,40.92026],[-5.91035,40.92326],[-5.91426,40.92561],[-5.91187,40.93095],[-5.91456,40.93266],[-5.91739,40.9387],[-5.92326,40.93432],[-5.92973,40.93831],[-5.93456,40.94003],[-5.93736,40.93969],[-5.94081,40.9429],[-5.9425,40.94286],[-5.94247,40.94679],[-5.94655,40.94849],[-5.95088,40.94785],[-5.95836,40.95274],[-5.96934,40.95323],[-5.96924,40.95596],[-5.97703,40.9551],[-5.98452,40.95213],[-5.98897,40.94285],[-5.99049,40.93484],[-5.99633,40.92721],[-5.99144,40.92728],[-5.98402,40.92172],[-5.97742,40.92227],[-5.97502,40.92432],[-5.96607,40.91411],[-5.9665,40.91069],[-5.97065,40.90645],[-5.96168,40.89644],[-5.96485,40.89417],[-5.96987,40.89552],[-5.97707,40.89442],[-5.98017,40.89559],[-5.98255,40.89397],[-5.97932,40.89095],[-5.98249,40.88926],[-5.98146,40.88617]]]}},{"type":"Feature","properties":{"mun_code":"37126","mun_name":"Espadaña","mun_name_local":null,"prov_code":"37","prov_name":"Salamanca","acom_code":"07","acom_name":"Castilla y León","geo_point_2d":{"lon":-6.273413264747328,"lat":41.05158635406062}},"geometry":{"type":"Polygon","coordinates":[[[-6.32916,41.04098],[-6.30331,41.03784],[-6.29462,41.0292],[-6.28935,41.02729],[-6.28794,41.02527],[-6.27926,41.02431],[-6.27654,41.02006],[-6.26861,41.01364],[-6.26398,41.01721],[-6.26408,41.01965],[-6.25431,41.02358],[-6.25418,41.03673],[-6.25203,41.04046],[-6.24731,41.03908],[-6.2426,41.04224],[-6.23662,41.04147],[-6.21981,41.04564],[-6.21495,41.04949],[-6.21198,41.05341],[-6.21226,41.05543],[-6.21506,41.05687],[-6.21936,41.06506],[-6.22591,41.07137],[-6.2546,41.06843],[-6.26978,41.07571],[-6.27434,41.08006],[-6.27974,41.08149],[-6.28684,41.0768],[-6.2973,41.07627],[-6.30063,41.07859],[-6.30634,41.07127],[-6.31184,41.06945],[-6.32113,41.05826],[-6.32822,41.05754],[-6.32901,41.04176],[-6.32916,41.04098]]]}},{"type":"Feature","properties":{"mun_code":"37025","mun_name":"Aldehuela de la Bóveda","mun_name_local":null,"prov_code":"37","prov_name":"Salamanca","acom_code":"07","acom_name":"Castilla y León","geo_point_2d":{"lon":-6.066469306531727,"lat":40.84251363022826}},"geometry":{"type":"Polygon","coordinates":[[[-6.1351,40.84052],[-6.13654,40.83878],[-6.12762,40.83168],[-6.12534,40.82649],[-6.12735,40.82125],[-6.13081,40.81965],[-6.12208,40.81476],[-6.11335,40.81413],[-6.106,40.80788],[-6.11173,40.79925],[-6.1075,40.79712],[-6.10604,40.79774],[-6.0973,40.79468],[-6.09054,40.79549],[-6.07653,40.80485],[-6.07111,40.80668],[-6.06639,40.80271],[-6.06024,40.8002],[-6.05161,40.79884],[-6.04097,40.79897],[-6.03686,40.80292],[-6.03872,40.80587],[-6.03831,40.81074],[-6.03028,40.81691],[-6.02839,40.8213],[-6.02749,40.8303],[-6.03109,40.83761],[-6.02863,40.84482],[-6.0233,40.84714],[-6.01591,40.85392],[-6.01258,40.86219],[-6.00809,40.86053],[-6.00443,40.85612],[-6.00016,40.85847],[-6.00242,40.86848],[-5.99478,40.88181],[-5.99766,40.88387],[-5.99985,40.88294],[-6.00165,40.8851],[-6.00509,40.88408],[-6.01781,40.88698],[-6.02653,40.88721],[-6.03448,40.89301],[-6.03549,40.88844],[-6.04493,40.88873],[-6.04852,40.89078],[-6.05145,40.89063],[-6.05499,40.88872],[-6.05571,40.88564],[-6.06288,40.88458],[-6.07256,40.87994],[-6.07665,40.87578],[-6.07928,40.86714],[-6.0688,40.86394],[-6.06085,40.85967],[-6.0613,40.85805],[-6.05706,40.85425],[-6.05597,40.84759],[-6.05855,40.84512],[-6.0541,40.84199],[-6.05577,40.83846],[-6.05933,40.83844],[-6.05994,40.8368],[-6.06228,40.83674],[-6.06141,40.84228],[-6.06621,40.84486],[-6.06604,40.84926],[-6.07053,40.85367],[-6.07368,40.86116],[-6.07849,40.86261],[-6.08173,40.86087],[-6.09239,40.86079],[-6.09418,40.85788],[-6.10873,40.86476],[-6.10897,40.86323],[-6.11713,40.85844],[-6.12173,40.85311],[-6.12641,40.85413],[-6.12836,40.85284],[-6.13389,40.84123],[-6.1351,40.84052]]]}},{"type":"Feature","properties":{"mun_code":"37248","mun_name":"Peralejos de Abajo","mun_name_local":null,"prov_code":"37","prov_name":"Salamanca","acom_code":"07","acom_name":"Castilla y León","geo_point_2d":{"lon":-6.365434245243786,"lat":41.00814781718856}},"geometry":{"type":"Polygon","coordinates":[[[-6.38663,40.99025],[-6.37295,40.98773],[-6.36172,40.98296],[-6.35157,40.98059],[-6.34698,40.98851],[-6.34582,40.99895],[-6.3429,41.00424],[-6.34379,41.00923],[-6.33645,41.02529],[-6.33695,41.02784],[-6.34485,41.02985],[-6.34701,41.03183],[-6.35581,41.03054],[-6.36611,41.03367],[-6.37494,41.03368],[-6.37424,41.0308],[-6.39135,41.01199],[-6.3941,41.00519],[-6.3957,40.9934],[-6.39373,40.99161],[-6.38865,40.99063],[-6.38663,40.99025]]]}},{"type":"Feature","properties":{"mun_code":"37319","mun_name":"El Tejado","mun_name_local":null,"prov_code":"37","prov_name":"Salamanca","acom_code":"07","acom_name":"Castilla y León","geo_point_2d":{"lon":-5.537485466982104,"lat":40.44725385803212}},"geometry":{"type":"Polygon","coordinates":[[[-5.57316,40.44808],[-5.5746,40.44425],[-5.56043,40.43832],[-5.54475,40.4231],[-5.53895,40.42449],[-5.53423,40.42259],[-5.52885,40.4224],[-5.52228,40.4238],[-5.51359,40.42376],[-5.51147,40.42629],[-5.51008,40.44053],[-5.51221,40.44453],[-5.51967,40.4465],[-5.52026,40.44788],[-5.51792,40.45288],[-5.50943,40.45912],[-5.50983,40.46366],[-5.50803,40.46286],[-5.50749,40.46749],[-5.50828,40.47178],[-5.52102,40.46792],[-5.53724,40.46943],[-5.54764,40.46711],[-5.56013,40.46676],[-5.55994,40.46282],[-5.56665,40.45723],[-5.57068,40.45645],[-5.573,40.4493],[-5.57316,40.44808]]]}},{"type":"Feature","properties":{"mun_code":"37081","mun_name":"Cantalapiedra","mun_name_local":null,"prov_code":"37","prov_name":"Salamanca","acom_code":"07","acom_name":"Castilla y León","geo_point_2d":{"lon":-5.192185652053422,"lat":41.127743709653664}},"geometry":{"type":"Polygon","coordinates":[[[-5.29511,41.13395],[-5.28015,41.13276],[-5.28349,41.13138],[-5.27647,41.12905],[-5.2722,41.13069],[-5.27109,41.12904],[-5.26545,41.12884],[-5.26494,41.13012],[-5.2598,41.13085],[-5.25435,41.13434],[-5.25247,41.13246],[-5.25004,41.13367],[-5.24755,41.13],[-5.24062,41.13096],[-5.23931,41.12839],[-5.23729,41.12881],[-5.23777,41.12492],[-5.23416,41.12367],[-5.23461,41.12147],[-5.2314,41.12125],[-5.22764,41.11861],[-5.22688,41.11934],[-5.22267,41.11673],[-5.22376,41.11638],[-5.22108,41.11377],[-5.22024,41.11448],[-5.21755,41.11328],[-5.21826,41.10954],[-5.21461,41.10885],[-5.21421,41.10557],[-5.21167,41.10406],[-5.21212,41.10143],[-5.20877,41.10148],[-5.20889,41.09916],[-5.20677,41.09709],[-5.20398,41.09767],[-5.20015,41.09438],[-5.1996,41.08743],[-5.18678,41.08471],[-5.18342,41.0869],[-5.17764,41.08455],[-5.17654,41.08248],[-5.17406,41.08428],[-5.17103,41.08213],[-5.17027,41.08345],[-5.15848,41.08551],[-5.15605,41.08359],[-5.15622,41.08167],[-5.15226,41.08193],[-5.15012,41.08377],[-5.1514,41.08534],[-5.14859,41.09215],[-5.14345,41.09712],[-5.14041,41.09677],[-5.13951,41.09983],[-5.12917,41.10538],[-5.12493,41.13205],[-5.12855,41.13238],[-5.12829,41.13364],[-5.13235,41.13612],[-5.13645,41.14117],[-5.13617,41.14401],[-5.14508,41.14763],[-5.14868,41.15125],[-5.16009,41.15721],[-5.16163,41.15673],[-5.16609,41.16026],[-5.17451,41.16129],[-5.17456,41.16334],[-5.17791,41.16314],[-5.1786,41.16459],[-5.17665,41.16525],[-5.17966,41.16729],[-5.18164,41.166],[-5.18506,41.16672],[-5.19126,41.16211],[-5.19637,41.16316],[-5.2005,41.16646],[-5.20714,41.16493],[-5.20792,41.16682],[-5.2155,41.1608],[-5.25299,41.14486],[-5.25772,41.14858],[-5.26284,41.1494],[-5.26538,41.14791],[-5.2666,41.14906],[-5.27626,41.1467],[-5.27756,41.1495],[-5.28391,41.15344],[-5.28623,41.15337],[-5.28891,41.15087],[-5.29151,41.15151],[-5.29307,41.14985],[-5.29059,41.14684],[-5.29219,41.14613],[-5.29349,41.13987],[-5.29511,41.13395]]]}},{"type":"Feature","properties":{"mun_code":"37068","mun_name":"Cabrillas","mun_name_local":null,"prov_code":"37","prov_name":"Salamanca","acom_code":"07","acom_name":"Castilla y León","geo_point_2d":{"lon":-6.181017933341805,"lat":40.742093809704315}},"geometry":{"type":"Polygon","coordinates":[[[-6.22857,40.7248],[-6.22244,40.72432],[-6.21792,40.72567],[-6.20654,40.72183],[-6.20467,40.72577],[-6.20113,40.72799],[-6.19942,40.727],[-6.19801,40.72971],[-6.19606,40.72985],[-6.17595,40.72557],[-6.16237,40.71553],[-6.14933,40.7268],[-6.14765,40.73061],[-6.14811,40.73586],[-6.14605,40.73781],[-6.14863,40.74237],[-6.14327,40.74712],[-6.14212,40.75057],[-6.14461,40.75402],[-6.14349,40.75521],[-6.14847,40.75691],[-6.15008,40.75597],[-6.15747,40.75898],[-6.16228,40.76464],[-6.16683,40.76315],[-6.17828,40.76676],[-6.18495,40.76708],[-6.19364,40.76204],[-6.1951,40.76305],[-6.20033,40.76102],[-6.20148,40.75781],[-6.20609,40.75478],[-6.20697,40.75005],[-6.21069,40.75014],[-6.21513,40.74183],[-6.2198,40.74078],[-6.22303,40.73757],[-6.2259,40.73385],[-6.22681,40.72691],[-6.22857,40.7248]]]}},{"type":"Feature","properties":{"mun_code":"37063","mun_name":"La Cabeza de Béjar","mun_name_local":null,"prov_code":"37","prov_name":"Salamanca","acom_code":"07","acom_name":"Castilla y León","geo_point_2d":{"lon":-5.6564326533781175,"lat":40.49862543270045}},"geometry":{"type":"Polygon","coordinates":[[[-5.68487,40.4922],[-5.68344,40.49289],[-5.67959,40.48923],[-5.67659,40.48898],[-5.67178,40.48524],[-5.67148,40.48331],[-5.66155,40.48264],[-5.65604,40.47906],[-5.64132,40.47996],[-5.63445,40.49541],[-5.6313,40.49834],[-5.62628,40.49888],[-5.62634,40.50025],[-5.63366,40.50797],[-5.64347,40.51102],[-5.64827,40.51557],[-5.65352,40.51624],[-5.65691,40.51954],[-5.65849,40.51904],[-5.6668,40.52207],[-5.666,40.51875],[-5.67008,40.51523],[-5.67295,40.50757],[-5.68301,40.5014],[-5.68496,40.4969],[-5.68459,40.493],[-5.68487,40.4922]]]}},{"type":"Feature","properties":{"mun_code":"37190","mun_name":"Mieza","mun_name_local":null,"prov_code":"37","prov_name":"Salamanca","acom_code":"07","acom_name":"Castilla y León","geo_point_2d":{"lon":-6.695942852068495,"lat":41.15789712825437}},"geometry":{"type":"Polygon","coordinates":[[[-6.76882,41.13351],[-6.74697,41.13185],[-6.70964,41.13858],[-6.69449,41.1346],[-6.68553,41.12955],[-6.68206,41.13074],[-6.67528,41.13585],[-6.67206,41.14237],[-6.66763,41.1464],[-6.65268,41.15292],[-6.65454,41.15421],[-6.6545,41.15862],[-6.65071,41.16376],[-6.65002,41.17149],[-6.65304,41.1845],[-6.65464,41.18528],[-6.65957,41.18431],[-6.66132,41.18538],[-6.66313,41.18452],[-6.66981,41.18592],[-6.67381,41.18479],[-6.67428,41.18675],[-6.67989,41.18747],[-6.68146,41.1891],[-6.686,41.19006],[-6.69124,41.19053],[-6.69306,41.18922],[-6.69683,41.18922],[-6.69794,41.18369],[-6.70147,41.18028],[-6.70785,41.17755],[-6.70919,41.17268],[-6.71985,41.16582],[-6.73094,41.16148],[-6.73755,41.15507],[-6.74137,41.14832],[-6.7455,41.14702],[-6.75056,41.14195],[-6.75423,41.13968],[-6.75877,41.13967],[-6.76869,41.13372],[-6.76882,41.13351]]]}},{"type":"Feature","properties":{"mun_code":"37316","mun_name":"Tamames","mun_name_local":null,"prov_code":"37","prov_name":"Salamanca","acom_code":"07","acom_name":"Castilla y León","geo_point_2d":{"lon":-6.101149135136627,"lat":40.660709076411564}},"geometry":{"type":"Polygon","coordinates":[[[-6.16496,40.65034],[-6.17283,40.64096],[-6.16793,40.63328],[-6.16972,40.63258],[-6.16656,40.62395],[-6.1593,40.62126],[-6.1457,40.61904],[-6.13832,40.61982],[-6.12815,40.62636],[-6.12445,40.63459],[-6.11396,40.63222],[-6.10871,40.63322],[-6.09852,40.63112],[-6.08695,40.63399],[-6.08399,40.64008],[-6.07386,40.64806],[-6.07301,40.65312],[-6.06336,40.65869],[-6.05464,40.6574],[-6.05191,40.66212],[-6.04748,40.66572],[-6.04543,40.66618],[-6.04185,40.66457],[-6.04011,40.66548],[-6.03835,40.66461],[-6.03918,40.66388],[-6.03497,40.66315],[-6.03144,40.66076],[-6.02988,40.6609],[-6.03031,40.66175],[-6.02571,40.66149],[-6.02621,40.65817],[-6.02073,40.66357],[-6.02127,40.67054],[-6.0177,40.6765],[-6.02172,40.67915],[-6.0207,40.68135],[-6.02607,40.68459],[-6.02892,40.68946],[-6.0395,40.69315],[-6.04559,40.69098],[-6.0499,40.69392],[-6.05458,40.694],[-6.06237,40.69667],[-6.06429,40.69471],[-6.06996,40.69424],[-6.07839,40.68639],[-6.10476,40.69121],[-6.13007,40.68118],[-6.14473,40.67795],[-6.15737,40.65534],[-6.16308,40.65129],[-6.16496,40.65034]]]}},{"type":"Feature","properties":{"mun_code":"37049","mun_name":"Bermellar","mun_name_local":null,"prov_code":"37","prov_name":"Salamanca","acom_code":"07","acom_name":"Castilla y León","geo_point_2d":{"lon":-6.665712669437581,"lat":40.996943295888954}},"geometry":{"type":"Polygon","coordinates":[[[-6.70499,40.99446],[-6.70511,40.99132],[-6.70205,40.99104],[-6.69493,40.98691],[-6.69224,40.98372],[-6.67996,40.9786],[-6.65907,40.97368],[-6.64153,40.97434],[-6.63769,40.96949],[-6.63282,40.97262],[-6.62967,40.97308],[-6.61402,40.99365],[-6.62244,40.99324],[-6.62601,40.99469],[-6.6309,41.00084],[-6.63609,40.99967],[-6.64599,41.00882],[-6.64739,41.01204],[-6.65085,41.01016],[-6.65717,41.01678],[-6.66117,41.01619],[-6.66231,41.01768],[-6.66514,41.01731],[-6.66867,41.02191],[-6.67391,41.02124],[-6.67756,41.02446],[-6.69081,41.02895],[-6.69302,41.02785],[-6.69788,41.02038],[-6.7072,40.99925],[-6.70499,40.99446]]]}},{"type":"Feature","properties":{"mun_code":"37208","mun_name":"Moronta","mun_name_local":null,"prov_code":"37","prov_name":"Salamanca","acom_code":"07","acom_name":"Castilla y León","geo_point_2d":{"lon":-6.422738699193609,"lat":40.960433765357834}},"geometry":{"type":"Polygon","coordinates":[[[-6.46506,40.98182],[-6.46634,40.98073],[-6.46133,40.9764],[-6.4629,40.97489],[-6.46069,40.9743],[-6.45661,40.96922],[-6.45705,40.9667],[-6.45443,40.96591],[-6.4517,40.9619],[-6.45158,40.95424],[-6.44995,40.95373],[-6.45117,40.95329],[-6.4479,40.95081],[-6.44934,40.94957],[-6.44623,40.95029],[-6.44804,40.9458],[-6.44296,40.9389],[-6.44297,40.93599],[-6.43845,40.9324],[-6.43788,40.92582],[-6.44167,40.92408],[-6.43988,40.92268],[-6.43607,40.92261],[-6.429,40.93131],[-6.42205,40.93611],[-6.41454,40.93517],[-6.40557,40.93747],[-6.38719,40.94643],[-6.39217,40.95771],[-6.3945,40.95967],[-6.3967,40.96728],[-6.39544,40.97283],[-6.39105,40.97412],[-6.38798,40.97884],[-6.38759,40.98302],[-6.39228,40.98584],[-6.3959,40.98521],[-6.39984,40.98668],[-6.4041,40.98402],[-6.4104,40.98309],[-6.41392,40.98391],[-6.41692,40.98686],[-6.42435,40.98443],[-6.4266,40.98587],[-6.44244,40.98091],[-6.45375,40.98016],[-6.45512,40.97778],[-6.46484,40.98146],[-6.46506,40.98182]]]}},{"type":"Feature","properties":{"mun_code":"37077","mun_name":"El Campo de Peñaranda","mun_name_local":null,"prov_code":"37","prov_name":"Salamanca","acom_code":"07","acom_name":"Castilla y León","geo_point_2d":{"lon":-5.268399650215771,"lat":40.99466214323333}},"geometry":{"type":"Polygon","coordinates":[[[-5.33335,41.01427],[-5.33019,41.00227],[-5.32621,40.99805],[-5.32133,40.99714],[-5.31204,41.00183],[-5.30768,41.00084],[-5.29613,41.00261],[-5.2897,40.99897],[-5.2864,40.97612],[-5.27826,40.97126],[-5.27072,40.97065],[-5.26726,40.96265],[-5.25011,40.9512],[-5.23208,40.96261],[-5.22117,40.96143],[-5.21574,40.96315],[-5.21575,40.96499],[-5.21034,40.96716],[-5.21319,40.97227],[-5.20722,40.97488],[-5.20819,40.97858],[-5.20474,40.98028],[-5.20368,40.98434],[-5.20165,40.98423],[-5.1989,40.98632],[-5.19912,40.98802],[-5.20629,40.99043],[-5.20952,40.99012],[-5.2113,40.99235],[-5.21043,40.99513],[-5.21246,40.99769],[-5.21204,40.99987],[-5.21369,41.00043],[-5.21816,41.00124],[-5.22668,40.99824],[-5.23046,40.99416],[-5.23729,40.9925],[-5.24373,40.99482],[-5.2522,41.00114],[-5.26443,41.00328],[-5.26676,41.00945],[-5.26601,41.01153],[-5.26798,41.01255],[-5.26716,41.01405],[-5.27044,41.01707],[-5.27394,41.01586],[-5.28485,41.02539],[-5.28408,41.02918],[-5.28857,41.03016],[-5.29037,41.03347],[-5.28567,41.04225],[-5.2881,41.04255],[-5.2904,41.03846],[-5.29667,41.03973],[-5.2992,41.0432],[-5.30428,41.04003],[-5.3043,41.03764],[-5.30799,41.03852],[-5.31309,41.0362],[-5.3103,41.03459],[-5.31163,41.03254],[-5.3149,41.03239],[-5.32111,41.02849],[-5.32343,41.02835],[-5.32794,41.02065],[-5.33544,41.0168],[-5.33351,41.01574],[-5.33335,41.01427]]]}},{"type":"Feature","properties":{"mun_code":"37169","mun_name":"Larrodrigo","mun_name_local":null,"prov_code":"37","prov_name":"Salamanca","acom_code":"07","acom_name":"Castilla y León","geo_point_2d":{"lon":-5.427851918873471,"lat":40.710967050502994}},"geometry":{"type":"Polygon","coordinates":[[[-5.46553,40.68917],[-5.4626,40.69037],[-5.45723,40.6889],[-5.45145,40.68383],[-5.44744,40.6787],[-5.44324,40.66827],[-5.43828,40.66312],[-5.42253,40.67204],[-5.41673,40.66692],[-5.41363,40.66739],[-5.40797,40.67536],[-5.40378,40.6782],[-5.40077,40.68435],[-5.40177,40.68696],[-5.39594,40.69302],[-5.39575,40.69755],[-5.39087,40.70337],[-5.38966,40.70399],[-5.38245,40.70117],[-5.37889,40.70171],[-5.3832,40.70643],[-5.38091,40.71406],[-5.3842,40.72082],[-5.38559,40.72922],[-5.38851,40.73136],[-5.39179,40.73118],[-5.39034,40.735],[-5.39542,40.73797],[-5.3934,40.73952],[-5.39603,40.73931],[-5.39932,40.74248],[-5.3979,40.74389],[-5.40399,40.74104],[-5.40527,40.74382],[-5.40833,40.74107],[-5.41029,40.74327],[-5.41402,40.74328],[-5.41707,40.74173],[-5.41569,40.74049],[-5.41913,40.73985],[-5.41904,40.74254],[-5.42545,40.74605],[-5.42996,40.74274],[-5.44142,40.75073],[-5.44335,40.75146],[-5.44975,40.75039],[-5.44778,40.7534],[-5.45057,40.75446],[-5.45172,40.75735],[-5.45374,40.75671],[-5.45412,40.75463],[-5.45102,40.75435],[-5.45199,40.75327],[-5.45464,40.75368],[-5.45669,40.7509],[-5.45807,40.74805],[-5.45705,40.74609],[-5.45973,40.74147],[-5.46197,40.74187],[-5.4654,40.73988],[-5.46389,40.73711],[-5.46739,40.73654],[-5.47217,40.73334],[-5.46515,40.7254],[-5.46607,40.7229],[-5.46471,40.7215],[-5.46661,40.72014],[-5.46466,40.71796],[-5.46661,40.71875],[-5.46902,40.71731],[-5.46437,40.71371],[-5.46543,40.71103],[-5.46423,40.711],[-5.46633,40.70896],[-5.46234,40.70873],[-5.46687,40.70385],[-5.4617,40.69928],[-5.46709,40.69829],[-5.46695,40.69448],[-5.46235,40.69361],[-5.46613,40.6916],[-5.46574,40.6896],[-5.46553,40.68917]]]}},{"type":"Feature","properties":{"mun_code":"37377","mun_name":"Yecla de Yeltes","mun_name_local":null,"prov_code":"37","prov_name":"Salamanca","acom_code":"07","acom_name":"Castilla y León","geo_point_2d":{"lon":-6.49427811770793,"lat":40.95174040917248}},"geometry":{"type":"Polygon","coordinates":[[[-6.54712,40.97364],[-6.54187,40.96693],[-6.54685,40.95098],[-6.5382,40.94361],[-6.53105,40.94209],[-6.52825,40.93596],[-6.52476,40.93287],[-6.52391,40.92856],[-6.51612,40.91927],[-6.51234,40.91799],[-6.50624,40.91309],[-6.49962,40.91256],[-6.49706,40.91593],[-6.49522,40.91621],[-6.49148,40.91508],[-6.48854,40.91155],[-6.48332,40.9113],[-6.48032,40.90866],[-6.47754,40.90861],[-6.46152,40.91532],[-6.45795,40.92176],[-6.45016,40.92663],[-6.44167,40.92408],[-6.43788,40.92582],[-6.43861,40.93277],[-6.44297,40.93599],[-6.44296,40.9389],[-6.44804,40.9458],[-6.44623,40.95029],[-6.44934,40.94957],[-6.4479,40.95081],[-6.45158,40.95424],[-6.4517,40.9619],[-6.45443,40.96591],[-6.45705,40.9667],[-6.45661,40.96922],[-6.46069,40.9743],[-6.4629,40.97489],[-6.46133,40.9764],[-6.46634,40.98073],[-6.46506,40.98182],[-6.47521,40.99029],[-6.48389,40.99059],[-6.50307,40.97706],[-6.50756,40.98006],[-6.51375,40.99328],[-6.51728,40.99655],[-6.52178,40.99719],[-6.5287,40.99065],[-6.53514,40.98701],[-6.54524,40.9754],[-6.54712,40.97364]]]}},{"type":"Feature","properties":{"mun_code":"37195","mun_name":"Molinillo","mun_name_local":null,"prov_code":"37","prov_name":"Salamanca","acom_code":"07","acom_name":"Castilla y León","geo_point_2d":{"lon":-5.9473471086586285,"lat":40.47319205054286}},"geometry":{"type":"Polygon","coordinates":[[[-5.96777,40.46676],[-5.96454,40.46796],[-5.9625,40.46641],[-5.9596,40.46797],[-5.95702,40.46612],[-5.95223,40.46617],[-5.95032,40.46459],[-5.95271,40.4637],[-5.95194,40.46244],[-5.94986,40.46094],[-5.94683,40.46133],[-5.94287,40.45659],[-5.9386,40.45756],[-5.93628,40.46139],[-5.92711,40.46874],[-5.93701,40.47888],[-5.93765,40.48417],[-5.93986,40.4876],[-5.94359,40.49127],[-5.94583,40.49083],[-5.94959,40.4928],[-5.95038,40.49196],[-5.94759,40.48813],[-5.94976,40.48568],[-5.94942,40.48231],[-5.95882,40.48102],[-5.96331,40.47899],[-5.9677,40.47991],[-5.9664,40.4745],[-5.96844,40.46761],[-5.96777,40.46676]]]}},{"type":"Feature","properties":{"mun_code":"37294","mun_name":"Santa Marta de Tormes","mun_name_local":null,"prov_code":"37","prov_name":"Salamanca","acom_code":"07","acom_name":"Castilla y León","geo_point_2d":{"lon":-5.622974311062834,"lat":40.94711190800485}},"geometry":{"type":"Polygon","coordinates":[[[-5.65641,40.95208],[-5.65517,40.94976],[-5.64933,40.94737],[-5.64333,40.94899],[-5.64124,40.94876],[-5.64123,40.94699],[-5.63923,40.9481],[-5.64074,40.94974],[-5.63753,40.94917],[-5.63861,40.94735],[-5.63585,40.94574],[-5.63845,40.94453],[-5.63538,40.94303],[-5.63481,40.94126],[-5.63276,40.94144],[-5.63282,40.93588],[-5.61996,40.9284],[-5.62185,40.92697],[-5.61688,40.92269],[-5.61651,40.92641],[-5.61101,40.92898],[-5.61044,40.93128],[-5.60743,40.92921],[-5.60269,40.92957],[-5.60942,40.93255],[-5.60538,40.94224],[-5.60775,40.94179],[-5.60733,40.94455],[-5.60436,40.94407],[-5.6053,40.95043],[-5.60136,40.95024],[-5.60119,40.95161],[-5.60505,40.95147],[-5.60321,40.95418],[-5.60456,40.95613],[-5.6035,40.95948],[-5.60706,40.95878],[-5.60659,40.96016],[-5.61124,40.96322],[-5.61111,40.96659],[-5.61745,40.96424],[-5.62074,40.96698],[-5.62936,40.95306],[-5.63649,40.95281],[-5.64116,40.95916],[-5.64462,40.96012],[-5.65514,40.95501],[-5.65609,40.95148],[-5.65641,40.95208]]]}},{"type":"Feature","properties":{"mun_code":"37296","mun_name":"Santiago de la Puebla","mun_name_local":null,"prov_code":"37","prov_name":"Salamanca","acom_code":"07","acom_name":"Castilla y León","geo_point_2d":{"lon":-5.287277504255013,"lat":40.791246700024715}},"geometry":{"type":"Polygon","coordinates":[[[-5.3556,40.76052],[-5.35491,40.75894],[-5.3508,40.76073],[-5.34776,40.7566],[-5.33731,40.75407],[-5.33469,40.74852],[-5.32611,40.75518],[-5.31817,40.75896],[-5.31124,40.76639],[-5.30545,40.76866],[-5.28369,40.76773],[-5.26868,40.76263],[-5.26212,40.75864],[-5.25463,40.76775],[-5.23919,40.77571],[-5.23596,40.77869],[-5.22336,40.77745],[-5.22644,40.7809],[-5.23114,40.78326],[-5.23625,40.78968],[-5.24054,40.81568],[-5.24522,40.83127],[-5.24383,40.83485],[-5.25815,40.83054],[-5.27104,40.82087],[-5.2745,40.82122],[-5.27794,40.81972],[-5.27847,40.82081],[-5.28065,40.81903],[-5.28744,40.81819],[-5.29417,40.81314],[-5.29575,40.81329],[-5.29549,40.81527],[-5.29811,40.81491],[-5.29625,40.81749],[-5.30008,40.81784],[-5.29944,40.81945],[-5.30189,40.82084],[-5.3078,40.81858],[-5.31568,40.82058],[-5.32275,40.81659],[-5.32399,40.8132],[-5.32928,40.80926],[-5.33271,40.81068],[-5.33766,40.80321],[-5.33754,40.80093],[-5.3319,40.79811],[-5.32862,40.79289],[-5.3287,40.7864],[-5.34505,40.76833],[-5.34546,40.76609],[-5.354,40.76144],[-5.3556,40.76052]]]}},{"type":"Feature","properties":{"mun_code":"37046","mun_name":"Béjar","mun_name_local":null,"prov_code":"37","prov_name":"Salamanca","acom_code":"07","acom_name":"Castilla y León","geo_point_2d":{"lon":-5.769509633873424,"lat":40.38986490690273}},"geometry":{"type":"Polygon","coordinates":[[[-5.83897,40.38359],[-5.8257,40.37913],[-5.82185,40.38116],[-5.81328,40.38276],[-5.80187,40.37905],[-5.80002,40.37164],[-5.79328,40.35855],[-5.79751,40.35325],[-5.78392,40.35364],[-5.77641,40.3571],[-5.76558,40.35806],[-5.76034,40.36584],[-5.75331,40.37123],[-5.75066,40.37166],[-5.74964,40.37539],[-5.73798,40.38373],[-5.7315,40.37902],[-5.72678,40.37903],[-5.71936,40.37363],[-5.71658,40.36593],[-5.71096,40.36518],[-5.70787,40.36258],[-5.70152,40.36939],[-5.69691,40.35156],[-5.69007,40.33774],[-5.69871,40.37132],[-5.7049,40.37606],[-5.70839,40.37627],[-5.71209,40.37991],[-5.71433,40.38016],[-5.72321,40.39274],[-5.73984,40.40238],[-5.74172,40.40479],[-5.74028,40.41168],[-5.73734,40.41418],[-5.73503,40.41963],[-5.73422,40.42408],[-5.73649,40.42539],[-5.76202,40.42307],[-5.76892,40.42522],[-5.78374,40.41566],[-5.79435,40.41338],[-5.80446,40.40888],[-5.81776,40.39897],[-5.82361,40.3971],[-5.82307,40.39453],[-5.82678,40.39616],[-5.83715,40.38562],[-5.83897,40.38359]]]}},{"type":"Feature","properties":{"mun_code":"37103","mun_name":"Cespedosa de Tormes","mun_name_local":null,"prov_code":"37","prov_name":"Salamanca","acom_code":"07","acom_name":"Castilla y León","geo_point_2d":{"lon":-5.5709262296026365,"lat":40.54138487395611}},"geometry":{"type":"Polygon","coordinates":[[[-5.63176,40.54326],[-5.63004,40.53427],[-5.61546,40.52788],[-5.60904,40.52207],[-5.60218,40.52062],[-5.59608,40.52239],[-5.58823,40.52093],[-5.58716,40.51664],[-5.58035,40.51316],[-5.57147,40.51337],[-5.56426,40.51124],[-5.55979,40.51241],[-5.55182,40.51008],[-5.54826,40.50717],[-5.54274,40.50808],[-5.53728,40.51141],[-5.53293,40.52125],[-5.52343,40.53002],[-5.52512,40.53556],[-5.52273,40.54001],[-5.52649,40.54156],[-5.52609,40.54865],[-5.52933,40.55144],[-5.52872,40.55405],[-5.52103,40.56049],[-5.51657,40.56722],[-5.51679,40.5773],[-5.5245,40.57671],[-5.52849,40.57464],[-5.52947,40.57213],[-5.5423,40.5658],[-5.5483,40.56587],[-5.56032,40.56948],[-5.56363,40.56913],[-5.56946,40.56646],[-5.56958,40.56379],[-5.57258,40.55985],[-5.57871,40.55801],[-5.58273,40.55911],[-5.58914,40.55853],[-5.59441,40.56195],[-5.59697,40.56086],[-5.60342,40.56286],[-5.60695,40.56196],[-5.61929,40.56306],[-5.622,40.56087],[-5.62406,40.55529],[-5.63306,40.55241],[-5.63213,40.54564],[-5.63176,40.54326]]]}},{"type":"Feature","properties":{"mun_code":"37212","mun_name":"Navacarros","mun_name_local":null,"prov_code":"37","prov_name":"Salamanca","acom_code":"07","acom_name":"Castilla y León","geo_point_2d":{"lon":-5.70557969547127,"lat":40.383751746807086}},"geometry":{"type":"Polygon","coordinates":[[[-5.73661,40.40124],[-5.72321,40.39274],[-5.71433,40.38016],[-5.71209,40.37991],[-5.70839,40.37627],[-5.7049,40.37606],[-5.69871,40.37132],[-5.69007,40.33774],[-5.68896,40.33804],[-5.68602,40.34376],[-5.69088,40.35407],[-5.68919,40.35823],[-5.69383,40.36579],[-5.69295,40.3746],[-5.68951,40.37876],[-5.69306,40.38327],[-5.69367,40.38927],[-5.70124,40.39602],[-5.70729,40.40649],[-5.70995,40.40779],[-5.7141,40.4047],[-5.72529,40.40069],[-5.73013,40.39979],[-5.73372,40.40073],[-5.73661,40.40124]]]}},{"type":"Feature","properties":{"mun_code":"37252","mun_name":"Pinedas","mun_name_local":null,"prov_code":"37","prov_name":"Salamanca","acom_code":"07","acom_name":"Castilla y León","geo_point_2d":{"lon":-5.973610956108059,"lat":40.44264889010484}},"geometry":{"type":"Polygon","coordinates":[[[-6.00521,40.43107],[-5.99496,40.41636],[-5.98895,40.41322],[-5.97888,40.42662],[-5.96101,40.4381],[-5.95229,40.44124],[-5.94356,40.44964],[-5.9386,40.45756],[-5.94287,40.45659],[-5.94683,40.46133],[-5.95061,40.4613],[-5.95284,40.4634],[-5.95032,40.46459],[-5.95223,40.46617],[-5.95702,40.46612],[-5.9596,40.46797],[-5.9625,40.46641],[-5.96454,40.46796],[-5.96777,40.46676],[-5.96555,40.46347],[-5.97813,40.45375],[-5.98454,40.45143],[-5.99122,40.45078],[-5.99455,40.44078],[-6.00402,40.43232],[-6.00521,40.43107]]]}},{"type":"Feature","properties":{"mun_code":"37107","mun_name":"Ciudad Rodrigo","mun_name_local":null,"prov_code":"37","prov_name":"Salamanca","acom_code":"07","acom_name":"Castilla y León","geo_point_2d":{"lon":-6.492322034587587,"lat":40.618097028820834}},"geometry":{"type":"Polygon","coordinates":[[[-6.59012,40.60786],[-6.58999,40.59739],[-6.59161,40.59516],[-6.59468,40.59227],[-6.599,40.5922],[-6.60013,40.5891],[-6.609,40.58982],[-6.60216,40.58772],[-6.60345,40.58511],[-6.59535,40.5815],[-6.59156,40.58573],[-6.58245,40.58375],[-6.59143,40.58719],[-6.58018,40.58588],[-6.57693,40.58893],[-6.57012,40.5871],[-6.56942,40.57769],[-6.56817,40.57789],[-6.56886,40.57604],[-6.56701,40.57564],[-6.57265,40.56289],[-6.57959,40.55295],[-6.58575,40.54915],[-6.58406,40.54838],[-6.57119,40.54524],[-6.5672,40.54661],[-6.56154,40.54521],[-6.56011,40.54694],[-6.53213,40.54069],[-6.53267,40.5362],[-6.53606,40.5314],[-6.53506,40.53083],[-6.53113,40.53526],[-6.53059,40.53967],[-6.53242,40.54526],[-6.5309,40.54729],[-6.53124,40.55116],[-6.52808,40.55455],[-6.52613,40.55073],[-6.52222,40.54941],[-6.5189,40.54371],[-6.50879,40.5382],[-6.50993,40.54193],[-6.51187,40.5429],[-6.51192,40.54653],[-6.50551,40.55334],[-6.50223,40.55292],[-6.4987,40.55018],[-6.50384,40.54534],[-6.49972,40.54202],[-6.49367,40.54469],[-6.48054,40.53692],[-6.47216,40.53929],[-6.47324,40.54104],[-6.47114,40.54178],[-6.46875,40.54056],[-6.46322,40.54259],[-6.45865,40.53998],[-6.44797,40.54091],[-6.44581,40.54195],[-6.44786,40.54328],[-6.44755,40.54609],[-6.44617,40.54766],[-6.44207,40.54856],[-6.43452,40.54583],[-6.42677,40.54669],[-6.41426,40.54445],[-6.4087,40.54766],[-6.40675,40.55269],[-6.40692,40.55833],[-6.40503,40.55957],[-6.40328,40.56575],[-6.40918,40.56811],[-6.41008,40.57277],[-6.4133,40.57582],[-6.4078,40.58515],[-6.41208,40.59029],[-6.40866,40.59611],[-6.4091,40.5982],[-6.40662,40.59824],[-6.40856,40.60152],[-6.40799,40.60675],[-6.41488,40.6147],[-6.41453,40.6192],[-6.40295,40.6255],[-6.40682,40.62905],[-6.4079,40.63457],[-6.41262,40.64152],[-6.41408,40.65381],[-6.41062,40.65878],[-6.40576,40.66129],[-6.39173,40.66339],[-6.38507,40.66254],[-6.37553,40.65536],[-6.3655,40.66087],[-6.36755,40.6706],[-6.37365,40.68201],[-6.37936,40.68701],[-6.38811,40.68332],[-6.39168,40.68389],[-6.40193,40.68211],[-6.4193,40.68378],[-6.4245,40.68258],[-6.43633,40.68322],[-6.44884,40.68079],[-6.45683,40.68256],[-6.46212,40.68111],[-6.4672,40.6818],[-6.46994,40.68819],[-6.47739,40.68528],[-6.49116,40.68612],[-6.51077,40.70269],[-6.51284,40.70315],[-6.51677,40.69756],[-6.52571,40.70027],[-6.5332,40.69885],[-6.53675,40.6967],[-6.53721,40.69334],[-6.53563,40.69091],[-6.54046,40.6874],[-6.54589,40.68616],[-6.55497,40.68671],[-6.56194,40.68927],[-6.56993,40.68394],[-6.57642,40.67522],[-6.57445,40.6752],[-6.57262,40.66866],[-6.57989,40.66238],[-6.58191,40.65627],[-6.58866,40.65663],[-6.58001,40.65112],[-6.58765,40.64798],[-6.5889,40.64461],[-6.5934,40.64343],[-6.59308,40.64187],[-6.57786,40.6323],[-6.57859,40.63039],[-6.5765,40.6258],[-6.58093,40.61928],[-6.58501,40.6181],[-6.58557,40.61456],[-6.58947,40.60941],[-6.59012,40.60786]]]}},{"type":"Feature","properties":{"mun_code":"37129","mun_name":"Florida de Liébana","mun_name_local":null,"prov_code":"37","prov_name":"Salamanca","acom_code":"07","acom_name":"Castilla y León","geo_point_2d":{"lon":-5.763447710963842,"lat":41.017489406634915}},"geometry":{"type":"Polygon","coordinates":[[[-5.80357,41.00473],[-5.79969,41.00512],[-5.80152,41.00404],[-5.80084,41.00121],[-5.79777,41.00072],[-5.78869,41.00266],[-5.79025,41.00061],[-5.78941,40.99837],[-5.78331,40.99861],[-5.7786,41.00081],[-5.77772,40.99972],[-5.77977,40.9982],[-5.7795,40.99653],[-5.77527,40.99398],[-5.77698,40.99149],[-5.76353,40.99784],[-5.7654,41.00043],[-5.75993,41.00304],[-5.76046,41.00502],[-5.75546,41.00577],[-5.75597,41.00717],[-5.75104,41.00696],[-5.74344,41.00101],[-5.73894,41.00263],[-5.72859,41.00179],[-5.73243,41.01447],[-5.73165,41.02122],[-5.72813,41.02169],[-5.72617,41.02551],[-5.72759,41.02706],[-5.73166,41.02632],[-5.73552,41.0313],[-5.74437,41.03615],[-5.74875,41.03773],[-5.74965,41.03678],[-5.75889,41.03838],[-5.7585,41.03937],[-5.76416,41.0407],[-5.76894,41.04404],[-5.77008,41.04321],[-5.77218,41.04414],[-5.7777,41.03717],[-5.77441,41.03558],[-5.7755,41.03398],[-5.78205,41.02735],[-5.7836,41.02787],[-5.78819,41.02417],[-5.79082,41.02125],[-5.78999,41.01802],[-5.79262,41.01643],[-5.79597,41.01826],[-5.79884,41.01639],[-5.79464,41.01386],[-5.80442,41.00713],[-5.80357,41.00473]]]}},{"type":"Feature","properties":{"mun_code":"37253","mun_name":"El Pino de Tormes","mun_name_local":null,"prov_code":"37","prov_name":"Salamanca","acom_code":"07","acom_name":"Castilla y León","geo_point_2d":{"lon":-5.810184464203315,"lat":41.02682433891271}},"geometry":{"type":"Polygon","coordinates":[[[-5.84709,41.01193],[-5.84812,41.01052],[-5.84599,41.00953],[-5.84456,41.01191],[-5.84189,41.01224],[-5.84039,41.0101],[-5.84113,41.00801],[-5.83406,41.00693],[-5.82958,41.00158],[-5.82282,40.9993],[-5.81546,41.0038],[-5.80814,41.0015],[-5.80382,41.00336],[-5.80442,41.00713],[-5.79464,41.01386],[-5.79884,41.01639],[-5.79597,41.01826],[-5.79262,41.01643],[-5.78999,41.01802],[-5.79082,41.02125],[-5.78555,41.02683],[-5.78205,41.02735],[-5.77441,41.03558],[-5.7777,41.03717],[-5.77629,41.03978],[-5.77218,41.04414],[-5.77008,41.04321],[-5.76894,41.04404],[-5.77484,41.04705],[-5.78099,41.04748],[-5.79245,41.04266],[-5.79938,41.04902],[-5.80538,41.04916],[-5.80877,41.05156],[-5.80611,41.05136],[-5.81384,41.05577],[-5.81786,41.05525],[-5.81803,41.05133],[-5.81345,41.05117],[-5.81569,41.04903],[-5.81233,41.04684],[-5.81523,41.04415],[-5.81949,41.04486],[-5.82737,41.04239],[-5.82786,41.03945],[-5.83219,41.03632],[-5.83442,41.03259],[-5.8336,41.02928],[-5.83526,41.02423],[-5.8371,41.02284],[-5.83662,41.02144],[-5.83937,41.02115],[-5.83834,41.01767],[-5.84467,41.01236],[-5.84603,41.01272],[-5.84709,41.01193]]]}},{"type":"Feature","properties":{"mun_code":"37284","mun_name":"San Esteban de la Sierra","mun_name_local":null,"prov_code":"37","prov_name":"Salamanca","acom_code":"07","acom_name":"Castilla y León","geo_point_2d":{"lon":-5.876750952856531,"lat":40.512730586293145}},"geometry":{"type":"Polygon","coordinates":[[[-5.92695,40.50341],[-5.91851,40.50241],[-5.91054,40.49975],[-5.89377,40.49934],[-5.87304,40.49531],[-5.85437,40.49598],[-5.84205,40.4993],[-5.84329,40.50378],[-5.84257,40.51854],[-5.85604,40.5377],[-5.86491,40.53511],[-5.86757,40.53277],[-5.88037,40.53215],[-5.88279,40.52935],[-5.88974,40.52698],[-5.89165,40.52105],[-5.89042,40.51909],[-5.89374,40.51593],[-5.89788,40.51801],[-5.90422,40.51688],[-5.9124,40.51891],[-5.92355,40.51153],[-5.92328,40.50638],[-5.92602,40.50473],[-5.92695,40.50341]]]}},{"type":"Feature","properties":{"mun_code":"37023","mun_name":"Aldeatejada","mun_name_local":null,"prov_code":"37","prov_name":"Salamanca","acom_code":"07","acom_name":"Castilla y León","geo_point_2d":{"lon":-5.71931160967523,"lat":40.90664995977831}},"geometry":{"type":"Polygon","coordinates":[[[-5.76844,40.8698],[-5.76538,40.87015],[-5.76442,40.8683],[-5.76161,40.87304],[-5.75938,40.8741],[-5.75736,40.87342],[-5.75683,40.87476],[-5.75373,40.87478],[-5.75249,40.87611],[-5.7507,40.8752],[-5.74255,40.87973],[-5.74121,40.88247],[-5.73754,40.88188],[-5.73502,40.88346],[-5.73193,40.8816],[-5.72919,40.88201],[-5.72643,40.88329],[-5.72669,40.88473],[-5.72276,40.88237],[-5.71285,40.88848],[-5.70844,40.88704],[-5.70551,40.88759],[-5.70532,40.88402],[-5.69692,40.88568],[-5.69711,40.88898],[-5.69431,40.89109],[-5.69891,40.8936],[-5.70016,40.89628],[-5.69858,40.90136],[-5.70077,40.90129],[-5.702,40.90275],[-5.69947,40.90901],[-5.69759,40.90939],[-5.69728,40.90648],[-5.69116,40.90608],[-5.6886,40.90305],[-5.68545,40.9052],[-5.67947,40.9008],[-5.67873,40.90188],[-5.67554,40.90083],[-5.67191,40.90247],[-5.67537,40.90457],[-5.6715,40.9093],[-5.6761,40.90956],[-5.68025,40.91531],[-5.68374,40.91454],[-5.68469,40.91627],[-5.68336,40.91858],[-5.68592,40.9213],[-5.68452,40.9217],[-5.68492,40.92316],[-5.6818,40.92093],[-5.67816,40.925],[-5.68084,40.92921],[-5.67948,40.93217],[-5.68083,40.93265],[-5.68059,40.93633],[-5.68503,40.93667],[-5.68452,40.93834],[-5.68571,40.93743],[-5.69058,40.93988],[-5.68932,40.94002],[-5.69127,40.94389],[-5.68993,40.94433],[-5.68286,40.93927],[-5.67897,40.94488],[-5.68261,40.9483],[-5.68864,40.94459],[-5.69057,40.94423],[-5.6921,40.94578],[-5.69569,40.94413],[-5.69415,40.94152],[-5.6956,40.9407],[-5.6963,40.93606],[-5.69804,40.93979],[-5.7069,40.93595],[-5.70736,40.94128],[-5.71811,40.9375],[-5.72846,40.93094],[-5.72455,40.9228],[-5.72652,40.91682],[-5.72992,40.91585],[-5.73313,40.91899],[-5.73888,40.91311],[-5.74047,40.90849],[-5.74426,40.90716],[-5.74609,40.89943],[-5.75833,40.897],[-5.76159,40.89784],[-5.76012,40.89355],[-5.76265,40.88894],[-5.76669,40.88619],[-5.7685,40.88297],[-5.77772,40.88173],[-5.78013,40.87865],[-5.78054,40.87493],[-5.77656,40.87529],[-5.77251,40.87162],[-5.77084,40.87183],[-5.76844,40.8698]]]}},{"type":"Feature","properties":{"mun_code":"37136","mun_name":"Fuenteguinaldo","mun_name_local":null,"prov_code":"37","prov_name":"Salamanca","acom_code":"07","acom_name":"Castilla y León","geo_point_2d":{"lon":-6.672731019066886,"lat":40.422176534100856}},"geometry":{"type":"Polygon","coordinates":[[[-6.74742,40.41481],[-6.7458,40.40858],[-6.73919,40.40445],[-6.73714,40.39359],[-6.73873,40.37742],[-6.73615,40.37501],[-6.72949,40.37343],[-6.71848,40.37383],[-6.71311,40.37225],[-6.7095,40.37263],[-6.7081,40.37144],[-6.71678,40.35498],[-6.71067,40.3546],[-6.70467,40.34582],[-6.70123,40.34765],[-6.70079,40.35081],[-6.69713,40.34959],[-6.69161,40.35396],[-6.68526,40.35537],[-6.68166,40.35489],[-6.67612,40.36336],[-6.67232,40.36635],[-6.67401,40.36893],[-6.67325,40.37502],[-6.67548,40.37916],[-6.67129,40.38151],[-6.66545,40.39071],[-6.65769,40.39545],[-6.65714,40.40018],[-6.64913,40.40171],[-6.64164,40.40574],[-6.63611,40.40623],[-6.62947,40.4105],[-6.62371,40.41154],[-6.61412,40.41859],[-6.61366,40.42295],[-6.59988,40.43061],[-6.59599,40.43724],[-6.58865,40.44009],[-6.5935,40.44477],[-6.59614,40.4531],[-6.60462,40.45801],[-6.60846,40.45791],[-6.6174,40.4626],[-6.6057,40.47533],[-6.61688,40.48387],[-6.62615,40.48405],[-6.62704,40.48042],[-6.63074,40.47875],[-6.63533,40.48151],[-6.64807,40.47915],[-6.6632,40.47958],[-6.67177,40.47183],[-6.67332,40.46537],[-6.67731,40.46395],[-6.678,40.45801],[-6.6829,40.45516],[-6.69279,40.45658],[-6.69723,40.45307],[-6.69722,40.45119],[-6.70445,40.44872],[-6.70622,40.44691],[-6.7095,40.44684],[-6.71515,40.45201],[-6.71658,40.45116],[-6.71415,40.44602],[-6.71584,40.44598],[-6.71687,40.44135],[-6.72095,40.44087],[-6.72158,40.4453],[-6.72362,40.44445],[-6.72492,40.43915],[-6.72406,40.43496],[-6.72657,40.43039],[-6.73569,40.42651],[-6.73931,40.42065],[-6.74673,40.4152],[-6.74742,40.41481]]]}},{"type":"Feature","properties":{"mun_code":"37286","mun_name":"San Martín del Castañar","mun_name_local":null,"prov_code":"37","prov_name":"Salamanca","acom_code":"07","acom_name":"Castilla y León","geo_point_2d":{"lon":-6.077688618981415,"lat":40.524176144708534}},"geometry":{"type":"Polygon","coordinates":[[[-6.11872,40.51103],[-6.10322,40.50884],[-6.10001,40.5107],[-6.09093,40.50576],[-6.08557,40.5071],[-6.0791,40.51649],[-6.0728,40.51727],[-6.05669,40.51469],[-6.05018,40.50972],[-6.04342,40.51399],[-6.04242,40.51614],[-6.04485,40.53309],[-6.04631,40.53472],[-6.05704,40.53497],[-6.0712,40.53978],[-6.07801,40.54462],[-6.08808,40.54292],[-6.09357,40.53917],[-6.09399,40.53038],[-6.09644,40.52778],[-6.10716,40.52502],[-6.1179,40.5122],[-6.11872,40.51103]]]}},{"type":"Feature","properties":{"mun_code":"37215","mun_name":"Nava de Sotrobal","mun_name_local":null,"prov_code":"37","prov_name":"Salamanca","acom_code":"07","acom_name":"Castilla y León","geo_point_2d":{"lon":-5.285305573722476,"lat":40.89299097298418}},"geometry":{"type":"Polygon","coordinates":[[[-5.33532,40.89265],[-5.33595,40.88878],[-5.33348,40.8865],[-5.33219,40.88687],[-5.33179,40.88486],[-5.3288,40.88563],[-5.32556,40.87921],[-5.32441,40.88052],[-5.32079,40.87758],[-5.32166,40.87483],[-5.31914,40.87597],[-5.31533,40.87198],[-5.31767,40.87151],[-5.31407,40.87098],[-5.30853,40.86137],[-5.30436,40.86072],[-5.30034,40.86306],[-5.29859,40.86186],[-5.29623,40.86357],[-5.2896,40.86292],[-5.2858,40.86575],[-5.28244,40.86255],[-5.27955,40.86119],[-5.27815,40.8625],[-5.27568,40.86011],[-5.2747,40.86108],[-5.27286,40.86023],[-5.26436,40.86174],[-5.26422,40.86074],[-5.25658,40.85977],[-5.25454,40.8627],[-5.25129,40.86371],[-5.24419,40.87248],[-5.24298,40.87555],[-5.2457,40.87772],[-5.24348,40.87848],[-5.24469,40.88162],[-5.24357,40.88465],[-5.23921,40.88753],[-5.24146,40.89274],[-5.24773,40.8991],[-5.24974,40.90617],[-5.2542,40.9068],[-5.25076,40.91291],[-5.24745,40.9154],[-5.24983,40.91767],[-5.25078,40.92475],[-5.27649,40.92451],[-5.28041,40.92639],[-5.28608,40.92365],[-5.29001,40.92508],[-5.2974,40.92478],[-5.30402,40.9212],[-5.30664,40.92157],[-5.3122,40.91704],[-5.3175,40.92066],[-5.32032,40.91804],[-5.32652,40.90609],[-5.33655,40.89438],[-5.33542,40.89282],[-5.33532,40.89265]]]}},{"type":"Feature","properties":{"mun_code":"37230","mun_name":"Parada de Arriba","mun_name_local":null,"prov_code":"37","prov_name":"Salamanca","acom_code":"07","acom_name":"Castilla y León","geo_point_2d":{"lon":-5.810170915766777,"lat":40.97745399116497}},"geometry":{"type":"MultiPolygon","coordinates":[[[[-5.82068,40.93886],[-5.81785,40.93991],[-5.81571,40.93916],[-5.81059,40.94589],[-5.80336,40.94976],[-5.80474,40.95137],[-5.80155,40.95338],[-5.80015,40.95153],[-5.79858,40.95266],[-5.79656,40.95719],[-5.79673,40.9648],[-5.79843,40.9672],[-5.80429,40.96771],[-5.80228,40.96597],[-5.80584,40.96159],[-5.80418,40.95945],[-5.80858,40.95698],[-5.80927,40.95479],[-5.8136,40.95474],[-5.81456,40.95162],[-5.81814,40.94967],[-5.82274,40.94328],[-5.8259,40.94417],[-5.8267,40.94225],[-5.82179,40.93777],[-5.82068,40.93886]]],[[[-5.82282,40.9993],[-5.81902,40.99197],[-5.81941,40.98674],[-5.82171,40.98258],[-5.81879,40.9811],[-5.82516,40.9805],[-5.82627,40.98158],[-5.82976,40.97983],[-5.83348,40.98015],[-5.83674,40.98323],[-5.84061,40.98145],[-5.84138,40.97621],[-5.84004,40.97288],[-5.85208,40.96444],[-5.8382,40.96393],[-5.83007,40.9585],[-5.82044,40.95778],[-5.81811,40.95944],[-5.81699,40.96507],[-5.81324,40.96851],[-5.81533,40.97054],[-5.81112,40.97376],[-5.81281,40.97885],[-5.81058,40.97953],[-5.80151,40.9767],[-5.8007,40.98103],[-5.79263,40.97446],[-5.78855,40.96779],[-5.78775,40.96915],[-5.7836,40.96968],[-5.78166,40.97282],[-5.78575,40.98149],[-5.78124,40.98453],[-5.78127,40.98804],[-5.77876,40.98767],[-5.77887,40.9891],[-5.77648,40.98943],[-5.77895,40.99042],[-5.77526,40.99386],[-5.7795,40.99653],[-5.77977,40.9982],[-5.77772,40.99972],[-5.7786,41.00081],[-5.78331,40.99861],[-5.78941,40.99837],[-5.79025,41.00061],[-5.78869,41.00266],[-5.79627,41.00084],[-5.80084,41.00121],[-5.80152,41.00404],[-5.79969,41.00512],[-5.80241,41.00515],[-5.80814,41.0015],[-5.81546,41.0038],[-5.82126,41.00015],[-5.82282,40.9993]]]]}},{"type":"Feature","properties":{"mun_code":"37350","mun_name":"Vilvestre","mun_name_local":null,"prov_code":"37","prov_name":"Salamanca","acom_code":"07","acom_name":"Castilla y León","geo_point_2d":{"lon":-6.724903420629567,"lat":41.10528368589608}},"geometry":{"type":"Polygon","coordinates":[[[-6.775,41.07419],[-6.77373,41.07246],[-6.76582,41.07166],[-6.75761,41.069],[-6.75284,41.06933],[-6.74623,41.07258],[-6.73077,41.07084],[-6.72211,41.07484],[-6.71913,41.07778],[-6.70774,41.081],[-6.70127,41.08059],[-6.6927,41.08706],[-6.6872,41.08808],[-6.68274,41.09652],[-6.67091,41.10475],[-6.66832,41.1092],[-6.68553,41.12955],[-6.70047,41.13665],[-6.71062,41.13855],[-6.74743,41.13182],[-6.76882,41.13351],[-6.77089,41.13012],[-6.77103,41.12457],[-6.76132,41.11387],[-6.76014,41.1086],[-6.75485,41.10497],[-6.75456,41.10229],[-6.75774,41.09839],[-6.76201,41.09636],[-6.76473,41.09134],[-6.77137,41.08569],[-6.77412,41.08096],[-6.77376,41.07481],[-6.775,41.07419]]]}},{"type":"Feature","properties":{"mun_code":"37016","mun_name":"Aldealengua","mun_name_local":null,"prov_code":"37","prov_name":"Salamanca","acom_code":"07","acom_name":"Castilla y León","geo_point_2d":{"lon":-5.548159399103012,"lat":40.988629330601256}},"geometry":{"type":"Polygon","coordinates":[[[-5.564,40.98986],[-5.5616,40.98439],[-5.55587,40.97999],[-5.56021,40.97968],[-5.55941,40.97769],[-5.55454,40.97628],[-5.54452,40.97869],[-5.53525,40.97308],[-5.52914,40.97234],[-5.53191,40.97469],[-5.53392,40.97995],[-5.53239,40.98056],[-5.53844,40.98181],[-5.53721,40.99218],[-5.53877,40.99785],[-5.54818,41.00426],[-5.55608,41.00241],[-5.56206,40.99102],[-5.564,40.98986]]]}},{"type":"Feature","properties":{"mun_code":"37113","mun_name":"El Cubo de Don Sancho","mun_name_local":null,"prov_code":"37","prov_name":"Salamanca","acom_code":"07","acom_name":"Castilla y León","geo_point_2d":{"lon":-6.3070388105496225,"lat":40.88830029658195}},"geometry":{"type":"Polygon","coordinates":[[[-6.38068,40.88025],[-6.37888,40.8754],[-6.37176,40.86769],[-6.37173,40.86393],[-6.36828,40.8585],[-6.36014,40.85351],[-6.3461,40.8595],[-6.33296,40.8568],[-6.32301,40.85171],[-6.31954,40.84574],[-6.3183,40.82785],[-6.31149,40.82263],[-6.30436,40.82358],[-6.30088,40.82648],[-6.2983,40.82649],[-6.3001,40.82055],[-6.29345,40.81959],[-6.28663,40.82104],[-6.28629,40.82005],[-6.27302,40.8205],[-6.27003,40.8214],[-6.27118,40.83679],[-6.2773,40.85262],[-6.28098,40.85709],[-6.29128,40.85891],[-6.29061,40.86099],[-6.29325,40.86892],[-6.29176,40.88918],[-6.28443,40.88575],[-6.27526,40.88575],[-6.27189,40.88201],[-6.25621,40.88455],[-6.2537,40.88399],[-6.25255,40.8883],[-6.2459,40.88858],[-6.24205,40.89161],[-6.24299,40.89388],[-6.23721,40.89778],[-6.23642,40.90134],[-6.23155,40.90409],[-6.2263,40.91645],[-6.24291,40.92209],[-6.2445,40.92378],[-6.25928,40.92135],[-6.26622,40.9311],[-6.28951,40.93312],[-6.30678,40.94186],[-6.30618,40.945],[-6.31818,40.94616],[-6.31904,40.94806],[-6.32024,40.94786],[-6.32582,40.94382],[-6.32676,40.94465],[-6.3336,40.93748],[-6.33745,40.93109],[-6.33792,40.92645],[-6.34699,40.92451],[-6.35297,40.92046],[-6.35562,40.91651],[-6.35234,40.90987],[-6.35403,40.90574],[-6.36751,40.89254],[-6.36913,40.8866],[-6.37985,40.88051],[-6.38068,40.88025]]]}},{"type":"Feature","properties":{"mun_code":"37119","mun_name":"La Encina","mun_name_local":null,"prov_code":"37","prov_name":"Salamanca","acom_code":"07","acom_name":"Castilla y León","geo_point_2d":{"lon":-6.53676898580086,"lat":40.51602543167409}},"geometry":{"type":"MultiPolygon","coordinates":[[[[-6.50879,40.5382],[-6.5189,40.54371],[-6.52222,40.54941],[-6.52707,40.55167],[-6.5272,40.55462],[-6.52964,40.55391],[-6.53124,40.55116],[-6.5309,40.54729],[-6.53242,40.54526],[-6.53059,40.53967],[-6.53113,40.53526],[-6.53506,40.53083],[-6.53606,40.5314],[-6.53267,40.5362],[-6.53213,40.54069],[-6.56011,40.54694],[-6.56154,40.54521],[-6.5672,40.54661],[-6.57119,40.54524],[-6.58582,40.54902],[-6.59241,40.54276],[-6.59372,40.53671],[-6.57888,40.5336],[-6.57312,40.53102],[-6.56743,40.53207],[-6.55988,40.5308],[-6.56021,40.52852],[-6.53795,40.52288],[-6.53729,40.51562],[-6.5427,40.51207],[-6.54673,40.5135],[-6.55659,40.50236],[-6.55361,40.50018],[-6.55831,40.49536],[-6.54997,40.48865],[-6.55128,40.48592],[-6.54091,40.47622],[-6.53869,40.47066],[-6.53177,40.47167],[-6.52811,40.47728],[-6.51888,40.47872],[-6.51662,40.48026],[-6.51409,40.48617],[-6.49886,40.49209],[-6.49701,40.49459],[-6.49629,40.49644],[-6.50068,40.499],[-6.50075,40.50164],[-6.51376,40.5032],[-6.52412,40.5137],[-6.51442,40.52175],[-6.51125,40.52802],[-6.5123,40.53228],[-6.50867,40.53536],[-6.50859,40.53762],[-6.50879,40.5382]]],[[[-6.49972,40.54202],[-6.50384,40.54534],[-6.4987,40.55018],[-6.50223,40.55292],[-6.50551,40.55334],[-6.50998,40.54994],[-6.51187,40.5429],[-6.50226,40.54102],[-6.50054,40.54181],[-6.49972,40.54202]]]]}},{"type":"Feature","properties":{"mun_code":"37269","mun_name":"Robleda","mun_name_local":null,"prov_code":"37","prov_name":"Salamanca","acom_code":"07","acom_name":"Castilla y León","geo_point_2d":{"lon":-6.602303020806517,"lat":40.37248055566059}},"geometry":{"type":"Polygon","coordinates":[[[-6.67694,40.36132],[-6.67514,40.35969],[-6.67724,40.35774],[-6.67169,40.35789],[-6.67262,40.35489],[-6.66531,40.35218],[-6.66191,40.35628],[-6.65416,40.36014],[-6.64921,40.35919],[-6.64485,40.36182],[-6.63617,40.3634],[-6.62303,40.36158],[-6.62197,40.35262],[-6.62343,40.34842],[-6.62049,40.34328],[-6.61568,40.34107],[-6.61146,40.34111],[-6.60896,40.33187],[-6.5985,40.32883],[-6.59451,40.32498],[-6.58197,40.31747],[-6.57644,40.31645],[-6.57224,40.31732],[-6.5651,40.31597],[-6.56475,40.31461],[-6.563,40.31679],[-6.56041,40.32905],[-6.53628,40.34724],[-6.5399,40.34918],[-6.54268,40.36357],[-6.54715,40.37171],[-6.54962,40.37204],[-6.55444,40.37606],[-6.55849,40.38163],[-6.56186,40.38233],[-6.56615,40.3899],[-6.56969,40.3927],[-6.57168,40.39273],[-6.57666,40.39744],[-6.57411,40.3997],[-6.57997,40.4022],[-6.57718,40.40463],[-6.57896,40.40655],[-6.57658,40.40921],[-6.5824,40.41363],[-6.58396,40.41847],[-6.58978,40.42028],[-6.59152,40.42491],[-6.59014,40.43219],[-6.5873,40.43362],[-6.58874,40.43528],[-6.58636,40.43601],[-6.58492,40.44216],[-6.5967,40.4367],[-6.59955,40.43089],[-6.61366,40.42295],[-6.61412,40.41859],[-6.62371,40.41154],[-6.62947,40.4105],[-6.63611,40.40623],[-6.64164,40.40574],[-6.64913,40.40171],[-6.65714,40.40018],[-6.65769,40.39545],[-6.66545,40.39071],[-6.67129,40.38151],[-6.67548,40.37916],[-6.67325,40.37502],[-6.67383,40.36812],[-6.67225,40.36679],[-6.67686,40.36183],[-6.67694,40.36132]]]}},{"type":"Feature","properties":{"mun_code":"37128","mun_name":"Espino de la Orbada","mun_name_local":null,"prov_code":"37","prov_name":"Salamanca","acom_code":"07","acom_name":"Castilla y León","geo_point_2d":{"lon":-5.414803482654316,"lat":41.11974297401058}},"geometry":{"type":"Polygon","coordinates":[[[-5.45158,41.12544],[-5.45194,41.1221],[-5.44915,41.12115],[-5.45215,41.11896],[-5.45122,41.11146],[-5.4492,41.109],[-5.44999,41.10743],[-5.44537,41.10555],[-5.44057,41.10552],[-5.43998,41.10225],[-5.43645,41.09903],[-5.43401,41.10038],[-5.42901,41.10037],[-5.42834,41.09835],[-5.42216,41.0978],[-5.42332,41.0941],[-5.42174,41.09403],[-5.4216,41.09259],[-5.41909,41.09515],[-5.41723,41.09475],[-5.4164,41.09678],[-5.41292,41.09702],[-5.41127,41.09437],[-5.40895,41.09532],[-5.40817,41.09768],[-5.40434,41.09891],[-5.40481,41.09994],[-5.4035,41.09923],[-5.40348,41.10157],[-5.40101,41.10217],[-5.4015,41.10544],[-5.39953,41.10317],[-5.39695,41.10346],[-5.3966,41.10484],[-5.39271,41.10544],[-5.38924,41.10861],[-5.38358,41.1105],[-5.38247,41.10858],[-5.37714,41.1122],[-5.38067,41.11648],[-5.37818,41.11759],[-5.37878,41.11981],[-5.38259,41.12169],[-5.38113,41.12412],[-5.38359,41.12696],[-5.38169,41.128],[-5.38412,41.13027],[-5.38377,41.13433],[-5.38544,41.13646],[-5.38696,41.13585],[-5.39109,41.14211],[-5.39662,41.1451],[-5.40019,41.14543],[-5.40071,41.14703],[-5.41398,41.1398],[-5.41629,41.1402],[-5.41813,41.13883],[-5.41718,41.13692],[-5.42104,41.13862],[-5.42601,41.13533],[-5.43477,41.13421],[-5.43484,41.13215],[-5.43613,41.13559],[-5.4393,41.13225],[-5.44087,41.1335],[-5.44414,41.13274],[-5.44451,41.13087],[-5.44592,41.13162],[-5.44995,41.12887],[-5.44932,41.1259],[-5.45158,41.12544]]]}},{"type":"Feature","properties":{"mun_code":"37187","mun_name":"Matilla de los Caños del Río","mun_name_local":null,"prov_code":"37","prov_name":"Salamanca","acom_code":"07","acom_name":"Castilla y León","geo_point_2d":{"lon":-5.92484173813171,"lat":40.82729895471445}},"geometry":{"type":"Polygon","coordinates":[[[-6.02845,40.82537],[-6.02557,40.83112],[-6.02228,40.83298],[-6.00834,40.83335],[-6.00548,40.82698],[-5.99996,40.82496],[-5.99816,40.81947],[-5.98573,40.81302],[-5.98556,40.81152],[-5.98273,40.81218],[-5.98253,40.81023],[-5.97411,40.81487],[-5.96624,40.81546],[-5.96466,40.81163],[-5.96283,40.81193],[-5.9599,40.80884],[-5.95831,40.80583],[-5.95988,40.80249],[-5.95558,40.79997],[-5.95655,40.79829],[-5.95378,40.79713],[-5.95218,40.79242],[-5.9419,40.78661],[-5.92999,40.7829],[-5.92631,40.78995],[-5.92953,40.79576],[-5.92852,40.80305],[-5.92636,40.80383],[-5.92754,40.8079],[-5.92456,40.80897],[-5.92224,40.80835],[-5.91691,40.80161],[-5.90682,40.80106],[-5.90213,40.79925],[-5.89945,40.80011],[-5.89733,40.79714],[-5.88587,40.79972],[-5.88551,40.80156],[-5.88157,40.80432],[-5.8747,40.79685],[-5.86452,40.80098],[-5.86099,40.80786],[-5.85854,40.8082],[-5.85678,40.8106],[-5.8571,40.81227],[-5.8493,40.816],[-5.84928,40.81802],[-5.85221,40.81834],[-5.85206,40.82639],[-5.84773,40.82933],[-5.85175,40.83433],[-5.85042,40.83485],[-5.854,40.84082],[-5.85759,40.84229],[-5.86219,40.8516],[-5.8679,40.85693],[-5.86894,40.8614],[-5.87393,40.86167],[-5.89008,40.85744],[-5.89058,40.85896],[-5.89222,40.85892],[-5.8986,40.85356],[-5.90746,40.83998],[-5.91053,40.85452],[-5.9147,40.86345],[-5.91698,40.86377],[-5.92117,40.8611],[-5.92264,40.86212],[-5.93168,40.86108],[-5.93619,40.8504],[-5.94069,40.84777],[-5.94464,40.84894],[-5.94832,40.8479],[-5.95036,40.84513],[-5.94951,40.84279],[-5.95185,40.84161],[-5.95545,40.83507],[-5.95827,40.83494],[-5.95938,40.83182],[-5.96961,40.83988],[-5.983,40.83874],[-5.98588,40.83757],[-5.98703,40.83425],[-5.9899,40.83332],[-5.99732,40.83574],[-6.00335,40.83613],[-6.00291,40.84547],[-5.99862,40.85228],[-6.00151,40.85715],[-6.00443,40.85612],[-6.00809,40.86053],[-6.01258,40.86219],[-6.01591,40.85392],[-6.0233,40.84714],[-6.02863,40.84482],[-6.03109,40.83761],[-6.02749,40.8303],[-6.02855,40.82583],[-6.02845,40.82537]]]}},{"type":"Feature","properties":{"mun_code":"37315","mun_name":"La Tala","mun_name_local":null,"prov_code":"37","prov_name":"Salamanca","acom_code":"07","acom_name":"Castilla y León","geo_point_2d":{"lon":-5.526702868352846,"lat":40.59452208166136}},"geometry":{"type":"Polygon","coordinates":[[[-5.53442,40.56961],[-5.5245,40.57671],[-5.51679,40.5773],[-5.51622,40.58538],[-5.5132,40.58682],[-5.51009,40.59126],[-5.50833,40.59141],[-5.50682,40.59507],[-5.50204,40.59769],[-5.50149,40.59872],[-5.50396,40.60022],[-5.50575,40.61306],[-5.50972,40.61213],[-5.51412,40.61322],[-5.52273,40.6127],[-5.52663,40.61538],[-5.54,40.60429],[-5.54219,40.60504],[-5.54489,40.60158],[-5.55081,40.59856],[-5.54872,40.59404],[-5.55046,40.59222],[-5.54486,40.58615],[-5.53929,40.57284],[-5.53507,40.5701],[-5.53442,40.56961]]]}},{"type":"Feature","properties":{"mun_code":"37249","mun_name":"Peralejos de Arriba","mun_name_local":null,"prov_code":"37","prov_name":"Salamanca","acom_code":"07","acom_name":"Castilla y León","geo_point_2d":{"lon":-6.312435807541319,"lat":41.00784135950756}},"geometry":{"type":"Polygon","coordinates":[[[-6.35157,40.98059],[-6.35227,40.97955],[-6.34334,40.97706],[-6.33921,40.97443],[-6.33821,40.97802],[-6.31696,40.98089],[-6.30491,40.98684],[-6.29435,40.98516],[-6.28182,40.98688],[-6.26861,41.01364],[-6.27654,41.02006],[-6.27926,41.02431],[-6.28794,41.02527],[-6.28935,41.02729],[-6.29462,41.0292],[-6.30331,41.03784],[-6.32916,41.04098],[-6.33301,41.03544],[-6.34403,41.03022],[-6.33695,41.02784],[-6.33645,41.02529],[-6.34229,41.01467],[-6.34175,41.01221],[-6.34388,41.00807],[-6.3429,41.00424],[-6.34582,40.99895],[-6.34698,40.98851],[-6.35156,40.98111],[-6.35157,40.98059]]]}},{"type":"Feature","properties":{"mun_code":"37306","mun_name":"Serradilla del Arroyo","mun_name_local":null,"prov_code":"37","prov_name":"Salamanca","acom_code":"07","acom_name":"Castilla y León","geo_point_2d":{"lon":-6.337621809385904,"lat":40.544996426493086}},"geometry":{"type":"Polygon","coordinates":[[[-6.41459,40.54439],[-6.41024,40.54243],[-6.41272,40.53766],[-6.41109,40.53696],[-6.40557,40.53595],[-6.40121,40.53852],[-6.39731,40.53641],[-6.39262,40.53701],[-6.38866,40.53318],[-6.38805,40.52676],[-6.3837,40.52424],[-6.38562,40.51821],[-6.38394,40.5146],[-6.3628,40.50782],[-6.35609,40.50879],[-6.35065,40.50695],[-6.33543,40.50767],[-6.31896,40.50559],[-6.30613,40.50794],[-6.30481,40.51308],[-6.29423,40.52258],[-6.28875,40.52163],[-6.28635,40.51885],[-6.27825,40.52009],[-6.25939,40.51903],[-6.24425,40.52384],[-6.2424,40.52666],[-6.24449,40.53828],[-6.25071,40.54994],[-6.25307,40.55104],[-6.26674,40.55505],[-6.26894,40.55278],[-6.27373,40.55214],[-6.27966,40.54832],[-6.28822,40.54625],[-6.29342,40.54733],[-6.30095,40.55253],[-6.3048,40.55202],[-6.3105,40.55406],[-6.31541,40.55384],[-6.3111,40.55826],[-6.31086,40.56306],[-6.32207,40.5654],[-6.3174,40.57987],[-6.32089,40.58367],[-6.31911,40.58908],[-6.32884,40.59911],[-6.33215,40.59616],[-6.3322,40.59234],[-6.33851,40.58565],[-6.34066,40.58119],[-6.34342,40.57931],[-6.35012,40.57957],[-6.35773,40.5686],[-6.36567,40.56513],[-6.37172,40.56437],[-6.37421,40.56704],[-6.38317,40.58765],[-6.38431,40.603],[-6.38998,40.60936],[-6.40449,40.57606],[-6.40514,40.56664],[-6.40328,40.56575],[-6.40341,40.56331],[-6.40692,40.55833],[-6.40675,40.55269],[-6.41018,40.54603],[-6.41426,40.54445],[-6.41459,40.54439]]]}},{"type":"Feature","properties":{"mun_code":"37231","mun_name":"Parada de Rubiales","mun_name_local":null,"prov_code":"37","prov_name":"Salamanca","acom_code":"07","acom_name":"Castilla y León","geo_point_2d":{"lon":-5.436989108878651,"lat":41.16049900058514}},"geometry":{"type":"Polygon","coordinates":[[[-5.47337,41.15347],[-5.47009,41.1449],[-5.47115,41.14143],[-5.46863,41.14293],[-5.46423,41.14131],[-5.45808,41.13657],[-5.45305,41.13054],[-5.45158,41.12544],[-5.44932,41.1259],[-5.44995,41.12887],[-5.44745,41.13062],[-5.44592,41.13162],[-5.44518,41.13055],[-5.44414,41.13274],[-5.44087,41.1335],[-5.4393,41.13225],[-5.43685,41.13544],[-5.43544,41.13205],[-5.43477,41.13421],[-5.42601,41.13533],[-5.42104,41.13862],[-5.41718,41.13692],[-5.41813,41.13883],[-5.41629,41.1402],[-5.41398,41.1398],[-5.40071,41.14703],[-5.40185,41.14921],[-5.39998,41.15961],[-5.39658,41.16304],[-5.39802,41.16669],[-5.4026,41.17003],[-5.40425,41.17578],[-5.40298,41.17654],[-5.40759,41.18559],[-5.41306,41.18581],[-5.4181,41.18766],[-5.42637,41.18753],[-5.47688,41.17832],[-5.47504,41.17567],[-5.47556,41.16861],[-5.46983,41.15795],[-5.47253,41.1542],[-5.47337,41.15347]]]}},{"type":"Feature","properties":{"mun_code":"37078","mun_name":"Candelario","mun_name_local":null,"prov_code":"37","prov_name":"Salamanca","acom_code":"07","acom_name":"Castilla y León","geo_point_2d":{"lon":-5.748734526829007,"lat":40.33141407571253}},"geometry":{"type":"Polygon","coordinates":[[[-5.79751,40.35325],[-5.79496,40.35123],[-5.79005,40.33355],[-5.78453,40.32346],[-5.78199,40.31246],[-5.78933,40.30651],[-5.7933,40.30026],[-5.80274,40.29763],[-5.79314,40.2867],[-5.7767,40.28239],[-5.76499,40.28078],[-5.75791,40.28245],[-5.74438,40.28886],[-5.73756,40.29412],[-5.72884,40.30388],[-5.72908,40.31036],[-5.71432,40.32531],[-5.70089,40.33384],[-5.69007,40.33774],[-5.69691,40.35156],[-5.70152,40.36939],[-5.70787,40.36258],[-5.71096,40.36518],[-5.71658,40.36593],[-5.71936,40.37363],[-5.72678,40.37903],[-5.7315,40.37902],[-5.73798,40.38373],[-5.74964,40.37539],[-5.75066,40.37166],[-5.75331,40.37123],[-5.76034,40.36584],[-5.76558,40.35806],[-5.77641,40.3571],[-5.78615,40.35367],[-5.79751,40.35325]]]}},{"type":"Feature","properties":{"mun_code":"37228","mun_name":"Palaciosrubios","mun_name_local":null,"prov_code":"37","prov_name":"Salamanca","acom_code":"07","acom_name":"Castilla y León","geo_point_2d":{"lon":-5.189955599611308,"lat":41.05536512367608}},"geometry":{"type":"Polygon","coordinates":[[[-5.23969,41.05471],[-5.23958,41.04549],[-5.2308,41.03214],[-5.22054,41.03332],[-5.21112,41.03059],[-5.20412,41.02659],[-5.20263,41.02835],[-5.20017,41.02923],[-5.19788,41.02822],[-5.19334,41.0305],[-5.18767,41.02889],[-5.18093,41.02976],[-5.17783,41.02793],[-5.17468,41.03084],[-5.17237,41.03052],[-5.16633,41.0346],[-5.16394,41.03864],[-5.15373,41.0397],[-5.14654,41.04364],[-5.14531,41.0467],[-5.14833,41.04802],[-5.14696,41.05416],[-5.14927,41.05528],[-5.14917,41.05931],[-5.15299,41.06374],[-5.15035,41.07929],[-5.15226,41.08193],[-5.15622,41.08167],[-5.15605,41.08359],[-5.15848,41.08551],[-5.17027,41.08345],[-5.17103,41.08213],[-5.17406,41.08428],[-5.17654,41.08248],[-5.17764,41.08455],[-5.18342,41.0869],[-5.18678,41.08471],[-5.19562,41.08585],[-5.19976,41.08105],[-5.20537,41.08043],[-5.20451,41.07409],[-5.21011,41.07139],[-5.21553,41.06608],[-5.22186,41.06559],[-5.22448,41.0628],[-5.23075,41.06112],[-5.23441,41.05796],[-5.2363,41.05875],[-5.23895,41.05625],[-5.23969,41.05471]]]}},{"type":"Feature","properties":{"mun_code":"37369","mun_name":"Villaseco de los Gamitos","mun_name_local":null,"prov_code":"37","prov_name":"Salamanca","acom_code":"07","acom_name":"Castilla y León","geo_point_2d":{"lon":-6.1051859628094975,"lat":41.03826222401977}},"geometry":{"type":"Polygon","coordinates":[[[-6.14444,41.0306],[-6.14259,41.02408],[-6.13591,41.02767],[-6.1348,41.02629],[-6.13295,41.02652],[-6.13264,41.02415],[-6.12925,41.02352],[-6.12729,41.02057],[-6.11379,41.0262],[-6.10898,41.02605],[-6.10497,41.0286],[-6.08818,41.03378],[-6.08048,41.03472],[-6.07031,41.03134],[-6.06921,41.03331],[-6.07084,41.03886],[-6.07321,41.0384],[-6.07393,41.04014],[-6.07147,41.04115],[-6.07263,41.04576],[-6.07576,41.04854],[-6.08773,41.05288],[-6.09995,41.05245],[-6.10492,41.05376],[-6.10681,41.05236],[-6.11206,41.0519],[-6.11782,41.04403],[-6.12919,41.04002],[-6.1412,41.03187],[-6.14444,41.0306]]]}},{"type":"Feature","properties":{"mun_code":"37147","mun_name":"Garcibuey","mun_name_local":null,"prov_code":"37","prov_name":"Salamanca","acom_code":"07","acom_name":"Castilla y León","geo_point_2d":{"lon":-5.971590009320216,"lat":40.504639218205284}},"geometry":{"type":"Polygon","coordinates":[[[-6.01055,40.53386],[-6.00951,40.53029],[-6.00403,40.527],[-6.00484,40.52143],[-6.00154,40.51533],[-5.99515,40.51108],[-5.992,40.51059],[-5.98894,40.50292],[-5.97768,40.49916],[-5.9769,40.49441],[-5.9746,40.49325],[-5.97496,40.49078],[-5.97095,40.49167],[-5.96678,40.4899],[-5.96735,40.48463],[-5.96505,40.48327],[-5.96606,40.47994],[-5.96331,40.47899],[-5.95882,40.48102],[-5.94942,40.48231],[-5.94976,40.48568],[-5.94761,40.48885],[-5.9504,40.49238],[-5.94537,40.49072],[-5.94359,40.49127],[-5.94761,40.4948],[-5.94212,40.50024],[-5.9497,40.50361],[-5.94511,40.50656],[-5.94443,40.50856],[-5.96201,40.51248],[-5.9738,40.51691],[-5.98092,40.52131],[-5.98887,40.52159],[-6.00941,40.53344],[-6.01055,40.53386]]]}},{"type":"Feature","properties":{"mun_code":"37159","mun_name":"Herguijuela del Campo","mun_name_local":null,"prov_code":"37","prov_name":"Salamanca","acom_code":"07","acom_name":"Castilla y León","geo_point_2d":{"lon":-5.881594518465033,"lat":40.61501987589448}},"geometry":{"type":"Polygon","coordinates":[[[-5.92922,40.60505],[-5.91775,40.60584],[-5.91639,40.60132],[-5.9092,40.59701],[-5.9076,40.59298],[-5.90304,40.59134],[-5.89039,40.5928],[-5.88548,40.59628],[-5.8798,40.59603],[-5.87756,40.59438],[-5.86903,40.59579],[-5.85979,40.5927],[-5.85815,40.59434],[-5.85454,40.59475],[-5.85492,40.59905],[-5.85331,40.60195],[-5.85541,40.60337],[-5.85554,40.60544],[-5.84539,40.61049],[-5.84605,40.61232],[-5.84186,40.61388],[-5.84346,40.62203],[-5.84255,40.62478],[-5.84661,40.62597],[-5.85192,40.63075],[-5.85313,40.63545],[-5.8573,40.63575],[-5.85851,40.63784],[-5.86414,40.63926],[-5.87984,40.64202],[-5.88579,40.6456],[-5.88879,40.64201],[-5.88891,40.63458],[-5.89477,40.62993],[-5.89432,40.62418],[-5.89015,40.6189],[-5.89461,40.61797],[-5.89734,40.61472],[-5.90123,40.61884],[-5.91581,40.62413],[-5.92173,40.61998],[-5.92358,40.62001],[-5.93034,40.60526],[-5.92922,40.60505]]]}},{"type":"Feature","properties":{"mun_code":"37251","mun_name":"Peromingo","mun_name_local":null,"prov_code":"37","prov_name":"Salamanca","acom_code":"07","acom_name":"Castilla y León","geo_point_2d":{"lon":-5.771003992823908,"lat":40.4640967204167}},"geometry":{"type":"Polygon","coordinates":[[[-5.79718,40.4557],[-5.7921,40.45304],[-5.77589,40.44908],[-5.77311,40.45104],[-5.76316,40.45385],[-5.75728,40.45855],[-5.74846,40.46248],[-5.75003,40.46469],[-5.74813,40.46698],[-5.74866,40.46974],[-5.75226,40.47812],[-5.76449,40.48183],[-5.77016,40.47442],[-5.77533,40.47127],[-5.7769,40.47191],[-5.78282,40.46881],[-5.78577,40.46916],[-5.78945,40.46645],[-5.79212,40.46631],[-5.79509,40.46392],[-5.79652,40.45794],[-5.79718,40.4557]]]}},{"type":"Feature","properties":{"mun_code":"37364","mun_name":"Villarino de los Aires","mun_name_local":null,"prov_code":"37","prov_name":"Salamanca","acom_code":"07","acom_name":"Castilla y León","geo_point_2d":{"lon":-6.438855965345897,"lat":41.22443465332302}},"geometry":{"type":"Polygon","coordinates":[[[-6.50111,41.26539],[-6.4996,41.25891],[-6.49149,41.24995],[-6.475,41.24612],[-6.47265,41.24415],[-6.47124,41.23867],[-6.47278,41.23245],[-6.48052,41.22538],[-6.48162,41.22041],[-6.48573,41.21798],[-6.48963,41.21786],[-6.49193,41.21564],[-6.49267,41.21409],[-6.48925,41.20968],[-6.49387,41.20713],[-6.49772,41.2025],[-6.49289,41.19956],[-6.48474,41.18801],[-6.46972,41.18433],[-6.45566,41.17557],[-6.44424,41.15761],[-6.44282,41.15153],[-6.4182,41.15277],[-6.40779,41.15835],[-6.39539,41.17577],[-6.3851,41.1873],[-6.38279,41.1923],[-6.38891,41.20241],[-6.39596,41.2079],[-6.40342,41.21788],[-6.39266,41.21919],[-6.38993,41.22091],[-6.39085,41.22448],[-6.38782,41.23183],[-6.38777,41.23601],[-6.39643,41.25625],[-6.3962,41.26992],[-6.40007,41.27873],[-6.40404,41.27882],[-6.41473,41.27598],[-6.41573,41.27703],[-6.41393,41.28093],[-6.41693,41.28277],[-6.42084,41.2829],[-6.4238,41.2797],[-6.43681,41.28351],[-6.44535,41.28385],[-6.45431,41.29208],[-6.46535,41.28622],[-6.47756,41.28758],[-6.47962,41.28954],[-6.47964,41.29422],[-6.48148,41.29414],[-6.48957,41.28931],[-6.49149,41.28528],[-6.49027,41.28346],[-6.48004,41.2782],[-6.47889,41.27506],[-6.50016,41.26521],[-6.50111,41.26539]]]}},{"type":"Feature","properties":{"mun_code":"37368","mun_name":"Villasdardo","mun_name_local":null,"prov_code":"37","prov_name":"Salamanca","acom_code":"07","acom_name":"Castilla y León","geo_point_2d":{"lon":-6.168539662326334,"lat":41.00734454391419}},"geometry":{"type":"Polygon","coordinates":[[[-6.19268,41.02467],[-6.19014,41.02023],[-6.19461,41.01308],[-6.19519,41.00916],[-6.19166,41.0018],[-6.19277,40.99678],[-6.19,40.99099],[-6.18872,40.98327],[-6.18978,40.98152],[-6.17866,40.98131],[-6.17608,40.97834],[-6.17115,40.97966],[-6.17167,40.98215],[-6.16174,40.98066],[-6.15262,40.98441],[-6.15117,40.9883],[-6.14571,40.99225],[-6.14635,40.99368],[-6.14118,40.99493],[-6.14541,40.99779],[-6.14652,41.00327],[-6.14535,41.00692],[-6.14363,41.00757],[-6.14493,41.01236],[-6.14259,41.02408],[-6.14343,41.02961],[-6.14773,41.032],[-6.17725,41.03323],[-6.17658,41.0321],[-6.19094,41.02586],[-6.19268,41.02467]]]}},{"type":"Feature","properties":{"mun_code":"37140","mun_name":"Fuentes de Oñoro","mun_name_local":null,"prov_code":"37","prov_name":"Salamanca","acom_code":"07","acom_name":"Castilla y León","geo_point_2d":{"lon":-6.789993550310311,"lat":40.575580080191145}},"geometry":{"type":"Polygon","coordinates":[[[-6.81307,40.62235],[-6.82086,40.61047],[-6.83812,40.59423],[-6.8368,40.58462],[-6.83785,40.57988],[-6.84134,40.5766],[-6.84536,40.56595],[-6.82997,40.56303],[-6.82319,40.55819],[-6.80828,40.55436],[-6.80512,40.5546],[-6.80464,40.55043],[-6.80087,40.55035],[-6.80537,40.54077],[-6.80321,40.52989],[-6.79774,40.53187],[-6.78591,40.53021],[-6.78096,40.52753],[-6.77204,40.52855],[-6.76795,40.53054],[-6.76489,40.5354],[-6.76204,40.53701],[-6.76056,40.54504],[-6.7544,40.54634],[-6.74263,40.55708],[-6.73467,40.56198],[-6.7376,40.56475],[-6.74537,40.56536],[-6.75027,40.56743],[-6.7485,40.5741],[-6.75019,40.58007],[-6.74339,40.58804],[-6.74865,40.5942],[-6.74594,40.60091],[-6.74655,40.60295],[-6.75218,40.60599],[-6.7637,40.60301],[-6.76876,40.60376],[-6.78504,40.61028],[-6.79467,40.61853],[-6.80989,40.62092],[-6.81307,40.62235]]]}},{"type":"Feature","properties":{"mun_code":"37343","mun_name":"Vallejera de Riofrío","mun_name_local":null,"prov_code":"37","prov_name":"Salamanca","acom_code":"07","acom_name":"Castilla y León","geo_point_2d":{"lon":-5.722519796754961,"lat":40.41448730729431}},"geometry":{"type":"Polygon","coordinates":[[[-5.73661,40.40124],[-5.72819,40.40005],[-5.71256,40.40542],[-5.70828,40.41019],[-5.70638,40.41854],[-5.70392,40.42096],[-5.69615,40.42378],[-5.69449,40.42612],[-5.70668,40.42361],[-5.71932,40.42902],[-5.73366,40.42521],[-5.73734,40.41418],[-5.74091,40.40978],[-5.74187,40.40515],[-5.73889,40.40211],[-5.73661,40.40124]]]}},{"type":"Feature","properties":{"mun_code":"37186","mun_name":"La Mata de Ledesma","mun_name_local":null,"prov_code":"37","prov_name":"Salamanca","acom_code":"07","acom_name":"Castilla y León","geo_point_2d":{"lon":-5.981002805256342,"lat":40.98445056107105}},"geometry":{"type":"Polygon","coordinates":[[[-6.05378,40.97776],[-6.03987,40.97836],[-6.0296,40.97142],[-6.02467,40.97195],[-6.02508,40.97403],[-6.01802,40.97557],[-6.0137,40.9735],[-6.01579,40.97011],[-6.00011,40.96873],[-5.99972,40.96421],[-5.98772,40.95943],[-5.9798,40.95436],[-5.96924,40.95596],[-5.96861,40.96065],[-5.96062,40.96453],[-5.95782,40.9637],[-5.95113,40.9654],[-5.9482,40.96779],[-5.94252,40.96594],[-5.93265,40.97913],[-5.92165,40.98795],[-5.92754,40.9959],[-5.92969,40.99622],[-5.93118,41.0006],[-5.93406,41.00004],[-5.94059,41.00346],[-5.93836,41.00645],[-5.94291,41.00782],[-5.94005,41.01165],[-5.94699,41.01157],[-5.9473,41.00755],[-5.96328,41.00719],[-5.97348,41.00877],[-5.97611,41.00803],[-5.97697,41.00559],[-5.9822,41.00776],[-5.98875,41.00373],[-5.98843,41.00109],[-5.99844,41.00253],[-6.00282,41.00063],[-6.00466,41.00246],[-6.00672,41.00241],[-6.01001,41.00133],[-6.01056,40.99918],[-6.01552,40.99606],[-6.02043,40.9942],[-6.0266,40.99578],[-6.02811,40.99453],[-6.03332,40.99506],[-6.04207,40.99227],[-6.04869,40.98781],[-6.05183,40.98173],[-6.05361,40.98157],[-6.05352,40.97858],[-6.05378,40.97776]]]}},{"type":"Feature","properties":{"mun_code":"37321","mun_name":"Tenebrón","mun_name_local":null,"prov_code":"37","prov_name":"Salamanca","acom_code":"07","acom_name":"Castilla y León","geo_point_2d":{"lon":-6.35741321104643,"lat":40.605766610465224}},"geometry":{"type":"MultiPolygon","coordinates":[[[[-6.26777,40.5555],[-6.27591,40.56036],[-6.27963,40.55942],[-6.28391,40.56092],[-6.28697,40.55882],[-6.29447,40.5578],[-6.30235,40.55273],[-6.29342,40.54733],[-6.28822,40.54625],[-6.27966,40.54832],[-6.27373,40.55214],[-6.26894,40.55278],[-6.26674,40.55505],[-6.26777,40.5555]]],[[[-6.40295,40.6255],[-6.41453,40.6192],[-6.41488,40.6147],[-6.40799,40.60675],[-6.40856,40.60152],[-6.40662,40.59824],[-6.40131,40.60564],[-6.39268,40.60682],[-6.38998,40.60936],[-6.38838,40.60859],[-6.38431,40.603],[-6.38317,40.58765],[-6.37373,40.56606],[-6.37005,40.56423],[-6.36128,40.56662],[-6.35679,40.56971],[-6.35057,40.57929],[-6.34342,40.57931],[-6.33923,40.58263],[-6.33851,40.58565],[-6.3322,40.59234],[-6.33215,40.59616],[-6.32884,40.59911],[-6.33352,40.60204],[-6.32731,40.60756],[-6.32303,40.61465],[-6.33388,40.62474],[-6.34068,40.6385],[-6.34518,40.64207],[-6.34607,40.64872],[-6.36082,40.64942],[-6.36364,40.65264],[-6.3625,40.6585],[-6.36615,40.6599],[-6.37036,40.65864],[-6.37553,40.65536],[-6.36814,40.64437],[-6.36858,40.63959],[-6.36672,40.63507],[-6.3689,40.63077],[-6.39719,40.62044],[-6.40249,40.62519],[-6.40295,40.6255]]]]}},{"type":"Feature","properties":{"mun_code":"37261","mun_name":"Puente del Congosto","mun_name_local":null,"prov_code":"37","prov_name":"Salamanca","acom_code":"07","acom_name":"Castilla y León","geo_point_2d":{"lon":-5.522544407907348,"lat":40.50301572690884}},"geometry":{"type":"Polygon","coordinates":[[[-5.56092,40.4771],[-5.56423,40.4725],[-5.56013,40.46676],[-5.54764,40.46711],[-5.53724,40.46943],[-5.52102,40.46792],[-5.50828,40.47178],[-5.51347,40.48166],[-5.50737,40.48396],[-5.5045,40.49232],[-5.50605,40.49757],[-5.50381,40.49956],[-5.49683,40.50017],[-5.4808,40.50935],[-5.48487,40.51943],[-5.49138,40.52577],[-5.49375,40.53191],[-5.49331,40.53949],[-5.49465,40.54086],[-5.50003,40.54177],[-5.50817,40.54879],[-5.51748,40.54562],[-5.52469,40.54073],[-5.52273,40.54001],[-5.52512,40.53556],[-5.5236,40.52964],[-5.53293,40.52125],[-5.53728,40.51141],[-5.54274,40.50808],[-5.54826,40.50717],[-5.55476,40.50016],[-5.56202,40.48926],[-5.55911,40.48099],[-5.56036,40.47802],[-5.56092,40.4771]]]}},{"type":"Feature","properties":{"mun_code":"37240","mun_name":"Pelabravo","mun_name_local":null,"prov_code":"37","prov_name":"Salamanca","acom_code":"07","acom_name":"Castilla y León","geo_point_2d":{"lon":-5.5866687623056865,"lat":40.9469052031989}},"geometry":{"type":"Polygon","coordinates":[[[-5.62074,40.96698],[-5.61745,40.96424],[-5.61111,40.96659],[-5.61124,40.96322],[-5.60659,40.96016],[-5.60706,40.95878],[-5.6035,40.95948],[-5.60456,40.95613],[-5.60321,40.95418],[-5.60505,40.95147],[-5.60119,40.95161],[-5.60136,40.95024],[-5.6053,40.95043],[-5.60436,40.94407],[-5.60733,40.94455],[-5.60775,40.94179],[-5.60538,40.94224],[-5.60942,40.93255],[-5.60269,40.92957],[-5.60743,40.92921],[-5.61044,40.93128],[-5.61101,40.92898],[-5.61651,40.92641],[-5.61688,40.92269],[-5.61248,40.92209],[-5.61115,40.91962],[-5.60542,40.92096],[-5.60038,40.91636],[-5.59806,40.91785],[-5.59606,40.9169],[-5.59412,40.9173],[-5.59361,40.92625],[-5.59059,40.92714],[-5.5873,40.92308],[-5.58467,40.92274],[-5.58412,40.92037],[-5.57649,40.92108],[-5.57391,40.91804],[-5.5714,40.9205],[-5.57071,40.91836],[-5.56821,40.91996],[-5.56475,40.91698],[-5.55921,40.91885],[-5.5572,40.92364],[-5.55757,40.92729],[-5.55811,40.92967],[-5.56117,40.93144],[-5.55895,40.93615],[-5.56401,40.9391],[-5.56681,40.94464],[-5.56988,40.94376],[-5.57442,40.94639],[-5.57334,40.94811],[-5.56752,40.94727],[-5.56797,40.94623],[-5.56396,40.94826],[-5.56696,40.95182],[-5.56621,40.95514],[-5.57012,40.95762],[-5.56862,40.9591],[-5.56933,40.96137],[-5.56737,40.9614],[-5.56581,40.96522],[-5.5696,40.96698],[-5.56525,40.96781],[-5.56511,40.97033],[-5.56776,40.97008],[-5.56816,40.97154],[-5.56372,40.9737],[-5.56393,40.97527],[-5.57825,40.97614],[-5.59117,40.97915],[-5.59153,40.97729],[-5.59531,40.97675],[-5.59591,40.9743],[-5.61509,40.97138],[-5.62062,40.96776],[-5.62074,40.96698]]]}},{"type":"Feature","properties":{"mun_code":"37282","mun_name":"Sanchotello","mun_name_local":null,"prov_code":"37","prov_name":"Salamanca","acom_code":"07","acom_name":"Castilla y León","geo_point_2d":{"lon":-5.750223689153815,"lat":40.443644857565914}},"geometry":{"type":"Polygon","coordinates":[[[-5.77589,40.44908],[-5.77644,40.44047],[-5.76914,40.43143],[-5.76989,40.42611],[-5.76202,40.42307],[-5.74786,40.42402],[-5.74435,40.42534],[-5.7347,40.42452],[-5.73838,40.42849],[-5.72985,40.4395],[-5.7311,40.44774],[-5.7276,40.44865],[-5.72643,40.45135],[-5.72264,40.45249],[-5.72394,40.45591],[-5.73368,40.46276],[-5.73574,40.46208],[-5.74116,40.46571],[-5.74899,40.46581],[-5.75003,40.46469],[-5.74846,40.46248],[-5.75728,40.45855],[-5.76316,40.45385],[-5.77523,40.44943],[-5.77589,40.44908]]]}},{"type":"Feature","properties":{"mun_code":"37277","mun_name":"Salvatierra de Tormes","mun_name_local":null,"prov_code":"37","prov_name":"Salamanca","acom_code":"07","acom_name":"Castilla y León","geo_point_2d":{"lon":-5.579973601052109,"lat":40.59011320610318}},"geometry":{"type":"Polygon","coordinates":[[[-5.62504,40.59942],[-5.61255,40.59351],[-5.61047,40.58983],[-5.60694,40.58861],[-5.60887,40.58001],[-5.6062,40.57931],[-5.60547,40.57512],[-5.61685,40.56308],[-5.60695,40.56196],[-5.60342,40.56286],[-5.59697,40.56086],[-5.59441,40.56195],[-5.58914,40.55853],[-5.58273,40.55911],[-5.57871,40.55801],[-5.57258,40.55985],[-5.56958,40.56379],[-5.56946,40.56646],[-5.56363,40.56913],[-5.56032,40.56948],[-5.54514,40.56559],[-5.53491,40.56903],[-5.53929,40.57284],[-5.54486,40.58615],[-5.55046,40.59222],[-5.54872,40.59404],[-5.55118,40.59787],[-5.54489,40.60158],[-5.54219,40.60504],[-5.54,40.60429],[-5.53369,40.60904],[-5.52612,40.61686],[-5.52681,40.61762],[-5.53159,40.61406],[-5.54413,40.60886],[-5.55758,40.60586],[-5.56962,40.61416],[-5.56882,40.61827],[-5.57011,40.62156],[-5.57787,40.62188],[-5.58181,40.62381],[-5.58921,40.61738],[-5.58832,40.61672],[-5.59021,40.61431],[-5.60199,40.61933],[-5.60688,40.61717],[-5.60888,40.61765],[-5.61435,40.61464],[-5.61802,40.60993],[-5.61913,40.60509],[-5.62331,40.60091],[-5.62504,40.59942]]]}},{"type":"Feature","properties":{"mun_code":"37008","mun_name":"Alba de Tormes","mun_name_local":null,"prov_code":"37","prov_name":"Salamanca","acom_code":"07","acom_name":"Castilla y León","geo_point_2d":{"lon":-5.509393245430309,"lat":40.82801298558844}},"geometry":{"type":"Polygon","coordinates":[[[-5.55913,40.78546],[-5.55735,40.78356],[-5.55338,40.78484],[-5.54918,40.78168],[-5.53876,40.7841],[-5.53308,40.78701],[-5.53061,40.7915],[-5.52296,40.78902],[-5.51794,40.79128],[-5.51596,40.7982],[-5.51367,40.79671],[-5.51413,40.7948],[-5.51071,40.79366],[-5.5096,40.79458],[-5.50351,40.79447],[-5.50224,40.79322],[-5.49701,40.79414],[-5.4932,40.79804],[-5.49047,40.79868],[-5.4901,40.8017],[-5.4867,40.80256],[-5.48428,40.80585],[-5.48561,40.80782],[-5.47937,40.80999],[-5.47951,40.8116],[-5.48227,40.81259],[-5.47915,40.81511],[-5.4823,40.81631],[-5.4816,40.81876],[-5.47995,40.8192],[-5.48092,40.82081],[-5.47683,40.82194],[-5.47315,40.82021],[-5.46837,40.82559],[-5.46183,40.82868],[-5.46282,40.83129],[-5.46379,40.83201],[-5.46495,40.83052],[-5.46689,40.83278],[-5.46461,40.83438],[-5.46603,40.83684],[-5.4599,40.83772],[-5.45778,40.83931],[-5.46263,40.84062],[-5.46123,40.84494],[-5.46262,40.84403],[-5.46229,40.84587],[-5.46425,40.84618],[-5.4619,40.85187],[-5.4588,40.85378],[-5.46849,40.85479],[-5.46924,40.85347],[-5.47178,40.85354],[-5.47568,40.85713],[-5.47336,40.85772],[-5.47267,40.85989],[-5.47872,40.86011],[-5.48153,40.86426],[-5.48785,40.86579],[-5.49592,40.86607],[-5.49914,40.86139],[-5.50593,40.86123],[-5.51002,40.85936],[-5.51018,40.86096],[-5.51441,40.86141],[-5.51791,40.86384],[-5.52101,40.8636],[-5.52658,40.86616],[-5.53009,40.866],[-5.53486,40.86009],[-5.54942,40.85621],[-5.55672,40.85957],[-5.5578,40.85761],[-5.55245,40.8562],[-5.5527,40.85411],[-5.54909,40.85261],[-5.54332,40.84467],[-5.54119,40.8445],[-5.5418,40.84262],[-5.53709,40.84314],[-5.53377,40.8389],[-5.53452,40.83814],[-5.52681,40.83145],[-5.5206,40.82856],[-5.52414,40.82819],[-5.52539,40.82944],[-5.52484,40.82687],[-5.53178,40.82299],[-5.53084,40.82123],[-5.53313,40.82245],[-5.5369,40.81775],[-5.53922,40.81799],[-5.54174,40.81413],[-5.54481,40.81458],[-5.55264,40.81112],[-5.54956,40.80837],[-5.54973,40.80625],[-5.55374,40.80426],[-5.55382,40.80201],[-5.55001,40.79949],[-5.54777,40.79517],[-5.55206,40.79115],[-5.55836,40.78851],[-5.55916,40.78605],[-5.55913,40.78546]]]}},{"type":"Feature","properties":{"mun_code":"37242","mun_name":"Pelayos","mun_name_local":null,"prov_code":"37","prov_name":"Salamanca","acom_code":"07","acom_name":"Castilla y León","geo_point_2d":{"lon":-5.570097635253465,"lat":40.66288317201106}},"geometry":{"type":"Polygon","coordinates":[[[-5.59922,40.70278],[-5.59487,40.6964],[-5.59307,40.68613],[-5.60006,40.67912],[-5.6009,40.66478],[-5.59697,40.6592],[-5.59647,40.65098],[-5.58349,40.64206],[-5.58456,40.63609],[-5.58809,40.63725],[-5.59188,40.63636],[-5.59939,40.62928],[-5.58751,40.61893],[-5.58181,40.62381],[-5.57787,40.62188],[-5.57011,40.62156],[-5.56882,40.61827],[-5.56962,40.61416],[-5.55758,40.60586],[-5.54413,40.60886],[-5.53159,40.61406],[-5.52681,40.61762],[-5.52289,40.62682],[-5.53028,40.62859],[-5.53237,40.62715],[-5.54089,40.62799],[-5.54701,40.63036],[-5.5528,40.63811],[-5.54651,40.64488],[-5.54692,40.64707],[-5.5486,40.64651],[-5.5542,40.65441],[-5.56065,40.65601],[-5.56626,40.66431],[-5.56279,40.6712],[-5.55876,40.67192],[-5.55745,40.67068],[-5.55321,40.6734],[-5.55335,40.67583],[-5.55146,40.67551],[-5.55257,40.68045],[-5.55077,40.69036],[-5.54383,40.69067],[-5.54362,40.69181],[-5.54566,40.69242],[-5.54222,40.69473],[-5.54918,40.70445],[-5.55048,40.71136],[-5.55536,40.7165],[-5.55968,40.7177],[-5.56004,40.71647],[-5.56129,40.7175],[-5.56524,40.71216],[-5.56922,40.71043],[-5.57984,40.71696],[-5.58997,40.71841],[-5.59682,40.71335],[-5.5989,40.70356],[-5.59922,40.70278]]]}},{"type":"Feature","properties":{"mun_code":"37003","mun_name":"Ahigal de los Aceiteros","mun_name_local":null,"prov_code":"37","prov_name":"Salamanca","acom_code":"07","acom_name":"Castilla y León","geo_point_2d":{"lon":-6.759550792338404,"lat":40.87066503186233}},"geometry":{"type":"Polygon","coordinates":[[[-6.80712,40.87661],[-6.80476,40.87088],[-6.8052,40.86519],[-6.79962,40.85636],[-6.79408,40.85321],[-6.7862,40.85109],[-6.77484,40.84226],[-6.76336,40.84171],[-6.7586,40.83983],[-6.75587,40.84091],[-6.75513,40.84757],[-6.75679,40.84893],[-6.75659,40.85085],[-6.75349,40.85172],[-6.75457,40.85474],[-6.75124,40.85624],[-6.75008,40.85541],[-6.74802,40.85794],[-6.74423,40.85772],[-6.73451,40.86362],[-6.72734,40.86553],[-6.72536,40.8758],[-6.71606,40.8772],[-6.71328,40.87654],[-6.71435,40.87943],[-6.71672,40.87956],[-6.71651,40.88195],[-6.71314,40.88099],[-6.70342,40.88389],[-6.70687,40.89255],[-6.72069,40.89115],[-6.73796,40.89131],[-6.75564,40.89196],[-6.76803,40.89392],[-6.76825,40.89086],[-6.77761,40.88504],[-6.781,40.87918],[-6.80482,40.87653],[-6.80712,40.87661]]]}},{"type":"Feature","properties":{"mun_code":"37182","mun_name":"Martinamor","mun_name_local":null,"prov_code":"37","prov_name":"Salamanca","acom_code":"07","acom_name":"Castilla y León","geo_point_2d":{"lon":-5.590867638180339,"lat":40.79919120980268}},"geometry":{"type":"Polygon","coordinates":[[[-5.63032,40.81277],[-5.6329,40.81081],[-5.63307,40.80879],[-5.62282,40.8007],[-5.62177,40.79485],[-5.61901,40.79308],[-5.62287,40.7881],[-5.61853,40.78449],[-5.61475,40.78388],[-5.61272,40.781],[-5.60851,40.78014],[-5.60449,40.78128],[-5.60117,40.77792],[-5.59918,40.77903],[-5.59472,40.77813],[-5.59187,40.77158],[-5.59037,40.77106],[-5.58647,40.77278],[-5.5838,40.7787],[-5.57544,40.78462],[-5.57153,40.78296],[-5.56925,40.78434],[-5.56913,40.78297],[-5.56559,40.78192],[-5.56447,40.78394],[-5.56136,40.78347],[-5.55836,40.78851],[-5.55206,40.79115],[-5.54777,40.79517],[-5.55001,40.79949],[-5.55382,40.80201],[-5.55374,40.80426],[-5.54973,40.80625],[-5.55159,40.81071],[-5.56029,40.8102],[-5.56014,40.81283],[-5.56706,40.8137],[-5.56501,40.81553],[-5.5698,40.81718],[-5.58225,40.81209],[-5.59312,40.81642],[-5.59315,40.81766],[-5.59855,40.81796],[-5.59754,40.81916],[-5.60069,40.81956],[-5.60226,40.8217],[-5.6048,40.82062],[-5.60914,40.82258],[-5.61195,40.82125],[-5.61416,40.82168],[-5.61648,40.81756],[-5.62014,40.81781],[-5.62894,40.81368],[-5.63032,40.81277]]]}},{"type":"Feature","properties":{"mun_code":"37311","mun_name":"Sobradillo","mun_name_local":null,"prov_code":"37","prov_name":"Salamanca","acom_code":"07","acom_name":"Castilla y León","geo_point_2d":{"lon":-6.808247655890775,"lat":40.91807285217415}},"geometry":{"type":"Polygon","coordinates":[[[-6.85617,40.943],[-6.85235,40.93598],[-6.85323,40.93121],[-6.84764,40.92456],[-6.84911,40.90279],[-6.84282,40.89764],[-6.83803,40.89012],[-6.8337,40.8887],[-6.82891,40.88493],[-6.82251,40.88487],[-6.82024,40.88113],[-6.80996,40.88291],[-6.80712,40.87661],[-6.79498,40.87683],[-6.781,40.87918],[-6.77761,40.88504],[-6.76825,40.89086],[-6.7667,40.90597],[-6.76398,40.91398],[-6.76764,40.91893],[-6.75898,40.93758],[-6.77585,40.94265],[-6.78265,40.94744],[-6.80063,40.95227],[-6.81624,40.94945],[-6.82025,40.94598],[-6.82362,40.9465],[-6.83063,40.95325],[-6.83043,40.95718],[-6.83367,40.9583],[-6.83878,40.96289],[-6.84169,40.96329],[-6.85584,40.94322],[-6.85617,40.943]]]}},{"type":"Feature","properties":{"mun_code":"37357","mun_name":"Villar de Ciervo","mun_name_local":null,"prov_code":"37","prov_name":"Salamanca","acom_code":"07","acom_name":"Castilla y León","geo_point_2d":{"lon":-6.761096016711802,"lat":40.761353383711416}},"geometry":{"type":"Polygon","coordinates":[[[-6.82853,40.7595],[-6.82413,40.75816],[-6.81578,40.75798],[-6.81059,40.76137],[-6.78732,40.75412],[-6.78017,40.74945],[-6.7823,40.73448],[-6.78036,40.73241],[-6.77135,40.73204],[-6.76736,40.72049],[-6.76713,40.71882],[-6.76939,40.718],[-6.76786,40.71563],[-6.7592,40.72061],[-6.75823,40.7157],[-6.75584,40.71638],[-6.75521,40.7155],[-6.75369,40.71735],[-6.75085,40.71647],[-6.74334,40.71833],[-6.7426,40.7215],[-6.7377,40.72289],[-6.73563,40.72327],[-6.7362,40.72142],[-6.73262,40.72254],[-6.7318,40.72128],[-6.72973,40.72141],[-6.72978,40.72669],[-6.71744,40.73121],[-6.71992,40.74277],[-6.71749,40.74321],[-6.71852,40.74905],[-6.7084,40.76027],[-6.69925,40.77819],[-6.71304,40.78548],[-6.74972,40.78794],[-6.7651,40.7913],[-6.77976,40.7924],[-6.80112,40.78979],[-6.81964,40.79443],[-6.8191,40.79258],[-6.82204,40.7877],[-6.82547,40.78533],[-6.82773,40.77607],[-6.82583,40.76801],[-6.8283,40.76379],[-6.8281,40.76017],[-6.82853,40.7595]]]}},{"type":"Feature","properties":{"mun_code":"37193","mun_name":"Miranda del Castañar","mun_name_local":null,"prov_code":"37","prov_name":"Salamanca","acom_code":"07","acom_name":"Castilla y León","geo_point_2d":{"lon":-5.992334588265174,"lat":40.46922339576127}},"geometry":{"type":"Polygon","coordinates":[[[-6.01565,40.48059],[-6.01247,40.47876],[-6.00864,40.47889],[-6.00902,40.47648],[-6.00694,40.47565],[-6.01323,40.46883],[-6.01229,40.46485],[-6.01524,40.46206],[-6.01315,40.45739],[-6.01837,40.45313],[-6.01909,40.4505],[-6.01414,40.44363],[-6.01566,40.43924],[-6.00691,40.43674],[-6.00521,40.43107],[-5.99455,40.44078],[-5.99122,40.45078],[-5.97931,40.45316],[-5.96555,40.46347],[-5.9686,40.46803],[-5.9664,40.4745],[-5.96777,40.47962],[-5.96606,40.47994],[-5.96505,40.48327],[-5.96735,40.48463],[-5.96678,40.4899],[-5.97095,40.49167],[-5.97496,40.49078],[-5.9746,40.49325],[-5.9769,40.49441],[-5.97768,40.49916],[-5.98894,40.50292],[-5.99214,40.50026],[-5.99305,40.49465],[-6.00344,40.49234],[-6.00971,40.48783],[-6.01401,40.4809],[-6.01565,40.48059]]]}},{"type":"Feature","properties":{"mun_code":"37254","mun_name":"Pitiegua","mun_name_local":null,"prov_code":"37","prov_name":"Salamanca","acom_code":"07","acom_name":"Castilla y León","geo_point_2d":{"lon":-5.452436604901458,"lat":41.05490252965455}},"geometry":{"type":"Polygon","coordinates":[[[-5.48808,41.05666],[-5.47905,41.05281],[-5.46666,41.04469],[-5.46183,41.04088],[-5.45974,41.03664],[-5.45098,41.032],[-5.45191,41.03121],[-5.4478,41.02665],[-5.44691,41.02005],[-5.43453,41.02743],[-5.43239,41.03094],[-5.43322,41.03996],[-5.43002,41.04684],[-5.42159,41.05469],[-5.42272,41.05862],[-5.42357,41.05775],[-5.43315,41.06445],[-5.43211,41.06561],[-5.43432,41.06783],[-5.43443,41.07044],[-5.42846,41.07357],[-5.43174,41.07695],[-5.43409,41.07473],[-5.43773,41.0773],[-5.44157,41.07556],[-5.44377,41.07595],[-5.44663,41.07376],[-5.45182,41.07624],[-5.45421,41.07487],[-5.45464,41.07828],[-5.45754,41.07704],[-5.46002,41.07859],[-5.45923,41.08054],[-5.46185,41.07811],[-5.46941,41.07652],[-5.4712,41.07887],[-5.4752,41.07838],[-5.47429,41.07738],[-5.47747,41.07523],[-5.4769,41.07004],[-5.47931,41.06817],[-5.48132,41.06856],[-5.48308,41.06519],[-5.48185,41.06422],[-5.484,41.06425],[-5.48754,41.05898],[-5.48808,41.05666]]]}},{"type":"Feature","properties":{"mun_code":"37381","mun_name":"La Zarza de Pumareda","mun_name_local":null,"prov_code":"37","prov_name":"Salamanca","acom_code":"07","acom_name":"Castilla y León","geo_point_2d":{"lon":-6.618607829230426,"lat":41.15253999782044}},"geometry":{"type":"Polygon","coordinates":[[[-6.65304,41.1845],[-6.65006,41.16896],[-6.65127,41.16231],[-6.6545,41.15862],[-6.65454,41.15421],[-6.63405,41.14201],[-6.6252,41.12749],[-6.62589,41.12063],[-6.62448,41.11796],[-6.61793,41.11532],[-6.61161,41.11796],[-6.59546,41.12063],[-6.58693,41.13647],[-6.58798,41.13934],[-6.59542,41.14178],[-6.59168,41.14407],[-6.59149,41.14942],[-6.59348,41.15136],[-6.58463,41.1659],[-6.61847,41.18118],[-6.63975,41.18021],[-6.64383,41.18489],[-6.65244,41.18521],[-6.65304,41.1845]]]}},{"type":"Feature","properties":{"mun_code":"37044","mun_name":"Barruecopardo","mun_name_local":null,"prov_code":"37","prov_name":"Salamanca","acom_code":"07","acom_name":"Castilla y León","geo_point_2d":{"lon":-6.662774471746354,"lat":41.06838022982377}},"geometry":{"type":"Polygon","coordinates":[[[-6.70127,41.08059],[-6.70009,41.07254],[-6.69711,41.06994],[-6.70001,41.06515],[-6.68627,41.05212],[-6.68493,41.04732],[-6.67963,41.04167],[-6.68334,41.02608],[-6.67756,41.02446],[-6.67391,41.02124],[-6.66846,41.02178],[-6.66239,41.02944],[-6.64915,41.03875],[-6.64465,41.04096],[-6.63345,41.04288],[-6.63306,41.04525],[-6.63982,41.04784],[-6.64036,41.05134],[-6.63412,41.06263],[-6.62353,41.07226],[-6.62319,41.08144],[-6.63509,41.09081],[-6.65099,41.10708],[-6.67272,41.10403],[-6.68274,41.09652],[-6.6872,41.08808],[-6.6927,41.08706],[-6.69992,41.08137],[-6.70127,41.08059]]]}},{"type":"Feature","properties":{"mun_code":"37072","mun_name":"Calzada de Don Diego","mun_name_local":null,"prov_code":"37","prov_name":"Salamanca","acom_code":"07","acom_name":"Castilla y León","geo_point_2d":{"lon":-5.892506106393655,"lat":40.88509933342521}},"geometry":{"type":"Polygon","coordinates":[[[-5.93596,40.86267],[-5.93406,40.85707],[-5.93168,40.86108],[-5.92264,40.86212],[-5.92117,40.8611],[-5.91698,40.86377],[-5.9147,40.86345],[-5.91053,40.85452],[-5.90746,40.83998],[-5.8986,40.85356],[-5.89222,40.85892],[-5.89058,40.85896],[-5.89008,40.85744],[-5.87393,40.86167],[-5.86894,40.8614],[-5.8679,40.85693],[-5.86326,40.85139],[-5.85767,40.85228],[-5.85676,40.85382],[-5.86257,40.86205],[-5.85792,40.86542],[-5.85916,40.86851],[-5.85621,40.87105],[-5.85363,40.86994],[-5.8541,40.87326],[-5.85073,40.87688],[-5.84578,40.87471],[-5.84569,40.87618],[-5.84186,40.87856],[-5.84248,40.88151],[-5.84015,40.88469],[-5.84184,40.88602],[-5.84117,40.88711],[-5.84448,40.88811],[-5.84958,40.89545],[-5.85013,40.90146],[-5.84449,40.90631],[-5.8474,40.90996],[-5.8505,40.91051],[-5.8625,40.90695],[-5.87165,40.91114],[-5.87053,40.91169],[-5.87154,40.91274],[-5.87577,40.91092],[-5.87699,40.91371],[-5.88766,40.90943],[-5.90033,40.92149],[-5.89812,40.91566],[-5.90434,40.91691],[-5.90874,40.9267],[-5.90958,40.92395],[-5.91251,40.92515],[-5.91035,40.92326],[-5.91163,40.92026],[-5.91049,40.9148],[-5.91576,40.91189],[-5.91847,40.9127],[-5.92491,40.90844],[-5.93007,40.9068],[-5.92785,40.90396],[-5.93182,40.89804],[-5.93041,40.89761],[-5.93156,40.89494],[-5.94148,40.89435],[-5.94461,40.89189],[-5.93206,40.86994],[-5.93205,40.86516],[-5.93596,40.86267]]]}},{"type":"Feature","properties":{"mun_code":"37297","mun_name":"Santibáñez de Béjar","mun_name_local":null,"prov_code":"37","prov_name":"Salamanca","acom_code":"07","acom_name":"Castilla y León","geo_point_2d":{"lon":-5.595676915283451,"lat":40.49148400532493}},"geometry":{"type":"Polygon","coordinates":[[[-5.64132,40.47996],[-5.62755,40.46793],[-5.62276,40.46576],[-5.60977,40.46807],[-5.5898,40.46725],[-5.5751,40.47639],[-5.56092,40.4771],[-5.55911,40.48099],[-5.56202,40.48926],[-5.54826,40.50717],[-5.55182,40.51008],[-5.55979,40.51241],[-5.56426,40.51124],[-5.57147,40.51337],[-5.58035,40.51316],[-5.58716,40.51664],[-5.58758,40.5206],[-5.59685,40.52224],[-5.59994,40.5212],[-5.60868,40.50616],[-5.63247,40.49751],[-5.6383,40.48518],[-5.64197,40.48096],[-5.64132,40.47996]]]}},{"type":"Feature","properties":{"mun_code":"37264","mun_name":"Puerto Seguro","mun_name_local":null,"prov_code":"37","prov_name":"Salamanca","acom_code":"07","acom_name":"Castilla y León","geo_point_2d":{"lon":-6.764124668463043,"lat":40.81307038687149}},"geometry":{"type":"Polygon","coordinates":[[[-6.80199,40.84564],[-6.80403,40.84153],[-6.79957,40.84233],[-6.79415,40.84007],[-6.793,40.84164],[-6.79022,40.83952],[-6.78814,40.84077],[-6.78314,40.84017],[-6.78554,40.83506],[-6.77732,40.83138],[-6.77604,40.82929],[-6.77727,40.82678],[-6.79219,40.81706],[-6.79615,40.80604],[-6.80084,40.80134],[-6.80237,40.79515],[-6.80112,40.78979],[-6.77976,40.7924],[-6.7651,40.7913],[-6.74972,40.78794],[-6.71304,40.78548],[-6.71497,40.78936],[-6.71899,40.79267],[-6.71837,40.79616],[-6.7222,40.79835],[-6.72249,40.80192],[-6.73061,40.80307],[-6.73582,40.8097],[-6.73501,40.81606],[-6.73868,40.82363],[-6.74286,40.82371],[-6.74806,40.82693],[-6.75147,40.83823],[-6.75551,40.83819],[-6.76336,40.84171],[-6.77484,40.84226],[-6.7862,40.85109],[-6.79776,40.85507],[-6.8019,40.86044],[-6.80399,40.85719],[-6.80129,40.85256],[-6.80198,40.84953],[-6.80019,40.84847],[-6.80179,40.84592],[-6.80199,40.84564]]]}},{"type":"Feature","properties":{"mun_code":"37340","mun_name":"Valsalabroso","mun_name_local":null,"prov_code":"37","prov_name":"Salamanca","acom_code":"07","acom_name":"Castilla y León","geo_point_2d":{"lon":-6.492727098309782,"lat":41.10418440007053}},"geometry":{"type":"Polygon","coordinates":[[[-6.53445,41.09494],[-6.52312,41.09499],[-6.51626,41.09671],[-6.5082,41.09326],[-6.50333,41.08864],[-6.49824,41.08934],[-6.49598,41.08557],[-6.50029,41.08059],[-6.5002,41.07719],[-6.49758,41.07449],[-6.4931,41.07384],[-6.48833,41.07076],[-6.48239,41.07741],[-6.4786,41.07889],[-6.468,41.08781],[-6.46329,41.08945],[-6.45358,41.08987],[-6.44959,41.09243],[-6.44677,41.09645],[-6.44786,41.09875],[-6.44516,41.10087],[-6.45756,41.10733],[-6.46192,41.11443],[-6.468,41.11867],[-6.47136,41.12643],[-6.47776,41.12704],[-6.48543,41.11967],[-6.48872,41.11946],[-6.49469,41.12061],[-6.50886,41.12977],[-6.51468,41.13154],[-6.52104,41.12995],[-6.52823,41.12228],[-6.536,41.11795],[-6.53669,41.11674],[-6.53069,41.10779],[-6.53088,41.10247],[-6.5345,41.09667],[-6.53445,41.09494]]]}},{"type":"Feature","properties":{"mun_code":"37004","mun_name":"Ahigal de Villarino","mun_name_local":null,"prov_code":"37","prov_name":"Salamanca","acom_code":"07","acom_name":"Castilla y León","geo_point_2d":{"lon":-6.378221944894145,"lat":41.161899789959065}},"geometry":{"type":"Polygon","coordinates":[[[-6.4182,41.15277],[-6.41028,41.14394],[-6.39673,41.13827],[-6.38038,41.13649],[-6.36937,41.13669],[-6.35908,41.13957],[-6.34703,41.16115],[-6.34987,41.16319],[-6.35017,41.17136],[-6.35786,41.18416],[-6.35844,41.19353],[-6.36544,41.19396],[-6.37334,41.19095],[-6.38279,41.1923],[-6.3851,41.1873],[-6.39539,41.17577],[-6.40779,41.15835],[-6.41231,41.15575],[-6.4182,41.15277]]]}},{"type":"Feature","properties":{"mun_code":"37116","mun_name":"Doñinos de Ledesma","mun_name_local":null,"prov_code":"37","prov_name":"Salamanca","acom_code":"07","acom_name":"Castilla y León","geo_point_2d":{"lon":-6.034535761276881,"lat":41.02981892471654}},"geometry":{"type":"MultiPolygon","coordinates":[[[[-6.05958,40.96631],[-6.08171,40.96651],[-6.08589,40.9583],[-6.0834,40.95585],[-6.06395,40.96112],[-6.05958,40.96631]]],[[[-6.03025,41.07137],[-6.03559,41.07488],[-6.03649,41.07437],[-6.03103,41.07055],[-6.03193,41.06985],[-6.03707,41.07203],[-6.0345,41.06856],[-6.04164,41.06548],[-6.04282,41.06687],[-6.04272,41.06498],[-6.03802,41.06195],[-6.03964,41.05952],[-6.04286,41.06176],[-6.04879,41.05954],[-6.06078,41.05921],[-6.078,41.06609],[-6.07969,41.06405],[-6.07887,41.06118],[-6.07585,41.05943],[-6.07742,41.05776],[-6.06926,41.05376],[-6.07576,41.04854],[-6.07303,41.04654],[-6.07147,41.04158],[-6.07393,41.04014],[-6.07321,41.0384],[-6.07084,41.03886],[-6.06921,41.03331],[-6.06803,41.03501],[-6.06637,41.03423],[-6.06263,41.03839],[-6.06068,41.03732],[-6.06856,41.02897],[-6.06113,41.02514],[-6.06165,41.02379],[-6.06402,41.02425],[-6.06765,41.02102],[-6.06241,41.01838],[-6.06147,41.0199],[-6.05786,41.01879],[-6.06457,41.00587],[-6.05049,41.00059],[-6.05166,40.99744],[-6.05668,40.99357],[-6.0522,40.98568],[-6.05361,40.98157],[-6.05183,40.98173],[-6.04869,40.98781],[-6.04207,40.99227],[-6.03332,40.99506],[-6.02811,40.99453],[-6.0266,40.99578],[-6.02043,40.9942],[-6.01056,40.99918],[-6.01001,41.00133],[-6.00672,41.00241],[-6.00577,41.00578],[-6.00224,41.00728],[-6.00415,41.0086],[-5.99926,41.01834],[-6.00209,41.0204],[-5.99464,41.02243],[-5.99221,41.02753],[-5.98862,41.0302],[-5.99616,41.04177],[-6.0043,41.04654],[-5.99893,41.04892],[-6.00744,41.05283],[-6.00491,41.06939],[-6.01157,41.07182],[-6.01272,41.07091],[-6.02065,41.0761],[-6.02414,41.07451],[-6.03025,41.07137]]]]}},{"type":"Feature","properties":{"mun_code":"37070","mun_name":"Calvarrasa de Arriba","mun_name_local":null,"prov_code":"37","prov_name":"Salamanca","acom_code":"07","acom_name":"Castilla y León","geo_point_2d":{"lon":-5.57151803337753,"lat":40.89884089540593}},"geometry":{"type":"Polygon","coordinates":[[[-5.61443,40.89525],[-5.61526,40.88971],[-5.61806,40.89088],[-5.6195,40.88925],[-5.61139,40.88498],[-5.61284,40.88415],[-5.60428,40.88316],[-5.60426,40.88131],[-5.59946,40.88242],[-5.59514,40.88153],[-5.59498,40.88613],[-5.59181,40.88696],[-5.58775,40.88472],[-5.58344,40.88546],[-5.58213,40.8833],[-5.57934,40.88416],[-5.57833,40.88685],[-5.57386,40.8843],[-5.57161,40.88534],[-5.57049,40.88132],[-5.55946,40.87742],[-5.55911,40.87532],[-5.55323,40.87568],[-5.55091,40.87317],[-5.54843,40.87338],[-5.54754,40.87529],[-5.54455,40.87529],[-5.54073,40.88631],[-5.52752,40.89239],[-5.52379,40.89771],[-5.52608,40.90004],[-5.52384,40.90239],[-5.53007,40.90594],[-5.53575,40.90506],[-5.53747,40.90745],[-5.53965,40.90601],[-5.54872,40.9116],[-5.55239,40.91072],[-5.55281,40.91572],[-5.55878,40.91719],[-5.55853,40.91816],[-5.5619,40.91874],[-5.56475,40.91698],[-5.56821,40.91996],[-5.57071,40.91836],[-5.5714,40.9205],[-5.57391,40.91804],[-5.57649,40.92108],[-5.58412,40.92037],[-5.58467,40.92274],[-5.5873,40.92308],[-5.58853,40.92567],[-5.5921,40.92702],[-5.59427,40.9246],[-5.59412,40.9173],[-5.59806,40.91785],[-5.60038,40.91636],[-5.60298,40.91749],[-5.60343,40.91934],[-5.60567,40.91784],[-5.60181,40.91237],[-5.60273,40.91045],[-5.60589,40.91051],[-5.60416,40.9059],[-5.60931,40.90328],[-5.60914,40.89681],[-5.61373,40.89552],[-5.61443,40.89525]]]}},{"type":"Feature","properties":{"mun_code":"37322","mun_name":"Terradillos","mun_name_local":null,"prov_code":"37","prov_name":"Salamanca","acom_code":"07","acom_name":"Castilla y León","geo_point_2d":{"lon":-5.578861244442881,"lat":40.85623533753594}},"geometry":{"type":"Polygon","coordinates":[[[-5.63012,40.86399],[-5.62869,40.85571],[-5.63167,40.85183],[-5.6241,40.84757],[-5.61752,40.84738],[-5.61129,40.85267],[-5.60724,40.85095],[-5.60612,40.85169],[-5.5994,40.84708],[-5.59247,40.84898],[-5.58519,40.84733],[-5.58303,40.84064],[-5.57575,40.84185],[-5.57442,40.839],[-5.57091,40.83947],[-5.56692,40.83265],[-5.5616,40.83187],[-5.55971,40.83016],[-5.56222,40.82817],[-5.55812,40.82754],[-5.5561,40.82506],[-5.55273,40.82579],[-5.55101,40.82315],[-5.54591,40.82155],[-5.55077,40.81716],[-5.54926,40.81402],[-5.54076,40.81471],[-5.53922,40.81799],[-5.5369,40.81775],[-5.53313,40.82245],[-5.53084,40.82123],[-5.53178,40.82299],[-5.52484,40.82687],[-5.52539,40.82944],[-5.5246,40.82829],[-5.52068,40.82814],[-5.52681,40.83145],[-5.53452,40.83814],[-5.53377,40.8389],[-5.53709,40.84314],[-5.5418,40.84262],[-5.54119,40.8445],[-5.54332,40.84467],[-5.54909,40.85261],[-5.5527,40.85411],[-5.55245,40.8562],[-5.5578,40.85761],[-5.55384,40.86319],[-5.55331,40.86721],[-5.54843,40.87338],[-5.55091,40.87317],[-5.55323,40.87568],[-5.55911,40.87532],[-5.55946,40.87742],[-5.57049,40.88132],[-5.57161,40.88534],[-5.57386,40.8843],[-5.57833,40.88685],[-5.57934,40.88416],[-5.58213,40.8833],[-5.58344,40.88546],[-5.58775,40.88472],[-5.59181,40.88696],[-5.59592,40.88553],[-5.59514,40.88153],[-5.59946,40.88242],[-5.60426,40.88131],[-5.60367,40.88267],[-5.60504,40.88337],[-5.60991,40.88444],[-5.61462,40.88379],[-5.6206,40.87697],[-5.62343,40.87573],[-5.6255,40.87115],[-5.62852,40.8692],[-5.63106,40.86922],[-5.63089,40.86636],[-5.63012,40.86399]]]}},{"type":"Feature","properties":{"mun_code":"37235","mun_name":"Pedraza de Alba","mun_name_local":null,"prov_code":"37","prov_name":"Salamanca","acom_code":"07","acom_name":"Castilla y León","geo_point_2d":{"lon":-5.36415527761995,"lat":40.74091029638877}},"geometry":{"type":"Polygon","coordinates":[[[-5.3979,40.74389],[-5.39932,40.74248],[-5.39603,40.73931],[-5.3934,40.73952],[-5.39542,40.73797],[-5.39034,40.735],[-5.39179,40.73118],[-5.38851,40.73136],[-5.38559,40.72922],[-5.3842,40.72082],[-5.38091,40.71406],[-5.36768,40.71766],[-5.35881,40.72266],[-5.35311,40.72304],[-5.34267,40.72012],[-5.33573,40.72052],[-5.32706,40.72449],[-5.32901,40.72737],[-5.32798,40.73332],[-5.32981,40.73615],[-5.33445,40.73871],[-5.33417,40.74823],[-5.33731,40.75407],[-5.34776,40.7566],[-5.3508,40.76073],[-5.35491,40.75894],[-5.3556,40.76052],[-5.36048,40.7564],[-5.36072,40.76246],[-5.36272,40.76462],[-5.36111,40.76672],[-5.36274,40.76702],[-5.36561,40.76482],[-5.37094,40.76618],[-5.37174,40.76751],[-5.3749,40.76558],[-5.37922,40.76882],[-5.3836,40.76719],[-5.38395,40.76544],[-5.39042,40.76249],[-5.38945,40.76174],[-5.39279,40.75756],[-5.39228,40.75522],[-5.39607,40.75206],[-5.39292,40.74804],[-5.39704,40.74536],[-5.3979,40.74389]]]}},{"type":"Feature","properties":{"mun_code":"37160","mun_name":"Hinojosa de Duero","mun_name_local":null,"prov_code":"37","prov_name":"Salamanca","acom_code":"07","acom_name":"Castilla y León","geo_point_2d":{"lon":-6.77875566190003,"lat":40.99251829906865}},"geometry":{"type":"Polygon","coordinates":[[[-6.85667,40.94406],[-6.85617,40.943],[-6.85352,40.94539],[-6.8488,40.9544],[-6.84169,40.96329],[-6.83878,40.96289],[-6.83367,40.9583],[-6.83043,40.95718],[-6.83063,40.95325],[-6.82362,40.9465],[-6.82025,40.94598],[-6.81624,40.94945],[-6.80063,40.95227],[-6.78265,40.94744],[-6.77585,40.94265],[-6.75898,40.93758],[-6.75274,40.954],[-6.74516,40.95852],[-6.73629,40.96865],[-6.72689,40.97653],[-6.72343,40.98607],[-6.72016,40.98876],[-6.70977,40.9912],[-6.70499,40.99446],[-6.70724,40.99936],[-6.69788,41.02038],[-6.69302,41.02785],[-6.69081,41.02895],[-6.70025,41.03311],[-6.7071,41.03802],[-6.7088,41.03546],[-6.72401,41.02796],[-6.73122,41.02975],[-6.74658,41.02509],[-6.7501,41.02808],[-6.75188,41.02737],[-6.75164,41.024],[-6.76347,41.02489],[-6.77257,41.02174],[-6.78018,41.02099],[-6.78959,41.02804],[-6.8067,41.03449],[-6.80863,41.03678],[-6.81815,41.03263],[-6.83377,41.02848],[-6.85307,41.02728],[-6.84964,41.02008],[-6.8495,41.01609],[-6.84466,41.01023],[-6.84084,41.00906],[-6.84356,41.0061],[-6.84241,41.00375],[-6.84412,40.99639],[-6.83887,40.99582],[-6.83351,40.9915],[-6.83576,40.98812],[-6.83605,40.9767],[-6.83988,40.97205],[-6.84212,40.97167],[-6.85222,40.95483],[-6.85589,40.94467],[-6.85667,40.94406]]]}},{"type":"Feature","properties":{"mun_code":"37336","mun_name":"Valdemierque","mun_name_local":null,"prov_code":"37","prov_name":"Salamanca","acom_code":"07","acom_name":"Castilla y León","geo_point_2d":{"lon":-5.589843185833274,"lat":40.83072862201821}},"geometry":{"type":"Polygon","coordinates":[[[-5.6241,40.84757],[-5.6271,40.84699],[-5.62485,40.84385],[-5.62689,40.83924],[-5.62527,40.83671],[-5.62275,40.838],[-5.6217,40.8373],[-5.62435,40.83351],[-5.62338,40.83068],[-5.61339,40.82302],[-5.61416,40.82168],[-5.61195,40.82125],[-5.60914,40.82258],[-5.6048,40.82062],[-5.60226,40.8217],[-5.60069,40.81956],[-5.59754,40.81916],[-5.59855,40.81796],[-5.59315,40.81766],[-5.59312,40.81642],[-5.58225,40.81209],[-5.57088,40.81741],[-5.56501,40.81553],[-5.56706,40.8137],[-5.56014,40.81283],[-5.56029,40.8102],[-5.55824,40.8098],[-5.55571,40.81125],[-5.55296,40.81065],[-5.54743,40.81378],[-5.55088,40.81551],[-5.55077,40.81716],[-5.54591,40.82155],[-5.55101,40.82315],[-5.55273,40.82579],[-5.5561,40.82506],[-5.55812,40.82754],[-5.56222,40.82817],[-5.55971,40.83016],[-5.5616,40.83187],[-5.56692,40.83265],[-5.57091,40.83947],[-5.57442,40.839],[-5.57575,40.84185],[-5.58303,40.84064],[-5.58519,40.84733],[-5.59247,40.84898],[-5.5994,40.84708],[-5.60612,40.85169],[-5.60724,40.85095],[-5.61129,40.85267],[-5.61752,40.84738],[-5.62269,40.848],[-5.6241,40.84757]]]}},{"type":"Feature","properties":{"mun_code":"37045","mun_name":"La Bastida","mun_name_local":null,"prov_code":"37","prov_name":"Salamanca","acom_code":"07","acom_name":"Castilla y León","geo_point_2d":{"lon":-6.045824767684401,"lat":40.58499445703276}},"geometry":{"type":"Polygon","coordinates":[[[-6.10176,40.59472],[-6.09702,40.58872],[-6.08914,40.58955],[-6.07954,40.58492],[-6.07051,40.58289],[-6.06,40.58269],[-6.05482,40.57997],[-6.04384,40.57751],[-6.02572,40.56141],[-6.00291,40.55154],[-6.00078,40.55302],[-6.00584,40.55538],[-6.00858,40.55991],[-6.00644,40.56447],[-6.0076,40.56463],[-6.00722,40.57432],[-6.00954,40.58645],[-6.01576,40.58659],[-6.02104,40.58509],[-6.02805,40.58749],[-6.03337,40.59252],[-6.04484,40.59762],[-6.05185,40.60318],[-6.05917,40.60474],[-6.06107,40.60883],[-6.06694,40.61398],[-6.07437,40.61078],[-6.07319,40.60931],[-6.07425,40.60717],[-6.08231,40.60207],[-6.08118,40.59627],[-6.10022,40.59488],[-6.10176,40.59472]]]}},{"type":"Feature","properties":{"mun_code":"37133","mun_name":"Fresnedoso","mun_name_local":null,"prov_code":"37","prov_name":"Salamanca","acom_code":"07","acom_name":"Castilla y León","geo_point_2d":{"lon":-5.7147792571569385,"lat":40.43745291028349}},"geometry":{"type":"Polygon","coordinates":[[[-5.7347,40.42452],[-5.71932,40.42902],[-5.70668,40.42361],[-5.69449,40.42612],[-5.69527,40.43632],[-5.69844,40.44215],[-5.70518,40.449],[-5.70536,40.45413],[-5.71465,40.45024],[-5.71845,40.4506],[-5.72286,40.45362],[-5.72264,40.45249],[-5.72643,40.45135],[-5.7276,40.44865],[-5.73086,40.4482],[-5.72985,40.4395],[-5.73838,40.42849],[-5.73483,40.4254],[-5.7347,40.42452]]]}},{"type":"Feature","properties":{"mun_code":"37118","mun_name":"Éjeme","mun_name_local":null,"prov_code":"37","prov_name":"Salamanca","acom_code":"07","acom_name":"Castilla y León","geo_point_2d":{"lon":-5.525307802911353,"lat":40.76878360078108}},"geometry":{"type":"Polygon","coordinates":[[[-5.54918,40.78168],[-5.5535,40.77127],[-5.5532,40.76792],[-5.54585,40.75995],[-5.54762,40.75375],[-5.5444,40.75226],[-5.54466,40.75127],[-5.54143,40.75044],[-5.54233,40.75151],[-5.54091,40.75254],[-5.53904,40.74988],[-5.53615,40.75085],[-5.53601,40.74939],[-5.53322,40.74866],[-5.53583,40.74775],[-5.53587,40.74505],[-5.5328,40.74224],[-5.53281,40.74003],[-5.53119,40.74103],[-5.52886,40.74014],[-5.52506,40.74337],[-5.52584,40.74409],[-5.51991,40.74565],[-5.52221,40.74711],[-5.51872,40.74834],[-5.51952,40.7528],[-5.51745,40.75249],[-5.51582,40.75381],[-5.50752,40.74954],[-5.50624,40.75124],[-5.50437,40.75127],[-5.50278,40.74934],[-5.50224,40.75214],[-5.5051,40.75203],[-5.50209,40.76042],[-5.50303,40.76537],[-5.5005,40.76789],[-5.50091,40.7758],[-5.50229,40.77739],[-5.50117,40.77866],[-5.50691,40.78154],[-5.50549,40.78445],[-5.50773,40.78538],[-5.50597,40.78689],[-5.50699,40.78807],[-5.50284,40.7894],[-5.5093,40.78859],[-5.51054,40.78996],[-5.50658,40.79421],[-5.51071,40.79366],[-5.51413,40.7948],[-5.51367,40.79671],[-5.51596,40.7982],[-5.51794,40.79128],[-5.52296,40.78902],[-5.53061,40.7915],[-5.53456,40.78602],[-5.54829,40.78215],[-5.54918,40.78168]]]}},{"type":"Feature","properties":{"mun_code":"37098","mun_name":"Cepeda","mun_name_local":null,"prov_code":"37","prov_name":"Salamanca","acom_code":"07","acom_name":"Castilla y León","geo_point_2d":{"lon":-6.032934393554763,"lat":40.4645923655314}},"geometry":{"type":"Polygon","coordinates":[[[-6.06039,40.47162],[-6.05509,40.46428],[-6.06148,40.46008],[-6.05851,40.45749],[-6.05379,40.46038],[-6.05224,40.45571],[-6.0468,40.45412],[-6.04022,40.45562],[-6.03105,40.45046],[-6.02846,40.44754],[-6.01948,40.44496],[-6.01488,40.44175],[-6.01414,40.44363],[-6.01863,40.44904],[-6.01894,40.45207],[-6.01315,40.45739],[-6.01524,40.46206],[-6.01229,40.46485],[-6.01323,40.46883],[-6.0072,40.47465],[-6.00902,40.47648],[-6.00864,40.47889],[-6.01247,40.47876],[-6.01565,40.48059],[-6.02486,40.47573],[-6.03413,40.47295],[-6.03772,40.47798],[-6.04452,40.48007],[-6.0474,40.47759],[-6.05944,40.47251],[-6.06039,40.47162]]]}},{"type":"Feature","properties":{"mun_code":"37247","mun_name":"Peñarandilla","mun_name_local":null,"prov_code":"37","prov_name":"Salamanca","acom_code":"07","acom_name":"Castilla y León","geo_point_2d":{"lon":-5.3935826316008875,"lat":40.87940379247263}},"geometry":{"type":"Polygon","coordinates":[[[-5.39938,40.89736],[-5.40544,40.89203],[-5.40995,40.89201],[-5.40728,40.88978],[-5.41022,40.88892],[-5.40608,40.88274],[-5.40727,40.8813],[-5.41247,40.88144],[-5.41315,40.87872],[-5.41004,40.8779],[-5.41016,40.87622],[-5.4144,40.87344],[-5.41579,40.87502],[-5.4189,40.87123],[-5.41674,40.86966],[-5.41875,40.86667],[-5.41646,40.8671],[-5.4135,40.86359],[-5.41531,40.85994],[-5.40844,40.85772],[-5.40648,40.85856],[-5.40465,40.8568],[-5.39902,40.85923],[-5.39634,40.85707],[-5.39447,40.85718],[-5.38888,40.86028],[-5.39042,40.8609],[-5.38839,40.86298],[-5.38639,40.86242],[-5.38481,40.86557],[-5.37831,40.86803],[-5.37888,40.8705],[-5.38083,40.8697],[-5.37924,40.87231],[-5.38035,40.87376],[-5.37931,40.88021],[-5.3872,40.87989],[-5.38736,40.88167],[-5.38163,40.88285],[-5.38099,40.88439],[-5.37727,40.88385],[-5.37489,40.88702],[-5.37391,40.88548],[-5.36674,40.88797],[-5.36307,40.89289],[-5.36541,40.89349],[-5.36323,40.89543],[-5.36427,40.89599],[-5.37011,40.89466],[-5.36899,40.89574],[-5.37013,40.89766],[-5.37395,40.89854],[-5.37405,40.9008],[-5.37796,40.89792],[-5.38404,40.90191],[-5.39497,40.89595],[-5.39726,40.89803],[-5.39938,40.89736]]]}},{"type":"Feature","properties":{"mun_code":"37362","mun_name":"Villares de la Reina","mun_name_local":null,"prov_code":"37","prov_name":"Salamanca","acom_code":"07","acom_name":"Castilla y León","geo_point_2d":{"lon":-5.654512420849081,"lat":41.006939197676644}},"geometry":{"type":"Polygon","coordinates":[[[-5.69939,41.02638],[-5.70152,41.02337],[-5.69457,41.01342],[-5.69112,41.01336],[-5.6878,41.01517],[-5.68685,41.01061],[-5.68269,41.01099],[-5.6806,41.00952],[-5.67982,41.008],[-5.68559,41.0055],[-5.68527,41.00341],[-5.68366,41.00384],[-5.68279,41.0025],[-5.68195,40.99233],[-5.67868,40.98772],[-5.67632,40.98834],[-5.67543,40.98697],[-5.67386,40.98727],[-5.67104,40.99211],[-5.6657,40.99296],[-5.66363,40.99169],[-5.66017,40.99409],[-5.6504,40.99157],[-5.64242,40.98679],[-5.64251,40.98573],[-5.63515,40.98451],[-5.63131,40.98804],[-5.62008,40.99035],[-5.61666,40.99462],[-5.60903,40.99792],[-5.61594,41.01006],[-5.61959,41.01055],[-5.62126,41.01409],[-5.63105,41.01768],[-5.63873,41.01829],[-5.64228,41.01701],[-5.64507,41.01927],[-5.65056,41.017],[-5.65399,41.01936],[-5.65695,41.01846],[-5.66209,41.02974],[-5.66783,41.0324],[-5.67784,41.02991],[-5.68184,41.02678],[-5.68158,41.02354],[-5.68544,41.02324],[-5.68676,41.02097],[-5.69184,41.02141],[-5.69846,41.02632],[-5.69939,41.02638]]]}},{"type":"Feature","properties":{"mun_code":"37013","mun_name":"Aldeacipreste","mun_name_local":null,"prov_code":"37","prov_name":"Salamanca","acom_code":"07","acom_name":"Castilla y León","geo_point_2d":{"lon":-5.894331767429588,"lat":40.38111291277015}},"geometry":{"type":"Polygon","coordinates":[[[-5.96956,40.37022],[-5.96264,40.36781],[-5.96285,40.36455],[-5.94941,40.36151],[-5.93677,40.35674],[-5.91567,40.3613],[-5.90114,40.36021],[-5.89182,40.36231],[-5.88368,40.36771],[-5.87857,40.36466],[-5.87006,40.3629],[-5.85999,40.36835],[-5.84845,40.37004],[-5.84275,40.37523],[-5.83941,40.38305],[-5.83389,40.38936],[-5.83918,40.39902],[-5.84242,40.40042],[-5.87104,40.40433],[-5.88953,40.40326],[-5.90808,40.40417],[-5.92104,40.40217],[-5.92406,40.39308],[-5.9322,40.38214],[-5.93982,40.37717],[-5.95012,40.37398],[-5.9563,40.37416],[-5.96634,40.37086],[-5.96956,40.37022]]]}},{"type":"Feature","properties":{"mun_code":"37032","mun_name":"Arapiles","mun_name_local":null,"prov_code":"37","prov_name":"Salamanca","acom_code":"07","acom_name":"Castilla y León","geo_point_2d":{"lon":-5.64793994352287,"lat":40.89503955353594}},"geometry":{"type":"Polygon","coordinates":[[[-5.68238,40.91468],[-5.68025,40.91531],[-5.67538,40.90919],[-5.6715,40.9093],[-5.67537,40.90457],[-5.67191,40.90247],[-5.67554,40.90083],[-5.67873,40.90188],[-5.68026,40.89962],[-5.67662,40.89774],[-5.67802,40.8949],[-5.67122,40.89111],[-5.66429,40.89482],[-5.65792,40.89337],[-5.65526,40.88828],[-5.65656,40.88701],[-5.65495,40.88324],[-5.65293,40.88292],[-5.65434,40.87675],[-5.65793,40.87616],[-5.66089,40.87388],[-5.66785,40.87382],[-5.67199,40.87197],[-5.67224,40.86631],[-5.67746,40.86579],[-5.67801,40.86468],[-5.67159,40.86407],[-5.67312,40.85987],[-5.667,40.85787],[-5.66782,40.86205],[-5.6665,40.86164],[-5.66034,40.86581],[-5.65224,40.86511],[-5.65099,40.86638],[-5.65057,40.86509],[-5.64307,40.86499],[-5.63965,40.86819],[-5.63698,40.86763],[-5.63625,40.86546],[-5.63306,40.86581],[-5.63398,40.8635],[-5.63012,40.86399],[-5.63106,40.86922],[-5.62852,40.8692],[-5.6255,40.87115],[-5.62343,40.87573],[-5.61593,40.88131],[-5.61563,40.88304],[-5.61139,40.88498],[-5.6195,40.88925],[-5.61853,40.89072],[-5.61526,40.88971],[-5.61423,40.8911],[-5.61554,40.8923],[-5.61419,40.89386],[-5.61522,40.89664],[-5.61377,40.9022],[-5.61708,40.90516],[-5.62219,40.90585],[-5.62204,40.9073],[-5.63046,40.91024],[-5.63308,40.90872],[-5.634,40.90472],[-5.63749,40.90411],[-5.63859,40.90545],[-5.63458,40.91071],[-5.6378,40.91222],[-5.63685,40.91629],[-5.64072,40.91561],[-5.64926,40.91873],[-5.65014,40.91704],[-5.65189,40.91746],[-5.65718,40.92851],[-5.65931,40.92864],[-5.66127,40.93188],[-5.66479,40.93174],[-5.66461,40.93396],[-5.66181,40.93314],[-5.66264,40.93737],[-5.66343,40.93522],[-5.67372,40.93125],[-5.67107,40.92552],[-5.67356,40.92027],[-5.68252,40.91656],[-5.68238,40.91468]]]}},{"type":"Feature","properties":{"mun_code":"37320","mun_name":"Tejeda y Segoyuela","mun_name_local":null,"prov_code":"37","prov_name":"Salamanca","acom_code":"07","acom_name":"Castilla y León","geo_point_2d":{"lon":-6.017243918071183,"lat":40.64583092292684}},"geometry":{"type":"Polygon","coordinates":[[[-6.08695,40.63399],[-6.08273,40.63154],[-6.08084,40.62839],[-6.07628,40.62687],[-6.06129,40.63049],[-6.05127,40.63037],[-6.05108,40.62405],[-6.04477,40.61702],[-6.04076,40.61814],[-6.0319,40.62774],[-6.02365,40.62857],[-6.01146,40.62601],[-6.00604,40.62282],[-5.98701,40.61913],[-5.98321,40.61603],[-5.97408,40.62678],[-5.96101,40.63418],[-5.95636,40.64133],[-5.95661,40.64395],[-5.95811,40.6464],[-5.96226,40.64818],[-5.9685,40.66094],[-5.98079,40.66037],[-5.98616,40.6617],[-5.99137,40.65776],[-5.99563,40.66286],[-5.99652,40.66871],[-5.98995,40.6817],[-5.99282,40.68295],[-5.9934,40.6866],[-5.99754,40.6878],[-5.9956,40.68365],[-5.99788,40.6835],[-6.0034,40.68627],[-6.0101,40.68171],[-6.01128,40.67912],[-6.01562,40.67792],[-6.01882,40.67535],[-6.02127,40.67054],[-6.02073,40.66357],[-6.02621,40.65817],[-6.02571,40.66149],[-6.03031,40.66175],[-6.02988,40.6609],[-6.03144,40.66076],[-6.03497,40.66315],[-6.03918,40.66388],[-6.03835,40.66461],[-6.04011,40.66548],[-6.04185,40.66457],[-6.04543,40.66618],[-6.04748,40.66572],[-6.05191,40.66212],[-6.05464,40.6574],[-6.06336,40.65869],[-6.07301,40.65312],[-6.07386,40.64806],[-6.08399,40.64008],[-6.08636,40.63453],[-6.08695,40.63399]]]}},{"type":"Feature","properties":{"mun_code":"37244","mun_name":"Peñacaballera","mun_name_local":null,"prov_code":"37","prov_name":"Salamanca","acom_code":"07","acom_name":"Castilla y León","geo_point_2d":{"lon":-5.86444060636651,"lat":40.34184395966295}},"geometry":{"type":"Polygon","coordinates":[[[-5.88424,40.3266],[-5.87407,40.32664],[-5.86763,40.3314],[-5.8578,40.33437],[-5.85498,40.33837],[-5.85231,40.33704],[-5.84993,40.3382],[-5.84677,40.34786],[-5.84981,40.35344],[-5.84861,40.35672],[-5.85221,40.36068],[-5.85437,40.36107],[-5.86796,40.34748],[-5.87448,40.34629],[-5.8858,40.33141],[-5.88424,40.3266]]]}},{"type":"Feature","properties":{"mun_code":"37291","mun_name":"San Pedro de Rozados","mun_name_local":null,"prov_code":"37","prov_name":"Salamanca","acom_code":"07","acom_name":"Castilla y León","geo_point_2d":{"lon":-5.782286292070875,"lat":40.81082533081129}},"geometry":{"type":"Polygon","coordinates":[[[-5.85042,40.83485],[-5.85175,40.83433],[-5.84773,40.82933],[-5.85206,40.82639],[-5.85186,40.81751],[-5.84718,40.81843],[-5.84362,40.82081],[-5.84123,40.81627],[-5.83969,40.81609],[-5.84053,40.81479],[-5.83864,40.81331],[-5.84013,40.81208],[-5.83849,40.81076],[-5.83989,40.80872],[-5.83437,40.80367],[-5.83276,40.79445],[-5.83021,40.79059],[-5.83175,40.7882],[-5.83325,40.78871],[-5.83735,40.78227],[-5.83414,40.78012],[-5.82874,40.78055],[-5.82995,40.77266],[-5.82689,40.77174],[-5.82171,40.77179],[-5.81913,40.77352],[-5.81482,40.78104],[-5.8096,40.78001],[-5.80815,40.78195],[-5.80463,40.78003],[-5.79603,40.78135],[-5.79315,40.77847],[-5.79131,40.77895],[-5.79221,40.77772],[-5.78976,40.77513],[-5.79295,40.77217],[-5.79289,40.77003],[-5.79092,40.76995],[-5.79045,40.76786],[-5.79679,40.76842],[-5.79734,40.76693],[-5.79528,40.76543],[-5.79521,40.761],[-5.78856,40.75913],[-5.79024,40.7571],[-5.78906,40.75577],[-5.78646,40.75856],[-5.78523,40.75802],[-5.78523,40.75528],[-5.79065,40.75272],[-5.78455,40.74932],[-5.7855,40.74255],[-5.77716,40.74178],[-5.7724,40.74621],[-5.77074,40.74605],[-5.76847,40.7503],[-5.76029,40.75126],[-5.75787,40.75511],[-5.75465,40.75359],[-5.74981,40.75602],[-5.7437,40.75402],[-5.73926,40.76214],[-5.73501,40.76248],[-5.73616,40.7647],[-5.73153,40.76572],[-5.73183,40.76272],[-5.72896,40.76101],[-5.72606,40.76489],[-5.72284,40.76535],[-5.72343,40.76787],[-5.71376,40.76778],[-5.71545,40.76876],[-5.71365,40.7721],[-5.71936,40.78262],[-5.7203,40.7894],[-5.72259,40.7928],[-5.72621,40.79396],[-5.72432,40.79525],[-5.72592,40.79603],[-5.72589,40.79951],[-5.72304,40.80265],[-5.73466,40.80556],[-5.72752,40.81325],[-5.72787,40.82041],[-5.7238,40.82862],[-5.72996,40.83518],[-5.73194,40.83406],[-5.73374,40.83475],[-5.73261,40.83917],[-5.73538,40.84036],[-5.74059,40.83713],[-5.74626,40.83686],[-5.74522,40.83905],[-5.74943,40.84087],[-5.75044,40.84379],[-5.75558,40.84849],[-5.75233,40.85186],[-5.76474,40.85988],[-5.76256,40.86337],[-5.76538,40.87015],[-5.76947,40.86869],[-5.7712,40.86854],[-5.77159,40.86991],[-5.77487,40.86883],[-5.77634,40.86641],[-5.77275,40.86325],[-5.77455,40.86164],[-5.78273,40.86485],[-5.7839,40.86187],[-5.7881,40.86258],[-5.78954,40.86424],[-5.79326,40.86334],[-5.79673,40.86808],[-5.80905,40.87437],[-5.81881,40.87441],[-5.81903,40.87829],[-5.82363,40.87956],[-5.82483,40.87796],[-5.82233,40.85485],[-5.82443,40.85287],[-5.82592,40.85394],[-5.82883,40.85274],[-5.83383,40.84881],[-5.83598,40.84996],[-5.84196,40.84646],[-5.84173,40.83851],[-5.84859,40.83573],[-5.85042,40.83485]]]}},{"type":"Feature","properties":{"mun_code":"37378","mun_name":"Zamarra","mun_name_local":null,"prov_code":"37","prov_name":"Salamanca","acom_code":"07","acom_name":"Castilla y León","geo_point_2d":{"lon":-6.442008231642022,"lat":40.49922009237575}},"geometry":{"type":"Polygon","coordinates":[[[-6.48483,40.53899],[-6.48535,40.53277],[-6.47705,40.52676],[-6.48448,40.51327],[-6.48402,40.50362],[-6.48129,40.49973],[-6.47712,40.50018],[-6.47177,40.48545],[-6.47199,40.48125],[-6.46983,40.48062],[-6.4717,40.47853],[-6.46974,40.47659],[-6.4719,40.47503],[-6.4681,40.47303],[-6.47424,40.47106],[-6.47427,40.46953],[-6.477,40.46794],[-6.47629,40.46639],[-6.46988,40.4684],[-6.46785,40.46592],[-6.46628,40.46625],[-6.46623,40.46422],[-6.46403,40.46353],[-6.46181,40.45883],[-6.45736,40.46024],[-6.45403,40.4574],[-6.44795,40.46385],[-6.43688,40.46754],[-6.42919,40.47347],[-6.42605,40.4705],[-6.42329,40.46199],[-6.414,40.45381],[-6.41029,40.45265],[-6.40476,40.44701],[-6.3932,40.44979],[-6.38787,40.45364],[-6.38669,40.45596],[-6.38738,40.46327],[-6.38222,40.46874],[-6.38192,40.46982],[-6.38615,40.47284],[-6.38616,40.47474],[-6.3957,40.47432],[-6.4015,40.47551],[-6.40659,40.4822],[-6.43536,40.48802],[-6.44397,40.49201],[-6.44125,40.49927],[-6.43631,40.49879],[-6.43768,40.50113],[-6.43474,40.50129],[-6.43667,40.50407],[-6.42886,40.50998],[-6.42756,40.51405],[-6.42912,40.51604],[-6.42348,40.52083],[-6.42255,40.5247],[-6.42068,40.52468],[-6.414,40.53351],[-6.41475,40.53553],[-6.41056,40.53991],[-6.41024,40.54243],[-6.41616,40.54501],[-6.42677,40.54669],[-6.43452,40.54583],[-6.44207,40.54856],[-6.44617,40.54766],[-6.44755,40.54609],[-6.44786,40.54328],[-6.44581,40.54195],[-6.44797,40.54091],[-6.45865,40.53998],[-6.46322,40.54259],[-6.46875,40.54056],[-6.47114,40.54178],[-6.47324,40.54104],[-6.47216,40.53929],[-6.47861,40.53686],[-6.48437,40.53914],[-6.48483,40.53899]]]}},{"type":"Feature","properties":{"mun_code":"37108","mun_name":"Coca de Alba","mun_name_local":null,"prov_code":"37","prov_name":"Salamanca","acom_code":"07","acom_name":"Castilla y León","geo_point_2d":{"lon":-5.357776547817087,"lat":40.87853347946459}},"geometry":{"type":"Polygon","coordinates":[[[-5.38639,40.86242],[-5.38485,40.86281],[-5.3844,40.86109],[-5.37886,40.86148],[-5.3769,40.86359],[-5.37434,40.86357],[-5.3717,40.86535],[-5.37065,40.86375],[-5.36844,40.86303],[-5.36784,40.8641],[-5.36592,40.86279],[-5.36373,40.86532],[-5.36225,40.86478],[-5.35654,40.8676],[-5.35188,40.86675],[-5.34365,40.87445],[-5.34209,40.87305],[-5.3343,40.87689],[-5.33276,40.8752],[-5.32899,40.87695],[-5.32645,40.88289],[-5.32769,40.88282],[-5.3288,40.88563],[-5.33179,40.88486],[-5.33219,40.88687],[-5.33348,40.8865],[-5.33595,40.88878],[-5.33532,40.89265],[-5.33949,40.88933],[-5.34348,40.89063],[-5.34264,40.89249],[-5.34431,40.89073],[-5.34487,40.89249],[-5.34707,40.89281],[-5.35074,40.89133],[-5.35514,40.89227],[-5.35576,40.8938],[-5.35862,40.89361],[-5.35921,40.8922],[-5.36307,40.89289],[-5.36674,40.88797],[-5.37391,40.88548],[-5.37489,40.88702],[-5.37727,40.88385],[-5.38099,40.88439],[-5.38163,40.88285],[-5.38736,40.88167],[-5.3872,40.87989],[-5.37931,40.88021],[-5.38035,40.87376],[-5.37924,40.87231],[-5.38083,40.8697],[-5.37926,40.87058],[-5.37812,40.8697],[-5.37831,40.86803],[-5.38481,40.86557],[-5.38618,40.86299],[-5.38639,40.86242]]]}},{"type":"Feature","properties":{"mun_code":"37123","mun_name":"Encinasola de los Comendadores","mun_name_local":null,"prov_code":"37","prov_name":"Salamanca","acom_code":"07","acom_name":"Castilla y León","geo_point_2d":{"lon":-6.5438599194122204,"lat":41.02624271969586}},"geometry":{"type":"Polygon","coordinates":[[[-6.57572,40.9987],[-6.57263,40.99894],[-6.56781,40.99012],[-6.56259,40.98797],[-6.55422,40.98136],[-6.5498,40.98195],[-6.54265,40.98971],[-6.53069,40.99551],[-6.52786,40.99779],[-6.52683,41.00518],[-6.52871,41.00834],[-6.52371,41.01643],[-6.5107,41.02582],[-6.5053,41.04458],[-6.50729,41.04739],[-6.52684,41.05478],[-6.53702,41.06276],[-6.55273,41.0643],[-6.56475,41.0564],[-6.56991,41.04623],[-6.57182,41.03756],[-6.56732,41.01949],[-6.56622,41.01745],[-6.56223,41.01621],[-6.5748,41.00019],[-6.57572,40.9987]]]}},{"type":"Feature","properties":{"mun_code":"37239","mun_name":"El Pedroso de la Armuña","mun_name_local":null,"prov_code":"37","prov_name":"Salamanca","acom_code":"07","acom_name":"Castilla y León","geo_point_2d":{"lon":-5.3986791856502485,"lat":41.08434810126677}},"geometry":{"type":"Polygon","coordinates":[[[-5.43174,41.07695],[-5.42846,41.07357],[-5.43443,41.07044],[-5.43432,41.06783],[-5.43211,41.06561],[-5.43315,41.06445],[-5.41998,41.0561],[-5.4157,41.06105],[-5.41557,41.06693],[-5.40775,41.06172],[-5.40251,41.06627],[-5.39575,41.06457],[-5.3861,41.06854],[-5.37147,41.08051],[-5.36732,41.09226],[-5.36829,41.09742],[-5.36586,41.10513],[-5.36961,41.10528],[-5.3686,41.10696],[-5.37235,41.11113],[-5.37703,41.11046],[-5.37654,41.1117],[-5.378,41.11221],[-5.38247,41.10858],[-5.38358,41.1105],[-5.38924,41.10861],[-5.39271,41.10544],[-5.3966,41.10484],[-5.39695,41.10346],[-5.39953,41.10317],[-5.4015,41.10544],[-5.40101,41.10217],[-5.40348,41.10157],[-5.4035,41.09923],[-5.40481,41.09994],[-5.40434,41.09891],[-5.40817,41.09768],[-5.40895,41.09532],[-5.41127,41.09437],[-5.41292,41.09702],[-5.4171,41.09656],[-5.41723,41.09475],[-5.41909,41.09515],[-5.42635,41.08775],[-5.42801,41.08471],[-5.42689,41.07946],[-5.42872,41.07706],[-5.43013,41.07788],[-5.43174,41.07695]]]}},{"type":"Feature","properties":{"mun_code":"37158","mun_name":"Herguijuela de la Sierra","mun_name_local":null,"prov_code":"37","prov_name":"Salamanca","acom_code":"07","acom_name":"Castilla y León","geo_point_2d":{"lon":-6.0816399851553795,"lat":40.43136597453871}},"geometry":{"type":"Polygon","coordinates":[[[-6.11784,40.41595],[-6.11614,40.41418],[-6.10985,40.41453],[-6.10735,40.41348],[-6.10402,40.41445],[-6.09792,40.41318],[-6.0927,40.41089],[-6.09248,40.40743],[-6.08758,40.40819],[-6.08469,40.40627],[-6.08301,40.40237],[-6.07944,40.40206],[-6.07103,40.4058],[-6.05438,40.40646],[-6.05401,40.41406],[-6.05187,40.41677],[-6.04829,40.41181],[-6.04305,40.4107],[-6.04357,40.42867],[-6.04864,40.43482],[-6.04721,40.44469],[-6.04823,40.44952],[-6.05812,40.45194],[-6.07137,40.45979],[-6.07109,40.46098],[-6.08093,40.46],[-6.08915,40.45743],[-6.10122,40.45689],[-6.10411,40.45463],[-6.10467,40.45055],[-6.11561,40.44107],[-6.11659,40.43448],[-6.11889,40.43441],[-6.12556,40.42957],[-6.12475,40.42585],[-6.12908,40.42247],[-6.12925,40.42039],[-6.12658,40.41949],[-6.12395,40.42045],[-6.12234,40.41828],[-6.11923,40.41903],[-6.11814,40.41707],[-6.11784,40.41595]]]}},{"type":"Feature","properties":{"mun_code":"37164","mun_name":"Huerta","mun_name_local":null,"prov_code":"37","prov_name":"Salamanca","acom_code":"07","acom_name":"Castilla y León","geo_point_2d":{"lon":-5.46206876253559,"lat":40.96410857941848}},"geometry":{"type":"Polygon","coordinates":[[[-5.48417,40.97007],[-5.48718,40.96728],[-5.48247,40.96295],[-5.48151,40.95889],[-5.4792,40.9578],[-5.47527,40.94362],[-5.46921,40.94205],[-5.45649,40.94262],[-5.45278,40.93889],[-5.44876,40.941],[-5.44572,40.94105],[-5.44646,40.94347],[-5.44091,40.9532],[-5.4427,40.96236],[-5.44468,40.96537],[-5.45,40.96889],[-5.44841,40.97484],[-5.45249,40.98343],[-5.45347,40.99215],[-5.45834,40.99415],[-5.46142,40.99085],[-5.46942,40.98672],[-5.47481,40.98156],[-5.4758,40.97738],[-5.47814,40.97651],[-5.48114,40.97082],[-5.48417,40.97007]]]}},{"type":"Feature","properties":{"mun_code":"37027","mun_name":"Almenara de Tormes","mun_name_local":null,"prov_code":"37","prov_name":"Salamanca","acom_code":"07","acom_name":"Castilla y León","geo_point_2d":{"lon":-5.817757764375205,"lat":41.07163297534033}},"geometry":{"type":"Polygon","coordinates":[[[-5.85071,41.09256],[-5.85062,41.09135],[-5.84685,41.0898],[-5.84878,41.08761],[-5.84822,41.08268],[-5.84572,41.08185],[-5.84536,41.07894],[-5.84093,41.07876],[-5.83596,41.07368],[-5.84179,41.07224],[-5.84589,41.06654],[-5.83483,41.0634],[-5.83287,41.06161],[-5.83472,41.0614],[-5.83596,41.05839],[-5.83354,41.05738],[-5.84091,41.05664],[-5.84688,41.04751],[-5.84066,41.04899],[-5.83804,41.04647],[-5.8341,41.04528],[-5.82767,41.05178],[-5.82629,41.05594],[-5.82628,41.05467],[-5.8223,41.05365],[-5.81384,41.05577],[-5.80611,41.05136],[-5.79989,41.05006],[-5.79543,41.05211],[-5.79084,41.05704],[-5.7913,41.06],[-5.7879,41.0618],[-5.79086,41.06544],[-5.7823,41.07832],[-5.78496,41.08208],[-5.79729,41.08284],[-5.80227,41.08592],[-5.80861,41.08738],[-5.80866,41.09035],[-5.8149,41.09209],[-5.82464,41.09125],[-5.83897,41.09429],[-5.84273,41.09292],[-5.85,41.09285],[-5.85071,41.09256]]]}},{"type":"Feature","properties":{"mun_code":"37337","mun_name":"Valderrodrigo","mun_name_local":null,"prov_code":"37","prov_name":"Salamanca","acom_code":"07","acom_name":"Castilla y León","geo_point_2d":{"lon":-6.517694181084313,"lat":41.071195913091934}},"geometry":{"type":"Polygon","coordinates":[[[-6.55412,41.08056],[-6.55402,41.07259],[-6.55172,41.06955],[-6.55273,41.0643],[-6.53702,41.06276],[-6.52684,41.05478],[-6.50729,41.04739],[-6.5053,41.04458],[-6.48745,41.04753],[-6.4802,41.05352],[-6.48406,41.05658],[-6.48781,41.07039],[-6.4931,41.07384],[-6.49758,41.07449],[-6.5002,41.07719],[-6.50029,41.08059],[-6.49598,41.08557],[-6.49749,41.08857],[-6.50333,41.08864],[-6.5082,41.09326],[-6.51545,41.09646],[-6.52881,41.09453],[-6.53948,41.09586],[-6.54418,41.08784],[-6.55243,41.08205],[-6.55412,41.08056]]]}},{"type":"Feature","properties":{"mun_code":"37367","mun_name":"Villasbuenas","mun_name_local":null,"prov_code":"37","prov_name":"Salamanca","acom_code":"07","acom_name":"Castilla y León","geo_point_2d":{"lon":-6.592573598507257,"lat":41.045673356565835}},"geometry":{"type":"Polygon","coordinates":[[[-6.63306,41.04525],[-6.62422,41.04068],[-6.61287,41.03898],[-6.60348,41.03492],[-6.60749,41.01736],[-6.60103,41.00916],[-6.60136,40.9946],[-6.59804,40.99759],[-6.59408,40.99635],[-6.587,40.99828],[-6.57572,40.9987],[-6.56223,41.01621],[-6.56622,41.01745],[-6.56732,41.01949],[-6.57182,41.03756],[-6.56991,41.04623],[-6.56475,41.0564],[-6.55273,41.0643],[-6.55172,41.06955],[-6.55402,41.07259],[-6.55412,41.08056],[-6.56154,41.07927],[-6.56636,41.08075],[-6.5866,41.078],[-6.62232,41.0767],[-6.62353,41.07226],[-6.63412,41.06263],[-6.64036,41.05134],[-6.63982,41.04784],[-6.6356,41.04622],[-6.63306,41.04525]]]}},{"type":"Feature","properties":{"mun_code":"37303","mun_name":"El Sahugo","mun_name_local":null,"prov_code":"37","prov_name":"Salamanca","acom_code":"07","acom_name":"Castilla y León","geo_point_2d":{"lon":-6.537552902377045,"lat":40.401080751411236}},"geometry":{"type":"Polygon","coordinates":[[[-6.58492,40.44216],[-6.58636,40.43601],[-6.58874,40.43528],[-6.5873,40.43362],[-6.59014,40.43219],[-6.59152,40.42491],[-6.58978,40.42028],[-6.58396,40.41847],[-6.5824,40.41363],[-6.57658,40.40921],[-6.57896,40.40655],[-6.57718,40.40463],[-6.57997,40.4022],[-6.57411,40.3997],[-6.57666,40.39744],[-6.57168,40.39273],[-6.56969,40.3927],[-6.56615,40.3899],[-6.56186,40.38233],[-6.55849,40.38163],[-6.55444,40.37606],[-6.54962,40.37204],[-6.54715,40.37171],[-6.54268,40.36357],[-6.5399,40.34918],[-6.53733,40.34726],[-6.49343,40.36201],[-6.48585,40.36324],[-6.47472,40.37012],[-6.47605,40.37282],[-6.49694,40.38962],[-6.49781,40.39147],[-6.49486,40.39272],[-6.49524,40.39385],[-6.50338,40.40528],[-6.50851,40.40832],[-6.51414,40.41749],[-6.51547,40.42427],[-6.52422,40.42336],[-6.52356,40.42737],[-6.51438,40.43446],[-6.51758,40.43645],[-6.51195,40.44063],[-6.51419,40.44111],[-6.51359,40.44314],[-6.51667,40.44036],[-6.52326,40.43809],[-6.52616,40.4397],[-6.53191,40.43893],[-6.5331,40.43429],[-6.53634,40.43316],[-6.53999,40.43421],[-6.54323,40.4372],[-6.54861,40.43782],[-6.54737,40.44187],[-6.54945,40.44276],[-6.5484,40.4447],[-6.55118,40.447],[-6.54985,40.45062],[-6.5512,40.45722],[-6.55504,40.4607],[-6.56177,40.45398],[-6.56432,40.45447],[-6.56794,40.45093],[-6.57349,40.44933],[-6.57534,40.44483],[-6.58181,40.44353],[-6.58492,40.44216]]]}},{"type":"Feature","properties":{"mun_code":"37265","mun_name":"Rágama","mun_name_local":null,"prov_code":"37","prov_name":"Salamanca","acom_code":"07","acom_name":"Castilla y León","geo_point_2d":{"lon":-5.122905640874041,"lat":41.00008068856922}},"geometry":{"type":"Polygon","coordinates":[[[-5.16397,41.00762],[-5.16098,41.00504],[-5.15675,41.00527],[-5.15626,41.00294],[-5.15051,41.00226],[-5.14826,40.99703],[-5.14185,40.99401],[-5.13818,40.98893],[-5.13542,40.9876],[-5.13423,40.98221],[-5.13152,40.97956],[-5.13229,40.9737],[-5.12911,40.97106],[-5.13234,40.9607],[-5.12806,40.95965],[-5.12636,40.95665],[-5.1276,40.95412],[-5.12121,40.95616],[-5.11668,40.95428],[-5.10868,40.95837],[-5.1087,40.96042],[-5.10484,40.96025],[-5.10641,40.96337],[-5.09647,40.97848],[-5.09752,40.98016],[-5.0964,40.98473],[-5.09935,40.98731],[-5.09964,40.98957],[-5.08984,40.99663],[-5.092,40.99847],[-5.09092,41.00061],[-5.09296,41.00339],[-5.09202,41.00693],[-5.09635,41.00944],[-5.09963,41.01448],[-5.10098,41.01432],[-5.10013,41.01686],[-5.10301,41.01721],[-5.10199,41.0218],[-5.10526,41.02315],[-5.10375,41.02651],[-5.10793,41.02695],[-5.10661,41.0295],[-5.11184,41.03036],[-5.11564,41.03283],[-5.13131,41.03625],[-5.13795,41.03941],[-5.14316,41.0362],[-5.1474,41.03108],[-5.14637,41.02877],[-5.14872,41.02428],[-5.14758,41.02287],[-5.15054,41.0192],[-5.15297,41.01695],[-5.16145,41.01411],[-5.16518,41.00891],[-5.16397,41.00762]]]}},{"type":"Feature","properties":{"mun_code":"37131","mun_name":"Frades de la Sierra","mun_name_local":null,"prov_code":"37","prov_name":"Salamanca","acom_code":"07","acom_name":"Castilla y León","geo_point_2d":{"lon":-5.774300306217782,"lat":40.65877081496546}},"geometry":{"type":"Polygon","coordinates":[[[-5.82167,40.65767],[-5.82022,40.65318],[-5.82246,40.64907],[-5.81867,40.63932],[-5.81441,40.63938],[-5.80673,40.64274],[-5.80529,40.64027],[-5.80163,40.64142],[-5.80229,40.64251],[-5.79853,40.64253],[-5.79243,40.64485],[-5.7854,40.64136],[-5.77854,40.64199],[-5.76112,40.63907],[-5.75848,40.64417],[-5.73631,40.63703],[-5.73653,40.64151],[-5.72477,40.6483],[-5.72591,40.65154],[-5.73232,40.6553],[-5.73849,40.66795],[-5.75087,40.67755],[-5.76196,40.68183],[-5.76953,40.68838],[-5.76882,40.68972],[-5.77258,40.68353],[-5.77375,40.68407],[-5.77893,40.68127],[-5.79225,40.6778],[-5.80934,40.66525],[-5.81989,40.66155],[-5.82151,40.65967],[-5.82167,40.65767]]]}},{"type":"Feature","properties":{"mun_code":"37329","mun_name":"Tremedal de Tormes","mun_name_local":null,"prov_code":"37","prov_name":"Salamanca","acom_code":"07","acom_name":"Castilla y León","geo_point_2d":{"lon":-6.178691324825567,"lat":41.09371983694521}},"geometry":{"type":"Polygon","coordinates":[[[-6.22591,41.07137],[-6.21936,41.06506],[-6.21506,41.05687],[-6.21226,41.05543],[-6.20252,41.06069],[-6.18929,41.06532],[-6.17127,41.06686],[-6.16606,41.06599],[-6.14967,41.08251],[-6.15263,41.08509],[-6.15186,41.08648],[-6.14708,41.08862],[-6.14549,41.10284],[-6.15378,41.1018],[-6.15176,41.11398],[-6.14947,41.11787],[-6.14402,41.11624],[-6.13851,41.11851],[-6.13659,41.12649],[-6.1342,41.12891],[-6.13868,41.13096],[-6.14425,41.13007],[-6.14754,41.13135],[-6.15088,41.131],[-6.16232,41.13414],[-6.17183,41.13859],[-6.17418,41.13371],[-6.17346,41.12171],[-6.18833,41.1167],[-6.19342,41.11286],[-6.1892,41.10632],[-6.18966,41.10364],[-6.20133,41.09466],[-6.21002,41.09192],[-6.21452,41.08636],[-6.22161,41.08188],[-6.22517,41.07375],[-6.22591,41.07137]]]}},{"type":"Feature","properties":{"mun_code":"37052","mun_name":"Boada","mun_name_local":null,"prov_code":"37","prov_name":"Salamanca","acom_code":"07","acom_name":"Castilla y León","geo_point_2d":{"lon":-6.331594392391585,"lat":40.82574900742677}},"geometry":{"type":"Polygon","coordinates":[[[-6.3872,40.82565],[-6.38413,40.82352],[-6.37008,40.82498],[-6.34858,40.82103],[-6.33647,40.82197],[-6.33164,40.82417],[-6.32955,40.81797],[-6.3337,40.81797],[-6.33531,40.81559],[-6.33071,40.81461],[-6.33125,40.81009],[-6.32994,40.8098],[-6.3314,40.80097],[-6.3341,40.79669],[-6.33043,40.79724],[-6.32782,40.79551],[-6.32326,40.79525],[-6.31944,40.79275],[-6.3164,40.79315],[-6.31355,40.79181],[-6.30331,40.79328],[-6.29894,40.79237],[-6.29431,40.7958],[-6.28999,40.79589],[-6.28576,40.80456],[-6.28666,40.80614],[-6.27757,40.81987],[-6.28629,40.82005],[-6.28663,40.82104],[-6.29345,40.81959],[-6.3001,40.82055],[-6.2983,40.82649],[-6.30088,40.82648],[-6.30436,40.82358],[-6.31149,40.82263],[-6.31538,40.82488],[-6.31898,40.83001],[-6.31954,40.84574],[-6.32301,40.85171],[-6.33296,40.8568],[-6.3461,40.8595],[-6.36261,40.85242],[-6.37215,40.8433],[-6.37861,40.84109],[-6.38635,40.82741],[-6.3872,40.82565]]]}},{"type":"Feature","properties":{"mun_code":"37365","mun_name":"Villarmayor","mun_name_local":null,"prov_code":"37","prov_name":"Salamanca","acom_code":"07","acom_name":"Castilla y León","geo_point_2d":{"lon":-5.95597131871088,"lat":41.039438782569256}},"geometry":{"type":"Polygon","coordinates":[[[-6.00672,41.00241],[-6.00466,41.00246],[-6.00282,41.00063],[-5.99844,41.00253],[-5.98843,41.00109],[-5.98875,41.00373],[-5.98457,41.00699],[-5.9822,41.00776],[-5.97697,41.00559],[-5.97611,41.00803],[-5.97348,41.00877],[-5.96328,41.00719],[-5.9473,41.00755],[-5.94699,41.01157],[-5.94005,41.01165],[-5.93848,41.01286],[-5.92904,41.01397],[-5.92545,41.01621],[-5.9309,41.02461],[-5.92723,41.0264],[-5.92319,41.02555],[-5.91845,41.02903],[-5.92399,41.03144],[-5.92418,41.03886],[-5.93049,41.04365],[-5.92574,41.04657],[-5.91725,41.04535],[-5.91726,41.04914],[-5.92205,41.04962],[-5.92007,41.05481],[-5.92251,41.05567],[-5.9209,41.05654],[-5.92141,41.05809],[-5.91889,41.05841],[-5.91889,41.06031],[-5.92321,41.0676],[-5.91355,41.07416],[-5.91247,41.07699],[-5.91567,41.08098],[-5.91927,41.08117],[-5.92303,41.07853],[-5.92671,41.07944],[-5.94063,41.07689],[-5.94832,41.07661],[-5.95963,41.07986],[-5.97448,41.07662],[-5.97218,41.07374],[-5.97183,41.06948],[-5.96138,41.06438],[-5.96005,41.0607],[-5.96128,41.05404],[-5.96288,41.05324],[-5.96052,41.05097],[-5.96853,41.04341],[-5.97778,41.03785],[-5.98292,41.04168],[-5.98826,41.04055],[-5.98681,41.04347],[-5.98906,41.05334],[-5.99002,41.05272],[-5.99359,41.05505],[-5.99587,41.05242],[-5.99861,41.043],[-5.99616,41.04177],[-5.98862,41.0302],[-5.99221,41.02753],[-5.99464,41.02243],[-6.00209,41.0204],[-5.99926,41.01834],[-6.00415,41.0086],[-6.00224,41.00728],[-6.00577,41.00578],[-6.00698,41.00365],[-6.00672,41.00241]]]}},{"type":"Feature","properties":{"mun_code":"37022","mun_name":"Aldeaseca de la Frontera","mun_name_local":null,"prov_code":"37","prov_name":"Salamanca","acom_code":"07","acom_name":"Castilla y León","geo_point_2d":{"lon":-5.2182445600715575,"lat":40.940196058293495}},"geometry":{"type":"Polygon","coordinates":[[[-5.25078,40.92475],[-5.24942,40.91803],[-5.24038,40.91528],[-5.23592,40.91877],[-5.23087,40.9202],[-5.22428,40.91801],[-5.21136,40.92313],[-5.20388,40.92399],[-5.19041,40.92312],[-5.18462,40.92736],[-5.17946,40.93629],[-5.1831,40.94122],[-5.18028,40.94476],[-5.18387,40.947],[-5.1909,40.95627],[-5.19559,40.95472],[-5.19719,40.95762],[-5.20709,40.96485],[-5.20658,40.96711],[-5.21034,40.96716],[-5.21575,40.96499],[-5.21574,40.96315],[-5.22117,40.96143],[-5.23208,40.96261],[-5.25011,40.9512],[-5.24975,40.93477],[-5.25189,40.93112],[-5.25139,40.92657],[-5.25078,40.92475]]]}},{"type":"Feature","properties":{"mun_code":"37083","mun_name":"Cantaracillo","mun_name_local":null,"prov_code":"37","prov_name":"Salamanca","acom_code":"07","acom_name":"Castilla y León","geo_point_2d":{"lon":-5.152678019572306,"lat":40.911172136649974}},"geometry":{"type":"Polygon","coordinates":[[[-5.19041,40.92312],[-5.18706,40.92015],[-5.18262,40.90931],[-5.18376,40.89859],[-5.18238,40.89742],[-5.18397,40.89595],[-5.18025,40.88837],[-5.18174,40.88748],[-5.18324,40.87759],[-5.17695,40.87223],[-5.17542,40.87283],[-5.17475,40.86833],[-5.16415,40.86834],[-5.1572,40.87011],[-5.15254,40.87397],[-5.15203,40.87624],[-5.14902,40.87732],[-5.14943,40.88159],[-5.1455,40.88321],[-5.14542,40.88496],[-5.14016,40.88757],[-5.1395,40.88981],[-5.13694,40.89113],[-5.13964,40.89202],[-5.13885,40.89372],[-5.13397,40.89531],[-5.13505,40.89652],[-5.13005,40.90032],[-5.12713,40.90017],[-5.12322,40.90242],[-5.12155,40.90104],[-5.11504,40.90281],[-5.11701,40.90456],[-5.11264,40.91226],[-5.11459,40.91362],[-5.11127,40.91556],[-5.11327,40.91757],[-5.11207,40.91871],[-5.11696,40.92418],[-5.11474,40.92638],[-5.11742,40.92761],[-5.11482,40.92929],[-5.1161,40.93076],[-5.12093,40.9302],[-5.12159,40.93151],[-5.11821,40.93303],[-5.12493,40.94355],[-5.12309,40.94536],[-5.12329,40.94847],[-5.12778,40.9478],[-5.13384,40.95037],[-5.13513,40.94818],[-5.14036,40.94775],[-5.14094,40.9442],[-5.14682,40.94145],[-5.16864,40.93742],[-5.17814,40.93654],[-5.18111,40.93931],[-5.17946,40.93629],[-5.18722,40.92482],[-5.19041,40.92312]]]}},{"type":"Feature","properties":{"mun_code":"37020","mun_name":"Aldearrubia","mun_name_local":null,"prov_code":"37","prov_name":"Salamanca","acom_code":"07","acom_name":"Castilla y León","geo_point_2d":{"lon":-5.492828282130795,"lat":41.004066566517}},"geometry":{"type":"Polygon","coordinates":[[[-5.54818,41.00426],[-5.53877,40.99785],[-5.53721,40.99218],[-5.53844,40.98181],[-5.53239,40.98056],[-5.53392,40.97995],[-5.53028,40.97286],[-5.52614,40.97206],[-5.52103,40.97508],[-5.51503,40.9744],[-5.51797,40.97983],[-5.51169,40.98556],[-5.51327,41.00308],[-5.50272,40.99922],[-5.50355,40.99817],[-5.49848,40.99437],[-5.49649,40.99029],[-5.49068,40.9861],[-5.48933,40.97568],[-5.49216,40.97304],[-5.48417,40.97007],[-5.48114,40.97082],[-5.47814,40.97651],[-5.4758,40.97738],[-5.47407,40.98251],[-5.46499,40.98976],[-5.46142,40.99085],[-5.45834,40.99415],[-5.45755,40.99752],[-5.4543,40.99964],[-5.45045,41.00705],[-5.44889,41.01974],[-5.44691,41.02005],[-5.4478,41.02665],[-5.45118,41.03001],[-5.46097,41.03374],[-5.47134,41.03021],[-5.47371,41.02798],[-5.48069,41.02919],[-5.48369,41.02768],[-5.4939,41.02835],[-5.49843,41.02562],[-5.502,41.02563],[-5.50857,41.02261],[-5.51524,41.01767],[-5.51949,41.0181],[-5.52634,41.01622],[-5.5326,41.0098],[-5.53668,41.00774],[-5.54159,41.00852],[-5.54175,41.00564],[-5.5442,41.00498],[-5.54818,41.00426]]]}},{"type":"Feature","properties":{"mun_code":"37024","mun_name":"Aldeavieja de Tormes","mun_name_local":null,"prov_code":"37","prov_name":"Salamanca","acom_code":"07","acom_name":"Castilla y León","geo_point_2d":{"lon":-5.628562260638676,"lat":40.576526102080784}},"geometry":{"type":"Polygon","coordinates":[[[-5.63799,40.58946],[-5.65086,40.58337],[-5.65202,40.57572],[-5.64696,40.56814],[-5.64607,40.56387],[-5.64052,40.55764],[-5.63535,40.55499],[-5.6275,40.55424],[-5.62406,40.55529],[-5.62153,40.56148],[-5.61685,40.56308],[-5.60611,40.57404],[-5.60495,40.57678],[-5.6062,40.57931],[-5.60887,40.58001],[-5.60694,40.58861],[-5.61047,40.58983],[-5.61255,40.59351],[-5.62504,40.59942],[-5.6307,40.59643],[-5.63523,40.59033],[-5.63766,40.58948],[-5.63799,40.58946]]]}},{"type":"Feature","properties":{"mun_code":"37091","mun_name":"Casillas de Flores","mun_name_local":null,"prov_code":"37","prov_name":"Salamanca","acom_code":"07","acom_name":"Castilla y León","geo_point_2d":{"lon":-6.759808881028388,"lat":40.36965303481332}},"geometry":{"type":"Polygon","coordinates":[[[-6.80028,40.37877],[-6.79343,40.37214],[-6.78422,40.36988],[-6.78097,40.36455],[-6.78958,40.35995],[-6.79391,40.35544],[-6.7938,40.35008],[-6.79063,40.34153],[-6.79065,40.33378],[-6.7834,40.33395],[-6.78296,40.33257],[-6.77936,40.33264],[-6.77841,40.32983],[-6.7725,40.32418],[-6.76698,40.32615],[-6.76178,40.32587],[-6.75934,40.33839],[-6.73767,40.33655],[-6.73873,40.34154],[-6.73383,40.35019],[-6.72524,40.35571],[-6.71678,40.35498],[-6.7081,40.37144],[-6.7095,40.37263],[-6.71311,40.37225],[-6.71848,40.37383],[-6.72949,40.37343],[-6.73615,40.37501],[-6.73873,40.37742],[-6.73714,40.39359],[-6.73919,40.40445],[-6.7458,40.40858],[-6.74742,40.41481],[-6.76463,40.41292],[-6.7722,40.41422],[-6.7753,40.40705],[-6.78429,40.39772],[-6.78953,40.38819],[-6.79751,40.38156],[-6.80028,40.37877]]]}},{"type":"Feature","properties":{"mun_code":"37134","mun_name":"Fresno Alhándiga","mun_name_local":null,"prov_code":"37","prov_name":"Salamanca","acom_code":"07","acom_name":"Castilla y León","geo_point_2d":{"lon":-5.628208146987326,"lat":40.7117093923421}},"geometry":{"type":"Polygon","coordinates":[[[-5.66522,40.71008],[-5.65595,40.70497],[-5.64962,40.70381],[-5.63817,40.69699],[-5.62507,40.6991],[-5.60801,40.69792],[-5.6049,40.70044],[-5.6,40.70143],[-5.59678,40.7126],[-5.60269,40.7168],[-5.60414,40.71968],[-5.61758,40.72531],[-5.62811,40.72656],[-5.62821,40.72787],[-5.64027,40.72703],[-5.64226,40.72846],[-5.64804,40.71782],[-5.65305,40.71852],[-5.66269,40.71349],[-5.66479,40.71087],[-5.66522,40.71008]]]}},{"type":"Feature","properties":{"mun_code":"37021","mun_name":"Aldeaseca de Alba","mun_name_local":null,"prov_code":"37","prov_name":"Salamanca","acom_code":"07","acom_name":"Castilla y León","geo_point_2d":{"lon":-5.452888089248033,"lat":40.81738359586656}},"geometry":{"type":"Polygon","coordinates":[[[-5.48595,40.80364],[-5.48429,40.80277],[-5.4806,40.8045],[-5.48115,40.80345],[-5.47823,40.80261],[-5.47786,40.80023],[-5.47054,40.79863],[-5.46804,40.79393],[-5.4606,40.79513],[-5.46609,40.79616],[-5.46412,40.7985],[-5.46123,40.79807],[-5.46259,40.79681],[-5.45452,40.79561],[-5.45007,40.7917],[-5.45121,40.80003],[-5.44302,40.79544],[-5.44283,40.79817],[-5.44137,40.79817],[-5.44008,40.80038],[-5.43448,40.80002],[-5.43506,40.80272],[-5.43782,40.80459],[-5.43316,40.80589],[-5.43457,40.80727],[-5.4307,40.80518],[-5.43376,40.80776],[-5.42948,40.80688],[-5.42908,40.80783],[-5.43422,40.80925],[-5.43202,40.80913],[-5.43087,40.81112],[-5.43033,40.81037],[-5.42637,40.81222],[-5.43028,40.81147],[-5.42877,40.81367],[-5.43133,40.81476],[-5.42682,40.82224],[-5.42817,40.8249],[-5.42728,40.82996],[-5.42484,40.83029],[-5.42808,40.83136],[-5.42604,40.8361],[-5.4277,40.84013],[-5.43208,40.8372],[-5.43746,40.83895],[-5.439,40.83817],[-5.43948,40.84026],[-5.44407,40.83986],[-5.44486,40.84212],[-5.45151,40.84],[-5.45926,40.84053],[-5.45778,40.83931],[-5.4599,40.83772],[-5.46603,40.83684],[-5.46461,40.83438],[-5.46689,40.83278],[-5.46495,40.83052],[-5.46379,40.83201],[-5.46282,40.83129],[-5.46183,40.82868],[-5.46837,40.82559],[-5.47315,40.82021],[-5.47683,40.82194],[-5.48092,40.82081],[-5.47995,40.8192],[-5.4816,40.81876],[-5.4823,40.81631],[-5.47915,40.81511],[-5.48227,40.81259],[-5.47951,40.8116],[-5.47937,40.80999],[-5.48561,40.80782],[-5.48428,40.80585],[-5.48601,40.80494],[-5.48595,40.80364]]]}},{"type":"Feature","properties":{"mun_code":"37040","mun_name":"Barbadillo","mun_name_local":null,"prov_code":"37","prov_name":"Salamanca","acom_code":"07","acom_name":"Castilla y León","geo_point_2d":{"lon":-5.834236294418951,"lat":40.90326889234205}},"geometry":{"type":"MultiPolygon","coordinates":[[[[-5.89061,40.9433],[-5.89422,40.94362],[-5.89497,40.94516],[-5.8978,40.94378],[-5.90071,40.94595],[-5.90255,40.94318],[-5.90426,40.94387],[-5.90944,40.94176],[-5.9135,40.94299],[-5.91739,40.9387],[-5.91456,40.93266],[-5.91187,40.93095],[-5.91426,40.92561],[-5.90958,40.92395],[-5.90874,40.9267],[-5.90434,40.91691],[-5.89812,40.91566],[-5.90033,40.92149],[-5.88766,40.90943],[-5.87699,40.91371],[-5.87577,40.91092],[-5.87154,40.91274],[-5.87053,40.91169],[-5.87165,40.91114],[-5.8625,40.90695],[-5.8505,40.91051],[-5.84577,40.90986],[-5.84318,40.91497],[-5.84163,40.92594],[-5.84311,40.92987],[-5.86105,40.92947],[-5.86149,40.93155],[-5.86834,40.93518],[-5.87026,40.9341],[-5.87578,40.93631],[-5.87732,40.94094],[-5.88333,40.94497],[-5.88585,40.94284],[-5.89061,40.9433]]],[[[-5.84186,40.87856],[-5.84569,40.87618],[-5.84578,40.87471],[-5.85073,40.87688],[-5.8541,40.87326],[-5.85363,40.86994],[-5.84953,40.86893],[-5.8487,40.86468],[-5.84503,40.85972],[-5.83383,40.84881],[-5.82883,40.85274],[-5.82592,40.85394],[-5.82443,40.85287],[-5.82233,40.85485],[-5.82483,40.87796],[-5.83417,40.87205],[-5.84183,40.87617],[-5.84184,40.87767],[-5.84186,40.87856]]],[[[-5.78914,40.90191],[-5.79326,40.89803],[-5.80387,40.90114],[-5.80933,40.89545],[-5.82028,40.88964],[-5.82326,40.88588],[-5.82324,40.88257],[-5.82005,40.88108],[-5.81343,40.88458],[-5.80975,40.88313],[-5.79416,40.88175],[-5.79257,40.88096],[-5.7954,40.87783],[-5.79261,40.87176],[-5.79506,40.87124],[-5.79522,40.86472],[-5.79326,40.86334],[-5.78954,40.86424],[-5.7881,40.86258],[-5.7839,40.86187],[-5.78273,40.86485],[-5.77455,40.86164],[-5.77275,40.86325],[-5.77634,40.86641],[-5.77487,40.86883],[-5.7682,40.86953],[-5.77656,40.87529],[-5.78054,40.87493],[-5.78038,40.87815],[-5.77772,40.88173],[-5.76884,40.88283],[-5.76674,40.88515],[-5.78362,40.89031],[-5.79032,40.88929],[-5.78883,40.89266],[-5.77992,40.898],[-5.77439,40.89815],[-5.77069,40.8999],[-5.75833,40.897],[-5.74609,40.89943],[-5.74426,40.90716],[-5.74047,40.90849],[-5.73888,40.91311],[-5.74199,40.91479],[-5.74869,40.91487],[-5.75173,40.91812],[-5.77091,40.9092],[-5.77418,40.90683],[-5.7723,40.90527],[-5.77914,40.90564],[-5.78377,40.90356],[-5.78446,40.90548],[-5.78728,40.9057],[-5.788,40.90318],[-5.78914,40.90191]]]]}},{"type":"Feature","properties":{"mun_code":"37216","mun_name":"Navales","mun_name_local":null,"prov_code":"37","prov_name":"Salamanca","acom_code":"07","acom_name":"Castilla y León","geo_point_2d":{"lon":-5.477009330915854,"lat":40.77987380033738}},"geometry":{"type":"Polygon","coordinates":[[[-5.50658,40.79421],[-5.51054,40.78996],[-5.5093,40.78859],[-5.50284,40.7894],[-5.50699,40.78807],[-5.50597,40.78689],[-5.50773,40.78538],[-5.50549,40.78445],[-5.50691,40.78154],[-5.50117,40.77866],[-5.50229,40.77739],[-5.50091,40.7758],[-5.5005,40.76789],[-5.49691,40.7712],[-5.49304,40.77142],[-5.49041,40.76757],[-5.48767,40.76963],[-5.49012,40.76682],[-5.48383,40.76262],[-5.48229,40.76379],[-5.4807,40.76315],[-5.47922,40.75997],[-5.47446,40.75889],[-5.47107,40.75959],[-5.46933,40.75735],[-5.47057,40.7554],[-5.46621,40.75196],[-5.466,40.75615],[-5.46098,40.75422],[-5.45952,40.75603],[-5.45701,40.7555],[-5.45917,40.75208],[-5.45544,40.75214],[-5.45464,40.75368],[-5.45199,40.75327],[-5.45107,40.7548],[-5.45412,40.75463],[-5.45374,40.75671],[-5.45172,40.75735],[-5.45568,40.76238],[-5.45493,40.7635],[-5.45414,40.76225],[-5.45231,40.76965],[-5.45492,40.77122],[-5.45511,40.76995],[-5.45786,40.76997],[-5.45947,40.77217],[-5.45812,40.77301],[-5.4596,40.77541],[-5.45829,40.77679],[-5.46017,40.77628],[-5.46071,40.77808],[-5.45542,40.77921],[-5.45346,40.78206],[-5.45543,40.78295],[-5.45211,40.78485],[-5.45222,40.78847],[-5.45058,40.78804],[-5.4514,40.78908],[-5.44973,40.79045],[-5.45452,40.79561],[-5.46259,40.79681],[-5.46123,40.79807],[-5.46412,40.7985],[-5.46609,40.79616],[-5.4606,40.79513],[-5.46804,40.79393],[-5.47054,40.79863],[-5.47786,40.80023],[-5.47823,40.80261],[-5.48115,40.80345],[-5.4806,40.8045],[-5.48429,40.80277],[-5.48595,40.80364],[-5.48781,40.80172],[-5.48893,40.8026],[-5.49047,40.79868],[-5.4932,40.79804],[-5.49701,40.79414],[-5.5041,40.79393],[-5.50658,40.79421]]]}},{"type":"Feature","properties":{"mun_code":"37229","mun_name":"Palencia de Negrilla","mun_name_local":null,"prov_code":"37","prov_name":"Salamanca","acom_code":"07","acom_name":"Castilla y León","geo_point_2d":{"lon":-5.621555806135594,"lat":41.10909746364933}},"geometry":{"type":"Polygon","coordinates":[[[-5.64481,41.11222],[-5.64408,41.11016],[-5.64107,41.11102],[-5.64136,41.10755],[-5.63733,41.10855],[-5.63631,41.10757],[-5.63769,41.10518],[-5.6355,41.10046],[-5.63361,41.10044],[-5.63518,41.09923],[-5.63482,41.09566],[-5.62685,41.09551],[-5.62569,41.0912],[-5.62301,41.09113],[-5.6251,41.08746],[-5.62321,41.08424],[-5.61505,41.08224],[-5.61497,41.08324],[-5.61068,41.08335],[-5.60883,41.08148],[-5.60595,41.08159],[-5.59944,41.08584],[-5.5973,41.08848],[-5.59958,41.08999],[-5.59905,41.09236],[-5.59677,41.09257],[-5.59655,41.09603],[-5.59423,41.09753],[-5.60079,41.1103],[-5.59638,41.11358],[-5.59872,41.11697],[-5.60086,41.11758],[-5.59988,41.12348],[-5.60101,41.12476],[-5.60288,41.12572],[-5.60738,41.12497],[-5.61343,41.12134],[-5.62132,41.12233],[-5.6255,41.1197],[-5.62902,41.12133],[-5.62903,41.11936],[-5.63205,41.11813],[-5.63488,41.13026],[-5.63323,41.1402],[-5.65246,41.13661],[-5.65037,41.12224],[-5.64534,41.11668],[-5.64729,41.11525],[-5.64523,41.11592],[-5.64415,41.11313],[-5.64481,41.11222]]]}},{"type":"Feature","properties":{"mun_code":"37018","mun_name":"Aldeanueva de la Sierra","mun_name_local":null,"prov_code":"37","prov_name":"Salamanca","acom_code":"07","acom_name":"Castilla y León","geo_point_2d":{"lon":-6.097305608008371,"lat":40.612407719668255}},"geometry":{"type":"Polygon","coordinates":[[[-6.116,40.59155],[-6.10176,40.59472],[-6.08118,40.59627],[-6.08231,40.60207],[-6.07425,40.60717],[-6.07319,40.60931],[-6.07437,40.61078],[-6.06694,40.61398],[-6.08273,40.63154],[-6.08695,40.63399],[-6.09852,40.63112],[-6.10871,40.63322],[-6.11396,40.63222],[-6.10947,40.62476],[-6.11096,40.61957],[-6.11359,40.61623],[-6.11579,40.6169],[-6.11825,40.61177],[-6.12248,40.61208],[-6.12594,40.60995],[-6.11621,40.59262],[-6.116,40.59155]]]}},{"type":"Feature","properties":{"mun_code":"37188","mun_name":"La Maya","mun_name_local":null,"prov_code":"37","prov_name":"Salamanca","acom_code":"07","acom_name":"Castilla y León","geo_point_2d":{"lon":-5.616277920588781,"lat":40.690341707762975}},"geometry":{"type":"Polygon","coordinates":[[[-5.64118,40.69836],[-5.64178,40.6946],[-5.63639,40.68688],[-5.62322,40.68048],[-5.61776,40.67632],[-5.61482,40.67802],[-5.60878,40.67883],[-5.606,40.67734],[-5.60803,40.68174],[-5.60516,40.68213],[-5.6018,40.6871],[-5.59512,40.6869],[-5.59318,40.68561],[-5.59487,40.6964],[-5.59922,40.70278],[-5.60801,40.69792],[-5.62507,40.6991],[-5.63817,40.69699],[-5.64047,40.69789],[-5.64118,40.69836]]]}},{"type":"Feature","properties":{"mun_code":"37178","mun_name":"Malpartida","mun_name_local":null,"prov_code":"37","prov_name":"Salamanca","acom_code":"07","acom_name":"Castilla y León","geo_point_2d":{"lon":-5.238188891909593,"lat":40.76092682429822}},"geometry":{"type":"Polygon","coordinates":[[[-5.26212,40.75864],[-5.25808,40.7563],[-5.25639,40.75294],[-5.2575,40.74324],[-5.25505,40.73946],[-5.24829,40.74364],[-5.2322,40.74859],[-5.22673,40.75361],[-5.21444,40.75783],[-5.21703,40.7707],[-5.21995,40.77533],[-5.22716,40.77842],[-5.23276,40.77782],[-5.23515,40.77894],[-5.25463,40.76775],[-5.26162,40.75939],[-5.26212,40.75864]]]}},{"type":"Feature","properties":{"mun_code":"37109","mun_name":"Colmenar de Montemayor","mun_name_local":null,"prov_code":"37","prov_name":"Salamanca","acom_code":"07","acom_name":"Castilla y León","geo_point_2d":{"lon":-5.956944902488474,"lat":40.40857641629237}},"geometry":{"type":"Polygon","coordinates":[[[-6.01509,40.40774],[-6.01326,40.40233],[-6.00777,40.39824],[-6.00151,40.39979],[-5.99901,40.40345],[-5.99505,40.40234],[-5.99455,40.39939],[-5.98947,40.39587],[-5.98903,40.39042],[-5.98667,40.38931],[-5.98563,40.38681],[-5.98208,40.38577],[-5.98091,40.38119],[-5.96956,40.37022],[-5.9563,40.37416],[-5.94376,40.37534],[-5.94239,40.3772],[-5.93982,40.37717],[-5.9322,40.38214],[-5.92406,40.39308],[-5.9193,40.40787],[-5.91657,40.41164],[-5.92381,40.41877],[-5.92954,40.4338],[-5.93081,40.43945],[-5.92789,40.44456],[-5.92843,40.44965],[-5.93393,40.45358],[-5.93531,40.4563],[-5.9386,40.45756],[-5.94356,40.44964],[-5.95229,40.44124],[-5.96101,40.4381],[-5.97888,40.42662],[-5.98895,40.41322],[-5.99496,40.41636],[-6.00533,40.41201],[-6.01509,40.40774]]]}},{"type":"Feature","properties":{"mun_code":"37086","mun_name":"Carpio de Azaba","mun_name_local":null,"prov_code":"37","prov_name":"Salamanca","acom_code":"07","acom_name":"Castilla y León","geo_point_2d":{"lon":-6.63397162995631,"lat":40.578876453584954}},"geometry":{"type":"Polygon","coordinates":[[[-6.69632,40.59886],[-6.69654,40.58957],[-6.69992,40.58565],[-6.70114,40.57612],[-6.69632,40.57233],[-6.68664,40.56962],[-6.68176,40.56537],[-6.68451,40.55859],[-6.68984,40.55396],[-6.6901,40.55108],[-6.68571,40.54884],[-6.67273,40.55328],[-6.66951,40.55322],[-6.66577,40.55094],[-6.66234,40.5538],[-6.65913,40.55266],[-6.6568,40.55335],[-6.65341,40.54968],[-6.64365,40.54696],[-6.6409,40.54437],[-6.63802,40.54477],[-6.63642,40.53719],[-6.63378,40.53488],[-6.63595,40.53155],[-6.63473,40.52552],[-6.63041,40.52409],[-6.62591,40.5172],[-6.61997,40.52116],[-6.61539,40.53229],[-6.61153,40.53471],[-6.60909,40.53417],[-6.60588,40.53938],[-6.61333,40.54601],[-6.61461,40.5502],[-6.60896,40.5532],[-6.61145,40.56247],[-6.6069,40.56331],[-6.59559,40.56018],[-6.5966,40.55807],[-6.59474,40.55582],[-6.58582,40.54902],[-6.57921,40.55338],[-6.57265,40.56289],[-6.56701,40.57564],[-6.56886,40.57604],[-6.56817,40.57789],[-6.56942,40.57769],[-6.57012,40.5871],[-6.57334,40.58868],[-6.57721,40.58893],[-6.58018,40.58588],[-6.59143,40.58719],[-6.58245,40.58375],[-6.59156,40.58573],[-6.59535,40.5815],[-6.60345,40.58511],[-6.60216,40.58772],[-6.609,40.58982],[-6.60013,40.5891],[-6.599,40.5922],[-6.59468,40.59227],[-6.59161,40.59516],[-6.58999,40.59739],[-6.59012,40.60786],[-6.59467,40.60897],[-6.60135,40.61386],[-6.60895,40.61714],[-6.61355,40.62452],[-6.61571,40.63323],[-6.62022,40.63626],[-6.62526,40.63558],[-6.63085,40.62711],[-6.63602,40.62459],[-6.63363,40.62041],[-6.63438,40.61665],[-6.63904,40.61214],[-6.64281,40.61393],[-6.64534,40.61191],[-6.64739,40.60613],[-6.65967,40.60969],[-6.66282,40.60803],[-6.6731,40.6098],[-6.67137,40.60559],[-6.67213,40.60202],[-6.6783,40.6024],[-6.6953,40.59906],[-6.69632,40.59886]]]}},{"type":"Feature","properties":{"mun_code":"37280","mun_name":"Sanchón de la Ribera","mun_name_local":null,"prov_code":"37","prov_name":"Salamanca","acom_code":"07","acom_name":"Castilla y León","geo_point_2d":{"lon":-6.395826339141622,"lat":41.100306191060334}},"geometry":{"type":"Polygon","coordinates":[[[-6.44441,41.08862],[-6.43937,41.08173],[-6.43112,41.07684],[-6.42403,41.07466],[-6.4109,41.06648],[-6.39799,41.06395],[-6.39433,41.0646],[-6.38819,41.07839],[-6.3842,41.08249],[-6.38284,41.08754],[-6.36602,41.08754],[-6.36434,41.1005],[-6.36658,41.10764],[-6.36605,41.12022],[-6.36373,41.12752],[-6.36804,41.13703],[-6.38158,41.13658],[-6.39673,41.13827],[-6.40195,41.14079],[-6.40055,41.13312],[-6.40307,41.11445],[-6.40659,41.10506],[-6.4037,41.1018],[-6.41692,41.09759],[-6.42559,41.09819],[-6.43027,41.09723],[-6.43437,41.09347],[-6.44366,41.08899],[-6.44441,41.08862]]]}},{"type":"Feature","properties":{"mun_code":"37058","mun_name":"Brincones","mun_name_local":null,"prov_code":"37","prov_name":"Salamanca","acom_code":"07","acom_name":"Castilla y León","geo_point_2d":{"lon":-6.347925531251732,"lat":41.111930571856}},"geometry":{"type":"Polygon","coordinates":[[[-6.36804,41.13703],[-6.36373,41.12752],[-6.36605,41.12022],[-6.36658,41.10764],[-6.36434,41.1005],[-6.36602,41.08754],[-6.36,41.08592],[-6.35356,41.0873],[-6.35052,41.09079],[-6.32319,41.10101],[-6.32266,41.10495],[-6.32446,41.10842],[-6.32256,41.11285],[-6.32765,41.1238],[-6.3335,41.12496],[-6.34216,41.13067],[-6.35165,41.13318],[-6.35908,41.13957],[-6.36628,41.13727],[-6.36804,41.13703]]]}},{"type":"Feature","properties":{"mun_code":"37007","mun_name":"Alaraz","mun_name_local":null,"prov_code":"37","prov_name":"Salamanca","acom_code":"07","acom_name":"Castilla y León","geo_point_2d":{"lon":-5.315046253836759,"lat":40.727671926172796}},"geometry":{"type":"Polygon","coordinates":[[[-5.38091,40.71406],[-5.3832,40.70643],[-5.3766,40.69873],[-5.37281,40.69777],[-5.37537,40.69575],[-5.37496,40.6944],[-5.367,40.67967],[-5.36406,40.6797],[-5.35984,40.68262],[-5.35581,40.68288],[-5.34924,40.68714],[-5.34751,40.68632],[-5.34082,40.68709],[-5.33208,40.69464],[-5.33299,40.69765],[-5.33707,40.69948],[-5.33027,40.70136],[-5.32875,40.70542],[-5.32208,40.70548],[-5.32178,40.70307],[-5.31308,40.70359],[-5.29284,40.71027],[-5.28973,40.71428],[-5.27936,40.72018],[-5.27709,40.72378],[-5.26241,40.73045],[-5.2572,40.73633],[-5.2538,40.73428],[-5.2575,40.74324],[-5.25587,40.7499],[-5.25758,40.75566],[-5.26868,40.76263],[-5.28369,40.76773],[-5.3065,40.76832],[-5.31124,40.76639],[-5.31817,40.75896],[-5.32611,40.75518],[-5.33469,40.74852],[-5.33445,40.73871],[-5.32981,40.73615],[-5.32798,40.73332],[-5.32901,40.72737],[-5.32706,40.72449],[-5.33573,40.72052],[-5.34267,40.72012],[-5.35311,40.72304],[-5.35881,40.72266],[-5.36768,40.71766],[-5.37369,40.71548],[-5.37896,40.71513],[-5.38091,40.71406]]]}},{"type":"Feature","properties":{"mun_code":"37062","mun_name":"Cabezabellosa de la Calzada","mun_name_local":null,"prov_code":"37","prov_name":"Salamanca","acom_code":"07","acom_name":"Castilla y León","geo_point_2d":{"lon":-5.482986013456624,"lat":41.04060152835924}},"geometry":{"type":"Polygon","coordinates":[[[-5.49938,41.05541],[-5.49911,41.05286],[-5.50221,41.05105],[-5.50033,41.03944],[-5.50146,41.03753],[-5.49824,41.02917],[-5.49843,41.02562],[-5.4939,41.02835],[-5.48369,41.02768],[-5.48069,41.02919],[-5.47371,41.02798],[-5.47134,41.03021],[-5.46097,41.03374],[-5.45118,41.03001],[-5.45098,41.032],[-5.45974,41.03664],[-5.46183,41.04088],[-5.47905,41.05281],[-5.48808,41.05666],[-5.4946,41.05535],[-5.49605,41.05648],[-5.49938,41.05541]]]}},{"type":"Feature","properties":{"mun_code":"37209","mun_name":"Mozárbez","mun_name_local":null,"prov_code":"37","prov_name":"Salamanca","acom_code":"07","acom_name":"Castilla y León","geo_point_2d":{"lon":-5.685872755527891,"lat":40.84479872381983}},"geometry":{"type":"Polygon","coordinates":[[[-5.76442,40.8683],[-5.76256,40.86337],[-5.76474,40.85988],[-5.75233,40.85186],[-5.75558,40.84849],[-5.75044,40.84379],[-5.74943,40.84087],[-5.74522,40.83905],[-5.74626,40.83686],[-5.74059,40.83713],[-5.73538,40.84036],[-5.73261,40.83917],[-5.73374,40.83475],[-5.73194,40.83406],[-5.72996,40.83518],[-5.7238,40.82862],[-5.71991,40.82808],[-5.7141,40.83021],[-5.70603,40.82989],[-5.69881,40.82718],[-5.69644,40.82887],[-5.69689,40.83144],[-5.69267,40.83176],[-5.68559,40.82916],[-5.68186,40.82987],[-5.67584,40.82155],[-5.66644,40.81668],[-5.66234,40.81952],[-5.65603,40.81845],[-5.64903,40.82389],[-5.64304,40.82142],[-5.6417,40.81836],[-5.63133,40.81572],[-5.63032,40.81277],[-5.62537,40.81608],[-5.62014,40.81781],[-5.61648,40.81756],[-5.61339,40.82302],[-5.62295,40.83012],[-5.62435,40.83351],[-5.6217,40.8373],[-5.62275,40.838],[-5.62527,40.83671],[-5.62689,40.83924],[-5.62485,40.84385],[-5.6271,40.84699],[-5.6241,40.84757],[-5.63167,40.85183],[-5.62869,40.85571],[-5.63012,40.86399],[-5.63398,40.8635],[-5.63306,40.86581],[-5.63625,40.86546],[-5.63698,40.86763],[-5.63965,40.86819],[-5.64307,40.86499],[-5.65057,40.86509],[-5.65099,40.86638],[-5.65224,40.86511],[-5.66034,40.86581],[-5.6665,40.86164],[-5.66782,40.86205],[-5.66685,40.85799],[-5.66915,40.85676],[-5.66674,40.85597],[-5.67304,40.85536],[-5.67906,40.85289],[-5.67978,40.85013],[-5.68305,40.85087],[-5.68882,40.84933],[-5.69148,40.85136],[-5.69569,40.85197],[-5.6966,40.855],[-5.69994,40.85789],[-5.6984,40.85898],[-5.69954,40.86147],[-5.70568,40.86211],[-5.70917,40.86428],[-5.71391,40.86297],[-5.71369,40.85983],[-5.71589,40.85747],[-5.72406,40.86022],[-5.72874,40.85872],[-5.73692,40.87317],[-5.73989,40.87189],[-5.74169,40.87339],[-5.73905,40.87615],[-5.74193,40.87747],[-5.74051,40.88075],[-5.73754,40.88188],[-5.74121,40.88247],[-5.74255,40.87973],[-5.7507,40.8752],[-5.75249,40.87611],[-5.75373,40.87478],[-5.75683,40.87476],[-5.75736,40.87342],[-5.75938,40.8741],[-5.76161,40.87304],[-5.76442,40.8683]]]}},{"type":"Feature","properties":{"mun_code":"37241","mun_name":"Pelarrodríguez","mun_name_local":null,"prov_code":"37","prov_name":"Salamanca","acom_code":"07","acom_name":"Castilla y León","geo_point_2d":{"lon":-6.213501270270404,"lat":40.868863765653906}},"geometry":{"type":"MultiPolygon","coordinates":[[[[-6.1904,40.84341],[-6.18871,40.84442],[-6.1927,40.84948],[-6.19983,40.85296],[-6.19856,40.85861],[-6.20119,40.85867],[-6.20123,40.86003],[-6.20656,40.85961],[-6.208,40.86148],[-6.2124,40.86116],[-6.21622,40.85621],[-6.22867,40.85672],[-6.2343,40.8541],[-6.23026,40.85252],[-6.22874,40.84998],[-6.22459,40.84777],[-6.22379,40.84417],[-6.22114,40.84324],[-6.21805,40.83561],[-6.21461,40.8353],[-6.21282,40.83653],[-6.20742,40.83556],[-6.20789,40.83425],[-6.20475,40.83193],[-6.20501,40.82793],[-6.20126,40.82738],[-6.19843,40.83611],[-6.19177,40.84033],[-6.19216,40.84235],[-6.1904,40.84341]]],[[[-6.23496,40.90223],[-6.23705,40.90069],[-6.23721,40.89778],[-6.24316,40.8936],[-6.23879,40.88927],[-6.23398,40.88739],[-6.23485,40.88489],[-6.22901,40.8827],[-6.2257,40.87991],[-6.21249,40.87968],[-6.20535,40.87287],[-6.20004,40.87183],[-6.19496,40.87883],[-6.1959,40.87942],[-6.19249,40.88114],[-6.19733,40.88293],[-6.19774,40.8866],[-6.20392,40.89134],[-6.20223,40.89449],[-6.2147,40.9025],[-6.22452,40.89973],[-6.22654,40.90212],[-6.23136,40.9006],[-6.23427,40.90191],[-6.23496,40.90223]]]]}},{"type":"Feature","properties":{"mun_code":"37010","mun_name":"La Alberca","mun_name_local":null,"prov_code":"37","prov_name":"Salamanca","acom_code":"07","acom_name":"Castilla y León","geo_point_2d":{"lon":-6.13050113286966,"lat":40.478343583054425}},"geometry":{"type":"Polygon","coordinates":[[[-6.19869,40.48143],[-6.19824,40.47827],[-6.19132,40.47156],[-6.18727,40.47078],[-6.18472,40.46577],[-6.18015,40.46252],[-6.16836,40.45868],[-6.16422,40.45926],[-6.15592,40.45708],[-6.1524,40.45257],[-6.15611,40.44788],[-6.14776,40.43728],[-6.14355,40.43567],[-6.13221,40.43664],[-6.12193,40.44209],[-6.11561,40.44107],[-6.10467,40.45055],[-6.10411,40.45463],[-6.10122,40.45689],[-6.08915,40.45743],[-6.08093,40.46],[-6.07109,40.46098],[-6.07084,40.46703],[-6.0766,40.46897],[-6.07859,40.47222],[-6.07316,40.48048],[-6.07518,40.50625],[-6.08287,40.50898],[-6.09093,40.50576],[-6.10001,40.5107],[-6.10322,40.50884],[-6.12937,40.51274],[-6.13391,40.51071],[-6.1401,40.50394],[-6.14684,40.50267],[-6.15379,40.50472],[-6.15741,40.50762],[-6.16854,40.50608],[-6.17622,40.50927],[-6.1789,40.50398],[-6.18542,40.50108],[-6.18409,40.49782],[-6.18846,40.48681],[-6.19869,40.48143]]]}},{"type":"Feature","properties":{"mun_code":"37071","mun_name":"La Calzada de Béjar","mun_name_local":null,"prov_code":"37","prov_name":"Salamanca","acom_code":"07","acom_name":"Castilla y León","geo_point_2d":{"lon":-5.820929386301378,"lat":40.415205709183155}},"geometry":{"type":"Polygon","coordinates":[[[-5.84242,40.40042],[-5.83918,40.39902],[-5.83389,40.38936],[-5.82678,40.39616],[-5.82307,40.39453],[-5.82361,40.3971],[-5.81776,40.39897],[-5.80446,40.40888],[-5.807,40.41321],[-5.80825,40.42417],[-5.80382,40.43893],[-5.81058,40.43879],[-5.82699,40.43522],[-5.8296,40.41784],[-5.83614,40.4066],[-5.84202,40.40087],[-5.84242,40.40042]]]}},{"type":"Feature","properties":{"mun_code":"37245","mun_name":"Peñaparda","mun_name_local":null,"prov_code":"37","prov_name":"Salamanca","acom_code":"07","acom_name":"Castilla y León","geo_point_2d":{"lon":-6.663174221135313,"lat":40.30261399270556}},"geometry":{"type":"Polygon","coordinates":[[[-6.70467,40.34582],[-6.70614,40.33669],[-6.70861,40.33307],[-6.707,40.32104],[-6.70226,40.31057],[-6.69544,40.30276],[-6.69922,40.29569],[-6.70238,40.29446],[-6.70446,40.29007],[-6.70419,40.2727],[-6.70195,40.26924],[-6.6821,40.26363],[-6.67772,40.258],[-6.67175,40.26323],[-6.63995,40.26892],[-6.6346,40.26465],[-6.62524,40.26657],[-6.6148,40.26606],[-6.59742,40.27164],[-6.58702,40.27072],[-6.58309,40.27476],[-6.57104,40.27946],[-6.60465,40.27315],[-6.61151,40.28215],[-6.61067,40.29204],[-6.61879,40.30437],[-6.61755,40.30902],[-6.61964,40.31165],[-6.62858,40.31173],[-6.63236,40.31664],[-6.63529,40.31687],[-6.64011,40.32137],[-6.64469,40.32243],[-6.64914,40.32715],[-6.65142,40.32762],[-6.65482,40.33357],[-6.65889,40.33684],[-6.65765,40.33831],[-6.65395,40.33865],[-6.65999,40.34433],[-6.65942,40.34965],[-6.67262,40.35489],[-6.67169,40.35789],[-6.67724,40.35774],[-6.67514,40.35969],[-6.67694,40.36132],[-6.68166,40.35489],[-6.68526,40.35537],[-6.69161,40.35396],[-6.69713,40.34959],[-6.70079,40.35081],[-6.70148,40.34733],[-6.70467,40.34582]]]}},{"type":"Feature","properties":{"mun_code":"37130","mun_name":"Forfoleda","mun_name_local":null,"prov_code":"37","prov_name":"Salamanca","acom_code":"07","acom_name":"Castilla y León","geo_point_2d":{"lon":-5.749229644567928,"lat":41.112971315645616}},"geometry":{"type":"Polygon","coordinates":[[[-5.78557,41.14104],[-5.78348,41.1354],[-5.77914,41.13056],[-5.77345,41.11453],[-5.77441,41.10207],[-5.77118,41.09624],[-5.77418,41.09353],[-5.77332,41.08621],[-5.77477,41.08154],[-5.78052,41.0755],[-5.77141,41.0729],[-5.76643,41.07333],[-5.76475,41.07213],[-5.76325,41.07297],[-5.7573,41.06995],[-5.74847,41.07024],[-5.74593,41.06772],[-5.7395,41.07022],[-5.73853,41.0677],[-5.7371,41.06797],[-5.73827,41.07653],[-5.73374,41.07885],[-5.73549,41.08148],[-5.72696,41.09218],[-5.72555,41.09546],[-5.72665,41.09735],[-5.72475,41.098],[-5.7245,41.10128],[-5.72939,41.10717],[-5.72629,41.10742],[-5.72736,41.11163],[-5.72141,41.11089],[-5.71604,41.11461],[-5.71437,41.11253],[-5.71277,41.11264],[-5.71157,41.11497],[-5.71316,41.11612],[-5.71059,41.12227],[-5.71232,41.12813],[-5.72279,41.14532],[-5.72508,41.15231],[-5.72628,41.15413],[-5.74285,41.14466],[-5.75435,41.14204],[-5.75801,41.14193],[-5.75803,41.14665],[-5.76622,41.14844],[-5.78502,41.14557],[-5.78528,41.14113],[-5.78557,41.14104]]]}},{"type":"Feature","properties":{"mun_code":"37324","mun_name":"Tordillos","mun_name_local":null,"prov_code":"37","prov_name":"Salamanca","acom_code":"07","acom_name":"Castilla y León","geo_point_2d":{"lon":-5.351491959177803,"lat":40.85166209648899}},"geometry":{"type":"Polygon","coordinates":[[[-5.39577,40.84752],[-5.39161,40.84712],[-5.3882,40.84238],[-5.38477,40.84307],[-5.3742,40.8307],[-5.37055,40.82927],[-5.36602,40.83094],[-5.36028,40.82415],[-5.35285,40.82144],[-5.34435,40.82613],[-5.34405,40.83024],[-5.3407,40.83492],[-5.33047,40.83892],[-5.33235,40.84001],[-5.33246,40.84416],[-5.32788,40.84043],[-5.31407,40.85672],[-5.30961,40.85875],[-5.31057,40.86133],[-5.31207,40.86057],[-5.31401,40.86334],[-5.31074,40.86554],[-5.31407,40.87098],[-5.31767,40.87151],[-5.31533,40.87198],[-5.31914,40.87597],[-5.32166,40.87483],[-5.32079,40.87758],[-5.32441,40.88052],[-5.32556,40.87921],[-5.32645,40.88064],[-5.32752,40.87824],[-5.33233,40.87535],[-5.33396,40.87522],[-5.3343,40.87689],[-5.34147,40.8732],[-5.34365,40.87445],[-5.35188,40.86675],[-5.35654,40.8676],[-5.36225,40.86478],[-5.36373,40.86532],[-5.36592,40.86279],[-5.36784,40.8641],[-5.36844,40.86303],[-5.37065,40.86375],[-5.3717,40.86535],[-5.37434,40.86357],[-5.3769,40.86359],[-5.37886,40.86148],[-5.3844,40.86109],[-5.38485,40.86281],[-5.38839,40.86298],[-5.39042,40.8609],[-5.38888,40.86028],[-5.39621,40.85557],[-5.39551,40.85027],[-5.39577,40.84752]]]}},{"type":"Feature","properties":{"mun_code":"37065","mun_name":"Cabeza del Caballo","mun_name_local":null,"prov_code":"37","prov_name":"Salamanca","acom_code":"07","acom_name":"Castilla y León","geo_point_2d":{"lon":-6.559922285142193,"lat":41.13546015426328}},"geometry":{"type":"Polygon","coordinates":[[[-6.59546,41.12063],[-6.58899,41.11739],[-6.58512,41.11223],[-6.57654,41.1105],[-6.5721,41.10502],[-6.56955,41.09513],[-6.56951,41.08583],[-6.56636,41.08075],[-6.56154,41.07927],[-6.55412,41.08056],[-6.54418,41.08784],[-6.53948,41.09586],[-6.53445,41.09494],[-6.53088,41.10247],[-6.53069,41.10779],[-6.53669,41.11674],[-6.52823,41.12228],[-6.52249,41.1281],[-6.53073,41.13521],[-6.53844,41.13941],[-6.54298,41.14442],[-6.54236,41.14904],[-6.53766,41.15726],[-6.52746,41.16725],[-6.53653,41.17094],[-6.54553,41.17936],[-6.55773,41.18823],[-6.56207,41.18991],[-6.56344,41.19025],[-6.56597,41.18765],[-6.5689,41.18789],[-6.57079,41.18223],[-6.57711,41.17624],[-6.57912,41.17613],[-6.59334,41.1519],[-6.59149,41.14942],[-6.59168,41.14407],[-6.59542,41.14178],[-6.58798,41.13934],[-6.58693,41.13647],[-6.59525,41.12193],[-6.59546,41.12063]]]}},{"type":"Feature","properties":{"mun_code":"37298","mun_name":"Santibáñez de la Sierra","mun_name_local":null,"prov_code":"37","prov_name":"Salamanca","acom_code":"07","acom_name":"Castilla y León","geo_point_2d":{"lon":-5.917139299478299,"lat":40.490086449474376}},"geometry":{"type":"Polygon","coordinates":[[[-5.94443,40.50856],[-5.94965,40.50301],[-5.94375,40.50138],[-5.94216,40.49957],[-5.94673,40.49653],[-5.94751,40.4943],[-5.93986,40.4876],[-5.93765,40.48417],[-5.93701,40.47888],[-5.92711,40.46874],[-5.90887,40.47652],[-5.89267,40.48584],[-5.86855,40.49582],[-5.87304,40.49531],[-5.89377,40.49934],[-5.91054,40.49975],[-5.94368,40.50843],[-5.94443,40.50856]]]}},{"type":"Feature","properties":{"mun_code":"37028","mun_name":"Almendra","mun_name_local":null,"prov_code":"37","prov_name":"Salamanca","acom_code":"07","acom_name":"Castilla y León","geo_point_2d":{"lon":-6.330398774881398,"lat":41.234842447456174}},"geometry":{"type":"Polygon","coordinates":[[[-6.36291,41.19387],[-6.34188,41.19334],[-6.33635,41.19495],[-6.3263,41.20169],[-6.31319,41.20696],[-6.31359,41.21261],[-6.31113,41.21753],[-6.29836,41.22411],[-6.29256,41.23017],[-6.29313,41.2363],[-6.28782,41.24594],[-6.28857,41.25471],[-6.29674,41.25644],[-6.30295,41.26092],[-6.31144,41.2634],[-6.31768,41.27089],[-6.32776,41.26806],[-6.33492,41.27163],[-6.34763,41.27268],[-6.3551,41.26784],[-6.35784,41.2632],[-6.36013,41.25057],[-6.35854,41.24284],[-6.35925,41.21279],[-6.36252,41.19467],[-6.36291,41.19387]]]}},{"type":"Feature","properties":{"mun_code":"37279","mun_name":"Sancti-Spíritus","mun_name_local":null,"prov_code":"37","prov_name":"Salamanca","acom_code":"07","acom_name":"Castilla y León","geo_point_2d":{"lon":-6.426881424882339,"lat":40.73132246593136}},"geometry":{"type":"MultiPolygon","coordinates":[[[[-6.37553,40.65536],[-6.38507,40.66254],[-6.39173,40.66339],[-6.40576,40.66129],[-6.41062,40.65878],[-6.41408,40.65381],[-6.41262,40.64152],[-6.4079,40.63457],[-6.40682,40.62905],[-6.39719,40.62044],[-6.37382,40.62817],[-6.36809,40.6318],[-6.36672,40.63507],[-6.36858,40.63959],[-6.36814,40.64437],[-6.3747,40.65442],[-6.37553,40.65536]]],[[[-6.54475,40.82399],[-6.54929,40.82047],[-6.55705,40.8225],[-6.555,40.81831],[-6.54483,40.81267],[-6.54666,40.80685],[-6.54938,40.80477],[-6.54677,40.80099],[-6.54852,40.79708],[-6.55179,40.79654],[-6.56115,40.79959],[-6.55751,40.79508],[-6.55146,40.79408],[-6.55752,40.78296],[-6.5504,40.78101],[-6.53797,40.78127],[-6.5276,40.77548],[-6.52631,40.79257],[-6.52249,40.79225],[-6.51625,40.78825],[-6.51338,40.7811],[-6.50268,40.77368],[-6.50701,40.76461],[-6.48819,40.76053],[-6.48531,40.75568],[-6.48538,40.74855],[-6.48248,40.7359],[-6.47497,40.72381],[-6.46777,40.71847],[-6.46354,40.71225],[-6.46324,40.70303],[-6.46061,40.69884],[-6.46126,40.69315],[-6.46994,40.68819],[-6.4672,40.6818],[-6.45989,40.6811],[-6.45683,40.68256],[-6.44884,40.68079],[-6.43633,40.68322],[-6.4245,40.68258],[-6.4193,40.68378],[-6.40193,40.68211],[-6.39168,40.68389],[-6.38811,40.68332],[-6.37818,40.687],[-6.36515,40.68263],[-6.35707,40.67619],[-6.35347,40.68115],[-6.35061,40.68329],[-6.34866,40.68293],[-6.34654,40.68548],[-6.3467,40.68835],[-6.35347,40.69403],[-6.35557,40.69983],[-6.351,40.7267],[-6.34437,40.73298],[-6.35235,40.7402],[-6.35376,40.74313],[-6.35427,40.74592],[-6.34968,40.75135],[-6.35017,40.75255],[-6.36097,40.75959],[-6.36207,40.76279],[-6.3682,40.76413],[-6.37221,40.75925],[-6.37648,40.75841],[-6.385,40.76124],[-6.38654,40.76522],[-6.38301,40.77353],[-6.37784,40.77978],[-6.38143,40.77999],[-6.38585,40.78282],[-6.39154,40.78167],[-6.40274,40.78242],[-6.41033,40.79365],[-6.4152,40.79078],[-6.44304,40.7821],[-6.45875,40.77428],[-6.46987,40.78044],[-6.47386,40.78565],[-6.48754,40.788],[-6.49562,40.79103],[-6.51901,40.80816],[-6.52141,40.8167],[-6.52799,40.81577],[-6.53303,40.81671],[-6.5445,40.82399],[-6.54475,40.82399]],[[-6.53779,40.78873],[-6.54418,40.79383],[-6.53469,40.80768],[-6.52927,40.80538],[-6.52736,40.7956],[-6.53094,40.79003],[-6.53639,40.78811],[-6.53779,40.78873]]]]}},{"type":"Feature","properties":{"mun_code":"37325","mun_name":"El Tornadizo","mun_name_local":null,"prov_code":"37","prov_name":"Salamanca","acom_code":"07","acom_name":"Castilla y León","geo_point_2d":{"lon":-5.880067778823259,"lat":40.54333913027552}},"geometry":{"type":"Polygon","coordinates":[[[-5.89374,40.51593],[-5.89042,40.51909],[-5.89165,40.52105],[-5.88974,40.52698],[-5.88279,40.52935],[-5.88037,40.53215],[-5.86757,40.53277],[-5.86491,40.53511],[-5.85726,40.53681],[-5.85502,40.5387],[-5.85329,40.54564],[-5.86098,40.55338],[-5.8614,40.54846],[-5.86643,40.55027],[-5.86959,40.55382],[-5.86673,40.55828],[-5.86586,40.56361],[-5.86722,40.56616],[-5.87129,40.56772],[-5.89247,40.55501],[-5.89576,40.54721],[-5.90166,40.53938],[-5.8998,40.5229],[-5.89374,40.51593]]]}},{"type":"Feature","properties":{"mun_code":"37361","mun_name":"Villar de Samaniego","mun_name_local":null,"prov_code":"37","prov_name":"Salamanca","acom_code":"07","acom_name":"Castilla y León","geo_point_2d":{"lon":-6.432607307190018,"lat":41.1234569958303}},"geometry":{"type":"Polygon","coordinates":[[[-6.47136,41.12643],[-6.468,41.11867],[-6.46192,41.11443],[-6.45756,41.10733],[-6.44516,41.10087],[-6.44786,41.09875],[-6.44677,41.09645],[-6.44861,41.09351],[-6.44441,41.08862],[-6.43437,41.09347],[-6.43027,41.09723],[-6.42559,41.09819],[-6.41692,41.09759],[-6.4037,41.1018],[-6.40659,41.10506],[-6.40307,41.11445],[-6.40055,41.13312],[-6.40195,41.14079],[-6.41028,41.14394],[-6.4182,41.15277],[-6.44282,41.15153],[-6.4541,41.14514],[-6.45764,41.14056],[-6.4602,41.13292],[-6.46998,41.12725],[-6.47136,41.12643]]]}},{"type":"Feature","properties":{"mun_code":"37268","mun_name":"La Rinconada de la Sierra","mun_name_local":null,"prov_code":"37","prov_name":"Salamanca","acom_code":"07","acom_name":"Castilla y León","geo_point_2d":{"lon":-6.040416753764996,"lat":40.61579998322671}},"geometry":{"type":"Polygon","coordinates":[[[-6.08084,40.62839],[-6.06701,40.61332],[-6.06107,40.60883],[-6.05917,40.60474],[-6.05185,40.60318],[-6.03887,40.59468],[-6.02688,40.60568],[-6.01515,40.61407],[-6.00552,40.61572],[-5.99941,40.61843],[-5.99846,40.62199],[-6.00604,40.62282],[-6.01682,40.62773],[-6.02762,40.62833],[-6.0319,40.62774],[-6.04076,40.61814],[-6.04477,40.61702],[-6.05108,40.62405],[-6.05127,40.63037],[-6.06129,40.63049],[-6.07366,40.62678],[-6.07928,40.62798],[-6.08084,40.62839]]]}},{"type":"Feature","properties":{"mun_code":"37224","mun_name":"La Orbada","mun_name_local":null,"prov_code":"37","prov_name":"Salamanca","acom_code":"07","acom_name":"Castilla y León","geo_point_2d":{"lon":-5.466909470864131,"lat":41.10663686424705}},"geometry":{"type":"Polygon","coordinates":[[[-5.502,41.12819],[-5.50767,41.12261],[-5.50407,41.12283],[-5.50621,41.12053],[-5.50347,41.11962],[-5.50599,41.11539],[-5.50325,41.11345],[-5.50758,41.11186],[-5.5052,41.11015],[-5.50504,41.10776],[-5.50233,41.10753],[-5.50442,41.10672],[-5.5035,41.1023],[-5.50148,41.10341],[-5.50084,41.10096],[-5.49642,41.10144],[-5.49488,41.09748],[-5.48731,41.09605],[-5.4829,41.09036],[-5.46928,41.09617],[-5.47078,41.09107],[-5.47815,41.08714],[-5.47998,41.08765],[-5.48034,41.08368],[-5.4752,41.07838],[-5.4712,41.07887],[-5.46941,41.07652],[-5.46185,41.07811],[-5.45923,41.08054],[-5.46002,41.07859],[-5.45754,41.07704],[-5.45464,41.07828],[-5.45421,41.07487],[-5.45182,41.07624],[-5.44663,41.07376],[-5.44377,41.07595],[-5.44157,41.07556],[-5.43773,41.0773],[-5.43409,41.07473],[-5.43013,41.07788],[-5.42872,41.07706],[-5.42689,41.07946],[-5.42801,41.08471],[-5.42175,41.09113],[-5.42174,41.09403],[-5.42332,41.0941],[-5.42216,41.0978],[-5.42834,41.09835],[-5.42901,41.10037],[-5.43401,41.10038],[-5.43645,41.09903],[-5.43998,41.10225],[-5.44057,41.10552],[-5.44537,41.10555],[-5.44999,41.10743],[-5.4492,41.109],[-5.45122,41.11146],[-5.45215,41.11896],[-5.44915,41.12115],[-5.45194,41.1221],[-5.45305,41.13054],[-5.46423,41.14131],[-5.46863,41.14293],[-5.48326,41.13807],[-5.48938,41.13752],[-5.49189,41.13639],[-5.49172,41.13457],[-5.49586,41.13165],[-5.49517,41.13027],[-5.49912,41.12745],[-5.502,41.12819]]]}},{"type":"Feature","properties":{"mun_code":"37117","mun_name":"Doñinos de Salamanca","mun_name_local":null,"prov_code":"37","prov_name":"Salamanca","acom_code":"07","acom_name":"Castilla y León","geo_point_2d":{"lon":-5.746162940561775,"lat":40.96465969296848}},"geometry":{"type":"MultiPolygon","coordinates":[[[[-5.77418,40.90683],[-5.77215,40.90919],[-5.77874,40.90938],[-5.78446,40.90503],[-5.78377,40.90356],[-5.77914,40.90564],[-5.7723,40.90527],[-5.77313,40.9065],[-5.77418,40.90683]]],[[[-5.78188,40.97129],[-5.78474,40.96903],[-5.78802,40.96895],[-5.78666,40.96583],[-5.78787,40.96455],[-5.78524,40.9654],[-5.78475,40.96337],[-5.78207,40.96204],[-5.77983,40.96537],[-5.77209,40.96574],[-5.77078,40.96376],[-5.77301,40.95867],[-5.77217,40.95557],[-5.76574,40.95646],[-5.7651,40.95341],[-5.7621,40.95319],[-5.75923,40.95092],[-5.75996,40.94729],[-5.75781,40.94775],[-5.75584,40.94456],[-5.74444,40.94663],[-5.73626,40.95041],[-5.73284,40.94966],[-5.7281,40.95328],[-5.73059,40.95375],[-5.73117,40.95512],[-5.729,40.96005],[-5.73588,40.96231],[-5.73027,40.96883],[-5.72326,40.96711],[-5.72087,40.97027],[-5.71783,40.96962],[-5.71846,40.97396],[-5.71635,40.98071],[-5.7178,40.98801],[-5.7218,40.9914],[-5.72837,40.99186],[-5.72977,40.98901],[-5.73308,40.98844],[-5.73534,40.98615],[-5.74207,40.98473],[-5.74473,40.98008],[-5.74375,40.97835],[-5.74565,40.97756],[-5.74772,40.97275],[-5.74519,40.96833],[-5.7537,40.97004],[-5.75431,40.96896],[-5.75729,40.97168],[-5.76257,40.96959],[-5.76732,40.97105],[-5.77066,40.96938],[-5.77477,40.97137],[-5.77925,40.96909],[-5.78106,40.97092],[-5.78188,40.97129]]],[[[-5.78728,40.9057],[-5.78762,40.9068],[-5.79066,40.90698],[-5.79107,40.90237],[-5.78914,40.90191],[-5.78764,40.90493],[-5.78728,40.9057]]]]}},{"type":"Feature","properties":{"mun_code":"37135","mun_name":"La Fuente de San Esteban","mun_name_local":null,"prov_code":"37","prov_name":"Salamanca","acom_code":"07","acom_name":"Castilla y León","geo_point_2d":{"lon":-6.208772596443081,"lat":40.79720592986321}},"geometry":{"type":"MultiPolygon","coordinates":[[[[-6.27757,40.81987],[-6.28666,40.80614],[-6.28576,40.80456],[-6.28864,40.79952],[-6.28399,40.79727],[-6.27676,40.79701],[-6.26748,40.78979],[-6.27387,40.78021],[-6.27236,40.77865],[-6.26936,40.77925],[-6.26828,40.77789],[-6.26501,40.7657],[-6.26318,40.76669],[-6.25281,40.7664],[-6.24985,40.76119],[-6.24684,40.75924],[-6.24581,40.75235],[-6.23742,40.74871],[-6.23291,40.74195],[-6.22805,40.73839],[-6.2259,40.73385],[-6.2198,40.74078],[-6.21513,40.74183],[-6.21069,40.75014],[-6.20697,40.75005],[-6.20609,40.75478],[-6.20148,40.75781],[-6.20002,40.7613],[-6.1951,40.76305],[-6.19364,40.76204],[-6.18975,40.765],[-6.1887,40.77247],[-6.18576,40.77561],[-6.18966,40.78138],[-6.18931,40.78516],[-6.18278,40.78671],[-6.18191,40.78593],[-6.18087,40.78751],[-6.178,40.78538],[-6.17554,40.78889],[-6.16517,40.79542],[-6.15939,40.79581],[-6.15721,40.79749],[-6.14916,40.79634],[-6.14571,40.79924],[-6.14541,40.80426],[-6.14163,40.8051],[-6.14017,40.80727],[-6.12934,40.81105],[-6.1225,40.81507],[-6.13811,40.82436],[-6.14188,40.82243],[-6.15848,40.82215],[-6.15791,40.82512],[-6.16039,40.82461],[-6.16253,40.83113],[-6.16962,40.82851],[-6.17542,40.82856],[-6.17543,40.83156],[-6.17193,40.83599],[-6.17388,40.8392],[-6.17782,40.8409],[-6.17826,40.84381],[-6.18344,40.8431],[-6.18531,40.84144],[-6.1904,40.84341],[-6.19216,40.84235],[-6.19177,40.84033],[-6.19843,40.83611],[-6.20126,40.82738],[-6.20501,40.82793],[-6.20976,40.82365],[-6.23063,40.82326],[-6.25262,40.8178],[-6.26953,40.81888],[-6.27003,40.8214],[-6.27694,40.82015],[-6.27757,40.81987]]],[[[-6.07849,40.86261],[-6.07368,40.86116],[-6.07053,40.85367],[-6.06604,40.84926],[-6.06621,40.84486],[-6.06141,40.84228],[-6.06228,40.83674],[-6.05994,40.8368],[-6.05933,40.83844],[-6.05577,40.83846],[-6.0541,40.84199],[-6.05855,40.84512],[-6.05597,40.84759],[-6.05643,40.8519],[-6.05706,40.85425],[-6.0613,40.85805],[-6.06085,40.85967],[-6.07331,40.86548],[-6.07896,40.86707],[-6.07902,40.8656],[-6.07849,40.86261]]]]}},{"type":"Feature","properties":{"mun_code":"37331","mun_name":"Valdefuentes de Sangusín","mun_name_local":null,"prov_code":"37","prov_name":"Salamanca","acom_code":"07","acom_name":"Castilla y León","geo_point_2d":{"lon":-5.825432930742525,"lat":40.46960726898697}},"geometry":{"type":"Polygon","coordinates":[[[-5.8621,40.46323],[-5.85706,40.45809],[-5.85657,40.4538],[-5.84908,40.44088],[-5.82699,40.43522],[-5.81058,40.43879],[-5.80382,40.43893],[-5.80223,40.44066],[-5.79488,40.46596],[-5.78788,40.47882],[-5.79542,40.48754],[-5.79983,40.49671],[-5.80621,40.50116],[-5.81967,40.50186],[-5.82523,40.49964],[-5.84205,40.4993],[-5.86149,40.49523],[-5.85434,40.49168],[-5.85229,40.48635],[-5.85436,40.48181],[-5.8621,40.46323]]]}},{"type":"Feature","properties":{"mun_code":"37034","mun_name":"El Arco","mun_name_local":null,"prov_code":"37","prov_name":"Salamanca","acom_code":"07","acom_name":"Castilla y León","geo_point_2d":{"lon":-5.826940500352825,"lat":41.10859820245565}},"geometry":{"type":"Polygon","coordinates":[[[-5.83954,41.09415],[-5.82464,41.09125],[-5.81755,41.09138],[-5.81426,41.10296],[-5.81436,41.11368],[-5.82231,41.12771],[-5.82779,41.13049],[-5.83068,41.13055],[-5.83425,41.12374],[-5.83306,41.12212],[-5.83536,41.11628],[-5.83878,41.11403],[-5.83884,41.11092],[-5.83637,41.10863],[-5.84265,41.10304],[-5.83885,41.09901],[-5.84078,41.0959],[-5.83954,41.09415]]]}},{"type":"Feature","properties":{"mun_code":"37161","mun_name":"Horcajo de Montemayor","mun_name_local":null,"prov_code":"37","prov_name":"Salamanca","acom_code":"07","acom_name":"Castilla y León","geo_point_2d":{"lon":-5.890830452524334,"lat":40.4307635766481}},"geometry":{"type":"Polygon","coordinates":[[[-5.92789,40.44456],[-5.93081,40.43945],[-5.92794,40.42874],[-5.92569,40.42642],[-5.92381,40.41877],[-5.91657,40.41164],[-5.92104,40.40217],[-5.90808,40.40417],[-5.88953,40.40326],[-5.87104,40.40433],[-5.86241,40.42987],[-5.84908,40.44088],[-5.85657,40.4538],[-5.85706,40.45809],[-5.8621,40.46323],[-5.8792,40.45638],[-5.88799,40.4496],[-5.91596,40.44944],[-5.92282,40.44826],[-5.92745,40.44527],[-5.92789,40.44456]]]}},{"type":"Feature","properties":{"mun_code":"37088","mun_name":"Carrascal del Obispo","mun_name_local":null,"prov_code":"37","prov_name":"Salamanca","acom_code":"07","acom_name":"Castilla y León","geo_point_2d":{"lon":-5.996111804239321,"lat":40.76774670913405}},"geometry":{"type":"MultiPolygon","coordinates":[[[[-5.92501,40.75901],[-5.93094,40.76054],[-5.93831,40.75945],[-5.94084,40.76297],[-5.94842,40.76692],[-5.94602,40.77082],[-5.94372,40.78334],[-5.94715,40.78525],[-5.94489,40.7868],[-5.94957,40.78851],[-5.95268,40.78862],[-5.95428,40.78467],[-5.95625,40.78376],[-5.96362,40.78613],[-5.97094,40.78418],[-5.97384,40.78617],[-5.97711,40.78641],[-5.97818,40.78481],[-5.98345,40.78288],[-5.99354,40.78086],[-5.9951,40.77806],[-6.00534,40.77581],[-6.01991,40.77724],[-6.02471,40.78054],[-6.02975,40.77918],[-6.03128,40.78264],[-6.0309,40.77182],[-6.02706,40.76592],[-6.01042,40.75769],[-6.00125,40.75542],[-5.99944,40.75667],[-5.99753,40.75499],[-5.99382,40.75594],[-5.98957,40.75489],[-5.98927,40.75333],[-5.99476,40.7491],[-5.99683,40.74553],[-5.99515,40.74109],[-5.99866,40.73695],[-5.99468,40.73401],[-5.98902,40.73717],[-5.98574,40.73532],[-5.96653,40.73703],[-5.96011,40.7352],[-5.95399,40.74131],[-5.94733,40.73834],[-5.94002,40.73771],[-5.93186,40.7449],[-5.93135,40.74872],[-5.92551,40.75245],[-5.92558,40.75635],[-5.92501,40.75901]]],[[[-6.06938,40.8048],[-6.08108,40.79921],[-6.08655,40.79375],[-6.09047,40.78712],[-6.08879,40.77998],[-6.08209,40.77484],[-6.08261,40.7732],[-6.07319,40.77326],[-6.06753,40.77759],[-6.06016,40.7786],[-6.05773,40.78276],[-6.05122,40.78337],[-6.04475,40.78138],[-6.0393,40.78759],[-6.04146,40.78989],[-6.04097,40.79897],[-6.05682,40.79954],[-6.06834,40.80399],[-6.06938,40.8048]]]]}},{"type":"Feature","properties":{"mun_code":"37060","mun_name":"Buenavista","mun_name_local":null,"prov_code":"37","prov_name":"Salamanca","acom_code":"07","acom_name":"Castilla y León","geo_point_2d":{"lon":-5.633561660373125,"lat":40.78696938461626}},"geometry":{"type":"Polygon","coordinates":[[[-5.66962,40.79236],[-5.66675,40.79168],[-5.66662,40.78902],[-5.6587,40.78606],[-5.65943,40.78325],[-5.65813,40.78233],[-5.66002,40.77957],[-5.65785,40.7745],[-5.65441,40.77469],[-5.64372,40.76892],[-5.64276,40.76978],[-5.63981,40.76908],[-5.63339,40.76556],[-5.62728,40.76716],[-5.62733,40.76542],[-5.62004,40.76312],[-5.61896,40.76134],[-5.61753,40.76336],[-5.61497,40.76394],[-5.61109,40.76125],[-5.61243,40.75608],[-5.61008,40.75603],[-5.61105,40.75442],[-5.60516,40.75505],[-5.60343,40.7468],[-5.60068,40.74831],[-5.59674,40.75434],[-5.59789,40.7569],[-5.5944,40.75619],[-5.58604,40.75809],[-5.58557,40.76125],[-5.58373,40.76166],[-5.58503,40.76309],[-5.58337,40.76305],[-5.58159,40.76729],[-5.5868,40.77062],[-5.59187,40.77158],[-5.59472,40.77813],[-5.59918,40.77903],[-5.60117,40.77792],[-5.60449,40.78128],[-5.60851,40.78014],[-5.61272,40.781],[-5.61475,40.78388],[-5.61853,40.78449],[-5.62287,40.7881],[-5.61901,40.79308],[-5.62177,40.79485],[-5.62282,40.8007],[-5.63307,40.80879],[-5.6329,40.81081],[-5.63032,40.81277],[-5.63133,40.81572],[-5.6417,40.81836],[-5.64304,40.82142],[-5.64585,40.82269],[-5.65,40.82375],[-5.65603,40.81845],[-5.66051,40.81963],[-5.66488,40.81815],[-5.67445,40.80156],[-5.67309,40.79854],[-5.67427,40.79556],[-5.67105,40.7932],[-5.66962,40.79236]]]}},{"type":"Feature","properties":{"mun_code":"37257","mun_name":"Pozos de Hinojo","mun_name_local":null,"prov_code":"37","prov_name":"Salamanca","acom_code":"07","acom_name":"Castilla y León","geo_point_2d":{"lon":-6.377345887354867,"lat":40.93473517371901}},"geometry":{"type":"Polygon","coordinates":[[[-6.43607,40.92261],[-6.43201,40.92141],[-6.43081,40.91722],[-6.43234,40.91351],[-6.43061,40.90942],[-6.41697,40.90325],[-6.4131,40.89615],[-6.40583,40.89425],[-6.3997,40.8868],[-6.39305,40.88603],[-6.38812,40.8893],[-6.3831,40.88547],[-6.38137,40.88036],[-6.37631,40.88197],[-6.37378,40.88482],[-6.36913,40.8866],[-6.36751,40.89254],[-6.35403,40.90574],[-6.35234,40.90987],[-6.35562,40.91651],[-6.35297,40.92046],[-6.34699,40.92451],[-6.33792,40.92645],[-6.33691,40.9324],[-6.32716,40.94355],[-6.33855,40.97451],[-6.35227,40.97955],[-6.35157,40.98059],[-6.36172,40.98296],[-6.37295,40.98773],[-6.38663,40.99025],[-6.38966,40.98733],[-6.38947,40.98369],[-6.38738,40.98171],[-6.38889,40.97632],[-6.39206,40.97338],[-6.39544,40.97283],[-6.39683,40.96859],[-6.3945,40.95967],[-6.39217,40.95771],[-6.38719,40.94643],[-6.40557,40.93747],[-6.41454,40.93517],[-6.42149,40.93636],[-6.4355,40.92476],[-6.43607,40.92261]]]}},{"type":"Feature","properties":{"mun_code":"37012","mun_name":"Alconada","mun_name_local":null,"prov_code":"37","prov_name":"Salamanca","acom_code":"07","acom_name":"Castilla y León","geo_point_2d":{"lon":-5.3732455535808885,"lat":40.91139198396259}},"geometry":{"type":"Polygon","coordinates":[[[-5.42258,40.9155],[-5.41678,40.912],[-5.41141,40.91156],[-5.41077,40.90839],[-5.4018,40.90164],[-5.40174,40.89898],[-5.39938,40.89736],[-5.39726,40.89803],[-5.39497,40.89595],[-5.38404,40.90191],[-5.37819,40.89794],[-5.37405,40.9008],[-5.37395,40.89854],[-5.37013,40.89766],[-5.36899,40.89574],[-5.37011,40.89466],[-5.36427,40.89599],[-5.36323,40.89543],[-5.36541,40.89349],[-5.35983,40.89215],[-5.35862,40.89361],[-5.35576,40.8938],[-5.35514,40.89227],[-5.35074,40.89133],[-5.34707,40.89281],[-5.34487,40.89249],[-5.34431,40.89073],[-5.34264,40.89249],[-5.34348,40.89063],[-5.33949,40.88933],[-5.33614,40.89121],[-5.33655,40.89438],[-5.32879,40.90469],[-5.33213,40.90825],[-5.33491,40.90731],[-5.33531,40.91059],[-5.33731,40.91158],[-5.33713,40.91498],[-5.3455,40.91493],[-5.34812,40.9191],[-5.35052,40.91766],[-5.35368,40.91914],[-5.35505,40.91842],[-5.35701,40.92301],[-5.3601,40.92333],[-5.36029,40.92554],[-5.36317,40.92655],[-5.3627,40.92914],[-5.3667,40.93004],[-5.37048,40.93323],[-5.37188,40.93221],[-5.37868,40.93451],[-5.37996,40.93629],[-5.40541,40.92114],[-5.41766,40.92075],[-5.42072,40.91683],[-5.42258,40.9155]]]}},{"type":"Feature","properties":{"mun_code":"37112","mun_name":"Cristóbal","mun_name_local":null,"prov_code":"37","prov_name":"Salamanca","acom_code":"07","acom_name":"Castilla y León","geo_point_2d":{"lon":-5.891723637402343,"lat":40.4692832119817}},"geometry":{"type":"Polygon","coordinates":[[[-5.9386,40.45756],[-5.93531,40.4563],[-5.93393,40.45358],[-5.92843,40.44965],[-5.92789,40.44456],[-5.92282,40.44826],[-5.91596,40.44944],[-5.90416,40.45008],[-5.89149,40.44908],[-5.88633,40.45012],[-5.8792,40.45638],[-5.8621,40.46323],[-5.85229,40.48635],[-5.85434,40.49168],[-5.86149,40.49523],[-5.86855,40.49582],[-5.87341,40.49426],[-5.88453,40.48831],[-5.89713,40.48374],[-5.90887,40.47652],[-5.92136,40.4719],[-5.93118,40.46583],[-5.9369,40.46025],[-5.9386,40.45756]]]}},{"type":"Feature","properties":{"mun_code":"37379","mun_name":"Zamayón","mun_name_local":null,"prov_code":"37","prov_name":"Salamanca","acom_code":"07","acom_name":"Castilla y León","geo_point_2d":{"lon":-5.826720315310652,"lat":41.16086143416907}},"geometry":{"type":"Polygon","coordinates":[[[-5.8585,41.1466],[-5.85718,41.1412],[-5.85613,41.13969],[-5.85278,41.14009],[-5.85098,41.13429],[-5.84718,41.12925],[-5.83425,41.12374],[-5.83068,41.13055],[-5.82779,41.13049],[-5.82231,41.12771],[-5.81335,41.13017],[-5.813,41.13286],[-5.81006,41.13373],[-5.8065,41.13741],[-5.7898,41.13988],[-5.79336,41.14372],[-5.7924,41.14683],[-5.80183,41.16686],[-5.80764,41.17454],[-5.80946,41.18043],[-5.80891,41.19276],[-5.81529,41.19625],[-5.82115,41.19661],[-5.82787,41.20282],[-5.83681,41.20031],[-5.84853,41.19252],[-5.84636,41.18837],[-5.84806,41.18176],[-5.84451,41.17902],[-5.85225,41.16357],[-5.85352,41.14985],[-5.85862,41.14674],[-5.8585,41.1466]]]}},{"type":"Feature","properties":{"mun_code":"37345","mun_name":"Vega de Tirados","mun_name_local":null,"prov_code":"37","prov_name":"Salamanca","acom_code":"07","acom_name":"Castilla y León","geo_point_2d":{"lon":-5.8991475801204905,"lat":41.03860916348188}},"geometry":{"type":"Polygon","coordinates":[[[-5.92545,41.01621],[-5.92468,41.01858],[-5.9167,41.01386],[-5.9095,41.01338],[-5.91011,41.01219],[-5.89652,41.00808],[-5.89357,41.0087],[-5.89018,41.0064],[-5.88582,41.00651],[-5.87276,41.00314],[-5.86857,41.00601],[-5.86632,41.01103],[-5.8679,41.01702],[-5.87399,41.02789],[-5.87453,41.03401],[-5.87177,41.03969],[-5.8763,41.04292],[-5.87392,41.04686],[-5.87819,41.05058],[-5.88006,41.04979],[-5.89248,41.05356],[-5.89404,41.05584],[-5.89049,41.05537],[-5.88502,41.0655],[-5.88893,41.06957],[-5.90215,41.07209],[-5.90699,41.0777],[-5.90656,41.08575],[-5.91139,41.08885],[-5.91531,41.08728],[-5.91927,41.08117],[-5.91567,41.08098],[-5.91387,41.07906],[-5.91247,41.07699],[-5.91355,41.07416],[-5.92321,41.0676],[-5.91889,41.06031],[-5.91889,41.05841],[-5.92141,41.05809],[-5.9209,41.05654],[-5.92251,41.05567],[-5.92007,41.05481],[-5.92205,41.04962],[-5.91726,41.04914],[-5.91725,41.04535],[-5.92574,41.04657],[-5.93049,41.04365],[-5.92418,41.03886],[-5.92399,41.03144],[-5.91845,41.02903],[-5.92319,41.02555],[-5.92723,41.0264],[-5.9309,41.02461],[-5.92674,41.01762],[-5.92545,41.01621]]]}},{"type":"Feature","properties":{"mun_code":"37175","mun_name":"Machacón","mun_name_local":null,"prov_code":"37","prov_name":"Salamanca","acom_code":"07","acom_name":"Castilla y León","geo_point_2d":{"lon":-5.511310793527451,"lat":40.921687975725824}},"geometry":{"type":"Polygon","coordinates":[[[-5.55281,40.91572],[-5.55239,40.91072],[-5.54872,40.9116],[-5.53965,40.90601],[-5.53747,40.90745],[-5.53575,40.90506],[-5.53007,40.90594],[-5.52384,40.90239],[-5.52531,40.89965],[-5.51974,40.90446],[-5.51841,40.90354],[-5.50725,40.90873],[-5.50291,40.90652],[-5.50294,40.90744],[-5.49098,40.90686],[-5.4889,40.90535],[-5.48334,40.90749],[-5.47911,40.90674],[-5.4791,40.91002],[-5.47637,40.91436],[-5.47732,40.91767],[-5.48778,40.92841],[-5.48232,40.93426],[-5.4872,40.9387],[-5.49033,40.93754],[-5.49428,40.93985],[-5.49474,40.93764],[-5.49646,40.93733],[-5.4999,40.94153],[-5.49687,40.94433],[-5.49868,40.94435],[-5.50091,40.94693],[-5.50111,40.94487],[-5.50542,40.94441],[-5.50825,40.94435],[-5.50877,40.94598],[-5.51097,40.94627],[-5.51303,40.94454],[-5.51049,40.94048],[-5.51647,40.94181],[-5.51653,40.94024],[-5.51954,40.94237],[-5.52182,40.9395],[-5.52029,40.93654],[-5.52456,40.93793],[-5.52634,40.93448],[-5.52853,40.93549],[-5.53096,40.93392],[-5.52824,40.93117],[-5.53383,40.92863],[-5.53709,40.92967],[-5.53762,40.92732],[-5.54385,40.92743],[-5.54467,40.92603],[-5.53922,40.92336],[-5.53935,40.92072],[-5.5428,40.91756],[-5.54557,40.9176],[-5.55016,40.91515],[-5.55281,40.91572]]]}},{"type":"Feature","properties":{"mun_code":"37334","mun_name":"Valdelageve","mun_name_local":null,"prov_code":"37","prov_name":"Salamanca","acom_code":"07","acom_name":"Castilla y León","geo_point_2d":{"lon":-5.994479223815671,"lat":40.37738334350519}},"geometry":{"type":"Polygon","coordinates":[[[-6.01509,40.40774],[-6.01766,40.40905],[-6.02309,40.40841],[-6.02588,40.4031],[-6.02466,40.39757],[-6.02108,40.39382],[-6.02126,40.39042],[-6.01604,40.38799],[-6.01506,40.38379],[-6.00933,40.37985],[-6.01,40.37497],[-6.00823,40.37494],[-6.00575,40.3721],[-6.00531,40.36682],[-6.00788,40.36387],[-6.00571,40.36048],[-6.0067,40.35757],[-6.00112,40.35782],[-5.99197,40.35365],[-5.98547,40.35338],[-5.98081,40.35069],[-5.97316,40.35227],[-5.96692,40.35837],[-5.96285,40.36455],[-5.96264,40.36781],[-5.96956,40.37022],[-5.98091,40.38119],[-5.98164,40.38526],[-5.98563,40.38681],[-5.98667,40.38931],[-5.98903,40.39042],[-5.98947,40.39587],[-5.99455,40.39939],[-5.99505,40.40234],[-5.99901,40.40345],[-6.00151,40.39979],[-6.00777,40.39824],[-6.01451,40.40411],[-6.01509,40.40774]]]}},{"type":"Feature","properties":{"mun_code":"37351","mun_name":"Villaflores","mun_name_local":null,"prov_code":"37","prov_name":"Salamanca","acom_code":"07","acom_name":"Castilla y León","geo_point_2d":{"lon":-5.245503529769561,"lat":41.09637000477601}},"geometry":{"type":"Polygon","coordinates":[[[-5.29786,41.12588],[-5.29493,41.12687],[-5.28787,41.12146],[-5.28109,41.12019],[-5.28503,41.11376],[-5.28378,41.1129],[-5.2862,41.11165],[-5.284,41.10987],[-5.27938,41.09991],[-5.28133,41.09797],[-5.2785,41.09922],[-5.27708,41.09416],[-5.28007,41.09368],[-5.27291,41.09181],[-5.27151,41.0889],[-5.27502,41.0866],[-5.2681,41.08803],[-5.27693,41.08311],[-5.2724,41.08499],[-5.27029,41.08278],[-5.27425,41.08117],[-5.27062,41.07931],[-5.27243,41.07582],[-5.27033,41.07463],[-5.27169,41.07314],[-5.26734,41.06967],[-5.26376,41.07111],[-5.26291,41.06951],[-5.25862,41.06912],[-5.26041,41.0662],[-5.25722,41.06235],[-5.25369,41.06098],[-5.25469,41.05996],[-5.25355,41.05883],[-5.24827,41.05726],[-5.24485,41.05843],[-5.24296,41.05714],[-5.24351,41.05532],[-5.23969,41.05471],[-5.2363,41.05875],[-5.2333,41.05837],[-5.23075,41.06112],[-5.22448,41.0628],[-5.22186,41.06559],[-5.21553,41.06608],[-5.21011,41.07139],[-5.20451,41.07409],[-5.20537,41.08043],[-5.19976,41.08105],[-5.19562,41.08585],[-5.19727,41.08743],[-5.1996,41.08743],[-5.20015,41.09438],[-5.20398,41.09767],[-5.20677,41.09709],[-5.20889,41.09916],[-5.20877,41.10148],[-5.21212,41.10143],[-5.21167,41.10406],[-5.21421,41.10557],[-5.21461,41.10885],[-5.21826,41.10954],[-5.21755,41.11328],[-5.22024,41.11448],[-5.22108,41.11377],[-5.22376,41.11638],[-5.22267,41.11673],[-5.22688,41.11934],[-5.22764,41.11861],[-5.2314,41.12125],[-5.23461,41.12147],[-5.23416,41.12367],[-5.23777,41.12492],[-5.23729,41.12881],[-5.23931,41.12839],[-5.24062,41.13096],[-5.24755,41.13],[-5.25004,41.13367],[-5.25247,41.13246],[-5.25435,41.13434],[-5.2598,41.13085],[-5.26494,41.13012],[-5.26545,41.12884],[-5.27109,41.12904],[-5.2722,41.13069],[-5.27647,41.12905],[-5.28349,41.13138],[-5.28015,41.13276],[-5.29511,41.13395],[-5.29633,41.1294],[-5.29786,41.12588]]]}},{"type":"Feature","properties":{"mun_code":"37370","mun_name":"Villaseco de los Reyes","mun_name_local":null,"prov_code":"37","prov_name":"Salamanca","acom_code":"07","acom_name":"Castilla y León","geo_point_2d":{"lon":-6.145579029235374,"lat":41.142757531404044}},"geometry":{"type":"Polygon","coordinates":[[[-6.26739,41.14811],[-6.26346,41.13921],[-6.24606,41.1217],[-6.22301,41.11992],[-6.19342,41.11286],[-6.18833,41.1167],[-6.17346,41.12171],[-6.17418,41.13371],[-6.17183,41.13859],[-6.16232,41.13414],[-6.15088,41.131],[-6.14754,41.13135],[-6.14425,41.13007],[-6.13868,41.13096],[-6.13472,41.12927],[-6.13851,41.11851],[-6.14402,41.11624],[-6.14947,41.11787],[-6.15358,41.10846],[-6.15378,41.1018],[-6.14549,41.10284],[-6.14751,41.08821],[-6.1382,41.08917],[-6.13123,41.08708],[-6.1173,41.09191],[-6.11428,41.08678],[-6.1102,41.08675],[-6.10285,41.08143],[-6.10343,41.08023],[-6.1003,41.08054],[-6.09947,41.07957],[-6.09358,41.08203],[-6.07594,41.0824],[-6.06588,41.08888],[-6.05739,41.1023],[-6.05244,41.10687],[-6.05064,41.10602],[-6.05601,41.11254],[-6.05508,41.11594],[-6.05784,41.11836],[-6.0513,41.12435],[-6.05535,41.12673],[-6.05533,41.13034],[-6.05861,41.13559],[-6.05724,41.13939],[-6.06177,41.14397],[-6.06401,41.15079],[-6.06918,41.15449],[-6.06965,41.15743],[-6.07646,41.15882],[-6.07842,41.16098],[-6.08044,41.16812],[-6.07888,41.17416],[-6.08458,41.17742],[-6.09543,41.17978],[-6.10083,41.1758],[-6.10728,41.1772],[-6.11094,41.17586],[-6.11886,41.18068],[-6.1246,41.182],[-6.12995,41.18931],[-6.1345,41.19039],[-6.14356,41.19779],[-6.15176,41.20209],[-6.16344,41.20741],[-6.17591,41.20797],[-6.18934,41.21361],[-6.19206,41.21357],[-6.19223,41.19755],[-6.19448,41.18491],[-6.19821,41.17557],[-6.2005,41.1756],[-6.20508,41.16771],[-6.20421,41.16655],[-6.22653,41.16244],[-6.23479,41.15837],[-6.25158,41.15706],[-6.25844,41.1543],[-6.26626,41.14849],[-6.26739,41.14811]]]}},{"type":"Feature","properties":{"mun_code":"37219","mun_name":"Navarredonda de la Rinconada","mun_name_local":null,"prov_code":"37","prov_name":"Salamanca","acom_code":"07","acom_name":"Castilla y León","geo_point_2d":{"lon":-6.0053212541684715,"lat":40.600177048323495}},"geometry":{"type":"Polygon","coordinates":[[[-6.03887,40.59468],[-6.03337,40.59252],[-6.02805,40.58749],[-6.02104,40.58509],[-6.01576,40.58659],[-6.00954,40.58645],[-5.98909,40.58517],[-5.97641,40.58294],[-5.98565,40.59489],[-5.98463,40.604],[-5.98573,40.61023],[-5.98321,40.61603],[-5.98582,40.61871],[-5.99139,40.62036],[-5.99846,40.62199],[-5.99941,40.61843],[-6.00552,40.61572],[-6.01515,40.61407],[-6.02688,40.60568],[-6.03522,40.59747],[-6.03887,40.59468]]]}},{"type":"Feature","properties":{"mun_code":"37106","mun_name":"Cipérez","mun_name_local":null,"prov_code":"37","prov_name":"Salamanca","acom_code":"07","acom_name":"Castilla y León","geo_point_2d":{"lon":-6.2422797233071305,"lat":40.96526566999176}},"geometry":{"type":"Polygon","coordinates":[[[-6.33855,40.97451],[-6.3288,40.94747],[-6.32582,40.94382],[-6.31904,40.94806],[-6.31818,40.94616],[-6.30831,40.94589],[-6.30618,40.945],[-6.30678,40.94186],[-6.28951,40.93312],[-6.26622,40.9311],[-6.25928,40.92135],[-6.2445,40.92378],[-6.24291,40.92209],[-6.23224,40.9181],[-6.22026,40.91564],[-6.21651,40.91584],[-6.21123,40.91861],[-6.20265,40.92727],[-6.19801,40.929],[-6.18771,40.93659],[-6.18442,40.9357],[-6.17707,40.93792],[-6.17173,40.9434],[-6.1653,40.94657],[-6.15221,40.96635],[-6.15222,40.96744],[-6.15946,40.96973],[-6.16274,40.97365],[-6.17463,40.9767],[-6.17812,40.98113],[-6.18978,40.98152],[-6.18872,40.98327],[-6.19,40.99099],[-6.19277,40.99678],[-6.19166,41.0018],[-6.19519,41.00916],[-6.19461,41.01308],[-6.19014,41.02023],[-6.19268,41.02467],[-6.20487,41.0171],[-6.23602,41.00346],[-6.23715,41.00601],[-6.24313,41.00456],[-6.26289,41.01384],[-6.26398,41.01721],[-6.26861,41.01364],[-6.28182,40.98688],[-6.29435,40.98516],[-6.30491,40.98684],[-6.31696,40.98089],[-6.33422,40.97894],[-6.33918,40.97669],[-6.33855,40.97451]]]}},{"type":"Feature","properties":{"mun_code":"37300","mun_name":"Los Santos","mun_name_local":null,"prov_code":"37","prov_name":"Salamanca","acom_code":"07","acom_name":"Castilla y León","geo_point_2d":{"lon":-5.808095558257186,"lat":40.53568085603265}},"geometry":{"type":"Polygon","coordinates":[[[-5.85604,40.5377],[-5.84257,40.51854],[-5.84329,40.50378],[-5.84205,40.4993],[-5.82523,40.49964],[-5.81967,40.50186],[-5.80621,40.50116],[-5.79961,40.50319],[-5.77762,40.51475],[-5.77253,40.51989],[-5.767,40.53088],[-5.77077,40.53834],[-5.76852,40.54424],[-5.76914,40.5497],[-5.76778,40.55355],[-5.76877,40.57235],[-5.77404,40.57135],[-5.7798,40.572],[-5.78258,40.56957],[-5.79715,40.56825],[-5.80728,40.56875],[-5.82443,40.5665],[-5.83224,40.55726],[-5.82811,40.55513],[-5.83175,40.5519],[-5.8394,40.54963],[-5.84404,40.55069],[-5.85328,40.54632],[-5.85565,40.53792],[-5.85604,40.5377]]]}},{"type":"Feature","properties":{"mun_code":"37056","mun_name":"La Bouza","mun_name_local":null,"prov_code":"37","prov_name":"Salamanca","acom_code":"07","acom_name":"Castilla y León","geo_point_2d":{"lon":-6.804966506349897,"lat":40.82201173716244}},"geometry":{"type":"Polygon","coordinates":[[[-6.81964,40.79443],[-6.80112,40.78979],[-6.80237,40.79515],[-6.80084,40.80134],[-6.79615,40.80604],[-6.79219,40.81706],[-6.77612,40.82834],[-6.77732,40.83138],[-6.78554,40.83506],[-6.783,40.83819],[-6.78352,40.84038],[-6.78814,40.84077],[-6.79022,40.83952],[-6.793,40.84164],[-6.79415,40.84007],[-6.79957,40.84233],[-6.80403,40.84153],[-6.80197,40.84506],[-6.8032,40.84621],[-6.80754,40.84584],[-6.80913,40.84383],[-6.81183,40.84382],[-6.81229,40.84206],[-6.8146,40.84207],[-6.81646,40.84393],[-6.81919,40.84209],[-6.82496,40.84501],[-6.82693,40.84018],[-6.82387,40.83997],[-6.821,40.83467],[-6.82155,40.83324],[-6.82342,40.83435],[-6.82327,40.82766],[-6.82502,40.82622],[-6.82301,40.82399],[-6.82378,40.81836],[-6.81734,40.80748],[-6.81824,40.8019],[-6.81686,40.79717],[-6.81957,40.79457],[-6.81964,40.79443]]]}},{"type":"Feature","properties":{"mun_code":"37002","mun_name":"Agallas","mun_name_local":null,"prov_code":"37","prov_name":"Salamanca","acom_code":"07","acom_name":"Castilla y León","geo_point_2d":{"lon":-6.421706144977868,"lat":40.422898508278976}},"geometry":{"type":"MultiPolygon","coordinates":[[[[-6.46379,40.38955],[-6.45487,40.39352],[-6.4554,40.39744],[-6.45819,40.40056],[-6.46258,40.40051],[-6.4626,40.39763],[-6.46536,40.39578],[-6.46733,40.39845],[-6.47399,40.40142],[-6.48391,40.39607],[-6.48136,40.39299],[-6.47164,40.39207],[-6.46495,40.38954],[-6.46379,40.38955]]],[[[-6.38802,40.46119],[-6.38669,40.45596],[-6.38853,40.45301],[-6.3932,40.44979],[-6.40476,40.44701],[-6.41029,40.45265],[-6.414,40.45381],[-6.42329,40.46199],[-6.42605,40.4705],[-6.42919,40.47347],[-6.43688,40.46754],[-6.44795,40.46385],[-6.45182,40.45864],[-6.45525,40.45674],[-6.45169,40.44543],[-6.45438,40.4334],[-6.44774,40.42076],[-6.44585,40.41295],[-6.44879,40.40703],[-6.44631,40.40522],[-6.4491,40.39679],[-6.44797,40.39405],[-6.44927,40.38786],[-6.44765,40.38385],[-6.44966,40.38046],[-6.44825,40.37847],[-6.45024,40.37087],[-6.43771,40.37329],[-6.44113,40.378],[-6.43965,40.38158],[-6.42436,40.39151],[-6.41883,40.39929],[-6.40375,40.4021],[-6.39181,40.39896],[-6.38319,40.4007],[-6.37597,40.40019],[-6.36187,40.40709],[-6.363,40.41167],[-6.36145,40.41537],[-6.36581,40.41732],[-6.36555,40.42237],[-6.37631,40.41908],[-6.38551,40.4198],[-6.38736,40.42098],[-6.39392,40.44307],[-6.39197,40.44933],[-6.38643,40.45556],[-6.38767,40.46072],[-6.38802,40.46119]]]]}},{"type":"Feature","properties":{"mun_code":"37162","mun_name":"Horcajo Medianero","mun_name_local":null,"prov_code":"37","prov_name":"Salamanca","acom_code":"07","acom_name":"Castilla y León","geo_point_2d":{"lon":-5.443761342032867,"lat":40.64938909646871}},"geometry":{"type":"Polygon","coordinates":[[[-5.50259,40.63969],[-5.48709,40.63732],[-5.46359,40.63116],[-5.43579,40.61867],[-5.42996,40.61916],[-5.42902,40.6168],[-5.41435,40.60977],[-5.41211,40.61041],[-5.40862,40.60893],[-5.40738,40.60992],[-5.40437,40.60846],[-5.39825,40.61212],[-5.39353,40.61829],[-5.38661,40.61975],[-5.38446,40.62202],[-5.38295,40.62076],[-5.37918,40.6272],[-5.38375,40.63612],[-5.38918,40.63795],[-5.39653,40.6477],[-5.39777,40.65204],[-5.39657,40.65347],[-5.39943,40.6541],[-5.39959,40.65877],[-5.3976,40.66047],[-5.39984,40.66746],[-5.41042,40.66401],[-5.41673,40.66692],[-5.42253,40.67204],[-5.43828,40.66312],[-5.44324,40.66827],[-5.44976,40.68195],[-5.45723,40.6889],[-5.4626,40.69037],[-5.47159,40.68842],[-5.4878,40.69056],[-5.49292,40.68895],[-5.49829,40.68501],[-5.49405,40.6744],[-5.48923,40.6695],[-5.4942,40.65833],[-5.50169,40.65222],[-5.50335,40.64879],[-5.50143,40.64592],[-5.50278,40.64364],[-5.50205,40.6404],[-5.50259,40.63969]]]}},{"type":"Feature","properties":{"mun_code":"37125","mun_name":"Escurial de la Sierra","mun_name_local":null,"prov_code":"37","prov_name":"Salamanca","acom_code":"07","acom_name":"Castilla y León","geo_point_2d":{"lon":-5.9571966638836065,"lat":40.612840037089974}},"geometry":{"type":"Polygon","coordinates":[[[-5.98321,40.61603],[-5.98573,40.61023],[-5.98463,40.604],[-5.98565,40.59489],[-5.97641,40.58294],[-5.9735,40.58318],[-5.97074,40.58149],[-5.96957,40.58462],[-5.96371,40.58641],[-5.95476,40.59357],[-5.95186,40.59967],[-5.94102,40.59934],[-5.93249,40.60169],[-5.92922,40.60505],[-5.93065,40.60575],[-5.92853,40.60712],[-5.92358,40.62001],[-5.93631,40.63014],[-5.93703,40.63494],[-5.93949,40.63741],[-5.9506,40.63973],[-5.94981,40.64458],[-5.95661,40.64395],[-5.95636,40.64133],[-5.96101,40.63418],[-5.97408,40.62678],[-5.98078,40.61853],[-5.98321,40.61603]]]}},{"type":"Feature","properties":{"mun_code":"37323","mun_name":"Topas","mun_name_local":null,"prov_code":"37","prov_name":"Salamanca","acom_code":"07","acom_name":"Castilla y León","geo_point_2d":{"lon":-5.661258310709574,"lat":41.18307272533165}},"geometry":{"type":"Polygon","coordinates":[[[-5.7349,41.22764],[-5.73458,41.22424],[-5.73236,41.22418],[-5.73349,41.21825],[-5.72626,41.19788],[-5.71741,41.18812],[-5.72457,41.18006],[-5.71858,41.17045],[-5.70893,41.16114],[-5.69908,41.14861],[-5.69719,41.14273],[-5.69075,41.13498],[-5.68553,41.13007],[-5.68105,41.13062],[-5.67867,41.12898],[-5.68158,41.12477],[-5.67992,41.12084],[-5.68155,41.12002],[-5.68083,41.11748],[-5.67877,41.11627],[-5.67962,41.1151],[-5.67733,41.11413],[-5.67423,41.1091],[-5.6645,41.11188],[-5.66049,41.10825],[-5.65737,41.10984],[-5.65596,41.10765],[-5.65076,41.11017],[-5.64667,41.11021],[-5.64415,41.11313],[-5.64523,41.11592],[-5.64729,41.11525],[-5.64534,41.11668],[-5.65037,41.12224],[-5.65246,41.13661],[-5.63323,41.1402],[-5.62302,41.14038],[-5.62283,41.14499],[-5.61916,41.14586],[-5.61701,41.14409],[-5.61729,41.14635],[-5.61112,41.14232],[-5.60661,41.14405],[-5.60548,41.15283],[-5.59946,41.15759],[-5.59186,41.15843],[-5.58643,41.16309],[-5.58925,41.17433],[-5.59452,41.18324],[-5.5942,41.18949],[-5.58793,41.20244],[-5.60462,41.20802],[-5.6106,41.21384],[-5.61965,41.2156],[-5.62832,41.21446],[-5.63445,41.23187],[-5.63828,41.23249],[-5.65696,41.24555],[-5.66279,41.24581],[-5.66766,41.24432],[-5.67894,41.23187],[-5.70122,41.23438],[-5.73246,41.22722],[-5.7349,41.22764]]]}},{"type":"Feature","properties":{"mun_code":"37184","mun_name":"Masueco","mun_name_local":null,"prov_code":"37","prov_name":"Salamanca","acom_code":"07","acom_name":"Castilla y León","geo_point_2d":{"lon":-6.588355030247624,"lat":41.19793321193106}},"geometry":{"type":"Polygon","coordinates":[[[-6.61794,41.181],[-6.58463,41.1659],[-6.57912,41.17613],[-6.57711,41.17624],[-6.57079,41.18223],[-6.56939,41.1874],[-6.56597,41.18765],[-6.56373,41.18954],[-6.56573,41.19555],[-6.5647,41.20073],[-6.5681,41.20255],[-6.56721,41.20655],[-6.57135,41.20983],[-6.56973,41.21343],[-6.57213,41.21612],[-6.57015,41.21812],[-6.57385,41.21964],[-6.57549,41.22919],[-6.57379,41.23053],[-6.57479,41.23299],[-6.57127,41.23907],[-6.58167,41.23917],[-6.58823,41.22478],[-6.60874,41.20047],[-6.60878,41.19878],[-6.6139,41.19616],[-6.61665,41.19208],[-6.61592,41.1876],[-6.61718,41.18508],[-6.61794,41.181]]]}},{"type":"Feature","properties":{"mun_code":"37276","mun_name":"Salmoral","mun_name_local":null,"prov_code":"37","prov_name":"Salamanca","acom_code":"07","acom_name":"Castilla y León","geo_point_2d":{"lon":-5.213998168032926,"lat":40.80392827645132}},"geometry":{"type":"Polygon","coordinates":[[[-5.24383,40.83485],[-5.24522,40.83127],[-5.24054,40.81568],[-5.23625,40.78968],[-5.23114,40.78326],[-5.22644,40.7809],[-5.21899,40.77297],[-5.20854,40.77911],[-5.18992,40.78558],[-5.18441,40.78869],[-5.17955,40.79309],[-5.17828,40.79639],[-5.18056,40.79747],[-5.17757,40.80339],[-5.17869,40.80905],[-5.18071,40.81064],[-5.1821,40.80988],[-5.18454,40.81284],[-5.18763,40.81094],[-5.19175,40.81471],[-5.19806,40.81553],[-5.20465,40.82127],[-5.21116,40.82182],[-5.21558,40.82746],[-5.21768,40.82681],[-5.2212,40.82987],[-5.2332,40.83272],[-5.23721,40.83549],[-5.24295,40.83505],[-5.24383,40.83485]]]}},{"type":"Feature","properties":{"mun_code":"37259","mun_name":"Puebla de San Medel","mun_name_local":null,"prov_code":"37","prov_name":"Salamanca","acom_code":"07","acom_name":"Castilla y León","geo_point_2d":{"lon":-5.745343974786151,"lat":40.50168980554645}},"geometry":{"type":"Polygon","coordinates":[[[-5.76807,40.49772],[-5.77049,40.49175],[-5.76966,40.48444],[-5.75226,40.47812],[-5.74985,40.48343],[-5.74571,40.48775],[-5.7416,40.49752],[-5.72714,40.50445],[-5.72406,40.50784],[-5.72394,40.51444],[-5.71979,40.5204],[-5.71872,40.52588],[-5.72885,40.52574],[-5.73721,40.51967],[-5.7534,40.50419],[-5.76115,40.49936],[-5.76726,40.49815],[-5.76807,40.49772]]]}},{"type":"Feature","properties":{"mun_code":"37226","mun_name":"Palacios del Arzobispo","mun_name_local":null,"prov_code":"37","prov_name":"Salamanca","acom_code":"07","acom_name":"Castilla y León","geo_point_2d":{"lon":-5.883160181087577,"lat":41.17050545198035}},"geometry":{"type":"Polygon","coordinates":[[[-5.93668,41.15673],[-5.93273,41.15597],[-5.92878,41.15306],[-5.92124,41.15309],[-5.91675,41.15164],[-5.91386,41.148],[-5.9097,41.14719],[-5.90602,41.15953],[-5.90046,41.15841],[-5.89751,41.15918],[-5.89352,41.15656],[-5.88897,41.15674],[-5.88885,41.1538],[-5.88635,41.15292],[-5.88402,41.14858],[-5.88601,41.14714],[-5.88277,41.14599],[-5.88204,41.14418],[-5.87409,41.14499],[-5.86785,41.14907],[-5.86389,41.14618],[-5.85936,41.14611],[-5.85352,41.14985],[-5.85225,41.16357],[-5.84451,41.17902],[-5.84806,41.18176],[-5.84636,41.18837],[-5.84853,41.19252],[-5.85848,41.1981],[-5.8691,41.19955],[-5.88222,41.1935],[-5.88707,41.18929],[-5.90348,41.18272],[-5.90796,41.17913],[-5.91313,41.17834],[-5.91559,41.17433],[-5.92209,41.17583],[-5.92504,41.17455],[-5.92678,41.17106],[-5.93257,41.16607],[-5.93061,41.15956],[-5.93164,41.15769],[-5.93669,41.15872],[-5.93713,41.15755],[-5.93668,41.15673]]]}},{"type":"Feature","properties":{"mun_code":"37149","mun_name":"Garcirrey","mun_name_local":null,"prov_code":"37","prov_name":"Salamanca","acom_code":"07","acom_name":"Castilla y León","geo_point_2d":{"lon":-6.139675772393231,"lat":40.89036893571369}},"geometry":{"type":"Polygon","coordinates":[[[-6.23496,40.90223],[-6.23136,40.9006],[-6.22654,40.90212],[-6.22452,40.89973],[-6.21333,40.902],[-6.20223,40.89449],[-6.20392,40.89134],[-6.19774,40.8866],[-6.19733,40.88293],[-6.19404,40.88145],[-6.18307,40.87975],[-6.18198,40.88604],[-6.1747,40.89239],[-6.1646,40.89114],[-6.16194,40.88758],[-6.15138,40.88492],[-6.15014,40.8813],[-6.1599,40.86773],[-6.1614,40.8628],[-6.15595,40.85726],[-6.14415,40.85448],[-6.14199,40.8521],[-6.15037,40.84768],[-6.16131,40.8476],[-6.16374,40.84491],[-6.17091,40.84229],[-6.17388,40.8392],[-6.17193,40.83599],[-6.1755,40.8312],[-6.17542,40.82856],[-6.17121,40.82839],[-6.16202,40.83094],[-6.16039,40.82461],[-6.15791,40.82512],[-6.1576,40.82201],[-6.14188,40.82243],[-6.13811,40.82436],[-6.13101,40.82016],[-6.1279,40.8208],[-6.12534,40.82649],[-6.12677,40.83049],[-6.13654,40.83878],[-6.1351,40.84052],[-6.14312,40.84389],[-6.13712,40.84715],[-6.13276,40.84663],[-6.13239,40.84436],[-6.12836,40.85284],[-6.12641,40.85413],[-6.12173,40.85311],[-6.11713,40.85844],[-6.10897,40.86323],[-6.10873,40.86476],[-6.09418,40.85788],[-6.09239,40.86079],[-6.08011,40.86158],[-6.07849,40.86261],[-6.07928,40.86714],[-6.07665,40.87578],[-6.07256,40.87994],[-6.06288,40.88458],[-6.05546,40.88646],[-6.06551,40.88923],[-6.07492,40.88885],[-6.07718,40.89501],[-6.07646,40.90169],[-6.07455,40.90568],[-6.06893,40.90702],[-6.07558,40.90926],[-6.0811,40.91347],[-6.08161,40.91916],[-6.07824,40.92479],[-6.08047,40.92927],[-6.08358,40.92963],[-6.08292,40.93323],[-6.09085,40.9397],[-6.09306,40.93453],[-6.10098,40.93174],[-6.10338,40.92552],[-6.11366,40.92565],[-6.11498,40.92218],[-6.11632,40.92224],[-6.11875,40.91889],[-6.13513,40.91659],[-6.14399,40.91313],[-6.15015,40.91462],[-6.15723,40.92329],[-6.16394,40.92239],[-6.16338,40.92555],[-6.15684,40.93255],[-6.16015,40.93577],[-6.1699,40.93624],[-6.17646,40.93826],[-6.18442,40.9357],[-6.18771,40.93659],[-6.19801,40.929],[-6.20265,40.92727],[-6.21123,40.91861],[-6.21651,40.91584],[-6.2259,40.91683],[-6.23155,40.90409],[-6.23436,40.90267],[-6.23496,40.90223]]]}},{"type":"Feature","properties":{"mun_code":"37354","mun_name":"Villamayor","mun_name_local":null,"prov_code":"37","prov_name":"Salamanca","acom_code":"07","acom_name":"Castilla y León","geo_point_2d":{"lon":-5.7077858309540455,"lat":41.00545268247503}},"geometry":{"type":"Polygon","coordinates":[[[-5.73154,41.01907],[-5.73226,41.01161],[-5.72816,41.0038],[-5.73306,40.99319],[-5.72251,40.99165],[-5.71819,40.98862],[-5.71635,40.98071],[-5.71846,40.97396],[-5.71783,40.96962],[-5.71443,40.97039],[-5.7112,40.97443],[-5.71178,40.97814],[-5.70847,40.97947],[-5.6996,40.97692],[-5.69928,40.97801],[-5.69445,40.97909],[-5.6938,40.98246],[-5.68258,40.98294],[-5.68231,40.98504],[-5.67868,40.98772],[-5.68195,40.99233],[-5.68279,41.0025],[-5.68366,41.00384],[-5.68527,41.00341],[-5.68559,41.0055],[-5.67982,41.008],[-5.6806,41.00952],[-5.68269,41.01099],[-5.68685,41.01061],[-5.6878,41.01517],[-5.69112,41.01336],[-5.69457,41.01342],[-5.70152,41.02337],[-5.69874,41.02755],[-5.70013,41.0281],[-5.69948,41.02919],[-5.70182,41.03192],[-5.70498,41.03172],[-5.7046,41.03483],[-5.70794,41.03536],[-5.71154,41.04099],[-5.71596,41.03929],[-5.71894,41.04414],[-5.72802,41.03846],[-5.72627,41.03351],[-5.72111,41.03303],[-5.72057,41.03073],[-5.72456,41.02379],[-5.71909,41.0196],[-5.72191,41.01803],[-5.72974,41.01911],[-5.73154,41.01907]]]}},{"type":"Feature","properties":{"mun_code":"37234","mun_name":"El Payo","mun_name_local":null,"prov_code":"37","prov_name":"Salamanca","acom_code":"07","acom_name":"Castilla y León","geo_point_2d":{"lon":-6.7349573439149015,"lat":40.2940566033922}},"geometry":{"type":"Polygon","coordinates":[[[-6.78155,40.24909],[-6.7781,40.24552],[-6.7556,40.23892],[-6.75555,40.24626],[-6.75144,40.25022],[-6.74143,40.25618],[-6.73522,40.25719],[-6.72674,40.26499],[-6.71822,40.26924],[-6.71033,40.26576],[-6.70986,40.26049],[-6.70322,40.2511],[-6.69234,40.24321],[-6.69014,40.24266],[-6.68846,40.2466],[-6.67776,40.25096],[-6.67772,40.258],[-6.6821,40.26363],[-6.69659,40.26711],[-6.70263,40.26964],[-6.70395,40.27172],[-6.70446,40.29007],[-6.70238,40.29446],[-6.69922,40.29569],[-6.69544,40.30276],[-6.70226,40.31057],[-6.707,40.32104],[-6.70861,40.33307],[-6.70614,40.33669],[-6.70466,40.34623],[-6.71177,40.35526],[-6.72524,40.35571],[-6.7295,40.35386],[-6.73755,40.34454],[-6.73882,40.34114],[-6.73767,40.33655],[-6.75934,40.33839],[-6.76178,40.32587],[-6.75846,40.32038],[-6.76088,40.31546],[-6.76935,40.30926],[-6.77398,40.29458],[-6.77788,40.27517],[-6.77653,40.26448],[-6.77911,40.25022],[-6.78155,40.24909]]]}},{"type":"Feature","properties":{"mun_code":"37255","mun_name":"Pizarral","mun_name_local":null,"prov_code":"37","prov_name":"Salamanca","acom_code":"07","acom_name":"Castilla y León","geo_point_2d":{"lon":-5.647053263561726,"lat":40.61438858712974}},"geometry":{"type":"MultiPolygon","coordinates":[[[[-5.66694,40.63021],[-5.67216,40.62504],[-5.67106,40.62322],[-5.67387,40.62052],[-5.67432,40.61709],[-5.673,40.61644],[-5.67446,40.61071],[-5.67662,40.61026],[-5.67658,40.60919],[-5.66506,40.60063],[-5.65028,40.59792],[-5.64403,40.59159],[-5.63799,40.58946],[-5.63523,40.59033],[-5.632,40.5953],[-5.6199,40.60414],[-5.61509,40.61511],[-5.62098,40.61802],[-5.62552,40.6224],[-5.62707,40.62131],[-5.6327,40.622],[-5.63501,40.62668],[-5.64905,40.637],[-5.65095,40.63513],[-5.65293,40.6356],[-5.65494,40.63398],[-5.66609,40.63105],[-5.66694,40.63021]]],[[[-5.65874,40.65846],[-5.6602,40.6551],[-5.65826,40.65274],[-5.65483,40.65123],[-5.64971,40.6527],[-5.65234,40.65605],[-5.65797,40.65861],[-5.65874,40.65846]]]]}},{"type":"Feature","properties":{"mun_code":"37145","mun_name":"Gallegos de Argañán","mun_name_local":null,"prov_code":"37","prov_name":"Salamanca","acom_code":"07","acom_name":"Castilla y León","geo_point_2d":{"lon":-6.6968452817535455,"lat":40.623629242103085}},"geometry":{"type":"Polygon","coordinates":[[[-6.75138,40.60589],[-6.74655,40.60295],[-6.74594,40.60091],[-6.74865,40.5942],[-6.74405,40.58915],[-6.71873,40.59478],[-6.71209,40.59455],[-6.70475,40.59784],[-6.69481,40.59982],[-6.68508,40.60043],[-6.6783,40.6024],[-6.67213,40.60202],[-6.67137,40.60559],[-6.6731,40.6098],[-6.66282,40.60803],[-6.65967,40.60969],[-6.64739,40.60613],[-6.64534,40.61191],[-6.64281,40.61393],[-6.63904,40.61214],[-6.63438,40.61665],[-6.63363,40.62041],[-6.63602,40.62459],[-6.65334,40.62536],[-6.65314,40.62772],[-6.64436,40.63818],[-6.64402,40.6427],[-6.64664,40.64418],[-6.65443,40.64406],[-6.65815,40.64577],[-6.66876,40.65871],[-6.67328,40.65608],[-6.67597,40.65626],[-6.67671,40.65248],[-6.67952,40.65165],[-6.68465,40.651],[-6.68946,40.65339],[-6.70066,40.65258],[-6.70179,40.65353],[-6.71189,40.65162],[-6.72021,40.64757],[-6.73037,40.64563],[-6.73424,40.63905],[-6.73759,40.63795],[-6.74303,40.63204],[-6.74143,40.62803],[-6.74397,40.62145],[-6.74463,40.61365],[-6.75084,40.61257],[-6.75146,40.60682],[-6.75138,40.60589]]]}},{"type":"Feature","properties":{"mun_code":"37189","mun_name":"Membribe de la Sierra","mun_name_local":null,"prov_code":"37","prov_name":"Salamanca","acom_code":"07","acom_name":"Castilla y León","geo_point_2d":{"lon":-5.7974650575614275,"lat":40.70332824097917}},"geometry":{"type":"Polygon","coordinates":[[[-5.86384,40.66414],[-5.853,40.66375],[-5.84552,40.65559],[-5.82466,40.65871],[-5.82167,40.65767],[-5.81989,40.66155],[-5.80934,40.66525],[-5.79225,40.6778],[-5.77119,40.68441],[-5.77096,40.68779],[-5.76703,40.69112],[-5.76413,40.70141],[-5.76669,40.72067],[-5.76247,40.72295],[-5.75835,40.72992],[-5.75629,40.72968],[-5.75502,40.73155],[-5.74591,40.73369],[-5.73489,40.73227],[-5.73785,40.74511],[-5.74144,40.74809],[-5.73932,40.75211],[-5.74981,40.75602],[-5.75465,40.75359],[-5.75787,40.75511],[-5.76029,40.75126],[-5.76847,40.7503],[-5.77074,40.74605],[-5.7724,40.74621],[-5.77716,40.74178],[-5.78398,40.74318],[-5.78821,40.74061],[-5.7929,40.7403],[-5.79432,40.739],[-5.79777,40.74007],[-5.80045,40.73856],[-5.80364,40.73564],[-5.8043,40.73201],[-5.80573,40.73234],[-5.80824,40.7303],[-5.80958,40.72692],[-5.81583,40.72484],[-5.81662,40.72131],[-5.81248,40.72061],[-5.79935,40.71463],[-5.80304,40.71055],[-5.80752,40.71068],[-5.81125,40.70901],[-5.8167,40.71018],[-5.81684,40.70742],[-5.82212,40.70523],[-5.82304,40.701],[-5.82709,40.70158],[-5.82629,40.69224],[-5.82288,40.69096],[-5.82157,40.68639],[-5.82241,40.68374],[-5.82512,40.68225],[-5.82723,40.67575],[-5.83103,40.67818],[-5.83664,40.67906],[-5.83961,40.6835],[-5.84396,40.68614],[-5.85827,40.68661],[-5.86344,40.68875],[-5.8631,40.68406],[-5.85848,40.67748],[-5.86051,40.67216],[-5.86521,40.66905],[-5.86448,40.6663],[-5.86384,40.66414]]]}},{"type":"Feature","properties":{"mun_code":"37301","mun_name":"Sardón de los Frailes","mun_name_local":null,"prov_code":"37","prov_name":"Salamanca","acom_code":"07","acom_name":"Castilla y León","geo_point_2d":{"lon":-6.270578924398984,"lat":41.220296244163116}},"geometry":{"type":"Polygon","coordinates":[[[-6.31319,41.20696],[-6.30574,41.20188],[-6.2941,41.19927],[-6.28565,41.19316],[-6.27008,41.18837],[-6.26078,41.18859],[-6.25886,41.19496],[-6.25657,41.1935],[-6.25106,41.19652],[-6.24603,41.19626],[-6.24159,41.1939],[-6.24231,41.19775],[-6.24058,41.19965],[-6.24258,41.20477],[-6.23521,41.21723],[-6.23559,41.22181],[-6.23266,41.22546],[-6.23284,41.22728],[-6.23657,41.23024],[-6.23445,41.2384],[-6.25111,41.24174],[-6.26817,41.25561],[-6.27262,41.25698],[-6.28227,41.25394],[-6.28857,41.25471],[-6.28782,41.24594],[-6.29313,41.2363],[-6.29256,41.23017],[-6.29836,41.22411],[-6.31113,41.21753],[-6.31359,41.21261],[-6.31366,41.2075],[-6.31319,41.20696]]]}},{"type":"Feature","properties":{"mun_code":"37137","mun_name":"Fuenteliante","mun_name_local":null,"prov_code":"37","prov_name":"Salamanca","acom_code":"07","acom_name":"Castilla y León","geo_point_2d":{"lon":-6.569809243355558,"lat":40.84158460816251}},"geometry":{"type":"Polygon","coordinates":[[[-6.59727,40.86685],[-6.59343,40.8576],[-6.58792,40.85233],[-6.58957,40.84438],[-6.58739,40.84012],[-6.58415,40.83621],[-6.57964,40.83406],[-6.5854,40.82864],[-6.59264,40.82365],[-6.59507,40.82384],[-6.59742,40.82115],[-6.59967,40.8211],[-6.60239,40.817],[-6.60788,40.81396],[-6.61279,40.80838],[-6.61093,40.80411],[-6.6136,40.80158],[-6.59803,40.79126],[-6.58724,40.78798],[-6.5801,40.79006],[-6.57102,40.78914],[-6.5679,40.7904],[-6.56529,40.79803],[-6.56301,40.80011],[-6.55179,40.79654],[-6.54852,40.79708],[-6.54677,40.80099],[-6.54938,40.80477],[-6.54666,40.80685],[-6.54483,40.81267],[-6.555,40.81831],[-6.55705,40.8225],[-6.54929,40.82047],[-6.54475,40.82399],[-6.54737,40.83048],[-6.54059,40.84493],[-6.53103,40.8514],[-6.52575,40.8583],[-6.51814,40.86086],[-6.53362,40.87167],[-6.54364,40.87578],[-6.5452,40.87705],[-6.54464,40.88039],[-6.55063,40.8824],[-6.5612,40.88878],[-6.56328,40.892],[-6.57062,40.89718],[-6.57469,40.89741],[-6.5757,40.89281],[-6.58154,40.88996],[-6.59531,40.89002],[-6.59806,40.87189],[-6.59727,40.86685]]]}},{"type":"Feature","properties":{"mun_code":"37313","mun_name":"Sotoserrano","mun_name_local":null,"prov_code":"37","prov_name":"Salamanca","acom_code":"07","acom_name":"Castilla y León","geo_point_2d":{"lon":-6.040783674327882,"lat":40.388699649427146}},"geometry":{"type":"Polygon","coordinates":[[[-6.10586,40.35682],[-6.06626,40.34758],[-6.05356,40.34213],[-6.04924,40.34301],[-6.04565,40.34146],[-6.03802,40.34208],[-6.02768,40.33953],[-6.01614,40.33998],[-6.0091,40.34786],[-6.00575,40.35975],[-6.0079,40.36351],[-6.00531,40.36682],[-6.00575,40.3721],[-6.00823,40.37494],[-6.01,40.37497],[-6.00933,40.37985],[-6.01506,40.38379],[-6.01604,40.38799],[-6.02126,40.39042],[-6.02108,40.39382],[-6.02466,40.39757],[-6.02588,40.4031],[-6.02309,40.40841],[-6.01766,40.40905],[-6.01509,40.40774],[-5.99496,40.41636],[-6.00622,40.43211],[-6.00691,40.43674],[-6.01566,40.43924],[-6.01488,40.44175],[-6.01948,40.44496],[-6.02846,40.44754],[-6.03105,40.45046],[-6.04022,40.45562],[-6.04733,40.45418],[-6.06922,40.45892],[-6.05812,40.45194],[-6.04823,40.44952],[-6.04721,40.44469],[-6.04864,40.43482],[-6.04357,40.42867],[-6.04305,40.4107],[-6.04829,40.41181],[-6.05187,40.41677],[-6.05401,40.41406],[-6.05438,40.40646],[-6.07103,40.4058],[-6.07449,40.40447],[-6.07351,40.4002],[-6.06704,40.39866],[-6.06449,40.3954],[-6.06617,40.39389],[-6.06969,40.3954],[-6.07373,40.39508],[-6.07645,40.38969],[-6.08203,40.39188],[-6.08469,40.38999],[-6.08184,40.38743],[-6.0711,40.38661],[-6.07635,40.38035],[-6.08396,40.37953],[-6.08673,40.3768],[-6.08568,40.37424],[-6.08087,40.37268],[-6.08127,40.36384],[-6.08552,40.36011],[-6.09242,40.36166],[-6.09853,40.35575],[-6.10333,40.3581],[-6.10552,40.35772],[-6.10586,40.35682]]]}},{"type":"Feature","properties":{"mun_code":"37104","mun_name":"Cilleros de la Bastida","mun_name_local":null,"prov_code":"37","prov_name":"Salamanca","acom_code":"07","acom_name":"Castilla y León","geo_point_2d":{"lon":-6.034923604832355,"lat":40.558184726529305}},"geometry":{"type":"Polygon","coordinates":[[[-6.09702,40.58872],[-6.09069,40.58132],[-6.083,40.57823],[-6.06251,40.56491],[-6.05174,40.56071],[-6.04362,40.55298],[-6.03994,40.55452],[-6.03243,40.55102],[-6.02743,40.5473],[-6.02541,40.54248],[-6.01718,40.53804],[-6.01383,40.5383],[-6.01118,40.53691],[-6.01055,40.53386],[-5.99425,40.52394],[-5.98597,40.52086],[-5.98086,40.52911],[-5.98652,40.53055],[-5.99287,40.53557],[-5.9922,40.54181],[-5.99514,40.54577],[-6.0012,40.54852],[-6.00291,40.55154],[-6.02572,40.56141],[-6.04295,40.57706],[-6.05482,40.57997],[-6.06,40.58269],[-6.07051,40.58289],[-6.07954,40.58492],[-6.08914,40.58955],[-6.09545,40.58946],[-6.09702,40.58872]]]}},{"type":"Feature","properties":{"mun_code":"37185","mun_name":"Castellanos de Villiquera","mun_name_local":null,"prov_code":"37","prov_name":"Salamanca","acom_code":"07","acom_name":"Castilla y León","geo_point_2d":{"lon":-5.666836921615618,"lat":41.056583366657684}},"geometry":{"type":"Polygon","coordinates":[[[-5.71964,41.04372],[-5.71596,41.03929],[-5.71154,41.04099],[-5.70794,41.03536],[-5.7046,41.03483],[-5.70498,41.03172],[-5.70182,41.03192],[-5.69948,41.02919],[-5.69939,41.02638],[-5.69495,41.02482],[-5.69184,41.02141],[-5.68676,41.02097],[-5.68544,41.02324],[-5.68158,41.02354],[-5.68184,41.02678],[-5.67784,41.02991],[-5.66783,41.0324],[-5.66349,41.03071],[-5.66004,41.03519],[-5.66304,41.03814],[-5.66571,41.03645],[-5.67025,41.03909],[-5.67441,41.04399],[-5.67207,41.04478],[-5.67513,41.04778],[-5.6721,41.04856],[-5.66704,41.04665],[-5.66798,41.05264],[-5.67343,41.05491],[-5.67434,41.05675],[-5.67264,41.05918],[-5.66298,41.05777],[-5.66131,41.05909],[-5.65803,41.05881],[-5.65584,41.05415],[-5.65163,41.05468],[-5.65083,41.05286],[-5.64932,41.05376],[-5.64299,41.05314],[-5.6392,41.05489],[-5.63735,41.05788],[-5.63855,41.05968],[-5.63531,41.06167],[-5.63351,41.06085],[-5.63304,41.06525],[-5.62677,41.06469],[-5.62772,41.06143],[-5.62458,41.06058],[-5.62264,41.06274],[-5.61842,41.06047],[-5.61792,41.0621],[-5.61372,41.06157],[-5.61179,41.05925],[-5.60371,41.06143],[-5.60047,41.07138],[-5.59789,41.07201],[-5.59621,41.07457],[-5.60014,41.07886],[-5.60309,41.07878],[-5.60526,41.08206],[-5.60883,41.08148],[-5.61282,41.08357],[-5.61505,41.08224],[-5.62067,41.08283],[-5.6251,41.08746],[-5.62654,41.08286],[-5.62896,41.08339],[-5.63356,41.07722],[-5.64233,41.07421],[-5.64064,41.07518],[-5.64094,41.07695],[-5.64831,41.07847],[-5.65082,41.07753],[-5.65087,41.07421],[-5.65618,41.07357],[-5.66153,41.06866],[-5.66667,41.06741],[-5.66521,41.06722],[-5.66508,41.06397],[-5.66703,41.06493],[-5.67,41.06335],[-5.67144,41.06611],[-5.67361,41.06618],[-5.67291,41.06863],[-5.6748,41.06854],[-5.67473,41.06993],[-5.67878,41.06957],[-5.68258,41.07177],[-5.6872,41.06623],[-5.68856,41.06577],[-5.68993,41.06722],[-5.69655,41.06622],[-5.69705,41.06464],[-5.69953,41.06404],[-5.70132,41.06544],[-5.70724,41.06597],[-5.70665,41.06949],[-5.7091,41.06859],[-5.71051,41.06535],[-5.71317,41.0663],[-5.7126,41.06471],[-5.71906,41.06507],[-5.72177,41.06168],[-5.72186,41.0598],[-5.71555,41.05391],[-5.71829,41.0451],[-5.72034,41.04433],[-5.71964,41.04372]]]}},{"type":"Feature","properties":{"mun_code":"37317","mun_name":"Tarazona de Guareña","mun_name_local":null,"prov_code":"37","prov_name":"Salamanca","acom_code":"07","acom_name":"Castilla y León","geo_point_2d":{"lon":-5.258815738552412,"lat":41.17215092308878}},"geometry":{"type":"Polygon","coordinates":[[[-5.29151,41.15151],[-5.28945,41.15063],[-5.28734,41.15302],[-5.28391,41.15344],[-5.27756,41.1495],[-5.27626,41.1467],[-5.2666,41.14906],[-5.26538,41.14791],[-5.26284,41.1494],[-5.25772,41.14858],[-5.25299,41.14486],[-5.21822,41.15959],[-5.22241,41.16215],[-5.21734,41.16756],[-5.22227,41.17056],[-5.2246,41.17653],[-5.22362,41.17822],[-5.22536,41.17799],[-5.22494,41.18146],[-5.22837,41.18328],[-5.22761,41.18671],[-5.22962,41.18832],[-5.2296,41.19053],[-5.23075,41.19002],[-5.23475,41.19315],[-5.23883,41.19389],[-5.2425,41.19714],[-5.24866,41.19616],[-5.2478,41.19815],[-5.25297,41.19977],[-5.25561,41.19763],[-5.26417,41.19726],[-5.26862,41.19925],[-5.27189,41.19796],[-5.2706,41.19547],[-5.27397,41.19719],[-5.28256,41.19505],[-5.28285,41.19616],[-5.28847,41.19562],[-5.2919,41.18732],[-5.29041,41.18649],[-5.29159,41.18389],[-5.28874,41.18199],[-5.28926,41.17802],[-5.28796,41.17732],[-5.29227,41.17282],[-5.2917,41.16962],[-5.29359,41.16691],[-5.29862,41.16276],[-5.29252,41.15446],[-5.29151,41.15151]]]}},{"type":"Feature","properties":{"mun_code":"37014","mun_name":"Aldeadávila de la Ribera","mun_name_local":null,"prov_code":"37","prov_name":"Salamanca","acom_code":"07","acom_name":"Castilla y León","geo_point_2d":{"lon":-6.636587119167614,"lat":41.215132776813874}},"geometry":{"type":"Polygon","coordinates":[[[-6.69683,41.18922],[-6.69306,41.18922],[-6.69124,41.19053],[-6.6834,41.18976],[-6.67989,41.18747],[-6.67428,41.18675],[-6.67268,41.18463],[-6.66981,41.18592],[-6.65957,41.18431],[-6.64383,41.18489],[-6.64039,41.18044],[-6.63482,41.17968],[-6.62765,41.18144],[-6.61794,41.181],[-6.61592,41.1876],[-6.61665,41.19208],[-6.6139,41.19616],[-6.60878,41.19878],[-6.60874,41.20047],[-6.58823,41.22478],[-6.58135,41.23948],[-6.58631,41.24308],[-6.58617,41.25118],[-6.58758,41.25332],[-6.59161,41.25524],[-6.59365,41.25477],[-6.59633,41.24682],[-6.59976,41.24347],[-6.60834,41.24955],[-6.61983,41.24776],[-6.62925,41.24268],[-6.63583,41.24414],[-6.64194,41.24789],[-6.64835,41.24774],[-6.65295,41.23536],[-6.66135,41.23336],[-6.67144,41.22318],[-6.6795,41.21995],[-6.68489,41.21219],[-6.69148,41.20963],[-6.69148,41.20702],[-6.68845,41.20351],[-6.68893,41.19985],[-6.69232,41.19311],[-6.69947,41.1924],[-6.69713,41.1897],[-6.69683,41.18922]]]}},{"type":"Feature","properties":{"mun_code":"37307","mun_name":"Serradilla del Llano","mun_name_local":null,"prov_code":"37","prov_name":"Salamanca","acom_code":"07","acom_name":"Castilla y León","geo_point_2d":{"lon":-6.3444631827306335,"lat":40.475591740342345}},"geometry":{"type":"MultiPolygon","coordinates":[[[[-6.38394,40.5146],[-6.38341,40.50512],[-6.37806,40.50356],[-6.37475,40.49965],[-6.38433,40.48483],[-6.3838,40.4804],[-6.39256,40.4804],[-6.39205,40.47694],[-6.39009,40.47671],[-6.39035,40.4745],[-6.38616,40.47474],[-6.38574,40.47236],[-6.38192,40.46982],[-6.38738,40.46327],[-6.38612,40.45648],[-6.39197,40.44933],[-6.39392,40.44307],[-6.39333,40.43757],[-6.38652,40.42002],[-6.37631,40.41908],[-6.3639,40.42286],[-6.34594,40.43706],[-6.34464,40.44278],[-6.33476,40.4475],[-6.32531,40.44773],[-6.32236,40.45045],[-6.31568,40.44992],[-6.29443,40.45197],[-6.28784,40.45757],[-6.27533,40.45852],[-6.27101,40.46088],[-6.26844,40.46756],[-6.26479,40.47087],[-6.26901,40.47229],[-6.27379,40.47612],[-6.27703,40.48416],[-6.29847,40.49215],[-6.30415,40.4916],[-6.30927,40.48922],[-6.31446,40.49116],[-6.31765,40.49737],[-6.30724,40.50562],[-6.30613,40.50794],[-6.32075,40.5055],[-6.33543,40.50767],[-6.35065,40.50695],[-6.35706,40.50884],[-6.3628,40.50782],[-6.3821,40.51429],[-6.38394,40.5146]]],[[[-6.38998,40.60936],[-6.39268,40.60682],[-6.39773,40.60532],[-6.39993,40.60622],[-6.40271,40.60464],[-6.40632,40.59847],[-6.4091,40.5982],[-6.40866,40.59611],[-6.41132,40.59238],[-6.41208,40.59029],[-6.4078,40.58515],[-6.4133,40.57582],[-6.41008,40.57277],[-6.40918,40.56811],[-6.40603,40.56675],[-6.40143,40.58532],[-6.38977,40.60749],[-6.38998,40.60936]]]]}},{"type":"Feature","properties":{"mun_code":"37371","mun_name":"Villasrubias","mun_name_local":null,"prov_code":"37","prov_name":"Salamanca","acom_code":"07","acom_name":"Castilla y León","geo_point_2d":{"lon":-6.608989751478039,"lat":40.31689824146894}},"geometry":{"type":"Polygon","coordinates":[[[-6.66531,40.35218],[-6.65942,40.34965],[-6.65999,40.34433],[-6.65395,40.33865],[-6.65765,40.33831],[-6.65889,40.33684],[-6.65482,40.33357],[-6.65142,40.32762],[-6.64914,40.32715],[-6.64469,40.32243],[-6.64011,40.32137],[-6.63529,40.31687],[-6.63236,40.31664],[-6.62858,40.31173],[-6.61994,40.31181],[-6.61755,40.30902],[-6.61879,40.30437],[-6.61067,40.29204],[-6.61151,40.28215],[-6.60465,40.27315],[-6.57104,40.27946],[-6.56843,40.2831],[-6.55618,40.29078],[-6.55959,40.2958],[-6.55602,40.30417],[-6.55674,40.3064],[-6.5651,40.31597],[-6.58197,40.31747],[-6.59451,40.32498],[-6.5985,40.32883],[-6.60896,40.33187],[-6.61146,40.34111],[-6.61568,40.34107],[-6.62049,40.34328],[-6.62343,40.34842],[-6.62197,40.35262],[-6.62303,40.36158],[-6.63617,40.3634],[-6.64485,40.36182],[-6.64921,40.35919],[-6.65416,40.36014],[-6.66191,40.35628],[-6.66402,40.35356],[-6.66531,40.35218]]]}},{"type":"Feature","properties":{"mun_code":"37213","mun_name":"Nava de Béjar","mun_name_local":null,"prov_code":"37","prov_name":"Salamanca","acom_code":"07","acom_name":"Castilla y León","geo_point_2d":{"lon":-5.680049561931454,"lat":40.47673723197355}},"geometry":{"type":"Polygon","coordinates":[[[-5.70447,40.49071],[-5.70267,40.48623],[-5.70729,40.47932],[-5.6994,40.47232],[-5.69828,40.46963],[-5.70044,40.46625],[-5.68618,40.46037],[-5.66052,40.46653],[-5.65428,40.4698],[-5.65056,40.4745],[-5.64468,40.47485],[-5.63864,40.47754],[-5.64132,40.47996],[-5.65604,40.47906],[-5.66155,40.48264],[-5.67148,40.48331],[-5.67443,40.48745],[-5.67785,40.48953],[-5.67959,40.48923],[-5.68344,40.49289],[-5.69158,40.49262],[-5.69744,40.49421],[-5.70286,40.49147],[-5.70447,40.49071]]]}},{"type":"Feature","properties":{"mun_code":"37275","mun_name":"Saldeana","mun_name_local":null,"prov_code":"37","prov_name":"Salamanca","acom_code":"07","acom_name":"Castilla y León","geo_point_2d":{"lon":-6.629445118544319,"lat":41.01938927838672}},"geometry":{"type":"Polygon","coordinates":[[[-6.66846,41.02178],[-6.66514,41.01731],[-6.65657,41.01646],[-6.65085,41.01016],[-6.64739,41.01204],[-6.64599,41.00882],[-6.63609,40.99967],[-6.6309,41.00084],[-6.62693,40.99532],[-6.62244,40.99324],[-6.60861,40.99295],[-6.60715,40.99512],[-6.60136,40.9946],[-6.60103,41.00916],[-6.60749,41.01736],[-6.60348,41.03492],[-6.61287,41.03898],[-6.62422,41.04068],[-6.63306,41.04525],[-6.63345,41.04288],[-6.64465,41.04096],[-6.64915,41.03875],[-6.66239,41.02944],[-6.66846,41.02178]]]}},{"type":"Feature","properties":{"mun_code":"37163","mun_name":"La Hoya","mun_name_local":null,"prov_code":"37","prov_name":"Salamanca","acom_code":"07","acom_name":"Castilla y León","geo_point_2d":{"lon":-5.69236071620098,"lat":40.3930651518089}},"geometry":{"type":"Polygon","coordinates":[[[-5.70995,40.40779],[-5.70729,40.40649],[-5.70124,40.39602],[-5.69266,40.38783],[-5.69306,40.38327],[-5.68951,40.37876],[-5.69295,40.3746],[-5.69383,40.36579],[-5.68919,40.35823],[-5.69088,40.35407],[-5.68602,40.34376],[-5.6821,40.34619],[-5.67303,40.34853],[-5.68636,40.35537],[-5.68512,40.35786],[-5.68737,40.36204],[-5.68701,40.37571],[-5.67844,40.38702],[-5.68546,40.39636],[-5.68683,40.41338],[-5.69188,40.41945],[-5.69153,40.42317],[-5.69382,40.4258],[-5.70599,40.41898],[-5.70828,40.41019],[-5.70995,40.40779]]]}},{"type":"Feature","properties":{"mun_code":"37198","mun_name":"Monleras","mun_name_local":null,"prov_code":"37","prov_name":"Salamanca","acom_code":"07","acom_name":"Castilla y León","geo_point_2d":{"lon":-6.2260212028770185,"lat":41.190240111635106}},"geometry":{"type":"Polygon","coordinates":[[[-6.26842,41.14891],[-6.26626,41.14849],[-6.25844,41.1543],[-6.25158,41.15706],[-6.23479,41.15837],[-6.22453,41.16295],[-6.20618,41.16557],[-6.20421,41.16655],[-6.20508,41.16771],[-6.2005,41.1756],[-6.19821,41.17557],[-6.19448,41.18491],[-6.1914,41.21399],[-6.19955,41.21972],[-6.20522,41.2203],[-6.21065,41.22327],[-6.22518,41.22773],[-6.23123,41.23281],[-6.23445,41.2384],[-6.23657,41.23024],[-6.23284,41.22728],[-6.23266,41.22546],[-6.23559,41.22181],[-6.23521,41.21723],[-6.24258,41.20477],[-6.24058,41.19965],[-6.24231,41.19775],[-6.24107,41.19506],[-6.24159,41.1939],[-6.24603,41.19626],[-6.25106,41.19652],[-6.25565,41.19369],[-6.25886,41.19496],[-6.25946,41.19413],[-6.26133,41.18507],[-6.25866,41.17293],[-6.26137,41.1686],[-6.25737,41.16316],[-6.26696,41.15041],[-6.26842,41.14891]]]}},{"type":"Feature","properties":{"mun_code":"37243","mun_name":"La Peña","mun_name_local":null,"prov_code":"37","prov_name":"Salamanca","acom_code":"07","acom_name":"Castilla y León","geo_point_2d":{"lon":-6.522554705979985,"lat":41.17402291997928}},"geometry":{"type":"Polygon","coordinates":[[[-6.5647,41.20073],[-6.56573,41.19555],[-6.56344,41.19025],[-6.55773,41.18823],[-6.53653,41.17094],[-6.52746,41.16725],[-6.53766,41.15726],[-6.54236,41.14904],[-6.54302,41.1437],[-6.52249,41.1281],[-6.52104,41.12995],[-6.51468,41.13154],[-6.51628,41.14286],[-6.50897,41.16],[-6.5066,41.16329],[-6.49869,41.16876],[-6.49215,41.18198],[-6.48474,41.18801],[-6.49289,41.19956],[-6.49772,41.2025],[-6.49823,41.2052],[-6.50213,41.20371],[-6.50281,41.20128],[-6.50553,41.20068],[-6.50489,41.19689],[-6.50963,41.19791],[-6.51525,41.19532],[-6.52105,41.19761],[-6.52385,41.20037],[-6.52691,41.19837],[-6.53599,41.19684],[-6.53948,41.19427],[-6.54681,41.19666],[-6.54698,41.19996],[-6.55006,41.19577],[-6.55343,41.19787],[-6.55599,41.19752],[-6.56099,41.20378],[-6.56443,41.20095],[-6.5647,41.20073]]]}},{"type":"Feature","properties":{"mun_code":"37085","mun_name":"Carbajosa de la Sagrada","mun_name_local":null,"prov_code":"37","prov_name":"Salamanca","acom_code":"07","acom_name":"Castilla y León","geo_point_2d":{"lon":-5.634296609388321,"lat":40.92487787788573}},"geometry":{"type":"Polygon","coordinates":[[[-5.66341,40.93653],[-5.66264,40.93737],[-5.66149,40.93601],[-5.66274,40.93439],[-5.66181,40.93314],[-5.66461,40.93396],[-5.66479,40.93174],[-5.66127,40.93188],[-5.65931,40.92864],[-5.65718,40.92851],[-5.65189,40.91746],[-5.65014,40.91704],[-5.64926,40.91873],[-5.64072,40.91561],[-5.63685,40.91629],[-5.6378,40.91222],[-5.63458,40.91071],[-5.63859,40.90545],[-5.63749,40.90411],[-5.634,40.90472],[-5.63308,40.90872],[-5.63046,40.91024],[-5.62204,40.9073],[-5.62219,40.90585],[-5.61708,40.90516],[-5.61377,40.9022],[-5.61443,40.89525],[-5.60914,40.89681],[-5.60931,40.90328],[-5.60416,40.9059],[-5.60589,40.91051],[-5.60273,40.91045],[-5.60181,40.91237],[-5.60593,40.91684],[-5.60343,40.91934],[-5.6064,40.92121],[-5.61115,40.91962],[-5.61248,40.92209],[-5.61688,40.92269],[-5.62185,40.92697],[-5.61996,40.9284],[-5.63282,40.93588],[-5.63276,40.94144],[-5.63481,40.94126],[-5.63538,40.94303],[-5.63845,40.94453],[-5.63585,40.94574],[-5.63861,40.94735],[-5.63753,40.94917],[-5.64074,40.94974],[-5.63923,40.9481],[-5.64123,40.94699],[-5.64124,40.94876],[-5.64333,40.94899],[-5.64933,40.94737],[-5.65517,40.94976],[-5.65641,40.95208],[-5.65655,40.94826],[-5.65991,40.94561],[-5.65889,40.9444],[-5.66035,40.94015],[-5.66303,40.93868],[-5.66341,40.93653]]]}},{"type":"Feature","properties":{"mun_code":"37358","mun_name":"Villar de Gallimazo","mun_name_local":null,"prov_code":"37","prov_name":"Salamanca","acom_code":"07","acom_name":"Castilla y León","geo_point_2d":{"lon":-5.297240804393934,"lat":40.95716481633961}},"geometry":{"type":"Polygon","coordinates":[[[-5.34569,40.9589],[-5.32957,40.95083],[-5.32731,40.94527],[-5.32782,40.94068],[-5.32119,40.9363],[-5.31654,40.92703],[-5.3175,40.92066],[-5.3122,40.91704],[-5.30664,40.92157],[-5.30402,40.9212],[-5.30157,40.92346],[-5.29617,40.92505],[-5.29001,40.92508],[-5.28608,40.92365],[-5.28041,40.92639],[-5.27649,40.92451],[-5.25078,40.92475],[-5.25228,40.9289],[-5.24975,40.93477],[-5.25011,40.9512],[-5.26726,40.96265],[-5.27072,40.97065],[-5.27826,40.97126],[-5.2864,40.97612],[-5.2897,40.99897],[-5.29613,41.00261],[-5.30768,41.00084],[-5.31204,41.00183],[-5.32133,40.99714],[-5.33124,40.98791],[-5.33171,40.98295],[-5.32935,40.97715],[-5.33252,40.97535],[-5.32856,40.97161],[-5.34343,40.9653],[-5.34541,40.96253],[-5.34569,40.9589]]]}},{"type":"Feature","properties":{"mun_code":"37155","mun_name":"Guijo de Ávila","mun_name_local":null,"prov_code":"37","prov_name":"Salamanca","acom_code":"07","acom_name":"Castilla y León","geo_point_2d":{"lon":-5.634163914665923,"lat":40.52091185528668}},"geometry":{"type":"Polygon","coordinates":[[[-5.67438,40.52401],[-5.65849,40.51904],[-5.65691,40.51954],[-5.65352,40.51624],[-5.64827,40.51557],[-5.64347,40.51102],[-5.63294,40.50745],[-5.62631,40.49938],[-5.62104,40.50242],[-5.60868,40.50616],[-5.59994,40.5212],[-5.60904,40.52207],[-5.61546,40.52788],[-5.63004,40.53427],[-5.63176,40.54326],[-5.63321,40.54297],[-5.63588,40.53629],[-5.63955,40.53763],[-5.64771,40.53521],[-5.65133,40.53591],[-5.65616,40.53461],[-5.66166,40.53141],[-5.66907,40.52961],[-5.67379,40.52491],[-5.67438,40.52401]]]}},{"type":"Feature","properties":{"mun_code":"37267","mun_name":"Retortillo","mun_name_local":null,"prov_code":"37","prov_name":"Salamanca","acom_code":"07","acom_name":"Castilla y León","geo_point_2d":{"lon":-6.400504981947308,"lat":40.79908926418152}},"geometry":{"type":"MultiPolygon","coordinates":[[[[-6.50701,40.76461],[-6.50268,40.77368],[-6.51338,40.7811],[-6.51746,40.78954],[-6.52604,40.79278],[-6.5276,40.77548],[-6.52193,40.77281],[-6.51426,40.76553],[-6.50798,40.76452],[-6.50701,40.76461]]],[[[-6.46986,40.80686],[-6.47386,40.78565],[-6.4711,40.78143],[-6.4663,40.77813],[-6.45875,40.77428],[-6.44304,40.7821],[-6.4152,40.79078],[-6.41033,40.79365],[-6.40274,40.78242],[-6.39154,40.78167],[-6.38585,40.78282],[-6.38143,40.77999],[-6.37784,40.77978],[-6.38301,40.77353],[-6.38663,40.76495],[-6.38438,40.76061],[-6.37771,40.75848],[-6.37221,40.75925],[-6.3682,40.76413],[-6.36554,40.76433],[-6.36237,40.76715],[-6.35797,40.76587],[-6.35548,40.76741],[-6.34756,40.77406],[-6.34079,40.7836],[-6.33363,40.78212],[-6.32468,40.77817],[-6.31456,40.79174],[-6.33043,40.79724],[-6.3341,40.79669],[-6.3314,40.80097],[-6.32994,40.8098],[-6.33125,40.81009],[-6.33071,40.81461],[-6.33531,40.81559],[-6.3337,40.81797],[-6.32955,40.81797],[-6.33164,40.82417],[-6.33647,40.82197],[-6.34858,40.82103],[-6.37008,40.82498],[-6.38413,40.82352],[-6.3872,40.82565],[-6.40119,40.82829],[-6.41017,40.83404],[-6.41814,40.84255],[-6.43033,40.85035],[-6.43273,40.84987],[-6.43104,40.8454],[-6.42783,40.83922],[-6.42267,40.83609],[-6.42205,40.82934],[-6.41888,40.82519],[-6.42492,40.82503],[-6.44981,40.81495],[-6.4622,40.80734],[-6.46877,40.80688],[-6.46986,40.80686]]]]}},{"type":"Feature","properties":{"mun_code":"37170","mun_name":"Ledesma","mun_name_local":null,"prov_code":"37","prov_name":"Salamanca","acom_code":"07","acom_name":"Castilla y León","geo_point_2d":{"lon":-6.019343787414217,"lat":41.13396605867965}},"geometry":{"type":"Polygon","coordinates":[[[-6.1345,41.19039],[-6.12921,41.18869],[-6.1246,41.182],[-6.11886,41.18068],[-6.11094,41.17586],[-6.10728,41.1772],[-6.10083,41.1758],[-6.09543,41.17978],[-6.08458,41.17742],[-6.07888,41.17416],[-6.08044,41.16812],[-6.07842,41.16098],[-6.07646,41.15882],[-6.06965,41.15743],[-6.06807,41.15314],[-6.06401,41.15079],[-6.06177,41.14397],[-6.05724,41.13939],[-6.05861,41.13559],[-6.05533,41.13034],[-6.05535,41.12673],[-6.0513,41.12435],[-6.05784,41.11836],[-6.05508,41.11594],[-6.05601,41.11254],[-6.05064,41.10602],[-6.05244,41.10687],[-6.06101,41.09819],[-6.06452,41.08899],[-6.05537,41.08607],[-6.04099,41.087],[-6.04021,41.08312],[-6.03484,41.08238],[-6.03482,41.08027],[-6.03806,41.07895],[-6.03025,41.07137],[-6.02065,41.0761],[-6.01272,41.07091],[-6.01157,41.07182],[-6.00491,41.06939],[-6.00562,41.06137],[-6.00818,41.05493],[-6.00689,41.05468],[-6.00744,41.05283],[-5.99893,41.04892],[-6.00007,41.04761],[-6.00441,41.04715],[-6.00391,41.04611],[-5.99837,41.0438],[-5.99587,41.05242],[-5.99359,41.05505],[-5.99002,41.05272],[-5.98906,41.05334],[-5.98681,41.04347],[-5.98826,41.04055],[-5.98292,41.04168],[-5.97778,41.03785],[-5.9732,41.04021],[-5.96052,41.05097],[-5.96289,41.05372],[-5.96128,41.05404],[-5.96003,41.06122],[-5.96206,41.06513],[-5.96467,41.06523],[-5.96679,41.06782],[-5.97183,41.06948],[-5.97218,41.07374],[-5.97476,41.07634],[-5.97238,41.07779],[-5.95963,41.07986],[-5.94832,41.07661],[-5.93915,41.07714],[-5.93905,41.08403],[-5.94229,41.08941],[-5.94091,41.09628],[-5.93967,41.09907],[-5.93156,41.10191],[-5.9315,41.10453],[-5.93516,41.10453],[-5.93831,41.10837],[-5.93906,41.11575],[-5.93887,41.11851],[-5.9318,41.12199],[-5.93291,41.12385],[-5.93603,41.12809],[-5.94773,41.12752],[-5.95097,41.12971],[-5.95127,41.13371],[-5.95286,41.13445],[-5.94953,41.13961],[-5.95324,41.1401],[-5.95437,41.14293],[-5.96317,41.14604],[-5.96429,41.15213],[-5.97203,41.16226],[-5.97079,41.1669],[-5.97413,41.1726],[-5.97922,41.17457],[-5.98505,41.17334],[-6.00257,41.15314],[-6.0098,41.15206],[-6.01939,41.1538],[-6.02389,41.15737],[-6.0282,41.16652],[-6.0275,41.17912],[-6.02376,41.18206],[-6.02352,41.18482],[-6.01824,41.19026],[-6.01097,41.19379],[-6.00883,41.2005],[-6.02609,41.20335],[-6.04009,41.20822],[-6.04672,41.20901],[-6.05849,41.21471],[-6.06201,41.22105],[-6.06564,41.21763],[-6.06947,41.21677],[-6.07404,41.21132],[-6.09249,41.2125],[-6.1004,41.21024],[-6.10931,41.21261],[-6.12115,41.20373],[-6.12426,41.20294],[-6.12499,41.19823],[-6.13373,41.19105],[-6.1345,41.19039]]]}},{"type":"Feature","properties":{"mun_code":"37180","mun_name":"El Manzano","mun_name_local":null,"prov_code":"37","prov_name":"Salamanca","acom_code":"07","acom_name":"Castilla y León","geo_point_2d":{"lon":-6.304602097165591,"lat":41.17553428374547}},"geometry":{"type":"Polygon","coordinates":[[[-6.35844,41.19353],[-6.35883,41.18761],[-6.35017,41.17136],[-6.34987,41.16319],[-6.33792,41.16377],[-6.32221,41.16238],[-6.3074,41.15304],[-6.30223,41.14735],[-6.2731,41.14549],[-6.26696,41.15041],[-6.2581,41.16155],[-6.25753,41.16375],[-6.26137,41.1686],[-6.25866,41.17293],[-6.26106,41.1797],[-6.25974,41.18174],[-6.2612,41.18326],[-6.26064,41.1886],[-6.27008,41.18837],[-6.2745,41.19057],[-6.2827,41.19193],[-6.2941,41.19927],[-6.30574,41.20188],[-6.31319,41.20696],[-6.3263,41.20169],[-6.33754,41.19439],[-6.35522,41.19295],[-6.35844,41.19353]]]}},{"type":"Feature","properties":{"mun_code":"37167","mun_name":"Juzbado","mun_name_local":null,"prov_code":"37","prov_name":"Salamanca","acom_code":"07","acom_name":"Castilla y León","geo_point_2d":{"lon":-5.892416506172835,"lat":41.08588716576115}},"geometry":{"type":"Polygon","coordinates":[[[-5.93915,41.07714],[-5.92671,41.07944],[-5.92129,41.07891],[-5.91531,41.08728],[-5.91139,41.08885],[-5.90656,41.08575],[-5.90699,41.0777],[-5.90215,41.07209],[-5.88893,41.06957],[-5.88502,41.0655],[-5.88133,41.06565],[-5.87833,41.06902],[-5.86771,41.07387],[-5.84589,41.06654],[-5.84179,41.07224],[-5.83596,41.07368],[-5.84093,41.07876],[-5.84536,41.07894],[-5.84572,41.08185],[-5.84822,41.08268],[-5.84878,41.08761],[-5.84685,41.0898],[-5.85062,41.09135],[-5.85129,41.09308],[-5.8702,41.09593],[-5.87278,41.0948],[-5.87383,41.0957],[-5.87847,41.09284],[-5.87989,41.09397],[-5.88214,41.09193],[-5.88537,41.09414],[-5.88472,41.09614],[-5.88654,41.09821],[-5.89861,41.09679],[-5.89948,41.09958],[-5.90267,41.09732],[-5.9054,41.1005],[-5.91155,41.10014],[-5.91349,41.10292],[-5.91273,41.10592],[-5.91814,41.10659],[-5.92016,41.10932],[-5.92654,41.10783],[-5.92833,41.10875],[-5.93103,41.1065],[-5.93156,41.10191],[-5.93967,41.09907],[-5.94229,41.08941],[-5.93905,41.08403],[-5.93956,41.0781],[-5.93915,41.07714]]]}},{"type":"Feature","properties":{"mun_code":"37278","mun_name":"San Cristóbal de la Cuesta","mun_name_local":null,"prov_code":"37","prov_name":"Salamanca","acom_code":"07","acom_name":"Castilla y León","geo_point_2d":{"lon":-5.6180862020353874,"lat":41.03254831999106}},"geometry":{"type":"Polygon","coordinates":[[[-5.63372,41.04789],[-5.63948,41.04416],[-5.63148,41.02894],[-5.63105,41.01768],[-5.62126,41.01409],[-5.61947,41.01231],[-5.61647,41.01247],[-5.60502,41.01896],[-5.59948,41.02791],[-5.60056,41.03426],[-5.60377,41.04382],[-5.60883,41.05008],[-5.60753,41.05216],[-5.61436,41.0494],[-5.62038,41.05003],[-5.62612,41.04761],[-5.63372,41.04789]]]}},{"type":"Feature","properties":{"mun_code":"37288","mun_name":"San Morales","mun_name_local":null,"prov_code":"37","prov_name":"Salamanca","acom_code":"07","acom_name":"Castilla y León","geo_point_2d":{"lon":-5.503675667819185,"lat":40.98520413377699}},"geometry":{"type":"Polygon","coordinates":[[[-5.51503,40.9744],[-5.49216,40.97304],[-5.48933,40.97568],[-5.49068,40.9861],[-5.49649,40.99029],[-5.49848,40.99437],[-5.50355,40.99817],[-5.50272,40.99922],[-5.51327,41.00308],[-5.51169,40.98556],[-5.51794,40.98023],[-5.51658,40.97787],[-5.51503,40.9744]]]}},{"type":"Feature","properties":{"mun_code":"37165","mun_name":"Iruelos","mun_name_local":null,"prov_code":"37","prov_name":"Salamanca","acom_code":"07","acom_name":"Castilla y León","geo_point_2d":{"lon":-6.3325180899039015,"lat":41.1456880589014}},"geometry":{"type":"Polygon","coordinates":[[[-6.35908,41.13957],[-6.35165,41.13318],[-6.34216,41.13067],[-6.3335,41.12496],[-6.32765,41.1238],[-6.31338,41.1396],[-6.30683,41.14566],[-6.30223,41.14735],[-6.3074,41.15304],[-6.32221,41.16238],[-6.33792,41.16377],[-6.34987,41.16319],[-6.34705,41.16065],[-6.3592,41.13985],[-6.35908,41.13957]]]}},{"type":"Feature","properties":{"mun_code":"37342","mun_name":"Valverdón","mun_name_local":null,"prov_code":"37","prov_name":"Salamanca","acom_code":"07","acom_name":"Castilla y León","geo_point_2d":{"lon":-5.753992504078063,"lat":41.05292825382405}},"geometry":{"type":"Polygon","coordinates":[[[-5.80611,41.05136],[-5.80877,41.05156],[-5.80538,41.04916],[-5.79938,41.04902],[-5.79245,41.04266],[-5.78281,41.04708],[-5.77728,41.04749],[-5.76416,41.0407],[-5.7585,41.03937],[-5.75889,41.03838],[-5.74965,41.03678],[-5.74875,41.03773],[-5.74437,41.03615],[-5.73552,41.0313],[-5.73166,41.02632],[-5.72759,41.02706],[-5.72617,41.02551],[-5.72813,41.02169],[-5.73165,41.02122],[-5.73154,41.01907],[-5.72191,41.01803],[-5.71909,41.0196],[-5.72456,41.02379],[-5.72057,41.03073],[-5.72111,41.03303],[-5.72627,41.03351],[-5.72802,41.03846],[-5.72157,41.04198],[-5.71778,41.0463],[-5.71842,41.04817],[-5.71555,41.05391],[-5.72186,41.0598],[-5.71931,41.06519],[-5.724,41.06667],[-5.72771,41.06234],[-5.72973,41.06309],[-5.72863,41.06541],[-5.73026,41.0661],[-5.73331,41.0656],[-5.73307,41.06661],[-5.73688,41.06522],[-5.7371,41.06797],[-5.73853,41.0677],[-5.7395,41.07022],[-5.74593,41.06772],[-5.74847,41.07024],[-5.7573,41.06995],[-5.76325,41.07297],[-5.76475,41.07213],[-5.76643,41.07333],[-5.77408,41.07349],[-5.77862,41.07542],[-5.78379,41.07516],[-5.79086,41.06544],[-5.7879,41.0618],[-5.7913,41.06],[-5.79084,41.05704],[-5.79543,41.05211],[-5.79989,41.05006],[-5.80226,41.05111],[-5.80611,41.05136]]]}},{"type":"Feature","properties":{"mun_code":"37263","mun_name":"Puerto de Béjar","mun_name_local":null,"prov_code":"37","prov_name":"Salamanca","acom_code":"07","acom_name":"Castilla y León","geo_point_2d":{"lon":-5.833771208073388,"lat":40.35311069434278}},"geometry":{"type":"Polygon","coordinates":[[[-5.85354,40.36117],[-5.84861,40.35672],[-5.84981,40.35344],[-5.84732,40.35049],[-5.84677,40.34517],[-5.85367,40.33148],[-5.84713,40.32805],[-5.8368,40.33639],[-5.82832,40.34116],[-5.82316,40.3475],[-5.81649,40.35111],[-5.80846,40.35003],[-5.79965,40.3537],[-5.79751,40.35325],[-5.80674,40.35839],[-5.82708,40.36401],[-5.84275,40.37523],[-5.84872,40.37059],[-5.84837,40.36642],[-5.85246,40.36214],[-5.85354,40.36117]]]}},{"type":"Feature","properties":{"mun_code":"37031","mun_name":"Arabayona de Mógica","mun_name_local":null,"prov_code":"37","prov_name":"Salamanca","acom_code":"07","acom_name":"Castilla y León","geo_point_2d":{"lon":-5.393144318286283,"lat":41.04729663224081}},"geometry":{"type":"Polygon","coordinates":[[[-5.43239,41.03094],[-5.42479,41.02397],[-5.41644,41.02785],[-5.40689,41.02938],[-5.40172,41.03186],[-5.38604,41.03199],[-5.37866,41.03017],[-5.37768,41.02804],[-5.37315,41.0275],[-5.35978,41.03064],[-5.3565,41.03316],[-5.35876,41.0359],[-5.356,41.03845],[-5.35664,41.04182],[-5.35984,41.04251],[-5.36523,41.04896],[-5.36183,41.05098],[-5.36286,41.05251],[-5.36173,41.05576],[-5.35872,41.05665],[-5.36057,41.05893],[-5.36297,41.05863],[-5.36598,41.06286],[-5.36379,41.06375],[-5.36662,41.06742],[-5.36528,41.06978],[-5.37026,41.07537],[-5.39575,41.06457],[-5.40251,41.06627],[-5.40775,41.06172],[-5.41557,41.06693],[-5.4157,41.06105],[-5.41783,41.05786],[-5.41998,41.0561],[-5.42173,41.05652],[-5.42284,41.0525],[-5.43002,41.04684],[-5.43322,41.03996],[-5.43293,41.03431],[-5.43239,41.03094]]]}},{"type":"Feature","properties":{"mun_code":"37200","mun_name":"Montejo","mun_name_local":null,"prov_code":"37","prov_name":"Salamanca","acom_code":"07","acom_name":"Castilla y León","geo_point_2d":{"lon":-5.623209651600486,"lat":40.64551155156733}},"geometry":{"type":"Polygon","coordinates":[[[-5.66694,40.63021],[-5.65293,40.6356],[-5.65095,40.63513],[-5.64905,40.637],[-5.63501,40.62668],[-5.6327,40.622],[-5.62707,40.62131],[-5.62552,40.6224],[-5.61478,40.61434],[-5.60888,40.61765],[-5.60688,40.61717],[-5.60199,40.61933],[-5.59021,40.61431],[-5.58751,40.61893],[-5.59939,40.62928],[-5.59188,40.63636],[-5.58809,40.63725],[-5.58456,40.63609],[-5.58349,40.64206],[-5.59647,40.65098],[-5.59697,40.6592],[-5.60116,40.66583],[-5.60006,40.67912],[-5.59318,40.68561],[-5.59512,40.6869],[-5.6018,40.6871],[-5.60516,40.68213],[-5.60803,40.68174],[-5.606,40.67734],[-5.60878,40.67883],[-5.61482,40.67802],[-5.61776,40.67632],[-5.62199,40.67907],[-5.62444,40.67794],[-5.62407,40.67605],[-5.62942,40.6695],[-5.63067,40.66561],[-5.63077,40.65736],[-5.63519,40.65256],[-5.64193,40.65241],[-5.64563,40.64742],[-5.64971,40.6527],[-5.65483,40.65123],[-5.65994,40.65433],[-5.66402,40.6531],[-5.66691,40.65499],[-5.6719,40.65537],[-5.67613,40.65001],[-5.67318,40.63958],[-5.67124,40.63827],[-5.67488,40.63541],[-5.67448,40.63388],[-5.67014,40.63216],[-5.66694,40.63021]]]}},{"type":"Feature","properties":{"mun_code":"37338","mun_name":"Valdunciel","mun_name_local":null,"prov_code":"37","prov_name":"Salamanca","acom_code":"07","acom_name":"Castilla y León","geo_point_2d":{"lon":-5.679429304394703,"lat":41.1109144556775}},"geometry":{"type":"Polygon","coordinates":[[[-5.72628,41.15413],[-5.72279,41.14532],[-5.71232,41.12813],[-5.71059,41.12227],[-5.71316,41.11612],[-5.71157,41.11497],[-5.71277,41.11264],[-5.70668,41.11187],[-5.70181,41.10885],[-5.70118,41.11002],[-5.68992,41.11025],[-5.68784,41.10814],[-5.68525,41.10988],[-5.68677,41.1114],[-5.68343,41.11307],[-5.6792,41.1102],[-5.67938,41.10733],[-5.67744,41.10737],[-5.68207,41.10409],[-5.68093,41.0995],[-5.68317,41.09905],[-5.68303,41.09633],[-5.68602,41.09284],[-5.68451,41.09088],[-5.68654,41.08321],[-5.68451,41.08295],[-5.68583,41.07798],[-5.68755,41.07722],[-5.68609,41.07625],[-5.68664,41.07308],[-5.68497,41.07256],[-5.68633,41.07142],[-5.68463,41.07074],[-5.68258,41.07177],[-5.67878,41.06957],[-5.67473,41.06993],[-5.6748,41.06854],[-5.67291,41.06863],[-5.67361,41.06618],[-5.67144,41.06611],[-5.67195,41.06493],[-5.66928,41.06335],[-5.66703,41.06493],[-5.66508,41.06397],[-5.66521,41.06722],[-5.66667,41.06741],[-5.66153,41.06866],[-5.65618,41.07357],[-5.65087,41.07421],[-5.65082,41.07753],[-5.64831,41.07847],[-5.64094,41.07695],[-5.64064,41.07518],[-5.64233,41.07421],[-5.63356,41.07722],[-5.62896,41.08339],[-5.62654,41.08286],[-5.62639,41.08629],[-5.62301,41.09113],[-5.62569,41.0912],[-5.62685,41.09551],[-5.63482,41.09566],[-5.63518,41.09923],[-5.63361,41.10044],[-5.6355,41.10046],[-5.63769,41.10518],[-5.63631,41.10757],[-5.63733,41.10855],[-5.64136,41.10755],[-5.64107,41.11102],[-5.64408,41.11016],[-5.64481,41.11222],[-5.64667,41.11021],[-5.65076,41.11017],[-5.65596,41.10765],[-5.65737,41.10984],[-5.66049,41.10825],[-5.6645,41.11188],[-5.67423,41.1091],[-5.67733,41.11413],[-5.67962,41.1151],[-5.67908,41.11718],[-5.68083,41.11748],[-5.68155,41.12002],[-5.67992,41.12084],[-5.68158,41.12477],[-5.67867,41.12898],[-5.68105,41.13062],[-5.68553,41.13007],[-5.69075,41.13498],[-5.69719,41.14273],[-5.69908,41.14861],[-5.70893,41.16114],[-5.71858,41.17045],[-5.72457,41.18006],[-5.72844,41.17479],[-5.72923,41.16949],[-5.72629,41.15479],[-5.72628,41.15413]]]}},{"type":"Feature","properties":{"mun_code":"37375","mun_name":"Villoruela","mun_name_local":null,"prov_code":"37","prov_name":"Salamanca","acom_code":"07","acom_name":"Castilla y León","geo_point_2d":{"lon":-5.3997211689827225,"lat":41.01059496452153}},"geometry":{"type":"Polygon","coordinates":[[[-5.42479,41.02397],[-5.42843,41.01817],[-5.42137,41.00628],[-5.42055,40.99869],[-5.41432,40.99552],[-5.40863,40.99031],[-5.40386,40.9839],[-5.40566,40.98147],[-5.39259,40.97447],[-5.39076,40.97639],[-5.39268,40.98607],[-5.39228,40.99415],[-5.38499,41.00026],[-5.3814,41.00714],[-5.37796,41.00939],[-5.37355,41.01645],[-5.37595,41.02206],[-5.35978,41.03064],[-5.37315,41.0275],[-5.37768,41.02804],[-5.37866,41.03017],[-5.38604,41.03199],[-5.40172,41.03186],[-5.42398,41.0246],[-5.42479,41.02397]]]}},{"type":"Feature","properties":{"mun_code":"37142","mun_name":"Galindo y Perahuy","mun_name_local":null,"prov_code":"37","prov_name":"Salamanca","acom_code":"07","acom_name":"Castilla y León","geo_point_2d":{"lon":-5.833666818194398,"lat":40.9438509593478}},"geometry":{"type":"MultiPolygon","coordinates":[[[[-5.82324,40.88257],[-5.82363,40.87956],[-5.81903,40.87829],[-5.81881,40.87441],[-5.80905,40.87437],[-5.79612,40.8674],[-5.79506,40.87124],[-5.79261,40.87176],[-5.7954,40.87783],[-5.79257,40.88096],[-5.79416,40.88175],[-5.80975,40.88313],[-5.81343,40.88458],[-5.82005,40.88108],[-5.8227,40.88241],[-5.82324,40.88257]]],[[[-5.88079,40.96205],[-5.89324,40.95534],[-5.89411,40.95138],[-5.89181,40.94867],[-5.89061,40.9433],[-5.88585,40.94284],[-5.88333,40.94497],[-5.87732,40.94094],[-5.87578,40.93631],[-5.87026,40.9341],[-5.86834,40.93518],[-5.86149,40.93155],[-5.86105,40.92947],[-5.84311,40.92987],[-5.84163,40.92594],[-5.84318,40.91497],[-5.84577,40.90986],[-5.8474,40.90996],[-5.84449,40.90631],[-5.84646,40.90382],[-5.84142,40.90453],[-5.8384,40.90832],[-5.83069,40.91038],[-5.81727,40.91666],[-5.813,40.91226],[-5.8108,40.91424],[-5.80359,40.91463],[-5.80008,40.92443],[-5.80258,40.93103],[-5.80708,40.93306],[-5.80758,40.93601],[-5.80373,40.93967],[-5.80331,40.94213],[-5.80192,40.94068],[-5.80026,40.94271],[-5.7735,40.95314],[-5.77078,40.96376],[-5.77257,40.96594],[-5.7785,40.96563],[-5.78102,40.96475],[-5.78207,40.96204],[-5.78475,40.96337],[-5.78524,40.9654],[-5.78787,40.96455],[-5.78681,40.96633],[-5.79263,40.97446],[-5.8007,40.98103],[-5.80151,40.9767],[-5.81058,40.97953],[-5.81281,40.97885],[-5.81112,40.97376],[-5.81533,40.97054],[-5.81324,40.96851],[-5.81699,40.96507],[-5.81852,40.95897],[-5.82079,40.95772],[-5.83007,40.9585],[-5.8382,40.96393],[-5.85208,40.96444],[-5.84004,40.97288],[-5.84138,40.97621],[-5.84024,40.9774],[-5.84136,40.98082],[-5.84493,40.98106],[-5.84678,40.97979],[-5.85436,40.98112],[-5.87098,40.97925],[-5.87611,40.97425],[-5.87561,40.97158],[-5.87921,40.96818],[-5.87778,40.96265],[-5.87985,40.96244],[-5.88079,40.96205]],[[-5.82068,40.93886],[-5.82179,40.93777],[-5.82445,40.93981],[-5.8267,40.94225],[-5.8259,40.94417],[-5.82274,40.94328],[-5.81814,40.94967],[-5.81456,40.95162],[-5.8136,40.95474],[-5.80927,40.95479],[-5.80858,40.95698],[-5.80418,40.95945],[-5.80584,40.96159],[-5.80228,40.96597],[-5.80429,40.96771],[-5.79843,40.9672],[-5.79673,40.9648],[-5.79656,40.95719],[-5.79858,40.95266],[-5.80015,40.95153],[-5.80155,40.95338],[-5.80474,40.95137],[-5.80336,40.94976],[-5.81059,40.94589],[-5.81571,40.93916],[-5.82037,40.93909],[-5.82068,40.93886]]]]}},{"type":"Feature","properties":{"mun_code":"37146","mun_name":"Gallegos de Solmirón","mun_name_local":null,"prov_code":"37","prov_name":"Salamanca","acom_code":"07","acom_name":"Castilla y León","geo_point_2d":{"lon":-5.462930439260797,"lat":40.53389302981307}},"geometry":{"type":"Polygon","coordinates":[[[-5.50817,40.54879],[-5.50003,40.54177],[-5.49465,40.54086],[-5.49331,40.53949],[-5.49375,40.53191],[-5.49138,40.52577],[-5.48487,40.51943],[-5.47691,40.50123],[-5.46195,40.49119],[-5.45236,40.49409],[-5.45031,40.49746],[-5.4506,40.50301],[-5.44805,40.50942],[-5.44699,40.52002],[-5.44222,40.52635],[-5.43974,40.52676],[-5.43345,40.53297],[-5.4298,40.55197],[-5.42556,40.55664],[-5.42851,40.56447],[-5.43108,40.56723],[-5.43805,40.56629],[-5.44899,40.5615],[-5.46061,40.55934],[-5.46733,40.56003],[-5.50374,40.55021],[-5.50817,40.54879]]]}},{"type":"Feature","properties":{"mun_code":"37157","mun_name":"Herguijuela de Ciudad Rodrigo","mun_name_local":null,"prov_code":"37","prov_name":"Salamanca","acom_code":"07","acom_name":"Castilla y León","geo_point_2d":{"lon":-6.515320359834628,"lat":40.43807658150586}},"geometry":{"type":"MultiPolygon","coordinates":[[[[-6.49486,40.39272],[-6.48161,40.40099],[-6.48141,40.41167],[-6.47869,40.41762],[-6.48203,40.42196],[-6.48918,40.42718],[-6.48769,40.43261],[-6.49144,40.43937],[-6.49332,40.44015],[-6.49137,40.44399],[-6.49372,40.44471],[-6.49865,40.4424],[-6.50175,40.43867],[-6.50299,40.44151],[-6.50787,40.43861],[-6.51295,40.4383],[-6.51195,40.44063],[-6.51758,40.43645],[-6.51438,40.43446],[-6.52326,40.42771],[-6.52428,40.4238],[-6.51547,40.42427],[-6.51414,40.41749],[-6.50851,40.40832],[-6.50338,40.40528],[-6.49524,40.39385],[-6.49486,40.39272]]],[[[-6.53869,40.47066],[-6.55504,40.4607],[-6.5512,40.45722],[-6.54985,40.45062],[-6.55118,40.447],[-6.5484,40.4447],[-6.54945,40.44276],[-6.54737,40.44187],[-6.54861,40.43782],[-6.54323,40.4372],[-6.53721,40.43311],[-6.5331,40.43429],[-6.53191,40.43893],[-6.52616,40.4397],[-6.52326,40.43809],[-6.51667,40.44036],[-6.51359,40.44314],[-6.516,40.44396],[-6.51576,40.44753],[-6.51795,40.44874],[-6.51488,40.4528],[-6.51642,40.45614],[-6.51342,40.46453],[-6.51493,40.46623],[-6.51289,40.47314],[-6.51476,40.47722],[-6.51403,40.48083],[-6.52106,40.47796],[-6.52811,40.47728],[-6.53177,40.47167],[-6.53778,40.47111],[-6.53869,40.47066]]]]}},{"type":"Feature","properties":{"mun_code":"37250","mun_name":"Pereña de la Ribera","mun_name_local":null,"prov_code":"37","prov_name":"Salamanca","acom_code":"07","acom_name":"Castilla y León","geo_point_2d":{"lon":-6.525107069850433,"lat":41.23030215033041}},"geometry":{"type":"Polygon","coordinates":[[[-6.57127,41.23907],[-6.57479,41.23299],[-6.57379,41.23053],[-6.57549,41.22919],[-6.57385,41.21964],[-6.57015,41.21812],[-6.57213,41.21612],[-6.56973,41.21343],[-6.57135,41.20983],[-6.56721,41.20655],[-6.5681,41.20255],[-6.5647,41.20073],[-6.56099,41.20378],[-6.55688,41.19798],[-6.55343,41.19787],[-6.55042,41.19572],[-6.54651,41.19985],[-6.54681,41.19666],[-6.53948,41.19427],[-6.53599,41.19684],[-6.52691,41.19837],[-6.52385,41.20037],[-6.52105,41.19761],[-6.51525,41.19532],[-6.50963,41.19791],[-6.50489,41.19689],[-6.50575,41.2002],[-6.50243,41.20161],[-6.50213,41.20371],[-6.49823,41.2052],[-6.49648,41.20421],[-6.48942,41.2093],[-6.49246,41.21487],[-6.48963,41.21786],[-6.48573,41.21798],[-6.48162,41.22041],[-6.48052,41.22538],[-6.47278,41.23245],[-6.47124,41.23867],[-6.47265,41.24415],[-6.475,41.24612],[-6.49149,41.24995],[-6.4996,41.25891],[-6.50111,41.26539],[-6.50926,41.26404],[-6.51244,41.26495],[-6.51676,41.27384],[-6.52188,41.27582],[-6.52494,41.27112],[-6.53033,41.26699],[-6.54711,41.25797],[-6.55158,41.24564],[-6.55509,41.24405],[-6.56702,41.24265],[-6.57065,41.23939],[-6.57127,41.23907]]]}},{"type":"Feature","properties":{"mun_code":"37054","mun_name":"El Bodón","mun_name_local":null,"prov_code":"37","prov_name":"Salamanca","acom_code":"07","acom_name":"Castilla y León","geo_point_2d":{"lon":-6.586620945119082,"lat":40.49769863080288}},"geometry":{"type":"Polygon","coordinates":[[[-6.6275,40.50698],[-6.63127,40.50164],[-6.6377,40.49894],[-6.63404,40.49351],[-6.63638,40.49275],[-6.63559,40.4907],[-6.62737,40.48395],[-6.61688,40.48387],[-6.6057,40.47533],[-6.6174,40.4626],[-6.60846,40.45791],[-6.60462,40.45801],[-6.59614,40.4531],[-6.5935,40.44477],[-6.58865,40.44009],[-6.58022,40.44413],[-6.57534,40.44483],[-6.57321,40.44954],[-6.56794,40.45093],[-6.56432,40.45447],[-6.56177,40.45398],[-6.55599,40.46025],[-6.53869,40.47066],[-6.54091,40.47622],[-6.55128,40.48592],[-6.54997,40.48865],[-6.55831,40.49536],[-6.55361,40.50018],[-6.55659,40.50236],[-6.54673,40.5135],[-6.5427,40.51207],[-6.53729,40.51562],[-6.53795,40.52288],[-6.56021,40.52852],[-6.55988,40.5308],[-6.56743,40.53207],[-6.57312,40.53102],[-6.57888,40.5336],[-6.59372,40.53671],[-6.59194,40.54365],[-6.58582,40.54902],[-6.59474,40.55582],[-6.5966,40.55807],[-6.59559,40.56018],[-6.6069,40.56331],[-6.61145,40.56247],[-6.60896,40.5532],[-6.61461,40.5502],[-6.61333,40.54601],[-6.60588,40.53938],[-6.60909,40.53417],[-6.61153,40.53471],[-6.61539,40.53229],[-6.61997,40.52116],[-6.62558,40.51773],[-6.62632,40.50914],[-6.6275,40.50698]]]}},{"type":"Feature","properties":{"mun_code":"37349","mun_name":"La Vídola","mun_name_local":null,"prov_code":"37","prov_name":"Salamanca","acom_code":"07","acom_name":"Castilla y León","geo_point_2d":{"lon":-6.481013435267804,"lat":41.15270052492357}},"geometry":{"type":"Polygon","coordinates":[[[-6.51468,41.13154],[-6.50886,41.12977],[-6.49469,41.12061],[-6.48543,41.11967],[-6.47889,41.12655],[-6.47236,41.12609],[-6.46231,41.1311],[-6.45941,41.13407],[-6.45764,41.14056],[-6.4541,41.14514],[-6.44282,41.15153],[-6.44424,41.15761],[-6.45452,41.17439],[-6.46972,41.18433],[-6.48474,41.18801],[-6.49215,41.18198],[-6.49724,41.17056],[-6.50752,41.16224],[-6.51452,41.1495],[-6.51628,41.14286],[-6.51481,41.13196],[-6.51468,41.13154]]]}},{"type":"Feature","properties":{"mun_code":"37281","mun_name":"Sanchón de la Sagrada","mun_name_local":null,"prov_code":"37","prov_name":"Salamanca","acom_code":"07","acom_name":"Castilla y León","geo_point_2d":{"lon":-6.025090104360346,"lat":40.75568017500049}},"geometry":{"type":"Polygon","coordinates":[[[-6.04593,40.78103],[-6.04752,40.78074],[-6.04671,40.77317],[-6.0382,40.76187],[-6.04392,40.76117],[-6.04528,40.7596],[-6.04072,40.75578],[-6.03668,40.7413],[-6.03809,40.73644],[-6.042,40.73405],[-6.04017,40.72487],[-6.04103,40.72223],[-6.03887,40.72143],[-6.0365,40.72724],[-6.01692,40.73793],[-5.99866,40.73695],[-5.99515,40.74109],[-5.99697,40.7438],[-5.99556,40.74781],[-5.98927,40.75333],[-5.99164,40.75565],[-5.99753,40.75499],[-5.99944,40.75667],[-6.00125,40.75542],[-6.01042,40.75769],[-6.02706,40.76592],[-6.0309,40.77182],[-6.03128,40.78264],[-6.03424,40.79016],[-6.03539,40.8017],[-6.03686,40.80292],[-6.04097,40.79897],[-6.04146,40.78989],[-6.0393,40.78759],[-6.04475,40.78138],[-6.04593,40.78103]]]}},{"type":"Feature","properties":{"mun_code":"37382","mun_name":"Zorita de la Frontera","mun_name_local":null,"prov_code":"37","prov_name":"Salamanca","acom_code":"07","acom_name":"Castilla y León","geo_point_2d":{"lon":-5.2021869901325335,"lat":41.01404791336538}},"geometry":{"type":"Polygon","coordinates":[[[-5.26601,41.01153],[-5.26676,41.00945],[-5.26443,41.00328],[-5.2522,41.00114],[-5.24373,40.99482],[-5.23729,40.9925],[-5.23046,40.99416],[-5.22668,40.99824],[-5.21816,41.00124],[-5.21204,40.99987],[-5.21246,40.99769],[-5.21043,40.99513],[-5.2113,40.99235],[-5.20952,40.99012],[-5.19007,40.98745],[-5.18789,40.99014],[-5.1882,40.99587],[-5.17996,40.99665],[-5.17551,41.00015],[-5.17434,41.00368],[-5.16397,41.00762],[-5.16539,41.0097],[-5.16145,41.01411],[-5.15297,41.01695],[-5.15054,41.0192],[-5.14758,41.02287],[-5.14872,41.02428],[-5.14637,41.02877],[-5.1474,41.03108],[-5.14079,41.03725],[-5.14219,41.03887],[-5.1414,41.04051],[-5.14654,41.04364],[-5.15373,41.0397],[-5.16394,41.03864],[-5.16633,41.0346],[-5.17237,41.03052],[-5.17468,41.03084],[-5.17783,41.02793],[-5.18093,41.02976],[-5.18767,41.02889],[-5.19334,41.0305],[-5.19788,41.02822],[-5.20017,41.02923],[-5.20263,41.02835],[-5.20412,41.02659],[-5.21112,41.03059],[-5.22054,41.03332],[-5.2308,41.03214],[-5.23051,41.02841],[-5.23541,41.02303],[-5.24815,41.02003],[-5.24822,41.01795],[-5.2576,41.01284],[-5.26324,41.01191],[-5.26601,41.01153]]]}},{"type":"Feature","properties":{"mun_code":"37327","mun_name":"Torresmenudas","mun_name_local":null,"prov_code":"37","prov_name":"Salamanca","acom_code":"07","acom_name":"Castilla y León","geo_point_2d":{"lon":-5.786398734614478,"lat":41.105934331341516}},"geometry":{"type":"Polygon","coordinates":[[[-5.80227,41.08592],[-5.79729,41.08284],[-5.78496,41.08208],[-5.78205,41.07906],[-5.78379,41.07516],[-5.78052,41.0755],[-5.77353,41.08476],[-5.77418,41.09353],[-5.77118,41.09624],[-5.77441,41.10207],[-5.77345,41.11453],[-5.77914,41.13056],[-5.78348,41.1354],[-5.78557,41.14104],[-5.79537,41.13831],[-5.79483,41.12886],[-5.79165,41.12467],[-5.80371,41.08732],[-5.80227,41.08592]]]}},{"type":"Feature","properties":{"mun_code":"37258","mun_name":"Puebla de Azaba","mun_name_local":null,"prov_code":"37","prov_name":"Salamanca","acom_code":"07","acom_name":"Castilla y León","geo_point_2d":{"lon":-6.738735355554485,"lat":40.44365014082104}},"geometry":{"type":"Polygon","coordinates":[[[-6.77594,40.44331],[-6.77123,40.44338],[-6.76783,40.43731],[-6.78336,40.42318],[-6.77722,40.41679],[-6.77077,40.4137],[-6.76463,40.41292],[-6.74903,40.41432],[-6.7398,40.42015],[-6.73569,40.42651],[-6.72697,40.42989],[-6.72406,40.43496],[-6.72492,40.43915],[-6.72362,40.44445],[-6.72158,40.4453],[-6.72095,40.44087],[-6.71895,40.44081],[-6.71549,40.44328],[-6.71584,40.44598],[-6.71415,40.44602],[-6.71658,40.45116],[-6.71515,40.45201],[-6.7095,40.44684],[-6.70622,40.44691],[-6.70445,40.44872],[-6.69936,40.44985],[-6.69279,40.45658],[-6.69002,40.45576],[-6.68836,40.45667],[-6.69055,40.46067],[-6.68965,40.46323],[-6.69107,40.46432],[-6.69487,40.46283],[-6.69682,40.46426],[-6.69644,40.47196],[-6.70182,40.47284],[-6.70324,40.47634],[-6.70888,40.47629],[-6.72554,40.46766],[-6.73173,40.46311],[-6.7347,40.45901],[-6.73926,40.46138],[-6.74643,40.45459],[-6.75768,40.45763],[-6.76326,40.45241],[-6.77513,40.45141],[-6.77389,40.4492],[-6.77573,40.44626],[-6.77594,40.44331]]]}},{"type":"Feature","properties":{"mun_code":"37037","mun_name":"La Atalaya","mun_name_local":null,"prov_code":"37","prov_name":"Salamanca","acom_code":"07","acom_name":"Castilla y León","geo_point_2d":{"lon":-6.406161649343397,"lat":40.5052843213521}},"geometry":{"type":"Polygon","coordinates":[[[-6.41272,40.53766],[-6.41475,40.53553],[-6.414,40.53351],[-6.42068,40.52468],[-6.42255,40.5247],[-6.42348,40.52083],[-6.42912,40.51604],[-6.42756,40.51405],[-6.42886,40.50998],[-6.43667,40.50407],[-6.43474,40.50129],[-6.43768,40.50113],[-6.43631,40.49879],[-6.44125,40.49927],[-6.44397,40.49201],[-6.43536,40.48802],[-6.40659,40.4822],[-6.4015,40.47551],[-6.39035,40.4745],[-6.39256,40.4804],[-6.3838,40.4804],[-6.38433,40.48483],[-6.37475,40.49965],[-6.37806,40.50356],[-6.38341,40.50512],[-6.38359,40.5138],[-6.38562,40.51821],[-6.3837,40.52424],[-6.38805,40.52676],[-6.38866,40.53318],[-6.39262,40.53701],[-6.39731,40.53641],[-6.40121,40.53852],[-6.40557,40.53595],[-6.41109,40.53696],[-6.41272,40.53766]]]}},{"type":"Feature","properties":{"mun_code":"37124","mun_name":"Endrinal","mun_name_local":null,"prov_code":"37","prov_name":"Salamanca","acom_code":"07","acom_name":"Castilla y León","geo_point_2d":{"lon":-5.812490708126383,"lat":40.59500282644871}},"geometry":{"type":"Polygon","coordinates":[[[-5.86098,40.55338],[-5.85367,40.54598],[-5.84404,40.55069],[-5.8394,40.54963],[-5.83175,40.5519],[-5.82811,40.55513],[-5.83224,40.55726],[-5.82443,40.5665],[-5.80728,40.56875],[-5.79715,40.56825],[-5.78258,40.56957],[-5.7798,40.572],[-5.77404,40.57135],[-5.76877,40.57235],[-5.77191,40.57971],[-5.76947,40.59026],[-5.77051,40.59681],[-5.78795,40.60186],[-5.79199,40.60753],[-5.79578,40.60915],[-5.79928,40.62183],[-5.81303,40.63235],[-5.81173,40.63489],[-5.80492,40.63849],[-5.80673,40.64274],[-5.81441,40.63938],[-5.81867,40.63932],[-5.82075,40.64226],[-5.82887,40.63698],[-5.83442,40.62827],[-5.84255,40.62478],[-5.84346,40.62203],[-5.84186,40.61388],[-5.84605,40.61232],[-5.84539,40.61049],[-5.85554,40.60544],[-5.85541,40.60337],[-5.85331,40.60195],[-5.84744,40.60257],[-5.83931,40.60144],[-5.83252,40.60288],[-5.82459,40.60883],[-5.81895,40.60695],[-5.81765,40.60303],[-5.82305,40.58566],[-5.82093,40.5817],[-5.82359,40.57805],[-5.83751,40.56971],[-5.83834,40.56484],[-5.84238,40.56145],[-5.84602,40.56062],[-5.84945,40.55577],[-5.85241,40.56021],[-5.86024,40.55401],[-5.86098,40.55338]]]}},{"type":"Feature","properties":{"mun_code":"37218","mun_name":"Navamorales","mun_name_local":null,"prov_code":"37","prov_name":"Salamanca","acom_code":"07","acom_name":"Castilla y León","geo_point_2d":{"lon":-5.486015184860196,"lat":40.48062452765645}},"geometry":{"type":"Polygon","coordinates":[[[-5.50828,40.47178],[-5.50803,40.46286],[-5.5004,40.45891],[-5.49495,40.45935],[-5.48904,40.45739],[-5.48633,40.4583],[-5.48159,40.45685],[-5.47806,40.46002],[-5.46937,40.46222],[-5.46555,40.46591],[-5.46772,40.46709],[-5.46045,40.47404],[-5.46286,40.48723],[-5.46195,40.49119],[-5.47691,40.50123],[-5.4808,40.50935],[-5.49683,40.50017],[-5.50381,40.49956],[-5.50605,40.49757],[-5.5045,40.49232],[-5.50737,40.48396],[-5.51347,40.48166],[-5.50936,40.47378],[-5.50828,40.47178]]]}},{"type":"Feature","properties":{"mun_code":"37005","mun_name":"La Alameda de Gardón","mun_name_local":null,"prov_code":"37","prov_name":"Salamanca","acom_code":"07","acom_name":"Castilla y León","geo_point_2d":{"lon":-6.770308253615423,"lat":40.636917255956504}},"geometry":{"type":"Polygon","coordinates":[[[-6.81307,40.62235],[-6.80735,40.62024],[-6.79467,40.61853],[-6.78504,40.61028],[-6.76652,40.60314],[-6.75138,40.60589],[-6.75084,40.61257],[-6.74463,40.61365],[-6.74397,40.62145],[-6.74143,40.62803],[-6.74303,40.63204],[-6.73759,40.63795],[-6.73424,40.63905],[-6.73031,40.64427],[-6.73037,40.64563],[-6.73669,40.64493],[-6.74056,40.64593],[-6.74492,40.65108],[-6.74216,40.65677],[-6.74339,40.66174],[-6.74057,40.66635],[-6.74265,40.67053],[-6.75644,40.66874],[-6.7576,40.67067],[-6.76068,40.67014],[-6.76115,40.67169],[-6.76878,40.67073],[-6.77197,40.66451],[-6.77484,40.66286],[-6.77541,40.65736],[-6.79402,40.66129],[-6.79949,40.65449],[-6.80623,40.63274],[-6.81257,40.62322],[-6.81307,40.62235]]]}},{"type":"Feature","properties":{"mun_code":"37138","mun_name":"Fuenterroble de Salvatierra","mun_name_local":null,"prov_code":"37","prov_name":"Salamanca","acom_code":"07","acom_name":"Castilla y León","geo_point_2d":{"lon":-5.740136574591915,"lat":40.549766211803124}},"geometry":{"type":"Polygon","coordinates":[[[-5.77117,40.52374],[-5.75814,40.52144],[-5.75005,40.52188],[-5.73217,40.52553],[-5.71603,40.52592],[-5.70998,40.52955],[-5.71046,40.53243],[-5.71417,40.53425],[-5.71587,40.53813],[-5.71969,40.53941],[-5.72189,40.54511],[-5.71313,40.54854],[-5.71155,40.55112],[-5.7045,40.55346],[-5.7061,40.56549],[-5.70998,40.57135],[-5.71366,40.57311],[-5.71759,40.57209],[-5.71849,40.57485],[-5.7234,40.57657],[-5.7288,40.57481],[-5.73958,40.5764],[-5.7483,40.57353],[-5.75891,40.57475],[-5.7624,40.57186],[-5.76877,40.57235],[-5.76778,40.55355],[-5.76914,40.5497],[-5.76852,40.54424],[-5.77077,40.53834],[-5.767,40.53088],[-5.77092,40.52481],[-5.77117,40.52374]]]}},{"type":"Feature","properties":{"mun_code":"37166","mun_name":"Ituero de Azaba","mun_name_local":null,"prov_code":"37","prov_name":"Salamanca","acom_code":"07","acom_name":"Castilla y León","geo_point_2d":{"lon":-6.6745850730072585,"lat":40.489025240332786}},"geometry":{"type":"Polygon","coordinates":[[[-6.71344,40.50054],[-6.72111,40.49384],[-6.7247,40.48539],[-6.71166,40.47902],[-6.70888,40.47629],[-6.70324,40.47634],[-6.70182,40.47284],[-6.69644,40.47196],[-6.69682,40.46426],[-6.69487,40.46283],[-6.69107,40.46432],[-6.68965,40.46323],[-6.6901,40.45914],[-6.68836,40.45667],[-6.68497,40.45528],[-6.6829,40.45516],[-6.678,40.45801],[-6.67731,40.46395],[-6.67332,40.46537],[-6.67177,40.47183],[-6.6632,40.47958],[-6.64807,40.47915],[-6.63533,40.48151],[-6.63074,40.47875],[-6.62652,40.48116],[-6.62615,40.48405],[-6.63559,40.4907],[-6.63638,40.49275],[-6.63404,40.49351],[-6.63775,40.49867],[-6.63536,40.50083],[-6.63127,40.50164],[-6.6275,40.50698],[-6.63127,40.50951],[-6.63631,40.50923],[-6.64237,40.50665],[-6.66948,40.51732],[-6.68822,40.49989],[-6.69151,40.50058],[-6.69128,40.49875],[-6.69706,40.49856],[-6.6984,40.49748],[-6.7007,40.4988],[-6.70364,40.49783],[-6.7084,40.49836],[-6.71219,40.50014],[-6.71344,40.50054]]]}},{"type":"Feature","properties":{"mun_code":"37380","mun_name":"Zarapicos","mun_name_local":null,"prov_code":"37","prov_name":"Salamanca","acom_code":"07","acom_name":"Castilla y León","geo_point_2d":{"lon":-5.8399944027195225,"lat":41.03557206640495}},"geometry":{"type":"Polygon","coordinates":[[[-5.85331,41.01277],[-5.85065,41.01413],[-5.84709,41.01193],[-5.84467,41.01236],[-5.83834,41.01767],[-5.83937,41.02115],[-5.83662,41.02144],[-5.8371,41.02284],[-5.83526,41.02423],[-5.8336,41.02928],[-5.83442,41.03259],[-5.83219,41.03632],[-5.82786,41.03945],[-5.82737,41.04239],[-5.81949,41.04486],[-5.81523,41.04415],[-5.81233,41.04684],[-5.81569,41.04903],[-5.81345,41.05117],[-5.81803,41.05133],[-5.81786,41.05525],[-5.82334,41.05369],[-5.82628,41.05467],[-5.82629,41.05594],[-5.82767,41.05178],[-5.8341,41.04528],[-5.83804,41.04647],[-5.84066,41.04899],[-5.85124,41.04658],[-5.85189,41.04482],[-5.8582,41.04508],[-5.85853,41.04412],[-5.85573,41.04293],[-5.8558,41.03801],[-5.85406,41.03547],[-5.85589,41.03221],[-5.852,41.02268],[-5.85285,41.01397],[-5.85331,41.01277]]]}},{"type":"Feature","properties":{"mun_code":"37009","mun_name":"Alba de Yeltes","mun_name_local":null,"prov_code":"37","prov_name":"Salamanca","acom_code":"07","acom_name":"Castilla y León","geo_point_2d":{"lon":-6.329256468851243,"lat":40.67100615465355}},"geometry":{"type":"Polygon","coordinates":[[[-6.37936,40.68701],[-6.37365,40.68201],[-6.36755,40.6706],[-6.36558,40.66529],[-6.36615,40.6599],[-6.36231,40.65815],[-6.36364,40.65264],[-6.36082,40.64942],[-6.34835,40.64939],[-6.33629,40.65567],[-6.3241,40.65459],[-6.31567,40.65777],[-6.29469,40.65934],[-6.29176,40.66568],[-6.29117,40.68081],[-6.28834,40.68539],[-6.29439,40.69577],[-6.30455,40.69318],[-6.31882,40.68113],[-6.32962,40.68296],[-6.34232,40.68724],[-6.34272,40.68944],[-6.34522,40.68908],[-6.3467,40.68835],[-6.34717,40.68416],[-6.35347,40.68115],[-6.35707,40.67619],[-6.36515,40.68263],[-6.37818,40.687],[-6.37936,40.68701]]]}},{"type":"Feature","properties":{"mun_code":"37266","mun_name":"La Redonda","mun_name_local":null,"prov_code":"37","prov_name":"Salamanca","acom_code":"07","acom_name":"Castilla y León","geo_point_2d":{"lon":-6.742213645281005,"lat":40.90888072479497}},"geometry":{"type":"Polygon","coordinates":[[[-6.76803,40.89392],[-6.75564,40.89196],[-6.73796,40.89131],[-6.72069,40.89115],[-6.70309,40.893],[-6.70708,40.90389],[-6.71252,40.90233],[-6.71852,40.90771],[-6.72046,40.90756],[-6.72765,40.91161],[-6.72826,40.92126],[-6.73123,40.92186],[-6.73588,40.92866],[-6.7407,40.92908],[-6.75898,40.93758],[-6.76764,40.91893],[-6.76398,40.91398],[-6.7675,40.89714],[-6.76803,40.89392]]]}},{"type":"Feature","properties":{"mun_code":"37172","mun_name":"Linares de Riofrío","mun_name_local":null,"prov_code":"37","prov_name":"Salamanca","acom_code":"07","acom_name":"Castilla y León","geo_point_2d":{"lon":-5.9191202274019075,"lat":40.58051825440586}},"geometry":{"type":"Polygon","coordinates":[[[-5.97074,40.58149],[-5.96811,40.57912],[-5.96961,40.5756],[-5.96059,40.573],[-5.94618,40.56462],[-5.93083,40.5676],[-5.91948,40.56266],[-5.91066,40.56352],[-5.89904,40.56042],[-5.89247,40.55501],[-5.87129,40.56772],[-5.8752,40.57301],[-5.87609,40.57862],[-5.87934,40.58363],[-5.87735,40.59098],[-5.8798,40.59603],[-5.88548,40.59628],[-5.89039,40.5928],[-5.90304,40.59134],[-5.9076,40.59298],[-5.9092,40.59701],[-5.91639,40.60132],[-5.91775,40.60584],[-5.92922,40.60505],[-5.93321,40.60125],[-5.93828,40.59964],[-5.95186,40.59967],[-5.95476,40.59357],[-5.96371,40.58641],[-5.96957,40.58462],[-5.97039,40.5831],[-5.97074,40.58149]]]}},{"type":"Feature","properties":{"mun_code":"37110","mun_name":"Cordovilla","mun_name_local":null,"prov_code":"37","prov_name":"Salamanca","acom_code":"07","acom_name":"Castilla y León","geo_point_2d":{"lon":-5.410384772011361,"lat":40.93903226968886}},"geometry":{"type":"Polygon","coordinates":[[[-5.44572,40.94105],[-5.44548,40.93843],[-5.43917,40.93554],[-5.43809,40.93361],[-5.43545,40.93429],[-5.43271,40.93276],[-5.43152,40.92876],[-5.42901,40.92702],[-5.4285,40.92242],[-5.42647,40.9211],[-5.42731,40.9201],[-5.42072,40.91683],[-5.41766,40.92075],[-5.40541,40.92114],[-5.39397,40.92707],[-5.37996,40.93629],[-5.3794,40.93979],[-5.37054,40.94775],[-5.37252,40.9493],[-5.38444,40.95065],[-5.39207,40.95423],[-5.40115,40.95528],[-5.40362,40.95752],[-5.41261,40.95495],[-5.41874,40.95156],[-5.42026,40.94602],[-5.41936,40.94267],[-5.42837,40.94744],[-5.42857,40.94932],[-5.44091,40.9532],[-5.44646,40.94347],[-5.44572,40.94105]]]}},{"type":"Feature","properties":{"mun_code":"37152","mun_name":"Gomecello","mun_name_local":null,"prov_code":"37","prov_name":"Salamanca","acom_code":"07","acom_name":"Castilla y León","geo_point_2d":{"lon":-5.5324193038495695,"lat":41.0329660982395}},"geometry":{"type":"Polygon","coordinates":[[[-5.57305,41.04531],[-5.57156,41.04108],[-5.56475,41.0359],[-5.56348,41.03197],[-5.55975,41.02895],[-5.56292,41.0232],[-5.5559,41.01297],[-5.54159,41.00852],[-5.53668,41.00774],[-5.5326,41.0098],[-5.52634,41.01622],[-5.51949,41.0181],[-5.51524,41.01767],[-5.50857,41.02261],[-5.502,41.02563],[-5.49843,41.02562],[-5.49824,41.02917],[-5.50146,41.03753],[-5.50033,41.03944],[-5.50221,41.05105],[-5.49911,41.05286],[-5.50026,41.0563],[-5.50521,41.05569],[-5.50709,41.05318],[-5.51121,41.0531],[-5.5191,41.04843],[-5.52584,41.0505],[-5.52999,41.05403],[-5.53723,41.05447],[-5.53869,41.057],[-5.54476,41.05191],[-5.5433,41.04994],[-5.54449,41.04725],[-5.54692,41.0472],[-5.54707,41.04563],[-5.55946,41.04408],[-5.5577,41.0409],[-5.56166,41.04314],[-5.56619,41.04259],[-5.56898,41.04373],[-5.57305,41.04531]]]}},{"type":"Feature","properties":{"mun_code":"37144","mun_name":"Galisancho","mun_name_local":null,"prov_code":"37","prov_name":"Salamanca","acom_code":"07","acom_name":"Castilla y León","geo_point_2d":{"lon":-5.545687751517176,"lat":40.72174803390806}},"geometry":{"type":"Polygon","coordinates":[[[-5.58997,40.71841],[-5.57984,40.71696],[-5.56922,40.71043],[-5.56331,40.71365],[-5.56129,40.7175],[-5.55536,40.7165],[-5.55048,40.71136],[-5.54918,40.70445],[-5.54624,40.69987],[-5.54421,40.69911],[-5.54222,40.69473],[-5.54566,40.69242],[-5.54362,40.69181],[-5.54389,40.68918],[-5.54163,40.68804],[-5.53933,40.68988],[-5.53681,40.6883],[-5.53368,40.68939],[-5.53025,40.6886],[-5.52594,40.69467],[-5.51958,40.69641],[-5.51931,40.69838],[-5.51628,40.69858],[-5.51698,40.70001],[-5.51904,40.70011],[-5.5176,40.70241],[-5.51921,40.7039],[-5.51737,40.70626],[-5.51423,40.70731],[-5.51583,40.7102],[-5.51341,40.71504],[-5.51569,40.71758],[-5.51441,40.72066],[-5.51695,40.72076],[-5.52102,40.72354],[-5.52367,40.72785],[-5.52566,40.72827],[-5.52751,40.72676],[-5.52886,40.72758],[-5.52763,40.73079],[-5.53025,40.73235],[-5.52453,40.73612],[-5.52855,40.73696],[-5.52788,40.73995],[-5.5304,40.74102],[-5.53281,40.74003],[-5.5328,40.74224],[-5.53587,40.74505],[-5.53583,40.74775],[-5.53322,40.74866],[-5.53601,40.74939],[-5.53615,40.75085],[-5.53904,40.74988],[-5.54091,40.75254],[-5.54233,40.75151],[-5.54143,40.75044],[-5.54466,40.75127],[-5.54822,40.75465],[-5.56026,40.74809],[-5.5615,40.7454],[-5.55976,40.74392],[-5.55998,40.74003],[-5.56193,40.73712],[-5.57451,40.73268],[-5.58456,40.73357],[-5.58212,40.72651],[-5.58948,40.71963],[-5.58997,40.71841]]]}},{"type":"Feature","properties":{"mun_code":"37183","mun_name":"Martín de Yeltes","mun_name_local":null,"prov_code":"37","prov_name":"Salamanca","acom_code":"07","acom_name":"Castilla y León","geo_point_2d":{"lon":-6.290018013909558,"lat":40.75135026127274}},"geometry":{"type":"Polygon","coordinates":[[[-6.36554,40.76433],[-6.36207,40.76279],[-6.36097,40.75959],[-6.35762,40.75699],[-6.35051,40.75307],[-6.34968,40.75135],[-6.35427,40.74592],[-6.35376,40.74313],[-6.35235,40.7402],[-6.34437,40.73298],[-6.33444,40.73798],[-6.32892,40.736],[-6.32851,40.74308],[-6.31692,40.75275],[-6.30256,40.74928],[-6.29399,40.74916],[-6.30552,40.73208],[-6.29623,40.71735],[-6.29778,40.71659],[-6.29811,40.71188],[-6.29608,40.70984],[-6.28471,40.70779],[-6.27645,40.69992],[-6.27343,40.70302],[-6.27172,40.70798],[-6.26081,40.70794],[-6.25432,40.71229],[-6.24791,40.71358],[-6.2422,40.71644],[-6.23395,40.71733],[-6.22641,40.72737],[-6.22692,40.73682],[-6.23291,40.74195],[-6.23742,40.74871],[-6.24581,40.75235],[-6.24684,40.75924],[-6.24985,40.76119],[-6.25281,40.7664],[-6.26318,40.76669],[-6.26501,40.7657],[-6.26828,40.77789],[-6.26936,40.77925],[-6.27236,40.77865],[-6.27387,40.78021],[-6.26748,40.78979],[-6.27676,40.79701],[-6.28399,40.79727],[-6.28864,40.79952],[-6.28999,40.79589],[-6.29431,40.7958],[-6.29894,40.79237],[-6.30331,40.79328],[-6.31447,40.79236],[-6.32468,40.77817],[-6.33363,40.78212],[-6.34079,40.7836],[-6.34756,40.77406],[-6.35548,40.76741],[-6.35797,40.76587],[-6.36058,40.76707],[-6.36316,40.76655],[-6.36554,40.76433]]]}},{"type":"Feature","properties":{"mun_code":"37222","mun_name":"Negrilla de Palencia","mun_name_local":null,"prov_code":"37","prov_name":"Salamanca","acom_code":"07","acom_name":"Castilla y León","geo_point_2d":{"lon":-5.6052509400387756,"lat":41.1142817336478}},"geometry":{"type":"MultiPolygon","coordinates":[[[[-5.5992,41.11232],[-5.60079,41.1103],[-5.59423,41.09753],[-5.59655,41.09603],[-5.59677,41.09257],[-5.59905,41.09236],[-5.59958,41.08999],[-5.5973,41.08848],[-5.60526,41.08206],[-5.60309,41.07878],[-5.60014,41.07886],[-5.59621,41.07457],[-5.59231,41.07454],[-5.58959,41.07598],[-5.59066,41.07851],[-5.58617,41.08102],[-5.58802,41.08285],[-5.58607,41.08226],[-5.58372,41.08463],[-5.57983,41.08577],[-5.57826,41.0884],[-5.58103,41.09296],[-5.57759,41.09719],[-5.5772,41.10118],[-5.5788,41.10412],[-5.58149,41.10432],[-5.58089,41.10672],[-5.58575,41.10724],[-5.58955,41.11219],[-5.59166,41.11185],[-5.59231,41.11018],[-5.59734,41.11161],[-5.5992,41.11232]]],[[[-5.60615,41.14476],[-5.61112,41.14232],[-5.61729,41.14635],[-5.61701,41.14409],[-5.61916,41.14586],[-5.62283,41.14499],[-5.62302,41.14038],[-5.63323,41.1402],[-5.63488,41.13026],[-5.63205,41.11813],[-5.62903,41.11936],[-5.62902,41.12133],[-5.6255,41.1197],[-5.62132,41.12233],[-5.61343,41.12134],[-5.60738,41.12497],[-5.60288,41.12572],[-5.60101,41.12476],[-5.60116,41.13575],[-5.60498,41.13989],[-5.60195,41.14281],[-5.60407,41.14543],[-5.60615,41.14476]]]]}},{"type":"Feature","properties":{"mun_code":"37302","mun_name":"Saucelle","mun_name_local":null,"prov_code":"37","prov_name":"Salamanca","acom_code":"07","acom_name":"Castilla y León","geo_point_2d":{"lon":-6.743009574274192,"lat":41.04877712187224}},"geometry":{"type":"Polygon","coordinates":[[[-6.80863,41.03678],[-6.8067,41.03449],[-6.78959,41.02804],[-6.78018,41.02099],[-6.77257,41.02174],[-6.76347,41.02489],[-6.75164,41.024],[-6.75188,41.02737],[-6.7501,41.02808],[-6.74658,41.02509],[-6.73122,41.02975],[-6.72401,41.02796],[-6.7088,41.03546],[-6.7071,41.03802],[-6.69829,41.03207],[-6.68334,41.02608],[-6.67988,41.0361],[-6.67963,41.04167],[-6.68493,41.04732],[-6.68627,41.05212],[-6.70001,41.06515],[-6.69711,41.06994],[-6.70009,41.07254],[-6.70127,41.08059],[-6.70715,41.08104],[-6.71913,41.07778],[-6.72211,41.07484],[-6.73077,41.07084],[-6.74623,41.07258],[-6.75284,41.06933],[-6.75761,41.069],[-6.76582,41.07166],[-6.77373,41.07246],[-6.775,41.07419],[-6.77741,41.07318],[-6.77939,41.07162],[-6.77937,41.0686],[-6.78694,41.06334],[-6.79093,41.05658],[-6.80175,41.04822],[-6.80897,41.04472],[-6.80835,41.03704],[-6.80863,41.03678]]]}},{"type":"Feature","properties":{"mun_code":"37057","mun_name":"Bóveda del Río Almar","mun_name_local":null,"prov_code":"37","prov_name":"Salamanca","acom_code":"07","acom_name":"Castilla y León","geo_point_2d":{"lon":-5.220055193404885,"lat":40.863497014151086}},"geometry":{"type":"Polygon","coordinates":[[[-5.25603,40.86],[-5.25474,40.85794],[-5.25707,40.85762],[-5.25356,40.8574],[-5.25106,40.85403],[-5.25401,40.85179],[-5.25297,40.84915],[-5.2545,40.84677],[-5.25174,40.84483],[-5.24931,40.84545],[-5.24977,40.84273],[-5.24525,40.84012],[-5.24842,40.83822],[-5.23911,40.83794],[-5.23831,40.83965],[-5.23396,40.84128],[-5.23483,40.84287],[-5.22993,40.84319],[-5.22664,40.84182],[-5.22248,40.84485],[-5.21986,40.84419],[-5.2129,40.84645],[-5.20751,40.84664],[-5.20651,40.84941],[-5.20387,40.84907],[-5.19904,40.85082],[-5.19792,40.85516],[-5.19365,40.85425],[-5.19372,40.85596],[-5.18906,40.85468],[-5.18766,40.85623],[-5.1812,40.85731],[-5.18284,40.85811],[-5.18068,40.85899],[-5.17935,40.86315],[-5.17495,40.86699],[-5.17502,40.87222],[-5.17695,40.87223],[-5.18324,40.87759],[-5.18955,40.87488],[-5.19604,40.87473],[-5.20167,40.88122],[-5.20748,40.87923],[-5.22084,40.88531],[-5.23434,40.88742],[-5.24009,40.89068],[-5.23921,40.88753],[-5.24357,40.88465],[-5.24469,40.88162],[-5.24348,40.87848],[-5.2457,40.87772],[-5.24298,40.87555],[-5.24419,40.87248],[-5.25129,40.86371],[-5.25454,40.8627],[-5.25551,40.86075],[-5.25603,40.86]]]}},{"type":"Feature","properties":{"mun_code":"37232","mun_name":"Paradinas de San Juan","mun_name_local":null,"prov_code":"37","prov_name":"Salamanca","acom_code":"07","acom_name":"Castilla y León","geo_point_2d":{"lon":-5.166096695849614,"lat":40.97052804715416}},"geometry":{"type":"Polygon","coordinates":[[[-5.21034,40.96716],[-5.20658,40.96711],[-5.20709,40.96485],[-5.19719,40.95762],[-5.19559,40.95472],[-5.1909,40.95627],[-5.18387,40.947],[-5.18028,40.94476],[-5.1831,40.94122],[-5.17814,40.93654],[-5.14682,40.94145],[-5.14094,40.9442],[-5.14036,40.94775],[-5.13513,40.94818],[-5.13384,40.95037],[-5.12817,40.94858],[-5.12636,40.95665],[-5.12806,40.95965],[-5.13234,40.9607],[-5.12911,40.97106],[-5.13229,40.9737],[-5.13152,40.97956],[-5.13423,40.98221],[-5.13542,40.9876],[-5.13818,40.98893],[-5.14185,40.99401],[-5.14826,40.99703],[-5.15051,41.00226],[-5.15626,41.00294],[-5.15675,41.00527],[-5.16098,41.00504],[-5.16397,41.00762],[-5.17434,41.00368],[-5.17551,41.00015],[-5.17996,40.99665],[-5.1882,40.99587],[-5.18835,40.98844],[-5.19007,40.98745],[-5.19912,40.98802],[-5.1989,40.98632],[-5.20165,40.98423],[-5.20368,40.98434],[-5.20474,40.98028],[-5.20819,40.97858],[-5.20722,40.97488],[-5.21319,40.97227],[-5.2107,40.96885],[-5.21034,40.96716]]]}},{"type":"Feature","properties":{"mun_code":"37233","mun_name":"Pastores","mun_name_local":null,"prov_code":"37","prov_name":"Salamanca","acom_code":"07","acom_name":"Castilla y León","geo_point_2d":{"lon":-6.498705431167077,"lat":40.52008721646489}},"geometry":{"type":"Polygon","coordinates":[[[-6.50993,40.54193],[-6.50856,40.53578],[-6.5123,40.53228],[-6.5121,40.52568],[-6.51457,40.52157],[-6.52412,40.5137],[-6.51376,40.5032],[-6.50292,40.5027],[-6.50052,40.50148],[-6.50042,40.49872],[-6.49629,40.49644],[-6.49536,40.49779],[-6.48671,40.49958],[-6.48341,40.50195],[-6.48448,40.51327],[-6.47706,40.52721],[-6.48484,40.53201],[-6.48483,40.53899],[-6.49075,40.54346],[-6.49382,40.54472],[-6.50226,40.54102],[-6.50963,40.5418],[-6.50993,40.54193]]]}},{"type":"Feature","properties":{"mun_code":"37204","mun_name":"Morasverdes","mun_name_local":null,"prov_code":"37","prov_name":"Salamanca","acom_code":"07","acom_name":"Castilla y León","geo_point_2d":{"lon":-6.283950393776445,"lat":40.596131839874204}},"geometry":{"type":"Polygon","coordinates":[[[-6.32884,40.59911],[-6.31911,40.58908],[-6.32089,40.58367],[-6.3174,40.57987],[-6.32207,40.5654],[-6.31086,40.56306],[-6.3111,40.55826],[-6.31541,40.55384],[-6.3105,40.55406],[-6.3048,40.55202],[-6.29839,40.55451],[-6.29447,40.5578],[-6.28697,40.55882],[-6.28391,40.56092],[-6.27963,40.55942],[-6.27591,40.56036],[-6.26777,40.5555],[-6.25808,40.55907],[-6.24798,40.56685],[-6.24478,40.56744],[-6.23977,40.57352],[-6.24887,40.57822],[-6.25075,40.59391],[-6.2468,40.62309],[-6.25402,40.6312],[-6.26269,40.6376],[-6.27979,40.64457],[-6.28549,40.6458],[-6.28828,40.64014],[-6.29591,40.63378],[-6.29981,40.62575],[-6.30203,40.62547],[-6.30449,40.6219],[-6.30818,40.62008],[-6.31347,40.62074],[-6.31794,40.61679],[-6.32344,40.6161],[-6.32593,40.60925],[-6.33352,40.60204],[-6.32959,40.59975],[-6.32884,40.59911]]]}},{"type":"Feature","properties":{"mun_code":"37207","mun_name":"Moriscos","mun_name_local":null,"prov_code":"37","prov_name":"Salamanca","acom_code":"07","acom_name":"Castilla y León","geo_point_2d":{"lon":-5.575054265945749,"lat":41.003411728419245}},"geometry":{"type":"Polygon","coordinates":[[[-5.60903,40.99792],[-5.59547,40.99166],[-5.58777,40.98992],[-5.58452,40.98485],[-5.564,40.98986],[-5.56014,40.99277],[-5.55913,40.99822],[-5.55608,41.00241],[-5.54175,41.00564],[-5.54159,41.00852],[-5.5559,41.01297],[-5.56292,41.0232],[-5.55956,41.02834],[-5.5627,41.02542],[-5.5681,41.02444],[-5.57155,41.02117],[-5.57329,41.02194],[-5.57299,41.01805],[-5.58693,41.013],[-5.59081,41.0093],[-5.60191,41.00408],[-5.60642,41.00017],[-5.60903,40.99792]]]}},{"type":"Feature","properties":{"mun_code":"37087","mun_name":"Carrascal de Barregas","mun_name_local":null,"prov_code":"37","prov_name":"Salamanca","acom_code":"07","acom_name":"Castilla y León","geo_point_2d":{"lon":-5.803190891033076,"lat":40.94318954821874}},"geometry":{"type":"MultiPolygon","coordinates":[[[[-5.85363,40.86994],[-5.85621,40.87105],[-5.85756,40.87012],[-5.85928,40.86821],[-5.85802,40.86524],[-5.86257,40.86205],[-5.85673,40.85347],[-5.85888,40.85176],[-5.86219,40.8516],[-5.86221,40.84981],[-5.85967,40.84793],[-5.85759,40.84229],[-5.854,40.84082],[-5.85042,40.83485],[-5.84212,40.8379],[-5.84217,40.84614],[-5.83598,40.84996],[-5.8487,40.86468],[-5.84953,40.86893],[-5.8529,40.86973],[-5.85363,40.86994]]],[[[-5.76159,40.89784],[-5.77007,40.89994],[-5.77439,40.89815],[-5.77992,40.898],[-5.7884,40.89305],[-5.79032,40.88929],[-5.78362,40.89031],[-5.76674,40.88515],[-5.76048,40.8919],[-5.7606,40.89583],[-5.76159,40.89784]]],[[[-5.77217,40.95557],[-5.7735,40.95314],[-5.77882,40.95041],[-5.80026,40.94271],[-5.80192,40.94068],[-5.80331,40.94213],[-5.80373,40.93967],[-5.8077,40.93569],[-5.80708,40.93306],[-5.80258,40.93103],[-5.80008,40.92443],[-5.80359,40.91463],[-5.8108,40.91424],[-5.813,40.91226],[-5.81727,40.91666],[-5.83069,40.91038],[-5.8384,40.90832],[-5.84142,40.90453],[-5.84935,40.90265],[-5.84958,40.89545],[-5.84779,40.89192],[-5.84448,40.88811],[-5.84117,40.88711],[-5.84184,40.88602],[-5.84015,40.88469],[-5.84248,40.88151],[-5.84183,40.87617],[-5.83417,40.87205],[-5.82399,40.87879],[-5.82326,40.88588],[-5.82028,40.88964],[-5.80933,40.89545],[-5.80387,40.90114],[-5.79326,40.89803],[-5.79092,40.89929],[-5.78914,40.90191],[-5.79107,40.90237],[-5.79066,40.90698],[-5.78549,40.90522],[-5.77874,40.90938],[-5.77491,40.90968],[-5.77215,40.90919],[-5.77418,40.90683],[-5.75173,40.91812],[-5.74869,40.91487],[-5.74199,40.91479],[-5.73888,40.91311],[-5.73313,40.91899],[-5.72992,40.91585],[-5.72602,40.91741],[-5.72455,40.9228],[-5.72909,40.93141],[-5.72973,40.94336],[-5.73284,40.94966],[-5.73626,40.95041],[-5.74444,40.94663],[-5.75584,40.94456],[-5.75781,40.94775],[-5.75996,40.94729],[-5.75923,40.95092],[-5.7621,40.95319],[-5.7651,40.95341],[-5.76574,40.95646],[-5.77178,40.95577],[-5.77217,40.95557]]],[[[-5.77698,40.99149],[-5.7789,40.99014],[-5.77648,40.98943],[-5.77887,40.9891],[-5.77876,40.98767],[-5.78127,40.98804],[-5.78124,40.98453],[-5.78575,40.98149],[-5.78167,40.97026],[-5.77925,40.96909],[-5.77477,40.97137],[-5.77066,40.96938],[-5.76732,40.97105],[-5.76257,40.96959],[-5.75729,40.97168],[-5.75431,40.96896],[-5.7537,40.97004],[-5.74519,40.96833],[-5.74772,40.97275],[-5.74565,40.97756],[-5.74375,40.97835],[-5.74473,40.98008],[-5.74207,40.98473],[-5.73534,40.98615],[-5.73308,40.98844],[-5.72977,40.98901],[-5.72837,40.99186],[-5.73309,40.99359],[-5.72859,41.00179],[-5.73894,41.00263],[-5.74344,41.00101],[-5.75104,41.00696],[-5.75597,41.00717],[-5.75546,41.00577],[-5.76046,41.00502],[-5.75993,41.00304],[-5.7654,41.00043],[-5.76353,40.99784],[-5.77431,40.99294],[-5.77698,40.99149]]],[[[-5.88354,41.0051],[-5.88166,40.99911],[-5.88838,40.99072],[-5.88654,40.98902],[-5.88758,40.98584],[-5.89228,40.98665],[-5.89348,40.9818],[-5.901,40.98236],[-5.90271,40.98041],[-5.89423,40.97149],[-5.88714,40.96597],[-5.88095,40.96328],[-5.88079,40.96205],[-5.87778,40.96265],[-5.87921,40.96818],[-5.87561,40.97158],[-5.87611,40.97425],[-5.87098,40.97925],[-5.85436,40.98112],[-5.84678,40.97979],[-5.83674,40.98323],[-5.83348,40.98015],[-5.82976,40.97983],[-5.82627,40.98158],[-5.82516,40.9805],[-5.81879,40.9811],[-5.82171,40.98258],[-5.81941,40.98674],[-5.81902,40.99197],[-5.82282,40.9993],[-5.82958,41.00158],[-5.83406,41.00693],[-5.84113,41.00801],[-5.84039,41.0101],[-5.84189,41.01224],[-5.84456,41.01191],[-5.84599,41.00953],[-5.85065,41.01413],[-5.85799,41.00957],[-5.86632,41.01103],[-5.86857,41.00601],[-5.87178,41.00328],[-5.88226,41.00496],[-5.88354,41.0051]]]]}},{"type":"Feature","properties":{"mun_code":"37154","mun_name":"Guadramiro","mun_name_local":null,"prov_code":"37","prov_name":"Salamanca","acom_code":"07","acom_name":"Castilla y León","geo_point_2d":{"lon":-6.494800981537265,"lat":41.01471364649036}},"geometry":{"type":"Polygon","coordinates":[[[-6.55422,40.98136],[-6.55226,40.97834],[-6.55293,40.97561],[-6.54712,40.97364],[-6.53514,40.98701],[-6.52034,40.99736],[-6.51728,40.99655],[-6.51375,40.99328],[-6.50756,40.98006],[-6.50307,40.97706],[-6.48389,40.99059],[-6.47622,40.99051],[-6.47446,41.00042],[-6.46848,41.01361],[-6.45944,41.02348],[-6.45472,41.03301],[-6.45359,41.03883],[-6.45541,41.04094],[-6.47033,41.04424],[-6.4802,41.05352],[-6.48745,41.04753],[-6.5053,41.04458],[-6.5107,41.02582],[-6.52371,41.01643],[-6.52871,41.00834],[-6.52683,41.00518],[-6.52786,40.99779],[-6.54265,40.98971],[-6.5498,40.98195],[-6.55221,40.98203],[-6.55422,40.98136]]]}},{"type":"Feature","properties":{"mun_code":"37099","mun_name":"Cereceda de la Sierra","mun_name_local":null,"prov_code":"37","prov_name":"Salamanca","acom_code":"07","acom_name":"Castilla y León","geo_point_2d":{"lon":-6.090717080287534,"lat":40.5668010019498}},"geometry":{"type":"Polygon","coordinates":[[[-6.116,40.59155],[-6.12249,40.58847],[-6.11247,40.58072],[-6.113,40.57228],[-6.10554,40.55428],[-6.09172,40.54646],[-6.08808,40.54292],[-6.07801,40.54462],[-6.07582,40.54328],[-6.05668,40.56275],[-6.06251,40.56491],[-6.083,40.57823],[-6.09069,40.58132],[-6.10176,40.59472],[-6.11322,40.59146],[-6.116,40.59155]]]}},{"type":"Feature","properties":{"mun_code":"37272","mun_name":"Saelices el Chico","mun_name_local":null,"prov_code":"37","prov_name":"Salamanca","acom_code":"07","acom_name":"Castilla y León","geo_point_2d":{"lon":-6.620250960668272,"lat":40.65475807624289}},"geometry":{"type":"Polygon","coordinates":[[[-6.66876,40.65871],[-6.65815,40.64577],[-6.65443,40.64406],[-6.64664,40.64418],[-6.64402,40.6427],[-6.64436,40.63818],[-6.65314,40.62772],[-6.65291,40.62502],[-6.63602,40.62459],[-6.63085,40.62711],[-6.62526,40.63558],[-6.62022,40.63626],[-6.61571,40.63323],[-6.61355,40.62452],[-6.60895,40.61714],[-6.60135,40.61386],[-6.59467,40.60897],[-6.59012,40.60786],[-6.58557,40.61456],[-6.58501,40.6181],[-6.58093,40.61928],[-6.5765,40.6258],[-6.57859,40.63039],[-6.57786,40.6323],[-6.59308,40.64187],[-6.5934,40.64343],[-6.59019,40.64375],[-6.58765,40.64798],[-6.58001,40.65112],[-6.58866,40.65663],[-6.58191,40.65627],[-6.57989,40.66238],[-6.57262,40.66866],[-6.57445,40.6752],[-6.58879,40.67399],[-6.60422,40.67932],[-6.60916,40.68273],[-6.60944,40.6865],[-6.60724,40.68946],[-6.61488,40.69533],[-6.6173,40.69529],[-6.62259,40.69065],[-6.62896,40.69124],[-6.63248,40.68782],[-6.64193,40.68583],[-6.64513,40.68362],[-6.65606,40.68344],[-6.65893,40.68474],[-6.66914,40.67121],[-6.66942,40.66003],[-6.66876,40.65871]]]}},{"type":"Feature","properties":{"mun_code":"37201","mun_name":"Montemayor del Río","mun_name_local":null,"prov_code":"37","prov_name":"Salamanca","acom_code":"07","acom_name":"Castilla y León","geo_point_2d":{"lon":-5.892443948983084,"lat":40.35205742959156}},"geometry":{"type":"Polygon","coordinates":[[[-5.93677,40.35674],[-5.93545,40.3519],[-5.91719,40.34298],[-5.91521,40.33975],[-5.90556,40.34087],[-5.89782,40.33443],[-5.89097,40.33389],[-5.88424,40.3266],[-5.8858,40.33141],[-5.87761,40.34293],[-5.87448,40.34629],[-5.86751,40.34779],[-5.84837,40.36642],[-5.84845,40.37004],[-5.85999,40.36835],[-5.87006,40.3629],[-5.87857,40.36466],[-5.88368,40.36771],[-5.89182,40.36231],[-5.90114,40.36021],[-5.91567,40.3613],[-5.93507,40.35689],[-5.93677,40.35674]]]}},{"type":"Feature","properties":{"mun_code":"37304","mun_name":"Sepulcro-Hilario","mun_name_local":null,"prov_code":"37","prov_name":"Salamanca","acom_code":"07","acom_name":"Castilla y León","geo_point_2d":{"lon":-6.191001720496096,"lat":40.694146447228604}},"geometry":{"type":"Polygon","coordinates":[[[-6.25762,40.71043],[-6.25416,40.70415],[-6.24253,40.70812],[-6.23994,40.70651],[-6.23804,40.70846],[-6.23399,40.70606],[-6.22887,40.7059],[-6.22143,40.70132],[-6.2188,40.6894],[-6.21195,40.67917],[-6.20876,40.66903],[-6.18999,40.66295],[-6.18547,40.65984],[-6.17934,40.66017],[-6.17202,40.6571],[-6.16496,40.65034],[-6.15853,40.65374],[-6.15258,40.66252],[-6.15168,40.66685],[-6.14564,40.6773],[-6.15004,40.67788],[-6.15239,40.67971],[-6.15809,40.68902],[-6.15992,40.6956],[-6.16395,40.7002],[-6.16497,40.70779],[-6.16227,40.70823],[-6.16204,40.71206],[-6.16338,40.71518],[-6.17595,40.72557],[-6.19606,40.72985],[-6.19801,40.72971],[-6.19942,40.727],[-6.20113,40.72799],[-6.20467,40.72577],[-6.20654,40.72183],[-6.21792,40.72567],[-6.22244,40.72432],[-6.22857,40.7248],[-6.23395,40.71733],[-6.2422,40.71644],[-6.25648,40.71098],[-6.25762,40.71043]]]}},{"type":"Feature","properties":{"mun_code":"37376","mun_name":"Vitigudino","mun_name_local":null,"prov_code":"37","prov_name":"Salamanca","acom_code":"07","acom_name":"Castilla y León","geo_point_2d":{"lon":-6.424913825917592,"lat":41.019108735000174}},"geometry":{"type":"Polygon","coordinates":[[[-6.47622,40.99051],[-6.4645,40.98113],[-6.45512,40.97778],[-6.45375,40.98016],[-6.44244,40.98091],[-6.4266,40.98587],[-6.42435,40.98443],[-6.41879,40.98679],[-6.41591,40.98635],[-6.41246,40.98327],[-6.40472,40.98386],[-6.39825,40.98684],[-6.3959,40.98521],[-6.39228,40.98584],[-6.38947,40.98369],[-6.38966,40.98733],[-6.38663,40.99025],[-6.39373,40.99161],[-6.3957,40.9934],[-6.39283,41.00916],[-6.37423,41.0311],[-6.37492,41.03445],[-6.3769,41.03586],[-6.38756,41.0388],[-6.39017,41.05215],[-6.39427,41.05905],[-6.39323,41.06438],[-6.39799,41.06395],[-6.4109,41.06648],[-6.41219,41.06471],[-6.42148,41.06383],[-6.44405,41.04759],[-6.44879,41.04155],[-6.45359,41.03883],[-6.45944,41.02348],[-6.46848,41.01361],[-6.47446,41.00042],[-6.47613,40.99144],[-6.47622,40.99051]]]}},{"type":"Feature","properties":{"mun_code":"37293","mun_name":"Santa María de Sando","mun_name_local":null,"prov_code":"37","prov_name":"Salamanca","acom_code":"07","acom_name":"Castilla y León","geo_point_2d":{"lon":-6.133074564570999,"lat":40.982015681905054}},"geometry":{"type":"Polygon","coordinates":[[[-6.17608,40.97834],[-6.173,40.97586],[-6.16274,40.97365],[-6.15946,40.96973],[-6.15425,40.96769],[-6.13253,40.96401],[-6.12279,40.9696],[-6.11851,40.97546],[-6.11388,40.97572],[-6.11264,40.97876],[-6.10756,40.97915],[-6.09887,40.98472],[-6.09575,40.98896],[-6.09739,40.98923],[-6.09786,40.99317],[-6.10329,40.99285],[-6.11033,40.99435],[-6.12363,41.00365],[-6.12475,40.99946],[-6.12841,40.99858],[-6.12807,40.9975],[-6.13292,40.99523],[-6.14635,40.99368],[-6.14571,40.99225],[-6.15117,40.9883],[-6.15262,40.98441],[-6.16174,40.98066],[-6.17167,40.98215],[-6.17115,40.97966],[-6.17502,40.97911],[-6.17608,40.97834]]]}},{"type":"Feature","properties":{"mun_code":"37318","mun_name":"Tardáguila","mun_name_local":null,"prov_code":"37","prov_name":"Salamanca","acom_code":"07","acom_name":"Castilla y León","geo_point_2d":{"lon":-5.57918311068658,"lat":41.13938807936423}},"geometry":{"type":"Polygon","coordinates":[[[-5.60615,41.14476],[-5.60407,41.14543],[-5.60195,41.14281],[-5.60498,41.13989],[-5.60116,41.13575],[-5.60144,41.12772],[-5.59988,41.12348],[-5.60086,41.11758],[-5.59872,41.11697],[-5.59638,41.11358],[-5.5992,41.11232],[-5.59231,41.11018],[-5.59166,41.11185],[-5.58955,41.11219],[-5.58575,41.10724],[-5.58089,41.10672],[-5.58149,41.10432],[-5.5788,41.10412],[-5.57805,41.1028],[-5.56978,41.10596],[-5.56487,41.11171],[-5.56496,41.11418],[-5.56221,41.11463],[-5.56298,41.11809],[-5.561,41.11842],[-5.55947,41.11594],[-5.5557,41.12457],[-5.55755,41.12526],[-5.55544,41.12743],[-5.5527,41.12742],[-5.54805,41.13233],[-5.55194,41.1374],[-5.54942,41.13884],[-5.55555,41.14321],[-5.55294,41.1468],[-5.55436,41.14756],[-5.55056,41.15221],[-5.55557,41.1531],[-5.56532,41.14831],[-5.56524,41.15155],[-5.56822,41.15589],[-5.56902,41.16781],[-5.57646,41.17327],[-5.57845,41.1776],[-5.59253,41.18757],[-5.59413,41.18764],[-5.59452,41.18324],[-5.58925,41.17433],[-5.58643,41.16309],[-5.59186,41.15843],[-5.59946,41.15759],[-5.60548,41.15283],[-5.60615,41.14476]]]}},{"type":"Feature","properties":{"mun_code":"37035","mun_name":"Armenteros","mun_name_local":null,"prov_code":"37","prov_name":"Salamanca","acom_code":"07","acom_name":"Castilla y León","geo_point_2d":{"lon":-5.473576311731234,"lat":40.6090773973631}},"geometry":{"type":"Polygon","coordinates":[[[-5.52681,40.61762],[-5.52663,40.61538],[-5.52273,40.6127],[-5.50541,40.61293],[-5.50396,40.60022],[-5.50149,40.59872],[-5.50682,40.59507],[-5.51008,40.59037],[-5.50589,40.59004],[-5.50086,40.59735],[-5.4989,40.58991],[-5.49966,40.58159],[-5.49576,40.58127],[-5.48779,40.58327],[-5.48567,40.58161],[-5.4753,40.58115],[-5.47278,40.57991],[-5.4668,40.58044],[-5.46429,40.57971],[-5.46438,40.57759],[-5.46154,40.57736],[-5.44765,40.57959],[-5.44619,40.58579],[-5.44296,40.58694],[-5.4409,40.59],[-5.43879,40.58891],[-5.43358,40.59092],[-5.42943,40.59575],[-5.42417,40.5975],[-5.42273,40.60525],[-5.41435,40.60977],[-5.42902,40.6168],[-5.42996,40.61916],[-5.43579,40.61867],[-5.46359,40.63116],[-5.48709,40.63732],[-5.50127,40.63964],[-5.50573,40.63827],[-5.51207,40.63917],[-5.5168,40.63799],[-5.51822,40.63112],[-5.52368,40.62618],[-5.5243,40.62205],[-5.52661,40.61962],[-5.52681,40.61762]]]}},{"type":"Feature","properties":{"mun_code":"37050","mun_name":"Berrocal de Huebra","mun_name_local":null,"prov_code":"37","prov_name":"Salamanca","acom_code":"07","acom_name":"Castilla y León","geo_point_2d":{"lon":-6.005749856859167,"lat":40.70828840181202}},"geometry":{"type":"Polygon","coordinates":[[[-6.06237,40.69667],[-6.05458,40.694],[-6.0499,40.69392],[-6.04559,40.69098],[-6.04094,40.69324],[-6.03339,40.69155],[-6.02892,40.68946],[-6.02607,40.68459],[-6.0207,40.68135],[-6.02172,40.67915],[-6.0177,40.6765],[-6.01128,40.67912],[-6.0101,40.68171],[-6.0034,40.68627],[-5.99788,40.6835],[-5.9956,40.68365],[-5.99754,40.6878],[-5.9934,40.6866],[-5.99363,40.6855],[-5.99071,40.68394],[-5.98405,40.68292],[-5.97737,40.68425],[-5.97378,40.68183],[-5.97058,40.68177],[-5.96848,40.68665],[-5.96413,40.68784],[-5.96148,40.69182],[-5.96365,40.6951],[-5.96115,40.69494],[-5.95608,40.70153],[-5.95593,40.70598],[-5.96152,40.70908],[-5.96345,40.70837],[-5.97203,40.71501],[-5.97984,40.72435],[-5.97699,40.72743],[-5.96333,40.73147],[-5.96011,40.7352],[-5.96653,40.73703],[-5.98574,40.73532],[-5.98902,40.73717],[-5.99468,40.73401],[-5.99866,40.73695],[-6.01692,40.73793],[-6.0365,40.72724],[-6.03887,40.72143],[-6.04103,40.72223],[-6.04856,40.71125],[-6.05761,40.70621],[-6.06186,40.7061],[-6.06281,40.69973],[-6.06237,40.69667]]]}},{"type":"Feature","properties":{"mun_code":"37341","mun_name":"Valverde de Valdelacasa","mun_name_local":null,"prov_code":"37","prov_name":"Salamanca","acom_code":"07","acom_name":"Castilla y León","geo_point_2d":{"lon":-5.783363472848016,"lat":40.48688798623922}},"geometry":{"type":"Polygon","coordinates":[[[-5.80621,40.50116],[-5.79983,40.49671],[-5.79542,40.48754],[-5.78788,40.47882],[-5.79509,40.46392],[-5.78577,40.46916],[-5.78282,40.46881],[-5.7769,40.47191],[-5.77533,40.47127],[-5.77016,40.47442],[-5.76449,40.48183],[-5.76966,40.48444],[-5.77045,40.48634],[-5.77049,40.49175],[-5.76807,40.49772],[-5.77633,40.50105],[-5.78015,40.50092],[-5.78357,40.49915],[-5.79678,40.50443],[-5.79961,40.50319],[-5.80621,40.50116]]]}},{"type":"Feature","properties":{"mun_code":"37080","mun_name":"Cantagallo","mun_name_local":null,"prov_code":"37","prov_name":"Salamanca","acom_code":"07","acom_name":"Castilla y León","geo_point_2d":{"lon":-5.816217936104106,"lat":40.370759989337614}},"geometry":{"type":"Polygon","coordinates":[[[-5.84275,40.37523],[-5.82708,40.36401],[-5.80674,40.35839],[-5.79751,40.35325],[-5.79328,40.35855],[-5.80002,40.37164],[-5.80118,40.37823],[-5.80487,40.38075],[-5.81328,40.38276],[-5.82185,40.38116],[-5.8257,40.37913],[-5.83897,40.38359],[-5.84285,40.37613],[-5.84275,40.37523]]]}},{"type":"Feature","properties":{"mun_code":"37271","mun_name":"Rollán","mun_name_local":null,"prov_code":"37","prov_name":"Salamanca","acom_code":"07","acom_name":"Castilla y León","geo_point_2d":{"lon":-5.922053840721566,"lat":40.960628083778495}},"geometry":{"type":"Polygon","coordinates":[[[-5.96924,40.95596],[-5.96934,40.95323],[-5.95836,40.95274],[-5.95088,40.94785],[-5.94655,40.94849],[-5.94247,40.94679],[-5.9425,40.94286],[-5.94081,40.9429],[-5.93736,40.93969],[-5.93456,40.94003],[-5.92973,40.93831],[-5.92326,40.93432],[-5.9135,40.94299],[-5.90944,40.94176],[-5.90426,40.94387],[-5.90255,40.94318],[-5.90071,40.94595],[-5.8978,40.94378],[-5.89497,40.94516],[-5.89422,40.94362],[-5.89061,40.9433],[-5.89181,40.94867],[-5.89411,40.95138],[-5.89324,40.95534],[-5.88075,40.96294],[-5.88714,40.96597],[-5.89762,40.97601],[-5.90176,40.97813],[-5.90271,40.98041],[-5.901,40.98236],[-5.90231,40.98371],[-5.9179,40.98798],[-5.92165,40.98795],[-5.93265,40.97913],[-5.94252,40.96594],[-5.9482,40.96779],[-5.95113,40.9654],[-5.95782,40.9637],[-5.96062,40.96453],[-5.96861,40.96065],[-5.9692,40.95687],[-5.96924,40.95596]]]}},{"type":"Feature","properties":{"mun_code":"37305","mun_name":"Sequeros","mun_name_local":null,"prov_code":"37","prov_name":"Salamanca","acom_code":"07","acom_name":"Castilla y León","geo_point_2d":{"lon":-6.028136019598636,"lat":40.51100098382737}},"geometry":{"type":"Polygon","coordinates":[[[-6.04345,40.52504],[-6.04229,40.51702],[-6.04342,40.51399],[-6.04056,40.5103],[-6.03464,40.50848],[-6.03285,40.50653],[-6.03347,40.50065],[-6.03812,40.49758],[-6.0374,40.49638],[-6.03391,40.49448],[-6.02156,40.49314],[-6.01803,40.49906],[-6.01676,40.50724],[-6.01868,40.50971],[-6.01699,40.51329],[-6.01118,40.51384],[-6.0114,40.51628],[-6.01796,40.52247],[-6.02744,40.52263],[-6.03312,40.5275],[-6.03833,40.52419],[-6.04256,40.52527],[-6.04345,40.52504]]]}},{"type":"Feature","properties":{"mun_code":"37289","mun_name":"San Muñoz","mun_name_local":null,"prov_code":"37","prov_name":"Salamanca","acom_code":"07","acom_name":"Castilla y León","geo_point_2d":{"lon":-6.127244956638383,"lat":40.76670918582787}},"geometry":{"type":"Polygon","coordinates":[[[-6.19015,40.76466],[-6.1877,40.76475],[-6.18495,40.76708],[-6.18124,40.76713],[-6.16683,40.76315],[-6.16228,40.76464],[-6.15747,40.75898],[-6.15008,40.75597],[-6.14847,40.75691],[-6.14349,40.75521],[-6.14461,40.75402],[-6.14212,40.75057],[-6.14327,40.74712],[-6.13837,40.73859],[-6.13522,40.73687],[-6.13676,40.73328],[-6.12423,40.72742],[-6.12325,40.71663],[-6.11593,40.71715],[-6.11286,40.71449],[-6.11099,40.70891],[-6.10306,40.70445],[-6.09176,40.70356],[-6.08938,40.71122],[-6.09546,40.71846],[-6.09368,40.72166],[-6.08607,40.72699],[-6.08276,40.73477],[-6.09451,40.73938],[-6.10493,40.74083],[-6.11117,40.74604],[-6.11012,40.75536],[-6.10565,40.76009],[-6.09545,40.76402],[-6.08983,40.77056],[-6.08209,40.77484],[-6.08879,40.77998],[-6.09047,40.78712],[-6.08655,40.79375],[-6.08108,40.79921],[-6.06938,40.8048],[-6.07111,40.80668],[-6.07653,40.80485],[-6.08942,40.79591],[-6.09864,40.79481],[-6.11173,40.79925],[-6.106,40.80788],[-6.11335,40.81413],[-6.1225,40.81507],[-6.12934,40.81105],[-6.14017,40.80727],[-6.14163,40.8051],[-6.14541,40.80426],[-6.14571,40.79924],[-6.14916,40.79634],[-6.15721,40.79749],[-6.15939,40.79581],[-6.16517,40.79542],[-6.17554,40.78889],[-6.178,40.78538],[-6.18087,40.78751],[-6.18191,40.78593],[-6.18278,40.78671],[-6.18931,40.78516],[-6.18966,40.78138],[-6.18576,40.77561],[-6.1887,40.77247],[-6.18975,40.765],[-6.19015,40.76466]]]}},{"type":"Feature","properties":{"mun_code":"37102","mun_name":"El Cerro","mun_name_local":null,"prov_code":"37","prov_name":"Salamanca","acom_code":"07","acom_name":"Castilla y León","geo_point_2d":{"lon":-5.922612286194322,"lat":40.30913811286596}},"geometry":{"type":"Polygon","coordinates":[[[-5.96495,40.29149],[-5.94167,40.28442],[-5.93778,40.28107],[-5.92084,40.2809],[-5.91717,40.2777],[-5.91398,40.28708],[-5.9078,40.29035],[-5.8923,40.3119],[-5.89346,40.31863],[-5.88424,40.3266],[-5.89097,40.33389],[-5.89782,40.33443],[-5.90556,40.34087],[-5.91521,40.33975],[-5.92675,40.33558],[-5.93159,40.33125],[-5.93578,40.3226],[-5.93923,40.32072],[-5.94444,40.31378],[-5.95474,40.30765],[-5.95476,40.30238],[-5.96147,40.29759],[-5.96457,40.29279],[-5.96495,40.29149]]]}},{"type":"Feature","properties":{"mun_code":"37168","mun_name":"Lagunilla","mun_name_local":null,"prov_code":"37","prov_name":"Salamanca","acom_code":"07","acom_name":"Castilla y León","geo_point_2d":{"lon":-5.972871367483954,"lat":40.32976166561279}},"geometry":{"type":"Polygon","coordinates":[[[-6.01643,40.31652],[-6.01026,40.31233],[-6.00532,40.30537],[-5.99214,40.29901],[-5.97888,40.29698],[-5.97564,40.29317],[-5.96655,40.2897],[-5.96147,40.29759],[-5.95476,40.30238],[-5.95474,40.30765],[-5.94444,40.31378],[-5.93923,40.32072],[-5.93578,40.3226],[-5.92855,40.33457],[-5.91521,40.33975],[-5.91548,40.34135],[-5.93545,40.3519],[-5.93677,40.35674],[-5.94941,40.36151],[-5.9633,40.3647],[-5.97132,40.35337],[-5.98009,40.35065],[-5.98596,40.35354],[-5.99197,40.35365],[-6.00112,40.35782],[-6.0067,40.35757],[-6.0091,40.34786],[-6.01614,40.33998],[-6.01815,40.33359],[-6.01958,40.32264],[-6.01721,40.31925],[-6.01643,40.31652]]]}},{"type":"Feature","properties":{"mun_code":"37333","mun_name":"Valdelacasa","mun_name_local":null,"prov_code":"37","prov_name":"Salamanca","acom_code":"07","acom_name":"Castilla y León","geo_point_2d":{"lon":-5.764500165128326,"lat":40.511294425232684}},"geometry":{"type":"Polygon","coordinates":[[[-5.79678,40.50443],[-5.78357,40.49915],[-5.77848,40.50127],[-5.76807,40.49772],[-5.76146,40.49925],[-5.7534,40.50419],[-5.73721,40.51967],[-5.72885,40.52574],[-5.74264,40.52265],[-5.75713,40.52147],[-5.77117,40.52374],[-5.77253,40.51989],[-5.77762,40.51475],[-5.7946,40.50564],[-5.79678,40.50443]]]}},{"type":"Feature","properties":{"mun_code":"37332","mun_name":"Valdehijaderos","mun_name_local":null,"prov_code":"37","prov_name":"Salamanca","acom_code":"07","acom_name":"Castilla y León","geo_point_2d":{"lon":-5.848090445777739,"lat":40.4198995728471}},"geometry":{"type":"Polygon","coordinates":[[[-5.87104,40.40433],[-5.84242,40.40042],[-5.83614,40.4066],[-5.8296,40.41784],[-5.82699,40.43522],[-5.84908,40.44088],[-5.86241,40.42987],[-5.87123,40.40571],[-5.87104,40.40433]]]}},{"type":"Feature","properties":{"mun_code":"37127","mun_name":"Espeja","mun_name_local":null,"prov_code":"37","prov_name":"Salamanca","acom_code":"07","acom_name":"Castilla y León","geo_point_2d":{"lon":-6.745650949755253,"lat":40.51818125124371}},"geometry":{"type":"Polygon","coordinates":[[[-6.81988,40.48789],[-6.81032,40.48623],[-6.80478,40.47922],[-6.80444,40.47086],[-6.8075,40.46501],[-6.80215,40.46445],[-6.79052,40.45856],[-6.7796,40.45607],[-6.77513,40.45141],[-6.77256,40.45109],[-6.76326,40.45241],[-6.75768,40.45763],[-6.74643,40.45459],[-6.73926,40.46138],[-6.7347,40.45901],[-6.73173,40.46311],[-6.72554,40.46766],[-6.70888,40.47629],[-6.71166,40.47902],[-6.7247,40.48539],[-6.72111,40.49384],[-6.71134,40.50326],[-6.70958,40.51008],[-6.70348,40.51462],[-6.70509,40.51568],[-6.6954,40.51519],[-6.69506,40.51716],[-6.69884,40.52273],[-6.69795,40.52778],[-6.68642,40.54275],[-6.68571,40.54884],[-6.68939,40.55046],[-6.69042,40.55247],[-6.68451,40.55859],[-6.68173,40.56443],[-6.68466,40.5685],[-6.69632,40.57233],[-6.70114,40.57612],[-6.69992,40.58565],[-6.69654,40.58957],[-6.69632,40.59886],[-6.70475,40.59784],[-6.71209,40.59455],[-6.71873,40.59478],[-6.74405,40.58915],[-6.74364,40.58752],[-6.75019,40.58007],[-6.7485,40.5741],[-6.75027,40.56743],[-6.74537,40.56536],[-6.7376,40.56475],[-6.73467,40.56198],[-6.74263,40.55708],[-6.7544,40.54634],[-6.76056,40.54504],[-6.76204,40.53701],[-6.76489,40.5354],[-6.76795,40.53054],[-6.77146,40.52874],[-6.78096,40.52753],[-6.78591,40.53021],[-6.79774,40.53187],[-6.80321,40.52989],[-6.79745,40.52243],[-6.79527,40.51136],[-6.81083,40.50516],[-6.8147,40.50156],[-6.818,40.49461],[-6.81848,40.48903],[-6.81988,40.48789]]]}},{"type":"Feature","properties":{"mun_code":"37205","mun_name":"Morille","mun_name_local":null,"prov_code":"37","prov_name":"Salamanca","acom_code":"07","acom_name":"Castilla y León","geo_point_2d":{"lon":-5.70075677402984,"lat":40.806563781822206}},"geometry":{"type":"Polygon","coordinates":[[[-5.7238,40.82862],[-5.72787,40.82041],[-5.72752,40.81325],[-5.73466,40.80556],[-5.72304,40.80265],[-5.72589,40.79951],[-5.72592,40.79603],[-5.72432,40.79525],[-5.72621,40.79396],[-5.72259,40.7928],[-5.72091,40.79054],[-5.71936,40.78262],[-5.71365,40.7721],[-5.71485,40.77521],[-5.71002,40.77864],[-5.70473,40.77748],[-5.70216,40.781],[-5.69527,40.78506],[-5.68061,40.79122],[-5.67855,40.78955],[-5.67428,40.7908],[-5.67247,40.79007],[-5.66962,40.79236],[-5.67427,40.79556],[-5.67309,40.79854],[-5.67453,40.80116],[-5.66575,40.81672],[-5.67584,40.82155],[-5.68186,40.82987],[-5.68559,40.82916],[-5.69174,40.83164],[-5.69689,40.83144],[-5.69644,40.82887],[-5.69881,40.82718],[-5.70603,40.82989],[-5.7141,40.83021],[-5.71991,40.82808],[-5.72326,40.82932],[-5.7238,40.82862]]]}},{"type":"Feature","properties":{"mun_code":"37069","mun_name":"Calvarrasa de Abajo","mun_name_local":null,"prov_code":"37","prov_name":"Salamanca","acom_code":"07","acom_name":"Castilla y León","geo_point_2d":{"lon":-5.534547582627078,"lat":40.95318612942613}},"geometry":{"type":"Polygon","coordinates":[[[-5.56372,40.9737],[-5.56816,40.97154],[-5.56776,40.97008],[-5.56511,40.97033],[-5.56525,40.96781],[-5.5696,40.96698],[-5.56581,40.96522],[-5.56737,40.9614],[-5.56933,40.96137],[-5.56862,40.9591],[-5.57012,40.95762],[-5.56621,40.95514],[-5.56696,40.95182],[-5.56396,40.94826],[-5.56797,40.94623],[-5.56752,40.94727],[-5.57334,40.94811],[-5.57442,40.94639],[-5.56988,40.94376],[-5.56681,40.94464],[-5.56401,40.9391],[-5.55895,40.93615],[-5.56117,40.93144],[-5.55811,40.92967],[-5.5572,40.92364],[-5.56002,40.91831],[-5.55016,40.91515],[-5.54557,40.9176],[-5.5428,40.91756],[-5.53935,40.92072],[-5.53922,40.92336],[-5.54467,40.92603],[-5.54385,40.92743],[-5.53762,40.92732],[-5.53709,40.92967],[-5.53383,40.92863],[-5.52824,40.93117],[-5.53096,40.93392],[-5.52853,40.93549],[-5.52634,40.93448],[-5.52456,40.93793],[-5.52029,40.93654],[-5.52182,40.9395],[-5.51954,40.94237],[-5.51653,40.94024],[-5.51647,40.94181],[-5.51049,40.94048],[-5.51303,40.94454],[-5.50449,40.95294],[-5.50488,40.9541],[-5.49696,40.95442],[-5.48247,40.96295],[-5.48718,40.96728],[-5.48417,40.97007],[-5.49216,40.97304],[-5.52103,40.97508],[-5.52614,40.97206],[-5.5311,40.97217],[-5.53632,40.97356],[-5.54159,40.97781],[-5.54514,40.9788],[-5.55454,40.97628],[-5.55312,40.97561],[-5.55797,40.97367],[-5.56372,40.9737]]]}},{"type":"Feature","properties":{"mun_code":"37030","mun_name":"Añover de Tormes","mun_name_local":null,"prov_code":"37","prov_name":"Salamanca","acom_code":"07","acom_name":"Castilla y León","geo_point_2d":{"lon":-5.918509441442824,"lat":41.13466082471509}},"geometry":{"type":"Polygon","coordinates":[[[-5.95131,41.14027],[-5.94953,41.13961],[-5.95286,41.13445],[-5.95127,41.13371],[-5.95097,41.12971],[-5.94773,41.12752],[-5.93603,41.12809],[-5.9318,41.12199],[-5.93887,41.11851],[-5.93906,41.11575],[-5.93831,41.10837],[-5.93516,41.10453],[-5.9315,41.10453],[-5.92833,41.10875],[-5.92654,41.10783],[-5.9238,41.10921],[-5.91839,41.10841],[-5.91393,41.11287],[-5.91003,41.11231],[-5.90949,41.11409],[-5.90285,41.11761],[-5.90157,41.12132],[-5.89644,41.12544],[-5.89469,41.12936],[-5.89259,41.13009],[-5.89249,41.13104],[-5.89474,41.13128],[-5.89462,41.13344],[-5.89026,41.14116],[-5.88809,41.14328],[-5.88204,41.14418],[-5.88277,41.14599],[-5.88601,41.14714],[-5.88402,41.14858],[-5.88635,41.15292],[-5.88885,41.1538],[-5.88897,41.15674],[-5.89111,41.15604],[-5.89751,41.15918],[-5.90046,41.15841],[-5.9049,41.1599],[-5.9097,41.14719],[-5.91386,41.148],[-5.91675,41.15164],[-5.92124,41.15309],[-5.92878,41.15306],[-5.93273,41.15597],[-5.93668,41.15673],[-5.93387,41.15146],[-5.9445,41.15029],[-5.94769,41.14776],[-5.94508,41.14418],[-5.94849,41.14236],[-5.95131,41.14027]]]}},{"type":"Feature","properties":{"mun_code":"37181","mun_name":"Martiago","mun_name_local":null,"prov_code":"37","prov_name":"Salamanca","acom_code":"07","acom_name":"Castilla y León","geo_point_2d":{"lon":-6.478903206602401,"lat":40.438212101333384}},"geometry":{"type":"Polygon","coordinates":[[[-6.51662,40.48026],[-6.5139,40.48063],[-6.51476,40.47722],[-6.51289,40.47314],[-6.51493,40.46623],[-6.51342,40.46453],[-6.51642,40.45614],[-6.51488,40.4528],[-6.51795,40.44874],[-6.51576,40.44753],[-6.516,40.44396],[-6.51359,40.44314],[-6.51419,40.44111],[-6.51195,40.44063],[-6.51295,40.4383],[-6.50787,40.43861],[-6.50299,40.44151],[-6.50175,40.43867],[-6.49817,40.44275],[-6.49372,40.44471],[-6.49137,40.44399],[-6.49332,40.44015],[-6.49144,40.43937],[-6.48769,40.43261],[-6.48965,40.42804],[-6.47869,40.41762],[-6.48141,40.41167],[-6.48161,40.40099],[-6.49781,40.39147],[-6.49694,40.38962],[-6.47605,40.37282],[-6.47472,40.37012],[-6.46321,40.37284],[-6.45024,40.37087],[-6.44825,40.37847],[-6.44966,40.38046],[-6.44765,40.38385],[-6.44927,40.38786],[-6.44797,40.39405],[-6.4491,40.39679],[-6.44631,40.40522],[-6.44879,40.40703],[-6.44585,40.41295],[-6.44774,40.42076],[-6.45438,40.4334],[-6.45159,40.4421],[-6.45566,40.45511],[-6.45403,40.4574],[-6.45736,40.46024],[-6.46181,40.45883],[-6.46403,40.46353],[-6.46623,40.46422],[-6.46628,40.46625],[-6.46785,40.46592],[-6.46988,40.4684],[-6.47629,40.46639],[-6.477,40.46794],[-6.47427,40.46953],[-6.47424,40.47106],[-6.4681,40.47303],[-6.4719,40.47503],[-6.46974,40.47659],[-6.4717,40.47853],[-6.46983,40.48062],[-6.47199,40.48125],[-6.47177,40.48545],[-6.47712,40.50018],[-6.48129,40.49973],[-6.48341,40.50195],[-6.48671,40.49958],[-6.49536,40.49779],[-6.49886,40.49209],[-6.51409,40.48617],[-6.5162,40.48147],[-6.51662,40.48026]],[[-6.46379,40.38955],[-6.47164,40.39207],[-6.48136,40.39299],[-6.48391,40.39607],[-6.47399,40.40142],[-6.46733,40.39845],[-6.46536,40.39578],[-6.4626,40.39763],[-6.46258,40.40051],[-6.45819,40.40056],[-6.4554,40.39744],[-6.45487,40.39352],[-6.46209,40.38979],[-6.46379,40.38955]]]}},{"type":"Feature","properties":{"mun_code":"37363","mun_name":"Villares de Yeltes","mun_name_local":null,"prov_code":"37","prov_name":"Salamanca","acom_code":"07","acom_name":"Castilla y León","geo_point_2d":{"lon":-6.413737579320625,"lat":40.87493862853643}},"geometry":{"type":"Polygon","coordinates":[[[-6.47754,40.90861],[-6.47164,40.90081],[-6.44097,40.89109],[-6.43648,40.88566],[-6.43611,40.87958],[-6.42774,40.88392],[-6.42444,40.88407],[-6.42383,40.88057],[-6.42694,40.87689],[-6.42208,40.87833],[-6.41961,40.87747],[-6.41531,40.86881],[-6.42329,40.86562],[-6.42735,40.86664],[-6.43112,40.86326],[-6.43348,40.85575],[-6.43041,40.85236],[-6.43264,40.85037],[-6.42914,40.8498],[-6.42489,40.8459],[-6.41814,40.84255],[-6.41017,40.83404],[-6.40119,40.82829],[-6.3872,40.82565],[-6.37861,40.84109],[-6.37215,40.8433],[-6.36014,40.85351],[-6.36828,40.8585],[-6.37173,40.86393],[-6.37176,40.86769],[-6.37888,40.8754],[-6.3855,40.88818],[-6.38812,40.8893],[-6.39305,40.88603],[-6.3997,40.8868],[-6.40583,40.89425],[-6.4131,40.89615],[-6.41697,40.90325],[-6.43083,40.90965],[-6.43224,40.92174],[-6.43951,40.92252],[-6.45016,40.92663],[-6.45795,40.92176],[-6.46152,40.91532],[-6.47743,40.90885],[-6.47754,40.90861]]]}},{"type":"Feature","properties":{"mun_code":"37221","mun_name":"Navasfrías","mun_name_local":null,"prov_code":"37","prov_name":"Salamanca","acom_code":"07","acom_name":"Castilla y León","geo_point_2d":{"lon":-6.812579029456274,"lat":40.2872084414177}},"geometry":{"type":"Polygon","coordinates":[[[-6.8649,40.27027],[-6.8468,40.25443],[-6.83994,40.2556],[-6.83719,40.24859],[-6.83452,40.24758],[-6.82271,40.24821],[-6.82338,40.24605],[-6.82122,40.24466],[-6.81824,40.24378],[-6.81057,40.24438],[-6.80669,40.24152],[-6.80013,40.24204],[-6.80216,40.24956],[-6.78155,40.24909],[-6.77911,40.25022],[-6.77653,40.26448],[-6.77788,40.27517],[-6.77464,40.29189],[-6.76962,40.3088],[-6.76088,40.31546],[-6.75868,40.31966],[-6.76178,40.32587],[-6.76698,40.32615],[-6.7725,40.32418],[-6.77841,40.32983],[-6.77936,40.33264],[-6.78296,40.33257],[-6.7834,40.33395],[-6.79065,40.33378],[-6.79411,40.3284],[-6.79668,40.32845],[-6.80099,40.32526],[-6.80442,40.32442],[-6.81699,40.32523],[-6.82085,40.32292],[-6.82498,40.32233],[-6.82834,40.31778],[-6.83154,40.31779],[-6.83483,40.31443],[-6.84,40.31381],[-6.84771,40.30689],[-6.86138,40.29961],[-6.86409,40.29513],[-6.86441,40.28422],[-6.86223,40.27917],[-6.86371,40.27265],[-6.8649,40.27027]]]}},{"type":"Feature","properties":{"mun_code":"37176","mun_name":"Madroñal","mun_name_local":null,"prov_code":"37","prov_name":"Salamanca","acom_code":"07","acom_name":"Castilla y León","geo_point_2d":{"lon":-6.0629245523501964,"lat":40.463441759246166}},"geometry":{"type":"Polygon","coordinates":[[[-6.07139,40.46751],[-6.07137,40.45979],[-6.05224,40.45571],[-6.05379,40.46038],[-6.05851,40.45749],[-6.06148,40.46008],[-6.05509,40.46428],[-6.06039,40.47162],[-6.07018,40.468],[-6.07139,40.46751]]]}}]}