{"type":"FeatureCollection","features":[{"type":"Feature","properties":{"mun_code":"46154","mun_name":"Llanera de Ranes","mun_name_local":null,"prov_code":"46","prov_name":"València","acom_code":"10","acom_name":"Comunitat Valenciana","geo_point_2d":{"lon":-0.592560351337806,"lat":38.999830355835094}},"geometry":{"type":"MultiPolygon","coordinates":[[[[-0.5599,38.998],[-0.55837,38.99733],[-0.55744,38.9989],[-0.55909,38.99965],[-0.5599,38.998]]],[[[-0.59852,38.98949],[-0.60347,38.98923],[-0.60371,38.98722],[-0.60019,38.98589],[-0.59574,38.98622],[-0.59565,38.98826],[-0.59852,38.98949]]],[[[-0.59031,38.98995],[-0.59187,38.99081],[-0.59362,38.98747],[-0.58935,38.9901],[-0.59031,38.98995]]],[[[-0.59773,38.98954],[-0.59526,38.98918],[-0.59738,38.98971],[-0.59773,38.98954]]],[[[-0.59273,38.99069],[-0.59501,38.9918],[-0.59692,38.99001],[-0.59274,38.99012],[-0.59273,38.99069]]],[[[-0.59721,38.99064],[-0.59648,38.99155],[-0.5974,38.99089],[-0.59721,38.99064]]],[[[-0.58925,38.99388],[-0.59062,38.9933],[-0.5884,38.9918],[-0.58959,38.99325],[-0.58925,38.99388]]],[[[-0.62579,39.00193],[-0.62828,39.00062],[-0.62747,38.99517],[-0.62488,38.99606],[-0.61778,38.99446],[-0.61547,38.9955],[-0.60491,38.99352],[-0.60241,38.99187],[-0.59448,38.99511],[-0.59467,38.99273],[-0.59288,38.99201],[-0.59285,38.99311],[-0.59174,38.99129],[-0.59049,38.99433],[-0.58309,38.99435],[-0.58136,38.99262],[-0.57287,38.98979],[-0.56663,38.98913],[-0.56486,38.98742],[-0.56404,38.98831],[-0.56229,38.98626],[-0.55787,38.98908],[-0.56136,38.98879],[-0.56381,38.99202],[-0.56171,38.99258],[-0.56186,38.9946],[-0.56381,38.99527],[-0.5604,38.99974],[-0.56392,38.99877],[-0.56322,39.00021],[-0.56905,39.0012],[-0.56833,39.00353],[-0.57295,39.0043],[-0.57383,39.00611],[-0.5761,39.00575],[-0.57746,39.00816],[-0.57964,39.00621],[-0.58362,39.00964],[-0.58912,39.01033],[-0.59086,39.01175],[-0.59048,39.01417],[-0.59379,39.01503],[-0.59997,39.01358],[-0.60011,39.01265],[-0.59603,39.01152],[-0.59718,39.0104],[-0.61241,39.0061],[-0.61651,39.00612],[-0.62537,39.0019],[-0.62579,39.00193]],[[-0.58826,38.99917],[-0.58993,38.99866],[-0.58773,38.99965],[-0.58826,38.99917]],[[-0.58532,38.99806],[-0.58688,38.9973],[-0.58641,38.99874],[-0.58532,38.99806]]]]}},{"type":"Feature","properties":{"mun_code":"46049","mun_name":"Bellús","mun_name_local":null,"prov_code":"46","prov_name":"València","acom_code":"10","acom_name":"Comunitat Valenciana","geo_point_2d":{"lon":-0.4979021673347979,"lat":38.945893045767626}},"geometry":{"type":"Polygon","coordinates":[[[-0.52862,38.94838],[-0.52162,38.94029],[-0.52088,38.94203],[-0.51201,38.94411],[-0.50705,38.93306],[-0.49509,38.93475],[-0.48959,38.93416],[-0.4887,38.93093],[-0.48524,38.92853],[-0.47493,38.93308],[-0.47547,38.93546],[-0.47979,38.93718],[-0.47711,38.94134],[-0.47678,38.948],[-0.47917,38.95178],[-0.48593,38.95165],[-0.4843,38.95331],[-0.49026,38.96433],[-0.49291,38.96076],[-0.49598,38.95935],[-0.49994,38.95908],[-0.5014,38.96188],[-0.50781,38.95907],[-0.50977,38.95614],[-0.51784,38.9539],[-0.5196,38.95129],[-0.52788,38.9484],[-0.52862,38.94838]]]}},{"type":"Feature","properties":{"mun_code":"46196","mun_name":"Pinet","mun_name_local":null,"prov_code":"46","prov_name":"València","acom_code":"10","acom_name":"Comunitat Valenciana","geo_point_2d":{"lon":-0.3269057988783954,"lat":38.98418588117054}},"geometry":{"type":"Polygon","coordinates":[[[-0.35084,38.97241],[-0.3523,38.97007],[-0.34957,38.96547],[-0.34193,38.96249],[-0.33315,38.96229],[-0.32287,38.98142],[-0.30213,38.98434],[-0.29243,38.98846],[-0.29513,38.99076],[-0.29449,38.99243],[-0.28752,38.99626],[-0.29211,38.99815],[-0.30714,38.99843],[-0.31204,38.99619],[-0.32161,39.00036],[-0.33687,38.99706],[-0.35083,38.98258],[-0.35236,38.97405],[-0.35084,38.97241]]]}},{"type":"Feature","properties":{"mun_code":"46075","mun_name":"Bufali","mun_name_local":null,"prov_code":"46","prov_name":"València","acom_code":"10","acom_name":"Comunitat Valenciana","geo_point_2d":{"lon":-0.5040087596951136,"lat":38.86698712120594}},"geometry":{"type":"MultiPolygon","coordinates":[[[[-0.45612,38.8273],[-0.46159,38.82828],[-0.46429,38.8273],[-0.45572,38.82083],[-0.45354,38.81728],[-0.44746,38.81969],[-0.45345,38.82565],[-0.45612,38.8273]]],[[[-0.51928,38.89588],[-0.52583,38.89398],[-0.52653,38.89163],[-0.51918,38.87384],[-0.52035,38.86771],[-0.50558,38.86438],[-0.51284,38.8766],[-0.51946,38.89395],[-0.51928,38.89588]]]]}},{"type":"Feature","properties":{"mun_code":"46097","mun_name":"Cofrentes","mun_name_local":null,"prov_code":"46","prov_name":"València","acom_code":"10","acom_name":"Comunitat Valenciana","geo_point_2d":{"lon":-1.0806296043542662,"lat":39.25486856555443}},"geometry":{"type":"Polygon","coordinates":[[[-1.17689,39.24667],[-1.16108,39.2399],[-1.14202,39.22846],[-1.13362,39.22667],[-1.1228,39.22734],[-1.08512,39.21845],[-1.0753,39.21306],[-1.04893,39.20589],[-1.04431,39.20905],[-1.02942,39.21078],[-1.01569,39.21509],[-1.00092,39.2162],[-0.99678,39.20975],[-1.00607,39.23003],[-1.01087,39.24899],[-1.02357,39.26134],[-1.03302,39.27559],[-1.03325,39.28483],[-1.03791,39.29632],[-1.05932,39.31554],[-1.06376,39.31528],[-1.06673,39.31299],[-1.07322,39.31166],[-1.09223,39.31187],[-1.08832,39.29756],[-1.08888,39.29411],[-1.0923,39.29123],[-1.09899,39.29286],[-1.10187,39.28913],[-1.11208,39.28517],[-1.11232,39.28233],[-1.1152,39.28377],[-1.11883,39.27595],[-1.17601,39.26554],[-1.17668,39.24957],[-1.17689,39.24667]]]}},{"type":"Feature","properties":{"mun_code":"46181","mun_name":"Oliva","mun_name_local":null,"prov_code":"46","prov_name":"València","acom_code":"10","acom_name":"Comunitat Valenciana","geo_point_2d":{"lon":-0.10417538977811946,"lat":38.89673626284797}},"geometry":{"type":"Polygon","coordinates":[[[-0.1615,38.89707],[-0.16321,38.89185],[-0.1609,38.89099],[-0.15968,38.88351],[-0.15376,38.87189],[-0.15509,38.86048],[-0.14808,38.85843],[-0.10209,38.87503],[-0.09544,38.87487],[-0.09208,38.87153],[-0.09073,38.87274],[-0.09217,38.87447],[-0.0897,38.87589],[-0.08979,38.87924],[-0.08616,38.88037],[-0.0827,38.87985],[-0.0801,38.88138],[-0.07828,38.88052],[-0.07869,38.88412],[-0.07659,38.88364],[-0.07062,38.88572],[-0.06798,38.88357],[-0.06752,38.87971],[-0.06523,38.87863],[-0.06489,38.87485],[-0.05695,38.86906],[-0.04589,38.86458],[-0.04215,38.85645],[-0.03417,38.85707],[-0.02714,38.86203],[-0.02842,38.86725],[-0.02762,38.87025],[-0.0248,38.87255],[-0.02658,38.874],[-0.02932,38.87394],[-0.03336,38.87927],[-0.0371,38.88058],[-0.03778,38.88703],[-0.08647,38.92435],[-0.09316,38.9311],[-0.0926,38.9331],[-0.09516,38.93255],[-0.09147,38.9334],[-0.09677,38.93343],[-0.10804,38.94335],[-0.11071,38.94179],[-0.12511,38.93948],[-0.12526,38.93825],[-0.13347,38.93576],[-0.13999,38.93516],[-0.14216,38.93685],[-0.14901,38.93269],[-0.14717,38.92922],[-0.14804,38.92543],[-0.13586,38.92171],[-0.13602,38.92002],[-0.13723,38.91692],[-0.14839,38.90891],[-0.15096,38.90248],[-0.15765,38.90038],[-0.16103,38.89718],[-0.1615,38.89707]]]}},{"type":"Feature","properties":{"mun_code":"46019","mun_name":"l'Alcúdia","mun_name_local":null,"prov_code":"46","prov_name":"València","acom_code":"10","acom_name":"Comunitat Valenciana","geo_point_2d":{"lon":-0.523958548135003,"lat":39.192805930951586}},"geometry":{"type":"MultiPolygon","coordinates":[[[[-0.50076,39.16527],[-0.50094,39.16931],[-0.50759,39.1709],[-0.50733,39.17225],[-0.5035,39.17331],[-0.50774,39.17313],[-0.50895,39.17452],[-0.51737,39.17609],[-0.51701,39.1777],[-0.52168,39.17411],[-0.51889,39.1701],[-0.52048,39.16839],[-0.51459,39.16426],[-0.51481,39.16256],[-0.50194,39.16532],[-0.50076,39.16527]]],[[[-0.51761,39.20619],[-0.54178,39.19506],[-0.55975,39.19334],[-0.56351,39.19448],[-0.58457,39.19381],[-0.58069,39.18351],[-0.55622,39.17443],[-0.54718,39.17329],[-0.52161,39.17487],[-0.5214,39.1834],[-0.51821,39.18712],[-0.51055,39.18345],[-0.51089,39.18107],[-0.50258,39.18288],[-0.49515,39.18797],[-0.49169,39.19644],[-0.48081,39.20685],[-0.48202,39.23051],[-0.48845,39.22475],[-0.49111,39.22461],[-0.50284,39.21549],[-0.51165,39.21343],[-0.51287,39.21092],[-0.51018,39.20902],[-0.51761,39.20619]]]]}},{"type":"Feature","properties":{"mun_code":"46138","mun_name":"Guadasséquies","mun_name_local":null,"prov_code":"46","prov_name":"València","acom_code":"10","acom_name":"Comunitat Valenciana","geo_point_2d":{"lon":-0.49400232437405317,"lat":38.927224732699074}},"geometry":{"type":"Polygon","coordinates":[[[-0.51256,38.93206],[-0.51282,38.93128],[-0.50725,38.93093],[-0.50628,38.91967],[-0.50126,38.92074],[-0.50007,38.91789],[-0.49804,38.92162],[-0.49128,38.92319],[-0.49155,38.91873],[-0.48566,38.92032],[-0.48467,38.92414],[-0.4748,38.92661],[-0.47444,38.92777],[-0.4753,38.93232],[-0.48524,38.92853],[-0.4887,38.93093],[-0.48936,38.93406],[-0.49266,38.93469],[-0.51167,38.93182],[-0.51256,38.93206]]]}},{"type":"Feature","properties":{"mun_code":"46174","mun_name":"Montesa","mun_name_local":null,"prov_code":"46","prov_name":"València","acom_code":"10","acom_name":"Comunitat Valenciana","geo_point_2d":{"lon":-0.6413087249566282,"lat":38.94129811801156}},"geometry":{"type":"Polygon","coordinates":[[[-0.69893,38.94678],[-0.69418,38.94204],[-0.68641,38.94084],[-0.67912,38.9351],[-0.67208,38.93372],[-0.66041,38.92575],[-0.64254,38.90598],[-0.62347,38.89012],[-0.6178,38.89602],[-0.61656,38.90035],[-0.61382,38.90327],[-0.60748,38.9037],[-0.60075,38.91013],[-0.59637,38.91205],[-0.60321,38.91999],[-0.60137,38.92883],[-0.60442,38.94444],[-0.60994,38.94929],[-0.61736,38.96501],[-0.61674,38.96701],[-0.6209,38.97039],[-0.62326,38.97616],[-0.6316,38.98144],[-0.64435,38.98071],[-0.65297,38.98191],[-0.66752,38.97386],[-0.67286,38.96776],[-0.68547,38.96203],[-0.69644,38.94872],[-0.69893,38.94678]]]}},{"type":"Feature","properties":{"mun_code":"46156","mun_name":"Llombai","mun_name_local":null,"prov_code":"46","prov_name":"València","acom_code":"10","acom_name":"Comunitat Valenciana","geo_point_2d":{"lon":-0.5923710032750351,"lat":39.29520337934508}},"geometry":{"type":"Polygon","coordinates":[[[-0.68753,39.26662],[-0.67592,39.26183],[-0.66266,39.26549],[-0.64461,39.26627],[-0.60956,39.27425],[-0.59173,39.27517],[-0.5704,39.27811],[-0.56486,39.27994],[-0.56496,39.28139],[-0.56268,39.28231],[-0.56522,39.28473],[-0.55573,39.28305],[-0.54767,39.28381],[-0.53586,39.28843],[-0.51931,39.29889],[-0.51372,39.30664],[-0.50399,39.31094],[-0.51909,39.31955],[-0.53877,39.32395],[-0.55583,39.33471],[-0.57024,39.32992],[-0.58234,39.32371],[-0.58091,39.31856],[-0.58546,39.3165],[-0.59078,39.31009],[-0.59506,39.30978],[-0.59988,39.30573],[-0.63262,39.29946],[-0.65959,39.29128],[-0.68161,39.2941],[-0.68006,39.28965],[-0.67675,39.2883],[-0.67546,39.28554],[-0.67804,39.27845],[-0.68604,39.26839],[-0.68753,39.26662]]]}},{"type":"Feature","properties":{"mun_code":"46130","mun_name":"Gavarda","mun_name_local":null,"prov_code":"46","prov_name":"València","acom_code":"10","acom_name":"Comunitat Valenciana","geo_point_2d":{"lon":-0.5602107707630938,"lat":39.09316159121192}},"geometry":{"type":"Polygon","coordinates":[[[-0.58241,39.11378],[-0.58162,39.10598],[-0.57476,39.08244],[-0.56844,39.08172],[-0.56698,39.08333],[-0.56168,39.08365],[-0.55781,39.09011],[-0.55406,39.08988],[-0.55008,39.07947],[-0.54693,39.07801],[-0.54151,39.07987],[-0.53936,39.07485],[-0.53497,39.07494],[-0.53378,39.08202],[-0.53477,39.08376],[-0.53797,39.08434],[-0.53729,39.08582],[-0.54137,39.0888],[-0.54157,39.09669],[-0.54693,39.09719],[-0.54741,39.09957],[-0.57174,39.10666],[-0.57598,39.11119],[-0.58241,39.11378]]]}},{"type":"Feature","properties":{"mun_code":"46059","mun_name":"Benifairó de la Valldigna","mun_name_local":null,"prov_code":"46","prov_name":"València","acom_code":"10","acom_name":"Comunitat Valenciana","geo_point_2d":{"lon":-0.3020164934410487,"lat":39.06251914381408}},"geometry":{"type":"Polygon","coordinates":[[[-0.33407,39.06948],[-0.33868,39.06597],[-0.33973,39.06331],[-0.33068,39.05232],[-0.3227,39.05357],[-0.31543,39.05694],[-0.30546,39.04975],[-0.30707,39.04671],[-0.30344,39.04917],[-0.29304,39.05228],[-0.29148,39.05047],[-0.2932,39.04755],[-0.29255,39.04336],[-0.28525,39.03036],[-0.28194,39.02936],[-0.27986,39.02545],[-0.2772,39.02478],[-0.27532,39.02038],[-0.26553,39.03525],[-0.26613,39.03958],[-0.27429,39.04961],[-0.27848,39.05165],[-0.29063,39.06431],[-0.28851,39.07257],[-0.2892,39.07838],[-0.29471,39.08259],[-0.29986,39.08289],[-0.29614,39.09068],[-0.29745,39.09543],[-0.30326,39.09817],[-0.30788,39.09479],[-0.31775,39.09317],[-0.32058,39.08597],[-0.32327,39.08416],[-0.3279,39.07536],[-0.32667,39.06895],[-0.33407,39.06948]]]}},{"type":"Feature","properties":{"mun_code":"46109","mun_name":"Cheste","mun_name_local":null,"prov_code":"46","prov_name":"València","acom_code":"10","acom_name":"Comunitat Valenciana","geo_point_2d":{"lon":-0.6776611991060503,"lat":39.50844552391729}},"geometry":{"type":"Polygon","coordinates":[[[-0.79516,39.55479],[-0.78223,39.54486],[-0.77003,39.54004],[-0.7644,39.53568],[-0.75555,39.52382],[-0.72682,39.50112],[-0.71442,39.49334],[-0.70856,39.49309],[-0.70454,39.48984],[-0.69979,39.48842],[-0.69436,39.48314],[-0.67639,39.47312],[-0.67021,39.47174],[-0.64908,39.47094],[-0.61712,39.48225],[-0.59129,39.4783],[-0.58875,39.48891],[-0.60663,39.51315],[-0.6063,39.5173],[-0.63838,39.52435],[-0.66674,39.52743],[-0.69534,39.53487],[-0.71811,39.54529],[-0.74381,39.53788],[-0.77615,39.55236],[-0.78418,39.55352],[-0.78519,39.5553],[-0.78962,39.55642],[-0.79516,39.55479]]]}},{"type":"Feature","properties":{"mun_code":"46246","mun_name":"Tous","mun_name_local":null,"prov_code":"46","prov_name":"València","acom_code":"10","acom_name":"Comunitat Valenciana","geo_point_2d":{"lon":-0.6613567458285049,"lat":39.18793761931222}},"geometry":{"type":"Polygon","coordinates":[[[-0.73263,39.17656],[-0.73175,39.17258],[-0.72597,39.16981],[-0.72637,39.16749],[-0.7283,39.16788],[-0.72938,39.16677],[-0.72607,39.15845],[-0.72369,39.15875],[-0.70995,39.15233],[-0.70091,39.14265],[-0.69802,39.13726],[-0.69073,39.1302],[-0.67364,39.11843],[-0.66459,39.10707],[-0.65714,39.11684],[-0.6477,39.12231],[-0.64592,39.11987],[-0.64311,39.12141],[-0.64152,39.12632],[-0.63788,39.12792],[-0.63729,39.13083],[-0.63254,39.13179],[-0.62996,39.13412],[-0.62652,39.13454],[-0.62371,39.13308],[-0.61508,39.13667],[-0.61249,39.13518],[-0.61096,39.13734],[-0.60762,39.13833],[-0.60767,39.14056],[-0.6064,39.13861],[-0.60505,39.13925],[-0.60242,39.13807],[-0.5972,39.1402],[-0.59652,39.13873],[-0.59259,39.13885],[-0.58332,39.13541],[-0.58426,39.13818],[-0.58233,39.13961],[-0.58558,39.14096],[-0.58334,39.14284],[-0.58409,39.14449],[-0.58963,39.14289],[-0.59385,39.14319],[-0.59901,39.14548],[-0.60193,39.15092],[-0.60197,39.15516],[-0.61035,39.15081],[-0.62237,39.15621],[-0.63898,39.15364],[-0.61223,39.18084],[-0.60244,39.1855],[-0.58069,39.18351],[-0.58826,39.19946],[-0.59379,39.20317],[-0.60211,39.2296],[-0.63667,39.2378],[-0.66273,39.25168],[-0.6902,39.26259],[-0.70158,39.2581],[-0.70614,39.25757],[-0.70818,39.23651],[-0.71102,39.22901],[-0.71637,39.22269],[-0.71589,39.21898],[-0.70811,39.2179],[-0.7079,39.21484],[-0.70162,39.21029],[-0.69874,39.20271],[-0.70736,39.20375],[-0.71248,39.20204],[-0.7167,39.19463],[-0.7215,39.19219],[-0.72891,39.18511],[-0.73234,39.1805],[-0.73272,39.17705],[-0.73263,39.17656]]]}},{"type":"Feature","properties":{"mun_code":"46066","mun_name":"Benirredrà","mun_name_local":null,"prov_code":"46","prov_name":"València","acom_code":"10","acom_name":"Comunitat Valenciana","geo_point_2d":{"lon":-0.19545099431992907,"lat":38.96167981952203}},"geometry":{"type":"Polygon","coordinates":[[[-0.19173,38.95824],[-0.18959,38.96227],[-0.19784,38.96503],[-0.20102,38.96033],[-0.19198,38.95847],[-0.19173,38.95824]]]}},{"type":"Feature","properties":{"mun_code":"46076","mun_name":"Bugarra","mun_name_local":null,"prov_code":"46","prov_name":"València","acom_code":"10","acom_name":"Comunitat Valenciana","geo_point_2d":{"lon":-0.771038173330755,"lat":39.61647609853352}},"geometry":{"type":"Polygon","coordinates":[[[-0.79809,39.63266],[-0.79235,39.62424],[-0.79297,39.62113],[-0.79031,39.61434],[-0.79184,39.61099],[-0.78951,39.60283],[-0.79368,39.57646],[-0.79183,39.55725],[-0.78519,39.5553],[-0.78418,39.55352],[-0.77615,39.55236],[-0.75951,39.59024],[-0.75458,39.59464],[-0.73769,39.64554],[-0.73446,39.65068],[-0.72988,39.65339],[-0.72962,39.65556],[-0.75044,39.65867],[-0.78796,39.66063],[-0.7964,39.6508],[-0.79401,39.63689],[-0.79618,39.63366],[-0.79809,39.63266]]]}},{"type":"Feature","properties":{"mun_code":"46188","mun_name":"Palmera","mun_name_local":null,"prov_code":"46","prov_name":"València","acom_code":"10","acom_name":"Comunitat Valenciana","geo_point_2d":{"lon":-0.15171666569312514,"lat":38.94257425498065}},"geometry":{"type":"Polygon","coordinates":[[[-0.15625,38.94647],[-0.15418,38.94436],[-0.16076,38.93994],[-0.15936,38.93678],[-0.15541,38.93756],[-0.15193,38.94076],[-0.14374,38.94041],[-0.14408,38.94666],[-0.1462,38.94815],[-0.1484,38.94763],[-0.1476,38.94638],[-0.14873,38.94593],[-0.15496,38.9469],[-0.15625,38.94647]]]}},{"type":"Feature","properties":{"mun_code":"46234","mun_name":"Sot de Chera","mun_name_local":null,"prov_code":"46","prov_name":"València","acom_code":"10","acom_name":"Comunitat Valenciana","geo_point_2d":{"lon":-0.913738712129935,"lat":39.610065687942225}},"geometry":{"type":"Polygon","coordinates":[[[-0.96396,39.63012],[-0.9519,39.61757],[-0.94823,39.61701],[-0.9318,39.59729],[-0.93207,39.58757],[-0.9278,39.58354],[-0.92712,39.58142],[-0.92947,39.58078],[-0.92595,39.57899],[-0.92564,39.57684],[-0.91886,39.57534],[-0.91518,39.57233],[-0.9083,39.57145],[-0.90586,39.5692],[-0.90367,39.56992],[-0.89788,39.56764],[-0.89811,39.5639],[-0.89475,39.56851],[-0.89059,39.5805],[-0.88113,39.58867],[-0.86604,39.60906],[-0.87429,39.61555],[-0.88597,39.61943],[-0.88978,39.62554],[-0.90186,39.62689],[-0.90584,39.63263],[-0.9059,39.63683],[-0.90839,39.6416],[-0.91483,39.64889],[-0.93132,39.64572],[-0.947,39.64095],[-0.96301,39.63057],[-0.96396,39.63012]]]}},{"type":"Feature","properties":{"mun_code":"46260","mun_name":"Vinalesa","mun_name_local":null,"prov_code":"46","prov_name":"València","acom_code":"10","acom_name":"Comunitat Valenciana","geo_point_2d":{"lon":-0.36897924928965736,"lat":39.53427336870934}},"geometry":{"type":"Polygon","coordinates":[[[-0.37688,39.54224],[-0.37338,39.53528],[-0.37398,39.52802],[-0.36988,39.52815],[-0.36916,39.52441],[-0.36653,39.52367],[-0.36599,39.52868],[-0.36133,39.52812],[-0.36264,39.52902],[-0.36227,39.53477],[-0.36624,39.53806],[-0.36617,39.54157],[-0.37587,39.54289],[-0.37688,39.54224]]]}},{"type":"Feature","properties":{"mun_code":"46086","mun_name":"Carrícola","mun_name_local":null,"prov_code":"46","prov_name":"València","acom_code":"10","acom_name":"Comunitat Valenciana","geo_point_2d":{"lon":-0.47316595180430715,"lat":38.84342133497741}},"geometry":{"type":"Polygon","coordinates":[[[-0.48585,38.85521],[-0.48654,38.84497],[-0.48422,38.8405],[-0.48484,38.83691],[-0.4734,38.83733],[-0.46905,38.8314],[-0.46616,38.83206],[-0.46159,38.82828],[-0.45612,38.8273],[-0.46154,38.83616],[-0.46076,38.84302],[-0.47017,38.85223],[-0.46854,38.85588],[-0.48374,38.85683],[-0.48543,38.85567],[-0.48585,38.85521]]]}},{"type":"Feature","properties":{"mun_code":"46242","mun_name":"Torrebaja","mun_name_local":null,"prov_code":"46","prov_name":"València","acom_code":"10","acom_name":"Comunitat Valenciana","geo_point_2d":{"lon":-1.2598465450829075,"lat":40.10166465853005}},"geometry":{"type":"MultiPolygon","coordinates":[[[[-1.25704,40.10807],[-1.25726,40.10995],[-1.26187,40.11345],[-1.27325,40.11252],[-1.26939,40.10541],[-1.26888,40.09855],[-1.27279,40.09363],[-1.26988,40.09121],[-1.25489,40.08833],[-1.25084,40.08539],[-1.24887,40.08552],[-1.24738,40.08632],[-1.24658,40.092],[-1.24955,40.09642],[-1.25369,40.09816],[-1.25206,40.10552],[-1.25309,40.10643],[-1.2554,40.10492],[-1.25684,40.10716],[-1.25704,40.10807]]],[[[-1.25064,40.123],[-1.25301,40.12516],[-1.26103,40.12085],[-1.26075,40.11729],[-1.25632,40.11387],[-1.25196,40.11326],[-1.25641,40.11941],[-1.25584,40.12107],[-1.25226,40.12254],[-1.25058,40.1224],[-1.24497,40.11614],[-1.25023,40.12257],[-1.25064,40.123]]]]}},{"type":"Feature","properties":{"mun_code":"46197","mun_name":"Polinyà de Xúquer","mun_name_local":null,"prov_code":"46","prov_name":"València","acom_code":"10","acom_name":"Comunitat Valenciana","geo_point_2d":{"lon":-0.37230982716565375,"lat":39.1906762555837}},"geometry":{"type":"Polygon","coordinates":[[[-0.41105,39.18611],[-0.40412,39.18413],[-0.39888,39.19073],[-0.38762,39.19458],[-0.38464,39.18998],[-0.37177,39.18908],[-0.37179,39.18822],[-0.37476,39.18839],[-0.37277,39.18418],[-0.37405,39.18383],[-0.37481,39.17884],[-0.36572,39.18041],[-0.36068,39.17781],[-0.34801,39.17624],[-0.33695,39.17781],[-0.33815,39.18255],[-0.34056,39.18432],[-0.3523,39.18471],[-0.35158,39.20272],[-0.36118,39.19843],[-0.38008,39.20381],[-0.3835,39.19869],[-0.38814,39.19756],[-0.39075,39.19835],[-0.39296,39.20273],[-0.40418,39.19889],[-0.40799,39.20097],[-0.40966,39.19907],[-0.40814,39.19382],[-0.4105,39.1868],[-0.41105,39.18611]]]}},{"type":"Feature","properties":{"mun_code":"46214","mun_name":"Riba-roja de Túria","mun_name_local":null,"prov_code":"46","prov_name":"València","acom_code":"10","acom_name":"Comunitat Valenciana","geo_point_2d":{"lon":-0.5604098253710377,"lat":39.52030846794232}},"geometry":{"type":"Polygon","coordinates":[[[-0.6063,39.5173],[-0.60663,39.51315],[-0.59496,39.49912],[-0.58921,39.49862],[-0.57944,39.495],[-0.57798,39.49972],[-0.57479,39.50312],[-0.56931,39.50059],[-0.56748,39.4976],[-0.56836,39.49597],[-0.55573,39.49915],[-0.55432,39.50068],[-0.5451,39.4914],[-0.54407,39.49202],[-0.54014,39.4902],[-0.53575,39.4862],[-0.54635,39.4873],[-0.5596,39.48595],[-0.56211,39.48423],[-0.56856,39.48556],[-0.58912,39.48502],[-0.59129,39.4783],[-0.58351,39.47235],[-0.57466,39.46982],[-0.56162,39.46871],[-0.56159,39.47068],[-0.55167,39.47113],[-0.54317,39.46984],[-0.5293,39.47078],[-0.52627,39.48091],[-0.52952,39.50712],[-0.52509,39.5137],[-0.51507,39.52264],[-0.51521,39.52495],[-0.5185,39.5266],[-0.51673,39.5397],[-0.51415,39.54234],[-0.52478,39.55127],[-0.53747,39.55602],[-0.54882,39.55765],[-0.56034,39.56389],[-0.56958,39.56538],[-0.5711,39.56437],[-0.57262,39.5656],[-0.57968,39.56448],[-0.59254,39.56686],[-0.59077,39.56265],[-0.59215,39.55699],[-0.60182,39.53193],[-0.60413,39.52162],[-0.6063,39.5173]]]}},{"type":"Feature","properties":{"mun_code":"46221","mun_name":"Salem","mun_name_local":null,"prov_code":"46","prov_name":"València","acom_code":"10","acom_name":"Comunitat Valenciana","geo_point_2d":{"lon":-0.3822612031142229,"lat":38.84912020464494}},"geometry":{"type":"Polygon","coordinates":[[[-0.40221,38.83979],[-0.39316,38.83624],[-0.38237,38.83454],[-0.36978,38.84293],[-0.35929,38.84747],[-0.36017,38.84793],[-0.358,38.84916],[-0.35639,38.84873],[-0.35134,38.85633],[-0.36627,38.85528],[-0.37606,38.86077],[-0.38487,38.85997],[-0.39305,38.86219],[-0.39427,38.86071],[-0.39877,38.86035],[-0.40088,38.8576],[-0.39974,38.85485],[-0.40379,38.84934],[-0.40337,38.84414],[-0.40098,38.84263],[-0.40161,38.84012],[-0.40221,38.83979]]]}},{"type":"Feature","properties":{"mun_code":"46211","mun_name":"el Real de Gandia","mun_name_local":null,"prov_code":"46","prov_name":"València","acom_code":"10","acom_name":"Comunitat Valenciana","geo_point_2d":{"lon":-0.2031455479511109,"lat":38.94785903544833}},"geometry":{"type":"Polygon","coordinates":[[[-0.21904,38.95514],[-0.21957,38.95169],[-0.22234,38.94889],[-0.21923,38.94181],[-0.21451,38.93817],[-0.21084,38.93735],[-0.20785,38.93863],[-0.20062,38.93629],[-0.18875,38.93827],[-0.18755,38.93952],[-0.1936,38.94262],[-0.19308,38.94542],[-0.19066,38.94707],[-0.18548,38.94576],[-0.18255,38.9463],[-0.18445,38.95038],[-0.18267,38.95528],[-0.19563,38.9559],[-0.20663,38.95868],[-0.20925,38.95756],[-0.2153,38.9578],[-0.21844,38.95514],[-0.21904,38.95514]]]}},{"type":"Feature","properties":{"mun_code":"46222","mun_name":"Sant Joanet","mun_name_local":null,"prov_code":"46","prov_name":"València","acom_code":"10","acom_name":"Comunitat Valenciana","geo_point_2d":{"lon":-0.4890124044591336,"lat":39.07185245232815}},"geometry":{"type":"Polygon","coordinates":[[[-0.49722,39.07286],[-0.49547,39.06766],[-0.48581,39.06275],[-0.48289,39.06825],[-0.48173,39.06803],[-0.47973,39.07168],[-0.47716,39.07314],[-0.48006,39.07523],[-0.48772,39.07533],[-0.4883,39.07922],[-0.492,39.07931],[-0.49432,39.08185],[-0.49672,39.07952],[-0.49494,39.07329],[-0.49722,39.07286]]]}},{"type":"Feature","properties":{"mun_code":"46215","mun_name":"Riola","mun_name_local":null,"prov_code":"46","prov_name":"València","acom_code":"10","acom_name":"Comunitat Valenciana","geo_point_2d":{"lon":-0.3374244522399303,"lat":39.18972378251154}},"geometry":{"type":"Polygon","coordinates":[[[-0.35158,39.20272],[-0.3523,39.18471],[-0.34056,39.18432],[-0.33815,39.18255],[-0.33695,39.17781],[-0.3283,39.17574],[-0.32915,39.1658],[-0.32645,39.16444],[-0.32195,39.17007],[-0.3257,39.1801],[-0.325,39.18411],[-0.33141,39.19237],[-0.33353,39.19205],[-0.33416,39.19319],[-0.33239,39.19731],[-0.32709,39.19996],[-0.32572,39.20299],[-0.32926,39.20408],[-0.33432,39.20257],[-0.34023,39.20302],[-0.34221,39.20844],[-0.34643,39.20532],[-0.34674,39.20325],[-0.35129,39.20284],[-0.35158,39.20272]]]}},{"type":"Feature","properties":{"mun_code":"46224","mun_name":"Segart","mun_name_local":null,"prov_code":"46","prov_name":"València","acom_code":"10","acom_name":"Comunitat Valenciana","geo_point_2d":{"lon":-0.38187741757023125,"lat":39.67825939639203}},"geometry":{"type":"Polygon","coordinates":[[[-0.39904,39.67405],[-0.39314,39.66483],[-0.39297,39.6592],[-0.38159,39.66677],[-0.3688,39.67191],[-0.36519,39.67707],[-0.36592,39.67934],[-0.36298,39.68492],[-0.37282,39.68981],[-0.37649,39.69415],[-0.378,39.69417],[-0.38716,39.69026],[-0.38923,39.69073],[-0.39887,39.67438],[-0.39904,39.67405]]]}},{"type":"Feature","properties":{"mun_code":"46238","mun_name":"Tavernes de la Valldigna","mun_name_local":null,"prov_code":"46","prov_name":"València","acom_code":"10","acom_name":"Comunitat Valenciana","geo_point_2d":{"lon":-0.2547177754105372,"lat":39.08034339571521}},"geometry":{"type":"Polygon","coordinates":[[[-0.30472,39.09912],[-0.29702,39.0946],[-0.29614,39.09068],[-0.29986,39.08289],[-0.29471,39.08259],[-0.2892,39.07838],[-0.28851,39.07257],[-0.29063,39.06431],[-0.27848,39.05165],[-0.27429,39.04961],[-0.26613,39.03958],[-0.26553,39.03525],[-0.26875,39.02981],[-0.24533,39.04882],[-0.22967,39.05384],[-0.19904,39.0586],[-0.21354,39.08582],[-0.22191,39.10579],[-0.23569,39.10358],[-0.27445,39.12343],[-0.28735,39.11614],[-0.29814,39.10136],[-0.30447,39.09928],[-0.30472,39.09912]]]}},{"type":"Feature","properties":{"mun_code":"46186","mun_name":"Paiporta","mun_name_local":null,"prov_code":"46","prov_name":"València","acom_code":"10","acom_name":"Comunitat Valenciana","geo_point_2d":{"lon":-0.412315948947635,"lat":39.42587861843826}},"geometry":{"type":"Polygon","coordinates":[[[-0.42101,39.41947],[-0.41679,39.41395],[-0.40675,39.41572],[-0.40567,39.41285],[-0.40415,39.41394],[-0.40168,39.42676],[-0.40287,39.43689],[-0.42089,39.43511],[-0.42175,39.43434],[-0.41973,39.43142],[-0.42609,39.43053],[-0.42558,39.42596],[-0.42083,39.4241],[-0.42101,39.41947]]]}},{"type":"Feature","properties":{"mun_code":"46041","mun_name":"Aras de los Olmos","mun_name_local":null,"prov_code":"46","prov_name":"València","acom_code":"10","acom_name":"Comunitat Valenciana","geo_point_2d":{"lon":-1.1480690845608796,"lat":39.928836598891436}},"geometry":{"type":"Polygon","coordinates":[[[-1.19786,39.87287],[-1.18215,39.87989],[-1.14934,39.89137],[-1.13608,39.89765],[-1.09076,39.91296],[-1.0876,39.97043],[-1.09215,39.9678],[-1.10501,39.97497],[-1.10782,39.97184],[-1.10736,39.97009],[-1.10982,39.969],[-1.11272,39.97314],[-1.11465,39.97276],[-1.11917,39.96818],[-1.12383,39.96602],[-1.12175,39.96085],[-1.12844,39.96289],[-1.13101,39.97074],[-1.14255,39.97195],[-1.15295,39.96414],[-1.20412,39.94937],[-1.20832,39.94391],[-1.20726,39.93729],[-1.21002,39.93396],[-1.2094,39.93242],[-1.2068,39.93238],[-1.20894,39.92813],[-1.2006,39.92346],[-1.19958,39.91946],[-1.19656,39.91771],[-1.19863,39.91617],[-1.19576,39.91406],[-1.19816,39.90916],[-1.20027,39.89099],[-1.20024,39.87335],[-1.19786,39.87287]]]}},{"type":"Feature","properties":{"mun_code":"46015","mun_name":"Alcàsser","mun_name_local":null,"prov_code":"46","prov_name":"València","acom_code":"10","acom_name":"Comunitat Valenciana","geo_point_2d":{"lon":-0.44717276707013337,"lat":39.3810979260152}},"geometry":{"type":"Polygon","coordinates":[[[-0.4659,39.3997],[-0.4612,39.37522],[-0.45542,39.37171],[-0.45068,39.3646],[-0.44925,39.36346],[-0.43062,39.36459],[-0.4251,39.37626],[-0.4317,39.38159],[-0.4309,39.38293],[-0.43794,39.38518],[-0.44459,39.39239],[-0.45077,39.40279],[-0.46369,39.40009],[-0.4659,39.3997]]]}},{"type":"Feature","properties":{"mun_code":"46012","mun_name":"Alborache","mun_name_local":null,"prov_code":"46","prov_name":"València","acom_code":"10","acom_name":"Comunitat Valenciana","geo_point_2d":{"lon":-0.7554493148527235,"lat":39.37760499380494}},"geometry":{"type":"Polygon","coordinates":[[[-0.79714,39.40266],[-0.79538,39.39186],[-0.7834,39.3905],[-0.76441,39.38044],[-0.76343,39.34977],[-0.76525,39.32126],[-0.7452,39.32517],[-0.74149,39.33999],[-0.73914,39.37537],[-0.73657,39.37881],[-0.73865,39.38464],[-0.73848,39.39684],[-0.73407,39.407],[-0.7279,39.41372],[-0.73393,39.42077],[-0.76102,39.41357],[-0.77777,39.40212],[-0.78424,39.40011],[-0.78945,39.40002],[-0.7937,39.40255],[-0.79714,39.40266]]]}},{"type":"Feature","properties":{"mun_code":"46043","mun_name":"Aielo de Rugat","mun_name_local":null,"prov_code":"46","prov_name":"València","acom_code":"10","acom_name":"Comunitat Valenciana","geo_point_2d":{"lon":-0.34252186721587136,"lat":38.878564488137656}},"geometry":{"type":"Polygon","coordinates":[[[-0.37113,38.90452],[-0.37089,38.89964],[-0.36531,38.89229],[-0.35787,38.89144],[-0.35548,38.88775],[-0.35786,38.88622],[-0.35441,38.88126],[-0.34897,38.88383],[-0.34814,38.88245],[-0.35417,38.87811],[-0.35537,38.87399],[-0.35272,38.86864],[-0.34686,38.86727],[-0.34395,38.86155],[-0.33571,38.86404],[-0.33135,38.86295],[-0.32367,38.86349],[-0.32245,38.86653],[-0.31738,38.86881],[-0.31591,38.87307],[-0.31271,38.87499],[-0.31975,38.87799],[-0.32751,38.87464],[-0.33499,38.88235],[-0.34849,38.88821],[-0.35206,38.89658],[-0.37044,38.9046],[-0.37113,38.90452]]]}},{"type":"Feature","properties":{"mun_code":"46010","mun_name":"Albalat dels Tarongers","mun_name_local":null,"prov_code":"46","prov_name":"València","acom_code":"10","acom_name":"Comunitat Valenciana","geo_point_2d":{"lon":-0.3575160440196711,"lat":39.67692890884181}},"geometry":{"type":"Polygon","coordinates":[[[-0.39297,39.6592],[-0.39072,39.64263],[-0.37937,39.62425],[-0.36439,39.64504],[-0.36245,39.66676],[-0.35753,39.67751],[-0.35105,39.67805],[-0.33023,39.6879],[-0.32572,39.69163],[-0.32843,39.69648],[-0.31618,39.70066],[-0.31113,39.70804],[-0.3206,39.71732],[-0.32374,39.71801],[-0.33878,39.71178],[-0.34553,39.70435],[-0.3538,39.70134],[-0.36174,39.70031],[-0.37649,39.69415],[-0.37282,39.68981],[-0.36298,39.68492],[-0.36592,39.67934],[-0.36519,39.67707],[-0.3688,39.67191],[-0.38159,39.66677],[-0.39185,39.6599],[-0.39297,39.6592]]]}},{"type":"Feature","properties":{"mun_code":"46162","mun_name":"Massalavés","mun_name_local":null,"prov_code":"46","prov_name":"València","acom_code":"10","acom_name":"Comunitat Valenciana","geo_point_2d":{"lon":-0.5179485832803377,"lat":39.15388957096293}},"geometry":{"type":"Polygon","coordinates":[[[-0.53519,39.15656],[-0.53191,39.15525],[-0.52855,39.14911],[-0.53234,39.14764],[-0.53194,39.14343],[-0.52786,39.136],[-0.52004,39.13711],[-0.51636,39.13923],[-0.51331,39.14155],[-0.50935,39.14879],[-0.49579,39.15125],[-0.50088,39.16204],[-0.50076,39.16527],[-0.51481,39.16256],[-0.51459,39.16426],[-0.52048,39.16839],[-0.51889,39.1701],[-0.53222,39.16552],[-0.5349,39.15775],[-0.53519,39.15656]]]}},{"type":"Feature","properties":{"mun_code":"46177","mun_name":"Museros","mun_name_local":null,"prov_code":"46","prov_name":"València","acom_code":"10","acom_name":"Comunitat Valenciana","geo_point_2d":{"lon":-0.3593452940055997,"lat":39.57441942214538}},"geometry":{"type":"Polygon","coordinates":[[[-0.38336,39.57589],[-0.37263,39.56915],[-0.37004,39.56562],[-0.34977,39.5556],[-0.35045,39.55348],[-0.34536,39.5511],[-0.3422,39.55082],[-0.34089,39.55202],[-0.33691,39.55096],[-0.33429,39.55202],[-0.32784,39.55096],[-0.32652,39.55279],[-0.32982,39.55576],[-0.33284,39.55638],[-0.32854,39.56369],[-0.33393,39.56542],[-0.33439,39.56692],[-0.34018,39.5678],[-0.34246,39.56923],[-0.34145,39.57158],[-0.34715,39.57302],[-0.34687,39.57441],[-0.35333,39.57916],[-0.35464,39.58582],[-0.36176,39.5935],[-0.36158,39.59664],[-0.36789,39.60005],[-0.37985,39.59936],[-0.37776,39.59761],[-0.38478,39.58666],[-0.38204,39.5815],[-0.38339,39.57616],[-0.38336,39.57589]],[[-0.33973,39.55448],[-0.33814,39.55393],[-0.33888,39.55272],[-0.34039,39.55329],[-0.33973,39.55448]]]}},{"type":"Feature","properties":{"mun_code":"46225","mun_name":"Sellent","mun_name_local":null,"prov_code":"46","prov_name":"València","acom_code":"10","acom_name":"Comunitat Valenciana","geo_point_2d":{"lon":-0.5922473880112394,"lat":39.03342525304186}},"geometry":{"type":"Polygon","coordinates":[[[-0.62258,39.0456],[-0.62372,39.04369],[-0.61856,39.03831],[-0.61842,39.03553],[-0.62142,39.03005],[-0.61642,39.02769],[-0.60407,39.02525],[-0.59586,39.01779],[-0.59935,39.01613],[-0.59997,39.01358],[-0.59379,39.01503],[-0.59048,39.01417],[-0.59032,39.0119],[-0.57022,39.01847],[-0.56608,39.02758],[-0.5677,39.0293],[-0.5675,39.03817],[-0.56885,39.03776],[-0.57505,39.04358],[-0.57721,39.04755],[-0.57937,39.0486],[-0.57873,39.05005],[-0.5946,39.05075],[-0.60034,39.04789],[-0.60796,39.04816],[-0.62119,39.04577],[-0.62258,39.0456]]]}},{"type":"Feature","properties":{"mun_code":"46106","mun_name":"Chelva","mun_name_local":null,"prov_code":"46","prov_name":"València","acom_code":"10","acom_name":"Comunitat Valenciana","geo_point_2d":{"lon":-1.0171985247862771,"lat":39.74259860095423}},"geometry":{"type":"MultiPolygon","coordinates":[[[[-1.06559,39.73954],[-1.06245,39.73429],[-1.06264,39.73175],[-1.06922,39.72907],[-1.0698,39.72656],[-1.07422,39.72537],[-1.0779,39.72113],[-1.09287,39.69604],[-1.13016,39.6756],[-1.14683,39.65971],[-1.12811,39.64526],[-1.12057,39.64275],[-1.11336,39.63784],[-1.09583,39.62073],[-1.08849,39.61702],[-1.06817,39.61343],[-1.06101,39.62245],[-1.06341,39.62702],[-1.06289,39.63082],[-1.05168,39.63911],[-1.04881,39.63923],[-1.04297,39.64618],[-1.04071,39.65189],[-1.02047,39.66115],[-1.03305,39.66822],[-1.04859,39.67959],[-1.04794,39.68271],[-1.03945,39.68955],[-1.03919,39.69384],[-1.03016,39.69135],[-1.02499,39.69183],[-1.02046,39.68969],[-1.0131,39.70092],[-1.01465,39.70226],[-0.98285,39.73417],[-0.97085,39.73935],[-0.96965,39.74286],[-0.9647,39.746],[-0.96649,39.74885],[-0.96984,39.74816],[-0.96908,39.75018],[-0.9715,39.75053],[-0.97263,39.75361],[-0.97724,39.75747],[-0.97397,39.75885],[-0.97398,39.76032],[-0.96738,39.75731],[-0.97074,39.76125],[-0.96791,39.76213],[-0.96682,39.76846],[-0.96414,39.77075],[-0.95999,39.77176],[-0.95699,39.77163],[-0.9553,39.7702],[-0.95351,39.77107],[-0.95016,39.77701],[-0.94578,39.77959],[-0.94693,39.78112],[-0.94511,39.78297],[-0.9454,39.78533],[-0.93986,39.78389],[-0.91725,39.79074],[-0.90149,39.80009],[-0.88772,39.80389],[-0.88691,39.81959],[-0.88338,39.8279],[-0.8907,39.84655],[-0.89595,39.84947],[-0.95267,39.83916],[-0.98153,39.83975],[-0.99413,39.82114],[-1.02681,39.81545],[-1.04411,39.81601],[-1.02636,39.80559],[-1.02149,39.79519],[-1.02295,39.78348],[-1.02928,39.77239],[-1.02642,39.76232],[-1.03285,39.75233],[-1.04014,39.7504],[-1.06487,39.73927],[-1.06559,39.73954]],[[-0.91859,39.82014],[-0.91714,39.822],[-0.91873,39.81997],[-0.91859,39.82014]]],[[[-1.04411,39.81601],[-1.05241,39.82362],[-1.05233,39.82725],[-1.05481,39.82969],[-1.04926,39.84045],[-1.05199,39.84593],[-1.05859,39.84886],[-1.07113,39.84815],[-1.07217,39.83426],[-1.06725,39.82112],[-1.0469,39.81653],[-1.04411,39.81601]]]]}},{"type":"Feature","properties":{"mun_code":"46190","mun_name":"Paterna","mun_name_local":null,"prov_code":"46","prov_name":"València","acom_code":"10","acom_name":"Comunitat Valenciana","geo_point_2d":{"lon":-0.467555631207172,"lat":39.52400709752216}},"geometry":{"type":"Polygon","coordinates":[[[-0.51521,39.52495],[-0.50487,39.52083],[-0.50523,39.51447],[-0.49869,39.50981],[-0.49496,39.50923],[-0.48561,39.5115],[-0.47451,39.50944],[-0.47208,39.50613],[-0.47444,39.50261],[-0.47326,39.50093],[-0.46726,39.50158],[-0.46189,39.49895],[-0.45544,39.49827],[-0.45207,39.49289],[-0.44966,39.49163],[-0.44534,39.49292],[-0.44078,39.49166],[-0.43577,39.48929],[-0.43654,39.48718],[-0.43531,39.48683],[-0.43205,39.48765],[-0.43116,39.48635],[-0.42505,39.48889],[-0.42477,39.49122],[-0.43033,39.50012],[-0.43089,39.50557],[-0.42414,39.50739],[-0.4277,39.511],[-0.41872,39.51737],[-0.42398,39.52029],[-0.42554,39.52353],[-0.43326,39.52739],[-0.4497,39.54539],[-0.46227,39.55262],[-0.46857,39.55885],[-0.47556,39.5606],[-0.482,39.56537],[-0.48188,39.56298],[-0.47477,39.55812],[-0.47209,39.55338],[-0.47303,39.55074],[-0.47879,39.55151],[-0.47523,39.54898],[-0.47929,39.54709],[-0.4775,39.54467],[-0.4795,39.54396],[-0.48019,39.54525],[-0.48829,39.54551],[-0.49257,39.54369],[-0.49775,39.54742],[-0.50206,39.54846],[-0.50681,39.55227],[-0.50654,39.55385],[-0.51673,39.5397],[-0.5185,39.5266],[-0.5161,39.52508],[-0.51521,39.52495]]]}},{"type":"Feature","properties":{"mun_code":"46114","mun_name":"Domeño","mun_name_local":null,"prov_code":"46","prov_name":"València","acom_code":"10","acom_name":"Comunitat Valenciana","geo_point_2d":{"lon":-0.9248874325298428,"lat":39.700883349010326}},"geometry":{"type":"MultiPolygon","coordinates":[[[[-0.66432,39.65339],[-0.65823,39.6608],[-0.68502,39.67542],[-0.68817,39.67166],[-0.67609,39.6646],[-0.67307,39.65131],[-0.67376,39.64524],[-0.66063,39.64437],[-0.66431,39.65302],[-0.66432,39.65339]]],[[[-1.02616,39.66434],[-1.02047,39.66115],[-1.03228,39.6564],[-1.04071,39.65189],[-1.04067,39.65054],[-1.02988,39.64654],[-1.0238,39.64023],[-1.01727,39.63767],[-1.01034,39.63198],[-1.00547,39.63728],[-1.00176,39.64506],[-0.98288,39.66708],[-0.97776,39.67047],[-0.96186,39.67627],[-0.95711,39.68078],[-0.95293,39.68783],[-0.94594,39.68872],[-0.9404,39.69212],[-0.92787,39.69502],[-0.92343,39.69854],[-0.90298,39.6988],[-0.89452,39.69508],[-0.8907,39.69547],[-0.87447,39.70961],[-0.855,39.72362],[-0.85419,39.72731],[-0.84427,39.73555],[-0.8443,39.73728],[-0.84017,39.73848],[-0.84176,39.74093],[-0.84836,39.7488],[-0.8558,39.75362],[-0.86226,39.75308],[-0.87487,39.75787],[-0.88545,39.75806],[-0.88736,39.75725],[-0.88802,39.74308],[-0.91785,39.73207],[-0.93671,39.72938],[-0.94626,39.72532],[-0.9511,39.72149],[-0.95476,39.7209],[-0.95575,39.71759],[-0.9689,39.70557],[-0.98338,39.70056],[-0.98582,39.69695],[-0.99247,39.69887],[-0.99479,39.69766],[-1.0011,39.68551],[-1.01163,39.67851],[-1.02412,39.66656],[-1.02616,39.66434]]]]}},{"type":"Feature","properties":{"mun_code":"46095","mun_name":"Caudete de las Fuentes","mun_name_local":null,"prov_code":"46","prov_name":"València","acom_code":"10","acom_name":"Comunitat Valenciana","geo_point_2d":{"lon":-1.291434136805932,"lat":39.54548223798099}},"geometry":{"type":"Polygon","coordinates":[[[-1.33183,39.53519],[-1.33196,39.53167],[-1.32144,39.52994],[-1.31693,39.51577],[-1.29727,39.52167],[-1.256,39.52899],[-1.24363,39.52946],[-1.2361,39.53117],[-1.23548,39.54134],[-1.24317,39.54798],[-1.24587,39.54492],[-1.26347,39.55854],[-1.26566,39.56175],[-1.28852,39.56642],[-1.29335,39.5689],[-1.30022,39.57009],[-1.32242,39.58009],[-1.32922,39.5664],[-1.32907,39.54037],[-1.33093,39.53733],[-1.33183,39.53519]]]}},{"type":"Feature","properties":{"mun_code":"46058","mun_name":"Benifairó de les Valls","mun_name_local":null,"prov_code":"46","prov_name":"València","acom_code":"10","acom_name":"Comunitat Valenciana","geo_point_2d":{"lon":-0.275726879850259,"lat":39.724336433464416}},"geometry":{"type":"Polygon","coordinates":[[[-0.2882,39.73073],[-0.29161,39.72656],[-0.28653,39.72166],[-0.28482,39.71434],[-0.27939,39.71465],[-0.27304,39.7125],[-0.26329,39.71659],[-0.26461,39.71914],[-0.26006,39.72088],[-0.26111,39.72292],[-0.26477,39.72457],[-0.26524,39.72298],[-0.2674,39.72389],[-0.27176,39.72098],[-0.27386,39.72374],[-0.26148,39.72862],[-0.26482,39.73478],[-0.27879,39.73439],[-0.2846,39.73213],[-0.2882,39.73073]]]}},{"type":"Feature","properties":{"mun_code":"46074","mun_name":"Bonrepòs i Mirambell","mun_name_local":null,"prov_code":"46","prov_name":"València","acom_code":"10","acom_name":"Comunitat Valenciana","geo_point_2d":{"lon":-0.3673230157166457,"lat":39.51934093139977}},"geometry":{"type":"Polygon","coordinates":[[[-0.37087,39.52739],[-0.37391,39.5262],[-0.37154,39.51802],[-0.36855,39.51373],[-0.36413,39.5112],[-0.36147,39.51644],[-0.36188,39.51986],[-0.36375,39.52294],[-0.36916,39.52441],[-0.37047,39.52796],[-0.37087,39.52739]]]}},{"type":"Feature","properties":{"mun_code":"46170","mun_name":"Moixent","mun_name_local":"Mogente","prov_code":"46","prov_name":"València","acom_code":"10","acom_name":"Comunitat Valenciana","geo_point_2d":{"lon":-0.7977085614670516,"lat":38.86450998663056}},"geometry":{"type":"Polygon","coordinates":[[[-0.9024,38.90015],[-0.90045,38.898],[-0.90066,38.89367],[-0.89048,38.88765],[-0.87979,38.87839],[-0.88072,38.87699],[-0.87401,38.87375],[-0.87565,38.87001],[-0.8713,38.86937],[-0.86935,38.86754],[-0.87039,38.86555],[-0.86579,38.86079],[-0.86166,38.84836],[-0.85367,38.8431],[-0.85133,38.83903],[-0.85059,38.83574],[-0.85246,38.83359],[-0.85568,38.83259],[-0.85831,38.82895],[-0.86316,38.82934],[-0.8652,38.82685],[-0.85796,38.81847],[-0.85102,38.81359],[-0.8507,38.81082],[-0.84582,38.81021],[-0.83468,38.80443],[-0.83256,38.80169],[-0.83557,38.79583],[-0.83232,38.79419],[-0.83968,38.7858],[-0.83197,38.78875],[-0.81892,38.79726],[-0.81431,38.80182],[-0.80788,38.80479],[-0.79296,38.80918],[-0.7552,38.82452],[-0.75285,38.82366],[-0.7427,38.82682],[-0.73541,38.83289],[-0.70121,38.84381],[-0.69268,38.84804],[-0.70693,38.86781],[-0.71342,38.87432],[-0.71674,38.88359],[-0.72465,38.89053],[-0.72269,38.89271],[-0.72588,38.8939],[-0.73481,38.90309],[-0.7368,38.90328],[-0.73836,38.90126],[-0.7401,38.9018],[-0.74107,38.9054],[-0.74597,38.90768],[-0.74466,38.90989],[-0.7497,38.91272],[-0.75226,38.91182],[-0.75393,38.91361],[-0.75752,38.91135],[-0.75763,38.91452],[-0.76031,38.91496],[-0.75964,38.91691],[-0.7671,38.91697],[-0.76951,38.92007],[-0.7722,38.91751],[-0.78216,38.91922],[-0.79144,38.91842],[-0.81317,38.91241],[-0.82639,38.91616],[-0.83597,38.91724],[-0.85253,38.91073],[-0.86184,38.91],[-0.88843,38.90251],[-0.90208,38.9004],[-0.9024,38.90015]]]}},{"type":"Feature","properties":{"mun_code":"46248","mun_name":"Turís","mun_name_local":null,"prov_code":"46","prov_name":"València","acom_code":"10","acom_name":"Comunitat Valenciana","geo_point_2d":{"lon":-0.6867781635434972,"lat":39.37361187189862}},"geometry":{"type":"Polygon","coordinates":[[[-0.7452,39.32517],[-0.71277,39.32295],[-0.69484,39.3152],[-0.68806,39.3249],[-0.66865,39.34443],[-0.654,39.36563],[-0.64379,39.37043],[-0.64371,39.375],[-0.63739,39.38152],[-0.63416,39.38351],[-0.60887,39.38976],[-0.59067,39.39185],[-0.59333,39.40409],[-0.59936,39.4101],[-0.60129,39.41028],[-0.62569,39.41065],[-0.6541,39.40735],[-0.68752,39.40896],[-0.70117,39.41028],[-0.71779,39.41374],[-0.7279,39.41372],[-0.73407,39.407],[-0.73848,39.39684],[-0.73865,39.38464],[-0.73657,39.37881],[-0.73914,39.37537],[-0.74149,39.33999],[-0.74453,39.33009],[-0.7452,39.32517]]]}},{"type":"Feature","properties":{"mun_code":"46065","mun_name":"Beniparrell","mun_name_local":null,"prov_code":"46","prov_name":"València","acom_code":"10","acom_name":"Comunitat Valenciana","geo_point_2d":{"lon":-0.41426076073557466,"lat":39.3829266441784}},"geometry":{"type":"Polygon","coordinates":[[[-0.43397,39.38407],[-0.4309,39.38293],[-0.4317,39.38159],[-0.4251,39.37626],[-0.41298,39.37638],[-0.412,39.37775],[-0.40155,39.37844],[-0.4009,39.3796],[-0.39505,39.37933],[-0.39231,39.38444],[-0.40219,39.38675],[-0.40456,39.38622],[-0.41039,39.38875],[-0.42487,39.39025],[-0.43158,39.38566],[-0.43397,39.38407]]]}},{"type":"Feature","properties":{"mun_code":"46060","mun_name":"Benifaió","mun_name_local":null,"prov_code":"46","prov_name":"València","acom_code":"10","acom_name":"Comunitat Valenciana","geo_point_2d":{"lon":-0.44484173353882095,"lat":39.28480496680969}},"geometry":{"type":"Polygon","coordinates":[[[-0.48714,39.30226],[-0.48404,39.29514],[-0.4828,39.28547],[-0.4578,39.27338],[-0.44143,39.26783],[-0.4375,39.26495],[-0.41433,39.2573],[-0.41402,39.28226],[-0.41645,39.28381],[-0.41709,39.28734],[-0.41959,39.28836],[-0.41893,39.29548],[-0.42483,39.30649],[-0.42956,39.30195],[-0.44304,39.30081],[-0.48281,39.30241],[-0.48714,39.30226]]]}},{"type":"Feature","properties":{"mun_code":"46062","mun_name":"Benigànim","mun_name_local":null,"prov_code":"46","prov_name":"València","acom_code":"10","acom_name":"Comunitat Valenciana","geo_point_2d":{"lon":-0.44582430663006695,"lat":38.95469216029973}},"geometry":{"type":"Polygon","coordinates":[[[-0.49124,38.96527],[-0.4843,38.95331],[-0.48593,38.95165],[-0.47917,38.95178],[-0.47678,38.948],[-0.47711,38.94134],[-0.47968,38.93674],[-0.47547,38.93546],[-0.46578,38.92123],[-0.45451,38.9165],[-0.42378,38.93422],[-0.42251,38.93891],[-0.42443,38.94401],[-0.42388,38.94709],[-0.42187,38.94829],[-0.4244,38.95074],[-0.4212,38.95979],[-0.41544,38.96441],[-0.41071,38.96609],[-0.3931,38.98135],[-0.396,38.98438],[-0.4047,38.98417],[-0.40743,38.98712],[-0.42157,38.98662],[-0.4274,38.98515],[-0.43352,38.98016],[-0.43855,38.98057],[-0.44844,38.97668],[-0.45724,38.97663],[-0.46662,38.97174],[-0.48141,38.96721],[-0.48675,38.96682],[-0.48743,38.9657],[-0.49124,38.96527]]]}},{"type":"Feature","properties":{"mun_code":"46204","mun_name":"el Puig de Santa Maria","mun_name_local":null,"prov_code":"46","prov_name":"València","acom_code":"10","acom_name":"Comunitat Valenciana","geo_point_2d":{"lon":-0.32052722953548857,"lat":39.59897077706122}},"geometry":{"type":"Polygon","coordinates":[[[-0.37937,39.62425],[-0.37468,39.61434],[-0.36461,39.60764],[-0.35417,39.60378],[-0.33792,39.59347],[-0.33381,39.59301],[-0.31744,39.58444],[-0.32029,39.58314],[-0.31775,39.58168],[-0.31701,39.57941],[-0.31131,39.57813],[-0.31387,39.5742],[-0.30932,39.57423],[-0.30936,39.57288],[-0.2936,39.56829],[-0.28055,39.5662],[-0.27882,39.56858],[-0.27722,39.56792],[-0.2785,39.56955],[-0.27648,39.57053],[-0.27644,39.57274],[-0.27492,39.57253],[-0.27606,39.57306],[-0.27519,39.57508],[-0.27315,39.57516],[-0.27488,39.57571],[-0.27394,39.57914],[-0.27117,39.57954],[-0.27308,39.58084],[-0.27229,39.58258],[-0.27057,39.58226],[-0.27223,39.58264],[-0.27222,39.58417],[-0.27074,39.5852],[-0.27183,39.58575],[-0.26992,39.59327],[-0.2669,39.59385],[-0.2688,39.59418],[-0.26817,39.59589],[-0.26659,39.59541],[-0.26819,39.59598],[-0.26783,39.59821],[-0.30177,39.60104],[-0.31021,39.60315],[-0.33702,39.62015],[-0.3532,39.63354],[-0.37937,39.62425]]]}},{"type":"Feature","properties":{"mun_code":"46250","mun_name":"València","mun_name_local":null,"prov_code":"46","prov_name":"València","acom_code":"10","acom_name":"Comunitat Valenciana","geo_point_2d":{"lon":-0.35843924308511743,"lat":39.42060416528986}},"geometry":{"type":"MultiPolygon","coordinates":[[[[-0.36205,39.53232],[-0.36264,39.52902],[-0.36133,39.52812],[-0.3655,39.52885],[-0.36694,39.52706],[-0.36556,39.52611],[-0.36653,39.52367],[-0.36375,39.52294],[-0.36188,39.51986],[-0.36147,39.51644],[-0.35132,39.5227],[-0.3559,39.52403],[-0.35419,39.52969],[-0.36205,39.53232]]],[[[-0.42698,39.56229],[-0.43282,39.56114],[-0.43046,39.55468],[-0.41568,39.54573],[-0.41143,39.54012],[-0.41112,39.53644],[-0.40755,39.53076],[-0.40176,39.52885],[-0.39594,39.52326],[-0.39851,39.52254],[-0.40211,39.51543],[-0.39979,39.51221],[-0.40105,39.50913],[-0.39696,39.50839],[-0.39923,39.50508],[-0.39702,39.50456],[-0.39788,39.50218],[-0.39676,39.50174],[-0.3976,39.49974],[-0.40431,39.49951],[-0.40512,39.49805],[-0.40918,39.49892],[-0.4112,39.49747],[-0.41246,39.49772],[-0.41135,39.5013],[-0.42414,39.50739],[-0.43089,39.50557],[-0.43033,39.50012],[-0.42477,39.49122],[-0.42607,39.48796],[-0.41917,39.48415],[-0.41037,39.48155],[-0.41322,39.47887],[-0.41106,39.47437],[-0.4158,39.47588],[-0.4157,39.46983],[-0.41816,39.4689],[-0.41118,39.46623],[-0.41612,39.45395],[-0.42251,39.45178],[-0.43105,39.45197],[-0.43152,39.45029],[-0.42089,39.43511],[-0.40287,39.43689],[-0.40159,39.42772],[-0.39735,39.4285],[-0.39106,39.42673],[-0.38824,39.43309],[-0.37831,39.42776],[-0.37177,39.42615],[-0.37151,39.42381],[-0.36252,39.41953],[-0.3571,39.41951],[-0.35336,39.42182],[-0.34994,39.42212],[-0.35043,39.40104],[-0.33434,39.37924],[-0.33014,39.36483],[-0.33246,39.3682],[-0.33427,39.36822],[-0.33707,39.37302],[-0.34313,39.37085],[-0.34112,39.36674],[-0.34413,39.36582],[-0.34727,39.36982],[-0.35735,39.36387],[-0.36104,39.36373],[-0.36064,39.36219],[-0.36364,39.35964],[-0.37022,39.36232],[-0.37199,39.35912],[-0.38218,39.35588],[-0.38627,39.35168],[-0.38802,39.34056],[-0.39446,39.33657],[-0.3929,39.3348],[-0.3968,39.33551],[-0.3978,39.3338],[-0.39634,39.33209],[-0.39884,39.33188],[-0.39449,39.3233],[-0.39178,39.32304],[-0.39081,39.31511],[-0.38473,39.31761],[-0.38153,39.31665],[-0.37679,39.31227],[-0.38008,39.31109],[-0.37751,39.31011],[-0.37604,39.30756],[-0.36782,39.30775],[-0.36469,39.30516],[-0.35919,39.30677],[-0.35593,39.31226],[-0.35025,39.31104],[-0.34755,39.3154],[-0.33717,39.3163],[-0.33582,39.3146],[-0.33408,39.31725],[-0.32888,39.31309],[-0.32259,39.314],[-0.31848,39.31179],[-0.31822,39.30326],[-0.31229,39.30346],[-0.30561,39.29928],[-0.29298,39.28404],[-0.27928,39.2794],[-0.27265,39.27863],[-0.27497,39.27917],[-0.28877,39.30234],[-0.31203,39.35061],[-0.32106,39.37346],[-0.33201,39.40986],[-0.33232,39.41305],[-0.33105,39.41351],[-0.33275,39.41366],[-0.33192,39.41662],[-0.33343,39.4164],[-0.33368,39.41811],[-0.33167,39.42263],[-0.32993,39.42234],[-0.33693,39.4252],[-0.3362,39.42655],[-0.33197,39.42565],[-0.33564,39.42726],[-0.32355,39.42385],[-0.33276,39.42693],[-0.33288,39.42937],[-0.33057,39.42986],[-0.33274,39.43006],[-0.33244,39.43178],[-0.33009,39.43075],[-0.32974,39.42738],[-0.3157,39.42296],[-0.31761,39.42118],[-0.32282,39.42288],[-0.31724,39.42062],[-0.31259,39.42334],[-0.30915,39.42973],[-0.31349,39.4354],[-0.31259,39.43343],[-0.31488,39.43017],[-0.33029,39.43519],[-0.328,39.44009],[-0.31969,39.43739],[-0.31856,39.44305],[-0.31684,39.44296],[-0.3175,39.44104],[-0.31625,39.44293],[-0.32509,39.44628],[-0.32565,39.44964],[-0.32139,39.44834],[-0.32058,39.44986],[-0.32627,39.45205],[-0.32284,39.45402],[-0.32649,39.45557],[-0.32363,39.45834],[-0.31446,39.44615],[-0.31221,39.45006],[-0.30845,39.45048],[-0.3127,39.4419],[-0.31032,39.44228],[-0.30889,39.445],[-0.30501,39.44447],[-0.30585,39.43577],[-0.30275,39.43535],[-0.30288,39.43358],[-0.3021,39.44446],[-0.2987,39.4445],[-0.2952,39.45109],[-0.2989,39.44482],[-0.30195,39.44482],[-0.302,39.44927],[-0.3096,39.45093],[-0.31023,39.45288],[-0.31255,39.45307],[-0.30996,39.45534],[-0.30262,39.45303],[-0.30291,39.45202],[-0.30233,39.45308],[-0.30994,39.45561],[-0.30934,39.45749],[-0.30424,39.46026],[-0.28631,39.45501],[-0.29145,39.44408],[-0.28574,39.45502],[-0.30786,39.46283],[-0.30847,39.45994],[-0.31126,39.45876],[-0.31256,39.45996],[-0.31165,39.45861],[-0.31494,39.45725],[-0.31703,39.46018],[-0.31387,39.46027],[-0.32096,39.46078],[-0.32717,39.45674],[-0.32674,39.45807],[-0.32746,39.45647],[-0.32909,39.45739],[-0.33142,39.45981],[-0.32858,39.45891],[-0.32822,39.46029],[-0.33132,39.46024],[-0.3294,39.46159],[-0.3252,39.46152],[-0.3251,39.46022],[-0.31775,39.46212],[-0.31666,39.46127],[-0.31655,39.46252],[-0.31051,39.46107],[-0.31213,39.46259],[-0.32014,39.46344],[-0.32327,39.48412],[-0.33039,39.48497],[-0.33423,39.48773],[-0.33874,39.48601],[-0.35288,39.49019],[-0.35793,39.49431],[-0.35479,39.49965],[-0.35672,39.50108],[-0.35603,39.502],[-0.3597,39.50342],[-0.36168,39.50199],[-0.36732,39.50429],[-0.37229,39.50946],[-0.36661,39.51263],[-0.3712,39.5174],[-0.37369,39.52542],[-0.37087,39.52739],[-0.37597,39.52824],[-0.37809,39.53037],[-0.38489,39.53035],[-0.38446,39.53327],[-0.38697,39.53186],[-0.38776,39.53315],[-0.38942,39.5328],[-0.39014,39.53034],[-0.39369,39.53006],[-0.39265,39.52766],[-0.39505,39.52743],[-0.40294,39.53687],[-0.40092,39.54058],[-0.40512,39.54148],[-0.40695,39.54528],[-0.41625,39.55119],[-0.42659,39.56187],[-0.42698,39.56229]]],[[[-0.33204,39.55185],[-0.33828,39.55102],[-0.34,39.54824],[-0.34287,39.54939],[-0.34386,39.54753],[-0.33912,39.54539],[-0.33737,39.54264],[-0.33765,39.54137],[-0.34091,39.54156],[-0.33973,39.53771],[-0.33435,39.53563],[-0.33336,39.53721],[-0.33107,39.53639],[-0.33067,39.53731],[-0.33391,39.53913],[-0.33231,39.54098],[-0.33426,39.54259],[-0.33346,39.54414],[-0.33211,39.54553],[-0.32959,39.54466],[-0.32959,39.5466],[-0.33417,39.54923],[-0.33291,39.55064],[-0.33204,39.55185]]],[[[-0.28851,39.55613],[-0.3036,39.56271],[-0.3156,39.56619],[-0.32021,39.56151],[-0.29601,39.54962],[-0.29455,39.5503],[-0.29224,39.5489],[-0.29374,39.5512],[-0.28914,39.55528],[-0.28851,39.55613]]]]}},{"type":"Feature","properties":{"mun_code":"46167","mun_name":"Millares","mun_name_local":null,"prov_code":"46","prov_name":"València","acom_code":"10","acom_name":"Comunitat Valenciana","geo_point_2d":{"lon":-0.7930659427987204,"lat":39.211113472887156}},"geometry":{"type":"Polygon","coordinates":[[[-0.84576,39.17095],[-0.82376,39.16733],[-0.81169,39.16734],[-0.80353,39.1679],[-0.80068,39.16949],[-0.78373,39.173],[-0.77275,39.17174],[-0.7603,39.17593],[-0.75085,39.17648],[-0.73531,39.1745],[-0.73263,39.17656],[-0.73234,39.1805],[-0.72891,39.18511],[-0.7215,39.19219],[-0.7167,39.19463],[-0.71248,39.20204],[-0.70736,39.20375],[-0.69896,39.20251],[-0.69854,39.20392],[-0.70162,39.21029],[-0.7079,39.21484],[-0.70848,39.21827],[-0.71589,39.21898],[-0.71814,39.22665],[-0.7249,39.22582],[-0.73166,39.23496],[-0.73394,39.23558],[-0.73757,39.23355],[-0.7391,39.23618],[-0.75284,39.24268],[-0.75761,39.24159],[-0.75856,39.2438],[-0.76359,39.24535],[-0.76786,39.25013],[-0.77424,39.24989],[-0.78028,39.26138],[-0.77905,39.2629],[-0.78004,39.26469],[-0.7919,39.267],[-0.79311,39.26155],[-0.79553,39.26013],[-0.79945,39.26081],[-0.80241,39.2647],[-0.80754,39.26573],[-0.8177,39.26051],[-0.81966,39.25652],[-0.82667,39.25187],[-0.82749,39.24817],[-0.84502,39.23241],[-0.87683,39.22472],[-0.87563,39.21591],[-0.87029,39.20411],[-0.86732,39.20006],[-0.86419,39.19937],[-0.86765,39.19727],[-0.85836,39.18243],[-0.85377,39.17814],[-0.84576,39.17095]]]}},{"type":"Feature","properties":{"mun_code":"46112","mun_name":"Chulilla","mun_name_local":null,"prov_code":"46","prov_name":"València","acom_code":"10","acom_name":"Comunitat Valenciana","geo_point_2d":{"lon":-0.8589738287842511,"lat":39.6517886491594}},"geometry":{"type":"Polygon","coordinates":[[[-0.91483,39.64889],[-0.90839,39.6416],[-0.9059,39.63683],[-0.90584,39.63263],[-0.90186,39.62689],[-0.88978,39.62554],[-0.88597,39.61943],[-0.87429,39.61555],[-0.86604,39.60906],[-0.83009,39.62806],[-0.81648,39.62805],[-0.79618,39.63366],[-0.79401,39.63689],[-0.7964,39.6508],[-0.78796,39.66063],[-0.79646,39.65614],[-0.80322,39.657],[-0.80366,39.66002],[-0.82753,39.67719],[-0.84271,39.68447],[-0.86773,39.68772],[-0.87883,39.685],[-0.89295,39.68569],[-0.9043,39.68341],[-0.91169,39.67447],[-0.91442,39.65311],[-0.91483,39.64889]]]}},{"type":"Feature","properties":{"mun_code":"46067","mun_name":"Benissanó","mun_name_local":null,"prov_code":"46","prov_name":"València","acom_code":"10","acom_name":"Comunitat Valenciana","geo_point_2d":{"lon":-0.572293579600741,"lat":39.61566607305452}},"geometry":{"type":"Polygon","coordinates":[[[-0.58406,39.61899],[-0.58043,39.60885],[-0.57829,39.60679],[-0.56999,39.60953],[-0.55987,39.61792],[-0.5655,39.6248],[-0.57925,39.61903],[-0.58406,39.61899]]]}},{"type":"Feature","properties":{"mun_code":"46258","mun_name":"Villar del Arzobispo","mun_name_local":null,"prov_code":"46","prov_name":"València","acom_code":"10","acom_name":"Comunitat Valenciana","geo_point_2d":{"lon":-0.8170769640851395,"lat":39.70745144625573}},"geometry":{"type":"Polygon","coordinates":[[[-0.85642,39.72274],[-0.84303,39.70193],[-0.8364,39.69982],[-0.84271,39.68447],[-0.82753,39.67719],[-0.80366,39.66002],[-0.80322,39.657],[-0.79646,39.65614],[-0.78807,39.66049],[-0.78771,39.67753],[-0.78997,39.70411],[-0.79644,39.72932],[-0.79482,39.7392],[-0.83264,39.75891],[-0.83055,39.75484],[-0.84017,39.73848],[-0.8443,39.73728],[-0.84427,39.73555],[-0.85419,39.72731],[-0.855,39.72362],[-0.85642,39.72274]]]}},{"type":"Feature","properties":{"mun_code":"46016","mun_name":"Alcàntera de Xúquer","mun_name_local":null,"prov_code":"46","prov_name":"València","acom_code":"10","acom_name":"Comunitat Valenciana","geo_point_2d":{"lon":-0.5579097990870818,"lat":39.06575203603903}},"geometry":{"type":"Polygon","coordinates":[[[-0.5637,39.08353],[-0.56261,39.07233],[-0.56451,39.07218],[-0.56421,39.06722],[-0.56222,39.06716],[-0.56263,39.06015],[-0.56379,39.06686],[-0.56613,39.06589],[-0.55679,39.04462],[-0.55054,39.04716],[-0.54493,39.04449],[-0.54871,39.0465],[-0.54814,39.04964],[-0.55299,39.04875],[-0.55473,39.05651],[-0.55136,39.05687],[-0.55249,39.06729],[-0.55364,39.07183],[-0.55735,39.07277],[-0.55813,39.0786],[-0.55682,39.08332],[-0.5547,39.08376],[-0.5555,39.09013],[-0.55781,39.09011],[-0.55985,39.08509],[-0.5622,39.08351],[-0.5637,39.08353]]]}},{"type":"Feature","properties":{"mun_code":"46061","mun_name":"Beniflá","mun_name_local":null,"prov_code":"46","prov_name":"València","acom_code":"10","acom_name":"Comunitat Valenciana","geo_point_2d":{"lon":-0.19008056287960592,"lat":38.92679976876344}},"geometry":{"type":"Polygon","coordinates":[[[-0.19946,38.92502],[-0.19255,38.92331],[-0.18579,38.925],[-0.18072,38.92892],[-0.19497,38.92939],[-0.19531,38.9277],[-0.19937,38.92539],[-0.19946,38.92502]]]}},{"type":"Feature","properties":{"mun_code":"46111","mun_name":"Chiva","mun_name_local":null,"prov_code":"46","prov_name":"València","acom_code":"10","acom_name":"Comunitat Valenciana","geo_point_2d":{"lon":-0.742283714277409,"lat":39.487737474133915}},"geometry":{"type":"Polygon","coordinates":[[[-0.92011,39.53862],[-0.86782,39.51039],[-0.86036,39.49404],[-0.8532,39.48851],[-0.84224,39.48351],[-0.82431,39.47824],[-0.80959,39.47576],[-0.77112,39.45376],[-0.76187,39.45152],[-0.74738,39.44565],[-0.73358,39.42354],[-0.7333,39.42699],[-0.72368,39.43468],[-0.71324,39.43748],[-0.70973,39.43577],[-0.7053,39.43765],[-0.70269,39.43682],[-0.7026,39.4396],[-0.69688,39.44171],[-0.69204,39.44142],[-0.68752,39.44397],[-0.67057,39.44774],[-0.63317,39.4432],[-0.61726,39.4442],[-0.6165,39.44289],[-0.60556,39.43893],[-0.60395,39.43561],[-0.58125,39.43019],[-0.56595,39.42875],[-0.55476,39.42879],[-0.53454,39.44366],[-0.55093,39.44788],[-0.55256,39.47044],[-0.56159,39.47068],[-0.56162,39.46871],[-0.57466,39.46982],[-0.58351,39.47235],[-0.59129,39.4783],[-0.61712,39.48225],[-0.64908,39.47094],[-0.67021,39.47174],[-0.67639,39.47312],[-0.69436,39.48314],[-0.69979,39.48842],[-0.70454,39.48984],[-0.70856,39.49309],[-0.71442,39.49334],[-0.72682,39.50112],[-0.75555,39.52382],[-0.7644,39.53568],[-0.77003,39.54004],[-0.78223,39.54486],[-0.79516,39.55479],[-0.82977,39.54249],[-0.86793,39.55183],[-0.88816,39.55359],[-0.9197,39.54393],[-0.91998,39.5416],[-0.92011,39.53862]]]}},{"type":"Feature","properties":{"mun_code":"46209","mun_name":"Rafelguaraf","mun_name_local":null,"prov_code":"46","prov_name":"València","acom_code":"10","acom_name":"Comunitat Valenciana","geo_point_2d":{"lon":-0.438708014531679,"lat":39.04992515661414}},"geometry":{"type":"Polygon","coordinates":[[[-0.46585,39.06719],[-0.46343,39.06524],[-0.46009,39.06593],[-0.45752,39.06422],[-0.45072,39.06341],[-0.45088,39.0588],[-0.46055,39.06118],[-0.46165,39.05845],[-0.46692,39.05837],[-0.46976,39.05558],[-0.47004,39.05354],[-0.46884,39.05324],[-0.47241,39.0503],[-0.47075,39.05021],[-0.47237,39.04882],[-0.47343,39.0504],[-0.47599,39.04706],[-0.47049,39.04654],[-0.46997,39.042],[-0.46653,39.04089],[-0.4587,39.0412],[-0.45974,39.04293],[-0.4482,39.03997],[-0.44493,39.03541],[-0.43763,39.03123],[-0.43653,39.02919],[-0.43189,39.0323],[-0.41833,39.0337],[-0.41609,39.03711],[-0.4076,39.03534],[-0.40767,39.03388],[-0.39113,39.03278],[-0.38871,39.03384],[-0.38802,39.03672],[-0.38305,39.03835],[-0.40731,39.04297],[-0.40744,39.03987],[-0.4145,39.04807],[-0.42575,39.05201],[-0.43492,39.05167],[-0.43188,39.07141],[-0.44409,39.07363],[-0.44654,39.07197],[-0.45526,39.07262],[-0.46328,39.07509],[-0.46647,39.07456],[-0.46585,39.06863],[-0.46585,39.06719]]]}},{"type":"Feature","properties":{"mun_code":"46085","mun_name":"Carlet","mun_name_local":null,"prov_code":"46","prov_name":"València","acom_code":"10","acom_name":"Comunitat Valenciana","geo_point_2d":{"lon":-0.536197037547562,"lat":39.234654598483864}},"geometry":{"type":"Polygon","coordinates":[[[-0.60211,39.2296],[-0.59379,39.20317],[-0.56288,39.21233],[-0.56035,39.21081],[-0.5389,39.21244],[-0.52929,39.2221],[-0.52218,39.21704],[-0.51761,39.20619],[-0.51018,39.20902],[-0.51287,39.21092],[-0.51165,39.21343],[-0.50284,39.21549],[-0.4989,39.2193],[-0.49111,39.22461],[-0.48845,39.22475],[-0.48341,39.22968],[-0.47242,39.23627],[-0.479,39.24508],[-0.49401,39.25699],[-0.5044,39.26878],[-0.536,39.26267],[-0.54035,39.25961],[-0.55682,39.25361],[-0.56045,39.24769],[-0.56579,39.24481],[-0.57222,39.2434],[-0.59153,39.23397],[-0.60211,39.2296]]]}},{"type":"Feature","properties":{"mun_code":"46219","mun_name":"Rugat","mun_name_local":null,"prov_code":"46","prov_name":"València","acom_code":"10","acom_name":"Comunitat Valenciana","geo_point_2d":{"lon":-0.3615718960172671,"lat":38.88144426140843}},"geometry":{"type":"MultiPolygon","coordinates":[[[[-0.35272,38.86864],[-0.35537,38.87399],[-0.35382,38.87867],[-0.34814,38.88245],[-0.34897,38.88383],[-0.35441,38.88126],[-0.35786,38.88622],[-0.35548,38.88775],[-0.35787,38.89144],[-0.36531,38.89229],[-0.37212,38.89129],[-0.37148,38.88985],[-0.37622,38.88916],[-0.37185,38.88656],[-0.37032,38.88202],[-0.36464,38.88169],[-0.36725,38.87669],[-0.35798,38.87216],[-0.3577,38.86374],[-0.35295,38.86321],[-0.35026,38.86483],[-0.35272,38.86864]]],[[[-0.36702,38.89532],[-0.36907,38.89659],[-0.37544,38.89533],[-0.37445,38.8937],[-0.3683,38.89503],[-0.36702,38.89532]]]]}},{"type":"Feature","properties":{"mun_code":"46254","mun_name":"Venta del Moro","mun_name_local":null,"prov_code":"46","prov_name":"València","acom_code":"10","acom_name":"Comunitat Valenciana","geo_point_2d":{"lon":-1.3914699083041924,"lat":39.45543436098001}},"geometry":{"type":"Polygon","coordinates":[[[-1.52808,39.4522],[-1.52281,39.44944],[-1.52006,39.44991],[-1.51819,39.44798],[-1.52449,39.44309],[-1.52204,39.44027],[-1.51545,39.43872],[-1.51625,39.43693],[-1.52077,39.43534],[-1.52105,39.43174],[-1.51315,39.42828],[-1.5138,39.43283],[-1.51156,39.43486],[-1.50745,39.43186],[-1.506,39.42841],[-1.49689,39.42906],[-1.49666,39.42703],[-1.5022,39.42427],[-1.50554,39.41871],[-1.5048,39.41704],[-1.49749,39.41509],[-1.49069,39.42175],[-1.48342,39.42257],[-1.48231,39.41882],[-1.48858,39.41705],[-1.48715,39.41211],[-1.48982,39.40677],[-1.48742,39.40054],[-1.48178,39.40135],[-1.47446,39.40907],[-1.47002,39.40781],[-1.46622,39.40257],[-1.46664,39.40105],[-1.47522,39.39816],[-1.47669,39.39363],[-1.47352,39.39143],[-1.4668,39.39051],[-1.46115,39.40053],[-1.45471,39.40063],[-1.45177,39.39788],[-1.45393,39.39306],[-1.45299,39.38942],[-1.45775,39.38852],[-1.45705,39.38692],[-1.45307,39.38572],[-1.45248,39.38358],[-1.45562,39.38288],[-1.45828,39.3858],[-1.46271,39.38714],[-1.46508,39.38627],[-1.46751,39.3828],[-1.46332,39.37947],[-1.45654,39.38007],[-1.44817,39.37832],[-1.45166,39.37298],[-1.44834,39.36661],[-1.45494,39.36355],[-1.45415,39.36109],[-1.4438,39.36208],[-1.44281,39.36699],[-1.43948,39.37157],[-1.43619,39.37317],[-1.43167,39.37174],[-1.43354,39.37621],[-1.43216,39.37743],[-1.42801,39.37517],[-1.42785,39.37107],[-1.43147,39.36609],[-1.43079,39.36455],[-1.4276,39.36295],[-1.42252,39.36495],[-1.42243,39.37425],[-1.42516,39.37997],[-1.42145,39.38193],[-1.41195,39.38002],[-1.40926,39.37681],[-1.40982,39.37323],[-1.40751,39.37191],[-1.40118,39.37677],[-1.39626,39.37514],[-1.39588,39.37303],[-1.39909,39.36941],[-1.40829,39.3694],[-1.40894,39.36774],[-1.40616,39.36568],[-1.39889,39.36397],[-1.39255,39.36745],[-1.38357,39.36628],[-1.38139,39.3682],[-1.38114,39.36634],[-1.37773,39.36745],[-1.37464,39.36649],[-1.37501,39.36755],[-1.37069,39.36845],[-1.36525,39.37326],[-1.36483,39.37852],[-1.35894,39.38237],[-1.35499,39.39],[-1.3514,39.39019],[-1.35103,39.39262],[-1.34482,39.39646],[-1.3376,39.4036],[-1.33146,39.40622],[-1.32346,39.41486],[-1.32128,39.41939],[-1.31697,39.42203],[-1.3107,39.42135],[-1.30916,39.42429],[-1.30703,39.42397],[-1.30475,39.42608],[-1.29954,39.42715],[-1.2817,39.43812],[-1.27997,39.44091],[-1.27746,39.44069],[-1.27234,39.44384],[-1.27143,39.4464],[-1.2786,39.45371],[-1.27795,39.49317],[-1.27217,39.50468],[-1.27823,39.51652],[-1.27442,39.52514],[-1.29788,39.52154],[-1.31693,39.51577],[-1.32144,39.52994],[-1.33196,39.53167],[-1.33183,39.53519],[-1.34061,39.53678],[-1.35752,39.54588],[-1.36359,39.54783],[-1.38542,39.54998],[-1.39042,39.54164],[-1.38995,39.53804],[-1.39242,39.5309],[-1.40317,39.51778],[-1.42684,39.49518],[-1.44247,39.48627],[-1.45764,39.48248],[-1.47427,39.49227],[-1.47541,39.49537],[-1.48106,39.50014],[-1.5028,39.51408],[-1.50589,39.51324],[-1.50715,39.50788],[-1.50585,39.50452],[-1.49891,39.50166],[-1.50152,39.49696],[-1.5005,39.49493],[-1.50364,39.49116],[-1.51214,39.49626],[-1.51026,39.49225],[-1.51095,39.48988],[-1.50717,39.48931],[-1.50481,39.48732],[-1.50947,39.48613],[-1.51206,39.48271],[-1.51057,39.48047],[-1.50701,39.4809],[-1.5029,39.47901],[-1.50396,39.47744],[-1.50936,39.47685],[-1.51325,39.47092],[-1.51349,39.45758],[-1.51857,39.45547],[-1.52315,39.45772],[-1.5273,39.45715],[-1.5288,39.45495],[-1.52819,39.45256],[-1.52808,39.4522]]]}},{"type":"Feature","properties":{"mun_code":"46148","mun_name":"Loriguilla","mun_name_local":null,"prov_code":"46","prov_name":"València","acom_code":"10","acom_name":"Comunitat Valenciana","geo_point_2d":{"lon":-0.9492451768368053,"lat":39.63193321295547}},"geometry":{"type":"MultiPolygon","coordinates":[[[[-0.58912,39.48502],[-0.56856,39.48556],[-0.56211,39.48423],[-0.5596,39.48595],[-0.54635,39.4873],[-0.53575,39.4862],[-0.54014,39.4902],[-0.54407,39.49202],[-0.5451,39.4914],[-0.55432,39.50068],[-0.55573,39.49915],[-0.56836,39.49597],[-0.56748,39.4976],[-0.56931,39.50059],[-0.57479,39.50312],[-0.57798,39.49972],[-0.57944,39.495],[-0.59623,39.5],[-0.58875,39.48891],[-0.5886,39.486],[-0.58912,39.48502]]],[[[-1.04067,39.65054],[-1.04881,39.63923],[-1.05168,39.63911],[-1.06289,39.63082],[-1.06341,39.62702],[-1.06101,39.62245],[-1.06718,39.61346],[-1.05612,39.60905],[-1.03238,39.59282],[-1.01757,39.58667],[-1.01433,39.5837],[-1.00467,39.60231],[-0.99162,39.61577],[-0.98903,39.62074],[-0.96301,39.63057],[-0.947,39.64095],[-0.93132,39.64572],[-0.91483,39.64889],[-0.91169,39.67447],[-0.89847,39.68962],[-0.8907,39.69547],[-0.89452,39.69508],[-0.90298,39.6988],[-0.92343,39.69854],[-0.92787,39.69502],[-0.9404,39.69212],[-0.94594,39.68872],[-0.95293,39.68783],[-0.95711,39.68078],[-0.96186,39.67627],[-0.97776,39.67047],[-0.98288,39.66708],[-1.00176,39.64506],[-1.00547,39.63728],[-1.01034,39.63198],[-1.01727,39.63767],[-1.0238,39.64023],[-1.02988,39.64654],[-1.04015,39.65034],[-1.04067,39.65054]]]]}},{"type":"Feature","properties":{"mun_code":"46159","mun_name":"Manises","mun_name_local":null,"prov_code":"46","prov_name":"València","acom_code":"10","acom_name":"Comunitat Valenciana","geo_point_2d":{"lon":-0.4956530395240981,"lat":39.498071529176805}},"geometry":{"type":"Polygon","coordinates":[[[-0.5269,39.48452],[-0.5113,39.48262],[-0.48345,39.48274],[-0.47772,39.48419],[-0.44917,39.48477],[-0.44642,39.48803],[-0.45238,39.49315],[-0.4552,39.49816],[-0.46189,39.49895],[-0.46726,39.50158],[-0.47055,39.5005],[-0.47445,39.50163],[-0.47208,39.50613],[-0.47451,39.50944],[-0.48561,39.5115],[-0.49496,39.50923],[-0.49869,39.50981],[-0.50523,39.51447],[-0.50487,39.52083],[-0.51395,39.52502],[-0.52509,39.5137],[-0.52952,39.50712],[-0.52775,39.48979],[-0.5269,39.48452]]]}},{"type":"Feature","properties":{"mun_code":"46217","mun_name":"Rotglà i Corberà","mun_name_local":null,"prov_code":"46","prov_name":"València","acom_code":"10","acom_name":"Comunitat Valenciana","geo_point_2d":{"lon":-0.5635940611213575,"lat":39.01156108097476}},"geometry":{"type":"MultiPolygon","coordinates":[[[[-0.55221,38.99529],[-0.55185,38.99657],[-0.55259,38.99554],[-0.55221,38.99529]]],[[[-0.54734,39.0035],[-0.5483,39.00253],[-0.54572,39.00325],[-0.54613,39.0041],[-0.54734,39.0035]]],[[[-0.54259,39.00569],[-0.54398,39.00511],[-0.54284,39.00572],[-0.54259,39.00569]]],[[[-0.54861,39.00683],[-0.54627,39.00604],[-0.54735,39.00757],[-0.54889,39.00714],[-0.54861,39.00683]]],[[[-0.56626,39.02655],[-0.57022,39.01847],[-0.59086,39.01175],[-0.58912,39.01033],[-0.58362,39.00964],[-0.57964,39.00621],[-0.57746,39.00816],[-0.5761,39.00575],[-0.57383,39.00611],[-0.57295,39.0043],[-0.56808,39.00339],[-0.56905,39.0012],[-0.56322,39.00021],[-0.56306,38.99849],[-0.56154,38.99998],[-0.55975,38.9996],[-0.5599,38.998],[-0.55909,38.99965],[-0.55373,38.99622],[-0.55144,38.99744],[-0.55491,38.99766],[-0.55334,38.999],[-0.54667,39.00019],[-0.55093,39.00306],[-0.5465,39.00455],[-0.54979,39.00424],[-0.55185,39.00732],[-0.54789,39.00779],[-0.54891,39.01048],[-0.54652,39.00853],[-0.54695,39.01048],[-0.5446,39.00714],[-0.54634,39.01094],[-0.54988,39.01165],[-0.54872,39.0138],[-0.55029,39.0117],[-0.55262,39.0128],[-0.55122,39.01325],[-0.55097,39.01675],[-0.55335,39.01722],[-0.55229,39.01484],[-0.5548,39.01507],[-0.55267,39.02039],[-0.54603,39.02277],[-0.54611,39.027],[-0.54992,39.02613],[-0.54997,39.02319],[-0.55178,39.02317],[-0.55346,39.025],[-0.55859,39.02264],[-0.56359,39.02358],[-0.56569,39.02638],[-0.56626,39.02655]],[[-0.55641,39.00883],[-0.55508,39.00852],[-0.55659,39.00838],[-0.55641,39.00883]],[[-0.55007,39.00071],[-0.55263,39.00027],[-0.55041,39.00121],[-0.55007,39.00071]]]]}},{"type":"Feature","properties":{"mun_code":"46139","mun_name":"Guadassuar","mun_name_local":null,"prov_code":"46","prov_name":"València","acom_code":"10","acom_name":"Comunitat Valenciana","geo_point_2d":{"lon":-0.5308631823094992,"lat":39.18198942184435}},"geometry":{"type":"Polygon","coordinates":[[[-0.62636,39.15639],[-0.59447,39.1629],[-0.5561,39.163],[-0.54008,39.16423],[-0.54189,39.14938],[-0.53756,39.15601],[-0.53519,39.15656],[-0.53222,39.16552],[-0.51889,39.1701],[-0.52168,39.17411],[-0.51701,39.1777],[-0.51737,39.17609],[-0.50895,39.17452],[-0.50774,39.17313],[-0.5035,39.17331],[-0.50733,39.17225],[-0.50759,39.1709],[-0.5006,39.16899],[-0.50001,39.16044],[-0.49369,39.16096],[-0.46053,39.18094],[-0.46701,39.20899],[-0.46296,39.22469],[-0.46367,39.23001],[-0.46757,39.23807],[-0.48202,39.23051],[-0.48081,39.20685],[-0.49169,39.19644],[-0.49515,39.18797],[-0.50258,39.18288],[-0.51089,39.18107],[-0.51055,39.18345],[-0.51821,39.18712],[-0.5214,39.1834],[-0.52161,39.17487],[-0.54718,39.17329],[-0.55622,39.17443],[-0.58285,39.18415],[-0.60244,39.1855],[-0.61223,39.18084],[-0.63898,39.15364],[-0.62636,39.15639]]]}},{"type":"Feature","properties":{"mun_code":"46153","mun_name":"Llocnou de Sant Jeroni","mun_name_local":null,"prov_code":"46","prov_name":"València","acom_code":"10","acom_name":"Comunitat Valenciana","geo_point_2d":{"lon":-0.2898614722864469,"lat":38.902612731814635}},"geometry":{"type":"Polygon","coordinates":[[[-0.30466,38.91697],[-0.3038,38.90685],[-0.30099,38.89911],[-0.30284,38.89026],[-0.29483,38.88916],[-0.29204,38.89045],[-0.2732,38.8916],[-0.27748,38.90911],[-0.2816,38.91628],[-0.28653,38.91364],[-0.29051,38.91713],[-0.29472,38.91506],[-0.30379,38.91671],[-0.30466,38.91697]]]}},{"type":"Feature","properties":{"mun_code":"46241","mun_name":"Titaguas","mun_name_local":null,"prov_code":"46","prov_name":"València","acom_code":"10","acom_name":"Comunitat Valenciana","geo_point_2d":{"lon":-1.1119484033621578,"lat":39.87073146647775}},"geometry":{"type":"Polygon","coordinates":[[[-1.19786,39.87287],[-1.16686,39.86393],[-1.14897,39.84417],[-1.13907,39.84469],[-1.13,39.83621],[-1.11702,39.83655],[-1.10467,39.83482],[-1.09512,39.83637],[-1.07113,39.84815],[-1.05859,39.84886],[-1.05199,39.84593],[-1.05001,39.84285],[-1.04926,39.84045],[-1.05481,39.82969],[-1.05233,39.82725],[-1.05241,39.82362],[-1.04411,39.81601],[-1.0497,39.83557],[-1.04807,39.84063],[-1.05376,39.85014],[-1.06661,39.89931],[-1.08147,39.90341],[-1.09076,39.91296],[-1.11541,39.90533],[-1.19338,39.87492],[-1.19786,39.87287]]]}},{"type":"Feature","properties":{"mun_code":"46256","mun_name":"Vilamarxant","mun_name_local":null,"prov_code":"46","prov_name":"València","acom_code":"10","acom_name":"Comunitat Valenciana","geo_point_2d":{"lon":-0.655332610554427,"lat":39.56019973577776}},"geometry":{"type":"Polygon","coordinates":[[[-0.71811,39.54529],[-0.69534,39.53487],[-0.66674,39.52743],[-0.63838,39.52435],[-0.6063,39.5173],[-0.59077,39.56265],[-0.59456,39.56902],[-0.60215,39.57228],[-0.60103,39.57543],[-0.60447,39.57571],[-0.60579,39.57268],[-0.61011,39.5719],[-0.61255,39.57569],[-0.61108,39.57924],[-0.61237,39.57756],[-0.61551,39.57932],[-0.62064,39.58354],[-0.62037,39.58525],[-0.62648,39.58472],[-0.6356,39.58689],[-0.64051,39.59127],[-0.64281,39.59708],[-0.64688,39.60191],[-0.65935,39.59765],[-0.66106,39.60216],[-0.66555,39.60261],[-0.66756,39.60522],[-0.67375,39.60789],[-0.67903,39.60591],[-0.68878,39.60709],[-0.69232,39.60645],[-0.69068,39.60218],[-0.69369,39.60148],[-0.69716,39.58668],[-0.69977,39.58195],[-0.70973,39.57102],[-0.71794,39.5653],[-0.71758,39.56031],[-0.72113,39.55278],[-0.71811,39.54529]]]}},{"type":"Feature","properties":{"mun_code":"46150","mun_name":"Llutxent","mun_name_local":null,"prov_code":"46","prov_name":"València","acom_code":"10","acom_name":"Comunitat Valenciana","geo_point_2d":{"lon":-0.3417277856788957,"lat":38.9457784354376}},"geometry":{"type":"Polygon","coordinates":[[[-0.39141,38.91191],[-0.3821,38.91304],[-0.38032,38.91211],[-0.37839,38.90405],[-0.37044,38.9046],[-0.35756,38.90916],[-0.3609,38.91298],[-0.35764,38.92022],[-0.34672,38.92333],[-0.33959,38.92203],[-0.33854,38.92452],[-0.34277,38.92768],[-0.34565,38.928],[-0.33972,38.93342],[-0.34033,38.93695],[-0.32624,38.93378],[-0.32141,38.92918],[-0.29964,38.93526],[-0.29152,38.94515],[-0.29245,38.94902],[-0.29614,38.95039],[-0.29964,38.94903],[-0.30277,38.94989],[-0.30287,38.95272],[-0.29872,38.95523],[-0.29694,38.96],[-0.30064,38.96238],[-0.29936,38.96449],[-0.29577,38.96527],[-0.29624,38.97332],[-0.29243,38.98846],[-0.30338,38.984],[-0.32287,38.98142],[-0.33315,38.96229],[-0.34193,38.96249],[-0.34957,38.96547],[-0.3523,38.97007],[-0.35084,38.97241],[-0.35503,38.97012],[-0.35846,38.97014],[-0.36793,38.96032],[-0.375,38.95698],[-0.38344,38.94698],[-0.39068,38.91671],[-0.39141,38.91191]]]}},{"type":"Feature","properties":{"mun_code":"46026","mun_name":"Alfarp","mun_name_local":null,"prov_code":"46","prov_name":"València","acom_code":"10","acom_name":"Comunitat Valenciana","geo_point_2d":{"lon":-0.5231081456888984,"lat":39.282571770048875}},"geometry":{"type":"Polygon","coordinates":[[[-0.56653,39.27934],[-0.56434,39.27479],[-0.56063,39.27263],[-0.56438,39.26822],[-0.562,39.26474],[-0.56321,39.26319],[-0.5621,39.26084],[-0.55839,39.26003],[-0.5484,39.2644],[-0.54035,39.25961],[-0.536,39.26267],[-0.5044,39.26878],[-0.50595,39.27322],[-0.5055,39.2799],[-0.49971,39.28266],[-0.49529,39.28245],[-0.4901,39.28469],[-0.4828,39.28547],[-0.48404,39.29514],[-0.48714,39.30226],[-0.4965,39.30445],[-0.50433,39.31094],[-0.51372,39.30664],[-0.51931,39.29889],[-0.53388,39.28941],[-0.54767,39.28381],[-0.55573,39.28305],[-0.56522,39.28473],[-0.5626,39.28264],[-0.56591,39.27949],[-0.56653,39.27934]]]}},{"type":"Feature","properties":{"mun_code":"46003","mun_name":"Atzeneta d'Albaida","mun_name_local":null,"prov_code":"46","prov_name":"València","acom_code":"10","acom_name":"Comunitat Valenciana","geo_point_2d":{"lon":-0.4868081034646123,"lat":38.83206757132787}},"geometry":{"type":"Polygon","coordinates":[[[-0.49747,38.84971],[-0.49548,38.84522],[-0.50522,38.84009],[-0.50606,38.83474],[-0.50332,38.83463],[-0.50229,38.83235],[-0.5036,38.82569],[-0.49787,38.82854],[-0.49821,38.8252],[-0.49476,38.82443],[-0.49042,38.82868],[-0.48555,38.82975],[-0.47243,38.81314],[-0.47213,38.81038],[-0.46188,38.80765],[-0.46136,38.81046],[-0.46626,38.81805],[-0.4767,38.82756],[-0.48192,38.83663],[-0.48484,38.83691],[-0.48422,38.8405],[-0.48654,38.84497],[-0.48585,38.85521],[-0.4937,38.85054],[-0.49591,38.85123],[-0.49627,38.84978],[-0.49747,38.84971]]]}},{"type":"Feature","properties":{"mun_code":"46068","mun_name":"Benissoda","mun_name_local":null,"prov_code":"46","prov_name":"València","acom_code":"10","acom_name":"Comunitat Valenciana","geo_point_2d":{"lon":-0.5320553817025855,"lat":38.82635846080675}},"geometry":{"type":"Polygon","coordinates":[[[-0.54012,38.84425],[-0.54498,38.84131],[-0.54061,38.83606],[-0.53675,38.82481],[-0.53809,38.82171],[-0.53531,38.81036],[-0.52564,38.81058],[-0.52249,38.81761],[-0.52425,38.82431],[-0.51968,38.82936],[-0.52675,38.83173],[-0.52925,38.83636],[-0.53544,38.84149],[-0.53574,38.84431],[-0.53843,38.84241],[-0.54012,38.84425]]]}},{"type":"Feature","properties":{"mun_code":"46140","mun_name":"Guardamar de la Safor","mun_name_local":null,"prov_code":"46","prov_name":"València","acom_code":"10","acom_name":"Comunitat Valenciana","geo_point_2d":{"lon":-0.14621365365838496,"lat":38.96323241715283}},"geometry":{"type":"Polygon","coordinates":[[[-0.15643,38.96146],[-0.15389,38.96038],[-0.15619,38.95716],[-0.15026,38.95624],[-0.14594,38.96083],[-0.13323,38.96804],[-0.13605,38.97098],[-0.13887,38.96786],[-0.15153,38.96498],[-0.15574,38.96208],[-0.15643,38.96146]]]}},{"type":"Feature","properties":{"mun_code":"46006","mun_name":"Albaida","mun_name_local":null,"prov_code":"46","prov_name":"València","acom_code":"10","acom_name":"Comunitat Valenciana","geo_point_2d":{"lon":-0.5245781989225147,"lat":38.84833982454223}},"geometry":{"type":"Polygon","coordinates":[[[-0.57798,38.8696],[-0.57404,38.86175],[-0.56308,38.86171],[-0.55649,38.85933],[-0.55481,38.8561],[-0.55635,38.85604],[-0.55202,38.85097],[-0.55048,38.85154],[-0.54651,38.84989],[-0.54533,38.84666],[-0.54088,38.84519],[-0.53843,38.84241],[-0.53574,38.84431],[-0.53544,38.84149],[-0.52925,38.83636],[-0.52675,38.83173],[-0.51979,38.82955],[-0.52425,38.82431],[-0.52249,38.81761],[-0.5257,38.81212],[-0.52411,38.80959],[-0.51583,38.80683],[-0.47754,38.80529],[-0.47449,38.80386],[-0.46188,38.80765],[-0.47213,38.81038],[-0.47243,38.81314],[-0.48555,38.82975],[-0.49042,38.82868],[-0.49476,38.82443],[-0.49821,38.8252],[-0.49787,38.82854],[-0.5036,38.82569],[-0.50229,38.83235],[-0.50332,38.83463],[-0.50606,38.83474],[-0.505,38.84061],[-0.49548,38.84522],[-0.49747,38.84971],[-0.50074,38.84833],[-0.50699,38.84985],[-0.50886,38.85165],[-0.50882,38.85784],[-0.50458,38.86017],[-0.50558,38.86438],[-0.52035,38.86771],[-0.51918,38.87384],[-0.52653,38.89163],[-0.52971,38.88956],[-0.53577,38.89279],[-0.53899,38.88724],[-0.54226,38.88559],[-0.55091,38.88822],[-0.5585,38.88683],[-0.55772,38.88222],[-0.56218,38.88389],[-0.56628,38.88343],[-0.56867,38.88146],[-0.567,38.87681],[-0.57171,38.87478],[-0.57956,38.87401],[-0.57834,38.87057],[-0.57798,38.8696]]]}},{"type":"Feature","properties":{"mun_code":"46004","mun_name":"Agullent","mun_name_local":null,"prov_code":"46","prov_name":"València","acom_code":"10","acom_name":"Comunitat Valenciana","geo_point_2d":{"lon":-0.5580877827143894,"lat":38.83482496438145}},"geometry":{"type":"Polygon","coordinates":[[[-0.58502,38.86789],[-0.5602,38.80412],[-0.54668,38.80545],[-0.53531,38.81036],[-0.53809,38.82171],[-0.53675,38.82481],[-0.54061,38.83606],[-0.54498,38.84131],[-0.54029,38.84465],[-0.54533,38.84666],[-0.54651,38.84989],[-0.55048,38.85154],[-0.55202,38.85097],[-0.55635,38.85604],[-0.55481,38.8561],[-0.55649,38.85933],[-0.56308,38.86171],[-0.57404,38.86175],[-0.57798,38.8696],[-0.58502,38.86789]]]}},{"type":"Feature","properties":{"mun_code":"46082","mun_name":"Canet d'En Berenguer","mun_name_local":null,"prov_code":"46","prov_name":"València","acom_code":"10","acom_name":"Comunitat Valenciana","geo_point_2d":{"lon":-0.21635400272862354,"lat":39.680706466198444}},"geometry":{"type":"Polygon","coordinates":[[[-0.2038,39.6718],[-0.20156,39.67343],[-0.20311,39.67301],[-0.20296,39.67512],[-0.20108,39.67488],[-0.20085,39.6723],[-0.20073,39.68527],[-0.21328,39.68806],[-0.22067,39.68944],[-0.22365,39.6882],[-0.22623,39.68941],[-0.23253,39.68025],[-0.23697,39.6797],[-0.23754,39.67858],[-0.22772,39.67578],[-0.20433,39.67199],[-0.2038,39.6718]]]}},{"type":"Feature","properties":{"mun_code":"46038","mun_name":"Andilla","mun_name_local":null,"prov_code":"46","prov_name":"València","acom_code":"10","acom_name":"Comunitat Valenciana","geo_point_2d":{"lon":-0.8021884899187088,"lat":39.8125098101486}},"geometry":{"type":"Polygon","coordinates":[[[-0.89595,39.84947],[-0.8907,39.84655],[-0.88343,39.8282],[-0.88691,39.81959],[-0.88772,39.80389],[-0.88435,39.80226],[-0.87284,39.80046],[-0.86254,39.79258],[-0.86116,39.794],[-0.8554,39.79072],[-0.85468,39.7891],[-0.85614,39.78748],[-0.84683,39.77935],[-0.83264,39.75891],[-0.79482,39.7392],[-0.78716,39.74225],[-0.76818,39.76126],[-0.7415,39.78037],[-0.73306,39.7821],[-0.69995,39.77469],[-0.7068,39.78753],[-0.7102,39.79042],[-0.71248,39.8167],[-0.72252,39.81323],[-0.72589,39.81419],[-0.72751,39.81619],[-0.73046,39.81483],[-0.73068,39.81663],[-0.73591,39.81948],[-0.73755,39.82216],[-0.7372,39.82981],[-0.74068,39.83209],[-0.74521,39.83196],[-0.74517,39.83576],[-0.74868,39.84021],[-0.75404,39.84327],[-0.77356,39.8698],[-0.79377,39.88143],[-0.80699,39.87787],[-0.81498,39.87351],[-0.82874,39.87115],[-0.83879,39.86254],[-0.84869,39.85716],[-0.85645,39.8555],[-0.85805,39.85052],[-0.86356,39.84741],[-0.86742,39.84678],[-0.8702,39.84883],[-0.87403,39.84834],[-0.87929,39.85228],[-0.88857,39.85211],[-0.88998,39.85432],[-0.89506,39.85678],[-0.90094,39.85552],[-0.90009,39.85237],[-0.89634,39.84974],[-0.89595,39.84947]]]}},{"type":"Feature","properties":{"mun_code":"46044","mun_name":"Ayora","mun_name_local":null,"prov_code":"46","prov_name":"València","acom_code":"10","acom_name":"Comunitat Valenciana","geo_point_2d":{"lon":-1.074263552048494,"lat":39.01885951988668}},"geometry":{"type":"Polygon","coordinates":[[[-1.26675,39.05102],[-1.2639,39.04509],[-1.25926,39.04135],[-1.25205,39.03955],[-1.23955,39.03056],[-1.22654,39.02467],[-1.2086,39.00505],[-1.20181,38.993],[-1.19326,38.98821],[-1.17478,38.96768],[-1.16089,38.95482],[-1.15453,38.93968],[-1.15273,38.9392],[-1.14716,38.92912],[-1.13864,38.92752],[-1.12712,38.92963],[-1.10506,38.92866],[-1.09228,38.93127],[-1.06906,38.93414],[-1.05458,38.93444],[-1.04296,38.93658],[-1.03687,38.93417],[-1.02709,38.93556],[-1.01268,38.93943],[-1.00707,38.94579],[-1.00053,38.94965],[-0.98502,38.94619],[-0.9744,38.94217],[-0.93874,38.949],[-0.9216,38.95806],[-0.90576,38.97041],[-0.89851,38.97922],[-0.89907,38.98075],[-0.89623,38.982],[-0.89533,38.99054],[-0.8924,38.99586],[-0.88904,38.99715],[-0.89069,38.99837],[-0.88627,39.00427],[-0.88735,39.00569],[-0.88376,39.00753],[-0.88207,39.01235],[-0.87838,39.01156],[-0.8882,39.02306],[-0.89352,39.03788],[-0.89815,39.04314],[-0.90077,39.04909],[-0.90121,39.05157],[-0.89911,39.05488],[-0.90241,39.06078],[-0.90248,39.07135],[-0.89474,39.07733],[-0.90646,39.08949],[-0.90572,39.09349],[-0.90898,39.09214],[-0.90869,39.08829],[-0.91096,39.08676],[-0.92209,39.08512],[-0.92313,39.0832],[-0.9262,39.0836],[-0.93364,39.08039],[-0.93593,39.078],[-0.93536,39.07462],[-0.93654,39.07387],[-0.95001,39.07352],[-0.95401,39.06801],[-0.96432,39.06553],[-0.97835,39.06412],[-0.98894,39.06591],[-0.99425,39.06532],[-1.00168,39.06875],[-1.02373,39.06726],[-1.03202,39.06868],[-1.0435,39.06686],[-1.04626,39.0675],[-1.04689,39.07134],[-1.05042,39.07465],[-1.04986,39.07688],[-1.05679,39.07745],[-1.06293,39.07958],[-1.07707,39.07349],[-1.08102,39.07484],[-1.09221,39.07322],[-1.10008,39.07371],[-1.14227,39.08067],[-1.1525,39.08929],[-1.16862,39.08931],[-1.17208,39.09659],[-1.17047,39.10119],[-1.18325,39.10652],[-1.19546,39.11439],[-1.21398,39.12319],[-1.2195,39.1279],[-1.23235,39.13369],[-1.24051,39.11374],[-1.25572,39.10617],[-1.25582,39.08402],[-1.2657,39.07547],[-1.26377,39.06834],[-1.26524,39.05247],[-1.26675,39.05102]]]}},{"type":"Feature","properties":{"mun_code":"46155","mun_name":"Llaurí","mun_name_local":null,"prov_code":"46","prov_name":"València","acom_code":"10","acom_name":"Comunitat Valenciana","geo_point_2d":{"lon":-0.3235705450565918,"lat":39.13803196390074}},"geometry":{"type":"MultiPolygon","coordinates":[[[[-0.30677,39.14697],[-0.31684,39.14804],[-0.32926,39.15368],[-0.3402,39.15512],[-0.33905,39.15279],[-0.34225,39.14239],[-0.34016,39.13994],[-0.34754,39.12734],[-0.34484,39.12174],[-0.32473,39.1119],[-0.31862,39.12254],[-0.31065,39.12718],[-0.30317,39.129],[-0.29569,39.13415],[-0.30249,39.14584],[-0.30616,39.14691],[-0.30677,39.14697]]],[[[-0.3074,39.17612],[-0.31339,39.17525],[-0.31186,39.1736],[-0.31969,39.16965],[-0.31849,39.16853],[-0.32604,39.15981],[-0.32052,39.15739],[-0.31706,39.16184],[-0.31252,39.16226],[-0.30855,39.16837],[-0.30515,39.1707],[-0.31072,39.17276],[-0.30769,39.17563],[-0.3074,39.17612]]]]}},{"type":"Feature","properties":{"mun_code":"46165","mun_name":"Massanassa","mun_name_local":null,"prov_code":"46","prov_name":"València","acom_code":"10","acom_name":"Comunitat Valenciana","geo_point_2d":{"lon":-0.372535674256871,"lat":39.3972180984728}},"geometry":{"type":"Polygon","coordinates":[[[-0.40567,39.41285],[-0.39574,39.40388],[-0.37852,39.40079],[-0.36752,39.39688],[-0.36334,39.39217],[-0.3542,39.37505],[-0.34413,39.36582],[-0.34112,39.36674],[-0.35209,39.38674],[-0.35946,39.39303],[-0.36777,39.40637],[-0.3717,39.40874],[-0.38287,39.41068],[-0.38843,39.41322],[-0.3955,39.41359],[-0.40352,39.41591],[-0.40522,39.41311],[-0.40567,39.41285]]]}},{"type":"Feature","properties":{"mun_code":"46259","mun_name":"Villargordo del Cabriel","mun_name_local":null,"prov_code":"46","prov_name":"València","acom_code":"10","acom_name":"Comunitat Valenciana","geo_point_2d":{"lon":-1.451543335425639,"lat":39.53189710457883}},"geometry":{"type":"Polygon","coordinates":[[[-1.52107,39.54877],[-1.51592,39.54877],[-1.51109,39.54558],[-1.50343,39.54792],[-1.50252,39.5442],[-1.50602,39.54012],[-1.50094,39.53437],[-1.50585,39.53223],[-1.50388,39.52643],[-1.50527,39.52146],[-1.50691,39.52122],[-1.50142,39.51608],[-1.5028,39.51408],[-1.48106,39.50014],[-1.47541,39.49537],[-1.47427,39.49227],[-1.45764,39.48248],[-1.44247,39.48627],[-1.43446,39.49011],[-1.42083,39.5002],[-1.40317,39.51778],[-1.39242,39.5309],[-1.38995,39.53804],[-1.39042,39.54164],[-1.38542,39.54998],[-1.39001,39.55217],[-1.39686,39.55305],[-1.40294,39.56047],[-1.41683,39.56413],[-1.44331,39.56595],[-1.4624,39.57227],[-1.47014,39.57179],[-1.4768,39.56912],[-1.48349,39.56916],[-1.50436,39.5639],[-1.50087,39.55802],[-1.50358,39.55594],[-1.50308,39.55215],[-1.51785,39.55191],[-1.52122,39.54934],[-1.52107,39.54877]]]}},{"type":"Feature","properties":{"mun_code":"46192","mun_name":"Petrés","mun_name_local":null,"prov_code":"46","prov_name":"València","acom_code":"10","acom_name":"Comunitat Valenciana","geo_point_2d":{"lon":-0.3113510334513905,"lat":39.68390751264807}},"geometry":{"type":"Polygon","coordinates":[[[-0.32435,39.69045],[-0.31867,39.68594],[-0.32089,39.68169],[-0.31134,39.67805],[-0.29872,39.67765],[-0.3015,39.68477],[-0.31734,39.69129],[-0.32559,39.69244],[-0.32459,39.69156],[-0.32435,39.69045]]]}},{"type":"Feature","properties":{"mun_code":"46166","mun_name":"Meliana","mun_name_local":null,"prov_code":"46","prov_name":"València","acom_code":"10","acom_name":"Comunitat Valenciana","geo_point_2d":{"lon":-0.3349673521441195,"lat":39.52501646652146}},"geometry":{"type":"Polygon","coordinates":[[[-0.35341,39.52949],[-0.3559,39.52403],[-0.33447,39.51683],[-0.33081,39.51655],[-0.33025,39.51795],[-0.31892,39.51496],[-0.31744,39.5192],[-0.31509,39.51969],[-0.3163,39.51989],[-0.31549,39.52237],[-0.31297,39.52338],[-0.31452,39.52518],[-0.3273,39.53096],[-0.33046,39.53032],[-0.34089,39.53421],[-0.34413,39.53464],[-0.34596,39.53331],[-0.35067,39.53478],[-0.35341,39.52949]]]}},{"type":"Feature","properties":{"mun_code":"46120","mun_name":"Estivella","mun_name_local":null,"prov_code":"46","prov_name":"València","acom_code":"10","acom_name":"Comunitat Valenciana","geo_point_2d":{"lon":-0.3687946951678455,"lat":39.714479855086246}},"geometry":{"type":"Polygon","coordinates":[[[-0.40835,39.71856],[-0.39949,39.70223],[-0.38778,39.69023],[-0.37011,39.69612],[-0.36174,39.70031],[-0.3538,39.70134],[-0.34553,39.70435],[-0.33878,39.71178],[-0.32524,39.71687],[-0.32313,39.72023],[-0.32877,39.72843],[-0.33895,39.73421],[-0.34305,39.73373],[-0.3555,39.72759],[-0.36549,39.72966],[-0.37224,39.72683],[-0.37797,39.72927],[-0.38689,39.72762],[-0.40046,39.72797],[-0.40773,39.7213],[-0.40835,39.71856]]]}},{"type":"Feature","properties":{"mun_code":"46113","mun_name":"Daimús","mun_name_local":null,"prov_code":"46","prov_name":"València","acom_code":"10","acom_name":"Comunitat Valenciana","geo_point_2d":{"lon":-0.15053485028703945,"lat":38.97201015125842}},"geometry":{"type":"Polygon","coordinates":[[[-0.15643,38.96146],[-0.15153,38.96498],[-0.13887,38.96786],[-0.13605,38.97098],[-0.14701,38.98339],[-0.15915,38.9785],[-0.15645,38.97427],[-0.15884,38.97292],[-0.15864,38.97038],[-0.16247,38.96836],[-0.16625,38.96382],[-0.16406,38.96233],[-0.16151,38.96446],[-0.16032,38.96372],[-0.15653,38.96506],[-0.15876,38.96258],[-0.15643,38.96146]]]}},{"type":"Feature","properties":{"mun_code":"46087","mun_name":"Casas Altas","mun_name_local":null,"prov_code":"46","prov_name":"València","acom_code":"10","acom_name":"Comunitat Valenciana","geo_point_2d":{"lon":-1.249766149085594,"lat":40.033204145224374}},"geometry":{"type":"Polygon","coordinates":[[[-1.3123,40.03112],[-1.31139,40.02642],[-1.29621,40.02927],[-1.28734,40.02902],[-1.27251,40.03188],[-1.2677,40.03041],[-1.25858,40.03256],[-1.23568,40.02461],[-1.22045,40.01614],[-1.20715,40.00183],[-1.19955,40.00345],[-1.19175,40.00153],[-1.20077,40.00737],[-1.20419,40.01177],[-1.20815,40.01335],[-1.2216,40.02824],[-1.21728,40.03423],[-1.21744,40.03638],[-1.21504,40.03751],[-1.24856,40.05032],[-1.26289,40.05112],[-1.26504,40.05224],[-1.27875,40.04379],[-1.28442,40.04247],[-1.299,40.03571],[-1.3012,40.03198],[-1.30996,40.03134],[-1.3123,40.03112]]]}},{"type":"Feature","properties":{"mun_code":"46229","mun_name":"Siete Aguas","mun_name_local":null,"prov_code":"46","prov_name":"València","acom_code":"10","acom_name":"Comunitat Valenciana","geo_point_2d":{"lon":-0.9246276010644241,"lat":39.48444310238093}},"geometry":{"type":"Polygon","coordinates":[[[-0.98273,39.55315],[-0.97982,39.54164],[-0.98083,39.53395],[-0.97813,39.51675],[-0.97934,39.51051],[-0.96711,39.48509],[-0.96489,39.47466],[-0.96856,39.45882],[-0.96812,39.45038],[-0.97595,39.43538],[-0.97739,39.42805],[-0.96686,39.42455],[-0.95048,39.42443],[-0.94103,39.42229],[-0.90653,39.42679],[-0.89446,39.43346],[-0.88091,39.4389],[-0.87806,39.44137],[-0.87176,39.45288],[-0.86579,39.46017],[-0.86408,39.46829],[-0.8532,39.48851],[-0.86036,39.49404],[-0.86782,39.51039],[-0.9111,39.53417],[-0.91592,39.53568],[-0.91867,39.53818],[-0.9271,39.5401],[-0.93238,39.54389],[-0.94586,39.54582],[-0.96329,39.55128],[-0.98008,39.55286],[-0.98273,39.55315]]]}},{"type":"Feature","properties":{"mun_code":"46091","mun_name":"Castellonet de la Conquesta","mun_name_local":null,"prov_code":"46","prov_name":"València","acom_code":"10","acom_name":"Comunitat Valenciana","geo_point_2d":{"lon":-0.26410379463503497,"lat":38.9066476383654}},"geometry":{"type":"Polygon","coordinates":[[[-0.27846,38.9111],[-0.2732,38.8916],[-0.2661,38.89347],[-0.26352,38.89237],[-0.26098,38.89382],[-0.26089,38.89603],[-0.25357,38.89814],[-0.2534,38.90078],[-0.25118,38.90304],[-0.25298,38.90573],[-0.24797,38.90911],[-0.25636,38.91971],[-0.25869,38.91907],[-0.26416,38.92044],[-0.26618,38.91957],[-0.26655,38.92041],[-0.26923,38.91948],[-0.27199,38.92185],[-0.27438,38.92082],[-0.26788,38.91193],[-0.2749,38.90996],[-0.27619,38.91218],[-0.27846,38.9111]]]}},{"type":"Feature","properties":{"mun_code":"46107","mun_name":"Chella","mun_name_local":null,"prov_code":"46","prov_name":"València","acom_code":"10","acom_name":"Comunitat Valenciana","geo_point_2d":{"lon":-0.6995644037813646,"lat":39.039340343459294}},"geometry":{"type":"Polygon","coordinates":[[[-0.8036,39.01891],[-0.79618,39.00556],[-0.78351,39.00807],[-0.77067,39.00867],[-0.75175,39.01936],[-0.73187,39.0253],[-0.71688,39.02096],[-0.71176,39.02258],[-0.70351,39.02112],[-0.691,39.02432],[-0.66836,39.02576],[-0.62906,39.0407],[-0.62258,39.0456],[-0.62524,39.05655],[-0.65135,39.07726],[-0.66065,39.08663],[-0.66846,39.07967],[-0.67417,39.07798],[-0.66818,39.06741],[-0.66852,39.06493],[-0.66602,39.06297],[-0.67351,39.05615],[-0.67336,39.05367],[-0.68122,39.05088],[-0.69104,39.05103],[-0.69506,39.0497],[-0.71673,39.03832],[-0.7235,39.03686],[-0.73824,39.03759],[-0.75394,39.03662],[-0.77159,39.03383],[-0.78175,39.03118],[-0.80208,39.02032],[-0.8036,39.01891]]]}},{"type":"Feature","properties":{"mun_code":"46142","mun_name":"Jalance","mun_name_local":null,"prov_code":"46","prov_name":"València","acom_code":"10","acom_name":"Comunitat Valenciana","geo_point_2d":{"lon":-1.0987609538182987,"lat":39.196197107872806}},"geometry":{"type":"Polygon","coordinates":[[[-1.19709,39.17673],[-1.10066,39.16767],[-1.09171,39.16821],[-1.08735,39.16664],[-1.04926,39.16562],[-1.04182,39.163],[-1.03011,39.17339],[-1.01912,39.17722],[-1.01745,39.18057],[-1.01212,39.17679],[-1.00362,39.17695],[-0.98006,39.18376],[-1.00092,39.2162],[-1.01569,39.21509],[-1.02942,39.21078],[-1.04431,39.20905],[-1.04893,39.20589],[-1.0753,39.21306],[-1.08512,39.21845],[-1.1228,39.22734],[-1.13362,39.22667],[-1.14202,39.22846],[-1.16108,39.2399],[-1.17689,39.24667],[-1.17638,39.23025],[-1.18066,39.2123],[-1.18939,39.20083],[-1.19204,39.19465],[-1.1945,39.18041],[-1.19675,39.17745],[-1.19709,39.17673]]]}},{"type":"Feature","properties":{"mun_code":"46243","mun_name":"Torrella","mun_name_local":null,"prov_code":"46","prov_name":"València","acom_code":"10","acom_name":"Comunitat Valenciana","geo_point_2d":{"lon":-0.5737487646199523,"lat":38.98733980014892}},"geometry":{"type":"MultiPolygon","coordinates":[[[[-0.56783,38.98106],[-0.57015,38.98107],[-0.56425,38.9783],[-0.56764,38.9809],[-0.56783,38.98106]]],[[[-0.55512,38.98324],[-0.55935,38.98139],[-0.55509,38.9826],[-0.55512,38.98324]]],[[[-0.5951,38.98746],[-0.59633,38.98726],[-0.59574,38.98622],[-0.59474,38.988],[-0.5951,38.98746]]],[[[-0.5974,38.99089],[-0.5994,38.99008],[-0.59721,38.99064],[-0.5974,38.99089]]],[[[-0.60511,38.99296],[-0.60848,38.99318],[-0.60477,38.99082],[-0.60403,38.99207],[-0.60511,38.99296]]],[[[-0.56176,38.98644],[-0.55998,38.98591],[-0.56076,38.98697],[-0.56176,38.98644]]],[[[-0.58198,38.99074],[-0.58297,38.98968],[-0.57773,38.98613],[-0.5741,38.98815],[-0.56637,38.98566],[-0.56919,38.98317],[-0.56594,38.98145],[-0.55919,38.98337],[-0.56022,38.98519],[-0.5618,38.98446],[-0.56404,38.98831],[-0.56486,38.98742],[-0.56663,38.98913],[-0.57176,38.98945],[-0.58046,38.99271],[-0.58269,38.99205],[-0.58206,38.99119],[-0.58198,38.99074]]],[[[-0.58734,38.98771],[-0.58853,38.98596],[-0.58722,38.98764],[-0.58734,38.98771]]],[[[-0.56244,38.99232],[-0.56131,38.99145],[-0.56171,38.99258],[-0.56244,38.99232]]],[[[-0.59035,38.9903],[-0.59041,38.98848],[-0.58835,38.9882],[-0.58688,38.99017],[-0.58851,38.99015],[-0.5877,38.99111],[-0.589,38.99161],[-0.59035,38.9903]]]]}},{"type":"Feature","properties":{"mun_code":"46045","mun_name":"Barxeta","mun_name_local":null,"prov_code":"46","prov_name":"València","acom_code":"10","acom_name":"Comunitat Valenciana","geo_point_2d":{"lon":-0.42199484330652876,"lat":39.012967742166985}},"geometry":{"type":"Polygon","coordinates":[[[-0.46973,39.02862],[-0.46745,39.02351],[-0.47188,39.02172],[-0.45839,39.00255],[-0.44967,39.00069],[-0.4425,39.00309],[-0.44111,39.00071],[-0.43577,38.99927],[-0.43234,38.99162],[-0.43352,38.98016],[-0.4274,38.98515],[-0.42102,38.98671],[-0.41679,38.986],[-0.40743,38.98712],[-0.40394,38.98429],[-0.39592,38.99945],[-0.38008,39.02157],[-0.3815,39.02191],[-0.38497,39.0332],[-0.38305,39.03835],[-0.38802,39.03672],[-0.38871,39.03384],[-0.39113,39.03278],[-0.40767,39.03388],[-0.4076,39.03534],[-0.41609,39.03711],[-0.41763,39.03398],[-0.43189,39.0323],[-0.43489,39.03124],[-0.43819,39.02776],[-0.44363,39.02617],[-0.45034,39.02871],[-0.46035,39.02654],[-0.46907,39.0286],[-0.46973,39.02862]]]}},{"type":"Feature","properties":{"mun_code":"46046","mun_name":"Barx","mun_name_local":null,"prov_code":"46","prov_name":"València","acom_code":"10","acom_name":"Comunitat Valenciana","geo_point_2d":{"lon":-0.31341251500220374,"lat":39.01131158606851}},"geometry":{"type":"Polygon","coordinates":[[[-0.35791,39.00957],[-0.35839,39.00782],[-0.35532,39.00698],[-0.33131,39.00653],[-0.31204,38.99619],[-0.30714,38.99843],[-0.29211,38.99815],[-0.28752,38.99626],[-0.28184,38.99838],[-0.27589,38.99825],[-0.27535,39.00195],[-0.2686,39.00943],[-0.28008,39.01515],[-0.28607,39.01529],[-0.30875,39.02453],[-0.33465,39.02619],[-0.34912,39.0229],[-0.35391,39.01742],[-0.3565,39.01015],[-0.35791,39.00957]]]}},{"type":"Feature","properties":{"mun_code":"46232","mun_name":"Sinarcas","mun_name_local":null,"prov_code":"46","prov_name":"València","acom_code":"10","acom_name":"Comunitat Valenciana","geo_point_2d":{"lon":-1.210247423393672,"lat":39.74576145537024}},"geometry":{"type":"Polygon","coordinates":[[[-1.26207,39.75644],[-1.27557,39.73762],[-1.27432,39.73373],[-1.27095,39.73118],[-1.27137,39.71349],[-1.262,39.69891],[-1.24371,39.69704],[-1.23504,39.6976],[-1.23113,39.69544],[-1.19053,39.69164],[-1.17609,39.68491],[-1.1671,39.67836],[-1.16321,39.68799],[-1.16105,39.72342],[-1.16159,39.73081],[-1.16951,39.74387],[-1.16942,39.74973],[-1.16477,39.76016],[-1.1501,39.77464],[-1.16479,39.78181],[-1.18282,39.80711],[-1.19657,39.81406],[-1.19803,39.81785],[-1.20166,39.82055],[-1.20389,39.83012],[-1.21071,39.83326],[-1.21171,39.8203],[-1.21689,39.81439],[-1.215,39.80877],[-1.22119,39.80318],[-1.23411,39.78283],[-1.2492,39.7725],[-1.26078,39.7583],[-1.26207,39.75644]]]}},{"type":"Feature","properties":{"mun_code":"46164","mun_name":"Massamagrell","mun_name_local":null,"prov_code":"46","prov_name":"València","acom_code":"10","acom_name":"Comunitat Valenciana","geo_point_2d":{"lon":-0.3318706467549734,"lat":39.57431780242754}},"geometry":{"type":"Polygon","coordinates":[[[-0.36158,39.59664],[-0.36176,39.5935],[-0.35464,39.58582],[-0.35333,39.57916],[-0.34687,39.57441],[-0.34715,39.57302],[-0.34145,39.57158],[-0.34246,39.56923],[-0.34053,39.56799],[-0.33439,39.56692],[-0.3334,39.56515],[-0.32117,39.56112],[-0.31653,39.56586],[-0.31453,39.56599],[-0.28641,39.55614],[-0.28647,39.55781],[-0.28453,39.55855],[-0.28562,39.55973],[-0.31395,39.56929],[-0.31338,39.57269],[-0.32615,39.57338],[-0.32549,39.57505],[-0.33244,39.57747],[-0.33364,39.58016],[-0.3363,39.58018],[-0.33892,39.5821],[-0.33676,39.58437],[-0.3542,39.59272],[-0.36158,39.59664]]]}},{"type":"Feature","properties":{"mun_code":"46187","mun_name":"Palma de Gandía","mun_name_local":null,"prov_code":"46","prov_name":"València","acom_code":"10","acom_name":"Comunitat Valenciana","geo_point_2d":{"lon":-0.2377484690866393,"lat":38.94559991163231}},"geometry":{"type":"Polygon","coordinates":[[[-0.28823,38.95437],[-0.28067,38.95399],[-0.27868,38.95144],[-0.26809,38.94983],[-0.26637,38.9484],[-0.25652,38.94801],[-0.24771,38.95252],[-0.23835,38.94873],[-0.23655,38.94535],[-0.23846,38.94126],[-0.233,38.94064],[-0.23293,38.93825],[-0.23835,38.93774],[-0.23695,38.93715],[-0.23766,38.93147],[-0.23478,38.92855],[-0.23449,38.92548],[-0.22692,38.92076],[-0.22312,38.92284],[-0.21669,38.92184],[-0.21419,38.92453],[-0.21295,38.92277],[-0.19899,38.92224],[-0.19937,38.92539],[-0.19498,38.92813],[-0.209,38.92997],[-0.2071,38.93181],[-0.21084,38.93735],[-0.21706,38.93945],[-0.21923,38.94181],[-0.22234,38.94889],[-0.21901,38.95429],[-0.2214,38.95568],[-0.22118,38.96085],[-0.23448,38.96125],[-0.24169,38.96324],[-0.24378,38.9578],[-0.25159,38.96304],[-0.25559,38.96271],[-0.27335,38.96708],[-0.27766,38.96199],[-0.28062,38.95457],[-0.28705,38.95568],[-0.28823,38.95437]]]}},{"type":"Feature","properties":{"mun_code":"46030","mun_name":"Algímia d'Alfara","mun_name_local":null,"prov_code":"46","prov_name":"València","acom_code":"10","acom_name":"Comunitat Valenciana","geo_point_2d":{"lon":-0.39322611032271587,"lat":39.7447493617029}},"geometry":{"type":"Polygon","coordinates":[[[-0.43939,39.73007],[-0.43789,39.73119],[-0.43337,39.73105],[-0.4176,39.72661],[-0.41051,39.72873],[-0.40767,39.73098],[-0.40434,39.73042],[-0.39418,39.73479],[-0.38508,39.73571],[-0.36898,39.74034],[-0.3602,39.74468],[-0.35777,39.74465],[-0.35966,39.74717],[-0.35352,39.74799],[-0.35134,39.74697],[-0.34825,39.74823],[-0.34624,39.75121],[-0.35257,39.75158],[-0.35527,39.75553],[-0.35918,39.75524],[-0.3599,39.75871],[-0.36157,39.75943],[-0.36512,39.75714],[-0.37237,39.75858],[-0.38263,39.7572],[-0.38431,39.75934],[-0.38438,39.76375],[-0.38898,39.7687],[-0.39609,39.75861],[-0.4096,39.7452],[-0.41919,39.746],[-0.43017,39.73961],[-0.43304,39.73641],[-0.43908,39.73686],[-0.43747,39.73318],[-0.43929,39.73078],[-0.43939,39.73007]]]}},{"type":"Feature","properties":{"mun_code":"46202","mun_name":"la Pobla de Vallbona","mun_name_local":null,"prov_code":"46","prov_name":"València","acom_code":"10","acom_name":"Comunitat Valenciana","geo_point_2d":{"lon":-0.5424482345945723,"lat":39.60194501060172}},"geometry":{"type":"Polygon","coordinates":[[[-0.57631,39.60539],[-0.57776,39.6045],[-0.5688,39.59401],[-0.57216,39.59153],[-0.56765,39.58391],[-0.56935,39.58025],[-0.57128,39.57982],[-0.57089,39.58373],[-0.57925,39.58268],[-0.57907,39.57922],[-0.57541,39.57288],[-0.57136,39.5732],[-0.57098,39.57093],[-0.57348,39.56772],[-0.5711,39.56437],[-0.56958,39.56538],[-0.56034,39.56389],[-0.55442,39.56058],[-0.54976,39.56562],[-0.54431,39.56624],[-0.53875,39.57194],[-0.5378,39.57415],[-0.53897,39.57485],[-0.53503,39.57857],[-0.53351,39.5777],[-0.52907,39.5806],[-0.52102,39.57645],[-0.5164,39.58326],[-0.5175,39.58506],[-0.5102,39.58538],[-0.51917,39.61346],[-0.51506,39.63165],[-0.51097,39.64187],[-0.51658,39.64723],[-0.51872,39.63956],[-0.51766,39.63536],[-0.52369,39.63581],[-0.53665,39.64606],[-0.5393,39.65159],[-0.54929,39.63745],[-0.55228,39.62408],[-0.56001,39.6133],[-0.5712,39.60343],[-0.57631,39.60539]]]}},{"type":"Feature","properties":{"mun_code":"46182","mun_name":"Olocau","mun_name_local":null,"prov_code":"46","prov_name":"València","acom_code":"10","acom_name":"Comunitat Valenciana","geo_point_2d":{"lon":-0.5275098129564687,"lat":39.688202729682935}},"geometry":{"type":"Polygon","coordinates":[[[-0.54687,39.66281],[-0.54252,39.65759],[-0.53665,39.64606],[-0.52369,39.63581],[-0.51766,39.63536],[-0.51872,39.63956],[-0.51443,39.66158],[-0.50692,39.66935],[-0.50004,39.68891],[-0.49409,39.69494],[-0.49004,39.7028],[-0.48976,39.70587],[-0.49395,39.71659],[-0.49701,39.71791],[-0.49715,39.72032],[-0.50124,39.72417],[-0.5122,39.72125],[-0.51514,39.72193],[-0.51809,39.71943],[-0.52382,39.72262],[-0.53189,39.71847],[-0.53784,39.7194],[-0.5399,39.7174],[-0.54638,39.71659],[-0.56948,39.70724],[-0.56824,39.70273],[-0.55496,39.68199],[-0.54631,39.66321],[-0.54687,39.66281]]]}},{"type":"Feature","properties":{"mun_code":"46008","mun_name":"Albalat de la Ribera","mun_name_local":null,"prov_code":"46","prov_name":"València","acom_code":"10","acom_name":"Comunitat Valenciana","geo_point_2d":{"lon":-0.3739458331642958,"lat":39.22021716640932}},"geometry":{"type":"Polygon","coordinates":[[[-0.40333,39.19904],[-0.39296,39.20273],[-0.39051,39.19811],[-0.38625,39.19773],[-0.38284,39.19932],[-0.38008,39.20381],[-0.36243,39.19848],[-0.35583,39.20106],[-0.35751,39.21097],[-0.36186,39.21259],[-0.35359,39.24071],[-0.35151,39.23904],[-0.34911,39.24182],[-0.35069,39.24637],[-0.35712,39.24552],[-0.35779,39.24687],[-0.36446,39.24838],[-0.37082,39.244],[-0.37577,39.24248],[-0.38217,39.23238],[-0.38892,39.22506],[-0.39315,39.21482],[-0.39563,39.21551],[-0.404,39.20337],[-0.40333,39.19904]]]}},{"type":"Feature","properties":{"mun_code":"46195","mun_name":"Piles","mun_name_local":null,"prov_code":"46","prov_name":"València","acom_code":"10","acom_name":"Comunitat Valenciana","geo_point_2d":{"lon":-0.1278527341606454,"lat":38.94438692589773}},"geometry":{"type":"Polygon","coordinates":[[[-0.14408,38.94666],[-0.14334,38.93915],[-0.13999,38.93516],[-0.13347,38.93576],[-0.12526,38.93825],[-0.12511,38.93948],[-0.11071,38.94179],[-0.10804,38.94335],[-0.11895,38.95401],[-0.12908,38.95217],[-0.1391,38.94794],[-0.14408,38.94666]]]}},{"type":"Feature","properties":{"mun_code":"46100","mun_name":"Cotes","mun_name_local":null,"prov_code":"46","prov_name":"València","acom_code":"10","acom_name":"Comunitat Valenciana","geo_point_2d":{"lon":-0.6008806554488282,"lat":39.05845782773923}},"geometry":{"type":"Polygon","coordinates":[[[-0.62879,39.0594],[-0.62524,39.05655],[-0.62258,39.0456],[-0.60796,39.04816],[-0.60034,39.04789],[-0.59221,39.05087],[-0.59386,39.05215],[-0.58584,39.05453],[-0.58518,39.05708],[-0.58869,39.06212],[-0.58674,39.06428],[-0.56994,39.0693],[-0.57356,39.07072],[-0.57388,39.0748],[-0.58092,39.07621],[-0.58535,39.07344],[-0.58461,39.07115],[-0.58736,39.06618],[-0.59225,39.06698],[-0.59653,39.06467],[-0.59943,39.06657],[-0.61197,39.0602],[-0.62436,39.05894],[-0.62879,39.0594]]]}},{"type":"Feature","properties":{"mun_code":"46227","mun_name":"Senyera","mun_name_local":null,"prov_code":"46","prov_name":"València","acom_code":"10","acom_name":"Comunitat Valenciana","geo_point_2d":{"lon":-0.5062944754267334,"lat":39.064656261619014}},"geometry":{"type":"Polygon","coordinates":[[[-0.50791,39.05635],[-0.50166,39.05649],[-0.50064,39.06087],[-0.50228,39.06335],[-0.49616,39.06855],[-0.49722,39.07286],[-0.50397,39.07321],[-0.50365,39.0717],[-0.50875,39.06903],[-0.51731,39.0681],[-0.51285,39.06218],[-0.51435,39.05869],[-0.50887,39.05632],[-0.50791,39.05635]]]}},{"type":"Feature","properties":{"mun_code":"46185","mun_name":"Otos","mun_name_local":null,"prov_code":"46","prov_name":"València","acom_code":"10","acom_name":"Comunitat Valenciana","geo_point_2d":{"lon":-0.44783222042373294,"lat":38.86893891097263}},"geometry":{"type":"MultiPolygon","coordinates":[[[[-0.43936,38.8803],[-0.4401,38.88477],[-0.44626,38.88646],[-0.44511,38.8882],[-0.4468,38.89013],[-0.45174,38.88935],[-0.45072,38.88401],[-0.4545,38.87086],[-0.45266,38.85781],[-0.44918,38.85335],[-0.44428,38.85172],[-0.44481,38.82569],[-0.44334,38.81908],[-0.44027,38.82382],[-0.43153,38.82655],[-0.4361,38.84191],[-0.43311,38.8509],[-0.43625,38.86198],[-0.4349,38.86512],[-0.4374,38.86734],[-0.43659,38.87054],[-0.43831,38.87168],[-0.43897,38.88009],[-0.43936,38.8803]]],[[[-0.47008,38.91361],[-0.47066,38.91047],[-0.47356,38.90903],[-0.47655,38.90448],[-0.47399,38.9028],[-0.47006,38.89403],[-0.4649,38.89462],[-0.46202,38.89784],[-0.46066,38.89692],[-0.45423,38.89842],[-0.45503,38.89491],[-0.45164,38.89546],[-0.44618,38.89232],[-0.43943,38.89571],[-0.44262,38.8998],[-0.45115,38.89845],[-0.45374,38.90217],[-0.4573,38.90172],[-0.45865,38.905],[-0.46191,38.90499],[-0.46664,38.91354],[-0.46926,38.91354],[-0.47008,38.91361]]]]}},{"type":"Feature","properties":{"mun_code":"46255","mun_name":"Vilallonga","mun_name_local":"Villalonga","prov_code":"46","prov_name":"València","acom_code":"10","acom_name":"Comunitat Valenciana","geo_point_2d":{"lon":-0.22704254453700104,"lat":38.881087559631624}},"geometry":{"type":"Polygon","coordinates":[[[-0.29925,38.88169],[-0.28911,38.87262],[-0.27338,38.86402],[-0.25955,38.85978],[-0.24584,38.85865],[-0.2421,38.86057],[-0.23927,38.85755],[-0.23054,38.85349],[-0.19632,38.85944],[-0.19764,38.86632],[-0.18651,38.87492],[-0.18007,38.87876],[-0.16801,38.87975],[-0.16233,38.88283],[-0.1609,38.89099],[-0.16321,38.89185],[-0.1615,38.89707],[-0.16529,38.89861],[-0.16671,38.89774],[-0.17352,38.90142],[-0.1822,38.90092],[-0.18524,38.90274],[-0.18312,38.90381],[-0.18899,38.90727],[-0.19724,38.91086],[-0.20356,38.90932],[-0.20475,38.91077],[-0.21023,38.90733],[-0.21151,38.9008],[-0.21595,38.90016],[-0.21823,38.89761],[-0.22134,38.8982],[-0.22817,38.89496],[-0.23068,38.89622],[-0.23884,38.89538],[-0.24506,38.89768],[-0.25357,38.89814],[-0.26089,38.89603],[-0.26098,38.89382],[-0.26352,38.89237],[-0.2661,38.89347],[-0.27823,38.8907],[-0.29276,38.89036],[-0.29883,38.88531],[-0.29863,38.88175],[-0.29925,38.88169]]]}},{"type":"Feature","properties":{"mun_code":"46090","mun_name":"Castelló de Rugat","mun_name_local":null,"prov_code":"46","prov_name":"València","acom_code":"10","acom_name":"Comunitat Valenciana","geo_point_2d":{"lon":-0.38633859661840647,"lat":38.879736199214356}},"geometry":{"type":"Polygon","coordinates":[[[-0.4253,38.87843],[-0.41574,38.87833],[-0.41007,38.87495],[-0.41003,38.87285],[-0.40678,38.87329],[-0.40396,38.87024],[-0.40151,38.87147],[-0.39702,38.8698],[-0.39496,38.86369],[-0.39174,38.86128],[-0.38487,38.85997],[-0.3749,38.86066],[-0.37358,38.85863],[-0.36627,38.85528],[-0.35134,38.85633],[-0.34989,38.85734],[-0.35409,38.85791],[-0.35335,38.85857],[-0.34826,38.86156],[-0.34475,38.86177],[-0.34686,38.86727],[-0.3513,38.86874],[-0.35272,38.86864],[-0.35026,38.86483],[-0.35295,38.86321],[-0.3577,38.86374],[-0.35798,38.87216],[-0.36725,38.87669],[-0.36464,38.88169],[-0.37032,38.88202],[-0.37185,38.88656],[-0.37622,38.88916],[-0.37148,38.88985],[-0.37212,38.89129],[-0.36531,38.89229],[-0.36702,38.89532],[-0.37445,38.8937],[-0.37544,38.89533],[-0.36907,38.89659],[-0.37113,38.90452],[-0.38571,38.90289],[-0.3968,38.89935],[-0.4056,38.90023],[-0.40436,38.8966],[-0.40614,38.89624],[-0.40355,38.89162],[-0.40526,38.88779],[-0.40958,38.89588],[-0.41112,38.8959],[-0.4213,38.89208],[-0.42074,38.88841],[-0.42344,38.88847],[-0.42481,38.88303],[-0.4253,38.87843]]]}},{"type":"Feature","properties":{"mun_code":"46040","mun_name":"Antella","mun_name_local":null,"prov_code":"46","prov_name":"València","acom_code":"10","acom_name":"Comunitat Valenciana","geo_point_2d":{"lon":-0.6011698260815358,"lat":39.096918328970595}},"geometry":{"type":"Polygon","coordinates":[[[-0.63539,39.11055],[-0.63538,39.10007],[-0.63324,39.09972],[-0.63084,39.10264],[-0.62448,39.0991],[-0.62838,39.09324],[-0.62622,39.09085],[-0.61976,39.08692],[-0.61263,39.08816],[-0.60659,39.08159],[-0.60339,39.08244],[-0.60391,39.08627],[-0.60251,39.08729],[-0.59771,39.0844],[-0.59668,39.08093],[-0.60014,39.07476],[-0.59657,39.07111],[-0.59899,39.06554],[-0.59627,39.06471],[-0.59158,39.06705],[-0.58736,39.06618],[-0.58461,39.07115],[-0.58535,39.07344],[-0.58092,39.07621],[-0.58088,39.07881],[-0.57818,39.08233],[-0.57476,39.08244],[-0.58502,39.11954],[-0.6135,39.11525],[-0.63539,39.11055]]]}},{"type":"Feature","properties":{"mun_code":"46261","mun_name":"Yátova","mun_name_local":null,"prov_code":"46","prov_name":"València","acom_code":"10","acom_name":"Comunitat Valenciana","geo_point_2d":{"lon":-0.8917359831989724,"lat":39.36111671212837}},"geometry":{"type":"Polygon","coordinates":[[[-0.98278,39.3367],[-0.96885,39.33353],[-0.96556,39.33047],[-0.96003,39.32967],[-0.94627,39.32462],[-0.94473,39.32289],[-0.9278,39.31552],[-0.90548,39.31063],[-0.89971,39.31008],[-0.85821,39.31907],[-0.84757,39.32018],[-0.84817,39.32441],[-0.84155,39.33607],[-0.81786,39.35845],[-0.80318,39.36993],[-0.79744,39.38303],[-0.79538,39.39186],[-0.79714,39.40266],[-0.81523,39.40936],[-0.83502,39.41037],[-0.84625,39.40798],[-0.8523,39.40468],[-0.86694,39.39497],[-0.87305,39.38831],[-0.88318,39.38708],[-0.91595,39.39267],[-0.9414,39.40262],[-0.95272,39.38289],[-0.95667,39.38488],[-0.95681,39.38847],[-0.96083,39.38677],[-0.96525,39.38794],[-0.96712,39.39022],[-0.96596,39.39468],[-0.97529,39.39674],[-0.97656,39.37365],[-0.98489,39.35609],[-0.98205,39.3505],[-0.98383,39.34626],[-0.98175,39.34038],[-0.98278,39.3367]]]}},{"type":"Feature","properties":{"mun_code":"46083","mun_name":"Carcaixent","mun_name_local":null,"prov_code":"46","prov_name":"València","acom_code":"10","acom_name":"Comunitat Valenciana","geo_point_2d":{"lon":-0.4275943471980162,"lat":39.098390273497074}},"geometry":{"type":"Polygon","coordinates":[[[-0.50361,39.11012],[-0.50267,39.10764],[-0.50446,39.10625],[-0.49673,39.09836],[-0.49158,39.10068],[-0.48759,39.09901],[-0.48625,39.09979],[-0.48208,39.09537],[-0.47734,39.09694],[-0.4688,39.09267],[-0.46428,39.0879],[-0.4517,39.08393],[-0.44391,39.08305],[-0.44184,39.08015],[-0.43845,39.07912],[-0.44026,39.07632],[-0.43971,39.07249],[-0.41421,39.06808],[-0.39144,39.05669],[-0.38584,39.05837],[-0.38154,39.05733],[-0.38157,39.06438],[-0.37652,39.0695],[-0.36187,39.07831],[-0.35279,39.07517],[-0.3446,39.07529],[-0.33407,39.06948],[-0.3542,39.0895],[-0.3735,39.09916],[-0.39093,39.10608],[-0.40421,39.11397],[-0.45345,39.13608],[-0.45637,39.14534],[-0.46074,39.14485],[-0.46116,39.14141],[-0.45845,39.14151],[-0.45711,39.14016],[-0.46037,39.13651],[-0.47128,39.13558],[-0.47246,39.13443],[-0.47117,39.13141],[-0.47649,39.1275],[-0.47881,39.128],[-0.48159,39.13301],[-0.49013,39.13174],[-0.49021,39.12979],[-0.48632,39.12855],[-0.48525,39.12345],[-0.48709,39.12305],[-0.49271,39.12686],[-0.4947,39.12645],[-0.4974,39.12212],[-0.49654,39.12014],[-0.49246,39.1191],[-0.49273,39.11713],[-0.50035,39.11978],[-0.50265,39.1181],[-0.50152,39.11651],[-0.49872,39.11678],[-0.49632,39.11541],[-0.4949,39.11294],[-0.49767,39.11328],[-0.50338,39.11033],[-0.50361,39.11012]]]}},{"type":"Feature","properties":{"mun_code":"46071","mun_name":"Bicorp","mun_name_local":null,"prov_code":"46","prov_name":"València","acom_code":"10","acom_name":"Comunitat Valenciana","geo_point_2d":{"lon":-0.8485468780829764,"lat":39.113220068422144}},"geometry":{"type":"Polygon","coordinates":[[[-0.919,39.15118],[-0.91332,39.14744],[-0.91376,39.13557],[-0.91675,39.13088],[-0.91322,39.1176],[-0.91662,39.11225],[-0.9156,39.10659],[-0.90583,39.09697],[-0.90646,39.08949],[-0.89474,39.07733],[-0.90248,39.07135],[-0.90261,39.0618],[-0.89911,39.05488],[-0.90121,39.05157],[-0.90077,39.04909],[-0.89815,39.04314],[-0.89352,39.03788],[-0.8889,39.02479],[-0.88778,39.02651],[-0.87182,39.03529],[-0.86501,39.04271],[-0.85099,39.05278],[-0.84185,39.06263],[-0.83213,39.06301],[-0.83004,39.06412],[-0.82156,39.07386],[-0.81649,39.07531],[-0.81407,39.07453],[-0.80878,39.0789],[-0.80428,39.08053],[-0.80316,39.08551],[-0.79943,39.08751],[-0.79874,39.09046],[-0.7951,39.09074],[-0.78351,39.10202],[-0.77472,39.10537],[-0.77098,39.11364],[-0.76692,39.11804],[-0.76074,39.13636],[-0.76689,39.14182],[-0.77301,39.15013],[-0.78852,39.15923],[-0.7947,39.16569],[-0.80068,39.16949],[-0.80353,39.1679],[-0.81169,39.16734],[-0.82376,39.16733],[-0.84576,39.17095],[-0.86438,39.16706],[-0.88783,39.16854],[-0.89123,39.16414],[-0.90938,39.15828],[-0.91824,39.15253],[-0.919,39.15118]]]}},{"type":"Feature","properties":{"mun_code":"46247","mun_name":"Tuéjar","mun_name_local":null,"prov_code":"46","prov_name":"València","acom_code":"10","acom_name":"Comunitat Valenciana","geo_point_2d":{"lon":-1.1133979684255284,"lat":39.804347882795575}},"geometry":{"type":"Polygon","coordinates":[[[-1.21071,39.83326],[-1.20389,39.83012],[-1.20166,39.82055],[-1.19803,39.81785],[-1.19657,39.81406],[-1.18282,39.80711],[-1.16479,39.78181],[-1.1501,39.77464],[-1.13649,39.76414],[-1.12671,39.76382],[-1.11924,39.76557],[-1.11213,39.76338],[-1.09381,39.76352],[-1.0741,39.75012],[-1.07015,39.74659],[-1.06709,39.7401],[-1.06434,39.73916],[-1.06127,39.74166],[-1.03285,39.75233],[-1.02642,39.76232],[-1.02928,39.77239],[-1.02295,39.78348],[-1.02149,39.79519],[-1.02636,39.80559],[-1.04224,39.81499],[-1.06725,39.82112],[-1.07217,39.83426],[-1.07113,39.84815],[-1.09512,39.83637],[-1.10467,39.83482],[-1.11702,39.83655],[-1.13,39.83621],[-1.13907,39.84469],[-1.14897,39.84417],[-1.16686,39.86393],[-1.19786,39.87287],[-1.20073,39.87083],[-1.2002,39.85812],[-1.21088,39.83818],[-1.21071,39.83347],[-1.21071,39.83326]]]}},{"type":"Feature","properties":{"mun_code":"46077","mun_name":"Buñol","mun_name_local":null,"prov_code":"46","prov_name":"València","acom_code":"10","acom_name":"Comunitat Valenciana","geo_point_2d":{"lon":-0.8485083157662625,"lat":39.42910456743638}},"geometry":{"type":"Polygon","coordinates":[[[-0.97739,39.42805],[-0.97529,39.39674],[-0.96596,39.39468],[-0.96712,39.39022],[-0.96525,39.38794],[-0.96083,39.38677],[-0.95681,39.38847],[-0.95667,39.38488],[-0.95272,39.38289],[-0.9414,39.40262],[-0.91595,39.39267],[-0.88318,39.38708],[-0.87305,39.38831],[-0.86694,39.39497],[-0.84625,39.40798],[-0.83502,39.41037],[-0.81523,39.40936],[-0.79714,39.40266],[-0.7937,39.40255],[-0.78945,39.40002],[-0.78424,39.40011],[-0.77777,39.40212],[-0.76496,39.41185],[-0.75632,39.41521],[-0.73393,39.42077],[-0.73358,39.42354],[-0.74738,39.44565],[-0.76187,39.45152],[-0.77112,39.45376],[-0.80959,39.47576],[-0.82431,39.47824],[-0.84224,39.48351],[-0.8532,39.48851],[-0.86408,39.46829],[-0.86579,39.46017],[-0.88091,39.4389],[-0.89446,39.43346],[-0.90653,39.42679],[-0.93579,39.4224],[-0.94103,39.42229],[-0.95048,39.42443],[-0.96686,39.42455],[-0.97739,39.42805]]]}},{"type":"Feature","properties":{"mun_code":"46230","mun_name":"Silla","mun_name_local":null,"prov_code":"46","prov_name":"València","acom_code":"10","acom_name":"Comunitat Valenciana","geo_point_2d":{"lon":-0.4026224455637356,"lat":39.35655150100794}},"geometry":{"type":"Polygon","coordinates":[[[-0.43062,39.36459],[-0.4306,39.35682],[-0.43429,39.34845],[-0.43089,39.33979],[-0.43354,39.33437],[-0.42927,39.33037],[-0.40442,39.32543],[-0.39561,39.32626],[-0.39884,39.33188],[-0.39634,39.33209],[-0.3978,39.3338],[-0.3968,39.33551],[-0.3929,39.3348],[-0.39446,39.33657],[-0.38802,39.34056],[-0.38627,39.35168],[-0.38218,39.35588],[-0.37199,39.35912],[-0.37022,39.36232],[-0.36364,39.35964],[-0.36064,39.36219],[-0.36104,39.36373],[-0.35735,39.36387],[-0.37835,39.38191],[-0.39231,39.38444],[-0.39505,39.37933],[-0.4009,39.3796],[-0.40155,39.37844],[-0.412,39.37775],[-0.41298,39.37638],[-0.4242,39.37705],[-0.43062,39.36476],[-0.43062,39.36459]]]}},{"type":"Feature","properties":{"mun_code":"46031","mun_name":"Alginet","mun_name_local":null,"prov_code":"46","prov_name":"València","acom_code":"10","acom_name":"Comunitat Valenciana","geo_point_2d":{"lon":-0.46390363944646484,"lat":39.25992523923022}},"geometry":{"type":"Polygon","coordinates":[[[-0.5044,39.26878],[-0.49401,39.25699],[-0.479,39.24508],[-0.47242,39.23627],[-0.46757,39.23807],[-0.46081,39.23618],[-0.45333,39.23741],[-0.43207,39.24693],[-0.42652,39.24756],[-0.41828,39.24594],[-0.41343,39.24307],[-0.41433,39.2573],[-0.4375,39.26495],[-0.44143,39.26783],[-0.4578,39.27338],[-0.4828,39.28547],[-0.4901,39.28469],[-0.49529,39.28245],[-0.49971,39.28266],[-0.5055,39.2799],[-0.50595,39.27322],[-0.50424,39.2695],[-0.5044,39.26878]]]}},{"type":"Feature","properties":{"mun_code":"46063","mun_name":"Benimodo","mun_name_local":null,"prov_code":"46","prov_name":"València","acom_code":"10","acom_name":"Comunitat Valenciana","geo_point_2d":{"lon":-0.5505210163863639,"lat":39.19606064578929}},"geometry":{"type":"MultiPolygon","coordinates":[[[[-0.54257,39.1494],[-0.54257,39.14357],[-0.54625,39.14058],[-0.54649,39.13878],[-0.54281,39.13785],[-0.54255,39.13938],[-0.53925,39.14022],[-0.53287,39.1373],[-0.53116,39.13971],[-0.52932,39.1398],[-0.53194,39.14343],[-0.53218,39.14849],[-0.52855,39.14911],[-0.53191,39.15525],[-0.53519,39.15656],[-0.53756,39.15601],[-0.54189,39.14938],[-0.54257,39.1494]]],[[[-0.51761,39.20619],[-0.52218,39.21704],[-0.52929,39.2221],[-0.5389,39.21244],[-0.56035,39.21081],[-0.56288,39.21233],[-0.59379,39.20317],[-0.58826,39.19946],[-0.58457,39.19381],[-0.56351,39.19448],[-0.55975,39.19334],[-0.54178,39.19506],[-0.52088,39.2048],[-0.51761,39.20619]]]]}},{"type":"Feature","properties":{"mun_code":"46201","mun_name":"Puebla de San Miguel","mun_name_local":null,"prov_code":"46","prov_name":"València","acom_code":"10","acom_name":"Comunitat Valenciana","geo_point_2d":{"lon":-1.1322312897177547,"lat":40.05579729901865}},"geometry":{"type":"Polygon","coordinates":[[[-1.16519,40.0101],[-1.15967,40.01226],[-1.15344,40.01262],[-1.14627,40.01675],[-1.1362,40.01509],[-1.13408,40.01575],[-1.11668,40.02376],[-1.10727,40.0263],[-1.0979,40.03268],[-1.08423,40.03621],[-1.07659,40.04784],[-1.0717,40.05159],[-1.07213,40.06048],[-1.07946,40.06704],[-1.0781,40.06879],[-1.08119,40.06979],[-1.11063,40.09255],[-1.11786,40.09274],[-1.12256,40.09562],[-1.12685,40.09541],[-1.13036,40.09764],[-1.13355,40.09747],[-1.13554,40.10433],[-1.14119,40.10837],[-1.1441,40.10857],[-1.1451,40.11116],[-1.14985,40.11478],[-1.15241,40.09686],[-1.16417,40.07215],[-1.16697,40.06893],[-1.18338,40.05818],[-1.19025,40.05557],[-1.19175,40.05232],[-1.18866,40.04534],[-1.1842,40.04404],[-1.17635,40.02866],[-1.17026,40.02273],[-1.16531,40.01081],[-1.16519,40.0101]]]}},{"type":"Feature","properties":{"mun_code":"46108","mun_name":"Chera","mun_name_local":null,"prov_code":"46","prov_name":"València","acom_code":"10","acom_name":"Comunitat Valenciana","geo_point_2d":{"lon":-0.9633888943226473,"lat":39.58440241913974}},"geometry":{"type":"Polygon","coordinates":[[[-1.01433,39.5837],[-0.9977,39.56981],[-0.98368,39.55355],[-0.96329,39.55128],[-0.94451,39.54552],[-0.9317,39.54361],[-0.93602,39.55355],[-0.92544,39.55845],[-0.91491,39.56155],[-0.89793,39.5642],[-0.89788,39.56764],[-0.90367,39.56992],[-0.90586,39.5692],[-0.9083,39.57145],[-0.91518,39.57233],[-0.91886,39.57534],[-0.92564,39.57684],[-0.92595,39.57899],[-0.92947,39.58078],[-0.92712,39.58142],[-0.9278,39.58354],[-0.93207,39.58757],[-0.9318,39.59729],[-0.94823,39.61701],[-0.9519,39.61757],[-0.96396,39.63012],[-0.98903,39.62074],[-0.99162,39.61577],[-1.00467,39.60231],[-1.01399,39.5844],[-1.01433,39.5837]]]}},{"type":"Feature","properties":{"mun_code":"46110","mun_name":"Xirivella","mun_name_local":null,"prov_code":"46","prov_name":"València","acom_code":"10","acom_name":"Comunitat Valenciana","geo_point_2d":{"lon":-0.4302306683115236,"lat":39.459161901815165}},"geometry":{"type":"Polygon","coordinates":[[[-0.44882,39.4599],[-0.44664,39.45625],[-0.4485,39.45557],[-0.44657,39.4532],[-0.44688,39.44986],[-0.44294,39.44745],[-0.43152,39.45029],[-0.43105,39.45197],[-0.42251,39.45178],[-0.41612,39.45395],[-0.41118,39.46623],[-0.42217,39.47091],[-0.42221,39.47],[-0.43801,39.46565],[-0.44644,39.46088],[-0.44882,39.4599]]]}},{"type":"Feature","properties":{"mun_code":"46042","mun_name":"Aielo de Malferit","mun_name_local":null,"prov_code":"46","prov_name":"València","acom_code":"10","acom_name":"Comunitat Valenciana","geo_point_2d":{"lon":-0.6068005779401779,"lat":38.88409362206239}},"geometry":{"type":"Polygon","coordinates":[[[-0.66102,38.86171],[-0.64887,38.86475],[-0.64248,38.85916],[-0.63674,38.86078],[-0.62515,38.86073],[-0.61222,38.86397],[-0.60875,38.86297],[-0.59882,38.86364],[-0.57798,38.8696],[-0.57981,38.87371],[-0.57818,38.87466],[-0.57171,38.87478],[-0.56739,38.87647],[-0.5665,38.878],[-0.56867,38.88146],[-0.57831,38.88384],[-0.57923,38.89149],[-0.57656,38.89775],[-0.57515,38.90538],[-0.5759,38.91214],[-0.57408,38.91633],[-0.57658,38.91947],[-0.58212,38.92255],[-0.58478,38.92068],[-0.58448,38.91849],[-0.60029,38.91046],[-0.60702,38.90396],[-0.61382,38.90327],[-0.62232,38.8909],[-0.63722,38.8802],[-0.64221,38.88043],[-0.64297,38.87882],[-0.64758,38.87933],[-0.65519,38.87247],[-0.65803,38.86753],[-0.66102,38.86171]]]}},{"type":"Feature","properties":{"mun_code":"46050","mun_name":"Benagéber","mun_name_local":null,"prov_code":"46","prov_name":"València","acom_code":"10","acom_name":"Comunitat Valenciana","geo_point_2d":{"lon":-1.124575747052333,"lat":39.722826401024825}},"geometry":{"type":"Polygon","coordinates":[[[-1.1671,39.67836],[-1.16166,39.67584],[-1.15999,39.66721],[-1.14683,39.65971],[-1.13016,39.6756],[-1.09287,39.69604],[-1.07811,39.72086],[-1.07422,39.72537],[-1.0698,39.72656],[-1.06922,39.72907],[-1.06264,39.73175],[-1.06222,39.73365],[-1.07015,39.74659],[-1.09381,39.76352],[-1.11213,39.76338],[-1.11924,39.76557],[-1.12671,39.76382],[-1.13598,39.76399],[-1.1501,39.77464],[-1.16376,39.76135],[-1.16942,39.74973],[-1.16951,39.74387],[-1.16159,39.73081],[-1.16105,39.72342],[-1.16299,39.68962],[-1.16679,39.67923],[-1.1671,39.67836]]]}},{"type":"Feature","properties":{"mun_code":"46029","mun_name":"Algemesí","mun_name_local":null,"prov_code":"46","prov_name":"València","acom_code":"10","acom_name":"Comunitat Valenciana","geo_point_2d":{"lon":-0.42920960435308125,"lat":39.21378176796433}},"geometry":{"type":"Polygon","coordinates":[[[-0.46757,39.23807],[-0.46367,39.23001],[-0.46296,39.22469],[-0.46701,39.20899],[-0.46053,39.18094],[-0.44491,39.17737],[-0.43691,39.17693],[-0.42439,39.17259],[-0.42097,39.17787],[-0.42097,39.18067],[-0.41328,39.1837],[-0.4105,39.1868],[-0.40814,39.19382],[-0.4095,39.19954],[-0.4069,39.20093],[-0.40333,39.19904],[-0.404,39.20337],[-0.39563,39.21551],[-0.39315,39.21482],[-0.38892,39.22506],[-0.38217,39.23238],[-0.37577,39.24248],[-0.38325,39.24132],[-0.39491,39.24326],[-0.40945,39.24201],[-0.41828,39.24594],[-0.42652,39.24756],[-0.43207,39.24693],[-0.45333,39.23741],[-0.46081,39.23618],[-0.46757,39.23807]]]}},{"type":"Feature","properties":{"mun_code":"46039","mun_name":"Anna","mun_name_local":null,"prov_code":"46","prov_name":"València","acom_code":"10","acom_name":"Comunitat Valenciana","geo_point_2d":{"lon":-0.6554557243086776,"lat":39.01489966723665}},"geometry":{"type":"Polygon","coordinates":[[[-0.71688,39.02096],[-0.66467,39.00158],[-0.64483,38.98502],[-0.63998,38.98794],[-0.63607,38.98828],[-0.63142,38.99875],[-0.62579,39.00193],[-0.62988,39.00596],[-0.62907,39.01703],[-0.63313,39.0269],[-0.63191,39.02897],[-0.62142,39.03005],[-0.61842,39.03553],[-0.61856,39.03831],[-0.62372,39.04369],[-0.62258,39.0456],[-0.63428,39.03824],[-0.66836,39.02576],[-0.691,39.02432],[-0.70351,39.02112],[-0.71176,39.02258],[-0.71688,39.02096]]]}},{"type":"Feature","properties":{"mun_code":"46118","mun_name":"Enguera","mun_name_local":null,"prov_code":"46","prov_name":"València","acom_code":"10","acom_name":"Comunitat Valenciana","geo_point_2d":{"lon":-0.8104070174225146,"lat":38.963936816028756}},"geometry":{"type":"Polygon","coordinates":[[[-0.95939,38.94429],[-0.95701,38.92071],[-0.95356,38.91921],[-0.95163,38.91141],[-0.94158,38.90008],[-0.92432,38.89159],[-0.90987,38.89622],[-0.8993,38.90155],[-0.88843,38.90251],[-0.86184,38.91],[-0.85253,38.91073],[-0.83597,38.91724],[-0.82639,38.91616],[-0.81317,38.91241],[-0.78506,38.91918],[-0.7722,38.91751],[-0.76994,38.92014],[-0.7671,38.91697],[-0.76364,38.91694],[-0.76078,38.91995],[-0.73902,38.92447],[-0.7276,38.92512],[-0.71022,38.93987],[-0.69644,38.94872],[-0.68336,38.96364],[-0.67286,38.96776],[-0.66752,38.97386],[-0.65297,38.98191],[-0.64373,38.98071],[-0.64483,38.98502],[-0.66467,39.00158],[-0.71688,39.02096],[-0.73187,39.0253],[-0.75175,39.01936],[-0.77067,39.00867],[-0.78351,39.00807],[-0.79618,39.00556],[-0.8036,39.01891],[-0.82586,39.02935],[-0.83258,39.03745],[-0.84236,39.03355],[-0.84204,39.0318],[-0.84507,39.03223],[-0.84562,39.02991],[-0.84788,39.0313],[-0.84944,39.02944],[-0.85138,39.03009],[-0.85465,39.02673],[-0.85373,39.02571],[-0.85542,39.02295],[-0.85685,39.02449],[-0.8627,39.02217],[-0.86134,39.01864],[-0.85918,39.0185],[-0.85978,39.01721],[-0.86178,39.01802],[-0.86314,39.01694],[-0.86493,39.01982],[-0.86662,39.01796],[-0.86773,39.01934],[-0.8699,39.01697],[-0.8724,39.01801],[-0.8735,39.01324],[-0.8763,39.0139],[-0.87742,39.01096],[-0.88207,39.01235],[-0.88376,39.00753],[-0.88735,39.00569],[-0.88627,39.00427],[-0.89069,38.99837],[-0.88904,38.99715],[-0.8924,38.99586],[-0.8942,38.99316],[-0.89623,38.982],[-0.89907,38.98075],[-0.89851,38.97922],[-0.90062,38.97627],[-0.91375,38.96327],[-0.93874,38.949],[-0.95793,38.94518],[-0.95939,38.94429]]]}},{"type":"Feature","properties":{"mun_code":"46175","mun_name":"Montitxelvo","mun_name_local":"Montichelvo","prov_code":"46","prov_name":"València","acom_code":"10","acom_name":"Comunitat Valenciana","geo_point_2d":{"lon":-0.33553564242763045,"lat":38.8926458615864}},"geometry":{"type":"Polygon","coordinates":[[[-0.36323,38.90132],[-0.35206,38.89658],[-0.34849,38.88821],[-0.33499,38.88235],[-0.32751,38.87464],[-0.31975,38.87799],[-0.31271,38.87499],[-0.31081,38.88151],[-0.31442,38.88534],[-0.31483,38.89025],[-0.31634,38.89148],[-0.32057,38.89158],[-0.33272,38.89939],[-0.33217,38.90835],[-0.33513,38.90927],[-0.34072,38.90662],[-0.34612,38.90717],[-0.35031,38.90922],[-0.35442,38.90902],[-0.36192,38.90304],[-0.36323,38.90132]]]}},{"type":"Feature","properties":{"mun_code":"46178","mun_name":"Nàquera","mun_name_local":"Náquera","prov_code":"46","prov_name":"València","acom_code":"10","acom_name":"Comunitat Valenciana","geo_point_2d":{"lon":-0.4137825111554286,"lat":39.63704487275636}},"geometry":{"type":"Polygon","coordinates":[[[-0.46356,39.64316],[-0.41014,39.6089],[-0.39571,39.59252],[-0.37985,39.59936],[-0.36789,39.60005],[-0.36721,39.60501],[-0.36916,39.60546],[-0.37328,39.61194],[-0.39072,39.64263],[-0.39314,39.66483],[-0.39904,39.67405],[-0.40904,39.67163],[-0.42132,39.67197],[-0.43772,39.66953],[-0.45238,39.6599],[-0.4596,39.65806],[-0.4599,39.65076],[-0.46286,39.64433],[-0.46356,39.64316]]]}},{"type":"Feature","properties":{"mun_code":"46051","mun_name":"Benaguasil","mun_name_local":null,"prov_code":"46","prov_name":"València","acom_code":"10","acom_name":"Comunitat Valenciana","geo_point_2d":{"lon":-0.6166313260059203,"lat":39.5940644438227}},"geometry":{"type":"Polygon","coordinates":[[[-0.68558,39.6067],[-0.67903,39.60591],[-0.67375,39.60789],[-0.66756,39.60522],[-0.66555,39.60261],[-0.66106,39.60216],[-0.65935,39.59765],[-0.64688,39.60191],[-0.64281,39.59708],[-0.64051,39.59127],[-0.6356,39.58689],[-0.62648,39.58472],[-0.62037,39.58525],[-0.62064,39.58354],[-0.61237,39.57756],[-0.61158,39.57968],[-0.61064,39.57801],[-0.61255,39.57569],[-0.61025,39.57196],[-0.60579,39.57268],[-0.60447,39.57571],[-0.60103,39.57543],[-0.60215,39.57228],[-0.5954,39.5695],[-0.59254,39.56686],[-0.57968,39.56448],[-0.57262,39.5656],[-0.57348,39.56772],[-0.57098,39.57093],[-0.57136,39.5732],[-0.57541,39.57288],[-0.57895,39.57878],[-0.57925,39.58268],[-0.57089,39.58373],[-0.57128,39.57982],[-0.56935,39.58025],[-0.56765,39.58391],[-0.57216,39.59153],[-0.5688,39.59401],[-0.57776,39.6045],[-0.57631,39.60539],[-0.57903,39.60661],[-0.58526,39.603],[-0.60714,39.60338],[-0.63338,39.60809],[-0.6422,39.61272],[-0.65482,39.61589],[-0.66401,39.61403],[-0.67761,39.62198],[-0.6836,39.62058],[-0.68621,39.61649],[-0.68558,39.6067]]]}},{"type":"Feature","properties":{"mun_code":"46133","mun_name":"Gestalgar","mun_name_local":null,"prov_code":"46","prov_name":"València","acom_code":"10","acom_name":"Comunitat Valenciana","geo_point_2d":{"lon":-0.8424712964749933,"lat":39.5817513873077}},"geometry":{"type":"Polygon","coordinates":[[[-0.9317,39.54361],[-0.9271,39.5401],[-0.92011,39.53862],[-0.9197,39.54393],[-0.88816,39.55359],[-0.86793,39.55183],[-0.82977,39.54249],[-0.78962,39.55642],[-0.79183,39.55725],[-0.79362,39.57062],[-0.7927,39.58706],[-0.78951,39.60283],[-0.79184,39.61099],[-0.79031,39.61434],[-0.79297,39.62113],[-0.79235,39.62424],[-0.79809,39.63266],[-0.81648,39.62805],[-0.83009,39.62806],[-0.8655,39.60944],[-0.88113,39.58867],[-0.89059,39.5805],[-0.89475,39.56851],[-0.89786,39.56406],[-0.91491,39.56155],[-0.92544,39.55845],[-0.93602,39.55355],[-0.93178,39.54409],[-0.9317,39.54361]]]}},{"type":"Feature","properties":{"mun_code":"46218","mun_name":"Ròtova","mun_name_local":null,"prov_code":"46","prov_name":"València","acom_code":"10","acom_name":"Comunitat Valenciana","geo_point_2d":{"lon":-0.26859992925345555,"lat":38.93943198520502}},"geometry":{"type":"MultiPolygon","coordinates":[[[[-0.28823,38.95437],[-0.28886,38.9491],[-0.29188,38.94808],[-0.29152,38.94515],[-0.28712,38.93945],[-0.28128,38.9385],[-0.27912,38.93569],[-0.27626,38.93462],[-0.27688,38.92784],[-0.2719,38.92222],[-0.25967,38.9267],[-0.2547,38.93089],[-0.24913,38.93105],[-0.24491,38.934],[-0.25125,38.93748],[-0.24968,38.93965],[-0.25587,38.94846],[-0.26687,38.94847],[-0.26809,38.94983],[-0.27868,38.95144],[-0.28067,38.95399],[-0.28476,38.95408],[-0.28823,38.95437]]],[[[-0.23797,38.94059],[-0.23822,38.93799],[-0.23293,38.93825],[-0.233,38.94064],[-0.23741,38.94088],[-0.23797,38.94059]]]]}},{"type":"Feature","properties":{"mun_code":"46163","mun_name":"Massalfassar","mun_name_local":null,"prov_code":"46","prov_name":"València","acom_code":"10","acom_name":"Comunitat Valenciana","geo_point_2d":{"lon":-0.3156277980251336,"lat":39.55464875496826}},"geometry":{"type":"Polygon","coordinates":[[[-0.32854,39.56369],[-0.33276,39.55608],[-0.32982,39.55576],[-0.32652,39.55279],[-0.32564,39.5542],[-0.32379,39.55369],[-0.29942,39.54517],[-0.29601,39.54962],[-0.30733,39.55464],[-0.3149,39.55976],[-0.3281,39.56375],[-0.32854,39.56369]]]}},{"type":"Feature","properties":{"mun_code":"46117","mun_name":"Emperador","mun_name_local":null,"prov_code":"46","prov_name":"València","acom_code":"10","acom_name":"Comunitat Valenciana","geo_point_2d":{"lon":-0.33919711583033163,"lat":39.553839366704494}},"geometry":{"type":"Polygon","coordinates":[[[-0.33973,39.55448],[-0.34039,39.55329],[-0.33888,39.55272],[-0.33819,39.55457],[-0.33942,39.555],[-0.33973,39.55448]]]}},{"type":"Feature","properties":{"mun_code":"46160","mun_name":"Manuel","mun_name_local":null,"prov_code":"46","prov_name":"València","acom_code":"10","acom_name":"Comunitat Valenciana","geo_point_2d":{"lon":-0.4921036037571143,"lat":39.054407948663645}},"geometry":{"type":"Polygon","coordinates":[[[-0.51106,39.04942],[-0.50589,39.04558],[-0.49972,39.04499],[-0.49596,39.03979],[-0.49622,39.03739],[-0.49449,39.04031],[-0.49251,39.03854],[-0.48645,39.03743],[-0.48214,39.04038],[-0.48581,39.04683],[-0.48863,39.04835],[-0.48001,39.05639],[-0.47224,39.061],[-0.47897,39.06606],[-0.4735,39.07128],[-0.47973,39.07168],[-0.48581,39.06275],[-0.49616,39.06855],[-0.50228,39.06335],[-0.50064,39.06087],[-0.50166,39.05649],[-0.50791,39.05635],[-0.51076,39.05026],[-0.51106,39.04942]]]}},{"type":"Feature","properties":{"mun_code":"46220","mun_name":"Sagunt","mun_name_local":"Sagunto","prov_code":"46","prov_name":"València","acom_code":"10","acom_name":"Comunitat Valenciana","geo_point_2d":{"lon":-0.2782471113978157,"lat":39.690117589544194}},"geometry":{"type":"Polygon","coordinates":[[[-0.37937,39.62425],[-0.3532,39.63354],[-0.34319,39.6399],[-0.29564,39.62883],[-0.26825,39.61384],[-0.25998,39.6164],[-0.25861,39.61534],[-0.25286,39.6228],[-0.2389,39.63526],[-0.23068,39.63884],[-0.22791,39.63677],[-0.22763,39.63477],[-0.21559,39.62919],[-0.21215,39.63349],[-0.21132,39.63769],[-0.21446,39.63505],[-0.22419,39.64001],[-0.22056,39.6455],[-0.21235,39.64282],[-0.21362,39.64765],[-0.21944,39.65035],[-0.21579,39.65515],[-0.20959,39.65263],[-0.20994,39.65121],[-0.21101,39.65221],[-0.20855,39.6433],[-0.20561,39.64252],[-0.20824,39.64369],[-0.20885,39.64673],[-0.20606,39.64855],[-0.20602,39.65245],[-0.2094,39.65404],[-0.20764,39.66417],[-0.2038,39.6718],[-0.22772,39.67578],[-0.23754,39.67858],[-0.23697,39.6797],[-0.23253,39.68025],[-0.22623,39.68941],[-0.22365,39.6882],[-0.22067,39.68944],[-0.20073,39.68527],[-0.19711,39.7011],[-0.1885,39.72194],[-0.1956,39.72434],[-0.19589,39.72137],[-0.21175,39.72812],[-0.21657,39.72712],[-0.23007,39.73165],[-0.23407,39.727],[-0.22472,39.72406],[-0.22313,39.72568],[-0.20171,39.72013],[-0.19699,39.71369],[-0.22242,39.72242],[-0.23245,39.72407],[-0.23912,39.72064],[-0.24474,39.72197],[-0.24541,39.7209],[-0.256,39.72684],[-0.2551,39.72284],[-0.26092,39.72277],[-0.26006,39.72088],[-0.26461,39.71914],[-0.26329,39.71659],[-0.26922,39.71393],[-0.27367,39.71247],[-0.27939,39.71465],[-0.28482,39.71434],[-0.28653,39.72166],[-0.29161,39.72656],[-0.2882,39.73073],[-0.29668,39.73053],[-0.30118,39.73356],[-0.31095,39.74822],[-0.31059,39.75197],[-0.30896,39.7539],[-0.30552,39.75353],[-0.29836,39.7565],[-0.29378,39.75984],[-0.28213,39.75539],[-0.27857,39.75622],[-0.27371,39.7551],[-0.27156,39.76036],[-0.2756,39.76439],[-0.27653,39.77054],[-0.29748,39.78518],[-0.30857,39.79699],[-0.31603,39.79983],[-0.32826,39.80148],[-0.32751,39.79259],[-0.32389,39.7889],[-0.31951,39.78865],[-0.31882,39.78112],[-0.32127,39.77623],[-0.3423,39.75662],[-0.34843,39.7488],[-0.34528,39.74566],[-0.33748,39.74632],[-0.33562,39.74529],[-0.33539,39.73879],[-0.33048,39.73853],[-0.33156,39.72956],[-0.32877,39.72843],[-0.32313,39.72023],[-0.32374,39.71801],[-0.3206,39.71732],[-0.31113,39.70804],[-0.31618,39.70066],[-0.32843,39.69648],[-0.32572,39.69163],[-0.32435,39.69045],[-0.32559,39.69244],[-0.31734,39.69129],[-0.3015,39.68477],[-0.29872,39.67765],[-0.312,39.67822],[-0.31298,39.67495],[-0.31841,39.67257],[-0.31702,39.66725],[-0.3211,39.6626],[-0.32628,39.6605],[-0.32648,39.65779],[-0.32396,39.65442],[-0.32546,39.65181],[-0.33032,39.64951],[-0.33199,39.65127],[-0.35796,39.6594],[-0.35696,39.66368],[-0.36243,39.66633],[-0.36439,39.64504],[-0.3769,39.628],[-0.37937,39.62425]]]}},{"type":"Feature","properties":{"mun_code":"46173","mun_name":"Montaverner","mun_name_local":null,"prov_code":"46","prov_name":"València","acom_code":"10","acom_name":"Comunitat Valenciana","geo_point_2d":{"lon":-0.4908109374512015,"lat":38.885575009456325}},"geometry":{"type":"Polygon","coordinates":[[[-0.50985,38.89312],[-0.51337,38.89192],[-0.50805,38.88969],[-0.50463,38.88626],[-0.50899,38.88308],[-0.50798,38.87946],[-0.51042,38.87879],[-0.51153,38.876],[-0.49968,38.87223],[-0.49925,38.86758],[-0.49676,38.8674],[-0.49693,38.86548],[-0.4897,38.86819],[-0.489,38.86916],[-0.49195,38.87167],[-0.48787,38.87395],[-0.48631,38.87889],[-0.47423,38.88524],[-0.47388,38.89218],[-0.47006,38.89403],[-0.47399,38.9028],[-0.47655,38.90448],[-0.48199,38.89983],[-0.48975,38.89964],[-0.49365,38.89366],[-0.49729,38.89088],[-0.5089,38.89187],[-0.50985,38.89312]]]}},{"type":"Feature","properties":{"mun_code":"46144","mun_name":"Jarafuel","mun_name_local":null,"prov_code":"46","prov_name":"València","acom_code":"10","acom_name":"Comunitat Valenciana","geo_point_2d":{"lon":-1.1097633958577005,"lat":39.14888170006379}},"geometry":{"type":"Polygon","coordinates":[[[-1.23235,39.13369],[-1.2195,39.1279],[-1.21398,39.12319],[-1.18568,39.124],[-1.14722,39.11948],[-1.14152,39.12054],[-1.13047,39.11859],[-1.12083,39.11967],[-1.11181,39.12314],[-1.09733,39.12298],[-1.08087,39.11811],[-1.07611,39.11442],[-1.07359,39.11459],[-1.07014,39.11625],[-1.07044,39.12219],[-1.05501,39.1275],[-1.05025,39.13038],[-1.01322,39.14208],[-0.99042,39.15265],[-0.98733,39.15861],[-0.97194,39.16314],[-0.96825,39.16781],[-0.96487,39.16736],[-0.95962,39.16953],[-0.97502,39.17826],[-0.97622,39.18252],[-0.97867,39.18235],[-0.98006,39.18376],[-1.00362,39.17695],[-1.01212,39.17679],[-1.01745,39.18057],[-1.01912,39.17722],[-1.03011,39.17339],[-1.04182,39.163],[-1.04926,39.16562],[-1.08735,39.16664],[-1.09171,39.16821],[-1.10066,39.16767],[-1.19709,39.17673],[-1.21053,39.16222],[-1.227,39.15171],[-1.23083,39.13736],[-1.23235,39.13369]]]}},{"type":"Feature","properties":{"mun_code":"46064","mun_name":"Benimuslem","mun_name_local":null,"prov_code":"46","prov_name":"València","acom_code":"10","acom_name":"Comunitat Valenciana","geo_point_2d":{"lon":-0.4941353255028632,"lat":39.138337665575555}},"geometry":{"type":"Polygon","coordinates":[[[-0.5086,39.1451],[-0.50315,39.13275],[-0.50359,39.12987],[-0.50031,39.12997],[-0.49586,39.12534],[-0.49271,39.12686],[-0.4858,39.12296],[-0.48632,39.12855],[-0.49055,39.13058],[-0.48505,39.13434],[-0.48594,39.13561],[-0.4826,39.13811],[-0.48347,39.13928],[-0.47977,39.14128],[-0.48141,39.14379],[-0.48365,39.14316],[-0.48561,39.14681],[-0.48423,39.14879],[-0.49332,39.14969],[-0.50553,39.14561],[-0.5086,39.1451]]]}},{"type":"Feature","properties":{"mun_code":"46021","mun_name":"Aldaia","mun_name_local":null,"prov_code":"46","prov_name":"València","acom_code":"10","acom_name":"Comunitat Valenciana","geo_point_2d":{"lon":-0.4884006080887012,"lat":39.45987558217418}},"geometry":{"type":"Polygon","coordinates":[[[-0.55073,39.44925],[-0.55093,39.44788],[-0.53972,39.44469],[-0.51735,39.44195],[-0.4972,39.44684],[-0.47298,39.45573],[-0.46307,39.45754],[-0.46313,39.45999],[-0.44882,39.4599],[-0.43978,39.46428],[-0.44007,39.47117],[-0.444,39.47143],[-0.44636,39.47433],[-0.45127,39.47653],[-0.45135,39.4779],[-0.45324,39.47657],[-0.48395,39.47463],[-0.4883,39.47356],[-0.5133,39.46034],[-0.52669,39.45075],[-0.54662,39.45066],[-0.55073,39.44925]]]}},{"type":"Feature","properties":{"mun_code":"46172","mun_name":"Montserrat","mun_name_local":null,"prov_code":"46","prov_name":"València","acom_code":"10","acom_name":"Comunitat Valenciana","geo_point_2d":{"lon":-0.5842458275408398,"lat":39.36326599693164}},"geometry":{"type":"Polygon","coordinates":[[[-0.64379,39.37043],[-0.63881,39.36884],[-0.6092,39.34344],[-0.60377,39.34171],[-0.60214,39.33691],[-0.59598,39.33232],[-0.58868,39.33094],[-0.58234,39.32371],[-0.57024,39.32992],[-0.55583,39.33471],[-0.55233,39.33251],[-0.53865,39.36138],[-0.53657,39.38682],[-0.54995,39.38905],[-0.57403,39.38692],[-0.59067,39.39185],[-0.60065,39.39085],[-0.63416,39.38351],[-0.64371,39.375],[-0.64379,39.37043]]]}},{"type":"Feature","properties":{"mun_code":"46124","mun_name":"Fontanars dels Alforins","mun_name_local":null,"prov_code":"46","prov_name":"València","acom_code":"10","acom_name":"Comunitat Valenciana","geo_point_2d":{"lon":-0.7852449909391648,"lat":38.779850737886505}},"geometry":{"type":"Polygon","coordinates":[[[-0.86005,38.76901],[-0.83575,38.74117],[-0.83756,38.7365],[-0.83462,38.73243],[-0.83023,38.73248],[-0.82412,38.73628],[-0.81742,38.73795],[-0.81038,38.7382],[-0.80664,38.73531],[-0.79266,38.73917],[-0.78759,38.74654],[-0.78373,38.74835],[-0.77959,38.74669],[-0.77048,38.75061],[-0.76525,38.751],[-0.76197,38.74915],[-0.75971,38.74951],[-0.75208,38.75538],[-0.74723,38.75471],[-0.74336,38.75563],[-0.74575,38.75864],[-0.74479,38.75926],[-0.73716,38.75667],[-0.73493,38.75945],[-0.73199,38.75626],[-0.73433,38.76221],[-0.7337,38.77984],[-0.73834,38.78821],[-0.73274,38.78929],[-0.73339,38.79336],[-0.73213,38.79483],[-0.73382,38.79676],[-0.72932,38.79807],[-0.7278,38.80126],[-0.72252,38.82112],[-0.72114,38.83678],[-0.73541,38.83289],[-0.7427,38.82682],[-0.75285,38.82366],[-0.7552,38.82452],[-0.81431,38.80182],[-0.81892,38.79726],[-0.83197,38.78875],[-0.84894,38.7808],[-0.85251,38.77449],[-0.8596,38.76931],[-0.86005,38.76901]]]}},{"type":"Feature","properties":{"mun_code":"46203","mun_name":"la Pobla Llarga","mun_name_local":null,"prov_code":"46","prov_name":"València","acom_code":"10","acom_name":"Comunitat Valenciana","geo_point_2d":{"lon":-0.47241339513471076,"lat":39.081603287717776}},"geometry":{"type":"MultiPolygon","coordinates":[[[[-0.49672,39.07952],[-0.50208,39.07707],[-0.50062,39.07311],[-0.49494,39.07329],[-0.49587,39.0758],[-0.49672,39.07952]]],[[[-0.43971,39.07249],[-0.44026,39.07632],[-0.43845,39.07912],[-0.44184,39.08015],[-0.44391,39.08305],[-0.4517,39.08393],[-0.46428,39.0879],[-0.47332,39.09535],[-0.47734,39.09694],[-0.48208,39.09537],[-0.48625,39.09979],[-0.48759,39.09901],[-0.49158,39.10068],[-0.49673,39.09836],[-0.49029,39.08993],[-0.49239,39.08784],[-0.49426,39.08876],[-0.49788,39.0845],[-0.492,39.07931],[-0.4883,39.07922],[-0.48772,39.07533],[-0.47958,39.07511],[-0.47716,39.07314],[-0.47892,39.07171],[-0.47377,39.07153],[-0.47465,39.06894],[-0.47564,39.06963],[-0.47897,39.06606],[-0.47094,39.06025],[-0.46684,39.06354],[-0.46621,39.07477],[-0.46285,39.07506],[-0.45526,39.07262],[-0.44654,39.07197],[-0.44409,39.07363],[-0.44155,39.07266],[-0.43971,39.07249]]]]}},{"type":"Feature","properties":{"mun_code":"46073","mun_name":"Bolbaite","mun_name_local":null,"prov_code":"46","prov_name":"València","acom_code":"10","acom_name":"Comunitat Valenciana","geo_point_2d":{"lon":-0.746020906878238,"lat":39.050240896014714}},"geometry":{"type":"Polygon","coordinates":[[[-0.83258,39.03745],[-0.82586,39.02935],[-0.8036,39.01891],[-0.78175,39.03118],[-0.77159,39.03383],[-0.75394,39.03662],[-0.73824,39.03759],[-0.7235,39.03686],[-0.71673,39.03832],[-0.69506,39.0497],[-0.69104,39.05103],[-0.68122,39.05088],[-0.67336,39.05367],[-0.67351,39.05615],[-0.66602,39.06297],[-0.66852,39.06493],[-0.66818,39.06741],[-0.67417,39.07798],[-0.68331,39.07969],[-0.71491,39.07198],[-0.72696,39.0669],[-0.74111,39.06383],[-0.75223,39.05888],[-0.77309,39.06046],[-0.78356,39.05714],[-0.78251,39.06106],[-0.78911,39.05774],[-0.79602,39.05812],[-0.79541,39.05685],[-0.79979,39.05353],[-0.79937,39.05085],[-0.80424,39.05175],[-0.80563,39.04918],[-0.80949,39.04858],[-0.8089,39.04478],[-0.81462,39.04282],[-0.8154,39.03988],[-0.81822,39.04302],[-0.82074,39.04304],[-0.82228,39.0399],[-0.82574,39.04056],[-0.82814,39.03825],[-0.83249,39.03781],[-0.83258,39.03745]]]}},{"type":"Feature","properties":{"mun_code":"46072","mun_name":"Bocairent","mun_name_local":null,"prov_code":"46","prov_name":"València","acom_code":"10","acom_name":"Comunitat Valenciana","geo_point_2d":{"lon":-0.6088672761126802,"lat":38.74208627097128}},"geometry":{"type":"Polygon","coordinates":[[[-0.71719,38.75058],[-0.71286,38.74297],[-0.70839,38.73923],[-0.70719,38.73382],[-0.68878,38.74127],[-0.68677,38.73769],[-0.67757,38.72911],[-0.67106,38.73164],[-0.6532,38.73055],[-0.64344,38.72777],[-0.64355,38.71833],[-0.64001,38.70717],[-0.64247,38.70414],[-0.63812,38.69768],[-0.62947,38.68962],[-0.6287,38.68655],[-0.61805,38.68665],[-0.6168,38.68969],[-0.60893,38.69442],[-0.60373,38.69539],[-0.59666,38.69973],[-0.59379,38.69989],[-0.5907,38.70409],[-0.58786,38.70428],[-0.58416,38.70856],[-0.55123,38.71711],[-0.53494,38.73304],[-0.52455,38.73555],[-0.52331,38.73806],[-0.51587,38.7397],[-0.51222,38.74344],[-0.50712,38.74297],[-0.50702,38.74476],[-0.50747,38.75526],[-0.5153,38.75523],[-0.52088,38.75669],[-0.52519,38.76019],[-0.52585,38.76389],[-0.52963,38.76709],[-0.53791,38.76571],[-0.54187,38.7638],[-0.54181,38.76177],[-0.55646,38.75751],[-0.55688,38.75528],[-0.55991,38.75386],[-0.56564,38.75543],[-0.57561,38.76421],[-0.58426,38.76836],[-0.59001,38.77687],[-0.58929,38.78026],[-0.59107,38.78281],[-0.58998,38.78454],[-0.59163,38.7848],[-0.5927,38.78825],[-0.5963,38.79032],[-0.59356,38.79186],[-0.59522,38.7951],[-0.61308,38.78932],[-0.62878,38.78068],[-0.67173,38.76652],[-0.6898,38.75655],[-0.71374,38.74994],[-0.71719,38.75058]]]}},{"type":"Feature","properties":{"mun_code":"46011","mun_name":"Alberic","mun_name_local":null,"prov_code":"46","prov_name":"València","acom_code":"10","acom_name":"Comunitat Valenciana","geo_point_2d":{"lon":-0.5372023728134346,"lat":39.11833465194433}},"geometry":{"type":"Polygon","coordinates":[[[-0.58502,39.11954],[-0.58241,39.11378],[-0.57598,39.11119],[-0.57174,39.10666],[-0.54741,39.09957],[-0.54693,39.09719],[-0.54157,39.09669],[-0.54137,39.0888],[-0.53729,39.08582],[-0.53464,39.08716],[-0.53581,39.08888],[-0.53286,39.09122],[-0.53228,39.09498],[-0.52949,39.09602],[-0.52491,39.09528],[-0.5231,39.09903],[-0.51772,39.10261],[-0.51522,39.10612],[-0.5053,39.1083],[-0.49941,39.11274],[-0.4949,39.11294],[-0.49815,39.1166],[-0.50182,39.11668],[-0.50161,39.11939],[-0.49391,39.11691],[-0.49213,39.1184],[-0.49681,39.12043],[-0.49747,39.12264],[-0.49544,39.12522],[-0.49653,39.12698],[-0.50031,39.12997],[-0.50359,39.12987],[-0.50315,39.13275],[-0.5086,39.1451],[-0.51247,39.14423],[-0.51331,39.14155],[-0.51636,39.13923],[-0.52395,39.13613],[-0.5286,39.13637],[-0.52943,39.13954],[-0.53116,39.13971],[-0.53287,39.1373],[-0.54052,39.14019],[-0.54255,39.13938],[-0.5428,39.13769],[-0.55147,39.13347],[-0.55945,39.13467],[-0.56575,39.13303],[-0.5839,39.12123],[-0.58502,39.11954]]]}},{"type":"Feature","properties":{"mun_code":"46157","mun_name":"la Llosa de Ranes","mun_name_local":null,"prov_code":"46","prov_name":"València","acom_code":"10","acom_name":"Comunitat Valenciana","geo_point_2d":{"lon":-0.5372008153812997,"lat":39.027975158490854}},"geometry":{"type":"MultiPolygon","coordinates":[[[[-0.54493,39.04449],[-0.55054,39.04716],[-0.54946,39.04553],[-0.55212,39.03972],[-0.55173,39.03221],[-0.54945,39.03187],[-0.54965,39.03066],[-0.54741,39.03108],[-0.54945,39.02713],[-0.54611,39.027],[-0.54603,39.02277],[-0.54774,39.02287],[-0.54913,39.02085],[-0.54193,39.01253],[-0.53628,39.01188],[-0.53386,39.01028],[-0.53506,39.0153],[-0.53093,39.01094],[-0.52545,39.01181],[-0.52407,39.01357],[-0.52163,39.01326],[-0.52464,39.02278],[-0.52195,39.02348],[-0.52488,39.02572],[-0.52494,39.03137],[-0.52719,39.03534],[-0.52583,39.03976],[-0.53037,39.0413],[-0.53824,39.04043],[-0.5419,39.0464],[-0.54443,39.04445],[-0.54493,39.04449]]],[[[-0.55859,39.03181],[-0.56018,39.03253],[-0.56177,39.02987],[-0.55976,39.03],[-0.55955,39.03152],[-0.55859,39.03181]]],[[[-0.55472,39.03632],[-0.55275,39.03577],[-0.55335,39.03699],[-0.55472,39.03632]]],[[[-0.55318,39.03938],[-0.55418,39.04107],[-0.55622,39.03979],[-0.55392,39.03839],[-0.55281,39.03912],[-0.55318,39.03938]]]]}},{"type":"Feature","properties":{"mun_code":"46014","mun_name":"Albuixech","mun_name_local":null,"prov_code":"46","prov_name":"València","acom_code":"10","acom_name":"Comunitat Valenciana","geo_point_2d":{"lon":-0.3178192579644465,"lat":39.54296883906728}},"geometry":{"type":"Polygon","coordinates":[[[-0.33305,39.54034],[-0.32452,39.53739],[-0.31898,39.53324],[-0.31812,39.53396],[-0.31118,39.53008],[-0.29942,39.54517],[-0.32564,39.5542],[-0.32784,39.55096],[-0.33204,39.55185],[-0.33379,39.5501],[-0.33417,39.54923],[-0.33163,39.54844],[-0.33231,39.54757],[-0.32959,39.5466],[-0.32959,39.54466],[-0.33211,39.54553],[-0.33426,39.54259],[-0.33255,39.54083],[-0.33305,39.54034]]]}},{"type":"Feature","properties":{"mun_code":"46149","mun_name":"Losa del Obispo","mun_name_local":null,"prov_code":"46","prov_name":"València","acom_code":"10","acom_name":"Comunitat Valenciana","geo_point_2d":{"lon":-0.8651054208845549,"lat":39.698509925362956}},"geometry":{"type":"Polygon","coordinates":[[[-0.9043,39.68341],[-0.89295,39.68569],[-0.87883,39.685],[-0.86773,39.68772],[-0.84271,39.68447],[-0.8364,39.69982],[-0.84303,39.70193],[-0.85642,39.72274],[-0.87447,39.70961],[-0.90374,39.68401],[-0.9043,39.68341]]]}},{"type":"Feature","properties":{"mun_code":"46213","mun_name":"Requena","mun_name_local":null,"prov_code":"46","prov_name":"València","acom_code":"10","acom_name":"Comunitat Valenciana","geo_point_2d":{"lon":-1.136125582374055,"lat":39.4367561190187}},"geometry":{"type":"Polygon","coordinates":[[[-1.3848,39.35433],[-1.38215,39.3533],[-1.37567,39.35554],[-1.36586,39.35511],[-1.362,39.34948],[-1.35719,39.34753],[-1.35411,39.34102],[-1.35142,39.33962],[-1.34284,39.34017],[-1.33864,39.33762],[-1.33628,39.3338],[-1.33017,39.33616],[-1.33485,39.33877],[-1.33345,39.34046],[-1.32821,39.34123],[-1.32131,39.33832],[-1.3187,39.34222],[-1.31213,39.34287],[-1.30762,39.33921],[-1.29882,39.33687],[-1.30161,39.33286],[-1.29763,39.33025],[-1.29152,39.33422],[-1.28563,39.33181],[-1.28599,39.32974],[-1.28191,39.32827],[-1.27824,39.3328],[-1.27484,39.33379],[-1.26954,39.32889],[-1.26769,39.32823],[-1.26253,39.32973],[-1.25991,39.32785],[-1.25531,39.32724],[-1.25077,39.32274],[-1.24753,39.32876],[-1.24519,39.32638],[-1.2441,39.3214],[-1.23808,39.32232],[-1.22808,39.31939],[-1.2231,39.31594],[-1.21862,39.31675],[-1.20966,39.32629],[-1.20762,39.32659],[-1.20216,39.32113],[-1.20188,39.3177],[-1.19916,39.31709],[-1.19905,39.31496],[-1.19664,39.31396],[-1.1925,39.31646],[-1.1895,39.31486],[-1.18746,39.31594],[-1.18362,39.31413],[-1.17605,39.31439],[-1.17307,39.31261],[-1.16962,39.31332],[-1.16459,39.31008],[-1.16193,39.30557],[-1.17482,39.27928],[-1.17454,39.26837],[-1.17601,39.26554],[-1.11883,39.27595],[-1.1152,39.28377],[-1.11232,39.28233],[-1.11208,39.28517],[-1.10187,39.28913],[-1.09899,39.29286],[-1.0923,39.29123],[-1.08888,39.29411],[-1.08832,39.29756],[-1.09223,39.31187],[-1.07276,39.31171],[-1.06673,39.31299],[-1.06376,39.31528],[-1.05877,39.31561],[-1.02861,39.32375],[-1.01322,39.33025],[-0.99548,39.34036],[-0.98278,39.3367],[-0.98194,39.34282],[-0.98383,39.34626],[-0.98205,39.3505],[-0.98473,39.35737],[-0.98334,39.36058],[-0.98184,39.36047],[-0.97656,39.37365],[-0.97536,39.38732],[-0.97652,39.38874],[-0.97529,39.39674],[-0.97812,39.42605],[-0.97595,39.43538],[-0.96812,39.45038],[-0.96856,39.45882],[-0.96489,39.47466],[-0.96711,39.48509],[-0.97934,39.51051],[-0.97813,39.51675],[-0.98083,39.53395],[-0.97982,39.54164],[-0.98273,39.55315],[-0.9977,39.56981],[-1.01655,39.58601],[-1.02782,39.59018],[-1.05612,39.60905],[-1.06718,39.61346],[-1.08849,39.61702],[-1.09447,39.61274],[-1.09888,39.60569],[-1.10441,39.60068],[-1.10692,39.60074],[-1.10842,39.59909],[-1.12226,39.59356],[-1.12602,39.59292],[-1.12905,39.59387],[-1.13367,39.59263],[-1.13674,39.59394],[-1.13843,39.59073],[-1.14855,39.58699],[-1.14711,39.58426],[-1.14876,39.58184],[-1.15273,39.5819],[-1.15212,39.57904],[-1.15626,39.5795],[-1.15578,39.57652],[-1.15805,39.57599],[-1.15798,39.57339],[-1.1594,39.57346],[-1.16027,39.57058],[-1.15953,39.56556],[-1.15826,39.56507],[-1.16063,39.55877],[-1.15846,39.55882],[-1.15611,39.5561],[-1.16292,39.54996],[-1.17222,39.54489],[-1.17809,39.54339],[-1.18026,39.54101],[-1.23548,39.54134],[-1.2361,39.53117],[-1.24363,39.52946],[-1.256,39.52899],[-1.27442,39.52514],[-1.27823,39.51652],[-1.27217,39.50468],[-1.27795,39.49317],[-1.2786,39.45371],[-1.27143,39.4464],[-1.27234,39.44384],[-1.27746,39.44069],[-1.27997,39.44091],[-1.2817,39.43812],[-1.29954,39.42715],[-1.30475,39.42608],[-1.30703,39.42397],[-1.30916,39.42429],[-1.3107,39.42135],[-1.31697,39.42203],[-1.32128,39.41939],[-1.32346,39.41486],[-1.33146,39.40622],[-1.3376,39.4036],[-1.34482,39.39646],[-1.35103,39.39262],[-1.3514,39.39019],[-1.35499,39.39],[-1.35894,39.38237],[-1.3645,39.37903],[-1.36525,39.37326],[-1.36831,39.3703],[-1.37501,39.36755],[-1.37464,39.36649],[-1.37773,39.36745],[-1.38114,39.36634],[-1.38139,39.3682],[-1.38357,39.36628],[-1.38194,39.35917],[-1.38495,39.35456],[-1.3848,39.35433]]]}},{"type":"Feature","properties":{"mun_code":"46179","mun_name":"Navarrés","mun_name_local":null,"prov_code":"46","prov_name":"València","acom_code":"10","acom_name":"Comunitat Valenciana","geo_point_2d":{"lon":-0.7162266247074609,"lat":39.09245988755286}},"geometry":{"type":"Polygon","coordinates":[[[-0.78251,39.06106],[-0.78356,39.05714],[-0.77309,39.06046],[-0.75223,39.05888],[-0.74111,39.06383],[-0.72696,39.0669],[-0.71491,39.07198],[-0.68331,39.07969],[-0.67417,39.07798],[-0.66846,39.07967],[-0.66065,39.08663],[-0.65711,39.09537],[-0.66041,39.10254],[-0.67364,39.11843],[-0.69073,39.1302],[-0.69802,39.13726],[-0.70978,39.13112],[-0.71263,39.12515],[-0.71747,39.12065],[-0.71877,39.11458],[-0.73077,39.10341],[-0.74438,39.10189],[-0.74974,39.09785],[-0.75639,39.09654],[-0.75735,39.09469],[-0.77087,39.08784],[-0.77268,39.08584],[-0.77285,39.08011],[-0.78124,39.07386],[-0.77762,39.07189],[-0.78001,39.07059],[-0.77752,39.06774],[-0.7796,39.06633],[-0.78232,39.06655],[-0.785,39.06377],[-0.78224,39.06114],[-0.78251,39.06106]]]}},{"type":"Feature","properties":{"mun_code":"46022","mun_name":"Alfafar","mun_name_local":null,"prov_code":"46","prov_name":"València","acom_code":"10","acom_name":"Comunitat Valenciana","geo_point_2d":{"lon":-0.36157060730590085,"lat":39.40299314291609}},"geometry":{"type":"Polygon","coordinates":[[[-0.40352,39.41591],[-0.38522,39.41244],[-0.38287,39.41068],[-0.3717,39.40874],[-0.36777,39.40637],[-0.35946,39.39303],[-0.35209,39.38674],[-0.34313,39.37085],[-0.33707,39.37302],[-0.33427,39.36822],[-0.33246,39.3682],[-0.33014,39.36483],[-0.33434,39.37924],[-0.35043,39.40104],[-0.34994,39.42212],[-0.35336,39.42182],[-0.3571,39.41951],[-0.35331,39.4155],[-0.3574,39.41467],[-0.37216,39.42206],[-0.3748,39.41884],[-0.37922,39.42171],[-0.38767,39.42319],[-0.38726,39.42546],[-0.3986,39.42848],[-0.39977,39.42661],[-0.39453,39.42605],[-0.39228,39.42319],[-0.39299,39.41713],[-0.40336,39.41892],[-0.40337,39.41748],[-0.40352,39.41591]],[[-0.38143,39.42067],[-0.38258,39.4201],[-0.38134,39.42108],[-0.38143,39.42067]]]}},{"type":"Feature","properties":{"mun_code":"46262","mun_name":"La Yesa","mun_name_local":null,"prov_code":"46","prov_name":"València","acom_code":"10","acom_name":"Comunitat Valenciana","geo_point_2d":{"lon":-0.9445873282604762,"lat":39.90215007123058}},"geometry":{"type":"Polygon","coordinates":[[[-0.98153,39.83975],[-0.95267,39.83916],[-0.89595,39.84947],[-0.89866,39.8506],[-0.90094,39.85552],[-0.89506,39.85678],[-0.90871,39.86652],[-0.91279,39.87305],[-0.90855,39.88049],[-0.90815,39.88603],[-0.90371,39.88787],[-0.90024,39.89183],[-0.90296,39.89709],[-0.90961,39.89861],[-0.90761,39.90073],[-0.91382,39.91801],[-0.90761,39.92796],[-0.90349,39.92618],[-0.90266,39.93185],[-0.90676,39.94256],[-0.90603,39.94396],[-0.91164,39.95085],[-0.91718,39.95489],[-0.91576,39.9579],[-0.9185,39.96268],[-0.92045,39.9644],[-0.92489,39.95907],[-0.93189,39.95608],[-0.93479,39.95992],[-0.94455,39.96283],[-0.9492,39.96727],[-0.95324,39.96731],[-0.96845,39.97447],[-0.97629,39.97574],[-0.97988,39.95616],[-0.9794,39.89499],[-0.98144,39.84653],[-0.98153,39.83975]]]}},{"type":"Feature","properties":{"mun_code":"46119","mun_name":"l'Énova","mun_name_local":null,"prov_code":"46","prov_name":"València","acom_code":"10","acom_name":"Comunitat Valenciana","geo_point_2d":{"lon":-0.46493707106183735,"lat":39.042551418305386}},"geometry":{"type":"Polygon","coordinates":[[[-0.48214,39.04038],[-0.46973,39.02862],[-0.46035,39.02654],[-0.45083,39.02875],[-0.44576,39.02784],[-0.44363,39.02617],[-0.43653,39.02919],[-0.43763,39.03123],[-0.44493,39.03541],[-0.4482,39.03997],[-0.45974,39.04293],[-0.4587,39.0412],[-0.46653,39.04089],[-0.46997,39.042],[-0.47049,39.04654],[-0.47599,39.04706],[-0.47343,39.0504],[-0.47237,39.04882],[-0.47075,39.05021],[-0.47241,39.0503],[-0.46884,39.05324],[-0.47004,39.05354],[-0.46976,39.05558],[-0.46692,39.05837],[-0.46165,39.05845],[-0.46055,39.06118],[-0.45088,39.0588],[-0.45072,39.06341],[-0.45752,39.06422],[-0.46009,39.06593],[-0.46343,39.06524],[-0.46717,39.06733],[-0.46724,39.06293],[-0.47428,39.05893],[-0.47529,39.05989],[-0.48863,39.04835],[-0.48581,39.04683],[-0.48266,39.0409],[-0.48214,39.04038]]]}},{"type":"Feature","properties":{"mun_code":"46206","mun_name":"Quesa","mun_name_local":null,"prov_code":"46","prov_name":"València","acom_code":"10","acom_name":"Comunitat Valenciana","geo_point_2d":{"lon":-0.7784390196601634,"lat":39.1044300799611}},"geometry":{"type":"Polygon","coordinates":[[[-0.8889,39.02479],[-0.87838,39.01156],[-0.88207,39.01235],[-0.87802,39.0108],[-0.8763,39.0139],[-0.8735,39.01324],[-0.87215,39.01812],[-0.8699,39.01697],[-0.86818,39.01918],[-0.86662,39.01796],[-0.86493,39.01982],[-0.86314,39.01694],[-0.86178,39.01802],[-0.85978,39.01721],[-0.85918,39.0185],[-0.86134,39.01864],[-0.8627,39.02217],[-0.85685,39.02449],[-0.85504,39.02318],[-0.85465,39.02673],[-0.85138,39.03009],[-0.84944,39.02944],[-0.84788,39.0313],[-0.84562,39.02991],[-0.84507,39.03223],[-0.84204,39.0318],[-0.84236,39.03355],[-0.83654,39.03614],[-0.82814,39.03825],[-0.82574,39.04056],[-0.82228,39.0399],[-0.82074,39.04304],[-0.81822,39.04302],[-0.8154,39.03988],[-0.81462,39.04282],[-0.8089,39.04478],[-0.80949,39.04858],[-0.80563,39.04918],[-0.80424,39.05175],[-0.79937,39.05085],[-0.79999,39.05308],[-0.79541,39.05685],[-0.79626,39.058],[-0.78911,39.05774],[-0.78181,39.06111],[-0.785,39.06377],[-0.78232,39.06655],[-0.7796,39.06633],[-0.77752,39.06774],[-0.78001,39.07059],[-0.77762,39.07189],[-0.78124,39.07386],[-0.77285,39.08011],[-0.77268,39.08584],[-0.76976,39.08871],[-0.75735,39.09469],[-0.75639,39.09654],[-0.74974,39.09785],[-0.74438,39.10189],[-0.73227,39.10246],[-0.71877,39.11458],[-0.71747,39.12065],[-0.71263,39.12515],[-0.70978,39.13112],[-0.69802,39.13726],[-0.70091,39.14265],[-0.70995,39.15233],[-0.72369,39.15875],[-0.72607,39.15845],[-0.72938,39.16677],[-0.7283,39.16788],[-0.72637,39.16749],[-0.72597,39.16981],[-0.73175,39.17258],[-0.73263,39.17656],[-0.73531,39.1745],[-0.75085,39.17648],[-0.7603,39.17593],[-0.77275,39.17174],[-0.78373,39.173],[-0.80068,39.16949],[-0.7947,39.16569],[-0.78852,39.15923],[-0.77301,39.15013],[-0.76689,39.14182],[-0.76098,39.13698],[-0.76692,39.11804],[-0.77098,39.11364],[-0.77386,39.10663],[-0.77753,39.10386],[-0.78351,39.10202],[-0.7951,39.09074],[-0.79874,39.09046],[-0.79943,39.08751],[-0.80316,39.08551],[-0.80428,39.08053],[-0.80878,39.0789],[-0.81407,39.07453],[-0.81649,39.07531],[-0.82156,39.07386],[-0.83167,39.0632],[-0.84185,39.06263],[-0.85099,39.05278],[-0.86501,39.04271],[-0.87182,39.03529],[-0.88876,39.02514],[-0.8889,39.02479]]]}},{"type":"Feature","properties":{"mun_code":"46079","mun_name":"Calles","mun_name_local":null,"prov_code":"46","prov_name":"València","acom_code":"10","acom_name":"Comunitat Valenciana","geo_point_2d":{"lon":-0.9502726383865101,"lat":39.74077535653888}},"geometry":{"type":"MultiPolygon","coordinates":[[[[-1.05072,39.65101],[-1.05064,39.65198],[-1.05129,39.65118],[-1.05072,39.65101]]],[[[-1.05589,39.67186],[-1.05778,39.67228],[-1.056,39.6717],[-1.05589,39.67186]]],[[[-0.88772,39.80389],[-0.90149,39.80009],[-0.91725,39.79074],[-0.93986,39.78389],[-0.94509,39.7855],[-0.94693,39.78112],[-0.94578,39.77959],[-0.95016,39.77701],[-0.95351,39.77107],[-0.9553,39.7702],[-0.95699,39.77163],[-0.95999,39.77176],[-0.96485,39.7704],[-0.96682,39.76846],[-0.96791,39.76213],[-0.97071,39.76142],[-0.96738,39.75731],[-0.97398,39.76032],[-0.97397,39.75885],[-0.97738,39.75701],[-0.97263,39.75361],[-0.9715,39.75053],[-0.96908,39.75018],[-0.96984,39.74816],[-0.96649,39.74885],[-0.96456,39.74644],[-0.96965,39.74286],[-0.97007,39.73997],[-0.98285,39.73417],[-1.01465,39.70226],[-1.0131,39.70092],[-1.02046,39.68969],[-1.02499,39.69183],[-1.03016,39.69135],[-1.03919,39.69384],[-1.03966,39.68926],[-1.04857,39.68187],[-1.04859,39.67959],[-1.03305,39.66822],[-1.02616,39.66434],[-1.01163,39.67851],[-1.0011,39.68551],[-0.99479,39.69766],[-0.99247,39.69887],[-0.98582,39.69695],[-0.98338,39.70056],[-0.9689,39.70557],[-0.95575,39.71759],[-0.95476,39.7209],[-0.9511,39.72149],[-0.94505,39.72595],[-0.93671,39.72938],[-0.91785,39.73207],[-0.88802,39.74308],[-0.88718,39.76228],[-0.88226,39.77367],[-0.88724,39.7879],[-0.89405,39.79404],[-0.88892,39.8022],[-0.88772,39.80389]]],[[[-0.91859,39.82014],[-0.91714,39.822],[-0.91878,39.8202],[-0.91859,39.82014]]]]}},{"type":"Feature","properties":{"mun_code":"46036","mun_name":"Alpuente","mun_name_local":null,"prov_code":"46","prov_name":"València","acom_code":"10","acom_name":"Comunitat Valenciana","geo_point_2d":{"lon":-1.0273966380133908,"lat":39.907514213962365}},"geometry":{"type":"Polygon","coordinates":[[[-1.09076,39.91296],[-1.08147,39.90341],[-1.06661,39.89931],[-1.05376,39.85014],[-1.04807,39.84063],[-1.0497,39.83557],[-1.04411,39.81601],[-1.02681,39.81545],[-0.99413,39.82114],[-0.98153,39.83975],[-0.9794,39.89499],[-0.97988,39.95616],[-0.97629,39.97574],[-0.98436,39.97846],[-0.98938,39.98183],[-0.99909,39.98015],[-1.00252,39.98183],[-1.02525,39.97462],[-1.05758,39.98048],[-1.07276,39.97952],[-1.08594,39.97633],[-1.08694,39.97322],[-1.08455,39.97185],[-1.0876,39.97043],[-1.09042,39.91679],[-1.09076,39.91296]]]}},{"type":"Feature","properties":{"mun_code":"46127","mun_name":"la Font d'en Carròs","mun_name_local":null,"prov_code":"46","prov_name":"València","acom_code":"10","acom_name":"Comunitat Valenciana","geo_point_2d":{"lon":-0.16305606878439743,"lat":38.91463466562879}},"geometry":{"type":"Polygon","coordinates":[[[-0.18426,38.92588],[-0.18346,38.91669],[-0.17911,38.90907],[-0.18125,38.90738],[-0.17969,38.90167],[-0.17352,38.90142],[-0.16671,38.89774],[-0.16529,38.89861],[-0.1615,38.89707],[-0.1587,38.8982],[-0.15765,38.90038],[-0.15096,38.90248],[-0.14839,38.90891],[-0.13723,38.91692],[-0.13602,38.92002],[-0.13586,38.92171],[-0.1496,38.9263],[-0.15873,38.92585],[-0.17097,38.92961],[-0.17617,38.92764],[-0.17783,38.92955],[-0.18072,38.92892],[-0.18342,38.92643],[-0.18426,38.92588]]]}},{"type":"Feature","properties":{"mun_code":"46208","mun_name":"Rafelcofer","mun_name_local":null,"prov_code":"46","prov_name":"València","acom_code":"10","acom_name":"Comunitat Valenciana","geo_point_2d":{"lon":-0.1693149452218081,"lat":38.93401031293576}},"geometry":{"type":"Polygon","coordinates":[[[-0.18072,38.92892],[-0.17783,38.92955],[-0.17617,38.92764],[-0.17097,38.92961],[-0.16115,38.92681],[-0.16075,38.93624],[-0.16333,38.94281],[-0.16805,38.94185],[-0.17156,38.93867],[-0.17606,38.93704],[-0.18173,38.93152],[-0.18033,38.92931],[-0.18072,38.92892]]]}},{"type":"Feature","properties":{"mun_code":"46098","mun_name":"Corbera","mun_name_local":null,"prov_code":"46","prov_name":"València","acom_code":"10","acom_name":"Comunitat Valenciana","geo_point_2d":{"lon":-0.35253491796725417,"lat":39.15902542845444}},"geometry":{"type":"Polygon","coordinates":[[[-0.39217,39.1762],[-0.38109,39.16626],[-0.37891,39.15974],[-0.38094,39.1559],[-0.37141,39.14475],[-0.34754,39.12734],[-0.34016,39.13994],[-0.34225,39.14239],[-0.33905,39.15279],[-0.3402,39.15512],[-0.32926,39.15368],[-0.31684,39.14804],[-0.30677,39.14697],[-0.30668,39.14944],[-0.30884,39.14906],[-0.30727,39.15502],[-0.31826,39.16034],[-0.32052,39.15739],[-0.32604,39.15981],[-0.32342,39.1629],[-0.32915,39.1658],[-0.3283,39.17574],[-0.33097,39.17675],[-0.33982,39.17813],[-0.34745,39.17626],[-0.35532,39.17676],[-0.36572,39.18041],[-0.38712,39.17696],[-0.39217,39.1762]]]}},{"type":"Feature","properties":{"mun_code":"46205","mun_name":"Puçol","mun_name_local":null,"prov_code":"46","prov_name":"València","acom_code":"10","acom_name":"Comunitat Valenciana","geo_point_2d":{"lon":-0.3058171688054641,"lat":39.61800562062587}},"geometry":{"type":"Polygon","coordinates":[[[-0.3532,39.63354],[-0.33702,39.62015],[-0.31021,39.60315],[-0.30177,39.60104],[-0.26783,39.59821],[-0.26725,39.59937],[-0.2653,39.59915],[-0.26727,39.59952],[-0.26639,39.60282],[-0.26442,39.6025],[-0.26635,39.60392],[-0.26493,39.60605],[-0.26294,39.6053],[-0.26492,39.60626],[-0.26335,39.60874],[-0.26141,39.60802],[-0.26334,39.60882],[-0.26209,39.61117],[-0.25976,39.61078],[-0.26154,39.61146],[-0.26097,39.6131],[-0.26005,39.61411],[-0.25815,39.61342],[-0.25937,39.61648],[-0.26825,39.61384],[-0.29564,39.62883],[-0.34319,39.6399],[-0.3532,39.63354]]]}},{"type":"Feature","properties":{"mun_code":"46052","mun_name":"Benavites","mun_name_local":null,"prov_code":"46","prov_name":"València","acom_code":"10","acom_name":"Comunitat Valenciana","geo_point_2d":{"lon":-0.23679000666202438,"lat":39.73424195527391}},"geometry":{"type":"MultiPolygon","coordinates":[[[[-0.1956,39.72434],[-0.22577,39.7354],[-0.23396,39.74006],[-0.23474,39.73901],[-0.24081,39.74024],[-0.24787,39.74308],[-0.25476,39.74254],[-0.25981,39.74353],[-0.26217,39.74131],[-0.26134,39.73902],[-0.25601,39.73464],[-0.24731,39.72985],[-0.23411,39.72756],[-0.22974,39.73163],[-0.21657,39.72712],[-0.21175,39.72812],[-0.19589,39.72137],[-0.19567,39.72329],[-0.1956,39.72434]]],[[[-0.26589,39.74412],[-0.26446,39.74385],[-0.26567,39.74429],[-0.26589,39.74412]]]]}},{"type":"Feature","properties":{"mun_code":"46158","mun_name":"Macastre","mun_name_local":null,"prov_code":"46","prov_name":"València","acom_code":"10","acom_name":"Comunitat Valenciana","geo_point_2d":{"lon":-0.7959937957642438,"lat":39.34787058551555}},"geometry":{"type":"Polygon","coordinates":[[[-0.84757,39.32018],[-0.83092,39.32112],[-0.79417,39.31878],[-0.76525,39.32126],[-0.76343,39.34977],[-0.76441,39.38044],[-0.7834,39.3905],[-0.79538,39.39186],[-0.79744,39.38303],[-0.80318,39.36993],[-0.81786,39.35845],[-0.84155,39.33607],[-0.84817,39.32441],[-0.84788,39.32212],[-0.84757,39.32018]]]}},{"type":"Feature","properties":{"mun_code":"46228","mun_name":"Serra","mun_name_local":null,"prov_code":"46","prov_name":"València","acom_code":"10","acom_name":"Comunitat Valenciana","geo_point_2d":{"lon":-0.45535111797356387,"lat":39.68463656384819}},"geometry":{"type":"Polygon","coordinates":[[[-0.51658,39.64723],[-0.51097,39.64187],[-0.49282,39.65033],[-0.48696,39.64979],[-0.46356,39.64316],[-0.4599,39.65076],[-0.4596,39.65806],[-0.45238,39.6599],[-0.43772,39.66953],[-0.42132,39.67197],[-0.40904,39.67163],[-0.39904,39.67405],[-0.38923,39.69073],[-0.39949,39.70223],[-0.40835,39.71856],[-0.41509,39.71886],[-0.42695,39.71701],[-0.43913,39.71737],[-0.44509,39.7189],[-0.44838,39.71642],[-0.45618,39.7147],[-0.461,39.71535],[-0.46367,39.72057],[-0.47072,39.72644],[-0.47622,39.7165],[-0.48111,39.71095],[-0.48413,39.71002],[-0.48578,39.70563],[-0.49004,39.7028],[-0.49409,39.69494],[-0.50004,39.68891],[-0.50692,39.66935],[-0.51443,39.66158],[-0.51381,39.6596],[-0.51626,39.65647],[-0.51509,39.6547],[-0.51612,39.64828],[-0.51658,39.64723]]]}},{"type":"Feature","properties":{"mun_code":"46240","mun_name":"Terrateig","mun_name_local":null,"prov_code":"46","prov_name":"València","acom_code":"10","acom_name":"Comunitat Valenciana","geo_point_2d":{"lon":-0.313267859619041,"lat":38.89809812905413}},"geometry":{"type":"Polygon","coordinates":[[[-0.33217,38.90835],[-0.33272,38.89939],[-0.32057,38.89158],[-0.31552,38.89118],[-0.31442,38.88534],[-0.31081,38.88151],[-0.29863,38.88175],[-0.29883,38.88531],[-0.29483,38.88916],[-0.30308,38.89055],[-0.30099,38.89911],[-0.3038,38.90685],[-0.30466,38.91697],[-0.30729,38.91681],[-0.3108,38.91358],[-0.31092,38.90791],[-0.3191,38.90737],[-0.33041,38.90959],[-0.3319,38.90847],[-0.33217,38.90835]]]}},{"type":"Feature","properties":{"mun_code":"46002","mun_name":"Ador","mun_name_local":null,"prov_code":"46","prov_name":"València","acom_code":"10","acom_name":"Comunitat Valenciana","geo_point_2d":{"lon":-0.24173561415556946,"lat":38.92368425088548}},"geometry":{"type":"MultiPolygon","coordinates":[[[[-0.24797,38.90911],[-0.25298,38.90573],[-0.25118,38.90304],[-0.2534,38.90078],[-0.25357,38.89814],[-0.24506,38.89768],[-0.23884,38.89538],[-0.2325,38.89634],[-0.22598,38.89534],[-0.22165,38.89811],[-0.21823,38.89761],[-0.21595,38.90016],[-0.21151,38.9008],[-0.21023,38.90733],[-0.20183,38.91317],[-0.2038,38.91389],[-0.20349,38.91513],[-0.19839,38.91697],[-0.19488,38.92003],[-0.19899,38.92224],[-0.21295,38.92277],[-0.21419,38.92453],[-0.21669,38.92184],[-0.22312,38.92284],[-0.22692,38.92076],[-0.23449,38.92548],[-0.23478,38.92855],[-0.23766,38.93147],[-0.23695,38.93715],[-0.23835,38.93774],[-0.23946,38.93053],[-0.23554,38.92473],[-0.23331,38.92376],[-0.23513,38.92337],[-0.23432,38.92173],[-0.23651,38.9207],[-0.23898,38.91479],[-0.24574,38.90939],[-0.24797,38.90911]]],[[[-0.24169,38.96324],[-0.27751,38.96841],[-0.28518,38.96508],[-0.2885,38.96564],[-0.29077,38.96447],[-0.29608,38.96679],[-0.29577,38.96527],[-0.29936,38.96449],[-0.30064,38.96238],[-0.29694,38.96],[-0.29872,38.95523],[-0.30287,38.95272],[-0.30277,38.94989],[-0.29964,38.94903],[-0.29614,38.95039],[-0.29188,38.94808],[-0.2892,38.94876],[-0.28823,38.95437],[-0.28705,38.95568],[-0.28062,38.95457],[-0.27766,38.96199],[-0.27335,38.96708],[-0.25559,38.96271],[-0.25159,38.96304],[-0.24378,38.9578],[-0.2419,38.96187],[-0.24169,38.96324]]]]}},{"type":"Feature","properties":{"mun_code":"46048","mun_name":"Bellreguard","mun_name_local":null,"prov_code":"46","prov_name":"València","acom_code":"10","acom_name":"Comunitat Valenciana","geo_point_2d":{"lon":-0.1524940509200965,"lat":38.953121022967444}},"geometry":{"type":"MultiPolygon","coordinates":[[[[-0.14912,38.95484],[-0.15052,38.95557],[-0.15424,38.95349],[-0.15748,38.95459],[-0.15881,38.95306],[-0.1669,38.95365],[-0.16848,38.95286],[-0.16807,38.95142],[-0.17312,38.94871],[-0.17283,38.94767],[-0.16794,38.94646],[-0.1667,38.94235],[-0.15928,38.94318],[-0.15496,38.9469],[-0.1476,38.94638],[-0.14757,38.95037],[-0.14557,38.95159],[-0.14696,38.95367],[-0.14912,38.95484]]],[[[-0.13323,38.96804],[-0.14604,38.95998],[-0.14175,38.95983],[-0.14286,38.95892],[-0.1413,38.95819],[-0.13831,38.95995],[-0.13347,38.95974],[-0.12781,38.96265],[-0.13225,38.96706],[-0.13323,38.96804]]]]}},{"type":"Feature","properties":{"mun_code":"46191","mun_name":"Pedralba","mun_name_local":null,"prov_code":"46","prov_name":"València","acom_code":"10","acom_name":"Comunitat Valenciana","geo_point_2d":{"lon":-0.7273944700265813,"lat":39.59634542200173}},"geometry":{"type":"Polygon","coordinates":[[[-0.77615,39.55236],[-0.74381,39.53788],[-0.71811,39.54529],[-0.72113,39.55278],[-0.71758,39.56031],[-0.71794,39.5653],[-0.70973,39.57102],[-0.69977,39.58195],[-0.69716,39.58668],[-0.69369,39.60148],[-0.69068,39.60218],[-0.69232,39.60645],[-0.68558,39.6067],[-0.68621,39.61649],[-0.6836,39.62058],[-0.67761,39.62198],[-0.68359,39.62991],[-0.70649,39.65185],[-0.72452,39.65471],[-0.72988,39.65339],[-0.73505,39.64993],[-0.74824,39.61675],[-0.75458,39.59464],[-0.75951,39.59024],[-0.77568,39.55303],[-0.77615,39.55236]]]}},{"type":"Feature","properties":{"mun_code":"46103","mun_name":"Quartell","mun_name_local":null,"prov_code":"46","prov_name":"València","acom_code":"10","acom_name":"Comunitat Valenciana","geo_point_2d":{"lon":-0.23853228132290344,"lat":39.72856053735504}},"geometry":{"type":"MultiPolygon","coordinates":[[[[-0.24352,39.72911],[-0.24511,39.72648],[-0.24896,39.72767],[-0.25163,39.72561],[-0.24541,39.7209],[-0.24474,39.72197],[-0.23912,39.72064],[-0.23245,39.72407],[-0.22242,39.72242],[-0.19699,39.71369],[-0.20171,39.72013],[-0.22313,39.72568],[-0.22472,39.72406],[-0.23532,39.72789],[-0.24065,39.72821],[-0.24352,39.72911]]],[[[-0.25981,39.74353],[-0.27119,39.75045],[-0.27135,39.74508],[-0.26837,39.74275],[-0.26733,39.73572],[-0.26042,39.73218],[-0.25696,39.73581],[-0.26134,39.73902],[-0.26217,39.74131],[-0.26086,39.74263],[-0.25981,39.74353]]]]}},{"type":"Feature","properties":{"mun_code":"46902","mun_name":"Gátova","mun_name_local":null,"prov_code":"46","prov_name":"València","acom_code":"10","acom_name":"Comunitat Valenciana","geo_point_2d":{"lon":-0.5302090587276571,"lat":39.76168290664342}},"geometry":{"type":"Polygon","coordinates":[[[-0.58132,39.75672],[-0.56967,39.75404],[-0.54519,39.75397],[-0.54046,39.75244],[-0.5271,39.75154],[-0.49855,39.73924],[-0.49126,39.72997],[-0.49116,39.72438],[-0.49395,39.71659],[-0.48976,39.70587],[-0.49004,39.7028],[-0.48578,39.70563],[-0.48413,39.71002],[-0.48111,39.71095],[-0.47622,39.7165],[-0.47072,39.72644],[-0.47512,39.73184],[-0.4827,39.73419],[-0.48999,39.74181],[-0.49825,39.74756],[-0.50586,39.75948],[-0.50852,39.77076],[-0.51351,39.77586],[-0.51385,39.77914],[-0.52085,39.78447],[-0.5309,39.79623],[-0.5484,39.79573],[-0.55855,39.79054],[-0.57705,39.7732],[-0.57715,39.76802],[-0.58132,39.75672]]]}},{"type":"Feature","properties":{"mun_code":"46078","mun_name":"Burjassot","mun_name_local":null,"prov_code":"46","prov_name":"València","acom_code":"10","acom_name":"Comunitat Valenciana","geo_point_2d":{"lon":-0.4112203954942462,"lat":39.50809004953592}},"geometry":{"type":"Polygon","coordinates":[[[-0.42414,39.50739],[-0.41135,39.5013],[-0.41246,39.49772],[-0.39739,39.49987],[-0.39702,39.50456],[-0.39923,39.50508],[-0.39696,39.50839],[-0.40105,39.50913],[-0.40112,39.51119],[-0.41121,39.51679],[-0.41141,39.51548],[-0.4131,39.51614],[-0.416,39.52014],[-0.4277,39.511],[-0.42554,39.50855],[-0.42414,39.50739]]]}},{"type":"Feature","properties":{"mun_code":"46161","mun_name":"Marines","mun_name_local":null,"prov_code":"46","prov_name":"València","acom_code":"10","acom_name":"Comunitat Valenciana","geo_point_2d":{"lon":-0.5495846356382749,"lat":39.72386578179078}},"geometry":{"type":"Polygon","coordinates":[[[-0.58814,39.74168],[-0.58258,39.7318],[-0.57613,39.71399],[-0.57505,39.70487],[-0.5753,39.69983],[-0.58385,39.68686],[-0.58658,39.67945],[-0.55809,39.66785],[-0.55665,39.66848],[-0.54847,39.66196],[-0.54631,39.66321],[-0.54722,39.66567],[-0.55166,39.67264],[-0.55496,39.68199],[-0.56824,39.70273],[-0.56948,39.70724],[-0.54638,39.71659],[-0.5399,39.7174],[-0.53615,39.71976],[-0.53189,39.71847],[-0.52382,39.72262],[-0.51809,39.71943],[-0.51514,39.72193],[-0.5122,39.72125],[-0.50168,39.7243],[-0.49863,39.72245],[-0.49701,39.71791],[-0.49395,39.71659],[-0.49116,39.72438],[-0.49126,39.72997],[-0.49855,39.73924],[-0.5271,39.75154],[-0.54046,39.75244],[-0.54519,39.75397],[-0.56967,39.75404],[-0.58132,39.75672],[-0.58429,39.75013],[-0.58814,39.74168]]]}},{"type":"Feature","properties":{"mun_code":"46212","mun_name":"Real","mun_name_local":null,"prov_code":"46","prov_name":"València","acom_code":"10","acom_name":"Comunitat Valenciana","geo_point_2d":{"lon":-0.6225141803422102,"lat":39.31351216980463}},"geometry":{"type":"Polygon","coordinates":[[[-0.68161,39.2941],[-0.65959,39.29128],[-0.63262,39.29946],[-0.59988,39.30573],[-0.59506,39.30978],[-0.59078,39.31009],[-0.58546,39.3165],[-0.58091,39.31856],[-0.58267,39.32488],[-0.58868,39.33094],[-0.59571,39.33214],[-0.60214,39.33691],[-0.60489,39.34256],[-0.60999,39.3433],[-0.61442,39.33062],[-0.64406,39.31279],[-0.65701,39.30745],[-0.67929,39.29544],[-0.68161,39.2941]]]}},{"type":"Feature","properties":{"mun_code":"46207","mun_name":"Rafelbunyol","mun_name_local":null,"prov_code":"46","prov_name":"València","acom_code":"10","acom_name":"Comunitat Valenciana","geo_point_2d":{"lon":-0.347985913474135,"lat":39.59518596533765}},"geometry":{"type":"Polygon","coordinates":[[[-0.37468,39.61434],[-0.36916,39.60546],[-0.36721,39.60501],[-0.36789,39.60005],[-0.33469,39.58343],[-0.32843,39.5813],[-0.32492,39.58258],[-0.3231,39.58742],[-0.32463,39.58877],[-0.33381,39.59301],[-0.33792,39.59347],[-0.35417,39.60378],[-0.36461,39.60764],[-0.37435,39.61436],[-0.37468,39.61434]]]}},{"type":"Feature","properties":{"mun_code":"46126","mun_name":"Foios","mun_name_local":null,"prov_code":"46","prov_name":"València","acom_code":"10","acom_name":"Comunitat Valenciana","geo_point_2d":{"lon":-0.36059048034964586,"lat":39.54518968513116}},"geometry":{"type":"Polygon","coordinates":[[[-0.38383,39.5751],[-0.38623,39.57356],[-0.38587,39.57066],[-0.3732,39.55729],[-0.38244,39.5516],[-0.38091,39.54638],[-0.37688,39.54224],[-0.37394,39.54329],[-0.36617,39.54157],[-0.36624,39.53806],[-0.36252,39.53515],[-0.36233,39.53243],[-0.35419,39.52969],[-0.35067,39.53478],[-0.34596,39.53331],[-0.34344,39.5346],[-0.33046,39.53032],[-0.3273,39.53096],[-0.31452,39.52518],[-0.31264,39.52797],[-0.32373,39.533],[-0.34812,39.53853],[-0.34709,39.5411],[-0.35607,39.54477],[-0.35573,39.54715],[-0.36356,39.55293],[-0.38277,39.57283],[-0.3834,39.57494],[-0.38383,39.5751]]]}},{"type":"Feature","properties":{"mun_code":"46143","mun_name":"Xeraco","mun_name_local":null,"prov_code":"46","prov_name":"València","acom_code":"10","acom_name":"Comunitat Valenciana","geo_point_2d":{"lon":-0.22877029825856243,"lat":39.03678209448549}},"geometry":{"type":"Polygon","coordinates":[[[-0.27532,39.02038],[-0.25852,39.01858],[-0.25716,39.01715],[-0.25305,39.01713],[-0.25037,39.01411],[-0.244,39.01677],[-0.24237,39.02067],[-0.22699,39.02621],[-0.21123,39.0238],[-0.20547,39.02521],[-0.19726,39.03017],[-0.19338,39.03098],[-0.20133,39.04064],[-0.19986,39.04089],[-0.19476,39.04009],[-0.18898,39.03724],[-0.1845,39.03197],[-0.18106,39.03081],[-0.19904,39.0586],[-0.22967,39.05384],[-0.24533,39.04882],[-0.26941,39.02929],[-0.27399,39.02341],[-0.27532,39.02038]]]}},{"type":"Feature","properties":{"mun_code":"46125","mun_name":"Fortaleny","mun_name_local":null,"prov_code":"46","prov_name":"València","acom_code":"10","acom_name":"Comunitat Valenciana","geo_point_2d":{"lon":-0.3166049350901658,"lat":39.177345807273554}},"geometry":{"type":"MultiPolygon","coordinates":[[[[-0.30515,39.1707],[-0.30855,39.16837],[-0.31252,39.16226],[-0.31706,39.16184],[-0.31826,39.16034],[-0.30727,39.15502],[-0.30488,39.16283],[-0.30057,39.16815],[-0.30456,39.1705],[-0.30515,39.1707]]],[[[-0.3074,39.17612],[-0.31264,39.18447],[-0.30777,39.18722],[-0.30784,39.18985],[-0.31763,39.19098],[-0.32441,39.19557],[-0.33141,39.19237],[-0.325,39.18411],[-0.3257,39.1801],[-0.32195,39.17007],[-0.32645,39.16444],[-0.32342,39.1629],[-0.31849,39.16853],[-0.31969,39.16965],[-0.31186,39.1736],[-0.31339,39.17525],[-0.30886,39.17591],[-0.3074,39.17612]]]]}},{"type":"Feature","properties":{"mun_code":"46033","mun_name":"Almiserà","mun_name_local":null,"prov_code":"46","prov_name":"València","acom_code":"10","acom_name":"Comunitat Valenciana","geo_point_2d":{"lon":-0.286817104750201,"lat":38.92581966244095}},"geometry":{"type":"Polygon","coordinates":[[[-0.30729,38.91681],[-0.29472,38.91506],[-0.29051,38.91713],[-0.28653,38.91364],[-0.2816,38.91628],[-0.27846,38.9111],[-0.2759,38.91222],[-0.27403,38.90999],[-0.26788,38.91193],[-0.27438,38.92082],[-0.27199,38.92185],[-0.26923,38.91948],[-0.26104,38.91992],[-0.25967,38.9267],[-0.27237,38.92247],[-0.27688,38.92784],[-0.27626,38.93462],[-0.27912,38.93569],[-0.28128,38.9385],[-0.28712,38.93945],[-0.29152,38.94515],[-0.29964,38.93526],[-0.30377,38.93364],[-0.3033,38.92359],[-0.30729,38.91681]]]}},{"type":"Feature","properties":{"mun_code":"46054","mun_name":"Benetússer","mun_name_local":null,"prov_code":"46","prov_name":"València","acom_code":"10","acom_name":"Comunitat Valenciana","geo_point_2d":{"lon":-0.39786274132220123,"lat":39.42222814738916}},"geometry":{"type":"Polygon","coordinates":[[[-0.40336,39.41892],[-0.39299,39.41713],[-0.39228,39.42319],[-0.39453,39.42605],[-0.4017,39.42793],[-0.40338,39.41993],[-0.40336,39.41892]]]}},{"type":"Feature","properties":{"mun_code":"46169","mun_name":"Mislata","mun_name_local":null,"prov_code":"46","prov_name":"València","acom_code":"10","acom_name":"Comunitat Valenciana","geo_point_2d":{"lon":-0.42146575142352805,"lat":39.476005073739906}},"geometry":{"type":"Polygon","coordinates":[[[-0.43349,39.46702],[-0.42221,39.47],[-0.42217,39.47091],[-0.42014,39.47087],[-0.41816,39.4689],[-0.4157,39.46983],[-0.41482,39.47402],[-0.41676,39.47483],[-0.4158,39.47588],[-0.41106,39.47437],[-0.41322,39.47887],[-0.41037,39.48155],[-0.42217,39.48542],[-0.42462,39.48218],[-0.42374,39.48124],[-0.4295,39.475],[-0.42972,39.47229],[-0.4321,39.47236],[-0.43353,39.46739],[-0.43349,39.46702]]]}},{"type":"Feature","properties":{"mun_code":"46047","mun_name":"Bèlgida","mun_name_local":null,"prov_code":"46","prov_name":"València","acom_code":"10","acom_name":"Comunitat Valenciana","geo_point_2d":{"lon":-0.46361937385943025,"lat":38.86415568167699}},"geometry":{"type":"Polygon","coordinates":[[[-0.4897,38.86819],[-0.48547,38.8575],[-0.46854,38.85588],[-0.47017,38.85223],[-0.46076,38.84302],[-0.46154,38.83616],[-0.45612,38.8273],[-0.44746,38.81969],[-0.44431,38.8205],[-0.44428,38.85172],[-0.44918,38.85335],[-0.45266,38.85781],[-0.45457,38.87209],[-0.45072,38.88401],[-0.45174,38.88935],[-0.44738,38.8898],[-0.44618,38.89232],[-0.45164,38.89546],[-0.45503,38.89491],[-0.45423,38.89842],[-0.46066,38.89692],[-0.46202,38.89784],[-0.4649,38.89462],[-0.47346,38.89256],[-0.47381,38.88569],[-0.48631,38.87889],[-0.48787,38.87395],[-0.49195,38.87167],[-0.489,38.86916],[-0.4897,38.86819]]]}},{"type":"Feature","properties":{"mun_code":"46093","mun_name":"Catadau","mun_name_local":null,"prov_code":"46","prov_name":"València","acom_code":"10","acom_name":"Comunitat Valenciana","geo_point_2d":{"lon":-0.6084561795859202,"lat":39.255361246376914}},"geometry":{"type":"Polygon","coordinates":[[[-0.6902,39.26259],[-0.66273,39.25168],[-0.63667,39.2378],[-0.60211,39.2296],[-0.57222,39.2434],[-0.56579,39.24481],[-0.56045,39.24769],[-0.55682,39.25361],[-0.54035,39.25961],[-0.5484,39.2644],[-0.55839,39.26003],[-0.5621,39.26084],[-0.56321,39.26319],[-0.562,39.26474],[-0.56438,39.26822],[-0.56063,39.27263],[-0.56434,39.27479],[-0.56653,39.27934],[-0.59173,39.27517],[-0.60956,39.27425],[-0.64461,39.26627],[-0.66266,39.26549],[-0.67592,39.26183],[-0.68753,39.26662],[-0.6902,39.26259]]]}},{"type":"Feature","properties":{"mun_code":"46105","mun_name":"Cullera","mun_name_local":null,"prov_code":"46","prov_name":"València","acom_code":"10","acom_name":"Comunitat Valenciana","geo_point_2d":{"lon":-0.2594183509499518,"lat":39.16289426735206}},"geometry":{"type":"MultiPolygon","coordinates":[[[[-0.30057,39.16815],[-0.30488,39.16283],[-0.30884,39.14906],[-0.30668,39.14944],[-0.30677,39.14697],[-0.30249,39.14584],[-0.29605,39.13434],[-0.29367,39.13563],[-0.27118,39.1281],[-0.27278,39.12258],[-0.23569,39.10358],[-0.22191,39.10579],[-0.23138,39.12508],[-0.22983,39.12493],[-0.23152,39.12592],[-0.23065,39.12755],[-0.23232,39.12779],[-0.23484,39.13244],[-0.23408,39.13372],[-0.23707,39.13929],[-0.23557,39.14069],[-0.23864,39.14318],[-0.23924,39.14963],[-0.23822,39.15079],[-0.23599,39.15046],[-0.23822,39.15167],[-0.23345,39.15123],[-0.23893,39.15193],[-0.24094,39.16714],[-0.23901,39.17539],[-0.23536,39.17961],[-0.23093,39.18036],[-0.22901,39.17818],[-0.22828,39.18092],[-0.22398,39.18017],[-0.2216,39.18142],[-0.22003,39.18012],[-0.21628,39.18634],[-0.22213,39.18835],[-0.24475,39.22538],[-0.26391,39.21525],[-0.27503,39.20368],[-0.28393,39.18215],[-0.28078,39.18014],[-0.28029,39.17476],[-0.28415,39.17222],[-0.28935,39.17696],[-0.29451,39.17349],[-0.29376,39.17209],[-0.28548,39.16966],[-0.28775,39.16508],[-0.29729,39.16403],[-0.30002,39.16674],[-0.30057,39.16815]]]]}},{"type":"Feature","properties":{"mun_code":"46198","mun_name":"Potries","mun_name_local":null,"prov_code":"46","prov_name":"València","acom_code":"10","acom_name":"Comunitat Valenciana","geo_point_2d":{"lon":-0.19029845651982996,"lat":38.914740835692946}},"geometry":{"type":"Polygon","coordinates":[[[-0.20475,38.91077],[-0.20356,38.90932],[-0.19724,38.91086],[-0.1844,38.90485],[-0.18312,38.90381],[-0.18524,38.90274],[-0.1844,38.90182],[-0.1822,38.90092],[-0.17969,38.90167],[-0.18125,38.90738],[-0.17911,38.90907],[-0.18346,38.91669],[-0.18426,38.92588],[-0.19255,38.92331],[-0.19946,38.92502],[-0.19877,38.92173],[-0.19488,38.92003],[-0.19839,38.91697],[-0.20349,38.91513],[-0.2038,38.91389],[-0.20183,38.91317],[-0.20391,38.91124],[-0.20475,38.91077]]]}},{"type":"Feature","properties":{"mun_code":"46903","mun_name":"San Antonio de Benagéber","mun_name_local":null,"prov_code":"46","prov_name":"València","acom_code":"10","acom_name":"Comunitat Valenciana","geo_point_2d":{"lon":-0.49598637478609525,"lat":39.56221463601151}},"geometry":{"type":"Polygon","coordinates":[[[-0.52159,39.57613],[-0.51869,39.57485],[-0.51858,39.57321],[-0.50972,39.56898],[-0.51242,39.56269],[-0.50153,39.56079],[-0.50681,39.55227],[-0.50206,39.54846],[-0.49775,39.54742],[-0.49257,39.54369],[-0.48829,39.54551],[-0.48019,39.54525],[-0.4795,39.54396],[-0.4775,39.54467],[-0.47929,39.54709],[-0.47523,39.54898],[-0.47879,39.55151],[-0.47303,39.55074],[-0.47203,39.55303],[-0.47477,39.55812],[-0.48188,39.56298],[-0.48158,39.57065],[-0.48998,39.56973],[-0.49568,39.57464],[-0.50079,39.5725],[-0.50671,39.57715],[-0.5102,39.58538],[-0.5175,39.58506],[-0.5164,39.58326],[-0.52102,39.57645],[-0.52159,39.57613]]]}},{"type":"Feature","properties":{"mun_code":"46055","mun_name":"Beniarjó","mun_name_local":null,"prov_code":"46","prov_name":"València","acom_code":"10","acom_name":"Comunitat Valenciana","geo_point_2d":{"lon":-0.19152878269970586,"lat":38.93439306628625}},"geometry":{"type":"Polygon","coordinates":[[[-0.21084,38.93735],[-0.2071,38.93181],[-0.209,38.92997],[-0.19617,38.92835],[-0.19464,38.92943],[-0.18072,38.92892],[-0.18102,38.93244],[-0.17041,38.94035],[-0.17504,38.94094],[-0.18755,38.93952],[-0.18875,38.93827],[-0.20062,38.93629],[-0.20785,38.93863],[-0.20978,38.93745],[-0.21084,38.93735]]]}},{"type":"Feature","properties":{"mun_code":"46092","mun_name":"Castielfabib","mun_name_local":null,"prov_code":"46","prov_name":"València","acom_code":"10","acom_name":"Comunitat Valenciana","geo_point_2d":{"lon":-1.3357747558128696,"lat":40.128526906078285}},"geometry":{"type":"Polygon","coordinates":[[[-1.44886,40.14534],[-1.45724,40.13506],[-1.45621,40.13095],[-1.44357,40.1186],[-1.42932,40.11359],[-1.4102,40.1045],[-1.39702,40.0905],[-1.38954,40.08648],[-1.36669,40.08011],[-1.36379,40.08044],[-1.36019,40.0838],[-1.34712,40.08765],[-1.32093,40.09289],[-1.3023,40.09364],[-1.27151,40.09225],[-1.27285,40.09396],[-1.26888,40.09855],[-1.26912,40.10395],[-1.27325,40.11252],[-1.26187,40.11345],[-1.25726,40.10995],[-1.25704,40.10807],[-1.25317,40.10796],[-1.25267,40.11295],[-1.25996,40.11648],[-1.26133,40.12009],[-1.25301,40.12516],[-1.25064,40.123],[-1.24618,40.12669],[-1.2457,40.12969],[-1.2494,40.13511],[-1.24599,40.13858],[-1.24732,40.14048],[-1.24606,40.14105],[-1.24589,40.14539],[-1.2443,40.14597],[-1.24573,40.14708],[-1.25242,40.1433],[-1.27654,40.16222],[-1.27669,40.16728],[-1.28434,40.1715],[-1.287,40.1819],[-1.29674,40.19923],[-1.29308,40.20692],[-1.29823,40.21168],[-1.29711,40.20952],[-1.30077,40.20639],[-1.31096,40.20391],[-1.31499,40.20137],[-1.32299,40.18486],[-1.32256,40.17163],[-1.31729,40.16412],[-1.31706,40.16082],[-1.31948,40.15618],[-1.31659,40.14966],[-1.31972,40.14639],[-1.33606,40.14215],[-1.3399,40.13888],[-1.34737,40.13552],[-1.3546,40.12947],[-1.35854,40.12899],[-1.3623,40.13013],[-1.3645,40.13343],[-1.36366,40.13861],[-1.37125,40.13865],[-1.3777,40.14024],[-1.39356,40.13436],[-1.40458,40.13917],[-1.41174,40.1408],[-1.42239,40.14234],[-1.43186,40.13927],[-1.44758,40.14452],[-1.44886,40.14534]]]}},{"type":"Feature","properties":{"mun_code":"46069","mun_name":"Benissuera","mun_name_local":null,"prov_code":"46","prov_name":"València","acom_code":"10","acom_name":"Comunitat Valenciana","geo_point_2d":{"lon":-0.4814136033586721,"lat":38.908439844593346}},"geometry":{"type":"Polygon","coordinates":[[[-0.49114,38.91205],[-0.49095,38.90402],[-0.48704,38.9024],[-0.4857,38.90002],[-0.48268,38.89968],[-0.47944,38.90128],[-0.47356,38.90903],[-0.47066,38.91047],[-0.47008,38.91361],[-0.47179,38.91564],[-0.47973,38.91603],[-0.48815,38.91155],[-0.49114,38.91205]]]}},{"type":"Feature","properties":{"mun_code":"46189","mun_name":"el Palomar","mun_name_local":null,"prov_code":"46","prov_name":"València","acom_code":"10","acom_name":"Comunitat Valenciana","geo_point_2d":{"lon":-0.49084385081112714,"lat":38.853296907705484}},"geometry":{"type":"MultiPolygon","coordinates":[[[[-0.46159,38.82828],[-0.46616,38.83206],[-0.46905,38.8314],[-0.4734,38.83733],[-0.48192,38.83663],[-0.47819,38.82938],[-0.46681,38.81874],[-0.46136,38.81046],[-0.46062,38.81486],[-0.45354,38.81728],[-0.45572,38.82083],[-0.46429,38.8273],[-0.46249,38.82791],[-0.46159,38.82828]]],[[[-0.51677,38.89495],[-0.51928,38.89588],[-0.51946,38.89395],[-0.50458,38.86017],[-0.50882,38.85784],[-0.50886,38.85165],[-0.50699,38.84985],[-0.50048,38.84833],[-0.49627,38.84978],[-0.49591,38.85123],[-0.4937,38.85054],[-0.48374,38.85683],[-0.48547,38.8575],[-0.4897,38.86819],[-0.49693,38.86548],[-0.49676,38.8674],[-0.49925,38.86758],[-0.49968,38.87223],[-0.51153,38.876],[-0.51042,38.87879],[-0.50798,38.87946],[-0.50899,38.88308],[-0.50463,38.88626],[-0.50805,38.88969],[-0.51337,38.89192],[-0.50985,38.89312],[-0.51193,38.89541],[-0.51528,38.89459],[-0.51677,38.89495]]]]}},{"type":"Feature","properties":{"mun_code":"46123","mun_name":"Favara","mun_name_local":null,"prov_code":"46","prov_name":"València","acom_code":"10","acom_name":"Comunitat Valenciana","geo_point_2d":{"lon":-0.2995377384623893,"lat":39.118409643847194}},"geometry":{"type":"Polygon","coordinates":[[[-0.32473,39.1119],[-0.30472,39.09912],[-0.29814,39.10136],[-0.28735,39.11614],[-0.27445,39.12343],[-0.27278,39.12258],[-0.27118,39.1281],[-0.29367,39.13563],[-0.30317,39.129],[-0.31065,39.12718],[-0.31862,39.12254],[-0.32451,39.11228],[-0.32473,39.1119]]]}},{"type":"Feature","properties":{"mun_code":"46223","mun_name":"Sedaví","mun_name_local":null,"prov_code":"46","prov_name":"València","acom_code":"10","acom_name":"Comunitat Valenciana","geo_point_2d":{"lon":-0.37616135775072984,"lat":39.42394897935131}},"geometry":{"type":"Polygon","coordinates":[[[-0.39106,39.42673],[-0.38726,39.42546],[-0.38767,39.42319],[-0.37922,39.42171],[-0.3748,39.41884],[-0.37216,39.42206],[-0.35807,39.41476],[-0.35331,39.4155],[-0.3571,39.41951],[-0.36411,39.42014],[-0.37151,39.42381],[-0.37177,39.42615],[-0.37831,39.42776],[-0.38504,39.43187],[-0.38824,39.43309],[-0.38948,39.43043],[-0.39106,39.42673]]]}},{"type":"Feature","properties":{"mun_code":"46237","mun_name":"Tavernes Blanques","mun_name_local":null,"prov_code":"46","prov_name":"València","acom_code":"10","acom_name":"Comunitat Valenciana","geo_point_2d":{"lon":-0.36436679202261374,"lat":39.50734932504027}},"geometry":{"type":"Polygon","coordinates":[[[-0.36661,39.51263],[-0.37229,39.50946],[-0.36771,39.50449],[-0.36168,39.50199],[-0.35638,39.50756],[-0.36413,39.5112],[-0.36661,39.51263]]]}},{"type":"Feature","properties":{"mun_code":"46028","mun_name":"Algar de Palancia","mun_name_local":null,"prov_code":"46","prov_name":"València","acom_code":"10","acom_name":"Comunitat Valenciana","geo_point_2d":{"lon":-0.363931434443613,"lat":39.7857548550009}},"geometry":{"type":"Polygon","coordinates":[[[-0.3918,39.77989],[-0.38586,39.77644],[-0.38694,39.76918],[-0.38207,39.76962],[-0.37879,39.76683],[-0.37107,39.77103],[-0.36728,39.76979],[-0.3676,39.76724],[-0.35857,39.76608],[-0.35506,39.76972],[-0.35531,39.77316],[-0.34804,39.77851],[-0.34212,39.78795],[-0.32855,39.79746],[-0.32826,39.80148],[-0.33851,39.80016],[-0.35001,39.80095],[-0.35739,39.79974],[-0.37792,39.79988],[-0.38276,39.79419],[-0.38881,39.79008],[-0.39152,39.78137],[-0.3918,39.77989]]]}},{"type":"Feature","properties":{"mun_code":"46116","mun_name":"l'Eliana","mun_name_local":null,"prov_code":"46","prov_name":"València","acom_code":"10","acom_name":"Comunitat Valenciana","geo_point_2d":{"lon":-0.525931368153461,"lat":39.56238222099083}},"geometry":{"type":"Polygon","coordinates":[[[-0.55442,39.56058],[-0.54882,39.55765],[-0.53747,39.55602],[-0.52478,39.55127],[-0.51415,39.54234],[-0.50153,39.56079],[-0.51242,39.56269],[-0.50972,39.56898],[-0.51858,39.57321],[-0.51869,39.57485],[-0.52907,39.5806],[-0.53351,39.5777],[-0.53503,39.57857],[-0.53897,39.57485],[-0.5378,39.57415],[-0.53875,39.57194],[-0.54431,39.56624],[-0.54976,39.56562],[-0.55319,39.56184],[-0.55442,39.56058]]]}},{"type":"Feature","properties":{"mun_code":"46239","mun_name":"Teresa de Cofrentes","mun_name_local":null,"prov_code":"46","prov_name":"València","acom_code":"10","acom_name":"Comunitat Valenciana","geo_point_2d":{"lon":-0.982386738707278,"lat":39.11165575085889}},"geometry":{"type":"Polygon","coordinates":[[[-1.07079,39.11526],[-1.06091,39.1016],[-1.05669,39.09978],[-1.05559,39.09478],[-1.04826,39.09509],[-1.04388,39.09372],[-1.04182,39.08741],[-1.05428,39.08078],[-1.05679,39.07745],[-1.04986,39.07688],[-1.05042,39.07465],[-1.04689,39.07134],[-1.04626,39.0675],[-1.0435,39.06686],[-1.03202,39.06868],[-1.02373,39.06726],[-1.00168,39.06875],[-0.99425,39.06532],[-0.98894,39.06591],[-0.97835,39.06412],[-0.96432,39.06553],[-0.95401,39.06801],[-0.95001,39.07352],[-0.93654,39.07387],[-0.93536,39.07462],[-0.93593,39.078],[-0.93364,39.08039],[-0.9262,39.0836],[-0.92313,39.0832],[-0.92209,39.08512],[-0.91096,39.08676],[-0.90869,39.08829],[-0.90898,39.09214],[-0.90572,39.09349],[-0.90583,39.09697],[-0.9156,39.10659],[-0.91662,39.11225],[-0.91322,39.1176],[-0.91675,39.13088],[-0.91376,39.13557],[-0.91332,39.14744],[-0.919,39.15118],[-0.92298,39.15206],[-0.92301,39.1535],[-0.9255,39.15294],[-0.92584,39.15436],[-0.93377,39.15733],[-0.93301,39.159],[-0.93824,39.159],[-0.94137,39.16199],[-0.94325,39.16102],[-0.95477,39.16537],[-0.95962,39.16953],[-0.96487,39.16736],[-0.96825,39.16781],[-0.97194,39.16314],[-0.98733,39.15861],[-0.99042,39.15265],[-1.01322,39.14208],[-1.05025,39.13038],[-1.05501,39.1275],[-1.07044,39.12219],[-1.07039,39.11579],[-1.07079,39.11526]]]}},{"type":"Feature","properties":{"mun_code":"46128","mun_name":"la Font de la Figuera","mun_name_local":null,"prov_code":"46","prov_name":"València","acom_code":"10","acom_name":"Comunitat Valenciana","geo_point_2d":{"lon":-0.8924140410959305,"lat":38.82572454039859}},"geometry":{"type":"Polygon","coordinates":[[[-0.92914,38.78365],[-0.91532,38.78137],[-0.91772,38.77604],[-0.91369,38.76967],[-0.90512,38.76724],[-0.8877,38.7692],[-0.88539,38.77162],[-0.88252,38.77189],[-0.86197,38.77122],[-0.86005,38.76901],[-0.8527,38.77428],[-0.84894,38.7808],[-0.84062,38.78503],[-0.83232,38.79419],[-0.83553,38.79549],[-0.83227,38.80084],[-0.83468,38.80443],[-0.84582,38.81021],[-0.8507,38.81082],[-0.85102,38.81359],[-0.85796,38.81847],[-0.86501,38.82616],[-0.86369,38.82913],[-0.85831,38.82895],[-0.85568,38.83259],[-0.85246,38.83359],[-0.85059,38.83574],[-0.85133,38.83903],[-0.85367,38.8431],[-0.86166,38.84836],[-0.86579,38.86079],[-0.87039,38.86555],[-0.86935,38.86754],[-0.8713,38.86937],[-0.87565,38.87001],[-0.87401,38.87375],[-0.88072,38.87699],[-0.87979,38.87839],[-0.89048,38.88765],[-0.90066,38.89367],[-0.90045,38.898],[-0.9024,38.90015],[-0.90987,38.89622],[-0.92432,38.89159],[-0.9271,38.88472],[-0.93138,38.87949],[-0.93199,38.86799],[-0.93001,38.86344],[-0.93516,38.85563],[-0.93061,38.82984],[-0.92449,38.82377],[-0.92745,38.81577],[-0.93306,38.81087],[-0.93405,38.79363],[-0.92938,38.78706],[-0.92914,38.78365]]]}},{"type":"Feature","properties":{"mun_code":"46210","mun_name":"Ráfol de Salem","mun_name_local":null,"prov_code":"46","prov_name":"València","acom_code":"10","acom_name":"Comunitat Valenciana","geo_point_2d":{"lon":-0.4087766523316408,"lat":38.864656984775806}},"geometry":{"type":"Polygon","coordinates":[[[-0.42315,38.87849],[-0.42147,38.8752],[-0.42284,38.87162],[-0.4221,38.86648],[-0.41829,38.86634],[-0.41389,38.85741],[-0.40833,38.85321],[-0.40587,38.85427],[-0.40504,38.85151],[-0.40671,38.84858],[-0.40531,38.84231],[-0.40098,38.84263],[-0.40337,38.84414],[-0.40379,38.84934],[-0.39974,38.85485],[-0.40088,38.8576],[-0.3999,38.85945],[-0.39335,38.86136],[-0.39548,38.86747],[-0.39702,38.8698],[-0.40075,38.87132],[-0.40355,38.87016],[-0.40678,38.87329],[-0.41003,38.87285],[-0.41007,38.87495],[-0.41574,38.87833],[-0.42235,38.87882],[-0.42315,38.87849]]]}},{"type":"Feature","properties":{"mun_code":"46102","mun_name":"Quart de Poblet","mun_name_local":null,"prov_code":"46","prov_name":"València","acom_code":"10","acom_name":"Comunitat Valenciana","geo_point_2d":{"lon":-0.49563796944633515,"lat":39.47229162849976}},"geometry":{"type":"Polygon","coordinates":[[[-0.55256,39.47044],[-0.55073,39.44925],[-0.54314,39.45106],[-0.52669,39.45075],[-0.5133,39.46034],[-0.4883,39.47356],[-0.48395,39.47463],[-0.45324,39.47657],[-0.45135,39.4779],[-0.45127,39.47653],[-0.44636,39.47433],[-0.444,39.47143],[-0.44007,39.47117],[-0.43978,39.46428],[-0.43349,39.46702],[-0.4321,39.47236],[-0.42972,39.47229],[-0.4295,39.475],[-0.42156,39.48575],[-0.42652,39.48803],[-0.43116,39.48635],[-0.43205,39.48765],[-0.43654,39.48718],[-0.43577,39.48929],[-0.44534,39.49292],[-0.44966,39.49163],[-0.44642,39.48803],[-0.44917,39.48477],[-0.50087,39.48264],[-0.51412,39.48275],[-0.5269,39.48452],[-0.52627,39.48091],[-0.5293,39.47078],[-0.54317,39.46984],[-0.55214,39.47113],[-0.55256,39.47044]]]}},{"type":"Feature","properties":{"mun_code":"46151","mun_name":"Llocnou d'En Fenollet","mun_name_local":null,"prov_code":"46","prov_name":"València","acom_code":"10","acom_name":"Comunitat Valenciana","geo_point_2d":{"lon":-0.4698757899312865,"lat":39.010086474892255}},"geometry":{"type":"MultiPolygon","coordinates":[[[[-0.46949,39.01895],[-0.47912,39.01498],[-0.474,39.01082],[-0.47287,39.00874],[-0.47475,39.00677],[-0.4722,39.00469],[-0.46912,39.00756],[-0.46949,39.00569],[-0.46463,39.00643],[-0.46312,39.0055],[-0.46903,39.00388],[-0.46737,39.00228],[-0.46902,39.00096],[-0.46439,39.00289],[-0.46444,39.00416],[-0.4597,39.00461],[-0.46149,39.00749],[-0.46398,39.00735],[-0.46257,39.00864],[-0.4691,39.0188],[-0.46949,39.01895]],[[-0.47331,39.00757],[-0.47175,39.00818],[-0.47282,39.00712],[-0.47331,39.00757]]],[[[-0.47411,38.99779],[-0.47248,38.99635],[-0.47344,38.99805],[-0.47411,38.99779]]],[[[-0.472,38.99856],[-0.47197,38.99737],[-0.47177,38.99862],[-0.472,38.99856]]],[[[-0.47486,39.01039],[-0.47566,39.01111],[-0.47861,39.00921],[-0.47795,39.00853],[-0.47538,39.01003],[-0.47486,39.01039]]],[[[-0.47398,39.00599],[-0.47479,39.00489],[-0.47321,39.0045],[-0.47385,39.00586],[-0.47398,39.00599]]],[[[-0.47658,39.00212],[-0.47915,39.00117],[-0.47681,39.00121],[-0.47658,39.00212]]],[[[-0.46919,39.0013],[-0.47203,38.99953],[-0.46996,39.00006],[-0.46919,39.0013]]],[[[-0.4741,39.00069],[-0.47621,39.00147],[-0.47326,38.99981],[-0.4741,39.00069]]],[[[-0.47658,39.00212],[-0.47588,39.00346],[-0.4765,39.0024],[-0.47658,39.00212]]]]}},{"type":"Feature","properties":{"mun_code":"46101","mun_name":"Quart de les Valls","mun_name_local":null,"prov_code":"46","prov_name":"València","acom_code":"10","acom_name":"Comunitat Valenciana","geo_point_2d":{"lon":-0.2888414416020193,"lat":39.74469214954784}},"geometry":{"type":"Polygon","coordinates":[[[-0.2882,39.73073],[-0.27879,39.73439],[-0.26444,39.73494],[-0.26733,39.73572],[-0.268,39.74177],[-0.27135,39.74508],[-0.27119,39.75045],[-0.27371,39.7551],[-0.27857,39.75622],[-0.28213,39.75539],[-0.29378,39.75984],[-0.30384,39.75396],[-0.30896,39.7539],[-0.31065,39.75153],[-0.31095,39.74822],[-0.30664,39.74166],[-0.30118,39.73356],[-0.29668,39.73053],[-0.2882,39.73073]]]}},{"type":"Feature","properties":{"mun_code":"46183","mun_name":"l'Olleria","mun_name_local":null,"prov_code":"46","prov_name":"València","acom_code":"10","acom_name":"Comunitat Valenciana","geo_point_2d":{"lon":-0.5449659329208509,"lat":38.91459517468331}},"geometry":{"type":"Polygon","coordinates":[[[-0.58212,38.92255],[-0.57696,38.91978],[-0.57408,38.91633],[-0.5759,38.91214],[-0.57515,38.90538],[-0.57656,38.89775],[-0.57923,38.89149],[-0.57831,38.88384],[-0.56867,38.88146],[-0.56519,38.88386],[-0.5582,38.88216],[-0.55895,38.88647],[-0.5555,38.88784],[-0.54885,38.88793],[-0.54226,38.88559],[-0.53899,38.88724],[-0.53577,38.89279],[-0.52943,38.88955],[-0.52523,38.89433],[-0.52088,38.89595],[-0.51677,38.89495],[-0.51526,38.9004],[-0.50963,38.9092],[-0.51385,38.91067],[-0.5189,38.91565],[-0.51369,38.91776],[-0.51465,38.91926],[-0.50704,38.91981],[-0.50725,38.93093],[-0.51282,38.93128],[-0.5184,38.93485],[-0.52089,38.93995],[-0.53055,38.95012],[-0.56288,38.93735],[-0.56558,38.93389],[-0.56892,38.93348],[-0.57178,38.93139],[-0.57349,38.92584],[-0.57643,38.92369],[-0.58172,38.92284],[-0.58212,38.92255]]]}},{"type":"Feature","properties":{"mun_code":"46245","mun_name":"Torres Torres","mun_name_local":null,"prov_code":"46","prov_name":"València","acom_code":"10","acom_name":"Comunitat Valenciana","geo_point_2d":{"lon":-0.3833363299755724,"lat":39.731716484473154}},"geometry":{"type":"Polygon","coordinates":[[[-0.44509,39.7189],[-0.43913,39.71737],[-0.42695,39.71701],[-0.41509,39.71886],[-0.40835,39.71856],[-0.40757,39.72154],[-0.40046,39.72797],[-0.38689,39.72762],[-0.37797,39.72927],[-0.37224,39.72683],[-0.36549,39.72966],[-0.3555,39.72759],[-0.34305,39.73373],[-0.33895,39.73421],[-0.33156,39.72956],[-0.33039,39.73813],[-0.33539,39.73879],[-0.33539,39.74485],[-0.33698,39.74611],[-0.34281,39.74508],[-0.34825,39.74823],[-0.35134,39.74697],[-0.35352,39.74799],[-0.35966,39.74717],[-0.35777,39.74465],[-0.3602,39.74468],[-0.36898,39.74034],[-0.38508,39.73571],[-0.39418,39.73479],[-0.40434,39.73042],[-0.40767,39.73098],[-0.41051,39.72873],[-0.4176,39.72661],[-0.42381,39.72915],[-0.42582,39.72851],[-0.43629,39.73131],[-0.43939,39.73007],[-0.44079,39.72571],[-0.44509,39.7189]]]}},{"type":"Feature","properties":{"mun_code":"46121","mun_name":"Estubeny","mun_name_local":null,"prov_code":"46","prov_name":"València","acom_code":"10","acom_name":"Comunitat Valenciana","geo_point_2d":{"lon":-0.6168788105650225,"lat":39.01719988345237}},"geometry":{"type":"Polygon","coordinates":[[[-0.62579,39.00193],[-0.61651,39.00612],[-0.61241,39.0061],[-0.60208,39.00911],[-0.60408,39.01206],[-0.60011,39.01265],[-0.59935,39.01613],[-0.59586,39.01779],[-0.60407,39.02525],[-0.61642,39.02769],[-0.62142,39.03005],[-0.63191,39.02897],[-0.63313,39.0269],[-0.62907,39.01703],[-0.62988,39.00596],[-0.62648,39.00233],[-0.62579,39.00193]]]}},{"type":"Feature","properties":{"mun_code":"46027","mun_name":"Alfarrasí","mun_name_local":null,"prov_code":"46","prov_name":"València","acom_code":"10","acom_name":"Comunitat Valenciana","geo_point_2d":{"lon":-0.5024455785752405,"lat":38.906440573274246}},"geometry":{"type":"Polygon","coordinates":[[[-0.51677,38.89495],[-0.51232,38.89559],[-0.50828,38.89146],[-0.50532,38.89094],[-0.50269,38.89208],[-0.4979,38.89066],[-0.49365,38.89366],[-0.48975,38.89964],[-0.4857,38.90002],[-0.48704,38.9024],[-0.49111,38.90425],[-0.49081,38.91168],[-0.49261,38.91367],[-0.49128,38.92319],[-0.49804,38.92162],[-0.50007,38.91789],[-0.50126,38.92074],[-0.50628,38.91967],[-0.50817,38.92745],[-0.50704,38.91981],[-0.51465,38.91926],[-0.51369,38.91776],[-0.5189,38.91565],[-0.51385,38.91067],[-0.50963,38.9092],[-0.51732,38.89608],[-0.51677,38.89495]]]}},{"type":"Feature","properties":{"mun_code":"46099","mun_name":"Cortes de Pallás","mun_name_local":null,"prov_code":"46","prov_name":"València","acom_code":"10","acom_name":"Comunitat Valenciana","geo_point_2d":{"lon":-0.9386539271284473,"lat":39.249339296844745}},"geometry":{"type":"Polygon","coordinates":[[[-1.05932,39.31554],[-1.03791,39.29632],[-1.03325,39.28483],[-1.03302,39.27559],[-1.02357,39.26134],[-1.01087,39.24899],[-1.00607,39.23003],[-0.99678,39.20975],[-0.98006,39.18376],[-0.97867,39.18235],[-0.97622,39.18252],[-0.97502,39.17826],[-0.97017,39.17634],[-0.95477,39.16537],[-0.94325,39.16102],[-0.94137,39.16199],[-0.93824,39.159],[-0.93301,39.159],[-0.93377,39.15733],[-0.92584,39.15436],[-0.9255,39.15294],[-0.92301,39.1535],[-0.92298,39.15206],[-0.92045,39.15116],[-0.90938,39.15828],[-0.89123,39.16414],[-0.88783,39.16854],[-0.86438,39.16706],[-0.84576,39.17095],[-0.85679,39.18046],[-0.86765,39.19727],[-0.86419,39.19937],[-0.86732,39.20006],[-0.87029,39.20411],[-0.87563,39.21591],[-0.87683,39.22472],[-0.84502,39.23241],[-0.82749,39.24817],[-0.82667,39.25187],[-0.81966,39.25652],[-0.8177,39.26051],[-0.80754,39.26573],[-0.8081,39.26796],[-0.81294,39.26983],[-0.81442,39.27295],[-0.82404,39.27114],[-0.83502,39.27385],[-0.83912,39.27684],[-0.83699,39.279],[-0.83776,39.28048],[-0.8478,39.282],[-0.85014,39.28494],[-0.85385,39.28365],[-0.85123,39.27921],[-0.85316,39.2748],[-0.86151,39.27534],[-0.86645,39.27187],[-0.87433,39.27363],[-0.87779,39.27306],[-0.88192,39.27692],[-0.88684,39.27424],[-0.88811,39.27134],[-0.89013,39.27569],[-0.88923,39.28776],[-0.89291,39.29169],[-0.89971,39.31008],[-0.9278,39.31552],[-0.94473,39.32289],[-0.94627,39.32462],[-0.96003,39.32967],[-0.96556,39.33047],[-0.96784,39.33297],[-0.97346,39.33531],[-0.98355,39.33664],[-0.99221,39.33998],[-0.99548,39.34036],[-1.01322,39.33025],[-1.02861,39.32375],[-1.05877,39.31561],[-1.05932,39.31554]]]}},{"type":"Feature","properties":{"mun_code":"46216","mun_name":"Rocafort","mun_name_local":null,"prov_code":"46","prov_name":"València","acom_code":"10","acom_name":"Comunitat Valenciana","geo_point_2d":{"lon":-0.4133309613461963,"lat":39.53605368556684}},"geometry":{"type":"Polygon","coordinates":[[[-0.42951,39.55405],[-0.42192,39.53803],[-0.42115,39.53923],[-0.41552,39.5363],[-0.41352,39.52832],[-0.40917,39.52655],[-0.40515,39.52237],[-0.3961,39.52272],[-0.40176,39.52885],[-0.40755,39.53076],[-0.41112,39.53644],[-0.41143,39.54012],[-0.41568,39.54573],[-0.4286,39.5536],[-0.42951,39.55405]]]}},{"type":"Feature","properties":{"mun_code":"46131","mun_name":"Gandia","mun_name_local":null,"prov_code":"46","prov_name":"València","acom_code":"10","acom_name":"Comunitat Valenciana","geo_point_2d":{"lon":-0.21535583616725232,"lat":38.98433880317228}},"geometry":{"type":"Polygon","coordinates":[[[-0.29608,38.96679],[-0.29077,38.96447],[-0.2885,38.96564],[-0.28518,38.96508],[-0.27751,38.96841],[-0.23896,38.96284],[-0.23448,38.96125],[-0.22118,38.96085],[-0.2214,38.95568],[-0.22022,38.95515],[-0.21799,38.95523],[-0.2153,38.9578],[-0.20925,38.95756],[-0.20663,38.95868],[-0.19563,38.9559],[-0.18267,38.95528],[-0.18042,38.95206],[-0.17663,38.95064],[-0.17526,38.95318],[-0.17205,38.9517],[-0.17307,38.95059],[-0.17142,38.94976],[-0.16807,38.95142],[-0.16848,38.95286],[-0.1669,38.95365],[-0.15881,38.95306],[-0.15748,38.95459],[-0.15424,38.95349],[-0.14647,38.95651],[-0.1481,38.95861],[-0.15026,38.95624],[-0.15619,38.95716],[-0.15389,38.96038],[-0.15907,38.96279],[-0.15653,38.96506],[-0.16032,38.96372],[-0.16151,38.96446],[-0.16406,38.96233],[-0.16625,38.96382],[-0.16247,38.96836],[-0.15864,38.97038],[-0.15884,38.97292],[-0.15645,38.97427],[-0.15915,38.9785],[-0.14701,38.98339],[-0.15052,38.98985],[-0.15271,38.99023],[-0.14698,38.99444],[-0.14889,38.99295],[-0.15181,38.99562],[-0.16111,38.99242],[-0.16084,38.99321],[-0.15296,38.99683],[-0.15589,38.99665],[-0.15628,38.99814],[-0.14427,38.99512],[-0.15618,38.9984],[-0.18106,39.03081],[-0.1845,39.03197],[-0.18798,39.03664],[-0.19749,39.04098],[-0.20104,39.04073],[-0.18184,39.01742],[-0.19543,39.00557],[-0.21171,38.99954],[-0.21891,39.00176],[-0.2231,39.00068],[-0.22631,39.00188],[-0.23241,39.00147],[-0.23756,38.99932],[-0.24163,39.00042],[-0.24762,38.99918],[-0.25282,39.00006],[-0.26272,39.00711],[-0.2686,39.00943],[-0.27535,39.00195],[-0.27589,38.99825],[-0.28261,38.99819],[-0.29449,38.99243],[-0.29513,38.99076],[-0.29238,38.98746],[-0.29611,38.97002],[-0.29608,38.96679]],[[-0.19173,38.95824],[-0.19302,38.9595],[-0.20102,38.96033],[-0.19784,38.96503],[-0.18959,38.96227],[-0.19149,38.9591],[-0.19173,38.95824]]]}},{"type":"Feature","properties":{"mun_code":"46236","mun_name":"Sumacàrcer","mun_name_local":null,"prov_code":"46","prov_name":"València","acom_code":"10","acom_name":"Comunitat Valenciana","geo_point_2d":{"lon":-0.6330370548186662,"lat":39.08625887459671}},"geometry":{"type":"Polygon","coordinates":[[[-0.66459,39.10707],[-0.66041,39.10254],[-0.65711,39.09537],[-0.66065,39.08663],[-0.65135,39.07726],[-0.62879,39.0594],[-0.61197,39.0602],[-0.59766,39.06808],[-0.59658,39.07137],[-0.59939,39.07272],[-0.60014,39.07476],[-0.59657,39.08142],[-0.59808,39.08486],[-0.60122,39.08719],[-0.60369,39.08691],[-0.60339,39.08244],[-0.60659,39.08159],[-0.61263,39.08816],[-0.61976,39.08692],[-0.62622,39.09085],[-0.62838,39.09324],[-0.62456,39.09779],[-0.62473,39.09959],[-0.63084,39.10264],[-0.63324,39.09972],[-0.63538,39.10007],[-0.6356,39.11181],[-0.64211,39.11665],[-0.6464,39.11695],[-0.64704,39.12224],[-0.65135,39.12097],[-0.65714,39.11684],[-0.66144,39.11085],[-0.66459,39.10707]]]}},{"type":"Feature","properties":{"mun_code":"46035","mun_name":"Almussafes","mun_name_local":null,"prov_code":"46","prov_name":"València","acom_code":"10","acom_name":"Comunitat Valenciana","geo_point_2d":{"lon":-0.4114562225204502,"lat":39.29701129661414}},"geometry":{"type":"Polygon","coordinates":[[[-0.42617,39.33038],[-0.42524,39.32101],[-0.42164,39.30971],[-0.42479,39.30597],[-0.41893,39.29548],[-0.41959,39.28836],[-0.41709,39.28734],[-0.41645,39.28381],[-0.41402,39.28226],[-0.41433,39.2573],[-0.40832,39.25999],[-0.40608,39.26337],[-0.40197,39.26468],[-0.40292,39.26946],[-0.39662,39.27821],[-0.39873,39.2784],[-0.39775,39.28369],[-0.40171,39.28548],[-0.39989,39.2883],[-0.40001,39.29486],[-0.40318,39.29843],[-0.40216,39.3023],[-0.40659,39.31202],[-0.40568,39.32568],[-0.42544,39.3303],[-0.42617,39.33038]]]}},{"type":"Feature","properties":{"mun_code":"46122","mun_name":"Faura","mun_name_local":null,"prov_code":"46","prov_name":"València","acom_code":"10","acom_name":"Comunitat Valenciana","geo_point_2d":{"lon":-0.2582282842143593,"lat":39.72786620637534}},"geometry":{"type":"Polygon","coordinates":[[[-0.26482,39.73478],[-0.26148,39.72862],[-0.27377,39.72389],[-0.27176,39.72098],[-0.2674,39.72389],[-0.26524,39.72298],[-0.26477,39.72457],[-0.26092,39.72277],[-0.2553,39.72273],[-0.256,39.72684],[-0.24887,39.7228],[-0.25163,39.72561],[-0.24896,39.72767],[-0.24511,39.72648],[-0.24391,39.72811],[-0.24352,39.72911],[-0.25073,39.73101],[-0.25696,39.73581],[-0.26042,39.73218],[-0.26444,39.73494],[-0.26482,39.73478]]]}},{"type":"Feature","properties":{"mun_code":"46024","mun_name":"Alfara de la Baronia","mun_name_local":null,"prov_code":"46","prov_name":"València","acom_code":"10","acom_name":"Comunitat Valenciana","geo_point_2d":{"lon":-0.3468360436515177,"lat":39.7712447133993}},"geometry":{"type":"Polygon","coordinates":[[[-0.38898,39.7687],[-0.38438,39.76375],[-0.38431,39.75934],[-0.38263,39.7572],[-0.37237,39.75858],[-0.36512,39.75714],[-0.36157,39.75943],[-0.3599,39.75871],[-0.35918,39.75524],[-0.35527,39.75553],[-0.35257,39.75158],[-0.34624,39.75121],[-0.3423,39.75662],[-0.32127,39.77623],[-0.31828,39.78383],[-0.31951,39.78865],[-0.32441,39.78931],[-0.32751,39.79259],[-0.32855,39.79746],[-0.33015,39.79725],[-0.34212,39.78795],[-0.34804,39.77851],[-0.35531,39.77316],[-0.35506,39.76972],[-0.35857,39.76608],[-0.3676,39.76724],[-0.36728,39.76979],[-0.37107,39.77103],[-0.37879,39.76683],[-0.38207,39.76962],[-0.38813,39.76886],[-0.38898,39.7687]]]}},{"type":"Feature","properties":{"mun_code":"46904","mun_name":"Benicull de Xúquer","mun_name_local":null,"prov_code":"46","prov_name":"València","acom_code":"10","acom_name":"Comunitat Valenciana","geo_point_2d":{"lon":-0.38753140876528497,"lat":39.18507082548167}},"geometry":{"type":"Polygon","coordinates":[[[-0.40495,39.18396],[-0.39658,39.18144],[-0.39217,39.1762],[-0.37481,39.17884],[-0.37405,39.18383],[-0.37277,39.18418],[-0.37476,39.18839],[-0.37179,39.18822],[-0.37177,39.18908],[-0.38464,39.18998],[-0.38762,39.19458],[-0.39037,39.1944],[-0.39888,39.19073],[-0.40412,39.18413],[-0.40495,39.18396]]]}},{"type":"Feature","properties":{"mun_code":"46104","mun_name":"Quatretonda","mun_name_local":null,"prov_code":"46","prov_name":"València","acom_code":"10","acom_name":"Comunitat Valenciana","geo_point_2d":{"lon":-0.3852455939863428,"lat":38.96929586377769}},"geometry":{"type":"Polygon","coordinates":[[[-0.44715,38.92014],[-0.4341,38.92313],[-0.4256,38.92286],[-0.41765,38.92466],[-0.40332,38.92113],[-0.40247,38.91399],[-0.39141,38.91191],[-0.38344,38.94698],[-0.375,38.95698],[-0.36793,38.96032],[-0.35846,38.97014],[-0.35503,38.97012],[-0.35084,38.97241],[-0.35263,38.97464],[-0.35083,38.98258],[-0.33962,38.995],[-0.33015,38.99912],[-0.32161,39.00036],[-0.33131,39.00653],[-0.35839,39.00782],[-0.35905,39.01226],[-0.36556,39.01291],[-0.37367,39.01707],[-0.37726,39.01676],[-0.37634,39.01868],[-0.38008,39.02157],[-0.39592,38.99945],[-0.40394,38.98429],[-0.396,38.98438],[-0.3931,38.98135],[-0.41071,38.96609],[-0.41544,38.96441],[-0.4219,38.95866],[-0.4244,38.95074],[-0.42187,38.94829],[-0.42388,38.94709],[-0.42443,38.94401],[-0.42251,38.93891],[-0.42378,38.93422],[-0.44674,38.92035],[-0.44715,38.92014]]]}},{"type":"Feature","properties":{"mun_code":"46096","mun_name":"Cerdà","mun_name_local":null,"prov_code":"46","prov_name":"València","acom_code":"10","acom_name":"Comunitat Valenciana","geo_point_2d":{"lon":-0.5959206512970499,"lat":38.98566392265351}},"geometry":{"type":"MultiPolygon","coordinates":[[[[-0.55969,38.98012],[-0.56322,38.97907],[-0.56134,38.97697],[-0.56133,38.97941],[-0.55969,38.98012]]],[[[-0.59867,38.98283],[-0.5947,38.98265],[-0.59563,38.98511],[-0.59853,38.98366],[-0.59867,38.98283]]],[[[-0.56919,38.98317],[-0.56637,38.98566],[-0.57282,38.98801],[-0.5763,38.98746],[-0.57636,38.98534],[-0.57389,38.98488],[-0.57559,38.98455],[-0.56964,38.98202],[-0.56919,38.98317]]],[[[-0.59935,38.99086],[-0.60109,38.99152],[-0.5994,38.99008],[-0.59935,38.99086]]],[[[-0.58933,38.99239],[-0.59049,38.99433],[-0.5914,38.99313],[-0.58975,38.99221],[-0.58933,38.99239]]],[[[-0.58249,38.99068],[-0.58397,38.99069],[-0.58193,38.98956],[-0.58245,38.99048],[-0.58249,38.99068]]],[[[-0.5877,38.99111],[-0.58851,38.99015],[-0.58654,38.99095],[-0.5877,38.99111]]],[[[-0.58404,38.99409],[-0.58615,38.99232],[-0.58413,38.99078],[-0.58411,38.9926],[-0.583,38.99162],[-0.58136,38.99262],[-0.58371,38.99442],[-0.58404,38.99409]]],[[[-0.60381,38.98231],[-0.59936,38.98261],[-0.5992,38.98383],[-0.60357,38.98309],[-0.60406,38.98531],[-0.6075,38.9865],[-0.60562,38.98703],[-0.60958,38.98753],[-0.61221,38.98644],[-0.61008,38.98547],[-0.6119,38.98495],[-0.63185,38.98693],[-0.62997,38.98538],[-0.62965,38.9863],[-0.6227,38.98448],[-0.62183,38.98255],[-0.62193,38.98439],[-0.62055,38.98394],[-0.6195,38.9819],[-0.61455,38.9837],[-0.60568,38.98363],[-0.60452,38.98263],[-0.60381,38.98231]]],[[[-0.58832,38.98683],[-0.58974,38.98461],[-0.58854,38.98446],[-0.58844,38.98136],[-0.58853,38.98596],[-0.58832,38.98683]]],[[[-0.58714,38.9862],[-0.58678,38.98326],[-0.58633,38.98635],[-0.58449,38.98625],[-0.58722,38.98764],[-0.58766,38.9861],[-0.58714,38.9862]]],[[[-0.5906,38.98548],[-0.58883,38.98828],[-0.58992,38.98841],[-0.5906,38.98548]]],[[[-0.59399,38.98938],[-0.59518,38.98553],[-0.59381,38.98464],[-0.59122,38.98549],[-0.59041,38.98848],[-0.59314,38.9873],[-0.59345,38.98927],[-0.59399,38.98938]]],[[[-0.57858,38.98658],[-0.58253,38.98929],[-0.58406,38.9877],[-0.57888,38.98579],[-0.57858,38.98658]]],[[[-0.58787,38.98802],[-0.58719,38.98924],[-0.58812,38.98812],[-0.58787,38.98802]]]]}},{"type":"Feature","properties":{"mun_code":"46023","mun_name":"Alfauir","mun_name_local":null,"prov_code":"46","prov_name":"València","acom_code":"10","acom_name":"Comunitat Valenciana","geo_point_2d":{"lon":-0.24640805285048592,"lat":38.929971503492304}},"geometry":{"type":"Polygon","coordinates":[[[-0.26104,38.91992],[-0.25636,38.91971],[-0.24797,38.90911],[-0.24574,38.90939],[-0.23898,38.91479],[-0.23651,38.9207],[-0.23432,38.92173],[-0.23513,38.92337],[-0.23331,38.92376],[-0.23554,38.92473],[-0.23952,38.9308],[-0.23787,38.93447],[-0.23722,38.94738],[-0.24531,38.95209],[-0.24941,38.95247],[-0.25112,38.95022],[-0.25626,38.9491],[-0.24968,38.93965],[-0.25125,38.93748],[-0.24491,38.934],[-0.24913,38.93105],[-0.2547,38.93089],[-0.25808,38.92902],[-0.26105,38.92173],[-0.26104,38.91992]]]}},{"type":"Feature","properties":{"mun_code":"46146","mun_name":"Xeresa","mun_name_local":null,"prov_code":"46","prov_name":"València","acom_code":"10","acom_name":"Comunitat Valenciana","geo_point_2d":{"lon":-0.2258185137874103,"lat":39.013180242686374}},"geometry":{"type":"Polygon","coordinates":[[[-0.28077,39.01535],[-0.27269,39.01066],[-0.26272,39.00711],[-0.2524,38.99987],[-0.2467,38.99915],[-0.24102,39.0004],[-0.23811,38.99925],[-0.23241,39.00147],[-0.22631,39.00188],[-0.2231,39.00068],[-0.21891,39.00176],[-0.21171,38.99954],[-0.20797,39.00163],[-0.19779,39.00394],[-0.18184,39.01742],[-0.19338,39.03098],[-0.19726,39.03017],[-0.20547,39.02521],[-0.21123,39.0238],[-0.22699,39.02621],[-0.24237,39.02067],[-0.244,39.01677],[-0.25037,39.01411],[-0.25305,39.01713],[-0.25716,39.01715],[-0.25852,39.01858],[-0.27499,39.02045],[-0.27539,39.01841],[-0.27955,39.01562],[-0.28077,39.01535]]]}},{"type":"Feature","properties":{"mun_code":"46233","mun_name":"Sollana","mun_name_local":null,"prov_code":"46","prov_name":"València","acom_code":"10","acom_name":"Comunitat Valenciana","geo_point_2d":{"lon":-0.37710233041157665,"lat":39.28134008075001}},"geometry":{"type":"Polygon","coordinates":[[[-0.41433,39.2573],[-0.41343,39.24307],[-0.41135,39.24234],[-0.40276,39.24191],[-0.39491,39.24326],[-0.38325,39.24132],[-0.37082,39.244],[-0.36446,39.24838],[-0.35779,39.24687],[-0.35617,39.2531],[-0.35761,39.25909],[-0.3531,39.26302],[-0.35337,39.27395],[-0.35057,39.27604],[-0.34997,39.27882],[-0.34711,39.27917],[-0.34568,39.28612],[-0.34163,39.28923],[-0.33959,39.29513],[-0.34307,39.29592],[-0.34256,39.29742],[-0.33637,39.30056],[-0.33823,39.30196],[-0.334,39.30555],[-0.33298,39.31567],[-0.33408,39.31725],[-0.33582,39.3146],[-0.33717,39.3163],[-0.34755,39.3154],[-0.35025,39.31104],[-0.35593,39.31226],[-0.35919,39.30677],[-0.36469,39.30516],[-0.36782,39.30775],[-0.37604,39.30756],[-0.37751,39.31011],[-0.38008,39.31109],[-0.37679,39.31227],[-0.38153,39.31665],[-0.38473,39.31761],[-0.39081,39.31511],[-0.39178,39.32304],[-0.39449,39.3233],[-0.39561,39.32626],[-0.40568,39.32568],[-0.40659,39.31202],[-0.40216,39.3023],[-0.40318,39.29843],[-0.40001,39.29486],[-0.39989,39.2883],[-0.40171,39.28548],[-0.39775,39.28369],[-0.39873,39.2784],[-0.39662,39.27821],[-0.40292,39.26946],[-0.40197,39.26468],[-0.40608,39.26337],[-0.40832,39.25999],[-0.41193,39.25814],[-0.41433,39.2573]]]}},{"type":"Feature","properties":{"mun_code":"46152","mun_name":"Llocnou de la Corona","mun_name_local":null,"prov_code":"46","prov_name":"València","acom_code":"10","acom_name":"Comunitat Valenciana","geo_point_2d":{"lon":-0.3819676937039984,"lat":39.420584396015464}},"geometry":{"type":"Polygon","coordinates":[[[-0.38143,39.42067],[-0.38248,39.42111],[-0.38147,39.42028],[-0.38143,39.42067]]]}},{"type":"Feature","properties":{"mun_code":"46132","mun_name":"el Genovés","mun_name_local":null,"prov_code":"46","prov_name":"València","acom_code":"10","acom_name":"Comunitat Valenciana","geo_point_2d":{"lon":-0.4650627641112737,"lat":38.98591830499934}},"geometry":{"type":"MultiPolygon","coordinates":[[[[-0.5282,38.96625],[-0.52591,38.96606],[-0.52577,38.96769],[-0.52814,38.96739],[-0.5282,38.96625]]],[[[-0.52225,38.97055],[-0.52393,38.97203],[-0.5238,38.96829],[-0.52105,38.97067],[-0.52225,38.97055]]],[[[-0.45971,39.00443],[-0.46444,39.00416],[-0.46439,39.00289],[-0.46902,39.00096],[-0.46737,39.00228],[-0.46935,39.00427],[-0.46708,39.00538],[-0.46949,39.00569],[-0.46912,39.00756],[-0.4722,39.00469],[-0.47398,39.00599],[-0.47326,38.99981],[-0.47621,39.00147],[-0.47822,39.00065],[-0.4766,38.9972],[-0.47866,38.99601],[-0.47963,39.00005],[-0.48089,38.99966],[-0.48023,38.99511],[-0.48297,38.99492],[-0.48537,38.99302],[-0.48653,38.98709],[-0.48847,38.98712],[-0.49022,38.98488],[-0.48228,38.98409],[-0.4818,38.9829],[-0.49021,38.9817],[-0.49339,38.97957],[-0.49117,38.97692],[-0.49278,38.97459],[-0.50314,38.97443],[-0.49439,38.97148],[-0.49528,38.96968],[-0.50006,38.96882],[-0.49528,38.96771],[-0.49513,38.96477],[-0.47594,38.96876],[-0.46662,38.97174],[-0.45724,38.97663],[-0.44844,38.97668],[-0.43855,38.98057],[-0.43352,38.98016],[-0.43234,38.99162],[-0.43577,38.99927],[-0.44111,39.00071],[-0.4425,39.00309],[-0.44967,39.00069],[-0.45839,39.00255],[-0.45971,39.00443]],[[-0.46919,39.0013],[-0.47203,38.99953],[-0.46929,39.00145],[-0.46919,39.0013]],[[-0.47411,38.99779],[-0.47248,38.99635],[-0.47393,38.99674],[-0.47411,38.99779]],[[-0.47101,39.00173],[-0.4713,39.0009],[-0.47271,39.00311],[-0.47169,39.00357],[-0.47122,39.00231],[-0.47101,39.00173]],[[-0.472,38.99856],[-0.47115,38.99757],[-0.47238,38.99834],[-0.472,38.99856]]],[[[-0.49499,38.98478],[-0.49594,38.98281],[-0.49496,38.98463],[-0.49499,38.98478]]],[[[-0.50527,38.98454],[-0.50545,38.98587],[-0.50901,38.9863],[-0.50736,38.98423],[-0.50587,38.9846],[-0.50527,38.98454]]],[[[-0.50442,38.97182],[-0.50558,38.97253],[-0.50595,38.97135],[-0.50402,38.97173],[-0.50442,38.97182]]],[[[-0.51284,38.97],[-0.51337,38.9692],[-0.51125,38.96938],[-0.51259,38.96974],[-0.51284,38.97]]],[[[-0.51326,38.97132],[-0.51354,38.97272],[-0.5138,38.97126],[-0.51326,38.97132]]]]}},{"type":"Feature","properties":{"mun_code":"46200","mun_name":"la Pobla del Duc","mun_name_local":null,"prov_code":"46","prov_name":"València","acom_code":"10","acom_name":"Comunitat Valenciana","geo_point_2d":{"lon":-0.4237338735857027,"lat":38.90523179079236}},"geometry":{"type":"Polygon","coordinates":[[[-0.46624,38.91246],[-0.46636,38.91103],[-0.46239,38.90782],[-0.46191,38.90499],[-0.45865,38.905],[-0.4573,38.90172],[-0.45374,38.90217],[-0.45115,38.89845],[-0.44184,38.89924],[-0.43943,38.89571],[-0.44618,38.89232],[-0.44675,38.88975],[-0.44512,38.88785],[-0.44649,38.88678],[-0.44056,38.88529],[-0.43936,38.8803],[-0.43679,38.88145],[-0.43139,38.88097],[-0.43037,38.87929],[-0.42716,38.88066],[-0.42764,38.87894],[-0.4259,38.87848],[-0.42344,38.88847],[-0.42074,38.88841],[-0.4213,38.89208],[-0.40958,38.89588],[-0.40583,38.88757],[-0.40355,38.89162],[-0.40614,38.89624],[-0.40436,38.8966],[-0.4056,38.90023],[-0.39511,38.89959],[-0.37839,38.90405],[-0.38032,38.91211],[-0.3821,38.91304],[-0.39141,38.91191],[-0.40184,38.91374],[-0.40288,38.92085],[-0.41765,38.92466],[-0.4256,38.92286],[-0.4341,38.92313],[-0.44778,38.91997],[-0.44737,38.91199],[-0.46561,38.91239],[-0.46624,38.91246]]]}},{"type":"Feature","properties":{"mun_code":"46032","mun_name":"Almàssera","mun_name_local":null,"prov_code":"46","prov_name":"València","acom_code":"10","acom_name":"Comunitat Valenciana","geo_point_2d":{"lon":-0.35037551662277844,"lat":39.514154614309874}},"geometry":{"type":"Polygon","coordinates":[[[-0.36413,39.5112],[-0.35523,39.50702],[-0.34816,39.5058],[-0.34454,39.51091],[-0.33857,39.51095],[-0.33583,39.51498],[-0.3392,39.51595],[-0.33884,39.51882],[-0.35132,39.5227],[-0.36133,39.51668],[-0.36377,39.51184],[-0.36413,39.5112]]]}},{"type":"Feature","properties":{"mun_code":"46184","mun_name":"Ontinyent","mun_name_local":null,"prov_code":"46","prov_name":"València","acom_code":"10","acom_name":"Comunitat Valenciana","geo_point_2d":{"lon":-0.6552011079824058,"lat":38.81269541387299}},"geometry":{"type":"Polygon","coordinates":[[[-0.73199,38.75626],[-0.73603,38.75359],[-0.73329,38.7517],[-0.72221,38.75367],[-0.71871,38.75089],[-0.71212,38.74973],[-0.6898,38.75655],[-0.67173,38.76652],[-0.62878,38.78068],[-0.61308,38.78932],[-0.58023,38.80087],[-0.5676,38.80171],[-0.5602,38.80412],[-0.58502,38.86789],[-0.59882,38.86364],[-0.60875,38.86297],[-0.61222,38.86397],[-0.62515,38.86073],[-0.63674,38.86078],[-0.64248,38.85916],[-0.64617,38.86353],[-0.64919,38.86474],[-0.67028,38.85911],[-0.68794,38.85002],[-0.69145,38.85062],[-0.69103,38.8487],[-0.70121,38.84381],[-0.72114,38.83678],[-0.72252,38.82112],[-0.7278,38.80126],[-0.72932,38.79807],[-0.73382,38.79676],[-0.73213,38.79483],[-0.73339,38.79336],[-0.73274,38.78929],[-0.73834,38.78821],[-0.7337,38.77984],[-0.73433,38.76221],[-0.73294,38.75906],[-0.73199,38.75626]]]}},{"type":"Feature","properties":{"mun_code":"46056","mun_name":"Beniatjar","mun_name_local":null,"prov_code":"46","prov_name":"València","acom_code":"10","acom_name":"Comunitat Valenciana","geo_point_2d":{"lon":-0.4229685811194539,"lat":38.85133570099326}},"geometry":{"type":"Polygon","coordinates":[[[-0.43936,38.8803],[-0.43831,38.87168],[-0.43659,38.87054],[-0.4374,38.86734],[-0.4349,38.86512],[-0.43625,38.86198],[-0.43311,38.8509],[-0.4361,38.84191],[-0.43153,38.82655],[-0.40407,38.83312],[-0.40435,38.83892],[-0.4008,38.84088],[-0.40098,38.84263],[-0.40531,38.84231],[-0.40671,38.84858],[-0.4055,38.85372],[-0.40647,38.85458],[-0.40833,38.85321],[-0.41389,38.85741],[-0.41829,38.86634],[-0.4221,38.86648],[-0.4225,38.87805],[-0.42764,38.87894],[-0.42716,38.88066],[-0.43037,38.87929],[-0.43139,38.88097],[-0.43679,38.88145],[-0.43881,38.88051],[-0.43936,38.8803]]]}},{"type":"Feature","properties":{"mun_code":"46057","mun_name":"Benicolet","mun_name_local":null,"prov_code":"46","prov_name":"València","acom_code":"10","acom_name":"Comunitat Valenciana","geo_point_2d":{"lon":-0.33112444457747187,"lat":38.91934742807504}},"geometry":{"type":"Polygon","coordinates":[[[-0.37044,38.9046],[-0.36323,38.90132],[-0.35442,38.90902],[-0.35031,38.90922],[-0.34612,38.90717],[-0.34072,38.90662],[-0.33513,38.90927],[-0.33217,38.90835],[-0.33041,38.90959],[-0.3191,38.90737],[-0.31092,38.90791],[-0.30986,38.90989],[-0.31152,38.91249],[-0.3033,38.92359],[-0.30377,38.93364],[-0.31995,38.93044],[-0.32141,38.92918],[-0.32624,38.93378],[-0.34033,38.93695],[-0.33972,38.93342],[-0.34565,38.928],[-0.34277,38.92768],[-0.33854,38.92452],[-0.33959,38.92203],[-0.34672,38.92333],[-0.35764,38.92022],[-0.3609,38.91298],[-0.35756,38.90916],[-0.36862,38.90507],[-0.37044,38.9046]]]}},{"type":"Feature","properties":{"mun_code":"46034","mun_name":"Almoines","mun_name_local":null,"prov_code":"46","prov_name":"València","acom_code":"10","acom_name":"Comunitat Valenciana","geo_point_2d":{"lon":-0.1798055860659972,"lat":38.94525100185339}},"geometry":{"type":"Polygon","coordinates":[[[-0.18755,38.93952],[-0.17504,38.94094],[-0.17041,38.94035],[-0.1667,38.94235],[-0.16794,38.94646],[-0.17283,38.94767],[-0.17205,38.9517],[-0.17526,38.95318],[-0.17663,38.95064],[-0.18042,38.95206],[-0.18267,38.95528],[-0.18445,38.95038],[-0.18276,38.946],[-0.19066,38.94707],[-0.19349,38.94473],[-0.19283,38.94163],[-0.1895,38.94035],[-0.18755,38.93952]]]}},{"type":"Feature","properties":{"mun_code":"46180","mun_name":"Novelé","mun_name_local":"Novetlè","prov_code":"46","prov_name":"València","acom_code":"10","acom_name":"Comunitat Valenciana","geo_point_2d":{"lon":-0.5506146879488334,"lat":38.97840889938622}},"geometry":{"type":"MultiPolygon","coordinates":[[[[-0.55903,38.981],[-0.55654,38.97782],[-0.55449,38.97824],[-0.55376,38.97708],[-0.55692,38.97425],[-0.5596,38.97674],[-0.55585,38.96975],[-0.54817,38.9734],[-0.54153,38.97904],[-0.54334,38.98441],[-0.54706,38.98259],[-0.54911,38.98486],[-0.55161,38.98534],[-0.55478,38.98407],[-0.55605,38.98177],[-0.55903,38.981]]],[[[-0.5467,38.98746],[-0.54748,38.98861],[-0.54714,38.98719],[-0.5467,38.98746]]]]}},{"type":"Feature","properties":{"mun_code":"46137","mun_name":"la Granja de la Costera","mun_name_local":null,"prov_code":"46","prov_name":"València","acom_code":"10","acom_name":"Comunitat Valenciana","geo_point_2d":{"lon":-0.5584975410841441,"lat":38.99114363907636}},"geometry":{"type":"MultiPolygon","coordinates":[[[[-0.55893,38.98023],[-0.55832,38.97915],[-0.55835,38.98034],[-0.55893,38.98023]]],[[[-0.56836,38.98075],[-0.56879,38.97962],[-0.56741,38.9802],[-0.56836,38.98075]]],[[[-0.56062,38.9834],[-0.56477,38.98117],[-0.56823,38.98302],[-0.56964,38.98202],[-0.5674,38.9816],[-0.56425,38.9783],[-0.55903,38.981],[-0.55969,38.98179],[-0.56062,38.9834]]],[[[-0.54472,38.99511],[-0.54581,38.99437],[-0.5441,38.99414],[-0.54472,38.99511]]],[[[-0.55052,39.0061],[-0.54861,39.00683],[-0.55096,39.00595],[-0.55052,39.0061]]],[[[-0.54971,38.99569],[-0.54858,38.99577],[-0.55097,38.99454],[-0.54828,38.99448],[-0.54721,38.9957],[-0.54865,38.99685],[-0.55051,38.99628],[-0.54971,38.99569]]],[[[-0.55144,38.99744],[-0.55045,38.997],[-0.55154,38.99863],[-0.5534,38.99773],[-0.55171,38.99807],[-0.55144,38.99744]]],[[[-0.5549,38.99036],[-0.55224,38.99047],[-0.55488,38.9921],[-0.55606,38.99097],[-0.5549,38.99036]]],[[[-0.55317,38.99381],[-0.55436,38.99324],[-0.55215,38.99324],[-0.55317,38.99381]]],[[[-0.54926,38.99367],[-0.55215,38.99324],[-0.54961,38.99315],[-0.54926,38.99367]]],[[[-0.56081,38.99881],[-0.56069,38.99604],[-0.56381,38.99527],[-0.56186,38.9946],[-0.56033,38.99051],[-0.55915,38.99191],[-0.55655,38.99123],[-0.55309,38.99526],[-0.55744,38.9989],[-0.55837,38.99733],[-0.56017,38.9974],[-0.5604,38.99974],[-0.56081,38.99881]]]]}},{"type":"Feature","properties":{"mun_code":"46145","mun_name":"Xàtiva","mun_name_local":null,"prov_code":"46","prov_name":"València","acom_code":"10","acom_name":"Comunitat Valenciana","geo_point_2d":{"lon":-0.5118155284625905,"lat":39.00271788138148}},"geometry":{"type":"MultiPolygon","coordinates":[[[[-0.49124,38.96527],[-0.49513,38.96477],[-0.49528,38.96771],[-0.49997,38.96842],[-0.49786,38.97001],[-0.49528,38.96968],[-0.49439,38.97148],[-0.50314,38.97443],[-0.49278,38.97459],[-0.49117,38.97692],[-0.49339,38.97957],[-0.49021,38.9817],[-0.4818,38.9829],[-0.48228,38.98409],[-0.49022,38.98488],[-0.48847,38.98712],[-0.48653,38.98709],[-0.48537,38.99302],[-0.48297,38.99492],[-0.48023,38.99511],[-0.48089,38.99966],[-0.47963,39.00005],[-0.47866,38.99601],[-0.47658,38.99877],[-0.47915,39.00117],[-0.47658,39.00212],[-0.47443,39.00054],[-0.47284,39.00133],[-0.474,39.00278],[-0.47304,39.00421],[-0.47497,39.00546],[-0.47287,39.00874],[-0.47912,39.01498],[-0.46949,39.01895],[-0.47188,39.02172],[-0.46745,39.02351],[-0.47024,39.02949],[-0.47762,39.03519],[-0.48127,39.03996],[-0.48645,39.03743],[-0.49251,39.03854],[-0.49449,39.04031],[-0.49622,39.03739],[-0.49596,39.03979],[-0.49972,39.04499],[-0.50589,39.04558],[-0.51106,39.04942],[-0.50933,39.04552],[-0.51362,39.04444],[-0.51419,39.04274],[-0.5187,39.04224],[-0.52045,39.03976],[-0.52274,39.04049],[-0.52616,39.03914],[-0.52707,39.03469],[-0.52494,39.03137],[-0.52488,39.02572],[-0.52195,39.02348],[-0.52464,39.02278],[-0.52105,39.01366],[-0.53093,39.01094],[-0.53506,39.0153],[-0.53386,39.01028],[-0.53628,39.01188],[-0.54193,39.01253],[-0.54933,39.02117],[-0.55267,39.02039],[-0.55468,39.01777],[-0.55439,39.01448],[-0.55229,39.01484],[-0.55335,39.01722],[-0.55097,39.01675],[-0.55122,39.01325],[-0.55262,39.0128],[-0.55029,39.0117],[-0.54872,39.0138],[-0.54988,39.01165],[-0.54634,39.01094],[-0.5446,39.00714],[-0.54695,39.01048],[-0.54718,39.00831],[-0.54891,39.01048],[-0.54789,39.00779],[-0.55185,39.00732],[-0.55119,39.00634],[-0.54735,39.00757],[-0.54627,39.00604],[-0.54763,39.00717],[-0.55052,39.0061],[-0.54906,39.00391],[-0.5465,39.00455],[-0.55093,39.00306],[-0.54667,39.00019],[-0.55242,38.99929],[-0.55491,38.99766],[-0.55154,38.99863],[-0.55045,38.997],[-0.55373,38.99622],[-0.55259,38.99554],[-0.55185,38.99657],[-0.5512,38.99544],[-0.5533,38.99436],[-0.55215,38.99324],[-0.5505,38.99427],[-0.54851,38.99343],[-0.54623,38.99421],[-0.54579,38.99326],[-0.54707,38.99007],[-0.54472,38.98848],[-0.54727,38.98887],[-0.54628,38.9859],[-0.54914,38.98716],[-0.54823,38.98551],[-0.5504,38.98654],[-0.55126,38.98539],[-0.55009,38.98445],[-0.54988,38.98565],[-0.54706,38.98259],[-0.54334,38.98441],[-0.54153,38.97904],[-0.54817,38.9734],[-0.55585,38.96975],[-0.5596,38.97674],[-0.55692,38.97425],[-0.55376,38.97708],[-0.55449,38.97824],[-0.55654,38.97782],[-0.55893,38.98023],[-0.56227,38.97879],[-0.56134,38.97697],[-0.56322,38.97907],[-0.56524,38.97804],[-0.56776,38.97944],[-0.57088,38.97881],[-0.57189,38.97665],[-0.56876,38.97633],[-0.56874,38.97517],[-0.57089,38.96785],[-0.57298,38.96857],[-0.57488,38.96742],[-0.5762,38.9642],[-0.57428,38.96137],[-0.57244,38.96245],[-0.57216,38.95844],[-0.56811,38.95448],[-0.56271,38.95228],[-0.55266,38.94177],[-0.53055,38.95012],[-0.52862,38.94838],[-0.52529,38.94889],[-0.5196,38.95129],[-0.51784,38.9539],[-0.50977,38.95614],[-0.50781,38.95907],[-0.5014,38.96188],[-0.49994,38.95908],[-0.49598,38.95935],[-0.49291,38.96076],[-0.49058,38.9649],[-0.49124,38.96527]],[[-0.47658,39.00212],[-0.47588,39.00346],[-0.47556,39.00248],[-0.47658,39.00212]],[[-0.54971,38.99569],[-0.55051,38.99628],[-0.54865,38.99685],[-0.54721,38.9957],[-0.54828,38.99448],[-0.55097,38.99454],[-0.54974,38.99559],[-0.54971,38.99569]],[[-0.54734,39.0035],[-0.54572,39.00325],[-0.5483,39.00253],[-0.54724,39.00328],[-0.54734,39.0035]],[[-0.54472,38.99511],[-0.54488,38.99392],[-0.5459,38.99484],[-0.54472,38.99511]],[[-0.54259,39.00569],[-0.54398,39.00511],[-0.54291,39.00611],[-0.54259,39.00569]],[[-0.5282,38.96625],[-0.52814,38.96739],[-0.52577,38.96769],[-0.52591,38.96606],[-0.5282,38.96625]],[[-0.52225,38.97055],[-0.521,38.96996],[-0.5238,38.96829],[-0.52467,38.97121],[-0.52275,38.97199],[-0.52225,38.97055]],[[-0.51284,38.97],[-0.51125,38.96938],[-0.51337,38.9692],[-0.51318,38.97006],[-0.51284,38.97]],[[-0.50527,38.98454],[-0.50736,38.98423],[-0.50901,38.9863],[-0.50545,38.98587],[-0.50509,38.98467],[-0.50527,38.98454]],[[-0.50442,38.97182],[-0.50595,38.97135],[-0.50463,38.97228],[-0.50442,38.97182]],[[-0.49499,38.98478],[-0.49594,38.98281],[-0.49536,38.98454],[-0.49499,38.98478]],[[-0.47486,39.01039],[-0.47795,39.00853],[-0.47861,39.00921],[-0.47566,39.01111],[-0.47486,39.01039]]],[[[-0.50705,38.93306],[-0.51201,38.94411],[-0.52134,38.94165],[-0.51762,38.93425],[-0.51167,38.93182],[-0.5074,38.93244],[-0.50705,38.93306]]],[[[-0.59041,38.98848],[-0.59122,38.98549],[-0.58992,38.98841],[-0.59041,38.98848]]],[[[-0.59399,38.98938],[-0.59274,38.99012],[-0.59492,38.98969],[-0.59399,38.98938]]],[[[-0.58844,38.98136],[-0.58714,38.9862],[-0.58802,38.9844],[-0.58844,38.98136]]],[[[-0.59235,38.99146],[-0.59285,38.99311],[-0.59257,38.99157],[-0.59235,38.99146]]],[[[-0.58933,38.99239],[-0.5914,38.99313],[-0.59174,38.99129],[-0.59035,38.9903],[-0.589,38.99161],[-0.58654,38.99095],[-0.58835,38.9882],[-0.58608,38.99021],[-0.58734,38.98771],[-0.58577,38.99015],[-0.58206,38.99119],[-0.58414,38.99183],[-0.58413,38.99078],[-0.58925,38.99388],[-0.5884,38.9918],[-0.58933,38.99239]]],[[[-0.56112,38.98997],[-0.56244,38.99232],[-0.56335,38.99167],[-0.56193,38.99066],[-0.56112,38.98997]]],[[[-0.38154,39.05733],[-0.38584,39.05837],[-0.39144,39.05669],[-0.41421,39.06808],[-0.43188,39.07141],[-0.43492,39.05167],[-0.42575,39.05201],[-0.4145,39.04807],[-0.40744,39.03987],[-0.40731,39.04297],[-0.38305,39.03835],[-0.37421,39.04641],[-0.37433,39.05027],[-0.37865,39.05316],[-0.38154,39.05733]]],[[[-0.46257,39.00864],[-0.46359,39.00683],[-0.46204,39.00819],[-0.46257,39.00864]]],[[[-0.62828,39.00062],[-0.63142,38.99875],[-0.63607,38.98828],[-0.63998,38.98794],[-0.64483,38.98502],[-0.64373,38.98071],[-0.63228,38.98162],[-0.62889,38.98012],[-0.62591,38.98196],[-0.61251,38.97857],[-0.605,38.9785],[-0.60522,38.97978],[-0.60266,38.98149],[-0.60541,38.98359],[-0.61455,38.9837],[-0.6195,38.9819],[-0.62055,38.98394],[-0.62193,38.98439],[-0.62183,38.98255],[-0.6227,38.98448],[-0.62965,38.9863],[-0.62997,38.98538],[-0.63185,38.98693],[-0.61156,38.98496],[-0.61008,38.98547],[-0.61221,38.98644],[-0.60958,38.98753],[-0.60562,38.98703],[-0.6075,38.9865],[-0.60321,38.98527],[-0.60098,38.98608],[-0.60371,38.98722],[-0.60347,38.98923],[-0.60141,38.98858],[-0.59738,38.98971],[-0.59515,38.99138],[-0.59398,38.995],[-0.5969,38.99459],[-0.59972,38.99217],[-0.60403,38.99207],[-0.60477,38.99082],[-0.60848,38.99318],[-0.60491,38.99352],[-0.60763,38.9942],[-0.61719,38.9956],[-0.61778,38.99446],[-0.62488,38.99606],[-0.62747,38.99517],[-0.62833,39.00008],[-0.62828,39.00062]],[[-0.5974,38.99089],[-0.59648,38.99155],[-0.5994,38.99008],[-0.60109,38.99152],[-0.59825,38.9911],[-0.5974,38.99089]]],[[[-0.56081,38.99881],[-0.56338,38.99603],[-0.56069,38.99604],[-0.56095,38.99787],[-0.56081,38.99881]]],[[[-0.58532,38.99806],[-0.58722,38.99786],[-0.58547,38.99711],[-0.58532,38.99806]]],[[[-0.55007,39.00071],[-0.55263,39.00027],[-0.55016,39.00061],[-0.55007,39.00071]]],[[[-0.46903,39.00388],[-0.46312,39.0055],[-0.46463,39.00643],[-0.46935,39.00427],[-0.46903,39.00388]]],[[[-0.60011,39.01265],[-0.60408,39.01206],[-0.60208,39.00911],[-0.59603,39.01152],[-0.60011,39.01265]]],[[[-0.55641,39.00883],[-0.55561,39.00788],[-0.55588,39.00937],[-0.55641,39.00883]]],[[[-0.55679,39.04462],[-0.56753,39.04148],[-0.5676,39.02866],[-0.56359,39.02358],[-0.55859,39.02264],[-0.55346,39.025],[-0.55178,39.02317],[-0.54997,39.02319],[-0.54957,39.029],[-0.54722,39.03053],[-0.55173,39.03221],[-0.55212,39.03972],[-0.54951,39.04585],[-0.55054,39.04716],[-0.55323,39.04545],[-0.55679,39.04462]],[[-0.55859,39.03181],[-0.55976,39.03],[-0.56177,39.02987],[-0.5593,39.03225],[-0.55859,39.03181]],[[-0.55318,39.03938],[-0.55392,39.03839],[-0.55622,39.03979],[-0.55418,39.04107],[-0.55368,39.0402],[-0.55318,39.03938]],[[-0.55472,39.03632],[-0.55335,39.03699],[-0.55327,39.0358],[-0.55472,39.03632]]],[[[-0.5447,39.05505],[-0.55144,39.05597],[-0.55136,39.05687],[-0.55473,39.05651],[-0.55299,39.04875],[-0.54814,39.04964],[-0.54697,39.04707],[-0.54404,39.04712],[-0.54428,39.05444],[-0.5447,39.05505]]],[[[-0.57894,38.99941],[-0.57784,38.9988],[-0.57861,38.9998],[-0.57894,38.99941]]],[[[-0.5766,39.00009],[-0.57857,39.00055],[-0.5768,38.99938],[-0.5766,39.00009]]]]}},{"type":"Feature","properties":{"mun_code":"46171","mun_name":"Moncada","mun_name_local":null,"prov_code":"46","prov_name":"València","acom_code":"10","acom_name":"Comunitat Valenciana","geo_point_2d":{"lon":-0.3965378120298716,"lat":39.56289705623378}},"geometry":{"type":"Polygon","coordinates":[[[-0.42698,39.56229],[-0.41625,39.55119],[-0.40695,39.54528],[-0.40512,39.54148],[-0.40092,39.54058],[-0.40294,39.53687],[-0.39505,39.52743],[-0.39265,39.52766],[-0.39369,39.53006],[-0.39014,39.53034],[-0.38942,39.5328],[-0.38776,39.53315],[-0.38697,39.53186],[-0.38446,39.53327],[-0.38882,39.54823],[-0.3732,39.55729],[-0.38628,39.57221],[-0.38246,39.57777],[-0.38204,39.5815],[-0.38478,39.58666],[-0.37776,39.59761],[-0.37985,39.59936],[-0.39704,39.59162],[-0.40397,39.58344],[-0.40981,39.57222],[-0.42092,39.56017],[-0.42564,39.56258],[-0.42698,39.56229]]]}},{"type":"Feature","properties":{"mun_code":"46001","mun_name":"Ademuz","mun_name_local":null,"prov_code":"46","prov_name":"València","acom_code":"10","acom_name":"Comunitat Valenciana","geo_point_2d":{"lon":-1.2290752867253425,"lat":40.0695568487588}},"geometry":{"type":"Polygon","coordinates":[[[-1.31431,40.09352],[-1.31406,40.05825],[-1.3191,40.05804],[-1.32268,40.05618],[-1.32059,40.05497],[-1.32164,40.05358],[-1.31368,40.05143],[-1.3123,40.03112],[-1.3012,40.03198],[-1.299,40.03571],[-1.28442,40.04247],[-1.27875,40.04379],[-1.26504,40.05224],[-1.26289,40.05112],[-1.24856,40.05032],[-1.21504,40.03751],[-1.21744,40.03638],[-1.21728,40.03423],[-1.2216,40.02824],[-1.20815,40.01335],[-1.20419,40.01177],[-1.20077,40.00737],[-1.19175,40.00153],[-1.18513,40.00548],[-1.17981,40.00637],[-1.17358,40.01071],[-1.16519,40.0101],[-1.17026,40.02273],[-1.17635,40.02866],[-1.1842,40.04404],[-1.18866,40.04534],[-1.19175,40.05232],[-1.19025,40.05557],[-1.18338,40.05818],[-1.16697,40.06893],[-1.16417,40.07215],[-1.15241,40.09686],[-1.14985,40.11478],[-1.15183,40.11416],[-1.15725,40.1155],[-1.16161,40.11389],[-1.16614,40.11488],[-1.17252,40.1141],[-1.17427,40.11245],[-1.185,40.11255],[-1.19537,40.10996],[-1.20225,40.11109],[-1.20875,40.11019],[-1.22307,40.11565],[-1.23404,40.1148],[-1.23682,40.11298],[-1.24555,40.11633],[-1.25058,40.1224],[-1.25226,40.12254],[-1.25584,40.12107],[-1.25641,40.11941],[-1.25178,40.11429],[-1.25311,40.10811],[-1.25704,40.10807],[-1.2554,40.10492],[-1.25309,40.10643],[-1.25206,40.10552],[-1.25369,40.09816],[-1.24955,40.09642],[-1.24658,40.092],[-1.248,40.08586],[-1.25084,40.08539],[-1.25489,40.08833],[-1.27151,40.09225],[-1.31051,40.09361],[-1.31431,40.09352]]]}},{"type":"Feature","properties":{"mun_code":"46231","mun_name":"Simat de la Valldigna","mun_name_local":null,"prov_code":"46","prov_name":"València","acom_code":"10","acom_name":"Comunitat Valenciana","geo_point_2d":{"lon":-0.3399172129278827,"lat":39.041884517040124}},"geometry":{"type":"Polygon","coordinates":[[[-0.38305,39.03835],[-0.38498,39.0337],[-0.38436,39.02989],[-0.3815,39.02191],[-0.37634,39.01868],[-0.37762,39.01697],[-0.37367,39.01707],[-0.36556,39.01291],[-0.35955,39.01249],[-0.35791,39.00957],[-0.35471,39.01353],[-0.35391,39.01742],[-0.34912,39.0229],[-0.33465,39.02619],[-0.30875,39.02453],[-0.28566,39.01519],[-0.27955,39.01562],[-0.27516,39.01874],[-0.2772,39.02478],[-0.27986,39.02545],[-0.28194,39.02936],[-0.28525,39.03036],[-0.29255,39.04336],[-0.2932,39.04755],[-0.29148,39.05047],[-0.29304,39.05228],[-0.30344,39.04917],[-0.30707,39.04671],[-0.30546,39.04975],[-0.31543,39.05694],[-0.3227,39.05357],[-0.33068,39.05232],[-0.33973,39.06331],[-0.33868,39.06597],[-0.33407,39.06948],[-0.3446,39.07529],[-0.35279,39.07517],[-0.36187,39.07831],[-0.37715,39.06903],[-0.38157,39.06438],[-0.38154,39.05733],[-0.37865,39.05316],[-0.37433,39.05027],[-0.37421,39.04641],[-0.38243,39.03887],[-0.38305,39.03835]]]}},{"type":"Feature","properties":{"mun_code":"46080","mun_name":"Camporrobles","mun_name_local":null,"prov_code":"46","prov_name":"València","acom_code":"10","acom_name":"Comunitat Valenciana","geo_point_2d":{"lon":-1.3781684008858957,"lat":39.63658155909166}},"geometry":{"type":"Polygon","coordinates":[[[-1.47014,39.57179],[-1.4618,39.57222],[-1.44331,39.56595],[-1.4174,39.56416],[-1.41808,39.56541],[-1.41507,39.57093],[-1.41718,39.58331],[-1.41564,39.5912],[-1.41135,39.59011],[-1.40369,39.59577],[-1.40255,39.60006],[-1.40377,39.6069],[-1.37478,39.61554],[-1.35427,39.61365],[-1.34273,39.61401],[-1.34954,39.62663],[-1.34341,39.63305],[-1.32321,39.64216],[-1.31704,39.64304],[-1.31463,39.647],[-1.27848,39.66686],[-1.25187,39.68869],[-1.24496,39.69725],[-1.262,39.69891],[-1.27958,39.67789],[-1.29198,39.67254],[-1.31283,39.67048],[-1.3258,39.67309],[-1.34271,39.68159],[-1.36853,39.68961],[-1.40401,39.66598],[-1.41793,39.65494],[-1.43652,39.62881],[-1.44568,39.61122],[-1.45298,39.5915],[-1.46208,39.57662],[-1.47014,39.57179]]]}},{"type":"Feature","properties":{"mun_code":"46252","mun_name":"Vallanca","mun_name_local":null,"prov_code":"46","prov_name":"València","acom_code":"10","acom_name":"Comunitat Valenciana","geo_point_2d":{"lon":-1.354934226136736,"lat":40.05446529660747}},"geometry":{"type":"Polygon","coordinates":[[[-1.41355,40.08607],[-1.41312,40.08122],[-1.40026,40.06643],[-1.39374,40.05311],[-1.38314,40.03897],[-1.38128,40.02716],[-1.37686,40.0165],[-1.36434,40.01218],[-1.35896,40.01234],[-1.34214,40.01658],[-1.33578,40.01667],[-1.32834,40.01341],[-1.30799,40.01047],[-1.3123,40.03112],[-1.31368,40.05143],[-1.32164,40.05358],[-1.32059,40.05497],[-1.32268,40.05618],[-1.3191,40.05804],[-1.31406,40.05825],[-1.31431,40.09352],[-1.34413,40.08848],[-1.36019,40.0838],[-1.36379,40.08044],[-1.36669,40.08011],[-1.38954,40.08648],[-1.39702,40.0905],[-1.4076,40.1014],[-1.42029,40.09351],[-1.4137,40.08703],[-1.41355,40.08607]]]}},{"type":"Feature","properties":{"mun_code":"46180","mun_name":"Novetlè","mun_name_local":"Novetlè","prov_code":"46","prov_name":"València","acom_code":"10","acom_name":"Comunitat Valenciana","geo_point_2d":{"lon":-0.5506146879488334,"lat":38.97840889938622}},"geometry":{"type":"MultiPolygon","coordinates":[[[[-0.55903,38.981],[-0.55654,38.97782],[-0.55449,38.97824],[-0.55376,38.97708],[-0.55692,38.97425],[-0.5596,38.97674],[-0.55585,38.96975],[-0.54817,38.9734],[-0.54153,38.97904],[-0.54334,38.98441],[-0.54706,38.98259],[-0.54911,38.98486],[-0.55161,38.98534],[-0.55478,38.98407],[-0.55605,38.98177],[-0.55903,38.981]]],[[[-0.5467,38.98746],[-0.54748,38.98861],[-0.54714,38.98719],[-0.5467,38.98746]]]]}},{"type":"Feature","properties":{"mun_code":"46253","mun_name":"Vallés","mun_name_local":null,"prov_code":"46","prov_name":"València","acom_code":"10","acom_name":"Comunitat Valenciana","geo_point_2d":{"lon":-0.5570048683794103,"lat":38.988167084038686}},"geometry":{"type":"MultiPolygon","coordinates":[[[[-0.55835,38.98034],[-0.56001,38.98072],[-0.55893,38.98023],[-0.55835,38.98034]]],[[[-0.58449,38.98625],[-0.58599,38.98547],[-0.58682,38.98065],[-0.58531,38.98015],[-0.58387,38.98598],[-0.58449,38.98625]]],[[[-0.54911,38.98486],[-0.55027,38.98549],[-0.54956,38.98465],[-0.54911,38.98486]]],[[[-0.59283,38.99137],[-0.59467,38.99273],[-0.59273,38.99069],[-0.59283,38.99137]]],[[[-0.56076,38.98697],[-0.55998,38.98591],[-0.56176,38.98644],[-0.56244,38.98541],[-0.55818,38.98357],[-0.56062,38.9834],[-0.55935,38.98139],[-0.5504,38.98654],[-0.54862,38.98527],[-0.54914,38.98716],[-0.54628,38.9859],[-0.54813,38.98817],[-0.54614,38.98751],[-0.54727,38.98887],[-0.54472,38.98848],[-0.54707,38.99007],[-0.54623,38.99421],[-0.54926,38.99367],[-0.55038,38.99201],[-0.55296,38.99267],[-0.55436,38.99324],[-0.55221,38.99529],[-0.55373,38.99622],[-0.55309,38.99526],[-0.55655,38.99123],[-0.55915,38.99191],[-0.56179,38.98943],[-0.55787,38.98908],[-0.56031,38.98724],[-0.56076,38.98697]],[[-0.5549,38.99036],[-0.55606,38.99097],[-0.55488,38.9921],[-0.55224,38.99047],[-0.55393,38.98966],[-0.55407,38.99096],[-0.5549,38.99036]]],[[[-0.54974,38.99559],[-0.54858,38.99577],[-0.54971,38.99569],[-0.54974,38.99559]]]]}},{"type":"Feature","properties":{"mun_code":"46115","mun_name":"Dos Aguas","mun_name_local":null,"prov_code":"46","prov_name":"València","acom_code":"10","acom_name":"Comunitat Valenciana","geo_point_2d":{"lon":-0.7743290767059166,"lat":39.28714682323916}},"geometry":{"type":"Polygon","coordinates":[[[-0.89971,39.31008],[-0.89291,39.29169],[-0.88923,39.28776],[-0.89013,39.27569],[-0.88811,39.27134],[-0.88684,39.27424],[-0.88192,39.27692],[-0.87779,39.27306],[-0.87433,39.27363],[-0.86645,39.27187],[-0.86151,39.27534],[-0.85316,39.2748],[-0.85123,39.27921],[-0.85385,39.28365],[-0.85014,39.28494],[-0.8478,39.282],[-0.83776,39.28048],[-0.83699,39.279],[-0.83912,39.27684],[-0.83502,39.27385],[-0.82404,39.27114],[-0.81442,39.27295],[-0.81294,39.26983],[-0.8081,39.26796],[-0.80652,39.26487],[-0.80241,39.2647],[-0.7987,39.26042],[-0.7934,39.26124],[-0.7919,39.267],[-0.78115,39.26529],[-0.77923,39.26379],[-0.78028,39.26138],[-0.77424,39.24989],[-0.76786,39.25013],[-0.76359,39.24535],[-0.75856,39.2438],[-0.75761,39.24159],[-0.75284,39.24268],[-0.7391,39.23618],[-0.73757,39.23355],[-0.73279,39.2356],[-0.72534,39.22609],[-0.71845,39.22684],[-0.71623,39.2232],[-0.71102,39.22901],[-0.70818,39.23651],[-0.70614,39.25757],[-0.70158,39.2581],[-0.6902,39.26259],[-0.68138,39.27317],[-0.67546,39.28554],[-0.67675,39.2883],[-0.68131,39.29153],[-0.68172,39.29453],[-0.69484,39.3152],[-0.71277,39.32295],[-0.74573,39.32516],[-0.77742,39.3196],[-0.79417,39.31878],[-0.83092,39.32112],[-0.84757,39.32018],[-0.85821,39.31907],[-0.89781,39.3105],[-0.89971,39.31008]]]}},{"type":"Feature","properties":{"mun_code":"46199","mun_name":"la Pobla de Farnals","mun_name_local":null,"prov_code":"46","prov_name":"València","acom_code":"10","acom_name":"Comunitat Valenciana","geo_point_2d":{"lon":-0.3100049248131607,"lat":39.57264990540514}},"geometry":{"type":"Polygon","coordinates":[[[-0.33676,39.58437],[-0.33892,39.5821],[-0.3363,39.58018],[-0.33364,39.58016],[-0.33244,39.57747],[-0.32549,39.57505],[-0.32615,39.57338],[-0.31338,39.57269],[-0.31395,39.56929],[-0.28562,39.55973],[-0.2828,39.56363],[-0.28168,39.56231],[-0.28334,39.55823],[-0.281,39.56269],[-0.28175,39.56463],[-0.28046,39.56584],[-0.27901,39.56528],[-0.28662,39.56792],[-0.29926,39.56965],[-0.30936,39.57288],[-0.30932,39.57423],[-0.31387,39.5742],[-0.31131,39.57813],[-0.31701,39.57941],[-0.31775,39.58168],[-0.32029,39.58314],[-0.31744,39.58444],[-0.32329,39.58688],[-0.32447,39.58305],[-0.32778,39.5813],[-0.33469,39.58343],[-0.33676,39.58437]]]}},{"type":"Feature","properties":{"mun_code":"46053","mun_name":"Beneixida","mun_name_local":null,"prov_code":"46","prov_name":"València","acom_code":"10","acom_name":"Comunitat Valenciana","geo_point_2d":{"lon":-0.5487645573987603,"lat":39.0705172825576}},"geometry":{"type":"MultiPolygon","coordinates":[[[[-0.54404,39.04712],[-0.54697,39.04707],[-0.54824,39.04881],[-0.54884,39.04774],[-0.54493,39.04449],[-0.54272,39.04495],[-0.5419,39.0464],[-0.54337,39.0468],[-0.54404,39.04712]]],[[[-0.53973,39.07583],[-0.54151,39.07987],[-0.54693,39.07801],[-0.55152,39.08076],[-0.55292,39.08921],[-0.5555,39.09013],[-0.5547,39.08376],[-0.55682,39.08332],[-0.55813,39.0786],[-0.55735,39.07277],[-0.55364,39.07183],[-0.55144,39.05597],[-0.5447,39.05505],[-0.54053,39.07456],[-0.53973,39.07583]]]]}},{"type":"Feature","properties":{"mun_code":"46235","mun_name":"Sueca","mun_name_local":null,"prov_code":"46","prov_name":"València","acom_code":"10","acom_name":"Comunitat Valenciana","geo_point_2d":{"lon":-0.3083403617974581,"lat":39.24005773429494}},"geometry":{"type":"Polygon","coordinates":[[[-0.35779,39.24687],[-0.35712,39.24552],[-0.35069,39.24637],[-0.34911,39.24182],[-0.35151,39.23904],[-0.35359,39.24071],[-0.36186,39.21259],[-0.35751,39.21097],[-0.35583,39.20106],[-0.34704,39.20308],[-0.34643,39.20532],[-0.34221,39.20844],[-0.34178,39.20435],[-0.33903,39.20265],[-0.32675,39.2037],[-0.32575,39.20143],[-0.33239,39.19731],[-0.33385,39.19232],[-0.33086,39.19247],[-0.32441,39.19557],[-0.31763,39.19098],[-0.30784,39.18985],[-0.30777,39.18722],[-0.31264,39.18447],[-0.3074,39.17612],[-0.31045,39.17237],[-0.30131,39.16938],[-0.29785,39.16418],[-0.28817,39.16474],[-0.28548,39.16966],[-0.29376,39.17209],[-0.29451,39.17349],[-0.28935,39.17696],[-0.28415,39.17222],[-0.28029,39.17476],[-0.28078,39.18014],[-0.28393,39.18215],[-0.27503,39.20368],[-0.26391,39.21525],[-0.24475,39.22538],[-0.27014,39.27061],[-0.27314,39.27827],[-0.27852,39.27848],[-0.27483,39.27903],[-0.29163,39.28315],[-0.30561,39.29928],[-0.31229,39.30346],[-0.31822,39.30326],[-0.31848,39.31179],[-0.32259,39.314],[-0.32888,39.31309],[-0.33298,39.31567],[-0.334,39.30555],[-0.33823,39.30196],[-0.33637,39.30056],[-0.34256,39.29742],[-0.34307,39.29592],[-0.33959,39.29513],[-0.34163,39.28923],[-0.34568,39.28612],[-0.34711,39.27917],[-0.34997,39.27882],[-0.35057,39.27604],[-0.35337,39.27395],[-0.3531,39.26302],[-0.35761,39.25909],[-0.35642,39.25006],[-0.35779,39.24687]]]}},{"type":"Feature","properties":{"mun_code":"46136","mun_name":"Godelleta","mun_name_local":null,"prov_code":"46","prov_name":"València","acom_code":"10","acom_name":"Comunitat Valenciana","geo_point_2d":{"lon":-0.6663446980598793,"lat":39.426110558573214}},"geometry":{"type":"Polygon","coordinates":[[[-0.73393,39.42077],[-0.7279,39.41372],[-0.71779,39.41374],[-0.70117,39.41028],[-0.68752,39.40896],[-0.6541,39.40735],[-0.62569,39.41065],[-0.60396,39.40996],[-0.60904,39.42316],[-0.60922,39.42738],[-0.61275,39.43105],[-0.61388,39.43457],[-0.6128,39.43754],[-0.61726,39.4442],[-0.63317,39.4432],[-0.67057,39.44774],[-0.68752,39.44397],[-0.69204,39.44142],[-0.69688,39.44171],[-0.7026,39.4396],[-0.70269,39.43682],[-0.7053,39.43765],[-0.70973,39.43577],[-0.71324,39.43748],[-0.72368,39.43468],[-0.7333,39.42699],[-0.73358,39.42354],[-0.73393,39.42077]]]}},{"type":"Feature","properties":{"mun_code":"46194","mun_name":"Picassent","mun_name_local":null,"prov_code":"46","prov_name":"València","acom_code":"10","acom_name":"Comunitat Valenciana","geo_point_2d":{"lon":-0.48608976284134864,"lat":39.34745374715027}},"geometry":{"type":"Polygon","coordinates":[[[-0.55233,39.33251],[-0.53877,39.32395],[-0.52629,39.32157],[-0.51263,39.31681],[-0.4965,39.30445],[-0.48714,39.30226],[-0.44452,39.30077],[-0.42956,39.30195],[-0.42164,39.30971],[-0.42524,39.32101],[-0.42617,39.33038],[-0.42927,39.33037],[-0.43354,39.33437],[-0.43089,39.33979],[-0.43429,39.34845],[-0.4306,39.35682],[-0.43062,39.36459],[-0.44925,39.36346],[-0.45068,39.3646],[-0.45542,39.37171],[-0.4612,39.37522],[-0.4659,39.3997],[-0.47565,39.39832],[-0.50965,39.39856],[-0.53657,39.38682],[-0.53865,39.36138],[-0.55188,39.33344],[-0.55233,39.33251]]]}},{"type":"Feature","properties":{"mun_code":"46257","mun_name":"Castelló","mun_name_local":null,"prov_code":"46","prov_name":"València","acom_code":"10","acom_name":"Comunitat Valenciana","geo_point_2d":{"lon":-0.5202919622637165,"lat":39.07337704914869}},"geometry":{"type":"Polygon","coordinates":[[[-0.5447,39.05505],[-0.54404,39.04712],[-0.5419,39.0464],[-0.53824,39.04043],[-0.53037,39.0413],[-0.52583,39.03976],[-0.52045,39.03976],[-0.5187,39.04224],[-0.51419,39.04274],[-0.51362,39.04444],[-0.50933,39.04552],[-0.51106,39.04942],[-0.50791,39.05635],[-0.51399,39.05824],[-0.51285,39.06218],[-0.51731,39.0681],[-0.50875,39.06903],[-0.50365,39.0717],[-0.50397,39.07321],[-0.50074,39.07293],[-0.50208,39.07707],[-0.49432,39.08185],[-0.4981,39.08489],[-0.49426,39.08876],[-0.49239,39.08784],[-0.49029,39.08993],[-0.50446,39.10625],[-0.50267,39.10764],[-0.50361,39.11012],[-0.50595,39.10807],[-0.51522,39.10612],[-0.51772,39.10261],[-0.5231,39.09903],[-0.52491,39.09528],[-0.52949,39.09602],[-0.53245,39.09477],[-0.53237,39.09208],[-0.53581,39.08888],[-0.53464,39.08716],[-0.53797,39.08434],[-0.53477,39.08376],[-0.53378,39.08202],[-0.53458,39.07528],[-0.53754,39.07441],[-0.53973,39.07583],[-0.54053,39.07456],[-0.54453,39.05551],[-0.5447,39.05505]]]}},{"type":"Feature","properties":{"mun_code":"46081","mun_name":"Canals","mun_name_local":null,"prov_code":"46","prov_name":"València","acom_code":"10","acom_name":"Comunitat Valenciana","geo_point_2d":{"lon":-0.5859185118884551,"lat":38.949858066190394}},"geometry":{"type":"MultiPolygon","coordinates":[[[[-0.58722,38.98764],[-0.58449,38.98625],[-0.58633,38.98635],[-0.58678,38.98326],[-0.58714,38.9862],[-0.58801,38.98115],[-0.58854,38.98446],[-0.58974,38.98461],[-0.58883,38.98828],[-0.58996,38.98555],[-0.59381,38.98464],[-0.59714,38.98665],[-0.60406,38.98531],[-0.60357,38.98309],[-0.5992,38.98383],[-0.59936,38.98261],[-0.60381,38.98231],[-0.60266,38.98149],[-0.60538,38.97946],[-0.59549,38.97597],[-0.59209,38.9791],[-0.58964,38.97909],[-0.58675,38.97658],[-0.5863,38.97276],[-0.58167,38.97068],[-0.58184,38.96833],[-0.58809,38.96556],[-0.59722,38.96453],[-0.60421,38.96187],[-0.61611,38.96245],[-0.60924,38.94819],[-0.60442,38.94444],[-0.60137,38.92883],[-0.60321,38.91999],[-0.59637,38.91205],[-0.5889,38.91711],[-0.58448,38.91849],[-0.58478,38.92068],[-0.58172,38.92284],[-0.57643,38.92369],[-0.57349,38.92584],[-0.57214,38.93079],[-0.56944,38.93321],[-0.56558,38.93389],[-0.56288,38.93735],[-0.55976,38.93775],[-0.55266,38.94177],[-0.56271,38.95228],[-0.56811,38.95448],[-0.57216,38.95844],[-0.57244,38.96245],[-0.57428,38.96137],[-0.5762,38.9642],[-0.57488,38.96742],[-0.57298,38.96857],[-0.57089,38.96785],[-0.56876,38.97633],[-0.57182,38.9771],[-0.57088,38.97881],[-0.56593,38.97932],[-0.57015,38.98107],[-0.5674,38.9816],[-0.57245,38.98273],[-0.57559,38.98455],[-0.57389,38.98488],[-0.57858,38.98658],[-0.58053,38.9857],[-0.58117,38.98707],[-0.58406,38.9877],[-0.58253,38.98929],[-0.58373,38.98998],[-0.58577,38.99015],[-0.58734,38.98771],[-0.58722,38.98764]],[[-0.58449,38.98625],[-0.58531,38.98015],[-0.58682,38.98065],[-0.58599,38.98547],[-0.58476,38.98539],[-0.58449,38.98625]],[[-0.59867,38.98283],[-0.59738,38.9848],[-0.59481,38.98439],[-0.5947,38.98265],[-0.59809,38.98281],[-0.59867,38.98283]]],[[[-0.59526,38.98918],[-0.59852,38.98949],[-0.5951,38.98746],[-0.59492,38.98969],[-0.59526,38.98918]]],[[[-0.58404,38.99409],[-0.58763,38.99371],[-0.58615,38.99232],[-0.58432,38.99358],[-0.58404,38.99409]]],[[[-0.58708,38.98878],[-0.58608,38.99021],[-0.58719,38.98924],[-0.58708,38.98878]]],[[[-0.59235,38.99146],[-0.59262,38.98955],[-0.59187,38.99081],[-0.59031,38.98995],[-0.59236,38.99131],[-0.59235,38.99146]]]]}},{"type":"Feature","properties":{"mun_code":"46005","mun_name":"Alaquàs","mun_name_local":null,"prov_code":"46","prov_name":"València","acom_code":"10","acom_name":"Comunitat Valenciana","geo_point_2d":{"lon":-0.470768654804348,"lat":39.45149892433272}},"geometry":{"type":"Polygon","coordinates":[[[-0.50785,39.44453],[-0.50496,39.44291],[-0.4569,39.44939],[-0.44692,39.45251],[-0.4485,39.45557],[-0.44664,39.45625],[-0.44744,39.45934],[-0.46313,39.45999],[-0.46307,39.45754],[-0.47298,39.45573],[-0.4972,39.44684],[-0.50533,39.44524],[-0.50785,39.44453]]]}},{"type":"Feature","properties":{"mun_code":"46168","mun_name":"Miramar","mun_name_local":null,"prov_code":"46","prov_name":"València","acom_code":"10","acom_name":"Comunitat Valenciana","geo_point_2d":{"lon":-0.13556642221003057,"lat":38.95481088213087}},"geometry":{"type":"Polygon","coordinates":[[[-0.14912,38.95484],[-0.14572,38.95309],[-0.1461,38.95081],[-0.14757,38.95037],[-0.14408,38.94666],[-0.13314,38.94971],[-0.12908,38.95217],[-0.11895,38.95401],[-0.12781,38.96265],[-0.13347,38.95974],[-0.13831,38.95995],[-0.1413,38.95819],[-0.14286,38.95892],[-0.14175,38.95983],[-0.14448,38.96066],[-0.1481,38.95861],[-0.14667,38.95627],[-0.14912,38.95484]]]}},{"type":"Feature","properties":{"mun_code":"46251","mun_name":"Vallada","mun_name_local":null,"prov_code":"46","prov_name":"València","acom_code":"10","acom_name":"Comunitat Valenciana","geo_point_2d":{"lon":-0.6887337280687047,"lat":38.899809376869726}},"geometry":{"type":"Polygon","coordinates":[[[-0.76364,38.91694],[-0.75964,38.91691],[-0.76031,38.91496],[-0.75763,38.91452],[-0.75752,38.91135],[-0.75393,38.91361],[-0.75226,38.91182],[-0.7497,38.91272],[-0.74466,38.90989],[-0.74597,38.90768],[-0.74107,38.9054],[-0.7401,38.9018],[-0.73836,38.90126],[-0.7368,38.90328],[-0.73481,38.90309],[-0.72588,38.8939],[-0.72269,38.89271],[-0.72465,38.89053],[-0.71674,38.88359],[-0.71342,38.87432],[-0.70693,38.86781],[-0.69268,38.84804],[-0.69089,38.84898],[-0.69145,38.85062],[-0.68794,38.85002],[-0.6716,38.85857],[-0.66102,38.86171],[-0.65555,38.87204],[-0.64758,38.87933],[-0.64297,38.87882],[-0.64221,38.88043],[-0.63722,38.8802],[-0.62347,38.89012],[-0.64254,38.90598],[-0.66041,38.92575],[-0.67208,38.93372],[-0.67912,38.9351],[-0.68641,38.94084],[-0.69418,38.94204],[-0.69893,38.94678],[-0.71022,38.93987],[-0.7276,38.92512],[-0.73902,38.92447],[-0.76078,38.91995],[-0.76364,38.91694]]]}},{"type":"Feature","properties":{"mun_code":"46084","mun_name":"Càrcer","mun_name_local":null,"prov_code":"46","prov_name":"València","acom_code":"10","acom_name":"Comunitat Valenciana","geo_point_2d":{"lon":-0.5720747252998075,"lat":39.06000089989011}},"geometry":{"type":"Polygon","coordinates":[[[-0.59221,39.05087],[-0.57873,39.05005],[-0.57937,39.0486],[-0.56885,39.03776],[-0.5675,39.03817],[-0.56753,39.04148],[-0.55679,39.04462],[-0.56613,39.06589],[-0.56379,39.06686],[-0.56263,39.06015],[-0.56222,39.06716],[-0.56421,39.06722],[-0.56451,39.07218],[-0.56261,39.07233],[-0.5637,39.08353],[-0.56698,39.08333],[-0.56844,39.08172],[-0.57846,39.08206],[-0.58092,39.07621],[-0.57388,39.0748],[-0.57356,39.07072],[-0.56994,39.0693],[-0.58674,39.06428],[-0.58869,39.06212],[-0.58518,39.05708],[-0.58562,39.05487],[-0.59386,39.05215],[-0.59317,39.05137],[-0.59221,39.05087]]]}},{"type":"Feature","properties":{"mun_code":"46147","mun_name":"Llíria","mun_name_local":null,"prov_code":"46","prov_name":"València","acom_code":"10","acom_name":"Comunitat Valenciana","geo_point_2d":{"lon":-0.6589074500381507,"lat":39.690456379564594}},"geometry":{"type":"Polygon","coordinates":[[[-0.79482,39.7392],[-0.79644,39.72932],[-0.7935,39.72033],[-0.73612,39.73618],[-0.72047,39.72945],[-0.71379,39.725],[-0.70609,39.70996],[-0.6875,39.69723],[-0.69372,39.68984],[-0.74159,39.67126],[-0.74581,39.66653],[-0.78973,39.69801],[-0.78771,39.67753],[-0.78796,39.66063],[-0.75044,39.65867],[-0.72962,39.65556],[-0.72988,39.65339],[-0.72452,39.65471],[-0.70649,39.65185],[-0.68359,39.62991],[-0.67761,39.62198],[-0.66401,39.61403],[-0.65482,39.61589],[-0.6422,39.61272],[-0.63338,39.60809],[-0.60714,39.60338],[-0.58526,39.603],[-0.57903,39.60661],[-0.5712,39.60343],[-0.56001,39.6133],[-0.55228,39.62408],[-0.54929,39.63745],[-0.5393,39.65159],[-0.54687,39.66281],[-0.54861,39.66204],[-0.55665,39.66848],[-0.55809,39.66785],[-0.58658,39.67945],[-0.58385,39.68686],[-0.5753,39.69983],[-0.57505,39.70487],[-0.57613,39.71399],[-0.58258,39.7318],[-0.58814,39.74168],[-0.63081,39.7463],[-0.65243,39.7541],[-0.66915,39.76253],[-0.69798,39.77107],[-0.69995,39.77469],[-0.73306,39.7821],[-0.7415,39.78037],[-0.76391,39.76478],[-0.78716,39.74225],[-0.79482,39.7392]],[[-0.66432,39.65339],[-0.66063,39.64437],[-0.67376,39.64524],[-0.67307,39.65131],[-0.67609,39.6646],[-0.68817,39.67166],[-0.68502,39.67542],[-0.65823,39.6608],[-0.66441,39.65362],[-0.66432,39.65339]],[[-0.58406,39.61899],[-0.57445,39.62014],[-0.5655,39.6248],[-0.55987,39.61792],[-0.56999,39.60953],[-0.57829,39.60679],[-0.58445,39.61875],[-0.58406,39.61899]]]}},{"type":"Feature","properties":{"mun_code":"46094","mun_name":"Catarroja","mun_name_local":null,"prov_code":"46","prov_name":"València","acom_code":"10","acom_name":"Comunitat Valenciana","geo_point_2d":{"lon":-0.3946837879759329,"lat":39.39637082715064}},"geometry":{"type":"Polygon","coordinates":[[[-0.45077,39.40279],[-0.45013,39.40068],[-0.43683,39.40372],[-0.43189,39.40094],[-0.42574,39.40207],[-0.4071,39.40155],[-0.40188,39.39584],[-0.39379,39.39288],[-0.39104,39.38735],[-0.37275,39.38042],[-0.35615,39.36491],[-0.34727,39.36982],[-0.35716,39.37866],[-0.36334,39.39217],[-0.36752,39.39688],[-0.37852,39.40079],[-0.39574,39.40388],[-0.40567,39.41285],[-0.40675,39.41572],[-0.41679,39.41395],[-0.42075,39.41937],[-0.42587,39.41833],[-0.44995,39.4033],[-0.45077,39.40279]]]}},{"type":"Feature","properties":{"mun_code":"46017","mun_name":"Alzira","mun_name_local":null,"prov_code":"46","prov_name":"València","acom_code":"10","acom_name":"Comunitat Valenciana","geo_point_2d":{"lon":-0.45077187305347627,"lat":39.136973411534406}},"geometry":{"type":"MultiPolygon","coordinates":[[[[-0.50001,39.16044],[-0.49579,39.15125],[-0.50935,39.14879],[-0.51247,39.14423],[-0.50339,39.14596],[-0.49332,39.14969],[-0.48423,39.14879],[-0.48561,39.14681],[-0.48365,39.14316],[-0.48141,39.14379],[-0.47977,39.14128],[-0.48347,39.13928],[-0.4826,39.13811],[-0.48594,39.13561],[-0.48505,39.13434],[-0.48754,39.13331],[-0.48718,39.13241],[-0.48054,39.13259],[-0.47916,39.12839],[-0.47704,39.12742],[-0.47117,39.13141],[-0.47246,39.13443],[-0.47128,39.13558],[-0.46037,39.13651],[-0.45711,39.14016],[-0.45845,39.14151],[-0.46116,39.14141],[-0.46074,39.14485],[-0.45637,39.14534],[-0.45345,39.13608],[-0.40421,39.11397],[-0.39093,39.10608],[-0.3735,39.09916],[-0.3542,39.0895],[-0.33407,39.06948],[-0.32667,39.06895],[-0.3279,39.07536],[-0.32327,39.08416],[-0.32058,39.08597],[-0.31775,39.09317],[-0.30788,39.09479],[-0.30326,39.09817],[-0.32092,39.11031],[-0.34484,39.12174],[-0.34754,39.12734],[-0.37141,39.14475],[-0.38094,39.1559],[-0.37891,39.15974],[-0.38109,39.16626],[-0.39658,39.18144],[-0.41105,39.18611],[-0.41328,39.1837],[-0.42097,39.18067],[-0.42097,39.17787],[-0.42439,39.17259],[-0.43691,39.17693],[-0.44491,39.17737],[-0.46053,39.18094],[-0.49369,39.16096],[-0.49859,39.16058],[-0.50001,39.16044]]],[[[-0.62636,39.15639],[-0.61981,39.15547],[-0.61035,39.15081],[-0.60197,39.15516],[-0.60193,39.15092],[-0.59901,39.14548],[-0.59385,39.14319],[-0.58963,39.14289],[-0.58409,39.14449],[-0.58334,39.14284],[-0.58558,39.14096],[-0.58233,39.13961],[-0.58426,39.13818],[-0.58332,39.13541],[-0.59259,39.13885],[-0.59652,39.13873],[-0.5972,39.1402],[-0.60242,39.13807],[-0.60505,39.13925],[-0.6064,39.13861],[-0.60767,39.14056],[-0.60762,39.13833],[-0.61096,39.13734],[-0.61171,39.13543],[-0.61508,39.13667],[-0.62371,39.13308],[-0.62442,39.13412],[-0.62888,39.13444],[-0.63254,39.13179],[-0.63729,39.13083],[-0.63788,39.12792],[-0.64152,39.12632],[-0.64285,39.1216],[-0.64592,39.11987],[-0.64738,39.1207],[-0.64762,39.11896],[-0.64544,39.11639],[-0.64211,39.11665],[-0.63539,39.11055],[-0.60691,39.11674],[-0.58502,39.11954],[-0.56575,39.13303],[-0.55945,39.13467],[-0.55147,39.13347],[-0.5428,39.13769],[-0.54675,39.13942],[-0.54257,39.14357],[-0.54008,39.16423],[-0.5561,39.163],[-0.59447,39.1629],[-0.61951,39.15793],[-0.62636,39.15639]]]]}},{"type":"Feature","properties":{"mun_code":"46135","mun_name":"Godella","mun_name_local":null,"prov_code":"46","prov_name":"València","acom_code":"10","acom_name":"Comunitat Valenciana","geo_point_2d":{"lon":-0.4266399312845662,"lat":39.53558141047016}},"geometry":{"type":"Polygon","coordinates":[[[-0.4497,39.54539],[-0.43415,39.5282],[-0.42554,39.52353],[-0.42398,39.52029],[-0.41872,39.51737],[-0.416,39.52014],[-0.4131,39.51614],[-0.41141,39.51548],[-0.41121,39.51679],[-0.40206,39.51105],[-0.4002,39.51112],[-0.40042,39.51462],[-0.40211,39.51543],[-0.39888,39.52192],[-0.40515,39.52237],[-0.40917,39.52655],[-0.41352,39.52832],[-0.41552,39.5363],[-0.42115,39.53923],[-0.42192,39.53803],[-0.43257,39.56116],[-0.43985,39.5596],[-0.43903,39.55739],[-0.44148,39.5532],[-0.44833,39.54646],[-0.4497,39.54539]]]}},{"type":"Feature","properties":{"mun_code":"46134","mun_name":"Gilet","mun_name_local":null,"prov_code":"46","prov_name":"València","acom_code":"10","acom_name":"Comunitat Valenciana","geo_point_2d":{"lon":-0.336627503992305,"lat":39.67009204734579}},"geometry":{"type":"Polygon","coordinates":[[[-0.36243,39.66633],[-0.35696,39.66368],[-0.35796,39.6594],[-0.33199,39.65127],[-0.33032,39.64951],[-0.32514,39.65215],[-0.32396,39.65442],[-0.32648,39.65779],[-0.32628,39.6605],[-0.3211,39.6626],[-0.31702,39.66725],[-0.31841,39.67257],[-0.31298,39.67495],[-0.312,39.67822],[-0.32114,39.68184],[-0.31867,39.68594],[-0.32572,39.69163],[-0.33023,39.6879],[-0.35105,39.67805],[-0.35753,39.67751],[-0.36245,39.66676],[-0.36243,39.66633]]]}},{"type":"Feature","properties":{"mun_code":"46037","mun_name":"l'Alqueria de la Comtessa","mun_name_local":null,"prov_code":"46","prov_name":"València","acom_code":"10","acom_name":"Comunitat Valenciana","geo_point_2d":{"lon":-0.15337112266566108,"lat":38.934099640054114}},"geometry":{"type":"Polygon","coordinates":[[[-0.16333,38.94281],[-0.16075,38.93624],[-0.16115,38.92681],[-0.14804,38.92543],[-0.14717,38.92922],[-0.14901,38.93269],[-0.14216,38.93685],[-0.14374,38.94041],[-0.15193,38.94076],[-0.15851,38.93641],[-0.16076,38.93994],[-0.15418,38.94436],[-0.15625,38.94647],[-0.15878,38.94341],[-0.16233,38.94291],[-0.16333,38.94281]]]}},{"type":"Feature","properties":{"mun_code":"46263","mun_name":"Zarra","mun_name_local":null,"prov_code":"46","prov_name":"València","acom_code":"10","acom_name":"Comunitat Valenciana","geo_point_2d":{"lon":-1.1177186889548483,"lat":39.100104595926176}},"geometry":{"type":"Polygon","coordinates":[[[-1.21398,39.12319],[-1.19546,39.11439],[-1.18325,39.10652],[-1.17047,39.10119],[-1.17208,39.09659],[-1.16862,39.08931],[-1.1525,39.08929],[-1.14227,39.08067],[-1.12902,39.07779],[-1.10008,39.07371],[-1.09221,39.07322],[-1.08102,39.07484],[-1.07707,39.07349],[-1.06293,39.07958],[-1.05679,39.07745],[-1.05428,39.08078],[-1.0417,39.08775],[-1.04446,39.09406],[-1.05559,39.09478],[-1.05669,39.09978],[-1.06091,39.1016],[-1.07079,39.11526],[-1.07611,39.11442],[-1.08087,39.11811],[-1.09565,39.12285],[-1.11181,39.12314],[-1.12083,39.11967],[-1.13047,39.11859],[-1.14152,39.12054],[-1.14722,39.11948],[-1.18568,39.124],[-1.21127,39.12324],[-1.21398,39.12319]]]}},{"type":"Feature","properties":{"mun_code":"46088","mun_name":"Casas Bajas","mun_name_local":null,"prov_code":"46","prov_name":"València","acom_code":"10","acom_name":"Comunitat Valenciana","geo_point_2d":{"lon":-1.261126141154906,"lat":40.01441147814994}},"geometry":{"type":"Polygon","coordinates":[[[-1.31139,40.02642],[-1.30799,40.01047],[-1.28639,40.00818],[-1.25718,39.99635],[-1.24683,39.99518],[-1.21662,40.00156],[-1.20715,40.00183],[-1.22045,40.01614],[-1.23568,40.02461],[-1.25858,40.03256],[-1.2677,40.03041],[-1.27251,40.03188],[-1.27548,40.03057],[-1.29621,40.02927],[-1.31089,40.02663],[-1.31139,40.02642]]]}},{"type":"Feature","properties":{"mun_code":"46129","mun_name":"Fuenterrobles","mun_name_local":null,"prov_code":"46","prov_name":"València","acom_code":"10","acom_name":"Comunitat Valenciana","geo_point_2d":{"lon":-1.3681141669184798,"lat":39.57823554639815}},"geometry":{"type":"Polygon","coordinates":[[[-1.4174,39.56416],[-1.40294,39.56047],[-1.39686,39.55305],[-1.37969,39.54882],[-1.36359,39.54783],[-1.35752,39.54588],[-1.34061,39.53678],[-1.33183,39.53519],[-1.32907,39.54037],[-1.32922,39.5664],[-1.32242,39.58009],[-1.32379,39.58072],[-1.3259,39.57915],[-1.33119,39.5826],[-1.33033,39.58475],[-1.33251,39.58672],[-1.3325,39.5907],[-1.33439,39.59285],[-1.33386,39.59802],[-1.34273,39.61401],[-1.35427,39.61365],[-1.37478,39.61554],[-1.40377,39.6069],[-1.40255,39.60006],[-1.40369,39.59577],[-1.41135,39.59011],[-1.41564,39.5912],[-1.41718,39.58331],[-1.41507,39.57093],[-1.41808,39.56497],[-1.4174,39.56416]]]}},{"type":"Feature","properties":{"mun_code":"46089","mun_name":"Casinos","mun_name_local":null,"prov_code":"46","prov_name":"València","acom_code":"10","acom_name":"Comunitat Valenciana","geo_point_2d":{"lon":-0.7435295907680551,"lat":39.70348778380552}},"geometry":{"type":"Polygon","coordinates":[[[-0.7935,39.72033],[-0.78973,39.69801],[-0.74581,39.66653],[-0.74159,39.67126],[-0.69372,39.68984],[-0.6875,39.69723],[-0.70609,39.70996],[-0.71379,39.725],[-0.72047,39.72945],[-0.73612,39.73618],[-0.77859,39.72492],[-0.7935,39.72033]]]}},{"type":"Feature","properties":{"mun_code":"46070","mun_name":"Bétera","mun_name_local":null,"prov_code":"46","prov_name":"València","acom_code":"10","acom_name":"Comunitat Valenciana","geo_point_2d":{"lon":-0.4630791879769482,"lat":39.59981923106917}},"geometry":{"type":"Polygon","coordinates":[[[-0.51097,39.64187],[-0.51506,39.63165],[-0.51917,39.61346],[-0.50749,39.57828],[-0.50079,39.5725],[-0.49568,39.57464],[-0.48998,39.56973],[-0.48657,39.56932],[-0.48217,39.57104],[-0.48093,39.56879],[-0.48238,39.56561],[-0.47556,39.5606],[-0.46857,39.55885],[-0.46227,39.55262],[-0.4497,39.54539],[-0.44148,39.5532],[-0.43903,39.55739],[-0.43985,39.5596],[-0.42564,39.56258],[-0.42092,39.56017],[-0.40981,39.57222],[-0.40397,39.58344],[-0.39571,39.59252],[-0.41014,39.6089],[-0.46356,39.64316],[-0.48696,39.64979],[-0.49282,39.65033],[-0.50851,39.6431],[-0.51097,39.64187]]]}},{"type":"Feature","properties":{"mun_code":"46244","mun_name":"Torrent","mun_name_local":null,"prov_code":"46","prov_name":"València","acom_code":"10","acom_name":"Comunitat Valenciana","geo_point_2d":{"lon":-0.5223464075124858,"lat":39.417635212954366}},"geometry":{"type":"Polygon","coordinates":[[[-0.61726,39.4442],[-0.6128,39.43754],[-0.61388,39.43457],[-0.61275,39.43105],[-0.60922,39.42738],[-0.60904,39.42316],[-0.60396,39.40996],[-0.59936,39.4101],[-0.59333,39.40409],[-0.59067,39.39185],[-0.57403,39.38692],[-0.54995,39.38905],[-0.53657,39.38682],[-0.50965,39.39856],[-0.47565,39.39832],[-0.46369,39.40009],[-0.45077,39.40279],[-0.43539,39.41279],[-0.44739,39.42173],[-0.43864,39.43025],[-0.44313,39.4318],[-0.4429,39.4378],[-0.44697,39.44048],[-0.45576,39.4423],[-0.45712,39.44952],[-0.50496,39.44291],[-0.50785,39.44453],[-0.51735,39.44195],[-0.53454,39.44366],[-0.55476,39.42879],[-0.58125,39.43019],[-0.59224,39.43251],[-0.60395,39.43561],[-0.60556,39.43893],[-0.6165,39.44289],[-0.61726,39.4442]]]}},{"type":"Feature","properties":{"mun_code":"46009","mun_name":"Albalat dels Sorells","mun_name_local":null,"prov_code":"46","prov_name":"València","acom_code":"10","acom_name":"Comunitat Valenciana","geo_point_2d":{"lon":-0.35092265430944286,"lat":39.55000726816824}},"geometry":{"type":"Polygon","coordinates":[[[-0.38383,39.5751],[-0.36356,39.55293],[-0.35573,39.54715],[-0.35607,39.54477],[-0.34709,39.5411],[-0.34812,39.53853],[-0.32444,39.53326],[-0.31264,39.52797],[-0.31197,39.53086],[-0.31812,39.53396],[-0.31898,39.53324],[-0.32636,39.53817],[-0.33305,39.54034],[-0.33391,39.53913],[-0.33087,39.53788],[-0.33107,39.53639],[-0.33336,39.53721],[-0.33435,39.53563],[-0.33973,39.53771],[-0.34091,39.54156],[-0.33765,39.54137],[-0.33737,39.54264],[-0.33912,39.54539],[-0.34386,39.54753],[-0.34287,39.54939],[-0.34,39.54824],[-0.33828,39.55102],[-0.34131,39.55202],[-0.34201,39.55087],[-0.34497,39.55096],[-0.34996,39.5532],[-0.34977,39.5556],[-0.37004,39.56562],[-0.37263,39.56915],[-0.38102,39.57509],[-0.38371,39.57537],[-0.38383,39.5751]]]}},{"type":"Feature","properties":{"mun_code":"46013","mun_name":"Alboraia","mun_name_local":"Alboraya","prov_code":"46","prov_name":"València","acom_code":"10","acom_name":"Comunitat Valenciana","geo_point_2d":{"lon":-0.337096291674886,"lat":39.50044782248489}},"geometry":{"type":"Polygon","coordinates":[[[-0.3597,39.50342],[-0.35603,39.502],[-0.35672,39.50108],[-0.35483,39.49994],[-0.35793,39.49431],[-0.35198,39.48961],[-0.33766,39.48589],[-0.33423,39.48773],[-0.33039,39.48497],[-0.32327,39.48412],[-0.3227,39.50181],[-0.32179,39.50475],[-0.32061,39.50459],[-0.32177,39.50483],[-0.32136,39.50675],[-0.31983,39.50708],[-0.32041,39.50953],[-0.31841,39.51031],[-0.32087,39.51065],[-0.32199,39.50879],[-0.32334,39.50931],[-0.32158,39.51233],[-0.31763,39.51004],[-0.3195,39.51093],[-0.31892,39.51496],[-0.33025,39.51795],[-0.33081,39.51655],[-0.33836,39.51837],[-0.3392,39.51595],[-0.33583,39.51498],[-0.33857,39.51095],[-0.34454,39.51091],[-0.34816,39.5058],[-0.35764,39.50714],[-0.35931,39.50352],[-0.3597,39.50342]]]}},{"type":"Feature","properties":{"mun_code":"46176","mun_name":"Montroi","mun_name_local":"Montroy","prov_code":"46","prov_name":"València","acom_code":"10","acom_name":"Comunitat Valenciana","geo_point_2d":{"lon":-0.6523436357090097,"lat":39.3326504642397}},"geometry":{"type":"Polygon","coordinates":[[[-0.69484,39.3152],[-0.68161,39.2941],[-0.65701,39.30745],[-0.64406,39.31279],[-0.61442,39.33062],[-0.61242,39.33381],[-0.61231,39.33915],[-0.6092,39.34344],[-0.63881,39.36884],[-0.64494,39.37055],[-0.654,39.36563],[-0.66865,39.34443],[-0.69095,39.32143],[-0.69484,39.3152]]]}},{"type":"Feature","properties":{"mun_code":"46025","mun_name":"Alfara del Patriarca","mun_name_local":null,"prov_code":"46","prov_name":"València","acom_code":"10","acom_name":"Comunitat Valenciana","geo_point_2d":{"lon":-0.38102145803722187,"lat":39.53900917614496}},"geometry":{"type":"Polygon","coordinates":[[[-0.38446,39.53327],[-0.38489,39.53035],[-0.37809,39.53037],[-0.37398,39.52802],[-0.37316,39.53381],[-0.37462,39.53987],[-0.38051,39.54573],[-0.38244,39.5516],[-0.38882,39.54823],[-0.38467,39.53425],[-0.38446,39.53327]]]}},{"type":"Feature","properties":{"mun_code":"46226","mun_name":"Sempere","mun_name_local":null,"prov_code":"46","prov_name":"València","acom_code":"10","acom_name":"Comunitat Valenciana","geo_point_2d":{"lon":-0.4715238500703215,"lat":38.91848890935054}},"geometry":{"type":"Polygon","coordinates":[[[-0.49155,38.91873],[-0.49256,38.91336],[-0.48815,38.91155],[-0.47973,38.91603],[-0.47179,38.91564],[-0.47105,38.91384],[-0.46703,38.91372],[-0.46624,38.91246],[-0.46182,38.91161],[-0.44722,38.91226],[-0.44778,38.91997],[-0.45362,38.91668],[-0.45741,38.9169],[-0.46853,38.92357],[-0.47068,38.92877],[-0.47493,38.93308],[-0.4748,38.92661],[-0.48467,38.92414],[-0.48453,38.92078],[-0.49074,38.91888],[-0.49155,38.91873]]]}},{"type":"Feature","properties":{"mun_code":"46141","mun_name":"Higueruelas","mun_name_local":null,"prov_code":"46","prov_name":"València","acom_code":"10","acom_name":"Comunitat Valenciana","geo_point_2d":{"lon":-0.8629976647726533,"lat":39.77249704855317}},"geometry":{"type":"Polygon","coordinates":[[[-0.88772,39.80389],[-0.89405,39.79404],[-0.88724,39.7879],[-0.88226,39.77367],[-0.88718,39.76228],[-0.88736,39.75725],[-0.87487,39.75787],[-0.86226,39.75308],[-0.8558,39.75362],[-0.84836,39.7488],[-0.84017,39.73848],[-0.83055,39.75484],[-0.83472,39.76335],[-0.85036,39.78346],[-0.85614,39.78748],[-0.85468,39.7891],[-0.8554,39.79072],[-0.86116,39.794],[-0.86254,39.79258],[-0.87284,39.80046],[-0.88435,39.80226],[-0.88772,39.80389]]]}},{"type":"Feature","properties":{"mun_code":"46249","mun_name":"Utiel","mun_name_local":null,"prov_code":"46","prov_name":"València","acom_code":"10","acom_name":"Comunitat Valenciana","geo_point_2d":{"lon":-1.2227337349975755,"lat":39.61699903809525}},"geometry":{"type":"Polygon","coordinates":[[[-1.34273,39.61401],[-1.33386,39.59802],[-1.3331,39.59536],[-1.33443,39.59312],[-1.3325,39.5907],[-1.33278,39.58739],[-1.33033,39.58475],[-1.33119,39.5826],[-1.32838,39.58022],[-1.3259,39.57915],[-1.32379,39.58072],[-1.31945,39.57787],[-1.31477,39.57751],[-1.30527,39.57323],[-1.30375,39.57147],[-1.29335,39.5689],[-1.28852,39.56642],[-1.26566,39.56175],[-1.26347,39.55854],[-1.24587,39.54492],[-1.24317,39.54798],[-1.23548,39.54134],[-1.18753,39.54082],[-1.18026,39.54101],[-1.17809,39.54339],[-1.17222,39.54489],[-1.16292,39.54996],[-1.15628,39.55589],[-1.15813,39.5586],[-1.16063,39.55877],[-1.15826,39.56507],[-1.15953,39.56556],[-1.16027,39.57058],[-1.1594,39.57346],[-1.15798,39.57339],[-1.15805,39.57599],[-1.15578,39.57652],[-1.15626,39.5795],[-1.15212,39.57904],[-1.15273,39.5819],[-1.14824,39.58246],[-1.14704,39.58465],[-1.14855,39.58699],[-1.13843,39.59073],[-1.13645,39.59404],[-1.13367,39.59263],[-1.12905,39.59387],[-1.12602,39.59292],[-1.12226,39.59356],[-1.10842,39.59909],[-1.10692,39.60074],[-1.10441,39.60068],[-1.09888,39.60569],[-1.09447,39.61274],[-1.08849,39.61702],[-1.09859,39.62263],[-1.11336,39.63784],[-1.12057,39.64275],[-1.12811,39.64526],[-1.14683,39.65971],[-1.15999,39.66721],[-1.16166,39.67584],[-1.16764,39.67853],[-1.17609,39.68491],[-1.19053,39.69164],[-1.23113,39.69544],[-1.23598,39.69761],[-1.24496,39.69725],[-1.25187,39.68869],[-1.27848,39.66686],[-1.31463,39.647],[-1.31704,39.64304],[-1.32321,39.64216],[-1.34277,39.63355],[-1.34954,39.62663],[-1.34307,39.61465],[-1.34273,39.61401]]]}},{"type":"Feature","properties":{"mun_code":"46007","mun_name":"Albal","mun_name_local":null,"prov_code":"46","prov_name":"València","acom_code":"10","acom_name":"Comunitat Valenciana","geo_point_2d":{"lon":-0.4174515904999052,"lat":39.39270072750179}},"geometry":{"type":"Polygon","coordinates":[[[-0.45013,39.40068],[-0.43794,39.38518],[-0.43397,39.38407],[-0.42487,39.39025],[-0.41039,39.38875],[-0.40456,39.38622],[-0.40219,39.38675],[-0.37835,39.38191],[-0.35735,39.36387],[-0.35615,39.36491],[-0.37275,39.38042],[-0.39104,39.38735],[-0.39379,39.39288],[-0.40188,39.39584],[-0.4071,39.40155],[-0.42574,39.40207],[-0.43189,39.40094],[-0.43683,39.40372],[-0.44824,39.401],[-0.45013,39.40068]]]}},{"type":"Feature","properties":{"mun_code":"46018","mun_name":"Alcublas","mun_name_local":null,"prov_code":"46","prov_name":"València","acom_code":"10","acom_name":"Comunitat Valenciana","geo_point_2d":{"lon":-0.6787245415688864,"lat":39.803787393771096}},"geometry":{"type":"Polygon","coordinates":[[[-0.71248,39.8167],[-0.7102,39.79042],[-0.7068,39.78753],[-0.69798,39.77107],[-0.66915,39.76253],[-0.65243,39.7541],[-0.64705,39.78787],[-0.645,39.79197],[-0.65615,39.83598],[-0.66855,39.8404],[-0.69111,39.85246],[-0.69512,39.85006],[-0.70224,39.83949],[-0.70705,39.83513],[-0.7099,39.82386],[-0.71248,39.8167]]]}},{"type":"Feature","properties":{"mun_code":"46193","mun_name":"Picanya","mun_name_local":null,"prov_code":"46","prov_name":"València","acom_code":"10","acom_name":"Comunitat Valenciana","geo_point_2d":{"lon":-0.43621764734468343,"lat":39.43390240182568}},"geometry":{"type":"Polygon","coordinates":[[[-0.4569,39.44939],[-0.45576,39.4423],[-0.44697,39.44048],[-0.4429,39.4378],[-0.44313,39.4318],[-0.43864,39.43025],[-0.44739,39.42173],[-0.43539,39.41279],[-0.42638,39.41811],[-0.42101,39.41947],[-0.42083,39.4241],[-0.42558,39.42596],[-0.42609,39.43053],[-0.41974,39.43182],[-0.43152,39.45029],[-0.44294,39.44745],[-0.44629,39.44896],[-0.44692,39.45251],[-0.4569,39.44939]]]}},{"type":"Feature","properties":{"mun_code":"46020","mun_name":"l'Alcúdia de Crespins","mun_name_local":null,"prov_code":"46","prov_name":"València","acom_code":"10","acom_name":"Comunitat Valenciana","geo_point_2d":{"lon":-0.604707659046502,"lat":38.97146701896396}},"geometry":{"type":"Polygon","coordinates":[[[-0.62889,38.98012],[-0.62326,38.97616],[-0.6209,38.97039],[-0.61674,38.96701],[-0.61611,38.96245],[-0.60421,38.96187],[-0.59722,38.96453],[-0.58809,38.96556],[-0.58138,38.96886],[-0.58203,38.97099],[-0.5863,38.97276],[-0.58675,38.97658],[-0.59055,38.97933],[-0.59549,38.97597],[-0.62591,38.98196],[-0.62861,38.98032],[-0.62889,38.98012]]]}}]}