{"type":"FeatureCollection","features":[{"type":"Feature","properties":{"mun_code":"50156","mun_name":"Maleján","mun_name_local":null,"prov_code":"50","prov_name":"Zaragoza","acom_code":"02","acom_name":"Aragón","geo_point_2d":{"lon":-1.5486869215361392,"lat":41.82767184040174}},"geometry":{"type":"Polygon","coordinates":[[[-1.54876,41.82618],[-1.5466,41.8271],[-1.54787,41.82914],[-1.55107,41.82793],[-1.54886,41.82647],[-1.54876,41.82618]]]}},{"type":"Feature","properties":{"mun_code":"50024","mun_name":"Almonacid de la Sierra","mun_name_local":null,"prov_code":"50","prov_name":"Zaragoza","acom_code":"02","acom_name":"Aragón","geo_point_2d":{"lon":-1.3206202431971197,"lat":41.41443269010165}},"geometry":{"type":"Polygon","coordinates":[[[-1.36361,41.38622],[-1.35665,41.38513],[-1.35665,41.38222],[-1.35045,41.37334],[-1.34954,41.36879],[-1.33713,41.37108],[-1.33486,41.37456],[-1.33124,41.37545],[-1.31698,41.37474],[-1.30692,41.38333],[-1.29696,41.3877],[-1.29285,41.3926],[-1.28719,41.39551],[-1.25962,41.40149],[-1.26206,41.40237],[-1.26838,41.41353],[-1.27976,41.42095],[-1.29083,41.43852],[-1.2932,41.44945],[-1.30174,41.45563],[-1.30267,41.46053],[-1.33671,41.45772],[-1.34027,41.45466],[-1.34984,41.43878],[-1.35011,41.41978],[-1.35587,41.4179],[-1.36483,41.41231],[-1.36754,41.41286],[-1.36782,41.40985],[-1.37557,41.40271],[-1.36986,41.39933],[-1.36662,41.39963],[-1.36221,41.39414],[-1.36248,41.38967],[-1.36361,41.38622]]]}},{"type":"Feature","properties":{"mun_code":"50141","mun_name":"Lituénigo","mun_name_local":null,"prov_code":"50","prov_name":"Zaragoza","acom_code":"02","acom_name":"Aragón","geo_point_2d":{"lon":-1.7708555945944153,"lat":41.831160607409736}},"geometry":{"type":"Polygon","coordinates":[[[-1.80419,41.81307],[-1.80293,41.80274],[-1.80133,41.80121],[-1.80184,41.80354],[-1.80006,41.80524],[-1.79396,41.80646],[-1.76612,41.82617],[-1.73745,41.84059],[-1.7376,41.84207],[-1.72774,41.84311],[-1.72882,41.84578],[-1.73953,41.84523],[-1.74008,41.85093],[-1.74745,41.85487],[-1.75044,41.85212],[-1.7794,41.83972],[-1.78386,41.83348],[-1.80154,41.8191],[-1.80419,41.81307]]]}},{"type":"Feature","properties":{"mun_code":"50102","mun_name":"Fabara","mun_name_local":null,"prov_code":"50","prov_name":"Zaragoza","acom_code":"02","acom_name":"Aragón","geo_point_2d":{"lon":0.15707361383275747,"lat":41.197466309297376}},"geometry":{"type":"Polygon","coordinates":[[[0.09102,41.1778],[0.09888,41.17535],[0.09841,41.17815],[0.10678,41.17838],[0.13203,41.17608],[0.13962,41.17164],[0.13931,41.16612],[0.14163,41.16362],[0.14706,41.16263],[0.16473,41.15171],[0.16588,41.15288],[0.18199,41.14656],[0.2028,41.13434],[0.21356,41.13176],[0.21975,41.13209],[0.22005,41.13321],[0.21911,41.13453],[0.21269,41.13615],[0.21408,41.13695],[0.23787,41.12984],[0.24979,41.12961],[0.24957,41.1328],[0.25232,41.13511],[0.25026,41.13792],[0.25621,41.14297],[0.25478,41.14445],[0.25597,41.14667],[0.25298,41.14845],[0.25014,41.1576],[0.24749,41.1607],[0.23814,41.16387],[0.23365,41.16987],[0.22819,41.17265],[0.21528,41.17425],[0.21179,41.17581],[0.20656,41.18602],[0.20704,41.18934],[0.2008,41.19181],[0.19788,41.19659],[0.19735,41.20656],[0.19299,41.206],[0.18457,41.20825],[0.17478,41.21743],[0.16303,41.21981],[0.15843,41.22301],[0.14973,41.22609],[0.14964,41.23555],[0.15459,41.24593],[0.16096,41.25435],[0.15504,41.25504],[0.13924,41.26231],[0.13013,41.26393],[0.12782,41.26157],[0.12432,41.26317],[0.11718,41.26675],[0.09896,41.28411],[0.09461,41.2853],[0.08866,41.28454],[0.08771,41.27847],[0.09175,41.27004],[0.0898,41.26096],[0.0942,41.25787],[0.09158,41.24922],[0.09364,41.24166],[0.09028,41.23963],[0.08732,41.22715],[0.09552,41.21777],[0.0942,41.21693],[0.09885,41.20748],[0.09652,41.18925],[0.0915,41.17863],[0.09102,41.1778]]]}},{"type":"Feature","properties":{"mun_code":"50008","mun_name":"Alagón","mun_name_local":null,"prov_code":"50","prov_name":"Zaragoza","acom_code":"02","acom_name":"Aragón","geo_point_2d":{"lon":-1.1230728251879587,"lat":41.772270568205045}},"geometry":{"type":"Polygon","coordinates":[[[-1.15244,41.77903],[-1.15052,41.77656],[-1.15173,41.77516],[-1.14963,41.76989],[-1.14737,41.76876],[-1.14756,41.76414],[-1.15011,41.76113],[-1.14169,41.75443],[-1.15013,41.74881],[-1.14885,41.74791],[-1.15119,41.7453],[-1.1485,41.74455],[-1.15015,41.74321],[-1.14886,41.74148],[-1.14472,41.74101],[-1.14181,41.74275],[-1.13665,41.74131],[-1.12414,41.74764],[-1.12186,41.74752],[-1.11768,41.74258],[-1.10617,41.74922],[-1.10129,41.74972],[-1.10995,41.75626],[-1.10303,41.75743],[-1.10241,41.75973],[-1.09552,41.76138],[-1.09454,41.76961],[-1.1004,41.77231],[-1.09799,41.7746],[-1.09897,41.77767],[-1.09503,41.77832],[-1.09718,41.7826],[-1.09694,41.78651],[-1.09104,41.79113],[-1.09052,41.79335],[-1.09724,41.79669],[-1.12888,41.80172],[-1.13787,41.79808],[-1.13776,41.79427],[-1.13285,41.78851],[-1.13355,41.7865],[-1.1363,41.78623],[-1.13862,41.78883],[-1.14307,41.78895],[-1.14673,41.78628],[-1.15288,41.78441],[-1.15209,41.77924],[-1.15244,41.77903]]]}},{"type":"Feature","properties":{"mun_code":"50253","mun_name":"Terrer","mun_name_local":null,"prov_code":"50","prov_name":"Zaragoza","acom_code":"02","acom_name":"Aragón","geo_point_2d":{"lon":-1.7271157510222364,"lat":41.328275188393164}},"geometry":{"type":"Polygon","coordinates":[[[-1.74878,41.3106],[-1.73433,41.30995],[-1.73219,41.30692],[-1.73789,41.30035],[-1.73908,41.29325],[-1.74144,41.28973],[-1.74956,41.28594],[-1.74675,41.28249],[-1.74006,41.28687],[-1.733,41.28712],[-1.72504,41.28974],[-1.72235,41.29207],[-1.71235,41.28816],[-1.70904,41.28963],[-1.70726,41.29247],[-1.71121,41.29334],[-1.71381,41.297],[-1.70527,41.29821],[-1.70257,41.30066],[-1.69871,41.30034],[-1.69537,41.3022],[-1.69358,41.31087],[-1.69048,41.31331],[-1.69819,41.31742],[-1.69922,41.32098],[-1.69571,41.321],[-1.69226,41.32375],[-1.69437,41.3299],[-1.69784,41.33626],[-1.70146,41.33754],[-1.71328,41.35158],[-1.71233,41.3553],[-1.71396,41.35757],[-1.7227,41.35836],[-1.73094,41.36452],[-1.74357,41.37],[-1.74358,41.36884],[-1.74721,41.36917],[-1.75064,41.36706],[-1.75734,41.35928],[-1.75877,41.35173],[-1.76233,41.34737],[-1.75696,41.33487],[-1.75319,41.33087],[-1.75309,41.32812],[-1.74376,41.32186],[-1.75151,41.32074],[-1.74919,41.31787],[-1.7528,41.31284],[-1.75047,41.31117],[-1.74878,41.3106]]]}},{"type":"Feature","properties":{"mun_code":"50048","mun_name":"Berrueco","mun_name_local":null,"prov_code":"50","prov_name":"Zaragoza","acom_code":"02","acom_name":"Aragón","geo_point_2d":{"lon":-1.47435245004365,"lat":40.98066616103981}},"geometry":{"type":"Polygon","coordinates":[[[-1.50534,40.96412],[-1.47299,40.9488],[-1.47145,40.958],[-1.45668,40.97045],[-1.44692,40.97654],[-1.44754,40.9881],[-1.45935,41.00676],[-1.46457,41.01041],[-1.47068,41.00947],[-1.47168,41.01041],[-1.47169,41.00931],[-1.48075,41.0058],[-1.48537,41.00198],[-1.49484,40.98656],[-1.49259,40.98307],[-1.49504,40.98137],[-1.50435,40.9659],[-1.50534,40.96412]]]}},{"type":"Feature","properties":{"mun_code":"50125","mun_name":"Ibdes","mun_name_local":null,"prov_code":"50","prov_name":"Zaragoza","acom_code":"02","acom_name":"Aragón","geo_point_2d":{"lon":-1.8499570679509572,"lat":41.21595279337681}},"geometry":{"type":"Polygon","coordinates":[[[-1.92725,41.23341],[-1.91445,41.23344],[-1.90977,41.2272],[-1.89156,41.22235],[-1.8849,41.21787],[-1.88124,41.21142],[-1.8741,41.20472],[-1.86515,41.19962],[-1.85591,41.1967],[-1.85507,41.18918],[-1.85269,41.18447],[-1.85475,41.18011],[-1.85042,41.17603],[-1.85419,41.16952],[-1.85522,41.16312],[-1.82642,41.16422],[-1.82166,41.165],[-1.81593,41.16808],[-1.80955,41.1684],[-1.80914,41.17339],[-1.81101,41.17539],[-1.8082,41.1793],[-1.81078,41.18999],[-1.80826,41.19959],[-1.81024,41.20339],[-1.80469,41.21298],[-1.80295,41.22339],[-1.81111,41.22537],[-1.81228,41.22889],[-1.80424,41.23638],[-1.81164,41.23668],[-1.81859,41.23856],[-1.82662,41.24663],[-1.82893,41.25295],[-1.8367,41.25881],[-1.83644,41.26125],[-1.84193,41.26033],[-1.85084,41.25636],[-1.86434,41.24599],[-1.88047,41.24522],[-1.89048,41.2461],[-1.89514,41.24772],[-1.90239,41.24073],[-1.90649,41.24355],[-1.90673,41.24954],[-1.90891,41.25315],[-1.92687,41.24241],[-1.92739,41.23363],[-1.92725,41.23341]]]}},{"type":"Feature","properties":{"mun_code":"50279","mun_name":"Velilla de Jiloca","mun_name_local":null,"prov_code":"50","prov_name":"Zaragoza","acom_code":"02","acom_name":"Aragón","geo_point_2d":{"lon":-1.592406038436826,"lat":41.27185842557026}},"geometry":{"type":"Polygon","coordinates":[[[-1.61629,41.2448],[-1.59199,41.25965],[-1.5829,41.27027],[-1.56165,41.27968],[-1.56082,41.29172],[-1.56785,41.29108],[-1.59523,41.28304],[-1.60789,41.27872],[-1.61434,41.2748],[-1.61363,41.26919],[-1.61117,41.26702],[-1.61627,41.25627],[-1.6162,41.24541],[-1.61629,41.2448]]]}},{"type":"Feature","properties":{"mun_code":"50188","mun_name":"Nombrevilla","mun_name_local":null,"prov_code":"50","prov_name":"Zaragoza","acom_code":"02","acom_name":"Aragón","geo_point_2d":{"lon":-1.3444902291620688,"lat":41.108772267498686}},"geometry":{"type":"Polygon","coordinates":[[[-1.36673,41.09775],[-1.3626,41.09408],[-1.36072,41.08793],[-1.35231,41.08869],[-1.34773,41.08596],[-1.3231,41.09683],[-1.31077,41.09419],[-1.31563,41.10252],[-1.31846,41.1123],[-1.31501,41.12213],[-1.32163,41.12173],[-1.34704,41.12796],[-1.34962,41.12901],[-1.35455,41.13589],[-1.36802,41.1211],[-1.36795,41.11625],[-1.37162,41.11409],[-1.37431,41.10996],[-1.37198,41.10375],[-1.3671,41.09885],[-1.36673,41.09775]]]}},{"type":"Feature","properties":{"mun_code":"50269","mun_name":"Urrea de Jalón","mun_name_local":null,"prov_code":"50","prov_name":"Zaragoza","acom_code":"02","acom_name":"Aragón","geo_point_2d":{"lon":-1.2269840775250607,"lat":41.64878301035114}},"geometry":{"type":"Polygon","coordinates":[[[-1.27799,41.65244],[-1.27957,41.64815],[-1.26065,41.65118],[-1.24711,41.63432],[-1.22856,41.62616],[-1.21089,41.62139],[-1.19774,41.62908],[-1.18076,41.64246],[-1.1936,41.64882],[-1.20917,41.66406],[-1.2139,41.66551],[-1.22353,41.67592],[-1.22721,41.67436],[-1.23847,41.67622],[-1.24121,41.67529],[-1.25019,41.66932],[-1.24895,41.66841],[-1.25368,41.66551],[-1.25775,41.66005],[-1.26538,41.66331],[-1.26927,41.65737],[-1.27434,41.65692],[-1.27816,41.65282],[-1.27799,41.65244]]]}},{"type":"Feature","properties":{"mun_code":"50014","mun_name":"Alcalá de Moncayo","mun_name_local":null,"prov_code":"50","prov_name":"Zaragoza","acom_code":"02","acom_name":"Aragón","geo_point_2d":{"lon":-1.6874260725578887,"lat":41.79812192516844}},"geometry":{"type":"Polygon","coordinates":[[[-1.73544,41.79118],[-1.7316,41.78928],[-1.72258,41.7891],[-1.7032,41.78578],[-1.69949,41.78299],[-1.69811,41.77449],[-1.69328,41.77793],[-1.67887,41.78423],[-1.67637,41.7925],[-1.6726,41.79546],[-1.66152,41.79553],[-1.65362,41.80148],[-1.65523,41.80706],[-1.65198,41.81252],[-1.65239,41.81878],[-1.66533,41.81876],[-1.67921,41.81421],[-1.68314,41.81152],[-1.68537,41.80468],[-1.69046,41.80268],[-1.69351,41.79883],[-1.70476,41.80178],[-1.71469,41.79999],[-1.72264,41.80066],[-1.73453,41.7926],[-1.73544,41.79118]]]}},{"type":"Feature","properties":{"mun_code":"50175","mun_name":"Morata de Jalón","mun_name_local":null,"prov_code":"50","prov_name":"Zaragoza","acom_code":"02","acom_name":"Aragón","geo_point_2d":{"lon":-1.4608056229295918,"lat":41.443284704725436}},"geometry":{"type":"Polygon","coordinates":[[[-1.51413,41.45924],[-1.50978,41.45909],[-1.50891,41.45542],[-1.50259,41.45029],[-1.49878,41.44912],[-1.49537,41.44124],[-1.49298,41.44107],[-1.48516,41.4311],[-1.47777,41.42823],[-1.47409,41.41974],[-1.44797,41.39926],[-1.44419,41.39848],[-1.4415,41.40495],[-1.41727,41.3985],[-1.41141,41.39891],[-1.41081,41.40977],[-1.41293,41.41103],[-1.41328,41.41476],[-1.41107,41.41734],[-1.41319,41.41795],[-1.41859,41.42443],[-1.41564,41.42975],[-1.4179,41.4407],[-1.42579,41.44671],[-1.43221,41.44751],[-1.43303,41.446],[-1.43972,41.44664],[-1.45365,41.4511],[-1.44769,41.45975],[-1.43792,41.46574],[-1.44715,41.47427],[-1.45252,41.48307],[-1.45648,41.48143],[-1.46302,41.48413],[-1.46769,41.48296],[-1.46977,41.47783],[-1.47925,41.48107],[-1.4869,41.48033],[-1.48925,41.48168],[-1.49346,41.4817],[-1.49607,41.48581],[-1.49919,41.48445],[-1.50305,41.48649],[-1.50566,41.48497],[-1.50415,41.48192],[-1.50678,41.47522],[-1.51093,41.47358],[-1.51432,41.46909],[-1.51396,41.46016],[-1.51413,41.45924]]]}},{"type":"Feature","properties":{"mun_code":"50095","mun_name":"Ejea de los Caballeros","mun_name_local":null,"prov_code":"50","prov_name":"Zaragoza","acom_code":"02","acom_name":"Aragón","geo_point_2d":{"lon":-1.1948182531187062,"lat":42.12755628312912}},"geometry":{"type":"Polygon","coordinates":[[[-1.41337,42.20222],[-1.39521,42.19065],[-1.39177,42.1807],[-1.3942,42.17302],[-1.39406,42.16585],[-1.39837,42.15639],[-1.3942,42.15504],[-1.39282,42.14959],[-1.39977,42.12787],[-1.39888,42.12622],[-1.36676,42.10696],[-1.36525,42.09316],[-1.35941,42.08614],[-1.35228,42.07307],[-1.34421,42.07101],[-1.32914,42.07312],[-1.31059,42.07231],[-1.31274,42.06502],[-1.31124,42.06293],[-1.30815,42.06197],[-1.30818,42.05892],[-1.30332,42.0518],[-1.30815,42.04645],[-1.30482,42.04295],[-1.29128,42.0396],[-1.27143,42.03675],[-1.22086,42.0252],[-1.21998,42.02707],[-1.21165,42.02997],[-1.20732,42.02128],[-1.17977,42.0148],[-1.12946,41.99522],[-1.12013,41.99349],[-1.10658,41.99506],[-1.08847,41.99043],[-1.08168,41.99736],[-1.07857,42.01089],[-1.077,42.03264],[-1.07363,42.03885],[-1.06301,42.04099],[-1.04868,42.04878],[-1.0427,42.05016],[-1.04647,42.05593],[-1.0428,42.06132],[-1.03084,42.06209],[-1.03257,42.06763],[-1.02879,42.0834],[-1.0298,42.08625],[-1.0284,42.09708],[-1.02421,42.10447],[-1.03015,42.11343],[-1.02637,42.11766],[-1.01933,42.11968],[-1.01529,42.12371],[-1.0144,42.12736],[-1.01664,42.13625],[-1.01655,42.14389],[-1.02408,42.15986],[-1.02541,42.16179],[-1.03203,42.15934],[-1.03488,42.15993],[-1.03543,42.16136],[-1.03946,42.16169],[-1.03919,42.16533],[-1.04477,42.16848],[-1.04623,42.1706],[-1.04548,42.17384],[-1.05065,42.17971],[-1.04135,42.18393],[-1.04233,42.18803],[-1.03981,42.19022],[-1.04483,42.19986],[-1.04461,42.20255],[-1.03974,42.21114],[-1.03736,42.21222],[-1.03758,42.21614],[-1.04439,42.22217],[-1.04843,42.23623],[-1.05612,42.23942],[-1.06603,42.23998],[-1.06763,42.24199],[-1.07148,42.25412],[-1.07168,42.26044],[-1.06906,42.26386],[-1.07473,42.27485],[-1.07893,42.27679],[-1.09314,42.26632],[-1.10299,42.27044],[-1.10015,42.26719],[-1.09738,42.2584],[-1.09964,42.24869],[-1.10276,42.24608],[-1.11365,42.24681],[-1.10887,42.23845],[-1.10697,42.22893],[-1.10791,42.22412],[-1.1267,42.21051],[-1.13364,42.20843],[-1.13823,42.20431],[-1.14654,42.21068],[-1.15701,42.21521],[-1.16347,42.21972],[-1.17967,42.22239],[-1.19187,42.22058],[-1.19772,42.21799],[-1.21653,42.20566],[-1.23171,42.20357],[-1.24439,42.21458],[-1.28494,42.22251],[-1.30165,42.22734],[-1.33232,42.2262],[-1.38819,42.21219],[-1.40564,42.20505],[-1.41337,42.20222]],[[-1.26721,42.13214],[-1.27339,42.14784],[-1.27362,42.15427],[-1.28108,42.16971],[-1.28587,42.18534],[-1.29343,42.19737],[-1.28829,42.19642],[-1.28266,42.18984],[-1.27793,42.19077],[-1.26722,42.18629],[-1.26009,42.17844],[-1.26023,42.17473],[-1.2638,42.17185],[-1.26365,42.16997],[-1.25536,42.15984],[-1.25676,42.15458],[-1.25638,42.14269],[-1.25346,42.14114],[-1.25198,42.13642],[-1.25275,42.13489],[-1.26115,42.13262],[-1.26721,42.13214]]]}},{"type":"Feature","properties":{"mun_code":"50046","mun_name":"Belmonte de Gracián","mun_name_local":null,"prov_code":"50","prov_name":"Zaragoza","acom_code":"02","acom_name":"Aragón","geo_point_2d":{"lon":-1.4991821411952257,"lat":41.32837849399355}},"geometry":{"type":"Polygon","coordinates":[[[-1.57874,41.31087],[-1.57034,41.29915],[-1.56785,41.29108],[-1.56082,41.29172],[-1.54345,41.29461],[-1.53417,41.29809],[-1.51968,41.30595],[-1.50961,41.30796],[-1.5036,41.30673],[-1.46798,41.32747],[-1.46031,41.32707],[-1.44934,41.3236],[-1.43413,41.32282],[-1.42601,41.32575],[-1.42605,41.32977],[-1.43694,41.33938],[-1.43504,41.34121],[-1.4374,41.3425],[-1.44187,41.3497],[-1.44302,41.35556],[-1.44508,41.35792],[-1.45603,41.36308],[-1.46176,41.36194],[-1.46519,41.36486],[-1.47299,41.36681],[-1.48085,41.36154],[-1.47917,41.35556],[-1.48091,41.35452],[-1.48966,41.35151],[-1.50559,41.35183],[-1.51142,41.34964],[-1.51231,41.34693],[-1.52684,41.33534],[-1.52916,41.33025],[-1.53667,41.32339],[-1.55831,41.31766],[-1.56523,41.32068],[-1.56698,41.31786],[-1.56951,41.31732],[-1.5681,41.31607],[-1.57107,41.314],[-1.57119,41.31142],[-1.57706,41.31157],[-1.57874,41.31087]]]}},{"type":"Feature","properties":{"mun_code":"50186","mun_name":"Navardún","mun_name_local":null,"prov_code":"50","prov_name":"Zaragoza","acom_code":"02","acom_name":"Aragón","geo_point_2d":{"lon":-1.1292683449296603,"lat":42.504179440145336}},"geometry":{"type":"MultiPolygon","coordinates":[[[[-1.08584,42.52499],[-1.09314,42.51427],[-1.09483,42.50395],[-1.09697,42.50451],[-1.09708,42.50298],[-1.09922,42.50287],[-1.09961,42.50493],[-1.10265,42.50588],[-1.10474,42.5087],[-1.11396,42.50546],[-1.12377,42.50709],[-1.11959,42.50073],[-1.11918,42.49598],[-1.12435,42.48606],[-1.11555,42.48257],[-1.1126,42.48287],[-1.10902,42.48559],[-1.10208,42.4828],[-1.10285,42.48433],[-1.09736,42.48601],[-1.09166,42.48573],[-1.08514,42.48336],[-1.06727,42.51492],[-1.08472,42.52422],[-1.08584,42.52499]]],[[[-1.13772,42.5101],[-1.13757,42.51551],[-1.14459,42.52072],[-1.14623,42.52354],[-1.15374,42.5239],[-1.16221,42.52628],[-1.1693,42.5194],[-1.17112,42.51983],[-1.17382,42.52409],[-1.1762,42.52211],[-1.18066,42.52121],[-1.18726,42.52273],[-1.1862,42.52098],[-1.18954,42.50809],[-1.18352,42.50532],[-1.18395,42.50107],[-1.15761,42.49281],[-1.1474,42.48686],[-1.14207,42.48635],[-1.1382,42.48672],[-1.13776,42.48809],[-1.1364,42.49493],[-1.13784,42.50316],[-1.13772,42.5101]]]]}},{"type":"Feature","properties":{"mun_code":"50252","mun_name":"Tauste","mun_name_local":null,"prov_code":"50","prov_name":"Zaragoza","acom_code":"02","acom_name":"Aragón","geo_point_2d":{"lon":-1.2019833594260845,"lat":41.94851302173996}},"geometry":{"type":"MultiPolygon","coordinates":[[[[-1.20014,41.83996],[-1.19865,41.83375],[-1.21406,41.82339],[-1.21311,41.82168],[-1.19634,41.82952],[-1.19387,41.83211],[-1.19518,41.83592],[-1.1976,41.83632],[-1.19783,41.8408],[-1.20014,41.83996]]],[[[-1.38,41.95957],[-1.38629,41.95631],[-1.38009,41.9504],[-1.37701,41.95149],[-1.37311,41.94546],[-1.3664,41.94274],[-1.36205,41.93448],[-1.36207,41.92862],[-1.35201,41.92155],[-1.35056,41.9185],[-1.33726,41.91532],[-1.33241,41.91055],[-1.33109,41.90714],[-1.32624,41.90365],[-1.32553,41.89919],[-1.32936,41.89309],[-1.32834,41.89014],[-1.32117,41.88484],[-1.31365,41.88867],[-1.30836,41.8839],[-1.29841,41.88553],[-1.29004,41.87831],[-1.28747,41.87414],[-1.28427,41.87281],[-1.28511,41.87683],[-1.28138,41.88518],[-1.27981,41.88472],[-1.27887,41.88582],[-1.26556,41.87784],[-1.2496,41.87194],[-1.24444,41.86754],[-1.23713,41.86751],[-1.2333,41.86331],[-1.22841,41.86122],[-1.23048,41.85857],[-1.22986,41.85532],[-1.22519,41.86012],[-1.21964,41.85947],[-1.22044,41.85332],[-1.22879,41.84508],[-1.22764,41.83788],[-1.22344,41.83429],[-1.20751,41.84468],[-1.20881,41.84586],[-1.21029,41.84535],[-1.21171,41.85135],[-1.20583,41.8522],[-1.19702,41.86252],[-1.20412,41.86509],[-1.21267,41.87206],[-1.21004,41.8788],[-1.20689,41.88093],[-1.19403,41.88467],[-1.17962,41.88431],[-1.1145,41.89054],[-1.10058,41.88516],[-1.08992,41.88761],[-1.07885,41.88601],[-1.06921,41.89318],[-1.05576,41.89892],[-1.04607,41.89869],[-1.03913,41.90123],[-1.02823,41.90223],[-1.02442,41.9044],[-1.02086,41.91286],[-1.01753,41.91563],[-1.0094,41.9192],[-1.00501,41.91849],[-0.99479,41.92366],[-0.9791,41.92806],[-0.98017,41.93566],[-0.98565,41.94257],[-0.98685,41.94664],[-0.9943,41.9499],[-1.00727,41.95895],[-1.01007,41.95856],[-1.01613,41.96461],[-1.01867,41.96462],[-1.02389,41.96742],[-1.03463,41.9786],[-1.06596,41.97596],[-1.0793,41.9814],[-1.08847,41.99043],[-1.09214,41.99197],[-1.10658,41.99506],[-1.12013,41.99349],[-1.12946,41.99522],[-1.17977,42.0148],[-1.20732,42.02128],[-1.21165,42.02997],[-1.21998,42.02707],[-1.22086,42.0252],[-1.27143,42.03675],[-1.29128,42.0396],[-1.30482,42.04295],[-1.3282,42.02798],[-1.33952,42.01801],[-1.34108,42.01239],[-1.35149,42.00243],[-1.36522,41.98401],[-1.37435,41.962],[-1.37841,41.95995],[-1.38,41.95957]]]]}},{"type":"Feature","properties":{"mun_code":"50185","mun_name":"Murillo de Gállego","mun_name_local":null,"prov_code":"50","prov_name":"Zaragoza","acom_code":"02","acom_name":"Aragón","geo_point_2d":{"lon":-0.7759278922251195,"lat":42.28646073441044}},"geometry":{"type":"MultiPolygon","coordinates":[[[[-0.77677,42.16764],[-0.77842,42.17463],[-0.78145,42.17768],[-0.78591,42.18801],[-0.80301,42.20482],[-0.80548,42.20661],[-0.82229,42.20405],[-0.82085,42.1914],[-0.81883,42.18689],[-0.80313,42.18314],[-0.79391,42.17882],[-0.79533,42.17237],[-0.79035,42.16442],[-0.78109,42.16784],[-0.77735,42.16756],[-0.77677,42.16764]]],[[[-0.76123,42.23473],[-0.77546,42.23625],[-0.78411,42.24224],[-0.78867,42.24226],[-0.79679,42.25047],[-0.7986,42.24973],[-0.80437,42.23528],[-0.80647,42.23517],[-0.81626,42.24047],[-0.82412,42.25093],[-0.8328,42.23693],[-0.83759,42.23261],[-0.83845,42.22867],[-0.82876,42.21044],[-0.82246,42.20722],[-0.81251,42.21105],[-0.79372,42.22445],[-0.79549,42.2265],[-0.79378,42.22929],[-0.78293,42.22846],[-0.7644,42.23004],[-0.76161,42.23238],[-0.76123,42.23473]]],[[[-0.78069,42.38608],[-0.778,42.38353],[-0.77826,42.37857],[-0.78095,42.37672],[-0.77706,42.3655],[-0.77302,42.36432],[-0.7719,42.36269],[-0.77181,42.34671],[-0.7811,42.31738],[-0.78757,42.30658],[-0.78288,42.30679],[-0.77171,42.3018],[-0.76092,42.29466],[-0.75412,42.29258],[-0.75244,42.29072],[-0.74816,42.29025],[-0.74841,42.2805],[-0.75203,42.27608],[-0.75097,42.27105],[-0.75946,42.26559],[-0.75938,42.26365],[-0.75409,42.26336],[-0.75196,42.26362],[-0.74849,42.27754],[-0.74338,42.27925],[-0.73839,42.28309],[-0.73038,42.29117],[-0.72886,42.29632],[-0.73226,42.30717],[-0.73884,42.31921],[-0.74196,42.33083],[-0.73986,42.33471],[-0.74459,42.33868],[-0.74366,42.34131],[-0.73737,42.34444],[-0.73857,42.34741],[-0.73512,42.35334],[-0.7375,42.35662],[-0.74428,42.35963],[-0.74485,42.36168],[-0.73684,42.36657],[-0.73615,42.36931],[-0.74437,42.37509],[-0.74615,42.37807],[-0.75576,42.38004],[-0.77794,42.39126],[-0.77893,42.38918],[-0.78069,42.38608]]]]}},{"type":"Feature","properties":{"mun_code":"50202","mun_name":"Paracuellos de la Ribera","mun_name_local":null,"prov_code":"50","prov_name":"Zaragoza","acom_code":"02","acom_name":"Aragón","geo_point_2d":{"lon":-1.5518199020839871,"lat":41.42025452490361}},"geometry":{"type":"Polygon","coordinates":[[[-1.58251,41.43504],[-1.58342,41.43338],[-1.58191,41.43009],[-1.57537,41.4274],[-1.5721,41.41073],[-1.56913,41.41039],[-1.56469,41.40195],[-1.56153,41.3987],[-1.54854,41.39562],[-1.5465,41.40054],[-1.53176,41.41171],[-1.52695,41.4138],[-1.5276,41.41698],[-1.52969,41.41814],[-1.52482,41.42107],[-1.52127,41.42623],[-1.52234,41.42932],[-1.53042,41.43639],[-1.54088,41.43351],[-1.54317,41.43692],[-1.5466,41.43729],[-1.56261,41.43474],[-1.56403,41.43547],[-1.56286,41.43844],[-1.56594,41.44069],[-1.56839,41.43878],[-1.56859,41.43571],[-1.58029,41.43487],[-1.58251,41.43504]]]}},{"type":"Feature","properties":{"mun_code":"50208","mun_name":"Pina de Ebro","mun_name_local":null,"prov_code":"50","prov_name":"Zaragoza","acom_code":"02","acom_name":"Aragón","geo_point_2d":{"lon":-0.3952405942118655,"lat":41.50908204492301}},"geometry":{"type":"Polygon","coordinates":[[[-0.56008,41.47995],[-0.55524,41.47845],[-0.54166,41.48388],[-0.53715,41.47957],[-0.541,41.47437],[-0.5393,41.47168],[-0.53364,41.46961],[-0.52394,41.47175],[-0.52501,41.46339],[-0.53099,41.46251],[-0.53351,41.46046],[-0.53244,41.45677],[-0.52558,41.45617],[-0.50441,41.46356],[-0.49888,41.45969],[-0.48604,41.45524],[-0.48539,41.45202],[-0.48995,41.45002],[-0.49905,41.44272],[-0.50215,41.43757],[-0.50026,41.43482],[-0.49483,41.43381],[-0.4794,41.44433],[-0.47483,41.4446],[-0.47089,41.44292],[-0.46711,41.4456],[-0.44715,41.4466],[-0.42883,41.45064],[-0.416,41.45004],[-0.40254,41.45231],[-0.3943,41.45568],[-0.38724,41.46415],[-0.37282,41.47373],[-0.36664,41.47305],[-0.34817,41.464],[-0.33202,41.45372],[-0.29747,41.44034],[-0.28291,41.43171],[-0.26149,41.43045],[-0.22594,41.43845],[-0.21174,41.44661],[-0.20502,41.44686],[-0.19826,41.471],[-0.20017,41.4768],[-0.20431,41.48202],[-0.22202,41.4892],[-0.23699,41.493],[-0.27188,41.49606],[-0.28462,41.49858],[-0.30512,41.4933],[-0.32472,41.49641],[-0.34935,41.51371],[-0.35487,41.52289],[-0.35423,41.52662],[-0.34771,41.53098],[-0.32249,41.53676],[-0.30989,41.54504],[-0.30998,41.54853],[-0.30402,41.55647],[-0.3028,41.56094],[-0.29249,41.57033],[-0.28294,41.58179],[-0.27629,41.58599],[-0.27394,41.59059],[-0.2792,41.59504],[-0.28347,41.59536],[-0.2863,41.59839],[-0.28848,41.59819],[-0.30231,41.60792],[-0.30595,41.61373],[-0.30527,41.61625],[-0.30844,41.61972],[-0.30702,41.62093],[-0.31259,41.6241],[-0.32395,41.62458],[-0.32717,41.62426],[-0.32524,41.62197],[-0.32613,41.61526],[-0.32394,41.61092],[-0.32541,41.60628],[-0.33269,41.6029],[-0.33529,41.60017],[-0.33668,41.59471],[-0.34125,41.59028],[-0.34732,41.5754],[-0.35673,41.56531],[-0.36777,41.54778],[-0.38157,41.53958],[-0.39686,41.54468],[-0.40619,41.54403],[-0.41188,41.54688],[-0.45356,41.58446],[-0.47671,41.59357],[-0.49678,41.59607],[-0.51134,41.60054],[-0.51532,41.59146],[-0.51536,41.58618],[-0.51958,41.57312],[-0.52147,41.57113],[-0.51363,41.5699],[-0.51488,41.5647],[-0.51295,41.56043],[-0.51516,41.55887],[-0.51639,41.54894],[-0.53192,41.53723],[-0.5363,41.52786],[-0.54483,41.51723],[-0.54971,41.51754],[-0.55112,41.51599],[-0.54531,41.51259],[-0.55808,41.4991],[-0.55474,41.49566],[-0.56603,41.48852],[-0.56367,41.48219],[-0.5612,41.48042],[-0.56008,41.47995]]]}},{"type":"Feature","properties":{"mun_code":"50001","mun_name":"Abanto","mun_name_local":null,"prov_code":"50","prov_name":"Zaragoza","acom_code":"02","acom_name":"Aragón","geo_point_2d":{"lon":-1.6907901157890548,"lat":41.13474224720378}},"geometry":{"type":"Polygon","coordinates":[[[-1.74558,41.12522],[-1.74257,41.11932],[-1.74655,41.10369],[-1.73395,41.08199],[-1.72725,41.08785],[-1.72377,41.09381],[-1.72002,41.09431],[-1.71727,41.09802],[-1.69129,41.10425],[-1.65421,41.11756],[-1.64433,41.11773],[-1.61917,41.12601],[-1.61776,41.12937],[-1.62262,41.1314],[-1.62964,41.14611],[-1.632,41.14833],[-1.63558,41.14861],[-1.63946,41.15229],[-1.6412,41.15517],[-1.64001,41.16094],[-1.65432,41.16563],[-1.6621,41.17047],[-1.67376,41.17054],[-1.67868,41.17729],[-1.6837,41.17997],[-1.68562,41.17776],[-1.69284,41.17607],[-1.72556,41.16051],[-1.7319,41.15039],[-1.74309,41.14019],[-1.74298,41.13598],[-1.74718,41.13229],[-1.74558,41.12522]]]}},{"type":"Feature","properties":{"mun_code":"50104","mun_name":"Farlete","mun_name_local":null,"prov_code":"50","prov_name":"Zaragoza","acom_code":"02","acom_name":"Aragón","geo_point_2d":{"lon":-0.5375375416654142,"lat":41.68122120997575}},"geometry":{"type":"Polygon","coordinates":[[[-0.5991,41.70322],[-0.60044,41.69703],[-0.59544,41.67051],[-0.58754,41.65863],[-0.58232,41.6462],[-0.57585,41.6386],[-0.57543,41.6292],[-0.57302,41.62336],[-0.56112,41.6147],[-0.56006,41.61227],[-0.55598,41.6125],[-0.54929,41.61928],[-0.52791,41.615],[-0.5237,41.61537],[-0.52712,41.61645],[-0.51052,41.63271],[-0.50023,41.65639],[-0.491,41.66777],[-0.47853,41.67672],[-0.48037,41.68177],[-0.47684,41.68943],[-0.47695,41.69322],[-0.4714,41.69648],[-0.46442,41.7037],[-0.46344,41.70735],[-0.46309,41.71099],[-0.46492,41.71248],[-0.46437,41.71515],[-0.46715,41.72156],[-0.47409,41.72255],[-0.47833,41.72486],[-0.48225,41.72431],[-0.48597,41.7297],[-0.48994,41.73177],[-0.50006,41.73109],[-0.50687,41.72891],[-0.51697,41.72846],[-0.52199,41.72965],[-0.52327,41.7278],[-0.52765,41.72746],[-0.53522,41.72929],[-0.54101,41.72896],[-0.54626,41.73131],[-0.56309,41.73188],[-0.56554,41.73338],[-0.56868,41.73302],[-0.57359,41.73456],[-0.58003,41.72957],[-0.58255,41.72392],[-0.59211,41.7166],[-0.59347,41.70794],[-0.5991,41.70322]]]}},{"type":"Feature","properties":{"mun_code":"50223","mun_name":"Remolinos","mun_name_local":null,"prov_code":"50","prov_name":"Zaragoza","acom_code":"02","acom_name":"Aragón","geo_point_2d":{"lon":-1.1751768721595413,"lat":41.84696093150053}},"geometry":{"type":"Polygon","coordinates":[[[-1.21311,41.82168],[-1.21027,41.81709],[-1.20461,41.81705],[-1.19948,41.82111],[-1.19264,41.82233],[-1.19085,41.82691],[-1.17728,41.83481],[-1.17329,41.83576],[-1.17061,41.83526],[-1.16161,41.82651],[-1.13871,41.85441],[-1.13583,41.86137],[-1.13078,41.86547],[-1.12951,41.86998],[-1.13508,41.86503],[-1.13945,41.86397],[-1.19697,41.86289],[-1.20583,41.8522],[-1.21171,41.85135],[-1.2122,41.84935],[-1.21029,41.84535],[-1.20881,41.84586],[-1.20599,41.84389],[-1.20278,41.84485],[-1.20313,41.84288],[-1.20014,41.83996],[-1.19783,41.8408],[-1.1976,41.83632],[-1.19518,41.83592],[-1.19387,41.83211],[-1.19634,41.82952],[-1.21268,41.82194],[-1.21311,41.82168]]]}},{"type":"Feature","properties":{"mun_code":"50115","mun_name":"Fuentes de Ebro","mun_name_local":null,"prov_code":"50","prov_name":"Zaragoza","acom_code":"02","acom_name":"Aragón","geo_point_2d":{"lon":-0.628325664696412,"lat":41.47172078595051}},"geometry":{"type":"Polygon","coordinates":[[[-0.68596,41.49192],[-0.68123,41.48766],[-0.6702,41.4829],[-0.67086,41.4805],[-0.67576,41.47888],[-0.68033,41.47526],[-0.68004,41.47256],[-0.66819,41.46288],[-0.65736,41.45814],[-0.66359,41.44337],[-0.66827,41.43759],[-0.68319,41.42675],[-0.68744,41.41974],[-0.68079,41.41094],[-0.67761,41.40937],[-0.67743,41.40626],[-0.67154,41.39646],[-0.67192,41.39258],[-0.65275,41.3855],[-0.63251,41.40215],[-0.62884,41.40273],[-0.60386,41.38799],[-0.58609,41.38895],[-0.59507,41.40269],[-0.59361,41.4161],[-0.58357,41.42753],[-0.57797,41.43644],[-0.56532,41.47165],[-0.56248,41.47602],[-0.55896,41.47831],[-0.56367,41.48219],[-0.56603,41.48852],[-0.55474,41.49566],[-0.55808,41.4991],[-0.56067,41.50571],[-0.56935,41.50591],[-0.57588,41.50994],[-0.57373,41.51314],[-0.57683,41.51322],[-0.5807,41.51647],[-0.58732,41.51745],[-0.58628,41.51942],[-0.57981,41.52129],[-0.57732,41.5234],[-0.58151,41.52383],[-0.58296,41.52639],[-0.58843,41.52839],[-0.59092,41.52696],[-0.59135,41.52562],[-0.589,41.52448],[-0.59145,41.52129],[-0.59502,41.52213],[-0.59591,41.52969],[-0.60493,41.53609],[-0.6101,41.535],[-0.61225,41.53573],[-0.61554,41.54094],[-0.6202,41.54473],[-0.62415,41.55168],[-0.62861,41.54832],[-0.63388,41.54953],[-0.63701,41.54602],[-0.64179,41.54416],[-0.64332,41.54726],[-0.64057,41.55161],[-0.64145,41.55446],[-0.64924,41.55912],[-0.65516,41.55619],[-0.65711,41.55362],[-0.66147,41.5524],[-0.6864,41.52476],[-0.6989,41.51768],[-0.69749,41.51511],[-0.68244,41.51078],[-0.68837,41.50265],[-0.6869,41.49396],[-0.68596,41.49192]]]}},{"type":"Feature","properties":{"mun_code":"50007","mun_name":"Aladrén","mun_name_local":null,"prov_code":"50","prov_name":"Zaragoza","acom_code":"02","acom_name":"Aragón","geo_point_2d":{"lon":-1.1562941188033713,"lat":41.24772519219396}},"geometry":{"type":"Polygon","coordinates":[[[-1.19662,41.24147],[-1.1902,41.226],[-1.18358,41.22933],[-1.17788,41.22974],[-1.16518,41.22762],[-1.15647,41.23192],[-1.14673,41.23296],[-1.14476,41.23086],[-1.12768,41.2271],[-1.12647,41.22933],[-1.12739,41.2334],[-1.13258,41.23666],[-1.12893,41.23943],[-1.12899,41.2416],[-1.12188,41.25259],[-1.12229,41.25901],[-1.12849,41.26081],[-1.13034,41.26372],[-1.14651,41.27212],[-1.15003,41.27238],[-1.17097,41.26641],[-1.17911,41.25988],[-1.1823,41.25242],[-1.18127,41.25017],[-1.18481,41.24434],[-1.19344,41.24143],[-1.19617,41.24175],[-1.19662,41.24147]]]}},{"type":"Feature","properties":{"mun_code":"50246","mun_name":"Sisamón","mun_name_local":null,"prov_code":"50","prov_name":"Zaragoza","acom_code":"02","acom_name":"Aragón","geo_point_2d":{"lon":-2.009110811144441,"lat":41.18066020183392}},"geometry":{"type":"Polygon","coordinates":[[[-2.0799,41.17098],[-2.07734,41.16313],[-2.05169,41.14685],[-2.04762,41.15265],[-2.03841,41.15508],[-2.00843,41.15644],[-1.98843,41.16087],[-1.98281,41.16506],[-1.96212,41.17133],[-1.96315,41.17796],[-1.96047,41.17991],[-1.96194,41.19769],[-1.94864,41.21455],[-1.95127,41.21725],[-1.97142,41.21193],[-1.99913,41.21495],[-2.00438,41.21159],[-2.00717,41.2059],[-2.01241,41.2002],[-2.01604,41.19153],[-2.0271,41.19015],[-2.05747,41.17714],[-2.07422,41.17522],[-2.07915,41.17412],[-2.07961,41.17245],[-2.0799,41.17098]]]}},{"type":"Feature","properties":{"mun_code":"50286","mun_name":"Villalba de Perejil","mun_name_local":null,"prov_code":"50","prov_name":"Zaragoza","acom_code":"02","acom_name":"Aragón","geo_point_2d":{"lon":-1.5564522938901744,"lat":41.33232801132986}},"geometry":{"type":"Polygon","coordinates":[[[-1.58639,41.32726],[-1.58456,41.31795],[-1.57874,41.31087],[-1.57119,41.31142],[-1.57107,41.314],[-1.5681,41.31607],[-1.56951,41.31732],[-1.56698,41.31786],[-1.56523,41.32068],[-1.55831,41.31766],[-1.53667,41.32339],[-1.52916,41.33025],[-1.52684,41.33534],[-1.52218,41.33794],[-1.51364,41.34615],[-1.51535,41.34689],[-1.52533,41.33868],[-1.53596,41.33939],[-1.54497,41.34635],[-1.54619,41.35327],[-1.55119,41.35668],[-1.55433,41.35542],[-1.55832,41.35083],[-1.5647,41.34876],[-1.5656,41.34601],[-1.5622,41.34138],[-1.56672,41.34172],[-1.57116,41.33988],[-1.573,41.3364],[-1.58243,41.32944],[-1.58639,41.32726]],[[-1.56314,41.33627],[-1.56114,41.33447],[-1.56386,41.33565],[-1.56314,41.33627]]]}},{"type":"Feature","properties":{"mun_code":"50051","mun_name":"Biota","mun_name_local":null,"prov_code":"50","prov_name":"Zaragoza","acom_code":"02","acom_name":"Aragón","geo_point_2d":{"lon":-1.1817562610294627,"lat":42.248088913717204}},"geometry":{"type":"MultiPolygon","coordinates":[[[[-1.26721,42.13214],[-1.25891,42.133],[-1.25275,42.13489],[-1.25198,42.13642],[-1.25346,42.14114],[-1.25638,42.14269],[-1.25676,42.15458],[-1.25536,42.15984],[-1.26365,42.16997],[-1.2638,42.17185],[-1.26023,42.17473],[-1.26009,42.17844],[-1.26722,42.18629],[-1.27793,42.19077],[-1.28266,42.18984],[-1.28829,42.19642],[-1.29343,42.19737],[-1.28587,42.18534],[-1.28108,42.16971],[-1.27362,42.15427],[-1.27339,42.14784],[-1.26831,42.13495],[-1.26721,42.13214]]],[[[-1.22981,42.27108],[-1.256,42.25428],[-1.26508,42.25365],[-1.27773,42.24914],[-1.28027,42.2447],[-1.28219,42.23066],[-1.28851,42.22349],[-1.24439,42.21458],[-1.23171,42.20357],[-1.21653,42.20566],[-1.19187,42.22058],[-1.18062,42.22233],[-1.17312,42.22194],[-1.16347,42.21972],[-1.15701,42.21521],[-1.14654,42.21068],[-1.13823,42.20431],[-1.13364,42.20843],[-1.1267,42.21051],[-1.10791,42.22412],[-1.10697,42.22893],[-1.10887,42.23845],[-1.11365,42.24681],[-1.10276,42.24608],[-1.10021,42.24772],[-1.09738,42.2584],[-1.10015,42.26719],[-1.10734,42.27612],[-1.10459,42.28273],[-1.10582,42.28774],[-1.09994,42.29138],[-1.09865,42.2946],[-1.09252,42.29804],[-1.08387,42.29807],[-1.07114,42.31655],[-1.07546,42.31908],[-1.08453,42.32051],[-1.09596,42.32444],[-1.09892,42.32244],[-1.10101,42.31668],[-1.10807,42.31377],[-1.11563,42.30813],[-1.12322,42.30585],[-1.13904,42.3042],[-1.14825,42.29809],[-1.14954,42.2957],[-1.15745,42.29546],[-1.16316,42.29336],[-1.16747,42.28808],[-1.17074,42.29278],[-1.17459,42.29533],[-1.1841,42.29452],[-1.18752,42.29247],[-1.20328,42.29087],[-1.21415,42.28456],[-1.2209,42.27538],[-1.22941,42.27221],[-1.22981,42.27108]]]]}},{"type":"Feature","properties":{"mun_code":"50084","mun_name":"Clarés de Ribota","mun_name_local":null,"prov_code":"50","prov_name":"Zaragoza","acom_code":"02","acom_name":"Aragón","geo_point_2d":{"lon":-1.8358341953185662,"lat":41.53561181765567}},"geometry":{"type":"Polygon","coordinates":[[[-1.86519,41.53627],[-1.86001,41.53314],[-1.85188,41.52469],[-1.86162,41.51138],[-1.85842,41.50715],[-1.85363,41.50473],[-1.84736,41.50712],[-1.81976,41.52551],[-1.79977,41.53988],[-1.79995,41.54263],[-1.8042,41.55055],[-1.8113,41.5529],[-1.81782,41.55217],[-1.82021,41.55401],[-1.82617,41.55503],[-1.8323,41.55893],[-1.85643,41.55086],[-1.86654,41.53981],[-1.86532,41.5371],[-1.86519,41.53627]]]}},{"type":"Feature","properties":{"mun_code":"50086","mun_name":"Codos","mun_name_local":null,"prov_code":"50","prov_name":"Zaragoza","acom_code":"02","acom_name":"Aragón","geo_point_2d":{"lon":-1.3640641809502805,"lat":41.28712234606606}},"geometry":{"type":"Polygon","coordinates":[[[-1.42806,41.2967],[-1.42486,41.28811],[-1.4246,41.28432],[-1.42661,41.28147],[-1.40712,41.2702],[-1.40229,41.26936],[-1.38744,41.25762],[-1.38597,41.25703],[-1.38751,41.25896],[-1.38657,41.26059],[-1.37376,41.26475],[-1.3746,41.27149],[-1.36952,41.26991],[-1.36474,41.26598],[-1.35282,41.26513],[-1.34929,41.2624],[-1.33945,41.24844],[-1.3266,41.23688],[-1.32252,41.23814],[-1.3195,41.24222],[-1.31609,41.24262],[-1.31073,41.25022],[-1.30693,41.25111],[-1.29761,41.25015],[-1.29054,41.25323],[-1.29158,41.257],[-1.2948,41.25805],[-1.29778,41.26455],[-1.30165,41.26527],[-1.31344,41.27549],[-1.31351,41.27864],[-1.31093,41.27982],[-1.31974,41.28966],[-1.31814,41.29624],[-1.32014,41.30035],[-1.3241,41.30035],[-1.32689,41.2988],[-1.33344,41.29911],[-1.33624,41.30158],[-1.34053,41.31311],[-1.33958,41.31768],[-1.34166,41.32162],[-1.34213,41.328],[-1.34485,41.33068],[-1.3609,41.3328],[-1.36972,41.32427],[-1.38175,41.32082],[-1.38401,41.31894],[-1.40016,41.31302],[-1.40729,41.31654],[-1.40954,41.31492],[-1.41942,41.31551],[-1.42413,41.31836],[-1.43061,41.31623],[-1.42986,41.31318],[-1.43515,41.31136],[-1.43537,41.30848],[-1.43194,41.30629],[-1.42824,41.2974],[-1.42806,41.2967]]]}},{"type":"Feature","properties":{"mun_code":"50182","mun_name":"La Muela","mun_name_local":null,"prov_code":"50","prov_name":"Zaragoza","acom_code":"02","acom_name":"Aragón","geo_point_2d":{"lon":-1.1169181348049102,"lat":41.5776924953092}},"geometry":{"type":"Polygon","coordinates":[[[-1.20946,41.62127],[-1.19723,41.60042],[-1.18591,41.59152],[-1.17499,41.57777],[-1.17472,41.5665],[-1.1639,41.5487],[-1.16224,41.53349],[-1.15685,41.54169],[-1.15224,41.54361],[-1.14408,41.54146],[-1.14067,41.53832],[-1.13898,41.53385],[-1.12611,41.53099],[-1.12779,41.52903],[-1.12792,41.52355],[-1.1299,41.5236],[-1.1293,41.52022],[-1.12819,41.51668],[-1.12014,41.50751],[-1.12051,41.50592],[-1.11466,41.50423],[-1.10367,41.49378],[-1.09427,41.48712],[-1.07817,41.48044],[-1.07817,41.483],[-1.07312,41.48957],[-1.05241,41.50357],[-1.05792,41.50934],[-1.04876,41.52118],[-1.04027,41.52772],[-1.04742,41.53415],[-1.05543,41.53861],[-1.06609,41.53482],[-1.06879,41.53516],[-1.06872,41.53686],[-1.07029,41.53644],[-1.07142,41.53215],[-1.07385,41.53335],[-1.07451,41.53117],[-1.07692,41.53381],[-1.07914,41.53372],[-1.07699,41.5371],[-1.08052,41.53665],[-1.07984,41.53896],[-1.07696,41.54059],[-1.08016,41.54089],[-1.08368,41.5377],[-1.08466,41.53872],[-1.08794,41.53729],[-1.08833,41.53911],[-1.08378,41.54177],[-1.08769,41.5425],[-1.08778,41.54456],[-1.0907,41.54374],[-1.09174,41.54476],[-1.09373,41.54269],[-1.09536,41.54446],[-1.10021,41.54454],[-1.09881,41.54622],[-1.09556,41.54648],[-1.09542,41.54816],[-1.1043,41.55018],[-1.10191,41.55204],[-1.08582,41.55191],[-1.09272,41.55553],[-1.08909,41.55656],[-1.08573,41.55565],[-1.08523,41.55739],[-1.08269,41.55507],[-1.07768,41.55406],[-1.07942,41.55727],[-1.08375,41.56026],[-1.08524,41.56524],[-1.08167,41.5663],[-1.07771,41.56533],[-1.074,41.56031],[-1.0729,41.56101],[-1.07554,41.56445],[-1.07313,41.56752],[-1.07164,41.56834],[-1.06627,41.56552],[-1.06732,41.56957],[-1.06373,41.57103],[-1.06266,41.56943],[-1.06071,41.57046],[-1.06278,41.57215],[-1.0624,41.57416],[-1.05624,41.57369],[-1.06247,41.5779],[-1.06266,41.58105],[-1.05966,41.58101],[-1.05958,41.58243],[-1.0577,41.58294],[-1.05652,41.58194],[-1.05243,41.58791],[-1.04347,41.58934],[-1.0424,41.58716],[-1.03912,41.58672],[-1.03487,41.58836],[-1.03215,41.59654],[-1.03728,41.61027],[-1.04032,41.61425],[-1.04185,41.61565],[-1.04419,41.61498],[-1.0494,41.61735],[-1.06015,41.61561],[-1.06757,41.61795],[-1.07611,41.62144],[-1.1004,41.63752],[-1.10767,41.63929],[-1.10992,41.64179],[-1.11763,41.64471],[-1.13326,41.64421],[-1.14428,41.6407],[-1.16144,41.64409],[-1.1638,41.64418],[-1.16769,41.64193],[-1.17232,41.64471],[-1.17365,41.64718],[-1.20532,41.62395],[-1.20946,41.62127]]]}},{"type":"Feature","properties":{"mun_code":"50233","mun_name":"Samper del Salz","mun_name_local":null,"prov_code":"50","prov_name":"Zaragoza","acom_code":"02","acom_name":"Aragón","geo_point_2d":{"lon":-0.8315821806904166,"lat":41.21351743664495}},"geometry":{"type":"Polygon","coordinates":[[[-0.83735,41.24259],[-0.84623,41.22835],[-0.84194,41.21862],[-0.84483,41.20559],[-0.83768,41.18863],[-0.82936,41.18406],[-0.82133,41.18274],[-0.81861,41.18747],[-0.81894,41.1936],[-0.81623,41.19494],[-0.81639,41.19832],[-0.81745,41.20128],[-0.82582,41.20604],[-0.81915,41.23393],[-0.82669,41.24335],[-0.8306,41.24342],[-0.83735,41.24259]]]}},{"type":"Feature","properties":{"mun_code":"50206","mun_name":"Perdiguera","mun_name_local":null,"prov_code":"50","prov_name":"Zaragoza","acom_code":"02","acom_name":"Aragón","geo_point_2d":{"lon":-0.611775446536502,"lat":41.74608169205724}},"geometry":{"type":"Polygon","coordinates":[[[-0.71317,41.74201],[-0.7117,41.74237],[-0.70599,41.73398],[-0.70498,41.72876],[-0.70662,41.72693],[-0.70489,41.72463],[-0.70145,41.72175],[-0.69253,41.71958],[-0.6854,41.71551],[-0.68532,41.71115],[-0.68378,41.70982],[-0.68054,41.71006],[-0.67331,41.70788],[-0.67198,41.7048],[-0.66496,41.69874],[-0.65589,41.69903],[-0.6564,41.70449],[-0.62276,41.70412],[-0.60809,41.70573],[-0.5991,41.70322],[-0.59277,41.70799],[-0.59339,41.71484],[-0.59211,41.7166],[-0.58255,41.72392],[-0.58108,41.7283],[-0.57408,41.73441],[-0.56554,41.73338],[-0.56309,41.73188],[-0.54626,41.73131],[-0.54101,41.72896],[-0.53522,41.72929],[-0.52765,41.72746],[-0.52327,41.7278],[-0.52223,41.72961],[-0.51937,41.72937],[-0.51962,41.73144],[-0.51127,41.74159],[-0.50399,41.74615],[-0.50528,41.75266],[-0.50069,41.76132],[-0.50499,41.76459],[-0.50404,41.76643],[-0.50775,41.77486],[-0.50655,41.77835],[-0.51201,41.78436],[-0.51916,41.7872],[-0.52857,41.78745],[-0.53255,41.78892],[-0.54208,41.78856],[-0.54657,41.79036],[-0.55222,41.78382],[-0.56268,41.78341],[-0.5715,41.7808],[-0.57243,41.77677],[-0.5665,41.76518],[-0.57103,41.76175],[-0.57146,41.7589],[-0.57642,41.75738],[-0.57941,41.76041],[-0.5855,41.76258],[-0.58974,41.76676],[-0.59882,41.76958],[-0.60471,41.76994],[-0.60742,41.7722],[-0.63345,41.77585],[-0.63836,41.77569],[-0.64206,41.77402],[-0.64937,41.77671],[-0.6573,41.77571],[-0.66302,41.77754],[-0.66924,41.77754],[-0.67229,41.77916],[-0.67432,41.77758],[-0.68022,41.77771],[-0.68432,41.78091],[-0.69315,41.78077],[-0.69375,41.78266],[-0.69991,41.77979],[-0.69257,41.77521],[-0.68954,41.77038],[-0.6912,41.76606],[-0.69528,41.76223],[-0.70276,41.75869],[-0.70789,41.75922],[-0.7156,41.75728],[-0.71117,41.75126],[-0.7128,41.74334],[-0.71317,41.74201]]]}},{"type":"Feature","properties":{"mun_code":"50078","mun_name":"Castiliscar","mun_name_local":null,"prov_code":"50","prov_name":"Zaragoza","acom_code":"02","acom_name":"Aragón","geo_point_2d":{"lon":-1.2870278049477784,"lat":42.35881361633618}},"geometry":{"type":"Polygon","coordinates":[[[-1.34318,42.34252],[-1.3418,42.33989],[-1.32317,42.32723],[-1.31137,42.32394],[-1.29477,42.32438],[-1.29329,42.32533],[-1.28918,42.3246],[-1.28844,42.32814],[-1.28515,42.33169],[-1.26343,42.33946],[-1.25331,42.34989],[-1.24943,42.35935],[-1.24712,42.36057],[-1.24423,42.36591],[-1.24328,42.37382],[-1.23612,42.38977],[-1.24884,42.39665],[-1.25528,42.3964],[-1.26874,42.39293],[-1.27619,42.38469],[-1.28393,42.38518],[-1.30206,42.38029],[-1.31912,42.37199],[-1.32908,42.35539],[-1.33747,42.34555],[-1.34219,42.34277],[-1.34318,42.34252]]]}},{"type":"Feature","properties":{"mun_code":"50216","mun_name":"Pozuelo de Aragón","mun_name_local":null,"prov_code":"50","prov_name":"Zaragoza","acom_code":"02","acom_name":"Aragón","geo_point_2d":{"lon":-1.380876999569766,"lat":41.75291822740686}},"geometry":{"type":"Polygon","coordinates":[[[-1.43495,41.77471],[-1.43358,41.76915],[-1.42916,41.76254],[-1.41179,41.74911],[-1.4006,41.72894],[-1.38966,41.7169],[-1.38271,41.72696],[-1.37737,41.73011],[-1.33518,41.73551],[-1.33518,41.74207],[-1.33885,41.74946],[-1.34249,41.7665],[-1.3479,41.76716],[-1.34647,41.77397],[-1.35134,41.77498],[-1.37146,41.77353],[-1.389,41.7746],[-1.42217,41.77367],[-1.43495,41.77471]]]}},{"type":"Feature","properties":{"mun_code":"50043","mun_name":"Bárboles","mun_name_local":null,"prov_code":"50","prov_name":"Zaragoza","acom_code":"02","acom_name":"Aragón","geo_point_2d":{"lon":-1.170893181292336,"lat":41.715308483750164}},"geometry":{"type":"Polygon","coordinates":[[[-1.1979,41.70791],[-1.19755,41.70366],[-1.18918,41.69803],[-1.16352,41.68999],[-1.15412,41.69067],[-1.14874,41.68977],[-1.14731,41.6933],[-1.14911,41.69834],[-1.16546,41.71591],[-1.16809,41.72057],[-1.16217,41.72633],[-1.15019,41.72927],[-1.13061,41.74062],[-1.13237,41.74333],[-1.13665,41.74131],[-1.14181,41.74275],[-1.14679,41.74089],[-1.14768,41.7387],[-1.15257,41.73624],[-1.15615,41.73634],[-1.15726,41.73923],[-1.16184,41.73841],[-1.16677,41.74084],[-1.16685,41.73899],[-1.16168,41.73493],[-1.16423,41.73005],[-1.16874,41.7343],[-1.17356,41.73358],[-1.17427,41.73658],[-1.17766,41.73949],[-1.18092,41.7391],[-1.18752,41.73278],[-1.1938,41.72964],[-1.19371,41.72742],[-1.19673,41.7244],[-1.19277,41.72222],[-1.19262,41.71847],[-1.18881,41.7178],[-1.18631,41.71529],[-1.1893,41.71425],[-1.19092,41.71573],[-1.19317,41.71503],[-1.19365,41.71356],[-1.19121,41.71156],[-1.19567,41.71029],[-1.19656,41.70871],[-1.1979,41.70791]]]}},{"type":"Feature","properties":{"mun_code":"50225","mun_name":"Ricla","mun_name_local":null,"prov_code":"50","prov_name":"Zaragoza","acom_code":"02","acom_name":"Aragón","geo_point_2d":{"lon":-1.4107618568611262,"lat":41.53084205366137}},"geometry":{"type":"Polygon","coordinates":[[[-1.45727,41.57705],[-1.46021,41.54722],[-1.45776,41.53475],[-1.45632,41.53379],[-1.4568,41.52911],[-1.45455,41.5238],[-1.45147,41.52206],[-1.44862,41.51734],[-1.44755,41.50827],[-1.44506,41.50803],[-1.44786,41.50502],[-1.44876,41.49801],[-1.44507,41.48873],[-1.43365,41.48275],[-1.42888,41.47852],[-1.42443,41.47093],[-1.42649,41.46382],[-1.41816,41.45699],[-1.42101,41.45143],[-1.41439,41.44713],[-1.41268,41.44727],[-1.41095,41.44925],[-1.40657,41.44942],[-1.40074,41.45365],[-1.38471,41.47682],[-1.39092,41.47783],[-1.38851,41.47898],[-1.3871,41.48097],[-1.38829,41.48189],[-1.38622,41.4829],[-1.38713,41.48712],[-1.38992,41.49014],[-1.38408,41.49298],[-1.38556,41.49715],[-1.39091,41.49669],[-1.3897,41.50122],[-1.38874,41.50249],[-1.38162,41.50332],[-1.3809,41.50797],[-1.37891,41.50681],[-1.37627,41.50719],[-1.37433,41.50827],[-1.37487,41.51127],[-1.37247,41.51013],[-1.36986,41.5117],[-1.36808,41.5155],[-1.36935,41.5193],[-1.3652,41.52103],[-1.36478,41.52412],[-1.36133,41.52587],[-1.36207,41.52834],[-1.35589,41.53115],[-1.35099,41.53818],[-1.34248,41.54418],[-1.33933,41.55013],[-1.36835,41.56517],[-1.37018,41.5647],[-1.37117,41.56625],[-1.38023,41.56765],[-1.39699,41.58169],[-1.40935,41.58246],[-1.41139,41.58486],[-1.41576,41.58426],[-1.41933,41.58553],[-1.42053,41.59511],[-1.42616,41.5967],[-1.43045,41.59701],[-1.43199,41.59545],[-1.43856,41.59481],[-1.44186,41.59574],[-1.44277,41.594],[-1.44793,41.59225],[-1.44925,41.58675],[-1.45265,41.58451],[-1.45324,41.58107],[-1.45712,41.57746],[-1.45727,41.57705]]]}},{"type":"Feature","properties":{"mun_code":"50262","mun_name":"Torres de Berrellén","mun_name_local":null,"prov_code":"50","prov_name":"Zaragoza","acom_code":"02","acom_name":"Aragón","geo_point_2d":{"lon":-1.104186837200191,"lat":41.81722178727402}},"geometry":{"type":"Polygon","coordinates":[[[-1.16368,41.81181],[-1.16443,41.80763],[-1.17207,41.8021],[-1.1713,41.79961],[-1.16804,41.79724],[-1.16583,41.79686],[-1.15782,41.803],[-1.15657,41.80881],[-1.1432,41.80968],[-1.14182,41.80754],[-1.14569,41.79943],[-1.14295,41.79862],[-1.14969,41.7901],[-1.15084,41.78479],[-1.14132,41.78937],[-1.13795,41.78865],[-1.1363,41.78623],[-1.13355,41.7865],[-1.13285,41.78851],[-1.13776,41.79427],[-1.13787,41.79808],[-1.12888,41.80172],[-1.09724,41.79669],[-1.09111,41.79417],[-1.09058,41.7917],[-1.09724,41.78576],[-1.09503,41.77832],[-1.09897,41.77767],[-1.09799,41.7746],[-1.1004,41.77231],[-1.09454,41.76961],[-1.09552,41.76138],[-1.0904,41.76208],[-1.08393,41.75859],[-1.07523,41.75602],[-1.07252,41.75636],[-1.07217,41.75465],[-1.07004,41.75493],[-1.06615,41.75157],[-1.06424,41.75195],[-1.06078,41.75006],[-1.0542,41.75083],[-1.03991,41.75567],[-1.03214,41.76037],[-1.02668,41.76042],[-1.01654,41.75294],[-1.00703,41.74907],[-1.00471,41.75098],[-1.00914,41.75398],[-1.01507,41.75569],[-1.02348,41.76214],[-1.04017,41.76907],[-1.05005,41.77514],[-1.05993,41.78339],[-1.0658,41.79096],[-1.08323,41.79703],[-1.08508,41.79645],[-1.09184,41.79968],[-1.10461,41.80081],[-1.10805,41.79984],[-1.12159,41.80159],[-1.12295,41.80426],[-1.11996,41.80945],[-1.10721,41.82525],[-1.10872,41.8429],[-1.10397,41.84565],[-1.10305,41.85055],[-1.09716,41.85308],[-1.08676,41.86412],[-1.08114,41.86761],[-1.07684,41.87459],[-1.07649,41.88181],[-1.07885,41.88601],[-1.08992,41.88761],[-1.09968,41.8856],[-1.10711,41.88075],[-1.12083,41.87713],[-1.12951,41.86998],[-1.13078,41.86547],[-1.13583,41.86137],[-1.13871,41.85441],[-1.16161,41.82651],[-1.15491,41.81547],[-1.15644,41.81269],[-1.16193,41.81249],[-1.16368,41.81181]]]}},{"type":"Feature","properties":{"mun_code":"50221","mun_name":"Purujosa","mun_name_local":null,"prov_code":"50","prov_name":"Zaragoza","acom_code":"02","acom_name":"Aragón","geo_point_2d":{"lon":-1.7672334651770107,"lat":41.69105722814869}},"geometry":{"type":"Polygon","coordinates":[[[-1.81259,41.68607],[-1.80908,41.68468],[-1.80622,41.66426],[-1.79822,41.66081],[-1.775,41.66406],[-1.75907,41.66099],[-1.75496,41.66304],[-1.74595,41.66303],[-1.73944,41.67042],[-1.73762,41.67522],[-1.73841,41.68309],[-1.73565,41.68419],[-1.73332,41.68849],[-1.73542,41.68981],[-1.73488,41.69097],[-1.72741,41.70172],[-1.73005,41.70391],[-1.73036,41.70572],[-1.72785,41.70823],[-1.73284,41.7189],[-1.73206,41.72309],[-1.74407,41.72517],[-1.7611,41.71832],[-1.77537,41.72479],[-1.78558,41.71716],[-1.78447,41.71594],[-1.78863,41.70327],[-1.78726,41.69909],[-1.79181,41.69995],[-1.79391,41.69802],[-1.7953,41.6992],[-1.7992,41.69822],[-1.803,41.69609],[-1.81035,41.68761],[-1.81259,41.68607]]]}},{"type":"Feature","properties":{"mun_code":"50263","mun_name":"Torrijo de la Cañada","mun_name_local":null,"prov_code":"50","prov_name":"Zaragoza","acom_code":"02","acom_name":"Aragón","geo_point_2d":{"lon":-1.8994108902733,"lat":41.46896891913761}},"geometry":{"type":"Polygon","coordinates":[[[-1.96998,41.48145],[-1.95723,41.46819],[-1.95217,41.45963],[-1.9524,41.44551],[-1.94881,41.43578],[-1.94874,41.42964],[-1.95369,41.42426],[-1.94229,41.41986],[-1.93424,41.41933],[-1.92835,41.4213],[-1.92111,41.42075],[-1.91425,41.42435],[-1.91263,41.43018],[-1.90462,41.43213],[-1.89589,41.43859],[-1.89198,41.43931],[-1.89112,41.44345],[-1.88733,41.44553],[-1.88583,41.44398],[-1.88235,41.44561],[-1.87883,41.44353],[-1.87307,41.44641],[-1.86806,41.44716],[-1.85874,41.44546],[-1.85685,41.44157],[-1.85292,41.4419],[-1.84855,41.44453],[-1.85073,41.44717],[-1.83914,41.45333],[-1.82941,41.46172],[-1.83066,41.46399],[-1.82959,41.46872],[-1.83354,41.477],[-1.84175,41.48639],[-1.84136,41.48796],[-1.85225,41.50437],[-1.85842,41.50715],[-1.86162,41.51138],[-1.86831,41.51401],[-1.8723,41.51437],[-1.87441,41.51112],[-1.87792,41.51067],[-1.88113,41.50775],[-1.90532,41.50982],[-1.91263,41.50338],[-1.92282,41.5008],[-1.93165,41.49554],[-1.95359,41.48812],[-1.95774,41.48804],[-1.96521,41.48465],[-1.96998,41.48145]]]}},{"type":"Feature","properties":{"mun_code":"50165","mun_name":"Mequinenza","mun_name_local":null,"prov_code":"50","prov_name":"Zaragoza","acom_code":"02","acom_name":"Aragón","geo_point_2d":{"lon":0.23009213259117017,"lat":41.33892674636162}},"geometry":{"type":"Polygon","coordinates":[[[0.09896,41.28411],[0.11718,41.26675],[0.12432,41.26317],[0.12782,41.26157],[0.13013,41.26393],[0.13924,41.26231],[0.15504,41.25504],[0.16096,41.25435],[0.16503,41.26024],[0.17213,41.26303],[0.18365,41.25926],[0.18783,41.26267],[0.19379,41.2619],[0.19443,41.26337],[0.1977,41.26412],[0.20086,41.26188],[0.2128,41.25963],[0.21888,41.25592],[0.22674,41.2533],[0.24558,41.25621],[0.25018,41.25992],[0.24407,41.26854],[0.24169,41.26967],[0.24542,41.27302],[0.24624,41.27923],[0.25037,41.28012],[0.26204,41.2867],[0.26827,41.29227],[0.28177,41.29633],[0.31238,41.29288],[0.32313,41.28864],[0.32294,41.28716],[0.32535,41.28724],[0.32562,41.28577],[0.33039,41.28527],[0.33078,41.28386],[0.33248,41.28495],[0.33283,41.28166],[0.33501,41.28032],[0.33764,41.28058],[0.33901,41.27879],[0.33971,41.2813],[0.3422,41.28156],[0.339,41.28945],[0.34109,41.29506],[0.34441,41.29794],[0.36291,41.30268],[0.36872,41.30737],[0.37034,41.314],[0.3678,41.31936],[0.36459,41.32127],[0.35166,41.32429],[0.34848,41.32888],[0.35857,41.33838],[0.35979,41.34128],[0.36469,41.34227],[0.36753,41.34122],[0.36691,41.3434],[0.37198,41.3465],[0.37397,41.35154],[0.35829,41.37199],[0.35203,41.37402],[0.32004,41.39418],[0.33512,41.40653],[0.33585,41.40746],[0.33371,41.40942],[0.30888,41.41884],[0.24511,41.42871],[0.24059,41.42835],[0.23456,41.42457],[0.23026,41.41745],[0.2249,41.41448],[0.22093,41.40996],[0.21909,41.40357],[0.20598,41.40427],[0.19924,41.40333],[0.18913,41.39617],[0.18264,41.39441],[0.17587,41.39633],[0.17128,41.40547],[0.1685,41.40684],[0.16454,41.40679],[0.15737,41.39774],[0.13265,41.38979],[0.12464,41.38354],[0.12126,41.37927],[0.11764,41.36862],[0.11821,41.36325],[0.1061,41.35001],[0.1165,41.32921],[0.11789,41.3173],[0.11349,41.31291],[0.10654,41.31201],[0.09632,41.31504],[0.09268,41.31257],[0.09207,41.30873],[0.08984,41.30757],[0.09085,41.30664],[0.08931,41.30532],[0.09328,41.30301],[0.09812,41.2974],[0.09648,41.29628],[0.09638,41.28938],[0.09896,41.28411]]]}},{"type":"Feature","properties":{"mun_code":"50282","mun_name":"La Vilueña","mun_name_local":null,"prov_code":"50","prov_name":"Zaragoza","acom_code":"02","acom_name":"Aragón","geo_point_2d":{"lon":-1.7235860387122837,"lat":41.282290203464484}},"geometry":{"type":"Polygon","coordinates":[[[-1.74675,41.28249],[-1.74767,41.27932],[-1.75233,41.27729],[-1.75165,41.2715],[-1.74115,41.26722],[-1.73494,41.2665],[-1.72333,41.27233],[-1.7212,41.26819],[-1.71428,41.27257],[-1.71265,41.27557],[-1.71172,41.28072],[-1.71307,41.28604],[-1.6922,41.28922],[-1.6907,41.29364],[-1.69183,41.29814],[-1.69724,41.3006],[-1.70257,41.30066],[-1.70527,41.29821],[-1.71381,41.297],[-1.71121,41.29334],[-1.70714,41.29223],[-1.71145,41.2884],[-1.71767,41.2894],[-1.72235,41.29207],[-1.72504,41.28974],[-1.733,41.28712],[-1.74006,41.28687],[-1.74639,41.28285],[-1.74675,41.28249]]]}},{"type":"Feature","properties":{"mun_code":"50042","mun_name":"Balconchán","mun_name_local":null,"prov_code":"50","prov_name":"Zaragoza","acom_code":"02","acom_name":"Aragón","geo_point_2d":{"lon":-1.4821882486304696,"lat":41.07654893538909}},"geometry":{"type":"Polygon","coordinates":[[[-1.52438,41.07616],[-1.52152,41.06478],[-1.51829,41.06151],[-1.51018,41.06112],[-1.50732,41.05922],[-1.50623,41.05988],[-1.49315,41.05666],[-1.48698,41.05379],[-1.46279,41.06885],[-1.45885,41.06833],[-1.4455,41.07557],[-1.4466,41.08772],[-1.4649,41.10461],[-1.4967,41.07984],[-1.50738,41.08342],[-1.51265,41.08367],[-1.52084,41.07847],[-1.52438,41.07616]]]}},{"type":"Feature","properties":{"mun_code":"50147","mun_name":"Luceni","mun_name_local":null,"prov_code":"50","prov_name":"Zaragoza","acom_code":"02","acom_name":"Aragón","geo_point_2d":{"lon":-1.2600201469821282,"lat":41.818985824058394}},"geometry":{"type":"Polygon","coordinates":[[[-1.31805,41.80542],[-1.31414,41.80153],[-1.30518,41.79629],[-1.2867,41.79081],[-1.28264,41.79102],[-1.27028,41.79843],[-1.2675,41.8025],[-1.26376,41.8047],[-1.24889,41.80969],[-1.2388,41.81215],[-1.2381,41.81096],[-1.23759,41.81277],[-1.22735,41.81704],[-1.21745,41.81866],[-1.20969,41.81601],[-1.21406,41.82339],[-1.19865,41.83375],[-1.20014,41.83996],[-1.20313,41.84288],[-1.20278,41.84485],[-1.20599,41.84389],[-1.20751,41.84468],[-1.22344,41.83429],[-1.22764,41.83788],[-1.23508,41.83709],[-1.24498,41.84114],[-1.24755,41.83915],[-1.24721,41.84055],[-1.25991,41.84092],[-1.29716,41.8188],[-1.31805,41.80542]]]}},{"type":"Feature","properties":{"mun_code":"50006","mun_name":"Ainzón","mun_name_local":null,"prov_code":"50","prov_name":"Zaragoza","acom_code":"02","acom_name":"Aragón","geo_point_2d":{"lon":-1.5303959384662824,"lat":41.772057650750334}},"geometry":{"type":"Polygon","coordinates":[[[-1.56372,41.73765],[-1.56223,41.73231],[-1.55186,41.72791],[-1.53965,41.73007],[-1.53143,41.72716],[-1.52089,41.73176],[-1.51864,41.7372],[-1.51327,41.74223],[-1.51147,41.74709],[-1.50085,41.75868],[-1.49734,41.76448],[-1.50041,41.76711],[-1.50324,41.77285],[-1.50593,41.793],[-1.501,41.79997],[-1.50071,41.80628],[-1.5052,41.81409],[-1.50198,41.81607],[-1.50188,41.8187],[-1.50493,41.81909],[-1.50525,41.82073],[-1.51299,41.82216],[-1.51677,41.82113],[-1.51855,41.82297],[-1.51862,41.82199],[-1.53292,41.82018],[-1.53285,41.81549],[-1.53898,41.80806],[-1.54123,41.80251],[-1.54746,41.79747],[-1.55484,41.7794],[-1.56135,41.77078],[-1.55993,41.75584],[-1.56472,41.75272],[-1.56198,41.74785],[-1.56478,41.7436],[-1.56477,41.7388],[-1.56372,41.73765]]]}},{"type":"Feature","properties":{"mun_code":"50116","mun_name":"Fuentes de Jiloca","mun_name_local":null,"prov_code":"50","prov_name":"Zaragoza","acom_code":"02","acom_name":"Aragón","geo_point_2d":{"lon":-1.5480433898237378,"lat":41.2262293329914}},"geometry":{"type":"Polygon","coordinates":[[[-1.58588,41.20114],[-1.5813,41.1971],[-1.57705,41.1964],[-1.56255,41.18959],[-1.55554,41.19677],[-1.54858,41.19863],[-1.54106,41.21081],[-1.5302,41.2167],[-1.52652,41.21661],[-1.52456,41.2195],[-1.51042,41.2248],[-1.5122,41.22795],[-1.51033,41.23023],[-1.50829,41.24058],[-1.51439,41.24499],[-1.52801,41.25124],[-1.52905,41.25762],[-1.5412,41.26092],[-1.56537,41.24676],[-1.56124,41.24346],[-1.57078,41.22971],[-1.5748,41.22795],[-1.57727,41.22394],[-1.58447,41.21924],[-1.58081,41.21664],[-1.57997,41.21168],[-1.58007,41.20645],[-1.58347,41.20323],[-1.58588,41.20114]]]}},{"type":"Feature","properties":{"mun_code":"50271","mun_name":"Used","mun_name_local":null,"prov_code":"50","prov_name":"Zaragoza","acom_code":"02","acom_name":"Aragón","geo_point_2d":{"lon":-1.5806448044075372,"lat":41.029929249158975}},"geometry":{"type":"Polygon","coordinates":[[[-1.65408,40.969],[-1.63209,40.95063],[-1.61745,40.94373],[-1.61121,40.94761],[-1.60744,40.95638],[-1.59598,40.96852],[-1.59351,40.97675],[-1.57941,40.99255],[-1.57635,40.99799],[-1.55265,41.01087],[-1.54453,41.01735],[-1.53728,41.0267],[-1.53215,41.02851],[-1.53021,41.0327],[-1.51903,41.03635],[-1.52013,41.04393],[-1.52431,41.05129],[-1.52397,41.05406],[-1.51829,41.06151],[-1.52152,41.06478],[-1.52374,41.0753],[-1.52825,41.08049],[-1.53778,41.08303],[-1.5435,41.08765],[-1.54459,41.09064],[-1.54743,41.09232],[-1.54685,41.09556],[-1.55221,41.09943],[-1.57213,41.09203],[-1.58086,41.08645],[-1.59259,41.08271],[-1.59926,41.07243],[-1.61836,41.05315],[-1.61678,41.0426],[-1.61874,41.03804],[-1.61666,41.026],[-1.61859,41.00361],[-1.61735,40.98879],[-1.61448,40.98228],[-1.63884,40.97636],[-1.65267,40.97035],[-1.65408,40.969]]]}},{"type":"Feature","properties":{"mun_code":"50163","mun_name":"María de Huerva","mun_name_local":null,"prov_code":"50","prov_name":"Zaragoza","acom_code":"02","acom_name":"Aragón","geo_point_2d":{"lon":-0.9914051656193417,"lat":41.51075459432245}},"geometry":{"type":"Polygon","coordinates":[[[-1.04027,41.52772],[-1.02638,41.52306],[-1.02428,41.52071],[-1.02549,41.51039],[-1.0087,41.48059],[-1.00947,41.47202],[-1.00704,41.46453],[-0.99439,41.46251],[-0.96827,41.45497],[-0.95353,41.44077],[-0.94483,41.43748],[-0.93768,41.43007],[-0.92491,41.42615],[-0.92225,41.43994],[-0.91748,41.44808],[-0.9145,41.45895],[-0.92014,41.47244],[-0.91779,41.47952],[-0.91584,41.48067],[-0.91808,41.49289],[-0.91673,41.49841],[-0.92767,41.50386],[-0.94461,41.51673],[-0.95217,41.52608],[-0.9582,41.53055],[-0.95981,41.53679],[-0.96464,41.53856],[-0.97121,41.5387],[-0.97423,41.54051],[-0.98219,41.54666],[-0.98202,41.54843],[-0.99968,41.55752],[-1.0178,41.57004],[-1.03176,41.57744],[-1.03664,41.58722],[-1.0424,41.58716],[-1.04347,41.58934],[-1.05243,41.58791],[-1.05652,41.58194],[-1.0577,41.58294],[-1.05958,41.58243],[-1.05966,41.58101],[-1.06266,41.58105],[-1.06247,41.5779],[-1.05624,41.57369],[-1.0624,41.57416],[-1.06278,41.57215],[-1.06071,41.57046],[-1.06266,41.56943],[-1.06373,41.57103],[-1.06732,41.56957],[-1.06627,41.56552],[-1.07164,41.56834],[-1.07313,41.56752],[-1.07554,41.56445],[-1.0729,41.56101],[-1.074,41.56031],[-1.07771,41.56533],[-1.08167,41.5663],[-1.08524,41.56524],[-1.08375,41.56026],[-1.07942,41.55727],[-1.07768,41.55406],[-1.08269,41.55507],[-1.08523,41.55739],[-1.08573,41.55565],[-1.08909,41.55656],[-1.09272,41.55553],[-1.08582,41.55191],[-1.10191,41.55204],[-1.1043,41.55018],[-1.09542,41.54816],[-1.09556,41.54648],[-1.09881,41.54622],[-1.10021,41.54454],[-1.09536,41.54446],[-1.09373,41.54269],[-1.09174,41.54476],[-1.0907,41.54374],[-1.08778,41.54456],[-1.08769,41.5425],[-1.08378,41.54177],[-1.08833,41.53911],[-1.08794,41.53729],[-1.08466,41.53872],[-1.08368,41.5377],[-1.08016,41.54089],[-1.07696,41.54059],[-1.07984,41.53896],[-1.08052,41.53665],[-1.07699,41.5371],[-1.07914,41.53372],[-1.07692,41.53381],[-1.07451,41.53117],[-1.07385,41.53335],[-1.07142,41.53215],[-1.07029,41.53644],[-1.06872,41.53686],[-1.06879,41.53516],[-1.06609,41.53482],[-1.05543,41.53861],[-1.04409,41.53126],[-1.04027,41.52772]]]}},{"type":"Feature","properties":{"mun_code":"50153","mun_name":"Magallón","mun_name_local":null,"prov_code":"50","prov_name":"Zaragoza","acom_code":"02","acom_name":"Aragón","geo_point_2d":{"lon":-1.3957589525073852,"lat":41.812208634133256}},"geometry":{"type":"Polygon","coordinates":[[[-1.48814,41.83052],[-1.47859,41.83012],[-1.46651,41.82419],[-1.4615,41.82619],[-1.45858,41.82573],[-1.45554,41.8239],[-1.45494,41.81983],[-1.44968,41.8189],[-1.45383,41.81674],[-1.45217,41.80704],[-1.44797,41.79919],[-1.44797,41.78999],[-1.43495,41.77471],[-1.42217,41.77367],[-1.34393,41.77446],[-1.33961,41.77614],[-1.3212,41.80265],[-1.31737,41.8043],[-1.325,41.81671],[-1.33757,41.82572],[-1.35625,41.84614],[-1.35981,41.85638],[-1.35888,41.87346],[-1.37019,41.86788],[-1.37613,41.85748],[-1.39175,41.8416],[-1.39006,41.84142],[-1.38625,41.83662],[-1.38237,41.82851],[-1.38078,41.81538],[-1.38964,41.81626],[-1.40478,41.82094],[-1.42726,41.83681],[-1.43471,41.83538],[-1.43732,41.8368],[-1.43937,41.83624],[-1.4397,41.83799],[-1.44244,41.83639],[-1.44201,41.83771],[-1.4445,41.83807],[-1.45159,41.83663],[-1.45361,41.84006],[-1.44974,41.84201],[-1.45173,41.84218],[-1.45001,41.84331],[-1.45131,41.84559],[-1.4491,41.84754],[-1.4495,41.84976],[-1.46082,41.85302],[-1.46403,41.85526],[-1.47231,41.85472],[-1.47482,41.85572],[-1.48157,41.85307],[-1.48764,41.84011],[-1.48809,41.83118],[-1.48814,41.83052]]]}},{"type":"Feature","properties":{"mun_code":"50133","mun_name":"Lagata","mun_name_local":null,"prov_code":"50","prov_name":"Zaragoza","acom_code":"02","acom_name":"Aragón","geo_point_2d":{"lon":-0.8022706331874899,"lat":41.20810291418769}},"geometry":{"type":"Polygon","coordinates":[[[-0.82669,41.24335],[-0.81915,41.23393],[-0.82582,41.20604],[-0.81745,41.20128],[-0.81639,41.19832],[-0.81623,41.19494],[-0.81894,41.1936],[-0.81861,41.18747],[-0.82133,41.18274],[-0.81419,41.17577],[-0.8011,41.17116],[-0.78391,41.18187],[-0.77836,41.18306],[-0.77942,41.18627],[-0.77689,41.19485],[-0.77872,41.20041],[-0.77733,41.20401],[-0.78085,41.20983],[-0.78434,41.22181],[-0.78739,41.22677],[-0.79678,41.23585],[-0.79805,41.24174],[-0.80153,41.24605],[-0.80428,41.24762],[-0.80942,41.24744],[-0.81706,41.24404],[-0.82403,41.24366],[-0.82669,41.24335]]]}},{"type":"Feature","properties":{"mun_code":"50081","mun_name":"Cetina","mun_name_local":null,"prov_code":"50","prov_name":"Zaragoza","acom_code":"02","acom_name":"Aragón","geo_point_2d":{"lon":-1.9691735272215793,"lat":41.27632348363773}},"geometry":{"type":"Polygon","coordinates":[[[-2.01337,41.24778],[-2.01704,41.24327],[-2.01583,41.23491],[-1.99913,41.21495],[-1.97142,41.21193],[-1.9612,41.21391],[-1.94731,41.21915],[-1.94322,41.22452],[-1.92868,41.23337],[-1.94409,41.25063],[-1.94184,41.25282],[-1.94242,41.25547],[-1.94073,41.25805],[-1.93922,41.27829],[-1.934,41.30718],[-1.92128,41.32868],[-1.93441,41.33997],[-1.9405,41.34991],[-1.96286,41.33981],[-1.98233,41.33848],[-1.99078,41.33354],[-1.99401,41.33005],[-1.99129,41.31135],[-1.98738,41.30669],[-1.98873,41.30302],[-1.9843,41.30121],[-1.98514,41.2997],[-1.99186,41.30204],[-1.99709,41.29448],[-1.99994,41.28594],[-2.00594,41.27874],[-2.00954,41.26891],[-2.01325,41.24812],[-2.01337,41.24778]]]}},{"type":"Feature","properties":{"mun_code":"50222","mun_name":"Quinto","mun_name_local":null,"prov_code":"50","prov_name":"Zaragoza","acom_code":"02","acom_name":"Aragón","geo_point_2d":{"lon":-0.530652167453037,"lat":41.40621552526187}},"geometry":{"type":"Polygon","coordinates":[[[-0.60386,41.38799],[-0.59958,41.37803],[-0.59506,41.37624],[-0.59492,41.37444],[-0.58984,41.37169],[-0.59031,41.37069],[-0.5814,41.36141],[-0.57052,41.35615],[-0.56698,41.3565],[-0.56773,41.35391],[-0.55892,41.3543],[-0.55359,41.34709],[-0.55067,41.3455],[-0.54341,41.34897],[-0.53911,41.34922],[-0.53575,41.34793],[-0.53024,41.3492],[-0.52254,41.34837],[-0.52145,41.35047],[-0.51054,41.35409],[-0.50768,41.3532],[-0.50256,41.35439],[-0.50299,41.35332],[-0.50028,41.35222],[-0.49859,41.35301],[-0.49308,41.35088],[-0.48994,41.36453],[-0.48381,41.36627],[-0.46647,41.36211],[-0.45777,41.36621],[-0.45058,41.37274],[-0.44751,41.37975],[-0.45211,41.38272],[-0.46287,41.38637],[-0.47203,41.39455],[-0.47765,41.40181],[-0.47198,41.41082],[-0.47368,41.42218],[-0.47551,41.42519],[-0.47544,41.43241],[-0.47449,41.43391],[-0.47004,41.43524],[-0.47089,41.44292],[-0.47483,41.4446],[-0.4794,41.44433],[-0.49425,41.43396],[-0.50026,41.43482],[-0.50215,41.43757],[-0.49981,41.44197],[-0.48995,41.45002],[-0.48539,41.45202],[-0.48604,41.45524],[-0.49888,41.45969],[-0.50441,41.46356],[-0.52558,41.45617],[-0.53244,41.45677],[-0.53351,41.46046],[-0.53099,41.46251],[-0.52501,41.46339],[-0.52394,41.47175],[-0.53364,41.46961],[-0.5393,41.47168],[-0.541,41.47437],[-0.53715,41.47957],[-0.54166,41.48388],[-0.55524,41.47845],[-0.56008,41.47995],[-0.55896,41.47831],[-0.56248,41.47602],[-0.56532,41.47165],[-0.57797,41.43644],[-0.58357,41.42753],[-0.59339,41.41664],[-0.59507,41.40269],[-0.58609,41.38895],[-0.60386,41.38799]]]}},{"type":"Feature","properties":{"mun_code":"50105","mun_name":"Fayón","mun_name_local":null,"prov_code":"50","prov_name":"Zaragoza","acom_code":"02","acom_name":"Aragón","geo_point_2d":{"lon":0.3191333884739008,"lat":41.2643990128144}},"geometry":{"type":"Polygon","coordinates":[[[0.24853,41.25875],[0.25193,41.25509],[0.26737,41.2493],[0.27332,41.24027],[0.28322,41.23193],[0.29206,41.23212],[0.29898,41.23716],[0.30086,41.24211],[0.2972,41.2507],[0.29921,41.25363],[0.30378,41.25433],[0.3098,41.25207],[0.31088,41.24775],[0.31552,41.24101],[0.31562,41.23537],[0.32053,41.23019],[0.32153,41.22615],[0.32554,41.22348],[0.33215,41.223],[0.34031,41.23106],[0.35024,41.22706],[0.36086,41.22552],[0.36418,41.22767],[0.36338,41.23612],[0.3646,41.23868],[0.38131,41.23643],[0.37876,41.23747],[0.37829,41.24102],[0.37382,41.24515],[0.37351,41.24866],[0.37804,41.25282],[0.37715,41.2628],[0.37958,41.27059],[0.38556,41.27861],[0.36994,41.29599],[0.36565,41.30397],[0.34441,41.29794],[0.34109,41.29506],[0.339,41.28945],[0.3422,41.28156],[0.33971,41.2813],[0.33901,41.27879],[0.33764,41.28058],[0.33501,41.28032],[0.33283,41.28166],[0.33248,41.28495],[0.33078,41.28386],[0.33039,41.28527],[0.32562,41.28577],[0.32535,41.28724],[0.32294,41.28716],[0.32313,41.28864],[0.31238,41.29288],[0.28177,41.29633],[0.26827,41.29227],[0.26204,41.2867],[0.25037,41.28012],[0.24624,41.27923],[0.24542,41.27302],[0.24169,41.26967],[0.24407,41.26854],[0.25018,41.25992],[0.24853,41.25875]]]}},{"type":"Feature","properties":{"mun_code":"50060","mun_name":"Bulbuente","mun_name_local":null,"prov_code":"50","prov_name":"Zaragoza","acom_code":"02","acom_name":"Aragón","geo_point_2d":{"lon":-1.6183044862945768,"lat":41.82774218045102}},"geometry":{"type":"Polygon","coordinates":[[[-1.65362,41.80148],[-1.64214,41.80277],[-1.63392,41.80884],[-1.63026,41.80929],[-1.62813,41.81123],[-1.61977,41.81147],[-1.61782,41.80966],[-1.61362,41.8091],[-1.60567,41.81188],[-1.5964,41.80568],[-1.58875,41.80401],[-1.58339,41.81667],[-1.57812,41.8183],[-1.57818,41.82351],[-1.58041,41.82549],[-1.5778,41.82895],[-1.59032,41.83595],[-1.59433,41.84314],[-1.60579,41.85281],[-1.61745,41.8545],[-1.62883,41.85262],[-1.63471,41.85002],[-1.64194,41.84412],[-1.65338,41.84413],[-1.64989,41.8409],[-1.64863,41.82465],[-1.65239,41.81878],[-1.65198,41.81252],[-1.65523,41.80706],[-1.65438,41.8027],[-1.65362,41.80148]]]}},{"type":"Feature","properties":{"mun_code":"50285","mun_name":"Villafranca de Ebro","mun_name_local":null,"prov_code":"50","prov_name":"Zaragoza","acom_code":"02","acom_name":"Aragón","geo_point_2d":{"lon":-0.5783166444774255,"lat":41.5747067937191}},"geometry":{"type":"Polygon","coordinates":[[[-0.68159,41.56337],[-0.68463,41.55701],[-0.67644,41.552],[-0.67278,41.55744],[-0.66953,41.55856],[-0.65725,41.55498],[-0.64924,41.55912],[-0.64145,41.55446],[-0.64057,41.55161],[-0.64332,41.54726],[-0.64243,41.54462],[-0.64051,41.54405],[-0.63388,41.54953],[-0.62861,41.54832],[-0.62415,41.55168],[-0.6278,41.55724],[-0.63342,41.56042],[-0.62867,41.5652],[-0.6156,41.55896],[-0.60832,41.55341],[-0.59792,41.55028],[-0.59014,41.54614],[-0.57882,41.5363],[-0.56735,41.53214],[-0.56201,41.53628],[-0.54598,41.54423],[-0.52526,41.56514],[-0.51958,41.57312],[-0.51536,41.58618],[-0.51532,41.59146],[-0.50887,41.60649],[-0.51509,41.61256],[-0.5237,41.61537],[-0.52791,41.615],[-0.54929,41.61928],[-0.55598,41.6125],[-0.56006,41.61227],[-0.5635,41.60988],[-0.56227,41.60642],[-0.56356,41.60379],[-0.57008,41.60047],[-0.58133,41.59887],[-0.58586,41.59271],[-0.60084,41.59407],[-0.60253,41.5899],[-0.60699,41.5909],[-0.6045,41.58803],[-0.60596,41.5865],[-0.60468,41.58062],[-0.61181,41.57484],[-0.61824,41.57512],[-0.62376,41.57187],[-0.62972,41.56586],[-0.63723,41.57206],[-0.66781,41.58836],[-0.67204,41.58186],[-0.67397,41.57177],[-0.66927,41.56546],[-0.67304,41.56414],[-0.67787,41.56551],[-0.6809,41.56388],[-0.68159,41.56337]]]}},{"type":"Feature","properties":{"mun_code":"50055","mun_name":"Borja","mun_name_local":null,"prov_code":"50","prov_name":"Zaragoza","acom_code":"02","acom_name":"Aragón","geo_point_2d":{"lon":-1.5510149499692925,"lat":41.8497401333465}},"geometry":{"type":"Polygon","coordinates":[[[-1.62883,41.85262],[-1.61745,41.8545],[-1.60579,41.85281],[-1.59433,41.84314],[-1.59032,41.83595],[-1.5778,41.82895],[-1.58041,41.82549],[-1.57818,41.82351],[-1.57812,41.8183],[-1.58339,41.81667],[-1.58879,41.80341],[-1.58643,41.80099],[-1.58448,41.79435],[-1.58126,41.79364],[-1.57824,41.78654],[-1.57841,41.7815],[-1.57547,41.77667],[-1.57241,41.75918],[-1.58197,41.7478],[-1.58751,41.74355],[-1.58368,41.74137],[-1.58348,41.73756],[-1.57522,41.73367],[-1.57318,41.72854],[-1.56372,41.73765],[-1.56478,41.7436],[-1.56198,41.74785],[-1.56472,41.75272],[-1.55993,41.75584],[-1.56197,41.76751],[-1.56109,41.77137],[-1.55484,41.7794],[-1.54746,41.79747],[-1.54123,41.80251],[-1.53898,41.80806],[-1.53285,41.81549],[-1.53292,41.82018],[-1.51862,41.82199],[-1.51855,41.82297],[-1.51677,41.82113],[-1.51299,41.82216],[-1.5194,41.83166],[-1.48814,41.83052],[-1.48764,41.84011],[-1.48345,41.84707],[-1.48355,41.85007],[-1.47942,41.8548],[-1.48329,41.85686],[-1.48973,41.86361],[-1.49461,41.87139],[-1.48777,41.87696],[-1.49479,41.88258],[-1.4984,41.8954],[-1.50325,41.9031],[-1.51885,41.90905],[-1.55926,41.91394],[-1.58017,41.92097],[-1.57936,41.91006],[-1.57496,41.90013],[-1.57686,41.88808],[-1.59068,41.88441],[-1.5969,41.88565],[-1.59953,41.88414],[-1.6123,41.88355],[-1.61576,41.87608],[-1.62275,41.87169],[-1.62068,41.86033],[-1.62789,41.85381],[-1.62883,41.85262]],[[-1.54876,41.82618],[-1.55107,41.82793],[-1.54787,41.82914],[-1.54733,41.82622],[-1.54876,41.82618]]]}},{"type":"Feature","properties":{"mun_code":"50094","mun_name":"Daroca","mun_name_local":null,"prov_code":"50","prov_name":"Zaragoza","acom_code":"02","acom_name":"Aragón","geo_point_2d":{"lon":-1.4176132430088135,"lat":41.11398545578402}},"geometry":{"type":"Polygon","coordinates":[[[-1.4649,41.10461],[-1.4466,41.08772],[-1.4455,41.07557],[-1.44277,41.07387],[-1.43617,41.07728],[-1.41212,41.08063],[-1.40864,41.07799],[-1.41047,41.07325],[-1.40904,41.07142],[-1.39992,41.07891],[-1.3987,41.0846],[-1.38136,41.09467],[-1.36673,41.09775],[-1.37198,41.10375],[-1.37431,41.10996],[-1.37162,41.11409],[-1.36795,41.11625],[-1.36802,41.1211],[-1.35455,41.13589],[-1.36587,41.13461],[-1.3898,41.13767],[-1.4064,41.14602],[-1.41054,41.14491],[-1.4164,41.14805],[-1.42045,41.15315],[-1.42834,41.15524],[-1.43224,41.15268],[-1.43403,41.14828],[-1.44512,41.13961],[-1.45006,41.13819],[-1.45299,41.14103],[-1.45727,41.14252],[-1.46088,41.13825],[-1.45706,41.13399],[-1.46077,41.13055],[-1.46025,41.12651],[-1.47354,41.11954],[-1.4746,41.11829],[-1.47085,41.1166],[-1.4649,41.10461]]]}},{"type":"Feature","properties":{"mun_code":"50100","mun_name":"Erla","mun_name_local":null,"prov_code":"50","prov_name":"Zaragoza","acom_code":"02","acom_name":"Aragón","geo_point_2d":{"lon":-0.9780084112062276,"lat":42.11084697527849}},"geometry":{"type":"Polygon","coordinates":[[[-1.02695,42.09937],[-1.02428,42.0985],[-1.0161,42.10165],[-1.01447,42.10047],[-1.01708,42.09631],[-1.01365,42.09571],[-1.01176,42.09945],[-1.00138,42.10113],[-0.99957,42.10336],[-0.99445,42.10034],[-0.98407,42.09876],[-0.98462,42.09704],[-0.97932,42.09759],[-0.97155,42.09599],[-0.94853,42.0974],[-0.9359,42.10497],[-0.93463,42.1077],[-0.9338,42.11239],[-0.93799,42.12631],[-0.94026,42.12569],[-0.94836,42.1318],[-0.95226,42.13068],[-0.95288,42.12928],[-0.9551,42.12952],[-0.95599,42.12531],[-0.95983,42.12521],[-0.96809,42.11992],[-0.97281,42.11851],[-0.97552,42.1147],[-0.9757,42.10964],[-0.98805,42.11691],[-0.9989,42.11881],[-1.00526,42.12427],[-1.01529,42.12371],[-1.02061,42.11869],[-1.02637,42.11766],[-1.02995,42.11407],[-1.02975,42.11151],[-1.02429,42.10544],[-1.0262,42.10023],[-1.02695,42.09937]]]}},{"type":"Feature","properties":{"mun_code":"50026","mun_name":"Alpartir","mun_name_local":null,"prov_code":"50","prov_name":"Zaragoza","acom_code":"02","acom_name":"Aragón","geo_point_2d":{"lon":-1.380568422873146,"lat":41.40481370720035}},"geometry":{"type":"MultiPolygon","coordinates":[[[[-1.35249,41.37464],[-1.36174,41.37354],[-1.36975,41.3701],[-1.38038,41.36022],[-1.37243,41.35503],[-1.37159,41.35034],[-1.36911,41.34835],[-1.35802,41.34712],[-1.35526,41.35022],[-1.35143,41.35054],[-1.34857,41.35253],[-1.34813,41.35583],[-1.35171,41.36148],[-1.34954,41.36879],[-1.35196,41.37447],[-1.35249,41.37464]]],[[[-1.35017,41.43524],[-1.35385,41.4366],[-1.36034,41.44203],[-1.36609,41.44127],[-1.37885,41.44396],[-1.38396,41.4377],[-1.39144,41.43942],[-1.40023,41.43765],[-1.40803,41.43397],[-1.41142,41.43068],[-1.41564,41.42975],[-1.41859,41.42443],[-1.41319,41.41795],[-1.41107,41.41734],[-1.41328,41.41476],[-1.41293,41.41103],[-1.41081,41.40977],[-1.41141,41.39891],[-1.40801,41.39788],[-1.40588,41.39413],[-1.40004,41.39209],[-1.39854,41.38922],[-1.40123,41.3861],[-1.39794,41.38179],[-1.39907,41.37972],[-1.39782,41.37683],[-1.39403,41.37409],[-1.39056,41.37322],[-1.38285,41.38231],[-1.37582,41.3855],[-1.36361,41.38622],[-1.36221,41.39414],[-1.36691,41.39989],[-1.36986,41.39933],[-1.37557,41.40271],[-1.36782,41.40985],[-1.36754,41.41286],[-1.36483,41.41231],[-1.35587,41.4179],[-1.35011,41.41978],[-1.34984,41.43478],[-1.35017,41.43524]]]]}},{"type":"Feature","properties":{"mun_code":"50136","mun_name":"Lécera","mun_name_local":null,"prov_code":"50","prov_name":"Zaragoza","acom_code":"02","acom_name":"Aragón","geo_point_2d":{"lon":-0.694176287174409,"lat":41.18598194087626}},"geometry":{"type":"Polygon","coordinates":[[[-0.76141,41.16966],[-0.75071,41.16543],[-0.7465,41.16182],[-0.74538,41.15724],[-0.73812,41.15102],[-0.736,41.15073],[-0.73321,41.14521],[-0.72775,41.14391],[-0.72582,41.138],[-0.7223,41.13772],[-0.72239,41.1335],[-0.7138,41.12632],[-0.71554,41.12467],[-0.71218,41.12175],[-0.6966,41.11544],[-0.69397,41.11229],[-0.68037,41.1208],[-0.67588,41.12538],[-0.67137,41.13102],[-0.67209,41.13418],[-0.66846,41.13814],[-0.665,41.14596],[-0.64651,41.1632],[-0.64082,41.17097],[-0.63034,41.17764],[-0.62411,41.17986],[-0.62188,41.18429],[-0.6099,41.19168],[-0.61136,41.19482],[-0.62189,41.19881],[-0.62876,41.20443],[-0.63946,41.21763],[-0.66056,41.22968],[-0.66951,41.23715],[-0.68167,41.24322],[-0.69385,41.24542],[-0.69629,41.24454],[-0.71369,41.2452],[-0.73255,41.25106],[-0.73741,41.25131],[-0.74167,41.24892],[-0.74323,41.24473],[-0.74223,41.23667],[-0.74056,41.23719],[-0.74154,41.24312],[-0.72284,41.24644],[-0.71751,41.24454],[-0.71745,41.23774],[-0.71923,41.23536],[-0.74391,41.22461],[-0.748,41.21567],[-0.7482,41.21149],[-0.76048,41.18724],[-0.75943,41.18099],[-0.76075,41.17199],[-0.76141,41.16966]]]}},{"type":"Feature","properties":{"mun_code":"50108","mun_name":"Fombuena","mun_name_local":null,"prov_code":"50","prov_name":"Zaragoza","acom_code":"02","acom_name":"Aragón","geo_point_2d":{"lon":-1.1914751492205335,"lat":41.15541074101646}},"geometry":{"type":"Polygon","coordinates":[[[-1.21528,41.13752],[-1.20998,41.1388],[-1.19988,41.13083],[-1.19246,41.12701],[-1.17702,41.12805],[-1.17399,41.12369],[-1.16692,41.12641],[-1.15476,41.12771],[-1.15633,41.12903],[-1.1576,41.14115],[-1.17346,41.1603],[-1.1799,41.17189],[-1.18052,41.17908],[-1.17607,41.18535],[-1.18099,41.18897],[-1.1875,41.19056],[-1.20602,41.18798],[-1.21085,41.18793],[-1.21415,41.18944],[-1.21495,41.16943],[-1.21938,41.15428],[-1.22446,41.14668],[-1.22054,41.14095],[-1.21528,41.13752]]]}},{"type":"Feature","properties":{"mun_code":"50140","mun_name":"Litago","mun_name_local":null,"prov_code":"50","prov_name":"Zaragoza","acom_code":"02","acom_name":"Aragón","geo_point_2d":{"lon":-1.7617916862065925,"lat":41.80662641835701}},"geometry":{"type":"Polygon","coordinates":[[[-1.80133,41.80121],[-1.79788,41.7962],[-1.79743,41.7892],[-1.79253,41.79828],[-1.78226,41.79947],[-1.77888,41.79644],[-1.77418,41.7965],[-1.77029,41.79396],[-1.77142,41.78743],[-1.77394,41.78592],[-1.76456,41.787],[-1.75483,41.79173],[-1.74771,41.79045],[-1.73544,41.79118],[-1.73453,41.7926],[-1.73685,41.79553],[-1.74223,41.79715],[-1.74272,41.79959],[-1.73705,41.80356],[-1.72988,41.80623],[-1.7413,41.82703],[-1.75157,41.82321],[-1.75569,41.82376],[-1.75833,41.82595],[-1.77209,41.81987],[-1.77323,41.8214],[-1.79396,41.80646],[-1.80006,41.80524],[-1.80184,41.80354],[-1.80118,41.8018],[-1.80133,41.80121]]]}},{"type":"Feature","properties":{"mun_code":"50228","mun_name":"Rueda de Jalón","mun_name_local":null,"prov_code":"50","prov_name":"Zaragoza","acom_code":"02","acom_name":"Aragón","geo_point_2d":{"lon":-1.3486604079836517,"lat":41.677027171885996}},"geometry":{"type":"Polygon","coordinates":[[[-1.45882,41.64784],[-1.45388,41.64462],[-1.43012,41.64602],[-1.42483,41.64784],[-1.42446,41.65057],[-1.42242,41.65088],[-1.42054,41.64951],[-1.42037,41.65091],[-1.41471,41.6545],[-1.39101,41.65459],[-1.38713,41.65337],[-1.38462,41.65416],[-1.38462,41.65661],[-1.388,41.65818],[-1.38033,41.66531],[-1.36717,41.66378],[-1.35557,41.66508],[-1.35243,41.6596],[-1.33509,41.65127],[-1.31335,41.64714],[-1.29557,41.63891],[-1.2893,41.63896],[-1.28571,41.6344],[-1.28804,41.62626],[-1.28473,41.62425],[-1.28694,41.62229],[-1.2831,41.61891],[-1.26559,41.6194],[-1.23138,41.6126],[-1.22722,41.61273],[-1.21754,41.61543],[-1.19846,41.62864],[-1.21019,41.62136],[-1.21465,41.62213],[-1.22856,41.62616],[-1.24711,41.63432],[-1.26065,41.65118],[-1.27123,41.64889],[-1.28045,41.6485],[-1.27811,41.65179],[-1.27909,41.6539],[-1.2735,41.66119],[-1.2803,41.66685],[-1.29306,41.67429],[-1.30777,41.69141],[-1.30929,41.69355],[-1.30713,41.70837],[-1.31121,41.72106],[-1.32216,41.72661],[-1.32864,41.73701],[-1.37997,41.72917],[-1.3884,41.71787],[-1.39496,41.71264],[-1.40406,41.71028],[-1.41057,41.70617],[-1.42075,41.70418],[-1.42558,41.69741],[-1.43291,41.69588],[-1.43996,41.69201],[-1.44303,41.67441],[-1.44614,41.66813],[-1.45233,41.6613],[-1.45851,41.64824],[-1.45882,41.64784]]]}},{"type":"Feature","properties":{"mun_code":"50160","mun_name":"Mallén","mun_name_local":null,"prov_code":"50","prov_name":"Zaragoza","acom_code":"02","acom_name":"Aragón","geo_point_2d":{"lon":-1.4287512999343854,"lat":41.89548906878144}},"geometry":{"type":"Polygon","coordinates":[[[-1.52331,41.90989],[-1.50308,41.90284],[-1.47431,41.90349],[-1.45404,41.90161],[-1.45429,41.89939],[-1.44228,41.88953],[-1.44267,41.88728],[-1.43056,41.88131],[-1.41572,41.87714],[-1.40793,41.8718],[-1.40978,41.8676],[-1.40478,41.86696],[-1.37762,41.85672],[-1.37289,41.86158],[-1.37325,41.86415],[-1.37019,41.86788],[-1.35888,41.87346],[-1.36043,41.87847],[-1.36506,41.8839],[-1.37798,41.89351],[-1.38624,41.89655],[-1.39744,41.90416],[-1.39927,41.90335],[-1.40109,41.9058],[-1.41075,41.90646],[-1.41094,41.91028],[-1.41576,41.9168],[-1.41779,41.91385],[-1.42178,41.91307],[-1.43628,41.9145],[-1.44072,41.91642],[-1.45329,41.91573],[-1.47305,41.92448],[-1.50176,41.92428],[-1.50305,41.91938],[-1.50612,41.91586],[-1.51289,41.91487],[-1.52086,41.91155],[-1.52331,41.90989]]]}},{"type":"Feature","properties":{"mun_code":"50077","mun_name":"Castejón de Valdejasa","mun_name_local":null,"prov_code":"50","prov_name":"Zaragoza","acom_code":"02","acom_name":"Aragón","geo_point_2d":{"lon":-1.0059845330033748,"lat":41.99785874737083}},"geometry":{"type":"Polygon","coordinates":[[[-1.08847,41.99043],[-1.0793,41.9814],[-1.06596,41.97596],[-1.03463,41.9786],[-1.02389,41.96742],[-1.01867,41.96462],[-1.01613,41.96461],[-1.01007,41.95856],[-1.00727,41.95895],[-0.9943,41.9499],[-0.98685,41.94664],[-0.98565,41.94257],[-0.98017,41.93566],[-0.9791,41.92806],[-0.97274,41.92906],[-0.96787,41.92703],[-0.95976,41.93135],[-0.95436,41.93131],[-0.95189,41.93386],[-0.94292,41.93312],[-0.93725,41.93536],[-0.93355,41.93869],[-0.9344,41.94536],[-0.94041,41.95736],[-0.93813,41.97568],[-0.93877,41.97968],[-0.94138,41.98221],[-0.94187,42.00017],[-0.94485,42.00911],[-0.94372,42.01313],[-0.95188,42.01426],[-0.95279,42.01781],[-0.95806,42.02001],[-0.95995,42.01914],[-0.96903,42.02276],[-0.97425,42.02225],[-0.9761,42.02354],[-0.98069,42.02356],[-0.98099,42.03682],[-0.98804,42.04713],[-1.00964,42.05867],[-1.02058,42.05959],[-1.03084,42.06209],[-1.0428,42.06132],[-1.04647,42.05593],[-1.0427,42.05016],[-1.04868,42.04878],[-1.06301,42.04099],[-1.07363,42.03885],[-1.077,42.03264],[-1.07857,42.01089],[-1.08168,41.99736],[-1.08804,41.9913],[-1.08847,41.99043]]]}},{"type":"Feature","properties":{"mun_code":"50270","mun_name":"Urriés","mun_name_local":null,"prov_code":"50","prov_name":"Zaragoza","acom_code":"02","acom_name":"Aragón","geo_point_2d":{"lon":-1.106002633318785,"lat":42.54739923715641}},"geometry":{"type":"Polygon","coordinates":[[[-1.14623,42.52354],[-1.14459,42.52072],[-1.13757,42.51551],[-1.13772,42.5101],[-1.13404,42.50749],[-1.13203,42.5094],[-1.13137,42.50611],[-1.12646,42.50694],[-1.12662,42.50809],[-1.11396,42.50546],[-1.10474,42.5087],[-1.10265,42.50588],[-1.09961,42.50493],[-1.09922,42.50287],[-1.09751,42.50274],[-1.09727,42.5044],[-1.09464,42.50418],[-1.09314,42.51427],[-1.08584,42.52499],[-1.09368,42.53136],[-1.08537,42.54035],[-1.0887,42.5439],[-1.08106,42.55298],[-1.07771,42.55402],[-1.07151,42.55013],[-1.05889,42.55481],[-1.06001,42.55741],[-1.07107,42.55982],[-1.07658,42.5649],[-1.07543,42.56759],[-1.08406,42.57211],[-1.08277,42.57347],[-1.07808,42.57344],[-1.07979,42.57505],[-1.07933,42.57729],[-1.07397,42.58317],[-1.07526,42.5865],[-1.07326,42.58771],[-1.07739,42.59122],[-1.08314,42.59254],[-1.08801,42.5975],[-1.09405,42.59695],[-1.09668,42.59804],[-1.10162,42.60351],[-1.10724,42.57802],[-1.11957,42.57681],[-1.11885,42.5704],[-1.12276,42.56421],[-1.12934,42.54663],[-1.13429,42.54743],[-1.13656,42.54632],[-1.14679,42.52806],[-1.14681,42.52477],[-1.14623,42.52354]]]}},{"type":"Feature","properties":{"mun_code":"50027","mun_name":"Ambel","mun_name_local":null,"prov_code":"50","prov_name":"Zaragoza","acom_code":"02","acom_name":"Aragón","geo_point_2d":{"lon":-1.6216303041585631,"lat":41.76945965970398}},"geometry":{"type":"Polygon","coordinates":[[[-1.68281,41.78241],[-1.68466,41.77646],[-1.68371,41.76935],[-1.68746,41.76248],[-1.68218,41.75784],[-1.67647,41.75567],[-1.66348,41.75677],[-1.65907,41.75381],[-1.6376,41.75341],[-1.63265,41.75058],[-1.6234,41.74135],[-1.61903,41.73484],[-1.61701,41.72513],[-1.60789,41.717],[-1.59824,41.71536],[-1.59029,41.71839],[-1.57516,41.72846],[-1.57318,41.72854],[-1.57522,41.73367],[-1.58348,41.73756],[-1.58368,41.74137],[-1.58751,41.74355],[-1.58197,41.7478],[-1.57241,41.75918],[-1.57547,41.77667],[-1.57841,41.7815],[-1.57824,41.78654],[-1.58126,41.79364],[-1.58448,41.79435],[-1.58643,41.80099],[-1.59013,41.80514],[-1.5964,41.80568],[-1.60567,41.81188],[-1.61362,41.8091],[-1.61782,41.80966],[-1.61977,41.81147],[-1.62813,41.81123],[-1.63026,41.80929],[-1.63392,41.80884],[-1.64214,41.80277],[-1.65362,41.80148],[-1.66152,41.79553],[-1.6726,41.79546],[-1.67637,41.7925],[-1.68024,41.78337],[-1.68281,41.78241]]]}},{"type":"Feature","properties":{"mun_code":"50298","mun_name":"Zuera","mun_name_local":null,"prov_code":"50","prov_name":"Zaragoza","acom_code":"02","acom_name":"Aragón","geo_point_2d":{"lon":-0.8178021205439034,"lat":41.90802363093748}},"geometry":{"type":"MultiPolygon","coordinates":[[[[-0.64442,41.89103],[-0.65588,41.89407],[-0.67231,41.89347],[-0.68126,41.89124],[-0.68734,41.88885],[-0.68816,41.87691],[-0.68291,41.86771],[-0.6732,41.85636],[-0.66757,41.84346],[-0.64384,41.83359],[-0.63844,41.83345],[-0.62757,41.83957],[-0.62416,41.84309],[-0.62588,41.8468],[-0.62733,41.86796],[-0.63587,41.87452],[-0.64399,41.88988],[-0.64442,41.89103]]],[[[-0.94372,42.01313],[-0.94485,42.00911],[-0.94187,42.00017],[-0.94138,41.98221],[-0.93877,41.97968],[-0.93813,41.97568],[-0.94041,41.95736],[-0.9344,41.94536],[-0.9334,41.93938],[-0.93725,41.93536],[-0.94292,41.93312],[-0.95189,41.93386],[-0.95533,41.93114],[-0.95008,41.92244],[-0.94781,41.90945],[-0.93688,41.893],[-0.93394,41.88099],[-0.92312,41.8714],[-0.90732,41.86168],[-0.90471,41.85702],[-0.89167,41.84629],[-0.86979,41.83761],[-0.86179,41.82491],[-0.84254,41.81674],[-0.82731,41.80647],[-0.81598,41.79554],[-0.80203,41.79327],[-0.80015,41.7969],[-0.79614,41.79813],[-0.79274,41.8024],[-0.7929,41.81015],[-0.78647,41.81354],[-0.7901,41.81701],[-0.79013,41.81881],[-0.78406,41.82268],[-0.77824,41.82208],[-0.77587,41.82928],[-0.76953,41.83249],[-0.77323,41.83502],[-0.7756,41.83466],[-0.7779,41.83231],[-0.78111,41.83233],[-0.78372,41.83495],[-0.77906,41.84114],[-0.77359,41.84297],[-0.7683,41.84199],[-0.76748,41.85638],[-0.76314,41.86494],[-0.76009,41.86724],[-0.75238,41.85877],[-0.74674,41.85739],[-0.74306,41.85713],[-0.74011,41.85939],[-0.72811,41.88149],[-0.72175,41.89004],[-0.69855,41.91072],[-0.69539,41.91226],[-0.6918,41.91104],[-0.69363,41.91996],[-0.69178,41.92517],[-0.68835,41.9304],[-0.6693,41.94495],[-0.6668,41.95374],[-0.66352,41.95861],[-0.68868,41.95867],[-0.69591,41.9566],[-0.70284,41.95663],[-0.72582,41.96075],[-0.72876,41.96022],[-0.73703,41.95332],[-0.77821,41.9574],[-0.79637,41.9626],[-0.80867,41.97029],[-0.813,41.97157],[-0.81481,41.97443],[-0.81981,41.97477],[-0.83293,41.98112],[-0.84376,41.98402],[-0.85019,41.98877],[-0.85771,41.99162],[-0.86325,41.99815],[-0.86707,41.99991],[-0.87034,42.00056],[-0.87261,41.9995],[-0.88493,42.00358],[-0.89035,42.00263],[-0.89518,42.00674],[-0.90518,42.01039],[-0.91844,42.01038],[-0.93981,42.01498],[-0.94372,42.01313]]]]}},{"type":"Feature","properties":{"mun_code":"50050","mun_name":"Bijuesca","mun_name_local":null,"prov_code":"50","prov_name":"Zaragoza","acom_code":"02","acom_name":"Aragón","geo_point_2d":{"lon":-1.9231853443448677,"lat":41.52655534504229}},"geometry":{"type":"Polygon","coordinates":[[[-1.97818,41.52669],[-1.97499,41.51606],[-1.97879,41.50409],[-1.97651,41.50034],[-1.97664,41.49671],[-1.98111,41.48644],[-1.96998,41.48145],[-1.95774,41.48804],[-1.9456,41.49057],[-1.93165,41.49554],[-1.92282,41.5008],[-1.91263,41.50338],[-1.90532,41.50982],[-1.88113,41.50775],[-1.87792,41.51067],[-1.87441,41.51112],[-1.8723,41.51437],[-1.86549,41.5135],[-1.86162,41.51138],[-1.85188,41.52469],[-1.86292,41.53533],[-1.88202,41.54726],[-1.88799,41.55261],[-1.9021,41.5599],[-1.90547,41.56572],[-1.90092,41.56985],[-1.90062,41.57868],[-1.9028,41.58533],[-1.90778,41.58849],[-1.90935,41.58106],[-1.92049,41.56656],[-1.92284,41.55851],[-1.9314,41.55516],[-1.93398,41.55179],[-1.94431,41.5479],[-1.94982,41.54432],[-1.95788,41.54296],[-1.96733,41.54607],[-1.97305,41.53416],[-1.97198,41.53281],[-1.97744,41.52709],[-1.97818,41.52669]]]}},{"type":"Feature","properties":{"mun_code":"50220","mun_name":"Puendeluna","mun_name_local":null,"prov_code":"50","prov_name":"Zaragoza","acom_code":"02","acom_name":"Aragón","geo_point_2d":{"lon":-0.7735542543699214,"lat":42.15166123624429}},"geometry":{"type":"Polygon","coordinates":[[[-0.8156,42.15632],[-0.81543,42.15366],[-0.80352,42.15423],[-0.78935,42.1498],[-0.78252,42.14923],[-0.77805,42.147],[-0.78398,42.14341],[-0.78878,42.13806],[-0.77026,42.13514],[-0.75274,42.13401],[-0.75533,42.13672],[-0.75872,42.14696],[-0.75606,42.14833],[-0.75496,42.15376],[-0.7488,42.15451],[-0.74752,42.15727],[-0.74897,42.15954],[-0.75566,42.16192],[-0.75752,42.16621],[-0.76297,42.16362],[-0.76886,42.16291],[-0.77237,42.16394],[-0.77677,42.16764],[-0.78109,42.16784],[-0.79035,42.16442],[-0.78791,42.15939],[-0.80387,42.15623],[-0.81333,42.15651],[-0.8156,42.15632]]]}},{"type":"Feature","properties":{"mun_code":"50196","mun_name":"Orera","mun_name_local":null,"prov_code":"50","prov_name":"Zaragoza","acom_code":"02","acom_name":"Aragón","geo_point_2d":{"lon":-1.4629132568888605,"lat":41.306835072111845}},"geometry":{"type":"Polygon","coordinates":[[[-1.49514,41.31081],[-1.49913,41.30035],[-1.49915,41.29221],[-1.48984,41.28797],[-1.47353,41.28831],[-1.44874,41.29297],[-1.44005,41.29276],[-1.42806,41.2967],[-1.43194,41.30629],[-1.43528,41.30817],[-1.43515,41.31136],[-1.42986,41.31318],[-1.43061,41.31623],[-1.42446,41.31831],[-1.42391,41.32411],[-1.42564,41.32607],[-1.43413,41.32282],[-1.44934,41.3236],[-1.46031,41.32707],[-1.46798,41.32747],[-1.4914,41.31302],[-1.49514,41.31081]]]}},{"type":"Feature","properties":{"mun_code":"50079","mun_name":"Cervera de la Cañada","mun_name_local":null,"prov_code":"50","prov_name":"Zaragoza","acom_code":"02","acom_name":"Aragón","geo_point_2d":{"lon":-1.7473789450921675,"lat":41.41691984396241}},"geometry":{"type":"Polygon","coordinates":[[[-1.80159,41.4282],[-1.79301,41.42335],[-1.75977,41.39513],[-1.74148,41.38572],[-1.73419,41.37951],[-1.73242,41.37982],[-1.73121,41.38389],[-1.72808,41.38632],[-1.71798,41.39066],[-1.72103,41.39938],[-1.71872,41.40483],[-1.7126,41.40908],[-1.71453,41.41579],[-1.71394,41.42125],[-1.72105,41.42212],[-1.71968,41.42423],[-1.72163,41.42719],[-1.72032,41.43046],[-1.72285,41.43577],[-1.72844,41.43878],[-1.7266,41.44198],[-1.73592,41.44469],[-1.73815,41.44674],[-1.7383,41.45161],[-1.74356,41.45865],[-1.74733,41.45549],[-1.74713,41.45231],[-1.75127,41.44857],[-1.75508,41.44151],[-1.75632,41.43755],[-1.75539,41.43426],[-1.75715,41.43222],[-1.77473,41.43094],[-1.78293,41.43172],[-1.78975,41.42996],[-1.79518,41.43121],[-1.80035,41.42868],[-1.80159,41.4282]]]}},{"type":"Feature","properties":{"mun_code":"50292","mun_name":"Villarreal de Huerva","mun_name_local":null,"prov_code":"50","prov_name":"Zaragoza","acom_code":"02","acom_name":"Aragón","geo_point_2d":{"lon":-1.2626764477331611,"lat":41.20287666741874}},"geometry":{"type":"Polygon","coordinates":[[[-1.31387,41.16838],[-1.29398,41.17577],[-1.29044,41.17819],[-1.25974,41.17891],[-1.252,41.18239],[-1.24499,41.18283],[-1.23425,41.18901],[-1.22705,41.1889],[-1.22333,41.18729],[-1.22116,41.18859],[-1.23294,41.21327],[-1.2366,41.21656],[-1.242,41.21845],[-1.24968,41.22821],[-1.25328,41.23741],[-1.25702,41.24143],[-1.2581,41.24859],[-1.27353,41.25192],[-1.27175,41.25015],[-1.27134,41.24479],[-1.26972,41.24427],[-1.26595,41.23672],[-1.27086,41.23341],[-1.27262,41.21474],[-1.27459,41.20952],[-1.27716,41.20611],[-1.28254,41.20508],[-1.29287,41.19436],[-1.29612,41.19277],[-1.29898,41.18686],[-1.29834,41.18134],[-1.31548,41.17507],[-1.31499,41.17015],[-1.31387,41.16838]]]}},{"type":"Feature","properties":{"mun_code":"50198","mun_name":"Oseja","mun_name_local":null,"prov_code":"50","prov_name":"Zaragoza","acom_code":"02","acom_name":"Aragón","geo_point_2d":{"lon":-1.6992361120946844,"lat":41.606713713306384}},"geometry":{"type":"Polygon","coordinates":[[[-1.72993,41.61409],[-1.7258,41.60873],[-1.72065,41.60762],[-1.71463,41.60133],[-1.71012,41.59213],[-1.70747,41.59184],[-1.69996,41.58649],[-1.69326,41.58675],[-1.69012,41.58555],[-1.6871,41.58895],[-1.68757,41.59391],[-1.6708,41.59701],[-1.67077,41.60038],[-1.66664,41.60408],[-1.67622,41.60765],[-1.68303,41.6084],[-1.68369,41.61273],[-1.68882,41.61565],[-1.68898,41.62156],[-1.69232,41.62463],[-1.69134,41.629],[-1.69643,41.62542],[-1.70047,41.62461],[-1.70463,41.62416],[-1.70982,41.62615],[-1.71159,41.62358],[-1.72121,41.61919],[-1.72322,41.61635],[-1.72741,41.61574],[-1.72993,41.61409]]]}},{"type":"Feature","properties":{"mun_code":"50250","mun_name":"Talamantes","mun_name_local":null,"prov_code":"50","prov_name":"Zaragoza","acom_code":"02","acom_name":"Aragón","geo_point_2d":{"lon":-1.6641536393539544,"lat":41.72471401066961}},"geometry":{"type":"Polygon","coordinates":[[[-1.72737,41.72519],[-1.71435,41.71765],[-1.70674,41.71567],[-1.70271,41.70822],[-1.69817,41.70422],[-1.69056,41.70292],[-1.68372,41.70402],[-1.67461,41.69262],[-1.66373,41.69549],[-1.6614,41.69407],[-1.64078,41.69359],[-1.63262,41.69151],[-1.62381,41.69672],[-1.61873,41.69581],[-1.61655,41.69862],[-1.62152,41.71287],[-1.61988,41.71725],[-1.61402,41.71965],[-1.61405,41.72263],[-1.61701,41.72513],[-1.61903,41.73484],[-1.62205,41.73968],[-1.63265,41.75058],[-1.6376,41.75341],[-1.65907,41.75381],[-1.66348,41.75677],[-1.67647,41.75567],[-1.68218,41.75784],[-1.69045,41.75525],[-1.70438,41.74132],[-1.71551,41.73829],[-1.72079,41.72993],[-1.72407,41.72804],[-1.72737,41.72519]]]}},{"type":"Feature","properties":{"mun_code":"50019","mun_name":"Alforque","mun_name_local":null,"prov_code":"50","prov_name":"Zaragoza","acom_code":"02","acom_name":"Aragón","geo_point_2d":{"lon":-0.38828724240546647,"lat":41.34709963060897}},"geometry":{"type":"Polygon","coordinates":[[[-0.41302,41.33382],[-0.40684,41.33405],[-0.40028,41.33256],[-0.396,41.33073],[-0.39334,41.32749],[-0.38861,41.32598],[-0.3789,41.3249],[-0.37526,41.32656],[-0.37165,41.33429],[-0.3772,41.3498],[-0.38276,41.35806],[-0.37251,41.36921],[-0.37111,41.37795],[-0.37567,41.37805],[-0.38834,41.36787],[-0.39886,41.36542],[-0.39687,41.35289],[-0.40195,41.34928],[-0.41275,41.33564],[-0.41302,41.33382]]]}},{"type":"Feature","properties":{"mun_code":"50278","mun_name":"Velilla de Ebro","mun_name_local":null,"prov_code":"50","prov_name":"Zaragoza","acom_code":"02","acom_name":"Aragón","geo_point_2d":{"lon":-0.38625920578454204,"lat":41.38867966238253}},"geometry":{"type":"Polygon","coordinates":[[[-0.45955,41.36518],[-0.45349,41.35946],[-0.45158,41.35459],[-0.44791,41.35234],[-0.4443,41.35025],[-0.43177,41.34859],[-0.42827,41.33956],[-0.42247,41.3335],[-0.41972,41.33271],[-0.41302,41.33382],[-0.41077,41.33951],[-0.39687,41.35289],[-0.39886,41.36542],[-0.38834,41.36787],[-0.37567,41.37805],[-0.36058,41.3779],[-0.35843,41.385],[-0.35375,41.38861],[-0.3475,41.38884],[-0.32752,41.39364],[-0.32208,41.39919],[-0.31135,41.40584],[-0.30854,41.41066],[-0.29692,41.42107],[-0.31736,41.42881],[-0.33562,41.42814],[-0.34455,41.42589],[-0.3579,41.42599],[-0.37512,41.42349],[-0.39348,41.41223],[-0.40528,41.4083],[-0.43764,41.39301],[-0.44178,41.38617],[-0.44019,41.38108],[-0.44221,41.37966],[-0.44751,41.37975],[-0.45058,41.37274],[-0.45777,41.36621],[-0.45955,41.36518]]]}},{"type":"Feature","properties":{"mun_code":"50011","mun_name":"Albeta","mun_name_local":null,"prov_code":"50","prov_name":"Zaragoza","acom_code":"02","acom_name":"Aragón","geo_point_2d":{"lon":-1.5007816761280137,"lat":41.82636343435658}},"geometry":{"type":"Polygon","coordinates":[[[-1.51299,41.82216],[-1.50702,41.82129],[-1.50493,41.81909],[-1.50229,41.81877],[-1.49705,41.82177],[-1.49604,41.82524],[-1.484,41.82317],[-1.47993,41.82369],[-1.48633,41.83051],[-1.5194,41.83166],[-1.51335,41.82268],[-1.51299,41.82216]]]}},{"type":"Feature","properties":{"mun_code":"50288","mun_name":"Villanueva de Gállego","mun_name_local":null,"prov_code":"50","prov_name":"Zaragoza","acom_code":"02","acom_name":"Aragón","geo_point_2d":{"lon":-0.8613911424112307,"lat":41.78884002346845}},"geometry":{"type":"Polygon","coordinates":[[[-0.88366,41.84291],[-0.89353,41.84513],[-0.89905,41.84259],[-0.90757,41.84101],[-0.91804,41.82501],[-0.92275,41.82215],[-0.9313,41.80534],[-0.93606,41.79965],[-0.9361,41.78917],[-0.91584,41.78822],[-0.91228,41.7855],[-0.8945,41.78002],[-0.877,41.78503],[-0.86653,41.759],[-0.86094,41.75008],[-0.85993,41.7414],[-0.84602,41.73325],[-0.82635,41.72667],[-0.8245,41.72854],[-0.81813,41.72987],[-0.81382,41.73337],[-0.80983,41.73845],[-0.81024,41.7426],[-0.805,41.7465],[-0.80282,41.76228],[-0.80653,41.76792],[-0.80551,41.77045],[-0.80042,41.77377],[-0.79999,41.77822],[-0.79604,41.78428],[-0.8015,41.78754],[-0.80203,41.79327],[-0.81598,41.79554],[-0.82731,41.80647],[-0.84254,41.81674],[-0.86179,41.82491],[-0.86869,41.83631],[-0.87217,41.83857],[-0.88366,41.84291]]]}},{"type":"Feature","properties":{"mun_code":"50106","mun_name":"Los Fayos","mun_name_local":null,"prov_code":"50","prov_name":"Zaragoza","acom_code":"02","acom_name":"Aragón","geo_point_2d":{"lon":-1.7912171439918754,"lat":41.87637864075967}},"geometry":{"type":"Polygon","coordinates":[[[-1.83998,41.87529],[-1.82658,41.87707],[-1.82367,41.87912],[-1.81736,41.87876],[-1.81115,41.88026],[-1.79416,41.87637],[-1.79022,41.87497],[-1.78728,41.87206],[-1.78901,41.86804],[-1.80383,41.86778],[-1.80609,41.86615],[-1.80974,41.86619],[-1.82024,41.86238],[-1.81929,41.86159],[-1.80482,41.86538],[-1.8032,41.8674],[-1.7972,41.86594],[-1.7821,41.86626],[-1.7777,41.86853],[-1.77695,41.87244],[-1.77153,41.87546],[-1.76991,41.8847],[-1.77239,41.88478],[-1.77536,41.88705],[-1.77246,41.89075],[-1.77578,41.89154],[-1.7814,41.88248],[-1.7862,41.88053],[-1.78495,41.87967],[-1.7863,41.87734],[-1.79214,41.87745],[-1.81245,41.88259],[-1.81808,41.88093],[-1.82323,41.88188],[-1.82762,41.87905],[-1.83835,41.87789],[-1.84044,41.87612],[-1.83998,41.87529]]]}},{"type":"Feature","properties":{"mun_code":"50213","mun_name":"Plenas","mun_name_local":null,"prov_code":"50","prov_name":"Zaragoza","acom_code":"02","acom_name":"Aragón","geo_point_2d":{"lon":-0.9593558304573218,"lat":41.111121651476644}},"geometry":{"type":"Polygon","coordinates":[[[-1.00058,41.1147],[-0.9986,41.09523],[-0.99505,41.09257],[-0.98959,41.09114],[-0.98181,41.09216],[-0.96376,41.08275],[-0.96069,41.07806],[-0.95726,41.07635],[-0.94494,41.07532],[-0.93772,41.08343],[-0.91255,41.09301],[-0.91607,41.10767],[-0.918,41.10991],[-0.9257,41.11356],[-0.92951,41.11935],[-0.9341,41.12216],[-0.9351,41.12533],[-0.94251,41.13212],[-0.9445,41.13866],[-0.95045,41.14519],[-0.96856,41.14921],[-0.97242,41.15346],[-0.98426,41.13908],[-0.99562,41.11915],[-1.00056,41.11484],[-1.00058,41.1147]]]}},{"type":"Feature","properties":{"mun_code":"50064","mun_name":"Cabañas de Ebro","mun_name_local":null,"prov_code":"50","prov_name":"Zaragoza","acom_code":"02","acom_name":"Aragón","geo_point_2d":{"lon":-1.166899442055481,"lat":41.796098064560766}},"geometry":{"type":"Polygon","coordinates":[[[-1.19217,41.79573],[-1.1942,41.78723],[-1.19,41.78784],[-1.18685,41.78566],[-1.17905,41.78428],[-1.16079,41.78696],[-1.16043,41.78407],[-1.15244,41.77903],[-1.15308,41.78387],[-1.15084,41.78479],[-1.14969,41.7901],[-1.14295,41.79862],[-1.14569,41.79943],[-1.14182,41.80754],[-1.1432,41.80968],[-1.15657,41.80881],[-1.15782,41.803],[-1.16583,41.79686],[-1.16804,41.79724],[-1.1713,41.79961],[-1.17207,41.8021],[-1.16443,41.80763],[-1.16368,41.81181],[-1.17899,41.80753],[-1.19212,41.79622],[-1.19217,41.79573]]]}},{"type":"Feature","properties":{"mun_code":"50903","mun_name":"Villamayor de Gállego","mun_name_local":null,"prov_code":"50","prov_name":"Zaragoza","acom_code":"02","acom_name":"Aragón","geo_point_2d":{"lon":-0.7396229891709127,"lat":41.69314390904153}},"geometry":{"type":"Polygon","coordinates":[[[-0.76496,41.64799],[-0.76009,41.64783],[-0.75659,41.64624],[-0.75217,41.64822],[-0.74868,41.64806],[-0.74705,41.64963],[-0.74768,41.65106],[-0.7408,41.65588],[-0.73666,41.65697],[-0.73398,41.6607],[-0.7304,41.66036],[-0.72715,41.66207],[-0.72634,41.6646],[-0.71961,41.66635],[-0.7189,41.66138],[-0.71266,41.65668],[-0.70222,41.65789],[-0.69538,41.65488],[-0.68255,41.66127],[-0.67999,41.66495],[-0.68017,41.66764],[-0.67709,41.66929],[-0.67607,41.67262],[-0.67442,41.67222],[-0.6727,41.67357],[-0.67387,41.67906],[-0.66333,41.68726],[-0.66274,41.68952],[-0.64928,41.69163],[-0.64866,41.69502],[-0.65161,41.69734],[-0.65589,41.69903],[-0.66496,41.69874],[-0.67198,41.7048],[-0.67331,41.70788],[-0.68054,41.71006],[-0.68378,41.70982],[-0.68636,41.71616],[-0.69253,41.71958],[-0.70219,41.72233],[-0.70662,41.72693],[-0.70498,41.72876],[-0.70599,41.73398],[-0.7117,41.74237],[-0.71953,41.73974],[-0.7379,41.73794],[-0.74244,41.73895],[-0.74516,41.73619],[-0.7445,41.73446],[-0.75255,41.73152],[-0.75565,41.7317],[-0.75652,41.72938],[-0.76435,41.7308],[-0.79088,41.72211],[-0.79228,41.72015],[-0.79576,41.7195],[-0.79697,41.7126],[-0.80202,41.71282],[-0.80254,41.71479],[-0.80475,41.71505],[-0.80708,41.71375],[-0.80639,41.71063],[-0.81397,41.70577],[-0.81535,41.69892],[-0.81359,41.69807],[-0.81214,41.6905],[-0.80949,41.68994],[-0.80955,41.67549],[-0.8076,41.66972],[-0.80176,41.66452],[-0.77126,41.65459],[-0.76526,41.64853],[-0.76496,41.64799]]]}},{"type":"Feature","properties":{"mun_code":"50283","mun_name":"Villadoz","mun_name_local":null,"prov_code":"50","prov_name":"Zaragoza","acom_code":"02","acom_name":"Aragón","geo_point_2d":{"lon":-1.2756410190818157,"lat":41.165505939099354}},"geometry":{"type":"Polygon","coordinates":[[[-1.31387,41.16838],[-1.31045,41.16036],[-1.30309,41.1506],[-1.29981,41.14099],[-1.29808,41.1433],[-1.27609,41.14642],[-1.26668,41.15191],[-1.24256,41.17226],[-1.23931,41.17763],[-1.23216,41.17841],[-1.22933,41.18407],[-1.22333,41.18729],[-1.22705,41.1889],[-1.23425,41.18901],[-1.24499,41.18283],[-1.252,41.18239],[-1.25974,41.17891],[-1.29044,41.17819],[-1.31141,41.16903],[-1.31387,41.16838]]]}},{"type":"Feature","properties":{"mun_code":"50157","mun_name":"Malón","mun_name_local":null,"prov_code":"50","prov_name":"Zaragoza","acom_code":"02","acom_name":"Aragón","geo_point_2d":{"lon":-1.6688456539625334,"lat":41.95212515088345}},"geometry":{"type":"Polygon","coordinates":[[[-1.68624,41.95347],[-1.68334,41.95074],[-1.68339,41.94875],[-1.68153,41.94822],[-1.682,41.93983],[-1.67418,41.93558],[-1.67332,41.94143],[-1.67179,41.93929],[-1.66913,41.94373],[-1.65917,41.94436],[-1.6578,41.94578],[-1.65085,41.94657],[-1.64753,41.94887],[-1.65534,41.95096],[-1.65191,41.95261],[-1.65174,41.95508],[-1.64871,41.95543],[-1.65261,41.95871],[-1.65818,41.96037],[-1.66364,41.95999],[-1.66454,41.96243],[-1.67546,41.96675],[-1.677,41.96278],[-1.67857,41.96089],[-1.67957,41.96161],[-1.68213,41.95775],[-1.68157,41.95598],[-1.6858,41.95403],[-1.68624,41.95347]]]}},{"type":"Feature","properties":{"mun_code":"50004","mun_name":"Aguarón","mun_name_local":null,"prov_code":"50","prov_name":"Zaragoza","acom_code":"02","acom_name":"Aragón","geo_point_2d":{"lon":-1.2890139703289432,"lat":41.33600352954748}},"geometry":{"type":"Polygon","coordinates":[[[-1.34485,41.33068],[-1.34213,41.328],[-1.34118,41.32417],[-1.34166,41.32162],[-1.33958,41.31768],[-1.34053,41.31311],[-1.33648,41.30205],[-1.33344,41.29911],[-1.32689,41.2988],[-1.3241,41.30035],[-1.32014,41.30035],[-1.31821,41.30279],[-1.3142,41.30396],[-1.30935,41.31088],[-1.29542,41.31708],[-1.28506,41.31315],[-1.26895,41.31413],[-1.26056,41.32009],[-1.25691,41.3208],[-1.25132,41.34495],[-1.24265,41.35379],[-1.24117,41.36228],[-1.24626,41.36789],[-1.25078,41.38057],[-1.25976,41.37944],[-1.27288,41.36487],[-1.28213,41.36013],[-1.29228,41.35738],[-1.3004,41.34923],[-1.31358,41.34128],[-1.31429,41.33901],[-1.32011,41.33817],[-1.32252,41.33656],[-1.32547,41.33682],[-1.33034,41.33309],[-1.34314,41.33332],[-1.34471,41.33167],[-1.34485,41.33068]]]}},{"type":"Feature","properties":{"mun_code":"50264","mun_name":"Tosos","mun_name_local":null,"prov_code":"50","prov_name":"Zaragoza","acom_code":"02","acom_name":"Aragón","geo_point_2d":{"lon":-1.1086620024030798,"lat":41.30673281110394}},"geometry":{"type":"Polygon","coordinates":[[[-1.16241,41.30726],[-1.15179,41.29375],[-1.14895,41.28699],[-1.14595,41.28485],[-1.14754,41.27955],[-1.14516,41.27536],[-1.14651,41.27212],[-1.14471,41.27037],[-1.13034,41.26372],[-1.1282,41.26065],[-1.12268,41.25961],[-1.12148,41.25679],[-1.11475,41.25504],[-1.10986,41.25707],[-1.10456,41.25492],[-1.09293,41.255],[-1.08961,41.25688],[-1.08617,41.26381],[-1.07303,41.27056],[-1.07385,41.2733],[-1.06915,41.28128],[-1.07253,41.28647],[-1.08617,41.29421],[-1.08333,41.29628],[-1.06242,41.29909],[-1.05718,41.31306],[-1.05683,41.32964],[-1.09048,41.35084],[-1.10212,41.35617],[-1.10893,41.35694],[-1.14471,41.34508],[-1.14571,41.32844],[-1.15343,41.32326],[-1.15739,41.31288],[-1.16194,41.30783],[-1.16241,41.30726]]]}},{"type":"Feature","properties":{"mun_code":"50229","mun_name":"Ruesca","mun_name_local":null,"prov_code":"50","prov_name":"Zaragoza","acom_code":"02","acom_name":"Aragón","geo_point_2d":{"lon":-1.4559950592418842,"lat":41.28116994479393}},"geometry":{"type":"Polygon","coordinates":[[[-1.48984,41.28797],[-1.49038,41.28408],[-1.49333,41.28039],[-1.48888,41.27765],[-1.48776,41.27497],[-1.46949,41.27216],[-1.46074,41.26586],[-1.45262,41.26824],[-1.44683,41.26602],[-1.4353,41.27539],[-1.42923,41.27787],[-1.4246,41.28432],[-1.42806,41.2967],[-1.44374,41.29208],[-1.44874,41.29297],[-1.47353,41.28831],[-1.48909,41.28804],[-1.48984,41.28797]]]}},{"type":"Feature","properties":{"mun_code":"50204","mun_name":"Pedrola","mun_name_local":null,"prov_code":"50","prov_name":"Zaragoza","acom_code":"02","acom_name":"Aragón","geo_point_2d":{"lon":-1.2614922432546252,"lat":41.760088135820475}},"geometry":{"type":"Polygon","coordinates":[[[-1.34647,41.77397],[-1.3479,41.76716],[-1.34249,41.7665],[-1.33885,41.74946],[-1.33518,41.74207],[-1.33518,41.73551],[-1.32864,41.73701],[-1.32216,41.72661],[-1.31121,41.72106],[-1.31051,41.71769],[-1.29876,41.7086],[-1.29455,41.70706],[-1.26877,41.72122],[-1.26486,41.7214],[-1.25877,41.72108],[-1.24851,41.71567],[-1.21272,41.70799],[-1.20979,41.7097],[-1.20771,41.71449],[-1.20637,41.71418],[-1.20039,41.72117],[-1.19882,41.72111],[-1.19913,41.72335],[-1.19371,41.72742],[-1.1938,41.72964],[-1.19172,41.72981],[-1.18326,41.73602],[-1.17659,41.74374],[-1.18214,41.75109],[-1.18873,41.75095],[-1.18996,41.74934],[-1.1956,41.74869],[-1.19766,41.74718],[-1.19719,41.74901],[-1.20404,41.75637],[-1.20752,41.75674],[-1.20555,41.75957],[-1.21098,41.76298],[-1.20391,41.76786],[-1.20119,41.7732],[-1.20203,41.7789],[-1.19875,41.78196],[-1.19322,41.79547],[-1.19004,41.79818],[-1.19578,41.79886],[-1.19921,41.80277],[-1.19878,41.80586],[-1.20463,41.80778],[-1.20747,41.81058],[-1.20594,41.8124],[-1.20823,41.8113],[-1.21158,41.81362],[-1.20969,41.81601],[-1.21654,41.8185],[-1.22735,41.81704],[-1.23759,41.81277],[-1.2381,41.81096],[-1.2388,41.81215],[-1.24889,41.80969],[-1.26503,41.80422],[-1.27028,41.79843],[-1.28264,41.79102],[-1.2867,41.79081],[-1.30518,41.79629],[-1.31737,41.8043],[-1.3212,41.80265],[-1.33961,41.77614],[-1.34393,41.77446],[-1.34647,41.77397]]]}},{"type":"Feature","properties":{"mun_code":"50293","mun_name":"Villarroya de la Sierra","mun_name_local":null,"prov_code":"50","prov_name":"Zaragoza","acom_code":"02","acom_name":"Aragón","geo_point_2d":{"lon":-1.7837761072352272,"lat":41.49111777542496}},"geometry":{"type":"Polygon","coordinates":[[[-1.8529,41.50509],[-1.84136,41.48796],[-1.84175,41.48639],[-1.83354,41.477],[-1.82959,41.46872],[-1.83066,41.46399],[-1.82579,41.45797],[-1.82334,41.45177],[-1.81717,41.44631],[-1.80951,41.44318],[-1.80387,41.4334],[-1.79116,41.42996],[-1.78293,41.43172],[-1.77473,41.43094],[-1.75715,41.43222],[-1.75539,41.43426],[-1.75632,41.43755],[-1.75508,41.44151],[-1.75127,41.44857],[-1.74713,41.45231],[-1.74733,41.45549],[-1.74365,41.45829],[-1.74203,41.46703],[-1.7439,41.4769],[-1.73621,41.49324],[-1.73648,41.49878],[-1.72988,41.5022],[-1.73031,41.51005],[-1.72714,41.51171],[-1.72698,41.51709],[-1.72296,41.52053],[-1.72287,41.52694],[-1.72738,41.52944],[-1.731,41.52932],[-1.73352,41.53217],[-1.7335,41.5361],[-1.7363,41.54111],[-1.73996,41.54122],[-1.74809,41.54489],[-1.75428,41.54475],[-1.76271,41.5492],[-1.77013,41.54703],[-1.77453,41.54495],[-1.77439,41.54325],[-1.78284,41.53972],[-1.79977,41.53988],[-1.84736,41.50712],[-1.8523,41.50542],[-1.8529,41.50509]]]}},{"type":"Feature","properties":{"mun_code":"50172","mun_name":"Monreal de Ariza","mun_name_local":null,"prov_code":"50","prov_name":"Zaragoza","acom_code":"02","acom_name":"Aragón","geo_point_2d":{"lon":-2.116026679415693,"lat":41.28760537450434}},"geometry":{"type":"Polygon","coordinates":[[[-2.17293,41.29579],[-2.17367,41.28808],[-2.16351,41.28319],[-2.1587,41.26488],[-2.14953,41.26334],[-2.13818,41.26417],[-2.13115,41.26166],[-2.12722,41.262],[-2.11917,41.26573],[-2.11089,41.25703],[-2.09434,41.24376],[-2.09087,41.23867],[-2.08837,41.23697],[-2.0738,41.23406],[-2.05997,41.24742],[-2.05746,41.25485],[-2.05792,41.26043],[-2.06722,41.26944],[-2.07013,41.27521],[-2.0702,41.28204],[-2.07619,41.29133],[-2.08459,41.29932],[-2.09665,41.29934],[-2.09517,41.30927],[-2.10374,41.33771],[-2.10432,41.34867],[-2.11132,41.33869],[-2.13639,41.3262],[-2.13953,41.32511],[-2.14635,41.32572],[-2.16234,41.32166],[-2.16626,41.32131],[-2.16905,41.32257],[-2.17049,41.31883],[-2.16714,41.31199],[-2.16896,41.30864],[-2.16908,41.3011],[-2.17293,41.29579]]]}},{"type":"Feature","properties":{"mun_code":"50203","mun_name":"Pastriz","mun_name_local":null,"prov_code":"50","prov_name":"Zaragoza","acom_code":"02","acom_name":"Aragón","geo_point_2d":{"lon":-0.7667507852832062,"lat":41.604801826258175}},"geometry":{"type":"Polygon","coordinates":[[[-0.78058,41.63489],[-0.78196,41.63529],[-0.7817,41.6301],[-0.78369,41.62654],[-0.78496,41.62741],[-0.78969,41.62505],[-0.79132,41.62685],[-0.79285,41.62276],[-0.79394,41.62301],[-0.79519,41.61941],[-0.79789,41.61928],[-0.80115,41.61273],[-0.80138,41.61037],[-0.79597,41.60549],[-0.7945,41.60133],[-0.79693,41.60044],[-0.79888,41.59739],[-0.7981,41.59598],[-0.79416,41.59392],[-0.79331,41.59484],[-0.78842,41.5931],[-0.78182,41.59617],[-0.76449,41.60043],[-0.76389,41.59561],[-0.76588,41.58907],[-0.76448,41.58249],[-0.76105,41.58122],[-0.74982,41.58579],[-0.7412,41.5831],[-0.73676,41.58754],[-0.73757,41.59139],[-0.73375,41.59166],[-0.7309,41.59009],[-0.72751,41.59072],[-0.72565,41.59307],[-0.72345,41.59312],[-0.72316,41.59601],[-0.7293,41.5999],[-0.73676,41.60813],[-0.74117,41.60972],[-0.75919,41.60759],[-0.7656,41.60814],[-0.76965,41.61278],[-0.76678,41.61963],[-0.77122,41.62544],[-0.76862,41.62665],[-0.77486,41.6286],[-0.77345,41.63284],[-0.77887,41.63466],[-0.78058,41.63489]]]}},{"type":"Feature","properties":{"mun_code":"50052","mun_name":"Bisimbre","mun_name_local":null,"prov_code":"50","prov_name":"Zaragoza","acom_code":"02","acom_name":"Aragón","geo_point_2d":{"lon":-1.4132397810427832,"lat":41.85556287214632}},"geometry":{"type":"Polygon","coordinates":[[[-1.44831,41.86502],[-1.45043,41.85235],[-1.44634,41.85243],[-1.44592,41.85054],[-1.44357,41.85209],[-1.43232,41.85204],[-1.41391,41.84608],[-1.40583,41.84222],[-1.405,41.84013],[-1.40206,41.84201],[-1.39606,41.83952],[-1.39409,41.84175],[-1.39175,41.8416],[-1.37762,41.85672],[-1.40478,41.86696],[-1.40978,41.8676],[-1.42577,41.86583],[-1.43078,41.86942],[-1.43174,41.8651],[-1.44096,41.8655],[-1.44392,41.86323],[-1.44831,41.86502]]]}},{"type":"Feature","properties":{"mun_code":"50238","mun_name":"Santa Eulalia de Gállego","mun_name_local":null,"prov_code":"50","prov_name":"Zaragoza","acom_code":"02","acom_name":"Aragón","geo_point_2d":{"lon":-0.7822703694213311,"lat":42.26778567260812}},"geometry":{"type":"Polygon","coordinates":[[[-0.82412,42.25093],[-0.81626,42.24047],[-0.80647,42.23517],[-0.80437,42.23528],[-0.7986,42.24973],[-0.79679,42.25047],[-0.78867,42.24226],[-0.78411,42.24224],[-0.77546,42.23625],[-0.76123,42.23473],[-0.75967,42.24832],[-0.75802,42.25108],[-0.75946,42.26559],[-0.75097,42.27105],[-0.75203,42.27608],[-0.74841,42.2805],[-0.74816,42.29025],[-0.75244,42.29072],[-0.75412,42.29258],[-0.76092,42.29466],[-0.77171,42.3018],[-0.78288,42.30679],[-0.78757,42.30658],[-0.79225,42.2965],[-0.79135,42.29517],[-0.80504,42.27205],[-0.82421,42.25129],[-0.82412,42.25093]]]}},{"type":"Feature","properties":{"mun_code":"50020","mun_name":"Alhama de Aragón","mun_name_local":null,"prov_code":"50","prov_name":"Zaragoza","acom_code":"02","acom_name":"Aragón","geo_point_2d":{"lon":-1.9017170274360207,"lat":41.29815524369877}},"geometry":{"type":"Polygon","coordinates":[[[-1.9405,41.34991],[-1.93441,41.33997],[-1.92983,41.33715],[-1.92305,41.32947],[-1.91815,41.32743],[-1.92063,41.32175],[-1.90715,41.30769],[-1.91136,41.29597],[-1.91825,41.29433],[-1.91765,41.29546],[-1.91959,41.29556],[-1.92539,41.29115],[-1.92601,41.26943],[-1.92246,41.26497],[-1.92348,41.26135],[-1.91895,41.25453],[-1.91302,41.25066],[-1.90649,41.25487],[-1.90608,41.25683],[-1.90769,41.25711],[-1.90364,41.25746],[-1.90302,41.25912],[-1.8998,41.26047],[-1.89697,41.26686],[-1.88686,41.27525],[-1.88426,41.27416],[-1.8789,41.27502],[-1.87531,41.27747],[-1.86885,41.27621],[-1.86513,41.27746],[-1.8655,41.28024],[-1.86024,41.27962],[-1.85282,41.28099],[-1.84935,41.28608],[-1.85418,41.28655],[-1.86058,41.29191],[-1.87245,41.30621],[-1.87783,41.30533],[-1.89482,41.31905],[-1.90803,41.32194],[-1.90868,41.33024],[-1.9121,41.33843],[-1.9322,41.36306],[-1.9367,41.3605],[-1.93425,41.35621],[-1.94039,41.35891],[-1.94421,41.35906],[-1.9418,41.35124],[-1.9405,41.34991]]]}},{"type":"Feature","properties":{"mun_code":"50045","mun_name":"Belchite","mun_name_local":null,"prov_code":"50","prov_name":"Zaragoza","acom_code":"02","acom_name":"Aragón","geo_point_2d":{"lon":-0.7063554402556795,"lat":41.33214952948858}},"geometry":{"type":"MultiPolygon","coordinates":[[[[-0.78276,41.42425],[-0.78123,41.41619],[-0.78559,41.41139],[-0.79913,41.38573],[-0.81366,41.36797],[-0.82897,41.35539],[-0.83289,41.34989],[-0.85102,41.33958],[-0.85491,41.34005],[-0.8574,41.33885],[-0.86002,41.33356],[-0.86848,41.33316],[-0.82384,41.32089],[-0.82068,41.31752],[-0.8125,41.31342],[-0.81278,41.31082],[-0.80826,41.30657],[-0.80821,41.30398],[-0.80057,41.29892],[-0.79539,41.29834],[-0.78993,41.295],[-0.78885,41.2914],[-0.78074,41.28729],[-0.77385,41.27954],[-0.76877,41.27725],[-0.76844,41.27451],[-0.76143,41.27258],[-0.75958,41.26846],[-0.75158,41.26442],[-0.7493,41.25853],[-0.7393,41.25078],[-0.73255,41.25106],[-0.71294,41.24509],[-0.69629,41.24454],[-0.69385,41.24542],[-0.68167,41.24322],[-0.66922,41.23685],[-0.66315,41.23941],[-0.651,41.23796],[-0.64278,41.23836],[-0.62546,41.24818],[-0.62875,41.25982],[-0.62726,41.28],[-0.62982,41.28625],[-0.63197,41.3018],[-0.62972,41.31176],[-0.60552,41.32221],[-0.61267,41.3335],[-0.61236,41.33987],[-0.59037,41.34331],[-0.58435,41.34728],[-0.56812,41.35365],[-0.56698,41.3565],[-0.57052,41.35615],[-0.5814,41.36141],[-0.59031,41.37069],[-0.58984,41.37169],[-0.59492,41.37444],[-0.59506,41.37624],[-0.59958,41.37803],[-0.60386,41.38799],[-0.62884,41.40273],[-0.63251,41.40215],[-0.65275,41.3855],[-0.66813,41.39087],[-0.67665,41.39526],[-0.69269,41.39591],[-0.71128,41.403],[-0.71469,41.4026],[-0.72468,41.40557],[-0.73797,41.4132],[-0.75314,41.41938],[-0.77899,41.42372],[-0.78276,41.42425]],[[-0.6967,41.32161],[-0.70661,41.32518],[-0.71263,41.33271],[-0.70085,41.34546],[-0.69711,41.34492],[-0.69494,41.35009],[-0.69118,41.35033],[-0.68253,41.35493],[-0.67386,41.35571],[-0.66331,41.34983],[-0.65718,41.34921],[-0.63849,41.35588],[-0.644,41.34449],[-0.65491,41.34331],[-0.66199,41.34007],[-0.66259,41.3361],[-0.67219,41.3339],[-0.69618,41.32171],[-0.6967,41.32161]]],[[[-0.45955,41.36518],[-0.46683,41.362],[-0.48381,41.36627],[-0.48994,41.36453],[-0.49298,41.35111],[-0.48047,41.34591],[-0.47015,41.34703],[-0.45909,41.34602],[-0.4443,41.35025],[-0.45158,41.35459],[-0.45349,41.35946],[-0.45835,41.36361],[-0.45955,41.36518]]]]}},{"type":"Feature","properties":{"mun_code":"50129","mun_name":"Jaraba","mun_name_local":null,"prov_code":"50","prov_name":"Zaragoza","acom_code":"02","acom_name":"Aragón","geo_point_2d":{"lon":-1.897572101411834,"lat":41.19316589595735}},"geometry":{"type":"Polygon","coordinates":[[[-1.95127,41.21725],[-1.9426,41.20782],[-1.93669,41.18884],[-1.92784,41.18339],[-1.92158,41.1834],[-1.91113,41.18048],[-1.90579,41.17752],[-1.88573,41.14553],[-1.88213,41.14584],[-1.87746,41.1497],[-1.85614,41.15943],[-1.85431,41.16253],[-1.85419,41.16952],[-1.85042,41.17603],[-1.85475,41.18011],[-1.85269,41.18447],[-1.85507,41.18918],[-1.85553,41.19622],[-1.86515,41.19962],[-1.8741,41.20472],[-1.88124,41.21142],[-1.8849,41.21787],[-1.889,41.22091],[-1.90977,41.2272],[-1.91445,41.23344],[-1.92575,41.23366],[-1.9296,41.23335],[-1.93401,41.23084],[-1.94322,41.22452],[-1.94731,41.21915],[-1.95046,41.21836],[-1.95127,41.21725]]]}},{"type":"Feature","properties":{"mun_code":"50215","mun_name":"Pozuel de Ariza","mun_name_local":null,"prov_code":"50","prov_name":"Zaragoza","acom_code":"02","acom_name":"Aragón","geo_point_2d":{"lon":-2.1282559185339114,"lat":41.3524030023663}},"geometry":{"type":"Polygon","coordinates":[[[-2.16905,41.32257],[-2.16626,41.32131],[-2.14635,41.32572],[-2.13953,41.32511],[-2.11132,41.33869],[-2.10432,41.34867],[-2.09607,41.35372],[-2.09906,41.37339],[-2.09767,41.37834],[-2.10392,41.38394],[-2.12071,41.38996],[-2.11948,41.38428],[-2.11603,41.38205],[-2.12015,41.37967],[-2.1258,41.36964],[-2.13169,41.36834],[-2.13427,41.36532],[-2.14199,41.36176],[-2.14984,41.35588],[-2.15605,41.3569],[-2.16314,41.35535],[-2.16249,41.34787],[-2.15665,41.33741],[-2.15798,41.33161],[-2.16434,41.32864],[-2.16905,41.32257]]]}},{"type":"Feature","properties":{"mun_code":"50012","mun_name":"Alborge","mun_name_local":null,"prov_code":"50","prov_name":"Zaragoza","acom_code":"02","acom_name":"Aragón","geo_point_2d":{"lon":-0.3551326842136621,"lat":41.33901951352884}},"geometry":{"type":"Polygon","coordinates":[[[-0.3671,41.34965],[-0.36215,41.34615],[-0.36117,41.34273],[-0.36185,41.33623],[-0.36615,41.32889],[-0.35789,41.32367],[-0.35062,41.32412],[-0.34661,41.32645],[-0.34367,41.33193],[-0.34813,41.34152],[-0.3462,41.3458],[-0.34857,41.35116],[-0.35631,41.35623],[-0.3624,41.35579],[-0.36579,41.35175],[-0.3671,41.34965]]]}},{"type":"Feature","properties":{"mun_code":"50090","mun_name":"Cubel","mun_name_local":null,"prov_code":"50","prov_name":"Zaragoza","acom_code":"02","acom_name":"Aragón","geo_point_2d":{"lon":-1.6304242666171895,"lat":41.09363896422453}},"geometry":{"type":"Polygon","coordinates":[[[-1.72002,41.09431],[-1.71615,41.09132],[-1.7092,41.08867],[-1.69376,41.08973],[-1.6862,41.08265],[-1.67019,41.07619],[-1.642,41.05904],[-1.63257,41.05466],[-1.61836,41.05315],[-1.59926,41.07243],[-1.59259,41.08271],[-1.58086,41.08645],[-1.57213,41.09203],[-1.55221,41.09943],[-1.56063,41.11229],[-1.56601,41.11408],[-1.56625,41.11667],[-1.58632,41.11683],[-1.58934,41.12032],[-1.60034,41.11885],[-1.60494,41.12171],[-1.61096,41.12934],[-1.6154,41.12804],[-1.61776,41.12937],[-1.61917,41.12601],[-1.64433,41.11773],[-1.65421,41.11756],[-1.69129,41.10425],[-1.71727,41.09802],[-1.72002,41.09431]]]}},{"type":"Feature","properties":{"mun_code":"50207","mun_name":"Piedratajada","mun_name_local":null,"prov_code":"50","prov_name":"Zaragoza","acom_code":"02","acom_name":"Aragón","geo_point_2d":{"lon":-0.7906757379149275,"lat":42.125225487195614}},"geometry":{"type":"Polygon","coordinates":[[[-0.8178,42.13145],[-0.81801,42.12201],[-0.81598,42.11596],[-0.80931,42.10957],[-0.80603,42.10366],[-0.80486,42.09697],[-0.7965,42.0955],[-0.78294,42.10349],[-0.77882,42.10354],[-0.77136,42.10706],[-0.75795,42.11056],[-0.75525,42.10948],[-0.75807,42.11524],[-0.7534,42.12157],[-0.75348,42.12491],[-0.76086,42.12985],[-0.75855,42.13192],[-0.75296,42.13148],[-0.75217,42.13329],[-0.78878,42.13806],[-0.78398,42.14341],[-0.77805,42.147],[-0.78252,42.14923],[-0.78935,42.1498],[-0.80352,42.15423],[-0.81543,42.15366],[-0.81819,42.14275],[-0.81778,42.13253],[-0.8178,42.13145]]]}},{"type":"Feature","properties":{"mun_code":"50038","mun_name":"Ateca","mun_name_local":null,"prov_code":"50","prov_name":"Zaragoza","acom_code":"02","acom_name":"Aragón","geo_point_2d":{"lon":-1.8101145344615426,"lat":41.346735049995694}},"geometry":{"type":"Polygon","coordinates":[[[-1.9322,41.36306],[-1.92726,41.35884],[-1.92381,41.35848],[-1.91847,41.35269],[-1.91308,41.34965],[-1.90764,41.34424],[-1.90618,41.33995],[-1.90127,41.34279],[-1.89855,41.34646],[-1.89965,41.35023],[-1.88152,41.36077],[-1.87741,41.36073],[-1.86151,41.34166],[-1.85891,41.34158],[-1.85376,41.33795],[-1.83872,41.3241],[-1.82697,41.3158],[-1.82551,41.32119],[-1.82329,41.32249],[-1.82079,41.32172],[-1.81844,41.31812],[-1.81654,41.32152],[-1.81176,41.3177],[-1.80905,41.31927],[-1.8066,41.31886],[-1.79987,41.31252],[-1.79763,41.30703],[-1.78349,41.29092],[-1.77666,41.29177],[-1.77174,41.29054],[-1.76377,41.2819],[-1.74675,41.28249],[-1.74986,41.2849],[-1.75457,41.28572],[-1.7575,41.28927],[-1.74938,41.30076],[-1.75258,41.3064],[-1.74878,41.3106],[-1.7528,41.31284],[-1.74919,41.31787],[-1.75151,41.32074],[-1.74376,41.32186],[-1.75309,41.32812],[-1.75319,41.33087],[-1.75696,41.33487],[-1.76233,41.34737],[-1.75877,41.35173],[-1.75777,41.35855],[-1.75064,41.36706],[-1.74721,41.36917],[-1.74358,41.36884],[-1.74357,41.37],[-1.73697,41.37311],[-1.73799,41.37646],[-1.73419,41.37951],[-1.73652,41.3824],[-1.74948,41.38979],[-1.76278,41.39049],[-1.7867,41.38416],[-1.80392,41.38276],[-1.82883,41.37247],[-1.8374,41.37191],[-1.84284,41.37287],[-1.86584,41.36691],[-1.87979,41.3721],[-1.88905,41.37107],[-1.89628,41.37472],[-1.90638,41.37276],[-1.91315,41.37857],[-1.91665,41.37782],[-1.91998,41.37936],[-1.92558,41.37531],[-1.9281,41.36723],[-1.93182,41.36499],[-1.9322,41.36306]]]}},{"type":"Feature","properties":{"mun_code":"50170","mun_name":"Monegrillo","mun_name_local":null,"prov_code":"50","prov_name":"Zaragoza","acom_code":"02","acom_name":"Aragón","geo_point_2d":{"lon":-0.4205661148138041,"lat":41.626769585328546}},"geometry":{"type":"Polygon","coordinates":[[[-0.5237,41.61537],[-0.51509,41.61256],[-0.51097,41.60923],[-0.50887,41.60649],[-0.51134,41.60054],[-0.49678,41.59607],[-0.47671,41.59357],[-0.45356,41.58446],[-0.41188,41.54688],[-0.40619,41.54403],[-0.39686,41.54468],[-0.38157,41.53958],[-0.36777,41.54778],[-0.35673,41.56531],[-0.34732,41.5754],[-0.34125,41.59028],[-0.33668,41.59471],[-0.33529,41.60017],[-0.33269,41.6029],[-0.3256,41.60607],[-0.32394,41.61092],[-0.32613,41.61526],[-0.32524,41.62197],[-0.32896,41.62593],[-0.33621,41.63015],[-0.34635,41.63093],[-0.35321,41.63337],[-0.35556,41.63234],[-0.36231,41.63782],[-0.36076,41.64512],[-0.36592,41.65974],[-0.36495,41.66363],[-0.36761,41.67785],[-0.36626,41.67991],[-0.36808,41.68194],[-0.37367,41.684],[-0.3745,41.68812],[-0.3779,41.68958],[-0.38483,41.68756],[-0.3952,41.69239],[-0.39883,41.69559],[-0.40312,41.69622],[-0.41045,41.70135],[-0.4202,41.7018],[-0.4214,41.70357],[-0.42854,41.70548],[-0.43376,41.70635],[-0.4375,41.70553],[-0.43992,41.70662],[-0.44492,41.70368],[-0.44833,41.70884],[-0.45569,41.7127],[-0.46065,41.71337],[-0.45966,41.71509],[-0.46437,41.71515],[-0.46492,41.71248],[-0.46309,41.71099],[-0.46442,41.7037],[-0.4714,41.69648],[-0.47695,41.69322],[-0.47684,41.68943],[-0.48037,41.68177],[-0.47853,41.67672],[-0.49379,41.66474],[-0.50023,41.65639],[-0.51052,41.63271],[-0.52712,41.61645],[-0.5237,41.61537]]]}},{"type":"Feature","properties":{"mun_code":"50114","mun_name":"Fuendetodos","mun_name_local":null,"prov_code":"50","prov_name":"Zaragoza","acom_code":"02","acom_name":"Aragón","geo_point_2d":{"lon":-0.9259443140015446,"lat":41.354856569515384}},"geometry":{"type":"Polygon","coordinates":[[[-0.97627,41.32222],[-0.94902,41.31591],[-0.94612,41.31986],[-0.94249,41.32129],[-0.94267,41.32256],[-0.93397,41.32624],[-0.92305,41.32632],[-0.91486,41.32431],[-0.91239,41.32118],[-0.90206,41.32058],[-0.90073,41.31885],[-0.89729,41.31907],[-0.88903,41.31489],[-0.88385,41.31581],[-0.88134,41.32055],[-0.87435,41.32668],[-0.87407,41.33067],[-0.87604,41.33407],[-0.8734,41.34244],[-0.88109,41.35959],[-0.8817,41.37026],[-0.88522,41.37713],[-0.89033,41.38271],[-0.89088,41.3877],[-0.90962,41.39666],[-0.91745,41.40281],[-0.91944,41.4012],[-0.92597,41.4005],[-0.93504,41.3967],[-0.9472,41.39637],[-0.95643,41.39291],[-0.95944,41.39053],[-0.95675,41.38003],[-0.96466,41.362],[-0.97327,41.35278],[-0.97766,41.35246],[-0.98821,41.34514],[-0.98011,41.33526],[-0.97889,41.33224],[-0.98103,41.3281],[-0.97627,41.32222]]]}},{"type":"Feature","properties":{"mun_code":"50177","mun_name":"Morés","mun_name_local":null,"prov_code":"50","prov_name":"Zaragoza","acom_code":"02","acom_name":"Aragón","geo_point_2d":{"lon":-1.5664429886321938,"lat":41.47534634131576}},"geometry":{"type":"Polygon","coordinates":[[[-1.60824,41.45595],[-1.60666,41.45427],[-1.59565,41.45843],[-1.56935,41.46009],[-1.56491,41.46174],[-1.55381,41.46052],[-1.54945,41.46133],[-1.54607,41.46362],[-1.53918,41.4631],[-1.5311,41.45934],[-1.52879,41.45959],[-1.53099,41.46529],[-1.52643,41.47314],[-1.52706,41.48254],[-1.53196,41.49077],[-1.53844,41.48915],[-1.54443,41.48985],[-1.55734,41.49444],[-1.56751,41.49596],[-1.57076,41.49945],[-1.57813,41.5005],[-1.57863,41.49839],[-1.58582,41.49429],[-1.58064,41.49002],[-1.58212,41.48409],[-1.58587,41.48368],[-1.58889,41.48066],[-1.59582,41.47809],[-1.59919,41.47445],[-1.60613,41.47322],[-1.60904,41.46987],[-1.61052,41.46249],[-1.61244,41.46087],[-1.60838,41.4562],[-1.60824,41.45595]]]}},{"type":"Feature","properties":{"mun_code":"50075","mun_name":"Castejón de Alarba","mun_name_local":null,"prov_code":"50","prov_name":"Zaragoza","acom_code":"02","acom_name":"Aragón","geo_point_2d":{"lon":-1.6523171812339563,"lat":41.18406877066877}},"geometry":{"type":"Polygon","coordinates":[[[-1.6837,41.17997],[-1.67868,41.17729],[-1.67376,41.17054],[-1.6621,41.17047],[-1.65432,41.16563],[-1.63877,41.16036],[-1.63464,41.16292],[-1.63212,41.16294],[-1.63242,41.17241],[-1.63026,41.1745],[-1.62481,41.1745],[-1.62379,41.1766],[-1.61982,41.17794],[-1.61704,41.18326],[-1.61461,41.1842],[-1.61501,41.18563],[-1.62833,41.1903],[-1.63496,41.19522],[-1.63926,41.19577],[-1.64365,41.19945],[-1.64864,41.20132],[-1.65078,41.20541],[-1.65929,41.20786],[-1.669,41.20154],[-1.67818,41.19873],[-1.68325,41.19539],[-1.68127,41.18962],[-1.6828,41.18143],[-1.6837,41.17997]]]}},{"type":"Feature","properties":{"mun_code":"50194","mun_name":"Olvés","mun_name_local":null,"prov_code":"50","prov_name":"Zaragoza","acom_code":"02","acom_name":"Aragón","geo_point_2d":{"lon":-1.663155862927408,"lat":41.22520127023239}},"geometry":{"type":"Polygon","coordinates":[[[-1.69947,41.20202],[-1.68325,41.19539],[-1.67818,41.19873],[-1.669,41.20154],[-1.65929,41.20786],[-1.65349,41.20674],[-1.65047,41.20462],[-1.64847,41.20597],[-1.64336,41.21756],[-1.64,41.22072],[-1.63899,41.22903],[-1.63451,41.23802],[-1.63504,41.24699],[-1.63818,41.25433],[-1.63678,41.25675],[-1.64017,41.25779],[-1.64511,41.25636],[-1.64645,41.2545],[-1.65558,41.25046],[-1.65461,41.24794],[-1.65704,41.24619],[-1.66752,41.24796],[-1.67748,41.24289],[-1.6809,41.23888],[-1.6775,41.23286],[-1.68262,41.23088],[-1.67988,41.22582],[-1.68034,41.22103],[-1.68554,41.21988],[-1.69123,41.21563],[-1.69318,41.21127],[-1.69771,41.20978],[-1.69877,41.2043],[-1.69947,41.20202]]]}},{"type":"Feature","properties":{"mun_code":"50265","mun_name":"Trasmoz","mun_name_local":null,"prov_code":"50","prov_name":"Zaragoza","acom_code":"02","acom_name":"Aragón","geo_point_2d":{"lon":-1.7342930001087589,"lat":41.82381339957457}},"geometry":{"type":"MultiPolygon","coordinates":[[[[-1.77394,41.78592],[-1.77142,41.78743],[-1.77029,41.79396],[-1.77418,41.7965],[-1.78009,41.79695],[-1.78226,41.79947],[-1.78823,41.79929],[-1.79253,41.79828],[-1.79496,41.79588],[-1.79645,41.79044],[-1.79938,41.78704],[-1.79623,41.78585],[-1.79893,41.7811],[-1.79714,41.7806],[-1.79125,41.78418],[-1.7751,41.78602],[-1.77394,41.78592]]],[[[-1.74008,41.85093],[-1.73953,41.84523],[-1.72882,41.84578],[-1.72774,41.84311],[-1.7376,41.84207],[-1.73745,41.84059],[-1.77323,41.8214],[-1.77209,41.81987],[-1.75833,41.82595],[-1.75569,41.82376],[-1.75157,41.82321],[-1.7413,41.82703],[-1.72988,41.80623],[-1.71194,41.81236],[-1.70132,41.82042],[-1.70199,41.82405],[-1.69919,41.82628],[-1.69978,41.85],[-1.70618,41.85243],[-1.71405,41.8532],[-1.72008,41.84679],[-1.7271,41.84649],[-1.73209,41.84859],[-1.73363,41.84588],[-1.7386,41.84977],[-1.74008,41.85093]]]]}},{"type":"Feature","properties":{"mun_code":"50030","mun_name":"Añón de Moncayo","mun_name_local":null,"prov_code":"50","prov_name":"Zaragoza","acom_code":"02","acom_name":"Aragón","geo_point_2d":{"lon":-1.7527588945718922,"lat":41.75876330841783}},"geometry":{"type":"Polygon","coordinates":[[[-1.82599,41.77864],[-1.82525,41.77351],[-1.82114,41.7661],[-1.80747,41.75639],[-1.80258,41.75085],[-1.80396,41.74538],[-1.80874,41.74082],[-1.8091,41.73637],[-1.79818,41.73202],[-1.79404,41.73381],[-1.7882,41.73377],[-1.78356,41.7274],[-1.77812,41.72636],[-1.7611,41.71832],[-1.74407,41.72517],[-1.73206,41.72309],[-1.73068,41.72514],[-1.72737,41.72519],[-1.72079,41.72993],[-1.71551,41.73829],[-1.70438,41.74132],[-1.69045,41.75525],[-1.68218,41.75784],[-1.68746,41.76248],[-1.68371,41.76935],[-1.68466,41.77646],[-1.68281,41.78241],[-1.69811,41.77449],[-1.69949,41.78299],[-1.7032,41.78578],[-1.72258,41.7891],[-1.7316,41.78928],[-1.73544,41.79118],[-1.74771,41.79045],[-1.75483,41.79173],[-1.76456,41.787],[-1.79125,41.78418],[-1.79714,41.7806],[-1.79893,41.7811],[-1.79623,41.78585],[-1.81079,41.78136],[-1.81438,41.78239],[-1.82036,41.77906],[-1.82473,41.77857],[-1.82599,41.77864]]]}},{"type":"Feature","properties":{"mun_code":"50047","mun_name":"Berdejo","mun_name_local":null,"prov_code":"50","prov_name":"Zaragoza","acom_code":"02","acom_name":"Aragón","geo_point_2d":{"lon":-1.9579358321080802,"lat":41.56790711465115}},"geometry":{"type":"Polygon","coordinates":[[[-1.99369,41.57709],[-1.98066,41.5647],[-1.98187,41.56203],[-1.97835,41.5586],[-1.97674,41.55741],[-1.97355,41.55797],[-1.97128,41.55565],[-1.96856,41.55127],[-1.97043,41.54867],[-1.96831,41.54666],[-1.95963,41.5433],[-1.95423,41.54322],[-1.9352,41.5511],[-1.9314,41.55516],[-1.92284,41.55851],[-1.92049,41.56656],[-1.90935,41.58106],[-1.90778,41.58849],[-1.91148,41.57997],[-1.9163,41.57499],[-1.92087,41.57714],[-1.94587,41.57509],[-1.9675,41.57942],[-1.97547,41.588],[-1.9783,41.59331],[-1.99333,41.60013],[-1.99197,41.59036],[-1.99464,41.57964],[-1.99369,41.57709]]]}},{"type":"Feature","properties":{"mun_code":"50234","mun_name":"San Martín de la Virgen de Moncayo","mun_name_local":null,"prov_code":"50","prov_name":"Zaragoza","acom_code":"02","acom_name":"Aragón","geo_point_2d":{"lon":-1.7920779178302826,"lat":41.835066315181145}},"geometry":{"type":"Polygon","coordinates":[[[-1.80419,41.81307],[-1.80154,41.8191],[-1.78386,41.83348],[-1.78041,41.83898],[-1.76266,41.84684],[-1.76456,41.85134],[-1.76865,41.85187],[-1.78543,41.84391],[-1.79775,41.8415],[-1.80923,41.83427],[-1.80997,41.83185],[-1.81491,41.82808],[-1.81108,41.8235],[-1.80762,41.82462],[-1.80548,41.82299],[-1.80347,41.82319],[-1.80649,41.81551],[-1.80477,41.81336],[-1.80419,41.81307]]]}},{"type":"Feature","properties":{"mun_code":"50195","mun_name":"Orcajo","mun_name_local":null,"prov_code":"50","prov_name":"Zaragoza","acom_code":"02","acom_name":"Aragón","geo_point_2d":{"lon":-1.5059034723595062,"lat":41.10493522293503}},"geometry":{"type":"Polygon","coordinates":[[[-1.55221,41.09943],[-1.54685,41.09556],[-1.54743,41.09232],[-1.54459,41.09064],[-1.5435,41.08765],[-1.53778,41.08303],[-1.52825,41.08049],[-1.52438,41.07616],[-1.51265,41.08367],[-1.50738,41.08342],[-1.4967,41.07984],[-1.4649,41.10461],[-1.47085,41.1166],[-1.4746,41.11829],[-1.46025,41.12651],[-1.46077,41.13055],[-1.4575,41.13336],[-1.46159,41.13309],[-1.47646,41.12727],[-1.48691,41.1256],[-1.49895,41.12741],[-1.51251,41.12756],[-1.52317,41.12501],[-1.53518,41.1176],[-1.53825,41.11364],[-1.5392,41.10719],[-1.54701,41.1007],[-1.55221,41.09943]]]}},{"type":"Feature","properties":{"mun_code":"50205","mun_name":"Las Pedrosas","mun_name_local":null,"prov_code":"50","prov_name":"Zaragoza","acom_code":"02","acom_name":"Aragón","geo_point_2d":{"lon":-0.8781207491811645,"lat":42.029331404496936}},"geometry":{"type":"Polygon","coordinates":[[[-0.90873,42.00999],[-0.90518,42.01039],[-0.89731,42.00766],[-0.89035,42.00263],[-0.88493,42.00358],[-0.88028,42.00869],[-0.8697,42.01245],[-0.86633,42.016],[-0.85418,42.02233],[-0.8496,42.02851],[-0.84862,42.03915],[-0.84993,42.04355],[-0.85644,42.04721],[-0.85716,42.05044],[-0.85543,42.05323],[-0.8724,42.05394],[-0.87877,42.05344],[-0.884,42.05099],[-0.90029,42.02978],[-0.90546,42.02871],[-0.90976,42.02096],[-0.90838,42.01501],[-0.90873,42.00999]]]}},{"type":"Feature","properties":{"mun_code":"50166","mun_name":"Mesones de Isuela","mun_name_local":null,"prov_code":"50","prov_name":"Zaragoza","acom_code":"02","acom_name":"Aragón","geo_point_2d":{"lon":-1.5414082392325803,"lat":41.57751936638817}},"geometry":{"type":"Polygon","coordinates":[[[-1.5971,41.54549],[-1.58887,41.544],[-1.57876,41.53974],[-1.57196,41.53227],[-1.56578,41.53044],[-1.56358,41.5399],[-1.55875,41.54163],[-1.54915,41.54021],[-1.53759,41.54368],[-1.53433,41.54231],[-1.5245,41.54609],[-1.52318,41.55468],[-1.52559,41.56087],[-1.51703,41.57083],[-1.51645,41.57703],[-1.49863,41.58837],[-1.4949,41.5888],[-1.4747,41.59858],[-1.4764,41.60202],[-1.47969,41.60497],[-1.49418,41.61141],[-1.50134,41.61647],[-1.5046,41.62115],[-1.51566,41.62594],[-1.52056,41.62364],[-1.52023,41.62177],[-1.52582,41.61287],[-1.53716,41.60603],[-1.54123,41.60381],[-1.56003,41.59878],[-1.56672,41.59538],[-1.57931,41.58013],[-1.5937,41.5672],[-1.5911,41.56546],[-1.59107,41.56034],[-1.59334,41.55843],[-1.59653,41.54689],[-1.5971,41.54549]]]}},{"type":"Feature","properties":{"mun_code":"50200","mun_name":"Paniza","mun_name_local":null,"prov_code":"50","prov_name":"Zaragoza","acom_code":"02","acom_name":"Aragón","geo_point_2d":{"lon":-1.2030718571288705,"lat":41.2738179295551}},"geometry":{"type":"Polygon","coordinates":[[[-1.2581,41.24859],[-1.25734,41.24223],[-1.25328,41.23741],[-1.25102,41.23091],[-1.24465,41.23406],[-1.23734,41.24102],[-1.2378,41.24888],[-1.23436,41.25087],[-1.22974,41.25101],[-1.22354,41.24407],[-1.22032,41.24467],[-1.21886,41.2436],[-1.21665,41.24438],[-1.21288,41.24338],[-1.20907,41.24573],[-1.20587,41.24312],[-1.19784,41.24112],[-1.18527,41.24401],[-1.18127,41.25017],[-1.1823,41.25242],[-1.17911,41.25988],[-1.17269,41.26511],[-1.15174,41.27193],[-1.14651,41.27212],[-1.14548,41.27431],[-1.14754,41.27955],[-1.14629,41.28552],[-1.14895,41.28699],[-1.15179,41.29375],[-1.16241,41.30726],[-1.16683,41.31005],[-1.1708,41.30926],[-1.17396,41.30609],[-1.19516,41.30336],[-1.21009,41.30413],[-1.23008,41.29981],[-1.23467,41.29171],[-1.24242,41.28783],[-1.24355,41.28171],[-1.2412,41.27675],[-1.24217,41.2718],[-1.24952,41.26585],[-1.24929,41.26029],[-1.25462,41.25757],[-1.25843,41.24927],[-1.2581,41.24859]]]}},{"type":"Feature","properties":{"mun_code":"50098","mun_name":"Encinacorba","mun_name_local":null,"prov_code":"50","prov_name":"Zaragoza","acom_code":"02","acom_name":"Aragón","geo_point_2d":{"lon":-1.27676674335477,"lat":41.28603077153549}},"geometry":{"type":"Polygon","coordinates":[[[-1.32014,41.30035],[-1.31814,41.29624],[-1.31974,41.28966],[-1.31093,41.27982],[-1.31351,41.27864],[-1.31344,41.27549],[-1.30165,41.26527],[-1.29778,41.26455],[-1.2948,41.25805],[-1.29158,41.257],[-1.2884,41.26034],[-1.28329,41.25944],[-1.27353,41.25192],[-1.2581,41.24859],[-1.25838,41.2513],[-1.25462,41.25757],[-1.24929,41.26029],[-1.24952,41.26585],[-1.24217,41.2718],[-1.2412,41.27675],[-1.24355,41.28171],[-1.24242,41.28783],[-1.23788,41.28925],[-1.23195,41.29461],[-1.23008,41.29981],[-1.23242,41.30201],[-1.24482,41.30833],[-1.25548,41.30713],[-1.26123,41.31022],[-1.26528,41.30923],[-1.26895,41.31413],[-1.28506,41.31315],[-1.29542,41.31708],[-1.30935,41.31088],[-1.3142,41.30396],[-1.31664,41.30371],[-1.31963,41.30098],[-1.32014,41.30035]]]}},{"type":"Feature","properties":{"mun_code":"50069","mun_name":"Calcena","mun_name_local":null,"prov_code":"50","prov_name":"Zaragoza","acom_code":"02","acom_name":"Aragón","geo_point_2d":{"lon":-1.7205596062883628,"lat":41.664026024030825}},"geometry":{"type":"Polygon","coordinates":[[[-1.81311,41.66056],[-1.8108,41.65569],[-1.8054,41.65147],[-1.79314,41.65234],[-1.77977,41.64502],[-1.77918,41.64234],[-1.76984,41.64286],[-1.76644,41.64193],[-1.75678,41.634],[-1.74994,41.62489],[-1.74345,41.62225],[-1.73969,41.61774],[-1.73185,41.61599],[-1.72993,41.61409],[-1.72322,41.61635],[-1.72121,41.61919],[-1.71159,41.62358],[-1.70982,41.62615],[-1.70463,41.62416],[-1.70047,41.62461],[-1.69643,41.62542],[-1.69215,41.62825],[-1.69213,41.64188],[-1.68662,41.64323],[-1.67639,41.65076],[-1.67193,41.6596],[-1.66237,41.6721],[-1.66235,41.6764],[-1.65955,41.67815],[-1.67729,41.69498],[-1.68372,41.70402],[-1.69056,41.70292],[-1.69817,41.70422],[-1.70271,41.70822],[-1.70674,41.71567],[-1.71435,41.71765],[-1.72039,41.72194],[-1.72928,41.72532],[-1.73068,41.72514],[-1.73319,41.72015],[-1.72785,41.70823],[-1.73036,41.70572],[-1.73005,41.70391],[-1.72741,41.70172],[-1.73488,41.69097],[-1.73542,41.68981],[-1.73332,41.68849],[-1.73565,41.68419],[-1.73841,41.68309],[-1.73762,41.67522],[-1.73944,41.67042],[-1.74522,41.66344],[-1.74834,41.66245],[-1.75496,41.66304],[-1.75907,41.66099],[-1.77428,41.66404],[-1.79822,41.66081],[-1.80622,41.66426],[-1.81078,41.66259],[-1.81311,41.66056]]]}},{"type":"Feature","properties":{"mun_code":"50113","mun_name":"Fuendejalón","mun_name_local":null,"prov_code":"50","prov_name":"Zaragoza","acom_code":"02","acom_name":"Aragón","geo_point_2d":{"lon":-1.4599546035401483,"lat":41.7329771764898}},"geometry":{"type":"Polygon","coordinates":[[[-1.52538,41.72943],[-1.52232,41.72461],[-1.51092,41.71498],[-1.50822,41.71058],[-1.49857,41.70711],[-1.48931,41.69468],[-1.47899,41.68731],[-1.46012,41.68509],[-1.45313,41.68919],[-1.44312,41.68902],[-1.43341,41.69564],[-1.42516,41.69768],[-1.42075,41.70418],[-1.41057,41.70617],[-1.40406,41.71028],[-1.39707,41.71135],[-1.38966,41.7169],[-1.4006,41.72894],[-1.41052,41.74761],[-1.42916,41.76254],[-1.4344,41.77202],[-1.47103,41.78527],[-1.48152,41.78697],[-1.50117,41.75824],[-1.51864,41.7372],[-1.52089,41.73176],[-1.52462,41.72967],[-1.52538,41.72943]]]}},{"type":"Feature","properties":{"mun_code":"50154","mun_name":"Mainar","mun_name_local":null,"prov_code":"50","prov_name":"Zaragoza","acom_code":"02","acom_name":"Aragón","geo_point_2d":{"lon":-1.3062023481412424,"lat":41.20825168809102}},"geometry":{"type":"Polygon","coordinates":[[[-1.35812,41.17929],[-1.34368,41.16466],[-1.33126,41.16663],[-1.32173,41.16572],[-1.31557,41.16676],[-1.31387,41.16838],[-1.31596,41.17228],[-1.31548,41.17507],[-1.29834,41.18134],[-1.29898,41.18686],[-1.29612,41.19277],[-1.29287,41.19436],[-1.28254,41.20508],[-1.27716,41.20611],[-1.27459,41.20952],[-1.27262,41.21474],[-1.27086,41.23341],[-1.26595,41.23672],[-1.26972,41.24427],[-1.27134,41.24479],[-1.27194,41.25053],[-1.28329,41.25944],[-1.28978,41.25967],[-1.29158,41.257],[-1.29054,41.25323],[-1.29761,41.25015],[-1.31104,41.23632],[-1.31023,41.22638],[-1.32261,41.20325],[-1.34194,41.19409],[-1.35344,41.18378],[-1.35812,41.17929]]]}},{"type":"Feature","properties":{"mun_code":"50236","mun_name":"Santa Cruz de Grío","mun_name_local":null,"prov_code":"50","prov_name":"Zaragoza","acom_code":"02","acom_name":"Aragón","geo_point_2d":{"lon":-1.424683236615441,"lat":41.37500668734074}},"geometry":{"type":"Polygon","coordinates":[[[-1.45603,41.36308],[-1.44768,41.35976],[-1.44358,41.35649],[-1.44187,41.3497],[-1.4374,41.3425],[-1.43504,41.34121],[-1.43694,41.33938],[-1.43239,41.34177],[-1.42551,41.34946],[-1.41805,41.35377],[-1.41993,41.36381],[-1.41271,41.36272],[-1.40503,41.36329],[-1.4037,41.36762],[-1.39358,41.36742],[-1.39073,41.36915],[-1.39018,41.37289],[-1.39552,41.37488],[-1.39907,41.37972],[-1.39794,41.38179],[-1.40123,41.3861],[-1.39854,41.38922],[-1.40004,41.39209],[-1.40588,41.39413],[-1.40801,41.39788],[-1.41284,41.39916],[-1.41727,41.3985],[-1.4415,41.40495],[-1.44419,41.39848],[-1.43969,41.39609],[-1.43569,41.38857],[-1.45543,41.36399],[-1.45603,41.36308]]]}},{"type":"Feature","properties":{"mun_code":"50245","mun_name":"Sigüés","mun_name_local":null,"prov_code":"50","prov_name":"Zaragoza","acom_code":"02","acom_name":"Aragón","geo_point_2d":{"lon":-1.0282843059346234,"lat":42.6240556225045}},"geometry":{"type":"Polygon","coordinates":[[[-1.15765,42.61047],[-1.14706,42.60696],[-1.14378,42.60023],[-1.13905,42.5986],[-1.13133,42.60087],[-1.12268,42.6111],[-1.11511,42.61216],[-1.10825,42.61112],[-1.10273,42.60716],[-1.09659,42.59915],[-1.09396,42.59838],[-1.08436,42.60434],[-1.07765,42.60571],[-1.07354,42.61215],[-1.06849,42.6132],[-1.06355,42.60696],[-1.05393,42.60048],[-1.04037,42.60003],[-1.03393,42.59844],[-1.03324,42.58914],[-1.03557,42.58312],[-1.03347,42.57246],[-1.02537,42.57247],[-1.01231,42.57422],[-1.01729,42.58725],[-1.01642,42.59143],[-1.01869,42.59923],[-1.01491,42.59917],[-1.00797,42.60374],[-1.00802,42.60855],[-1.00605,42.61062],[-0.99434,42.60872],[-0.9766,42.60061],[-0.96405,42.60205],[-0.96037,42.60651],[-0.95755,42.60723],[-0.94876,42.60449],[-0.93313,42.60601],[-0.92864,42.60458],[-0.92606,42.60023],[-0.92204,42.59966],[-0.91082,42.6041],[-0.90866,42.60967],[-0.90555,42.61001],[-0.90466,42.61294],[-0.91298,42.63617],[-0.92338,42.64697],[-0.92764,42.65624],[-0.93118,42.65603],[-0.93731,42.66277],[-0.93953,42.66053],[-0.94881,42.65665],[-0.95827,42.6553],[-0.96401,42.65281],[-0.96329,42.65071],[-0.97425,42.63927],[-0.9796,42.64143],[-0.98461,42.64173],[-0.99309,42.64694],[-1.03169,42.65095],[-1.03453,42.65237],[-1.03826,42.6517],[-1.0386,42.64833],[-1.04737,42.64557],[-1.05095,42.643],[-1.05948,42.64171],[-1.07104,42.64166],[-1.08741,42.64636],[-1.12043,42.64503],[-1.14383,42.64823],[-1.1514,42.64818],[-1.15466,42.64158],[-1.15413,42.63426],[-1.15701,42.62367],[-1.15712,42.61089],[-1.15765,42.61047]]]}},{"type":"Feature","properties":{"mun_code":"50009","mun_name":"Alarba","mun_name_local":null,"prov_code":"50","prov_name":"Zaragoza","acom_code":"02","acom_name":"Aragón","geo_point_2d":{"lon":-1.61449025026984,"lat":41.20682870755063}},"geometry":{"type":"Polygon","coordinates":[[[-1.65047,41.20462],[-1.64864,41.20132],[-1.64365,41.19945],[-1.63926,41.19577],[-1.63496,41.19522],[-1.62833,41.1903],[-1.61501,41.18563],[-1.61461,41.1842],[-1.60711,41.18474],[-1.60009,41.18634],[-1.59417,41.19095],[-1.59085,41.19672],[-1.58053,41.20568],[-1.58063,41.21611],[-1.58447,41.21924],[-1.60982,41.22286],[-1.61969,41.22977],[-1.64133,41.21964],[-1.64885,41.20565],[-1.65047,41.20462]]]}},{"type":"Feature","properties":{"mun_code":"50155","mun_name":"Malanquilla","mun_name_local":null,"prov_code":"50","prov_name":"Zaragoza","acom_code":"02","acom_name":"Aragón","geo_point_2d":{"lon":-1.8793223195263016,"lat":41.582299074198176}},"geometry":{"type":"Polygon","coordinates":[[[-1.9231,41.59833],[-1.9028,41.58533],[-1.90024,41.57569],[-1.90092,41.56985],[-1.90547,41.56572],[-1.9021,41.5599],[-1.88799,41.55261],[-1.86626,41.53642],[-1.86519,41.53627],[-1.86654,41.53981],[-1.86222,41.54356],[-1.85898,41.54918],[-1.84887,41.5541],[-1.8323,41.55893],[-1.83607,41.56337],[-1.83837,41.57318],[-1.84379,41.57631],[-1.86024,41.59214],[-1.86537,41.60659],[-1.87268,41.61052],[-1.87073,41.61475],[-1.86775,41.6159],[-1.87111,41.61815],[-1.88127,41.62124],[-1.90792,41.6211],[-1.91315,41.61708],[-1.9142,41.60873],[-1.91837,41.60659],[-1.92261,41.59907],[-1.9231,41.59833]]]}},{"type":"Feature","properties":{"mun_code":"50237","mun_name":"Santa Cruz de Moncayo","mun_name_local":null,"prov_code":"50","prov_name":"Zaragoza","acom_code":"02","acom_name":"Aragón","geo_point_2d":{"lon":-1.7570327426030654,"lat":41.8814519233847}},"geometry":{"type":"Polygon","coordinates":[[[-1.77452,41.8729],[-1.7713,41.87181],[-1.77041,41.87326],[-1.76765,41.87313],[-1.76548,41.87166],[-1.75869,41.87509],[-1.75046,41.87415],[-1.74809,41.87241],[-1.74326,41.87489],[-1.74118,41.8792],[-1.74338,41.88003],[-1.74265,41.88227],[-1.74491,41.88361],[-1.74478,41.88629],[-1.74816,41.88767],[-1.74733,41.88945],[-1.7531,41.89012],[-1.7554,41.89266],[-1.75733,41.89222],[-1.75633,41.89551],[-1.76058,41.8935],[-1.76599,41.8855],[-1.76991,41.8847],[-1.77117,41.87611],[-1.7734,41.87361],[-1.77452,41.8729]]]}},{"type":"Feature","properties":{"mun_code":"50901","mun_name":"Biel","mun_name_local":null,"prov_code":"50","prov_name":"Zaragoza","acom_code":"02","acom_name":"Aragón","geo_point_2d":{"lon":-0.9126514021079726,"lat":42.3691252319807}},"geometry":{"type":"Polygon","coordinates":[[[-0.97101,42.32159],[-0.96761,42.31185],[-0.96399,42.30671],[-0.95089,42.30705],[-0.9467,42.31023],[-0.93425,42.3105],[-0.93163,42.31214],[-0.91386,42.30676],[-0.9055,42.31003],[-0.89887,42.30525],[-0.88863,42.30262],[-0.88498,42.30579],[-0.88753,42.30803],[-0.88304,42.31002],[-0.8796,42.31889],[-0.8725,42.32236],[-0.86894,42.32825],[-0.86634,42.32903],[-0.86618,42.33261],[-0.85566,42.33992],[-0.84997,42.35908],[-0.84679,42.36239],[-0.84691,42.36422],[-0.84276,42.36634],[-0.84201,42.37266],[-0.84511,42.37348],[-0.84537,42.37503],[-0.84335,42.37796],[-0.84418,42.38464],[-0.84192,42.38636],[-0.83313,42.38199],[-0.82167,42.38456],[-0.81589,42.39615],[-0.8226,42.39783],[-0.82802,42.39431],[-0.83543,42.39553],[-0.84057,42.39878],[-0.84066,42.40191],[-0.84293,42.40313],[-0.84209,42.40739],[-0.88422,42.42106],[-0.90842,42.43747],[-0.92123,42.42804],[-0.92402,42.42842],[-0.93161,42.42427],[-0.93729,42.42415],[-0.94487,42.42691],[-0.94886,42.4217],[-0.9549,42.42359],[-0.95816,42.42147],[-0.96541,42.42181],[-0.97768,42.40877],[-0.97407,42.40782],[-0.97227,42.40407],[-0.96769,42.40116],[-0.97045,42.39258],[-0.96875,42.38575],[-0.9782,42.37407],[-0.99194,42.35271],[-0.98716,42.34874],[-0.9776,42.34476],[-0.97523,42.34146],[-0.97064,42.33152],[-0.97134,42.32184],[-0.97101,42.32159]]]}},{"type":"Feature","properties":{"mun_code":"50212","mun_name":"Pleitas","mun_name_local":null,"prov_code":"50","prov_name":"Zaragoza","acom_code":"02","acom_name":"Aragón","geo_point_2d":{"lon":-1.1998295778661057,"lat":41.71337081122221}},"geometry":{"type":"Polygon","coordinates":[[[-1.21593,41.70569],[-1.20949,41.70756],[-1.20673,41.70605],[-1.20464,41.70671],[-1.20465,41.70359],[-1.19915,41.70496],[-1.19686,41.70942],[-1.19121,41.71156],[-1.19365,41.71356],[-1.19317,41.71503],[-1.19092,41.71573],[-1.1893,41.71425],[-1.18665,41.71486],[-1.18664,41.7159],[-1.18881,41.7178],[-1.19222,41.71815],[-1.19277,41.72222],[-1.19743,41.72425],[-1.19913,41.72335],[-1.19882,41.72111],[-1.20039,41.72117],[-1.20637,41.71418],[-1.20771,41.71449],[-1.21056,41.70884],[-1.21493,41.70669],[-1.21593,41.70569]]]}},{"type":"Feature","properties":{"mun_code":"50117","mun_name":"Gallocanta","mun_name_local":null,"prov_code":"50","prov_name":"Zaragoza","acom_code":"02","acom_name":"Aragón","geo_point_2d":{"lon":-1.5209829446571035,"lat":40.99613345943987}},"geometry":{"type":"Polygon","coordinates":[[[-1.57941,40.99255],[-1.57326,40.98722],[-1.56184,40.98623],[-1.54985,40.98736],[-1.5367,40.98203],[-1.52714,40.9718],[-1.50807,40.96065],[-1.49504,40.98137],[-1.49259,40.98307],[-1.49484,40.98656],[-1.48537,41.00198],[-1.48075,41.0058],[-1.47169,41.00931],[-1.47168,41.01041],[-1.48273,41.02097],[-1.49504,41.02351],[-1.51622,41.01541],[-1.53482,41.01093],[-1.55377,41.01013],[-1.57568,40.99843],[-1.57821,40.9952],[-1.57941,40.99255]]]}},{"type":"Feature","properties":{"mun_code":"50164","mun_name":"Mediana de Aragón","mun_name_local":null,"prov_code":"50","prov_name":"Zaragoza","acom_code":"02","acom_name":"Aragón","geo_point_2d":{"lon":-0.7294657334886387,"lat":41.449514054291676}},"geometry":{"type":"Polygon","coordinates":[[[-0.8252,41.45166],[-0.82358,41.44561],[-0.81747,41.44391],[-0.81686,41.44249],[-0.81207,41.44182],[-0.80938,41.44331],[-0.80733,41.44046],[-0.80052,41.43873],[-0.7998,41.43558],[-0.79187,41.43242],[-0.78276,41.42425],[-0.75314,41.41938],[-0.73797,41.4132],[-0.72468,41.40557],[-0.71469,41.4026],[-0.71128,41.403],[-0.69269,41.39591],[-0.67791,41.3955],[-0.67192,41.39258],[-0.67154,41.39646],[-0.67743,41.40626],[-0.67761,41.40937],[-0.68079,41.41094],[-0.68744,41.41974],[-0.68319,41.42675],[-0.66827,41.43759],[-0.66359,41.44337],[-0.65736,41.45814],[-0.66819,41.46288],[-0.68004,41.47256],[-0.68033,41.47526],[-0.67576,41.47888],[-0.67086,41.4805],[-0.6702,41.4829],[-0.68123,41.48766],[-0.68596,41.49192],[-0.68887,41.4902],[-0.68924,41.48737],[-0.69284,41.48641],[-0.69741,41.4872],[-0.71904,41.49847],[-0.72497,41.50052],[-0.73299,41.50018],[-0.73977,41.49703],[-0.74825,41.49054],[-0.76321,41.48441],[-0.76855,41.47907],[-0.77941,41.47279],[-0.77942,41.47098],[-0.78674,41.46845],[-0.79855,41.46007],[-0.80469,41.45722],[-0.82018,41.4549],[-0.82128,41.45231],[-0.82506,41.45189],[-0.8252,41.45166]]]}},{"type":"Feature","properties":{"mun_code":"50218","mun_name":"Puebla de Albortón","mun_name_local":null,"prov_code":"50","prov_name":"Zaragoza","acom_code":"02","acom_name":"Aragón","geo_point_2d":{"lon":-0.8416580837876806,"lat":41.39519558987045}},"geometry":{"type":"Polygon","coordinates":[[[-0.9104,41.39733],[-0.89088,41.3877],[-0.89033,41.38271],[-0.88377,41.3746],[-0.8817,41.37026],[-0.88109,41.35959],[-0.87365,41.344],[-0.87573,41.33177],[-0.87407,41.33067],[-0.86848,41.33316],[-0.86002,41.33356],[-0.8574,41.33885],[-0.85491,41.34005],[-0.85102,41.33958],[-0.83289,41.34989],[-0.82897,41.35539],[-0.81091,41.371],[-0.79913,41.38573],[-0.78559,41.41139],[-0.78123,41.41619],[-0.78276,41.42425],[-0.79187,41.43242],[-0.7998,41.43558],[-0.80052,41.43873],[-0.80733,41.44046],[-0.80938,41.44331],[-0.81207,41.44182],[-0.81686,41.44249],[-0.81747,41.44391],[-0.82358,41.44561],[-0.8252,41.45166],[-0.82647,41.44915],[-0.83492,41.44962],[-0.83923,41.44783],[-0.83885,41.44484],[-0.84548,41.44244],[-0.84671,41.4391],[-0.85275,41.43735],[-0.85315,41.43397],[-0.8577,41.43427],[-0.86576,41.42677],[-0.87004,41.42652],[-0.87657,41.41548],[-0.88608,41.41203],[-0.89134,41.40695],[-0.89069,41.40416],[-0.89756,41.4048],[-0.90123,41.3998],[-0.90942,41.39769],[-0.9104,41.39733]]]}},{"type":"Feature","properties":{"mun_code":"50028","mun_name":"Anento","mun_name_local":null,"prov_code":"50","prov_name":"Zaragoza","acom_code":"02","acom_name":"Aragón","geo_point_2d":{"lon":-1.323799048700434,"lat":41.07061935050161}},"geometry":{"type":"Polygon","coordinates":[[[-1.35757,41.06568],[-1.35689,41.06379],[-1.35314,41.06237],[-1.35551,41.05869],[-1.35417,41.05753],[-1.34511,41.05606],[-1.34197,41.05869],[-1.33928,41.05663],[-1.33961,41.05449],[-1.33445,41.05144],[-1.32911,41.05464],[-1.32475,41.05514],[-1.3221,41.05119],[-1.31911,41.0498],[-1.31037,41.04982],[-1.30344,41.05227],[-1.29907,41.05238],[-1.29255,41.04794],[-1.28743,41.04886],[-1.2815,41.05593],[-1.29632,41.06838],[-1.30486,41.0797],[-1.30699,41.08821],[-1.31077,41.09419],[-1.32243,41.09675],[-1.34538,41.08612],[-1.34773,41.08596],[-1.35231,41.08869],[-1.3558,41.08853],[-1.35235,41.08167],[-1.3579,41.08019],[-1.36013,41.07159],[-1.35532,41.06966],[-1.35757,41.06568]]]}},{"type":"Feature","properties":{"mun_code":"50118","mun_name":"Gallur","mun_name_local":null,"prov_code":"50","prov_name":"Zaragoza","acom_code":"02","acom_name":"Aragón","geo_point_2d":{"lon":-1.322556091183478,"lat":41.863212544753445}},"geometry":{"type":"Polygon","coordinates":[[[-1.36043,41.87847],[-1.35825,41.87162],[-1.35981,41.85638],[-1.35625,41.84614],[-1.33757,41.82572],[-1.325,41.81671],[-1.32225,41.81783],[-1.31804,41.82757],[-1.30424,41.83656],[-1.30457,41.83999],[-1.30098,41.84595],[-1.29813,41.84551],[-1.28689,41.84999],[-1.28778,41.85316],[-1.28149,41.85264],[-1.26677,41.85911],[-1.2713,41.8656],[-1.26964,41.87131],[-1.27299,41.8776],[-1.27911,41.87768],[-1.2853,41.87304],[-1.29841,41.88553],[-1.30836,41.8839],[-1.31365,41.88867],[-1.32117,41.88484],[-1.32834,41.89014],[-1.32943,41.89355],[-1.32553,41.89919],[-1.32548,41.90173],[-1.33505,41.9134],[-1.35225,41.89031],[-1.36036,41.8879],[-1.36056,41.88025],[-1.36043,41.87847]]]}},{"type":"Feature","properties":{"mun_code":"50032","mun_name":"Arándiga","mun_name_local":null,"prov_code":"50","prov_name":"Zaragoza","acom_code":"02","acom_name":"Aragón","geo_point_2d":{"lon":-1.5019872517381059,"lat":41.51878503990123}},"geometry":{"type":"Polygon","coordinates":[[[-1.57428,41.50991],[-1.56924,41.50465],[-1.57076,41.49945],[-1.56751,41.49596],[-1.55734,41.49444],[-1.54443,41.48985],[-1.53844,41.48915],[-1.5294,41.4921],[-1.51237,41.49227],[-1.5063,41.49087],[-1.50529,41.4884],[-1.50346,41.48973],[-1.50022,41.48865],[-1.49267,41.48156],[-1.48652,41.48982],[-1.48599,41.49459],[-1.48191,41.4951],[-1.4777,41.49979],[-1.47297,41.50064],[-1.46298,41.49807],[-1.45176,41.49957],[-1.45043,41.50502],[-1.44727,41.50799],[-1.44823,41.51016],[-1.44706,41.51193],[-1.44862,41.51734],[-1.45147,41.52206],[-1.45455,41.5238],[-1.4568,41.52911],[-1.45632,41.53379],[-1.45776,41.53475],[-1.46021,41.54722],[-1.45727,41.57705],[-1.48253,41.56095],[-1.48093,41.55465],[-1.4894,41.55123],[-1.50003,41.54335],[-1.5102,41.52719],[-1.51454,41.52441],[-1.52498,41.5225],[-1.53604,41.52294],[-1.54176,41.52612],[-1.5579,41.5259],[-1.56309,41.52323],[-1.56414,41.5212],[-1.56763,41.52115],[-1.57551,41.51723],[-1.57417,41.51285],[-1.57428,41.50991]]]}},{"type":"Feature","properties":{"mun_code":"50059","mun_name":"Bujaraloz","mun_name_local":null,"prov_code":"50","prov_name":"Zaragoza","acom_code":"02","acom_name":"Aragón","geo_point_2d":{"lon":-0.14038306411117094,"lat":41.450221106167376}},"geometry":{"type":"Polygon","coordinates":[[[-0.23699,41.493],[-0.20738,41.48387],[-0.20079,41.47791],[-0.19826,41.471],[-0.20502,41.44686],[-0.15932,41.41858],[-0.14484,41.41281],[-0.13983,41.40042],[-0.14315,41.38757],[-0.14924,41.37743],[-0.14766,41.37144],[-0.11908,41.36925],[-0.09923,41.37138],[-0.07271,41.37716],[-0.07413,41.39382],[-0.08404,41.41532],[-0.08446,41.43144],[-0.10497,41.48548],[-0.12071,41.50255],[-0.13479,41.52239],[-0.15666,41.53529],[-0.15638,41.52888],[-0.15874,41.52563],[-0.17446,41.52128],[-0.18406,41.51051],[-0.19832,41.50649],[-0.21358,41.49747],[-0.23373,41.493],[-0.23699,41.493]]]}},{"type":"Feature","properties":{"mun_code":"50210","mun_name":"Los Pintanos","mun_name_local":null,"prov_code":"50","prov_name":"Zaragoza","acom_code":"02","acom_name":"Aragón","geo_point_2d":{"lon":-1.0296665914570737,"lat":42.54934964418948}},"geometry":{"type":"Polygon","coordinates":[[[-1.10162,42.60351],[-1.09668,42.59804],[-1.09405,42.59695],[-1.08801,42.5975],[-1.08314,42.59254],[-1.07739,42.59122],[-1.07326,42.58771],[-1.07526,42.5865],[-1.07397,42.58317],[-1.07933,42.57729],[-1.07979,42.57505],[-1.07808,42.57344],[-1.08277,42.57347],[-1.08406,42.57211],[-1.07543,42.56759],[-1.07658,42.5649],[-1.07107,42.55982],[-1.06001,42.55741],[-1.05889,42.55481],[-1.07151,42.55013],[-1.07771,42.55402],[-1.08106,42.55298],[-1.0887,42.5439],[-1.08537,42.54035],[-1.09368,42.53136],[-1.08681,42.52552],[-1.05442,42.50882],[-1.03314,42.50621],[-1.01237,42.50684],[-1.01049,42.50549],[-0.99839,42.50606],[-0.9895,42.50467],[-0.98493,42.50707],[-0.97613,42.50622],[-0.97283,42.50803],[-0.97145,42.50904],[-0.97507,42.51662],[-0.97774,42.51781],[-0.97749,42.52013],[-0.97306,42.53314],[-0.96696,42.53502],[-0.96601,42.54291],[-0.96736,42.55143],[-0.96593,42.55421],[-0.96741,42.56143],[-0.96162,42.56578],[-0.96377,42.5753],[-0.98844,42.57372],[-1.00724,42.57465],[-1.03347,42.57246],[-1.03557,42.58312],[-1.03324,42.58914],[-1.03393,42.59844],[-1.04037,42.60003],[-1.05393,42.60048],[-1.06355,42.60696],[-1.06849,42.6132],[-1.07354,42.61215],[-1.07677,42.60632],[-1.08436,42.60434],[-1.09292,42.59848],[-1.09659,42.59915],[-1.09999,42.60427],[-1.10162,42.60351]]]}},{"type":"Feature","properties":{"mun_code":"50063","mun_name":"El Buste","mun_name_local":null,"prov_code":"50","prov_name":"Zaragoza","acom_code":"02","acom_name":"Aragón","geo_point_2d":{"lon":-1.599714268918707,"lat":41.893568884803074}},"geometry":{"type":"Polygon","coordinates":[[[-1.61448,41.87916],[-1.6123,41.88355],[-1.59953,41.88414],[-1.5969,41.88565],[-1.59068,41.88441],[-1.5776,41.88729],[-1.57493,41.89904],[-1.57665,41.90448],[-1.58965,41.90393],[-1.59974,41.90088],[-1.60811,41.90017],[-1.62427,41.90396],[-1.6206,41.88436],[-1.61752,41.88182],[-1.61448,41.87916]]]}},{"type":"Feature","properties":{"mun_code":"50149","mun_name":"Luesma","mun_name_local":null,"prov_code":"50","prov_name":"Zaragoza","acom_code":"02","acom_name":"Aragón","geo_point_2d":{"lon":-1.1444754230959333,"lat":41.164097496061686}},"geometry":{"type":"Polygon","coordinates":[[[-1.17607,41.18535],[-1.18052,41.17908],[-1.1799,41.17189],[-1.17346,41.1603],[-1.1576,41.14115],[-1.15633,41.12903],[-1.1216,41.13493],[-1.12127,41.13886],[-1.11312,41.14276],[-1.11765,41.15085],[-1.11706,41.15548],[-1.10863,41.16468],[-1.11602,41.17042],[-1.12743,41.19],[-1.13943,41.20039],[-1.1416,41.20024],[-1.14891,41.19052],[-1.15452,41.18855],[-1.16493,41.1919],[-1.17507,41.18533],[-1.17607,41.18535]]]}},{"type":"Feature","properties":{"mun_code":"50284","mun_name":"Villafeliche","mun_name_local":null,"prov_code":"50","prov_name":"Zaragoza","acom_code":"02","acom_name":"Aragón","geo_point_2d":{"lon":-1.4994036443398697,"lat":41.18520779094219}},"geometry":{"type":"Polygon","coordinates":[[[-1.53912,41.18144],[-1.54425,41.17049],[-1.5292,41.15903],[-1.51483,41.16823],[-1.50991,41.16802],[-1.50478,41.17136],[-1.49802,41.17121],[-1.49724,41.17292],[-1.49165,41.17297],[-1.48495,41.1755],[-1.46253,41.17752],[-1.45026,41.18718],[-1.45241,41.19239],[-1.4667,41.19944],[-1.47359,41.20133],[-1.47626,41.20473],[-1.48828,41.20259],[-1.49595,41.20634],[-1.49823,41.20912],[-1.50424,41.20592],[-1.50693,41.2027],[-1.51878,41.19851],[-1.52676,41.19375],[-1.5309,41.18756],[-1.53091,41.18502],[-1.53888,41.1817],[-1.53912,41.18144]]]}},{"type":"Feature","properties":{"mun_code":"50168","mun_name":"Mianos","mun_name_local":null,"prov_code":"50","prov_name":"Zaragoza","acom_code":"02","acom_name":"Aragón","geo_point_2d":{"lon":-0.9421746736252614,"lat":42.58905759860278}},"geometry":{"type":"Polygon","coordinates":[[[-0.96756,42.57474],[-0.96377,42.5753],[-0.96186,42.56834],[-0.9513,42.56826],[-0.94683,42.56698],[-0.9413,42.57067],[-0.93067,42.57043],[-0.93417,42.57265],[-0.92821,42.58035],[-0.92479,42.58797],[-0.90867,42.58713],[-0.90485,42.60084],[-0.91392,42.60249],[-0.92448,42.59976],[-0.9272,42.60124],[-0.92864,42.60458],[-0.93313,42.60601],[-0.94876,42.60449],[-0.95485,42.60675],[-0.95952,42.607],[-0.96343,42.6024],[-0.96684,42.60131],[-0.96613,42.59349],[-0.96786,42.58336],[-0.96756,42.57474]]]}},{"type":"Feature","properties":{"mun_code":"50260","mun_name":"Torrelapaja","mun_name_local":null,"prov_code":"50","prov_name":"Zaragoza","acom_code":"02","acom_name":"Aragón","geo_point_2d":{"lon":-1.9476037935537869,"lat":41.59032120389185}},"geometry":{"type":"Polygon","coordinates":[[[-1.99333,41.60013],[-1.9783,41.59331],[-1.97547,41.588],[-1.9675,41.57942],[-1.94587,41.57509],[-1.92087,41.57714],[-1.9163,41.57499],[-1.91148,41.57997],[-1.90778,41.58849],[-1.91597,41.59482],[-1.9231,41.59833],[-1.95802,41.60484],[-1.9693,41.60564],[-1.976,41.60293],[-1.98451,41.60707],[-1.99324,41.60051],[-1.99333,41.60013]]]}},{"type":"Feature","properties":{"mun_code":"50110","mun_name":"El Frasno","mun_name_local":null,"prov_code":"50","prov_name":"Zaragoza","acom_code":"02","acom_name":"Aragón","geo_point_2d":{"lon":-1.4922937523138025,"lat":41.404623965270005}},"geometry":{"type":"Polygon","coordinates":[[[-1.54854,41.39562],[-1.54263,41.39138],[-1.53229,41.39173],[-1.52714,41.38787],[-1.52137,41.38864],[-1.50616,41.38534],[-1.49463,41.37661],[-1.49597,41.37204],[-1.49323,41.36871],[-1.48495,41.36505],[-1.48085,41.36154],[-1.47299,41.36681],[-1.46519,41.36486],[-1.46176,41.36194],[-1.45603,41.36308],[-1.43569,41.38857],[-1.43969,41.39609],[-1.44797,41.39926],[-1.47409,41.41974],[-1.47777,41.42823],[-1.48516,41.4311],[-1.49298,41.44107],[-1.49537,41.44124],[-1.49878,41.44912],[-1.50259,41.45029],[-1.50891,41.45542],[-1.50978,41.45909],[-1.51712,41.45916],[-1.51896,41.45441],[-1.52752,41.44673],[-1.52837,41.44312],[-1.53174,41.44066],[-1.53115,41.43679],[-1.52465,41.43193],[-1.52126,41.42639],[-1.52482,41.42107],[-1.52969,41.41814],[-1.5276,41.41698],[-1.52695,41.4138],[-1.53176,41.41171],[-1.54407,41.40254],[-1.54777,41.3992],[-1.54863,41.39608],[-1.54854,41.39562]]]}},{"type":"Feature","properties":{"mun_code":"50039","mun_name":"Azuara","mun_name_local":null,"prov_code":"50","prov_name":"Zaragoza","acom_code":"02","acom_name":"Aragón","geo_point_2d":{"lon":-0.9061736044121128,"lat":41.239132883454225}},"geometry":{"type":"Polygon","coordinates":[[[-0.99768,41.26496],[-0.97047,41.20553],[-0.95441,41.18876],[-0.94722,41.18924],[-0.93608,41.18633],[-0.92915,41.18637],[-0.90733,41.17994],[-0.89182,41.1678],[-0.87438,41.16025],[-0.87065,41.15339],[-0.86369,41.15428],[-0.85593,41.15832],[-0.85418,41.15604],[-0.85035,41.15688],[-0.84219,41.15341],[-0.83902,41.14996],[-0.83211,41.15151],[-0.83376,41.15551],[-0.83128,41.15868],[-0.8343,41.1658],[-0.83181,41.16902],[-0.83346,41.17577],[-0.83138,41.17985],[-0.84133,41.1952],[-0.84483,41.20559],[-0.84194,41.21862],[-0.84623,41.22835],[-0.83735,41.24259],[-0.83803,41.24755],[-0.83568,41.25275],[-0.83558,41.25821],[-0.838,41.26833],[-0.84071,41.27129],[-0.85173,41.27321],[-0.85418,41.27718],[-0.88147,41.2961],[-0.88013,41.29928],[-0.88132,41.30902],[-0.88391,41.3103],[-0.88355,41.31224],[-0.8964,41.31873],[-0.90073,41.31885],[-0.90206,41.32058],[-0.91239,41.32118],[-0.91248,41.32262],[-0.91824,41.32575],[-0.93397,41.32624],[-0.94267,41.32256],[-0.94249,41.32129],[-0.94612,41.31986],[-0.94902,41.31591],[-0.9456,41.30587],[-0.94995,41.30541],[-0.95535,41.28359],[-0.9626,41.279],[-0.9935,41.26551],[-0.99768,41.26496]]]}},{"type":"Feature","properties":{"mun_code":"50291","mun_name":"Villar de los Navarros","mun_name_local":null,"prov_code":"50","prov_name":"Zaragoza","acom_code":"02","acom_name":"Aragón","geo_point_2d":{"lon":-1.012876532877447,"lat":41.16766163346354}},"geometry":{"type":"Polygon","coordinates":[[[-1.0862,41.16413],[-1.05985,41.15098],[-1.04451,41.14083],[-1.03931,41.13472],[-1.03471,41.13727],[-1.02629,41.13822],[-1.01252,41.13467],[-1.00086,41.13401],[-0.98579,41.14376],[-0.98072,41.14512],[-0.97242,41.15346],[-0.97316,41.15558],[-0.96944,41.16377],[-0.95441,41.18876],[-0.97047,41.20553],[-0.9803,41.20352],[-0.98794,41.19919],[-1.0001,41.195],[-1.01934,41.19128],[-1.05342,41.18015],[-1.06592,41.17874],[-1.06973,41.17676],[-1.07329,41.17094],[-1.07882,41.16676],[-1.0862,41.16413]]]}},{"type":"Feature","properties":{"mun_code":"50073","mun_name":"Cariñena","mun_name_local":null,"prov_code":"50","prov_name":"Zaragoza","acom_code":"02","acom_name":"Aragón","geo_point_2d":{"lon":-1.2084755471955537,"lat":41.35048573314982}},"geometry":{"type":"Polygon","coordinates":[[[-1.26895,41.31413],[-1.26528,41.30923],[-1.26123,41.31022],[-1.25548,41.30713],[-1.24431,41.30821],[-1.2345,41.30374],[-1.23008,41.29981],[-1.21009,41.30413],[-1.18751,41.30413],[-1.17396,41.30609],[-1.1708,41.30926],[-1.16683,41.31005],[-1.16241,41.30726],[-1.15739,41.31288],[-1.15343,41.32326],[-1.14571,41.32844],[-1.14463,41.34427],[-1.14645,41.34841],[-1.16378,41.36391],[-1.17459,41.37066],[-1.1857,41.38148],[-1.19959,41.38983],[-1.20508,41.40382],[-1.20249,41.4093],[-1.2043,41.41006],[-1.21479,41.41276],[-1.23512,41.41447],[-1.25171,41.41009],[-1.25499,41.40011],[-1.25221,41.39866],[-1.25347,41.39413],[-1.25245,41.38424],[-1.24626,41.36789],[-1.24117,41.36228],[-1.24265,41.35379],[-1.25132,41.34495],[-1.25691,41.3208],[-1.26056,41.32009],[-1.26666,41.31571],[-1.26895,41.31413]]]}},{"type":"Feature","properties":{"mun_code":"50015","mun_name":"Alconchel de Ariza","mun_name_local":null,"prov_code":"50","prov_name":"Zaragoza","acom_code":"02","acom_name":"Aragón","geo_point_2d":{"lon":-2.105956887811586,"lat":41.20245842807403}},"geometry":{"type":"Polygon","coordinates":[[[-2.149,41.21881],[-2.14624,41.18439],[-2.10676,41.17522],[-2.0799,41.17098],[-2.07915,41.17412],[-2.07713,41.17548],[-2.07735,41.18245],[-2.07341,41.18652],[-2.07025,41.19616],[-2.07129,41.2128],[-2.06974,41.2295],[-2.07223,41.23355],[-2.0899,41.23808],[-2.08893,41.23353],[-2.09052,41.23048],[-2.09346,41.22884],[-2.09859,41.22844],[-2.10963,41.22012],[-2.11442,41.21943],[-2.13546,41.22543],[-2.14773,41.21918],[-2.149,41.21881]]]}},{"type":"Feature","properties":{"mun_code":"50016","mun_name":"Aldehuela de Liestos","mun_name_local":null,"prov_code":"50","prov_name":"Zaragoza","acom_code":"02","acom_name":"Aragón","geo_point_2d":{"lon":-1.7105697255536076,"lat":41.05949998258138}},"geometry":{"type":"Polygon","coordinates":[[[-1.75775,41.05507],[-1.75845,41.05359],[-1.75694,41.05246],[-1.75932,41.05201],[-1.75938,41.0482],[-1.74861,41.04126],[-1.74713,41.0339],[-1.73769,41.0313],[-1.72983,41.02402],[-1.7204,41.03167],[-1.71512,41.03169],[-1.71472,41.03034],[-1.71233,41.03],[-1.70925,41.03191],[-1.70713,41.03059],[-1.70677,41.03206],[-1.69872,41.03553],[-1.69342,41.04241],[-1.68612,41.04381],[-1.68013,41.04677],[-1.67058,41.04638],[-1.6682,41.04744],[-1.6624,41.0562],[-1.65994,41.06909],[-1.67019,41.07619],[-1.6862,41.08265],[-1.69376,41.08973],[-1.7092,41.08867],[-1.71615,41.09132],[-1.72002,41.09431],[-1.72349,41.09394],[-1.72725,41.08785],[-1.73289,41.08356],[-1.73522,41.07641],[-1.74232,41.06738],[-1.74938,41.06288],[-1.75614,41.0554],[-1.75775,41.05507]]]}},{"type":"Feature","properties":{"mun_code":"50087","mun_name":"Contamina","mun_name_local":null,"prov_code":"50","prov_name":"Zaragoza","acom_code":"02","acom_name":"Aragón","geo_point_2d":{"lon":-1.9275294341933786,"lat":41.280447609781326}},"geometry":{"type":"Polygon","coordinates":[[[-1.92868,41.23337],[-1.92725,41.23341],[-1.92687,41.24241],[-1.91302,41.25066],[-1.91895,41.25453],[-1.92348,41.26135],[-1.92246,41.26497],[-1.92601,41.26943],[-1.92539,41.29115],[-1.91959,41.29556],[-1.91765,41.29546],[-1.91825,41.29433],[-1.91136,41.29597],[-1.90715,41.30769],[-1.92063,41.32175],[-1.91815,41.32743],[-1.92128,41.32868],[-1.934,41.30718],[-1.93922,41.27829],[-1.94073,41.25805],[-1.94242,41.25547],[-1.94184,41.25282],[-1.94409,41.25063],[-1.9287,41.23412],[-1.92868,41.23337]]]}},{"type":"Feature","properties":{"mun_code":"50096","mun_name":"Embid de Ariza","mun_name_local":null,"prov_code":"50","prov_name":"Zaragoza","acom_code":"02","acom_name":"Aragón","geo_point_2d":{"lon":-1.9701344489847141,"lat":41.3737105565684}},"geometry":{"type":"Polygon","coordinates":[[[-2.02511,41.3838],[-2.0282,41.38149],[-2.01537,41.37428],[-2.01314,41.37052],[-2.01461,41.36484],[-2.00952,41.36239],[-1.99979,41.35452],[-1.99174,41.34392],[-1.98233,41.33848],[-1.96286,41.33981],[-1.9405,41.34991],[-1.94421,41.35906],[-1.94039,41.35891],[-1.93425,41.35621],[-1.9367,41.3605],[-1.9281,41.36723],[-1.92558,41.37531],[-1.91952,41.37991],[-1.92326,41.38083],[-1.92489,41.38325],[-1.92716,41.38233],[-1.92998,41.38324],[-1.92882,41.38685],[-1.93543,41.39114],[-1.93486,41.39409],[-1.93709,41.3952],[-1.93753,41.39811],[-1.93569,41.39968],[-1.93804,41.40011],[-1.93898,41.40368],[-1.93788,41.40739],[-1.952,41.40846],[-1.95273,41.40753],[-1.95369,41.40863],[-1.96254,41.40344],[-1.9706,41.40099],[-1.98188,41.40232],[-1.98741,41.39591],[-1.99182,41.39555],[-1.99345,41.39714],[-1.99364,41.39544],[-2.00194,41.39377],[-2.00965,41.38584],[-2.01671,41.38498],[-2.01651,41.38355],[-2.02221,41.3836],[-2.02511,41.3838]]]}},{"type":"Feature","properties":{"mun_code":"50099","mun_name":"Épila","mun_name_local":null,"prov_code":"50","prov_name":"Zaragoza","acom_code":"02","acom_name":"Aragón","geo_point_2d":{"lon":-1.3124021494511502,"lat":41.58825922016161}},"geometry":{"type":"Polygon","coordinates":[[[-1.50433,41.62093],[-1.50134,41.61647],[-1.49418,41.61141],[-1.47864,41.60431],[-1.47111,41.5945],[-1.462,41.58894],[-1.45659,41.58989],[-1.4499,41.58615],[-1.44895,41.59109],[-1.44277,41.594],[-1.44186,41.59574],[-1.43856,41.59481],[-1.43199,41.59545],[-1.43045,41.59701],[-1.42105,41.5955],[-1.41932,41.59253],[-1.41933,41.58553],[-1.41576,41.58426],[-1.41139,41.58486],[-1.40935,41.58246],[-1.39699,41.58169],[-1.38023,41.56765],[-1.37117,41.56625],[-1.37018,41.5647],[-1.36835,41.56517],[-1.33933,41.55013],[-1.3246,41.57015],[-1.31845,41.5731],[-1.31497,41.57143],[-1.31181,41.57163],[-1.31007,41.56989],[-1.3059,41.57077],[-1.30606,41.57265],[-1.30278,41.57553],[-1.30358,41.57722],[-1.29826,41.57808],[-1.29761,41.57686],[-1.30175,41.57045],[-1.29874,41.56982],[-1.29125,41.56461],[-1.28468,41.5578],[-1.2749,41.55131],[-1.26895,41.54361],[-1.25759,41.5431],[-1.23275,41.53434],[-1.22413,41.52768],[-1.21706,41.51684],[-1.21123,41.51406],[-1.1929,41.4997],[-1.19094,41.50314],[-1.19192,41.50847],[-1.18822,41.51395],[-1.16928,41.52445],[-1.16484,41.52504],[-1.16224,41.53349],[-1.16376,41.54812],[-1.17429,41.56531],[-1.17499,41.57777],[-1.18591,41.59152],[-1.19723,41.60042],[-1.20946,41.62127],[-1.21812,41.61515],[-1.23138,41.6126],[-1.26559,41.6194],[-1.2831,41.61891],[-1.28697,41.62274],[-1.28909,41.62135],[-1.30096,41.62645],[-1.30304,41.6246],[-1.30929,41.62358],[-1.31976,41.62654],[-1.33059,41.6256],[-1.34713,41.62877],[-1.35534,41.62721],[-1.365,41.62807],[-1.37617,41.63158],[-1.39423,41.63424],[-1.40531,41.63736],[-1.41924,41.64601],[-1.42645,41.6469],[-1.44303,41.64459],[-1.44852,41.64565],[-1.45388,41.64462],[-1.45882,41.64784],[-1.46208,41.6434],[-1.48107,41.63414],[-1.48353,41.62982],[-1.48999,41.62677],[-1.49885,41.62956],[-1.50174,41.62853],[-1.50387,41.62121],[-1.50433,41.62093]]]}},{"type":"Feature","properties":{"mun_code":"50010","mun_name":"Alberite de San Juan","mun_name_local":null,"prov_code":"50","prov_name":"Zaragoza","acom_code":"02","acom_name":"Aragón","geo_point_2d":{"lon":-1.4619580141902864,"lat":41.8025604094408}},"geometry":{"type":"Polygon","coordinates":[[[-1.48633,41.83051],[-1.4776,41.82069],[-1.47725,41.79956],[-1.47081,41.79016],[-1.47103,41.78527],[-1.4344,41.77202],[-1.43495,41.77471],[-1.44797,41.78999],[-1.44797,41.79919],[-1.45217,41.80704],[-1.45383,41.81674],[-1.44968,41.8189],[-1.45494,41.81983],[-1.45554,41.8239],[-1.45858,41.82573],[-1.4615,41.82619],[-1.46651,41.82419],[-1.47915,41.83024],[-1.48633,41.83051]]]}},{"type":"Feature","properties":{"mun_code":"50025","mun_name":"La Almunia de Doña Godina","mun_name_local":null,"prov_code":"50","prov_name":"Zaragoza","acom_code":"02","acom_name":"Aragón","geo_point_2d":{"lon":-1.3600547374717669,"lat":41.4716296737486}},"geometry":{"type":"Polygon","coordinates":[[[-1.43792,41.46574],[-1.44769,41.45975],[-1.45365,41.4511],[-1.43972,41.44664],[-1.43303,41.446],[-1.43221,41.44751],[-1.42579,41.44671],[-1.4179,41.4407],[-1.41564,41.42975],[-1.41142,41.43068],[-1.40803,41.43397],[-1.40023,41.43765],[-1.39144,41.43942],[-1.38396,41.4377],[-1.37885,41.44396],[-1.36609,41.44127],[-1.36034,41.44203],[-1.35385,41.4366],[-1.35017,41.43524],[-1.34664,41.44489],[-1.33704,41.45754],[-1.30197,41.46106],[-1.28906,41.47862],[-1.27805,41.49821],[-1.28417,41.49469],[-1.29027,41.49385],[-1.31479,41.49346],[-1.32866,41.49971],[-1.35017,41.50378],[-1.35706,41.50831],[-1.35844,41.51096],[-1.35993,41.51129],[-1.36212,41.50944],[-1.3665,41.51344],[-1.36198,41.51653],[-1.36422,41.51737],[-1.3652,41.52103],[-1.36935,41.5193],[-1.36808,41.5155],[-1.36986,41.5117],[-1.37247,41.51013],[-1.37487,41.51127],[-1.37433,41.50827],[-1.37674,41.50696],[-1.3809,41.50797],[-1.38162,41.50332],[-1.38874,41.50249],[-1.39028,41.5002],[-1.39091,41.49669],[-1.38556,41.49715],[-1.38408,41.49298],[-1.38992,41.49014],[-1.38713,41.48712],[-1.38622,41.4829],[-1.38829,41.48189],[-1.3871,41.48097],[-1.38851,41.47898],[-1.39092,41.47783],[-1.38471,41.47682],[-1.40141,41.45304],[-1.40657,41.44942],[-1.41095,41.44925],[-1.41439,41.44713],[-1.42101,41.45143],[-1.41816,41.45699],[-1.41878,41.45848],[-1.42649,41.46382],[-1.4251,41.47221],[-1.43428,41.46624],[-1.43642,41.46634],[-1.43792,41.46574]]]}},{"type":"Feature","properties":{"mun_code":"50199","mun_name":"Osera de Ebro","mun_name_local":null,"prov_code":"50","prov_name":"Zaragoza","acom_code":"02","acom_name":"Aragón","geo_point_2d":{"lon":-0.5662053767620174,"lat":41.536177105368374}},"geometry":{"type":"Polygon","coordinates":[[[-0.62415,41.55168],[-0.6202,41.54473],[-0.61554,41.54094],[-0.61225,41.53573],[-0.6101,41.535],[-0.60493,41.53609],[-0.59591,41.52969],[-0.59502,41.52213],[-0.59145,41.52129],[-0.589,41.52448],[-0.59135,41.52562],[-0.59092,41.52696],[-0.58843,41.52839],[-0.58296,41.52639],[-0.58151,41.52383],[-0.57732,41.5234],[-0.57981,41.52129],[-0.58628,41.51942],[-0.58732,41.51745],[-0.5807,41.51647],[-0.57683,41.51322],[-0.57373,41.51314],[-0.57588,41.50994],[-0.56935,41.50591],[-0.56067,41.50571],[-0.55808,41.4991],[-0.54531,41.51259],[-0.55112,41.51599],[-0.54971,41.51754],[-0.54483,41.51723],[-0.5363,41.52786],[-0.53192,41.53723],[-0.51639,41.54894],[-0.51516,41.55887],[-0.51295,41.56043],[-0.51488,41.5647],[-0.51363,41.5699],[-0.52147,41.57113],[-0.52591,41.56442],[-0.541,41.55059],[-0.54598,41.54423],[-0.56201,41.53628],[-0.56735,41.53214],[-0.57882,41.5363],[-0.59014,41.54614],[-0.59792,41.55028],[-0.60832,41.55341],[-0.6156,41.55896],[-0.62867,41.5652],[-0.63342,41.56042],[-0.6278,41.55724],[-0.62415,41.55168]]]}},{"type":"Feature","properties":{"mun_code":"50056","mun_name":"Botorrita","mun_name_local":null,"prov_code":"50","prov_name":"Zaragoza","acom_code":"02","acom_name":"Aragón","geo_point_2d":{"lon":-1.0311326806447931,"lat":41.48963310717441}},"geometry":{"type":"Polygon","coordinates":[[[-1.06028,41.49909],[-1.05229,41.49515],[-1.03873,41.47981],[-1.03249,41.47706],[-1.03487,41.47187],[-1.03297,41.46499],[-1.03668,41.46251],[-1.03798,41.45649],[-1.02994,41.45056],[-1.01668,41.45252],[-1.01104,41.45878],[-1.0112,41.46265],[-1.00704,41.46453],[-1.00947,41.47202],[-1.00862,41.48021],[-1.02549,41.51039],[-1.02428,41.52071],[-1.02638,41.52306],[-1.04027,41.52772],[-1.04351,41.52603],[-1.05792,41.50934],[-1.05241,41.50357],[-1.05817,41.50019],[-1.06028,41.49909]]]}},{"type":"Feature","properties":{"mun_code":"50068","mun_name":"Calatorao","mun_name_local":null,"prov_code":"50","prov_name":"Zaragoza","acom_code":"02","acom_name":"Aragón","geo_point_2d":{"lon":-1.3000689861043428,"lat":41.52197859821587}},"geometry":{"type":"Polygon","coordinates":[[[-1.3652,41.52103],[-1.36422,41.51737],[-1.36198,41.51653],[-1.3665,41.51344],[-1.36212,41.50944],[-1.35993,41.51129],[-1.35844,41.51096],[-1.35706,41.50831],[-1.35017,41.50378],[-1.32866,41.49971],[-1.31479,41.49346],[-1.28417,41.49469],[-1.25917,41.51146],[-1.24812,41.51675],[-1.24317,41.51762],[-1.22977,41.51613],[-1.21706,41.51684],[-1.22499,41.52857],[-1.23275,41.53434],[-1.24039,41.53771],[-1.25759,41.5431],[-1.26677,41.54377],[-1.27807,41.54211],[-1.27986,41.53981],[-1.29273,41.53574],[-1.32727,41.55321],[-1.32834,41.54897],[-1.3303,41.54954],[-1.32983,41.55111],[-1.33516,41.55193],[-1.33684,41.54898],[-1.34,41.5498],[-1.34248,41.54418],[-1.35099,41.53818],[-1.35521,41.53177],[-1.36207,41.52834],[-1.36133,41.52587],[-1.36478,41.52412],[-1.36508,41.52143],[-1.3652,41.52103]]]}},{"type":"Feature","properties":{"mun_code":"50162","mun_name":"Mara","mun_name_local":null,"prov_code":"50","prov_name":"Zaragoza","acom_code":"02","acom_name":"Aragón","geo_point_2d":{"lon":-1.524289186063029,"lat":41.28337524641031}},"geometry":{"type":"Polygon","coordinates":[[[-1.56165,41.27968],[-1.55416,41.2756],[-1.5412,41.26092],[-1.52962,41.25765],[-1.51589,41.26286],[-1.50417,41.27428],[-1.49474,41.27358],[-1.48851,41.27459],[-1.48888,41.27765],[-1.49333,41.28039],[-1.49038,41.28408],[-1.48984,41.28797],[-1.49915,41.29221],[-1.49913,41.30035],[-1.49514,41.31081],[-1.5036,41.30673],[-1.50961,41.30796],[-1.51968,41.30595],[-1.53417,41.29809],[-1.54345,41.29461],[-1.56082,41.29172],[-1.56123,41.28343],[-1.56165,41.27968]]]}},{"type":"Feature","properties":{"mun_code":"50148","mun_name":"Luesia","mun_name_local":null,"prov_code":"50","prov_name":"Zaragoza","acom_code":"02","acom_name":"Aragón","geo_point_2d":{"lon":-1.0171483709691882,"lat":42.36721901196432}},"geometry":{"type":"Polygon","coordinates":[[[-1.10299,42.27044],[-1.09314,42.26632],[-1.07893,42.27679],[-1.07473,42.27485],[-1.07816,42.28476],[-1.07775,42.28902],[-1.07386,42.29218],[-1.07195,42.30021],[-1.06325,42.30194],[-1.05801,42.3013],[-1.05211,42.29692],[-1.04668,42.29489],[-1.04521,42.29166],[-1.04609,42.28905],[-1.03576,42.28143],[-1.03099,42.28276],[-1.03127,42.29078],[-1.02855,42.29303],[-1.03102,42.29684],[-1.0301,42.29893],[-1.01824,42.30286],[-1.01286,42.30776],[-1.00228,42.313],[-0.99123,42.30857],[-0.98583,42.30853],[-0.97914,42.31681],[-0.97101,42.32159],[-0.97089,42.33267],[-0.97523,42.34146],[-0.9776,42.34476],[-0.98716,42.34874],[-0.99194,42.35271],[-0.9782,42.37407],[-0.96875,42.38575],[-0.97045,42.39258],[-0.96769,42.40116],[-0.97227,42.40407],[-0.97407,42.40782],[-0.97768,42.40877],[-0.96541,42.42181],[-0.95816,42.42147],[-0.9549,42.42359],[-0.94886,42.4217],[-0.94487,42.42691],[-0.93729,42.42415],[-0.93161,42.42427],[-0.92402,42.42842],[-0.92123,42.42804],[-0.91398,42.43242],[-0.93731,42.44424],[-0.9351,42.44675],[-0.95091,42.45212],[-0.95576,42.45508],[-0.96723,42.45603],[-0.96673,42.45756],[-0.96861,42.45828],[-0.98394,42.45865],[-0.98724,42.45773],[-0.9842,42.45092],[-0.98679,42.45073],[-0.98684,42.44712],[-0.99063,42.44355],[-0.98963,42.44258],[-0.99803,42.44559],[-1.00497,42.44095],[-1.01316,42.44214],[-1.01345,42.43929],[-1.00894,42.43579],[-1.00874,42.43322],[-1.00539,42.43198],[-1.00405,42.42898],[-1.0061,42.42408],[-1.01577,42.42186],[-1.01688,42.42005],[-1.02414,42.42123],[-1.03834,42.41934],[-1.04098,42.42042],[-1.04502,42.41485],[-1.04862,42.40495],[-1.06228,42.39236],[-1.06257,42.38234],[-1.06873,42.37658],[-1.07218,42.34748],[-1.07163,42.34047],[-1.0755,42.31963],[-1.0712,42.31634],[-1.08387,42.29807],[-1.09252,42.29804],[-1.09865,42.2946],[-1.09994,42.29138],[-1.10582,42.28774],[-1.10459,42.28273],[-1.10734,42.27612],[-1.10338,42.27073],[-1.10299,42.27044]]]}},{"type":"Feature","properties":{"mun_code":"50120","mun_name":"Godojos","mun_name_local":null,"prov_code":"50","prov_name":"Zaragoza","acom_code":"02","acom_name":"Aragón","geo_point_2d":{"lon":-1.8710527269402495,"lat":41.262399777580626}},"geometry":{"type":"Polygon","coordinates":[[[-1.90891,41.25315],[-1.90673,41.24954],[-1.90649,41.24355],[-1.90306,41.24069],[-1.89514,41.24772],[-1.89048,41.2461],[-1.88047,41.24522],[-1.86434,41.24599],[-1.85084,41.25636],[-1.84193,41.26033],[-1.83644,41.26125],[-1.83027,41.26626],[-1.83965,41.2719],[-1.8434,41.27587],[-1.84537,41.28575],[-1.84935,41.28608],[-1.85282,41.28099],[-1.86024,41.27962],[-1.8655,41.28024],[-1.86513,41.27746],[-1.86885,41.27621],[-1.87531,41.27747],[-1.8789,41.27502],[-1.88426,41.27416],[-1.88686,41.27525],[-1.89697,41.26686],[-1.8998,41.26047],[-1.90302,41.25912],[-1.90364,41.25746],[-1.90769,41.25711],[-1.90608,41.25683],[-1.90834,41.2537],[-1.90891,41.25315]]]}},{"type":"Feature","properties":{"mun_code":"50041","mun_name":"Bagüés","mun_name_local":null,"prov_code":"50","prov_name":"Zaragoza","acom_code":"02","acom_name":"Aragón","geo_point_2d":{"lon":-0.9407077980877634,"lat":42.53982168937834}},"geometry":{"type":"Polygon","coordinates":[[[-0.97145,42.50904],[-0.96472,42.51147],[-0.95879,42.50957],[-0.95972,42.50769],[-0.95277,42.50525],[-0.94668,42.50673],[-0.93343,42.50588],[-0.93322,42.51028],[-0.92926,42.51376],[-0.9278,42.52275],[-0.91645,42.53732],[-0.8966,42.53994],[-0.89515,42.55085],[-0.89935,42.55998],[-0.90826,42.55923],[-0.9186,42.55528],[-0.91974,42.56317],[-0.92324,42.56407],[-0.92153,42.56949],[-0.92258,42.57151],[-0.92791,42.57164],[-0.93037,42.5702],[-0.93365,42.57128],[-0.9413,42.57067],[-0.94683,42.56698],[-0.96139,42.56879],[-0.96184,42.56477],[-0.96741,42.56143],[-0.96593,42.55421],[-0.96736,42.55143],[-0.96601,42.54291],[-0.96696,42.53502],[-0.97306,42.53314],[-0.97749,42.52013],[-0.97774,42.51781],[-0.97507,42.51662],[-0.97257,42.50985],[-0.97145,42.50904]]]}},{"type":"Feature","properties":{"mun_code":"50138","mun_name":"Lechón","mun_name_local":null,"prov_code":"50","prov_name":"Zaragoza","acom_code":"02","acom_name":"Aragón","geo_point_2d":{"lon":-1.28096654709264,"lat":41.08146011424007}},"geometry":{"type":"Polygon","coordinates":[[[-1.31077,41.09419],[-1.30699,41.08821],[-1.30486,41.0797],[-1.29632,41.06838],[-1.2815,41.05593],[-1.27093,41.05478],[-1.2638,41.06149],[-1.2533,41.07733],[-1.25685,41.0867],[-1.27081,41.10109],[-1.27137,41.10328],[-1.28466,41.10421],[-1.29265,41.10347],[-1.30859,41.09646],[-1.31077,41.09419]]]}},{"type":"Feature","properties":{"mun_code":"50232","mun_name":"Salvatierra de Esca","mun_name_local":null,"prov_code":"50","prov_name":"Zaragoza","acom_code":"02","acom_name":"Aragón","geo_point_2d":{"lon":-0.9582124423140702,"lat":42.68432294273362}},"geometry":{"type":"Polygon","coordinates":[[[-1.03919,42.69163],[-1.03683,42.68162],[-1.03249,42.6756],[-1.03962,42.6642],[-1.03946,42.65777],[-1.03681,42.65164],[-1.03453,42.65237],[-1.03169,42.65095],[-1.02309,42.65083],[-1.00523,42.64765],[-0.99805,42.648],[-0.99149,42.64639],[-0.98461,42.64173],[-0.9796,42.64143],[-0.97425,42.63927],[-0.96329,42.65071],[-0.96401,42.65281],[-0.95827,42.6553],[-0.94881,42.65665],[-0.93953,42.66053],[-0.93731,42.66277],[-0.93118,42.65603],[-0.90215,42.65689],[-0.89785,42.6618],[-0.89309,42.66235],[-0.89287,42.66677],[-0.88773,42.66762],[-0.88427,42.68254],[-0.88234,42.68318],[-0.88271,42.68565],[-0.87995,42.68814],[-0.88184,42.69124],[-0.88012,42.69396],[-0.88963,42.69466],[-0.90155,42.70187],[-0.92246,42.7008],[-0.91558,42.70475],[-0.91179,42.70928],[-0.9072,42.71016],[-0.90435,42.71219],[-0.90417,42.7178],[-0.90684,42.72661],[-0.89687,42.73566],[-0.90096,42.73776],[-0.90109,42.74272],[-0.9091,42.74404],[-0.92298,42.744],[-0.92477,42.73888],[-0.93027,42.73552],[-0.93193,42.73612],[-0.93588,42.73427],[-0.9355,42.72989],[-0.93839,42.72523],[-0.94416,42.7219],[-0.94624,42.71408],[-0.94868,42.71145],[-0.95252,42.71253],[-0.95868,42.71167],[-0.96158,42.7085],[-0.96868,42.70535],[-0.96921,42.70371],[-0.97914,42.70466],[-0.9838,42.70221],[-0.98805,42.70264],[-0.98939,42.70146],[-1.00149,42.69995],[-1.01681,42.70226],[-1.02798,42.70006],[-1.03008,42.69652],[-1.02905,42.69486],[-1.03526,42.69253],[-1.03919,42.69163]]]}},{"type":"Feature","properties":{"mun_code":"50128","mun_name":"Isuerre","mun_name_local":null,"prov_code":"50","prov_name":"Zaragoza","acom_code":"02","acom_name":"Aragón","geo_point_2d":{"lon":-1.0581236366192204,"lat":42.48382908982629}},"geometry":{"type":"Polygon","coordinates":[[[-1.08514,42.48336],[-1.08824,42.47558],[-1.08607,42.47333],[-1.06937,42.46638],[-1.06498,42.45395],[-1.05652,42.44834],[-1.04502,42.45094],[-1.04479,42.45344],[-1.04808,42.45867],[-1.04087,42.47037],[-1.04166,42.47591],[-1.04408,42.47827],[-1.036,42.48652],[-1.02815,42.50605],[-1.05442,42.50882],[-1.06727,42.51492],[-1.0849,42.4837],[-1.08514,42.48336]]]}},{"type":"Feature","properties":{"mun_code":"50080","mun_name":"Cerveruela","mun_name_local":null,"prov_code":"50","prov_name":"Zaragoza","acom_code":"02","acom_name":"Aragón","geo_point_2d":{"lon":-1.215000600468239,"lat":41.219479373571744}},"geometry":{"type":"Polygon","coordinates":[[[-1.25102,41.23091],[-1.242,41.21845],[-1.2366,41.21656],[-1.23294,41.21327],[-1.22116,41.18859],[-1.21415,41.18944],[-1.21085,41.18793],[-1.20602,41.18798],[-1.19248,41.19138],[-1.19068,41.1952],[-1.193,41.20237],[-1.18569,41.21115],[-1.18512,41.21603],[-1.18979,41.21959],[-1.19127,41.22397],[-1.19029,41.22743],[-1.19266,41.22989],[-1.19394,41.23739],[-1.19662,41.24147],[-1.20587,41.24312],[-1.20907,41.24573],[-1.21288,41.24338],[-1.22445,41.24422],[-1.22954,41.25086],[-1.23182,41.25137],[-1.2378,41.24888],[-1.23734,41.24102],[-1.24465,41.23406],[-1.25045,41.23132],[-1.25102,41.23091]]]}},{"type":"Feature","properties":{"mun_code":"50273","mun_name":"Valdehorna","mun_name_local":null,"prov_code":"50","prov_name":"Zaragoza","acom_code":"02","acom_name":"Aragón","geo_point_2d":{"lon":-1.420649770400112,"lat":41.06286240795319}},"geometry":{"type":"Polygon","coordinates":[[[-1.4455,41.07557],[-1.44453,41.07298],[-1.42997,41.06066],[-1.42812,41.05628],[-1.41888,41.04852],[-1.41756,41.04599],[-1.42122,41.03617],[-1.41481,41.03246],[-1.41115,41.0351],[-1.41305,41.04098],[-1.4168,41.04377],[-1.40483,41.05063],[-1.41002,41.05791],[-1.40522,41.06631],[-1.41047,41.07305],[-1.40864,41.07799],[-1.41212,41.08063],[-1.43617,41.07728],[-1.44277,41.07387],[-1.4455,41.07557]]]}},{"type":"Feature","properties":{"mun_code":"50021","mun_name":"Almochuel","mun_name_local":null,"prov_code":"50","prov_name":"Zaragoza","acom_code":"02","acom_name":"Aragón","geo_point_2d":{"lon":-0.5516443965281709,"lat":41.28406440579789}},"geometry":{"type":"Polygon","coordinates":[[[-0.60526,41.32331],[-0.57494,41.2952],[-0.54849,41.26774],[-0.53917,41.23963],[-0.53158,41.22781],[-0.51414,41.23463],[-0.50969,41.23828],[-0.50618,41.25025],[-0.51533,41.26968],[-0.52715,41.28822],[-0.53514,41.29472],[-0.54479,41.29893],[-0.54485,41.30059],[-0.55167,41.30291],[-0.56611,41.30349],[-0.57731,41.31395],[-0.58236,41.3239],[-0.58179,41.34812],[-0.59135,41.343],[-0.61236,41.33987],[-0.61267,41.3335],[-0.60708,41.32559],[-0.60526,41.32331]]]}},{"type":"Feature","properties":{"mun_code":"50135","mun_name":"Layana","mun_name_local":null,"prov_code":"50","prov_name":"Zaragoza","acom_code":"02","acom_name":"Aragón","geo_point_2d":{"lon":-1.2466154744755515,"lat":42.30012002306244}},"geometry":{"type":"Polygon","coordinates":[[[-1.26187,42.30231],[-1.25759,42.29707],[-1.25727,42.29104],[-1.25023,42.28968],[-1.24593,42.29051],[-1.24145,42.29457],[-1.23597,42.29518],[-1.2305,42.29843],[-1.23171,42.30267],[-1.23847,42.30893],[-1.24273,42.30791],[-1.24931,42.30971],[-1.254,42.30564],[-1.2569,42.30644],[-1.25936,42.30549],[-1.26187,42.30231]]]}},{"type":"Feature","properties":{"mun_code":"50178","mun_name":"Moros","mun_name_local":null,"prov_code":"50","prov_name":"Zaragoza","acom_code":"02","acom_name":"Aragón","geo_point_2d":{"lon":-1.8375812129099192,"lat":41.39629921378386}},"geometry":{"type":"Polygon","coordinates":[[[-1.91315,41.37857],[-1.90638,41.37276],[-1.89628,41.37472],[-1.88905,41.37107],[-1.87979,41.3721],[-1.86584,41.36691],[-1.84284,41.37287],[-1.8374,41.37191],[-1.82883,41.37247],[-1.80392,41.38276],[-1.7867,41.38416],[-1.76278,41.39049],[-1.75219,41.39067],[-1.76179,41.3967],[-1.79578,41.42526],[-1.80159,41.4282],[-1.8074,41.42743],[-1.81917,41.42847],[-1.83032,41.42624],[-1.83695,41.42148],[-1.84311,41.41967],[-1.84481,41.41749],[-1.87573,41.41137],[-1.89246,41.40519],[-1.90741,41.39332],[-1.91079,41.38812],[-1.91229,41.38007],[-1.91315,41.37857]]]}},{"type":"Feature","properties":{"mun_code":"50111","mun_name":"Fréscano","mun_name_local":null,"prov_code":"50","prov_name":"Zaragoza","acom_code":"02","acom_name":"Aragón","geo_point_2d":{"lon":-1.4594877036986407,"lat":41.884098091768706}},"geometry":{"type":"Polygon","coordinates":[[[-1.50308,41.90284],[-1.4984,41.8954],[-1.49479,41.88258],[-1.48777,41.87696],[-1.48657,41.87808],[-1.4835,41.87747],[-1.47839,41.87469],[-1.47786,41.87586],[-1.47365,41.87562],[-1.47244,41.87424],[-1.46736,41.87371],[-1.4588,41.86978],[-1.45708,41.87061],[-1.45334,41.86828],[-1.45278,41.86978],[-1.45135,41.86827],[-1.45039,41.86968],[-1.45057,41.86696],[-1.44392,41.86323],[-1.44096,41.8655],[-1.43174,41.8651],[-1.43078,41.86942],[-1.42577,41.86583],[-1.40879,41.86809],[-1.40793,41.8718],[-1.41572,41.87714],[-1.43056,41.88131],[-1.44267,41.88728],[-1.44228,41.88953],[-1.45429,41.89939],[-1.45404,41.90161],[-1.47431,41.90349],[-1.50086,41.90317],[-1.50308,41.90284]]]}},{"type":"Feature","properties":{"mun_code":"50184","mun_name":"Murero","mun_name_local":null,"prov_code":"50","prov_name":"Zaragoza","acom_code":"02","acom_name":"Aragón","geo_point_2d":{"lon":-1.495046352599628,"lat":41.15852700944839}},"geometry":{"type":"Polygon","coordinates":[[[-1.52629,41.12785],[-1.5195,41.13172],[-1.49372,41.14187],[-1.47572,41.15519],[-1.46906,41.16676],[-1.45163,41.17599],[-1.43648,41.18609],[-1.44596,41.19015],[-1.46341,41.17722],[-1.48495,41.1755],[-1.49165,41.17297],[-1.49367,41.17371],[-1.49494,41.17247],[-1.49794,41.17269],[-1.49802,41.17121],[-1.50502,41.1713],[-1.51082,41.16775],[-1.51483,41.16823],[-1.52084,41.16515],[-1.52537,41.16115],[-1.52677,41.15743],[-1.52869,41.13571],[-1.52704,41.12935],[-1.52629,41.12785]]]}},{"type":"Feature","properties":{"mun_code":"50235","mun_name":"San Mateo de Gállego","mun_name_local":null,"prov_code":"50","prov_name":"Zaragoza","acom_code":"02","acom_name":"Aragón","geo_point_2d":{"lon":-0.7314011102414235,"lat":41.83598362022401}},"geometry":{"type":"Polygon","coordinates":[[[-0.79677,41.7979],[-0.79114,41.79485],[-0.79189,41.7878],[-0.7828,41.78801],[-0.77553,41.78578],[-0.76489,41.78536],[-0.736,41.7909],[-0.73281,41.79366],[-0.72974,41.79356],[-0.72469,41.78965],[-0.71245,41.78672],[-0.70703,41.78075],[-0.69991,41.77979],[-0.69375,41.78266],[-0.69406,41.79239],[-0.69999,41.80116],[-0.70055,41.82058],[-0.70245,41.82148],[-0.69662,41.82292],[-0.69716,41.83747],[-0.69958,41.84621],[-0.70038,41.84768],[-0.71292,41.84682],[-0.72843,41.84929],[-0.72298,41.85607],[-0.69838,41.8646],[-0.68734,41.87532],[-0.68719,41.88911],[-0.67231,41.89347],[-0.65268,41.89397],[-0.64442,41.89103],[-0.64569,41.89584],[-0.64995,41.89735],[-0.64792,41.90011],[-0.65122,41.90213],[-0.67487,41.90782],[-0.68359,41.89403],[-0.69233,41.89644],[-0.6918,41.91104],[-0.69539,41.91226],[-0.69855,41.91072],[-0.72239,41.88931],[-0.72811,41.88149],[-0.7386,41.861],[-0.74265,41.85731],[-0.75238,41.85877],[-0.76009,41.86724],[-0.76314,41.86494],[-0.76748,41.85638],[-0.7683,41.84199],[-0.77359,41.84297],[-0.77906,41.84114],[-0.78372,41.83495],[-0.78111,41.83233],[-0.7779,41.83231],[-0.7756,41.83466],[-0.77323,41.83502],[-0.76953,41.83249],[-0.77587,41.82928],[-0.77824,41.82208],[-0.78406,41.82268],[-0.79013,41.81881],[-0.7901,41.81701],[-0.78628,41.81419],[-0.79321,41.80975],[-0.79221,41.80374],[-0.79614,41.79813],[-0.79677,41.7979]]]}},{"type":"Feature","properties":{"mun_code":"50035","mun_name":"Artieda","mun_name_local":null,"prov_code":"50","prov_name":"Zaragoza","acom_code":"02","acom_name":"Aragón","geo_point_2d":{"lon":-0.9922270180060889,"lat":42.58998453965781}},"geometry":{"type":"Polygon","coordinates":[[[-1.01231,42.57422],[-0.96756,42.57474],[-0.96684,42.60131],[-0.9766,42.60061],[-0.99434,42.60872],[-1.00605,42.61062],[-1.00802,42.60855],[-1.00797,42.60374],[-1.01491,42.59917],[-1.01869,42.59923],[-1.01642,42.59143],[-1.01729,42.58725],[-1.01405,42.58018],[-1.01231,42.57422]]]}},{"type":"Feature","properties":{"mun_code":"50193","mun_name":"Nuez de Ebro","mun_name_local":null,"prov_code":"50","prov_name":"Zaragoza","acom_code":"02","acom_name":"Aragón","geo_point_2d":{"lon":-0.6853816104846906,"lat":41.58199183756359}},"geometry":{"type":"Polygon","coordinates":[[[-0.70039,41.57097],[-0.6858,41.56639],[-0.68159,41.56337],[-0.67787,41.56551],[-0.67304,41.56414],[-0.66927,41.56546],[-0.67397,41.57177],[-0.67204,41.58186],[-0.66781,41.58836],[-0.6743,41.5919],[-0.68892,41.60362],[-0.69996,41.58865],[-0.69882,41.58273],[-0.70174,41.57964],[-0.69882,41.57572],[-0.69914,41.57341],[-0.70039,41.57097]]]}},{"type":"Feature","properties":{"mun_code":"50126","mun_name":"Illueca","mun_name_local":null,"prov_code":"50","prov_name":"Zaragoza","acom_code":"02","acom_name":"Aragón","geo_point_2d":{"lon":-1.6293531527617862,"lat":41.53642702597653}},"geometry":{"type":"Polygon","coordinates":[[[-1.67719,41.51296],[-1.66968,41.5101],[-1.66578,41.50611],[-1.66238,41.50601],[-1.65219,41.50771],[-1.63499,41.50736],[-1.62393,41.50989],[-1.62116,41.51285],[-1.61566,41.51499],[-1.6136,41.51643],[-1.61651,41.51828],[-1.61532,41.52152],[-1.61815,41.52559],[-1.6132,41.52785],[-1.61171,41.53478],[-1.60387,41.54432],[-1.5971,41.54549],[-1.59334,41.55843],[-1.59107,41.56034],[-1.5914,41.56592],[-1.60062,41.57158],[-1.6088,41.57295],[-1.62135,41.56706],[-1.62737,41.56749],[-1.63377,41.55824],[-1.63854,41.54735],[-1.63837,41.54368],[-1.6425,41.53845],[-1.65214,41.53474],[-1.65838,41.52652],[-1.67167,41.52152],[-1.67206,41.51844],[-1.67612,41.51393],[-1.67719,41.51296]]]}},{"type":"Feature","properties":{"mun_code":"50109","mun_name":"El Frago","mun_name_local":null,"prov_code":"50","prov_name":"Zaragoza","acom_code":"02","acom_name":"Aragón","geo_point_2d":{"lon":-0.9329607999559414,"lat":42.282669861740274}},"geometry":{"type":"Polygon","coordinates":[[[-0.97541,42.26893],[-0.97198,42.26787],[-0.96942,42.26349],[-0.9624,42.25765],[-0.95649,42.25734],[-0.95009,42.25396],[-0.94434,42.25455],[-0.93921,42.25323],[-0.93523,42.25172],[-0.93134,42.2479],[-0.92418,42.2492],[-0.91801,42.2555],[-0.91841,42.2592],[-0.91569,42.26019],[-0.91358,42.26227],[-0.91412,42.26409],[-0.90649,42.27015],[-0.90339,42.27369],[-0.90345,42.2759],[-0.89741,42.28059],[-0.89344,42.28195],[-0.89192,42.28648],[-0.88904,42.2867],[-0.89016,42.29123],[-0.89245,42.29304],[-0.89173,42.29753],[-0.88852,42.29958],[-0.88863,42.30262],[-0.89887,42.30525],[-0.9055,42.31003],[-0.91386,42.30676],[-0.93163,42.31214],[-0.93425,42.3105],[-0.9467,42.31023],[-0.95089,42.30705],[-0.96399,42.30671],[-0.96155,42.30432],[-0.96102,42.2987],[-0.96517,42.2939],[-0.96482,42.28846],[-0.96971,42.28421],[-0.97533,42.2694],[-0.97541,42.26893]]]}},{"type":"Feature","properties":{"mun_code":"50183","mun_name":"Munébrega","mun_name_local":null,"prov_code":"50","prov_name":"Zaragoza","acom_code":"02","acom_name":"Aragón","geo_point_2d":{"lon":-1.7192909955265685,"lat":41.243044008375065}},"geometry":{"type":"Polygon","coordinates":[[[-1.76377,41.2819],[-1.76386,41.27649],[-1.76184,41.27441],[-1.76483,41.27156],[-1.75837,41.27025],[-1.7638,41.25771],[-1.76523,41.24917],[-1.76037,41.23728],[-1.75419,41.23545],[-1.74194,41.22796],[-1.73961,41.22265],[-1.72994,41.21826],[-1.7267,41.21426],[-1.72743,41.21114],[-1.71459,41.20628],[-1.71296,41.20363],[-1.70618,41.19985],[-1.7032,41.19994],[-1.69947,41.20202],[-1.69771,41.20978],[-1.69318,41.21127],[-1.69123,41.21563],[-1.68554,41.21988],[-1.68034,41.22103],[-1.67988,41.22582],[-1.68262,41.23088],[-1.6775,41.23286],[-1.6809,41.23888],[-1.67748,41.24289],[-1.6843,41.25157],[-1.68331,41.25274],[-1.68461,41.25562],[-1.68274,41.25764],[-1.68388,41.26574],[-1.68053,41.26805],[-1.68332,41.27114],[-1.68859,41.27152],[-1.69674,41.26875],[-1.70409,41.26898],[-1.70846,41.26951],[-1.71428,41.27257],[-1.7212,41.26819],[-1.72333,41.27233],[-1.73494,41.2665],[-1.74115,41.26722],[-1.75165,41.2715],[-1.75252,41.27292],[-1.75233,41.27729],[-1.74767,41.27932],[-1.74675,41.28249],[-1.76275,41.28183],[-1.76377,41.2819]]]}},{"type":"Feature","properties":{"mun_code":"50076","mun_name":"Castejón de las Armas","mun_name_local":null,"prov_code":"50","prov_name":"Zaragoza","acom_code":"02","acom_name":"Aragón","geo_point_2d":{"lon":-1.8189619674633228,"lat":41.297215713543046}},"geometry":{"type":"Polygon","coordinates":[[[-1.84935,41.28608],[-1.84537,41.28575],[-1.8434,41.27587],[-1.83965,41.2719],[-1.83236,41.27295],[-1.82387,41.27808],[-1.82199,41.277],[-1.82124,41.27852],[-1.8199,41.27777],[-1.81396,41.28319],[-1.81437,41.28649],[-1.80073,41.28827],[-1.79331,41.28764],[-1.78349,41.29092],[-1.79763,41.30703],[-1.79987,41.31252],[-1.80619,41.31862],[-1.80905,41.31927],[-1.81176,41.3177],[-1.81654,41.32152],[-1.81844,41.31812],[-1.82079,41.32172],[-1.82329,41.32249],[-1.82551,41.32119],[-1.82697,41.3158],[-1.83002,41.31859],[-1.83336,41.31838],[-1.83479,41.30766],[-1.83349,41.30511],[-1.84099,41.29753],[-1.84469,41.2893],[-1.84802,41.28648],[-1.84935,41.28608]]]}},{"type":"Feature","properties":{"mun_code":"50167","mun_name":"Mezalocha","mun_name_local":null,"prov_code":"50","prov_name":"Zaragoza","acom_code":"02","acom_name":"Aragón","geo_point_2d":{"lon":-1.0702506688636453,"lat":41.41220317495908}},"geometry":{"type":"Polygon","coordinates":[[[-1.13408,41.42198],[-1.13358,41.41743],[-1.12071,41.40436],[-1.12105,41.40235],[-1.11721,41.39683],[-1.11313,41.39518],[-1.11513,41.39081],[-1.11202,41.38542],[-1.10075,41.38226],[-1.08523,41.37395],[-1.06737,41.3745],[-1.04522,41.37985],[-1.02024,41.39745],[-1.01511,41.39858],[-1.00773,41.40306],[-1.00142,41.40438],[-0.99706,41.40274],[-0.99374,41.40358],[-1.0044,41.40886],[-1.01172,41.4151],[-1.01824,41.4166],[-1.02416,41.42054],[-1.02672,41.43919],[-1.0348,41.44367],[-1.0427,41.44523],[-1.04337,41.44642],[-1.04978,41.44505],[-1.05602,41.44654],[-1.07841,41.44817],[-1.08965,41.44697],[-1.10707,41.43976],[-1.11666,41.43301],[-1.11919,41.42941],[-1.12707,41.42576],[-1.13066,41.42541],[-1.13379,41.42206],[-1.13408,41.42198]]]}},{"type":"Feature","properties":{"mun_code":"50123","mun_name":"Grisén","mun_name_local":null,"prov_code":"50","prov_name":"Zaragoza","acom_code":"02","acom_name":"Aragón","geo_point_2d":{"lon":-1.1601955437335427,"lat":41.745691831294366}},"geometry":{"type":"Polygon","coordinates":[[[-1.18092,41.7391],[-1.17766,41.73949],[-1.17427,41.73658],[-1.17356,41.73358],[-1.16874,41.7343],[-1.16423,41.73005],[-1.16168,41.73493],[-1.16441,41.7362],[-1.16726,41.74056],[-1.16476,41.74075],[-1.16184,41.73841],[-1.15726,41.73923],[-1.15582,41.73621],[-1.15209,41.73629],[-1.14792,41.73856],[-1.14679,41.74089],[-1.15015,41.74321],[-1.1485,41.74455],[-1.15119,41.7453],[-1.14885,41.74791],[-1.15013,41.74881],[-1.14179,41.75501],[-1.15118,41.76086],[-1.17209,41.74777],[-1.18087,41.73925],[-1.18092,41.7391]]]}},{"type":"Feature","properties":{"mun_code":"50290","mun_name":"Villanueva de Huerva","mun_name_local":null,"prov_code":"50","prov_name":"Zaragoza","acom_code":"02","acom_name":"Aragón","geo_point_2d":{"lon":-1.0260541543051696,"lat":41.35948819633663}},"geometry":{"type":"Polygon","coordinates":[[[-1.11202,41.38542],[-1.11758,41.37902],[-1.12293,41.37614],[-1.11391,41.36495],[-1.10895,41.36118],[-1.10754,41.35702],[-1.10126,41.35588],[-1.09048,41.35084],[-1.05641,41.32932],[-1.04313,41.32445],[-1.03708,41.3156],[-0.98291,41.31506],[-0.97627,41.32222],[-0.98103,41.3281],[-0.97889,41.33224],[-0.98011,41.33526],[-0.98821,41.34514],[-0.97766,41.35246],[-0.97327,41.35278],[-0.96517,41.36137],[-0.96024,41.36984],[-0.95657,41.38074],[-0.95944,41.39053],[-0.98294,41.40194],[-0.99706,41.40274],[-1.00142,41.40438],[-1.00773,41.40306],[-1.01511,41.39858],[-1.02234,41.39644],[-1.03073,41.38914],[-1.03905,41.38502],[-1.04522,41.37985],[-1.06737,41.3745],[-1.08523,41.37395],[-1.10075,41.38226],[-1.11155,41.38543],[-1.11202,41.38542]]]}},{"type":"Feature","properties":{"mun_code":"50179","mun_name":"Moyuela","mun_name_local":null,"prov_code":"50","prov_name":"Zaragoza","acom_code":"02","acom_name":"Aragón","geo_point_2d":{"lon":-0.9236813829630179,"lat":41.152536020919804}},"geometry":{"type":"Polygon","coordinates":[[[-0.97242,41.15346],[-0.96856,41.14921],[-0.95045,41.14519],[-0.9445,41.13866],[-0.94251,41.13212],[-0.9351,41.12533],[-0.9341,41.12216],[-0.92951,41.11935],[-0.9257,41.11356],[-0.918,41.10991],[-0.91531,41.10516],[-0.90168,41.11185],[-0.90049,41.11917],[-0.89778,41.12149],[-0.8929,41.12281],[-0.89027,41.12607],[-0.89362,41.13249],[-0.89149,41.14515],[-0.88956,41.14728],[-0.88548,41.14724],[-0.88214,41.15008],[-0.87604,41.15221],[-0.87053,41.15255],[-0.87438,41.16025],[-0.89182,41.1678],[-0.90688,41.17974],[-0.92915,41.18637],[-0.93608,41.18633],[-0.94722,41.18924],[-0.95441,41.18876],[-0.95705,41.18552],[-0.96944,41.16377],[-0.97282,41.15423],[-0.97242,41.15346]]]}},{"type":"Feature","properties":{"mun_code":"50029","mun_name":"Aniñón","mun_name_local":null,"prov_code":"50","prov_name":"Zaragoza","acom_code":"02","acom_name":"Aragón","geo_point_2d":{"lon":-1.706787906366904,"lat":41.47735077073652}},"geometry":{"type":"Polygon","coordinates":[[[-1.74356,41.45865],[-1.7383,41.45161],[-1.73815,41.44674],[-1.73592,41.44469],[-1.7266,41.44198],[-1.72844,41.43878],[-1.72285,41.43577],[-1.72032,41.43046],[-1.72163,41.42719],[-1.71968,41.42423],[-1.72105,41.42212],[-1.71288,41.4212],[-1.70896,41.42242],[-1.70627,41.42167],[-1.70463,41.42566],[-1.70301,41.42213],[-1.7016,41.42245],[-1.69971,41.42703],[-1.69576,41.42945],[-1.68883,41.43809],[-1.68954,41.44289],[-1.67395,41.45446],[-1.66826,41.46171],[-1.66689,41.46546],[-1.66883,41.47185],[-1.66657,41.47389],[-1.67607,41.48053],[-1.67477,41.48463],[-1.67636,41.48704],[-1.6745,41.4899],[-1.67831,41.49504],[-1.6801,41.50076],[-1.67719,41.51296],[-1.68216,41.51513],[-1.68615,41.52035],[-1.69369,41.5245],[-1.69984,41.53382],[-1.71013,41.53411],[-1.71406,41.53011],[-1.72287,41.52694],[-1.72296,41.52053],[-1.72698,41.51709],[-1.72714,41.51171],[-1.73031,41.51005],[-1.72988,41.5022],[-1.73648,41.49878],[-1.73621,41.49324],[-1.7439,41.4769],[-1.74203,41.46703],[-1.74357,41.45921],[-1.74356,41.45865]]]}},{"type":"Feature","properties":{"mun_code":"50181","mun_name":"Muel","mun_name_local":null,"prov_code":"50","prov_name":"Zaragoza","acom_code":"02","acom_name":"Aragón","geo_point_2d":{"lon":-1.1269622914165904,"lat":41.472819752359385}},"geometry":{"type":"Polygon","coordinates":[[[-1.1929,41.4997],[-1.18964,41.49785],[-1.18458,41.4896],[-1.17933,41.48754],[-1.1732,41.47818],[-1.161,41.47272],[-1.16303,41.46973],[-1.16164,41.46702],[-1.16687,41.45801],[-1.17034,41.45393],[-1.17424,41.45287],[-1.17536,41.45005],[-1.17042,41.43373],[-1.16445,41.42976],[-1.1479,41.42437],[-1.13408,41.42198],[-1.13066,41.42541],[-1.12707,41.42576],[-1.11919,41.42941],[-1.11666,41.43301],[-1.10707,41.43976],[-1.08965,41.44697],[-1.07841,41.44817],[-1.05602,41.44654],[-1.04978,41.44505],[-1.04337,41.44642],[-1.0427,41.44523],[-1.03602,41.44417],[-1.02777,41.44055],[-1.02994,41.45056],[-1.03446,41.45293],[-1.03942,41.45951],[-1.0397,41.45672],[-1.04307,41.45793],[-1.04457,41.46032],[-1.04925,41.46021],[-1.05061,41.46449],[-1.06479,41.47419],[-1.06945,41.47946],[-1.0807,41.48077],[-1.09084,41.48521],[-1.10367,41.49378],[-1.11466,41.50423],[-1.12051,41.50592],[-1.12286,41.51181],[-1.12819,41.51668],[-1.13052,41.52389],[-1.13423,41.52498],[-1.16928,41.52445],[-1.18822,41.51395],[-1.19192,41.50847],[-1.19094,41.50314],[-1.19277,41.50009],[-1.1929,41.4997]]]}},{"type":"Feature","properties":{"mun_code":"50091","mun_name":"Las Cuerlas","mun_name_local":null,"prov_code":"50","prov_name":"Zaragoza","acom_code":"02","acom_name":"Aragón","geo_point_2d":{"lon":-1.5644675542834277,"lat":40.96182705513139}},"geometry":{"type":"Polygon","coordinates":[[[-1.61745,40.94373],[-1.5899,40.93624],[-1.58741,40.93717],[-1.58357,40.94183],[-1.57596,40.93858],[-1.57188,40.9396],[-1.56163,40.93862],[-1.51522,40.95465],[-1.50807,40.96065],[-1.52714,40.9718],[-1.5367,40.98203],[-1.54985,40.98736],[-1.56184,40.98623],[-1.57326,40.98722],[-1.57941,40.99255],[-1.59351,40.97675],[-1.59598,40.96852],[-1.60744,40.95638],[-1.61121,40.94761],[-1.61745,40.94373]]]}},{"type":"Feature","properties":{"mun_code":"50022","mun_name":"La Almolda","mun_name_local":null,"prov_code":"50","prov_name":"Zaragoza","acom_code":"02","acom_name":"Aragón","geo_point_2d":{"lon":-0.24265070050977347,"lat":41.54133264157549}},"geometry":{"type":"Polygon","coordinates":[[[-0.27394,41.59059],[-0.27629,41.58599],[-0.28294,41.58179],[-0.29249,41.57033],[-0.3028,41.56094],[-0.30402,41.55647],[-0.30998,41.54853],[-0.30989,41.54504],[-0.32141,41.53722],[-0.34895,41.53055],[-0.35558,41.52491],[-0.34935,41.51371],[-0.32609,41.49692],[-0.30512,41.4933],[-0.28462,41.49858],[-0.27188,41.49606],[-0.25659,41.49548],[-0.23806,41.49289],[-0.22908,41.49354],[-0.21358,41.49747],[-0.19832,41.50649],[-0.18406,41.51051],[-0.17505,41.52092],[-0.16189,41.52395],[-0.15756,41.52675],[-0.15575,41.53935],[-0.15966,41.55121],[-0.15753,41.55823],[-0.15748,41.56838],[-0.16735,41.58111],[-0.15946,41.58532],[-0.15645,41.58997],[-0.18213,41.59805],[-0.20574,41.60226],[-0.22781,41.58647],[-0.23595,41.57722],[-0.23679,41.57386],[-0.24164,41.57253],[-0.24597,41.57374],[-0.26318,41.5885],[-0.27231,41.58992],[-0.27394,41.59059]]]}},{"type":"Feature","properties":{"mun_code":"50082","mun_name":"Cimballa","mun_name_local":null,"prov_code":"50","prov_name":"Zaragoza","acom_code":"02","acom_name":"Aragón","geo_point_2d":{"lon":-1.7705592860304753,"lat":41.09358162564209}},"geometry":{"type":"Polygon","coordinates":[[[-1.81738,41.09517],[-1.81192,41.09178],[-1.80321,41.08998],[-1.79463,41.07875],[-1.78624,41.07346],[-1.7704,41.06645],[-1.75775,41.05507],[-1.74232,41.06738],[-1.73522,41.07641],[-1.73388,41.08177],[-1.73497,41.0845],[-1.74655,41.10369],[-1.74257,41.11932],[-1.74558,41.12522],[-1.78668,41.11833],[-1.79212,41.11619],[-1.80748,41.11351],[-1.81321,41.10818],[-1.81132,41.09844],[-1.81603,41.09566],[-1.81738,41.09517]]]}},{"type":"Feature","properties":{"mun_code":"50093","mun_name":"Chodes","mun_name_local":null,"prov_code":"50","prov_name":"Zaragoza","acom_code":"02","acom_name":"Aragón","geo_point_2d":{"lon":-1.481479479373786,"lat":41.48266342707189}},"geometry":{"type":"MultiPolygon","coordinates":[[[[-1.49607,41.48581],[-1.5012,41.48918],[-1.50346,41.48973],[-1.50529,41.4884],[-1.5063,41.49087],[-1.51237,41.49227],[-1.5294,41.4921],[-1.53196,41.49077],[-1.52706,41.48254],[-1.52643,41.47314],[-1.53099,41.46529],[-1.52879,41.45959],[-1.52506,41.45818],[-1.51413,41.45924],[-1.51432,41.46909],[-1.51093,41.47358],[-1.50678,41.47522],[-1.50415,41.48192],[-1.50566,41.48497],[-1.50257,41.48654],[-1.49919,41.48445],[-1.49695,41.48556],[-1.49607,41.48581]]],[[[-1.44727,41.50799],[-1.45043,41.50502],[-1.4522,41.4994],[-1.46298,41.49807],[-1.47297,41.50064],[-1.4777,41.49979],[-1.48191,41.4951],[-1.48599,41.49459],[-1.48652,41.48982],[-1.49267,41.48156],[-1.48925,41.48168],[-1.4869,41.48033],[-1.47925,41.48107],[-1.46977,41.47783],[-1.46769,41.48296],[-1.46302,41.48413],[-1.45648,41.48143],[-1.45252,41.48307],[-1.44251,41.46925],[-1.43792,41.46574],[-1.43428,41.46624],[-1.4251,41.47221],[-1.42888,41.47852],[-1.43365,41.48275],[-1.44507,41.48873],[-1.44918,41.50077],[-1.44506,41.50803],[-1.44727,41.50799]]]]}},{"type":"Feature","properties":{"mun_code":"50211","mun_name":"Plasencia de Jalón","mun_name_local":null,"prov_code":"50","prov_name":"Zaragoza","acom_code":"02","acom_name":"Aragón","geo_point_2d":{"lon":-1.264046160301466,"lat":41.6923512146956}},"geometry":{"type":"Polygon","coordinates":[[[-1.31051,41.71769],[-1.30713,41.70837],[-1.30929,41.69355],[-1.29306,41.67429],[-1.2803,41.66685],[-1.2735,41.66119],[-1.27929,41.65352],[-1.27799,41.65244],[-1.27434,41.65692],[-1.26927,41.65737],[-1.26538,41.66331],[-1.25775,41.66005],[-1.25368,41.66551],[-1.24895,41.66841],[-1.25019,41.66932],[-1.24121,41.67529],[-1.23847,41.67622],[-1.22721,41.67436],[-1.22033,41.67881],[-1.22499,41.68679],[-1.22428,41.69016],[-1.22718,41.69196],[-1.22981,41.6904],[-1.23267,41.69202],[-1.21345,41.70838],[-1.24851,41.71567],[-1.25877,41.72108],[-1.26166,41.72132],[-1.26877,41.72122],[-1.29455,41.70706],[-1.29876,41.7086],[-1.30825,41.71615],[-1.31051,41.71769]]]}},{"type":"Feature","properties":{"mun_code":"50033","mun_name":"Ardisa","mun_name_local":null,"prov_code":"50","prov_name":"Zaragoza","acom_code":"02","acom_name":"Aragón","geo_point_2d":{"lon":-0.7829390942547155,"lat":42.194506005916004}},"geometry":{"type":"MultiPolygon","coordinates":[[[[-0.81883,42.18689],[-0.81955,42.18355],[-0.81561,42.17803],[-0.8139,42.17192],[-0.81592,42.16427],[-0.8156,42.15632],[-0.80387,42.15623],[-0.78791,42.15939],[-0.79533,42.17237],[-0.79391,42.17882],[-0.80313,42.18314],[-0.81742,42.18667],[-0.81883,42.18689]]],[[[-0.76192,42.23134],[-0.7644,42.23004],[-0.77864,42.22868],[-0.79378,42.22929],[-0.79549,42.2265],[-0.79372,42.22445],[-0.81251,42.21105],[-0.82246,42.20722],[-0.82229,42.20405],[-0.80548,42.20661],[-0.80301,42.20482],[-0.78591,42.18801],[-0.78145,42.17768],[-0.77842,42.17463],[-0.77677,42.16764],[-0.77237,42.16394],[-0.76886,42.16291],[-0.76297,42.16362],[-0.75752,42.16621],[-0.75955,42.17109],[-0.75162,42.17293],[-0.75266,42.17499],[-0.75989,42.1782],[-0.75367,42.18313],[-0.75258,42.18891],[-0.75402,42.19443],[-0.75049,42.20057],[-0.75192,42.20205],[-0.75761,42.20336],[-0.75943,42.20576],[-0.76152,42.21446],[-0.76052,42.22283],[-0.76213,42.23065],[-0.76192,42.23134]]]]}},{"type":"Feature","properties":{"mun_code":"50013","mun_name":"Alcalá de Ebro","mun_name_local":null,"prov_code":"50","prov_name":"Zaragoza","acom_code":"02","acom_name":"Aragón","geo_point_2d":{"lon":-1.182059439573272,"lat":41.81701957198669}},"geometry":{"type":"Polygon","coordinates":[[[-1.20969,41.81601],[-1.21158,41.81362],[-1.20823,41.8113],[-1.20594,41.8124],[-1.20747,41.81058],[-1.20463,41.80778],[-1.19878,41.80586],[-1.19921,41.80277],[-1.19578,41.79886],[-1.19004,41.79818],[-1.17899,41.80753],[-1.16193,41.81249],[-1.15644,41.81269],[-1.15491,41.81547],[-1.16119,41.82606],[-1.17061,41.83526],[-1.17329,41.83576],[-1.17728,41.83481],[-1.19085,41.82691],[-1.19264,41.82233],[-1.19646,41.82231],[-1.20461,41.81705],[-1.20922,41.81664],[-1.20969,41.81601]]]}},{"type":"Feature","properties":{"mun_code":"50057","mun_name":"Brea de Aragón","mun_name_local":null,"prov_code":"50","prov_name":"Zaragoza","acom_code":"02","acom_name":"Aragón","geo_point_2d":{"lon":-1.5936524363995541,"lat":41.52492677049471}},"geometry":{"type":"Polygon","coordinates":[[[-1.62393,41.50989],[-1.61735,41.5065],[-1.59186,41.51127],[-1.58913,41.50975],[-1.58515,41.51013],[-1.57984,41.50742],[-1.57428,41.50991],[-1.57551,41.51723],[-1.56672,41.52093],[-1.56434,41.52674],[-1.56578,41.53044],[-1.57196,41.53227],[-1.57876,41.53974],[-1.5856,41.54289],[-1.5971,41.54549],[-1.60387,41.54432],[-1.61171,41.53478],[-1.6132,41.52785],[-1.61815,41.52559],[-1.61532,41.52152],[-1.61651,41.51828],[-1.6136,41.51643],[-1.62116,41.51285],[-1.62236,41.51091],[-1.62393,41.50989]]]}},{"type":"Feature","properties":{"mun_code":"50092","mun_name":"Chiprana","mun_name_local":null,"prov_code":"50","prov_name":"Zaragoza","acom_code":"02","acom_name":"Aragón","geo_point_2d":{"lon":-0.17157971993421717,"lat":41.25714408034772}},"geometry":{"type":"Polygon","coordinates":[[[-0.2108,41.2231],[-0.17907,41.22792],[-0.15841,41.22946],[-0.15121,41.23548],[-0.13996,41.24129],[-0.13846,41.24098],[-0.12537,41.25012],[-0.11186,41.25638],[-0.11766,41.26003],[-0.11684,41.26602],[-0.11889,41.26726],[-0.12417,41.27719],[-0.13126,41.28097],[-0.13736,41.28063],[-0.14024,41.27879],[-0.13978,41.27468],[-0.13507,41.27074],[-0.13025,41.26074],[-0.13198,41.25815],[-0.14021,41.25614],[-0.14212,41.25825],[-0.1437,41.26774],[-0.15571,41.27024],[-0.16206,41.28114],[-0.16797,41.28552],[-0.1823,41.29298],[-0.18963,41.29512],[-0.1946,41.29534],[-0.20126,41.29251],[-0.20403,41.28974],[-0.20118,41.26939],[-0.20819,41.25302],[-0.2127,41.23736],[-0.21074,41.22481],[-0.2108,41.2231]]]}},{"type":"Feature","properties":{"mun_code":"50137","mun_name":"Leciñena","mun_name_local":null,"prov_code":"50","prov_name":"Zaragoza","acom_code":"02","acom_name":"Aragón","geo_point_2d":{"lon":-0.6157173994440504,"lat":41.837580194361195}},"geometry":{"type":"Polygon","coordinates":[[[-0.69375,41.78266],[-0.69315,41.78077],[-0.68432,41.78091],[-0.68022,41.77771],[-0.67432,41.77758],[-0.67229,41.77916],[-0.66924,41.77754],[-0.66302,41.77754],[-0.6573,41.77571],[-0.64937,41.77671],[-0.64206,41.77402],[-0.63836,41.77569],[-0.63345,41.77585],[-0.60742,41.7722],[-0.60471,41.76994],[-0.59882,41.76958],[-0.58974,41.76676],[-0.5855,41.76258],[-0.57941,41.76041],[-0.57642,41.75738],[-0.57146,41.7589],[-0.57103,41.76175],[-0.5665,41.76518],[-0.57243,41.77677],[-0.5715,41.7808],[-0.56268,41.78341],[-0.55222,41.78382],[-0.54657,41.79036],[-0.54208,41.78856],[-0.53255,41.78892],[-0.52857,41.78745],[-0.51916,41.7872],[-0.51201,41.78436],[-0.50884,41.79147],[-0.51244,41.79828],[-0.51117,41.80846],[-0.51519,41.8107],[-0.51653,41.8136],[-0.51831,41.82462],[-0.51561,41.82909],[-0.51602,41.83511],[-0.52078,41.84202],[-0.52284,41.84247],[-0.52237,41.84544],[-0.52714,41.85287],[-0.53324,41.8535],[-0.53728,41.85776],[-0.54296,41.85821],[-0.54579,41.86213],[-0.55398,41.86781],[-0.55521,41.87133],[-0.56169,41.87206],[-0.57046,41.87553],[-0.57939,41.87649],[-0.58491,41.87577],[-0.59279,41.88248],[-0.60331,41.88283],[-0.59807,41.89006],[-0.59547,41.89959],[-0.59971,41.90223],[-0.61593,41.90572],[-0.63058,41.91291],[-0.6326,41.92],[-0.65124,41.94373],[-0.65783,41.9575],[-0.66186,41.9586],[-0.66352,41.95861],[-0.6668,41.95374],[-0.6693,41.94495],[-0.68835,41.9304],[-0.69266,41.92365],[-0.69233,41.89644],[-0.68359,41.89403],[-0.67487,41.90782],[-0.65122,41.90213],[-0.64792,41.90011],[-0.64995,41.89735],[-0.64569,41.89584],[-0.63587,41.87452],[-0.62733,41.86796],[-0.62588,41.8468],[-0.62416,41.84309],[-0.62757,41.83957],[-0.63844,41.83345],[-0.64384,41.83359],[-0.66444,41.84149],[-0.66866,41.84464],[-0.6732,41.85636],[-0.68291,41.86771],[-0.68734,41.87532],[-0.69838,41.8646],[-0.72298,41.85607],[-0.72803,41.84903],[-0.71292,41.84682],[-0.70038,41.84768],[-0.69958,41.84621],[-0.69716,41.83747],[-0.69662,41.82292],[-0.70245,41.82148],[-0.70055,41.82058],[-0.69999,41.80116],[-0.69406,41.79239],[-0.69458,41.7872],[-0.69375,41.78266]]]}},{"type":"Feature","properties":{"mun_code":"50266","mun_name":"Trasobares","mun_name_local":null,"prov_code":"50","prov_name":"Zaragoza","acom_code":"02","acom_name":"Aragón","geo_point_2d":{"lon":-1.6262072281145845,"lat":41.65701773905677}},"geometry":{"type":"Polygon","coordinates":[[[-1.69134,41.629],[-1.69232,41.62463],[-1.68898,41.62156],[-1.68882,41.61565],[-1.68369,41.61273],[-1.6838,41.60962],[-1.68137,41.60752],[-1.67748,41.61223],[-1.66901,41.61573],[-1.65157,41.61906],[-1.64665,41.61651],[-1.62299,41.62269],[-1.62233,41.62394],[-1.59731,41.63432],[-1.58682,41.63684],[-1.57222,41.63726],[-1.57122,41.64321],[-1.56439,41.65042],[-1.54755,41.66314],[-1.54775,41.66529],[-1.55239,41.66938],[-1.55653,41.66935],[-1.56563,41.67209],[-1.5691,41.67514],[-1.57305,41.68513],[-1.57743,41.68373],[-1.58102,41.68415],[-1.59312,41.68903],[-1.59995,41.69594],[-1.59959,41.6986],[-1.60742,41.7042],[-1.61625,41.70639],[-1.61983,41.71075],[-1.61988,41.71725],[-1.62152,41.71287],[-1.61655,41.69862],[-1.61873,41.69581],[-1.62381,41.69672],[-1.63262,41.69151],[-1.64078,41.69359],[-1.6614,41.69407],[-1.66373,41.69549],[-1.67461,41.69262],[-1.65955,41.67815],[-1.66235,41.6764],[-1.66237,41.6721],[-1.67193,41.6596],[-1.67639,41.65076],[-1.68662,41.64323],[-1.69213,41.64188],[-1.69128,41.63033],[-1.69134,41.629]]]}},{"type":"Feature","properties":{"mun_code":"50287","mun_name":"Villalengua","mun_name_local":null,"prov_code":"50","prov_name":"Zaragoza","acom_code":"02","acom_name":"Aragón","geo_point_2d":{"lon":-1.8774857660783577,"lat":41.422860619209274}},"geometry":{"type":"Polygon","coordinates":[[[-1.93788,41.40739],[-1.93827,41.40081],[-1.93569,41.39968],[-1.93753,41.39811],[-1.93709,41.3952],[-1.93486,41.39409],[-1.93543,41.39114],[-1.92882,41.38685],[-1.92998,41.38324],[-1.92716,41.38233],[-1.92448,41.38312],[-1.92326,41.38083],[-1.91579,41.37785],[-1.91229,41.38007],[-1.91079,41.38812],[-1.90741,41.39332],[-1.89246,41.40519],[-1.87573,41.41137],[-1.84481,41.41749],[-1.84263,41.41996],[-1.83695,41.42148],[-1.826,41.42785],[-1.81372,41.42871],[-1.80606,41.42757],[-1.79518,41.43121],[-1.80415,41.43363],[-1.80951,41.44318],[-1.82137,41.44918],[-1.82607,41.45842],[-1.82941,41.46172],[-1.83914,41.45333],[-1.85073,41.44717],[-1.84855,41.44453],[-1.85292,41.4419],[-1.85685,41.44157],[-1.85874,41.44546],[-1.86806,41.44716],[-1.87307,41.44641],[-1.87883,41.44353],[-1.88235,41.44561],[-1.88583,41.44398],[-1.88733,41.44553],[-1.89112,41.44345],[-1.89198,41.43931],[-1.89589,41.43859],[-1.90462,41.43213],[-1.91263,41.43018],[-1.91425,41.42435],[-1.92111,41.42075],[-1.92835,41.4213],[-1.93034,41.41999],[-1.93652,41.4199],[-1.93944,41.41865],[-1.93729,41.40785],[-1.93788,41.40739]]]}},{"type":"Feature","properties":{"mun_code":"50261","mun_name":"Torrellas","mun_name_local":null,"prov_code":"50","prov_name":"Zaragoza","acom_code":"02","acom_name":"Aragón","geo_point_2d":{"lon":-1.7689414300814985,"lat":41.895919564127325}},"geometry":{"type":"Polygon","coordinates":[[[-1.77246,41.89075],[-1.77536,41.88705],[-1.77239,41.88478],[-1.76692,41.88496],[-1.76106,41.89192],[-1.76215,41.89495],[-1.75673,41.89845],[-1.76357,41.90156],[-1.76721,41.90669],[-1.77526,41.90535],[-1.77392,41.90247],[-1.7792,41.90006],[-1.77443,41.89232],[-1.77246,41.89075]]]}},{"type":"Feature","properties":{"mun_code":"50272","mun_name":"Utebo","mun_name_local":null,"prov_code":"50","prov_name":"Zaragoza","acom_code":"02","acom_name":"Aragón","geo_point_2d":{"lon":-1.000108875029836,"lat":41.7142005884218}},"geometry":{"type":"Polygon","coordinates":[[[-1.01516,41.72984],[-1.00884,41.7232],[-1.01453,41.71442],[-1.02508,41.72005],[-1.02483,41.71768],[-1.02932,41.71391],[-1.02961,41.70956],[-1.03235,41.7083],[-1.03841,41.70998],[-1.04096,41.70712],[-1.03198,41.69855],[-1.00905,41.69073],[-1.0027,41.69793],[-1.00068,41.70253],[-0.98792,41.69443],[-0.97362,41.70777],[-0.97324,41.71207],[-0.96552,41.72114],[-0.96645,41.72517],[-0.97279,41.72795],[-0.97604,41.72647],[-0.97939,41.72731],[-0.98229,41.73251],[-0.99166,41.73634],[-0.99053,41.73894],[-0.99705,41.74468],[-1.00241,41.74044],[-1.0014,41.73744],[-1.00392,41.73247],[-1.00838,41.73129],[-1.01226,41.73232],[-1.01516,41.72984]]]}},{"type":"Feature","properties":{"mun_code":"50139","mun_name":"Letux","mun_name_local":null,"prov_code":"50","prov_name":"Zaragoza","acom_code":"02","acom_name":"Aragón","geo_point_2d":{"lon":-0.7885800029359938,"lat":41.23469104213183}},"geometry":{"type":"Polygon","coordinates":[[[-0.84071,41.27129],[-0.838,41.26833],[-0.83558,41.25821],[-0.83568,41.25275],[-0.83803,41.24755],[-0.83735,41.24259],[-0.81706,41.24404],[-0.8068,41.2477],[-0.80153,41.24605],[-0.79805,41.24174],[-0.79678,41.23585],[-0.78739,41.22677],[-0.78434,41.22181],[-0.78085,41.20983],[-0.77733,41.20401],[-0.77872,41.20041],[-0.77689,41.19485],[-0.77942,41.18627],[-0.77836,41.18306],[-0.78013,41.18225],[-0.77239,41.18107],[-0.76102,41.18476],[-0.7482,41.21149],[-0.748,41.21567],[-0.74391,41.22461],[-0.75032,41.22658],[-0.76823,41.24338],[-0.78727,41.25511],[-0.79557,41.26113],[-0.79611,41.26285],[-0.79842,41.26257],[-0.80761,41.27257],[-0.81979,41.27784],[-0.83613,41.2747],[-0.83811,41.27317],[-0.84071,41.27129]]]}},{"type":"Feature","properties":{"mun_code":"50053","mun_name":"Boquiñeni","mun_name_local":null,"prov_code":"50","prov_name":"Zaragoza","acom_code":"02","acom_name":"Aragón","geo_point_2d":{"lon":-1.2748898340048442,"lat":41.83871053843278}},"geometry":{"type":"Polygon","coordinates":[[[-1.325,41.81671],[-1.31805,41.80542],[-1.28003,41.82974],[-1.27454,41.83137],[-1.25991,41.84092],[-1.24721,41.84055],[-1.24755,41.83915],[-1.24498,41.84114],[-1.23508,41.83709],[-1.22764,41.83788],[-1.22879,41.84508],[-1.22044,41.85332],[-1.21964,41.85947],[-1.22519,41.86012],[-1.22986,41.85532],[-1.23048,41.85857],[-1.22841,41.86122],[-1.2333,41.86331],[-1.23984,41.86059],[-1.24739,41.85521],[-1.25823,41.85413],[-1.26311,41.85742],[-1.27586,41.85018],[-1.28167,41.85283],[-1.28778,41.85316],[-1.28689,41.84999],[-1.29813,41.84551],[-1.30098,41.84595],[-1.30457,41.83999],[-1.30424,41.83656],[-1.31804,41.82757],[-1.32308,41.81702],[-1.325,41.81671]]]}},{"type":"Feature","properties":{"mun_code":"50037","mun_name":"Atea","mun_name_local":null,"prov_code":"50","prov_name":"Zaragoza","acom_code":"02","acom_name":"Aragón","geo_point_2d":{"lon":-1.556257958051752,"lat":41.14382512515043}},"geometry":{"type":"Polygon","coordinates":[[[-1.58934,41.12032],[-1.58632,41.11683],[-1.56625,41.11667],[-1.56601,41.11408],[-1.56063,41.11229],[-1.55221,41.09943],[-1.54663,41.10088],[-1.5392,41.10719],[-1.53825,41.11364],[-1.53021,41.12161],[-1.51779,41.12691],[-1.51251,41.12756],[-1.52629,41.12785],[-1.52869,41.13571],[-1.52537,41.16115],[-1.53033,41.15943],[-1.54425,41.17049],[-1.53913,41.18116],[-1.54379,41.18696],[-1.55204,41.18215],[-1.56769,41.18324],[-1.573,41.17978],[-1.58164,41.17776],[-1.58076,41.1703],[-1.57729,41.16681],[-1.58306,41.15595],[-1.5831,41.14284],[-1.58644,41.13541],[-1.58534,41.12928],[-1.58931,41.12175],[-1.58934,41.12032]]]}},{"type":"Feature","properties":{"mun_code":"50058","mun_name":"Bubierca","mun_name_local":null,"prov_code":"50","prov_name":"Zaragoza","acom_code":"02","acom_name":"Aragón","geo_point_2d":{"lon":-1.8721487072527416,"lat":41.325330397158915}},"geometry":{"type":"Polygon","coordinates":[[[-1.9322,41.36306],[-1.9121,41.33843],[-1.90868,41.33024],[-1.90803,41.32194],[-1.89482,41.31905],[-1.87783,41.30533],[-1.87245,41.30621],[-1.86242,41.29365],[-1.85502,41.28713],[-1.84802,41.28648],[-1.84469,41.2893],[-1.84099,41.29753],[-1.83349,41.30511],[-1.83479,41.30766],[-1.83427,41.31564],[-1.8332,41.31855],[-1.83002,41.31859],[-1.83872,41.3241],[-1.85376,41.33795],[-1.85891,41.34158],[-1.86151,41.34166],[-1.87741,41.36073],[-1.88152,41.36077],[-1.89965,41.35023],[-1.89855,41.34646],[-1.90127,41.34279],[-1.90618,41.33995],[-1.90764,41.34424],[-1.91308,41.34965],[-1.91847,41.35269],[-1.92381,41.35848],[-1.92726,41.35884],[-1.9322,41.36306]]]}},{"type":"Feature","properties":{"mun_code":"50083","mun_name":"Cinco Olivas","mun_name_local":null,"prov_code":"50","prov_name":"Zaragoza","acom_code":"02","acom_name":"Aragón","geo_point_2d":{"lon":-0.3686764072404069,"lat":41.34078903506499}},"geometry":{"type":"Polygon","coordinates":[[[-0.3772,41.3498],[-0.37165,41.33429],[-0.37352,41.32942],[-0.36638,41.32929],[-0.36148,41.33738],[-0.36215,41.34615],[-0.36862,41.35018],[-0.37679,41.35008],[-0.3772,41.3498]]]}},{"type":"Feature","properties":{"mun_code":"50152","mun_name":"Maella","mun_name_local":null,"prov_code":"50","prov_name":"Zaragoza","acom_code":"02","acom_name":"Aragón","geo_point_2d":{"lon":0.10157655191936091,"lat":41.11606113139342}},"geometry":{"type":"Polygon","coordinates":[[[-0.01223,41.12025],[-0.00793,41.10218],[-0.00065,41.09041],[0.01136,41.07895],[0.01312,41.07465],[0.01899,41.06822],[0.02469,41.06536],[0.03692,41.04657],[0.04103,41.04818],[0.04616,41.05322],[0.04961,41.05302],[0.05183,41.05482],[0.05101,41.05913],[0.0557,41.06629],[0.05467,41.06843],[0.05754,41.07505],[0.0608,41.07682],[0.07863,41.08034],[0.09323,41.0801],[0.11826,41.07683],[0.13592,41.0679],[0.14454,41.06582],[0.14586,41.06304],[0.16803,41.07092],[0.18214,41.06903],[0.19393,41.06917],[0.1969,41.06797],[0.21825,41.07201],[0.22075,41.07133],[0.22177,41.07235],[0.22136,41.07388],[0.21663,41.07562],[0.21529,41.07773],[0.21917,41.07934],[0.21952,41.08333],[0.21547,41.08443],[0.20749,41.08284],[0.20067,41.0848],[0.2004,41.10222],[0.2056,41.10881],[0.20498,41.11004],[0.20929,41.11687],[0.20086,41.12358],[0.20065,41.12609],[0.20331,41.1284],[0.21775,41.13036],[0.21975,41.13209],[0.21356,41.13176],[0.20377,41.13397],[0.18199,41.14656],[0.16588,41.15288],[0.16473,41.15171],[0.14706,41.16263],[0.14118,41.16389],[0.13931,41.16612],[0.13962,41.17164],[0.13203,41.17608],[0.10678,41.17838],[0.09841,41.17815],[0.09888,41.17535],[0.0858,41.18042],[0.08188,41.18036],[0.07388,41.18299],[0.06632,41.17973],[0.04206,41.15152],[0.03321,41.14406],[0.02723,41.14354],[0.02598,41.13962],[0.01726,41.13717],[0.01195,41.12962],[0.00698,41.12982],[0.00253,41.132],[0.0023,41.13634],[-8e-05,41.13927],[-0.00631,41.13781],[-0.01096,41.13484],[-0.01166,41.1331],[-0.00741,41.12545],[-0.00966,41.12206],[-0.01223,41.12025]]]}},{"type":"Feature","properties":{"mun_code":"50171","mun_name":"Moneva","mun_name_local":null,"prov_code":"50","prov_name":"Zaragoza","acom_code":"02","acom_name":"Aragón","geo_point_2d":{"lon":-0.8215386330323331,"lat":41.13988877770911}},"geometry":{"type":"Polygon","coordinates":[[[-0.88326,41.14876],[-0.88608,41.14083],[-0.88344,41.13538],[-0.88366,41.13011],[-0.87679,41.12199],[-0.87119,41.11936],[-0.87135,41.1165],[-0.85989,41.10801],[-0.82853,41.09642],[-0.81784,41.10025],[-0.81177,41.10077],[-0.81143,41.1023],[-0.80858,41.10147],[-0.799,41.10329],[-0.78851,41.10791],[-0.79158,41.11151],[-0.78344,41.1182],[-0.78386,41.12343],[-0.7824,41.126],[-0.78485,41.13627],[-0.7795,41.13799],[-0.78169,41.14382],[-0.77666,41.15229],[-0.765,41.15861],[-0.76499,41.16404],[-0.76075,41.17199],[-0.75983,41.1836],[-0.76102,41.18476],[-0.76542,41.18388],[-0.77239,41.18107],[-0.78391,41.18187],[-0.80157,41.17114],[-0.81419,41.17577],[-0.82133,41.18274],[-0.82936,41.18406],[-0.83493,41.18696],[-0.83134,41.17936],[-0.83346,41.17577],[-0.83181,41.16902],[-0.8343,41.1658],[-0.83128,41.15868],[-0.83376,41.15551],[-0.83211,41.15151],[-0.83902,41.14996],[-0.84219,41.15341],[-0.85035,41.15688],[-0.85418,41.15604],[-0.85593,41.15832],[-0.86369,41.15428],[-0.87604,41.15221],[-0.88291,41.14915],[-0.88326,41.14876]]]}},{"type":"Feature","properties":{"mun_code":"50294","mun_name":"Villarroya del Campo","mun_name_local":null,"prov_code":"50","prov_name":"Zaragoza","acom_code":"02","acom_name":"Aragón","geo_point_2d":{"lon":-1.3267598043631044,"lat":41.14409239382766}},"geometry":{"type":"Polygon","coordinates":[[[-1.35455,41.13589],[-1.34962,41.12901],[-1.34704,41.12796],[-1.32163,41.12173],[-1.31501,41.12213],[-1.30519,41.1309],[-1.29981,41.14099],[-1.30309,41.1506],[-1.31045,41.16036],[-1.31387,41.16838],[-1.31557,41.16676],[-1.32173,41.16572],[-1.33126,41.16663],[-1.34368,41.16466],[-1.34551,41.15503],[-1.35256,41.14332],[-1.35471,41.13657],[-1.35455,41.13589]]]}},{"type":"Feature","properties":{"mun_code":"50244","mun_name":"Sierra de Luna","mun_name_local":null,"prov_code":"50","prov_name":"Zaragoza","acom_code":"02","acom_name":"Aragón","geo_point_2d":{"lon":-0.9328211520792176,"lat":42.044352413367804}},"geometry":{"type":"Polygon","coordinates":[[[-0.99499,42.05013],[-0.98834,42.04748],[-0.98143,42.03768],[-0.98006,42.03289],[-0.98161,42.02976],[-0.98069,42.02356],[-0.9761,42.02354],[-0.97425,42.02225],[-0.96903,42.02276],[-0.95995,42.01914],[-0.9573,42.01977],[-0.95279,42.01781],[-0.95188,42.01426],[-0.94937,42.01378],[-0.94372,42.01313],[-0.93893,42.01507],[-0.93189,42.01397],[-0.92776,42.01181],[-0.90873,42.00999],[-0.90809,42.01648],[-0.90989,42.02027],[-0.90546,42.02871],[-0.90029,42.02978],[-0.88681,42.04887],[-0.87877,42.05344],[-0.88044,42.0589],[-0.88458,42.06107],[-0.88635,42.0643],[-0.88273,42.06401],[-0.8784,42.07037],[-0.89154,42.07609],[-0.89121,42.07168],[-0.89665,42.06984],[-0.89844,42.07088],[-0.90261,42.06995],[-0.90342,42.07436],[-0.90662,42.07718],[-0.91082,42.07728],[-0.91595,42.08007],[-0.9162,42.07482],[-0.91841,42.07433],[-0.91904,42.06708],[-0.92421,42.06409],[-0.92928,42.06419],[-0.93416,42.0689],[-0.93228,42.06971],[-0.93698,42.07648],[-0.9395,42.07326],[-0.95057,42.07062],[-0.94829,42.06912],[-0.95987,42.06609],[-0.96369,42.06248],[-0.96282,42.05715],[-0.96438,42.05438],[-0.97409,42.05616],[-0.98095,42.05392],[-0.98709,42.05516],[-0.99004,42.05357],[-0.99499,42.05013]]]}},{"type":"Feature","properties":{"mun_code":"50239","mun_name":"Santed","mun_name_local":null,"prov_code":"50","prov_name":"Zaragoza","acom_code":"02","acom_name":"Aragón","geo_point_2d":{"lon":-1.5100051037028799,"lat":41.034680410903235}},"geometry":{"type":"Polygon","coordinates":[[[-1.55377,41.01013],[-1.53482,41.01093],[-1.51622,41.01541],[-1.49504,41.02351],[-1.4829,41.02072],[-1.48506,41.02406],[-1.47717,41.03367],[-1.48599,41.04716],[-1.48698,41.05379],[-1.49315,41.05666],[-1.50623,41.05988],[-1.50732,41.05922],[-1.51018,41.06112],[-1.51829,41.06151],[-1.52397,41.05406],[-1.52431,41.05129],[-1.52013,41.04393],[-1.51903,41.03635],[-1.53021,41.0327],[-1.53215,41.02851],[-1.53728,41.0267],[-1.54453,41.01735],[-1.55265,41.01087],[-1.55377,41.01013]]]}},{"type":"Feature","properties":{"mun_code":"50089","mun_name":"Cuarte de Huerva","mun_name_local":null,"prov_code":"50","prov_name":"Zaragoza","acom_code":"02","acom_name":"Aragón","geo_point_2d":{"lon":-0.9288943016938545,"lat":41.58606895941259}},"geometry":{"type":"Polygon","coordinates":[[[-0.94978,41.57713],[-0.94221,41.57309],[-0.93576,41.58082],[-0.92847,41.57631],[-0.92735,41.57278],[-0.92323,41.57001],[-0.91996,41.5707],[-0.91605,41.56873],[-0.91559,41.57184],[-0.91164,41.57334],[-0.91093,41.57831],[-0.90625,41.58229],[-0.90635,41.58613],[-0.92062,41.59711],[-0.92134,41.60336],[-0.92443,41.60086],[-0.92824,41.60457],[-0.92728,41.60183],[-0.93,41.60001],[-0.93373,41.59994],[-0.93509,41.59829],[-0.93454,41.60024],[-0.93014,41.60161],[-0.93117,41.60273],[-0.92875,41.60533],[-0.92723,41.60485],[-0.92823,41.60942],[-0.93684,41.60078],[-0.93785,41.59748],[-0.95657,41.57956],[-0.95183,41.57774],[-0.94882,41.57831],[-0.94893,41.5771],[-0.94978,41.57713]]]}},{"type":"Feature","properties":{"mun_code":"50173","mun_name":"Monterde","mun_name_local":null,"prov_code":"50","prov_name":"Zaragoza","acom_code":"02","acom_name":"Aragón","geo_point_2d":{"lon":-1.7547944309203967,"lat":41.16062934407679}},"geometry":{"type":"Polygon","coordinates":[[[-1.82166,41.165],[-1.82113,41.15717],[-1.81925,41.15449],[-1.82116,41.1546],[-1.8227,41.15104],[-1.81525,41.13735],[-1.81006,41.13365],[-1.80761,41.11956],[-1.80968,41.11571],[-1.80748,41.11351],[-1.79212,41.11619],[-1.78668,41.11833],[-1.74558,41.12522],[-1.74718,41.13229],[-1.74298,41.13598],[-1.74309,41.14019],[-1.7319,41.15039],[-1.72556,41.16051],[-1.69284,41.17607],[-1.68516,41.17803],[-1.6817,41.18285],[-1.68164,41.19331],[-1.68325,41.19539],[-1.69947,41.20202],[-1.7032,41.19994],[-1.70618,41.19985],[-1.71296,41.20363],[-1.71459,41.20628],[-1.72743,41.21114],[-1.73384,41.20138],[-1.73986,41.19804],[-1.7385,41.19564],[-1.74192,41.19284],[-1.74722,41.18963],[-1.75129,41.19123],[-1.75955,41.18947],[-1.76147,41.18395],[-1.75794,41.17597],[-1.76306,41.17928],[-1.76048,41.17521],[-1.7614,41.17361],[-1.76774,41.16815],[-1.77849,41.16254],[-1.78593,41.16057],[-1.78859,41.16217],[-1.79884,41.16047],[-1.80415,41.16154],[-1.80925,41.1684],[-1.81593,41.16808],[-1.81968,41.16611],[-1.82166,41.165]]]}},{"type":"Feature","properties":{"mun_code":"50209","mun_name":"Pinseque","mun_name_local":null,"prov_code":"50","prov_name":"Zaragoza","acom_code":"02","acom_name":"Aragón","geo_point_2d":{"lon":-1.0870581188197546,"lat":41.72835165497307}},"geometry":{"type":"Polygon","coordinates":[[[-1.11768,41.74258],[-1.11849,41.7318],[-1.11178,41.72081],[-1.08692,41.71059],[-1.06597,41.71215],[-1.04938,41.71864],[-1.04852,41.72211],[-1.05075,41.72673],[-1.05714,41.73126],[-1.09723,41.74821],[-1.10129,41.74972],[-1.10617,41.74922],[-1.11377,41.74484],[-1.11768,41.74258]]]}},{"type":"Feature","properties":{"mun_code":"50190","mun_name":"Novallas","mun_name_local":null,"prov_code":"50","prov_name":"Zaragoza","acom_code":"02","acom_name":"Aragón","geo_point_2d":{"lon":-1.712392326542286,"lat":41.946411985810144}},"geometry":{"type":"Polygon","coordinates":[[[-1.72772,41.96172],[-1.73775,41.9545],[-1.75144,41.94996],[-1.75074,41.94844],[-1.73695,41.94453],[-1.72741,41.93565],[-1.71475,41.93447],[-1.7104,41.93461],[-1.70947,41.93572],[-1.70259,41.93503],[-1.70251,41.93305],[-1.69655,41.929],[-1.69518,41.92936],[-1.69183,41.93206],[-1.68709,41.94078],[-1.682,41.93983],[-1.68153,41.94822],[-1.68339,41.94875],[-1.68475,41.95286],[-1.69325,41.95575],[-1.70078,41.95394],[-1.70444,41.95723],[-1.71522,41.95696],[-1.7246,41.96091],[-1.72772,41.96172]]]}},{"type":"Feature","properties":{"mun_code":"50034","mun_name":"Ariza","mun_name_local":null,"prov_code":"50","prov_name":"Zaragoza","acom_code":"02","acom_name":"Aragón","geo_point_2d":{"lon":-2.044902921100812,"lat":41.32337334318819}},"geometry":{"type":"Polygon","coordinates":[[[-2.10432,41.34867],[-2.10374,41.33771],[-2.09517,41.30927],[-2.09665,41.29934],[-2.08459,41.29932],[-2.07811,41.29398],[-2.0702,41.28204],[-2.07013,41.27521],[-2.06722,41.26944],[-2.05792,41.26043],[-2.05746,41.25485],[-2.05224,41.25695],[-2.03902,41.25883],[-2.0185,41.25234],[-2.01337,41.24778],[-2.00954,41.26891],[-2.00594,41.27874],[-1.99994,41.28594],[-1.99709,41.29448],[-1.99186,41.30204],[-1.98514,41.2997],[-1.9843,41.30121],[-1.98873,41.30302],[-1.98738,41.30669],[-1.99129,41.31135],[-1.99423,41.32938],[-1.99078,41.33354],[-1.98233,41.33848],[-1.99174,41.34392],[-1.99979,41.35452],[-2.00952,41.36239],[-2.01461,41.36484],[-2.01314,41.37052],[-2.01537,41.37428],[-2.0282,41.38149],[-2.02511,41.3838],[-2.02927,41.38416],[-2.03203,41.38684],[-2.03419,41.38634],[-2.03887,41.38028],[-2.04353,41.38098],[-2.05235,41.3855],[-2.06569,41.38435],[-2.06749,41.38279],[-2.08672,41.37688],[-2.09767,41.37834],[-2.09906,41.37339],[-2.09607,41.35372],[-2.10432,41.34867]]]}},{"type":"Feature","properties":{"mun_code":"50085","mun_name":"Codo","mun_name_local":null,"prov_code":"50","prov_name":"Zaragoza","acom_code":"02","acom_name":"Aragón","geo_point_2d":{"lon":-0.6813816562389658,"lat":41.340313887320626}},"geometry":{"type":"Polygon","coordinates":[[[-0.6967,41.32161],[-0.67219,41.3339],[-0.66259,41.3361],[-0.66199,41.34007],[-0.65491,41.34331],[-0.644,41.34449],[-0.63849,41.35588],[-0.65718,41.34921],[-0.66331,41.34983],[-0.67386,41.35571],[-0.68253,41.35493],[-0.69118,41.35033],[-0.69494,41.35009],[-0.69711,41.34492],[-0.70085,41.34546],[-0.71263,41.33271],[-0.70661,41.32518],[-0.69716,41.32162],[-0.6967,41.32161]]]}},{"type":"Feature","properties":{"mun_code":"50224","mun_name":"Retascón","mun_name_local":null,"prov_code":"50","prov_name":"Zaragoza","acom_code":"02","acom_name":"Aragón","geo_point_2d":{"lon":-1.3783181995985654,"lat":41.15952697117919}},"geometry":{"type":"Polygon","coordinates":[[[-1.42045,41.15315],[-1.41566,41.14747],[-1.41054,41.14491],[-1.4064,41.14602],[-1.40014,41.14377],[-1.3898,41.13767],[-1.36587,41.13461],[-1.35455,41.13589],[-1.35256,41.14332],[-1.34551,41.15503],[-1.34368,41.16466],[-1.36925,41.19063],[-1.37604,41.18643],[-1.40167,41.1778],[-1.40482,41.16322],[-1.41384,41.15884],[-1.4178,41.16139],[-1.42067,41.1543],[-1.42045,41.15315]]]}},{"type":"Feature","properties":{"mun_code":"50902","mun_name":"Marracos","mun_name_local":null,"prov_code":"50","prov_name":"Zaragoza","acom_code":"02","acom_name":"Aragón","geo_point_2d":{"lon":-0.7824042102959499,"lat":42.08117151092769}},"geometry":{"type":"Polygon","coordinates":[[[-0.80508,42.09643],[-0.80512,42.07347],[-0.79351,42.05411],[-0.78792,42.05189],[-0.77601,42.05563],[-0.77701,42.05739],[-0.77511,42.06058],[-0.7688,42.06263],[-0.76371,42.06622],[-0.76293,42.06872],[-0.766,42.07111],[-0.76663,42.07398],[-0.76068,42.07938],[-0.76863,42.08379],[-0.77008,42.08733],[-0.76838,42.08935],[-0.75881,42.08788],[-0.75613,42.08896],[-0.75582,42.09142],[-0.76118,42.09507],[-0.76263,42.10194],[-0.76051,42.10508],[-0.75536,42.10683],[-0.75453,42.10874],[-0.75795,42.11056],[-0.77136,42.10706],[-0.77882,42.10354],[-0.78294,42.10349],[-0.7965,42.0955],[-0.80486,42.09697],[-0.80508,42.09643]]]}},{"type":"Feature","properties":{"mun_code":"50088","mun_name":"Cosuenda","mun_name_local":null,"prov_code":"50","prov_name":"Zaragoza","acom_code":"02","acom_name":"Aragón","geo_point_2d":{"lon":-1.3049587028032608,"lat":41.3670187305224}},"geometry":{"type":"Polygon","coordinates":[[[-1.35802,41.34712],[-1.34611,41.33912],[-1.34359,41.33325],[-1.34126,41.33279],[-1.33034,41.33309],[-1.32547,41.33682],[-1.32252,41.33656],[-1.32011,41.33817],[-1.31429,41.33901],[-1.31358,41.34128],[-1.3004,41.34923],[-1.29228,41.35738],[-1.28213,41.36013],[-1.27288,41.36487],[-1.25976,41.37944],[-1.25078,41.38057],[-1.25343,41.39162],[-1.25221,41.39866],[-1.25962,41.40149],[-1.286,41.39589],[-1.29285,41.3926],[-1.29696,41.3877],[-1.30692,41.38333],[-1.31698,41.37474],[-1.33124,41.37545],[-1.33486,41.37456],[-1.33713,41.37108],[-1.34954,41.36879],[-1.35171,41.36148],[-1.34813,41.35583],[-1.3483,41.35308],[-1.35143,41.35054],[-1.35526,41.35022],[-1.35697,41.34814],[-1.35802,41.34712]]]}},{"type":"Feature","properties":{"mun_code":"50122","mun_name":"Grisel","mun_name_local":null,"prov_code":"50","prov_name":"Zaragoza","acom_code":"02","acom_name":"Aragón","geo_point_2d":{"lon":-1.7240093425131842,"lat":41.866431849477024}},"geometry":{"type":"Polygon","coordinates":[[[-1.74745,41.85487],[-1.73363,41.84588],[-1.73209,41.84859],[-1.7271,41.84649],[-1.72008,41.84679],[-1.71405,41.8532],[-1.70618,41.85243],[-1.69978,41.85],[-1.69671,41.85404],[-1.69476,41.86056],[-1.70534,41.86155],[-1.70629,41.86353],[-1.70933,41.8641],[-1.7094,41.86576],[-1.71368,41.86747],[-1.71307,41.8686],[-1.71069,41.86776],[-1.70776,41.86927],[-1.70615,41.86802],[-1.70067,41.86862],[-1.70097,41.86952],[-1.69462,41.87225],[-1.70658,41.87847],[-1.70526,41.88189],[-1.69983,41.88519],[-1.70083,41.8866],[-1.70518,41.88966],[-1.70993,41.88012],[-1.71252,41.87945],[-1.7127,41.88291],[-1.71639,41.88358],[-1.72225,41.88845],[-1.72641,41.88672],[-1.73175,41.88655],[-1.73472,41.88331],[-1.7401,41.88058],[-1.74326,41.87489],[-1.7488,41.86947],[-1.75022,41.86459],[-1.74885,41.86462],[-1.74846,41.86246],[-1.75314,41.85506],[-1.74858,41.85501],[-1.74745,41.85487]]]}},{"type":"Feature","properties":{"mun_code":"50241","mun_name":"Sabiñán","mun_name_local":null,"prov_code":"50","prov_name":"Zaragoza","acom_code":"02","acom_name":"Aragón","geo_point_2d":{"lon":-1.5587011163725482,"lat":41.44911628435466}},"geometry":{"type":"Polygon","coordinates":[[[-1.59752,41.45722],[-1.59564,41.45451],[-1.59922,41.45176],[-1.59696,41.45121],[-1.59707,41.44924],[-1.59423,41.44666],[-1.5913,41.4457],[-1.59107,41.44254],[-1.58914,41.44198],[-1.5889,41.4388],[-1.58646,41.4364],[-1.58029,41.43487],[-1.56859,41.43571],[-1.56839,41.43878],[-1.56594,41.44069],[-1.56286,41.43844],[-1.56403,41.43547],[-1.56261,41.43474],[-1.5466,41.43729],[-1.54317,41.43692],[-1.54088,41.43351],[-1.53042,41.43639],[-1.5312,41.44178],[-1.52837,41.44312],[-1.52752,41.44673],[-1.51896,41.45441],[-1.51712,41.45916],[-1.52506,41.45818],[-1.5311,41.45934],[-1.53918,41.4631],[-1.54607,41.46362],[-1.54945,41.46133],[-1.55381,41.46052],[-1.56491,41.46174],[-1.56935,41.46009],[-1.5747,41.46046],[-1.59727,41.45751],[-1.59752,41.45722]]]}},{"type":"Feature","properties":{"mun_code":"50197","mun_name":"Orés","mun_name_local":null,"prov_code":"50","prov_name":"Zaragoza","acom_code":"02","acom_name":"Aragón","geo_point_2d":{"lon":-1.0087133750730233,"lat":42.26306474956993}},"geometry":{"type":"Polygon","coordinates":[[[-1.04843,42.23623],[-1.04439,42.22217],[-1.03758,42.21614],[-1.03736,42.21222],[-1.03974,42.21114],[-1.04461,42.20255],[-1.04483,42.19986],[-1.03981,42.19022],[-1.04233,42.18803],[-1.04135,42.18393],[-1.03632,42.18725],[-1.02716,42.18907],[-1.02899,42.19609],[-1.02505,42.20653],[-1.02127,42.21152],[-1.02145,42.21421],[-1.00721,42.22692],[-1.00253,42.2275],[-1.00184,42.23003],[-0.99742,42.23352],[-0.99251,42.24585],[-0.98459,42.25313],[-0.98064,42.26574],[-0.97541,42.26893],[-0.96971,42.28421],[-0.96482,42.28846],[-0.96526,42.29369],[-0.96102,42.2987],[-0.96155,42.30432],[-0.96761,42.31185],[-0.97101,42.32159],[-0.97914,42.31681],[-0.98583,42.30853],[-0.99123,42.30857],[-1.00228,42.313],[-1.01286,42.30776],[-1.01824,42.30286],[-1.02293,42.30214],[-1.03062,42.2986],[-1.02855,42.29303],[-1.03127,42.29078],[-1.03099,42.28276],[-1.03576,42.28143],[-1.03272,42.27683],[-1.03602,42.26687],[-1.03424,42.26504],[-1.03321,42.25725],[-1.03595,42.2562],[-1.04802,42.237],[-1.04843,42.23623]]]}},{"type":"Feature","properties":{"mun_code":"50023","mun_name":"Almonacid de la Cuba","mun_name_local":null,"prov_code":"50","prov_name":"Zaragoza","acom_code":"02","acom_name":"Aragón","geo_point_2d":{"lon":-0.8119329501802552,"lat":41.283910682674666}},"geometry":{"type":"Polygon","coordinates":[[[-0.88903,41.31489],[-0.88355,41.31224],[-0.88391,41.3103],[-0.88132,41.30902],[-0.88013,41.29928],[-0.88147,41.2961],[-0.85418,41.27718],[-0.85173,41.27321],[-0.84071,41.27129],[-0.83613,41.2747],[-0.81979,41.27784],[-0.80761,41.27257],[-0.79842,41.26257],[-0.79611,41.26285],[-0.79557,41.26113],[-0.78727,41.25511],[-0.77525,41.2486],[-0.75536,41.23243],[-0.75087,41.227],[-0.7453,41.22495],[-0.73986,41.22577],[-0.71882,41.23569],[-0.71722,41.24385],[-0.71943,41.24604],[-0.72284,41.24644],[-0.74154,41.24312],[-0.74056,41.23719],[-0.74223,41.23667],[-0.74336,41.24413],[-0.74167,41.24892],[-0.7393,41.25078],[-0.7493,41.25853],[-0.75158,41.26442],[-0.75958,41.26846],[-0.76143,41.27258],[-0.76844,41.27451],[-0.76877,41.27725],[-0.77385,41.27954],[-0.78074,41.28729],[-0.78885,41.2914],[-0.78993,41.295],[-0.79539,41.29834],[-0.80057,41.29892],[-0.80821,41.30398],[-0.80826,41.30657],[-0.81278,41.31082],[-0.8125,41.31342],[-0.82068,41.31752],[-0.82384,41.32089],[-0.86848,41.33316],[-0.87407,41.33067],[-0.87435,41.32668],[-0.88134,41.32055],[-0.88385,41.31581],[-0.88584,41.3153],[-0.88903,41.31489]]]}},{"type":"Feature","properties":{"mun_code":"50018","mun_name":"Alfamén","mun_name_local":null,"prov_code":"50","prov_name":"Zaragoza","acom_code":"02","acom_name":"Aragón","geo_point_2d":{"lon":-1.2324053708362286,"lat":41.460749934899454}},"geometry":{"type":"Polygon","coordinates":[[[-1.30267,41.46053],[-1.30174,41.45563],[-1.2932,41.44945],[-1.29083,41.43852],[-1.27976,41.42095],[-1.26838,41.41353],[-1.26206,41.40237],[-1.25499,41.40011],[-1.25171,41.41009],[-1.24606,41.41075],[-1.2376,41.41415],[-1.21479,41.41276],[-1.20249,41.4093],[-1.19128,41.41835],[-1.17249,41.43003],[-1.16989,41.43292],[-1.17536,41.45005],[-1.17424,41.45287],[-1.17034,41.45393],[-1.16687,41.45801],[-1.16164,41.46702],[-1.16303,41.46973],[-1.161,41.47272],[-1.1732,41.47818],[-1.17933,41.48754],[-1.18614,41.49115],[-1.19004,41.49826],[-1.21123,41.51406],[-1.21706,41.51684],[-1.22977,41.51613],[-1.2438,41.51761],[-1.25476,41.51413],[-1.27752,41.49951],[-1.28906,41.47862],[-1.30197,41.46106],[-1.30267,41.46053]]]}},{"type":"Feature","properties":{"mun_code":"50044","mun_name":"Bardallur","mun_name_local":null,"prov_code":"50","prov_name":"Zaragoza","acom_code":"02","acom_name":"Aragón","geo_point_2d":{"lon":-1.1900464639410628,"lat":41.67695189851986}},"geometry":{"type":"Polygon","coordinates":[[[-1.22353,41.67592],[-1.2139,41.66551],[-1.20917,41.66406],[-1.1936,41.64882],[-1.18076,41.64246],[-1.15872,41.65892],[-1.15793,41.67512],[-1.14874,41.68977],[-1.15412,41.69067],[-1.16352,41.68999],[-1.18918,41.69803],[-1.19755,41.70366],[-1.1979,41.70791],[-1.19915,41.70496],[-1.20423,41.70354],[-1.20552,41.70438],[-1.20464,41.70671],[-1.20673,41.70605],[-1.20876,41.70751],[-1.21158,41.7074],[-1.21593,41.70569],[-1.23267,41.69202],[-1.22981,41.6904],[-1.22718,41.69196],[-1.22428,41.69016],[-1.22499,41.68679],[-1.22033,41.67881],[-1.22331,41.67665],[-1.22353,41.67592]]]}},{"type":"Feature","properties":{"mun_code":"50240","mun_name":"Sástago","mun_name_local":null,"prov_code":"50","prov_name":"Zaragoza","acom_code":"02","acom_name":"Aragón","geo_point_2d":{"lon":-0.25912078648848674,"lat":41.35034153429624}},"geometry":{"type":"Polygon","coordinates":[[[-0.42076,41.31174],[-0.42355,41.30917],[-0.4266,41.30847],[-0.42472,41.30509],[-0.42699,41.30287],[-0.42571,41.29801],[-0.42875,41.29407],[-0.42754,41.29198],[-0.41131,41.27908],[-0.40586,41.27236],[-0.38585,41.26544],[-0.37826,41.26541],[-0.38393,41.27684],[-0.37607,41.2783],[-0.36672,41.2849],[-0.36198,41.28491],[-0.3592,41.28318],[-0.35251,41.27402],[-0.34526,41.27615],[-0.3397,41.28439],[-0.34474,41.29638],[-0.34168,41.29997],[-0.3325,41.29958],[-0.32185,41.29517],[-0.3028,41.29248],[-0.29569,41.29495],[-0.29259,41.30345],[-0.28636,41.30708],[-0.28172,41.30459],[-0.28081,41.29904],[-0.2843,41.29066],[-0.29302,41.28212],[-0.28572,41.27593],[-0.2748,41.27433],[-0.26413,41.27833],[-0.2605,41.28342],[-0.25894,41.29546],[-0.25368,41.29946],[-0.24892,41.29956],[-0.23625,41.29646],[-0.22796,41.30173],[-0.2238,41.30237],[-0.21978,41.30069],[-0.21866,41.29878],[-0.22449,41.29014],[-0.22363,41.2876],[-0.21123,41.28679],[-0.20642,41.28834],[-0.19563,41.29509],[-0.18531,41.29407],[-0.16362,41.28267],[-0.15571,41.27024],[-0.1437,41.26774],[-0.14078,41.25631],[-0.1342,41.25712],[-0.13037,41.25929],[-0.13071,41.26403],[-0.14068,41.27707],[-0.13736,41.28063],[-0.13861,41.28508],[-0.13555,41.29181],[-0.13719,41.29619],[-0.13612,41.30236],[-0.14174,41.3073],[-0.14333,41.31277],[-0.14285,41.32016],[-0.14649,41.3323],[-0.14636,41.33617],[-0.1407,41.34814],[-0.14256,41.35071],[-0.14193,41.35748],[-0.14468,41.36093],[-0.14917,41.37598],[-0.14315,41.38757],[-0.13983,41.40042],[-0.14484,41.41281],[-0.15932,41.41858],[-0.19266,41.44014],[-0.20593,41.44702],[-0.21174,41.44661],[-0.22594,41.43845],[-0.26037,41.43063],[-0.28167,41.43124],[-0.28927,41.42465],[-0.29692,41.42107],[-0.30325,41.41617],[-0.31135,41.40584],[-0.32208,41.39919],[-0.32752,41.39364],[-0.3475,41.38884],[-0.35324,41.3888],[-0.35843,41.385],[-0.36058,41.3779],[-0.37111,41.37795],[-0.37251,41.36921],[-0.38276,41.35806],[-0.3811,41.35427],[-0.3772,41.3498],[-0.37321,41.35077],[-0.3671,41.34965],[-0.3624,41.35579],[-0.35631,41.35623],[-0.34903,41.35194],[-0.3462,41.3458],[-0.34813,41.34152],[-0.34365,41.33288],[-0.34774,41.32543],[-0.35614,41.32335],[-0.36112,41.32491],[-0.36638,41.32929],[-0.37352,41.32942],[-0.37747,41.32512],[-0.38632,41.32582],[-0.38772,41.32444],[-0.41293,41.32934],[-0.42062,41.32587],[-0.41999,41.32099],[-0.42274,41.31791],[-0.42065,41.31214],[-0.42076,41.31174]]]}},{"type":"Feature","properties":{"mun_code":"50143","mun_name":"Longares","mun_name_local":null,"prov_code":"50","prov_name":"Zaragoza","acom_code":"02","acom_name":"Aragón","geo_point_2d":{"lon":-1.1543120951076347,"lat":41.39071320692287}},"geometry":{"type":"Polygon","coordinates":[[[-1.20249,41.4093],[-1.20508,41.40382],[-1.19959,41.38983],[-1.1857,41.38148],[-1.17459,41.37066],[-1.15938,41.36034],[-1.14708,41.34917],[-1.14471,41.34508],[-1.10754,41.35702],[-1.10895,41.36118],[-1.11391,41.36495],[-1.12293,41.37614],[-1.11758,41.37902],[-1.11202,41.38542],[-1.11513,41.39081],[-1.11313,41.39518],[-1.11721,41.39683],[-1.12105,41.40235],[-1.12071,41.40436],[-1.13358,41.41743],[-1.13408,41.42198],[-1.1479,41.42437],[-1.16445,41.42976],[-1.16989,41.43292],[-1.2007,41.41049],[-1.20249,41.4093]]]}},{"type":"Feature","properties":{"mun_code":"50243","mun_name":"Sestrica","mun_name_local":null,"prov_code":"50","prov_name":"Zaragoza","acom_code":"02","acom_name":"Aragón","geo_point_2d":{"lon":-1.631062050231383,"lat":41.48497923001106}},"geometry":{"type":"Polygon","coordinates":[[[-1.67719,41.51296],[-1.6801,41.50076],[-1.67831,41.49504],[-1.6745,41.4899],[-1.67636,41.48704],[-1.67477,41.48463],[-1.67607,41.48053],[-1.66657,41.47389],[-1.66883,41.47185],[-1.66689,41.46546],[-1.66826,41.46171],[-1.66583,41.45943],[-1.65124,41.45622],[-1.6382,41.4412],[-1.6346,41.44807],[-1.63505,41.45151],[-1.63091,41.45373],[-1.63044,41.45613],[-1.62163,41.45831],[-1.61467,41.45519],[-1.60824,41.45595],[-1.61244,41.46145],[-1.61052,41.46249],[-1.61046,41.46747],[-1.60691,41.47249],[-1.59919,41.47445],[-1.59582,41.47809],[-1.58889,41.48066],[-1.58587,41.48368],[-1.58212,41.48409],[-1.58064,41.49002],[-1.58582,41.49429],[-1.57863,41.49839],[-1.57813,41.5005],[-1.57076,41.49945],[-1.5693,41.50321],[-1.57142,41.50825],[-1.57428,41.50991],[-1.57984,41.50742],[-1.58515,41.51013],[-1.58913,41.50975],[-1.59186,41.51127],[-1.61735,41.5065],[-1.62393,41.50989],[-1.63499,41.50736],[-1.65219,41.50771],[-1.66238,41.50601],[-1.66578,41.50611],[-1.66968,41.5101],[-1.67448,41.51187],[-1.67719,41.51296]]]}},{"type":"Feature","properties":{"mun_code":"50072","mun_name":"Carenas","mun_name_local":null,"prov_code":"50","prov_name":"Zaragoza","acom_code":"02","acom_name":"Aragón","geo_point_2d":{"lon":-1.7946785729426926,"lat":41.2618869005109}},"geometry":{"type":"Polygon","coordinates":[[[-1.83965,41.2719],[-1.83027,41.26626],[-1.83703,41.25937],[-1.82893,41.25295],[-1.82662,41.24663],[-1.81827,41.23836],[-1.81113,41.23661],[-1.80294,41.23728],[-1.78201,41.2341],[-1.77678,41.23591],[-1.76863,41.23381],[-1.76037,41.23728],[-1.76523,41.24917],[-1.7638,41.25771],[-1.75837,41.27025],[-1.76483,41.27156],[-1.76184,41.27441],[-1.76386,41.27649],[-1.76377,41.2819],[-1.77174,41.29054],[-1.77666,41.29177],[-1.79331,41.28764],[-1.80073,41.28827],[-1.81437,41.28649],[-1.81396,41.28319],[-1.8199,41.27777],[-1.82124,41.27852],[-1.82199,41.277],[-1.82387,41.27808],[-1.83236,41.27295],[-1.83921,41.27206],[-1.83965,41.2719]]]}},{"type":"Feature","properties":{"mun_code":"50174","mun_name":"Montón","mun_name_local":null,"prov_code":"50","prov_name":"Zaragoza","acom_code":"02","acom_name":"Aragón","geo_point_2d":{"lon":-1.5173466422599042,"lat":41.20768972208828}},"geometry":{"type":"Polygon","coordinates":[[[-1.56255,41.18959],[-1.56019,41.18306],[-1.55204,41.18215],[-1.54379,41.18696],[-1.53912,41.18144],[-1.53669,41.18344],[-1.53091,41.18502],[-1.5309,41.18756],[-1.52676,41.19375],[-1.51878,41.19851],[-1.50693,41.2027],[-1.49895,41.20889],[-1.48736,41.20252],[-1.47626,41.20473],[-1.47506,41.20655],[-1.46722,41.20894],[-1.46997,41.21377],[-1.48693,41.21793],[-1.49466,41.22496],[-1.49472,41.22748],[-1.50019,41.23425],[-1.50829,41.24058],[-1.51033,41.23023],[-1.5122,41.22795],[-1.51042,41.2248],[-1.52456,41.2195],[-1.52652,41.21661],[-1.5302,41.2167],[-1.54106,41.21081],[-1.54858,41.19863],[-1.55554,41.19677],[-1.56186,41.18993],[-1.56255,41.18959]]]}},{"type":"Feature","properties":{"mun_code":"50002","mun_name":"Acered","mun_name_local":null,"prov_code":"50","prov_name":"Zaragoza","acom_code":"02","acom_name":"Aragón","geo_point_2d":{"lon":-1.602260704771664,"lat":41.159762187368614}},"geometry":{"type":"Polygon","coordinates":[[[-1.63939,41.16036],[-1.64119,41.15756],[-1.64074,41.15427],[-1.63558,41.14861],[-1.632,41.14833],[-1.62964,41.14611],[-1.62903,41.14252],[-1.62205,41.13082],[-1.6154,41.12804],[-1.61096,41.12934],[-1.60494,41.12171],[-1.60034,41.11885],[-1.58934,41.12032],[-1.58942,41.12286],[-1.58534,41.12928],[-1.58644,41.13541],[-1.5831,41.14284],[-1.58306,41.15595],[-1.57729,41.16681],[-1.58076,41.1703],[-1.58164,41.17776],[-1.573,41.17978],[-1.56769,41.18324],[-1.56019,41.18306],[-1.56205,41.18914],[-1.57705,41.1964],[-1.5813,41.1971],[-1.58588,41.20114],[-1.59085,41.19672],[-1.59417,41.19095],[-1.60009,41.18634],[-1.61653,41.18358],[-1.61982,41.17794],[-1.62379,41.1766],[-1.62481,41.1745],[-1.63026,41.1745],[-1.63242,41.17241],[-1.63212,41.16294],[-1.63464,41.16292],[-1.63877,41.16036],[-1.63939,41.16036]]]}},{"type":"Feature","properties":{"mun_code":"50132","mun_name":"La Joyosa","mun_name_local":null,"prov_code":"50","prov_name":"Zaragoza","acom_code":"02","acom_name":"Aragón","geo_point_2d":{"lon":-1.0752937626920063,"lat":41.74792636190104}},"geometry":{"type":"Polygon","coordinates":[[[-1.10334,41.75734],[-1.10657,41.7551],[-1.10566,41.75449],[-1.08817,41.74801],[-1.08599,41.74823],[-1.08314,41.74593],[-1.08359,41.74415],[-1.08,41.74381],[-1.07406,41.74001],[-1.07539,41.73885],[-1.05408,41.73133],[-1.04935,41.73965],[-1.06176,41.75085],[-1.06615,41.75157],[-1.07004,41.75493],[-1.07217,41.75465],[-1.07252,41.75636],[-1.07523,41.75602],[-1.08393,41.75859],[-1.0904,41.76208],[-1.10241,41.75973],[-1.10303,41.75743],[-1.10334,41.75734]]]}},{"type":"Feature","properties":{"mun_code":"50256","mun_name":"Torralba de los Frailes","mun_name_local":null,"prov_code":"50","prov_name":"Zaragoza","acom_code":"02","acom_name":"Aragón","geo_point_2d":{"lon":-1.6594049673838076,"lat":41.017622300965286}},"geometry":{"type":"Polygon","coordinates":[[[-1.72983,41.02402],[-1.69185,40.99563],[-1.67922,40.98933],[-1.67478,40.98403],[-1.66641,40.98173],[-1.66101,40.97832],[-1.65706,40.96941],[-1.65408,40.969],[-1.63884,40.97636],[-1.61448,40.98228],[-1.61735,40.98879],[-1.61859,41.00361],[-1.61666,41.026],[-1.61874,41.03804],[-1.61678,41.0426],[-1.61836,41.05315],[-1.63257,41.05466],[-1.65994,41.06909],[-1.6624,41.0562],[-1.6682,41.04744],[-1.67058,41.04638],[-1.68013,41.04677],[-1.68612,41.04381],[-1.69342,41.04241],[-1.69872,41.03553],[-1.70677,41.03206],[-1.70713,41.03059],[-1.70925,41.03191],[-1.71233,41.03],[-1.71472,41.03034],[-1.71512,41.03169],[-1.7204,41.03167],[-1.72766,41.02584],[-1.72983,41.02402]]]}},{"type":"Feature","properties":{"mun_code":"50191","mun_name":"Novillas","mun_name_local":null,"prov_code":"50","prov_name":"Zaragoza","acom_code":"02","acom_name":"Aragón","geo_point_2d":{"lon":-1.3759937778841476,"lat":41.91570310219777}},"geometry":{"type":"Polygon","coordinates":[[[-1.41576,41.9168],[-1.41094,41.91028],[-1.41075,41.90646],[-1.40109,41.9058],[-1.39927,41.90335],[-1.39744,41.90416],[-1.39163,41.90118],[-1.38624,41.89655],[-1.37798,41.89351],[-1.37169,41.88911],[-1.36043,41.87847],[-1.36036,41.8879],[-1.35225,41.89031],[-1.33505,41.9134],[-1.33726,41.91532],[-1.35056,41.9185],[-1.35201,41.92155],[-1.36168,41.92824],[-1.36171,41.93323],[-1.36511,41.94105],[-1.37311,41.94546],[-1.37701,41.95149],[-1.38124,41.94896],[-1.38026,41.94798],[-1.38223,41.94334],[-1.39599,41.93925],[-1.40355,41.93508],[-1.40228,41.93381],[-1.40707,41.92832],[-1.40733,41.92413],[-1.41076,41.91896],[-1.41395,41.91789],[-1.41576,41.9168]]]}},{"type":"Feature","properties":{"mun_code":"50289","mun_name":"Villanueva de Jiloca","mun_name_local":null,"prov_code":"50","prov_name":"Zaragoza","acom_code":"02","acom_name":"Aragón","geo_point_2d":{"lon":-1.3840226669908178,"lat":41.08145383164837}},"geometry":{"type":"Polygon","coordinates":[[[-1.40904,41.07142],[-1.40522,41.06631],[-1.39732,41.06595],[-1.37815,41.07307],[-1.37188,41.07717],[-1.36072,41.08793],[-1.3626,41.09408],[-1.36673,41.09775],[-1.38136,41.09467],[-1.3987,41.0846],[-1.39992,41.07891],[-1.40705,41.07249],[-1.40904,41.07142]]]}},{"type":"Feature","properties":{"mun_code":"50017","mun_name":"Alfajarín","mun_name_local":null,"prov_code":"50","prov_name":"Zaragoza","acom_code":"02","acom_name":"Aragón","geo_point_2d":{"lon":-0.6488201381192406,"lat":41.632139695838205}},"geometry":{"type":"Polygon","coordinates":[[[-0.74117,41.60972],[-0.73676,41.60813],[-0.7293,41.5999],[-0.72316,41.59601],[-0.72345,41.59312],[-0.72565,41.59307],[-0.72751,41.59072],[-0.7309,41.59009],[-0.73375,41.59166],[-0.73757,41.59139],[-0.73676,41.58754],[-0.74019,41.58374],[-0.73003,41.58247],[-0.72497,41.58495],[-0.7195,41.58243],[-0.71933,41.57603],[-0.72331,41.56958],[-0.71882,41.56831],[-0.71111,41.57537],[-0.70584,41.57272],[-0.70603,41.5715],[-0.70039,41.57097],[-0.69882,41.57572],[-0.70174,41.57964],[-0.69882,41.58273],[-0.69996,41.58865],[-0.68892,41.60362],[-0.6743,41.5919],[-0.63723,41.57206],[-0.62972,41.56586],[-0.62376,41.57187],[-0.61824,41.57512],[-0.61181,41.57484],[-0.60468,41.58062],[-0.60596,41.5865],[-0.6045,41.58803],[-0.60699,41.5909],[-0.60253,41.5899],[-0.60084,41.59407],[-0.58586,41.59271],[-0.58133,41.59887],[-0.57008,41.60047],[-0.56356,41.60379],[-0.56227,41.60642],[-0.5635,41.60988],[-0.56006,41.61227],[-0.56112,41.6147],[-0.57302,41.62336],[-0.57543,41.6292],[-0.57585,41.6386],[-0.58232,41.6462],[-0.58754,41.65863],[-0.59544,41.67051],[-0.60044,41.69703],[-0.5991,41.70322],[-0.60809,41.70573],[-0.62276,41.70412],[-0.6564,41.70449],[-0.65589,41.69903],[-0.64911,41.69556],[-0.64928,41.69163],[-0.66274,41.68952],[-0.66333,41.68726],[-0.67387,41.67906],[-0.6727,41.67357],[-0.67442,41.67222],[-0.67607,41.67262],[-0.67709,41.66929],[-0.68017,41.66764],[-0.67999,41.66495],[-0.68314,41.6607],[-0.69538,41.65488],[-0.70162,41.65781],[-0.71191,41.65721],[-0.71583,41.65228],[-0.71765,41.65202],[-0.72016,41.64716],[-0.72459,41.64633],[-0.72629,41.64407],[-0.72906,41.64432],[-0.73137,41.64089],[-0.73035,41.63453],[-0.73155,41.63294],[-0.73321,41.63314],[-0.73178,41.63005],[-0.73998,41.62214],[-0.73646,41.61919],[-0.74086,41.61592],[-0.73803,41.61365],[-0.74148,41.61078],[-0.74117,41.60972]]]}},{"type":"Feature","properties":{"mun_code":"50142","mun_name":"Lobera de Onsella","mun_name_local":null,"prov_code":"50","prov_name":"Zaragoza","acom_code":"02","acom_name":"Aragón","geo_point_2d":{"lon":-1.010400186908372,"lat":42.47509921507589}},"geometry":{"type":"Polygon","coordinates":[[[-1.04502,42.45094],[-1.03837,42.44654],[-1.03536,42.4462],[-1.03257,42.44737],[-1.02571,42.44617],[-1.02492,42.44757],[-1.01993,42.44864],[-1.01539,42.44606],[-1.01316,42.44214],[-1.00959,42.44116],[-1.00497,42.44095],[-0.99803,42.44559],[-0.98963,42.44258],[-0.99063,42.44355],[-0.98684,42.44712],[-0.98679,42.45073],[-0.9842,42.45092],[-0.98559,42.4517],[-0.98741,42.46107],[-0.98402,42.46906],[-0.97849,42.47616],[-0.97983,42.49013],[-0.97697,42.49551],[-0.97613,42.50622],[-0.98493,42.50707],[-0.9895,42.50467],[-0.99839,42.50606],[-1.01049,42.50549],[-1.01237,42.50684],[-1.02815,42.50605],[-1.036,42.48652],[-1.04408,42.47827],[-1.04166,42.47591],[-1.0409,42.46997],[-1.04808,42.45867],[-1.04445,42.45167],[-1.04502,42.45094]]]}},{"type":"Feature","properties":{"mun_code":"50242","mun_name":"Sediles","mun_name_local":null,"prov_code":"50","prov_name":"Zaragoza","acom_code":"02","acom_name":"Aragón","geo_point_2d":{"lon":-1.5153744549607298,"lat":41.35607548542335}},"geometry":{"type":"Polygon","coordinates":[[[-1.55119,41.35668],[-1.54619,41.35327],[-1.54497,41.34635],[-1.53596,41.33939],[-1.52901,41.33821],[-1.52533,41.33868],[-1.51535,41.34689],[-1.51231,41.34693],[-1.51142,41.34964],[-1.50559,41.35183],[-1.48966,41.35151],[-1.47917,41.35556],[-1.48085,41.36154],[-1.48495,41.36505],[-1.49323,41.36871],[-1.49597,41.37204],[-1.49463,41.37661],[-1.51374,41.36575],[-1.52241,41.36295],[-1.52652,41.36402],[-1.54302,41.35966],[-1.55087,41.35899],[-1.55119,41.35668]]]}},{"type":"Feature","properties":{"mun_code":"50251","mun_name":"Tarazona","mun_name_local":null,"prov_code":"50","prov_name":"Zaragoza","acom_code":"02","acom_name":"Aragón","geo_point_2d":{"lon":-1.7478849642201095,"lat":41.91068106757915}},"geometry":{"type":"MultiPolygon","coordinates":[[[[-1.82565,41.81933],[-1.83466,41.81553],[-1.83732,41.81104],[-1.84438,41.80554],[-1.8523,41.79051],[-1.85212,41.78826],[-1.83971,41.78719],[-1.82599,41.77864],[-1.82339,41.77855],[-1.81438,41.78239],[-1.81079,41.78136],[-1.79623,41.78585],[-1.79938,41.78704],[-1.79743,41.7892],[-1.79788,41.7962],[-1.80293,41.80274],[-1.80419,41.81307],[-1.80649,41.81551],[-1.80347,41.82319],[-1.80548,41.82299],[-1.80762,41.82462],[-1.81108,41.8235],[-1.81491,41.82808],[-1.80997,41.83185],[-1.80923,41.83427],[-1.79775,41.8415],[-1.78543,41.84391],[-1.76865,41.85187],[-1.76456,41.85134],[-1.76266,41.84684],[-1.75044,41.85212],[-1.74745,41.85487],[-1.75003,41.85582],[-1.75314,41.85506],[-1.74846,41.86246],[-1.74885,41.86462],[-1.75022,41.86459],[-1.7488,41.86947],[-1.74543,41.87349],[-1.74809,41.87241],[-1.75046,41.87415],[-1.75869,41.87509],[-1.76548,41.87166],[-1.76765,41.87313],[-1.77041,41.87326],[-1.7713,41.87181],[-1.77625,41.8727],[-1.7777,41.86853],[-1.7821,41.86626],[-1.7972,41.86594],[-1.8032,41.8674],[-1.80482,41.86538],[-1.81999,41.86174],[-1.81751,41.85307],[-1.82058,41.84874],[-1.81856,41.82995],[-1.82541,41.81946],[-1.82565,41.81933]]],[[[-1.82024,41.86238],[-1.80974,41.86619],[-1.80609,41.86615],[-1.80383,41.86778],[-1.78901,41.86804],[-1.78728,41.87206],[-1.79022,41.87497],[-1.79416,41.87637],[-1.81115,41.88026],[-1.81736,41.87876],[-1.82367,41.87912],[-1.82658,41.87707],[-1.83998,41.87529],[-1.83213,41.86333],[-1.82723,41.86348],[-1.8226,41.86544],[-1.8204,41.86307],[-1.82024,41.86238]]],[[[-1.84718,42.008],[-1.84703,42.0025],[-1.85132,41.99807],[-1.84405,41.98733],[-1.85419,41.98162],[-1.86519,41.9776],[-1.85592,41.9663],[-1.85475,41.95915],[-1.85661,41.94595],[-1.85495,41.93678],[-1.8586,41.93284],[-1.85687,41.9233],[-1.85728,41.90952],[-1.83878,41.88902],[-1.83997,41.87748],[-1.82839,41.87882],[-1.82323,41.88188],[-1.81808,41.88093],[-1.81245,41.88259],[-1.79214,41.87745],[-1.7863,41.87734],[-1.78495,41.87967],[-1.7862,41.88053],[-1.7814,41.88248],[-1.77578,41.89154],[-1.77246,41.89075],[-1.77713,41.89524],[-1.7792,41.90006],[-1.77392,41.90247],[-1.77526,41.90535],[-1.76771,41.90676],[-1.76356,41.90323],[-1.76357,41.90156],[-1.75673,41.89845],[-1.76215,41.89495],[-1.76058,41.8935],[-1.75633,41.89551],[-1.75733,41.89222],[-1.7554,41.89266],[-1.7531,41.89012],[-1.74733,41.88945],[-1.74816,41.88767],[-1.74478,41.88629],[-1.74491,41.88361],[-1.74265,41.88227],[-1.74338,41.88003],[-1.74118,41.8792],[-1.73175,41.88655],[-1.72641,41.88672],[-1.72325,41.88876],[-1.71639,41.88358],[-1.7127,41.88291],[-1.71252,41.87945],[-1.70993,41.88012],[-1.70518,41.88966],[-1.70181,41.88733],[-1.69983,41.88519],[-1.70526,41.88189],[-1.70658,41.87847],[-1.69462,41.87225],[-1.70097,41.86952],[-1.70067,41.86862],[-1.70615,41.86802],[-1.70776,41.86927],[-1.71069,41.86776],[-1.71307,41.8686],[-1.71368,41.86747],[-1.7094,41.86576],[-1.70933,41.8641],[-1.70629,41.86353],[-1.70534,41.86155],[-1.69476,41.86056],[-1.69669,41.85485],[-1.68664,41.85619],[-1.68045,41.85994],[-1.67451,41.86069],[-1.67295,41.86217],[-1.66602,41.86109],[-1.6639,41.86245],[-1.65652,41.86033],[-1.65479,41.85724],[-1.65067,41.85594],[-1.64732,41.86012],[-1.64094,41.8564],[-1.63356,41.85592],[-1.62883,41.85262],[-1.62068,41.86033],[-1.62275,41.87169],[-1.61634,41.87552],[-1.61448,41.87916],[-1.6206,41.88436],[-1.62427,41.90396],[-1.60811,41.90017],[-1.59974,41.90088],[-1.58965,41.90393],[-1.57665,41.90448],[-1.57936,41.91006],[-1.58017,41.92097],[-1.59709,41.92775],[-1.60972,41.94595],[-1.61588,41.95114],[-1.644,41.95907],[-1.64941,41.96349],[-1.65415,41.96535],[-1.65897,41.96298],[-1.65943,41.96124],[-1.65295,41.95893],[-1.64871,41.95543],[-1.65174,41.95508],[-1.65191,41.95261],[-1.65534,41.95096],[-1.64753,41.94887],[-1.65085,41.94657],[-1.6578,41.94578],[-1.65917,41.94436],[-1.66913,41.94373],[-1.67283,41.93671],[-1.67109,41.93353],[-1.67349,41.93278],[-1.67413,41.92986],[-1.67678,41.93058],[-1.67952,41.92814],[-1.67688,41.92109],[-1.68773,41.92214],[-1.69138,41.91998],[-1.69526,41.92591],[-1.69183,41.93206],[-1.69655,41.929],[-1.70251,41.93305],[-1.70259,41.93503],[-1.70947,41.93572],[-1.7104,41.93461],[-1.71475,41.93447],[-1.72741,41.93565],[-1.73695,41.94453],[-1.75074,41.94844],[-1.75144,41.94996],[-1.73775,41.9545],[-1.72772,41.96172],[-1.7343,41.9639],[-1.74136,41.96837],[-1.74359,41.9728],[-1.7669,41.99579],[-1.77407,41.99551],[-1.79139,41.98963],[-1.81035,41.99802],[-1.82,41.99583],[-1.8337,41.99506],[-1.83794,41.99902],[-1.84037,42.00417],[-1.8464,42.00801],[-1.84718,42.008]]]]}},{"type":"Feature","properties":{"mun_code":"50180","mun_name":"Mozota","mun_name_local":null,"prov_code":"50","prov_name":"Zaragoza","acom_code":"02","acom_name":"Aragón","geo_point_2d":{"lon":-1.0532852069568992,"lat":41.478753673789555}},"geometry":{"type":"Polygon","coordinates":[[[-1.07817,41.48044],[-1.06945,41.47946],[-1.06479,41.47419],[-1.05061,41.46449],[-1.04925,41.46021],[-1.04457,41.46032],[-1.04307,41.45793],[-1.03957,41.45676],[-1.03959,41.45945],[-1.03825,41.45836],[-1.03668,41.46251],[-1.03297,41.46499],[-1.03487,41.47187],[-1.03249,41.47706],[-1.03873,41.47981],[-1.05229,41.49515],[-1.06028,41.49909],[-1.07312,41.48957],[-1.07822,41.48264],[-1.07817,41.48044]]]}},{"type":"Feature","properties":{"mun_code":"50247","mun_name":"Sobradiel","mun_name_local":null,"prov_code":"50","prov_name":"Zaragoza","acom_code":"02","acom_name":"Aragón","geo_point_2d":{"lon":-1.029310472080742,"lat":41.742720327161095}},"geometry":{"type":"Polygon","coordinates":[[[-1.06078,41.75006],[-1.04935,41.73965],[-1.05408,41.73133],[-1.03843,41.7238],[-1.03751,41.72733],[-1.0298,41.72774],[-1.02529,41.73485],[-1.02333,41.73451],[-1.02078,41.73084],[-1.01894,41.73203],[-1.01573,41.72921],[-1.01226,41.73232],[-1.0053,41.73142],[-1.00175,41.73635],[-1.00241,41.74044],[-0.99705,41.74468],[-1.00552,41.7501],[-1.00703,41.74907],[-1.01654,41.75294],[-1.02668,41.76042],[-1.03214,41.76037],[-1.03991,41.75567],[-1.0542,41.75083],[-1.05912,41.75049],[-1.06078,41.75006]]]}},{"type":"Feature","properties":{"mun_code":"50268","mun_name":"Undués de Lerda","mun_name_local":null,"prov_code":"50","prov_name":"Zaragoza","acom_code":"02","acom_name":"Aragón","geo_point_2d":{"lon":-1.1530372339693442,"lat":42.57792733652375}},"geometry":{"type":"Polygon","coordinates":[[[-1.20097,42.55251],[-1.19016,42.55205],[-1.16824,42.54221],[-1.16664,42.54393],[-1.16269,42.54266],[-1.15317,42.54623],[-1.15156,42.54972],[-1.14829,42.5513],[-1.12865,42.54813],[-1.12276,42.56421],[-1.11885,42.5704],[-1.11957,42.57681],[-1.10724,42.57802],[-1.10162,42.60351],[-1.09999,42.60427],[-1.10709,42.61065],[-1.11788,42.61193],[-1.12421,42.61025],[-1.13133,42.60087],[-1.14004,42.59859],[-1.14434,42.60087],[-1.14623,42.60639],[-1.15546,42.60905],[-1.16219,42.61411],[-1.17087,42.61706],[-1.17632,42.6148],[-1.17878,42.61513],[-1.18004,42.60786],[-1.16949,42.60512],[-1.15803,42.59915],[-1.16167,42.59604],[-1.17068,42.59683],[-1.17614,42.59224],[-1.18639,42.58767],[-1.19787,42.57887],[-1.20192,42.57824],[-1.20452,42.5683],[-1.20343,42.55709],[-1.20097,42.55251]]]}},{"type":"Feature","properties":{"mun_code":"50254","mun_name":"Tierga","mun_name_local":null,"prov_code":"50","prov_name":"Zaragoza","acom_code":"02","acom_name":"Aragón","geo_point_2d":{"lon":-1.58805213864925,"lat":41.61209170223277}},"geometry":{"type":"Polygon","coordinates":[[[-1.68028,41.60792],[-1.66799,41.60487],[-1.66432,41.60188],[-1.64876,41.59485],[-1.64808,41.58895],[-1.64677,41.58929],[-1.64459,41.58687],[-1.63863,41.58644],[-1.63713,41.58198],[-1.63112,41.57906],[-1.63009,41.57675],[-1.63266,41.57364],[-1.62737,41.56749],[-1.62135,41.56706],[-1.6088,41.57295],[-1.60062,41.57158],[-1.5937,41.5672],[-1.57931,41.58013],[-1.56672,41.59538],[-1.56003,41.59878],[-1.54074,41.60399],[-1.52582,41.61287],[-1.52023,41.62177],[-1.52056,41.62364],[-1.51566,41.62594],[-1.51333,41.63799],[-1.52085,41.64452],[-1.5261,41.64443],[-1.53527,41.65427],[-1.54755,41.66314],[-1.56439,41.65042],[-1.57122,41.64321],[-1.57222,41.63726],[-1.58682,41.63684],[-1.59731,41.63432],[-1.62233,41.62394],[-1.62299,41.62269],[-1.64665,41.61651],[-1.65157,41.61906],[-1.66901,41.61573],[-1.67901,41.61098],[-1.68028,41.60792]]]}},{"type":"Feature","properties":{"mun_code":"50124","mun_name":"Herrera de los Navarros","mun_name_local":null,"prov_code":"50","prov_name":"Zaragoza","acom_code":"02","acom_name":"Aragón","geo_point_2d":{"lon":-1.0597811737944554,"lat":41.218038012844985}},"geometry":{"type":"Polygon","coordinates":[[[-1.13854,41.19966],[-1.12743,41.19],[-1.11777,41.17282],[-1.11221,41.16632],[-1.10863,41.16468],[-1.10472,41.16766],[-1.1005,41.16392],[-1.09327,41.16246],[-1.07882,41.16676],[-1.07329,41.17094],[-1.06973,41.17676],[-1.06592,41.17874],[-1.05342,41.18015],[-1.01934,41.19128],[-1.0001,41.195],[-0.98794,41.19919],[-0.9803,41.20352],[-0.97047,41.20553],[-0.99768,41.26496],[-1.03098,41.25604],[-1.05098,41.25428],[-1.07284,41.26021],[-1.07535,41.26855],[-1.08617,41.26381],[-1.08961,41.25688],[-1.09293,41.255],[-1.10456,41.25492],[-1.10986,41.25707],[-1.11475,41.25504],[-1.12148,41.25679],[-1.12188,41.25259],[-1.12899,41.2416],[-1.12893,41.23943],[-1.13258,41.23666],[-1.12739,41.2334],[-1.12647,41.22933],[-1.12768,41.2271],[-1.12135,41.21899],[-1.12545,41.2137],[-1.12482,41.21169],[-1.13367,41.20136],[-1.13854,41.19966]]]}},{"type":"Feature","properties":{"mun_code":"50071","mun_name":"Campillo de Aragón","mun_name_local":null,"prov_code":"50","prov_name":"Zaragoza","acom_code":"02","acom_name":"Aragón","geo_point_2d":{"lon":-1.8447015973940941,"lat":41.1301836306137}},"geometry":{"type":"Polygon","coordinates":[[[-1.89053,41.13304],[-1.87764,41.12213],[-1.87291,41.11087],[-1.86965,41.10798],[-1.85581,41.10264],[-1.83592,41.09951],[-1.82527,41.09496],[-1.81738,41.09517],[-1.81132,41.09844],[-1.81327,41.10775],[-1.80751,41.11282],[-1.80968,41.11571],[-1.80761,41.11956],[-1.80837,41.12759],[-1.81006,41.13365],[-1.81525,41.13735],[-1.8227,41.15104],[-1.82116,41.1546],[-1.81925,41.15449],[-1.82113,41.15717],[-1.82166,41.165],[-1.85522,41.16312],[-1.85614,41.15943],[-1.85889,41.15768],[-1.86939,41.15381],[-1.88213,41.14584],[-1.88573,41.14553],[-1.88875,41.1436],[-1.88785,41.13483],[-1.89053,41.13304]]]}},{"type":"Feature","properties":{"mun_code":"50231","mun_name":"Salillas de Jalón","mun_name_local":null,"prov_code":"50","prov_name":"Zaragoza","acom_code":"02","acom_name":"Aragón","geo_point_2d":{"lon":-1.324180536787355,"lat":41.5614919099976}},"geometry":{"type":"Polygon","coordinates":[[[-1.33933,41.55013],[-1.33684,41.54898],[-1.33516,41.55193],[-1.32983,41.55111],[-1.3303,41.54954],[-1.32834,41.54897],[-1.32727,41.55321],[-1.32242,41.55068],[-1.32392,41.55726],[-1.31151,41.56722],[-1.31047,41.57081],[-1.31845,41.5731],[-1.3246,41.57015],[-1.33885,41.55003],[-1.33933,41.55013]]]}},{"type":"Feature","properties":{"mun_code":"50119","mun_name":"Gelsa","mun_name_local":null,"prov_code":"50","prov_name":"Zaragoza","acom_code":"02","acom_name":"Aragón","geo_point_2d":{"lon":-0.39816579598395907,"lat":41.43063434690893}},"geometry":{"type":"Polygon","coordinates":[[[-0.47089,41.44292],[-0.47004,41.43524],[-0.47449,41.43391],[-0.47544,41.43241],[-0.47551,41.42519],[-0.47368,41.42218],[-0.47198,41.41082],[-0.47765,41.40181],[-0.47203,41.39455],[-0.46287,41.38637],[-0.45211,41.38272],[-0.44751,41.37975],[-0.44221,41.37966],[-0.44019,41.38108],[-0.44111,41.38873],[-0.43656,41.39374],[-0.40528,41.4083],[-0.39348,41.41223],[-0.37512,41.42349],[-0.3579,41.42599],[-0.34455,41.42589],[-0.33562,41.42814],[-0.31736,41.42881],[-0.29692,41.42107],[-0.28927,41.42465],[-0.28167,41.43124],[-0.29747,41.44034],[-0.33202,41.45372],[-0.34817,41.464],[-0.36664,41.47305],[-0.37282,41.47373],[-0.38724,41.46415],[-0.3943,41.45568],[-0.40254,41.45231],[-0.416,41.45004],[-0.42883,41.45064],[-0.44715,41.4466],[-0.46711,41.4456],[-0.46906,41.44329],[-0.47089,41.44292]]]}},{"type":"Feature","properties":{"mun_code":"50248","mun_name":"Sos del Rey Católico","mun_name_local":null,"prov_code":"50","prov_name":"Zaragoza","acom_code":"02","acom_name":"Aragón","geo_point_2d":{"lon":-1.234385868592323,"lat":42.46387800249523}},"geometry":{"type":"Polygon","coordinates":[[[-1.3572,42.38146],[-1.35972,42.37761],[-1.35061,42.37007],[-1.34358,42.37293],[-1.33622,42.37201],[-1.33403,42.36914],[-1.33382,42.36507],[-1.32979,42.36131],[-1.3326,42.3592],[-1.32908,42.35539],[-1.31912,42.37199],[-1.30206,42.38029],[-1.28393,42.38518],[-1.27619,42.38469],[-1.26874,42.39293],[-1.25528,42.3964],[-1.24884,42.39665],[-1.23612,42.38977],[-1.22814,42.39651],[-1.22612,42.40244],[-1.21615,42.4103],[-1.21179,42.41712],[-1.19842,42.42265],[-1.19587,42.42564],[-1.18823,42.42635],[-1.18282,42.4239],[-1.16661,42.43251],[-1.16143,42.43326],[-1.15403,42.44148],[-1.14357,42.44181],[-1.13204,42.44697],[-1.12936,42.44672],[-1.12558,42.45586],[-1.11828,42.46153],[-1.10695,42.47831],[-1.10208,42.4828],[-1.10902,42.48559],[-1.1126,42.48287],[-1.11555,42.48257],[-1.12435,42.48606],[-1.11918,42.49598],[-1.11959,42.50073],[-1.12377,42.50709],[-1.12662,42.50809],[-1.12646,42.50694],[-1.1309,42.50597],[-1.13203,42.5094],[-1.13404,42.50749],[-1.13772,42.5101],[-1.13667,42.49256],[-1.1382,42.48672],[-1.14207,42.48635],[-1.1474,42.48686],[-1.15761,42.49281],[-1.18395,42.50107],[-1.18352,42.50532],[-1.18954,42.50809],[-1.18632,42.52022],[-1.18697,42.52302],[-1.18066,42.52121],[-1.1762,42.52211],[-1.17382,42.52409],[-1.17112,42.51983],[-1.1693,42.5194],[-1.16221,42.52628],[-1.14697,42.52321],[-1.14679,42.52806],[-1.13656,42.54632],[-1.13429,42.54743],[-1.12934,42.54663],[-1.12865,42.54813],[-1.14829,42.5513],[-1.15156,42.54972],[-1.15317,42.54623],[-1.16269,42.54266],[-1.16664,42.54393],[-1.16824,42.54221],[-1.19016,42.55205],[-1.20097,42.55251],[-1.20279,42.54966],[-1.20675,42.55091],[-1.20792,42.54964],[-1.21832,42.54916],[-1.22617,42.54224],[-1.23222,42.54336],[-1.23221,42.54444],[-1.23529,42.54482],[-1.24045,42.54862],[-1.24342,42.54848],[-1.25372,42.5519],[-1.25697,42.55523],[-1.26477,42.5568],[-1.27839,42.5351],[-1.28814,42.52279],[-1.28919,42.51489],[-1.29348,42.51096],[-1.28749,42.50855],[-1.28673,42.49853],[-1.28223,42.49892],[-1.27511,42.49576],[-1.27565,42.49037],[-1.27278,42.4819],[-1.2818,42.46768],[-1.28136,42.46445],[-1.28984,42.45737],[-1.31521,42.44922],[-1.33677,42.42926],[-1.34151,42.42394],[-1.34078,42.41897],[-1.34295,42.40814],[-1.34814,42.40102],[-1.35004,42.39278],[-1.35674,42.38174],[-1.3572,42.38146]]]}},{"type":"Feature","properties":{"mun_code":"50062","mun_name":"El Burgo de Ebro","mun_name_local":null,"prov_code":"50","prov_name":"Zaragoza","acom_code":"02","acom_name":"Aragón","geo_point_2d":{"lon":-0.723080633360264,"lat":41.56588435320367}},"geometry":{"type":"Polygon","coordinates":[[[-0.76586,41.60028],[-0.78387,41.58859],[-0.79453,41.58773],[-0.79981,41.58946],[-0.80093,41.58927],[-0.80047,41.58624],[-0.79361,41.5823],[-0.76302,41.5729],[-0.74464,41.56231],[-0.72855,41.5581],[-0.72602,41.55597],[-0.72078,41.55554],[-0.71861,41.55399],[-0.71807,41.55112],[-0.7132,41.54867],[-0.70863,41.54859],[-0.69844,41.54497],[-0.69696,41.54185],[-0.69317,41.541],[-0.68948,41.53669],[-0.68039,41.53122],[-0.67942,41.53175],[-0.66555,41.54856],[-0.66147,41.5524],[-0.65711,41.55362],[-0.65516,41.55619],[-0.65725,41.55498],[-0.66953,41.55856],[-0.67278,41.55744],[-0.67644,41.552],[-0.68463,41.55701],[-0.68159,41.56337],[-0.6852,41.56607],[-0.70039,41.57097],[-0.70603,41.5715],[-0.70584,41.57272],[-0.71111,41.57537],[-0.71882,41.56831],[-0.72267,41.56916],[-0.71933,41.57603],[-0.71871,41.58158],[-0.72497,41.58495],[-0.7321,41.58244],[-0.7412,41.5831],[-0.74982,41.58579],[-0.76105,41.58122],[-0.7641,41.58221],[-0.76588,41.58907],[-0.76389,41.59561],[-0.76449,41.60043],[-0.76586,41.60028]]]}},{"type":"Feature","properties":{"mun_code":"50201","mun_name":"Paracuellos de Jiloca","mun_name_local":null,"prov_code":"50","prov_name":"Zaragoza","acom_code":"02","acom_name":"Aragón","geo_point_2d":{"lon":-1.652661789762957,"lat":41.30208026877655}},"geometry":{"type":"Polygon","coordinates":[[[-1.71428,41.27257],[-1.70846,41.26951],[-1.70409,41.26898],[-1.69674,41.26875],[-1.68859,41.27152],[-1.68332,41.27114],[-1.68053,41.26805],[-1.67827,41.26808],[-1.67102,41.27979],[-1.66523,41.28463],[-1.64529,41.28905],[-1.63041,41.30272],[-1.58879,41.31063],[-1.57874,41.31087],[-1.58456,41.31795],[-1.58639,41.32726],[-1.60283,41.32878],[-1.60711,41.3266],[-1.63545,41.32682],[-1.65613,41.32042],[-1.67333,41.30748],[-1.68019,41.3075],[-1.68865,41.315],[-1.69358,41.31087],[-1.69537,41.3022],[-1.69871,41.30034],[-1.69283,41.29938],[-1.69183,41.29814],[-1.6907,41.29364],[-1.6922,41.28922],[-1.71307,41.28604],[-1.71162,41.27811],[-1.71422,41.27397],[-1.71428,41.27257]]]}},{"type":"Feature","properties":{"mun_code":"50107","mun_name":"Figueruelas","mun_name_local":null,"prov_code":"50","prov_name":"Zaragoza","acom_code":"02","acom_name":"Aragón","geo_point_2d":{"lon":-1.178617811776526,"lat":41.7677784116953}},"geometry":{"type":"Polygon","coordinates":[[[-1.19217,41.79573],[-1.19875,41.78196],[-1.20258,41.77765],[-1.20119,41.7732],[-1.20391,41.76786],[-1.21098,41.76298],[-1.20555,41.75957],[-1.20752,41.75674],[-1.20404,41.75637],[-1.19719,41.74901],[-1.19766,41.74718],[-1.1956,41.74869],[-1.18996,41.74934],[-1.18873,41.75095],[-1.18214,41.75109],[-1.17745,41.74381],[-1.16294,41.7527],[-1.15629,41.75845],[-1.15121,41.75996],[-1.14756,41.76414],[-1.14737,41.76876],[-1.14963,41.76989],[-1.15173,41.77516],[-1.15052,41.77656],[-1.15564,41.78159],[-1.16043,41.78407],[-1.16029,41.78667],[-1.16516,41.78694],[-1.17905,41.78428],[-1.18685,41.78566],[-1.19,41.78784],[-1.1942,41.78723],[-1.19186,41.7957],[-1.19217,41.79573]]]}},{"type":"Feature","properties":{"mun_code":"50131","mun_name":"Jaulín","mun_name_local":null,"prov_code":"50","prov_name":"Zaragoza","acom_code":"02","acom_name":"Aragón","geo_point_2d":{"lon":-0.9760420041497329,"lat":41.426445022328544}},"geometry":{"type":"Polygon","coordinates":[[[-1.02994,41.45056],[-1.02574,41.43723],[-1.02416,41.42054],[-1.01824,41.4166],[-1.01172,41.4151],[-1.0044,41.40886],[-0.99419,41.40455],[-0.9941,41.40289],[-0.98294,41.40194],[-0.95944,41.39053],[-0.9472,41.39637],[-0.93504,41.3967],[-0.92597,41.4005],[-0.91944,41.4012],[-0.91745,41.40281],[-0.91575,41.4065],[-0.91959,41.40852],[-0.9223,41.41601],[-0.92023,41.42145],[-0.92189,41.42404],[-0.92491,41.42615],[-0.93768,41.43007],[-0.94483,41.43748],[-0.95353,41.44077],[-0.96827,41.45497],[-0.99439,41.46251],[-1.00704,41.46453],[-1.0112,41.46265],[-1.01104,41.45878],[-1.01455,41.45395],[-1.0173,41.45223],[-1.02639,41.45093],[-1.02994,41.45056]]]}},{"type":"Feature","properties":{"mun_code":"50219","mun_name":"La Puebla de Alfindén","mun_name_local":null,"prov_code":"50","prov_name":"Zaragoza","acom_code":"02","acom_name":"Aragón","geo_point_2d":{"lon":-0.7478291229195536,"lat":41.6351806757014}},"geometry":{"type":"Polygon","coordinates":[[[-0.78058,41.63489],[-0.77357,41.63297],[-0.77486,41.6286],[-0.76862,41.62665],[-0.77122,41.62544],[-0.76678,41.61963],[-0.76965,41.61278],[-0.7656,41.60814],[-0.75919,41.60759],[-0.74117,41.60972],[-0.74126,41.6119],[-0.73803,41.61365],[-0.74086,41.61592],[-0.73646,41.61919],[-0.73998,41.62214],[-0.7321,41.6295],[-0.73321,41.63314],[-0.73155,41.63294],[-0.73035,41.63453],[-0.7309,41.64203],[-0.72906,41.64432],[-0.72629,41.64407],[-0.72459,41.64633],[-0.72016,41.64716],[-0.71765,41.65202],[-0.71252,41.65586],[-0.7189,41.66138],[-0.71858,41.66602],[-0.72634,41.6646],[-0.72715,41.66207],[-0.7304,41.66036],[-0.73398,41.6607],[-0.73666,41.65697],[-0.7408,41.65588],[-0.74768,41.65106],[-0.74705,41.64963],[-0.74868,41.64806],[-0.75217,41.64822],[-0.75659,41.64624],[-0.76009,41.64783],[-0.76672,41.64759],[-0.78023,41.63527],[-0.78058,41.63489]]]}},{"type":"Feature","properties":{"mun_code":"50249","mun_name":"Tabuenca","mun_name_local":null,"prov_code":"50","prov_name":"Zaragoza","acom_code":"02","acom_name":"Aragón","geo_point_2d":{"lon":-1.523690638004709,"lat":41.68292622261807}},"geometry":{"type":"Polygon","coordinates":[[[-1.61988,41.71725],[-1.61983,41.71075],[-1.61625,41.70639],[-1.60742,41.7042],[-1.59959,41.6986],[-1.59995,41.69594],[-1.59312,41.68903],[-1.58102,41.68415],[-1.57743,41.68373],[-1.57305,41.68513],[-1.5691,41.67514],[-1.56563,41.67209],[-1.5515,41.66898],[-1.54804,41.66573],[-1.54755,41.66314],[-1.53527,41.65427],[-1.5261,41.64443],[-1.52085,41.64452],[-1.51341,41.63819],[-1.51566,41.62594],[-1.50881,41.62256],[-1.50387,41.62121],[-1.50198,41.62828],[-1.49885,41.62956],[-1.48999,41.62677],[-1.48353,41.62982],[-1.48107,41.63414],[-1.46126,41.64424],[-1.45233,41.6613],[-1.44614,41.66813],[-1.44303,41.67441],[-1.44028,41.69123],[-1.44363,41.68884],[-1.45344,41.6891],[-1.46012,41.68509],[-1.47873,41.68718],[-1.48931,41.69468],[-1.49857,41.70711],[-1.50822,41.71058],[-1.51092,41.71498],[-1.52232,41.72461],[-1.52538,41.72943],[-1.53143,41.72716],[-1.53965,41.73007],[-1.55186,41.72791],[-1.56223,41.73231],[-1.56372,41.73765],[-1.57016,41.73029],[-1.57516,41.72846],[-1.59251,41.71734],[-1.59898,41.71514],[-1.60317,41.71696],[-1.60789,41.717],[-1.61405,41.72263],[-1.61402,41.71965],[-1.61962,41.71749],[-1.61988,41.71725]]]}},{"type":"Feature","properties":{"mun_code":"50274","mun_name":"Val de San Martín","mun_name_local":null,"prov_code":"50","prov_name":"Zaragoza","acom_code":"02","acom_name":"Aragón","geo_point_2d":{"lon":-1.4533406913923705,"lat":41.04352169187937}},"geometry":{"type":"Polygon","coordinates":[[[-1.48698,41.05379],[-1.48599,41.04716],[-1.47717,41.03367],[-1.48506,41.02406],[-1.4764,41.01494],[-1.45794,41.01836],[-1.44004,41.02617],[-1.43367,41.02566],[-1.42231,41.02716],[-1.41773,41.02967],[-1.41481,41.03246],[-1.42063,41.03559],[-1.42145,41.03761],[-1.41756,41.04599],[-1.4187,41.04824],[-1.42812,41.05628],[-1.42997,41.06066],[-1.44453,41.07298],[-1.4455,41.07557],[-1.45885,41.06833],[-1.46279,41.06885],[-1.48698,41.05379]]]}},{"type":"Feature","properties":{"mun_code":"50277","mun_name":"Valtorres","mun_name_local":null,"prov_code":"50","prov_name":"Zaragoza","acom_code":"02","acom_name":"Aragón","geo_point_2d":{"lon":-1.7452715636796143,"lat":41.29859160647759}},"geometry":{"type":"Polygon","coordinates":[[[-1.74878,41.3106],[-1.75258,41.3064],[-1.74938,41.30076],[-1.7575,41.28927],[-1.75457,41.28572],[-1.74846,41.28399],[-1.74956,41.28594],[-1.74144,41.28973],[-1.73677,41.3024],[-1.7322,41.30644],[-1.73433,41.30995],[-1.74694,41.31],[-1.74878,41.3106]]]}},{"type":"Feature","properties":{"mun_code":"50067","mun_name":"Calatayud","mun_name_local":null,"prov_code":"50","prov_name":"Zaragoza","acom_code":"02","acom_name":"Aragón","geo_point_2d":{"lon":-1.6248716688002054,"lat":41.376113999512455}},"geometry":{"type":"MultiPolygon","coordinates":[[[[-1.56314,41.33627],[-1.56354,41.33519],[-1.56114,41.33447],[-1.56253,41.33608],[-1.56314,41.33627]]],[[[-1.73419,41.37951],[-1.73799,41.37646],[-1.73697,41.37311],[-1.74357,41.37],[-1.73094,41.36452],[-1.7227,41.35836],[-1.71396,41.35757],[-1.71233,41.3553],[-1.71328,41.35158],[-1.70146,41.33754],[-1.69784,41.33626],[-1.69437,41.3299],[-1.69226,41.32375],[-1.69571,41.321],[-1.69922,41.32098],[-1.69819,41.31742],[-1.69048,41.31331],[-1.68865,41.315],[-1.68019,41.3075],[-1.67827,41.30734],[-1.67333,41.30748],[-1.65613,41.32042],[-1.63545,41.32682],[-1.60711,41.3266],[-1.60283,41.32878],[-1.58639,41.32726],[-1.573,41.3364],[-1.57116,41.33988],[-1.56672,41.34172],[-1.5622,41.34138],[-1.5656,41.34601],[-1.5647,41.34876],[-1.55832,41.35083],[-1.55433,41.35542],[-1.55119,41.35668],[-1.55087,41.35899],[-1.54302,41.35966],[-1.52652,41.36402],[-1.52241,41.36295],[-1.51374,41.36575],[-1.49463,41.37661],[-1.50616,41.38534],[-1.52137,41.38864],[-1.52714,41.38787],[-1.53229,41.39173],[-1.54263,41.39138],[-1.54854,41.39562],[-1.56153,41.3987],[-1.56737,41.40551],[-1.56913,41.41039],[-1.5721,41.41073],[-1.57555,41.42766],[-1.58191,41.43009],[-1.58342,41.43338],[-1.58251,41.43504],[-1.58754,41.43734],[-1.58914,41.44198],[-1.59107,41.44254],[-1.5913,41.4457],[-1.59423,41.44666],[-1.59707,41.44924],[-1.59696,41.45121],[-1.59922,41.45176],[-1.59564,41.45451],[-1.59643,41.45641],[-1.59752,41.45722],[-1.60666,41.45427],[-1.60824,41.45595],[-1.61585,41.4555],[-1.62163,41.45831],[-1.63044,41.45613],[-1.63091,41.45373],[-1.63505,41.45151],[-1.6346,41.44807],[-1.63789,41.44309],[-1.63764,41.4391],[-1.63345,41.43423],[-1.63305,41.42797],[-1.6292,41.42138],[-1.64156,41.41646],[-1.64525,41.41177],[-1.65471,41.41202],[-1.65937,41.41053],[-1.66737,41.41256],[-1.67214,41.40991],[-1.67767,41.40265],[-1.67688,41.40029],[-1.67488,41.39988],[-1.6775,41.39854],[-1.67786,41.39531],[-1.68137,41.39326],[-1.68038,41.39185],[-1.68234,41.39061],[-1.68027,41.38719],[-1.68163,41.38662],[-1.69079,41.38851],[-1.69965,41.38779],[-1.70827,41.39031],[-1.71549,41.38953],[-1.71798,41.39066],[-1.73082,41.38432],[-1.73265,41.3797],[-1.73419,41.37951]]]]}},{"type":"Feature","properties":{"mun_code":"50214","mun_name":"Pomer","mun_name_local":null,"prov_code":"50","prov_name":"Zaragoza","acom_code":"02","acom_name":"Aragón","geo_point_2d":{"lon":-1.841825620788331,"lat":41.636106824472854}},"geometry":{"type":"Polygon","coordinates":[[[-1.90792,41.6211],[-1.88127,41.62124],[-1.86772,41.61628],[-1.85698,41.61837],[-1.84898,41.61449],[-1.84377,41.61455],[-1.83546,41.61132],[-1.83084,41.6124],[-1.82657,41.61131],[-1.81947,41.61413],[-1.81824,41.61628],[-1.81604,41.61707],[-1.81388,41.616],[-1.80249,41.62117],[-1.79894,41.63139],[-1.79708,41.63292],[-1.79888,41.64047],[-1.79561,41.65219],[-1.8054,41.65147],[-1.8108,41.65569],[-1.81311,41.66056],[-1.82915,41.6626],[-1.83459,41.66065],[-1.85899,41.66153],[-1.87398,41.63798],[-1.87882,41.64105],[-1.8979,41.63241],[-1.90034,41.62635],[-1.90746,41.62152],[-1.90792,41.6211]]]}},{"type":"Feature","properties":{"mun_code":"50065","mun_name":"Cabolafuente","mun_name_local":null,"prov_code":"50","prov_name":"Zaragoza","acom_code":"02","acom_name":"Aragón","geo_point_2d":{"lon":-2.041760647731046,"lat":41.217328699944154}},"geometry":{"type":"Polygon","coordinates":[[[-2.07915,41.17412],[-2.0649,41.17693],[-2.05747,41.17714],[-2.0271,41.19015],[-2.01604,41.19153],[-2.01241,41.2002],[-2.00717,41.2059],[-2.00438,41.21159],[-1.99913,41.21495],[-2.0148,41.23278],[-2.01731,41.24183],[-2.01337,41.24778],[-2.0185,41.25234],[-2.03902,41.25883],[-2.05508,41.25609],[-2.05746,41.25485],[-2.05997,41.24742],[-2.0738,41.23406],[-2.07156,41.23303],[-2.06974,41.2295],[-2.07129,41.2128],[-2.07025,41.19616],[-2.07341,41.18652],[-2.07735,41.18245],[-2.07811,41.17476],[-2.07915,41.17412]]]}},{"type":"Feature","properties":{"mun_code":"50276","mun_name":"Valpalmas","mun_name_local":null,"prov_code":"50","prov_name":"Zaragoza","acom_code":"02","acom_name":"Aragón","geo_point_2d":{"lon":-0.8509826940210306,"lat":42.15663115457638}},"geometry":{"type":"Polygon","coordinates":[[[-0.81955,42.18355],[-0.82442,42.18509],[-0.83927,42.19473],[-0.84381,42.19392],[-0.84655,42.18668],[-0.85655,42.18504],[-0.85963,42.18231],[-0.86335,42.18467],[-0.87787,42.18654],[-0.88014,42.18482],[-0.88083,42.18173],[-0.88838,42.18446],[-0.88957,42.18184],[-0.89077,42.18378],[-0.89231,42.18338],[-0.89317,42.17109],[-0.88557,42.16519],[-0.88872,42.16134],[-0.88893,42.15811],[-0.88629,42.15365],[-0.88928,42.15154],[-0.88764,42.14741],[-0.88878,42.14412],[-0.88355,42.14254],[-0.87996,42.14327],[-0.87773,42.13614],[-0.87932,42.13239],[-0.87068,42.13127],[-0.86144,42.12573],[-0.86378,42.1198],[-0.8628,42.11786],[-0.85543,42.11505],[-0.8178,42.13145],[-0.81819,42.14275],[-0.81543,42.15366],[-0.81592,42.16427],[-0.8139,42.17192],[-0.81784,42.18108],[-0.81955,42.18355]]]}},{"type":"Feature","properties":{"mun_code":"50280","mun_name":"Vera de Moncayo","mun_name_local":null,"prov_code":"50","prov_name":"Zaragoza","acom_code":"02","acom_name":"Aragón","geo_point_2d":{"lon":-1.6807609456833983,"lat":41.83128359758875}},"geometry":{"type":"Polygon","coordinates":[[[-1.73453,41.7926],[-1.72264,41.80066],[-1.71469,41.79999],[-1.70476,41.80178],[-1.69351,41.79883],[-1.69046,41.80268],[-1.68537,41.80468],[-1.68314,41.81152],[-1.67921,41.81421],[-1.66533,41.81876],[-1.65239,41.81878],[-1.64863,41.82465],[-1.64989,41.8409],[-1.65338,41.84413],[-1.64194,41.84412],[-1.63471,41.85002],[-1.62883,41.85262],[-1.63208,41.8538],[-1.63356,41.85592],[-1.64094,41.8564],[-1.64732,41.86012],[-1.65067,41.85594],[-1.65479,41.85724],[-1.65652,41.86033],[-1.6639,41.86245],[-1.66602,41.86109],[-1.67295,41.86217],[-1.67451,41.86069],[-1.68045,41.85994],[-1.68664,41.85619],[-1.69669,41.85485],[-1.70005,41.84937],[-1.69919,41.82628],[-1.70199,41.82405],[-1.70132,41.82042],[-1.71194,41.81236],[-1.73613,41.80397],[-1.74272,41.79959],[-1.74304,41.79782],[-1.74021,41.7959],[-1.73742,41.79589],[-1.73685,41.79418],[-1.73453,41.7926]]]}},{"type":"Feature","properties":{"mun_code":"50031","mun_name":"Aranda de Moncayo","mun_name_local":null,"prov_code":"50","prov_name":"Zaragoza","acom_code":"02","acom_name":"Aragón","geo_point_2d":{"lon":-1.7861448861284193,"lat":41.5901803952798}},"geometry":{"type":"Polygon","coordinates":[[[-1.86772,41.61628],[-1.87317,41.61134],[-1.86537,41.60659],[-1.86024,41.59214],[-1.84379,41.57631],[-1.83837,41.57318],[-1.8346,41.56104],[-1.82617,41.55503],[-1.82021,41.55401],[-1.81726,41.55205],[-1.8113,41.5529],[-1.8042,41.55055],[-1.80143,41.54675],[-1.79977,41.53988],[-1.78284,41.53972],[-1.77439,41.54325],[-1.77453,41.54495],[-1.77013,41.54703],[-1.76271,41.5492],[-1.75428,41.54475],[-1.74809,41.54489],[-1.73996,41.54122],[-1.73714,41.54169],[-1.733,41.54773],[-1.73261,41.55478],[-1.72993,41.56046],[-1.73079,41.56349],[-1.72811,41.57408],[-1.72989,41.58967],[-1.72155,41.59304],[-1.7136,41.59985],[-1.72065,41.60762],[-1.72725,41.61001],[-1.73085,41.61542],[-1.73969,41.61774],[-1.74345,41.62225],[-1.74994,41.62489],[-1.76345,41.64019],[-1.76905,41.64279],[-1.77918,41.64234],[-1.78193,41.64652],[-1.79314,41.65234],[-1.79561,41.65219],[-1.79888,41.64047],[-1.79708,41.63292],[-1.80361,41.61991],[-1.81077,41.61811],[-1.81388,41.616],[-1.81604,41.61707],[-1.81824,41.61628],[-1.81947,41.61413],[-1.82657,41.61131],[-1.83084,41.6124],[-1.83546,41.61132],[-1.84377,41.61455],[-1.84898,41.61449],[-1.85698,41.61837],[-1.86501,41.61695],[-1.86772,41.61628]]]}},{"type":"Feature","properties":{"mun_code":"50275","mun_name":"Valmadrid","mun_name_local":null,"prov_code":"50","prov_name":"Zaragoza","acom_code":"02","acom_name":"Aragón","geo_point_2d":{"lon":-0.8850075801857639,"lat":41.449182804887826}},"geometry":{"type":"Polygon","coordinates":[[[-0.92491,41.42615],[-0.92023,41.42145],[-0.9223,41.41601],[-0.91959,41.40852],[-0.91575,41.4065],[-0.91745,41.40281],[-0.9104,41.39733],[-0.90395,41.39841],[-0.89937,41.40148],[-0.89756,41.4048],[-0.89069,41.40416],[-0.89134,41.40695],[-0.88608,41.41203],[-0.87657,41.41548],[-0.87004,41.42652],[-0.86576,41.42677],[-0.8577,41.43427],[-0.85315,41.43397],[-0.85275,41.43735],[-0.84671,41.4391],[-0.84548,41.44244],[-0.83885,41.44484],[-0.83923,41.44783],[-0.83492,41.44962],[-0.82647,41.44915],[-0.8252,41.45166],[-0.82974,41.45365],[-0.83356,41.4589],[-0.83299,41.46019],[-0.83941,41.4635],[-0.84467,41.4726],[-0.84701,41.47432],[-0.85259,41.47528],[-0.85571,41.47926],[-0.86226,41.48358],[-0.86259,41.48591],[-0.87337,41.49272],[-0.88305,41.48857],[-0.88442,41.4856],[-0.89819,41.48741],[-0.91391,41.48733],[-0.9175,41.48644],[-0.91584,41.48067],[-0.91779,41.47952],[-0.92014,41.47244],[-0.9145,41.45895],[-0.91748,41.44808],[-0.92225,41.43994],[-0.92409,41.42851],[-0.92491,41.42615]]]}},{"type":"Feature","properties":{"mun_code":"50130","mun_name":"Jarque de Moncayo","mun_name_local":null,"prov_code":"50","prov_name":"Zaragoza","acom_code":"02","acom_name":"Aragón","geo_point_2d":{"lon":-1.6934698217142206,"lat":41.5640810702991}},"geometry":{"type":"Polygon","coordinates":[[[-1.73714,41.54169],[-1.7335,41.5361],[-1.73352,41.53217],[-1.73048,41.52898],[-1.72738,41.52944],[-1.72287,41.52694],[-1.71406,41.53011],[-1.71013,41.53411],[-1.69984,41.53382],[-1.69276,41.52393],[-1.68657,41.53149],[-1.67939,41.53348],[-1.67819,41.53609],[-1.67257,41.53825],[-1.6658,41.54573],[-1.66382,41.5459],[-1.65492,41.55414],[-1.65406,41.55949],[-1.65615,41.56443],[-1.64808,41.58895],[-1.64876,41.59485],[-1.66432,41.60188],[-1.66664,41.60408],[-1.67077,41.60038],[-1.6708,41.59701],[-1.68757,41.59391],[-1.6871,41.58895],[-1.69012,41.58555],[-1.70132,41.58694],[-1.70747,41.59184],[-1.71012,41.59213],[-1.71411,41.59844],[-1.71786,41.59722],[-1.72155,41.59304],[-1.72989,41.58967],[-1.72811,41.57408],[-1.733,41.54773],[-1.73714,41.54169]]]}},{"type":"Feature","properties":{"mun_code":"50066","mun_name":"Cadrete","mun_name_local":null,"prov_code":"50","prov_name":"Zaragoza","acom_code":"02","acom_name":"Aragón","geo_point_2d":{"lon":-0.9564267234806247,"lat":41.54969790471557}},"geometry":{"type":"Polygon","coordinates":[[[-0.98202,41.54843],[-0.98219,41.54666],[-0.97121,41.5387],[-0.96464,41.53856],[-0.95981,41.53679],[-0.9582,41.53055],[-0.95217,41.52608],[-0.94499,41.51749],[-0.94237,41.52296],[-0.94498,41.52757],[-0.9451,41.53193],[-0.94217,41.53348],[-0.93993,41.53303],[-0.93829,41.53702],[-0.93366,41.53688],[-0.93721,41.53993],[-0.93685,41.5437],[-0.93911,41.544],[-0.94692,41.55291],[-0.94577,41.55535],[-0.94773,41.55637],[-0.94804,41.55916],[-0.94583,41.56028],[-0.94761,41.56223],[-0.94551,41.565],[-0.94831,41.56694],[-0.94221,41.57309],[-0.94978,41.57713],[-0.95166,41.57528],[-0.95341,41.57597],[-0.95197,41.57754],[-0.95776,41.57787],[-0.96507,41.56576],[-0.97279,41.55795],[-0.977,41.55109],[-0.9818,41.54823],[-0.98202,41.54843]]]}},{"type":"Feature","properties":{"mun_code":"50036","mun_name":"Asín","mun_name_local":null,"prov_code":"50","prov_name":"Zaragoza","acom_code":"02","acom_name":"Aragón","geo_point_2d":{"lon":-1.0557274967473804,"lat":42.26986237532582}},"geometry":{"type":"Polygon","coordinates":[[[-1.07473,42.27485],[-1.06906,42.26386],[-1.07168,42.26044],[-1.07148,42.25412],[-1.06663,42.24042],[-1.05612,42.23942],[-1.04843,42.23623],[-1.03595,42.2562],[-1.03321,42.25725],[-1.03424,42.26504],[-1.03602,42.26687],[-1.03272,42.27683],[-1.03576,42.28143],[-1.04609,42.28905],[-1.04521,42.29166],[-1.04655,42.29478],[-1.05211,42.29692],[-1.05801,42.3013],[-1.06325,42.30194],[-1.07195,42.30021],[-1.07386,42.29218],[-1.07775,42.28902],[-1.07816,42.28476],[-1.07453,42.27514],[-1.07473,42.27485]]]}},{"type":"Feature","properties":{"mun_code":"50297","mun_name":"Zaragoza","mun_name_local":null,"prov_code":"50","prov_name":"Zaragoza","acom_code":"02","acom_name":"Aragón","geo_point_2d":{"lon":-0.9275578262282521,"lat":41.680780119502245}},"geometry":{"type":"MultiPolygon","coordinates":[[[[-1.16224,41.53349],[-1.16484,41.52504],[-1.13423,41.52498],[-1.12827,41.523],[-1.12779,41.52903],[-1.12611,41.53099],[-1.13898,41.53385],[-1.14067,41.53832],[-1.14478,41.54181],[-1.15224,41.54361],[-1.15685,41.54169],[-1.16082,41.53525],[-1.16224,41.53349]]],[[[-1.14874,41.68977],[-1.15793,41.67512],[-1.15842,41.65941],[-1.17365,41.64718],[-1.17232,41.64471],[-1.16769,41.64193],[-1.1638,41.64418],[-1.16144,41.64409],[-1.14428,41.6407],[-1.13326,41.64421],[-1.11763,41.64471],[-1.10992,41.64179],[-1.10767,41.63929],[-1.1004,41.63752],[-1.07611,41.62144],[-1.06757,41.61795],[-1.06015,41.61561],[-1.0494,41.61735],[-1.04419,41.61498],[-1.04185,41.61565],[-1.03728,41.61027],[-1.03215,41.59654],[-1.0339,41.58994],[-1.03674,41.58686],[-1.03234,41.57788],[-1.0178,41.57004],[-0.99968,41.55752],[-0.9818,41.54823],[-0.977,41.55109],[-0.97279,41.55795],[-0.96507,41.56576],[-0.95776,41.57787],[-0.95197,41.57754],[-0.95341,41.57597],[-0.95166,41.57528],[-0.94893,41.5771],[-0.94882,41.57831],[-0.95183,41.57774],[-0.95657,41.57956],[-0.93785,41.59748],[-0.93684,41.60078],[-0.92791,41.60928],[-0.92723,41.60485],[-0.92875,41.60533],[-0.93117,41.60273],[-0.93014,41.60161],[-0.93454,41.60024],[-0.93509,41.59829],[-0.93373,41.59994],[-0.93,41.60001],[-0.92728,41.60183],[-0.92824,41.60457],[-0.92443,41.60086],[-0.92134,41.60336],[-0.92125,41.59784],[-0.90688,41.58688],[-0.90625,41.58229],[-0.91093,41.57831],[-0.91195,41.57298],[-0.91559,41.57184],[-0.91551,41.5689],[-0.91996,41.5707],[-0.92323,41.57001],[-0.92735,41.57278],[-0.92847,41.57631],[-0.93625,41.58081],[-0.94831,41.56694],[-0.94551,41.565],[-0.94761,41.56223],[-0.94583,41.56028],[-0.94804,41.55916],[-0.94773,41.55637],[-0.94577,41.55535],[-0.94678,41.55259],[-0.93911,41.544],[-0.93685,41.5437],[-0.93721,41.53993],[-0.93366,41.53688],[-0.93829,41.53702],[-0.93993,41.53303],[-0.94217,41.53348],[-0.9451,41.53193],[-0.94498,41.52757],[-0.94237,41.52296],[-0.94499,41.51749],[-0.92767,41.50386],[-0.91673,41.49841],[-0.9175,41.48644],[-0.90828,41.48767],[-0.88442,41.4856],[-0.88305,41.48857],[-0.87337,41.49272],[-0.86259,41.48591],[-0.86226,41.48358],[-0.85571,41.47926],[-0.85259,41.47528],[-0.84701,41.47432],[-0.84467,41.4726],[-0.83941,41.4635],[-0.83299,41.46019],[-0.83356,41.4589],[-0.82974,41.45365],[-0.8252,41.45166],[-0.82128,41.45231],[-0.82018,41.4549],[-0.80469,41.45722],[-0.79855,41.46007],[-0.78674,41.46845],[-0.77942,41.47098],[-0.77941,41.47279],[-0.76855,41.47907],[-0.76321,41.48441],[-0.74825,41.49054],[-0.73977,41.49703],[-0.73299,41.50018],[-0.7245,41.5004],[-0.70815,41.49358],[-0.70774,41.49215],[-0.70313,41.49091],[-0.69741,41.4872],[-0.69284,41.48641],[-0.68924,41.48737],[-0.68887,41.4902],[-0.68596,41.49192],[-0.68827,41.49695],[-0.68837,41.50265],[-0.68244,41.51078],[-0.69749,41.51511],[-0.6989,41.51768],[-0.6864,41.52476],[-0.68039,41.53122],[-0.69179,41.53828],[-0.69317,41.541],[-0.69696,41.54185],[-0.69762,41.54451],[-0.70863,41.54859],[-0.71377,41.5489],[-0.71807,41.55112],[-0.71861,41.55399],[-0.72078,41.55554],[-0.72602,41.55597],[-0.72855,41.5581],[-0.74464,41.56231],[-0.76302,41.5729],[-0.79361,41.5823],[-0.80047,41.58624],[-0.80093,41.58927],[-0.79981,41.58946],[-0.79453,41.58773],[-0.78387,41.58859],[-0.76586,41.60028],[-0.78182,41.59617],[-0.78842,41.5931],[-0.79331,41.59484],[-0.79416,41.59392],[-0.79888,41.59739],[-0.79693,41.60044],[-0.7945,41.60133],[-0.79566,41.60499],[-0.80138,41.61037],[-0.79789,41.61928],[-0.79519,41.61941],[-0.79132,41.62685],[-0.78969,41.62505],[-0.78496,41.62741],[-0.78369,41.62654],[-0.7817,41.6301],[-0.78196,41.63529],[-0.78058,41.63489],[-0.7744,41.64138],[-0.76496,41.64799],[-0.77126,41.65459],[-0.80176,41.66452],[-0.8076,41.66972],[-0.80955,41.67549],[-0.80949,41.68994],[-0.81214,41.6905],[-0.81359,41.69807],[-0.81535,41.69892],[-0.81397,41.70577],[-0.80587,41.71118],[-0.80708,41.71375],[-0.80327,41.71508],[-0.80202,41.71282],[-0.79697,41.7126],[-0.79576,41.7195],[-0.79228,41.72015],[-0.79088,41.72211],[-0.76435,41.7308],[-0.75652,41.72938],[-0.75565,41.7317],[-0.75255,41.73152],[-0.7445,41.73446],[-0.74516,41.73619],[-0.74244,41.73895],[-0.73739,41.73796],[-0.7363,41.7389],[-0.71953,41.73974],[-0.71352,41.74157],[-0.71117,41.75126],[-0.7156,41.75728],[-0.70789,41.75922],[-0.70443,41.7581],[-0.69528,41.76223],[-0.6912,41.76606],[-0.68954,41.77038],[-0.69257,41.77521],[-0.69797,41.77898],[-0.70261,41.7809],[-0.70703,41.78075],[-0.71245,41.78672],[-0.72469,41.78965],[-0.72974,41.79356],[-0.73281,41.79366],[-0.736,41.7909],[-0.7533,41.78744],[-0.75699,41.78764],[-0.76489,41.78536],[-0.77293,41.78545],[-0.7828,41.78801],[-0.79189,41.7878],[-0.79114,41.79485],[-0.79802,41.79778],[-0.80051,41.79653],[-0.80211,41.78919],[-0.79597,41.78314],[-0.79927,41.77992],[-0.80042,41.77377],[-0.80551,41.77045],[-0.80653,41.76792],[-0.80282,41.76228],[-0.80482,41.74698],[-0.81024,41.7426],[-0.80983,41.73845],[-0.8132,41.73398],[-0.81813,41.72987],[-0.8245,41.72854],[-0.82635,41.72667],[-0.84394,41.73241],[-0.85417,41.73763],[-0.85993,41.7414],[-0.86094,41.75008],[-0.86653,41.759],[-0.877,41.78503],[-0.8945,41.78002],[-0.91228,41.7855],[-0.91584,41.78822],[-0.9361,41.78917],[-0.93606,41.79965],[-0.9313,41.80534],[-0.92275,41.82215],[-0.91804,41.82501],[-0.90757,41.84101],[-0.89905,41.84259],[-0.89353,41.84513],[-0.88366,41.84291],[-0.89272,41.84701],[-0.90471,41.85702],[-0.90732,41.86168],[-0.92312,41.8714],[-0.93329,41.88015],[-0.93688,41.893],[-0.94781,41.90945],[-0.95008,41.92244],[-0.95533,41.93114],[-0.95976,41.93135],[-0.96828,41.92696],[-0.97274,41.92906],[-0.9791,41.92806],[-0.99479,41.92366],[-1.00501,41.91849],[-1.0094,41.9192],[-1.02009,41.9139],[-1.02617,41.9031],[-1.03006,41.90165],[-1.04114,41.90081],[-1.04607,41.89869],[-1.05576,41.89892],[-1.07309,41.89077],[-1.07885,41.88601],[-1.07649,41.88181],[-1.07684,41.87459],[-1.08114,41.86761],[-1.08676,41.86412],[-1.09716,41.85308],[-1.10305,41.85055],[-1.10397,41.84565],[-1.10872,41.8429],[-1.10721,41.82525],[-1.11251,41.82014],[-1.12295,41.80426],[-1.12159,41.80159],[-1.11895,41.80098],[-1.09184,41.79968],[-1.08508,41.79645],[-1.08323,41.79703],[-1.0658,41.79096],[-1.05993,41.78339],[-1.05005,41.77514],[-1.04017,41.76907],[-1.02348,41.76214],[-1.01507,41.75569],[-1.00642,41.75268],[-1.00478,41.75139],[-1.00552,41.7501],[-0.99053,41.73894],[-0.99166,41.73634],[-0.98079,41.73117],[-0.97939,41.72731],[-0.97604,41.72647],[-0.97279,41.72795],[-0.96645,41.72517],[-0.96552,41.72114],[-0.97324,41.71207],[-0.97362,41.70777],[-0.98792,41.69443],[-1.00068,41.70253],[-1.00859,41.69065],[-1.02994,41.69764],[-1.04096,41.70712],[-1.03841,41.70998],[-1.03235,41.7083],[-1.02961,41.70956],[-1.02932,41.71391],[-1.02483,41.71768],[-1.02508,41.72005],[-1.01453,41.71442],[-1.00884,41.7232],[-1.01469,41.72961],[-1.01894,41.73203],[-1.02078,41.73084],[-1.02333,41.73451],[-1.02529,41.73485],[-1.0298,41.72774],[-1.03751,41.72733],[-1.03843,41.7238],[-1.04754,41.72911],[-1.07539,41.73885],[-1.07406,41.74001],[-1.08,41.74381],[-1.08359,41.74415],[-1.08314,41.74593],[-1.08599,41.74823],[-1.08817,41.74801],[-1.10566,41.75449],[-1.10657,41.7551],[-1.10334,41.75734],[-1.10821,41.75702],[-1.10995,41.75626],[-1.10129,41.74972],[-1.05714,41.73126],[-1.05129,41.72754],[-1.04852,41.72211],[-1.04938,41.71864],[-1.06597,41.71215],[-1.07223,41.71241],[-1.08253,41.71066],[-1.08692,41.71059],[-1.10077,41.71579],[-1.11178,41.72081],[-1.11509,41.72497],[-1.11914,41.73612],[-1.11768,41.74258],[-1.12186,41.74752],[-1.12414,41.74764],[-1.13237,41.74333],[-1.13061,41.74062],[-1.15019,41.72927],[-1.16217,41.72633],[-1.16809,41.72057],[-1.16546,41.71591],[-1.14911,41.69834],[-1.14731,41.6933],[-1.14874,41.68977]]]]}},{"type":"Feature","properties":{"mun_code":"50101","mun_name":"Escatrón","mun_name_local":null,"prov_code":"50","prov_name":"Zaragoza","acom_code":"02","acom_name":"Aragón","geo_point_2d":{"lon":-0.27290264169108136,"lat":41.25730050372655}},"geometry":{"type":"Polygon","coordinates":[[[-0.37826,41.26541],[-0.36886,41.26086],[-0.34682,41.24595],[-0.34948,41.24286],[-0.34814,41.24128],[-0.34318,41.24018],[-0.33855,41.24067],[-0.33378,41.24407],[-0.32498,41.24533],[-0.32485,41.2539],[-0.31608,41.25686],[-0.3091,41.25277],[-0.27845,41.22655],[-0.27137,41.21628],[-0.26857,41.21482],[-0.24641,41.21192],[-0.24316,41.20979],[-0.23087,41.19447],[-0.22419,41.18948],[-0.22247,41.18886],[-0.21124,41.19221],[-0.20981,41.20595],[-0.21138,41.21453],[-0.21077,41.22837],[-0.2127,41.23736],[-0.20819,41.25302],[-0.20118,41.26939],[-0.20241,41.28573],[-0.20403,41.28974],[-0.21233,41.28664],[-0.22422,41.28799],[-0.22449,41.29014],[-0.21865,41.29809],[-0.22071,41.30134],[-0.2238,41.30237],[-0.22796,41.30173],[-0.23625,41.29646],[-0.25099,41.2999],[-0.2548,41.29893],[-0.25894,41.29546],[-0.2605,41.28342],[-0.26273,41.2798],[-0.26729,41.27635],[-0.27683,41.27412],[-0.28572,41.27593],[-0.29302,41.28212],[-0.2843,41.29066],[-0.28186,41.29535],[-0.28109,41.30341],[-0.28419,41.30667],[-0.2897,41.30606],[-0.29308,41.30259],[-0.29569,41.29495],[-0.3028,41.29248],[-0.32185,41.29517],[-0.3325,41.29958],[-0.34054,41.30039],[-0.34366,41.29878],[-0.34474,41.29638],[-0.3397,41.28439],[-0.34526,41.27615],[-0.35251,41.27402],[-0.3592,41.28318],[-0.36198,41.28491],[-0.36552,41.28511],[-0.36937,41.28391],[-0.37607,41.2783],[-0.38393,41.27684],[-0.38217,41.27309],[-0.37826,41.26541]]]}},{"type":"Feature","properties":{"mun_code":"50259","mun_name":"Torrehermosa","mun_name_local":null,"prov_code":"50","prov_name":"Zaragoza","acom_code":"02","acom_name":"Aragón","geo_point_2d":{"lon":-2.1265865584472783,"lat":41.241923929423116}},"geometry":{"type":"Polygon","coordinates":[[[-2.1587,41.26488],[-2.15645,41.25864],[-2.15489,41.24039],[-2.149,41.21881],[-2.13546,41.22543],[-2.11442,41.21943],[-2.11019,41.21999],[-2.09859,41.22844],[-2.09346,41.22884],[-2.09002,41.23098],[-2.0899,41.23808],[-2.09381,41.24316],[-2.11089,41.25703],[-2.11917,41.26573],[-2.12722,41.262],[-2.13115,41.26166],[-2.13818,41.26417],[-2.14953,41.26334],[-2.15827,41.26481],[-2.1587,41.26488]]]}},{"type":"Feature","properties":{"mun_code":"50146","mun_name":"Lucena de Jalón","mun_name_local":null,"prov_code":"50","prov_name":"Zaragoza","acom_code":"02","acom_name":"Aragón","geo_point_2d":{"lon":-1.298145605773438,"lat":41.55340510341663}},"geometry":{"type":"Polygon","coordinates":[[[-1.32242,41.55068],[-1.29273,41.53574],[-1.27986,41.53981],[-1.27807,41.54211],[-1.26895,41.54361],[-1.2749,41.55131],[-1.28468,41.5578],[-1.29125,41.56461],[-1.29874,41.56982],[-1.30175,41.57045],[-1.29735,41.57746],[-1.29893,41.57829],[-1.30358,41.57722],[-1.30278,41.57553],[-1.30606,41.57265],[-1.3059,41.57077],[-1.31007,41.56989],[-1.31831,41.56085],[-1.32392,41.55726],[-1.32242,41.55103],[-1.32242,41.55068]]]}},{"type":"Feature","properties":{"mun_code":"50255","mun_name":"Tobed","mun_name_local":null,"prov_code":"50","prov_name":"Zaragoza","acom_code":"02","acom_name":"Aragón","geo_point_2d":{"lon":-1.391306485709726,"lat":41.3453896407471}},"geometry":{"type":"Polygon","coordinates":[[[-1.43694,41.33938],[-1.42626,41.33033],[-1.42666,41.32793],[-1.42352,41.32184],[-1.42446,41.31831],[-1.41942,41.31551],[-1.40954,41.31492],[-1.40729,41.31654],[-1.40016,41.31302],[-1.38401,41.31894],[-1.38175,41.32082],[-1.36972,41.32427],[-1.3609,41.3328],[-1.34485,41.33068],[-1.34359,41.33325],[-1.34611,41.33912],[-1.35802,41.34712],[-1.36911,41.34835],[-1.37159,41.35034],[-1.37243,41.35503],[-1.38038,41.36022],[-1.36975,41.3701],[-1.36174,41.37354],[-1.35249,41.37464],[-1.35665,41.38222],[-1.35665,41.38513],[-1.36361,41.38622],[-1.37582,41.3855],[-1.38182,41.38302],[-1.38604,41.37942],[-1.39254,41.36791],[-1.4037,41.36762],[-1.40503,41.36329],[-1.41271,41.36272],[-1.41993,41.36381],[-1.41805,41.35377],[-1.42551,41.34946],[-1.4341,41.34096],[-1.43694,41.33938]]]}},{"type":"Feature","properties":{"mun_code":"50189","mun_name":"Nonaspe","mun_name_local":null,"prov_code":"50","prov_name":"Zaragoza","acom_code":"02","acom_name":"Aragón","geo_point_2d":{"lon":0.2429941201703941,"lat":41.21236294537293}},"geometry":{"type":"Polygon","coordinates":[[[0.16096,41.25435],[0.15459,41.24593],[0.14964,41.23555],[0.14973,41.22609],[0.15843,41.22301],[0.16303,41.21981],[0.17478,41.21743],[0.18457,41.20825],[0.19826,41.20584],[0.19688,41.20158],[0.19788,41.19659],[0.2008,41.19181],[0.20704,41.18934],[0.20656,41.18602],[0.21179,41.17581],[0.21528,41.17425],[0.22789,41.17274],[0.23365,41.16987],[0.23814,41.16387],[0.24793,41.16032],[0.25299,41.15015],[0.26153,41.14896],[0.27402,41.14917],[0.29199,41.15636],[0.30332,41.16438],[0.30049,41.16682],[0.30381,41.16849],[0.30495,41.1715],[0.30457,41.17671],[0.30704,41.18137],[0.3051,41.18489],[0.30816,41.1864],[0.3095,41.19426],[0.31375,41.19582],[0.31421,41.19824],[0.31182,41.19878],[0.31747,41.21048],[0.31844,41.22009],[0.3224,41.22524],[0.32053,41.23019],[0.31562,41.23537],[0.31552,41.24101],[0.30931,41.25248],[0.30378,41.25433],[0.29921,41.25363],[0.29707,41.2492],[0.30086,41.24211],[0.29987,41.23834],[0.29345,41.23268],[0.28558,41.23145],[0.28195,41.23249],[0.27332,41.24027],[0.26737,41.2493],[0.25193,41.25509],[0.24853,41.25875],[0.24558,41.25621],[0.22674,41.2533],[0.21888,41.25592],[0.2128,41.25963],[0.20086,41.26188],[0.1977,41.26412],[0.19443,41.26337],[0.19379,41.2619],[0.18783,41.26267],[0.18365,41.25926],[0.17213,41.26303],[0.16503,41.26024],[0.1617,41.25569],[0.16096,41.25435]]]}},{"type":"Feature","properties":{"mun_code":"50281","mun_name":"Vierlas","mun_name_local":null,"prov_code":"50","prov_name":"Zaragoza","acom_code":"02","acom_name":"Aragón","geo_point_2d":{"lon":-1.6839708291016409,"lat":41.930495253003386}},"geometry":{"type":"Polygon","coordinates":[[[-1.69183,41.93206],[-1.69526,41.92591],[-1.69138,41.91998],[-1.68773,41.92214],[-1.67688,41.92109],[-1.67952,41.92814],[-1.67678,41.93058],[-1.67413,41.92986],[-1.67349,41.93278],[-1.67109,41.93353],[-1.6728,41.93605],[-1.67179,41.93929],[-1.67332,41.94143],[-1.67418,41.93558],[-1.68072,41.93981],[-1.68451,41.9395],[-1.68709,41.94078],[-1.69138,41.9336],[-1.69183,41.93206]]]}},{"type":"Feature","properties":{"mun_code":"50003","mun_name":"Agón","mun_name_local":null,"prov_code":"50","prov_name":"Zaragoza","acom_code":"02","acom_name":"Aragón","geo_point_2d":{"lon":-1.435238336706355,"lat":41.846691928414415}},"geometry":{"type":"Polygon","coordinates":[[[-1.48777,41.87696],[-1.49461,41.87139],[-1.48329,41.85686],[-1.47942,41.8548],[-1.46403,41.85526],[-1.46082,41.85302],[-1.45165,41.84999],[-1.44999,41.85047],[-1.4489,41.84801],[-1.45107,41.84645],[-1.45001,41.84331],[-1.45173,41.84218],[-1.44974,41.84201],[-1.45361,41.84006],[-1.45159,41.83663],[-1.4445,41.83807],[-1.44201,41.83771],[-1.44244,41.83639],[-1.4397,41.83799],[-1.43937,41.83624],[-1.43732,41.8368],[-1.43471,41.83538],[-1.42726,41.83681],[-1.40478,41.82094],[-1.38964,41.81626],[-1.38078,41.81538],[-1.38129,41.82573],[-1.38504,41.83458],[-1.39006,41.84142],[-1.39409,41.84175],[-1.39606,41.83952],[-1.40206,41.84201],[-1.405,41.84013],[-1.40583,41.84222],[-1.41391,41.84608],[-1.43232,41.85204],[-1.44357,41.85209],[-1.44592,41.85054],[-1.44634,41.85243],[-1.44795,41.85172],[-1.45111,41.85363],[-1.44841,41.86158],[-1.45039,41.86968],[-1.45135,41.86827],[-1.45278,41.86978],[-1.45334,41.86828],[-1.45708,41.87061],[-1.4588,41.86978],[-1.46736,41.87371],[-1.47244,41.87424],[-1.47365,41.87562],[-1.47786,41.87586],[-1.47839,41.87469],[-1.48657,41.87808],[-1.48777,41.87696]]]}},{"type":"Feature","properties":{"mun_code":"50144","mun_name":"Longás","mun_name_local":null,"prov_code":"50","prov_name":"Zaragoza","acom_code":"02","acom_name":"Aragón","geo_point_2d":{"lon":-0.9323714848592879,"lat":42.47605239403225}},"geometry":{"type":"Polygon","coordinates":[[[-0.98724,42.45773],[-0.98173,42.45891],[-0.96861,42.45828],[-0.96673,42.45756],[-0.96723,42.45603],[-0.95531,42.45492],[-0.95091,42.45212],[-0.9351,42.44675],[-0.93731,42.44424],[-0.91597,42.43275],[-0.91398,42.43242],[-0.90842,42.43747],[-0.90563,42.43646],[-0.89628,42.4438],[-0.90637,42.44976],[-0.90376,42.45324],[-0.89643,42.4569],[-0.8963,42.46039],[-0.8819,42.45706],[-0.87772,42.46164],[-0.87725,42.46661],[-0.8796,42.46973],[-0.89012,42.47639],[-0.89702,42.47908],[-0.89029,42.49037],[-0.89308,42.49375],[-0.89256,42.49919],[-0.89389,42.50049],[-0.89141,42.50492],[-0.89299,42.50985],[-0.89995,42.51197],[-0.91238,42.50772],[-0.91325,42.50384],[-0.92666,42.5028],[-0.93499,42.50609],[-0.94668,42.50673],[-0.95277,42.50525],[-0.95972,42.50769],[-0.95879,42.50957],[-0.96472,42.51147],[-0.97448,42.50763],[-0.97613,42.50622],[-0.97697,42.49551],[-0.97983,42.49013],[-0.97849,42.47616],[-0.98402,42.46906],[-0.9873,42.45815],[-0.98724,42.45773]]]}},{"type":"Feature","properties":{"mun_code":"50005","mun_name":"Aguilón","mun_name_local":null,"prov_code":"50","prov_name":"Zaragoza","acom_code":"02","acom_name":"Aragón","geo_point_2d":{"lon":-1.0165119127194822,"lat":41.29002406718162}},"geometry":{"type":"Polygon","coordinates":[[[-1.07535,41.26855],[-1.07284,41.26021],[-1.05098,41.25428],[-1.03098,41.25604],[-0.9935,41.26551],[-0.9626,41.279],[-0.95535,41.28359],[-0.94995,41.30541],[-0.9456,41.30587],[-0.94902,41.31591],[-0.97627,41.32222],[-0.98291,41.31506],[-1.03708,41.3156],[-1.04313,41.32445],[-1.05683,41.32964],[-1.05718,41.31306],[-1.06242,41.29909],[-1.08333,41.29628],[-1.08617,41.29421],[-1.07253,41.28647],[-1.06915,41.28128],[-1.07385,41.2733],[-1.07303,41.27056],[-1.07433,41.26957],[-1.07535,41.26855]]]}},{"type":"Feature","properties":{"mun_code":"50150","mun_name":"Lumpiaque","mun_name_local":null,"prov_code":"50","prov_name":"Zaragoza","acom_code":"02","acom_name":"Aragón","geo_point_2d":{"lon":-1.3542746874665605,"lat":41.642397613078764}},"geometry":{"type":"Polygon","coordinates":[[[-1.43012,41.64602],[-1.42645,41.6469],[-1.41882,41.64591],[-1.41244,41.64082],[-1.40531,41.63736],[-1.39423,41.63424],[-1.37617,41.63158],[-1.365,41.62807],[-1.35534,41.62721],[-1.34713,41.62877],[-1.33059,41.6256],[-1.31976,41.62654],[-1.30929,41.62358],[-1.30304,41.6246],[-1.30096,41.62645],[-1.28843,41.6213],[-1.28473,41.62425],[-1.28804,41.62626],[-1.28571,41.6344],[-1.2893,41.63896],[-1.29557,41.63891],[-1.31335,41.64714],[-1.33509,41.65127],[-1.35243,41.6596],[-1.35447,41.66492],[-1.36717,41.66378],[-1.38033,41.66531],[-1.388,41.65818],[-1.38462,41.65661],[-1.38462,41.65416],[-1.38713,41.65337],[-1.39101,41.65459],[-1.41471,41.6545],[-1.42037,41.65091],[-1.42054,41.64951],[-1.42242,41.65088],[-1.42446,41.65057],[-1.42483,41.64784],[-1.42975,41.64651],[-1.43012,41.64602]]]}},{"type":"Feature","properties":{"mun_code":"50134","mun_name":"Langa del Castillo","mun_name_local":null,"prov_code":"50","prov_name":"Zaragoza","acom_code":"02","acom_name":"Aragón","geo_point_2d":{"lon":-1.3977859209544796,"lat":41.218398496570906}},"geometry":{"type":"Polygon","coordinates":[[[-1.44967,41.18786],[-1.44448,41.19023],[-1.42964,41.18278],[-1.41153,41.17834],[-1.40167,41.1778],[-1.37604,41.18643],[-1.36925,41.19063],[-1.37042,41.19276],[-1.36363,41.20307],[-1.36308,41.22076],[-1.36427,41.23329],[-1.36834,41.23669],[-1.34574,41.25631],[-1.35089,41.26387],[-1.35282,41.26513],[-1.36474,41.26598],[-1.36952,41.26991],[-1.3746,41.27149],[-1.37376,41.26475],[-1.38657,41.26059],[-1.38751,41.25896],[-1.38619,41.25668],[-1.39282,41.25392],[-1.39279,41.25047],[-1.39557,41.247],[-1.3992,41.24578],[-1.40362,41.24821],[-1.40724,41.24616],[-1.41696,41.24421],[-1.42052,41.24161],[-1.43706,41.21922],[-1.44996,41.2053],[-1.44822,41.19532],[-1.44961,41.18962],[-1.44967,41.18786]]]}},{"type":"Feature","properties":{"mun_code":"50151","mun_name":"Luna","mun_name_local":null,"prov_code":"50","prov_name":"Zaragoza","acom_code":"02","acom_name":"Aragón","geo_point_2d":{"lon":-0.9258613118799334,"lat":42.163237945184456}},"geometry":{"type":"Polygon","coordinates":[[[-1.04135,42.18393],[-1.05065,42.17971],[-1.04548,42.17384],[-1.04623,42.1706],[-1.04477,42.16848],[-1.03919,42.16533],[-1.03946,42.16169],[-1.03543,42.16136],[-1.03488,42.15993],[-1.03203,42.15934],[-1.02541,42.16179],[-1.02408,42.15986],[-1.01655,42.14389],[-1.01664,42.13625],[-1.01438,42.1289],[-1.01529,42.12371],[-1.00526,42.12427],[-0.9989,42.11881],[-0.98805,42.11691],[-0.9757,42.10964],[-0.97552,42.1147],[-0.97281,42.11851],[-0.96809,42.11992],[-0.95983,42.12521],[-0.95599,42.12531],[-0.9551,42.12952],[-0.95288,42.12928],[-0.95226,42.13068],[-0.94836,42.1318],[-0.94026,42.12569],[-0.93799,42.12631],[-0.9338,42.11239],[-0.9359,42.10497],[-0.94919,42.09727],[-0.97155,42.09599],[-0.97932,42.09759],[-0.98462,42.09704],[-0.98407,42.09876],[-0.99445,42.10034],[-0.99957,42.10336],[-1.00138,42.10113],[-1.01176,42.09945],[-1.01365,42.09571],[-1.01708,42.09631],[-1.01447,42.10047],[-1.0161,42.10165],[-1.02428,42.0985],[-1.02695,42.09937],[-1.03257,42.06763],[-1.03084,42.06209],[-1.02058,42.05959],[-1.00964,42.05867],[-0.99499,42.05013],[-0.98709,42.05516],[-0.98095,42.05392],[-0.97409,42.05616],[-0.96438,42.05438],[-0.96282,42.05715],[-0.96369,42.06248],[-0.95987,42.06609],[-0.94829,42.06912],[-0.95057,42.07062],[-0.9395,42.07326],[-0.93698,42.07648],[-0.93228,42.06971],[-0.93416,42.0689],[-0.92928,42.06419],[-0.92421,42.06409],[-0.91904,42.06708],[-0.91841,42.07433],[-0.9162,42.07482],[-0.91595,42.08007],[-0.91082,42.07728],[-0.90662,42.07718],[-0.90342,42.07436],[-0.90261,42.06995],[-0.89844,42.07088],[-0.89665,42.06984],[-0.89121,42.07168],[-0.89154,42.07609],[-0.8784,42.07037],[-0.88273,42.06401],[-0.88635,42.0643],[-0.88458,42.06107],[-0.88044,42.0589],[-0.87877,42.05344],[-0.85543,42.05323],[-0.84424,42.05931],[-0.82817,42.08255],[-0.80508,42.09643],[-0.80603,42.10366],[-0.81708,42.11897],[-0.8178,42.13145],[-0.85543,42.11505],[-0.8628,42.11786],[-0.86378,42.1198],[-0.86144,42.12573],[-0.87068,42.13127],[-0.87932,42.13239],[-0.87773,42.13614],[-0.87996,42.14327],[-0.88355,42.14254],[-0.88878,42.14412],[-0.88764,42.14741],[-0.88928,42.15154],[-0.88629,42.15365],[-0.88893,42.15811],[-0.88872,42.16134],[-0.88557,42.16519],[-0.89317,42.17109],[-0.89196,42.18382],[-0.8898,42.18182],[-0.88838,42.18446],[-0.88083,42.18173],[-0.88014,42.18482],[-0.87787,42.18654],[-0.86335,42.18467],[-0.85963,42.18231],[-0.85655,42.18504],[-0.84655,42.18668],[-0.84381,42.19392],[-0.83927,42.19473],[-0.82442,42.18509],[-0.81955,42.18355],[-0.8183,42.18553],[-0.82085,42.1914],[-0.82246,42.20722],[-0.82876,42.21044],[-0.83845,42.22867],[-0.83759,42.23261],[-0.83005,42.2408],[-0.82417,42.25161],[-0.8131,42.26449],[-0.82299,42.26966],[-0.82825,42.27405],[-0.83234,42.27371],[-0.83641,42.27606],[-0.8389,42.27963],[-0.84393,42.28283],[-0.85153,42.27828],[-0.85505,42.27763],[-0.85793,42.27474],[-0.86827,42.28096],[-0.8772,42.28144],[-0.87914,42.27732],[-0.88343,42.27531],[-0.88825,42.26497],[-0.89118,42.26304],[-0.88983,42.25645],[-0.88709,42.25568],[-0.89089,42.24865],[-0.88651,42.2446],[-0.88881,42.24093],[-0.89141,42.23994],[-0.89362,42.24022],[-0.89795,42.24416],[-0.89584,42.24756],[-0.90165,42.25086],[-0.90995,42.25171],[-0.91801,42.2555],[-0.92342,42.24954],[-0.93134,42.2479],[-0.93523,42.25172],[-0.93921,42.25323],[-0.94434,42.25455],[-0.95009,42.25396],[-0.95649,42.25734],[-0.9624,42.25765],[-0.96942,42.26349],[-0.97198,42.26787],[-0.97541,42.26893],[-0.98064,42.26574],[-0.98312,42.25556],[-0.98618,42.25116],[-0.99117,42.24796],[-0.99742,42.23352],[-1.00184,42.23003],[-1.00253,42.2275],[-1.00721,42.22692],[-1.02145,42.21421],[-1.02127,42.21152],[-1.02505,42.20653],[-1.02899,42.19609],[-1.02716,42.18907],[-1.03189,42.18873],[-1.04012,42.18511],[-1.04135,42.18393]]]}},{"type":"Feature","properties":{"mun_code":"50258","mun_name":"Torralbilla","mun_name_local":null,"prov_code":"50","prov_name":"Zaragoza","acom_code":"02","acom_name":"Aragón","geo_point_2d":{"lon":-1.3410510550341481,"lat":41.22036236998674}},"geometry":{"type":"Polygon","coordinates":[[[-1.36925,41.19063],[-1.35812,41.17929],[-1.34194,41.19409],[-1.32261,41.20325],[-1.31023,41.22638],[-1.31104,41.23632],[-1.29761,41.25015],[-1.30693,41.25111],[-1.31073,41.25022],[-1.31609,41.24262],[-1.3195,41.24222],[-1.32252,41.23814],[-1.3266,41.23688],[-1.33945,41.24844],[-1.34574,41.25631],[-1.36834,41.23669],[-1.36427,41.23329],[-1.36355,41.20349],[-1.37055,41.19207],[-1.36925,41.19063]]]}},{"type":"Feature","properties":{"mun_code":"50296","mun_name":"La Zaida","mun_name_local":null,"prov_code":"50","prov_name":"Zaragoza","acom_code":"02","acom_name":"Aragón","geo_point_2d":{"lon":-0.44534480841625795,"lat":41.33109542713321}},"geometry":{"type":"Polygon","coordinates":[[[-0.47993,41.34593],[-0.47707,41.32931],[-0.47472,41.32408],[-0.47016,41.31825],[-0.45977,41.31599],[-0.45926,41.31843],[-0.44335,41.31301],[-0.42427,41.31353],[-0.42423,41.31218],[-0.42076,41.31174],[-0.42273,41.31834],[-0.41999,41.32099],[-0.42023,41.32672],[-0.41293,41.32934],[-0.39226,41.32503],[-0.38725,41.32446],[-0.38632,41.32582],[-0.39334,41.32749],[-0.39745,41.33151],[-0.40514,41.33384],[-0.42186,41.33313],[-0.42827,41.33956],[-0.43177,41.34859],[-0.4443,41.35025],[-0.45909,41.34602],[-0.47015,41.34703],[-0.4783,41.34604],[-0.47993,41.34593]]]}},{"type":"Feature","properties":{"mun_code":"50040","mun_name":"Badules","mun_name_local":null,"prov_code":"50","prov_name":"Zaragoza","acom_code":"02","acom_name":"Aragón","geo_point_2d":{"lon":-1.2387892938209364,"lat":41.153033464854204}},"geometry":{"type":"Polygon","coordinates":[[[-1.27314,41.14841],[-1.26859,41.14502],[-1.26019,41.12939],[-1.2547,41.12257],[-1.24932,41.12562],[-1.23935,41.12684],[-1.22712,41.13022],[-1.21528,41.13752],[-1.22054,41.14095],[-1.22446,41.14668],[-1.21938,41.15428],[-1.21495,41.16943],[-1.21415,41.18944],[-1.22116,41.18859],[-1.22839,41.18479],[-1.23216,41.17841],[-1.23931,41.17763],[-1.24256,41.17226],[-1.26668,41.15191],[-1.27314,41.14841]]]}},{"type":"Feature","properties":{"mun_code":"50227","mun_name":"Romanos","mun_name_local":null,"prov_code":"50","prov_name":"Zaragoza","acom_code":"02","acom_name":"Aragón","geo_point_2d":{"lon":-1.287314941211548,"lat":41.121814814194785}},"geometry":{"type":"Polygon","coordinates":[[[-1.31501,41.12213],[-1.31846,41.1123],[-1.31563,41.10252],[-1.31077,41.09419],[-1.30077,41.10056],[-1.29265,41.10347],[-1.28466,41.10421],[-1.27137,41.10328],[-1.26702,41.10552],[-1.2547,41.12257],[-1.26019,41.12939],[-1.26859,41.14502],[-1.27314,41.14841],[-1.27609,41.14642],[-1.29808,41.1433],[-1.30519,41.1309],[-1.31352,41.12436],[-1.31501,41.12213]]]}},{"type":"Feature","properties":{"mun_code":"50070","mun_name":"Calmarza","mun_name_local":null,"prov_code":"50","prov_name":"Zaragoza","acom_code":"02","acom_name":"Aragón","geo_point_2d":{"lon":-1.9268530139906785,"lat":41.166625184261996}},"geometry":{"type":"Polygon","coordinates":[[[-1.96212,41.17133],[-1.95902,41.17249],[-1.94833,41.16685],[-1.94774,41.16148],[-1.93916,41.15247],[-1.93916,41.14734],[-1.93245,41.13859],[-1.92165,41.13429],[-1.90575,41.13411],[-1.89994,41.13546],[-1.89053,41.13304],[-1.88785,41.13483],[-1.88875,41.1436],[-1.88573,41.14553],[-1.90432,41.17566],[-1.91113,41.18048],[-1.92158,41.1834],[-1.92784,41.18339],[-1.93423,41.18653],[-1.93777,41.19048],[-1.9426,41.20782],[-1.94864,41.21455],[-1.96194,41.19769],[-1.96047,41.17991],[-1.96315,41.17796],[-1.96212,41.17133]]]}},{"type":"Feature","properties":{"mun_code":"50192","mun_name":"Nuévalos","mun_name_local":null,"prov_code":"50","prov_name":"Zaragoza","acom_code":"02","acom_name":"Aragón","geo_point_2d":{"lon":-1.7762147609468584,"lat":41.20227819368565}},"geometry":{"type":"Polygon","coordinates":[[[-1.80955,41.1684],[-1.80415,41.16154],[-1.79962,41.16056],[-1.78859,41.16217],[-1.78593,41.16057],[-1.77849,41.16254],[-1.76774,41.16815],[-1.7614,41.17361],[-1.76048,41.17521],[-1.76306,41.17928],[-1.75794,41.17597],[-1.76147,41.18395],[-1.75955,41.18947],[-1.75129,41.19123],[-1.74722,41.18963],[-1.7385,41.19564],[-1.73986,41.19804],[-1.7343,41.20099],[-1.73038,41.20542],[-1.72719,41.21499],[-1.72994,41.21826],[-1.73961,41.22265],[-1.74194,41.22796],[-1.75419,41.23545],[-1.76037,41.23728],[-1.76397,41.23659],[-1.7676,41.23396],[-1.77678,41.23591],[-1.78119,41.23406],[-1.80335,41.23729],[-1.81181,41.2303],[-1.81111,41.22537],[-1.80295,41.22339],[-1.80469,41.21298],[-1.81024,41.20339],[-1.80826,41.19959],[-1.81078,41.18999],[-1.8082,41.1793],[-1.81101,41.17539],[-1.80897,41.17107],[-1.80955,41.1684]]]}},{"type":"Feature","properties":{"mun_code":"50257","mun_name":"Torralba de Ribota","mun_name_local":null,"prov_code":"50","prov_name":"Zaragoza","acom_code":"02","acom_name":"Aragón","geo_point_2d":{"lon":-1.6757079979981,"lat":41.422575301037256}},"geometry":{"type":"Polygon","coordinates":[[[-1.71798,41.39066],[-1.71549,41.38953],[-1.70827,41.39031],[-1.69965,41.38779],[-1.69079,41.38851],[-1.68163,41.38662],[-1.68027,41.38719],[-1.68234,41.39061],[-1.68038,41.39185],[-1.68137,41.39326],[-1.67786,41.39531],[-1.6775,41.39854],[-1.67488,41.39988],[-1.67688,41.40029],[-1.67767,41.40265],[-1.67214,41.40991],[-1.66737,41.41256],[-1.65937,41.41053],[-1.65471,41.41202],[-1.64525,41.41177],[-1.64156,41.41646],[-1.6292,41.42138],[-1.63305,41.42797],[-1.63463,41.43609],[-1.64767,41.45344],[-1.65124,41.45622],[-1.66583,41.45943],[-1.66826,41.46171],[-1.67395,41.45446],[-1.68954,41.44289],[-1.68883,41.43809],[-1.69576,41.42945],[-1.69971,41.42703],[-1.7016,41.42245],[-1.70301,41.42213],[-1.70463,41.42566],[-1.70627,41.42167],[-1.70896,41.42242],[-1.71394,41.42125],[-1.71453,41.41579],[-1.7126,41.40908],[-1.71872,41.40483],[-1.72103,41.39938],[-1.71824,41.39106],[-1.71798,41.39066]]]}},{"type":"Feature","properties":{"mun_code":"50159","mun_name":"Maluenda","mun_name_local":null,"prov_code":"50","prov_name":"Zaragoza","acom_code":"02","acom_name":"Aragón","geo_point_2d":{"lon":-1.6299215649331216,"lat":41.27403161747201}},"geometry":{"type":"Polygon","coordinates":[[[-1.68053,41.26805],[-1.68388,41.26574],[-1.68274,41.25764],[-1.68461,41.25562],[-1.68331,41.25274],[-1.6843,41.25157],[-1.67748,41.24289],[-1.66752,41.24796],[-1.65704,41.24619],[-1.65461,41.24794],[-1.65558,41.25046],[-1.64645,41.2545],[-1.64511,41.25636],[-1.64017,41.25779],[-1.63678,41.25675],[-1.63818,41.25433],[-1.63504,41.24699],[-1.63451,41.23802],[-1.63899,41.22903],[-1.64,41.22072],[-1.63801,41.22042],[-1.63695,41.22261],[-1.61712,41.23076],[-1.62022,41.23631],[-1.61987,41.23978],[-1.61629,41.2448],[-1.61627,41.25627],[-1.61117,41.26702],[-1.61363,41.26919],[-1.61434,41.2748],[-1.60789,41.27872],[-1.56785,41.29108],[-1.57034,41.29915],[-1.57874,41.31087],[-1.58879,41.31063],[-1.63041,41.30272],[-1.64529,41.28905],[-1.66523,41.28463],[-1.67102,41.27979],[-1.67861,41.26794],[-1.68053,41.26805]]]}},{"type":"Feature","properties":{"mun_code":"50054","mun_name":"Bordalba","mun_name_local":null,"prov_code":"50","prov_name":"Zaragoza","acom_code":"02","acom_name":"Aragón","geo_point_2d":{"lon":-2.0777878525363622,"lat":41.41034269668281}},"geometry":{"type":"Polygon","coordinates":[[[-2.11945,41.39033],[-2.10392,41.38394],[-2.09767,41.37834],[-2.08672,41.37688],[-2.06195,41.38498],[-2.05235,41.3855],[-2.04353,41.38098],[-2.03887,41.38028],[-2.03419,41.38634],[-2.03828,41.3893],[-2.04236,41.389],[-2.04358,41.39715],[-2.03477,41.40442],[-2.03562,41.42689],[-2.0471,41.43433],[-2.10152,41.44579],[-2.10339,41.43926],[-2.11064,41.4354],[-2.11662,41.42551],[-2.11607,41.40871],[-2.11828,41.39618],[-2.12053,41.39432],[-2.11945,41.39033]]]}},{"type":"Feature","properties":{"mun_code":"50169","mun_name":"Miedes de Aragón","mun_name_local":null,"prov_code":"50","prov_name":"Zaragoza","acom_code":"02","acom_name":"Aragón","geo_point_2d":{"lon":-1.459708973617456,"lat":41.245224977175546}},"geometry":{"type":"Polygon","coordinates":[[[-1.52905,41.25762],[-1.52831,41.25152],[-1.50931,41.24201],[-1.50019,41.23425],[-1.49472,41.22748],[-1.49466,41.22496],[-1.48693,41.21793],[-1.46997,41.21377],[-1.46722,41.20894],[-1.47506,41.20655],[-1.47626,41.20473],[-1.47436,41.20183],[-1.45241,41.19239],[-1.45026,41.18718],[-1.44822,41.19532],[-1.44996,41.2053],[-1.43706,41.21922],[-1.42101,41.24124],[-1.41696,41.24421],[-1.40724,41.24616],[-1.40362,41.24821],[-1.3992,41.24578],[-1.39634,41.24659],[-1.39279,41.25047],[-1.39282,41.25392],[-1.38751,41.25534],[-1.38597,41.25703],[-1.39245,41.26238],[-1.39809,41.2649],[-1.40229,41.26936],[-1.40712,41.2702],[-1.42661,41.28147],[-1.42923,41.27787],[-1.4353,41.27539],[-1.44683,41.26602],[-1.45262,41.26824],[-1.46074,41.26586],[-1.46677,41.27099],[-1.47969,41.27437],[-1.50417,41.27428],[-1.51589,41.26286],[-1.5287,41.25795],[-1.52905,41.25762]]]}},{"type":"Feature","properties":{"mun_code":"50187","mun_name":"Nigüella","mun_name_local":null,"prov_code":"50","prov_name":"Zaragoza","acom_code":"02","acom_name":"Aragón","geo_point_2d":{"lon":-1.5059410738316839,"lat":41.55832577816021}},"geometry":{"type":"Polygon","coordinates":[[[-1.56672,41.52093],[-1.56414,41.5212],[-1.56309,41.52323],[-1.5579,41.5259],[-1.55206,41.52635],[-1.54176,41.52612],[-1.53604,41.52294],[-1.52498,41.5225],[-1.51454,41.52441],[-1.5102,41.52719],[-1.50003,41.54335],[-1.4894,41.55123],[-1.48093,41.55465],[-1.48253,41.56095],[-1.45727,41.57705],[-1.45324,41.58107],[-1.45091,41.58613],[-1.45659,41.58989],[-1.462,41.58894],[-1.47083,41.59424],[-1.4747,41.59858],[-1.4949,41.5888],[-1.49863,41.58837],[-1.51645,41.57703],[-1.51703,41.57083],[-1.52559,41.56087],[-1.52318,41.55468],[-1.52451,41.55094],[-1.52341,41.54669],[-1.53433,41.54231],[-1.53759,41.54368],[-1.54915,41.54021],[-1.55875,41.54163],[-1.56358,41.5399],[-1.56629,41.5295],[-1.56434,41.52674],[-1.56665,41.5236],[-1.56672,41.52093]]]}},{"type":"Feature","properties":{"mun_code":"50295","mun_name":"Vistabella","mun_name_local":null,"prov_code":"50","prov_name":"Zaragoza","acom_code":"02","acom_name":"Aragón","geo_point_2d":{"lon":-1.159942239892278,"lat":41.21076632518836}},"geometry":{"type":"Polygon","coordinates":[[[-1.19457,41.19016],[-1.1875,41.19056],[-1.18154,41.18913],[-1.17507,41.18533],[-1.16493,41.1919],[-1.15452,41.18855],[-1.14891,41.19052],[-1.1416,41.20024],[-1.13854,41.19966],[-1.13367,41.20136],[-1.12482,41.21169],[-1.12545,41.2137],[-1.12135,41.21899],[-1.12598,41.22632],[-1.14476,41.23086],[-1.14673,41.23296],[-1.15647,41.23192],[-1.16518,41.22762],[-1.17788,41.22974],[-1.18358,41.22933],[-1.1902,41.226],[-1.19127,41.22397],[-1.18979,41.21959],[-1.18512,41.21603],[-1.18569,41.21115],[-1.193,41.20237],[-1.19068,41.1952],[-1.19248,41.19138],[-1.19457,41.19016]]]}},{"type":"Feature","properties":{"mun_code":"50061","mun_name":"Bureta","mun_name_local":null,"prov_code":"50","prov_name":"Zaragoza","acom_code":"02","acom_name":"Aragón","geo_point_2d":{"lon":-1.4905153015475905,"lat":41.79778220595881}},"geometry":{"type":"Polygon","coordinates":[[[-1.50196,41.81887],[-1.50198,41.81607],[-1.5052,41.81409],[-1.50113,41.80867],[-1.501,41.79997],[-1.50593,41.793],[-1.50324,41.77285],[-1.50041,41.76711],[-1.49734,41.76448],[-1.48152,41.78697],[-1.47103,41.78527],[-1.47051,41.78939],[-1.47725,41.79956],[-1.47751,41.82034],[-1.47993,41.82369],[-1.484,41.82317],[-1.49604,41.82524],[-1.49705,41.82177],[-1.50123,41.81911],[-1.50196,41.81887]]]}},{"type":"Feature","properties":{"mun_code":"50176","mun_name":"Morata de Jiloca","mun_name_local":null,"prov_code":"50","prov_name":"Zaragoza","acom_code":"02","acom_name":"Aragón","geo_point_2d":{"lon":-1.581966496014042,"lat":41.24780497456159}},"geometry":{"type":"Polygon","coordinates":[[[-1.61862,41.22968],[-1.60982,41.22286],[-1.60065,41.22109],[-1.58447,41.21924],[-1.57798,41.2234],[-1.5748,41.22795],[-1.57078,41.22971],[-1.56124,41.24346],[-1.56537,41.24676],[-1.5412,41.26092],[-1.55416,41.2756],[-1.56165,41.27968],[-1.5829,41.27027],[-1.59137,41.26014],[-1.61629,41.2448],[-1.61934,41.24142],[-1.62022,41.23631],[-1.61775,41.23019],[-1.61862,41.22968]]]}},{"type":"Feature","properties":{"mun_code":"50161","mun_name":"Manchones","mun_name_local":null,"prov_code":"50","prov_name":"Zaragoza","acom_code":"02","acom_name":"Aragón","geo_point_2d":{"lon":-1.4546161010699488,"lat":41.154624081869315}},"geometry":{"type":"Polygon","coordinates":[[[-1.52629,41.12785],[-1.49895,41.12741],[-1.48691,41.1256],[-1.47646,41.12727],[-1.46159,41.13309],[-1.4575,41.13336],[-1.46088,41.13825],[-1.45727,41.14252],[-1.45299,41.14103],[-1.45006,41.13819],[-1.44512,41.13961],[-1.43403,41.14828],[-1.43276,41.152],[-1.42911,41.15492],[-1.42593,41.15522],[-1.42345,41.15321],[-1.42045,41.15315],[-1.42133,41.15536],[-1.4178,41.16139],[-1.41384,41.15884],[-1.40482,41.16322],[-1.40167,41.1778],[-1.41846,41.17976],[-1.42964,41.18278],[-1.43648,41.18609],[-1.45163,41.17599],[-1.46906,41.16676],[-1.47572,41.15519],[-1.49372,41.14187],[-1.52417,41.12907],[-1.52629,41.12785]]]}},{"type":"Feature","properties":{"mun_code":"50217","mun_name":"Pradilla de Ebro","mun_name_local":null,"prov_code":"50","prov_name":"Zaragoza","acom_code":"02","acom_name":"Aragón","geo_point_2d":{"lon":-1.186263628409904,"lat":41.87354321771736}},"geometry":{"type":"MultiPolygon","coordinates":[[[[-1.2333,41.86331],[-1.23713,41.86751],[-1.24444,41.86754],[-1.2496,41.87194],[-1.26556,41.87784],[-1.27887,41.88582],[-1.27981,41.88472],[-1.28138,41.88518],[-1.28511,41.87683],[-1.28439,41.87503],[-1.27911,41.87768],[-1.27215,41.877],[-1.26964,41.87131],[-1.2713,41.8656],[-1.26677,41.85911],[-1.28149,41.85264],[-1.27878,41.85064],[-1.27511,41.8503],[-1.26311,41.85742],[-1.25823,41.85413],[-1.24739,41.85521],[-1.23559,41.86238],[-1.2333,41.86331]]],[[[-1.10058,41.88516],[-1.1145,41.89054],[-1.17962,41.88431],[-1.19403,41.88467],[-1.20689,41.88093],[-1.21004,41.8788],[-1.21267,41.87206],[-1.20412,41.86509],[-1.19697,41.86289],[-1.13945,41.86397],[-1.13255,41.86682],[-1.13159,41.8692],[-1.12083,41.87713],[-1.10711,41.88075],[-1.10225,41.88387],[-1.10058,41.88516]]]]}},{"type":"Feature","properties":{"mun_code":"50121","mun_name":"Gotor","mun_name_local":null,"prov_code":"50","prov_name":"Zaragoza","acom_code":"02","acom_name":"Aragón","geo_point_2d":{"lon":-1.6548170712959105,"lat":41.549724261560314}},"geometry":{"type":"Polygon","coordinates":[[[-1.69276,41.52393],[-1.68615,41.52035],[-1.68216,41.51513],[-1.67719,41.51296],[-1.67206,41.51844],[-1.67167,41.52152],[-1.65838,41.52652],[-1.65214,41.53474],[-1.6425,41.53845],[-1.63837,41.54368],[-1.63854,41.54735],[-1.63377,41.55824],[-1.62737,41.56749],[-1.63266,41.57364],[-1.63009,41.57675],[-1.63112,41.57906],[-1.63713,41.58198],[-1.63863,41.58644],[-1.64459,41.58687],[-1.64677,41.58929],[-1.64883,41.58852],[-1.65615,41.56443],[-1.65406,41.55949],[-1.65492,41.55414],[-1.66382,41.5459],[-1.6658,41.54573],[-1.67257,41.53825],[-1.67819,41.53609],[-1.67939,41.53348],[-1.68753,41.53033],[-1.69276,41.52393]]]}},{"type":"Feature","properties":{"mun_code":"50230","mun_name":"Sádaba","mun_name_local":null,"prov_code":"50","prov_name":"Zaragoza","acom_code":"02","acom_name":"Aragón","geo_point_2d":{"lon":-1.3322374524123188,"lat":42.27137726476693}},"geometry":{"type":"Polygon","coordinates":[[[-1.41337,42.20222],[-1.38819,42.21219],[-1.33232,42.2262],[-1.30165,42.22734],[-1.28851,42.22349],[-1.28219,42.23066],[-1.28027,42.2447],[-1.27773,42.24914],[-1.26508,42.25365],[-1.256,42.25428],[-1.22981,42.27108],[-1.25727,42.29104],[-1.25759,42.29707],[-1.26187,42.30231],[-1.26896,42.30174],[-1.27832,42.30786],[-1.28309,42.31239],[-1.28538,42.31964],[-1.28918,42.3246],[-1.29329,42.32533],[-1.29477,42.32438],[-1.31137,42.32394],[-1.32347,42.32736],[-1.3418,42.33989],[-1.34318,42.34252],[-1.35228,42.33952],[-1.37515,42.31572],[-1.38366,42.30373],[-1.39908,42.2913],[-1.38989,42.27853],[-1.39137,42.27212],[-1.3955,42.26946],[-1.39497,42.26377],[-1.39976,42.25642],[-1.39988,42.24551],[-1.41636,42.222],[-1.41753,42.21237],[-1.41493,42.20549],[-1.41337,42.20222]]]}},{"type":"Feature","properties":{"mun_code":"50267","mun_name":"Uncastillo","mun_name_local":null,"prov_code":"50","prov_name":"Zaragoza","acom_code":"02","acom_name":"Aragón","geo_point_2d":{"lon":-1.1537560045163253,"lat":42.36516587981072}},"geometry":{"type":"Polygon","coordinates":[[[-1.28918,42.3246],[-1.28538,42.31964],[-1.28309,42.31239],[-1.26896,42.30174],[-1.26187,42.30231],[-1.25843,42.30605],[-1.254,42.30564],[-1.24931,42.30971],[-1.24315,42.30795],[-1.23813,42.30879],[-1.23171,42.30267],[-1.23102,42.29786],[-1.23597,42.29518],[-1.24145,42.29457],[-1.24593,42.29051],[-1.25023,42.28968],[-1.25727,42.29104],[-1.22981,42.27108],[-1.2209,42.27538],[-1.21465,42.28411],[-1.20529,42.29014],[-1.17459,42.29533],[-1.17074,42.29278],[-1.16747,42.28808],[-1.16316,42.29336],[-1.15745,42.29546],[-1.14954,42.2957],[-1.14825,42.29809],[-1.13904,42.3042],[-1.12322,42.30585],[-1.11563,42.30813],[-1.10807,42.31377],[-1.10101,42.31668],[-1.09892,42.32244],[-1.09596,42.32444],[-1.08453,42.32051],[-1.07546,42.31908],[-1.07163,42.34047],[-1.07218,42.34748],[-1.06873,42.37658],[-1.06257,42.38234],[-1.06228,42.39236],[-1.04862,42.40495],[-1.04502,42.41485],[-1.04098,42.42042],[-1.03834,42.41934],[-1.02414,42.42123],[-1.01688,42.42005],[-1.01577,42.42186],[-1.0061,42.42408],[-1.00405,42.42898],[-1.00539,42.43198],[-1.00874,42.43322],[-1.00894,42.43579],[-1.01345,42.43929],[-1.01316,42.44214],[-1.01539,42.44606],[-1.01993,42.44864],[-1.02492,42.44757],[-1.02571,42.44617],[-1.03257,42.44737],[-1.03536,42.4462],[-1.03837,42.44654],[-1.04502,42.45094],[-1.0512,42.44985],[-1.05436,42.4488],[-1.05124,42.44072],[-1.05767,42.43394],[-1.06453,42.43603],[-1.06781,42.4346],[-1.08053,42.43841],[-1.08341,42.43713],[-1.09338,42.44018],[-1.10802,42.44132],[-1.11629,42.44508],[-1.12511,42.44518],[-1.13204,42.44697],[-1.14497,42.44187],[-1.14484,42.43692],[-1.15117,42.43168],[-1.15296,42.42816],[-1.15434,42.41446],[-1.15836,42.41002],[-1.17158,42.40665],[-1.17439,42.4038],[-1.18393,42.40101],[-1.1878,42.40303],[-1.18797,42.40458],[-1.18043,42.41752],[-1.18282,42.4239],[-1.18823,42.42635],[-1.19587,42.42564],[-1.19842,42.42265],[-1.21179,42.41712],[-1.21615,42.4103],[-1.22612,42.40244],[-1.22814,42.39651],[-1.23612,42.38977],[-1.24328,42.37382],[-1.24423,42.36591],[-1.24712,42.36057],[-1.24943,42.35935],[-1.25331,42.34989],[-1.26343,42.33946],[-1.28205,42.33352],[-1.28616,42.33095],[-1.28881,42.32713],[-1.28918,42.3246]]]}},{"type":"Feature","properties":{"mun_code":"50074","mun_name":"Caspe","mun_name_local":null,"prov_code":"50","prov_name":"Zaragoza","acom_code":"02","acom_name":"Aragón","geo_point_2d":{"lon":-0.03267542115045656,"lat":41.25520543538847}},"geometry":{"type":"Polygon","coordinates":[[[-0.21653,41.19031],[-0.20547,41.19201],[-0.18095,41.18814],[-0.15048,41.17424],[-0.1326,41.1615],[-0.1224,41.15664],[-0.1035,41.14962],[-0.095,41.14898],[-0.08374,41.15127],[-0.07844,41.15055],[-0.07095,41.14371],[-0.05329,41.13864],[-0.04334,41.13396],[-0.03827,41.12905],[-0.02579,41.12808],[-0.01223,41.12025],[-0.00741,41.12545],[-0.01158,41.13427],[-0.00631,41.13781],[0.0005,41.13909],[0.00253,41.132],[0.00698,41.12982],[0.01195,41.12962],[0.01726,41.13717],[0.02598,41.13962],[0.02723,41.14354],[0.03321,41.14406],[0.04206,41.15152],[0.06632,41.17973],[0.07416,41.18302],[0.08188,41.18036],[0.0858,41.18042],[0.09102,41.1778],[0.09415,41.18331],[0.09743,41.19284],[0.09885,41.20748],[0.0942,41.21693],[0.09552,41.21777],[0.08732,41.22715],[0.09028,41.23963],[0.09364,41.24166],[0.09158,41.24922],[0.0942,41.25787],[0.0898,41.26096],[0.09175,41.27004],[0.08771,41.27847],[0.08866,41.28454],[0.09461,41.2853],[0.09896,41.28411],[0.09631,41.2897],[0.09648,41.29628],[0.09812,41.2974],[0.09328,41.30301],[0.08931,41.30532],[0.09085,41.30664],[0.08984,41.30757],[0.09207,41.30873],[0.09268,41.31257],[0.09632,41.31504],[0.10654,41.31201],[0.11349,41.31291],[0.11762,41.31651],[0.11819,41.31979],[0.1165,41.32921],[0.10865,41.34296],[0.1063,41.35082],[0.10119,41.35171],[0.09336,41.34997],[0.08691,41.35052],[0.0803,41.35247],[0.07931,41.35579],[0.07724,41.35285],[0.04304,41.35572],[0.03676,41.35506],[0.01688,41.36077],[0.00969,41.36043],[0.00827,41.36561],[0.00563,41.36824],[0.00699,41.36939],[0.00529,41.37107],[0.00626,41.37286],[0.00437,41.37401],[-0.00298,41.38792],[-0.01553,41.39256],[-0.0234,41.39699],[-0.02415,41.39262],[-0.02573,41.3921],[-0.02414,41.3911],[-0.0241,41.38633],[-0.02797,41.38351],[-0.02928,41.37782],[-0.01871,41.36349],[-0.0179,41.35965],[-0.00916,41.3508],[-0.00793,41.34781],[-0.03339,41.35804],[-0.04944,41.36046],[-0.05111,41.36641],[-0.07,41.37296],[-0.07271,41.37716],[-0.09923,41.37138],[-0.11908,41.36925],[-0.14766,41.37144],[-0.14468,41.36093],[-0.14193,41.35748],[-0.14256,41.35071],[-0.1407,41.34814],[-0.14636,41.33617],[-0.14649,41.3323],[-0.14285,41.32016],[-0.14333,41.31277],[-0.14174,41.3073],[-0.13612,41.30236],[-0.13719,41.29619],[-0.13544,41.29289],[-0.13827,41.28727],[-0.13795,41.28127],[-0.1308,41.28084],[-0.12417,41.27719],[-0.11889,41.26726],[-0.11684,41.26602],[-0.11766,41.26003],[-0.1116,41.25664],[-0.12537,41.25012],[-0.13846,41.24098],[-0.13996,41.24129],[-0.15121,41.23548],[-0.15841,41.22946],[-0.17907,41.22792],[-0.2108,41.2231],[-0.21138,41.21453],[-0.20981,41.20595],[-0.21124,41.19221],[-0.2148,41.19108],[-0.21653,41.19031]]]}}]}