geonameid,name,asciiname,alternatenames,lat,lon,feature_class,feature_code,admin1,admin2,admin3,admin4,provincia_ine,population
2509293,Zurgena,Zurgena,,37.34218,-2.03985,P,PPLA3,51,AL,04103,,04,2317
2509302,Zuheros,Zuheros,"Zuheres,Zuhéres",37.54332,-4.31531,P,PPLA3,51,CO,14075,,14,827
2509304,Zufre,Zufre,Zufre,37.83333,-6.33333,P,PPLA3,51,H,21079,,21,0
2509311,Zorita,Zorita,"Sorita,Zorita,suo li ta,zwryta,Сорита,Соріта,زوريتا,索里塔",39.28522,-5.69973,P,PPLA3,57,CC,10219,,10,1779
2509325,Zarza la Mayor,Zarza la Mayor,Zarza la Mayor,39.87692,-6.86211,P,PPLA3,57,CC,10218,,10,1481
2509328,Zarza de Montánchez,Zarza de Montanchez,"Zarza,Zarza de Montanchez,Zarza de Montánchez",39.25756,-6.03248,P,PPLA3,57,CC,10217,,10,608
2509341,Zarra,Zarra,Zarra,39.09175,-1.07532,P,PPLA3,60,V,46263,,46,442
2509364,Zalamea la Real,Zalamea la Real,"Zalamea,Zalamea la Real",37.68012,-6.65977,P,PPLA3,51,H,21078,,21,3506
2509365,Zalamea de la Serena,Zalamea de la Serena,Zalamea de la Serena,38.65131,-5.66063,P,PPLA3,57,BA,06160,,06,4273
2509371,Zahara,Zahara,,36.84055,-5.39128,P,PPLA3,51,CA,11042,,11,1571
2509374,Zagra,Zagra,,37.25561,-4.16905,P,PPLA3,51,GR,18913,,18,1092
2509375,Zafra de Záncara,Zafra de Zancara,"Zafra de Zancara,Zafra de Záncara",39.89203,-2.55786,P,PPLA3,54,CU,16277,,16,169
2509377,Zafra,Zafra,"Cafra,Safra,Zafra,sa fu la,safura,Çafra,Зафра,Сафра,صفراء، بطليوس,サフラ,萨夫拉",38.42539,-6.41734,P,PPLA3,57,BA,06158,,06,16424
2509379,Zafarraya,Zafarraya,,36.97554,-4.14442,P,PPLA3,51,GR,18192,,18,2181
2509382,Yunquera,Yunquera,Yunquera,36.73252,-4.92122,P,PPLA3,51,MA,29100,,29,3298
2509386,Yeste,Yeste,"Este,Yeste,Zoste,ysth,ysty,Єсте,Есте,يستي,یسته",38.36852,-2.31756,P,PPLA3,54,AB,02086,,02,3580
2509389,Yepes,Yepes,"Epes,Yepes,ye pei si,yybys,Єпес,Епес,ييبيس,耶佩斯",39.90199,-3.62517,P,PPLA3,54,TO,45202,,45,4752
2509390,Yémeda,Yemeda,"Yemeda,Yémeda",39.76667,-1.71667,P,PPLA3,54,CU,16276,,16,26
2509402,Yecla,Yecla,"Ekla,Iecla,Yecla,ye ke la,ykla  mrsyt,Єкла,Екла,يكلا، مرسية,耶克拉",38.61365,-1.11468,P,PPLA3,31,MU,30043,,30,35025
2509406,Yátova,Yatova,"Iatova,Iàtova,Yatova,Yátova",39.38333,-0.8,P,PPLA3,60,V,46261,,46,1982
2509408,Yaiza,Yaiza,"Jaisa,Yaiza,Яиса",28.95678,-13.76535,P,PPLA3,53,GC,35034,,35,16289
2509414,Víznar,Viznar,,37.23149,-3.55382,P,PPLA3,51,GR,18189,,18,776
2509419,Viveros,Viveros,Viveros,38.7726,-2.57449,P,PPLA3,54,AB,02085,,02,475
2509420,Viver,Viver,"Vivel,Viver,bi wei er,fayfar,Вивер,Вівер,فايفار,比韦尔",39.91667,-0.6,P,PPLA3,60,CS,12140,,12,1442
2509437,Viso del Marqués,Viso del Marques,"El Viso del Marques,El Viso del Marqués,Viso del Marques,Viso del Marqués",38.52208,-3.56348,P,PPLA3,54,CR,13098,,13,2946
2509451,Viñuela,Vinuela,,36.86307,-4.14124,P,PPLA3,51,MA,29099,,29,1591
2509457,Vinalesa,Vinalesa,Vinalesa,39.53333,-0.36667,P,PPLA3,60,V,46260,,46,2576
2509463,Villena,Villena,"Vil'ena,Villena,Вильена",38.6373,-0.86568,P,PPLA3,60,A,03140,,03,35222
2509467,Villaverde y Pasaconsol,Villaverde y Pasaconsol,Villaverde y Pasaconsol,39.77099,-2.26552,P,PPLA3,54,CU,16273,,16,413
2509468,Villaverde del Río,Villaverde del Rio,"Villaverde del Rio,Villaverde del Río",37.58919,-5.87443,P,PPLA3,51,SE,41101,,41,6703
2509469,Villaverde de Guadalimar,Villaverde de Guadalimar,Villaverde de Guadalimar,38.45525,-2.51782,P,PPLA3,54,AB,02084,,02,408
2509472,Villavaliente,Villavaliente,Villavaliente,39.12646,-1.45712,P,PPLA3,54,AB,02083,,02,264
2509473,Villatoya,Villatoya,,39.33333,-1.3,P,PPLA3,54,AB,02082,,02,197
2509475,Villatobas,Villatobas,Villatobas,39.90187,-3.32386,P,PPLA3,54,TO,45198,,45,2356
2509479,Villaseca de la Sagra,Villaseca de la Sagra,"Villaseca,Villaseca de la Sagra",39.96185,-3.88291,P,PPLA3,54,TO,45196,,45,1602
2509480,Villarta de San Juan,Villarta de San Juan,Villarta de San Juan,39.23785,-3.42333,P,PPLA3,54,CR,13097,,13,3073
2509481,Villarta de los Montes,Villarta de los Montes,Villarta de los Montes,39.21386,-4.79227,P,PPLA3,57,BA,06157,,06,0
2509484,Villarta,Villarta,Villarta,39.45,-1.65,P,PPLA3,54,CU,16271,,16,831
2509485,Villarrubio,Villarrubio,Villarrubio,39.94511,-2.89431,P,PPLA3,54,CU,16270,,16,254
2509486,Villarrubia de Santiago,Villarrubia de Santiago,Villarrubia de Santiago,39.98555,-3.36898,P,PPLA3,54,TO,45195,,45,2852
2509487,Villarrubia de los Ojos,Villarrubia de los Ojos,"Villarrubia de los Ojos,Villarrubia los Ojos",39.22085,-3.60802,P,PPLA3,54,CR,13096,,13,11191
2509491,Villarrobledo,Villarrobledo,"Billarrobledo,Vil'jarrobledo,Villa Robletum,Villarrobledo,biryaroburedo,Βιλλαρροβλέδο,Вильярробледо,ビリャロブレド",39.26992,-2.60119,P,PPLA3,54,AB,02081,,02,26642
2509494,Villarrasa,Villarrasa,Villarrasa,37.38849,-6.60641,P,PPLA3,51,H,21077,,21,2142
2509496,Villargordo del Cabriel,Villargordo del Cabriel,"Villagordo,Villargordo,Villargordo del Cabriel",39.53333,-1.43333,P,PPLA3,60,V,46259,,46,719
2509499,Villares del Saz,Villares del Saz,Villares del Saz,39.84109,-2.50427,P,PPLA3,54,CU,16269,,16,630
2509505,Villarejo-Periesteban,Villarejo-Periesteban,Villarejo-Periesteban,39.87231,-2.44145,P,PPLA3,54,CU,16266,,16,511
2509506,Villarejo de Montalbán,Villarejo de Montalban,"Villarejo de Montalban,Villarejo de Montalbán",39.76913,-4.57314,P,PPLA3,54,TO,45194,,45,76
2509507,Villarejo de Fuentes,Villarejo de Fuentes,,39.78809,-2.6968,P,PPLA3,54,CU,16264,,16,736
2509510,Villardompardo,Villardompardo,Villardompardo,37.83735,-4.00051,P,PPLA3,51,J,23098,,23,1157
2509513,Villar de Rena,Villar de Rena,,39.07651,-5.81074,P,PPLA3,57,BA,06156,,06,1540
2509516,Villar del Rey,Villar del Rey,Villar del Rey,39.1331,-6.84762,P,PPLA3,57,BA,06155,,06,2279
2509517,Villar del Pozo,Villar del Pozo,Villar del Pozo,38.8501,-3.96405,P,PPLA3,54,CR,13095,,13,121
2509518,Villar del Pedroso,Villar del Pedroso,Villar del Pedroso,39.70631,-5.19583,P,PPLA3,57,CC,10213,,10,747
2509519,Villar del Humo,Villar del Humo,Villar del Humo,39.86667,-1.63333,P,PPLA3,54,CU,16258,,16,354
2509520,Villar del Arzobispo,Villar del Arzobispo,"El Villar,Villar del Arzobispo,Villora del Arzobispo",39.73333,-0.81667,P,PPLA3,60,V,46258,,46,3626
2509522,Villar de la Encina,Villar de la Encina,"Villar de la Encima,Villar de la Encina",39.63725,-2.52155,P,PPLA3,54,CU,16255,,16,217
2509526,Villar de Cañas,Villar de Canas,,39.7786,-2.56428,P,PPLA3,54,CU,16253,,16,481
2509528,Villaralto,Villaralto,"Vil'jaral'to,Villaralto,bi li ya la er tuo,fylaraltw,Вильяральто,Вільяральто,فيلارالتو,比利亚拉尔托",38.45,-4.98333,P,PPLA3,51,CO,14072,,14,1398
2509537,Villapalacios,Villapalacios,Villapalacios,38.575,-2.63384,P,PPLA3,54,AB,02080,,02,770
2509538,Villanueva de Tapia,Villanueva de Tapia,Villanueva de Tapia,37.18276,-4.33383,P,PPLA3,51,MA,29098,,29,1695
2509539,Villanueva de San Juan,Villanueva de San Juan,Villanueva de San Juan,37.04955,-5.1754,P,PPLA3,51,SE,41100,,41,1450
2509540,Villanueva de San Carlos,Villanueva de San Carlos,Villanueva de San Carlos,38.62173,-3.90903,P,PPLA3,54,CR,13094,,13,414
2509542,Villanueva de Mesía,Villanueva de Mesia,"Villanueva de Mesias,Villanueva de Mesías",37.21454,-4.01404,P,PPLA3,51,GR,18188,,18,0
2509543,Villanueva del Trabuco,Villanueva del Trabuco,,37.02832,-4.33891,P,PPLA3,51,MA,29097,,29,5067
2509544,Villanueva del Rosario,Villanueva del Rosario,"Vil'januehva-del'-Rosario,Vil'janueva-del'-Rosario,Vilyanueva del Rosario,fyanwyfa dyl rwsaryw,luo sa li ao xin zhen,Вильянуэва-дель-Росарио,Вільянуева-дель-Росаріо,Վիլյանուևա դել Ռոսարիո,فيانويفا ديل روساريو,罗萨里奥新镇",36.99679,-4.36535,P,PPLA3,51,MA,29096,,29,3356
2509545,Villanueva del Río y Minas,Villanueva del Rio y Minas,"Minas de la Reunion,Villanueva de las Minas,Villanueva del Rio y Minas,Villanueva del Río y Minas",37.65502,-5.71369,P,PPLA3,51,SE,41099,,41,5213
2509549,Villanueva de los Castillejos,Villanueva de los Castillejos,Villanueva de los Castillejos,37.4994,-7.29118,P,PPLA3,51,H,21076,,21,827
2509550,Villanueva del Fresno,Villanueva del Fresno,Villanueva del Fresno,38.376,-7.16753,P,PPLA3,57,BA,06154,,06,3582
2509551,Villanueva del Duque,Villanueva del Duque,Villanueva del Duque,38.38333,-5,P,PPLA3,51,CO,14070,,14,1669
2509552,Villanueva de las Torres,Villanueva de las Torres,Villanueva de las Torres,37.55719,-3.08868,P,PPLA3,51,GR,18187,,18,752
2509553,Villanueva de la Serena,Villanueva de la Serena,"Vil'januehva-de-la-Serena,Vil'janueva-de-la-Serena,Villanueva de la Serena,Villanueva la Serena,fylanywfa dy la syryna,sai lei na xin zhen,Вильянуэва-де-ла-Серена,Вільянуева-де-ла-Серена,فيلانيوفا دي لا سيرينا,ビジャヌエバ・デ・ラ・セレーナ,塞雷纳新镇",38.97655,-5.7974,P,PPLA3,57,BA,06153,,06,25759
2509554,Villanueva de las Cruces,Villanueva de las Cruces,Villanueva de las Cruces,37.62783,-7.02359,P,PPLA3,51,H,21075,,21,417
2509555,Villanueva del Arzobispo,Villanueva del Arzobispo,Villanueva del Arzobispo,38.16842,-3.00742,P,PPLA3,51,J,23097,,23,8716
2509556,Villanueva del Ariscal,Villanueva del Ariscal,Villanueva del Ariscal,37.39623,-6.14077,P,PPLA3,51,SE,41098,,41,5471
2509558,Villanueva de la Jara,Villanueva de la Jara,"Vil'januehva-de-la-Khara,Vil'janueva-de-la-Khara,Villanueva de la Jara,fylanywfa dy la khara,ha la xin zhen,Вильянуэва-де-ла-Хара,Вільянуева-де-ла-Хара,فيلانيوفا دي لا خارا,哈拉新镇",39.43333,-1.93333,P,PPLA3,54,CU,16251,,16,2166
2509560,Villanueva de la Fuente,Villanueva de la Fuente,Villanueva de la Fuente,38.69463,-2.69637,P,PPLA3,54,CR,13092,,13,2602
2509561,Villanueva de la Concepción,Villanueva de la Concepcion,"Villanueva de la Concepcion,Villanueva de la Concepción",36.93027,-4.53041,P,PPLA3,51,MA,29902,,29,0
2509562,Villanueva de Córdoba,Villanueva de Cordoba,"Villanueva de Cordoba,Villanueva de Cordova,Villanueva de Córdoba,Villanueva de Córdova",38.32277,-4.62873,P,PPLA3,51,CO,14069,,14,10057
2509565,Villanueva de Bogas,Villanueva de Bogas,Villanueva de Bogas,39.72347,-3.65743,P,PPLA3,54,TO,45193,,45,816
2509566,Villanueva de Algaidas,Villanueva de Algaidas,,37.1835,-4.45032,P,PPLA3,51,MA,29095,,29,4421
2509567,Villanueva de Alcardete,Villanueva de Alcardete,"Villanueva de Alcardete,Villanueva del Cardete",39.67321,-3.01445,P,PPLA3,54,TO,45192,,45,3658
2509569,Villamuelas,Villamuelas,Villamuelas,39.81784,-3.73461,P,PPLA3,54,TO,45191,,45,729
2509570,Villaminaya,Villaminaya,Villaminaya,39.71197,-3.87055,P,PPLA3,54,TO,45190,,45,589
2509571,Villamiel de Toledo,Villamiel de Toledo,Villamiel de Toledo,39.96482,-4.12627,P,PPLA3,54,TO,45189,,45,725
2509572,Villamesías,Villamesias,"Villamesias,Villamesías",39.24568,-5.87307,P,PPLA3,57,CC,10209,,10,348
2509573,Villamayor de Santiago,Villamayor de Santiago,Villamayor de Santiago,39.73072,-2.92357,P,PPLA3,54,CU,16249,,16,2766
2509574,Villamayor de Calatrava,Villamayor de Calatrava,Villamayor de Calatrava,38.78763,-4.13774,P,PPLA3,54,CR,13091,,13,618
2509575,Villamartín,Villamartin,"Villamartin,Villamartín",36.85979,-5.64485,P,PPLA3,51,CA,11041,,11,12526
2509576,Vilamarxant,Vilamarxant,"Vilamarxant,Villamarchante",39.56916,-0.62453,P,PPLA3,60,V,46256,,46,6730
2509577,Villamanrique de la Condesa,Villamanrique de la Condesa,"Villamanrique,Villamanrique de la Condesa",37.24481,-6.30665,P,PPLA3,51,SE,41097,,41,3779
2509578,Villamanrique,Villamanrique,Villamanrique,38.54636,-2.99729,P,PPLA3,54,CR,13090,,13,1506
2509579,Villamalur,Villamalur,"Vil'jamalur,Vilamalur,Villamalur,Villamaluz,bi li ya ma lu er,fylamalwr,Вильямалур,Вільямалур,فيلامالور,比利亚马卢尔",39.96667,-0.4,P,PPLA3,60,CS,12131,,12,105
2509580,Villamalea,Villamalea,Villamalea,39.36667,-1.58333,P,PPLA3,54,AB,02079,,02,3955
2509581,Villaluenga del Rosario,Villaluenga del Rosario,Villaluenga del Rosario,36.69644,-5.38601,P,PPLA3,51,CA,11040,,11,495
2509582,Villalpardo,Villalpardo,Villalpardo,39.46667,-1.63333,P,PPLA3,54,CU,16248,,16,1153
2509583,Villalonga,Villalonga,"Vilallonga,Villalonga",38.88566,-0.20795,P,PPLA3,60,V,46255,,46,3996
2509585,Villalgordo del Marquesado,Villalgordo del Marquesado,Villalgordo del Marquesado,39.68245,-2.50885,P,PPLA3,54,CU,16247,,16,114
2509586,Villalba de los Barros,Villalba de los Barros,Villalba de los Barros,38.61294,-6.50914,P,PPLA3,57,BA,06152,,06,1691
2509587,Villalba del Alcor,Villalba del Alcor,Villalba del Alcor,37.39731,-6.47461,P,PPLA3,51,H,21074,,21,3406
2509588,Villajoyosa,Villajoyosa,"La Vila Joiosa,Villajoyosa",38.50754,-0.23346,P,PPLA3,60,A,03139,,03,33797
2509590,Villaharta,Villaharta,Villaharta,38.13333,-4.9,P,PPLA3,51,CO,14068,,14,606
2509592,Villagonzalo,Villagonzalo,Villagonzalo,38.86329,-6.19665,P,PPLA3,57,BA,06151,,06,1344
2509593,Villagarcía del Llano,Villagarcia del Llano,"Villagarcia,Villagarcia del Llano,Villagarcía,Villagarcía del Llano",39.31667,-1.83333,P,PPLA3,54,CU,16244,,16,939
2509594,Villagarcía de la Torre,Villagarcia de la Torre,"Villagarcia,Villagarcia de la Torre,Villagarcía de la Torre",38.3,-6.08333,P,PPLA3,57,BA,06150,,06,1011
2509597,Villafranca de los Caballeros,Villafranca de los Caballeros,,39.42824,-3.36079,P,PPLA3,54,TO,45187,,45,5181
2509598,Villafranca de los Barros,Villafranca de los Barros,Villafranca de los Barros,38.56144,-6.3381,P,PPLA3,57,BA,06149,,06,13356
2509599,Villafranca de Córdoba,Villafranca de Cordoba,"Villafranca de Cordoba,Villafranca de Córdoba",37.96257,-4.54547,P,PPLA3,51,CO,14067,,14,3799
2509600,Vilafranca de Bonany,Vilafranca de Bonany,"Vilafranca de Bonany,Villafranca",39.56894,3.08815,P,PPLA3,07,PM,07065,,07,2521
2509602,Villa de Ves,Villa de Ves,Villa de Ves,39.2,-1.23333,P,PPLA3,54,AB,02077,,02,78
2509603,Villa del Río,Villa del Rio,"Villa del Rio,Villa del Río",37.98108,-4.29003,P,PPLA3,51,CO,14066,,14,7407
2509604,Villa del Rey,Villa del Rey,Villa del Rey,39.65955,-6.82122,P,PPLA3,57,CC,10208,,10,139
2509606,Villacarrillo,Villacarrillo,"Vil'jakarril'jo,Vil'jakarril'o,Villacarillo,Villacarrillo,bi li ya ka li e,byyakaryyw,fyakaryw,Вильякаррильо,Вільякаррільйо,بییاکارییو,فياكاريو,比利亚卡里略",38.1156,-3.0848,P,PPLA3,51,J,23095,,23,11294
2509607,Es Castell,Es Castell,"Es Castell,Vilacarlos,Villacarlos",39.8776,4.2899,P,PPLA3,07,PM,07064,,07,7440
2509608,Villacañas,Villacanas,,39.62367,-3.33813,P,PPLA3,54,TO,45185,,45,10645
2509609,Villablanca,Villablanca,Villablanca,37.30239,-7.34413,P,PPLA3,51,H,21073,,21,2286
2509615,Vilches,Vilches,"Vil'ches,Vilches,bi er qie si,bylchs,fyltshys,Вильчес,Вільчес,Վիլչես,بیلچس,فيلتشيس,比尔切斯",38.20695,-3.51025,P,PPLA3,51,J,23094,,23,4929
2509617,Vilaflor,Vilaflor,"Vilaflor,Villaflor",28.15623,-16.63592,P,PPLA3,53,TF,38052,,38,1981
2509650,Vícar,Vicar,"Vikar,bi ka er,bykar,Викар,Вікар,بيكار,بیکار,比卡尔",36.83155,-2.64273,P,PPLA3,51,AL,04102,,04,22853
2509660,Viator,Viator,,36.89006,-2.42695,P,PPLA3,51,AL,04101,,04,3945
2509693,Vera,Vera,,37.24345,-1.85905,P,PPLA3,51,AL,04100,,04,13985
2509710,Ventas de Huelma,Ventas de Huelma,Ventas de Huelma,37.0684,-3.81983,P,PPLA3,51,GR,18185,,18,659
2509728,Venta del Moro,Venta del Moro,Venta del Moro,39.48333,-1.35,P,PPLA3,60,V,46254,,46,1493
2509769,Vélez-Málaga,Velez-Malaga,"Beleth-Malaga,Veles Malaga,Veles-Malaga,Velez-Malaga,Vélez-Màlaga,Vélez-Málaga,bei lai si-ma la jia,beresu=maraga,fylyth-malqt,Μπέλεθ-Μάλαγα,Вeлес-Мaлага,Велез-Малага,Велес-Малага,Վելես Մալագա,فيليث-مالقة,ベレス＝マラガ,贝莱斯-马拉加",36.78107,-4.10266,P,PPLA3,51,MA,29094,,29,74190
2509771,Vélez de Benaudalla,Velez de Benaudalla,"Velez Benahudalla,Velez Benandalla,Velez de Benaudalla,Velez de Benaudilla,Vélez Benandalla,Vélez de Benaudalla",36.83244,-3.51539,P,PPLA3,51,GR,18184,,18,2618
2509779,Velefique,Velefique,Velefique,37.19407,-2.40155,P,PPLA3,51,AL,04097,,04,246
2509781,Velada,Velada,Velada,39.97687,-4.97641,P,PPLA3,54,TO,45181,,45,2429
2509783,Vejer de la Frontera,Vejer de la Frontera,"Vejer de la Frontera,Vekher-de-la-Frontera,bei he er de la fu long te la,fykhyr dy la frwntyra,Вехер-де-ла-Фронтера,فيخير دي لا فرونتيرا,ベヘール・デ・ラ・フロンテーラ,贝赫尔德拉夫龙特拉",36.25213,-5.96717,P,PPLA3,51,CA,11039,,11,12973
2509799,Vega de San Mateo,Vega de San Mateo,"San Mateo,Vega de San Mateo",28.00892,-15.5333,P,PPLA3,53,GC,35033,,35,7687
2509819,Vara de Rey,Vara de Rey,Vara de Rey,39.42595,-2.29404,P,PPLA3,54,CU,16238,,16,629
2509831,Valverdejo,Valverdejo,Valverdejo,39.61667,-2.01667,P,PPLA3,54,CU,16237,,16,124
2509832,Valverde de Mérida,Valverde de Merida,"Valverde de Merida,Valverde de Mérida",38.91122,-6.21999,P,PPLA3,57,BA,06145,,06,1123
2509833,Valverde de Llerena,Valverde de Llerena,Valverde de Llerena,38.21667,-5.81667,P,PPLA3,57,BA,06144,,06,770
2509834,Valverde de Leganés,Valverde de Leganes,"Valverde de Leganes,Valverde de Leganés",38.67059,-6.98036,P,PPLA3,57,BA,06143,,06,3876
2509835,Valverde del Camino,Valverde del Camino,Valverde del Camino,37.57511,-6.75432,P,PPLA3,51,H,21072,,21,12780
2509836,Valverde de Júcar,Valverde de Jucar,"Valverde de Jucar,Valverde de Júcar,Valverde del Jucar,Valverde del Júcar",39.71866,-2.22135,P,PPLA3,54,CU,16236,,16,1372
2509837,Valverde de Burguillos,Valverde de Burguillos,Valverde de Burguillos,38.3271,-6.53648,P,PPLA3,57,BA,06142,,06,325
2509841,Valverde,Valverde,"VDE,Val'verde,Valverde del Hierro,Вальверде",27.80628,-17.91578,P,PPLA3,53,TF,38048,,38,5000
2509846,Valsequillo de Gran Canaria,Valsequillo de Gran Canaria,"Valsequillo,Valsequillo de Gran Canaria",27.98562,-15.49725,P,PPLA3,53,GC,35031,,35,8635
2509853,Válor,Valor,,36.99618,-3.08287,P,PPLA3,51,GR,18183,,18,743
2509864,Valleseco,Valleseco,Valleseco,28.0433,-15.57623,P,PPLA3,53,GC,35032,,35,4116
2509869,Vallés,Valles,"Valles,Vallès,Vallés",38.98518,-0.55696,P,PPLA3,60,V,46253,,46,95
2509891,Valle de Santa Ana,Valle de Santa Ana,Valle de Santa Ana,38.36637,-6.7886,P,PPLA3,57,BA,06148,,06,1200
2509894,Valle de Matamoros,Valle de Matamoros,Valle de Matamoros,38.37889,-6.80371,P,PPLA3,57,BA,06147,,06,446
2509902,Valle de la Serena,Valle de la Serena,Valle de la Serena,38.7101,-5.79847,P,PPLA3,57,BA,06146,,06,1472
2509910,Valle de Abdalagís,Valle de Abdalagis,,36.93207,-4.68257,P,PPLA3,51,MA,29093,,29,0
2509929,Valldemossa,Valldemossa,"Valldemosa,Valldemossa,fa de mo sa,法德摩薩",39.71042,2.6223,P,PPLA3,07,PM,07063,,07,1910
2509930,Vall de Ebo,Vall de Ebo,"Vall d'Ebo,Vall de Ebo",38.80561,-0.1589,P,PPLA3,60,A,03135,,03,346
2509932,Vall de Almonacid,Vall de Almonacid,"La Vall d'Almonesir,Vall de Almonacid",39.9,-0.45,P,PPLA3,60,CS,12125,,12,261
2509934,Vallada,Vallada,Vallada,38.89575,-0.69104,P,PPLA3,60,V,46251,,46,3339
2509937,Valhermoso de la Fuente,Valhermoso de la Fuente,"Valhermoso,Valhermoso de la Fuente",39.56667,-2.01667,P,PPLA3,54,CU,16231,,16,44
2509942,Valenzuela de Calatrava,Valenzuela de Calatrava,Valenzuela de Calatrava,38.85254,-3.7721,P,PPLA3,54,CR,13088,,13,788
2509944,Valenzuela,Valenzuela,,37.7756,-4.22038,P,PPLA3,51,CO,14063,,14,1387
2509946,Valencina de la Concepción,Valencina de la Concepcion,"Valencina,Valencina de la Concepcion,Valencina de la Concepción,Valencina del Alcor",37.41618,-6.07422,P,PPLA3,51,SE,41096,,41,7343
2509947,Valencia del Ventoso,Valencia del Ventoso,"Valencia de Ventoso,Valencia del Barrial,Valencia del Mentoso,Valencia del Ventoso",38.26667,-6.46667,P,PPLA3,57,BA,06141,,06,2235
2509948,Valencia del Mombuey,Valencia del Mombuey,"Valencia del Mombuey,Valencita",38.24243,-7.11965,P,PPLA3,57,BA,06140,,06,808
2509949,Valencia de las Torres,Valencia de las Torres,Valencia de las Torres,38.40518,-6.00403,P,PPLA3,57,BA,06139,,06,711
2509950,Valencia de Alcántara,Valencia de Alcantara,"Valencia dAlcantara,Valencia dAlcántara,Valencia de Alcantara,Valencia de Alcántara,Valencia del Alcantara,Valensija-de-Al'kantara,Valência de Alcântara,ba lun xi ya de ya er kan ta la,falnsya dy alkntara,Валенсия-де-Алькантара,Валенсія-де-Алькантара,فالنسيا دي الكنتارا,巴伦西亚德亚尔坎塔拉",39.41148,-7.24435,P,PPLA3,57,CC,10203,,10,6129
2509954,Valencia,Valencia,"Balenzia,Pa-lun-si-a,Pâ-lùn-sî-â,VLC,Valantsa,Valence,Valencia,Valencia - Valencia,Valencie,Valencija,Valencio,Valenseje,Valensi,Valensia,Valensii,Valensij,Valensija,Valensiya,Valensyaa,Valensėjė,Valenthia,Valentia,Valentzia,Valenza,València,Valéncia,Valência,Vałénsia,Walencja,Walensiye,Walénsiye,ba len seiy,ba lun xi ya,ballensia,barenshia,blnsyt,hua lun xi ya,valainsi'a,valenciya,valensia,valensiya,valynsya,wa lun xi ya,walnsya,wlnsyh,wylnsya,Βαλένθια,Валенси,Валенсиа,Валенсий,Валенсия,Валенсија,Валенсія,Վալենսիա,וואלענציע,ולנסיה,بلنسية,والنسیا,ویلنسیا,ویلنسیہ,ڤالينسيا,ڤالێنسیا,वालेन्सिया,ਵਾਲੈਂਸੀਆ,வாலேன்சியா,บาเลนเซีย,ვალენსია,バレンシア,巴倫西亞,瓦伦西亚,瓦倫西亞,華倫西亞,발렌시아",39.47391,-0.37966,P,PPLA,60,V,46250,,46,824340
2509961,Valdeverdeja,Valdeverdeja,"Valdeverdeja,Valdeverja,Valle la Verja,Valverdeja",39.79635,-5.24544,P,PPLA3,54,TO,45179,,45,721
2509964,Valdetorres,Valdetorres,Valdetorres,38.91542,-6.06765,P,PPLA3,57,BA,06138,,06,1301
2509975,Valderrubio,Valderrubio,Valderrubio,37.23378,-3.82005,P,PPLA3,51,GR,18158,,18,0
2509980,Valdepeñas de Jaén,Valdepenas de Jaen,"Valdepenas,Valdepenas de Jaen,Valdepeñas,Valdepeñas de Jaén",37.58903,-3.8145,P,PPLA3,51,J,23093,,23,4331
2509982,Valdepeñas,Valdepenas,"Val'depen'jase,Valdepenas,Valdepeñas,Yaldepenas,Вальдепеньясе",38.76211,-3.38483,P,PPLA3,54,CR,13087,,13,31147
2509986,Valdemorales,Valdemorales,Valdemorales,39.20588,-6.06622,P,PPLA3,57,CC,10201,,10,239
2509991,Valdemanco del Esteras,Valdemanco del Esteras,Valdemanco del Esteras,38.93858,-4.8292,P,PPLA3,54,CR,13086,,13,0
2510000,Valdelarco,Valdelarco,Valdelarco,37.94877,-6.68202,P,PPLA3,51,H,21071,,21,0
2510007,Valdelacasa de Tajo,Valdelacasa de Tajo,Valdelacasa de Tajo,39.72588,-5.28296,P,PPLA3,57,CC,10200,,10,500
2510015,Valdehúncar,Valdehuncar,"Valdehuncar,Valdehúncar",39.83659,-5.52307,P,PPLA3,57,CC,10199,,10,207
2510028,Valdeganga,Valdeganga,Valdeganga,39.13514,-1.67703,P,PPLA3,54,AB,02075,,02,1871
2510031,Valdefuentes,Valdefuentes,Valdefuentes,39.27433,-6.12183,P,PPLA3,57,CC,10198,,10,1572
2510038,Valdecañas de Tajo,Valdecanas de Tajo,"Valdecanas de Tajo,Valdecañas de Tajo",39.75919,-5.61951,P,PPLA3,57,CC,10197,,10,205
2510045,Valdecaballeros,Valdecaballeros,"Valdecaballero,Valdecaballeros",39.24289,-5.19,P,PPLA3,57,BA,06137,,06,1251
2510073,Utrera,Utrera,"Utrera,Утрера",37.18516,-5.78093,P,PPLA3,51,SE,41095,,41,52617
2510075,Utiel,Utiel,"Ut'el',Utiel,wu tie er,Утьель,Утьєль,乌铁尔",39.56667,-1.2,P,PPLA3,60,V,46249,,46,12420
2510079,Usagre,Usagre,Usagre,38.35,-6.16667,P,PPLA3,57,BA,06136,,06,1992
2510081,Urrácal,Urracal,Urracal,37.3974,-2.36485,P,PPLA3,51,AL,04096,,04,365
2510083,Urda,Urda,Urda,39.41179,-3.71493,P,PPLA3,54,TO,45177,,45,3123
2510098,Umbrete,Umbrete,"Umbrete,wen fu lei te,Умбрете,温夫雷特",37.36881,-6.15847,P,PPLA3,51,SE,41094,,41,5527
2510100,Uleila del Campo,Uleila del Campo,"Uleila,Uleila de Campo,Uleila del Campo",37.1846,-2.20491,P,PPLA3,51,AL,04095,,04,953
2510102,Ulea,Ulea,Ulea,38.14045,-1.33007,P,PPLA3,31,MU,30040,,30,983
2510103,Ugíjar,Ugijar,,36.96087,-3.05523,P,PPLA3,51,GR,18182,,18,2546
2510106,Uclés,Ucles,"Ucles,Uclès,Uclés,Ukles,aqlysh,ukuresu,wu ke lai si,Уклес,أقليش,ウクレス,乌克莱斯",39.97938,-2.86143,P,PPLA3,54,CU,16218,,16,276
2510112,Ubrique,Ubrique,Ubrique,36.67777,-5.446,P,PPLA3,51,CA,11038,,11,16979
2510116,Úbeda,Ubeda,"Ubeda,abdt,awbda,ubeda,wu wei da,Úbeda,Убеда,أبدة,اوبدا,უბედა,ウベダ,乌韦达,우베다",38.01328,-3.3705,P,PPLA3,51,J,23092,,23,34602
2510123,Turrillas,Turrillas,Turrillas,37.02948,-2.26607,P,PPLA3,51,AL,04094,,04,247
2510124,Turre,Turre,"Ture,Turre,tu lei,twrh,twrry,Туре,Турре,Տուռե,تورري,توره,图雷",37.15224,-1.89497,P,PPLA3,51,AL,04093,,04,2746
2510127,Turleque,Turleque,"Torleque,Turleque",39.60138,-3.61404,P,PPLA3,54,TO,45175,,45,921
2510128,Turís,Turis,"Toris,Torís,Turis,Turís",39.38333,-0.7,P,PPLA3,60,V,46248,,46,5305
2510137,Tuineje,Tuineje,Tuineje,28.32372,-14.04722,P,PPLA3,53,GC,35030,,35,13632
2510140,Tuéjar,Tuejar,"Toixa,Tuehkhar,Tueixa,Tuejar,Tuekhar,Tuéjar,tu ai ha er,Туехар,Туэхар,图埃哈尔",39.76667,-1.03333,P,PPLA3,60,V,46247,,46,1212
2510145,Trujillo,Trujillo,"Trujillo,toruhiryo,トルヒーリョ",39.45786,-5.88203,P,PPLA3,57,CC,10195,,10,9317
2510147,Trujillanos,Trujillanos,Trujillanos,38.95233,-6.25759,P,PPLA3,57,BA,06135,,06,1347
2510165,Trigueros,Trigueros,"Trigeros,Trigueros,te li ge luo si,tryghyrws,Тригерос,Трігерос,Տրիգերոս,تريغيروس,特里格罗斯",37.38606,-6.8268,P,PPLA3,51,H,21070,,21,7221
2510168,Tribaldos,Tribaldos,Tribaldos,39.97264,-2.89809,P,PPLA3,54,CU,16217,,16,124
2510175,Trevélez,Trevelez,"Trevelez,Trevélez",37.00037,-3.26545,P,PPLA3,51,GR,18180,,18,839
2510180,Tresjuncos,Tresjuncos,Tresjuncos,39.70087,-2.75502,P,PPLA3,54,CU,16216,,16,438
2510186,Trebujena,Trebujena,Trebujena,36.87075,-6.17586,P,PPLA3,51,CA,11037,,11,6806
2510202,Trasierra,Trasierra,Trasierra,38.18333,-6,P,PPLA3,57,BA,06134,,06,0
2510221,Tous,Tous,Tous,39.13951,-0.58777,P,PPLA3,60,V,46246,,46,1114
2510223,Totanés,Totanes,"Totanes,Totanés",39.71057,-4.22655,P,PPLA3,54,TO,45174,,45,398
2510224,Totana,Totana,"Totana,Тотана",37.7688,-1.50229,P,PPLA3,31,MU,30039,,30,29211
2510240,Torrubia del Castillo,Torrubia del Castillo,Torrubia del Castillo,39.65852,-2.31171,P,PPLA3,54,CU,16213,,16,39
2510241,Torrubia del Campo,Torrubia del Campo,Torrubia del Campo,39.89749,-2.96133,P,PPLA3,54,CU,16212,,16,338
2510245,Torrox,Torrox,"Torroks,trsh,tuo luo si,Торрокс,طرش,托罗斯",36.75793,-3.95233,P,PPLA3,51,MA,29091,,29,16890
2510249,Torrijos,Torrijos,"Torrijas,Torrijos",39.98195,-4.28349,P,PPLA3,54,TO,45173,,45,13117
2510251,Torrico,Torrico,Torrico,39.82918,-5.22581,P,PPLA3,54,TO,45172,,45,843
2510253,Torrevieja,Torrevieja,"Malnovturo,Toreviekha,Toreviexa,Torevijekha,Torrev'ekha,Torrevekha,Torrevella,Torrevella de la Mata,Torrevieja,torebieha,trbykha,tuo lei wei ye ha,twrbyyhh,twrryfyykha,twryfayja,Торевиеха,Торевијеха,Торревьеха,Торревєха,Տոռեվիեխա,טורבייחה,تربیخا,تورريفييخا,توريفايجا,トレビエハ,托雷维耶哈",37.97872,-0.68222,P,PPLA3,60,A,03133,,03,82599
2510266,Torres,Torres,,37.78537,-3.50902,P,PPLA3,51,J,23090,,23,1749
2510268,Torrequemada,Torrequemada,Torrequemada,39.36664,-6.22052,P,PPLA3,57,CC,10194,,10,611
2510270,Torreperogil,Torreperogil,Torreperogil,38.0354,-3.28998,P,PPLA3,51,J,23088,,23,6786
2510272,Torreorgaz,Torreorgaz,Torreorgaz,39.3831,-6.24941,P,PPLA3,57,CC,10193,,10,1683
2510274,Torrenueva,Torrenueva,,38.6396,-3.36259,P,PPLA3,54,CR,13085,,13,3075
2510279,Torrent,Torrent,"Torrent,Torrente",39.43705,-0.46546,P,PPLA3,60,V,46244,,46,78543
2510281,Torremolinos,Torremolinos,"Toremolinos,Toremolinos-Malaga,Toremolinos-Málaga,Torremolinos,Torremolinos-Malaga,Torremolinos-Málaga,UTL,tuo lei mo li nuo si,twrymwlynws,Τορρεμολίνος,Торемолинос,Торремолинос,Торремолінос,توريمولينوس,托雷莫利诺斯",36.62035,-4.49976,P,PPLA3,51,MA,29901,,29,65448
2510283,Torremocha,Torremocha,Torremocha,39.34565,-6.17335,P,PPLA3,57,CC,10192,,10,1135
2510287,Torremayor,Torremayor,Torremayor,38.9014,-6.53858,P,PPLA3,57,BA,06132,,06,992
2510290,Torrella,Torrella,Torrella,38.98446,-0.56727,P,PPLA3,60,V,46243,,46,166
2510293,Torrejón el Rubio,Torrejon el Rubio,"Torrejon,Torrejon el Rubio,Torrejón,Torrejón el Rubio",39.77068,-6.0126,P,PPLA3,57,CC,10190,,10,589
2510294,Torrejoncillo del Rey,Torrejoncillo del Rey,Torrejoncillo del Rey,40.0084,-2.57107,P,PPLA3,54,CU,16211,,16,646
2510295,Torrejoncillo,Torrejoncillo,"Torrejoncillo,Torrekhonsil'jo,Torrekhonsil'o,Torrojoncillu,tuo lei hong xi e,twrykhwnsyyw,Торрехонсильо,Торрехонсільйо,توريخونسييو,托雷洪西略",39.89675,-6.46712,P,PPLA3,57,CC,10189,,10,3331
2510301,Torredonjimeno,Torredonjimeno,"Torredongimeno,Torredonjimeno,Torredonkhimeno,trdnkhymnw,tuo lei dong xi mei nuo,twrydwnkhymynw,Торредонхимено,Торредонхімено,تردنخیمنو,توريدونخيمينو,托雷东希梅诺",37.76748,-3.95776,P,PPLA3,51,J,23087,,23,14181
2510303,Torre de Santa María,Torre de Santa Maria,"Torre de Santa Maria,Torre de Santa María",39.25441,-6.1161,P,PPLA3,57,CC,10188,,10,666
2510306,Torre de Miguel Sesmero,Torre de Miguel Sesmero,Torre de Miguel Sesmero,38.61913,-6.7958,P,PPLA3,57,BA,06131,,06,1197
2510310,Torre del Campo,Torre del Campo,Torre del Compo,37.77051,-3.89731,P,PPLA3,51,J,23086,,23,14627
2510314,Torre de Juan Abad,Torre de Juan Abad,Torre de Juan Abad,38.58417,-3.05994,P,PPLA3,54,CR,13084,,13,1332
2510319,Torrecillas de la Tiesa,Torrecillas de la Tiesa,"Torrecilla de la Tiesa,Torrecillas de la Tiesa",39.56837,-5.74238,P,PPLA3,57,CC,10186,,10,1185
2510320,Torrecilla de la Jara,Torrecilla de la Jara,"Torrecilla,Torrecilla de la Jara",39.70425,-4.77186,P,PPLA3,54,TO,45170,,45,317
2510328,Torre-Cardela,Torre-Cardela,,37.50456,-3.35609,P,PPLA3,51,GR,18178,,18,1107
2510329,Torrecampo,Torrecampo,Torrecampo,38.46667,-4.66667,P,PPLA3,51,CO,14062,,14,1384
2510330,Torreblascopedro,Torreblascopedro,Torreblascopedro,37.9975,-3.6378,P,PPLA3,51,J,23085,,23,2713
2510336,Torre Alháquime,Torre Alhaquime,"Torre Alhaquime,Torre Alháquime",36.91588,-5.23381,P,PPLA3,51,CA,11036,,11,875
2510347,Torralba de Oropesa,Torralba de Oropesa,Torralba de Oropesa,39.93384,-5.15404,P,PPLA3,54,TO,45169,,45,267
2510348,Torralba del Pinar,Torralba del Pinar,"Torral'ba-del'-Pinar,Torralba,Torralba del Pinar,tuo la er wa de er pi na er,twralba dyl baynar,Торральба-дель-Пинар,Торральба-дель-Пінар,تورالبا ديل باينار,托拉尔瓦德尔皮纳尔",39.98333,-0.43333,P,PPLA3,60,CS,12116,,12,62
2510364,Tormos,Tormos,Tormos,38.80143,-0.0716,P,PPLA3,60,A,03131,,03,307
2510370,Toril,Toril,,39.89749,-5.7795,P,PPLA3,57,CC,10182,,10,231
2510379,Torás,Toras,"Toras,Torás",39.91667,-0.68333,P,PPLA3,60,CS,12114,,12,280
2510394,Tomares,Tomares,Tomares,37.37281,-6.04589,P,PPLA3,51,SE,41093,,41,22772
2510398,Tolox,Tolox,Tolox,36.68721,-4.90511,P,PPLA3,51,MA,29090,,29,2261
2510404,Tollos,Tollos,Tollos,38.75629,-0.27466,P,PPLA3,60,A,03130,,03,31
2510409,Toledo,Toledo,"Taleda,Toledas,Tolede,Toledo,Toledo i Spania,Toledu,Toletum,Toleu,Tolède,XTJ,tlytlt,to le do,toledo,toleto,tolledo,toredo,tuo lai duo,tuo li duo,twldw,twldw  aspanya,twlydw,Τολέδο,Таледа,Толедо,Տոլեդո,טאלעדא,טולדו,تولدو، اسپانیا,توليدو,طليطلة,طلیطلہ,तोलेदो,ਤੋਲੇਦੋ,டொலேடோ,โตเลโด,ტოლედო,ቶሌዶ,トレド,托利多,托萊多,톨레도",39.8581,-4.02263,P,PPLA,54,TO,45168,,45,86526
2510419,Tocina,Tocina,Tocina,37.60904,-5.73403,P,PPLA3,51,SE,41092,,41,9067
2510426,Tobarra,Tobarra,Tobarra,38.59213,-1.69191,P,PPLA3,54,AB,02074,,02,7884
2510430,Titaguas,Titaguas,"Titaguas,Titaguees,Titagües",39.86667,-1.08333,P,PPLA3,60,V,46241,,46,544
2510455,Tinajo,Tinajo,Tinajo,29.06326,-13.67647,P,PPLA3,53,GC,35029,,35,5228
2510468,Tijarafe,Tijarafe,"Tijarafe,Tirajafe",28.7,-17.95,P,PPLA3,53,TF,38047,,38,2648
2510484,Tibi,Tibi,"Maigmo,Tibi,di wei,taybay,tyby,Тиби,Тібі,تايباي,تیبی,蒂维",38.53072,-0.57776,P,PPLA3,60,A,03129,,03,1518
2510485,Tías,Tias,"Tias,Tías",28.96108,-13.64502,P,PPLA3,53,GC,35028,,35,19849
2510488,Teulada,Teulada,Teulada,38.7294,0.10383,P,PPLA3,60,A,03128,,03,14620
2510497,Terrinches,Terrinches,Terrinches,38.61057,-2.84215,P,PPLA3,54,CR,13081,,13,1031
2510506,Terrateig,Terrateig,Terrateig,38.89453,-0.31993,P,PPLA3,60,V,46240,,46,393
2510507,Terque,Terque,Terque,36.98393,-2.59679,P,PPLA3,51,AL,04091,,04,447
2510508,Teror,Teror,"Teror,te luo er,tyrwr,Терор,تيرور,特罗尔",28.06062,-15.54909,P,PPLA3,53,GC,35027,,35,12449
2510540,Tembleque,Tembleque,"Tembleke,Tembleque,teng fu lai ke,tmblkh,Темблеке,Տեմբլեկե,تمبلکه,滕夫莱克",39.69541,-3.50429,P,PPLA3,54,TO,45166,,45,2202
2510542,Telde,Telde,"Tel'de,Telde,te er de,tyldy,Телде,Тельде,تيلدي,特尔德",27.99243,-15.41915,P,PPLA3,53,GC,35026,,35,123265
2510573,Teguise,Teguise,Teguise,29.06049,-13.56397,P,PPLA3,53,GC,35024,,35,19418
2510574,Tegueste,Tegueste,Tegueste,28.52236,-16.34074,P,PPLA3,53,TF,38046,,38,10666
2510579,Tébar,Tebar,"Tebar,Tébar",39.5,-2.16667,P,PPLA3,54,CU,16204,,16,406
2510580,Teba,Teba,"Teba,te wa,tyba  malqt,Теба,تيبا، مالقة,特瓦",36.98358,-4.91913,P,PPLA3,51,MA,29089,,29,4304
2510582,Tazacorte,Tazacorte,"Tasakorte,Tazacorte,Villa y Puerto de Tazacorte,ta sa ke er te,tathakwrty,Тасакорте,تاثاكورتي,塔萨科尔特",28.64186,-17.93394,P,PPLA3,53,TF,38045,,38,5670
2510599,Tarifa,Tarifa,"Tarifa,Taryfa,ta li fa,talipa,tarifa,tryfa,Тарифа,Тарыфа,Таріфа,طريفا,タリファ,塔里法,타리파",36.01393,-5.60695,P,PPLA3,51,CA,11035,,11,18169
2510602,Tarazona de la Mancha,Tarazona de la Mancha,"Tarazona,Tarazona de la Mancha",39.25,-1.91667,P,PPLA3,54,AB,02073,,02,6514
2510623,Tamurejo,Tamurejo,Tamurejo,38.98333,-4.93333,P,PPLA3,57,BA,06130,,06,266
2510685,Táliga,Taliga,"Taliga,Táliga",38.52861,-7.01713,P,PPLA3,57,BA,06129,,06,705
2510686,Tales,Tales,Tales,39.94844,-0.30719,P,PPLA3,60,CS,12109,,12,770
2510687,Talayuelas,Talayuelas,Talayuelas,39.85,-1.28333,P,PPLA3,54,CU,16202,,16,0
2510693,Talavera de la Reina,Talavera de la Reina,"Aebura,Caesarobriga,Ebora,Ebura,Elbora,QWT,Talavera de la Reina,Talavera de la Rejna,Talavera de la reina,Talavera del Tajo,Talavera-de-la-Rejna,ta la be ra de la rey na,ta la wei la de la lei na,talavera di la rina,tlbyrt,Талавера де ла Реина,Талавера де ла Рейна,Талавера-де-ла-Рейна,طلبيرة,टालावेरा दी ला रीना,ตาลาเบราเดลาเรย์นา,ታላቬራ ዴ ላ ሬና,タラベラ・デ・ラ・レイナ,塔拉韦拉德拉雷纳",39.96348,-4.83076,P,PPLA3,54,TO,45165,,45,88856
2510699,Talaván,Talavan,"Talaban,Talabán,Talavan,Talaván,ta la wan,talafan,Талаван,تالافان,塔拉万",39.71715,-6.28146,P,PPLA3,57,CC,10178,,10,926
2510700,Talarrubias,Talarrubias,"Talarrubia,Talarrubias",39.03697,-5.23423,P,PPLA3,57,BA,06127,,06,3599
2510716,Tahal,Tahal,Tahal,37.22797,-2.2847,P,PPLA3,51,AL,04090,,04,393
2510725,Tacoronte,Tacoronte,"Tacoronte,Takoronte,ta ke long te,takrnth,takwrwnty,Такоронте,تاكورونتي,تاکرنته,塔科龙特",28.47688,-16.41016,P,PPLA3,53,TF,38043,,38,23562
2510743,Tavernes de la Valldigna,Tavernes de la Valldigna,"Tabernas,Tabernes de Valldigna,Tavernes de la Valldigna",39.07195,-0.26623,P,PPLA3,60,V,46238,,46,18195
2510744,Tavernes Blanques,Tavernes Blanques,"Tabernes,Tabernes Blanques,Tavernes Blanques",39.5,-0.36667,P,PPLA3,60,V,46250,,46,9033
2510746,Tabernas,Tabernas,Tabernas,37.04992,-2.39084,P,PPLA3,51,AL,04088,,04,3241
2510758,Sumacàrcer,Sumacarcer,"Sumacarcel,Sumacarcer,Sumacàrcer,Sumacárcel",39.1,-0.63333,P,PPLA3,60,V,46236,,46,1308
2510762,Suflí,Sufli,"Sufli,Suflí",37.33866,-2.38817,P,PPLA3,51,AL,04087,,04,228
2510764,Sueca,Sueca,Sueca,39.2026,-0.31114,P,PPLA3,60,V,46235,,46,28908
2510780,Sot de Ferrer,Sot de Ferrer,Sot de Ferrer,39.8,-0.4,P,PPLA3,60,CS,12107,,12,504
2510781,Sot de Chera,Sot de Chera,"Sot de Chera,Sot de Xera",39.63333,-0.9,P,PPLA3,60,V,46234,,46,381
2510785,Sorvilán,Sorvilan,"Sorvilan,Sorvilán",36.79505,-3.26769,P,PPLA3,51,GR,18177,,18,746
2510787,Sorihuela del Guadalimar,Sorihuela del Guadalimar,Sorihuela del Guadalimar,38.24062,-3.0536,P,PPLA3,51,J,23084,,23,1232
2510793,Sorbas,Sorbas,Sorbas,37.09761,-2.12349,P,PPLA3,51,AL,04086,,04,2679
2510794,Soportújar,Soportujar,,36.92863,-3.40542,P,PPLA3,51,GR,18176,,18,273
2510799,Son Servera,Son Servera,"Son Servera,Son-Servera,song sai er wei la,swn syrfyra,Сон-Сервера,سون سيرفيرا,松塞尔韦拉",39.62073,3.36008,P,PPLA3,07,PM,07062,,07,12215
2510809,Soneja,Soneja,"Sonecha,Soneixa,Soneja,Sonekha,suo nei ha,swnykha,Сонеха,سونيخا,索内哈",39.81667,-0.41667,P,PPLA3,60,CS,12106,,12,1347
2510815,Somontín,Somontin,"Somolin,Somolín,Somontin,Somontín",37.39176,-2.38828,P,PPLA3,51,AL,04085,,04,552
2510821,Sóller,Soller,"Sol'er,Solera,Soller,Soļera,Sóller,soryeru,suo lie er,swyyr,Сольер,سويير,ソーリェル,索列尔",39.76623,2.71521,P,PPLA3,07,PM,07061,,07,14041
2510822,Sollana,Sollana,Sollana,39.2783,-0.38238,P,PPLA3,60,V,46233,,46,4515
2510839,Solana de los Barros,Solana de los Barros,"Solana,Solana de los Barros",38.72527,-6.53899,P,PPLA3,57,BA,06126,,06,2608
2510852,Socuéllamos,Socuellamos,"Socuellamos,Socuéllamos,Sokuehl'jamos,Sokuel'jamos,suo ku ai li ya mo si,swkwylamws  sywdad ryal,Сокуельямос,Сокуэльямос,سوكويلاموس، سيوداد ريال,索库埃利亚莫斯",39.28581,-2.79205,P,PPLA3,54,CR,13078,,13,13163
2510853,Socovos,Socovos,,38.33232,-1.98485,P,PPLA3,54,AB,02072,,02,1909
2510861,Sisante,Sisante,Sisante,39.40849,-2.20173,P,PPLA3,54,CU,16198,,16,1775
2510864,Siruela,Siruela,Siruela,38.97718,-5.04969,P,PPLA3,57,BA,06125,,06,2218
2510868,Sineu,Sineu,Sineu,39.64254,3.01034,P,PPLA3,07,PM,07060,,07,3053
2510869,Sinarcas,Sinarcas,"Sinarcas,Sinarques",39.73333,-1.23333,P,PPLA3,60,V,46232,,46,1238
2510870,Simat de la Valldigna,Simat de la Valldigna,"Simat de Valldigna,Simat de la Valldigna",39.03333,-0.31667,P,PPLA3,60,V,46231,,46,3291
2510880,Silla,Silla,Silla,39.36257,-0.41169,P,PPLA3,60,V,46230,,46,18979
2510883,Siles,Siles,Siles,38.38983,-2.5819,P,PPLA3,51,J,23082,,23,0
2510889,Siete Aguas,Siete Aguas,"Setaiguees,Setaigües,Siete Aguas",39.46667,-0.91667,P,PPLA3,60,V,46229,,46,1232
2510891,Sierro,Sierro,Sierro,37.32237,-2.39844,P,PPLA3,51,AL,04084,,04,452
2510895,Sierra de Yeguas,Sierra de Yeguas,Sierra de Yeguas,37.1242,-4.86773,P,PPLA3,51,MA,29088,,29,3311
2510906,Sevilleja de la Jara,Sevilleja de la Jara,Sevilleja de la Jara,39.57488,-4.96387,P,PPLA3,54,TO,45162,,45,953
2510911,Sevilla,Sevilla,"Hispalis,Lungsod ng Sevilla,SVQ,Sebilla,Sebille,Sevidzheh,Sevil'ja,Sevila,Sevileje,Sevilha,Sevilia,Sevilija,Sevilja,Sevilla,Seville,Sevilo,Sevilya,Sevilėjė,Seviya,Seweliye,Sewilla,Sibilia,Siviglia,Sivilja,Séville,Séwéliye,ashbylyt,ceviya,isabili'a,sai wei li ya,sai wei ya,sbylyh,sebi ya,sebiria,sebirya,sebiya,sevilia,swya,sybyya,Σεβίλλη,Севиджэ,Севилья,Севиля,Севилја,Севиља,Севілья,Սեվիլիա,Սևիլյա,סביליה,סעווילא,إشبيلية,اشبیلیہ,سویا,سيبييا,سێڤیلیا,सेबिया,ਇਸ਼ਬੀਲੀਆ,செவீயா,เซบียา,სევილია,セビリア,セビリャ,塞維亞,塞维利亚,세비야",37.38283,-5.97317,P,PPLA,51,SE,41091,,41,686741
2510919,Ses Salines,Ses Salines,"Ses Salines,les Salines,ses Salines",39.33831,3.05274,P,PPLA3,07,PM,07059,,07,4290
2510923,Serrejón,Serrejon,"Serrejon,Serrejón",39.81735,-5.80263,P,PPLA3,57,CC,10176,,10,490
2510925,Serrato,Serrato,Serrato,36.88541,-4.98147,P,PPLA3,51,MA,29904,,29,0
2510936,Serradilla,Serradilla,Serradilla,39.8292,-6.14034,P,PPLA3,57,CC,10175,,10,1816
2510940,Serra,Serra,Serra,39.68333,-0.43333,P,PPLA3,60,V,46228,,46,2335
2510944,Serón,Seron,"Seron,Serón",37.34485,-2.50913,P,PPLA3,51,AL,04083,,04,2432
2510956,Senija,Senija,Senija,38.72804,0.04176,P,PPLA3,60,A,03125,,03,588
2510957,Senyera,Senyera,"Senera,Senyera,Señera",39.06667,-0.5,P,PPLA3,60,V,46227,,46,1038
2510959,Sempere,Sempere,"Sant Pere,Sempere",38.92014,-0.4814,P,PPLA3,60,V,46226,,46,34
2510961,Selva,Selva,Selva,39.75504,2.90069,P,PPLA3,07,PM,07058,,07,3205
2510963,Sellent,Sellent,Sellent,39.03221,-0.58784,P,PPLA3,60,V,46225,,46,468
2510965,Sella,Sella,Sella,38.60926,-0.27305,P,PPLA3,60,A,03124,,03,643
2510972,Segorbe,Segorbe,"Segorbe,Sogorb",39.85,-0.48333,P,PPLA3,60,CS,12104,,12,8371
2510974,Segart,Segart,"Segart,Segart de Albalat",39.68333,-0.36667,P,PPLA3,60,V,46224,,46,158
2510975,Sedaví,Sedavi,"Sedavi,Sedaví",39.43333,-0.38333,P,PPLA3,60,V,46223,,46,8778
2511009,Sayalonga,Sayalonga,"Sajalonga,Sajjalonga,Sayalonga,sai a long jia,sayalwngha,Сайялонга,Саялонга,Սայալոնգա,سايالونغا,赛阿隆加",36.79819,-4.01325,P,PPLA3,51,MA,29086,,29,1366
2511010,Sax,Sax,Sax,38.53729,-0.81779,P,PPLA3,60,A,03123,,03,10054
2511014,Saucedilla,Saucedilla,"Saucedilla,Sausedil'ja,sawsydayla,shao sai di li ya,Сауседилья,Сауседілья,ساوسيدايلا,绍塞迪利亚",39.85284,-5.67781,P,PPLA3,57,CC,10173,,10,743
2511033,San Vicente de Alcántara,San Vicente de Alcantara,,39.36132,-7.13766,P,PPLA3,57,BA,06123,,06,0
2511038,Santo Tomé,Santo Tome,"Santo Tome,Santo Tomé",38.02861,-3.10092,P,PPLA3,51,J,23080,,23,2273
2511050,Santomera,Santomera,,38.06147,-1.04877,P,PPLA3,31,MU,30901,,30,15319
2511063,Santisteban del Puerto,Santisteban del Puerto,Santisteban del Puerto,38.24829,-3.20762,P,PPLA3,51,J,23079,,23,4756
2511064,Santiponce,Santiponce,Santiponce,37.43553,-6.04106,P,PPLA3,51,SE,41089,,41,7561
2511070,Santiago del Teide,Santiago del Teide,"Santiago,Santiago del Teide,Santiago del Teyde",28.294,-16.81618,P,PPLA3,53,TF,38040,,38,12050
2511071,Santiago del Campo,Santiago del Campo,Santiago del Campo,39.6284,-6.36362,P,PPLA3,57,CC,10170,,10,322
2511075,Santiago de Calatrava,Santiago de Calatrava,Santiago de Calatrava,37.75382,-4.17093,P,PPLA3,51,J,23077,,23,876
2511090,Es Migjorn Gran,Es Migjorn Gran,"San Cristobal,San Cristóbal,Sant Cristofol,Sant Cristófol",39.94657,4.05121,P,PPLA3,07,PM,07902,,07,0
2511091,Santa Úrsula,Santa Ursula,"Santa Ursula,Santa Úrsula",28.42613,-16.48876,P,PPLA3,53,TF,38039,,38,14013
2511102,Santa Pola,Santa Pola,"Santa Pola,Santa-Pola,santa bwla,santa pla,sheng bo la,Санта-Пола,سانتا بولا,سانتا پلا,圣波拉",38.19165,-0.5658,P,PPLA3,60,A,03121,,03,31760
2511103,Santa Olalla del Cala,Santa Olalla del Cala,"Santa Olalla,Santa Olalla de Cala,Santa Olalla del Cala,Santa Ololla del Cala",37.9,-6.21667,P,PPLA3,51,H,21069,,21,0
2511106,Santanyí,Santanyi,"Santanyi,Santanyí",39.35461,3.12907,P,PPLA3,07,PM,07057,,07,12664
2511109,Santa Marta de Magasca,Santa Marta de Magasca,"Santa Maria,Santa Marta,Santa Marta de Magasca,Santa María",39.5115,-6.09881,P,PPLA3,57,CC,10168,,10,248
2511112,Santa Marta,Santa Marta,Santa Marta,38.61421,-6.62799,P,PPLA3,57,BA,06121,,06,4177
2511123,Santa María del Campo Rus,Santa Maria del Campo Rus,"Santa Maria del Campo,Santa Maria del Campo Rus,Santa María del Campo Rus",39.55942,-2.42306,P,PPLA3,54,CU,16195,,16,771
2511138,Santa Maria del Camí,Santa Maria del Cami,"Santa Maria,Santa Maria del Cami,Santa Maria del Camí",39.65111,2.77317,P,PPLA3,07,PM,07056,,07,6007
2511143,Santa Margalida,Santa Margalida,"Santa Margalida,Santa Margarita",39.70143,3.10215,P,PPLA3,07,PM,07055,,07,11537
2511158,Santa Fe de Mondújar,Santa Fe de Mondujar,"Santa Fe,Santa Fe de Mondujar,Santa Fe de Mondújar",36.97479,-2.53126,P,PPLA3,51,AL,04081,,04,429
2511162,Santa Eulària des Riu,Santa Eularia des Riu,"Santa Eulalia del Rio,Santa Eulalia del Río,Santa Eularia del Riu,Santa Eularia des Riu,Santa Eulària del Riu,Santa Eulària des Riu,Santa-Ehulalija-del'-Rio,bin he sheng ai wu la li ya,santa aywlalya dyl ryw,Санта-Эулалия-дель-Рио,سانتا إيولاليا ديل ريو,滨河圣埃乌拉利亚",38.98457,1.53409,P,PPLA3,07,PM,07054,,07,31314
2511166,Santa Eugènia,Santa Eugenia,"Santa Eugenia,Santa Eugènia",39.62361,2.83864,P,PPLA3,07,PM,07053,,07,1420
2511167,Santa Eufemia,Santa Eufemia,Santa Eufemia,38.6,-4.9,P,PPLA3,51,CO,14061,,14,1015
2511170,Santaella,Santaella,Santaella,37.56294,-4.84362,P,PPLA3,51,CO,14060,,14,5933
2511171,Santa Elena,Santa Elena,Santa Elena,38.34162,-3.53953,P,PPLA3,51,J,23076,,23,996
2511174,Santa Cruz de Tenerife,Santa Cruz de Tenerife,"Sancta Crux Nivariae,Santa Cruz,Santa Cruz Tenerifekoa,Santa Cruz de Tenerife,Santa Cruz de Ténérife,Santa Krouth nte Tenerife,Santa Krus de Tenerife,Santa Kruz de Tenerife,Santa-Krus-de-Tenerife,Santa-Krus-deh-Tehnehryfeh,Santakrusa de Tenerife,TCI,Tenerife,Tenerifes Santa Krusas,Teneriffa,Tenerifės Santa Krusas,san ta kru sde te ne rife,santa kruja de teneriphe,santa krujha de teneripha,santa krusa de tenarifa,santa krws,santa krws dy tynyryfa,santa krwth dy tynyryfh,santa krwz dy tynyrf,santakeuluseudetenelipe,sheng ke lu si-de te nei li fei,snth qrws dh tnryph,Σάντα Κρουθ ντε Τενερίφε,Санта Круз де Тенерифе,Санта Крус де Тенерифе,Санта-Крус-де-Тенерифе,Санта-Крус-де-Тенеріфе,Санта-Крус-дэ-Тэнэрыфэ,סאנטא קרוז דע טענעריפע,סנטה קרוס דה טנריפה,سانتا كروث دي تينيريفه,سانتا كروس دى تينيريفا,سانتا کروز دی تینیرف,سانتا کروز ٹینرائف,سانتا کروس,सांता क्रुझ दे तेनेरीफ,सान्ता क्रूस दे तेनरीफ़,সান্টা ক্রুজ দে তেনেরিফে,ซานตากรุซเดเตเนรีเฟ,სანტა-კრუს-დე-ტენერიფე,サンタ・クルス・デ・テネリフェ,圣克鲁斯-德特内里费,산타크루스데테네리페",28.46824,-16.25462,P,PPLA,53,TF,38038,,38,211359
2511175,Santa Cruz de Mudela,Santa Cruz de Mudela,Santa Cruz de Mudela,38.64241,-3.4665,P,PPLA3,54,CR,13077,,13,4825
2511176,Santa Cruz de Moya,Santa Cruz de Moya,Santa Cruz de Moya,39.95,-1.26667,P,PPLA3,54,CU,16194,,16,384
2511177,Santa Cruz de los Cáñamos,Santa Cruz de los Canamos,"Santa Cruz de los Canamos,Santa Cruz de los Cáñamos",38.63759,-2.86618,P,PPLA3,54,CR,13076,,13,637
2511178,Santa Cruz de la Zarza,Santa Cruz de la Zarza,"Santa Cruz de la Zaraza,Santa Cruz de la Zarza,Santa-Krus-de-la-Sarsa,santa krwz dy la zarza,sheng ke lu si de la sa er sa,Санта-Крус-де-ла-Сарса,سانتا كروز دي لا زارزا,圣克鲁斯德拉萨尔萨",39.98104,-3.18787,P,PPLA3,54,TO,45156,,45,4755
2511179,Santa Cruz de la Sierra,Santa Cruz de la Sierra,Santa Cruz de la Sierra,39.33635,-5.84561,P,PPLA3,57,CC,10166,,10,311
2511202,Santa Brígida,Santa Brigida,"Santa Brigida,Santa Brígida",28.03197,-15.50425,P,PPLA3,53,GC,35021,,35,18314
2511203,Santa Bárbara de Casa,Santa Barbara de Casa,"Santa Barbara,Santa Barbara de Casa,Santa Barbara de Casas,Santa Bárbara,Santa Bárbara de Casa,Santa Bárbara de Casas",37.79665,-7.18735,P,PPLA3,51,H,21068,,21,0
2511209,Santa Ana la Real,Santa Ana la Real,Santa Ana la Real,37.86245,-6.72385,P,PPLA3,51,H,21067,,21,0
2511210,Santa Ana de Pusa,Santa Ana de Pusa,Santa Ana de Pusa,39.76238,-4.70904,P,PPLA3,54,TO,45155,,45,417
2511215,Santa Ana,Santa Ana,Santa Ana,39.30823,-5.99027,P,PPLA3,57,CC,10165,,10,333
2511222,Santa Amalia,Santa Amalia,,39.01118,-6.01158,P,PPLA3,57,BA,06120,,06,4361
2511227,San Silvestre de Guzmán,San Silvestre de Guzman,"San Silvestre de Guzman,San Silvestre de Guzmán",37.3877,-7.34908,P,PPLA3,51,H,21066,,21,624
2511229,San Sebastián de los Ballesteros,San Sebastian de los Ballesteros,"San Sebastian de los Ballesteros,San Sebastián de los Ballesteros",37.65376,-4.82409,P,PPLA3,51,CO,14059,,14,869
2511239,San Roque,San Roque,San Roque,36.20983,-5.38452,P,PPLA3,51,CA,11033,,11,29249
2511246,San Pedro de Mérida,San Pedro de Merida,"San Pedro de Merida,San Pedro de Mérida",38.95007,-6.18645,P,PPLA3,57,BA,06119,,06,791
2511247,San Pedro del Pinatar,San Pedro del Pinatar,San Pedro del Pintar,37.83568,-0.79102,P,PPLA3,31,MU,30036,,30,23738
2511274,San Nicolás del Puerto,San Nicolas del Puerto,"San Nicolas del Puerto,San Nicolás del Puerto",38,-5.65,P,PPLA3,51,SE,41088,,41,0
2511277,San Miguel de Salinas,San Miguel de Salinas,"San Miguehl',San Miguel,San Miguel de Salinas,Sant Miquel de Salines,Сан Мигуэль",37.97972,-0.78904,P,PPLA3,60,A,03120,,03,6281
2511289,San Martín de Pusa,San Martin de Pusa,"San Martin de Pusa,San Martín de Pusa",39.78404,-4.63252,P,PPLA3,54,TO,45152,,45,790
2511290,San Martín de Montalbán,San Martin de Montalban,"San Martin de Montalban,San Martín de Montalbán",39.70186,-4.38796,P,PPLA3,54,TO,45151,,45,745
2511292,San Martín de Boniches,San Martin de Boniches,"San Martin de Boniches,San Martín de Boniches",39.9,-1.56667,P,PPLA3,54,CU,16192,,16,89
2511302,Sant Lluís,Sant Lluis,"San Luis,San-Luis,Sant Lluis,Sant Lluís,san lwys,sang te liu yi si,Сан-Луис,سان لويس,桑特柳伊斯",39.84939,4.25819,P,PPLA3,07,PM,07052,,07,6892
2511304,Sanlúcar la Mayor,Sanlucar la Mayor,"Sanlucar la Mayor,Sanlúcar la Mayor",37.38758,-6.20346,P,PPLA3,51,SE,41087,,41,12749
2511305,Sanlúcar de Guadiana,Sanlucar de Guadiana,"Salucar de Guadiana,Sanlucar de Guadiana,Sanlúcar de Guadiana",37.47268,-7.46546,P,PPLA3,51,H,21065,,21,363
2511308,San Lorenzo de la Parrilla,San Lorenzo de la Parrilla,"San Lorenzo de la Parilla,San Lorenzo de la Parrilla",39.85129,-2.36079,P,PPLA3,54,CU,16191,,16,1313
2511309,Sant Llorenç des Cardassar,Sant Llorenc des Cardassar,"San Lorenzo,Sant Llorenc,Sant Llorenc del Cardassar,Sant Llorenc des Cardassar,Sant Llorenç,Sant Llorenç del Cardassar,Sant Llorenç des Cardassar",39.61009,3.2838,P,PPLA3,07,PM,07051,,07,0
2511310,San Lorenzo de Calatrava,San Lorenzo de Calatrava,"San Lorenzo,San Lorenzo de Calatrava",38.47681,-3.82605,P,PPLA3,54,CR,13075,,13,277
2511326,San Juan del Puerto,San Juan del Puerto,"Juan del Puerto,San Juan,San Juan del Puerto",37.31667,-6.84139,P,PPLA3,51,H,21064,,21,6834
2511328,San Juan de Énova,San Juan de Enova,"San Juan de Enova,San Juan de Énova,Sant Joan de l'Enova,Sant Joan de l'Ènova",39.07104,-0.48705,P,PPLA3,60,V,46222,,46,386
2511329,San Juan de Aznalfarache,San Juan de Aznalfarache,"San Juan de Aznalfarache,San-Khuan-de-Asnal'farache,sheng hu an de ya si na er fa la qie,Сан-Хуан-де-Аснальфараче,圣胡安德亚斯纳尔法拉切",37.35813,-6.03731,P,PPLA3,51,SE,41086,,41,20779
2511331,Sant Joan de Labritja,Sant Joan de Labritja,"San Juan,San Juan Bautista,Sant Joan de Labritja",39.07891,1.51397,P,PPLA3,07,PM,07050,,07,4838
2511347,Sant Joan,Sant Joan,Sant Joan,39.59621,3.0392,P,PPLA3,07,PM,07049,,07,0
2511352,Sant Josep de sa Talaia,Sant Josep de sa Talaia,"San Jose,San Jose de la Atalaya,Sant Josep de sa Talaia",38.92239,1.29437,P,PPLA3,07,PM,07048,,07,2341
2511366,San Javier,San Javier,"MJV,San Javier",37.80626,-0.83736,P,PPLA3,31,MU,30035,,30,31432
2511381,Sant Francesc de Formentera,Sant Francesc de Formentera,"San Francisco,San Francisco Javier,Sant Francesc,Sant Francesc de Formentera",38.70566,1.42893,P,PPLA3,07,PM,07024,,07,2656
2511388,San Fernando,San Fernando,"San Fernanando,San Fernando,San Fernando i Spania,San-Fernando,san frnandw  qads,sheng fei er nan duo,Сан Фернандо,Сан-Фернандо,سان فرناندو، قادس,サン・フェルナンド,圣费尔南多",36.4759,-6.19817,P,PPLA3,51,CA,11031,,11,95174
2511394,Sanet y Negrals,Sanet y Negrals,"Sanet i els Negrals,Sanet y Negrals",38.81967,-0.03406,P,PPLA3,60,A,03117,,03,642
2511411,San Clemente,San Clemente,San Clemente,39.4041,-2.42819,P,PPLA3,54,CU,16190,,16,6765
2511420,Sencelles,Sencelles,Sencelles,39.64598,2.89769,P,PPLA3,07,PM,07047,,07,2656
2511423,San Carlos del Valle,San Carlos del Valle,San Carlos del Valle,38.84399,-3.24148,P,PPLA3,54,CR,13074,,13,1215
2511441,San Bartolomé de la Torre,San Bartolome de la Torre,"San Bartolome de la Torre,San Bartolomé de la Torre",37.44515,-7.10597,P,PPLA3,51,H,21063,,21,2981
2511442,San Bartolomé de las Abiertas,San Bartolome de las Abiertas,"San Bartolome de las Abiertas,San Bartolomé de las Abiertas",39.82972,-4.71901,P,PPLA3,54,TO,45150,,45,458
2511447,San Bartolomé,San Bartolome,"San - Bartolome,San Bartolome,San Bartolomé,Сан - Бартоломе",29.00093,-13.613,P,PPLA3,53,GC,35018,,35,18517
2511448,Sant Antoni de Portmany,Sant Antoni de Portmany,"Bahia de San Antonio,San Antonio,San Antonio Abad,San-Antonio-Abad,Sant Antoni de Portmany,san antwnyw abad,sang tan tuo ni de bo er te ma ni,Сан-Антонио-Абад,سان أنطونيو أباد,桑坦托尼德波尔特马尼",38.98068,1.30362,P,PPLA3,07,PM,07046,,07,21852
2511474,Salvatierra de Santiago,Salvatierra de Santiago,Salvatierra de Santiago,39.30363,-6.03206,P,PPLA3,57,CC,10163,,10,369
2511475,Salvatierra de los Barros,Salvatierra de los Barros,"Salvatierra,Salvatierra de los Barros",38.49091,-6.68423,P,PPLA3,57,BA,06117,,06,1889
2511477,Salvaleón,Salvaleon,"Salvaleon,Salvaleón",38.5102,-6.78627,P,PPLA3,57,BA,06116,,06,2172
2511495,Salteras,Salteras,Salteras,37.4206,-6.11049,P,PPLA3,51,SE,41085,,41,3814
2511498,Salorino,Salorino,Salorino,39.48018,-7.00758,P,PPLA3,57,CC,10162,,10,796
2511503,Salobreña,Salobrena,"Salobrena,Salobreña",36.74277,-3.58717,P,PPLA3,51,GR,18173,,18,12747
2511507,Salobre,Salobre,Salobre,38.59297,-2.55038,P,PPLA3,54,AB,02070,,02,621
2511535,Salinas,Salinas,Salinas,38.52025,-0.91202,P,PPLA3,60,A,03116,,03,1422
2511547,Salares,Salares,,36.85463,-4.02434,P,PPLA3,51,MA,29085,,29,217
2511551,Salar,Salar,Salar,37.15036,-4.06576,P,PPLA3,51,GR,18171,,18,2772
2511621,Sagra,Sagra,Sagra,38.81102,-0.06559,P,PPLA3,60,A,03115,,03,425
2511623,Saelices,Saelices,Saelices,39.92061,-2.80502,P,PPLA3,54,CU,16186,,16,655
2511626,Saceruela,Saceruela,Saceruela,38.94382,-4.60768,P,PPLA3,54,CR,13073,,13,686
2511629,Sacañet,Sacanet,"Sacanel,Sacanet,Sacanyet,Sacañel,Sacañet",39.86667,-0.71667,P,PPLA3,60,CS,12097,,12,147
2511649,Rute,Rute,"Rute,Rute foersamling,Rute församling",37.3269,-4.36827,P,PPLA3,51,CO,14058,,14,10559
2511651,Rus,Rus,Rus,38.04759,-3.46254,P,PPLA3,51,J,23074,,23,3727
2511661,Ruidera,Ruidera,Ruidera,38.97775,-2.88321,P,PPLA3,54,CR,13902,,13,598
2511662,Rugat,Rugat,Rugat,38.87933,-0.36115,P,PPLA3,60,V,46219,,46,196
2511666,Rubite,Rubite,Rubite,36.80947,-3.34816,P,PPLA3,51,GR,18170,,18,507
2511680,Ruanes,Ruanes,Ruanes,39.32814,-6.01347,P,PPLA3,57,CC,10161,,10,80
2511681,Rozalén del Monte,Rozalen del Monte,"Rozalen del Monte,Rozalén del Monte",39.99083,-2.80525,P,PPLA3,54,CU,16181,,16,94
2511695,Rótova,Rotova,"Rotova,Ròtova,Rótova",38.93205,-0.25765,P,PPLA3,60,V,46218,,46,1277
2511700,Rota,Rota,"ROZ,Rota,Рота",36.62364,-6.35997,P,PPLA3,51,CA,11030,,11,28848
2511705,Rosal de la Frontera,Rosal de la Frontera,"El Rosal de la Frontera,Rosal,Rosal de la Frontera",37.96754,-7.21889,P,PPLA3,51,H,21062,,21,1846
2511716,Roquetas de Mar,Roquetas de Mar,"Roketas de Mar,Roketas-de-Mar,Roquetas,Roquetas de Mar,luo ke ta si de ma er,rktas d mar,rwkwytas dy mar,Рокетас де Мар,Рокетас-де-Мар,روكويتاس دي مار,رکتاس د مار,ロケタス・デ・マル,罗克塔斯德马尔",36.76419,-2.61475,P,PPLA3,51,AL,04079,,04,94925
2511730,Ronda,Ronda,"RRA,Ronda,Ронда",36.74231,-5.16709,P,PPLA3,51,MA,29084,,29,36827
2511743,Romangordo,Romangordo,Romangordo,39.74199,-5.70081,P,PPLA3,57,CC,10160,,10,158
2511752,Rojales,Rojales,"Rojales,Rojals,Rokhales,Roxales,luo ha lai si,rkhals,Рохалес,Ռոխալես,رخالس,罗哈莱斯",38.08799,-0.72544,P,PPLA3,60,A,03113,,03,20510
2511771,Rocafort,Rocafort,Rocafort,39.53333,-0.4,P,PPLA3,60,V,46216,,46,6049
2511774,Robledollano,Robledollano,Robledollano,39.60962,-5.50855,P,PPLA3,57,CC,10159,,10,380
2511779,Robledo,Robledo,Robledo,38.75807,-2.45042,P,PPLA3,54,AB,02068,,02,420
2511781,Robledillo de Trujillo,Robledillo de Trujillo,Robledillo de Trujillo,39.26956,-5.98001,P,PPLA3,57,CC,10158,,10,462
2511818,Riópar,Riopar,"Riopar,Riópar",38.5,-2.45,P,PPLA3,54,AB,02067,,02,1504
2511823,Riola,Riola,Riola,39.2,-0.33333,P,PPLA3,60,V,46215,,46,1706
2511824,Rioja,Rioja,Rioja,36.94508,-2.46302,P,PPLA3,51,AL,04078,,04,1331
2511852,Rincón de la Victoria,Rincon de la Victoria,"Bezmiliana,Rinkon-de-la-Viktoria,Rinkon-de-la-Viktorija,lin kong de la wei ke tuo li ya,rynkwn dy la fyktwrya,Ринкон-де-ла-Викториа,Ринкон-де-ла-Виктория,Рінкон-де-ла-Вікторія,رينكون دي لا فيكتوريا,林孔德拉维克托里亚",36.71715,-4.27583,P,PPLA3,51,MA,29082,,29,38666
2511867,Rielves,Rielves,,39.96206,-4.193,P,PPLA3,54,TO,45147,,45,586
2511869,Ricote,Ricote,Ricote,38.15338,-1.36557,P,PPLA3,31,MU,30034,,30,1492
2511873,Ribera del Fresno,Ribera del Fresno,Ribera del Fresno,38.55177,-6.23768,P,PPLA3,57,BA,06113,,06,3291
2511930,Requena,Requena,"Rekena,Requena,lei ke na,rekena,Рекена,レケナ,雷克纳",39.48834,-1.10044,P,PPLA3,60,V,46213,,46,20227
2511936,Rena,Rena,,39.05252,-5.80868,P,PPLA3,57,BA,06111,,06,646
2511940,Relleu,Relleu,Relleu,38.58725,-0.31157,P,PPLA3,60,A,03112,,03,987
2511946,Reina,Reina,Reina,38.18333,-5.95,P,PPLA3,57,BA,06110,,06,189
2511947,Reíllo,Reillo,"Reillo,Reíllo",39.9,-1.86667,P,PPLA3,54,CU,16177,,16,118
2511969,Redován,Redovan,"Redova,Redovan,Redovà,Redován,lei duo wan,rdwban,Редован,ردوبان,雷多万",38.11619,-0.90981,P,PPLA3,60,A,03111,,03,6507
2511996,Real de Montroi,Real de Montroi,"Real de Montroi,Real de Montroy",39.33333,-0.6,P,PPLA3,60,V,46212,,46,2031
2511998,Real de Gandía,Real de Gandia,"Real de Gandia,Real de Gandía",38.94817,-0.19239,P,PPLA3,60,V,46211,,46,1892
2512068,Rágol,Ragol,"Ragol,Rágol",36.99523,-2.68178,P,PPLA3,51,AL,04077,,04,380
2512069,Ráfol de Salem,Rafol de Salem,"El Rafol de Salem,El Ràfol de Salem,Rafol de Salem,Ráfol de Salem",38.86651,-0.39991,P,PPLA3,60,V,46210,,46,389
2512071,Rafelguaraf,Rafelguaraf,Rafelguaraf,39.05126,-0.45543,P,PPLA3,60,V,46209,,46,2398
2512072,Rafelcofer,Rafelcofer,Rafelcofer,38.93248,-0.16772,P,PPLA3,60,V,46208,,46,1395
2512075,Rafal,Rafal,"Rafal,Rafal',la fa er,rafal,Рафаль,رافال,拉法尔",38.10458,-0.84904,P,PPLA3,60,A,03109,,03,3659
2512078,Rada de Haro,Rada de Haro,Rada de Haro,39.57002,-2.62086,P,PPLA3,54,CU,16176,,16,65
2512095,Quintanar del Rey,Quintanar del Rey,,39.33333,-1.93333,P,PPLA3,54,CU,16175,,16,7539
2512096,Quintanar de la Orden,Quintanar de la Orden,"Quintanar de la Orden,Quintanar la Orden",39.59369,-3.04165,P,PPLA3,54,TO,45142,,45,12736
2512099,Quintana de la Serena,Quintana de la Serena,Quintana de la Serena,38.74595,-5.67233,P,PPLA3,57,BA,06109,,06,5242
2512108,Quesa,Quesa,Quesa,39.1197,-0.74,P,PPLA3,60,V,46206,,46,745
2512109,Quero,Quero,Quero,39.51111,-3.24741,P,PPLA3,54,TO,45141,,45,1240
2512127,Puçol,Pucol,"Pucol,Puzol,Puçol",39.61667,-0.3,P,PPLA3,60,V,46205,,46,19018
2512131,Purullena,Purullena,"Parullena,Purullena",37.31763,-3.19056,P,PPLA3,51,GR,18167,,18,2215
2512133,Purchena,Purchena,"Purchena,bwrtshyna,pu er qie na,pwrchna,Пурчена,بورتشينا,پورچنا,普尔切纳",37.34744,-2.3608,P,PPLA3,51,AL,04076,,04,1598
2512138,Puntallana,Puntallana,"Puntallana,San Juan de Puntallana",28.73333,-17.73333,P,PPLA3,53,TF,38030,,38,2394
2512144,Puntagorda,Puntagorda,,28.7749,-17.97741,P,PPLA3,53,TF,38029,,38,1659
2512155,Pulianas,Pulianas,,37.22302,-3.60832,P,PPLA3,51,GR,18165,,18,4855
2512158,Pujerra,Pujerra,Pujerra,36.61274,-5.14979,P,PPLA3,51,MA,29081,,29,316
2512160,Puigpunyent,Puigpunyent,Puigpunyent,39.62514,2.52759,P,PPLA3,07,PM,07045,,07,1513
2512162,Puig,Puig,"El Puche,El Puig,Puig,Puig de Santa Maria,Puig de Santa María",39.58869,-0.30333,P,PPLA3,60,V,46204,,46,7851
2512169,Puerto Real,Puerto Real,"Puehrto-Real',Puerto Real,Puerto-Real',bwyrtw ryal,pueleutoleal,wang gang shi,Пуерто-Реаль,Пуэрто-Реаль,بويرتو ريال,王港市,푸에르토레알",36.52819,-6.19011,P,PPLA3,51,CA,11028,,11,40183
2512177,Puertollano,Puertollano,"Puehrtol'jano,Puertojano,Puertolano,Puertollano,Puertolyano,UER,bwrtwlanw,pu ai er tuo li ya nuo,puerutoryano,Пуертояно,Пуертољано,Пуэртольяно,Պուերտոլյանո,بورتولانو,プエルトリャノ,普埃尔托利亚诺",38.68712,-4.10734,P,PPLA3,54,CR,13071,,13,51842
2512182,Puerto de San Vicente,Puerto de San Vicente,Puerto de San Vicente,39.52283,-5.11407,P,PPLA3,54,TO,45139,,45,288
2512184,Puerto de Santa Cruz,Puerto de Santa Cruz,Puerto de Santa Cruz,39.31631,-5.85875,P,PPLA3,57,CC,10153,,10,409
2512186,Puerto del Rosario,Puerto del Rosario,"Puehrto-del'-Rosario,Puerto Cabras,Puerto Rosario,Puerto de Cabras,Puerto del Rosario,Пуэрто-дель-Росарио",28.50038,-13.86272,P,PPLA3,53,GC,35017,,35,35667
2512196,Puerto de la Cruz,Puerto de la Cruz,"Orotava,Puehrto-de-la-Krus,Puerto de la Cruz,Puerto de la Krus,Puerto de la Krusas,Puerto-de-la-Krus,bwyrtw dy la krwth,pu ai er tuo de la ke lu si,Пуерто де ла Крус,Пуерто-де-ла-Крус,Пуэрто-де-ла-Крус,بويرتو دي لا كروث,普埃尔托德拉克鲁斯",28.41686,-16.55085,P,PPLA3,53,TF,38028,,38,32219
2512238,Puente de Génave,Puente de Genave,"Puente de Genave,Puente de Génave,Puente-Genave,Puente-Génave",38.35544,-2.8032,P,PPLA3,51,J,23071,,23,2064
2512251,La Pobla de Vallbona,La Pobla de Vallbona,"La Pobla de Vallbona,Puebla de Vallbona",39.59747,-0.55468,P,PPLA3,60,V,46202,,46,20431
2512253,Puebla de Sancho Pérez,Puebla de Sancho Perez,"La Puebla,Puebla de Sancho Perez,Puebla de Sancho Pérez",38.4,-6.4,P,PPLA3,57,BA,06108,,06,2861
2512255,Puebla de Obando,Puebla de Obando,Puebla de Obando,39.1763,-6.62764,P,PPLA3,57,BA,06107,,06,2017
2512257,Puebla del Salvador,Puebla del Salvador,Puebla del Salvador,39.56667,-1.66667,P,PPLA3,54,CU,16174,,16,273
2512258,Puebla del Prior,Puebla del Prior,Puebla del Prior,38.57032,-6.19584,P,PPLA3,57,BA,06106,,06,557
2512259,Puebla del Príncipe,Puebla del Principe,"Puebla del Principe,Puebla del Príncipe,Pueblo del Principe",38.56766,-2.92605,P,PPLA3,54,CR,13069,,13,953
2512260,Puebla del Maestre,Puebla del Maestre,"Puebla del Maestra,Puebla del Maestre,Puebla del Maestro",38.08333,-6.08333,P,PPLA3,57,BA,06105,,06,799
2512262,Puebla de la Reina,Puebla de la Reina,Puebla de la Reina,38.66455,-6.10216,P,PPLA3,57,BA,06104,,06,928
2512263,Puebla de la Calzada,Puebla de la Calzada,Puebla de la Calzada,38.89441,-6.62592,P,PPLA3,57,BA,06103,,06,5604
2512266,Puebla de Don Rodrigo,Puebla de Don Rodrigo,Puebla de Don Rodrigo,39.08564,-4.61966,P,PPLA3,54,CR,13068,,13,1242
2512267,Puebla de Don Fadrique,Puebla de Don Fadrique,"La Puebla de Don Fadrique,Puebla de Don Fadrique",37.96156,-2.43961,P,PPLA3,51,GR,18164,,18,0
2512268,Puebla de Almenara,Puebla de Almenara,"Puebla-de-Al'menara,Puehbla-de-Al'menara,bwybla dy almnart,pu ai fu la de ya er mei na la,Пуебла-де-Альменара,Пуэбла-де-Альменара,بويبلا دي المنارة,普埃夫拉德亚尔梅纳拉",39.7844,-2.81435,P,PPLA3,54,CU,16172,,16,473
2512272,Pruna,Pruna,"Porcuna,Pruna",36.97226,-5.2223,P,PPLA3,51,SE,41076,,41,3047
2512282,Priego de Córdoba,Priego de Cordoba,"Pr'ego-de-Kordoba,Priego,Priego-de-Kordova,bryghw dy qrtbt  qrtbt,pu lie ge de ke er duo wa,Прьего-де-Кордоба,Прієго-де-Кордова,بريغو دي قرطبة، قرطبة,普列戈德科尔多瓦",37.43807,-4.19523,P,PPLA3,51,CO,14055,,14,22585
2512294,Prado del Rey,Prado del Rey,Prado del Rey,36.78756,-5.55589,P,PPLA3,51,CA,11026,,11,5851
2512308,Pozuelo,Pozuelo,Pozuelo,38.80989,-2.10101,P,PPLA3,54,AB,02065,,02,673
2512313,Pozorrubio,Pozorrubio,"Posorrubio,Pozorrubio,Pozorrubio de Santiago,bo suo lu wei ao,bwzwrwbyw,Посоррубио,Посоррубіо,بوزوروبيو,波索鲁维奥",39.81645,-2.94936,P,PPLA3,54,CU,16167,,16,442
2512319,Pozohondo,Pozohondo,Pozohondo,38.72095,-1.91192,P,PPLA3,54,AB,02063,,02,1829
2512340,Pozoblanco,Pozoblanco,"Posoblanko,Pozoblanco,bo suo fu lan ke,bwzwblankw  qrtbt,Пособланко,بوزوبلانكو، قرطبة,波索夫兰科",38.37906,-4.84827,P,PPLA3,51,CO,14054,,14,17669
2512341,Pozoamargo,Pozoamargo,Pozoamargo,39.36558,-2.19617,P,PPLA3,54,CU,16166,,16,351
2512343,Pozo Alcón,Pozo Alcon,"Pozo Alcon,Pozo Alcor,Pozo Alcón",37.70256,-2.93367,P,PPLA3,51,J,23070,,23,5414
2512358,Povedilla,Povedilla,Povedilla,38.70022,-2.60212,P,PPLA3,54,AB,02062,,02,637
2512360,Potríes,Potries,"Potries,Potríes",38.91617,-0.19594,P,PPLA3,60,V,46198,,46,909
2512367,Posadas,Posadas,Posadas,37.80205,-5.10726,P,PPLA3,51,CO,14053,,14,7364
2512369,Porzuna,Porzuna,Porzuna,39.14618,-4.15407,P,PPLA3,54,CR,13065,,13,3978
2512373,Pórtugos,Portugos,,36.94193,-3.31066,P,PPLA3,51,GR,18163,,18,407
2512388,Portezuelo,Portezuelo,Portezuelo,39.81233,-6.47433,P,PPLA3,57,CC,10151,,10,313
2512394,Portaje,Portaje,Portaje,39.91757,-6.56218,P,PPLA3,57,CC,10150,,10,382
2512398,Porreres,Porreres,"Porreras,Porreres",39.51434,3.02197,P,PPLA3,07,PM,07043,,07,5037
2512408,Porcuna,Porcuna,Porcuna,37.87102,-4.18501,P,PPLA3,51,J,23069,,23,6951
2512423,Polopos,Polopos,Polopos,36.79466,-3.29816,P,PPLA3,51,GR,18162,,18,1573
2512432,Pollença,Pollenca,"Pollenca,Pollensa,Pollença",39.87678,3.01626,P,PPLA3,07,PM,07042,,07,17260
2512433,Polinyà de Xúquer,Polinya de Xuquer,"Polina,Polina de Jucar,Polina del Jucar,Polinya de Xuquer,Polinyà de Xúquer,Poliña,Poliña de Júcar,Poliñá de Júcar,Poliñá del Júcar",39.2,-0.36667,P,PPLA3,60,V,46197,,46,2231
2512434,Polícar,Policar,"Policar,Polícar",37.25759,-3.23375,P,PPLA3,51,GR,18161,,18,229
2512437,Polán,Polan,"Polan,Polán,bo lan,plan  aspanya,Полан,Պոլան,پلان، اسپانیا,波兰",39.78765,-4.16792,P,PPLA3,54,TO,45133,,45,3527
2512451,Poblete,Poblete,Poblete,38.9355,-3.98137,P,PPLA3,54,CR,13064,,13,3005
2512458,Pliego,Pliego,Pliego,37.98946,-1.50444,P,PPLA3,31,MU,30032,,30,3543
2512470,Plasenzuela,Plasenzuela,Plasenzuela,39.38194,-6.04786,P,PPLA3,57,CC,10149,,10,543
2512475,Planes,Planes,"Planes,plans,pu la nei si,Планес,پلانس,普拉内斯",38.78524,-0.34271,P,PPLA3,60,A,03106,,03,798
2512490,Pizarra,Pizarra,,36.76543,-4.70833,P,PPLA3,51,MA,29080,,29,7345
2512496,Piqueras del Castillo,Piqueras del Castillo,Piqueras del Castillo,39.71667,-2.06667,P,PPLA3,54,CU,16161,,16,81
2512509,Pinos Puente,Pinos Puente,"Pinos Puente,Pinos-Puehnte,Pinos-Puente,bynws bwynty,pi nuo si peng te,Пинос-Пуэнте,Пінос-Пуенте,بينوس بوينتي,ピノス・プエンテ,皮诺斯蓬特",37.25109,-3.74967,P,PPLA3,51,GR,18158,,18,13515
2512511,Pinos Genil,Pinos Genil,,37.16346,-3.50215,P,PPLA3,51,GR,18157,,18,1236
2512541,Pinet,Pinet,Pinet,38.98176,-0.3387,P,PPLA3,60,V,46196,,46,192
2512548,Pinarejo,Pinarejo,Pinarejo,39.61639,-2.42592,P,PPLA3,54,CU,16159,,16,352
2512571,Piles,Piles,Piles,38.94143,-0.13286,P,PPLA3,60,V,46195,,46,2347
2512578,Pilas,Pilas,Pilas,37.30337,-6.30097,P,PPLA3,51,SE,41075,,41,13386
2512581,Pilar de la Horadada,Pilar de la Horadada,"El Pilar de Horadada,El Pilar de la Foradada,Pilar de la Horadada,Pilar-de-la-Oradada,baylar dy la hwradada,pi la er de la ao la da da,pylar dla hwradada,Пилар-де-ла-Орадада,Пілар-де-ла-Орадада,بايلار دي لا هورادادا,پیلار دلا هورادادا,皮拉尔德拉奥拉达达",37.86591,-0.79256,P,PPLA3,60,A,03902,,03,21418
2512596,Piedras Albas,Piedras Albas,Piedras Albas,39.78417,-6.92588,P,PPLA3,57,CC,10145,,10,156
2512609,Piedrabuena,Piedrabuena,Piedrabuena,39.03536,-4.17512,P,PPLA3,54,CR,13063,,13,4863
2512615,Picón,Picon,"Picon,Picón",39.05074,-4.06084,P,PPLA3,54,CR,13062,,13,660
2512620,Picassent,Picassent,"Picasent,Picassent",39.3635,-0.45949,P,PPLA3,60,V,46194,,46,19786
2512624,Picanya,Picanya,"Picana,Picanya,Picaña",39.43333,-0.43333,P,PPLA3,60,V,46193,,46,11053
2512634,Pétrola,Petrola,"Petrola,Pétrola",38.82628,-1.55662,P,PPLA3,54,AB,02061,,02,874
2512636,Petrés,Petres,"Petres,Petrés",39.68333,-0.3,P,PPLA3,60,V,46192,,46,867
2512638,Petra,Petra,"Petra,Петра",39.61351,3.11312,P,PPLA3,07,PM,07041,,07,2707
2512644,Pescueza,Pescueza,Pescueza,39.91807,-6.64589,P,PPLA3,57,CC,10143,,10,170
2512660,Periana,Periana,,36.92931,-4.19163,P,PPLA3,51,MA,29079,,29,3404
2512690,Peraleda de San Román,Peraleda de San Roman,"Peraleda de San Roman,Peraleda de San Román",39.7413,-5.38726,P,PPLA3,57,CC,10141,,10,348
2512691,Peraleda de la Mata,Peraleda de la Mata,"Peraleda,Peraleda de la Mata",39.85288,-5.46065,P,PPLA3,57,CC,10140,,10,1545
2512715,Peñas de San Pedro,Penas de San Pedro,"Penas de San Pedro,Peñas de San Pedro",38.7288,-2.005,P,PPLA3,54,AB,02060,,02,1259
2512730,Peñarroya-Pueblonuevo,Penarroya-Pueblonuevo,"Pen'jarroja-Pueblonuevo,Pen'jarroja-Puehblonuehvo,Penarroya-Pueblonuevo,Peñarroya-Pueblonuevo,Pueblonuevo del Terrible,bynyarwya-bwyblwnyyfw,pei ni ya luo ya-pu ai fu luo nu ai wo,Пеньярроя-Пуеблонуево,Пеньярроя-Пуэблонуэво,بينيارويا-بويبلونييفو,佩尼亚罗亚-普埃夫洛努埃沃",38.3,-5.26667,P,PPLA3,51,CO,14052,,14,11883
2512737,Peñalsordo,Penalsordo,"Pen'jal'sordo,Penalsordo,Peñalsordo,bynyalswrdw,pei ni ya er suo er duo,Пеньяльсордо,Пењалсордо,بينيالسوردو,佩尼亚尔索尔多",38.82019,-5.11405,P,PPLA3,57,BA,06100,,06,1379
2512746,Peñaflor,Penaflor,"Penaflor,Peñaflor",37.70892,-5.34504,P,PPLA3,51,SE,41074,,41,3688
2512767,Peligros,Peligros,,37.23231,-3.62901,P,PPLA3,51,GR,18153,,18,10910
2512784,Pegalajar,Pegalajar,"Pegalajar,Pegalapar",37.74008,-3.64946,P,PPLA3,51,J,23067,,23,3095
2512787,Pedroso de Acim,Pedroso de Acim,Pedroso de Acim,39.82522,-6.41251,P,PPLA3,57,CC,10139,,10,118
2512794,Pedro Muñoz,Pedro Munoz,"Pedro Munoz,Pedro Muñoz",39.40285,-2.94664,P,PPLA3,54,CR,13061,,13,7789
2512796,Pedro Martínez,Pedro Martinez,"Pedro Martinez,Pedro Martínez",37.5029,-3.23134,P,PPLA3,51,GR,18152,,18,1229
2512805,Pedroche,Pedroche,Pedroche,38.42848,-4.76325,P,PPLA3,51,CO,14051,,14,1711
2512812,Pedro Abad,Pedro Abad,Pedro Abad,37.96686,-4.4556,P,PPLA3,51,CO,14050,,14,2922
2512824,Pedrera,Pedrera,"Pedrera,pei de lei la,Педрера,Պեդրերա,佩德雷拉",37.22604,-4.8942,P,PPLA3,51,SE,41072,,41,5049
2512825,Pedreguer,Pedreguer,"Medreguer,Pedreguer",38.79312,0.03411,P,PPLA3,60,A,03101,,03,6547
2512837,Pedralba,Pedralba,"Pedralba,Pedralva",39.6,-0.71667,P,PPLA3,60,V,46191,,46,2436
2512842,Pechina,Pechina,Pechina,36.91619,-2.43689,P,PPLA3,51,AL,04074,,04,0
2512846,Paymogo,Paymogo,Paymogo,37.73999,-7.34499,P,PPLA3,51,H,21057,,21,1310
2512848,Pavías,Pavias,"Pavias,Pavies,Pavías",39.96667,-0.48333,P,PPLA3,60,CS,12088,,12,57
2512857,Paterna de Rivera,Paterna de Rivera,"Paterna de Rivera,Paterna de la Rivera",36.52246,-5.86578,P,PPLA3,51,CA,11025,,11,5306
2512858,Paterna del Río,Paterna del Rio,"Palerna del Rio,Palerna del Río",37.02222,-2.95343,P,PPLA3,51,AL,04073,,04,417
2512859,Paterna del Madera,Paterna del Madera,Paterna del Madera,38.59751,-2.34421,P,PPLA3,54,AB,02058,,02,474
2512862,Paterna,Paterna,"Paterna,pa te er na,pateruna,Патерна,パテルナ,帕特尔纳",39.50263,-0.44079,P,PPLA3,60,V,46190,,46,64023
2512891,Partaloa,Partaloa,Partaloa,37.40764,-2.22526,P,PPLA3,51,AL,04072,,04,584
2512926,Parcent,Parcent,Parcent,38.74502,-0.06446,P,PPLA3,60,A,03100,,03,926
2512927,Parauta,Parauta,Parauta,36.65629,-5.12916,P,PPLA3,51,MA,29077,,29,245
2512933,Paradas,Paradas,Paradas,37.29047,-5.49703,P,PPLA3,51,SE,41071,,41,7084
2512935,Paracuellos,Paracuellos,Paracuellos,39.71667,-1.78333,P,PPLA3,54,CU,16150,,16,157
2512948,Pampaneira,Pampaneira,,36.94015,-3.36096,P,PPLA3,51,GR,18151,,18,324
2512963,Palomas,Palomas,Palomas,38.69277,-6.1349,P,PPLA3,57,BA,06098,,06,731
2512964,Palomares del Río,Palomares del Rio,"Palomares,Palomares del Rio,Palomares del Río",37.32225,-6.05863,P,PPLA3,51,SE,41070,,41,4782
2512965,Palomares del Campo,Palomares del Campo,Palomares del Campo,39.94664,-2.59776,P,PPLA3,54,CU,16148,,16,917
2512985,Palmera,Palmera,Palmera,38.93927,-0.15411,P,PPLA3,60,V,46188,,46,605
2512989,Palma,Palma,"Ciutat de Mallorca,Madina Mayurqa,PMI,Pal'ma,Palma,Palma Mallorcakoa,Palma de Maiorca,Palma de Malhorca,Palma de Malhòrca,Palma de Mallorca,Palma di Maiorca,mywrqt,pa er ma,palmademayoleuka,plmh dh mywrqh,Пальма,פלמה דה מיורקה,ميورقة,パルマ・デ・マリョルカ,帕爾馬,팔마데마요르카",39.56939,2.65024,P,PPLA,07,PM,07040,,07,438234
2512991,Palma de Gandía,Palma de Gandia,"Palma de Gandia,Palma de Gandía",38.92672,-0.22028,P,PPLA3,60,V,46187,,46,1655
2512998,Palenciana,Palenciana,Palenciana,37.24851,-4.58261,P,PPLA3,51,CO,14048,,14,1562
2513018,Pajaroncillo,Pajaroncillo,Pajaroncillo,39.95,-1.73333,P,PPLA3,54,CU,16147,,16,96
2513019,Pajarón,Pajaron,"Pajaron,Pajarón",39.95,-1.78333,P,PPLA3,54,CU,16146,,16,113
2513026,Pájara,Pajara,"Pajara,Pájara",28.35039,-14.1076,P,PPLA3,53,GC,35015,,35,20821
2513029,Paiporta,Paiporta,"Paiporta,Pajporta,Пайпорта",39.42814,-0.41765,P,PPLA3,60,V,46186,,46,23519
2513034,Padules,Padules,Padules,36.99813,-2.77367,P,PPLA3,51,AL,04071,,04,458
2513035,Padul,Padul,,37.02462,-3.62678,P,PPLA3,51,GR,18150,,18,7266
2513045,Otura,Otura,,37.08846,-3.63321,P,PPLA3,51,GR,18149,,18,5362
2513046,Otos,Otos,Otos,38.85427,-0.44399,P,PPLA3,60,V,46185,,46,504
2513051,Otero,Otero,Otero,40.00096,-4.51539,P,PPLA3,54,TO,45126,,45,227
2513052,Osuna,Osuna,"Osuna,ao su na,ashwnt,osuna,Осуна,أشونة,オスナ,奥苏纳",37.2376,-5.10311,P,PPLA3,51,SE,41068,,41,17851
2513053,Ossa de Montiel,Ossa de Montiel,"Osa de Montiel,Ossa de Montiel",38.96398,-2.74553,P,PPLA3,54,AB,02057,,02,2821
2513057,Osa de la Vega,Osa de la Vega,Osa de la Vega,39.65977,-2.75998,P,PPLA3,54,CU,16145,,16,680
2513069,Oropesa,Oropesa,"Oropesa,Oropesa y Corchueta,Oropesay Corchuela",39.91726,-5.17371,P,PPLA3,54,TO,45125,,45,2831
2513076,Orihuela,Orihuela,"Auraiola,Aurariola,Orihuela,Oriola,Oriouela,Oriuehla,Oriuela,Orivela,ao li wei la,aryhwyla,awrywyla,oriuera,Οριουέλα,Оривела,Ориуэла,Оріуела,Օրիուելա,أوريويلا,اریهوئلا,اوریہیولا,オリウエラ,奥里韦拉",38.08483,-0.94401,P,PPLA3,60,A,03099,,03,101321
2513079,Oria,Oria,Oria,37.4853,-2.29292,P,PPLA3,51,AL,04070,,04,2402
2513081,Orgaz,Orgaz,"Orgas,ao er jia si,Оргас,奥尔加斯",39.64826,-3.87577,P,PPLA3,54,TO,45124,,45,2757
2513084,Orellana la Vieja,Orellana la Vieja,"Orel'jana-la-V'ekha,Orel'jana-la-Vekha,Orelana la Viekha,Orellana la Vieja,ao lei li ya na la wei ye ha,awrylana la fayja,Орелана ла Виеха,Орельяна-ла-Вьеха,Орельяна-ла-Вєха,أوريلانا لا فايجا,奥雷利亚纳拉维耶哈",39.00617,-5.53441,P,PPLA3,57,BA,06097,,06,3193
2513094,Orcera,Orcera,,38.31742,-2.66487,P,PPLA3,51,J,23065,,23,2116
2513097,Orce,Orce,Orce,37.7212,-2.47752,P,PPLA3,51,GR,18146,,18,1336
2513098,Orba,Orba,Orba,38.78041,-0.06278,P,PPLA3,60,A,03097,,03,2100
2513103,Ontur,Ontur,"Ontar,Ontur",38.61509,-1.49724,P,PPLA3,54,AB,02056,,02,2431
2513104,Ontígola,Ontigola,,40.00421,-3.57227,P,PPLA3,54,TO,45123,,45,1965
2513106,Ontinyent,Ontinyent,"Onten'ente,Onteniente,Ontinyent,Онтеньенте",38.82191,-0.60603,P,PPLA3,60,V,46184,,46,37735
2513113,Onil,Onil,"Onil,Onil',anyl,ao ni er,awnayl,Ониль,Оніл,أونايل,انیل,奥尼尔",38.62606,-0.67313,P,PPLA3,60,A,03096,,03,7474
2513114,Ondara,Ondara,Ondara,38.82817,0.0172,P,PPLA3,60,A,03095,,03,5798
2513115,Onda,Onda,"Onda,awnda,weng da,Онда,أوندا,翁达",39.96495,-0.26041,P,PPLA3,60,CS,12084,,12,24850
2513120,Olvera,Olvera,"Ol'vera,Olvera,ao er wei la,awlfyra,awlwyra,Ольвера,Օլվերա,أولفيرا,اولویرا,奥尔维拉",36.93418,-5.26678,P,PPLA3,51,CA,11024,,11,8515
2513122,Olula de Castro,Olula de Castro,"Olula,Olula de Castro,Ulula de Castro",37.17475,-2.4743,P,PPLA3,51,AL,04068,,04,148
2513126,Olmedilla de Alarcón,Olmedilla de Alarcon,"Olmedilla de Alarcon,Olmedilla de Alarcón",39.61667,-2.1,P,PPLA3,54,CU,16142,,16,145
2513128,Olmeda del Rey,Olmeda del Rey,Olmeda del Rey,39.8,-2.08333,P,PPLA3,54,CU,16141,,16,215
2513137,Olivares de Júcar,Olivares de Jucar,"Olivares,Olivares de Jucar,Olivares de Júcar",39.76101,-2.35589,P,PPLA3,54,CU,16139,,16,506
2513140,Olivares,Olivares,"Olivares,ao li wa lei si,Оливарес,Оліварес,Օլիվարես,奥利瓦雷斯",37.41802,-6.15603,P,PPLA3,51,SE,41067,,41,8759
2513142,Oliva de Mérida,Oliva de Merida,"Oliva de Merida,Oliva de Mérida,Oliva-de-Merida,ao li wa de mei li da,awlayfa dy myrayda,Олива де Мерида,Олива-де-Мерида,Оліва-де-Меріда,أولايفا دي ميرايدا,奥利瓦德梅里达",38.79051,-6.12402,P,PPLA3,57,BA,06094,,06,1888
2513143,Oliva de la Frontera,Oliva de la Frontera,"Oliva de Frontera,Oliva de Jerez,Oliva de la Frontera,Oliva-de-la-Frontera,ao li wa de la fu long te la,awlayfa dy la frwntyra,Олива де ла Фронтера,Олива-де-ла-Фронтера,Оліва-де-ла-Фронтера,أولايفا دي لا فرونتيرا,奥利瓦德拉夫龙特拉",38.27595,-6.91873,P,PPLA3,57,BA,06093,,06,5682
2513145,Oliva,Oliva,"Oliva,Олива",38.91971,-0.11935,P,PPLA3,60,V,46181,,46,28419
2513146,Olías del Rey,Olias del Rey,,39.94436,-3.98684,P,PPLA3,54,TO,45122,,45,5336
2513160,Ojós,Ojos,"Ojos,Ojós",38.147,-1.34261,P,PPLA3,31,MU,30031,,30,597
2513163,Ojén,Ojen,"Ojen,Ojén",36.56486,-4.85561,P,PPLA3,51,MA,29076,,29,2347
2513166,Ohanes,Ohanes,Obanes,37.03861,-2.74524,P,PPLA3,51,AL,04067,,04,865
2513167,Ogíjares,Ogijares,,37.11913,-3.60772,P,PPLA3,51,GR,18145,,18,13119
2513175,Ocaña,Ocana,,39.95785,-3.4982,P,PPLA3,54,TO,45121,,45,6913
2513180,Nules,Nules,Nules,39.85362,-0.15643,P,PPLA3,60,CS,12082,,12,13490
2513195,Novelda,Novelda,"Novel'da,Novelda,Новельда",38.38479,-0.76773,P,PPLA3,60,A,03093,,03,27135
2513214,Nogales,Nogales,Nogales,38.58629,-6.74901,P,PPLA3,57,BA,06092,,06,689
2513215,Noez,Noez,Noez,39.74094,-4.18408,P,PPLA3,54,TO,45116,,45,802
2513216,Noblejas,Noblejas,,39.98061,-3.44001,P,PPLA3,54,TO,45115,,45,3322
2513217,Noalejo,Noalejo,Noalejo,37.53017,-3.65615,P,PPLA3,51,J,23064,,23,2161
2513218,Nívar,Nivar,,37.25909,-3.57768,P,PPLA3,51,GR,18144,,18,658
2513222,Níjar,Nijar,"Nikhar,Нихар",36.96655,-2.20595,P,PPLA3,51,AL,04066,,04,26516
2513223,Nigüelas,Niguelas,,36.9776,-3.53949,P,PPLA3,51,GR,18143,,18,924
2513230,Niebla,Niebla,"N'ebla,Niebla,lblt,nie fu la,Ньебла,Ньєбла,Նիեբլա,لبلة,涅夫拉",37.36213,-6.67894,P,PPLA3,51,H,21053,,21,3962
2513237,Nerva,Nerva,Nerva,37.69627,-6.54967,P,PPLA3,51,H,21052,,21,6009
2513238,Nerpio,Nerpio,Nerpio,38.14751,-2.30202,P,PPLA3,54,AB,02055,,02,1655
2513240,Nerja,Nerja,Nerja,36.75278,-3.8744,P,PPLA3,51,MA,29075,,29,21811
2513288,Navezuelas,Navezuelas,Navezuelas,39.50918,-5.43766,P,PPLA3,57,CC,10134,,10,732
2513299,Navas de Jorquera,Navas de Jorquera,Navas de Jorquera,39.28333,-1.71667,P,PPLA3,54,AB,02054,,02,517
2513300,Navas de Estena,Navas de Estena,Navas de Estena,39.49481,-4.52155,P,PPLA3,54,CR,13060,,13,392
2513306,Navarrés,Navarres,"Navarres,Navarrés",39.10198,-0.69469,P,PPLA3,60,V,46179,,46,2929
2513313,Navalvillar de Pela,Navalvillar de Pela,"Naval'vil'jar-de-Pela,Navalvilar de Pela,na wa er wei li ya er de pei la,nafalfaylar dy byla,Навалвилар де Пела,Навальвильяр-де-Пела,Навальвільяр-де-Пела,نافالفايلار دي بيلا,纳瓦尔维利亚尔德佩拉",39.09436,-5.4681,P,PPLA3,57,BA,06091,,06,4697
2513314,Navalvillar de Ibor,Navalvillar de Ibor,Navalvillar de Ibor,39.58389,-5.41328,P,PPLA3,57,CC,10132,,10,430
2513320,Navalpino,Navalpino,Navalpino,39.22573,-4.59133,P,PPLA3,54,CR,13059,,13,264
2513323,Navalmoralejo,Navalmoralejo,Navalmoralejo,39.73929,-5.14359,P,PPLA3,54,TO,45111,,45,70
2513324,Navalmoral de la Mata,Navalmoral de la Mata,"Naval'moral'-de-la-Mata,Navalmoral,Navalmoral de la Mata,Navalmoral de la Mota,QWW,na wa er mo la er de la ma ta,nafalmwral dy la mata,Навальмораль-де-ла-Мата,نافالمورال دي لا ماتا,纳瓦尔莫拉尔德拉马塔",39.89158,-5.54064,P,PPLA3,57,CC,10131,,10,17228
2513343,Navajas,Navajas,"Navachas,Navaixes,Navajas,Navakhas,na wa ha si,nafakhas,Навахас,نافاخاس,纳瓦哈斯",39.88333,-0.5,P,PPLA3,60,CS,12081,,12,640
2513346,Navahermosa,Navahermosa,Navahermosa,39.63526,-4.47012,P,PPLA3,54,TO,45109,,45,4146
2513372,Narboneta,Narboneta,Narboneta,39.75,-1.46667,P,PPLA3,54,CU,16137,,16,101
2513375,Náquera,Naquera,"Naquera,Nàquera,Náquera",39.65,-0.41667,P,PPLA3,60,V,46178,,46,3770
2513384,Nambroca,Nambroca,Nambroca,39.79771,-3.94434,P,PPLA3,54,TO,45107,,45,2920
2513395,Museros,Museros,Museros,39.56667,-0.35,P,PPLA3,60,V,46177,,46,4555
2513400,Murtas,Murtas,Murtas,36.88504,-3.10945,P,PPLA3,51,GR,18141,,18,720
2513406,Muro,Muro,Muro,39.73661,3.05559,P,PPLA3,07,PM,07039,,07,6610
2513408,Murla,Murla,Murla,38.76037,-0.08208,P,PPLA3,60,A,03091,,03,518
2513416,Murcia,Murcia,"Ciutat de Murcia,Ciutat de Múrcia,MJV,Murcia,Murcie,Murcio,Murcja,Mursia,Mursija,Múrcia,mrsyt,mu er xi ya,murushia,mwrsya,mwrsyh,Мурсия,מורסיה,مرسية,مورسیا,ムルシア,穆尔西亚",37.98704,-1.13004,P,PPLA,31,MU,30030,,30,471982
2513436,Mula,Mula,Mula,38.04095,-1.49014,P,PPLA3,31,MU,30029,,30,16941
2513475,Moya,Moya,Moya,39.95,-1.36667,P,PPLA3,54,CU,16135,,16,242
2513476,Moya,Moya,Moya,28.11106,-15.58285,P,PPLA3,53,GC,35013,,35,7492
2513477,Motril,Motril,"Motril,Motril',mo te li er,motoriru,mwtryl,Мотрил,Мотриль,Мотріль,موتريل,モトリル,莫特里尔",36.75066,-3.5179,P,PPLA3,51,GR,18140,,18,60592
2513479,Motilleja,Motilleja,Motilleja,39.18333,-1.78333,P,PPLA3,54,AB,02052,,02,550
2513480,Motilla del Palancar,Motilla del Palancar,Motilla del Palancar,39.56667,-1.88333,P,PPLA3,54,CU,16134,,16,5607
2513481,Mota del Cuervo,Mota del Cuervo,"Mata del Cuervo,Mota del Cuervo",39.50189,-2.86994,P,PPLA3,54,CU,16133,,16,6020
2513482,Mota de Altarejos,Mota de Altarejos,Mota de Altarejos,39.88201,-2.30958,P,PPLA3,54,CU,16132,,16,57
2513509,Morón de la Frontera,Moron de la Frontera,"Moron,Moron de la Frontera,Moron-de-la-Frontera,Morón,Morón de la Frontera,OZP,mo long de la fu long te la,mwrwr,Морон-де-ла-Фронтера,مورور,莫龙德拉夫龙特拉",37.12084,-5.45403,P,PPLA3,51,SE,41065,,41,27844
2513562,Moratalla,Moratalla,Moratalla,38.18928,-1.89183,P,PPLA3,31,MU,30028,,30,8530
2513579,Moraleda de Zafayona,Moraleda de Zafayona,Moraleda de Zafayona,37.16723,-3.96505,P,PPLA3,51,GR,18138,,18,2730
2513580,Moral de Calatrava,Moral de Calatrava,Moral de Calatrava,38.82989,-3.57813,P,PPLA3,54,CR,13058,,13,5236
2513588,Mora,Mora,Mora,39.68492,-3.77394,P,PPLA3,54,TO,45106,,45,10554
2513589,Monturque,Monturque,"Monturke,meng tu er ke,mwntwrkwy  qrtbt,Монтурке,مونتوركوي، قرطبة,蒙图尔克",37.47186,-4.58164,P,PPLA3,51,CO,14044,,14,2032
2513590,Montuïri,Montuiri,"Montuiri,Montuïri",39.56742,2.98189,P,PPLA3,07,PM,07038,,07,2594
2513592,Montroy,Montroy,"Montroi,Montroy",39.33333,-0.61667,P,PPLA3,60,V,46176,,46,1768
2513597,Montizón,Montizon,"Montizon,Montizón",38.34249,-3.10404,P,PPLA3,51,J,23062,,23,2001
2513599,Montillana,Montillana,Montillana,37.50168,-3.67368,P,PPLA3,51,GR,18137,,18,1300
2513601,Montilla,Montilla,"Montil'ja,Montilla,Munda,OZU,meng di li ya,montiya,mwntyla  qrtbt,Монтилья,Монтілья,مونتيلا، قرطبة,蒙蒂利亚,몬티야",37.58627,-4.63805,P,PPLA3,51,CO,14042,,14,23031
2513604,Montijo,Montijo,Montijo,38.90839,-6.61785,P,PPLA3,57,BA,06088,,06,16236
2513606,Montiel,Montiel,Montiel,38.69802,-2.86441,P,PPLA3,54,CR,13057,,13,1688
2513607,Montichelvo,Montichelvo,"Montichelvo,Montixelvo",38.89129,-0.34123,P,PPLA3,60,V,46175,,46,673
2513614,Montesa,Montesa,Montesa,38.9503,-0.652,P,PPLA3,60,V,46174,,46,1400
2513618,Monterrubio de la Serena,Monterrubio de la Serena,"Monterrubio,Monterrubio de la Serena",38.58876,-5.44569,P,PPLA3,57,BA,06087,,06,2752
2513632,Montemayor,Montemayor,Montemayor,37.6479,-4.69779,P,PPLA3,51,CO,14041,,14,3946
2513637,Montellano,Montellano,Montellano,36.99531,-5.57145,P,PPLA3,51,SE,41064,,41,6851
2513639,Montejaque,Montejaque,Montejaque,36.73684,-5.2499,P,PPLA3,51,MA,29074,,29,983
2513640,Montefrío,Montefrio,"Montefrio,meng te fu li ao,mwntyfryw,Монтефрио,Монтефріо,مونتيفريو,蒙特夫里奥",37.32308,-4.00898,P,PPLA3,51,GR,18135,,18,6631
2513644,Montecorto,Montecorto,,36.8158,-5.29803,P,PPLA3,51,CA,11019,,11,0
2513647,Montearagón,Montearagon,"Montearagon,Montearagón",39.96425,-4.63214,P,PPLA3,54,TO,45104,,45,499
2513649,Montealegre del Castillo,Montealegre del Castillo,"Montealegre,Montealegre del Castillo",38.78856,-1.32722,P,PPLA3,54,AB,02051,,02,2327
2513651,Monteagudo de las Salinas,Monteagudo de las Salinas,Monteagudo de las Salinas,39.8,-1.9,P,PPLA3,54,CU,16131,,16,160
2513659,Montánchez,Montanchez,"Montanches,Montanchez,Montánchez,meng tan qie si,mwntanshyz,Монтанчес,مونتانشيز,蒙坦切斯",39.22548,-6.14914,P,PPLA3,57,CC,10126,,10,2017
2513665,Montalvos,Montalvos,Montalvos,39.16667,-2.01667,P,PPLA3,54,AB,02050,,02,143
2513667,Montalbo,Montalbo,"Montalbo,Montalvo",39.87994,-2.67038,P,PPLA3,54,CU,16130,,16,694
2513670,Montalbanejo,Montalbanejo,Montalbanejo,39.73369,-2.49911,P,PPLA3,54,CU,16129,,16,176
2513671,Montalbán de Córdoba,Montalban de Cordoba,"Montal'ban-de-Kordoba,Montal'ban-de-Kordova,Montalban de Cordoba,Montalbán de Córdoba,meng ta er wan de ke er duo wa,mwntalban dy qrtbt  qrtbt,Монтальбан-де-Кордоба,Монтальбан-де-Кордова,مونتالبان دي قرطبة، قرطبة,蒙塔尔万德科尔多瓦",37.57996,-4.74935,P,PPLA3,51,CO,14040,,14,4665
2513678,Monreal del Llano,Monreal del Llano,Monreal del Llano,39.56888,-2.76046,P,PPLA3,54,CU,16128,,16,74
2513691,Monforte del Cid,Monforte del Cid,"Monforte,Monforte de la Rambla,Monforte del Cid,Monforte-del'-Sid,Mont-fort,Montfort,Montfort del Cid,meng fu er te de er xi de,mnfrth dl syd,Монфорте-дель-Сид,Монфорте-дель-Сід,منفرته دل سید,蒙福尔特德尔西德",38.38027,-0.7285,P,PPLA3,60,A,03088,,03,6001
2513692,Monesterio,Monesterio,"Monasterio,Monesterio,Monestorio",38.08333,-6.26667,P,PPLA3,57,BA,06085,,06,4378
2513699,Monda,Monda,"Monda,meng da,mwnda,Монда,Մոնդա,موندا,蒙达",36.63027,-4.83192,P,PPLA3,51,MA,29073,,29,2078
2513703,Moncada,Moncada,"Moncada,Monkada,Montcada,Монкада",39.54555,-0.39551,P,PPLA3,60,V,46171,,46,21900
2513709,Monachil,Monachil,Monachil,37.1332,-3.53724,P,PPLA3,51,GR,18134,,18,5843
2513713,Molvízar,Molvizar,"Molvizar,Molvízar",36.78592,-3.60783,P,PPLA3,51,GR,18133,,18,2704
2513717,Mollina,Mollina,Mollina,37.12534,-4.65686,P,PPLA3,51,MA,29072,,29,4082
2513753,Molinicos,Molinicos,Molinicos,38.46717,-2.23939,P,PPLA3,54,AB,02049,,02,1151
2513759,Molina de Segura,Molina de Segura,"Molina,Molina de Segura,Molina-de-Segura,mo li na de sai gu la,mwlyna dy syghwra,Молина де Сегура,Молина-де-Сегура,Моліна-де-Сегура,مولينا دي سيغورا,モリナ・デ・セグラ,莫利纳德塞古拉",38.05456,-1.20763,P,PPLA3,31,MU,30027,,30,64065
2513786,Mojacar,Mojacar,"Mojacar,Mojacar Pueblo,Mojácar,Mojácar Pueblo",37.1402,-1.85102,P,PPLA3,51,AL,04064,,04,5154
2513788,Mohedas de la Jara,Mohedas de la Jara,Mohedas de la Jara,39.60417,-5.14247,P,PPLA3,54,TO,45103,,45,565
2513791,Moguer,Moguer,"Moger,Moguer,mo ge er,mwghyr,Могер,موغير,莫格尔",37.27559,-6.83851,P,PPLA3,51,H,21050,,21,19569
2513798,Mogán,Mogan,"Mogan,Mogán",27.88385,-15.72538,P,PPLA3,53,GC,35012,,35,21690
2513800,Moclinejo,Moclinejo,,36.77134,-4.25514,P,PPLA3,51,MA,29071,,29,1167
2513801,Moclín,Moclin,,37.33959,-3.78651,P,PPLA3,51,GR,18132,,18,4173
2513803,Mocejón,Mocejon,"Mocejon,Mocejón",39.93934,-3.91716,P,PPLA3,54,TO,45102,,45,4449
2513811,Mislata,Mislata,"Mislata,Mizlata,mi si la ta,Мислата,Міслата,米斯拉塔",39.47523,-0.41825,P,PPLA3,60,V,46169,,46,46131
2513821,Mirandilla,Mirandilla,Mirandilla,39.002,-6.28893,P,PPLA3,57,BA,06084,,06,1363
2513827,Miramar,Miramar,Miramar,38.95036,-0.14007,P,PPLA3,60,V,46168,,46,1675
2513840,Mirabel,Mirabel,"Mirabel,Mirabel',mi la wei er,myrabl,Мирабель,Мірабель,ميرابل,米拉韦尔",39.8623,-6.23274,P,PPLA3,57,CC,10123,,10,742
2513844,Mira,Mira,"Mira,mi la,myra  qwnkt,Мира,Міра,ميرا، قونكة,米拉",39.71667,-1.43333,P,PPLA3,54,CU,16126,,16,1208
2513852,Minglanilla,Minglanilla,"Minglanil'ja,Minglanilla,Minglanillo,ming la ni li ya,mynghlanyla,Мингланилья,Мінгланілья,مينغلانيلا,明拉尼利亚",39.53333,-1.6,P,PPLA3,54,CU,16125,,16,2300
2513855,Minaya,Minaya,Minaya,39.27052,-2.32176,P,PPLA3,54,AB,02048,,02,1701
2513873,Millena,Millena,Millena,38.73082,-0.36274,P,PPLA3,60,A,03086,,03,173
2513874,Millares,Millares,"Millares,Millars",39.25,-0.76667,P,PPLA3,60,V,46167,,46,567
2513875,Millanes,Millanes,Millanes,39.84917,-5.58079,P,PPLA3,57,CC,10122,,10,182
2513882,Mijas,Mijas,"Mijas,Mikhas,mi ha si,mihasu,mykhas,Михас,Міхас,ميخاس,ミハス,米哈斯",36.59575,-4.63728,P,PPLA3,51,MA,29070,,29,80630
2513886,Miguel Esteban,Miguel Esteban,Miguel Esteban,39.52448,-3.07618,P,PPLA3,54,TO,45101,,45,5170
2513893,Miajadas,Miajadas,"M'jakhadas,Miajadas,Miajas,Miajás,Miakhadas,mi ya ha da si,myakhadas,Мьяхадас,Міахадас,مياخاداس,米亚哈达斯",39.15127,-5.90841,P,PPLA3,57,CC,10121,,10,10338
2513902,Mestanza,Mestanza,Mestanza,38.57616,-4.07096,P,PPLA3,54,CR,13055,,13,801
2513910,Mesas de Ibor,Mesas de Ibor,Mesas de Ibor,39.75587,-5.54637,P,PPLA3,57,CC,10120,,10,206
2513917,Mérida,Merida,"Emerita Augusta,Merida,Merido,Mérida,QWX,mardt,merida,mryda,mrydh,myryda,Мерида,מרידה,ماردة,مريدا,مریدا,میریدا,メリダ",38.91802,-6.34292,P,PPLA,57,BA,06083,,06,59857
2513922,Mercadal,Mercadal,,39.99014,4.09387,P,PPLA3,07,PM,07037,,07,4063
2513932,Mengabril,Mengabril,Mengabril,38.93554,-5.93335,P,PPLA3,57,BA,06082,,06,457
2513947,Melilla,Melilla,"Ciudad Autonoma de Melilla,Ciudad Autónoma de Melilla,Ciudad de Melilla,Korisnik:Slaven Kosanovic/Melila,Lungsod ng Melilla,M'lila,MLN,Melil'ja,Melila,Melilla,Melilo,Melilya,Meliya,Millela,Rusaddir,Rusadir,Russadir,me li ya,mei li li ya,melilia,melliya,merirya,mlylyh,mlylyt,mlyyh,Корисник:Славен Косановић/Мелиља,Мелила,Мелилья,Мелиља,מלייה,مليلية,ملیلیه,เมลียา,მელილია,メリリャ,梅利利亚,멜리야",35.29369,-2.93833,P,PPLA,ML,ME,52001,,52,85985
2513949,Meliana,Meliana,Meliana,39.53333,-0.33333,P,PPLA3,60,V,46166,,46,10395
2513962,Medina de las Torres,Medina de las Torres,Medina de las Torres,38.33333,-6.4,P,PPLA3,57,BA,06081,,06,1398
2513968,Medellín,Medellin,"Medellin,Medellín",38.96265,-5.95785,P,PPLA3,57,BA,06080,,06,2357
2513983,Mazarrón,Mazarron,"Masarron,Mazarron,Mazarrón,Масаррон",37.5992,-1.31493,P,PPLA3,31,MU,30026,,30,35221
2513985,Mazarambroz,Mazarambroz,,39.69411,-4.01962,P,PPLA3,54,TO,45096,,45,1331
2514004,Matet,Matet,Matet,39.93333,-0.46667,P,PPLA3,60,CS,12076,,12,132
2514032,Mata de Alcántara,Mata de Alcantara,"Mata de Alcantara,Mata de Alcántara",39.71738,-6.81825,P,PPLA3,57,CC,10118,,10,315
2514052,Masegoso,Masegoso,Masegoso,38.71833,-2.3161,P,PPLA3,54,AB,02047,,02,127
2514061,Mascaraque,Mascaraque,Mascaraque,39.71643,-3.81254,P,PPLA3,54,TO,45094,,45,475
2514066,Massamagrell,Massamagrell,Masamgrell,39.56667,-0.33333,P,PPLA3,60,V,46164,,46,15210
2514068,Masalavés,Masalaves,"Masalaves,Masalavés,Massalaves,Massalavés",39.14377,-0.5226,P,PPLA3,60,V,46162,,46,1535
2514073,Martos,Martos,"Martos,ma er tuo si,marts,martws,martws  khayn,Мартос,مارتس,مارتوس,مارتوس، خاين,马尔托斯",37.72107,-3.97264,P,PPLA3,51,J,23060,,23,24655
2514084,Martín de la Jara,Martin de la Jara,"Martin de la Jara,Martín de la Jara",37.10867,-4.96347,P,PPLA3,51,SE,41062,,41,2783
2514097,Marratxí,Marratxi,"Marrachi,Marratxi,Marratxí,Маррачи",39.62142,2.7253,P,PPLA3,07,PM,07036,,07,36725
2514107,Marmolejo,Marmolejo,"Aebura,Ipora,Marmolejo,Marmolekho,Marmolexo,ma er mo lai huo,marmlkhw,marmwlykhw,Мармолехо,Մարմոլեխո,مارملخو,مارموليخو,马尔莫莱霍",38.04549,-4.17029,P,PPLA3,51,J,23059,,23,7643
2514111,Marjaliza,Marjaliza,,39.56329,-3.93499,P,PPLA3,54,TO,45092,,45,300
2514120,Marinaleda,Marinaleda,"Marinaleda,ma li na lai da,Мариналеда,Маріналеда,马里纳莱达",37.3712,-4.95949,P,PPLA3,51,SE,41061,,41,2698
2514134,Maria de la Salut,Maria de la Salut,"Maria,Maria de la Salut",39.66306,3.073,P,PPLA3,07,PM,07035,,07,2118
2514139,María,Maria,"Maria,María",37.71023,-2.16454,P,PPLA3,51,AL,04063,,04,1560
2514158,Marchena,Marchena,Marchena,37.329,-5.41681,P,PPLA3,51,SE,41060,,41,19768
2514163,Marchal,Marchal,Marchal,37.29639,-3.20353,P,PPLA3,51,GR,18128,,18,377
2514169,Marbella,Marbella,"Marbel'ja,Marbela,Marbelja,Marbella,Marbellja,Marbelya,Marvegia,QRL,ma bei la,maleubeya,marbella,marbla,marbya,marbyla,maruberya,Μαρβέγια,Марбeлья,Марбелля,Марбелья,Марбеля,Марбеља,Մարբելյա,ماربلا,ماربيا,ماربيلا,ماربیا,मार्बेल्ला,マルベーリャ,马贝拉,마르베야",36.51543,-4.88583,P,PPLA3,51,MA,29069,,29,156295
2514176,Maracena,Maracena,,37.20764,-3.63493,P,PPLA3,51,GR,18127,,18,20815
2514185,Manzanilla,Manzanilla,Manzanilla,37.38987,-6.43295,P,PPLA3,51,H,21047,,21,2408
2514189,Manzaneque,Manzaneque,Manzaneque,39.63549,-3.79249,P,PPLA3,54,TO,45090,,45,523
2514190,Manzanares,Manzanares,"Manzanares,Manzanarre",38.99915,-3.36991,P,PPLA3,54,CR,13053,,13,19186
2514192,Manuel,Manuel,Manuel,39.05059,-0.48978,P,PPLA3,60,V,46160,,46,2497
2514197,Manises,Manises,"Manises,Манисес",39.49139,-0.46349,P,PPLA3,60,V,46159,,46,30508
2514199,Manilva,Manilva,,36.37645,-5.25026,P,PPLA3,51,MA,29068,,29,13813
2514203,Mancor de la Vall,Mancor de la Vall,"Mancor,Mancor de la Vall",39.74966,2.87284,P,PPLA3,07,PM,07034,,07,980
2514207,Manchita,Manchita,Manchita,38.81404,-6.02041,P,PPLA3,57,BA,06079,,06,748
2514211,Mancha Real,Mancha Real,Mancha Real,37.78627,-3.61226,P,PPLA3,51,J,23058,,23,10972
2514216,Manacor,Manacor,"Manacor,Manakor,Манакор",39.56964,3.20955,P,PPLA3,07,PM,07033,,07,42631
2514225,Malpartida de Plasencia,Malpartida de Plasencia,"Mal'partida-de-Plasensia,Mal'partida-de-Plasensija,ma er pa er di da de pu la sen xi ya,malbartyda dy blasynthya,Мальпартида-де-Пласенсиа,Мальпартіда-де-Пласенсія,مالبارتيدا دي بلاسينثيا,马尔帕尔蒂达德普拉森西亚",39.97962,-6.04609,P,PPLA3,57,CC,10116,,10,4275
2514226,Malpartida de la Serena,Malpartida de la Serena,Malpartida de la Serena,38.6747,-5.64054,P,PPLA3,57,BA,06078,,06,724
2514227,Malpartida de Cáceres,Malpartida de Caceres,"Mal'partida-de-Kaseres,Malpartida de Caceres,Malpartida de Cáceres,ma er pa er di da de ka sai lei si,malbartyda dy qsrsh,Мальпартида-де-Касерес,Мальпартіда-де-Касерес,مالبارتيدا دي قصرش,马尔帕尔蒂达德卡塞雷斯",39.44664,-6.5076,P,PPLA3,57,CC,10115,,10,4369
2514243,Malcocinado,Malcocinado,Malcocinado,38.11667,-5.68333,P,PPLA3,57,BA,06077,,06,484
2514252,Malagón,Malagon,"Malagon,Malagón,ma la gong,malajwn  sywdad ryal,Малагон,مالاجون، سيوداد ريال,马拉贡",39.16668,-3.85419,P,PPLA3,54,CR,13052,,13,7923
2514256,Málaga,Malaga,"AGP,Malaca,Malaga,Malagae,Malago,Malaqa,Màlaga,Málaga,ma la jia,maalqat,malaga,malagha,malaja,malaka,malga,malka,mallaga,malqt,maraga,mlqt,Μάλαγα,Малагæ,Малага,Մալագա,מאלגה,מלאגה,مالاجا,مالاغا,مالاگا,مالقة,مالكا,مالگا,ملقة,مَاَلقَة,مەلەگا,मलागा,மாலாகா,มาลากา,მალაგა,マラガ,馬拉加,马拉加,말라가",36.72016,-4.42034,P,PPLA2,51,MA,29067,,29,592346
2514279,Majadas,Majadas,Majadas,39.94291,-5.74589,P,PPLA3,57,CC,10114,,10,1428
2514287,Mairena del Aljarafe,Mairena del Aljarafe,"Aljarafe,Mairena del Aljarafe,Majrena-del'-Al'kharafe,mai lei na de la er ha la fei,Майрена-дель-Альхарафе,迈雷纳德拉尔哈拉费",37.34461,-6.06391,P,PPLA3,51,SE,41059,,41,45890
2514288,Mairena del Alcor,Mairena del Alcor,"Mairano del Alcor,Mairena del Alcor,Maireno del Alcor",37.37301,-5.74951,P,PPLA3,51,SE,41058,,41,20510
2514297,Mahora,Mahora,Mahora,39.21667,-1.73333,P,PPLA3,54,AB,02046,,02,1346
2514301,Maó,Mao,"Mahon (Menorca),Mao,Maó,Мао",39.88853,4.26583,P,PPLA3,07,PM,07032,,07,29125
2514304,Maguilla,Maguilla,Maguilla,38.36667,-5.83333,P,PPLA3,57,BA,06076,,06,1112
2514314,Magán,Magan,"Magan,Magán",39.96138,-3.93164,P,PPLA3,54,TO,45088,,45,1668
2514316,Magacela,Magacela,Magacela,38.89648,-5.73437,P,PPLA3,57,BA,06075,,06,670
2514324,Madroñera,Madronera,"Madronera,Madroñera",39.42526,-5.75568,P,PPLA3,57,CC,10113,,10,2929
2514332,Madrigueras,Madrigueras,"Madriguera,Madrigueras",39.23333,-1.8,P,PPLA3,54,AB,02045,,02,4606
2514333,Madrigalejo,Madrigalejo,,39.13858,-5.6274,P,PPLA3,57,CC,10112,,10,2093
2514334,Madridejos,Madridejos,"Madridejos,Madridekhos,Madridexos,ma de li de huo si,madrydkhs,Мадридехос,Мадрідехос,Մադրիդեխոս,مادریدخس,马德里德霍斯",39.46823,-3.53196,P,PPLA3,54,TO,45087,,45,11404
2514356,Macharavialla,Macharavialla,,36.7624,-4.21389,P,PPLA3,51,MA,29066,,29,0
2514359,Macastre,Macastre,Macastre,39.38333,-0.78333,P,PPLA3,60,V,46158,,46,1137
2514360,Macael,Macael,"Macael,Makaehl',Makael,Makael',ma kai er,makayl,Макаел,Макаель,Макаэль,ماكايل,ماکائل,马凯尔",37.33318,-2.30087,P,PPLA3,51,AL,04062,,04,6090
2514369,Lupión,Lupion,"Lupion,Lupión",37.99653,-3.54699,P,PPLA3,51,J,23057,,23,1008
2514371,Lújar,Lujar,"Lujar,Lújar",36.78831,-3.404,P,PPLA3,51,GR,18124,,18,500
2514373,Lugros,Lugros,Lugros,37.22942,-3.2415,P,PPLA3,51,GR,18123,,18,366
2514374,Llocnou de Sant Jeroni,Llocnou de Sant Jeroni,"Llocnou de Sant Jeroni,Lugar Nuevo de San Jeronimo,Lugar Nuevo de San Jerónimo",38.91667,-0.28333,P,PPLA3,60,V,46153,,46,568
2514383,Lucillos,Lucillos,"Luc Villos,Lucillos",39.9851,-4.61279,P,PPLA3,54,TO,45086,,45,483
2514386,Llutxent,Llutxent,"Llutxent,Luchente",38.93333,-0.35,P,PPLA3,60,V,46150,,46,2512
2514392,Lucena,Lucena,,37.40881,-4.48522,P,PPLA3,51,CO,14038,,14,42248
2514395,Lúcar,Lucar,"Lucar,Lúcar",37.40035,-2.42496,P,PPLA3,51,AL,04061,,04,802
2514396,Lucainena de las Torres,Lucainena de las Torres,Lucainena de las Torres,37.04037,-2.20095,P,PPLA3,51,AL,04060,,04,603
2514399,Lubrín,Lubrin,"Lubrin,Lubrín",37.21538,-2.06677,P,PPLA3,51,AL,04059,,04,1687
2514553,Los Palacios y Villafranca,Los Palacios y Villafranca,"Los Palacios y Villafranca,Villafranca Los Palacios",37.16181,-5.92433,P,PPLA3,51,SE,41069,,41,36824
2514877,Losa del Obispo,Losa del Obispo,"Llosa del Bisbe,Losa del Obispo",39.7,-0.86667,P,PPLA3,60,V,46149,,46,478
2514883,Lorquí,Lorqui,"Lorqui,Lorquí",38.08261,-1.25103,P,PPLA3,31,MU,30025,,30,6293
2514891,Lorca,Lorca,"Llorca,Lorca,Lorka,Lorko,XJR,lwrka  mrsyt,lwrqh,roruka,Лорка,לורקה,لوركا، مرسية,ロルカ",37.67119,-1.7017,P,PPLA3,31,MU,30024,,30,93079
2514893,Lora del Río,Lora del Rio,"Lora del Rio,Lora del Río,Lora-del'-Rio,luo la de er li ao,lwra dyl ryw,lwrt,Лора-дель-Рио,Лора-дель-Ріо,لورا ديل ريو,لورة,洛拉德尔里奥",37.65896,-5.52751,P,PPLA3,51,SE,41055,,41,19352
2514894,Lora de Estepa,Lora de Estepa,Lora de Estepa,37.26926,-4.82759,P,PPLA3,51,SE,41054,,41,815
2514896,Lopera,Lopera,Lopera,37.94542,-4.21463,P,PPLA3,51,J,23056,,23,3986
2514946,Loja,Loja,"Lokha,Loxa,Лоха",37.16887,-4.15129,P,PPLA3,51,GR,18122,,18,21574
2514947,Logrosán,Logrosan,"Logrosan,Logrosán,luo ge luo sang,lwghrwsan,Логросан,لوغروسان,洛格罗桑",39.33641,-5.49281,P,PPLA3,57,CC,10109,,10,2204
2514958,Lobras,Lobras,,36.92849,-3.2123,P,PPLA3,51,GR,18121,,18,125
2514964,Lobón,Lobon,"Lobon,Lobón",38.84876,-6.62365,P,PPLA3,57,BA,06072,,06,2611
2514984,Llucmajor,Llucmajor,Llucmajor,39.49093,2.89108,P,PPLA3,07,PM,07031,,07,36078
2514987,Llubí,Llubi,"Llubi,Llubí",39.69933,3.00681,P,PPLA3,07,PM,07030,,07,2030
2514988,Lloseta,Lloseta,Lloseta,39.71849,2.8669,P,PPLA3,07,PM,07029,,07,5295
2514991,Lloret de Vistalegre,Lloret de Vistalegre,Lloret de Vistalegre,39.61835,2.97493,P,PPLA3,07,PM,07028,,07,1134
2514994,Llombai,Llombai,"Llombai,Llombay",39.28333,-0.56667,P,PPLA3,60,V,46156,,46,2720
2515002,Llerena,Llerena,"L'erena,Ljerena,Llerena,Lyerena,lie lei na,yrna,Љерена,Льерена,Льєрена,Լյերենա,یرنا,列雷纳",38.23333,-6.01667,P,PPLA3,57,BA,06074,,06,5716
2515003,Llera,Llera,Llera,38.45,-6.05,P,PPLA3,57,BA,06073,,06,943
2515005,Llaurí,Llauri,"Llauri,Llaurí",39.14671,-0.32944,P,PPLA3,60,V,46155,,46,1269
2515024,Llanera de Ranes,Llanera de Ranes,Llanera de Ranes,38.99507,-0.57534,P,PPLA3,60,V,46154,,46,1059
2515041,Linares de la Sierra,Linares de la Sierra,Linares de la Sierra,37.87963,-6.62321,P,PPLA3,51,H,21045,,21,0
2515045,Linares,Linares,"Linares,Линарес",38.09519,-3.63602,P,PPLA3,51,J,23055,,23,57414
2515055,Lillo,Lillo,Lillo,39.72331,-3.30618,P,PPLA3,54,TO,45084,,45,2615
2515058,Liétor,Lietor,"Lieto,Lietor,Liéto,Liétor",38.54267,-1.95367,P,PPLA3,54,AB,02044,,02,1557
2515060,Librilla,Librilla,Librilla,37.88642,-1.35557,P,PPLA3,31,MU,30023,,30,4145
2515064,Lezuza,Lezuza,Lezuza,38.9497,-2.35419,P,PPLA3,54,AB,02043,,02,1696
2515070,Letur,Letur,Letur,38.36626,-2.10206,P,PPLA3,54,AB,02042,,02,1206
2515072,Lepe,Lepe,"Lepe,Лепе",37.25482,-7.20433,P,PPLA3,51,H,21044,,21,25886
2515083,Lentegí,Lentegi,"Lentegi,Lentegí",36.83613,-3.67426,P,PPLA3,51,GR,18120,,18,330
2515093,Ledaña,Ledana,"Ledana,Ledaña",39.36667,-1.7,P,PPLA3,54,CU,16118,,16,1913
2515096,Lebrija,Lebrija,"Lebrija,Lebrikha,Лебриха",36.92077,-6.07529,P,PPLA3,51,SE,41053,,41,26434
2515108,Layos,Layos,Layos,39.77703,-4.06448,P,PPLA3,54,TO,45083,,45,365
2515110,La Yesa,La Yesa,"La Iesa,La Ièsa,La Yesa,Yesa",39.88333,-0.95,P,PPLA3,60,V,46262,,46,250
2515219,Las Torres de Cotillas,Las Torres de Cotillas,"La Torres de Cotillas,Las Torres de Cotillas",38.02822,-1.24188,P,PPLA3,31,MU,30038,,30,21062
2515270,Las Palmas de Gran Canaria,Las Palmas de Gran Canaria,"Kanaria Handiko Las Palmas,LPA,Las Palmas,Las Palmas de G.C.,Las Palmas de Gran Canaria,Las Palmas de Gran Kanaria,Las-Pal'mas-de-Gran-Kanarija,Laspalmasa,Laspalmaso,Les Palmes de Gran Canaria,Les Palmes de Gran Canària,Palmas,Palmas de Gran Canaria,la si pa er ma si,Лас Палмас де Гран Канариа,Лас-Пальмас-де-Гран-Канария,ラス・パルマス・デ・グラン・カナリア,拉斯帕尔马斯",28.10178,-15.41573,P,PPLA,53,GC,35016,,35,383516
2515543,Larva,Larva,Larva,37.76069,-3.20269,P,PPLA3,51,J,23054,,23,491
2515546,Laroya,Laroya,Laroya,37.29771,-2.33419,P,PPLA3,51,AL,04056,,04,141
2515562,La Rinconada,La Rinconada,"La Rinconada,La-Rinkonada,la lin ke na da,Ла-Ринконада,Ла-Рінконада,拉林科纳达",37.48613,-5.98091,P,PPLA3,51,SE,41081,,41,35928
2515624,sa Pobla,sa Pobla,"la Pobla,sa Pobla",39.7692,3.02394,P,PPLA3,07,PM,07044,,07,12766
2515703,Lanteira,Lanteira,Lanteira,37.16871,-3.13823,P,PPLA3,51,GR,18117,,18,489
2515708,Lanjarón,Lanjaron,"Lanjaron,Lanjarón",36.91853,-3.4818,P,PPLA3,51,GR,18116,,18,3773
2515709,Landete,Landete,Landete,39.9,-1.36667,P,PPLA3,54,CU,16117,,16,1398
2515772,La Matanza de Acentejo,La Matanza de Acentejo,"La Matanza de Acentejo,La-Matansa-de-Asentekho,la ma tan sa de ya sen te huo,la matansa d asntkhw,la mtantha dy athyntykhw,Ла-Матанса-де-Асентехо,لا ماتانزا دے اسنتیجو,لا ماتانسا د آسنتخو,لا متانثا دي أثينتيخو,拉马坦萨德亚森特霍",28.45242,-16.4472,P,PPLA3,53,TF,38025,,38,7709
2515911,La Guancha,La Guancha,"Guancha,La Guancha",28.3732,-16.65158,P,PPLA3,53,TF,38018,,38,5424
2516071,Láchar,Lachar,"Lacen,Lachar,la cha er,latshar,Лачар,لاتشار,拉查尔",37.19519,-3.83277,P,PPLA3,51,GR,18115,,18,2765
2516237,Júzcar,Juzcar,"Juzcar,Júzcar",36.62442,-5.16971,P,PPLA3,51,MA,29065,,29,193
2516238,Juviles,Juviles,"Joviles,Jubiles",36.94879,-3.22586,P,PPLA3,51,GR,18112,,18,192
2516254,Jun,Jun,,37.22083,-3.59407,P,PPLA3,51,GR,18111,,18,0
2516255,Jumilla,Jumilla,"Chumiella,Jumella,Jumilla,Khumil'e,Khumil'ja,hu mi li ya,khwmya,Хумилье,Хумилья,Хумілья,خوميا,胡米利亚",38.47917,-1.325,P,PPLA3,31,MU,30022,,30,25685
2516269,Jubrique,Jubrique,Jubrique,36.56475,-5.2156,P,PPLA3,51,MA,29064,,29,729
2516295,Jorquera,Jorquera,Jorquera,39.16667,-1.51667,P,PPLA3,54,AB,02041,,02,503
2516304,Jódar,Jodar,"Jodar,Jódar",37.84064,-3.35262,P,PPLA3,51,J,23053,,23,12157
2516313,Jimera de Líbar,Jimera de Libar,"Jimera de Libar,Jimera de Líbar",36.65119,-5.27412,P,PPLA3,51,MA,29063,,29,431
2516315,Jimena de la Frontera,Jimena de la Frontera,"Jimena,Jimena de la Frontera,Khimena-de-la-Frontera,khymyna dy la frwntyra,xi mei na de la fu long te la,Химена-де-ла-Фронтера,Хімена-де-ла-Фронтера,خيمينا دي لا فرونتيرا,希梅纳德拉夫龙特拉",36.43517,-5.45387,P,PPLA3,51,CA,11021,,11,6681
2516317,Jimena,Jimena,Jimena,37.84157,-3.4771,P,PPLA3,51,J,23052,,23,1496
2516324,Jérica,Jerica,"Exerica,Jerica,Jérica,Kherika,Xerica,Xèrica,he li ka,khyryka,Херика,Херіка,خيريكا,赫里卡",39.91667,-0.56667,P,PPLA3,60,CS,12071,,12,1542
2516325,Jerez de los Caballeros,Jerez de los Caballeros,"Jerez de los Caballeros,Kheres de los Kabaleros,Kheres-de-los-Kabal'eros,he lei si de luo si ka wa lie luo si,jyryz dy lws kabalyrws,Херес де лос Кабалерос,Херес-де-лос-Кабальерос,Херес-де-лос-Кабальєрос,جيريز دي لوس كاباليروس,赫雷斯德洛斯卡瓦列罗斯",38.32063,-6.7726,P,PPLA3,57,BA,06070,,06,10237
2516326,Jerez de la Frontera,Jerez de la Frontera,"Cheres de la Frontera,Herezo,Jarez de la Frontera,Jerez,Jerez de la Frontera,Kherehs-deh-la-Frantehra,Kheres de la Frontera,Kheres-de-la-Frontera,Kherez de la Frontera,XRY,Xeres,Xeresium,Xerez de la Frontera,Xerès,Xérès,he lei si-de la fu long te la,heleseudelapeulontela,hrs dh lh prwntrh,jyraz dy la frwntyra,shrysh,Ĥerezo,Херез де ла Фронтера,Херес де ла Фронтера,Херес-де-ла-Фронтера,Херэс-дэ-ла-Франтэра,חרס דה לה פרונטרה,جیراز دی لا فرونتیرا,شريش,ヘレス・デ・ラ・フロンテーラ,赫雷斯-德拉弗龙特拉,헤레스데라프론테라",36.68645,-6.13606,P,PPLA3,51,CA,11020,,11,212879
2516327,Jérez del Marquesado,Jerez del Marquesado,"Jeres del Marquesado,Jerez del Marquesado,Jérez del Marquesado",37.18382,-3.15961,P,PPLA3,51,GR,18108,,18,1065
2516330,Xeresa,Xeresa,"Jeresa,Xeresa",39.01667,-0.21667,P,PPLA3,60,V,46146,,46,1958
2516334,Jayena,Jayena,Jayena,36.9492,-3.82313,P,PPLA3,51,GR,18107,,18,1241
2516345,Xàtiva,Xativa,"Jativa,Játiva,Khativa,Xativa,Xàtiva,shatbt,Хатива,شاطبة",38.99042,-0.51852,P,PPLA3,60,V,46145,,46,29386
2516367,Jaraicejo,Jaraicejo,Jaraicejo,39.66624,-5.81308,P,PPLA3,57,CC,10103,,10,621
2516369,Jarafuel,Jarafuel,"Jarafuel,Kharafuehl',Kharafuel',Xarafull,ha la fu ai er,jrafwl,Харафуель,Харафуэль,جرافول,哈拉富埃尔",39.14013,-1.07306,P,PPLA3,60,V,46144,,46,861
2516386,Jamilena,Jamilena,Jamilena,37.74717,-3.91433,P,PPLA3,51,J,23051,,23,3384
2516390,Jalance,Jalance,"Jalance,Xalans",39.2,-1.06667,P,PPLA3,60,V,46142,,46,981
2516395,Jaén,Jaen,"Aurgi,Haeno,JEA,Jaen,Jaén,Khaehn,Xaen - Jaen,Xaén,haen,jyan,Ĥaeno,Хаэн,جيان,ハエン",37.76922,-3.79028,P,PPLA2,51,J,23050,,23,113457
2516399,Jacarilla,Jacarilla,"Jacarilla,Xacarella",38.06247,-0.86822,P,PPLA3,60,A,03080,,03,1723
2516401,Jabugo,Jabugo,Jabugo,37.91622,-6.72968,P,PPLA3,51,H,21043,,21,2183
2516404,Jabalquinto,Jabalquinto,Jabalquinto,38.01935,-3.72512,P,PPLA3,51,J,23049,,23,2390
2516412,Iznatoraf,Iznatoraf,Iznatoraf,38.15706,-3.03242,P,PPLA3,51,J,23048,,23,1179
2516413,Iznate,Iznate,Iznate,36.78333,-4.18333,P,PPLA3,51,MA,29062,,29,826
2516414,Iznalloz,Iznalloz,Iznalloz,37.39258,-3.52762,P,PPLA3,51,GR,18105,,18,7005
2516415,Iznájar,Iznajar,Iznar,37.25766,-4.30836,P,PPLA3,51,CO,14037,,14,4913
2516421,Istán,Istan,"Istan,Istán",36.58273,-4.94956,P,PPLA3,51,MA,29061,,29,1461
2516431,Isla Cristina,Isla Cristina,"Isla-Kristina,asla krystyna,yi si la ke li si di na,Ісла-Крістіна,Исла-Кристина,إسلا كريستينا,イスラ・クリスティナ,伊斯拉克里斯蒂纳",37.2,-7.31667,P,PPLA3,51,H,21042,,21,21324
2516438,Instinción,Instincion,"Instincion,Instinción",36.99344,-2.66046,P,PPLA3,51,AL,04055,,04,522
2516440,Iniesta,Iniesta,"In'esta,Iniesta,aynysta,yi nie si ta,Іньєста,Иньеста,Ինիեստա,إينيستا,伊涅斯塔",39.43333,-1.75,P,PPLA3,54,CU,16113,,16,4352
2516443,Ingenio,Ingenio,"Carrizal de Ingenio,Ingenio",27.91855,-15.43433,P,PPLA3,53,GC,35011,,35,29319
2516452,Inca,Inca,"Inca,Inka,Инка",39.7211,2.91093,P,PPLA3,07,PM,07027,,07,29308
2516455,Illora,Illora,,37.28771,-3.88109,P,PPLA3,51,GR,18102,,18,10440
2516456,Illar,Illar,Illar,36.98562,-2.63871,P,PPLA3,51,AL,04054,,04,415
2516457,Illán de Vacas,Illan de Vacas,"Illan de Vacas,Illán de Vacas",39.97079,-4.55743,P,PPLA3,54,TO,45080,,45,8
2516463,Igualeja,Igualeja,Igualeja,36.63208,-5.12188,P,PPLA3,51,MA,29060,,29,1052
2516474,Icod de los Vinos,Icod de los Vinos,"Icod,Icod de los Vinos,Ikod-de-los-Vinos,akwd dy lws fynws,aykd d ls byns,yi ke de luo si wei nuo si,Ікод-де-лос-Вінос,Икод-де-лос-Винос,إكود دي لوس فينوس,ایکد د لس بینس,伊科德洛斯维诺斯",28.37241,-16.71188,P,PPLA3,53,TF,38022,,38,24024
2516479,Ibiza,Ibiza,"Eivissa,IBZ,Ibica,Ibiza,Ibiza Town,Ibiza-Stadt,Ibiza-stad,Vila d'Eivissa,Ибица",38.90883,1.43296,P,PPLA3,07,PM,07026,,07,49727
2516480,Ibi,Ibi,"Ibi,alby,ayby,yi wei,Ібі,Иби,Իբի,إلبي,ایبی,伊维",38.62533,-0.57225,P,PPLA3,60,A,03079,,03,24113
2516483,Ibahernando,Ibahernando,Ibahernando,39.32538,-5.91833,P,PPLA3,57,CC,10102,,10,587
2516490,Humilladero,Humilladero,Humilladero,37.1139,-4.70298,P,PPLA3,51,MA,29059,,29,2843
2516498,Huétor Vega,Huetor Vega,"Huetor Vega,Huétor Vega",37.14529,-3.56963,P,PPLA3,51,GR,18101,,18,11324
2516499,Huétor-Tájar,Huetor-Tajar,"Huetor Tajar,Huétor Tájar,Uehtor-Takhar,Uetor-Takhar,awytwr takhar,wei tuo er-ta ha er,Уетор-Тахар,Уэтор-Тахар,أويتور تاخار,韦托尔-塔哈尔",37.19834,-4.04692,P,PPLA3,51,GR,18100,,18,9105
2516534,Huerta de Valdecarábanos,Huerta de Valdecarabanos,"Huerta,Huerta de Valdecarabanos,Huerta de Valdecarábanos",39.86319,-3.61275,P,PPLA3,54,TO,45078,,45,1728
2516538,Huerta de la Obispalía,Huerta de la Obispalia,"Huerta de la Obispalia,Huerta de la Obispalía",39.98901,-2.47875,P,PPLA3,54,CU,16110,,16,160
2516542,Huercal-Overa,Huercal-Overa,"Huercal Overa,Huércal Overa,Khuercal Overa,Uehrkal'-Overa,Uerkal'-Overa,awyrkal-awwra,hwyrkal-awfyra,wei er ka er-ao wei la,Уеркаль-Овера,Уэркаль-Овера,Хуерцал Овера,اوئرکال-اوورا,هويركال-أوفيرا,韦尔卡尔-奥韦拉",37.38918,-1.943,P,PPLA3,51,AL,04053,,04,17645
2516543,Huércal de Almería,Huercal de Almeria,"Huercal de Almeria,Huércal de Almería",36.88507,-2.4376,P,PPLA3,51,AL,04052,,04,14937
2516545,Huéneja,Hueneja,"Hueneja,Huéneja",37.1766,-2.95024,P,PPLA3,51,GR,18097,,18,1235
2516548,Huelva,Huelva,"HEV,Huelva,Onuba,Onubo,Uehl'va,ueruba,Уэльва,ウェルバ,ウエルバ",37.26638,-6.94004,P,PPLA2,51,H,21041,,21,144258
2516549,Huelma,Huelma,Huelma,37.64784,-3.45985,P,PPLA3,51,J,23044,,23,6159
2516551,Huélago,Huelago,"Huelago,Huélago",37.41972,-3.26226,P,PPLA3,51,GR,18096,,18,459
2516553,Huécija,Huecija,"Huecija,Huécija,Khuecija,Uehsikha,Uesikha,awysykha,hwysayja,wei xi ha,Уесіха,Уэсиха,Хуеција,اوئسیخا,هويسايجا,韦西哈",36.96804,-2.60941,P,PPLA3,51,AL,04051,,04,550
2516583,Hoya-Gonzalo,Hoya-Gonzalo,Hoya-Gonzalo,38.9579,-1.55679,P,PPLA3,54,AB,02040,,02,938
2516630,Hornachuelos,Hornachuelos,Hornachuelos,37.83333,-5.23333,P,PPLA3,51,CO,14036,,14,4667
2516632,Hornachos,Hornachos,"Hornachos,Khornachos,Ornachos,ao er na qiao si,hwrnatshws,Орначос,Хорначос,هورناتشوس,奥尔纳乔斯",38.55428,-6.06829,P,PPLA3,57,BA,06069,,06,3799
2516641,Horcajo de Santiago,Horcajo de Santiago,"Horcajo,Horcajo de Santiago",39.84221,-2.99724,P,PPLA3,54,CU,16106,,16,3764
2516649,Hontecillas,Hontecillas,Hontecillas,39.7,-2.18333,P,PPLA3,54,CU,16104,,16,98
2516650,Hontanaya,Hontanaya,Hontanaya,39.71553,-2.83516,P,PPLA3,54,CU,16103,,16,425
2516651,Hontanar,Hontanar,Hontanar,39.61297,-4.49663,P,PPLA3,54,TO,45075,,45,148
2516652,Honrubia,Honrubia,Honrubia,39.61358,-2.28077,P,PPLA3,54,CU,16102,,16,1651
2516655,Hondón de los Frailes,Hondon de los Frailes,"El Fondo dels Frares,El Fondó dels Frares,Fondo dels Frares,Fondó dels Frares,Hondon de los Frailes,Hondón de los Frailes,Ondon-de-los-Frajles,hwndwn d lws frayls,weng dong de luo si fu lai lai si,Ондон-де-лос-Фрайлес,هوندون د لوس فرایلس,翁东德洛斯夫赖莱斯",38.2739,-0.92938,P,PPLA3,60,A,03078,,03,1058
2516685,Holguera,Holguera,Holguera,39.89916,-6.34999,P,PPLA3,57,CC,10099,,10,770
2516693,Hinojosas de Calatrava,Hinojosas de Calatrava,"Hinojosa,Hinojosas",38.61446,-4.13979,P,PPLA3,54,CR,13048,,13,712
2516694,Hinojosa del Valle,Hinojosa del Valle,Hinojosa del Valle,38.48333,-6.18333,P,PPLA3,57,BA,06068,,06,561
2516695,Hinojosa del Duque,Hinojosa del Duque,"Hinojosa del Duque,Inokhosa-del'-Duke,hynwkhwsa dyl dwkwy  qrtbt,yi nuo huo sa de er du ke,Інохоса-дель-Дуке,Инохоса-дель-Дуке,هينوخوسا ديل دوكوي، قرطبة,伊诺霍萨德尔杜克",38.50057,-5.14651,P,PPLA3,51,CO,14035,,14,7555
2516700,Hinojares,Hinojares,Hinojares,37.71586,-2.99769,P,PPLA3,51,J,23042,,23,497
2516704,Hinojales,Hinojales,Hinojales,38,-6.58333,P,PPLA3,51,H,21039,,21,0
2516705,Hinojal,Hinojal,Hinojal,39.709,-6.35567,P,PPLA3,57,CC,10098,,10,458
2516709,Higueruelas,Higueruelas,"Figueroles,Higueruelas",39.78333,-0.85,P,PPLA3,60,V,46141,,46,519
2516713,Higueruela,Higueruela,Higueruela,38.96371,-1.4437,P,PPLA3,54,AB,02039,,02,1351
2516722,Higueras,Higueras,Higueras,39.98333,-0.5,P,PPLA3,60,CS,12069,,12,91
2516723,Higuera la Real,Higuera la Real,"Higuera,Higuera la Real,Igera la Real,Igera-la-Real',hyghwyra la ryal,hygra la ryal,yi ge la la lei ya er,Ігера-ла-Реаль,Игера ла Реал,Игера-ла-Реаль,هيغويرا لا ريال,هیگرا لا رئال,伊格拉拉雷亚尔",38.14088,-6.68922,P,PPLA3,57,BA,06067,,06,2496
2516728,Higuera de Vargas,Higuera de Vargas,Higuera de Vargas,38.447,-6.97517,P,PPLA3,57,BA,06066,,06,2168
2516730,Higuera de la Sierra,Higuera de la Sierra,"Higuera,Higuera de Aracena,Higuera de la Sierra",37.83333,-6.45,P,PPLA3,51,H,21038,,21,0
2516731,Higuera de la Serena,Higuera de la Serena,Higuera de la Serena,38.64616,-5.74129,P,PPLA3,57,BA,06064,,06,1112
2516732,Higuera de Calatrava,Higuera de Calatrava,Higuera de Calatrava,37.79848,-4.15737,P,PPLA3,51,J,23041,,23,709
2516742,Higuera,Higuera,Higuera,39.72551,-5.66692,P,PPLA3,57,CC,10097,,10,97
2516755,Herreruela de Oropesa,Herreruela de Oropesa,Herreruela de Oropesa,39.88928,-5.24279,P,PPLA3,54,TO,45073,,45,520
2516768,Herrera del Duque,Herrera del Duque,"Ehrrera-del'-Duke,Erera del Duke,Errera-del'-Duke,Herrera del Duque,ai lei la de er du ke,hrra dl dwkh,hyryra dyl dwkwy,Ерера дел Дуке,Еррера-дель-Дуке,Эррера-дель-Дуке,Էռերա դել Դուկե,هررا دل دوکه,هيريرا ديل دوكوي,埃雷拉德尔杜克",39.1684,-5.05049,P,PPLA3,57,BA,06063,,06,3616
2516769,Herrera de Alcántara,Herrera de Alcantara,"Herrera de Alcantara,Herrera de Alcántara",39.63865,-7.40619,P,PPLA3,57,CC,10094,,10,281
2516773,Herrera,Herrera,"Ehrrera,Erera,Errera,Herrer,Herrera,ai lei la,Еррера,Эррера,Էռերա,埃雷拉",37.36396,-4.84979,P,PPLA3,51,SE,41050,,41,6230
2516785,Hermigua,Hermigua,"Ehrmigua,Ermigua,Hermigua,Hermigva,ai er mi gua,armyghwa,hrmygwa,Ермігуа,Эрмигуа,إرميغوا,هرمیگوا,埃尔米瓜",28.16766,-17.19051,P,PPLA3,53,TF,38021,,38,2195
2516789,Herguijuela,Herguijuela,Herguijuela,39.37452,-5.76001,P,PPLA3,57,CC,10092,,10,368
2516790,Herencia,Herencia,,39.36616,-3.35735,P,PPLA3,54,CR,13047,,13,7879
2516794,Henarejos,Henarejos,Henarejos,39.86667,-1.48333,P,PPLA3,54,CU,16097,,16,244
2516797,Hellín,Hellin,"Ehl'in,Ehl'ine,El'in,Hellin,Hellín,ai lin,ayyn,hyyn,Ельїн,Эльин,Эльине,إيين,هیین,埃林",38.5106,-1.70096,P,PPLA3,54,AB,02037,,02,30976
2516814,Haría,Haria,"Haria,Haría",29.14553,-13.49986,P,PPLA3,53,GC,35010,,35,4833
2516855,Guillena,Guillena,,37.54262,-6.05626,P,PPLA3,51,SE,41049,,41,11109
2516860,Guía de Isora,Guia de Isora,"Gia-de-Isora,Gija-de-Isora,Guia,Guia de Isora,Guia de Izara,Guía,Guía de Isora,ghya dy aswra,gwya d aysra,ji ya de suo la,Гия-де-Исора,Гіа-де-Ісора,غيا دي إسورا,گویا د ایسرا,吉亚德索拉",28.21154,-16.77947,P,PPLA3,53,TF,38019,,38,20536
2516865,Güevéjar,Guevejar,,37.25759,-3.59691,P,PPLA3,51,GR,18095,,18,1943
2516887,Guarromán,Guarroman,"Guarroman,Guarromán",38.18282,-3.68697,P,PPLA3,51,J,23039,,23,2955
2516892,Guaro,Guaro,,36.6563,-4.83433,P,PPLA3,51,MA,29058,,29,2068
2516902,Guardamar del Segura,Guardamar del Segura,"Guardamar,Guardamar de la Safor,Guardamar de la Segura,Guardamar del Segura",38.09031,-0.65556,P,PPLA3,60,A,03076,,03,16329
2516915,Gualchos,Gualchos,Gualchos,36.74467,-3.39079,P,PPLA3,51,GR,18093,,18,2559
2516925,Guadix,Guadix,"Acci,Guadiks,Guadis,Guadix,Gvadiks,Quadix,gua di si,guadikusu,wady ash,Гвадикс,Гуадис,Гуадікс,وادي آش,グアディクス,瓜迪斯",37.29932,-3.13922,P,PPLA3,51,GR,18089,,18,18718
2516944,Guadassuar,Guadassuar,"Guadassuar,Guadasuar",39.18663,-0.47859,P,PPLA3,60,V,46139,,46,5568
2516945,Guadasequies,Guadasequies,"Guadasequies,Guadassequies,Guadassèquies",38.92539,-0.48585,P,PPLA3,60,V,46138,,46,385
2516957,Guadamur,Guadamur,"Guadamur,Gvadamur,gua da mu er,Гвадамур,Гуадамур,瓜达穆尔",39.81178,-4.14885,P,PPLA3,54,TO,45070,,45,1737
2516970,Guadalupe,Guadalupe,"Guadalupe,Guadalupi,Gundalupe,Gvadalupe,ghwadalwby,gua da lu pei,guadarupe,Гвадалупе,Гуадалупе,Գվադալուպե,غوادالوبي,グアダルーペ,瓜达卢佩",39.4508,-5.32588,P,PPLA3,57,CC,10087,,10,2252
2516981,Guadalmez,Guadalmez,Guadalmez,38.72665,-4.97104,P,PPLA3,54,CR,13046,,13,0
2517004,Guadalcázar,Guadalcazar,"Guadalcazar,Guadalcázar",37.75738,-4.94387,P,PPLA3,51,CO,14033,,14,1234
2517006,Guadalcanal,Guadalcanal,"Guadal'kanal',Guadalcanal,Guadalkanal,Gvadal'kanal',gua da er ka na er,Гвадальканаль,Гуадальканаль,Գուադալկանալ,瓜达尔卡纳尔",38.1,-5.81667,P,PPLA3,51,SE,41048,,41,0
2517023,Guadahortuna,Guadahortuna,Guadahortuna,37.55711,-3.39859,P,PPLA3,51,GR,18088,,18,2004
2517049,Grazalema,Grazalema,Grazalema,36.76018,-5.36839,P,PPLA3,51,CA,11019,,11,2160
2517059,Granja de Torrehermosa,Granja de Torrehermosa,Granja de Torrehermosa,38.31667,-5.58333,P,PPLA3,57,BA,06059,,06,2475
2517060,Granja de Rocamora,Granja de Rocamora,Granja de Rocamora,38.15157,-0.8917,P,PPLA3,60,A,03074,,03,2117
2517111,Granadilla de Abona,Granadilla de Abona,"Granadil'ja-de-Abona,Granadilla,Granadilla de Abona,ge la na di li ya de ya wo na,ghranadya dy abwna,Гранадилья-де-Абона,Гранаділья-де-Абона,غراناديا دي أبونا,格拉纳迪利亚德亚沃纳",28.11882,-16.57599,P,PPLA3,53,TF,38017,,38,39993
2517117,Granada,Granada,"GRX,Girnata,Grana,Granada,Granado,Granata,Graná,Grenada,Grenade,Grenado,Grenayd,Gırnata,Lungsod ng Granada,Qranada,ge la na da,ge lin na da,geulanada,ghrnatt,granada,grndh,guranada,gurenada,jranada,jrynada,kiranata,kran a da,Γρανάδα,Гранада,Гренада,גרנדה,جرانادا,جرينادا,غرناطة,غرناطہ,ګرېنادا,گرانادا,گرېنادا,ग्रानादा,গ্রানাডা,கிரனாதா,กรานาดา,გრანადა,ግራናዳ,グラナダ,グレナダ,格拉纳达,格林纳达,그라나다",37.18817,-3.60667,P,PPLA2,51,GR,18087,,18,233532
2517123,Graja de Iniesta,Graja de Iniesta,Graja de Iniesta,39.51667,-1.66667,P,PPLA3,54,CU,16096,,16,444
2517124,Graja de Campalbo,Graja de Campalbo,Graja de Campalbo,39.9,-1.26667,P,PPLA3,54,CU,16095,,16,129
2517142,Gorga,Gorga,Gorga,38.71896,-0.35589,P,PPLA3,60,A,03073,,03,266
2517175,Gor,Gor,Gor,37.36937,-2.97016,P,PPLA3,51,GR,18085,,18,1025
2517189,Golosalvo,Golosalvo,Golosalvo,39.23333,-1.63333,P,PPLA3,54,AB,02036,,02,114
2517197,Gójar,Gojar,"Gojar,Gójar",37.10456,-3.60565,P,PPLA3,51,GR,18084,,18,5024
2517199,Godelleta,Godelleta,Godelleta,39.41667,-0.68333,P,PPLA3,60,V,46136,,46,2597
2517200,Godella,Godella,Godella,39.53333,-0.41667,P,PPLA3,60,V,46135,,46,13240
2517202,Gobernador,Gobernador,Gobernador,37.47845,-3.32119,P,PPLA3,51,GR,18083,,18,313
2517223,Gilet,Gilet,Gilet,39.6786,-0.32506,P,PPLA3,60,V,46134,,46,2118
2517225,Gilena,Gilena,Gilena,37.2515,-4.91442,P,PPLA3,51,SE,41046,,41,3811
2517236,Gibraleón,Gibraleon,"Gibraleon,Gibraleón,Khibraleon,Xibraleon,xi fu la lai weng,Хибралеон,Хібралеон,Խիբրալեոն,جبل العيون,希夫拉莱翁",37.37628,-6.96895,P,PPLA3,51,H,21035,,21,12258
2517241,Gestalgar,Gestalgar,"Gestalgar,Xestalgar",39.6,-0.83333,P,PPLA3,60,V,46133,,46,714
2517242,Gerindote,Gerindote,Gerindote,39.96594,-4.30278,P,PPLA3,54,TO,45069,,45,2157
2517247,Gérgal,Gergal,"Gergal,Gérgal",37.11886,-2.54012,P,PPLA3,51,AL,04050,,04,1080
2517249,Gerena,Gerena,Gerena,37.52957,-6.15479,P,PPLA3,51,SE,41045,,41,5803
2517252,Genovés,Genoves,"Genoves,Genovés",38.98915,-0.46992,P,PPLA3,60,V,46132,,46,2567
2517259,Génave,Genave,"Genave,Génave",38.43062,-2.7331,P,PPLA3,51,J,23037,,23,592
2517260,Genalguacil,Genalguacil,Genalguacil,36.54546,-5.23572,P,PPLA3,51,MA,29057,,29,551
2517262,Gelves,Gelves,Gelves,37.33481,-6.02601,P,PPLA3,51,SE,41044,,41,7897
2517264,Geldo,Geldo,"Geldo,Khel'do,Xeldo,he er duo,jyldw,Хельдо,Խելդո,جيلدو,赫尔多",39.83333,-0.46667,P,PPLA3,60,CS,12067,,12,739
2517283,Gaucín,Gaucin,"Gaucin,Gaucín",36.51784,-5.31581,P,PPLA3,51,MA,29056,,29,1847
2517298,Gata de Gorgos,Gata de Gorgos,"Gata,Gata de Gorgos",38.77443,0.08538,P,PPLA3,60,A,03071,,03,5281
2517307,Garvín,Garvin,"Garvin,Garvín",39.71984,-5.34678,P,PPLA3,57,CC,10083,,10,104
2517310,Garrucha,Garrucha,"Garrucha,Garrucho,La Garrucha",37.18141,-1.82252,P,PPLA3,51,AL,04049,,04,6920
2517322,Garlitos,Garlitos,Garlitos,38.88022,-5.04759,P,PPLA3,57,BA,06057,,06,721
2517341,Garbayuela,Garbayuela,Garbayuela,39.04956,-4.99856,P,PPLA3,57,BA,06056,,06,542
2517346,Garafía,Garafia,"Garafia,Garafia vald,Garafija,Garafía,Garafía vald,Santo Domingo,gharafya,jia la fei ya,Гарафиа,Гарафія,غارافيا,加拉菲亚",28.81667,-17.93333,P,PPLA3,53,TF,38016,,38,1929
2517350,Garachico,Garachico,"Garachico,Garachiko,Garachiro,Гарачико",28.37365,-16.76342,P,PPLA3,53,TF,38015,,38,6000
2517355,Garaballa,Garaballa,Garaballa,39.81667,-1.36667,P,PPLA3,54,CU,16093,,16,119
2517367,Gandia,Gandia,"Gandia,Gandie,Gandija,Gandía,Гандия",38.96667,-0.18333,P,PPLA3,60,V,46131,,46,73829
2517383,Gálvez,Galvez,"Galvez,Gálvez",39.70208,-4.27239,P,PPLA3,54,TO,45067,,45,3363
2517409,Galisteo,Galisteo,"Galisteo,Galisteu,jalystyw,jia li si te ao,Галистео,Галістео,جاليستيو,加利斯特奥",39.97642,-6.26782,P,PPLA3,57,CC,10076,,10,2030
2517432,Galera,Galera,,37.74262,-2.55175,P,PPLA3,51,GR,18082,,18,1112
2517436,Gáldar,Galdar,"Gal'dar,Galdar,Gáldar,Гальдар",28.14701,-15.6502,P,PPLA3,53,GC,35009,,35,24209
2517440,Galaroza,Galaroza,Galaroza,37.92864,-6.7073,P,PPLA3,51,H,21034,,21,0
2517454,Gaibiel,Gaibiel,Gaibiel,39.93333,-0.48333,P,PPLA3,60,CS,12065,,12,205
2517460,Gádor,Gador,"Gador,Gádor",36.95322,-2.49254,P,PPLA3,51,AL,04047,,04,3002
2517473,Gavarda,Gavarda,"Gabarda,Gavarda",39.08333,-0.55,P,PPLA3,60,V,46130,,46,1178
2517476,Gabaldón,Gabaldon,"Gabaldon,Gabaldón",39.61667,-1.93333,P,PPLA3,54,CU,16092,,16,198
2517482,Fuerte del Rey,Fuerte del Rey,Fuerte del Rey,37.87492,-3.88389,P,PPLA3,51,J,23035,,23,1220
2517493,Fuente Vaqueros,Fuente Vaqueros,"Fuente Vagueros,Fuente Vaqueros",37.22019,-3.78294,P,PPLA3,51,GR,18079,,18,3955
2517494,Fuente-Tójar,Fuente-Tojar,,37.51095,-4.14631,P,PPLA3,51,CO,14031,,14,807
2517498,Fuentes de León,Fuentes de Leon,"Fuentes de Leon,Fuentes de León",38.06866,-6.53884,P,PPLA3,57,BA,06055,,06,2652
2517500,Fuentes de Andalucía,Fuentes de Andalucia,"Fuentes de Andalucia,Fuentes de Andalucía,Ucrania,Ukraine",37.46409,-5.34615,P,PPLA3,51,SE,41042,,41,7344
2517505,Fuentes,Fuentes,Fuentes,39.96667,-2.01667,P,PPLA3,54,CU,16089,,16,503
2517509,Fuenterrobles,Fuenterrobles,Fuenterrobles,39.58333,-1.35,P,PPLA3,60,V,46129,,46,737
2517512,Fuente Palmera,Fuente Palmera,Fuente Palmera,37.70494,-5.09965,P,PPLA3,51,CO,14030,,14,10788
2517515,Fuente Obejuna,Fuente Obejuna,"Fuente Obejuna,Fuenteovejuna",38.26667,-5.41667,P,PPLA3,51,CO,14029,,14,5451
2517519,Fuentelespino de Moya,Fuentelespino de Moya,Fuentelespino de Moya,39.91667,-1.46667,P,PPLA3,54,CU,16088,,16,163
2517520,Fuentelespino de Haro,Fuentelespino de Haro,Fuentelespino de Haro,39.68934,-2.66869,P,PPLA3,54,CU,16087,,16,312
2517522,Fuente la Lancha,Fuente la Lancha,Fuente la Lancha,38.41667,-5.03333,P,PPLA3,51,CO,14028,,14,437
2517527,Fuenteheridos,Fuenteheridos,Fuenteheridos,37.90545,-6.66108,P,PPLA3,51,H,21033,,21,0
2517534,Fuente de Piedra,Fuente de Piedra,Fuente de Piedra,37.13526,-4.73,P,PPLA3,51,MA,29055,,29,2095
2517535,Fuente de Pedro Naharro,Fuente de Pedro Naharro,Fuente de Pedro Naharro,39.92438,-3.00916,P,PPLA3,54,CU,16086,,16,1280
2517547,Fuente del Maestre,Fuente del Maestre,Fuente del Maestre,38.52656,-6.44782,P,PPLA3,57,BA,06054,,06,6748
2517560,Fuente de Cantos,Fuente de Cantos,Fuente de Cantos,38.25,-6.3,P,PPLA3,57,BA,06052,,06,4952
2517573,Fuentealbilla,Fuentealbilla,Fuentealbilla,39.26667,-1.55,P,PPLA3,54,AB,02034,,02,1942
2517574,Fuente-Álamo de Murcia,Fuente-Alamo de Murcia,"Fuente Alamo,Fuente Alamo de Murcia,Fuente Álamo,Fuente Álamo de Murcia",37.72389,-1.16972,P,PPLA3,31,MU,30021,,30,9500
2517576,Fuente-Álamo,Fuente-Alamo,"Fuente-Alamo,Fuente-Álamo",38.69288,-1.43158,P,PPLA3,54,AB,02033,,02,2746
2517581,Fuensanta de Martos,Fuensanta de Martos,Fuensanta de Martos,37.64756,-3.90846,P,PPLA3,51,J,23034,,23,3231
2517585,Fuensanta,Fuensanta,Fuensanta,39.23333,-2.06667,P,PPLA3,54,AB,02032,,02,319
2517589,Fuenllana,Fuenllana,Fuenllana,38.7559,-2.95814,P,PPLA3,54,CR,13043,,13,274
2517591,Fuenlabrada de los Montes,Fuenlabrada de los Montes,"Fuenlabrada de los Montes,Fuentelabrada de los Montes",39.13288,-4.93513,P,PPLA3,57,BA,06051,,06,1929
2517595,Fuengirola,Fuengirola,"FGR,Fuehnkhirola,Fuengirola,Fuenkhirola,feng xi luo la,fu en ji luo la,fwynkhyrwla,shyl,Фуенхирола,Фуенхірола,Фуэнхирoла,Фуэнхирола,سهيل,فوينخيرولا,丰希罗拉,福恩吉罗拉",36.53998,-4.62473,P,PPLA3,51,MA,29054,,29,71482
2517604,Fuencaliente,Fuencaliente,,38.40602,-4.30492,P,PPLA3,54,CR,13042,,13,0
2517611,Frontera,Frontera,"Frontera,La Frontera,Las Lapas,Фронтера",27.75404,-18.00367,P,PPLA3,53,TF,38013,,38,4010
2517618,Frigiliana,Frigiliana,Frigiliana,36.78747,-3.89441,P,PPLA3,51,MA,29053,,29,2560
2517626,Fresnedoso de Ibor,Fresnedoso de Ibor,Fresnedoso de Ibor,39.68418,-5.50899,P,PPLA3,57,CC,10075,,10,349
2517634,Fresneda de Altarejos,Fresneda de Altarejos,Fresneda de Altarejos,39.92577,-2.31498,P,PPLA3,54,CU,16083,,16,85
2517641,Freila,Freila,Freila,37.5299,-2.90828,P,PPLA3,51,GR,18078,,18,1051
2517659,Frailes,Frailes,Frailes,37.48617,-3.83743,P,PPLA3,51,J,23033,,23,1790
2517675,Foios,Foios,"Foios,Foyos",39.53333,-0.35,P,PPLA3,60,V,46126,,46,6035
2517679,Fortuna,Fortuna,Fortuna,38.1814,-1.1259,P,PPLA3,31,MU,30020,,30,7943
2517682,Fortaleny,Fortaleny,Fortaleny,39.18333,-0.3,P,PPLA3,60,V,46125,,46,1010
2517684,Fornalutx,Fornalutx,Fornalutx,39.78232,2.74107,P,PPLA3,07,PM,07025,,07,698
2517702,Fontanars dels Alforins,Fontanars dels Alforins,"Fontanares,Fontanars dels Alforins",38.78423,-0.78667,P,PPLA3,60,V,46124,,46,996
2517704,Fontanarejo,Fontanarejo,Fontanarejo,39.22014,-4.51753,P,PPLA3,54,CR,13041,,13,291
2517711,Fonelas,Fonelas,Fonelas,37.41042,-3.17158,P,PPLA3,51,GR,18076,,18,1158
2517712,Fondón,Fondon,"Fondon,Fondón",36.9802,-2.85957,P,PPLA3,51,AL,04046,,04,947
2517717,Firgas,Firgas,Firgas,28.10711,-15.56299,P,PPLA3,53,GC,35008,,35,7106
2517719,Finestrat,Finestrat,"Finestrat,faynstrat,fei nei si te la te,fynstrat,Финестрат,Фінестрат,فاينسترات,فینسترات,菲内斯特拉特",38.56737,-0.21235,P,PPLA3,60,A,03069,,03,3908
2517720,Fines,Fines,Fines,37.36074,-2.2581,P,PPLA3,51,AL,04044,,04,1955
2517722,Fiñana,Finana,"Finana,Fiñana,Pinana,Piñana",37.1715,-2.84011,P,PPLA3,51,AL,04045,,04,2413
2517733,Ferreries,Ferreries,"Ferrerias,Ferreries,Ferrerías",39.98324,4.01181,P,PPLA3,07,PM,07023,,07,4416
2517737,Ferreira,Ferreira,Ferreira,37.17247,-3.03539,P,PPLA3,51,GR,18074,,18,336
2517740,Fernán-Núñez,Fernan-Nunez,"Fernan Nunez,Fernan-Nun'es,Fernan-Nunez,Fernán Núñez,Fernán-Núñez,fei er nan-nu nie si,fyrnan-nwnyyz  qrtbt,Фернан-Нуньес,Фернан-Нуньєс,فيرنان-نونييز، قرطبة,费尔南-努涅斯",37.67044,-4.7264,P,PPLA3,51,CO,14027,,14,9374
2517744,Feria,Feria,"Feria,Ferija,fei li ya,frya  aspanya,fyraya,Ферия,Ферија,Ферія,Ֆերիա,فریا، اسپانیا,فيرايا,费里亚",38.51151,-6.56416,P,PPLA3,57,BA,06049,,06,1383
2517745,Férez,Ferez,"Ferez,Férez",38.35,-2,P,PPLA3,54,AB,02031,,02,804
2517750,Felanitx,Felanitx,Felanitx,39.4696,3.14831,P,PPLA3,07,PM,07022,,07,18270
2517753,Favara,Favara,"Favara,Favareta",39.11667,-0.28333,P,PPLA3,60,V,46123,,46,1855
2517763,Fasnia,Fasnia,"Fasnea,Fasnia",28.23638,-16.43886,P,PPLA3,53,TF,38012,,38,2777
2517772,Faraján,Farajan,"Farajan,Faraján",36.61695,-5.18839,P,PPLA3,51,MA,29052,,29,242
2517778,Famorca,Famorca,Famorca,38.73101,-0.24726,P,PPLA3,60,A,03068,,03,61
2517792,Facheca,Facheca,"Facheca,Fageca",38.73501,-0.26766,P,PPLA3,60,A,03067,,03,97
2517803,Estubeny,Estubeny,Estubeny,39.01792,-0.62379,P,PPLA3,60,V,46121,,46,183
2517812,Estivella,Estivella,Estivella,39.71667,-0.35,P,PPLA3,60,V,46120,,46,1164
2517816,Estepona,Estepona,"EVO,Ehstepona,Estepona,ai si te bo na,astybwna,esutepona,Естепона,Эстепона,إستيبونا,エステポナ,埃斯特波纳",36.42764,-5.14589,P,PPLA3,51,MA,29051,,29,67012
2517820,Estepa,Estepa,"Ehstepa,Estepa,ai si te pa,astbt,Естепа,Эстепа,إستبة,埃斯特帕",37.29263,-4.87896,P,PPLA3,51,SE,41041,,41,12632
2517827,Estellencs,Estellencs,Estellencs,39.65338,2.4813,P,PPLA3,07,PM,07021,,07,386
2517880,Esporles,Esporles,Esporles,39.66794,2.57867,P,PPLA3,07,PM,07020,,07,4457
2517884,Espinoso del Rey,Espinoso del Rey,Espinoso del Rey,39.65333,-4.78371,P,PPLA3,54,TO,45063,,45,599
2517894,Espiel,Espiel,Espiel,38.2,-5.01667,P,PPLA3,51,CO,14026,,14,2332
2517897,Espera,Espera,Espera,36.87446,-5.806,P,PPLA3,51,CA,11017,,11,3810
2517898,Espelúy,Espeluy,"Espeluy,Espelúy",38.0318,-3.86309,P,PPLA3,51,J,23032,,23,771
2517900,Espejo,Espejo,Espejo,37.6798,-4.55355,P,PPLA3,51,CO,14025,,14,3796
2517903,Espartinas,Espartinas,Espartinas,37.38154,-6.12578,P,PPLA3,51,SE,41040,,41,12648
2517909,Esparragosa de la Serena,Esparragosa de la Serena,Esparragosa de la Serena,38.651,-5.60657,P,PPLA3,57,BA,06047,,06,1118
2517910,Esparragosa de Lares,Esparragosa de Lares,"Ehsparragosa-de-Lares,Esparagosa de Lares,Esparragosa de Lares,Esparragosa-de-Lares,ai si pa la ge sa de la lei si,asbarjwza dy lars,Еспарагоса де Ларес,Еспаррагоса-де-Ларес,Эспаррагоса-де-Ларес,إسبارجوزا دي لارس,埃斯帕拉戈萨德拉雷斯",38.97517,-5.26968,P,PPLA3,57,BA,06048,,06,1054
2517913,Esparragalejo,Esparragalejo,Esparragalejo,38.9433,-6.43549,P,PPLA3,57,BA,06046,,06,1524
2517923,Eslida,Eslida,Eslida,39.88333,-0.3,P,PPLA3,60,CS,12057,,12,856
2517925,Escúzar,Escuzar,"Escuzar,Escúzar",37.06219,-3.76126,P,PPLA3,51,GR,18072,,18,745
2517926,Escurial,Escurial,Escurial,39.16857,-5.88465,P,PPLA3,57,CC,10073,,10,883
2517936,Escorca,Escorca,Escorca,39.82138,2.86941,P,PPLA3,07,PM,07019,,07,293
2517951,Escañuela,Escanuela,"Escanuela,Escañuela",37.87885,-4.03376,P,PPLA3,51,J,23031,,23,930
2517955,Escalonilla,Escalonilla,Escalonilla,39.9257,-4.35095,P,PPLA3,54,TO,45062,,45,1458
2517964,Escacena del Campo,Escacena del Campo,"Escacena,Escacena del Campo",37.40837,-6.3887,P,PPLA3,51,H,21032,,21,2156
2517965,Erustes,Erustes,Erustes,39.95667,-4.49656,P,PPLA3,54,TO,45060,,45,212
2517980,Entrín Bajo,Entrin Bajo,"Entrin Bajo,Entrín Bajo",38.71855,-6.71349,P,PPLA3,57,BA,06045,,06,591
2518008,Enix,Enix,Enix,36.87732,-2.6018,P,PPLA3,51,AL,04041,,04,330
2518009,Enguídanos,Enguidanos,"Enguidamos,Enguidanos,Enguídanos",39.66667,-1.6,P,PPLA3,54,CU,16082,,16,454
2518011,Enguera,Enguera,"Enguera,Ènguera,Énguera",38.97974,-0.68683,P,PPLA3,60,V,46118,,46,5484
2518019,Encinas Reales,Encinas Reales,Encinas Reales,37.27419,-4.48828,P,PPLA3,51,CO,14024,,14,2439
2518020,Encinasola,Encinasola,"Encinasola,Encinosola",38.13413,-6.86675,P,PPLA3,51,H,21031,,21,0
2518033,Emperador,Emperador,Emperador,39.55,-0.33333,P,PPLA3,60,V,46117,,46,260
2518505,Elda,Elda,"Ehl'da,El'da,Elda,ai er da,alda,xe lda,Елда,Ельда,Эльда,Էլդա,إلدا,الدا,เอลดา,埃尔达",38.47783,-0.79157,P,PPLA3,60,A,03066,,03,55168
2518555,Elche de la Sierra,Elche de la Sierra,"Elche Sierra,Elche de la Sierra",38.45123,-2.0476,P,PPLA3,54,AB,02030,,02,3894
2518559,Elche,Elche,"Ehl'ch,Ehl'che,El'che,Elce,Elch,Elche,Elig,Elx,Elčė,Illici,ai er qie,alchh,alsh,elche,eruche,xelche,ʼls,Елч,Елче,Ельче,Эльч,Эльче,אלש,إلش,الش,الچه,เอลเช,ელჩე,エルチェ,埃爾切,엘체",38.26218,-0.70107,P,PPLA3,60,A,03065,,03,234765
2518770,Écija,Ecija,"Ecija,Ehsikha,Esikha,Exija,ai xi ha,astjt,Écija,Есіха,Эсиха,إستجة,埃西哈",37.5422,-5.0826,P,PPLA3,51,SE,41039,,41,39882
2518774,Dúrcal,Durcal,,36.98788,-3.56601,P,PPLA3,51,GR,18071,,18,6913
2518782,Dúdar,Dudar,"Dudar,Dúdar",37.18579,-3.48347,P,PPLA3,51,GR,18070,,18,289
2518791,Dos Torres,Dos Torres,Dos Torres,38.45,-4.9,P,PPLA3,51,CO,14023,,14,2628
2518794,Dos Hermanas,Dos Hermanas,"Dos Ermanas,Dos Hermanas,Дос Ерманас",37.28287,-5.92088,P,PPLA3,51,SE,41038,,41,122943
2518796,Dosbarrios,Dosbarrios,Dosbarrios,39.88199,-3.48419,P,PPLA3,54,TO,45059,,45,2223
2518797,Dos Aguas,Dos Aguas,"Dos Aguas,Dos-Aguas,Dosaiguees,Dosaigües,duo sa gua si,Дос-Агуас,多萨瓜斯",39.28333,-0.8,P,PPLA3,60,V,46115,,46,441
2518820,Don Benito,Don Benito,"Don Benito,Don Benitu,Don-Benito,dong wei ni tuo,dwn bynaytw,Дон Бенито,Дон-Бенито,Дон-Беніто,دون بينايتو,ドン・ベニート,东韦尼托",38.95627,-5.86162,P,PPLA3,57,BA,06044,,06,37010
2518825,Doña Mencía,Dona Mencia,"Dona Mencia,Doña Mencía",37.55346,-4.35602,P,PPLA3,51,CO,14022,,14,5019
2518828,Don Álvaro,Don Alvaro,"Don Alvaro,Don Álvaro",38.84837,-6.27475,P,PPLA3,57,BA,06043,,06,625
2518837,Domingo Pérez,Domingo Perez,"Domingo Perez,Domingo Pérez",39.97661,-4.50554,P,PPLA3,54,TO,45058,,45,501
2518838,Domingo Pérez,Domingo Perez,"Domingo Perez,Domingo Pérez",37.49591,-3.50929,P,PPLA3,51,GR,18105,,18,0
2518840,Domeño,Domeno,"Domeno,Domenyo,Domeño",39.66115,-0.67077,P,PPLA3,60,V,46114,,46,568
2518842,Dolores,Dolores,"Dolores,Dolors",38.14002,-0.77088,P,PPLA3,60,A,03064,,03,7132
2518849,Dílar,Dilar,"Dilar,Dílar",37.07282,-3.60134,P,PPLA3,51,GR,18068,,18,1659
2518850,Diezma,Diezma,Diezma,37.31982,-3.33256,P,PPLA3,51,GR,18067,,18,811
2518859,Deià,Deia,"Deia,Deià",39.74806,2.64823,P,PPLA3,07,PM,07018,,07,656
2518878,Denia,Denia,"Denia,Denija,Dénia,Дения",38.84078,0.10574,P,PPLA3,60,A,03063,,03,41733
2518881,Deleitosa,Deleitosa,Deleitosa,39.64359,-5.64576,P,PPLA3,57,CC,10070,,10,836
2518882,Deifontes,Deifontes,Deifontes,37.3262,-3.59568,P,PPLA3,51,GR,18066,,18,2424
2518892,Dehesas Viejas,Dehesas Viejas,Dehesas Viejas,37.47414,-3.55225,P,PPLA3,51,GR,18105,,18,0
2518893,Dehesas de Guadix,Dehesas de Guadix,"Deehsas-de-Guadiks,Deesas-de-Guadiks,Deesas-de-Gvadiks,Dehesas de Guadix,de ai sa si de gua di si,dyyysas dy ghwadyks,Деесас-де-Гвадикс,Деесас-де-Гуадікс,Деэсас-де-Гуадикс,Դեեսաս դե Գուադիքս,ديئيساس دي غواديكس,德埃萨斯德瓜迪斯",37.58876,-3.10317,P,PPLA3,51,GR,18064,,18,562
2518912,Daya Vieja,Daya Vieja,"Daia Vella,Daya Vieja",38.1048,-0.73804,P,PPLA3,60,A,03062,,03,295
2518913,Daya Nueva,Daya Nueva,"Daia Nova,Daya Nueva",38.11313,-0.76028,P,PPLA3,60,A,03061,,03,1490
2518917,Darro,Darro,Darro,37.34987,-3.29465,P,PPLA3,51,GR,18063,,18,1500
2518923,Daimús,Daimus,"Daimus,Daimuz,Daimús",38.96667,-0.15,P,PPLA3,60,V,46113,,46,2242
2518924,Daimiel,Daimiel,"Daimiel,Dajm'el',Dajmel',dai mi ye er,daymyl  sywdad ryal,Даймьель,Даймєль,دايميل، سيوداد ريال,代米耶尔",39.07004,-3.61498,P,PPLA3,54,CR,13039,,13,18527
2518931,Cútar,Cutar,"Cutar,Cútar",36.83134,-4.22739,P,PPLA3,51,MA,29050,,29,638
2518942,Cumbres Mayores,Cumbres Mayores,Cumbres Mayores,38.06194,-6.64565,P,PPLA3,51,H,21029,,21,0
2518949,Cullera,Cullera,"Cullera,Kul'era,ku lie la,Кульера,Кульєра,库列拉",39.16667,-0.25,P,PPLA3,60,V,46105,,46,24121
2518969,Cuevas de San Marcos,Cuevas de San Marcos,Cuevas de San Marcos,37.26666,-4.41432,P,PPLA3,51,MA,29049,,29,3955
2518981,Cuevas del Campo,Cuevas del Campo,Cuevas del Campo,37.60755,-2.92938,P,PPLA3,51,GR,18912,,18,2040
2518982,Cuevas del Becerro,Cuevas del Becerro,Cuevas del Becerro,36.87537,-5.04488,P,PPLA3,51,MA,29048,,29,1859
2518993,Cuevas Bajas,Cuevas Bajas,Cuevas Bajas,37.23526,-4.48714,P,PPLA3,51,MA,29047,,29,1476
2519028,Cuerva,Cuerva,"Aebura,Cuerva,Libora",39.66374,-4.21085,P,PPLA3,54,TO,45055,,45,1349
2519061,Quatretonda,Quatretonda,"Cuatretonda,Quatretonda",38.95,-0.4,P,PPLA3,60,V,46104,,46,2529
2519068,Quart de Poblet,Quart de Poblet,"Cuart de Poblet,Kuart-de-Poblet,Quart de Poblet,Куарт-де-Поблет",39.48139,-0.43937,P,PPLA3,60,V,46102,,46,25499
2519105,Cristina,Cristina,Cristina,38.83745,-6.09867,P,PPLA3,57,BA,06041,,06,568
2519118,Cózar,Cozar,,38.66219,-3.07205,P,PPLA3,54,CR,13037,,13,1305
2519120,Cox,Cox,"Coix,Cox",38.14164,-0.88736,P,PPLA3,60,A,03058,,03,6411
2519134,Cotillas,Cotillas,Cotillas,38.43115,-2.5055,P,PPLA3,54,AB,02028,,02,163
2519137,Cotes,Cotes,Cotes,39.0701,-0.57449,P,PPLA3,60,V,46100,,46,363
2519139,Costitx,Costitx,Costitx,39.65675,2.94953,P,PPLA3,07,PM,07017,,07,1001
2519197,Cortes de Pallás,Cortes de Pallas,"Cortes de Pallas,Cortes de Pallás,Cortez de Pallas",39.25,-0.93333,P,PPLA3,60,V,46099,,46,999
2519198,Cortes de la Frontera,Cortes de la Frontera,Cortes de la Frontera,36.6171,-5.34266,P,PPLA3,51,MA,29046,,29,3579
2519199,Cortes de Baza,Cortes de Baza,Cortes de Baza,37.65514,-2.77167,P,PPLA3,51,GR,18053,,18,2354
2519203,Cortelazor,Cortelazor,Cortelazor,37.93639,-6.62462,P,PPLA3,51,H,21026,,21,0
2519206,Cortegana,Cortegana,,37.91116,-6.82045,P,PPLA3,51,H,21025,,21,0
2519207,Corte de Peleas,Corte de Peleas,Corte de Peleas,38.72631,-6.67035,P,PPLA3,57,BA,06040,,06,1255
2519208,Corteconcepción,Corteconcepcion,"Corteconcepcion,Corteconcepción",37.9,-6.5,P,PPLA3,51,H,21024,,21,0
2519211,Corral-Rubio,Corral-Rubio,Corral-Rubio,38.83462,-1.46034,P,PPLA3,54,AB,02027,,02,425
2519219,Corral de Calatrava,Corral de Calatrava,Corral de Calatrava,38.85793,-4.0814,P,PPLA3,54,CR,13035,,13,1261
2519221,Corral de Almaguer,Corral de Almaguer,Corral de Almaguer,39.75987,-3.16452,P,PPLA3,54,TO,45054,,45,5743
2519232,Coripe,Coripe,Coripe,36.97335,-5.44022,P,PPLA3,51,SE,41035,,41,1411
2519233,Coria del Río,Coria del Rio,"Coria del Rio,Coria del Río,Koria-del'-Rio,Кориа-дель-Рио,コリア・デル・リオ",37.28766,-6.0541,P,PPLA3,51,SE,41034,,41,30657
2519234,Coria,Coria,Coria,39.98406,-6.53603,P,PPLA3,57,CC,10067,,10,12896
2519237,Cordobilla de Lácara,Cordobilla de Lacara,"Cordobilla de Lacara,Cordobilla de Lácara,Kordobil'ja-de-Lakara,Kordobila de Lakara,ke er duo wei li ya de la ka la,kwrdwbayla dy lakara,Кордобила де Лакара,Кордобилья-де-Лакара,Кордобілья-де-Лакара,كوردوبايلا دي لاكارا,科尔多维利亚德拉卡拉",39.14763,-6.43619,P,PPLA3,57,BA,06038,,06,1062
2519240,Córdoba,Cordoba,"Cardoue,Cordoa,Cordoba,Cordoba i Spania,Cordoue,Cordova,Corduba,Còrdoa,Còrdova,Córdoba,Córdoba i Spania,Córdova,Córduba,Kordava,Kordoba,Kordova,Kordovo,Kordowa,ODB,ge duo hua,ke er duo wa,koleudoba,kordoba,korudoba,kurtupa,kwrdwba,kxr do ba,kۆrdۆba,qrtbh,qrtbt,qwrdwbh,Κόρδοβα,Кордава,Кордоба,Кордова,Կորդովա,קארדאבע,קורדובה,قرطبة,قرطبه,قرطبہ,كوردوبا,کوردوبا,کۆردۆبا,कोर्दोबा,குர்துபா,กอร์โดบา,კორდობა,コルドバ,哥多華,科爾多瓦,코르도바",37.89155,-4.77275,P,PPLA2,51,CO,14021,,14,325708
2519264,Corbera,Corbera,"Corbera,Corbera de Alcira",39.15,-0.35,P,PPLA3,60,V,46098,,46,3057
2519277,Consuegra,Consuegra,"Aebura,Consuegra,Konsuegra,Konsuehgra,kong su ai ge la,Консуегра,Консуэгра,孔苏埃格拉",39.46246,-3.608,P,PPLA3,54,TO,45053,,45,10932
2519278,Constantina,Constantina,"Constantina,Konstantina,Laconimurgi,kong si tan di na,Константина,Константіна,孔斯坦蒂纳",37.86667,-5.61667,P,PPLA3,51,SE,41033,,41,6757
2519283,Consell,Consell,Consell,39.66861,2.81267,P,PPLA3,07,PM,07016,,07,2877
2519284,Conquista de la Sierra,Conquista de la Sierra,"Conquista de la Sierra,Konkista-de-la-S'erra,kong ji si ta de la xie la,kwnkwysta dy la sayra,Конкиста-де-ла-Сьерра,Конкіста-де-ла-Сьєрра,كونكويستا دي لا سايرا,孔基斯塔德拉谢拉",39.3507,-5.73464,P,PPLA3,57,CC,10066,,10,238
2519286,Conquista,Conquista,Conquista,38.4,-4.5,P,PPLA3,51,CO,14020,,14,494
2519289,Conil de la Frontera,Conil de la Frontera,"Conil,Conil de la Frontera",36.27719,-6.0885,P,PPLA3,51,CA,11014,,11,22427
2519293,Confrides,Confrides,"Confrides,Konfrides,kong fu li de si,kwnfarydz,kwnfryds,Конфридес,Конфрідес,كونفاريدز,کونفریدس,孔夫里德斯",38.68451,-0.2689,P,PPLA3,60,A,03057,,03,285
2519319,Cómpeta,Competa,"Competa,Cómpeta",36.83352,-3.9743,P,PPLA3,51,MA,29045,,29,3832
2519325,Comares,Comares,Comares,36.84929,-4.24664,P,PPLA3,51,MA,29044,,29,1463
2519343,Colomera,Colomera,Colomera,37.37156,-3.71393,P,PPLA3,51,GR,18051,,18,1544
2519352,Colmenar,Colmenar,,36.90519,-4.33557,P,PPLA3,51,MA,29043,,29,3227
2519367,Coín,Coin,,36.65947,-4.75639,P,PPLA3,51,MA,29042,,29,21866
2519370,Cogollos de Guadix,Cogollos de Guadix,Cogollos de Guadix,37.22521,-3.16094,P,PPLA3,51,GR,18049,,18,727
2519373,Cofrentes,Cofrentes,"Cofrentes,Cofrents,Kofrentes,ke fu lun te si,Кофрентес,科夫伦特斯",39.22926,-1.06061,P,PPLA3,60,V,46097,,46,948
2519382,Cocentaina,Cocentaina,"Cocentaina,Kosentajna,ke sen tai na,kwkyntayna,kwsntayna,Косентайна,كوكينتاينا,کوسنتاینا,科森泰纳",38.73975,-0.43976,P,PPLA3,60,A,03056,,03,11467
2519385,Cobisa,Cobisa,Cobisa,39.80425,-4.02528,P,PPLA3,54,TO,45052,,45,2868
2519387,Cóbdar,Cobdar,"Cobdar,Cóbdar",37.26166,-2.21098,P,PPLA3,51,AL,04034,,04,251
2519402,Ciudad Real,Ciudad Real,"CQM,Cidade Real,Ciuda Real,Ciudad Real,Ciudá Real,S'judad-Real',S'judad-Rehal',Sjudad Real,Villa-Real,lei a er cheng,siudadeuleal,sywdad ryal,thywdad ryal,Сьюдад-Реаль,Сьюдад-Рэаль,Сјудад Реал,סיודאד ריאל,ثيوداد ريال,سیوداد رئال,シウダー・レアル,雷阿爾城,시우다드레알",38.98626,-3.92907,P,PPLA2,54,CR,13034,,13,74743
2519409,Ciruelos,Ciruelos,,39.93881,-3.61383,P,PPLA3,54,TO,45050,,45,412
2519421,Cijuela,Cijuela,,37.198,-3.81174,P,PPLA3,51,GR,18048,,18,1941
2519425,Cieza,Cieza,"Cieza,S'esa,Siesa,sysa,thytha,xi ye sa,Сьеса,Сьєса,Սիեսա,ثيثا,سیسا,希耶萨",38.23998,-1.41987,P,PPLA3,31,MU,30019,,30,34889
2519436,Churriana de la Vega,Churriana de la Vega,Churriana,37.14499,-3.64617,P,PPLA3,51,GR,18062,,18,12001
2519441,Chumillas,Chumillas,Chumillas,39.76667,-2.03333,P,PPLA3,54,CU,16081,,16,67
2519444,Chulilla,Chulilla,"Chulilla,Xulella",39.65,-0.88333,P,PPLA3,60,V,46112,,46,772
2519445,Chueca,Chueca,Chueca,39.73191,-3.94365,P,PPLA3,54,TO,45057,,45,228
2519447,Chucena,Chucena,Chucena,37.36305,-6.39304,P,PPLA3,51,H,21030,,21,1988
2519450,Chóvar,Chovar,"Chovar,Chóvar,Xovar",39.85,-0.31667,P,PPLA3,60,CS,12056,,12,339
2519464,Chiva,Chiva,"Chiva,Xiva de Bunyol,qi wa,Чива,奇瓦",39.46667,-0.71667,P,PPLA3,60,V,46111,,46,14167
2519468,Chirivel,Chirivel,Chirivel,37.59527,-2.26844,P,PPLA3,51,AL,04037,,04,1816
2519477,Chipiona,Chipiona,"Chipiana,Chipiona,chipiona,qi pi ao na,tshaybywna,Чипиона,Чипіона,تشايبيونا,奇皮奥纳,치피오나",36.73663,-6.43703,P,PPLA3,51,CA,11016,,11,19386
2519491,Chimeneas,Chimeneas,Chimeneas,37.13125,-3.8213,P,PPLA3,51,GR,18061,,18,1472
2519495,Chilluévar,Chilluevar,"Chilluevar,Chilluévar",38.00088,-3.0324,P,PPLA3,51,J,23030,,23,1693
2519497,Chillón,Chillon,"Chillon,Chillón",38.79595,-4.86628,P,PPLA3,54,CR,13038,,13,0
2519512,Chiclana de Segura,Chiclana de Segura,"Chiclana,Chiclana de Segura",38.31187,-3.04219,P,PPLA3,51,J,23029,,23,1238
2519513,Chiclana de la Frontera,Chiclana de la Frontera,"Chiclana,Chiclana de la Frontera,Chiklana-de-la-Frontera,Чиклана-де-ла-Фронтера",36.41976,-6.14367,P,PPLA3,51,CA,11015,,11,83831
2519522,Cheste,Cheste,"Cheste,Xest",39.48333,-0.68333,P,PPLA3,60,V,46109,,46,7255
2519525,Chercos,Chercos,Chercos,37.2545,-2.26657,P,PPLA3,51,AL,04036,,04,285
2519526,Chera,Chera,"Chera,Xera",39.6,-0.96667,P,PPLA3,60,V,46108,,46,525
2519528,Chelva,Chelva,"Chel'va,Chelva,Xelva,qie er wa,Чельва,Չելվա,切尔瓦",39.7493,-0.99684,P,PPLA3,60,V,46106,,46,1986
2519529,Chella,Chella,"Chella,Xella",39.04203,-0.65916,P,PPLA3,60,V,46107,,46,2618
2519530,Cheles,Cheles,Cheles,38.51225,-7.28177,P,PPLA3,57,BA,06042,,06,1313
2519534,Chauchina,Chauchina,,37.19977,-3.77157,P,PPLA3,51,GR,18059,,18,4357
2519584,Cervera del Llano,Cervera del Llano,Cervera del Llano,39.78312,-2.42019,P,PPLA3,54,CU,16073,,16,294
2519623,Cerdà,Cerda,"Cerda,Cerdà,Cerdá",38.98333,-0.56667,P,PPLA3,60,V,46096,,46,291
2519632,Cenizate,Cenizate,Cenizate,39.3,-1.65,P,PPLA3,54,AB,02026,,02,1204
2519634,Cenes de la Vega,Cenes de la Vega,Cenes de la Vega,37.16006,-3.53548,P,PPLA3,51,GR,18047,,18,6295
2519656,Cedillo,Cedillo,Cedillo,39.65099,-7.49817,P,PPLA3,57,CC,10062,,10,574
2519659,Ceclavín,Ceclavin,"Ceclavin,Ceclavín",39.82231,-6.77329,P,PPLA3,57,CC,10061,,10,2076
2519664,Cebolla,Cebolla,Cebolla,39.94897,-4.57175,P,PPLA3,54,TO,45046,,45,3274
2519672,Cazorla,Cazorla,"Cazorla,Kasorla,ka suo er la,kasrla,kathwrla  khayn,Касорла,كاثورلا، خاين,کاسرلا,卡索尔拉",37.91495,-3.00342,P,PPLA3,51,J,23028,,23,8039
2519675,Cazalla de la Sierra,Cazalla de la Sierra,"Cazalla,Cazalla de la Sierra",37.93333,-5.75,P,PPLA3,51,SE,41032,,41,0
2519677,Cazalilla,Cazalilla,Cazalilla,37.98389,-3.88295,P,PPLA3,51,J,23027,,23,817
2519683,Caudete de las Fuentes,Caudete de las Fuentes,Caudete de las Fuentes,39.55965,-1.27853,P,PPLA3,60,V,46095,,46,795
2519685,Caudete,Caudete,"Cabdet,Caudete",38.70679,-0.98723,P,PPLA3,54,AB,02025,,02,10330
2519688,Catral,Catral,"Barrio de Catral,Barrio de Catral y Callosa,Catral,Katral',ka te la er,katral,Катраль,كاترال,کاترال,卡特拉尔",38.16061,-0.80209,P,PPLA3,60,A,03055,,03,6147
2519690,Catarroja,Catarroja,"Catarroja,Katarrokh,Катаррох",39.4,-0.4,P,PPLA3,60,V,46094,,46,27035
2519694,Catadau,Catadau,Catadau,39.26667,-0.56667,P,PPLA3,60,V,46093,,46,2487
2519697,Castro del Río,Castro del Rio,"Castro del Rio,Castro del Río,Kastro-del'-Rio,ka si te luo de er li ao,kastrw dyl ryw  qrtbt,Кастро-дель-Рио,Кастро-дель-Ріо,كاسترو ديل ريو، قرطبة,卡斯特罗德尔里奥",37.69125,-4.48058,P,PPLA3,51,CO,14019,,14,8065
2519698,Castro de Filabres,Castro de Filabres,Castro de Filabres,37.18484,-2.44024,P,PPLA3,51,AL,04033,,04,158
2519703,Castril,Castril,"Castril,Castril de la Pena,Castril de la Peña,Kastril',ka si te li er,kastryl  ghrnatt,Кастриль,Кастріль,كاستريل، غرناطة,卡斯特里尔",37.79581,-2.78002,P,PPLA3,51,GR,18046,,18,2547
2519711,Castillo de Locubín,Castillo de Locubin,,37.52858,-3.9422,P,PPLA3,51,J,23026,,23,5052
2519713,Castillo de Garcimuñoz,Castillo de Garcimunoz,"Castillo de Garcimunoz,Castillo de Garcimuñoz",39.65928,-2.3803,P,PPLA3,54,CU,16072,,16,188
2519730,Castillejo de Iniesta,Castillejo de Iniesta,Castillejo de Iniesta,39.53333,-1.76667,P,PPLA3,54,CU,16068,,16,194
2519736,Castilléjar,Castillejar,"Castillejar,Castilléjar",37.71697,-2.6406,P,PPLA3,51,GR,18045,,18,1600
2519737,Castilleja del Campo,Castilleja del Campo,Castilleja del Campo,37.38627,-6.33443,P,PPLA3,51,SE,41030,,41,640
2519738,Castilleja de la Cuesta,Castilleja de la Cuesta,"Castilleja,Castilleja de la Cuesta",37.38594,-6.05258,P,PPLA3,51,SE,41029,,41,17150
2519739,Castilleja de Guzmán,Castilleja de Guzman,"Castilleja de Guzman,Castilleja de Guzmán",37.40955,-6.05515,P,PPLA3,51,SE,41028,,41,2405
2519746,Castilblanco de los Arroyos,Castilblanco de los Arroyos,"Castilblanco,Castilblanco de los Arroyos",37.67576,-5.98886,P,PPLA3,51,SE,41027,,41,4709
2519747,Castilblanco,Castilblanco,"Castilblanco,Kastil'blanko,Kastilblanko,ka si di er fu lan ke,kastylblankw,Кастилбланко,Кастильбланко,Кастільбланко,كاستيلبلانكو,卡斯蒂尔夫兰科",39.28487,-5.09098,P,PPLA3,57,BA,06035,,06,1167
2519749,Castellonet de la Conquesta,Castellonet de la Conquesta,"Castellonet,Castellonet de la Conquesta",38.91667,-0.26667,P,PPLA3,60,V,46091,,46,172
2519751,Castelló de Rugat,Castello de Rugat,"Castello de Rugat,Castellon de Rugat,Castelló de Rugat,Castellón de Rugat",38.88333,-0.36667,P,PPLA3,60,V,46090,,46,2301
2519752,Castelló de la Plana,Castello de la Plana,"CDT,Castello,Castello de la Plana,Castellon,Castellon - Castello de la Plana,Castellon de la Plana,Castelló,Castelló de la Plana,Castellón,Castellón de la Plana,Kastel'on-de-la-Plana,Kastelon de la Plana,ka si te li weng-de la pu la na,qʼstywn dh lh plʼnh,Кастельон-де-ла-Плана,Кастељон де ла Плана,קאסטיון דה לה פלאנה,カステリョン・デ・ラ・プラナ,卡斯特利翁-德拉普拉納",39.98567,-0.04935,P,PPLA2,60,CS,12040,,12,171857
2519753,Castellnovo,Castellnovo,"Castellnou de Sogorb,Castellnovo",39.86667,-0.45,P,PPLA3,60,CS,12039,,12,998
2519758,Castell de Castells,Castell de Castells,"Castell de Castells,Castells de Castells",38.72555,-0.19242,P,PPLA3,60,A,03054,,03,482
2519762,Castellar de Santiago,Castellar de Santiago,Castellar de Santiago,38.53928,-3.27573,P,PPLA3,54,CR,13033,,13,2175
2519763,Castellar de la Frontera,Castellar de la Frontera,"Castellar,Castellar de la Frontera,Kastel'jar-de-la-Frontera,ka si te li ya er de la fu long te la,kastylar dy la frwntyra,Кастельяр-де-ла-Фронтера,كاستيلار دي لا فرونتيرا,卡斯特利亚尔德拉夫龙特拉",36.31736,-5.45407,P,PPLA3,51,CA,11013,,11,3013
2519770,Cástaras,Castaras,"Castaras,Cástaras",36.93164,-3.25406,P,PPLA3,51,GR,18044,,18,238
2519783,Castalla,Castalla,"Castalla,Kastal'ja,ka si ta li ya,kastala,kastaya,Касталья,كاستالا,کاستایا,卡斯塔利亚",38.59694,-0.67207,P,PPLA3,60,A,03053,,03,10327
2519786,Casinos,Casinos,Casinos,39.7,-0.7,P,PPLA3,60,V,46089,,46,2382
2519795,Casillas de Coria,Casillas de Coria,Casillas de Coria,39.96543,-6.63711,P,PPLA3,57,CC,10059,,10,492
2519879,Casasimarro,Casasimarro,"Casasimarro,Kasasimarro,ka sa xi ma luo,kasasymarw,Касасимарро,Касасімарро,كاساسيمارو,卡萨西马罗",39.36667,-2.03333,P,PPLA3,54,CU,16066,,16,3051
2519882,Casas de Ves,Casas de Ves,Casas de Ves,39.25,-1.33333,P,PPLA3,54,AB,02023,,02,801
2519889,Casas de Reina,Casas de Reina,"Casas de Reina,Las Casas",38.2,-5.96667,P,PPLA3,57,BA,06034,,06,192
2519898,Casas de Miravete,Casas de Miravete,Casas de Miravete,39.72687,-5.74363,P,PPLA3,57,CC,10057,,10,196
2519899,Casas de Millán,Casas de Millan,"Casas de Millan,Casas de Millán",39.81757,-6.32966,P,PPLA3,57,CC,10056,,10,709
2519908,Casas de los Pinos,Casas de los Pinos,Casas de los Pinos,39.33375,-2.36984,P,PPLA3,54,CU,16065,,16,528
2519927,Casas de Lázaro,Casas de Lazaro,"Casas de Lazaro,Casas de Lázaro",38.77056,-2.24044,P,PPLA3,54,AB,02022,,02,413
2519937,Casas de Juan Núñez,Casas de Juan Nunez,"Casas de Juan Nunez,Casas de Juan Núñez",39.1019,-1.55821,P,PPLA3,54,AB,02021,,02,1322
2519943,Casas de Haro,Casas de Haro,Casas de Haro,39.33355,-2.27273,P,PPLA3,54,CU,16064,,16,837
2519944,Casas de Guijarro,Casas de Guijarro,Casas de Guijarro,39.35,-2.16667,P,PPLA3,54,CU,16063,,16,130
2519945,Casas de Garcimolina,Casas de Garcimolina,Casas de Garcimolina,40,-1.41667,P,PPLA3,54,CU,16062,,16,35
2519946,Casas de Fernando Alonso,Casas de Fernando Alonso,"Casas de Fernando Alonso,Casas de los Teatinos",39.35065,-2.32402,P,PPLA3,54,CU,16061,,16,1315
2519952,Casas de Don Antonio,Casas de Don Antonio,Casas de Don Antonio,39.23578,-6.29143,P,PPLA3,57,CC,10052,,10,209
2519954,Casas de Benítez,Casas de Benitez,"Casas de Benitez,Casas de Benítez",39.36667,-2.13333,P,PPLA3,54,CU,16060,,16,1058
2519967,Casasbuenas,Casasbuenas,Casasbuenas,39.76117,-4.12558,P,PPLA3,54,TO,45042,,45,209
2519979,Casariche,Casariche,"Casariche,Kasariche,ka sa li qie,Касариче,Касаріче,卡萨里切",37.29389,-4.75972,P,PPLA3,51,SE,41026,,41,5389
2519980,Casares,Casares,"Casares,Kasares,ka sa lei si,kasars,kasarys,Касарес,Կասարես,كاساريس,کاسارس,卡萨雷斯",36.44689,-5.2858,P,PPLA3,51,MA,29041,,29,4021
2519988,Casarabonela,Casarabonela,Casarabonela,36.78616,-4.84276,P,PPLA3,51,MA,29040,,29,2490
2520045,Casabermeja,Casabermeja,Casabermeja,36.8926,-4.42938,P,PPLA3,51,MA,29039,,29,3274
2520052,Cartaya,Cartaya,Cartaya,37.28114,-7.15071,P,PPLA3,51,H,21021,,21,17905
2520055,Cártama,Cartama,"Kartama,ka er ta ma,kartama,Картама,كارتاما,卡尔塔马",36.71068,-4.63297,P,PPLA3,51,MA,29038,,29,21313
2520056,Cartajima,Cartajima,Cartajima,36.64548,-5.1541,P,PPLA3,51,MA,29037,,29,260
2520058,Cartagena,Cartagena,"Cartachena,Cartagena,Cartagena i Spania,Cartaxena,Carthagene,Carthago Nova,Carthagène,Kartachena,Kartagena,Kartagina,Kartagjena,Kartahena,Kartaheno,Kartakhena,Kartaĥeno,Karthageni,XUF,ka ta he na,kaleutahena,kartagna,kartajena,kartajina,kartakhyna,kartygana,karutahena,qrthnh,Καρθαγένη,Картагена,Картагина,Картахена,קרטחנה,كارتاخينا,کارتاگنا,کارتیگانا,कार्टाजेना,कार्ताजिना,კარტახენა,ካርታሔና,カルタヘナ,卡塔赫纳,카르타헤나",37.60197,-0.98397,P,PPLA3,31,MU,30016,,30,213943
2520064,Carrizosa,Carrizosa,Carrizosa,38.84204,-2.9925,P,PPLA3,54,CR,13032,,13,1556
2520071,Carrión de los Céspedes,Carrion de los Cespedes,"Carrion de los Cespedes,Carrión de los Céspedes",37.37007,-6.32923,P,PPLA3,51,SE,41025,,41,2285
2520072,Carrión de Calatrava,Carrion de Calatrava,"Carrion,Carrion de Calatrava,Carrión,Carrión de Calatrava",39.01897,-3.81683,P,PPLA3,54,CR,13031,,13,2669
2520077,Carrícola,Carricola,"Carricola,Carrícola",38.84133,-0.4726,P,PPLA3,60,V,46086,,46,79
2520078,Carriches,Carriches,Carriches,39.96417,-4.45864,P,PPLA3,54,TO,45039,,45,312
2520083,Carratraca,Carratraca,Carratraca,36.8529,-4.81998,P,PPLA3,51,MA,29036,,29,849
2520087,Carrascosa de Haro,Carrascosa de Haro,Carrascosa de Haro,39.59757,-2.54182,P,PPLA3,54,CU,16058,,16,141
2520092,Carrascalejo,Carrascalejo,Carrascalejo,39.63333,-5.21667,P,PPLA3,57,CC,10048,,10,0
2520114,Carmonita,Carmonita,Carmonita,39.15455,-6.33864,P,PPLA3,57,BA,06031,,06,622
2520118,Carmona,Carmona,"Carmona,Karmona,Кармона",37.47125,-5.64608,P,PPLA3,51,SE,41024,,41,28620
2520119,Carmena,Carmena,Carmena,39.95562,-4.40149,P,PPLA3,54,TO,45036,,45,858
2520121,Carlet,Carlet,"Carlet,Karlet,ka er lai te,Карлет,卡尔莱特",39.2266,-0.52142,P,PPLA3,60,V,46085,,46,15527
2520131,Cardenete,Cardenete,Cardenete,39.76667,-1.68333,P,PPLA3,54,CU,16056,,16,735
2520134,Cardeña,Cardena,"Cardena,Cardeña",38.27023,-4.32358,P,PPLA3,51,CO,14016,,14,1786
2520144,Càrcer,Carcer,"Carcer,Càrcer,Cárcer",39.06667,-0.56667,P,PPLA3,60,V,46084,,46,2026
2520145,Carcelén,Carcelen,"Carcelen,Carcelén",39.10202,-1.30879,P,PPLA3,54,AB,02020,,02,669
2520150,Carcaixent,Carcaixent,"Carcagente,Carcaixen,Carcaixent,Carcaixén,Karkakhente,Каркахенте",39.1218,-0.44812,P,PPLA3,60,V,46083,,46,21735
2520151,Carcabuey,Carcabuey,,37.4442,-4.27471,P,PPLA3,51,CO,14015,,14,2857
2520155,Carboneros,Carboneros,Carboneros,38.22958,-3.63139,P,PPLA3,51,J,23021,,23,704
2520156,Carboneras de Guadazaón,Carboneras de Guadazaon,"Carbon,Carboneras,Carboneras de Guadazaon,Carboneras de Guadazaón",39.88333,-1.8,P,PPLA3,54,CU,16055,,16,918
2520163,Carboneras,Carboneras,"Karboneras,ka er wo nei la si,karbwnras,karbwnyras,Карбонерас,كاربونيراس,کاربونراس,卡尔沃内拉斯",36.99666,-1.89651,P,PPLA3,51,AL,04032,,04,7199
2520169,Carbajo,Carbajo,Carbajo,39.60333,-7.19565,P,PPLA3,57,CC,10046,,10,248
2520172,Carataunas,Carataunas,"Caratauna,Caratáuna",36.92204,-3.40834,P,PPLA3,51,GR,18043,,18,206
2520192,Capilla,Capilla,"Capilla,Kapil'ja,Kapila,ka pi li ya,kabayla,kapyya,Капила,Капилья,Капілья,كابايلا,کاپییا,卡皮利亚",38.82037,-5.08417,P,PPLA3,57,BA,06030,,06,192
2520194,Capileira,Capileira,,36.96148,-3.35864,P,PPLA3,51,GR,18042,,18,585
2520200,Capdepera,Capdepera,"Capdepera,Kapdepera,ka pu de pei la,kabdybyra,Капдепера,كابديبيرا,卡普德佩拉",39.70237,3.43532,P,PPLA3,07,PM,07014,,07,11911
2520209,Cantoria,Cantoria,Cantoria,37.35146,-2.19209,P,PPLA3,51,AL,04031,,04,3502
2520215,Cantillana,Cantillana,Cantillana,37.61032,-5.82472,P,PPLA3,51,SE,41023,,41,10627
2520248,Canjáyar,Canjayar,"Canjayar,Canjáyar,Lanjavar",37.00959,-2.73943,P,PPLA3,51,AL,04030,,04,1568
2520253,Canillas de Albaida,Canillas de Albaida,Canillas de Albaida,36.84665,-3.98678,P,PPLA3,51,MA,29034,,29,797
2520254,Canillas de Aceituno,Canillas de Aceituno,"Canillas,Canillas de Aceituna,Kanil'jas-de-Asejtuno,ka ni li ya si de ya sai tu nuo,kanyas dy athytwnw,Канильяс-де-Асейтуно,Канільяс-де-Асейтуно,كانياس دي أثيتونو,卡尼利亚斯德亚塞图诺",36.87303,-4.08254,P,PPLA3,51,MA,29033,,29,2241
2520266,Cañete la Real,Canete la Real,"Aebura,Kan'ete-la-Real',Kaniete la Real,Sabora,ka nie te la lei ya er,kanyth la ryal,kanyty la ryal,Каньете-ла-Реаль,Каньєте-ла-Реаль,Կանիետե լա Ռեալ,كانيتي لا ريال,کانیته لا ریال,卡涅特拉雷亚尔",36.95154,-5.0244,P,PPLA3,51,MA,29035,,29,2069
2520268,Cañete de las Torres,Canete de las Torres,"Canete de las Torres,Cañete de las Torres",37.86717,-4.31835,P,PPLA3,51,CO,14014,,14,3192
2520271,Canet d'En Berenguer,Canet d'En Berenguer,"Canet d'En Berenguer,Canet de Berenguer",39.68333,-0.21667,P,PPLA3,60,V,46082,,46,3669
2520272,Canena,Canena,Canena,38.0493,-3.4831,P,PPLA3,51,J,23020,,23,2093
2520283,Candelaria,Candelaria,"Cancelaria,Candelaria,Kandelaria,Kandelarii,Kandelarija,kan de la li ya,kanderaria,kandylarya  santa krwth dy tynyryfh,Κανδελάρια,Канделарии,Канделария,Канделарія,קאנדלאריה,كانديلاريا، سانتا كروث دي تينيريفه,カンデラリア,坎德拉里亚",28.3548,-16.37268,P,PPLA3,53,TF,38011,,38,24319
2520292,Cañaveral de León,Canaveral de Leon,"Canaveral de Leon,Cañaveral de León",38.01667,-6.51667,P,PPLA3,51,H,21020,,21,0
2520295,Cañaveral,Canaveral,"Canaveral,Cañaveral",39.79198,-6.3913,P,PPLA3,57,CC,10045,,10,1271
2520312,Cáñar,Canar,,36.92684,-3.42808,P,PPLA3,51,GR,18040,,18,337
2520314,Cañamero,Canamero,"Canamera,Canamero,Cañamera,Cañamero,Kan'jamero,ka ni ya mei luo,kanyamyrw,Каньямеро,كانياميرو,卡尼亚梅罗",39.37995,-5.38857,P,PPLA3,57,CC,10044,,10,1626
2520320,Canals,Canals,"Canals,Canals de Canolas,Canals de Cañolas",38.96251,-0.58443,P,PPLA3,60,V,46081,,46,13941
2520344,Cañada Rosal,Canada Rosal,"Canada Rosal,Cañada Rosal",37.59924,-5.21016,P,PPLA3,51,SE,41901,,41,3071
2520373,Cañada del Hoyo,Canada del Hoyo,"Canada del Hoyo,Cañada del Hoyo",39.96667,-1.9,P,PPLA3,54,CU,16046,,16,321
2520387,Cañada de Calatrava,Canada de Calatrava,"Canada,Canada de Calatrava,Cañada,Cañada de Calatrava",38.85429,-4.02103,P,PPLA3,54,CR,13029,,13,106
2520397,Cañada,Canada,"Canada,Cañada,La Canyada",38.6739,-0.8133,P,PPLA3,60,A,03052,,03,0
2520401,Campotéjar,Campotejar,"Campotejar,Campotéjar",37.48235,-3.61771,P,PPLA3,51,GR,18038,,18,1410
2520402,Campos del Río,Campos del Rio,"Campos del Rio,Campos del Río",38.03966,-1.35306,P,PPLA3,31,MU,30014,,30,2065
2520403,Campos,Campos,Campos,39.43099,3.01935,P,PPLA3,07,PM,07013,,07,9765
2520405,Camporrobles,Camporrobles,"Camporrobles,Camporrobres,Kamporrobles,kan bo luo fu lai si,Кампорроблес,坎波罗夫莱斯",39.65,-1.4,P,PPLA3,60,V,46080,,46,1372
2520410,Campofrío,Campofrio,"Campofrio,Campofrío",37.76652,-6.57363,P,PPLA3,51,H,21019,,21,0
2520413,Campo de Criptana,Campo de Criptana,"Kampo-de-Kriptana,kambw dy kraybtana,kan bo de ke li pu ta na,Кампо-де-Криптана,Кампо-де-Кріптана,كامبو دي كرايبتانا,坎波德克里普塔纳",39.40463,-3.12492,P,PPLA3,54,CR,13028,,13,15006
2520427,Campillos-Paravientos,Campillos-Paravientos,Campillos-Paravientos,39.98333,-1.55,P,PPLA3,54,CU,16043,,16,132
2520428,Campillos,Campillos,,37.04826,-4.86308,P,PPLA3,51,MA,29032,,29,8014
2520430,Campillo de Llerena,Campillo de Llerena,Campillo de Llerena,38.50196,-5.83139,P,PPLA3,57,BA,06029,,06,1631
2520433,Campillo de Deleitosa,Campillo de Deleitosa,Campillo de Deleitosa,39.70297,-5.57436,P,PPLA3,57,CC,10042,,10,124
2520436,Campillo de Altobuey,Campillo de Altobuey,Campillo de Altobuey,39.6,-1.8,P,PPLA3,54,CU,16042,,16,1702
2520453,Campanet,Campanet,Campanet,39.7747,2.96506,P,PPLA3,07,PM,07012,,07,2515
2520456,Campanario,Campanario,"Campanario,Kampanario,kampanaryw,kan pa na li ao,Кампанарио,Кампанаріо,کامپاناریو,坎帕纳里奥",38.8644,-5.61744,P,PPLA3,57,BA,06028,,06,5522
2520476,Cambil,Cambil,"Cambil,Cambril",37.67934,-3.56537,P,PPLA3,51,J,23018,,23,3061
2520477,Camas,Camas,"Camas,Kamas,ka ma si,Камас,Կամաս,卡马斯",37.40202,-6.03314,P,PPLA3,51,SE,41021,,41,28620
2520493,Calvià,Calvia,"Calvia,Calvià,Calviá,Kal'vija,Kalvia,Kalvija,ka er wei ya,kalbi xa,kalbya,kalfya,karubia,Калвиа,Калвија,Кальвия,Кальвія,كالفيا,کالبیا,กัลบีอา,カルビア,卡尔维亚",39.5657,2.50621,P,PPLA3,07,PM,07011,,07,51774
2520502,Callosa de Segura,Callosa de Segura,"Callosa de Segura,Kal'josa-de-Segura,Kal'osa-de-Segura,Kalyosa de Segura,ka e sa de sai gu la,kalwsa dy swjwra,kaywsa d sgwra,Кальйоса-де-Сегура,Кальоса-де-Сегура,Կալյոսա դե Սեգուրա,كالوسا دي سوجورا,کایوسا د سگورا,卡略萨德塞古拉",38.12497,-0.87822,P,PPLA3,60,A,03049,,03,17924
2520503,Callosa d'En Sarrià,Callosa d'En Sarria,"Callosa d'En Sarria,Callosa d'En Sarrià,Callosa de Ensarria,Callosa de Ensarriá",38.65,-0.11667,P,PPLA3,60,A,03048,,03,0
2520505,Calles,Calles,Calles,39.72118,-0.97057,P,PPLA3,60,V,46079,,46,384
2520512,Calicasas,Calicasas,Calicasas,37.2713,-3.61345,P,PPLA3,51,GR,18037,,18,553
2520526,Caleruela,Caleruela,Caleruela,39.87483,-5.25693,P,PPLA3,54,TO,45029,,45,296
2520528,Calera y Chozas,Calera y Chozas,"Calera,Calera y Chozas",39.88278,-4.98213,P,PPLA3,54,TO,45028,,45,4124
2520529,Calera de León,Calera de Leon,"Calera de Leon,Calera de León",38.1,-6.33333,P,PPLA3,57,BA,06026,,06,1051
2520558,Calasparra,Calasparra,"Calasparra,Kalasparra,ka la si pa la,kalasbara,Каласпарра,كالاسبارا,卡拉斯帕拉",38.22997,-1.69986,P,PPLA3,31,MU,30013,,30,10178
2520566,Calañas,Calanas,"Calanas,Calañas",37.65568,-6.8805,P,PPLA3,51,H,21017,,21,4506
2520568,Calamonte,Calamonte,Calamonte,38.88861,-6.38791,P,PPLA3,57,BA,06025,,06,6117
2520590,Cala,Cala,"Cala,Minas de Cala",37.96667,-6.31667,P,PPLA3,51,H,21016,,21,0
2520592,Cájar,Cajar,"Cajar,Cájar",37.13381,-3.57274,P,PPLA3,51,GR,18036,,18,4002
2520600,Cadiz,Cadiz,"CDZ,Cadice,Cadis,Cadix,Cadiz,Cai,Càdice,Cádice,Cádis,Cádiz,Gadeira,Gades,Gadir,Gaðes,Iungadir,Kadis,Kadisas,Kadiz,Kadizo,Kadyks,Kantith,La tacita de plata,jia de si,kadi s,kadiseu,kadisu,kads,kadydh,kadys,qads,qdys,Κάντιθ,Кадиз,Кадис,Кадіс,קדיס,قادس,كاديذ,کادس,کادیس,กาดิซ,კადისი,ካዲዝ,カディス,加的斯,카디스",36.52672,-6.2891,P,PPLA2,51,CA,11012,,11,116979
2520601,Cádiar,Cadiar,,36.94591,-3.1802,P,PPLA3,51,GR,18035,,18,1511
2520604,Cachorrilla,Cachorrilla,Cachorrilla,39.91557,-6.66909,P,PPLA3,57,CC,10038,,10,87
2520611,Cáceres,Caceres,"Caceres,Caceres i Spania,Cacris,Caçris,Càceres,Cáceres,Cáceres i Spania,Kaserehs,Kaseres,Kaseresa,Kaseresas,Katheres,Norba Caesarina,QUQ,ka sai lei si,ka se res,ka sha li si,kakeresa,kakyrys,kaseleseu,kaseresu,kasrs,kasyrys,katheresa,kathyrs,kathyrys,qshrsh,qsrs,qsrsh,Κάθερες,Касерес,Касерэс,קסרס,قشرش,قصرش,كاثيرس,كاثيريس,کاسرس,کاسیریس,کاکیریس,काकेरेस,ਕਾਥੇਰੇਸ,กาเซเรส,კასერესი,カセレス,卡塞雷斯,卡沙利斯,카세레스",39.47649,-6.37224,P,PPLA2,57,CC,10037,,10,96068
2520641,Cabra del Santo Cristo,Cabra del Santo Cristo,"Cabra de Santo Cristo,Cabra del San Cristo,Cabra del Santo Cristo",37.70379,-3.28765,P,PPLA3,51,J,23017,,23,2239
2520645,Cabra,Cabra,"Cabra,Kabra,Кабра",37.47249,-4.44206,P,PPLA3,51,CO,14013,,14,21352
2520657,Cabezas Rubias,Cabezas Rubias,,37.7266,-7.08738,P,PPLA3,51,H,21015,,21,873
2520661,Cabezarados,Cabezarados,Cabezarados,38.84469,-4.2983,P,PPLA3,54,CR,13025,,13,372
2520663,Cabezamesada,Cabezamesada,Cabezamesada,39.8163,-3.10236,P,PPLA3,54,TO,45027,,45,500
2520666,Cabeza la Vaca,Cabeza la Vaca,Cabeza la Vaca,38.08333,-6.41667,P,PPLA3,57,BA,06024,,06,1553
2520672,Cabeza del Buey,Cabeza del Buey,"Cabeza de Buey,Cabeza del Buey,Cabezabuei,Kabesa-del'-Buehj,Kabesa-del'-Buej,Kabeza del Bej,ka wei sa de er wu ai,kabyza dyl by,Кабеза дел Беј,Кабеса-дель-Буей,Кабеса-дель-Буэй,كابيزا ديل بي,卡韦萨德尔武埃",38.72227,-5.21946,P,PPLA3,57,BA,06023,,06,5590
2520673,Cabañas de Yepes,Cabanas de Yepes,,39.89051,-3.53502,P,PPLA3,54,TO,45026,,45,277
2520674,Cabañas del Castillo,Cabanas del Castillo,"Cabanas,Cabanas del Castillo,Cabañas,Cabañas del Castillo",39.54804,-5.51203,P,PPLA3,57,CC,10033,,10,518
2520697,Busquístar,Busquistar,,36.93796,-3.29444,P,PPLA3,51,GR,18033,,18,339
2520698,Busot,Busot,"Busot,Buzot,bu suo te,bwswt,Бузот,Бусот,Բուսոտ,بوسوت,布索特",38.48206,-0.41918,P,PPLA3,60,A,03046,,03,2272
2520700,Burujón,Burujon,"Burujon,Burujón",39.90113,-4.2973,P,PPLA3,54,TO,45024,,45,1449
2520709,Burriana,Burriana,"Borriana,Burriana,bu li ya na,bwrayna,Борріана,Бурриана,بوراينا,布里亚纳",39.88901,-0.08499,P,PPLA3,60,CS,12032,,12,34544
2520712,Burjassot,Burjassot,"Bujursot,Burjassot,Burkhasot,Бурхасот",39.50984,-0.41327,P,PPLA3,60,V,46078,,46,38433
2520713,Burguillos de Toledo,Burguillos de Toledo,"Burguillos,Burguillos de Toledo",39.79635,-3.99254,P,PPLA3,54,TO,45023,,45,1708
2520714,Burguillos del Cerro,Burguillos del Cerro,"Burguillos,Burguillos del Cerro",38.38008,-6.59037,P,PPLA3,57,BA,06022,,06,3170
2520715,Burguillos,Burguillos,Burguillos,37.5844,-5.96654,P,PPLA3,51,SE,41019,,41,4116
2520724,Bunyola,Bunyola,Bunyola,39.69634,2.69955,P,PPLA3,07,PM,07010,,07,5475
2520727,Bullas,Bullas,"Abula,Aebura,Bullas,Bulles",38.04667,-1.67227,P,PPLA3,31,MU,30012,,30,12493
2520735,Bujalance,Bujalance,"Bujalance,Bukhalanse,bu ha lan sai,bwkhalanky  qrtbt,Бухалансе,بوخالانكي، قرطبة,布哈兰塞",37.89556,-4.38074,P,PPLA3,51,CO,14012,,14,7848
2520745,Búger,Buger,"Buger,Buzher,Búger,bu he er,bwghyr,bwkhr,Бужер,بوخر,بوغير,布赫尔",39.75809,2.98349,P,PPLA3,07,PM,07009,,07,1016
2520748,Bugarra,Bugarra,Bugarra,39.61667,-0.76667,P,PPLA3,60,V,46076,,46,860
2520751,Bufali,Bufali,"Bufali,Bufalí,Bufatl,bu fa li,bwfaly,Буфали,Буфалі,بوفالی,布法利",38.86775,-0.51617,P,PPLA3,60,V,46075,,46,199
2520760,Buenavista del Norte,Buenavista del Norte,"Buehnavista-del'-Norte,Buenavista,Buenavista del Norte,Buenavista-del'-Norte,bu ai na wei si ta de er nuo er te,bwynafysta dyl nwrty,Буенавіста-дель-Норте,Буэнависта-дель-Норте,بوينافيستا ديل نورتي,布埃纳维斯塔德尔诺尔特",28.37458,-16.86098,P,PPLA3,53,TF,38010,,38,5231
2520775,Buenache de Alarcón,Buenache de Alarcon,"Buenache,Buenache de Alarcon,Buenache de Alarcón,Buenoche de Alarcon,Buenoche de Alarcón",39.65,-2.16667,P,PPLA3,54,CU,16039,,16,632
2520781,Bubión,Bubion,,36.949,-3.35615,P,PPLA3,51,GR,18032,,18,0
2520798,Brenes,Brenes,"Brenes,bu lei nei si,Бренес,布雷内斯",37.54944,-5.87139,P,PPLA3,51,SE,41018,,41,12460
2520799,Breña Baja,Brena Baja,"Brena Baja,Breña Baja",28.63011,-17.78953,P,PPLA3,53,TF,38009,,38,4245
2520800,Breña Alta,Brena Alta,"Brena Alta,Breña Alta",28.65,-17.78333,P,PPLA3,53,TF,38008,,38,7092
2520805,Brazatortas,Brazatortas,Brazatortas,38.65869,-4.29368,P,PPLA3,54,CR,13024,,13,1115
2520819,Botija,Botija,Botija,39.34498,-6.07318,P,PPLA3,57,CC,10031,,10,150
2520833,Bormujos,Bormujos,Bormujos,37.37358,-6.07233,P,PPLA3,51,SE,41017,,41,18590
2520844,Bonrepòs i Mirambell,Bonrepos i Mirambell,"Bonrepos,Bonrepós",39.51667,-0.36667,P,PPLA3,60,V,46074,,46,0
2520845,Boniches,Boniches,Boniches,39.98333,-1.61667,P,PPLA3,54,CU,16036,,16,167
2520849,Bonete,Bonete,Bonete,38.87136,-1.34851,P,PPLA3,54,AB,02018,,02,1252
2520850,Bonares,Bonares,Bonares,37.32423,-6.68073,P,PPLA3,51,H,21014,,21,5257
2520864,Bolulla,Bolulla,Bolulla,38.67529,-0.11184,P,PPLA3,60,A,03045,,03,355
2520875,Bolaños de Calatrava,Bolanos de Calatrava,"Bolan'jos-de-Kalatrava,Bolan'os-de-Kalatrava,Bolanos,Bolanos de Calatrava,Bolaños,Bolaños de Calatrava,bo la ni ao si de ka la te la wa,bwlanyws dy kalatrafa,Боланьйос-де-Калатрава,Боланьос-де-Калатрава,بولانيوس دي كالاترافا,博拉尼奥斯德卡拉特拉瓦",38.9069,-3.66345,P,PPLA3,54,CR,13023,,13,12490
2520878,Bohonal de Ibor,Bohonal de Ibor,Bohonal de Ibor,39.78457,-5.485,P,PPLA3,57,CC,10030,,10,546
2520898,Bocairent,Bocairent,"Bocairent,Bocairente",38.76667,-0.61667,P,PPLA3,60,V,46072,,46,4496
2520940,Blanca,Blanca,Blanca,38.1791,-1.37473,P,PPLA3,31,MU,30011,,30,6054
2520943,Binissalem,Binissalem,"Binissalem,bnw salm,bnw slam,bny salm,bynysalym,بنو سالم,بنو سلام,بني سالم,بينيساليم",39.68744,2.84396,P,PPLA3,07,PM,07008,,07,8143
2520955,Bigastro,Bigastro,"Bigastre,Bigastro",38.06237,-0.89841,P,PPLA3,60,A,03044,,03,5770
2520957,Bienvenida,Bienvenida,"B'envenida,Benvenida,Bienvenida,Bjenvenida,baynfynayda,bi en wei ni da,bynbnyda,Бьенвенида,Бєнвеніда,Бјенвенида,Բիենվենիդա,باينفينايدا,بینبنیدا,比恩韦尼达",38.3,-6.2,P,PPLA3,57,BA,06020,,06,2368
2520959,Bienservida,Bienservida,Bienservida,38.51716,-2.61087,P,PPLA3,54,AB,02016,,02,797
2520962,Bicorp,Bicorp,"Bicorb,Bicorp",39.13215,-0.7872,P,PPLA3,60,V,46071,,46,645
2520964,Biar,Biar,"B'jar,Biar,bi ya er,byar,Бьяр,Біар,بيار,بیار,比亚尔",38.63117,-0.76458,P,PPLA3,60,A,03043,,03,3592
2520968,Bétera,Betera,"Betera,Bétera",39.59111,-0.46151,P,PPLA3,60,V,46070,,46,20740
2520977,Berrocalejo,Berrocalejo,"Berro del Calejo,Berrocalejo",39.81948,-5.34951,P,PPLA3,57,CC,10028,,10,118
2520979,Berrocal,Berrocal,Berrocal,37.60863,-6.54147,P,PPLA3,51,H,21012,,21,369
2521015,Berlanga,Berlanga,Berlanga,38.28333,-5.81667,P,PPLA3,57,BA,06019,,06,2627
2521016,Berja,Berja,"Berdza,Berha,Berkha,Vergis,bei er ha,brjt,brkha,Берха,Берџа,برجة,برخا,贝尔哈",36.84693,-2.94966,P,PPLA3,51,AL,04029,,04,15035
2521025,Bérchules,Berchules,,36.97678,-3.19067,P,PPLA3,51,GR,18030,,18,803
2521031,Bentarique,Bentarique,Bentarique,36.98823,-2.61991,P,PPLA3,51,AL,04028,,04,275
2521034,Benquerencia,Benquerencia,"Benquerencia,Bona Querencia",39.30994,-6.08465,P,PPLA3,57,CC,10027,,10,100
2521036,Benizalón,Benizalon,"Benizalon,Benizalón",37.21213,-2.2418,P,PPLA3,51,AL,04027,,04,300
2521043,Benitagla,Benitagla,Benitagla,37.23138,-2.23935,P,PPLA3,51,AL,04026,,04,64
2521045,Benisuera,Benisuera,"Benissuera,Benisuera",38.9132,-0.47784,P,PPLA3,60,V,46069,,46,194
2521046,Benissoda,Benissoda,"Benisoda,Benissoda",38.83333,-0.51667,P,PPLA3,60,V,46068,,46,320
2521049,Benisanó,Benisano,"Benisano,Benisanó,Benissano,Benissanó",39.61667,-0.56667,P,PPLA3,60,V,46067,,46,1974
2521050,Benissa,Benissa,Benissa,38.71492,0.04849,P,PPLA3,60,A,03041,,03,13221
2521052,Benirredrà,Benirredra,"Benirredra,Benirredrà,Benirredrá",38.9611,-0.19739,P,PPLA3,60,V,46066,,46,1460
2521055,Beniparrell,Beniparrell,Beniparrell,39.38333,-0.41667,P,PPLA3,60,V,46065,,46,1780
2521059,Benimuslem,Benimuslem,Benimuslem,39.13162,-0.49288,P,PPLA3,60,V,46064,,46,583
2521061,Benimeli,Benimeli,"Benimeli,bei ni mei li,bnymly,bynaymylay,Бенимели,Бенімелі,بنیملی,بينايميلاي,贝尼梅利",38.82362,-0.04221,P,PPLA3,60,A,03040,,03,0
2521063,Benimassot,Benimassot,"Benimasot,Benimassot",38.75,-0.28333,P,PPLA3,60,A,03039,,03,134
2521064,Benimarfull,Benimarfull,Benimarfull,38.7759,-0.39079,P,PPLA3,60,A,03038,,03,467
2521065,Benimantell,Benimantell,Benimantell,38.67709,-0.21057,P,PPLA3,60,A,03037,,03,454
2521070,Benillup,Benillup,Benillup,38.75397,-0.37991,P,PPLA3,60,A,03036,,03,93
2521071,Benilloba,Benilloba,"Benil'joba,Benil'oba,Benilloba,bei ni e wa,bnyywba,bynaylwba,Бенильоба,Бенільйоба,بنییوبا,بينايلوبا,贝尼略瓦",38.70012,-0.38998,P,PPLA3,60,A,03035,,03,881
2521072,Benijofar,Benijofar,"Benijofar,Benijófar",38.07785,-0.7368,P,PPLA3,60,A,03034,,03,3467
2521076,Beniflá,Benifla,"Benifla,Beniflà,Beniflá",38.92813,-0.17816,P,PPLA3,60,V,46061,,46,238
2521080,Benifaió,Benifaio,"Banifaio,Banifaió,Benifayo,Benifayó",39.28439,-0.42598,P,PPLA3,60,V,46060,,46,12204
2521083,Benifallim,Benifallim,Benifallim,38.66259,-0.39994,P,PPLA3,60,A,03032,,03,126
2521085,Benifairó de les Valls,Benifairo de les Valls,"Benifairo de Les Valls,Benifairo de les Valls,Benifairó de Les Valls,Benifairó de les Valls",39.73333,-0.26667,P,PPLA3,60,V,46058,,46,1907
2521088,Benidorm,Benidorm,"Benidorm,Benidormo,bei ni duo er mu,benidoleum,benidorumu,bnydwrm,Бенидорм,Бенідорм,Բենիդորմ,بنيدورم,بنیدورم,ベニドルム,贝尼多尔姆,베니도름",38.53816,-0.13098,P,PPLA3,60,A,03031,,03,70450
2521089,Benidoleig,Benidoleig,Benidoleig,38.79278,-0.02992,P,PPLA3,60,A,03030,,03,1021
2521091,Benicolet,Benicolet,Benicolet,38.91987,-0.34694,P,PPLA3,60,V,46057,,46,517
2521095,Beniatjar,Beniatjar,Beniatjar,38.84754,-0.41736,P,PPLA3,60,V,46056,,46,240
2521096,Beniarrés,Beniarres,"Ben'jarres,Beniarres,Beniarrés,bei ni ya lei si,bnyars,bynyarys,Бениаррес,Беньяррес,Беніаррес,بنیارس,بينياريس,贝尼亚雷斯",38.82019,-0.37741,P,PPLA3,60,A,03028,,03,1339
2521097,Beniarjó,Beniarjo,"Beniarjo,Beniarjó",38.93249,-0.18634,P,PPLA3,60,V,46055,,46,1432
2521099,Beniardá,Beniarda,"Beniarda,Beniardà,Beniardá",38.68433,-0.21629,P,PPLA3,60,A,03027,,03,186
2521100,Beniarbeig,Beniarbeig,Beniarbeig,38.82232,-0.0021,P,PPLA3,60,A,03026,,03,1538
2521104,Benferri,Benferri,"Benferri,ben fei li,bnfry,bynfyrray,Бенферри,Бенферрі,بنفری,بينفيرراي,本费里",38.14129,-0.96212,P,PPLA3,60,A,03025,,03,1494
2521105,Benetússer,Benetusser,,39.42265,-0.39686,P,PPLA3,60,V,46054,,46,15313
2521106,Benejúzar,Benejuzar,"Benejusser,Benejuzar,Benejússer,Benejúzar",38.07728,-0.83942,P,PPLA3,60,A,03024,,03,5295
2521108,Beneixama,Beneixama,"Beneixama,Benejama",38.7,-0.76667,P,PPLA3,60,A,03023,,03,1956
2521109,Beneixida,Beneixida,"Benegida,Beneixida",39.06667,-0.55,P,PPLA3,60,V,46053,,46,609
2521114,Benavites,Benavites,Benavites,39.73333,-0.25,P,PPLA3,60,V,46052,,46,649
2521118,Benatae,Benatae,Benatae,38.35323,-2.65121,P,PPLA3,51,J,23016,,23,0
2521120,Benasau,Benasau,Benasau,38.69047,-0.34278,P,PPLA3,60,A,03022,,03,241
2521121,Benarrabá,Benarraba,"Benarraba,Benarrabá,bny rbah,bynaraba,بني رباح,بينارابا",36.5512,-5.27608,P,PPLA3,51,MA,29029,,29,550
2521123,Benaoján,Benaojan,"Benaojan,Benaoján",36.71929,-5.2522,P,PPLA3,51,MA,29028,,29,1661
2521124,Benaocaz,Benaocaz,Benaocaz,36.70069,-5.42222,P,PPLA3,51,CA,11009,,11,728
2521128,Benamocarra,Benamocarra,Benamocarra,36.79075,-4.16146,P,PPLA3,51,MA,29027,,29,2904
2521130,Benamejí,Benameji,"Benameji,Benamejí",37.26833,-4.54123,P,PPLA3,51,CO,14010,,14,4922
2521131,Benamaurel,Benamaurel,Benamaurel,37.60826,-2.7025,P,PPLA3,51,GR,18029,,18,2293
2521132,Benamargosa,Benamargosa,"Benam,Benamargosa",36.83499,-4.19362,P,PPLA3,51,MA,29026,,29,1547
2521136,Benalúa de las Villas,Benalua de las Villas,"Benalua de las Villas,Benalúa de las Villas",37.42742,-3.68346,P,PPLA3,51,GR,18028,,18,1386
2521139,Benalmádena,Benalmadena,"Benal'madena,Benalmadena,Benalmádena,bei na er ma de na,benalmadena,bnalmadna,bynalmadyna,Беналмадена,Бенальмадена,Բենալմադենա,بنالمادنا,بينالمادينا,贝纳尔马德纳,베날마데나",36.5961,-4.57267,P,PPLA3,51,MA,29025,,29,58854
2521142,Benalauría,Benalauria,"Benalauria,Benalauría",36.59445,-5.26099,P,PPLA3,51,MA,29024,,29,469
2521146,Benahavís,Benahavis,"Benahavis,Benahavís",36.52361,-5.04631,P,PPLA3,51,MA,29023,,29,2275
2521147,Benahadux,Benahadux,"Benahadur,Benahadux",36.92493,-2.45941,P,PPLA3,51,AL,04024,,04,3132
2521148,Benaguasil,Benaguasil,"Benaguacil,Benaguasil",39.6,-0.58333,P,PPLA3,60,V,46051,,46,11011
2521149,Benagéber,Benageber,"Benagebe,Benageber,Benagever,Benagébe,Benagéber,Benagéver,Benaixep,Benaixeve,Benakheber,bei na he wei er,bnakhbr,Бенахебер,بناخبر,贝纳赫韦尔",39.71667,-1.1,P,PPLA3,60,V,46050,,46,177
2521154,Benacazón,Benacazon,"Benacazon,Benacazón",37.35289,-6.19663,P,PPLA3,51,SE,41015,,41,5698
2521163,Belmontejo,Belmontejo,Belmontejo,39.82212,-2.34467,P,PPLA3,54,CU,16034,,16,201
2521165,Belmonte,Belmonte,,39.55746,-2.70461,P,PPLA3,54,CU,16033,,16,2360
2521166,Bélmez de la Moraleda,Belmez de la Moraleda,,37.72382,-3.38207,P,PPLA3,51,J,23015,,23,1859
2521170,Bellús,Bellus,"Bellus,Bellús",38.9458,-0.48697,P,PPLA3,60,V,46049,,46,383
2521172,Bellreguard,Bellreguard,"Bellreguard,Bellreguart",38.95,-0.16667,P,PPLA3,60,V,46048,,46,3893
2521175,Bèlgida,Belgida,"Belgida,Bèlgida,Bélgida",38.85,-0.46667,P,PPLA3,60,V,46047,,46,719
2521183,Belalcázar,Belalcazar,"Balalcazar,Belal'kasar,Belalcazar,Belalcázar,bei la er ka sa er,blal qsr,blalkzar,Белалькасар,بلال قصر,بلالكزار,贝拉尔卡萨尔",38.57566,-5.16653,P,PPLA3,51,CO,14008,,14,3562
2521190,Beires,Beires,Beires,37.01237,-2.79134,P,PPLA3,51,AL,04023,,04,120
2521192,Begíjar,Begijar,"Begijar,Begíjar",37.98492,-3.53094,P,PPLA3,51,J,23014,,23,3098
2521197,Bédar,Bedar,"Bedar,Bédar",37.19389,-1.98166,P,PPLA3,51,AL,04022,,04,786
2521198,Betxí,Betxi,"Bechi,Betxi",39.93333,-0.2,P,PPLA3,60,CS,12021,,12,5902
2521207,Beas de Segura,Beas de Segura,"Beas de Segura,Beas-de-Segura,bei ya si de sai gu la,byas d sgwra,byas dy syghwra,Беас-де-Сегура,بئاس د سگورا,بياس دي سيغورا,贝亚斯德塞古拉",38.2524,-2.88875,P,PPLA3,51,J,23012,,23,5251
2521208,Beas de Guadix,Beas de Guadix,Beas de Guadix,37.27861,-3.20579,P,PPLA3,51,GR,18025,,18,377
2521209,Beas de Granada,Beas de Granada,,37.21803,-3.48095,P,PPLA3,51,GR,18024,,18,1074
2521212,Beas,Beas,"Beas,bei ya si,byas,Беас,Բեաս,بياس,贝亚斯",37.4257,-6.79318,P,PPLA3,51,H,21011,,21,4207
2521215,Baza,Baza,"Baza,База",37.49073,-2.77259,P,PPLA3,51,GR,18023,,18,23359
2521219,Bayarque,Bayarque,Bayarque,37.33062,-2.4361,P,PPLA3,51,AL,04021,,04,257
2521221,Bayárcal,Bayarcal,"Bayarcal,Bayárcal",37.03073,-2.99606,P,PPLA3,51,AL,04020,,04,296
2521226,Baterno,Baterno,Baterno,38.95578,-4.91039,P,PPLA3,57,BA,06017,,06,358
2521273,Barrax,Barrax,Barrax,39.04607,-2.20152,P,PPLA3,54,AB,02015,,02,1993
2521309,Barlovento,Barlovento,,28.82708,-17.80377,P,PPLA3,53,TF,38007,,38,2334
2521311,Barx,Barx,"Barig,Barx,Bárig",39.01667,-0.3,P,PPLA3,60,V,46046,,46,1423
2521316,Bargas,Bargas,,39.94113,-4.01979,P,PPLA3,54,TO,45019,,45,7731
2521321,Barcience,Barcience,Barcience,39.98367,-4.23437,P,PPLA3,54,TO,45018,,45,92
2521323,Barchín del Hoyo,Barchin del Hoyo,"Barchin del Hoyo,Barchín del Hoyo",39.66667,-2.06667,P,PPLA3,54,CU,16029,,16,115
2521325,Barxeta,Barxeta,"Barcheta,Barxeta",39.01667,-0.41667,P,PPLA3,60,V,46045,,46,1619
2521329,Barcarrota,Barcarrota,Barcarrota,38.51473,-6.84923,P,PPLA3,57,BA,06016,,06,3643
2521361,Banyalbufar,Banyalbufar,Banyalbufar,39.68734,2.51409,P,PPLA3,07,PM,07007,,07,568
2521368,Balsa de Ves,Balsa de Ves,Balsa de Ves,39.26667,-1.2,P,PPLA3,54,AB,02013,,02,244
2521373,Balones,Balones,Balones,38.73726,-0.34324,P,PPLA3,60,A,03020,,03,169
2521390,Balazote,Balazote,Balazote,38.88444,-2.1518,P,PPLA3,54,AB,02012,,02,2656
2521410,Bailén,Bailen,"Bailen,Bailèn,Bailén,Bajlen,bai lun,baillen,bayln,baylyn,Байлен,بايلين,بایلن,拜伦,바일렌",38.09639,-3.77786,P,PPLA3,51,J,23010,,23,18785
2521413,Baeza,Baeza,Baeza,37.99384,-3.47103,P,PPLA3,51,J,23009,,23,16253
2521415,Baena,Baena,"Baehna,Baena,bai na,byant,Баена,Баэна,بيانة,拜纳",37.6167,-4.32245,P,PPLA3,51,CO,14007,,14,20915
2521417,Badolatosa,Badolatosa,Badolatosa,37.30785,-4.67296,P,PPLA3,51,SE,41014,,41,3184
2521420,Badajoz,Badajoz,"Ara Pacis Augustalis,BJZ,Badahozo,Badajos,Badajoz,Badakhos,Badaĥozo,badahosu,badakhws,badakhwz,btlyws,Бадахос,باداخوز,باداخوس,بطليوس,バダホス",38.87789,-6.97061,P,PPLA3,57,BA,06015,,06,150530
2521429,Azután,Azutan,"Azutan,Azután",39.78564,-5.1273,P,PPLA3,54,TO,45017,,45,324
2521434,Azuébar,Azuebar,"Assuevar,Assuévar,Azuebar,Azuébar",39.83333,-0.36667,P,PPLA3,60,CS,12018,,12,357
2521436,Azuaga,Azuaga,"Asuaga,Azuaga,a su a jia,aswaga,azwagha,Азуага,Асуага,آسواگا,أزواغا,阿苏阿加",38.26667,-5.68333,P,PPLA3,57,BA,06014,,06,8242
2521439,Aznalcóllar,Aznalcollar,"Aznacollar,Aznacóllar,Aznalcollar,Aznalcóllar",37.51914,-6.26988,P,PPLA3,51,SE,41013,,41,5839
2521452,Ayódar,Ayodar,"Aioder,Ayodar,Ayódar",40,-0.36667,P,PPLA3,60,CS,12017,,12,227
2521453,Ayna,Ayna,"Aina,Ajna,Ayna,Aýna,ai na,ayn,ayna,Айна,Аїна,آینا,أين,艾納,艾纳",38.55,-2.08333,P,PPLA3,54,AB,02011,,02,943
2521455,Aielo de Malferit,Aielo de Malferit,"Aielo de Malferit,Ayelo de Malferit",38.88333,-0.58333,P,PPLA3,60,V,46042,,46,4320
2521456,Ayamonte,Ayamonte,"Ajamonte,Ajjamonte,Ayamonte,ai a meng te,ayamwnty,Айямонте,Аямонте,أيامونتي,艾阿蒙特",37.21329,-7.40807,P,PPLA3,51,H,21010,,21,20883
2521485,Atarfe,Atarfe,,37.22479,-3.68686,P,PPLA3,51,GR,18022,,18,15399
2521491,Atalaya del Cañavate,Atalaya del Canavate,"Atalaya del Canavate,Atalaya del Cañavate",39.51864,-2.25175,P,PPLA3,54,CU,16026,,16,115
2521500,Atalaya,Atalaya,Atalaya,38.33333,-6.46667,P,PPLA3,57,BA,06013,,06,338
2521504,Atajate,Atajate,Atajate,36.64017,-5.24606,P,PPLA3,51,MA,29021,,29,170
2521510,Aspe,Aspe,"Asp,Aspe,a si pei,asby,asph,Аспе,آسپه,أسبي,阿斯佩",38.34511,-0.76721,P,PPLA3,60,A,03019,,03,20180
2521519,Arucas,Arucas,"Arucas,Arukas,Арукас",28.11983,-15.52325,P,PPLA3,53,GC,35006,,35,36259
2521521,Artenara,Artenara,Artenara,28.02055,-15.64693,P,PPLA3,53,GC,35005,,35,1565
2521528,Artana,Artana,Arlana,39.89104,-0.25758,P,PPLA3,60,CS,12016,,12,1850
2521534,Artà,Arta,"Arta,Artà,Artá,a er ta,arta  jzr alblyar,Арта,ארטה,أرتا، جزر البليار,阿尔塔",39.69315,3.34979,P,PPLA3,07,PM,07006,,07,6287
2521545,Arroyomolinos de León,Arroyomolinos de Leon,"Arroyomolinos de Leon,Arroyomolinos de León",38.01667,-6.41667,P,PPLA3,51,H,21009,,21,0
2521549,Arroyo de San Serván,Arroyo de San Servan,"Arroyo de San Servan,Arroyo de San Serván",38.85443,-6.45402,P,PPLA3,57,BA,06012,,06,4048
2521550,Arroyo del Ojanco,Arroyo del Ojanco,Arroyo del Ojanco,38.32065,-2.89486,P,PPLA3,51,J,23905,,23,2656
2521555,Arroyo de la Luz,Arroyo de la Luz,"Arrojo-de-la-Lus,Arroyo de la Luz,Arroyo del Puerco,a luo yue de la lu si,arwyw dy la lwz,Арройо-де-ла-Лус,أرويو دي لا لوز,阿罗约德拉卢斯",39.48511,-6.58401,P,PPLA3,57,CC,10021,,10,6671
2521566,Arriate,Arriate,Arriate,36.80005,-5.1408,P,PPLA3,51,MA,29020,,29,3821
2521570,Arrecife,Arrecife,"ACE,Aresife,Arrecife,Аресифе",28.96302,-13.54769,P,PPLA3,53,GC,35004,,35,61351
2521577,Arquillos,Arquillos,Arquillos,38.18148,-3.42827,P,PPLA3,51,J,23008,,23,1979
2521582,Arona,Arona,"Aron,Arona,Arona pa Tenerife,Arona på Tenerife,a luo na,arwna  asbanya,Арон,Арона,أرونا، إسبانيا,阿罗纳",28.09962,-16.68102,P,PPLA3,53,TF,38006,,38,78614
2521585,Aroche,Aroche,Aroche,37.94213,-6.9576,P,PPLA3,51,H,21008,,21,2991
2521589,Armuña de Almanzora,Armuna de Almanzora,,37.3503,-2.4115,P,PPLA3,51,AL,04018,,04,315
2521590,Armilla,Armilla,"Armil'ja,Armilya,a er mi li ya,armya,Армилья,Армілья,Արմիլյա,أرميا,阿尔米利亚",37.14386,-3.62534,P,PPLA3,51,GR,18021,,18,21380
2521593,Arjonilla,Arjonilla,Arjonilla,37.97422,-4.10677,P,PPLA3,51,J,23007,,23,3910
2521594,Arjona,Arjona,"Arjona,Arkhona,Arxona,a er huo na,arkhna,arkhwna,Архона,Արխոնա,آرخنا,أرخونا,阿尔霍纳",37.93493,-4.05478,P,PPLA3,51,J,23006,,23,5645
2521606,Ariany,Ariany,Ariany,39.65048,3.11055,P,PPLA3,07,PM,07901,,07,750
2521607,Arguisuelas,Arguisuelas,Arguisuelas,39.83333,-1.81667,P,PPLA3,54,CU,16024,,16,160
2521619,Argamasilla de Calatrava,Argamasilla de Calatrava,,38.72985,-4.07627,P,PPLA3,54,CR,13020,,13,5371
2521636,Arenas de San Juan,Arenas de San Juan,Arenas de San Juan,39.21861,-3.50211,P,PPLA3,54,CR,13018,,13,1083
2521637,Arenas del Rey,Arenas del Rey,Arenas del Rey,36.95799,-3.89362,P,PPLA3,51,GR,18020,,18,1978
2521642,Arenas,Arenas,Arenas,36.81625,-4.04411,P,PPLA3,51,MA,29019,,29,1200
2521661,Ardales,Ardales,,36.87804,-4.84694,P,PPLA3,51,MA,29018,,29,2631
2521664,Arcos de las Salinas,Arcos de las Salinas,"Arcos de las Salinas,Arkos-de-las-Salinas,a er ke si de la sa li na si,arks d las salynas,Аркос-де-лас-Салинас,Аркос-де-лас-Салінас,آرکس د لاس سالیناس,阿尔科斯德拉萨利纳斯",39.98333,-1.03333,P,PPLA3,52,TE,44026,,44,126
2521665,Arcos de la Frontera,Arcos de la Frontera,"Arcos,Arcos de la Frontera,Arkos-de-la-Frontera,a er ke si-de la fu long te la,aleukoseudelapeulontela,arkws dyla frwntyra,Аркос-де-ла-Фронтера,أركوس ديلا فرونتيرا,アルコス・デ・ラ・フロンテーラ,阿尔科斯-德拉弗龙特拉,아르코스데라프론테라",36.75075,-5.81056,P,PPLA3,51,CA,11006,,11,31210
2521673,Archidona,Archidona,"Archidona,a er qi duo na,arshdhwnt,Арчидона,أرشذونة,阿尔奇多纳",37.09654,-4.38869,P,PPLA3,51,MA,29017,,29,8506
2521674,Árchez,Archez,"Archez,Árchez",36.83992,-3.99208,P,PPLA3,51,MA,29016,,29,432
2521676,Archena,Archena,Archena,38.11631,-1.30043,P,PPLA3,31,MU,30009,,30,18202
2521683,Arboleas,Arboleas,,37.35024,-2.07384,P,PPLA3,51,AL,04017,,04,2614
2521692,Arafo,Arafo,"Arafo,Arato",28.33971,-16.42244,P,PPLA3,53,TF,38004,,38,5375
2521694,Aracena,Aracena,"Aracena,Arasena,a la sai na,arathyna,Арасена,أراثينا,阿拉塞纳",37.89396,-6.56116,P,PPLA3,51,H,21007,,21,7351
2521706,Antigua,Antigua,La Antigua,28.42307,-14.01379,P,PPLA3,53,GC,35003,,35,11948
2521710,Antequera,Antequera,"Anteguera,Antekera,Antequera,an te ke la,antqyrt,Антекера,أنتقيرة,安特克拉",37.01938,-4.56123,P,PPLA3,51,MA,29015,,29,45168
2521712,Antella,Antella,Antella,39.07977,-0.59195,P,PPLA3,60,V,46040,,46,1498
2521718,Añover de Tajo,Anover de Tajo,"Anover de Tajo,Añover de Tajo",39.98873,-3.76579,P,PPLA3,54,TO,45014,,45,5075
2521722,Anna,Anna,Anna,39.02029,-0.64621,P,PPLA3,60,V,46039,,46,2775
2521738,Andújar,Andujar,"Anducharas,Andujar,Andukhar,Andújar,an du ha er,andouharu,andwjr,andwkhar,Андухар,آندوخار,أندوجر,アンドゥハル,安杜哈尔",38.03922,-4.05077,P,PPLA3,51,J,23005,,23,37113
2521741,Andratx,Andratx,Andratx,39.57553,2.42017,P,PPLA3,07,PM,07005,,07,11685
2521744,Andilla,Andilla,Andilla,39.83333,-0.8,P,PPLA3,60,V,46038,,46,384
2521757,Anchuras,Anchuras,Anchuras,39.48059,-4.83381,P,PPLA3,54,CR,13017,,13,0
2521793,Altura,Altura,"Al'tura,Altura,altwra,Альтура,التورا",39.85,-0.51667,P,PPLA3,60,CS,12012,,12,3242
2521804,Altea,Altea,Altea,38.59878,-0.05151,P,PPLA3,60,A,03018,,03,23780
2521807,Altarejos,Altarejos,Altarejos,39.91258,-2.35692,P,PPLA3,54,CU,16019,,16,340
2521820,Alsodux,Alsodux,Alsodux,37.00247,-2.59476,P,PPLA3,51,AL,04015,,04,127
2521822,Alquife,Alquife,Alquife,37.18024,-3.11553,P,PPLA3,51,GR,18018,,18,813
2521830,Alpuente,Alpuente,"Alpont,Alpuente",39.86667,-1.01667,P,PPLA3,60,V,46036,,46,861
2521836,Alpera,Alpera,Alpera,38.95866,-1.23052,P,PPLA3,54,AB,02010,,02,2328
2521837,Alpandeire,Alpandeire,Alpandeire,36.63402,-5.20216,P,PPLA3,51,MA,29014,,29,285
2521838,Alozaina,Alozaina,Alozaina,36.72736,-4.85761,P,PPLA3,51,MA,29013,,29,2251
2521839,Alosno,Alosno,Alosno,37.54861,-7.1147,P,PPLA3,51,H,21006,,21,4341
2521845,Almussafes,Almussafes,"Almusafes,Almussafes",39.28333,-0.41667,P,PPLA3,60,V,46035,,46,7459
2521847,Almuñécar,Almunecar,"Al'mun'ekar,Almunecar,Almuñécar,Sexi Firmum Iulium,a er mu nie ka er,almnkb,almunyekaleu,arumunyekaru,Альмуньекар,Альмуньєкар,المنكب,アルムニェーカル,阿尔穆涅卡尔,알무녜카르",36.73246,-3.69173,P,PPLA3,51,GR,18017,,18,27696
2521850,Almudaina,Almudaina,Almudaina,38.75999,-0.35149,P,PPLA3,60,A,03016,,03,113
2521857,Almonte,Almonte,"Al'monte,Almonte,a er meng te,almwnt  aspanya,almwnty,Альмонте,Ալմոնտե,ألمونتي,المونت، اسپانیا,阿尔蒙特",37.2647,-6.51667,P,PPLA3,51,H,21005,,21,25751
2521861,Almonacid del Marquesado,Almonacid del Marquesado,,39.82344,-2.7677,P,PPLA3,54,CU,16018,,16,523
2521863,Almoines,Almoines,Almoines,38.94325,-0.18155,P,PPLA3,60,V,46034,,46,1668
2521864,Almoharín,Almoharin,"Almoharin,Almoharín",39.17685,-6.04283,P,PPLA3,57,CC,10020,,10,2040
2521866,Almogía,Almogia,"Almogia,Almogía,Almojia",36.8255,-4.5407,P,PPLA3,51,MA,29011,,29,4231
2521867,Almodóvar del Río,Almodovar del Rio,"Almodovar del Rio,Almodóvar del Río",37.8107,-5.02037,P,PPLA3,51,CO,14005,,14,7486
2521868,Almodóvar del Pinar,Almodovar del Pinar,"Almodovar del Pinar,Almodóvar del Pinar",39.71667,-1.88333,P,PPLA3,54,CU,16017,,16,512
2521869,Almodóvar del Campo,Almodovar del Campo,"Almodovar,Almodovar del Campo,Almodóvar del Campo",38.70936,-4.17908,P,PPLA3,54,CR,13015,,13,6893
2521871,Almócita,Almocita,"Almocita,Almorcita,Almócita,Almórcita",37.00262,-2.79051,P,PPLA3,51,AL,04014,,04,167
2521873,Almiserà,Almisera,"Almisera,Almiserat,Almiserà",38.91667,-0.28333,P,PPLA3,60,V,46033,,46,262
2521886,Almería,Almeria,"Al'meri,Al'merija,Al'meryja,Almeria,Almerija,Almerio,Almería,LEI,Unci,a er mei li ya,almelia,almeriya,almrya,almryt,almyrya,arumeria,Αλμερία,Алмерия,Алмерија,Альмери,Альмерия,Альмерыя,Альмерія,Ալմերիա,אלמריה,آلمریا,ألمرية,المریہ,المیریا,अल्मेरिया,आल्मेरिया,அல்மேரீயா,アルメリア,阿尔梅里亚,알메리아",36.83814,-2.45974,P,PPLA2,51,AL,04013,,04,196851
2521887,Almensilla,Almensilla,Almensilla,37.31099,-6.10998,P,PPLA3,51,SE,41010,,41,4883
2521893,Almendralejo,Almendralejo,"Al'mendralekho,Almendralechas,Almendralejo,Almendraleju,Almendralekho,a er men de la lai huo,almndralykhw,Алмендралехо,Альмендралехо,ألمندراليخو,阿尔门德拉莱霍",38.68316,-6.40747,P,PPLA3,57,BA,06011,,06,33468
2521894,Almendral,Almendral,"Al'mendral',Almendral,a er men de la er,almndral,almyndral,Алмендрал,Альмендраль,آلمندرال,الميندرال,阿尔门德拉尔",38.61418,-6.82097,P,PPLA3,57,BA,06010,,06,1327
2521899,Almenara,Almenara,,39.75,-0.21667,P,PPLA3,60,CS,12011,,12,5031
2521903,Almegíjar,Almegijar,"Almegijar,Almegíjar",36.90258,-3.30122,P,PPLA3,51,GR,18016,,18,479
2521905,Almedinilla,Almedinilla,,37.43902,-4.09052,P,PPLA3,51,CO,14004,,14,2561
2521906,Almedina,Almedina,Almedina,38.62453,-2.95382,P,PPLA3,54,CR,13014,,13,697
2521908,Almedíjar,Almedijar,"Almedijar,Almedíjar",39.86667,-0.4,P,PPLA3,60,CS,12010,,12,267
2521913,Almargen,Almargen,Almargen,37.0021,-5.02178,P,PPLA3,51,MA,29010,,29,2054
2521917,Almaraz,Almaraz,Almaraz,39.81416,-5.67698,P,PPLA3,57,CC,10019,,10,1306
2521923,Almansa,Almansa,"Al'mansa,Almansa,a er man sa,almansa,almnsy,yan man sha,Альманса,آلمانسا,المنسى,阿尔曼萨,顏曼莎",38.86917,-1.09713,P,PPLA3,54,AB,02009,,02,24537
2521928,Almagro,Almagro,Almagro,38.88941,-3.71131,P,PPLA3,54,CR,13013,,13,8546
2521937,Almadén de la Plata,Almaden de la Plata,"Almaden de la Plata,Almadén de la Plata",37.87221,-6.08085,P,PPLA3,51,SE,41009,,41,0
2521938,Almadén,Almaden,"Al'maden,Almaden,Almadenas,Almadén,a er ma deng,almadeni,almadn,Альмаден,المادن,ალმადენი,阿尔马登",38.77541,-4.83156,P,PPLA3,54,CR,13011,,13,4855
2521945,Almáchar,Almachar,"Almachar,Almáchar",36.80892,-4.21614,P,PPLA3,51,MA,29009,,29,1909
2521950,Aljucén,Aljucen,"Aljucen,Aljucén",39.04425,-6.33109,P,PPLA3,57,BA,06009,,06,246
2521964,Aljaraque,Aljaraque,Aljaraque,37.26989,-7.02313,P,PPLA3,51,H,21002,,21,17960
2521972,Aliseda,Aliseda,Aliseda,39.42329,-6.69228,P,PPLA3,57,CC,10018,,10,1894
2521974,Alicún de Ortega,Alicun de Ortega,"Alicun de Ortega,Alicún de Ortega",37.60898,-3.13648,P,PPLA3,51,GR,18015,,18,566
2521975,Alicún,Alicun,"Alicun,Alicún",36.9658,-2.60212,P,PPLA3,51,AL,04012,,04,251
2521978,Alicante,Alicante,"A-li-kham-thit,ALC,Akra Leuke,Alacant,Alacante,Alacanti,Alakanto,Alicant,Alicante,Alikante,Alikanteh,Alikantė,Alíkante,Lucentum,a li kan te,alalaqant,alikante,allikante,alykant,alykanth,arikante,xa li kan te,Â-li-kham-thi̍t,Αλικάντε,Аликанте,Аліканте,Алікантэ,Ալիկանտե,אליקנטה,آلیکانته,ألَلَقَنْت,الیکانت,الیکانتے,आलिकांते,आलिकान्ते,อาลีกันเต,ალიკანტე,アリカンテ,阿利坎特,알리칸테",38.34517,-0.48149,P,PPLA2,60,A,03014,,03,348901
2521980,Aliaguilla,Aliaguilla,Aliaguilla,39.74143,-1.32567,P,PPLA3,54,CU,16014,,16,828
2521981,Alía,Alia,"Alia,Alija,Alía,a li ya,alya,Алиа,Алія,أليا,阿利亚",39.44803,-5.21754,P,PPLA3,57,CC,10017,,10,1169
2521984,Alhendín,Alhendin,,37.10879,-3.64557,P,PPLA3,51,GR,18014,,18,4899
2521985,Alhaurín el Grande,Alhaurin el Grande,"Al'khaurin-ehl'-Grande,Alaurin-ehl'-Grande,Alaurin-el'-Grande,Alhaurin el Grande,Alhaurín el Grande,a er ao li nei er ge lan de,alawryn la ghrandy,Алаурин-эль-Гранде,Алаурін-ель-Гранде,Альхаурин-эль-Гранде,ألاورين لا غراندي,阿尔奥里内尔格兰德",36.643,-4.68728,P,PPLA3,51,MA,29008,,29,23319
2521986,Alhaurín de la Torre,Alhaurin de la Torre,"Al'khaurin-de-la-Torre,Alaurin de la Tore,Alaurin-de-la-Torre,a er ao lin de la tuo lei,alhaywryn dw la twr,brj alhwaryyn,Алаурин-де-ла-Торре,Алаурін-де-ла-Торре,Альхаурин-де-ла-Торре,Ալաուրին դե լա Տոռե,الهائورین دو لا تور,برج الهواريين,阿尔奥林德拉托雷",36.66401,-4.56139,P,PPLA3,51,MA,29007,,29,35114
2521991,Alhambra,Alhambra,Alhambra,38.89925,-3.05333,P,PPLA3,54,CR,13010,,13,1177
2521992,Alhama de Murcia,Alhama de Murcia,"Al'khama-de-Mursija,Alama-de-Mursija,Alfama de Murcia,Alhama,Alhama de Murcia,Alhama de Múrcia,a er a ma de mu er xi ya,alama dy mrsyt,Алама-де-Мурсія,Альхама-де-Мурсия,ألاما دي مرسية,阿尔阿马德穆尔西亚",37.85103,-1.42507,P,PPLA3,31,MU,30008,,30,19860
2521993,Alhama de Granada,Alhama de Granada,"Al'khama-de-Granada,Alama-de-Granada,Alhama,Alhama de Granada,a er a ma de ge la na da,alama dy ghranada,Алама-де-Гранада,Альхама-де-Гранада,ألاما دي غرانادا,阿尔阿马德格拉纳达",37.00689,-3.98963,P,PPLA3,51,GR,18013,,18,6080
2521994,Alhama de Almería,Alhama de Almeria,"Al'khama-de-Al'meria,Alama-de-Al'merija,Alhama,Alhama de Almeria,Alhama de Almería,Alkhama de Almerija,a er a ma de ya er mei li ya,alama d almrya,hmt almryt,Алама-де-Альмерія,Алхама де Алмерија,Альхама-де-Альмериа,آلاما د آلمریا,حمة المرية,阿尔阿马德亚尔梅里亚",36.95692,-2.56861,P,PPLA3,51,AL,04011,,04,3374
2521998,Alhabia,Alhabia,Alhabia,36.99003,-2.58655,P,PPLA3,51,AL,04010,,04,681
2521999,Algueña,Alguena,"Al'gen'ja,Alguena,Algueña,L'Alguenya,LAlguenya,a er ge ni ya,alghynya,algwynya,Альгенья,آلگوئنیا,ألغينيا,阿尔格尼亚",38.33905,-1.00433,P,PPLA3,60,A,03013,,03,1453
2522000,Alguazas,Alguazas,Alguazas,38.05356,-1.25051,P,PPLA3,31,MU,30007,,30,7725
2522001,Algorfa,Algorfa,"Al'gorfa,Algorfa,a er ge er fa,alghrft,algwrfa,Альгорфа,آلگورفا,الغرفة,阿尔戈尔法",38.08636,-0.79646,P,PPLA3,60,A,03012,,03,2111
2522005,Algodonales,Algodonales,,36.88044,-5.40536,P,PPLA3,51,CA,11005,,11,5672
2522007,Alginet,Alginet,Alginet,39.26667,-0.46667,P,PPLA3,60,V,46031,,46,13226
2522008,Algimia de Almonacid,Algimia de Almonacid,"Algimia d'Almonesir,Algimia de Almonacid",39.91667,-0.43333,P,PPLA3,60,CS,12008,,12,267
2522009,Algimia de Alfara,Algimia de Alfara,"Algimia de Alfara,Algimia de la Baronia",39.75,-0.36667,P,PPLA3,60,V,46030,,46,959
2522012,Algemesí,Algemesi,"Al'khemesi,Aldzhemezi,Algemesi,Algemesí,a er he mei xi,Алджемезі,Альхемеси,阿尔赫梅西",39.19042,-0.43572,P,PPLA3,60,V,46029,,46,27285
2522013,Algeciras,Algeciras,"AEI,Al Jezita,Al'khesiras,Alchesirasas,Alchethiras,Alchezira,Algeciras,Algecires,Algesiras,Algesires,Algésiras,Alkhesiras,Alxeciras,a er he xi la si,alghykras,alhesilaseu,alkhythyras,aruheshirasu,Αλχεθίρας,Алхесирас,Альхесирас,Альхесірас,الجزيرة الخضراء,الخيثيراس,الغیکراس,アルヘシラス,阿尔赫西拉斯,알헤시라스",36.13326,-5.45051,P,PPLA3,51,CA,11004,,11,121414
2522014,Algatocín,Algatocin,,36.57356,-5.27554,P,PPLA3,51,MA,29006,,29,934
2522019,Algarrobo,Algarrobo,"Algarrobe,Algarrobo",36.77388,-4.03952,P,PPLA3,51,MA,29005,,29,5073
2522022,Algarra,Algarra,Algarra,40,-1.43333,P,PPLA3,54,CU,16013,,16,37
2522023,Algarinejo,Algarinejo,Algarmejo,37.32526,-4.1585,P,PPLA3,51,GR,18012,,18,4243
2522031,Algar,Algar,Algar,36.65748,-5.65558,P,PPLA3,51,CA,11003,,11,1637
2522032,Algámitas,Algamitas,"Algamitas,Algámitas",37.01516,-5.14949,P,PPLA3,51,SE,41008,,41,1335
2522036,Algaida,Algaida,Algaida,39.55899,2.89541,P,PPLA3,07,PM,07004,,07,4258
2522044,Alfondeguilla,Alfondeguilla,"Alfondeguilla,Fondeguilla",39.83333,-0.26667,P,PPLA3,60,CS,12007,,12,858
2522046,Alfarrasí,Alfarrasi,"Alfarrasi,Alfarrassi,Alfarrassí,Alfarrasí",38.9,-0.5,P,PPLA3,60,V,46027,,46,1272
2522047,Alfarp,Alfarp,"Al'farp,Alfarb,Alfarp,a er fa er pu,alfarp,Альфарп,آلفارپ,阿尔法尔普",39.28333,-0.55,P,PPLA3,60,V,46026,,46,1369
2522049,Alfarnatejo,Alfarnatejo,,36.9957,-4.26064,P,PPLA3,51,MA,29004,,29,397
2522050,Alfarnate,Alfarnate,Alfarnate,36.99426,-4.25929,P,PPLA3,51,MA,29003,,29,1420
2522052,Alfara del Patriarca,Alfara del Patriarca,"Alfara,Alfara del Patriarca",39.55,-0.38333,P,PPLA3,60,V,46025,,46,2779
2522053,Alfara de Algimia,Alfara de Algimia,"Alfara d'Algimia,Alfara de Algimia",39.76667,-0.35,P,PPLA3,60,V,46024,,46,487
2522055,Alfauir,Alfauir,"Alfahuir,Alfauir",38.93333,-0.25,P,PPLA3,60,V,46023,,46,381
2522056,Alfafara,Alfafara,"Alfafara,Alfarara",38.77339,-0.55551,P,PPLA3,60,A,03010,,03,437
2522057,Alfafar,Alfafar,"Al'fafar,Alfafar,a er fa fa er,Алфафар,Альфафар,阿尔法法尔",39.41667,-0.38333,P,PPLA3,60,V,46022,,46,20853
2522058,Alfacar,Alfacar,,37.23744,-3.56807,P,PPLA3,51,GR,18011,,18,4949
2522063,Aldeire,Aldeire,Aldeire,37.16012,-3.07204,P,PPLA3,51,GR,18010,,18,742
2522065,Aldeaquemada,Aldeaquemada,Aldeaquemada,38.41215,-3.37137,P,PPLA3,51,J,23004,,23,529
2522066,Aldeanueva de San Bartolomé,Aldeanueva de San Bartolome,"Aldeanueva de San Bartolome,Aldeanueva de San Bartolomé",39.63608,-5.11307,P,PPLA3,54,TO,45010,,45,517
2522067,Aldeanueva de Barbarroya,Aldeanueva de Barbarroya,Aldeanueva de Barbarroya,39.75934,-5.02287,P,PPLA3,54,TO,45009,,45,733
2522072,Aldea del Rey,Aldea del Rey,Aldea del Rey,38.7383,-3.84017,P,PPLA3,54,CR,13009,,13,2024
2522073,Aldea del Cano,Aldea del Cano,Aldea del Cano,39.28874,-6.31806,P,PPLA3,57,CC,10012,,10,746
2522074,Aldeacentenera,Aldeacentenera,Aldeacentenera,39.52725,-5.62936,P,PPLA3,57,CC,10011,,10,904
2522077,Aldaia,Aldaia,"Al'dajja,Aldaia,Aldaya,Альдайя",39.46569,-0.46005,P,PPLA3,60,V,46021,,46,31492
2522079,Alcuéscar,Alcuescar,"Alcuescar,Alcuéscar",39.18091,-6.22917,P,PPLA3,57,CC,10010,,10,3057
2522081,Alcudia de Veo,Alcudia de Veo,Alcudia de Veo,39.91667,-0.35,P,PPLA3,60,CS,12006,,12,206
2522082,Alcudia de Monteagud,Alcudia de Monteagud,Alcudia de Monteagud,37.23529,-2.2665,P,PPLA3,51,AL,04009,,04,175
2522091,Alcúdia,Alcudia,"Alcudia,Alcúdia",39.85316,3.12138,P,PPLA3,07,PM,07003,,07,19793
2522094,Alcublas,Alcublas,"Alcublas,Les Alcubles",39.8,-0.7,P,PPLA3,60,V,46018,,46,794
2522096,Alcubillas,Alcubillas,Alcubillas,38.75312,-3.13407,P,PPLA3,54,CR,13008,,13,685
2522098,Alcoy,Alcoy,"Al'ka,Al'koj,Alco,Alcodium,Alcoi,Alcoy,Alkoj,Alkojus,a er ke yi,alkwy,arukoi,Алкој,Алька,Алькой,آلکوی,ألكوي,アルコイ,阿尔科伊",38.70545,-0.47432,P,PPLA3,60,A,03009,,03,61552
2522108,Alcóntar,Alcontar,"Alcontar,Alcóntar",37.33647,-2.59725,P,PPLA3,51,AL,04008,,04,669
2522110,Alconera,Alconera,Alconera,38.4,-6.46667,P,PPLA3,57,BA,06008,,06,767
2522111,Alconchel de la Estrella,Alconchel de la Estrella,Alconchel de la Estrella,39.71963,-2.57366,P,PPLA3,54,CU,16012,,16,172
2522112,Alconchel,Alconchel,Alconchel,38.51648,-7.07161,P,PPLA3,57,BA,06007,,06,1980
2522114,Alcollarín,Alcollarin,"Alcollarin,Alcollarín",39.2447,-5.73924,P,PPLA3,57,CC,10009,,10,300
2522116,Alcolea de Tajo,Alcolea de Tajo,Alcolea de Tajo,39.80966,-5.14738,P,PPLA3,54,TO,45007,,45,822
2522117,Alcolea del Río,Alcolea del Rio,"Alcolea,Alcolea del Rio,Alcolea del Río",37.61506,-5.66694,P,PPLA3,51,SE,41006,,41,3339
2522118,Alcolea de Calatrava,Alcolea de Calatrava,Alcolea de Calatrava,38.9868,-4.11597,P,PPLA3,54,CR,13007,,13,1634
2522121,Alcolea,Alcolea,,36.97458,-2.9615,P,PPLA3,51,AL,04007,,04,1012
2522124,Alcocer de Planes,Alcocer de Planes,"Alcocer de Planes,Alcosser de Planes",38.79501,-0.40244,P,PPLA3,60,A,03007,,03,189
2522128,Alcoba,Alcoba,Alcoba,39.25988,-4.47715,P,PPLA3,54,CR,13006,,13,738
2522129,Alzira,Alzira,"Al'sira,Alchezira,Alcira,Alsira,Alzira,a er xi la,alzyra,alzyra  walnsya,jzyrt shqr,Алзіра,Альсира,Ալսիրա,الزیرا,الزیرا، والنسیا,جزيرة شقر,阿尔西拉",39.15,-0.43333,P,PPLA3,60,V,46017,,46,44393
2522131,Alcázar de San Juan,Alcazar de San Juan,"Al'kasar-de-San-Khuan,Alcazar,Alcazar de Consuegra,Alcázar,Alcázar de Consuegra,a er ka sa er de sheng hu an,alkzar dy san khwan,Алькасар-де-Сан-Хуан,الكزار دي سان خوان,阿尔卡萨尔德圣胡安",39.39011,-3.20827,P,PPLA3,54,CR,13005,,13,30686
2522137,Alcaudete,Alcaudete,Alcaudete,37.59091,-4.08237,P,PPLA3,51,J,23003,,23,11135
2522138,Alcaucín,Alcaucin,,36.90301,-4.11406,P,PPLA3,51,MA,29002,,29,1697
2522143,Alcaraz,Alcaraz,"Al'karas,Alcaraz,alkaras,alkrz  albsyt,Алькарас,آلکاراس,الكرز، البسيط",38.6668,-2.49105,P,PPLA3,54,AB,02008,,02,1761
2522146,Alcaracejos,Alcaracejos,"Al'karasekhos,Alcaracejos,Alcaraces,Alcarazejos,a er ka la sai huo si,alkarakykhws  qrtbt,Алькарасехос,الكاراكيخوس، قرطبة,阿尔卡拉塞霍斯",38.38333,-4.96667,P,PPLA3,51,CO,14003,,14,1458
2522152,Alcantarilla,Alcantarilla,"Al'kantaril'ja,Alcantarilla,Алькантарилья",37.96939,-1.21714,P,PPLA3,31,MU,30005,,30,41084
2522153,Alcàntera de Xúquer,Alcantera de Xuquer,"Alcantara de Jucar,Alcantera de Xuquer,Alcàntera de Xúquer,Alcántara de Júcar",39.06667,-0.55,P,PPLA3,60,V,46016,,46,1380
2522155,Alcántara,Alcantara,"Al'kantara,Alcantara,Alcántara,Alcântara,Alkantara,Bruecke von Alcantara,Brücke von Alcántara,a er kan ta la,alkantala,alkntara,arukantara,Αλκάνταρα,Алькантара,الكنتارا,アルカンタラ,阿尔坎塔拉,알칸타라",39.71895,-6.88375,P,PPLA3,57,CC,10008,,10,1713
2522157,Alcañizo,Alcanizo,"Alcanizo,Alcañizo",39.90315,-5.10588,P,PPLA3,54,TO,45005,,45,314
2522159,Alcalalí,Alcalali,"Al'kalali,Alcalali,Alcalalí,Alkalali,a er ka la li,alkalaly,benarossa gardens,Алкалалі,Алькалали,آلکالالی,ألكالالي,阿尔卡拉利",38.75038,-0.04013,P,PPLA3,60,A,03006,,03,1299
2522160,Alcalá la Real,Alcala la Real,"Aebura,Al'kala-la-Real',Alcala la Real,Alcalá la Real,Ebora,a er ka la la lei ya er,alkala la ryal,Алькала-ла-Реаль,آلکالا لا رئال,ألكالا لا ريال,アルカラ・ラ・レアル,阿尔卡拉拉雷亚尔",37.4614,-3.92301,P,PPLA3,51,J,23002,,23,22783
2522161,Alcalá del Valle,Alcala del Valle,"Al'kala-del'-Val'e,Alcala del Valle,Alcalá del Valle,Alkala del Valye,alkala dl wal,alkala dyl faly,ba lie bao,Алькала-дель-Валье,Алькала-дель-Вальє,Ալկալա դել Վալյե,الكالا ديل فالي,الکالا دل وال,巴列堡",36.90448,-5.1724,P,PPLA3,51,CA,11002,,11,5323
2522162,Alcalá de los Gazules,Alcala de los Gazules,"Alcala de los Gazules,Alcalá de los Gazules",36.46212,-5.72382,P,PPLA3,51,CA,11001,,11,5639
2522163,Alcalá del Júcar,Alcala del Jucar,"Alcala de Jucar,Alcala del Jucar,Alcalá de Jucar,Alcalá del Júcar",39.19313,-1.43017,P,PPLA3,54,AB,02007,,02,1397
2522177,Alcadozo,Alcadozo,Alcadozo,38.64916,-1.97998,P,PPLA3,54,AB,02006,,02,789
2522180,Alcabón,Alcabon,"Alcabon,Alcabón",40.00224,-4.36852,P,PPLA3,54,TO,45004,,45,688
2522183,Alburquerque,Alburquerque,Alburquerque,39.22076,-7.00234,P,PPLA3,57,BA,06006,,06,5619
2522185,Albuñuelas,Albunuelas,,36.92828,-3.63184,P,PPLA3,51,GR,18007,,18,1063
2522187,Albuñol,Albunol,,36.79203,-3.205,P,PPLA3,51,GR,18006,,18,6157
2522188,Albuñán,Albunan,"Albunan,Albuñán",37.22708,-3.13321,P,PPLA3,51,GR,18005,,18,467
2522191,Albuixech,Albuixech,"Albuixec,Albuixech",39.55,-0.31667,P,PPLA3,60,V,46014,,46,3443
2522197,Albudeite,Albudeite,Albudeite,38.02895,-1.38664,P,PPLA3,31,MU,30004,,30,1502
2522200,Albox,Albox,,37.38856,-2.14949,P,PPLA3,51,AL,04006,,04,11178
2522202,Alborea,Alborea,Alborea,39.28333,-1.38333,P,PPLA3,54,AB,02005,,02,795
2522203,Alboraya,Alboraya,"Al'boraja,Al'borajja,Alboraia,Alboraya,a er wo lai a,albraya,Альборайя,Альборая,Ալբորայա,آلبرایا,阿尔沃赖阿",39.5,-0.35,P,PPLA3,60,V,46013,,46,24222
2522206,Alborache,Alborache,"Alborache,Alboraig",39.38333,-0.76667,P,PPLA3,60,V,46012,,46,948
2522207,Albondón,Albondon,,36.8277,-3.21144,P,PPLA3,51,GR,18004,,18,916
2522208,Albolote,Albolote,,37.23088,-3.6551,P,PPLA3,51,GR,18003,,18,17089
2522222,Alberic,Alberic,"Alberic,Alberique",39.11667,-0.51667,P,PPLA3,60,V,46011,,46,11175
2522228,Albatera,Albatera,"Al'batera,Albatera,a er wa te la,albatra,albatyra,Альбатера,آلباترا,ألباتيرا,阿尔瓦特拉",38.17902,-0.87059,P,PPLA3,60,A,03005,,03,11745
2522229,Albatana,Albatana,Albatana,38.57057,-1.5221,P,PPLA3,54,AB,02004,,02,855
2522231,Albarreal de Tajo,Albarreal de Tajo,Albarreal de Tajo,39.89698,-4.22895,P,PPLA3,54,TO,45003,,45,670
2522242,Albanchez,Albanchez,"Albanchez,Albánchez",37.28361,-2.18229,P,PPLA3,51,AL,04004,,04,747
2522243,Albalat dels Tarongers,Albalat dels Tarongers,"Albalat,Albalat de Segart,Albalat de Taronchers,Albalat dels Taronchers,Albalat dels Tarongers",39.7,-0.33333,P,PPLA3,60,V,46010,,46,799
2522244,Albalat dels Sorells,Albalat dels Sorells,Albalat dels Sorells,39.54358,-0.3456,P,PPLA3,60,V,46009,,46,3493
2522245,Albalat de la Ribera,Albalat de la Ribera,"Al'balat-de-la-Ribera,Albalat de la Ribera,Albalat-de-la-Ribera,a er wa la te de la li wei la,albalat d la rybra,albalat dy la rybyra,Албалат-де-ла-Рібера,Альбалат-де-ла-Рибера,آلبالات د لا ریبرا,ألبالات دي لا ريبيرا,阿尔瓦拉特德拉里韦拉",39.2,-0.38333,P,PPLA3,60,V,46008,,46,3444
2522246,Albaladejo del Cuende,Albaladejo del Cuende,"Albaladejo,Albaladejo del Cuende",39.80684,-2.22903,P,PPLA3,54,CU,16004,,16,376
2522247,Albaladejo,Albaladejo,"Albadalejo,Albaladejo",38.61887,-2.80784,P,PPLA3,54,CR,13004,,13,1570
2522249,Albalá,Albala,"Albala,Albalá",39.25592,-6.18528,P,PPLA3,57,CC,10007,,10,899
2522250,Albal,Albal,Albal,39.4,-0.41667,P,PPLA3,60,V,46007,,46,15443
2522251,Albaida del Aljarafe,Albaida del Aljarafe,Albaida del Aljarafe,37.42354,-6.16675,P,PPLA3,51,SE,41003,,41,2268
2522253,Albaida,Albaida,Albaida,38.83798,-0.51721,P,PPLA3,60,V,46006,,46,6257
2522258,Albacete,Albacete,"ABC,Al'basete,Al'baseteh,Albacet,Albacete,Albasete,Albasetė,a er wa sai te,albasete,albasth,albasyty,albsyt,arubasete,bsyt,Албасете,Альбасете,Альбасетэ,אלבסטה,آلباسته,الباسيتي,الباچیتے,البسيط,بسيط,アルバセテ,阿尔瓦塞特,阿爾瓦塞特,알바세테",38.99424,-1.85643,P,PPLA2,54,AB,02003,,02,173050
2522259,Alaior,Alaior,"Alaior,Alayor",39.93034,4.14039,P,PPLA3,07,PM,07002,,07,8671
2522260,Alatoz,Alatoz,Alatoz,39.09495,-1.36098,P,PPLA3,54,AB,02002,,02,585
2522261,Alaró,Alaro,"Alaro,Alaró",39.70441,2.79181,P,PPLA3,07,PM,07001,,07,4707
2522265,Alarcón,Alarcon,"Alarcon,Alarcón",39.55,-2.08333,P,PPLA3,54,CU,16003,,16,187
2522267,Alanís,Alanis,"Alanis,Alanís",38.03333,-5.71667,P,PPLA3,51,SE,41002,,41,0
2522284,Alamillo,Alamillo,Alamillo,38.67842,-4.79008,P,PPLA3,54,CR,13003,,13,0
2522286,Alamedilla,Alamedilla,Alamedilla,37.58232,-3.24241,P,PPLA3,51,GR,18002,,18,815
2522291,Alameda,Alameda,Alameda,37.2087,-4.6586,P,PPLA3,51,MA,29001,,29,5241
2522294,Alájar,Alajar,"Alajar,Alájar",37.87408,-6.66536,P,PPLA3,51,H,21001,,21,0
2522297,Alaquàs,Alaquas,"Alacuas,Alacuás,Alakuas,Alaquas,Alaquàs,Алакуас",39.45568,-0.461,P,PPLA3,60,V,46005,,46,29341
2522299,Ajofrín,Ajofrin,,39.71088,-3.9822,P,PPLA3,54,TO,45001,,45,2183
2522312,Ahillones,Ahillones,Ahillones,38.26667,-5.85,P,PPLA3,57,BA,06003,,06,1101
2522318,Agulo,Agulo,Agulo,28.18778,-17.19678,P,PPLA3,53,TF,38002,,38,1252
2522319,Agullent,Agullent,Agullent,38.82273,-0.54833,P,PPLA3,60,V,46004,,46,2352
2522325,Agüimes,Aguimes,"Agueimes,Aguimes,Agvimes,Agüimes,Агвимес,Агуимес",27.90539,-15.44609,P,PPLA3,53,GC,35002,,35,28924
2522333,Águilas,Aguilas,"Agilas,Agudas,Aguilas,a ji la si,aghylas,agillaseu,agirasu,Águilas,Агилас,Агілас,أغيلاس,アギラス,阿吉拉斯,아길라스",37.4063,-1.58289,P,PPLA3,31,MU,30003,,30,34533
2522335,Aguilar,Aguilar,Aguilar de la Frontera,37.51476,-4.65717,P,PPLA3,51,CO,14002,,14,13509
2522359,Agudo,Agudo,Agudo,38.98183,-4.87133,P,PPLA3,54,CR,13002,,13,0
2522366,Aigües,Aiguees,"Aguas de Busot,Aiguees,Aigues,Aigües",38.5,-0.35,P,PPLA3,60,A,03004,,03,963
2522387,Aguadulce,Aguadulce,Aguadulce,37.25273,-4.99269,P,PPLA3,51,SE,41001,,41,1989
2522412,Agrón,Agron,"Agron,Agrón",37.03023,-3.8287,P,PPLA3,51,GR,18001,,18,300
2522416,Agres,Agres,"Agres,a ge lei si,aghrys,agrs,Агрес,آگرس,أغريس,阿格雷斯",38.78333,-0.51667,P,PPLA3,60,A,03003,,03,709
2522419,Agost,Agost,"Agost,a ge si te,aghwst,dhstan agst,Агост,Ագոստ,أغوست,دهستان آگست,阿戈斯特",38.44003,-0.63836,P,PPLA3,60,A,03002,,03,4593
2522423,Agaete,Agaete,"Agaehte,Agaete,a gai te,agaete,aghayty,Агаете,Агаэте,أغايتي,アガエテ,阿盖特",28.10023,-15.69998,P,PPLA3,53,GC,35001,,35,5459
2522425,Atzeneta d'Albaida,Atzeneta d'Albaida,"Adzaneta de Albaida,Atzeneta d'Albaida",38.83333,-0.5,P,PPLA3,60,V,46003,,46,1344
2522428,Adsubia,Adsubia,"Adsubia,L'Atzuvia,L'Atzúvia",38.84819,-0.15324,P,PPLA3,60,A,03001,,03,678
2522430,Adra,Adra,"Abdera,Adra,Адра",36.74831,-3.02076,P,PPLA3,51,AL,04003,,04,24373
2522432,Ador,Ador,Ador,38.91823,-0.22247,P,PPLA3,60,V,46002,,46,1346
2522437,Adeje,Adeje,"Adeche,Adechė,Adeje,Adekhe,Costa Adeje,a de he,adykhy,Адехе,أديخي,阿德赫",28.12271,-16.726,P,PPLA3,53,TF,38001,,38,43204
2522438,Adamuz,Adamuz,Adamuz,38.02674,-4.52231,P,PPLA3,51,CO,14001,,14,4383
2522446,Aceuchal,Aceuchal,"Acebuchal,Acenchal,Aceuchal",38.64627,-6.48636,P,PPLA3,57,BA,06002,,06,5408
2522460,Acedera,Acedera,,39.07678,-5.57384,P,PPLA3,57,BA,06001,,06,844
2522474,Alcalá del Río,Alcala del Rio,"Alcala,Alcala del Rio,Alcalá,Alcalá del Río",37.5178,-5.98185,P,PPLA3,51,SE,41005,,41,10869
2522476,Abrucena,Abrucena,Abrucena,37.13226,-2.79711,P,PPLA3,51,AL,04002,,04,1379
2522483,Abla,Abla,"Abla,Abula,Aebura",37.14245,-2.77808,P,PPLA3,51,AL,04001,,04,1480
2522486,Abertura,Abertura,Abertura,39.24352,-5.81394,P,PPLA3,57,CC,10002,,10,509
2522488,Abenójar,Abenojar,"Abenojar,Abenójar",38.88032,-4.35702,P,PPLA3,54,CR,13001,,13,1683
2522490,Abengibre,Abengibre,Abengibre,39.21667,-1.53333,P,PPLA3,54,AB,02001,,02,991
2522505,Abanilla,Abanilla,"Abanil'ja,Abanilla,Albanilla,Avanigia,Fabaniella,Favanella,La Zarza de Abanilla,a wa ni li ya,abanya,Αβανίγια,Абанилья,Абанілья,أبانيا,阿瓦尼利亚",38.20537,-1.04153,P,PPLA3,31,MU,30001,,30,6510
2565056,Punta Umbría,Punta Umbria,"Punta Umbria,Punta Umbría",37.18213,-6.96605,P,PPLA3,51,H,21060,,21,14708
3104213,Zúñiga,Zuniga,,42.69247,-2.29982,P,PPLA3,32,NA,31265,,31,191
3104214,Zuñeda,Zuneda,"Zuneda,Zuñeda",42.60501,-3.22632,P,PPLA3,55,BU,09485,,09,61
3104218,Zumaia,Zumaia,"Zumaia,Zumaya",43.29469,-2.25341,P,PPLA3,59,SS,20081,,20,8751
3104219,Zumarraga,Zumarraga,"Sumaraga,Sumarraga,Zumarraga,Zumárraga,su ma la jia,sumalaga,sumaraga,thwmaragha,Сумарага,Сумаррага,Սումառագա,ثوماراغا,スマラガ,苏马拉加,수마라가",43.08858,-2.31408,P,PPLA3,59,SS,20080,,20,9834
3104223,Zugarramurdi,Zugarramurdi,Zugarramurdi,43.26964,-1.54113,P,PPLA3,32,NA,31264,,31,227
3104226,Zuera,Zuera,"Suehra,Suera,Zuera,su ai la,thwyra,Суера,Суэра,ثويرا,苏埃拉",41.86775,-0.78984,P,PPLA3,52,Z,50298,,50,6098
3104228,Zucaina,Zucaina,"Sucaina,Zucaina",40.11667,-0.41667,P,PPLA3,60,CS,12142,,12,196
3104233,Zubieta,Zubieta,,43.12473,-1.74219,P,PPLA3,32,NA,31263,,31,292
3104252,Zotes del Páramo,Zotes del Paramo,"Zotes del Paramo,Zotes del Páramo",42.27268,-5.73617,P,PPLA3,55,LE,24230,,24,572
3104257,Zorraquín,Zorraquin,"Zorraquin,Zorraquín",42.32565,-3.03925,P,PPLA3,27,LO,26183,,26,53
3104260,Zorita de los Canes,Zorita de los Canes,Zorita de los Canes,40.33052,-2.88764,P,PPLA3,54,GU,19335,,19,99
3104261,Zorita del Maestrazgo,Zorita del Maestrazgo,"Sorita,Zorita,Zorita del Maestrazgo",40.72817,-0.16667,P,PPLA3,60,CS,12141,,12,132
3104263,Zorita de la Frontera,Zorita de la Frontera,Zorita de la Frontera,41.01453,-5.19659,P,PPLA3,55,SA,37382,,37,256
3104275,Zazuar,Zazuar,,41.69528,-3.55451,P,PPLA3,55,BU,09483,,09,269
3104282,Zas,Zas,,43.09885,-8.91558,P,PPLA3,58,C,15093,,15,0
3104284,Zarzuela del Pinar,Zarzuela del Pinar,Zarzuela del Pinar,41.26018,-4.18457,P,PPLA3,55,SG,40234,,40,553
3104285,Zarzuela del Monte,Zarzuela del Monte,Zarzuela del Monte,40.80888,-4.33613,P,PPLA3,55,SG,40233,,40,510
3104286,Zarzuela de Jadraque,Zarzuela de Jadraque,Zarzuela de Jadraque,41.06838,-3.04436,P,PPLA3,54,GU,19334,,19,49
3104289,Zarzuela,Zarzuela,Zarzuela,40.25902,-2.11034,P,PPLA3,54,CU,16280,,16,262
3104294,Zarzosa,Zarzosa,Zarzosa,42.18294,-2.34297,P,PPLA3,27,LO,26181,,26,14
3104296,Zarzalejo,Zarzalejo,,40.54811,-4.18176,P,PPLA3,29,M,28183,,28,1327
3104297,Zarza de Tajo,Zarza de Tajo,Zarza de Tajo,40.01591,-3.12877,P,PPLA3,54,CU,16279,,16,267
3104298,Zarza de Granadilla,Zarza de Granadilla,Zarza de Granadilla,40.23723,-6.0485,P,PPLA3,57,CC,10216,,10,1744
3104301,Zarratón,Zarraton,"Zarraton,Zarratón",42.51649,-2.88094,P,PPLA3,27,LO,26180,,26,248
3104316,Zarautz,Zarautz,"Zarautz,Zarauz",43.28444,-2.16992,P,PPLA3,59,SS,20079,,20,22627
3104318,Zaratán,Zaratan,"Zaratan,Zaratán",41.65971,-4.78417,P,PPLA3,55,VA,47231,,47,2395
3104320,Zaratamo,Zaratamo,"Zaratamo,Zarátamo",43.21667,-2.86667,P,PPLA3,59,BI,48097,,48,1643
3104321,Zarapicos,Zarapicos,Zarapicos,41.0383,-5.84526,P,PPLA3,55,SA,37380,,37,111
3104324,Zaragoza,Zaragoza,"Caesaraugusta,Caesarea Augusta,Caragoca,Salduba,Salduie,Saragoca,Saragosa,Saragosae,Saragoso,Saragossa,Saragosse,Saragoza,Saragozza,Saragoça,Saragòssa,Sarakosa,Saraqosa,ZAZ,ZGZ,Zaragosa,Zaragoza,Zargoza,sa la ge sa,sa ra ko sa,salagosa,saragosa,saragwsa,sarajwsa,srgwsh,srqstt,sەrەgۆsa,taragota,Çaragoça,Żaragoża,Σαραγόσα,Сарагосæ,Сарагоса,Сарагосо,Սարագոսա,Սարակոսա,סאראגאסא,סרגוסה,ساراجوسا,ساراگوسا,سرقسطة,سەرەگۆسا,सारागोसा,ਤਾਰਾਗੋਤਾ,ซาราโกซา,სარაგოსა,サラゴサ,萨拉戈萨,사라고사",41.65606,-0.87734,P,PPLA,52,Z,50297,,50,686986
3104330,Zapardiel de la Ribera,Zapardiel de la Ribera,Zapardiel de la Ribera,40.35554,-5.32826,P,PPLA3,55,AV,05267,,05,123
3104331,Zapardiel de la Cañada,Zapardiel de la Canada,"Zapardiel de la Canada,Zapardiel de la Cañada",40.60648,-5.33791,P,PPLA3,55,AV,05266,,05,157
3104333,Zaorejas,Zaorejas,Zaorejas,40.76209,-2.2012,P,PPLA3,54,GU,19333,,19,195
3104342,Zamora,Zamora,"Samora,ZOB,Zamora,Zamoro,samora,thamora,zamwra,Самора,زامورا,থামোরা,サモラ",41.50633,-5.74456,P,PPLA2,55,ZA,49275,,49,61827
3104345,Zambrana,Zambrana,"Zambrana,Zanbrana",42.66102,-2.87909,P,PPLA3,59,VI,01062,,01,367
3104347,Zamayón,Zamayon,"Zamayon,Zamayón",41.14861,-5.83054,P,PPLA3,55,SA,37379,,37,190
3104349,Zamarra,Zamarra,"Samarra,Zamarra",40.51893,-6.45248,P,PPLA3,55,SA,37378,,37,136
3104358,Zaldibia,Zaldivia,"Zaldibia,Zaldivia",43.0372,-2.1506,P,PPLA3,59,SS,20078,,20,0
3104359,Zaldibar,Zaldibar,"Zaldibar,Zaldivar,Zaldua,Zaldívar",43.16667,-2.53333,P,PPLA3,59,BI,48095,,48,0
3104372,Zafrilla,Zafrilla,Zafrilla,40.2,-1.61667,P,PPLA3,54,CU,16278,,16,126
3104374,Zael,Zael,Zael,42.10587,-3.82623,P,PPLA3,55,BU,09480,,09,126
3104390,Iurreta,Iurreta,"Iurreta,Ixorreta,Yurreta",43.18333,-2.63333,P,PPLA3,59,BI,48910,,48,0
3104394,Yunquera de Henares,Yunquera de Henares,"Yunquera,Yunquera de Henares,Yunqueria de Henares,Yunquería de Henares",40.75139,-3.1626,P,PPLA3,54,GU,19331,,19,2420
3104395,Yuncos,Yuncos,Yuncos,40.0859,-3.87106,P,PPLA3,54,TO,45205,,45,5615
3104397,Yuncler,Yuncler,Yuncler,40.04079,-3.89979,P,PPLA3,54,TO,45203,,45,2467
3104408,Yésero,Yesero,"Yesero,Yésero",42.61911,-0.2502,P,PPLA3,52,HU,22253,,22,76
3104412,Yesa,Yesa,,42.62025,-1.2036,P,PPLA3,32,NA,31261,,31,259
3104425,Yelo,Yelo,Yelo,41.21667,-2.51667,P,PPLA3,55,SO,42219,,42,57
3104427,Yeles,Yeles,,40.12035,-3.80487,P,PPLA3,54,TO,45201,,45,2967
3104428,Yélamos de Arriba,Yelamos de Arriba,"Yelamos de Arriba,Yélamos de Arriba",40.64008,-2.8434,P,PPLA3,54,GU,19330,,19,119
3104429,Yélamos de Abajo,Yelamos de Abajo,"Yelamos de Abajo,Yélamos de Abajo",40.63092,-2.85803,P,PPLA3,54,GU,19329,,19,81
3104435,Yecla de Yeltes,Yecla de Yeltes,"Yecla,Yecla de Yeltes",40.95917,-6.48904,P,PPLA3,55,SA,37377,,37,331
3104436,Yebra de Basa,Yebra de Basa,Aebura,42.48647,-0.28178,P,PPLA3,52,HU,22252,,22,165
3104438,Yebra,Yebra,"Aebura,Yebra",40.35702,-2.9663,P,PPLA3,54,GU,19327,,19,515
3104439,Yebes,Yebes,Yebes,40.53162,-3.10782,P,PPLA3,54,GU,19326,,19,246
3104443,Yanguas de Eresma,Yanguas de Eresma,Yanguas de Eresma,41.07201,-4.23905,P,PPLA3,55,SG,40231,,40,202
3104444,Yanguas,Yanguas,"Janguas,Jangvas,Yangua,Yanguas,yi an gua si,Янгвас,Янгуас,伊安瓜斯",42.10171,-2.33986,P,PPLA3,55,SO,42218,,42,129
3104445,Igantzi,Igantzi,"Igantzi,Yanci",43.22526,-1.70048,P,PPLA3,32,NA,31259,,31,0
3104455,Wamba,Wamba,Wamba,41.67525,-4.91748,P,PPLA3,55,VA,47230,,47,372
3104461,Vozmediano,Vozmediano,"Vosmediano,Vozmediano,bo si mei di ya nuo,Восмедиано,Восмедіано,博斯梅迪亚诺",41.83752,-1.8558,P,PPLA3,55,SO,42217,,42,44
3104466,Vizmanos,Vizmanos,Vizmanos,42.02342,-2.40869,P,PPLA3,55,SO,42216,,42,36
3104470,Vizcaínos,Vizcainos,"Vizcainos,Vizcaínos",42.10359,-3.26698,P,PPLA3,55,BU,09478,,09,54
3104475,Viveiro,Viveiro,,43.66228,-7.59344,P,PPLA3,58,LU,27066,,27,16238
3104482,Vivel del Río Martín,Vivel del Rio Martin,"Vivel,Vivel del Rio,Vivel del Rio Martin,Vivel del Río Martín",40.87091,-0.93889,P,PPLA3,52,TE,44267,,44,84
3104490,Biure,Biure,Biure,42.33734,2.89513,P,PPLA3,56,GI,17234,,17,0
3104499,Gasteiz / Vitoria,Gasteiz / Vitoria,"Bittorixa,Gasteiz,VIT,Victoriacum,Vitoria,Vitoria-Gasteiz,Vitorija,Vitorija-Gastejs,Vitorio,Vitòria,Vitória,bitoria,wytwryh,Витория,Витория-Гастейс,ויטוריה,ビトリア",42.84998,-2.67268,P,PPLA,59,VI,01059,,01,257407
3104501,Vitigudino,Vitigudino,"Vitigudino,bi di gu di nuo,Витигудино,Вітігудіно,比蒂古迪诺",41.00912,-6.43404,P,PPLA3,55,SA,37376,,37,2961
3104504,Vita,Vita,Vita,40.81178,-5.00583,P,PPLA3,55,AV,05265,,05,96
3104509,Vistabella del Maestrazgo,Vistabella del Maestrazgo,"Vistabella,Vistabella de Maestrazgo,Vistabella del Maestrat,Vistabella del Maestrazgo",40.29617,-0.29435,P,PPLA3,60,CS,12139,,12,416
3104510,Vistabella,Vistabella,Vistabella,41.2185,-1.15358,P,PPLA3,52,Z,50295,,50,33
3104520,Visiedo,Visiedo,"Visedo,Visiedo,Viziedo",40.68558,-1.09709,P,PPLA3,52,TE,44266,,44,186
3104551,Vinuesa,Vinuesa,"Vinuehsa,Vinuesa,bi nu ai sa,Винуэса,Вінуеса,比努埃萨",41.91032,-2.76483,P,PPLA3,55,SO,42215,,42,1022
3104555,Viñuelas,Vinuelas,"Vinuelas,Viñuelas",40.79229,-3.34036,P,PPLA3,54,GU,19325,,19,117
3104566,Viniegra de Arriba,Viniegra de Arriba,Viniegra de Arriba,42.09513,-2.83304,P,PPLA3,27,LO,26179,,26,45
3104567,Viniegra de Abajo,Viniegra de Abajo,Viniegra de Abajo,42.15055,-2.8893,P,PPLA3,27,LO,26178,,26,110
3104568,Viñegra de Moraña,Vinegra de Morana,"Vinegra de Morana,Viñegra de Moraña",40.85074,-4.92115,P,PPLA3,55,AV,05264,,05,81
3104570,Vinebre,Vinebre,Vinebre,41.18464,0.58945,P,PPLA3,56,T,43177,,43,448
3104573,Vindel,Vindel,Vindel,40.58743,-2.3806,P,PPLA3,54,CU,16275,,16,30
3104583,Viñas,Vinas,,41.7733,-6.47117,P,PPLA3,55,ZA,49273,,49,0
3104584,Vinaròs,Vinaros,"Vinaros,Vinarose,Vinaroz,Винаросе",40.47033,0.47559,P,PPLA3,60,CS,12138,,12,28273
3104590,Vinaixa,Vinaixa,,41.43333,0.98333,P,PPLA3,56,L,25255,,25,574
3104600,Vimianzo,Vimianzo,,43.10988,-9.03351,P,PPLA3,58,C,15092,,15,0
3104603,Vimbodí,Vimbodi,"Vimbodi,Vimbodí",41.40069,1.05056,P,PPLA3,56,T,43176,,43,1030
3104606,Vilviestre del Pinar,Vilviestre del Pinar,"Vil'v'estre-del'-Pinar,Vil'vestre-del'-Pinar,Vilviestre del Pinar,bi er wei ye si te lei de er pi na er,fylfystry dyl baynar,Вильвьестре-дель-Пинар,Вільвєстре-дель-Пінар,فيلفيستري ديل باينار,比尔维耶斯特雷德尔皮纳尔",41.95033,-3.07803,P,PPLA3,55,BU,09425,,09,742
3104608,Vilvestre,Vilvestre,"Vil'vestre,Vilvestre,bi er wei si te lei,Вильвестре,Вільвестре,比尔韦斯特雷",41.10636,-6.72725,P,PPLA3,55,SA,37350,,37,527
3104609,Vilobí d'Onyar,Vilobi d'Onyar,"Vilobi d'Onyar,Vilobí d'Onyar,Vilovi de Onar,Vilovi de Oñar,Viloví de Oñar",41.88333,2.75,P,PPLA3,56,GI,17233,,17,0
3104611,Vilobí del Penedès,Vilobi del Penedes,"Vilobi del Penedes,Vilobí del Penedès,Vilovi,Viloví",41.38333,1.65,P,PPLA3,56,B,08304,,08,0
3104618,Viloria de Rioja,Viloria de Rioja,Viloria de Rioja,42.42608,-3.10056,P,PPLA3,55,BU,09424,,09,61
3104623,Viloria,Viloria,Viloria,41.44604,-4.38356,P,PPLA3,55,VA,47194,,47,389
3104624,Vilopriu,Vilopriu,,42.1,3,P,PPLA3,56,GI,17232,,17,183
3104630,Villovieco,Villovieco,Villovieco,42.29478,-4.48122,P,PPLA3,55,P,34246,,34,105
3104635,Villota del Páramo,Villota del Paramo,"Villota del Paramo,Villota del Páramo",42.55234,-4.84893,P,PPLA3,55,P,34245,,34,402
3104639,Villoslada de Cameros,Villoslada de Cameros,"Villoslada,Villoslada de Cameros",42.11383,-2.67413,P,PPLA3,27,LO,26177,,26,398
3104643,Villoruela,Villoruela,Villoruela,41.0086,-5.39381,P,PPLA3,55,SA,37375,,37,983
3104644,Villoruebo,Villoruebo,Villoruebo,42.16874,-3.44159,P,PPLA3,55,BU,09476,,09,70
3104653,Villores,Villores,Villores,40.67478,-0.20023,P,PPLA3,60,CS,12137,,12,52
3104656,Villoldo,Villoldo,Villoldo,42.24782,-4.59592,P,PPLA3,55,P,34243,,34,432
3104657,Villodrigo,Villodrigo,"Villadrigo,Villodrigo",42.14436,-4.09527,P,PPLA3,55,P,34242,,34,146
3104658,Villodre,Villodre,,42.21161,-4.24484,P,PPLA3,55,P,34241,,34,34
3104672,Villel de Mesa,Villel de Mesa,"Villel,Villel de Mesa",41.12616,-1.99072,P,PPLA3,54,GU,19324,,19,221
3104674,Villel,Villel,Villel,40.23463,-1.18611,P,PPLA3,52,TE,44264,,44,361
3104677,Villeguillo,Villeguillo,Villeguillo,41.2529,-4.57951,P,PPLA3,55,SG,40230,,40,137
3104678,Villegas,Villegas,Villegas,42.46866,-4.01759,P,PPLA3,55,BU,09473,,09,112
3104680,Villazopeque,Villazopeque,,42.19845,-4.01688,P,PPLA3,55,BU,09472,,09,77
3104682,Villazanzo de Valderaduey,Villazanzo de Valderaduey,Villazanzo de Valderaduey,42.53592,-4.96462,P,PPLA3,55,LE,24229,,24,657
3104683,Villazala,Villazala,Villazala,42.36146,-5.856,P,PPLA3,55,LE,24228,,24,928
3104693,Villaviudas,Villaviudas,Villaviudas,41.96227,-4.342,P,PPLA3,55,P,34238,,34,406
3104694,Villavieja de Yeltes,Villavieja de Yeltes,"Villarieja,Villavieja,Villavieja de Yeltes",40.87573,-6.46792,P,PPLA3,55,SA,37373,,37,1043
3104696,Villavieja del Lozoya,Villavieja del Lozoya,Villavieja del Lozoya,41.00396,-3.6687,P,PPLA3,29,M,28182,,28,197
3104703,Villaviciosa de Odón,Villaviciosa de Odon,"Vil'javisiosa-de-Odon,Villaviciosa de Odon,Villaviciosa de Odón,Вильявисиоса-де-Одон",40.3581,-3.9043,P,PPLA3,29,M,28181,,28,27596
3104707,Villaviciosa,Villaviciosa,,43.48126,-5.43574,P,PPLA3,34,O,33076,,33,14430
3104709,Villavicencio de los Caballeros,Villavicencio de los Caballeros,Villavicencio de los Caballeros,42.05893,-5.23566,P,PPLA3,55,VA,47229,,47,294
3104711,Villaveza de Valverde,Villaveza de Valverde,"Villaveza,Villaveza de Valverde",41.94516,-5.84849,P,PPLA3,55,ZA,49272,,49,129
3104712,Villaveza del Agua,Villaveza del Agua,Villaveza del Agua,41.91922,-5.67871,P,PPLA3,55,ZA,49271,,49,262
3104717,Villaverde-Mogina,Villaverde-Mogina,Villaverde-Mogina,42.16041,-4.05024,P,PPLA3,55,BU,09467,,09,104
3104720,Villaverde de Rioja,Villaverde de Rioja,Villaverde de Rioja,42.32051,-2.8137,P,PPLA3,27,LO,26176,,26,78
3104722,Villaverde de Montejo,Villaverde de Montejo,Villaverde de Montejo,41.52225,-3.65452,P,PPLA3,55,SG,40229,,40,56
3104723,Villaverde de Medina,Villaverde de Medina,Villaverde de Medina,41.30687,-5.02625,P,PPLA3,55,VA,47228,,47,598
3104725,Villaverde del Monte,Villaverde del Monte,Villaverde del Monte,42.16075,-3.81421,P,PPLA3,55,BU,09466,,09,160
3104733,Villaverde de Guareña,Villaverde de Guarena,"Villaverde de Guarena,Villaverde de Guareña",41.06406,-5.52492,P,PPLA3,55,SA,37372,,37,203
3104752,Villavendimio,Villavendimio,Villavendimio,41.57812,-5.34287,P,PPLA3,55,ZA,49270,,49,197
3104753,Villavellid,Villavellid,Villavellid,41.69218,-5.2763,P,PPLA3,55,VA,47227,,47,81
3104754,Villavelayo,Villavelayo,Villavelayo,42.13084,-2.98565,P,PPLA3,27,LO,26175,,26,80
3104764,Villavaquerín,Villavaquerin,"Villavaquerin,Villavaquerín",41.66357,-4.46287,P,PPLA3,55,VA,47226,,47,211
3104770,Villaumbrales,Villaumbrales,Villaumbrales,42.08873,-4.61384,P,PPLA3,55,P,34237,,34,796
3104773,Villaturiel,Villaturiel,"Vil'jatur'el',Vil'jaturel',Villaturiel,bi li ya tu lie er,Вильятурьель,Вільятурєль,比利亚图列尔",42.51819,-5.48615,P,PPLA3,55,LE,24227,,24,1748
3104774,Villaturde,Villaturde,Villaturde,42.37769,-4.67085,P,PPLA3,55,P,34236,,34,220
3104776,Villatuerta,Villatuerta,,42.66022,-1.99247,P,PPLA3,32,NA,31257,,31,1026
3104777,Villatuelda,Villatuelda,Villatuelda,41.81499,-3.88054,P,PPLA3,55,BU,09464,,09,63
3104781,Villatoro,Villatoro,"Villatoro,Villatoros",40.55609,-5.11262,P,PPLA3,55,AV,05263,,05,247
3104796,Villastar,Villastar,Villastar,40.28102,-1.15139,P,PPLA3,52,TE,44263,,44,503
3104798,Villasrubias,Villasrubias,Villasrubias,40.33822,-6.6392,P,PPLA3,55,SA,37371,,37,281
3104812,Villasila de Valdavia,Villasila de Valdavia,"Villasila,Villasila de Valdavia",42.53192,-4.55884,P,PPLA3,55,P,34234,,34,91
3104814,Villasexmir,Villasexmir,Villasexmir,41.63943,-5.0647,P,PPLA3,55,VA,47225,,47,108
3104817,Villaselán,Villaselan,"Villaselan,Villaselán",42.56105,-5.0482,P,PPLA3,55,LE,24226,,24,0
3104818,Villaseco de los Reyes,Villaseco de los Reyes,Villaseco de los Reyes,41.16262,-6.18426,P,PPLA3,55,SA,37370,,37,415
3104819,Villaseco de los Gamitos,Villaseco de los Gamitos,Villaseco de los Gamitos,41.03621,-6.11323,P,PPLA3,55,SA,37369,,37,203
3104826,Villaseca de Uceda,Villaseca de Uceda,Villaseca de Uceda,40.81827,-3.34904,P,PPLA3,54,GU,19323,,19,77
3104829,Villaseca de Henares,Villaseca de Henares,Villaseca de Henares,40.9606,-2.79775,P,PPLA3,54,GU,19322,,19,56
3104830,Villaseca de Arciel,Villaseca de Arciel,Villaseca de Arciel,41.6243,-2.16176,P,PPLA3,55,SO,42213,,42,39
3104837,Villasdardo,Villasdardo,Villasdardo,41.00449,-6.16303,P,PPLA3,55,SA,37368,,37,18
3104838,Villasbuenas de Gata,Villasbuenas de Gata,Villasbuenas de Gata,40.17879,-6.62641,P,PPLA3,57,CC,10215,,10,491
3104839,Villasbuenas,Villasbuenas,Villasbuenas,41.06263,-6.59662,P,PPLA3,55,SA,37367,,37,269
3104840,Villasayas,Villasayas,Villasayas,41.35291,-2.61011,P,PPLA3,55,SO,42212,,42,94
3104841,Villasarracino,Villasarracino,Villasarracino,42.41207,-4.49633,P,PPLA3,55,P,34233,,34,218
3104846,Villasandino,Villasandino,,42.37072,-4.10975,P,PPLA3,55,BU,09460,,09,235
3104849,Villasabariego,Villasabariego,Villasabariego,42.53288,-5.41322,P,PPLA3,55,LE,24225,,24,1139
3104853,Villarta-Quintana,Villarta-Quintana,Villarta-Quintana,42.42998,-3.0484,P,PPLA3,27,LO,26174,,26,179
3104859,Villarroya de los Pinares,Villarroya de los Pinares,Villarroya de los Pinares,40.52917,-0.669,P,PPLA3,52,TE,44262,,44,187
3104860,Villarroya del Campo,Villarroya del Campo,"Villarroya,Villarroya del Campo",41.14309,-1.32416,P,PPLA3,52,Z,50294,,50,82
3104861,Villarroya de la Sierra,Villarroya de la Sierra,"Villarroya,Villarroya de la Sierra",41.46346,-1.7835,P,PPLA3,52,Z,50293,,50,612
3104862,Villarroya,Villarroya,"Villarrolla,Villarroya",42.13053,-2.06896,P,PPLA3,27,LO,26173,,26,9
3104872,Villarrín de Campos,Villarrin de Campos,"Villarrin de Campos,Villarrín de Campos",41.79522,-5.63898,P,PPLA3,55,ZA,49268,,49,563
3104875,Urretxu,Urretxu,"Urretxu,Villarreal de Urrechu,Villarreal de Urrechua",43.091,-2.31701,P,PPLA3,59,SS,20077,,20,0
3104876,Villarreal de Huerva,Villarreal de Huerva,"Villareal,Villarreal de Huerva",41.19034,-1.28983,P,PPLA3,52,Z,50292,,50,197
3104882,Villarramiel,Villarramiel,Villarramiel,42.04301,-4.91215,P,PPLA3,55,P,34232,,34,991
3104884,Villarrabé,Villarrabe,"Villarrabe,Villarrabé",42.4209,-4.78445,P,PPLA3,55,P,34231,,34,242
3104887,Villarquemado,Villarquemado,Villarquemado,40.5175,-1.265,P,PPLA3,52,TE,44261,,44,943
3104895,Areatza,Areatza,"Areatza,Villaro",43.11667,-2.76667,P,PPLA3,59,BI,48093,,48,0
3104899,Villarmuerto,Villarmuerto,Villarmuerto,41.0562,-6.36294,P,PPLA3,55,SA,37366,,37,51
3104909,Villarmentero de Esgueva,Villarmentero de Esgueva,Villarmentero de Esgueva,41.68515,-4.54636,P,PPLA3,55,VA,47224,,47,127
3104910,Villarmentero de Campos,Villarmentero de Campos,Villarmentero de Campos,42.29777,-4.49992,P,PPLA3,55,P,34230,,34,16
3104919,Villarmayor,Villarmayor,Villarmayor,41.01514,-5.97151,P,PPLA3,55,SA,37365,,37,212
3104921,Villarluengo,Villarluengo,Villarluengo,40.64842,-0.53066,P,PPLA3,52,TE,44260,,44,212
3104930,Villarino de los Aires,Villarino de los Aires,"Vil'jarino-de-los-Ajres,Villarino,Villarino de los Aires,Villarino dels Aires,Villarino dos Ares,bi li ya li nuo de luo sai lei si,Вильярино-де-лос-Айрес,Вільяріно-де-лос-Айрес,比利亚里诺德洛赛雷斯",41.27102,-6.46847,P,PPLA3,55,SA,37364,,37,1078
3104932,Vilariño,Vilarino,"San Martin de Villarino de Conso,San Martino de Vilarino,San Martino de Vilarino de Conso,San Martiño de Vilariño,San Martiño de Vilariño de Conso,Vilarino de Conso,Vilariño de Conso,Villarino,Villarino de Conso",42.16667,-7.18333,P,PPLA3,58,OR,32092,,32,169
3104957,Villariezo,Villariezo,Villariezo,42.26965,-3.73272,P,PPLA3,55,BU,09458,,09,414
3104967,Villares de Yeltes,Villares de Yeltes,Villares de Yeltes,40.86594,-6.413,P,PPLA3,55,SA,37363,,37,162
3104968,Villares de Órbigo,Villares de Orbigo,"Villares de Orbigo,Villares de Órbigo",42.46955,-5.91002,P,PPLA3,55,LE,24224,,24,843
3104969,Villares de la Reina,Villares de la Reina,Villares de la Reina,41.00832,-5.64881,P,PPLA3,55,SA,37362,,37,4079
3104970,Villares de Jadraque,Villares de Jadraque,Villares de Jadraque,41.10169,-3.02558,P,PPLA3,54,GU,19321,,19,51
3104980,Villarejo de Órbigo,Villarejo de Orbigo,"Villarejo de Orbigo,Villarejo de Órbigo",42.44559,-5.90462,P,PPLA3,55,LE,24223,,24,3280
3104982,Villarejo del Valle,Villarejo del Valle,Villarejo del Valle,40.28638,-4.99674,P,PPLA3,55,AV,05262,,05,476
3104985,Villarejo de la Peñuela,Villarejo de la Penuela,"Villarejo de la Penuela,Villarejo de la Peñuela",40.08745,-2.40996,P,PPLA3,54,CU,16265,,16,34
3104989,Villarejo,Villarejo,Villarejo,42.37417,-2.88712,P,PPLA3,27,LO,26172,,26,41
3104998,Villardondiego,Villardondiego,Villardondiego,41.58483,-5.37707,P,PPLA3,55,ZA,49267,,49,120
3104999,Villárdiga,Villardiga,"Villardiga,Villárdiga",41.8195,-5.46439,P,PPLA3,55,ZA,49266,,49,100
3105001,Villardiegua de la Ribera,Villardiegua de la Ribera,Villardiegua de la Ribera,41.53543,-6.18327,P,PPLA3,55,ZA,49265,,49,158
3105009,Villar de Torre,Villar de Torre,Villar de Torre,42.37133,-2.86411,P,PPLA3,27,LO,26171,,26,259
3105018,Villar de Samaniego,Villar de Samaniego,Villar de Samaniego,41.11667,-6.43333,P,PPLA3,55,SA,37361,,37,114
3105022,Villar de Plasencia,Villar de Plasencia,Villar de Plasencia,40.13773,-6.0279,P,PPLA3,57,CC,10214,,10,242
3105023,Villar de Peralonso,Villar de Peralonso,Villar de Peralonso,41.03223,-6.22284,P,PPLA3,55,SA,37360,,37,318
3105028,Villar de Olalla,Villar de Olalla,"Villar de Olalla,Villar de Ollala",40.01496,-2.19561,P,PPLA3,54,CU,16263,,16,1028
3105038,Villar del Salz,Villar del Salz,Villar del Salz,40.682,-1.49967,P,PPLA3,52,TE,44258,,44,102
3105039,Villar del Río,Villar del Rio,"Vil'jar-del'-Rio,Villar del Rio,Villar del Río,bi li ya er de er li ao,Вильяр-дель-Рио,Вільяр-дель-Ріо,比利亚尔德尔里奥",42.07574,-2.35082,P,PPLA3,55,SO,42209,,42,175
3105044,Villar de los Navarros,Villar de los Navarros,Villar de los Navarros,41.15949,-1.04199,P,PPLA3,52,Z,50291,,50,145
3105046,Villar del Olmo,Villar del Olmo,Villar del Olmo,40.33468,-3.23399,P,PPLA3,29,M,28179,,28,1835
3105049,Villar del Infantado,Villar del Infantado,Villar del Infantado,40.45514,-2.47905,P,PPLA3,54,CU,16259,,16,50
3105052,Villar del Cobo,Villar del Cobo,Villar del Cobo,40.39475,-1.67332,P,PPLA3,52,TE,44257,,44,224
3105053,Villar del Campo,Villar del Campo,Villar del Campo,41.78881,-2.14955,P,PPLA3,55,SO,42208,,42,36
3105054,Villar del Buey,Villar del Buey,Villar del Buey,41.33024,-6.18935,P,PPLA3,55,ZA,49264,,49,790
3105055,Villar de la Yegua,Villar de la Yegua,Villar de la Yegua,40.72554,-6.70364,P,PPLA3,55,SA,37359,,37,269
3105058,Villar del Ala,Villar del Ala,Villar del Ala,41.91638,-2.56651,P,PPLA3,55,SO,42207,,42,54
3105064,Villar de Gallimazo,Villar de Gallimazo,Villar de Gallimazo,40.95367,-5.28819,P,PPLA3,55,SA,37358,,37,186
3105066,Villardefrades,Villardefrades,Villardefrades,41.72358,-5.25513,P,PPLA3,55,VA,47223,,47,212
3105069,Villar de Fallaves,Villar de Fallaves,Villar de Fallaves,41.92503,-5.34039,P,PPLA3,55,ZA,49263,,49,94
3105071,Villar de Domingo García,Villar de Domingo Garcia,"Villar de Domingo Garcia,Villar de Domingo García",40.23732,-2.29136,P,PPLA3,54,CU,16254,,16,272
3105073,Villar de Corneja,Villar de Corneja,Villar de Corneja,40.47462,-5.43307,P,PPLA3,55,AV,05261,,05,72
3105077,Villardeciervos,Villardeciervos,Villardeciervos,41.94206,-6.28647,P,PPLA3,55,ZA,49262,,49,514
3105079,Villar de Ciervo,Villar de Ciervo,Villar de Ciervo,40.73772,-6.7385,P,PPLA3,55,SA,37357,,37,349
3105103,Villaralbo,Villaralbo,Villaralbo,41.49224,-5.68359,P,PPLA3,55,ZA,49261,,49,1672
3105144,Villaquirán de los Infantes,Villaquiran de los Infantes,"Villaquiran,Villaquirán",42.22744,-4.00864,P,PPLA3,55,BU,09456,,09,175
3105145,Villaquirán de la Puebla,Villaquiran de la Puebla,,42.28287,-4.10037,P,PPLA3,55,BU,09455,,09,54
3105148,Villaquilambre,Villaquilambre,"Vil'jakilambre,Villaquilambre,bi li ya ji lan fu lei,Вильякиламбре,Вільякіламбре,比利亚基兰夫雷",42.64685,-5.55835,P,PPLA3,55,LE,24222,,24,17013
3105149,Villaquejida,Villaquejida,Villaquejida,42.145,-5.59699,P,PPLA3,55,LE,24221,,24,1019
3105152,Villaprovedo,Villaprovedo,Villaprovedo,42.51674,-4.39645,P,PPLA3,55,P,34229,,34,82
3105180,Villaobispo de Otero,Villaobispo de Otero,"Villaobispo,Villaobispo de Otero",42.50065,-6.05809,P,PPLA3,55,LE,24219,,24,649
3105182,Villanuño de Valdavia,Villanuno de Valdavia,"Villanuno de Valdavia,Villanuño de Valdavia",42.50775,-4.51887,P,PPLA3,55,P,34228,,34,108
3105192,Villanueva de Viver,Villanueva de Viver,"Vilanova de la Reina,Villanueva de Viver",40.05,-0.65,P,PPLA3,60,CS,12133,,12,68
3105196,Villanueva de Teba,Villanueva de Teba,Villanueva de Teba,42.6489,-3.16313,P,PPLA3,55,BU,09454,,09,56
3105198,Villanueva de Sigena,Villanueva de Sigena,,41.71576,-0.00897,P,PPLA3,52,HU,22251,,22,533
3105199,Villanueva de San Mancio,Villanueva de San Mancio,Villanueva de San Mancio,41.92842,-5.012,P,PPLA3,55,VA,47222,,47,125
3105203,Villanueva de Perales,Villanueva de Perales,Villanueva de Perales,40.34541,-4.09891,P,PPLA3,29,M,28178,,28,960
3105205,Villanueva de Oscos,Villanueva de Oscos,"Vil'januehva-de-Oskos,Vil'janueva-de-Oskos,Vilanova dOzcos,Vilanova de Ozcos,Villanueva de Oscos,ao si ke si xin zhen,byyanwyba d asks,fyanwyfa dy awskws,Вильянуэва-де-Оскос,Вільянуева-де-Оскос,بییانوئبا د اسکس,فيانويفا دي أوسكوس,奥斯科斯新镇",43.31144,-6.98645,P,PPLA3,34,O,33075,,33,411
3105210,Villanueva del Rebollar de la Sierra,Villanueva del Rebollar de la Sierra,Villanueva del Rebollar de la Sierra,40.89108,-1.00837,P,PPLA3,52,TE,44256,,44,51
3105211,Villanueva del Rebollar,Villanueva del Rebollar,Villanueva del Rebollar,42.24114,-4.74288,P,PPLA3,55,P,34227,,34,105
3105214,Villanueva del Pardillo,Villanueva del Pardillo,Villanueva del Pardillo,40.49014,-3.96383,P,PPLA3,29,M,28177,,28,15087
3105221,Villanueva de los Caballeros,Villanueva de los Caballeros,Villanueva de los Caballeros,41.75916,-5.24786,P,PPLA3,55,VA,47220,,47,244
3105226,Villanueva del Conde,Villanueva del Conde,Villanueva del Conde,40.51039,-6.0121,P,PPLA3,55,SA,37355,,37,222
3105229,Villanueva del Campo,Villanueva del Campo,"Villanueva,Villanueva del Campo",41.98492,-5.4066,P,PPLA3,55,ZA,49260,,49,1065
3105230,Villanueva del Campillo,Villanueva del Campillo,Villanueva del Campillo,40.57646,-5.18002,P,PPLA3,55,AV,05260,,05,165
3105233,Villanueva de la Torre,Villanueva de la Torre,Villanueva de la Torre,40.58216,-3.29764,P,PPLA3,54,GU,19319,,19,4892
3105235,Villanueva de las Peras,Villanueva de las Peras,Villanueva de las Peras,41.93478,-5.97942,P,PPLA3,55,ZA,49259,,49,161
3105236,Villanueva de las Manzanas,Villanueva de las Manzanas,Villanueva de las Manzanas,42.47264,-5.48043,P,PPLA3,55,LE,24218,,24,556
3105238,Villanueva de la Sierra,Villanueva de la Sierra,"Villanueva de la Sierra,Villanueva de la Sierre",40.20163,-6.40611,P,PPLA3,57,CC,10211,,10,563
3105245,Villanueva de la Condesa,Villanueva de la Condesa,Villanueva de la Condesa,42.14914,-5.0955,P,PPLA3,55,VA,47219,,47,45
3105246,Villanueva del Aceral,Villanueva del Aceral,Villanueva del Aceral,41.04095,-4.85419,P,PPLA3,55,AV,05259,,05,164
3105247,Villanueva de la Cañada,Villanueva de la Canada,"Villanueva de la Canada,Villanueva de la Cañada",40.44689,-4.00428,P,PPLA3,29,M,28176,,28,16804
3105249,Villanueva de Jiloca,Villanueva de Jiloca,Villanueva,41.07625,-1.3896,P,PPLA3,52,Z,50289,,50,80
3105253,Villanueva de Gumiel,Villanueva de Gumiel,Villanueva de Gumiel,41.73778,-3.62658,P,PPLA3,55,BU,09451,,09,285
3105255,Villanueva de Gormaz,Villanueva de Gormaz,Villanueva de Gormaz,41.4674,-3.06223,P,PPLA3,55,SO,42206,,42,22
3105256,Villanueva de Gómez,Villanueva de Gomez,"Villanueva,Villanueva de Gomez,Villanueva de Gómez",40.88269,-4.7165,P,PPLA3,55,AV,05258,,05,142
3105257,Villanueva de Gállego,Villanueva de Gallego,"Villanueva de Gallego,Villanueva de Gállego,Villanueva del Gallego,Villanueva del Gállego",41.76917,-0.8235,P,PPLA3,52,Z,50288,,50,3809
3105258,Villanueva de Duero,Villanueva de Duero,Villanueva de Duero,41.51946,-4.86671,P,PPLA3,55,VA,47218,,47,1103
3105260,Villanueva de Carazo,Villanueva de Carazo,Villanueva de Carazo,41.98275,-3.32428,P,PPLA3,55,BU,09450,,09,24
3105263,Villanueva de Campeán,Villanueva de Campean,"Villanueva de Campean,Villanueva de Campeán",41.35447,-5.7702,P,PPLA3,55,ZA,49258,,49,167
3105264,Villanueva de Cameros,Villanueva de Cameros,"Villanueva,Villanueva de Cameros",42.16719,-2.6504,P,PPLA3,27,LO,26169,,26,104
3105265,Villanueva de Azoague,Villanueva de Azoague,Villanueva de Azoague,41.97607,-5.664,P,PPLA3,55,ZA,49257,,49,310
3105268,Villanueva de Argecilla,Villanueva de Argecilla,Villanueva de Argecilla,40.90257,-2.91431,P,PPLA3,54,GU,19318,,19,48
3105269,Villanueva de Argaño,Villanueva de Argano,,42.38045,-3.93353,P,PPLA3,55,BU,09449,,09,124
3105271,Villanueva de Alcorón,Villanueva de Alcoron,"Villanueva de Alcoron,Villanueva de Alcorón",40.67956,-2.25145,P,PPLA3,54,GU,19317,,19,296
3105310,Villanubla,Villanubla,Villanubla,41.69877,-4.84173,P,PPLA3,55,VA,47217,,47,1365
3105311,Villanúa,Villanua,"Bellanuga,Vil'janua,Villanua,Villanuga,Villanúa,bi li ya nu a,Вильянуа,Вільянуа,比利亚努阿",42.6797,-0.53769,P,PPLA3,52,HU,22250,,22,411
3105321,Villangómez,Villangomez,"Villangomez,Villangómez",42.17961,-3.77419,P,PPLA3,55,BU,09448,,09,315
3105325,Villán de Tordesillas,Villan de Tordesillas,"Villan de Tordesillas,Villán de Tordesillas",41.59311,-4.92214,P,PPLA3,55,VA,47216,,47,174
3105327,Villanázar,Villanazar,"Villanazar,Villanázar",41.97398,-5.78043,P,PPLA3,55,ZA,49256,,49,355
3105331,Villamuriel de Cerrato,Villamuriel de Cerrato,Villamuriel de Cerrato,41.94935,-4.51584,P,PPLA3,55,P,34225,,34,5437
3105332,Villamuriel de Campos,Villamuriel de Campos,Villamuriel de Campos,41.9469,-5.20717,P,PPLA3,55,VA,47215,,47,83
3105334,Villamuera de la Cueza,Villamuera de la Cueza,Villamuera de la Cueza,42.25843,-4.6886,P,PPLA3,55,P,34224,,34,61
3105340,Villamoronta,Villamoronta,Villamoronta,42.40337,-4.69899,P,PPLA3,55,P,34223,,34,313
3105347,Villamor de los Escuderos,Villamor de los Escuderos,Villamor de los Escuderos,41.25244,-5.57485,P,PPLA3,55,ZA,49255,,49,557
3105352,Villamoratiel de las Matas,Villamoratiel de las Matas,Villamoratiel de las Matas,42.39755,-5.30064,P,PPLA3,55,LE,24217,,24,172
3105358,Villamontán de la Valduerna,Villamontan de la Valduerna,"Villamontan,Villamontan de la Valduerna,Villamontán,Villamontán de la Valduerna",42.30962,-5.99656,P,PPLA3,55,LE,24216,,24,962
3105362,Villamol,Villamol,Villamol,42.42766,-5.04832,P,PPLA3,55,LE,24215,,24,216
3105366,Villamiel de la Sierra,Villamiel de la Sierra,Villamiel de la Sierra,42.19124,-3.41771,P,PPLA3,55,BU,09447,,09,39
3105367,Villamiel,Villamiel,Villamiel,40.18635,-6.78425,P,PPLA3,57,CC,10210,,10,611
3105370,Villameriel,Villameriel,Villameriel,42.52822,-4.47572,P,PPLA3,55,P,34222,,34,137
3105373,Villamejil,Villamejil,Villamejil,42.56205,-6.02514,P,PPLA3,55,LE,24214,,24,862
3105377,Villamedianilla,Villamedianilla,Villamedianilla,42.1607,-4.14592,P,PPLA3,55,BU,09446,,09,23
3105381,Villamediana de Iregua,Villamediana de Iregua,"Vil'jamed'jana-de-Iregua,Vil'jamediana-de-Iregua,Vil'jamediana-de-Iregva,Viliamediana de Iregua,Villamediana de Iregua,bi li ya mei di ya na de lei gua,Вильямедиана-де-Ирегва,Вильямедьяна-де-Ирегуа,Вільямедіана-де-Ірегуа,Վիլիամեդիանա դե Իրեգուա,比利亚梅迪亚纳德雷瓜",42.42658,-2.41943,P,PPLA3,27,LO,26168,,26,3807
3105382,Villamediana,Villamediana,,42.05024,-4.36115,P,PPLA3,55,P,34221,,34,228
3105392,Villamayor de Treviño,Villamayor de Trevino,"Villamayor de Trevino,Villamayor de Treviño",42.46048,-4.11923,P,PPLA3,55,BU,09444,,09,91
3105394,Villamayor de Monjardín,Villamayor de Monjardin,"Villamayor de Monjardin,Villamayor de Monjardín",42.62937,-2.10503,P,PPLA3,32,NA,31255,,31,144
3105396,Villamayor de los Montes,Villamayor de los Montes,Villamayor de los Montes,42.10565,-3.76542,P,PPLA3,55,BU,09443,,09,218
3105399,Villamayor de Campos,Villamayor de Campos,Villamayor de Campos,41.8987,-5.35963,P,PPLA3,55,ZA,49252,,49,477
3105411,Villamayor,Villamayor,Villamayor,40.99939,-5.69579,P,PPLA3,55,SA,37354,,37,4538
3105420,Villamartín de Don Sancho,Villamartin de Don Sancho,"Villamartin de Don Sancho,Villamartín de Don Sancho",42.56943,-5.06056,P,PPLA3,55,LE,24213,,24,180
3105421,Villamartín de Campos,Villamartin de Campos,"Villamartin de Campos,Villamartín de Campos",42.01598,-4.66414,P,PPLA3,55,P,34220,,34,129
3105436,Villamantilla,Villamantilla,Villamantilla,40.33846,-4.12986,P,PPLA3,29,M,28175,,28,567
3105437,Villamanta,Villamanta,,40.29858,-4.1088,P,PPLA3,29,M,28174,,28,1901
3105438,Villamanrique de Tajo,Villamanrique de Tajo,Villamanrique de Tajo,40.06617,-3.23668,P,PPLA3,29,M,28173,,28,664
3105439,Villamanín,Villamanin,"Vil'jamanin,Villamanin,Villamanín,bi li ya ma ning,bijamanin,Вильяманин,Вільяманін,ビジャマニン,比利亚马宁",42.93864,-5.65669,P,PPLA3,55,LE,24901,,24,1129
3105442,Villamandos,Villamandos,Villamandos,42.18058,-5.59397,P,PPLA3,55,LE,24211,,24,356
3105443,Villamañán,Villamanan,"Vil'jaman'jan,Villamanan,Villamañan,Villamañán,bi li ya ma ni yang,Вильяманьян,Вільяманьян,比利亚马尼扬",42.32198,-5.58195,P,PPLA3,55,LE,24212,,24,1252
3105455,Villaluenga de la Vega,Villaluenga de la Vega,,42.52386,-4.76489,P,PPLA3,55,P,34218,,34,671
3105458,Villalube,Villalube,Villalube,41.61005,-5.54545,P,PPLA3,55,ZA,49251,,49,250
3105462,Villalpando,Villalpando,"Vil'jal'pando,Villalpando,Villapando,bi li ya er pan duo,Вильяльпандо,Вільяльпандо,比利亚尔潘多",41.86517,-5.41231,P,PPLA3,55,ZA,49250,,49,1611
3105463,Villalonso,Villalonso,Villalonso,41.59767,-5.29769,P,PPLA3,55,ZA,49249,,49,111
3105467,Villalón de Campos,Villalon de Campos,"Villalon,Villalon de Campos,Villalón,Villalón de Campos",42.09994,-5.0344,P,PPLA3,55,VA,47214,,47,2051
3105469,Villalobos,Villalobos,Villalobos,41.94567,-5.47517,P,PPLA3,55,ZA,49248,,49,288
3105471,Villalobón,Villalobon,"Villalobon,Villalobón",42.03037,-4.5034,P,PPLA3,55,P,34217,,34,734
3105472,Villalobar de Rioja,Villalobar de Rioja,Villalobar de Rioja,42.49123,-2.96404,P,PPLA3,27,LO,26167,,26,91
3105477,Villalmanzo,Villalmanzo,Villalmanzo,42.0484,-3.74195,P,PPLA3,55,BU,09442,,09,464
3105486,Villalengua,Villalengua,Villalengua,41.43548,-1.84125,P,PPLA3,52,Z,50287,,50,388
3105490,Villaldemiro,Villaldemiro,Villaldemiro,42.24719,-3.98534,P,PPLA3,55,BU,09441,,09,68
3105492,Villalcón,Villalcon,,42.29287,-4.85527,P,PPLA3,55,P,34216,,34,84
3105493,Villalcázar de Sirga,Villalcazar de Sirga,"Villalcazar de Sirga,Villalcázar de Sirga",42.31662,-4.54278,P,PPLA3,55,P,34215,,34,209
3105494,Villalcampo,Villalcampo,Villalcampo,41.52229,-6.04801,P,PPLA3,55,ZA,49247,,49,612
3105499,Villalbilla de Gumiel,Villalbilla de Gumiel,Villalbilla de Gumiel,41.80621,-3.62584,P,PPLA3,55,BU,09440,,09,120
3105500,Villalbilla de Burgos,Villalbilla de Burgos,,42.34757,-3.78101,P,PPLA3,55,BU,09439,,09,866
3105501,Villalbilla,Villalbilla,Villalbilla,40.43044,-3.29904,P,PPLA3,29,M,28172,,28,8055
3105504,Villalbarba,Villalbarba,"Villalbarba,Villarbarba",41.60389,-5.21281,P,PPLA3,55,VA,47213,,47,152
3105505,Villalba de Rioja,Villalba de Rioja,Villalba de Rioja,42.60967,-2.88687,P,PPLA3,27,LO,26166,,26,174
3105506,Villalba de Perejil,Villalba de Perejil,Villalba de Perejil,41.32742,-1.54833,P,PPLA3,52,Z,50286,,50,130
3105507,Villalba del Rey,Villalba del Rey,Villalba del Rey,40.34653,-2.63902,P,PPLA3,54,CU,16246,,16,658
3105509,Villalba de los Llanos,Villalba de los Llanos,Villalba de los Llanos,40.8002,-5.9758,P,PPLA3,55,SA,37353,,37,182
3105510,Vilalba dels Arcs,Vilalba dels Arcs,"Vilalba dels Arcs,Villalba,Villalba de los Arcos,Villalva de los Arcos",41.11667,0.41667,P,PPLA3,56,T,43175,,43,0
3105511,Villalba de los Alcores,Villalba de los Alcores,Villalba de los Alcores,41.86361,-4.86063,P,PPLA3,55,VA,47212,,47,530
3105513,Villalba de la Sierra,Villalba de la Sierra,Villalba de la Sierra,40.23437,-2.08929,P,PPLA3,54,CU,16245,,16,659
3105514,Villalba de la Loma,Villalba de la Loma,Villalba de la Loma,42.17472,-5.19023,P,PPLA3,55,VA,47211,,47,45
3105515,Villalba de la Lampreana,Villalba de la Lampreana,Villalba de la Lampreana,41.74327,-5.64094,P,PPLA3,55,ZA,49246,,49,292
3105516,Villalba de Guardo,Villalba de Guardo,Villalba de Guardo,42.72229,-4.82328,P,PPLA3,55,P,34214,,34,232
3105517,Villalba de Duero,Villalba de Duero,"Vil'jal'ba-de-Duehro,Vil'jal'ba-de-Duero,Villalba de Duero,Vilyalba de Duero,bi li ya er wa de du ai luo,byyalba d dwyrw,fylaalba dy dwyrw,Вильяльба-де-Дуэро,Вільяльба-де-Дуеро,Վիլյալբա դե Դուերո,بییالبا د دوئرو,فيلاألبا دي دويرو,比利亚尔瓦德杜埃罗",41.68243,-3.74443,P,PPLA3,55,BU,09438,,09,603
3105522,Vilalba,Vilalba,"Vilalba,Villalba",43.29806,-7.6813,P,PPLA3,58,LU,27065,,27,14226
3105527,Villalazán,Villalazan,"Villalazan,Villalazán",41.49414,-5.5891,P,PPLA3,55,ZA,49245,,49,368
3105528,Villalar de los Comuneros,Villalar de los Comuneros,"Villalar,Villalar de los Comuneros",41.54966,-5.1381,P,PPLA3,55,VA,47210,,47,436
3105531,Villalán de Campos,Villalan de Campos,"Villalan de Campos,Villalon de Campos,Villalán de Campos,Villalón de Campos",42.01484,-5.23642,P,PPLA3,55,VA,47209,,47,51
3105538,Villalaco,Villalaco,Villalaco,42.15569,-4.2594,P,PPLA3,55,P,34213,,34,74
3105548,Villahoz,Villahoz,Villahoz,42.07587,-3.9129,P,PPLA3,55,BU,09437,,09,340
3105553,Villaherreros,Villaherreros,Villaherreros,42.38964,-4.46254,P,PPLA3,55,P,34211,,34,254
3105555,Villahermosa del Río,Villahermosa del Rio,"Vilafermosa,Villahermosa,Villahermosa del Rio,Villahermosa del Río",40.20268,-0.4199,P,PPLA3,60,CS,12130,,12,432
3105556,Villahermosa del Campo,Villahermosa del Campo,"Villahermosa,Villahermosa del Campo",41.10942,-1.24692,P,PPLA3,52,TE,44252,,44,107
3105558,Villahán,Villahan,"Villahan,Villahan de Palenzuela,Villahán,Villahán de Palenzuela",42.05031,-4.13104,P,PPLA3,55,P,34210,,34,117
3105565,Villagonzalo de Tormes,Villagonzalo de Tormes,Villagonzalo de Tormes,40.89221,-5.49664,P,PPLA3,55,SA,37352,,37,233
3105567,Villagómez la Nueva,Villagomez la Nueva,"Villagomez la Nueva,Villagómez la Nueva",42.15592,-5.14208,P,PPLA3,55,VA,47208,,47,85
3105570,Villageriz,Villageriz,Villageriz,42.11884,-5.95554,P,PPLA3,55,ZA,49244,,49,56
3105572,Villagatón,Villagaton,"Villagaton,Villagatón",42.63413,-6.16184,P,PPLA3,55,LE,24210,,24,701
3105574,Villagarcía de Campos,Villagarcia de Campos,"Villagarcia de Campos,Villagarcía de Campos",41.78032,-5.19242,P,PPLA3,55,VA,47207,,47,414
3105575,Vilagarcía de Arousa,Vilagarcia de Arousa,"Vilagarcia,Vilagarcía,Vilagarsija de Arouza,Вилагарсија де Ароуза",42.59631,-8.76426,P,PPLA3,58,PO,36060,,36,37576
3105580,Villagalijo,Villagalijo,Villagalijo,42.34872,-3.19203,P,PPLA3,55,BU,09433,,09,85
3105583,Villafuerte,Villafuerte,,41.73431,-4.32365,P,PPLA3,55,VA,47206,,47,145
3105586,Villafruela,Villafruela,Villafruela,41.91647,-3.91371,P,PPLA3,55,BU,09432,,09,248
3105596,Villafrechós,Villafrechos,"Villafrechos,Villafrechós",41.8929,-5.21859,P,PPLA3,55,VA,47205,,47,520
3105599,Ordizia,Villafranca de Ordizia,"Ordizia,Villafranca de Ordicia,Villafranca de Ordizia,Villafranca de Oria,Villafrancia Oria,Villafrancia de Oria",43.0541,-2.17632,P,PPLA3,59,SS,20076,,20,0
3105600,Vilafranca del Penedès,Vilafranca del Penedes,"Vil'jafranka-del'-Penedes,Vilafranca Penedes,Vilafranca del Penedes,Vilafranca del Penedès,Vilafranca do Penedes - Vilafranca del Penedes,Vilafranca do Penedés,Villafranca del Panades,Villafranca del Panadés,Вильяфранка-дель-Пенедес",41.34618,1.69713,P,PPLA3,56,B,08305,,08,38425
3105602,Villafranca del Campo,Villafranca del Campo,Villafranca del Campo,40.69545,-1.34722,P,PPLA3,52,TE,44251,,44,365
3105603,Villafranca del Bierzo,Villafranca del Bierzo,Villafranca del Bierzo,42.60601,-6.81069,P,PPLA3,55,LE,24209,,24,3733
3105604,Villafranca de la Sierra,Villafranca de la Sierra,"Vil'jafranka-de-la-S'erra,Vilafranka de la Siera,Villafranca de la Sierra,byyafranka d la syra,fyafranka dy la syyra,xie la zi you zhen,Вилафранка де ла Сиера,Вильяфранка-де-ла-Сьерра,Вільяфранка-де-ла-Сьєрра,بییافرانکا د لا سیرا,فيافرانكا دي لا سييرا,谢拉自由镇",40.49806,-5.23005,P,PPLA3,55,AV,05257,,05,172
3105605,Villafranca de Ebro,Villafranca de Ebro,Villafranca de Ebro,41.57473,-0.65039,P,PPLA3,52,Z,50285,,50,692
3105606,Villafranca de Duero,Villafranca de Duero,Villafranca de Duero,41.4331,-5.30192,P,PPLA3,55,VA,47204,,47,394
3105609,Villafranca,Villafranca,Villafranca,42.27933,-1.74628,P,PPLA3,32,NA,31254,,31,2780
3105613,Villafrades de Campos,Villafrades de Campos,Villafrades de Campos,42.07853,-4.97125,P,PPLA3,55,VA,47203,,47,101
3105616,Villaflores,Villaflores,Villaflores,41.08397,-5.23436,P,PPLA3,55,SA,37351,,37,390
3105620,Villaflor,Villaflor,Villaflor,40.75865,-4.87379,P,PPLA3,55,AV,05256,,05,143
3105623,Villaferrueña,Villaferruena,"Villaferruena,Villaferrueña",42.0983,-5.85802,P,PPLA3,55,ZA,49243,,49,154
3105627,Villafeliche,Villafeliche,Villafeliche,41.19509,-1.50983,P,PPLA3,52,Z,50284,,50,219
3105632,Villafáfila,Villafafila,"Villafafila,Villafáfila",41.84692,-5.61527,P,PPLA3,55,ZA,49242,,49,629
3105640,Villaespasa,Villaespasa,Villaespasa,42.09991,-3.40436,P,PPLA3,55,BU,09430,,09,21
3105641,Villaescusa la Sombría,Villaescusa la Sombria,"Villaescusa la Sombria,Villaescusa la Sombría",42.41518,-3.4184,P,PPLA3,55,BU,09429,,09,65
3105644,Villaescusa de Roa,Villaescusa de Roa,Villaescusa de Roa,41.72727,-4.0172,P,PPLA3,55,BU,09428,,09,129
3105652,Villaescusa,Villaescusa,Villaescusa,41.20617,-5.46406,P,PPLA3,55,ZA,49241,,49,353
3105654,Villaeles de Valdavia,Villaeles de Valdavia,Villaeles de Valdavia,42.56556,-4.58318,P,PPLA3,55,P,34208,,34,71
3105657,Villadoz,Villadoz,Villadoz,41.16234,-1.288,P,PPLA3,52,Z,50283,,50,95
3105661,Villadiego,Villadiego,"Vil'jad'ego,Vil'jadiego,bi li ya die ge,fyladyyghw,Вильядьего,Вільядієго,فيلادييغو,比利亚迭戈",42.51589,-4.00958,P,PPLA3,55,BU,09427,,09,1907
3105668,Villadepera,Villadepera,Villadepera,41.547,-6.13305,P,PPLA3,55,ZA,49240,,49,269
3105673,Villademor de la Vega,Villademor de la Vega,Villademor de la Vega,42.26964,-5.56808,P,PPLA3,55,LE,24207,,24,458
3105675,Villa del Prado,Villa del Prado,Villa del Prado,40.27852,-4.30534,P,PPLA3,29,M,28171,,28,7253
3105676,Villa del Campo,Villa del Campo,"Vil'ja-del'-Kampo,Villa del Campo,Villa el Campu,fyla dyl kambw,kan bo zhen,Вилья-дель-Кампо,Вілья-дель-Кампо,فيلا ديل كامبو,坎波镇",40.14223,-6.42679,P,PPLA3,57,CC,10207,,10,615
3105681,Villadangos del Páramo,Villadangos del Paramo,"Villadangos del Paramo,Villadangos del Páramo",42.51672,-5.76737,P,PPLA3,55,LE,24205,,24,1035
3105684,Villada,Villada,Villada,42.25111,-4.96708,P,PPLA3,55,P,34206,,34,1165
3105693,Villaconejos de Trabaque,Villaconejos de Trabaque,"Villaconejos,Villaconejos de Trabaque",40.40064,-2.31956,P,PPLA3,54,CU,16242,,16,486
3105694,Villaconejos,Villaconejos,Villaconejos,40.10139,-3.48258,P,PPLA3,29,M,28170,,28,3010
3105696,Villaconancio,Villaconancio,Villaconancio,41.87174,-4.22379,P,PPLA3,55,P,34205,,34,84
3105699,Villaco,Villaco,Villaco,41.74022,-4.26817,P,PPLA3,55,VA,47200,,47,113
3105703,Villaciervos,Villaciervos,Villaciervos,41.76227,-2.62678,P,PPLA3,55,SO,42205,,42,116
3105706,Villacid de Campos,Villacid de Campos,Villacid de Campos,42.0825,-5.12498,P,PPLA3,55,VA,47199,,47,102
3105708,Villacidaler,Villacidaler,Villacidaler,42.22168,-4.97668,P,PPLA3,55,P,34204,,34,72
3105720,Villacastín,Villacastin,"Vil'jakastin,Villacastin,Villacastín,bi li ya ka si ting,Вильякастин,Вільякастін,比利亚卡斯廷",40.7796,-4.41357,P,PPLA3,55,SG,40225,,40,1619
3105721,Villacarriedo,Villacarriedo,"Vil'jakarr'edo,Vil'jakarredo,Villacarriedo,bi li ya ka lie duo,fylakaraydw,Вильякаррьедо,Вільякаррєдо,فيلاكارايدو,比利亚卡列多",43.22851,-3.81057,P,PPLA3,39,S,39098,,39,1711
3105722,Villacarralón,Villacarralon,"Villacarralon,Villacarralón",42.18999,-5.04324,P,PPLA3,55,VA,47198,,47,85
3105730,Villabuena del Puente,Villabuena del Puente,Villabuena del Puente,41.38074,-5.40787,P,PPLA3,55,ZA,49239,,49,874
3105731,Eskuernaga / Villabuena de Álava,Villabuena de Alava,"Eskuernaga,Uriona,Villabuena de Alava,Villabuena de Álava",42.54787,-2.66552,P,PPLA3,59,VI,01057,,01,311
3105736,Villabrázaro,Villabrazaro,"Villabrazaro,Villabrázaro",42.05394,-5.72748,P,PPLA3,55,ZA,49238,,49,376
3105737,Villabraz,Villabraz,Villabraz,42.24658,-5.44593,P,PPLA3,55,LE,24203,,24,141
3105738,Villabrágima,Villabragima,"Villabragima,Villabrágima",41.82178,-5.11546,P,PPLA3,55,VA,47197,,47,1176
3105742,Villabona,Villabona,Villabona,43.1854,-2.05304,P,PPLA3,59,SS,20075,,20,5822
3105757,Villabaruz de Campos,Villabaruz de Campos,"Villabaruz,Villabaruz de Campos",42.01099,-4.99624,P,PPLA3,55,VA,47196,,47,50
3105759,Villabáñez,Villabanez,"Villabanez,Villabáñez",41.63097,-4.52192,P,PPLA3,55,VA,47195,,47,485
3105772,Vileña,Vilena,"Vilena,Vileña",42.62227,-3.32293,P,PPLA3,55,BU,09423,,09,29
3105806,Vilasantar,Vilasantar,"Santiago,Vilasantar",43.07106,-8.12163,P,PPLA3,58,C,15090,,15,1546
3105807,Vila-sacra,Vila-sacra,Vila-sacra,42.26578,3.01839,P,PPLA3,56,GI,17230,,17,0
3105877,Vilaplana,Vilaplana,Vilaplana,41.228,1.03325,P,PPLA3,56,T,43169,,43,564
3105882,Vilanova de Sau,Vilanova de Sau,Vilanova de Sau,41.947,2.3844,P,PPLA3,56,B,08303,08303,08,342
3105883,Vilanova de Prades,Vilanova de Prades,Vilanova de Prades,41.3485,0.95667,P,PPLA3,56,T,43168,43168,43,167
3105889,Vilanova d'Escornalbou,Vilanova d'Escornalbou,"Vilanova d'Escornalbou,Vilanova de Escornalbou",41.11667,0.93333,P,PPLA3,56,T,43167,,43,0
3105890,Vilanova de Bellpuig,Vilanova de Bellpuig,Vilanova de Bellpuig,41.61379,0.96432,P,PPLA3,56,L,25248,,25,1121
3105899,Vilanant,Vilanant,Vilanant,42.25471,2.88923,P,PPLA3,56,GI,17228,,17,327
3105907,Vilamaniscle,Vilamaniscle,Vilamaniscle,42.37522,3.06755,P,PPLA3,56,GI,17227,,17,170
3105908,Vilamalla,Vilamalla,Vilamalla,42.2172,2.97009,P,PPLA3,56,GI,17226,,17,885
3105909,Vilamacolum,Vilamacolum,Vilamacolum,42.19618,3.05662,P,PPLA3,56,GI,17225,,17,299
3105917,Vilajuïga,Vilajuiga,"Vilajuiga,Vilajuïga",42.32533,3.09302,P,PPLA3,56,GI,17223,,17,1057
3105922,Vilafant,Vilafant,Vilafant,42.24668,2.9382,P,PPLA3,56,GI,17221,,17,4818
3105923,Viladrau,Viladrau,,41.84746,2.39019,P,PPLA3,56,GI,17220,17220,17,1005
3105931,Viladasens,Viladasens,"Viladasens,Viladesens,Viladeséns",42.08333,2.93333,P,PPLA3,56,GI,17216,,17,0
3105932,Vilademuls,Vilademuls,Vilademuls,42.1389,2.88819,P,PPLA3,56,GI,17218,,17,772
3105936,Viladecavalls,Viladecavalls,"Viladecaballs,Viladecavalls",41.55,1.95,P,PPLA3,56,B,08300,,08,0
3105937,Vilada,Vilada,Vilada,42.13695,1.93162,P,PPLA3,56,B,08299,,08,0
3105955,Vilablareix,Vilablareix,Vilablareix,41.95746,2.77377,P,PPLA3,56,GI,17215,,17,2194
3105956,Vilabertran,Vilabertran,Vilabertran,42.28255,2.98144,P,PPLA3,56,GI,17214,,17,842
3105957,Vilabella,Vilabella,Vilabella,41.24779,1.33019,P,PPLA3,56,T,43165,,43,772
3105969,Viguera,Viguera,"Vigera,Viguera,bi ge la,bqyrt,Вигера,Вігера,Վիգերա,بقيرة,比格拉",42.30934,-2.53334,P,PPLA3,27,LO,26165,,26,416
3105976,Vigo,Vigo,"Bigo,VGO,Viga,Vigas,Vigo,Vigo shaary,Vigu,bi ko,bigo,bygw,fyghw,vigo,wei ge,wgw,wygw,Βίγο,Виго,Виго шаары,Віга,Віго,Վիգո,ויגו,بیگو,فيغو,وگو,ویگو,वीगो,บีโก,ვიგო,ビーゴ,維戈,비고",42.23282,-8.72264,P,PPLA3,58,PO,36057,,36,293642
3105988,Vierlas,Vierlas,Vierlas,41.92708,-1.68123,P,PPLA3,52,Z,50281,,50,94
3106021,Vidreres,Vidreres,"Vidreras,Vidreres",41.78333,2.78333,P,PPLA3,56,GI,17213,,17,0
3106022,Vidrà,Vidra,"Vidra,Vidrà,Vidrá",42.12285,2.30977,P,PPLA3,56,GI,17212,08233,17,165
3106026,Videmala,Videmala,Videmala,41.61299,-6.04056,P,PPLA3,55,ZA,49237,,49,225
3106032,Vidayanes,Vidayanes,Vidayanes,41.91011,-5.57424,P,PPLA3,55,ZA,49236,,49,100
3106050,Vic,Vic,"Vic,a'usa,আউসা",41.93012,2.25486,P,PPLA3,56,B,08298,,08,39844
3106062,Viandar de la Vera,Viandar de la Vera,Viandar de la Vera,40.12191,-5.53593,P,PPLA3,57,CC,10206,,10,306
3106065,Viana de Jadraque,Viana de Jadraque,Viana de Jadraque,41.02577,-2.76966,P,PPLA3,54,GU,19314,,19,42
3106066,Viana de Duero,Viana de Duero,"Viana,Viana de Duero,Viana-de-Duehro,Viana-de-Duero,bi ya na de du ai luo,Виана-де-Дуэро,Віана-де-Дуеро,比亚纳德杜埃罗",41.53406,-2.46099,P,PPLA3,55,SO,42204,,42,73
3106067,Viana de Cega,Viana de Cega,,41.52927,-4.75245,P,PPLA3,55,VA,47193,,47,1794
3106073,Viana,Viana,Viana,42.51552,-2.37123,P,PPLA3,32,NA,31251,,31,0
3106077,Vezdemarbán,Vezdemarban,"Vezdemarban,Vezdemarbán",41.6548,-5.36609,P,PPLA3,55,ZA,49235,,49,629
3106081,Vertavillo,Vertavillo,Vertavillo,41.83281,-4.32707,P,PPLA3,55,P,34201,,34,214
3106086,Verín,Verin,,41.94149,-7.43809,P,PPLA3,58,OR,32085,,32,13817
3106089,Verges,Verges,,42.06283,3.04579,P,PPLA3,56,GI,17211,,17,1166
3106095,Verea,Verea,Santiago,42.10653,-8.00092,P,PPLA3,58,OR,32084,,32,1403
3106097,Verdú,Verdu,,41.61057,1.14284,P,PPLA3,56,L,25242,,25,1057
3106111,Vera de Moncayo,Vera de Moncayo,"Vera,Vera de Moncayo",41.824,-1.68799,P,PPLA3,52,Z,50280,,50,419
3106116,Venturada,Venturada,Venturada,40.79717,-3.61974,P,PPLA3,29,M,28169,,28,1193
3106118,Ventrosa,Ventrosa,Ventrosa,42.15705,-2.85044,P,PPLA3,27,LO,26164,,26,76
3106130,Ventosa del Río Almar,Ventosa del Rio Almar,"Ventosa del Rio Almar,Ventosa del Río Almar",40.92728,-5.34838,P,PPLA3,55,SA,37348,,37,128
3106132,Ventosa de la Cuesta,Ventosa de la Cuesta,Ventosa de la Cuesta,41.4111,-4.82932,P,PPLA3,55,VA,47192,,47,129
3106141,Ventosa,Ventosa,"Ventosa,ben tuo sa,Вентоса,Վենտոսա,本托萨",42.40495,-2.62651,P,PPLA3,27,LO,26163,,26,137
3106158,Ventalló,Ventallo,"Ventallo,Ventalló",42.14921,3.02635,P,PPLA3,56,GI,17210,,17,675
3106166,Venta de Baños,Venta de Banos,"Venta de Banos,Venta de Baños,Venta-de-Ban'jos,Venta-de-Ban'os,ben ta de wa ni ao si,Вента-де-Баньйос,Вента-де-Баньос,本塔德瓦尼奥斯",41.9211,-4.49089,P,PPLA3,55,P,34023,,34,5918
3106173,Venialbo,Venialbo,Venialbo,41.38957,-5.53596,P,PPLA3,55,ZA,49234,,49,496
3106192,Velliza,Velliza,Velliza,41.57918,-4.94655,P,PPLA3,55,VA,47191,,47,139
3106193,Vellisca,Vellisca,Vellisca,40.12965,-2.81444,P,PPLA3,54,CU,16240,,16,163
3106202,Velilla de San Antonio,Velilla de San Antonio,Velilla de San Antonio,40.36516,-3.48484,P,PPLA3,29,M,28167,,28,11553
3106206,Velilla de los Ajos,Velilla de los Ajos,Velilla de los Ajos,41.49058,-2.25579,P,PPLA3,55,SO,42202,,42,40
3106210,Velilla de Jiloca,Velilla de Jiloca,Velilla de Jiloca,41.27509,-1.60396,P,PPLA3,52,Z,50279,,50,111
3106211,Velilla de Ebro,Velilla de Ebro,Velilla de Ebro,41.37416,-0.43483,P,PPLA3,52,Z,50278,,50,260
3106213,Velilla,Velilla,Velilla,41.5592,-5.00454,P,PPLA3,55,VA,47190,,47,130
3106217,Velayos,Velayos,Velayos,40.84157,-4.62324,P,PPLA3,55,AV,05254,,05,276
3106221,Velascálvaro,Velascalvaro,"Velascalvaro,Velascálvaro",41.23028,-4.97242,P,PPLA3,55,VA,47189,,47,188
3106222,Velamazán,Velamazan,"Velamasan,Velamazan,Velamazán,Vilamazan,Vilamazán,bei la ma sang,Веламасан,贝拉马桑",41.44895,-2.69935,P,PPLA3,55,SO,42200,,42,122
3106247,Veguillas de la Sierra,Veguillas de la Sierra,"Veguillas,Veguillas de la Sierra",40.15,-1.4,P,PPLA3,52,TE,44250,,44,22
3106257,Vegas de Matute,Vegas de Matute,Vegas de Matute,40.79476,-4.27762,P,PPLA3,55,SG,40223,,40,259
3106268,Vegaquemada,Vegaquemada,Vegaquemada,42.8187,-5.33242,P,PPLA3,55,LE,24199,,24,477
3106271,Veganzones,Veganzones,"Beganzones,Veganzones",41.19308,-3.99329,P,PPLA3,55,SG,40222,,40,296
3106275,Vegalatrave,Vegalatrave,Vegalatrave,41.70026,-6.10675,P,PPLA3,55,ZA,49233,,49,147
3106278,Vega de Villalobos,Vega de Villalobos,Vega de Villalobos,41.97057,-5.46324,P,PPLA3,55,ZA,49232,,49,150
3106279,Vega de Valdetronco,Vega de Valdetronco,Vega de Valdetronco,41.59364,-5.11319,P,PPLA3,55,VA,47188,,47,160
3106280,Vega de Valcarce,Vega de Valcarce,"A Veiga de Valcarce,Vega de Valcarce,Vega-de-Val'karse,bei jia de wa er ka er sai,Вега-де-Валькарсе,ベガ・デ・バルカルセ,贝加德瓦尔卡尔塞",42.66068,-6.93785,P,PPLA3,55,LE,24198,,24,802
3106281,Vega de Tirados,Vega de Tirados,Vega de Tirados,41.02543,-5.88667,P,PPLA3,55,SA,37345,,37,286
3106282,Vega de Tera,Vega de Tera,Vega de Tera,41.99759,-6.125,P,PPLA3,55,ZA,49231,,49,457
3106285,Vega de Santa María,Vega de Santa Maria,"Vega de Santa Maria,Vega de Santa María",40.83618,-4.64287,P,PPLA3,55,AV,05253,,05,126
3106286,Vega de Ruiponce,Vega de Ruiponce,Vega de Ruiponce,42.18808,-5.11477,P,PPLA3,55,VA,47187,,47,134
3106291,Vega de Pas,Vega de Pas,"Vega de Pas,Vega-de-Pas,bei jia de pa si,fyja dy bas,Вега-де-Пас,فيجا دي باس,贝加德帕斯",43.15692,-3.78316,P,PPLA3,39,S,39097,,39,947
3106293,Vegadeo,Vegadeo,"A Veiga,Vegadeo,bei jia de ao,bgadyw,fyghadyw,Вегадео,بگادئو,فيغاديو,贝加德奥",43.46834,-7.0539,P,PPLA3,34,O,33074,,33,4427
3106309,Vega de Infanzones,Vega de Infanzones,"Vega,Vega de Infanzones",42.48116,-5.53295,P,PPLA3,55,LE,24197,,24,846
3106313,Vega de Espinareda,Vega de Espinareda,"A Veiga de Espinareda,A Veiga de Espiñareda,Vega de Espinareda,Vega del Espinareda,Vega-de-Ehspinareda,Vega-de-Espinareda,bei jia de ai si pi na lei da,Вега-де-Еспінареда,Вега-де-Эспинареда,ベガ・デ・エスピナレーダ,贝加德埃斯皮纳雷达",42.72537,-6.65439,P,PPLA3,55,LE,24196,,24,2647
3106320,Vegacervera,Vegacervera,Vegacervera,42.88808,-5.53549,P,PPLA3,55,LE,24194,,24,335
3106356,Vedra,Vedra,"Santa Eulalia,Vedra",42.77817,-8.47636,P,PPLA3,58,C,15089,,15,5069
3106359,Vecinos,Vecinos,Vecinos,40.77875,-5.87815,P,PPLA3,55,SA,37344,,37,302
3106388,Valverdón,Valverdon,"Valverdon,Valverdón",41.04691,-5.76955,P,PPLA3,55,SA,37342,,37,294
3106390,Valverde-Enrique,Valverde-Enrique,Valverde-Enrique,42.30459,-5.2999,P,PPLA3,55,LE,24190,,24,208
3106391,Valverde de Valdelacasa,Valverde de Valdelacasa,Valverde de Valdelacasa,40.48155,-5.78145,P,PPLA3,55,SA,37341,,37,64
3106393,Valverde de los Arroyos,Valverde de los Arroyos,Valverde de los Arroyos,41.1293,-3.23333,P,PPLA3,54,GU,19311,,19,102
3106395,Valverde del Majano,Valverde del Majano,Valverde del Majano,40.95689,-4.23468,P,PPLA3,55,SG,40216,,40,586
3106396,Valverde del Fresno,Valverde del Fresno,Valverde del Fresno,40.2221,-6.87848,P,PPLA3,57,CC,10205,,10,2563
3106397,Valverde de la Virgen,Valverde de la Virgen,"Val'verde-de-la-Virkhen,Valverde de la Virgen,ba er wei er de de la wei er heng,Вальверде-де-ла-Вирхен,Вальверде-де-ла-Вірхен,巴尔韦尔德德拉维尔亨",42.56823,-5.68461,P,PPLA3,55,LE,24189,,24,4732
3106398,Valverde de la Vera,Valverde de la Vera,Valverde de la Vera,40.12268,-5.49541,P,PPLA3,57,CC,10204,,10,706
3106402,Valverde de Campos,Valverde de Campos,"Valverde,Valverde de Campos",41.8351,-5.03674,P,PPLA3,55,VA,47185,,47,120
3106403,Valverde de Alcalá,Valverde de Alcala,"Valverde de Alcala,Valverde de Alcalá",40.41667,-3.29631,P,PPLA3,29,M,28166,,28,346
3106424,Valtorres,Valtorres,Valtorres,41.29855,-1.7408,P,PPLA3,52,Z,50277,,50,117
3106430,Valtierra,Valtierra,Valtierra,42.19653,-1.63459,P,PPLA3,32,NA,31249,,31,2435
3106431,Valtiendas,Valtiendas,Valtiendas,41.47851,-3.91766,P,PPLA3,55,SG,40215,,40,157
3106432,Valtajeros,Valtajeros,"Val'takheros,Valtajeros,ba er ta he luo si,Вальтахерос,巴尔塔赫罗斯",41.93808,-2.22289,P,PPLA3,55,SO,42198,,42,28
3106435,Valtablado del Río,Valtablado del Rio,"Valtablado del Rio,Valtablado del Río",40.7142,-2.40225,P,PPLA3,54,GU,19310,,19,20
3106444,Valseca,Valseca,Valseca,40.99933,-4.17514,P,PPLA3,55,SG,40214,,40,327
3106446,Valsalobre,Valsalobre,Valsalobre,40.61742,-2.09297,P,PPLA3,54,CU,16234,,16,65
3106448,Valsalabroso,Valsalabroso,Valsalabroso,41.10962,-6.50269,P,PPLA3,55,SA,37340,,37,189
3106461,Valpalmas,Valpalmas,Valpalmas,42.15821,-0.85481,P,PPLA3,52,Z,50276,,50,166
3106462,Valoria la Buena,Valoria la Buena,"Valoria,Valoria la Buena,Valoria la Bueno,Viloria la Buena",41.79966,-4.53055,P,PPLA3,55,VA,47184,,47,674
3106471,Valmojado,Valmojado,,40.20444,-4.09146,P,PPLA3,54,TO,45180,,45,2887
3106477,Balmaseda,Balmaseda,"Balmaseda,Valmaseda",43.2,-3.2,P,PPLA3,59,BI,48090,,48,7684
3106480,Valmala,Valmala,Valmala,42.3059,-3.25456,P,PPLA3,55,BU,09407,,09,32
3106482,Valmadrid,Valmadrid,Valmadrid,41.44351,-0.88482,P,PPLA3,52,Z,50275,,50,102
3106488,Valluércanes,Valluercanes,"Valluercanes,Valluércanes",42.5722,-3.12113,P,PPLA3,55,BU,09419,,09,103
3106492,Valls,Valls,"Val's,Valls,Вальс",41.28612,1.24993,P,PPLA3,56,T,43161,,43,25092
3106493,Vallromanes,Vallromanes,"Vallromanas,Vallromanes",41.53333,2.3,P,PPLA3,56,B,08296,,08,0
3106515,Vallirana,Vallirana,Vallirana,41.38676,1.93205,P,PPLA3,56,B,08295,,08,14066
3106523,Vallibona,Vallibona,"Vallibana,Vallibona",40.603,0.04642,P,PPLA3,60,CS,12127,,12,84
3106526,Vallgorguina,Vallgorguina,Vallgorguina,41.64822,2.50996,P,PPLA3,56,B,08294,,08,2854
3106527,Vallfogona de Riucorb,Vallfogona de Riucorb,"Val'fogona-de-Riukorb,Valfogona de Riukorb,Vallfogona de Riucorb,Vallfogona de Riucorp,Vallfogona de Ríucorp,ba li fu ge na de liu ke er bu,bayfgna d rywkrb,falfwghwna dy rywkrb,Вальфогона-де-Риукорб,Վալֆոգոնա դե Ռիուկորբ,بایفگنا د ریوکرب,فالفوغونا دي ريوكرب,巴利福戈纳德留科尔布",41.5628,1.23691,P,PPLA3,56,T,43159,,43,0
3106535,Valles de Palenzuela,Valles de Palenzuela,Valles de Palenzuela,42.12019,-4.0775,P,PPLA3,55,BU,09418,,09,100
3106538,Vallesa de la Guareña,Vallesa de la Guarena,"Vallesa de la Guarena,Vallesa de la Guareña",41.13532,-5.32611,P,PPLA3,55,ZA,49230,,49,161
3106544,Valleruela de Sepúlveda,Valleruela de Sepulveda,"Valleruela de Sepulveda,Valleruela de Sepúlveda",41.18794,-3.77277,P,PPLA3,55,SG,40221,,40,70
3106545,Valleruela de Pedraza,Valleruela de Pedraza,Valleruela de Pedraza,41.17937,-3.80717,P,PPLA3,55,SG,40220,,40,65
3106551,Vallelado,Vallelado,Vallelado,41.40436,-4.42662,P,PPLA3,55,SG,40219,,40,826
3106563,Vallejera de Riofrío,Vallejera de Riofrio,"Vallejera de Riofrio,Vallejera de Riofrío",40.4091,-5.71943,P,PPLA3,55,SA,37343,,37,70
3106572,Valle de Tabladillo,Valle de Tabladillo,Valle de Tabladillo,41.36304,-3.83966,P,PPLA3,55,SG,40218,,40,144
3106591,Valle de Cerrato,Valle de Cerrato,Valle de Cerrato,41.88045,-4.36243,P,PPLA3,55,P,34196,,34,112
3106600,Vallecillo,Vallecillo,Vallecillo,42.35604,-5.21088,P,PPLA3,55,LE,24191,,24,145
3106656,Vallclara,Vallclara,Vallclara,41.37958,0.98342,P,PPLA3,56,T,43158,43158,43,114
3106658,Vallcebre,Vallcebre,"Valcebre,Vallcebre",42.20347,1.81815,P,PPLA3,56,B,08293,,08,0
3106663,Vallbona de les Monges,Vallbona de les Monges,Vallbona de les Monges,41.52631,1.08872,P,PPLA3,56,L,25238,,25,0
3106665,Vallarta de Bureba,Vallarta de Bureba,Vallarta de Bureba,42.58864,-3.20457,P,PPLA3,55,BU,09408,,09,60
3106669,Vallanca,Vallanca,Vallanca,40.06667,-1.33333,P,PPLA3,60,V,46252,,46,190
3106672,Valladolid,Valladolid,"Lungsod ng Valladolid,Pincia,Pucela,VLL,Vagiadolid,Val'jadalid,Val'jadolid,Valadoli,Valadolid,Valadolido,Valdoletum,Valhadolid,Valjadolid,Valjadolida,Valjadolidas,Valladolid,Valladolis,Valladolit,Valladolíd,Valladolís,Vallis Tolitum,Valyadolid,Vayadolid,Vaładołì,ba li ya duo li de,ba ya do lid,baryadoriddo,bayadollideu,bld alwlyd,fayadwlydh,valiadolidi,vayadolida,wayadwlyd,wʼyʼdwlyd,Βαγιαδολίδ,Вальядалід,Вальядолид,Вальядолід,Валядолид,Ваљадолид,ואיאדוליד,بلد الوليد,فايادوليذ,والاڈولڈ,وایادولید,ڤایادۆلید,वायादोलिद,บายาโดลิด,ვალიადოლიდი,バリャドリッド,巴利亚多利德,바야돌리드",41.65541,-4.72353,P,PPLA,55,VA,47186,,47,300618
3106682,Valjunquera,Valjunquera,"Valjunquera,Valljunquera",40.9525,0.02575,P,PPLA3,52,TE,44247,,44,414
3106698,Valhermoso,Valhermoso,Valhermoso,40.7859,-1.96121,P,PPLA3,54,GU,19309,,19,43
3106700,Valgañón,Valganon,"Val'gan'jon,Val'gan'on,Valganion,Valganon,Valgañón,ba er jia ni weng,Вальганьйон,Вальганьон,Վալգանիոն,巴尔加尼翁",42.31782,-3.06725,P,PPLA3,27,LO,26162,,26,156
3106702,Valga,Valga,,42.69792,-8.63959,P,PPLA3,58,PO,36056,,36,6143
3106703,Valfermoso de Tajuña,Valfermoso de Tajuna,"Valfermoso de Tajuna,Valfermoso de Tajuña",40.61902,-2.95407,P,PPLA3,54,GU,19308,,19,93
3106705,Valfarta,Valfarta,Valfarta,41.55726,-0.13304,P,PPLA3,52,HU,22242,,22,86
3106710,Valero,Valero,,40.53533,-5.94307,P,PPLA3,55,SA,37339,,37,448
3106718,Valencia de Don Juan,Valencia de Don Juan,"Valencia de Don Juan,Valensija-de-Don-Khuan,ba lun xi ya de dong hu an,Валенсия-де-Дон-Хуан,Валенсія-де-Дон-Хуан,巴伦西亚德东胡安",42.29374,-5.5172,P,PPLA3,55,LE,24188,,24,4184
3106726,Valdunquillo,Valdunquillo,Valdunquillo,42.04232,-5.31339,P,PPLA3,55,VA,47183,,47,204
3106728,Valdunciel,Valdunciel,Valdunciel,41.08544,-5.67217,P,PPLA3,55,SA,37338,,37,102
3106732,Valdoviño,Valdovino,"Santa Eulalia,Valdovino,Valdoviño",43.6,-8.13333,P,PPLA3,58,C,15087,,15,6838
3106734,Valdorros,Valdorros,Valdorros,42.17232,-3.70938,P,PPLA3,55,BU,09406,,09,182
3106742,Valdilecha,Valdilecha,Valdilecha,40.2953,-3.30233,P,PPLA3,29,M,28165,,28,2347
3106745,Valdezate,Valdezate,Valdezate,41.60231,-3.93045,P,PPLA3,55,BU,09405,,09,178
3106748,Valdevimbre,Valdevimbre,"Val'devimbre,Valdevimbre,ba er de wen fu lei,Вальдевимбре,Вальдевімбре,巴尔德温夫雷",42.41959,-5.61975,P,PPLA3,55,LE,24187,,24,1089
3106754,Valdevacas de Montejo,Valdevacas de Montejo,Valdevacas de Montejo,41.52068,-3.63571,P,PPLA3,55,SG,40212,,40,28
3106759,Valdetorres de Jarama,Valdetorres de Jarama,Valdetorres de Jarama,40.69366,-3.51156,P,PPLA3,29,M,28164,,28,5001
3106763,Valdestillas,Valdestillas,Valdestillas,41.47697,-4.77116,P,PPLA3,55,VA,47182,,47,1683
3106771,Valdesotos,Valdesotos,Valdesotos,40.95546,-3.32542,P,PPLA3,54,GU,19307,,19,23
3106777,Valdescorriel,Valdescorriel,Valdescorriel,42.02233,-5.50998,P,PPLA3,55,ZA,49229,,49,191
3106786,Val de San Martín,Val de San Martin,,41.05787,-1.44934,P,PPLA3,52,Z,50274,,50,83
3106787,Val de San Lorenzo,Val de San Lorenzo,Val de San Lorenzo,42.41819,-6.12391,P,PPLA3,55,LE,24185,,24,659
3106793,Valdesamario,Valdesamario,"Val'desamario,Valdesamario,ba er de sa ma li ao,Вальдесамарио,Вальдесамаріо,巴尔德萨马里奥",42.72094,-5.95104,P,PPLA3,55,LE,24184,,24,211
3106797,Valderrueda,Valderrueda,Valderrueda,42.81558,-4.94731,P,PPLA3,55,LE,24183,,24,1100
3106800,Valderrodrigo,Valderrodrigo,Valderrodrigo,41.06524,-6.50878,P,PPLA3,55,SA,37337,,37,173
3106801,Valderrodilla,Valderrodilla,"Val'derrodil'ja,Valderrodilla,ba er de luo di li ya,Вальдерродилья,Вальдерроділья,巴尔德罗迪利亚",41.56346,-2.80777,P,PPLA3,55,SO,42197,,42,111
3106803,Valderrobres,Valderrobres,"Baldecaxicos,Valderrobres,Vall-de-roures,Vallderroures",40.87209,0.15431,P,PPLA3,52,TE,44246,,44,2077
3106804,Valderrey,Valderrey,Valderrey,42.39408,-6.02151,P,PPLA3,55,LE,24182,,24,567
3106805,Valderrebollo,Valderrebollo,Valderrebollo,40.81035,-2.72887,P,PPLA3,54,GU,19306,,19,46
3106807,Valderrábano,Valderrabano,"Valderrabano,Valderrábano",42.60674,-4.65584,P,PPLA3,55,P,34190,,34,60
3106812,Valderas,Valderas,"Val'deras,Valderas,ba er de la si,waldras,Вальдерас,والدراس,巴尔德拉斯",42.0783,-5.44355,P,PPLA3,55,LE,24181,,24,2036
3106818,Valdeprados,Valdeprados,Valdeprados,40.81766,-4.25734,P,PPLA3,55,SG,40211,,40,64
3106822,Valdeprado,Valdeprado,Valdeprado,41.93768,-2.10915,P,PPLA3,55,SO,42196,,42,21
3106826,Valdepolo,Valdepolo,Valdepolo,42.57686,-5.22513,P,PPLA3,55,LE,24180,,24,1451
3106830,Valdepiélagos,Valdepielagos,"Valdepielagos,Valdepiélagos",40.75842,-3.46163,P,PPLA3,29,M,28163,,28,414
3106831,Valdepiélago,Valdepielago,"Valdepielago,Valdepiélago",42.86895,-5.39763,P,PPLA3,55,LE,24179,,24,431
3106836,Valdepeñas de la Sierra,Valdepenas de la Sierra,"Val'depen'jas-de-la-S'erra,Valdepenas de la Sierra,Valdepeñas de la Sierra,ba er de pei ni ya si de la xie la,Вальдепеньяс-де-ла-Сьерра,Вальдепеньяс-де-ла-Сьєрра,巴尔德佩尼亚斯德拉谢拉",40.90562,-3.38414,P,PPLA3,54,GU,19305,,19,187
3106844,Valdeolmillos,Valdeolmillos,Valdeolmillos,42.04123,-4.40015,P,PPLA3,55,P,34189,,34,84
3106846,Valdeolivas,Valdeolivas,Valdeolivas,40.506,-2.44532,P,PPLA3,54,CU,16228,,16,268
3106848,Valdeobispo,Valdeobispo,Valdeobispo,40.08297,-6.24757,P,PPLA3,57,CC,10202,,10,774
3106855,Valdenebro de los Valles,Valdenebro de los Valles,Valdenebro de los Valles,41.8569,-4.97005,P,PPLA3,55,VA,47181,,47,219
3106856,Valdenebro,Valdenebro,Valdenebro,41.57167,-2.96424,P,PPLA3,55,SO,42195,,42,149
3106862,Valdemoro-Sierra,Valdemoro-Sierra,"Valdemoro de la Sierra,Valdemoro-Sierra",40.1,-1.76667,P,PPLA3,54,CU,16227,,16,168
3106868,Valdemoro,Valdemoro,"Val'demoro,Valdemoro,Vallis Mauri,ba er de mo luo,fladymwrw,Валдеморо,Вальдеморо,فلاديمورو,巴尔德莫罗",40.19081,-3.67887,P,PPLA3,29,M,28161,,28,74745
3106869,Valdemorillo de la Sierra,Valdemorillo de la Sierra,"Valdemorillo,Valdemorillo de la Sierra",40.03333,-1.78333,P,PPLA3,54,CU,16225,,16,79
3106870,Valdemorillo,Valdemorillo,Valdemorillo,40.50064,-4.0671,P,PPLA3,29,M,28160,,28,11045
3106876,Valdemora,Valdemora,Valdemora,42.19541,-5.42747,P,PPLA3,55,LE,24178,,24,96
3106880,Valdemierque,Valdemierque,Valdemierque,40.82176,-5.58225,P,PPLA3,55,SA,37336,,37,47
3106886,Valdemeca,Valdemeca,Valdemeca,40.22367,-1.74358,P,PPLA3,54,CU,16224,,16,96
3106888,Valdemaqueda,Valdemaqueda,Valdemaqueda,40.51201,-4.29722,P,PPLA3,29,M,28159,,28,775
3106890,Valdemanco,Valdemanco,Valdemanco,40.87039,-3.65873,P,PPLA3,29,M,28158,,28,840
3106891,Valdemaluque,Valdemaluque,"Val'demaluke,Valdemaluque,ba er de ma lu ke,Вальдемалуке,巴尔德马卢克",41.67377,-3.04643,P,PPLA3,55,SO,42194,,42,244
3106893,Valdemadera,Valdemadera,Valdemadera,41.98408,-2.07403,P,PPLA3,27,LO,26161,,26,10
3106895,Valdeltormo,Valdeltormo,"Valdeltormo,Valldeltormo",40.98716,0.08342,P,PPLA3,52,TE,44245,,44,344
3106897,Valdelosa,Valdelosa,Valdelosa,41.17157,-5.7839,P,PPLA3,55,SA,37335,,37,547
3106902,Valdelinares,Valdelinares,Valdelinares,40.39114,-0.60593,P,PPLA3,52,TE,44244,,44,149
3106903,Valdelcubo,Valdelcubo,Valdelcubo,41.22637,-2.67588,P,PPLA3,54,GU,19303,,19,78
3106917,Valdelagua del Cerro,Valdelagua del Cerro,"Val'delagua-del'-Serro,Val'delagva-del'-Serro,Valdelagua del Cerro,ba er de la gua de er sai luo,baldlagwa dl srw,Вальделагва-дель-Серро,Вальделагуа-дель-Серро,بالدلاگوا دل سرو,巴尔德拉瓜德尔塞罗",41.88825,-2.11538,P,PPLA3,55,SO,42193,,42,15
3106920,Valdelageve,Valdelageve,Valdelageve,40.36949,-5.99078,P,PPLA3,55,SA,37334,,37,106
3106926,Valdelacasa,Valdelacasa,Valdelacasa,40.50631,-5.76354,P,PPLA3,55,SA,37333,,37,317
3106934,Valdehorna,Valdehorna,,41.07275,-1.42376,P,PPLA3,52,Z,50273,,50,49
3106936,Valdehijaderos,Valdehijaderos,Valdehijaderos,40.41916,-5.84792,P,PPLA3,55,SA,37332,,37,108
3106942,Valdegrudas,Valdegrudas,Valdegrudas,40.71125,-3.01209,P,PPLA3,54,GU,19302,,19,63
3106947,Valdefuentes de Sangusín,Valdefuentes de Sangusin,"Valdefuentes de Sangusin,Valdefuentes de Sangusín",40.46578,-5.83286,P,PPLA3,55,SA,37331,,37,297
3106948,Valdefuentes del Páramo,Valdefuentes del Paramo,"Valdefuentes del Paramo,Valdefuentes del Páramo",42.3237,-5.83097,P,PPLA3,55,LE,24176,,24,377
3106955,Valdefresno,Valdefresno,"Val'defresno,Valdefresno,ba er de fu lei si nuo,barudefuresuno,Вальдефресно,バルデフレスノ,巴尔德夫雷斯诺",42.59492,-5.49355,P,PPLA3,55,LE,24175,,24,1911
3106958,Valdefinjas,Valdefinjas,Valdefinjas,41.45172,-5.45232,P,PPLA3,55,ZA,49228,,49,90
3106967,Valdecuenca,Valdecuenca,Valdecuenca,40.29776,-1.40829,P,PPLA3,52,TE,44243,,44,48
3106971,Valdeconcha,Valdeconcha,Valdeconcha,40.45643,-2.87663,P,PPLA3,54,GU,19301,,19,49
3106980,Valdecasa,Valdecasa,"Val'dekasa,Valdecasa,Valdekasa,ba er de ka sa,baldkasa,faldykasa,Валдекаса,Вальдекаса,بالدکاسا,فالديكاسا,巴尔德卡萨",40.65931,-5.01183,P,PPLA3,55,AV,05252,,05,88
3106985,Valdecarros,Valdecarros,Valdecarros,40.77007,-5.42219,P,PPLA3,55,SA,37330,,37,397
3107005,Valdeaveruelo,Valdeaveruelo,Valdeaveruelo,40.63473,-3.31367,P,PPLA3,54,GU,19300,,19,570
3107006,Valdeavero,Valdeavero,Valdeavero,40.6298,-3.33001,P,PPLA3,29,M,28156,,28,790
3107008,Valdeavellano de Tera,Valdeavellano de Tera,Valdeavellano de Tera,41.94229,-2.57634,P,PPLA3,55,SO,42191,,42,222
3107009,Valdeavellano,Valdeavellano,Valdeavellano,40.6656,-2.96977,P,PPLA3,54,GU,19299,,19,104
3107014,Valdearenas,Valdearenas,Valdearenas,40.80939,-2.99218,P,PPLA3,54,GU,19298,,19,89
3107015,Valdearcos de la Vega,Valdearcos de la Vega,Valdearcos de la Vega,41.6426,-4.04845,P,PPLA3,55,VA,47180,,47,110
3107019,Valdeande,Valdeande,Valdeande,41.83302,-3.52792,P,PPLA3,55,BU,09403,,09,123
3107026,Valdealgorfa,Valdealgorfa,Valdealgorfa,40.99066,-0.03433,P,PPLA3,52,TE,44241,,44,731
3107038,Valdastillas,Valdastillas,Valdastillas,40.13293,-5.87932,P,PPLA3,57,CC,10196,,10,317
3107040,Valdarachas,Valdarachas,Valdarachas,40.5171,-3.12652,P,PPLA3,54,GU,19297,,19,28
3107041,Valdaracete,Valdaracete,Valdaracete,40.2077,-3.19101,P,PPLA3,29,M,28155,,28,630
3107065,Valcabado,Valcabado,Valcabado,41.54863,-5.74916,P,PPLA3,55,ZA,49227,,49,337
3107071,Valbuena de Pisuerga,Valbuena de Pisuerga,"Valbuena,Valbuena de Pisuerga",42.14584,-4.2401,P,PPLA3,55,P,34186,,34,66
3107074,Valbuena de Duero,Valbuena de Duero,Valbuena de Duero,41.64323,-4.29271,P,PPLA3,55,VA,47179,,47,497
3107084,Valbona,Valbona,Valbona,40.22877,-0.81079,P,PPLA3,52,TE,44240,,44,220
3107087,Valacloche,Valacloche,Valacloche,40.19092,-1.09134,P,PPLA3,52,TE,44239,,44,26
3107102,Vadocondes,Vadocondes,Vadocondes,41.63925,-3.57378,P,PPLA3,55,BU,09400,,09,412
3107105,Vadillo de la Sierra,Vadillo de la Sierra,Vadillo de la Sierra,40.60634,-5.12506,P,PPLA3,55,AV,05251,,05,119
3107106,Vadillo de la Guareña,Vadillo de la Guarena,"Vadillo de la Guarena,Vadillo de la Guareña",41.28242,-5.353,P,PPLA3,55,ZA,49226,,49,351
3107109,Vadillo,Vadillo,Vadillo,41.79111,-3.00845,P,PPLA3,55,SO,42190,,42,136
3107133,Utrillas,Utrillas,"Utrella,Utrillas",40.81267,-0.84545,P,PPLA3,52,TE,44238,,44,3219
3107138,Uterga,Uterga,,42.70981,-1.76004,P,PPLA3,32,NA,31246,,31,170
3107139,Utebo,Utebo,Utebo,41.70826,-0.99916,P,PPLA3,52,Z,50272,,50,17677
3107140,Utande,Utande,Utande,40.84832,-2.9277,P,PPLA3,54,GU,19296,,19,52
3107141,Usurbil,Usurbil,"Usurbil,Usúrbil",43.27164,-2.04912,P,PPLA3,59,SS,20073,,20,5559
3107149,Used,Used,,41.05554,-1.55954,P,PPLA3,52,Z,50271,,50,355
3107156,Urzainqui,Urzainqui,Urzainqui,42.83029,-0.94617,P,PPLA3,32,NA,31245,,31,111
3107157,Uruñuela,Urunuela,"Urunuela,Uruñuela",42.4431,-2.70749,P,PPLA3,27,LO,26160,,26,778
3107159,Urueñas,Uruenas,"Uruenas,Urueñas",41.35589,-3.77391,P,PPLA3,55,SG,40210,,40,124
3107160,Urueña,Uruena,"Uruena,Urueña",41.72738,-5.20304,P,PPLA3,55,VA,47178,,47,211
3107180,Urriés,Urries,,42.51943,-1.13022,P,PPLA3,52,Z,50270,,50,56
3107190,Urrea de Jalón,Urrea de Jalon,"Urrea de Jalon,Urrea de Jalón",41.66715,-1.2342,P,PPLA3,52,Z,50269,,50,343
3107202,Urones de Castroponce,Urones de Castroponce,Urones de Castroponce,42.09911,-5.28222,P,PPLA3,55,VA,47177,,47,145
3107204,Urnieta,Urnieta,,43.24727,-1.99084,P,PPLA3,59,SS,20072,,20,5827
3107229,Urdiales del Páramo,Urdiales del Paramo,,42.37034,-5.77297,P,PPLA3,55,LE,24174,,24,593
3107236,Urdazubi / Urdax,Urdazubi / Urdax,"Urdax,Urdazubi",43.26727,-1.50389,P,PPLA3,32,NA,31050,,31,367
3107259,Unzué,Unzue,,42.65252,-1.62598,P,PPLA3,32,NA,31238,,31,143
3107269,Undués de Lerda,Undues de Lerda,,42.56572,-1.16944,P,PPLA3,52,Z,50268,,50,63
3107275,Uncastillo,Uncastillo,"Uncastiello,Uncastillo,Unkastil'jo,Unkastil'o,awnkastyw,wen ka si di e,Ункастильо,Ункастільйо,أونكاستيو,温卡斯蒂略",42.35963,-1.12842,P,PPLA3,52,Z,50267,,50,852
3107278,Uña de Quintana,Una de Quintana,"Una de Quintana,Uña de Quintana",42.08662,-6.14475,P,PPLA3,55,ZA,49225,,49,210
3107281,Uña,Una,"Una,Uña",40.2241,-1.97788,P,PPLA3,54,CU,16219,,16,138
3107283,Umbrías,Umbrias,"Umbrias,Umbrías",40.3153,-5.58037,P,PPLA3,55,AV,05249,,05,149
3107293,Ultramort,Ultramort,Ultramort,42.0364,3.03455,P,PPLA3,56,GI,17203,,17,193
3107301,Ullastret,Ullastret,"Ullastret,Ullestret",42,3.06667,P,PPLA3,56,GI,17205,,17,0
3107303,Ulldemolins,Ulldemolins,Ulldemolins,41.32216,0.8765,P,PPLA3,56,T,43157,43157,43,472
3107305,Ulldecona,Ulldecona,,40.59734,0.44718,P,PPLA3,56,T,43156,,43,6273
3107309,Ullà,Ulla,"Ulla,Ullà,Ullá",42.04964,3.10754,P,PPLA3,56,GI,17204,,17,943
3107316,Ujué,Ujue,"Ujue,Ujué,Ukhue,Ukhueh,Uxue,Uxué,wu hu ai,Ухуе,Ухуэ,乌胡埃",42.5,-1.5,P,PPLA3,32,NA,31235,,31,239
3107318,Ujados,Ujados,Ujados,41.23526,-3.00482,P,PPLA3,54,GU,19294,,19,32
3107320,Ugena,Ugena,,40.15572,-3.87603,P,PPLA3,54,TO,45176,,45,2950
3107345,Ucero,Ucero,"Ucero,Usero,wu sai luo,Усеро,乌塞罗",41.71685,-3.05154,P,PPLA3,55,SO,42189,,42,97
3107348,Uceda,Uceda,Uceda,40.83944,-3.4604,P,PPLA3,54,GU,19293,,19,1763
3107364,Tui,Tui,"Tui,Tuy",42.04713,-8.64435,P,PPLA3,58,PO,36055,,36,17262
3107386,Turégano,Turegano,"Turegano,Turégano",41.1561,-4.00696,P,PPLA3,55,SG,40208,,40,1151
3107387,Turcia,Turcia,Turcia,42.53431,-5.87844,P,PPLA3,55,LE,24173,,24,1194
3107396,Tulebras,Tulebras,Tulebras,41.97695,-1.67618,P,PPLA3,32,NA,31233,,31,106
3107413,Tudelilla,Tudelilla,Tudelilla,42.30023,-2.11749,P,PPLA3,27,LO,26158,,26,377
3107415,Tudela de Duero,Tudela de Duero,"Tudela,Tudela de Duera,Tudela de Duero",41.5845,-4.58093,P,PPLA3,55,VA,47175,,47,6302
3107418,Tudela,Tudela,"EEL,Tudela,Тудела",42.06166,-1.60452,P,PPLA3,32,NA,31232,,31,34717
3107424,Tubilla del Lago,Tubilla del Lago,Tubilla del Lago,41.80154,-3.58625,P,PPLA3,55,BU,09396,,09,168
3107425,Tubilla del Agua,Tubilla del Agua,"Tubil'ja-del'-Agua,Tubil'ja-del'-Agva,Tubilla del Agua,tu wei li ya de la gua,twbayla dyl aghwa,Тубилья-дель-Агва,Тубілья-дель-Агуа,توبايلا ديل أغوا,图维利亚德拉瓜",42.70932,-3.80116,P,PPLA3,55,BU,09395,,09,232
3107438,Truchas,Truchas,"Truchas,Trueitas,te lu cha si,Тручас,特鲁查斯",42.26093,-6.43605,P,PPLA3,55,LE,24172,,24,647
3107444,Tronchón,Tronchon,"Tronchon,Tronchón",40.62091,-0.39833,P,PPLA3,52,TE,44236,,44,108
3107466,Triollo,Triollo,Triollo,42.92456,-4.6813,P,PPLA3,55,P,34185,,34,82
3107474,Trillo,Trillo,"Tril'jo,Tril'o,Trillo,Trilyo,te li e,Трильо,Трільйо,Տրիլյո,特里略",40.70086,-2.59265,P,PPLA3,54,GU,19291,,19,1353
3107475,Trijueque,Trijueque,"Trijeque,Trijueque",40.77426,-2.99253,P,PPLA3,54,GU,19290,,19,1055
3107476,Trigueros del Valle,Trigueros del Valle,Trigueros del Valle,41.83049,-4.65179,P,PPLA3,55,VA,47174,,47,343
3107481,Tricio,Tricio,Tritium,42.40223,-2.71912,P,PPLA3,27,LO,26157,,26,373
3107496,Treviana,Treviana,Treviana,42.55901,-3.05032,P,PPLA3,27,LO,26155,,26,228
3107501,Tresviso,Tresviso,Tresviso,43.25753,-4.66768,P,PPLA3,39,S,39088,,39,0
3107504,Trespaderne,Trespaderne,"Trespaderne,te lei si pa de er nei,trspadrnh,Треспадерне,ترسپادرنه,特雷斯帕德尔内",42.80221,-3.38989,P,PPLA3,55,BU,09394,,09,1059
3107509,Trescasas,Trescasas,Trescasas,40.96442,-4.0359,P,PPLA3,55,SG,40207,,40,305
3107519,Tremp,Tremp,Tremp,42.16703,0.89487,P,PPLA3,56,L,25234,,25,5639
3107524,Tremedal de Tormes,Tremedal de Tormes,Tremedal de Tormes,41.07423,-6.18164,P,PPLA3,55,SA,37329,,37,36
3107538,Trefacio,Trefacio,Trefacio,42.12165,-6.65407,P,PPLA3,55,ZA,49224,,49,251
3107546,Trazo,Trazo,"Santa Maria,Santa María,Trac,Trazo,Traç",43.01667,-8.53333,P,PPLA3,58,C,15086,,15,3592
3107558,Traspinedo,Traspinedo,Traspinedo,41.57509,-4.47569,P,PPLA3,55,VA,47173,,47,948
3107564,Trasobares,Trasobares,Trasobares,41.64308,-1.64192,P,PPLA3,52,Z,50266,,50,175
3107566,Trasmoz,Trasmoz,Trasmoz,41.82599,-1.72279,P,PPLA3,52,Z,50265,,50,65
3107574,Trasmiras,Trasmiras,Trasmiras,42.0254,-7.61735,P,PPLA3,58,OR,32082,,32,1752
3107604,Tramaced,Tramaced,Tramaced,41.97318,-0.29752,P,PPLA3,52,HU,22239,,22,116
3107607,Tramacastilla,Tramacastilla,Tramacastilla,40.43059,-1.57466,P,PPLA3,52,TE,44235,,44,136
3107608,Tramacastiel,Tramacastiel,Tramacastiel,40.18842,-1.24081,P,PPLA3,52,TE,44234,,44,115
3107610,Traiguera,Traiguera,Traiguera,40.52511,0.29023,P,PPLA3,60,CS,12121,,12,1531
3107626,Trabazos,Trabazos,Trabazos,41.74793,-6.49094,P,PPLA3,55,ZA,49223,,49,0
3107632,Trabanca,Trabanca,Trabanca,41.23278,-6.38484,P,PPLA3,55,SA,37328,,37,267
3107635,Trabadelo,Trabadelo,"Trabadelo,te la wa de luo,torabadero,Трабадело,トラバデーロ,特拉瓦德洛",42.64874,-6.88,P,PPLA3,55,LE,24171,,24,0
3107637,Trabada,Trabada,,43.44475,-7.19527,P,PPLA3,58,LU,27061,,27,1528
3107653,Touro,Touro,"San Juan,Touro,touro,twarw,twrw,Тоуро,توارو,تورو,トウロ",42.86812,-8.30764,P,PPLA3,58,C,15085,,15,4574
3107661,Tossa de Mar,Tossa de Mar,"Tossa,Tossa de Mar",41.71667,2.93333,P,PPLA3,56,GI,17202,,17,5001
3107665,Tosos,Tosos,Tosos,41.31542,-1.07292,P,PPLA3,52,Z,50264,,50,224
3107667,Toses,Toses,,42.32162,2.01582,P,PPLA3,56,GI,17201,,17,0
3107668,Tosantos,Tosantos,Tosantos,42.41368,-3.24286,P,PPLA3,55,BU,09392,,09,64
3107674,Tortuero,Tortuero,"Tortuera,Tortuero",40.93414,-3.35024,P,PPLA3,54,GU,19288,,19,38
3107675,Tortuera,Tortuera,Tortuera,40.97181,-1.79764,P,PPLA3,54,GU,19287,,19,221
3107677,Tortosa,Tortosa,"Tortosa,Tortoza,Turtoza,tourutoza,trtwsht,tuo er tuo sa,twrtwsh,Тортоза,Тортоса,Туртоза,טורטוסה,طرطوشة,トゥルトーザ,托尔托萨",40.81249,0.5216,P,PPLA3,56,T,43155,,43,35143
3107682,Tórtoles,Tortoles,"Tortoles,Tórtoles",40.5612,-5.2612,P,PPLA3,55,AV,05246,,05,92
3107684,Tórtola de Henares,Tortola de Henares,"Tortola,Tortola de Henares,Tórtola de Henares",40.70425,-3.12316,P,PPLA3,54,GU,19286,,19,487
3107693,Torrubia de Soria,Torrubia de Soria,Torrubia de Soria,41.63045,-2.09151,P,PPLA3,55,SO,42187,,42,75
3107694,Torrubia,Torrubia,Torrubia,40.96581,-1.90064,P,PPLA3,54,GU,19285,,19,39
3107700,Torroella de Montgrí,Torroella de Montgri,"Torroella,Torroella de Montgri,Torroella de Montgrí",42.04254,3.12703,P,PPLA3,56,GI,17199,,17,11598
3107701,Torroella de Fluvià,Torroella de Fluvia,"Torroella de Fluvia,Torroella de Fluvià",42.17522,3.04025,P,PPLA3,56,GI,17198,,17,449
3107702,Torrijo del Campo,Torrijo del Campo,Torrijo del Campo,40.82575,-1.33766,P,PPLA3,52,TE,44232,,44,540
3107703,Torrijo de la Cañada,Torrijo de la Canada,"Torrijo,Torrijo de la Canada,Torrijo de la Cañada",41.47304,-1.87441,P,PPLA3,52,Z,50263,,50,338
3107705,Torrijas,Torrijas,Torrijas,40.01667,-0.95,P,PPLA3,52,TE,44231,,44,85
3107708,Torrevelilla,Torrevelilla,"Torrevelilla,la Torre de Vilella",40.902,-0.10977,P,PPLA3,52,TE,44230,,44,193
3107710,Torre Val de San Pedro,Torre Val de San Pedro,Torre Val de San Pedro,41.07534,-3.87116,P,PPLA3,55,SG,40206,,40,198
3107714,Torresmenudas,Torresmenudas,Torresmenudas,41.10249,-5.78475,P,PPLA3,55,SA,37327,,37,207
3107719,Torres del Río,Torres del Rio,"Torres del Rio,Torres del Río",42.55162,-2.27285,P,PPLA3,32,NA,31231,,31,171
3107721,Torres del Carrizal,Torres del Carrizal,Torres del Carrizal,41.61701,-5.67173,P,PPLA3,55,ZA,49222,,49,500
3107722,Torres de la Alameda,Torres de la Alameda,Torres de la Alameda,40.40264,-3.35767,P,PPLA3,29,M,28154,,28,7712
3107724,Torres de Barbués,Torres de Barbues,"Torres de Barbues,Torres de Barbués",41.9605,-0.4335,P,PPLA3,52,HU,22236,,22,332
3107725,Torres de Alcanadre,Torres de Alcanadre,Torres de Alcanadre,41.96727,-0.11096,P,PPLA3,52,HU,22235,,22,123
3107726,Torres de Albarracín,Torres de Albarracin,"Torres de Albarracin,Torres de Albarracín",40.42709,-1.53242,P,PPLA3,52,TE,44229,,44,141
3107728,Torrescárcela,Torrescarcela,"Torrescarcela,Torrescárcela",41.48455,-4.3192,P,PPLA3,55,VA,47172,,47,166
3107729,Torresandino,Torresandino,Torresandino,41.8292,-3.90981,P,PPLA3,55,BU,09390,,09,796
3107746,Torrent,Torrent,,41.95243,3.12684,P,PPLA3,56,GI,17197,,17,176
3107750,Torremormojón,Torremormojon,"Torremormojon,Torremormojón",41.96018,-4.77765,P,PPLA3,55,P,34184,,34,78
3107751,Torremontalbo,Torremontalbo,Torremontalbo,42.5,-2.68333,P,PPLA3,27,LO,26154,,26,21
3107752,Torremochuela,Torremochuela,Torremochuela,40.76528,-1.8419,P,PPLA3,54,GU,19284,,19,19
3107753,Torremocha del Pinar,Torremocha del Pinar,Torremocha del Pinar,40.88954,-2.04497,P,PPLA3,54,GU,19283,,19,56
3107754,Torremocha del Campo,Torremocha del Campo,Torremocha del Campo,40.97819,-2.61881,P,PPLA3,54,GU,19282,,19,251
3107756,Torremocha de Jarama,Torremocha de Jarama,Torremocha,40.84148,-3.49666,P,PPLA3,29,M,28153,,28,538
3107757,Torremocha de Jadraque,Torremocha de Jadraque,Torremocha de Jadraque,41.01881,-2.89918,P,PPLA3,54,GU,19281,,19,22
3107762,Torremenga,Torremenga,Torremenga,40.04658,-5.77471,P,PPLA3,57,CC,10191,,10,616
3107764,Torre los Negros,Torre los Negros,Torre los Negros,40.85308,-1.09782,P,PPLA3,52,TE,44227,,44,97
3107765,Torrelodones,Torrelodones,,40.57654,-3.92658,P,PPLA3,29,M,28152,,28,21781
3107766,Torrelobatón,Torrelobaton,"Tarrelobaton,Tarrelobatón,Torrelobaton,Torrelobatón",41.64942,-5.02526,P,PPLA3,55,VA,47171,,47,590
3107770,Torrellas,Torrellas,Torrellas,41.89444,-1.77139,P,PPLA3,52,Z,50261,,50,315
3107776,Torrelara,Torrelara,Torrelara,42.16673,-3.51689,P,PPLA3,55,BU,09388,,09,27
3107777,Torrelapaja,Torrelapaja,Torrelapaja,41.58133,-1.95181,P,PPLA3,52,Z,50260,,50,42
3107779,Torrelaguna,Torrelaguna,"Torrelaguna,tuo lei la gu na,twrylajwna,Торрелагуна,توريلاجونا,托雷拉古纳",40.82764,-3.53683,P,PPLA3,29,M,28151,,28,4012
3107781,Torrejón de Velasco,Torrejon de Velasco,,40.18746,-3.77681,P,PPLA3,29,M,28150,,28,3207
3107782,Torrejón del Rey,Torrejon del Rey,"Torrejon,Torrejon del Rey,Torrejón del Rey",40.64325,-3.33376,P,PPLA3,54,GU,19280,,19,2877
3107783,Torrejón de la Calzada,Torrejon de la Calzada,"Torrejon de la Calzada,Torrejón de la Calzada",40.19886,-3.797,P,PPLA3,29,M,28149,,28,5339
3107784,Torrejón de Ardoz,Torrejon de Ardoz,"Torechon de Ardosas,Torekhon de Ardos,Torrejon de Ardoz,Torrejón de Ardoz,Torrekhon-de-Ardos,Turricula Ardozensis,tuo lei hong de ya er duo si,Торехон де Ардос,Торрехон-де-Ардос,トレホン・デ・アルドス,托雷洪德亚尔多斯",40.45535,-3.46973,P,PPLA3,29,M,28148,,28,118162
3107787,Torreiglesias,Torreiglesias,Torreiglesias,41.10236,-4.0328,P,PPLA3,55,SG,40205,,40,384
3107788,Torrehermosa,Torrehermosa,Torrehermosa,41.23767,-2.128,P,PPLA3,52,Z,50259,,50,98
3107792,Torregamones,Torregamones,Torregamones,41.487,-6.18335,P,PPLA3,55,ZA,49221,,49,322
3107793,Torregalindo,Torregalindo,Torregalindo,41.58299,-3.75222,P,PPLA3,55,BU,09387,,09,121
3107798,Torre en Cameros,Torre en Cameros,Torre en Cameros,42.24133,-2.51805,P,PPLA3,27,LO,26153,,26,15
3107804,Torre de Peñafiel,Torre de Penafiel,"Torre de Penafiel,Torre de Peñafiel",41.53646,-4.08833,P,PPLA3,55,VA,47170,,47,54
3107807,Torredembarra,Torredembarra,Torredembara,41.14505,1.39861,P,PPLA3,56,T,43153,,43,15272
3107811,Torre del Compte,Torre del Compte,"Torre del Compte,Torre del Comte",40.93625,0.10934,P,PPLA3,52,TE,44225,,44,166
3107812,Torre del Burgo,Torre del Burgo,Torre del Burgo,40.79176,-3.07723,P,PPLA3,54,GU,19279,,19,122
3107813,Torre del Bierzo,Torre del Bierzo,"Albares,Albares de la Ribera,Torre del Bierzo",42.60769,-6.36675,P,PPLA3,55,LE,24170,,24,2613
3107814,Torre de las Arcas,Torre de las Arcas,Torre de las Arcas,40.84166,-0.71783,P,PPLA3,52,TE,44224,,44,37
3107817,Torre de Esgueva,Torre de Esgueva,Torre de Esgueva,41.76821,-4.20003,P,PPLA3,55,VA,47169,,47,97
3107821,Torre de Don Miguel,Torre de Don Miguel,Torre de Don Miguel,40.22333,-6.57686,P,PPLA3,57,CC,10187,,10,608
3107823,Torre de Arcas,Torre de Arcas,Torre de Arcas,40.75137,-0.06892,P,PPLA3,52,TE,44223,,44,96
3107824,Torrecuadradilla,Torrecuadradilla,Torrecuadradilla,40.85364,-2.53215,P,PPLA3,54,GU,19278,,19,51
3107825,Torrecuadrada de Molina,Torrecuadrada de Molina,Torrecuadrada de Molina,40.74947,-1.80707,P,PPLA3,54,GU,19277,,19,25
3107829,Torrecilla sobre Alesanco,Torrecilla sobre Alesanco,Torrecilla,42.40825,-2.83379,P,PPLA3,27,LO,26152,,26,53
3107830,Torrecilla en Cameros,Torrecilla en Cameros,"Toresilia en Kameros,Torreciella en Cameros,Torrecilla de Cameros,Torrecilla en Cameros,Torresil'ja-ehn-Kameros,Torresil'ja-en-Kameros,tuo lei xi li ai en ka mei luo si,Торресилья-эн-Камерос,Торресілья-ен-Камерос,Տոռեսիլիա էն Կամերոս,托雷西利艾恩卡梅罗斯",42.25532,-2.63109,P,PPLA3,27,LO,26151,,26,596
3107834,Torrecilla del Rebollar,Torrecilla del Rebollar,Torrecilla del Rebollar,40.90978,-1.07244,P,PPLA3,52,TE,44222,,44,173
3107835,Torrecilla del Pinar,Torrecilla del Pinar,Torrecilla del Pinar,41.3736,-4.03838,P,PPLA3,55,SG,40204,,40,285
3107837,Torrecilla de los Ángeles,Torrecilla de los Angeles,"Torrecilla de los Angeles,Torrecilla de los Ángeles",40.24788,-6.41606,P,PPLA3,57,CC,10185,,10,705
3107838,Torrecilla del Monte,Torrecilla del Monte,Torrecilla del Monte,42.0949,-3.69356,P,PPLA3,55,BU,09386,,09,92
3107840,Torrecilla de la Torre,Torrecilla de la Torre,Torrecilla de la Torre,41.66716,-5.04982,P,PPLA3,55,VA,47168,,47,30
3107841,Torrecilla de la Orden,Torrecilla de la Orden,Torrecilla de la Orden,41.21885,-5.22384,P,PPLA3,55,VA,47167,,47,326
3107842,Torrecilla de la Abadesa,Torrecilla de la Abadesa,Torrecilla de la Abadesa,41.48498,-5.08762,P,PPLA3,55,VA,47166,,47,320
3107843,Torrecilla de Alcañiz,Torrecilla de Alcaniz,"Torrecilla de Alcaniz,Torrecilla de Alcañiz",40.96056,-0.09077,P,PPLA3,52,TE,44221,,44,474
3107846,Torrechiva,Torrechiva,"Torre-xiva,Torrechiva",40.05,-0.4,P,PPLA3,60,CS,12118,,12,100
3107848,Torrecaballeros,Torrecaballeros,Torrecaballeros,40.99211,-4.0247,P,PPLA3,55,SG,40203,,40,840
3107849,Torreblanca,Torreblanca,Torreblanca,40.22033,0.1965,P,PPLA3,60,CS,12117,,12,5626
3107850,Torreblacos,Torreblacos,Torreblacos,41.66927,-2.87881,P,PPLA3,55,SO,42185,,42,32
3107851,Torrebesses,Torrebesses,"Torrebeses,Torrebesses",41.43333,0.6,P,PPLA3,56,L,25226,,25,0
3107859,Torreadrada,Torreadrada,Torreadrada,41.44474,-3.84,P,PPLA3,55,SG,40202,,40,113
3107867,Torralbilla,Torralbilla,Torralbilla,41.21009,-1.338,P,PPLA3,52,Z,50258,,50,70
3107868,Torralba de Ribota,Torralba de Ribota,Torralba de Ribota,41.41803,-1.68429,P,PPLA3,52,Z,50257,,50,184
3107869,Torralba de los Sisones,Torralba de los Sisones,Torralba de los Sisones,40.89084,-1.45866,P,PPLA3,52,TE,44220,,44,214
3107870,Torralba de los Frailes,Torralba de los Frailes,Torralba de los Frailes,41.03622,-1.66046,P,PPLA3,52,Z,50256,,50,84
3107874,Torralba de Aragón,Torralba de Aragon,"Torralba de Aragon,Torralba de Aragón",41.93487,-0.51053,P,PPLA3,52,HU,22232,,22,113
3107876,Torralba,Torralba,Torralba,40.30253,-2.28546,P,PPLA3,54,CU,16209,,16,181
3107878,Torquemada,Torquemada,Torquemada,42.0349,-4.31841,P,PPLA3,55,P,34182,,34,1068
3107886,Toro,Toro,"Toro,Toro  Zamora",41.52417,-5.39534,P,PPLA3,55,ZA,49219,,49,9556
3107888,Tornos,Tornos,,40.96188,-1.43389,P,PPLA3,52,TE,44219,,44,237
3107902,Tornavacas,Tornavacas,Tornavacas,40.25498,-5.68876,P,PPLA3,57,CC,10183,,10,1279
3107903,Tornadizos de Ávila,Tornadizos de Avila,,40.62757,-4.61426,P,PPLA3,55,AV,05245,,05,367
3107908,Tornabous,Tornabous,Tornabous,41.70117,1.05384,P,PPLA3,56,L,25225,,25,820
3107912,Tormón,Tormon,"Tormon,Tormón",40.20266,-1.35406,P,PPLA3,52,TE,44218,,44,41
3107916,Tormellas,Tormellas,Tormellas,40.30404,-5.51185,P,PPLA3,55,AV,05244,,05,88
3107919,Tormantos,Tormantos,,42.49431,-3.07446,P,PPLA3,27,LO,26150,,26,197
3107922,Torlengua,Torlengua,Torlengua,41.45483,-2.16183,P,PPLA3,55,SO,42184,,42,93
3107932,Torija,Torija,Torija,40.74251,-3.0283,P,PPLA3,54,GU,19274,,19,619
3107940,Toreno,Toreno,"Toreno,Torenu,tuo lei nuo,Торено,托雷诺",42.69955,-6.51236,P,PPLA3,55,LE,24169,,24,3661
3107945,Tordómar,Tordomar,"Tordomar,Tordómar",42.0463,-3.86514,P,PPLA3,55,BU,09384,,09,338
3107947,Tordillos,Tordillos,Tordillos,40.85266,-5.35278,P,PPLA3,55,SA,37324,,37,514
3107950,Tordesilos,Tordesilos,Tordesilos,40.67074,-1.59372,P,PPLA3,54,GU,19272,,19,158
3107952,Tordesillas,Tordesillas,"Tordesil'jas,Tordesilas,Tordesilhas,Tordesillas,toleudesiyaseu,torudeshiryasu,tuo er de xi li ya si,Тордесильяс,Тордесиљас,Тордесільяс,トルデシリャス,托尔德西利亚斯,토르데시야스",41.50202,-5.00146,P,PPLA3,55,VA,47165,,47,8277
3107955,Tordera,Tordera,Tordera,41.69914,2.71888,P,PPLA3,56,B,08284,,08,15345
3107956,Tordelrábano,Tordelrabano,"Tordelrabano,Tordelrábano",41.21827,-2.75792,P,PPLA3,54,GU,19270,,19,12
3107959,Tordellego,Tordellego,"Tordel'ego,Tordellego,Тордельего",40.72165,-1.67036,P,PPLA3,54,GU,19271,,19,59
3107960,Tordehumos,Tordehumos,Tordehumos,41.81531,-5.15811,P,PPLA3,55,VA,47164,,47,498
3107980,Toral de los Guzmanes,Toral de los Guzmanes,Toral de los Guzmanes,42.24274,-5.56771,P,PPLA3,55,LE,24168,,24,646
3107989,Topas,Topas,Topas,41.15759,-5.63402,P,PPLA3,55,SA,37323,,37,681
3107997,Tona,Tona,Tona,41.84789,2.22808,P,PPLA3,56,B,08283,,08,6955
3108000,Tomiño,Tomino,"Santa Maria,Santa María,Tomino,Tomiño",41.98772,-8.75502,P,PPLA3,58,PO,36054,,36,13315
3108008,Tolosa,Tolosa,Tolosa,43.13484,-2.07801,P,PPLA3,59,SS,20071,,20,18044
3108011,Tolocirio,Tolocirio,Tolocirio,41.13425,-4.65121,P,PPLA3,55,SG,40201,,40,58
3108028,Tolbaños,Tolbanos,"Tolbanos,Tolbaños",40.75168,-4.58191,P,PPLA3,55,AV,05243,,05,107
3108035,Toga,Toga,Toga,40.05,-0.36667,P,PPLA3,60,CS,12113,,12,91
3108036,Toén,Toen,"Toen,Toén",42.31765,-7.95435,P,PPLA3,58,OR,32081,,32,2611
3108038,Todolella,Todolella,Todolella,40.64675,-0.24675,P,PPLA3,60,CS,12112,,12,133
3108042,Tobía,Tobia,"Tobia,Tobía",42.29846,-2.81399,P,PPLA3,27,LO,26149,,26,80
3108048,Tobed,Tobed,Tobed,41.33866,-1.39975,P,PPLA3,52,Z,50255,,50,249
3108049,Tobar,Tobar,,42.48384,-3.93984,P,PPLA3,55,BU,09382,,09,41
3108057,Tivissa,Tivissa,"Tivisa,Tivissa",41.03333,0.73333,P,PPLA3,56,T,43150,,43,0
3108058,Tivenys,Tivenys,Tivenys,40.90787,0.51236,P,PPLA3,56,T,43149,,43,868
3108059,Tiurana,Tiurana,Tiurana,41.97527,1.25608,P,PPLA3,56,L,25222,,25,41
3108060,Titulcia,Titulcia,Titulcia,40.13537,-3.56763,P,PPLA3,29,M,28147,,28,945
3108069,Tirgo,Tirgo,"Tirgo,di er ge,Тирго,Тірго,Տիրգո,蒂尔戈",42.54587,-2.9494,P,PPLA3,27,LO,26148,,26,280
3108071,Tirapu,Tirapu,Tirapu,42.6574,-1.70263,P,PPLA3,32,NA,31229,,31,54
3108082,Tiñosillos,Tinosillos,"Tinosillos,Tiñosillos",40.934,-4.72767,P,PPLA3,55,AV,05242,,05,785
3108087,Tineo,Tineo,"Tineo,Tineu,Tinéu,di nei ao,tynyw,Тинео,Тінео,تينيو,تینئو,蒂内奥",43.33765,-6.41452,P,PPLA3,34,O,33073,,33,11146
3108092,Tinajas,Tinajas,Tinajas,40.32547,-2.58228,P,PPLA3,54,CU,16206,,16,369
3108096,Tierzo,Tierzo,Tierzo,40.74925,-1.93069,P,PPLA3,54,GU,19268,,19,50
3108097,Tierz,Tierz,Tierz,42.13356,-0.35489,P,PPLA3,52,HU,22228,,22,314
3108104,Tielmes,Tielmes,,40.24652,-3.31461,P,PPLA3,29,M,28146,,28,2359
3108105,Tiedra,Tiedra,Tiedra,41.65239,-5.26688,P,PPLA3,55,VA,47163,,47,387
3108124,Terzaga,Terzaga,Terzaga,40.69508,-1.90386,P,PPLA3,54,GU,19267,,19,27
3108126,Teruel,Teruel,"Provincia Terulium,TEJ,TEV,Tehruehl',Tergueel,Tergüel,Terol,Teruehl',Teruel,Teruel',Teruelis,Teruelo,Terulium,Tervel,Teròl,te lu ai er,teluel,terueru,trwyl,tyrwal,tyrwyl,Тервел,Теруел,Теруель,Теруэль,Тэруэль,تروئل,تيروال,تیرویل,ტერუელი,テルエル,特鲁埃尔,테루엘",40.3456,-1.10646,P,PPLA2,52,TE,44216,,44,36240
3108131,Terroba,Terroba,Terroba,42.25809,-2.44375,P,PPLA3,27,LO,26147,,26,29
3108132,Terriente,Terriente,Terriente,40.29741,-1.50399,P,PPLA3,52,TE,44215,,44,190
3108135,Terrer,Terrer,Terrer,41.32811,-1.71329,P,PPLA3,52,Z,50253,,50,515
3108143,Terradillos de Esgueva,Terradillos de Esgueva,Terradillos de Esgueva,41.81885,-3.84318,P,PPLA3,55,BU,09380,,09,129
3108144,Terradillos,Terradillos,Terradillos,40.83836,-5.5416,P,PPLA3,55,SA,37322,,37,3232
3108147,Terrades,Terrades,Terrades,42.31032,2.83855,P,PPLA3,56,GI,17196,,17,0
3108155,Térmens,Termens,"Termens,Térmens",41.71667,0.76667,P,PPLA3,56,L,25220,,25,1467
3108165,Teo,Teo,"Santa Maria,Santa María,Teo",42.795,-8.548,P,PPLA3,58,C,15082,,15,17807
3108169,Tenebrón,Tenebron,"El Tenebron,Tenebron,Tenebrono,Tenebrón,Tenebróno",40.62449,-6.3545,P,PPLA3,55,SA,37321,,37,207
3108172,Tendilla,Tendilla,Tendilla,40.54379,-2.95782,P,PPLA3,54,GU,19266,,19,345
3108207,Tejeda y Segoyuela,Tejeda y Segoyuela,Tejeda y Segoyuela,40.63155,-6.02311,P,PPLA3,55,SA,37320,,37,113
3108211,Tejeda de Tiétar,Tejeda de Tietar,"Tejeda de Tietar,Tejeda de Tiétar",40.0179,-5.86953,P,PPLA3,57,CC,10181,,10,979
3108219,Tejado,Tejado,"Tejado,Tekhado,te ha duo,Техадо,特哈多",41.58887,-2.26721,P,PPLA3,55,SO,42183,,42,184
3108222,Tejadillos,Tejadillos,Tejadillos,40.13333,-1.63333,P,PPLA3,54,CU,16205,,16,176
3108228,Tejada,Tejada,Tejada,41.95249,-3.53514,P,PPLA3,55,BU,09378,,09,41
3108266,Tavertet,Tavertet,Tavertet,41.99572,2.41859,P,PPLA3,56,B,08280,,08,153
3108269,Tauste,Tauste,"Deustia,Tauest,Taust,Tauste,Taüst,tao si te,tawsty,Таусте,تاوستي,陶斯特",41.91804,-1.25343,P,PPLA3,52,Z,50252,,50,7334
3108272,Tartanedo,Tartanedo,Tartanedo,40.99347,-1.92459,P,PPLA3,54,GU,19265,,19,172
3108285,Tàrrega,Tarrega,"Tarrega,Tàrrega",41.64704,1.13957,P,PPLA3,56,L,25217,,25,16539
3108288,Tarragona,Tarragona,"QGN,Taragono,Tarraco,Tarrago,Tarragona,Tarragone,taragona,taragwna,trgwnh,Таррагона,טרגונה,تاراگونا,タラゴナ",41.11905,1.24544,P,PPLA2,56,T,43148,,43,141542
3108291,Taroda,Taroda,Taroda,41.34798,-2.43318,P,PPLA3,55,SO,42182,,42,75
3108299,Tardienta,Tardienta,Tardienta,41.97781,-0.53731,P,PPLA3,52,HU,22226,,22,1062
3108302,Tardelcuende,Tardelcuende,"Tardel'kuehnde,Tardel'kuende,Tardelcuende,ta er de er kun de,Тарделькуенде,Тарделькуэнде,塔尔德尔昆德",41.59402,-2.64439,P,PPLA3,55,SO,42181,,42,598
3108304,Tardajos,Tardajos,Tardajos,42.34909,-3.817,P,PPLA3,55,BU,09377,,09,642
3108305,Tardáguila,Tardaguila,"Tardaguila,Tardáguila",41.11493,-5.57423,P,PPLA3,55,SA,37318,,37,230
3108307,Tarazona de Guareña,Tarazona de Guarena,"Taracena de Guarena,Taracena de Guareña,Tarazona,Tarazona de Guarena,Tarazona de Guareña,Tarazona de la Guarena,Tarazona de la Guareña",41.17206,-5.25005,P,PPLA3,55,SA,37317,,37,397
3108309,Taravilla,Taravilla,Taravilla,40.69743,-1.96817,P,PPLA3,54,GU,19264,,19,63
3108317,Tarancón,Tarancon,"Tarancon,Tarancón,Tarankon,ta lan kong,tarankwn,Таранкон,تارانكون,塔兰孔",40.00851,-3.00731,P,PPLA3,54,CU,16203,,16,15651
3108320,Taramundi,Taramundi,"Taramundi,ta la meng di,taramwndy,Тарамунди,Тарамунді,تاراموندي,تاراموندی,塔拉蒙迪",43.3602,-7.10828,P,PPLA3,34,O,33071,,33,828
3108324,Taragudo,Taragudo,Taragudo,40.82106,-3.0768,P,PPLA3,54,GU,19263,,19,39
3108327,Taradell,Taradell,Taradell,41.87495,2.28662,P,PPLA3,56,B,08278,,08,5577
3108331,Tapioles,Tapioles,Tapioles,41.85741,-5.49623,P,PPLA3,55,ZA,49216,,49,206
3108335,Tapia de Casariego,Tapia de Casariego,"Tapia,Tapia-de-Kasar'ego,Tapija-de-Kasarego,ta pi ya de ka sa lie ge,tabya dy kasaryyghw,tapya d kasarygw,Тапиа-де-Касарьего,Тапія-де-Касарєго,تابيا دي كاسارييغو,تاپیا د کاساریگو,塔皮亚德卡萨列戈",43.57019,-6.94383,P,PPLA3,34,O,33070,,33,3795
3108357,Tamarón,Tamaron,"Tamaron,Tamarón",42.27386,-3.99154,P,PPLA3,55,BU,09375,,09,43
3108358,Tamariz de Campos,Tamariz de Campos,"Tamariz,Tamariz de Campos",41.97706,-5.02335,P,PPLA3,55,VA,47162,,47,95
3108363,Tamames,Tamames,Tamames,40.65725,-6.10536,P,PPLA3,55,SA,37316,,37,984
3108366,Tamajón,Tamajon,"Tamajon,Tamajón,Tamakhon,ta ma hong,Тамахон,塔马洪",40.99914,-3.24743,P,PPLA3,54,GU,19262,,19,216
3108388,Talamantes,Talamantes,Talamantes,41.73051,-1.67857,P,PPLA3,52,Z,50250,,50,70
3108389,Talamanca de Jarama,Talamanca de Jarama,"Talamanca de Jarama,Talamanka de Xarama,Talamanka-de-Kharama,Talamanko de Haramo,Talamanko de Ĥaramo,ha la ma he pan ta la man ka,talamanka dy jarama,Таламанка-де-Харама,Տալամանկա դե Խարամա,تالامانكا دي جاراما,哈拉马河畔塔拉曼卡",40.74325,-3.50889,P,PPLA3,29,M,28145,,28,1984
3108390,Talamanca,Talamanca,Talamanca,41.7374,1.97791,P,PPLA3,56,B,08277,,08,116
3108396,Tajueco,Tajueco,Tajueco,41.53641,-2.84845,P,PPLA3,55,SO,42177,,42,106
3108402,Tajahuerce,Tajahuerce,Tajahuerce,41.73991,-2.15069,P,PPLA3,55,SO,42176,,42,37
3108411,Tagamanent,Tagamanent,Tagamanent,41.73747,2.2672,P,PPLA3,56,B,08276,,08,265
3108412,Tafalla,Tafalla,"Tafal'ja,Tafalla,Tubalia,ta fa li ya,tafarya,Тафалья,ታፋላ,タファリャ,塔法利亚",42.52687,-1.67446,P,PPLA3,32,NA,31227,,31,11394
3108417,Tabuenca,Tabuenca,Tabuenca,41.695,-1.54335,P,PPLA3,52,Z,50249,,50,446
3108422,Taboadela,Taboadela,Taboadela,42.24234,-7.82719,P,PPLA3,58,OR,32079,,32,1680
3108450,Tabera de Abajo,Tabera de Abajo,Tabera de Abajo,40.91021,-6.00227,P,PPLA3,55,SA,37314,,37,104
3108458,Tábara,Tabara,"Tabara,Tábara,ta wa la,Табара,塔瓦拉",41.82458,-5.9642,P,PPLA3,55,ZA,49214,,49,931
3108461,Tabanera la Luenga,Tabanera la Luenga,Tabanera la Luenga,41.09647,-4.23937,P,PPLA3,55,SG,40200,,40,76
3108462,Tabanera de Valdavia,Tabanera de Valdavia,Tabanera de Valdavia,42.64728,-4.69414,P,PPLA3,55,P,34179,,34,48
3108464,Tabanera de Cerrato,Tabanera de Cerrato,Tabanera de Cerrato,42.02469,-4.12361,P,PPLA3,55,P,34178,,34,140
3108474,Susqueda,Susqueda,"Suskeda,Susqueda,su si ke da,swskda,swskyda,Сускеда,Սուսկեդա,سوسكيدا,سوسکدا,苏斯克达",41.97776,2.51652,P,PPLA3,56,GI,17194,,17,115
3108475,Susinos del Páramo,Susinos del Paramo,,42.47108,-3.92555,P,PPLA3,55,BU,09374,,09,118
3108493,Sunyer,Sunyer,"Sune,Sunyer,Suñé",41.52268,0.59197,P,PPLA3,56,L,25212,,25,0
3108497,Sunbilla,Sunbilla,"Sumbilla,Sunbilla",43.16667,-1.66667,P,PPLA3,32,NA,31226,,31,0
3108509,Suellacabras,Suellacabras,"Suehl'jakabras,Suel'jakabras,Suellacabras,su ai li ya ka fu la si,Суельякабрас,Суэльякабрас,苏埃利亚卡夫拉斯",41.85298,-2.22398,P,PPLA3,55,SO,42175,,42,30
3108520,Subirats,Subirats,Subirats,41.4,1.83333,P,PPLA3,56,B,08273,,08,2801
3108534,Suances,Suances,Suances,43.43341,-4.04338,P,PPLA3,39,S,39085,,39,6984
3108571,Sotresgudo,Sotresgudo,Sotresgudo,42.57935,-4.17725,P,PPLA3,55,BU,09373,,09,626
3108573,Sotragero,Sotragero,,42.40996,-3.71312,P,PPLA3,55,BU,09372,,09,199
3108574,Soto y Amío,Soto y Amio,"Soto y Amio,Soto y Amío",42.77477,-5.88693,P,PPLA3,55,LE,24167,,24,980
3108576,Sotoserrano,Sotoserrano,"Sotoserrano,suo tuo sai la nuo,Сотосеррано,索托塞拉诺",40.43499,-6.03261,P,PPLA3,55,SA,37313,,37,715
3108579,Sotosalbos,Sotosalbos,"Sotosalbos,Sotosalvos",41.03537,-3.94115,P,PPLA3,55,SG,40199,,40,118
3108594,Soto en Cameros,Soto en Cameros,"Soto en Cameros,Soto en Kameros,Soto-ehn-Kameros,Soto-en-Kameros,suo tuo en ka mei luo si,Сото-ен-Камерос,Сото-эн-Камерос,Սոտո էն Կամերոս,索托恩卡梅罗斯",42.28591,-2.42597,P,PPLA3,27,LO,26146,,26,174
3108595,Sotodosos,Sotodosos,Sotodosos,40.92149,-2.39211,P,PPLA3,54,GU,19261,,19,67
3108606,Soto del Barco,Soto del Barco,"San Pedro,Soto,Soto del Barco,Soto-del'-Barko,Sotu'l Barcu,Sotul Barcu,stw dl barkw,suo tuo de er wa er ke,swtw dyl barkw,Сото-дель-Барко,ستو دل بارکو,سوتو ديل باركو,索托德尔瓦尔科",43.53288,-6.06984,P,PPLA3,34,O,33069,,33,4108
3108607,Soto de la Vega,Soto de la Vega,Soto de la Vega,42.33227,-5.88225,P,PPLA3,55,LE,24166,,24,1923
3108613,Soto de Cerrato,Soto de Cerrato,Soto de Cerrato,41.95312,-4.42998,P,PPLA3,55,P,34177,,34,207
3108618,Sotobañado y Priorato,Sotobanado y Priorato,"Sotobanado y Priorato,Sotobañado y Priorato",42.58987,-4.44185,P,PPLA3,55,P,34176,,34,175
3108633,Sotillo del Rincón,Sotillo del Rincon,"Sotillo del Rincon,Sotillo del Rincón",41.9322,-2.60297,P,PPLA3,55,SO,42174,,42,239
3108634,Sotillo de las Palomas,Sotillo de las Palomas,Sotillo de las Palomas,40.10359,-4.82736,P,PPLA3,54,TO,45164,,45,215
3108635,Sotillo de la Ribera,Sotillo de la Ribera,"Sotillo de la Ribera,Sotillo de la Rivera",41.77717,-3.82525,P,PPLA3,55,BU,09369,,09,602
3108636,Sotillo de la Adrada,Sotillo de la Adrada,"Sotil'jo-de-la-Adrada,Sotil'o-de-la-Adrada,Sotillo de la Adrada,Sotilo de la Adrada,styyw d la adrada,suo di e de la de la da,swtyw dy la adrada,Сотило де ла Адрада,Сотильо-де-ла-Адрада,Сотільйо-де-ла-Адрада,ستییو د لا آدرادا,سوتيو دي لا أدرادا,索蒂略德拉德拉达",40.2912,-4.58385,P,PPLA3,55,AV,05240,,05,4188
3108648,Sotillo,Sotillo,Sotillo,41.25846,-3.63729,P,PPLA3,55,SG,40198,,40,38
3108654,Sotalbo,Sotalbo,"Sota Albo,Sotalbo,Sotalvo",40.5417,-4.84548,P,PPLA3,55,AV,05239,,05,267
3108656,Sos del Rey Católico,Sos del Rey Catolico,"Sause,Sos,Sos del Rey Catolico,Sos del Rey Católico",42.49686,-1.21514,P,PPLA3,52,Z,50248,,50,737
3108662,Sorzano,Sorzano,Sorzano,42.34307,-2.52872,P,PPLA3,27,LO,26144,,26,252
3108678,Sorlada,Sorlada,Sorlada,42.61507,-2.21525,P,PPLA3,32,NA,31225,,31,38
3108679,Sorihuela,Sorihuela,Sorihuela,40.44378,-5.67818,P,PPLA3,55,SA,37312,,37,357
3108681,Soria,Soria,"Soria,Sorija,Sorio,Soriya,Soryja,Sòria,Sória,XJO,solia,soria,srya,suo li ya,swryh,Сория,Сорија,Сорыя,Сорія,סוריה,سریا,ソリア,索里亚,소리아",41.76401,-2.46883,P,PPLA2,55,SO,42173,,42,39112
3108683,Sordillos,Sordillos,Sordillos,42.46197,-4.10726,P,PPLA3,55,BU,09368,,09,32
3108688,Sora,Sora,Sora,42.11236,2.16083,P,PPLA3,56,B,08272,08272,08,0
3108702,Sopela,Sopela,"Sopela,Sopelana",43.37891,-2.98313,P,PPLA3,59,BI,48085,,48,12359
3108716,Porto do Son,Porto do Son,Son,42.72482,-9.00527,P,PPLA3,58,C,15071,,15,9613
3108723,Somosierra,Somosierra,Somosierra,41.13269,-3.58237,P,PPLA3,29,M,28143,,28,0
3108729,Somolinos,Somolinos,,41.24606,-3.06004,P,PPLA3,54,GU,19259,,19,36
3108749,Solosancho,Solosancho,"Solosancho,slsanchw,suo luo sang qiao,swlwsantshw,Солосанчо,سلسانچو,سولوسانتشو,索洛桑乔",40.55294,-4.90479,P,PPLA3,55,AV,05238,,05,1021
3108750,Solórzano,Solorzano,"Solorzano,Solórzano",43.38233,-3.58785,P,PPLA3,39,S,39084,,39,1081
3108764,Soliedra,Soliedra,Soliedra,41.46932,-2.38164,P,PPLA3,55,SO,42172,,42,38
3108778,Solarana,Solarana,Solarana,41.97168,-3.65876,P,PPLA3,55,BU,09366,,09,102
3108781,Solanillos del Extremo,Solanillos del Extremo,Solanillos del Extremo,40.75088,-2.69799,P,PPLA3,54,GU,19258,,19,120
3108799,Sojuela,Sojuela,Sojuela,42.36988,-2.54525,P,PPLA3,27,LO,26143,,26,113
3108847,Sobrado,Sobrado,Sobrado,43.03882,-8.02784,P,PPLA3,58,C,15080,,15,2327
3108849,Sobrado,Sobrado,,42.51667,-6.85,P,PPLA3,55,LE,24165,,24,0
3108854,Sobradillo,Sobradillo,Sobradillo,40.91754,-6.79729,P,PPLA3,55,SA,37311,,37,323
3108855,Sobradiel,Sobradiel,Sobradiel,41.73875,-1.03765,P,PPLA3,52,Z,50247,,50,754
3108862,Sober,Sober,Vello,42.46127,-7.5864,P,PPLA3,58,LU,27059,,27,2983
3108877,Sitges,Sitges,"Sitges,Sitzhes,Ситжес",41.23506,1.81193,P,PPLA3,56,B,08270,,08,27668
3108891,Sisamón,Sisamon,"Sisamon,Sisamón",41.17124,-2.00386,P,PPLA3,52,Z,50246,,50,56
3108906,Sinlabajos,Sinlabajos,Sinlabajos,41.0765,-4.83242,P,PPLA3,55,AV,05235,,05,173
3108907,Singra,Singra,Singra,40.65508,-1.31158,P,PPLA3,52,TE,44213,,44,97
3108917,Simancas,Simancas,Simancas,41.59072,-4.82796,P,PPLA3,55,VA,47161,,47,4611
3108945,Sils,Sils,Sils,41.80842,2.74507,P,PPLA3,56,GI,17193,,17,3869
3108950,Silleda,Silleda,"Silleda,Sillede",42.69605,-8.24653,P,PPLA3,58,PO,36052,,36,9018
3108957,Sigüés,Siguees,"Siguehs,Sigues,Sigves,Zigoze,syghwys,xi ge si,Сигвес,Сигуэс,Сігуес,سيغويس,西格斯",42.6303,-1.01212,P,PPLA3,52,Z,50245,,50,170
3108961,Sigüenza,Siguenza,"Segontia,Sigueenza,Siguehnsa,Siguensa,Siguenza,Sigvenco,Sigvenza,Sigüenza,shiguensa,xi gong sa,Сигвенза,Сигуэнса,Сігуенса,シグエンサ,西贡萨",41.06892,-2.64308,P,PPLA3,54,GU,19257,,19,4818
3108967,Sigeres,Sigeres,Sigeres,40.79939,-4.93361,P,PPLA3,55,AV,05234,,05,76
3108974,Siete Iglesias de Trabancos,Siete Iglesias de Trabancos,"Siete Iglesias,Siete Iglesias de Trabancos",41.35223,-5.18488,P,PPLA3,55,VA,47160,,47,548
3108980,Siétamo,Sietamo,"Sietamo,Sietemo,Siétamo",42.12392,-0.28066,P,PPLA3,52,HU,22222,,22,517
3108989,Sierra de Luna,Sierra de Luna,Sierra de Luna,42.04818,-0.91025,P,PPLA3,52,Z,50244,,50,286
3109009,Sienes,Sienes,Sienes,41.20096,-2.65332,P,PPLA3,54,GU,19256,,19,76
3109012,Sidamon,Sidamon,"Sidamon,Sidamunt",41.63333,0.83333,P,PPLA3,56,L,25205,,25,0
3109024,Setiles,Setiles,Setiles,40.73419,-1.6172,P,PPLA3,54,GU,19255,,19,149
3109032,Sesué,Sesue,"Sesue,Sesué",42.55131,0.47212,P,PPLA3,52,HU,22221,,22,129
3109033,Sestrica,Sestrica,Sestrica,41.48595,-1.59501,P,PPLA3,52,Z,50243,,50,464
3109041,Sestao,Sestao,"Sestao,sai si tao,systaw,Сестао,سيستاو,塞斯陶",43.30975,-3.00716,P,PPLA3,59,BI,48084,,48,27445
3109045,Sesma,Sesma,Sesma,42.47748,-2.08353,P,PPLA3,32,NA,31224,,31,1366
3109050,Seseña,Sesena,,40.10473,-3.69793,P,PPLA3,54,TO,45161,,45,16231
3109054,Sesa,Sesa,Sesa,41.99484,-0.24511,P,PPLA3,52,HU,22220,,22,238
3109077,Serranillos del Valle,Serranillos del Valle,"Serranillos,Serranillos del Valle",40.20211,-3.88187,P,PPLA3,29,M,28140,,28,2710
3109079,Serranillos,Serranillos,Serranillos,40.33625,-4.91165,P,PPLA3,55,AV,05233,,05,359
3109086,Serradilla del Llano,Serradilla del Llano,Serradilla del Llano,40.49996,-6.35701,P,PPLA3,55,SA,37307,,37,217
3109087,Serradilla del Arroyo,Serradilla del Arroyo,Serradilla del Arroyo,40.52133,-6.36008,P,PPLA3,55,SA,37306,,37,387
3109088,Serra de Daró,Serra de Daro,,42.02877,3.07222,P,PPLA3,56,GI,17191,,17,179
3109091,Serrada,Serrada,Serrada,41.45722,-4.86279,P,PPLA3,55,VA,47159,,47,1133
3109099,Seròs,Seros,"Seros,Seròs,Serós",41.46667,0.41667,P,PPLA3,56,L,25204,,25,1881
3109131,Sequeros,Sequeros,Sequeros,40.51295,-6.02495,P,PPLA3,55,SA,37305,,37,234
3109132,Sequera de Fresno,Sequera de Fresno,Sequera de Fresno,41.3664,-3.54612,P,PPLA3,55,SG,40196,,40,42
3109139,Sepúlveda,Sepulveda,"Sepulveda,Sepúlveda,Valleruca de Sepulveda",41.29695,-3.74221,P,PPLA3,55,SG,40195,,40,1361
3109164,Seno,Seno,Seno,40.81225,-0.33816,P,PPLA3,52,TE,44212,,44,46
3109170,Senés de Alcubierre,Senes de Alcubierre,"Senes de Alcubierre,Senés de Alcubierre",41.90731,-0.48906,P,PPLA3,52,HU,22218,,22,48
3109180,Senan,Senan,"Senan,Senant",41.46994,1.08541,P,PPLA3,56,T,43146,43146,43,0
3109183,Sena de Luna,Sena de Luna,Sena de Luna,42.92906,-5.95267,P,PPLA3,55,LE,24164,,24,436
3109188,Semillas,Semillas,Semillas,41.05857,-3.11945,P,PPLA3,54,GU,19901,,19,52
3109211,Selaya,Selaya,Selaya,43.21376,-3.80563,P,PPLA3,39,S,39082,,39,1991
3109213,Selas,Selas,Selas,40.9515,-2.10203,P,PPLA3,54,GU,19254,,19,64
3109226,Seira,Seira,Seira,42.47696,0.43127,P,PPLA3,52,HU,22215,,22,167
3109238,Segurilla,Segurilla,Segurilla,40.02386,-4.86418,P,PPLA3,54,TO,45160,,45,1132
3109239,Segura de Toro,Segura de Toro,Segura de Toro,40.22427,-5.94836,P,PPLA3,57,CC,10174,,10,194
3109240,Segura de los Baños,Segura de los Banos,"Segura de los Banos,Segura de los Baños",40.94088,-0.95111,P,PPLA3,52,TE,44211,,44,36
3109242,Segura,Segura,Segura,43.00753,-2.254,P,PPLA3,59,SS,20070,,20,1234
3109256,Segovia,Segovia,"Segovia,Segovie,Segovija,Segovio,Segowia,Segòvia,Segóvia,Segóvía,Senkovia,Ségovie,XOU,sai ge wei ya,se ko beiy,segobia,segovi'a,segovia,sgwbya,sgwbyh,shqwbyt,syjwvya,Σεγκόβια,Сеговия,Сеговија,Сеговія,סגוביה,سيجوڤيا,سگوبیا,شقوبية,सेगोविआ,เซโกเบีย,სეგოვია,セゴビア,塞哥维亚,세고비아",40.94808,-4.11839,P,PPLA2,55,SG,40194,,40,51683
3109261,Sediles,Sediles,Sediles,41.34613,-1.53177,P,PPLA3,52,Z,50242,,50,88
3109280,Secastilla,Secastilla,Secastilla,42.18112,0.26736,P,PPLA3,52,HU,22214,,22,140
3109288,Sebúlcor,Sebulcor,"Sebulcor,Sebúlcor",41.27091,-3.88398,P,PPLA3,55,SG,40193,,40,299
3109305,Sayatón,Sayaton,"Sayaton,Sayatón",40.37635,-2.85253,P,PPLA3,54,GU,19252,,19,131
3109319,Sauquillo de Cabezas,Sauquillo de Cabezas,Sauquillo de Cabezas,41.19422,-4.06884,P,PPLA3,55,SG,40192,,40,226
3109325,Saucelle,Saucelle,"Saucelle,Sausel'e,shao sai lie,Сауселье,Саусельє,绍塞列",41.04769,-6.75328,P,PPLA3,55,SA,37302,,37,384
3109328,Saúca,Sauca,"Sauca,Saúca",41.03098,-2.52905,P,PPLA3,54,GU,19251,,19,70
3109336,Sástago,Sastago,"Sastago,Sástago",41.32166,-0.35075,P,PPLA3,52,Z,50240,,50,1287
3109344,Sasamón,Sasamon,,42.41687,-4.04288,P,PPLA3,55,BU,09363,,09,1309
3109352,Sartajada,Sartajada,Sartajada,40.2132,-4.79427,P,PPLA3,54,TO,45159,,45,134
3109353,Sartaguda,Sartaguda,Sartaguda,42.38333,-2.05709,P,PPLA3,32,NA,31223,,31,1361
3109360,Sarrión,Sarrion,"Sarrion,Sarrión",40.14175,-0.81533,P,PPLA3,52,TE,44210,,44,1062
3109364,Sarrià de Ter,Sarria de Ter,"Sarria de Ter,Sarrià de Ter,Sarriá de Ter",42.01667,2.83333,P,PPLA3,56,GI,17186,,17,4001
3109369,Sarria,Sarria,"Sarria,Sarrija,Sorria,sa li ya,saria,Сарриа,Саррія,サリア,萨里亚",42.78148,-7.41431,P,PPLA3,58,LU,27057,,27,13508
3109370,Sarreaus,Sarreaus,,42.08784,-7.60348,P,PPLA3,58,OR,32078,,32,1768
3109374,Sarratella,Sarratella,Sarratella,40.31284,0.0315,P,PPLA3,60,CS,12103,,12,93
3109376,Sarracín,Sarracin,,42.25813,-3.68608,P,PPLA3,55,BU,09362,,09,303
3109378,Saro,Saro,Saro,43.2597,-3.83607,P,PPLA3,39,S,39081,,39,519
3109380,Sariñena,Sarinena,"Sarinena,Sariñena",41.79128,-0.15804,P,PPLA3,52,HU,22213,,22,4056
3109384,Sargentes de la Lora,Sargentes de la Lora,"Sargentes,Sargentes de la Lora,Sarkhentes-de-la-Lora,sa er heng te si de la luo la,sarjyntys dy la lwra,Сархентес-де-ла-Лора,سارجينتيس دي لا لورا,萨尔亨特斯德拉洛拉",42.76917,-3.87278,P,PPLA3,55,BU,09361,,09,204
3109387,Sardón de los Frailes,Sardon de los Frailes,"Sardon de los Frailes,Sardón de los Frailes",41.21373,-6.27101,P,PPLA3,55,SA,37301,,37,84
3109389,Sardón de Duero,Sardon de Duero,"Sardon de Duero,Sardón de Duero",41.60847,-4.43397,P,PPLA3,55,VA,47157,,47,671
3109427,Sanzoles,Sanzoles,Sanzoles,41.43235,-5.5671,P,PPLA3,55,ZA,49210,,49,636
3109433,San Vitero,San Vitero,San Vitero,41.7774,-6.34877,P,PPLA3,55,ZA,49209,,49,668
3109441,San Vicente del Valle,San Vicente del Valle,San Vicente del Valle,42.33756,-3.1621,P,PPLA3,55,BU,09360,,09,61
3109442,Sant Vicenç dels Horts,Sant Vicenc dels Horts,"Sant Vicenc dels Horts,Sant Vicenç dels Horts",41.39317,2.00689,P,PPLA3,56,B,08263,,08,27901
3109443,San Vicente del Palacio,San Vicente del Palacio,San Vicente del Palacio,41.21901,-4.85158,P,PPLA3,55,VA,47156,,47,232
3109447,San Vicente de la Sonsierra,San Vicente de la Sonsierra,"San Vicente,San Vicente de la Sonsierra,San Vincente de la Sonsierra,San Visente de la Sonsiera,San-Visente-de-la-Sons'erra,sheng bi sen te de la song xie la,Сан-Висенте-де-ла-Сонсьерра,Сан-Вісенте-де-ла-Сонсьєрра,Սան Վիսենտե դե լա Սոնսիեռա,圣比森特德拉松谢拉",42.56321,-2.76071,P,PPLA3,27,LO,26142,,26,1212
3109448,San Vicente de la Cabeza,San Vicente de la Cabeza,San Vicente de la Cabeza,41.80696,-6.24993,P,PPLA3,55,ZA,49208,,49,543
3109450,San Vicente de la Barquera,San Vicente de la Barquera,"San Vicente,San Vicente de la Barquera,San Vicente la Barquera,San-Visente-de-la-Barkera,san faysynt dy la barjwyra,sheng bi sen te de la wa er ke la,Сан-Висенте-де-ла-Баркера,Сан-Вісенте-де-ла-Баркера,سان فايسينت دي لا بارجويرا,圣比森特德拉瓦尔克拉",43.38509,-4.39934,P,PPLA3,39,S,39080,,39,4158
3109453,Barakaldo,Barakaldo,"Baracaldo,Barakaldo,Done Bikendi,San Bizente,San Bizenti-Barakaldo,San Vicente de Baracaldo,Sanbi",43.29639,-2.98813,P,PPLA3,59,BI,48013,,48,100435
3109454,San Vicente de Arévalo,San Vicente de Arevalo,"San Vicente de Arevalo,San Vicente de Arévalo",40.96773,-4.80194,P,PPLA3,55,AV,05231,,05,223
3109477,Santurdejo,Santurdejo,Santurdejo,42.37696,-2.95437,P,PPLA3,27,LO,26141,,26,177
3109481,Santurtzi,Santurtzi,"Santurce,Santurce-Antiguo,Santurtzi",43.32842,-3.03248,P,PPLA3,59,BI,48082,,48,46978
3109499,Santoyo,Santoyo,Santoyo,42.21473,-4.34296,P,PPLA3,55,P,34174,,34,260
3109501,Santovenia de Pisuerga,Santovenia de Pisuerga,Santovenia de Pisuerga,41.69457,-4.69029,P,PPLA3,55,VA,47155,,47,2691
3109505,Santovenia,Santovenia,Santovenia,41.87857,-5.71003,P,PPLA3,55,ZA,49207,,49,354
3109508,Santo Tomé de Zabarcos,Santo Tome de Zabarcos,"Santo Tome de Zabarcos,Santo Tomé de Zabarcos",40.78726,-4.91048,P,PPLA3,55,AV,05230,,05,112
3109522,San Torcuato,San Torcuato,San Torcuato,42.48219,-2.88923,P,PPLA3,27,LO,26139,,26,122
3109524,Santorcaz,Santorcaz,,40.47176,-3.23462,P,PPLA3,29,M,28136,,28,729
3109527,Santoña,Santona,"Santon'ja,Santona,Santonija,Santoña,sang tuo ni ya,santwnya,Сантония,Сантонья,سانتونيا,桑托尼亚",43.44386,-3.45757,P,PPLA3,39,S,39079,,39,11569
3109532,Santo Domingo de Silos,Santo Domingo de Silos,"Santo Domingo de Silos,Santo Domingo de los Silos",41.964,-3.4174,P,PPLA3,55,BU,09358,,09,286
3109533,Santo Domingo de Pirón,Santo Domingo de Piron,"Santo Domingo de Piron,Santo Domingo de Pirón",41.04104,-3.98933,P,PPLA3,55,SG,40190,,40,65
3109534,Santo Domingo de las Posadas,Santo Domingo de las Posadas,Santo Domingo de las Posadas,40.812,-4.63383,P,PPLA3,55,AV,05229,,05,93
3109535,Santo Domingo de la Calzada,Santo Domingo de la Calzada,"Ozkabarte,Santo Domingo de la Calzada,Santo Domingo de la Kalsada,Santo-Domingo-de-la-Kal'sada,santodoming-godelakalsada,sheng duo ming ge-de la ka er sa da,Санто-Доминго-де-ла-Кальсада,Санто-Домінго-де-ла-Кальсада,Սանտո Դոմինգո դե լա Կալսադա,サント・ドミンゴ・デ・ラ・カルサーダ,圣多明各-德拉卡尔萨达,산토도밍고데라칼사다",42.44015,-2.95365,P,PPLA3,27,LO,26138,,26,6223
3109546,Sant Just Desvern,Sant Just Desvern,Sant Just Desvern,41.38389,2.06758,P,PPLA3,56,B,08221,,08,15811
3109549,Sant Julià de Vilatorta,Sant Julia de Vilatorta,"Sant Julia,Sant Julia de Vilatorta,Sant Julià,Sant Julià de Vilatorta",41.92189,2.32447,P,PPLA3,56,B,08220,,08,0
3109553,Santiz,Santiz,"Santiz,Sontiz",41.20579,-5.89654,P,PPLA3,55,SA,37299,,37,291
3109554,Santiuste de San Juan Bautista,Santiuste de San Juan Bautista,Santiuste de San Juan Bautista,41.15593,-4.57202,P,PPLA3,55,SG,40189,,40,740
3109559,Santiuste,Santiuste,Santiuste,41.08462,-2.80953,P,PPLA3,54,GU,19250,,19,23
3109561,Santiurde de Toranzo,Santiurde de Toranzo,"Santiurde de Toranzo,Santiurde-de-Toranso,sang di wu er de de tuo lan suo,santaywrdy dy twranzw,Сантиурде-де-Торансо,Сантіурде-де-Торансо,سانتايوردي دي تورانزو,桑蒂乌尔德德托兰索",43.23819,-3.93947,P,PPLA3,39,S,39078,,39,1349
3109562,Santiurde de Reinosa,Santiurde de Reinosa,Santiurde de Reinosa,43.06144,-4.08351,P,PPLA3,39,S,39077,,39,362
3109564,Santiso,Santiso,"Santa Maria,Santa María,Santiso",42.87388,-8.05497,P,PPLA3,58,C,15079,,15,0
3109589,Santibáñez el Bajo,Santibanez el Bajo,"Santibanez el Bajo,Santibáñez el Bajo",40.17637,-6.22441,P,PPLA3,57,CC,10172,,10,900
3109590,Santibáñez el Alto,Santibanez el Alto,"Santibanez el Alto,Santibáñez el Alto",40.18525,-6.54782,P,PPLA3,57,CC,10171,,10,487
3109591,Santibáñez de Vidriales,Santibanez de Vidriales,"Santibanez de Vidriales,Santibáñez de Vidriales",42.07362,-6.01549,P,PPLA3,55,ZA,49206,,49,1251
3109593,Santibáñez de Valcorba,Santibanez de Valcorba,"Santibanez de Valcorba,Santibanez de Valcorva,Santibáñez de Valcorba,Santibáñez de Valcorva",41.56983,-4.44938,P,PPLA3,55,VA,47154,,47,190
3109594,Santibáñez de Tera,Santibanez de Tera,"Santibanez de Tera,Santibáñez de Tera",41.98563,-5.92257,P,PPLA3,55,ZA,49205,,49,592
3109601,Santibáñez del Val,Santibanez del Val,"Santibanez del Val,Santibáñez del Val",41.97354,-3.48142,P,PPLA3,55,BU,09356,,09,72
3109604,Santibáñez de la Sierra,Santibanez de la Sierra,"Santibanez de la Sierra,Santibáñez de la Sierra",40.49464,-5.91576,P,PPLA3,55,SA,37298,,37,242
3109605,Santibáñez de la Peña,Santibanez de la Pena,"Santiban'es-de-la-Pen'ja,Santibanez de la Pena,Santibáñez de la Peña,sang di wa nie si de la pei ni ya,Сантибаньес-де-ла-Пенья,Сантібаньєс-де-ла-Пенья,桑蒂瓦涅斯德拉佩尼亚",42.80929,-4.73026,P,PPLA3,55,P,34171,,34,1365
3109609,Santibáñez de Ecla,Santibanez de Ecla,"Santibanez de Ecla,Santibáñez de Ecla",42.70784,-4.37263,P,PPLA3,55,P,34170,,34,82
3109610,Santibáñez de Béjar,Santibanez de Bejar,"Santiban'es-de-Bekhar,Santibanez de Bejar,Santibáñez de Béjar,sang di wa nie si de wei ha er,Сантибаньес-де-Бехар,Сантібаньєс-де-Бехар,桑蒂瓦涅斯德韦哈尔",40.48785,-5.6111,P,PPLA3,55,SA,37297,,37,606
3109629,Santiago Millas,Santiago Millas,Santiago Millas,42.38379,-6.10538,P,PPLA3,55,LE,24161,,24,340
3109637,Santiago del Collado,Santiago del Collado,Santiago del Collado,40.43326,-5.35631,P,PPLA3,55,AV,05228,,05,257
3109641,Santiago de la Puebla,Santiago de la Puebla,Santiago de la Puebla,40.80132,-5.28073,P,PPLA3,55,SA,37296,,37,472
3109642,Santiago de Compostela,Santiago de Compostela,"Compostela,Compostelako Donejakue,Compostella,Compostèla,Lungsod ng Santiago de Compostela,SCQ,Saint-Jacques-de-Compostelle,Sant'jago-de-Kompostela,Sant'jago-de-Kompostelae,Santiago,Santiago de Compostela,Santiago de Compostella,Santiago de Compostel·la,Santiago de Kompostela,Santiago di Compostela,Santiago nte Kompostela,Santiagu de Compostela,Santiaqo de Kompostela,Santijago de Kompostela,Santjaga-deh-Kampastehla,Santjago de Kompostela,Sint-Djake-el-Galice,Sint-Djåke-el-Galice,cantiyako te kompocutela,kong bo si te la de sheng de ya ge,san teiy ko dek xm po s te la,santi'ago de komaposatela,santi'ago de kompostela,santiagodekomposeutella,santiyago de kompostela,santyaghw dy kwmbwstyla,santyagw d kmpwstla,santyajw dy kwmbwstyla,sheng de ya ge jin bo si te la,sheng de ya ge-de kong bo si te la,Σαντιάγο ντε Κομποστέλα,Сантијаго де Компостела,Сантьяго-де-Компостелæ,Сантьяго-де-Компостела,Сантяга-дэ-Кампастэла,Сантяго де Компостела,Сантјаго де Компостела,Սանտիագո դե Կոմպոստելա,סאנטיאגא דע קאמפאסטעלא,סנטיאגו דה קומפוסטלה,سانتياجو دى كومبوستيلا,سانتياغو دي كومبوستيلا,سانتیاگو د کمپوستلا,سانتیاگو دے کومپوستیلا,सांतिआगो दे कोम्पोस्तेला,सांतियागो दे कोंपोस्तेला,ਸਾਂਤੀਆਗੋ ਦੇ ਕੋਮਪੋਸਤੇਲਾ,சாந்தியாகோ தே கோம்போசுதேலா,සන්තියාගෝ ඩි කොම්පොස්ටෙලා,ซานเตียโกเดกอมโปสเตลา,სანტიაგო-დე-კომპოსტელა,サンティアゴ・デ・コンポステーラ,孔波斯特拉的聖地牙哥,聖地亞哥-德孔波斯特拉,聖地亞哥金波斯特拉,산티아고데콤포스텔라",42.88052,-8.54569,P,PPLA,58,C,15078,,15,99536
3109653,Doneztebe-Santesteban,Doneztebe-Santesteban,"Doneztebe,Doneztebe-Santesteban,Santesteban",43.13333,-1.66667,P,PPLA3,32,NA,31221,,31,1506
3109656,Santervás de la Vega,Santervas de la Vega,"Santervas de la Vega,Santervás de la Vega",42.50677,-4.80002,P,PPLA3,55,P,34169,,34,507
3109658,Santervás de Campos,Santervas de Campos,"Santervas de Campos,Santervás de Campos",42.2182,-5.10027,P,PPLA3,55,VA,47153,,47,144
3109664,Santed,Santed,,41.03172,-1.51028,P,PPLA3,52,Z,50239,,50,75
3109680,Santa Susanna,Santa Susanna,"Santa Susana,Santa Susanna,Santa-Susanna,Санта-Сусанна",41.63333,2.71667,P,PPLA3,56,B,08261,,08,3019
3109681,Santas Martas,Santas Martas,"Santa Martas,Santas Martas",42.4322,-5.37066,P,PPLA3,55,LE,24160,,24,958
3109689,Santa Perpètua de Mogoda,Santa Perpetua de Mogoda,"Santa Perpetua de Mogoda,Santa Perpetua de Moguda,Santa Perpètua de Mogoda",41.53333,2.18333,P,PPLA3,56,B,08260,,08,25048
3109692,Santa Pau,Santa Pau,,42.1443,2.57123,P,PPLA3,56,GI,17184,,17,1541
3109699,Santa Olalla de Bureba,Santa Olalla de Bureba,Santa Olalla de Bureba,42.47721,-3.44109,P,PPLA3,55,BU,09354,,09,31
3109705,Santa Olalla,Santa Olalla,"Santa Olalla,Santa Olalla de Toledo",40.02348,-4.43025,P,PPLA3,54,TO,45158,,45,3024
3109714,Sant Aniol de Finestres,Sant Aniol de Finestres,Sant Aniol de Finestres,42.09023,2.58688,P,PPLA3,56,GI,17183,,17,0
3109718,Santander,Santander,"Portus Victoriae Iuliobrigensium,SDR,Sanandere,Santandehr,Santandel,Santander,Santandera,Santanderas,Santandero,Santandèr,Santandér,cantanter,sang tan de,santandeleu,santandera,santanderu,santandr,santandyr,sntndr,Сантандер,Сантандэр,סנטנדר,سانتاندر,سانتاندير,سانٹانڈر,सांतांदेर,சான்தான்தேர்,サンタンデール,桑坦德,산탄데르",43.46589,-3.80493,P,PPLA,39,S,39075,,39,173635
3109721,Santa Marta de Tormes,Santa Marta de Tormes,Santa Marta de Tormes,40.95065,-5.62723,P,PPLA3,55,SA,37294,,37,14630
3109725,Santa Marta del Cerro,Santa Marta del Cerro,Santa Marta del Cerro,41.21843,-3.68582,P,PPLA3,55,SG,40186,,40,53
3109736,Santa Marina del Rey,Santa Marina del Rey,Santa Marina del Rey,42.51334,-5.86065,P,PPLA3,55,LE,24159,,24,2281
3109756,Santa María la Real de Nieva,Santa Maria la Real de Nieva,"Santa Maria de la Nieva,Santa Maria la Real de Nieva,Santa María la Real de Nieva,Santa-Maria de Nieva,Santa-Marija-la-Real'-de-N'eva,Santa-María de Nieva,sheng ma li ya la lei ya er de nie wa,Санта-Мария-ла-Реаль-де-Ньева,Санта-Марія-ла-Реаль-де-Ньєва,圣马里亚拉雷亚尔德涅瓦",41.06998,-4.40709,P,PPLA3,55,SG,40185,,40,1310
3109760,Santa María de Valverde,Santa Maria de Valverde,"Santa Maria de Valverde,Santa María de Valverde",41.93479,-5.9356,P,PPLA3,55,ZA,49204,,49,93
3109761,Santa María de Sando,Santa Maria de Sando,"Santa Maria de Sando,Santa María de Sando",40.97909,-6.12904,P,PPLA3,55,SA,37293,,37,158
3109764,Santa Maria de Palautordera,Santa Maria de Palautordera,,41.69417,2.44566,P,PPLA3,56,B,08259,,08,7739
3109766,Santa María de Ordás,Santa Maria de Ordas,"Santa Maria,Santa Maria de Ordas,Santa María de Ordás",42.72653,-5.82301,P,PPLA3,55,LE,24158,,24,364
3109775,Santa María del Val,Santa Maria del Val,"Santa Maria del Val,Santa María del Val",40.50439,-2.04115,P,PPLA3,54,CU,16197,,16,96
3109778,Santa María del Páramo,Santa Maria del Paramo,"Santa Maria,Santa-Marija-del'-Paramo,sheng ma li ya de er pa la mo,Санта-Мария-дель-Парамо,Санта-Марія-дель-Парамо,圣马里亚德尔帕拉莫",42.35512,-5.75151,P,PPLA3,55,LE,24157,,24,3120
3109781,Santa María de los Caballeros,Santa Maria de los Caballeros,"Santa Maria de los Caballeros,Santa María de los Caballeros",40.38925,-5.45112,P,PPLA3,55,AV,05226,,05,114
3109783,Santa María del Monte de Cea,Santa Maria del Monte de Cea,"Santa Maria del Monte,Santa Maria del Monte de Cea,Santa María del Monte,Santa María del Monte de Cea",42.49137,-5.11689,P,PPLA3,55,LE,24156,,24,321
3109785,Santa María del Invierno,Santa Maria del Invierno,"Santa Maria del Invierno,Santa María del Invierno",42.44288,-3.43782,P,PPLA3,55,BU,09351,,09,70
3109788,Santa María del Campo,Santa Maria del Campo,"Santa Maria,Santa Maria del Campo,Santa María del Campo,Santo Maria del Campo",42.13304,-3.97283,P,PPLA3,55,BU,09350,,09,677
3109790,Santa María del Berrocal,Santa Maria del Berrocal,"Santa Maria del Berrocal,Santa María del Berrocal",40.50845,-5.40483,P,PPLA3,55,AV,05225,,05,514
3109791,Santa María de la Vega,Santa Maria de la Vega,,42.08497,-5.80851,P,PPLA3,55,ZA,49203,,49,478
3109792,Santa María de las Hoyas,Santa Maria de las Hoyas,"Santa Maria de las Hoyas,Santa María de las Hoyas",41.77145,-3.14172,P,PPLA3,55,SO,42168,,42,191
3109793,Santa María de la Isla,Santa Maria de la Isla,"Santa Maria de la Isla,Santa María de la Isla",42.35533,-5.9287,P,PPLA3,55,LE,24155,,24,624
3109794,Santa María de la Alameda,Santa Maria de la Alameda,,40.59492,-4.25772,P,PPLA3,29,M,28135,,28,992
3109795,Santa María de Huerta,Santa Maria de Huerta,"Santa Maria de Huert,Santa Maria de Huerta,Santa Maria de Huerto,Santa María de Huerta",41.26667,-2.16667,P,PPLA3,55,SO,42167,,42,405
3109800,Santa María de Cayón,Santa Maria de Cayon,"Santa Maria de Cayon,Santa María de Cayón,Santa-Marija-de-Kajon,santa marya dy kaywn,sheng ma li ya de kai weng,Санта-Мария-де-Кайон,Санта-Марія-де-Кайон,سانتا ماريا دي كايون,圣马里亚德凯翁",43.30849,-3.8368,P,PPLA3,39,S,39074,,39,6710
3109824,Santa Magdalena de Pulpis,Santa Magdalena de Pulpis,Santa Magdalena de Pulpis,40.35625,0.30258,P,PPLA3,60,CS,12102,,12,836
3109861,Santa Inés,Santa Ines,"Santa Ines,Santa Inés",42.04013,-3.70322,P,PPLA3,55,BU,09348,,09,183
3109863,Santa Gadea del Cid,Santa Gadea del Cid,Santa Gadea del Cid,42.71531,-3.05885,P,PPLA3,55,BU,09347,,09,168
3109871,Santa Eulàlia de Ronçana,Santa Eulalia de Roncana,,41.65,2.23333,P,PPLA3,56,B,08248,,08,5814
3109875,Santa Eulalia de Oscos,Santa Eulalia de Oscos,"Santa Eulalia,Santa Eulalia de Oscos",43.2595,-7.01895,P,PPLA3,34,O,33062,,33,565
3109878,Santa Eulalia de Gállego,Santa Eulalia de Gallego,"Santa Eulalia de Gallego,Santa Eulalia de Gállego,Santolaria de Galligo",42.287,-0.76065,P,PPLA3,52,Z,50238,,50,133
3109881,Santa Eulalia Bajera,Santa Eulalia Bajera,Santa Eulalia Bajera,42.2096,-2.19174,P,PPLA3,27,LO,26136,,26,130
3109891,Santa Eulalia,Santa Eulalia,Santa Eulalia,40.56742,-1.31354,P,PPLA3,52,TE,44209,,44,1158
3109899,Santa Eufemia del Barco,Santa Eufemia del Barco,"Santa Eufemia,Santa Eufemia del Barco",41.67808,-5.89831,P,PPLA3,55,ZA,49202,,49,274
3109900,Santa Eufemia del Arroyo,Santa Eufemia del Arroyo,Santa Eufemia del Arroyo,41.89505,-5.26575,P,PPLA3,55,VA,47152,,47,139
3109911,Santa Elena de Jamuz,Santa Elena de Jamuz,Santa Elena de Jamuz,42.26064,-5.88762,P,PPLA3,55,LE,24154,,24,1296
3109914,Santa Cruz de Yanguas,Santa Cruz de Yanguas,"Santa Cruz de Yanguas,Santa-Krus-de-Janguas,Santa-Krus-de-Jangvas,sheng ke lu si de an gua si,Санта-Крус-де-Янгвас,Санта-Крус-де-Янгуас,圣克鲁斯德安瓜斯",42.0625,-2.44894,P,PPLA3,55,SO,42166,,42,63
3109915,Santa Cruz de Pinares,Santa Cruz de Pinares,Santa Cruz de Pinares,40.54265,-4.58036,P,PPLA3,55,AV,05222,,05,196
3109916,Santa Cruz de Paniagua,Santa Cruz de Paniagua,Santa Cruz de Paniagua,40.19167,-6.34003,P,PPLA3,57,CC,10167,,10,379
3109917,Santa Cruz de Nogueras,Santa Cruz de Nogueras,Santa Cruz de Nogueras,41.11475,-1.08933,P,PPLA3,52,TE,44208,,44,30
3109919,Santa Cruz de Moncayo,Santa Cruz de Moncayo,Santa Cruz de Moncayo,41.8824,-1.75637,P,PPLA3,52,Z,50237,,50,112
3109921,Santa Cruz del Valle Urbión,Santa Cruz del Valle Urbion,"Santa Cruz del Valle Urbion,Santa Cruz del Valle Urbión",42.30558,-3.2214,P,PPLA3,55,BU,09346,,09,113
3109922,Santa Cruz del Valle,Santa Cruz del Valle,Santa Cruz del Valle,40.2516,-5.00133,P,PPLA3,55,AV,05221,,05,492
3109929,Santa Cruz de la Serós,Santa Cruz de la Seros,"Santa Cruz d'as Serors,Santa Cruz de la Seros,Santa Cruz de la Serós",42.52271,-0.67515,P,PPLA3,52,HU,22209,,22,160
3109930,Santa Cruz de la Salceda,Santa Cruz de la Salceda,Santa Cruz de la Salceda,41.59591,-3.59317,P,PPLA3,55,BU,09345,,09,184
3109932,Santa Cruz de Grío,Santa Cruz de Grio,"Santa Cruz de Grio,Santa Cruz de Grío",41.3705,-1.43009,P,PPLA3,52,Z,50236,,50,213
3109934,Santa Cruz de Boedo,Santa Cruz de Boedo,Santa Cruz de Boedo,42.52531,-4.37398,P,PPLA3,55,P,34168,,34,49
3109935,Santa Cruz de Bezana,Santa Cruz de Bezana,"Santa-Krus-de-Besana,santa krwz dy byzana,sheng ke lu si de wei sa na,Санта-Крус-де-Бесана,سانتا كروز دي بيزانا,圣克鲁斯德韦萨纳",43.4437,-3.90324,P,PPLA3,39,S,39073,,39,11279
3109953,Santa Croya de Tera,Santa Croya de Tera,Santa Croya de Tera,41.98334,-5.97725,P,PPLA3,55,ZA,49201,,49,399
3109954,Santa Cristina de Valmadrigal,Santa Cristina de Valmadrigal,Santa Cristina de Valmadrigal,42.35446,-5.30929,P,PPLA3,55,LE,24153,,24,328
3109956,Santa Cristina de la Polvorosa,Santa Cristina de la Polvorosa,Santa Cristina de la Polvorosa,41.99985,-5.71355,P,PPLA3,55,ZA,49200,,49,1213
3109957,Santa Cristina d'Aro,Santa Cristina d'Aro,"Santa Cristina d'Aro,Santa Cristina de Aro",41.81667,3,P,PPLA3,56,GI,17181,,17,5089
3109966,Santa Comba,Santa Comba,Santa Comba,43.03306,-8.80925,P,PPLA3,58,C,15077,,15,10487
3109971,Santa Colomba de Somoza,Santa Colomba de Somoza,Santa Colomba de Somoza,42.44466,-6.24483,P,PPLA3,55,LE,24152,,24,510
3109974,Santa Colomba de las Monjas,Santa Colomba de las Monjas,Santa Colomba de las Monjas,41.95833,-5.68389,P,PPLA3,55,ZA,49199,,49,316
3109977,Santa Colomba de Curueño,Santa Colomba de Curueno,"Santa Colomba de Curueno,Santa Colomba de Curueño",42.75058,-5.41201,P,PPLA3,55,LE,24151,,24,582
3109979,Santa Coloma de Queralt,Santa Coloma de Queralt,"Santa Coloma,Santa Coloma de Queralt",41.53333,1.38333,P,PPLA3,56,T,43139,,43,0
3109982,Santa Coloma de Farners,Santa Coloma de Farners,"Santa Colama de Farnes,Santa Colama de Farnés,Santa Coloma de Farners,Santa Coloma de Farnes,Santa Coloma de Farnés",41.86667,2.66667,P,PPLA3,56,GI,17180,,17,11739
3109983,Santa Coloma de Cervelló,Santa Coloma de Cervello,"Santa Coloma,Santa Coloma de Cervello,Santa Coloma de Cervelló,Santa Colomba de Cervello,Santa Colomba de Cervelló",41.36736,2.01426,P,PPLA3,56,B,08244,,08,7086
3109988,Santa Coloma,Santa Coloma,Santa Coloma,42.36717,-2.65598,P,PPLA3,27,LO,26134,,26,121
3109989,Santa Clara de Avedillo,Santa Clara de Avedillo,Santa Clara de Avedillo,41.33877,-5.67692,P,PPLA3,55,ZA,49197,,49,232
3109999,Santa Cecília de Voltregà,Santa Cecilia de Voltrega,"Santa Cecilia de Voltrega,Santa Cecília de Voltregà",42,2.23333,P,PPLA3,56,B,08243,,08,206
3110000,Santa Cecilia del Alcor,Santa Cecilia del Alcor,Santa Cecilia del Alcor,41.93227,-4.65546,P,PPLA3,55,P,34167,,34,149
3110004,Santa Cecilia,Santa Cecilia,Santa Cecilia,42.05225,-3.80345,P,PPLA3,55,BU,09343,,09,117
3110031,Sansol,Sansol,Sansol,42.55362,-2.26676,P,PPLA3,32,NA,31219,,31,0
3110040,San Sebastián de los Reyes,San Sebastian de los Reyes,"S.S. de los Reyes,SS de los Reyes,San Sebastian de los Rejesas,San Sebastian de los Reyes,San Sebastijan de los Rejes,San Sebastián de los Reyes,San-Sebast'jan-de-los-Rees,San-Sebastian-de-los-Rejes,Sanctus Sebastianus Regum,Sanse,san sbastyan dy lws ryys,sheng sai wa si di an de luo si lei ai si,Сан Себастијан де лос Рејес,Сан-Себастиан-де-лос-Рейес,Сан-Себастьян-де-лос-Реєс,سان سباستيان دي لوس رييس,サン・セバスティアン・デ・ロス・レイエス,圣塞瓦斯蒂安德洛斯雷埃斯",40.55555,-3.62733,P,PPLA3,29,M,28134,,28,75912
3110044,Donostia / San Sebastián,San Sebastian,"Donosti,Donostia,Donostia / San Sebastian,Donostia / San Sebastián,Donostia San Sebasian,Donostia San Sebasián,Donostia-San Sebastian,Donostia-San Sebastián,Donostio,EAS,La Bella Easo,Saint-Sebastien,Saint-Sébastien,San Sebastian,San Sebastián,San-Sebast'jan,Sanse,Sant Sebastia,Sant Sebastià,Sao Sebastiao,São Sebastião,san sbastyan,sheng sai wa si ti an,Сан-Себастьян,סן סבסטיאן,سان سباستيان,サン・セバスティアン,圣塞瓦斯提安",43.31283,-1.97499,P,PPLA2,59,SS,20069,,20,185357
3110048,San Sadurniño,San Sadurnino,,43.53333,-8.06667,P,PPLA3,58,C,15076,,15,0
3110063,San Salvador,San Salvador,,41.6206,-5.08713,P,PPLA3,55,VA,47151,,47,0
3110076,San Román de la Cuba,San Roman de la Cuba,,42.26257,-4.85724,P,PPLA3,55,P,34165,,34,108
3110077,San Román de Hornija,San Roman de Hornija,"San Roman,San Roman de Hornija,San Roman de la Hornija,San Román,San Román de Hornija,San Román de la Hornija",41.48131,-5.28454,P,PPLA3,55,VA,47150,,47,432
3110079,San Román de Cameros,San Roman de Cameros,"San Roman de Cameros,San Roman de Kameros,San Román de Cameros,San-Roman-de-Kameros,sheng luo man de ka mei luo si,Сан-Роман-де-Камерос,Սան Ռոման դե Կամերոս,圣罗曼德卡梅罗斯",42.23255,-2.47436,P,PPLA3,27,LO,26132,,26,154
3110100,Sant Quirze Safaja,Sant Quirze Safaja,"San Quirico Safaja,San Quírico Safaja,Sant Quirze Safaja",41.73333,2.15,P,PPLA3,56,B,08239,,08,0
3110101,Sant Quirze del Vallès,Sant Quirze del Valles,"San Quirico de Tarrasa,San Quírico de Tarrasa,Sant Quirze del Valles,Sant Quirze del Vallès",41.53333,2.08333,P,PPLA3,56,B,08238,,08,18462
3110110,Sant Pol de Mar,Sant Pol de Mar,"San Pol de Mar,Sant Pol de Mar,Сант Пол де Мар",41.60177,2.61741,P,PPLA3,56,B,08235,,08,5076
3110117,San Pelayo de Guareña,San Pelayo de Guarena,"San Pelayo de Guarena,San Pelayo de Guareña",41.11579,-5.85702,P,PPLA3,55,SA,37292,,37,148
3110126,San Pelayo,San Pelayo,,41.68033,-5.03403,P,PPLA3,55,VA,47149,,47,40
3110129,Sant Pere Pescador,Sant Pere Pescador,Sant Pere Pescador,42.18812,3.08212,P,PPLA3,56,GI,17178,,17,0
3110130,San Pedro Palmiches,San Pedro Palmiches,San Pedro Palmiches,40.42956,-2.40602,P,PPLA3,54,CU,16193,,16,92
3110132,San Pedro Manrique,San Pedro Manrique,"San Pedro Manrique,San-Pedro-Manrike,sheng pei de luo man li ke,Сан-Педро-Манрике,Сан-Педро-Манріке,圣佩德罗曼里克",42.0286,-2.23104,P,PPLA3,55,SO,42165,,42,536
3110136,Sant Pere de Vilamajor,Sant Pere de Vilamajor,"San Pedro de Vilamajor,Sant Pere de Vilamajor",41.68333,2.38333,P,PPLA3,56,B,08234,,08,0
3110141,San Pedro de Rozados,San Pedro de Rozados,San Pedro de Rozados,40.79008,-5.73716,P,PPLA3,55,SA,37291,,37,343
3110150,San Pedro del Valle,San Pedro del Valle,San Pedro del Valle,41.03332,-5.86025,P,PPLA3,55,SA,37290,,37,125
3110152,San Pedro del Romeral,San Pedro del Romeral,San Pedro del Romeral,43.11514,-3.8186,P,PPLA3,39,S,39071,,39,579
3110158,San Pedro de Latarce,San Pedro de Latarce,San Pedro de Latarce,41.73556,-5.32592,P,PPLA3,55,VA,47148,,47,611
3110165,San Pedro del Arroyo,San Pedro del Arroyo,San Pedro del Arroyo,40.80213,-4.87075,P,PPLA3,55,AV,05220,,05,499
3110171,San Pedro de Gaíllos,San Pedro de Gaillos,"San Pedro de Gaillos,San Pedro de Gaíllos",41.22662,-3.80921,P,PPLA3,55,SG,40184,,40,368
3110175,San Pedro de Ceque,San Pedro de Ceque,San Pedro de Ceque,42.04334,-6.07242,P,PPLA3,55,ZA,49193,,49,636
3110181,San Pedro Bercianos,San Pedro Bercianos,,42.39145,-5.71341,P,PPLA3,55,LE,24150,,24,337
3110217,San Pascual,San Pascual,San Pascual,40.88141,-4.75612,P,PPLA3,55,AV,05219,,05,48
3110223,San Pablo de la Moraleja,San Pablo de la Moraleja,San Pablo de la Moraleja,41.161,-4.77761,P,PPLA3,55,VA,47147,,47,167
3110229,San Muñoz,San Munoz,"Munoz,Muñoz,San Munoz,San Muñoz",40.78334,-6.12758,P,PPLA3,55,SA,37289,,37,316
3110230,Sant Mori,Sant Mori,Sant Mori,42.1559,2.98946,P,PPLA3,56,GI,17176,,17,0
3110231,San Morales,San Morales,San Morales,40.99358,-5.50234,P,PPLA3,55,SA,37288,,37,238
3110233,San Millán de Yécora,San Millan de Yecora,"San Millan de Yecora,San Millán de Yécora",42.54705,-3.09681,P,PPLA3,27,LO,26131,,26,74
3110235,San Millán de los Caballeros,San Millan de los Caballeros,"San Millan de los Caballeros,San Millán de los Caballeros",42.2852,-5.56107,P,PPLA3,55,LE,24149,,24,173
3110236,San Millán de Lara,San Millan de Lara,"San Millan de Lara,San Millán de Lara",42.13621,-3.34515,P,PPLA3,55,BU,09340,,09,83
3110237,San Millán de la Cogolla,San Millan de la Cogolla,"Donemiliaga Kukula,San Milian de la Kogolia,San Millan,San Millán,San-Mil'jan-de-la-Kogol'ja,Sveti Milan od Kogole,sheng mi liang de la ke ge li ya,Сан-Мильян-де-ла-Коголья,Сан-Мільян-де-ла-Коголья,Свети Миљан од Когоље,Սան Միլիան դե լա Կոգոլիա,圣米良德拉科戈利亚",42.32974,-2.86185,P,PPLA3,27,LO,26130,,26,303
3110244,San Miguel de Valero,San Miguel de Valero,San Miguel de Valero,40.54361,-5.9228,P,PPLA3,55,SA,37287,,37,382
3110245,San Miguel de Serrezuela,San Miguel de Serrezuela,"San Miguel,San Miguel de Serrezuela",40.67064,-5.28857,P,PPLA3,55,AV,05218,,05,174
3110258,San Miguel del Pino,San Miguel del Pino,,41.50941,-4.91149,P,PPLA3,55,VA,47146,,47,212
3110265,San Miguel del Arroyo,San Miguel del Arroyo,San Miguel del Arroyo,41.44328,-4.4599,P,PPLA3,55,VA,47145,,47,792
3110266,San Miguel de la Ribera,San Miguel de la Ribera,San Miguel de la Ribera,41.33301,-5.57689,P,PPLA3,55,ZA,49191,,49,371
3110270,Sant Miquel de Fluvià,Sant Miquel de Fluvia,"Sant Miquel de Fluvia,Sant Miquel de Fluvià",42.172,2.99259,P,PPLA3,56,GI,17175,,17,0
3110274,San Miguel de Corneja,San Miguel de Corneja,San Miguel de Corneja,40.48722,-5.28654,P,PPLA3,55,AV,05217,,05,100
3110275,Sant Miquel de Campmajor,Sant Miquel de Campmajor,"San Miguel de Campmajor,Sant Miquel de Campmajor",42.13333,2.68333,P,PPLA3,56,GI,17174,,17,0
3110280,San Miguel de Aguayo,San Miguel de Aguayo,San Miguel de Aguayo,43.05383,-4.0255,P,PPLA3,39,S,39070,,39,148
3110305,San Mateo de Gállego,San Mateo de Gallego,"San Mateo de Gallego,San Mateo de Gállego",41.83043,-0.76578,P,PPLA3,52,Z,50235,,50,2461
3110311,Sant Martí Vell,Sant Marti Vell,"San Martivell,San Martívell,Sant Marti Vell,Sant Martí Vell",42.01667,2.93333,P,PPLA3,56,GI,17173,,17,0
3110315,Sant Martí Sarroca,Sant Marti Sarroca,"Sant Marti Sarroca,Sant Martí Sarroca",41.38576,1.61121,P,PPLA3,56,B,08227,,08,3142
3110321,San Martín de Valvení,San Martin de Valveni,"San Martin de Valveni,San Martín de Valvení",41.75336,-4.56724,P,PPLA3,55,VA,47144,,47,108
3110324,San Martín de Valderaduey,San Martin de Valderaduey,"San Martin de Valderaduey,San Martín de Valderaduey",41.81414,-5.47249,P,PPLA3,55,ZA,49190,,49,0
3110326,San Martín de Valdeiglesias,San Martin de Valdeiglesias,"San Martin de Valdeiglesias,San Martin de Valdieglesias,San-Martin-de-Val'deiglesias,San-Martin-de-Val'dejgles'jas,san martn dy faldyjlysyas,sheng ma ding-de ba er dai ge lai xi ya si,Сан-Мартин-де-Вальдейглесьяс,Сан-Мартін-де-Вальдеіглесіас,Սան Մարտին դե Վալդեիգլեսիաս,سان مارتن دي فالديجليسياس,圣马丁-德巴尔代格莱西亚斯",40.36185,-4.39831,P,PPLA3,29,M,28133,,28,6965
3110327,San Martín de Unx,San Martin de Unx,"San Martin de Unx,San Martín de Unx",42.52473,-1.56091,P,PPLA3,32,NA,31217,,31,431
3110329,San Martín de Trevejo,San Martin de Trevejo,"San Martin de Trevejo,San Martín de Trevejo",40.21241,-6.79535,P,PPLA3,57,CC,10164,,10,965
3110330,Sant Martí de Tous,Sant Marti de Tous,"San Martin de Tous,San Martín de Tous,Sant Marti de Tous,Sant Martí de Tous",41.55,1.51667,P,PPLA3,56,B,08226,,08,0
3110336,San Martín de Rubiales,San Martin de Rubiales,"San Martin de Rubiales,San Martín de Rubiales",41.64191,-3.99134,P,PPLA3,55,BU,09339,,09,212
3110340,San Martín de Oscos,San Martin de Oscos,"San Martin,San Martin de Oscos,San Martín de Oscos",43.26587,-6.96241,P,PPLA3,34,O,33061,,33,471
3110346,San Martín del Río,San Martin del Rio,"San Martin del Rio,San Martín del Río",41.06633,-1.38733,P,PPLA3,52,TE,44207,,44,248
3110348,San Martín del Pimpollar,San Martin del Pimpollar,"San Martin del Pimpollar,San Martín del Pimpollar",40.3683,-5.05443,P,PPLA3,55,AV,05216,,05,274
3110356,San Martín del Castañar,San Martin del Castanar,"San Martin del Castanar,San Martín del Castañar",40.52264,-6.06387,P,PPLA3,55,SA,37286,,37,272
3110359,San Martín de la Vega del Alberche,San Martin de la Vega del Alberche,"San Martin de la Vega del Alberche,San Martín de la Vega del Alberche",40.43053,-5.155,P,PPLA3,55,AV,05215,,05,243
3110360,San Martín de la Vega,San Martin de la Vega,"San Martin de la Vega,San Martín de la Vega,San-Martin-de-la-Vega,san martyn dy la fygha,sheng ma er ting de la wei jia,Сан-Мартин-де-ла-Вега,Сан-Мартін-де-ла-Вега,سان مارتين دي لا فيغا,圣马尔廷德拉韦加",40.20735,-3.57063,P,PPLA3,29,M,28132,,28,18256
3110377,Sant Martí de Centelles,Sant Marti de Centelles,"Sant Marti de Centelles,Sant Martí de Centelles",41.76617,2.20566,P,PPLA3,56,B,08224,,08,898
3110429,San Mamés de Campos,San Mames de Campos,"San Mames de Campos,San Mamés de Campos",42.35512,-4.56565,P,PPLA3,55,P,34163,,34,89
3110430,San Mamés de Burgos,San Mames de Burgos,,42.33685,-3.79397,P,PPLA3,55,BU,09338,,09,285
3110451,San Lorenzo de Tormes,San Lorenzo de Tormes,"Lorenzo de Tormes,San Lorenzo de Tormes",40.36984,-5.48848,P,PPLA3,55,AV,05214,,05,58
3110456,Sant Llorenç de la Muga,Sant Llorenc de la Muga,"Sant Llorenc de la Muga,Sant Llorenç de la Muga",42.31976,2.78888,P,PPLA3,56,GI,17171,,17,0
3110457,Sant Llorenç d'Hortons,Sant Llorenc d'Hortons,"San Lorenzo de Hortons,San Lorenzo de Hortóns,Sant Llorenc d'Hortons,Sant Llorenç d'Hortons",41.46667,1.83333,P,PPLA3,56,B,08222,,08,0
3110458,San Lorenzo de El Escorial,San Lorenzo de El Escorial,"El Escorial,Eskorialo,San Lorenzo,San Lorenzo del Escorial,San-Lorenso-de-Ehl'-Ehskorial',San-Lorenso-de-El'-Eskorial',san lwrnzw dy sh alaskwryal,sanlolensodeel-eseukolial,sheng luo lun suo de ai lai si ke li ya er,Сан-Лоренсо-де-Ель-Ескоріаль,Сан-Лоренсо-де-Эль-Эскориаль,سان لورنزو دي ش الإسكوريال,圣洛伦索德埃莱斯科里亚尔,산로렌소데엘에스코리알",40.59144,-4.14738,P,PPLA3,29,M,28131,,28,17889
3110476,San Llorente,San Llorente,San Llorente,41.68631,-4.066,P,PPLA3,55,VA,47143,,47,170
3110479,San Leonardo de Yagüe,San Leonardo de Yague,"Leonardo,San Leonardo,San Leonardo de Yague,San Leonardo de Yaguee,San Leonardo de Yagüe,San-Leonardo-de-Jague,San-Leonardo-de-Jagueh,sheng lai ao na er duo de a ge,Сан-Леонардо-де-Ягуе,Сан-Леонардо-де-Ягуэ,圣莱奥纳尔多德阿格",41.83034,-3.0688,P,PPLA3,55,SO,42164,,42,2354
3110482,San Justo de la Vega,San Justo de la Vega,"San Justo de la Vega,San-Khusto-de-la-Vega,sheng hu si tuo de la wei jia,Сан-Хусто-де-ла-Вега,圣胡斯托德拉韦加",42.45696,-6.01825,P,PPLA3,55,LE,24148,,24,2077
3110491,San Justo,San Justo,,42.13321,-6.62388,P,PPLA3,55,ZA,49189,,49,328
3110497,San Julián de Muskiz,San Julian de Muskiz,"Muskiz,Musques,Muzquiz,San Julian de Muskiz,San Julian de Musques,San Julián de Musques",43.33333,-3.1,P,PPLA3,59,BI,48071,,48,0
3110529,Sant Joan de Mollet,Sant Joan de Mollet,"San Juan de Mollet,Sant Joan de Mollet",42.05,2.95,P,PPLA3,56,GI,17168,,17,0
3110531,San Juan del Monte,San Juan del Monte,San Juan del Monte,41.68313,-3.52337,P,PPLA3,55,BU,09337,,09,168
3110532,San Juan del Molinillo,San Juan del Molinillo,San Juan del Molinillo,40.45909,-4.81711,P,PPLA3,55,AV,05212,,05,315
3110535,San Juan de la Nava,San Juan de la Nava,San Juan de la Nava,40.4788,-4.68238,P,PPLA3,55,AV,05211,,05,626
3110538,San Juan de la Encinilla,San Juan de la Encinilla,San Juan de la Encinilla,40.8302,-4.83957,P,PPLA3,55,AV,05210,,05,121
3110569,Sant Jordi,Sant Jordi,"San Jorge,Sant Jordi del Maestrat",40.50982,0.33208,P,PPLA3,60,CS,12099,,12,637
3110570,Sant Jordi Desvalls,Sant Jordi Desvalls,"San Jordi Desvalls,Sant Jordi Desvalls",42.06667,2.95,P,PPLA3,56,GI,17166,,17,0
3110573,Sant Jaume dels Domenys,Sant Jaume dels Domenys,"San Jaime dels Domenys,Sant Jaume dels Domenys",41.3,1.56667,P,PPLA3,56,T,43137,,43,0
3110581,San Ildefonso,San Ildefonso,"La Granja,La Granja de San Ildefonso,Real Sitio de San Ildefonso,San Ildefonso,San-Il'defonso,Sankta Ildefonso,sheng yi er de feng suo,Сан-Ільдефонсо,Сан-Ильдефонсо,圣伊尔德丰索",40.90182,-4.00685,P,PPLA3,55,SG,40181,,40,5426
3110584,Sant Hilari Sacalm,Sant Hilari Sacalm,"San Hilario Sacalm,Sant Hilari Sacalm",41.88333,2.51667,P,PPLA3,56,GI,17164,,17,0
3110597,Sant Gregori,Sant Gregori,"San Gregorio,Sant Gregori",41.98333,2.73333,P,PPLA3,56,GI,17163,,17,0
3110610,Sanxenxo,Sanxenxo,"Sangenjo,Sanxenxo",42.39996,-8.80698,P,PPLA3,58,PO,36051,,36,17212
3110611,Sangarrén,Sangarren,"Sangarren,Sangarrén",42.01921,-0.43323,P,PPLA3,52,HU,22206,,22,278
3110612,San García de Ingelmos,San Garcia de Ingelmos,"San Garcia de Ingelmos,San García de Ingelmos",40.76912,-5.11523,P,PPLA3,55,AV,05209,,05,135
3110613,Sangarcía,Sangarcia,"Sangarcia,Sangarcía",40.95023,-4.41085,P,PPLA3,55,SG,40180,,40,445
3110615,Sant Fruitós de Bages,Sant Fruitos de Bages,"San Fructuoso,San Fructuoso de Bages,San Fructuoso de Bagés,San Frutos,Sant Fruitos de Bages,Sant Fruitós de Bages",41.75,1.86667,P,PPLA3,56,B,08213,,08,0
3110625,Sant Ferriol,Sant Ferriol,"San Ferreol,Sant Ferriol",42.2,2.66667,P,PPLA3,56,GI,17162,,17,61
3110627,San Fernando de Henares,San Fernando de Henares,"San Fernando de Enares,San Fernando de Henares,San-Fernando de Henaro,San-Fernando-de-Ehnares,San-Fernando-de-Enares,ai na lei si he pan sheng fei er nan duo,san frnandw dy hynarys,Сан-Фернандо-де-Енарес,Сан-Фернандо-де-Энарес,Սան Ֆերնանդո դե Էնարես,سان فرناندو دي هيناريس,埃纳雷斯河畔圣费尔南多",40.42386,-3.53261,P,PPLA3,29,M,28130,,28,39466
3110638,Sant Feliu Sasserra,Sant Feliu Sasserra,"San Feliu Saserra,San Felíu Saserra,Sant Feliu Sasserra",41.95,2.03333,P,PPLA3,56,B,08212,,08,0
3110639,Sant Feliu de Pallerols,Sant Feliu de Pallerols,Sant Feliu de Pallerols,42.07708,2.50935,P,PPLA3,56,GI,17161,,17,0
3110642,Sant Feliu de Llobregat,Sant Feliu de Llobregat,"Feliu-de-L'obregat,San Feliu de Llobregat,San Feliú de Llobregat,Sant Feliu,Sant Feliu de Llobregat,Фелиу-де-Льобрегат",41.38333,2.05,P,PPLA3,56,B,08211,,08,42919
3110643,Sant Feliu de Guíxols,Sant Feliu de Guixols,"San Feliu de Gisols,San Feliu de Guixols,San Felíu de Guixols,San-Faliu-da-Gishuls,San-Feliu-de-Gishol's,Sant Feliu de Guixols,Sant Feliu de Guíxols,san fylyw dy ghykswls,sant flyw d gyksls,sheng fei liu-de ji ke suo er si,Сан-Фаліу-да-Ґішулс,Сан-Фелиу-де-Гишольс,Սան Ֆելիու դե Գիշոլս,سان فيليو دي غيكسولس,سانت فلیو د گیکسلس,圣费柳-德吉克索尔斯",41.78333,3.03333,P,PPLA3,56,GI,17160,,17,21977
3110644,Sant Feliu de Codines,Sant Feliu de Codines,"San Feliu de Codinas,San Felíu de Codinas,Sant Feliu de Codines",41.7,2.16667,P,PPLA3,56,B,08210,,08,0
3110650,San Felices de los Gallegos,San Felices de los Gallegos,"San Felices,San Felices de Gallegos,San Felices de los Gallegos",40.84954,-6.70804,P,PPLA3,55,SA,37285,,37,579
3110656,San Felices,San Felices,,41.93708,-2.02638,P,PPLA3,55,SO,42163,,42,0
3110669,San Esteban de Nogales,San Esteban de Nogales,San Esteban de Nogales,42.15995,-5.93065,P,PPLA3,55,LE,24146,,24,351
3110670,San Esteban del Valle,San Esteban del Valle,San Esteban del Valle,40.2751,-4.98215,P,PPLA3,55,AV,05207,,05,855
3110672,San Esteban de los Patos,San Esteban de los Patos,San Esteban de los Patos,40.74705,-4.62413,P,PPLA3,55,AV,05206,,05,36
3110673,San Esteban del Molar,San Esteban del Molar,San Esteban del Molar,41.93717,-5.55158,P,PPLA3,55,ZA,49188,,49,168
3110676,San Esteban de la Sierra,San Esteban de la Sierra,San Esteban de la Sierra,40.5068,-5.90619,P,PPLA3,55,SA,37284,,37,415
3110678,San Esteban de Gormaz,San Esteban de Gormaz,"San Esteban de Gormaz,San-Ehsteban-de-Gormas,San-Esteban-de-Gormas,sheng ai si te wan de ge er ma si,shnt ashtybn,Сан-Естебан-де-Гормас,Сан-Эстебан-де-Гормас,شنت إشتيبن,圣埃斯特万德戈尔马斯",41.57436,-3.20418,P,PPLA3,55,SO,42162,,42,3268
3110696,San Emiliano,San Emiliano,San Emiliano,42.97164,-6.00075,P,PPLA3,55,LE,24145,,24,762
3110702,Sando,Sando,Sando,40.96773,-6.11136,P,PPLA3,55,SA,37283,,37,240
3110718,Sant Cugat del Vallès,Sant Cugat del Valles,"Sant Cugat,Sant Cugat del Valles,Sant Cugat del Vallès",41.47063,2.08611,P,PPLA3,56,B,08205,,08,79253
3110723,San Cristóbal de Segovia,San Cristobal de Segovia,"San Cristobal de Segovia,San Cristóbal de Segovia",40.95225,-4.07652,P,PPLA3,55,SG,40906,,40,2437
3110726,San Cristóbal de la Vega,San Cristobal de la Vega,"San Cristobal de la Vega,San Cristóbal de la Vega",41.11214,-4.64448,P,PPLA3,55,SG,40178,,40,139
3110727,San Cristóbal de la Polantera,San Cristobal de la Polantera,"San Cristobal de la Polantera,San Cristóbal de la Polantera",42.39041,-5.90732,P,PPLA3,55,LE,24144,,24,939
3110728,San Cristóbal de la Cuesta,San Cristobal de la Cuesta,"San Cristobal de la Cuesta,San Cristóbal de la Cuesta",41.02919,-5.61771,P,PPLA3,55,SA,37278,,37,567
3110729,San Cristóbal de Entreviñas,San Cristobal de Entrevinas,"San Cristobal de Entrevinas,San Cristóbal de Entreviñas",42.04575,-5.63468,P,PPLA3,55,ZA,49187,,49,1642
3110730,San Cristóbal de Cuéllar,San Cristobal de Cuellar,"San Cristobal de Cuellar,San Cristóbal de Cuéllar",41.40591,-4.40445,P,PPLA3,55,SG,40177,,40,201
3110732,San Cristóbal de Boedo,San Cristobal de Boedo,"San Cristobal de Boedo,San Cristóbal de Boedo",42.54194,-4.35325,P,PPLA3,55,P,34161,,34,37
3110796,Sanchotello,Sanchotello,Sanchotello,40.43812,-5.75394,P,PPLA3,55,SA,37282,,37,282
3110798,Sanchorreja,Sanchorreja,Sanchorreja,40.66475,-4.91494,P,PPLA3,55,AV,05205,,05,138
3110800,Sanchonuño,Sanchonuno,"Sanchonuno,Sanchonuño",41.32325,-4.30531,P,PPLA3,55,SG,40179,,40,837
3110801,Sanchón de la Sagrada,Sanchon de la Sagrada,"Sanchon de la Sagrada,Sanchón de la Sagrada",40.74287,-6.02502,P,PPLA3,55,SA,37281,,37,49
3110802,Sanchón de la Ribera,Sanchon de la Ribera,"Sanchon de la Ribera,Sanchon de la Rivera,Sanchón de la Ribera,Sanchón de la Rivera",41.08844,-6.41314,P,PPLA3,55,SA,37280,,37,110
3110809,Sanchidrián,Sanchidrian,,40.89347,-4.58132,P,PPLA3,55,AV,05204,,05,763
3110813,Sant Celoni,Sant Celoni,"San Celoni,Sant Celoni",41.68921,2.48965,P,PPLA3,56,B,08202,,08,16860
3110815,Sancedo,Sancedo,Sancedo,42.66666,-6.63456,P,PPLA3,55,LE,24143,,24,0
3110816,San Cebrián de Mudá,San Cebrian de Muda,"San Cebrian de Muda,San Cebrián de Mudá",42.89261,-4.38719,P,PPLA3,55,P,34160,,34,184
3110817,San Cebrián de Mazote,San Cebrian de Mazote,,41.68022,-5.14847,P,PPLA3,55,VA,47142,,47,192
3110818,San Cebrián de Castro,San Cebrian de Castro,"San Cebrian de Castro,San Cebrián de Castro",41.70632,-5.75605,P,PPLA3,55,ZA,49186,,49,326
3110819,San Cebrián de Campos,San Cebrian de Campos,"San Cebrian,San Cebrian de Campos,San Cebrián,San Cebrián de Campos",42.20063,-4.53127,P,PPLA3,55,P,34159,,34,452
3110821,Sant Carles de la Ràpita,Sant Carles de la Rapita,"San Carlos des la Rapida,San-Karlos-de-la-Rapita,Sant Carles de la Rapita,Sant Carles de la Ràpita,Сан-Карлос-де-ла-Рапита",40.61667,0.6,P,PPLA3,56,T,43136,,43,15511
3110833,Sant Boi de Lluçanès,Sant Boi de Llucanes,"San Baudilio de Llusanes,San Baudilio de Llusanés,San baudilio de Llusanes,San baudilio de Llusanés,Sant Boi de Llucanes,Sant Boi de Lluçanès",42.05,2.15,P,PPLA3,56,B,08201,,08,0
3110842,San Bartolomé de Corneja,San Bartolome de Corneja,"San Bartolome de Corneja,San Bartolomé de Corneja",40.49257,-5.38519,P,PPLA3,55,AV,05200,,05,74
3110843,San Bartolomé de Béjar,San Bartolome de Bejar,"San Bartolome de Bejar,San Bartolomé de Béjar",40.40783,-5.66261,P,PPLA3,55,AV,05199,,05,52
3110850,San Asensio,San Asensio,"San Asensio,San-Asensio,sheng a sen xi ao,Сан-Асенсио,Сан-Асенсіо,Սան Ասենսիո,圣阿森西奥",42.49677,-2.75057,P,PPLA3,27,LO,26129,,26,1281
3110872,Sant Andreu Salou,Sant Andreu Salou,"San Andres Salou,San Andrés Salou,Sant Andreu Salou",41.86667,2.83333,P,PPLA3,56,GI,17157,,17,0
3110879,San Andrés del Rey,San Andres del Rey,"San Andres del Rey,San Andrés del Rey",40.63837,-2.8202,P,PPLA3,54,GU,19249,,19,46
3110880,San Andrés del Rabanedo,San Andres del Rabanedo,"San Andres de Rabanedo,San Andres del Rabanedo,San Andrés de Rabanedo,San Andrés del Rabanedo,San-Andres-del'-Rabanedo,sheng an de lei si de er la wa nei duo,Сан-Андрес-дель-Рабанедо,圣安德雷斯德尔拉瓦内多",42.61174,-5.61671,P,PPLA3,55,LE,24142,,24,30820
3110882,San Andrés del Congosto,San Andres del Congosto,"San Andres del Congosto,San Andrés del Congosto",40.99775,-3.02423,P,PPLA3,54,GU,19248,,19,79
3110906,San Amaro,San Amaro,San Amaro,42.37385,-8.07347,P,PPLA3,58,OR,32074,,32,1354
3110909,San Agustín del Pozo,San Agustin del Pozo,"San Agustin del Pozo,San Agustín del Pozo",41.88613,-5.59351,P,PPLA3,55,ZA,49185,,49,206
3110915,San Agustín,San Agustin,"San Agustin,San Agustín",40.05929,-0.69254,P,PPLA3,52,TE,44206,,44,119
3110919,San Adrián del Valle,San Adrian del Valle,"San Adrian del Valle,San Adrián del Valle",42.13033,-5.72905,P,PPLA3,55,LE,24141,,24,129
3110920,San Adrián de Juarros,San Adrian de Juarros,"San Adrian de Juarros,San Adrián de Juarros",42.27427,-3.47551,P,PPLA3,55,BU,09335,,09,52
3110924,San Adrián,San Adrian,"San Adrian,San Adrián",42.33433,-1.93509,P,PPLA3,32,NA,31215,,31,6076
3110925,Sant Iscle de Vallalta,Sant Iscle de Vallalta,"San Acisclo de Vallalta,Sant Iscle de Vallalta",41.61667,2.56667,P,PPLA3,56,B,08193,,08,0
3110931,Samper del Salz,Samper del Salz,"Samper del Sal,Samper del Salz",41.23458,-0.8251,P,PPLA3,52,Z,50233,,50,126
3110932,Samper de Calanda,Samper de Calanda,"Samper de Calanda,Samper de Galanda",41.18933,-0.38883,P,PPLA3,52,TE,44205,,44,985
3110934,Santpedor,Santpedor,"Sampedor,Sanpedor,Santpedor",41.78309,1.84673,P,PPLA3,56,B,08192,,08,0
3110938,Samos,Samos,"Samos,sa mo si,samosu,Самос,Սամոս,サモス,萨莫斯",42.731,-7.32582,P,PPLA3,58,LU,27055,,27,1860
3110940,Samir de los Caños,Samir de los Canos,"Samir de los Canos,Samir de los Caños",41.6728,-6.16415,P,PPLA3,55,ZA,49184,,49,221
3110949,Samboal,Samboal,Samboal,41.25758,-4.41727,P,PPLA3,55,SG,40176,,40,547
3110955,Samaniego,Samaniego,Samaniego,42.56854,-2.67974,P,PPLA3,59,VI,01052,,01,321
3110964,Salvatierra de Tormes,Salvatierra de Tormes,"Salvatierra,Salvatierra de Tormes",40.59007,-5.59763,P,PPLA3,55,SA,37277,,37,67
3110966,Salvatierra de Esca,Salvatierra de Esca,"Salvatierra,Salvatierra de Esca",42.67002,-1.00475,P,PPLA3,52,Z,50232,,50,267
3110969,Salvador de Zapardiel,Salvador de Zapardiel,Salvador de Zapardiel,41.11696,-4.87486,P,PPLA3,55,VA,47141,,47,186
3110972,Salvadiós,Salvadios,"Salvadios,Salvadiós",40.87836,-5.09629,P,PPLA3,55,AV,05198,,05,107
3110974,Salvacañete,Salvacanete,"Salvacanete,Salvacañete",40.1,-1.5,P,PPLA3,54,CU,16189,,16,337
3110983,Salt,Salt,Salt,41.97489,2.79281,P,PPLA3,56,GI,17155,,17,30622
3110989,Salomó,Salomo,"Salomo,Salomó",41.22955,1.37445,P,PPLA3,56,T,43135,,43,341
3110992,Salobral,Salobral,Salobral,40.61179,-4.81013,P,PPLA3,55,AV,05197,,05,118
3110994,Salmoral,Salmoral,Salmoral,40.80137,-5.2191,P,PPLA3,55,SA,37276,,37,257
3110998,Salmerón,Salmeron,"Salmeron,Salmerón",40.54529,-2.49315,P,PPLA3,54,GU,19247,,19,217
3111001,Sallent de Gállego,Sallent de Gallego,"Sal'ent-de-Gal'ego,Sallen de Galligo,Sallent,Sallent de Gallego,Sallent de Galligo,Sallén de Galligo,sa lian te de jia lie ge,Сальент-де-Гальего,Сальєнт-де-Гальєго,萨连特德加列戈",42.77127,-0.33448,P,PPLA3,52,HU,22204,,22,1281
3111003,Sallent,Sallent,"Sallent,Sallent de Llobregat",41.82602,1.8955,P,PPLA3,56,B,08191,,08,7107
3111008,Salinillas de Bureba,Salinillas de Bureba,Salinillas de Bureba,42.55243,-3.38753,P,PPLA3,55,BU,09334,,09,51
3111012,Salinas de Pisuerga,Salinas de Pisuerga,Salinas de Pisuerga,42.85046,-4.37783,P,PPLA3,55,P,34158,,34,351
3111014,Salinas de Oro,Salinas de Oro,,42.77487,-1.88999,P,PPLA3,32,NA,31214,,31,112
3111016,Salinas del Manzano,Salinas del Manzano,Salinas del Manzano,40.08333,-1.55,P,PPLA3,54,CU,16187,,16,107
3111017,Leintz-Gatzaga,Leintz-Gatzaga,"Gatzaga,Leintz Gatzaga,Salinas de Leniz,Salinas de Léniz",42.98684,-2.56851,P,PPLA3,59,SS,20068,,20,0
3111030,Salillas de Jalón,Salillas de Jalon,"Salillas de Jalon,Salillas de Jalón",41.56789,-1.32344,P,PPLA3,52,Z,50231,,50,341
3111031,Salillas,Salillas,Salillas,41.99498,-0.22278,P,PPLA3,52,HU,22203,,22,113
3111054,Salduero,Salduero,Salduero,41.88946,-2.7967,P,PPLA3,55,SO,42161,,42,196
3111055,Saldón,Saldon,"Saldon,Saldón",40.32513,-1.42782,P,PPLA3,52,TE,44204,,44,34
3111057,Saldías,Saldias,"Saldias,Saldías",43.08858,-1.77946,P,PPLA3,32,NA,31213,,31,121
3111060,Saldes,Saldes,,42.23333,1.73333,P,PPLA3,56,B,08190,,08,0
3111061,Saldeana,Saldeana,Saldeana,41.02068,-6.64015,P,PPLA3,55,SA,37275,,37,153
3111063,Saldaña de Burgos,Saldana de Burgos,,42.25838,-3.69707,P,PPLA3,55,BU,09332,,09,128
3111065,Saldaña,Saldana,"Sal'dan'ja,Saldanya,sa er da ni ya,Сальданья,萨尔达尼亚",42.52146,-4.73605,P,PPLA3,55,P,34157,,34,2989
3111076,Salcedillo,Salcedillo,Salcedillo,40.962,-1.00433,P,PPLA3,52,TE,44203,,44,8
3111085,Salce,Salce,Salce,41.26996,-6.21875,P,PPLA3,55,ZA,49183,,49,127
3111092,Salas de los Infantes,Salas de los Infantes,"Salas-de-los-Infantes,sa la si de luo xin fan te si,salas dy lws anfants,Салас-де-лос-Інфантес,Салас-де-лос-Инфантес,سالاس دي لوس إنفانتس,萨拉斯德洛辛凡特斯",42.02242,-3.28631,P,PPLA3,55,BU,09330,,09,2072
3111094,Sales de Llierca,Sales de Llierca,"Salas de Llierca,Sales de Llierca",42.23333,2.65,P,PPLA3,56,GI,17154,,17,92
3111096,Salas de Bureba,Salas de Bureba,Salas de Bureba,42.6919,-3.47359,P,PPLA3,55,BU,09329,,09,140
3111097,Salas Bajas,Salas Bajas,"Salas Baixas,Salas Bajas",42.10046,0.08349,P,PPLA3,52,HU,22202,,22,160
3111098,Salas Altas,Salas Altas,Salas Altas,42.11407,0.06821,P,PPLA3,52,HU,22201,,22,357
3111101,Salas,Salas,Salas,43.4118,-6.26023,P,PPLA3,34,O,33059,,33,6350
3111108,Salamanca,Salamanca,"Helmantica,SLM,Salamanca,Salamanka,Salamanko,Salamanque,Salmantica,saramanka,slmnqt,Саламанка,سلمنقة,サラマンカ",40.96882,-5.66388,P,PPLA2,55,SA,37274,,37,144825
3111120,Sajazarra,Sajazarra,Sajazarra,42.58884,-2.96124,P,PPLA3,27,LO,26128,,26,121
3111131,Sahagún,Sahagun,"Saagun,Safagun,Safagún,Sahagun,Sahagún,Sant Fagund,sa a gong,saagun,sahagwn,Саагун,ساهاگون,سہاگن، اسپین,サアグン,萨阿贡",42.37085,-5.02942,P,PPLA3,55,LE,24139,,24,2517
3111143,Sagàs,Sagas,"Sagas,Sagàs,Sagás",42.05,1.96667,P,PPLA3,56,B,08188,,08,135
3111146,Saelices el Chico,Saelices el Chico,"Saelices,Saelices el Chico",40.66998,-6.63271,P,PPLA3,55,SA,37272,,37,153
3111148,Saelices de Mayorga,Saelices de Mayorga,Saelices de Mayorga,42.21206,-5.20534,P,PPLA3,55,VA,47140,,47,173
3111151,Saelices de la Sal,Saelices de la Sal,Saelices de la Sal,40.90723,-2.32325,P,PPLA3,54,GU,19246,,19,70
3111157,Sádaba,Sadaba,"Sadaba,Sádaba",42.2818,-1.26951,P,PPLA3,52,Z,50230,,50,1914
3111158,Sada,Sada,"Sada,Sada da Area,Santa Maria de Sada,Santa María de Sada",43.35619,-8.25796,P,PPLA3,58,C,15075,,15,14487
3111159,Sacramenia,Sacramenia,Sacramenia,41.49419,-3.9621,P,PPLA3,55,SG,40174,,40,540
3111164,Sacedón,Sacedon,"Sacedon,Sacedón",40.48076,-2.73337,P,PPLA3,54,GU,19245,,19,1674
3111165,Saceda-Trasierra,Saceda-Trasierra,Saceda-Trasierra,40.15525,-2.85369,P,PPLA3,54,CU,16185,,16,101
3111169,Sacecorbo,Sacecorbo,Sacecorbo,40.8328,-2.41838,P,PPLA3,54,GU,19244,,19,153
3111187,Sabero,Sabero,Sabero,42.83593,-5.14875,P,PPLA3,55,LE,24137,,24,1555
3111199,Sabadell,Sabadell,"QSA,Sabadell",41.54329,2.10942,P,PPLA3,56,B,08187,,08,211734
3111219,Rupià,Rupia,"Rupia,Rupià,Rupiá",42.01667,3.01667,P,PPLA3,56,GI,17153,,17,210
3111241,Ruesca,Ruesca,Ruesca,41.2835,-1.48142,P,PPLA3,52,Z,50229,,50,85
3111243,Ruente,Ruente,Ruente,43.25826,-4.26791,P,PPLA3,39,S,39066,,39,992
3111246,Rueda de la Sierra,Rueda de la Sierra,Rueda de la Sierra,40.91795,-1.85439,P,PPLA3,54,GU,19243,,19,55
3111251,Rueda,Rueda,"Rueda,Ruehda,Руеда,Руэда,Ռուեդա",41.41231,-4.95885,P,PPLA3,55,VA,47139,,47,1476
3111261,Rucandio,Rucandio,Rucandio,42.75111,-3.54166,P,PPLA3,55,BU,09328,,09,76
3111264,Rublacedo de Abajo,Rublacedo de Abajo,Rublacedo de Abajo,42.55332,-3.50236,P,PPLA3,55,BU,09327,,09,43
3111274,Rubielos de Mora,Rubielos de Mora,"Rubielos,Rubielos de Mora,Rubiols",40.18894,-0.65307,P,PPLA3,52,TE,44201,,44,662
3111275,Rubielos de la Cérida,Rubielos de la Cerida,"Rubielos de la Cerida,Rubielos de la Cérida",40.77058,-1.21291,P,PPLA3,52,TE,44200,,44,53
3111277,Rubí de Bracamonte,Rubi de Bracamonte,"Rubi de Bracamonte,Rubí de Bracamonte",41.21421,-4.92491,P,PPLA3,55,VA,47138,,47,304
3111289,Rubiales,Rubiales,Rubiales,40.27623,-1.27167,P,PPLA3,52,TE,44199,,44,64
3111294,Rubí,Rubi,"Rubi,Rubí,Руби",41.49226,2.03305,P,PPLA3,56,B,08184,,08,72987
3111295,Rubena,Rubena,,42.38746,-3.57485,P,PPLA3,55,BU,09326,,09,176
3111305,Rozas de Puerto Real,Rozas de Puerto Real,Rozas de Puerto Real,40.31667,-4.48333,P,PPLA3,29,M,28128,,28,0
3111322,Royuela de Río Franco,Royuela de Rio Franco,"Royuela de Rio Franco,Royuela de Río Franco",42.00217,-3.95547,P,PPLA3,55,BU,09325,,09,279
3111323,Royuela,Royuela,,40.37846,-1.51337,P,PPLA3,52,TE,44198,,44,222
3111330,Roturas,Roturas,Roturas,41.66791,-4.11901,P,PPLA3,55,VA,47137,,47,32
3111348,Roses,Roses,"Rhode,Rosas,Roses,Росас",42.26199,3.17689,P,PPLA3,56,GI,17152,,17,19319
3111361,Roperuelos del Páramo,Roperuelos del Paramo,"Roperuelos del Paramo,Roperuelos del Páramo",42.2378,-5.78235,P,PPLA3,55,LE,24136,,24,725
3111390,Romanos,Romanos,Romanos,41.12636,-1.27502,P,PPLA3,52,Z,50227,,50,114
3111391,Romanones,Romanones,Romanones,40.57149,-2.99072,P,PPLA3,54,GU,19242,,19,131
3111393,Romanillos de Atienza,Romanillos de Atienza,Romanillos de Atienza,41.26667,-2.9,P,PPLA3,54,GU,19241,,19,59
3111407,Rollán,Rollan,"Rollan,Rollán",40.9623,-5.91753,P,PPLA3,55,SA,37271,,37,538
3111408,Rollamienta,Rollamienta,Rollamienta,41.92592,-2.53125,P,PPLA3,55,SO,42159,,42,49
3111413,Rojas,Rojas,Rojas,42.57781,-3.44195,P,PPLA3,55,BU,09323,,09,81
3111420,Rois,Rois,Rois,42.76295,-8.70528,P,PPLA3,58,C,15074,,15,0
3111450,Rodezno,Rodezno,,42.52576,-2.84597,P,PPLA3,27,LO,26127,,26,335
3111454,Ródenas,Rodenas,"Rodenas,Ródenas",40.64076,-1.51617,P,PPLA3,52,TE,44197,,44,91
3111459,Rodeiro,Rodeiro,,42.65193,-7.95519,P,PPLA3,58,PO,36047,,36,3376
3111467,Roda de Eresma,Roda de Eresma,Roda de Eresma,41.02852,-4.1813,P,PPLA3,55,SG,40173,,40,128
3111468,Roda de Barà,Roda de Bara,"Roda de Bara,Roda de Barà,Roda de Bará,Roda de Bera,Roda de Berà,Roda-de-Bara,luo da de wa la,rda d bara,Рода-де-Бара,Ռոդա դե Բարա,ردا د بارا,罗达德瓦拉",41.18645,1.45893,P,PPLA3,56,T,43131,,43,4464
3111492,Robres del Castillo,Robres del Castillo,"Robres del Castillo,Robres del Kastilio,Robres-del'-Kastil'jo,Robres-del'-Kastil'o,luo fu lei si de er ka si di e,Робрес-дель-Кастильо,Робрес-дель-Кастільйо,Ռոբրես դել Կաստիլիո,罗夫雷斯德尔卡斯蒂略",42.27593,-2.29245,P,PPLA3,27,LO,26126,,26,39
3111493,Robres,Robres,"Robre,Robres",41.86746,-0.46094,P,PPLA3,52,HU,22197,,22,664
3111494,Robregordo,Robregordo,Robregordo,41.10657,-3.59369,P,PPLA3,29,M,28126,,28,0
3111501,Robliza de Cojos,Robliza de Cojos,"Robliza de Cojos,Robliza de los Cojos",40.86766,-5.97786,P,PPLA3,55,SA,37270,,37,221
3111524,Robledo de Corpes,Robledo de Corpes,Robledo de Corpes,41.11838,-2.95,P,PPLA3,54,GU,19240,,19,107
3111525,Robledo de Chavela,Robledo de Chavela,"Robledo-de-Chavela,luo fu lai duo de cha wei la,rwblydw dy tshafyla,Робледо-де-Чавела,روبليدو دي تشافيلا,罗夫莱多德查韦拉",40.50062,-4.23635,P,PPLA3,29,M,28125,,28,3239
3111548,Robledillo de Mohernando,Robledillo de Mohernando,Robledillo de Mohernando,40.85118,-3.23162,P,PPLA3,54,GU,19239,,19,122
3111549,Robledillo de la Vera,Robledillo de la Vera,Robledillo de la Vera,40.10093,-5.58896,P,PPLA3,57,CC,10157,,10,314
3111550,Robledillo de la Jara,Robledillo de la Jara,Robledillo de la Jara,40.95054,-3.52181,P,PPLA3,29,M,28124,,28,102
3111551,Robledillo de Gata,Robledillo de Gata,,40.32234,-6.47129,P,PPLA3,57,CC,10156,,10,150
3111556,Robleda-Cervantes,Robleda-Cervantes,"Robleda,Robleda-Cervantes",42.08246,-6.59414,P,PPLA3,55,ZA,49179,,49,475
3111557,Robleda,Robleda,Robleda,40.38469,-6.60726,P,PPLA3,55,SA,37269,,37,533
3111559,Robladillo,Robladillo,Robladillo,41.60838,-4.90992,P,PPLA3,55,VA,47135,,47,106
3111565,Roales,Roales,Roales,41.5517,-5.77211,P,PPLA3,55,ZA,49178,,49,0
3111567,Roa,Roa,"Roa,Roa de Duero,luo a,rwa  brghsh,Роа,روا، برغش,罗阿",41.69699,-3.92782,P,PPLA3,55,BU,09321,,09,2251
3111569,Rivilla de Barajas,Rivilla de Barajas,Rivilla de Barajas,40.9021,-4.98836,P,PPLA3,55,AV,05196,,05,0
3111589,Riumors,Riumors,Riumors,42.22726,3.0419,P,PPLA3,56,GI,17151,,17,154
3111590,Riudoms,Riudoms,"Riudoms,Riudors,Ruidoms,Ruidons",41.13333,1.05,P,PPLA3,56,T,43129,,43,5679
3111592,Riudellots de la Selva,Riudellots de la Selva,,41.89327,2.80452,P,PPLA3,56,GI,17150,,17,1770
3111596,Riudecols,Riudecols,Riudecols,41.169,0.97625,P,PPLA3,56,T,43128,,43,1093
3111598,Riudecanyes,Riudecanyes,"Riudecanas,Riudecanyes,Riudecañas,Ruidecana,Ruidecaña,Ríudecañas",41.13333,0.96667,P,PPLA3,56,T,43127,,43,0
3111602,Riudarenes,Riudarenes,"Riudarenas,Riudarenes",41.81667,2.71667,P,PPLA3,56,GI,17148,,17,0
3111605,Ripollet,Ripollet,"Ripol'et,Ripollet,Ripolyet,Ripul'et,li bo lie te,rybwlyt,rypyt,Рипольет,Ріпульєт,Ռիպոլյետ,ريبوليت,ریپیت,里波列特",41.49686,2.15739,P,PPLA3,56,B,08180,,08,38347
3111640,Riós,Rios,"Rios,Riós",41.97457,-7.28234,P,PPLA3,58,OR,32071,,32,2074
3111677,Riodeva,Riodeva,Riodeva,40.11667,-1.15,P,PPLA3,52,TE,44196,,44,193
3111690,Riocavado de la Sierra,Riocavado de la Sierra,"Riocabado de la Sierra,Riocavado de la Sierra",42.15209,-3.19759,P,PPLA3,55,BU,09318,,09,72
3111717,Rincón de Soto,Rincon de Soto,"Rinkon de Soto,Rinkon-de-Soto,lin kong de suo tuo,Ринкон-де-Сото,Рінкон-де-Сото,Ռինկոն դե Սոտո,林孔德索托",42.23475,-1.85214,P,PPLA3,27,LO,26125,,26,3544
3111724,Rillo de Gallo,Rillo de Gallo,Rillo de Gallo,40.86635,-1.9374,P,PPLA3,54,GU,19237,,19,73
3111725,Rillo,Rillo,Rillo,40.72233,-0.99623,P,PPLA3,52,TE,44195,,44,121
3111733,Errigoiti,Errigoiti,"Errigoiti,Rigoitia",43.31667,-2.71667,P,PPLA3,59,BI,48079,,48,0
3111748,Riells i Viabrea,Riells i Viabrea,"Riells,Riells i Viabrea",41.78333,2.51667,P,PPLA3,56,GI,17146,,17,0
3111756,Riego de la Vega,Riego de la Vega,Riego de la Vega,42.39138,-5.98102,P,PPLA3,55,LE,24131,,24,993
3111769,Ricla,Ricla,Ricla,41.5058,-1.40468,P,PPLA3,52,Z,50225,,50,2623
3111775,Ribota,Ribota,Ribota,41.36477,-3.42964,P,PPLA3,55,SG,40171,,40,50
3111781,Ribesalbes,Ribesalbes,Ribesalbes,40.01667,-0.26667,P,PPLA3,60,CS,12095,,12,1316
3111782,Riberos de la Cueza,Riberos de la Cueza,Riberos de la Cueza,42.27881,-4.72503,P,PPLA3,55,P,34156,,34,88
3111809,Ribatejada,Ribatejada,Ribatejada,40.6642,-3.38976,P,PPLA3,29,M,28122,,28,437
3111825,Ribes de Freser,Ribes de Freser,Ribes de Freser,42.30417,2.16757,P,PPLA3,56,GI,17145,,17,2033
3111826,Ribas de Campos,Ribas de Campos,"Ribas,Ribas de Campos",42.15249,-4.51649,P,PPLA3,55,P,34155,,34,177
3111845,Ribaforada,Ribaforada,Ribaforada,41.99814,-1.51272,P,PPLA3,32,NA,31208,,31,3412
3111855,Ribadesella,Ribadesella,"Ribadesel'ja,Ribadeselja,Ribadesella,Ribesella,Ribeseya,li wa de sai li ya,rybadsya,rybadysya,Рибадеселья,Рібадеселья,ريباديسيا,ریبادسیا,里瓦德塞利亚",43.46145,-5.05955,P,PPLA3,34,O,33056,,33,5730
3111857,Riba de Saelices,Riba de Saelices,Riba de Saelices,40.91145,-2.29715,P,PPLA3,54,GU,19235,,19,177
3111859,Ribadeo,Ribadeo,Ribadeo,43.53704,-7.04095,P,PPLA3,58,LU,27051,,27,9343
3111863,Ribadavia,Ribadavia,"Abobrica,Adobriga",42.28804,-8.14362,P,PPLA3,58,OR,32069,,32,5028
3111867,Riaza,Riaza,"Riasa,Riaza,Riofrio de Riaza,li ya sa,Риаса,Ріаса,里亚萨",41.27826,-3.47787,P,PPLA3,55,SG,40170,,40,2054
3111878,Riaño,Riano,"Riano,Riaño",42.97705,-5.00352,P,PPLA3,55,LE,24130,,24,531
3111879,Rianxo,Rianxo,Rianxo,42.64977,-8.81763,P,PPLA3,58,C,15072,,15,11769
3111891,Riaguas de San Bartolomé,Riaguas de San Bartolome,"Riaguas de San Bartolome,Riaguas de San Bartolomé",41.4264,-3.48893,P,PPLA3,55,SG,40168,,40,78
3111895,Reznos,Reznos,Reznos,41.5909,-2.02779,P,PPLA3,55,SO,42156,,42,42
3111897,Rezmondo,Rezmondo,Rezmondo,42.51565,-4.23877,P,PPLA3,55,BU,09317,,09,24
3111900,Reyero,Reyero,Reyero,42.94882,-5.19892,P,PPLA3,55,LE,24129,,24,141
3111909,Revillarruz,Revillarruz,Revillarruz,42.23006,-3.65246,P,PPLA3,55,BU,09315,,09,180
3111915,Revilla del Campo,Revilla del Campo,Revilla del Campo,42.21081,-3.54289,P,PPLA3,55,BU,09314,,09,149
3111916,Revilla de Collazos,Revilla de Collazos,Revilla de Collazos,42.6296,-4.50343,P,PPLA3,55,P,34154,,34,77
3111926,Revenga de Campos,Revenga de Campos,Revenga de Campos,42.28401,-4.48218,P,PPLA3,55,P,34152,,34,179
3111929,Revellinos,Revellinos,Revellinos,41.88982,-5.56871,P,PPLA3,55,ZA,49175,,49,301
3111933,Reus,Reus,"REU,Reus,Реус",41.15612,1.10687,P,PPLA3,56,T,43123,,43,103477
3111940,Retuerta,Retuerta,Retuerta,42.02945,-3.50679,P,PPLA3,55,BU,09311,,09,61
3111944,Retortillo de Soria,Retortillo de Soria,"Retortil'jo-de-Sorija,Retortil'o-de-Sorija,Retortillo,Retortillo de Soria,lei tuo er di e de suo li ya,Ретортильо-де-Сория,Ретортільйо-де-Сорія,雷托尔蒂略德索里亚",41.31092,-2.98228,P,PPLA3,55,SO,42155,,42,246
3111948,Retortillo,Retortillo,Retortillo,40.80132,-6.35951,P,PPLA3,55,SA,37267,,37,265
3111954,Retiendas,Retiendas,Retiendas,40.96835,-3.27229,P,PPLA3,54,GU,19234,,19,47
3111957,Retascón,Retascon,,41.1435,-1.38376,P,PPLA3,52,Z,50224,,50,104
3111966,Respenda de la Peña,Respenda de la Pena,"Respenda de la Pena,Respenda de la Peña",42.76512,-4.6854,P,PPLA3,55,P,34151,,34,219
3111976,Requena de Campos,Requena de Campos,Requena de Campos,42.30796,-4.34304,P,PPLA3,55,P,34149,,34,39
3111990,Requejo,Requejo,Requejo,42.03044,-6.74227,P,PPLA3,55,ZA,49174,,49,0
3112008,Reocín,Reocin,"Reocin,Reocín",43.33915,-4.09403,P,PPLA3,39,S,39060,,39,7230
3112011,Errenteria,Errenteria,"Errenteria,Orereta,Renteria,Rentería",43.31195,-1.90234,P,PPLA3,59,SS,20067,,20,38767
3112013,Renieblas,Renieblas,Renieblas,41.82009,-2.37236,P,PPLA3,55,SO,42154,,42,121
3112014,Renera,Renera,Renera,40.48976,-3.01367,P,PPLA3,54,GU,19233,,19,65
3112020,Renedo de la Vega,Renedo de la Vega,Renedo de la Vega,42.45348,-4.70298,P,PPLA3,55,P,34147,,34,256
3112033,Renau,Renau,Renau,41.22448,1.31083,P,PPLA3,56,T,43122,,43,103
3112039,Remondo,Remondo,Remondo,41.341,-4.4839,P,PPLA3,55,SG,40166,,40,329
3112042,Remolinos,Remolinos,Remolinos,41.83946,-1.17768,P,PPLA3,52,Z,50223,,50,1188
3112056,Rello,Rello,Rello,41.33297,-2.74925,P,PPLA3,55,SO,42153,,42,32
3112072,Reinoso de Cerrato,Reinoso de Cerrato,Reinoso de Cerrato,41.97624,-4.38337,P,PPLA3,55,P,34146,,34,63
3112073,Reinoso,Reinoso,Reinoso,42.50915,-3.38466,P,PPLA3,55,BU,09310,,09,21
3112075,Reinosa,Reinosa,"Reinosa,Rejnosa,lei nuo sa,raynwsa,reinosa,Рейноса,راينوسا,レイノーサ,雷诺萨",42.99959,-4.13801,P,PPLA3,39,S,39059,,39,10307
3112088,Regumiel de la Sierra,Regumiel de la Sierra,Regumiel de la Sierra,41.95623,-2.98843,P,PPLA3,55,BU,09309,,09,466
3112096,Regueras de Arriba,Regueras de Arriba,,42.29414,-5.85958,P,PPLA3,55,LE,24127,,24,358
3112124,Errezil,Errezil,"Errezil,Regil,Régil",43.16505,-2.17395,P,PPLA3,59,SS,20066,,20,0
3112125,Regencós,Regencos,"Regencos,Regencós",41.95271,3.17006,P,PPLA3,56,GI,17144,,17,316
3112146,Redueña,Reduena,"Reduena,Redueña",40.81685,-3.59837,P,PPLA3,29,M,28121,,28,227
3112167,Redecilla del Campo,Redecilla del Campo,Redecilla del Campo,42.46675,-3.11531,P,PPLA3,55,BU,09308,,09,79
3112168,Redecilla del Camino,Redecilla del Camino,Redecilla del Camino,42.43804,-3.06547,P,PPLA3,55,BU,09307,,09,143
3112171,Recuerda,Recuerda,"Recuerda,Rekuehrda,Rekuerda,lei ku ai er da,Рекуерда,Рекуэрда,雷库埃尔达",41.47408,-2.9946,P,PPLA3,55,SO,42152,,42,114
3112188,Recas,Recas,Recas,40.05286,-3.9909,P,PPLA3,54,TO,45145,,45,2877
3112214,Rebollosa de Jadraque,Rebollosa de Jadraque,Rebollosa de Jadraque,41.0904,-2.84201,P,PPLA3,54,GU,19231,,19,32
3112220,Rebollo,Rebollo,Rebollo,41.19318,-3.85771,P,PPLA3,55,SG,40165,,40,130
3112222,Rebolledo de la Torre,Rebolledo de la Torre,"Rebol'edo-de-la-Torre,Rebolledo de la Torre,lei wo lie duo de la tuo lei,rybwlydw dy la twry,Ребольедо-де-ла-Торре,Ребольєдо-де-ла-Торре,ريبوليدو دي لا توري,雷沃列多德拉托雷",42.68931,-4.22693,P,PPLA3,55,BU,09306,,09,168
3112264,Rasueros,Rasueros,Rasueros,41.02344,-5.07377,P,PPLA3,55,AV,05193,,05,287
3112265,Rasquera,Rasquera,Rasquera,41.00267,0.59967,P,PPLA3,56,T,43121,,43,868
3112268,Rasines,Rasines,Rasines,43.30505,-3.42919,P,PPLA3,39,S,39058,,39,942
3112276,Rascafría,Rascafria,"Rascafria,Rascafría,Raskafria,Raskafrija,Raskafrio,la si ka fu li ya,raskafra,Раскафриа,Раскафрія,راسكافرا,拉斯卡夫里亚",40.90407,-3.87898,P,PPLA3,29,M,28120,,28,1588
3112282,Rapariegos,Rapariegos,Rapariegos,41.09498,-4.65271,P,PPLA3,55,SG,40164,,40,245
3112310,Ramiro,Ramiro,Ramiro,41.22845,-4.78608,P,PPLA3,55,VA,47132,,47,71
3112325,Ramales de la Victoria,Ramales de la Victoria,"Ramales,Ramales de la Victoria,Ramales-de-la-Viktoria,Ramales-de-la-Viktorija,la ma lai si de la wei ke tuo li ya,ramalys dy la fyktwrya,Рамалес-де-ла-Викториа,Рамалес-де-ла-Вікторія,راماليس دي لا فيكتوريا,拉马莱斯德拉维克托里亚",43.2572,-3.46516,P,PPLA3,39,S,39057,,39,2294
3112336,Rajadell,Rajadell,Rajadell,41.72802,1.70621,P,PPLA3,56,B,08178,,08,499
3112338,Rairiz de Veiga,Rairiz de Veiga,Rairiz de Veiga,42.08364,-7.83503,P,PPLA3,58,OR,32067,,32,1798
3112342,Rágama,Ragama,"Ragama,Rágama",40.99768,-5.12724,P,PPLA3,55,SA,37265,,37,268
3112344,Ráfales,Rafales,"Rafales,Rafels,Ráfales,Ráfels",40.8377,0.01923,P,PPLA3,52,TE,44194,,44,175
3112355,Rabós,Rabos,"Rabos,Rabós",42.3789,3.02828,P,PPLA3,56,GI,17143,,17,176
3112363,Rabé de las Calzadas,Rabe de las Calzadas,"Rabe de las Calzadas,Rabé de las Calzadas",42.34065,-3.83414,P,PPLA3,55,BU,09304,,09,146
3112366,Rábanos,Rabanos,"Rabanos,Rábanos",42.31971,-3.27029,P,PPLA3,55,BU,09303,,09,154
3112368,Rábano de Aliste,Rabano de Aliste,"Rabano de Aliste,Rábano de Aliste",41.7443,-6.43302,P,PPLA3,55,ZA,49173,,49,444
3112369,Rábano,Rabano,"Rabano,Rábano",41.53314,-4.06214,P,PPLA3,55,VA,47131,,47,249
3112372,Rabanera del Pinar,Rabanera del Pinar,"Rabanera del Pinar,Rabanera-del'-Pinar,la wa nei la de er pi na er,rabanyra dyl baynar,Рабанера-дель-Пинар,Рабанера-дель-Пінар,رابانيرا ديل باينار,拉瓦内拉德尔皮纳尔",41.89375,-3.19665,P,PPLA3,55,BU,09302,,09,144
3112374,Rabanera,Rabanera,Rabanera,42.18955,-2.48654,P,PPLA3,27,LO,26121,,26,38
3112376,Rabanales,Rabanales,Rabanales,41.74287,-6.27674,P,PPLA3,55,ZA,49172,,49,753
3112388,Rábade,Rabade,"Rabade,Rábade,Santa Marina",43.117,-7.61714,P,PPLA3,58,LU,27056,,27,1635
3112391,Quismondo,Quismondo,Quismondo,40.10533,-4.32394,P,PPLA3,54,TO,45143,,45,1525
3112393,Quiruelas de Vidriales,Quiruelas de Vidriales,Quiruelas de Vidriales,42.01762,-5.82947,P,PPLA3,55,ZA,49171,,49,926
3112395,Quiroga,Quiroga,Quiroga,42.47678,-7.27463,P,PPLA3,58,LU,27050,,27,4122
3112403,Quinto,Quinto,Quinto,41.42378,-0.49592,P,PPLA3,52,Z,50222,,50,2020
3112407,Quintela de Leirado,Quintela de Leirado,,42.13967,-8.10126,P,PPLA3,58,OR,32066,,32,812
3112441,Quintanilla de Urz,Quintanilla de Urz,Quintanilla de Urz,42.0329,-5.84866,P,PPLA3,55,ZA,49170,,49,139
3112443,Quintanilla de Trigueros,Quintanilla de Trigueros,"Quintanilla,Quintanilla de Trigueros",41.85449,-4.65931,P,PPLA3,55,VA,47130,,47,120
3112453,Quintanilla de Onsoña,Quintanilla de Onsona,"Kintanil'ja-de-Onson'ja,Kintanil'ja-de-Onsonija,Quintanilla de Onsona,Quintanilla de Onsoña,jin ta ni li ya de weng suo ni ya,Кинтанилья-де-Онсония,Кінтанілья-де-Онсонья,金塔尼利亚德翁索尼亚",42.46937,-4.66385,P,PPLA3,55,P,34143,,34,220
3112454,Quintanilla de Onésimo,Quintanilla de Onesimo,"Quintanilla de Abajo,Quintanilla de Olivares,Quintanilla de Onesimo,Quintanilla de Onésimo",41.6249,-4.36291,P,PPLA3,55,VA,47129,,47,1147
3112461,Quintanilla del Olmo,Quintanilla del Olmo,Quintanilla del Olmo,41.90561,-5.40726,P,PPLA3,55,ZA,49169,,49,47
3112465,Quintanilla del Monte,Quintanilla del Monte,"Quintanilla,Quintanilla del Monte",41.86812,-5.34928,P,PPLA3,55,ZA,49168,,49,129
3112466,Quintanilla del Molar,Quintanilla del Molar,Quintanilla del Molar,41.98935,-5.44928,P,PPLA3,55,VA,47128,,47,86
3112467,Quintanilla del Coco,Quintanilla del Coco,Quintanilla del Coco,41.98333,-3.51667,P,PPLA3,55,BU,09295,,09,104
3112472,Quintanilla de la Mata,Quintanilla de la Mata,Quintanilla de la Mata,41.98855,-3.76756,P,PPLA3,55,BU,09294,,09,153
3112478,Quintanilla de Arriba,Quintanilla de Arriba,Quintanilla de Arriba,41.61974,-4.21774,P,PPLA3,55,VA,47127,,47,230
3112492,Quintana y Congosto,Quintana y Congosto,Quintana y Congosto,42.25585,-6.03636,P,PPLA3,55,LE,24125,,24,673
3112493,Quintanavides,Quintanavides,Quintanavides,42.48084,-3.42449,P,PPLA3,55,BU,09292,,09,165
3112502,Quintanas de Gormaz,Quintanas de Gormaz,Quintanas de Gormaz,41.50926,-2.97631,P,PPLA3,55,SO,42145,,42,196
3112507,Quintana Redonda,Quintana Redonda,"Kintana-Redonda,Quintana Redonda,jin ta na lei dong da,Кинтана-Редонда,Кінтана-Редонда,金塔纳雷东达",41.63905,-2.61449,P,PPLA3,55,SO,42144,,42,559
3112509,Quintanar de la Sierra,Quintanar de la Sierra,Quintanar de la Sierra,41.98288,-3.03765,P,PPLA3,55,BU,09289,,09,1831
3112512,Quintanapalla,Quintanapalla,,42.40914,-3.53296,P,PPLA3,55,BU,09288,,09,116
3112513,Quintanaortuño,Quintanaortuno,"Quintanaortuno,Quintanaortuño",42.45,-3.68333,P,PPLA3,55,BU,09287,,09,158
3112528,Quintanaélez,Quintanaelez,"Quintanaelez,Quintanaélez",42.66921,-3.29877,P,PPLA3,55,BU,09283,,09,81
3112536,Quintana del Puente,Quintana del Puente,Quintana del Puente,42.08471,-4.20649,P,PPLA3,55,P,34141,,34,243
3112537,Quintana del Pidio,Quintana del Pidio,Quintana del Pidio,41.75886,-3.75121,P,PPLA3,55,BU,09281,,09,181
3112540,Quintana del Marco,Quintana del Marco,Quintana del Marco,42.2067,-5.8503,P,PPLA3,55,LE,24124,,24,503
3112541,Quintana del Castillo,Quintana del Castillo,Quintana del Castillo,42.65987,-6.04978,P,PPLA3,55,LE,24123,,24,1018
3112545,Quintanabureba,Quintanabureba,Quintanabureba,42.58665,-3.36685,P,PPLA3,55,BU,09280,,09,37
3112573,Quijorna,Quijorna,Quijorna,40.42763,-4.05683,P,PPLA3,29,M,28119,,28,2127
3112577,Quicena,Quicena,,42.14797,-0.36049,P,PPLA3,52,HU,22195,,22,271
3112582,Querol,Querol,Querol,41.42293,1.39684,P,PPLA3,56,T,43120,43120,43,327
3112586,Quer,Quer,Quer,40.60532,-3.2753,P,PPLA3,54,GU,19230,,19,1008
3112592,Quemada,Quemada,,41.70073,-3.57476,P,PPLA3,55,BU,09279,,09,257
3112593,Quel,Quel,"Kel,Kel',Quel,Кель,Կել",42.22979,-2.05196,P,PPLA3,27,LO,26120,,26,2018
3112622,Purujosa,Purujosa,Purujosa,41.68259,-1.76519,P,PPLA3,52,Z,50221,,50,60
3112631,Puras,Puras,Puras,41.18333,-4.65,P,PPLA3,55,VA,47126,,47,62
3112638,Punxín,Punxin,"Las Pungin,Santa Maria,Santa María",42.37072,-8.01058,P,PPLA3,58,OR,32065,,32,0
3112661,Pujalt,Pujalt,Pujalt,41.7171,1.42088,P,PPLA3,56,B,08176,,08,197
3112670,Puig-reig,Puig-reig,"Puig-reig,Puigreig",41.96667,1.88333,P,PPLA3,56,B,08175,,08,0
3112671,Puigpelat,Puigpelat,Puigpelat,41.27899,1.29713,P,PPLA3,56,T,43119,,43,765
3112680,Puigcerdà,Puigcerda,"Puigcerda,Puigcerdà",42.4316,1.92819,P,PPLA3,56,GI,17141,17141,17,8845
3112684,Pueyo de Santa Cruz,Pueyo de Santa Cruz,Puidemoros,41.85799,0.1566,P,PPLA3,52,HU,22193,,22,326
3112687,Pueyo,Pueyo,Pueyo,42.56506,-1.64826,P,PPLA3,32,NA,31207,,31,321
3112689,Puerto Seguro,Puerto Seguro,Puerto Seguro,40.82718,-6.76109,P,PPLA3,55,SA,37264,,37,99
3112691,Puertomingalvo,Puertomingalvo,Puertomingalvo,40.2643,-0.45756,P,PPLA3,52,TE,44193,,44,197
3112692,Portomarín,Portomarin,"Portomarin,Portomarín,Puehrtomarin,Puertomarin,Puertomarín,San Pedro,bo er tuo ma lin,porutomarin,Портомарін,Пуэртомарин,ポルトマリン,波尔托马林",42.8062,-7.61644,P,PPLA3,58,LU,27049,,27,0
3112694,Puértolas,Puertolas,,42.54748,0.13214,P,PPLA3,52,HU,22189,,22,226
3112702,Puerto de Béjar,Puerto de Bejar,"Puerto de Bejar,Puerto de Béjar",40.35052,-5.83756,P,PPLA3,55,SA,37263,,37,424
3112703,Puerto Castilla,Puerto Castilla,Puerto Castilla,40.288,-5.62366,P,PPLA3,55,AV,05192,,05,145
3112712,Puertas,Puertas,Puertas,41.09681,-6.28752,P,PPLA3,55,SA,37262,,37,83
3112717,Puente Viesgo,Puente Viesgo,"Puehnte-V'esgo,Puente Viesgo,Puente-Vesgo,bwynty faysjw,peng te wei ye si ge,Пуенте-Вєсго,Пуэнте-Вьесго,بوينتي فايسجو,蓬特维耶斯戈",43.29815,-3.96817,P,PPLA3,39,S,39056,,39,2558
3112734,Puentedura,Puentedura,Puentedura,42.04134,-3.58227,P,PPLA3,55,BU,09277,,09,116
3112745,Puente del Congosto,Puente del Congosto,Puente del Congosto,40.49041,-5.52628,P,PPLA3,55,SA,37261,,37,270
3112750,Puente de Domingo Flórez,Puente de Domingo Florez,"Puente de Domingo Florez,Puente de Domingo Flórez",42.41166,-6.82077,P,PPLA3,55,LE,24122,,24,1829
3112758,Ponte Caldelas,Ponte Caldelas,,42.38911,-8.50235,P,PPLA3,58,PO,36043,,36,0
3112774,Pueblica de Valverde,Pueblica de Valverde,Pueblica de Valverde,41.91843,-5.89975,P,PPLA3,55,ZA,49167,,49,267
3112777,Puebla de Yeltes,Puebla de Yeltes,Puebla de Yeltes,40.62528,-6.1815,P,PPLA3,55,SA,37260,,37,217
3112781,Puebla de San Miguel,Puebla de San Miguel,"La Pobla de Sant Miquel,La Puebla de Sant Miguel,Puebla de San Miguel,Puebla-de-San-Migel',Puehbla-de-San-Migel',pu ai fu la de sheng mi ge er,Пуебла-де-Сан-Мігель,Пуэбла-де-Сан-Мигель,普埃夫拉德圣米格尔",40.05,-1.13333,P,PPLA3,60,V,46201,,46,68
3112782,Puebla de San Medel,Puebla de San Medel,Puebla de San Medel,40.51073,-5.73673,P,PPLA3,55,SA,37259,,37,53
3112784,Puebla de Sanabria,Puebla de Sanabria,"Pobra de Seabra,Puebla de Sanabria,Puebla-de-Sanabrija,Puehbla-de-Sanabria,pu ai fu la de sa na fu li ya,Пуебла-де-Санабрія,Пуэбла-де-Санабриа,プエブラ・デ・サナブリア,普埃夫拉德萨纳夫里亚",42.05401,-6.6335,P,PPLA3,55,ZA,49166,,49,1615
3112785,Puebla de Pedraza,Puebla de Pedraza,Puebla de Pedraza,41.20557,-3.91378,P,PPLA3,55,SG,40163,,40,90
3112786,Puebla de Lillo,Puebla de Lillo,Lillo,43.00691,-5.27387,P,PPLA3,55,LE,24121,,24,673
3112792,Puebla de Beleña,Puebla de Belena,"Puebla de Belena,Puebla de Beleña",40.88794,-3.21624,P,PPLA3,54,GU,19228,,19,55
3112793,Puebla de Azaba,Puebla de Azaba,"Puebla de Azaba,Puebla-de-Asaba,Puehbla-de-Asaba,pu ai fu la de ya sa wa,Пуебла-де-Асаба,Пуэбла-де-Асаба,普埃夫拉德亚萨瓦",40.44732,-6.74616,P,PPLA3,55,SA,37258,,37,253
3112794,Puebla de Arenoso,Puebla de Arenoso,"La Pobla d'Arenos,Puebla de Arenoso",40.1,-0.58333,P,PPLA3,60,CS,12092,,12,155
3112796,Puebla de Albortón,Puebla de Alborton,"Aebura,Ebora,Puebla de Alborton,Puebla de Albortón",41.38517,-0.85558,P,PPLA3,52,Z,50218,,50,150
3112819,Proaza,Proaza,"Proasa,Proaza,brwatha,pryasa,pu luo a sa,Проаса,برواثا,پرئاسا,普罗阿萨",43.25178,-6.01633,P,PPLA3,34,O,33052,,33,789
3112822,Prioro,Prioro,Prioro,42.89481,-4.96349,P,PPLA3,55,LE,24120,,24,433
3112841,Priego,Priego,Priego,40.44936,-2.31435,P,PPLA3,54,CU,16170,,16,1055
3112843,Priaranza del Bierzo,Priaranza del Bierzo,Priaranza del Bierzo,42.50978,-6.67017,P,PPLA3,55,LE,24119,,24,844
3112856,Presencio,Presencio,,42.18656,-3.90135,P,PPLA3,55,BU,09275,,09,224
3112866,Premià de Mar,Premia de Mar,"Premia de Mar,Premija-de-Mar,Premià de Mar,Премия-де-Мар",41.49206,2.36524,P,PPLA3,56,B,08172,,08,27399
3112869,Préjano,Prejano,"Prejano,Préjano",42.18648,-2.17998,P,PPLA3,27,LO,26119,,26,191
3112875,Pravia,Pravia,"Pravia,Pravija,brafya,prabya,pu la wei ya,Правиа,Правія,برافيا,پرابیا,普拉维亚",43.48861,-6.1117,P,PPLA3,34,O,33051,,33,0
3112878,Prats de Lluçanès,Prats de Llucanes,"Prat de Llusanes,Prat de Llusanés,Prats de Llucanes,Prats de Llusanas,Prats de Llusanes,Prats de Llusanás,Prats de Llusanés,Prats de Lluçanès",42.01667,2.03333,P,PPLA3,56,B,08171,,08,0
3112891,Prados Redondos,Prados Redondos,Prados Redondos,40.78505,-1.79329,P,PPLA3,54,GU,19227,,19,149
3112893,Pradosegar,Pradosegar,Pradosegar,40.5502,-5.07015,P,PPLA3,55,AV,05191,,05,230
3112907,Pradoluengo,Pradoluengo,Pradoluengo,42.32484,-3.20284,P,PPLA3,55,BU,09274,,09,1643
3112916,Prado de la Guzpeña,Prado de la Guzpena,"Prado,Prado de la Guzpena,Prado de la Guzpeña",42.78309,-5.02554,P,PPLA3,55,LE,24118,,24,131
3112943,Prado,Prado,Prado,41.92077,-5.42027,P,PPLA3,55,ZA,49165,,49,0
3112945,Pradillo,Pradillo,Pradillo,42.1766,-2.64185,P,PPLA3,27,LO,26118,,26,63
3112947,Pradilla de Ebro,Pradilla de Ebro,Pradilla de Ebro,41.86111,-1.26325,P,PPLA3,52,Z,50217,,50,644
3112953,Prades,Prades,Prades,41.30983,0.98866,P,PPLA3,56,T,43116,,43,0
3112956,Prádena del Rincón,Pradena del Rincon,"Pradena del Rincon,Prádena del Rincón",41.04414,-3.54075,P,PPLA3,29,M,28117,,28,115
3112957,Prádena de Atienza,Pradena de Atienza,"Pradena de Atienza,Prádena de Atienza",41.17245,-3.00728,P,PPLA3,54,GU,19226,,19,48
3112959,Prádena,Pradena,"Pradena,Prádena",41.13911,-3.68823,P,PPLA3,55,SG,40162,,40,542
3112966,Pradejón,Pradejon,"Pradejon,Pradejón,Pradekhon,Pradexon,pu la de hong,Прадехон,Պրադեխոն,普拉德洪",42.33446,-2.06851,P,PPLA3,27,LO,26117,,26,3546
3112968,Prádanos de Ojeda,Pradanos de Ojeda,"Pradanos de Ojeda,Prádanos de Ojeda",42.68156,-4.34659,P,PPLA3,55,P,34139,,34,204
3112970,Prádanos de Bureba,Pradanos de Bureba,"Pradanos de Bureba,Prádanos de Bureba",42.50264,-3.34752,P,PPLA3,55,BU,09273,,09,61
3112972,Pradales,Pradales,Pradales,41.45555,-3.70753,P,PPLA3,55,SG,40161,,40,59
3112982,Pozuelo de Zarzón,Pozuelo de Zarzon,"Pocuelu Carcon,Posuehlo-de-Sarson,Posuelo-de-Sarson,Pozuelo de Zarzon,Pozuelo de Zarzón,Poçuelu Çarçón,bo su ai luo de sa er song,bwzylw dy zarzwn,Посуело-де-Сарсон,Посуэло-де-Сарсон,بوزيلو دي زارزون,波苏埃洛德萨尔松",40.14805,-6.41458,P,PPLA3,57,CC,10152,,10,598
3112984,Pozuelo de Tábara,Pozuelo de Tabara,"Pozuelo de Tabara,Pozuelo de Tábara",41.78502,-5.89455,P,PPLA3,55,ZA,49164,,49,211
3112985,Pozuelo del Rey,Pozuelo del Rey,Pozuelo del Rey,40.36463,-3.31699,P,PPLA3,29,M,28116,,28,323
3112986,Pozuelo del Páramo,Pozuelo del Paramo,"Pozuelo del Paramo,Pozuelo del Páramo",42.17101,-5.76813,P,PPLA3,55,LE,24117,,24,537
3112987,Pozuelo de la Orden,Pozuelo de la Orden,Pozuelo de la Orden,41.82138,-5.25891,P,PPLA3,55,VA,47125,,47,78
3112988,Pozuelo de Aragón,Pozuelo de Aragon,"Pozuelo de Aragon,Pozuelo de Aragón",41.7643,-1.42305,P,PPLA3,52,Z,50216,,50,332
3112989,Pozuelo de Alarcón,Pozuelo de Alarcon,"Posuehlo-de-Alarkon,Posuelo-de-Alarkon,Pozolum,Pozuelo,Pozuelo de Alarcon,Pozuelo de Alarcón,Pozuelo de Alarkon,bo su ai luo de ya la er kong,bwzwylw dy alarkwn,posuellodeallaleukon,Позуело де Аларкон,Посуело-де-Аларкон,Посуэло-де-Аларкон,بوزويلو دي الاركون,波苏埃洛德亚拉尔孔,포수엘로데알라르콘",40.43293,-3.81338,P,PPLA3,29,M,28115,,28,82428
3112995,Pozuel del Campo,Pozuel del Campo,Pozuel del Campo,40.77125,-1.50575,P,PPLA3,52,TE,44190,,44,111
3112996,Pozuel de Ariza,Pozuel de Ariza,"Pozuel de Ariza,Pozuelo de Ariza",41.35,-2.15,P,PPLA3,52,Z,50215,,50,31
3113001,Pozos de Hinojo,Pozos de Hinojo,Pozos de Hinojo,40.91303,-6.41144,P,PPLA3,55,SA,37257,,37,62
3113006,Pozondón,Pozondon,"Pozondon,Pozondón",40.56112,-1.47033,P,PPLA3,52,TE,44189,,44,100
3113009,Pozo de Urama,Pozo de Urama,,42.25438,-4.89389,P,PPLA3,55,P,34137,,34,45
3113011,Pozo de Guadalajara,Pozo de Guadalajara,Pozo de Guadalajara,40.49533,-3.1814,P,PPLA3,54,GU,19225,,19,752
3113012,Pozo de Almoguera,Pozo de Almoguera,Pozo de Almoguera,40.3403,-3.02638,P,PPLA3,54,GU,19224,,19,152
3113014,Pozoantiguo,Pozoantiguo,Pozoantiguo,41.5973,-5.4366,P,PPLA3,55,ZA,49163,,49,293
3113021,Pozán de Vero,Pozan de Vero,"Pozan de Vero,Pozán de Vero",42.08219,0.03066,P,PPLA3,52,HU,22186,,22,241
3113025,Pozanco,Pozanco,Pozanco,40.80095,-4.66772,P,PPLA3,55,AV,05190,,05,51
3113026,Pozalmuro,Pozalmuro,Pozalmuro,41.77449,-2.10215,P,PPLA3,55,SO,42142,,42,101
3113029,Pozal de Gallinas,Pozal de Gallinas,Pozal de Gallinas,41.31831,-4.83936,P,PPLA3,55,VA,47123,,47,505
3113030,Poza de la Vega,Poza de la Vega,Poza de la Vega,42.57823,-4.79845,P,PPLA3,55,P,34136,,34,266
3113031,Poza de la Sal,Poza de la Sal,"Posa-de-la-Sal',Poza de la Sal,Poza de la Sol,bo sa de la sa er,bwza dy la sal,Поса-де-ла-Саль,بوزا دي لا سال,波萨德拉萨尔",42.66542,-3.5014,P,PPLA3,55,BU,09272,,09,383
3113036,Poio,Poio,San Salvador,42.42929,-8.66075,P,PPLA3,58,PO,36041,,36,0
3113038,Poyales del Hoyo,Poyales del Hoyo,Poyales del Hoyo,40.17254,-5.16597,P,PPLA3,55,AV,05189,,05,616
3113040,Poveda de la Sierra,Poveda de la Sierra,"Poveda,Poveda de la Sierra,Povedo de la Sierra",40.64329,-2.02905,P,PPLA3,54,GU,19223,,19,173
3113041,Poveda de las Cintas,Poveda de las Cintas,Poveda de las Cintas,41.04596,-5.26019,P,PPLA3,55,SA,37256,,37,303
3113044,Poveda,Poveda,Poveda,40.56799,-5.07909,P,PPLA3,55,AV,05188,,05,80
3113061,Potes,Potes,"Potes,bo te si,bwtys,Потес,بوتيس,波特斯",43.15457,-4.62055,P,PPLA3,39,S,39055,,39,1481
3113074,Posada de Valdeón,Posada de Valdeon,,43.15154,-4.92102,P,PPLA3,55,LE,24116,,24,503
3113082,Portugalete,Portugalete,"Portu,Portugalete,Portugaleto,Portus Gallorum,bo er tu jia lai te,bwrtghalyty,la villa jarrillera,porutougarete,Португалете,بورتغاليتي,ポルトゥガレテ,波尔图加莱特",43.32099,-3.02064,P,PPLA3,59,BI,48078,,48,45826
3113104,Porto,Porto,Porto,42.16737,-6.89934,P,PPLA3,55,ZA,49162,,49,0
3113108,Portillo de Toledo,Portillo de Toledo,,40.06415,-4.22793,P,PPLA3,54,TO,45134,,45,2171
3113109,Portillo de Soria,Portillo de Soria,Portillo de Soria,41.63504,-2.12142,P,PPLA3,55,SO,42140,,42,17
3113112,Portillo,Portillo,Portillo,41.47867,-4.58967,P,PPLA3,55,VA,47122,,47,2620
3113121,Portilla,Portilla,Portilla,40.28957,-2.08178,P,PPLA3,54,CU,16163,,16,101
3113128,Portell de Morella,Portell de Morella,Portell de Morella,40.53267,-0.26249,P,PPLA3,60,CS,12091,,12,246
3113147,Portas,Portas,"Portas,Santa Maria,Santa María",42.58531,-8.65573,P,PPLA3,58,PO,36040,,36,3177
3113166,Porqueres,Porqueres,"Porqueras,Porqueres",42.11682,2.74143,P,PPLA3,56,GI,17137,,17,0
3113170,Porqueira,Porqueira,"Santa Maria,Santa María",42.01667,-7.85,P,PPLA3,58,OR,32062,,32,0
3113192,Pontós,Pontos,"Pontos,Pontós",42.18665,2.91706,P,PPLA3,56,GI,17136,,17,209
3113201,Pontils,Pontils,"Fontils,Pontils",41.47734,1.38772,P,PPLA3,56,T,43141,,43,0
3113209,Pontevedra,Pontevedra,"PTE,Pontevedra,Pontevedro,pontebedora,Понтеведра,ポンテベドラ",42.431,-8.64435,P,PPLA2,58,PO,36038,,36,82802
3113226,Pont de Molins,Pont de Molins,Pont de Molins,42.3144,2.92996,P,PPLA3,56,GI,17135,,17,443
3113236,Ponferrada,Ponferrada,"PFE,Pomeriada,Ponferada,Ponferado,Ponferrada,bwnfyrada,peng fei la da,ponferada,ponpelada,Понферада,Понферрада,بونفيرادا,ポンフェラーダ,蓬费拉达,폰페라다",42.54664,-6.59619,P,PPLA3,55,LE,24115,,24,68736
3113239,Pomer,Pomer,Pomer,41.63765,-1.84104,P,PPLA3,52,Z,50214,,50,35
3113243,Pomar de Valdivia,Pomar de Valdivia,"Pomar de Valdivia,Pomar-de-Val'divia,Pomar-de-Val'divija,bo ma er de wa er di wei ya,Помар-де-Вальдивиа,Помар-де-Вальдівія,波马尔德瓦尔迪维亚",42.77437,-4.16756,P,PPLA3,55,P,34135,,34,521
3113251,Pollos,Pollos,Pollos,41.44406,-5.12491,P,PPLA3,55,VA,47121,,47,781
3113254,Polinyà,Polinya,"Polinya,Polinya del Valles,Polinyà,Polinyà del Vallès,Polinyá",41.55,2.15,P,PPLA3,56,B,08167,,08,6176
3113258,Polentinos,Polentinos,Polentinos,42.93932,-4.52887,P,PPLA3,55,P,34134,,34,75
3113259,Poleñino,Polenino,"Polenino,Poleñino",41.86972,-0.31009,P,PPLA3,52,HU,22184,,22,250
3113273,Pol,Pol,,43.14892,-7.33022,P,PPLA3,58,LU,27046,,27,0
3113286,Pobladura de Valderaduey,Pobladura de Valderaduey,Pobladura de Valderaduey,41.70009,-5.54189,P,PPLA3,55,ZA,49160,,49,62
3113289,Pobladura de Pelayo García,Pobladura de Pelayo Garcia,"Pobladura de Pelayo Garcia,Pobladura de Pelayo García",42.30602,-5.6856,P,PPLA3,55,LE,24113,,24,532
3113290,Pobladura del Valle,Pobladura del Valle,Pobladura del Valle,42.10257,-5.73333,P,PPLA3,55,ZA,49159,,49,339
3113300,la Pobla de Massaluca,la Pobla de Massaluca,"Pobla de Masaluca,la Pobla de Massaluca",41.18333,0.35,P,PPLA3,56,T,43110,,43,0
3113305,Población de Cerrato,Poblacion de Cerrato,"Poblacion de Cerrato,Población de Cerrato",41.79298,-4.42874,P,PPLA3,55,P,34133,,34,138
3113306,Población de Campos,Poblacion de Campos,"Poblacion de Campos,Población de Campos",42.26994,-4.44744,P,PPLA3,55,P,34132,,34,173
3113307,Población de Arroyo,Poblacion de Arroyo,,42.33675,-4.87398,P,PPLA3,55,P,34131,,34,87
3113314,el Poal,el Poal,"Poal,el Poal",41.68333,0.86667,P,PPLA3,56,L,25168,,25,0
3113317,Plou,Plou,Plou,40.99274,-0.85441,P,PPLA3,52,TE,44184,,44,49
3113320,Plentzia,Plentzia,"Gaminiz,Plencia,Plentzia",43.4053,-2.94794,P,PPLA3,59,BI,48077,,48,0
3113321,Plenas,Plenas,Plenas,41.11209,-0.96442,P,PPLA3,52,Z,50213,,50,127
3113322,Pleitas,Pleitas,Pleitas,41.71135,-1.20251,P,PPLA3,52,Z,50212,,50,62
3113329,Plasencia de Jalón,Plasencia de Jalon,"Plasencia,Plasencia de Jalon,Plasencia de Jalón",41.68154,-1.22996,P,PPLA3,52,Z,50211,,50,366
3113331,Plasencia,Plasencia,"Plasence,Plasencia,Plasencio,Plasensia,Plasensija,Plasentia,Plasència,Prasencia,Praséncia,blasynthya,plasnsya,pu la sen xi ya,purasenshia,Пласенсиа,Пласенсия,Пласенсія,بلاسينثيا,پلاسنسیا,プラセンシア,普拉森西亞",40.03116,-6.08845,P,PPLA3,57,CC,10148,,10,40141
3113333,Planoles,Planoles,"Planolas,Planoles",42.31667,2.1,P,PPLA3,56,GI,17134,,17,0
3113343,Plan,Plan,Plan,42.58126,0.33742,P,PPLA3,52,HU,22182,,22,311
3113348,el Pla del Penedès,el Pla del Penedes,"Pla de Panades,Pla de Panadés,Pla del Panades,Pla del Panadés,el Pla del Penedes,el Pla del Penedès",41.41667,1.71667,P,PPLA3,56,B,08164,,08,0
3113353,Pizarral,Pizarral,Pizarral,40.6145,-5.65238,P,PPLA3,55,SA,37255,,37,79
3113360,Pitillas,Pitillas,"Pitilias,Pitillas",42.42172,-1.62017,P,PPLA3,32,NA,31205,,31,636
3113361,Pitiegua,Pitiegua,Pitiegua,41.0621,-5.46647,P,PPLA3,55,SA,37254,,37,233
3113365,Pitarque,Pitarque,Pitarque,40.6485,-0.59324,P,PPLA3,52,TE,44183,,44,118
3113383,Piracés,Piraces,"Piraces,Piracés",42.00448,-0.31769,P,PPLA3,52,HU,22181,,22,103
3113391,Piqueras,Piqueras,Piqueras,40.66367,-1.72202,P,PPLA3,54,GU,19221,,19,63
3113395,Pioz,Pioz,Pioz,40.46153,-3.17234,P,PPLA3,54,GU,19220,,19,969
3113402,Piornal,Piornal,Piornal,40.11731,-5.84787,P,PPLA3,57,CC,10147,,10,1528
3113415,Pinto,Pinto,"Pinto,Пинто",40.24147,-3.69999,P,PPLA3,29,M,28113,,28,43501
3113420,Pinseque,Pinseque,Pinseque,41.73657,-1.10041,P,PPLA3,52,Z,50209,,50,2367
3113424,Piñor,Pinor,"Pinor,Piñor",42.5012,-8.00151,P,PPLA3,58,OR,32061,,32,0
3113431,Pino del Río,Pino del Rio,"Pino del Rio,Pino del Río",42.64504,-4.80795,P,PPLA3,55,P,34129,,34,265
3113438,Pinillos,Pinillos,Pinillos,42.19951,-2.59709,P,PPLA3,27,LO,26115,,26,21
3113440,Pinilla de Toro,Pinilla de Toro,Pinilla de Toro,41.62783,-5.36414,P,PPLA3,55,ZA,49156,,49,334
3113441,Pinilla de Molina,Pinilla de Molina,Pinilla de Molina,40.67969,-1.88034,P,PPLA3,54,GU,19219,,19,26
3113442,Pinilla del Valle,Pinilla del Valle,Pinilla del Valle,40.92448,-3.81688,P,PPLA3,29,M,28112,,28,162
3113443,Pinilla de los Moros,Pinilla de los Moros,Pinilla de los Moros,42.06815,-3.32706,P,PPLA3,55,BU,09269,,09,42
3113444,Pinilla de los Barruecos,Pinilla de los Barruecos,Pinilla de los Barruecos,41.91791,-3.30371,P,PPLA3,55,BU,09268,,09,134
3113446,Pinilla del Campo,Pinilla del Campo,Pinilla del Campo,41.71691,-2.0835,P,PPLA3,55,SO,42139,,42,21
3113448,Pinilla de Jadraque,Pinilla de Jadraque,Pinilla de Jadraque,41.01988,-2.94254,P,PPLA3,54,GU,19218,,19,80
3113472,Piñel de Arriba,Pinel de Arriba,"Pinel de Arriba,Piñel de Arriba",41.69923,-4.12808,P,PPLA3,55,VA,47119,,47,136
3113473,Piñel de Abajo,Pinel de Abajo,"Pinel de Abajo,Piñel de Abajo",41.67459,-4.14655,P,PPLA3,55,VA,47118,,47,189
3113520,Pinedas,Pinedas,Pinedas,40.44493,-5.96025,P,PPLA3,55,SA,37252,,37,177
3113521,Pineda de la Sierra,Pineda de la Sierra,Pineda de la Sierra,42.2156,-3.2969,P,PPLA3,55,BU,09266,,09,126
3113522,Pineda de Gigüela,Pineda de Giguela,"Pineda,Pineda de Giguela,Pineda de Gigüela",40.08546,-2.54368,P,PPLA3,54,CU,16160,,16,136
3113526,Pineda de Mar,Pineda de Mar,"Pineda,Pineda de Mar,Пинеда де Мар",41.62763,2.6889,P,PPLA3,56,B,08163,,08,26659
3113534,Pinarnegrillo,Pinarnegrillo,Pinarnegrillo,41.19098,-4.20967,P,PPLA3,55,SG,40160,,40,158
3113539,Pinarejos,Pinarejos,Pinarejos,41.2595,-4.29364,P,PPLA3,55,SG,40159,,40,167
3113547,Pina de Montalgrao,Pina de Montalgrao,"Pina,Pina de Montalgrao,Pina de Montolgrao,Pina-de-Montal'grao,bayna dyl mwntaljraw,pi na de meng ta er ge lao,Пина-де-Монтальграо,Піна-де-Монтальграо,باينا ديل مونتالجراو,皮纳德蒙塔尔格劳",40.01667,-0.65,P,PPLA3,60,CS,12090,,12,146
3113548,Piña de Esgueva,Pina de Esgueva,"Pina,Pina de Esgueva,Piña,Piña de Esgueva",41.72843,-4.42823,P,PPLA3,55,VA,47117,,47,349
3113550,Piña de Campos,Pina de Campos,"Pina de Campos,Piña de Campos",42.21326,-4.43657,P,PPLA3,55,P,34130,,34,281
3113555,Piloña,Pilona,"Pilona,Piloña",43.35,-5.36667,P,PPLA3,34,O,33049,,33,0
3113574,Piérnigas,Piernigas,"Piernigas,Piérnigas",42.5903,-3.41337,P,PPLA3,55,BU,09265,,09,38
3113579,Piedratajada,Piedratajada,Piedratajada,42.12124,-0.80373,P,PPLA3,52,Z,50207,,50,166
3113587,Piedramillera,Piedramillera,Piedramillera,42.632,-2.20416,P,PPLA3,32,NA,31204,,31,61
3113590,Piedralaves,Piedralaves,"P'edralaves,Pedralaves,Piedralaves,bi de la la wei si,bydralafys,pydralabs,Пиедралавес,Пьедралавес,Пєдралавес,بيدرالافيس,پیدرالابس,彼德拉拉韦斯",40.31721,-4.70025,P,PPLA3,55,AV,05187,,05,2135
3113593,Piedrahita de Castro,Piedrahita de Castro,Piedrahita de Castro,41.68089,-5.72886,P,PPLA3,55,ZA,49155,,49,134
3113647,Pías,Pias,,42.08333,-7,P,PPLA3,55,ZA,49154,,49,0
3113653,Pezuela de las Torres,Pezuela de las Torres,Pezuela de las Torres,40.41613,-3.17363,P,PPLA3,29,M,28111,,28,481
3113663,Petín,Petin,"Petin,Petín",42.38191,-7.12899,P,PPLA3,58,OR,32060,,32,1088
3113664,Petilla de Aragón,Petilla de Aragon,"Petiella dAragon,Petiella dAragón,Petil'ja-de-Aragon,Petilla,Petilla Aragoi,Petilla de Aragon,Petilla de Aragoni vald,Petilla de Aragón,Petilla de Aragóni vald,pei di li ya de a la gong,Петилья-де-Арагон,Петілья-де-Арагон,佩蒂利亚德阿拉贡",42.45,-1.11667,P,PPLA3,32,NA,31203,,31,32
3113675,Pesquera,Pesquera,"Pesquera,Pesquero",43.08223,-4.07932,P,PPLA3,39,S,39051,,39,84
3113681,Pesoz,Pesoz,Pesoz,43.25,-6.86667,P,PPLA3,34,O,33048,,33,214
3113698,Pertusa,Pertusa,Pertusa,42.00214,-0.12732,P,PPLA3,52,HU,22178,,22,127
3113706,Perosillo,Perosillo,Perosillo,41.39294,-4.14115,P,PPLA3,55,SG,40158,,40,25
3113710,Peromingo,Peromingo,Peromingo,40.46386,-5.77238,P,PPLA3,55,SA,37251,,37,145
3113725,Perilla de Castro,Perilla de Castro,Perilla de Castro,41.7254,-5.87636,P,PPLA3,55,ZA,49153,,49,219
3113730,Pereruela,Pereruela,"Pereruehla,Pereruela,pei lei lu ai la,Переруела,Переруэла,佩雷鲁埃拉",41.4165,-5.87812,P,PPLA3,55,ZA,49152,,49,660
3113733,El Perelló,El Perello,"El Perello,El Perelló,Perello,Perelló",40.87431,0.71125,P,PPLA3,56,T,43104,,43,2895
3113734,Peralada,Peralada,Peralada,42.30823,3.0091,P,PPLA3,56,GI,17132,,17,0
3113774,Perdiguera,Perdiguera,Perdiguera,41.75458,-0.63148,P,PPLA3,52,Z,50206,,50,610
3113787,Peranzanes,Peranzanes,Peranzanes,42.87725,-6.63383,P,PPLA3,55,LE,24112,,24,331
3113795,Peralveche,Peralveche,Peralveche,40.61078,-2.44957,P,PPLA3,54,GU,19217,,19,101
3113796,Peraltilla,Peraltilla,Peraltilla,42.05407,-0.0184,P,PPLA3,52,HU,22176,,22,183
3113800,Peralta,Peralta,"Azkoien,Peral'ta,Peralta,Peralta - Azkoien,Peralta – Azkoien,pei la er ta,Перальта,佩拉尔塔",42.33834,-1.80035,P,PPLA3,32,NA,31202,,31,5722
3113801,Perales de Tajuña,Perales de Tajuna,"Perales de Tajuna,Perales de Tajuña,Tajuna,Tajuña",40.2313,-3.35021,P,PPLA3,29,M,28110,,28,2462
3113804,Perales del Puerto,Perales del Puerto,Perales del Puerto,40.15596,-6.68192,P,PPLA3,57,CC,10142,,10,976
3113805,Perales del Alfambra,Perales del Alfambra,"Perales,Perales de Alfambra,Perales del Alfambra",40.63383,-1.00181,P,PPLA3,52,TE,44182,,44,303
3113809,Perales,Perales,,42.19398,-4.58105,P,PPLA3,55,P,34127,,34,103
3113811,Peralejos de las Truchas,Peralejos de las Truchas,Peralejos de las Truchas,40.59336,-1.90953,P,PPLA3,54,GU,19216,,19,167
3113812,Peralejos de Arriba,Peralejos de Arriba,Peralejos de Arriba,41.0041,-6.33362,P,PPLA3,55,SA,37249,,37,60
3113813,Peralejos de Abajo,Peralejos de Abajo,Peralejos de Abajo,41.00469,-6.36238,P,PPLA3,55,SA,37248,,37,186
3113814,Peralejos,Peralejos,Peralejos,40.48433,-1.03408,P,PPLA3,52,TE,44181,,44,87
3113818,Peral de Arlanza,Peral de Arlanza,Peral de Arlanza,42.07612,-4.07733,P,PPLA3,55,BU,09262,,09,219
3113823,Peracense,Peracense,Peracense,40.64099,-1.47075,P,PPLA3,52,TE,44180,,44,108
3113840,Peque,Peque,Peque,42.07297,-6.27489,P,PPLA3,55,ZA,49150,,49,171
3113867,Penelles,Penelles,Penelles,41.75,0.96667,P,PPLA3,56,L,25164,,25,0
3113886,Peñausende,Penausende,"Pen'jausende,Penausade,Penausende,Peñausade,Peñausende,pei ni ao sen de,Пеньяусенде,佩尼奥森德",41.28662,-5.86755,P,PPLA3,55,ZA,49149,,49,490
3113908,Peñarandilla,Penarandilla,"Penarandilla,Peñarandilla",40.88348,-5.3936,P,PPLA3,55,SA,37247,,37,256
3113909,Peñaranda de Duero,Penaranda de Duero,"Penaranda,Peñaranda",41.68849,-3.47863,P,PPLA3,55,BU,09261,,09,587
3113910,Peñaranda de Bracamonte,Penaranda de Bracamonte,"Pen'jaranda-de-Brakamonte,Penaranda de Bracamonte,Peñaranda de Bracamonte,pei ni ya lan da de fu la ka meng te,Пеньяранда-де-Бракамонте,ペニャランダ・デ・ブラカモンテ,佩尼亚兰达德夫拉卡蒙特",40.90108,-5.20026,P,PPLA3,55,SA,37246,,37,6260
3113912,Peñaparda,Penaparda,"Penaparda,Peñaparda",40.32093,-6.66948,P,PPLA3,55,SA,37245,,37,439
3113920,Peñalver,Penalver,"Penalver,Peñalver",40.5814,-2.8889,P,PPLA3,54,GU,19215,,19,204
3113926,Peñalén,Penalen,"Penalen,Peñalén",40.6656,-2.06999,P,PPLA3,54,GU,19214,,19,125
3113936,Peñalba de Ávila,Penalba de Avila,"Penalba de Avila,Peñalba de Ávila",40.77266,-4.74595,P,PPLA3,55,AV,05185,,05,130
3113937,Peñalba,Penalba,"Penalba,Peñalba",41.50087,-0.03798,P,PPLA3,52,HU,22172,,22,723
3113944,Penagos,Penagos,Penagos,43.35216,-3.81382,P,PPLA3,39,S,39048,,39,1704
3113952,Peñaflor de Hornija,Penaflor de Hornija,"Penaflor,Penaflor de Hornija,Peñaflor,Peñaflor de Hornija",41.71159,-4.98333,P,PPLA3,55,VA,47115,,47,409
3113957,Peñafiel,Penafiel,"Penafiel,Peñafiel",41.60165,-4.11418,P,PPLA3,55,VA,47114,,47,5455
3113976,Peñacaballera,Penacaballera,,40.34353,-5.86121,P,PPLA3,55,SA,37244,,37,184
3114016,Peleas de Abajo,Peleas de Abajo,Peleas de Abajo,41.3926,-5.68966,P,PPLA3,55,ZA,49148,,49,254
3114017,Peleagonzalo,Peleagonzalo,Peleagonzalo,41.48175,-5.48304,P,PPLA3,55,ZA,49147,,49,380
3114018,Pelayos del Arroyo,Pelayos del Arroyo,Pelayos del Arroyo,41.05086,-3.94104,P,PPLA3,55,SG,40157,,40,62
3114019,Pelayos de la Presa,Pelayos de la Presa,,40.36051,-4.33462,P,PPLA3,29,M,28109,,28,2197
3114020,Pelayos,Pelayos,Pelayos,40.64985,-5.5758,P,PPLA3,55,SA,37242,,37,131
3114024,Pelarrodríguez,Pelarrodriguez,"Pelarrodriguez,Pelarrodríguez",40.88723,-6.21271,P,PPLA3,55,SA,37241,,37,193
3114025,Pelahustán,Pelahustan,,40.17599,-4.59842,P,PPLA3,54,TO,45131,,45,364
3114032,Pelabravo,Pelabravo,Pelabravo,40.93658,-5.57916,P,PPLA3,55,SA,37240,,37,919
3114041,Peguerinos,Peguerinos,,40.6262,-4.23154,P,PPLA3,55,AV,05184,,05,346
3114068,Pedroso,Pedroso,"Pedroso,pei de luo suo,Педросо,Պեդրոսո,佩德罗索",42.29959,-2.71889,P,PPLA3,27,LO,26114,,26,99
3114069,Pedrosillo el Ralo,Pedrosillo el Ralo,Pedrosillo el Ralo,41.06305,-5.54794,P,PPLA3,55,SA,37238,,37,124
3114070,Pedrosillo de los Aires,Pedrosillo de los Aires,Pedrosillo de los Aires,40.71524,-5.70511,P,PPLA3,55,SA,37237,,37,401
3114071,Pedrosillo de Alba,Pedrosillo de Alba,Pedrosillo de Alba,40.82277,-5.39506,P,PPLA3,55,SA,37236,,37,216
3114078,Pedrosa del Rey,Pedrosa del Rey,Pedrosa del Rey,41.55617,-5.20466,P,PPLA3,55,VA,47113,,47,217
3114079,Pedrosa del Príncipe,Pedrosa del Principe,"Pedrosa del Principe,Pedrosa del Príncipe",42.24918,-4.19849,P,PPLA3,55,BU,09258,,09,206
3114080,Pedrosa del Páramo,Pedrosa del Paramo,,42.44208,-3.9719,P,PPLA3,55,BU,09257,,09,99
3114081,Pedrosa de la Vega,Pedrosa de la Vega,,42.48159,-4.74678,P,PPLA3,55,P,34126,,34,361
3114082,Pedrosa de Duero,Pedrosa de Duero,Pedrosa de Duero,41.71289,-3.98804,P,PPLA3,55,BU,09256,,09,498
3114097,Pedrola,Pedrola,Pedrola,41.79102,-1.21357,P,PPLA3,52,Z,50204,,50,2945
3114101,Pedro Bernardo,Pedro Bernardo,"Pedro Bernardo,Pedro-Bernardo,bydrw byrnardw,pdrw brnardw,pei de luo wei er na er duo,Педро Бернардо,Педро-Бернардо,بيدرو بيرناردو,پدرو برناردو,佩德罗韦尔纳尔多",40.24214,-4.90963,P,PPLA3,55,AV,05182,,05,1243
3114112,Pedrezuela,Pedrezuela,Pedrezuela,40.74277,-3.5998,P,PPLA3,29,M,28108,,28,6391
3114130,Pedraza de Campos,Pedraza de Campos,Pedraza de Campos,41.98419,-4.73524,P,PPLA3,55,P,34125,,34,116
3114131,Pedraza de Alba,Pedraza de Alba,Pedraza de Alba,40.75502,-5.37524,P,PPLA3,55,SA,37235,,37,279
3114134,Pedraza,Pedraza,"Pedraza,Pedraza de la Sierra",41.13092,-3.81116,P,PPLA3,55,SG,40156,,40,497
3114138,Pedrajas de San Esteban,Pedrajas de San Esteban,Pedrajas de San Esteban,41.34145,-4.58225,P,PPLA3,55,VA,47112,,47,3349
3114158,Pazuengos,Pazuengos,Pazuengos,42.31776,-2.92539,P,PPLA3,27,LO,26113,,26,42
3114179,Payo de Ojeda,Payo de Ojeda,Payo de Ojeda,42.71859,-4.47752,P,PPLA3,55,P,34124,,34,84
3114198,Pau,Pau,Pau,42.31607,3.11621,P,PPLA3,56,GI,17128,,17,446
3114199,Patones,Patones,"Patones,Patones de Abajo",40.85563,-3.4849,P,PPLA3,29,M,28107,,28,378
3114204,Pastrana,Pastrana,Pastrana,40.41902,-2.92256,P,PPLA3,54,GU,19212,,19,1081
3114208,Pastores,Pastores,Pastores,40.51508,-6.51018,P,PPLA3,55,SA,37233,,37,46
3114215,Pascualcobo,Pascualcobo,Pascualcobo,40.65637,-5.27733,P,PPLA3,55,AV,05181,,05,0
3114242,Parrillas,Parrillas,Parrillas,40.06225,-5.0639,P,PPLA3,54,TO,45130,,45,407
3114245,Parres,Parres,,43.35,-5.15,P,PPLA3,34,O,33045,,33,5749
3114255,Parlavà,Parlava,"Parlaba,Parlabá,Parlava,Parlavà",42.02163,3.03197,P,PPLA3,56,GI,17126,,17,0
3114256,Parla,Parla,"Parla,barla,pa er la,Парла,بارلا,帕尔拉",40.23604,-3.76752,P,PPLA3,29,M,28106,,28,115611
3114270,Pareja,Pareja,Pareja,40.55578,-2.64882,P,PPLA3,54,GU,19211,,19,482
3114272,Paredes de Sigüenza,Paredes de Siguenza,"Paredes,Paredes de Siguenza,Paredes de Sigüenza",41.24283,-2.73376,P,PPLA3,54,GU,19210,,19,42
3114273,Paredes de Nava,Paredes de Nava,"Paredes,Paredes de Nava",42.15367,-4.69193,P,PPLA3,55,P,34123,,34,2274
3114275,Paredes de Escalona,Paredes de Escalona,"Paredes,Paredes de Escalona",40.20472,-4.4305,P,PPLA3,54,TO,45129,,45,107
3114280,Paredes,Paredes,Paredes,40.06578,-2.854,P,PPLA3,54,CU,16151,,16,81
3114283,Pardos,Pardos,Pardos,40.94818,-1.92555,P,PPLA3,54,GU,19209,,19,0
3114290,Pardilla,Pardilla,"Pardilla,Pardillo",41.55183,-3.71089,P,PPLA3,55,BU,09253,,09,124
3114312,Páramo del Sil,Paramo del Sil,"Paramo,Paramo del Sil,Páramo,Páramo del Sil",42.82056,-6.48747,P,PPLA3,55,LE,24110,,24,754
3114314,Páramo de Boedo,Paramo de Boedo,"Paramo de Boedo,Páramo de Boedo",42.57842,-4.40042,P,PPLA3,55,P,34122,,34,110
3114329,Paradinas de San Juan,Paradinas de San Juan,Paradinas de San Juan,40.98325,-5.15418,P,PPLA3,55,SA,37232,,37,569
3114370,Parada de Rubiales,Parada de Rubiales,Parada de Rubiales,41.14818,-5.43638,P,PPLA3,55,SA,37231,,37,311
3114377,Parada de Arriba,Parada de Arriba,Parada de Arriba,40.98655,-5.79332,P,PPLA3,55,SA,37230,,37,237
3114395,Paracuellos de la Ribera,Paracuellos de la Ribera,"Pacuellos,Paracuellos de la Ribera",41.42273,-1.56245,P,PPLA3,52,Z,50202,,50,223
3114396,Paracuellos de Jiloca,Paracuellos de Jiloca,Paracuellos de Jiloca,41.31378,-1.64029,P,PPLA3,52,Z,50201,,50,514
3114397,Paracuellos de Jarama,Paracuellos de Jarama,Paracuellos de Jarama,40.50353,-3.52775,P,PPLA3,29,M,28104,,28,14329
3114405,Papatrigo,Papatrigo,Papatrigo,40.8679,-4.83399,P,PPLA3,55,AV,05179,,05,292
3114410,Pantón,Panton,"Panton,Pantón",42.51667,-7.6,P,PPLA3,58,LU,27041,,27,3166
3114411,Pantoja,Pantoja,Pantoja,40.04336,-3.8328,P,PPLA3,54,TO,45128,,45,3071
3114422,Paniza,Paniza,Paniza,41.284,-1.21224,P,PPLA3,52,Z,50200,,50,728
3114463,Pancrudo,Pancrudo,Pancrudo,40.76223,-1.02967,P,PPLA3,52,TE,44177,,44,125
3114464,Pancorbo,Pancorbo,"Pancorbo,Pancorvo",42.63418,-3.1118,P,PPLA3,55,BU,09251,,09,463
3114472,Pamplona,Pamplona,"Iruinea,Iruna,Irunea,Iruña,Iruñea,Lungsod ng Irunea,Lungsod ng Iruñea,PNA,Pampalona,Pampeluna,Pampelune,Pamplona,Pamplonae,Pamplono,Pompaelo,bnblwnt,iruniya,pam po lna,pampalona,pampeullona,pamplwna,pan pu luo na,panpurona,pmplwnh,Памплонæ,Памплона,Պամպլոնա,פמפלונה,بنبلونة,پامپلونا,पाम्पलोना,இருனியா,ปัมโปลนา,პამპლონა,パンプローナ,潘普洛納,팜플로나",42.81687,-1.64323,P,PPLA,32,NA,31201,,31,208243
3114473,Pampliega,Pampliega,,42.20582,-3.98666,P,PPLA3,55,BU,09250,,09,405
3114479,Pals,Pals,"Pais,Palls,Pals",41.97102,3.14814,P,PPLA3,56,GI,17124,,17,2366
3114486,Palomero,Palomero,Palomero,40.24688,-6.27706,P,PPLA3,57,CC,10137,,10,503
3114489,Palomeque,Palomeque,Palomeque,40.11966,-3.96403,P,PPLA3,54,TO,45127,,45,835
3114499,Palomar de Arroyos,Palomar de Arroyos,Palomar de Arroyos,40.77911,-0.75055,P,PPLA3,52,TE,44176,,44,218
3114501,Palol de Revardit,Palol de Revardit,"Palol de Rebardit,Palol de Revardit",42.06667,2.8,P,PPLA3,56,GI,17123,,17,0
3114506,Palo,Palo,,42.3227,0.24376,P,PPLA3,52,HU,22168,,22,29
3114513,Pálmaces de Jadraque,Palmaces de Jadraque,"Palmaces de Jadraque,Pálmaces de Jadraque",41.0561,-2.9106,P,PPLA3,54,GU,19208,,19,68
3114516,Pallejà,Palleja,"Palleja,Pallejà",41.42394,1.99505,P,PPLA3,56,B,08157,,08,11134
3114523,els Pallaresos,els Pallaresos,"Pallaresos,els Pallaresos",41.17491,1.2709,P,PPLA3,56,T,43100,,43,3991
3114528,Palenzuela,Palenzuela,Palenzuela,42.09518,-4.13039,P,PPLA3,55,P,34121,,34,266
3114529,Palencia de Negrilla,Palencia de Negrilla,Palencia de Negrilla,41.09439,-5.60168,P,PPLA3,55,SA,37229,,37,0
3114531,Palencia,Palencia,"Liste del villagies locata in Palencia,PCI,Palencia,Palencio,Palensija,Palentzia,Pallantia,Palència,Paléncia,Palência,balnthya,pa lun xi ya,pallensia,palnsya,parenshia,Паленсия,Паленсија,Паленсія,بالنثيا,پالنسیا,パレンシア,帕伦西亚,팔렌시아",42.00955,-4.52406,P,PPLA2,55,P,34120,,34,78629
3114533,Palazuelos de Muñó,Palazuelos de Muno,,42.19692,-3.98984,P,PPLA3,55,BU,09249,,09,0
3114534,Palazuelos de la Sierra,Palazuelos de la Sierra,Palazuelos de la Sierra,42.21162,-3.46014,P,PPLA3,55,BU,09248,,09,72
3114535,Palazuelos de Eresma,Palazuelos de Eresma,Palazuelos de Eresma,40.93055,-4.06071,P,PPLA3,55,SG,40155,,40,2751
3114538,Palazuelo de Vedija,Palazuelo de Vedija,Palazuelo de Vedija,41.92966,-5.14534,P,PPLA3,55,VA,47109,,47,235
3114548,Palau-sator,Palau-sator,,41.98897,3.11016,P,PPLA3,56,GI,17121,,17,282
3114557,Palanques,Palanques,Palanques,40.718,-0.17941,P,PPLA3,60,CS,12087,,12,29
3114566,Palamós,Palamos,"Palamos,Palamós",41.84843,3.12912,P,PPLA3,56,GI,17118,,17,17898
3114567,Palafrugell,Palafrugell,"Palafrugell,Palafruzhel',Палафружель",41.91738,3.1631,P,PPLA3,56,GI,17117,,17,22365
3114568,Palafolls,Palafolls,Palafolls,41.66667,2.75,P,PPLA3,56,B,08155,,08,0
3114574,Palaciosrubios,Palaciosrubios,Palaciosrubios,41.05238,-5.19507,P,PPLA3,55,SA,37228,,37,491
3114577,Palacios de Sanabria,Palacios de Sanabria,Palacios de Sanabria,42.05901,-6.52362,P,PPLA3,55,ZA,49143,,49,321
3114581,Palacios del Sil,Palacios del Sil,"Palacios,Palacios del Sil",42.87601,-6.4315,P,PPLA3,55,LE,24109,,24,1343
3114582,Palacios del Pan,Palacios del Pan,Palacios del Pan,41.60242,-5.87773,P,PPLA3,55,ZA,49142,,49,225
3114583,Palacios de la Valduerna,Palacios de la Valduerna,Palacios de la Valduerna,42.32773,-5.9383,P,PPLA3,55,LE,24108,,24,485
3114584,Palacios de la Sierra,Palacios de la Sierra,Palacios de la Sierra,41.96392,-3.12788,P,PPLA3,55,BU,09246,,09,875
3114585,Palacios del Arzobispo,Palacios del Arzobispo,Palacios del Arzobispo,41.16655,-5.88933,P,PPLA3,55,SA,37226,,37,193
3114589,Palacios de Goda,Palacios de Goda,Palacios de Goda,41.11798,-4.78496,P,PPLA3,55,AV,05178,,05,447
3114615,Pajares de los Oteros,Pajares de los Oteros,Pajares de los Oteros,42.3301,-5.47313,P,PPLA3,55,LE,24107,,24,409
3114616,Pajares de la Lampreana,Pajares de la Lampreana,Pajares de la Lampreana,41.71551,-5.69351,P,PPLA3,55,ZA,49141,,49,495
3114617,Pajares de la Laguna,Pajares de la Laguna,Pajares de la Laguna,41.08754,-5.50888,P,PPLA3,55,SA,37225,,37,146
3114619,Pajares de Adaja,Pajares de Adaja,Pajares de Adaja,40.92398,-4.64048,P,PPLA3,55,AV,05177,,05,185
3114629,Pajarejos,Pajarejos,"Pajarejos,Pajareros",41.38994,-3.58997,P,PPLA3,55,SG,40154,,40,37
3114640,Padrones de Bureba,Padrones de Bureba,Padrones de Bureba,42.70582,-3.53296,P,PPLA3,55,BU,09244,,09,58
3114643,Padrón,Padron,"Padron,Padrón",42.73875,-8.66057,P,PPLA3,58,C,15065,,15,9039
3114649,Padrenda,Padrenda,"Padrenda,San Ciprian,San Ciprián",42.13333,-8.15,P,PPLA3,58,OR,32056,,32,2433
3114661,Padilla de Arriba,Padilla de Arriba,,42.43803,-4.19094,P,PPLA3,55,BU,09243,,09,102
3114662,Padilla de Abajo,Padilla de Abajo,,42.40774,-4.17652,P,PPLA3,55,BU,09242,,09,102
3114664,Padiernos,Padiernos,"Pad'ernos,Padiernos,badyrnws,pa die er nuo si,padyrns,Падиернос,Падьернос,Падьєрнос,باديرنوس,پادیرنس,帕迭尔诺斯",40.62168,-4.84523,P,PPLA3,55,AV,05176,,05,220
3114667,Paderne,Paderne,Paderne,43.28567,-8.17415,P,PPLA3,58,C,15064,,15,0
3114703,Oia,Oia,"Ojja,Oya,ao ya,awya,oia,Ойя,أويا,オイア,奥亚",42,-8.86667,P,PPLA3,58,PO,36036,,36,0
3114711,Oviedo,Oviedo,"Aueda,OVI,Ov'edo,Ovedo,Ovetum,Oviedo,Oviedu,Ovieu,Ovjedas,Ovjedo,Uvieu,Uviéu,abydw,ao wei ye duo,awfyydw,awwydw,obiedo,ovhiyedo,oviedo,oviyeto,xo beiy do,Аўеда,Овиедо,Овьедо,Овєдо,Овједо,אוביידו,أوفييدو,ابیدو,اوویدو,ओव्हियेदो,ஒவியேதோ,โอเบียโด,ოვიედო,オビエド,奥维耶多,오비에도",43.36029,-5.84476,P,PPLA,34,O,33044,,33,220027
3114726,Outes,Outes,"Outes,awatys,awtys,ou te si,outesu,Оутес,أوتيس,اواتیس,オウテス,欧特斯",42.85061,-8.92645,P,PPLA3,58,C,15062,,15,7902
3114784,Otero de Herreros,Otero de Herreros,Otero de Herreros,40.82016,-4.2099,P,PPLA3,55,SG,40152,,40,885
3114789,Otero de Bodas,Otero de Bodas,"Oter de Bodas,Otero,Otero de Bodas,Otero de Bodos",41.93868,-6.15024,P,PPLA3,55,ZA,49139,,49,219
3114813,Oteiza,Oteiza,Oteiza de la Solana,42.61905,-1.95385,P,PPLA3,32,NA,31200,,31,0
3114824,Ossó de Sió,Osso de Sio,"Osso de Sio,Ossó de Sió",41.75485,1.159,P,PPLA3,56,L,25157,,25,220
3114827,Osornillo,Osornillo,,42.37047,-4.29153,P,PPLA3,55,P,34116,,34,82
3114843,Oseja de Sajambre,Oseja de Sajambre,Oseja de Sajambre,43.13671,-5.03786,P,PPLA3,55,LE,24106,,24,327
3114844,Oseja,Oseja,Oseja,41.59564,-1.70026,P,PPLA3,52,Z,50198,,50,56
3114849,Os de Balaguer,Os de Balaguer,"Os,Os de Balaguer,Os de Ballaguer",41.87314,0.72017,P,PPLA3,56,L,25156,,25,800
3114876,Ortigosa de Pestaño,Ortigosa de Pestano,"Ortigos de Pestano,Ortigos de Pestaño,Ortigosa de Pestano,Ortigosa de Pestaño",41.08741,-4.39516,P,PPLA3,55,SG,40151,,40,105
3114878,Ortigosa del Monte,Ortigosa del Monte,Ortigosa del Monte,40.84182,-4.17724,P,PPLA3,55,SG,40901,,40,457
3114880,Ortigosa,Ortigosa,"Ortigosa,Ortigosa de Cameros",42.17568,-2.70513,P,PPLA3,27,LO,26112,,26,0
3114887,Òrrius,Orrius,"Orrius,Òrrius",41.55,2.35,P,PPLA3,56,B,08153,,08,307
3114888,Orrios,Orrios,Orrios,40.58945,-0.98614,P,PPLA3,52,TE,44175,,44,178
3114900,Orpí,Orpi,"Orpi,Orpí",41.5187,1.57536,P,PPLA3,56,B,08152,,08,202
3114913,Oronz,Oronz,,42.86873,-1.09683,P,PPLA3,32,NA,31198,,31,56
3114930,Ormaiztegi,Ormaiztegui,"Ormaiztegi,Ormaiztegui,Ormáiztegui",43.04339,-2.25673,P,PPLA3,59,SS,20062,,20,0
3114936,Oristà,Orista,,41.93333,2.06667,P,PPLA3,56,B,08151,,08,591
3114937,Orísoain,Orisoain,"Orisoain,Orísoain",42.60122,-1.60403,P,PPLA3,32,NA,31197,,31,83
3114938,Orís,Oris,"Caserio Oris,Caserío Oris,Oris,Orís",42.05967,2.22066,P,PPLA3,56,B,08150,,08,0
3114942,Orio,Orio,Orio,43.2787,-2.12537,P,PPLA3,59,SS,20061,,20,4586
3114950,Orihuela del Tremedal,Orihuela del Tremedal,Orihuela del Tremedal,40.55,-1.65,P,PPLA3,52,TE,44174,,44,590
3114961,Orés,Ores,"Ores,Orés",42.27765,-1.0015,P,PPLA3,52,Z,50197,,50,103
3114962,Orera,Orera,Orera,41.29842,-1.47849,P,PPLA3,52,Z,50196,,50,132
3114965,Ourense,Ourense,"OUQ,Orance,Orense,Orenso,Ourense,Ovrense,ourense,Овренсе,Оренсе,オウレンセ",42.33669,-7.86407,P,PPLA2,58,OR,32054,,32,105233
3114967,Orendain,Orendain,"Orendain,Orendáin",43.07896,-2.11201,P,PPLA3,59,SS,20905,,20,164
3114972,Orexa,Oreja,"Oreja,Orexa",43.09382,-2.01119,P,PPLA3,59,SS,20060,,20,0
3114976,Orea,Orea,Orea,40.55725,-1.72738,P,PPLA3,54,GU,19204,,19,263
3114985,Ordis,Ordis,Ordis,42.2183,2.90705,P,PPLA3,56,GI,17115,,17,328
3114992,Ordes,Ordes,,43.07654,-8.409,P,PPLA3,58,C,15059,,15,12632
3114998,Orcajo,Orcajo,,41.10975,-1.48933,P,PPLA3,52,Z,50195,,50,36
3115001,Orbita,Orbita,Orbita,40.99846,-4.64833,P,PPLA3,55,AV,05174,,05,102
3115006,Orbara,Orbara,Orbara,42.96728,-1.24213,P,PPLA3,32,NA,31196,,31,57
3115022,Oquillas,Oquillas,Oquillas,41.83085,-3.70564,P,PPLA3,55,BU,09239,,09,75
3115028,Onzonilla,Onzonilla,"Onsonil'ja,Onzonilla,onsonija,weng suo ni li ya,Онсонилья,Онсонілья,オンソニージャ,翁索尼利亚",42.52435,-5.5816,P,PPLA3,55,LE,24105,,24,1566
3115037,Ontiñena,Ontinena,,41.67663,0.08858,P,PPLA3,52,HU,22165,,22,611
3115056,Ondarroa,Ondarroa,"Ondarroa,Ondárroa",43.31667,-2.41667,P,PPLA3,59,BI,48073,,48,9546
3115061,Oncala,Oncala,Oncala,41.97021,-2.31493,P,PPLA3,55,SO,42135,,42,107
3115063,Oñati,Onate,"Onate,Onati,Oñate,Oñati",43.03262,-2.40997,P,PPLA3,59,SS,20059,,20,10896
3115068,Oña,Ona,"On'ja,Ona,Onija,Oña,ao ni ya,awnya,Ония,Онья,أونيا,奥尼亚",42.734,-3.41459,P,PPLA3,55,BU,09238,,09,1452
3115083,Olvés,Olves,"Olves,Olvés",41.23965,-1.64647,P,PPLA3,52,Z,50194,,50,130
3115093,Olot,Olot,"Olot,ao luo te,awlwt,Олот,أولوت,奥洛特",42.18096,2.49012,P,PPLA3,56,GI,17114,,17,33524
3115095,Olóriz,Oloriz,,42.63522,-1.61276,P,PPLA3,32,NA,31192,,31,212
3115097,Olombrada,Olombrada,Olombrada,41.41492,-4.16071,P,PPLA3,55,SG,40149,,40,781
3115098,Olocau del Rey,Olocau del Rey,"Olocau del Rei,Olocau del Rey,Olokau-del'-Rej,ao luo kao de er lei,awlwkaw dyl ry,Олокау-дель-Рей,أولوكاو ديل ري,奥洛考德尔雷",40.63775,-0.34041,P,PPLA3,60,CS,12083,,12,132
3115100,Olmos de Peñafiel,Olmos de Penafiel,"Olmos de Penafiel,Olmos de Peñafiel",41.57142,-4.04316,P,PPLA3,55,VA,47106,,47,79
3115101,Olmos de Ojeda,Olmos de Ojeda,Olmos de Ojeda,42.72274,-4.42446,P,PPLA3,55,P,34114,,34,287
3115103,Olmos de Esgueva,Olmos de Esgueva,Olmos de Esgueva,41.68815,-4.52255,P,PPLA3,55,VA,47105,,47,210
3115113,Olmillos de Muñó,Olmillos de Muno,,42.20322,-3.93911,P,PPLA3,55,BU,09236,,09,39
3115114,Olmillos de Castro,Olmillos de Castro,Olmillos de Castro,41.73179,-5.96791,P,PPLA3,55,ZA,49138,,49,368
3115117,Olmedo de Camaces,Olmedo de Camaces,Olmedo de Camaces,40.87967,-6.6236,P,PPLA3,55,SA,37223,,37,137
3115118,Olmedo,Olmedo,Olmedo,41.28706,-4.68878,P,PPLA3,55,VA,47104,,47,3570
3115119,Olmedillo de Roa,Olmedillo de Roa,Olmedillo de Roa,41.78362,-3.93419,P,PPLA3,55,BU,09235,,09,186
3115122,Olmedilla de Eliz,Olmedilla de Eliz,Olmedilla de Eliz,40.30232,-2.41952,P,PPLA3,54,CU,16143,,16,30
3115125,Olmeda de la Cuesta,Olmeda de la Cuesta,Olmeda de la Cuesta,40.31088,-2.47592,P,PPLA3,54,CU,16140,,16,43
3115126,Olmeda de Cobeta,Olmeda de Cobeta,Olmeda de Cobeta,40.85971,-2.1828,P,PPLA3,54,GU,19201,,19,112
3115143,Ollauri,Ollauri,Ollauri,42.54256,-2.83448,P,PPLA3,27,LO,26111,,26,299
3115150,Olivella,Olivella,Olivella,41.31667,1.81667,P,PPLA3,56,B,08148,,08,2264
3115155,Olivares de Duero,Olivares de Duero,Olivares de Duero,41.63755,-4.36547,P,PPLA3,55,VA,47103,,47,326
3115159,Oliva de Plasencia,Oliva de Plasencia,"Oliva,Oliva de Plasencia",40.11227,-6.08648,P,PPLA3,57,CC,10136,,10,260
3115161,Olius,Olius,,42.01035,1.5646,P,PPLA3,56,L,25151,,25,632
3115162,Olite-Erriberri,Olite-Erriberri,"Erriberri,Oligicus,Oligitum,Olit,Olite,ao li te,orite,Олите,Оліте,オリテ,奥利特",42.47971,-1.65196,P,PPLA3,32,NA,31191,,31,3431
3115165,Oliete,Oliete,,40.99791,-0.67429,P,PPLA3,52,TE,44172,,44,474
3115176,Olejua,Olejua,Olejua,42.62329,-2.14202,P,PPLA3,32,NA,31190,,31,55
3115177,Oleiros,Oleiros,"Alejras,Oleiros,Olejros,Santa Maria,Santa María,ao lai luo si,awlyrws,awlyyrws,oreirosu,Алейрас,Олеирос,Олейрос,أوليروس,اولئیروس,اولیروس,オレイロス,奥莱罗斯",43.33333,-8.31667,P,PPLA3,58,C,15058,,15,35559
3115184,Olea de Boedo,Olea de Boedo,Olea de Boedo,42.6099,-4.4504,P,PPLA3,55,P,34113,,34,42
3115187,Olvan,Olvan,"Olban,Olbán,Olvan",42.06667,1.9,P,PPLA3,56,B,08144,,08,0
3115188,Olba,Olba,Olba,40.13333,-0.61667,P,PPLA3,52,TE,44171,,44,242
3115206,Olaberria,Olaberria,"Olaberria,Olaberría",43.02726,-2.20349,P,PPLA3,59,SS,20058,,20,930
3115213,Ojos Negros,Ojos Negros,Ojos Negros,40.7375,-1.49875,P,PPLA3,52,TE,44169,,44,526
3115214,Ojos-Albos,Ojos-Albos,Ojos-Albos,40.70596,-4.51633,P,PPLA3,55,AV,05173,,05,58
3115217,Ojacastro,Ojacastro,"Ojacastro,Okhakastro,Oxakastro,ao ha ka si te luo,Охакастро,Օխակաստրո,奥哈卡斯特罗",42.3472,-3.0049,P,PPLA3,27,LO,26110,,26,218
3115219,Oitz,Oitz,"Oitz,Oiz",43.11667,-1.68333,P,PPLA3,32,NA,31187,,31,130
3115244,Oencia,Oencia,,42.54758,-6.96859,P,PPLA3,55,LE,24103,,24,579
3115248,Odón,Odon,"Odon,Odón",40.88417,-1.56792,P,PPLA3,52,TE,44168,,44,257
3115252,Òdena,Odena,"Odena,Òdena",41.6,1.65,P,PPLA3,56,B,08143,,08,2910
3115257,Ocón,Ocon,"Econ,Ecón,Ocon,Ocón,Okon,ao kong,Окон,奥孔",42.29898,-2.24019,P,PPLA3,27,LO,26108,,26,401
3115259,Oco,Oco,Oco,42.63828,-2.16476,P,PPLA3,32,NA,31184,,31,71
3115264,Ochánduri,Ochanduri,"Ochanduri,Ochánduri",42.52525,-3.00415,P,PPLA3,27,LO,26109,,26,76
3115266,Otxandio,Otxandio,"Ochandiano,Otxandio",43.03333,-2.65,P,PPLA3,59,BI,48072,,48,0
3115269,Ocentejo,Ocentejo,Ocentejo,40.77234,-2.39764,P,PPLA3,54,GU,19199,,19,36
3115288,Obón,Obon,"Obon,Obón",40.9045,-0.723,P,PPLA3,52,TE,44167,,44,70
3115299,Obanos,Obanos,Obanos,42.68071,-1.78493,P,PPLA3,32,NA,31183,,31,897
3115303,Nuñomoral,Nunomoral,"Nun'jomoral',Nun'omoral',Nunomoral,Nuñomoral,nu ni ao mo la er,nwnywmawral,Нуньйомораль,Нуньомораль,نونيومأورال,努尼奥莫拉尔",40.40692,-6.24636,P,PPLA3,57,CC,10135,,10,1540
3115304,Nuño Gómez,Nuno Gomez,"Nuno Gomez,Nuño Gómez",40.11383,-4.61978,P,PPLA3,54,TO,45120,,45,204
3115307,Numancia de la Sagra,Numancia de la Sagra,"Azana,Azaña,Numancia de la Sagra",40.07395,-3.85118,P,PPLA3,54,TO,45119,,45,3707
3115311,Nuez de Ebro,Nuez de Ebro,Nuez de Ebro,41.58957,-0.66774,P,PPLA3,52,Z,50193,,50,637
3115314,Nuevo Baztán,Nuevo Baztan,"Nuehvo-Bastan,Nuevo Baztan,Nuevo Baztán,Nuevo-Bastan,nwfw baztan,xin ba si tan,Нуево-Бастан,Нуэво-Бастан,نوفو بازتان,新巴斯坦",40.36731,-3.24125,P,PPLA3,29,M,28100,,28,7126
3115317,Nueva Villa de las Torres,Nueva Villa de las Torres,Nueva Villa de las Torres,41.26762,-5.05685,P,PPLA3,55,VA,47102,,47,386
3115319,Nuévalos,Nuevalos,"Nuevalos,Nuévalos",41.21185,-1.78954,P,PPLA3,52,Z,50192,,50,384
3115327,Nueno,Nueno,Nueno,42.26697,-0.43906,P,PPLA3,52,HU,22163,,22,451
3115331,Noia,Noia,,42.78583,-8.88734,P,PPLA3,58,C,15057,,15,0
3115334,Novillas,Novillas,Novillas,41.93334,-1.39412,P,PPLA3,52,Z,50191,,50,664
3115335,Noviercas,Noviercas,Noviercas,41.71194,-2.03433,P,PPLA3,55,SO,42132,,42,212
3115346,Novallas,Novallas,Novallas,41.95,-1.7,P,PPLA3,52,Z,50190,,50,804
3115349,Novales,Novales,Novales,42.03201,-0.287,P,PPLA3,52,HU,22162,,22,198
3115363,Noreña,Norena,"Noren'ja,Norenija,nrnya,nuo lei ni ya,nwrynya,Норения,Норенья,نرنیا,نورينيا,诺雷尼亚",43.39364,-5.70662,P,PPLA3,34,O,33042,,33,4647
3115370,Nonaspe,Nonaspe,Nonaspe,41.20881,0.24775,P,PPLA3,52,Z,50189,,50,1041
3115372,Nombrevilla,Nombrevilla,,41.1073,-1.35904,P,PPLA3,52,Z,50188,,50,47
3115373,Nombela,Nombela,Nombela,40.1553,-4.50223,P,PPLA3,54,TO,45117,,45,998
3115374,Nolay,Nolay,"Nolaj,Nolay,Nolay i Spania,nuo lai,Нолай,诺莱",41.52721,-2.35061,P,PPLA3,55,SO,42131,,42,88
3115376,Noja,Noja,Noja,43.48917,-3.52306,P,PPLA3,39,S,39047,,39,2255
3115383,Nogueruelas,Nogueruelas,"Nogueroles,Nogueruelas",40.23622,-0.63606,P,PPLA3,52,TE,44165,,44,230
3115386,Nogueras,Nogueras,Nogueras,41.13475,-1.06708,P,PPLA3,52,TE,44164,,44,17
3115394,Nogueira de Ramuín,Nogueira de Ramuin,"Nogueira,Nogueira de Ramuin,Nogueira de Ramuín",42.41712,-7.74982,P,PPLA3,58,OR,32052,,32,2011
3115409,Nogal de las Huertas,Nogal de las Huertas,Nogal de las Huertas,42.39255,-4.64156,P,PPLA3,55,P,34112,,34,59
3115459,Niharra,Niharra,Niharra,40.58945,-4.83895,P,PPLA3,55,AV,05172,,05,178
3115461,Nigüella,Niguella,"Niguella,Nigüella",41.53621,-1.5245,P,PPLA3,52,Z,50187,,50,92
3115463,Nigrán,Nigran,"Nigran,San Felix,San Félix,ni ge lan,niguran,nyghran,Нигран,Нігран,نيغران,ニグラン,尼格兰",42.14153,-8.80656,P,PPLA3,58,PO,36035,,36,18021
3115469,Nieva de Cameros,Nieva de Cameros,Nieva de Cameros,42.21835,-2.667,P,PPLA3,27,LO,26107,,26,156
3115473,Nieva,Nieva,Nieva,41.08191,-4.42501,P,PPLA3,55,SG,40148,,40,349
3115485,Nestares,Nestares,Nestares,42.27014,-2.61993,P,PPLA3,27,LO,26106,,26,0
3115492,Nepas,Nepas,Nepas,41.52639,-2.39866,P,PPLA3,55,SO,42130,,42,82
3115505,Neila de San Miguel,Neila de San Miguel,Neila de San Miguel,40.42372,-5.6509,P,PPLA3,55,AV,05171,,05,99
3115508,Neila,Neila,"Neila,Nejla,nayla,nei la,Нейла,نايلا,内拉",42.06016,-2.99691,P,PPLA3,55,BU,09232,,09,249
3115519,Negrilla de Palencia,Negrilla de Palencia,Negrilla de Palencia,41.09185,-5.59165,P,PPLA3,55,SA,37222,,37,118
3115524,Negredo,Negredo,Negredo,41.02737,-2.85878,P,PPLA3,54,GU,19198,,19,21
3115539,Nebreda,Nebreda,Nebreda,41.96881,-3.6343,P,PPLA3,55,BU,09231,,09,92
3115543,Nazar,Nazar,,42.63686,-2.27966,P,PPLA3,32,NA,31182,,31,57
3115547,Navianos de Valverde,Navianos de Valverde,Navianos de Valverde,41.95319,-5.81781,P,PPLA3,55,ZA,49137,,49,254
3115550,Navia de Suarna,Navia de Suarna,Navia de Suarna,42.96667,-7,P,PPLA3,58,LU,27034,,27,1669
3115553,Navia,Navia,Navia,43.53544,-6.71935,P,PPLA3,34,O,33041,,33,9006
3115575,Navatejares,Navatejares,Navatejares,40.33602,-5.5322,P,PPLA3,55,AV,05170,,05,81
3115576,Navatalgordo,Navatalgordo,Navatalgordo,40.4152,-4.87155,P,PPLA3,55,AV,05169,,05,302
3115577,Navata,Navata,Navata,42.22353,2.8611,P,PPLA3,56,GI,17111,,17,857
3115580,Navasfrías,Navasfrias,"Navasfrias,Navasfrías",40.29679,-6.81975,P,PPLA3,55,SA,37221,,37,623
3115584,Navas de Oro,Navas de Oro,Navas de Oro,41.19627,-4.43754,P,PPLA3,55,SG,40145,,40,1435
3115585,Navas del Rey,Navas del Rey,Navas del Rey,40.3861,-4.25117,P,PPLA3,29,M,28099,,28,2342
3115588,Navas de Bureba,Navas de Bureba,Navas de Bureba,42.6809,-3.32698,P,PPLA3,55,BU,09230,,09,45
3115589,Navascués,Navascues,"Navascues,Navascués",42.71758,-1.11744,P,PPLA3,32,NA,31181,,31,198
3115598,Navarrevisca,Navarrevisca,Navarrevisca,40.36417,-4.89352,P,PPLA3,55,AV,05167,,05,411
3115602,Navarrete,Navarrete,,42.43068,-2.56466,P,PPLA3,27,LO,26105,,26,0
3115604,Navarredondilla,Navarredondilla,Navarredondilla,40.45416,-4.82199,P,PPLA3,55,AV,05166,,05,0
3115607,Navarredonda de la Rinconada,Navarredonda de la Rinconada,Navarredonda de la Rinconada,40.60657,-6.01169,P,PPLA3,55,SA,37219,,37,269
3115611,Navaridas,Navaridas,"Nabaridas,Navaridas",42.54566,-2.6265,P,PPLA3,59,VI,01041,,01,207
3115612,Navares de las Cuevas,Navares de las Cuevas,Navares de las Cuevas,41.41431,-3.75076,P,PPLA3,55,SG,40144,,40,29
3115613,Navares de Enmedio,Navares de Enmedio,Navares de Enmedio,41.38096,-3.72283,P,PPLA3,55,SG,40143,,40,129
3115614,Navares de Ayuso,Navares de Ayuso,Navares de Ayuso,41.37447,-3.70745,P,PPLA3,55,SG,40142,,40,71
3115615,Navardún,Navardun,"Navardun,Navardún",42.51255,-1.14822,P,PPLA3,52,Z,50186,,50,54
3115617,Navaquesera,Navaquesera,Navaquesera,40.42558,-4.91108,P,PPLA3,55,AV,05164,,05,47
3115624,Navamorcuende,Navamorcuende,Navamorcuende,40.15659,-4.78625,P,PPLA3,54,TO,45114,,45,702
3115625,Navamorales,Navamorales,Navamorales,40.47618,-5.47893,P,PPLA3,55,SA,37218,,37,127
3115629,Navaluenga,Navaluenga,Navaluenga,40.41123,-4.70897,P,PPLA3,55,AV,05163,,05,2118
3115633,Navalperal de Tormes,Navalperal de Tormes,Navalperal de Tormes,40.3528,-5.30084,P,PPLA3,55,AV,05162,,05,134
3115634,Navalperal de Pinares,Navalperal de Pinares,"Navalperal,Navalperal de Pinares",40.59398,-4.41149,P,PPLA3,55,AV,05161,,05,1174
3115635,Navalosa,Navalosa,"Navalesa,Navalosa,Navalosal",40.40212,-4.92999,P,PPLA3,55,AV,05160,,05,405
3115640,Navalmoral de Béjar,Navalmoral de Bejar,"Navalmoral de Bejar,Navalmoral de Béjar",40.42264,-5.7831,P,PPLA3,55,SA,37217,,37,63
3115641,Navalmoral,Navalmoral,"Naval'moral',Navalmoral,na wa er mo la er,nabalmral,nafalmwral,Навалморал,Навальмораль,نابالمرال,نافالمورال,纳瓦尔莫拉尔",40.46028,-4.76859,P,PPLA3,55,AV,05158,,05,491
3115642,Navalmanzano,Navalmanzano,Navalmanzano,41.21594,-4.25631,P,PPLA3,55,SG,40141,,40,1179
3115650,Navalilla,Navalilla,Navalilla,41.34146,-3.93211,P,PPLA3,55,SG,40140,,40,137
3115656,Navales,Navales,Navales,40.78857,-5.47863,P,PPLA3,55,SA,37216,,37,358
3115657,Navaleno,Navaleno,"Navaleno,na wa lai nuo,nawalnw,Навалено,ناوالنو,纳瓦莱诺",41.8383,-3.00418,P,PPLA3,55,SO,42129,,42,997
3115659,Navalcarnero,Navalcarnero,"Naval'karnero,Navalcarnero,Navalkarnero,na wa er ka er nei luo,nabalkarnyrw,Навалькарнеро,نابالكارنيرو,纳瓦尔卡尔内罗",40.28908,-4.01197,P,PPLA3,29,M,28096,,28,21584
3115660,Navalcán,Navalcan,"Navalacan,Navalcan,Navalcán",40.06667,-5.08333,P,PPLA3,54,TO,45110,,45,2227
3115665,Navalagamella,Navalagamella,Navalagamella,40.46894,-4.12334,P,PPLA3,29,M,28095,,28,1700
3115666,Navalafuente,Navalafuente,Navalafuente,40.82063,-3.67266,P,PPLA3,29,M,28094,,28,765
3115667,Navalacruz,Navalacruz,Navalacruz,40.43993,-4.93122,P,PPLA3,55,AV,05157,,05,271
3115668,Naval,Naval,"Nabal,Naval",42.19503,0.15183,P,PPLA3,52,HU,22160,,22,295
3115669,Navajún,Navajun,,41.96667,-2.1,P,PPLA3,27,LO,26104,,26,18
3115673,Navahondilla,Navahondilla,Navahondilla,40.3251,-4.49661,P,PPLA3,55,AV,05156,,05,211
3115684,Navafría,Navafria,"Navafria,Navafría",41.05514,-3.82478,P,PPLA3,55,SG,40139,,40,345
3115685,Navaescurial,Navaescurial,Navaescurial,40.47163,-5.27756,P,PPLA3,55,AV,05155,,05,73
3115686,Navadijos,Navadijos,Navadijos,40.42524,-5.08285,P,PPLA3,55,AV,05154,,05,57
3115687,Nava de Sotrobal,Nava de Sotrobal,Nava de Sotrobal,40.89039,-5.28562,P,PPLA3,55,SA,37215,,37,197
3115689,Nava de Roa,Nava de Roa,"Nava Cega,Nava de Roa",41.61326,-3.96442,P,PPLA3,55,BU,09229,,09,240
3115691,Nava del Rey,Nava del Rey,Nava del Rey,41.33036,-5.08095,P,PPLA3,55,VA,47101,,47,2110
3115695,Nava del Barco,Nava del Barco,Nava del Barco,40.29321,-5.54022,P,PPLA3,55,AV,05153,,05,136
3115696,Nava de la Asunción,Nava de la Asuncion,"Nava de la Asuncion,Nava de la Asunción",41.15586,-4.48751,P,PPLA3,55,SG,40138,,40,2662
3115697,Nava de Francia,Nava de Francia,Nava de Francia,40.53572,-6.11628,P,PPLA3,55,SA,37214,,37,149
3115698,Nava de Béjar,Nava de Bejar,"Nava de Bejar,Nava de Béjar",40.47518,-5.67856,P,PPLA3,55,SA,37213,,37,111
3115699,Nava de Arévalo,Nava de Arevalo,"Nava de Arevalo,Nava de Arévalo",40.97803,-4.77573,P,PPLA3,55,AV,05152,,05,934
3115700,Navaconcejo,Navaconcejo,Navaconcejo,40.17712,-5.83108,P,PPLA3,57,CC,10130,,10,2121
3115704,Navacerrada,Navacerrada,,40.72905,-4.01696,P,PPLA3,29,M,28093,,28,2402
3115705,Navacepedilla de Corneja,Navacepedilla de Corneja,Navacepedilla de Corneja,40.48602,-5.1838,P,PPLA3,55,AV,05151,,05,155
3115707,Navacarros,Navacarros,Navacarros,40.39776,-5.71425,P,PPLA3,55,SA,37212,,37,143
3115722,Nava,Nava,Nava,43.3581,-5.51064,P,PPLA3,34,O,33040,,33,0
3115730,Narros de Saldueña,Narros de Salduena,"Narros de Salduena,Narros de Saldueña",40.87268,-4.86909,P,PPLA3,55,AV,05149,,05,142
3115731,Narros de Matalayegua,Narros de Matalayegua,Narros de Matalayegua,40.6988,-5.92658,P,PPLA3,55,SA,37211,,37,260
3115732,Narros del Puerto,Narros del Puerto,Narros del Puerto,40.54131,-4.99291,P,PPLA3,55,AV,05148,,05,43
3115733,Narros del Castillo,Narros del Castillo,Narros del Castillo,40.85869,-5.0601,P,PPLA3,55,AV,05147,,05,208
3115735,Narros,Narros,Narros,41.84923,-2.29474,P,PPLA3,55,SO,42128,,42,52
3115737,Narrillos del Rebollar,Narrillos del Rebollar,Narrillos del Rebollar,40.66488,-4.96577,P,PPLA3,55,AV,05145,,05,65
3115738,Narrillos del Álamo,Narrillos del Alamo,"Narrillos del Alamo,Narrillos del Álamo",40.56673,-5.46584,P,PPLA3,55,AV,05144,,05,136
3115739,Narón,Naron,"Naron,Narón,San Julian,San Julian de Naron,Нарон",43.50175,-8.19082,P,PPLA3,58,C,15054,,15,37712
3115775,Nalec,Nalec,"Nalec,Nalech",41.55,1.11667,P,PPLA3,56,L,25145,,25,0
3115776,Nalda,Nalda,"Nal'da,Nalda,na er da,Нальда,Նալդա,纳尔达",42.33467,-2.4871,P,PPLA3,27,LO,26103,,26,960
3115780,Nájera,Najera,"Nachera,Naiara,Naiera,Najera,Nakhera,Nájera,na he la,nahera,najrt,nʼhrh,Нáхера,Нахера,נאחרה,ناجرة,ナヘラ,纳赫拉",42.41822,-2.72865,P,PPLA3,27,LO,26102,,26,7789
3115787,Nafría de Ucero,Nafria de Ucero,"Nafria de Ucero,Nafria-de-Usero,Nafrija-de-Usero,Nafriá de Ucero,Nafría de Ucero,na fu li ya de wu sai luo,Нафриа-де-Усеро,Нафрія-де-Усеро,纳夫里亚德乌塞罗",41.72273,-3.09499,P,PPLA3,55,SO,42127,,42,79
3115798,Mutiloa,Mutiloa,Mutiloa,43.02288,-2.27257,P,PPLA3,59,SS,20057,,20,154
3115812,Muruzábal,Muruzabal,,42.69051,-1.76931,P,PPLA3,32,NA,31180,,31,304
3115824,Muros,Muros,"Aebura,Ebora,Muros",42.77617,-9.06032,P,PPLA3,58,C,15053,,15,9999
3115826,Muro en Cameros,Muro en Cameros,Muro en Cameros,42.22509,-2.53038,P,PPLA3,27,LO,26101,,26,34
3115829,Muro de Aguas,Muro de Aguas,"Muro de Aguas,Muro de Ambas Aguas,Muro-de-Aguas,Muro-de-Agvas,mu luo de ya gua si,Муро-де-Агвас,Муро-де-Агуас,Մուրո դե Ագուաս,穆罗德亚瓜斯",42.13364,-2.11175,P,PPLA3,27,LO,26100,,26,59
3115835,Murillo el Fruto,Murillo el Fruto,Murillo el Fruto,42.39272,-1.46034,P,PPLA3,32,NA,31179,,31,747
3115837,Murillo de Río Leza,Murillo de Rio Leza,"Muriello de Rio Leza,Muriello de Río Leza,Muril'jo-de-Rio-Lesa,Muril'o-de-Rio-Lesa,Murilio de Rio Lesa,Murillo,lai sa he pan mu li e,Мурильо-де-Рио-Леса,Мурільйо-де-Ріо-Леса,Մուրիլիո դե Ռիո Լեսա,莱萨河畔穆里略",42.40099,-2.32464,P,PPLA3,27,LO,26099,,26,1231
3115845,Murieta,Murieta,,42.65618,-2.15452,P,PPLA3,32,NA,31177,,31,272
3115847,Muriel Viejo,Muriel Viejo,"Mur'el'-V'ekho,Murel'-Vekho,Muriel Viejo,mu lie er wei ye huo,Мурьель-Вьехо,Мурєль-Вєхо,穆列尔维耶霍",41.78261,-2.91522,P,PPLA3,55,SO,42125,,42,67
3115853,Muriel de la Fuente,Muriel de la Fuente,"Mur'el'-de-la-Fuehnte,Murel'-de-la-Fuente,Muriel de la Fuente,mu lie er de la feng te,Мурьель-де-ла-Фуэнте,Мурєль-де-ла-Фуенте,穆列尔德拉丰特",41.7232,-2.86,P,PPLA3,55,SO,42124,,42,97
3115860,Murias de Paredes,Murias de Paredes,"Murias de Paredes,Murias-de-Paredes,mu li ya si de pa lei de si,Муриас-де-Паредес,Муріас-де-Паредес,穆里亚斯德帕雷德斯",42.85027,-6.19164,P,PPLA3,55,LE,24101,,24,568
3115876,Murero,Murero,Murero,41.15967,-1.48275,P,PPLA3,52,Z,50184,,50,139
3115878,Murchante,Murchante,Murchante,42.03185,-1.65582,P,PPLA3,32,NA,31176,,31,3320
3115879,Muras,Muras,Muras,43.46685,-7.72383,P,PPLA3,58,LU,27033,,27,943
3115881,Mura,Mura,Mura,41.69943,1.97612,P,PPLA3,56,B,08139,,08,204
3115886,Muñoveros,Munoveros,"Munoveros,Muñoveros",41.17234,-3.95161,P,PPLA3,55,SG,40136,,40,196
3115887,Muñotello,Munotello,"Munotello,Muñotello",40.54236,-5.04187,P,PPLA3,55,AV,05143,,05,106
3115888,Muñosancho,Munosancho,"Munosancho,Muñosancho",40.92097,-5.03559,P,PPLA3,55,AV,05142,,05,140
3115890,Muñopepe,Munopepe,"Munopepe,Muñopepe",40.63408,-4.81876,P,PPLA3,55,AV,05141,,05,102
3115891,Muñopedro,Munopedro,"Munopedro,Muñopedro",40.88804,-4.47213,P,PPLA3,55,SG,40135,,40,381
3115894,Muñomer del Peco,Munomer del Peco,"Munomer del Peco,Muñomer del Peco",40.85878,-4.87992,P,PPLA3,55,AV,05140,,05,121
3115895,Muñogrande,Munogrande,"Munegrande,Munogrande,Muñogrande",40.82181,-4.92223,P,PPLA3,55,AV,05139,,05,93
3115896,Muñogalindo,Munogalindo,"Munogalindo,Muñogalindo",40.60324,-4.89895,P,PPLA3,55,AV,05138,,05,435
3115900,Munilla,Munilla,"Muniella,Munil'ja,Munilia,Munilla,mu ni li ya,Мунилья,Мунілья,Մունիլիա,穆尼利亚",42.189,-2.29506,P,PPLA3,27,LO,26098,,26,124
3115902,Muniesa,Muniesa,Muniesa,41.03308,-0.81141,P,PPLA3,52,TE,44161,,44,719
3115904,Muñico,Munico,"Munico,Muñico",40.70678,-5.02717,P,PPLA3,55,AV,05136,,05,126
3115907,Mungia,Mungia,"Mungia,Munguia,Munguía",43.35461,-2.84524,P,PPLA3,59,BI,48069,,48,16209
3115913,Munébrega,Munebrega,"Munebrega,Munébrega",41.25203,-1.70557,P,PPLA3,52,Z,50183,,50,436
3115916,Mundaka,Mundaka,"Mundaca,Mundaka",43.40804,-2.69852,P,PPLA3,59,BI,48068,,48,1893
3115921,Muñana,Munana,"Munana,Muñana",40.59042,-5.01447,P,PPLA3,55,AV,05135,,05,530
3115943,Mugardos,Mugardos,"Mugardos,mu jia er duo si,mugarudosu,mwgardws,mwghradws,Мугардос,Մուգարդոս,موغرادوس,موگاردوس,ムガルドス,穆加尔多斯",43.4604,-8.25507,P,PPLA3,58,C,15051,,15,5514
3115945,Muga de Sayago,Muga de Sayago,Muga de Sayago,41.38779,-6.19777,P,PPLA3,55,ZA,49136,,49,460
3115956,Muelas de los Caballeros,Muelas de los Caballeros,Muelas de los Caballeros,42.12843,-6.33719,P,PPLA3,55,ZA,49134,,49,247
3115958,Muel,Muel,"Muehl',Muel,Muel',mu ai er,mwyl,Муель,Муэль,مويل,穆埃尔",41.46633,-1.08503,P,PPLA3,52,Z,50181,,50,1149
3115961,Muduex,Muduex,Muduex,40.8293,-2.95899,P,PPLA3,54,GU,19196,,19,129
3115965,Mudá,Muda,"Muda,Mudá",42.8753,-4.39426,P,PPLA3,55,P,34110,,34,100
3115966,Mucientes,Mucientes,Mucientes,41.74278,-4.76191,P,PPLA3,55,VA,47098,,47,639
3115968,Mozota,Mozota,Mozota,41.4841,-1.06807,P,PPLA3,52,Z,50180,,50,122
3115973,Mozoncillo,Mozoncillo,Mozoncillo,41.14539,-4.18753,P,PPLA3,55,SG,40134,,40,997
3115977,Mozárbez,Mozarbez,"Mozarbez,Mozarvez,Mozárbez,Mozárvez",40.85652,-5.65144,P,PPLA3,55,SA,37209,,37,400
3115982,Moyuela,Moyuela,"Moyoela,Moyuela",41.12792,-0.92225,P,PPLA3,52,Z,50179,,50,310
3116018,Mutriku,Mutriku,"Motrico,Mutriku",43.30643,-2.38517,P,PPLA3,59,SS,20056,,20,4736
3116021,Mota del Marqués,Mota del Marques,"Mota del Marques,Mota del Marqués",41.63247,-5.17681,P,PPLA3,55,VA,47097,,47,412
3116025,Móstoles,Mostoles,"Monsteles,Mostales,Mostoles,Mostolesas,Mostolo,mo si tuo lai si,moseutolleseu,mosutoresu,mwstwls,mwstwlys,Мосталес,Мостолес,מוסטולס,موستولس,موستوليس,მოსტოლესი,モストレス,莫斯托莱斯,모스톨레스",40.32234,-3.86496,P,PPLA3,29,M,28092,,28,207095
3116045,Mosqueruela,Mosqueruela,"Mosqueroles,Mosqueruela,Mosqueruelas",40.36133,-0.4489,P,PPLA3,52,TE,44160,,44,730
3116054,Moscardón,Moscardon,"Moscardon,Moscardón",40.33295,-1.53683,P,PPLA3,52,TE,44159,,44,49
3116076,Moros,Moros,Moros,41.39775,-1.82839,P,PPLA3,52,Z,50178,,50,525
3116077,Moronta,Moronta,Moronta,40.97688,-6.43103,P,PPLA3,55,SA,37208,,37,114
3116078,Morón de Almazán,Moron de Almazan,"Moron,Moron de Almazan,Moron-de-Al'masan,Morón de Almazán,mo long de ya er ma sang,Морон-де-Альмасан,莫龙德亚尔马桑",41.41361,-2.41317,P,PPLA3,55,SO,42123,,42,246
3116091,Moriscos,Moriscos,Moriscos,41.00818,-5.58184,P,PPLA3,55,SA,37207,,37,119
3116098,Morille,Morille,Morille,40.80693,-5.69833,P,PPLA3,55,SA,37205,,37,240
3116112,Morés,Mores,"Mores,Morés",41.47326,-1.56491,P,PPLA3,52,Z,50177,,50,413
3116113,Moreruela de Tábara,Moreruela de Tabara,"Moreruela de Tabara,Moreruela de Tábara",41.79588,-5.86849,P,PPLA3,55,ZA,49133,,49,472
3116114,Moreruela de los Infanzones,Moreruela de los Infanzones,Moreruela de los Infanzones,41.63118,-5.70614,P,PPLA3,55,ZA,49132,,49,420
3116116,Morentin,Morentin,,42.61286,-2.01393,P,PPLA3,32,NA,31174,,31,175
3116120,Morenilla,Morenilla,Morenilla,40.78687,-1.70717,P,PPLA3,54,GU,19195,,19,51
3116121,Morella,Morella,Morella,40.61966,-0.09892,P,PPLA3,60,CS,12080,,12,2797
3116136,Moreda Araba / Moreda de Álava,Moreda de Alava,"Moreda Araba,Moreda de Alava,Moreda de Álava,Moreta",42.52571,-2.40828,P,PPLA3,59,VI,01039,,01,275
3116146,Morcillo,Morcillo,Morcillo,40.01884,-6.39746,P,PPLA3,57,CC,10129,,10,425
3116152,Moratinos,Moratinos,,42.36191,-4.92831,P,PPLA3,55,P,34109,,34,76
3116153,Moratilla de los Meleros,Moratilla de los Meleros,Moratilla de los Meleros,40.50182,-2.94276,P,PPLA3,54,GU,19194,,19,101
3116157,Morata de Tajuña,Morata de Tajuna,"Morata,Morata de Tajuna,Morata de Tajuña",40.2268,-3.43269,P,PPLA3,29,M,28091,,28,6159
3116158,Morata de Jiloca,Morata de Jiloca,Morata de Jiloca,41.24797,-1.58665,P,PPLA3,52,Z,50176,,50,296
3116159,Morata de Jalón,Morata de Jalon,"Morata de Jalon,Morata de Jalón",41.47348,-1.47628,P,PPLA3,52,Z,50175,,50,1365
3116161,Morasverdes,Morasverdes,Morasverdes,40.60019,-6.27503,P,PPLA3,55,SA,37204,,37,380
3116175,Moralzarzal,Moralzarzal,,40.67816,-3.9707,P,PPLA3,29,M,28090,,28,11582
3116176,Moralina,Moralina,Moralina,41.49001,-6.1367,P,PPLA3,55,ZA,49131,,49,342
3116177,Morales de Valverde,Morales de Valverde,Morales de Valverde,41.93643,-5.89255,P,PPLA3,55,ZA,49130,,49,266
3116178,Morales de Toro,Morales de Toro,Morales de Toro,41.53737,-5.30642,P,PPLA3,55,ZA,49129,,49,1094
3116179,Morales del Vino,Morales del Vino,"Morales del Vino,Morales-del'-Vino,mo la lai si de er wei nuo,Моралес-дель-Вино,Моралес-дель-Віно,莫拉莱斯德尔维诺",41.44736,-5.7307,P,PPLA3,55,ZA,49127,,49,2160
3116182,Morales de Campos,Morales de Campos,Morales de Campos,41.86068,-5.17252,P,PPLA3,55,VA,47096,,47,172
3116187,Moraleja de Sayago,Moraleja de Sayago,Moraleja de Sayago,41.16916,-6.00369,P,PPLA3,55,ZA,49126,,49,288
3116188,Moraleja de Matacabras,Moraleja de Matacabras,Moraleja de Matacabras,41.10732,-4.95717,P,PPLA3,55,AV,05134,,05,63
3116189,Moraleja del Vino,Moraleja del Vino,Moraleja del Vino,41.46385,-5.65631,P,PPLA3,55,ZA,49125,,49,1330
3116190,Moraleja de las Panaderas,Moraleja de las Panaderas,Moraleja de las Panaderas,41.27636,-4.82521,P,PPLA3,55,VA,47095,,47,34
3116191,Moraleja de Enmedio,Moraleja de Enmedio,,40.26125,-3.85963,P,PPLA3,29,M,28089,,28,5506
3116198,Moraleja,Moraleja,Moraleja,40.06682,-6.65983,P,PPLA3,57,CC,10128,,10,7995
3116200,Moral de Sayago,Moral de Sayago,Moral de Sayago,41.47019,-6.1006,P,PPLA3,55,ZA,49124,,49,341
3116203,Moral de la Reina,Moral de la Reina,"Moral de la Paz,Moral de la Reina",41.98611,-5.07208,P,PPLA3,55,VA,47094,,47,267
3116213,Moradillo de Roa,Moradillo de Roa,Moradillo de Roa,41.55164,-3.79118,P,PPLA3,55,BU,09228,,09,211
3116215,Mora de Rubielos,Mora de Rubielos,Mora de Rubielos,40.2502,-0.75249,P,PPLA3,52,TE,44158,,44,1468
3116223,Monzón de Campos,Monzon de Campos,"Monson-de-Kampos,Monzon,Monzon de Campos,Monzón,Monzón de Campos,meng song de kan bo si,Монсон-де-Кампос,蒙松德坎波斯",42.11604,-4.49283,P,PPLA3,55,P,34108,,34,685
3116224,Monzón,Monzon,"Montso,Montsó,Monzon,Monzón",41.91084,0.19406,P,PPLA3,52,HU,22158,,22,17042
3116247,Mont-ral,Mont-ral,"Mont-ral,Montreal",41.28333,1.1,P,PPLA3,56,T,43091,,43,0
3116262,Montornès del Vallès,Montornes del Valles,"Montornes del Valles,Montornès del Vallès",41.54206,2.26748,P,PPLA3,56,B,08136,,08,15509
3116264,Montorio,Montorio,,42.58469,-3.77724,P,PPLA3,55,BU,09227,,09,177
3116268,Montón,Monton,,41.20667,-1.5155,P,PPLA3,52,Z,50174,,50,155
3116293,Montferri,Montferri,Montferri,41.26545,1.36517,P,PPLA3,56,T,43089,,43,239
3116299,Montesquiu,Montesquiu,"Montesquiu,Montesquíu",42.11667,2.21667,P,PPLA3,56,B,08131,08272,08,0
3116307,Montesclaros,Montesclaros,Montesclaros,40.10646,-4.93849,P,PPLA3,54,TO,45105,,45,427
3116313,Monterrubio de la Sierra,Monterrubio de la Sierra,Monterrubio de la Sierra,40.75592,-5.69329,P,PPLA3,55,SA,37203,,37,151
3116315,Monterrubio de Armuña,Monterrubio de Armuna,"Monterrubio de Armuna,Monterrubio de Armuña",41.02651,-5.64389,P,PPLA3,55,SA,37202,,37,673
3116317,Monterrubio,Monterrubio,Monterrubio,40.84914,-4.35001,P,PPLA3,55,SG,40131,,40,87
3116318,Monterroso,Monterroso,"Monterroso,meng te luo suo,monteroso,Монтерросо,モンテローソ,蒙特罗索",42.7925,-7.83425,P,PPLA3,58,LU,27032,,27,4238
3116325,Monterde de Albarracín,Monterde de Albarracin,"Monterde,Monterde de Albarracin,Monterde de Albarracín",40.49708,-1.49216,P,PPLA3,52,TE,44157,,44,57
3116327,Monterde,Monterde,Monterde,41.17434,-1.73505,P,PPLA3,52,Z,50173,,50,235
3116329,Montenegro de Cameros,Montenegro de Cameros,"Montenegro,Montenegro de Cameras,Montenegro de Cameros",42.08924,-2.75406,P,PPLA3,55,SO,42121,,42,97
3116334,Montemayor de Pililla,Montemayor de Pililla,Montemayor de Pililla,41.50874,-4.45745,P,PPLA3,55,VA,47093,,47,1042
3116335,Montemayor del Río,Montemayor del Rio,"Montemayor,Montemayor del Rio,Montemayor del Río",40.34836,-5.89427,P,PPLA3,55,SA,37201,,37,334
3116342,Montejo de Tiermes,Montejo de Tiermes,"Montejo de Liceras,Montejo de Tiermes,Montekho-de-T'ermes,meng te huo de tie er mei si,Монтехо-де-Тьермес,Монтехо-де-Тьєрмес,蒙特霍德铁尔梅斯",41.36838,-3.20016,P,PPLA3,55,SO,42120,,42,250
3116344,Montejo de la Vega de la Serrezuela,Montejo de la Vega de la Serrezuela,"Montejo de la Vega,Montejo de la Vega de la Serrezuela",41.55032,-3.65406,P,PPLA3,55,SG,40130,,40,183
3116345,Montejo de la Sierra,Montejo de la Sierra,Montejo de la Sierra,41.05955,-3.52993,P,PPLA3,29,M,28088,,28,0
3116348,Montejo de Arévalo,Montejo de Arevalo,"Montejo de Arevalo,Montejo de Arévalo",41.14027,-4.66414,P,PPLA3,55,SG,40129,,40,258
3116349,Montejo,Montejo,Montejo,40.63246,-5.62287,P,PPLA3,55,SA,37200,,37,221
3116351,Montehermoso,Montehermoso,"Monteermoso,Montehermosa,Montehermoso,Montelmosou,Montelmosu,meng te ai er mo suo,mnthrmsw,monteerumoso,mwntyhyrmwsw,Μοντελμόσου,Монтеермосо,منتهرمسو,مونتيهيرموسو,ሞንቴርሞሶ,モンテエルモーソ,蒙特埃尔莫索",40.08796,-6.34984,P,PPLA3,57,CC,10127,,10,5693
3116359,Montederramo,Montederramo,Montederramo,42.27554,-7.50138,P,PPLA3,58,OR,32049,,32,722
3116377,Monteagudo del Castillo,Monteagudo del Castillo,Monteagudo del Castillo,40.45656,-0.81781,P,PPLA3,52,TE,44156,,44,69
3116378,Monteagudo de las Vicarías,Monteagudo de las Vicarias,"Monteagudo,Monteagudo de las Vicarias,Monteagudo de las Vicarías,Monteagudo-de-las-Vikarias,meng te ya gu duo de la si wei ka li ya si,Монтеагудо-де-лас-Викариас,Монтеагудо-де-лас-Вікаріас,蒙特亚古多德拉斯维卡里亚斯",41.36485,-2.1696,P,PPLA3,55,SO,42119,,42,262
3116383,Monteagudo,Monteagudo,,41.96667,-1.68333,P,PPLA3,32,NA,31173,,31,0
3116411,Montblanc,Montblanc,"Monblan,Montblanc,Montblanch,Монблан",41.37636,1.16163,P,PPLA3,56,T,43086,,43,6632
3116415,Montarrón,Montarron,"Montarron,Montarrón",40.90675,-3.11495,P,PPLA3,54,GU,19193,,19,41
3116421,Muntanyola,Muntanyola,Muntanyola,41.88333,2.18333,P,PPLA3,56,B,08129,,08,0
3116425,Montanejos,Montanejos,Montanejos,40.06667,-0.51667,P,PPLA3,60,CS,12079,,12,499
3116435,Montán,Montan,"Montan,Montant,Montán",40.03333,-0.55,P,PPLA3,60,CS,12078,,12,332
3116436,Montamarta,Montamarta,Montamarta,41.64724,-5.80402,P,PPLA3,55,ZA,49123,,49,608
3116441,Montalbán,Montalban,"Montalban,Montalbán",40.83278,-0.80178,P,PPLA3,52,TE,44155,,44,1472
3116449,Monsalupe,Monsalupe,Monsalupe,40.76953,-4.78131,P,PPLA3,55,AV,05133,,05,69
3116450,Monsagro,Monsagro,Monsagro,40.50343,-6.2711,P,PPLA3,55,SA,37199,,37,189
3116452,Monroyo,Monroyo,Monroyo,40.78775,-0.0355,P,PPLA3,52,TE,44154,,44,316
3116454,Monreal del Campo,Monreal del Campo,Monreal del Campo,40.788,-1.35541,P,PPLA3,52,TE,44153,,44,2383
3116455,Monreal de Ariza,Monreal de Ariza,Monreal de Ariza,41.29165,-2.10493,P,PPLA3,52,Z,50172,,50,248
3116456,Monreal,Monreal,"Elo,Monreal,Monreal',Mont-reyal,meng lei ya er,Монреаль,蒙雷亚尔",42.70421,-1.50785,P,PPLA3,32,NA,31172,,31,369
3116460,Monleras,Monleras,Monleras,41.18704,-6.22622,P,PPLA3,55,SA,37198,,37,267
3116462,Monleón,Monleon,"Monleon,Monleón",40.58192,-5.84312,P,PPLA3,55,SA,37197,,37,119
3116474,Montgat,Montgat,Montgat,41.46859,2.28001,P,PPLA3,56,B,08126,,08,10270
3116477,Monforte de Moyuela,Monforte de Moyuela,Monforte de Moyuela,41.05512,-1.01411,P,PPLA3,52,TE,44152,,44,76
3116478,Monforte de Lemos,Monforte de Lemos,"Monforte,Monforte de Lemos,Monforte-de-Lemos,meng fu er te de lai mo si,Монфорте-де-Лемос,モンフォルテ・デ・レモス,蒙福尔特德莱莫斯",42.52165,-7.51422,P,PPLA3,58,LU,27031,,27,19546
3116479,Monforte de la Sierra,Monforte de la Sierra,Monforte de la Sierra,40.48264,-6.05671,P,PPLA3,55,SA,37196,,37,91
3116484,Monfarracinos,Monfarracinos,Monfarracinos,41.55468,-5.70795,P,PPLA3,55,ZA,49122,,49,782
3116486,Moneva,Moneva,Moneva,41.12817,-0.83591,P,PPLA3,52,Z,50171,,50,115
3116498,Monegrillo,Monegrillo,Monegrillo,41.63856,-0.4157,P,PPLA3,52,Z,50170,,50,516
3116510,Mondéjar,Mondejar,"Mondejar,Mondéjar",40.32095,-3.10686,P,PPLA3,54,GU,19192,,19,2621
3116513,Mondariz-Balneario,Mondariz-Balneario,,42.22686,-8.46728,P,PPLA3,58,PO,36031,,36,712
3116514,Mondariz,Mondariz,Mondariz,42.2311,-8.45839,P,PPLA3,58,PO,36030,,36,5259
3116525,Moncalvillo,Moncalvillo,Moncalvillo,41.95413,-3.19886,P,PPLA3,55,BU,09225,,09,104
3116529,Monasterio de Vega,Monasterio de Vega,Monasterio de Vega,42.23015,-5.18095,P,PPLA3,55,VA,47091,,47,109
3116530,Monasterio de Rodilla,Monasterio de Rodilla,"Monasterio,Monasterio de Rodilla",42.45775,-3.46965,P,PPLA3,55,BU,09224,,09,219
3116532,Monasterio de la Sierra,Monasterio de la Sierra,Monasterio de la Sierra,42.0518,-3.19314,P,PPLA3,55,BU,09223,,09,46
3116535,Monasterio,Monasterio,,40.98547,-3.09711,P,PPLA3,54,GU,19191,,19,27
3116542,Mombuey,Mombuey,Mombuey,42.02283,-6.33027,P,PPLA3,55,ZA,49121,,49,415
3116543,Momblona,Momblona,Momblona,41.4442,-2.3466,P,PPLA3,55,SO,42118,,42,36
3116552,Mollet de Peralada,Mollet de Peralada,"Mollet,Mollet de Peralada",42.35959,3.00034,P,PPLA3,56,GI,17106,,17,174
3116554,Mollerussa,Mollerussa,"Mollerusa,Mollerussa,Morellusa",41.63333,0.9,P,PPLA3,56,L,25137,,25,14319
3116556,Molledo,Molledo,Molledo,43.14974,-4.04239,P,PPLA3,39,S,39046,,39,1858
3116566,Molinos de Duero,Molinos de Duero,Molinos de Duero,41.88603,-2.78682,P,PPLA3,55,SO,42117,,42,186
3116577,Molinos,Molinos,Molinos,40.821,-0.45017,P,PPLA3,52,TE,44151,,44,319
3116586,Molinillo,Molinillo,Molinillo,40.46898,-5.94493,P,PPLA3,55,SA,37195,,37,67
3116589,Molinaseca,Molinaseca,"Molinaseca,Molinaseka,mo li na sai ka,morinaseka,Молинасека,Молінасека,モリーナセカ,莫利纳塞卡",42.53829,-6.51997,P,PPLA3,55,LE,24100,,24,735
3116595,Molina de Aragón,Molina de Aragon,"Molina,Molina d'Aragon,Molina dAragon,Molina dAragón,Molina de Aragao,Molina de Aragon,Molina de Aragão,Molina de Aragón,Molina-de-Aragon,Molino de Aragon,Molino de Aragón,mo li na de ya la gong,Молина-де-Арагон,Моліна-де-Арагон,莫利纳德亚拉贡",40.84358,-1.88762,P,PPLA3,54,GU,19190,,19,3536
3116600,Molezuelas de la Carballeda,Molezuelas de la Carballeda,Molezuelas de la Carballeda,42.08166,-6.18723,P,PPLA3,55,ZA,49120,,49,81
3116610,Molacillos,Molacillos,Molacillos,41.58269,-5.66046,P,PPLA3,55,ZA,49119,,49,290
3116619,Mojados,Mojados,,41.43237,-4.6649,P,PPLA3,55,VA,47090,,47,3054
3116627,Mohernando,Mohernando,Mohernando,40.80129,-3.17234,P,PPLA3,54,GU,19189,,19,155
3116636,Mogarraz,Mogarraz,Mogarraz,40.49264,-6.05327,P,PPLA3,55,SA,37194,,37,0
3116641,Modúbar de la Emparedada,Modubar de la Emparedada,,42.26118,-3.65965,P,PPLA3,55,BU,09221,,09,383
3116649,Mochales,Mochales,Mochales,41.09647,-2.0156,P,PPLA3,54,GU,19188,,19,86
3116653,Moaña,Moana,"Moan'ja,Moana,Moanija,Moaña,San Martin,San Martín,mo a ni ya,moanya,mwanya  bwntyfydra,Моания,Моанья,موانيا، بونتيفيدرا,モアーニャ,莫阿尼亚",42.27807,-8.73921,P,PPLA3,58,PO,36029,,36,19014
3116671,Mironcillo,Mironcillo,Mironcillo,40.55435,-4.82449,P,PPLA3,55,AV,05130,,05,136
3116678,Miravet,Miravet,Miravet,41.0393,0.59665,P,PPLA3,56,T,43084,,43,797
3116679,Miraveche,Miraveche,"Mirabetxe,Miraveche",42.67396,-3.19947,P,PPLA3,55,BU,09220,,09,103
3116688,Miranda del Castañar,Miranda del Castanar,"Miranda del Castanar,Miranda del Castañar",40.48448,-5.99581,P,PPLA3,55,SA,37193,,37,558
3116689,Miranda de Ebro,Miranda de Ebro,"Miranda,Miranda Ebro,Miranda dEbro,Miranda de Ebro,Miranda del Ebro,Miranda-de-Ebro,Miranda-de-Ehbro,ai bu luo he pan mi lan da,milandadeebeulo,myranda dy aybrw,Миранда-де-Эбро,Міранда-де-Ебро,ميراندا دي إيبرو,ሚራንዳ ዴ ኤብሮ,ミランダ・デ・エブロ,埃布罗河畔米兰达,미란다데에브로",42.6865,-2.94695,P,PPLA3,55,BU,09219,,09,39264
3116691,Miranda de Azán,Miranda de Azan,"Miranda de Azan,Miranda de Azán",40.88752,-5.68182,P,PPLA3,55,SA,37192,,37,384
3116692,Miranda de Arga,Miranda de Arga,Miranda de Arga,42.48337,-1.82759,P,PPLA3,32,NA,31171,,31,993
3116699,Mirambel,Mirambel,"Mirambel,Mirambell",40.58733,-0.34266,P,PPLA3,52,TE,44149,,44,132
3116702,Miralrío,Miralrio,"Miralrio,Miralrío",40.88901,-2.9434,P,PPLA3,54,GU,19187,,19,68
3116706,Miralcamp,Miralcamp,Miralcamp,41.60516,0.87987,P,PPLA3,56,L,25135,,25,1307
3116707,Mirafuentes,Mirafuentes,,42.62297,-2.27966,P,PPLA3,32,NA,31170,,31,60
3116708,Miraflores de la Sierra,Miraflores de la Sierra,,40.8155,-3.76213,P,PPLA3,29,M,28085,,28,6990
3116710,Mirabueno,Mirabueno,Mirabueno,40.94479,-2.72438,P,PPLA3,54,GU,19186,,19,106
3116725,Miño de San Esteban,Mino de San Esteban,"Mino de San Esteban,Miño de San Esteban",41.53584,-3.34579,P,PPLA3,55,SO,42116,,42,76
3116729,Miño,Mino,"Mino,Miño,Santa Maria,Santa María",43.35,-8.2,P,PPLA3,58,C,15048,,15,5092
3116736,Mingorría,Mingorria,"Mingorria,Mingorría",40.75192,-4.66583,P,PPLA3,55,AV,05128,,05,465
3116749,Milmarcos,Milmarcos,Milmarcos,41.08622,-1.87652,P,PPLA3,54,GU,19183,,19,116
3116753,Milles de la Polvorosa,Milles de la Polvorosa,Milles de la Polvorosa,41.92339,-5.73309,P,PPLA3,55,ZA,49118,,49,263
3116761,Millana,Millana,Millana,40.50717,-2.57116,P,PPLA3,54,GU,19184,,19,165
3116769,Milagros,Milagros,Milagros,41.575,-3.69907,P,PPLA3,55,BU,09218,,09,494
3116770,Milagro,Milagro,"Milagro,Miraglo,mi la ge luo,Милагро,Мілагро,米拉格罗",42.2416,-1.76588,P,PPLA3,32,NA,31169,,31,3016
3116777,Mijares,Mijares,Mijares,40.29655,-4.83651,P,PPLA3,55,AV,05127,,05,906
3116785,Migueláñez,Miguelanez,"Miguelanez,Migueláñez",41.12155,-4.3641,P,PPLA3,55,SG,40128,,40,171
3116786,Mieza,Mieza,"M'esa,Mesa,Mieza,Mieza de la Ribera,mi ye sa,Мьеса,Мєса,米耶萨",41.16424,-6.69137,P,PPLA3,55,SA,37190,,37,325
3116789,Mieres,Mieres,"M'eres,Mieres,Mieres del Camin,Mieres del Camino,Mieres del Camín,Мьерес",43.25,-5.76667,P,PPLA3,34,O,33037,,33,44070
3116791,Mieres,Mieres,"Mieras,Mieres",42.12247,2.6385,P,PPLA3,56,GI,17105,,17,0
3116794,Miengo,Miengo,Miengo,43.42861,-3.99866,P,PPLA3,39,S,39044,,39,3914
3116797,Miedes de Atienza,Miedes de Atienza,"Miedes,Miedes de Atienza,Miedes de Pela",41.26672,-2.96375,P,PPLA3,54,GU,19181,,19,103
3116799,Micieces de Ojeda,Micieces de Ojeda,Micieces de Ojeda,42.69078,-4.46166,P,PPLA3,55,P,34107,,34,102
3116800,Micereces de Tera,Micereces de Tera,Micereces de Tera,41.98886,-5.87133,P,PPLA3,55,ZA,49117,,49,571
3116802,Mianos,Mianos,,42.58544,-0.95478,P,PPLA3,52,Z,50168,,50,45
3116805,Mezquita de Jarque,Mezquita de Jarque,Mezquita de Jarque,40.721,-0.867,P,PPLA3,52,TE,44148,,44,118
3116811,Mezalocha,Mezalocha,Mezalocha,41.42581,-1.08276,P,PPLA3,52,Z,50167,,50,287
3116812,Metauten,Metauten,,42.67714,-2.13015,P,PPLA3,32,NA,31168,,31,297
3116826,Mesones de Isuela,Mesones de Isuela,Mesones de Isuela,41.55119,-1.53858,P,PPLA3,52,Z,50166,,50,334
3116831,Mesegar de Corneja,Mesegar de Corneja,Mesegar de Corneja,40.50209,-5.30131,P,PPLA3,55,AV,05126,,05,95
3116884,Méntrida,Mentrida,"Mentrida,Méntrida,men te li da,Ментрида,Ментріда,门特里达",40.23899,-4.19337,P,PPLA3,54,TO,45099,,45,3143
3116892,Mengamuñoz,Mengamunoz,"Mengamunoz,Mengamuñoz",40.50006,-4.99983,P,PPLA3,55,AV,05125,,05,67
3116894,Meneses de Campos,Meneses de Campos,Meneses de Campos,41.94142,-4.91927,P,PPLA3,55,P,34106,,34,143
3116914,Mendigorría,Mendigorria,"Mendigorria,Mendigorría",42.62822,-1.8345,P,PPLA3,32,NA,31167,,31,1044
3116921,Mendavia,Mendavia,Mondaria,42.44335,-2.20087,P,PPLA3,32,NA,31165,,31,3725
3116924,Mendaro,Mendaro,Mendaro,43.25326,-2.38568,P,PPLA3,59,SS,20901,,20,1650
3116932,Membrillera,Membrillera,Membrillera,40.94807,-2.97969,P,PPLA3,54,GU,19179,,19,111
3116934,Membribe de la Sierra,Membribe de la Sierra,"Membribe,Membribe de la Sierra",40.69123,-5.80568,P,PPLA3,55,SA,37189,,37,109
3116936,Membibre de la Hoz,Membibre de la Hoz,Membibre de la Hoz,41.44958,-4.09571,P,PPLA3,55,SG,40127,,40,57
3116938,Melque de Cercos,Melque de Cercos,Melque,41.05166,-4.46944,P,PPLA3,55,SG,40126,,40,0
3116939,Melón,Melon,"Melon,Melón",42.26016,-8.214,P,PPLA3,58,OR,32046,,32,1569
3116942,Melide,Melide,"Mel'id,Melide,mei li de,meride,mylydy  la krwnya,Мелиде,Мельид,Меліде,ميليدي، لا كرونيا,メリーデ,梅利德",42.91382,-8.01496,P,PPLA3,58,C,15046,,15,0
3116946,Mélida,Melida,"Melida,Mélida",42.35869,-1.54888,P,PPLA3,32,NA,31164,,31,766
3116953,Melgar de Yuso,Melgar de Yuso,,42.25381,-4.25394,P,PPLA3,55,P,34104,,34,345
3116954,Melgar de Tera,Melgar de Tera,Melgar de Tera,41.96618,-6.0139,P,PPLA3,55,ZA,49116,,49,514
3116955,Melgar de Fernamental,Melgar de Fernamental,"Mel'gar-de-Fernamental',mei er jia er de fei er na men ta er,mylghar dy fyrnamyntal,Мельгар-де-Фернаменталь,ميلغار دي فيرنامينتال,梅尔加尔德费尔纳门塔尔",42.40445,-4.24484,P,PPLA3,55,BU,09211,,09,1932
3116956,Melgar de Arriba,Melgar de Arriba,Melgar de Arriba,42.26806,-5.09712,P,PPLA3,55,VA,47089,,47,259
3116957,Melgar de Abajo,Melgar de Abajo,Melgar de Abajo,42.24344,-5.14216,P,PPLA3,55,VA,47088,,47,166
3116963,Mejorada del Campo,Mejorada del Campo,Mejorada del Campo,40.39283,-3.48194,P,PPLA3,29,M,28084,,28,22488
3116964,Mejorada,Mejorada,Mejorada,40.00991,-4.88506,P,PPLA3,54,TO,45097,,45,1272
3116981,Meira,Meira,,43.21337,-7.29372,P,PPLA3,58,LU,27029,,27,1775
3116992,Megina,Megina,Megina,40.63911,-1.87041,P,PPLA3,54,GU,19178,,19,54
3116993,Megeces,Megeces,Megeces,41.40828,-4.56166,P,PPLA3,55,VA,47087,,47,435
3116995,Medrano,Medrano,Medrano,42.38361,-2.55394,P,PPLA3,27,LO,26096,,26,201
3116996,Medranda,Medranda,Medranda,40.98333,-2.93719,P,PPLA3,54,GU,19177,,19,105
3117000,Mediona,Mediona,Mediona,41.47798,1.61222,P,PPLA3,56,B,08122,,08,1870
3117007,Medinilla,Medinilla,Medinilla,40.43967,-5.61772,P,PPLA3,55,AV,05124,,05,161
3117009,Medina de Pomar,Medina de Pomar,"Medina de Pomar,Medina-de-Pomar,mei di na de bo ma er,mydayna dy bwmar,Медина-де-Помар,Медіна-де-Помар,ميداينا دي بومار,梅迪纳德波马尔",42.92938,-3.48804,P,PPLA3,55,BU,09209,,09,5524
3117010,Medina del Campo,Medina del Campo,"Medina del Campo,Medina-del'-Kampo,mei di na de er kan bo,Медина-дель-Кампо,Медіна-дель-Кампо,メディナ・デル・カンポ,梅迪纳德尔坎波",41.31239,-4.91413,P,PPLA3,55,VA,47085,,47,21540
3117011,Medinaceli,Medinaceli,"Medina,Medinaceli,Medinaseli,Occilis,mdynt salm,medinaseri,mei di na sai li,Мединасели,Медінаселі,مدينة سالم,メディナセリ,梅迪纳塞利",41.17224,-2.43476,P,PPLA3,55,SO,42113,,42,674
3117024,Mediana de Voltoya,Mediana de Voltoya,"Mediana,Mediana de Voltoya",40.70104,-4.56341,P,PPLA3,55,AV,05123,,05,108
3117041,Meco,Meco,Meco,40.55274,-3.32894,P,PPLA3,29,M,28083,,28,12419
3117044,Mecerreyes,Mecerreyes,Mecerreyes,42.09536,-3.57393,P,PPLA3,55,BU,09208,,09,278
3117058,Mazuela,Mazuela,,42.20767,-3.9192,P,PPLA3,55,BU,09206,,09,75
3117059,Mazuecos de Valdeginate,Mazuecos de Valdeginate,Mazuecos de Valdeginate,42.16814,-4.84059,P,PPLA3,55,P,34103,,34,119
3117060,Mazuecos,Mazuecos,Mazuecos,40.2602,-3.00755,P,PPLA3,54,GU,19176,,19,359
3117075,Mazariegos,Mazariegos,Mazariegos,42.02691,-4.71542,P,PPLA3,55,P,34102,,34,268
3117076,Mazaricos,Mazaricos,Mazaricos,42.94033,-8.97187,P,PPLA3,58,C,15045,,15,5523
3117077,Mazarete,Mazarete,"Mazarate,Mazare,Mazarete",41.00086,-2.15921,P,PPLA3,54,GU,19175,,19,66
3117083,Mazaleón,Mazaleon,"Mazaleon,Mazaleón",41.05056,0.1029,P,PPLA3,52,TE,44147,,44,577
3117091,Mayorga,Mayorga,"Majorga,Mayorga,mai ao er jia,Майорга,Մայորգա,迈奥尔加",42.16687,-5.26304,P,PPLA3,55,VA,47084,,47,2034
3117108,Maials,Maials,"Maials,Mayal,Mayals",41.36667,0.5,P,PPLA3,56,L,25133,,25,0
3117109,Mayalde,Mayalde,Mayalde,41.2508,-5.79767,P,PPLA3,55,ZA,49115,,49,222
3117119,Matute,Matute,Matute,42.29888,-2.79564,P,PPLA3,27,LO,26095,,26,164
3117132,Matillas,Matillas,Matillas,40.94415,-2.8359,P,PPLA3,54,GU,19174,,19,178
3117133,Matilla la Seca,Matilla la Seca,Matilla la Seca,41.57935,-5.5003,P,PPLA3,55,ZA,49114,,49,60
3117134,Matilla de los Caños del Río,Matilla de los Canos del Rio,"Matilla de los Canos,Matilla de los Canos del Rio,Matilla de los Caños,Matilla de los Caños del Río",40.82539,-5.94276,P,PPLA3,55,SA,37187,,37,681
3117135,Matilla de los Caños,Matilla de los Canos,"Matilla de los Canos,Matilla de los Caños",41.54818,-4.96761,P,PPLA3,55,VA,47083,,47,113
3117137,Matilla de Arzón,Matilla de Arzon,"Matilla,Matilla de Arzon,Matilla de Arzón",42.10499,-5.64156,P,PPLA3,55,ZA,49113,,49,243
3117161,Matarrubia,Matarrubia,Matarrubia,40.86463,-3.28944,P,PPLA3,54,GU,19173,,19,57
3117164,Mataró,Mataro,"Iluro,Mataro,Mataró,ma ta luo,matalo,mataro,matarw  brshlwnt,Матаро,ماتارو، برشلونة,मातारो,マタロー,马塔罗,마타로",41.54211,2.4445,P,PPLA3,56,B,08121,,08,126988
3117165,Matapozuelos,Matapozuelos,Matapozuelos,41.41423,-4.79122,P,PPLA3,55,VA,47082,,47,1030
3117174,Matanza,Matanza,Matanza,42.24004,-5.37573,P,PPLA3,55,LE,24099,,24,0
3117180,Matamala de Almazán,Matamala de Almazan,"Matamala,Matamala de Almazan,Matamala de Almazán,Matamala-de-Al'masan,ma ta ma la de ya er ma sang,Матамала-де-Альмасан,马塔马拉德亚尔马桑",41.50563,-2.64122,P,PPLA3,55,SO,42111,,42,364
3117188,Matallana de Torío,Matallana de Torio,"Matachana de Toriu,Matachana de Toríu,Matal'jana-de-Torio,Matallana de Torio,Matallana de Torío,ma ta li ya na de tuo li ao,Матальяна-де-Торио,Матальяна-де-Торіо,马塔利亚纳德托里奥",42.8656,-5.52034,P,PPLA3,55,LE,24098,,24,1494
3117192,Matalebreras,Matalebreras,"Matalebreras,ma ta lai fu lei la si,Маталебрерас,马塔莱夫雷拉斯",41.84116,-2.04644,P,PPLA3,55,SO,42110,,42,116
3117201,Matadeón de los Oteros,Matadeon de los Oteros,"Matadeon,Matadeon de los Oteros,Matadeón de los Oteros",42.33776,-5.36887,P,PPLA3,55,LE,24097,,24,277
3117204,Mata de Cuéllar,Mata de Cuellar,"Mata de Cuellar,Mata de Cuéllar",41.39655,-4.47167,P,PPLA3,55,SG,40124,,40,296
3117208,Matabuena,Matabuena,Matabuena,41.0959,-3.75827,P,PPLA3,55,SG,40123,,40,221
3117214,Masueco,Masueco,"Masueco,Masuecu,Masuehko,Masueko,ma su ai ke,Масуеко,Масуэко,马苏埃科",41.20352,-6.58938,P,PPLA3,55,SA,37184,,37,414
3117218,Maçanet de la Selva,Macanet de la Selva,"Macanet de la Selva,Maçanet de la Selva",41.78333,2.73333,P,PPLA3,56,GI,17103,,17,0
3117219,Maçanet de Cabrenys,Macanet de Cabrenys,"Macanet de Cabrenys,Maçanet de Cabrenys",42.38597,2.74806,P,PPLA3,56,GI,17102,,17,0
3117221,Massanes,Massanes,"Macanes,Massanes,Maçanes",41.76536,2.65324,P,PPLA3,56,GI,17101,,17,0
3117223,el Masroig,el Masroig,"Masroig,el Masroig",41.13333,0.73333,P,PPLA3,56,T,43082,,43,0
3117225,Masquefa,Masquefa,Masquefa,41.50353,1.81136,P,PPLA3,56,B,08119,,08,7150
3117238,Maside,Maside,Maside,42.41031,-8.02582,P,PPLA3,58,OR,32045,,32,3081
3117277,Masegoso de Tajuña,Masegoso de Tajuna,"Masegoso de Tajuna,Masegoso de Tajuña",40.82552,-2.69532,P,PPLA3,54,GU,19172,,19,95
3117279,Masegosa,Masegosa,Masegosa,40.54689,-2.02588,P,PPLA3,54,CU,16123,,16,116
3117289,Mas de las Matas,Mas de las Matas,Mas de las Matas,40.83408,-0.24292,P,PPLA3,52,TE,44145,,44,1442
3117296,Mas de Barberans,Mas de Barberans,,40.73333,0.36667,P,PPLA3,56,T,43077,,43,678
3117307,Masarac,Masarac,Masarac,42.3509,2.97296,P,PPLA3,56,GI,17100,,17,0
3117322,Marzales,Marzales,Marzales,41.58644,-5.13455,P,PPLA3,55,VA,47081,,47,63
3117326,Marugán,Marugan,"Marugan,Marugán",40.89943,-4.38383,P,PPLA3,55,SG,40122,,40,513
3117331,Martorell,Martorell,"Martorel',Martorell,Martorelle,Marturel',ma er tuo lei li,martwrl,martwryl,Марторелле,Марторель,Мартурель,مارتورل,مارتوريل,马尔托雷利",41.47402,1.93062,P,PPLA3,56,B,08114,,08,27850
3117336,Martín Muñoz de las Posadas,Martin Munoz de las Posadas,"Martin Munoz de las Posadas,Martín Muñoz de las Posadas",40.99546,-4.59672,P,PPLA3,55,SG,40121,,40,420
3117337,Martín Muñoz de la Dehesa,Martin Munoz de la Dehesa,"Martin Munoz de la Dehesa,Martín Muñoz de la Dehesa",41.06652,-4.68676,P,PPLA3,55,SG,40120,,40,186
3117339,Martín Miguel,Martin Miguel,"Martin Miguel,Martín Miguel",40.9522,-4.27166,P,PPLA3,55,SG,40119,,40,178
3117340,Martínez,Martinez,"Martinez,Martínez",40.63046,-5.34801,P,PPLA3,55,AV,05122,,05,187
3117346,Martín de Yeltes,Martin de Yeltes,"Martin de Yeltes,Martín de Yeltes",40.77594,-6.29162,P,PPLA3,55,SA,37183,,37,515
3117347,Martín del Río,Martin del Rio,"Martin del Rio,Martín del Río",40.84459,-0.89549,P,PPLA3,52,TE,44144,,44,472
3117349,Martinamor,Martinamor,Martinamor,40.80676,-5.59913,P,PPLA3,55,SA,37182,,37,68
3117360,Martiherrero,Martiherrero,Martiherrero,40.67392,-4.78156,P,PPLA3,55,AV,05121,,05,202
3117362,Martiago,Martiago,Martiago,40.4542,-6.4901,P,PPLA3,55,SA,37181,,37,361
3117376,Marracos,Marracos,,42.08826,-0.77587,P,PPLA3,52,Z,50902,,50,106
3117383,Markina-Xemein,Markina-Xemein,"Markina,Markina-Khemejn,Markina-Shemejn,Markina-Xemein,Marquina-Jemein,Marquina-Jeméin,ma er ji na-ke sai men,markayna-kzymayn,Маркина-Хемейн,Маркіна-Шемейн,ماركاينا-كزيماين,马尔基纳-克塞门",43.26667,-2.5,P,PPLA3,59,BI,48060,,48,0
3117418,Mariana,Mariana,Mariana,40.16717,-2.14601,P,PPLA3,54,CU,16122,,16,306
3117420,María de Huerva,Maria de Huerva,"Maria,Maria de Huerva,María de Huerva",41.5388,-0.99615,P,PPLA3,52,Z,50163,,50,2562
3117429,Margalef,Margalef,Margalef,41.28496,0.75331,P,PPLA3,56,T,43075,43060,43,128
3117441,Marcilla de Campos,Marcilla de Campos,Marcilla de Campos,42.3177,-4.3967,P,PPLA3,55,P,34101,,34,62
3117442,Marcilla,Marcilla,Marcilla,42.32794,-1.73714,P,PPLA3,32,NA,31163,,31,2637
3117444,Marchagaz,Marchagaz,Marchagaz,40.26769,-6.27485,P,PPLA3,57,CC,10117,,10,281
3117454,Marazuela,Marazuela,Marazuela,40.97912,-4.36506,P,PPLA3,55,SG,40118,,40,57
3117456,Marazoleja,Marazoleja,Marazoleja,40.96086,-4.33882,P,PPLA3,55,SG,40903,,40,122
3117460,Marañón,Maranon,"Maran'jon,Maran'on,Maranon,Maranoni jogi,Maranyon,Maranyón,Marañon,Marañón,Marañóni jõgi,Rio Maranon,Rio Marañón,Río Marañón,ma la ni weng,mrnywn,Мараньйон,Мараньон,מרניון,马拉尼翁",42.62941,-2.43931,P,PPLA3,32,NA,31162,,31,62
3117461,Meranges,Meranges,"Maranges,Meranges",42.44518,1.78777,P,PPLA3,56,GI,17099,17082,17,0
3117462,Maranchón,Maranchon,"Maranchon,Maranchón,ma lan qiong,Маранчон,马兰琼",41.04754,-2.20482,P,PPLA3,54,GU,19170,,19,244
3117463,Maraña,Marana,"Marana,Maraña",43.04991,-5.17726,P,PPLA3,55,LE,24096,,24,164
3117465,Mara,Mara,Mara,41.2895,-1.51842,P,PPLA3,52,Z,50162,,50,194
3117476,Maqueda,Maqueda,Maqueda,40.06614,-4.37066,P,PPLA3,54,TO,45091,,45,513
3117489,Manzanillo,Manzanillo,Manzanillo,41.58617,-4.18826,P,PPLA3,55,VA,47080,,47,46
3117490,Manzanera,Manzanera,"Macanera,Manzanera,Maçanera",40.05,-0.83333,P,PPLA3,52,TE,44143,,44,460
3117501,Manzaneda,Manzaneda,Mazaneda,42.30962,-7.23209,P,PPLA3,58,OR,32044,,32,1139
3117503,Manzanares el Real,Manzanares el Real,"Mansanares-ehl'-Real',Mansanares-el'-Real',Manzanares el Real,man sa na lei sai er lei ya er,manzanarys sh ryal,Мансанарес-ель-Реаль,Мансанарес-эль-Реаль,مانزاناريس ش ريال,曼萨纳雷塞尔雷亚尔",40.72627,-3.86265,P,PPLA3,29,M,28082,,28,6231
3117504,Manzanares de Rioja,Manzanares de Rioja,Manzanares de Rioja,42.3961,-2.8959,P,PPLA3,27,LO,26094,,26,99
3117510,Manzanal de los Infantes,Manzanal de los Infantes,Manzanal de los Infantes,42.05428,-6.38288,P,PPLA3,55,ZA,49112,,49,178
3117511,Manzanal del Barco,Manzanal del Barco,Manzanal del Barco,41.63501,-5.94671,P,PPLA3,55,ZA,49111,,49,194
3117512,Manzanal de Arriba,Manzanal de Arriba,Manzanal de Arriba,41.99217,-6.44012,P,PPLA3,55,ZA,49110,,49,429
3117522,Mantinos,Mantinos,Mantinos,42.75259,-4.84213,P,PPLA3,55,P,34100,,34,169
3117523,Mantiel,Mantiel,Mantiel,40.61892,-2.66324,P,PPLA3,54,GU,19169,,19,73
3117525,Mansilla Mayor,Mansilla Mayor,Mansilla Mayor,42.50943,-5.44271,P,PPLA3,55,LE,24095,,24,380
3117527,Mansilla de las Mulas,Mansilla de las Mulas,"Mansilla de las Mulas,Mansillas de las Mulas",42.49886,-5.41738,P,PPLA3,55,LE,24094,,24,1847
3117534,Manquillos,Manquillos,Manquillos,42.20518,-4.56841,P,PPLA3,55,P,34099,,34,62
3117536,Mañón,Manon,"Manon,Mañón,Santa Maria,Santa María",43.65,-7.73333,P,PPLA3,58,C,15044,,15,0
3117539,Manlleu,Manlleu,"Manl'eu,Manlleu,man lie wu,manlyw,Манльеу,مانليو,曼列乌",42.00228,2.28476,P,PPLA3,56,B,08112,,08,20647
3117543,Manjarrés,Manjarres,"Manjarres,Manjarrés",42.39152,-2.67512,P,PPLA3,27,LO,26092,,26,127
3117545,Manjabálago,Manjabalago,"Manjabalago,Manjabálago",40.66441,-5.07719,P,PPLA3,55,AV,05119,,05,53
3117553,Manganeses de la Polvorosa,Manganeses de la Polvorosa,Manganeses de la Polvorosa,42.03563,-5.74694,P,PPLA3,55,ZA,49109,,49,799
3117554,Manganeses de la Lampreana,Manganeses de la Lampreana,"Manganes de la Lampreana,Manganeses,Manganeses de la Lampreana",41.75085,-5.71048,P,PPLA3,55,ZA,49108,,49,679
3117556,Mañeru,Maneru,"Maneru,Mañeru",42.67001,-1.86297,P,PPLA3,32,NA,31161,,31,378
3117566,Mandayona,Mandayona,Mandayona,40.9561,-2.75021,P,PPLA3,54,GU,19168,,19,394
3117571,Manciles,Manciles,,42.45728,-3.94461,P,PPLA3,55,BU,09202,,09,32
3117573,Manchones,Manchones,Manchones,41.15,-1.46667,P,PPLA3,52,Z,50161,,50,146
3117575,Mancera de Arriba,Mancera de Arriba,Mancera de Arriba,40.79139,-5.14772,P,PPLA3,55,AV,05118,,05,116
3117576,Mancera de Abajo,Mancera de Abajo,Mancera de Abajo,40.83974,-5.19933,P,PPLA3,55,SA,37179,,37,316
3117578,Mañaria,Manaria,"Manaria,Mañaria",43.13819,-2.66104,P,PPLA3,59,BI,48059,,48,449
3117585,Mamolar,Mamolar,Mamolar,41.92762,-3.36228,P,PPLA3,55,BU,09201,,09,62
3117589,Mambrillas de Lara,Mambrillas de Lara,Mambrillas de Lara,42.09446,-3.46195,P,PPLA3,55,BU,09200,,09,68
3117590,Mambrilla de Castrejón,Mambrilla de Castrejon,"Mambrilla de Castrejon,Mambrilla de Castrejón",41.66634,-3.98448,P,PPLA3,55,BU,09199,,09,133
3117593,Mamblas,Mamblas,Mamblas,41.01925,-5.00873,P,PPLA3,55,AV,05117,,05,258
3117600,Malva,Malva,Malva,41.65467,-5.48657,P,PPLA3,55,ZA,49107,,49,207
3117602,Maluenda,Maluenda,Maluenda,41.28772,-1.61603,P,PPLA3,52,Z,50159,,50,1018
3117611,Malpartida de Corneja,Malpartida de Corneja,Malpartida de Corneja,40.52208,-5.35026,P,PPLA3,55,AV,05116,,05,177
3117612,Malpartida,Malpartida,,40.76269,-5.23149,P,PPLA3,55,SA,37178,,37,140
3117613,Malón,Malon,"Malon,Malón",41.95235,-1.67199,P,PPLA3,52,Z,50157,,50,422
3117623,Mallén,Mallen,"Mallen,Mallén",41.90064,-1.41994,P,PPLA3,52,Z,50160,,50,3361
3117636,Malgrat de Mar,Malgrat de Mar,Malgrat de Mar,41.64662,2.74135,P,PPLA3,56,B,08110,,08,18472
3117638,Maleján,Malejan,"Malejan,Maleján",41.82762,-1.54906,P,PPLA3,52,Z,50156,,50,284
3117647,Malanquilla,Malanquilla,Malanquilla,41.56856,-1.87481,P,PPLA3,52,Z,50155,,50,130
3117648,Malaguilla,Malaguilla,Malaguilla,40.81956,-3.2545,P,PPLA3,54,GU,19167,,19,136
3117651,Málaga del Fresno,Malaga del Fresno,"Malaga del Fresno,Málaga del Fresno",40.7874,-3.24465,P,PPLA3,54,GU,19166,,19,196
3117664,Maján,Majan,"Majan,Maján",41.46888,-2.30268,P,PPLA3,55,SO,42108,,42,15
3117665,Majaelrayo,Majaelrayo,Majaelrayo,41.1126,-3.30257,P,PPLA3,54,GU,19165,,19,74
3117667,Majadahonda,Majadahonda,"Majadahonda,Makhadaonda,Maxadahonda,ma ha da weng da,majadahwnda,Махадаонда,ماجاداهوندا,马哈达翁达",40.47353,-3.87182,P,PPLA3,29,M,28080,,28,68110
3117669,Maire de Castroponce,Maire de Castroponce,Maire de Castroponce,42.11283,-5.78475,P,PPLA3,55,ZA,49105,,49,227
3117672,Mainar,Mainar,Mainar,41.19275,-1.30292,P,PPLA3,52,Z,50154,,50,164
3117676,Maicas,Maicas,Maicas,40.96708,-0.89041,P,PPLA3,52,TE,44142,,44,39
3117678,Mahide,Mahide,Mahide,41.86917,-6.37784,P,PPLA3,55,ZA,49104,,49,476
3117680,Mahamud,Mahamud,Mahamud,42.11981,-3.9406,P,PPLA3,55,BU,09198,,09,155
3117701,Magaz de Cepeda,Magaz de Cepeda,Magaz de Cepeda,42.53967,-6.0717,P,PPLA3,55,LE,24093,,24,448
3117706,Magaña,Magana,"Magan'ja,Magana,Maganija,Magaña,ma jia ni ya,Магания,Маганья,马加尼亚",41.90089,-2.16269,P,PPLA3,55,SO,42107,,42,104
3117708,Magallón,Magallon,"Magallon,Magallón",41.83248,-1.45979,P,PPLA3,52,Z,50153,,50,1142
3117714,Maello,Maello,Maello,40.80929,-4.51186,P,PPLA3,55,AV,05115,,05,684
3117715,Maella,Maella,Maella,41.12251,0.13926,P,PPLA3,52,Z,50152,,50,1995
3117719,Madroñal,Madronal,,40.46407,-6.06271,P,PPLA3,55,SA,37176,,37,160
3117725,Madrigalejo del Monte,Madrigalejo del Monte,Madrigalejo del Monte,42.12442,-3.72509,P,PPLA3,55,BU,09197,,09,212
3117726,Madrigal del Monte,Madrigal del Monte,Madrigal del Monte,42.14464,-3.67571,P,PPLA3,55,BU,09196,,09,220
3117727,Madrigal de la Vera,Madrigal de la Vera,Madrigal de la Vera,40.1476,-5.36818,P,PPLA3,57,CC,10111,,10,1722
3117728,Madrigal de las Altas Torres,Madrigal de las Altas Torres,"Madrigal,Madrigal de las Altas Torres,Madrigal de las Atlas Tores,Madrigal'-de-las-Al'tas-Torres,ma de li jia er de la sa er ta si tuo lei si,madrayghal dy las altas twrys,madrygal d las altas trs,Мадригал де лас Атлас Торес,Мадригаль-де-лас-Альтас-Торрес,Мадрігаль-де-лас-Альтас-Торрес,مادرايغال دي لاس ألتاس توريس,مادریگال د لاس آلتاس ترس,马德里加尔德拉萨尔塔斯托雷斯",41.08968,-4.99863,P,PPLA3,55,AV,05114,,05,1803
3117731,Madridanos,Madridanos,Madridanos,41.47967,-5.60459,P,PPLA3,55,ZA,49103,,49,529
3117735,Madrid,Madrid,"La Villa y Corte de Madrid,Los Madriles,Lungsod ng Madrid,MAD,Ma-daik-li,Ma-tet-li,Madrid,Madrid osh,Madridas,Madride,Madridi,Madrido,Madrids,Madril,Madrit,Madrite,Madryd,Madryt,Madríd,Madrîd,Magerit,Maidrid,Mairil,Makelika,Matrit,Matritum,Mâ-tet-lî,Mā-dáik-lī,ma de li,madarida,madeulideu,madorido,madorido shi,madri,madrid,madrida,madridi,madryd,matrit,mdryd,myadrida,mydrd,Μαδρίτη,Мaдрид,Мадрид,Мадрид ош,Мадрыд,Мадрід,Մադրիդ,Մատրիտ,מאדריד,מדריד,مادرىد,مادرید,مدريد,میدرد,مەدرید,ܡܕܪܝܕ,मद्रिद,मद्रिद्,माद्रिद,माद्री,म्याड्रिड,মাদ্রিদ,ਮਾਦਰੀਦ,ମାଡ୍ରିଦ,மத்ரித்,ಮಡ್ರಿಡ್,മാഡ്രിഡ്,มาดริด,མ་ད་རིད།,မဒရစ်မြို့,მადრიდი,ማድሪድ,マドリード,マドリード市,馬德里,马德里,마드리드",40.4165,-3.70256,P,PPLC,29,M,28079,,28,3255944
3117736,Madremanya,Madremanya,"Madremana,Madremanya,Madremaña",41.98333,2.96667,P,PPLA3,56,GI,17097,,17,0
3117747,Maderuelo,Maderuelo,Maderuelo,41.48644,-3.52218,P,PPLA3,55,SG,40115,,40,141
3117755,Macotera,Macotera,"Macotera,Makotera,ma ke te la,Макотера,马科特拉",40.83105,-5.28526,P,PPLA3,55,SA,37174,,37,1525
3117759,Machacón,Machacon,"Machacon,Machacón",40.92623,-5.5243,P,PPLA3,55,SA,37175,,37,517
3117771,Maceda,Maceda,,42.26972,-7.65052,P,PPLA3,58,OR,32043,,32,3232
3117776,Luzón,Luzon,"Luzon,Luzón",41.02691,-2.27691,P,PPLA3,54,GU,19163,,19,80
3117779,Luzaga,Luzaga,Luzaga,40.97337,-2.44497,P,PPLA3,54,GU,19162,,19,105
3117781,Luyego,Luyego,Luyego,42.36667,-6.23333,P,PPLA3,55,LE,24091,,24,865
3117791,Lupiana,Lupiana,Lupiana,40.60846,-3.05118,P,PPLA3,54,GU,19161,,19,221
3117797,Luna,Luna,Luna,42.1676,-0.93292,P,PPLA3,52,Z,50151,,50,884
3117798,Lumpiaque,Lumpiaque,Lumpiaque,41.62953,-1.30156,P,PPLA3,52,Z,50150,,50,871
3117802,Lumbreras,Lumbreras,"Lumbreras,lun fu lei la si,Лумбрерас,Լումբրերաս,伦夫雷拉斯",42.10477,-2.62189,P,PPLA3,27,LO,26091,,26,131
3117803,Lumbrales,Lumbrales,"Llimiares,Lumbrales,lun fu la lai si,Лумбралес,伦夫拉莱斯",40.93501,-6.71948,P,PPLA3,55,SA,37173,,37,2018
3117804,Lumbier,Lumbier,"Ilunberri,Lumbier",42.65303,-1.30669,P,PPLA3,32,NA,31159,,31,1435
3117814,Lugo,Lugo,"LUY,Lugo,lwghw,rugo,Луго,لوغو,ルーゴ",43.00992,-7.55602,P,PPLA2,58,LU,27028,,27,98025
3117824,Luesma,Luesma,Luesma,41.16583,-1.14575,P,PPLA3,52,Z,50149,,50,41
3117827,Luesia,Luesia,Luesia,42.36974,-1.02421,P,PPLA3,52,Z,50148,,50,371
3117830,Luelmo,Luelmo,Luelmo,41.4403,-6.13338,P,PPLA3,55,ZA,49101,,49,222
3117834,Ludiente,Ludiente,"Lludient,Ludiente",40.08333,-0.36667,P,PPLA3,60,CS,12073,,12,201
3117849,Luceni,Luceni,Luceni,41.82857,-1.23889,P,PPLA3,52,Z,50147,,50,1045
3117850,Lucena del Cid,Lucena del Cid,"Llucena,Lucena del Cid",40.13333,-0.28333,P,PPLA3,60,CS,12072,,12,1545
3117851,Lucena de Jalón,Lucena de Jalon,"Lucena de Jalon,Lucena de Jalón",41.55301,-1.31305,P,PPLA3,52,Z,50146,,50,258
3117856,Lubián,Lubian,"Lubian,Lubián",42.03569,-6.90541,P,PPLA3,55,ZA,49100,,49,368
3117870,Lozoya,Lozoya,Lozoya,40.94949,-3.79086,P,PPLA3,29,M,28076,,28,568
3117884,Lobios,Lobios,San Miguel,41.87493,-8.08783,P,PPLA3,58,OR,32042,,32,0
3118021,Loscos,Loscos,Loscos,41.08108,-1.04433,P,PPLA3,52,TE,44138,,44,179
3118025,Loscorrales,Loscorrales,Loscorrales,42.25451,-0.64296,P,PPLA3,52,HU,22151,,22,113
3118057,Losar de la Vera,Losar de la Vera,"Losar de la Vera,Losar-de-la-Vera,luo sa er de la wei la,lwsar dy lafyra,Лосар-де-ла-Вера,لوسار دي لافيرا,洛萨尔德拉韦拉",40.12158,-5.60454,P,PPLA3,57,CC,10110,,10,3146
3118070,Losacio,Losacio,Losacio,41.71092,-6.04059,P,PPLA3,55,ZA,49099,,49,0
3118071,Losacino,Losacino,Losacino,41.68084,-6.07986,P,PPLA3,55,ZA,49098,,49,291
3118095,Loranca de Tajuña,Loranca de Tajuna,"Loranca de Tajuna,Loranca de Tajuña",40.44368,-3.11082,P,PPLA3,54,GU,19160,,19,711
3118100,Loporzano,Loporzano,,42.16137,-0.32337,P,PPLA3,52,HU,22150,,22,529
3118108,Longás,Longas,"Longars,Longas,Longás",42.48092,-0.9342,P,PPLA3,52,Z,50144,,50,57
3118109,Longares,Longares,Longares,41.40308,-1.16876,P,PPLA3,52,Z,50143,,50,850
3118120,Lominchar,Lominchar,Lominchar,40.09061,-3.96713,P,PPLA3,54,TO,45085,,45,1453
3118135,Lomas,Lomas,"Lomas,Lomas de Campos,lmas,luo ma si,Ломас,لماس,洛马斯",42.27362,-4.55095,P,PPLA3,55,P,34096,,34,54
3118150,Logroño,Logrono,"Lagron'ja,Logron'jo,Logron'o,Logronh,Logronio,Logronjas,Logronjo,Logrono,Logronu,Logronyo,Logroño,Logroñu,Lucronium,RJL,lgrnyw,lo koryo,logeulonyo,logron'yo,logronyo,luo ge luo ni ao,lwghrwnyw,lwgrwnw,lwgrwnyw,roguronyo,Λογρόνιο,Лагронья,Логроньйо,Логроньо,Логроњо,Լոգրոնյո,לוגרוניו,لوغرونيو,لوگرونو,لگرنیو,लोग्रोंयो,लोग्रोन्यो,โลโกรโญ,ログローニョ,洛格罗尼奥,로그로뇨",42.46615,-2.45115,P,PPLA,27,LO,26089,,26,151164
3118155,Loeches,Loeches,Loeches,40.38343,-3.4146,P,PPLA3,29,M,28075,,28,4805
3118161,Lodosa,Lodosa,Lodosa,42.42269,-2.07741,P,PPLA3,32,NA,31157,,31,4721
3118178,Lobera de Onsella,Lobera de Onsella,"Lobera,Lobera d'Onsella,Lobera de Onsella",42.47848,-1.02208,P,PPLA3,52,Z,50142,,50,66
3118194,Loarre,Loarre,"Loarre,Lobarre",42.31432,-0.62588,P,PPLA3,52,HU,22149,,22,412
3118212,Lloret de Mar,Lloret de Mar,"L'oret-de-Mar,Ljoret,Ljoret de Mar,Ljoret na Moru,Lloret de Mar,Љорет,Љорет де Мар,Љорет на Мору,Льорет-де-Мар",41.69993,2.84565,P,PPLA3,56,GI,17095,,17,37350
3118236,Llívia,Llivia,"Llivia,Llívia",42.46462,1.9807,P,PPLA3,56,GI,17094,17094,17,1562
3118237,Lliçà de Vall,Llica de Vall,"Llica de Vall,Lliçà de Vall",41.59054,2.24121,P,PPLA3,56,B,08107,,08,0
3118240,Llinars del Vallès,Llinars del Valles,"Llinars,Llinars del Valles,Llinars del Vallès,Llinas,Llinás",41.63333,2.4,P,PPLA3,56,B,08106,,08,0
3118241,Llimiana,Llimiana,Llimiana,42.07476,0.91621,P,PPLA3,56,L,25128,,25,178
3118248,Lles de Cerdanya,Lles de Cerdanya,"Lles,Lles de Cerdanya,Llés",42.39025,1.68692,P,PPLA3,56,L,25127,,25,236
3118250,Llers,Llers,Llers,42.29571,2.91183,P,PPLA3,56,GI,17093,,17,1126
3118266,Lledó,Lledo,"Lledo,Lledó",40.95498,0.27749,P,PPLA3,52,TE,44141,43071,44,183
3118293,Llano de Olmedo,Llano de Olmedo,Llano de Olmedo,41.26727,-4.61386,P,PPLA3,55,VA,47079,,47,79
3118294,Llano de Bureba,Llano de Bureba,"Llano de Bureba,Solas de Bureba",42.62435,-3.4589,P,PPLA3,55,BU,09195,,09,81
3118304,Llanes,Llanes,"L'janes,Llanes,li ya nei si,ryanesu,yans,yanys,Льянес,يانيس,یانس,リャネス,利亚内斯",43.41982,-4.75485,P,PPLA3,34,O,33036,,33,13639
3118308,Llanera,Llanera,"Llanera,San Cucufate",43.43963,-5.8508,P,PPLA3,34,O,33035,,33,13948
3118328,Llambilles,Llambilles,"Llambillas,Llambilles",41.92106,2.85078,P,PPLA3,56,GI,17090,,17,0
3118332,Llamas de la Ribera,Llamas de la Ribera,"Llamas,Llamas de la Ribera",42.63504,-5.82524,P,PPLA3,55,LE,24092,,24,1084
3118340,Llagostera,Llagostera,Llagostera,41.82688,2.89365,P,PPLA3,56,GI,17089,,17,6713
3118347,Lladó,Llado,"Llado,Lladó,Lledo,Lledó",42.24769,2.81373,P,PPLA3,56,GI,17088,,17,580
3118350,Lizoáin,Lizoain,,42.79868,-1.46753,P,PPLA3,32,NA,31156,,31,300
3118353,Lizartza,Lizarza,"Lizartza,Lizarza",43.10236,-2.03489,P,PPLA3,59,SS,20054,,20,0
3118356,Lituénigo,Lituenigo,"Lituenigo,Lituénigo",41.83533,-1.76196,P,PPLA3,52,Z,50141,,50,124
3118360,Litago,Litago,Litago,41.81407,-1.75276,P,PPLA3,52,Z,50140,,50,192
3118370,Linyola,Linyola,"Linola,Linyola,Liñola",41.7,0.91667,P,PPLA3,56,L,25122,,25,2587
3118388,Linares de Riofrío,Linares de Riofrio,"Linares,Linares de Riofrio,Linares de Riofrío",40.58338,-5.92091,P,PPLA3,55,SA,37172,,37,1011
3118389,Linares de Mora,Linares de Mora,"Linares,Linares de Mora,Llinars",40.32159,-0.57468,P,PPLA3,52,TE,44137,,44,335
3118415,Limpias,Limpias,"Limpias,Rucoba",43.36402,-3.41778,P,PPLA3,39,S,39038,,39,1487
3118452,Liédena,Liedena,,42.61943,-1.27579,P,PPLA3,32,NA,31155,,31,341
3118454,Lidón,Lidon,"Lidon,Lidón",40.71725,-1.1125,P,PPLA3,52,TE,44136,,44,78
3118457,Liceras,Liceras,Liceras,41.37939,-3.24371,P,PPLA3,55,SO,42105,,42,59
3118458,Libros,Libros,Libros,40.16311,-1.23361,P,PPLA3,52,TE,44135,,44,147
3118469,Lezo,Lezo,Lezo,43.32142,-1.89739,P,PPLA3,59,SS,20053,,20,5867
3118470,Lezáun,Lezaun,,42.77739,-1.99385,P,PPLA3,32,NA,31154,,31,257
3118473,Leza de Río Leza,Leza de Rio Leza,"Leza de Rio Leza,Leza de Río Leza",42.32952,-2.40606,P,PPLA3,27,LO,26088,,26,69
3118475,Leza,Leza,Leza,42.56552,-2.63324,P,PPLA3,59,VI,01034,,01,229
3118479,Letux,Letux,Letux,41.25512,-0.80269,P,PPLA3,52,Z,50139,,50,416
3118502,Lesaka,Lesaka,"Lesaca,Lesaka",43.25,-1.7,P,PPLA3,32,NA,31153,,31,2741
3118505,Les,Les,Les,42.81076,0.7105,P,PPLA3,56,L,25121,,25,755
3118511,Lerma,Lerma,"Lerma,Lermo,lyrma,Лерма,ليرما",42.02609,-3.75978,P,PPLA3,55,BU,09194,,09,2647
3118512,Lerín,Lerin,"Lerin,Lerín",42.48318,-1.97184,P,PPLA3,32,NA,31152,,31,1807
3118514,Lleida,Lleida,"ILD,Ilerda,Ilerdo,Lerida,Lheida,Lhèida,Ljejda,Lleida,Lérida,lyydh,rerida,ryeida,Љејда,Лерида,ליידה,リェイダ,レリダ",41.61674,0.62218,P,PPLA2,56,L,25120,,25,140797
3118516,Lerga,Lerga,Lerga,42.56781,-1.5011,P,PPLA3,32,NA,31151,,31,75
3118523,Lekeitio,Lekeitio,"Lekeitio,Lequeitio",43.36417,-2.50492,P,PPLA3,59,BI,48057,,48,7254
3118532,León,Leon,"Ciuda de Llion,Ciudá de Llión,LEN,Leon,Leono,León,Lleo,Lleon,Lleó,Lleón,lywn,reon,Леон,ليون,レオン",42.60003,-5.57032,P,PPLA2,55,LE,24089,,24,124772
3118559,Leitza,Leitza,"Leitza,Leiza",43.08333,-1.91667,P,PPLA3,32,NA,31149,,31,0
3118561,Leiva,Leiva,Leiva,42.50281,-3.04701,P,PPLA3,27,LO,26087,,26,273
3118586,Legorreta,Legorreta,Legorreta,43.08464,-2.15017,P,PPLA3,59,SS,20052,,20,1357
3118587,Legazpi,Legazpia,"Legazpi,Legazpia",43.05319,-2.33689,P,PPLA3,59,SS,20051,,20,0
3118590,Legaria,Legaria,,42.64924,-2.17392,P,PPLA3,32,NA,31148,,31,123
3118592,Legarda,Legarda,,42.71183,-1.76846,P,PPLA3,32,NA,31147,,31,125
3118593,Leganiel,Leganiel,Leganiel,40.16568,-2.94966,P,PPLA3,54,CU,16119,,16,244
3118594,Leganés,Leganes,"Legamar,Leganes,Leganesas,Leganés,lai jia nei si,leganeseu,lyjanys,reganesu,Леганес,ليجانيس,レガネス,萊加內斯,레가네스",40.32718,-3.7635,P,PPLA3,29,M,28074,,28,188425
3118596,Ledrada,Ledrada,Ledrada,40.46878,-5.72038,P,PPLA3,55,SA,37171,,37,570
3118600,Ledigos,Ledigos,,42.3548,-4.8648,P,PPLA3,55,P,34094,,34,92
3118602,Ledesma de la Cogolla,Ledesma de la Cogolla,Ledesma de la Cogolla,42.32032,-2.719,P,PPLA3,27,LO,26086,,26,25
3118605,Ledesma,Ledesma,Ledesma,41.08829,-6.00178,P,PPLA3,55,SA,37170,,37,1853
3118607,Ledanca,Ledanca,Ledanca,40.86881,-2.8434,P,PPLA3,54,GU,19159,,19,124
3118608,Lekunberri,Lekunberri,"Lecumberri,Lekunberri",43.0005,-1.89257,P,PPLA3,32,NA,31908,,31,0
3118609,Leciñena,Lecinena,"Lecinena,Leciñena",41.79868,-0.61174,P,PPLA3,52,Z,50137,,50,1267
3118615,Lechón,Lechon,"Lechon,Lechón",41.08633,-1.28483,P,PPLA3,52,Z,50138,,50,57
3118619,Lécera,Lecera,"Lecera,Lécera",41.20491,-0.71133,P,PPLA3,52,Z,50136,,50,766
3118636,Leache,Leache,,42.60718,-1.40728,P,PPLA3,32,NA,31146,,31,48
3118637,Leaburu,Leaburu,"Leaburu,Leaburu-Txarama",43.12188,-2.0543,P,PPLA3,59,SS,20050,,20,365
3118644,Lazkao,Lazcano,"Lazcano,Lazkao",43.03239,-2.18616,P,PPLA3,59,SS,20049,,20,0
3118651,Lazagurría,Lazagurria,"Lazagurria,Lazagurría",42.49286,-2.24018,P,PPLA3,32,NA,31145,,31,205
3118653,Laza,Laza,Laza,42.06136,-7.462,P,PPLA3,58,OR,32039,,32,1771
3118659,Layana,Layana,Layana,42.29546,-1.24483,P,PPLA3,52,Z,50135,,50,115
3118724,A Veiga,A Veiga,La Vega,42.25004,-7.0261,P,PPLA3,58,OR,32083,,32,0
3118799,la Tallada d'Empordà,la Tallada d'Emporda,"La Tallada,la Tallada,la Tallada d'Emporda,la Tallada d'Empordà",42.0802,3.05583,P,PPLA3,56,GI,17195,,17,0
3118824,Lastras del Pozo,Lastras del Pozo,Lastras del Pozo,40.8792,-4.34658,P,PPLA3,55,SG,40111,,40,88
3118826,Lastras de Cuéllar,Lastras de Cuellar,"Lastras de Cuellar,Lastras de Cuéllar",41.29762,-4.1067,P,PPLA3,55,SG,40110,,40,469
3118859,Laspuña,Laspuna,"A Espunya,Laspuna",42.50374,0.15441,P,PPLA3,52,HU,22144,,22,270
3118876,Laspaúles,Laspaules,"Laspaules,Laspaúles",42.47136,0.59698,P,PPLA3,52,HU,22143,,22,272
3118906,les Llosses,les Llosses,"Las Llosas,las Llosas,les Llosses",42.15,2.11667,P,PPLA3,56,GI,17096,,17,0
3118954,la Cellera de Ter,la Cellera de Ter,"la Cellera,la Cellera de Ter",41.96919,2.62402,P,PPLA3,56,GI,17189,,17,0
3118967,Lascuarre,Lascuarre,"Lascuarra,Lascuarre,Lasquarri,Llascuarri",42.19611,0.5201,P,PPLA3,52,HU,22142,,22,143
3119061,Larrodrigo,Larrodrigo,Larrodrigo,40.73722,-5.44895,P,PPLA3,55,SA,37169,,37,277
3119075,Larraul,Larraul,Larraul,43.18773,-2.10202,P,PPLA3,59,SS,20048,,20,184
3119078,Larraona,Larraona,Larraona,42.7797,-2.25682,P,PPLA3,32,NA,31143,,31,140
3119081,Larraga,Larraga,Larraga,42.55841,-1.84954,P,PPLA3,32,NA,31142,,31,1959
3119145,Laredo,Laredo,Laredo,43.4098,-3.41613,P,PPLA3,39,S,39035,,39,11148
3119153,Lardero,Lardero,"Lardero,la er de luo,Лардеро,Լարդերո,لارڈیرو,拉尔德罗",42.42686,-2.46153,P,PPLA3,27,LO,26084,,26,6214
3119192,Lapuebla de Labarca,Lapuebla de Labarca,,42.49455,-2.57341,P,PPLA3,59,VI,01033,,01,836
3119219,Lapoblación,Lapoblacion,"La Poblacion,La Población,Lapoblas'jon,Lapoblas'on,la bo fu la xi weng,Лапобласьйон,Лапобласьон,拉波夫拉西翁",42.60478,-2.46008,P,PPLA3,32,NA,31141,,31,170
3119243,Laperdiguera,Laperdiguera,Laperdiguera,41.99053,-0.04657,P,PPLA3,52,HU,22139,,22,103
3119295,Lanzuela,Lanzuela,Lanzuela,41.0985,-1.20616,P,PPLA3,52,TE,44133,,44,29
3119305,Lantz,Lantz,"Lantz,Lanz",43,-1.61667,P,PPLA3,32,NA,31140,,31,0
3119316,Lantadilla,Lantadilla,,42.34078,-4.27866,P,PPLA3,55,P,34092,,34,442
3119327,Languilla,Languilla,Languilla,41.44926,-3.42438,P,PPLA3,55,SG,40109,,40,116
3119336,Langayo,Langayo,Langayo,41.56986,-4.19866,P,PPLA3,55,VA,47077,,47,392
3119338,Langa del Castillo,Langa del Castillo,"Langa,Langa del Castillo",41.212,-1.3985,P,PPLA3,52,Z,50134,,50,177
3119339,Langa de Duero,Langa de Duero,"Langa,Langa de Duero,Langa-de-Duehro,Langa-de-Duero,Larga de Duero,lan jia de du ai luo,Ланга-де-Дуеро,Ланга-де-Дуэро,兰加德杜埃罗",41.60985,-3.40061,P,PPLA3,55,SO,42103,,42,876
3119340,Langa,Langa,Langa,41.0055,-4.85946,P,PPLA3,55,AV,05109,,05,550
3119341,Lanestosa,Lanestosa,Lanestosa,43.21986,-3.4392,P,PPLA3,59,BI,48051,,48,0
3119361,Láncara,Lancara,,42.86425,-7.33667,P,PPLA3,58,LU,27026,,27,3121
3119374,Lanaja,Lanaja,Lanaja,41.77063,-0.33095,P,PPLA3,52,HU,22137,,22,1465
3119397,la Morera de Montsant,la Morera de Montsant,"La-Morera-de-Montsant,la Morera,la Morera de Montsant,Ла-Морера-де-Монтсант",41.26529,0.84157,P,PPLA3,56,T,43096,,43,160
3119512,Lalueza,Lalueza,Lalueza,41.83967,-0.25493,P,PPLA3,52,HU,22136,,22,0
3119513,Laluenga,Laluenga,Laluenga,42.00703,-0.04715,P,PPLA3,52,HU,22135,,22,246
3119559,la Jonquera,la Jonquera,la Jonquera,42.41728,2.87363,P,PPLA3,56,GI,17086,,17,0
3119584,La Iglesuela del Cid,La Iglesuela del Cid,"Iglesuela del Cid,La Iglesuela",40.48312,-0.31938,P,PPLA3,52,TE,44126,,44,513
3119586,Polanco,Polanco,,43.38524,-4.01642,P,PPLA3,39,S,39054,,39,1000
3119618,Lagunilla del Jubera,Lagunilla del Jubera,Lagunilla del Jubera,42.33414,-2.32117,P,PPLA3,27,LO,26083,,26,575
3119622,Lagunilla,Lagunilla,Lagunilla,40.32491,-5.97132,P,PPLA3,55,SA,37168,,37,557
3119623,Lagunaseca,Lagunaseca,Lagunaseca,40.531,-2.01956,P,PPLA3,54,CU,16116,,16,130
3119629,Laguna de Negrillos,Laguna de Negrillos,"Laguna de Negrillos,Laguna-de-Negril'jos,Laguna-de-Negril'os,la gu na de nei ge li e si,Лагуна-де-Негрильос,Лагуна-де-Негрільйос,拉古纳德内格里略斯",42.23889,-5.66066,P,PPLA3,55,LE,24088,,24,1340
3119630,Laguna del Marquesado,Laguna del Marquesado,"La Laguna del Marquesado,Laguna del Marquesado",40.17749,-1.67167,P,PPLA3,54,CU,16115,,16,74
3119631,Laguna de Duero,Laguna de Duero,"Laguna de Duero,Laguna-de-Duehro,Лагуна-де-Дуэро",41.58151,-4.72332,P,PPLA3,55,VA,47076,,47,21762
3119632,Laguna de Contreras,Laguna de Contreras,Laguna de Contreras,41.49513,-4.02874,P,PPLA3,55,SG,40108,,40,154
3119633,Laguna de Cameros,Laguna de Cameros,Laguna de Cameros,42.17455,-2.54282,P,PPLA3,27,LO,26082,,26,163
3119634,Laguna Dalga,Laguna Dalga,Laguna Dalga,42.33192,-5.7522,P,PPLA3,55,LE,24087,,24,845
3119638,Lagueruela,Lagueruela,Lagueruela,41.0425,-1.19283,P,PPLA3,52,TE,44132,,44,54
3119645,Laguardia,Laguardia,"Biasteri,Guardia,La Gardia,Laguardia,Laguardija,Lagvardija,la gua er di ya,laghwardya,lagwardya,Ла Гардиа,Лагвардија,Лагуардія,لاغوارديا,لاگواردیا,拉瓜尔迪亚",42.55461,-2.58528,P,PPLA3,59,VI,01031,,01,1498
3119646,A Guarda,A Guarda,"A Guarda,La Guardia",41.90131,-8.87423,P,PPLA3,58,PO,36023,,36,0
3119658,Lagrán,Lagran,"Lagran,Lagrán",42.62625,-2.58385,P,PPLA3,59,VI,01030,,01,197
3119683,La Ginebrosa,La Ginebrosa,"La Ginebrosa,la Ginebrosa",40.86991,-0.13525,P,PPLA3,52,TE,44118,,44,236
3119687,Laxe,Laxe,,43.22019,-9.0063,P,PPLA3,58,C,15040,,15,2883
3119688,Lagata,Lagata,Lagata,41.2397,-0.80487,P,PPLA3,52,Z,50133,,50,124
3119689,Lagartos,Lagartos,,42.40578,-4.90454,P,PPLA3,55,P,34091,,34,136
3119711,La Frontera,La Frontera,La Frontera,40.40161,-2.21699,P,PPLA3,54,CU,16085,,16,204
3119793,Ladrillar,Ladrillar,El Ladrillar,40.46576,-6.22427,P,PPLA3,57,CC,10108,,10,269
3119809,Lakuntza,Lakuntza,"Lacunza,Lakuntza",42.92249,-2.02337,P,PPLA3,32,NA,31138,,31,0
3119841,A Coruña,A Coruna,"A Coruna,A Coruña,A Cruna,A Cruña,A Koruna,A-Korun'ja,Akoruna,Akoruņa,Caronium,Coruna,Corunako,Corunha,Corunya,Coruña,Coruñako,Corùna,In Coruna,In Coruña,Koruna,Korunjo,LCG,La Corogne,La Coronha,La Coruna,La Coruña,La Koruna,La Korunja,La Korunya,La-Karun'ja,La-Korun'ja,La-Korunya,The Groyne,la ke lu ni ya,la kwrwnya,lakolunya,lakrwnya,xa ko ruya,А Коруња,А-Корунья,Коруња,Ла Коруня,Ла-Карунья,Ла-Корунья,Լա Կորունա,א קורוניה,اے کرونا,لا كورونيا,لا کۆرونیا,لاکرونیا,อาโกรูญา,ლა-კორუნია,ア・コルーニャ,拉科魯尼亞,라코루냐",43.37135,-8.396,P,PPLA3,58,C,15030,,15,250438
3119884,La Carrera,La Carrera,La Carrera,40.34777,-5.55474,P,PPLA3,55,AV,05051,,05,0
3119926,Labuerda,Labuerda,,42.45234,0.13561,P,PPLA3,52,HU,22133,,22,164
3119941,La Bouza,La Bouza,,40.83626,-6.79551,P,PPLA3,55,SA,37056,,37,66
3119952,la Bisbal d'Empordà,la Bisbal d'Emporda,"La Bisbal,La Bisbal d'Emporda,La Bisbal d'Empordà,La Bisbal del Ampurdan,La Bisbal del Ampurdán,la  Bisbal,la Bisbal,la Bisbal d'Emporda,la Bisbal d'Empordà",41.95,3.05,P,PPLA3,56,GI,17022,,17,10385
3119965,Bastida / Labastida,Labastida,"Bastida,Labastida",42.58974,-2.79568,P,PPLA3,59,VI,01028,,01,1363
3119986,Labajos,Labajos,"Labajos,Labajoz",40.84335,-4.52005,P,PPLA3,55,SG,40107,,40,148
3120004,l'Ametlla de Mar,l'Ametlla de Mar,"Ametlla de Mar,L'Amela,L'Amela de Mar,L'Amela na Moru,l'Ametlla,l'Ametlla de Mar,Л'Амеља,Л'Амеља де Мар,Л'Амеља на Мору",40.9,0.8,P,PPLA3,56,T,43013,,43,0
3120050,Juzbado,Juzbado,Juzbado,41.07791,-5.8614,P,PPLA3,55,SA,37167,,37,186
3120051,Juià,Juia,"Juia,Juià,Juya,Juyá",42.01667,2.91667,P,PPLA3,56,GI,17087,,17,0
3120056,Justel,Justel,,42.14861,-6.29594,P,PPLA3,55,ZA,49097,,49,148
3120073,Juneda,Juneda,Juneda,41.54847,0.82451,P,PPLA3,56,L,25119,,25,3048
3120075,Juncosa,Juncosa,Juncosa,41.37033,0.7765,P,PPLA3,56,L,25118,,25,0
3120082,Junciana,Junciana,Junciana,40.41076,-5.55698,P,PPLA3,55,AV,05108,,05,81
3120102,Juarros de Voltoya,Juarros de Voltoya,Juarros de Voltoya,41.03097,-4.51922,P,PPLA3,55,SG,40106,,40,270
3120114,Xove,Xove,,43.68656,-7.5113,P,PPLA3,58,LU,27025,,27,0
3120118,Josa,Josa,Josa,40.9555,-0.76683,P,PPLA3,52,TE,44131,,44,28
3120121,Jorcas,Jorcas,Jorcas,40.54275,-0.75308,P,PPLA3,52,TE,44130,,44,38
3120122,Jorba,Jorba,Jorba,41.60193,1.5475,P,PPLA3,56,B,08103,,08,665
3120130,Joarilla de las Matas,Joarilla de las Matas,Joarilla de las Matas,42.28755,-5.17855,P,PPLA3,55,LE,24086,,24,404
3120133,Jirueque,Jirueque,Jirueque,40.96431,-2.90289,P,PPLA3,54,GU,19157,,19,87
3120141,Jerte,Jerte,Jerte,40.22271,-5.75011,P,PPLA3,57,CC,10107,,10,1312
3120154,Javier,Javier,,42.59119,-1.20884,P,PPLA3,32,NA,31135,,31,68
3120161,Jaulín,Jaulin,"Jaulin,Jaulín",41.45198,-0.99256,P,PPLA3,52,Z,50131,,50,322
3120162,Jatiel,Jatiel,Jatiel,41.22008,-0.38183,P,PPLA3,52,TE,44129,,44,72
3120164,Jasa,Jasa,"Chasa,Jasa",42.6948,-0.66605,P,PPLA3,52,HU,22131,,22,138
3120168,Jarque de la Val,Jarque de la Val,Jarque de la Val,40.70283,-0.80083,P,PPLA3,52,TE,44128,,44,94
3120169,Jarque,Jarque,Jarque,41.55613,-1.67563,P,PPLA3,52,Z,50130,,50,558
3120171,Jarilla,Jarilla,Jarilla,40.17156,-6.00281,P,PPLA3,57,CC,10106,,10,0
3120179,Jarandilla de la Vera,Jarandilla de la Vera,Jarandilla,40.12915,-5.66079,P,PPLA3,57,CC,10105,,10,3104
3120181,Jaramillo Quemado,Jaramillo Quemado,"Jaramillo,Jaramillo Quemado",42.08568,-3.35868,P,PPLA3,55,BU,09184,,09,15
3120182,Jaramillo de la Fuente,Jaramillo de la Fuente,Jaramillo de la Fuente,42.11472,-3.31239,P,PPLA3,55,BU,09183,,09,52
3120188,Jaraba,Jaraba,Jaraba,41.19083,-1.8844,P,PPLA3,52,Z,50129,,50,311
3120195,Jambrina,Jambrina,Jambrina,41.39196,-5.66411,P,PPLA3,55,ZA,49096,,49,213
3120196,Jalón de Cameros,Jalon de Cameros,"Jalon de Cameros,Jalón de Cameros",42.21804,-2.49004,P,PPLA3,27,LO,26081,,26,46
3120206,Jafre,Jafre,,42.07254,3.01062,P,PPLA3,56,GI,17085,,17,368
3120209,Jadraque,Jadraque,Jadraque,40.92454,-2.92468,P,PPLA3,54,GU,19156,,19,1370
3120211,Jaca,Jaca,"Chaca,Chaka,Hako,Jaca,Jaka,Khaka,ha ka,haka,Ĥako,Χάκα,Хака,ハカ,哈卡,하카",42.56898,-0.54987,P,PPLA3,52,HU,22130,,22,13396
3120215,Jabaloyas,Jabaloyas,Jabaloyas,40.2401,-1.40886,P,PPLA3,52,TE,44127,,44,81
3120221,Izurtza,Izurtza,"Izurtza,Izurza,Izurza Eleizalde",43.15,-2.63333,P,PPLA3,59,BI,48050,,48,266
3120240,Izagre,Izagre,Izagre,42.2241,-5.25727,P,PPLA3,55,LE,24084,,24,207
3120248,Iturmendi,Iturmendi,,42.88993,-2.11916,P,PPLA3,32,NA,31130,,31,384
3120251,Ituren,Ituren,Ituren,43.12897,-1.70714,P,PPLA3,32,NA,31129,,31,474
3120252,Ituero y Lama,Ituero y Lama,"Ituero,Ituero y Lama",40.80066,-4.37917,P,PPLA3,55,SG,40104,,40,112
3120254,Ituero de Azaba,Ituero de Azaba,Ituero de Azaba,40.48487,-6.69272,P,PPLA3,55,SA,37166,,37,277
3120258,Itero del Castillo,Itero del Castillo,,42.28988,-4.24441,P,PPLA3,55,BU,09182,,09,104
3120259,Itero de la Vega,Itero de la Vega,,42.28804,-4.25677,P,PPLA3,55,P,34089,,34,213
3120263,Isuerre,Isuerre,,42.48729,-1.054,P,PPLA3,52,Z,50128,,50,51
3120272,Isòvol,Isovol,"Isobol,Isovol,Isòvol,Isóbol",42.37763,1.81807,P,PPLA3,56,GI,17084,25051,17,0
3120289,Itsasondo,Isasondo,"Isasondo,Itsasondo",43.06909,-2.16464,P,PPLA3,59,SS,20047,,20,0
3120292,Isar,Isar,,42.3614,-3.9304,P,PPLA3,55,BU,09181,,09,382
3120298,Irurtzun,Irurtzun,"Irurtzun,Irurzun",42.91667,-1.83333,P,PPLA3,32,NA,31904,,31,0
3120302,Irura,Irura,Irura,43.16651,-2.06746,P,PPLA3,59,SS,20046,,20,1125
3120304,Irun,Irun,"Irun,Irun-Uranzu,Irún,Irún-Uranzu,yi lun,Ирун,伊倫",43.33904,-1.78938,P,PPLA3,59,SS,20045,,20,61983
3120307,Irueste,Irueste,Irueste,40.61206,-2.89072,P,PPLA3,54,GU,19155,,19,61
3120310,Iruelos,Iruelos,Iruelos,41.14135,-6.32808,P,PPLA3,55,SA,37165,,37,54
3120323,Irixoa,Irixoa,San Lorenzo,43.2847,-8.05916,P,PPLA3,58,C,15039,,15,0
3120336,Irañeta,Iraneta,,42.92287,-1.94595,P,PPLA3,32,NA,31127,,31,169
3120371,Iniéstola,Iniestola,"Iniestola,Iniéstola",40.994,-2.37063,P,PPLA3,54,GU,19153,,19,16
3120407,Illueca,Illueca,Illueca,41.53818,-1.62747,P,PPLA3,52,Z,50126,,50,3375
3120410,Illescas,Illescas,"Il'eskas,Illescas,Ilyeskas,ayyskas,yi lie si ka si,Ільєскас,Ильескас,Իլյեսկաս,اییسکاس,伊列斯卡斯",40.12213,-3.84704,P,PPLA3,54,TO,45081,,45,21264
3120413,Illano,Illano,"Eilao,Il'jano,Illano,ayanw,ayyanw,yi li ya nuo,Ільяно,إيانو,اییانو,伊利亚诺",43.33385,-6.8656,P,PPLA3,34,O,33029,,33,565
3120414,Illana,Illana,Illana,40.18442,-2.90889,P,PPLA3,54,GU,19152,,19,756
3120417,Ilche,Ilche,Ilche,41.95702,0.05728,P,PPLA3,52,HU,22128,,22,258
3120423,Igúzquiza,Iguzquiza,,42.64545,-2.08551,P,PPLA3,32,NA,31125,,31,369
3120427,Igüeña,Iguena,"Iguena,Igüeña",42.72853,-6.27738,P,PPLA3,55,LE,24083,,24,1633
3120431,Igualada,Igualada,"Igualada,Igvalada,Игвалада,Игуалада",41.58098,1.6172,P,PPLA3,56,B,08102,,08,38918
3120432,Igriés,Igries,"Igries,Igriés",42.21443,-0.43201,P,PPLA3,52,HU,22127,,22,396
3120435,Iglesias,Iglesias,,42.29807,-3.98932,P,PPLA3,55,BU,09180,,09,153
3120436,Iglesiarrubia,Iglesiarrubia,Iglesiarrubia,41.97383,-3.84701,P,PPLA3,55,BU,09179,,09,60
3120445,Igea,Igea,Igea,42.06777,-2.01094,P,PPLA3,27,LO,26080,,26,726
3120453,Idiazabal,Idiazabal,"Idiazabal,Idiazábal",43.01189,-2.23356,P,PPLA3,59,SS,20043,,20,2174
3120461,Ikaztegieta,Icazteguieta,"Icastiguia,Icazteguieta,Ikaztegieta",43.09444,-2.12373,P,PPLA3,59,SS,20044,,20,0
3120462,Ibrillos,Ibrillos,Ibrillos,42.45431,-3.08238,P,PPLA3,55,BU,09178,,09,89
3120466,Ivorra,Ivorra,"Iborra,Ivorra",41.76667,1.4,P,PPLA3,56,L,25114,,25,0
3120472,Ibieca,Ibieca,Ibieca,42.16079,-0.20855,P,PPLA3,52,HU,22126,,22,120
3120476,Ibeas de Juarros,Ibeas de Juarros,,42.33088,-3.53519,P,PPLA3,55,BU,09177,,09,1279
3120477,Ibdes,Ibdes,Ibdes,41.21667,-1.83333,P,PPLA3,52,Z,50125,,50,550
3120478,Ivars d'Urgell,Ivars d'Urgell,"Ibars de Urgel,Ivars d'Urgell",41.68019,0.98696,P,PPLA3,56,L,25113,,25,0
3120482,Ibarrangelu,Ibarrangelu,"Elejalde,Ibarrangelu,Ibarranguelua",43.39027,-2.63423,P,PPLA3,59,BI,48048,,48,541
3120485,Ibarra,Ibarra,"Campo Ibarra,Ibarra",43.13127,-2.06487,P,PPLA3,59,SS,20042,,20,0
3120493,Husillos,Husillos,Husillos,42.09054,-4.52709,P,PPLA3,55,P,34088,,34,200
3120494,Hurtumpascual,Hurtumpascual,Hurtumpascual,40.692,-5.11379,P,PPLA3,55,AV,05107,,05,102
3120495,Hurones,Hurones,,42.40571,-3.61588,P,PPLA3,55,BU,09176,,09,71
3120501,Humanes de Madrid,Humanes de Madrid,,40.25038,-3.83062,P,PPLA3,29,M,28073,,28,18098
3120502,Humanes,Humanes,Humanes,40.82598,-3.15257,P,PPLA3,54,GU,19151,,19,1305
3120503,Humada,Humada,"Humada,Umada,hwmada,wu ma da,Умада,هومادا,乌马达",42.66667,-4.08333,P,PPLA3,55,BU,09175,,09,173
3120506,Hueva,Hueva,Hueva,40.46221,-2.96039,P,PPLA3,54,GU,19150,,19,146
3120511,Huete,Huete,"Huet,Huete,Uehte,Uete,hwyty  qwnkt,wei te,Уете,Уэте,هويتي، قونكة,韦特",40.14526,-2.69026,P,PPLA3,54,CU,16112,,16,2075
3120514,Huesca,Huesca,"Gueesca,Güesca,HSK,Huesca,Hueska,Osca,Oska,Oueska,Uehska,Uesca,Ueska,hwyska,ueseuka,uesuka,wei si ka,wshqt,Òsca,ʼwʼsqh,Ουέσκα,Уеска,Уэска,אואסקה,هوئسکا,وشقة,ウエスカ,韦斯卡,우에스카",42.13615,-0.4087,P,PPLA2,52,HU,22125,,22,53956
3120515,Huesa del Común,Huesa del Comun,"Huesa del Comun,Huesa del Común,Huesca del Comun,Huesca del Común",41.01053,-0.91882,P,PPLA3,52,TE,44125,,44,107
3120517,Huerto,Huerto,Huerto,41.93128,-0.16684,P,PPLA3,52,HU,22124,,22,257
3120525,Huertahernando,Huertahernando,Huertahernando,40.82348,-2.28697,P,PPLA3,54,GU,19148,,19,66
3120529,Huerta del Marquesado,Huerta del Marquesado,Huerta del Marquesado,40.15,-1.68333,P,PPLA3,54,CU,16111,,16,237
3120530,Huerta de Arriba,Huerta de Arriba,Huerta de Arriba,42.11672,-3.08211,P,PPLA3,55,BU,09173,,09,171
3120535,Huerta,Huerta,Huerta,40.96843,-5.46769,P,PPLA3,55,SA,37164,,37,0
3120541,Huérmeces del Cerro,Huermeces del Cerro,"Huermeces del Cerro,Huérmeces del Cerro",41.05332,-2.79711,P,PPLA3,54,GU,19147,,19,52
3120542,Huérmeces,Huermeces,"Huermeces,Huérmeces",42.5225,-3.77072,P,PPLA3,55,BU,09172,,09,127
3120543,Huérguina,Huerguina,"Huerguina,Huérguina",40.03333,-1.6,P,PPLA3,54,CU,16109,,16,94
3120553,Huércanos,Huercanos,"Huercanos,Huércanos,Owerkanos,Uehrkanos,Uerkanos,Уерканос,Уэрканос,Ուերկանոս",42.428,-2.69589,P,PPLA3,27,LO,26079,,26,891
3120555,Huelves,Huelves,Huelves,40.04282,-2.88444,P,PPLA3,54,CU,16108,,16,57
3120558,Huélamo,Huelamo,"Huelamo,Huelamos,Huélamo",40.27658,-1.80957,P,PPLA3,54,CU,16107,,16,125
3120559,Huélaga,Huelaga,"Huelaga,Huélaga",40.05582,-6.61568,P,PPLA3,57,CC,10101,,10,192
3120563,Huecas,Huecas,Huecas,40.0123,-4.19541,P,PPLA3,54,TO,45077,,45,526
3120567,Huarte,Huarte,"Huarte,Uharte",42.83035,-1.59087,P,PPLA3,32,NA,31122,,31,3879
3120572,Hoz de Jaca,Hoz de Jaca,"Hoz de Jaca,Oz de Chaca",42.69045,-0.3065,P,PPLA3,52,HU,22122,,22,75
3120596,Hoyos de Miguel Muñoz,Hoyos de Miguel Munoz,"Hoyos de Miguel Munoz,Hoyos de Miguel Muñoz",40.39237,-5.06713,P,PPLA3,55,AV,05106,,05,50
3120598,Hoyos del Espino,Hoyos del Espino,"Hoyos,Hoyos del Espino",40.35623,-5.17505,P,PPLA3,55,AV,05105,,05,453
3120599,Hoyos del Collado,Hoyos del Collado,Hoyos del Collado,40.35945,-5.20027,P,PPLA3,55,AV,05104,,05,38
3120603,Hoyos,Hoyos,Hoyos,40.17154,-6.72092,P,PPLA3,57,CC,10100,,10,963
3120604,Hoyorredondo,Hoyorredondo,Hoyorredondo,40.4627,-5.41097,P,PPLA3,55,AV,05103,,05,107
3120605,Hoyo de Manzanares,Hoyo de Manzanares,,40.62265,-3.90733,P,PPLA3,29,M,28072,,28,7093
3120608,Hoyocasero,Hoyocasero,Hoyocasero,40.3989,-4.97455,P,PPLA3,55,AV,05101,,05,365
3120613,Hoyales de Roa,Hoyales de Roa,Hoyales de Roa,41.65893,-3.86202,P,PPLA3,55,BU,09170,,09,269
3120616,Hostalric,Hostalric,Hostalric,41.75,2.63333,P,PPLA3,56,GI,17083,,17,3442
3120621,Hospital de Órbigo,Hospital de Orbigo,"Hospital de Orbigo,Hospital de Órbigo",42.46354,-5.88636,P,PPLA3,55,LE,24082,,24,1060
3120631,Hortigüela,Hortiguela,"Hortiguela,Hortigüela",42.06842,-3.42578,P,PPLA3,55,BU,09169,,09,126
3120636,Horta de Sant Joan,Horta de Sant Joan,"Horta,Horta de San Juan,Horta de Sant Joan",40.95,0.31667,P,PPLA3,56,T,43071,,43,0
3120642,Hornos de Moncalvillo,Hornos de Moncalvillo,Hornos de Moncalvillo,42.39198,-2.5855,P,PPLA3,27,LO,26078,,26,94
3120645,Hornillos del Camino,Hornillos del Camino,,42.33863,-3.9256,P,PPLA3,55,BU,09167,,09,70
3120646,Hornillos de Cerrato,Hornillos de Cerrato,Hornillos de Cerrato,41.98772,-4.27207,P,PPLA3,55,P,34087,,34,119
3120647,Hornillos de Cameros,Hornillos de Cameros,Hornillos de Cameros,42.21001,-2.4196,P,PPLA3,27,LO,26077,,26,15
3120661,Hormilleja,Hormilleja,Hormilleja,42.45628,-2.73155,P,PPLA3,27,LO,26076,,26,179
3120662,Hormilla,Hormilla,Hormilla,42.43828,-2.77447,P,PPLA3,27,LO,26075,,26,435
3120665,Hormigos,Hormigos,Hormigos,40.09778,-4.44473,P,PPLA3,54,TO,45076,,45,492
3120672,Horche,Horche,Horche,40.56399,-3.0611,P,PPLA3,54,GU,19143,,19,1853
3120673,Horcajuelo de la Sierra,Horcajuelo de la Sierra,Horcajuelo de la Sierra,41.06019,-3.5464,P,PPLA3,29,M,28071,,28,0
3120678,Horcajo de Montemayor,Horcajo de Montemayor,Horcajo de Montemayor,40.42265,-5.89427,P,PPLA3,55,SA,37161,,37,196
3120679,Horcajo de las Torres,Horcajo de las Torres,Horcajo de las Torres,41.06497,-5.09092,P,PPLA3,55,AV,05099,,05,709
3120680,Horcajo de la Sierra,Horcajo de la Sierra,Horcajo de la Sierra,41.06723,-3.58534,P,PPLA3,29,M,28070,,28,0
3120690,Hontoria de Valdearados,Hontoria de Valdearados,Hontoria de Valdearados,41.74488,-3.51983,P,PPLA3,55,BU,09164,,09,256
3120691,Hontoria del Pinar,Hontoria del Pinar,Hontoria del Pinar,41.84838,-3.16245,P,PPLA3,55,BU,09163,,09,786
3120692,Hontoria de la Cantera,Hontoria de la Cantera,Hontoria de la Cantera,42.18879,-3.64251,P,PPLA3,55,BU,09162,,09,141
3120693,Hontoria de Cerrato,Hontoria de Cerrato,Hontoria de Cerrato,41.91061,-4.44209,P,PPLA3,55,P,34086,,34,111
3120697,Hontoba,Hontoba,Hontoba,40.45385,-3.03858,P,PPLA3,54,GU,19142,,19,229
3120701,Hontangas,Hontangas,Hontangas,41.58216,-3.7955,P,PPLA3,55,BU,09160,,09,129
3120702,Hontanas,Hontanas,,42.31312,-4.04529,P,PPLA3,55,BU,09159,,09,72
3120703,Hontanares de Eresma,Hontanares de Eresma,Hontanares de Eresma,40.98273,-4.20439,P,PPLA3,55,SG,40101,,40,288
3120710,Hontalbilla,Hontalbilla,Hontalbilla,41.34551,-4.12149,P,PPLA3,55,SG,40100,,40,382
3120711,Honrubia de la Cuesta,Honrubia de la Cuesta,Honrubia de la Cuesta,41.50998,-3.70453,P,PPLA3,55,SG,40099,,40,121
3120728,Hombrados,Hombrados,Hombrados,40.80118,-1.68558,P,PPLA3,54,GU,19139,,19,47
3120741,Hita,Hita,Hita,40.82149,-3.0454,P,PPLA3,54,GU,19138,,19,300
3120744,Hinojosa de San Vicente,Hinojosa de San Vicente,"Hinojosa,Hinojosa de San Vicente",40.10463,-4.72269,P,PPLA3,54,TO,45074,,45,487
3120745,Hinojosa del Campo,Hinojosa del Campo,"Hinojosa de Campo,Hinojosa del Campo,Inokhosa-del'-Kampo,hynkhsa dl kampw,yi nuo huo sa de er kan bo,Інохоса-дель-Кампо,Инохоса-дель-Кампо,هینخسا دل کامپو,伊诺霍萨德尔坎波",41.73844,-2.09946,P,PPLA3,55,SO,42100,,42,40
3120747,Hinojosa de Jarque,Hinojosa de Jarque,Hinojosa de Jarque,40.69049,-0.78541,P,PPLA3,52,TE,44123,,44,152
3120748,Hinojosa de Duero,Hinojosa de Duero,Hinojosa de Duero,40.98674,-6.79529,P,PPLA3,55,SA,37160,,37,779
3120759,Hijes,Hijes,Hijes,41.25139,-2.99989,P,PPLA3,54,GU,19136,,19,20
3120763,Híjar,Hijar,"Hijar,Híjar",41.17429,-0.45112,P,PPLA3,52,TE,44122,,44,1919
3120764,Higuera de las Dueñas,Higuera de las Duenas,"Higuera de las Duenas,Higuera de las Dueñas",40.23903,-4.60361,P,PPLA3,55,AV,05095,,05,300
3120771,Hiendelaencina,Hiendelaencina,"Endelaensina,Hiendelaencina,Iendelaehnsina,yan de lai en xi na,Єнделаенсіна,Иенделаэнсина,延德莱恩西纳",41.08373,-3.00337,P,PPLA3,54,GU,19135,,19,143
3120773,Hervías,Hervias,"Hervias,Hervías",42.44781,-2.88714,P,PPLA3,27,LO,26074,,26,131
3120776,Hervás,Hervas,"Ehrvas,Ervas,Ervás,Hervas,Hervás,ai er wa si,hyrfas,Ервас,Эрвас,هيرفاس,埃尔瓦斯",40.27081,-5.86721,P,PPLA3,57,CC,10096,,10,3823
3120777,Herrín de Campos,Herrin de Campos,"Herrin de Campos,Herrín de Campos",42.12476,-4.95239,P,PPLA3,55,VA,47073,,47,184
3120780,Herreros de Suso,Herreros de Suso,Herreros de Suso,40.80361,-5.03892,P,PPLA3,55,AV,05094,,05,191
3120789,Herrería,Herreria,"Herreria,Herrería",40.88815,-1.96014,P,PPLA3,54,GU,19134,,19,33
3120791,Herrera de Valdecañas,Herrera de Valdecanas,"Herrera de Valdecanas,Herrera de Valdecañas",42.04828,-4.20004,P,PPLA3,55,P,34084,,34,176
3120792,Herrera de Soria,Herrera de Soria,"Ehrrera-de-Sorija,Errera-de-Sorija,Herrera de Soria,ai lei la de suo li ya,Еррера-де-Сорія,Эррера-де-Сория,埃雷拉德索里亚",41.76269,-3.01243,P,PPLA3,55,SO,42098,,42,20
3120793,Herrera de Pisuerga,Herrera de Pisuerga,"Ehrrera-de-Pisuehrga,Errera-de-Pisuerga,Herrera,Herrera de Pisuerga,ai lei la de pi su ai er jia,Еррера-де-Пісуерга,Эррера-де-Писуэрга,埃雷拉德皮苏埃尔加",42.59492,-4.33034,P,PPLA3,55,P,34083,,34,2440
3120794,Herrera de los Navarros,Herrera de los Navarros,"Herrera,Herrera de los Navarros",41.21024,-1.08271,P,PPLA3,52,Z,50124,,50,645
3120803,Herramélluri,Herramelluri,"Ehrramel'juri,Ehrramel'uri,Erramel'juri,Herramelluri,Herramélluri,ai la mei liu li,Еррамельюрі,Эррамельури,Эррамельюри,埃拉梅柳里",42.50295,-3.01954,P,PPLA3,27,LO,26073,,26,130
3120808,Hernialde,Hernialde,Hernialde,43.15446,-2.08521,P,PPLA3,59,SS,20041,,20,314
3120809,Hernansancho,Hernansancho,,40.85753,-4.73045,P,PPLA3,55,AV,05092,,05,223
3120810,Hernán-Pérez,Hernan-Perez,"Ehrnan-Peres,Ernan-Peres,Hernan-Perez,Hernán-Pérez,ai er nan-pei lei si,hyrnan-byryz,Ернан-Перес,Эрнан-Перес,هيرنان-بيريز,埃尔南-佩雷斯",40.21246,-6.46479,P,PPLA3,57,CC,10093,,10,503
3120818,Hermisende,Hermisende,Hermisende,41.96898,-6.89616,P,PPLA3,55,ZA,49094,,49,367
3120826,Hérmedes de Cerrato,Hermedes de Cerrato,"Hermedes de Cerrato,Hérmedes de Cerrato",41.81972,-4.17361,P,PPLA3,55,P,34082,,34,123
3120832,Herguijuela del Campo,Herguijuela del Campo,Herguijuela del Campo,40.63102,-5.86398,P,PPLA3,55,SA,37159,,37,117
3120833,Herguijuela de la Sierra,Herguijuela de la Sierra,Herguijuela de la Sierra,40.44535,-6.07445,P,PPLA3,55,SA,37158,,37,294
3120834,Herguijuela de Ciudad Rodrigo,Herguijuela de Ciudad Rodrigo,Herguijuela de Ciudad Rodrigo,40.4586,-6.52075,P,PPLA3,55,SA,37157,,37,154
3120838,Herce,Herce,Herce,42.21423,-2.16488,P,PPLA3,27,LO,26072,,26,356
3120845,Herbés,Herbes,"Herbers,Herbes,Herbés",40.721,-0.00441,P,PPLA3,60,CS,12068,,12,81
3120852,Henche,Henche,Henche,40.71474,-2.70746,P,PPLA3,54,GU,19132,,19,119
3120867,Echo,Echo,"Echo,Hecho",42.73844,-0.75016,P,PPLA3,52,HU,22901,,22,977
3120868,Hazas de Cesto,Hazas de Cesto,Hazas de Cesto,43.39653,-3.58916,P,PPLA3,39,S,39031,,39,1284
3120871,Haza,Haza,"Asa,Haza,hasa,Аса,هاسا",41.61667,-3.81667,P,PPLA3,55,BU,09155,,09,36
3120874,Haro,Haro,Haro,42.57634,-2.8476,P,PPLA3,27,LO,26071,,26,12261
3120885,Hacinas,Hacinas,Hacinas,41.98514,-3.28709,P,PPLA3,55,BU,09154,,09,182
3120893,Gutierre-Muñoz,Gutierre-Munoz,"Gutierre-Muno,Gutierre-Munoz,Gutierre-Muño,Gutierre-Muñoz",40.98295,-4.63839,P,PPLA3,55,AV,05090,,05,119
3120895,Gusendos de los Oteros,Gusendos de los Oteros,Gusendos de los Oteros,42.37818,-5.43088,P,PPLA3,55,LE,24081,,24,173
3120898,Gurrea de Gállego,Gurrea de Gallego,"Gurrea,Gurrea de Gallego,Gurrea de Gállego",42.01541,-0.7615,P,PPLA3,52,HU,22119,,22,1742
3120903,Guntín,Guntin,,42.88702,-7.69259,P,PPLA3,58,LU,27023,,27,0
3120928,Guitiriz,Guitiriz,Guitiriz,43.18169,-7.89656,P,PPLA3,58,LU,27022,,27,6033
3120931,Guisando,Guisando,Guisando,40.22225,-5.1395,P,PPLA3,55,AV,05089,,05,635
3120934,Guirguillano,Guirguillano,,42.71725,-1.87798,P,PPLA3,32,NA,31121,,31,96
3120944,Guimerà,Guimera,"Guimera,Guimerà",41.5645,1.18528,P,PPLA3,56,L,25109,,25,370
3120951,Guils de Cerdanya,Guils de Cerdanya,"Guils de Cerdana,Guils de Cerdanya,Guils de Cerdaña",42.4474,1.88012,P,PPLA3,56,GI,17082,17082,17,0
3120963,Guijuelo,Guijuelo,"Gikhuehlo,Gikhuelo,Guijuelo,ji hu ai luo,Гихуэло,Гіхуело,吉胡埃洛",40.55757,-5.67067,P,PPLA3,55,SA,37156,,37,5221
3120966,Guijo de Santa Bárbara,Guijo de Santa Barbara,"Guijo de Santa Barbara,Guijo de Santa Bárbara",40.1541,-5.65414,P,PPLA3,57,CC,10091,,10,429
3120967,Guijo de Granadilla,Guijo de Granadilla,Guijo de Granadilla,40.19351,-6.16339,P,PPLA3,57,CC,10090,,10,674
3120968,Guijo de Galisteo,Guijo de Galisteo,Guijo de Galisteo,40.09383,-6.41007,P,PPLA3,57,CC,10089,,10,1547
3120969,Guijo de Coria,Guijo de Coria,Guijo de Coria,40.10098,-6.46383,P,PPLA3,57,CC,10088,,10,254
3120970,Guijo de Ávila,Guijo de Avila,"Guijo de Avila,Guijo de Ávila",40.53078,-5.6397,P,PPLA3,55,SA,37155,,37,109
3120985,Getaria,Getaria,"Cetaria,Getaria,Getarija,Guetaria,getaria,ghytarya,he ta li ya,Гетария,Гетарія,غيتاريا,ゲタリア,赫塔里亚",43.30326,-2.20444,P,PPLA3,59,SS,20039,,20,2530
3120989,Gernika-Lumo,Gernika-Lumo,"Gernika,Gernika-Lumo,Guernica,Guernica y Luno",43.31667,-2.68333,P,PPLA3,59,BI,48046,,48,16244
3121014,Gúdar,Gudar,"Gudar,Gúdar",40.44107,-0.72048,P,PPLA3,52,TE,44121,,44,80
3121015,Guaza de Campos,Guaza de Campos,"Guaza,Guaza de Campos",42.13365,-4.90949,P,PPLA3,55,P,34081,,34,69
3121029,Guardo,Guardo,"Cuardo,Guardo,Gvardo,gua er duo,Гвардо,Гуардо,瓜尔多",42.78966,-4.84823,P,PPLA3,55,P,34080,,34,7920
3121030,Guardiola de Berguedà,Guardiola de Bergueda,"Guardiola,Guardiola de Berga,Guardiola de Bergueda,Guardiola de Berguedà",42.2349,1.87716,P,PPLA3,56,B,08099,,08,0
3121032,Sant Salvador de Guardiola,Sant Salvador de Guardiola,"Guardiola,Sant Salvador de Guardiola",41.68333,1.76667,P,PPLA3,56,B,08098,,08,3146
3121044,Gualta,Gualta,,42.02953,3.10312,P,PPLA3,56,GI,17081,,17,338
3121051,Guadramiro,Guadramiro,Guadramiro,41.01703,-6.49369,P,PPLA3,55,SA,37154,,37,191
3121058,Guadarrama,Guadarrama,Guadarram,40.6727,-4.08949,P,PPLA3,29,M,28068,,28,14800
3121065,Guadalix de la Sierra,Guadalix de la Sierra,,40.78496,-3.69347,P,PPLA3,29,M,28067,,28,6813
3121068,Guadalaviar,Guadalaviar,Guadalaviar,40.38824,-1.71803,P,PPLA3,52,TE,44120,,44,273
3121070,Guadalajara,Guadalajara,"GDU,Guadalajara,Gvadalaharo,Gvadalakhara,guadarahara,Гвадалахара,グアダラハラ",40.62862,-3.16185,P,PPLA2,54,GU,19130,,19,93470
3121101,Grisén,Grisen,"Grisen,Grisén",41.74524,-1.1626,P,PPLA3,52,Z,50123,,50,475
3121102,Grisel,Grisel,Grisel,41.87109,-1.72794,P,PPLA3,52,Z,50122,,50,59
3121103,Grisaleña,Grisalena,"Grisalena,Grisaleña",42.59122,-3.26416,P,PPLA3,55,BU,09149,,09,43
3121105,Griñón,Grinon,"Grinon,Griñón",40.21249,-3.85482,P,PPLA3,29,M,28066,,28,7484
3121108,Grijota,Grijota,Grijota,42.05289,-4.58309,P,PPLA3,55,P,34079,,34,1047
3121118,Grijalba,Grijalba,Grijalba,42.43002,-4.11896,P,PPLA3,55,BU,09148,,09,124
3121120,Griegos,Griegos,Griegos,40.42722,-1.71201,P,PPLA3,52,TE,44119,,44,140
3121134,Grávalos,Gravalos,"Bravalos,Gravalos,Grávalos",42.10836,-1.99874,P,PPLA3,27,LO,26070,,26,236
3121135,Graus,Graus,"Graus,ge lao si,Граус,格劳斯",42.18885,0.33749,P,PPLA3,52,HU,22117,,22,3436
3121142,Granucillo,Granucillo,Granucillo,42.05209,-5.92777,P,PPLA3,55,ZA,49092,,49,224
3121143,Grañón,Granon,"Gran'jon,Gran'on,Granion,Granon,Grañón,ge la ni weng,Граньйон,Граньон,Գրանիոն,格拉尼翁",42.44992,-3.02767,P,PPLA3,27,LO,26069,,26,360
3121149,Granja de Moreruela,Granja de Moreruela,Granja de Moreruela,41.81026,-5.73893,P,PPLA3,55,ZA,49091,,49,329
3121150,la Granja d'Escarp,la Granja d'Escarp,"Granja de Escarpe,la Granja d'Escarp",41.41667,0.36667,P,PPLA3,56,L,25102,,25,0
3121158,Granera,Granera,Granera,41.72741,2.05924,P,PPLA3,56,B,08095,,08,80
3121161,Grañén,Granen,"Granen,Grañén",41.94104,-0.36941,P,PPLA3,52,HU,22116,,22,1991
3121197,Grandas de Salime,Grandas de Salime,"Crandas de Salime,Grandas,Grandas de Salime,Grandas-de-Salime,ge lan da si de sa li mei,ghrandas dy salymy,grandas d salymh,Грандас-де-Салиме,Грандас-де-Саліме,غرانداس دي ساليمي,گرانداس د سالیمه,格兰达斯德萨利梅",43.21554,-6.8757,P,PPLA3,34,O,33027,,33,1203
3121216,la Granadella,la Granadella,"Granadella,La Granadella,la Granadella",41.35,0.66667,P,PPLA3,56,L,25101,,25,792
3121230,Grajera,Grajera,Grajera,41.37319,-3.61304,P,PPLA3,55,SG,40097,,40,107
3121233,Grajal de Campos,Grajal de Campos,Grajal,42.32073,-5.01938,P,PPLA3,55,LE,24080,,24,275
3121268,Gotor,Gotor,Gotor,41.54583,-1.64915,P,PPLA3,52,Z,50121,,50,381
3121270,Gotarrendura,Gotarrendura,Gotarrendura,40.82652,-4.7409,P,PPLA3,55,AV,05087,,05,189
3121271,Gósol,Gosol,"Gosol,Gósol",42.23697,1.6601,P,PPLA3,56,L,25100,,25,220
3121285,Gormaz,Gormaz,"Gormas,Gormaz,ge er ma si,Гормас,戈尔马斯",41.49232,-3.005,P,PPLA3,55,SO,42097,,42,19
3121290,Gordoncillo,Gordoncillo,"Gordoncillo,Gordonsil'jo,Gordonsil'o,ge er dong xi e,gwrdwnsyyw,Гордонсильо,Гордонсільйо,گوردونسییو,戈尔东西略",42.13557,-5.40181,P,PPLA3,55,LE,24078,,24,637
3121295,Gordaliza del Pino,Gordaliza del Pino,Gordaliza,42.34357,-5.15731,P,PPLA3,55,LE,24077,,24,301
3121311,Goñi,Goni,"Goni,Goñi",42.85167,-1.90358,P,PPLA3,32,NA,31118,,31,202
3121316,Gondomar,Gondomar,Gondomar,42.11155,-8.74971,P,PPLA3,58,PO,36021,,36,13841
3121329,Gomecello,Gomecello,Gomecello,41.0428,-5.53585,P,PPLA3,55,SA,37152,,37,509
3121333,Gómara,Gomara,"Gomara,Gómara,ge ma la,Гомара,Գոմարա,戈马拉",41.62347,-2.22493,P,PPLA3,55,SO,42096,,42,416
3121339,Golpejas,Golpejas,Golpejas,40.99981,-5.90687,P,PPLA3,55,SA,37151,,37,182
3121344,Golmés,Golmes,"Golmes,Golmés",41.63354,0.93125,P,PPLA3,56,L,25099,,25,1456
3121345,Golmayo,Golmayo,"Gol'majo,Golmayo,ge er mai ao,Гольмайо,戈尔迈奥",41.7662,-2.52267,P,PPLA3,55,SO,42095,,42,1358
3121357,Goizueta,Goizueta,"Boizueta,Coizueta,Goizueta,Gojsuehta,Gojsueta,ge yi su ai ta,Гойсуета,Гойсуэта,戈伊苏埃塔",43.17187,-1.86411,P,PPLA3,32,NA,31117,,31,782
3121370,Godojos,Godojos,Godojos,41.26838,-1.8641,P,PPLA3,52,Z,50120,,50,55
3121394,Gistaín,Gistain,"Chisten,Chistén,Gistain,Gistaín",42.5911,0.33478,P,PPLA3,52,HU,22114,,22,158
3121404,Xinzo de Limia,Xinzo de Limia,Xinzo,42.0635,-7.72459,P,PPLA3,58,OR,32032,,32,10161
3121411,Ginestar,Ginestar,Ginestar,41.04184,0.6329,P,PPLA3,56,T,43067,,43,963
3121415,Gimileo,Gimileo,,42.54992,-2.82237,P,PPLA3,27,LO,26068,,26,139
3121416,Gimialcón,Gimialcon,"Gimialcon,Gimialcón",40.87705,-5.12308,P,PPLA3,55,AV,05086,,05,108
3121424,Gijón,Gijon,"Chichonas,Gigia,Gijon,Gijon/Xixon,Gijón,Gijón/Xixón,Hihono,Khikhon,Kixoi,QIJ,Xixon,Xixón,gyjwn,hihon,hyhwn,khi khxn,khikhoni,khykhn,khykhwn,kikon,xi hong,Ĥiĥono,Хихон,Хіхон,חיחון,خيخون,خیخن,خیخۆن,گیجون,கிகோன்,คีคอน,ხიხონი,ヒホン,希洪,히혼",43.53573,-5.66152,P,PPLA3,34,O,33024,,33,271780
3121437,Getafe,Getafe,"Chetafe,Chetafė,Getafe,Khetafe,Khetafeh,Tituacia,Xetafe,he ta fei,hetafe,hetape,khe tafe,khytafy,Χετάφε,Хетафе,Хетафэ,خيتافي,เคตาเฟ,ヘタフェ,赫塔费,헤타페",40.30571,-3.73295,P,PPLA3,29,M,28065,,28,187525
3121456,Girona,Girona,"GRO,Gerona,Gerone,Girona,Girono,Gérone,Kherona,Zherona,Zhirona,jirona,Ĝirono,Жерона,Жирона,Херона,ジローナ",41.98311,2.82493,P,PPLA2,56,GI,17079,,17,100266
3121461,Geria,Geria,Geria,41.57868,-4.87663,P,PPLA3,55,VA,47071,,47,474
3121467,Ger,Ger,,42.41059,1.84536,P,PPLA3,56,GI,17078,17084,17,0
3121469,Genevilla,Genevilla,,42.6452,-2.39021,P,PPLA3,32,NA,31116,,31,100
3121480,Gemuño,Gemuno,"Gemuno,Gemuño",40.59159,-4.78178,P,PPLA3,55,AV,05083,,05,187
3121482,Gema,Gema,Gema,41.41855,-5.64906,P,PPLA3,55,ZA,49090,,49,271
3121486,Gelida,Gelida,,41.43333,1.86667,P,PPLA3,56,B,08091,,08,5750
3121490,Gejuelo del Barro,Gejuelo del Barro,Gejuelo del Barro,41.07633,-6.12332,P,PPLA3,55,SA,37150,,37,50
3121495,Gea de Albarracín,Gea de Albarracin,Gea,40.41114,-1.34823,P,PPLA3,52,TE,44117,,44,428
3121498,Gaztelu,Gaztelu,Gaztelu,43.11622,-2.02439,P,PPLA3,59,SS,20907,,20,151
3121507,Gabiria,Gabiria,"Gabiria,Gaviria",43.04934,-2.27962,P,PPLA3,59,SS,20038,,20,0
3121513,Gavilanes,Gavilanes,Gavilanes,40.27791,-4.85321,P,PPLA3,55,AV,05082,,05,686
3121519,Gavà,Gava,"Gava,Gavà,Гава",41.30605,2.00123,P,PPLA3,56,B,08089,,08,45994
3121522,Gatón de Campos,Gaton de Campos,"Gaton,Gaton de Campos,Gatón,Gatón de Campos",42.04984,-4.98078,P,PPLA3,55,VA,47070,,47,43
3121527,Gatika,Gatika,"Gatica,Gatika,Santa Maria de Gatica,Santa María de Gatica",43.36313,-2.87294,P,PPLA3,59,BI,48040,,48,1376
3121529,Gata,Gata,Gata,40.23758,-6.59684,P,PPLA3,57,CC,10084,,10,1788
3121533,Gascueña de Bornova,Gascuena de Bornova,"Gascuena de Bornova,Gascueña de Bornova",41.14243,-3.01924,P,PPLA3,54,GU,19129,,19,54
3121534,Gascueña,Gascuena,"Gascuena,Gascueña",40.29937,-2.51856,P,PPLA3,54,CU,16094,,16,150
3121535,Gascones,Gascones,Gascones,41.01843,-3.64217,P,PPLA3,29,M,28064,,28,178
3121545,Garriguella,Garriguella,Garriguella,42.34392,3.06506,P,PPLA3,56,GI,17077,,17,727
3121546,Garrigoles,Garrigoles,"Garrigolas,Garrigoles",42.1,3.03333,P,PPLA3,56,GI,17076,,17,0
3121548,Garrigàs,Garrigas,"Garrigas,Garrigàs",42.19343,2.95438,P,PPLA3,56,GI,17075,,17,327
3121549,Garray,Garray,"Garraj,Гаррай",41.81617,-2.44592,P,PPLA3,55,SO,42094,,42,506
3121554,Garralda,Garralda,Garralda,42.94818,-1.28624,P,PPLA3,32,NA,31115,,31,190
3121555,Garrafe de Torío,Garrafe de Torio,"Carrafe de Torio,Garrafe,Garrafe de Torio,Garrafe de Torío,Garrafe-de-Torio,jia la fei de tuo li ao,Гаррафе-де-Торио,Гаррафе-де-Торіо,加拉费德托里奥",42.73285,-5.5236,P,PPLA3,55,LE,24076,,24,1101
3121569,Garínoain,Garinoain,,42.60036,-1.64434,P,PPLA3,32,NA,31114,,31,462
3121575,Gargüera,Garguera,"Garguera,Gargüera",40.0613,-5.92781,P,PPLA3,57,CC,10081,,10,160
3121582,Gargantilla,Gargantilla,Gargantilla,40.24835,-5.92068,P,PPLA3,57,CC,10080,,10,444
3121586,Garganta la Olla,Garganta la Olla,Garganta la Olla,40.11049,-5.77665,P,PPLA3,57,CC,10079,,10,1154
3121589,Garganta del Villar,Garganta del Villar,Garganta del Villar,40.44965,-5.1042,P,PPLA3,55,AV,05081,,05,55
3121590,Garganta de los Montes,Garganta de los Montes,Garganta de los Montes,40.91992,-3.68375,P,PPLA3,29,M,28062,,28,365
3121598,Gargallo,Gargallo,"Gargallo,Gargayo",40.83583,-0.58442,P,PPLA3,52,TE,44116,,44,107
3121602,Garde,Garde,Garde,42.78937,-0.92589,P,PPLA3,32,NA,31113,,31,175
3121605,Garcirrey,Garcirrey,Garcirrey,40.90049,-6.1312,P,PPLA3,55,SA,37149,,37,96
3121608,Garcillán,Garcillan,"Garcillan,Garcillán",40.97771,-4.26577,P,PPLA3,55,SG,40094,,40,382
3121609,Garcihernández,Garcihernandez,"Garcihernandez,Garcihernández",40.86096,-5.43567,P,PPLA3,55,SA,37148,,37,579
3121610,Garcibuey,Garcibuey,Garcibuey,40.51552,-5.99439,P,PPLA3,55,SA,37147,,37,228
3121611,Garcia,Garcia,"Garcia,García",41.13333,0.65,P,PPLA3,56,T,43065,,43,496
3121617,Garaioa,Garaioa,"Garaioa,Garayoa",42.93333,-1.23333,P,PPLA3,32,NA,31112,,31,0
3121642,Gandesa,Gandesa,"Gandesa,Gandeza,Grandesa,Гандеза",41.05375,0.4385,P,PPLA3,56,T,43064,,43,2957
3121659,Gamones,Gamones,Gamones,41.4669,-6.17621,P,PPLA3,55,ZA,49088,,49,105
3121677,Galve de Sorbe,Galve de Sorbe,"Galve,Galve de Sorba,Galve de Sorbe",41.21667,-3.18333,P,PPLA3,54,GU,19127,,19,133
3121678,Galve,Galve,Galve,40.65591,-0.88217,P,PPLA3,52,TE,44115,,44,137
3121679,Gallur,Gallur,Gallur,41.8683,-1.31577,P,PPLA3,52,Z,50118,,50,2925
3121682,Gallocanta,Gallocanta,,40.99624,-1.50774,P,PPLA3,52,Z,50117,,50,148
3121687,Gallipienzo,Gallipienzo,Gallipienzo,42.5245,-1.41115,P,PPLA3,32,NA,31110,,31,155
3121690,Gallinero de Cameros,Gallinero de Cameros,Gallinero de Cameros,42.17229,-2.61793,P,PPLA3,27,LO,26067,,26,23
3121697,Gallifa,Gallifa,Gallifa,41.69243,2.11346,P,PPLA3,56,B,08087,,08,218
3121702,Gallegos de Sobrinos,Gallegos de Sobrinos,Gallegos de Sobrinos,40.71693,-5.11224,P,PPLA3,55,AV,05080,,05,91
3121704,Gallegos del Río,Gallegos del Rio,"Gallegos del Rio,Gallegos del Río",41.73497,-6.17435,P,PPLA3,55,ZA,49087,,49,722
3121705,Gallegos del Pan,Gallegos del Pan,Gallegos del Pan,41.59985,-5.58117,P,PPLA3,55,ZA,49086,,49,161
3121707,Gallegos de Hornija,Gallegos de Hornija,Gallegos de Hornija,41.6098,-5.09768,P,PPLA3,55,VA,47069,,47,153
3121709,Gallegos de Argañán,Gallegos de Arganan,"Gallegos de Arganan,Gallegos de Argañán",40.63146,-6.70246,P,PPLA3,55,SA,37145,,37,359
3121715,Gallegos,Gallegos,,41.07508,-3.78591,P,PPLA3,55,SG,40093,,40,100
3121728,Galisancho,Galisancho,Galisancho,40.74418,-5.55471,P,PPLA3,55,SA,37144,,37,459
3121731,Galinduste,Galinduste,Galinduste,40.66266,-5.54003,P,PPLA3,55,SA,37143,,37,531
3121732,Galindo y Perahuy,Galindo y Perahuy,Galindo y Perahuy,40.94397,-5.8741,P,PPLA3,55,SA,37142,,37,537
3121736,Galilea,Galilea,Galilea,42.34703,-2.23605,P,PPLA3,27,LO,26066,,26,307
3121744,Galende,Galende,,42.1044,-6.66252,P,PPLA3,55,ZA,49085,,49,1336
3121751,Galdakao,Galdakao,"Gal'dakano,Galdacan,Galdacano,Galdacon,Galdakao,Galdácano,Гальдакано",43.23073,-2.8429,P,PPLA3,59,BI,48036,,48,29226
3121752,Galbárruli,Galbarruli,"Gabalruli,Gabálruli,Galbarruli,Galbárruli",42.62181,-2.96087,P,PPLA3,27,LO,26065,,26,69
3121753,Galbarros,Galbarros,Galbarros,42.52729,-3.43827,P,PPLA3,55,BU,09143,,09,30
3121762,Galar,Galar,"Cendea de Galar,Galar,Galar Zendea,jia la er,Галар,加拉尔",42.76147,-1.69881,P,PPLA3,32,NA,31109,,31,1368
3121763,Galápagos,Galapagos,"Galapagos,Galápagos",40.69347,-3.33537,P,PPLA3,54,GU,19126,,19,833
3121766,Galapagar,Galapagar,"Galapagar,jalabajar,jia la pa jia er,Галапагар,جالاباجار,加拉帕加尔",40.5783,-4.00426,P,PPLA3,29,M,28061,,28,31820
3121769,Gajates,Gajates,Gajates,40.78254,-5.36506,P,PPLA3,55,SA,37141,,37,187
3121772,Gajanejos,Gajanejos,Gajanejos,40.84147,-2.89229,P,PPLA3,54,GU,19125,,19,64
3121774,Gaintza,Gainza,"Gaintza,Gainza,Gaínza",43.05271,-2.1329,P,PPLA3,59,SS,20037,,20,0
3121796,Fustiñana,Fustinana,"Fustinana,Fustiñana",42.02087,-1.48526,P,PPLA3,32,NA,31108,,31,2550
3121806,Funes,Funes,Funes,42.31562,-1.80017,P,PPLA3,32,NA,31107,,31,2406
3121813,Fulleda,Fulleda,Fulleda,41.46334,1.02395,P,PPLA3,56,L,25097,25097,25,114
3121818,Fuertescusa,Fuertescusa,"Fuerte-Escusa,Fuertescusa",40.47552,-2.1762,P,PPLA3,54,CU,16091,,16,126
3121819,Fuentidueña de Tajo,Fuentiduena de Tajo,"Fuentiduena de Tajo,Fuentidueña de Tajo",40.11574,-3.15718,P,PPLA3,29,M,28060,,28,1673
3121820,Fuentidueña,Fuentiduena,"Fuehntiduehn'ja,Fuentiduen'ja,Fuentiduena,Fuentidueña,feng di du ai ni ya,Фуентідуенья,Фуэнтидуэнья,丰蒂杜埃尼亚",41.44226,-3.97899,P,PPLA3,55,SG,40092,,40,158
3121826,Fuentestrún,Fuentestrun,"Fuentestrun,Fuentestrur,Fuentestrún,Fuentestrúr",41.87466,-2.08283,P,PPLA3,55,SO,42093,,42,87
3121828,Fuentespreadas,Fuentespreadas,Fuentespreadas,41.32627,-5.62798,P,PPLA3,55,ZA,49084,,49,369
3121829,Fuentespina,Fuentespina,Fuentespina,41.63079,-3.68475,P,PPLA3,55,BU,09141,,09,667
3121830,Fuentespalda,Fuentespalda,"Fondespatla,Fontespala,Fuentespalda",40.80666,0.06517,P,PPLA3,52,TE,44114,,44,379
3121831,Fuentesoto,Fuentesoto,Fuentesoto,41.45664,-3.91835,P,PPLA3,55,SG,40091,,40,165
3121834,Fuentesecas,Fuentesecas,Fuentesecas,41.63077,-5.47252,P,PPLA3,55,ZA,49083,,49,82
3121835,Fuentes de Valdepero,Fuentes de Valdepero,Fuentes de Valdepero,42.07532,-4.5005,P,PPLA3,55,P,34077,,34,232
3121837,Fuentes de Rubielos,Fuentes de Rubielos,"Fonts de Rubiols,Fuentes de Rubielos",40.16667,-0.61667,P,PPLA3,52,TE,44113,,44,129
3121838,Fuentes de Ropel,Fuentes de Ropel,"Fuentes,Fuentes de Ropel",42.00377,-5.54532,P,PPLA3,55,ZA,49082,,49,563
3121840,Fuentes de Oñoro,Fuentes de Onoro,"Fuentes de Onoro,Fuentes de Oñoro",40.59102,-6.81144,P,PPLA3,55,SA,37140,,37,1538
3121841,Fuentes de Nava,Fuentes de Nava,Fuentes de Nava,42.08333,-4.78333,P,PPLA3,55,P,34076,,34,767
3121843,Fuentes de Magaña,Fuentes de Magana,"Fuehntes-de-Maganija,Fuentes de Magana,Fuentes de Magaña,Fuentes-de-Magan'ja,feng te si de ma jia ni ya,Фуентес-де-Маганья,Фуэнтес-де-Магания,丰特斯德马加尼亚",41.93521,-2.1795,P,PPLA3,55,SO,42092,,42,80
3121847,Fuentes de Jiloca,Fuentes de Jiloca,Fuentes de Jiloca,41.22859,-1.53616,P,PPLA3,52,Z,50116,,50,300
3121849,Fuentes de Ebro,Fuentes de Ebro,Fuentes de Ebro,41.5125,-0.63159,P,PPLA3,52,Z,50115,,50,4150
3121853,Fuentes de Carbajal,Fuentes de Carbajal,Fuentes de Carbajal,42.17776,-5.44606,P,PPLA3,55,LE,24074,,24,0
3121854,Fuentes de Béjar,Fuentes de Bejar,"Fuehntes-de-Bekhar,Fuentes de Bejar,Fuentes de Béjar,Fuentes-de-Bekhar,feng te si de wei ha er,Фуентес-де-Бехар,Фуэнтес-де-Бехар,丰特斯德韦哈尔",40.50815,-5.6927,P,PPLA3,55,SA,37139,,37,289
3121855,Fuentes de Ayódar,Fuentes de Ayodar,"Fuentes de Ayodar,Fuentes de Ayódar",40.03333,-0.41667,P,PPLA3,60,CS,12064,,12,96
3121856,Fuentes de Año,Fuentes de Ano,"Fuentes de Ano,Fuentes de Año",41.01769,-4.89907,P,PPLA3,55,AV,05078,,05,173
3121860,Fuentes Claras,Fuentes Claras,Fuentes Claras,40.86375,-1.32266,P,PPLA3,52,TE,44112,,44,554
3121862,Fuentes Calientes,Fuentes Calientes,Fuentes Calientes,40.7,-0.96667,P,PPLA3,52,TE,44111,,44,132
3121865,Fuentesaúco de Fuentidueña,Fuentesauco de Fuentiduena,"Fuentesauco de Fuentiduena,Fuentesaúco de Fuentidueña",41.42445,-4.06215,P,PPLA3,55,SG,40089,,40,310
3121867,Fuentesaúco,Fuentesauco,"Fuentesauco,Fuentesaúco",41.23043,-5.49722,P,PPLA3,55,ZA,49081,,49,1879
3121877,Fuenterroble de Salvatierra,Fuenterroble de Salvatierra,Fuenterroble de Salvatierra,40.56466,-5.73379,P,PPLA3,55,SA,37138,,37,262
3121881,Hondarribia,Fuenterrabia,"Fontarabie,Fuenterrabia,Fuenterrabía,Hondarribi,Hondarribia",43.36859,-1.79622,P,PPLA3,59,SS,20036,,20,16458
3121885,Fuentepinilla,Fuentepinilla,"Fuehntepinil'ja,Fuentepinil'ja,Fuentepinilla,feng te pi ni li ya,Фуентепінілья,Фуэнтепинилья,丰特皮尼利亚",41.56683,-2.76288,P,PPLA3,55,SO,42090,,42,143
3121886,Fuentepiñel,Fuentepinel,"Fuentepinel,Fuentepiñel",41.39892,-4.04295,P,PPLA3,55,SG,40087,,40,142
3121887,Fuentepelayo,Fuentepelayo,Fuentepelayo,41.22249,-4.1757,P,PPLA3,55,SG,40086,,40,979
3121892,Fuentenovilla,Fuentenovilla,Fuentenovilla,40.36248,-3.09102,P,PPLA3,54,GU,19124,,19,378
3121893,Fuentenebro,Fuentenebro,Fuentenebro,41.52873,-3.75449,P,PPLA3,55,BU,09140,,09,165
3121895,Fuentemolinos,Fuentemolinos,Fuentemolinos,41.60477,-3.85005,P,PPLA3,55,BU,09139,,09,113
3121899,Fuentelviejo,Fuentelviejo,Fuentelviejo,40.52637,-2.9843,P,PPLA3,54,GU,19123,,19,54
3121900,Fuentelsaz de Soria,Fuentelsaz de Soria,"Fuehntel'sas-de-Sorija,Fuentel'sas-de-Sorija,Fuentelsaz de Soria,feng te er sa si de suo li ya,Фуентельсас-де-Сорія,Фуэнтельсас-де-Сория,丰特尔萨斯德索里亚",41.86586,-2.41525,P,PPLA3,55,SO,42089,,42,50
3121901,Fuentelsaz,Fuentelsaz,"Fuente el Saz,Fuentelsaz",41.07359,-1.83108,P,PPLA3,54,GU,19122,,19,116
3121904,Fuentelisendo,Fuentelisendo,"Fuentelisendo,Fuentelisendro",41.62274,-3.90129,P,PPLA3,55,BU,09138,,09,109
3121909,Fuentelencina,Fuentelencina,"Fuentelaencina,Fuentelencina",40.51781,-2.88226,P,PPLA3,54,GU,19121,,19,237
3121910,Fuentelcésped,Fuentelcesped,"Fuentelcesped,Fuentelcésped",41.59162,-3.64064,P,PPLA3,55,BU,09137,,09,205
3121913,Fuente la Reina,Fuente la Reina,"Fuente la Reina,La Font de la Reina",40.06667,-0.6,P,PPLA3,60,CS,12063,,12,42
3121916,Fuentelapeña,Fuentelapena,"Fuentelapena,Fuentelapeña",41.25144,-5.38325,P,PPLA3,55,ZA,49080,,49,920
3121917,Fuentelahiguera de Albatages,Fuentelahiguera de Albatages,Fuentelahiguera de Albatages,40.78312,-3.30492,P,PPLA3,54,GU,19120,,19,166
3121921,Fuenteguinaldo,Fuenteguinaldo,Fuenteguinaldo,40.42876,-6.67528,P,PPLA3,55,SA,37136,,37,858
3121924,Fuente Encalada,Fuente Encalada,Fuente Encalada,42.11011,-5.99622,P,PPLA3,55,ZA,49079,,49,128
3121925,Fuente el Sol,Fuente el Sol,Fuente el Sol,41.17603,-4.9343,P,PPLA3,55,VA,47067,,47,280
3121929,Fuente el Olmo de Fuentidueña,Fuente el Olmo de Fuentiduena,"Fuente el Olmo,Fuente el Olmo de Fuentiduena,Fuente el Olmo de Fuentidueña",41.37929,-4.00086,P,PPLA3,55,SG,40083,,40,117
3121932,Fuente de Santa Cruz,Fuente de Santa Cruz,Fuente de Santa Cruz,41.20972,-4.6353,P,PPLA3,55,SG,40082,,40,159
3121941,Fuentecén,Fuentecen,"Fuehntesen,Fuenecen,Fuenecén,Fuentecen,Fuentecén,Fuentesen,feng te sen,fwyntsn,fwyntysyn,Фуентесен,Фуэнтесен,فوئنتسن,فوينتيسين,丰特森",41.62852,-3.86867,P,PPLA3,55,BU,09136,,09,294
3121943,Fuentecantos,Fuentecantos,Fuentecantos,41.84929,-2.42846,P,PPLA3,55,SO,42087,,42,56
3121945,Fuentecambrón,Fuentecambron,"Fuehntekambron,Fuentecambron,Fuentecambrón,Fuentekambron,feng te kan fu long,Фуентекамброн,Фуэнтекамброн,丰特坎夫龙",41.50579,-3.32872,P,PPLA3,55,SO,42086,,42,54
3121947,Fuentebureba,Fuentebureba,Fuentebureba,42.634,-3.2351,P,PPLA3,55,BU,09135,,09,72
3121950,Fuentearmegil,Fuentearmegil,"Fuehntearmekhil',Fuentearmegil,Fuentearmekhil',feng te ya er mei xi er,Фуентеармехіль,Фуэнтеармехиль,丰特亚尔梅希尔",41.71496,-3.18362,P,PPLA3,55,SO,42085,,42,282
3121956,Fuensalida,Fuensalida,Fuensalida,40.05288,-4.20718,P,PPLA3,54,TO,45066,,45,10967
3121957,Fuensaldaña,Fuensaldana,"Fuensaldana,Fuensaldaña",41.70617,-4.76547,P,PPLA3,55,VA,47066,,47,1177
3121959,Fuenmayor,Fuenmayor,"Fuehnmajor,Fuenmajor,Fuenmayor,feng mai ao er,Фуенмайор,Фуэнмайор,Ֆուենմայոր,丰迈奥尔",42.46729,-2.56153,P,PPLA3,27,LO,26064,,26,2827
3121960,Fuenlabrada,Fuenlabrada,"Fons Laborata,Fuehnlabrada,Fuenlabrada,feng la fu la da,fuenraburada,fwynlabrada,Фуенлабрада,Фуэнлабрада,פואנלברדה,فوينلابرادا,フエンラブラダ,丰拉夫拉达",40.28419,-3.79415,P,PPLA3,29,M,28058,,28,190496
3121963,Fuenferrada,Fuenferrada,Fuenferrada,40.86923,-1.01179,P,PPLA3,52,TE,44110,,44,46
3121964,Fuendetodos,Fuendetodos,Fuendetodos,41.34245,-0.95988,P,PPLA3,52,Z,50114,,50,175
3121965,Fuendejalón,Fuendejalon,"Fuendejalon,Fuendejalón",41.7605,-1.47213,P,PPLA3,52,Z,50113,,50,750
3121968,Fuencemillán,Fuencemillan,"Fuencemillan,Fuencemillán",40.92063,-3.09818,P,PPLA3,54,GU,19119,,19,103
3121975,Fuembellida,Fuembellida,Fuembellida,40.75589,-1.99861,P,PPLA3,54,GU,19118,,19,14
3121981,Frumales,Frumales,Frumales,41.38333,-4.18631,P,PPLA3,55,SG,40081,,40,172
3121995,Frómista,Fromista,"Fromista,Frómista",42.26667,-4.40546,P,PPLA3,55,P,34074,,34,920
3122002,Friol,Friol,Frio,43.03213,-7.79514,P,PPLA3,58,LU,27020,,27,4522
3122010,Friera de Valverde,Friera de Valverde,Friera de Valverde,41.91214,-5.84153,P,PPLA3,55,ZA,49078,,49,240
3122014,Frías de Albarracín,Frias de Albarracin,"Frias de Albarracin,Frías de Albarracín",40.33754,-1.6147,P,PPLA3,52,TE,44109,,44,170
3122015,Frías,Frias,"Frias,Frías,Trias",42.76225,-3.29394,P,PPLA3,55,BU,09134,,09,354
3122022,Fresno de Torote,Fresno de Torote,Fresno de Torote,40.5904,-3.41003,P,PPLA3,29,M,28057,,28,1723
3122023,Fresno de Sayago,Fresno de Sayago,Fresno de Sayago,41.31848,-5.97129,P,PPLA3,55,ZA,49077,,49,232
3122024,Fresno de Rodilla,Fresno de Rodilla,,42.42054,-3.48507,P,PPLA3,55,BU,09133,,09,44
3122027,Fresno del Río,Fresno del Rio,"Fresno del Rio,Fresno del Río",42.68176,-4.81734,P,PPLA3,55,P,34073,,34,0
3122030,Fresno de la Vega,Fresno de la Vega,Fresno de la Vega,42.34545,-5.53587,P,PPLA3,55,LE,24073,,24,637
3122032,Fresno de la Ribera,Fresno de la Ribera,Fresno de la Ribera,41.52926,-5.56658,P,PPLA3,55,ZA,49076,,49,416
3122033,Fresno de la Polvorosa,Fresno de la Polvorosa,Fresno de la Polvorosa,42.0831,-5.76969,P,PPLA3,55,ZA,49075,,49,198
3122034,Fresno de la Fuente,Fresno de la Fuente,Fresno de la Fuente,41.39243,-3.64491,P,PPLA3,55,SG,40080,,40,83
3122036,Fresno de Caracena,Fresno de Caracena,Fresno de Caracena,41.45247,-3.09123,P,PPLA3,55,SO,42084,,42,38
3122037,Fresno de Cantespino,Fresno de Cantespino,Fresno de Cantespino,41.3682,-3.4995,P,PPLA3,55,SG,40079,,40,285
3122045,Fresnillo de las Dueñas,Fresnillo de las Duenas,"Fresnillo,Fresnillo de Duero,Fresnillo de las Duenas,Fresnillo de las Dueñas",41.647,-3.64558,P,PPLA3,55,BU,09131,,09,375
3122048,Fresneña,Fresnena,"Fresnena,Fresneña",42.41366,-3.13453,P,PPLA3,55,BU,09130,,09,106
3122050,Fresnedoso,Fresnedoso,Fresnedoso,40.43619,-5.70969,P,PPLA3,55,SA,37133,,37,129
3122061,Fresnedilla,Fresnedilla,"Fresnedil'ja,Fresnedila,Fresnedilla,Fresnedillas,Fresnedilya,frsndyya,frysnydya,fu lei si nei di li ya,Фреснедила,Фреснедилья,Фреснеділья,Ֆրեսնեդիլյա,فرسندییا,فريسنيديا,夫雷斯内迪利亚",40.23233,-4.62201,P,PPLA3,55,AV,05075,,05,99
3122066,Fresneda de la Sierra Tirón,Fresneda de la Sierra Tiron,"Fresneda de la Sierra Tiron,Fresneda de la Sierra Tirón",42.31535,-3.13596,P,PPLA3,55,BU,09129,,09,113
3122067,Fresneda de la Sierra,Fresneda de la Sierra,Fresneda de la Sierra,40.39101,-2.14233,P,PPLA3,54,CU,16084,,16,73
3122068,Fresneda de Cuéllar,Fresneda de Cuellar,"Fresneda de Cuellar,Fresneda de Cuéllar",41.31905,-4.44938,P,PPLA3,55,SG,40078,,40,216
3122077,Fréscano,Frescano,"Frescano,Fréscano",41.88333,-1.45,P,PPLA3,52,Z,50111,,50,235
3122107,Frechilla de Almazán,Frechilla de Almazan,"Frechilla,Frechilla de Almazan,Frechilla de Almazán",41.42656,-2.51444,P,PPLA3,55,SO,42083,,42,34
3122108,Frechilla,Frechilla,"Flechilla,Frechilla",42.13768,-4.84112,P,PPLA3,55,P,34072,,34,250
3122123,Frandovínez,Frandovinez,Frandevinez,42.31032,-3.83783,P,PPLA3,55,BU,09128,,09,95
3122157,Fraga,Fraga,Fraga,41.52294,0.34894,P,PPLA3,52,HU,22112,,22,14302
3122159,Frades de la Sierra,Frades de la Sierra,Frades de la Sierra,40.65687,-5.78223,P,PPLA3,55,SA,37131,,37,256
3122160,Frades,Frades,"Frades,San Martin,San Martín",43.05011,-8.29391,P,PPLA3,58,C,15038,,15,0
3122167,Foz-Calanda,Foz-Calanda,"Foz de Calanda,Foz-Calanda",40.92208,-0.26483,P,PPLA3,52,TE,44107,,44,289
3122180,Forua,Forua,Forua,43.33343,-2.67504,P,PPLA3,59,BI,48906,,48,1017
3122182,Fortià,Fortia,"Fortia,Fortià",42.2432,3.03881,P,PPLA3,56,GI,17074,,17,558
3122184,Fortanete,Fortanete,"Fortanate,Fortanete",40.50533,-0.52283,P,PPLA3,52,TE,44106,,44,215
3122188,Fórnoles,Fornoles,"Fornoles,Fornols,Fornols del Tossal,Fórnoles,Fórnols,Fórnols del Tossal",40.89359,-0.00383,P,PPLA3,52,TE,44105,,44,105
3122198,Fornelos de Montes,Fornelos de Montes,"Fornelos de Montes,San Lorenzo",42.34126,-8.45291,P,PPLA3,58,PO,36019,,36,2063
3122205,Fornells de la Selva,Fornells de la Selva,,41.93159,2.80907,P,PPLA3,56,GI,17073,,17,1823
3122223,Formiche Alto,Formiche Alto,Formiche Alto,40.32367,-0.89241,P,PPLA3,52,TE,44103,,44,186
3122229,Forfoleda,Forfoleda,Forfoleda,41.09779,-5.74979,P,PPLA3,55,SA,37130,,37,234
3122231,Forès,Fores,"Fores,Forès,Forés",41.48333,1.23333,P,PPLA3,56,T,43061,,43,0
3122238,Forcall,Forcall,"Forcall,Forcallo,Forkal',fu er ka li,fwrkal,Форкаль,فوركال,福尔卡利",40.64542,-0.19992,P,PPLA3,60,CS,12061,,12,532
3122251,Fonzaleche,Fonzaleche,Fonzaleche,42.58114,-3.01218,P,PPLA3,27,LO,26063,,26,163
3122252,Fonz,Fonz,"Fons,Fonts,feng si,Фонс,丰斯",42.01015,0.25878,P,PPLA3,52,HU,22110,,22,1050
3122258,Fontiveros,Fontiveros,"Fontiveros,feng di wei luo si,fntybrs,fwntyfyrws,Фонтиверос,Фонтіверос,فنتیبرس,فونتيفيروس,丰蒂韦罗斯",40.92997,-4.96445,P,PPLA3,55,AV,05074,,05,935
3122260,Fontioso,Fontioso,Fontioso,41.94273,-3.73872,P,PPLA3,55,BU,09127,,09,65
3122261,Fontihoyuelo,Fontihoyuelo,Fontihoyuelo,42.16192,-5.05791,P,PPLA3,55,VA,47064,,47,43
3122271,Fontellas,Fontellas,Fontellas,42.02694,-1.57648,P,PPLA3,32,NA,31106,,31,810
3122288,Fontcoberta,Fontcoberta,"Fontcoberta,Fontcuberta",42.13333,2.8,P,PPLA3,56,GI,17071,,17,0
3122297,Fontanilles,Fontanilles,"Fontanillas,Fontanilles",42.01117,3.10776,P,PPLA3,56,GI,17070,,17,0
3122304,Fontanar,Fontanar,Fontanar,40.72466,-3.17309,P,PPLA3,54,GU,19117,,19,1393
3122321,Fonfría,Fonfria,"Fonfria,Fonfrija,Fonfría,feng fu li ya,Фонфрия,Фонфрія,丰夫里亚",41.63493,-6.14081,P,PPLA3,55,ZA,49071,,49,1029
3122322,Fonfría,Fonfria,"Fonfria,Fonfría",40.99566,-1.08475,P,PPLA3,52,TE,44102,,44,29
3122334,Foncea,Foncea,Foncea,42.61529,-3.03897,P,PPLA3,27,LO,26062,,26,103
3122338,Fompedraza,Fompedraza,Fompedraza,41.53541,-4.14483,P,PPLA3,55,VA,47063,,47,140
3122339,Fombuena,Fombuena,Fombuena,41.14442,-1.19266,P,PPLA3,52,Z,50108,,50,13
3122342,Fombellida,Fombellida,Fombellida,41.76693,-4.18409,P,PPLA3,55,VA,47062,,47,245
3122367,Folgoso de la Ribera,Folgoso de la Ribera,Folgoso de la Ribera,42.64693,-6.32035,P,PPLA3,55,LE,24071,,24,1284
3122389,Foixà,Foixa,"Foixa,Foixà",42.03626,3.00021,P,PPLA3,56,GI,17068,,17,334
3122393,Fogars de Montclús,Fogars de Montclus,"Caserio Fogas de Montclus,Caserío Fogas de Montclús,Fogars de Montclus,Fogars de Montclús,Fogas de Monclus,Fogás de Monclús",41.73333,2.45,P,PPLA3,56,B,08081,,08,0
3122399,Florida de Liébana,Florida de Liebana,"Florida de Liebana,Florida de Liébana",41.02361,-5.76252,P,PPLA3,55,SA,37129,,37,289
3122401,Flores de Ávila,Flores de Avila,"Flores de Avila,Flores de Ávila",40.93358,-5.07914,P,PPLA3,55,AV,05073,,05,398
3122407,Flix,Flix,Flix,41.23074,0.55008,P,PPLA3,56,T,43060,,43,3975
3122409,Flaçà,Flaca,"Flaca,Flasa,Flassa,Flassá,Flaçà",42.06667,2.96667,P,PPLA3,56,GI,17067,,17,0
3122415,Fitero,Fitero,Fitero,42.0577,-1.85756,P,PPLA3,32,NA,31105,,31,2202
3122418,Fiscal,Fiscal,,42.49561,-0.12094,P,PPLA3,52,HU,22109,,22,308
3122440,Figueruelas,Figueruelas,Figueruelas,41.76651,-1.17473,P,PPLA3,52,Z,50107,,50,1135
3122442,Figueruela de Arriba,Figueruela de Arriba,"Figeruehla-de-Arriba,Figeruela-de-Arriba,Figueruela de Arriba,shang fei ge lu ai la,Фигеруэла-де-Арриба,Фігеруела-де-Арріба,上菲格鲁埃拉",41.86867,-6.44454,P,PPLA3,55,ZA,49069,,49,477
3122445,Figueroles,Figueroles,Figueroles,40.11667,-0.23333,P,PPLA3,60,CS,12060,,12,545
3122453,Figueres,Figueres,"Figeras,Figeres,Figueres,Фигерeс,Фигерас",42.26645,2.96163,P,PPLA3,56,GI,17066,,17,46381
3122495,Ferreruela de Huerva,Ferreruela de Huerva,"Ferreruela,Ferreruela de Huerva",41.06325,-1.2335,P,PPLA3,52,TE,44101,,44,74
3122496,Ferreruela,Ferreruela,Ferreruela,41.76673,-6.07215,P,PPLA3,55,ZA,49068,,49,580
3122503,Ferreras de Arriba,Ferreras de Arriba,Ferreras de Arriba,41.89878,-6.19461,P,PPLA3,55,ZA,49067,,49,513
3122504,Ferreras de Abajo,Ferreras de Abajo,Ferreras de Abajo,41.89651,-6.07904,P,PPLA3,55,ZA,49066,,49,618
3122558,Fermoselle,Fermoselle,"Fermosel'e,Fermoselle,fei er mo sai lie,Фермоселье,Фермосельє,费尔莫塞列",41.31738,-6.39584,P,PPLA3,55,ZA,49065,,49,1538
3122564,Fene,Fene,"Fene,San Salvador",43.45,-8.15,P,PPLA3,58,C,15035,,15,14165
3122595,Fayón,Fayon,"Faio,Faio / Fayon,Faió,Faió / Fayón,Fayon,Fayón",41.23851,0.33302,P,PPLA3,52,Z,50105,,50,404
3122600,la Fatarella,la Fatarella,"Fatarella,la Fatarella",41.16667,0.48333,P,PPLA3,56,T,43056,,43,0
3122606,Farrera,Farrera,Farrera,42.49654,1.27216,P,PPLA3,56,L,25089,,25,105
3122621,Farlete,Farlete,Farlete,41.68122,-0.50678,P,PPLA3,52,Z,50104,,50,436
3122622,Fariza,Fariza,"Farisa,Fariza,Fariza de Sayago,fa li sa,Фариса,Фаріса,法里萨",41.41667,-6.26667,P,PPLA3,55,ZA,49064,,49,689
3122636,Faramontanos de Tábara,Faramontanos de Tabara,"Faramontanos de Tabara,Faramontanos de Tábara",41.83469,-5.88883,P,PPLA3,55,ZA,49063,,49,497
3122641,Fanzara,Fanzara,Fanzara,40.01667,-0.31667,P,PPLA3,60,CS,12059,,12,273
3122667,Falces,Falces,Falces,42.38966,-1.79321,P,PPLA3,32,NA,31104,,31,2605
3122671,Fago,Fago,,42.7344,-0.88131,P,PPLA3,52,HU,22106,,22,33
3122695,Fabero,Fabero,Fabero,42.76803,-6.62651,P,PPLA3,55,LE,24070,,24,5150
3122697,Fabara,Fabara,"Fabara,Favara de Matarranya",41.1775,0.16908,P,PPLA3,52,Z,50102,,50,1188
3122707,Ezkurra,Ezkurra,"Ezcurra,Ezkurra",43.08333,-1.81667,P,PPLA3,32,NA,31102,,31,0
3122709,Ezcaray,Ezcaray,"Ehskaraj,Eskaraj,Eskaray,Ezcaray,Ezkarai,ai si ka lai,Ескарай,Эскарай,Էսկարայ,埃斯卡赖",42.32536,-3.01309,P,PPLA3,27,LO,26061,,26,2109
3122718,Eulate,Eulate,"Eulace,Eulate",42.77641,-2.20638,P,PPLA3,32,NA,31100,,31,339
3122724,Etayo,Etayo,Etayo,42.61695,-2.15447,P,PPLA3,32,NA,31099,,31,95
3122727,Estriégana,Estriegana,"Estriegana,Estriégana",41.05821,-2.52363,P,PPLA3,54,GU,19116,,19,24
3122730,Estremera,Estremera,,40.18333,-3.1,P,PPLA3,29,M,28055,,28,1180
3122740,Estollo,Estollo,Estollo,42.32953,-2.85092,P,PPLA3,27,LO,26060,,26,129
3122752,Estercuel,Estercuel,Estercuel,40.855,-0.63208,P,PPLA3,52,TE,44100,,44,312
3122758,Estépar,Estepar,,42.27731,-3.89946,P,PPLA3,55,BU,09125,,09,786
3122759,Estepa de San Juan,Estepa de San Juan,Estepa de San Juan,41.92661,-2.33322,P,PPLA3,55,SO,42082,,42,11
3122794,Estadilla,Estadilla,"Estadella,Estadilla",42.05657,0.24343,P,PPLA3,52,HU,22103,,22,831
3122795,Estada,Estada,Estada,42.07201,0.23219,P,PPLA3,52,HU,22102,,22,197
3122806,Establés,Estables,"Estables,Establés",41.00767,-2.02438,P,PPLA3,54,GU,19115,,19,52
3122807,Esquivias,Esquivias,,40.1044,-3.76677,P,PPLA3,54,TO,45064,,45,4634
3122816,Espronceda,Espronceda,,42.59707,-2.30524,P,PPLA3,32,NA,31096,,31,160
3122817,Espot,Espot,Espot,42.57838,1.08666,P,PPLA3,56,L,25082,,25,388
3122823,Esponellà,Esponella,"Esponella,Esponellà,Esponellá",42.16667,2.8,P,PPLA3,56,GI,17065,,17,434
3122824,Espolla,Espolla,Espolla,42.3912,3.00064,P,PPLA3,56,GI,17064,,17,385
3122825,Esplús,Esplus,"Esplucs,Esplus,Esplús",41.7987,0.27586,P,PPLA3,52,HU,22099,,22,734
3122830,Esplegares,Esplegares,Esplegares,40.8565,-2.37084,P,PPLA3,54,GU,19114,,19,52
3122832,Espirdo,Espirdo,"Espira Otero,Espirdo",40.99764,-4.07331,P,PPLA3,55,SG,40077,,40,422
3122837,Espinosa de Villagonzalo,Espinosa de Villagonzalo,Espinosa de Villagonzalo,42.47949,-4.37218,P,PPLA3,55,P,34071,,34,221
3122841,Espinosa del Camino,Espinosa del Camino,Espinosa del Camino,42.4059,-3.28019,P,PPLA3,55,BU,09123,,09,35
3122844,Espinosa de Henares,Espinosa de Henares,Espinosa de Henares,40.90053,-3.06956,P,PPLA3,54,GU,19113,,19,668
3122845,Espinosa de Cervera,Espinosa de Cervera,Espinosa de Cervera,41.89683,-3.46858,P,PPLA3,55,BU,09122,,09,97
3122846,Espinosa de Cerrato,Espinosa de Cerrato,Espinosa de Cerrato,41.96679,-3.95346,P,PPLA3,55,P,34070,,34,208
3122850,Espino de la Orbada,Espino de la Orbada,Espino de la Orbada,41.10693,-5.42515,P,PPLA3,55,SA,37128,,37,311
3122892,Espejón,Espejon,"Ehspekhon,Espejon,Espejón,Espekhon,ai si pei hong,Еспехон,Эспехон,埃斯佩洪",41.83023,-3.25936,P,PPLA3,55,SO,42081,,42,200
3122895,Espeja de San Marcelino,Espeja de San Marcelino,"Ehspekha-de-San-Marselino,Espeja,Espeja de San Marcelino,Espekha-de-San-Marselino,ai si pei ha de sheng ma er sai li nuo,Еспеха-де-Сан-Марселіно,Эспеха-де-Сан-Марселино,埃斯佩哈德圣马尔塞利诺",41.80227,-3.2223,P,PPLA3,55,SO,42080,,42,237
3122897,Espeja,Espeja,Espeja,40.56565,-6.71582,P,PPLA3,55,SA,37127,,37,272
3122912,Esparreguera,Esparreguera,Esparreguera,41.53809,1.87025,P,PPLA3,56,B,08076,,08,21855
3122917,Espadilla,Espadilla,"Espadella,Espadilla",40.03333,-0.35,P,PPLA3,60,CS,12058,,12,58
3122918,Espadañedo,Espadanedo,"Espadanedo,Espadañedo",42.11618,-6.39419,P,PPLA3,55,ZA,49062,,49,185
3122920,Espadaña,Espadana,"Espadana,Espadaña",41.06085,-6.28457,P,PPLA3,55,SA,37126,,37,47
3122929,Eslava,Eslava,,42.56459,-1.45947,P,PPLA3,32,NA,31094,,31,154
3122934,Esguevillas de Esgueva,Esguevillas de Esgueva,Esguevillas de Esgueva,41.75018,-4.38062,P,PPLA3,55,VA,47061,,47,342
3122936,Esgos,Esgos,,42.32549,-7.69691,P,PPLA3,58,OR,32031,,32,1294
3122946,Escurial de la Sierra,Escurial de la Sierra,"Escurial,Escurial de la Sierra",40.61731,-5.9552,P,PPLA3,55,SA,37125,,37,294
3122959,Escucha,Escucha,Escucha,40.79467,-0.81012,P,PPLA3,52,TE,44099,,44,1097
3122969,Escorihuela,Escorihuela,Escorihuela,40.544,-0.97078,P,PPLA3,52,TE,44097,,44,200
3122970,Eskoriatza,Eskoriatza,"Ehskoriasa,Escoriaza,Eskoriatza,Эскориаса",43.01829,-2.52598,P,PPLA3,59,SS,20034,,20,4000
3122974,Escopete,Escopete,Escopete,40.41324,-3.0046,P,PPLA3,54,GU,19112,,19,74
3122977,Escobosa de Almazán,Escobosa de Almazan,"Escobosa,Escobosa de Almazan,Escobosa de Almazán",41.48626,-2.3714,P,PPLA3,55,SO,42079,,42,36
3122985,Escobar de Polendos,Escobar de Polendos,"Escobar,Escobar de Polendos",41.09079,-4.13117,P,PPLA3,55,SG,40075,,40,245
3122986,Escobar de Campos,Escobar de Campos,Escobar,42.31337,-4.96573,P,PPLA3,55,LE,24069,,24,70
3122995,Escatrón,Escatron,"Escatron,Escatrón",41.29149,-0.32308,P,PPLA3,52,Z,50101,,50,1145
3123001,Escariche,Escariche,Escariche,40.40553,-3.0531,P,PPLA3,54,GU,19111,,19,222
3123006,Escarabajosa de Cabezas,Escarabajosa de Cabezas,Escarabajosa de Cabezas,41.1047,-4.19411,P,PPLA3,55,SG,40074,,40,357
3123017,Escamilla,Escamilla,Escamilla,40.54979,-2.56292,P,PPLA3,54,GU,19110,,19,104
3123021,Escalona del Prado,Escalona del Prado,"Escalona,Escalona del Prado",41.16682,-4.12272,P,PPLA3,55,SG,40073,,40,628
3123024,Escalona,Escalona,"Escalona,Escalona del Alberche",40.1669,-4.40484,P,PPLA3,54,TO,45061,,45,2700
3123034,Escalante,Escalante,Escalante,43.43678,-3.51347,P,PPLA3,39,S,39029,,39,763
3123063,Ermua,Ermua,"Ehrmua,Ermua,ai er mu a,ayrmwa,Ермуа,Эрмуа,إيرموا,埃尔穆阿",43.18725,-2.50261,P,PPLA3,59,BI,48034,,48,16252
3123068,Erla,Erla,Erla,42.11732,-0.95019,P,PPLA3,52,Z,50100,,50,432
3123100,Eratsun,Eratsun,"Erasun,Eratsun",43.08333,-1.8,P,PPLA3,32,NA,31090,,31,0
3123104,Erandio,Erandio,"Ehrandio,Erandio,ai lan di ao,ayrandayw,erandio,Ерандіо,Эрандио,إيراندايو,エランディオ,埃兰迪奥",43.30438,-2.97352,P,PPLA3,59,BI,48902,,48,24262
3123106,Épila,Epila,"Ehpila,Epila,abyla,ai pi la,Épila,Епіла,Эпила,إبيلا,埃皮拉",41.60045,-1.28007,P,PPLA3,52,Z,50099,,50,4114
3123113,Entrimo,Entrimo,"Entrimo,Santa Maria la Real,Santa María la Real",41.93297,-8.11725,P,PPLA3,58,OR,32030,,32,1351
3123124,Entrena,Entrena,"Atiliana,Ehntrena,Entrena,antrna,en te lai na,en te lei na,enteulena,entorena,Ентрена,Энтрена,Էնտրենա,אנטרנה,إنترنا,انترنا,ኤንትረና,ᐫᑦᕂᓇ,エントレナ,恩特萊納,恩特雷纳,엔트레나",42.38782,-2.53066,P,PPLA3,27,LO,26059,,26,1519
3123131,Entrambasaguas,Entrambasaguas,Entrambasaguas,43.37846,-3.68072,P,PPLA3,39,S,39028,,39,0
3123136,Entrala,Entrala,Entrala,41.43006,-5.75556,P,PPLA3,55,ZA,49061,,49,159
3123156,Enériz,Eneriz,,42.67095,-1.72794,P,PPLA3,32,NA,31089,,31,219
3123160,Endrinal,Endrinal,Endrinal,40.59109,-5.80411,P,PPLA3,55,SA,37124,,37,291
3123168,Enciso,Enciso,"Ehnsiso,Enciso,Ensiso,en xi suo,Енсісо,Энсисо,Էնսիսո,恩西索",42.14946,-2.26953,P,PPLA3,27,LO,26058,,26,150
3123169,Encío,Encio,"Encio,Encío",42.67115,-3.0868,P,PPLA3,55,BU,09120,,09,46
3123170,Encinillas,Encinillas,"Encinilla,Encinillas",41.01809,-4.15784,P,PPLA3,55,SG,40072,,40,88
3123173,Encinedo,Encinedo,Encinedo,42.27049,-6.59368,P,PPLA3,55,LE,24067,,24,949
3123174,Encinasola de los Comendadores,Encinasola de los Comendadores,Encinasola de los Comendadores,41.03089,-6.53261,P,PPLA3,55,SA,37123,,37,253
3123175,Encinas de Esgueva,Encinas de Esgueva,Encinas de Esgueva,41.75653,-4.10357,P,PPLA3,55,VA,47060,,47,342
3123176,Encinas de Arriba,Encinas de Arriba,Encinas de Arriba,40.7712,-5.55661,P,PPLA3,55,SA,37122,,37,275
3123177,Encinas de Abajo,Encinas de Abajo,Encinas de Abajo,40.93493,-5.47037,P,PPLA3,55,SA,37121,,37,648
3123179,Encinas,Encinas,Encinas,41.37511,-3.66762,P,PPLA3,55,SG,40071,,40,69
3123181,Encina de San Silvestre,Encina de San Silvestre,Encina de San Silvestre,41.01442,-6.09268,P,PPLA3,55,SA,37120,,37,122
3123182,Encinacorba,Encinacorba,Encinacorba,41.28516,-1.27516,P,PPLA3,52,Z,50098,,50,283
3123199,Embid de Ariza,Embid de Ariza,Embid de Ariza,41.3783,-1.97373,P,PPLA3,52,Z,50096,,50,75
3123200,Embid,Embid,Embid,40.97256,-1.71206,P,PPLA3,54,GU,19109,,19,59
3123399,Elorrio,Elorrio,Elorrio,43.12924,-2.54056,P,PPLA3,59,BI,48032,,48,7041
3123449,Eljas,Eljas,"As Ellas,Ehl'khas,El'khas,Elijas,Eljas,ai er ha si,alkhas,Ельхас,Эльхас,إلخاس,埃尔哈斯",40.21648,-6.84616,P,PPLA3,57,CC,10072,,10,1125
3123468,Elgeta,Elgeta,"Elgeta,Elgueta",43.13703,-2.48862,P,PPLA3,59,SS,20033,,20,0
3123476,Elgorriaga,Elgorriaga,Elgorriaga,43.13858,-1.68657,P,PPLA3,32,NA,31087,,31,229
3123478,Elgoibar,Elgoibar,"Elgoibar,Elgóibar",43.21601,-2.41334,P,PPLA3,59,SS,20032,,20,11220
3123493,Ferrol,Ferrol,"El Ferrol,Ferrol",43.48451,-8.23293,P,PPLA3,58,C,15036,,15,66799
3123515,Elduain,Elduayen,"Elduain,Elduayen",43.14017,-2.00102,P,PPLA3,59,SS,20031,,20,0
3123547,Elciego,Elciego,"Elciego,Eltziego",42.51569,-2.61897,P,PPLA3,59,VI,01022,,01,914
3123574,El Castellar,El Castellar,El Castellar,40.36531,-0.81734,P,PPLA3,52,TE,44070,,44,0
3123667,El Astillero,El Astillero,"Astillero,Ehl'-Astil'ero,El Astillero,El'-Astil'ero,ai la si di lie luo,al astyrylw,Ель-Астільєро,Эль-Астильеро,إل أستيريلو,埃拉斯蒂列罗",43.40094,-3.82051,P,PPLA3,39,S,39008,,39,18108
3123677,Elantxobe,Elantxobe,"Elanchove,Elantxobe",43.40243,-2.63912,P,PPLA3,59,BI,48031,,48,0
3123686,Ejulve,Ejulve,Ejulve,40.77633,-0.55344,P,PPLA3,52,TE,44096,,44,229
3123687,Ejeme,Ejeme,Ejeme,40.76685,-5.53828,P,PPLA3,55,SA,37118,,37,159
3123688,Ejea de los Caballeros,Ejea de los Caballeros,"Egea de los Caballeros,Ehkhea-de-los-Kabal'eros,Eixea,Ejea,Ejea de los Caballeros,Ekhea-de-los-Kabal'eros,Exea,Exeya dos Caballers,Exeya dos Cavallers,ai he ya de luo si ka wa lie luo si,aykhya dy lws kabayyrws,Ехеа-де-лос-Кабальєрос,Эхеа-де-лос-Кабальерос,إيخيا دي لوس كاباييروس,埃赫亚德洛斯卡瓦列罗斯",42.12632,-1.13716,P,PPLA3,52,Z,50095,,50,17331
3123709,Eibar,Eibar,"Ehibar,Ehjbar,Eibar,Eybar,Heivar,Heybar,Villanueva de San Andres,Villanueva de San Andres de Heybar,Villanueva de San Andrés,Villanueva de San Andrés de Heybar,Éibar,Эйбар",43.18493,-2.47158,P,PPLA3,59,SS,20030,,20,27406
3123740,Echarri,Echarri,Echarri,42.78017,-1.82525,P,PPLA3,32,NA,31083,,31,0
3123745,Etxalar,Etxalar,"Echalar,Etxalar",43.23376,-1.63671,P,PPLA3,32,NA,31082,,31,813
3123759,Ea,Ea,Ea,43.37985,-2.58556,P,PPLA3,59,BI,48028,,48,1756
3123765,Duruelo de la Sierra,Duruelo de la Sierra,"Duruehlo-de-la-S'erra,Duruelo,Duruelo de la Sierra,Duruelo-de-la-S'erra,du lu ai luo de la xie la,Дуруело-де-ла-Сьєрра,Дуруэло-де-ла-Сьерра,杜鲁埃洛德拉谢拉",41.95448,-2.93086,P,PPLA3,55,SO,42078,,42,1384
3123766,Duruelo,Duruelo,Duruelo,41.23622,-3.64914,P,PPLA3,55,SG,40070,,40,140
3123770,Durón,Duron,"Duron,Durón",40.6253,-2.72662,P,PPLA3,54,GU,19108,,19,184
3123773,Durango,Durango,"Durango,Tavira,Дуранго",43.17124,-2.6338,P,PPLA3,59,BI,48027,,48,28229
3123779,Dumbría,Dumbria,"Dumbria,Dumbría,Santa Eulalia",43.00836,-9.11328,P,PPLA3,58,C,15034,,15,4062
3123786,Dueñas,Duenas,"Duehn'jas,Duen'jas,Duenias,du ai ni ya si,Дуеньяс,Дуэньяс,Դուենիաս,杜埃尼亚斯",41.87717,-4.54714,P,PPLA3,55,P,34069,,34,3066
3123793,Driebes,Driebes,,40.24498,-3.04165,P,PPLA3,54,GU,19107,,19,360
3123797,Dozón,Dozon,"Dozon,Dozón",42.58333,-8.01667,P,PPLA3,58,PO,36016,,36,2041
3123808,Duesaigües,Duesaiguees,"Dosaiguas,Dosaiqua,Duesaiguees,Duesaigües",41.15,0.93333,P,PPLA3,56,T,43053,,43,0
3123828,Donvidas,Donvidas,Donvidas,41.08954,-4.80634,P,PPLA3,55,AV,05070,,05,69
3123832,Donjimeno,Donjimeno,Donjimeno,40.95978,-4.84627,P,PPLA3,55,AV,05069,,05,128
3123834,Doñinos de Salamanca,Doninos de Salamanca,"Doninos de Salamanca,Doñinos de Salamanca",40.95978,-5.74349,P,PPLA3,55,SA,37117,,37,835
3123835,Doñinos de Ledesma,Doninos de Ledesma,"Doninos de Ledesma,Doñinos de Ledesma",41.01251,-6.03412,P,PPLA3,55,SA,37116,,37,98
3123840,Donhierro,Donhierro,Donhierro,41.11642,-4.6967,P,PPLA3,55,SG,40069,,40,93
3123856,Domingo García,Domingo Garcia,"Domingo Garcia,Domingo García",41.11528,-4.37927,P,PPLA3,55,SG,40068,,40,48
3123885,Dios le Guarde,Dios le Guarde,Dios le Guarde,40.64283,-6.31511,P,PPLA3,55,SA,37115,,37,174
3123894,Dicastillo,Dicastillo,Dicastillo,42.59647,-2.02666,P,PPLA3,32,NA,31080,,31,701
3123897,Deza,Deza,"Desa,Deza,de sa,Деса,德萨",41.46373,-2.02046,P,PPLA3,55,SO,42076,,42,343
3123910,Deba,Deba,"Deba,Deva,de wa,dyfa  ghybwthkwa,Деба,Дева,ديفا، غيبوثكوا,德瓦",43.29571,-2.35213,P,PPLA3,59,SS,20029,,20,5253
3123913,Destriana,Destriana,Destriana,42.32729,-6.09573,P,PPLA3,55,LE,24066,,24,712
3123916,Desojo,Desojo,Desojo,42.5879,-2.27438,P,PPLA3,32,NA,31079,,31,123
3123919,Descargamaría,Descargamaria,"Descargamaria,Descargamaría",40.30446,-6.48666,P,PPLA3,57,CC,10071,,10,285
3123921,Derio,Derio,,43.30544,-2.88116,P,PPLA3,59,BI,48901,,48,4905
3123941,Dehesa de Romanos,Dehesa de Romanos,Dehesa de Romanos,42.63876,-4.43518,P,PPLA3,55,P,34068,,34,42
3123942,Dehesa de Montejo,Dehesa de Montejo,,42.81939,-4.51019,P,PPLA3,55,P,34067,,34,188
3123960,Degaña,Degana,"Degan'ja,Degana,Deganija,Degaña,de jia ni ya,dganya,dyghanya,Дегания,Деганья,ديغانيا,دگانیا,德加尼亚",42.93969,-6.56935,P,PPLA3,34,O,33022,,33,1270
3123966,Das,Das,,42.36143,1.87051,P,PPLA3,56,GI,17061,17006,17,0
3123969,Daroca,Daroca,Daroca,41.11475,-1.41492,P,PPLA3,52,Z,50094,,50,2185
3123971,Darnius,Darnius,Darnius,42.36667,2.83333,P,PPLA3,56,GI,17060,,17,514
3123981,Daganzo de Arriba,Daganzo de Arriba,Daganzo de Arriba,40.54293,-3.45457,P,PPLA3,29,M,28053,,28,7242
3123985,Cuzcurrita de Río Tirón,Cuzcurrita de Rio Tiron,"Cuzcurrita-Rio Tiron,Cuzcurrita-Río Tirón",42.54151,-2.96421,P,PPLA3,27,LO,26056,,26,0
3124001,Curtis,Curtis,"Curtis,Santa Eulalia",43.12374,-8.14818,P,PPLA3,58,C,15032,,15,0
3124014,Curiel de Duero,Curiel de Duero,"Curiel,Curiel de Duero",41.64327,-4.1011,P,PPLA3,55,VA,47059,,47,93
3124021,Cuntis,Cuntis,"Bano,Baño",42.63396,-8.56256,P,PPLA3,58,PO,36015,,36,5398
3124026,Cunit,Cunit,"Kunit,ku ni te,kwnyt,Кунит,Куніт,كونيت,库尼特",41.19829,1.63645,P,PPLA3,56,T,43051,,43,12279
3124041,Culleredo,Culleredo,"Culleredo,Kul'eredo,Kuleredo,San Esteban,ku lie lei duo,kujeredo,kwlyrydw,Кулередо,Кульередо,Кульєредо,كوليريدو,クジェレード,库列雷多",43.28788,-8.38858,P,PPLA3,58,C,15031,,15,30221
3124042,Culla,Culla,"Cuellar,Culla,Cuéllar,Kul'ja,ku li ya,kwlla,Кулья,كوللا,库利亚",40.3365,-0.16569,P,PPLA3,60,CS,12051,,12,677
3124064,Cuevas Labradas,Cuevas Labradas,Cuevas Labradas,40.4535,-1.05008,P,PPLA3,52,TE,44094,,44,170
3124068,Cuevas de San Clemente,Cuevas de San Clemente,Cuevas de San Clemente,42.13009,-3.5684,P,PPLA3,55,BU,09119,,09,56
3124069,Cuevas de Provanco,Cuevas de Provanco,Cuevas de Provanco,41.54209,-3.96203,P,PPLA3,55,SG,40905,,40,174
3124071,Cuevas del Valle,Cuevas del Valle,Cuevas del Valle,40.29418,-5.00938,P,PPLA3,55,AV,05066,,05,570
3124075,Cuevas de Almudén,Cuevas de Almuden,"Cuevas de Almuden,Cuevas de Almudén",40.71342,-0.82958,P,PPLA3,52,TE,44093,,44,123
3124085,Cueva del Hierro,Cueva del Hierro,Cueva del Hierro,40.58258,-2.03612,P,PPLA3,54,CU,16079,,16,50
3124087,Cueva de Ágreda,Cueva de Agreda,"Cueva de Agreda,Cueva de Ágreda",41.7631,-1.88818,P,PPLA3,55,SO,42073,,42,102
3124128,Cuenca de Campos,Cuenca de Campos,"Cuenca,Cuenca de Campos",42.05927,-5.05539,P,PPLA3,55,VA,47058,,47,256
3124132,Cuenca,Cuenca,"CEJ,Conca,Cuenca,Cuenca i Spania,Kouen'ka,Kuehnka,Kuenka,Kvenka,Kvenko,ke wng ka,ku'ainaka,ku'ainka,kuengka,kuenka,kun ka,kwynka,qwnkt,Κουένκα,Квенка,Куенка,Куэнка,Կուենկա,קואנקה,قونكة,کوئنکا,کوینکا، ہسپانیہ,कुऐनका,ਕੁਐਂਕਾ,เกวงกา,კუენკა,クエンカ,昆卡,쿠엥카",40.06667,-2.13333,P,PPLA2,54,CU,16078,,16,54898
3124136,Cuéllar,Cuellar,"Cuellar,Cuéllar,Kuehl'jar,Kuel'jar,ku ai li ya er,kueryaru,Куельяр,Куэльяр,クエリャル,库埃利亚尔",41.40155,-4.31474,P,PPLA3,55,SG,40063,,40,9588
3124139,Cuelgamures,Cuelgamures,Cuelgamures,41.30738,-5.65769,P,PPLA3,55,ZA,49059,,49,132
3124142,Cudillero,Cudillero,"Cudillero,Cuideiru,Kudil'ero,ku di lie luo,kwdyyrw,Кудильеро,Кудільєро,كودييرو,کودییرو,库迪列罗",43.56217,-6.14589,P,PPLA3,34,O,33021,,33,5078
3124150,Cucalón,Cucalon,"Cucalon,Cucalón",41.08608,-1.21475,P,PPLA3,52,TE,44090,,44,88
3124152,Cubo de la Solana,Cubo de la Solana,"Cubo de la Solana,Kubo-de-la-Solana,ku wo de la suo la na,Кубо-де-ла-Солана,库沃德拉索拉纳",41.60224,-2.42179,P,PPLA3,55,SO,42071,,42,225
3124155,Cubo de Bureba,Cubo de Bureba,"Cubo,Cubo de Bureba",42.64011,-3.20626,P,PPLA3,55,BU,09115,,09,119
3124156,Cubo de Benavente,Cubo de Benavente,Cubo de Benavente,42.1249,-6.16342,P,PPLA3,55,ZA,49057,,49,153
3124161,Cubla,Cubla,Cubla,40.20978,-1.07917,P,PPLA3,52,TE,44089,,44,49
3124162,Cubillos del Sil,Cubillos del Sil,Cubillos del Sil,42.62519,-6.5636,P,PPLA3,55,LE,24064,,24,1431
3124166,Cubillos,Cubillos,Cubillos,41.57436,-5.7392,P,PPLA3,55,ZA,49056,,49,392
3124169,Cubillo del Campo,Cubillo del Campo,Cubillo del Campo,42.16854,-3.61025,P,PPLA3,55,BU,09114,,09,74
3124178,Cubillo,Cubillo,Cubillo,41.12138,-3.90878,P,PPLA3,55,SG,40062,,40,59
3124184,Cubillas de Santa Marta,Cubillas de Santa Marta,Cubillas de Santa Marta,41.83358,-4.61463,P,PPLA3,55,VA,47057,,47,292
3124185,Cubillas de Rueda,Cubillas de Rueda,Cubillas de Rueda,42.65626,-5.17528,P,PPLA3,55,LE,24063,,24,581
3124187,Cubillas de los Oteros,Cubillas de los Oteros,Cubillas de los Oteros,42.37199,-5.50877,P,PPLA3,55,LE,24062,,24,185
3124188,Cubillas de Cerrato,Cubillas de Cerrato,Cubillas de Cerrato,41.79844,-4.4672,P,PPLA3,55,P,34066,,34,76
3124194,Cubilla,Cubilla,Cubilla,41.74905,-2.93717,P,PPLA3,55,SO,42070,,42,59
3124200,Cubells,Cubells,Cubells,41.85062,0.959,P,PPLA3,56,L,25079,,25,389
3124201,Cubelles,Cubelles,Cubelles,41.20772,1.67267,P,PPLA3,56,B,08074,,08,13711
3124205,Cubel,Cubel,Cubel,41.09604,-1.63729,P,PPLA3,52,Z,50090,,50,191
3124215,Cuarte de Huerva,Cuarte de Huerva,Cuarte de Huerva,41.59466,-0.93268,P,PPLA3,52,Z,50089,,50,2913
3124219,Cualedro,Cualedro,,41.98897,-7.59464,P,PPLA3,58,OR,32028,,32,2254
3124221,Cuadros,Cuadros,Cuadros,42.71163,-5.63828,P,PPLA3,55,LE,24061,,24,1810
3124261,Crivillén,Crivillen,"Crivillen,Crivillén",40.88325,-0.57666,P,PPLA3,52,TE,44087,,44,110
3124264,Cristóbal,Cristobal,,40.46923,-5.88967,P,PPLA3,55,SA,37112,,37,210
3124279,Crespos,Crespos,Crespos,40.87128,-4.97094,P,PPLA3,55,AV,05065,,05,632
3124280,Crespià,Crespia,"Crespia,Crespià,Crespiá",42.18333,2.8,P,PPLA3,56,GI,17058,,17,224
3124283,Crémenes,Cremenes,"Cremenes,Crémenes",42.90357,-5.14374,P,PPLA3,55,LE,24060,,24,867
3124285,Creixell,Creixell,Creixell,41.16618,1.44032,P,PPLA3,56,T,43050,,43,2510
3124290,Cozuelos de Fuentidueña,Cozuelos de Fuentiduena,"Cozuelos,Cozuelos de Fuentiduena,Cozuelos de Fuentidueña",41.39086,-4.09564,P,PPLA3,55,SG,40902,,40,161
3124297,Covelo,Covelo,Santiago de Covelo,42.23152,-8.363,P,PPLA3,58,PO,36013,,36,3710
3124312,Covarrubias,Covarrubias,Covarrubias,42.05927,-3.51956,P,PPLA3,55,BU,09113,,09,621
3124316,Covaleda,Covaleda,"Covaleda,Dovaleda,Kovaleda,ke wa lai da,Коваледа,科瓦莱达",41.93493,-2.88325,P,PPLA3,55,SO,42069,,42,2030
3124391,Cosuenda,Cosuenda,Cosuenda,41.36559,-1.29867,P,PPLA3,52,Z,50088,,50,387
3124392,Costur,Costur,Costur,40.11971,-0.17385,P,PPLA3,60,CS,12049,,12,474
3124408,Coslada,Coslada,"Coslada,Coslata,Koslada,Koslado,ke si la da,kosurada,kwslada,Кослада,كوسلادا,コスラーダ,科斯拉达",40.42378,-3.56129,P,PPLA3,29,M,28049,,28,81860
3124410,Coscurita,Coscurita,"Coscurita,Koskurita,ke si ku li ta,Коскурита,Коскуріта,科斯库里塔",41.43483,-2.47571,P,PPLA3,55,SO,42068,,42,127
3124418,Cosa,Cosa,Cosa,40.83392,-1.1365,P,PPLA3,52,TE,44085,,44,98
3124439,Coruña del Conde,Coruna del Conde,"Cluna,Clunia,Cluña,Coruna,Coruna del Conde,Coruña,Coruña del Conde,Cruna,Crunna,Crunnia,Cruña,Curuna,Curuña",41.76566,-3.39059,P,PPLA3,55,BU,09112,,09,158
3124441,Corullón,Corullon,"Corullon,Corullón",42.57896,-6.81925,P,PPLA3,55,LE,24059,,24,1130
3124462,Kortezubi,Kortezubi,"Cortezubi,Cortézubi,Kortezubi",43.33333,-2.65,P,PPLA3,59,BI,48907,,48,0
3124465,Cortes de Arenoso,Cortes de Arenoso,"Cortes d'Arenos,Cortes de Arenoso",40.18812,-0.54195,P,PPLA3,60,CS,12048,,12,394
3124466,Cortes de Aragón,Cortes de Aragon,"Cortes de Aragon,Cortes de Aragón",40.97366,-0.83575,P,PPLA3,52,TE,44084,,44,107
3124473,Cortes,Cortes,Cortes,41.92269,-1.42045,P,PPLA3,32,NA,31078,,31,0
3124480,Cortegada,Cortegada,Cortegada,42.20983,-8.1682,P,PPLA3,58,OR,32027,,32,0
3124487,Corçà,Corca,"Corca,Corsa,Corsá,Corçà",41.98333,3.01667,P,PPLA3,56,GI,17057,,17,0
3124515,Corrales de Duero,Corrales de Duero,Corrales de Duero,41.67205,-4.04817,P,PPLA3,55,VA,47056,,47,116
3124519,Corrales,Corrales,Corrales,41.358,-5.72479,P,PPLA3,55,ZA,49054,,49,1029
3124525,Corral de Ayllón,Corral de Ayllon,"Corral de Ayllon,Corral de Ayllón",41.39081,-3.45856,P,PPLA3,55,SG,40061,,40,96
3124531,Corporales,Corporales,Corporales,42.43208,-2.99535,P,PPLA3,27,LO,26055,,26,48
3124533,Corpa,Corpa,Corpa,40.42327,-3.26003,P,PPLA3,29,M,28048,,28,547
3124568,Cornellà del Terri,Cornella del Terri,Cornella de Terri,42.08333,2.81667,P,PPLA3,56,GI,17056,,17,0
3124582,Cornago,Cornago,"Cornago,Kornago,ke er na ge,Корнаго,Կորնագո,科尔纳戈",42.06444,-2.09486,P,PPLA3,27,LO,26054,,26,535
3124589,Coristanco,Coristanco,"Coristanco,San Pelayo",43.2,-8.75,P,PPLA3,58,C,15029,,15,7674
3124595,Coreses,Coreses,Coreses,41.54794,-5.62252,P,PPLA3,55,ZA,49053,,49,1145
3124599,Corera,Corera,Corera,42.34344,-2.22023,P,PPLA3,27,LO,26053,,26,260
3124600,Corella,Corella,"Corella,Corello,Korel'ja,ke lei li ya,Корелья,科雷利亚",42.11507,-1.78563,P,PPLA3,32,NA,31077,,31,7576
3124602,Corduente,Corduente,Corduente,40.84304,-1.97841,P,PPLA3,54,GU,19099,,19,421
3124605,Cordovín,Cordovin,"Cordovin,Cordovín",42.38557,-2.815,P,PPLA3,27,LO,26052,,26,217
3124606,Cordovilla la Real,Cordovilla la Real,Cordovilla la Real,42.07961,-4.25988,P,PPLA3,55,P,34063,,34,115
3124608,Cordovilla,Cordovilla,Cordovilla,40.95095,-5.40725,P,PPLA3,55,SA,37110,,37,133
3124614,Corcubión,Corcubion,"Corcubion,Corcubión",42.94414,-9.1926,P,PPLA3,58,C,15028,,15,1941
3124617,Corcos,Corcos,,41.80946,-4.6927,P,PPLA3,55,VA,47055,,47,264
3124625,Corbillos de los Oteros,Corbillos de los Oteros,Corbillos de los Oteros,42.40769,-5.45963,P,PPLA3,55,LE,24058,,24,253
3124628,Corbera de Llobregat,Corbera de Llobregat,"Corbera,Corbera Baja,Corbera de Llobregat,Corbera del Llobregat",41.41702,1.9197,P,PPLA3,56,B,08072,,08,13843
3124635,Corbalán,Corbalan,"Corbalan,Corbalán",40.40308,-0.98525,P,PPLA3,52,TE,44082,,44,86
3124644,Copernal,Copernal,Copernal,40.86463,-3.05396,P,PPLA3,54,GU,19098,,19,21
3124645,Coomonte,Coomonte,Coomonte,42.11546,-5.81316,P,PPLA3,55,ZA,49052,,49,294
3124649,Contreras,Contreras,Contreras,42.02004,-3.41084,P,PPLA3,55,BU,09110,,09,98
3124657,Contamina,Contamina,Contamina,41.30535,-1.91731,P,PPLA3,52,Z,50087,,50,47
3124659,Constanzana,Constanzana,Constanzana,40.93821,-4.87515,P,PPLA3,55,AV,05064,,05,163
3124661,Constantí,Constanti,"Constanti,Constantí",41.15392,1.21262,P,PPLA3,56,T,43047,,43,5597
3124672,Congostrina,Congostrina,Congostrina,41.03719,-2.98569,P,PPLA3,54,GU,19097,,19,48
3124673,Congosto de Valdavia,Congosto de Valdavia,Congosto de Valdavia,42.71584,-4.63366,P,PPLA3,55,P,34062,,34,231
3124675,Congosto,Congosto,Congosto,42.61755,-6.52048,P,PPLA3,55,LE,24057,,24,1656
3124685,Conesa,Conesa,Conesa,41.51667,1.3,P,PPLA3,56,T,43046,,43,0
3124693,Condemios de Arriba,Condemios de Arriba,Condemios de Arriba,41.21644,-3.12543,P,PPLA3,54,GU,19096,,19,187
3124694,Condemios de Abajo,Condemios de Abajo,Condemios de Abajo,41.21667,-3.1,P,PPLA3,54,GU,19095,,19,30
3124749,Colungo,Colungo,Colungo,42.17125,0.06812,P,PPLA3,52,HU,22090,,22,133
3124751,Colunga,Colunga,"Kolunga,ke lun jia,klwnga,kwlwngha,Колунга,كولونغا,کلونگا,科伦加",43.48531,-5.27009,P,PPLA3,34,O,33019,,33,3868
3124760,Colomers,Colomers,"Colomers,Colomes,Colomés",42.08333,2.98333,P,PPLA3,56,GI,17055,,17,0
3124765,Colmenar Viejo,Colmenar Viejo,"Kol'menar-V'ekho,Kol'menar-Vekho,Kolmenar Viexo,jiu ke er mei na er,kwlmnar wygw,kwlmynar fyjw,Кольменар-Вьехо,Кольменар-Вєхо,Կոլմենար Վիեխո,קולמנאר וייחו,كولمينار فيجو,کولمنار ویگو,旧科尔梅纳尔",40.65909,-3.76762,P,PPLA3,29,M,28045,,28,43700
3124768,Colmenarejo,Colmenarejo,,40.56063,-4.01713,P,PPLA3,29,M,28044,,28,7173
3124769,Colmenar de Oreja,Colmenar de Oreja,Colmenar de Oreja,40.10675,-3.38547,P,PPLA3,29,M,28043,,28,6968
3124770,Colmenar de Montemayor,Colmenar de Montemayor,"Colmenar de Montemayor,Montegrande del Colmenar",40.39957,-5.95618,P,PPLA3,55,SA,37109,,37,239
3124772,Colmenar del Arroyo,Colmenar del Arroyo,Colmenar del Arroyo,40.41897,-4.19845,P,PPLA3,29,M,28042,,28,1174
3124775,Collsuspina,Collsuspina,Collsuspina,41.8258,2.17546,P,PPLA3,56,B,08070,,08,308
3124783,Coll de Nargó,Coll de Nargo,"Coll de Nargo,Coll de Nargó",42.17473,1.31694,P,PPLA3,56,L,25077,,25,601
3124784,Colldejou,Colldejou,Colldejou,41.0997,0.88717,P,PPLA3,56,T,43045,,43,196
3124787,Collazos de Boedo,Collazos de Boedo,Collazos de Boedo,42.62009,-4.48294,P,PPLA3,55,P,34061,,34,157
3124798,Collado Mediano,Collado Mediano,,40.69326,-4.0228,P,PPLA3,29,M,28046,,28,7463
3124799,Collado Hermoso,Collado Hermoso,Collado Hermoso,41.03869,-3.91859,P,PPLA3,55,SG,40059,,40,152
3124800,Collado del Mirón,Collado del Miron,"Collado del Miron,Collado del Mirón",40.55307,-5.35398,P,PPLA3,55,AV,05063,,05,62
3124802,Collado de Contreras,Collado de Contreras,Collado de Contreras,40.88743,-4.9314,P,PPLA3,55,AV,05062,,05,249
3124810,Collado,Collado,Collado,40.05729,-5.72052,P,PPLA3,57,CC,10065,,10,0
3124821,Colindres,Colindres,"Colindres,Kolindres,ke lin de lei si,kwlyndrys,Колиндрес,Коліндрес,كوليندريس,科林德雷斯",43.39667,-3.45361,P,PPLA3,39,S,39023,,39,7179
3124828,Coles,Coles,"Coles,San Juan",42.40071,-7.83526,P,PPLA3,58,OR,32026,,32,3049
3124829,Colera,Colera,Colera,42.40394,3.15153,P,PPLA3,56,GI,17054,,17,702
3124837,Coirós,Coiros,"Coiros,Coirós,San Julian,San Julián",43.25,-8.16667,P,PPLA3,58,C,15027,,15,1689
3124847,el Cogul,el Cogul,"Cogul,Cogull,Gogull,el Cogul",41.46667,0.68333,P,PPLA3,56,L,25076,,25,0
3124849,Cogolludo,Cogolludo,,40.94691,-3.0893,P,PPLA3,54,GU,19092,,19,633
3124852,Cogollos,Cogollos,Cogollos,42.19982,-3.70005,P,PPLA3,55,BU,09108,,09,397
3124853,Cogollor,Cogollor,Cogollor,40.84818,-2.74425,P,PPLA3,54,GU,19091,,19,39
3124857,Cogeces del Monte,Cogeces del Monte,Cogeces del Monte,41.5103,-4.31721,P,PPLA3,55,VA,47054,,47,856
3124874,Codos,Codos,Codos,41.29266,-1.37425,P,PPLA3,52,Z,50086,,50,273
3124875,Codorniz,Codorniz,Codorniz,41.06745,-4.60021,P,PPLA3,55,SG,40058,,40,456
3124894,Coca de Alba,Coca de Alba,Coca de Alba,40.87833,-5.36537,P,PPLA3,55,SA,37108,,37,124
3124895,Coca,Coca,"Cauca,Coca,Koka,Kokao,ke ka,Кока,科卡",41.21767,-4.52145,P,PPLA3,55,SG,40057,,40,2042
3124898,Cobreros,Cobreros,Cobreros,42.07323,-6.70053,P,PPLA3,55,ZA,49050,,49,650
3124903,Cobos de Fuentidueña,Cobos de Fuentiduena,"Cobos de Fuentiduena,Cobos de Fuentidueña",41.38265,-3.92723,P,PPLA3,55,SG,40056,,40,56
3124904,Cobos de Cerrato,Cobos de Cerrato,Cobos de Cerrato,42.02808,-4.00251,P,PPLA3,55,P,34060,,34,213
3124908,Cobeta,Cobeta,Cobeta,40.8656,-2.14211,P,PPLA3,54,GU,19090,,19,111
3124911,Cobeña,Cobena,"Cobena,Cobeña",40.56667,-3.5,P,PPLA3,29,M,28041,,28,7702
3124914,Cobeja,Cobeja,Cobeja,40.02076,-3.85599,P,PPLA3,54,TO,45051,,45,2037
3124925,Coaña,Coana,"Coana,Coano,Coaña,Coaño,Cuana,Cuaña,Cuina,Cuiña,Koan'ja,Koanija,ke a ni ya,kwanya,kyanya,Коания,Коанья,كوانيا,کئانیا,科阿尼亚",43.51392,-6.75527,P,PPLA3,34,O,33018,,33,3440
3124936,Clavijo,Clavijo,"Clavijo,Clavillo,Klavikho,Klavixo,ke la wei huo,Клавихо,Клавіхо,Կլավիխո,克拉维霍",42.34897,-2.42666,P,PPLA3,27,LO,26051,,26,263
3124940,Clarés de Ribota,Clares de Ribota,"Clares de Ribota,Clarés de Ribota",41.52957,-1.83773,P,PPLA3,52,Z,50084,,50,99
3124959,Ciutadilla,Ciutadilla,Ciutadilla,41.56113,1.13935,P,PPLA3,56,L,25074,,25,256
3124962,Siurana,Siurana,"Siurana,Сиурана",42.20916,2.99392,P,PPLA3,56,GI,17052,,17,155
3124963,Ciudad Rodrigo,Ciudad Rodrigo,"Ciarrodrigu,Cidade Rodrigo,Ciudad Rodrigo,Ciudad-Rodrigo,S'judad-Rodrigo,Siudad-Rodrigo,Sjudad Rodrigo,luo de li ge cheng,Сьюдад-Родриго,Сьюдад-Родріго,Сјудад Родриго,シウダ・ロドリーゴ,罗德里戈城",40.6,-6.53333,P,PPLA3,55,SA,37107,,37,14080
3124967,Ciutadella,Ciutadella,"Ciudadela,Ciutadella,QIU",40.00112,3.84144,P,PPLA3,07,PM,07015,,07,29160
3124970,Cistierna,Cistierna,"Cistierna,Sist'erna,thystyrna,xi si tie er na,Систьерна,Сістьєрна,ثيستيرنا,西斯铁尔纳",42.80344,-5.12664,P,PPLA3,55,LE,24056,,24,3897
3124971,Cistérniga,Cisterniga,"Cisterniga,Cistérniga",41.61294,-4.68697,P,PPLA3,55,VA,47052,,47,5983
3124972,Cistella,Cistella,Cistella,42.2687,2.8478,P,PPLA3,56,GI,17051,,17,233
3124974,Cisneros,Cisneros,"Cisneros,Sisneros,xi si nei luo si,Сиснерос,Сіснерос,西斯内罗斯",42.22046,-4.85807,P,PPLA3,55,P,34059,,34,543
3124975,Cisla,Cisla,Cisla,40.96662,-5.01405,P,PPLA3,55,AV,05060,,05,173
3124977,Cirujales del Río,Cirujales del Rio,"Chujales del Rio,Chujales del Río,Cirujales del Rio,Cirujales del Río",41.86691,-2.32549,P,PPLA3,55,SO,42065,,42,40
3124980,Cirueña,Ciruena,"Ciruena,Cirueña",42.41214,-2.89593,P,PPLA3,27,LO,26050,,26,115
3124982,Ciruelos de Cervera,Ciruelos de Cervera,Ciruelos de Cervera,41.90562,-3.53015,P,PPLA3,55,BU,09105,,09,139
3124988,Ciruelas,Ciruelas,Ciruelas,40.75021,-3.0858,P,PPLA3,54,GU,19088,,19,98
3124991,Ciriza,Ciriza,Ciriza,42.79019,-1.82822,P,PPLA3,32,NA,31075,,31,70
3124997,Ciria,Ciria,Ciria,41.61831,-1.96578,P,PPLA3,55,SO,42064,,42,100
3125001,Cirauqui,Cirauqui,Cirauqui,42.67596,-1.89115,P,PPLA3,32,NA,31074,,31,474
3125002,Cirat,Cirat,"Cinat,Ciral,Cirat",40.05,-0.45,P,PPLA3,60,CS,12046,,12,304
3125006,Cipérez,Ciperez,"Ciperez,Cipérez",40.9621,-6.26552,P,PPLA3,55,SA,37106,,37,376
3125007,Ziordia,Ziordia,"Ciordia,Ziordia",42.87068,-2.22954,P,PPLA3,32,NA,31073,,31,0
3125009,Cintruénigo,Cintruenigo,"Cintruenico,Cintruenigo,Cintruénico,Cintruénigo,Zentroniko",42.07937,-1.80458,P,PPLA3,32,NA,31072,,31,6708
3125016,Cinctorres,Cinctorres,Cinctorres,40.58333,-0.21667,P,PPLA3,60,CS,12045,,12,512
3125018,Cincovillas,Cincovillas,,41.20501,-2.81834,P,PPLA3,54,GU,19087,,19,39
3125020,Cinco Olivas,Cinco Olivas,Cinco Olivas,41.33966,-0.37116,P,PPLA3,52,Z,50083,,50,122
3125024,Cimballa,Cimballa,Cimballa,41.10118,-1.77352,P,PPLA3,52,Z,50082,,50,135
3125025,Cimanes del Tejar,Cimanes del Tejar,Cimanes del Tejar,42.61789,-5.80506,P,PPLA3,55,LE,24055,,24,872
3125026,Cimanes de la Vega,Cimanes de la Vega,,42.11646,-5.59851,P,PPLA3,55,LE,24054,,24,615
3125039,Cilleruelo de San Mamés,Cilleruelo de San Mames,"Cilleruelo de San Mames,Cilleruelo de San Mamés",41.4322,-3.56614,P,PPLA3,55,SG,40055,,40,45
3125042,Cilleruelo de Arriba,Cilleruelo de Arriba,"Cilleruelo,Cilleruelo de Arriba",41.90487,-3.66102,P,PPLA3,55,BU,09104,,09,68
3125043,Cilleruelo de Abajo,Cilleruelo de Abajo,Cilleruelo de Abajo,41.88405,-3.79723,P,PPLA3,55,BU,09103,,09,283
3125045,Cilleros de la Bastida,Cilleros de la Bastida,Cilleros de la Bastida,40.57614,-6.06094,P,PPLA3,55,SA,37104,,37,35
3125047,Cilleros,Cilleros,"Cilleros,Cillerus,Sil'eros,kaylyrws,xi lie luo si,Сильерос,Сільєрос,كايليروس,西列罗斯",40.11486,-6.79256,P,PPLA3,57,CC,10064,,10,1964
3125054,Cillán,Cillan,"Cillan,Cillán",40.70675,-4.98135,P,PPLA3,55,AV,05059,,05,131
3125058,Cihuri,Cihuri,"Cihuri,Zihuri",42.56499,-2.92287,P,PPLA3,27,LO,26049,,26,170
3125059,Cihuela,Cihuela,Cihuela,41.40721,-1.99989,P,PPLA3,55,SO,42063,,42,80
3125060,Ciguñuela,Cigunuela,"Cigunuela,Ciguñuela",41.64064,-4.85688,P,PPLA3,55,VA,47051,,47,397
3125067,Cigudosa,Cigudosa,Cigudosa,41.93333,-2.05,P,PPLA3,55,SO,42062,,42,54
3125068,Cigales,Cigales,Cigales,41.7578,-4.69848,P,PPLA3,55,VA,47050,,47,3482
3125072,Cifuentes,Cifuentes,"Cifuentes,Sifuehntes,Sifuentes,xi feng te si,Сифуэнтес,Сіфуентес,Սիֆուենտես,西丰特斯",40.78622,-2.62245,P,PPLA3,54,GU,19086,,19,2026
3125077,Zierbena,Zierbena,"Ciervana,Ciervana-Abanto,Ciérvana,Ciérvana-Abanto,La Cuesta,La Cuesta-Ciervana,La Cuesta-Ciérvana,Zierbena",43.35,-3.08333,P,PPLA3,59,BI,48913,,48,9418
3125082,Ciempozuelos,Ciempozuelos,,40.15913,-3.62103,P,PPLA3,29,M,28040,,28,22132
3125083,Cidones,Cidones,"Cidones,Sidones,xi duo nei si,Сидонес,Сідонес,西多内斯",41.81444,-2.63991,P,PPLA3,55,SO,42061,,42,367
3125084,Cidamón,Cidamon,"Cidamon,Cidamón",42.49518,-2.87834,P,PPLA3,27,LO,26048,,26,33
3125099,Ciadoncha,Ciadoncha,Ciadoncha,42.15814,-3.93235,P,PPLA3,55,BU,09101,,09,93
3125108,Chozas de Canales,Chozas de Canales,Chozas de Canales,40.10014,-4.04333,P,PPLA3,54,TO,45056,,45,1912
3125110,Chozas de Abajo,Chozas de Abajo,Chozas de Abajo,42.50657,-5.68656,P,PPLA3,55,LE,24065,,24,1976
3125134,Chodes,Chodes,Chodes,41.48696,-1.48012,P,PPLA3,52,Z,50093,,50,156
3125142,Chiprana,Chiprana,Chiprana,41.26317,-0.12741,P,PPLA3,52,Z,50092,,50,355
3125144,Chinchón,Chinchon,"Chinchon,Chinchón,Cincono,qin qiong,tshyntshwn,Ĉinĉono,Чинчон,تشينتشون,钦琼",40.1402,-3.42267,P,PPLA3,29,M,28052,,28,5670
3125147,Chimillas,Chimillas,Chimillas,42.17033,-0.45168,P,PPLA3,52,HU,22096,,22,310
3125149,Chiloeches,Chiloeches,Chiloeches,40.57038,-3.16003,P,PPLA3,54,GU,19105,,19,1791
3125150,Chillarón del Rey,Chillaron del Rey,"Chillaron del Rey,Chillarón del Rey",40.59818,-2.69126,P,PPLA3,54,GU,19106,,19,120
3125151,Chillarón de Cuenca,Chillaron de Cuenca,"Chillaron,Chillarón",40.10539,-2.22181,P,PPLA3,54,CU,16023,,16,474
3125161,Chía,Chia,"Chia,Chía,Gia",42.5208,0.46563,P,PPLA3,52,HU,22095,,22,114
3125163,Chert/Xert,Chert/Xert,"Cheri,Chert,Xert",40.51944,0.15831,P,PPLA3,60,CS,12052,,12,890
3125168,Chequilla,Chequilla,Chequilla,40.606,-1.82787,P,PPLA3,54,GU,19104,,19,19
3125174,Checa,Checa,Checa,40.58614,-1.79056,P,PPLA3,54,GU,19103,,19,349
3125198,Chapinería,Chapineria,"Chapineria,Chapinería",40.37891,-4.21009,P,PPLA3,29,M,28051,,28,1832
3125212,Chantada,Chantada,,42.60876,-7.77115,P,PPLA3,58,LU,27016,,27,9339
3125216,Chañe,Chane,"Chane,Chañe",41.33834,-4.42764,P,PPLA3,55,SG,40065,,40,714
3125240,Chamartín,Chamartin,"Chamartin,Chamartin de la Sierra,Chamartín",40.70267,-4.95769,P,PPLA3,55,AV,05067,,05,94
3125243,Chalamera,Chalamera,,41.66567,0.16299,P,PPLA3,52,HU,22094,,22,156
3125266,Cevico Navero,Cevico Navero,Cevico Navero,41.86112,-4.18498,P,PPLA3,55,P,34058,,34,251
3125267,Cevico de la Torre,Cevico de la Torre,Cevico de la Torre,41.85113,-4.40973,P,PPLA3,55,P,34057,,34,562
3125269,Cetina,Cetina,Cetina,41.29208,-1.96281,P,PPLA3,52,Z,50081,,50,715
3125273,Zestoa,Cestona,"Cestona,Zestoa",43.23973,-2.2579,P,PPLA3,59,SS,20027,,20,0
3125287,Cervo,Cervo,Cervo,43.67019,-7.41013,P,PPLA3,58,LU,27013,,27,4908
3125288,Cervillego de la Cruz,Cervillego de la Cruz,Cervillego de la Cruz,41.18783,-4.94966,P,PPLA3,55,VA,47049,,47,137
3125292,Cervià de Ter,Cervia de Ter,"Cervia de Ter,Cervià de Ter",42.0665,2.90743,P,PPLA3,56,GI,17050,,17,756
3125294,Cerveruela,Cerveruela,Cerveruela,41.21567,-1.21525,P,PPLA3,52,Z,50080,,50,32
3125296,Cervera de Pisuerga,Cervera de Pisuerga,"Cervera,Cervera de Pisuerga,Servera-de-Pisuehrga,Servera-de-Pisuerga,sai er wei la de pi su ai er jia,Сервера-де-Писуэрга,Сервера-де-Пісуерга,塞尔韦拉德皮苏埃尔加",42.86676,-4.49796,P,PPLA3,55,P,34056,,34,2699
3125297,Cervera del Río Alhama,Cervera del Rio Alhama,"Cervera de Rio Alhama,Cervera del Rio Alhama,Cervera del Rio Alhambra,Cervera del Río Alhama,Cervera del Río Alhambra,Servera del Rio Alama,Servera-del'-Rio-Al'khama,Servera-del'-Rio-Alama,a er a ma he pan sai er wei la de er,Сервера-дель-Рио-Алама,Сервера-дель-Рио-Альхама,Сервера-дель-Ріо-Алама,Սերվերա դել Ռիո Ալամա,阿尔阿马河畔塞尔韦拉德尔",42.00517,-1.95531,P,PPLA3,27,LO,26047,,26,3099
3125299,Cervera de los Montes,Cervera de los Montes,"Cervera,Cervera de los Montes",40.05182,-4.81072,P,PPLA3,54,TO,45049,,45,346
3125300,Cervera del Maestre,Cervera del Maestre,"Cervera,Cervera del Maestrat,Cervera del Maestre",40.45366,0.27659,P,PPLA3,60,CS,12044,,12,627
3125301,Cervera de la Cañada,Cervera de la Canada,"Cervera de la Canada,Cervera de la Cañada",41.43301,-1.73568,P,PPLA3,52,Z,50079,,50,328
3125302,Cervera de Buitrago,Cervera de Buitrago,Cervera de Buitrago,40.91988,-3.52702,P,PPLA3,29,M,28039,,28,130
3125309,Cervelló,Cervello,,41.39587,1.95917,P,PPLA3,56,B,08068,,08,7151
3125312,Cervatos de la Cueza,Cervatos de la Cueza,"Cervatos,Cervatos de la Cueza",42.29054,-4.76947,P,PPLA3,55,P,34055,,34,334
3125325,Cerratón de Juarros,Cerraton de Juarros,"Cerraton de Juarros,Cerratón de Juarros",42.42227,-3.37347,P,PPLA3,55,BU,09100,,09,56
3125328,Cerralbo,Cerralbo,Cerralbo,40.97347,-6.5871,P,PPLA3,55,SA,37101,,37,231
3125345,Cernadilla,Cernadilla,Cernadilla,42.02083,-6.41701,P,PPLA3,55,ZA,49048,,49,173
3125352,Cerezo de Río Tirón,Cerezo de Rio Tiron,"Cerezo,Sereso-de-Rio-Tiron,sai lei suo de li ao di long,syryzw dy rayw tayrwn,Сересо-де-Рио-Тирон,Сересо-де-Ріо-Тірон,سيريزو دي رايو تايرون,塞雷索德里奥蒂龙",42.4914,-3.136,P,PPLA3,55,BU,09098,,09,0
3125354,Cerezo de Arriba,Cerezo de Arriba,Cerezo de Arriba,41.2389,-3.55846,P,PPLA3,55,SG,40054,,40,186
3125355,Cerezo de Abajo,Cerezo de Abajo,Cerezo de Abajo,41.21817,-3.59126,P,PPLA3,55,SG,40053,,40,200
3125357,Cerezo,Cerezo,Cerezo,40.23678,-6.22764,P,PPLA3,57,CC,10063,,10,197
3125363,Cerezal de Peñahorcada,Cerezal de Penahorcada,"Cerezal de Penahorcada,Cerezal de Peñahorcada",41.13071,-6.65357,P,PPLA3,55,SA,37100,,37,127
3125380,Cerecinos del Carrizal,Cerecinos del Carrizal,"Cerecinos,Cerecinos del Carrizal",41.68384,-5.65303,P,PPLA3,55,ZA,49047,,49,157
3125381,Cerecinos de Campos,Cerecinos de Campos,"Cerecinos,Cerecinos de Campos",41.90017,-5.48605,P,PPLA3,55,ZA,49046,,49,388
3125386,Cereceda de la Sierra,Cereceda de la Sierra,Cereceda de la Sierra,40.56627,-6.0914,P,PPLA3,55,SA,37099,,37,97
3125397,Cerdido,Cerdido,"Cerdido,San Martin,San Martín",43.62063,-7.99959,P,PPLA3,58,C,15025,,15,1535
3125408,Cercedilla,Cercedilla,,40.74101,-4.05644,P,PPLA3,29,M,28038,,28,6747
3125410,Cerceda,Cerceda,"Cerceda,San Martin,San Martín",43.18333,-8.48333,P,PPLA3,58,C,15024,,15,0
3125415,Cerbón,Cerbon,"Cerbon,Cerbón",41.92934,-2.16895,P,PPLA3,55,SO,42060,,42,45
3125420,Zerain,Cerain,"Cerain,Ceráin,Zerain",43.01237,-2.27264,P,PPLA3,59,SS,20026,,20,0
3125424,Cepeda la Mora,Cepeda la Mora,Cepeda la Mora,40.4578,-5.04833,P,PPLA3,55,AV,05058,,05,106
3125427,Cepeda,Cepeda,"Cepeda,Sepeda,sai pei da,Сепеда,Սեպեդա,塞佩达",40.466,-6.041,P,PPLA3,55,SA,37098,,37,471
3125437,Centenera de Andaluz,Centenera de Andaluz,"Centenera de Andaluz,Sentenera-de-Andalus,sen te nei la de ya en da lu si,Сентенера-де-Андалус,森特内拉德亚恩达卢斯",41.50679,-2.71813,P,PPLA3,55,SO,42059,,42,23
3125440,Centenera,Centenera,Centenera,40.65064,-3.0512,P,PPLA3,54,GU,19082,,19,98
3125445,Cenlle,Cenlle,Cenlle,42.34183,-8.08982,P,PPLA3,58,OR,32025,,32,1555
3125448,Cenicientos,Cenicientos,Cenicientos,40.26459,-4.46683,P,PPLA3,29,M,28037,,28,0
3125449,Cenicero,Cenicero,"Cenicero,Ceracero",42.4813,-2.64412,P,PPLA3,27,LO,26046,,26,2020
3125456,Cendejas de la Torre,Cendejas de la Torre,Cendejas de la Torre,40.97916,-2.85053,P,PPLA3,54,GU,19081,,19,64
3125469,Celrà,Celra,"Celra,Celrà,Celrá",42.03333,2.88333,P,PPLA3,56,GI,17049,,17,3372
3125473,Cellorigo,Cellorigo,Cellorigo,42.62703,-3.00016,P,PPLA3,27,LO,26045,,26,23
3125480,Cella,Cella,Cella,40.45325,-1.2875,P,PPLA3,52,TE,44076,,44,2820
3125488,Celanova,Celanova,,42.15303,-7.95513,P,PPLA3,58,OR,32024,,32,5533
3125497,Celada del Camino,Celada del Camino,,42.26359,-3.93362,P,PPLA3,55,BU,09095,,09,102
3125517,Ceinos de Campos,Ceinos de Campos,"Ceinos,Ceinos de Campos",42.03284,-5.15007,P,PPLA3,55,VA,47048,,47,273
3125523,Zegama,Cegama,"Cegama,Zegama",42.97556,-2.29091,P,PPLA3,59,SS,20025,,20,0
3125526,Cee,Cee,"Cee,See,Seeh,sai ai,se,sy,sy galysya,Сее,Сеэ,سي,سی گالیسیا,セー,塞埃",42.95466,-9.188,P,PPLA3,58,C,15023,,15,7576
3125529,Cedrillas,Cedrillas,Cedrillas,40.43708,-0.8515,P,PPLA3,52,TE,44074,,44,515
3125533,Cedillo del Condado,Cedillo del Condado,Cedillo del Condado,40.1126,-3.92127,P,PPLA3,54,TO,45047,,45,2070
3125534,Cedillo de la Torre,Cedillo de la Torre,Cedillo de la Torre,41.42482,-3.60577,P,PPLA3,55,SG,40052,,40,105
3125537,Cedeira,Cedeira,"Cedeira,Sedeira,Sedejra,sai de la,sedeira,sydyra,sydyrya,Седеира,Седейра,Седејра,سيديريا,سیدیرا,セデイラ,塞德拉",43.66044,-8.05719,P,PPLA3,58,C,15022,,15,7455
3125547,Cebrones del Río,Cebrones del Rio,"Cebrones del Rio,Cebrones del Río",42.25726,-5.82622,P,PPLA3,55,LE,24053,,24,633
3125548,Cebreros,Cebreros,Cebreros,40.45835,-4.46433,P,PPLA3,55,AV,05057,,05,3226
3125552,Cebrecos,Cebrecos,Cebrecos,41.98408,-3.59661,P,PPLA3,55,BU,09094,,09,64
3125560,Cebanico,Cebanico,"Cebanco,Cebanico",42.72526,-5.02568,P,PPLA3,55,LE,24052,,24,221
3125563,Zeanuri,Zeanuri,"Ceanuri,Ceanuri Alto,Ceánuri,Ceánuri Alto,Elexondo,Zeanuri",43.1,-2.75,P,PPLA3,59,BI,48024,,48,1163
3125571,Cazurra,Cazurra,Cazurra,41.41583,-5.70454,P,PPLA3,55,ZA,49044,,49,88
3125579,Cazalegas,Cazalegas,Cazalegas,40.00958,-4.67606,P,PPLA3,54,TO,45045,,45,1458
3125581,Cayuela,Cayuela,,42.27223,-3.81895,P,PPLA3,55,BU,09093,,09,127
3125602,Catoira,Catoira,Catoira,42.66748,-8.72323,P,PPLA3,58,PO,36010,,36,3519
3125604,el Catllar,el Catllar,"Catllar,el Catllar",41.16667,1.31667,P,PPLA3,56,T,43043,,43,0
3125605,Catí,Cati,,40.47156,0.02275,P,PPLA3,60,CS,12042,,12,847
3125614,Castroverde de Cerrato,Castroverde de Cerrato,Castroverde de Cerrato,41.75609,-4.22151,P,PPLA3,55,VA,47047,,47,268
3125615,Castroverde de Campos,Castroverde de Campos,"Castroverde,Castroverde de Campos",41.97049,-5.31434,P,PPLA3,55,ZA,49043,,49,406
3125616,Castroverde,Castroverde,Castroverde,43.0302,-7.32428,P,PPLA3,58,LU,27011,,27,3218
3125621,Castro-Urdiales,Castro-Urdiales,"Castro Urdiales,Castro-Urdiales,Urdialaitz",43.38285,-3.22043,P,PPLA3,39,S,39020,,39,31977
3125625,Castroserracín,Castroserracin,"Castroserracin,Castroserracín",41.39329,-3.80196,P,PPLA3,55,SG,40051,,40,52
3125627,Castroserna de Abajo,Castroserna de Abajo,Castroserna de Abajo,41.20835,-3.73387,P,PPLA3,55,SG,40049,,40,46
3125631,Castroponce,Castroponce,Castroponce,42.12646,-5.18245,P,PPLA3,55,VA,47046,,47,173
3125632,Castropol,Castropol,"Kastropol',ka si te luo bo er,kastrpl,kastrwbwl,Кастрополь,كاستروبول,کاسترپل,卡斯特罗波尔",43.52777,-7.03048,P,PPLA3,34,O,33017,,33,0
3125633,Castropodame,Castropodame,Castropodame,42.57943,-6.46837,P,PPLA3,55,LE,24049,,24,1829
3125636,Castronuño,Castronuno,"Castronuno,Castronuño",41.38918,-5.26408,P,PPLA3,55,VA,47045,,47,1057
3125637,Castronuevo de Esgueva,Castronuevo de Esgueva,Castronuevo de Esgueva,41.6818,-4.58866,P,PPLA3,55,VA,47044,,47,346
3125638,Castronuevo,Castronuevo,Castronuevo,41.72046,-5.54315,P,PPLA3,55,ZA,49042,,49,339
3125645,Castromonte,Castromonte,Castromonte,41.77355,-5.03909,P,PPLA3,55,VA,47043,,47,389
3125646,Castromocho,Castromocho,Castromocho,42.03104,-4.82404,P,PPLA3,55,P,34053,,34,260
3125649,Castromembibre,Castromembibre,"Castromembibre,Castromembribe",41.67246,-5.30473,P,PPLA3,55,VA,47042,,47,79
3125656,Castrojimeno,Castrojimeno,Castrojimeno,41.39659,-3.84726,P,PPLA3,55,SG,40048,,40,38
3125658,Castrogonzalo,Castrogonzalo,Castrogonzalo,41.99099,-5.60301,P,PPLA3,55,ZA,49041,,49,533
3125664,Castrodeza,Castrodeza,Castrodeza,41.64921,-4.95888,P,PPLA3,55,VA,47041,,47,228
3125672,Castro de Fuentidueña,Castro de Fuentiduena,"Castro de Fuentiduena,Castro de Fuentidueña",41.42044,-3.85528,P,PPLA3,55,SG,40047,,40,69
3125679,Castrocontrigo,Castrocontrigo,"Castrocontigo,Castrocontrigo",42.18363,-6.19022,P,PPLA3,55,LE,24047,,24,1065
3125681,Castro Caldelas,Castro Caldelas,Castro Caldelas,42.37366,-7.42578,P,PPLA3,58,OR,32023,,32,1224
3125682,Castrocalbón,Castrocalbon,"Castrocalbon,Castrocalbón",42.19706,-5.98226,P,PPLA3,55,LE,24046,,24,1221
3125683,Castrobol,Castrobol,Castrobol,42.13717,-5.31423,P,PPLA3,55,VA,47040,,47,101
3125722,Castrillo-Tejeriego,Castrillo-Tejeriego,Castrillo-Tejeriego,41.7034,-4.37142,P,PPLA3,55,VA,47039,,47,232
3125726,Castrillo de Villavega,Castrillo de Villavega,Castrillo de Villavega,42.45463,-4.48069,P,PPLA3,55,P,34052,,34,245
3125735,Castrillo de Onielo,Castrillo de Onielo,Castrillo de Onielo,41.8582,-4.30125,P,PPLA3,55,P,34051,,34,153
3125737,Castrillo del Val,Castrillo del Val,"Castrillo del Val,Kastril'jo-del'-Val',Kastril'o-del'-Val',ka si te li e de er wa er,kastylrylw dyl fal,Кастрильо-дель-Валь,Кастрільйо-дель-Валь,كاستيلريلو ديل فال,卡斯特里略德尔瓦尔",42.31401,-3.58501,P,PPLA3,55,BU,09086,,09,513
3125740,Castrillo de la Vega,Castrillo de la Vega,Castrillo de la Vega,41.65166,-3.78089,P,PPLA3,55,BU,09085,,09,604
3125741,Castrillo de la Valduerna,Castrillo de la Valduerna,Castrillo de la Valduerna,42.32393,-6.13455,P,PPLA3,55,LE,24044,,24,188
3125743,Castrillo de la Reina,Castrillo de la Reina,Castrillo de la Reina,41.98714,-3.2356,P,PPLA3,55,BU,09084,,09,248
3125744,Castrillo de la Guareña,Castrillo de la Guarena,"Castrillo de la Guarena,Castrillo de la Guareña",41.23043,-5.3255,P,PPLA3,55,ZA,49040,,49,147
3125746,Castrillo de Duero,Castrillo de Duero,Castrillo de Duero,41.57494,-4.01547,P,PPLA3,55,VA,47038,,47,157
3125747,Castrillo de Don Juan,Castrillo de Don Juan,Castrillo de Don Juan,41.79086,-4.07031,P,PPLA3,55,P,34050,,34,298
3125749,Castrillo de Cabrera,Castrillo de Cabrera,Castrillo de Cabrera,42.34036,-6.54451,P,PPLA3,55,LE,24043,,24,156
3125758,Castrelo de Miño,Castrelo de Mino,"Santa Maria,Santa María",42.28463,-8.10627,P,PPLA3,58,OR,32022,,32,2033
3125771,Castrejón de la Peña,Castrejon de la Pena,"Castrejon de la Pena,Castrejón de la Peña",42.80795,-4.59901,P,PPLA3,55,P,34049,,34,564
3125775,Castraz,Castraz,Castraz,40.70517,-6.33383,P,PPLA3,55,SA,37097,,37,56
3125786,Castilruiz,Castilruiz,"Castilruiz,Kastil'ruis,Kastil'rujs,ka si di er lu yi si,Кастильруйс,Кастільруїс,卡斯蒂尔鲁伊斯",41.87678,-2.0593,P,PPLA3,55,SO,42057,,42,274
3125787,Castilnuevo,Castilnuevo,Castilnuevo,40.81431,-1.85782,P,PPLA3,54,GU,19079,,19,11
3125791,Castillonuevo,Castillonuevo,Castillonuevo,42.6827,-1.03121,P,PPLA3,32,NA,31071,,31,21
3125795,Castillo de Villamalefa,Castillo de Villamalefa,"Castillo de Villamalefa,Castillo de Villamaleja,Castillo de Villamaleta,Castillon de Villamatefa,el Castell de Vilamalefa",40.13333,-0.38333,P,PPLA3,60,CS,12041,,12,111
3125799,Castillo de Bayuela,Castillo de Bayuela,Castillo de Bayuela,40.10032,-4.68562,P,PPLA3,54,TO,45043,,45,1103
3125800,Castell-Platja d'Aro,Castell-Platja d'Aro,"Castell-Platja d'Aro,Castillo de Aro,Kastel'-Pladzha-de-Aro,Кастель-Пладжа-де-Аро",41.81751,3.06742,P,PPLA3,56,GI,17048,,17,10376
3125803,Castillo-Albaráñez,Castillo-Albaranez,"Castillo de Albaranez,Castillo de Albarañez,Castillo-Albaranez,Castillo-Albaráñez",40.29869,-2.39277,P,PPLA3,54,CU,16071,,16,22
3125814,Castillejo-Sierra,Castillejo-Sierra,Castillejo-Sierra,40.37477,-2.1404,P,PPLA3,54,CU,16070,,16,44
3125816,Castillejo de Robledo,Castillejo de Robledo,Castillejo de Robledo,41.55867,-3.49689,P,PPLA3,55,SO,42058,,42,148
3125817,Castillejo de Mesleón,Castillejo de Mesleon,"Castillejo de Mesleon,Castillejo de Mesleón",41.281,-3.60137,P,PPLA3,55,SG,40046,,40,153
3125818,Castillejo de Martín Viejo,Castillejo de Martin Viejo,"Castillejo de Martin Viejo,Castillejo de Martín Viejo",40.69728,-6.63763,P,PPLA3,55,SA,37096,,37,315
3125824,Castillazuelo,Castillazuelo,Castillazuelo,42.06774,0.06491,P,PPLA3,52,HU,22088,,22,235
3125827,Castiliscar,Castiliscar,Castiliscar,42.37662,-1.27326,P,PPLA3,52,Z,50078,,50,401
3125828,Castilfrío de la Sierra,Castilfrio de la Sierra,"Caltilfrio de la Sierra,Caltilfrío de la Sierra,Castilfrio de la Sierra,Castilfrío de la Sierra,Kastil'frio-de-la-S'erra,ka si di er fu li ao de la xie la,Кастильфрио-де-ла-Сьерра,Кастільфріо-де-ла-Сьєрра,卡斯蒂尔夫里奥德拉谢拉",41.91929,-2.30497,P,PPLA3,55,SO,42056,,42,26
3125829,Castilforte,Castilforte,Castilforte,40.55735,-2.43226,P,PPLA3,54,GU,19078,,19,52
3125830,Castilfalé,Castilfale,"Castilfale,Castilfalé",42.21991,-5.42122,P,PPLA3,55,LE,24042,,24,86
3125831,Castil de Vela,Castil de Vela,Castil de Vela,41.98461,-4.9592,P,PPLA3,55,P,34048,,34,85
3125833,Castil de Peones,Castil de Peones,Castil de Peones,42.48347,-3.38461,P,PPLA3,55,BU,09083,,09,26
3125834,Castildelgado,Castildelgado,"Castildelgado,Villaipun,Villaipún",42.43756,-3.08389,P,PPLA3,55,BU,09082,,09,65
3125839,Castigaleu,Castigaleu,Castigaleu,42.20374,0.57944,P,PPLA3,52,HU,22087,,22,117
3125841,Castiello de Jaca,Castiello de Jaca,Castiello de Jaca,42.62964,-0.5502,P,PPLA3,52,HU,22086,,22,212
3125851,Castielfabib,Castielfabib,"Castellfabib,Castielfabib",40.13076,-1.30396,P,PPLA3,60,V,46092,,46,284
3125853,Castelserás,Castelseras,"Castelseras,Castelserás",40.98133,-0.14666,P,PPLA3,52,TE,44068,,44,808
3125874,Castelnou,Castelnou,Castelnou,41.22892,-0.36434,P,PPLA3,52,TE,44067,,44,110
3125876,Castellví de Rosanes,Castellvi de Rosanes,"Castellvi de Rosanes,Castellví de Rosanes,Castellví de Rosanés",41.45,1.9,P,PPLA3,56,B,08066,,08,1321
3125878,Castellterçol,Castelltercol,"Castelltercol,Castelltersol,Castellterçol",41.75,2.11667,P,PPLA3,56,B,08064,,08,0
3125879,Castellserà,Castellsera,"Castellsera,Castellserà",41.75,1,P,PPLA3,56,L,25070,,25,1114
3125880,Castellote,Castellote,"Castellot,Castellote,Kastel'jote,Kastel'ote,ka si te e te,Кастельйоте,Кастельоте,卡斯特略特",40.8,-0.31975,P,PPLA3,52,TE,44071,,44,785
3125882,Castellolí,Castelloli,"Castelloli,Castellolí",41.59829,1.70057,P,PPLA3,56,B,08063,,08,461
3125883,Castelló de Farfanya,Castello de Farfanya,"Castello de Farfanya,Castelló de Farfanya",41.81667,0.73333,P,PPLA3,56,L,25069,,25,0
3125887,Castellnou de Seana,Castellnou de Seana,Castellnou de Seana,41.64802,0.97093,P,PPLA3,56,L,25068,,25,720
3125891,Castellfollit de Riubregós,Castellfollit de Riubregos,"Castellfollit de Riubregos,Castellfollit de Riubregós,Castellfullit de Riubregos,Castellfullit de Riubregós",41.76667,1.43333,P,PPLA3,56,B,08060,08060,08,0
3125892,Castellfollit del Boix,Castellfollit del Boix,"Castellfollit de Boix,Castellfollit del Boix",41.66667,1.7,P,PPLA3,56,B,08059,,08,0
3125894,Castellfort,Castellfort,Castellfort,40.50208,-0.19133,P,PPLA3,60,CS,12038,,12,216
3125897,Castelldefels,Castelldefels,Castelldefels,41.27794,1.97033,P,PPLA3,56,B,08056,,08,66375
3125898,Castell de Cabres,Castell de Cabres,Castell de Cabres,40.66058,0.04217,P,PPLA3,60,CS,12037,,12,20
3125901,Castellcir,Castellcir,Castellcir,41.76074,2.16128,P,PPLA3,56,B,08055,,08,546
3125904,Castellbisbal,Castellbisbal,"Castelbisbal,Kastel'bisbal,Kastelbisbal,bi si wa er bao,kastybysbal,kastylbaysbal,Кастельбісбал,Կաստելբիսբալ,كاستيلبايسبال,کاستیبیسبال,比斯瓦尔堡",41.47534,1.98174,P,PPLA3,56,B,08054,,08,11977
3125910,Castellar de la Muela,Castellar de la Muela,"Castellar,Castellar de la Muela",40.81902,-1.75932,P,PPLA3,54,GU,19076,,19,41
3125916,Castellanos de Zapardiel,Castellanos de Zapardiel,Castellanos de Zapardiel,41.0845,-4.90984,P,PPLA3,55,AV,05056,,05,138
3125917,Castellanos de Villiquera,Castellanos de Villiquera,Castellanos de Villiquera,41.05139,-5.69477,P,PPLA3,55,SA,37185,,37,575
3125918,Castellanos de Moriscos,Castellanos de Moriscos,Castellanos de Moriscos,41.01917,-5.59065,P,PPLA3,55,SA,37092,,37,441
3125919,Castellanos de Castro,Castellanos de Castro,,42.32806,-4.03417,P,PPLA3,55,BU,09079,,09,64
3125932,Castelflorite,Castelflorite,Castelflorite,41.80273,-0.02169,P,PPLA3,52,HU,22085,,22,124
3125933,Castel de Cabra,Castel de Cabra,Castel de Cabra,40.80255,-0.696,P,PPLA3,52,TE,44066,,44,143
3125937,Castejón de Valdejasa,Castejon de Valdejasa,"Castejon,Castejon de Valdejasa,Castejon de Valdejosa,Castejón de Valdejasa",41.98204,-0.99393,P,PPLA3,52,Z,50077,,50,312
3125938,Castejón de Tornos,Castejon de Tornos,,40.99726,-1.42805,P,PPLA3,52,TE,44065,,44,91
3125939,Castejón de Sos,Castejon de Sos,"Castejon de Sos,Castejón de Sos,Castillo de Sos,Castilló de Sos",42.51235,0.49241,P,PPLA3,52,HU,22084,,22,781
3125941,Castejón de Monegros,Castejon de Monegros,"Castejon de Monegros,Castejón de Monegros",41.61802,-0.24013,P,PPLA3,52,HU,22083,,22,675
3125942,Castejón del Puente,Castejon del Puente,,41.96179,0.15883,P,PPLA3,52,HU,22082,,22,447
3125944,Castejón de las Armas,Castejon de las Armas,"Castejon de las Armas,Castejón de las Armas",41.30976,-1.81084,P,PPLA3,52,Z,50076,,50,94
3125945,Castejón de Henares,Castejon de Henares,"Castejon de Henares,Castejón de Henares",40.93762,-2.78665,P,PPLA3,54,GU,19075,,19,108
3125947,Castejón de Alarba,Castejon de Alarba,"Castejon de Alarba,Castejón de Alarba",41.18365,-1.63612,P,PPLA3,52,Z,50075,,50,96
3125985,Castañares de Rioja,Castanares de Rioja,"Castanares,Castanares de Rioja,Castañares,Castañares de Rioja",42.51248,-2.93148,P,PPLA3,27,LO,26043,,26,408
3125991,Cassà de la Selva,Cassa de la Selva,"Cassa de la Selva,Cassà de la Selva",41.88784,2.87524,P,PPLA3,56,GI,17044,,17,8504
3125992,Caspueñas,Caspuenas,"Caspuenas,Caspueñas",40.69497,-2.97941,P,PPLA3,54,GU,19074,,19,96
3125994,Caspe,Caspe,"Casp,Caspe,Kaspe,ka si pei,kasby,Каспе,كاسبي,卡斯佩",41.23402,-0.03945,P,PPLA3,52,Z,50074,,50,8054
3126000,Casla,Casla,Casla,41.16602,-3.65643,P,PPLA3,55,SG,40045,,40,174
3126002,Casillas de Flores,Casillas de Flores,"Casilla de Flores,Casillas de Flores",40.38108,-6.75602,P,PPLA3,55,SA,37091,,37,222
3126009,Casillas,Casillas,Casillas,40.3261,-4.57182,P,PPLA3,55,AV,05055,,05,838
3126024,Caseres,Caseres,"Caseras,Caseres",41.03333,0.25,P,PPLA3,56,T,43041,,43,0
3126027,Cáseda,Caseda,"Caseda,Cáseda",42.52255,-1.36636,P,PPLA3,32,NA,31069,,31,1028
3126031,Cascante del Río,Cascante del Rio,"Carrasconte,Cascante,Cascante del Rio,Cascante del Río",40.19652,-1.11414,P,PPLA3,52,TE,44064,,44,96
3126032,Cascante,Cascante,"Cascante,Cascanto",41.99769,-1.68098,P,PPLA3,32,NA,31068,,31,0
3126034,Cascajares de la Sierra,Cascajares de la Sierra,Cascajares de la Sierra,42.06177,-3.39936,P,PPLA3,55,BU,09078,,09,29
3126035,Cascajares de Bureba,Cascajares de Bureba,Cascajares de Bureba,42.67884,-3.23768,P,PPLA3,55,BU,09077,,09,53
3126038,Casbas de Huesca,Casbas de Huesca,"Casbas de Huesca,Casbas de Uesca",42.1555,-0.1399,P,PPLA3,52,HU,22081,,22,296
3126040,Casavieja,Casavieja,Casavieja,40.28325,-4.7667,P,PPLA3,55,AV,05054,,05,1459
3126049,Casasola de Arión,Casasola de Arion,"Casasola de Arion,Casasola de Arión",41.57825,-5.24076,P,PPLA3,55,VA,47036,,47,359
3126057,Casaseca de las Chanas,Casaseca de las Chanas,Casaseca de las Chanas,41.4387,-5.67547,P,PPLA3,55,ZA,49039,,49,369
3126058,Casaseca de Campeán,Casaseca de Campean,"Casaseca de Campean,Casaseca de Campeán",41.37429,-5.74648,P,PPLA3,55,ZA,49038,,49,131
3126061,Casas de San Galindo,Casas de San Galindo,"Casas de Galindo,Casas de San Galindo",40.87234,-2.9575,P,PPLA3,54,GU,19073,,19,32
3126066,Casas del Monte,Casas del Monte,Casas del Monte,40.2032,-5.96152,P,PPLA3,57,CC,10055,,10,887
3126068,Casas del Castañar,Casas del Castanar,"Casas del Castanar,Casas del Castañar",40.10785,-5.90509,P,PPLA3,57,CC,10054,,10,661
3126075,Casas de Don Gómez,Casas de Don Gomez,"Casas de Don Gomez,Casas de Don Gómez",40.00932,-6.60073,P,PPLA3,57,CC,10053,,10,353
3126076,Casas Bajas,Casas Bajas,Casas Bajas,40.01667,-1.26667,P,PPLA3,60,V,46088,,46,243
3126078,Casas Altas,Casas Altas,Casas Altas,40.03333,-1.26667,P,PPLA3,60,V,46087,,46,158
3126082,Casarrubuelos,Casarrubuelos,,40.17146,-3.83105,P,PPLA3,29,M,28036,,28,2155
3126083,Casarrubios del Monte,Casarrubios del Monte,Casarrubios del Monte,40.18697,-4.03644,P,PPLA3,54,TO,45041,,45,4102
3126085,Casares de las Hurdes,Casares de las Hurdes,Casares de las Hurdes,40.43333,-6.28333,P,PPLA3,57,CC,10051,,10,596
3126095,Casarejos,Casarejos,Casarejos,41.79651,-3.03251,P,PPLA3,55,SO,42055,,42,252
3126096,Casar de Palomero,Casar de Palomero,"Casar,Casar de Palomero",40.29483,-6.25698,P,PPLA3,57,CC,10050,,10,1267
3126107,Casalarreina,Casalarreina,"Casalareina,Casalarreina,Kasalareyna,Kasalarrejna,Nafarruri,ka sa la lei na,Касаларрейна,Կասալառեյնա,卡萨拉雷纳",42.54911,-2.90994,P,PPLA3,27,LO,26042,,26,1336
3126114,Casafranca,Casafranca,Casafranca,40.59267,-5.76039,P,PPLA3,55,SA,37089,,37,80
3126117,Casa de Uceda,Casa de Uceda,Casa de Uceda,40.84115,-3.36849,P,PPLA3,54,GU,19070,,19,114
3126135,Carucedo,Carucedo,Carucedo,42.49029,-6.76565,P,PPLA3,55,LE,24041,,24,639
3126139,Cartes,Cartes,"Cartes,Kartes,ka er te si,kartys,Картес,كارتيس,卡尔特斯",43.32596,-4.06893,P,PPLA3,39,S,39018,,39,3780
3126141,Cartelle,Cartelle,Cartelle,42.25109,-8.07062,P,PPLA3,58,OR,32020,,32,2643
3126152,Carrocera,Carrocera,Carrocera,42.79605,-5.74374,P,PPLA3,55,LE,24040,,24,559
3126161,Carrión de los Condes,Carrion de los Condes,"Carrion de los Condes,Carrión de los Condes,Karrion-de-los-Kondes,Lacobriga,ka li weng de luo si kong de si,Каррион-де-лос-Кондес,Карріон-де-лос-Кондес,卡里翁德洛斯孔德斯",42.3413,-4.60071,P,PPLA3,55,P,34047,,34,2350
3126172,Carrias,Carrias,Carrias,42.48141,-3.28319,P,PPLA3,55,BU,09076,,09,40
3126192,Carrascosa de la Sierra,Carrascosa de la Sierra,Carrascosa de la Sierra,41.89535,-2.28003,P,PPLA3,55,SO,42054,,42,14
3126195,Carrascosa de Abajo,Carrascosa de Abajo,Carrascosa de Abajo,41.42338,-3.08955,P,PPLA3,55,SO,42053,,42,32
3126197,Carrascosa,Carrascosa,"Carrascosa,Carrascosa-Sierra",40.59092,-2.16305,P,PPLA3,54,CU,16057,,16,113
3126205,Carrascal del Río,Carrascal del Rio,"Carrascal del Rio,Carrascal del Río",41.36801,-3.89819,P,PPLA3,55,SG,40044,,40,0
3126207,Carrascal del Obispo,Carrascal del Obispo,"Carrascal,Carrascal del Obispo",40.76376,-5.99913,P,PPLA3,55,SA,37088,,37,229
3126209,Carrascal de Barregas,Carrascal de Barregas,Carrascal de Barregas,40.97868,-5.76227,P,PPLA3,55,SA,37087,,37,567
3126214,Carranque,Carranque,,40.16976,-3.90092,P,PPLA3,54,TO,45038,,45,2494
3126222,Carral,Carral,Carral,43.2286,-8.35545,P,PPLA3,58,C,15021,,15,5525
3126237,Carracedelo,Carracedelo,Carracedelo,42.55602,-6.73317,P,PPLA3,55,LE,24038,,24,3481
3126241,Carpio de Azaba,Carpio de Azaba,Carpio de Azaba,40.59602,-6.6468,P,PPLA3,55,SA,37086,,37,98
3126243,Carpio,Carpio,"Carpio,Corpie",41.21329,-5.10907,P,PPLA3,55,VA,47035,,47,249
3126254,Carnota,Carnota,,42.8233,-9.08913,P,PPLA3,58,C,15020,,15,5171
3126263,Cármenes,Carmenes,"Carmenes,Cármenes",42.95863,-5.57346,P,PPLA3,55,LE,24037,,24,425
3126276,Cariño,Carino,"Carino,Cariño",43.74134,-7.86715,P,PPLA3,58,C,15901,,15,4779
3126278,Cariñena,Carinena,"Carinena,Cariñena",41.33733,-1.22444,P,PPLA3,52,Z,50073,,50,3591
3126286,Carenas,Carenas,Carenas,41.27755,-1.79754,P,PPLA3,52,Z,50072,,50,244
3126296,Cardiel de los Montes,Cardiel de los Montes,Cardiel de los Montes,40.06348,-4.65488,P,PPLA3,54,TO,45035,,45,236
3126302,Cardeñosa de Volpejera,Cardenosa de Volpejera,"Cardenosa de Volpejera,Cardeñosa de Volpejera",42.23214,-4.70197,P,PPLA3,55,P,34046,,34,51
3126304,Cardeñosa,Cardenosa,"Cardenosa,Cardeñosa",40.7424,-4.74579,P,PPLA3,55,AV,05049,,05,532
3126306,Cárdenas,Cardenas,"Cardenas,Cárdenas",42.37464,-2.76726,P,PPLA3,27,LO,26041,,26,186
3126308,Cardeñajimeno,Cardenajimeno,,42.33038,-3.62103,P,PPLA3,55,BU,09074,,09,650
3126310,Cardeñadijo,Cardenadijo,"Cardenadijo,Cardeñadijo",42.30217,-3.66779,P,PPLA3,55,BU,09073,,09,685
3126323,Carcedo de Burgos,Carcedo de Burgos,,42.28696,-3.62274,P,PPLA3,55,BU,09072,,09,252
3126324,Carcedo de Bureba,Carcedo de Bureba,Carcedo de Bureba,42.57818,-3.49831,P,PPLA3,55,BU,09071,,09,45
3126331,Carcastillo,Carcastillo,Carcastillo,42.37908,-1.44376,P,PPLA3,32,NA,31067,,31,2657
3126332,Cárcar,Carcar,"Carcar,Cárcar",42.39314,-1.97904,P,PPLA3,32,NA,31066,,31,1059
3126335,Carcaboso,Carcaboso,Carcaboso,40.04968,-6.21375,P,PPLA3,57,CC,10047,,10,1019
3126344,Carbonero el Mayor,Carbonero el Mayor,"Carbonero,Carbonero el Mavor,Carbonero el Mayor",41.12257,-4.26478,P,PPLA3,55,SG,40043,,40,2495
3126360,Carbellino,Carbellino,"Carbellino,Carbellinu,Karbel'ino,ka er wei li nuo,Карбельино,Карбельїно,卡尔韦利诺",41.22975,-6.14901,P,PPLA3,55,ZA,49037,,49,243
3126369,Carballo,Carballo,"Carballo,Karbal'o,Карбальо",43.213,-8.69104,P,PPLA3,58,C,15019,,15,31261
3126382,Carballedo,Carballedo,,42.52191,-7.8284,P,PPLA3,58,LU,27009,,27,0
3126384,Carballeda de Avia,Carballeda de Avia,,42.3214,-8.16456,P,PPLA3,58,OR,32018,,32,1317
3126397,Carbajosa de la Sagrada,Carbajosa de la Sagrada,Carbajosa de la Sagrada,40.93305,-5.65026,P,PPLA3,55,SA,37085,,37,3467
3126403,Carbajales de Alba,Carbajales de Alba,"Carbajales,Carbajales de Alba",41.65347,-5.99706,P,PPLA3,55,ZA,49036,,49,690
3126417,Carazo,Carazo,Carazo,41.96832,-3.3531,P,PPLA3,55,BU,09070,,09,45
3126443,Caracena,Caracena,Caracena,41.38321,-3.09146,P,PPLA3,55,SO,42052,,42,17
3126450,Carabantes,Carabantes,Carabantes,41.55211,-1.9981,P,PPLA3,55,SO,42051,,42,31
3126454,Carabaña,Carabana,"Carabana,Carabaña",40.25424,-3.23572,P,PPLA3,29,M,28035,,28,1491
3126462,Capmany,Capmany,"Campmany,Capmany",42.37351,2.92026,P,PPLA3,56,GI,17042,,17,487
3126463,Capillas,Capillas,Capillas,42.01362,-4.89051,P,PPLA3,55,P,34045,,34,100
3126466,Capellades,Capellades,Capellades,41.53005,1.68651,P,PPLA3,56,B,08044,,08,5187
3126467,Capella,Capella,Capella,42.19635,0.39637,P,PPLA3,52,HU,22080,,22,386
3126473,Capdesaso,Capdesaso,Capdesaso,41.84287,-0.18316,P,PPLA3,52,HU,22079,,22,155
3126476,Caparroso,Caparroso,Caparroso,42.34129,-1.64962,P,PPLA3,32,NA,31065,,31,2528
3126479,Capafonts,Capafonts,"Capafons,Capafonts",41.3,1.03333,P,PPLA3,56,T,43039,,43,0
3126497,Cantiveros,Cantiveros,Cantiveros,40.95215,-4.95455,P,PPLA3,55,AV,05048,,05,183
3126498,Cantimpalos,Cantimpalos,Cantimpalos,41.07406,-4.15988,P,PPLA3,55,SG,40041,,40,1297
3126503,Cantavieja,Cantavieja,Cantavieja,40.52642,-0.40558,P,PPLA3,52,TE,44059,,44,750
3126506,Cantaracillo,Cantaracillo,Cantaracillo,40.90376,-5.16291,P,PPLA3,55,SA,37083,,37,245
3126510,Cantalpino,Cantalpino,Cantalpino,41.05341,-5.33045,P,PPLA3,55,SA,37082,,37,1055
3126511,Cantalojas,Cantalojas,Cantalojas,41.23472,-3.24629,P,PPLA3,54,GU,19065,,19,142
3126512,Cantallops,Cantallops,Cantallops,42.42216,2.92524,P,PPLA3,56,GI,17041,,17,269
3126513,Cantalejo,Cantalejo,"Cantalejo,Cantalojos,Kantalekho,kan ta lai huo,Канталехо,坎塔莱霍",41.2576,-3.92791,P,PPLA3,55,SG,40040,,40,3690
3126515,Cantalapiedra,Cantalapiedra,Cantalapiedra,41.1263,-5.18351,P,PPLA3,55,SA,37081,,37,1225
3126516,Cantagallo,Cantagallo,Cantagallo,40.37239,-5.8189,P,PPLA3,55,SA,37080,,37,248
3126522,Cantabrana,Cantabrana,Cantabrana,42.73422,-3.46704,P,PPLA3,55,BU,09068,,09,37
3126528,Canredondo,Canredondo,Canredondo,40.81257,-2.49377,P,PPLA3,54,GU,19064,,19,120
3126549,Cañizo,Canizo,"Canizo,Cañizo",41.76955,-5.50199,P,PPLA3,55,ZA,49035,,49,314
3126550,Cañizares,Canizares,"Canizares,Cañizares",40.5187,-2.19201,P,PPLA3,54,CU,16053,,16,595
3126552,Cañizar del Olivar,Canizar del Olivar,"Canizar del Olivar,Cañizar del Olivar",40.81622,-0.64567,P,PPLA3,52,TE,44063,,44,110
3126553,Cañizar,Canizar,"Canizar,Cañizar",40.76763,-3.06399,P,PPLA3,54,GU,19066,,19,104
3126555,Cañizal,Canizal,"Canizal,Cañizal",41.16654,-5.36828,P,PPLA3,55,ZA,49034,,49,590
3126560,Canillas de Río Tuerto,Canillas de Rio Tuerto,,42.3995,-2.84091,P,PPLA3,27,LO,26039,,26,0
3126561,Canillas de Esgueva,Canillas de Esgueva,Canillas de Esgueva,41.75464,-4.12502,P,PPLA3,55,VA,47034,,47,104
3126562,Canillas de Abajo,Canillas de Abajo,Canillas de Abajo,40.92266,-5.92905,P,PPLA3,55,SA,37079,,37,101
3126566,Canicosa de la Sierra,Canicosa de la Sierra,"Canicosa,Canicosa de la Sierra,Kanikosa-de-la-S'erra,ka ni ke sa de la xie la,kwnayshwsa dy la sayra,Каникоса-де-ла-Сьерра,Канікоса-де-ла-Сьєрра,كونايشوسا دي لا سايرا,卡尼科萨德拉谢拉",41.93673,-3.04089,P,PPLA3,55,BU,09067,,09,565
3126571,Cangas de Onís,Cangas de Onis,"Cangas de Onis,Cangas de Onís,Cangues d'Onis,Cangues d'Onís,Cangues dOnis,Cangues dOnís,Kangas-de-Onis,kan jia si de ao ni si,kangas d anys,kanghas dy awnys,Кангас-де-Онис,Кангас-де-Оніс,كانغاس دي أونيس,کانگاس د انیس,カンガス・デ・オニス,坎加斯德奥尼斯",43.3514,-5.12916,P,PPLA3,34,O,33012,,33,6623
3126572,Cangas del Narcea,Cangas del Narcea,"Cangas,Cangas de Tineo,Kangas-del'-Narsea,kan jia si de er na er sai ya,kangas dl narkya,kanghas dyl narthya,Кангас-дель-Нарсеа,كانغاس ديل نارثيا,کانگاس دل نارکئا,坎加斯德尔纳尔塞亚",43.18333,-6.55,P,PPLA3,34,O,33011,,33,14589
3126577,Cangas do Morrazo,Cangas do Morrazo,"Cangas,Cangas do Morrazo",42.26413,-8.78463,P,PPLA3,58,PO,36008,,36,25748
3126580,Canfranc,Canfranc,"Campfranc,Canfran,Canfranc,Canfrán,Kanfrank,kan fu lan ke,Канфранк,坎夫兰克",42.71628,-0.52563,P,PPLA3,52,HU,22078,,22,589
3126581,Canet lo Roig,Canet lo Roig,"Canet lo Roig,Carnet lo Roig",40.55142,0.24308,P,PPLA3,60,CS,12036,,12,903
3126582,Cañete,Canete,"Canete,Cañete",40.05,-1.65,P,PPLA3,54,CU,16052,,16,872
3126584,Canet de Mar,Canet de Mar,Canet de Mar,41.59054,2.58116,P,PPLA3,56,B,08040,,08,14123
3126589,Canencia,Canencia,Canencia,40.90728,-3.73523,P,PPLA3,29,M,28034,,28,442
3126616,Candín,Candin,"Candin,Candín",42.81695,-6.72848,P,PPLA3,55,LE,24036,,24,394
3126617,Candilichera,Candilichera,"Candilechera,Candilichera,Kandilichera,kan di li qie la,Кандиличера,Канділічера,坎迪利切拉",41.70434,-2.30123,P,PPLA3,55,SO,42049,,42,198
3126622,Candeleda,Candeleda,"Candaleda,Candeleda,Kandeleda,kan de lai da,kandlda,kandlyda,Канделеда,كاندليدا,کاندلدا,坎德莱达",40.15521,-5.24045,P,PPLA3,55,AV,05047,,05,5062
3126624,Candelario,Candelario,,40.36806,-5.74499,P,PPLA3,55,SA,37078,,37,1026
3126631,Candasnos,Candasnos,Candasnos,41.50213,0.06425,P,PPLA3,52,HU,22077,,22,449
3126663,Cañaveruelas,Canaveruelas,"Canaveruelas,Cañaveruelas",40.40024,-2.63719,P,PPLA3,54,CU,16051,,16,197
3126664,Cañaveras,Canaveras,"Canaveras,Cañaveras",40.35994,-2.39611,P,PPLA3,54,CU,16050,,16,397
3126668,Cañas,Canas,,42.3924,-2.84649,P,PPLA3,27,LO,26040,,26,142
3126673,Cañamares,Canamares,"Canamares,Cañamares",40.45203,-2.23983,P,PPLA3,54,CU,16048,,16,623
3126674,Cañamaque,Canamaque,"Canamaque,Cañamaque",41.44453,-2.23792,P,PPLA3,55,SO,42050,,42,43
3126683,Canales de la Sierra,Canales de la Sierra,"Canales,Canales de la Sierra",42.14233,-3.02458,P,PPLA3,27,LO,26038,,26,90
3126690,Canales,Canales,Canales,41.00331,-4.90163,P,PPLA3,55,AV,05046,,05,54
3126691,Canalejas de Peñafiel,Canalejas de Penafiel,"Canalejas de Penafiel,Canalejas de Peñafiel",41.52513,-4.11546,P,PPLA3,55,VA,47033,,47,308
3126692,Canalejas del Arroyo,Canalejas del Arroyo,"Canalejas,Canalejas del Arroyo",40.3685,-2.49408,P,PPLA3,54,CU,16045,,16,398
3126701,Cañada Vellida,Canada Vellida,"Canada Vellida,Cañada Vellida",40.70811,-0.91489,P,PPLA3,52,TE,44062,,44,50
3126705,Cañada de Benatanduz,Canada de Benatanduz,"Canada de Benatanduz,Cañada de Benatanduz",40.57934,-0.53682,P,PPLA3,52,TE,44060,,44,67
3126721,Camproviín,Camproviin,"Camproviin,Camproviín",42.35387,-2.72294,P,PPLA3,27,LO,26037,,26,0
3126722,Camprodon,Camprodon,"Camprodon,Camprodón",42.31185,2.36506,P,PPLA3,56,GI,17039,,17,2435
3126742,Camporrells,Camporrells,Camporrells,41.95856,0.52136,P,PPLA3,52,HU,22075,,22,223
3126748,Camporredondo,Camporredondo,Camporredondo,41.47333,-4.50503,P,PPLA3,55,VA,47032,,47,200
3126750,Campo Real,Campo Real,"Campo Real,Camporreal",40.33333,-3.38333,P,PPLA3,29,M,28033,,28,6711
3126754,Camponaraya,Camponaraya,Camponaraya,42.57799,-6.66709,P,PPLA3,55,LE,24034,,24,3500
3126761,Campolara,Campolara,Campolara,42.11953,-3.4274,P,PPLA3,55,BU,09066,,09,96
3126767,Campo de Villavidel,Campo de Villavidel,Campo de Villavidel,42.43906,-5.52808,P,PPLA3,55,LE,24033,,24,275
3126768,Campo de San Pedro,Campo de San Pedro,Campo de San Pedro,41.42992,-3.54599,P,PPLA3,55,SG,40039,,40,350
3126791,Campo,Campo,"Campo,Pole",42.40956,0.39615,P,PPLA3,52,HU,22074,,22,0
3126799,Campisábalos,Campisabalos,"Campisabalos,Campisábalos",41.26667,-3.13333,P,PPLA3,54,GU,19061,,19,67
3126800,Campins,Campins,,41.71667,2.46667,P,PPLA3,56,B,08039,08202,08,353
3126802,Campillos-Sierra,Campillos-Sierra,"Campillo-Sierra,Campillos-Sierra",40.1,-1.7,P,PPLA3,54,CU,16044,,16,76
3126805,Campillo de Ranas,Campillo de Ranas,"Campillo de Ranas,Kampil'jo-de-Ranas,Kampil'o-de-Ranas,kan pi e de la na si,Кампильо-де-Ранас,Кампільйо-де-Ранас,坎皮略德拉纳斯",41.08601,-3.31431,P,PPLA3,54,GU,19060,,19,199
3126808,Campillo de Dueñas,Campillo de Duenas,"Campillo de Duenas,Campillo de Dueñas",40.88376,-1.68505,P,PPLA3,54,GU,19059,,19,108
3126809,Campillo de Azaba,Campillo de Azaba,Campillo de Azaba,40.50951,-6.68705,P,PPLA3,55,SA,37074,,37,245
3126810,Campillo de Aranda,Campillo de Aranda,Campillo de Aranda,41.61015,-3.73017,P,PPLA3,55,BU,09065,,09,186
3126811,Campillo de Aragón,Campillo de Aragon,"Campillo,Campillo de Aragon,Campillo de Aragón",41.12648,-1.84393,P,PPLA3,52,Z,50071,,50,169
3126837,Campazas,Campazas,Campazas,42.14219,-5.49349,P,PPLA3,55,LE,24032,,24,151
3126838,Campaspero,Campaspero,"Campaspero,Kampaspero,kampasprw,kan pa si pei luo,Кампасперо,Կամպասպերո,کامپاسپرو,坎帕斯佩罗",41.49208,-4.19608,P,PPLA3,55,VA,47030,,47,1475
3126858,Camós,Camos,"Camos,Camós",42.08776,2.76288,P,PPLA3,56,GI,17035,,17,660
3126863,Caminreal,Caminreal,"Camin Reyal,Caminreal,Camín Reyal,Kaminreal',ka ming lei ya er,Каминреаль,Камінреаль,卡明雷亚尔",40.83883,-1.32416,P,PPLA3,52,TE,44056,,44,757
3126888,Cambrils,Cambrils,"Cambrils,Kambril's,Kambrils,kan fu li er si,kanburisu,kmbrylz,Камбрилс,Камбрильс,Камбрілс,کمبریلز,カンブリス,坎夫里尔斯",41.06997,1.05949,P,PPLA3,56,T,43038,,43,32422
3126890,Cambre,Cambre,Cambre,43.29438,-8.34736,P,PPLA3,58,C,15017,,15,23231
3126899,Cambados,Cambados,Cambados,42.51222,-8.8131,P,PPLA3,58,PO,36006,,36,13708
3126909,Camarzana de Tera,Camarzana de Tera,Camarzana de Tera,41.99471,-6.02657,P,PPLA3,55,ZA,49033,,49,962
3126913,Camarma de Esteruelas,Camarma de Esteruelas,Camarma de Esteruelas,40.55032,-3.37295,P,PPLA3,29,M,28032,,28,5032
3126915,Camariñas,Camarinas,"Camarinas,Camarines,Camariñas,Kamarin'jas,Kamarinas,San Jorge,San Xurxo,ka ma li ni ya si,kamarinyasu,kamarynas,kamarynyas,Камариньяс,Камарињас,Камаріньяс,كامارينياس,کاماریناس,カマリーニャス,卡马里尼亚斯",43.13115,-9.18172,P,PPLA3,58,C,15016,,15,6440
3126916,Camarillas,Camarillas,"Camarillas,Camarillos",40.61242,-0.75416,P,PPLA3,52,TE,44055,,44,101
3126918,Camarenilla,Camarenilla,Camarenilla,40.01672,-4.07624,P,PPLA3,54,TO,45032,,45,512
3126919,Camarena de la Sierra,Camarena de la Sierra,"Camarena,Camarena de la Sierra",40.15,-1.03333,P,PPLA3,52,TE,44054,,44,166
3126922,Camarena,Camarena,Camarena,40.09311,-4.11927,P,PPLA3,54,TO,45031,,45,2704
3126923,Camarasa,Camarasa,"Camarasa,Camarassa",41.87486,0.87814,P,PPLA3,56,L,25062,,25,916
3126928,Camañas,Camanas,"Camanas,Camañas",40.64308,-1.13752,P,PPLA3,52,TE,44053,,44,152
3126931,Camaleño,Camaleno,"Camaleno,Camaleño,Kamalen'jo,Kamalen'o,ka ma lai ni ao,kamalynyw,Камаленьйо,Камаленьо,كامالينيو,卡马莱尼奥",43.15078,-4.69376,P,PPLA3,39,S,39015,,39,0
3126935,Calzadilla de Tera,Calzadilla de Tera,Calzadilla de Tera,41.97899,-6.08243,P,PPLA3,55,ZA,49032,,49,459
3126940,Calzadilla,Calzadilla,Calzadilla,40.06014,-6.53328,P,PPLA3,57,CC,10040,,10,476
3126944,Calzada de Valdunciel,Calzada de Valdunciel,Calzada de Valdunciel,41.08663,-5.70219,P,PPLA3,55,SA,37073,,37,683
3126946,Calzada de los Molinos,Calzada de los Molinos,Calzada de los Molinos,42.32724,-4.65293,P,PPLA3,55,P,34042,,34,374
3126947,Calzada del Coto,Calzada del Coto,,42.38613,-5.07809,P,PPLA3,55,LE,24031,,24,284
3126949,Calzada de Don Diego,Calzada de Don Diego,Calzada de Don Diego,40.905,-5.90279,P,PPLA3,55,SA,37072,,37,221
3126967,Calvarrasa de Arriba,Calvarrasa de Arriba,Calvarrasa de Arriba,40.90672,-5.59199,P,PPLA3,55,SA,37070,,37,671
3126968,Calvarrasa de Abajo,Calvarrasa de Abajo,Calvarrasa de Abajo,40.94638,-5.55258,P,PPLA3,55,SA,37069,,37,1003
3126971,Caltojar,Caltojar,"Caltojar,Kal'tokhar,ka er tuo ha er,Кальтохар,卡尔托哈尔",41.40226,-2.76436,P,PPLA3,55,SO,42048,,42,109
3126974,Calonge,Calonge,,41.85869,3.07926,P,PPLA3,56,GI,17034,,17,10637
3126975,Calomarde,Calomarde,Calomarde,40.37264,-1.57435,P,PPLA3,52,TE,44052,,44,73
3126984,Calmarza,Calmarza,Calmarza,41.1581,-1.91196,P,PPLA3,52,Z,50070,,50,78
3126997,Càlig,Calig,,40.46262,0.35521,P,PPLA3,60,CS,12034,,12,1663
3127002,Caleruega,Caleruega,"Calaroga,Caleruega,Kaleruega,Kaleruehga,ka lai lu ai jia,kalrwyga,kalyrwygha,Калеруега,Калеруэга,كاليرويغا,کالروئگا,卡莱鲁埃加",41.82548,-3.48593,P,PPLA3,55,BU,09064,,09,487
3127007,Calella,Calella,"Calella,Callella",41.61381,2.65423,P,PPLA3,56,B,08035,,08,18728
3127034,Caldas de Reis,Caldas de Reis,Caldas de Reves,42.60473,-8.6423,P,PPLA3,58,PO,36005,,36,10036
3127035,Caldes de Montbui,Caldes de Montbui,"Caldes de Montbui,Caldes de Montbuy",41.63333,2.16667,P,PPLA3,56,B,08033,,08,16885
3127036,Caldes de Malavella,Caldes de Malavella,"Caldas de Malavella,Caldes de Malavella,Kal'das-de-Malavel'ja,Кальдас-де-Малавелья",41.83333,2.81667,P,PPLA3,56,GI,17033,,17,0
3127038,Caldes d'Estrac,Caldes d'Estrac,"Caldas de Estrach,Caldes d'Estrac",41.56667,2.53333,P,PPLA3,56,B,08032,,08,0
3127042,Calcena,Calcena,Calcena,41.65515,-1.71764,P,PPLA3,52,Z,50069,,50,66
3127046,Calatorao,Calatorao,Calatorao,41.52228,-1.34702,P,PPLA3,52,Z,50068,,50,3047
3127047,Calatayud,Calatayud,"Calataiud,Calatayu,Calatayud,Calatayú,Kalatajud,ka la tai wu de,kalataywd,karatayu,Калатаюд,قلعة أيوب,کالاتایود,カラタユー,卡拉泰乌德",41.35353,-1.64318,P,PPLA3,52,Z,50067,,50,20035
3127048,Calatañazor,Calatanazor,"Calatanazor,Calatañazor",41.69879,-2.81837,P,PPLA3,55,SO,42046,,42,60
3127052,Calanda,Calanda,,40.94153,-0.23243,P,PPLA3,52,TE,44051,,44,3630
3127059,Calamocha,Calamocha,"Calamocha,Kalamocha,ka la mo cha,Каламоча,卡拉莫查",40.91933,-1.2975,P,PPLA3,52,TE,44050,,44,4313
3127063,Calahorra de Boedo,Calahorra de Boedo,"Calahorra,Calahorra de Boedo",42.57409,-4.38485,P,PPLA3,55,P,34041,,34,123
3127065,Calahorra,Calahorra,"Calagorra,Calagurris,Calahorra,Kalagorria,Kalaora,Kalaorra,ka la ao la,karaora,qlhrt,Калаорра,Կալաոռա,قلهرة,カラオラ,卡拉奥拉",42.30506,-1.96521,P,PPLA3,27,LO,26036,,26,24787
3127066,Calafell,Calafell,Calafell,41.19997,1.5683,P,PPLA3,56,T,43037,,43,24265
3127068,Calaf,Calaf,,41.73289,1.51375,P,PPLA3,56,B,08031,08170,08,3306
3127071,Calaceite,Calaceite,"Calaceit,Calaceite",41.01625,0.18876,P,PPLA3,52,TE,44049,,44,1134
3127099,Cadrete,Cadrete,Cadrete,41.55575,-0.96013,P,PPLA3,52,Z,50066,,50,2296
3127100,Cadreita,Cadreita,Cadreita,42.21667,-1.68333,P,PPLA3,32,NA,31064,,31,2191
3127117,Cadaqués,Cadaques,"Cadaques,Cadaqués,Kadakes,Кадакес",42.28856,3.27706,P,PPLA3,56,GI,17032,,17,2894
3127121,Cadalso de los Vidrios,Cadalso de los Vidrios,"Cadalso,Cadalso de los Vidrios",40.30067,-4.43348,P,PPLA3,29,M,28031,,28,0
3127122,Cadalso,Cadalso,Cadalso,40.23743,-6.54083,P,PPLA3,57,CC,10039,,10,553
3127135,Cacabelos,Cacabelos,Cacabelos,42.60021,-6.72373,P,PPLA3,55,LE,24030,,24,5120
3127150,Cabrillas,Cabrillas,Cabrillas,40.73977,-6.17873,P,PPLA3,55,SA,37068,,37,476
3127151,Cabrillanes,Cabrillanes,Cabrillanes,42.95343,-6.14849,P,PPLA3,55,LE,24029,,24,966
3127156,Cabreros del Río,Cabreros del Rio,"Cabreros del Rio,Cabreros del Río",42.40205,-5.54154,P,PPLA3,55,LE,24028,,24,510
3127157,Cabreros del Monte,Cabreros del Monte,Cabreros del Monte,41.84906,-5.27016,P,PPLA3,55,VA,47029,,47,84
3127158,Cabrero,Cabrero,Cabrero,40.11324,-5.89293,P,PPLA3,57,CC,10036,,10,363
3127159,Cabrerizos,Cabrerizos,Cabrerizos,40.97808,-5.60907,P,PPLA3,55,SA,37067,,37,2919
3127173,Cabrejas del Pinar,Cabrejas del Pinar,Cabrejas del Pinar,41.79596,-2.84945,P,PPLA3,55,SO,42045,,42,511
3127174,Cabrejas del Campo,Cabrejas del Campo,"Cabrejas del Campo,Kabrekhas-del'-Kampo,ka fu lei ha si de er kan bo,Кабрехас-дель-Кампо,卡夫雷哈斯德尔坎波",41.68096,-2.26964,P,PPLA3,55,SO,42044,,42,78
3127182,Cabredo,Cabredo,,42.62966,-2.41133,P,PPLA3,32,NA,31063,,31,106
3127190,Cabra de Mora,Cabra de Mora,Cabra de Mora,40.31696,-0.80678,P,PPLA3,52,TE,44048,,44,126
3127191,Cabra del Camp,Cabra del Camp,"Cabra del Camp,Cabra del Campo",41.4,1.28333,P,PPLA3,56,T,43036,,43,0
3127203,Cabolafuente,Cabolafuente,Cabolafuente,41.21053,-2.04133,P,PPLA3,52,Z,50065,,50,66
3127209,Cabizuela,Cabizuela,Cabizuela,40.9009,-4.80212,P,PPLA3,55,AV,05045,,05,122
3127217,Cabezuela del Valle,Cabezuela del Valle,"Cabezuela,Cabezuela del Valle",40.19364,-5.8065,P,PPLA3,57,CC,10035,,10,2200
3127219,Cabezuela,Cabezuela,Cabezuela,41.2359,-3.93173,P,PPLA3,55,SG,40036,,40,722
3127221,Cabezón de Valderaduey,Cabezon de Valderaduey,"Cabezon de Valderaduey,Cabezón de Valderaduey",42.16793,-5.15892,P,PPLA3,55,VA,47028,,47,52
3127222,Cabezón de Liébana,Cabezon de Liebana,"Cabezon de Liebana,Cabezón de Liébana,Kabeson-de-L'ebana,ka wei song de lie wa na,kabyzwn dy ybana,Кабесон-де-Льебана,Кабесон-де-Льєбана,كابيزون دي يبانا,卡韦松德列瓦纳",43.13437,-4.5763,P,PPLA3,39,S,39013,,39,0
3127223,Cabezón de la Sierra,Cabezon de la Sierra,"Cabezon de la Sierra,Cabezón de la Sierra,Kabeson de la Siera,Kabeson-de-la-S'erra,ka wei song de la xie la,kabsn d la syra,kabyzwn dy la sayra,Кабесон-де-ла-Сьерра,Кабесон-де-ла-Сьєрра,Կաբեսոն դե լա Սիեռա,كابيزون دي لا سايرا,کابسن د لا سیرا,卡韦松德拉谢拉",41.93434,-3.24153,P,PPLA3,55,BU,09062,,09,64
3127224,Cabezón de la Sal,Cabezon de la Sal,"Cabezon de la Sal,Cabezón de la Sal,Kabeson-de-la-Sal',ka wei song de la sa er,kabyzwn dy la sal,Кабесон-де-ла-Саль,كابيزون دي لا سال,卡韦松德拉萨尔",43.30824,-4.23571,P,PPLA3,39,S,39012,,39,8057
3127225,Cabezón de Cameros,Cabezon de Cameros,"Cabezon de Cameros,Cabezón de Cameros",42.19716,-2.51989,P,PPLA3,27,LO,26035,,26,28
3127230,Cabezas del Villar,Cabezas del Villar,Cabezas del Villar,40.71557,-5.20956,P,PPLA3,55,AV,05044,,05,419
3127231,Cabezas del Pozo,Cabezas del Pozo,Cabezas del Pozo,41.00139,-4.95453,P,PPLA3,55,AV,05043,,05,120
3127233,Cabezas de Alambre,Cabezas de Alambre,Cabezas de Alambre,40.94218,-4.84184,P,PPLA3,55,AV,05042,,05,191
3127240,Cabeza del Caballo,Cabeza del Caballo,Cabeza del Caballo,41.12982,-6.55742,P,PPLA3,55,SA,37065,,37,443
3127244,Cabezabellosa de la Calzada,Cabezabellosa de la Calzada,"Cabezabellosa de la Calzada,Cabezavellosa de la Calzada",41.04395,-5.48866,P,PPLA3,55,SA,37062,,37,123
3127245,Cabezabellosa,Cabezabellosa,Cabezabellosa,40.13763,-6.00086,P,PPLA3,57,CC,10034,,10,437
3127267,Cabanillas del Campo,Cabanillas del Campo,"Cabanillas del Campo,Kabanil'jas-del'-Kampo,ka wa ni li ya si de er kan bo,Кабанильяс-дель-Кампо,Кабанільяс-дель-Кампо,卡瓦尼利亚斯德尔坎波",40.63376,-3.22937,P,PPLA3,54,GU,19058,,19,7194
3127268,Cabanillas de la Sierra,Cabanillas de la Sierra,Cabanillas de la Sierra,40.82009,-3.62438,P,PPLA3,29,M,28029,,28,621
3127272,Cabanillas,Cabanillas,Cabanillas,42.03249,-1.52591,P,PPLA3,32,NA,31062,,31,0
3127274,Cabañes de Esgueva,Cabanes de Esgueva,"Cabanes de Esgueva,Cabañes de Esgueva",41.83023,-3.78824,P,PPLA3,55,BU,09061,,09,236
3127277,Cabanes,Cabanes,Cabanes,40.156,0.04325,P,PPLA3,60,CS,12033,,12,2609
3127280,Cabanelles,Cabanelles,Cabanelles,42.23068,2.81997,P,PPLA3,56,GI,17031,,17,0
3127286,Cabañas de Sayago,Cabanas de Sayago,"Cabanas de Sayago,Cabañas de Sayago",41.33333,-5.78333,P,PPLA3,55,ZA,49031,,49,172
3127287,Cabañas de Polendos,Cabanas de Polendos,"Cabanas de Polendos,Cabañas de Polendos",41.06667,-4.1101,P,PPLA3,55,SG,40035,,40,123
3127288,Cabañas de la Sagra,Cabanas de la Sagra,"Cabanas de la Sagra,Cabañas de la Sagra",40.0061,-3.9456,P,PPLA3,54,TO,45025,,45,1767
3127290,Cabañas de Ebro,Cabanas de Ebro,"Cabanas de Ebro,Cabañas de Ebro",41.8,-1.2,P,PPLA3,52,Z,50064,,50,523
3127329,Caballar,Caballar,Caballar,41.12159,-3.9642,P,PPLA3,55,SG,40034,,40,109
3127361,Busto de Bureba,Busto de Bureba,Busto de Bureba,42.6591,-3.26512,P,PPLA3,55,BU,09060,,09,213
3127377,Bustillo del Páramo de Carrión,Bustillo del Paramo de Carrion,"Bustillo,Bustillo del Paramo de Carrion,Bustillo del Páramo de Carrión",42.35509,-4.7398,P,PPLA3,55,P,34039,,34,79
3127379,Bustillo del Páramo,Bustillo del Paramo,,42.44126,-5.7928,P,PPLA3,55,LE,24026,,24,1630
3127380,Bustillo del Oro,Bustillo del Oro,Bustillo del Oro,41.6746,-5.46158,P,PPLA3,55,ZA,49030,,49,135
3127382,Bustillo de la Vega,Bustillo de la Vega,Bustillo de la Vega,42.45605,-4.74115,P,PPLA3,55,P,34038,,34,359
3127383,Bustillo de Chaves,Bustillo de Chaves,Bustillo de Chaves,42.13114,-5.09169,P,PPLA3,55,VA,47026,,47,96
3127407,Bustarviejo,Bustarviejo,"Bustarv'ekho,Bustarvekho,Bustarviejo,bu si ta er wei ye huo,bwstarfyjw,Бустарвьехо,Бустарвєхо,بوستارفيجو,布斯塔尔维耶霍",40.8572,-3.70766,P,PPLA3,29,M,28028,,28,1727
3127410,Bustares,Bustares,Bustares,41.13333,-3.06667,P,PPLA3,54,GU,19057,,19,98
3127450,Burón,Buron,"Buron,Burón",43.02486,-5.05119,P,PPLA3,55,LE,24025,,24,372
3127461,Burgos,Burgos,"Bourgos,Burgas,Burgi,Burgos,Burgosa,Burgosas,Burgoso,Burgus,Burqos,RGS,brghsh,brgws,bu er ge si,buleugoseu,bur kos,burgosa,burugosu,bwrgws,Μπούργος,Бургас,Бургос,Բուրգոս,בורגוס,برغش,برگوس,بورگوس,बुर्गोस,บูร์โกส,ブルゴス,布尔戈斯,부르고스",42.34106,-3.70184,P,PPLA2,55,BU,09059,,09,176418
3127463,Burgohondo,Burgohondo,"Burgohondo,Burgokhondo,Burgoondo,bu er ge weng duo,bwrghwhwndw,bwrgwhwndw,Бургоондо,Бургохондо,بورغوهوندو,بورگوهوندو,布尔戈翁多",40.41416,-4.78509,P,PPLA3,55,AV,05041,,05,1180
3127471,Burganes de Valverde,Burganes de Valverde,Burganes de Valverde,41.9213,-5.78244,P,PPLA3,55,ZA,49029,,49,845
3127473,Bureta,Bureta,Bureta,41.81572,-1.48819,P,PPLA3,52,Z,50061,,50,297
3127487,Burbáguena,Burbaguena,"Burbaguena,Burbáguena",41.01783,-1.33825,P,PPLA3,52,TE,44047,,44,334
3127489,Buñuel,Bunuel,"Bunuel,Buñuel",41.98009,-1.44503,P,PPLA3,32,NA,31057,,31,2402
3127491,Buniel,Buniel,,42.31197,-3.8223,P,PPLA3,55,BU,09058,,09,269
3127504,Bulbuente,Bulbuente,Bulbuente,41.8197,-1.60238,P,PPLA3,52,Z,50060,,50,232
3127507,Bujaraloz,Bujaraloz,Bujaraloz,41.49806,-0.1529,P,PPLA3,52,Z,50059,,50,997
3127516,Bujalaro,Bujalaro,Bujalaro,40.93687,-2.88333,P,PPLA3,54,GU,19055,,19,80
3127521,Buitrago del Lozoya,Buitrago del Lozoya,"Buitrago,Buitrago de Lozoya,Buitrago del Lozoya,Buitrago del Lozoyo,Buitrago-del'-Losoja,Bujtrago-del'-Losojja,bu yi te la ge de e suo ya,bwytrajw dyl wzwya,Буйтраго-дель-Лосойя,Буїтраго-дель-Лосоя,بويتراجو ديل وزويا,布伊特拉戈德略索亚",40.9909,-3.63365,P,PPLA3,29,M,28027,,28,1811
3127522,Buitrago,Buitrago,"Buitrago,Bujtrago,bu yi te la ge,Буйтраго,Буїтраго,布伊特拉戈",41.84735,-2.40858,P,PPLA3,55,SO,42042,,42,55
3127529,Bugedo,Bugedo,"Bugedo,Bujedo",42.64912,-3.01786,P,PPLA3,55,BU,09057,,09,150
3127538,Bueu,Bueu,"Buen,Bueu",42.32458,-8.78497,P,PPLA3,58,PO,36004,,36,12331
3127547,Buendía,Buendia,"Buehndia,Buendija,ben di ya,bwyndya,Буендія,Буэндиа,بوينديا,本迪亚",40.36643,-2.75645,P,PPLA3,54,CU,16041,,16,474
3127549,Buenavista de Valdavia,Buenavista de Valdavia,Buenavista de Valdavia,42.63788,-4.61446,P,PPLA3,55,P,34037,,34,431
3127550,Buenavista,Buenavista,Buenavista,40.76763,-5.61139,P,PPLA3,55,SA,37060,,37,157
3127551,Buenaventura,Buenaventura,Buenaventura,40.17705,-4.85003,P,PPLA3,54,TO,45022,,45,500
3127552,Buenamadre,Buenamadre,Buenamadre,40.85705,-6.24987,P,PPLA3,55,SA,37059,,37,152
3127555,Bueña,Buena,"Buena,Bueña",40.70881,-1.26742,P,PPLA3,52,TE,44046,,44,73
3127563,Budia,Budia,Budia,40.62734,-2.75846,P,PPLA3,54,GU,19054,,19,271
3127568,Buciegas,Buciegas,Buciegas,40.33622,-2.4625,P,PPLA3,54,CU,16038,,16,62
3127574,Bubierca,Bubierca,Bubierca,41.31482,-1.85386,P,PPLA3,52,Z,50058,,50,91
3127575,Buberos,Buberos,Buberos,41.64692,-2.19406,P,PPLA3,55,SO,42041,,42,43
3127587,Brunyola,Brunyola,"Brunola,Brunyola,Bruñola",41.9,2.68333,P,PPLA3,56,GI,17028,,17,0
3127588,Brunete,Brunete,Brunete,40.40532,-3.9985,P,PPLA3,29,M,28026,,28,7799
3127605,Broto,Broto,,42.60434,-0.12351,P,PPLA3,52,HU,22069,,22,509
3127608,Bronchales,Bronchales,,40.51171,-1.58821,P,PPLA3,52,TE,44045,,44,452
3127611,Briviesca,Briviesca,"Bribiesca,Briv'eska,Briveska,Briviesca,brayfayska,bu li wei ye si ka,Бривьеска,Брівєска,برايفايسكا,布里维耶斯卡",42.54993,-3.32315,P,PPLA3,55,BU,09056,,09,6880
3127614,Briones,Briones,"Briones,bu li ao nei si,Брионес,Бріонес,Բրիոնես,布里奥内斯",42.54397,-2.78572,P,PPLA3,27,LO,26034,,26,848
3127621,Brincones,Brincones,Brincones,41.11339,-6.34865,P,PPLA3,55,SA,37058,,37,87
3127623,Briñas,Brinas,"Brinas,Briñas",42.60106,-2.83192,P,PPLA3,27,LO,26033,,26,231
3127625,Brime de Urz,Brime de Urz,"Brime de Urz,San Esteban",42.03794,-5.87326,P,PPLA3,55,ZA,49028,,49,147
3127626,Brime de Sog,Brime de Sog,Brime de Sog,42.06162,-6.04791,P,PPLA3,55,ZA,49027,,49,203
3127628,Brihuega,Brihuega,"Brihuega,Briuega,Briuehga,Бриуэга,Бріуега",40.76049,-2.86966,P,PPLA3,54,GU,19053,,19,2776
3127631,Brieva de Cameros,Brieva de Cameros,Brieva de Cameros,42.16462,-2.7945,P,PPLA3,27,LO,26032,,26,72
3127633,Brieva,Brieva,Brieva,41.03483,-4.05364,P,PPLA3,55,SG,40033,,40,66
3127645,Bretocino,Bretocino,Bretocino,41.8843,-5.75473,P,PPLA3,55,ZA,49026,,49,284
3127646,Bretó,Breto,"Breto,Bretó",41.87917,-5.73902,P,PPLA3,55,ZA,49025,,49,236
3127655,Breda,Breda,,41.74833,2.55964,P,PPLA3,56,GI,17027,17146,17,3599
3127658,Brea de Tajo,Brea de Tajo,"Brea,Brea de Tajo",40.23333,-3.1,P,PPLA3,29,M,28025,,28,481
3127659,Brea de Aragón,Brea de Aragon,"Brea,Brea de Aragon,Brea de Aragón",41.52387,-1.60261,P,PPLA3,52,Z,50057,,50,2022
3127662,Brazuelo,Brazuelo,Brazuelo,42.49702,-6.15734,P,PPLA3,55,LE,24023,,24,328
3127665,Brazacorta,Brazacorta,Brazacorta,41.71737,-3.36711,P,PPLA3,55,BU,09055,,09,87
3127670,Braojos,Braojos,Braojos,41.0404,-3.64329,P,PPLA3,29,M,28024,,28,193
3127676,Brañosera,Branosera,"Bran'josera,Bran'osera,Branosera,Brañosera,bu la ni ao sai la,Браньйосера,Браньосера,布拉尼奥塞拉",42.9362,-4.30833,P,PPLA3,55,P,34036,,34,269
3127722,Brabos,Brabos,"Brabos,brabs,brabws,bu la wo si,Брабос,Բրաբոս,برابس,برابوس,布拉沃斯",40.77846,-4.93934,P,PPLA3,55,AV,05039,,05,72
3127730,Bóveda del Río Almar,Boveda del Rio Almar,"Boveda del Rio Almar,Bóveda del Río Almar",40.85719,-5.2103,P,PPLA3,55,SA,37057,,37,290
3127736,Bóveda,Boveda,,42.62359,-7.48482,P,PPLA3,58,LU,27008,,27,0
3127757,Botorrita,Botorrita,Botorrita,41.50706,-1.03104,P,PPLA3,52,Z,50056,,50,474
3127762,Botarell,Botarell,Botarell,41.13627,0.98919,P,PPLA3,56,T,43033,,43,933
3127763,Bot,Bot,Bot,41.00916,0.38392,P,PPLA3,56,T,43032,,43,768
3127773,Borriol,Borriol,Borriol,40.04249,-0.07025,P,PPLA3,60,CS,12031,,12,4321
3127778,Borrenes,Borrenes,Borrenes,42.49019,-6.72338,P,PPLA3,55,LE,24022,,24,452
3127779,Borredà,Borreda,"Borreda,Borredà",42.13564,1.99428,P,PPLA3,56,B,08024,08024,08,0
3127781,Borrassà,Borrassa,"Borrassa,Borrassà",42.22316,2.9261,P,PPLA3,56,GI,17026,,17,581
3127785,Borox,Borox,Borox,40.06795,-3.73804,P,PPLA3,54,TO,45021,,45,2596
3127790,Borobia,Borobia,"Borobia,Borobija,bo luo wei ya,Боробиа,Боробія,博罗维亚",41.66481,-1.89615,P,PPLA3,55,SO,42039,,42,340
3127799,Borjabad,Borjabad,Borjabad,41.55245,-2.36625,P,PPLA3,55,SO,42038,,42,56
3127800,Borja,Borja,Borja,41.83412,-1.53271,P,PPLA3,52,Z,50055,,50,4375
3127813,Bordón,Bordon,"Bordon,Bordón",40.6865,-0.32216,P,PPLA3,52,TE,44044,,44,142
3127814,Bordils,Bordils,Bordils,42.04336,2.91088,P,PPLA3,56,GI,17025,,17,1434
3127817,Bordalba,Bordalba,Bordalba,41.41667,-2.06667,P,PPLA3,52,Z,50054,,50,92
3127823,Borau,Borau,,42.65858,-0.58846,P,PPLA3,52,HU,22068,,22,74
3127826,Boquiñeni,Boquineni,"Boquineni,Boquiñeni",41.84804,-1.25246,P,PPLA3,52,Z,50053,,50,1026
3127839,Bonilla de la Sierra,Bonilla de la Sierra,"Bonilla,Bonilla de la Sierra",40.53063,-5.26452,P,PPLA3,55,AV,05038,,05,161
3127849,Bonastre,Bonastre,Bonastre,41.22031,1.43936,P,PPLA3,56,T,43030,,43,459
3127850,Boñar,Bonar,"Bonar,Boñar",42.8668,-5.32386,P,PPLA3,55,LE,24021,,24,2299
3127851,Bonansa,Bonansa,Bonansa,42.42691,0.66692,P,PPLA3,52,HU,22067,,22,106
3127854,Bolvir,Bolvir,,42.41775,1.87986,P,PPLA3,56,GI,17024,17024,17,0
3127858,Boltaña,Boltana,"Bol'tan'ja,Bol'tanija,Boltanya,bo er ta ni ya,borutanya,bwltanya,Больтания,Больтанья,بولتانيا,ボルターニャ,博尔塔尼亚",42.4455,0.06802,P,PPLA3,52,HU,22066,,22,897
3127876,Bolaños de Campos,Bolanos de Campos,"Bolanos de Campos,Bolaños de Campos",42.0068,-5.28428,P,PPLA3,55,VA,47024,,47,410
3127889,Boiro,Boiro,Boiro,42.64725,-8.88459,P,PPLA3,58,C,15011,,15,18883
3127896,Bohoyo,Bohoyo,Bohoyo,40.31584,-5.44294,P,PPLA3,55,AV,05037,,05,402
3127900,Bogajo,Bogajo,Bogajo,40.9071,-6.53065,P,PPLA3,55,SA,37055,,37,194
3127913,Boecillo,Boecillo,,41.5409,-4.6994,P,PPLA3,55,VA,47023,,47,2575
3127921,Bocos de Duero,Bocos de Duero,,41.62339,-4.07048,P,PPLA3,55,VA,47022,,47,72
3127925,Bocigas,Bocigas,Bocigas,41.2307,-4.68128,P,PPLA3,55,VA,47021,,47,128
3127929,Boceguillas,Boceguillas,"Boceguillas,Bosegil'jas,bo sai ji li ya si,Босегильяс,Босегільяс,博塞吉利亚斯",41.33641,-3.63828,P,PPLA3,55,SG,40032,,40,678
3127933,Boca de Huérgano,Boca de Huergano,"Boca de Huergano,Boca de Huérgano",42.97287,-4.92419,P,PPLA3,55,LE,24020,,24,564
3127935,Boborás,Boboras,"Boboras,Boborás",42.43332,-8.14431,P,PPLA3,58,OR,32013,,32,2299
3127944,Bovera,Bovera,"Bobera,Bovera",41.31667,0.65,P,PPLA3,56,L,25056,,25,0
3127945,Bobadilla del Campo,Bobadilla del Campo,Bobadilla del Campo,41.20432,-5.02294,P,PPLA3,55,VA,47020,,47,379
3127946,Bobadilla,Bobadilla,Bobadilla,42.31873,-2.75992,P,PPLA3,27,LO,26031,,26,136
3127954,Boal,Boal,"Boal,Boal',Boal/Bual,Bual,bo a er,bwal,byal,Боаль,بئال,بوال,博阿尔",43.432,-6.81513,P,PPLA3,34,O,33007,,33,1571
3127958,Boadilla del Monte,Boadilla del Monte,"Boadil'ja-del'-Monte,Boadilla del Monte,bo a di li ya de er meng te,bwadyla dyl mwnty,Боадилья-дель-Монте,Боаділья-дель-Монте,בואדייה דל מונטה,بواديلا ديل مونتي,博阿迪利亚德尔蒙特",40.405,-3.87835,P,PPLA3,29,M,28022,,28,52626
3127959,Boadilla del Camino,Boadilla del Camino,Boadilla del Camino,42.25934,-4.34525,P,PPLA3,55,P,34034,,34,160
3127963,Boada de Campos,Boada de Campos,Boada de Campos,41.98957,-4.8773,P,PPLA3,55,P,34033,,34,22
3127964,Boada,Boada,"Boada,bo a da,Боада,博阿达",40.81569,-6.30611,P,PPLA3,55,SA,37052,,37,359
3127967,Bliecos,Bliecos,Bliecos,41.5279,-2.27135,P,PPLA3,55,SO,42037,,42,42
3127968,Blesa,Blesa,Blesa,41.0515,-0.885,P,PPLA3,52,TE,44043,,44,144
3127972,Blascosancho,Blascosancho,,40.87744,-4.63743,P,PPLA3,55,AV,05035,,05,134
3127974,Blascomillán,Blascomillan,"Blascomillan,Blascomillán",40.80146,-5.08703,P,PPLA3,55,AV,05033,,05,257
3127978,Blanes,Blanes,"Blanes,Бланес",41.67419,2.79036,P,PPLA3,56,GI,17023,,17,40047
3127983,Blancas,Blancas,Blancas,40.81392,-1.48208,P,PPLA3,52,TE,44042,,44,165
3127990,Blacos,Blacos,Blacos,41.6809,-2.85826,P,PPLA3,55,SO,42036,,42,57
3128001,Bisimbre,Bisimbre,Bisimbre,41.85607,-1.44268,P,PPLA3,52,Z,50052,,50,115
3128003,Biscarrués,Biscarrues,"Biscarrues,Biscarrués",42.22867,-0.74967,P,PPLA3,52,HU,22063,,22,233
3128005,la Bisbal del Penedès,la Bisbal del Penedes,"Bisbal del Panades,Bisbal del Panadés,la Bisbal del Penedes,la Bisbal del Penedès",41.28333,1.48333,P,PPLA3,56,T,43028,,43,0
3128008,Bisaurri,Bisaurri,"Bisagorri,Bisaurri,Bissauerri,Bissaürri",42.49677,0.50647,P,PPLA3,52,HU,22062,,22,259
3128009,Biota,Biota,"Biota,bi ao ta,bywta,Биота,Біота,Բիոտա,بيوتا,比奥塔",42.26214,-1.18735,P,PPLA3,52,Z,50051,,50,1158
3128015,Binéfar,Binefar,"Binefar,Binèfar,Binéfar",41.85141,0.29433,P,PPLA3,52,HU,22061,,22,8890
3128017,Binaced,Binaced,"Binaced,Binacet",41.82564,0.20084,P,PPLA3,52,HU,22060,,22,1607
3128026,Bilbao,Bilbao,"BIO,Bil'baa,Bil'bao,Bilbao,Bilbau,Bilbaum,Bilbaw,Bilbo,Bilbo / Bilbao,Bilmpao,El Bocho,bi er ba e,bil ba xo,bilba'o,bilbao,birubao,blbaw,bylbaw,bylbayw,Μπιλμπάο,Билбао,Бильбао,Більбаа,Більбао,Բիլբաո,בילבאו,بلباو,بیلبائو,بیلباو,बिल्बाओ,บิลบาโอ,ბილბაო,ビルバオ,毕尔巴鄂,빌바오",43.26271,-2.92528,P,PPLA2,59,BI,48020,,48,347342
3128027,Bijuesca,Bijuesca,Bijuesca,41.54083,-1.92039,P,PPLA3,52,Z,50050,,50,99
3128034,Biescas,Biescas,"B'eskas,Beskas,Biescas,bi si ka si,bieseukaseu,Бьескас,Бєскас,毕斯卡斯,비에스카스",42.62897,-0.32135,P,PPLA3,52,HU,22059,,22,0
3128037,Bierge,Bierge,"Biarche,Bierge",42.16216,-0.08326,P,PPLA3,52,HU,22058,,22,247
3128039,Bielsa,Bielsa,Bielsa,42.63347,0.21858,P,PPLA3,52,HU,22057,,22,462
3128041,Biel,Biel,"B'el',Bel',Biel,bie er,byyl,Бьель,Бєль,بييل,别尔",42.38763,-0.94154,P,PPLA3,52,Z,50901,,50,215
3128051,Bezas,Bezas,Bezas,40.33076,-1.32511,P,PPLA3,52,TE,44041,,44,78
3128052,Bezares,Bezares,Bezares,42.37036,-2.67076,P,PPLA3,27,LO,26030,,26,0
3128059,Beuda,Beuda,,42.23722,2.70942,P,PPLA3,56,GI,17021,,17,77
3128066,Beteta,Beteta,Beteta,40.57191,-2.07588,P,PPLA3,54,CU,16035,,16,402
3128068,Betelu,Betelu,,43.02555,-1.98029,P,PPLA3,32,NA,31055,,31,338
3128071,Betanzos,Betanzos,Betanzos,43.28042,-8.21467,P,PPLA3,58,C,15009,,15,13680
3128090,Bescanó,Bescano,"Bescano,Bescanó",41.96603,2.73922,P,PPLA3,56,GI,17020,,17,3767
3128096,Besalú,Besalu,"Besalu,Besalú,Бесалу",42.19893,2.69953,P,PPLA3,56,GI,17019,,17,2213
3128097,Berzosilla,Berzosilla,Berzosilla,42.78053,-4.03753,P,PPLA3,55,P,34032,,34,62
3128099,Berzosa del Lozoya,Berzosa del Lozoya,Berzosa del Lozoya,40.9732,-3.52009,P,PPLA3,29,M,28020,,28,184
3128100,Berzosa de Bureba,Berzosa de Bureba,Berzosa de Bureba,42.62678,-3.26652,P,PPLA3,55,BU,09052,,09,46
3128109,Berrueces,Berrueces,Berrueces,41.94606,-5.09693,P,PPLA3,55,VA,47019,,47,102
3128121,Berrocalejo de Aragona,Berrocalejo de Aragona,Berrocalejo de Aragona,40.69436,-4.59474,P,PPLA3,55,AV,05030,,05,50
3128122,Berrocal de Salvatierra,Berrocal de Salvatierra,Berrocal de Salvatierra,40.63331,-5.69005,P,PPLA3,55,SA,37051,,37,120
3128124,Berrocal de Huebra,Berrocal de Huebra,Berrocal de Huebra,40.71864,-6.00054,P,PPLA3,55,SA,37050,,37,105
3128127,Berrobi,Berrobi,Berrobi,43.14518,-2.02623,P,PPLA3,59,SS,20023,,20,575
3128130,Berriozar,Berriozar,Berriozar,42.83067,-1.66648,P,PPLA3,32,NA,31903,,31,8199
3128136,Berriatua,Berriatua,"Berriatua,Berriatúa",43.31667,-2.46667,P,PPLA3,59,BI,48018,,48,1123
3128158,Berninches,Berninches,Berninches,40.57106,-2.80121,P,PPLA3,54,GU,19051,,19,122
3128163,Bernardos,Bernardos,Bernardos,41.12787,-4.35119,P,PPLA3,55,SG,40030,,40,658
3128170,Bermillo de Sayago,Bermillo de Sayago,"Bermiellu de Seyagu,Bermil'jo-de-Sajago,Bermil'o-de-Sajjago,Bermillo de Sayago,bei er mi e de sai a ge,Бермильо-де-Сайяго,Бермільйо-де-Саяго,贝尔米略德赛阿戈",41.36648,-6.11223,P,PPLA3,55,ZA,49023,,49,1308
3128174,Bermeo,Bermeo,"Bermeo,Bermeu,Bermeum,Bermio,bei er mei ao,berumeo,byrmyw,Бермео,بيرميو,ベルメオ,贝尔梅奥",43.42088,-2.72152,P,PPLA3,59,BI,48017,,48,16937
3128176,Bermellar,Bermellar,Bermellar,40.99918,-6.67014,P,PPLA3,55,SA,37049,,37,190
3128179,Berlangas de Roa,Berlangas de Roa,Berlangas de Roa,41.68913,-3.87284,P,PPLA3,55,BU,09051,,09,219
3128180,Berlanga del Bierzo,Berlanga del Bierzo,Berlanga del Bierzo,42.73104,-6.60565,P,PPLA3,55,LE,24019,,24,412
3128181,Berlanga de Duero,Berlanga de Duero,"Berlanga,Berlanga de Duero,Berlanga del Duero,Berlanga-de-Duehro,Berlanga-de-Duero,bei er lan jia de du ai luo,Берланга-де-Дуеро,Берланга-де-Дуэро,贝尔兰加德杜埃罗",41.4656,-2.86147,P,PPLA3,55,SO,42035,,42,1091
3128184,Beriáin,Beriain,"Beriain,Beriáin",42.73347,-1.64448,P,PPLA3,32,NA,31905,,31,3156
3128190,Bergondo,Bergondo,"Bergondo,San Salvador",43.31667,-8.23333,P,PPLA3,58,C,15008,,15,6446
3128191,Berge,Berge,Berge,40.85791,-0.42709,P,PPLA3,52,TE,44040,,44,247
3128193,Bergasillas Bajera,Bergasillas Bajera,"Bergasilla Bajera,Bergasillas Bajera",42.24462,-2.1583,P,PPLA3,27,LO,26029,,26,31
3128194,Bergasa,Bergasa,Bergasa,42.25285,-2.13221,P,PPLA3,27,LO,26028,,26,150
3128213,Berdejo,Berdejo,Berdejo,41.56133,-1.94431,P,PPLA3,52,Z,50047,,50,68
3128218,Bercimuel,Bercimuel,,41.39925,-3.57051,P,PPLA3,55,SG,40029,,40,85
3128221,Bercianos del Real Camino,Bercianos del Real Camino,Bercianos del Real Camino,42.38732,-5.14462,P,PPLA3,55,LE,24018,,24,205
3128222,Bercianos del Páramo,Bercianos del Paramo,Bercianos,42.38017,-5.70834,P,PPLA3,55,LE,24017,,24,742
3128225,Bercial de Zapardiel,Bercial de Zapardiel,Bercial de Zapardiel,41.04675,-4.9691,P,PPLA3,55,AV,05026,,05,278
3128226,Bercial,Bercial,Bercial,40.90711,-4.43638,P,PPLA3,55,SG,40028,,40,116
3128227,Berceruelo,Berceruelo,Berceruelo,41.58033,-5.03267,P,PPLA3,55,VA,47018,,47,41
3128228,Bercero,Bercero,Bercero,41.56397,-5.0558,P,PPLA3,55,VA,47017,,47,243
3128229,Berceo,Berceo,Berceo,42.33906,-2.85239,P,PPLA3,27,LO,26027,,26,0
3128234,Berbinzana,Berbinzana,Berbinzana,42.52779,-1.83419,P,PPLA3,32,NA,31053,,31,726
3128237,Berberana,Berberana,Berberana,42.91784,-3.06063,P,PPLA3,55,BU,09050,,09,80
3128240,Berbegal,Berbegal,"Barbegal,Berbedel,Berbegal",41.95959,-0.00326,P,PPLA3,52,HU,22055,,22,456
3128243,Beratón,Beraton,"Beraton,Beratón,bei la tong,Бератон,贝拉通",41.71749,-1.81092,P,PPLA3,55,SO,42034,,42,47
3128245,Berastegi,Berastegui,"Berastegi,Berastegui,Berástegui",43.12423,-1.98019,P,PPLA3,59,SS,20022,,20,0
3128247,Berantevilla,Berantevilla,"Berantevilla,Beranturi",42.68254,-2.85832,P,PPLA3,59,VI,01014,,01,454
3128248,Berango,Berango,Berango,43.365,-2.99601,P,PPLA3,59,BI,48016,,48,6064
3128259,Benuza,Benuza,Benuza,42.39941,-6.70969,P,PPLA3,55,LE,24016,,24,719
3128267,Benlloch,Benlloch,"Bell-lloc del Pla,Benlloch,Benltoch,Bennloch",40.21075,0.02717,P,PPLA3,60,CS,12029,,12,841
3128271,Benifallet,Benifallet,Benifallet,40.97422,0.51767,P,PPLA3,56,T,43025,,43,804
3128273,Benicarló,Benicarlo,"Benicarlo,Benicarló,Benikarlo,Беникарло",40.4165,0.42709,P,PPLA3,60,CS,12027,,12,26655
3128281,Benegiles,Benegiles,Benegiles,41.627,-5.63479,P,PPLA3,55,ZA,49022,,49,399
3128290,Benavides,Benavides,"Benavides,Benavides de Orbigo",42.50442,-5.89442,P,PPLA3,55,LE,24015,,24,2885
3128291,Benavente,Benavente,Benavente,42.00249,-5.67826,P,PPLA3,55,ZA,49021,,49,19119
3128296,Benasque,Benasque,"Benas,Benasc,Benaske,Benasque,Benasque-Benas,Benasque-Benás,Benás,Venasque,bei na si ke,Μπενάσκε,Бенаске,贝纳斯克",42.60528,0.52305,P,PPLA3,52,HU,22054,,22,2231
3128297,Benassal,Benassal,"Benasal,Benassal",40.3769,-0.1397,P,PPLA3,60,CS,12026,,12,1329
3128301,Benafigos,Benafigos,Benafigos,40.27641,-0.20772,P,PPLA3,60,CS,12025,,12,180
3128302,Benafarces,Benafarces,Benafarces,41.62133,-5.29285,P,PPLA3,55,VA,47016,,47,123
3128308,Bembibre,Bembibre,"Bembibire,Bembibre,Bembibro,Bembribe,ben wei fu lei,benbibure,Бембибре,Бембібре,ベンビブレ,本维夫雷",42.61771,-6.41545,P,PPLA3,55,LE,24014,,24,10071
3128312,Belver de los Montes,Belver de los Montes,Belver de los Montes,41.72284,-5.45182,P,PPLA3,55,ZA,49020,,49,423
3128313,Belver de Cinca,Belver de Cinca,Bellver de Cinca,41.69272,0.17827,P,PPLA3,52,HU,22052,,22,1381
3128320,Belorado,Belorado,"Belfuratus,Belorado,Bilforato,bei luo la duo,bylwradw,Белорадо,بيلورادو,贝洛拉多",42.42048,-3.19133,P,PPLA3,55,BU,09048,,09,2104
3128323,Belmonte de Tajo,Belmonte de Tajo,Belmonte de Tajo,40.13162,-3.3358,P,PPLA3,29,M,28019,,28,1199
3128325,Belmonte de Campos,Belmonte de Campos,Belmonte de Campos,41.94255,-4.98659,P,PPLA3,55,P,34031,,34,33
3128331,Bellvís,Bellvis,"Bellvis,Bellvís",41.67269,0.81768,P,PPLA3,56,L,25052,,25,2263
3128336,Bellpuig,Bellpuig,"Bellpuig,Belpuig",41.62595,1.01144,P,PPLA3,56,L,25050,,25,4269
3128337,Bellprat,Bellprat,Bellprat,41.51695,1.43333,P,PPLA3,56,B,08021,,08,89
3128341,Bello,Bello,Bello,40.92266,-1.4985,P,PPLA3,52,TE,44039,,44,346
3128351,Belinchón,Belinchon,"Belinchon,Belinchón",40.04603,-3.05517,P,PPLA3,54,CU,16032,,16,356
3128361,Beleña,Belena,"Belena,Beleña",40.75067,-5.62713,P,PPLA3,55,SA,37047,,37,177
3128366,Belbimbre,Belbimbre,Belbimbre,42.16873,-4.0128,P,PPLA3,55,BU,09047,,09,80
3128368,Belauntza,Belaunza,"Belauntza,Belaunza",43.13586,-2.05156,P,PPLA3,59,SS,20021,,20,0
3128369,Belascoáin,Belascoain,"Belascoain,Belascoáin",42.75619,-1.83227,P,PPLA3,32,NA,31052,,31,122
3128382,Béjar,Bejar,"Bejar,Bekhar,Bexa,Béjar,bei ha er,Бехар,贝哈尔",40.38641,-5.76341,P,PPLA3,55,SA,37046,,37,15007
3128384,Beizama,Beizama,Beizama,43.13385,-2.20001,P,PPLA3,59,SS,20020,,20,165
3128388,Beire,Beire,Beire,42.45415,-1.62101,P,PPLA3,32,NA,31051,,31,319
3128394,Begonte,Begonte,"Begonte,San Pedro",43.15121,-7.68643,P,PPLA3,58,LU,27007,,27,3675
3128398,Begues,Begues,"Begas,Begues",41.33333,1.93333,P,PPLA3,56,B,08020,,08,5538
3128409,Becilla de Valderaduey,Becilla de Valderaduey,Becilla de Valderaduey,42.09905,-5.21805,P,PPLA3,55,VA,47015,,47,359
3128415,Becerril de la Sierra,Becerril de la Sierra,Becerril de la Sierra,40.71699,-3.98858,P,PPLA3,29,M,28018,,28,6267
3128416,Becerril de Campos,Becerril de Campos,"Becerril,Becerril de Campos,Beseril de Kampos,Beserril'-de-Kampos,bei sai li er de kan bo si,bsryl d kamps,Бесерриль-де-Кампос,Бесерріль-де-Кампос,Բեսեռիլ դե Կամպոս,بسریل د کامپس,贝塞里尔德坎波斯",42.10841,-4.64152,P,PPLA3,55,P,34029,,34,1021
3128419,Becerreá,Becerrea,"Becerrea,Becerreá",42.8561,-7.1636,P,PPLA3,58,LU,27006,,27,3403
3128426,Becedillas,Becedillas,Becedillas,40.53821,-5.32561,P,PPLA3,55,AV,05025,,05,156
3128428,Becedas,Becedas,Becedas,40.40369,-5.63577,P,PPLA3,55,AV,05024,,05,338
3128436,Beasain,Beasain,"Beasain,Beasáin",43.05017,-2.20087,P,PPLA3,59,SS,20019,,20,13557
3128443,Beamud,Beamud,Beamud,40.18645,-1.8288,P,PPLA3,54,CU,16031,,16,94
3128445,Beade,Beade,,42.33074,-8.1295,P,PPLA3,58,OR,32010,,32,576
3128447,Bea,Bea,Bea,41.03633,-1.14725,P,PPLA3,52,TE,44036,,44,39
3128455,Bayubas de Arriba,Bayubas de Arriba,"Bajubas-de-Arriba,Bayubas de Arriba,bai wu wa si de ya li wa,Баюбас-де-Арриба,Баюбас-де-Арріба,拜乌瓦斯德亚里瓦",41.5575,-2.88731,P,PPLA3,55,SO,42033,,42,69
3128456,Bayubas de Abajo,Bayubas de Abajo,"Bajubas-de-Abakho,Bayubas de Abajo,bai wu wa si de ya wa huo,Баюбас-де-Абахо,拜乌瓦斯德亚瓦霍",41.52747,-2.89586,P,PPLA3,55,SO,42032,,42,237
3128462,Baiona,Baiona,Baiona,42.11667,-8.85,P,PPLA3,58,PO,36003,,36,12091
3128477,Batres,Batres,Batres,40.20981,-3.92331,P,PPLA3,29,M,28017,,28,1398
3128482,Batea,Batea,Batea,41.09434,0.311,P,PPLA3,56,T,43022,,43,2086
3128510,Bascuñana de San Pedro,Bascunana de San Pedro,"Bascunana,Bascunana de San Pedro,Bascuñana,Bascuñana de San Pedro",40.21322,-2.22812,P,PPLA3,54,CU,16030,,16,36
3128512,Bascuñana,Bascunana,"Bascunana,Bascuñana",42.42548,-3.08231,P,PPLA3,55,BU,09046,,09,61
3128520,Báscones de Ojeda,Bascones de Ojeda,"Bascones de Ojeda,Báscones de Ojeda",42.67064,-4.52693,P,PPLA3,55,P,34028,,34,196
3128523,Basconcillos del Tozo,Basconcillos del Tozo,"Basconcillos,Basconcillos del Tozo,Baskonsil'jos-del'-Toso,Baskonsil'os-del'-Toso,ba si kong xi e si de er tuo suo,baskwnsaylws dyl twzw,Басконсильос-дель-Тосо,Басконсільйос-дель-Тосо,باسكونسايلوس ديل توزو,巴斯孔西略斯德尔托索",42.70236,-3.98937,P,PPLA3,55,BU,09045,,09,361
3128526,Bàscara,Bascara,"Bascara,Bàscara,Báscara",42.15998,2.91028,P,PPLA3,56,GI,17016,,17,894
3128529,Basardilla,Basardilla,Basardilla,41.02737,-4.02598,P,PPLA3,55,SG,40026,,40,176
3128546,Barruelo de Santullán,Barruelo de Santullan,"Barruehlo-de-Santul'jan,Barruelo,Barruelo de Santullan,Barruelo de Santullán,Barruelo-de-Santul'jan,ba lu ai luo de sang tu liang,Барруело-де-Сантульян,Барруэло-де-Сантульян,巴鲁埃洛德桑图良",42.90641,-4.28593,P,PPLA3,55,P,34027,,34,1574
3128551,Barruecopardo,Barruecopardo,"Barruecopardo,Barruecupardu,Barruehkopardo,Barruekopardo,ba lu ai ke pa er duo,Барруекопардо,Барруэкопардо,巴鲁埃科帕尔多",41.07215,-6.66423,P,PPLA3,55,SA,37044,,37,519
3128560,Barromán,Barroman,"Barroman,Barromán",41.06536,-4.93066,P,PPLA3,55,AV,05023,,05,221
3128566,Barro,Barro,,42.55534,-8.62231,P,PPLA3,58,PO,36002,,36,0
3128572,Barrios de Colina,Barrios de Colina,,42.39595,-3.46001,P,PPLA3,55,BU,09044,,09,75
3128574,Barriopedro,Barriopedro,Barriopedro,40.79026,-2.75246,P,PPLA3,54,GU,19050,,19,33
3128587,Barrio de Muñó,Barrio de Muno,"Barrio de Muno,Barrio de Muñó",42.17584,-4.00715,P,PPLA3,55,BU,09041,,09,32
3128651,Barrado,Barrado,Barrado,40.08477,-5.88068,P,PPLA3,57,CC,10025,,10,515
3128654,Barrachina,Barrachina,Barrachina,40.89688,-1.13858,P,PPLA3,52,TE,44035,,44,170
3128656,Barracas,Barracas,"Barracas,Barraques",40.01667,-0.68333,P,PPLA3,60,CS,12020,,12,183
3128675,Barjas,Barjas,Barjas,42.61182,-6.97979,P,PPLA3,55,LE,24011,,24,355
3128690,Barillas,Barillas,Barillas,41.96667,-1.63333,P,PPLA3,32,NA,31048,,31,212
3128691,Bargota,Bargota,Bargota,42.55982,-2.31067,P,PPLA3,32,NA,31047,,31,377
3128696,Bareyo,Bareyo,Bareyo,43.46686,-3.60083,P,PPLA3,39,S,39011,,39,1893
3128711,Bardallur,Bardallur,Bardallur,41.68423,-1.21183,P,PPLA3,52,Z,50044,,50,270
3128714,Barcones,Barcones,Barcones,41.29146,-2.8163,P,PPLA3,55,SO,42031,,42,41
3128720,Barcial del Barco,Barcial del Barco,Barcial del Barco,41.93353,-5.66268,P,PPLA3,55,ZA,49019,,49,305
3128721,Barcial de la Loma,Barcial de la Loma,Barcial de la Loma,41.95139,-5.28353,P,PPLA3,55,VA,47013,,47,152
3128729,Barceo,Barceo,Barceo,41.06108,-6.45175,P,PPLA3,55,SA,37042,,37,53
3128739,Bárcena de Pie de Concha,Barcena de Pie de Concha,"Barcena de Pie de Concha,Barcena de Pla de Concha,Barsena-de-P'e-de-Koncha,Barsena-de-Pe-de-Koncha,Bárcena de Pie de Concha,ba er sai na de bi de kong cha,barsyna dy by dy kwntsha,Барсена-де-Пье-де-Конча,Барсена-де-Пє-де-Конча,بارسينا دي بي دي كونتشا,巴尔塞纳德彼德孔查",43.1258,-4.05662,P,PPLA3,39,S,39010,,39,798
3128745,Bárcena de Cicero,Barcena de Cicero,"Barcena,Barcena de Cicero,Barsena-de-Sisero,Bárcena,Bárcena de Cicero,ba er sai na de xi sai luo,barsyna dy saysyrw,Барсена-де-Сисеро,Барсена-де-Сісеро,بارسينا دي سايسيرو,巴尔塞纳德西塞罗",43.4216,-3.5103,P,PPLA3,39,S,39009,,39,3003
3128747,Bárcena de Campos,Barcena de Campos,"Barcena de Campos,Bárcena de Campos",42.48428,-4.49875,P,PPLA3,55,P,34025,,34,59
3128760,Barcelona,Barcelona,"BCN,Barcellona,Barcellonn-a,Barcelona,Barcelone,Barcelono,Barceluna,Barcelůna,Barcełona,Barcillona,Barcino,Barkelone,Barseloana,Barselon,Barselona,Barselonae,Barselono,Barseluna,Barseluona,Barselóna,Barslon-a,Barsélona,Bartzellona,Bartzelona,Barzelona,Barçellonn-a,Barċellona,Baselona,Lungsod ng Barcelona,Parcʻhelona,Parselona,ba sa long na,ba sai long na,ba sai luo na,baleusellona,balsaleana,bar se lon a,barasilona,barselona,barsilona,barslwn,barslwna,barsylwna,barsێlۆna,baruserona,brshlwnt,brshlwnہ,brzlwnh,la Ciudad Condal,parcelona,Βαρκελώνη,Барселон,Барселонæ,Барселона,Барселоно,Բարսելոնա,Պարսելոնա,Պարցհելոնա,בארצעלאנע,ברצלונה,بارسلون,بارسلونا,بارسیلونا,بارسێلۆنا,برشلونة,برشلونہ,बार्सिलोना,बार्सेलोना,বার্সেলোনা,ਬਾਰਸੀਲੋਨਾ,பார்செலோனா,ബാഴ്സലോണ,บาร์เซโลนา,ບາກເຊໂລນ,བྷར་སེ་ལོ་ནཱ།,ဘာစီလိုနာမြို့,ბარსელონა,ባርሴሎና,バルセロナ,巴塞罗那,巴塞隆納,巴薩隆拿,바르셀로나",41.38879,2.15899,P,PPLA,56,B,08019,,08,1686208
3128774,Bárcabo,Barcabo,"Barcabo,Bárcabo",42.24219,0.06934,P,PPLA3,52,HU,22051,,22,100
3128777,Barca,Barca,"Barca,Barka,ba er ka,baleuka,Барка,巴尔卡,바르카",41.4549,-2.62217,P,PPLA3,55,SO,42030,,42,115
3128778,Barbuñales,Barbunales,"Barbunales,Barbuñales",42.02563,-0.08659,P,PPLA3,52,HU,22050,,22,117
3128779,Barbués,Barbues,"Barbues,Barbués",41.98085,-0.41949,P,PPLA3,52,HU,22049,,22,105
3128783,Barbolla,Barbolla,"Barbolla,Barboya",41.32567,-3.67361,P,PPLA3,55,SG,40025,,40,247
3128784,Bárboles,Barboles,"Barboles,Bárboles",41.70898,-1.18594,P,PPLA3,52,Z,50043,,50,312
3128795,Barbastro,Barbastro,"Balbastro,Barbastras,Barbastre,Barbastro,Barmpastro,ba er wa si te luo,barubasutoro,brbshtr,Μπαρμπάστρο,Барбастро,بربشتر,バルバストロ,巴尔瓦斯特罗",42.03565,0.12686,P,PPLA3,52,HU,22048,,22,16924
3128807,Barbalos,Barbalos,Barbalos,40.67678,-5.94258,P,PPLA3,55,SA,37041,,37,100
3128811,Barbadillo del Pez,Barbadillo del Pez,Barbadillo del Pez,42.11879,-3.22803,P,PPLA3,55,BU,09039,,09,99
3128812,Barbadillo del Mercado,Barbadillo del Mercado,Barbadillo del Mercado,42.03858,-3.35669,P,PPLA3,55,BU,09038,,09,166
3128813,Barbadillo de Herreros,Barbadillo de Herreros,"Barbadillo,Barbadillo de Herreros",42.14974,-3.17702,P,PPLA3,55,BU,09037,,09,151
3128819,Barásoain,Barasoain,"Barasoain,Barasoajn,ba la suo a yin,Барасоайн,Բարասոաին,巴拉索阿因",42.60339,-1.64658,P,PPLA3,32,NA,31045,,31,572
3128831,Barajas de Melo,Barajas de Melo,Barajas de Melo,40.1234,-2.91675,P,PPLA3,54,CU,16027,,16,805
3128845,Baquerín de Campos,Baquerin de Campos,"Baquerin de Campos,Baquerín de Campos",42.016,-4.78185,P,PPLA3,55,P,34024,,34,23
3128860,Bañuelos de Bureba,Banuelos de Bureba,"Banuelos de Bureba,Bañuelos de Bureba",42.50258,-3.27957,P,PPLA3,55,BU,09036,,09,41
3128865,Bañuelos,Banuelos,"Banuelos,Bañuelos",41.28601,-2.91477,P,PPLA3,54,GU,19049,,19,20
3128868,Baños de Valdearados,Banos de Valdearados,"Banos de Valdearados,Baños de Valdearados",41.7701,-3.55589,P,PPLA3,55,BU,09035,,09,413
3128869,Baños de Tajo,Banos de Tajo,"Banos de Tajo,Baños de Tajo",40.71667,-1.96667,P,PPLA3,54,GU,19048,,19,30
3128870,Baños de Río Tobía,Banos de Rio Tobia,"Banos de Rio Tobia,Baños de Río Tobía",42.33533,-2.76099,P,PPLA3,27,LO,26026,,26,1698
3128871,Baños de Rioja,Banos de Rioja,"Ban'jos-de-Riokha,Ban'os-de-Riokha,Banios de Rioxa,Banos de Rioja,Baños de Rioja,ba ni ao si de li ao ha,Баньйос-де-Ріоха,Баньос-де-Риоха,Բանիոս դե Ռիոխա,巴尼奥斯德里奥哈",42.5123,-2.94635,P,PPLA3,27,LO,26025,,26,93
3128874,Baños de Montemayor,Banos de Montemayor,,40.31671,-5.86009,P,PPLA3,57,CC,10024,,10,643
3128875,Baños de Molgas,Banos de Molgas,,42.24148,-7.67223,P,PPLA3,58,OR,32007,,32,1992
3128883,Bañón,Banon,"Banon,Bañón",40.83825,-1.19091,P,PPLA3,52,TE,44034,,44,179
3128885,Banyoles,Banyoles,"Banolas,Banyoles,Bañolas",42.11667,2.76667,P,PPLA3,56,GI,17015,,17,19615
3128886,Bañobárez,Banobarez,"Banobarez,Bañobárez",40.84825,-6.61311,P,PPLA3,55,SA,37039,,37,356
3128903,Bande,Bande,Bande,42.0312,-7.97489,P,PPLA3,58,OR,32006,,32,2310
3128907,Banastás,Banastas,"Banastas,Banastás",42.18089,-0.45191,P,PPLA3,52,HU,22047,,22,260
3128909,Bañares,Banares,"Ban'jares,Banares,Baniares,Bañares,ba ni ya lei si,Баньярес,Բանիարես,巴尼亚雷斯",42.46838,-2.9101,P,PPLA3,27,LO,26024,,26,352
3128923,Baltar,Baltar,Baltar,41.952,-7.71581,P,PPLA3,58,OR,32005,,32,1166
3128924,Baltanás,Baltanas,"Baltanas,Baltanás",41.93775,-4.24656,P,PPLA3,55,P,34022,,34,1426
3128928,Balsareny,Balsareny,Balsareny,41.86311,1.87356,P,PPLA3,56,B,08018,,08,3233
3128948,Ballobar,Ballobar,"Ballobar,Vallobar",41.62106,0.192,P,PPLA3,52,HU,22046,,22,1021
3128956,Baliarrain,Baliarrain,"Baliarrain,Baliarráin",43.06928,-2.12781,P,PPLA3,59,SS,20904,,20,104
3128968,Balconchán,Balconchan,"Valconchan,Valconchán",41.08737,-1.45998,P,PPLA3,52,Z,50042,,50,15
3128972,Balboa,Balboa,Balboa,42.70608,-6.92222,P,PPLA3,55,LE,24009,,24,395
3128978,Balaguer,Balaguer,Balaguer,41.79117,0.81094,P,PPLA3,56,L,25040,,25,16841
3128996,Bailo,Bailo,"Bajlo,bai luo,Байло,拜洛",42.50906,-0.81136,P,PPLA3,52,HU,22044,,22,243
3129000,Baides,Baides,Baides,41.00685,-2.7762,P,PPLA3,54,GU,19047,,19,59
3129004,Bahabón de Esgueva,Bahabon de Esgueva,"Bahabon de Esgueva,Bahabón de Esgueva",41.86162,-3.7298,P,PPLA3,55,BU,09033,,09,120
3129005,Bahabón,Bahabon,"Bahabon,Bahabón",41.48141,-4.27941,P,PPLA3,55,VA,47012,,47,202
3129007,Begur,Begur,"Bagur,Begur",41.95,3.21667,P,PPLA3,56,GI,17013,,17,3981
3129009,Bagüés,Bagues,,42.54935,-0.94577,P,PPLA3,52,Z,50041,,50,42
3129010,Báguena,Baguena,,41.04181,-1.35767,P,PPLA3,52,TE,44033,,44,395
3129019,Baells,Baells,Baells,41.95325,0.45956,P,PPLA3,52,HU,22043,,22,0
3129020,Badules,Badules,Badules,41.13901,-1.25366,P,PPLA3,52,Z,50040,,50,105
3129024,Bádenas,Badenas,"Badenas,Bádenas",41.09216,-1.12241,P,PPLA3,52,TE,44032,,44,20
3129025,Badarán,Badaran,"Badaran,Badarán",42.36794,-2.81079,P,PPLA3,27,LO,26023,,26,695
3129028,Badalona,Badalona,"Badalona,ba da lon a,ba da luo na,badallona,badalona,badalwna,badarona,Μπαδαλόνα,Бадалона,Բադալոնա,بادالونا,बाडालोना,บาดาโลนา,ბადალონა,バダロナ,巴达洛纳,바달로나",41.45004,2.24741,P,PPLA3,56,B,08015,,08,217741
3129037,Bakaiku,Bakaiku,"Bacaicoa,Bacáicoa,Bakaiku",42.89244,-2.10251,P,PPLA3,32,NA,31044,,31,0
3129039,Babilafuente,Babilafuente,Babilafuente,40.97704,-5.42554,P,PPLA3,55,SA,37038,,37,998
3129046,Azuqueca de Henares,Azuqueca de Henares,"Asukeka-de-Ehnares,Asukeka-de-Enares,Azuqueca,Azuqueca de Henares,a su ke ka de ai na lei si,Асукека-де-Енарес,Асукека-де-Энарес,阿苏克卡德埃纳雷斯",40.56566,-3.26753,P,PPLA3,54,GU,19046,,19,34685
3129049,Azuelo,Azuelo,,42.60844,-2.34987,P,PPLA3,32,NA,31043,,31,43
3129051,Azuara,Azuara,Azuara,41.25822,-0.87078,P,PPLA3,52,Z,50039,,50,672
3129059,Azpeitia,Azpeitia,"Aspejtia,Aspejtija,Azpeitia,a si pei di ya,asupeitia,athbytya,Аспейтиа,Аспейтія,أثبيتيا,アスペイティア,阿斯佩蒂亚",43.18246,-2.26693,P,PPLA3,59,SS,20018,,20,14786
3129065,Azofra,Azofra,"Asofra,Azofra,a suo fu la,Асофра,Ասոֆրա,阿索夫拉",42.424,-2.80086,P,PPLA3,27,LO,26022,,26,280
3129066,Azlor,Azlor,"Aflor,Azlor",42.09427,-0.04594,P,PPLA3,52,HU,22042,,22,151
3129071,Azkoitia,Azkoitia,"Azcoitia,Azkoitia",43.17744,-2.31129,P,PPLA3,59,SS,20017,,20,11266
3129081,Azara,Azara,Azara,42.07033,-0.02921,P,PPLA3,52,HU,22041,,22,194
3129086,Azagra,Azagra,Azagra,42.3,-1.9,P,PPLA3,32,NA,31042,,31,3756
3129097,Ayuela,Ayuela,Ayuela,42.62618,-4.65979,P,PPLA3,55,P,34020,,34,65
3129101,Ayoó de Vidriales,Ayoo de Vidriales,"Ayoo de Vidriales,Ayoó de Vidriales",42.13042,-6.0655,P,PPLA3,55,ZA,49018,,49,422
3129106,Ayllón,Ayllon,"Ayllon,Ayllón",41.41899,-3.37537,P,PPLA3,55,SG,40024,,40,1227
3129113,Ayegui,Ayegui,,42.65656,-2.03934,P,PPLA3,32,NA,31041,,31,1315
3129120,Aia,Aya,"Aia,Aya",43.23721,-2.14833,P,PPLA3,59,SS,20016,,20,0
3129126,Avión,Avion,"Avion,Avión,San Justo,Santos Justo y Pastor",42.37506,-8.2512,P,PPLA3,58,OR,32004,,32,2753
3129127,Avinyonet del Penedès,Avinyonet del Penedes,"Avinyonet,Avinyonet del Penedes,Avinyonet del Penedès",41.35,1.78333,P,PPLA3,56,B,08013,,08,0
3129128,Avinyó,Avinyo,"Avinyo,Avinyó",41.86367,1.97095,P,PPLA3,56,B,08012,,08,2093
3129129,Avinyonet de Puigventós,Avinyonet de Puigventos,"Avinyonet de Puigventos,Avinyonet de Puigventós",42.24984,2.91509,P,PPLA3,56,GI,17012,,17,0
3129136,Ávila,Avila,"AVJ,Abela,Abila,Abula,Aebura,Albicella,Avela,Avila,Avila de los Caballeros,Avila de los Leales,Avila de los Santos,Avila del Rey,Avilo,Obila,abira,Àvila,Ávila,Ávila de los Caballeros,Ávila de los Leales,Ávila de los Santos,Ávila del Rey,Авила,アビラ",40.65724,-4.69951,P,PPLA2,55,AV,05019,,05,57657
3129142,Avià,Avia,"Avia,Avià,Aviá",42.06667,1.85,P,PPLA3,56,B,08011,,08,0
3129148,Avellanosa de Muñó,Avellanosa de Muno,"Avellanosa de Muno,Avellanosa de Muñó",41.98349,-3.82553,P,PPLA3,55,BU,09032,,09,142
3129156,Avellaneda,Avellaneda,Avellaneda,40.38909,-5.38811,P,PPLA3,55,AV,05018,,05,41
3129161,Aveinte,Aveinte,Aveinte,40.78227,-4.83649,P,PPLA3,55,AV,05017,,05,109
3129169,Autol,Autol,Autol,42.21661,-2.00525,P,PPLA3,27,LO,26021,,26,4002
3129170,Autillo de Campos,Autillo de Campos,Autillo de Campos,42.08725,-4.83376,P,PPLA3,55,P,34019,,34,196
3129171,Autilla del Pino,Autilla del Pino,Autilla del Pino,41.99207,-4.63393,P,PPLA3,55,P,34018,,34,240
3129175,Ausejo de la Sierra,Ausejo de la Sierra,Ausejo de la Sierra,41.89462,-2.37394,P,PPLA3,55,SO,42028,,42,65
3129176,Ausejo,Ausejo,"Ausejo,Ausekho,Ausexo,ao sai huo,Аусехо,Աուսեխո,奥塞霍",42.3421,-2.1671,P,PPLA3,27,LO,26020,,26,877
3129182,Auñón,Aunon,"Aunon,Auñón",40.51752,-2.7925,P,PPLA3,54,GU,19045,,19,254
3129185,Aulesti,Aulesti,"Aulesti,Aulestia",43.3,-2.56667,P,PPLA3,59,BI,48070,,48,0
3129197,Atienza,Atienza,"At'ensa,Atientha,a di en sa,atyntha,Ατιένθα,Атьенса,Атьєнса,أتينثا,阿蒂恩萨",41.19722,-2.87129,P,PPLA3,54,GU,19044,,19,433
3129199,Ateca,Ateca,Ateca,41.33092,-1.79353,P,PPLA3,52,Z,50038,,50,2055
3129200,Atea,Atea,Atea,41.16059,-1.55533,P,PPLA3,52,Z,50037,,50,171
3129203,Ataun,Ataun,"Ataun,Atáun",43.00612,-2.17663,P,PPLA3,59,SS,20015,,20,1508
3129205,Ataquines,Ataquines,Ataquines,41.18247,-4.80319,P,PPLA3,55,VA,47011,,47,808
3129206,Atapuerca,Atapuerca,,42.37757,-3.5079,P,PPLA3,55,BU,09029,,09,201
3129222,Asturianos,Asturianos,Asturianos,42.05201,-6.4894,P,PPLA3,55,ZA,49017,,49,327
3129225,Astudillo,Astudillo,,42.1933,-4.29394,P,PPLA3,55,P,34017,,34,1185
3129231,Astorga,Astorga,"Astorga,Asturica Augusta,Асторга",42.45879,-6.05601,P,PPLA3,55,LE,24008,,24,12078
3129239,Astigarraga,Astigarraga,Astigarraga,43.28174,-1.94634,P,PPLA3,59,SS,20903,,20,4254
3129244,Asteasu,Asteasu,Asteasu,43.19436,-2.09818,P,PPLA3,59,SS,20014,,20,1371
3129254,Aspariegos,Aspariegos,Aspariegos,41.67458,-5.59955,P,PPLA3,55,ZA,49016,,49,306
3129255,Aspa,Aspa,Aspa,41.49472,0.67277,P,PPLA3,56,L,25036,,25,273
3129277,Ascó,Asco,"Asco,Ascó",41.18333,0.56667,P,PPLA3,56,T,43019,,43,1625
3129292,Arzúa,Arzua,"Arzua,Arzúa,Santa Maria,Santa María",42.9281,-8.1641,P,PPLA3,58,C,15006,,15,0
3129313,Artieda,Artieda,,42.58538,-0.98422,P,PPLA3,52,Z,50035,,50,0
3129322,Artesa de Segre,Artesa de Segre,Artesa de Segre,41.89467,1.04625,P,PPLA3,56,L,25034,,25,3657
3129329,Arteixo,Arteixo,,43.30482,-8.50749,P,PPLA3,58,C,15005,,15,29762
3129334,Artazu,Artazu,Artazu,42.69228,-1.83954,P,PPLA3,32,NA,31039,,31,100
3129343,Artajona,Artajona,"Artajona,Artaxoa",42.58867,-1.76504,P,PPLA3,32,NA,31038,,31,1639
3129350,Arrúbal,Arrubal,"Arrubal,Arrúbal",42.43485,-2.25143,P,PPLA3,27,LO,26019,,26,501
3129351,Arruazu,Arruazu,,42.92186,-2.00157,P,PPLA3,32,NA,31037,,31,103
3129355,Arroyomolinos de la Vera,Arroyomolinos de la Vera,"Arabo,Arroyomolinos de la Vera",40.05277,-5.85111,P,PPLA3,57,CC,10022,,10,553
3129362,Arroyo de las Fraguas,Arroyo de las Fraguas,Arroyo de las Fraguas,41.10246,-3.13005,P,PPLA3,54,GU,19042,,19,42
3129380,Arróniz,Arroniz,"Arroitz,Arroniz,Arróniz",42.58823,-2.09237,P,PPLA3,32,NA,31036,,31,1168
3129406,Arrigorriaga,Arrigorriaga,"Arrigorriaga,Arrigunaga,a li ge li ya jia,arayghwrygha,Арригорриага,Аррігорріага,أرايغوريغا,阿里戈里亚加",43.21006,-2.88562,P,PPLA3,59,BI,48011,,48,12435
3129422,Arredondo,Arredondo,Arredondo,43.27325,-3.60031,P,PPLA3,39,S,39007,,39,572
3129429,Arraya de Oca,Arraya de Oca,Arraya de Oca,42.41488,-3.39781,P,PPLA3,55,BU,09027,,09,50
3129434,Arrancacepas,Arrancacepas,Arrancacepas,40.3032,-2.35899,P,PPLA3,54,CU,16025,,16,39
3129444,Arrabalde,Arrabalde,"Arrabalde,Arrabalde de Vidriales",42.1076,-5.89441,P,PPLA3,55,ZA,49015,,49,351
3129447,Arquillinos,Arquillinos,Arquillinos,41.7099,-5.65708,P,PPLA3,55,ZA,49014,,49,155
3129460,Arnuero,Arnuero,"Arnuehro,Arnuero,a er nu ai luo,arnyrw,Арнуеро,Арнуэро,أرنيرو,阿尔努埃罗",43.47756,-3.56959,P,PPLA3,39,S,39006,,39,0
3129477,Arnedillo,Arnedillo,"Arnediello,Arnedil'jo,Arnedil'o,Arnedilio,a er nei di e,Арнедильо,Арнедільйо,Արնեդիլիո,阿尔内迪略",42.21221,-2.23602,P,PPLA3,27,LO,26017,,26,483
3129487,Armuña de Tajuña,Armuna de Tajuna,"Armuna de Tajuna,Armuña de Tajuña",40.52884,-3.02819,P,PPLA3,54,GU,19041,,19,129
3129488,Armuña,Armuna,"Armuna,Armuña",41.07715,-4.31949,P,PPLA3,55,SG,40022,,40,244
3129492,Armiñón,Arminon,"Araminon,Aramiñon,Arminon,Armiñón",42.72313,-2.87172,P,PPLA3,59,VI,01006,,01,157
3129504,Armenteros,Armenteros,Armenteros,40.5932,-5.44806,P,PPLA3,55,SA,37035,,37,305
3129524,Armañanzas,Armananzas,"Armanantzas,Armananzas,Armañantzas,Armañanzas",42.55963,-2.28476,P,PPLA3,32,NA,31035,,31,78
3129526,Armallones,Armallones,Armallones,40.7358,-2.30257,P,PPLA3,54,GU,19040,,19,60
3129541,Arlanzón,Arlanzon,"Arlanson,Arlanzon,Arlanzón,arlansn,arlanzwn,Арлансон,Արլանսոն,آرلانسن,أرلانزون",42.32267,-3.45784,P,PPLA3,55,BU,09026,,09,421
3129550,Ariza,Ariza,Ariza,41.31442,-2.05332,P,PPLA3,52,Z,50034,,50,1302
3129551,Aribe,Aribe,"Aribe,Arive",42.95,-1.25,P,PPLA3,32,NA,31034,,31,0
3129561,Ariño,Arino,,41.03019,-0.59206,P,PPLA3,52,TE,44029,,44,902
3129565,Arija,Arija,Arija,42.9935,-3.94497,P,PPLA3,55,BU,09025,,09,198
3129572,Aria,Aria,Aria,42.95283,-1.26584,P,PPLA3,32,NA,31033,,31,68
3129576,Argujillo,Argujillo,Argujillo,41.31156,-5.58763,P,PPLA3,55,ZA,49013,,49,344
3129579,Arguis,Arguis,Arguis,42.31476,-0.43967,P,PPLA3,52,HU,22037,,22,60
3129588,Arguedas,Arguedas,"Argedas,Arguedas,Arketas,a er ge da si,Аргедас,阿尔格达斯",42.17759,-1.59719,P,PPLA3,32,NA,31032,,31,2380
3129593,Argoños,Argonos,"Argon'jos,Argon'os,Argonos,Argoños,a er ge ni ao si,arghwnyws,Аргоньйос,Аргоньос,أرغونيوس,阿尔戈尼奥斯",43.4574,-3.49013,P,PPLA3,39,S,39005,,39,1380
3129607,Argentona,Argentona,Argentona,41.55336,2.40114,P,PPLA3,56,B,08009,,08,11633
3129611,Argente,Argente,Argente,40.68841,-1.16217,P,PPLA3,52,TE,44028,,44,254
3129615,Argelita,Argelita,"Argeleta,Argelita",40.05,-0.35,P,PPLA3,60,CS,12015,,12,120
3129616,Argelaguer,Argelaguer,,42.21563,2.64193,P,PPLA3,56,GI,17010,,17,371
3129617,Argecilla,Argecilla,Argecilla,40.88151,-2.82181,P,PPLA3,54,GU,19039,,19,98
3129619,Argavieso,Argavieso,Argavieso,42.05275,-0.27834,P,PPLA3,52,HU,22036,,22,125
3129626,Arganza,Arganza,Arganza,42.64077,-6.68627,P,PPLA3,55,LE,24007,,24,861
3129633,Argañín,Arganin,"Arganin,Argañín",41.43948,-6.20827,P,PPLA3,55,ZA,49012,,49,86
3129643,Arévalo de la Sierra,Arevalo de la Sierra,"Arevalo de la Sierra,Arevalo-de-la-S'erra,Arévalo de la Sierra,a lei wa luo de la xie la,Аревало-де-ла-Сьерра,Аревало-де-ла-Сьєрра,阿雷瓦洛德拉谢拉",41.94723,-2.40033,P,PPLA3,55,SO,42027,,42,95
3129644,Arévalo,Arevalo,"Arevalo,Arévalo,a lei wa luo,arbalw,arebaro,aryfalw,Аревало,آربالو,أريفالو,アレバロ,阿雷瓦洛",41.06255,-4.72042,P,PPLA3,55,AV,05016,,05,7689
3129645,Arevalillo de Cega,Arevalillo de Cega,Arevalillo de Cega,41.16174,-3.88911,P,PPLA3,55,SG,40021,,40,41
3129650,Areso,Areso,Areso,43.08209,-1.95198,P,PPLA3,32,NA,31031,,31,298
3129651,Ares del Maestre,Ares del Maestre,"Ares del Maestrat,Ares del Maestre",40.45675,-0.13267,P,PPLA3,60,CS,12014,,12,227
3129655,Ares,Ares,,43.42995,-8.24254,P,PPLA3,58,C,15004,,15,5342
3129658,Arenzana de Arriba,Arenzana de Arriba,Arenzana de Arriba,42.38745,-2.69494,P,PPLA3,27,LO,26016,,26,32
3129659,Arenzana de Abajo,Arenzana de Abajo,Arenzana de Abajo,42.38599,-2.7194,P,PPLA3,27,LO,26015,,26,252
3129665,Arenys de Lledó / Arens de Lledó,Arenys de Lledo / Arens de Lledo,"Arens de Lledo,Arens de Lledó,Arenys de Lledo,Arenys de Lledó",40.99244,0.27092,P,PPLA3,52,TE,44027,,44,224
3129676,Arenillas,Arenillas,Arenillas,41.34706,-2.84618,P,PPLA3,55,SO,42026,,42,29
3129678,Arenas de San Pedro,Arenas de San Pedro,"Arenas de San Pedro,Arenas-de-San-Pedro,a lei na si de sheng pei de luo,arnas d san pdrw,arynas dy san bydrw,Аренас де Сан Педро,Аренас-де-Сан-Педро,آرناس د سان پدرو,أريناس دي سان بيدرو,阿雷纳斯德圣佩德罗",40.21041,-5.08694,P,PPLA3,55,AV,05014,,05,6539
3129679,Arenas de Iguña,Arenas de Iguna,"Arenas de Iguna,Arenas de Iguña,Arenas-de-Igun'ja,Arenas-de-Igunija,Las Arenas,a lei na si de gu ni ya,arynas dy aghwynya,Аренас-де-Ігунья,Аренас-де-Игуния,أريناس دي أغوينيا,阿雷纳斯德古尼亚",43.18293,-4.04729,P,PPLA3,39,S,39004,,39,1906
3129688,Arellano,Arellano,Arellano,42.60598,-2.04653,P,PPLA3,32,NA,31030,,31,186
3129692,Aretxabaleta,Aretxabaleta,"Arechavaleta,Aretxabaleta",43.03414,-2.50456,P,PPLA3,59,SS,20013,,20,6319
3129703,Ardón,Ardon,"Ardon,Ardón",42.43629,-5.56048,P,PPLA3,55,LE,24006,,24,637
3129720,Arcos de la Sierra,Arcos de la Sierra,Arcos de la Sierra,40.34664,-2.1131,P,PPLA3,54,CU,16022,,16,109
3129721,Arcos de la Polvorosa,Arcos de la Polvorosa,Arcos de la Polvorosa,41.94389,-5.69731,P,PPLA3,55,ZA,49011,,49,274
3129723,Arcos de Jalón,Arcos de Jalon,"Arcos,Arcos de Jalon,Arcos de Jalón,Arcos de Xalon,Arcos de Xalón,Arkos-de-Khalon,a er ke si de ha long,Аркос-де-Халон,阿尔科斯德哈隆",41.21592,-2.2747,P,PPLA3,55,SO,42025,,42,1867
3129738,Arcos,Arcos,"Arcos de la Llana,Arkos,Arkos-de-la-L'jana,arks,arksh,Аркос,Аркос-де-ла-Льяна,آرکس,أركش",42.26664,-3.75458,P,PPLA3,55,BU,09023,,09,0
3129740,Arcones,Arcones,Arcones,41.11817,-3.72384,P,PPLA3,55,SG,40020,,40,266
3129743,Arconada,Arconada,Arconada,42.32774,-4.49617,P,PPLA3,55,P,34015,,34,50
3129756,Arcicóllar,Arcicollar,"Arcicollar,Arcicóllar",40.05517,-4.11638,P,PPLA3,54,TO,45015,,45,662
3129764,Arcenillas,Arcenillas,Arcenillas,41.45641,-5.68512,P,PPLA3,55,ZA,49010,,49,310
3129766,Arcediano,Arcediano,Arcediano,41.09379,-5.56055,P,PPLA3,55,SA,37033,,37,104
3129791,Arbúcies,Arbucies,"Arbucies,Arbúcies",41.81667,2.51667,P,PPLA3,56,GI,17009,,17,0
3129802,Arbo,Arbo,"Arbo,Santa Maria,Santa María,a er wo,arbw,arubo,Арбо,آربو,أربو,アルボ,阿尔沃",42.11667,-8.31667,P,PPLA3,58,PO,36001,,36,3973
3129803,Arbizu,Arbizu,Arbizu,42.91545,-2.03917,P,PPLA3,32,NA,31027,,31,973
3129807,Arbeteta,Arbeteta,Arbeteta,40.66999,-2.40236,P,PPLA3,54,GU,19038,,19,59
3129809,Arbeca,Arbeca,Arbeca,41.54153,0.92457,P,PPLA3,56,L,25029,,25,2058
3129813,Arbancón,Arbancon,,40.96434,-3.11505,P,PPLA3,54,GU,19037,,19,197
3129828,Arauzo de Torre,Arauzo de Torre,Arauzo de Torre,41.79818,-3.42314,P,PPLA3,55,BU,09022,,09,106
3129829,Arauzo de Salce,Arauzo de Salce,Arauzo de Salce,41.81919,-3.41191,P,PPLA3,55,BU,09021,,09,76
3129830,Arauzo de Miel,Arauzo de Miel,Arauzo de Miel,41.85878,-3.38773,P,PPLA3,55,BU,09020,,09,354
3129839,Aras,Aras,"Aras,Tres Aras",42.56172,-2.356,P,PPLA3,32,NA,31026,,31,221
3129841,Arapiles,Arapiles,Arapiles,40.89366,-5.64494,P,PPLA3,55,SA,37032,,37,509
3129843,Aranzueque,Aranzueque,Aranzueque,40.49094,-3.07448,P,PPLA3,54,GU,19036,,19,394
3129848,Arañuel,Aranuel,"Aranuel,Aranyel,Arañuel",40.06667,-0.48333,P,PPLA3,60,CS,12013,,12,187
3129855,Arano,Arano,Arano,43.19956,-1.89569,P,PPLA3,32,NA,31024,,31,0
3129857,Aranjuez,Aranjuez,"Aranchuesas,Aranguesia,Aranjuez,Arankhuehs,Arankhues,Arankhuez,a lan hu ai si,alanhueseu,aranfuesu,arnkhwyth,Аранхуез,Аранхуес,Аранхуэс,ארנחואס,آرنخويث,アランフエス,阿兰胡埃斯,아란후에스",40.03108,-3.60246,P,PPLA3,29,M,28013,,28,54055
3129864,Aranga,Aranga,"Aranga,San Pelayo",43.23469,-8.01705,P,PPLA3,58,C,15003,,15,2246
3129869,Arandilla del Arroyo,Arandilla del Arroyo,"Arandilla,Arandilla del Arroyo",40.51056,-2.38355,P,PPLA3,54,CU,16020,,16,36
3129872,Arandilla,Arandilla,Arandilla,41.73778,-3.42914,P,PPLA3,55,BU,09019,,09,188
3129875,Arándiga,Arandiga,"Arandiga,Arándiga",41.50872,-1.50074,P,PPLA3,52,Z,50032,,50,481
3129876,Aranda de Moncayo,Aranda de Moncayo,Aranda de Moncayo,41.57749,-1.79171,P,PPLA3,52,Z,50031,,50,214
3129877,Aranda de Duero,Aranda de Duero,"Aranda,Aranda de Duero,Aranda-de-Duehro,Aranda-de-Duero,aranda dy dwyrw,du luo he pan a lan da,Аранда-де-Дуеро,Аранда-де-Дуэро,أراندا دي دويرو,アランダ・デ・ドゥエロ,杜罗河畔阿兰达",41.67041,-3.6892,P,PPLA3,55,BU,09018,,09,33187
3129879,Arancón,Arancon,"Arancon,Aranconi vald,Arancón,Arancóni vald,Arankon,Arankona,Arankonas,a lan kong,arankon,arankwn,Аранкон,آرانکون,アランコン,阿兰孔",41.80017,-2.28141,P,PPLA3,55,SO,42024,,42,108
3129881,Arantza,Arantza,"Aranatz,Aranaz,Arantza",43.19623,-1.72494,P,PPLA3,32,NA,31022,,31,0
3129882,Aranarache,Aranarache,"Aranarache,Aranaratxe",42.77979,-2.22924,P,PPLA3,32,NA,31021,,31,82
3129892,Arama,Arama,Arama,43.06335,-2.1654,P,PPLA3,59,SS,20012,,20,161
3129895,Arahuetes,Arahuetes,Arahuetes,41.13762,-3.85664,P,PPLA3,55,SG,40019,,40,58
3129897,Aragüés del Puerto,Aragues del Puerto,,42.70641,-0.66999,P,PPLA3,52,HU,22032,,22,143
3129911,Elexalde,Elexalde,"Aracaldo,Arakaldo",43.15,-2.93333,P,PPLA3,59,BI,48005,,48,96
3129938,Antzuola,Anzuola,"Antzuola,Anzuola",43.09725,-2.37998,P,PPLA3,59,SS,20011,,20,0
3129954,Antillón,Antillon,"Antillon,Antillón",42.03639,-0.16239,P,PPLA3,52,HU,22029,,22,168
3129955,Antigüedad,Antiguedad,"Antiguedad,Antigüedad",41.94681,-4.12058,P,PPLA3,55,P,34012,,34,400
3129968,Ansó,Anso,"Anso,Ansó,Berari,an suo,Ансо,安索",42.75785,-0.82947,P,PPLA3,52,HU,22028,,22,519
3129980,Anquela del Pedregal,Anquela del Pedregal,Anquela del Pedregal,40.74336,-1.73697,P,PPLA3,54,GU,19034,,19,21
3129981,Anquela del Ducado,Anquela del Ducado,Anquela del Ducado,40.97084,-2.13066,P,PPLA3,54,GU,19033,,19,87
3129984,Añover de Tormes,Anover de Tormes,"Anover de Tormes,Añover de Tormes",41.13658,-5.91585,P,PPLA3,55,SA,37030,,37,100
3129987,Añorbe,Anorbe,,42.65732,-1.7149,P,PPLA3,32,NA,31018,,31,0
3129989,Anoeta,Anoeta,Anoeta,43.16241,-2.07107,P,PPLA3,59,SS,20010,,20,0
3130014,Anguix,Anguix,Anguix,41.75331,-3.93125,P,PPLA3,55,BU,09017,,09,138
3130016,Anguita,Anguita,Anguita,41.02659,-2.36849,P,PPLA3,54,GU,19032,,19,254
3130020,Anguiano,Anguiano,"Angiano,Anguiano,an ji ya nuo,Ангиано,Ангіано,Անգիանո,安吉亚诺",42.26381,-2.76463,P,PPLA3,27,LO,26014,,26,531
3130021,Angüés,Angues,"Angues,Angüés",42.11109,-0.15298,P,PPLA3,52,HU,22027,,22,419
3130025,Anguciana,Anguciana,Anguciana,42.57421,-2.90124,P,PPLA3,27,LO,26013,,26,335
3130031,Anglesola,Anglesola,Anglesola,41.65649,1.08286,P,PPLA3,56,L,25027,,25,1313
3130052,Anento,Anento,Anento,41.06958,-1.33375,P,PPLA3,52,Z,50028,,50,200
3130053,Añe,Ane,"Ane,Añe",41.03702,-4.29462,P,PPLA3,55,SG,40018,,40,124
3130067,Andorra,Andorra,Andorra,40.97655,-0.44721,P,PPLA3,52,TE,44025,,44,7890
3130070,Andoain,Andoain,"Andoain,Andoaín,Andoáin",43.21658,-2.0253,P,PPLA3,59,SS,20009,,20,14679
3130092,Ancín,Ancin,Antzin,42.66047,-2.18885,P,PPLA3,32,NA,31014,,31,396
3130097,Anchuelo,Anchuelo,Anchuelo,40.46527,-3.26838,P,PPLA3,29,M,28012,,28,540
3130109,Anaya de Alba,Anaya de Alba,Anaya de Alba,40.72828,-5.49266,P,PPLA3,55,SA,37029,,37,277
3130110,Anaya,Anaya,Anaya,40.99184,-4.3095,P,PPLA3,55,SG,40017,,40,137
3130119,Anadón,Anadon,"Anadon,Anadón",40.98225,-0.98367,P,PPLA3,52,TE,44024,,44,19
3130122,Amusquillo,Amusquillo,Amusquillo,41.74853,-4.30117,P,PPLA3,55,VA,47009,,47,162
3130123,Amusco,Amusco,Amusco,42.17306,-4.47018,P,PPLA3,55,P,34011,,34,494
3130124,Amurrio,Amurrio,"Amurio,Amurrio,a mu li ao,amwryw,Амурио,Амуррио,Амурріо,آموریو,أموريو,阿穆里奥",43.05,-3,P,PPLA3,59,VI,01002,,01,10286
3130128,Ampuero,Ampuero,"Ampuehro,Ampuero,ambyrw,ampwyrw,an pu ai luo,Ампуеро,Ампуэро,أمبيرو,امپوئرو,安普埃罗",43.34268,-3.41667,P,PPLA3,39,S,39002,,39,3713
3130130,Ampudia,Ampudia,Ampudia,41.91608,-4.78033,P,PPLA3,55,P,34010,,34,677
3130131,Amposta,Amposta,Amposta,40.70995,0.57856,P,PPLA3,56,T,43014,,43,21240
3130133,Amoroto,Amoroto,Amoroto,43.32634,-2.51349,P,PPLA3,59,BI,48004,,48,364
3130137,Amorebieta,Amorebieta,"Amorebieta,Amorebieta-Echano,Amorebieta-Etxano,Zornotza",43.21667,-2.73333,P,PPLA3,59,BI,48003,,48,17842
3130141,Amoeiro,Amoeiro,Amoeiro,42.41667,-7.95,P,PPLA3,58,OR,32002,,32,2354
3130146,Amieva,Amieva,"Am'eva,Ameva,Amieva,a mi ye wa,amyba,amyfa,Амьева,Амєва,آمیبا,أميفا,阿米耶瓦",43.24403,-5.0746,P,PPLA3,34,O,33003,,33,873
3130148,Amezketa,Amezqueta,"Amezketa,Amezqueta,Amézqueta",43.04813,-2.08541,P,PPLA3,59,SS,20008,,20,0
3130153,Ameyugo,Ameyugo,Ameyugo,42.65617,-3.0617,P,PPLA3,55,BU,09016,,09,98
3130172,Ambite,Ambite,Ambite,40.3319,-3.18034,P,PPLA3,29,M,28011,,28,381
3130176,Ambel,Ambel,Ambel,41.79472,-1.6152,P,PPLA3,52,Z,50027,,50,332
3130186,Amayuelas de Arriba,Amayuelas de Arriba,Amayuelas de Arriba,42.21108,-4.4888,P,PPLA3,55,P,34009,,34,38
3130191,Amavida,Amavida,Amavida,40.57371,-5.06541,P,PPLA3,55,AV,05012,,05,190
3130213,Altzaga,Alzaga,"Altzaga,Alzaga",43.06468,-2.154,P,PPLA3,59,SS,20906,,20,0
3130219,Alustante,Alustante,Alustante,40.61442,-1.6591,P,PPLA3,54,GU,19027,,19,278
3130240,Altafulla,Altafulla,,41.14286,1.37269,P,PPLA3,56,T,43012,,43,3975
3130241,Altable,Altable,Altable,42.60276,-3.07719,P,PPLA3,55,BU,09013,,09,60
3130246,Alkiza,Alquiza,"Alkiza,Alquiza",43.17263,-2.10923,P,PPLA3,59,SS,20006,,20,0
3130248,Alquézar,Alquezar,"Alquezar,Alquezra",42.17268,0.02586,P,PPLA3,52,HU,22024,,22,307
3130251,Alpens,Alpens,,42.1193,2.10135,P,PPLA3,56,B,08004,08109,08,0
3130252,Alpeñés,Alpenes,"Alpenes,Alpeñés",40.79958,-1.06625,P,PPLA3,52,TE,44020,,44,26
3130255,Alpedrete,Alpedrete,,40.65889,-4.02512,P,PPLA3,29,M,28010,,28,12797
3130257,Alpartir,Alpartir,Alpartir,41.42253,-1.38061,P,PPLA3,52,Z,50026,,50,604
3130259,Alpanseque,Alpanseque,Alpanseque,41.26505,-2.67064,P,PPLA3,55,SO,42023,,42,99
3130261,Alp,Alp,,42.37256,1.88699,P,PPLA3,56,GI,17006,17006,17,1724
3130262,Alovera,Alovera,Alovera,40.59368,-3.24529,P,PPLA3,54,GU,19024,,19,10734
3130267,Alonsotegi,Alonsotegi,"Alonsotegi,Alonsotegui,Alonsótegui",43.24483,-2.98759,P,PPLA3,59,BI,48912,,48,0
3130271,Alocén,Alocen,"Alocen,Alocén",40.57455,-2.74993,P,PPLA3,54,GU,19023,,19,181
3130272,Alobras,Alobras,Alobras,40.18169,-1.38731,P,PPLA3,52,TE,44019,,44,86
3130276,Almuniente,Almuniente,Almuniente,41.94949,-0.41173,P,PPLA3,52,HU,22023,,22,569
3130283,Almorox,Almorox,"Almora,Almorox",40.23423,-4.39044,P,PPLA3,54,TO,45013,,45,2319
3130284,Almonacid de Zorita,Almonacid de Zorita,Almonacid de Zorita,40.32932,-2.8504,P,PPLA3,54,GU,19022,,19,825
3130285,Almonacid de la Sierra,Almonacid de la Sierra,,41.39754,-1.32394,P,PPLA3,52,Z,50024,,50,904
3130287,Almonacid de la Cuba,Almonacid de la Cuba,Almonacid de la Cuba,41.28067,-0.79266,P,PPLA3,52,Z,50023,,50,300
3130291,Almohaja,Almohaja,Almohaja,40.60489,-1.438,P,PPLA3,52,TE,44018,,44,26
3130292,Almoguera,Almoguera,Almoguera,40.29713,-2.9824,P,PPLA3,54,GU,19021,,19,0
3130296,Almochuel,Almochuel,Almochuel,41.27992,-0.55067,P,PPLA3,52,Z,50021,,50,49
3130300,Almendral de la Cañada,Almendral de la Canada,"Almendral de la Canada,Almendral de la Cañada",40.18456,-4.74173,P,PPLA3,54,TO,45011,,45,375
3130302,Almendra,Almendra,Almendra,41.22922,-6.34068,P,PPLA3,55,SA,37028,,37,226
3130303,Almenar de Soria,Almenar de Soria,"Al'menar-de-Sorija,Almenar de Soria,a er mei na er de suo li ya,Альменар-де-Сория,Альменар-де-Сорія,阿尔梅纳尔德索里亚",41.6823,-2.20082,P,PPLA3,55,SO,42022,,42,339
3130304,Almenara de Tormes,Almenara de Tormes,Almenara de Tormes,41.0639,-5.8235,P,PPLA3,55,SA,37027,,37,260
3130305,Almenara de Adaja,Almenara de Adaja,Almenara de Adaja,41.21406,-4.67824,P,PPLA3,55,VA,47008,,47,40
3130306,Almenar,Almenar,Almenar,41.79604,0.56834,P,PPLA3,56,L,25021,,25,3540
3130310,Almazul,Almazul,"Al'masul',Almazul,a er ma su er,Альмасуль,阿尔马苏尔",41.574,-2.1462,P,PPLA3,55,SO,42021,,42,137
3130313,Almazán,Almazan,"Adnamantia,Al'masan,Al'mazan,Almasan,Almasana,Almasanas,Almasans,Almathan,Almazan,Almazani vald,Almazán,Almazáni vald,a lei ma sang,ai er ma shan zhen,ai er ma zhan zhen,almaZAN,almajana,almajhana,almasan,almasani,almazan,almazyn,arumasan,xal ma san,Αλμαθάν,Алмазан,Алмасан,Альмазан,Альмасан,אלמסאן,آلمازان,آلماسان,المازين,ܐܠܡܐܙܢ,अल्माजान,आल्माझान,അൽമസാൻ,අල්මසාන්,อัลมาซัน,ალმასანი,አልማዛን,アルマサン,愛爾瑪詹鎮,艾爾瑪善鎮,阿嘞玛桑,𐌰𐌻𐌼𐌰𐌶𐌰𐌽",41.48648,-2.53088,P,PPLA3,55,SO,42020,,42,5773
3130315,Almarza de Cameros,Almarza de Cameros,Almarza de Cameros,42.2165,-2.59873,P,PPLA3,27,LO,26012,,26,27
3130316,Almarza,Almarza,"Al'marsa,Almarsa,Almarza,a er ma sa,almaleusa,almarza,arumarusa,Альмарса,آلمارزا,アルマルサ,阿尔马萨,알마르사",41.94678,-2.469,P,PPLA3,55,SO,42019,,42,620
3130318,Almaraz de Duero,Almaraz de Duero,Almaraz de Duero,41.47505,-5.91654,P,PPLA3,55,ZA,49007,,49,440
3130322,Almanza,Almanza,"Al'mansa,Almanza,a er man sa,Альманса,阿尔曼萨",42.65825,-5.0362,P,PPLA3,55,LE,24004,,24,644
3130325,Almaluez,Almaluez,Almaluez,41.28932,-2.26871,P,PPLA3,55,SO,42018,,42,243
3130327,Almajano,Almajano,Almajano,41.85095,-2.3383,P,PPLA3,55,SO,42017,,42,185
3130330,Almadrones,Almadrones,Almadrones,40.90096,-2.77406,P,PPLA3,54,GU,19020,,19,116
3130332,Allueva,Allueva,Allueva,40.98533,-1.04258,P,PPLA3,52,TE,44023,,44,12
3130335,Alloza,Alloza,Alloza,40.96942,-0.52941,P,PPLA3,52,TE,44022,,44,679
3130343,Allo,Allo,Allo,42.56738,-2.02052,P,PPLA3,32,NA,31012,,31,1088
3130347,Allepuz,Allepuz,Allepuz,40.49295,-0.72478,P,PPLA3,52,TE,44021,,44,151
3130354,Allariz,Allariz,Allariz,42.19044,-7.80175,P,PPLA3,58,OR,32001,,32,5392
3130357,Aliud,Aliud,Aliud,41.65412,-2.25314,P,PPLA3,55,SO,42016,,42,31
3130360,Alique,Alique,Alique,40.58671,-2.64441,P,PPLA3,54,GU,19019,,19,38
3130361,Alió,Alio,"Alio,Alió",41.29422,1.30585,P,PPLA3,56,T,43010,,43,403
3130372,Aliaga,Aliaga,Aliaga,40.67411,-0.70333,P,PPLA3,52,TE,44017,,44,388
3130374,Alhóndiga,Alhondiga,"Alhondiga,Alhóndiga",40.52669,-2.82438,P,PPLA3,54,GU,19018,,19,242
3130376,Alhama de Aragón,Alhama de Aragon,"Alhama,Alhama de Aragon,Alhama de Aragón",41.29657,-1.89358,P,PPLA3,52,Z,50020,,50,1150
3130381,Algora,Algora,Algora,40.96324,-2.66688,P,PPLA3,54,GU,19017,,19,109
3130382,Algodre,Algodre,Algodre,41.56631,-5.60406,P,PPLA3,55,ZA,49006,,49,182
3130383,Algete,Algete,Algete,40.59711,-3.49743,P,PPLA3,29,M,28009,,28,20204
3130385,Algerri,Algerri,Algerri,41.81482,0.63633,P,PPLA3,56,L,25015,,25,495
3130389,Algar de Mesa,Algar de Mesa,Algar de Mesa,41.13494,-1.95964,P,PPLA3,54,GU,19016,,19,72
3130391,Algadefe,Algadefe,Algadefe,42.21931,-5.58419,P,PPLA3,55,LE,24002,,24,336
3130393,Alforque,Alforque,Alforque,41.32942,-0.38525,P,PPLA3,52,Z,50019,,50,82
3130395,Alforja,Alforja,Alforja,41.21108,0.97542,P,PPLA3,56,T,43009,,43,1493
3130397,Alfés,Alfes,"Alfes,Alfés",41.52143,0.6205,P,PPLA3,56,L,25014,,25,314
3130399,Alfaro,Alfaro,Alfaro,42.18032,-1.75016,P,PPLA3,27,LO,26011,,26,9574
3130405,Alfántega,Alfantega,,41.82832,0.14823,P,PPLA3,52,HU,22020,,22,117
3130406,Alfamén,Alfamen,"Alfamen,Alfamén",41.43919,-1.24458,P,PPLA3,52,Z,50018,,50,1523
3130408,Alfambra,Alfambra,Alfambra,40.54638,-1.03314,P,PPLA3,52,TE,44016,,44,648
3130409,Alfajarín,Alfajarin,"Alfajarin,Alfajarín",41.614,-0.7037,P,PPLA3,52,Z,50017,,50,1855
3130413,Alesón,Aleson,"Aleson,Alesón",42.40554,-2.68938,P,PPLA3,27,LO,26010,,26,118
3130414,Alesanco,Alesanco,Alesanco,42.41409,-2.81666,P,PPLA3,27,LO,26009,,26,423
3130415,Alerre,Alerre,Alerre,42.16468,-0.46369,P,PPLA3,52,HU,22019,,22,234
3130417,Alentisque,Alentisque,Alentisque,41.42059,-2.33189,P,PPLA3,55,SO,42015,,42,47
3130422,Alella,Alella,Alella,41.49379,2.29451,P,PPLA3,56,B,08003,,08,8859
3130427,Alegia,Alegria de Oria,"Alegia,Alegria de Oria,Alegría de Oria",43.10097,-2.09637,P,PPLA3,59,SS,20005,,20,0
3130447,Aldeonte,Aldeonte,Aldeonte,41.35092,-3.67847,P,PPLA3,55,SG,40016,,40,93
3130450,Aldehuela de Yeltes,Aldehuela de Yeltes,"Al'deuehla-de-El'tes,Al'deuela-de-El'tes,Aldehuela de Yeltes,a er de wei la de ai er te si,Альдеуела-де-Єльтес,Альдеуэла-де-Ельтес,阿尔德韦拉德埃尔特斯",40.66254,-6.24332,P,PPLA3,55,SA,37026,,37,243
3130455,Aldehuela de Liestos,Aldehuela de Liestos,Aldehuela de Liestos,41.0641,-1.70107,P,PPLA3,52,Z,50016,,50,31
3130456,Aldehuela del Codonal,Aldehuela del Codonal,Aldehuela del Codonal,41.05504,-4.53863,P,PPLA3,55,SG,40015,,40,0
3130458,Aldehuela de la Bóveda,Aldehuela de la Boveda,"Aldehuela de Boveda,Aldehuela de Bóveda,Aldehuela de la Boveda,Aldehuela de la Bóveda",40.85077,-6.0526,P,PPLA3,55,SA,37025,,37,336
3130471,Aldeavieja de Tormes,Aldeavieja de Tormes,Aldeavieja de Tormes,40.58307,-5.61705,P,PPLA3,55,SA,37024,,37,131
3130475,Aldeatejada,Aldeatejada,Aldeatejada,40.92168,-5.69273,P,PPLA3,55,SA,37023,,37,873
3130476,Aldeasoña,Aldeasona,"Aldeasona,Aldeasoña",41.47285,-4.05711,P,PPLA3,55,SG,40013,,40,77
3130477,Aldeaseca de la Frontera,Aldeaseca de la Frontera,Aldeaseca de la Frontera,40.94161,-5.20719,P,PPLA3,55,SA,37022,,37,327
3130479,Aldeaseca de Alba,Aldeaseca de Alba,Aldeaseca de Alba,40.81909,-5.44699,P,PPLA3,55,SA,37021,,37,104
3130480,Aldeaseca,Aldeaseca,Aldeaseca,41.04912,-4.81707,P,PPLA3,55,AV,05008,,05,308
3130482,Aldearrubia,Aldearrubia,Aldearrubia,41.00807,-5.49829,P,PPLA3,55,SA,37020,,37,509
3130483,Aldearrodrigo,Aldearrodrigo,Aldearrodrigo,41.10966,-5.80726,P,PPLA3,55,SA,37019,,37,184
3130485,Aldea Real,Aldea Real,Aldea Real,41.18553,-4.16559,P,PPLA3,55,SG,40012,,40,385
3130486,Aldeanueva de Santa Cruz,Aldeanueva de Santa Cruz,Aldeanueva de Santa Cruz,40.38189,-5.42142,P,PPLA3,55,AV,05007,,05,166
3130489,Aldeanueva del Codonal,Aldeanueva del Codonal,Aldeanueva del Codonal,41.08236,-4.54369,P,PPLA3,55,SG,40010,,40,189
3130491,Aldeanueva del Camino,Aldeanueva del Camino,Aldeanueva del Camino,40.2598,-5.92886,P,PPLA3,57,CC,10015,,10,864
3130492,Aldeanueva de la Vera,Aldeanueva de la Vera,Aldeanueva de la Vera,40.1271,-5.7015,P,PPLA3,57,CC,10014,,10,2352
3130493,Aldeanueva de la Sierra,Aldeanueva de la Sierra,Aldeanueva de la Sierra,40.6162,-6.10023,P,PPLA3,55,SA,37018,,37,115
3130494,Aldeanueva de Guadalajara,Aldeanueva de Guadalajara,Aldeanueva de Guadalajara,40.67988,-3.04438,P,PPLA3,54,GU,19015,,19,116
3130495,Aldeanueva de Figueroa,Aldeanueva de Figueroa,Aldeanueva de Figueroa,41.14809,-5.52404,P,PPLA3,55,SA,37017,,37,303
3130496,Aldeanueva de Ebro,Aldeanueva de Ebro,Aldeanueva de Ebro,42.22911,-1.88735,P,PPLA3,27,LO,26008,,26,2550
3130500,Aldeamayor de San Martín,Aldeamayor de San Martin,"Aldeamayor de San Martin,Aldeamayor de San Martín",41.51256,-4.63955,P,PPLA3,55,VA,47007,,47,1932
3130501,Aldealseñor,Aldealsenor,"Aldealsenor,Aldealseñor",41.8789,-2.31565,P,PPLA3,55,SO,42012,,42,47
3130502,Aldealpozo,Aldealpozo,"Al'deal'poso,Aldealposo,Aldealpozo,a er de ya er bo suo,arudearuposo,Альдеальпосо,アルデアルポソ,阿尔德亚尔波索",41.78258,-2.20416,P,PPLA3,55,SO,42011,,42,26
3130504,Aldealengua de Santa María,Aldealengua de Santa Maria,"Aldealengua de Santa Maria,Aldealengua de Santa María",41.46196,-3.46723,P,PPLA3,55,SG,40008,,40,80
3130505,Aldealengua,Aldealengua,Aldealengua,40.9809,-5.54922,P,PPLA3,55,SA,37016,,37,561
3130506,Aldealcorvo,Aldealcorvo,Aldealcorvo,41.24443,-3.79136,P,PPLA3,55,SG,40006,,40,20
3130511,Aldealafuente,Aldealafuente,"Al'dealafuehnte,Al'dealafuente,Aldealafuente,a er de ya la feng te,arudearafuente,Альдеалафуенте,Альдеалафуэнте,アルデアラフエンテ,阿尔德亚拉丰特",41.67194,-2.32522,P,PPLA3,55,SO,42009,,42,122
3130518,Aldea de San Miguel,Aldea de San Miguel,Aldea de San Miguel,41.46098,-4.6158,P,PPLA3,55,VA,47006,,47,212
3130522,Aldea del Obispo,Aldea del Obispo,Aldea del Obispo,40.70677,-6.79253,P,PPLA3,55,SA,37015,,37,401
3130523,Aldea del Fresno,Aldea del Fresno,,40.3236,-4.20319,P,PPLA3,29,M,28008,,28,1989
3130529,Aldeadávila de la Ribera,Aldeadavila de la Ribera,"Al'deadavila-de-la-Ribera,Aldeadavila de la Ribera,Aldeadávila de la Ribera,Aldeiadavila da Ribera,Aldeiadávila da Ribera,Alveavila de la Ribera,a er de ya da wei la de la li wei la,Альдеадавила-де-ла-Рибера,Альдеадавіла-де-ла-Рібера,阿尔德亚达维拉德拉里韦拉",41.21769,-6.61786,P,PPLA3,55,SA,37014,,37,1490
3130531,Aldeacipreste,Aldeacipreste,Aldeacipreste,40.3809,-5.89754,P,PPLA3,55,SA,37013,,37,189
3130549,Alcubilla de Nogales,Alcubilla de Nogales,"Alcubilla,Alcubilla de Nogales",42.12787,-5.92184,P,PPLA3,55,ZA,49004,,49,183
3130551,Alcubilla de las Peñas,Alcubilla de las Penas,"Al'kubil'ja-de-las-Pen'jas,Alcubilla de las Penas,Alcubilla de las Peñas,Alkuvilja de las Penjasa,a er ku wei li ya de la si pei ni ya si,alkwbyla dw las pnas,Алькубилья-де-лас-Пеньяс,Алькубілья-де-лас-Пеньяс,آلکوبیلا دو لاس پناس,阿尔库维利亚德拉斯佩尼亚斯",41.25129,-2.52684,P,PPLA3,55,SO,42008,,42,76
3130552,Alcubilla de Avellaneda,Alcubilla de Avellaneda,"Al'kubil'ja-de-Avel'janeda,Alcubilla de Avellaneda,a er ku wei li ya de ya wei li ya nei da,Алькубилья-де-Авельянеда,Алькубілья-де-Авельянеда,アルクビージャ・デ・アベジャネーダ,阿尔库维利亚德亚韦利亚内达",41.72593,-3.30471,P,PPLA3,55,SO,42007,,42,188
3130554,Alcubierre,Alcubierre,Alcubierre,41.80757,-0.45291,P,PPLA3,52,HU,22018,,22,432
3130557,Alcover,Alcover,"Alcober,Alcover",41.26267,1.1701,P,PPLA3,56,T,43005,,43,4431
3130560,Alcoroches,Alcoroches,Alcoroches,40.62669,-1.74629,P,PPLA3,54,GU,19013,,19,167
3130563,Alcorisa,Alcorisa,Alcoriza,40.8921,-0.38143,P,PPLA3,52,TE,44014,,44,3562
3130564,Alcorcón,Alcorcon,"Al'karkon,Al'korkon,Alcorcon,Alcorconum,Alcorcón,Alkorkon,Alkorkonas,Alkorkono,a er ke er kong,alkoleukon,alkwrkwn,arukorukon,Алкоркон,Алькаркон,Алькоркон,ألكوركون,アルコルコン,阿尔科尔孔,알코르콘",40.34582,-3.82487,P,PPLA3,29,M,28007,,28,172384
3130568,Alconchel de Ariza,Alconchel de Ariza,Alconchel de Ariza,41.20428,-2.12191,P,PPLA3,52,Z,50015,,50,124
3130570,Alconada de Maderuelo,Alconada de Maderuelo,Alconada de Maderuelo,41.45015,-3.48554,P,PPLA3,55,SG,40005,,40,57
3130571,Alconada,Alconada,Alconada,40.91092,-5.36305,P,PPLA3,55,SA,37012,,37,203
3130572,Alconaba,Alconaba,"Al'konaba,Alconaba,Alkonaba,Alkonava,a er ke na wa,alkwnaba,Альконаба,آلکونابا,阿尔科纳瓦",41.7236,-2.38483,P,PPLA3,55,SO,42006,,42,183
3130574,Alcolea del Pinar,Alcolea del Pinar,"Alcolea,Alcolea del Pinar",41.03569,-2.46645,P,PPLA3,54,GU,19011,,19,424
3130575,Alcolea de las Peñas,Alcolea de las Penas,"Alcolea de las Penas,Alcolea de las Peñas",41.2096,-2.78483,P,PPLA3,54,GU,19010,,19,23
3130576,Alcolea de Cinca,Alcolea de Cinca,,41.71944,0.11716,P,PPLA3,52,HU,22017,,22,1254
3130579,Alcohujate,Alcohujate,Alcohujate,40.41763,-2.6149,P,PPLA3,54,CU,16011,,16,82
3130580,Alcocero de Mola,Alcocero de Mola,"Alcocero,Alcocero de Mola",42.47222,-3.3579,P,PPLA3,55,BU,09010,,09,53
3130581,Alcocer,Alcocer,Alcocer,40.46972,-2.6094,P,PPLA3,54,GU,19009,,19,311
3130583,Alcobendas,Alcobendas,"Al'kobendas,Alcobendas,Alcovendae,Alkobendas,Alkobendasas,a er ke wen da si,alkobendaseu,alkwbyndas,arukobendasu,Алкобендас,Алькобендас,ألكوبينداس,アルコベンダス,阿尔科文达斯,알코벤다스",40.54746,-3.64197,P,PPLA3,29,M,28006,,28,116037
3130595,Alcazarén,Alcazaren,"Alcazaren,Alcazarén",41.37061,-4.67262,P,PPLA3,55,VA,47005,,47,711
3130596,Alcázar del Rey,Alcazar del Rey,"Alcazar del Rey,Alcázar del Rey",40.06289,-2.80782,P,PPLA3,54,CU,16010,,16,213
3130598,Alcarràs,Alcarras,"Alcarras,Alcarraz,Alcarràs,Alcarrás",41.56667,0.51667,P,PPLA3,56,L,25011,,25,5133
3130601,Alcantud,Alcantud,Alcantud,40.54818,-2.33258,P,PPLA3,54,CU,16009,,16,98
3130603,Alcanó,Alcano,"Alcano,Alcanó",41.48064,0.61659,P,PPLA3,56,L,25010,,25,251
3130606,Alcañiz,Alcaniz,"Al'kan'is,Alcaniz,Alcanyis,Alcanyiz,Alcanyís,Alcañiz,a er ka ni yi si,alkanyth,alknays,arukanisu,Альканьис,Альканьїс,ألكانيث,الكنائس,アルカニス,阿尔卡尼伊斯",41.05,-0.13333,P,PPLA3,52,TE,44013,,44,16392
3130607,Alcañices,Alcanices,"Al'kan'ises,Alcanices,Alcanizes,Alcañices,a er ka ni yi sai si,Альканьисес,Альканьїсес,阿尔卡尼伊塞斯",41.6994,-6.34647,P,PPLA3,55,ZA,49003,,49,1089
3130610,Alcanadre,Alcanadre,"Al'kanadre,Alcanadre,Alcanadro,Alcandre,Alecanadre,Alkanadre,a er ka na de lei,alkandr,Альканадре,Ալկանադրե,الکاندر,阿尔卡纳德雷",42.40492,-2.12073,P,PPLA3,27,LO,26007,,26,754
3130612,Alcalá de Moncayo,Alcala de Moncayo,"Alcala de Moncayo,Alcalá de Moncayo",41.7861,-1.69544,P,PPLA3,52,Z,50014,,50,152
3130613,Alcalá del Obispo,Alcala del Obispo,"Alcala del Obispo,Alcalá del Obispo",42.0773,-0.2912,P,PPLA3,52,HU,22015,,22,368
3130614,Alcalá de la Vega,Alcala de la Vega,"Alcala de la Vega,Alcalá de la Vega",40.03333,-1.51667,P,PPLA3,54,CU,16008,,16,154
3130615,Alcalá de la Selva,Alcala de la Selva,"Alcala de la Selva,Alcalá de la Selva",40.37183,-0.72015,P,PPLA3,52,TE,44012,,44,522
3130616,Alcalá de Henares,Alcala de Henares,"Al'kala-de-Ehnares,Al'kala-de-Enares,Al'kala-deh-Ehnarehs,Alcala de Henares,Alcalá de Henares,Alcála de Henares,Alkala de Enares,Alkala de Henaresas,Alkala nte Enares,Compluto,Complutum,Cómpluto,ai na lei si bao,alkala dy aynarys,alkalladeenaleseu,arukara・de・enaresu,xal ka lade xe na res,Αλκαλά ντε Ενάρες,Алкала де Енарес,Алькала-де-Енарес,Алькала-де-Энарес,Алькала-дэ-Энарэс,אלקלה דה אנארס,ألكالا دي إيناريس,الكالا دى ايناريس,อัลกาลาเดเอนาเรส,ალკალა-დე-ენარესი,アルカラ・デ・エナーレス,埃纳雷斯堡,알칼라데에나레스",40.48205,-3.35996,P,PPLA3,29,M,28005,,28,193751
3130617,Alcalá de Gurrea,Alcala de Gurrea,,42.06653,-0.68534,P,PPLA3,52,HU,22014,,22,295
3130618,Alcalá de Ebro,Alcala de Ebro,"Alcala de Ebro,Alcalá de Ebro",41.81495,-1.19429,P,PPLA3,52,Z,50013,,50,269
3130619,Alcalà de Xivert,Alcala de Xivert,"Alcala,Alcala de Chisvert,Alcala de Chivert,Alcala de Xivert,Alcalá de Chisvert",40.3,0.23333,P,PPLA3,60,CS,12004,,12,6615
3130623,Alcaine,Alcaine,Alcaine,40.95341,-0.70583,P,PPLA3,52,TE,44011,,44,62
3130628,Albornos,Albornos,Albornos,40.83795,-4.88129,P,PPLA3,55,AV,05005,,05,212
3130629,Alborge,Alborge,Alborge,41.33367,-0.35675,P,PPLA3,52,Z,50012,,50,128
3130634,Albons,Albons,,42.10389,3.08433,P,PPLA3,56,GI,17004,,17,558
3130639,Albiztur,Albiztur,"Albistur,Albiztur,Albístur",43.12933,-2.13649,P,PPLA3,59,SS,20004,,20,299
3130645,Albinyana,Albinyana,"Albinana,Albinyana,Albiñana",41.25,1.48333,P,PPLA3,56,T,43002,,43,0
3130646,Albillos,Albillos,,42.2768,-3.78908,P,PPLA3,55,BU,09009,,09,212
3130650,Albeta,Albeta,Albeta,41.82636,-1.49936,P,PPLA3,52,Z,50011,,50,163
3130652,Albesa,Albesa,Albesa,41.75282,0.65936,P,PPLA3,56,L,25008,,25,1540
3130653,Alberuela de Tubo,Alberuela de Tubo,Alberuela de Tubo,41.90846,-0.21418,P,PPLA3,52,HU,22013,,22,376
3130657,Albero Bajo,Albero Bajo,Albero Bajo,42.0238,-0.38018,P,PPLA3,52,HU,22012,,22,89
3130658,Albero Alto,Albero Alto,Albero Alto,42.05031,-0.3371,P,PPLA3,52,HU,22011,,22,119
3130659,Alberite de San Juan,Alberite de San Juan,Alberite de San Juan,41.82009,-1.47063,P,PPLA3,52,Z,50010,,50,103
3130660,Alberite,Alberite,"Al'berite,Alberit,Alberite,a er wei li te,albryt,Альберите,Альберіте,Ալբերիտե,البریت,阿尔韦里特",42.40704,-2.43894,P,PPLA3,27,LO,26006,,26,2289
3130669,Albendiego,Albendiego,Albendiego,41.22742,-3.05171,P,PPLA3,54,GU,19008,,19,37
3130670,Albendea,Albendea,Albendea,40.48751,-2.41747,P,PPLA3,54,CU,16006,,16,160
3130672,Albelda de Iregua,Albelda de Iregua,"Al'bel'da-de-Iregua,Al'bel'da-de-Iregva,Albelda de Iregua,a er wei er da de lei gua,Альбельда-де-Ірегуа,Альбельда-де-Ирегва,Альбельда-де-Ирегуа,Ալբելդա դե Իրեգուա,البيضاء,阿尔韦尔达德雷瓜",42.35837,-2.47278,P,PPLA3,27,LO,26005,,26,2644
3130673,Albelda,Albelda,Albelda,41.86542,0.45999,P,PPLA3,52,HU,22009,,22,877
3130679,Albarracín,Albarracin,"Al'barrasin,Albarasinas,Albarracin,Albarracín,Albarrasi,Albarrasí,Albarrazin,Albarrazín,a er wa la xin,arubarashin,bny alrzyn,Альбаррасин,Альбаррасін,بني الرزين,アルバラシン,阿尔瓦拉辛",40.40818,-1.44375,P,PPLA3,52,TE,44009,,44,1009
3130682,Albares,Albares,Albares,40.3069,-3.00897,P,PPLA3,54,GU,19007,,19,532
3130695,Albalatillo,Albalatillo,Albalatillo,41.73527,-0.15115,P,PPLA3,52,HU,22008,,22,259
3130696,Albalate de Zorita,Albalate de Zorita,Albalate de Zorita,40.30812,-2.84267,P,PPLA3,54,GU,19006,,19,780
3130697,Albalate de las Nogueras,Albalate de las Nogueras,"Albalate,Albalate de las Nogueras",40.36614,-2.27718,P,PPLA3,54,CU,16005,,16,378
3130698,Albalate del Arzobispo,Albalate del Arzobispo,Albalate del Arzobispo,41.12173,-0.51142,P,PPLA3,52,TE,44008,,44,2163
3130699,Albalate de Cinca,Albalate de Cinca,Albalat de Cinca,41.72521,0.15244,P,PPLA3,52,HU,22007,,22,1183
3130705,Alba de Yeltes,Alba de Yeltes,Alba de Yeltes,40.6718,-6.3166,P,PPLA3,55,SA,37009,,37,255
3130706,Alba de Tormes,Alba de Tormes,Alba de Tormes,40.82664,-5.51237,P,PPLA3,55,SA,37008,,37,4881
3130708,Alba de Cerrato,Alba de Cerrato,Alba de Cerrato,41.81276,-4.3647,P,PPLA3,55,P,34006,,34,99
3130716,Alba,Alba,Alba,40.61825,-1.34658,P,PPLA3,52,TE,44007,,44,249
3130721,Alarilla,Alarilla,Alarilla,40.84711,-3.1031,P,PPLA3,54,GU,19005,,19,121
3130723,Alar del Rey,Alar del Rey,"Alar del Rey,Alar-del'-Rej,a la er de er lei,Алар-дель-Рей,阿拉尔德尔雷",42.66037,-4.31271,P,PPLA3,55,P,34005,,34,1169
3130725,Alarba,Alarba,Alarba,41.20482,-1.61335,P,PPLA3,52,Z,50009,,50,141
3130726,Alaraz,Alaraz,Alaraz,40.74886,-5.28781,P,PPLA3,55,SA,37007,,37,610
3130728,Alaminos,Alaminos,Alaminos,40.86303,-2.72573,P,PPLA3,54,GU,19004,,19,84
3130730,Alameda del Valle,Alameda del Valle,Alameda del Valle,40.9187,-3.84243,P,PPLA3,29,M,28003,,28,217
3130739,Alagón,Alagon,"Alago,Alagon,Alagó,Alagón,a la gong,alaghwn,alagwn  zaragwza,Алагон,ألاغون,الاگون، زاراگوزا,阿拉贡",41.76964,-1.11906,P,PPLA3,52,Z,50008,,50,6141
3130741,Alaejos,Alaejos,Alaejos,41.30732,-5.21567,P,PPLA3,55,VA,47004,,47,1685
3130742,Aladrén,Aladren,"Aladren,Aladrén",41.24917,-1.15591,P,PPLA3,52,Z,50007,,50,71
3130744,Alacón,Alacon,"Alacon,Alacón",41.02575,-0.69782,P,PPLA3,52,TE,44006,,44,433
3130752,Ajamil,Ajamil,"Ajamil,Ajamil de Cameros,Akhamil',Akhamil'-de-Kameros,Axamil,a ha mi er de ka mei luo si,ajamyl,Ахамиль,Ахаміль-де-Камерос,Ախամիլ,اجامیل,阿哈米尔德卡梅罗斯",42.16705,-2.48752,P,PPLA3,27,LO,26004,,26,83
3130753,Ajalvir,Ajalvir,Ajalvir,40.53205,-3.47841,P,PPLA3,29,M,28002,,28,3096
3130762,Aizarnazabal,Aizarnazabal,"Aizarnazabal,Aizarnazábal",43.25591,-2.23607,P,PPLA3,59,SS,20003,,20,602
3130771,Ainzón,Ainzon,"Ainzon,Ainzón",41.81644,-1.51995,P,PPLA3,52,Z,50006,,50,1240
3130781,Aiguaviva,Aiguaviva,Aiguaviva,41.9384,2.76217,P,PPLA3,56,GI,17002,,17,608
3130790,Ahigal de Villarino,Ahigal de Villarino,Ahigal de Villarino,41.15819,-6.38037,P,PPLA3,55,SA,37004,,37,42
3130791,Ahigal de los Aceiteros,Ahigal de los Aceiteros,Ahigal de los Aceiteros,40.87231,-6.74702,P,PPLA3,55,SA,37003,,37,164
3130792,Ahigal,Ahigal,Ahigal,40.18954,-6.18815,P,PPLA3,57,CC,10006,,10,1583
3130796,Agullana,Agullana,Agullana,42.39408,2.84666,P,PPLA3,56,GI,17001,,17,769
3130810,Aguilón,Aguilon,"Aguilon,Aguilón",41.29467,-1.04634,P,PPLA3,52,Z,50005,,50,288
3130817,Aguilar de Segarra,Aguilar de Segarra,"Aguilar de Boixadors,Aguilar de Segarra",41.74822,1.62919,P,PPLA3,56,B,08002,,08,235
3130819,Aguilar del Río Alhama,Aguilar del Rio Alhama,"Agilar del Rio Alama,Agilar-del'-Rio-Al'khama,Agilar-del'-Rio-Alama,Aguilar,Aguilar de Rio Alhama,Aguilar del Rio Alhama,Aguilar del Río Alhama,a ji la er de er li ao a er a ma,agwlar dl ryw alhama,Агилар-дель-Рио-Алама,Агилар-дель-Рио-Альхама,Агілар-дель-Ріо-Алама,Ագիլար դել Ռիո Ալամա,اگولار دل ریو الهاما,اگویلار دیل ریو الہاما,阿吉拉尔德尔里奥阿尔阿马",41.96212,-1.9934,P,PPLA3,27,LO,26003,,26,700
3130820,Aguilar del Alfambra,Aguilar del Alfambra,"Aguilar,Aguilar de Alfambra,Aguilar del Alfambra",40.59027,-0.79589,P,PPLA3,52,TE,44005,,44,77
3130822,Aguilar de Codés,Aguilar de Codes,"Aguilar Kodes,Aguilar de Codes,Aguilar de Codés",42.61249,-2.38987,P,PPLA3,32,NA,31008,,31,113
3130823,Aguilar de Campos,Aguilar de Campos,Aguilar de Campos,41.98375,-5.18117,P,PPLA3,55,VA,47003,,47,327
3130824,Aguilar de Campoo,Aguilar de Campoo,Aguilar de Compoa,42.79452,-4.25892,P,PPLA3,55,P,34004,,34,7280
3130825,Aguilar de Bureba,Aguilar de Bureba,Aguilar de Bureba,42.58974,-3.32913,P,PPLA3,55,BU,09007,,09,71
3130828,Aguilafuente,Aguilafuente,Aguilafuente,41.22667,-4.11185,P,PPLA3,55,SG,40004,,40,750
3130842,Agüero,Agueero,"Aguehro,Aguero,Agüero,a ge luo,agwrw  haska,Агуеро,Агуэро,اگورو، هاسکا,اگورو، ہاسکا,阿格罗",42.35505,-0.79324,P,PPLA3,52,HU,22004,,22,154
3130874,Aguaviva,Aguaviva,"Aguaviva,Aiguaviva de Bergantes",40.82211,-0.19532,P,PPLA3,52,TE,44004,,44,668
3130875,Aguatón,Aguaton,"Aguaton,Aguatón",40.67158,-1.23475,P,PPLA3,52,TE,44003,,44,23
3130888,Aguasal,Aguasal,Aguasal,41.27495,-4.6529,P,PPLA3,55,VA,47002,,47,24
3130889,Aguarón,Aguaron,"Aguaron,Aguarón",41.33901,-1.27055,P,PPLA3,52,Z,50004,,50,795
3130909,Ágreda,Agreda,"Agreda,a ge lei da,ageuleda,agrda,agureda,Агреда,Аґреда,آگردا,アグレダ,阿格雷达,아그레다",41.85588,-1.92244,P,PPLA3,55,SO,42004,,42,3214
3130911,Agramunt,Agramunt,Agramunt,41.78686,1.09683,P,PPLA3,56,L,25003,,25,5351
3130916,Agoncillo,Agoncillo,Agoncillo,42.44667,-2.2898,P,PPLA3,27,LO,26002,,26,964
3130917,Agón,Agon,"Agon,Agón",41.85574,-1.45233,P,PPLA3,52,Z,50003,,50,191
3130920,Àger,Ager,"Ager,Àger",42,0.76667,P,PPLA3,56,L,25002,,25,503
3130924,Agallas,Agallas,Agallas,40.44867,-6.44176,P,PPLA3,55,SA,37002,,37,180
3130931,Aduna,Aduna,Aduna,43.20375,-2.05033,P,PPLA3,59,SS,20002,,20,0
3130938,Adrados,Adrados,Adrados,41.36816,-4.11186,P,PPLA3,55,SG,40003,,40,176
3130940,Adradas,Adradas,"Adradas,Adradasa,a de la da si,adeuladaseu,adoradasu,adradas,Адрадас,آدراداس,アドラーダス,阿德拉达斯,아드라다스",41.35098,-2.47373,P,PPLA3,55,SO,42003,,42,84
3130941,Adrada de Pirón,Adrada de Piron,"Adrada de Piron,Adrada de Pirón",41.05257,-4.05107,P,PPLA3,55,SG,40002,,40,43
3130942,Adrada de Haza,Adrada de Haza,Adrada de Haza,41.59454,-3.82327,P,PPLA3,55,BU,09003,,09,255
3130943,Adobes,Adobes,Adobes,40.67584,-1.67916,P,PPLA3,54,GU,19003,,19,73
3130946,Adiós,Adios,"Ad'os,Adios,Adiós,a di ao si,Адьос,Адіос,阿迪奥斯",42.68635,-1.73532,P,PPLA3,32,NA,31007,,31,161
3130950,Ademuz,Ademuz,"Ademus,Ademuz,Ademús,Aldemuz,a de mu si,admwz,adymwz,Адемус,أديموز,ادموز,阿德穆斯",40.06139,-1.28677,P,PPLA3,60,V,46001,,46,1140
3130958,Adanero,Adanero,"Adanero,a da nei luo,adanrw,adanyrw,Аданеро,آدانرو,أدانيرو,阿达内罗",40.94487,-4.60561,P,PPLA3,55,AV,05001,,05,321
3130962,Adalia,Adalia,Adalia,41.64894,-5.12107,P,PPLA3,55,VA,47001,,47,65
3130965,Adahuesca,Adahuesca,Adahuesca,42.1461,-0.00804,P,PPLA3,52,HU,22003,,22,169
3130995,Aceituna,Aceituna,Aceituna,40.15008,-6.33292,P,PPLA3,57,CC,10005,,10,629
3131003,Acebo,Acebo,Acebo,40.20105,-6.71689,P,PPLA3,57,CC,10003,,10,702
3131010,Acebedo,Acebedo,Acebedo,43.03969,-5.116,P,PPLA3,55,LE,24001,,24,0
3131018,Abusejo,Abusejo,Abusejo,40.709,-6.14074,P,PPLA3,55,SA,37001,,37,248
3131037,Ablitas,Ablitas,Ablitas,41.9745,-1.64053,P,PPLA3,32,NA,31006,,31,0
3131040,Ablanque,Ablanque,Ablanque,40.89818,-2.22523,P,PPLA3,54,GU,19002,,19,138
3131049,Abizanda,Abizanda,Abizanda,42.24236,0.19717,P,PPLA3,52,HU,22002,,22,130
3131056,Abiego,Abiego,Abiego,42.12094,-0.06873,P,PPLA3,52,HU,22001,,22,290
3131057,Abia de las Torres,Abia de las Torres,,42.42016,-4.42131,P,PPLA3,55,P,34003,,34,181
3131061,Abezames,Abezames,Abezames,41.62642,-5.42577,P,PPLA3,55,ZA,49002,,49,94
3131075,Abella de la Conca,Abella de la Conca,Abella de la Conca,42.16163,1.09228,P,PPLA3,56,L,25001,,25,190
3131090,Abejar,Abejar,"Abehara,Abejar,Abekhar,a wei ha er,abehaleu,abeharu,abkhar,Абехар,آبخار,アベハール,阿韋哈爾,아베하르",41.80755,-2.78407,P,PPLA3,55,SO,42001,,42,407
3131093,Abegondo,Abegondo,"Abegondo,Santa Eulalia",43.21667,-8.28333,P,PPLA3,58,C,15001,,15,5454
3131117,Abanto,Abanto,Abanto,41.13751,-1.69818,P,PPLA3,52,Z,50001,,50,152
3131126,Abánades,Abanades,"Abanades,Abánades",40.89261,-2.48526,P,PPLA3,54,GU,19001,,19,106
3131128,Ábalos,Abalos,"Abalos,Ábalos",42.57154,-2.70956,P,PPLA3,27,LO,26001,,26,304
3131131,Abaltzisketa,Abalcisqueta,"Abalcisqueta,Abaltzisketa",43.04744,-2.10532,P,PPLA3,59,SS,20001,,20,0
3131133,Abajas,Abajas,,42.6231,-3.58086,P,PPLA3,55,BU,09001,,09,37
3131135,Abáigar,Abaigar,"Abaigar,Abáigar",42.64823,-2.14182,P,PPLA3,32,NA,31001,,31,100
3131136,Abadín,Abadin,"Abadin,Abadín,Santa Maria,Santa María",43.36667,-7.48333,P,PPLA3,58,LU,27001,,27,3193
3131137,Abadiño,Abadino,"Abadiano,Abadiano Celayeta,Abadino,Abadino-Zelaieta,Abadiño,Abadiño-Zelaieta,Abandiano Celayeta",43.1511,-2.60942,P,PPLA3,59,BI,48001,,48,0
3131138,Abadía,Abadia,,40.25922,-5.97828,P,PPLA3,57,CC,10001,,10,288
3131141,Abades,Abades,Abades,40.91646,-4.26937,P,PPLA3,55,SG,40001,,40,907
3131144,Ababuj,Ababuj,Ababuj,40.54908,-0.80758,P,PPLA3,52,TE,44001,,44,92
6269610,Yerri,Yerri,,42.70161,-1.93806,P,PPLA3,32,NA,31260,,31,1436
6301900,Blancafort,Blancafort,,41.4374,1.15983,P,PPLA3,56,T,43029,,43,0
6324599,Valdelacalzada,Valdelacalzada,,38.88943,-6.70029,P,PPLA3,57,BA,06901,,06,2700
6324668,Areny de Noguera / Arén,Areny de Noguera / Aren,"Aren,Areny de Noguera,Areny de Noguera / Aren,Areny de Noguera / Arén,Arén",42.25817,0.72141,P,PPLA3,52,HU,22035,25234,22,0
6324686,Sopeira,Sopeira,,42.31615,0.74632,P,PPLA3,52,HU,22223,,22,0
6362987,Ceuta,Ceuta,"Ceuta,JCU,Seuta,Сеута",35.88919,-5.32042,P,PPLA,CE,CE,51001,,51,83179
6424298,Riu de Cerdanya,Riu de Cerdanya,,42.34541,1.82631,P,PPLA3,56,L,25913,25913,25,0
6424299,Urús,Urus,,42.35131,1.85343,P,PPLA3,56,GI,17206,17206,17,0
6424314,el Pont de Bar,el Pont de Bar,,42.3711,1.60538,P,PPLA3,56,L,25030,,25,0
6459081,Cabanes,Cabanes,Cabanes,42.30805,2.97766,P,PPLA3,56,GI,17030,,17,0
6543871,Alquerías del Niño Perdido,Alquerias del Nino Perdido,,39.89466,-0.12943,P,PPLA3,60,CS,12901,,12,3866
6544409,Benalup-Casas Viejas,Benalup-Casas Viejas,,36.34375,-5.8128,P,PPLA3,51,CA,11901,,11,6754
6544435,Ballesteros de Calatrava,Ballesteros de Calatrava,,38.8346,-3.9447,P,PPLA3,54,CR,13022,,13,0
6545034,Forcarei,Forcarei,,42.59233,-8.3509,P,PPLA3,58,PO,36018,,36,0
6559502,Pego,Pego,"Pego,byghw,pei ge,pgw,Пего,بيغو,پگو,佩戈",38.84305,-0.11707,P,PPLA3,60,A,03102,,03,11133
6559503,l'Alfàs del Pi,l'Alfas del Pi,"Alfas Del Pi,Alfaz,Alfaz del Pi,L'Alfas Del Pi",38.58055,-0.10321,P,PPLA3,60,A,03011,,03,21011
6559504,Deltebre,Deltebre,,40.71944,0.70835,P,PPLA3,56,T,43901,,43,11751
6559561,Sedella,Sedella,,36.86232,-4.03314,P,PPLA3,51,MA,29087,,29,0
6559641,Las Gabias,Las Gabias,,37.13548,-3.67029,P,PPLA3,51,GR,18905,,18,16369
6559645,San José del Valle,San Jose del Valle,,36.60554,-5.79895,P,PPLA3,51,CA,11902,,11,0
6559648,Camarles,Camarles,,40.78169,0.65509,P,PPLA3,56,T,43903,,43,0
6615214,Vall de Gallinera,Vall de Gallinera,,38.82313,-0.2417,P,PPLA3,60,A,03136,,03,0
6691868,Sondika,Sondika,,43.3002,-2.92442,P,PPLA3,59,BI,48904,,48,0
6692471,Los Realejos,Los Realejos,"Los-Realekhos,luo si lei ya lai huo si,lws ryalykhws,Лос-Реалехос,لوس رياليخوس,洛斯雷亚莱霍斯",28.38487,-16.58275,P,PPLA3,53,TF,38031,,38,36405
6693041,Sant Guim de Freixenet,Sant Guim de Freixenet,"Sant Guim de l'Estacio,Sant Guim de l'Estació",41.65573,1.42024,P,PPLA3,56,L,25192,,25,0
6693088,Pasaia,Pasaia,"Pasaja,Pasajes,Pasakhes,Passatge,basakhys,pa sai a,pasaia,Пасахес,Пасая,باساخيس,帕赛阿,파사이아",43.3253,-1.92707,P,PPLA3,59,SS,20064,,20,15990
6697035,Navas de San Juan,Navas de San Juan,,38.18382,-3.31598,P,PPLA3,51,J,23063,,23,5083
6697039,Basauri,Basauri,"Basauri,ba shao li,basauri,basawry,Басаури,Басаурі,باساوري,バサウリ,巴绍里",43.2397,-2.8858,P,PPLA3,59,BI,48015,,48,42657
6697214,Castrillón,Castrillon,"Kastril'jon,Kastril'on,ka si te li li weng,kastrywn,kastryyn,Кастрильон,Кастрільйон,كاستريون,کاستریین,卡斯特里利翁",43.54793,-5.99381,P,PPLA3,34,O,33016,,33,0
6697592,Novés,Noves,,40.04746,-4.27471,P,PPLA3,54,TO,45118,,45,0
6941013,Sahún,Sahun,,42.5759,0.46546,P,PPLA3,52,HU,22200,,22,323
6941410,Taberno,Taberno,,37.4688,-2.07736,P,PPLA3,51,AL,04089,,04,0
7115111,Corvera de Asturias,Corvera de Asturias,"Corvera,Korvera-de-Asturias,ke er wei la de a si tu li ya si,krbra d astwryas,kwrfyra dy astwryas,Корвера-де-Астуриас,Корвера-де-Астуріас,كورفيرا دي أستورياس,کربرا د آستوریاس,科尔韦拉德阿斯图里亚斯",43.53554,-5.88893,P,PPLA3,34,O,33020,,33,15955
7115256,San Isidro,San Isidro,"Paraje San Isidro,San Isidro de Albatera",38.17249,-0.83874,P,PPLA3,60,A,03904,,03,0
7288205,Vega del Codorno,Vega del Codorno,,40.42457,-1.91312,P,PPLA3,54,CU,16239,,16,0
7290411,Barreiros,Barreiros,,43.53321,-7.23342,P,PPLA3,58,LU,27005,,27,0
7290713,els Poblets,els Poblets,,38.85381,0.02103,P,PPLA3,60,A,03901,,03,3708
7302959,Navarredonda de Gredos,Navarredonda de Gredos,"Gredos,Navaredonda de Gredos,Navarredonda de Gredos,Navarredonda-de-Gredos,na wa lei dong da de ge lei duo si,nabardnda d grds,nafarydwnda dy ghrydws,Наваредонда де Гредос,Наварредонда-де-Гредос,ناباردندا د گردس,نافاريدوندا دي غريدوس,纳瓦雷东达德格雷多斯",40.36136,-5.13268,P,PPLA3,55,AV,05165,,05,0
7577022,Tres Cantos,Tres Cantos,"Tres Cantos,Tres-Kantos,Três Cantos,te lei si kan tuo si,trys santws,Трес-Кантос,تريس سانتوس,特雷斯坎托斯",40.60092,-3.70806,P,PPLA3,29,M,28903,,28,41896
7577023,Castellar del Riu,Castellar del Riu,,42.12299,1.77378,P,PPLA3,56,B,08050,,08,0
7577024,Senterada,Senterada,,42.32549,0.93641,P,PPLA3,56,L,25202,,25,0
7577025,Mendexa,Mendexa,"Mendeja,Mendexa",43.3459,-2.4842,P,PPLA3,59,BI,48063,,48,0
7577026,Capolat,Capolat,,42.0772,1.75352,P,PPLA3,56,B,08045,,08,0
7648466,Totalán,Totalan,,36.76526,-4.29707,P,PPLA3,51,MA,29092,,29,800
7778654,Jete,Jete,,36.79691,-3.6672,P,PPLA3,51,GR,18109,,18,0
7870357,Atanzón,Atanzon,,40.66697,-2.99686,P,PPLA3,54,GU,19043,,19,0
7874331,Etxebarria,Etxebarria,,43.25414,-2.47776,P,PPLA3,59,BI,48030,,48,0
7910918,Bakio,Bakio,,43.42917,-2.80881,P,PPLA3,59,BI,48012,,48,0
8063157,Pueblonuevo de Miramontes,Pueblonuevo de Miramontes,,40.0606,-5.37832,P,PPLA3,57,CC,10180,,10,0
8198696,Les Franqueses del Vallès,Les Franqueses del Valles,,41.61929,2.29829,P,PPLA3,56,B,08086,,08,0
8198720,San Tirso de Abres,San Tirso de Abres,,43.40873,-7.14317,P,PPLA3,34,O,33063,,33,0
8223953,Santiago de Alcántara,Santiago de Alcantara,,39.60661,-7.24402,P,PPLA3,57,CC,10169,,10,0
8468647,Moriles,Moriles,,37.4367,-4.60761,P,PPLA3,51,CO,14045,,14,0
8659148,Castroviejo,Castroviejo,,42.32938,-2.66122,P,PPLA3,27,LO,26044,,26,0
8659149,Daroca de Rioja,Daroca de Rioja,,42.37115,-2.58187,P,PPLA3,27,LO,26057,,26,0
9881943,Liendo,Liendo,"L'endo,Liendo,lian duo,yyndw,Льендо,Льєндо,Լիենդո,ييندو,连多",43.4008,-3.37029,P,PPLA3,39,S,39036,,39,0
9881945,Villanova,Villanova,Vilanova,42.54702,0.46183,P,PPLA3,52,HU,22249,,22,0
9881982,Gordexola,Gordexola,,43.1786,-3.076,P,PPLA3,59,BI,48042,,48,0
9881989,Liérganes,Lierganes,,43.34614,-3.74668,P,PPLA3,39,S,39037,,39,0
9882317,Sant Julià de Ramis,Sant Julia de Ramis,,42.02932,2.85338,P,PPLA3,56,GI,17169,,17,0
9883562,Olivenza,Olivenza,"Olivenca,Olivensa,Olivenza,Olivenza - Olivenca,Olivenza - Olivença,Olivença,alybnsa,ao li wen sa,awlayfynza,ollibensa,oribensa,Оливенза,Оливенса,Олівенса,أولايفينزا,الیبنسا,オリベンサ,奥利文萨,올리벤사",38.68269,-7.10046,P,PPLA3,57,BA,06095,,06,11977
9883586,Andosilla,Andosilla,,42.37729,-1.94267,P,PPLA3,32,NA,31015,,31,0
9883587,Muxika,Muxika,,43.28905,-2.68937,P,PPLA3,59,BI,48067,,48,0
10860498,Castellnou de Bages,Castellnou de Bages,,41.83444,1.83721,P,PPLA3,56,B,08062,,08,0
11071631,Callús,Callus,,41.78146,1.78401,P,PPLA3,56,B,08038,,08,0
11072213,Ubide,Ubide,,43.02396,-2.68759,P,PPLA3,59,BI,48088,,48,0
11257300,Font-Rubí,Font-Rubi,,41.4343,1.59096,P,PPLA3,56,B,08085,,08,0
11395738,Balanegra,Balanegra,,36.74886,-2.9097,P,PPLA3,51,AL,04904,,04,0
11395799,Tiétar,Tietar,,40.02945,-5.48192,P,PPLA3,57,CC,10904,,10,0
11550597,Barrio de San José Obrero,Barrio de San Jose Obrero,,38.02805,-1.04919,P,PPLA4,31,MU,30030,,30,198
11550598,Cabecicos,Cabecicos,,38.01389,-1.08105,P,PPLA4,31,MU,30030,,30,0
11593422,Sarriguren,Sarriguren,,42.81292,-1.59815,P,PPLA3,32,NA,31086,,31,14779
11593869,Rayaces,Rayaces,,41.92137,-4.71401,P,PPLA3,55,P,34010,,34,0
11837943,Asin,Asin,,42.28314,-1.04657,P,PPLA3,52,Z,50036,,50,0
11903742,Puente la Reina de Jaca,Puente la Reina de Jaca,,42.55908,-0.78759,P,PPLA3,52,HU,22902,,22,263
11903806,Albentosa,Albentosa,,40.10282,-0.76764,P,PPLA3,52,TE,44010,,44,0
11919589,Vilarnaz,Vilarnaz,,42.4005,-7.86306,P,PPLA3,58,OR,32026,,32,0
11920085,Beranuy,Beranuy,,42.36652,0.59418,P,PPLA3,52,HU,22246,,22,0
12035667,Solana de Torralba,Solana de Torralba,,37.98844,-3.17195,P,PPLA4,51,J,23092,,23,230
12041364,Acered,Acered,,41.1708,-1.604,P,PPLA3,52,Z,50002,,50,0
12041388,Argensola,Argensola,,41.598,1.44511,P,PPLA3,56,B,08008,,08,0
12148860,Cami Vell de Sant Mateu,Cami Vell de Sant Mateu,,39.01431,1.37377,P,PPLA3,07,PM,07046,,07,0
12148861,Cap Martinet,Cap Martinet,,38.91863,1.46026,P,PPLA3,07,PM,07026,,07,0
12261499,Los Morillas,Los Morillas,,37.29192,-2.1292,P,PPLA3,51,AL,04031,,04,0
13192192,Urbanizacion Casas Viejas,Urbanizacion Casas Viejas,,38.98289,-1.94065,P,PPLA3,54,AB,02003,,02,0
13192193,La Poblachuela,La Poblachuela,,38.96419,-3.95089,P,PPLA3,54,CR,13034,,13,0
13353316,Cantarranas,Cantarranas,"Caserio de Cantarranas,Caserío de Cantarranas,Dehesa de Cantarranas,Granja de Cantarranas",41.59161,-4.55006,P,PPLA3,55,VA,47175,,47,0
13645464,Fontscaldes,Fontscaldes,,41.33237,1.23246,P,PPLA3,56,T,43161,,43,0
