{"type":"FeatureCollection","features":[{"type":"Feature","properties":{"prov_code":"48","prov_name":"Bizkaia","acom_code":"16","acom_name":"País Vasco"},"geometry":{"type":"MultiPolygon","coordinates":[[[[-3.03753,42.98244],[-3.00433,42.98256],[-3.00108,42.9895],[-2.97362,42.98909],[-2.95558,42.9989],[-2.98571,42.99217],[-2.98579,43.01163],[-3.03272,43.0202],[-3.01834,43.03735],[-3.0292,43.0368],[-3.02847,43.04621],[-3.05004,43.04671],[-3.06533,43.023],[-3.09048,43.00947],[-3.08915,43.0015],[-3.07667,43.00869],[-3.06037,43.00321],[-3.03808,42.98238],[-3.03753,42.98244]]],[[[-3.14189,43.16115],[-3.11061,43.14311],[-3.02666,43.1611],[-3.01667,43.20262],[-3.03972,43.21067],[-3.02701,43.21719],[-3.00646,43.19601],[-2.98084,43.20179],[-2.96862,43.18186],[-2.94632,43.17043],[-2.95392,43.15945],[-2.93553,43.13602],[-2.97512,43.09904],[-2.89408,43.04653],[-2.86417,43.05174],[-2.76972,43.02686],[-2.7405,43.03419],[-2.73006,43.02406],[-2.70355,43.03106],[-2.68661,43.02186],[-2.66688,43.03143],[-2.63362,43.01991],[-2.6337,43.04482],[-2.66124,43.07391],[-2.63269,43.08701],[-2.58598,43.08137],[-2.50181,43.095],[-2.49622,43.12341],[-2.50972,43.16144],[-2.48411,43.1709],[-2.49794,43.21992],[-2.49412,43.2257],[-2.46325,43.22347],[-2.43658,43.24371],[-2.43901,43.25183],[-2.41806,43.2676],[-2.43901,43.29491],[-2.4126,43.32127],[-2.4323,43.33374],[-2.45974,43.33557],[-2.50947,43.37723],[-2.55035,43.37405],[-2.56269,43.39102],[-2.58335,43.38383],[-2.6014,43.39449],[-2.61877,43.39192],[-2.64631,43.41594],[-2.69568,43.40676],[-2.70499,43.41757],[-2.72351,43.41848],[-2.70988,43.42248],[-2.73871,43.42969],[-2.75206,43.45695],[-2.77674,43.44494],[-2.78595,43.44802],[-2.80625,43.43059],[-2.94691,43.43603],[-2.95546,43.42237],[-2.94642,43.41245],[-2.97047,43.41338],[-2.99135,43.39184],[-3.03953,43.37341],[-3.01259,43.34774],[-3.0155,43.34074],[-3.02765,43.34189],[-3.01025,43.33724],[-3.02072,43.32554],[-3.04379,43.33915],[-3.03141,43.33727],[-3.04096,43.34091],[-3.03188,43.34666],[-3.04617,43.34332],[-3.07285,43.3599],[-3.0457,43.35916],[-3.07226,43.36272],[-3.07757,43.35442],[-3.08293,43.36357],[-3.10356,43.36373],[-3.08408,43.37797],[-3.10945,43.36458],[-3.11477,43.35048],[-3.15329,43.35332],[-3.15733,43.30132],[-3.19321,43.29845],[-3.20945,43.28361],[-3.2645,43.29602],[-3.29112,43.29037],[-3.29494,43.30076],[-3.32369,43.29246],[-3.33241,43.30188],[-3.34313,43.29428],[-3.33858,43.27806],[-3.3831,43.27037],[-3.39595,43.24775],[-3.41358,43.24978],[-3.41253,43.24177],[-3.45015,43.23621],[-3.43312,43.20662],[-3.4334,43.17113],[-3.41761,43.13332],[-3.35021,43.15375],[-3.34118,43.16702],[-3.30984,43.1721],[-3.27777,43.19451],[-3.25327,43.19875],[-3.22409,43.17013],[-3.20813,43.17941],[-3.18617,43.16919],[-3.15863,43.17813],[-3.14101,43.16441],[-3.14189,43.16115]],[[-3.30369,43.25541],[-3.26517,43.26719],[-3.24918,43.25965],[-3.27078,43.23004],[-3.26572,43.20591],[-3.28482,43.19717],[-3.29681,43.20602],[-3.29266,43.24087],[-3.30409,43.25458],[-3.30369,43.25541]]]]}},{"type":"Feature","properties":{"prov_code":"06","prov_name":"Badajoz","acom_code":"11","acom_name":"Extremadura"},"geometry":{"type":"Polygon","coordinates":[[[-6.93156,38.20821],[-6.84843,38.17724],[-6.79509,38.17854],[-6.79954,38.1438],[-6.81581,38.12014],[-6.80782,38.11111],[-6.77005,38.11211],[-6.77364,38.10467],[-6.76493,38.106],[-6.77009,38.09946],[-6.75794,38.09268],[-6.73199,38.09005],[-6.71975,38.10062],[-6.71504,38.09249],[-6.68867,38.10023],[-6.65303,38.09648],[-6.6493,38.09002],[-6.64206,38.09753],[-6.6221,38.09701],[-6.58053,38.05277],[-6.58358,38.02128],[-6.54569,38.02812],[-6.49546,38.01922],[-6.49174,38.00947],[-6.47656,38.00783],[-6.46532,38.01121],[-6.46962,38.03112],[-6.44361,38.04696],[-6.45244,38.05596],[-6.4139,38.05856],[-6.39011,38.04843],[-6.36725,38.04892],[-6.35271,38.0074],[-6.30363,37.97834],[-6.25258,37.97159],[-6.23401,37.95802],[-6.20215,37.96221],[-6.18024,37.94103],[-6.16782,37.95582],[-6.11531,37.98177],[-6.07785,37.98463],[-6.04753,37.99729],[-6.0171,37.99112],[-5.9935,37.99955],[-5.95369,37.99535],[-5.93276,38.03077],[-5.93422,38.04687],[-5.91928,38.0498],[-5.90901,38.06307],[-5.91081,38.0782],[-5.9293,38.08921],[-5.92638,38.10501],[-5.91292,38.12269],[-5.88066,38.13228],[-5.87738,38.15572],[-5.85624,38.16166],[-5.85152,38.17191],[-5.79943,38.17458],[-5.7817,38.18588],[-5.75728,38.18056],[-5.72816,38.19742],[-5.7135,38.18585],[-5.69473,38.18652],[-5.68424,38.15706],[-5.69501,38.17109],[-5.70579,38.16938],[-5.69471,38.15035],[-5.71541,38.13383],[-5.736,38.13535],[-5.74074,38.12654],[-5.7349,38.08626],[-5.71043,38.08105],[-5.69363,38.08374],[-5.6325,38.13856],[-5.58479,38.13171],[-5.57586,38.14964],[-5.5601,38.14856],[-5.55068,38.16055],[-5.53967,38.16069],[-5.53871,38.2006],[-5.52038,38.20844],[-5.52596,38.26412],[-5.5444,38.28233],[-5.55553,38.31773],[-5.57565,38.32911],[-5.55925,38.36688],[-5.58507,38.38584],[-5.56892,38.43259],[-5.51972,38.46329],[-5.5058,38.45686],[-5.49171,38.46637],[-5.4846,38.46295],[-5.47952,38.48425],[-5.42736,38.51483],[-5.41862,38.51273],[-5.40693,38.5437],[-5.38317,38.54048],[-5.39272,38.55348],[-5.38358,38.55595],[-5.38981,38.56217],[-5.37569,38.56826],[-5.37175,38.58357],[-5.30851,38.57762],[-5.31023,38.59358],[-5.29224,38.61081],[-5.25443,38.62572],[-5.24746,38.63984],[-5.23912,38.63675],[-5.22291,38.64835],[-5.22378,38.65671],[-5.21475,38.64857],[-5.20884,38.66744],[-5.19943,38.65639],[-5.19688,38.6673],[-5.18423,38.65973],[-5.18576,38.67417],[-5.16732,38.68047],[-5.1845,38.7197],[-5.16661,38.71167],[-5.119,38.71614],[-5.09919,38.70765],[-5.03883,38.73331],[-4.98999,38.73976],[-4.96124,38.78845],[-4.94348,38.85438],[-4.91494,38.88744],[-4.84732,38.8824],[-4.83241,38.93891],[-4.88169,38.94922],[-4.90507,38.96331],[-4.91822,38.95704],[-4.93367,38.97558],[-4.9625,39.05873],[-4.93513,39.05642],[-4.87999,39.03242],[-4.86099,39.03178],[-4.84917,39.0455],[-4.83279,39.04616],[-4.82694,39.06412],[-4.85842,39.07683],[-4.8744,39.10043],[-4.85687,39.12328],[-4.85317,39.15244],[-4.83156,39.16423],[-4.83222,39.17508],[-4.81027,39.19942],[-4.77364,39.1895],[-4.74255,39.19452],[-4.64897,39.1649],[-4.66516,39.18612],[-4.70823,39.20987],[-4.71355,39.24432],[-4.73368,39.25254],[-4.7611,39.32072],[-4.70708,39.32798],[-4.70426,39.36444],[-4.66967,39.41661],[-4.68694,39.44973],[-4.75458,39.41662],[-4.77461,39.39719],[-4.81072,39.39645],[-4.84555,39.37921],[-4.86071,39.37974],[-4.87093,39.36831],[-4.902,39.3745],[-4.93515,39.39599],[-4.96362,39.39545],[-4.97464,39.39433],[-4.96909,39.38334],[-4.98418,39.37174],[-5.00888,39.37827],[-5.0196,39.36829],[-5.05383,39.36243],[-5.09301,39.39089],[-5.11358,39.38747],[-5.11699,39.34348],[-5.15572,39.31907],[-5.24762,39.30182],[-5.28309,39.31952],[-5.3399,39.33355],[-5.35538,39.26779],[-5.34715,39.23916],[-5.38431,39.1739],[-5.41381,39.15665],[-5.4286,39.16254],[-5.45984,39.15837],[-5.50111,39.18838],[-5.51458,39.20971],[-5.52814,39.19147],[-5.55086,39.21567],[-5.61324,39.18822],[-5.57656,39.15091],[-5.58438,39.13848],[-5.60135,39.13409],[-5.58698,39.11326],[-5.60463,39.10012],[-5.64694,39.1018],[-5.67156,39.07895],[-5.70163,39.08991],[-5.75518,39.1323],[-5.81037,39.14458],[-5.81643,39.11975],[-5.83345,39.11033],[-5.87208,39.10428],[-5.92472,39.08313],[-5.93736,39.08377],[-5.92666,39.10464],[-5.94229,39.10851],[-6.00931,39.05253],[-6.0186,39.12912],[-6.07862,39.0936],[-6.14217,39.03149],[-6.15885,39.05593],[-6.20293,39.05708],[-6.23091,39.08974],[-6.29485,39.0978],[-6.31197,39.11104],[-6.3077,39.14726],[-6.32417,39.18657],[-6.35319,39.17917],[-6.37169,39.16235],[-6.4151,39.16577],[-6.43869,39.17584],[-6.49112,39.16792],[-6.54036,39.1817],[-6.53994,39.15526],[-6.57425,39.15836],[-6.5741,39.16769],[-6.5844,39.17111],[-6.5801,39.1798],[-6.63337,39.19684],[-6.65974,39.19907],[-6.681,39.17715],[-6.75064,39.19404],[-6.7675,39.18837],[-6.79293,39.21186],[-6.80086,39.23942],[-6.76118,39.27661],[-6.74675,39.32175],[-6.79701,39.34451],[-6.79098,39.36836],[-6.80207,39.3895],[-6.88322,39.38276],[-6.97653,39.41177],[-6.99395,39.42534],[-7.04877,39.43666],[-7.06703,39.4143],[-7.00927,39.38848],[-7.03261,39.36764],[-7.02983,39.3515],[-7.04802,39.33351],[-7.04413,39.32693],[-7.07717,39.31018],[-7.08285,39.33557],[-7.1021,39.34637],[-7.09859,39.35912],[-7.07912,39.35141],[-7.06297,39.37227],[-7.07388,39.38122],[-7.11887,39.38366],[-7.1543,39.36751],[-7.17783,39.33122],[-7.16851,39.32015],[-7.15542,39.32966],[-7.1552,39.31445],[-7.20386,39.2657],[-7.23148,39.27826],[-7.24653,39.25644],[-7.24147,39.20825],[-7.2079,39.18732],[-7.13457,39.17121],[-7.14933,39.1212],[-7.14404,39.10863],[-7.10534,39.0992],[-7.03879,39.11839],[-6.99604,39.09929],[-6.96245,39.06057],[-6.96782,39.03949],[-6.95114,39.0236],[-7.02746,38.92294],[-7.05192,38.90709],[-7.03349,38.8788],[-7.03916,38.86466],[-7.06836,38.85418],[-7.0913,38.81913],[-7.12858,38.81366],[-7.16327,38.77953],[-7.19206,38.76698],[-7.20713,38.74565],[-7.25884,38.72384],[-7.27182,38.63792],[-7.26587,38.62793],[-7.2432,38.62348],[-7.3029,38.54412],[-7.32134,38.47982],[-7.31361,38.47399],[-7.30074,38.48271],[-7.2961,38.47612],[-7.33567,38.43606],[-7.31754,38.44038],[-7.27975,38.41968],[-7.27218,38.3959],[-7.20226,38.32903],[-7.16971,38.27945],[-7.15057,38.27585],[-7.13986,38.23541],[-7.08569,38.16948],[-7.06621,38.17901],[-7.06662,38.18647],[-7.05603,38.18534],[-7.05903,38.17771],[-7.04368,38.18722],[-7.0286,38.18251],[-7.01067,38.20462],[-6.98117,38.21134],[-6.97214,38.2021],[-6.95641,38.21709],[-6.94651,38.21172],[-6.93725,38.22053],[-6.93849,38.20756],[-6.93151,38.20831],[-6.93156,38.20821]]]}},{"type":"Feature","properties":{"prov_code":"30","prov_name":"Murcia","acom_code":"14","acom_name":"Región de Murcia"},"geometry":{"type":"MultiPolygon","coordinates":[[[[-1.63012,37.37523],[-1.5908,37.4021],[-1.55988,37.40439],[-1.55964,37.4113],[-1.54785,37.41091],[-1.51901,37.43178],[-1.48622,37.42292],[-1.47652,37.43141],[-1.4842,37.4356],[-1.48152,37.45255],[-1.45991,37.48635],[-1.42807,37.50369],[-1.40159,37.50722],[-1.39075,37.52479],[-1.32581,37.56282],[-1.27438,37.55588],[-1.25557,37.55772],[-1.24535,37.57636],[-1.2033,37.57393],[-1.17394,37.56297],[-1.16673,37.54219],[-1.11106,37.53408],[-1.12715,37.55213],[-1.1087,37.56933],[-1.09579,37.56884],[-1.07375,37.58414],[-1.01794,37.57284],[-1.00151,37.58959],[-0.98397,37.58439],[-0.98974,37.60141],[-0.97354,37.59709],[-0.98354,37.58908],[-0.97525,37.58835],[-0.97582,37.57726],[-0.95048,37.56831],[-0.96136,37.56352],[-0.97099,37.56921],[-0.97326,37.56139],[-0.97901,37.56721],[-0.97176,37.55965],[-0.91907,37.55426],[-0.87715,37.57711],[-0.84963,37.58208],[-0.82008,37.57501],[-0.78238,37.59465],[-0.73185,37.6015],[-0.71776,37.6069],[-0.70222,37.63026],[-0.6884,37.6326],[-0.70972,37.64131],[-0.73119,37.67784],[-0.73824,37.73461],[-0.72945,37.7386],[-0.73306,37.74692],[-0.72154,37.74027],[-0.74391,37.75696],[-0.74647,37.78075],[-0.75778,37.77952],[-0.74999,37.78057],[-0.74417,37.75094],[-0.73354,37.74654],[-0.74542,37.74815],[-0.73901,37.73733],[-0.74571,37.70623],[-0.72992,37.662],[-0.74027,37.65952],[-0.72615,37.66027],[-0.71986,37.64905],[-0.72768,37.63479],[-0.74422,37.63322],[-0.75079,37.64183],[-0.80277,37.6582],[-0.85703,37.71336],[-0.84483,37.74804],[-0.82704,37.7553],[-0.79706,37.78708],[-0.80316,37.79718],[-0.79628,37.8105],[-0.77566,37.81906],[-0.75221,37.7882],[-0.75827,37.81784],[-0.75086,37.82181],[-0.76233,37.84663],[-0.78122,37.84468],[-0.83032,37.86438],[-0.90018,37.92313],[-1.0226,38.07569],[-1.03675,38.13771],[-0.98887,38.19926],[-0.96765,38.27566],[-0.98899,38.32068],[-1.02822,38.33845],[-1.0843,38.3462],[-1.08776,38.40687],[-1.08537,38.42915],[-1.07721,38.43147],[-1.09412,38.43795],[-1.05937,38.45575],[-1.01396,38.49673],[-1.026,38.52282],[-1.00145,38.57263],[-1.01604,38.63512],[-1.0261,38.65567],[-1.11578,38.71141],[-1.11967,38.73769],[-1.18378,38.75508],[-1.24969,38.73865],[-1.28374,38.70717],[-1.34308,38.67741],[-1.36655,38.70397],[-1.3838,38.69923],[-1.42169,38.67706],[-1.44768,38.64948],[-1.45202,38.58146],[-1.48777,38.56321],[-1.49875,38.53207],[-1.47991,38.47979],[-1.47843,38.37644],[-1.54183,38.34301],[-1.55876,38.32504],[-1.5895,38.3099],[-1.66971,38.31177],[-1.69323,38.33755],[-1.68146,38.34962],[-1.68771,38.36543],[-1.70396,38.3747],[-1.71915,38.36303],[-1.74486,38.38077],[-1.75234,38.37504],[-1.77197,38.37838],[-1.77028,38.36425],[-1.79451,38.36894],[-1.78408,38.35585],[-1.81125,38.35129],[-1.82633,38.33347],[-1.851,38.33337],[-1.90745,38.2977],[-1.98258,38.28118],[-2.04857,38.30569],[-2.11288,38.23768],[-2.16831,38.22641],[-2.21329,38.20205],[-2.26567,38.10884],[-2.32813,38.06837],[-2.34188,38.0384],[-2.34122,38.02583],[-2.29837,38.0028],[-2.28369,37.96941],[-2.24738,37.93422],[-2.19467,37.90975],[-2.17215,37.88865],[-2.12489,37.90028],[-2.09727,37.8769],[-2.05709,37.88085],[-2.02156,37.8682],[-1.99494,37.88027],[-1.97422,37.86847],[-1.99565,37.84023],[-2.00884,37.77495],[-1.99583,37.72805],[-2.01265,37.7006],[-2.01192,37.67254],[-1.97681,37.61873],[-1.84509,37.45502],[-1.80856,37.43353],[-1.81176,37.45156],[-1.73708,37.44263],[-1.64087,37.38239],[-1.63012,37.37523]]],[[[-0.79844,37.69699],[-0.80334,37.70281],[-0.79847,37.69786],[-0.79844,37.69699]]],[[[-0.77139,37.69099],[-0.76476,37.69171],[-0.77127,37.70291],[-0.77213,37.69139],[-0.77139,37.69099]]]]}},{"type":"Feature","properties":{"prov_code":"15","prov_name":"A Coruña","acom_code":"12","acom_name":"Galicia"},"geometry":{"type":"MultiPolygon","coordinates":[[[[-7.6998,43.73515],[-7.68644,43.7431],[-7.69165,43.74986],[-7.67642,43.77025],[-7.66173,43.77673],[-7.68884,43.79134],[-7.68727,43.77654],[-7.71529,43.76649],[-7.72545,43.74675],[-7.75017,43.74657],[-7.78105,43.73296],[-7.79264,43.73656],[-7.80117,43.72231],[-7.81261,43.72645],[-7.81211,43.71446],[-7.82953,43.71017],[-7.81493,43.69515],[-7.82123,43.70073],[-7.83768,43.69606],[-7.82716,43.70116],[-7.83404,43.71105],[-7.83982,43.70299],[-7.86042,43.70662],[-7.86824,43.6979],[-7.86085,43.68311],[-7.84314,43.67252],[-7.88434,43.66276],[-7.90448,43.67135],[-7.88657,43.67766],[-7.87186,43.67199],[-7.87164,43.6806],[-7.89197,43.68471],[-7.87756,43.68784],[-7.87983,43.70069],[-7.86935,43.70717],[-7.87779,43.72119],[-7.8537,43.70805],[-7.84987,43.71765],[-7.872,43.73534],[-7.86214,43.73414],[-7.85922,43.75996],[-7.86853,43.77368],[-7.88915,43.76312],[-7.90457,43.76887],[-7.92273,43.74323],[-7.94657,43.74406],[-7.95274,43.72805],[-8.00039,43.70511],[-8.03298,43.71459],[-8.06392,43.70417],[-8.07585,43.66041],[-8.07027,43.65521],[-8.05576,43.65975],[-8.05387,43.64894],[-8.06993,43.65119],[-8.07729,43.64421],[-8.09296,43.66632],[-8.10095,43.64799],[-8.12265,43.64391],[-8.15551,43.61528],[-8.17373,43.61247],[-8.18843,43.62113],[-8.19223,43.60329],[-8.2603,43.55781],[-8.29993,43.55727],[-8.30988,43.56937],[-8.32208,43.56514],[-8.32397,43.55449],[-8.31464,43.55532],[-8.29639,43.53487],[-8.30334,43.52572],[-8.32406,43.52555],[-8.33173,43.51305],[-8.31984,43.49718],[-8.34804,43.46371],[-8.34103,43.45835],[-8.317,43.47057],[-8.29774,43.46087],[-8.2669,43.46776],[-8.25925,43.48768],[-8.24679,43.49338],[-8.24859,43.47619],[-8.23144,43.48137],[-8.23341,43.47144],[-8.21359,43.48399],[-8.2007,43.47726],[-8.18615,43.48505],[-8.19457,43.48915],[-8.17245,43.49775],[-8.16869,43.51542],[-8.15137,43.5175],[-8.1565,43.50288],[-8.17005,43.49822],[-8.16304,43.49669],[-8.1696,43.48052],[-8.18295,43.48301],[-8.19237,43.46407],[-8.2314,43.45509],[-8.23372,43.46218],[-8.25465,43.46613],[-8.267,43.45485],[-8.27351,43.46339],[-8.31258,43.45429],[-8.30274,43.44675],[-8.31652,43.44508],[-8.27951,43.4365],[-8.25925,43.41786],[-8.24074,43.41884],[-8.23337,43.42927],[-8.21635,43.41808],[-8.19823,43.42662],[-8.17355,43.41973],[-8.17562,43.41207],[-8.20572,43.40924],[-8.22304,43.38679],[-8.20885,43.3627],[-8.22049,43.35344],[-8.2018,43.33575],[-8.21374,43.33984],[-8.20882,43.32784],[-8.25201,43.34986],[-8.25042,43.36271],[-8.24226,43.363],[-8.27266,43.38692],[-8.29652,43.3852],[-8.30679,43.40543],[-8.35529,43.39035],[-8.34781,43.38541],[-8.35554,43.38069],[-8.33781,43.37704],[-8.35607,43.34354],[-8.38704,43.33948],[-8.38067,43.35612],[-8.40402,43.36368],[-8.39822,43.36966],[-8.37429,43.36505],[-8.40147,43.38946],[-8.41157,43.38503],[-8.40886,43.36926],[-8.43976,43.3815],[-8.45883,43.37076],[-8.45719,43.35971],[-8.4775,43.35225],[-8.4933,43.36039],[-8.50587,43.33063],[-8.53503,43.31596],[-8.56804,43.31181],[-8.60718,43.32234],[-8.71159,43.28997],[-8.72645,43.29891],[-8.74765,43.2943],[-8.78537,43.30403],[-8.84113,43.34528],[-8.84857,43.31949],[-8.87357,43.32254],[-8.87546,43.3125],[-8.8845,43.32015],[-8.9118,43.32092],[-8.90613,43.29527],[-8.9254,43.29367],[-8.92779,43.28195],[-8.95716,43.29361],[-8.99129,43.27474],[-8.97686,43.26199],[-8.95276,43.26347],[-8.93975,43.22687],[-8.98084,43.22935],[-8.9966,43.21634],[-9.01286,43.23346],[-9.00995,43.22457],[-9.02277,43.2136],[-9.03244,43.21556],[-9.03936,43.19664],[-9.05947,43.18509],[-9.09067,43.18062],[-9.08656,43.1891],[-9.09849,43.19313],[-9.10697,43.18531],[-9.11867,43.19623],[-9.14986,43.19537],[-9.16136,43.18327],[-9.17466,43.19134],[-9.18021,43.16831],[-9.19909,43.15459],[-9.21408,43.16185],[-9.20557,43.13066],[-9.19293,43.12217],[-9.17828,43.12441],[-9.18464,43.12861],[-9.16493,43.15287],[-9.16732,43.13246],[-9.15819,43.1266],[-9.16687,43.1058],[-9.18383,43.1032],[-9.19008,43.09004],[-9.22027,43.11395],[-9.22082,43.08857],[-9.23667,43.09103],[-9.24369,43.0846],[-9.24764,43.09283],[-9.25771,43.09074],[-9.24954,43.07146],[-9.26223,43.04838],[-9.28558,43.04676],[-9.29291,43.05882],[-9.30134,43.04945],[-9.28712,43.04349],[-9.27752,43.01057],[-9.26638,43.01193],[-9.25723,43.00238],[-9.26118,42.97318],[-9.28363,42.95497],[-9.29791,42.92317],[-9.27549,42.91027],[-9.28189,42.89165],[-9.27327,42.88006],[-9.25568,42.9093],[-9.26224,42.90672],[-9.26241,42.91967],[-9.23334,42.9268],[-9.23332,42.94092],[-9.21801,42.94153],[-9.2091,42.9164],[-9.18905,42.91531],[-9.19099,42.9519],[-9.1728,42.94386],[-9.16061,42.91175],[-9.12548,42.90561],[-9.14316,42.89627],[-9.15022,42.87216],[-9.13828,42.8499],[-9.11755,42.84639],[-9.10819,42.8355],[-9.11218,42.81299],[-9.15105,42.79805],[-9.13457,42.7907],[-9.1158,42.75429],[-9.10217,42.75566],[-9.0865,42.73779],[-9.07692,42.74083],[-9.07558,42.75709],[-9.05875,42.75829],[-9.04789,42.76968],[-9.06388,42.78691],[-9.04623,42.78586],[-9.02018,42.80071],[-9.01141,42.79491],[-9.01788,42.78104],[-8.98168,42.77807],[-8.97484,42.79135],[-8.96312,42.77857],[-8.93134,42.80731],[-8.92479,42.79769],[-8.9088,42.79649],[-8.90125,42.82894],[-8.89116,42.81552],[-8.87572,42.82891],[-8.87942,42.81609],[-8.90416,42.81383],[-8.90011,42.8071],[-8.89687,42.81396],[-8.89864,42.79637],[-8.93616,42.77854],[-8.9539,42.74881],[-8.99102,42.74046],[-9.0338,42.6952],[-9.04034,42.63779],[-9.06117,42.61769],[-9.06451,42.60034],[-9.07921,42.59808],[-9.07926,42.58012],[-9.09137,42.57632],[-9.07394,42.56643],[-9.05775,42.57776],[-9.03926,42.56556],[-9.02972,42.54838],[-9.04284,42.51737],[-9.01337,42.52321],[-9.01095,42.51814],[-8.98968,42.53529],[-8.9883,42.56584],[-8.96298,42.56913],[-8.95425,42.58452],[-8.91988,42.587],[-8.93729,42.60709],[-8.93023,42.60522],[-8.93357,42.61378],[-8.90246,42.63327],[-8.89892,42.64456],[-8.87349,42.63238],[-8.88768,42.61052],[-8.85747,42.60631],[-8.85893,42.6266],[-8.83775,42.63236],[-8.86107,42.64616],[-8.85204,42.66522],[-8.84,42.66112],[-8.84245,42.68676],[-8.82888,42.6664],[-8.81266,42.66646],[-8.82156,42.64506],[-8.79513,42.63657],[-8.77007,42.65297],[-8.74707,42.65082],[-8.7183,42.706],[-8.67818,42.71163],[-8.65094,42.72915],[-8.62396,42.71425],[-8.60664,42.71515],[-8.59993,42.74312],[-8.55497,42.74651],[-8.55654,42.7606],[-8.53377,42.7518],[-8.49423,42.75671],[-8.47036,42.74368],[-8.40733,42.75402],[-8.41466,42.7666],[-8.39963,42.78068],[-8.39144,42.77668],[-8.39208,42.78936],[-8.35472,42.77882],[-8.33163,42.79443],[-8.33044,42.82732],[-8.34604,42.83226],[-8.3395,42.84067],[-8.32975,42.84209],[-8.32529,42.83119],[-8.3151,42.84585],[-8.31032,42.83044],[-8.29299,42.82886],[-8.29959,42.8189],[-8.28058,42.81087],[-8.25457,42.8367],[-8.24575,42.8276],[-8.23518,42.83285],[-8.20727,42.82516],[-8.2208,42.84429],[-8.20551,42.84329],[-8.18327,42.86014],[-8.13906,42.84311],[-8.12061,42.85049],[-8.11685,42.84119],[-8.07508,42.85331],[-8.0603,42.84308],[-8.06415,42.83684],[-8.04593,42.83149],[-8.02431,42.84716],[-7.99543,42.85036],[-7.97789,42.87743],[-7.95618,42.88446],[-7.93551,42.90346],[-7.94332,42.91735],[-7.9163,42.9323],[-7.90531,42.9854],[-7.94299,43.06762],[-7.91683,43.08827],[-7.93707,43.1118],[-7.95025,43.17726],[-7.96139,43.18984],[-7.92185,43.26946],[-7.94711,43.28602],[-7.88695,43.33718],[-7.88514,43.37537],[-7.89858,43.39067],[-7.88194,43.40753],[-7.82166,43.40168],[-7.80727,43.43734],[-7.78008,43.44891],[-7.75878,43.50847],[-7.74443,43.5119],[-7.7445,43.53044],[-7.75515,43.53154],[-7.74797,43.5419],[-7.76031,43.54803],[-7.74625,43.58075],[-7.7178,43.58401],[-7.73548,43.62214],[-7.71955,43.63179],[-7.71679,43.64599],[-7.70184,43.64374],[-7.691,43.65405],[-7.71927,43.68665],[-7.70259,43.68635],[-7.6986,43.69566],[-7.70744,43.70288],[-7.69345,43.71608],[-7.69965,43.73274],[-7.6998,43.73515]]],[[[-9.01106,42.46379],[-8.99938,42.46889],[-9.01572,42.4857],[-9.0115,42.46366],[-9.01106,42.46379]]],[[[-8.84681,43.35672],[-8.83679,43.36175],[-8.84712,43.35714],[-8.84681,43.35672]]]]}},{"type":"Feature","properties":{"prov_code":"26","prov_name":"La Rioja","acom_code":"17","acom_name":"La Rioja"},"geometry":{"type":"Polygon","coordinates":[[[-2.91362,42.02285],[-2.88383,42.00949],[-2.84464,42.03447],[-2.8237,42.04103],[-2.81264,42.03664],[-2.79799,42.04684],[-2.80334,42.08048],[-2.79014,42.09422],[-2.79161,42.10875],[-2.77067,42.12494],[-2.75117,42.11777],[-2.73467,42.12495],[-2.70595,42.10356],[-2.70842,42.08629],[-2.75738,42.0331],[-2.74696,42.00927],[-2.70514,42.01514],[-2.67358,41.99806],[-2.62664,42.0065],[-2.57991,41.99626],[-2.54907,42.05151],[-2.51488,42.06886],[-2.52266,42.08288],[-2.51468,42.11454],[-2.48437,42.10635],[-2.45862,42.11532],[-2.43846,42.13727],[-2.3182,42.14518],[-2.28216,42.1317],[-2.26959,42.08855],[-2.25889,42.08728],[-2.23648,42.10251],[-2.13338,42.10114],[-2.12724,42.08046],[-2.16191,42.06673],[-2.15477,42.04704],[-2.11701,42.02151],[-2.10763,42.00277],[-2.12407,41.99531],[-2.11436,41.96114],[-2.04664,41.95093],[-2.03639,41.9394],[-2.02831,41.95339],[-1.98412,41.92008],[-1.96386,41.91996],[-1.91517,41.93225],[-1.90667,41.94559],[-1.87759,41.95243],[-1.85654,41.9664],[-1.86519,41.9776],[-1.84405,41.98733],[-1.84718,42.008],[-1.85523,42.0026],[-1.88295,42.02633],[-1.90158,42.02968],[-1.90924,42.05912],[-1.89203,42.08599],[-1.84028,42.12813],[-1.83242,42.14823],[-1.82162,42.15357],[-1.779,42.1377],[-1.76471,42.15041],[-1.73974,42.14974],[-1.71989,42.13344],[-1.67966,42.15169],[-1.7009,42.17312],[-1.67871,42.18949],[-1.70424,42.19203],[-1.70924,42.20999],[-1.7664,42.22125],[-1.77264,42.21442],[-1.78016,42.22417],[-1.81594,42.22893],[-1.81922,42.24864],[-1.82973,42.24414],[-1.84979,42.25925],[-1.85576,42.24965],[-1.87228,42.25267],[-1.87066,42.28897],[-1.91382,42.30011],[-1.90706,42.30847],[-1.91851,42.32696],[-1.93152,42.32219],[-1.94229,42.33518],[-1.96452,42.33382],[-1.96959,42.3525],[-1.97864,42.34989],[-1.99552,42.36361],[-2.00606,42.36083],[-2.01602,42.3693],[-2.06998,42.34252],[-2.08996,42.34697],[-2.07864,42.36813],[-2.09281,42.37582],[-2.08912,42.38499],[-2.11551,42.39908],[-2.10508,42.41594],[-2.11228,42.42009],[-2.15178,42.41863],[-2.17504,42.40777],[-2.18611,42.41877],[-2.21651,42.416],[-2.21208,42.42135],[-2.23497,42.42615],[-2.24096,42.44183],[-2.27639,42.44667],[-2.28801,42.46736],[-2.29688,42.46814],[-2.29872,42.45741],[-2.32999,42.4688],[-2.33184,42.45401],[-2.34675,42.45177],[-2.35261,42.46564],[-2.36363,42.46163],[-2.3764,42.47273],[-2.40001,42.47143],[-2.41567,42.49054],[-2.43851,42.48912],[-2.4488,42.49688],[-2.47743,42.48664],[-2.51463,42.49023],[-2.51059,42.51993],[-2.5375,42.49509],[-2.53061,42.48357],[-2.554,42.48387],[-2.5684,42.49408],[-2.59705,42.47301],[-2.60219,42.4819],[-2.59225,42.49193],[-2.60536,42.5035],[-2.6473,42.48325],[-2.65601,42.50345],[-2.67784,42.50957],[-2.67685,42.52626],[-2.70572,42.51666],[-2.68058,42.59421],[-2.71062,42.60109],[-2.74071,42.62244],[-2.76393,42.62244],[-2.77768,42.58225],[-2.80366,42.5645],[-2.8148,42.5693],[-2.82277,42.55424],[-2.84074,42.58143],[-2.81983,42.59145],[-2.81877,42.61272],[-2.8418,42.6086],[-2.84209,42.628],[-2.85563,42.63776],[-2.88214,42.62072],[-2.89463,42.62767],[-2.91601,42.61952],[-2.94645,42.63932],[-2.98057,42.63522],[-3.00476,42.64426],[-3.01801,42.63218],[-3.08415,42.64069],[-3.0864,42.62772],[-3.07046,42.62141],[-3.05983,42.58919],[-3.0862,42.58221],[-3.08236,42.57402],[-3.10375,42.55311],[-3.13427,42.54205],[-3.10746,42.52877],[-3.0893,42.53828],[-3.0719,42.5281],[-3.07929,42.49909],[-3.0947,42.48807],[-3.09042,42.47788],[-3.06421,42.47095],[-3.046,42.44515],[-3.0633,42.42491],[-3.05314,42.37342],[-3.06441,42.37334],[-3.07951,42.39226],[-3.07818,42.41575],[-3.09035,42.42237],[-3.10135,42.41678],[-3.09574,42.40518],[-3.10527,42.38637],[-3.08481,42.38539],[-3.06346,42.3567],[-3.10967,42.35145],[-3.11069,42.33858],[-3.09586,42.32691],[-3.10666,42.3126],[-3.08859,42.24573],[-3.10206,42.23336],[-3.10379,42.21369],[-3.12937,42.19849],[-3.11335,42.17634],[-3.09657,42.16945],[-3.08568,42.13422],[-3.05895,42.12697],[-3.03437,42.08596],[-2.93118,42.08678],[-2.91354,42.0239],[-2.91362,42.02285]],[[-2.99485,42.61337],[-2.98286,42.6108],[-2.99938,42.60095],[-2.99476,42.61258],[-2.99485,42.61337]],[[-2.93217,42.61291],[-2.92263,42.60083],[-2.93918,42.59429],[-2.94521,42.60389],[-2.9345,42.61408],[-2.93217,42.61291]]]}},{"type":"Feature","properties":{"prov_code":"37","prov_name":"Salamanca","acom_code":"07","acom_name":"Castilla y León"},"geometry":{"type":"Polygon","coordinates":[[[-6.47964,41.29422],[-6.49149,41.28528],[-6.48046,41.27351],[-6.51006,41.26407],[-6.52188,41.27582],[-6.55158,41.24564],[-6.57133,41.23904],[-6.5847,41.24091],[-6.59161,41.25524],[-6.59976,41.24347],[-6.60834,41.24955],[-6.62925,41.24268],[-6.64835,41.24774],[-6.65295,41.23536],[-6.69148,41.20963],[-6.69096,41.1952],[-6.70919,41.17268],[-6.76869,41.13372],[-6.75476,41.10164],[-6.80893,41.0365],[-6.86852,41.02692],[-6.91612,41.03839],[-6.9312,41.02943],[-6.92158,41.00248],[-6.85894,40.94948],[-6.84911,40.90279],[-6.83069,40.8857],[-6.80903,40.8824],[-6.80019,40.84847],[-6.82593,40.84363],[-6.81686,40.79717],[-6.83112,40.75281],[-6.81077,40.71688],[-6.80556,40.66852],[-6.79402,40.66129],[-6.83812,40.59423],[-6.84536,40.56595],[-6.80087,40.55035],[-6.79527,40.51136],[-6.8147,40.50156],[-6.8497,40.45151],[-6.83447,40.4077],[-6.78097,40.36455],[-6.79391,40.35544],[-6.79411,40.3284],[-6.82414,40.3227],[-6.86138,40.29961],[-6.8649,40.27027],[-6.83452,40.24758],[-6.80669,40.24152],[-6.80216,40.24956],[-6.7835,40.24939],[-6.7556,40.23892],[-6.75144,40.25022],[-6.71858,40.2692],[-6.69014,40.24266],[-6.67175,40.26323],[-6.58702,40.27072],[-6.55618,40.29078],[-6.56041,40.32905],[-6.53628,40.34724],[-6.46754,40.37232],[-6.43832,40.37277],[-6.43965,40.38158],[-6.41883,40.39929],[-6.3714,40.40187],[-6.36187,40.40709],[-6.36555,40.42237],[-6.34464,40.44278],[-6.27533,40.45852],[-6.23127,40.48665],[-6.20137,40.48288],[-6.18015,40.46252],[-6.15592,40.45708],[-6.14776,40.43728],[-6.11561,40.44107],[-6.12925,40.42039],[-6.06445,40.39603],[-6.08469,40.38999],[-6.07115,40.38693],[-6.08673,40.3768],[-6.08173,40.36329],[-6.10586,40.35682],[-6.01614,40.33998],[-6.01643,40.31652],[-5.99325,40.29949],[-5.91717,40.2777],[-5.88505,40.32613],[-5.85498,40.33837],[-5.84713,40.32805],[-5.82172,40.34841],[-5.7991,40.35371],[-5.78199,40.31246],[-5.80224,40.29655],[-5.79314,40.2867],[-5.75791,40.28245],[-5.73756,40.29412],[-5.71432,40.32531],[-5.67303,40.34853],[-5.68636,40.35537],[-5.67844,40.38702],[-5.69141,40.42157],[-5.65656,40.4368],[-5.63417,40.46045],[-5.56092,40.4771],[-5.55994,40.46282],[-5.5746,40.44425],[-5.54475,40.4231],[-5.52593,40.42236],[-5.51147,40.42629],[-5.51063,40.44206],[-5.52026,40.44788],[-5.50983,40.46366],[-5.48256,40.45668],[-5.46555,40.46591],[-5.46195,40.49119],[-5.45236,40.49409],[-5.44699,40.52002],[-5.43345,40.53297],[-5.42851,40.56447],[-5.48158,40.55672],[-5.52469,40.54073],[-5.52918,40.55233],[-5.51622,40.58538],[-5.50086,40.59735],[-5.49966,40.58159],[-5.44765,40.57959],[-5.41937,40.6079],[-5.38295,40.62076],[-5.37842,40.64549],[-5.36589,40.64877],[-5.38546,40.67145],[-5.33716,40.68927],[-5.32875,40.70542],[-5.29284,40.71027],[-5.24994,40.74288],[-5.21444,40.75783],[-5.21899,40.77297],[-5.18441,40.78869],[-5.17763,40.80527],[-5.16151,40.814],[-5.16381,40.86838],[-5.13005,40.90032],[-5.11504,40.90281],[-5.11127,40.91556],[-5.1276,40.95412],[-5.10484,40.96025],[-5.08984,40.99663],[-5.10661,41.0295],[-5.14079,41.03725],[-5.15255,41.06196],[-5.1514,41.08534],[-5.12917,41.10538],[-5.12493,41.13205],[-5.17966,41.16729],[-5.20792,41.16682],[-5.21822,41.15959],[-5.2296,41.19053],[-5.25297,41.19977],[-5.28847,41.19562],[-5.29633,41.1294],[-5.31605,41.1191],[-5.33185,41.11798],[-5.35778,41.14103],[-5.38696,41.13585],[-5.40155,41.1478],[-5.39658,41.16304],[-5.40759,41.18559],[-5.4181,41.18766],[-5.47688,41.17832],[-5.46983,41.15795],[-5.48434,41.1455],[-5.48525,41.17885],[-5.50641,41.18028],[-5.51808,41.19487],[-5.56507,41.21704],[-5.58793,41.20244],[-5.62832,41.21446],[-5.63445,41.23187],[-5.66279,41.24581],[-5.67894,41.23187],[-5.75125,41.22586],[-5.76731,41.2157],[-5.8087,41.22447],[-5.83522,41.22034],[-5.89767,41.23859],[-5.92133,41.21815],[-5.91313,41.17834],[-5.95324,41.1401],[-5.97922,41.17457],[-6.00257,41.15314],[-6.02183,41.15526],[-6.0275,41.17912],[-6.00883,41.2005],[-6.04672,41.20901],[-6.06201,41.22105],[-6.07404,41.21132],[-6.10931,41.21261],[-6.1345,41.19039],[-6.22518,41.22773],[-6.26817,41.25561],[-6.29674,41.25644],[-6.31768,41.27089],[-6.3472,41.2725],[-6.37228,41.2863],[-6.41473,41.27598],[-6.41818,41.28318],[-6.44535,41.28385],[-6.45431,41.29208],[-6.47756,41.28758],[-6.47903,41.29299],[-6.47964,41.29422]]]}},{"type":"Feature","properties":{"prov_code":"14","prov_name":"Córdoba","acom_code":"01","acom_name":"Andalucía"},"geometry":{"type":"MultiPolygon","coordinates":[[[[-5.02461,37.59485],[-5.03119,37.64152],[-5.04679,37.63194],[-5.05379,37.64237],[-5.08432,37.64808],[-5.04041,37.62619],[-5.04791,37.60814],[-5.03089,37.61045],[-5.0259,37.59452],[-5.01733,37.59313],[-5.02414,37.59464],[-5.02461,37.59485]]],[[[-5.58479,38.13171],[-5.58168,38.11547],[-5.53878,38.09381],[-5.53958,38.08215],[-5.49513,38.04184],[-5.49315,37.99576],[-5.46894,37.97072],[-5.41561,37.94367],[-5.42427,37.92725],[-5.41651,37.92836],[-5.42208,37.91843],[-5.41371,37.90144],[-5.42206,37.88888],[-5.41471,37.86946],[-5.34451,37.83987],[-5.34992,37.79427],[-5.30975,37.77359],[-5.31867,37.75824],[-5.30489,37.73095],[-5.3076,37.69924],[-5.319,37.70151],[-5.3271,37.69162],[-5.34484,37.70534],[-5.36277,37.69716],[-5.37634,37.67756],[-5.38908,37.69778],[-5.4069,37.69102],[-5.4133,37.67906],[-5.4103,37.66063],[-5.39722,37.6624],[-5.3936,37.65602],[-5.41402,37.64528],[-5.38091,37.61077],[-5.35993,37.60545],[-5.35796,37.58484],[-5.34503,37.58631],[-5.3233,37.61425],[-5.27379,37.62549],[-5.17677,37.68058],[-5.15005,37.66092],[-5.13575,37.66857],[-5.10792,37.66258],[-5.11349,37.68873],[-5.12971,37.69875],[-5.10861,37.70067],[-5.09788,37.67029],[-5.06988,37.65935],[-5.09151,37.67995],[-5.08905,37.69466],[-5.07258,37.7077],[-5.04723,37.71829],[-4.99982,37.70659],[-4.98269,37.67629],[-4.95377,37.65244],[-4.95816,37.62164],[-4.97428,37.60016],[-4.94015,37.62124],[-4.93173,37.61659],[-4.93199,37.54624],[-4.94893,37.52195],[-4.93394,37.51985],[-4.92461,37.50038],[-4.90602,37.49984],[-4.9152,37.48416],[-4.90447,37.48949],[-4.90409,37.46741],[-4.87534,37.45045],[-4.88474,37.43798],[-4.84095,37.43635],[-4.83764,37.42324],[-4.84981,37.41066],[-4.82602,37.37908],[-4.81469,37.37753],[-4.82213,37.35819],[-4.78222,37.3285],[-4.76745,37.33773],[-4.74873,37.33091],[-4.72922,37.33533],[-4.73295,37.34278],[-4.71867,37.3585],[-4.68674,37.34114],[-4.68566,37.33027],[-4.67118,37.33449],[-4.67958,37.32999],[-4.66844,37.31981],[-4.68148,37.32338],[-4.68407,37.31536],[-4.65901,37.30508],[-4.66061,37.29445],[-4.67525,37.30178],[-4.68109,37.29005],[-4.66212,37.28374],[-4.64533,37.24685],[-4.61377,37.25508],[-4.61436,37.24322],[-4.59628,37.22505],[-4.6023,37.20924],[-4.57543,37.20926],[-4.56117,37.21931],[-4.5346,37.21189],[-4.49934,37.23035],[-4.49808,37.22333],[-4.47755,37.24473],[-4.48518,37.25248],[-4.47704,37.25736],[-4.46524,37.25151],[-4.46824,37.25754],[-4.45697,37.25844],[-4.445,37.27759],[-4.43302,37.27391],[-4.41912,37.2822],[-4.40713,37.27376],[-4.3797,37.27523],[-4.38257,37.23155],[-4.37164,37.2152],[-4.32236,37.20414],[-4.33177,37.19518],[-4.32813,37.18407],[-4.25531,37.22957],[-4.26325,37.26038],[-4.24813,37.26912],[-4.23651,37.29722],[-4.23642,37.33585],[-4.20404,37.35291],[-4.15784,37.34225],[-4.12722,37.37826],[-4.08594,37.40375],[-4.00082,37.40209],[-4.04814,37.46797],[-4.07016,37.47212],[-4.08765,37.48608],[-4.05999,37.50581],[-4.09806,37.51153],[-4.0991,37.53067],[-4.12231,37.54683],[-4.12098,37.5543],[-4.16099,37.57516],[-4.17262,37.61059],[-4.18783,37.61656],[-4.20759,37.60983],[-4.22181,37.62195],[-4.22787,37.63978],[-4.16437,37.68151],[-4.18312,37.70648],[-4.23822,37.71946],[-4.22942,37.75536],[-4.20714,37.77019],[-4.20682,37.77891],[-4.28674,37.79654],[-4.27481,37.90279],[-4.26239,37.91508],[-4.25805,37.93932],[-4.26432,37.97345],[-4.28445,38.00383],[-4.28225,38.02281],[-4.25942,38.02241],[-4.26853,38.04052],[-4.24085,38.04605],[-4.23993,38.05301],[-4.2514,38.04791],[-4.25153,38.06605],[-4.23628,38.06279],[-4.22756,38.07981],[-4.23365,38.08359],[-4.221,38.08313],[-4.22766,38.09138],[-4.21319,38.09048],[-4.21835,38.11043],[-4.20229,38.10894],[-4.19458,38.12809],[-4.17457,38.13172],[-4.16093,38.14517],[-4.16827,38.18101],[-4.20118,38.21408],[-4.19618,38.23813],[-4.21669,38.24695],[-4.21001,38.30086],[-4.22805,38.30118],[-4.23854,38.31511],[-4.23744,38.34154],[-4.2558,38.34019],[-4.2751,38.3504],[-4.28707,38.34253],[-4.32111,38.36284],[-4.39064,38.38619],[-4.4062,38.38297],[-4.43523,38.40233],[-4.45278,38.40147],[-4.51219,38.46336],[-4.53555,38.47006],[-4.53943,38.48202],[-4.55873,38.47695],[-4.56456,38.4903],[-4.57681,38.49327],[-4.59367,38.48595],[-4.61961,38.50816],[-4.62196,38.52345],[-4.66366,38.54632],[-4.70312,38.55306],[-4.70524,38.5712],[-4.78825,38.59657],[-4.81592,38.59502],[-4.85962,38.61439],[-4.86888,38.68093],[-4.87697,38.68609],[-4.94087,38.68153],[-5.0046,38.6951],[-5.00803,38.71523],[-5.04179,38.72867],[-5.09919,38.70765],[-5.119,38.71614],[-5.16661,38.71167],[-5.1845,38.7197],[-5.16732,38.68047],[-5.18576,38.67417],[-5.18423,38.65973],[-5.19688,38.6673],[-5.19943,38.65639],[-5.20884,38.66744],[-5.21475,38.64857],[-5.22378,38.65671],[-5.22291,38.64835],[-5.23912,38.63675],[-5.24746,38.63984],[-5.25443,38.62572],[-5.29224,38.61081],[-5.31023,38.59358],[-5.30851,38.57762],[-5.37175,38.58357],[-5.37569,38.56826],[-5.38981,38.56217],[-5.38358,38.55595],[-5.39272,38.55348],[-5.38317,38.54048],[-5.40693,38.5437],[-5.41862,38.51273],[-5.42736,38.51483],[-5.47952,38.48425],[-5.4846,38.46295],[-5.49171,38.46637],[-5.5058,38.45686],[-5.51972,38.46329],[-5.55279,38.44562],[-5.57279,38.42759],[-5.58507,38.38584],[-5.55925,38.36688],[-5.57565,38.32911],[-5.55553,38.31773],[-5.5444,38.28233],[-5.52596,38.26412],[-5.52043,38.20757],[-5.53871,38.2006],[-5.53967,38.16069],[-5.55068,38.16055],[-5.5601,38.14856],[-5.57586,38.14964],[-5.58458,38.13218],[-5.58479,38.13171]]]]}},{"type":"Feature","properties":{"prov_code":"42","prov_name":"Soria","acom_code":"07","acom_name":"Castilla y León"},"geometry":{"type":"Polygon","coordinates":[[[-3.20735,41.30424],[-3.06197,41.27333],[-3.01875,41.28906],[-3.00599,41.2844],[-2.95013,41.29264],[-2.94119,41.31394],[-2.90667,41.32763],[-2.88843,41.32524],[-2.86685,41.31307],[-2.86689,41.27446],[-2.82225,41.25661],[-2.77551,41.25008],[-2.76095,41.27402],[-2.71677,41.27567],[-2.70955,41.25198],[-2.67026,41.23719],[-2.64601,41.24021],[-2.6292,41.21521],[-2.6239,41.22374],[-2.58949,41.22454],[-2.59374,41.20021],[-2.62001,41.19537],[-2.62207,41.18799],[-2.57749,41.17866],[-2.59531,41.15025],[-2.57558,41.13947],[-2.54253,41.15067],[-2.53651,41.16253],[-2.51736,41.14787],[-2.50885,41.11886],[-2.48226,41.11627],[-2.46947,41.07811],[-2.42974,41.07229],[-2.41891,41.05771],[-2.35533,41.08645],[-2.32341,41.05651],[-2.29358,41.07125],[-2.26354,41.06754],[-2.23215,41.09701],[-2.1753,41.08375],[-2.13186,41.1181],[-2.07169,41.07249],[-2.05643,41.06969],[-2.04818,41.07838],[-2.06562,41.09579],[-2.05169,41.14685],[-2.0799,41.17098],[-2.14624,41.18439],[-2.15645,41.25864],[-2.17367,41.28808],[-2.16928,41.32222],[-2.15711,41.33397],[-2.16314,41.35535],[-2.14921,41.35615],[-2.11603,41.38205],[-2.11677,41.42495],[-2.10152,41.44579],[-2.03562,41.42689],[-2.03477,41.40442],[-2.04358,41.39715],[-2.02927,41.38416],[-2.00965,41.38584],[-1.98188,41.40232],[-1.93729,41.40785],[-1.93652,41.4199],[-1.95369,41.42426],[-1.95328,41.46245],[-1.98111,41.48644],[-1.96733,41.54607],[-1.99369,41.57709],[-1.99303,41.6008],[-1.98451,41.60707],[-1.9231,41.59833],[-1.8979,41.63241],[-1.87398,41.63798],[-1.85899,41.66153],[-1.80622,41.66426],[-1.81259,41.68607],[-1.78726,41.69909],[-1.77537,41.72479],[-1.80887,41.73618],[-1.80292,41.75142],[-1.82599,41.77864],[-1.85212,41.78826],[-1.81875,41.82905],[-1.81751,41.85307],[-1.8226,41.86544],[-1.83506,41.86649],[-1.83878,41.88902],[-1.85728,41.90952],[-1.85592,41.9663],[-1.90667,41.94559],[-1.91517,41.93225],[-1.9703,41.91914],[-1.98412,41.92008],[-2.02831,41.95339],[-2.03639,41.9394],[-2.04664,41.95093],[-2.10996,41.95787],[-2.12407,41.99531],[-2.10763,42.00277],[-2.11701,42.02151],[-2.15477,42.04704],[-2.16191,42.06673],[-2.12724,42.08046],[-2.12732,42.09717],[-2.14811,42.10445],[-2.20888,42.10466],[-2.26959,42.08855],[-2.28216,42.1317],[-2.33215,42.14603],[-2.4405,42.13678],[-2.45862,42.11532],[-2.48437,42.10635],[-2.51468,42.11454],[-2.52266,42.08288],[-2.51488,42.06886],[-2.54907,42.05151],[-2.57991,41.99626],[-2.62664,42.0065],[-2.67358,41.99806],[-2.70514,42.01514],[-2.74617,42.00868],[-2.75758,42.03262],[-2.70842,42.08629],[-2.70595,42.10356],[-2.72906,42.12315],[-2.75117,42.11777],[-2.76872,42.12526],[-2.79161,42.10875],[-2.79014,42.09422],[-2.80334,42.08048],[-2.79799,42.04684],[-2.81264,42.03664],[-2.82525,42.04085],[-2.85421,42.03046],[-2.88383,42.00949],[-2.91221,42.02284],[-2.93217,42.01797],[-2.9658,41.96604],[-2.96008,41.95012],[-2.97079,41.92927],[-2.99944,41.93182],[-3.01677,41.88691],[-3.05863,41.89132],[-3.08773,41.87635],[-3.09716,41.88106],[-3.09716,41.86139],[-3.1362,41.81194],[-3.17135,41.79301],[-3.18859,41.80166],[-3.1945,41.82893],[-3.23439,41.84064],[-3.24334,41.864],[-3.2695,41.86929],[-3.28376,41.88381],[-3.28658,41.8029],[-3.27538,41.79432],[-3.28586,41.78825],[-3.27545,41.76867],[-3.28706,41.76013],[-3.30722,41.76015],[-3.3229,41.74093],[-3.35438,41.73725],[-3.3584,41.69342],[-3.3934,41.69061],[-3.41906,41.6441],[-3.42975,41.64628],[-3.43655,41.63859],[-3.43535,41.62203],[-3.45968,41.58927],[-3.47536,41.59695],[-3.51001,41.59718],[-3.52915,41.61263],[-3.55044,41.59659],[-3.53614,41.58647],[-3.54391,41.57208],[-3.53491,41.54866],[-3.47968,41.52091],[-3.45806,41.53685],[-3.42141,41.51387],[-3.42403,41.48273],[-3.41331,41.47612],[-3.38109,41.4648],[-3.36508,41.46776],[-3.34831,41.4565],[-3.33037,41.46072],[-3.35053,41.39487],[-3.32922,41.37627],[-3.27213,41.35273],[-3.26933,41.34154],[-3.23629,41.33028],[-3.23686,41.31853],[-3.20693,41.30675],[-3.20735,41.30424]]]}},{"type":"Feature","properties":{"prov_code":"03","prov_name":"Alacant","acom_code":"10","acom_name":"Comunitat Valenciana"},"geometry":{"type":"MultiPolygon","coordinates":[[[[-0.76233,37.84663],[-0.74917,37.89958],[-0.73242,37.91262],[-0.71982,37.91138],[-0.71853,37.93501],[-0.70512,37.94084],[-0.69651,37.96968],[-0.68855,37.96683],[-0.69341,37.9727],[-0.68126,37.97517],[-0.68722,37.96426],[-0.66598,37.97622],[-0.64765,38.00006],[-0.64387,38.10344],[-0.63441,38.14239],[-0.61481,38.17271],[-0.59186,38.18911],[-0.53786,38.187],[-0.50972,38.20254],[-0.51987,38.29727],[-0.50794,38.32989],[-0.5002,38.32318],[-0.49588,38.32888],[-0.4942,38.31933],[-0.49521,38.33403],[-0.48036,38.34354],[-0.48927,38.32813],[-0.47515,38.34694],[-0.44607,38.36258],[-0.40291,38.35281],[-0.40542,38.39853],[-0.38665,38.43142],[-0.31217,38.47743],[-0.2229,38.5083],[-0.17203,38.51625],[-0.15008,38.53558],[-0.11083,38.53391],[-0.0977,38.52347],[-0.04958,38.56219],[-0.0641,38.57221],[-0.06174,38.58205],[-0.01598,38.6266],[0.01046,38.63235],[0.03055,38.62592],[0.03479,38.63607],[0.05168,38.64131],[0.08372,38.63101],[0.07359,38.6447],[0.09846,38.67284],[0.11514,38.67397],[0.13084,38.68702],[0.14631,38.68744],[0.14887,38.67941],[0.15556,38.69798],[0.1825,38.72079],[0.20412,38.73232],[0.23132,38.73186],[0.22472,38.76433],[0.20914,38.76071],[0.1838,38.78567],[0.18472,38.79835],[0.19721,38.80443],[0.10935,38.84592],[0.12574,38.84865],[0.01587,38.8639],[-0.03757,38.88676],[-0.02479,38.87234],[-0.0274,38.8616],[-0.04215,38.85645],[-0.07094,38.8857],[-0.09208,38.87153],[-0.10209,38.87503],[-0.14808,38.85843],[-0.16083,38.88739],[-0.18869,38.87342],[-0.19632,38.85944],[-0.23054,38.85349],[-0.31081,38.88151],[-0.32367,38.86349],[-0.34858,38.86135],[-0.38144,38.8349],[-0.40339,38.83971],[-0.40407,38.83312],[-0.46062,38.81486],[-0.46188,38.80765],[-0.53531,38.81036],[-0.59522,38.7951],[-0.58426,38.76836],[-0.56564,38.75543],[-0.52963,38.76709],[-0.50747,38.75526],[-0.50712,38.74297],[-0.61805,38.68665],[-0.6287,38.68655],[-0.64247,38.70414],[-0.64403,38.72814],[-0.67757,38.72911],[-0.68878,38.74127],[-0.70719,38.73382],[-0.73493,38.75945],[-0.83462,38.73243],[-0.86197,38.77122],[-0.90512,38.76724],[-0.91532,38.78137],[-0.92914,38.78365],[-0.9617,38.77452],[-0.91579,38.69596],[-0.96247,38.65693],[-1.0261,38.65567],[-1.00145,38.57263],[-1.026,38.52282],[-1.01396,38.49673],[-1.05937,38.45575],[-1.09412,38.43795],[-1.07721,38.43147],[-1.08537,38.42915],[-1.08776,38.40687],[-1.0843,38.3462],[-1.02822,38.33845],[-0.98899,38.32068],[-0.96765,38.27566],[-0.98887,38.19926],[-1.03675,38.13771],[-1.02091,38.07292],[-0.96575,38.01268],[-0.92119,37.94424],[-0.85722,37.88522],[-0.78763,37.8467],[-0.76321,37.84648],[-0.76233,37.84663]]],[[[-0.47847,38.16662],[-0.48509,38.16676],[-0.46485,38.16288],[-0.47797,38.16656],[-0.47847,38.16662]]]]}},{"type":"Feature","properties":{"prov_code":"40","prov_name":"Segovia","acom_code":"07","acom_name":"Castilla y León"},"geometry":{"type":"Polygon","coordinates":[[[-4.7221,41.14932],[-4.71672,41.13264],[-4.72456,41.12266],[-4.71003,41.09927],[-4.71789,41.09],[-4.70715,41.08878],[-4.71272,41.0621],[-4.70325,41.05243],[-4.68014,41.05092],[-4.63829,41.03131],[-4.60675,40.9708],[-4.56635,40.9562],[-4.55245,40.90746],[-4.55956,40.88585],[-4.53531,40.87237],[-4.53157,40.85864],[-4.54986,40.85335],[-4.55671,40.83633],[-4.54639,40.82555],[-4.49377,40.83352],[-4.47318,40.80005],[-4.48156,40.78837],[-4.47384,40.77465],[-4.43113,40.74238],[-4.43468,40.70617],[-4.41962,40.63343],[-4.33263,40.63713],[-4.31951,40.64766],[-4.31619,40.66675],[-4.28997,40.68056],[-4.27416,40.67709],[-4.2529,40.68953],[-4.1837,40.69803],[-4.16023,40.68982],[-4.14567,40.69465],[-4.12076,40.73567],[-4.09699,40.74774],[-4.09625,40.76527],[-4.07009,40.79392],[-4.03239,40.78161],[-4.00364,40.78872],[-3.97968,40.78455],[-3.96212,40.82345],[-3.96551,40.83799],[-3.94711,40.86297],[-3.94235,40.88897],[-3.95228,40.89363],[-3.93795,40.92718],[-3.92176,40.92993],[-3.9072,40.9553],[-3.87904,40.9752],[-3.86996,40.97108],[-3.78137,41.00031],[-3.74045,41.05364],[-3.69768,41.08188],[-3.67606,41.0867],[-3.6137,41.14905],[-3.58272,41.16142],[-3.51721,41.16286],[-3.50034,41.17861],[-3.46652,41.18338],[-3.44402,41.215],[-3.40181,41.21343],[-3.39975,41.25461],[-3.41515,41.2732],[-3.40947,41.26042],[-3.33719,41.25268],[-3.32505,41.26207],[-3.29049,41.25724],[-3.27638,41.27518],[-3.27427,41.26027],[-3.25426,41.25838],[-3.23894,41.28794],[-3.20693,41.30675],[-3.23686,41.31853],[-3.23629,41.33028],[-3.26933,41.34154],[-3.27213,41.35273],[-3.32922,41.37627],[-3.35053,41.39487],[-3.33037,41.46072],[-3.34831,41.4565],[-3.36508,41.46776],[-3.38109,41.4648],[-3.41331,41.47612],[-3.42403,41.48273],[-3.42368,41.51628],[-3.45806,41.53685],[-3.47968,41.52091],[-3.50194,41.52918],[-3.53833,41.55202],[-3.54642,41.58009],[-3.56651,41.57996],[-3.57262,41.5654],[-3.6088,41.56612],[-3.61684,41.57716],[-3.67172,41.56043],[-3.69155,41.53454],[-3.7283,41.51764],[-3.72372,41.4792],[-3.73948,41.45078],[-3.74414,41.46106],[-3.76975,41.46015],[-3.76619,41.53793],[-3.80379,41.52458],[-3.79822,41.49193],[-3.78764,41.48586],[-3.82388,41.48113],[-3.86795,41.53248],[-3.88578,41.53231],[-3.89403,41.5518],[-3.95305,41.57344],[-3.96383,41.58608],[-3.98067,41.58337],[-3.9999,41.5161],[-4.0274,41.5178],[-4.05803,41.49732],[-4.14249,41.46994],[-4.15832,41.4821],[-4.23349,41.45574],[-4.24824,41.46209],[-4.2611,41.45059],[-4.27013,41.46127],[-4.3135,41.45511],[-4.32786,41.44479],[-4.36239,41.44993],[-4.36491,41.436],[-4.41062,41.44165],[-4.46816,41.41308],[-4.51496,41.40966],[-4.51528,41.39409],[-4.484,41.3668],[-4.4959,41.36393],[-4.50447,41.3472],[-4.49391,41.32641],[-4.47055,41.31846],[-4.46779,41.29589],[-4.50006,41.30091],[-4.52863,41.3211],[-4.55954,41.30217],[-4.59685,41.32059],[-4.60198,41.30265],[-4.57388,41.2752],[-4.65086,41.22142],[-4.65063,41.2001],[-4.62775,41.1708],[-4.64369,41.1681],[-4.68056,41.18574],[-4.72239,41.15139],[-4.7221,41.14932]]]}},{"type":"Feature","properties":{"prov_code":"09","prov_name":"Burgos","acom_code":"07","acom_name":"Castilla y León"},"geometry":{"type":"MultiPolygon","coordinates":[[[[-3.98067,41.58337],[-3.96383,41.58608],[-3.95305,41.57344],[-3.89455,41.55215],[-3.88578,41.53231],[-3.86795,41.53248],[-3.82388,41.48113],[-3.78764,41.48586],[-3.79822,41.49193],[-3.80379,41.52458],[-3.76619,41.53793],[-3.76975,41.46015],[-3.74414,41.46106],[-3.73948,41.45078],[-3.72372,41.4792],[-3.7283,41.51764],[-3.69155,41.53454],[-3.66105,41.56608],[-3.61684,41.57716],[-3.6088,41.56612],[-3.57262,41.5654],[-3.56651,41.57996],[-3.54157,41.57761],[-3.53614,41.58647],[-3.55044,41.59659],[-3.52915,41.61263],[-3.51001,41.59718],[-3.45916,41.58963],[-3.43535,41.62203],[-3.43655,41.63859],[-3.42975,41.64628],[-3.41906,41.6441],[-3.3934,41.69061],[-3.3584,41.69342],[-3.35438,41.73725],[-3.3229,41.74093],[-3.30722,41.76015],[-3.28706,41.76013],[-3.27545,41.76867],[-3.28586,41.78825],[-3.27538,41.79432],[-3.28658,41.8029],[-3.28376,41.88381],[-3.2695,41.86929],[-3.24334,41.864],[-3.23439,41.84064],[-3.1945,41.82893],[-3.18859,41.80166],[-3.17135,41.79301],[-3.1362,41.81194],[-3.09716,41.86139],[-3.09716,41.88106],[-3.08773,41.87635],[-3.05863,41.89132],[-3.01677,41.88691],[-3.00807,41.92222],[-2.9975,41.93285],[-2.97079,41.92927],[-2.95052,41.9939],[-2.93217,42.01797],[-2.91362,42.02285],[-2.93118,42.08678],[-3.03437,42.08596],[-3.05895,42.12697],[-3.08568,42.13422],[-3.09657,42.16945],[-3.12906,42.19765],[-3.10379,42.21369],[-3.10206,42.23336],[-3.08859,42.24573],[-3.10666,42.3126],[-3.09586,42.32691],[-3.11069,42.33858],[-3.10967,42.35145],[-3.06346,42.3567],[-3.08481,42.38539],[-3.10527,42.38637],[-3.09574,42.40518],[-3.10135,42.41678],[-3.09035,42.42237],[-3.07818,42.41575],[-3.08265,42.39738],[-3.05688,42.37027],[-3.0633,42.42491],[-3.046,42.44515],[-3.06421,42.47095],[-3.09042,42.47788],[-3.0947,42.48807],[-3.07929,42.49909],[-3.07257,42.52892],[-3.0893,42.53828],[-3.10746,42.52877],[-3.13427,42.54205],[-3.10375,42.55311],[-3.08236,42.57402],[-3.0862,42.58221],[-3.05983,42.58919],[-3.07046,42.62141],[-3.0864,42.62772],[-3.08415,42.64069],[-3.01801,42.63218],[-3.00476,42.64426],[-2.98057,42.63522],[-2.94645,42.63932],[-2.91601,42.61952],[-2.89463,42.62767],[-2.88214,42.62072],[-2.85807,42.63838],[-2.89651,42.65419],[-2.9025,42.6936],[-2.93032,42.69967],[-2.93202,42.70848],[-2.9806,42.70348],[-3.01666,42.74101],[-3.04209,42.73958],[-3.04804,42.76536],[-3.06495,42.76024],[-3.07996,42.76708],[-3.08449,42.75713],[-3.1004,42.76735],[-3.14791,42.7567],[-3.12325,42.78933],[-3.15923,42.80459],[-3.11315,42.86106],[-3.10505,42.87959],[-3.11494,42.88925],[-3.1257,42.89132],[-3.16282,42.85674],[-3.19069,42.86946],[-3.22218,42.83864],[-3.20553,42.8274],[-3.21697,42.82652],[-3.28677,42.88515],[-3.2764,42.88702],[-3.27724,42.90158],[-3.24854,42.91215],[-3.22473,42.94969],[-3.14473,42.93468],[-3.14927,42.91706],[-3.12653,42.90406],[-3.10466,42.91016],[-3.0921,42.89878],[-3.01891,42.90851],[-3.01195,42.92225],[-2.98142,42.93988],[-3.04187,42.96922],[-3.0371,42.98183],[-3.06037,43.00321],[-3.14479,43.00684],[-3.1778,43.02198],[-3.17025,43.02907],[-3.14186,43.02981],[-3.14031,43.06715],[-3.15819,43.07402],[-3.13394,43.09723],[-3.14149,43.11064],[-3.15206,43.10412],[-3.18179,43.12088],[-3.16185,43.15426],[-3.14189,43.16115],[-3.15418,43.17697],[-3.18755,43.16923],[-3.20813,43.17941],[-3.22409,43.17013],[-3.25327,43.19875],[-3.27777,43.19451],[-3.30984,43.1721],[-3.34118,43.16702],[-3.35021,43.15375],[-3.40979,43.1342],[-3.44476,43.13153],[-3.50891,43.13606],[-3.58526,43.15441],[-3.60319,43.14961],[-3.61256,43.1695],[-3.6495,43.17984],[-3.70468,43.11627],[-3.75488,43.10055],[-3.76494,43.08089],[-3.84701,43.08442],[-3.85072,43.07705],[-3.83177,43.06383],[-3.85079,43.03925],[-3.89075,43.04183],[-3.90926,43.0161],[-3.94502,43.00649],[-3.97167,42.97472],[-3.99058,42.93061],[-3.97327,42.91159],[-3.92999,42.91485],[-3.93354,42.8996],[-3.91149,42.92339],[-3.89128,42.92549],[-3.88738,42.94877],[-3.86709,42.95483],[-3.83067,42.93013],[-3.83338,42.91851],[-3.85167,42.91949],[-3.86562,42.89932],[-3.88981,42.90229],[-3.90867,42.91499],[-3.89221,42.88704],[-3.92411,42.88891],[-3.89693,42.88161],[-3.91396,42.86024],[-3.87996,42.85112],[-3.86824,42.85703],[-3.87381,42.87476],[-3.86382,42.88963],[-3.82619,42.87102],[-3.83488,42.85597],[-3.81699,42.83646],[-3.82356,42.79886],[-3.86337,42.78646],[-3.89445,42.80454],[-3.91095,42.76839],[-3.93059,42.77449],[-3.96569,42.7586],[-3.97888,42.75808],[-3.99066,42.77098],[-4.00309,42.76336],[-4.08526,42.76408],[-4.10955,42.73388],[-4.12399,42.73617],[-4.12478,42.75165],[-4.14497,42.75252],[-4.18539,42.73618],[-4.21857,42.70468],[-4.24892,42.69838],[-4.25704,42.68811],[-4.26669,42.7053],[-4.29317,42.6909],[-4.2894,42.67831],[-4.27603,42.67307],[-4.27719,42.64327],[-4.26387,42.61796],[-4.2939,42.60526],[-4.28544,42.58198],[-4.27081,42.58139],[-4.30535,42.57081],[-4.30333,42.55536],[-4.27769,42.54469],[-4.27215,42.51998],[-4.2862,42.51197],[-4.26265,42.51184],[-4.24704,42.49472],[-4.24485,42.47211],[-4.25439,42.46792],[-4.24259,42.45624],[-4.30703,42.45335],[-4.31709,42.45893],[-4.33533,42.4306],[-4.33325,42.41675],[-4.31641,42.41016],[-4.32953,42.40643],[-4.33093,42.39099],[-4.32159,42.3799],[-4.27595,42.39192],[-4.27273,42.38572],[-4.28052,42.36379],[-4.26482,42.35251],[-4.2697,42.33923],[-4.25678,42.32285],[-4.26452,42.3241],[-4.26433,42.31357],[-4.25189,42.31],[-4.24411,42.2594],[-4.22876,42.25037],[-4.2374,42.23576],[-4.22693,42.22956],[-4.23144,42.20845],[-4.21488,42.20657],[-4.18864,42.17638],[-4.2061,42.15399],[-4.20501,42.13361],[-4.17677,42.12586],[-4.15111,42.13131],[-4.14208,42.11963],[-4.12022,42.12813],[-4.10378,42.10969],[-4.05621,42.10091],[-4.07749,42.08268],[-4.10304,42.08704],[-4.10411,42.06163],[-4.07989,42.03678],[-4.06368,42.04364],[-4.04788,42.03905],[-4.03925,42.05335],[-3.99631,42.04497],[-3.98168,42.05105],[-3.97107,42.03322],[-3.99478,42.00541],[-4.01478,41.99859],[-4.03298,41.95408],[-3.9907,41.95975],[-3.9102,41.99697],[-3.88975,41.99091],[-3.89198,41.95794],[-3.92914,41.95937],[-3.95218,41.93531],[-3.98134,41.9307],[-3.9807,41.90062],[-4.03757,41.87277],[-4.06277,41.87712],[-4.08883,41.87065],[-4.07932,41.84845],[-4.09007,41.83086],[-4.038,41.78985],[-4.05579,41.74068],[-4.0691,41.74117],[-4.07636,41.72608],[-4.05294,41.71956],[-4.02604,41.69238],[-4.03528,41.62062],[-4.02871,41.6144],[-4.00593,41.61936],[-4.00873,41.61003],[-3.99286,41.60866],[-3.98163,41.58366],[-3.98067,41.58337]],[[-4.03279,42.10585],[-4.02437,42.08355],[-4.03194,42.07864],[-4.03344,42.10698],[-4.03279,42.10585]],[[-4.11184,42.15858],[-4.09423,42.15772],[-4.07629,42.16786],[-4.06564,42.1635],[-4.07448,42.15612],[-4.06214,42.13158],[-4.08348,42.14127],[-4.10273,42.13724],[-4.11187,42.15601],[-4.11184,42.15858]]],[[[-4.24781,42.73604],[-4.26063,42.73889],[-4.26315,42.73048],[-4.25133,42.72655],[-4.24646,42.73578],[-4.24781,42.73604]]],[[[-2.93217,42.61291],[-2.94521,42.60389],[-2.93918,42.59429],[-2.92263,42.60083],[-2.92974,42.61122],[-2.93217,42.61291]]],[[[-2.99485,42.61337],[-2.99938,42.60095],[-2.98286,42.6108],[-2.99452,42.61549],[-2.99485,42.61337]]],[[[-2.86446,42.74367],[-2.8253,42.70894],[-2.7845,42.69894],[-2.7679,42.66601],[-2.71916,42.66187],[-2.70339,42.67429],[-2.6664,42.66619],[-2.65918,42.67246],[-2.63485,42.6478],[-2.55194,42.64926],[-2.54707,42.63738],[-2.5174,42.64633],[-2.52202,42.68403],[-2.5394,42.68658],[-2.54838,42.6688],[-2.57777,42.66821],[-2.60898,42.69586],[-2.60031,42.71527],[-2.58998,42.71076],[-2.57263,42.72517],[-2.5583,42.76273],[-2.58937,42.75032],[-2.60225,42.77071],[-2.64401,42.76468],[-2.7317,42.79449],[-2.80107,42.79271],[-2.82681,42.78445],[-2.83547,42.79627],[-2.85391,42.76786],[-2.85298,42.74783],[-2.86388,42.74433],[-2.86446,42.74367]]]]}},{"type":"Feature","properties":{"prov_code":"35","prov_name":"Las Palmas","acom_code":"05","acom_name":"Canarias"},"geometry":{"type":"MultiPolygon","coordinates":[[[[-15.37997,27.9313],[-15.35851,27.93121],[-15.38001,27.9479],[-15.38434,27.96722],[-15.36712,27.99202],[-15.38729,28.02922],[-15.41464,28.04524],[-15.41948,28.05979],[-15.41115,28.1008],[-15.42867,28.12963],[-15.42769,28.14081],[-15.42119,28.13746],[-15.4277,28.14678],[-15.41728,28.14625],[-15.41198,28.12813],[-15.4156,28.14757],[-15.40691,28.15819],[-15.40456,28.12131],[-15.40501,28.16191],[-15.39847,28.15233],[-15.39814,28.16174],[-15.40701,28.17802],[-15.42035,28.18138],[-15.44248,28.16605],[-15.43152,28.15138],[-15.43719,28.13836],[-15.46749,28.12613],[-15.52681,28.15507],[-15.54599,28.14644],[-15.60005,28.14435],[-15.61372,28.14771],[-15.63745,28.17197],[-15.66648,28.15815],[-15.6812,28.16222],[-15.68385,28.17054],[-15.70896,28.1659],[-15.69623,28.15165],[-15.70473,28.14258],[-15.69928,28.133],[-15.70911,28.12126],[-15.71076,28.08319],[-15.73784,28.05457],[-15.7654,28.04622],[-15.78631,28.02113],[-15.82283,28.01362],[-15.81742,28.0048],[-15.83439,27.97112],[-15.82793,27.94696],[-15.83312,27.91006],[-15.78718,27.83406],[-15.70073,27.77102],[-15.68999,27.77131],[-15.67462,27.74921],[-15.65791,27.75644],[-15.6287,27.74509],[-15.61982,27.74899],[-15.59907,27.73461],[-15.57025,27.73764],[-15.56407,27.76008],[-15.51836,27.78123],[-15.4327,27.79982],[-15.4142,27.84663],[-15.39927,27.84214],[-15.39841,27.85622],[-15.38542,27.85753],[-15.3808,27.87599],[-15.39392,27.89094],[-15.38029,27.93097],[-15.37997,27.9313]]],[[[-15.43912,28.1404],[-15.43457,28.14627],[-15.43866,28.14109],[-15.43912,28.1404]]],[[[-14.36075,28.04833],[-14.33347,28.04391],[-14.32284,28.04917],[-14.25225,28.11614],[-14.21864,28.16499],[-14.07345,28.20158],[-14.01267,28.20768],[-13.98664,28.22818],[-13.94453,28.22914],[-13.91713,28.25214],[-13.89685,28.28754],[-13.90331,28.30055],[-13.89539,28.32346],[-13.88603,28.32544],[-13.86002,28.39291],[-13.84992,28.40049],[-13.8501,28.42129],[-13.86232,28.43251],[-13.8571,28.4616],[-13.86756,28.48047],[-13.85784,28.49852],[-13.85519,28.49101],[-13.85471,28.49931],[-13.84265,28.50396],[-13.83763,28.54222],[-13.8256,28.55496],[-13.83089,28.69386],[-13.84226,28.72591],[-13.86636,28.73357],[-13.86568,28.74555],[-13.87434,28.74267],[-13.89088,28.75701],[-13.9157,28.74475],[-13.92659,28.75141],[-13.93777,28.73916],[-13.9414,28.74624],[-13.99881,28.7246],[-14.00528,28.71112],[-14.01743,28.71478],[-14.02038,28.69619],[-14.00891,28.67715],[-14.03875,28.61485],[-14.03329,28.59318],[-14.06677,28.5504],[-14.06372,28.5432],[-14.10063,28.47543],[-14.14702,28.43846],[-14.16226,28.36873],[-14.1775,28.34578],[-14.20392,28.32809],[-14.21432,28.28748],[-14.20839,28.25996],[-14.22304,28.21513],[-14.30689,28.14992],[-14.37349,28.11667],[-14.45018,28.10013],[-14.45568,28.10544],[-14.48099,28.1002],[-14.49118,28.11103],[-14.49907,28.101],[-14.49247,28.08419],[-14.51004,28.06822],[-14.4775,28.07782],[-14.36064,28.04828],[-14.36075,28.04833]]],[[[-13.82243,28.73758],[-13.81445,28.73937],[-13.81445,28.76533],[-13.83572,28.75239],[-13.82284,28.738],[-13.82243,28.73758]]],[[[-13.7008,28.91787],[-13.70689,28.91528],[-13.64355,28.9192],[-13.60881,28.93416],[-13.59783,28.94808],[-13.54293,28.95697],[-13.53169,28.97298],[-13.52812,28.96416],[-13.52325,28.97687],[-13.48582,28.99241],[-13.47615,29.01379],[-13.46609,29.01716],[-13.46633,29.05547],[-13.44743,29.09125],[-13.46422,29.12791],[-13.42891,29.15448],[-13.41915,29.19751],[-13.42396,29.2087],[-13.46605,29.22676],[-13.46978,29.24074],[-13.49714,29.21797],[-13.52206,29.16887],[-13.52458,29.14145],[-13.5451,29.12001],[-13.5613,29.11642],[-13.58549,29.13399],[-13.60188,29.13625],[-13.63282,29.11616],[-13.64169,29.12451],[-13.65793,29.12371],[-13.6619,29.11622],[-13.65238,29.12015],[-13.65206,29.11385],[-13.68081,29.10373],[-13.70689,29.08],[-13.72315,29.08499],[-13.75619,29.07761],[-13.76081,29.06738],[-13.81523,29.0332],[-13.83373,28.9899],[-13.82917,28.93035],[-13.85791,28.89741],[-13.88169,28.88616],[-13.87686,28.85956],[-13.8007,28.85833],[-13.7872,28.8384],[-13.749,28.8747],[-13.7387,28.90494],[-13.70313,28.91744],[-13.7008,28.91787]]],[[[-13.48849,29.24895],[-13.47325,29.27032],[-13.51108,29.29073],[-13.52638,29.24273],[-13.54584,29.23243],[-13.54763,29.2225],[-13.53403,29.2168],[-13.50507,29.2253],[-13.48855,29.24876],[-13.48849,29.24895]]],[[[-13.52951,29.30267],[-13.53968,29.30306],[-13.54028,29.2896],[-13.5313,29.29029],[-13.52953,29.30136],[-13.52951,29.30267]]],[[[-13.52321,29.41091],[-13.53191,29.39497],[-13.52339,29.38273],[-13.5068,29.38448],[-13.48621,29.40339],[-13.50573,29.41601],[-13.52257,29.4108],[-13.52321,29.41091]]]]}},{"type":"Feature","properties":{"prov_code":"17","prov_name":"Girona","acom_code":"09","acom_name":"Cataluña"},"geometry":{"type":"MultiPolygon","coordinates":[[[[1.84249,42.30631],[1.90312,42.3233],[1.93928,42.31647],[1.94324,42.30847],[1.94951,42.31567],[1.98358,42.29802],[2.01872,42.31033],[2.06932,42.29099],[2.01703,42.23218],[2.03006,42.21563],[2.05311,42.21945],[2.05221,42.19539],[2.06342,42.19152],[2.05782,42.17474],[2.03728,42.17842],[2.028,42.16664],[2.00466,42.16246],[1.99767,42.19134],[2.00773,42.19364],[1.96465,42.19883],[1.96554,42.17874],[1.99183,42.18213],[2.00431,42.14969],[2.02765,42.15282],[2.06044,42.13518],[2.09225,42.1444],[2.10133,42.13984],[2.0999,42.12437],[2.12496,42.11239],[2.14357,42.13092],[2.18092,42.13525],[2.18873,42.12429],[2.20067,42.1239],[2.20404,42.13155],[2.21181,42.12792],[2.20528,42.13361],[2.21444,42.14192],[2.25754,42.13863],[2.26987,42.14501],[2.28059,42.1336],[2.29997,42.13376],[2.30374,42.11234],[2.29538,42.10264],[2.32059,42.11673],[2.3656,42.12094],[2.3799,42.10359],[2.40021,42.10271],[2.3945,42.08676],[2.41737,42.06506],[2.42729,42.06115],[2.45804,42.07928],[2.49055,42.06841],[2.49614,42.05901],[2.48134,42.05064],[2.50609,42.0323],[2.49429,42.02091],[2.49905,42.0015],[2.46881,41.99374],[2.48802,41.98485],[2.47431,41.96934],[2.42728,41.96895],[2.44144,41.95991],[2.44238,41.94143],[2.47157,41.93834],[2.48104,41.91606],[2.44258,41.88753],[2.40711,41.89542],[2.38249,41.87173],[2.36953,41.88579],[2.35662,41.88105],[2.33753,41.88915],[2.32796,41.88301],[2.32532,41.85588],[2.34474,41.83737],[2.34534,41.81841],[2.36754,41.80437],[2.43653,41.80288],[2.45575,41.78419],[2.47218,41.7896],[2.46915,41.77779],[2.5157,41.76208],[2.51504,41.74863],[2.54758,41.71899],[2.62918,41.73099],[2.6576,41.74769],[2.68055,41.7396],[2.68175,41.74826],[2.68977,41.74152],[2.72405,41.7444],[2.74421,41.73488],[2.77603,41.73495],[2.76586,41.7257],[2.77452,41.70029],[2.75785,41.6794],[2.77758,41.65077],[2.79157,41.67238],[2.8194,41.68886],[2.93448,41.71505],[2.97677,41.7573],[3.01113,41.77218],[3.03016,41.77081],[3.02968,41.77948],[3.05632,41.78757],[3.07162,41.81948],[3.10219,41.84497],[3.12222,41.84814],[3.12809,41.84281],[3.12074,41.84127],[3.13212,41.84206],[3.14378,41.85784],[3.17689,41.86645],[3.18333,41.88779],[3.20295,41.89157],[3.20751,41.91746],[3.21971,41.92198],[3.21426,41.93658],[3.23347,41.95037],[3.23125,41.96905],[3.21029,41.97367],[3.19571,42.01377],[3.19763,42.04558],[3.2116,42.05396],[3.21222,42.06884],[3.18199,42.10519],[3.16954,42.10533],[3.17681,42.11154],[3.14962,42.12117],[3.1381,42.11571],[3.13675,42.12666],[3.12367,42.1285],[3.11174,42.2059],[3.13459,42.24704],[3.16262,42.26422],[3.18049,42.25774],[3.1826,42.24529],[3.19661,42.24701],[3.2183,42.23229],[3.22925,42.25148],[3.26423,42.23781],[3.25363,42.25239],[3.28159,42.25384],[3.28787,42.26612],[3.2762,42.28709],[3.2993,42.28474],[3.28627,42.29326],[3.28937,42.30689],[3.2995,42.3042],[3.32227,42.3195],[3.29439,42.32976],[3.28634,42.3255],[3.2677,42.34044],[3.24976,42.32977],[3.23113,42.35117],[3.20389,42.34723],[3.19469,42.33578],[3.1879,42.35182],[3.16295,42.36046],[3.16513,42.37428],[3.15517,42.3785],[3.16701,42.38873],[3.15343,42.39143],[3.16502,42.40066],[3.15587,42.40688],[3.17093,42.41651],[3.16055,42.42798],[3.17459,42.43537],[3.12094,42.43823],[3.08518,42.42585],[3.03324,42.47487],[3.01322,42.46637],[2.98877,42.47416],[2.96724,42.46545],[2.94709,42.48212],[2.91842,42.4562],[2.87033,42.46773],[2.86142,42.45528],[2.83962,42.45926],[2.8273,42.43927],[2.80392,42.43304],[2.79931,42.41848],[2.77049,42.41162],[2.75535,42.42596],[2.73354,42.42482],[2.67209,42.40346],[2.6712,42.38742],[2.65138,42.3863],[2.67517,42.35695],[2.67165,42.34075],[2.57101,42.35806],[2.53089,42.33293],[2.50023,42.3432],[2.48091,42.34095],[2.46622,42.3607],[2.4334,42.37762],[2.43289,42.39365],[2.36116,42.40276],[2.3126,42.42848],[2.29105,42.4229],[2.25693,42.43874],[2.20667,42.41738],[2.16768,42.4249],[2.14825,42.42043],[2.12866,42.41255],[2.11676,42.3833],[2.08943,42.37384],[2.08495,42.36188],[2.02359,42.35579],[2.01607,42.34709],[1.96543,42.38093],[1.95857,42.42343],[1.94079,42.43042],[1.93668,42.45441],[1.89195,42.44772],[1.82355,42.48655],[1.72973,42.49228],[1.73192,42.44038],[1.80154,42.42492],[1.81101,42.41114],[1.80005,42.37799],[1.80604,42.37009],[1.82999,42.38141],[1.85506,42.36965],[1.8453,42.35508],[1.83471,42.35515],[1.84225,42.30655],[1.84249,42.30631]]],[[[2.01745,42.10946],[2.01914,42.12098],[2.03194,42.12627],[2.02568,42.13046],[2.00253,42.12532],[2.00762,42.10648],[2.01689,42.10901],[2.01745,42.10946]]],[[[1.97309,42.4852],[1.96308,42.47871],[1.95983,42.45329],[2.01278,42.44836],[1.98739,42.4696],[1.99293,42.4907],[1.97915,42.49499],[1.97344,42.48532],[1.97309,42.4852]]]]}},{"type":"Feature","properties":{"prov_code":"28","prov_name":"Madrid","acom_code":"13","acom_name":"Comunidad de Madrid"},"geometry":{"type":"MultiPolygon","coordinates":[[[[-4.16023,40.68982],[-4.17352,40.67398],[-4.16657,40.65266],[-4.17285,40.63036],[-4.16118,40.62346],[-4.24544,40.60245],[-4.26214,40.60518],[-4.2711,40.62902],[-4.29071,40.62782],[-4.29021,40.60804],[-4.27857,40.60317],[-4.28926,40.56419],[-4.3237,40.54958],[-4.3282,40.5336],[-4.32012,40.53039],[-4.32735,40.50712],[-4.31568,40.46477],[-4.34125,40.42868],[-4.3235,40.42346],[-4.32109,40.41031],[-4.42173,40.40623],[-4.44373,40.3857],[-4.43864,40.35275],[-4.4606,40.34138],[-4.45576,40.31935],[-4.50304,40.31495],[-4.52679,40.34487],[-4.54765,40.34038],[-4.52938,40.29312],[-4.56879,40.25871],[-4.55933,40.23127],[-4.56568,40.21819],[-4.57908,40.2172],[-4.57505,40.20673],[-4.52797,40.20009],[-4.50979,40.21919],[-4.43875,40.23721],[-4.43525,40.25913],[-4.38348,40.28905],[-4.38011,40.31834],[-4.35639,40.30862],[-4.34849,40.23675],[-4.33335,40.23822],[-4.32152,40.2263],[-4.30799,40.23388],[-4.3066,40.22203],[-4.29519,40.21888],[-4.26965,40.23602],[-4.24925,40.27275],[-4.23148,40.27667],[-4.22632,40.26988],[-4.20323,40.26882],[-4.20381,40.2873],[-4.19087,40.29735],[-4.17248,40.2881],[-4.1639,40.27019],[-4.14399,40.26462],[-4.14577,40.24518],[-4.10427,40.24183],[-4.08046,40.26694],[-4.07289,40.26545],[-4.05208,40.25153],[-4.02398,40.24895],[-4.02616,40.23561],[-3.991,40.20948],[-3.95287,40.2128],[-3.95,40.18912],[-3.93129,40.20397],[-3.91171,40.19009],[-3.87632,40.19122],[-3.83419,40.16135],[-3.8046,40.17684],[-3.77143,40.13978],[-3.74626,40.13216],[-3.72222,40.14771],[-3.6915,40.13276],[-3.66731,40.14329],[-3.65633,40.12534],[-3.60763,40.10897],[-3.61629,40.09612],[-3.60373,40.09367],[-3.61036,40.08187],[-3.62895,40.07827],[-3.61657,40.06881],[-3.62191,40.05487],[-3.63894,40.05065],[-3.63549,40.04254],[-3.64726,40.04163],[-3.64964,40.03217],[-3.6665,40.035],[-3.67949,40.01612],[-3.69114,40.0217],[-3.70799,40.01392],[-3.72414,39.99718],[-3.71955,39.98491],[-3.73524,39.98486],[-3.73408,39.9755],[-3.74662,39.98075],[-3.73804,39.96871],[-3.72346,39.97038],[-3.72794,39.96454],[-3.75888,39.96887],[-3.75449,39.9504],[-3.77068,39.95061],[-3.75797,39.95834],[-3.7636,39.96752],[-3.78671,39.9543],[-3.78294,39.94494],[-3.80955,39.95397],[-3.83204,39.93156],[-3.84004,39.94196],[-3.87552,39.9282],[-3.86833,39.90486],[-3.83455,39.89993],[-3.8044,39.88472],[-3.75658,39.92111],[-3.74387,39.9408],[-3.71111,39.95471],[-3.69759,39.94672],[-3.6616,39.96582],[-3.6345,39.96589],[-3.63799,39.98838],[-3.59534,40.00114],[-3.59001,40.01322],[-3.51971,40.02109],[-3.50686,40.04867],[-3.47007,40.0407],[-3.44866,40.04978],[-3.44563,40.03722],[-3.42442,40.04687],[-3.40149,40.03414],[-3.39166,40.04832],[-3.37578,40.05126],[-3.37529,40.07539],[-3.33224,40.08048],[-3.30249,40.05331],[-3.27621,40.04725],[-3.26478,40.0571],[-3.25754,40.05042],[-3.25416,40.05801],[-3.24362,40.05342],[-3.20096,40.06049],[-3.20745,40.06383],[-3.1784,40.09211],[-3.16608,40.09075],[-3.16158,40.06493],[-3.11819,40.06143],[-3.06071,40.09056],[-3.05633,40.11391],[-3.07718,40.13556],[-3.09676,40.14239],[-3.08939,40.16291],[-3.06785,40.15791],[-3.08576,40.18615],[-3.0797,40.22777],[-3.10153,40.27809],[-3.11267,40.28548],[-3.15372,40.26371],[-3.1734,40.23417],[-3.19445,40.24804],[-3.18283,40.30832],[-3.14124,40.35051],[-3.15343,40.3677],[-3.13829,40.37554],[-3.14334,40.38753],[-3.13056,40.40518],[-3.15551,40.43942],[-3.1986,40.44225],[-3.19995,40.51445],[-3.23141,40.53967],[-3.23119,40.53173],[-3.24992,40.54432],[-3.28932,40.53156],[-3.29713,40.53752],[-3.2831,40.55096],[-3.28407,40.56898],[-3.32827,40.59484],[-3.32164,40.61219],[-3.33852,40.62585],[-3.32368,40.62969],[-3.3165,40.65518],[-3.32717,40.64059],[-3.3456,40.63774],[-3.36632,40.64803],[-3.37286,40.6776],[-3.39335,40.69246],[-3.40473,40.66964],[-3.42559,40.68237],[-3.42673,40.67236],[-3.4417,40.67421],[-3.46855,40.68994],[-3.43507,40.7277],[-3.44188,40.73773],[-3.45042,40.73489],[-3.44434,40.76158],[-3.45901,40.78132],[-3.51157,40.7885],[-3.49194,40.79842],[-3.47739,40.82356],[-3.47928,40.8374],[-3.46975,40.84318],[-3.47633,40.85128],[-3.46582,40.85686],[-3.47242,40.86434],[-3.44049,40.87535],[-3.43955,40.89107],[-3.4607,40.89857],[-3.46058,40.90666],[-3.44423,40.90663],[-3.44885,40.92253],[-3.41623,40.97581],[-3.4183,40.98756],[-3.39445,41.00028],[-3.43893,41.04267],[-3.42566,41.08265],[-3.4482,41.08065],[-3.47515,41.09527],[-3.4888,41.09433],[-3.50933,41.13645],[-3.5411,41.14967],[-3.53972,41.16504],[-3.58272,41.16142],[-3.63278,41.13634],[-3.63349,41.12634],[-3.67606,41.0867],[-3.69768,41.08188],[-3.74045,41.05364],[-3.78137,41.00031],[-3.89518,40.96552],[-3.92176,40.92993],[-3.93795,40.92718],[-3.95228,40.89363],[-3.94235,40.88897],[-3.94711,40.86297],[-3.96551,40.83799],[-3.96212,40.82345],[-3.97996,40.79939],[-3.97968,40.78455],[-4.00364,40.78872],[-4.03239,40.78161],[-4.07009,40.79392],[-4.09625,40.76527],[-4.09699,40.74774],[-4.12076,40.73567],[-4.14437,40.69584],[-4.15865,40.69112],[-4.16023,40.68982]],[[-3.37444,40.62614],[-3.38214,40.63047],[-3.37405,40.64025],[-3.36361,40.63842],[-3.37248,40.62616],[-3.37444,40.62614]]],[[[-4.27416,40.67709],[-4.28997,40.68056],[-4.31619,40.66675],[-4.31951,40.64766],[-4.25604,40.65146],[-4.25388,40.66189],[-4.27344,40.67643],[-4.27416,40.67709]]]]}},{"type":"Feature","properties":{"prov_code":"39","prov_name":"Cantabria","acom_code":"06","acom_name":"Cantabria"},"geometry":{"type":"MultiPolygon","coordinates":[[[[-4.73785,43.02094],[-4.6847,43.02633],[-4.63951,43.01636],[-4.60644,43.03543],[-4.55937,43.01923],[-4.52125,43.04753],[-4.47535,43.03868],[-4.46207,43.06099],[-4.44756,43.05837],[-4.3981,43.03501],[-4.34798,42.97239],[-4.26259,42.96534],[-4.23832,42.95416],[-4.237,42.91812],[-4.22245,42.91075],[-4.23076,42.90475],[-4.22561,42.8587],[-4.21398,42.84731],[-4.19923,42.84434],[-4.15012,42.87144],[-4.12602,42.85668],[-4.14068,42.8291],[-4.15807,42.83748],[-4.18433,42.82183],[-4.1825,42.81043],[-4.15054,42.78941],[-4.09854,42.79129],[-4.08146,42.76162],[-4.05448,42.7634],[-4.0461,42.78578],[-4.02987,42.78834],[-4.03292,42.80126],[-4.01418,42.80638],[-4.02078,42.81935],[-4.00356,42.83141],[-3.99965,42.76898],[-3.98159,42.76831],[-3.9773,42.75805],[-3.94658,42.76191],[-3.93059,42.77449],[-3.91095,42.76839],[-3.89445,42.80454],[-3.86204,42.78652],[-3.82356,42.79886],[-3.8165,42.81041],[-3.83401,42.87719],[-3.86382,42.88963],[-3.87381,42.87476],[-3.86824,42.85703],[-3.87996,42.85112],[-3.91396,42.86024],[-3.89693,42.88161],[-3.92411,42.88891],[-3.89221,42.88704],[-3.90867,42.91499],[-3.88981,42.90229],[-3.86562,42.89932],[-3.85167,42.91949],[-3.83338,42.91851],[-3.83067,42.93013],[-3.86709,42.95483],[-3.88738,42.94877],[-3.89128,42.92549],[-3.91149,42.92339],[-3.93354,42.8996],[-3.92964,42.9147],[-3.97327,42.91159],[-3.99058,42.93061],[-3.95609,42.99796],[-3.90926,43.0161],[-3.89075,43.04183],[-3.84987,43.04022],[-3.83177,43.06383],[-3.85072,43.07705],[-3.84701,43.08442],[-3.76494,43.08089],[-3.75488,43.10055],[-3.70468,43.11627],[-3.6495,43.17984],[-3.61256,43.1695],[-3.60319,43.14961],[-3.58526,43.15441],[-3.49258,43.13382],[-3.41761,43.13332],[-3.4334,43.17113],[-3.43312,43.20662],[-3.45015,43.23621],[-3.41253,43.24177],[-3.41358,43.24978],[-3.39595,43.24775],[-3.3831,43.27037],[-3.33858,43.27806],[-3.34313,43.29428],[-3.33241,43.30188],[-3.32369,43.29246],[-3.29494,43.30076],[-3.29112,43.29037],[-3.2645,43.29602],[-3.20945,43.28361],[-3.19321,43.29845],[-3.15733,43.30132],[-3.15076,43.34871],[-3.21213,43.375],[-3.21792,43.38288],[-3.20883,43.38121],[-3.22589,43.38761],[-3.22129,43.3939],[-3.30437,43.40972],[-3.32076,43.40279],[-3.32327,43.41907],[-3.33722,43.41267],[-3.41214,43.41918],[-3.42524,43.41325],[-3.45005,43.43606],[-3.46472,43.40394],[-3.46357,43.43128],[-3.49168,43.4248],[-3.46467,43.43674],[-3.46497,43.4446],[-3.45908,43.43872],[-3.42978,43.44101],[-3.43088,43.462],[-3.4938,43.47054],[-3.51475,43.47937],[-3.51307,43.49222],[-3.53903,43.4937],[-3.5466,43.50777],[-3.57846,43.5065],[-3.58937,43.51365],[-3.6118,43.49918],[-3.64481,43.49873],[-3.68114,43.47806],[-3.72328,43.47358],[-3.73462,43.45928],[-3.77744,43.45807],[-3.74631,43.45187],[-3.75247,43.43552],[-3.73877,43.43287],[-3.72621,43.44343],[-3.70937,43.41126],[-3.72649,43.44242],[-3.73643,43.43151],[-3.75722,43.43063],[-3.75593,43.44815],[-3.77489,43.44865],[-3.79128,43.43221],[-3.7793,43.42091],[-3.80037,43.41147],[-3.80739,43.41747],[-3.81531,43.40756],[-3.80631,43.39627],[-3.76754,43.40606],[-3.80888,43.39347],[-3.82124,43.41196],[-3.82895,43.408],[-3.80378,43.42616],[-3.83069,43.43516],[-3.81501,43.43749],[-3.82767,43.44253],[-3.81484,43.44482],[-3.82534,43.45167],[-3.76329,43.4672],[-3.78488,43.47671],[-3.78528,43.49177],[-3.81157,43.49493],[-3.83866,43.47835],[-3.84308,43.48394],[-3.86274,43.47606],[-3.87878,43.48038],[-3.89494,43.47083],[-3.89207,43.47701],[-3.90654,43.47783],[-3.94554,43.47115],[-3.97869,43.44088],[-3.98519,43.44631],[-4.00142,43.43962],[-4.02118,43.44879],[-4.03342,43.43572],[-4.04629,43.44518],[-4.0564,43.43348],[-4.075,43.43056],[-4.08165,43.43821],[-4.11199,43.41882],[-4.17523,43.40105],[-4.23322,43.40052],[-4.28058,43.38799],[-4.29333,43.39503],[-4.32802,43.39125],[-4.33998,43.40576],[-4.38936,43.38992],[-4.3857,43.39509],[-4.41906,43.39828],[-4.47424,43.38898],[-4.47241,43.39439],[-4.49513,43.39752],[-4.51243,43.39328],[-4.52115,43.36615],[-4.53438,43.36768],[-4.53981,43.35639],[-4.5386,43.34347],[-4.523,43.33809],[-4.5191,43.30992],[-4.52152,43.28041],[-4.53601,43.2702],[-4.54737,43.26898],[-4.55176,43.28672],[-4.60756,43.29863],[-4.63654,43.2755],[-4.63157,43.26708],[-4.70604,43.26687],[-4.73094,43.25734],[-4.72101,43.22951],[-4.73067,43.22344],[-4.73803,43.18636],[-4.77899,43.19208],[-4.85166,43.17358],[-4.83457,43.15746],[-4.85143,43.12594],[-4.83312,43.10186],[-4.76684,43.07469],[-4.76605,43.05528],[-4.74005,43.05317],[-4.73852,43.02176],[-4.73785,43.02094]],[[-4.17981,42.82326],[-4.16159,42.82033],[-4.16173,42.81306],[-4.17521,42.81181],[-4.18298,42.8205],[-4.17981,42.82326]],[[-4.08933,42.80908],[-4.10157,42.79373],[-4.11322,42.81621],[-4.1073,42.8277],[-4.08925,42.81095],[-4.08933,42.80908]]],[[[-3.73131,43.47118],[-3.72928,43.47668],[-3.73162,43.4718],[-3.73131,43.47118]]],[[[-3.30369,43.25541],[-3.29266,43.24087],[-3.29681,43.20602],[-3.28482,43.19717],[-3.26572,43.20591],[-3.27078,43.23004],[-3.24918,43.25965],[-3.26517,43.26719],[-3.30337,43.2559],[-3.30369,43.25541]]]]}},{"type":"Feature","properties":{"prov_code":"34","prov_name":"Palencia","acom_code":"07","acom_name":"Castilla y León"},"geometry":{"type":"MultiPolygon","coordinates":[[[[-5.00214,42.28913],[-5.01881,42.25386],[-5.00916,42.23103],[-5.0249,42.2173],[-5.01239,42.18976],[-5.03189,42.17363],[-5.02697,42.15391],[-5.01503,42.1568],[-4.98848,42.14438],[-4.9664,42.15576],[-4.96244,42.1496],[-4.9275,42.15022],[-4.92871,42.11831],[-4.90418,42.07839],[-4.92775,42.0735],[-4.94763,42.05431],[-4.93601,42.01792],[-4.96554,42.00706],[-4.97611,41.97361],[-4.99407,41.96257],[-5.00485,41.93795],[-4.98368,41.91003],[-4.94959,41.93383],[-4.92794,41.91503],[-4.9118,41.91566],[-4.88978,41.93278],[-4.86909,41.93173],[-4.8677,41.9176],[-4.83827,41.89853],[-4.78925,41.81802],[-4.75842,41.82579],[-4.72644,41.85452],[-4.72825,41.86883],[-4.66968,41.90051],[-4.6373,41.88811],[-4.6319,41.86173],[-4.56608,41.81257],[-4.54807,41.81899],[-4.54915,41.83102],[-4.51212,41.8233],[-4.50859,41.83231],[-4.4733,41.84303],[-4.47831,41.82859],[-4.46115,41.82036],[-4.48734,41.8201],[-4.50118,41.77141],[-4.45424,41.75917],[-4.43398,41.76178],[-4.3893,41.78777],[-4.31764,41.76344],[-4.30679,41.77592],[-4.28658,41.77488],[-4.26023,41.80526],[-4.24744,41.80293],[-4.23603,41.81397],[-4.21395,41.79941],[-4.17883,41.80352],[-4.15386,41.79621],[-4.1232,41.80731],[-4.10027,41.77471],[-4.08909,41.77963],[-4.04088,41.76835],[-4.038,41.78985],[-4.09007,41.83086],[-4.07932,41.84845],[-4.08883,41.87065],[-4.01739,41.87946],[-3.9807,41.90062],[-3.98134,41.9307],[-3.95218,41.93531],[-3.92914,41.95937],[-3.89198,41.95794],[-3.89147,41.99665],[-3.9102,41.99697],[-3.9907,41.95975],[-4.03298,41.95408],[-4.01478,41.99859],[-3.99478,42.00541],[-3.97107,42.03322],[-3.98168,42.05105],[-3.99631,42.04497],[-4.03925,42.05335],[-4.04788,42.03905],[-4.06368,42.04364],[-4.07989,42.03678],[-4.10411,42.06163],[-4.10304,42.08704],[-4.07749,42.08268],[-4.05621,42.10091],[-4.10378,42.10969],[-4.12022,42.12813],[-4.14208,42.11963],[-4.15111,42.13131],[-4.17677,42.12586],[-4.20501,42.13361],[-4.2061,42.15399],[-4.18864,42.17638],[-4.21488,42.20657],[-4.23144,42.20845],[-4.22693,42.22956],[-4.2374,42.23576],[-4.22876,42.25037],[-4.24411,42.2594],[-4.25189,42.31],[-4.26433,42.31357],[-4.26452,42.3241],[-4.25678,42.32285],[-4.2697,42.33923],[-4.26482,42.35251],[-4.28052,42.36379],[-4.27273,42.38572],[-4.27595,42.39192],[-4.32159,42.3799],[-4.33093,42.39099],[-4.32953,42.40643],[-4.31641,42.41016],[-4.33325,42.41675],[-4.33533,42.4306],[-4.31709,42.45893],[-4.30703,42.45335],[-4.24259,42.45624],[-4.25439,42.46792],[-4.24485,42.47211],[-4.24704,42.49472],[-4.26265,42.51184],[-4.2862,42.51197],[-4.27215,42.51998],[-4.27769,42.54469],[-4.30333,42.55536],[-4.30535,42.57081],[-4.27081,42.58139],[-4.28544,42.58198],[-4.2939,42.60526],[-4.26387,42.61796],[-4.27719,42.64327],[-4.27603,42.67307],[-4.2894,42.67831],[-4.29317,42.6909],[-4.26669,42.7053],[-4.25704,42.68811],[-4.24892,42.69838],[-4.21857,42.70468],[-4.18539,42.73618],[-4.14497,42.75252],[-4.12478,42.75165],[-4.12399,42.73617],[-4.10955,42.73388],[-4.08169,42.76448],[-4.09854,42.79129],[-4.15054,42.78941],[-4.1825,42.81043],[-4.17873,42.82613],[-4.15706,42.83757],[-4.14068,42.8291],[-4.12814,42.84625],[-4.12602,42.85668],[-4.1451,42.86232],[-4.14391,42.86885],[-4.18125,42.85858],[-4.19923,42.84434],[-4.22432,42.85681],[-4.23076,42.90475],[-4.22245,42.91075],[-4.237,42.91812],[-4.23832,42.95416],[-4.26259,42.96534],[-4.34798,42.97239],[-4.3981,43.03501],[-4.44756,43.05837],[-4.46207,43.06099],[-4.47535,43.03868],[-4.52125,43.04753],[-4.55937,43.01923],[-4.60644,43.03543],[-4.63951,43.01636],[-4.69047,43.02647],[-4.75699,43.0155],[-4.79482,42.98665],[-4.79567,42.97387],[-4.80725,42.96771],[-4.80923,42.93034],[-4.83786,42.90673],[-4.83839,42.89532],[-4.8555,42.89171],[-4.86558,42.86055],[-4.89837,42.86313],[-4.90081,42.85159],[-4.88856,42.84113],[-4.90286,42.80997],[-4.89588,42.78517],[-4.92062,42.75747],[-4.93556,42.75646],[-4.93636,42.74447],[-4.91846,42.73423],[-4.91589,42.72056],[-4.89056,42.72326],[-4.87167,42.70799],[-4.9003,42.67012],[-4.89466,42.62386],[-4.91595,42.55475],[-4.91045,42.54144],[-4.88799,42.53703],[-4.9,42.45068],[-4.92399,42.43614],[-4.90498,42.42456],[-4.91432,42.40119],[-4.90324,42.38653],[-4.97255,42.37439],[-4.98421,42.33787],[-4.9425,42.34655],[-4.94243,42.3275],[-4.95345,42.29716],[-4.9735,42.28869],[-4.99478,42.29313],[-5.00214,42.28913]],[[-4.24781,42.73604],[-4.25133,42.72655],[-4.26315,42.73048],[-4.26063,42.73889],[-4.2497,42.73655],[-4.24781,42.73604]]],[[[-4.03279,42.10585],[-4.03194,42.07864],[-4.02432,42.08107],[-4.03025,42.10097],[-4.03279,42.10585]]],[[[-4.11184,42.15858],[-4.10273,42.13724],[-4.08348,42.14127],[-4.06214,42.13158],[-4.07448,42.15612],[-4.06564,42.1635],[-4.07629,42.16786],[-4.09423,42.15772],[-4.1093,42.15922],[-4.11184,42.15858]]],[[[-3.99965,42.76898],[-4.00356,42.83141],[-4.02078,42.81935],[-4.01418,42.80638],[-4.03292,42.80126],[-4.02987,42.78834],[-4.04375,42.78879],[-4.05022,42.7798],[-4.04611,42.7668],[-4.00309,42.76336],[-4.00143,42.76872],[-3.99965,42.76898]]],[[[-4.08933,42.80908],[-4.08887,42.81853],[-4.1073,42.8277],[-4.11322,42.81621],[-4.10157,42.79373],[-4.08788,42.80568],[-4.08933,42.80908]]],[[[-4.17981,42.82326],[-4.17521,42.81181],[-4.16173,42.81306],[-4.16159,42.82033],[-4.17696,42.82356],[-4.17981,42.82326]]]]}},{"type":"Feature","properties":{"prov_code":"50","prov_name":"Zaragoza","acom_code":"02","acom_name":"Aragón"},"geometry":{"type":"Polygon","coordinates":[[[-2.05169,41.14685],[-1.95902,41.17249],[-1.95069,41.16889],[-1.93245,41.13859],[-1.89053,41.13304],[-1.86965,41.10798],[-1.80321,41.08998],[-1.75775,41.05507],[-1.74713,41.0339],[-1.635,40.95272],[-1.58956,40.93622],[-1.55739,40.93949],[-1.50534,40.96412],[-1.47299,40.9488],[-1.4466,40.98456],[-1.45935,41.00676],[-1.4764,41.01494],[-1.41773,41.02967],[-1.40522,41.06631],[-1.3558,41.08853],[-1.35417,41.05753],[-1.28743,41.04886],[-1.27093,41.05478],[-1.2533,41.07733],[-1.27137,41.10328],[-1.2544,41.12294],[-1.20998,41.1388],[-1.17399,41.12369],[-1.1216,41.13493],[-1.10568,41.16759],[-1.06806,41.15516],[-1.03931,41.13472],[-1.00086,41.13401],[-0.97242,41.15346],[-1.00056,41.11484],[-0.9986,41.09523],[-0.95292,41.07544],[-0.91255,41.09301],[-0.91531,41.10516],[-0.89055,41.12563],[-0.89149,41.14515],[-0.88326,41.14876],[-0.88366,41.13011],[-0.85989,41.10801],[-0.82853,41.09642],[-0.79281,41.1056],[-0.78086,41.14699],[-0.76141,41.16966],[-0.71218,41.12175],[-0.6907,41.11362],[-0.64082,41.17097],[-0.6099,41.19168],[-0.66922,41.23685],[-0.64278,41.23836],[-0.62546,41.24818],[-0.62972,41.31176],[-0.60526,41.32331],[-0.54849,41.26774],[-0.53158,41.22781],[-0.50969,41.23828],[-0.50618,41.25025],[-0.52715,41.28822],[-0.56611,41.30349],[-0.58181,41.32143],[-0.58179,41.34812],[-0.56773,41.35391],[-0.55067,41.3455],[-0.51015,41.35406],[-0.48908,41.35027],[-0.47016,41.31825],[-0.4215,41.31235],[-0.42754,41.29198],[-0.34814,41.24128],[-0.32498,41.24533],[-0.31608,41.25686],[-0.27137,41.21628],[-0.24641,41.21192],[-0.22419,41.18948],[-0.18095,41.18814],[-0.1224,41.15664],[-0.07969,41.15096],[-0.02579,41.12808],[0.03692,41.04657],[0.05183,41.05482],[0.05754,41.07505],[0.07863,41.08034],[0.11826,41.07683],[0.14586,41.06304],[0.16856,41.07096],[0.22075,41.07133],[0.21952,41.08333],[0.20067,41.0848],[0.20929,41.11687],[0.20088,41.1265],[0.21863,41.13071],[0.21408,41.13695],[0.24979,41.12961],[0.25299,41.15015],[0.27301,41.14881],[0.30332,41.16438],[0.3224,41.22524],[0.34031,41.23106],[0.36086,41.22552],[0.3646,41.23868],[0.38131,41.23643],[0.37351,41.24866],[0.38556,41.27861],[0.36675,41.30083],[0.3678,41.31936],[0.34845,41.32809],[0.37291,41.35348],[0.35829,41.37199],[0.32004,41.39418],[0.33585,41.40746],[0.30888,41.41884],[0.24375,41.4288],[0.21909,41.40357],[0.18264,41.39441],[0.16365,41.4065],[0.12464,41.38354],[0.1063,41.35082],[0.00969,41.36043],[-0.00298,41.38792],[-0.0234,41.39699],[-0.02928,41.37782],[-0.00793,41.34781],[-0.04944,41.36046],[-0.07271,41.37716],[-0.10497,41.48548],[-0.13366,41.5213],[-0.15666,41.53529],[-0.15748,41.56838],[-0.16735,41.58111],[-0.15645,41.58997],[-0.20574,41.60226],[-0.24478,41.57311],[-0.30231,41.60792],[-0.31259,41.6241],[-0.35952,41.63522],[-0.3745,41.68812],[-0.42854,41.70548],[-0.44492,41.70368],[-0.48942,41.73167],[-0.51869,41.72882],[-0.50069,41.76132],[-0.51675,41.83678],[-0.55521,41.87133],[-0.60331,41.88283],[-0.59547,41.89959],[-0.63058,41.91291],[-0.65783,41.9575],[-0.77821,41.9574],[-0.88493,42.00358],[-0.85074,42.02615],[-0.85701,42.05099],[-0.81033,42.09386],[-0.79351,42.05411],[-0.76371,42.06622],[-0.76068,42.07938],[-0.77008,42.08733],[-0.75555,42.08995],[-0.75872,42.14696],[-0.74739,42.15592],[-0.7598,42.17023],[-0.75162,42.17293],[-0.7599,42.17867],[-0.75047,42.19941],[-0.76152,42.21446],[-0.75938,42.26365],[-0.72894,42.29774],[-0.74459,42.33868],[-0.73643,42.36988],[-0.77794,42.39126],[-0.77181,42.34671],[-0.80653,42.27055],[-0.8131,42.26449],[-0.84393,42.28283],[-0.85793,42.27474],[-0.87696,42.28165],[-0.89118,42.26304],[-0.89055,42.24003],[-0.91891,42.25732],[-0.88898,42.28698],[-0.8796,42.31889],[-0.85566,42.33992],[-0.84418,42.38464],[-0.82167,42.38456],[-0.81531,42.39523],[-0.83543,42.39553],[-0.84209,42.40739],[-0.90441,42.43476],[-0.89628,42.4438],[-0.90376,42.45324],[-0.87772,42.46164],[-0.89702,42.47908],[-0.89299,42.50985],[-0.93343,42.50588],[-0.91645,42.53732],[-0.89826,42.53896],[-0.89505,42.54906],[-0.89935,42.55998],[-0.9186,42.55528],[-0.92161,42.57124],[-0.93417,42.57265],[-0.92479,42.58797],[-0.90867,42.58713],[-0.90471,42.59905],[-0.91468,42.60233],[-0.90466,42.61294],[-0.92764,42.65624],[-0.89309,42.66235],[-0.87995,42.68814],[-0.90155,42.70187],[-0.92246,42.7008],[-0.90435,42.71219],[-0.90684,42.72661],[-0.89687,42.73566],[-0.90109,42.74272],[-0.92298,42.744],[-0.94868,42.71145],[-1.02798,42.70006],[-1.03919,42.69163],[-1.03681,42.65164],[-1.05095,42.643],[-1.15205,42.64788],[-1.15712,42.61089],[-1.17192,42.61706],[-1.17978,42.61062],[-1.15803,42.59915],[-1.20192,42.57824],[-1.20279,42.54966],[-1.22617,42.54224],[-1.26477,42.5568],[-1.28814,42.52279],[-1.29348,42.51096],[-1.27278,42.4819],[-1.28136,42.46445],[-1.31521,42.44922],[-1.34151,42.42394],[-1.3599,42.37804],[-1.35061,42.37007],[-1.33622,42.37201],[-1.32908,42.35539],[-1.39908,42.2913],[-1.39137,42.27212],[-1.41753,42.21237],[-1.39191,42.18142],[-1.39888,42.12622],[-1.36676,42.10696],[-1.35228,42.07307],[-1.31059,42.07231],[-1.30482,42.04295],[-1.33952,42.01801],[-1.37435,41.962],[-1.38599,41.95725],[-1.38223,41.94334],[-1.40355,41.93508],[-1.41076,41.91896],[-1.42178,41.91307],[-1.50176,41.92428],[-1.52331,41.90989],[-1.55926,41.91394],[-1.59625,41.92709],[-1.61482,41.95053],[-1.65415,41.96535],[-1.66364,41.95999],[-1.67546,41.96675],[-1.68682,41.95285],[-1.71522,41.95696],[-1.74136,41.96837],[-1.7669,41.99579],[-1.79139,41.98963],[-1.81035,41.99802],[-1.8337,41.99506],[-1.84718,42.008],[-1.84405,41.98733],[-1.86519,41.9776],[-1.85475,41.95915],[-1.85728,41.90952],[-1.83878,41.88902],[-1.83506,41.86649],[-1.8226,41.86544],[-1.81751,41.85307],[-1.81875,41.82905],[-1.85212,41.78826],[-1.82599,41.77864],[-1.80292,41.75142],[-1.80887,41.73618],[-1.77537,41.72479],[-1.78726,41.69909],[-1.81259,41.68607],[-1.80622,41.66426],[-1.85899,41.66153],[-1.87398,41.63798],[-1.8979,41.63241],[-1.9231,41.59833],[-1.98451,41.60707],[-1.99303,41.6008],[-1.99369,41.57709],[-1.96733,41.54607],[-1.98111,41.48644],[-1.95328,41.46245],[-1.95369,41.42426],[-1.93652,41.4199],[-1.93729,41.40785],[-1.98188,41.40232],[-2.00965,41.38584],[-2.02927,41.38416],[-2.04358,41.39715],[-2.03477,41.40442],[-2.03562,41.42689],[-2.10152,41.44579],[-2.11677,41.42495],[-2.11603,41.38205],[-2.14921,41.35615],[-2.16314,41.35535],[-2.15711,41.33397],[-2.16928,41.32222],[-2.17367,41.28808],[-2.15645,41.25864],[-2.14624,41.18439],[-2.0799,41.17098],[-2.05282,41.14744],[-2.05169,41.14685]],[[-1.10265,42.48221],[-1.08514,42.48336],[-1.08747,42.47469],[-1.05436,42.4488],[-1.05645,42.43432],[-1.12936,42.44672],[-1.10324,42.48198],[-1.10265,42.48221]],[[-1.18535,42.40781],[-1.18283,42.42459],[-1.14497,42.44187],[-1.15877,42.40966],[-1.18338,42.4011],[-1.18594,42.40718],[-1.18535,42.40781]]]}},{"type":"Feature","properties":{"prov_code":"16","prov_name":"Cuenca","acom_code":"08","acom_name":"Castilla-La Mancha"},"geometry":{"type":"Polygon","coordinates":[[[-2.74293,39.3183],[-2.65921,39.32275],[-2.62,39.33931],[-2.54754,39.32382],[-2.51112,39.34217],[-2.37427,39.23282],[-2.34989,39.27854],[-2.32119,39.28374],[-2.30183,39.26361],[-2.28854,39.22648],[-2.21947,39.26148],[-2.18034,39.27014],[-2.17407,39.28015],[-2.05096,39.26668],[-2.09562,39.35942],[-2.02033,39.35182],[-2.02843,39.33681],[-1.99508,39.30981],[-1.9898,39.29368],[-1.88708,39.30479],[-1.84519,39.28612],[-1.76985,39.28051],[-1.76311,39.30149],[-1.73928,39.32116],[-1.62493,39.36171],[-1.55568,39.40185],[-1.50524,39.41764],[-1.49689,39.42906],[-1.52105,39.43174],[-1.51819,39.44798],[-1.52878,39.4544],[-1.51312,39.45797],[-1.50285,39.47946],[-1.51171,39.48197],[-1.50486,39.48767],[-1.51236,39.49589],[-1.50364,39.49116],[-1.49891,39.50166],[-1.50715,39.50788],[-1.50299,39.5474],[-1.52105,39.54996],[-1.50341,39.55194],[-1.50436,39.5639],[-1.46208,39.57662],[-1.41793,39.65494],[-1.36853,39.68961],[-1.30785,39.67082],[-1.27958,39.67789],[-1.262,39.69891],[-1.27541,39.73864],[-1.215,39.80877],[-1.20004,39.85871],[-1.19576,39.91406],[-1.20908,39.92842],[-1.20832,39.94391],[-1.15295,39.96414],[-1.14255,39.97195],[-1.14735,39.9886],[-1.1682,40.01059],[-1.24946,39.9951],[-1.33578,40.01667],[-1.37686,40.0165],[-1.42029,40.09351],[-1.4076,40.1014],[-1.45621,40.13095],[-1.44237,40.1576],[-1.43921,40.19701],[-1.47442,40.18504],[-1.5109,40.20372],[-1.54048,40.1908],[-1.69035,40.30966],[-1.70146,40.30592],[-1.71744,40.27785],[-1.7294,40.30097],[-1.6972,40.32013],[-1.74219,40.34903],[-1.77722,40.39141],[-1.81016,40.39945],[-1.8367,40.42599],[-1.84533,40.41727],[-1.85396,40.42184],[-1.86619,40.45036],[-1.86192,40.46247],[-1.88879,40.50408],[-1.88146,40.51747],[-1.89981,40.54104],[-1.90947,40.54165],[-1.91649,40.58282],[-1.9262,40.59392],[-1.95455,40.60044],[-1.96144,40.61138],[-1.9659,40.59198],[-1.98553,40.58543],[-2.0358,40.60157],[-2.05927,40.62529],[-2.11012,40.65139],[-2.15694,40.65869],[-2.16925,40.63023],[-2.21382,40.61918],[-2.2746,40.64475],[-2.29424,40.62465],[-2.28604,40.59222],[-2.29766,40.57284],[-2.34344,40.56938],[-2.35985,40.58064],[-2.35439,40.59272],[-2.37257,40.60716],[-2.39873,40.61377],[-2.40655,40.60832],[-2.41642,40.58055],[-2.38,40.54359],[-2.41182,40.52563],[-2.42674,40.54075],[-2.44864,40.52453],[-2.49597,40.50881],[-2.5136,40.51577],[-2.52724,40.54428],[-2.53657,40.53667],[-2.54627,40.51896],[-2.5288,40.49808],[-2.54445,40.47463],[-2.50453,40.44865],[-2.51546,40.42428],[-2.54255,40.42545],[-2.5466,40.43502],[-2.58624,40.45026],[-2.59956,40.44337],[-2.64158,40.44885],[-2.66385,40.43605],[-2.67316,40.44861],[-2.68515,40.44329],[-2.67636,40.43578],[-2.68501,40.42773],[-2.70345,40.42538],[-2.68077,40.40271],[-2.68513,40.398],[-2.71743,40.41982],[-2.71604,40.40788],[-2.72803,40.41121],[-2.7229,40.39712],[-2.76002,40.41234],[-2.76987,40.4214],[-2.76007,40.44199],[-2.77757,40.44636],[-2.80768,40.40679],[-2.81693,40.36379],[-2.80263,40.26403],[-2.82153,40.20518],[-2.86313,40.20011],[-2.87374,40.17357],[-2.91148,40.15708],[-2.94698,40.16961],[-3.00507,40.20912],[-3.02107,40.18749],[-3.01226,40.17397],[-3.01597,40.15271],[-3.06377,40.16825],[-3.06889,40.15659],[-3.08624,40.1639],[-3.09737,40.15435],[-3.09407,40.13966],[-3.07718,40.13556],[-3.05613,40.11359],[-3.06071,40.09056],[-3.11819,40.06143],[-3.16165,40.06489],[-3.17023,40.04814],[-3.1655,40.0282],[-3.14257,39.98496],[-3.09667,39.9869],[-3.09706,39.93347],[-3.12723,39.87468],[-3.09627,39.86911],[-3.07629,39.85571],[-3.05968,39.83747],[-3.04054,39.78758],[-3.01555,39.76491],[-2.99775,39.71887],[-2.90823,39.64233],[-2.92551,39.6018],[-2.92065,39.55914],[-2.93529,39.52568],[-2.9358,39.49382],[-2.93241,39.4525],[-2.91481,39.4474],[-2.87032,39.39084],[-2.87086,39.38399],[-2.88717,39.38273],[-2.89375,39.35859],[-2.88218,39.35013],[-2.86427,39.3563],[-2.86003,39.34682],[-2.84717,39.34807],[-2.82642,39.35905],[-2.79381,39.39774],[-2.77811,39.39563],[-2.74292,39.31864],[-2.74293,39.3183]]]}},{"type":"Feature","properties":{"prov_code":"05","prov_name":"Ávila","acom_code":"07","acom_name":"Castilla y León"},"geometry":{"type":"Polygon","coordinates":[[[-5.73756,40.29412],[-5.69266,40.29211],[-5.6567,40.2704],[-5.65981,40.25737],[-5.6492,40.24972],[-5.622,40.24588],[-5.61004,40.21548],[-5.53096,40.19472],[-5.47091,40.20785],[-5.46807,40.22415],[-5.43977,40.23363],[-5.4291,40.25261],[-5.39565,40.2503],[-5.34349,40.26337],[-5.37014,40.21693],[-5.36274,40.20131],[-5.36852,40.16311],[-5.33569,40.11515],[-5.31584,40.10703],[-5.21592,40.10773],[-5.19957,40.08193],[-5.14137,40.09198],[-5.10147,40.12712],[-5.08844,40.1242],[-5.06793,40.15053],[-5.02917,40.15796],[-5.01688,40.15911],[-5.0063,40.12635],[-5.01173,40.11102],[-4.95502,40.12144],[-4.9574,40.13292],[-4.92529,40.13627],[-4.91784,40.15402],[-4.92484,40.17007],[-4.86452,40.20453],[-4.83489,40.21222],[-4.807,40.23507],[-4.81811,40.25479],[-4.80347,40.27527],[-4.76159,40.2609],[-4.74263,40.27528],[-4.7286,40.27052],[-4.69814,40.28219],[-4.69397,40.26598],[-4.70268,40.26058],[-4.6872,40.24961],[-4.68689,40.21051],[-4.6543,40.19805],[-4.61675,40.2],[-4.56091,40.22279],[-4.56954,40.25728],[-4.52938,40.29312],[-4.54623,40.34183],[-4.52679,40.34487],[-4.50304,40.31495],[-4.45576,40.31935],[-4.4606,40.34138],[-4.43864,40.35275],[-4.44373,40.3857],[-4.42173,40.40623],[-4.32109,40.41031],[-4.3235,40.42346],[-4.34125,40.42868],[-4.31568,40.46477],[-4.32735,40.50712],[-4.32012,40.53039],[-4.3282,40.5336],[-4.3237,40.54958],[-4.28926,40.56419],[-4.27857,40.60317],[-4.29021,40.60804],[-4.29071,40.62782],[-4.2711,40.62902],[-4.26214,40.60518],[-4.24544,40.60245],[-4.16118,40.62346],[-4.17285,40.63036],[-4.16657,40.65266],[-4.17352,40.67398],[-4.16023,40.68982],[-4.1837,40.69803],[-4.2529,40.68953],[-4.27399,40.67994],[-4.25388,40.66189],[-4.25604,40.65146],[-4.32814,40.64726],[-4.33263,40.63713],[-4.41962,40.63343],[-4.43468,40.70617],[-4.43113,40.74238],[-4.47384,40.77465],[-4.48156,40.78837],[-4.47318,40.80005],[-4.49377,40.83352],[-4.54639,40.82555],[-4.55671,40.83633],[-4.54986,40.85335],[-4.53157,40.85864],[-4.53531,40.87237],[-4.55956,40.88585],[-4.55245,40.90746],[-4.56635,40.9562],[-4.60675,40.9708],[-4.63829,41.03131],[-4.68014,41.05092],[-4.70325,41.05243],[-4.71272,41.0621],[-4.70715,41.08878],[-4.71789,41.09],[-4.71003,41.09927],[-4.72456,41.12266],[-4.71672,41.13264],[-4.7221,41.14932],[-4.78619,41.14356],[-4.81352,41.12938],[-4.81497,41.10345],[-4.86368,41.09402],[-4.95081,41.14071],[-4.96297,41.14011],[-4.96761,41.1523],[-4.98454,41.15224],[-4.98974,41.1608],[-5.01386,41.16425],[-5.02178,41.15355],[-5.05986,41.13862],[-5.10013,41.1471],[-5.11144,41.13501],[-5.12404,41.1356],[-5.12917,41.10538],[-5.15226,41.08193],[-5.14654,41.04364],[-5.10661,41.0295],[-5.08984,40.99663],[-5.10484,40.96025],[-5.1276,40.95412],[-5.11127,40.91556],[-5.11504,40.90281],[-5.13005,40.90032],[-5.16381,40.86838],[-5.16151,40.814],[-5.17763,40.80527],[-5.18441,40.78869],[-5.21899,40.77297],[-5.21444,40.75783],[-5.24994,40.74288],[-5.29284,40.71027],[-5.32875,40.70542],[-5.33716,40.68927],[-5.38546,40.67145],[-5.36589,40.64877],[-5.37842,40.64549],[-5.38295,40.62076],[-5.41937,40.6079],[-5.44765,40.57959],[-5.49966,40.58159],[-5.50086,40.59735],[-5.51622,40.58538],[-5.52918,40.55233],[-5.52469,40.54073],[-5.48158,40.55672],[-5.42851,40.56447],[-5.43345,40.53297],[-5.44699,40.52002],[-5.45236,40.49409],[-5.46195,40.49119],[-5.46555,40.46591],[-5.48256,40.45668],[-5.50983,40.46366],[-5.52026,40.44788],[-5.51063,40.44206],[-5.51147,40.42629],[-5.52593,40.42236],[-5.54475,40.4231],[-5.5746,40.44425],[-5.55994,40.46282],[-5.56092,40.4771],[-5.63417,40.46045],[-5.65656,40.4368],[-5.69119,40.42199],[-5.67844,40.38702],[-5.68636,40.35537],[-5.67303,40.34853],[-5.71432,40.32531],[-5.72884,40.30388],[-5.73756,40.29412]]]}},{"type":"Feature","properties":{"prov_code":"10","prov_name":"Cáceres","acom_code":"11","acom_name":"Extremadura"},"geometry":{"type":"Polygon","coordinates":[[[-7.23148,39.27826],[-7.20386,39.2657],[-7.19838,39.27039],[-7.15202,39.32148],[-7.15929,39.33068],[-7.16851,39.32015],[-7.17781,39.33079],[-7.16123,39.36134],[-7.11887,39.38366],[-7.07388,39.38122],[-7.06297,39.37227],[-7.07912,39.35141],[-7.09859,39.35912],[-7.10304,39.35456],[-7.08285,39.33557],[-7.07957,39.31139],[-7.04694,39.32398],[-7.03001,39.35086],[-7.0324,39.36801],[-7.00927,39.38848],[-7.06703,39.4143],[-7.04877,39.43666],[-6.99395,39.42534],[-6.97653,39.41177],[-6.88322,39.38276],[-6.80441,39.39039],[-6.79098,39.36836],[-6.79701,39.34451],[-6.74675,39.32175],[-6.76118,39.27661],[-6.80086,39.23942],[-6.79293,39.21186],[-6.7675,39.18837],[-6.75064,39.19404],[-6.681,39.17715],[-6.65974,39.19907],[-6.63337,39.19684],[-6.5801,39.1798],[-6.5844,39.17111],[-6.57425,39.15836],[-6.53994,39.15526],[-6.54036,39.1817],[-6.49112,39.16792],[-6.43869,39.17584],[-6.4151,39.16577],[-6.37169,39.16235],[-6.35319,39.17917],[-6.32417,39.18657],[-6.3077,39.14726],[-6.31197,39.11104],[-6.29485,39.0978],[-6.23091,39.08974],[-6.20293,39.05708],[-6.15885,39.05593],[-6.14217,39.03149],[-6.07862,39.0936],[-6.0186,39.12912],[-6.00931,39.05253],[-5.94229,39.10851],[-5.92666,39.10464],[-5.93736,39.08377],[-5.92472,39.08313],[-5.87208,39.10428],[-5.83345,39.11033],[-5.81643,39.11975],[-5.81037,39.14458],[-5.75518,39.1323],[-5.70163,39.08991],[-5.67156,39.07895],[-5.64694,39.1018],[-5.60463,39.10012],[-5.58698,39.11326],[-5.60135,39.13409],[-5.58438,39.13848],[-5.57656,39.15091],[-5.61324,39.18822],[-5.55086,39.21567],[-5.52814,39.19147],[-5.51458,39.20971],[-5.50111,39.18838],[-5.45984,39.15837],[-5.4286,39.16254],[-5.41267,39.15696],[-5.38402,39.17419],[-5.34905,39.23356],[-5.35538,39.26779],[-5.3399,39.33355],[-5.28309,39.31952],[-5.24762,39.30182],[-5.15343,39.3197],[-5.12355,39.3365],[-5.11186,39.35751],[-5.11358,39.38747],[-5.08987,39.39036],[-5.05383,39.36243],[-5.0196,39.36829],[-5.00888,39.37827],[-4.98418,39.37174],[-4.96909,39.38334],[-4.97464,39.39433],[-4.95251,39.39499],[-5.00858,39.43495],[-5.05889,39.48942],[-5.08389,39.49067],[-5.20663,39.59723],[-5.16176,39.64244],[-5.16242,39.65534],[-5.14912,39.66582],[-5.1564,39.6739],[-5.15186,39.69601],[-5.13779,39.715],[-5.17396,39.75125],[-5.15846,39.75966],[-5.1669,39.79988],[-5.20647,39.79756],[-5.25482,39.75234],[-5.30808,39.76002],[-5.31622,39.77212],[-5.31259,39.82427],[-5.28405,39.86387],[-5.32361,39.89173],[-5.40611,39.87773],[-5.36514,39.98292],[-5.36901,40.10009],[-5.33569,40.11515],[-5.36852,40.16311],[-5.36274,40.20131],[-5.37014,40.21693],[-5.34349,40.26337],[-5.39565,40.2503],[-5.4291,40.25261],[-5.43977,40.23363],[-5.46807,40.22415],[-5.47091,40.20785],[-5.54811,40.19724],[-5.61452,40.2183],[-5.622,40.24588],[-5.6492,40.24972],[-5.65981,40.25737],[-5.6567,40.2704],[-5.69266,40.29211],[-5.73756,40.29412],[-5.76499,40.28078],[-5.79314,40.2867],[-5.80274,40.29763],[-5.78199,40.31246],[-5.7991,40.35371],[-5.82172,40.34841],[-5.84713,40.32805],[-5.85498,40.33837],[-5.88424,40.3266],[-5.91717,40.2777],[-5.93778,40.28107],[-6.00594,40.30581],[-6.01958,40.32264],[-6.01614,40.33998],[-6.10586,40.35682],[-6.08173,40.36329],[-6.08673,40.3768],[-6.07115,40.38693],[-6.08469,40.38999],[-6.06507,40.39698],[-6.12925,40.42039],[-6.11561,40.44107],[-6.14355,40.43567],[-6.15592,40.45708],[-6.18015,40.46252],[-6.1991,40.48184],[-6.23464,40.48661],[-6.27533,40.45852],[-6.34464,40.44278],[-6.36555,40.42237],[-6.36187,40.40709],[-6.3714,40.40187],[-6.41883,40.39929],[-6.43965,40.38158],[-6.43832,40.37277],[-6.46754,40.37232],[-6.53628,40.34724],[-6.56041,40.32905],[-6.55618,40.29078],[-6.58702,40.27072],[-6.67175,40.26323],[-6.69014,40.24266],[-6.71858,40.2692],[-6.75144,40.25022],[-6.7556,40.23892],[-6.7835,40.24939],[-6.80216,40.24956],[-6.80669,40.24152],[-6.83452,40.24758],[-6.8649,40.27027],[-6.87625,40.25999],[-6.90733,40.2539],[-6.95142,40.25757],[-6.96329,40.23822],[-6.97906,40.24065],[-7.0123,40.22609],[-7.02991,40.18637],[-7.01649,40.17646],[-7.02124,40.14398],[-7.01308,40.12636],[-6.99296,40.11913],[-6.9931,40.11237],[-6.98674,40.11916],[-6.94102,40.11259],[-6.94291,40.10399],[-6.92074,40.08707],[-6.9173,40.06609],[-6.89191,40.06058],[-6.89717,40.05209],[-6.88083,40.04165],[-6.87652,40.01751],[-6.86362,40.01196],[-6.88676,39.97931],[-6.87957,39.97229],[-6.88806,39.96403],[-6.885,39.94071],[-6.90664,39.92382],[-6.90354,39.87082],[-6.92961,39.85413],[-6.9487,39.82731],[-6.9709,39.82505],[-6.9872,39.81003],[-6.97692,39.77199],[-6.98718,39.76319],[-6.99394,39.7403],[-6.98734,39.72749],[-7.01536,39.67062],[-7.06498,39.65805],[-7.12284,39.66378],[-7.14864,39.6532],[-7.24986,39.66699],[-7.33365,39.64095],[-7.37521,39.65088],[-7.40299,39.64635],[-7.45554,39.66245],[-7.54133,39.66375],[-7.52756,39.65592],[-7.52739,39.63487],[-7.51011,39.61876],[-7.49934,39.58965],[-7.46127,39.57287],[-7.43028,39.53459],[-7.39115,39.53013],[-7.38186,39.4913],[-7.36253,39.48141],[-7.34777,39.48799],[-7.34381,39.47814],[-7.29548,39.45874],[-7.30844,39.43056],[-7.30259,39.41238],[-7.32286,39.38195],[-7.30629,39.35627],[-7.31031,39.34088],[-7.23198,39.27869],[-7.23148,39.27826]]]}},{"type":"Feature","properties":{"prov_code":"51","prov_name":"Ceuta","acom_code":"18","acom_name":"Ciudad Autónoma de Ceuta"},"geometry":{"type":"Polygon","coordinates":[[[-5.38206,35.9124],[-5.37184,35.88143],[-5.34349,35.87074],[-5.31872,35.88733],[-5.30031,35.88604],[-5.2783,35.89797],[-5.28844,35.90716],[-5.31352,35.88907],[-5.32471,35.89681],[-5.31123,35.89615],[-5.32492,35.90094],[-5.33601,35.89444],[-5.3649,35.91727],[-5.38195,35.91281],[-5.38206,35.9124]]]}},{"type":"Feature","properties":{"prov_code":"45","prov_name":"Toledo","acom_code":"08","acom_name":"Castilla-La Mancha"},"geometry":{"type":"Polygon","coordinates":[[[-4.94074,39.39512],[-4.90821,39.49369],[-4.86312,39.55615],[-4.76247,39.51404],[-4.75171,39.50183],[-4.74051,39.45617],[-4.7681,39.42992],[-4.7669,39.42404],[-4.75371,39.42542],[-4.75537,39.41571],[-4.69028,39.45179],[-4.61813,39.4544],[-4.61159,39.46014],[-4.61843,39.48465],[-4.59028,39.49974],[-4.56783,39.49739],[-4.55463,39.51078],[-4.56144,39.53314],[-4.54268,39.544],[-4.53109,39.5316],[-4.52495,39.56162],[-4.48219,39.5388],[-4.50167,39.5351],[-4.51122,39.52212],[-4.48327,39.48835],[-4.46159,39.47855],[-4.45308,39.51729],[-4.44191,39.52313],[-4.42174,39.50715],[-4.37721,39.49598],[-4.24209,39.4779],[-4.19323,39.49538],[-4.15873,39.57676],[-4.12435,39.56356],[-4.04178,39.57535],[-4.03008,39.52197],[-4.06026,39.52108],[-4.06824,39.50255],[-4.05883,39.47219],[-4.06813,39.45705],[-4.08132,39.45167],[-4.11807,39.45688],[-4.14807,39.36277],[-4.12054,39.36262],[-4.10445,39.34111],[-4.07337,39.36533],[-3.9722,39.35218],[-3.95868,39.30957],[-3.96686,39.29855],[-3.90241,39.28028],[-3.87604,39.26206],[-3.84167,39.25958],[-3.81218,39.28671],[-3.79121,39.2929],[-3.76032,39.29169],[-3.72069,39.26979],[-3.68814,39.28486],[-3.68019,39.29828],[-3.5866,39.30766],[-3.56711,39.29933],[-3.53259,39.30416],[-3.47688,39.34314],[-3.47048,39.37214],[-3.41028,39.40459],[-3.34499,39.4082],[-3.30873,39.39878],[-3.31634,39.43403],[-3.29425,39.47077],[-3.18516,39.475],[-3.18414,39.48818],[-3.14332,39.49556],[-3.09588,39.47317],[-3.06988,39.45006],[-3.0227,39.45714],[-3.01485,39.44507],[-2.9994,39.44159],[-2.99505,39.45126],[-2.957,39.4472],[-2.93159,39.47081],[-2.93529,39.52568],[-2.92065,39.55914],[-2.92551,39.6018],[-2.90823,39.64233],[-2.99775,39.71887],[-3.01555,39.76491],[-3.04054,39.78758],[-3.05968,39.83747],[-3.07629,39.85571],[-3.09627,39.86911],[-3.12723,39.87468],[-3.09706,39.93347],[-3.09667,39.9869],[-3.14257,39.98496],[-3.17023,40.04814],[-3.16138,40.06185],[-3.16645,40.09111],[-3.17959,40.09137],[-3.20745,40.06383],[-3.20096,40.06049],[-3.24362,40.05342],[-3.25416,40.05801],[-3.25754,40.05042],[-3.26478,40.0571],[-3.27516,40.04731],[-3.30249,40.05331],[-3.33442,40.08105],[-3.37771,40.07477],[-3.37578,40.05126],[-3.39166,40.04832],[-3.40107,40.03418],[-3.42442,40.04687],[-3.43035,40.03836],[-3.44563,40.03722],[-3.44866,40.04978],[-3.47007,40.0407],[-3.50686,40.04867],[-3.51971,40.02109],[-3.59001,40.01322],[-3.59534,40.00114],[-3.63799,39.98838],[-3.6345,39.96589],[-3.6616,39.96582],[-3.69759,39.94672],[-3.71111,39.95471],[-3.74387,39.9408],[-3.75658,39.92111],[-3.8044,39.88472],[-3.81489,39.88574],[-3.83455,39.89993],[-3.87361,39.90867],[-3.87439,39.92956],[-3.83952,39.94198],[-3.83204,39.93156],[-3.80955,39.95397],[-3.78294,39.94494],[-3.78671,39.9543],[-3.7636,39.96752],[-3.75797,39.95834],[-3.77068,39.95061],[-3.75449,39.9504],[-3.75888,39.96887],[-3.72794,39.96454],[-3.72346,39.97038],[-3.73804,39.96871],[-3.74662,39.98075],[-3.73408,39.9755],[-3.73524,39.98486],[-3.71955,39.98491],[-3.72414,39.99718],[-3.70799,40.01392],[-3.69114,40.0217],[-3.67949,40.01612],[-3.6665,40.035],[-3.64964,40.03217],[-3.64726,40.04163],[-3.63549,40.04254],[-3.63894,40.05065],[-3.61953,40.05769],[-3.61657,40.06881],[-3.62895,40.07827],[-3.61036,40.08187],[-3.60373,40.09367],[-3.61629,40.09612],[-3.60763,40.10897],[-3.65633,40.12534],[-3.66731,40.14329],[-3.6915,40.13276],[-3.72222,40.14771],[-3.74626,40.13216],[-3.77143,40.13978],[-3.8046,40.17684],[-3.83419,40.16135],[-3.87632,40.19122],[-3.91171,40.19009],[-3.93129,40.20397],[-3.95,40.18912],[-3.95287,40.2128],[-3.991,40.20948],[-4.02616,40.23561],[-4.02398,40.24895],[-4.05208,40.25153],[-4.07289,40.26545],[-4.08046,40.26694],[-4.10427,40.24183],[-4.14577,40.24518],[-4.14399,40.26462],[-4.1639,40.27019],[-4.17248,40.2881],[-4.19087,40.29735],[-4.20381,40.2873],[-4.20323,40.26882],[-4.22632,40.26988],[-4.23148,40.27667],[-4.24925,40.27275],[-4.26965,40.23602],[-4.29519,40.21888],[-4.3066,40.22203],[-4.30799,40.23388],[-4.32152,40.2263],[-4.33335,40.23822],[-4.34849,40.23675],[-4.35639,40.30862],[-4.38011,40.31834],[-4.38348,40.28905],[-4.43525,40.25913],[-4.43701,40.23825],[-4.50979,40.21919],[-4.51968,40.20236],[-4.53536,40.19934],[-4.57505,40.20673],[-4.57908,40.2172],[-4.63994,40.19704],[-4.68235,40.20747],[-4.6935,40.2411],[-4.6872,40.24961],[-4.70268,40.26058],[-4.69397,40.26598],[-4.69814,40.28219],[-4.7286,40.27052],[-4.74263,40.27528],[-4.76159,40.2609],[-4.80347,40.27527],[-4.81811,40.25479],[-4.807,40.23507],[-4.83489,40.21222],[-4.86452,40.20453],[-4.92484,40.17007],[-4.91784,40.15402],[-4.92529,40.13627],[-4.9574,40.13292],[-4.95502,40.12144],[-5.01173,40.11102],[-5.0063,40.12635],[-5.01688,40.15911],[-5.06715,40.15093],[-5.08918,40.1237],[-5.10147,40.12712],[-5.14095,40.09222],[-5.17129,40.0854],[-5.20309,40.08274],[-5.2172,40.10795],[-5.31584,40.10703],[-5.33746,40.11591],[-5.36032,40.1079],[-5.37386,40.05932],[-5.36514,39.98292],[-5.40618,39.87884],[-5.32361,39.89173],[-5.28405,39.86387],[-5.31259,39.82427],[-5.31622,39.77212],[-5.30808,39.76002],[-5.25482,39.75234],[-5.20647,39.79756],[-5.1669,39.79988],[-5.15846,39.75966],[-5.17396,39.75125],[-5.13779,39.715],[-5.15186,39.69601],[-5.1564,39.6739],[-5.14912,39.66582],[-5.16242,39.65534],[-5.16176,39.64244],[-5.20663,39.59723],[-5.08469,39.49126],[-5.05889,39.48942],[-5.00858,39.43495],[-4.94321,39.39366],[-4.94074,39.39512]]]}},{"type":"Feature","properties":{"prov_code":"24","prov_name":"León","acom_code":"07","acom_name":"Castilla y León"},"geometry":{"type":"Polygon","coordinates":[[[-7.07707,42.508],[-7.04575,42.50778],[-7.02869,42.49786],[-7.00096,42.5057],[-6.97854,42.49325],[-6.96009,42.51776],[-6.9322,42.52054],[-6.86056,42.48909],[-6.84918,42.48672],[-6.83704,42.49549],[-6.82325,42.49128],[-6.80832,42.46861],[-6.82277,42.45291],[-6.81438,42.42712],[-6.84351,42.40585],[-6.8208,42.38564],[-6.77865,42.38099],[-6.76654,42.36505],[-6.73395,42.35911],[-6.74115,42.29866],[-6.76503,42.27274],[-6.767,42.25746],[-6.78437,42.25373],[-6.75909,42.23866],[-6.73484,42.2356],[-6.7197,42.21335],[-6.63865,42.2173],[-6.61327,42.20321],[-6.526,42.20336],[-6.49756,42.18202],[-6.4279,42.20194],[-6.40984,42.19568],[-6.31259,42.20659],[-6.29373,42.17803],[-6.25196,42.17306],[-6.25412,42.16704],[-6.22582,42.16195],[-6.2124,42.14808],[-6.16021,42.16577],[-6.14341,42.15882],[-6.13727,42.16472],[-6.12471,42.15887],[-6.0493,42.15986],[-5.99567,42.14619],[-5.95347,42.12368],[-5.94812,42.14192],[-5.9116,42.14059],[-5.89743,42.1561],[-5.86927,42.12217],[-5.84485,42.11072],[-5.80649,42.13055],[-5.80533,42.12458],[-5.77671,42.13581],[-5.75519,42.13663],[-5.74295,42.11334],[-5.67677,42.12034],[-5.68718,42.13792],[-5.66756,42.14207],[-5.62014,42.10666],[-5.63504,42.08199],[-5.5885,42.07733],[-5.58661,42.05091],[-5.57772,42.06545],[-5.5607,42.05597],[-5.54336,42.09938],[-5.527,42.1043],[-5.49846,42.08367],[-5.48092,42.05243],[-5.43868,42.0315],[-5.41207,42.03046],[-5.37629,42.04147],[-5.37119,42.05143],[-5.39012,42.08981],[-5.37639,42.09951],[-5.37152,42.13006],[-5.38887,42.17254],[-5.38375,42.22426],[-5.36123,42.22515],[-5.30746,42.19927],[-5.30187,42.22215],[-5.28693,42.22993],[-5.26564,42.2109],[-5.24148,42.21452],[-5.22599,42.22672],[-5.254,42.23978],[-5.2365,42.27335],[-5.2303,42.27565],[-5.22845,42.26247],[-5.22031,42.27792],[-5.19791,42.26054],[-5.18272,42.26421],[-5.14432,42.28155],[-5.112,42.31184],[-5.09375,42.30929],[-5.07515,42.27889],[-5.06219,42.27789],[-5.06819,42.26119],[-5.05481,42.25752],[-5.0416,42.26756],[-5.03835,42.29713],[-4.9735,42.28869],[-4.95345,42.29716],[-4.9425,42.34655],[-4.98349,42.34245],[-4.9645,42.37974],[-4.94483,42.37647],[-4.9333,42.3848],[-4.9034,42.38565],[-4.91432,42.40119],[-4.90498,42.42456],[-4.92399,42.43614],[-4.9,42.45068],[-4.88799,42.53703],[-4.91045,42.54144],[-4.91595,42.55475],[-4.89466,42.62386],[-4.9003,42.67012],[-4.87167,42.70799],[-4.89056,42.72326],[-4.91589,42.72056],[-4.91846,42.73423],[-4.93636,42.74447],[-4.93556,42.75646],[-4.92062,42.75747],[-4.89588,42.78517],[-4.90286,42.80997],[-4.88856,42.84113],[-4.90081,42.85159],[-4.89837,42.86313],[-4.86558,42.86055],[-4.8555,42.89171],[-4.83839,42.89532],[-4.83786,42.90673],[-4.80923,42.93034],[-4.80725,42.96771],[-4.79482,42.98665],[-4.75699,43.0155],[-4.73859,43.01856],[-4.73415,43.04767],[-4.74366,43.0555],[-4.76605,43.05528],[-4.76684,43.07469],[-4.83341,43.10206],[-4.85143,43.12594],[-4.83457,43.15746],[-4.85178,43.17307],[-4.83955,43.18966],[-4.86082,43.20532],[-4.87101,43.22802],[-4.89551,43.2382],[-4.96306,43.21267],[-4.99641,43.18533],[-4.99762,43.17026],[-5.02146,43.18351],[-5.0409,43.18468],[-5.05947,43.17433],[-5.07663,43.17895],[-5.10174,43.10185],[-5.14068,43.10292],[-5.1478,43.11512],[-5.2166,43.08449],[-5.2685,43.08756],[-5.28212,43.07743],[-5.3115,43.08416],[-5.32694,43.07957],[-5.34145,43.08378],[-5.34369,43.09385],[-5.36914,43.09458],[-5.3831,43.08724],[-5.39045,43.04934],[-5.47852,43.05491],[-5.4938,43.02124],[-5.50629,43.02857],[-5.54019,43.01835],[-5.56978,43.02208],[-5.57477,43.0321],[-5.6367,43.03501],[-5.6931,43.05634],[-5.72826,43.04249],[-5.76641,42.98588],[-5.76028,42.97267],[-5.80401,42.96262],[-5.84298,42.96426],[-5.86173,42.98169],[-5.88849,42.97919],[-5.88719,42.99409],[-5.90792,42.9906],[-5.95653,43.01763],[-5.96966,43.04083],[-5.96216,43.05294],[-5.97384,43.06531],[-5.98895,43.06722],[-5.99633,43.05792],[-6.02093,43.05379],[-6.08129,43.0759],[-6.09185,43.06692],[-6.09596,43.03128],[-6.13667,43.02099],[-6.1784,43.0478],[-6.21574,43.04716],[-6.22991,43.02275],[-6.22681,43.00891],[-6.2637,43.01608],[-6.28519,43.03637],[-6.29517,43.02691],[-6.32649,43.03133],[-6.33316,43.04649],[-6.35909,43.05958],[-6.37355,43.04111],[-6.39705,43.03832],[-6.39435,43.01661],[-6.41111,43.01693],[-6.40737,42.99942],[-6.42413,42.98762],[-6.4371,42.99303],[-6.44644,42.98217],[-6.47814,42.9912],[-6.47301,42.96775],[-6.43364,42.96416],[-6.44161,42.94731],[-6.4331,42.93976],[-6.47859,42.93356],[-6.48977,42.92025],[-6.51058,42.92873],[-6.54657,42.91215],[-6.6065,42.9161],[-6.61293,42.92455],[-6.6899,42.92246],[-6.72319,42.91738],[-6.75667,42.88306],[-6.77371,42.88283],[-6.77067,42.89862],[-6.80104,42.91017],[-6.82419,42.91506],[-6.84198,42.90636],[-6.81405,42.87169],[-6.83068,42.87117],[-6.84032,42.87818],[-6.83374,42.88206],[-6.87128,42.87384],[-6.84032,42.82336],[-6.86733,42.80352],[-6.86743,42.78717],[-6.9356,42.74086],[-6.95948,42.75503],[-6.97288,42.72501],[-6.98374,42.71869],[-6.99019,42.72661],[-7.01089,42.72366],[-7.04519,42.69477],[-7.01551,42.66459],[-7.02148,42.65194],[-7.00436,42.64287],[-7.01783,42.64522],[-7.047,42.6327],[-7.05017,42.59794],[-7.03356,42.58409],[-7.06952,42.55402],[-7.07087,42.53791],[-7.05943,42.53058],[-7.07634,42.50785],[-7.07707,42.508]],[[-5.34117,42.24528],[-5.34534,42.26777],[-5.32851,42.27415],[-5.32032,42.26719],[-5.30176,42.26924],[-5.30332,42.252],[-5.31676,42.24956],[-5.31644,42.24112],[-5.33711,42.23082],[-5.34137,42.24237],[-5.34117,42.24528]]]}},{"type":"Feature","properties":{"prov_code":"29","prov_name":"Málaga","acom_code":"01","acom_name":"Andalucía"},"geometry":{"type":"Polygon","coordinates":[[[-5.25235,36.31122],[-5.21941,36.37627],[-5.177,36.41433],[-5.15748,36.41177],[-5.08166,36.45039],[-5.00589,36.45953],[-4.95013,36.4887],[-4.95284,36.48311],[-4.93508,36.49976],[-4.86092,36.50728],[-4.73993,36.48323],[-4.69492,36.49024],[-4.67584,36.50351],[-4.63842,36.50702],[-4.60349,36.56294],[-4.51149,36.59331],[-4.42627,36.70988],[-4.42743,36.70125],[-4.41824,36.70108],[-4.41846,36.71717],[-4.41453,36.69869],[-4.41233,36.71432],[-4.39519,36.72222],[-4.32729,36.71139],[-4.17726,36.71518],[-4.10794,36.72567],[-4.06767,36.74877],[-4.00495,36.74113],[-3.95726,36.72609],[-3.92029,36.74081],[-3.88479,36.74078],[-3.84523,36.75351],[-3.79258,36.74641],[-3.77802,36.73768],[-3.78228,36.76445],[-3.76663,36.78538],[-3.76814,36.80195],[-3.82717,36.85553],[-3.86761,36.85068],[-3.89056,36.86755],[-3.9186,36.86808],[-3.92952,36.88288],[-4.04654,36.90303],[-4.06124,36.9199],[-4.08996,36.93215],[-4.09973,36.95272],[-4.16662,36.95702],[-4.21542,36.99177],[-4.23133,37.01694],[-4.25193,37.02298],[-4.27251,37.0149],[-4.28707,37.11952],[-4.33218,37.18998],[-4.32236,37.20414],[-4.37164,37.2152],[-4.38257,37.23155],[-4.38037,37.27572],[-4.40713,37.27376],[-4.41912,37.2822],[-4.43302,37.27391],[-4.44404,37.27795],[-4.45697,37.25844],[-4.46824,37.25754],[-4.46414,37.25208],[-4.47704,37.25736],[-4.48572,37.25198],[-4.47755,37.24473],[-4.49808,37.22333],[-4.49934,37.23035],[-4.53947,37.2113],[-4.56117,37.21931],[-4.57621,37.20916],[-4.6023,37.20924],[-4.59628,37.22505],[-4.61436,37.24322],[-4.61419,37.25542],[-4.64461,37.2467],[-4.65876,37.25774],[-4.69103,37.25185],[-4.71403,37.25284],[-4.71969,37.2597],[-4.73575,37.24483],[-4.71795,37.23989],[-4.73231,37.22615],[-4.70861,37.1977],[-4.79525,37.1541],[-4.79892,37.17213],[-4.82769,37.18688],[-4.81871,37.1919],[-4.82451,37.20033],[-4.85314,37.19835],[-4.8567,37.17357],[-4.88985,37.15505],[-4.9003,37.15971],[-4.90511,37.18186],[-4.92516,37.17066],[-4.9396,37.1757],[-4.94266,37.15759],[-4.90284,37.1376],[-4.90828,37.11528],[-4.92145,37.10433],[-4.95227,37.09436],[-4.98008,37.06883],[-5.02671,37.05168],[-5.02408,37.04598],[-5.03334,37.04904],[-5.05309,37.0306],[-5.08331,37.03147],[-5.11223,37.01911],[-5.12284,37.02769],[-5.14238,37.00386],[-5.09558,36.9683],[-5.11012,36.95933],[-5.08677,36.90509],[-5.10508,36.89794],[-5.13407,36.83856],[-5.17226,36.82351],[-5.22201,36.84272],[-5.22564,36.85678],[-5.2663,36.87533],[-5.26978,36.88422],[-5.30158,36.86964],[-5.34071,36.81942],[-5.31982,36.78673],[-5.29093,36.77517],[-5.32463,36.72401],[-5.32762,36.69489],[-5.31871,36.69048],[-5.3304,36.67932],[-5.32403,36.67334],[-5.38072,36.63178],[-5.4385,36.61417],[-5.45591,36.61958],[-5.46082,36.58878],[-5.48955,36.57046],[-5.52333,36.53112],[-5.53707,36.52715],[-5.54164,36.53766],[-5.57456,36.54841],[-5.59971,36.55068],[-5.61048,36.54423],[-5.60792,36.51203],[-5.57216,36.51265],[-5.5598,36.50372],[-5.52303,36.49845],[-5.49142,36.53722],[-5.47372,36.53715],[-5.46551,36.52871],[-5.45683,36.53842],[-5.4289,36.53359],[-5.4129,36.52034],[-5.39532,36.46931],[-5.34716,36.41865],[-5.33512,36.37052],[-5.31516,36.34334],[-5.32008,36.32507],[-5.27766,36.33707],[-5.25295,36.31255],[-5.25235,36.31122]]]}},{"type":"Feature","properties":{"prov_code":"12","prov_name":"Castelló","acom_code":"10","acom_name":"Comunitat Valenciana"},"geometry":{"type":"MultiPolygon","coordinates":[[[[-0.79769,39.88107],[-0.77356,39.8698],[-0.73046,39.81483],[-0.71248,39.8167],[-0.69111,39.85246],[-0.65615,39.83598],[-0.645,39.79197],[-0.65243,39.7541],[-0.63081,39.7463],[-0.58814,39.74168],[-0.57705,39.7732],[-0.5484,39.79573],[-0.5309,39.79623],[-0.49825,39.74756],[-0.45618,39.7147],[-0.44552,39.71771],[-0.43908,39.73686],[-0.4096,39.7452],[-0.39609,39.75861],[-0.37792,39.79988],[-0.32826,39.80148],[-0.30857,39.79699],[-0.27653,39.77054],[-0.26418,39.7455],[-0.1885,39.72194],[-0.08887,39.85398],[-0.0774,39.86267],[-0.06902,39.85851],[-0.0707,39.86442],[-0.06699,39.85736],[-0.00541,39.91506],[0.0033,39.95021],[0.014,39.94787],[0.02412,39.95649],[0.02005,39.95034],[0.00497,39.95444],[0.0133,39.95255],[0.01721,39.97436],[0.02887,39.95565],[0.02555,39.98341],[0.05007,40.03569],[0.085,40.05681],[0.12066,40.06224],[0.14755,40.08291],[0.15836,40.11929],[0.19366,40.17375],[0.26436,40.20887],[0.27836,40.24415],[0.32979,40.27951],[0.39231,40.35192],[0.40845,40.35735],[0.418,40.40082],[0.43465,40.41638],[0.4353,40.40948],[0.44557,40.4359],[0.47519,40.46643],[0.4778,40.45874],[0.5147,40.52305],[0.43796,40.54706],[0.43341,40.56538],[0.44394,40.57822],[0.42018,40.58546],[0.40196,40.60238],[0.33793,40.60878],[0.27904,40.6298],[0.26577,40.64467],[0.26771,40.65816],[0.29201,40.68775],[0.26245,40.70592],[0.23964,40.70092],[0.22601,40.73293],[0.19731,40.72418],[0.17049,40.73294],[0.14456,40.71833],[0.11502,40.72774],[0.0725,40.71397],[0.04217,40.69101],[0.0258,40.6958],[0.02862,40.71417],[0.01534,40.72842],[-0.01789,40.73104],[-0.03141,40.72243],[-0.0647,40.72741],[-0.12684,40.75332],[-0.14384,40.76869],[-0.14531,40.78593],[-0.19718,40.78446],[-0.23839,40.72154],[-0.23599,40.69111],[-0.29363,40.67396],[-0.307,40.6595],[-0.32882,40.68028],[-0.35617,40.67769],[-0.38113,40.66423],[-0.3708,40.65077],[-0.37969,40.62413],[-0.37048,40.61359],[-0.32244,40.60281],[-0.31158,40.61145],[-0.29342,40.61145],[-0.29987,40.57733],[-0.29033,40.54393],[-0.30216,40.51493],[-0.29836,40.50567],[-0.28115,40.50499],[-0.2725,40.47369],[-0.33391,40.45772],[-0.34698,40.44327],[-0.28569,40.38649],[-0.28127,40.36484],[-0.30532,40.36229],[-0.34044,40.33933],[-0.35251,40.31362],[-0.36925,40.31134],[-0.36603,40.30524],[-0.3887,40.30699],[-0.40025,40.29419],[-0.38284,40.27793],[-0.38373,40.26423],[-0.42807,40.2438],[-0.46381,40.23386],[-0.46997,40.24013],[-0.49452,40.22873],[-0.5259,40.23732],[-0.54419,40.25166],[-0.55748,40.20079],[-0.57227,40.18117],[-0.57864,40.13733],[-0.60741,40.12798],[-0.62853,40.10258],[-0.61347,40.06959],[-0.62766,40.07547],[-0.68143,40.04513],[-0.74768,40.03782],[-0.75369,40.04661],[-0.77765,39.99841],[-0.8378,39.97681],[-0.83574,39.96],[-0.8463,39.9477],[-0.84042,39.92495],[-0.79754,39.88291],[-0.79769,39.88107]]],[[[0.68506,39.89348],[0.68795,39.90041],[0.68417,39.89399],[0.68506,39.89348]]]]}},{"type":"Feature","properties":{"prov_code":"27","prov_name":"Lugo","acom_code":"12","acom_name":"Galicia"},"geometry":{"type":"MultiPolygon","coordinates":[[[[-7.93075,42.5786],[-7.91156,42.55607],[-7.89004,42.5502],[-7.88873,42.53813],[-7.92401,42.52504],[-7.9016,42.52136],[-7.91318,42.50839],[-7.87541,42.51095],[-7.87789,42.50262],[-7.8615,42.50411],[-7.84208,42.49051],[-7.81879,42.49166],[-7.80131,42.48003],[-7.76503,42.49396],[-7.74831,42.47999],[-7.78835,42.47348],[-7.7889,42.466],[-7.75273,42.45103],[-7.73917,42.45663],[-7.71318,42.45238],[-7.69787,42.42954],[-7.66214,42.42303],[-7.63141,42.40705],[-7.61907,42.38489],[-7.57612,42.40487],[-7.54196,42.38444],[-7.50758,42.38678],[-7.46583,42.40716],[-7.44693,42.40709],[-7.39925,42.43556],[-7.3699,42.42136],[-7.30694,42.42945],[-7.29083,42.41458],[-7.26943,42.41493],[-7.24781,42.38991],[-7.22007,42.38719],[-7.23093,42.35914],[-7.20267,42.3257],[-7.19052,42.36404],[-7.14688,42.42183],[-7.14927,42.43616],[-7.10001,42.45858],[-7.07619,42.49675],[-7.05943,42.53058],[-7.07087,42.53791],[-7.06952,42.55402],[-7.03356,42.58409],[-7.05017,42.59794],[-7.047,42.6327],[-7.01783,42.64522],[-7.00436,42.64287],[-7.02148,42.65194],[-7.01551,42.66459],[-7.04519,42.69477],[-7.01089,42.72366],[-6.99019,42.72661],[-6.98374,42.71869],[-6.97288,42.72501],[-6.95948,42.75503],[-6.9356,42.74086],[-6.86743,42.78717],[-6.86733,42.80352],[-6.84032,42.82336],[-6.87128,42.87384],[-6.83374,42.88206],[-6.84032,42.87818],[-6.83068,42.87117],[-6.81405,42.87169],[-6.84198,42.90636],[-6.82419,42.91506],[-6.83576,42.91634],[-6.84183,42.92845],[-6.83578,42.95771],[-6.8645,42.98368],[-6.88086,42.9913],[-6.91,42.9899],[-6.94082,43.01152],[-6.95678,43.03656],[-6.96205,42.9906],[-6.9969,43.01957],[-6.98217,43.04141],[-6.97254,43.03038],[-6.96507,43.03477],[-6.96885,43.05688],[-6.93869,43.08651],[-6.91555,43.07326],[-6.89429,43.09173],[-6.87165,43.09102],[-6.82761,43.12315],[-6.82212,43.14333],[-6.83891,43.16614],[-6.8699,43.17998],[-6.86743,43.19009],[-6.88588,43.15683],[-6.93731,43.13966],[-6.94137,43.13172],[-6.95672,43.13471],[-6.98073,43.1664],[-6.9649,43.18754],[-6.97102,43.20425],[-7.00144,43.20728],[-7.00958,43.22288],[-7.02005,43.21324],[-7.06159,43.24405],[-7.07151,43.27122],[-7.05978,43.30533],[-7.10093,43.30381],[-7.11523,43.32617],[-7.13121,43.33135],[-7.12753,43.3726],[-7.13844,43.3834],[-7.15956,43.37472],[-7.18249,43.39246],[-7.16876,43.40478],[-7.17284,43.43023],[-7.10269,43.42701],[-7.10036,43.4409],[-7.08625,43.44358],[-7.09022,43.45527],[-7.04733,43.47744],[-7.03478,43.55019],[-7.05736,43.55891],[-7.07223,43.55303],[-7.11595,43.56163],[-7.12433,43.55358],[-7.16758,43.55449],[-7.17707,43.56369],[-7.23613,43.56915],[-7.24826,43.56606],[-7.24207,43.55158],[-7.25575,43.54689],[-7.26148,43.55118],[-7.25168,43.5562],[-7.27111,43.56243],[-7.25782,43.56042],[-7.24553,43.57517],[-7.29415,43.59255],[-7.30999,43.61732],[-7.33756,43.6313],[-7.3571,43.67121],[-7.43481,43.69229],[-7.43648,43.70111],[-7.44895,43.69291],[-7.44297,43.69746],[-7.46256,43.70315],[-7.45986,43.71275],[-7.46912,43.70299],[-7.47828,43.70861],[-7.47285,43.71917],[-7.45911,43.71652],[-7.46817,43.72416],[-7.51039,43.72644],[-7.51453,43.71893],[-7.52399,43.73678],[-7.53337,43.72891],[-7.55707,43.72995],[-7.54943,43.72492],[-7.56043,43.71024],[-7.5845,43.71184],[-7.57628,43.693],[-7.60067,43.68179],[-7.59667,43.66265],[-7.59668,43.67426],[-7.60887,43.67213],[-7.61437,43.68147],[-7.60613,43.71757],[-7.62967,43.72226],[-7.63341,43.75084],[-7.67314,43.74641],[-7.6831,43.73002],[-7.69844,43.73762],[-7.69345,43.71608],[-7.70763,43.70987],[-7.6986,43.69566],[-7.70259,43.68635],[-7.71927,43.68665],[-7.691,43.65405],[-7.70184,43.64374],[-7.71679,43.64599],[-7.71955,43.63179],[-7.73548,43.62214],[-7.7178,43.58401],[-7.74625,43.58075],[-7.76031,43.54803],[-7.74797,43.5419],[-7.75515,43.53154],[-7.7445,43.53044],[-7.74443,43.5119],[-7.75878,43.50847],[-7.78008,43.44891],[-7.80727,43.43734],[-7.82166,43.40168],[-7.88194,43.40753],[-7.89858,43.39067],[-7.88514,43.37537],[-7.88695,43.33718],[-7.94711,43.28602],[-7.92185,43.26946],[-7.96139,43.18984],[-7.95025,43.17726],[-7.93707,43.1118],[-7.91683,43.08827],[-7.94299,43.06762],[-7.90531,42.9854],[-7.90817,42.95126],[-7.9163,42.9323],[-7.94332,42.91735],[-7.93551,42.90346],[-7.97789,42.87743],[-7.99973,42.8489],[-7.9831,42.84233],[-7.9686,42.84961],[-7.95641,42.83975],[-7.98048,42.81134],[-7.97841,42.7787],[-7.93537,42.73974],[-7.86639,42.72064],[-7.86143,42.7062],[-7.88971,42.68371],[-7.89255,42.62963],[-7.91274,42.59167],[-7.93006,42.57883],[-7.93075,42.5786]]],[[[-7.63313,43.75667],[-7.62972,43.76149],[-7.63336,43.75701],[-7.63313,43.75667]]]]}},{"type":"Feature","properties":{"prov_code":"18","prov_name":"Granada","acom_code":"01","acom_name":"Andalucía"},"geometry":{"type":"Polygon","coordinates":[[[-3.77744,36.73792],[-3.76464,36.7293],[-3.74983,36.73801],[-3.72777,36.71924],[-3.72024,36.73203],[-3.67695,36.72952],[-3.65795,36.7465],[-3.60201,36.74464],[-3.57974,36.72341],[-3.55376,36.71498],[-3.53447,36.72218],[-3.51443,36.71217],[-3.52587,36.72413],[-3.48267,36.69727],[-3.41991,36.69389],[-3.40286,36.70737],[-3.36477,36.71438],[-3.33733,36.73872],[-3.30463,36.73829],[-3.25,36.75434],[-3.21181,36.74527],[-3.18682,36.75032],[-3.14377,36.74399],[-3.12868,36.75087],[-3.14019,36.78779],[-3.02901,36.84444],[-3.04327,36.87912],[-3.06972,36.89964],[-3.07193,36.91929],[-3.05719,36.91154],[-3.03132,36.92459],[-3.02934,36.94753],[-2.9905,36.95818],[-2.97621,36.97812],[-2.98251,37.00597],[-2.99894,37.01222],[-3.01623,37.05221],[-3.02639,37.11657],[-3.00026,37.09498],[-2.94896,37.09655],[-2.92915,37.15657],[-2.8953,37.16705],[-2.88099,37.1871],[-2.87496,37.23146],[-2.84539,37.27922],[-2.81936,37.27833],[-2.81488,37.27089],[-2.779,37.26266],[-2.75903,37.22671],[-2.73999,37.22876],[-2.73302,37.23732],[-2.69248,37.21719],[-2.66012,37.21199],[-2.66555,37.28563],[-2.65087,37.31233],[-2.6546,37.34061],[-2.63729,37.34333],[-2.64319,37.37594],[-2.63562,37.39421],[-2.51415,37.47953],[-2.45752,37.49083],[-2.45632,37.50943],[-2.42378,37.51288],[-2.4117,37.52494],[-2.39722,37.51338],[-2.38115,37.52292],[-2.35851,37.52229],[-2.35573,37.54699],[-2.3743,37.55735],[-2.3679,37.59158],[-2.39127,37.63248],[-2.35957,37.62127],[-2.34543,37.62922],[-2.3167,37.62184],[-2.31042,37.63001],[-2.32579,37.67201],[-2.32334,37.69387],[-2.30659,37.71022],[-2.30752,37.72327],[-2.27678,37.77622],[-2.30177,37.80828],[-2.28939,37.83148],[-2.29495,37.87632],[-2.28852,37.88514],[-2.26539,37.88095],[-2.25078,37.89718],[-2.20779,37.91625],[-2.24738,37.93422],[-2.27639,37.95987],[-2.29837,38.0028],[-2.34122,38.02583],[-2.37346,38.02269],[-2.42484,38.03292],[-2.47171,38.05668],[-2.48232,38.05308],[-2.5056,38.06838],[-2.56538,38.08354],[-2.60663,38.06144],[-2.59586,38.05319],[-2.60512,37.99815],[-2.66983,37.96143],[-2.68973,37.97381],[-2.70267,37.97152],[-2.72286,37.96245],[-2.75935,37.92398],[-2.76745,37.91935],[-2.7732,37.92593],[-2.78461,37.91764],[-2.80624,37.88093],[-2.8196,37.87613],[-2.82889,37.83716],[-2.87315,37.79149],[-2.88029,37.75994],[-2.90378,37.75117],[-2.90153,37.68929],[-2.88404,37.68132],[-2.9022,37.66571],[-2.97792,37.63398],[-2.97399,37.62291],[-2.98441,37.61425],[-2.97818,37.60275],[-3.05096,37.61836],[-3.05825,37.60649],[-3.0882,37.59554],[-3.13216,37.61408],[-3.17205,37.64287],[-3.21574,37.64419],[-3.26249,37.63921],[-3.29623,37.58826],[-3.3993,37.56405],[-3.43687,37.5739],[-3.46116,37.59842],[-3.50647,37.61728],[-3.53678,37.59668],[-3.53654,37.58023],[-3.6276,37.52846],[-3.68444,37.51765],[-3.7301,37.48752],[-3.77624,37.47648],[-3.77583,37.48826],[-3.78558,37.4909],[-3.79172,37.46619],[-3.80873,37.45926],[-3.80221,37.45335],[-3.82542,37.40243],[-3.84225,37.38575],[-3.95089,37.37835],[-4.00082,37.40209],[-4.08594,37.40375],[-4.12722,37.37826],[-4.15784,37.34225],[-4.20404,37.35291],[-4.23642,37.33585],[-4.23651,37.29722],[-4.24813,37.26912],[-4.26325,37.26038],[-4.25531,37.22957],[-4.32813,37.18407],[-4.28707,37.11952],[-4.27251,37.0149],[-4.25193,37.02298],[-4.23133,37.01694],[-4.21542,36.99177],[-4.16662,36.95702],[-4.09973,36.95272],[-4.08996,36.93215],[-4.06124,36.9199],[-4.04654,36.90303],[-3.92952,36.88288],[-3.9186,36.86808],[-3.89056,36.86755],[-3.86761,36.85068],[-3.82628,36.85505],[-3.76814,36.80195],[-3.76663,36.78538],[-3.78228,36.76445],[-3.7775,36.73868],[-3.77744,36.73792]]]}},{"type":"Feature","properties":{"prov_code":"21","prov_name":"Huelva","acom_code":"01","acom_name":"Andalucía"},"geometry":{"type":"Polygon","coordinates":[[[-6.93156,38.20821],[-6.96914,38.16631],[-6.95218,38.15278],[-6.97066,38.11055],[-6.9878,38.10198],[-7.00202,38.0224],[-7.02502,38.02467],[-7.04678,38.01426],[-7.06316,38.01918],[-7.06719,38.03347],[-7.09871,38.04388],[-7.12838,38.02955],[-7.12911,38.01075],[-7.12067,38.00463],[-7.17345,37.99283],[-7.20227,38.00343],[-7.22672,37.98812],[-7.24569,37.99219],[-7.26244,37.97986],[-7.24826,37.95477],[-7.25506,37.92273],[-7.26196,37.92432],[-7.27363,37.89907],[-7.28222,37.89769],[-7.28347,37.86897],[-7.32513,37.81532],[-7.36638,37.79283],[-7.39664,37.76395],[-7.40738,37.76719],[-7.42137,37.75894],[-7.41868,37.74384],[-7.42858,37.74097],[-7.45258,37.67779],[-7.44381,37.66439],[-7.45572,37.66235],[-7.45485,37.64628],[-7.46753,37.64916],[-7.47047,37.62491],[-7.48244,37.62388],[-7.48938,37.60357],[-7.50397,37.6044],[-7.4963,37.59441],[-7.50104,37.5786],[-7.51588,37.56942],[-7.50665,37.55759],[-7.52305,37.55356],[-7.51127,37.52438],[-7.49216,37.52217],[-7.48422,37.4982],[-7.46348,37.48592],[-7.4688,37.46854],[-7.45671,37.45233],[-7.45762,37.42919],[-7.44557,37.41871],[-7.46271,37.40899],[-7.44048,37.39102],[-7.44218,37.3113],[-7.42169,37.27378],[-7.43353,37.24974],[-7.41393,37.22659],[-7.40779,37.18253],[-7.40313,37.17442],[-7.37268,37.1704],[-7.27089,37.20178],[-7.06314,37.21091],[-7.01488,37.19884],[-6.94864,37.16422],[-6.94974,37.1779],[-6.93455,37.16384],[-6.85053,37.12765],[-6.83236,37.10786],[-6.853,37.13188],[-6.91581,37.16305],[-6.91668,37.1763],[-6.87425,37.14834],[-6.71539,37.08354],[-6.52188,36.97716],[-6.44927,36.90779],[-6.39723,36.80734],[-6.37126,36.79506],[-6.35269,36.79639],[-6.3423,36.80372],[-6.35213,36.86132],[-6.34529,36.88913],[-6.33101,36.8988],[-6.37889,36.93471],[-6.36381,36.9458],[-6.35394,36.98849],[-6.38639,37.07629],[-6.37824,37.09589],[-6.35631,37.11064],[-6.36009,37.11729],[-6.34236,37.12298],[-6.35967,37.13843],[-6.33612,37.16962],[-6.35056,37.18056],[-6.34524,37.21828],[-6.35985,37.2381],[-6.333,37.2991],[-6.38457,37.33749],[-6.34586,37.36555],[-6.36196,37.37574],[-6.35645,37.41205],[-6.31255,37.41864],[-6.30581,37.43576],[-6.33295,37.46463],[-6.33885,37.48523],[-6.35655,37.49628],[-6.36665,37.53583],[-6.39346,37.55676],[-6.40272,37.57981],[-6.39339,37.5858],[-6.40227,37.59872],[-6.39524,37.61087],[-6.44327,37.62335],[-6.48479,37.61605],[-6.51499,37.62526],[-6.52862,37.61579],[-6.53836,37.62564],[-6.52967,37.63606],[-6.53609,37.65098],[-6.52536,37.66423],[-6.50134,37.66796],[-6.50142,37.6887],[-6.47364,37.70891],[-6.48369,37.72014],[-6.47512,37.72514],[-6.44999,37.7189],[-6.39003,37.74769],[-6.31102,37.76487],[-6.27849,37.75841],[-6.25232,37.76314],[-6.24467,37.74775],[-6.25242,37.74278],[-6.2225,37.73934],[-6.21983,37.75518],[-6.20483,37.76603],[-6.21546,37.79154],[-6.2024,37.80553],[-6.18466,37.80967],[-6.16742,37.79279],[-6.13402,37.78783],[-6.1382,37.79546],[-6.12643,37.79717],[-6.12166,37.81659],[-6.14255,37.85606],[-6.15731,37.85363],[-6.16429,37.86201],[-6.1249,37.90442],[-6.14521,37.9205],[-6.16997,37.90981],[-6.18394,37.92761],[-6.18024,37.94103],[-6.20124,37.96193],[-6.23924,37.95893],[-6.25195,37.97138],[-6.30337,37.97824],[-6.34704,38.00282],[-6.36725,38.04892],[-6.44432,38.0596],[-6.45244,38.05596],[-6.44361,38.04696],[-6.47386,38.02443],[-6.46532,38.01121],[-6.47656,38.00783],[-6.49174,38.00947],[-6.49546,38.01922],[-6.54569,38.02812],[-6.58358,38.02128],[-6.58053,38.05277],[-6.6221,38.09701],[-6.64206,38.09753],[-6.6493,38.09002],[-6.65303,38.09648],[-6.68867,38.10023],[-6.71504,38.09249],[-6.71975,38.10062],[-6.73199,38.09005],[-6.75794,38.09268],[-6.77009,38.09946],[-6.76493,38.106],[-6.77364,38.10467],[-6.77005,38.11211],[-6.80782,38.11111],[-6.81581,38.12014],[-6.79954,38.1438],[-6.79509,38.17854],[-6.84843,38.17724],[-6.93115,38.20754],[-6.93156,38.20821]]]}},{"type":"Feature","properties":{"prov_code":"38","prov_name":"Santa Cruz de Tenerife","acom_code":"05","acom_name":"Canarias"},"geometry":{"type":"MultiPolygon","coordinates":[[[[-17.96104,27.69253],[-17.95733,27.71957],[-17.94883,27.7287],[-17.92726,27.73184],[-17.90957,27.76542],[-17.91426,27.77068],[-17.88339,27.80366],[-17.89386,27.83227],[-17.91759,27.84788],[-17.95821,27.84147],[-17.97253,27.82726],[-17.99159,27.82263],[-17.98926,27.79938],[-18.03657,27.76202],[-18.08227,27.75313],[-18.13218,27.77126],[-18.15499,27.75374],[-18.1519,27.73197],[-18.16081,27.71705],[-18.15511,27.70978],[-18.05058,27.69271],[-17.99169,27.63888],[-17.97036,27.64843],[-17.97259,27.67097],[-17.96144,27.69244],[-17.96104,27.69253]]],[[[-17.9189,28.59211],[-17.88004,28.54019],[-17.86848,28.47324],[-17.84055,28.45282],[-17.78673,28.54363],[-17.76009,28.56987],[-17.75018,28.62208],[-17.76874,28.67732],[-17.7639,28.6712],[-17.75915,28.69719],[-17.73256,28.72019],[-17.7242,28.73845],[-17.75249,28.77632],[-17.77789,28.8396],[-17.80923,28.84529],[-17.85713,28.83271],[-17.89605,28.84221],[-17.90502,28.8546],[-17.91982,28.85743],[-17.92651,28.8463],[-17.96778,28.82725],[-17.97934,28.80332],[-18.00572,28.78457],[-18.00694,28.75746],[-17.98173,28.72883],[-17.96421,28.66785],[-17.94476,28.63842],[-17.94408,28.64647],[-17.93894,28.64088],[-17.91952,28.59243],[-17.9189,28.59211]]],[[[-17.32962,28.08089],[-17.32038,28.07575],[-17.3195,28.05876],[-17.29143,28.04686],[-17.28914,28.03797],[-17.27335,28.03606],[-17.27032,28.02531],[-17.19856,28.02393],[-17.18022,28.03778],[-17.1678,28.03613],[-17.1095,28.08987],[-17.10968,28.08242],[-17.09852,28.09559],[-17.10346,28.12835],[-17.1189,28.15341],[-17.15062,28.1634],[-17.16785,28.18084],[-17.18325,28.17992],[-17.19606,28.19996],[-17.24483,28.20078],[-17.26074,28.21793],[-17.27617,28.21795],[-17.31866,28.20359],[-17.34574,28.15198],[-17.34111,28.13142],[-17.34893,28.09837],[-17.33047,28.08162],[-17.32962,28.08089]]],[[[-16.63867,28.00835],[-16.5954,28.02926],[-16.55726,28.03128],[-16.54653,28.0249],[-16.54132,28.04185],[-16.50311,28.07696],[-16.49448,28.06974],[-16.49707,28.07815],[-16.48642,28.07731],[-16.48998,28.09017],[-16.42528,28.15009],[-16.43435,28.15557],[-16.42497,28.16811],[-16.42468,28.20457],[-16.3873,28.26453],[-16.38375,28.28473],[-16.36168,28.30439],[-16.36973,28.35442],[-16.36106,28.37863],[-16.30073,28.41434],[-16.26978,28.44735],[-16.249,28.45453],[-16.24277,28.46807],[-16.24704,28.45568],[-16.23721,28.48545],[-16.21967,28.48944],[-16.22524,28.48375],[-16.16746,28.5184],[-16.1257,28.53207],[-16.11949,28.55567],[-16.13612,28.58291],[-16.15811,28.58866],[-16.22301,28.56545],[-16.27209,28.57789],[-16.29717,28.56902],[-16.32864,28.57674],[-16.33413,28.55742],[-16.36546,28.54515],[-16.38544,28.54606],[-16.41109,28.52695],[-16.4287,28.4892],[-16.45145,28.47668],[-16.45602,28.4598],[-16.47334,28.45498],[-16.4768,28.44073],[-16.49694,28.43846],[-16.51186,28.41955],[-16.5548,28.41892],[-16.60341,28.39401],[-16.67359,28.40153],[-16.68104,28.39039],[-16.69397,28.3959],[-16.7011,28.38369],[-16.71926,28.38773],[-16.72454,28.37703],[-16.73369,28.38248],[-16.75157,28.3707],[-16.80778,28.37594],[-16.83289,28.39299],[-16.87128,28.371],[-16.92282,28.3557],[-16.9253,28.34152],[-16.89654,28.33207],[-16.85942,28.27489],[-16.84109,28.2644],[-16.84624,28.23947],[-16.83749,28.20762],[-16.80704,28.17457],[-16.77905,28.11974],[-16.73805,28.08681],[-16.73675,28.05453],[-16.71146,28.04732],[-16.70463,28.0064],[-16.67894,27.99811],[-16.66484,28.00863],[-16.63873,28.00798],[-16.63867,28.00835]]]]}},{"type":"Feature","properties":{"prov_code":"13","prov_name":"Ciudad Real","acom_code":"08","acom_name":"Castilla-La Mancha"},"geometry":{"type":"MultiPolygon","coordinates":[[[[-4.26847,38.34703],[-4.2763,38.39054],[-4.25549,38.40162],[-4.15567,38.3807],[-4.1443,38.38609],[-4.00631,38.36773],[-3.91279,38.36784],[-3.85499,38.37493],[-3.8306,38.39375],[-3.82864,38.41426],[-3.78561,38.42527],[-3.73906,38.41376],[-3.73001,38.42437],[-3.62047,38.39399],[-3.59824,38.39847],[-3.58585,38.4056],[-3.58308,38.45147],[-3.54189,38.44538],[-3.52844,38.40864],[-3.4517,38.40032],[-3.42482,38.4068],[-3.4104,38.42356],[-3.37668,38.4396],[-3.37501,38.47523],[-3.32649,38.48212],[-3.30526,38.47928],[-3.27942,38.46024],[-3.13829,38.43858],[-3.06497,38.47825],[-3.00258,38.40793],[-2.99359,38.4495],[-2.97547,38.45525],[-2.96267,38.47119],[-2.90451,38.46972],[-2.88014,38.45241],[-2.88378,38.45803],[-2.87674,38.45623],[-2.8792,38.46309],[-2.86102,38.47549],[-2.83997,38.47822],[-2.83788,38.4857],[-2.83169,38.47756],[-2.83141,38.48758],[-2.81224,38.49176],[-2.80608,38.50309],[-2.7923,38.50219],[-2.78827,38.51467],[-2.78063,38.50878],[-2.77087,38.51924],[-2.77598,38.52673],[-2.74679,38.54681],[-2.7655,38.57385],[-2.7501,38.61557],[-2.76369,38.62789],[-2.72825,38.61608],[-2.71758,38.62513],[-2.69982,38.62536],[-2.66885,38.64922],[-2.63789,38.73462],[-2.69628,38.78293],[-2.73224,38.78185],[-2.75268,38.81473],[-2.76231,38.88077],[-2.79065,38.89157],[-2.79246,38.90555],[-2.83581,38.90597],[-2.85766,38.92738],[-2.87622,38.92551],[-2.88289,38.93849],[-2.87097,38.96555],[-2.84459,38.98636],[-2.83226,39.02324],[-2.80881,39.02869],[-2.80549,39.0794],[-2.82849,39.10002],[-2.84167,39.13532],[-2.72269,39.26684],[-2.77626,39.39491],[-2.79381,39.39774],[-2.82642,39.35905],[-2.84623,39.34845],[-2.86003,39.34682],[-2.86427,39.3563],[-2.88218,39.35013],[-2.8967,39.36629],[-2.88601,39.38426],[-2.87086,39.38399],[-2.87032,39.39084],[-2.91481,39.4474],[-2.93241,39.4525],[-2.92852,39.47027],[-2.957,39.4472],[-2.99505,39.45126],[-2.9994,39.44159],[-3.01485,39.44507],[-3.0227,39.45714],[-3.06988,39.45006],[-3.09588,39.47317],[-3.15679,39.49612],[-3.18414,39.48818],[-3.18516,39.475],[-3.29425,39.47077],[-3.31634,39.43403],[-3.30873,39.39878],[-3.34499,39.4082],[-3.41028,39.40459],[-3.47048,39.37214],[-3.47688,39.34314],[-3.53259,39.30416],[-3.56711,39.29933],[-3.5866,39.30766],[-3.68019,39.29828],[-3.68814,39.28486],[-3.72252,39.26961],[-3.76032,39.29169],[-3.79121,39.2929],[-3.81218,39.28671],[-3.84167,39.25958],[-3.85736,39.2585],[-3.96686,39.29855],[-3.95868,39.30957],[-3.9722,39.35218],[-4.07337,39.36533],[-4.10445,39.34111],[-4.12054,39.36262],[-4.14807,39.36277],[-4.11807,39.45688],[-4.08132,39.45167],[-4.06813,39.45705],[-4.05883,39.47219],[-4.06824,39.50255],[-4.06026,39.52108],[-4.03008,39.52197],[-4.04178,39.57535],[-4.12435,39.56356],[-4.15873,39.57676],[-4.19323,39.49538],[-4.24209,39.4779],[-4.37721,39.49598],[-4.42174,39.50715],[-4.44191,39.52313],[-4.45308,39.51729],[-4.46159,39.47855],[-4.48327,39.48835],[-4.49989,39.51769],[-4.51122,39.52212],[-4.50167,39.5351],[-4.48219,39.5388],[-4.52495,39.56162],[-4.53109,39.5316],[-4.54268,39.544],[-4.56144,39.53314],[-4.55463,39.51078],[-4.56783,39.49739],[-4.59028,39.49974],[-4.61843,39.48465],[-4.61159,39.46014],[-4.61813,39.4544],[-4.68694,39.44973],[-4.66967,39.41661],[-4.70426,39.36444],[-4.70708,39.32798],[-4.7611,39.32072],[-4.73368,39.25254],[-4.71355,39.24432],[-4.70823,39.20987],[-4.68795,39.20307],[-4.64789,39.16687],[-4.67655,39.16959],[-4.74255,39.19452],[-4.77364,39.1895],[-4.81027,39.19942],[-4.83222,39.17508],[-4.83156,39.16423],[-4.85317,39.15244],[-4.85687,39.12328],[-4.8744,39.10043],[-4.85842,39.07683],[-4.82694,39.06412],[-4.83279,39.04616],[-4.84917,39.0455],[-4.86099,39.03178],[-4.87999,39.03242],[-4.93513,39.05642],[-4.9625,39.05873],[-4.93367,38.97558],[-4.91822,38.95704],[-4.90507,38.96331],[-4.89113,38.95247],[-4.84525,38.9459],[-4.83113,38.93561],[-4.84732,38.8824],[-4.91494,38.88744],[-4.94348,38.85438],[-4.96124,38.78845],[-4.98999,38.73976],[-5.04695,38.72909],[-5.00803,38.71523],[-5.0046,38.6951],[-4.94087,38.68153],[-4.87697,38.68609],[-4.86888,38.68093],[-4.85962,38.61439],[-4.81592,38.59502],[-4.78825,38.59657],[-4.70524,38.5712],[-4.70312,38.55306],[-4.66366,38.54632],[-4.62196,38.52345],[-4.61961,38.50816],[-4.59367,38.48595],[-4.57681,38.49327],[-4.56456,38.4903],[-4.55873,38.47695],[-4.53943,38.48202],[-4.53555,38.47006],[-4.51219,38.46336],[-4.45278,38.40147],[-4.43523,38.40233],[-4.4062,38.38297],[-4.39064,38.38619],[-4.32111,38.36284],[-4.28707,38.34253],[-4.26921,38.34656],[-4.26847,38.34703]]],[[[-4.75537,39.41571],[-4.75371,39.42542],[-4.7669,39.42404],[-4.7681,39.42992],[-4.74051,39.45617],[-4.75171,39.50183],[-4.76247,39.51404],[-4.86312,39.55615],[-4.90821,39.49369],[-4.94074,39.39512],[-4.902,39.3745],[-4.87093,39.36831],[-4.86071,39.37974],[-4.84555,39.37921],[-4.81072,39.39645],[-4.77461,39.39719],[-4.75702,39.41465],[-4.75537,39.41571]]]]}},{"type":"Feature","properties":{"prov_code":"07","prov_name":"Illes Balears","acom_code":"04","acom_name":"Illes Balears"},"geometry":{"type":"MultiPolygon","coordinates":[[[[1.18833,38.8632],[1.20337,38.86877],[1.18796,38.86354],[1.18833,38.8632]]],[[[1.21286,38.97726],[1.21364,38.99527],[1.20623,38.98943],[1.21255,38.9774],[1.21286,38.97726]]],[[[1.43224,38.77482],[1.42199,38.79729],[1.41933,38.77941],[1.43221,38.77506],[1.43224,38.77482]]],[[[1.40977,38.89028],[1.42358,38.90481],[1.43861,38.90274],[1.43954,38.91667],[1.45707,38.90369],[1.45507,38.91705],[1.47683,38.91302],[1.50521,38.93312],[1.51058,38.947],[1.52876,38.94498],[1.52007,38.95314],[1.53275,38.96163],[1.52823,38.98009],[1.54602,38.98303],[1.55156,38.99243],[1.58134,38.98934],[1.58522,39.01572],[1.60615,39.02968],[1.62123,39.02762],[1.58879,39.06073],[1.59149,39.07507],[1.60991,39.0793],[1.60125,39.07932],[1.60476,39.09031],[1.59297,39.09761],[1.55882,39.09283],[1.53722,39.10668],[1.54194,39.11645],[1.51433,39.11678],[1.52014,39.1138],[1.50697,39.11357],[1.50445,39.10068],[1.49634,39.09864],[1.48843,39.11054],[1.48413,39.10094],[1.4629,39.10362],[1.44053,39.08051],[1.42636,39.09257],[1.41688,39.07745],[1.38959,39.07933],[1.37516,39.06227],[1.35884,39.07407],[1.34465,39.06675],[1.34154,39.05294],[1.32563,39.05246],[1.28995,39.02823],[1.29894,39.00953],[1.28446,38.99386],[1.30653,38.97241],[1.24479,38.96593],[1.22918,38.97454],[1.21518,38.95862],[1.23648,38.93879],[1.21364,38.89737],[1.22519,38.88819],[1.2241,38.8709],[1.23576,38.87247],[1.24795,38.85585],[1.27178,38.87944],[1.2972,38.87667],[1.30521,38.86705],[1.29737,38.86226],[1.31703,38.86722],[1.32034,38.85588],[1.34312,38.87108],[1.36117,38.86068],[1.37111,38.83059],[1.38434,38.84238],[1.40593,38.83151],[1.40907,38.88905],[1.40977,38.89028]]],[[[1.38802,38.64102],[1.44718,38.68499],[1.48003,38.68075],[1.53369,38.65173],[1.57259,38.65099],[1.58472,38.66978],[1.56906,38.69162],[1.53039,38.67282],[1.4956,38.68882],[1.47774,38.70254],[1.47261,38.72812],[1.46366,38.72257],[1.44676,38.73292],[1.43327,38.77165],[1.42853,38.73815],[1.41213,38.73179],[1.41925,38.72251],[1.40717,38.72197],[1.4121,38.73094],[1.40152,38.72794],[1.39703,38.73542],[1.38025,38.71924],[1.39033,38.69937],[1.38071,38.69284],[1.38735,38.64081],[1.38802,38.64102]]],[[[1.47945,38.78835],[1.47777,38.80505],[1.47929,38.78864],[1.47945,38.78835]]],[[[1.64596,39.03247],[1.64623,39.04066],[1.63648,39.04106],[1.64532,39.03263],[1.64596,39.03247]]],[[[2.30486,39.57248],[2.33888,39.59823],[2.30998,39.58365],[2.30443,39.57244],[2.30486,39.57248]]],[[[2.44806,39.49614],[2.45484,39.50113],[2.44801,39.4966],[2.44806,39.49614]]],[[[2.59777,39.54798],[2.63246,39.5452],[2.63935,39.5527],[2.63218,39.54561],[2.62016,39.55047],[2.63245,39.55288],[2.6245,39.55455],[2.6291,39.56564],[2.64146,39.56882],[2.63447,39.55913],[2.64526,39.56567],[2.66933,39.56254],[2.73984,39.52015],[2.75116,39.49954],[2.722,39.47572],[2.74731,39.44147],[2.73959,39.41117],[2.78791,39.36266],[2.80553,39.36717],[2.8293,39.35615],[2.83649,39.3645],[2.88181,39.36617],[2.91325,39.35243],[2.92925,39.36422],[2.95753,39.36258],[2.9908,39.33677],[2.98624,39.31585],[3.00301,39.31725],[3.04946,39.26611],[3.06504,39.26565],[3.1464,39.32997],[3.17097,39.32651],[3.16931,39.33334],[3.17693,39.32928],[3.18909,39.33789],[3.18797,39.35189],[3.21539,39.355],[3.21113,39.36475],[3.21983,39.35696],[3.23223,39.36164],[3.22213,39.37287],[3.23031,39.36806],[3.24441,39.37744],[3.26341,39.4093],[3.25698,39.41028],[3.26794,39.41538],[3.25891,39.41601],[3.26613,39.42793],[3.27481,39.41587],[3.29191,39.4942],[3.31486,39.52093],[3.34026,39.53483],[3.33186,39.54044],[3.3684,39.55099],[3.37942,39.57607],[3.40413,39.57951],[3.38502,39.5928],[3.39689,39.62831],[3.40926,39.63766],[3.43629,39.63427],[3.44101,39.65648],[3.4559,39.65622],[3.45671,39.70551],[3.47854,39.71636],[3.45269,39.72249],[3.46135,39.74807],[3.43219,39.7451],[3.40409,39.76396],[3.37418,39.76833],[3.34812,39.78937],[3.33508,39.7841],[3.32879,39.75975],[3.25259,39.72937],[3.1784,39.7559],[3.13507,39.78267],[3.11786,39.81059],[3.12066,39.83191],[3.13096,39.84099],[3.14059,39.83197],[3.17837,39.84054],[3.19721,39.86186],[3.18655,39.86334],[3.18822,39.88154],[3.20446,39.88881],[3.19036,39.89242],[3.14499,39.86549],[3.13165,39.8693],[3.10564,39.85765],[3.08379,39.87548],[3.0803,39.90163],[3.09154,39.91112],[3.11097,39.89942],[3.10986,39.91129],[3.12735,39.91681],[3.13133,39.92687],[3.1544,39.92322],[3.18053,39.94059],[3.20225,39.94383],[3.21419,39.96221],[3.17958,39.95107],[3.17947,39.96127],[3.16516,39.95967],[3.1205,39.93138],[3.09761,39.92786],[3.09562,39.93589],[3.06045,39.91991],[3.06108,39.93258],[3.02827,39.93509],[2.98278,39.90827],[2.95024,39.91998],[2.93588,39.90408],[2.90223,39.89749],[2.87494,39.878],[2.85366,39.87439],[2.84454,39.86158],[2.83823,39.86531],[2.82476,39.8567],[2.80467,39.8624],[2.80027,39.85121],[2.77837,39.85559],[2.7756,39.83985],[2.76737,39.84297],[2.75489,39.82891],[2.74201,39.83297],[2.70109,39.81165],[2.68911,39.79794],[2.69474,39.79152],[2.68006,39.79853],[2.66926,39.79209],[2.6631,39.77232],[2.61939,39.75562],[2.62269,39.74782],[2.58583,39.7165],[2.55544,39.70008],[2.52798,39.7016],[2.46222,39.65201],[2.42312,39.63867],[2.42191,39.62997],[2.39542,39.6177],[2.36898,39.61413],[2.34463,39.58723],[2.35427,39.55768],[2.37224,39.54428],[2.39051,39.54621],[2.36388,39.53147],[2.38813,39.53392],[2.38768,39.5209],[2.41344,39.53896],[2.42362,39.53683],[2.41937,39.5229],[2.45548,39.53497],[2.46687,39.51888],[2.47948,39.518],[2.45619,39.50483],[2.46757,39.49054],[2.47915,39.49194],[2.4762,39.46624],[2.49081,39.47271],[2.50986,39.45832],[2.5232,39.45747],[2.52077,39.47615],[2.53636,39.48748],[2.53492,39.50619],[2.54723,39.51118],[2.53746,39.51703],[2.54104,39.52483],[2.59012,39.53116],[2.598,39.54793],[2.59777,39.54798]]],[[[2.94638,39.12564],[2.95793,39.12691],[2.95668,39.14761],[2.96948,39.14776],[2.97653,39.15818],[2.95063,39.16562],[2.9496,39.1488],[2.93104,39.15648],[2.93731,39.14459],[2.93054,39.14322],[2.91687,39.16157],[2.91504,39.13885],[2.92614,39.13844],[2.9195,39.12895],[2.94606,39.12595],[2.94638,39.12564]]],[[[2.96093,39.17588],[2.96986,39.19007],[2.9559,39.18408],[2.96075,39.17612],[2.96093,39.17588]]],[[[4.15635,39.85505],[4.20824,39.82483],[4.2188,39.82913],[4.23735,39.81416],[4.27539,39.80942],[4.30387,39.83214],[4.29921,39.84118],[4.30876,39.84984],[4.29884,39.8636],[4.30759,39.86477],[4.29362,39.88149],[4.25649,39.89711],[4.2963,39.89163],[4.31035,39.87004],[4.32774,39.877],[4.30969,39.88038],[4.30835,39.89905],[4.29863,39.89728],[4.27434,39.93367],[4.28066,39.94991],[4.26547,39.94991],[4.26996,39.95951],[4.2547,39.96416],[4.26614,39.98197],[4.2548,39.99267],[4.26985,39.99654],[4.22046,39.99669],[4.20794,40.01301],[4.20139,39.99577],[4.19531,40.03221],[4.18734,40.03331],[4.18223,40.02179],[4.16888,40.02687],[4.17108,40.03649],[4.1608,40.03348],[4.15849,40.04491],[4.16634,40.04435],[4.16452,40.05786],[4.17262,40.06058],[4.13655,40.06708],[4.14062,40.03528],[4.12661,40.02622],[4.1199,40.03593],[4.13353,40.06325],[4.10336,40.04448],[4.09285,40.0596],[4.09902,40.08599],[4.08203,40.0894],[4.08952,40.06914],[4.08416,40.07487],[4.07647,40.05964],[4.05373,40.05187],[4.03102,40.06525],[4.01607,40.05557],[3.99518,40.05893],[3.97873,40.0511],[3.93406,40.06291],[3.91985,40.05676],[3.92127,40.04534],[3.89854,40.05979],[3.87891,40.05256],[3.86719,40.05793],[3.82246,40.05117],[3.81054,40.0268],[3.79214,40.01982],[3.7989,39.99782],[3.82174,39.99557],[3.83596,40.00245],[3.8253,39.99634],[3.83532,39.9943],[3.82719,39.99259],[3.83934,39.97839],[3.82997,39.97262],[3.8241,39.92191],[3.88405,39.92194],[3.89297,39.92775],[3.89996,39.92256],[3.9367,39.93835],[3.9474,39.9333],[3.95938,39.93838],[3.96104,39.93258],[4.02647,39.91988],[4.15549,39.85528],[4.15635,39.85505]]],[[[4.28448,39.79953],[4.29608,39.80079],[4.284,39.79978],[4.28448,39.79953]]],[[[4.30587,39.87266],[4.30155,39.88174],[4.30543,39.87304],[4.30587,39.87266]]],[[[4.2748,39.95641],[4.28403,39.95981],[4.27791,39.96673],[4.2741,39.95657],[4.2748,39.95641]]]]}},{"type":"Feature","properties":{"prov_code":"08","prov_name":"Barcelona","acom_code":"09","acom_name":"Cataluña"},"geometry":{"type":"MultiPolygon","coordinates":[[[[1.64574,41.19486],[1.7155,41.21148],[1.72905,41.20797],[1.73569,41.21611],[1.73219,41.2073],[1.74255,41.21813],[1.78871,41.22373],[1.81522,41.236],[1.86578,41.23657],[1.93453,41.26233],[2.0231,41.26613],[2.12762,41.29669],[2.13799,41.29322],[2.13838,41.29961],[2.15324,41.29603],[2.16758,41.31155],[2.16542,41.31784],[2.15258,41.29616],[2.14267,41.29929],[2.16516,41.33807],[2.15914,41.34321],[2.1459,41.33098],[2.15092,41.34649],[2.16691,41.34715],[2.18226,41.36452],[2.17187,41.34885],[2.17289,41.31737],[2.17797,41.37413],[2.18591,41.38012],[2.18536,41.35774],[2.19833,41.38689],[2.2275,41.41546],[2.2295,41.40893],[2.24083,41.436],[2.26687,41.45902],[2.36918,41.49051],[2.44675,41.53201],[2.4446,41.52625],[2.46781,41.54564],[2.55544,41.57937],[2.56067,41.57499],[2.77758,41.65077],[2.75785,41.6794],[2.77452,41.70029],[2.76586,41.7257],[2.77603,41.73495],[2.74421,41.73488],[2.72405,41.7444],[2.68977,41.74152],[2.68175,41.74826],[2.68055,41.7396],[2.6576,41.74769],[2.62918,41.73099],[2.54758,41.71899],[2.51504,41.74863],[2.5157,41.76208],[2.46915,41.77779],[2.47218,41.7896],[2.45575,41.78419],[2.43653,41.80288],[2.35234,41.80857],[2.34474,41.83737],[2.32532,41.85588],[2.32796,41.88301],[2.33753,41.88915],[2.35662,41.88105],[2.36953,41.88579],[2.38249,41.87173],[2.40711,41.89542],[2.44258,41.88753],[2.48104,41.91606],[2.47157,41.93834],[2.44238,41.94143],[2.44144,41.95991],[2.42728,41.96895],[2.47431,41.96934],[2.48802,41.98485],[2.46881,41.99374],[2.49905,42.0015],[2.49429,42.02091],[2.50609,42.0323],[2.48134,42.05064],[2.49614,42.05901],[2.49092,42.06808],[2.45804,42.07928],[2.42729,42.06115],[2.41737,42.06506],[2.3945,42.08676],[2.40021,42.10271],[2.3799,42.10359],[2.3656,42.12094],[2.32059,42.11673],[2.29538,42.10264],[2.30374,42.11234],[2.29997,42.13376],[2.28059,42.1336],[2.26987,42.14501],[2.25754,42.13863],[2.21444,42.14192],[2.20528,42.13361],[2.21181,42.12792],[2.20404,42.13155],[2.20067,42.1239],[2.18873,42.12429],[2.18092,42.13525],[2.14357,42.13092],[2.12496,42.11239],[2.0999,42.12437],[2.10133,42.13984],[2.09225,42.1444],[2.06044,42.13518],[2.02765,42.15282],[2.00431,42.14969],[1.99183,42.18213],[1.96554,42.17874],[1.96465,42.19883],[2.00773,42.19364],[1.99767,42.19134],[2.00586,42.18299],[1.9959,42.17201],[2.00735,42.16208],[2.028,42.16664],[2.03728,42.17842],[2.05782,42.17474],[2.06342,42.19152],[2.05221,42.19539],[2.05311,42.21945],[2.03006,42.21563],[2.01703,42.23218],[2.04245,42.26934],[2.07019,42.28962],[2.01872,42.31033],[1.98358,42.29802],[1.94951,42.31567],[1.94324,42.30847],[1.93928,42.31647],[1.90312,42.3233],[1.77899,42.29087],[1.67189,42.28341],[1.69014,42.2771],[1.69506,42.26384],[1.68461,42.25644],[1.70457,42.23882],[1.6804,42.22436],[1.68035,42.20624],[1.70718,42.18992],[1.72182,42.19607],[1.73796,42.18946],[1.73838,42.16411],[1.72397,42.15262],[1.7138,42.15472],[1.69849,42.1346],[1.7123,42.11903],[1.70445,42.10598],[1.72287,42.10008],[1.7222,42.09138],[1.70763,42.08244],[1.69118,42.08679],[1.67463,42.05865],[1.67213,42.04077],[1.69242,42.0456],[1.6997,42.02887],[1.67005,42.0157],[1.66634,42.00301],[1.65835,42.02189],[1.6471,42.00007],[1.65159,41.99236],[1.6577,42.00291],[1.66214,41.99115],[1.68477,41.99513],[1.69743,41.98568],[1.69009,42.00511],[1.69867,42.01381],[1.71735,42.00004],[1.71937,41.98529],[1.6824,41.96765],[1.66773,41.97043],[1.67434,41.98274],[1.64884,41.97966],[1.65027,41.94574],[1.64241,41.94053],[1.65121,41.92668],[1.63753,41.92678],[1.56854,41.8798],[1.58296,41.87347],[1.60133,41.88429],[1.61905,41.88157],[1.63031,41.85878],[1.63146,41.84471],[1.61001,41.83613],[1.61146,41.81777],[1.58881,41.80473],[1.59983,41.78903],[1.59359,41.77793],[1.57258,41.78215],[1.53072,41.75259],[1.53267,41.76376],[1.51087,41.7708],[1.50476,41.78821],[1.48301,41.79114],[1.48417,41.77179],[1.46777,41.77104],[1.46087,41.77649],[1.47302,41.78251],[1.47166,41.80038],[1.42647,41.80185],[1.40288,41.74556],[1.42447,41.73267],[1.38205,41.70709],[1.40021,41.70432],[1.40415,41.68624],[1.42329,41.68405],[1.4155,41.6747],[1.433,41.65153],[1.45072,41.64635],[1.44891,41.63667],[1.43057,41.62982],[1.3915,41.63433],[1.36053,41.61374],[1.40733,41.60034],[1.39253,41.5752],[1.41968,41.58261],[1.45448,41.56919],[1.43103,41.55566],[1.44672,41.55239],[1.44858,41.53707],[1.40872,41.53493],[1.39574,41.51289],[1.45196,41.48636],[1.47393,41.48626],[1.48456,41.47492],[1.48318,41.45783],[1.46848,41.44396],[1.47566,41.43609],[1.49595,41.43572],[1.47596,41.42931],[1.4902,41.40173],[1.47319,41.38026],[1.5097,41.39423],[1.53702,41.38534],[1.55124,41.36841],[1.57796,41.36246],[1.57799,41.35328],[1.55908,41.34332],[1.57475,41.31515],[1.59636,41.30845],[1.58846,41.29358],[1.61206,41.28516],[1.61637,41.29311],[1.63679,41.29595],[1.62001,41.27706],[1.62746,41.26952],[1.6197,41.2537],[1.60597,41.25039],[1.57012,41.26066],[1.58311,41.23608],[1.62401,41.22294],[1.64098,41.23537],[1.65315,41.20741],[1.64124,41.21175],[1.64469,41.19642],[1.64574,41.19486]],[[1.7197,41.89512],[1.71875,41.8824],[1.70625,41.88941],[1.70863,41.89704],[1.7197,41.89477],[1.7197,41.89512]],[[1.64217,41.31266],[1.62897,41.31066],[1.64243,41.31288],[1.64217,41.31266]],[[2.01745,42.10946],[2.00762,42.10648],[2.00253,42.12532],[2.02568,42.13046],[2.03194,42.12627],[2.01914,42.12098],[2.01771,42.11001],[2.01745,42.10946]]],[[[1.64527,42.11231],[1.67797,42.10335],[1.69551,42.10816],[1.64551,42.11295],[1.64527,42.11231]]]]}},{"type":"Feature","properties":{"prov_code":"01","prov_name":"Araba","acom_code":"16","acom_name":"País Vasco"},"geometry":{"type":"Polygon","coordinates":[[[-2.85807,42.63838],[-2.84292,42.62972],[-2.8418,42.6086],[-2.81877,42.61272],[-2.81983,42.59145],[-2.84074,42.58143],[-2.82483,42.55463],[-2.8148,42.5693],[-2.80366,42.5645],[-2.77768,42.58225],[-2.76393,42.62244],[-2.74071,42.62244],[-2.71062,42.60109],[-2.68177,42.59539],[-2.70572,42.51666],[-2.67685,42.52626],[-2.67784,42.50957],[-2.65601,42.50345],[-2.6473,42.48325],[-2.60536,42.5035],[-2.59225,42.49193],[-2.60219,42.4819],[-2.59705,42.47301],[-2.5684,42.49408],[-2.554,42.48387],[-2.53061,42.48357],[-2.5375,42.49509],[-2.51059,42.51993],[-2.51463,42.49023],[-2.47743,42.48664],[-2.4488,42.49688],[-2.42058,42.48923],[-2.42312,42.51071],[-2.3922,42.51695],[-2.40105,42.5385],[-2.38995,42.54906],[-2.39675,42.5991],[-2.42112,42.60712],[-2.45324,42.56711],[-2.46221,42.58739],[-2.49063,42.58536],[-2.50008,42.61648],[-2.48307,42.61216],[-2.45008,42.64725],[-2.4158,42.66268],[-2.37626,42.65071],[-2.38195,42.6343],[-2.34489,42.63451],[-2.33218,42.64618],[-2.28848,42.65507],[-2.29358,42.67794],[-2.3093,42.67115],[-2.31686,42.6825],[-2.31285,42.70868],[-2.32401,42.72377],[-2.31685,42.73935],[-2.30439,42.73576],[-2.26217,42.74846],[-2.28101,42.78513],[-2.2687,42.79472],[-2.26769,42.81341],[-2.23541,42.8353],[-2.24098,42.88563],[-2.25545,42.89855],[-2.28954,42.90231],[-2.30232,42.92595],[-2.33635,42.9349],[-2.3548,42.95003],[-2.37668,42.94804],[-2.4099,42.9595],[-2.45094,42.95645],[-2.47777,42.96594],[-2.5012,42.95948],[-2.5353,42.97345],[-2.5425,42.95016],[-2.58102,42.96426],[-2.60268,42.98223],[-2.59277,42.9876],[-2.59653,43.00925],[-2.54958,43.01979],[-2.52485,43.04533],[-2.54812,43.07508],[-2.54099,43.07669],[-2.54639,43.08801],[-2.59256,43.08123],[-2.63269,43.08701],[-2.66124,43.07391],[-2.6337,43.04482],[-2.63362,43.01991],[-2.66688,43.03143],[-2.68661,43.02186],[-2.70355,43.03106],[-2.73006,43.02406],[-2.7405,43.03419],[-2.76972,43.02686],[-2.86417,43.05174],[-2.89408,43.04653],[-2.97512,43.09904],[-2.93553,43.13602],[-2.95392,43.15945],[-2.94632,43.17043],[-2.96862,43.18186],[-2.98084,43.20179],[-3.00646,43.19601],[-3.03283,43.21689],[-3.03972,43.21067],[-3.01667,43.20262],[-3.02666,43.1611],[-3.11061,43.14311],[-3.1378,43.16272],[-3.16185,43.15426],[-3.18171,43.12031],[-3.15206,43.10412],[-3.14149,43.11064],[-3.13394,43.09723],[-3.15819,43.07402],[-3.14031,43.06715],[-3.14186,43.02981],[-3.17025,43.02907],[-3.1778,43.02198],[-3.14479,43.00684],[-3.08915,43.0015],[-3.09048,43.00947],[-3.06533,43.023],[-3.05004,43.04671],[-3.02847,43.04621],[-3.0292,43.0368],[-3.01834,43.03735],[-3.03272,43.0202],[-2.98579,43.01163],[-2.98571,42.99217],[-2.95558,42.9989],[-2.97362,42.98909],[-3.00108,42.9895],[-3.00433,42.98256],[-3.03753,42.98244],[-3.04518,42.97306],[-2.98142,42.93988],[-3.01195,42.92225],[-3.01891,42.90851],[-3.0921,42.89878],[-3.10466,42.91016],[-3.12653,42.90406],[-3.14927,42.91706],[-3.14473,42.93468],[-3.22473,42.94969],[-3.24854,42.91215],[-3.27724,42.90158],[-3.2764,42.88702],[-3.28677,42.88515],[-3.21697,42.82652],[-3.20553,42.8274],[-3.22218,42.83864],[-3.19069,42.86946],[-3.16282,42.85674],[-3.1257,42.89132],[-3.11494,42.88925],[-3.10505,42.87959],[-3.11315,42.86106],[-3.15923,42.80459],[-3.12325,42.78933],[-3.14791,42.7567],[-3.1004,42.76735],[-3.08449,42.75713],[-3.07996,42.76708],[-3.06495,42.76024],[-3.04804,42.76536],[-3.04209,42.73958],[-3.01666,42.74101],[-2.9806,42.70348],[-2.93202,42.70848],[-2.93032,42.69967],[-2.9025,42.6936],[-2.89651,42.65419],[-2.85987,42.63891],[-2.85807,42.63838]],[[-2.86446,42.74367],[-2.85298,42.74783],[-2.85391,42.76786],[-2.83547,42.79627],[-2.82681,42.78445],[-2.80107,42.79271],[-2.7317,42.79449],[-2.64401,42.76468],[-2.60225,42.77071],[-2.58937,42.75032],[-2.5583,42.76273],[-2.57263,42.72517],[-2.58998,42.71076],[-2.60031,42.71527],[-2.60898,42.69586],[-2.57777,42.66821],[-2.54838,42.6688],[-2.5394,42.68658],[-2.52202,42.68403],[-2.5174,42.64633],[-2.54707,42.63738],[-2.55194,42.64926],[-2.63485,42.6478],[-2.65918,42.67246],[-2.6664,42.66619],[-2.70339,42.67429],[-2.71916,42.66187],[-2.7679,42.66601],[-2.7845,42.69894],[-2.8253,42.70894],[-2.86474,42.7434],[-2.86446,42.74367]]]}},{"type":"Feature","properties":{"prov_code":"52","prov_name":"Melilla","acom_code":"19","acom_name":"Ciudad Autónoma de Melilla"},"geometry":{"type":"Polygon","coordinates":[[[-2.95264,35.3203],[-2.9703,35.28868],[-2.95054,35.26549],[-2.92758,35.27353],[-2.93502,35.29266],[-2.92317,35.28885],[-2.95223,35.31971],[-2.95264,35.3203]]]}},{"type":"Feature","properties":{"prov_code":"22","prov_name":"Huesca","acom_code":"02","acom_name":"Aragón"},"geometry":{"type":"Polygon","coordinates":[[[-0.90109,42.74272],[-0.90435,42.71219],[-0.92246,42.7008],[-0.90155,42.70187],[-0.87995,42.68814],[-0.89309,42.66235],[-0.92764,42.65624],[-0.90466,42.61294],[-0.91468,42.60233],[-0.90471,42.59905],[-0.90867,42.58713],[-0.92479,42.58797],[-0.93417,42.57265],[-0.92161,42.57124],[-0.9186,42.55528],[-0.89935,42.55998],[-0.89571,42.54237],[-0.91645,42.53732],[-0.93343,42.50588],[-0.89299,42.50985],[-0.89702,42.47908],[-0.87772,42.46164],[-0.90376,42.45324],[-0.89628,42.4438],[-0.90441,42.43476],[-0.84209,42.40739],[-0.83543,42.39553],[-0.81531,42.39523],[-0.82167,42.38456],[-0.84418,42.38464],[-0.85566,42.33992],[-0.8796,42.31889],[-0.88898,42.28698],[-0.91891,42.25732],[-0.89055,42.24003],[-0.89118,42.26304],[-0.87696,42.28165],[-0.85793,42.27474],[-0.84393,42.28283],[-0.8131,42.26449],[-0.80653,42.27055],[-0.77181,42.34671],[-0.77794,42.39126],[-0.73643,42.36988],[-0.74459,42.33868],[-0.72886,42.29632],[-0.75938,42.26365],[-0.76152,42.21446],[-0.75047,42.19941],[-0.7599,42.17867],[-0.75162,42.17293],[-0.7598,42.17023],[-0.74739,42.15592],[-0.75872,42.14696],[-0.75555,42.08995],[-0.77008,42.08733],[-0.76068,42.07938],[-0.76371,42.06622],[-0.79351,42.05411],[-0.81033,42.09386],[-0.85701,42.05099],[-0.85074,42.02615],[-0.88493,42.00358],[-0.77821,41.9574],[-0.65783,41.9575],[-0.63058,41.91291],[-0.59547,41.89959],[-0.60331,41.88283],[-0.55521,41.87133],[-0.51675,41.83678],[-0.50069,41.76132],[-0.51869,41.72882],[-0.48942,41.73167],[-0.44492,41.70368],[-0.42854,41.70548],[-0.3745,41.68812],[-0.35952,41.63522],[-0.31259,41.6241],[-0.30231,41.60792],[-0.24478,41.57311],[-0.20574,41.60226],[-0.15645,41.58997],[-0.16735,41.58111],[-0.15748,41.56838],[-0.15666,41.53529],[-0.10497,41.48548],[-0.07271,41.37716],[-0.04944,41.36046],[-0.00793,41.34781],[-0.02928,41.37782],[-0.0234,41.39699],[-0.00298,41.38792],[0.00969,41.36043],[0.09336,41.34997],[0.1063,41.35082],[0.12464,41.38354],[0.16365,41.4065],[0.18264,41.39441],[0.21909,41.40357],[0.24059,41.42835],[0.30888,41.41884],[0.33585,41.40746],[0.35541,41.45246],[0.33968,41.48333],[0.3975,41.49066],[0.44692,41.54224],[0.43033,41.56524],[0.42849,41.60238],[0.40202,41.59272],[0.34961,41.59946],[0.34582,41.62186],[0.35798,41.63172],[0.32624,41.6622],[0.32821,41.68107],[0.36866,41.71419],[0.38474,41.74031],[0.39524,41.73182],[0.39868,41.75781],[0.4686,41.76498],[0.48323,41.80146],[0.51546,41.82235],[0.54357,41.8204],[0.55521,41.85301],[0.58005,41.85091],[0.5799,41.86362],[0.60748,41.87182],[0.5921,41.88442],[0.60098,41.90854],[0.5949,41.91795],[0.60749,41.91932],[0.56188,41.93822],[0.58627,41.96713],[0.60549,41.96001],[0.62401,41.99184],[0.63873,41.99461],[0.64334,41.98307],[0.66383,42.0146],[0.65185,42.02366],[0.65686,42.04012],[0.67216,42.04747],[0.66982,42.06152],[0.69961,42.10514],[0.6955,42.15141],[0.71385,42.16282],[0.69808,42.1718],[0.70199,42.18908],[0.73622,42.25239],[0.74483,42.30118],[0.76462,42.32248],[0.74368,42.32632],[0.74036,42.33687],[0.77131,42.35064],[0.72327,42.36563],[0.7461,42.38478],[0.72594,42.40523],[0.73553,42.41475],[0.71014,42.43639],[0.70898,42.45922],[0.68994,42.48684],[0.70051,42.49552],[0.71337,42.48721],[0.74216,42.5056],[0.7199,42.51283],[0.72159,42.52488],[0.73474,42.54035],[0.75277,42.53395],[0.74081,42.5454],[0.75794,42.56994],[0.76755,42.61122],[0.70771,42.62108],[0.69559,42.65862],[0.66007,42.69085],[0.59709,42.70552],[0.58736,42.69449],[0.52731,42.70255],[0.51678,42.69135],[0.4742,42.70015],[0.42209,42.69046],[0.39531,42.69952],[0.39306,42.71321],[0.36023,42.72435],[0.32517,42.70503],[0.32136,42.6829],[0.29527,42.67319],[0.26369,42.69324],[0.26001,42.71602],[0.2269,42.71732],[0.1758,42.73704],[0.16179,42.72319],[0.13673,42.72244],[0.11695,42.71115],[0.07799,42.71483],[0.05843,42.69756],[0.01581,42.70183],[0.00027,42.68532],[-0.05638,42.69231],[-0.06846,42.71807],[-0.10641,42.72062],[-0.12279,42.75164],[-0.14976,42.76919],[-0.15999,42.79803],[-0.17768,42.7856],[-0.18888,42.78705],[-0.23893,42.80872],[-0.24334,42.82365],[-0.25514,42.81933],[-0.31326,42.84937],[-0.32385,42.83486],[-0.34684,42.83778],[-0.39475,42.79897],[-0.40879,42.80766],[-0.4414,42.7953],[-0.50481,42.8275],[-0.52501,42.81216],[-0.52965,42.79156],[-0.54372,42.79318],[-0.5518,42.77786],[-0.56753,42.78074],[-0.56918,42.80694],[-0.59911,42.80466],[-0.60321,42.83243],[-0.65577,42.85847],[-0.6787,42.88455],[-0.69919,42.8788],[-0.72363,42.8896],[-0.7364,42.91304],[-0.72664,42.919],[-0.75213,42.92439],[-0.78295,42.92156],[-0.81904,42.90104],[-0.81861,42.86865],[-0.85682,42.84706],[-0.85144,42.80759],[-0.86001,42.79856],[-0.84753,42.78592],[-0.87331,42.75898],[-0.90054,42.76047],[-0.9005,42.74309],[-0.90109,42.74272]]]}},{"type":"Feature","properties":{"prov_code":"31","prov_name":"Navarra","acom_code":"15","acom_name":"Comunidad Foral de Navarra"},"geometry":{"type":"MultiPolygon","coordinates":[[[[-2.42058,42.48923],[-2.40001,42.47143],[-2.3764,42.47273],[-2.36363,42.46163],[-2.35261,42.46564],[-2.34675,42.45177],[-2.33184,42.45401],[-2.32999,42.4688],[-2.29872,42.45741],[-2.29688,42.46814],[-2.28801,42.46736],[-2.27639,42.44667],[-2.23886,42.44092],[-2.23497,42.42615],[-2.21637,42.42396],[-2.21282,42.4151],[-2.18611,42.41877],[-2.16659,42.40801],[-2.15178,42.41863],[-2.1119,42.41996],[-2.10508,42.41594],[-2.11551,42.39908],[-2.08912,42.38499],[-2.09281,42.37582],[-2.07864,42.36813],[-2.08996,42.34697],[-2.06998,42.34252],[-2.01602,42.3693],[-2.00606,42.36083],[-1.99552,42.36361],[-1.97864,42.34989],[-1.96959,42.3525],[-1.96452,42.33382],[-1.94229,42.33518],[-1.93152,42.32219],[-1.91851,42.32696],[-1.90706,42.30847],[-1.91382,42.30011],[-1.87066,42.28897],[-1.87228,42.25267],[-1.85576,42.24965],[-1.84979,42.25925],[-1.82973,42.24414],[-1.81922,42.24864],[-1.81955,42.23208],[-1.80233,42.22343],[-1.70924,42.20999],[-1.70424,42.19203],[-1.67953,42.19114],[-1.7009,42.17312],[-1.67966,42.15169],[-1.70415,42.13939],[-1.71989,42.13344],[-1.73974,42.14974],[-1.76471,42.15041],[-1.78198,42.13774],[-1.82162,42.15357],[-1.89203,42.08599],[-1.90924,42.05912],[-1.90158,42.02968],[-1.88295,42.02633],[-1.85523,42.0026],[-1.8464,42.00801],[-1.8337,41.99506],[-1.81035,41.99802],[-1.79234,41.98969],[-1.7669,41.99579],[-1.74136,41.96837],[-1.70078,41.95394],[-1.68682,41.95285],[-1.67546,41.96675],[-1.66364,41.95999],[-1.65415,41.96535],[-1.61482,41.95053],[-1.59625,41.92709],[-1.55926,41.91394],[-1.52331,41.90989],[-1.50176,41.92428],[-1.4776,41.92491],[-1.41824,41.91358],[-1.40355,41.93508],[-1.38223,41.94334],[-1.38599,41.95725],[-1.37435,41.962],[-1.33952,42.01801],[-1.30482,42.04295],[-1.31059,42.07231],[-1.35228,42.07307],[-1.36676,42.10696],[-1.39888,42.12622],[-1.39191,42.18142],[-1.41753,42.21237],[-1.39137,42.27212],[-1.39908,42.2913],[-1.32908,42.35539],[-1.33622,42.37201],[-1.35061,42.37007],[-1.3599,42.37804],[-1.34151,42.42394],[-1.31521,42.44922],[-1.28136,42.46445],[-1.27278,42.4819],[-1.29348,42.51096],[-1.28814,42.52279],[-1.26477,42.5568],[-1.22617,42.54224],[-1.20279,42.54966],[-1.20192,42.57824],[-1.15803,42.59915],[-1.17978,42.61062],[-1.17192,42.61706],[-1.15712,42.61089],[-1.15205,42.64788],[-1.05193,42.64259],[-1.03681,42.65164],[-1.03919,42.69163],[-1.02798,42.70006],[-0.94868,42.71145],[-0.92298,42.744],[-0.9005,42.74309],[-0.90054,42.76047],[-0.86484,42.76335],[-0.84753,42.78592],[-0.86001,42.79856],[-0.85144,42.80759],[-0.85682,42.84706],[-0.81861,42.86865],[-0.81904,42.90104],[-0.78295,42.92156],[-0.72543,42.91965],[-0.73072,42.94684],[-0.74342,42.9507],[-0.75178,42.96748],[-0.76738,42.9692],[-0.81051,42.9513],[-0.86386,42.95079],[-0.90851,42.96448],[-0.9451,42.95345],[-0.99821,42.97603],[-1.01212,42.99258],[-1.08127,43.00064],[-1.08317,43.01065],[-1.11462,43.02389],[-1.14186,43.00737],[-1.14536,43.02554],[-1.17437,43.03731],[-1.18117,43.03225],[-1.21259,43.05169],[-1.22923,43.05569],[-1.24779,43.04286],[-1.26275,43.04402],[-1.26962,43.05512],[-1.30897,43.07117],[-1.27298,43.11877],[-1.31964,43.11279],[-1.34465,43.09454],[-1.34256,43.05445],[-1.35417,43.02812],[-1.44121,43.04635],[-1.47341,43.08664],[-1.41408,43.1283],[-1.41615,43.1494],[-1.40219,43.15603],[-1.40223,43.1779],[-1.38141,43.18968],[-1.37792,43.23211],[-1.38959,43.2594],[-1.41365,43.27367],[-1.43783,43.26686],[-1.49241,43.28079],[-1.50598,43.29335],[-1.53532,43.29467],[-1.56408,43.28878],[-1.55636,43.27938],[-1.57566,43.24994],[-1.60871,43.25199],[-1.63002,43.28503],[-1.62518,43.30672],[-1.69439,43.31212],[-1.72937,43.29382],[-1.78324,43.28682],[-1.79391,43.27646],[-1.79525,43.24632],[-1.83461,43.22418],[-1.85014,43.22837],[-1.86115,43.21224],[-1.86794,43.23063],[-1.88093,43.22878],[-1.87387,43.22031],[-1.88173,43.20682],[-1.88724,43.21462],[-1.89042,43.20727],[-1.90326,43.21131],[-1.91415,43.22517],[-1.92069,43.15063],[-1.90195,43.13585],[-1.94753,43.09753],[-1.97158,43.09325],[-1.97515,43.08339],[-2.02282,43.06519],[-2.02044,43.04673],[-2.04139,43.0297],[-2.02831,42.99884],[-2.03834,42.98099],[-2.09532,42.97227],[-2.10351,42.94854],[-2.11744,42.94214],[-2.18096,42.93513],[-2.19914,42.95118],[-2.23216,42.93179],[-2.23776,42.896],[-2.25307,42.89277],[-2.24098,42.88563],[-2.23541,42.8353],[-2.26769,42.81341],[-2.2687,42.79472],[-2.28101,42.78513],[-2.26217,42.74846],[-2.30439,42.73576],[-2.31685,42.73935],[-2.32401,42.72377],[-2.31285,42.70868],[-2.31686,42.6825],[-2.3093,42.67115],[-2.29358,42.67794],[-2.28848,42.65507],[-2.33218,42.64618],[-2.34489,42.63451],[-2.38195,42.6343],[-2.37626,42.65071],[-2.4158,42.66268],[-2.45008,42.64725],[-2.48307,42.61216],[-2.50008,42.61648],[-2.49063,42.58536],[-2.46221,42.58739],[-2.45324,42.56711],[-2.42112,42.60712],[-2.39675,42.5991],[-2.38995,42.54906],[-2.40105,42.5385],[-2.3922,42.51695],[-2.42206,42.51172],[-2.42204,42.49421],[-2.42058,42.48923]]],[[[-1.18535,42.40781],[-1.18441,42.40102],[-1.15877,42.40966],[-1.14497,42.44187],[-1.18283,42.42459],[-1.18505,42.40822],[-1.18535,42.40781]]],[[[-1.10265,42.48221],[-1.12936,42.44672],[-1.05645,42.43432],[-1.05436,42.4488],[-1.08747,42.47469],[-1.08514,42.48336],[-1.10208,42.4828],[-1.10265,42.48221]]]]}},{"type":"Feature","properties":{"prov_code":"46","prov_name":"València","acom_code":"10","acom_name":"Comunitat Valenciana"},"geometry":{"type":"MultiPolygon","coordinates":[[[[-0.92914,38.78365],[-0.91532,38.78137],[-0.90512,38.76724],[-0.86197,38.77122],[-0.83462,38.73243],[-0.73493,38.75945],[-0.70719,38.73382],[-0.68878,38.74127],[-0.67757,38.72911],[-0.64403,38.72814],[-0.64247,38.70414],[-0.6287,38.68655],[-0.61805,38.68665],[-0.50712,38.74297],[-0.50747,38.75526],[-0.52963,38.76709],[-0.55991,38.75386],[-0.58426,38.76836],[-0.5963,38.79032],[-0.58023,38.80087],[-0.53531,38.81036],[-0.47449,38.80386],[-0.44027,38.82382],[-0.40407,38.83312],[-0.40339,38.83971],[-0.38144,38.8349],[-0.34858,38.86135],[-0.32367,38.86349],[-0.31081,38.88151],[-0.23054,38.85349],[-0.19632,38.85944],[-0.18869,38.87342],[-0.16083,38.88739],[-0.14808,38.85843],[-0.10209,38.87503],[-0.09208,38.87153],[-0.07094,38.8857],[-0.04215,38.85645],[-0.0274,38.8616],[-0.0248,38.87255],[-0.13343,38.96822],[-0.15271,38.99023],[-0.14676,38.99427],[-0.16111,38.99242],[-0.14427,38.99512],[-0.15618,38.9984],[-0.19743,39.05518],[-0.23948,39.14692],[-0.23832,39.17671],[-0.21628,39.18634],[-0.27852,39.27848],[-0.33693,39.4252],[-0.32355,39.42385],[-0.33244,39.43178],[-0.31724,39.42062],[-0.30915,39.42973],[-0.33029,39.43519],[-0.31625,39.44293],[-0.32509,39.44628],[-0.32363,39.45834],[-0.31446,39.44615],[-0.30845,39.45048],[-0.31282,39.4429],[-0.30501,39.44447],[-0.30323,39.43369],[-0.2952,39.45109],[-0.30195,39.44482],[-0.30934,39.45749],[-0.28631,39.45501],[-0.29145,39.44408],[-0.28574,39.45502],[-0.30786,39.46283],[-0.33142,39.45981],[-0.31051,39.46107],[-0.32127,39.4671],[-0.32291,39.51055],[-0.27722,39.56792],[-0.25528,39.62021],[-0.23068,39.63884],[-0.21559,39.62919],[-0.21132,39.63769],[-0.22419,39.64001],[-0.21235,39.64282],[-0.21579,39.65515],[-0.20561,39.64252],[-0.20793,39.66315],[-0.1885,39.72194],[-0.26418,39.7455],[-0.27653,39.77054],[-0.30857,39.79699],[-0.32826,39.80148],[-0.37792,39.79988],[-0.39609,39.75861],[-0.4096,39.7452],[-0.43908,39.73686],[-0.44552,39.71771],[-0.45618,39.7147],[-0.49825,39.74756],[-0.5309,39.79623],[-0.5484,39.79573],[-0.57705,39.7732],[-0.58814,39.74168],[-0.63081,39.7463],[-0.65243,39.7541],[-0.645,39.79197],[-0.65615,39.83598],[-0.69111,39.85246],[-0.71248,39.8167],[-0.73046,39.81483],[-0.77356,39.8698],[-0.79377,39.88143],[-0.82813,39.87144],[-0.86356,39.84741],[-0.88857,39.85211],[-0.91279,39.87305],[-0.90024,39.89183],[-0.91382,39.91801],[-0.90266,39.93185],[-0.92045,39.9644],[-0.93189,39.95608],[-0.98938,39.98183],[-1.02569,39.9746],[-1.07155,39.97966],[-1.09215,39.9678],[-1.11465,39.97276],[-1.12175,39.96085],[-1.14255,39.97195],[-1.20412,39.94937],[-1.20908,39.92842],[-1.19576,39.91406],[-1.20004,39.85871],[-1.215,39.80877],[-1.27541,39.73864],[-1.262,39.69891],[-1.27958,39.67789],[-1.30785,39.67082],[-1.36853,39.68961],[-1.41793,39.65494],[-1.46208,39.57662],[-1.50436,39.5639],[-1.50341,39.55194],[-1.52105,39.54996],[-1.50299,39.5474],[-1.50715,39.50788],[-1.49891,39.50166],[-1.50364,39.49116],[-1.51236,39.49589],[-1.50486,39.48767],[-1.51171,39.48197],[-1.50285,39.47946],[-1.51312,39.45797],[-1.52878,39.4544],[-1.51819,39.44798],[-1.52105,39.43174],[-1.49689,39.42906],[-1.5048,39.41704],[-1.48308,39.42214],[-1.48742,39.40054],[-1.47407,39.409],[-1.46622,39.40257],[-1.47352,39.39143],[-1.46035,39.40075],[-1.45177,39.39788],[-1.45312,39.383],[-1.46743,39.38302],[-1.44817,39.37832],[-1.45415,39.36109],[-1.43235,39.37737],[-1.42455,39.36391],[-1.42488,39.38072],[-1.41272,39.38044],[-1.40837,39.37217],[-1.39583,39.37456],[-1.40771,39.36631],[-1.38421,39.36661],[-1.38426,39.35366],[-1.36586,39.35511],[-1.33628,39.3338],[-1.33345,39.34046],[-1.31213,39.34287],[-1.29763,39.33025],[-1.27484,39.33379],[-1.25077,39.32274],[-1.24753,39.32876],[-1.2231,39.31594],[-1.20762,39.32659],[-1.19664,39.31396],[-1.16459,39.31008],[-1.18083,39.21182],[-1.19709,39.17673],[-1.227,39.15171],[-1.24051,39.11374],[-1.25572,39.10617],[-1.26675,39.05102],[-1.22654,39.02467],[-1.14716,38.92912],[-1.03687,38.93417],[-1.00053,38.94965],[-0.95939,38.94429],[-0.95163,38.91141],[-0.92432,38.89159],[-0.93516,38.85563],[-0.92449,38.82377],[-0.93306,38.81087],[-0.92938,38.78706],[-0.92914,38.78365]]],[[[-1.44886,40.14534],[-1.45621,40.13095],[-1.4076,40.1014],[-1.42029,40.09351],[-1.37686,40.0165],[-1.36434,40.01218],[-1.33578,40.01667],[-1.24946,39.9951],[-1.19175,40.00153],[-1.10979,40.02525],[-1.07177,40.05111],[-1.0781,40.06879],[-1.11063,40.09255],[-1.13355,40.09747],[-1.14985,40.11478],[-1.19537,40.10996],[-1.24417,40.11551],[-1.2443,40.14597],[-1.25242,40.1433],[-1.28434,40.1715],[-1.29779,40.21153],[-1.32299,40.18486],[-1.31659,40.14966],[-1.3546,40.12947],[-1.36366,40.13861],[-1.39356,40.13436],[-1.44758,40.14452],[-1.44886,40.14534]]]]}},{"type":"Feature","properties":{"prov_code":"54","prov_name":"Territorio no asociado a ninguna provincia","acom_code":"20","acom_name":"Territorio no asociado a ninguna autonomía"},"geometry":{"type":"MultiPolygon","coordinates":[[[[-2.43886,35.17499],[-2.44004,35.18332],[-2.43923,35.17524],[-2.43886,35.17499]]],[[[-2.42075,35.17822],[-2.42388,35.18499],[-2.42096,35.17871],[-2.42075,35.17822]]]]}},{"type":"Feature","properties":{"prov_code":"32","prov_name":"Ourense","acom_code":"12","acom_name":"Galicia"},"geometry":{"type":"Polygon","coordinates":[[[-8.19867,42.15429],[-8.18805,42.1434],[-8.1822,42.06508],[-8.14964,42.07933],[-8.11869,42.08232],[-8.0966,42.07227],[-8.08445,42.04734],[-8.08603,42.0165],[-8.12787,42.00557],[-8.14076,41.98869],[-8.16258,41.98284],[-8.17494,41.95493],[-8.21683,41.91345],[-8.19975,41.87388],[-8.1693,41.87652],[-8.16501,41.81812],[-8.09391,41.80804],[-8.05765,41.81573],[-8.03867,41.82997],[-8.01405,41.829],[-7.98769,41.86922],[-7.92125,41.8778],[-7.90974,41.92247],[-7.8927,41.92695],[-7.88371,41.91839],[-7.89221,41.85952],[-7.8728,41.84486],[-7.86631,41.85888],[-7.84151,41.86648],[-7.84518,41.88128],[-7.78692,41.8841],[-7.7635,41.89901],[-7.73335,41.89228],[-7.70084,41.90767],[-7.65386,41.8812],[-7.58586,41.88186],[-7.61158,41.84673],[-7.61143,41.82919],[-7.52159,41.84165],[-7.50548,41.85076],[-7.5133,41.86212],[-7.50222,41.86939],[-7.49129,41.87125],[-7.48526,41.8613],[-7.45249,41.86509],[-7.44374,41.83937],[-7.42584,41.83022],[-7.42824,41.80723],[-7.39759,41.82637],[-7.39042,41.84238],[-7.36578,41.85279],[-7.35644,41.84053],[-7.31501,41.84283],[-7.19673,41.87998],[-7.17342,41.91921],[-7.18956,41.94186],[-7.17817,41.98006],[-7.15837,41.97627],[-7.14145,41.99076],[-7.0875,41.97348],[-7.07343,41.95],[-7.00624,41.95057],[-6.98576,41.97104],[-6.99111,41.98834],[-6.9611,42.02791],[-6.97479,42.05516],[-7.01183,42.05242],[-7.03358,42.07424],[-7.00212,42.0846],[-6.98616,42.12403],[-6.94865,42.13559],[-6.94385,42.17186],[-6.90085,42.18947],[-6.88656,42.21454],[-6.84364,42.22831],[-6.80249,42.21875],[-6.79664,42.20897],[-6.78699,42.21591],[-6.80308,42.23904],[-6.79078,42.25296],[-6.767,42.25746],[-6.76503,42.27274],[-6.74115,42.29866],[-6.73395,42.35911],[-6.76654,42.36505],[-6.77865,42.38099],[-6.8208,42.38564],[-6.84231,42.40362],[-6.81438,42.42712],[-6.82277,42.45291],[-6.80832,42.46861],[-6.82325,42.49128],[-6.83704,42.49549],[-6.84918,42.48672],[-6.86056,42.48909],[-6.9322,42.52054],[-6.96009,42.51776],[-6.97854,42.49325],[-7.00096,42.5057],[-7.02869,42.49786],[-7.04575,42.50778],[-7.07707,42.508],[-7.10001,42.45858],[-7.14927,42.43616],[-7.14688,42.42183],[-7.19052,42.36404],[-7.20267,42.3257],[-7.23093,42.35914],[-7.22007,42.38719],[-7.24781,42.38991],[-7.26943,42.41493],[-7.29083,42.41458],[-7.30449,42.42887],[-7.34424,42.42963],[-7.3699,42.42136],[-7.39925,42.43556],[-7.44693,42.40709],[-7.46583,42.40716],[-7.50758,42.38678],[-7.54196,42.38444],[-7.57612,42.40487],[-7.61665,42.38422],[-7.63141,42.40705],[-7.66214,42.42303],[-7.69787,42.42954],[-7.71318,42.45238],[-7.73917,42.45663],[-7.75273,42.45103],[-7.7889,42.466],[-7.78835,42.47348],[-7.74831,42.47999],[-7.76503,42.49396],[-7.80131,42.48003],[-7.81879,42.49166],[-7.84208,42.49051],[-7.8615,42.50411],[-7.87789,42.50262],[-7.87541,42.51095],[-7.91318,42.50839],[-7.9016,42.52136],[-7.92401,42.52504],[-7.88873,42.53813],[-7.89004,42.5502],[-7.91156,42.55607],[-7.928,42.57853],[-7.96701,42.5664],[-7.99249,42.5725],[-8.01863,42.54222],[-8.04844,42.55491],[-8.05938,42.54869],[-8.0905,42.55776],[-8.14684,42.54867],[-8.17386,42.57197],[-8.21758,42.53386],[-8.23886,42.53851],[-8.26373,42.52568],[-8.30273,42.49021],[-8.34049,42.4924],[-8.35262,42.48076],[-8.36634,42.48735],[-8.34202,42.4657],[-8.3147,42.38098],[-8.3247,42.34505],[-8.30523,42.33998],[-8.2848,42.31766],[-8.26195,42.31538],[-8.2729,42.28241],[-8.26458,42.25286],[-8.22946,42.23293],[-8.20345,42.24452],[-8.16184,42.24411],[-8.17267,42.23519],[-8.16461,42.22144],[-8.19226,42.20912],[-8.17969,42.20992],[-8.17605,42.1857],[-8.16127,42.17863],[-8.19543,42.15498],[-8.19867,42.15429]]]}},{"type":"Feature","properties":{"prov_code":"20","prov_name":"Gipuzkoa","acom_code":"16","acom_name":"País Vasco"},"geometry":{"type":"MultiPolygon","coordinates":[[[[-2.25078,42.89573],[-2.23776,42.896],[-2.23557,42.92661],[-2.21551,42.93689],[-2.21026,42.94991],[-2.19236,42.94903],[-2.18096,42.93513],[-2.12886,42.93952],[-2.10351,42.94854],[-2.09532,42.97227],[-2.03834,42.98099],[-2.02831,42.99884],[-2.04139,43.0297],[-2.02044,43.04673],[-2.02282,43.06519],[-1.97515,43.08339],[-1.97158,43.09325],[-1.94753,43.09753],[-1.90195,43.13585],[-1.92069,43.15063],[-1.91415,43.22517],[-1.90326,43.21131],[-1.89042,43.20727],[-1.88724,43.21462],[-1.88173,43.20682],[-1.87387,43.22031],[-1.88093,43.22878],[-1.86794,43.23063],[-1.86115,43.21224],[-1.85014,43.22837],[-1.83461,43.22418],[-1.79525,43.24632],[-1.79391,43.27646],[-1.78324,43.28682],[-1.72937,43.29382],[-1.74171,43.31666],[-1.73738,43.33016],[-1.78924,43.35298],[-1.77901,43.36341],[-1.79695,43.38249],[-1.78801,43.38638],[-1.79151,43.39587],[-1.86502,43.37232],[-1.88327,43.34961],[-1.92378,43.33204],[-1.9624,43.33815],[-1.9806,43.3236],[-1.99175,43.32653],[-1.99094,43.31587],[-2.00896,43.32423],[-2.03032,43.32101],[-2.10896,43.30118],[-2.1305,43.28746],[-2.14931,43.29587],[-2.17429,43.28846],[-2.18957,43.29236],[-2.20086,43.31162],[-2.20662,43.30433],[-2.22861,43.31099],[-2.28605,43.29497],[-2.34314,43.30337],[-2.3531,43.29874],[-2.41043,43.3242],[-2.42863,43.3089],[-2.44008,43.28816],[-2.41806,43.2676],[-2.45601,43.22784],[-2.47328,43.22183],[-2.49412,43.2257],[-2.50001,43.21431],[-2.48688,43.20144],[-2.49248,43.18088],[-2.48411,43.1709],[-2.50972,43.16144],[-2.49622,43.12341],[-2.50181,43.095],[-2.54608,43.08913],[-2.54812,43.07508],[-2.52485,43.04533],[-2.54958,43.01979],[-2.59653,43.00925],[-2.59277,42.9876],[-2.60268,42.98223],[-2.54431,42.95028],[-2.5353,42.97345],[-2.5012,42.95948],[-2.47777,42.96594],[-2.45094,42.95645],[-2.4099,42.9595],[-2.37668,42.94804],[-2.3548,42.95003],[-2.33635,42.9349],[-2.30232,42.92595],[-2.28954,42.90231],[-2.25153,42.89651],[-2.25078,42.89573]]]]}},{"type":"Feature","properties":{"prov_code":"33","prov_name":"Asturias","acom_code":"03","acom_name":"Principado de Asturias"},"geometry":{"type":"MultiPolygon","coordinates":[[[[-7.03319,43.54473],[-7.04733,43.47744],[-7.09022,43.45527],[-7.08625,43.44358],[-7.10036,43.4409],[-7.10269,43.42701],[-7.17284,43.43023],[-7.16876,43.40478],[-7.18249,43.39246],[-7.15956,43.37472],[-7.13844,43.3834],[-7.12753,43.3726],[-7.13121,43.33135],[-7.11523,43.32617],[-7.10093,43.30381],[-7.05978,43.30533],[-7.07151,43.27122],[-7.06159,43.24405],[-7.02005,43.21324],[-7.00958,43.22288],[-7.00144,43.20728],[-6.97102,43.20425],[-6.9649,43.18754],[-6.98073,43.1664],[-6.95672,43.13471],[-6.94137,43.13172],[-6.93731,43.13966],[-6.88588,43.15683],[-6.86743,43.19009],[-6.8699,43.17998],[-6.83855,43.16578],[-6.82212,43.14333],[-6.82761,43.12315],[-6.87165,43.09102],[-6.89429,43.09173],[-6.91555,43.07326],[-6.93869,43.08651],[-6.96885,43.05688],[-6.96507,43.03477],[-6.97254,43.03038],[-6.98217,43.04141],[-6.9969,43.01957],[-6.96205,42.9906],[-6.95678,43.03656],[-6.94082,43.01152],[-6.91,42.9899],[-6.87131,42.98869],[-6.83578,42.95771],[-6.83576,42.91634],[-6.77067,42.89862],[-6.77285,42.88254],[-6.75667,42.88306],[-6.72266,42.91748],[-6.63878,42.92546],[-6.54123,42.91251],[-6.51058,42.92873],[-6.48977,42.92025],[-6.47859,42.93356],[-6.4331,42.93976],[-6.44161,42.94731],[-6.43364,42.96416],[-6.47301,42.96775],[-6.47814,42.9912],[-6.44644,42.98217],[-6.4371,42.99303],[-6.42413,42.98762],[-6.40737,42.99942],[-6.41111,43.01693],[-6.39435,43.01661],[-6.39705,43.03832],[-6.37355,43.04111],[-6.35909,43.05958],[-6.33316,43.04649],[-6.32649,43.03133],[-6.29517,43.02691],[-6.28519,43.03637],[-6.2637,43.01608],[-6.22681,43.00891],[-6.22991,43.02275],[-6.21574,43.04716],[-6.1784,43.0478],[-6.13667,43.02099],[-6.09596,43.03128],[-6.09185,43.06692],[-6.08129,43.0759],[-6.02093,43.05379],[-5.99633,43.05792],[-5.98895,43.06722],[-5.97384,43.06531],[-5.96216,43.05294],[-5.96966,43.04083],[-5.95653,43.01763],[-5.90792,42.9906],[-5.88719,42.99409],[-5.88849,42.97919],[-5.86173,42.98169],[-5.84298,42.96426],[-5.80401,42.96262],[-5.76028,42.97267],[-5.76641,42.98588],[-5.72826,43.04249],[-5.6931,43.05634],[-5.6367,43.03501],[-5.57477,43.0321],[-5.56978,43.02208],[-5.54019,43.01835],[-5.50629,43.02857],[-5.4938,43.02124],[-5.47852,43.05491],[-5.39045,43.04934],[-5.3831,43.08724],[-5.36914,43.09458],[-5.34369,43.09385],[-5.34145,43.08378],[-5.32694,43.07957],[-5.3115,43.08416],[-5.28212,43.07743],[-5.2685,43.08756],[-5.2166,43.08449],[-5.1478,43.11512],[-5.14068,43.10292],[-5.10174,43.10185],[-5.07663,43.17895],[-5.05947,43.17433],[-5.0409,43.18468],[-5.02146,43.18351],[-4.99762,43.17026],[-4.99641,43.18533],[-4.98035,43.20029],[-4.90891,43.23786],[-4.87101,43.22802],[-4.84102,43.18078],[-4.81897,43.17912],[-4.77899,43.19208],[-4.74352,43.18443],[-4.72101,43.22951],[-4.73094,43.25734],[-4.70604,43.26687],[-4.63157,43.26708],[-4.63654,43.2755],[-4.60756,43.29863],[-4.55176,43.28672],[-4.5527,43.27508],[-4.53821,43.26921],[-4.52243,43.27904],[-4.51857,43.29404],[-4.523,43.33809],[-4.5386,43.34347],[-4.53985,43.35587],[-4.51095,43.38032],[-4.51854,43.39574],[-4.54485,43.39986],[-4.56744,43.39202],[-4.5819,43.39945],[-4.61871,43.39523],[-4.68087,43.40923],[-4.69942,43.40484],[-4.69887,43.41263],[-4.74007,43.41504],[-4.76609,43.4293],[-4.80841,43.43167],[-4.81293,43.43954],[-4.8333,43.43977],[-4.83684,43.43337],[-4.83929,43.44657],[-4.87489,43.44165],[-4.92615,43.4624],[-4.93653,43.45698],[-4.9751,43.46227],[-4.98161,43.45502],[-4.98512,43.46123],[-5.0374,43.46075],[-5.05678,43.46895],[-5.07327,43.46615],[-5.08644,43.47613],[-5.11512,43.47653],[-5.12338,43.4846],[-5.21576,43.47482],[-5.26825,43.50699],[-5.26402,43.51704],[-5.2957,43.53524],[-5.35379,43.53094],[-5.37172,43.5397],[-5.38822,43.52974],[-5.39776,43.55027],[-5.41325,43.55487],[-5.49378,43.54402],[-5.51824,43.55183],[-5.5284,43.54571],[-5.59671,43.54781],[-5.61748,43.55899],[-5.64814,43.54185],[-5.66481,43.54976],[-5.67792,43.54031],[-5.69446,43.54621],[-5.68439,43.56071],[-5.69556,43.55012],[-5.70126,43.56615],[-5.68017,43.56518],[-5.67589,43.57095],[-5.68731,43.56937],[-5.69298,43.57843],[-5.67452,43.57965],[-5.67559,43.58669],[-5.71164,43.56833],[-5.73532,43.57367],[-5.76017,43.58632],[-5.77093,43.60815],[-5.79097,43.6142],[-5.7831,43.6313],[-5.80977,43.63252],[-5.81134,43.64249],[-5.82954,43.63988],[-5.83999,43.66062],[-5.85891,43.65502],[-5.86667,43.63132],[-5.9138,43.6244],[-5.91801,43.60537],[-5.94794,43.59726],[-5.92955,43.58868],[-5.94633,43.59265],[-5.94186,43.58822],[-5.95633,43.57976],[-5.99665,43.57409],[-6.01727,43.58826],[-6.06603,43.56589],[-6.07793,43.5643],[-6.07748,43.57036],[-6.11268,43.55547],[-6.15457,43.57068],[-6.18571,43.5637],[-6.18812,43.57946],[-6.20306,43.57291],[-6.20923,43.58517],[-6.21995,43.57937],[-6.24462,43.59514],[-6.25595,43.57779],[-6.35577,43.55115],[-6.39686,43.56045],[-6.42975,43.55276],[-6.47009,43.57115],[-6.4745,43.55026],[-6.53215,43.55063],[-6.5333,43.54523],[-6.54273,43.5547],[-6.59873,43.55412],[-6.60347,43.56608],[-6.61414,43.56167],[-6.62616,43.57275],[-6.68476,43.55866],[-6.7095,43.56411],[-6.72384,43.55592],[-6.7336,43.56449],[-6.75894,43.56141],[-6.77475,43.56856],[-6.78459,43.55612],[-6.81057,43.55445],[-6.82844,43.56637],[-6.85187,43.56281],[-6.85443,43.57057],[-6.87616,43.56241],[-6.94608,43.57498],[-6.94818,43.5635],[-6.95379,43.56848],[-6.97406,43.55675],[-7.02313,43.55959],[-7.03015,43.54429],[-7.03319,43.54473]]]]}},{"type":"Feature","properties":{"prov_code":"23","prov_name":"Jaén","acom_code":"01","acom_name":"Andalucía"},"geometry":{"type":"Polygon","coordinates":[[[-4.26847,38.34703],[-4.23744,38.34154],[-4.23854,38.31511],[-4.22805,38.30118],[-4.21022,38.30145],[-4.21669,38.24695],[-4.19618,38.23813],[-4.20118,38.21408],[-4.16827,38.18101],[-4.16093,38.14517],[-4.17457,38.13172],[-4.19458,38.12809],[-4.20229,38.10894],[-4.21835,38.11043],[-4.21319,38.09048],[-4.22766,38.09138],[-4.221,38.08313],[-4.23365,38.08359],[-4.22756,38.07981],[-4.23628,38.06279],[-4.25153,38.06605],[-4.2514,38.04791],[-4.23993,38.05301],[-4.24085,38.04605],[-4.26853,38.04052],[-4.25942,38.02241],[-4.28225,38.02281],[-4.28445,38.00383],[-4.26432,37.97345],[-4.25805,37.93932],[-4.26239,37.91508],[-4.27481,37.90279],[-4.28674,37.79654],[-4.20793,37.78006],[-4.20714,37.77019],[-4.22942,37.75536],[-4.23822,37.71946],[-4.18312,37.70648],[-4.16437,37.68151],[-4.2281,37.63954],[-4.22067,37.61995],[-4.20759,37.60983],[-4.18783,37.61656],[-4.17262,37.61059],[-4.16099,37.57516],[-4.12098,37.5543],[-4.12231,37.54683],[-4.0991,37.53067],[-4.09806,37.51153],[-4.05999,37.50581],[-4.08765,37.48608],[-4.07016,37.47212],[-4.04814,37.46797],[-4.01888,37.41973],[-3.98453,37.38919],[-3.95089,37.37835],[-3.84122,37.38624],[-3.82542,37.40243],[-3.80221,37.45335],[-3.80873,37.45926],[-3.79172,37.46619],[-3.78558,37.4909],[-3.77583,37.48826],[-3.77624,37.47648],[-3.7301,37.48752],[-3.68444,37.51765],[-3.6276,37.52846],[-3.53654,37.58023],[-3.53678,37.59668],[-3.50647,37.61728],[-3.46116,37.59842],[-3.43687,37.5739],[-3.3993,37.56405],[-3.29623,37.58826],[-3.26249,37.63921],[-3.21574,37.64419],[-3.17205,37.64287],[-3.13216,37.61408],[-3.0882,37.59554],[-3.05825,37.60649],[-3.05096,37.61836],[-2.97818,37.60275],[-2.97792,37.63398],[-2.9022,37.66571],[-2.88404,37.68132],[-2.90153,37.68929],[-2.90378,37.75117],[-2.88029,37.75994],[-2.87315,37.79149],[-2.82038,37.85076],[-2.8196,37.87613],[-2.80624,37.88093],[-2.78372,37.91855],[-2.7732,37.92593],[-2.76716,37.91934],[-2.74373,37.93522],[-2.72286,37.96245],[-2.69426,37.97445],[-2.66983,37.96143],[-2.59943,38.00383],[-2.59586,38.05319],[-2.60663,38.06144],[-2.54054,38.09202],[-2.44658,38.185],[-2.45477,38.21566],[-2.44051,38.23269],[-2.44655,38.24477],[-2.43499,38.26492],[-2.44187,38.28482],[-2.4854,38.30148],[-2.4803,38.34894],[-2.49355,38.37117],[-2.48342,38.39775],[-2.55021,38.40296],[-2.57391,38.41639],[-2.56769,38.46101],[-2.57743,38.47602],[-2.5666,38.4907],[-2.5797,38.50309],[-2.60711,38.51375],[-2.68125,38.49693],[-2.76959,38.53253],[-2.77999,38.50924],[-2.78827,38.51467],[-2.7923,38.50219],[-2.80608,38.50309],[-2.81224,38.49176],[-2.83141,38.48758],[-2.83169,38.47756],[-2.83788,38.4857],[-2.83997,38.47822],[-2.86102,38.47549],[-2.8792,38.46309],[-2.87674,38.45623],[-2.88378,38.45803],[-2.88014,38.45241],[-2.90451,38.46972],[-2.96267,38.47119],[-2.97547,38.45525],[-2.99359,38.4495],[-3.00258,38.40793],[-3.06497,38.47825],[-3.13829,38.43858],[-3.27942,38.46024],[-3.30526,38.47928],[-3.32649,38.48212],[-3.37501,38.47523],[-3.37668,38.4396],[-3.4104,38.42356],[-3.42482,38.4068],[-3.4517,38.40032],[-3.52844,38.40864],[-3.54189,38.44538],[-3.58308,38.45147],[-3.58585,38.4056],[-3.59824,38.39847],[-3.62047,38.39399],[-3.73001,38.42437],[-3.73906,38.41376],[-3.78561,38.42527],[-3.82864,38.41426],[-3.8306,38.39375],[-3.85499,38.37493],[-3.91279,38.36784],[-4.00631,38.36773],[-4.1443,38.38609],[-4.15567,38.3807],[-4.25549,38.40162],[-4.2763,38.39054],[-4.26903,38.34751],[-4.26847,38.34703]]]}},{"type":"Feature","properties":{"prov_code":"19","prov_name":"Guadalajara","acom_code":"08","acom_name":"Castilla-La Mancha"},"geometry":{"type":"MultiPolygon","coordinates":[[[[-3.53972,41.16504],[-3.5411,41.14967],[-3.50933,41.13645],[-3.4888,41.09433],[-3.47515,41.09527],[-3.4482,41.08065],[-3.42566,41.08265],[-3.43893,41.04267],[-3.39445,41.00028],[-3.4183,40.98756],[-3.41623,40.97581],[-3.44885,40.92253],[-3.44423,40.90663],[-3.46058,40.90666],[-3.4607,40.89857],[-3.43955,40.89107],[-3.44049,40.87535],[-3.47242,40.86434],[-3.46582,40.85686],[-3.47633,40.85128],[-3.46975,40.84318],[-3.47928,40.8374],[-3.47739,40.82356],[-3.49194,40.79842],[-3.51157,40.7885],[-3.45901,40.78132],[-3.44434,40.76158],[-3.45042,40.73489],[-3.44188,40.73773],[-3.43507,40.7277],[-3.46855,40.68994],[-3.4417,40.67421],[-3.42673,40.67236],[-3.42559,40.68237],[-3.40473,40.66964],[-3.39335,40.69246],[-3.37286,40.6776],[-3.36632,40.64803],[-3.3456,40.63774],[-3.32717,40.64059],[-3.3165,40.65518],[-3.32368,40.62969],[-3.33852,40.62585],[-3.32164,40.61219],[-3.32827,40.59484],[-3.28407,40.56898],[-3.2831,40.55096],[-3.29713,40.53752],[-3.28932,40.53156],[-3.24992,40.54432],[-3.23119,40.53173],[-3.23141,40.53967],[-3.19995,40.51445],[-3.1986,40.44225],[-3.15551,40.43942],[-3.13056,40.40518],[-3.14334,40.38753],[-3.13829,40.37554],[-3.15343,40.3677],[-3.14124,40.35051],[-3.18283,40.30832],[-3.19445,40.24804],[-3.1734,40.23417],[-3.15372,40.26371],[-3.10944,40.28519],[-3.0797,40.22777],[-3.08823,40.20032],[-3.06785,40.15791],[-3.06377,40.16825],[-3.01597,40.15271],[-3.01226,40.17397],[-3.02107,40.18749],[-3.00507,40.20912],[-2.94698,40.16961],[-2.91148,40.15708],[-2.87374,40.17357],[-2.86313,40.20011],[-2.82376,40.20317],[-2.80263,40.26403],[-2.81693,40.36379],[-2.80768,40.40679],[-2.78095,40.44417],[-2.76007,40.44199],[-2.76987,40.4214],[-2.76002,40.41234],[-2.7229,40.39712],[-2.72803,40.41121],[-2.71604,40.40788],[-2.71743,40.41982],[-2.68513,40.398],[-2.68077,40.40271],[-2.70345,40.42538],[-2.68501,40.42773],[-2.67636,40.43578],[-2.68515,40.44329],[-2.67316,40.44861],[-2.66385,40.43605],[-2.64158,40.44885],[-2.59956,40.44337],[-2.58624,40.45026],[-2.5466,40.43502],[-2.54255,40.42545],[-2.51546,40.42428],[-2.50453,40.44865],[-2.54445,40.47463],[-2.5288,40.49808],[-2.54627,40.51896],[-2.53871,40.53402],[-2.52724,40.54428],[-2.5136,40.51577],[-2.49597,40.50881],[-2.44864,40.52453],[-2.42674,40.54075],[-2.41182,40.52563],[-2.38345,40.54087],[-2.38321,40.55362],[-2.41728,40.58345],[-2.39873,40.61377],[-2.35705,40.59527],[-2.35985,40.58064],[-2.34344,40.56938],[-2.29766,40.57284],[-2.28604,40.59222],[-2.29424,40.62465],[-2.2746,40.64475],[-2.21382,40.61918],[-2.16925,40.63023],[-2.15694,40.65869],[-2.0912,40.64637],[-2.0358,40.60157],[-1.98553,40.58543],[-1.9659,40.59198],[-1.96144,40.61138],[-1.95455,40.60044],[-1.9262,40.59392],[-1.91649,40.58282],[-1.90947,40.54165],[-1.89981,40.54104],[-1.88146,40.51747],[-1.88879,40.50408],[-1.86192,40.46247],[-1.85672,40.42536],[-1.84533,40.41727],[-1.8367,40.42599],[-1.80583,40.39794],[-1.80064,40.41422],[-1.78543,40.41318],[-1.7486,40.4629],[-1.69251,40.48682],[-1.70162,40.5411],[-1.69328,40.57765],[-1.6781,40.59095],[-1.59875,40.56205],[-1.54552,40.5952],[-1.56486,40.61474],[-1.53899,40.65809],[-1.53564,40.68702],[-1.55334,40.70588],[-1.56202,40.73975],[-1.53991,40.76073],[-1.54233,40.81122],[-1.62139,40.8804],[-1.62597,40.89868],[-1.61045,40.91682],[-1.61185,40.93756],[-1.74713,41.0339],[-1.75775,41.05507],[-1.80321,41.08998],[-1.86965,41.10798],[-1.89053,41.13304],[-1.93245,41.13859],[-1.95902,41.17249],[-2.04762,41.15265],[-2.06562,41.09579],[-2.04818,41.07838],[-2.05643,41.06969],[-2.07169,41.07249],[-2.13186,41.1181],[-2.1753,41.08375],[-2.23215,41.09701],[-2.26354,41.06754],[-2.29358,41.07125],[-2.32341,41.05651],[-2.35533,41.08645],[-2.41891,41.05771],[-2.42974,41.07229],[-2.46947,41.07811],[-2.48226,41.11627],[-2.50885,41.11886],[-2.51736,41.14787],[-2.53651,41.16253],[-2.54253,41.15067],[-2.57558,41.13947],[-2.59531,41.15025],[-2.57749,41.17866],[-2.62207,41.18799],[-2.62001,41.19537],[-2.59374,41.20021],[-2.58949,41.22454],[-2.6239,41.22374],[-2.6292,41.21521],[-2.64601,41.24021],[-2.67026,41.23719],[-2.70955,41.25198],[-2.71677,41.27567],[-2.76095,41.27402],[-2.77551,41.25008],[-2.82225,41.25661],[-2.86689,41.27446],[-2.86899,41.31706],[-2.90667,41.32763],[-2.94119,41.31394],[-2.95013,41.29264],[-3.00599,41.2844],[-3.01875,41.28906],[-3.06197,41.27333],[-3.19975,41.30443],[-3.23124,41.29487],[-3.25426,41.25838],[-3.27427,41.26027],[-3.27638,41.27518],[-3.29049,41.25724],[-3.32505,41.26207],[-3.33719,41.25268],[-3.40947,41.26042],[-3.41515,41.2732],[-3.39975,41.25461],[-3.40139,41.21373],[-3.44366,41.21515],[-3.46652,41.18338],[-3.50034,41.17861],[-3.51721,41.16286],[-3.5392,41.16501],[-3.53972,41.16504]]],[[[-3.37444,40.62614],[-3.36361,40.63842],[-3.37405,40.64025],[-3.38214,40.63047],[-3.37527,40.62697],[-3.37444,40.62614]]]]}},{"type":"Feature","properties":{"prov_code":"11","prov_name":"Cádiz","acom_code":"01","acom_name":"Andalucía"},"geometry":{"type":"MultiPolygon","coordinates":[[[[-6.3455,36.79872],[-6.34417,36.79253],[-6.44263,36.73826],[-6.43994,36.72024],[-6.38661,36.62798],[-6.35216,36.61371],[-6.35277,36.62312],[-6.33667,36.6253],[-6.32613,36.61039],[-6.33042,36.62435],[-6.30157,36.61833],[-6.27981,36.60372],[-6.26594,36.57986],[-6.25422,36.57705],[-6.2578,36.58133],[-6.24234,36.58548],[-6.2391,36.57413],[-6.23214,36.58087],[-6.22716,36.57662],[-6.22912,36.52507],[-6.25896,36.52919],[-6.25566,36.51995],[-6.24361,36.51844],[-6.25019,36.51351],[-6.24214,36.5063],[-6.20787,36.50958],[-6.19636,36.5221],[-6.20053,36.52873],[-6.17324,36.52141],[-6.17167,36.51152],[-6.1921,36.49906],[-6.19367,36.48675],[-6.21307,36.48128],[-6.21255,36.47004],[-6.22984,36.4626],[-6.2576,36.47311],[-6.26667,36.48912],[-6.25693,36.50702],[-6.2591,36.49931],[-6.28193,36.52747],[-6.26863,36.532],[-6.27696,36.54049],[-6.28111,36.52891],[-6.29229,36.53287],[-6.27961,36.54307],[-6.30505,36.53674],[-6.30952,36.5287],[-6.28901,36.52367],[-6.24778,36.44263],[-6.24863,36.44886],[-6.2344,36.43628],[-6.21881,36.39277],[-6.18221,36.36857],[-6.15099,36.30641],[-6.13684,36.29276],[-6.11599,36.29451],[-6.10276,36.28411],[-6.03428,36.18101],[-6.01979,36.18617],[-5.98089,36.1766],[-5.94472,36.18659],[-5.92662,36.1794],[-5.93482,36.18609],[-5.91349,36.18415],[-5.85737,36.1429],[-5.79724,36.07827],[-5.77732,36.08792],[-5.72392,36.06011],[-5.68929,36.06736],[-5.6525,36.05316],[-5.61748,36.02113],[-5.61028,36.00028],[-5.60562,36.0103],[-5.57419,36.01505],[-5.4869,36.05428],[-5.46459,36.05028],[-5.42923,36.07136],[-5.42656,36.08299],[-5.44345,36.0895],[-5.43116,36.10604],[-5.44287,36.11836],[-5.4223,36.11992],[-5.42283,36.13282],[-5.43008,36.13332],[-5.42823,36.14765],[-5.43166,36.12834],[-5.4416,36.12669],[-5.44089,36.14873],[-5.44454,36.13091],[-5.44085,36.16176],[-5.41564,36.18109],[-5.39181,36.18093],[-5.37432,36.16378],[-5.3704,36.16935],[-5.35299,36.15697],[-5.3651,36.15508],[-5.33885,36.15345],[-5.31698,36.22936],[-5.29622,36.24601],[-5.2708,36.2884],[-5.28312,36.28841],[-5.26987,36.28719],[-5.26905,36.29911],[-5.25235,36.31122],[-5.27766,36.33707],[-5.32008,36.32507],[-5.31516,36.34334],[-5.33512,36.37052],[-5.34716,36.41865],[-5.39532,36.46931],[-5.4129,36.52034],[-5.4289,36.53359],[-5.45683,36.53842],[-5.46551,36.52871],[-5.47372,36.53715],[-5.49142,36.53722],[-5.52303,36.49845],[-5.5598,36.50372],[-5.57216,36.51265],[-5.60792,36.51203],[-5.61178,36.5416],[-5.59512,36.55091],[-5.54164,36.53766],[-5.53707,36.52715],[-5.52333,36.53112],[-5.48955,36.57046],[-5.46082,36.58878],[-5.45591,36.61958],[-5.4385,36.61417],[-5.38072,36.63178],[-5.32403,36.67334],[-5.3304,36.67932],[-5.31871,36.69048],[-5.32762,36.69489],[-5.32463,36.72401],[-5.29093,36.77517],[-5.31982,36.78673],[-5.34071,36.81942],[-5.30158,36.86964],[-5.26978,36.88422],[-5.2663,36.87533],[-5.22564,36.85678],[-5.22201,36.84272],[-5.17226,36.82351],[-5.13329,36.8391],[-5.10508,36.89794],[-5.08677,36.90509],[-5.11012,36.95933],[-5.09558,36.9683],[-5.11234,36.97629],[-5.11515,36.98896],[-5.14238,37.00386],[-5.16264,36.98142],[-5.23453,36.94105],[-5.30022,37.01374],[-5.30211,37.03736],[-5.36098,36.98501],[-5.39239,36.97328],[-5.41336,36.95402],[-5.41366,36.93979],[-5.43895,36.93529],[-5.46028,36.97514],[-5.43524,36.99112],[-5.42011,37.01321],[-5.43551,37.05223],[-5.51099,37.0336],[-5.46973,36.98395],[-5.51389,36.95654],[-5.52479,36.93733],[-5.54612,36.93018],[-5.55085,36.92312],[-5.53382,36.89345],[-5.5834,36.91509],[-5.58711,36.94701],[-5.60628,36.95079],[-5.61809,36.94016],[-5.62614,36.95444],[-5.64966,36.95432],[-5.66757,36.97599],[-5.69461,36.95678],[-5.69618,36.93528],[-5.71377,36.92039],[-5.80394,36.92552],[-5.84551,36.91521],[-5.87652,36.89471],[-5.89105,36.84219],[-5.92535,36.85307],[-5.95285,36.85313],[-5.97312,36.84419],[-6.10445,36.85726],[-6.15615,36.88565],[-6.23099,36.89811],[-6.25379,36.89391],[-6.27829,36.91085],[-6.34529,36.88913],[-6.35392,36.83832],[-6.34418,36.79963],[-6.3455,36.79872]]],[[[-6.22127,36.38027],[-6.22524,36.39611],[-6.22153,36.38111],[-6.22127,36.38027]]]]}},{"type":"Feature","properties":{"prov_code":"02","prov_name":"Albacete","acom_code":"08","acom_name":"Castilla-La Mancha"},"geometry":{"type":"Polygon","coordinates":[[[-2.76456,38.53207],[-2.68125,38.49693],[-2.59728,38.51244],[-2.5666,38.4907],[-2.57743,38.47602],[-2.56769,38.46101],[-2.57734,38.43484],[-2.57251,38.4146],[-2.55021,38.40296],[-2.48342,38.39775],[-2.49355,38.37117],[-2.4803,38.34894],[-2.4854,38.30148],[-2.44187,38.28482],[-2.43549,38.27235],[-2.44655,38.24477],[-2.44051,38.23269],[-2.45477,38.21566],[-2.44658,38.185],[-2.55233,38.08409],[-2.48232,38.05308],[-2.47171,38.05668],[-2.43322,38.04275],[-2.42484,38.03292],[-2.3587,38.02184],[-2.34122,38.02583],[-2.32813,38.06837],[-2.26567,38.10884],[-2.21329,38.20205],[-2.16831,38.22641],[-2.11288,38.23768],[-2.04857,38.30569],[-1.98258,38.28118],[-1.90745,38.2977],[-1.851,38.33337],[-1.82633,38.33347],[-1.81125,38.35129],[-1.78408,38.35585],[-1.79451,38.36894],[-1.77028,38.36425],[-1.77197,38.37838],[-1.75234,38.37504],[-1.74392,38.3808],[-1.71915,38.36303],[-1.70396,38.3747],[-1.68771,38.36543],[-1.68146,38.34962],[-1.69323,38.33755],[-1.66971,38.31177],[-1.5895,38.3099],[-1.4785,38.37625],[-1.47991,38.47979],[-1.49725,38.53788],[-1.48777,38.56321],[-1.45202,38.58146],[-1.44768,38.64948],[-1.42169,38.67706],[-1.3838,38.69923],[-1.36655,38.70397],[-1.34308,38.67741],[-1.28374,38.70717],[-1.24969,38.73865],[-1.18378,38.75508],[-1.11967,38.73769],[-1.11578,38.71141],[-1.034,38.65659],[-0.96247,38.65693],[-0.91579,38.69596],[-0.9617,38.77452],[-0.92914,38.78365],[-0.93306,38.81087],[-0.92449,38.82377],[-0.93516,38.85563],[-0.92432,38.89159],[-0.95163,38.91141],[-0.95939,38.94429],[-1.00053,38.94965],[-1.03687,38.93417],[-1.14716,38.92912],[-1.22654,39.02467],[-1.2639,39.04509],[-1.25572,39.10617],[-1.24051,39.11374],[-1.227,39.15171],[-1.19709,39.17673],[-1.18083,39.21182],[-1.16459,39.31008],[-1.19664,39.31396],[-1.20762,39.32659],[-1.2231,39.31594],[-1.24753,39.32876],[-1.25077,39.32274],[-1.27484,39.33379],[-1.29763,39.33025],[-1.31213,39.34287],[-1.33345,39.34046],[-1.33628,39.3338],[-1.36586,39.35511],[-1.38426,39.35366],[-1.38421,39.36661],[-1.40771,39.36631],[-1.39583,39.37456],[-1.40837,39.37217],[-1.41272,39.38044],[-1.42488,39.38072],[-1.42455,39.36391],[-1.43235,39.37737],[-1.45415,39.36109],[-1.44817,39.37832],[-1.46743,39.38302],[-1.45312,39.383],[-1.45177,39.39788],[-1.46035,39.40075],[-1.47352,39.39143],[-1.46622,39.40257],[-1.47407,39.409],[-1.48742,39.40054],[-1.4842,39.423],[-1.55568,39.40185],[-1.62269,39.36268],[-1.73928,39.32116],[-1.76311,39.30149],[-1.76985,39.28051],[-1.84519,39.28612],[-1.88708,39.30479],[-1.9898,39.29368],[-1.99508,39.30981],[-2.02843,39.33681],[-2.02033,39.35182],[-2.09562,39.35942],[-2.05096,39.26668],[-2.17407,39.28015],[-2.18034,39.27014],[-2.21947,39.26148],[-2.28854,39.22648],[-2.30183,39.26361],[-2.32119,39.28374],[-2.34989,39.27854],[-2.37427,39.23282],[-2.51112,39.34217],[-2.54754,39.32382],[-2.59982,39.33966],[-2.66216,39.32226],[-2.73627,39.32077],[-2.74359,39.31469],[-2.72417,39.26306],[-2.84167,39.13532],[-2.82849,39.10002],[-2.80549,39.0794],[-2.80993,39.02383],[-2.83226,39.02324],[-2.84459,38.98636],[-2.87097,38.96555],[-2.88289,38.93849],[-2.87622,38.92551],[-2.85766,38.92738],[-2.83581,38.90597],[-2.79246,38.90555],[-2.79065,38.89157],[-2.76231,38.88077],[-2.75268,38.81473],[-2.73224,38.78185],[-2.69628,38.78293],[-2.63807,38.73535],[-2.66885,38.64922],[-2.69982,38.62536],[-2.71758,38.62513],[-2.72825,38.61608],[-2.76369,38.62789],[-2.7501,38.61557],[-2.7655,38.57385],[-2.74679,38.54681],[-2.76623,38.53332],[-2.76456,38.53207]]]}},{"type":"Feature","properties":{"prov_code":"47","prov_name":"Valladolid","acom_code":"07","acom_name":"Castilla y León"},"geometry":{"type":"MultiPolygon","coordinates":[[[[-5.12493,41.13205],[-5.10013,41.1471],[-5.05986,41.13862],[-5.02178,41.15355],[-5.01386,41.16425],[-4.98974,41.1608],[-4.98454,41.15224],[-4.96761,41.1523],[-4.96297,41.14011],[-4.95081,41.14071],[-4.86368,41.09402],[-4.81497,41.10345],[-4.81352,41.12938],[-4.78619,41.14356],[-4.7221,41.14932],[-4.70234,41.17451],[-4.68056,41.18574],[-4.63419,41.16824],[-4.62842,41.17669],[-4.65063,41.2001],[-4.65086,41.22142],[-4.57388,41.2752],[-4.60198,41.30265],[-4.59685,41.32059],[-4.55954,41.30217],[-4.52863,41.3211],[-4.50006,41.30091],[-4.46779,41.29589],[-4.47055,41.31846],[-4.49391,41.32641],[-4.50447,41.3472],[-4.4959,41.36393],[-4.484,41.3668],[-4.51528,41.39409],[-4.51496,41.40966],[-4.46816,41.41308],[-4.41062,41.44165],[-4.36491,41.436],[-4.36239,41.44993],[-4.32786,41.44479],[-4.3135,41.45511],[-4.27013,41.46127],[-4.2611,41.45059],[-4.24824,41.46209],[-4.23349,41.45574],[-4.15832,41.4821],[-4.14249,41.46994],[-4.06528,41.49475],[-4.0274,41.5178],[-3.99912,41.51669],[-3.98044,41.58201],[-3.99286,41.60866],[-4.00873,41.61003],[-4.00593,41.61936],[-4.02871,41.6144],[-4.03528,41.62062],[-4.02604,41.69238],[-4.05294,41.71956],[-4.07636,41.72608],[-4.0691,41.74117],[-4.05579,41.74068],[-4.04958,41.7682],[-4.04088,41.76835],[-4.08909,41.77963],[-4.10027,41.77471],[-4.1232,41.80731],[-4.15386,41.79621],[-4.17883,41.80352],[-4.21395,41.79941],[-4.23603,41.81397],[-4.24744,41.80293],[-4.26023,41.80526],[-4.28658,41.77488],[-4.30679,41.77592],[-4.31764,41.76344],[-4.3893,41.78777],[-4.45007,41.75836],[-4.50118,41.77141],[-4.48734,41.8201],[-4.46115,41.82036],[-4.47831,41.82859],[-4.4733,41.84303],[-4.50859,41.83231],[-4.51212,41.8233],[-4.54915,41.83102],[-4.54807,41.81899],[-4.56608,41.81257],[-4.6319,41.86173],[-4.6373,41.88811],[-4.66477,41.89947],[-4.67838,41.89987],[-4.72825,41.86883],[-4.72644,41.85452],[-4.75842,41.82579],[-4.78925,41.81802],[-4.83827,41.89853],[-4.8677,41.9176],[-4.86909,41.93173],[-4.88978,41.93278],[-4.9118,41.91566],[-4.92794,41.91503],[-4.93245,41.92665],[-4.94959,41.93383],[-4.98532,41.91075],[-5.0051,41.94723],[-4.97611,41.97361],[-4.96554,42.00706],[-4.93601,42.01792],[-4.94763,42.05431],[-4.92775,42.0735],[-4.90418,42.07839],[-4.92871,42.11831],[-4.9275,42.15022],[-4.96244,42.1496],[-4.9664,42.15576],[-4.98848,42.14438],[-5.01503,42.1568],[-5.02697,42.15391],[-5.03189,42.17363],[-5.01239,42.18976],[-5.0249,42.2173],[-5.00916,42.23103],[-5.01881,42.25386],[-5.00214,42.28913],[-5.03835,42.29713],[-5.0416,42.26756],[-5.05481,42.25752],[-5.06819,42.26119],[-5.06219,42.27789],[-5.07515,42.27889],[-5.09375,42.30929],[-5.10959,42.31183],[-5.15613,42.27391],[-5.19347,42.26093],[-5.21668,42.27799],[-5.22845,42.26247],[-5.2303,42.27565],[-5.2365,42.27335],[-5.254,42.23978],[-5.22599,42.22672],[-5.24148,42.21452],[-5.26564,42.2109],[-5.28693,42.22993],[-5.30187,42.22215],[-5.30746,42.19927],[-5.36123,42.22515],[-5.38375,42.22426],[-5.38925,42.20906],[-5.38023,42.19789],[-5.38887,42.17254],[-5.37152,42.13006],[-5.37639,42.09951],[-5.39012,42.08981],[-5.37314,42.06406],[-5.3764,42.03964],[-5.34895,42.02259],[-5.32552,42.0204],[-5.30323,41.9911],[-5.28065,41.9788],[-5.2544,41.98094],[-5.28531,41.97411],[-5.33522,41.93747],[-5.32087,41.93751],[-5.29373,41.91994],[-5.31106,41.89159],[-5.30647,41.85784],[-5.33043,41.8318],[-5.28715,41.82769],[-5.27861,41.8148],[-5.32265,41.78821],[-5.37018,41.77785],[-5.39069,41.75257],[-5.3752,41.71979],[-5.36016,41.72713],[-5.35814,41.69969],[-5.34288,41.70043],[-5.32735,41.68053],[-5.31951,41.63677],[-5.32889,41.61592],[-5.27054,41.60114],[-5.26795,41.59005],[-5.29307,41.57437],[-5.27265,41.55018],[-5.24779,41.54677],[-5.22887,41.52843],[-5.26188,41.50368],[-5.29624,41.50117],[-5.3325,41.47565],[-5.34474,41.47926],[-5.32479,41.45534],[-5.33924,41.4256],[-5.30754,41.41405],[-5.33462,41.37064],[-5.32212,41.32633],[-5.30351,41.31598],[-5.29174,41.26919],[-5.30221,41.25927],[-5.29365,41.22625],[-5.30762,41.22479],[-5.3403,41.19411],[-5.32698,41.17762],[-5.28874,41.18199],[-5.28847,41.19562],[-5.2425,41.19714],[-5.22869,41.18923],[-5.21822,41.15959],[-5.17966,41.16729],[-5.12855,41.13238],[-5.12493,41.13205]]],[[[-5.52089,42.09714],[-5.50158,42.06652],[-5.50774,42.05751],[-5.47142,42.0101],[-5.48841,41.99554],[-5.48527,41.98512],[-5.43828,41.96739],[-5.43145,42.00432],[-5.44744,42.01366],[-5.42159,42.03068],[-5.48092,42.05243],[-5.49846,42.08367],[-5.51924,42.09535],[-5.52089,42.09714]]],[[[-5.34117,42.24528],[-5.3356,42.23083],[-5.30332,42.252],[-5.30176,42.26924],[-5.32032,42.26719],[-5.32851,42.27415],[-5.34534,42.26777],[-5.34126,42.24627],[-5.34117,42.24528]]]]}},{"type":"Feature","properties":{"prov_code":"41","prov_name":"Sevilla","acom_code":"01","acom_name":"Andalucía"},"geometry":{"type":"Polygon","coordinates":[[[-6.33101,36.8988],[-6.27829,36.91085],[-6.25379,36.89391],[-6.23099,36.89811],[-6.15615,36.88565],[-6.10445,36.85726],[-5.97312,36.84419],[-5.95285,36.85313],[-5.92535,36.85307],[-5.89105,36.84219],[-5.87652,36.89471],[-5.84551,36.91521],[-5.80394,36.92552],[-5.71377,36.92039],[-5.69618,36.93528],[-5.69461,36.95678],[-5.66757,36.97599],[-5.64966,36.95432],[-5.62614,36.95444],[-5.61809,36.94016],[-5.60628,36.95079],[-5.58711,36.94701],[-5.5834,36.91509],[-5.53382,36.89345],[-5.55085,36.92312],[-5.54612,36.93018],[-5.52479,36.93733],[-5.51389,36.95654],[-5.46973,36.98395],[-5.51099,37.0336],[-5.43369,37.05245],[-5.42011,37.01321],[-5.46028,36.97514],[-5.43895,36.93529],[-5.41366,36.93979],[-5.41336,36.95402],[-5.39239,36.97328],[-5.36098,36.98501],[-5.30211,37.03736],[-5.30022,37.01374],[-5.23722,36.94323],[-5.2259,36.94184],[-5.20668,36.96225],[-5.16264,36.98142],[-5.12284,37.02769],[-5.11223,37.01911],[-5.08331,37.03147],[-5.05309,37.0306],[-5.03334,37.04904],[-5.02408,37.04598],[-5.02671,37.05168],[-4.98008,37.06883],[-4.95227,37.09436],[-4.92145,37.10433],[-4.90828,37.11528],[-4.90284,37.1376],[-4.94266,37.15759],[-4.9396,37.1757],[-4.92516,37.17066],[-4.90511,37.18186],[-4.9003,37.15971],[-4.88985,37.15505],[-4.8567,37.17357],[-4.85314,37.19835],[-4.82451,37.20033],[-4.81871,37.1919],[-4.82769,37.18688],[-4.79892,37.17213],[-4.79525,37.1541],[-4.70861,37.1977],[-4.71127,37.20687],[-4.72721,37.21111],[-4.73231,37.22615],[-4.71795,37.23989],[-4.73409,37.2492],[-4.71969,37.2597],[-4.71403,37.25284],[-4.65335,37.25583],[-4.66212,37.28374],[-4.68109,37.29005],[-4.67525,37.30178],[-4.66092,37.29392],[-4.65847,37.30429],[-4.68407,37.31536],[-4.68148,37.32338],[-4.66844,37.31981],[-4.67958,37.32999],[-4.67118,37.33449],[-4.68566,37.33027],[-4.68674,37.34114],[-4.71721,37.35839],[-4.73295,37.34278],[-4.72922,37.33533],[-4.74873,37.33091],[-4.76745,37.33773],[-4.78222,37.3285],[-4.82213,37.35819],[-4.81469,37.37753],[-4.82602,37.37908],[-4.84981,37.41066],[-4.83764,37.42324],[-4.84095,37.43635],[-4.88474,37.43798],[-4.87534,37.45045],[-4.90409,37.46741],[-4.90447,37.48949],[-4.9152,37.48416],[-4.90602,37.49984],[-4.92461,37.50038],[-4.93394,37.51985],[-4.94893,37.52195],[-4.93199,37.54624],[-4.93173,37.61659],[-4.94015,37.62124],[-4.97428,37.60016],[-4.95816,37.62164],[-4.95377,37.65244],[-4.98269,37.67629],[-4.99982,37.70659],[-5.04723,37.71829],[-5.07258,37.7077],[-5.08905,37.69466],[-5.09151,37.67995],[-5.06988,37.65935],[-5.09788,37.67029],[-5.10861,37.70067],[-5.12971,37.69875],[-5.11349,37.68873],[-5.10792,37.66258],[-5.13575,37.66857],[-5.15005,37.66092],[-5.17677,37.68058],[-5.27379,37.62549],[-5.3233,37.61425],[-5.34503,37.58631],[-5.35796,37.58484],[-5.35993,37.60545],[-5.38091,37.61077],[-5.41402,37.64528],[-5.3936,37.65602],[-5.39722,37.6624],[-5.4103,37.66063],[-5.4133,37.67906],[-5.4069,37.69102],[-5.38908,37.69778],[-5.37634,37.67756],[-5.36277,37.69716],[-5.34484,37.70534],[-5.3271,37.69162],[-5.319,37.70151],[-5.3076,37.69924],[-5.30489,37.73095],[-5.31867,37.75824],[-5.30975,37.77359],[-5.34992,37.79427],[-5.33911,37.83198],[-5.34451,37.83987],[-5.41471,37.86946],[-5.42206,37.88888],[-5.41371,37.90144],[-5.42208,37.91843],[-5.41651,37.92836],[-5.42427,37.92725],[-5.41438,37.94156],[-5.46894,37.97072],[-5.49315,37.99576],[-5.48997,38.03356],[-5.53958,38.08215],[-5.53878,38.09381],[-5.58168,38.11547],[-5.58479,38.13171],[-5.63151,38.13862],[-5.69363,38.08374],[-5.7349,38.08626],[-5.74015,38.13008],[-5.7308,38.13711],[-5.71541,38.13383],[-5.69526,38.14971],[-5.70579,38.16938],[-5.69501,38.17109],[-5.68424,38.15706],[-5.69473,38.18652],[-5.7135,38.18585],[-5.72816,38.19742],[-5.75728,38.18056],[-5.7817,38.18588],[-5.79943,38.17458],[-5.85152,38.17191],[-5.85624,38.16166],[-5.87738,38.15572],[-5.88066,38.13228],[-5.91292,38.12269],[-5.92638,38.10501],[-5.9293,38.08921],[-5.91081,38.0782],[-5.90901,38.06307],[-5.91928,38.0498],[-5.93422,38.04687],[-5.93276,38.03077],[-5.95369,37.99535],[-5.9935,37.99955],[-6.0171,37.99112],[-6.05171,37.99684],[-6.07785,37.98463],[-6.1165,37.9814],[-6.17916,37.94405],[-6.1841,37.92815],[-6.16997,37.90981],[-6.14521,37.9205],[-6.1249,37.90442],[-6.16429,37.86201],[-6.15731,37.85363],[-6.14255,37.85606],[-6.12166,37.81659],[-6.12643,37.79717],[-6.1382,37.79546],[-6.13402,37.78783],[-6.16742,37.79279],[-6.18466,37.80967],[-6.2024,37.80553],[-6.21546,37.79154],[-6.20483,37.76603],[-6.21983,37.75518],[-6.2225,37.73934],[-6.25242,37.74278],[-6.24467,37.74775],[-6.25232,37.76314],[-6.27849,37.75841],[-6.31102,37.76487],[-6.39003,37.74769],[-6.44999,37.7189],[-6.47512,37.72514],[-6.48369,37.72014],[-6.47364,37.70891],[-6.50142,37.6887],[-6.50134,37.66796],[-6.52536,37.66423],[-6.53609,37.65098],[-6.52967,37.63606],[-6.53836,37.62564],[-6.52862,37.61579],[-6.51499,37.62526],[-6.48479,37.61605],[-6.44327,37.62335],[-6.39524,37.61087],[-6.40227,37.59872],[-6.39339,37.5858],[-6.40272,37.57981],[-6.39346,37.55676],[-6.36665,37.53583],[-6.35655,37.49628],[-6.33885,37.48523],[-6.33295,37.46463],[-6.30581,37.43576],[-6.31255,37.41864],[-6.35645,37.41205],[-6.36196,37.37574],[-6.34586,37.36555],[-6.38457,37.33749],[-6.333,37.2991],[-6.35985,37.2381],[-6.34524,37.21828],[-6.35056,37.18056],[-6.33612,37.16962],[-6.35967,37.13843],[-6.34236,37.12298],[-6.36009,37.11729],[-6.35631,37.11064],[-6.37945,37.09449],[-6.38639,37.07443],[-6.35394,36.98849],[-6.36381,36.9458],[-6.37889,36.93471],[-6.33212,36.90056],[-6.33101,36.8988]],[[-5.02461,37.59485],[-5.01733,37.59313],[-5.0259,37.59452],[-5.03089,37.61045],[-5.04791,37.60814],[-5.04041,37.62619],[-5.08432,37.64808],[-5.05379,37.64237],[-5.04679,37.63194],[-5.03119,37.64152],[-5.02491,37.59529],[-5.02461,37.59485]]]}},{"type":"Feature","properties":{"prov_code":"44","prov_name":"Teruel","acom_code":"02","acom_name":"Aragón"},"geometry":{"type":"Polygon","coordinates":[[[-1.80566,40.398],[-1.77722,40.39141],[-1.74219,40.34903],[-1.6972,40.32013],[-1.7294,40.30097],[-1.71744,40.27785],[-1.70146,40.30592],[-1.69035,40.30966],[-1.54048,40.1908],[-1.5109,40.20372],[-1.47442,40.18504],[-1.43921,40.19701],[-1.44555,40.14359],[-1.39356,40.13436],[-1.36366,40.13861],[-1.3546,40.12947],[-1.31659,40.14966],[-1.32299,40.18486],[-1.29779,40.21153],[-1.28434,40.1715],[-1.25242,40.1433],[-1.2443,40.14597],[-1.24417,40.11551],[-1.19537,40.10996],[-1.14985,40.11478],[-1.07213,40.06048],[-1.08423,40.03621],[-1.16519,40.0101],[-1.14255,39.97195],[-1.12175,39.96085],[-1.10501,39.97497],[-1.09215,39.9678],[-1.07276,39.97952],[-1.02569,39.9746],[-0.98938,39.98183],[-0.93189,39.95608],[-0.92045,39.9644],[-0.90266,39.93185],[-0.91382,39.91801],[-0.90024,39.89183],[-0.91256,39.87235],[-0.88857,39.85211],[-0.86356,39.84741],[-0.79769,39.88107],[-0.84042,39.92495],[-0.8463,39.9477],[-0.83574,39.96],[-0.8378,39.97681],[-0.77765,39.99841],[-0.75369,40.04661],[-0.74768,40.03782],[-0.68143,40.04513],[-0.62766,40.07547],[-0.61347,40.06959],[-0.62853,40.10258],[-0.60741,40.12798],[-0.57864,40.13733],[-0.57227,40.18117],[-0.55748,40.20079],[-0.54419,40.25166],[-0.5259,40.23732],[-0.49452,40.22873],[-0.46997,40.24013],[-0.46381,40.23386],[-0.42807,40.2438],[-0.38373,40.26423],[-0.38284,40.27793],[-0.40025,40.29419],[-0.3887,40.30699],[-0.36603,40.30524],[-0.36925,40.31134],[-0.35251,40.31362],[-0.34044,40.33933],[-0.30532,40.36229],[-0.28127,40.36484],[-0.28569,40.38649],[-0.34698,40.44327],[-0.33391,40.45772],[-0.2725,40.47369],[-0.28115,40.50499],[-0.29836,40.50567],[-0.30216,40.51493],[-0.29033,40.54393],[-0.29987,40.57733],[-0.29342,40.61145],[-0.31158,40.61145],[-0.32244,40.60281],[-0.37048,40.61359],[-0.37967,40.62353],[-0.3708,40.65077],[-0.38027,40.66524],[-0.35617,40.67769],[-0.32882,40.68028],[-0.307,40.6595],[-0.29363,40.67396],[-0.23599,40.69111],[-0.23909,40.71933],[-0.22403,40.75416],[-0.19718,40.78446],[-0.16496,40.78863],[-0.14453,40.78544],[-0.14384,40.76869],[-0.12684,40.75332],[-0.0647,40.72741],[-0.03141,40.72243],[-0.01789,40.73104],[0.01621,40.72804],[0.02862,40.71417],[0.0258,40.6958],[0.04217,40.69101],[0.0725,40.71397],[0.11502,40.72774],[0.14136,40.71821],[0.16455,40.72382],[0.17074,40.73398],[0.15907,40.75037],[0.17472,40.74118],[0.17569,40.75495],[0.18998,40.75048],[0.21213,40.76755],[0.22992,40.76739],[0.23357,40.78699],[0.27956,40.82081],[0.25551,40.8455],[0.25557,40.87379],[0.23863,40.88455],[0.2934,40.97004],[0.28154,40.97405],[0.26847,40.9983],[0.27424,41.00714],[0.25863,41.01463],[0.27966,41.02029],[0.24519,41.04167],[0.23209,41.03499],[0.23294,41.04722],[0.21983,41.04161],[0.2307,41.05481],[0.21874,41.07207],[0.16856,41.07096],[0.14586,41.06304],[0.11826,41.07683],[0.07863,41.08034],[0.05754,41.07505],[0.05183,41.05482],[0.03692,41.04657],[-0.02579,41.12808],[-0.07969,41.15096],[-0.1224,41.15664],[-0.18095,41.18814],[-0.22419,41.18948],[-0.24641,41.21192],[-0.27137,41.21628],[-0.31608,41.25686],[-0.32498,41.24533],[-0.34814,41.24128],[-0.42754,41.29198],[-0.4215,41.31235],[-0.47016,41.31825],[-0.48908,41.35027],[-0.51015,41.35406],[-0.55067,41.3455],[-0.56927,41.35359],[-0.58179,41.34812],[-0.58015,41.31819],[-0.56611,41.30349],[-0.52715,41.28822],[-0.50618,41.25025],[-0.50969,41.23828],[-0.53158,41.22781],[-0.54849,41.26774],[-0.60526,41.32331],[-0.62972,41.31176],[-0.62546,41.24818],[-0.64278,41.23836],[-0.66922,41.23685],[-0.6099,41.19168],[-0.64082,41.17097],[-0.69397,41.11229],[-0.76141,41.16966],[-0.78086,41.14699],[-0.79281,41.1056],[-0.82853,41.09642],[-0.85989,41.10801],[-0.88366,41.13011],[-0.88326,41.14876],[-0.89149,41.14515],[-0.89055,41.12563],[-0.91531,41.10516],[-0.91255,41.09301],[-0.95292,41.07544],[-0.9986,41.09523],[-1.00056,41.11484],[-0.97242,41.15346],[-1.00086,41.13401],[-1.03931,41.13472],[-1.06806,41.15516],[-1.10568,41.16759],[-1.1216,41.13493],[-1.17399,41.12369],[-1.20998,41.1388],[-1.2544,41.12294],[-1.27137,41.10328],[-1.2533,41.07733],[-1.27093,41.05478],[-1.28743,41.04886],[-1.35417,41.05753],[-1.3558,41.08853],[-1.40522,41.06631],[-1.41773,41.02967],[-1.4764,41.01494],[-1.45935,41.00676],[-1.4466,40.98456],[-1.47299,40.9488],[-1.50534,40.96412],[-1.56163,40.93862],[-1.61745,40.94373],[-1.6079,40.92762],[-1.62597,40.89868],[-1.62139,40.8804],[-1.54233,40.81122],[-1.53991,40.76073],[-1.56202,40.73975],[-1.55334,40.70588],[-1.53564,40.68702],[-1.53899,40.65809],[-1.56486,40.61474],[-1.54552,40.5952],[-1.59875,40.56205],[-1.6781,40.59095],[-1.69328,40.57765],[-1.70162,40.5411],[-1.69251,40.48682],[-1.7486,40.4629],[-1.78543,40.41318],[-1.80064,40.41422],[-1.80526,40.39978],[-1.80566,40.398]]]}},{"type":"Feature","properties":{"prov_code":"36","prov_name":"Pontevedra","acom_code":"12","acom_name":"Galicia"},"geometry":{"type":"MultiPolygon","coordinates":[[[[-8.93847,42.34349],[-8.93336,42.34884],[-8.93838,42.344],[-8.93847,42.34349]]],[[[-8.93935,42.35593],[-8.92135,42.3997],[-8.94507,42.3804],[-8.9384,42.3707],[-8.94825,42.36118],[-8.9398,42.35619],[-8.93935,42.35593]]],[[[-8.89349,42.19145],[-8.91249,42.20593],[-8.91256,42.19551],[-8.89385,42.19167],[-8.89349,42.19145]]],[[[-8.91425,42.21196],[-8.89551,42.22754],[-8.91426,42.25146],[-8.90351,42.22434],[-8.91473,42.21209],[-8.91425,42.21196]]],[[[-8.72681,42.68827],[-8.72896,42.66664],[-8.77803,42.61392],[-8.76859,42.60658],[-8.77222,42.59324],[-8.78534,42.59956],[-8.79534,42.58014],[-8.826,42.57783],[-8.83487,42.56479],[-8.81863,42.55937],[-8.82584,42.55279],[-8.83568,42.55864],[-8.82892,42.51845],[-8.81315,42.52815],[-8.82535,42.51653],[-8.81545,42.5171],[-8.81336,42.49782],[-8.80532,42.5008],[-8.83068,42.48472],[-8.81964,42.45177],[-8.84822,42.4603],[-8.86943,42.44805],[-8.87274,42.46161],[-8.85551,42.47247],[-8.85855,42.49807],[-8.87149,42.49576],[-8.87151,42.50118],[-8.89107,42.49486],[-8.88293,42.48872],[-8.88972,42.48113],[-8.89083,42.48654],[-8.90877,42.47538],[-8.93722,42.47938],[-8.94167,42.46343],[-8.92852,42.45102],[-8.91227,42.46243],[-8.88338,42.45553],[-8.87119,42.43526],[-8.88077,42.41471],[-8.86477,42.41124],[-8.83869,42.38431],[-8.81332,42.40117],[-8.77471,42.38766],[-8.69518,42.43768],[-8.67703,42.42055],[-8.65281,42.43269],[-8.68481,42.4044],[-8.69835,42.40269],[-8.69092,42.40037],[-8.69681,42.3936],[-8.70653,42.3984],[-8.73686,42.37661],[-8.75461,42.34015],[-8.79113,42.32704],[-8.80033,42.33855],[-8.83916,42.33912],[-8.81852,42.31369],[-8.8169,42.27865],[-8.83166,42.27815],[-8.8559,42.30977],[-8.87307,42.25006],[-8.86382,42.24652],[-8.85519,42.26141],[-8.82883,42.25088],[-8.81385,42.25944],[-8.792,42.24647],[-8.78418,42.26284],[-8.76571,42.25841],[-8.73851,42.27071],[-8.73148,42.28669],[-8.71905,42.2813],[-8.71712,42.28848],[-8.71201,42.27573],[-8.66023,42.29076],[-8.65181,42.29775],[-8.66017,42.31587],[-8.63625,42.32651],[-8.64498,42.33851],[-8.62892,42.35102],[-8.61212,42.3462],[-8.62371,42.30991],[-8.61426,42.29916],[-8.62098,42.2905],[-8.61098,42.28764],[-8.66119,42.28488],[-8.67679,42.26437],[-8.70699,42.25643],[-8.71274,42.24105],[-8.72599,42.24317],[-8.74046,42.2263],[-8.75106,42.22556],[-8.73982,42.23263],[-8.75139,42.23491],[-8.76323,42.23073],[-8.75604,42.22455],[-8.77778,42.22002],[-8.77947,42.2036],[-8.81595,42.18746],[-8.82251,42.15708],[-8.85007,42.15676],[-8.84747,42.14871],[-8.82013,42.14138],[-8.82604,42.11508],[-8.84113,42.11464],[-8.85164,42.12828],[-8.88051,42.11027],[-8.90057,42.11234],[-8.88399,42.03845],[-8.88971,42.02595],[-8.87686,42.00221],[-8.88756,41.9847],[-8.88808,41.93626],[-8.87304,41.86978],[-8.84737,41.87976],[-8.82045,41.90574],[-8.75451,41.93376],[-8.74512,41.96438],[-8.66289,42.00254],[-8.65766,42.0302],[-8.63574,42.04774],[-8.5947,42.05665],[-8.54605,42.05419],[-8.52437,42.06329],[-8.52365,42.078],[-8.44302,42.08238],[-8.42894,42.07229],[-8.40474,42.08041],[-8.38164,42.07635],[-8.3631,42.09036],[-8.33203,42.08372],[-8.31675,42.10463],[-8.30391,42.10383],[-8.27393,42.1238],[-8.25903,42.12128],[-8.25329,42.13672],[-8.22484,42.133],[-8.20043,42.15368],[-8.18077,42.15837],[-8.16153,42.18094],[-8.17605,42.1857],[-8.17969,42.20992],[-8.19226,42.20912],[-8.16461,42.22144],[-8.17267,42.23519],[-8.16184,42.24411],[-8.20345,42.24452],[-8.22946,42.23293],[-8.26458,42.25286],[-8.2729,42.28241],[-8.26195,42.31538],[-8.2848,42.31766],[-8.30523,42.33998],[-8.3247,42.34505],[-8.3147,42.38098],[-8.34202,42.4657],[-8.36634,42.48735],[-8.35262,42.48076],[-8.34049,42.4924],[-8.30273,42.49021],[-8.26373,42.52568],[-8.23886,42.53851],[-8.21758,42.53386],[-8.17386,42.57197],[-8.14684,42.54867],[-8.0905,42.55776],[-8.05938,42.54869],[-8.04844,42.55491],[-8.01863,42.54222],[-7.99249,42.5725],[-7.96701,42.5664],[-7.93006,42.57883],[-7.91274,42.59167],[-7.89255,42.62963],[-7.88971,42.68371],[-7.86143,42.7062],[-7.86639,42.72064],[-7.93537,42.73974],[-7.97841,42.7787],[-7.98048,42.81134],[-7.95641,42.83975],[-7.9686,42.84961],[-7.98439,42.84235],[-8.01359,42.85021],[-8.04682,42.83148],[-8.06415,42.83684],[-8.0603,42.84308],[-8.07508,42.85331],[-8.11685,42.84119],[-8.12061,42.85049],[-8.13906,42.84311],[-8.18327,42.86014],[-8.20551,42.84329],[-8.2208,42.84429],[-8.20727,42.82516],[-8.23518,42.83285],[-8.24575,42.8276],[-8.25457,42.8367],[-8.27947,42.8109],[-8.29959,42.8189],[-8.29299,42.82886],[-8.31032,42.83044],[-8.3151,42.84585],[-8.32529,42.83119],[-8.32975,42.84209],[-8.33989,42.84052],[-8.34604,42.83226],[-8.33044,42.82732],[-8.33163,42.79443],[-8.35472,42.77882],[-8.39208,42.78936],[-8.39144,42.77668],[-8.39963,42.78068],[-8.41466,42.7666],[-8.407,42.75421],[-8.43115,42.74618],[-8.47036,42.74368],[-8.49423,42.75671],[-8.53377,42.7518],[-8.55345,42.7613],[-8.55628,42.74599],[-8.59993,42.74312],[-8.60664,42.71515],[-8.62396,42.71425],[-8.65094,42.72915],[-8.67818,42.71163],[-8.7183,42.706],[-8.72603,42.68874],[-8.72681,42.68827]]],[[[-8.90289,42.53892],[-8.89724,42.54348],[-8.90321,42.53934],[-8.90289,42.53892]]],[[[-8.87136,42.5252],[-8.86385,42.52618],[-8.86804,42.5432],[-8.85608,42.54672],[-8.86291,42.55169],[-8.85588,42.56559],[-8.87082,42.56408],[-8.87665,42.57489],[-8.8919,42.56855],[-8.8806,42.55769],[-8.87009,42.56106],[-8.87986,42.54027],[-8.87111,42.53204],[-8.88165,42.53],[-8.87177,42.52563],[-8.87136,42.5252]]],[[[-8.84813,42.48208],[-8.84207,42.5008],[-8.84854,42.48236],[-8.84813,42.48208]]],[[[-8.83599,42.48974],[-8.83372,42.4972],[-8.83683,42.4898],[-8.83599,42.48974]]],[[[-8.79007,42.61589],[-8.77852,42.62019],[-8.79044,42.61657],[-8.79007,42.61589]]],[[[-8.7098,42.40848],[-8.70768,42.41465],[-8.71023,42.40894],[-8.7098,42.40848]]]]}},{"type":"Feature","properties":{"prov_code":"43","prov_name":"Tarragona","acom_code":"09","acom_name":"Cataluña"},"geometry":{"type":"MultiPolygon","coordinates":[[[[0.5147,40.52305],[0.53792,40.56723],[0.55636,40.57141],[0.54813,40.57468],[0.59082,40.61309],[0.60452,40.60909],[0.5932,40.61632],[0.60655,40.62278],[0.60848,40.61655],[0.60041,40.6216],[0.6516,40.62421],[0.69284,40.63976],[0.74523,40.63611],[0.70736,40.59066],[0.66033,40.59147],[0.64894,40.57294],[0.61743,40.58585],[0.61816,40.57234],[0.59241,40.57763],[0.6187,40.55207],[0.66221,40.55723],[0.6972,40.57653],[0.75626,40.6399],[0.86429,40.69254],[0.87357,40.73016],[0.8584,40.73746],[0.82893,40.73358],[0.76394,40.79284],[0.72517,40.78778],[0.78213,40.76872],[0.76227,40.76179],[0.73057,40.76935],[0.69994,40.80315],[0.74134,40.82332],[0.74934,40.84378],[0.79211,40.86649],[0.86201,40.94689],[0.91499,40.98706],[0.93085,40.98833],[0.94218,41.00746],[0.98284,41.03865],[1.05132,41.06429],[1.08362,41.06187],[1.12486,41.07477],[1.17052,41.05469],[1.19587,41.08273],[1.19072,41.08684],[1.1968,41.09093],[1.20641,41.0834],[1.19887,41.09402],[1.2142,41.0871],[1.20482,41.09571],[1.21607,41.09017],[1.21261,41.0991],[1.2223,41.10576],[1.22273,41.09612],[1.22588,41.10526],[1.2491,41.10864],[1.21349,41.07864],[1.25552,41.11169],[1.29792,41.12777],[1.34398,41.12486],[1.40202,41.13273],[1.44198,41.15602],[1.50077,41.17466],[1.64462,41.19334],[1.64124,41.21175],[1.65315,41.20741],[1.64098,41.23537],[1.62401,41.22294],[1.58311,41.23608],[1.57012,41.26066],[1.60597,41.25039],[1.6197,41.2537],[1.62746,41.26952],[1.62001,41.27706],[1.63679,41.29595],[1.61637,41.29311],[1.61206,41.28516],[1.58846,41.29358],[1.59636,41.30845],[1.57475,41.31515],[1.55908,41.34332],[1.57799,41.35328],[1.57796,41.36246],[1.55124,41.36841],[1.53702,41.38534],[1.5097,41.39423],[1.47319,41.38026],[1.4902,41.40173],[1.47596,41.42931],[1.49595,41.43572],[1.47566,41.43609],[1.46848,41.44396],[1.48318,41.45783],[1.48456,41.47492],[1.47393,41.48626],[1.45196,41.48636],[1.39574,41.51289],[1.40872,41.53493],[1.44858,41.53707],[1.44672,41.55239],[1.43103,41.55566],[1.45448,41.56919],[1.44748,41.57382],[1.41968,41.58261],[1.41056,41.57548],[1.39547,41.57749],[1.40319,41.55788],[1.38557,41.55586],[1.34537,41.56802],[1.21969,41.56972],[1.21069,41.54869],[1.16389,41.53446],[1.17394,41.53131],[1.16362,41.5132],[1.17978,41.48843],[1.11181,41.46736],[1.03945,41.50138],[1.04851,41.48754],[1.03746,41.47999],[1.07494,41.45839],[1.04641,41.44065],[1.02772,41.40926],[1.00245,41.40418],[0.99184,41.38896],[0.98196,41.39175],[0.96208,41.36749],[0.96435,41.35526],[0.94523,41.34975],[0.86327,41.33811],[0.84006,41.36181],[0.82899,41.357],[0.81485,41.32684],[0.76248,41.33425],[0.75152,41.31784],[0.66956,41.30977],[0.62819,41.29086],[0.59706,41.29345],[0.58085,41.31989],[0.55448,41.32659],[0.52621,41.2902],[0.50337,41.28985],[0.46162,41.33507],[0.43444,41.32021],[0.43315,41.27604],[0.38556,41.27861],[0.37351,41.24866],[0.38131,41.23643],[0.3646,41.23868],[0.36086,41.22552],[0.34031,41.23106],[0.32112,41.22399],[0.30332,41.16438],[0.27301,41.14881],[0.25299,41.15015],[0.24979,41.12961],[0.21408,41.13695],[0.21863,41.13071],[0.20088,41.1265],[0.20929,41.11687],[0.20067,41.0848],[0.2199,41.08298],[0.21889,41.06123],[0.23033,41.05694],[0.21851,41.04277],[0.23294,41.04722],[0.23209,41.03499],[0.24519,41.04167],[0.27905,41.02113],[0.25863,41.01463],[0.27424,41.00714],[0.26847,40.9983],[0.28154,40.97405],[0.2935,40.97056],[0.23863,40.88455],[0.25557,40.87379],[0.25551,40.8455],[0.27956,40.82081],[0.23357,40.78699],[0.22992,40.76739],[0.21213,40.76755],[0.18998,40.75048],[0.17569,40.75495],[0.17472,40.74118],[0.15907,40.75037],[0.16384,40.74034],[0.19731,40.72418],[0.22601,40.73293],[0.23964,40.70092],[0.26245,40.70592],[0.29126,40.68863],[0.2656,40.64525],[0.28241,40.62755],[0.33793,40.60878],[0.40196,40.60238],[0.42018,40.58546],[0.44394,40.57822],[0.43341,40.56538],[0.43796,40.54706],[0.51317,40.52354],[0.5147,40.52305]]],[[[1.64217,41.31266],[1.62897,41.31066],[1.64219,41.31218],[1.64217,41.31266]]]]}},{"type":"Feature","properties":{"prov_code":"49","prov_name":"Zamora","acom_code":"07","acom_name":"Castilla y León"},"geometry":{"type":"Polygon","coordinates":[[[-6.47964,41.29422],[-6.47756,41.28758],[-6.45431,41.29208],[-6.44535,41.28385],[-6.41818,41.28318],[-6.41473,41.27598],[-6.37228,41.2863],[-6.3472,41.2725],[-6.31768,41.27089],[-6.29674,41.25644],[-6.26817,41.25561],[-6.22518,41.22773],[-6.1345,41.19039],[-6.10931,41.21261],[-6.07404,41.21132],[-6.06201,41.22105],[-6.04672,41.20901],[-6.00883,41.2005],[-6.0275,41.17912],[-6.02183,41.15526],[-6.00257,41.15314],[-5.97922,41.17457],[-5.95324,41.1401],[-5.91313,41.17834],[-5.92133,41.21815],[-5.89767,41.23859],[-5.83522,41.22034],[-5.8087,41.22447],[-5.76731,41.2157],[-5.75125,41.22586],[-5.67894,41.23187],[-5.66279,41.24581],[-5.63445,41.23187],[-5.62832,41.21446],[-5.58793,41.20244],[-5.56507,41.21704],[-5.51808,41.19487],[-5.50641,41.18028],[-5.48525,41.17885],[-5.48434,41.1455],[-5.46983,41.15795],[-5.47688,41.17832],[-5.4181,41.18766],[-5.40759,41.18559],[-5.39658,41.16304],[-5.40155,41.1478],[-5.38696,41.13585],[-5.35699,41.14082],[-5.32895,41.11717],[-5.29786,41.12588],[-5.29059,41.14684],[-5.29862,41.16276],[-5.28874,41.18199],[-5.33027,41.17762],[-5.3403,41.19411],[-5.30762,41.22479],[-5.29365,41.22625],[-5.30221,41.25927],[-5.29174,41.26919],[-5.30351,41.31598],[-5.32212,41.32633],[-5.33462,41.37064],[-5.30754,41.41405],[-5.33924,41.4256],[-5.32479,41.45534],[-5.34474,41.47926],[-5.3325,41.47565],[-5.29624,41.50117],[-5.26188,41.50368],[-5.22887,41.52843],[-5.24779,41.54677],[-5.27265,41.55018],[-5.29307,41.57437],[-5.26795,41.59005],[-5.27054,41.60114],[-5.32889,41.61592],[-5.31951,41.63677],[-5.32735,41.68053],[-5.34288,41.70043],[-5.35814,41.69969],[-5.36169,41.72885],[-5.3752,41.71979],[-5.39138,41.76051],[-5.37018,41.77785],[-5.32265,41.78821],[-5.27861,41.8148],[-5.28715,41.82769],[-5.33043,41.8318],[-5.30647,41.85784],[-5.31106,41.89159],[-5.29373,41.91994],[-5.32087,41.93751],[-5.33522,41.93747],[-5.28531,41.97411],[-5.25468,41.98165],[-5.28065,41.9788],[-5.30323,41.9911],[-5.32552,42.0204],[-5.34895,42.02259],[-5.38441,42.04211],[-5.44744,42.01366],[-5.43145,42.00432],[-5.43828,41.96739],[-5.46312,41.97546],[-5.48565,41.98583],[-5.48841,41.99554],[-5.47142,42.0101],[-5.50774,42.05751],[-5.50158,42.06652],[-5.52609,42.10377],[-5.54336,42.09938],[-5.5607,42.05597],[-5.57772,42.06545],[-5.58661,42.05091],[-5.5885,42.07733],[-5.63504,42.08199],[-5.62014,42.10666],[-5.66756,42.14207],[-5.68718,42.13792],[-5.67677,42.12034],[-5.74295,42.11334],[-5.75519,42.13663],[-5.77671,42.13581],[-5.80533,42.12458],[-5.80649,42.13055],[-5.84485,42.11072],[-5.86927,42.12217],[-5.89743,42.1561],[-5.9116,42.14059],[-5.94812,42.14192],[-5.95347,42.12368],[-5.99567,42.14619],[-6.0493,42.15986],[-6.12471,42.15887],[-6.13727,42.16472],[-6.14341,42.15882],[-6.16021,42.16577],[-6.2124,42.14808],[-6.22582,42.16195],[-6.25412,42.16704],[-6.25196,42.17306],[-6.29373,42.17803],[-6.31259,42.20659],[-6.40984,42.19568],[-6.4279,42.20194],[-6.49756,42.18202],[-6.526,42.20336],[-6.61327,42.20321],[-6.63865,42.2173],[-6.70379,42.20937],[-6.72114,42.21396],[-6.74299,42.24017],[-6.75909,42.23866],[-6.78612,42.25409],[-6.80308,42.23904],[-6.78699,42.21591],[-6.79664,42.20897],[-6.80249,42.21875],[-6.84364,42.22831],[-6.88656,42.21454],[-6.90085,42.18947],[-6.94385,42.17186],[-6.94865,42.13559],[-6.98616,42.12403],[-7.00212,42.0846],[-7.03358,42.07424],[-7.01183,42.05242],[-6.97479,42.05516],[-6.9611,42.02791],[-6.99111,41.98834],[-6.98576,41.97104],[-6.9578,41.96894],[-6.94151,41.94388],[-6.83054,41.94349],[-6.81001,41.96954],[-6.81134,41.99252],[-6.76868,41.98409],[-6.75057,41.94364],[-6.7,41.93332],[-6.62138,41.93974],[-6.59945,41.9483],[-6.58475,41.96634],[-6.5465,41.93946],[-6.57117,41.88349],[-6.51551,41.87166],[-6.53247,41.83465],[-6.52742,41.82078],[-6.54706,41.79496],[-6.54369,41.77833],[-6.56897,41.74378],[-6.54881,41.72553],[-6.54827,41.68559],[-6.49956,41.6571],[-6.45736,41.66659],[-6.44427,41.68484],[-6.35466,41.6764],[-6.30229,41.66181],[-6.25445,41.633],[-6.2358,41.60705],[-6.20146,41.59456],[-6.18917,41.57483],[-6.21181,41.55916],[-6.23694,41.52136],[-6.25754,41.51434],[-6.2511,41.50019],[-6.26579,41.49825],[-6.26209,41.48695],[-6.28404,41.47902],[-6.30542,41.44967],[-6.29486,41.43627],[-6.30012,41.42874],[-6.33327,41.41033],[-6.31722,41.39715],[-6.31766,41.38574],[-6.3525,41.37846],[-6.36661,41.39341],[-6.38833,41.38555],[-6.39348,41.36986],[-6.37724,41.36301],[-6.37973,41.35632],[-6.41527,41.34796],[-6.42649,41.33329],[-6.41815,41.32616],[-6.43384,41.32025],[-6.43722,41.30557],[-6.47946,41.29422],[-6.47964,41.29422]]]}},{"type":"Feature","properties":{"prov_code":"25","prov_name":"Lleida","acom_code":"09","acom_name":"Cataluña"},"geometry":{"type":"MultiPolygon","coordinates":[[[[0.38556,41.27861],[0.43315,41.27604],[0.43444,41.32021],[0.46162,41.33507],[0.50337,41.28985],[0.52621,41.2902],[0.55448,41.32659],[0.58085,41.31989],[0.59706,41.29345],[0.62819,41.29086],[0.66956,41.30977],[0.75152,41.31784],[0.76248,41.33425],[0.81485,41.32684],[0.84006,41.36181],[0.86327,41.33811],[0.96435,41.35526],[0.96208,41.36749],[0.98196,41.39175],[0.99184,41.38896],[1.00245,41.40418],[1.02772,41.40926],[1.04641,41.44065],[1.07494,41.45839],[1.03746,41.47999],[1.04851,41.48754],[1.03945,41.50138],[1.11132,41.46729],[1.17978,41.48843],[1.16362,41.5132],[1.17394,41.53131],[1.16389,41.53446],[1.21069,41.54869],[1.21969,41.56972],[1.30426,41.57142],[1.40319,41.55788],[1.39227,41.5788],[1.40733,41.60034],[1.36053,41.61374],[1.3915,41.63433],[1.43057,41.62982],[1.4508,41.63988],[1.4155,41.6747],[1.42329,41.68405],[1.40415,41.68624],[1.40021,41.70432],[1.38199,41.70676],[1.42447,41.73267],[1.40288,41.74556],[1.41882,41.79696],[1.47133,41.80058],[1.47302,41.78251],[1.46087,41.77649],[1.4687,41.77091],[1.48417,41.77179],[1.48301,41.79114],[1.50476,41.78821],[1.51087,41.7708],[1.53267,41.76376],[1.53072,41.75259],[1.57258,41.78215],[1.59359,41.77793],[1.59983,41.78903],[1.58881,41.80473],[1.61146,41.81777],[1.61001,41.83613],[1.63146,41.84471],[1.63031,41.85878],[1.61905,41.88157],[1.60133,41.88429],[1.58296,41.87347],[1.56854,41.8798],[1.63753,41.92678],[1.65121,41.92668],[1.64241,41.94053],[1.65027,41.94574],[1.64884,41.97966],[1.67434,41.98274],[1.66773,41.97043],[1.6824,41.96765],[1.71937,41.98529],[1.71735,42.00004],[1.69867,42.01381],[1.69009,42.00511],[1.69743,41.98568],[1.68477,41.99513],[1.66214,41.99115],[1.6577,42.00291],[1.65159,41.99236],[1.6471,42.00007],[1.65835,42.02189],[1.66634,42.00301],[1.67005,42.0157],[1.6997,42.02887],[1.69242,42.0456],[1.67213,42.04077],[1.67463,42.05865],[1.69118,42.08679],[1.70763,42.08244],[1.7222,42.09138],[1.72287,42.10008],[1.70445,42.10598],[1.7123,42.11903],[1.69849,42.1346],[1.7138,42.15472],[1.72397,42.15262],[1.73838,42.16411],[1.73796,42.18946],[1.72182,42.19607],[1.70718,42.18992],[1.68035,42.20624],[1.6804,42.22436],[1.70457,42.23882],[1.68461,42.25644],[1.69506,42.26384],[1.69014,42.2771],[1.67031,42.2817],[1.73433,42.284],[1.74073,42.2906],[1.79428,42.294],[1.80469,42.30196],[1.83342,42.30053],[1.84249,42.30631],[1.83471,42.35515],[1.8453,42.35508],[1.85506,42.36965],[1.82999,42.38141],[1.80604,42.37009],[1.80005,42.37799],[1.81101,42.41114],[1.80154,42.42492],[1.73192,42.44038],[1.72562,42.50437],[1.70361,42.4898],[1.66998,42.50419],[1.65702,42.46822],[1.59737,42.46632],[1.57919,42.44972],[1.56107,42.45865],[1.55168,42.43251],[1.51163,42.42909],[1.44439,42.44142],[1.44119,42.47536],[1.41919,42.4842],[1.46837,42.51002],[1.45055,42.53989],[1.41361,42.53662],[1.42423,42.55708],[1.44495,42.56801],[1.42648,42.5828],[1.44307,42.60258],[1.42043,42.62501],[1.41366,42.6556],[1.38744,42.66869],[1.38924,42.68702],[1.35108,42.70272],[1.35732,42.71972],[1.33237,42.72473],[1.25272,42.71447],[1.2291,42.72776],[1.1703,42.70809],[1.1332,42.72827],[1.12821,42.75559],[1.07889,42.78834],[1.04787,42.78098],[1.00563,42.79082],[0.98419,42.7867],[0.96016,42.8059],[0.92641,42.78931],[0.85552,42.82684],[0.80141,42.84062],[0.77746,42.83615],[0.70924,42.86145],[0.67796,42.85527],[0.65975,42.83898],[0.67083,42.80466],[0.64482,42.78298],[0.66722,42.77511],[0.63928,42.75487],[0.66351,42.74978],[0.68255,42.70889],[0.67616,42.69087],[0.66008,42.68785],[0.69559,42.65862],[0.70399,42.62354],[0.76782,42.61003],[0.74081,42.5454],[0.75277,42.53395],[0.73474,42.54035],[0.72159,42.52488],[0.7199,42.51283],[0.74216,42.5056],[0.71337,42.48721],[0.69895,42.49495],[0.6899,42.48372],[0.70898,42.45922],[0.71014,42.43639],[0.73553,42.41475],[0.72594,42.40523],[0.7461,42.38478],[0.72327,42.36563],[0.77131,42.35064],[0.74036,42.33687],[0.74368,42.32632],[0.76462,42.32248],[0.74483,42.30118],[0.73622,42.25239],[0.70199,42.18908],[0.69808,42.1718],[0.71385,42.16282],[0.6955,42.15141],[0.69961,42.10514],[0.66982,42.06152],[0.67216,42.04747],[0.65686,42.04012],[0.65182,42.0262],[0.66385,42.01512],[0.65822,42.00258],[0.64209,41.98218],[0.63873,41.99461],[0.61683,41.98716],[0.60549,41.96001],[0.58627,41.96713],[0.56188,41.93822],[0.60749,41.91932],[0.5949,41.91795],[0.60098,41.90854],[0.5921,41.88442],[0.60748,41.87182],[0.5799,41.86362],[0.58005,41.85091],[0.55521,41.85301],[0.54357,41.8204],[0.51546,41.82235],[0.48323,41.80146],[0.4686,41.76498],[0.39868,41.75781],[0.39524,41.73182],[0.38474,41.74031],[0.32702,41.67817],[0.32624,41.6622],[0.35798,41.63172],[0.34582,41.62186],[0.34961,41.59946],[0.40202,41.59272],[0.42849,41.60238],[0.43033,41.56524],[0.44692,41.54224],[0.3975,41.49066],[0.33968,41.48333],[0.35518,41.45109],[0.34184,41.41382],[0.32004,41.39418],[0.35829,41.37199],[0.37397,41.35154],[0.34845,41.32809],[0.36875,41.31802],[0.37666,41.28763],[0.38556,41.27861]],[[1.64527,42.11231],[1.69551,42.10816],[1.67797,42.10335],[1.64497,42.11202],[1.64527,42.11231]]],[[[1.7197,41.89512],[1.70863,41.89704],[1.70625,41.88941],[1.71875,41.8824],[1.72055,41.89467],[1.7197,41.89512]]]]}},{"type":"Feature","properties":{"prov_code":"04","prov_name":"Almería","acom_code":"01","acom_name":"Andalucía"},"geometry":{"type":"MultiPolygon","coordinates":[[[[-3.03624,35.93791],[-3.03103,35.94152],[-3.03634,35.93821],[-3.03624,35.93791]]],[[[-3.12868,36.75087],[-3.03513,36.74766],[-3.0197,36.74071],[-3.02171,36.74732],[-2.97768,36.73833],[-2.92483,36.75161],[-2.89638,36.73693],[-2.85754,36.69858],[-2.84637,36.69527],[-2.81319,36.70589],[-2.76019,36.68029],[-2.70033,36.683],[-2.65013,36.70029],[-2.61564,36.73191],[-2.59982,36.77488],[-2.56587,36.81322],[-2.50269,36.82461],[-2.48195,36.83558],[-2.46457,36.82576],[-2.47852,36.83686],[-2.42655,36.81074],[-2.36916,36.84085],[-2.31855,36.83354],[-2.2701,36.80338],[-2.18526,36.71943],[-2.12428,36.732],[-2.10602,36.76276],[-2.06028,36.77782],[-2.06016,36.80958],[-2.02537,36.83488],[-1.99961,36.84002],[-2.00224,36.88333],[-1.98183,36.9025],[-1.96744,36.8988],[-1.94053,36.93652],[-1.90639,36.93619],[-1.89552,36.9485],[-1.90076,36.98776],[-1.84957,37.06827],[-1.84898,37.09613],[-1.83314,37.11925],[-1.81997,37.1833],[-1.81635,37.1789],[-1.79709,37.2303],[-1.77406,37.24009],[-1.75897,37.2629],[-1.7083,37.30411],[-1.67708,37.35285],[-1.65315,37.35455],[-1.64458,37.37137],[-1.63012,37.37523],[-1.73708,37.44263],[-1.81176,37.45156],[-1.80856,37.43353],[-1.84509,37.45502],[-1.97681,37.61873],[-2.01192,37.67254],[-2.01265,37.7006],[-1.99583,37.72805],[-2.00884,37.77495],[-1.99565,37.84023],[-1.97422,37.86847],[-1.99494,37.88027],[-2.02156,37.8682],[-2.05709,37.88085],[-2.09727,37.8769],[-2.12489,37.90028],[-2.17215,37.88865],[-2.20779,37.91625],[-2.25078,37.89718],[-2.26539,37.88095],[-2.28852,37.88514],[-2.29637,37.86546],[-2.28939,37.83148],[-2.30177,37.80828],[-2.27678,37.77622],[-2.32566,37.68155],[-2.30894,37.63343],[-2.3167,37.62184],[-2.34543,37.62922],[-2.35957,37.62127],[-2.39127,37.63248],[-2.3679,37.59158],[-2.3743,37.55735],[-2.35573,37.54699],[-2.35851,37.52229],[-2.38115,37.52292],[-2.39722,37.51338],[-2.4117,37.52494],[-2.42378,37.51288],[-2.45632,37.50943],[-2.45752,37.49083],[-2.51415,37.47953],[-2.63562,37.39421],[-2.64319,37.37594],[-2.63729,37.34333],[-2.6546,37.34061],[-2.65087,37.31233],[-2.66555,37.28563],[-2.66012,37.21199],[-2.69248,37.21719],[-2.73302,37.23732],[-2.73999,37.22876],[-2.75903,37.22671],[-2.779,37.26266],[-2.81488,37.27089],[-2.81936,37.27833],[-2.84539,37.27922],[-2.87496,37.23146],[-2.88099,37.1871],[-2.8953,37.16705],[-2.92915,37.15657],[-2.93058,37.1398],[-2.94699,37.12221],[-2.94896,37.09655],[-3.00026,37.09498],[-3.02639,37.11657],[-3.01623,37.05221],[-2.99894,37.01222],[-2.98251,37.00597],[-2.97621,36.97812],[-2.9905,36.95818],[-3.02934,36.94753],[-3.03132,36.92459],[-3.05719,36.91154],[-3.07193,36.91929],[-3.06972,36.89964],[-3.04327,36.87912],[-3.02901,36.84444],[-3.14019,36.78779],[-3.12896,36.75169],[-3.12868,36.75087]]]]}}]}