ccaa_code,ccaa_name,provincia_code,provincia_name,municipio_code,municipio_name
1,01 Andalucía,4,Almería,4001,ABLA
1,01 Andalucía,4,Almería,4002,ABRUCENA
1,01 Andalucía,4,Almería,4003,ADRA
1,01 Andalucía,4,Almería,4004,ALBANCHEZ
1,01 Andalucía,4,Almería,4005,ALBOLODUY
1,01 Andalucía,4,Almería,4006,ALBOX
1,01 Andalucía,4,Almería,4007,ALCOLEA
1,01 Andalucía,4,Almería,4008,ALCÓNTAR
1,01 Andalucía,4,Almería,4009,ALCUDIA DE MONTEAGUD
1,01 Andalucía,4,Almería,4010,ALHABIA
1,01 Andalucía,4,Almería,4011,ALHAMA DE ALMERÍA
1,01 Andalucía,4,Almería,4012,ALICÚN
1,01 Andalucía,4,Almería,4013,ALMERÍA
1,01 Andalucía,4,Almería,4014,ALMÓCITA
1,01 Andalucía,4,Almería,4015,ALSODUX
1,01 Andalucía,4,Almería,4016,ANTAS
1,01 Andalucía,4,Almería,4017,ARBOLEAS
1,01 Andalucía,4,Almería,4018,ARMUÑA DE ALMANZORA
1,01 Andalucía,4,Almería,4019,BACARES
1,01 Andalucía,4,Almería,4904,BALANEGRA
1,01 Andalucía,4,Almería,4020,BAYÁRCAL
1,01 Andalucía,4,Almería,4021,BAYARQUE
1,01 Andalucía,4,Almería,4022,BÉDAR
1,01 Andalucía,4,Almería,4023,BEIRES
1,01 Andalucía,4,Almería,4024,BENAHADUX
1,01 Andalucía,4,Almería,4026,BENITAGLA
1,01 Andalucía,4,Almería,4027,BENIZALÓN
1,01 Andalucía,4,Almería,4028,BENTARIQUE
1,01 Andalucía,4,Almería,4029,BERJA
1,01 Andalucía,4,Almería,4030,CANJÁYAR
1,01 Andalucía,4,Almería,4031,CANTORIA
1,01 Andalucía,4,Almería,4032,CARBONERAS
1,01 Andalucía,4,Almería,4033,CASTRO DE FILABRES
1,01 Andalucía,4,Almería,4036,CHERCOS
1,01 Andalucía,4,Almería,4037,CHIRIVEL
1,01 Andalucía,4,Almería,4034,CÓBDAR
1,01 Andalucía,4,Almería,4035,CUEVAS DEL ALMANZORA
1,01 Andalucía,4,Almería,4038,DALÍAS
1,01 Andalucía,4,Almería,4902,EJIDO (EL)
1,01 Andalucía,4,Almería,4041,ENIX
1,01 Andalucía,4,Almería,4043,FELIX
1,01 Andalucía,4,Almería,4044,FINES
1,01 Andalucía,4,Almería,4045,FIÑANA
1,01 Andalucía,4,Almería,4046,FONDÓN
1,01 Andalucía,4,Almería,4047,GÁDOR
1,01 Andalucía,4,Almería,4048,GALLARDOS (LOS)
1,01 Andalucía,4,Almería,4049,GARRUCHA
1,01 Andalucía,4,Almería,4050,GÉRGAL
1,01 Andalucía,4,Almería,4051,HUÉCIJA
1,01 Andalucía,4,Almería,4052,HUÉRCAL DE ALMERÍA
1,01 Andalucía,4,Almería,4053,HUÉRCAL-OVERA
1,01 Andalucía,4,Almería,4054,ÍLLAR
1,01 Andalucía,4,Almería,4055,INSTINCIÓN
1,01 Andalucía,4,Almería,4056,LAROYA
1,01 Andalucía,4,Almería,4057,LÁUJAR DE ANDARAX
1,01 Andalucía,4,Almería,4058,LÍJAR
1,01 Andalucía,4,Almería,4059,LUBRÍN
1,01 Andalucía,4,Almería,4060,LUCAINENA DE LAS TORRES
1,01 Andalucía,4,Almería,4061,LÚCAR
1,01 Andalucía,4,Almería,4062,MACAEL
1,01 Andalucía,4,Almería,4063,MARÍA
1,01 Andalucía,4,Almería,4064,MOJÁCAR
1,01 Andalucía,4,Almería,4903,MOJONERA (LA)
1,01 Andalucía,4,Almería,4065,NACIMIENTO
1,01 Andalucía,4,Almería,4066,NÍJAR
1,01 Andalucía,4,Almería,4067,OHANES
1,01 Andalucía,4,Almería,4068,OLULA DE CASTRO
1,01 Andalucía,4,Almería,4069,OLULA DEL RÍO
1,01 Andalucía,4,Almería,4070,ORIA
1,01 Andalucía,4,Almería,4071,PADULES
1,01 Andalucía,4,Almería,4072,PARTALOA
1,01 Andalucía,4,Almería,4073,PATERNA DEL RÍO
1,01 Andalucía,4,Almería,4074,PECHINA
1,01 Andalucía,4,Almería,4075,PULPÍ
1,01 Andalucía,4,Almería,4076,PURCHENA
1,01 Andalucía,4,Almería,4077,RÁGOL
1,01 Andalucía,4,Almería,4078,RIOJA
1,01 Andalucía,4,Almería,4079,ROQUETAS DE MAR
1,01 Andalucía,4,Almería,4080,SANTA CRUZ DE MARCHENA
1,01 Andalucía,4,Almería,4081,SANTA FE DE MONDÚJAR
1,01 Andalucía,4,Almería,4082,SENÉS
1,01 Andalucía,4,Almería,4083,SERÓN
1,01 Andalucía,4,Almería,4084,SIERRO
1,01 Andalucía,4,Almería,4085,SOMONTÍN
1,01 Andalucía,4,Almería,4086,SORBAS
1,01 Andalucía,4,Almería,4087,SUFLÍ
1,01 Andalucía,4,Almería,4088,TABERNAS
1,01 Andalucía,4,Almería,4089,TABERNO
1,01 Andalucía,4,Almería,4090,TAHAL
1,01 Andalucía,4,Almería,4091,TERQUE
1,01 Andalucía,4,Almería,4092,TÍJOLA
1,01 Andalucía,4,Almería,4901,TRES VILLAS (LAS)
1,01 Andalucía,4,Almería,4093,TURRE
1,01 Andalucía,4,Almería,4094,TURRILLAS
1,01 Andalucía,4,Almería,4095,ULEILA DEL CAMPO
1,01 Andalucía,4,Almería,4096,URRÁCAL
1,01 Andalucía,4,Almería,4097,VELEFIQUE
1,01 Andalucía,4,Almería,4098,VÉLEZ-BLANCO
1,01 Andalucía,4,Almería,4099,VÉLEZ-RUBIO
1,01 Andalucía,4,Almería,4100,VERA
1,01 Andalucía,4,Almería,4101,VIATOR
1,01 Andalucía,4,Almería,4102,VÍCAR
1,01 Andalucía,4,Almería,4103,ZURGENA
1,01 Andalucía,11,Cádiz,11001,ALCALÁ DE LOS GAZULES
1,01 Andalucía,11,Cádiz,11002,ALCALÁ DEL VALLE
1,01 Andalucía,11,Cádiz,11003,ALGAR
1,01 Andalucía,11,Cádiz,11004,ALGECIRAS
1,01 Andalucía,11,Cádiz,11005,ALGODONALES
1,01 Andalucía,11,Cádiz,11006,ARCOS DE LA FRONTERA
1,01 Andalucía,11,Cádiz,11007,BARBATE
1,01 Andalucía,11,Cádiz,11008,BARRIOS (LOS)
1,01 Andalucía,11,Cádiz,11901,BENALUP-CASAS VIEJAS
1,01 Andalucía,11,Cádiz,11009,BENAOCAZ
1,01 Andalucía,11,Cádiz,11010,BORNOS
1,01 Andalucía,11,Cádiz,11011,BOSQUE (EL)
1,01 Andalucía,11,Cádiz,11012,CÁDIZ
1,01 Andalucía,11,Cádiz,11013,CASTELLAR DE LA FRONTERA
1,01 Andalucía,11,Cádiz,11015,CHICLANA DE LA FRONTERA
1,01 Andalucía,11,Cádiz,11016,CHIPIONA
1,01 Andalucía,11,Cádiz,11014,CONIL DE LA FRONTERA
1,01 Andalucía,11,Cádiz,11017,ESPERA
1,01 Andalucía,11,Cádiz,11018,GASTOR (EL)
1,01 Andalucía,11,Cádiz,11019,GRAZALEMA
1,01 Andalucía,11,Cádiz,11020,JEREZ DE LA FRONTERA
1,01 Andalucía,11,Cádiz,11021,JIMENA DE LA FRONTERA
1,01 Andalucía,11,Cádiz,11022,LÍNEA DE LA CONCEPCIÓN (LA)
1,01 Andalucía,11,Cádiz,11023,MEDINA SIDONIA
1,01 Andalucía,11,Cádiz,11024,OLVERA
1,01 Andalucía,11,Cádiz,11025,PATERNA DE RIVERA
1,01 Andalucía,11,Cádiz,11026,PRADO DEL REY
1,01 Andalucía,11,Cádiz,11027,PUERTO DE SANTA MARÍA (EL)
1,01 Andalucía,11,Cádiz,11028,PUERTO REAL
1,01 Andalucía,11,Cádiz,11029,PUERTO SERRANO
1,01 Andalucía,11,Cádiz,11030,ROTA
1,01 Andalucía,11,Cádiz,11031,SAN FERNANDO
1,01 Andalucía,11,Cádiz,11902,SAN JOSÉ DEL VALLE
1,01 Andalucía,11,Cádiz,11903,SAN MARTÍN DEL TESORILLO
1,01 Andalucía,11,Cádiz,11033,SAN ROQUE
1,01 Andalucía,11,Cádiz,11032,SANLÚCAR DE BARRAMEDA
1,01 Andalucía,11,Cádiz,11034,SETENIL DE LAS BODEGAS
1,01 Andalucía,11,Cádiz,11035,TARIFA
1,01 Andalucía,11,Cádiz,11036,TORRE ALHÁQUIME
1,01 Andalucía,11,Cádiz,11037,TREBUJENA
1,01 Andalucía,11,Cádiz,11038,UBRIQUE
1,01 Andalucía,11,Cádiz,11039,VEJER DE LA FRONTERA
1,01 Andalucía,11,Cádiz,11040,VILLALUENGA DEL ROSARIO
1,01 Andalucía,11,Cádiz,11041,VILLAMARTÍN
1,01 Andalucía,11,Cádiz,11042,ZAHARA
1,01 Andalucía,14,Córdoba,14001,ADAMUZ
1,01 Andalucía,14,Córdoba,14002,AGUILAR DE LA FRONTERA
1,01 Andalucía,14,Córdoba,14003,ALCARACEJOS
1,01 Andalucía,14,Córdoba,14004,ALMEDINILLA
1,01 Andalucía,14,Córdoba,14005,ALMODÓVAR DEL RÍO
1,01 Andalucía,14,Córdoba,14006,AÑORA
1,01 Andalucía,14,Córdoba,14007,BAENA
1,01 Andalucía,14,Córdoba,14008,BELALCÁZAR
1,01 Andalucía,14,Córdoba,14009,BELMEZ
1,01 Andalucía,14,Córdoba,14010,BENAMEJÍ
1,01 Andalucía,14,Córdoba,14011,BLÁZQUEZ (LOS)
1,01 Andalucía,14,Córdoba,14012,BUJALANCE
1,01 Andalucía,14,Córdoba,14013,CABRA
1,01 Andalucía,14,Córdoba,14014,CAÑETE DE LAS TORRES
1,01 Andalucía,14,Córdoba,14015,CARCABUEY
1,01 Andalucía,14,Córdoba,14016,CARDEÑA
1,01 Andalucía,14,Córdoba,14017,CARLOTA (LA)
1,01 Andalucía,14,Córdoba,14018,CARPIO (EL)
1,01 Andalucía,14,Córdoba,14019,CASTRO DEL RÍO
1,01 Andalucía,14,Córdoba,14020,CONQUISTA
1,01 Andalucía,14,Córdoba,14021,CÓRDOBA
1,01 Andalucía,14,Córdoba,14022,DOÑA MENCÍA
1,01 Andalucía,14,Córdoba,14023,DOS TORRES
1,01 Andalucía,14,Córdoba,14024,ENCINAS REALES
1,01 Andalucía,14,Córdoba,14025,ESPEJO
1,01 Andalucía,14,Córdoba,14026,ESPIEL
1,01 Andalucía,14,Córdoba,14027,FERNÁN-NÚÑEZ
1,01 Andalucía,14,Córdoba,14901,FUENTE CARRETEROS
1,01 Andalucía,14,Córdoba,14028,FUENTE LA LANCHA
1,01 Andalucía,14,Córdoba,14029,FUENTE OBEJUNA
1,01 Andalucía,14,Córdoba,14030,FUENTE PALMERA
1,01 Andalucía,14,Córdoba,14031,FUENTE-TÓJAR
1,01 Andalucía,14,Córdoba,14032,GRANJUELA (LA)
1,01 Andalucía,14,Córdoba,14033,GUADALCÁZAR
1,01 Andalucía,14,Córdoba,14902,GUIJARROSA (LA)
1,01 Andalucía,14,Córdoba,14034,GUIJO (EL)
1,01 Andalucía,14,Córdoba,14035,HINOJOSA DEL DUQUE
1,01 Andalucía,14,Córdoba,14036,HORNACHUELOS
1,01 Andalucía,14,Córdoba,14037,IZNÁJAR
1,01 Andalucía,14,Córdoba,14038,LUCENA
1,01 Andalucía,14,Córdoba,14039,LUQUE
1,01 Andalucía,14,Córdoba,14040,MONTALBÁN DE CÓRDOBA
1,01 Andalucía,14,Córdoba,14041,MONTEMAYOR
1,01 Andalucía,14,Córdoba,14042,MONTILLA
1,01 Andalucía,14,Córdoba,14043,MONTORO
1,01 Andalucía,14,Córdoba,14044,MONTURQUE
1,01 Andalucía,14,Córdoba,14045,MORILES
1,01 Andalucía,14,Córdoba,14046,NUEVA CARTEYA
1,01 Andalucía,14,Córdoba,14047,OBEJO
1,01 Andalucía,14,Córdoba,14048,PALENCIANA
1,01 Andalucía,14,Córdoba,14049,PALMA DEL RÍO
1,01 Andalucía,14,Córdoba,14050,PEDRO ABAD
1,01 Andalucía,14,Córdoba,14051,PEDROCHE
1,01 Andalucía,14,Córdoba,14052,PEÑARROYA-PUEBLONUEVO
1,01 Andalucía,14,Córdoba,14053,POSADAS
1,01 Andalucía,14,Córdoba,14054,POZOBLANCO
1,01 Andalucía,14,Córdoba,14055,PRIEGO DE CÓRDOBA
1,01 Andalucía,14,Córdoba,14056,PUENTE GENIL
1,01 Andalucía,14,Córdoba,14057,RAMBLA (LA)
1,01 Andalucía,14,Córdoba,14058,RUTE
1,01 Andalucía,14,Córdoba,14059,SAN SEBASTIÁN DE LOS BALLESTEROS
1,01 Andalucía,14,Córdoba,14061,SANTA EUFEMIA
1,01 Andalucía,14,Córdoba,14060,SANTAELLA
1,01 Andalucía,14,Córdoba,14062,TORRECAMPO
1,01 Andalucía,14,Córdoba,14063,VALENZUELA
1,01 Andalucía,14,Córdoba,14064,VALSEQUILLO
1,01 Andalucía,14,Córdoba,14065,VICTORIA (LA)
1,01 Andalucía,14,Córdoba,14066,VILLA DEL RÍO
1,01 Andalucía,14,Córdoba,14067,VILLAFRANCA DE CÓRDOBA
1,01 Andalucía,14,Córdoba,14068,VILLAHARTA
1,01 Andalucía,14,Córdoba,14069,VILLANUEVA DE CÓRDOBA
1,01 Andalucía,14,Córdoba,14070,VILLANUEVA DEL DUQUE
1,01 Andalucía,14,Córdoba,14071,VILLANUEVA DEL REY
1,01 Andalucía,14,Córdoba,14072,VILLARALTO
1,01 Andalucía,14,Córdoba,14073,VILLAVICIOSA DE CÓRDOBA
1,01 Andalucía,14,Córdoba,14074,VISO (EL)
1,01 Andalucía,14,Córdoba,14075,ZUHEROS
1,01 Andalucía,18,Granada,18001,AGRÓN
1,01 Andalucía,18,Granada,18002,ALAMEDILLA
1,01 Andalucía,18,Granada,18003,ALBOLOTE
1,01 Andalucía,18,Granada,18004,ALBONDÓN
1,01 Andalucía,18,Granada,18005,ALBUÑÁN
1,01 Andalucía,18,Granada,18006,ALBUÑOL
1,01 Andalucía,18,Granada,18007,ALBUÑUELAS
1,01 Andalucía,18,Granada,18010,ALDEIRE
1,01 Andalucía,18,Granada,18011,ALFACAR
1,01 Andalucía,18,Granada,18012,ALGARINEJO
1,01 Andalucía,18,Granada,18013,ALHAMA DE GRANADA
1,01 Andalucía,18,Granada,18014,ALHENDÍN
1,01 Andalucía,18,Granada,18015,ALICÚN DE ORTEGA
1,01 Andalucía,18,Granada,18016,ALMEGÍJAR
1,01 Andalucía,18,Granada,18017,ALMUÑÉCAR
1,01 Andalucía,18,Granada,18904,ALPUJARRA DE LA SIERRA
1,01 Andalucía,18,Granada,18018,ALQUIFE
1,01 Andalucía,18,Granada,18020,ARENAS DEL REY
1,01 Andalucía,18,Granada,18021,ARMILLA
1,01 Andalucía,18,Granada,18022,ATARFE
1,01 Andalucía,18,Granada,18023,BAZA
1,01 Andalucía,18,Granada,18024,BEAS DE GRANADA
1,01 Andalucía,18,Granada,18025,BEAS DE GUADIX
1,01 Andalucía,18,Granada,18027,BENALÚA
1,01 Andalucía,18,Granada,18028,BENALÚA DE LAS VILLAS
1,01 Andalucía,18,Granada,18029,BENAMAUREL
1,01 Andalucía,18,Granada,18030,BÉRCHULES
1,01 Andalucía,18,Granada,18032,BUBIÓN
1,01 Andalucía,18,Granada,18033,BUSQUÍSTAR
1,01 Andalucía,18,Granada,18034,CACÍN
1,01 Andalucía,18,Granada,18035,CÁDIAR
1,01 Andalucía,18,Granada,18036,CÁJAR
1,01 Andalucía,18,Granada,18114,CALAHORRA (LA)
1,01 Andalucía,18,Granada,18037,CALICASAS
1,01 Andalucía,18,Granada,18038,CAMPOTÉJAR
1,01 Andalucía,18,Granada,18039,CANILES
1,01 Andalucía,18,Granada,18040,CÁÑAR
1,01 Andalucía,18,Granada,18042,CAPILEIRA
1,01 Andalucía,18,Granada,18043,CARATAUNAS
1,01 Andalucía,18,Granada,18044,CÁSTARAS
1,01 Andalucía,18,Granada,18045,CASTILLÉJAR
1,01 Andalucía,18,Granada,18046,CASTRIL
1,01 Andalucía,18,Granada,18047,CENES DE LA VEGA
1,01 Andalucía,18,Granada,18059,CHAUCHINA
1,01 Andalucía,18,Granada,18061,CHIMENEAS
1,01 Andalucía,18,Granada,18062,CHURRIANA DE LA VEGA
1,01 Andalucía,18,Granada,18048,CIJUELA
1,01 Andalucía,18,Granada,18049,COGOLLOS DE GUADIX
1,01 Andalucía,18,Granada,18050,COGOLLOS DE LA VEGA
1,01 Andalucía,18,Granada,18051,COLOMERA
1,01 Andalucía,18,Granada,18053,CORTES DE BAZA
1,01 Andalucía,18,Granada,18054,CORTES Y GRAENA
1,01 Andalucía,18,Granada,18912,CUEVAS DEL CAMPO
1,01 Andalucía,18,Granada,18056,CÚLLAR
1,01 Andalucía,18,Granada,18057,CÚLLAR VEGA
1,01 Andalucía,18,Granada,18063,DARRO
1,01 Andalucía,18,Granada,18064,DEHESAS DE GUADIX
1,01 Andalucía,18,Granada,18065,DEHESAS VIEJAS
1,01 Andalucía,18,Granada,18066,DEIFONTES
1,01 Andalucía,18,Granada,18067,DIEZMA
1,01 Andalucía,18,Granada,18068,DÍLAR
1,01 Andalucía,18,Granada,18069,DÓLAR
1,01 Andalucía,18,Granada,18915,DOMINGO PÉREZ DE GRANADA
1,01 Andalucía,18,Granada,18070,DÚDAR
1,01 Andalucía,18,Granada,18071,DÚRCAL
1,01 Andalucía,18,Granada,18072,ESCÚZAR
1,01 Andalucía,18,Granada,18074,FERREIRA
1,01 Andalucía,18,Granada,18076,FONELAS
1,01 Andalucía,18,Granada,18077,FORNES
1,01 Andalucía,18,Granada,18078,FREILA
1,01 Andalucía,18,Granada,18079,FUENTE VAQUEROS
1,01 Andalucía,18,Granada,18905,GABIAS (LAS)
1,01 Andalucía,18,Granada,18082,GALERA
1,01 Andalucía,18,Granada,18083,GOBERNADOR
1,01 Andalucía,18,Granada,18084,GÓJAR
1,01 Andalucía,18,Granada,18085,GOR
1,01 Andalucía,18,Granada,18086,GORAFE
1,01 Andalucía,18,Granada,18087,GRANADA
1,01 Andalucía,18,Granada,18088,GUADAHORTUNA
1,01 Andalucía,18,Granada,18089,GUADIX
1,01 Andalucía,18,Granada,18906,GUÁJARES (LOS)
1,01 Andalucía,18,Granada,18093,GUALCHOS
1,01 Andalucía,18,Granada,18094,GÜÉJAR SIERRA
1,01 Andalucía,18,Granada,18095,GÜEVÉJAR
1,01 Andalucía,18,Granada,18096,HUÉLAGO
1,01 Andalucía,18,Granada,18097,HUÉNEJA
1,01 Andalucía,18,Granada,18098,HUÉSCAR
1,01 Andalucía,18,Granada,18099,HUÉTOR DE SANTILLÁN
1,01 Andalucía,18,Granada,18100,HUÉTOR TÁJAR
1,01 Andalucía,18,Granada,18101,HUÉTOR VEGA
1,01 Andalucía,18,Granada,18102,ÍLLORA
1,01 Andalucía,18,Granada,18103,ÍTRABO
1,01 Andalucía,18,Granada,18105,IZNALLOZ
1,01 Andalucía,18,Granada,18106,JÁTAR
1,01 Andalucía,18,Granada,18107,JAYENA
1,01 Andalucía,18,Granada,18108,JÉREZ DEL MARQUESADO
1,01 Andalucía,18,Granada,18109,JETE
1,01 Andalucía,18,Granada,18111,JUN
1,01 Andalucía,18,Granada,18112,JUVILES
1,01 Andalucía,18,Granada,18115,LÁCHAR
1,01 Andalucía,18,Granada,18116,LANJARÓN
1,01 Andalucía,18,Granada,18117,LANTEIRA
1,01 Andalucía,18,Granada,18119,LECRÍN
1,01 Andalucía,18,Granada,18120,LENTEGÍ
1,01 Andalucía,18,Granada,18121,LOBRAS
1,01 Andalucía,18,Granada,18122,LOJA
1,01 Andalucía,18,Granada,18123,LUGROS
1,01 Andalucía,18,Granada,18124,LÚJAR
1,01 Andalucía,18,Granada,18126,MALAHÁ (LA)
1,01 Andalucía,18,Granada,18127,MARACENA
1,01 Andalucía,18,Granada,18128,MARCHAL
1,01 Andalucía,18,Granada,18132,MOCLÍN
1,01 Andalucía,18,Granada,18133,MOLVÍZAR
1,01 Andalucía,18,Granada,18134,MONACHIL
1,01 Andalucía,18,Granada,18135,MONTEFRÍO
1,01 Andalucía,18,Granada,18136,MONTEJÍCAR
1,01 Andalucía,18,Granada,18137,MONTILLANA
1,01 Andalucía,18,Granada,18138,MORALEDA DE ZAFAYONA
1,01 Andalucía,18,Granada,18909,MORELÁBOR
1,01 Andalucía,18,Granada,18140,MOTRIL
1,01 Andalucía,18,Granada,18141,MURTAS
1,01 Andalucía,18,Granada,18903,NEVADA
1,01 Andalucía,18,Granada,18143,NIGÜELAS
1,01 Andalucía,18,Granada,18144,NÍVAR
1,01 Andalucía,18,Granada,18145,OGÍJARES
1,01 Andalucía,18,Granada,18146,ORCE
1,01 Andalucía,18,Granada,18147,ÓRGIVA
1,01 Andalucía,18,Granada,18148,OTÍVAR
1,01 Andalucía,18,Granada,18150,PADUL
1,01 Andalucía,18,Granada,18151,PAMPANEIRA
1,01 Andalucía,18,Granada,18152,PEDRO MARTÍNEZ
1,01 Andalucía,18,Granada,18153,PELIGROS
1,01 Andalucía,18,Granada,18154,PEZA (LA)
1,01 Andalucía,18,Granada,18910,PINAR (EL)
1,01 Andalucía,18,Granada,18157,PINOS GENIL
1,01 Andalucía,18,Granada,18158,PINOS PUENTE
1,01 Andalucía,18,Granada,18159,PÍÑAR
1,01 Andalucía,18,Granada,18161,POLÍCAR
1,01 Andalucía,18,Granada,18162,POLOPOS
1,01 Andalucía,18,Granada,18163,PÓRTUGOS
1,01 Andalucía,18,Granada,18164,PUEBLA DE DON FADRIQUE
1,01 Andalucía,18,Granada,18165,PULIANAS
1,01 Andalucía,18,Granada,18167,PURULLENA
1,01 Andalucía,18,Granada,18168,QUÉNTAR
1,01 Andalucía,18,Granada,18170,RUBITE
1,01 Andalucía,18,Granada,18171,SALAR
1,01 Andalucía,18,Granada,18173,SALOBREÑA
1,01 Andalucía,18,Granada,18174,SANTA CRUZ DEL COMERCIO
1,01 Andalucía,18,Granada,18175,SANTA FE
1,01 Andalucía,18,Granada,18176,SOPORTÚJAR
1,01 Andalucía,18,Granada,18177,SORVILÁN
1,01 Andalucía,18,Granada,18901,TAHA (LA)
1,01 Andalucía,18,Granada,18178,TORRE-CARDELA
1,01 Andalucía,18,Granada,18916,TORRENUEVA COSTA
1,01 Andalucía,18,Granada,18179,TORVIZCÓN
1,01 Andalucía,18,Granada,18180,TREVÉLEZ
1,01 Andalucía,18,Granada,18181,TURÓN
1,01 Andalucía,18,Granada,18182,UGÍJAR
1,01 Andalucía,18,Granada,18914,VALDERRUBIO
1,01 Andalucía,18,Granada,18907,VALLE DEL ZALABÍ
1,01 Andalucía,18,Granada,18902,VALLE (EL)
1,01 Andalucía,18,Granada,18183,VÁLOR
1,01 Andalucía,18,Granada,18911,VEGAS DEL GENIL
1,01 Andalucía,18,Granada,18184,VÉLEZ DE BENAUDALLA
1,01 Andalucía,18,Granada,18185,VENTAS DE HUELMA
1,01 Andalucía,18,Granada,18149,VILLA DE OTURA
1,01 Andalucía,18,Granada,18908,VILLAMENA
1,01 Andalucía,18,Granada,18187,VILLANUEVA DE LAS TORRES
1,01 Andalucía,18,Granada,18188,VILLANUEVA MESÍA
1,01 Andalucía,18,Granada,18189,VÍZNAR
1,01 Andalucía,18,Granada,18192,ZAFARRAYA
1,01 Andalucía,18,Granada,18913,ZAGRA
1,01 Andalucía,18,Granada,18193,ZUBIA (LA)
1,01 Andalucía,18,Granada,18194,ZÚJAR
1,01 Andalucía,21,Huelva,21001,ALÁJAR
1,01 Andalucía,21,Huelva,21002,ALJARAQUE
1,01 Andalucía,21,Huelva,21003,ALMENDRO (EL)
1,01 Andalucía,21,Huelva,21004,ALMONASTER LA REAL
1,01 Andalucía,21,Huelva,21005,ALMONTE
1,01 Andalucía,21,Huelva,21006,ALOSNO
1,01 Andalucía,21,Huelva,21007,ARACENA
1,01 Andalucía,21,Huelva,21008,AROCHE
1,01 Andalucía,21,Huelva,21009,ARROYOMOLINOS DE LEÓN
1,01 Andalucía,21,Huelva,21010,AYAMONTE
1,01 Andalucía,21,Huelva,21011,BEAS
1,01 Andalucía,21,Huelva,21012,BERROCAL
1,01 Andalucía,21,Huelva,21013,BOLLULLOS PAR DEL CONDADO
1,01 Andalucía,21,Huelva,21014,BONARES
1,01 Andalucía,21,Huelva,21015,CABEZAS RUBIAS
1,01 Andalucía,21,Huelva,21016,CALA
1,01 Andalucía,21,Huelva,21017,CALAÑAS
1,01 Andalucía,21,Huelva,21018,CAMPILLO (EL)
1,01 Andalucía,21,Huelva,21019,CAMPOFRÍO
1,01 Andalucía,21,Huelva,21020,CAÑAVERAL DE LEÓN
1,01 Andalucía,21,Huelva,21021,CARTAYA
1,01 Andalucía,21,Huelva,21022,CASTAÑO DEL ROBLEDO
1,01 Andalucía,21,Huelva,21023,CERRO DE ANDÉVALO (EL)
1,01 Andalucía,21,Huelva,21030,CHUCENA
1,01 Andalucía,21,Huelva,21024,CORTECONCEPCIÓN
1,01 Andalucía,21,Huelva,21025,CORTEGANA
1,01 Andalucía,21,Huelva,21026,CORTELAZOR
1,01 Andalucía,21,Huelva,21027,CUMBRES DE ENMEDIO
1,01 Andalucía,21,Huelva,21028,CUMBRES DE SAN BARTOLOMÉ
1,01 Andalucía,21,Huelva,21029,CUMBRES MAYORES
1,01 Andalucía,21,Huelva,21031,ENCINASOLA
1,01 Andalucía,21,Huelva,21032,ESCACENA DEL CAMPO
1,01 Andalucía,21,Huelva,21033,FUENTEHERIDOS
1,01 Andalucía,21,Huelva,21034,GALAROZA
1,01 Andalucía,21,Huelva,21035,GIBRALEÓN
1,01 Andalucía,21,Huelva,21036,GRANADA DE RÍO-TINTO (LA)
1,01 Andalucía,21,Huelva,21037,GRANADO (EL)
1,01 Andalucía,21,Huelva,21038,HIGUERA DE LA SIERRA
1,01 Andalucía,21,Huelva,21039,HINOJALES
1,01 Andalucía,21,Huelva,21040,HINOJOS
1,01 Andalucía,21,Huelva,21041,HUELVA
1,01 Andalucía,21,Huelva,21042,ISLA CRISTINA
1,01 Andalucía,21,Huelva,21043,JABUGO
1,01 Andalucía,21,Huelva,21044,LEPE
1,01 Andalucía,21,Huelva,21045,LINARES DE LA SIERRA
1,01 Andalucía,21,Huelva,21046,LUCENA DEL PUERTO
1,01 Andalucía,21,Huelva,21047,MANZANILLA
1,01 Andalucía,21,Huelva,21048,MARINES (LOS)
1,01 Andalucía,21,Huelva,21049,MINAS DE RIOTINTO
1,01 Andalucía,21,Huelva,21050,MOGUER
1,01 Andalucía,21,Huelva,21051,NAVA (LA)
1,01 Andalucía,21,Huelva,21052,NERVA
1,01 Andalucía,21,Huelva,21053,NIEBLA
1,01 Andalucía,21,Huelva,21054,PALMA DEL CONDADO (LA)
1,01 Andalucía,21,Huelva,21055,PALOS DE LA FRONTERA
1,01 Andalucía,21,Huelva,21056,PATERNA DEL CAMPO
1,01 Andalucía,21,Huelva,21057,PAYMOGO
1,01 Andalucía,21,Huelva,21058,PUEBLA DE GUZMÁN
1,01 Andalucía,21,Huelva,21059,PUERTO MORAL
1,01 Andalucía,21,Huelva,21060,PUNTA UMBRÍA
1,01 Andalucía,21,Huelva,21061,ROCIANA DEL CONDADO
1,01 Andalucía,21,Huelva,21062,ROSAL DE LA FRONTERA
1,01 Andalucía,21,Huelva,21063,SAN BARTOLOMÉ DE LA TORRE
1,01 Andalucía,21,Huelva,21064,SAN JUAN DEL PUERTO
1,01 Andalucía,21,Huelva,21066,SAN SILVESTRE DE GUZMÁN
1,01 Andalucía,21,Huelva,21065,SANLÚCAR DE GUADIANA
1,01 Andalucía,21,Huelva,21067,SANTA ANA LA REAL
1,01 Andalucía,21,Huelva,21068,SANTA BÁRBARA DE CASA
1,01 Andalucía,21,Huelva,21069,SANTA OLALLA DEL CALA
1,01 Andalucía,21,Huelva,21070,TRIGUEROS
1,01 Andalucía,21,Huelva,21071,VALDELARCO
1,01 Andalucía,21,Huelva,21072,VALVERDE DEL CAMINO
1,01 Andalucía,21,Huelva,21073,VILLABLANCA
1,01 Andalucía,21,Huelva,21074,VILLALBA DEL ALCOR
1,01 Andalucía,21,Huelva,21075,VILLANUEVA DE LAS CRUCES
1,01 Andalucía,21,Huelva,21076,VILLANUEVA DE LOS CASTILLEJOS
1,01 Andalucía,21,Huelva,21077,VILLARRASA
1,01 Andalucía,21,Huelva,21078,ZALAMEA LA REAL
1,01 Andalucía,21,Huelva,21902,ZARZA-PERRUNAL (LA)
1,01 Andalucía,21,Huelva,21079,ZUFRE
1,01 Andalucía,23,Jaén,23001,ALBANCHEZ DE MÁGINA
1,01 Andalucía,23,Jaén,23002,ALCALÁ LA REAL
1,01 Andalucía,23,Jaén,23003,ALCAUDETE
1,01 Andalucía,23,Jaén,23004,ALDEAQUEMADA
1,01 Andalucía,23,Jaén,23005,ANDÚJAR
1,01 Andalucía,23,Jaén,23006,ARJONA
1,01 Andalucía,23,Jaén,23007,ARJONILLA
1,01 Andalucía,23,Jaén,23008,ARQUILLOS
1,01 Andalucía,23,Jaén,23905,ARROYO DEL OJANCO
1,01 Andalucía,23,Jaén,23009,BAEZA
1,01 Andalucía,23,Jaén,23010,BAILÉN
1,01 Andalucía,23,Jaén,23011,BAÑOS DE LA ENCINA
1,01 Andalucía,23,Jaén,23012,BEAS DE SEGURA
1,01 Andalucía,23,Jaén,23902,BEDMAR Y GARCÍEZ
1,01 Andalucía,23,Jaén,23014,BEGÍJAR
1,01 Andalucía,23,Jaén,23015,BÉLMEZ DE LA MORALEDA
1,01 Andalucía,23,Jaén,23016,BENATAE
1,01 Andalucía,23,Jaén,23017,CABRA DEL SANTO CRISTO
1,01 Andalucía,23,Jaén,23018,CAMBIL
1,01 Andalucía,23,Jaén,23019,CAMPILLO DE ARENAS
1,01 Andalucía,23,Jaén,23020,CANENA
1,01 Andalucía,23,Jaén,23021,CARBONEROS
1,01 Andalucía,23,Jaén,23901,CÁRCHELES
1,01 Andalucía,23,Jaén,23024,CAROLINA (LA)
1,01 Andalucía,23,Jaén,23025,CASTELLAR
1,01 Andalucía,23,Jaén,23026,CASTILLO DE LOCUBÍN
1,01 Andalucía,23,Jaén,23027,CAZALILLA
1,01 Andalucía,23,Jaén,23028,CAZORLA
1,01 Andalucía,23,Jaén,23029,CHICLANA DE SEGURA
1,01 Andalucía,23,Jaén,23030,CHILLUÉVAR
1,01 Andalucía,23,Jaén,23031,ESCAÑUELA
1,01 Andalucía,23,Jaén,23032,ESPELUY
1,01 Andalucía,23,Jaén,23033,FRAILES
1,01 Andalucía,23,Jaén,23034,FUENSANTA DE MARTOS
1,01 Andalucía,23,Jaén,23035,FUERTE DEL REY
1,01 Andalucía,23,Jaén,23037,GÉNAVE
1,01 Andalucía,23,Jaén,23038,GUARDIA DE JAÉN (LA)
1,01 Andalucía,23,Jaén,23039,GUARROMÁN
1,01 Andalucía,23,Jaén,23041,HIGUERA DE CALATRAVA
1,01 Andalucía,23,Jaén,23042,HINOJARES
1,01 Andalucía,23,Jaén,23043,HORNOS
1,01 Andalucía,23,Jaén,23044,HUELMA
1,01 Andalucía,23,Jaén,23045,HUESA
1,01 Andalucía,23,Jaén,23046,IBROS
1,01 Andalucía,23,Jaén,23047,IRUELA (LA)
1,01 Andalucía,23,Jaén,23048,IZNATORAF
1,01 Andalucía,23,Jaén,23049,JABALQUINTO
1,01 Andalucía,23,Jaén,23050,JAÉN
1,01 Andalucía,23,Jaén,23051,JAMILENA
1,01 Andalucía,23,Jaén,23052,JIMENA
1,01 Andalucía,23,Jaén,23053,JÓDAR
1,01 Andalucía,23,Jaén,23040,LAHIGUERA
1,01 Andalucía,23,Jaén,23054,LARVA
1,01 Andalucía,23,Jaén,23055,LINARES
1,01 Andalucía,23,Jaén,23056,LOPERA
1,01 Andalucía,23,Jaén,23057,LUPIÓN
1,01 Andalucía,23,Jaén,23058,MANCHA REAL
1,01 Andalucía,23,Jaén,23059,MARMOLEJO
1,01 Andalucía,23,Jaén,23060,MARTOS
1,01 Andalucía,23,Jaén,23061,MENGÍBAR
1,01 Andalucía,23,Jaén,23062,MONTIZÓN
1,01 Andalucía,23,Jaén,23063,NAVAS DE SAN JUAN
1,01 Andalucía,23,Jaén,23064,NOALEJO
1,01 Andalucía,23,Jaén,23065,ORCERA
1,01 Andalucía,23,Jaén,23066,PEAL DE BECERRO
1,01 Andalucía,23,Jaén,23067,PEGALAJAR
1,01 Andalucía,23,Jaén,23069,PORCUNA
1,01 Andalucía,23,Jaén,23070,POZO ALCÓN
1,01 Andalucía,23,Jaén,23071,PUENTE DE GÉNAVE
1,01 Andalucía,23,Jaén,23072,PUERTA DE SEGURA (LA)
1,01 Andalucía,23,Jaén,23073,QUESADA
1,01 Andalucía,23,Jaén,23074,RUS
1,01 Andalucía,23,Jaén,23075,SABIOTE
1,01 Andalucía,23,Jaén,23076,SANTA ELENA
1,01 Andalucía,23,Jaén,23077,SANTIAGO DE CALATRAVA
1,01 Andalucía,23,Jaén,23904,SANTIAGO-PONTONES
1,01 Andalucía,23,Jaén,23079,SANTISTEBAN DEL PUERTO
1,01 Andalucía,23,Jaén,23080,SANTO TOMÉ
1,01 Andalucía,23,Jaén,23081,SEGURA DE LA SIERRA
1,01 Andalucía,23,Jaén,23082,SILES
1,01 Andalucía,23,Jaén,23084,SORIHUELA DEL GUADALIMAR
1,01 Andalucía,23,Jaén,23085,TORREBLASCOPEDRO
1,01 Andalucía,23,Jaén,23086,TORREDELCAMPO
1,01 Andalucía,23,Jaén,23087,TORREDONJIMENO
1,01 Andalucía,23,Jaén,23088,TORREPEROGIL
1,01 Andalucía,23,Jaén,23090,TORRES
1,01 Andalucía,23,Jaén,23091,TORRES DE ALBÁNCHEZ
1,01 Andalucía,23,Jaén,23092,ÚBEDA
1,01 Andalucía,23,Jaén,23093,VALDEPEÑAS DE JAÉN
1,01 Andalucía,23,Jaén,23094,VILCHES
1,01 Andalucía,23,Jaén,23095,VILLACARRILLO
1,01 Andalucía,23,Jaén,23096,VILLANUEVA DE LA REINA
1,01 Andalucía,23,Jaén,23097,VILLANUEVA DEL ARZOBISPO
1,01 Andalucía,23,Jaén,23098,VILLARDOMPARDO
1,01 Andalucía,23,Jaén,23099,VILLARES (LOS)
1,01 Andalucía,23,Jaén,23101,VILLARRODRIGO
1,01 Andalucía,23,Jaén,23903,VILLATORRES
1,01 Andalucía,29,Málaga,29001,ALAMEDA
1,01 Andalucía,29,Málaga,29002,ALCAUCÍN
1,01 Andalucía,29,Málaga,29003,ALFARNATE
1,01 Andalucía,29,Málaga,29004,ALFARNATEJO
1,01 Andalucía,29,Málaga,29005,ALGARROBO
1,01 Andalucía,29,Málaga,29006,ALGATOCÍN
1,01 Andalucía,29,Málaga,29007,ALHAURÍN DE LA TORRE
1,01 Andalucía,29,Málaga,29008,ALHAURÍN EL GRANDE
1,01 Andalucía,29,Málaga,29009,ALMÁCHAR
1,01 Andalucía,29,Málaga,29010,ALMARGEN
1,01 Andalucía,29,Málaga,29011,ALMOGÍA
1,01 Andalucía,29,Málaga,29012,ÁLORA
1,01 Andalucía,29,Málaga,29013,ALOZAINA
1,01 Andalucía,29,Málaga,29014,ALPANDEIRE
1,01 Andalucía,29,Málaga,29015,ANTEQUERA
1,01 Andalucía,29,Málaga,29016,ÁRCHEZ
1,01 Andalucía,29,Málaga,29017,ARCHIDONA
1,01 Andalucía,29,Málaga,29018,ARDALES
1,01 Andalucía,29,Málaga,29019,ARENAS
1,01 Andalucía,29,Málaga,29020,ARRIATE
1,01 Andalucía,29,Málaga,29021,ATAJATE
1,01 Andalucía,29,Málaga,29022,BENADALID
1,01 Andalucía,29,Málaga,29023,BENAHAVÍS
1,01 Andalucía,29,Málaga,29024,BENALAURÍA
1,01 Andalucía,29,Málaga,29025,BENALMÁDENA
1,01 Andalucía,29,Málaga,29026,BENAMARGOSA
1,01 Andalucía,29,Málaga,29027,BENAMOCARRA
1,01 Andalucía,29,Málaga,29028,BENAOJÁN
1,01 Andalucía,29,Málaga,29029,BENARRABÁ
1,01 Andalucía,29,Málaga,29030,BORGE (EL)
1,01 Andalucía,29,Málaga,29031,BURGO (EL)
1,01 Andalucía,29,Málaga,29032,CAMPILLOS
1,01 Andalucía,29,Málaga,29033,CANILLAS DE ACEITUNO
1,01 Andalucía,29,Málaga,29034,CANILLAS DE ALBAIDA
1,01 Andalucía,29,Málaga,29035,CAÑETE LA REAL
1,01 Andalucía,29,Málaga,29036,CARRATRACA
1,01 Andalucía,29,Málaga,29037,CARTAJIMA
1,01 Andalucía,29,Málaga,29038,CÁRTAMA
1,01 Andalucía,29,Málaga,29039,CASABERMEJA
1,01 Andalucía,29,Málaga,29040,CASARABONELA
1,01 Andalucía,29,Málaga,29041,CASARES
1,01 Andalucía,29,Málaga,29042,COÍN
1,01 Andalucía,29,Málaga,29043,COLMENAR
1,01 Andalucía,29,Málaga,29044,COMARES
1,01 Andalucía,29,Málaga,29045,CÓMPETA
1,01 Andalucía,29,Málaga,29046,CORTES DE LA FRONTERA
1,01 Andalucía,29,Málaga,29047,CUEVAS BAJAS
1,01 Andalucía,29,Málaga,29049,CUEVAS DE SAN MARCOS
1,01 Andalucía,29,Málaga,29048,CUEVAS DEL BECERRO
1,01 Andalucía,29,Málaga,29050,CÚTAR
1,01 Andalucía,29,Málaga,29051,ESTEPONA
1,01 Andalucía,29,Málaga,29052,FARAJÁN
1,01 Andalucía,29,Málaga,29053,FRIGILIANA
1,01 Andalucía,29,Málaga,29054,FUENGIROLA
1,01 Andalucía,29,Málaga,29055,FUENTE DE PIEDRA
1,01 Andalucía,29,Málaga,29056,GAUCÍN
1,01 Andalucía,29,Málaga,29057,GENALGUACIL
1,01 Andalucía,29,Málaga,29058,GUARO
1,01 Andalucía,29,Málaga,29059,HUMILLADERO
1,01 Andalucía,29,Málaga,29060,IGUALEJA
1,01 Andalucía,29,Málaga,29061,ISTÁN
1,01 Andalucía,29,Málaga,29062,IZNATE
1,01 Andalucía,29,Málaga,29063,JIMERA DE LÍBAR
1,01 Andalucía,29,Málaga,29064,JUBRIQUE
1,01 Andalucía,29,Málaga,29065,JÚZCAR
1,01 Andalucía,29,Málaga,29066,MACHARAVIAYA
1,01 Andalucía,29,Málaga,29067,MÁLAGA
1,01 Andalucía,29,Málaga,29068,MANILVA
1,01 Andalucía,29,Málaga,29069,MARBELLA
1,01 Andalucía,29,Málaga,29070,MIJAS
1,01 Andalucía,29,Málaga,29071,MOCLINEJO
1,01 Andalucía,29,Málaga,29072,MOLLINA
1,01 Andalucía,29,Málaga,29073,MONDA
1,01 Andalucía,29,Málaga,29903,MONTECORTO
1,01 Andalucía,29,Málaga,29074,MONTEJAQUE
1,01 Andalucía,29,Málaga,29075,NERJA
1,01 Andalucía,29,Málaga,29076,OJÉN
1,01 Andalucía,29,Málaga,29077,PARAUTA
1,01 Andalucía,29,Málaga,29079,PERIANA
1,01 Andalucía,29,Málaga,29080,PIZARRA
1,01 Andalucía,29,Málaga,29081,PUJERRA
1,01 Andalucía,29,Málaga,29082,RINCÓN DE LA VICTORIA
1,01 Andalucía,29,Málaga,29083,RIOGORDO
1,01 Andalucía,29,Málaga,29084,RONDA
1,01 Andalucía,29,Málaga,29085,SALARES
1,01 Andalucía,29,Málaga,29086,SAYALONGA
1,01 Andalucía,29,Málaga,29087,SEDELLA
1,01 Andalucía,29,Málaga,29904,SERRATO
1,01 Andalucía,29,Málaga,29088,SIERRA DE YEGUAS
1,01 Andalucía,29,Málaga,29089,TEBA
1,01 Andalucía,29,Málaga,29090,TOLOX
1,01 Andalucía,29,Málaga,29901,TORREMOLINOS
1,01 Andalucía,29,Málaga,29091,TORROX
1,01 Andalucía,29,Málaga,29092,TOTALÁN
1,01 Andalucía,29,Málaga,29093,VALLE DE ABDALAJÍS
1,01 Andalucía,29,Málaga,29094,VÉLEZ-MÁLAGA
1,01 Andalucía,29,Málaga,29095,VILLANUEVA DE ALGAIDAS
1,01 Andalucía,29,Málaga,29902,VILLANUEVA DE LA CONCEPCIÓN
1,01 Andalucía,29,Málaga,29098,VILLANUEVA DE TAPIA
1,01 Andalucía,29,Málaga,29096,VILLANUEVA DEL ROSARIO
1,01 Andalucía,29,Málaga,29097,VILLANUEVA DEL TRABUCO
1,01 Andalucía,29,Málaga,29099,VIÑUELA
1,01 Andalucía,29,Málaga,29100,YUNQUERA
1,01 Andalucía,41,Sevilla,41001,AGUADULCE
1,01 Andalucía,41,Sevilla,41002,ALANÍS
1,01 Andalucía,41,Sevilla,41003,ALBAIDA DEL ALJARAFE
1,01 Andalucía,41,Sevilla,41004,ALCALÁ DE GUADAÍRA
1,01 Andalucía,41,Sevilla,41005,ALCALÁ DEL RÍO
1,01 Andalucía,41,Sevilla,41006,ALCOLEA DEL RÍO
1,01 Andalucía,41,Sevilla,41007,ALGABA (LA)
1,01 Andalucía,41,Sevilla,41008,ALGÁMITAS
1,01 Andalucía,41,Sevilla,41009,ALMADÉN DE LA PLATA
1,01 Andalucía,41,Sevilla,41010,ALMENSILLA
1,01 Andalucía,41,Sevilla,41011,ARAHAL
1,01 Andalucía,41,Sevilla,41012,AZNALCÁZAR
1,01 Andalucía,41,Sevilla,41013,AZNALCÓLLAR
1,01 Andalucía,41,Sevilla,41014,BADOLATOSA
1,01 Andalucía,41,Sevilla,41015,BENACAZÓN
1,01 Andalucía,41,Sevilla,41016,BOLLULLOS DE LA MITACIÓN
1,01 Andalucía,41,Sevilla,41017,BORMUJOS
1,01 Andalucía,41,Sevilla,41018,BRENES
1,01 Andalucía,41,Sevilla,41019,BURGUILLOS
1,01 Andalucía,41,Sevilla,41020,CABEZAS DE SAN JUAN (LAS)
1,01 Andalucía,41,Sevilla,41021,CAMAS
1,01 Andalucía,41,Sevilla,41022,CAMPANA (LA)
1,01 Andalucía,41,Sevilla,41023,CANTILLANA
1,01 Andalucía,41,Sevilla,41901,CAÑADA ROSAL
1,01 Andalucía,41,Sevilla,41024,CARMONA
1,01 Andalucía,41,Sevilla,41025,CARRIÓN DE LOS CÉSPEDES
1,01 Andalucía,41,Sevilla,41026,CASARICHE
1,01 Andalucía,41,Sevilla,41027,CASTILBLANCO DE LOS ARROYOS
1,01 Andalucía,41,Sevilla,41028,CASTILLEJA DE GUZMÁN
1,01 Andalucía,41,Sevilla,41029,CASTILLEJA DE LA CUESTA
1,01 Andalucía,41,Sevilla,41030,CASTILLEJA DEL CAMPO
1,01 Andalucía,41,Sevilla,41031,CASTILLO DE LAS GUARDAS (EL)
1,01 Andalucía,41,Sevilla,41032,CAZALLA DE LA SIERRA
1,01 Andalucía,41,Sevilla,41033,CONSTANTINA
1,01 Andalucía,41,Sevilla,41034,CORIA DEL RÍO
1,01 Andalucía,41,Sevilla,41035,CORIPE
1,01 Andalucía,41,Sevilla,41036,CORONIL (EL)
1,01 Andalucía,41,Sevilla,41037,CORRALES (LOS)
1,01 Andalucía,41,Sevilla,41903,CUERVO DE SEVILLA (EL)
1,01 Andalucía,41,Sevilla,41038,DOS HERMANAS
1,01 Andalucía,41,Sevilla,41039,ÉCIJA
1,01 Andalucía,41,Sevilla,41040,ESPARTINAS
1,01 Andalucía,41,Sevilla,41041,ESTEPA
1,01 Andalucía,41,Sevilla,41042,FUENTES DE ANDALUCÍA
1,01 Andalucía,41,Sevilla,41043,GARROBO (EL)
1,01 Andalucía,41,Sevilla,41044,GELVES
1,01 Andalucía,41,Sevilla,41045,GERENA
1,01 Andalucía,41,Sevilla,41046,GILENA
1,01 Andalucía,41,Sevilla,41047,GINES
1,01 Andalucía,41,Sevilla,41048,GUADALCANAL
1,01 Andalucía,41,Sevilla,41049,GUILLENA
1,01 Andalucía,41,Sevilla,41050,HERRERA
1,01 Andalucía,41,Sevilla,41051,HUÉVAR DEL ALJARAFE
1,01 Andalucía,41,Sevilla,41902,ISLA MAYOR
1,01 Andalucía,41,Sevilla,41052,LANTEJUELA
1,01 Andalucía,41,Sevilla,41053,LEBRIJA
1,01 Andalucía,41,Sevilla,41054,LORA DE ESTEPA
1,01 Andalucía,41,Sevilla,41055,LORA DEL RÍO
1,01 Andalucía,41,Sevilla,41056,LUISIANA (LA)
1,01 Andalucía,41,Sevilla,41057,MADROÑO (EL)
1,01 Andalucía,41,Sevilla,41058,MAIRENA DEL ALCOR
1,01 Andalucía,41,Sevilla,41059,MAIRENA DEL ALJARAFE
1,01 Andalucía,41,Sevilla,41060,MARCHENA
1,01 Andalucía,41,Sevilla,41061,MARINALEDA
1,01 Andalucía,41,Sevilla,41062,MARTÍN DE LA JARA
1,01 Andalucía,41,Sevilla,41063,MOLARES (LOS)
1,01 Andalucía,41,Sevilla,41064,MONTELLANO
1,01 Andalucía,41,Sevilla,41065,MORÓN DE LA FRONTERA
1,01 Andalucía,41,Sevilla,41066,NAVAS DE LA CONCEPCIÓN (LAS)
1,01 Andalucía,41,Sevilla,41067,OLIVARES
1,01 Andalucía,41,Sevilla,41068,OSUNA
1,01 Andalucía,41,Sevilla,41069,PALACIOS Y VILLAFRANCA (LOS)
1,01 Andalucía,41,Sevilla,41904,PALMAR DE TROYA (EL)
1,01 Andalucía,41,Sevilla,41070,PALOMARES DEL RÍO
1,01 Andalucía,41,Sevilla,41071,PARADAS
1,01 Andalucía,41,Sevilla,41072,PEDRERA
1,01 Andalucía,41,Sevilla,41073,PEDROSO (EL)
1,01 Andalucía,41,Sevilla,41074,PEÑAFLOR
1,01 Andalucía,41,Sevilla,41075,PILAS
1,01 Andalucía,41,Sevilla,41076,PRUNA
1,01 Andalucía,41,Sevilla,41077,PUEBLA DE CAZALLA (LA)
1,01 Andalucía,41,Sevilla,41078,PUEBLA DE LOS INFANTES (LA)
1,01 Andalucía,41,Sevilla,41079,PUEBLA DEL RÍO (LA)
1,01 Andalucía,41,Sevilla,41080,REAL DE LA JARA (EL)
1,01 Andalucía,41,Sevilla,41081,RINCONADA (LA)
1,01 Andalucía,41,Sevilla,41082,RODA DE ANDALUCÍA (LA)
1,01 Andalucía,41,Sevilla,41083,RONQUILLO (EL)
1,01 Andalucía,41,Sevilla,41084,RUBIO (EL)
1,01 Andalucía,41,Sevilla,41085,SALTERAS
1,01 Andalucía,41,Sevilla,41086,SAN JUAN DE AZNALFARACHE
1,01 Andalucía,41,Sevilla,41088,SAN NICOLÁS DEL PUERTO
1,01 Andalucía,41,Sevilla,41087,SANLÚCAR LA MAYOR
1,01 Andalucía,41,Sevilla,41089,SANTIPONCE
1,01 Andalucía,41,Sevilla,41090,SAUCEJO (EL)
1,01 Andalucía,41,Sevilla,41091,SEVILLA
1,01 Andalucía,41,Sevilla,41092,TOCINA
1,01 Andalucía,41,Sevilla,41093,TOMARES
1,01 Andalucía,41,Sevilla,41094,UMBRETE
1,01 Andalucía,41,Sevilla,41095,UTRERA
1,01 Andalucía,41,Sevilla,41096,VALENCINA DE LA CONCEPCIÓN
1,01 Andalucía,41,Sevilla,41097,VILLAMANRIQUE DE LA CONDESA
1,01 Andalucía,41,Sevilla,41100,VILLANUEVA DE SAN JUAN
1,01 Andalucía,41,Sevilla,41098,VILLANUEVA DEL ARISCAL
1,01 Andalucía,41,Sevilla,41099,VILLANUEVA DEL RÍO Y MINAS
1,01 Andalucía,41,Sevilla,41101,VILLAVERDE DEL RÍO
1,01 Andalucía,41,Sevilla,41102,VISO DEL ALCOR (EL)
2,02 Aragón,22,Huesca,22001,ABIEGO
2,02 Aragón,22,Huesca,22002,ABIZANDA
2,02 Aragón,22,Huesca,22003,ADAHUESCA
2,02 Aragón,22,Huesca,22004,AGÜERO
2,02 Aragón,22,Huesca,22907,AÍNSA-SOBRARBE
2,02 Aragón,22,Huesca,22006,AISA
2,02 Aragón,22,Huesca,22007,ALBALATE DE CINCA
2,02 Aragón,22,Huesca,22008,ALBALATILLO
2,02 Aragón,22,Huesca,22009,ALBELDA
2,02 Aragón,22,Huesca,22011,ALBERO ALTO
2,02 Aragón,22,Huesca,22012,ALBERO BAJO
2,02 Aragón,22,Huesca,22013,ALBERUELA DE TUBO
2,02 Aragón,22,Huesca,22014,ALCALÁ DE GURREA
2,02 Aragón,22,Huesca,22015,ALCALÁ DEL OBISPO
2,02 Aragón,22,Huesca,22016,ALCAMPELL
2,02 Aragón,22,Huesca,22017,ALCOLEA DE CINCA
2,02 Aragón,22,Huesca,22018,ALCUBIERRE
2,02 Aragón,22,Huesca,22019,ALERRE
2,02 Aragón,22,Huesca,22020,ALFÁNTEGA
2,02 Aragón,22,Huesca,22021,ALMUDÉVAR
2,02 Aragón,22,Huesca,22022,ALMUNIA DE SAN JUAN
2,02 Aragón,22,Huesca,22023,ALMUNIENTE
2,02 Aragón,22,Huesca,22024,ALQUÉZAR
2,02 Aragón,22,Huesca,22025,ALTORRICÓN
2,02 Aragón,22,Huesca,22027,ANGÜÉS
2,02 Aragón,22,Huesca,22028,ANSÓ
2,02 Aragón,22,Huesca,22029,ANTILLÓN
2,02 Aragón,22,Huesca,22032,ARAGÜÉS DEL PUERTO
2,02 Aragón,22,Huesca,22035,ARÉN
2,02 Aragón,22,Huesca,22036,ARGAVIESO
2,02 Aragón,22,Huesca,22037,ARGUIS
2,02 Aragón,22,Huesca,22039,AYERBE
2,02 Aragón,22,Huesca,22040,AZANUY-ALINS
2,02 Aragón,22,Huesca,22041,AZARA
2,02 Aragón,22,Huesca,22042,AZLOR
2,02 Aragón,22,Huesca,22043,BAÉLLS
2,02 Aragón,22,Huesca,22044,BAILO
2,02 Aragón,22,Huesca,22045,BALDELLOU
2,02 Aragón,22,Huesca,22046,BALLOBAR
2,02 Aragón,22,Huesca,22047,BANASTÁS
2,02 Aragón,22,Huesca,22048,BARBASTRO
2,02 Aragón,22,Huesca,22049,BARBUÉS
2,02 Aragón,22,Huesca,22050,BARBUÑALES
2,02 Aragón,22,Huesca,22051,BÁRCABO
2,02 Aragón,22,Huesca,22052,BELVER DE CINCA
2,02 Aragón,22,Huesca,22053,BENABARRE
2,02 Aragón,22,Huesca,22054,BENASQUE
2,02 Aragón,22,Huesca,22246,BERANUY
2,02 Aragón,22,Huesca,22055,BERBEGAL
2,02 Aragón,22,Huesca,22057,BIELSA
2,02 Aragón,22,Huesca,22058,BIERGE
2,02 Aragón,22,Huesca,22059,BIESCAS
2,02 Aragón,22,Huesca,22060,BINACED
2,02 Aragón,22,Huesca,22061,BINÉFAR
2,02 Aragón,22,Huesca,22062,BISAURRI
2,02 Aragón,22,Huesca,22063,BISCARRUÉS
2,02 Aragón,22,Huesca,22064,BLECUA Y TORRES
2,02 Aragón,22,Huesca,22066,BOLTAÑA
2,02 Aragón,22,Huesca,22067,BONANSA
2,02 Aragón,22,Huesca,22068,BORAU
2,02 Aragón,22,Huesca,22069,BROTO
2,02 Aragón,22,Huesca,22072,CALDEARENAS
2,02 Aragón,22,Huesca,22074,CAMPO
2,02 Aragón,22,Huesca,22075,CAMPORRÉLLS
2,02 Aragón,22,Huesca,22076,CANAL DE BERDÚN
2,02 Aragón,22,Huesca,22077,CANDASNOS
2,02 Aragón,22,Huesca,22078,CANFRANC
2,02 Aragón,22,Huesca,22079,CAPDESASO
2,02 Aragón,22,Huesca,22080,CAPELLA
2,02 Aragón,22,Huesca,22081,CASBAS DE HUESCA
2,02 Aragón,22,Huesca,22083,CASTEJÓN DE MONEGROS
2,02 Aragón,22,Huesca,22084,CASTEJÓN DE SOS
2,02 Aragón,22,Huesca,22082,CASTEJÓN DEL PUENTE
2,02 Aragón,22,Huesca,22085,CASTELFLORITE
2,02 Aragón,22,Huesca,22086,CASTIELLO DE JACA
2,02 Aragón,22,Huesca,22087,CASTIGALEU
2,02 Aragón,22,Huesca,22088,CASTILLAZUELO
2,02 Aragón,22,Huesca,22089,CASTILLONROY
2,02 Aragón,22,Huesca,22094,CHALAMERA
2,02 Aragón,22,Huesca,22095,CHÍA
2,02 Aragón,22,Huesca,22096,CHIMILLAS
2,02 Aragón,22,Huesca,22090,COLUNGO
2,02 Aragón,22,Huesca,22099,ESPLÚS
2,02 Aragón,22,Huesca,22102,ESTADA
2,02 Aragón,22,Huesca,22103,ESTADILLA
2,02 Aragón,22,Huesca,22105,ESTOPIÑÁN DEL CASTILLO
2,02 Aragón,22,Huesca,22106,FAGO
2,02 Aragón,22,Huesca,22107,FANLO
2,02 Aragón,22,Huesca,22109,FISCAL
2,02 Aragón,22,Huesca,22110,FONZ
2,02 Aragón,22,Huesca,22111,FORADADA DEL TOSCAR
2,02 Aragón,22,Huesca,22112,FRAGA
2,02 Aragón,22,Huesca,22113,FUEVA (LA)
2,02 Aragón,22,Huesca,22114,GISTAÍN
2,02 Aragón,22,Huesca,22115,GRADO (EL)
2,02 Aragón,22,Huesca,22116,GRAÑÉN
2,02 Aragón,22,Huesca,22117,GRAUS
2,02 Aragón,22,Huesca,22119,GURREA DE GÁLLEGO
2,02 Aragón,22,Huesca,22122,HOZ DE JACA
2,02 Aragón,22,Huesca,22908,HOZ Y COSTEAN
2,02 Aragón,22,Huesca,22124,HUERTO
2,02 Aragón,22,Huesca,22125,HUESCA
2,02 Aragón,22,Huesca,22126,IBIECA
2,02 Aragón,22,Huesca,22127,IGRIÉS
2,02 Aragón,22,Huesca,22128,ILCHE
2,02 Aragón,22,Huesca,22129,ISÁBENA
2,02 Aragón,22,Huesca,22130,JACA
2,02 Aragón,22,Huesca,22131,JASA
2,02 Aragón,22,Huesca,22133,LABUERDA
2,02 Aragón,22,Huesca,22135,LALUENGA
2,02 Aragón,22,Huesca,22136,LALUEZA
2,02 Aragón,22,Huesca,22137,LANAJA
2,02 Aragón,22,Huesca,22139,LAPERDIGUERA
2,02 Aragón,22,Huesca,22141,LASCELLAS-PONZANO
2,02 Aragón,22,Huesca,22142,LASCUARRE
2,02 Aragón,22,Huesca,22143,LASPAÚLES
2,02 Aragón,22,Huesca,22144,LASPUÑA
2,02 Aragón,22,Huesca,22149,LOARRE
2,02 Aragón,22,Huesca,22150,LOPORZANO
2,02 Aragón,22,Huesca,22151,LOSCORRALES
2,02 Aragón,22,Huesca,22905,LUPIÑÉN-ORTILLA
2,02 Aragón,22,Huesca,22155,MONESMA Y CAJIGAR
2,02 Aragón,22,Huesca,22156,MONFLORITE-LASCASAS
2,02 Aragón,22,Huesca,22157,MONTANUY
2,02 Aragón,22,Huesca,22158,MONZÓN
2,02 Aragón,22,Huesca,22160,NAVAL
2,02 Aragón,22,Huesca,22162,NOVALES
2,02 Aragón,22,Huesca,22163,NUENO
2,02 Aragón,22,Huesca,22164,OLVENA
2,02 Aragón,22,Huesca,22165,ONTIÑENA
2,02 Aragón,22,Huesca,22167,OSSO DE CINCA
2,02 Aragón,22,Huesca,22168,PALO
2,02 Aragón,22,Huesca,22170,PANTICOSA
2,02 Aragón,22,Huesca,22172,PEÑALBA
2,02 Aragón,22,Huesca,22173,PEÑAS DE RIGLOS (LAS)
2,02 Aragón,22,Huesca,22174,PERALTA DE ALCOFEA
2,02 Aragón,22,Huesca,22175,PERALTA DE CALASANZ
2,02 Aragón,22,Huesca,22176,PERALTILLA
2,02 Aragón,22,Huesca,22177,PERARRÚA
2,02 Aragón,22,Huesca,22178,PERTUSA
2,02 Aragón,22,Huesca,22181,PIRACÉS
2,02 Aragón,22,Huesca,22182,PLAN
2,02 Aragón,22,Huesca,22184,POLEÑINO
2,02 Aragón,22,Huesca,22186,POZÁN DE VERO
2,02 Aragón,22,Huesca,22187,PUEBLA DE CASTRO (LA)
2,02 Aragón,22,Huesca,22188,PUENTE DE MONTAÑANA
2,02 Aragón,22,Huesca,22902,PUENTE LA REINA DE JACA
2,02 Aragón,22,Huesca,22189,PUÉRTOLAS
2,02 Aragón,22,Huesca,22190,PUEYO DE ARAGUÁS (EL)
2,02 Aragón,22,Huesca,22193,PUEYO DE SANTA CRUZ
2,02 Aragón,22,Huesca,22195,QUICENA
2,02 Aragón,22,Huesca,22197,ROBRES
2,02 Aragón,22,Huesca,22199,SABIÑÁNIGO
2,02 Aragón,22,Huesca,22200,SAHÚN
2,02 Aragón,22,Huesca,22201,SALAS ALTAS
2,02 Aragón,22,Huesca,22202,SALAS BAJAS
2,02 Aragón,22,Huesca,22203,SALILLAS
2,02 Aragón,22,Huesca,22204,SALLENT DE GÁLLEGO
2,02 Aragón,22,Huesca,22205,SAN ESTEBAN DE LITERA
2,02 Aragón,22,Huesca,22207,SAN JUAN DE PLAN
2,02 Aragón,22,Huesca,22903,SAN MIGUEL DEL CINCA
2,02 Aragón,22,Huesca,22206,SANGARRÉN
2,02 Aragón,22,Huesca,22208,SANTA CILIA
2,02 Aragón,22,Huesca,22209,SANTA CRUZ DE LA SERÓS
2,02 Aragón,22,Huesca,22906,SANTA MARÍA DE DULCIS
2,02 Aragón,22,Huesca,22212,SANTALIESTRA Y SAN QUÍLEZ
2,02 Aragón,22,Huesca,22213,SARIÑENA
2,02 Aragón,22,Huesca,22214,SECASTILLA
2,02 Aragón,22,Huesca,22215,SEIRA
2,02 Aragón,22,Huesca,22217,SENA
2,02 Aragón,22,Huesca,22218,SENÉS DE ALCUBIERRE
2,02 Aragón,22,Huesca,22220,SESA
2,02 Aragón,22,Huesca,22221,SESUÉ
2,02 Aragón,22,Huesca,22222,SIÉTAMO
2,02 Aragón,22,Huesca,22223,SOPEIRA
2,02 Aragón,22,Huesca,22904,SOTONERA (LA)
2,02 Aragón,22,Huesca,22225,TAMARITE DE LITERA
2,02 Aragón,22,Huesca,22226,TARDIENTA
2,02 Aragón,22,Huesca,22227,TELLA-SIN
2,02 Aragón,22,Huesca,22228,TIERZ
2,02 Aragón,22,Huesca,22229,TOLVA
2,02 Aragón,22,Huesca,22230,TORLA-ORDESA
2,02 Aragón,22,Huesca,22232,TORRALBA DE ARAGÓN
2,02 Aragón,22,Huesca,22233,TORRE LA RIBERA
2,02 Aragón,22,Huesca,22234,TORRENTE DE CINCA
2,02 Aragón,22,Huesca,22235,TORRES DE ALCANADRE
2,02 Aragón,22,Huesca,22236,TORRES DE BARBUÉS
2,02 Aragón,22,Huesca,22239,TRAMACED
2,02 Aragón,22,Huesca,22242,VALFARTA
2,02 Aragón,22,Huesca,22243,VALLE DE BARDAJÍ
2,02 Aragón,22,Huesca,22901,VALLE DE HECHO
2,02 Aragón,22,Huesca,22244,VALLE DE LIERP
2,02 Aragón,22,Huesca,22245,VELILLA DE CINCA
2,02 Aragón,22,Huesca,22909,VENCILLÓN
2,02 Aragón,22,Huesca,22247,VIACAMP Y LITERA
2,02 Aragón,22,Huesca,22248,VICIÉN
2,02 Aragón,22,Huesca,22249,VILLANOVA
2,02 Aragón,22,Huesca,22250,VILLANÚA
2,02 Aragón,22,Huesca,22251,VILLANUEVA DE SIGENA
2,02 Aragón,22,Huesca,22252,YEBRA DE BASA
2,02 Aragón,22,Huesca,22253,YÉSERO
2,02 Aragón,22,Huesca,22254,ZAIDÍN
2,02 Aragón,44,Teruel,44001,ABABUJ
2,02 Aragón,44,Teruel,44002,ABEJUELA
2,02 Aragón,44,Teruel,44003,AGUATÓN
2,02 Aragón,44,Teruel,44004,AGUAVIVA
2,02 Aragón,44,Teruel,44005,AGUILAR DEL ALFAMBRA
2,02 Aragón,44,Teruel,44006,ALACÓN
2,02 Aragón,44,Teruel,44007,ALBA
2,02 Aragón,44,Teruel,44008,ALBALATE DEL ARZOBISPO
2,02 Aragón,44,Teruel,44009,ALBARRACÍN
2,02 Aragón,44,Teruel,44010,ALBENTOSA
2,02 Aragón,44,Teruel,44011,ALCAINE
2,02 Aragón,44,Teruel,44012,ALCALÁ DE LA SELVA
2,02 Aragón,44,Teruel,44013,ALCAÑIZ
2,02 Aragón,44,Teruel,44014,ALCORISA
2,02 Aragón,44,Teruel,44016,ALFAMBRA
2,02 Aragón,44,Teruel,44017,ALIAGA
2,02 Aragón,44,Teruel,44021,ALLEPUZ
2,02 Aragón,44,Teruel,44022,ALLOZA
2,02 Aragón,44,Teruel,44023,ALLUEVA
2,02 Aragón,44,Teruel,44018,ALMOHAJA
2,02 Aragón,44,Teruel,44019,ALOBRAS
2,02 Aragón,44,Teruel,44020,ALPEÑÉS
2,02 Aragón,44,Teruel,44024,ANADÓN
2,02 Aragón,44,Teruel,44025,ANDORRA
2,02 Aragón,44,Teruel,44026,ARCOS DE LAS SALINAS
2,02 Aragón,44,Teruel,44027,ARENS DE LLEDÓ
2,02 Aragón,44,Teruel,44028,ARGENTE
2,02 Aragón,44,Teruel,44029,ARIÑO
2,02 Aragón,44,Teruel,44031,AZAILA
2,02 Aragón,44,Teruel,44032,BÁDENAS
2,02 Aragón,44,Teruel,44033,BÁGUENA
2,02 Aragón,44,Teruel,44034,BAÑÓN
2,02 Aragón,44,Teruel,44035,BARRACHINA
2,02 Aragón,44,Teruel,44036,BEA
2,02 Aragón,44,Teruel,44037,BECEITE
2,02 Aragón,44,Teruel,44039,BELLO
2,02 Aragón,44,Teruel,44038,BELMONTE DE SAN JOSÉ
2,02 Aragón,44,Teruel,44040,BERGE
2,02 Aragón,44,Teruel,44041,BEZAS
2,02 Aragón,44,Teruel,44042,BLANCAS
2,02 Aragón,44,Teruel,44043,BLESA
2,02 Aragón,44,Teruel,44044,BORDÓN
2,02 Aragón,44,Teruel,44045,BRONCHALES
2,02 Aragón,44,Teruel,44046,BUEÑA
2,02 Aragón,44,Teruel,44047,BURBÁGUENA
2,02 Aragón,44,Teruel,44048,CABRA DE MORA
2,02 Aragón,44,Teruel,44049,CALACEITE
2,02 Aragón,44,Teruel,44050,CALAMOCHA
2,02 Aragón,44,Teruel,44051,CALANDA
2,02 Aragón,44,Teruel,44052,CALOMARDE
2,02 Aragón,44,Teruel,44053,CAMAÑAS
2,02 Aragón,44,Teruel,44054,CAMARENA DE LA SIERRA
2,02 Aragón,44,Teruel,44055,CAMARILLAS
2,02 Aragón,44,Teruel,44056,CAMINREAL
2,02 Aragón,44,Teruel,44059,CANTAVIEJA
2,02 Aragón,44,Teruel,44060,CAÑADA DE BENATANDUZ
2,02 Aragón,44,Teruel,44061,CAÑADA DE VERICH (LA)
2,02 Aragón,44,Teruel,44062,CAÑADA VELLIDA
2,02 Aragón,44,Teruel,44063,CAÑIZAR DEL OLIVAR
2,02 Aragón,44,Teruel,44064,CASCANTE DEL RÍO
2,02 Aragón,44,Teruel,44065,CASTEJÓN DE TORNOS
2,02 Aragón,44,Teruel,44066,CASTEL DE CABRA
2,02 Aragón,44,Teruel,44070,CASTELLAR (EL)
2,02 Aragón,44,Teruel,44071,CASTELLOTE
2,02 Aragón,44,Teruel,44067,CASTELNOU
2,02 Aragón,44,Teruel,44068,CASTELSERÁS
2,02 Aragón,44,Teruel,44074,CEDRILLAS
2,02 Aragón,44,Teruel,44075,CELADAS
2,02 Aragón,44,Teruel,44076,CELLA
2,02 Aragón,44,Teruel,44077,CEROLLERA (LA)
2,02 Aragón,44,Teruel,44080,CODOÑERA (LA)
2,02 Aragón,44,Teruel,44082,CORBALÁN
2,02 Aragón,44,Teruel,44084,CORTES DE ARAGÓN
2,02 Aragón,44,Teruel,44085,COSA
2,02 Aragón,44,Teruel,44086,CRETAS
2,02 Aragón,44,Teruel,44087,CRIVILLÉN
2,02 Aragón,44,Teruel,44088,CUBA (LA)
2,02 Aragón,44,Teruel,44089,CUBLA
2,02 Aragón,44,Teruel,44090,CUCALÓN
2,02 Aragón,44,Teruel,44092,CUERVO (EL)
2,02 Aragón,44,Teruel,44093,CUEVAS DE ALMUDÉN
2,02 Aragón,44,Teruel,44094,CUEVAS LABRADAS
2,02 Aragón,44,Teruel,44096,EJULVE
2,02 Aragón,44,Teruel,44097,ESCORIHUELA
2,02 Aragón,44,Teruel,44099,ESCUCHA
2,02 Aragón,44,Teruel,44100,ESTERCUEL
2,02 Aragón,44,Teruel,44101,FERRERUELA DE HUERVA
2,02 Aragón,44,Teruel,44102,FONFRÍA
2,02 Aragón,44,Teruel,44103,FORMICHE ALTO
2,02 Aragón,44,Teruel,44105,FÓRNOLES
2,02 Aragón,44,Teruel,44106,FORTANETE
2,02 Aragón,44,Teruel,44107,FOZ-CALANDA
2,02 Aragón,44,Teruel,44108,FRESNEDA (LA)
2,02 Aragón,44,Teruel,44109,FRÍAS DE ALBARRACÍN
2,02 Aragón,44,Teruel,44110,FUENFERRADA
2,02 Aragón,44,Teruel,44111,FUENTES CALIENTES
2,02 Aragón,44,Teruel,44112,FUENTES CLARAS
2,02 Aragón,44,Teruel,44113,FUENTES DE RUBIELOS
2,02 Aragón,44,Teruel,44114,FUENTESPALDA
2,02 Aragón,44,Teruel,44115,GALVE
2,02 Aragón,44,Teruel,44116,GARGALLO
2,02 Aragón,44,Teruel,44117,GEA DE ALBARRACÍN
2,02 Aragón,44,Teruel,44118,GINEBROSA (LA)
2,02 Aragón,44,Teruel,44119,GRIEGOS
2,02 Aragón,44,Teruel,44120,GUADALAVIAR
2,02 Aragón,44,Teruel,44121,GÚDAR
2,02 Aragón,44,Teruel,44122,HÍJAR
2,02 Aragón,44,Teruel,44123,HINOJOSA DE JARQUE
2,02 Aragón,44,Teruel,44124,HOZ DE LA VIEJA (LA)
2,02 Aragón,44,Teruel,44125,HUESA DEL COMÚN
2,02 Aragón,44,Teruel,44126,IGLESUELA DEL CID (LA)
2,02 Aragón,44,Teruel,44127,JABALOYAS
2,02 Aragón,44,Teruel,44128,JARQUE DE LA VAL
2,02 Aragón,44,Teruel,44129,JATIEL
2,02 Aragón,44,Teruel,44130,JORCAS
2,02 Aragón,44,Teruel,44131,JOSA
2,02 Aragón,44,Teruel,44132,LAGUERUELA
2,02 Aragón,44,Teruel,44133,LANZUELA
2,02 Aragón,44,Teruel,44135,LIBROS
2,02 Aragón,44,Teruel,44136,LIDÓN
2,02 Aragón,44,Teruel,44137,LINARES DE MORA
2,02 Aragón,44,Teruel,44141,LLEDÓ
2,02 Aragón,44,Teruel,44138,LOSCOS
2,02 Aragón,44,Teruel,44142,MAICAS
2,02 Aragón,44,Teruel,44143,MANZANERA
2,02 Aragón,44,Teruel,44144,MARTÍN DEL RÍO
2,02 Aragón,44,Teruel,44145,MAS DE LAS MATAS
2,02 Aragón,44,Teruel,44146,MATA DE LOS OLMOS (LA)
2,02 Aragón,44,Teruel,44147,MAZALEÓN
2,02 Aragón,44,Teruel,44148,MEZQUITA DE JARQUE
2,02 Aragón,44,Teruel,44149,MIRAMBEL
2,02 Aragón,44,Teruel,44150,MIRAVETE DE LA SIERRA
2,02 Aragón,44,Teruel,44151,MOLINOS
2,02 Aragón,44,Teruel,44152,MONFORTE DE MOYUELA
2,02 Aragón,44,Teruel,44153,MONREAL DEL CAMPO
2,02 Aragón,44,Teruel,44154,MONROYO
2,02 Aragón,44,Teruel,44155,MONTALBÁN
2,02 Aragón,44,Teruel,44156,MONTEAGUDO DEL CASTILLO
2,02 Aragón,44,Teruel,44157,MONTERDE DE ALBARRACÍN
2,02 Aragón,44,Teruel,44158,MORA DE RUBIELOS
2,02 Aragón,44,Teruel,44159,MOSCARDÓN
2,02 Aragón,44,Teruel,44160,MOSQUERUELA
2,02 Aragón,44,Teruel,44161,MUNIESA
2,02 Aragón,44,Teruel,44163,NOGUERA DE ALBARRACÍN
2,02 Aragón,44,Teruel,44164,NOGUERAS
2,02 Aragón,44,Teruel,44165,NOGUERUELAS
2,02 Aragón,44,Teruel,44167,OBÓN
2,02 Aragón,44,Teruel,44168,ODÓN
2,02 Aragón,44,Teruel,44169,OJOS NEGROS
2,02 Aragón,44,Teruel,44171,OLBA
2,02 Aragón,44,Teruel,44172,OLIETE
2,02 Aragón,44,Teruel,44173,OLMOS (LOS)
2,02 Aragón,44,Teruel,44174,ORIHUELA DEL TREMEDAL
2,02 Aragón,44,Teruel,44175,ORRIOS
2,02 Aragón,44,Teruel,44176,PALOMAR DE ARROYOS
2,02 Aragón,44,Teruel,44177,PANCRUDO
2,02 Aragón,44,Teruel,44178,PARRAS DE CASTELLOTE (LAS)
2,02 Aragón,44,Teruel,44179,PEÑARROYA DE TASTAVINS
2,02 Aragón,44,Teruel,44180,PERACENSE
2,02 Aragón,44,Teruel,44181,PERALEJOS
2,02 Aragón,44,Teruel,44182,PERALES DEL ALFAMBRA
2,02 Aragón,44,Teruel,44183,PITARQUE
2,02 Aragón,44,Teruel,44184,PLOU
2,02 Aragón,44,Teruel,44185,POBO (EL)
2,02 Aragón,44,Teruel,44187,PORTELLADA (LA)
2,02 Aragón,44,Teruel,44189,POZONDÓN
2,02 Aragón,44,Teruel,44190,POZUEL DEL CAMPO
2,02 Aragón,44,Teruel,44191,PUEBLA DE HÍJAR (LA)
2,02 Aragón,44,Teruel,44192,PUEBLA DE VALVERDE (LA)
2,02 Aragón,44,Teruel,44193,PUERTOMINGALVO
2,02 Aragón,44,Teruel,44194,RÁFALES
2,02 Aragón,44,Teruel,44195,RILLO
2,02 Aragón,44,Teruel,44196,RIODEVA
2,02 Aragón,44,Teruel,44197,RÓDENAS
2,02 Aragón,44,Teruel,44198,ROYUELA
2,02 Aragón,44,Teruel,44199,RUBIALES
2,02 Aragón,44,Teruel,44200,RUBIELOS DE LA CÉRIDA
2,02 Aragón,44,Teruel,44201,RUBIELOS DE MORA
2,02 Aragón,44,Teruel,44203,SALCEDILLO
2,02 Aragón,44,Teruel,44204,SALDÓN
2,02 Aragón,44,Teruel,44205,SAMPER DE CALANDA
2,02 Aragón,44,Teruel,44206,SAN AGUSTÍN
2,02 Aragón,44,Teruel,44207,SAN MARTÍN DEL RÍO
2,02 Aragón,44,Teruel,44208,SANTA CRUZ DE NOGUERAS
2,02 Aragón,44,Teruel,44209,SANTA EULALIA
2,02 Aragón,44,Teruel,44210,SARRIÓN
2,02 Aragón,44,Teruel,44211,SEGURA DE LOS BAÑOS
2,02 Aragón,44,Teruel,44212,SENO
2,02 Aragón,44,Teruel,44213,SINGRA
2,02 Aragón,44,Teruel,44215,TERRIENTE
2,02 Aragón,44,Teruel,44216,TERUEL
2,02 Aragón,44,Teruel,44217,TORIL Y MASEGOSO
2,02 Aragón,44,Teruel,44218,TORMÓN
2,02 Aragón,44,Teruel,44219,TORNOS
2,02 Aragón,44,Teruel,44220,TORRALBA DE LOS SISONES
2,02 Aragón,44,Teruel,44223,TORRE DE ARCAS
2,02 Aragón,44,Teruel,44224,TORRE DE LAS ARCAS
2,02 Aragón,44,Teruel,44225,TORRE DEL COMPTE
2,02 Aragón,44,Teruel,44227,TORRE LOS NEGROS
2,02 Aragón,44,Teruel,44221,TORRECILLA DE ALCAÑIZ
2,02 Aragón,44,Teruel,44222,TORRECILLA DEL REBOLLAR
2,02 Aragón,44,Teruel,44226,TORRELACÁRCEL
2,02 Aragón,44,Teruel,44228,TORREMOCHA DE JILOCA
2,02 Aragón,44,Teruel,44229,TORRES DE ALBARRACÍN
2,02 Aragón,44,Teruel,44230,TORREVELILLA
2,02 Aragón,44,Teruel,44231,TORRIJAS
2,02 Aragón,44,Teruel,44232,TORRIJO DEL CAMPO
2,02 Aragón,44,Teruel,44234,TRAMACASTIEL
2,02 Aragón,44,Teruel,44235,TRAMACASTILLA
2,02 Aragón,44,Teruel,44236,TRONCHÓN
2,02 Aragón,44,Teruel,44237,URREA DE GAÉN
2,02 Aragón,44,Teruel,44238,UTRILLAS
2,02 Aragón,44,Teruel,44239,VALACLOCHE
2,02 Aragón,44,Teruel,44240,VALBONA
2,02 Aragón,44,Teruel,44241,VALDEALGORFA
2,02 Aragón,44,Teruel,44243,VALDECUENCA
2,02 Aragón,44,Teruel,44244,VALDELINARES
2,02 Aragón,44,Teruel,44245,VALDELTORMO
2,02 Aragón,44,Teruel,44246,VALDERROBRES
2,02 Aragón,44,Teruel,44247,VALJUNQUERA
2,02 Aragón,44,Teruel,44249,VALLECILLO (EL)
2,02 Aragón,44,Teruel,44250,VEGUILLAS DE LA SIERRA
2,02 Aragón,44,Teruel,44251,VILLAFRANCA DEL CAMPO
2,02 Aragón,44,Teruel,44252,VILLAHERMOSA DEL CAMPO
2,02 Aragón,44,Teruel,44256,VILLANUEVA DEL REBOLLAR DE LA SIERRA
2,02 Aragón,44,Teruel,44257,VILLAR DEL COBO
2,02 Aragón,44,Teruel,44258,VILLAR DEL SALZ
2,02 Aragón,44,Teruel,44260,VILLARLUENGO
2,02 Aragón,44,Teruel,44261,VILLARQUEMADO
2,02 Aragón,44,Teruel,44262,VILLARROYA DE LOS PINARES
2,02 Aragón,44,Teruel,44263,VILLASTAR
2,02 Aragón,44,Teruel,44264,VILLEL
2,02 Aragón,44,Teruel,44265,VINACEITE
2,02 Aragón,44,Teruel,44266,VISIEDO
2,02 Aragón,44,Teruel,44267,VIVEL DEL RÍO MARTÍN
2,02 Aragón,44,Teruel,44268,ZOMA (LA)
2,02 Aragón,50,Zaragoza,50001,ABANTO
2,02 Aragón,50,Zaragoza,50002,ACERED
2,02 Aragón,50,Zaragoza,50003,AGÓN
2,02 Aragón,50,Zaragoza,50004,AGUARÓN
2,02 Aragón,50,Zaragoza,50005,AGUILÓN
2,02 Aragón,50,Zaragoza,50006,AINZÓN
2,02 Aragón,50,Zaragoza,50007,ALADRÉN
2,02 Aragón,50,Zaragoza,50008,ALAGÓN
2,02 Aragón,50,Zaragoza,50009,ALARBA
2,02 Aragón,50,Zaragoza,50010,ALBERITE DE SAN JUAN
2,02 Aragón,50,Zaragoza,50011,ALBETA
2,02 Aragón,50,Zaragoza,50012,ALBORGE
2,02 Aragón,50,Zaragoza,50013,ALCALÁ DE EBRO
2,02 Aragón,50,Zaragoza,50014,ALCALÁ DE MONCAYO
2,02 Aragón,50,Zaragoza,50015,ALCONCHEL DE ARIZA
2,02 Aragón,50,Zaragoza,50016,ALDEHUELA DE LIESTOS
2,02 Aragón,50,Zaragoza,50017,ALFAJARÍN
2,02 Aragón,50,Zaragoza,50018,ALFAMÉN
2,02 Aragón,50,Zaragoza,50019,ALFORQUE
2,02 Aragón,50,Zaragoza,50020,ALHAMA DE ARAGÓN
2,02 Aragón,50,Zaragoza,50021,ALMOCHUEL
2,02 Aragón,50,Zaragoza,50022,ALMOLDA (LA)
2,02 Aragón,50,Zaragoza,50023,ALMONACID DE LA CUBA
2,02 Aragón,50,Zaragoza,50024,ALMONACID DE LA SIERRA
2,02 Aragón,50,Zaragoza,50025,ALMUNIA DE DOÑA GODINA (LA)
2,02 Aragón,50,Zaragoza,50026,ALPARTIR
2,02 Aragón,50,Zaragoza,50027,AMBEL
2,02 Aragón,50,Zaragoza,50028,ANENTO
2,02 Aragón,50,Zaragoza,50029,ANIÑÓN
2,02 Aragón,50,Zaragoza,50030,AÑÓN DE MONCAYO
2,02 Aragón,50,Zaragoza,50031,ARANDA DE MONCAYO
2,02 Aragón,50,Zaragoza,50032,ARÁNDIGA
2,02 Aragón,50,Zaragoza,50033,ARDISA
2,02 Aragón,50,Zaragoza,50034,ARIZA
2,02 Aragón,50,Zaragoza,50035,ARTIEDA
2,02 Aragón,50,Zaragoza,50036,ASÍN
2,02 Aragón,50,Zaragoza,50037,ATEA
2,02 Aragón,50,Zaragoza,50038,ATECA
2,02 Aragón,50,Zaragoza,50039,AZUARA
2,02 Aragón,50,Zaragoza,50040,BADULES
2,02 Aragón,50,Zaragoza,50041,BAGÜÉS
2,02 Aragón,50,Zaragoza,50042,BALCONCHÁN
2,02 Aragón,50,Zaragoza,50043,BÁRBOLES
2,02 Aragón,50,Zaragoza,50044,BARDALLUR
2,02 Aragón,50,Zaragoza,50045,BELCHITE
2,02 Aragón,50,Zaragoza,50046,BELMONTE DE GRACIÁN
2,02 Aragón,50,Zaragoza,50047,BERDEJO
2,02 Aragón,50,Zaragoza,50048,BERRUECO
2,02 Aragón,50,Zaragoza,50901,BIEL
2,02 Aragón,50,Zaragoza,50050,BIJUESCA
2,02 Aragón,50,Zaragoza,50051,BIOTA
2,02 Aragón,50,Zaragoza,50052,BISIMBRE
2,02 Aragón,50,Zaragoza,50053,BOQUIÑENI
2,02 Aragón,50,Zaragoza,50054,BORDALBA
2,02 Aragón,50,Zaragoza,50055,BORJA
2,02 Aragón,50,Zaragoza,50056,BOTORRITA
2,02 Aragón,50,Zaragoza,50057,BREA DE ARAGÓN
2,02 Aragón,50,Zaragoza,50058,BUBIERCA
2,02 Aragón,50,Zaragoza,50059,BUJARALOZ
2,02 Aragón,50,Zaragoza,50060,BULBUENTE
2,02 Aragón,50,Zaragoza,50061,BURETA
2,02 Aragón,50,Zaragoza,50062,BURGO DE EBRO (EL)
2,02 Aragón,50,Zaragoza,50063,BUSTE (EL)
2,02 Aragón,50,Zaragoza,50064,CABAÑAS DE EBRO
2,02 Aragón,50,Zaragoza,50065,CABOLAFUENTE
2,02 Aragón,50,Zaragoza,50066,CADRETE
2,02 Aragón,50,Zaragoza,50067,CALATAYUD
2,02 Aragón,50,Zaragoza,50068,CALATORAO
2,02 Aragón,50,Zaragoza,50069,CALCENA
2,02 Aragón,50,Zaragoza,50070,CALMARZA
2,02 Aragón,50,Zaragoza,50071,CAMPILLO DE ARAGÓN
2,02 Aragón,50,Zaragoza,50072,CARENAS
2,02 Aragón,50,Zaragoza,50073,CARIÑENA
2,02 Aragón,50,Zaragoza,50074,CASPE
2,02 Aragón,50,Zaragoza,50075,CASTEJÓN DE ALARBA
2,02 Aragón,50,Zaragoza,50076,CASTEJÓN DE LAS ARMAS
2,02 Aragón,50,Zaragoza,50077,CASTEJÓN DE VALDEJASA
2,02 Aragón,50,Zaragoza,50078,CASTILISCAR
2,02 Aragón,50,Zaragoza,50079,CERVERA DE LA CAÑADA
2,02 Aragón,50,Zaragoza,50080,CERVERUELA
2,02 Aragón,50,Zaragoza,50081,CETINA
2,02 Aragón,50,Zaragoza,50092,CHIPRANA
2,02 Aragón,50,Zaragoza,50093,CHODES
2,02 Aragón,50,Zaragoza,50082,CIMBALLA
2,02 Aragón,50,Zaragoza,50083,CINCO OLIVAS
2,02 Aragón,50,Zaragoza,50084,CLARÉS DE RIBOTA
2,02 Aragón,50,Zaragoza,50085,CODO
2,02 Aragón,50,Zaragoza,50086,CODOS
2,02 Aragón,50,Zaragoza,50087,CONTAMINA
2,02 Aragón,50,Zaragoza,50088,COSUENDA
2,02 Aragón,50,Zaragoza,50089,CUARTE DE HUERVA
2,02 Aragón,50,Zaragoza,50090,CUBEL
2,02 Aragón,50,Zaragoza,50091,CUERLAS (LAS)
2,02 Aragón,50,Zaragoza,50094,DAROCA
2,02 Aragón,50,Zaragoza,50095,EJEA DE LOS CABALLEROS
2,02 Aragón,50,Zaragoza,50096,EMBID DE ARIZA
2,02 Aragón,50,Zaragoza,50098,ENCINACORBA
2,02 Aragón,50,Zaragoza,50099,ÉPILA
2,02 Aragón,50,Zaragoza,50100,ERLA
2,02 Aragón,50,Zaragoza,50101,ESCATRÓN
2,02 Aragón,50,Zaragoza,50102,FABARA
2,02 Aragón,50,Zaragoza,50104,FARLETE
2,02 Aragón,50,Zaragoza,50105,FAYÓN
2,02 Aragón,50,Zaragoza,50106,FAYOS (LOS)
2,02 Aragón,50,Zaragoza,50107,FIGUERUELAS
2,02 Aragón,50,Zaragoza,50108,FOMBUENA
2,02 Aragón,50,Zaragoza,50109,FRAGO (EL)
2,02 Aragón,50,Zaragoza,50110,FRASNO (EL)
2,02 Aragón,50,Zaragoza,50111,FRÉSCANO
2,02 Aragón,50,Zaragoza,50113,FUENDEJALÓN
2,02 Aragón,50,Zaragoza,50114,FUENDETODOS
2,02 Aragón,50,Zaragoza,50115,FUENTES DE EBRO
2,02 Aragón,50,Zaragoza,50116,FUENTES DE JILOCA
2,02 Aragón,50,Zaragoza,50117,GALLOCANTA
2,02 Aragón,50,Zaragoza,50118,GALLUR
2,02 Aragón,50,Zaragoza,50119,GELSA
2,02 Aragón,50,Zaragoza,50120,GODOJOS
2,02 Aragón,50,Zaragoza,50121,GOTOR
2,02 Aragón,50,Zaragoza,50122,GRISEL
2,02 Aragón,50,Zaragoza,50123,GRISÉN
2,02 Aragón,50,Zaragoza,50124,HERRERA DE LOS NAVARROS
2,02 Aragón,50,Zaragoza,50125,IBDES
2,02 Aragón,50,Zaragoza,50126,ILLUECA
2,02 Aragón,50,Zaragoza,50128,ISUERRE
2,02 Aragón,50,Zaragoza,50129,JARABA
2,02 Aragón,50,Zaragoza,50130,JARQUE DE MONCAYO
2,02 Aragón,50,Zaragoza,50131,JAULÍN
2,02 Aragón,50,Zaragoza,50132,JOYOSA (LA)
2,02 Aragón,50,Zaragoza,50133,LAGATA
2,02 Aragón,50,Zaragoza,50134,LANGA DEL CASTILLO
2,02 Aragón,50,Zaragoza,50135,LAYANA
2,02 Aragón,50,Zaragoza,50136,LÉCERA
2,02 Aragón,50,Zaragoza,50138,LECHÓN
2,02 Aragón,50,Zaragoza,50137,LECIÑENA
2,02 Aragón,50,Zaragoza,50139,LETUX
2,02 Aragón,50,Zaragoza,50140,LITAGO
2,02 Aragón,50,Zaragoza,50141,LITUÉNIGO
2,02 Aragón,50,Zaragoza,50142,LOBERA DE ONSELLA
2,02 Aragón,50,Zaragoza,50143,LONGARES
2,02 Aragón,50,Zaragoza,50144,LONGÁS
2,02 Aragón,50,Zaragoza,50146,LUCENA DE JALÓN
2,02 Aragón,50,Zaragoza,50147,LUCENI
2,02 Aragón,50,Zaragoza,50148,LUESIA
2,02 Aragón,50,Zaragoza,50149,LUESMA
2,02 Aragón,50,Zaragoza,50150,LUMPIAQUE
2,02 Aragón,50,Zaragoza,50151,LUNA
2,02 Aragón,50,Zaragoza,50152,MAELLA
2,02 Aragón,50,Zaragoza,50153,MAGALLÓN
2,02 Aragón,50,Zaragoza,50154,MAINAR
2,02 Aragón,50,Zaragoza,50155,MALANQUILLA
2,02 Aragón,50,Zaragoza,50156,MALEJÁN
2,02 Aragón,50,Zaragoza,50160,MALLÉN
2,02 Aragón,50,Zaragoza,50157,MALÓN
2,02 Aragón,50,Zaragoza,50159,MALUENDA
2,02 Aragón,50,Zaragoza,50161,MANCHONES
2,02 Aragón,50,Zaragoza,50162,MARA
2,02 Aragón,50,Zaragoza,50163,MARÍA DE HUERVA
2,02 Aragón,50,Zaragoza,50902,MARRACOS
2,02 Aragón,50,Zaragoza,50164,MEDIANA DE ARAGÓN
2,02 Aragón,50,Zaragoza,50165,MEQUINENZA
2,02 Aragón,50,Zaragoza,50166,MESONES DE ISUELA
2,02 Aragón,50,Zaragoza,50167,MEZALOCHA
2,02 Aragón,50,Zaragoza,50168,MIANOS
2,02 Aragón,50,Zaragoza,50169,MIEDES DE ARAGÓN
2,02 Aragón,50,Zaragoza,50170,MONEGRILLO
2,02 Aragón,50,Zaragoza,50171,MONEVA
2,02 Aragón,50,Zaragoza,50172,MONREAL DE ARIZA
2,02 Aragón,50,Zaragoza,50173,MONTERDE
2,02 Aragón,50,Zaragoza,50174,MONTÓN
2,02 Aragón,50,Zaragoza,50175,MORATA DE JALÓN
2,02 Aragón,50,Zaragoza,50176,MORATA DE JILOCA
2,02 Aragón,50,Zaragoza,50177,MORÉS
2,02 Aragón,50,Zaragoza,50178,MOROS
2,02 Aragón,50,Zaragoza,50179,MOYUELA
2,02 Aragón,50,Zaragoza,50180,MOZOTA
2,02 Aragón,50,Zaragoza,50181,MUEL
2,02 Aragón,50,Zaragoza,50182,MUELA (LA)
2,02 Aragón,50,Zaragoza,50183,MUNÉBREGA
2,02 Aragón,50,Zaragoza,50184,MURERO
2,02 Aragón,50,Zaragoza,50185,MURILLO DE GÁLLEGO
2,02 Aragón,50,Zaragoza,50186,NAVARDÚN
2,02 Aragón,50,Zaragoza,50187,NIGÜELLA
2,02 Aragón,50,Zaragoza,50188,NOMBREVILLA
2,02 Aragón,50,Zaragoza,50189,NONASPE
2,02 Aragón,50,Zaragoza,50190,NOVALLAS
2,02 Aragón,50,Zaragoza,50191,NOVILLAS
2,02 Aragón,50,Zaragoza,50192,NUÉVALOS
2,02 Aragón,50,Zaragoza,50193,NUEZ DE EBRO
2,02 Aragón,50,Zaragoza,50194,OLVÉS
2,02 Aragón,50,Zaragoza,50195,ORCAJO
2,02 Aragón,50,Zaragoza,50196,ORERA
2,02 Aragón,50,Zaragoza,50197,ORÉS
2,02 Aragón,50,Zaragoza,50198,OSEJA
2,02 Aragón,50,Zaragoza,50199,OSERA DE EBRO
2,02 Aragón,50,Zaragoza,50200,PANIZA
2,02 Aragón,50,Zaragoza,50201,PARACUELLOS DE JILOCA
2,02 Aragón,50,Zaragoza,50202,PARACUELLOS DE LA RIBERA
2,02 Aragón,50,Zaragoza,50203,PASTRIZ
2,02 Aragón,50,Zaragoza,50204,PEDROLA
2,02 Aragón,50,Zaragoza,50205,PEDROSAS (LAS)
2,02 Aragón,50,Zaragoza,50206,PERDIGUERA
2,02 Aragón,50,Zaragoza,50207,PIEDRATAJADA
2,02 Aragón,50,Zaragoza,50208,PINA DE EBRO
2,02 Aragón,50,Zaragoza,50209,PINSEQUE
2,02 Aragón,50,Zaragoza,50210,PINTANOS (LOS)
2,02 Aragón,50,Zaragoza,50211,PLASENCIA DE JALÓN
2,02 Aragón,50,Zaragoza,50212,PLEITAS
2,02 Aragón,50,Zaragoza,50213,PLENAS
2,02 Aragón,50,Zaragoza,50214,POMER
2,02 Aragón,50,Zaragoza,50215,POZUEL DE ARIZA
2,02 Aragón,50,Zaragoza,50216,POZUELO DE ARAGÓN
2,02 Aragón,50,Zaragoza,50217,PRADILLA DE EBRO
2,02 Aragón,50,Zaragoza,50218,PUEBLA DE ALBORTÓN
2,02 Aragón,50,Zaragoza,50219,PUEBLA DE ALFINDÉN (LA)
2,02 Aragón,50,Zaragoza,50220,PUENDELUNA
2,02 Aragón,50,Zaragoza,50221,PURUJOSA
2,02 Aragón,50,Zaragoza,50222,QUINTO
2,02 Aragón,50,Zaragoza,50223,REMOLINOS
2,02 Aragón,50,Zaragoza,50224,RETASCÓN
2,02 Aragón,50,Zaragoza,50225,RICLA
2,02 Aragón,50,Zaragoza,50227,ROMANOS
2,02 Aragón,50,Zaragoza,50228,RUEDA DE JALÓN
2,02 Aragón,50,Zaragoza,50229,RUESCA
2,02 Aragón,50,Zaragoza,50241,SABIÑÁN
2,02 Aragón,50,Zaragoza,50230,SÁDABA
2,02 Aragón,50,Zaragoza,50231,SALILLAS DE JALÓN
2,02 Aragón,50,Zaragoza,50232,SALVATIERRA DE ESCA
2,02 Aragón,50,Zaragoza,50233,SAMPER DEL SALZ
2,02 Aragón,50,Zaragoza,50234,SAN MARTÍN DE LA VIRGEN DE MONCAYO
2,02 Aragón,50,Zaragoza,50235,SAN MATEO DE GÁLLEGO
2,02 Aragón,50,Zaragoza,50236,SANTA CRUZ DE GRÍO
2,02 Aragón,50,Zaragoza,50237,SANTA CRUZ DE MONCAYO
2,02 Aragón,50,Zaragoza,50238,SANTA EULALIA DE GÁLLEGO
2,02 Aragón,50,Zaragoza,50239,SANTED
2,02 Aragón,50,Zaragoza,50240,SÁSTAGO
2,02 Aragón,50,Zaragoza,50242,SEDILES
2,02 Aragón,50,Zaragoza,50243,SESTRICA
2,02 Aragón,50,Zaragoza,50244,SIERRA DE LUNA
2,02 Aragón,50,Zaragoza,50245,SIGÜÉS
2,02 Aragón,50,Zaragoza,50246,SISAMÓN
2,02 Aragón,50,Zaragoza,50247,SOBRADIEL
2,02 Aragón,50,Zaragoza,50248,SOS DEL REY CATÓLICO
2,02 Aragón,50,Zaragoza,50249,TABUENCA
2,02 Aragón,50,Zaragoza,50250,TALAMANTES
2,02 Aragón,50,Zaragoza,50251,TARAZONA
2,02 Aragón,50,Zaragoza,50252,TAUSTE
2,02 Aragón,50,Zaragoza,50253,TERRER
2,02 Aragón,50,Zaragoza,50254,TIERGA
2,02 Aragón,50,Zaragoza,50255,TOBED
2,02 Aragón,50,Zaragoza,50256,TORRALBA DE LOS FRAILES
2,02 Aragón,50,Zaragoza,50257,TORRALBA DE RIBOTA
2,02 Aragón,50,Zaragoza,50258,TORRALBILLA
2,02 Aragón,50,Zaragoza,50259,TORREHERMOSA
2,02 Aragón,50,Zaragoza,50260,TORRELAPAJA
2,02 Aragón,50,Zaragoza,50261,TORRELLAS
2,02 Aragón,50,Zaragoza,50262,TORRES DE BERRELLÉN
2,02 Aragón,50,Zaragoza,50263,TORRIJO DE LA CAÑADA
2,02 Aragón,50,Zaragoza,50264,TOSOS
2,02 Aragón,50,Zaragoza,50265,TRASMOZ
2,02 Aragón,50,Zaragoza,50266,TRASOBARES
2,02 Aragón,50,Zaragoza,50267,UNCASTILLO
2,02 Aragón,50,Zaragoza,50268,UNDUÉS DE LERDA
2,02 Aragón,50,Zaragoza,50269,URREA DE JALÓN
2,02 Aragón,50,Zaragoza,50270,URRIÉS
2,02 Aragón,50,Zaragoza,50271,USED
2,02 Aragón,50,Zaragoza,50272,UTEBO
2,02 Aragón,50,Zaragoza,50274,VAL DE SAN MARTÍN
2,02 Aragón,50,Zaragoza,50273,VALDEHORNA
2,02 Aragón,50,Zaragoza,50275,VALMADRID
2,02 Aragón,50,Zaragoza,50276,VALPALMAS
2,02 Aragón,50,Zaragoza,50277,VALTORRES
2,02 Aragón,50,Zaragoza,50278,VELILLA DE EBRO
2,02 Aragón,50,Zaragoza,50279,VELILLA DE JILOCA
2,02 Aragón,50,Zaragoza,50280,VERA DE MONCAYO
2,02 Aragón,50,Zaragoza,50281,VIERLAS
2,02 Aragón,50,Zaragoza,50283,VILLADOZ
2,02 Aragón,50,Zaragoza,50284,VILLAFELICHE
2,02 Aragón,50,Zaragoza,50285,VILLAFRANCA DE EBRO
2,02 Aragón,50,Zaragoza,50286,VILLALBA DE PEREJIL
2,02 Aragón,50,Zaragoza,50287,VILLALENGUA
2,02 Aragón,50,Zaragoza,50903,VILLAMAYOR DE GÁLLEGO
2,02 Aragón,50,Zaragoza,50288,VILLANUEVA DE GÁLLEGO
2,02 Aragón,50,Zaragoza,50290,VILLANUEVA DE HUERVA
2,02 Aragón,50,Zaragoza,50289,VILLANUEVA DE JILOCA
2,02 Aragón,50,Zaragoza,50291,VILLAR DE LOS NAVARROS
2,02 Aragón,50,Zaragoza,50292,VILLARREAL DE HUERVA
2,02 Aragón,50,Zaragoza,50293,VILLARROYA DE LA SIERRA
2,02 Aragón,50,Zaragoza,50294,VILLARROYA DEL CAMPO
2,02 Aragón,50,Zaragoza,50282,VILUEÑA (LA)
2,02 Aragón,50,Zaragoza,50295,VISTABELLA
2,02 Aragón,50,Zaragoza,50296,ZAIDA (LA)
2,02 Aragón,50,Zaragoza,50297,ZARAGOZA
2,02 Aragón,50,Zaragoza,50298,ZUERA
3,"03 Asturias, Principado de",33,Asturias,33001,ALLANDE
3,"03 Asturias, Principado de",33,Asturias,33002,ALLER
3,"03 Asturias, Principado de",33,Asturias,33003,AMIEVA
3,"03 Asturias, Principado de",33,Asturias,33004,AVILÉS
3,"03 Asturias, Principado de",33,Asturias,33005,BELMONTE DE MIRANDA
3,"03 Asturias, Principado de",33,Asturias,33006,BIMENES
3,"03 Asturias, Principado de",33,Asturias,33007,BOAL
3,"03 Asturias, Principado de",33,Asturias,33008,CABRALES
3,"03 Asturias, Principado de",33,Asturias,33009,CABRANES
3,"03 Asturias, Principado de",33,Asturias,33010,CANDAMO
3,"03 Asturias, Principado de",33,Asturias,33012,CANGAS DE ONÍS
3,"03 Asturias, Principado de",33,Asturias,33011,CANGAS DEL NARCEA
3,"03 Asturias, Principado de",33,Asturias,33013,CARAVIA
3,"03 Asturias, Principado de",33,Asturias,33014,CARREÑO
3,"03 Asturias, Principado de",33,Asturias,33015,CASO
3,"03 Asturias, Principado de",33,Asturias,33016,CASTRILLÓN
3,"03 Asturias, Principado de",33,Asturias,33017,CASTROPOL
3,"03 Asturias, Principado de",33,Asturias,33018,COAÑA
3,"03 Asturias, Principado de",33,Asturias,33019,COLUNGA
3,"03 Asturias, Principado de",33,Asturias,33020,CORVERA DE ASTURIAS
3,"03 Asturias, Principado de",33,Asturias,33021,CUDILLERO
3,"03 Asturias, Principado de",33,Asturias,33022,DEGAÑA
3,"03 Asturias, Principado de",33,Asturias,33023,FRANCO (EL)
3,"03 Asturias, Principado de",33,Asturias,33024,GIJÓN
3,"03 Asturias, Principado de",33,Asturias,33025,GOZÓN
3,"03 Asturias, Principado de",33,Asturias,33026,GRADO
3,"03 Asturias, Principado de",33,Asturias,33027,GRANDAS DE SALIME
3,"03 Asturias, Principado de",33,Asturias,33028,IBIAS
3,"03 Asturias, Principado de",33,Asturias,33029,ILLANO
3,"03 Asturias, Principado de",33,Asturias,33030,ILLAS
3,"03 Asturias, Principado de",33,Asturias,33031,LANGREO
3,"03 Asturias, Principado de",33,Asturias,33032,LAVIANA
3,"03 Asturias, Principado de",33,Asturias,33033,LENA
3,"03 Asturias, Principado de",33,Asturias,33035,LLANERA
3,"03 Asturias, Principado de",33,Asturias,33036,LLANES
3,"03 Asturias, Principado de",33,Asturias,33037,MIERES
3,"03 Asturias, Principado de",33,Asturias,33038,MORCÍN
3,"03 Asturias, Principado de",33,Asturias,33039,MUROS DE NALÓN
3,"03 Asturias, Principado de",33,Asturias,33040,NAVA
3,"03 Asturias, Principado de",33,Asturias,33041,NAVIA
3,"03 Asturias, Principado de",33,Asturias,33042,NOREÑA
3,"03 Asturias, Principado de",33,Asturias,33043,ONÍS
3,"03 Asturias, Principado de",33,Asturias,33044,OVIEDO
3,"03 Asturias, Principado de",33,Asturias,33045,PARRES
3,"03 Asturias, Principado de",33,Asturias,33046,PEÑAMELLERA ALTA
3,"03 Asturias, Principado de",33,Asturias,33047,PEÑAMELLERA BAJA
3,"03 Asturias, Principado de",33,Asturias,33048,PESOZ
3,"03 Asturias, Principado de",33,Asturias,33049,PILOÑA
3,"03 Asturias, Principado de",33,Asturias,33050,PONGA
3,"03 Asturias, Principado de",33,Asturias,33051,PRAVIA
3,"03 Asturias, Principado de",33,Asturias,33052,PROAZA
3,"03 Asturias, Principado de",33,Asturias,33053,QUIRÓS
3,"03 Asturias, Principado de",33,Asturias,33054,REGUERAS (LAS)
3,"03 Asturias, Principado de",33,Asturias,33055,RIBADEDEVA
3,"03 Asturias, Principado de",33,Asturias,33056,RIBADESELLA
3,"03 Asturias, Principado de",33,Asturias,33057,RIBERA DE ARRIBA
3,"03 Asturias, Principado de",33,Asturias,33058,RIOSA
3,"03 Asturias, Principado de",33,Asturias,33059,SALAS
3,"03 Asturias, Principado de",33,Asturias,33061,SAN MARTÍN DE OSCOS
3,"03 Asturias, Principado de",33,Asturias,33060,SAN MARTÍN DEL REY AURELIO
3,"03 Asturias, Principado de",33,Asturias,33063,SAN TIRSO DE ABRES
3,"03 Asturias, Principado de",33,Asturias,33062,SANTA EULALIA DE OSCOS
3,"03 Asturias, Principado de",33,Asturias,33064,SANTO ADRIANO
3,"03 Asturias, Principado de",33,Asturias,33065,SARIEGO
3,"03 Asturias, Principado de",33,Asturias,33066,SIERO
3,"03 Asturias, Principado de",33,Asturias,33067,SOBRESCOBIO
3,"03 Asturias, Principado de",33,Asturias,33068,SOMIEDO
3,"03 Asturias, Principado de",33,Asturias,33069,SOTO DEL BARCO
3,"03 Asturias, Principado de",33,Asturias,33070,TAPIA DE CASARIEGO
3,"03 Asturias, Principado de",33,Asturias,33071,TARAMUNDI
3,"03 Asturias, Principado de",33,Asturias,33072,TEVERGA
3,"03 Asturias, Principado de",33,Asturias,33073,TINEO
3,"03 Asturias, Principado de",33,Asturias,33034,VALDÉS
3,"03 Asturias, Principado de",33,Asturias,33074,VEGADEO
3,"03 Asturias, Principado de",33,Asturias,33075,VILLANUEVA DE OSCOS
3,"03 Asturias, Principado de",33,Asturias,33076,VILLAVICIOSA
3,"03 Asturias, Principado de",33,Asturias,33077,VILLAYÓN
3,"03 Asturias, Principado de",33,Asturias,33078,YERNES Y TAMEZA
4,"04 Balears, Illes",7,Balears (Illes),7002,ALAIOR
4,"04 Balears, Illes",7,Balears (Illes),7001,ALARÓ
4,"04 Balears, Illes",7,Balears (Illes),7003,ALCÚDIA
4,"04 Balears, Illes",7,Balears (Illes),7004,ALGAIDA
4,"04 Balears, Illes",7,Balears (Illes),7005,ANDRATX
4,"04 Balears, Illes",7,Balears (Illes),7901,ARIANY
4,"04 Balears, Illes",7,Balears (Illes),7006,ARTÀ
4,"04 Balears, Illes",7,Balears (Illes),7007,BANYALBUFAR
4,"04 Balears, Illes",7,Balears (Illes),7008,BINISSALEM
4,"04 Balears, Illes",7,Balears (Illes),7009,BÚGER
4,"04 Balears, Illes",7,Balears (Illes),7010,BUNYOLA
4,"04 Balears, Illes",7,Balears (Illes),7011,CALVIÀ
4,"04 Balears, Illes",7,Balears (Illes),7012,CAMPANET
4,"04 Balears, Illes",7,Balears (Illes),7013,CAMPOS
4,"04 Balears, Illes",7,Balears (Illes),7014,CAPDEPERA
4,"04 Balears, Illes",7,Balears (Illes),7064,CASTELL (ES)
4,"04 Balears, Illes",7,Balears (Illes),7015,CIUTADELLA DE MENORCA
4,"04 Balears, Illes",7,Balears (Illes),7016,CONSELL
4,"04 Balears, Illes",7,Balears (Illes),7017,COSTITX
4,"04 Balears, Illes",7,Balears (Illes),7018,DEIÀ
4,"04 Balears, Illes",7,Balears (Illes),7026,EIVISSA
4,"04 Balears, Illes",7,Balears (Illes),7019,ESCORCA
4,"04 Balears, Illes",7,Balears (Illes),7020,ESPORLES
4,"04 Balears, Illes",7,Balears (Illes),7021,ESTELLENCS
4,"04 Balears, Illes",7,Balears (Illes),7022,FELANITX
4,"04 Balears, Illes",7,Balears (Illes),7023,FERRERIES
4,"04 Balears, Illes",7,Balears (Illes),7024,FORMENTERA
4,"04 Balears, Illes",7,Balears (Illes),7025,FORNALUTX
4,"04 Balears, Illes",7,Balears (Illes),7027,INCA
4,"04 Balears, Illes",7,Balears (Illes),7028,LLORET DE VISTALEGRE
4,"04 Balears, Illes",7,Balears (Illes),7029,LLOSETA
4,"04 Balears, Illes",7,Balears (Illes),7030,LLUBÍ
4,"04 Balears, Illes",7,Balears (Illes),7031,LLUCMAJOR
4,"04 Balears, Illes",7,Balears (Illes),7033,MANACOR
4,"04 Balears, Illes",7,Balears (Illes),7034,MANCOR DE LA VALL
4,"04 Balears, Illes",7,Balears (Illes),7032,MAÓ
4,"04 Balears, Illes",7,Balears (Illes),7035,MARIA DE LA SALUT
4,"04 Balears, Illes",7,Balears (Illes),7036,MARRATXÍ
4,"04 Balears, Illes",7,Balears (Illes),7037,MERCADAL (ES)
4,"04 Balears, Illes",7,Balears (Illes),7902,MIGJORN GRAN (ES)
4,"04 Balears, Illes",7,Balears (Illes),7038,MONTUÏRI
4,"04 Balears, Illes",7,Balears (Illes),7039,MURO
4,"04 Balears, Illes",7,Balears (Illes),7040,PALMA
4,"04 Balears, Illes",7,Balears (Illes),7041,PETRA
4,"04 Balears, Illes",7,Balears (Illes),7044,POBLA (SA)
4,"04 Balears, Illes",7,Balears (Illes),7042,POLLENÇA
4,"04 Balears, Illes",7,Balears (Illes),7043,PORRERES
4,"04 Balears, Illes",7,Balears (Illes),7045,PUIGPUNYENT
4,"04 Balears, Illes",7,Balears (Illes),7059,SALINES (SES)
4,"04 Balears, Illes",7,Balears (Illes),7046,SANT ANTONI DE PORTMANY
4,"04 Balears, Illes",7,Balears (Illes),7049,SANT JOAN
4,"04 Balears, Illes",7,Balears (Illes),7050,SANT JOAN DE LABRITJA
4,"04 Balears, Illes",7,Balears (Illes),7048,SANT JOSEP DE SA TALAIA
4,"04 Balears, Illes",7,Balears (Illes),7051,SANT LLORENÇ DES CARDASSAR
4,"04 Balears, Illes",7,Balears (Illes),7052,SANT LLUÍS
4,"04 Balears, Illes",7,Balears (Illes),7053,SANTA EUGÈNIA
4,"04 Balears, Illes",7,Balears (Illes),7054,SANTA EULÀRIA DES RIU
4,"04 Balears, Illes",7,Balears (Illes),7055,SANTA MARGALIDA
4,"04 Balears, Illes",7,Balears (Illes),7056,SANTA MARÍA DEL CAMÍ
4,"04 Balears, Illes",7,Balears (Illes),7057,SANTANYÍ
4,"04 Balears, Illes",7,Balears (Illes),7058,SELVA
4,"04 Balears, Illes",7,Balears (Illes),7047,SENCELLES
4,"04 Balears, Illes",7,Balears (Illes),7060,SINEU
4,"04 Balears, Illes",7,Balears (Illes),7061,SÓLLER
4,"04 Balears, Illes",7,Balears (Illes),7062,SON SERVERA
4,"04 Balears, Illes",7,Balears (Illes),7063,VALLDEMOSSA
4,"04 Balears, Illes",7,Balears (Illes),7065,VILAFRANCA DE BONANY
5,05 Canarias,35,Palmas (Las),35001,AGAETE
5,05 Canarias,35,Palmas (Las),35002,AGÜIMES
5,05 Canarias,35,Palmas (Las),35020,ALDEA DE SAN NICOLÁS (LA)
5,05 Canarias,35,Palmas (Las),35003,ANTIGUA
5,05 Canarias,35,Palmas (Las),35004,ARRECIFE
5,05 Canarias,35,Palmas (Las),35005,ARTENARA
5,05 Canarias,35,Palmas (Las),35006,ARUCAS
5,05 Canarias,35,Palmas (Las),35007,BETANCURIA
5,05 Canarias,35,Palmas (Las),35008,FIRGAS
5,05 Canarias,35,Palmas (Las),35009,GÁLDAR
5,05 Canarias,35,Palmas (Las),35010,HARÍA
5,05 Canarias,35,Palmas (Las),35011,INGENIO
5,05 Canarias,35,Palmas (Las),35012,MOGÁN
5,05 Canarias,35,Palmas (Las),35013,MOYA
5,05 Canarias,35,Palmas (Las),35014,OLIVA (LA)
5,05 Canarias,35,Palmas (Las),35015,PÁJARA
5,05 Canarias,35,Palmas (Las),35016,PALMAS DE GRAN CANARIA (LAS)
5,05 Canarias,35,Palmas (Las),35017,PUERTO DEL ROSARIO
5,05 Canarias,35,Palmas (Las),35018,SAN BARTOLOMÉ
5,05 Canarias,35,Palmas (Las),35019,SAN BARTOLOMÉ DE TIRAJANA
5,05 Canarias,35,Palmas (Las),35021,SANTA BRÍGIDA
5,05 Canarias,35,Palmas (Las),35022,SANTA LUCÍA DE TIRAJANA
5,05 Canarias,35,Palmas (Las),35023,SANTA MARÍA DE GUÍA DE GRAN CANARIA
5,05 Canarias,35,Palmas (Las),35024,TEGUISE
5,05 Canarias,35,Palmas (Las),35025,TEJEDA
5,05 Canarias,35,Palmas (Las),35026,TELDE
5,05 Canarias,35,Palmas (Las),35027,TEROR
5,05 Canarias,35,Palmas (Las),35028,TÍAS
5,05 Canarias,35,Palmas (Las),35029,TINAJO
5,05 Canarias,35,Palmas (Las),35030,TUINEJE
5,05 Canarias,35,Palmas (Las),35032,VALLESECO
5,05 Canarias,35,Palmas (Las),35031,VALSEQUILLO DE GRAN CANARIA
5,05 Canarias,35,Palmas (Las),35033,VEGA DE SAN MATEO
5,05 Canarias,35,Palmas (Las),35034,YAIZA
5,05 Canarias,38,Santa Cruz de Tenerife,38001,ADEJE
5,05 Canarias,38,Santa Cruz de Tenerife,38002,AGULO
5,05 Canarias,38,Santa Cruz de Tenerife,38003,ALAJERÓ
5,05 Canarias,38,Santa Cruz de Tenerife,38004,ARAFO
5,05 Canarias,38,Santa Cruz de Tenerife,38005,ARICO
5,05 Canarias,38,Santa Cruz de Tenerife,38006,ARONA
5,05 Canarias,38,Santa Cruz de Tenerife,38007,BARLOVENTO
5,05 Canarias,38,Santa Cruz de Tenerife,38008,BREÑA ALTA
5,05 Canarias,38,Santa Cruz de Tenerife,38009,BREÑA BAJA
5,05 Canarias,38,Santa Cruz de Tenerife,38010,BUENAVISTA DEL NORTE
5,05 Canarias,38,Santa Cruz de Tenerife,38011,CANDELARIA
5,05 Canarias,38,Santa Cruz de Tenerife,38012,FASNIA
5,05 Canarias,38,Santa Cruz de Tenerife,38013,FRONTERA
5,05 Canarias,38,Santa Cruz de Tenerife,38014,FUENCALIENTE DE LA PALMA
5,05 Canarias,38,Santa Cruz de Tenerife,38015,GARACHICO
5,05 Canarias,38,Santa Cruz de Tenerife,38016,GARAFÍA
5,05 Canarias,38,Santa Cruz de Tenerife,38017,GRANADILLA DE ABONA
5,05 Canarias,38,Santa Cruz de Tenerife,38018,GUANCHA (LA)
5,05 Canarias,38,Santa Cruz de Tenerife,38019,GUÍA DE ISORA
5,05 Canarias,38,Santa Cruz de Tenerife,38020,GÜÍMAR
5,05 Canarias,38,Santa Cruz de Tenerife,38021,HERMIGUA
5,05 Canarias,38,Santa Cruz de Tenerife,38022,ICOD DE LOS VINOS
5,05 Canarias,38,Santa Cruz de Tenerife,38024,LLANOS DE ARIDANE (LOS)
5,05 Canarias,38,Santa Cruz de Tenerife,38025,MATANZA DE ACENTEJO (LA)
5,05 Canarias,38,Santa Cruz de Tenerife,38026,OROTAVA (LA)
5,05 Canarias,38,Santa Cruz de Tenerife,38027,PASO (EL)
5,05 Canarias,38,Santa Cruz de Tenerife,38901,PINAR DE EL HIERRO (EL)
5,05 Canarias,38,Santa Cruz de Tenerife,38028,PUERTO DE LA CRUZ
5,05 Canarias,38,Santa Cruz de Tenerife,38029,PUNTAGORDA
5,05 Canarias,38,Santa Cruz de Tenerife,38030,PUNTALLANA
5,05 Canarias,38,Santa Cruz de Tenerife,38031,REALEJOS (LOS)
5,05 Canarias,38,Santa Cruz de Tenerife,38032,ROSARIO (EL)
5,05 Canarias,38,Santa Cruz de Tenerife,38033,SAN ANDRÉS Y SAUCES
5,05 Canarias,38,Santa Cruz de Tenerife,38023,SAN CRISTÓBAL DE LA LAGUNA
5,05 Canarias,38,Santa Cruz de Tenerife,38034,SAN JUAN DE LA RAMBLA
5,05 Canarias,38,Santa Cruz de Tenerife,38035,SAN MIGUEL DE ABONA
5,05 Canarias,38,Santa Cruz de Tenerife,38036,SAN SEBASTIÁN DE LA GOMERA
5,05 Canarias,38,Santa Cruz de Tenerife,38037,SANTA CRUZ DE LA PALMA
5,05 Canarias,38,Santa Cruz de Tenerife,38038,SANTA CRUZ DE TENERIFE
5,05 Canarias,38,Santa Cruz de Tenerife,38039,SANTA ÚRSULA
5,05 Canarias,38,Santa Cruz de Tenerife,38040,SANTIAGO DEL TEIDE
5,05 Canarias,38,Santa Cruz de Tenerife,38041,SAUZAL (EL)
5,05 Canarias,38,Santa Cruz de Tenerife,38042,SILOS (LOS)
5,05 Canarias,38,Santa Cruz de Tenerife,38043,TACORONTE
5,05 Canarias,38,Santa Cruz de Tenerife,38044,TANQUE (EL)
5,05 Canarias,38,Santa Cruz de Tenerife,38045,TAZACORTE
5,05 Canarias,38,Santa Cruz de Tenerife,38046,TEGUESTE
5,05 Canarias,38,Santa Cruz de Tenerife,38047,TIJARAFE
5,05 Canarias,38,Santa Cruz de Tenerife,38049,VALLE GRAN REY
5,05 Canarias,38,Santa Cruz de Tenerife,38050,VALLEHERMOSO
5,05 Canarias,38,Santa Cruz de Tenerife,38048,VALVERDE
5,05 Canarias,38,Santa Cruz de Tenerife,38051,VICTORIA DE ACENTEJO (LA)
5,05 Canarias,38,Santa Cruz de Tenerife,38052,VILAFLOR DE CHASNA
5,05 Canarias,38,Santa Cruz de Tenerife,38053,VILLA DE MAZO
6,06 Cantabria,39,Cantabria,39001,ALFOZ DE LLOREDO
6,06 Cantabria,39,Cantabria,39002,AMPUERO
6,06 Cantabria,39,Cantabria,39003,ANIEVAS
6,06 Cantabria,39,Cantabria,39004,ARENAS DE IGUÑA
6,06 Cantabria,39,Cantabria,39005,ARGOÑOS
6,06 Cantabria,39,Cantabria,39006,ARNUERO
6,06 Cantabria,39,Cantabria,39007,ARREDONDO
6,06 Cantabria,39,Cantabria,39008,ASTILLERO (EL)
6,06 Cantabria,39,Cantabria,39009,BÁRCENA DE CICERO
6,06 Cantabria,39,Cantabria,39010,BÁRCENA DE PIE DE CONCHA
6,06 Cantabria,39,Cantabria,39011,BAREYO
6,06 Cantabria,39,Cantabria,39012,CABEZÓN DE LA SAL
6,06 Cantabria,39,Cantabria,39013,CABEZÓN DE LIÉBANA
6,06 Cantabria,39,Cantabria,39014,CABUÉRNIGA
6,06 Cantabria,39,Cantabria,39015,CAMALEÑO
6,06 Cantabria,39,Cantabria,39016,CAMARGO
6,06 Cantabria,39,Cantabria,39027,CAMPOO DE ENMEDIO
6,06 Cantabria,39,Cantabria,39017,CAMPOO DE YUSO
6,06 Cantabria,39,Cantabria,39018,CARTES
6,06 Cantabria,39,Cantabria,39019,CASTAÑEDA
6,06 Cantabria,39,Cantabria,39020,CASTRO-URDIALES
6,06 Cantabria,39,Cantabria,39021,CIEZA
6,06 Cantabria,39,Cantabria,39022,CILLORIGO DE LIÉBANA
6,06 Cantabria,39,Cantabria,39023,COLINDRES
6,06 Cantabria,39,Cantabria,39024,COMILLAS
6,06 Cantabria,39,Cantabria,39025,CORRALES DE BUELNA (LOS)
6,06 Cantabria,39,Cantabria,39026,CORVERA DE TORANZO
6,06 Cantabria,39,Cantabria,39028,ENTRAMBASAGUAS
6,06 Cantabria,39,Cantabria,39029,ESCALANTE
6,06 Cantabria,39,Cantabria,39030,GURIEZO
6,06 Cantabria,39,Cantabria,39031,HAZAS DE CESTO
6,06 Cantabria,39,Cantabria,39032,HERMANDAD DE CAMPOO DE SUSO
6,06 Cantabria,39,Cantabria,39033,HERRERÍAS
6,06 Cantabria,39,Cantabria,39034,LAMASÓN
6,06 Cantabria,39,Cantabria,39035,LAREDO
6,06 Cantabria,39,Cantabria,39036,LIENDO
6,06 Cantabria,39,Cantabria,39037,LIÉRGANES
6,06 Cantabria,39,Cantabria,39038,LIMPIAS
6,06 Cantabria,39,Cantabria,39039,LUENA
6,06 Cantabria,39,Cantabria,39040,MARINA DE CUDEYO
6,06 Cantabria,39,Cantabria,39041,MAZCUERRAS
6,06 Cantabria,39,Cantabria,39042,MEDIO CUDEYO
6,06 Cantabria,39,Cantabria,39043,MERUELO
6,06 Cantabria,39,Cantabria,39044,MIENGO
6,06 Cantabria,39,Cantabria,39045,MIERA
6,06 Cantabria,39,Cantabria,39046,MOLLEDO
6,06 Cantabria,39,Cantabria,39047,NOJA
6,06 Cantabria,39,Cantabria,39048,PENAGOS
6,06 Cantabria,39,Cantabria,39049,PEÑARRUBIA
6,06 Cantabria,39,Cantabria,39050,PESAGUERO
6,06 Cantabria,39,Cantabria,39051,PESQUERA
6,06 Cantabria,39,Cantabria,39052,PIÉLAGOS
6,06 Cantabria,39,Cantabria,39053,POLACIONES
6,06 Cantabria,39,Cantabria,39054,POLANCO
6,06 Cantabria,39,Cantabria,39055,POTES
6,06 Cantabria,39,Cantabria,39056,PUENTE VIESGO
6,06 Cantabria,39,Cantabria,39057,RAMALES DE LA VICTORIA
6,06 Cantabria,39,Cantabria,39058,RASINES
6,06 Cantabria,39,Cantabria,39059,REINOSA
6,06 Cantabria,39,Cantabria,39060,REOCÍN
6,06 Cantabria,39,Cantabria,39061,RIBAMONTÁN AL MAR
6,06 Cantabria,39,Cantabria,39062,RIBAMONTÁN AL MONTE
6,06 Cantabria,39,Cantabria,39063,RIONANSA
6,06 Cantabria,39,Cantabria,39064,RIOTUERTO
6,06 Cantabria,39,Cantabria,39065,ROZAS DE VALDEARROYO (LAS)
6,06 Cantabria,39,Cantabria,39066,RUENTE
6,06 Cantabria,39,Cantabria,39067,RUESGA
6,06 Cantabria,39,Cantabria,39068,RUILOBA
6,06 Cantabria,39,Cantabria,39069,SAN FELICES DE BUELNA
6,06 Cantabria,39,Cantabria,39070,SAN MIGUEL DE AGUAYO
6,06 Cantabria,39,Cantabria,39071,SAN PEDRO DEL ROMERAL
6,06 Cantabria,39,Cantabria,39072,SAN ROQUE DE RIOMIERA
6,06 Cantabria,39,Cantabria,39080,SAN VICENTE DE LA BARQUERA
6,06 Cantabria,39,Cantabria,39073,SANTA CRUZ DE BEZANA
6,06 Cantabria,39,Cantabria,39074,SANTA MARÍA DE CAYÓN
6,06 Cantabria,39,Cantabria,39075,SANTANDER
6,06 Cantabria,39,Cantabria,39076,SANTILLANA DEL MAR
6,06 Cantabria,39,Cantabria,39077,SANTIURDE DE REINOSA
6,06 Cantabria,39,Cantabria,39078,SANTIURDE DE TORANZO
6,06 Cantabria,39,Cantabria,39079,SANTOÑA
6,06 Cantabria,39,Cantabria,39081,SARO
6,06 Cantabria,39,Cantabria,39082,SELAYA
6,06 Cantabria,39,Cantabria,39083,SOBA
6,06 Cantabria,39,Cantabria,39084,SOLÓRZANO
6,06 Cantabria,39,Cantabria,39085,SUANCES
6,06 Cantabria,39,Cantabria,39086,TOJOS (LOS)
6,06 Cantabria,39,Cantabria,39087,TORRELAVEGA
6,06 Cantabria,39,Cantabria,39088,TRESVISO
6,06 Cantabria,39,Cantabria,39089,TUDANCA
6,06 Cantabria,39,Cantabria,39090,UDÍAS
6,06 Cantabria,39,Cantabria,39095,VAL DE SAN VICENTE
6,06 Cantabria,39,Cantabria,39091,VALDÁLIGA
6,06 Cantabria,39,Cantabria,39092,VALDEOLEA
6,06 Cantabria,39,Cantabria,39093,VALDEPRADO DEL RÍO
6,06 Cantabria,39,Cantabria,39094,VALDERREDIBLE
6,06 Cantabria,39,Cantabria,39101,VALLE DE VILLAVERDE
6,06 Cantabria,39,Cantabria,39096,VEGA DE LIÉBANA
6,06 Cantabria,39,Cantabria,39097,VEGA DE PAS
6,06 Cantabria,39,Cantabria,39098,VILLACARRIEDO
6,06 Cantabria,39,Cantabria,39099,VILLAESCUSA
6,06 Cantabria,39,Cantabria,39100,VILLAFUFRE
6,06 Cantabria,39,Cantabria,39102,VOTO
8,07 Castilla y León,5,Avila,5001,ADANERO
8,07 Castilla y León,5,Avila,5002,ADRADA (LA)
8,07 Castilla y León,5,Avila,5005,ALBORNOS
8,07 Castilla y León,5,Avila,5007,ALDEANUEVA DE SANTA CRUZ
8,07 Castilla y León,5,Avila,5008,ALDEASECA
8,07 Castilla y León,5,Avila,5010,ALDEHUELA (LA)
8,07 Castilla y León,5,Avila,5012,AMAVIDA
8,07 Castilla y León,5,Avila,5013,ARENAL (EL)
8,07 Castilla y León,5,Avila,5014,ARENAS DE SAN PEDRO
8,07 Castilla y León,5,Avila,5015,AREVALILLO
8,07 Castilla y León,5,Avila,5016,ARÉVALO
8,07 Castilla y León,5,Avila,5017,AVEINTE
8,07 Castilla y León,5,Avila,5018,AVELLANEDA
8,07 Castilla y León,5,Avila,5019,ÁVILA
8,07 Castilla y León,5,Avila,5021,BARCO DE ÁVILA (EL)
8,07 Castilla y León,5,Avila,5022,BARRACO (EL)
8,07 Castilla y León,5,Avila,5023,BARROMÁN
8,07 Castilla y León,5,Avila,5024,BECEDAS
8,07 Castilla y León,5,Avila,5025,BECEDILLAS
8,07 Castilla y León,5,Avila,5026,BERCIAL DE ZAPARDIEL
8,07 Castilla y León,5,Avila,5027,BERLANAS (LAS)
8,07 Castilla y León,5,Avila,5029,BERNUY-ZAPARDIEL
8,07 Castilla y León,5,Avila,5030,BERROCALEJO DE ARAGONA
8,07 Castilla y León,5,Avila,5033,BLASCOMILLÁN
8,07 Castilla y León,5,Avila,5034,BLASCONUÑO DE MATACABRAS
8,07 Castilla y León,5,Avila,5035,BLASCOSANCHO
8,07 Castilla y León,5,Avila,5036,BOHODÓN (EL)
8,07 Castilla y León,5,Avila,5037,BOHOYO
8,07 Castilla y León,5,Avila,5038,BONILLA DE LA SIERRA
8,07 Castilla y León,5,Avila,5039,BRABOS
8,07 Castilla y León,5,Avila,5040,BULARROS
8,07 Castilla y León,5,Avila,5041,BURGOHONDO
8,07 Castilla y León,5,Avila,5042,CABEZAS DE ALAMBRE
8,07 Castilla y León,5,Avila,5043,CABEZAS DEL POZO
8,07 Castilla y León,5,Avila,5044,CABEZAS DEL VILLAR
8,07 Castilla y León,5,Avila,5045,CABIZUELA
8,07 Castilla y León,5,Avila,5046,CANALES
8,07 Castilla y León,5,Avila,5047,CANDELEDA
8,07 Castilla y León,5,Avila,5048,CANTIVEROS
8,07 Castilla y León,5,Avila,5049,CARDEÑOSA
8,07 Castilla y León,5,Avila,5051,CARRERA (LA)
8,07 Castilla y León,5,Avila,5052,CASAS DEL PUERTO
8,07 Castilla y León,5,Avila,5053,CASASOLA
8,07 Castilla y León,5,Avila,5054,CASAVIEJA
8,07 Castilla y León,5,Avila,5055,CASILLAS
8,07 Castilla y León,5,Avila,5056,CASTELLANOS DE ZAPARDIEL
8,07 Castilla y León,5,Avila,5057,CEBREROS
8,07 Castilla y León,5,Avila,5058,CEPEDA LA MORA
8,07 Castilla y León,5,Avila,5067,CHAMARTÍN
8,07 Castilla y León,5,Avila,5059,CILLÁN
8,07 Castilla y León,5,Avila,5060,CISLA
8,07 Castilla y León,5,Avila,5061,COLILLA (LA)
8,07 Castilla y León,5,Avila,5062,COLLADO DE CONTRERAS
8,07 Castilla y León,5,Avila,5063,COLLADO DEL MIRÓN
8,07 Castilla y León,5,Avila,5064,CONSTANZANA
8,07 Castilla y León,5,Avila,5065,CRESPOS
8,07 Castilla y León,5,Avila,5066,CUEVAS DEL VALLE
8,07 Castilla y León,5,Avila,5903,DIEGO DEL CARPIO
8,07 Castilla y León,5,Avila,5069,DONJIMENO
8,07 Castilla y León,5,Avila,5070,DONVIDAS
8,07 Castilla y León,5,Avila,5072,ESPINOSA DE LOS CABALLEROS
8,07 Castilla y León,5,Avila,5073,FLORES DE ÁVILA
8,07 Castilla y León,5,Avila,5074,FONTIVEROS
8,07 Castilla y León,5,Avila,5075,FRESNEDILLA
8,07 Castilla y León,5,Avila,5076,FRESNO (EL)
8,07 Castilla y León,5,Avila,5077,FUENTE EL SAÚZ
8,07 Castilla y León,5,Avila,5078,FUENTES DE AÑO
8,07 Castilla y León,5,Avila,5079,GALLEGOS DE ALTAMIROS
8,07 Castilla y León,5,Avila,5080,GALLEGOS DE SOBRINOS
8,07 Castilla y León,5,Avila,5081,GARGANTA DEL VILLAR
8,07 Castilla y León,5,Avila,5082,GAVILANES
8,07 Castilla y León,5,Avila,5083,GEMUÑO
8,07 Castilla y León,5,Avila,5085,GIL GARCÍA
8,07 Castilla y León,5,Avila,5084,GILBUENA
8,07 Castilla y León,5,Avila,5086,GIMIALCÓN
8,07 Castilla y León,5,Avila,5087,GOTARRENDURA
8,07 Castilla y León,5,Avila,5088,GRANDES Y SAN MARTÍN
8,07 Castilla y León,5,Avila,5089,GUISANDO
8,07 Castilla y León,5,Avila,5090,GUTIERRE-MUÑOZ
8,07 Castilla y León,5,Avila,5092,HERNANSANCHO
8,07 Castilla y León,5,Avila,5093,HERRADÓN DE PINARES
8,07 Castilla y León,5,Avila,5094,HERREROS DE SUSO
8,07 Castilla y León,5,Avila,5095,HIGUERA DE LAS DUEÑAS
8,07 Castilla y León,5,Avila,5096,HIJA DE DIOS (LA)
8,07 Castilla y León,5,Avila,5097,HORCAJADA (LA)
8,07 Castilla y León,5,Avila,5099,HORCAJO DE LAS TORRES
8,07 Castilla y León,5,Avila,5100,HORNILLO (EL)
8,07 Castilla y León,5,Avila,5102,HOYO DE PINARES (EL)
8,07 Castilla y León,5,Avila,5101,HOYOCASERO
8,07 Castilla y León,5,Avila,5103,HOYORREDONDO
8,07 Castilla y León,5,Avila,5106,HOYOS DE MIGUEL MUÑOZ
8,07 Castilla y León,5,Avila,5104,HOYOS DEL COLLADO
8,07 Castilla y León,5,Avila,5105,HOYOS DEL ESPINO
8,07 Castilla y León,5,Avila,5107,HURTUMPASCUAL
8,07 Castilla y León,5,Avila,5108,JUNCIANA
8,07 Castilla y León,5,Avila,5109,LANGA
8,07 Castilla y León,5,Avila,5110,LANZAHÍTA
8,07 Castilla y León,5,Avila,5113,LLANOS DE TORMES (LOS)
8,07 Castilla y León,5,Avila,5112,LOSAR DEL BARCO (EL)
8,07 Castilla y León,5,Avila,5114,MADRIGAL DE LAS ALTAS TORRES
8,07 Castilla y León,5,Avila,5115,MAELLO
8,07 Castilla y León,5,Avila,5116,MALPARTIDA DE CORNEJA
8,07 Castilla y León,5,Avila,5117,MAMBLAS
8,07 Castilla y León,5,Avila,5118,MANCERA DE ARRIBA
8,07 Castilla y León,5,Avila,5119,MANJABÁLAGO Y ORTIGOSA DE RIOALMAR
8,07 Castilla y León,5,Avila,5120,MARLÍN
8,07 Castilla y León,5,Avila,5121,MARTIHERRERO
8,07 Castilla y León,5,Avila,5122,MARTÍNEZ
8,07 Castilla y León,5,Avila,5123,MEDIANA DE VOLTOYA
8,07 Castilla y León,5,Avila,5124,MEDINILLA
8,07 Castilla y León,5,Avila,5125,MENGAMUÑOZ
8,07 Castilla y León,5,Avila,5126,MESEGAR DE CORNEJA
8,07 Castilla y León,5,Avila,5127,MIJARES
8,07 Castilla y León,5,Avila,5128,MINGORRÍA
8,07 Castilla y León,5,Avila,5129,MIRÓN (EL)
8,07 Castilla y León,5,Avila,5130,MIRONCILLO
8,07 Castilla y León,5,Avila,5131,MIRUEÑA DE LOS INFANZONES
8,07 Castilla y León,5,Avila,5132,MOMBELTRÁN
8,07 Castilla y León,5,Avila,5133,MONSALUPE
8,07 Castilla y León,5,Avila,5134,MORALEJA DE MATACABRAS
8,07 Castilla y León,5,Avila,5135,MUÑANA
8,07 Castilla y León,5,Avila,5136,MUÑICO
8,07 Castilla y León,5,Avila,5138,MUÑOGALINDO
8,07 Castilla y León,5,Avila,5139,MUÑOGRANDE
8,07 Castilla y León,5,Avila,5140,MUÑOMER DEL PECO
8,07 Castilla y León,5,Avila,5141,MUÑOPEPE
8,07 Castilla y León,5,Avila,5142,MUÑOSANCHO
8,07 Castilla y León,5,Avila,5143,MUÑOTELLO
8,07 Castilla y León,5,Avila,5144,NARRILLOS DEL ÁLAMO
8,07 Castilla y León,5,Avila,5145,NARRILLOS DEL REBOLLAR
8,07 Castilla y León,5,Avila,5149,NARROS DE SALDUEÑA
8,07 Castilla y León,5,Avila,5147,NARROS DEL CASTILLO
8,07 Castilla y León,5,Avila,5148,NARROS DEL PUERTO
8,07 Castilla y León,5,Avila,5152,NAVA DE ARÉVALO
8,07 Castilla y León,5,Avila,5153,NAVA DEL BARCO
8,07 Castilla y León,5,Avila,5151,NAVACEPEDILLA DE CORNEJA
8,07 Castilla y León,5,Avila,5154,NAVADIJOS
8,07 Castilla y León,5,Avila,5155,NAVAESCURIAL
8,07 Castilla y León,5,Avila,5156,NAVAHONDILLA
8,07 Castilla y León,5,Avila,5157,NAVALACRUZ
8,07 Castilla y León,5,Avila,5158,NAVALMORAL
8,07 Castilla y León,5,Avila,5159,NAVALONGUILLA
8,07 Castilla y León,5,Avila,5160,NAVALOSA
8,07 Castilla y León,5,Avila,5161,NAVALPERAL DE PINARES
8,07 Castilla y León,5,Avila,5162,NAVALPERAL DE TORMES
8,07 Castilla y León,5,Avila,5163,NAVALUENGA
8,07 Castilla y León,5,Avila,5164,NAVAQUESERA
8,07 Castilla y León,5,Avila,5165,NAVARREDONDA DE GREDOS
8,07 Castilla y León,5,Avila,5166,NAVARREDONDILLA
8,07 Castilla y León,5,Avila,5167,NAVARREVISCA
8,07 Castilla y León,5,Avila,5168,NAVAS DEL MARQUÉS (LAS)
8,07 Castilla y León,5,Avila,5169,NAVATALGORDO
8,07 Castilla y León,5,Avila,5170,NAVATEJARES
8,07 Castilla y León,5,Avila,5171,NEILA DE SAN MIGUEL
8,07 Castilla y León,5,Avila,5172,NIHARRA
8,07 Castilla y León,5,Avila,5173,OJOS-ALBOS
8,07 Castilla y León,5,Avila,5174,ORBITA
8,07 Castilla y León,5,Avila,5175,OSO (EL)
8,07 Castilla y León,5,Avila,5176,PADIERNOS
8,07 Castilla y León,5,Avila,5177,PAJARES DE ADAJA
8,07 Castilla y León,5,Avila,5178,PALACIOS DE GODA
8,07 Castilla y León,5,Avila,5179,PAPATRIGO
8,07 Castilla y León,5,Avila,5180,PARRAL (EL)
8,07 Castilla y León,5,Avila,5181,PASCUALCOBO
8,07 Castilla y León,5,Avila,5182,PEDRO BERNARDO
8,07 Castilla y León,5,Avila,5183,PEDRO-RODRÍGUEZ
8,07 Castilla y León,5,Avila,5184,PEGUERINOS
8,07 Castilla y León,5,Avila,5185,PEÑALBA DE ÁVILA
8,07 Castilla y León,5,Avila,5186,PIEDRAHÍTA
8,07 Castilla y León,5,Avila,5187,PIEDRALAVES
8,07 Castilla y León,5,Avila,5188,POVEDA
8,07 Castilla y León,5,Avila,5189,POYALES DEL HOYO
8,07 Castilla y León,5,Avila,5190,POZANCO
8,07 Castilla y León,5,Avila,5191,PRADOSEGAR
8,07 Castilla y León,5,Avila,5192,PUERTO CASTILLA
8,07 Castilla y León,5,Avila,5193,RASUEROS
8,07 Castilla y León,5,Avila,5194,RIOCABADO
8,07 Castilla y León,5,Avila,5195,RIOFRÍO
8,07 Castilla y León,5,Avila,5196,RIVILLA DE BARAJAS
8,07 Castilla y León,5,Avila,5197,SALOBRAL
8,07 Castilla y León,5,Avila,5198,SALVADIÓS
8,07 Castilla y León,5,Avila,5199,SAN BARTOLOMÉ DE BÉJAR
8,07 Castilla y León,5,Avila,5200,SAN BARTOLOMÉ DE CORNEJA
8,07 Castilla y León,5,Avila,5201,SAN BARTOLOMÉ DE PINARES
8,07 Castilla y León,5,Avila,5206,SAN ESTEBAN DE LOS PATOS
8,07 Castilla y León,5,Avila,5208,SAN ESTEBAN DE ZAPARDIEL
8,07 Castilla y León,5,Avila,5207,SAN ESTEBAN DEL VALLE
8,07 Castilla y León,5,Avila,5209,SAN GARCÍA DE INGELMOS
8,07 Castilla y León,5,Avila,5901,SAN JUAN DE GREDOS
8,07 Castilla y León,5,Avila,5210,SAN JUAN DE LA ENCINILLA
8,07 Castilla y León,5,Avila,5211,SAN JUAN DE LA NAVA
8,07 Castilla y León,5,Avila,5212,SAN JUAN DEL MOLINILLO
8,07 Castilla y León,5,Avila,5213,SAN JUAN DEL OLMO
8,07 Castilla y León,5,Avila,5214,SAN LORENZO DE TORMES
8,07 Castilla y León,5,Avila,5215,SAN MARTÍN DE LA VEGA DEL ALBERCHE
8,07 Castilla y León,5,Avila,5216,SAN MARTÍN DEL PIMPOLLAR
8,07 Castilla y León,5,Avila,5217,SAN MIGUEL DE CORNEJA
8,07 Castilla y León,5,Avila,5218,SAN MIGUEL DE SERREZUELA
8,07 Castilla y León,5,Avila,5219,SAN PASCUAL
8,07 Castilla y León,5,Avila,5220,SAN PEDRO DEL ARROYO
8,07 Castilla y León,5,Avila,5231,SAN VICENTE DE ARÉVALO
8,07 Castilla y León,5,Avila,5204,SANCHIDRIÁN
8,07 Castilla y León,5,Avila,5205,SANCHORREJA
8,07 Castilla y León,5,Avila,5222,SANTA CRUZ DE PINARES
8,07 Castilla y León,5,Avila,5221,SANTA CRUZ DEL VALLE
8,07 Castilla y León,5,Avila,5226,SANTA MARÍA DE LOS CABALLEROS
8,07 Castilla y León,5,Avila,5224,SANTA MARÍA DEL ARROYO
8,07 Castilla y León,5,Avila,5225,SANTA MARÍA DEL BERROCAL
8,07 Castilla y León,5,Avila,5902,SANTA MARÍA DEL CUBILLO
8,07 Castilla y León,5,Avila,5227,SANTA MARÍA DEL TIÉTAR
8,07 Castilla y León,5,Avila,5228,SANTIAGO DEL COLLADO
8,07 Castilla y León,5,Avila,5904,SANTIAGO DEL TORMES
8,07 Castilla y León,5,Avila,5229,SANTO DOMINGO DE LAS POSADAS
8,07 Castilla y León,5,Avila,5230,SANTO TOMÉ DE ZABARCOS
8,07 Castilla y León,5,Avila,5232,SERRADA (LA)
8,07 Castilla y León,5,Avila,5233,SERRANILLOS
8,07 Castilla y León,5,Avila,5234,SIGERES
8,07 Castilla y León,5,Avila,5235,SINLABAJOS
8,07 Castilla y León,5,Avila,5236,SOLANA DE ÁVILA
8,07 Castilla y León,5,Avila,5237,SOLANA DE RIOALMAR
8,07 Castilla y León,5,Avila,5238,SOLOSANCHO
8,07 Castilla y León,5,Avila,5239,SOTALBO
8,07 Castilla y León,5,Avila,5240,SOTILLO DE LA ADRADA
8,07 Castilla y León,5,Avila,5241,TIEMBLO (EL)
8,07 Castilla y León,5,Avila,5242,TIÑOSILLOS
8,07 Castilla y León,5,Avila,5243,TOLBAÑOS
8,07 Castilla y León,5,Avila,5244,TORMELLAS
8,07 Castilla y León,5,Avila,5245,TORNADIZOS DE ÁVILA
8,07 Castilla y León,5,Avila,5247,TORRE (LA)
8,07 Castilla y León,5,Avila,5246,TÓRTOLES
8,07 Castilla y León,5,Avila,5249,UMBRÍAS
8,07 Castilla y León,5,Avila,5251,VADILLO DE LA SIERRA
8,07 Castilla y León,5,Avila,5252,VALDECASA
8,07 Castilla y León,5,Avila,5253,VEGA DE SANTA MARÍA
8,07 Castilla y León,5,Avila,5254,VELAYOS
8,07 Castilla y León,5,Avila,5256,VILLAFLOR
8,07 Castilla y León,5,Avila,5257,VILLAFRANCA DE LA SIERRA
8,07 Castilla y León,5,Avila,5905,VILLANUEVA DE ÁVILA
8,07 Castilla y León,5,Avila,5258,VILLANUEVA DE GÓMEZ
8,07 Castilla y León,5,Avila,5259,VILLANUEVA DEL ACERAL
8,07 Castilla y León,5,Avila,5260,VILLANUEVA DEL CAMPILLO
8,07 Castilla y León,5,Avila,5261,VILLAR DE CORNEJA
8,07 Castilla y León,5,Avila,5262,VILLAREJO DEL VALLE
8,07 Castilla y León,5,Avila,5263,VILLATORO
8,07 Castilla y León,5,Avila,5264,VIÑEGRA DE MORAÑA
8,07 Castilla y León,5,Avila,5265,VITA
8,07 Castilla y León,5,Avila,5266,ZAPARDIEL DE LA CAÑADA
8,07 Castilla y León,5,Avila,5267,ZAPARDIEL DE LA RIBERA
8,07 Castilla y León,9,Burgos,9001,ABAJAS
8,07 Castilla y León,9,Burgos,9003,ADRADA DE HAZA
8,07 Castilla y León,9,Burgos,9006,AGUAS CÁNDIDAS
8,07 Castilla y León,9,Burgos,9007,AGUILAR DE BUREBA
8,07 Castilla y León,9,Burgos,9009,ALBILLOS
8,07 Castilla y León,9,Burgos,9010,ALCOCERO DE MOLA
8,07 Castilla y León,9,Burgos,9011,ALFOZ DE BRICIA
8,07 Castilla y León,9,Burgos,9907,ALFOZ DE QUINTANADUEÑAS
8,07 Castilla y León,9,Burgos,9012,ALFOZ DE SANTA GADEA
8,07 Castilla y León,9,Burgos,9013,ALTABLE
8,07 Castilla y León,9,Burgos,9014,ALTOS (LOS)
8,07 Castilla y León,9,Burgos,9016,AMEYUGO
8,07 Castilla y León,9,Burgos,9017,ANGUIX
8,07 Castilla y León,9,Burgos,9018,ARANDA DE DUERO
8,07 Castilla y León,9,Burgos,9019,ARANDILLA
8,07 Castilla y León,9,Burgos,9020,ARAUZO DE MIEL
8,07 Castilla y León,9,Burgos,9021,ARAUZO DE SALCE
8,07 Castilla y León,9,Burgos,9022,ARAUZO DE TORRE
8,07 Castilla y León,9,Burgos,9023,ARCOS
8,07 Castilla y León,9,Burgos,9024,ARENILLAS DE RIOPISUERGA
8,07 Castilla y León,9,Burgos,9025,ARIJA
8,07 Castilla y León,9,Burgos,9026,ARLANZÓN
8,07 Castilla y León,9,Burgos,9027,ARRAYA DE OCA
8,07 Castilla y León,9,Burgos,9029,ATAPUERCA
8,07 Castilla y León,9,Burgos,9030,AUSINES (LOS)
8,07 Castilla y León,9,Burgos,9032,AVELLANOSA DE MUÑÓ
8,07 Castilla y León,9,Burgos,9033,BAHABÓN DE ESGUEVA
8,07 Castilla y León,9,Burgos,9034,BALBASES (LOS)
8,07 Castilla y León,9,Burgos,9035,BAÑOS DE VALDEARADOS
8,07 Castilla y León,9,Burgos,9036,BAÑUELOS DE BUREBA
8,07 Castilla y León,9,Burgos,9037,BARBADILLO DE HERREROS
8,07 Castilla y León,9,Burgos,9038,BARBADILLO DEL MERCADO
8,07 Castilla y León,9,Burgos,9039,BARBADILLO DEL PEZ
8,07 Castilla y León,9,Burgos,9041,BARRIO DE MUÑÓ
8,07 Castilla y León,9,Burgos,9043,BARRIOS DE BUREBA (LOS)
8,07 Castilla y León,9,Burgos,9044,BARRIOS DE COLINA
8,07 Castilla y León,9,Burgos,9045,BASCONCILLOS DEL TOZO
8,07 Castilla y León,9,Burgos,9046,BASCUÑANA
8,07 Castilla y León,9,Burgos,9047,BELBIMBRE
8,07 Castilla y León,9,Burgos,9048,BELORADO
8,07 Castilla y León,9,Burgos,9050,BERBERANA
8,07 Castilla y León,9,Burgos,9051,BERLANGAS DE ROA
8,07 Castilla y León,9,Burgos,9052,BERZOSA DE BUREBA
8,07 Castilla y León,9,Burgos,9054,BOZOÓ
8,07 Castilla y León,9,Burgos,9055,BRAZACORTA
8,07 Castilla y León,9,Burgos,9056,BRIVIESCA
8,07 Castilla y León,9,Burgos,9057,BUGEDO
8,07 Castilla y León,9,Burgos,9058,BUNIEL
8,07 Castilla y León,9,Burgos,9059,BURGOS
8,07 Castilla y León,9,Burgos,9060,BUSTO DE BUREBA
8,07 Castilla y León,9,Burgos,9061,CABAÑES DE ESGUEVA
8,07 Castilla y León,9,Burgos,9062,CABEZÓN DE LA SIERRA
8,07 Castilla y León,9,Burgos,9064,CALERUEGA
8,07 Castilla y León,9,Burgos,9065,CAMPILLO DE ARANDA
8,07 Castilla y León,9,Burgos,9066,CAMPOLARA
8,07 Castilla y León,9,Burgos,9067,CANICOSA DE LA SIERRA
8,07 Castilla y León,9,Burgos,9068,CANTABRANA
8,07 Castilla y León,9,Burgos,9070,CARAZO
8,07 Castilla y León,9,Burgos,9071,CARCEDO DE BUREBA
8,07 Castilla y León,9,Burgos,9072,CARCEDO DE BURGOS
8,07 Castilla y León,9,Burgos,9073,CARDEÑADIJO
8,07 Castilla y León,9,Burgos,9074,CARDEÑAJIMENO
8,07 Castilla y León,9,Burgos,9075,CARDEÑUELA RIOPICO
8,07 Castilla y León,9,Burgos,9076,CARRIAS
8,07 Castilla y León,9,Burgos,9077,CASCAJARES DE BUREBA
8,07 Castilla y León,9,Burgos,9078,CASCAJARES DE LA SIERRA
8,07 Castilla y León,9,Burgos,9079,CASTELLANOS DE CASTRO
8,07 Castilla y León,9,Burgos,9083,CASTIL DE PEONES
8,07 Castilla y León,9,Burgos,9082,CASTILDELGADO
8,07 Castilla y León,9,Burgos,9084,CASTRILLO DE LA REINA
8,07 Castilla y León,9,Burgos,9085,CASTRILLO DE LA VEGA
8,07 Castilla y León,9,Burgos,9088,CASTRILLO DE RIOPISUERGA
8,07 Castilla y León,9,Burgos,9086,CASTRILLO DEL VAL
8,07 Castilla y León,9,Burgos,9090,CASTRILLO MOTA DE JUDÍOS
8,07 Castilla y León,9,Burgos,9091,CASTROJERIZ
8,07 Castilla y León,9,Burgos,9063,CAVIA
8,07 Castilla y León,9,Burgos,9093,CAYUELA
8,07 Castilla y León,9,Burgos,9094,CEBRECOS
8,07 Castilla y León,9,Burgos,9095,CELADA DEL CAMINO
8,07 Castilla y León,9,Burgos,9098,CEREZO DE RÍO TIRÓN
8,07 Castilla y León,9,Burgos,9100,CERRATÓN DE JUARROS
8,07 Castilla y León,9,Burgos,9101,CIADONCHA
8,07 Castilla y León,9,Burgos,9102,CILLAPERLATA
8,07 Castilla y León,9,Burgos,9103,CILLERUELO DE ABAJO
8,07 Castilla y León,9,Burgos,9104,CILLERUELO DE ARRIBA
8,07 Castilla y León,9,Burgos,9105,CIRUELOS DE CERVERA
8,07 Castilla y León,9,Burgos,9108,COGOLLOS
8,07 Castilla y León,9,Burgos,9109,CONDADO DE TREVIÑO
8,07 Castilla y León,9,Burgos,9110,CONTRERAS
8,07 Castilla y León,9,Burgos,9112,CORUÑA DEL CONDE
8,07 Castilla y León,9,Burgos,9113,COVARRUBIAS
8,07 Castilla y León,9,Burgos,9114,CUBILLO DEL CAMPO
8,07 Castilla y León,9,Burgos,9115,CUBO DE BUREBA
8,07 Castilla y León,9,Burgos,9117,CUEVA DE ROA (LA)
8,07 Castilla y León,9,Burgos,9119,CUEVAS DE SAN CLEMENTE
8,07 Castilla y León,9,Burgos,9120,ENCÍO
8,07 Castilla y León,9,Burgos,9122,ESPINOSA DE CERVERA
8,07 Castilla y León,9,Burgos,9124,ESPINOSA DE LOS MONTEROS
8,07 Castilla y León,9,Burgos,9123,ESPINOSA DEL CAMINO
8,07 Castilla y León,9,Burgos,9125,ESTÉPAR
8,07 Castilla y León,9,Burgos,9127,FONTIOSO
8,07 Castilla y León,9,Burgos,9128,FRANDOVÍNEZ
8,07 Castilla y León,9,Burgos,9129,FRESNEDA DE LA SIERRA TIRÓN
8,07 Castilla y León,9,Burgos,9130,FRESNEÑA
8,07 Castilla y León,9,Burgos,9131,FRESNILLO DE LAS DUEÑAS
8,07 Castilla y León,9,Burgos,9132,FRESNO DE RÍO TIRÓN
8,07 Castilla y León,9,Burgos,9133,FRESNO DE RODILLA
8,07 Castilla y León,9,Burgos,9134,FRÍAS
8,07 Castilla y León,9,Burgos,9135,FUENTEBUREBA
8,07 Castilla y León,9,Burgos,9136,FUENTECÉN
8,07 Castilla y León,9,Burgos,9137,FUENTELCÉSPED
8,07 Castilla y León,9,Burgos,9138,FUENTELISENDO
8,07 Castilla y León,9,Burgos,9139,FUENTEMOLINOS
8,07 Castilla y León,9,Burgos,9140,FUENTENEBRO
8,07 Castilla y León,9,Burgos,9141,FUENTESPINA
8,07 Castilla y León,9,Burgos,9143,GALBARROS
8,07 Castilla y León,9,Burgos,9144,GALLEGA (LA)
8,07 Castilla y León,9,Burgos,9148,GRIJALBA
8,07 Castilla y León,9,Burgos,9149,GRISALEÑA
8,07 Castilla y León,9,Burgos,9151,GUMIEL DE IZÁN
8,07 Castilla y León,9,Burgos,9152,GUMIEL DE MERCADO
8,07 Castilla y León,9,Burgos,9154,HACINAS
8,07 Castilla y León,9,Burgos,9155,HAZA
8,07 Castilla y León,9,Burgos,9159,HONTANAS
8,07 Castilla y León,9,Burgos,9160,HONTANGAS
8,07 Castilla y León,9,Burgos,9162,HONTORIA DE LA CANTERA
8,07 Castilla y León,9,Burgos,9164,HONTORIA DE VALDEARADOS
8,07 Castilla y León,9,Burgos,9163,HONTORIA DEL PINAR
8,07 Castilla y León,9,Burgos,9166,HORMAZAS (LAS)
8,07 Castilla y León,9,Burgos,9167,HORNILLOS DEL CAMINO
8,07 Castilla y León,9,Burgos,9168,HORRA (LA)
8,07 Castilla y León,9,Burgos,9169,HORTIGÜELA
8,07 Castilla y León,9,Burgos,9170,HOYALES DE ROA
8,07 Castilla y León,9,Burgos,9172,HUÉRMECES
8,07 Castilla y León,9,Burgos,9173,HUERTA DE ARRIBA
8,07 Castilla y León,9,Burgos,9174,HUERTA DE REY
8,07 Castilla y León,9,Burgos,9175,HUMADA
8,07 Castilla y León,9,Burgos,9176,HURONES
8,07 Castilla y León,9,Burgos,9177,IBEAS DE JUARROS
8,07 Castilla y León,9,Burgos,9178,IBRILLOS
8,07 Castilla y León,9,Burgos,9179,IGLESIARRUBIA
8,07 Castilla y León,9,Burgos,9180,IGLESIAS
8,07 Castilla y León,9,Burgos,9181,ISAR
8,07 Castilla y León,9,Burgos,9182,ITERO DEL CASTILLO
8,07 Castilla y León,9,Burgos,9183,JARAMILLO DE LA FUENTE
8,07 Castilla y León,9,Burgos,9184,JARAMILLO QUEMADO
8,07 Castilla y León,9,Burgos,9189,JUNTA DE TRASLALOMA
8,07 Castilla y León,9,Burgos,9190,JUNTA DE VILLALBA DE LOSA
8,07 Castilla y León,9,Burgos,9191,JURISDICCIÓN DE LARA
8,07 Castilla y León,9,Burgos,9192,JURISDICCIÓN DE SAN ZADORNIL
8,07 Castilla y León,9,Burgos,9194,LERMA
8,07 Castilla y León,9,Burgos,9195,LLANO DE BUREBA
8,07 Castilla y León,9,Burgos,9196,MADRIGAL DEL MONTE
8,07 Castilla y León,9,Burgos,9197,MADRIGALEJO DEL MONTE
8,07 Castilla y León,9,Burgos,9198,MAHAMUD
8,07 Castilla y León,9,Burgos,9199,MAMBRILLA DE CASTREJÓN
8,07 Castilla y León,9,Burgos,9200,MAMBRILLAS DE LARA
8,07 Castilla y León,9,Burgos,9201,MAMOLAR
8,07 Castilla y León,9,Burgos,9202,MANCILES
8,07 Castilla y León,9,Burgos,9206,MAZUELA
8,07 Castilla y León,9,Burgos,9208,MECERREYES
8,07 Castilla y León,9,Burgos,9209,MEDINA DE POMAR
8,07 Castilla y León,9,Burgos,9211,MELGAR DE FERNAMENTAL
8,07 Castilla y León,9,Burgos,9213,MERINDAD DE CUESTA-URRIA
8,07 Castilla y León,9,Burgos,9214,MERINDAD DE MONTIJA
8,07 Castilla y León,9,Burgos,9906,MERINDAD DE RÍO UBIERNA
8,07 Castilla y León,9,Burgos,9215,MERINDAD DE SOTOSCUEVA
8,07 Castilla y León,9,Burgos,9216,MERINDAD DE VALDEPORRES
8,07 Castilla y León,9,Burgos,9217,MERINDAD DE VALDIVIELSO
8,07 Castilla y León,9,Burgos,9218,MILAGROS
8,07 Castilla y León,9,Burgos,9219,MIRANDA DE EBRO
8,07 Castilla y León,9,Burgos,9220,MIRAVECHE
8,07 Castilla y León,9,Burgos,9221,MODÚBAR DE LA EMPAREDADA
8,07 Castilla y León,9,Burgos,9223,MONASTERIO DE LA SIERRA
8,07 Castilla y León,9,Burgos,9224,MONASTERIO DE RODILLA
8,07 Castilla y León,9,Burgos,9225,MONCALVILLO
8,07 Castilla y León,9,Burgos,9226,MONTERRUBIO DE LA DEMANDA
8,07 Castilla y León,9,Burgos,9227,MONTORIO
8,07 Castilla y León,9,Burgos,9228,MORADILLO DE ROA
8,07 Castilla y León,9,Burgos,9229,NAVA DE ROA
8,07 Castilla y León,9,Burgos,9230,NAVAS DE BUREBA
8,07 Castilla y León,9,Burgos,9231,NEBREDA
8,07 Castilla y León,9,Burgos,9232,NEILA
8,07 Castilla y León,9,Burgos,9235,OLMEDILLO DE ROA
8,07 Castilla y León,9,Burgos,9236,OLMILLOS DE MUÑÓ
8,07 Castilla y León,9,Burgos,9238,OÑA
8,07 Castilla y León,9,Burgos,9239,OQUILLAS
8,07 Castilla y León,9,Burgos,9241,ORBANEJA RIOPICO
8,07 Castilla y León,9,Burgos,9242,PADILLA DE ABAJO
8,07 Castilla y León,9,Burgos,9243,PADILLA DE ARRIBA
8,07 Castilla y León,9,Burgos,9244,PADRONES DE BUREBA
8,07 Castilla y León,9,Burgos,9246,PALACIOS DE LA SIERRA
8,07 Castilla y León,9,Burgos,9247,PALACIOS DE RIOPISUERGA
8,07 Castilla y León,9,Burgos,9248,PALAZUELOS DE LA SIERRA
8,07 Castilla y León,9,Burgos,9249,PALAZUELOS DE MUÑÓ
8,07 Castilla y León,9,Burgos,9250,PAMPLIEGA
8,07 Castilla y León,9,Burgos,9251,PANCORBO
8,07 Castilla y León,9,Burgos,9253,PARDILLA
8,07 Castilla y León,9,Burgos,9255,PARTIDO DE LA SIERRA EN TOBALINA
8,07 Castilla y León,9,Burgos,9256,PEDROSA DE DUERO
8,07 Castilla y León,9,Burgos,9259,PEDROSA DE RÍO ÚRBEL
8,07 Castilla y León,9,Burgos,9257,PEDROSA DEL PÁRAMO
8,07 Castilla y León,9,Burgos,9258,PEDROSA DEL PRÍNCIPE
8,07 Castilla y León,9,Burgos,9261,PEÑARANDA DE DUERO
8,07 Castilla y León,9,Burgos,9262,PERAL DE ARLANZA
8,07 Castilla y León,9,Burgos,9265,PIÉRNIGAS
8,07 Castilla y León,9,Burgos,9266,PINEDA DE LA SIERRA
8,07 Castilla y León,9,Burgos,9267,PINEDA TRASMONTE
8,07 Castilla y León,9,Burgos,9268,PINILLA DE LOS BARRUECOS
8,07 Castilla y León,9,Burgos,9269,PINILLA DE LOS MOROS
8,07 Castilla y León,9,Burgos,9270,PINILLA TRASMONTE
8,07 Castilla y León,9,Burgos,9272,POZA DE LA SAL
8,07 Castilla y León,9,Burgos,9273,PRÁDANOS DE BUREBA
8,07 Castilla y León,9,Burgos,9274,PRADOLUENGO
8,07 Castilla y León,9,Burgos,9275,PRESENCIO
8,07 Castilla y León,9,Burgos,9276,PUEBLA DE ARGANZÓN (LA)
8,07 Castilla y León,9,Burgos,9277,PUENTEDURA
8,07 Castilla y León,9,Burgos,9279,QUEMADA
8,07 Castilla y León,9,Burgos,9281,QUINTANA DEL PIDIO
8,07 Castilla y León,9,Burgos,9280,QUINTANABUREBA
8,07 Castilla y León,9,Burgos,9283,QUINTANAÉLEZ
8,07 Castilla y León,9,Burgos,9287,QUINTANAORTUÑO
8,07 Castilla y León,9,Burgos,9288,QUINTANAPALLA
8,07 Castilla y León,9,Burgos,9289,QUINTANAR DE LA SIERRA
8,07 Castilla y León,9,Burgos,9292,QUINTANAVIDES
8,07 Castilla y León,9,Burgos,9294,QUINTANILLA DE LA MATA
8,07 Castilla y León,9,Burgos,9901,QUINTANILLA DEL AGUA Y TORDUELES
8,07 Castilla y León,9,Burgos,9295,QUINTANILLA DEL COCO
8,07 Castilla y León,9,Burgos,9298,QUINTANILLA SAN GARCÍA
8,07 Castilla y León,9,Burgos,9301,QUINTANILLA VIVAR
8,07 Castilla y León,9,Burgos,9297,QUINTANILLAS (LAS)
8,07 Castilla y León,9,Burgos,9302,RABANERA DEL PINAR
8,07 Castilla y León,9,Burgos,9303,RÁBANOS
8,07 Castilla y León,9,Burgos,9304,RABÉ DE LAS CALZADAS
8,07 Castilla y León,9,Burgos,9306,REBOLLEDO DE LA TORRE
8,07 Castilla y León,9,Burgos,9307,REDECILLA DEL CAMINO
8,07 Castilla y León,9,Burgos,9308,REDECILLA DEL CAMPO
8,07 Castilla y León,9,Burgos,9309,REGUMIEL DE LA SIERRA
8,07 Castilla y León,9,Burgos,9310,REINOSO
8,07 Castilla y León,9,Burgos,9311,RETUERTA
8,07 Castilla y León,9,Burgos,9314,REVILLA DEL CAMPO
8,07 Castilla y León,9,Burgos,9316,REVILLA VALLEJERA
8,07 Castilla y León,9,Burgos,9312,REVILLA Y AHEDO (LA)
8,07 Castilla y León,9,Burgos,9315,REVILLARRUZ
8,07 Castilla y León,9,Burgos,9317,REZMONDO
8,07 Castilla y León,9,Burgos,9318,RIOCAVADO DE LA SIERRA
8,07 Castilla y León,9,Burgos,9321,ROA
8,07 Castilla y León,9,Burgos,9323,ROJAS
8,07 Castilla y León,9,Burgos,9325,ROYUELA DE RÍO FRANCO
8,07 Castilla y León,9,Burgos,9326,RUBENA
8,07 Castilla y León,9,Burgos,9327,RUBLACEDO DE ABAJO
8,07 Castilla y León,9,Burgos,9328,RUCANDIO
8,07 Castilla y León,9,Burgos,9329,SALAS DE BUREBA
8,07 Castilla y León,9,Burgos,9330,SALAS DE LOS INFANTES
8,07 Castilla y León,9,Burgos,9332,SALDAÑA DE BURGOS
8,07 Castilla y León,9,Burgos,9334,SALINILLAS DE BUREBA
8,07 Castilla y León,9,Burgos,9335,SAN ADRIÁN DE JUARROS
8,07 Castilla y León,9,Burgos,9337,SAN JUAN DEL MONTE
8,07 Castilla y León,9,Burgos,9338,SAN MAMÉS DE BURGOS
8,07 Castilla y León,9,Burgos,9339,SAN MARTÍN DE RUBIALES
8,07 Castilla y León,9,Burgos,9340,SAN MILLÁN DE LARA
8,07 Castilla y León,9,Burgos,9360,SAN VICENTE DEL VALLE
8,07 Castilla y León,9,Burgos,9343,SANTA CECILIA
8,07 Castilla y León,9,Burgos,9345,SANTA CRUZ DE LA SALCEDA
8,07 Castilla y León,9,Burgos,9346,SANTA CRUZ DEL VALLE URBIÓN
8,07 Castilla y León,9,Burgos,9347,SANTA GADEA DEL CID
8,07 Castilla y León,9,Burgos,9348,SANTA INÉS
8,07 Castilla y León,9,Burgos,9350,SANTA MARÍA DEL CAMPO
8,07 Castilla y León,9,Burgos,9351,SANTA MARÍA DEL INVIERNO
8,07 Castilla y León,9,Burgos,9352,SANTA MARÍA DEL MERCADILLO
8,07 Castilla y León,9,Burgos,9353,SANTA MARÍA RIVARREDONDA
8,07 Castilla y León,9,Burgos,9354,SANTA OLALLA DE BUREBA
8,07 Castilla y León,9,Burgos,9355,SANTIBÁÑEZ DE ESGUEVA
8,07 Castilla y León,9,Burgos,9356,SANTIBÁÑEZ DEL VAL
8,07 Castilla y León,9,Burgos,9358,SANTO DOMINGO DE SILOS
8,07 Castilla y León,9,Burgos,9361,SARGENTES DE LA LORA
8,07 Castilla y León,9,Burgos,9362,SARRACÍN
8,07 Castilla y León,9,Burgos,9363,SASAMÓN
8,07 Castilla y León,9,Burgos,9365,SEQUERA DE HAZA (LA)
8,07 Castilla y León,9,Burgos,9366,SOLARANA
8,07 Castilla y León,9,Burgos,9368,SORDILLOS
8,07 Castilla y León,9,Burgos,9369,SOTILLO DE LA RIBERA
8,07 Castilla y León,9,Burgos,9372,SOTRAGERO
8,07 Castilla y León,9,Burgos,9373,SOTRESGUDO
8,07 Castilla y León,9,Burgos,9374,SUSINOS DEL PÁRAMO
8,07 Castilla y León,9,Burgos,9375,TAMARÓN
8,07 Castilla y León,9,Burgos,9377,TARDAJOS
8,07 Castilla y León,9,Burgos,9378,TEJADA
8,07 Castilla y León,9,Burgos,9380,TERRADILLOS DE ESGUEVA
8,07 Castilla y León,9,Burgos,9381,TINIEBLAS DE LA SIERRA
8,07 Castilla y León,9,Burgos,9382,TOBAR
8,07 Castilla y León,9,Burgos,9384,TORDÓMAR
8,07 Castilla y León,9,Burgos,9386,TORRECILLA DEL MONTE
8,07 Castilla y León,9,Burgos,9387,TORREGALINDO
8,07 Castilla y León,9,Burgos,9388,TORRELARA
8,07 Castilla y León,9,Burgos,9389,TORREPADRE
8,07 Castilla y León,9,Burgos,9390,TORRESANDINO
8,07 Castilla y León,9,Burgos,9391,TÓRTOLES DE ESGUEVA
8,07 Castilla y León,9,Burgos,9392,TOSANTOS
8,07 Castilla y León,9,Burgos,9394,TRESPADERNE
8,07 Castilla y León,9,Burgos,9395,TUBILLA DEL AGUA
8,07 Castilla y León,9,Burgos,9396,TUBILLA DEL LAGO
8,07 Castilla y León,9,Burgos,9398,ÚRBEL DEL CASTILLO
8,07 Castilla y León,9,Burgos,9400,VADOCONDES
8,07 Castilla y León,9,Burgos,9403,VALDEANDE
8,07 Castilla y León,9,Burgos,9405,VALDEZATE
8,07 Castilla y León,9,Burgos,9406,VALDORROS
8,07 Castilla y León,9,Burgos,9408,VALLARTA DE BUREBA
8,07 Castilla y León,9,Burgos,9904,VALLE DE LAS NAVAS
8,07 Castilla y León,9,Burgos,9908,VALLE DE LOSA
8,07 Castilla y León,9,Burgos,9409,VALLE DE MANZANEDO
8,07 Castilla y León,9,Burgos,9410,VALLE DE MENA
8,07 Castilla y León,9,Burgos,9411,VALLE DE OCA
8,07 Castilla y León,9,Burgos,9902,VALLE DE SANTIBÁÑEZ
8,07 Castilla y León,9,Burgos,9905,VALLE DE SEDANO
8,07 Castilla y León,9,Burgos,9412,VALLE DE TOBALINA
8,07 Castilla y León,9,Burgos,9413,VALLE DE VALDEBEZANA
8,07 Castilla y León,9,Burgos,9414,VALLE DE VALDELAGUNA
8,07 Castilla y León,9,Burgos,9415,VALLE DE VALDELUCIO
8,07 Castilla y León,9,Burgos,9416,VALLE DE ZAMANZAS
8,07 Castilla y León,9,Burgos,9417,VALLEJERA
8,07 Castilla y León,9,Burgos,9418,VALLES DE PALENZUELA
8,07 Castilla y León,9,Burgos,9419,VALLUÉRCANES
8,07 Castilla y León,9,Burgos,9407,VALMALA
8,07 Castilla y León,9,Burgos,9422,VID DE BUREBA (LA)
8,07 Castilla y León,9,Burgos,9421,VID Y BARRIOS (LA)
8,07 Castilla y León,9,Burgos,9423,VILEÑA
8,07 Castilla y León,9,Burgos,9427,VILLADIEGO
8,07 Castilla y León,9,Burgos,9428,VILLAESCUSA DE ROA
8,07 Castilla y León,9,Burgos,9429,VILLAESCUSA LA SOMBRÍA
8,07 Castilla y León,9,Burgos,9430,VILLAESPASA
8,07 Castilla y León,9,Burgos,9431,VILLAFRANCA MONTES DE OCA
8,07 Castilla y León,9,Burgos,9432,VILLAFRUELA
8,07 Castilla y León,9,Burgos,9433,VILLAGALIJO
8,07 Castilla y León,9,Burgos,9434,VILLAGONZALO PEDERNALES
8,07 Castilla y León,9,Burgos,9437,VILLAHOZ
8,07 Castilla y León,9,Burgos,9438,VILLALBA DE DUERO
8,07 Castilla y León,9,Burgos,9439,VILLALBILLA DE BURGOS
8,07 Castilla y León,9,Burgos,9440,VILLALBILLA DE GUMIEL
8,07 Castilla y León,9,Burgos,9441,VILLALDEMIRO
8,07 Castilla y León,9,Burgos,9442,VILLALMANZO
8,07 Castilla y León,9,Burgos,9443,VILLAMAYOR DE LOS MONTES
8,07 Castilla y León,9,Burgos,9444,VILLAMAYOR DE TREVIÑO
8,07 Castilla y León,9,Burgos,9445,VILLAMBISTIA
8,07 Castilla y León,9,Burgos,9446,VILLAMEDIANILLA
8,07 Castilla y León,9,Burgos,9447,VILLAMIEL DE LA SIERRA
8,07 Castilla y León,9,Burgos,9448,VILLANGÓMEZ
8,07 Castilla y León,9,Burgos,9449,VILLANUEVA DE ARGAÑO
8,07 Castilla y León,9,Burgos,9450,VILLANUEVA DE CARAZO
8,07 Castilla y León,9,Burgos,9451,VILLANUEVA DE GUMIEL
8,07 Castilla y León,9,Burgos,9454,VILLANUEVA DE TEBA
8,07 Castilla y León,9,Burgos,9455,VILLAQUIRÁN DE LA PUEBLA
8,07 Castilla y León,9,Burgos,9456,VILLAQUIRÁN DE LOS INFANTES
8,07 Castilla y León,9,Burgos,9903,VILLARCAYO DE MERINDAD DE CASTILLA LA VIEJA
8,07 Castilla y León,9,Burgos,9458,VILLARIEZO
8,07 Castilla y León,9,Burgos,9460,VILLASANDINO
8,07 Castilla y León,9,Burgos,9463,VILLASUR DE HERREROS
8,07 Castilla y León,9,Burgos,9464,VILLATUELDA
8,07 Castilla y León,9,Burgos,9466,VILLAVERDE DEL MONTE
8,07 Castilla y León,9,Burgos,9467,VILLAVERDE-MOGINA
8,07 Castilla y León,9,Burgos,9471,VILLAYERNO MORQUILLAS
8,07 Castilla y León,9,Burgos,9472,VILLAZOPEQUE
8,07 Castilla y León,9,Burgos,9473,VILLEGAS
8,07 Castilla y León,9,Burgos,9476,VILLORUEBO
8,07 Castilla y León,9,Burgos,9424,VILORIA DE RIOJA
8,07 Castilla y León,9,Burgos,9425,VILVIESTRE DEL PINAR
8,07 Castilla y León,9,Burgos,9478,VIZCAÍNOS
8,07 Castilla y León,9,Burgos,9480,ZAEL
8,07 Castilla y León,9,Burgos,9482,ZARZOSA DE RÍO PISUERGA
8,07 Castilla y León,9,Burgos,9483,ZAZUAR
8,07 Castilla y León,9,Burgos,9485,ZUÑEDA
8,07 Castilla y León,24,León,24001,ACEBEDO
8,07 Castilla y León,24,León,24002,ALGADEFE
8,07 Castilla y León,24,León,24003,ALIJA DEL INFANTADO
8,07 Castilla y León,24,León,24004,ALMANZA
8,07 Castilla y León,24,León,24005,ANTIGUA (LA)
8,07 Castilla y León,24,León,24006,ARDÓN
8,07 Castilla y León,24,León,24007,ARGANZA
8,07 Castilla y León,24,León,24008,ASTORGA
8,07 Castilla y León,24,León,24009,BALBOA
8,07 Castilla y León,24,León,24010,BAÑEZA (LA)
8,07 Castilla y León,24,León,24011,BARJAS
8,07 Castilla y León,24,León,24012,BARRIOS DE LUNA (LOS)
8,07 Castilla y León,24,León,24014,BEMBIBRE
8,07 Castilla y León,24,León,24015,BENAVIDES
8,07 Castilla y León,24,León,24016,BENUZA
8,07 Castilla y León,24,León,24017,BERCIANOS DEL PÁRAMO
8,07 Castilla y León,24,León,24018,BERCIANOS DEL REAL CAMINO
8,07 Castilla y León,24,León,24019,BERLANGA DEL BIERZO
8,07 Castilla y León,24,León,24020,BOCA DE HUÉRGANO
8,07 Castilla y León,24,León,24021,BOÑAR
8,07 Castilla y León,24,León,24022,BORRENES
8,07 Castilla y León,24,León,24023,BRAZUELO
8,07 Castilla y León,24,León,24024,BURGO RANERO (EL)
8,07 Castilla y León,24,León,24025,BURÓN
8,07 Castilla y León,24,León,24026,BUSTILLO DEL PÁRAMO
8,07 Castilla y León,24,León,24027,CABAÑAS RARAS
8,07 Castilla y León,24,León,24028,CABREROS DEL RÍO
8,07 Castilla y León,24,León,24029,CABRILLANES
8,07 Castilla y León,24,León,24030,CACABELOS
8,07 Castilla y León,24,León,24031,CALZADA DEL COTO
8,07 Castilla y León,24,León,24032,CAMPAZAS
8,07 Castilla y León,24,León,24033,CAMPO DE VILLAVIDEL
8,07 Castilla y León,24,León,24034,CAMPONARAYA
8,07 Castilla y León,24,León,24036,CANDÍN
8,07 Castilla y León,24,León,24037,CÁRMENES
8,07 Castilla y León,24,León,24038,CARRACEDELO
8,07 Castilla y León,24,León,24039,CARRIZO
8,07 Castilla y León,24,León,24040,CARROCERA
8,07 Castilla y León,24,León,24041,CARUCEDO
8,07 Castilla y León,24,León,24042,CASTILFALÉ
8,07 Castilla y León,24,León,24043,CASTRILLO DE CABRERA
8,07 Castilla y León,24,León,24044,CASTRILLO DE LA VALDUERNA
8,07 Castilla y León,24,León,24046,CASTROCALBÓN
8,07 Castilla y León,24,León,24047,CASTROCONTRIGO
8,07 Castilla y León,24,León,24049,CASTROPODAME
8,07 Castilla y León,24,León,24050,CASTROTIERRA DE VALMADRIGAL
8,07 Castilla y León,24,León,24051,CEA
8,07 Castilla y León,24,León,24052,CEBANICO
8,07 Castilla y León,24,León,24053,CEBRONES DEL RÍO
8,07 Castilla y León,24,León,24065,CHOZAS DE ABAJO
8,07 Castilla y León,24,León,24054,CIMANES DE LA VEGA
8,07 Castilla y León,24,León,24055,CIMANES DEL TEJAR
8,07 Castilla y León,24,León,24056,CISTIERNA
8,07 Castilla y León,24,León,24057,CONGOSTO
8,07 Castilla y León,24,León,24058,CORBILLOS DE LOS OTEROS
8,07 Castilla y León,24,León,24059,CORULLÓN
8,07 Castilla y León,24,León,24060,CRÉMENES
8,07 Castilla y León,24,León,24061,CUADROS
8,07 Castilla y León,24,León,24062,CUBILLAS DE LOS OTEROS
8,07 Castilla y León,24,León,24063,CUBILLAS DE RUEDA
8,07 Castilla y León,24,León,24064,CUBILLOS DEL SIL
8,07 Castilla y León,24,León,24066,DESTRIANA
8,07 Castilla y León,24,León,24067,ENCINEDO
8,07 Castilla y León,24,León,24068,ERCINA (LA)
8,07 Castilla y León,24,León,24069,ESCOBAR DE CAMPOS
8,07 Castilla y León,24,León,24070,FABERO
8,07 Castilla y León,24,León,24071,FOLGOSO DE LA RIBERA
8,07 Castilla y León,24,León,24073,FRESNO DE LA VEGA
8,07 Castilla y León,24,León,24074,FUENTES DE CARBAJAL
8,07 Castilla y León,24,León,24076,GARRAFE DE TORÍO
8,07 Castilla y León,24,León,24077,GORDALIZA DEL PINO
8,07 Castilla y León,24,León,24078,GORDONCILLO
8,07 Castilla y León,24,León,24079,GRADEFES
8,07 Castilla y León,24,León,24080,GRAJAL DE CAMPOS
8,07 Castilla y León,24,León,24081,GUSENDOS DE LOS OTEROS
8,07 Castilla y León,24,León,24082,HOSPITAL DE ÓRBIGO
8,07 Castilla y León,24,León,24083,IGÜEÑA
8,07 Castilla y León,24,León,24084,IZAGRE
8,07 Castilla y León,24,León,24086,JOARILLA DE LAS MATAS
8,07 Castilla y León,24,León,24087,LAGUNA DALGA
8,07 Castilla y León,24,León,24088,LAGUNA DE NEGRILLOS
8,07 Castilla y León,24,León,24089,LEÓN
8,07 Castilla y León,24,León,24092,LLAMAS DE LA RIBERA
8,07 Castilla y León,24,León,24090,LUCILLO
8,07 Castilla y León,24,León,24091,LUYEGO
8,07 Castilla y León,24,León,24093,MAGAZ DE CEPEDA
8,07 Castilla y León,24,León,24094,MANSILLA DE LAS MULAS
8,07 Castilla y León,24,León,24095,MANSILLA MAYOR
8,07 Castilla y León,24,León,24096,MARAÑA
8,07 Castilla y León,24,León,24097,MATADEÓN DE LOS OTEROS
8,07 Castilla y León,24,León,24098,MATALLANA DE TORÍO
8,07 Castilla y León,24,León,24099,MATANZA
8,07 Castilla y León,24,León,24100,MOLINASECA
8,07 Castilla y León,24,León,24101,MURIAS DE PAREDES
8,07 Castilla y León,24,León,24102,NOCEDA DEL BIERZO
8,07 Castilla y León,24,León,24103,OENCIA
8,07 Castilla y León,24,León,24104,OMAÑAS (LAS)
8,07 Castilla y León,24,León,24105,ONZONILLA
8,07 Castilla y León,24,León,24106,OSEJA DE SAJAMBRE
8,07 Castilla y León,24,León,24107,PAJARES DE LOS OTEROS
8,07 Castilla y León,24,León,24108,PALACIOS DE LA VALDUERNA
8,07 Castilla y León,24,León,24109,PALACIOS DEL SIL
8,07 Castilla y León,24,León,24110,PÁRAMO DEL SIL
8,07 Castilla y León,24,León,24112,PERANZANES
8,07 Castilla y León,24,León,24113,POBLADURA DE PELAYO GARCÍA
8,07 Castilla y León,24,León,24114,POLA DE GORDÓN (LA)
8,07 Castilla y León,24,León,24115,PONFERRADA
8,07 Castilla y León,24,León,24116,POSADA DE VALDEÓN
8,07 Castilla y León,24,León,24117,POZUELO DEL PÁRAMO
8,07 Castilla y León,24,León,24118,PRADO DE LA GUZPEÑA
8,07 Castilla y León,24,León,24119,PRIARANZA DEL BIERZO
8,07 Castilla y León,24,León,24120,PRIORO
8,07 Castilla y León,24,León,24121,PUEBLA DE LILLO
8,07 Castilla y León,24,León,24122,PUENTE DE DOMINGO FLÓREZ
8,07 Castilla y León,24,León,24123,QUINTANA DEL CASTILLO
8,07 Castilla y León,24,León,24124,QUINTANA DEL MARCO
8,07 Castilla y León,24,León,24125,QUINTANA Y CONGOSTO
8,07 Castilla y León,24,León,24127,REGUERAS DE ARRIBA
8,07 Castilla y León,24,León,24129,REYERO
8,07 Castilla y León,24,León,24130,RIAÑO
8,07 Castilla y León,24,León,24131,RIEGO DE LA VEGA
8,07 Castilla y León,24,León,24132,RIELLO
8,07 Castilla y León,24,León,24133,RIOSECO DE TAPIA
8,07 Castilla y León,24,León,24134,ROBLA (LA)
8,07 Castilla y León,24,León,24136,ROPERUELOS DEL PÁRAMO
8,07 Castilla y León,24,León,24137,SABERO
8,07 Castilla y León,24,León,24139,SAHAGÚN
8,07 Castilla y León,24,León,24141,SAN ADRIÁN DEL VALLE
8,07 Castilla y León,24,León,24142,SAN ANDRÉS DEL RABANEDO
8,07 Castilla y León,24,León,24144,SAN CRISTÓBAL DE LA POLANTERA
8,07 Castilla y León,24,León,24145,SAN EMILIANO
8,07 Castilla y León,24,León,24146,SAN ESTEBAN DE NOGALES
8,07 Castilla y León,24,León,24148,SAN JUSTO DE LA VEGA
8,07 Castilla y León,24,León,24149,SAN MILLÁN DE LOS CABALLEROS
8,07 Castilla y León,24,León,24150,SAN PEDRO BERCIANOS
8,07 Castilla y León,24,León,24143,SANCEDO
8,07 Castilla y León,24,León,24151,SANTA COLOMBA DE CURUEÑO
8,07 Castilla y León,24,León,24152,SANTA COLOMBA DE SOMOZA
8,07 Castilla y León,24,León,24153,SANTA CRISTINA DE VALMADRIGAL
8,07 Castilla y León,24,León,24154,SANTA ELENA DE JAMUZ
8,07 Castilla y León,24,León,24155,SANTA MARÍA DE LA ISLA
8,07 Castilla y León,24,León,24158,SANTA MARÍA DE ORDÁS
8,07 Castilla y León,24,León,24156,SANTA MARÍA DEL MONTE DE CEA
8,07 Castilla y León,24,León,24157,SANTA MARÍA DEL PÁRAMO
8,07 Castilla y León,24,León,24159,SANTA MARINA DEL REY
8,07 Castilla y León,24,León,24160,SANTAS MARTAS
8,07 Castilla y León,24,León,24161,SANTIAGO MILLAS
8,07 Castilla y León,24,León,24162,SANTOVENIA DE LA VALDONCINA
8,07 Castilla y León,24,León,24163,SARIEGOS
8,07 Castilla y León,24,León,24164,SENA DE LUNA
8,07 Castilla y León,24,León,24165,SOBRADO
8,07 Castilla y León,24,León,24166,SOTO DE LA VEGA
8,07 Castilla y León,24,León,24167,SOTO Y AMÍO
8,07 Castilla y León,24,León,24168,TORAL DE LOS GUZMANES
8,07 Castilla y León,24,León,24206,TORAL DE LOS VADOS
8,07 Castilla y León,24,León,24169,TORENO
8,07 Castilla y León,24,León,24170,TORRE DEL BIERZO
8,07 Castilla y León,24,León,24171,TRABADELO
8,07 Castilla y León,24,León,24172,TRUCHAS
8,07 Castilla y León,24,León,24173,TURCIA
8,07 Castilla y León,24,León,24174,URDIALES DEL PÁRAMO
8,07 Castilla y León,24,León,24185,VAL DE SAN LORENZO
8,07 Castilla y León,24,León,24175,VALDEFRESNO
8,07 Castilla y León,24,León,24176,VALDEFUENTES DEL PÁRAMO
8,07 Castilla y León,24,León,24177,VALDELUGUEROS
8,07 Castilla y León,24,León,24178,VALDEMORA
8,07 Castilla y León,24,León,24179,VALDEPIÉLAGO
8,07 Castilla y León,24,León,24180,VALDEPOLO
8,07 Castilla y León,24,León,24181,VALDERAS
8,07 Castilla y León,24,León,24182,VALDERREY
8,07 Castilla y León,24,León,24183,VALDERRUEDA
8,07 Castilla y León,24,León,24184,VALDESAMARIO
8,07 Castilla y León,24,León,24187,VALDEVIMBRE
8,07 Castilla y León,24,León,24188,VALENCIA DE DON JUAN
8,07 Castilla y León,24,León,24191,VALLECILLO
8,07 Castilla y León,24,León,24189,VALVERDE DE LA VIRGEN
8,07 Castilla y León,24,León,24190,VALVERDE-ENRIQUE
8,07 Castilla y León,24,León,24193,VECILLA (LA)
8,07 Castilla y León,24,León,24196,VEGA DE ESPINAREDA
8,07 Castilla y León,24,León,24197,VEGA DE INFANZONES
8,07 Castilla y León,24,León,24198,VEGA DE VALCARCE
8,07 Castilla y León,24,León,24194,VEGACERVERA
8,07 Castilla y León,24,León,24199,VEGAQUEMADA
8,07 Castilla y León,24,León,24201,VEGAS DEL CONDADO
8,07 Castilla y León,24,León,24202,VILLABLINO
8,07 Castilla y León,24,León,24203,VILLABRAZ
8,07 Castilla y León,24,León,24205,VILLADANGOS DEL PÁRAMO
8,07 Castilla y León,24,León,24207,VILLADEMOR DE LA VEGA
8,07 Castilla y León,24,León,24209,VILLAFRANCA DEL BIERZO
8,07 Castilla y León,24,León,24210,VILLAGATÓN
8,07 Castilla y León,24,León,24211,VILLAMANDOS
8,07 Castilla y León,24,León,24901,VILLAMANÍN
8,07 Castilla y León,24,León,24212,VILLAMAÑÁN
8,07 Castilla y León,24,León,24213,VILLAMARTÍN DE DON SANCHO
8,07 Castilla y León,24,León,24214,VILLAMEJIL
8,07 Castilla y León,24,León,24215,VILLAMOL
8,07 Castilla y León,24,León,24216,VILLAMONTÁN DE LA VALDUERNA
8,07 Castilla y León,24,León,24217,VILLAMORATIEL DE LAS MATAS
8,07 Castilla y León,24,León,24218,VILLANUEVA DE LAS MANZANAS
8,07 Castilla y León,24,León,24219,VILLAOBISPO DE OTERO
8,07 Castilla y León,24,León,24902,VILLAORNATE Y CASTRO
8,07 Castilla y León,24,León,24221,VILLAQUEJIDA
8,07 Castilla y León,24,León,24222,VILLAQUILAMBRE
8,07 Castilla y León,24,León,24223,VILLAREJO DE ÓRBIGO
8,07 Castilla y León,24,León,24224,VILLARES DE ÓRBIGO
8,07 Castilla y León,24,León,24225,VILLASABARIEGO
8,07 Castilla y León,24,León,24226,VILLASELÁN
8,07 Castilla y León,24,León,24227,VILLATURIEL
8,07 Castilla y León,24,León,24228,VILLAZALA
8,07 Castilla y León,24,León,24229,VILLAZANZO DE VALDERADUEY
8,07 Castilla y León,24,León,24230,ZOTES DEL PÁRAMO
8,07 Castilla y León,34,Palencia,34001,ABARCA DE CAMPOS
8,07 Castilla y León,34,Palencia,34003,ABIA DE LAS TORRES
8,07 Castilla y León,34,Palencia,34004,AGUILAR DE CAMPOO
8,07 Castilla y León,34,Palencia,34005,ALAR DEL REY
8,07 Castilla y León,34,Palencia,34006,ALBA DE CERRATO
8,07 Castilla y León,34,Palencia,34009,AMAYUELAS DE ARRIBA
8,07 Castilla y León,34,Palencia,34010,AMPUDIA
8,07 Castilla y León,34,Palencia,34011,AMUSCO
8,07 Castilla y León,34,Palencia,34012,ANTIGÜEDAD
8,07 Castilla y León,34,Palencia,34015,ARCONADA
8,07 Castilla y León,34,Palencia,34017,ASTUDILLO
8,07 Castilla y León,34,Palencia,34018,AUTILLA DEL PINO
8,07 Castilla y León,34,Palencia,34019,AUTILLO DE CAMPOS
8,07 Castilla y León,34,Palencia,34020,AYUELA
8,07 Castilla y León,34,Palencia,34022,BALTANÁS
8,07 Castilla y León,34,Palencia,34024,BAQUERÍN DE CAMPOS
8,07 Castilla y León,34,Palencia,34025,BÁRCENA DE CAMPOS
8,07 Castilla y León,34,Palencia,34027,BARRUELO DE SANTULLÁN
8,07 Castilla y León,34,Palencia,34028,BÁSCONES DE OJEDA
8,07 Castilla y León,34,Palencia,34029,BECERRIL DE CAMPOS
8,07 Castilla y León,34,Palencia,34031,BELMONTE DE CAMPOS
8,07 Castilla y León,34,Palencia,34032,BERZOSILLA
8,07 Castilla y León,34,Palencia,34033,BOADA DE CAMPOS
8,07 Castilla y León,34,Palencia,34035,BOADILLA DE RIOSECO
8,07 Castilla y León,34,Palencia,34034,BOADILLA DEL CAMINO
8,07 Castilla y León,34,Palencia,34036,BRAÑOSERA
8,07 Castilla y León,34,Palencia,34037,BUENAVISTA DE VALDAVIA
8,07 Castilla y León,34,Palencia,34038,BUSTILLO DE LA VEGA
8,07 Castilla y León,34,Palencia,34039,BUSTILLO DEL PÁRAMO DE CARRIÓN
8,07 Castilla y León,34,Palencia,34041,CALAHORRA DE BOEDO
8,07 Castilla y León,34,Palencia,34042,CALZADA DE LOS MOLINOS
8,07 Castilla y León,34,Palencia,34045,CAPILLAS
8,07 Castilla y León,34,Palencia,34046,CARDEÑOSA DE VOLPEJERA
8,07 Castilla y León,34,Palencia,34047,CARRIÓN DE LOS CONDES
8,07 Castilla y León,34,Palencia,34048,CASTIL DE VELA
8,07 Castilla y León,34,Palencia,34049,CASTREJÓN DE LA PEÑA
8,07 Castilla y León,34,Palencia,34050,CASTRILLO DE DON JUAN
8,07 Castilla y León,34,Palencia,34051,CASTRILLO DE ONIELO
8,07 Castilla y León,34,Palencia,34052,CASTRILLO DE VILLAVEGA
8,07 Castilla y León,34,Palencia,34053,CASTROMOCHO
8,07 Castilla y León,34,Palencia,34055,CERVATOS DE LA CUEZA
8,07 Castilla y León,34,Palencia,34056,CERVERA DE PISUERGA
8,07 Castilla y León,34,Palencia,34057,CEVICO DE LA TORRE
8,07 Castilla y León,34,Palencia,34058,CEVICO NAVERO
8,07 Castilla y León,34,Palencia,34059,CISNEROS
8,07 Castilla y León,34,Palencia,34060,COBOS DE CERRATO
8,07 Castilla y León,34,Palencia,34061,COLLAZOS DE BOEDO
8,07 Castilla y León,34,Palencia,34062,CONGOSTO DE VALDAVIA
8,07 Castilla y León,34,Palencia,34063,CORDOVILLA LA REAL
8,07 Castilla y León,34,Palencia,34066,CUBILLAS DE CERRATO
8,07 Castilla y León,34,Palencia,34067,DEHESA DE MONTEJO
8,07 Castilla y León,34,Palencia,34068,DEHESA DE ROMANOS
8,07 Castilla y León,34,Palencia,34069,DUEÑAS
8,07 Castilla y León,34,Palencia,34070,ESPINOSA DE CERRATO
8,07 Castilla y León,34,Palencia,34071,ESPINOSA DE VILLAGONZALO
8,07 Castilla y León,34,Palencia,34072,FRECHILLA
8,07 Castilla y León,34,Palencia,34073,FRESNO DEL RÍO
8,07 Castilla y León,34,Palencia,34074,FRÓMISTA
8,07 Castilla y León,34,Palencia,34076,FUENTES DE NAVA
8,07 Castilla y León,34,Palencia,34077,FUENTES DE VALDEPERO
8,07 Castilla y León,34,Palencia,34079,GRIJOTA
8,07 Castilla y León,34,Palencia,34080,GUARDO
8,07 Castilla y León,34,Palencia,34081,GUAZA DE CAMPOS
8,07 Castilla y León,34,Palencia,34082,HÉRMEDES DE CERRATO
8,07 Castilla y León,34,Palencia,34083,HERRERA DE PISUERGA
8,07 Castilla y León,34,Palencia,34084,HERRERA DE VALDECAÑAS
8,07 Castilla y León,34,Palencia,34086,HONTORIA DE CERRATO
8,07 Castilla y León,34,Palencia,34087,HORNILLOS DE CERRATO
8,07 Castilla y León,34,Palencia,34088,HUSILLOS
8,07 Castilla y León,34,Palencia,34089,ITERO DE LA VEGA
8,07 Castilla y León,34,Palencia,34091,LAGARTOS
8,07 Castilla y León,34,Palencia,34092,LANTADILLA
8,07 Castilla y León,34,Palencia,34094,LEDIGOS
8,07 Castilla y León,34,Palencia,34903,LOMA DE UCIEZA
8,07 Castilla y León,34,Palencia,34096,LOMAS
8,07 Castilla y León,34,Palencia,34098,MAGAZ DE PISUERGA
8,07 Castilla y León,34,Palencia,34099,MANQUILLOS
8,07 Castilla y León,34,Palencia,34100,MANTINOS
8,07 Castilla y León,34,Palencia,34101,MARCILLA DE CAMPOS
8,07 Castilla y León,34,Palencia,34102,MAZARIEGOS
8,07 Castilla y León,34,Palencia,34103,MAZUECOS DE VALDEGINATE
8,07 Castilla y León,34,Palencia,34104,MELGAR DE YUSO
8,07 Castilla y León,34,Palencia,34106,MENESES DE CAMPOS
8,07 Castilla y León,34,Palencia,34107,MICIECES DE OJEDA
8,07 Castilla y León,34,Palencia,34108,MONZÓN DE CAMPOS
8,07 Castilla y León,34,Palencia,34109,MORATINOS
8,07 Castilla y León,34,Palencia,34110,MUDÁ
8,07 Castilla y León,34,Palencia,34112,NOGAL DE LAS HUERTAS
8,07 Castilla y León,34,Palencia,34113,OLEA DE BOEDO
8,07 Castilla y León,34,Palencia,34114,OLMOS DE OJEDA
8,07 Castilla y León,34,Palencia,34116,OSORNILLO
8,07 Castilla y León,34,Palencia,34901,OSORNO LA MAYOR
8,07 Castilla y León,34,Palencia,34120,PALENCIA
8,07 Castilla y León,34,Palencia,34121,PALENZUELA
8,07 Castilla y León,34,Palencia,34122,PÁRAMO DE BOEDO
8,07 Castilla y León,34,Palencia,34123,PAREDES DE NAVA
8,07 Castilla y León,34,Palencia,34124,PAYO DE OJEDA
8,07 Castilla y León,34,Palencia,34125,PEDRAZA DE CAMPOS
8,07 Castilla y León,34,Palencia,34126,PEDROSA DE LA VEGA
8,07 Castilla y León,34,Palencia,34127,PERALES
8,07 Castilla y León,34,Palencia,34904,PERNÍA (LA)
8,07 Castilla y León,34,Palencia,34129,PINO DEL RÍO
8,07 Castilla y León,34,Palencia,34130,PIÑA DE CAMPOS
8,07 Castilla y León,34,Palencia,34131,POBLACIÓN DE ARROYO
8,07 Castilla y León,34,Palencia,34132,POBLACIÓN DE CAMPOS
8,07 Castilla y León,34,Palencia,34133,POBLACIÓN DE CERRATO
8,07 Castilla y León,34,Palencia,34134,POLENTINOS
8,07 Castilla y León,34,Palencia,34135,POMAR DE VALDIVIA
8,07 Castilla y León,34,Palencia,34136,POZA DE LA VEGA
8,07 Castilla y León,34,Palencia,34137,POZO DE URAMA
8,07 Castilla y León,34,Palencia,34139,PRÁDANOS DE OJEDA
8,07 Castilla y León,34,Palencia,34140,PUEBLA DE VALDAVIA (LA)
8,07 Castilla y León,34,Palencia,34141,QUINTANA DEL PUENTE
8,07 Castilla y León,34,Palencia,34143,QUINTANILLA DE ONSOÑA
8,07 Castilla y León,34,Palencia,34146,REINOSO DE CERRATO
8,07 Castilla y León,34,Palencia,34147,RENEDO DE LA VEGA
8,07 Castilla y León,34,Palencia,34149,REQUENA DE CAMPOS
8,07 Castilla y León,34,Palencia,34151,RESPENDA DE LA PEÑA
8,07 Castilla y León,34,Palencia,34152,REVENGA DE CAMPOS
8,07 Castilla y León,34,Palencia,34154,REVILLA DE COLLAZOS
8,07 Castilla y León,34,Palencia,34155,RIBAS DE CAMPOS
8,07 Castilla y León,34,Palencia,34156,RIBEROS DE LA CUEZA
8,07 Castilla y León,34,Palencia,34157,SALDAÑA
8,07 Castilla y León,34,Palencia,34158,SALINAS DE PISUERGA
8,07 Castilla y León,34,Palencia,34159,SAN CEBRIÁN DE CAMPOS
8,07 Castilla y León,34,Palencia,34160,SAN CEBRIÁN DE MUDÁ
8,07 Castilla y León,34,Palencia,34161,SAN CRISTÓBAL DE BOEDO
8,07 Castilla y León,34,Palencia,34163,SAN MAMÉS DE CAMPOS
8,07 Castilla y León,34,Palencia,34165,SAN ROMÁN DE LA CUBA
8,07 Castilla y León,34,Palencia,34167,SANTA CECILIA DEL ALCOR
8,07 Castilla y León,34,Palencia,34168,SANTA CRUZ DE BOEDO
8,07 Castilla y León,34,Palencia,34169,SANTERVÁS DE LA VEGA
8,07 Castilla y León,34,Palencia,34170,SANTIBÁÑEZ DE ECLA
8,07 Castilla y León,34,Palencia,34171,SANTIBÁÑEZ DE LA PEÑA
8,07 Castilla y León,34,Palencia,34174,SANTOYO
8,07 Castilla y León,34,Palencia,34175,SERNA (LA)
8,07 Castilla y León,34,Palencia,34177,SOTO DE CERRATO
8,07 Castilla y León,34,Palencia,34176,SOTOBAÑADO Y PRIORATO
8,07 Castilla y León,34,Palencia,34178,TABANERA DE CERRATO
8,07 Castilla y León,34,Palencia,34179,TABANERA DE VALDAVIA
8,07 Castilla y León,34,Palencia,34180,TÁMARA DE CAMPOS
8,07 Castilla y León,34,Palencia,34181,TARIEGO DE CERRATO
8,07 Castilla y León,34,Palencia,34182,TORQUEMADA
8,07 Castilla y León,34,Palencia,34184,TORREMORMOJÓN
8,07 Castilla y León,34,Palencia,34185,TRIOLLO
8,07 Castilla y León,34,Palencia,34186,VALBUENA DE PISUERGA
8,07 Castilla y León,34,Palencia,34189,VALDEOLMILLOS
8,07 Castilla y León,34,Palencia,34190,VALDERRÁBANO
8,07 Castilla y León,34,Palencia,34192,VALDE-UCIEZA
8,07 Castilla y León,34,Palencia,34196,VALLE DE CERRATO
8,07 Castilla y León,34,Palencia,34902,VALLE DEL RETORTILLO
8,07 Castilla y León,34,Palencia,34199,VELILLA DEL RÍO CARRIÓN
8,07 Castilla y León,34,Palencia,34023,VENTA DE BAÑOS
8,07 Castilla y León,34,Palencia,34201,VERTAVILLO
8,07 Castilla y León,34,Palencia,34093,VID DE OJEDA (LA)
8,07 Castilla y León,34,Palencia,34202,VILLABASTA DE VALDAVIA
8,07 Castilla y León,34,Palencia,34204,VILLACIDALER
8,07 Castilla y León,34,Palencia,34205,VILLACONANCIO
8,07 Castilla y León,34,Palencia,34206,VILLADA
8,07 Castilla y León,34,Palencia,34208,VILLAELES DE VALDAVIA
8,07 Castilla y León,34,Palencia,34210,VILLAHÁN
8,07 Castilla y León,34,Palencia,34211,VILLAHERREROS
8,07 Castilla y León,34,Palencia,34213,VILLALACO
8,07 Castilla y León,34,Palencia,34214,VILLALBA DE GUARDO
8,07 Castilla y León,34,Palencia,34215,VILLALCÁZAR DE SIRGA
8,07 Castilla y León,34,Palencia,34216,VILLALCÓN
8,07 Castilla y León,34,Palencia,34217,VILLALOBÓN
8,07 Castilla y León,34,Palencia,34218,VILLALUENGA DE LA VEGA
8,07 Castilla y León,34,Palencia,34220,VILLAMARTÍN DE CAMPOS
8,07 Castilla y León,34,Palencia,34221,VILLAMEDIANA
8,07 Castilla y León,34,Palencia,34222,VILLAMERIEL
8,07 Castilla y León,34,Palencia,34223,VILLAMORONTA
8,07 Castilla y León,34,Palencia,34224,VILLAMUERA DE LA CUEZA
8,07 Castilla y León,34,Palencia,34225,VILLAMURIEL DE CERRATO
8,07 Castilla y León,34,Palencia,34227,VILLANUEVA DEL REBOLLAR
8,07 Castilla y León,34,Palencia,34228,VILLANUÑO DE VALDAVIA
8,07 Castilla y León,34,Palencia,34229,VILLAPROVEDO
8,07 Castilla y León,34,Palencia,34230,VILLARMENTERO DE CAMPOS
8,07 Castilla y León,34,Palencia,34231,VILLARRABÉ
8,07 Castilla y León,34,Palencia,34232,VILLARRAMIEL
8,07 Castilla y León,34,Palencia,34233,VILLASARRACINO
8,07 Castilla y León,34,Palencia,34234,VILLASILA DE VALDAVIA
8,07 Castilla y León,34,Palencia,34236,VILLATURDE
8,07 Castilla y León,34,Palencia,34237,VILLAUMBRALES
8,07 Castilla y León,34,Palencia,34238,VILLAVIUDAS
8,07 Castilla y León,34,Palencia,34240,VILLERÍAS DE CAMPOS
8,07 Castilla y León,34,Palencia,34241,VILLODRE
8,07 Castilla y León,34,Palencia,34242,VILLODRIGO
8,07 Castilla y León,34,Palencia,34243,VILLOLDO
8,07 Castilla y León,34,Palencia,34245,VILLOTA DEL PÁRAMO
8,07 Castilla y León,34,Palencia,34246,VILLOVIECO
8,07 Castilla y León,37,Salamanca,37001,ABUSEJO
8,07 Castilla y León,37,Salamanca,37002,AGALLAS
8,07 Castilla y León,37,Salamanca,37003,AHIGAL DE LOS ACEITEROS
8,07 Castilla y León,37,Salamanca,37004,AHIGAL DE VILLARINO
8,07 Castilla y León,37,Salamanca,37005,ALAMEDA DE GARDÓN (LA)
8,07 Castilla y León,37,Salamanca,37006,ALAMEDILLA (LA)
8,07 Castilla y León,37,Salamanca,37007,ALARAZ
8,07 Castilla y León,37,Salamanca,37008,ALBA DE TORMES
8,07 Castilla y León,37,Salamanca,37009,ALBA DE YELTES
8,07 Castilla y León,37,Salamanca,37010,ALBERCA (LA)
8,07 Castilla y León,37,Salamanca,37011,ALBERGUERÍA DE ARGAÑÁN (LA)
8,07 Castilla y León,37,Salamanca,37012,ALCONADA
8,07 Castilla y León,37,Salamanca,37015,ALDEA DEL OBISPO
8,07 Castilla y León,37,Salamanca,37013,ALDEACIPRESTE
8,07 Castilla y León,37,Salamanca,37014,ALDEADÁVILA DE LA RIBERA
8,07 Castilla y León,37,Salamanca,37016,ALDEALENGUA
8,07 Castilla y León,37,Salamanca,37017,ALDEANUEVA DE FIGUEROA
8,07 Castilla y León,37,Salamanca,37018,ALDEANUEVA DE LA SIERRA
8,07 Castilla y León,37,Salamanca,37019,ALDEARRODRIGO
8,07 Castilla y León,37,Salamanca,37020,ALDEARRUBIA
8,07 Castilla y León,37,Salamanca,37021,ALDEASECA DE ALBA
8,07 Castilla y León,37,Salamanca,37022,ALDEASECA DE LA FRONTERA
8,07 Castilla y León,37,Salamanca,37023,ALDEATEJADA
8,07 Castilla y León,37,Salamanca,37024,ALDEAVIEJA DE TORMES
8,07 Castilla y León,37,Salamanca,37025,ALDEHUELA DE LA BÓVEDA
8,07 Castilla y León,37,Salamanca,37026,ALDEHUELA DE YELTES
8,07 Castilla y León,37,Salamanca,37027,ALMENARA DE TORMES
8,07 Castilla y León,37,Salamanca,37028,ALMENDRA
8,07 Castilla y León,37,Salamanca,37029,ANAYA DE ALBA
8,07 Castilla y León,37,Salamanca,37030,AÑOVER DE TORMES
8,07 Castilla y León,37,Salamanca,37031,ARABAYONA DE MÓGICA
8,07 Castilla y León,37,Salamanca,37032,ARAPILES
8,07 Castilla y León,37,Salamanca,37033,ARCEDIANO
8,07 Castilla y León,37,Salamanca,37034,ARCO (EL)
8,07 Castilla y León,37,Salamanca,37035,ARMENTEROS
8,07 Castilla y León,37,Salamanca,37037,ATALAYA (LA)
8,07 Castilla y León,37,Salamanca,37038,BABILAFUENTE
8,07 Castilla y León,37,Salamanca,37039,BAÑOBÁREZ
8,07 Castilla y León,37,Salamanca,37040,BARBADILLO
8,07 Castilla y León,37,Salamanca,37041,BARBALOS
8,07 Castilla y León,37,Salamanca,37042,BARCEO
8,07 Castilla y León,37,Salamanca,37044,BARRUECOPARDO
8,07 Castilla y León,37,Salamanca,37045,BASTIDA (LA)
8,07 Castilla y León,37,Salamanca,37046,BÉJAR
8,07 Castilla y León,37,Salamanca,37047,BELEÑA
8,07 Castilla y León,37,Salamanca,37049,BERMELLAR
8,07 Castilla y León,37,Salamanca,37050,BERROCAL DE HUEBRA
8,07 Castilla y León,37,Salamanca,37051,BERROCAL DE SALVATIERRA
8,07 Castilla y León,37,Salamanca,37052,BOADA
8,07 Castilla y León,37,Salamanca,37054,BODÓN (EL)
8,07 Castilla y León,37,Salamanca,37055,BOGAJO
8,07 Castilla y León,37,Salamanca,37056,BOUZA (LA)
8,07 Castilla y León,37,Salamanca,37057,BÓVEDA DEL RÍO ALMAR
8,07 Castilla y León,37,Salamanca,37058,BRINCONES
8,07 Castilla y León,37,Salamanca,37059,BUENAMADRE
8,07 Castilla y León,37,Salamanca,37060,BUENAVISTA
8,07 Castilla y León,37,Salamanca,37061,CABACO (EL)
8,07 Castilla y León,37,Salamanca,37063,CABEZA DE BÉJAR (LA)
8,07 Castilla y León,37,Salamanca,37065,CABEZA DEL CABALLO
8,07 Castilla y León,37,Salamanca,37062,CABEZABELLOSA DE LA CALZADA
8,07 Castilla y León,37,Salamanca,37067,CABRERIZOS
8,07 Castilla y León,37,Salamanca,37068,CABRILLAS
8,07 Castilla y León,37,Salamanca,37069,CALVARRASA DE ABAJO
8,07 Castilla y León,37,Salamanca,37070,CALVARRASA DE ARRIBA
8,07 Castilla y León,37,Salamanca,37071,CALZADA DE BÉJAR (LA)
8,07 Castilla y León,37,Salamanca,37072,CALZADA DE DON DIEGO
8,07 Castilla y León,37,Salamanca,37073,CALZADA DE VALDUNCIEL
8,07 Castilla y León,37,Salamanca,37074,CAMPILLO DE AZABA
8,07 Castilla y León,37,Salamanca,37077,CAMPO DE PEÑARANDA (EL)
8,07 Castilla y León,37,Salamanca,37078,CANDELARIO
8,07 Castilla y León,37,Salamanca,37079,CANILLAS DE ABAJO
8,07 Castilla y León,37,Salamanca,37080,CANTAGALLO
8,07 Castilla y León,37,Salamanca,37081,CANTALAPIEDRA
8,07 Castilla y León,37,Salamanca,37082,CANTALPINO
8,07 Castilla y León,37,Salamanca,37083,CANTARACILLO
8,07 Castilla y León,37,Salamanca,37085,CARBAJOSA DE LA SAGRADA
8,07 Castilla y León,37,Salamanca,37086,CARPIO DE AZABA
8,07 Castilla y León,37,Salamanca,37087,CARRASCAL DE BARREGAS
8,07 Castilla y León,37,Salamanca,37088,CARRASCAL DEL OBISPO
8,07 Castilla y León,37,Salamanca,37089,CASAFRANCA
8,07 Castilla y León,37,Salamanca,37090,CASAS DEL CONDE (LAS)
8,07 Castilla y León,37,Salamanca,37091,CASILLAS DE FLORES
8,07 Castilla y León,37,Salamanca,37092,CASTELLANOS DE MORISCOS
8,07 Castilla y León,37,Salamanca,37185,CASTELLANOS DE VILLIQUERA
8,07 Castilla y León,37,Salamanca,37096,CASTILLEJO DE MARTÍN VIEJO
8,07 Castilla y León,37,Salamanca,37097,CASTRAZ
8,07 Castilla y León,37,Salamanca,37098,CEPEDA
8,07 Castilla y León,37,Salamanca,37099,CERECEDA DE LA SIERRA
8,07 Castilla y León,37,Salamanca,37100,CEREZAL DE PEÑAHORCADA
8,07 Castilla y León,37,Salamanca,37101,CERRALBO
8,07 Castilla y León,37,Salamanca,37102,CERRO (EL)
8,07 Castilla y León,37,Salamanca,37103,CESPEDOSA DE TORMES
8,07 Castilla y León,37,Salamanca,37114,CHAGARCÍA MEDIANERO
8,07 Castilla y León,37,Salamanca,37104,CILLEROS DE LA BASTIDA
8,07 Castilla y León,37,Salamanca,37106,CIPÉREZ
8,07 Castilla y León,37,Salamanca,37107,CIUDAD RODRIGO
8,07 Castilla y León,37,Salamanca,37108,COCA DE ALBA
8,07 Castilla y León,37,Salamanca,37109,COLMENAR DE MONTEMAYOR
8,07 Castilla y León,37,Salamanca,37110,CORDOVILLA
8,07 Castilla y León,37,Salamanca,37112,CRISTÓBAL
8,07 Castilla y León,37,Salamanca,37113,CUBO DE DON SANCHO (EL)
8,07 Castilla y León,37,Salamanca,37115,DIOS LE GUARDE
8,07 Castilla y León,37,Salamanca,37116,DOÑINOS DE LEDESMA
8,07 Castilla y León,37,Salamanca,37117,DOÑINOS DE SALAMANCA
8,07 Castilla y León,37,Salamanca,37118,ÉJEME
8,07 Castilla y León,37,Salamanca,37120,ENCINA DE SAN SILVESTRE
8,07 Castilla y León,37,Salamanca,37119,ENCINA (LA)
8,07 Castilla y León,37,Salamanca,37121,ENCINAS DE ABAJO
8,07 Castilla y León,37,Salamanca,37122,ENCINAS DE ARRIBA
8,07 Castilla y León,37,Salamanca,37123,ENCINASOLA DE LOS COMENDADORES
8,07 Castilla y León,37,Salamanca,37124,ENDRINAL
8,07 Castilla y León,37,Salamanca,37125,ESCURIAL DE LA SIERRA
8,07 Castilla y León,37,Salamanca,37126,ESPADAÑA
8,07 Castilla y León,37,Salamanca,37127,ESPEJA
8,07 Castilla y León,37,Salamanca,37128,ESPINO DE LA ORBADA
8,07 Castilla y León,37,Salamanca,37129,FLORIDA DE LIÉBANA
8,07 Castilla y León,37,Salamanca,37130,FORFOLEDA
8,07 Castilla y León,37,Salamanca,37131,FRADES DE LA SIERRA
8,07 Castilla y León,37,Salamanca,37132,FREGENEDA (LA)
8,07 Castilla y León,37,Salamanca,37133,FRESNEDOSO
8,07 Castilla y León,37,Salamanca,37134,FRESNO ALHÁNDIGA
8,07 Castilla y León,37,Salamanca,37135,FUENTE DE SAN ESTEBAN (LA)
8,07 Castilla y León,37,Salamanca,37136,FUENTEGUINALDO
8,07 Castilla y León,37,Salamanca,37137,FUENTELIANTE
8,07 Castilla y León,37,Salamanca,37138,FUENTERROBLE DE SALVATIERRA
8,07 Castilla y León,37,Salamanca,37139,FUENTES DE BÉJAR
8,07 Castilla y León,37,Salamanca,37140,FUENTES DE OÑORO
8,07 Castilla y León,37,Salamanca,37141,GAJATES
8,07 Castilla y León,37,Salamanca,37142,GALINDO Y PERAHUY
8,07 Castilla y León,37,Salamanca,37143,GALINDUSTE
8,07 Castilla y León,37,Salamanca,37144,GALISANCHO
8,07 Castilla y León,37,Salamanca,37145,GALLEGOS DE ARGAÑÁN
8,07 Castilla y León,37,Salamanca,37146,GALLEGOS DE SOLMIRÓN
8,07 Castilla y León,37,Salamanca,37147,GARCIBUEY
8,07 Castilla y León,37,Salamanca,37148,GARCIHERNÁNDEZ
8,07 Castilla y León,37,Salamanca,37149,GARCIRREY
8,07 Castilla y León,37,Salamanca,37150,GEJUELO DEL BARRO
8,07 Castilla y León,37,Salamanca,37151,GOLPEJAS
8,07 Castilla y León,37,Salamanca,37152,GOMECELLO
8,07 Castilla y León,37,Salamanca,37154,GUADRAMIRO
8,07 Castilla y León,37,Salamanca,37155,GUIJO DE ÁVILA
8,07 Castilla y León,37,Salamanca,37156,GUIJUELO
8,07 Castilla y León,37,Salamanca,37157,HERGUIJUELA DE CIUDAD RODRIGO
8,07 Castilla y León,37,Salamanca,37158,HERGUIJUELA DE LA SIERRA
8,07 Castilla y León,37,Salamanca,37159,HERGUIJUELA DEL CAMPO
8,07 Castilla y León,37,Salamanca,37160,HINOJOSA DE DUERO
8,07 Castilla y León,37,Salamanca,37161,HORCAJO DE MONTEMAYOR
8,07 Castilla y León,37,Salamanca,37162,HORCAJO MEDIANERO
8,07 Castilla y León,37,Salamanca,37163,HOYA (LA)
8,07 Castilla y León,37,Salamanca,37164,HUERTA
8,07 Castilla y León,37,Salamanca,37165,IRUELOS
8,07 Castilla y León,37,Salamanca,37166,ITUERO DE AZABA
8,07 Castilla y León,37,Salamanca,37167,JUZBADO
8,07 Castilla y León,37,Salamanca,37168,LAGUNILLA
8,07 Castilla y León,37,Salamanca,37169,LARRODRIGO
8,07 Castilla y León,37,Salamanca,37170,LEDESMA
8,07 Castilla y León,37,Salamanca,37171,LEDRADA
8,07 Castilla y León,37,Salamanca,37172,LINARES DE RIOFRÍO
8,07 Castilla y León,37,Salamanca,37173,LUMBRALES
8,07 Castilla y León,37,Salamanca,37175,MACHACÓN
8,07 Castilla y León,37,Salamanca,37174,MACOTERA
8,07 Castilla y León,37,Salamanca,37176,MADROÑAL
8,07 Castilla y León,37,Salamanca,37177,MAÍLLO (EL)
8,07 Castilla y León,37,Salamanca,37178,MALPARTIDA
8,07 Castilla y León,37,Salamanca,37179,MANCERA DE ABAJO
8,07 Castilla y León,37,Salamanca,37180,MANZANO (EL)
8,07 Castilla y León,37,Salamanca,37181,MARTIAGO
8,07 Castilla y León,37,Salamanca,37183,MARTÍN DE YELTES
8,07 Castilla y León,37,Salamanca,37182,MARTINAMOR
8,07 Castilla y León,37,Salamanca,37184,MASUECO
8,07 Castilla y León,37,Salamanca,37186,MATA DE LEDESMA (LA)
8,07 Castilla y León,37,Salamanca,37187,MATILLA DE LOS CAÑOS DEL RÍO
8,07 Castilla y León,37,Salamanca,37188,MAYA (LA)
8,07 Castilla y León,37,Salamanca,37189,MEMBRIBE DE LA SIERRA
8,07 Castilla y León,37,Salamanca,37190,MIEZA
8,07 Castilla y León,37,Salamanca,37191,MILANO (EL)
8,07 Castilla y León,37,Salamanca,37192,MIRANDA DE AZÁN
8,07 Castilla y León,37,Salamanca,37193,MIRANDA DEL CASTAÑAR
8,07 Castilla y León,37,Salamanca,37194,MOGARRAZ
8,07 Castilla y León,37,Salamanca,37195,MOLINILLO
8,07 Castilla y León,37,Salamanca,37196,MONFORTE DE LA SIERRA
8,07 Castilla y León,37,Salamanca,37197,MONLEÓN
8,07 Castilla y León,37,Salamanca,37198,MONLERAS
8,07 Castilla y León,37,Salamanca,37199,MONSAGRO
8,07 Castilla y León,37,Salamanca,37200,MONTEJO
8,07 Castilla y León,37,Salamanca,37201,MONTEMAYOR DEL RÍO
8,07 Castilla y León,37,Salamanca,37202,MONTERRUBIO DE ARMUÑA
8,07 Castilla y León,37,Salamanca,37203,MONTERRUBIO DE LA SIERRA
8,07 Castilla y León,37,Salamanca,37204,MORASVERDES
8,07 Castilla y León,37,Salamanca,37205,MORILLE
8,07 Castilla y León,37,Salamanca,37206,MORÍÑIGO
8,07 Castilla y León,37,Salamanca,37207,MORISCOS
8,07 Castilla y León,37,Salamanca,37208,MORONTA
8,07 Castilla y León,37,Salamanca,37209,MOZÁRBEZ
8,07 Castilla y León,37,Salamanca,37211,NARROS DE MATALAYEGUA
8,07 Castilla y León,37,Salamanca,37213,NAVA DE BÉJAR
8,07 Castilla y León,37,Salamanca,37214,NAVA DE FRANCIA
8,07 Castilla y León,37,Salamanca,37215,NAVA DE SOTROBAL
8,07 Castilla y León,37,Salamanca,37212,NAVACARROS
8,07 Castilla y León,37,Salamanca,37216,NAVALES
8,07 Castilla y León,37,Salamanca,37217,NAVALMORAL DE BÉJAR
8,07 Castilla y León,37,Salamanca,37218,NAVAMORALES
8,07 Castilla y León,37,Salamanca,37219,NAVARREDONDA DE LA RINCONADA
8,07 Castilla y León,37,Salamanca,37221,NAVASFRÍAS
8,07 Castilla y León,37,Salamanca,37222,NEGRILLA DE PALENCIA
8,07 Castilla y León,37,Salamanca,37223,OLMEDO DE CAMACES
8,07 Castilla y León,37,Salamanca,37224,ORBADA (LA)
8,07 Castilla y León,37,Salamanca,37225,PAJARES DE LA LAGUNA
8,07 Castilla y León,37,Salamanca,37226,PALACIOS DEL ARZOBISPO
8,07 Castilla y León,37,Salamanca,37228,PALACIOSRUBIOS
8,07 Castilla y León,37,Salamanca,37229,PALENCIA DE NEGRILLA
8,07 Castilla y León,37,Salamanca,37230,PARADA DE ARRIBA
8,07 Castilla y León,37,Salamanca,37231,PARADA DE RUBIALES
8,07 Castilla y León,37,Salamanca,37232,PARADINAS DE SAN JUAN
8,07 Castilla y León,37,Salamanca,37233,PASTORES
8,07 Castilla y León,37,Salamanca,37234,PAYO (EL)
8,07 Castilla y León,37,Salamanca,37235,PEDRAZA DE ALBA
8,07 Castilla y León,37,Salamanca,37236,PEDROSILLO DE ALBA
8,07 Castilla y León,37,Salamanca,37237,PEDROSILLO DE LOS AIRES
8,07 Castilla y León,37,Salamanca,37238,PEDROSILLO EL RALO
8,07 Castilla y León,37,Salamanca,37239,PEDROSO DE LA ARMUÑA (EL)
8,07 Castilla y León,37,Salamanca,37240,PELABRAVO
8,07 Castilla y León,37,Salamanca,37241,PELARRODRÍGUEZ
8,07 Castilla y León,37,Salamanca,37242,PELAYOS
8,07 Castilla y León,37,Salamanca,37243,PEÑA (LA)
8,07 Castilla y León,37,Salamanca,37244,PEÑACABALLERA
8,07 Castilla y León,37,Salamanca,37245,PEÑAPARDA
8,07 Castilla y León,37,Salamanca,37246,PEÑARANDA DE BRACAMONTE
8,07 Castilla y León,37,Salamanca,37247,PEÑARANDILLA
8,07 Castilla y León,37,Salamanca,37248,PERALEJOS DE ABAJO
8,07 Castilla y León,37,Salamanca,37249,PERALEJOS DE ARRIBA
8,07 Castilla y León,37,Salamanca,37250,PEREÑA DE LA RIBERA
8,07 Castilla y León,37,Salamanca,37251,PEROMINGO
8,07 Castilla y León,37,Salamanca,37252,PINEDAS
8,07 Castilla y León,37,Salamanca,37253,PINO DE TORMES (EL)
8,07 Castilla y León,37,Salamanca,37254,PITIEGUA
8,07 Castilla y León,37,Salamanca,37255,PIZARRAL
8,07 Castilla y León,37,Salamanca,37256,POVEDA DE LAS CINTAS
8,07 Castilla y León,37,Salamanca,37257,POZOS DE HINOJO
8,07 Castilla y León,37,Salamanca,37258,PUEBLA DE AZABA
8,07 Castilla y León,37,Salamanca,37259,PUEBLA DE SAN MEDEL
8,07 Castilla y León,37,Salamanca,37260,PUEBLA DE YELTES
8,07 Castilla y León,37,Salamanca,37261,PUENTE DEL CONGOSTO
8,07 Castilla y León,37,Salamanca,37262,PUERTAS
8,07 Castilla y León,37,Salamanca,37263,PUERTO DE BÉJAR
8,07 Castilla y León,37,Salamanca,37264,PUERTO SEGURO
8,07 Castilla y León,37,Salamanca,37265,RÁGAMA
8,07 Castilla y León,37,Salamanca,37266,REDONDA (LA)
8,07 Castilla y León,37,Salamanca,37267,RETORTILLO
8,07 Castilla y León,37,Salamanca,37268,RINCONADA DE LA SIERRA (LA)
8,07 Castilla y León,37,Salamanca,37269,ROBLEDA
8,07 Castilla y León,37,Salamanca,37270,ROBLIZA DE COJOS
8,07 Castilla y León,37,Salamanca,37271,ROLLÁN
8,07 Castilla y León,37,Salamanca,37272,SAELICES EL CHICO
8,07 Castilla y León,37,Salamanca,37273,SAGRADA (LA)
8,07 Castilla y León,37,Salamanca,37303,SAHUGO (EL)
8,07 Castilla y León,37,Salamanca,37274,SALAMANCA
8,07 Castilla y León,37,Salamanca,37275,SALDEANA
8,07 Castilla y León,37,Salamanca,37276,SALMORAL
8,07 Castilla y León,37,Salamanca,37277,SALVATIERRA DE TORMES
8,07 Castilla y León,37,Salamanca,37278,SAN CRISTÓBAL DE LA CUESTA
8,07 Castilla y León,37,Salamanca,37284,SAN ESTEBAN DE LA SIERRA
8,07 Castilla y León,37,Salamanca,37285,SAN FELICES DE LOS GALLEGOS
8,07 Castilla y León,37,Salamanca,37286,SAN MARTÍN DEL CASTAÑAR
8,07 Castilla y León,37,Salamanca,37287,SAN MIGUEL DE VALERO
8,07 Castilla y León,37,Salamanca,37036,SAN MIGUEL DEL ROBLEDO
8,07 Castilla y León,37,Salamanca,37288,SAN MORALES
8,07 Castilla y León,37,Salamanca,37289,SAN MUÑOZ
8,07 Castilla y León,37,Salamanca,37291,SAN PEDRO DE ROZADOS
8,07 Castilla y León,37,Salamanca,37290,SAN PEDRO DEL VALLE
8,07 Castilla y León,37,Salamanca,37292,SAN PELAYO DE GUAREÑA
8,07 Castilla y León,37,Salamanca,37280,SANCHÓN DE LA RIBERA
8,07 Castilla y León,37,Salamanca,37281,SANCHÓN DE LA SAGRADA
8,07 Castilla y León,37,Salamanca,37282,SANCHOTELLO
8,07 Castilla y León,37,Salamanca,37279,SANCTI-SPÍRITUS
8,07 Castilla y León,37,Salamanca,37283,SANDO
8,07 Castilla y León,37,Salamanca,37293,SANTA MARÍA DE SANDO
8,07 Castilla y León,37,Salamanca,37294,SANTA MARTA DE TORMES
8,07 Castilla y León,37,Salamanca,37296,SANTIAGO DE LA PUEBLA
8,07 Castilla y León,37,Salamanca,37297,SANTIBÁÑEZ DE BÉJAR
8,07 Castilla y León,37,Salamanca,37298,SANTIBÁÑEZ DE LA SIERRA
8,07 Castilla y León,37,Salamanca,37299,SANTIZ
8,07 Castilla y León,37,Salamanca,37300,SANTOS (LOS)
8,07 Castilla y León,37,Salamanca,37301,SARDÓN DE LOS FRAILES
8,07 Castilla y León,37,Salamanca,37302,SAUCELLE
8,07 Castilla y León,37,Salamanca,37304,SEPULCRO-HILARIO
8,07 Castilla y León,37,Salamanca,37305,SEQUEROS
8,07 Castilla y León,37,Salamanca,37306,SERRADILLA DEL ARROYO
8,07 Castilla y León,37,Salamanca,37307,SERRADILLA DEL LLANO
8,07 Castilla y León,37,Salamanca,37309,SIERPE (LA)
8,07 Castilla y León,37,Salamanca,37310,SIETEIGLESIAS DE TORMES
8,07 Castilla y León,37,Salamanca,37311,SOBRADILLO
8,07 Castilla y León,37,Salamanca,37312,SORIHUELA
8,07 Castilla y León,37,Salamanca,37313,SOTOSERRANO
8,07 Castilla y León,37,Salamanca,37314,TABERA DE ABAJO
8,07 Castilla y León,37,Salamanca,37315,TALA (LA)
8,07 Castilla y León,37,Salamanca,37316,TAMAMES
8,07 Castilla y León,37,Salamanca,37317,TARAZONA DE GUAREÑA
8,07 Castilla y León,37,Salamanca,37318,TARDÁGUILA
8,07 Castilla y León,37,Salamanca,37319,TEJADO (EL)
8,07 Castilla y León,37,Salamanca,37320,TEJEDA Y SEGOYUELA
8,07 Castilla y León,37,Salamanca,37321,TENEBRÓN
8,07 Castilla y León,37,Salamanca,37322,TERRADILLOS
8,07 Castilla y León,37,Salamanca,37323,TOPAS
8,07 Castilla y León,37,Salamanca,37324,TORDILLOS
8,07 Castilla y León,37,Salamanca,37325,TORNADIZO (EL)
8,07 Castilla y León,37,Salamanca,37327,TORRESMENUDAS
8,07 Castilla y León,37,Salamanca,37328,TRABANCA
8,07 Castilla y León,37,Salamanca,37329,TREMEDAL DE TORMES
8,07 Castilla y León,37,Salamanca,37330,VALDECARROS
8,07 Castilla y León,37,Salamanca,37331,VALDEFUENTES DE SANGUSÍN
8,07 Castilla y León,37,Salamanca,37332,VALDEHIJADEROS
8,07 Castilla y León,37,Salamanca,37333,VALDELACASA
8,07 Castilla y León,37,Salamanca,37334,VALDELAGEVE
8,07 Castilla y León,37,Salamanca,37335,VALDELOSA
8,07 Castilla y León,37,Salamanca,37336,VALDEMIERQUE
8,07 Castilla y León,37,Salamanca,37337,VALDERRODRIGO
8,07 Castilla y León,37,Salamanca,37338,VALDUNCIEL
8,07 Castilla y León,37,Salamanca,37339,VALERO
8,07 Castilla y León,37,Salamanca,37343,VALLEJERA DE RIOFRÍO
8,07 Castilla y León,37,Salamanca,37340,VALSALABROSO
8,07 Castilla y León,37,Salamanca,37341,VALVERDE DE VALDELACASA
8,07 Castilla y León,37,Salamanca,37342,VALVERDÓN
8,07 Castilla y León,37,Salamanca,37344,VECINOS
8,07 Castilla y León,37,Salamanca,37345,VEGA DE TIRADOS
8,07 Castilla y León,37,Salamanca,37346,VEGUILLAS (LAS)
8,07 Castilla y León,37,Salamanca,37347,VELLÉS (LA)
8,07 Castilla y León,37,Salamanca,37348,VENTOSA DEL RÍO ALMAR
8,07 Castilla y León,37,Salamanca,37349,VÍDOLA (LA)
8,07 Castilla y León,37,Salamanca,37351,VILLAFLORES
8,07 Castilla y León,37,Salamanca,37352,VILLAGONZALO DE TORMES
8,07 Castilla y León,37,Salamanca,37353,VILLALBA DE LOS LLANOS
8,07 Castilla y León,37,Salamanca,37354,VILLAMAYOR
8,07 Castilla y León,37,Salamanca,37355,VILLANUEVA DEL CONDE
8,07 Castilla y León,37,Salamanca,37356,VILLAR DE ARGAÑÁN
8,07 Castilla y León,37,Salamanca,37357,VILLAR DE CIERVO
8,07 Castilla y León,37,Salamanca,37358,VILLAR DE GALLIMAZO
8,07 Castilla y León,37,Salamanca,37359,VILLAR DE LA YEGUA
8,07 Castilla y León,37,Salamanca,37360,VILLAR DE PERALONSO
8,07 Castilla y León,37,Salamanca,37361,VILLAR DE SAMANIEGO
8,07 Castilla y León,37,Salamanca,37362,VILLARES DE LA REINA
8,07 Castilla y León,37,Salamanca,37363,VILLARES DE YELTES
8,07 Castilla y León,37,Salamanca,37364,VILLARINO DE LOS AIRES
8,07 Castilla y León,37,Salamanca,37365,VILLARMAYOR
8,07 Castilla y León,37,Salamanca,37366,VILLARMUERTO
8,07 Castilla y León,37,Salamanca,37367,VILLASBUENAS
8,07 Castilla y León,37,Salamanca,37368,VILLASDARDO
8,07 Castilla y León,37,Salamanca,37369,VILLASECO DE LOS GAMITOS
8,07 Castilla y León,37,Salamanca,37370,VILLASECO DE LOS REYES
8,07 Castilla y León,37,Salamanca,37371,VILLASRUBIAS
8,07 Castilla y León,37,Salamanca,37372,VILLAVERDE DE GUAREÑA
8,07 Castilla y León,37,Salamanca,37373,VILLAVIEJA DE YELTES
8,07 Castilla y León,37,Salamanca,37374,VILLORIA
8,07 Castilla y León,37,Salamanca,37375,VILLORUELA
8,07 Castilla y León,37,Salamanca,37350,VILVESTRE
8,07 Castilla y León,37,Salamanca,37376,VITIGUDINO
8,07 Castilla y León,37,Salamanca,37377,YECLA DE YELTES
8,07 Castilla y León,37,Salamanca,37378,ZAMARRA
8,07 Castilla y León,37,Salamanca,37379,ZAMAYÓN
8,07 Castilla y León,37,Salamanca,37380,ZARAPICOS
8,07 Castilla y León,37,Salamanca,37381,ZARZA DE PUMAREDA (LA)
8,07 Castilla y León,37,Salamanca,37382,ZORITA DE LA FRONTERA
8,07 Castilla y León,40,Segovia,40001,ABADES
8,07 Castilla y León,40,Segovia,40002,ADRADA DE PIRÓN
8,07 Castilla y León,40,Segovia,40003,ADRADOS
8,07 Castilla y León,40,Segovia,40004,AGUILAFUENTE
8,07 Castilla y León,40,Segovia,40005,ALCONADA DE MADERUELO
8,07 Castilla y León,40,Segovia,40012,ALDEA REAL
8,07 Castilla y León,40,Segovia,40006,ALDEALCORVO
8,07 Castilla y León,40,Segovia,40007,ALDEALENGUA DE PEDRAZA
8,07 Castilla y León,40,Segovia,40008,ALDEALENGUA DE SANTA MARÍA
8,07 Castilla y León,40,Segovia,40009,ALDEANUEVA DE LA SERREZUELA
8,07 Castilla y León,40,Segovia,40010,ALDEANUEVA DEL CODONAL
8,07 Castilla y León,40,Segovia,40013,ALDEASOÑA
8,07 Castilla y León,40,Segovia,40014,ALDEHORNO
8,07 Castilla y León,40,Segovia,40015,ALDEHUELA DEL CODONAL
8,07 Castilla y León,40,Segovia,40016,ALDEONTE
8,07 Castilla y León,40,Segovia,40017,ANAYA
8,07 Castilla y León,40,Segovia,40018,AÑE
8,07 Castilla y León,40,Segovia,40019,ARAHUETES
8,07 Castilla y León,40,Segovia,40020,ARCONES
8,07 Castilla y León,40,Segovia,40021,AREVALILLO DE CEGA
8,07 Castilla y León,40,Segovia,40022,ARMUÑA
8,07 Castilla y León,40,Segovia,40024,AYLLÓN
8,07 Castilla y León,40,Segovia,40025,BARBOLLA
8,07 Castilla y León,40,Segovia,40026,BASARDILLA
8,07 Castilla y León,40,Segovia,40028,BERCIAL
8,07 Castilla y León,40,Segovia,40029,BERCIMUEL
8,07 Castilla y León,40,Segovia,40030,BERNARDOS
8,07 Castilla y León,40,Segovia,40031,BERNUY DE PORREROS
8,07 Castilla y León,40,Segovia,40032,BOCEGUILLAS
8,07 Castilla y León,40,Segovia,40033,BRIEVA
8,07 Castilla y León,40,Segovia,40034,CABALLAR
8,07 Castilla y León,40,Segovia,40035,CABAÑAS DE POLENDOS
8,07 Castilla y León,40,Segovia,40036,CABEZUELA
8,07 Castilla y León,40,Segovia,40037,CALABAZAS DE FUENTIDUEÑA
8,07 Castilla y León,40,Segovia,40039,CAMPO DE SAN PEDRO
8,07 Castilla y León,40,Segovia,40040,CANTALEJO
8,07 Castilla y León,40,Segovia,40041,CANTIMPALOS
8,07 Castilla y León,40,Segovia,40161,CARABIAS
8,07 Castilla y León,40,Segovia,40043,CARBONERO EL MAYOR
8,07 Castilla y León,40,Segovia,40044,CARRASCAL DEL RÍO
8,07 Castilla y León,40,Segovia,40045,CASLA
8,07 Castilla y León,40,Segovia,40046,CASTILLEJO DE MESLEÓN
8,07 Castilla y León,40,Segovia,40047,CASTRO DE FUENTIDUEÑA
8,07 Castilla y León,40,Segovia,40048,CASTROJIMENO
8,07 Castilla y León,40,Segovia,40049,CASTROSERNA DE ABAJO
8,07 Castilla y León,40,Segovia,40051,CASTROSERRACÍN
8,07 Castilla y León,40,Segovia,40052,CEDILLO DE LA TORRE
8,07 Castilla y León,40,Segovia,40053,CEREZO DE ABAJO
8,07 Castilla y León,40,Segovia,40054,CEREZO DE ARRIBA
8,07 Castilla y León,40,Segovia,40065,CHAÑE
8,07 Castilla y León,40,Segovia,40055,CILLERUELO DE SAN MAMÉS
8,07 Castilla y León,40,Segovia,40056,COBOS DE FUENTIDUEÑA
8,07 Castilla y León,40,Segovia,40057,COCA
8,07 Castilla y León,40,Segovia,40058,CODORNIZ
8,07 Castilla y León,40,Segovia,40059,COLLADO HERMOSO
8,07 Castilla y León,40,Segovia,40060,CONDADO DE CASTILNOVO
8,07 Castilla y León,40,Segovia,40061,CORRAL DE AYLLÓN
8,07 Castilla y León,40,Segovia,40902,COZUELOS DE FUENTIDUEÑA
8,07 Castilla y León,40,Segovia,40062,CUBILLO
8,07 Castilla y León,40,Segovia,40063,CUÉLLAR
8,07 Castilla y León,40,Segovia,40905,CUEVAS DE PROVANCO
8,07 Castilla y León,40,Segovia,40068,DOMINGO GARCÍA
8,07 Castilla y León,40,Segovia,40069,DONHIERRO
8,07 Castilla y León,40,Segovia,40070,DURUELO
8,07 Castilla y León,40,Segovia,40071,ENCINAS
8,07 Castilla y León,40,Segovia,40072,ENCINILLAS
8,07 Castilla y León,40,Segovia,40073,ESCALONA DEL PRADO
8,07 Castilla y León,40,Segovia,40074,ESCARABAJOSA DE CABEZAS
8,07 Castilla y León,40,Segovia,40075,ESCOBAR DE POLENDOS
8,07 Castilla y León,40,Segovia,40076,ESPINAR (EL)
8,07 Castilla y León,40,Segovia,40077,ESPIRDO
8,07 Castilla y León,40,Segovia,40078,FRESNEDA DE CUÉLLAR
8,07 Castilla y León,40,Segovia,40079,FRESNO DE CANTESPINO
8,07 Castilla y León,40,Segovia,40080,FRESNO DE LA FUENTE
8,07 Castilla y León,40,Segovia,40081,FRUMALES
8,07 Castilla y León,40,Segovia,40082,FUENTE DE SANTA CRUZ
8,07 Castilla y León,40,Segovia,40083,FUENTE EL OLMO DE FUENTIDUEÑA
8,07 Castilla y León,40,Segovia,40084,FUENTE EL OLMO DE ÍSCAR
8,07 Castilla y León,40,Segovia,40086,FUENTEPELAYO
8,07 Castilla y León,40,Segovia,40087,FUENTEPIÑEL
8,07 Castilla y León,40,Segovia,40088,FUENTERREBOLLO
8,07 Castilla y León,40,Segovia,40089,FUENTESAÚCO DE FUENTIDUEÑA
8,07 Castilla y León,40,Segovia,40091,FUENTESOTO
8,07 Castilla y León,40,Segovia,40092,FUENTIDUEÑA
8,07 Castilla y León,40,Segovia,40093,GALLEGOS
8,07 Castilla y León,40,Segovia,40094,GARCILLÁN
8,07 Castilla y León,40,Segovia,40095,GOMEZSERRACÍN
8,07 Castilla y León,40,Segovia,40097,GRAJERA
8,07 Castilla y León,40,Segovia,40099,HONRUBIA DE LA CUESTA
8,07 Castilla y León,40,Segovia,40100,HONTALBILLA
8,07 Castilla y León,40,Segovia,40101,HONTANARES DE ERESMA
8,07 Castilla y León,40,Segovia,40103,HUERTOS (LOS)
8,07 Castilla y León,40,Segovia,40104,ITUERO Y LAMA
8,07 Castilla y León,40,Segovia,40105,JUARROS DE RIOMOROS
8,07 Castilla y León,40,Segovia,40106,JUARROS DE VOLTOYA
8,07 Castilla y León,40,Segovia,40107,LABAJOS
8,07 Castilla y León,40,Segovia,40108,LAGUNA DE CONTRERAS
8,07 Castilla y León,40,Segovia,40109,LANGUILLA
8,07 Castilla y León,40,Segovia,40110,LASTRAS DE CUÉLLAR
8,07 Castilla y León,40,Segovia,40111,LASTRAS DEL POZO
8,07 Castilla y León,40,Segovia,40112,LASTRILLA (LA)
8,07 Castilla y León,40,Segovia,40113,LOSA (LA)
8,07 Castilla y León,40,Segovia,40115,MADERUELO
8,07 Castilla y León,40,Segovia,40903,MARAZOLEJA
8,07 Castilla y León,40,Segovia,40118,MARAZUELA
8,07 Castilla y León,40,Segovia,40119,MARTÍN MIGUEL
8,07 Castilla y León,40,Segovia,40120,MARTÍN MUÑOZ DE LA DEHESA
8,07 Castilla y León,40,Segovia,40121,MARTÍN MUÑOZ DE LAS POSADAS
8,07 Castilla y León,40,Segovia,40122,MARUGÁN
8,07 Castilla y León,40,Segovia,40124,MATA DE CUÉLLAR
8,07 Castilla y León,40,Segovia,40123,MATABUENA
8,07 Castilla y León,40,Segovia,40125,MATILLA (LA)
8,07 Castilla y León,40,Segovia,40126,MELQUE DE CERCOS
8,07 Castilla y León,40,Segovia,40127,MEMBIBRE DE LA HOZ
8,07 Castilla y León,40,Segovia,40128,MIGUELÁÑEZ
8,07 Castilla y León,40,Segovia,40129,MONTEJO DE ARÉVALO
8,07 Castilla y León,40,Segovia,40130,MONTEJO DE LA VEGA DE LA SERREZUELA
8,07 Castilla y León,40,Segovia,40131,MONTERRUBIO
8,07 Castilla y León,40,Segovia,40132,MORAL DE HORNUEZ
8,07 Castilla y León,40,Segovia,40134,MOZONCILLO
8,07 Castilla y León,40,Segovia,40135,MUÑOPEDRO
8,07 Castilla y León,40,Segovia,40136,MUÑOVEROS
8,07 Castilla y León,40,Segovia,40138,NAVA DE LA ASUNCIÓN
8,07 Castilla y León,40,Segovia,40139,NAVAFRÍA
8,07 Castilla y León,40,Segovia,40140,NAVALILLA
8,07 Castilla y León,40,Segovia,40141,NAVALMANZANO
8,07 Castilla y León,40,Segovia,40142,NAVARES DE AYUSO
8,07 Castilla y León,40,Segovia,40143,NAVARES DE ENMEDIO
8,07 Castilla y León,40,Segovia,40144,NAVARES DE LAS CUEVAS
8,07 Castilla y León,40,Segovia,40145,NAVAS DE ORO
8,07 Castilla y León,40,Segovia,40904,NAVAS DE RIOFRÍO
8,07 Castilla y León,40,Segovia,40146,NAVAS DE SAN ANTONIO
8,07 Castilla y León,40,Segovia,40148,NIEVA
8,07 Castilla y León,40,Segovia,40149,OLOMBRADA
8,07 Castilla y León,40,Segovia,40150,OREJANA
8,07 Castilla y León,40,Segovia,40151,ORTIGOSA DE PESTAÑO
8,07 Castilla y León,40,Segovia,40901,ORTIGOSA DEL MONTE
8,07 Castilla y León,40,Segovia,40152,OTERO DE HERREROS
8,07 Castilla y León,40,Segovia,40154,PAJAREJOS
8,07 Castilla y León,40,Segovia,40155,PALAZUELOS DE ERESMA
8,07 Castilla y León,40,Segovia,40156,PEDRAZA
8,07 Castilla y León,40,Segovia,40157,PELAYOS DEL ARROYO
8,07 Castilla y León,40,Segovia,40158,PEROSILLO
8,07 Castilla y León,40,Segovia,40159,PINAREJOS
8,07 Castilla y León,40,Segovia,40160,PINARNEGRILLO
8,07 Castilla y León,40,Segovia,40162,PRÁDENA
8,07 Castilla y León,40,Segovia,40163,PUEBLA DE PEDRAZA
8,07 Castilla y León,40,Segovia,40164,RAPARIEGOS
8,07 Castilla y León,40,Segovia,40181,REAL SITIO DE SAN ILDEFONSO
8,07 Castilla y León,40,Segovia,40165,REBOLLO
8,07 Castilla y León,40,Segovia,40166,REMONDO
8,07 Castilla y León,40,Segovia,40168,RIAGUAS DE SAN BARTOLOMÉ
8,07 Castilla y León,40,Segovia,40170,RIAZA
8,07 Castilla y León,40,Segovia,40171,RIBOTA
8,07 Castilla y León,40,Segovia,40172,RIOFRÍO DE RIAZA
8,07 Castilla y León,40,Segovia,40173,RODA DE ERESMA
8,07 Castilla y León,40,Segovia,40174,SACRAMENIA
8,07 Castilla y León,40,Segovia,40176,SAMBOAL
8,07 Castilla y León,40,Segovia,40177,SAN CRISTÓBAL DE CUÉLLAR
8,07 Castilla y León,40,Segovia,40178,SAN CRISTÓBAL DE LA VEGA
8,07 Castilla y León,40,Segovia,40906,SAN CRISTÓBAL DE SEGOVIA
8,07 Castilla y León,40,Segovia,40182,SAN MARTÍN Y MUDRIÁN
8,07 Castilla y León,40,Segovia,40183,SAN MIGUEL DE BERNUY
8,07 Castilla y León,40,Segovia,40184,SAN PEDRO DE GAÍLLOS
8,07 Castilla y León,40,Segovia,40179,SANCHONUÑO
8,07 Castilla y León,40,Segovia,40180,SANGARCÍA
8,07 Castilla y León,40,Segovia,40185,SANTA MARÍA LA REAL DE NIEVA
8,07 Castilla y León,40,Segovia,40186,SANTA MARTA DEL CERRO
8,07 Castilla y León,40,Segovia,40188,SANTIUSTE DE PEDRAZA
8,07 Castilla y León,40,Segovia,40189,SANTIUSTE DE SAN JUAN BAUTISTA
8,07 Castilla y León,40,Segovia,40190,SANTO DOMINGO DE PIRÓN
8,07 Castilla y León,40,Segovia,40191,SANTO TOMÉ DEL PUERTO
8,07 Castilla y León,40,Segovia,40192,SAUQUILLO DE CABEZAS
8,07 Castilla y León,40,Segovia,40193,SEBÚLCOR
8,07 Castilla y León,40,Segovia,40194,SEGOVIA
8,07 Castilla y León,40,Segovia,40195,SEPÚLVEDA
8,07 Castilla y León,40,Segovia,40196,SEQUERA DE FRESNO
8,07 Castilla y León,40,Segovia,40198,SOTILLO
8,07 Castilla y León,40,Segovia,40199,SOTOSALBOS
8,07 Castilla y León,40,Segovia,40200,TABANERA LA LUENGA
8,07 Castilla y León,40,Segovia,40201,TOLOCIRIO
8,07 Castilla y León,40,Segovia,40206,TORRE VAL DE SAN PEDRO
8,07 Castilla y León,40,Segovia,40202,TORREADRADA
8,07 Castilla y León,40,Segovia,40203,TORRECABALLEROS
8,07 Castilla y León,40,Segovia,40204,TORRECILLA DEL PINAR
8,07 Castilla y León,40,Segovia,40205,TORREIGLESIAS
8,07 Castilla y León,40,Segovia,40207,TRESCASAS
8,07 Castilla y León,40,Segovia,40208,TURÉGANO
8,07 Castilla y León,40,Segovia,40210,URUEÑAS
8,07 Castilla y León,40,Segovia,40211,VALDEPRADOS
8,07 Castilla y León,40,Segovia,40212,VALDEVACAS DE MONTEJO
8,07 Castilla y León,40,Segovia,40213,VALDEVACAS Y GUIJAR
8,07 Castilla y León,40,Segovia,40218,VALLE DE TABLADILLO
8,07 Castilla y León,40,Segovia,40219,VALLELADO
8,07 Castilla y León,40,Segovia,40220,VALLERUELA DE PEDRAZA
8,07 Castilla y León,40,Segovia,40221,VALLERUELA DE SEPÚLVEDA
8,07 Castilla y León,40,Segovia,40214,VALSECA
8,07 Castilla y León,40,Segovia,40215,VALTIENDAS
8,07 Castilla y León,40,Segovia,40216,VALVERDE DEL MAJANO
8,07 Castilla y León,40,Segovia,40222,VEGANZONES
8,07 Castilla y León,40,Segovia,40223,VEGAS DE MATUTE
8,07 Castilla y León,40,Segovia,40224,VENTOSILLA Y TEJADILLA
8,07 Castilla y León,40,Segovia,40225,VILLACASTÍN
8,07 Castilla y León,40,Segovia,40228,VILLAVERDE DE ÍSCAR
8,07 Castilla y León,40,Segovia,40229,VILLAVERDE DE MONTEJO
8,07 Castilla y León,40,Segovia,40230,VILLEGUILLO
8,07 Castilla y León,40,Segovia,40231,YANGUAS DE ERESMA
8,07 Castilla y León,40,Segovia,40233,ZARZUELA DEL MONTE
8,07 Castilla y León,40,Segovia,40234,ZARZUELA DEL PINAR
8,07 Castilla y León,42,Soria,42001,ABEJAR
8,07 Castilla y León,42,Soria,42003,ADRADAS
8,07 Castilla y León,42,Soria,42004,ÁGREDA
8,07 Castilla y León,42,Soria,42006,ALCONABA
8,07 Castilla y León,42,Soria,42007,ALCUBILLA DE AVELLANEDA
8,07 Castilla y León,42,Soria,42008,ALCUBILLA DE LAS PEÑAS
8,07 Castilla y León,42,Soria,42009,ALDEALAFUENTE
8,07 Castilla y León,42,Soria,42010,ALDEALICES
8,07 Castilla y León,42,Soria,42011,ALDEALPOZO
8,07 Castilla y León,42,Soria,42012,ALDEALSEÑOR
8,07 Castilla y León,42,Soria,42013,ALDEHUELA DE PERIÁÑEZ
8,07 Castilla y León,42,Soria,42014,ALDEHUELAS (LAS)
8,07 Castilla y León,42,Soria,42015,ALENTISQUE
8,07 Castilla y León,42,Soria,42016,ALIUD
8,07 Castilla y León,42,Soria,42017,ALMAJANO
8,07 Castilla y León,42,Soria,42018,ALMALUEZ
8,07 Castilla y León,42,Soria,42019,ALMARZA
8,07 Castilla y León,42,Soria,42020,ALMAZÁN
8,07 Castilla y León,42,Soria,42021,ALMAZUL
8,07 Castilla y León,42,Soria,42022,ALMENAR DE SORIA
8,07 Castilla y León,42,Soria,42023,ALPANSEQUE
8,07 Castilla y León,42,Soria,42024,ARANCÓN
8,07 Castilla y León,42,Soria,42025,ARCOS DE JALÓN
8,07 Castilla y León,42,Soria,42026,ARENILLAS
8,07 Castilla y León,42,Soria,42027,ARÉVALO DE LA SIERRA
8,07 Castilla y León,42,Soria,42028,AUSEJO DE LA SIERRA
8,07 Castilla y León,42,Soria,42029,BARAONA
8,07 Castilla y León,42,Soria,42030,BARCA
8,07 Castilla y León,42,Soria,42031,BARCONES
8,07 Castilla y León,42,Soria,42032,BAYUBAS DE ABAJO
8,07 Castilla y León,42,Soria,42033,BAYUBAS DE ARRIBA
8,07 Castilla y León,42,Soria,42034,BERATÓN
8,07 Castilla y León,42,Soria,42035,BERLANGA DE DUERO
8,07 Castilla y León,42,Soria,42036,BLACOS
8,07 Castilla y León,42,Soria,42037,BLIECOS
8,07 Castilla y León,42,Soria,42038,BORJABAD
8,07 Castilla y León,42,Soria,42039,BOROBIA
8,07 Castilla y León,42,Soria,42041,BUBEROS
8,07 Castilla y León,42,Soria,42042,BUITRAGO
8,07 Castilla y León,42,Soria,42043,BURGO DE OSMA-CIUDAD DE OSMA
8,07 Castilla y León,42,Soria,42044,CABREJAS DEL CAMPO
8,07 Castilla y León,42,Soria,42045,CABREJAS DEL PINAR
8,07 Castilla y León,42,Soria,42046,CALATAÑAZOR
8,07 Castilla y León,42,Soria,42048,CALTOJAR
8,07 Castilla y León,42,Soria,42049,CANDILICHERA
8,07 Castilla y León,42,Soria,42050,CAÑAMAQUE
8,07 Castilla y León,42,Soria,42051,CARABANTES
8,07 Castilla y León,42,Soria,42052,CARACENA
8,07 Castilla y León,42,Soria,42053,CARRASCOSA DE ABAJO
8,07 Castilla y León,42,Soria,42054,CARRASCOSA DE LA SIERRA
8,07 Castilla y León,42,Soria,42055,CASAREJOS
8,07 Castilla y León,42,Soria,42056,CASTILFRÍO DE LA SIERRA
8,07 Castilla y León,42,Soria,42058,CASTILLEJO DE ROBLEDO
8,07 Castilla y León,42,Soria,42057,CASTILRUIZ
8,07 Castilla y León,42,Soria,42059,CENTENERA DE ANDALUZ
8,07 Castilla y León,42,Soria,42060,CERBÓN
8,07 Castilla y León,42,Soria,42061,CIDONES
8,07 Castilla y León,42,Soria,42062,CIGUDOSA
8,07 Castilla y León,42,Soria,42063,CIHUELA
8,07 Castilla y León,42,Soria,42064,CIRIA
8,07 Castilla y León,42,Soria,42065,CIRUJALES DEL RÍO
8,07 Castilla y León,42,Soria,42068,COSCURITA
8,07 Castilla y León,42,Soria,42069,COVALEDA
8,07 Castilla y León,42,Soria,42070,CUBILLA
8,07 Castilla y León,42,Soria,42071,CUBO DE LA SOLANA
8,07 Castilla y León,42,Soria,42073,CUEVA DE ÁGREDA
8,07 Castilla y León,42,Soria,42075,DÉVANOS
8,07 Castilla y León,42,Soria,42076,DEZA
8,07 Castilla y León,42,Soria,42078,DURUELO DE LA SIERRA
8,07 Castilla y León,42,Soria,42079,ESCOBOSA DE ALMAZÁN
8,07 Castilla y León,42,Soria,42080,ESPEJA DE SAN MARCELINO
8,07 Castilla y León,42,Soria,42081,ESPEJÓN
8,07 Castilla y León,42,Soria,42082,ESTEPA DE SAN JUAN
8,07 Castilla y León,42,Soria,42083,FRECHILLA DE ALMAZÁN
8,07 Castilla y León,42,Soria,42084,FRESNO DE CARACENA
8,07 Castilla y León,42,Soria,42085,FUENTEARMEGIL
8,07 Castilla y León,42,Soria,42086,FUENTECAMBRÓN
8,07 Castilla y León,42,Soria,42087,FUENTECANTOS
8,07 Castilla y León,42,Soria,42088,FUENTELMONGE
8,07 Castilla y León,42,Soria,42089,FUENTELSAZ DE SORIA
8,07 Castilla y León,42,Soria,42090,FUENTEPINILLA
8,07 Castilla y León,42,Soria,42092,FUENTES DE MAGAÑA
8,07 Castilla y León,42,Soria,42093,FUENTESTRÚN
8,07 Castilla y León,42,Soria,42094,GARRAY
8,07 Castilla y León,42,Soria,42095,GOLMAYO
8,07 Castilla y León,42,Soria,42096,GÓMARA
8,07 Castilla y León,42,Soria,42097,GORMAZ
8,07 Castilla y León,42,Soria,42098,HERRERA DE SORIA
8,07 Castilla y León,42,Soria,42100,HINOJOSA DEL CAMPO
8,07 Castilla y León,42,Soria,42103,LANGA DE DUERO
8,07 Castilla y León,42,Soria,42105,LICERAS
8,07 Castilla y León,42,Soria,42106,LOSILLA (LA)
8,07 Castilla y León,42,Soria,42107,MAGAÑA
8,07 Castilla y León,42,Soria,42108,MAJÁN
8,07 Castilla y León,42,Soria,42110,MATALEBRERAS
8,07 Castilla y León,42,Soria,42111,MATAMALA DE ALMAZÁN
8,07 Castilla y León,42,Soria,42113,MEDINACELI
8,07 Castilla y León,42,Soria,42115,MIÑO DE MEDINACELI
8,07 Castilla y León,42,Soria,42116,MIÑO DE SAN ESTEBAN
8,07 Castilla y León,42,Soria,42117,MOLINOS DE DUERO
8,07 Castilla y León,42,Soria,42118,MOMBLONA
8,07 Castilla y León,42,Soria,42119,MONTEAGUDO DE LAS VICARÍAS
8,07 Castilla y León,42,Soria,42120,MONTEJO DE TIERMES
8,07 Castilla y León,42,Soria,42121,MONTENEGRO DE CAMEROS
8,07 Castilla y León,42,Soria,42123,MORÓN DE ALMAZÁN
8,07 Castilla y León,42,Soria,42124,MURIEL DE LA FUENTE
8,07 Castilla y León,42,Soria,42125,MURIEL VIEJO
8,07 Castilla y León,42,Soria,42127,NAFRÍA DE UCERO
8,07 Castilla y León,42,Soria,42128,NARROS
8,07 Castilla y León,42,Soria,42129,NAVALENO
8,07 Castilla y León,42,Soria,42130,NEPAS
8,07 Castilla y León,42,Soria,42131,NOLAY
8,07 Castilla y León,42,Soria,42132,NOVIERCAS
8,07 Castilla y León,42,Soria,42134,ÓLVEGA
8,07 Castilla y León,42,Soria,42135,ONCALA
8,07 Castilla y León,42,Soria,42139,PINILLA DEL CAMPO
8,07 Castilla y León,42,Soria,42140,PORTILLO DE SORIA
8,07 Castilla y León,42,Soria,42141,PÓVEDA DE SORIA (LA)
8,07 Castilla y León,42,Soria,42142,POZALMURO
8,07 Castilla y León,42,Soria,42144,QUINTANA REDONDA
8,07 Castilla y León,42,Soria,42145,QUINTANAS DE GORMAZ
8,07 Castilla y León,42,Soria,42148,QUIÑONERÍA
8,07 Castilla y León,42,Soria,42149,RÁBANOS (LOS)
8,07 Castilla y León,42,Soria,42151,REBOLLAR
8,07 Castilla y León,42,Soria,42152,RECUERDA
8,07 Castilla y León,42,Soria,42153,RELLO
8,07 Castilla y León,42,Soria,42154,RENIEBLAS
8,07 Castilla y León,42,Soria,42155,RETORTILLO DE SORIA
8,07 Castilla y León,42,Soria,42156,REZNOS
8,07 Castilla y León,42,Soria,42157,RIBA DE ESCALOTE (LA)
8,07 Castilla y León,42,Soria,42158,RIOSECO DE SORIA
8,07 Castilla y León,42,Soria,42159,ROLLAMIENTA
8,07 Castilla y León,42,Soria,42160,ROYO (EL)
8,07 Castilla y León,42,Soria,42161,SALDUERO
8,07 Castilla y León,42,Soria,42162,SAN ESTEBAN DE GORMAZ
8,07 Castilla y León,42,Soria,42163,SAN FELICES
8,07 Castilla y León,42,Soria,42164,SAN LEONARDO DE YAGÜE
8,07 Castilla y León,42,Soria,42165,SAN PEDRO MANRIQUE
8,07 Castilla y León,42,Soria,42166,SANTA CRUZ DE YANGUAS
8,07 Castilla y León,42,Soria,42167,SANTA MARÍA DE HUERTA
8,07 Castilla y León,42,Soria,42168,SANTA MARÍA DE LAS HOYAS
8,07 Castilla y León,42,Soria,42171,SERÓN DE NÁGIMA
8,07 Castilla y León,42,Soria,42172,SOLIEDRA
8,07 Castilla y León,42,Soria,42173,SORIA
8,07 Castilla y León,42,Soria,42174,SOTILLO DEL RINCÓN
8,07 Castilla y León,42,Soria,42175,SUELLACABRAS
8,07 Castilla y León,42,Soria,42176,TAJAHUERCE
8,07 Castilla y León,42,Soria,42177,TAJUECO
8,07 Castilla y León,42,Soria,42178,TALVEILA
8,07 Castilla y León,42,Soria,42181,TARDELCUENDE
8,07 Castilla y León,42,Soria,42182,TARODA
8,07 Castilla y León,42,Soria,42183,TEJADO
8,07 Castilla y León,42,Soria,42184,TORLENGUA
8,07 Castilla y León,42,Soria,42185,TORREBLACOS
8,07 Castilla y León,42,Soria,42187,TORRUBIA DE SORIA
8,07 Castilla y León,42,Soria,42188,TRÉVAGO
8,07 Castilla y León,42,Soria,42189,UCERO
8,07 Castilla y León,42,Soria,42190,VADILLO
8,07 Castilla y León,42,Soria,42191,VALDEAVELLANO DE TERA
8,07 Castilla y León,42,Soria,42192,VALDEGEÑA
8,07 Castilla y León,42,Soria,42193,VALDELAGUA DEL CERRO
8,07 Castilla y León,42,Soria,42194,VALDEMALUQUE
8,07 Castilla y León,42,Soria,42195,VALDENEBRO
8,07 Castilla y León,42,Soria,42196,VALDEPRADO
8,07 Castilla y León,42,Soria,42197,VALDERRODILLA
8,07 Castilla y León,42,Soria,42198,VALTAJEROS
8,07 Castilla y León,42,Soria,42200,VELAMAZÁN
8,07 Castilla y León,42,Soria,42201,VELILLA DE LA SIERRA
8,07 Castilla y León,42,Soria,42202,VELILLA DE LOS AJOS
8,07 Castilla y León,42,Soria,42204,VIANA DE DUERO
8,07 Castilla y León,42,Soria,42205,VILLACIERVOS
8,07 Castilla y León,42,Soria,42206,VILLANUEVA DE GORMAZ
8,07 Castilla y León,42,Soria,42207,VILLAR DEL ALA
8,07 Castilla y León,42,Soria,42208,VILLAR DEL CAMPO
8,07 Castilla y León,42,Soria,42209,VILLAR DEL RÍO
8,07 Castilla y León,42,Soria,42211,VILLARES DE SORIA (LOS)
8,07 Castilla y León,42,Soria,42212,VILLASAYAS
8,07 Castilla y León,42,Soria,42213,VILLASECA DE ARCIEL
8,07 Castilla y León,42,Soria,42215,VINUESA
8,07 Castilla y León,42,Soria,42216,VIZMANOS
8,07 Castilla y León,42,Soria,42217,VOZMEDIANO
8,07 Castilla y León,42,Soria,42218,YANGUAS
8,07 Castilla y León,42,Soria,42219,YELO
8,07 Castilla y León,47,Valladolid,47001,ADALIA
8,07 Castilla y León,47,Valladolid,47002,AGUASAL
8,07 Castilla y León,47,Valladolid,47003,AGUILAR DE CAMPOS
8,07 Castilla y León,47,Valladolid,47004,ALAEJOS
8,07 Castilla y León,47,Valladolid,47005,ALCAZARÉN
8,07 Castilla y León,47,Valladolid,47006,ALDEA DE SAN MIGUEL
8,07 Castilla y León,47,Valladolid,47007,ALDEAMAYOR DE SAN MARTÍN
8,07 Castilla y León,47,Valladolid,47008,ALMENARA DE ADAJA
8,07 Castilla y León,47,Valladolid,47009,AMUSQUILLO
8,07 Castilla y León,47,Valladolid,47010,ARROYO DE LA ENCOMIENDA
8,07 Castilla y León,47,Valladolid,47011,ATAQUINES
8,07 Castilla y León,47,Valladolid,47012,BAHABÓN
8,07 Castilla y León,47,Valladolid,47013,BARCIAL DE LA LOMA
8,07 Castilla y León,47,Valladolid,47014,BARRUELO DEL VALLE
8,07 Castilla y León,47,Valladolid,47015,BECILLA DE VALDERADUEY
8,07 Castilla y León,47,Valladolid,47016,BENAFARCES
8,07 Castilla y León,47,Valladolid,47017,BERCERO
8,07 Castilla y León,47,Valladolid,47018,BERCERUELO
8,07 Castilla y León,47,Valladolid,47019,BERRUECES
8,07 Castilla y León,47,Valladolid,47020,BOBADILLA DEL CAMPO
8,07 Castilla y León,47,Valladolid,47021,BOCIGAS
8,07 Castilla y León,47,Valladolid,47022,BOCOS DE DUERO
8,07 Castilla y León,47,Valladolid,47023,BOECILLO
8,07 Castilla y León,47,Valladolid,47024,BOLAÑOS DE CAMPOS
8,07 Castilla y León,47,Valladolid,47025,BRAHOJOS DE MEDINA
8,07 Castilla y León,47,Valladolid,47026,BUSTILLO DE CHAVES
8,07 Castilla y León,47,Valladolid,47027,CABEZÓN DE PISUERGA
8,07 Castilla y León,47,Valladolid,47028,CABEZÓN DE VALDERADUEY
8,07 Castilla y León,47,Valladolid,47029,CABREROS DEL MONTE
8,07 Castilla y León,47,Valladolid,47030,CAMPASPERO
8,07 Castilla y León,47,Valladolid,47031,CAMPILLO (EL)
8,07 Castilla y León,47,Valladolid,47032,CAMPORREDONDO
8,07 Castilla y León,47,Valladolid,47033,CANALEJAS DE PEÑAFIEL
8,07 Castilla y León,47,Valladolid,47034,CANILLAS DE ESGUEVA
8,07 Castilla y León,47,Valladolid,47035,CARPIO
8,07 Castilla y León,47,Valladolid,47036,CASASOLA DE ARIÓN
8,07 Castilla y León,47,Valladolid,47037,CASTREJÓN DE TRABANCOS
8,07 Castilla y León,47,Valladolid,47038,CASTRILLO DE DUERO
8,07 Castilla y León,47,Valladolid,47039,CASTRILLO-TEJERIEGO
8,07 Castilla y León,47,Valladolid,47040,CASTROBOL
8,07 Castilla y León,47,Valladolid,47041,CASTRODEZA
8,07 Castilla y León,47,Valladolid,47042,CASTROMEMBIBRE
8,07 Castilla y León,47,Valladolid,47043,CASTROMONTE
8,07 Castilla y León,47,Valladolid,47044,CASTRONUEVO DE ESGUEVA
8,07 Castilla y León,47,Valladolid,47045,CASTRONUÑO
8,07 Castilla y León,47,Valladolid,47046,CASTROPONCE
8,07 Castilla y León,47,Valladolid,47047,CASTROVERDE DE CERRATO
8,07 Castilla y León,47,Valladolid,47048,CEINOS DE CAMPOS
8,07 Castilla y León,47,Valladolid,47049,CERVILLEGO DE LA CRUZ
8,07 Castilla y León,47,Valladolid,47050,CIGALES
8,07 Castilla y León,47,Valladolid,47051,CIGUÑUELA
8,07 Castilla y León,47,Valladolid,47052,CISTÉRNIGA
8,07 Castilla y León,47,Valladolid,47053,COGECES DE ÍSCAR
8,07 Castilla y León,47,Valladolid,47054,COGECES DEL MONTE
8,07 Castilla y León,47,Valladolid,47055,CORCOS
8,07 Castilla y León,47,Valladolid,47056,CORRALES DE DUERO
8,07 Castilla y León,47,Valladolid,47057,CUBILLAS DE SANTA MARTA
8,07 Castilla y León,47,Valladolid,47058,CUENCA DE CAMPOS
8,07 Castilla y León,47,Valladolid,47059,CURIEL DE DUERO
8,07 Castilla y León,47,Valladolid,47060,ENCINAS DE ESGUEVA
8,07 Castilla y León,47,Valladolid,47061,ESGUEVILLAS DE ESGUEVA
8,07 Castilla y León,47,Valladolid,47062,FOMBELLIDA
8,07 Castilla y León,47,Valladolid,47063,FOMPEDRAZA
8,07 Castilla y León,47,Valladolid,47064,FONTIHOYUELO
8,07 Castilla y León,47,Valladolid,47065,FRESNO EL VIEJO
8,07 Castilla y León,47,Valladolid,47066,FUENSALDAÑA
8,07 Castilla y León,47,Valladolid,47067,FUENTE EL SOL
8,07 Castilla y León,47,Valladolid,47068,FUENTE-OLMEDO
8,07 Castilla y León,47,Valladolid,47069,GALLEGOS DE HORNIJA
8,07 Castilla y León,47,Valladolid,47070,GATÓN DE CAMPOS
8,07 Castilla y León,47,Valladolid,47071,GERIA
8,07 Castilla y León,47,Valladolid,47073,HERRÍN DE CAMPOS
8,07 Castilla y León,47,Valladolid,47074,HORNILLOS DE ERESMA
8,07 Castilla y León,47,Valladolid,47075,ÍSCAR
8,07 Castilla y León,47,Valladolid,47076,LAGUNA DE DUERO
8,07 Castilla y León,47,Valladolid,47077,LANGAYO
8,07 Castilla y León,47,Valladolid,47079,LLANO DE OLMEDO
8,07 Castilla y León,47,Valladolid,47078,LOMOVIEJO
8,07 Castilla y León,47,Valladolid,47080,MANZANILLO
8,07 Castilla y León,47,Valladolid,47081,MARZALES
8,07 Castilla y León,47,Valladolid,47082,MATAPOZUELOS
8,07 Castilla y León,47,Valladolid,47083,MATILLA DE LOS CAÑOS
8,07 Castilla y León,47,Valladolid,47084,MAYORGA
8,07 Castilla y León,47,Valladolid,47086,MEDINA DE RIOSECO
8,07 Castilla y León,47,Valladolid,47085,MEDINA DEL CAMPO
8,07 Castilla y León,47,Valladolid,47087,MEGECES
8,07 Castilla y León,47,Valladolid,47088,MELGAR DE ABAJO
8,07 Castilla y León,47,Valladolid,47089,MELGAR DE ARRIBA
8,07 Castilla y León,47,Valladolid,47090,MOJADOS
8,07 Castilla y León,47,Valladolid,47091,MONASTERIO DE VEGA
8,07 Castilla y León,47,Valladolid,47092,MONTEALEGRE DE CAMPOS
8,07 Castilla y León,47,Valladolid,47093,MONTEMAYOR DE PILILLA
8,07 Castilla y León,47,Valladolid,47094,MORAL DE LA REINA
8,07 Castilla y León,47,Valladolid,47095,MORALEJA DE LAS PANADERAS
8,07 Castilla y León,47,Valladolid,47096,MORALES DE CAMPOS
8,07 Castilla y León,47,Valladolid,47097,MOTA DEL MARQUÉS
8,07 Castilla y León,47,Valladolid,47098,MUCIENTES
8,07 Castilla y León,47,Valladolid,47099,MUDARRA (LA)
8,07 Castilla y León,47,Valladolid,47100,MURIEL
8,07 Castilla y León,47,Valladolid,47101,NAVA DEL REY
8,07 Castilla y León,47,Valladolid,47102,NUEVA VILLA DE LAS TORRES
8,07 Castilla y León,47,Valladolid,47103,OLIVARES DE DUERO
8,07 Castilla y León,47,Valladolid,47104,OLMEDO
8,07 Castilla y León,47,Valladolid,47105,OLMOS DE ESGUEVA
8,07 Castilla y León,47,Valladolid,47106,OLMOS DE PEÑAFIEL
8,07 Castilla y León,47,Valladolid,47109,PALAZUELO DE VEDIJA
8,07 Castilla y León,47,Valladolid,47110,PARRILLA (LA)
8,07 Castilla y León,47,Valladolid,47111,PEDRAJA DE PORTILLO (LA)
8,07 Castilla y León,47,Valladolid,47112,PEDRAJAS DE SAN ESTEBAN
8,07 Castilla y León,47,Valladolid,47113,PEDROSA DEL REY
8,07 Castilla y León,47,Valladolid,47114,PEÑAFIEL
8,07 Castilla y León,47,Valladolid,47115,PEÑAFLOR DE HORNIJA
8,07 Castilla y León,47,Valladolid,47116,PESQUERA DE DUERO
8,07 Castilla y León,47,Valladolid,47117,PIÑA DE ESGUEVA
8,07 Castilla y León,47,Valladolid,47118,PIÑEL DE ABAJO
8,07 Castilla y León,47,Valladolid,47119,PIÑEL DE ARRIBA
8,07 Castilla y León,47,Valladolid,47121,POLLOS
8,07 Castilla y León,47,Valladolid,47122,PORTILLO
8,07 Castilla y León,47,Valladolid,47123,POZAL DE GALLINAS
8,07 Castilla y León,47,Valladolid,47124,POZALDEZ
8,07 Castilla y León,47,Valladolid,47125,POZUELO DE LA ORDEN
8,07 Castilla y León,47,Valladolid,47126,PURAS
8,07 Castilla y León,47,Valladolid,47127,QUINTANILLA DE ARRIBA
8,07 Castilla y León,47,Valladolid,47129,QUINTANILLA DE ONÉSIMO
8,07 Castilla y León,47,Valladolid,47130,QUINTANILLA DE TRIGUEROS
8,07 Castilla y León,47,Valladolid,47128,QUINTANILLA DEL MOLAR
8,07 Castilla y León,47,Valladolid,47131,RÁBANO
8,07 Castilla y León,47,Valladolid,47132,RAMIRO
8,07 Castilla y León,47,Valladolid,47133,RENEDO DE ESGUEVA
8,07 Castilla y León,47,Valladolid,47134,ROALES DE CAMPOS
8,07 Castilla y León,47,Valladolid,47135,ROBLADILLO
8,07 Castilla y León,47,Valladolid,47137,ROTURAS
8,07 Castilla y León,47,Valladolid,47138,RUBÍ DE BRACAMONTE
8,07 Castilla y León,47,Valladolid,47139,RUEDA
8,07 Castilla y León,47,Valladolid,47140,SAELICES DE MAYORGA
8,07 Castilla y León,47,Valladolid,47141,SALVADOR DE ZAPARDIEL
8,07 Castilla y León,47,Valladolid,47142,SAN CEBRIÁN DE MAZOTE
8,07 Castilla y León,47,Valladolid,47143,SAN LLORENTE
8,07 Castilla y León,47,Valladolid,47144,SAN MARTÍN DE VALVENÍ
8,07 Castilla y León,47,Valladolid,47145,SAN MIGUEL DEL ARROYO
8,07 Castilla y León,47,Valladolid,47146,SAN MIGUEL DEL PINO
8,07 Castilla y León,47,Valladolid,47147,SAN PABLO DE LA MORALEJA
8,07 Castilla y León,47,Valladolid,47148,SAN PEDRO DE LATARCE
8,07 Castilla y León,47,Valladolid,47149,SAN PELAYO
8,07 Castilla y León,47,Valladolid,47150,SAN ROMÁN DE HORNIJA
8,07 Castilla y León,47,Valladolid,47151,SAN SALVADOR
8,07 Castilla y León,47,Valladolid,47156,SAN VICENTE DEL PALACIO
8,07 Castilla y León,47,Valladolid,47152,SANTA EUFEMIA DEL ARROYO
8,07 Castilla y León,47,Valladolid,47153,SANTERVÁS DE CAMPOS
8,07 Castilla y León,47,Valladolid,47154,SANTIBÁÑEZ DE VALCORBA
8,07 Castilla y León,47,Valladolid,47155,SANTOVENIA DE PISUERGA
8,07 Castilla y León,47,Valladolid,47157,SARDÓN DE DUERO
8,07 Castilla y León,47,Valladolid,47158,SECA (LA)
8,07 Castilla y León,47,Valladolid,47159,SERRADA
8,07 Castilla y León,47,Valladolid,47160,SIETE IGLESIAS DE TRABANCOS
8,07 Castilla y León,47,Valladolid,47161,SIMANCAS
8,07 Castilla y León,47,Valladolid,47162,TAMARIZ DE CAMPOS
8,07 Castilla y León,47,Valladolid,47163,TIEDRA
8,07 Castilla y León,47,Valladolid,47164,TORDEHUMOS
8,07 Castilla y León,47,Valladolid,47165,TORDESILLAS
8,07 Castilla y León,47,Valladolid,47169,TORRE DE ESGUEVA
8,07 Castilla y León,47,Valladolid,47170,TORRE DE PEÑAFIEL
8,07 Castilla y León,47,Valladolid,47166,TORRECILLA DE LA ABADESA
8,07 Castilla y León,47,Valladolid,47167,TORRECILLA DE LA ORDEN
8,07 Castilla y León,47,Valladolid,47168,TORRECILLA DE LA TORRE
8,07 Castilla y León,47,Valladolid,47171,TORRELOBATÓN
8,07 Castilla y León,47,Valladolid,47172,TORRESCÁRCELA
8,07 Castilla y León,47,Valladolid,47173,TRASPINEDO
8,07 Castilla y León,47,Valladolid,47174,TRIGUEROS DEL VALLE
8,07 Castilla y León,47,Valladolid,47175,TUDELA DE DUERO
8,07 Castilla y León,47,Valladolid,47176,UNIÓN DE CAMPOS (LA)
8,07 Castilla y León,47,Valladolid,47177,URONES DE CASTROPONCE
8,07 Castilla y León,47,Valladolid,47178,URUEÑA
8,07 Castilla y León,47,Valladolid,47179,VALBUENA DE DUERO
8,07 Castilla y León,47,Valladolid,47180,VALDEARCOS DE LA VEGA
8,07 Castilla y León,47,Valladolid,47181,VALDENEBRO DE LOS VALLES
8,07 Castilla y León,47,Valladolid,47182,VALDESTILLAS
8,07 Castilla y León,47,Valladolid,47183,VALDUNQUILLO
8,07 Castilla y León,47,Valladolid,47186,VALLADOLID
8,07 Castilla y León,47,Valladolid,47184,VALORIA LA BUENA
8,07 Castilla y León,47,Valladolid,47185,VALVERDE DE CAMPOS
8,07 Castilla y León,47,Valladolid,47187,VEGA DE RUIPONCE
8,07 Castilla y León,47,Valladolid,47188,VEGA DE VALDETRONCO
8,07 Castilla y León,47,Valladolid,47189,VELASCÁLVARO
8,07 Castilla y León,47,Valladolid,47190,VELILLA
8,07 Castilla y León,47,Valladolid,47191,VELLIZA
8,07 Castilla y León,47,Valladolid,47192,VENTOSA DE LA CUESTA
8,07 Castilla y León,47,Valladolid,47193,VIANA DE CEGA
8,07 Castilla y León,47,Valladolid,47195,VILLABÁÑEZ
8,07 Castilla y León,47,Valladolid,47196,VILLABARUZ DE CAMPOS
8,07 Castilla y León,47,Valladolid,47197,VILLABRÁGIMA
8,07 Castilla y León,47,Valladolid,47198,VILLACARRALÓN
8,07 Castilla y León,47,Valladolid,47199,VILLACID DE CAMPOS
8,07 Castilla y León,47,Valladolid,47200,VILLACO
8,07 Castilla y León,47,Valladolid,47203,VILLAFRADES DE CAMPOS
8,07 Castilla y León,47,Valladolid,47204,VILLAFRANCA DE DUERO
8,07 Castilla y León,47,Valladolid,47205,VILLAFRECHÓS
8,07 Castilla y León,47,Valladolid,47206,VILLAFUERTE
8,07 Castilla y León,47,Valladolid,47207,VILLAGARCÍA DE CAMPOS
8,07 Castilla y León,47,Valladolid,47208,VILLAGÓMEZ LA NUEVA
8,07 Castilla y León,47,Valladolid,47209,VILLALÁN DE CAMPOS
8,07 Castilla y León,47,Valladolid,47210,VILLALAR DE LOS COMUNEROS
8,07 Castilla y León,47,Valladolid,47211,VILLALBA DE LA LOMA
8,07 Castilla y León,47,Valladolid,47212,VILLALBA DE LOS ALCORES
8,07 Castilla y León,47,Valladolid,47213,VILLALBARBA
8,07 Castilla y León,47,Valladolid,47214,VILLALÓN DE CAMPOS
8,07 Castilla y León,47,Valladolid,47215,VILLAMURIEL DE CAMPOS
8,07 Castilla y León,47,Valladolid,47216,VILLÁN DE TORDESILLAS
8,07 Castilla y León,47,Valladolid,47217,VILLANUBLA
8,07 Castilla y León,47,Valladolid,47218,VILLANUEVA DE DUERO
8,07 Castilla y León,47,Valladolid,47219,VILLANUEVA DE LA CONDESA
8,07 Castilla y León,47,Valladolid,47220,VILLANUEVA DE LOS CABALLEROS
8,07 Castilla y León,47,Valladolid,47221,VILLANUEVA DE LOS INFANTES
8,07 Castilla y León,47,Valladolid,47222,VILLANUEVA DE SAN MANCIO
8,07 Castilla y León,47,Valladolid,47223,VILLARDEFRADES
8,07 Castilla y León,47,Valladolid,47224,VILLARMENTERO DE ESGUEVA
8,07 Castilla y León,47,Valladolid,47225,VILLASEXMIR
8,07 Castilla y León,47,Valladolid,47226,VILLAVAQUERÍN
8,07 Castilla y León,47,Valladolid,47227,VILLAVELLID
8,07 Castilla y León,47,Valladolid,47228,VILLAVERDE DE MEDINA
8,07 Castilla y León,47,Valladolid,47229,VILLAVICENCIO DE LOS CABALLEROS
8,07 Castilla y León,47,Valladolid,47194,VILORIA
8,07 Castilla y León,47,Valladolid,47230,WAMBA
8,07 Castilla y León,47,Valladolid,47231,ZARATÁN
8,07 Castilla y León,47,Valladolid,47232,ZARZA (LA)
8,07 Castilla y León,49,Zamora,49002,ABEZAMES
8,07 Castilla y León,49,Zamora,49003,ALCAÑICES
8,07 Castilla y León,49,Zamora,49004,ALCUBILLA DE NOGALES
8,07 Castilla y León,49,Zamora,49005,ALFARAZ DE SAYAGO
8,07 Castilla y León,49,Zamora,49006,ALGODRE
8,07 Castilla y León,49,Zamora,49007,ALMARAZ DE DUERO
8,07 Castilla y León,49,Zamora,49008,ALMEIDA DE SAYAGO
8,07 Castilla y León,49,Zamora,49009,ANDAVÍAS
8,07 Castilla y León,49,Zamora,49010,ARCENILLAS
8,07 Castilla y León,49,Zamora,49011,ARCOS DE LA POLVOROSA
8,07 Castilla y León,49,Zamora,49012,ARGAÑÍN
8,07 Castilla y León,49,Zamora,49013,ARGUJILLO
8,07 Castilla y León,49,Zamora,49014,ARQUILLINOS
8,07 Castilla y León,49,Zamora,49015,ARRABALDE
8,07 Castilla y León,49,Zamora,49016,ASPARIEGOS
8,07 Castilla y León,49,Zamora,49017,ASTURIANOS
8,07 Castilla y León,49,Zamora,49018,AYOÓ DE VIDRIALES
8,07 Castilla y León,49,Zamora,49019,BARCIAL DEL BARCO
8,07 Castilla y León,49,Zamora,49020,BELVER DE LOS MONTES
8,07 Castilla y León,49,Zamora,49021,BENAVENTE
8,07 Castilla y León,49,Zamora,49022,BENEGILES
8,07 Castilla y León,49,Zamora,49023,BERMILLO DE SAYAGO
8,07 Castilla y León,49,Zamora,49024,BÓVEDA DE TORO (LA)
8,07 Castilla y León,49,Zamora,49025,BRETÓ
8,07 Castilla y León,49,Zamora,49026,BRETOCINO
8,07 Castilla y León,49,Zamora,49027,BRIME DE SOG
8,07 Castilla y León,49,Zamora,49028,BRIME DE URZ
8,07 Castilla y León,49,Zamora,49029,BURGANES DE VALVERDE
8,07 Castilla y León,49,Zamora,49030,BUSTILLO DEL ORO
8,07 Castilla y León,49,Zamora,49031,CABAÑAS DE SAYAGO
8,07 Castilla y León,49,Zamora,49032,CALZADILLA DE TERA
8,07 Castilla y León,49,Zamora,49033,CAMARZANA DE TERA
8,07 Castilla y León,49,Zamora,49034,CAÑIZAL
8,07 Castilla y León,49,Zamora,49035,CAÑIZO
8,07 Castilla y León,49,Zamora,49036,CARBAJALES DE ALBA
8,07 Castilla y León,49,Zamora,49037,CARBELLINO
8,07 Castilla y León,49,Zamora,49038,CASASECA DE CAMPEÁN
8,07 Castilla y León,49,Zamora,49039,CASASECA DE LAS CHANAS
8,07 Castilla y León,49,Zamora,49040,CASTRILLO DE LA GUAREÑA
8,07 Castilla y León,49,Zamora,49041,CASTROGONZALO
8,07 Castilla y León,49,Zamora,49042,CASTRONUEVO
8,07 Castilla y León,49,Zamora,49043,CASTROVERDE DE CAMPOS
8,07 Castilla y León,49,Zamora,49044,CAZURRA
8,07 Castilla y León,49,Zamora,49046,CERECINOS DE CAMPOS
8,07 Castilla y León,49,Zamora,49047,CERECINOS DEL CARRIZAL
8,07 Castilla y León,49,Zamora,49048,CERNADILLA
8,07 Castilla y León,49,Zamora,49050,COBREROS
8,07 Castilla y León,49,Zamora,49052,COOMONTE
8,07 Castilla y León,49,Zamora,49053,CORESES
8,07 Castilla y León,49,Zamora,49054,CORRALES DEL VINO
8,07 Castilla y León,49,Zamora,49055,COTANES DEL MONTE
8,07 Castilla y León,49,Zamora,49056,CUBILLOS
8,07 Castilla y León,49,Zamora,49057,CUBO DE BENAVENTE
8,07 Castilla y León,49,Zamora,49058,CUBO DE TIERRA DEL VINO (EL)
8,07 Castilla y León,49,Zamora,49059,CUELGAMURES
8,07 Castilla y León,49,Zamora,49061,ENTRALA
8,07 Castilla y León,49,Zamora,49062,ESPADAÑEDO
8,07 Castilla y León,49,Zamora,49063,FARAMONTANOS DE TÁBARA
8,07 Castilla y León,49,Zamora,49064,FARIZA
8,07 Castilla y León,49,Zamora,49065,FERMOSELLE
8,07 Castilla y León,49,Zamora,49066,FERRERAS DE ABAJO
8,07 Castilla y León,49,Zamora,49067,FERRERAS DE ARRIBA
8,07 Castilla y León,49,Zamora,49068,FERRERUELA
8,07 Castilla y León,49,Zamora,49069,FIGUERUELA DE ARRIBA
8,07 Castilla y León,49,Zamora,49071,FONFRÍA
8,07 Castilla y León,49,Zamora,49075,FRESNO DE LA POLVOROSA
8,07 Castilla y León,49,Zamora,49076,FRESNO DE LA RIBERA
8,07 Castilla y León,49,Zamora,49077,FRESNO DE SAYAGO
8,07 Castilla y León,49,Zamora,49078,FRIERA DE VALVERDE
8,07 Castilla y León,49,Zamora,49079,FUENTE ENCALADA
8,07 Castilla y León,49,Zamora,49080,FUENTELAPEÑA
8,07 Castilla y León,49,Zamora,49082,FUENTES DE ROPEL
8,07 Castilla y León,49,Zamora,49081,FUENTESAÚCO
8,07 Castilla y León,49,Zamora,49083,FUENTESECAS
8,07 Castilla y León,49,Zamora,49084,FUENTESPREADAS
8,07 Castilla y León,49,Zamora,49085,GALENDE
8,07 Castilla y León,49,Zamora,49086,GALLEGOS DEL PAN
8,07 Castilla y León,49,Zamora,49087,GALLEGOS DEL RÍO
8,07 Castilla y León,49,Zamora,49088,GAMONES
8,07 Castilla y León,49,Zamora,49090,GEMA
8,07 Castilla y León,49,Zamora,49091,GRANJA DE MORERUELA
8,07 Castilla y León,49,Zamora,49092,GRANUCILLO
8,07 Castilla y León,49,Zamora,49093,GUARRATE
8,07 Castilla y León,49,Zamora,49094,HERMISENDE
8,07 Castilla y León,49,Zamora,49095,HINIESTA (LA)
8,07 Castilla y León,49,Zamora,49096,JAMBRINA
8,07 Castilla y León,49,Zamora,49097,JUSTEL
8,07 Castilla y León,49,Zamora,49098,LOSACINO
8,07 Castilla y León,49,Zamora,49099,LOSACIO
8,07 Castilla y León,49,Zamora,49100,LUBIÁN
8,07 Castilla y León,49,Zamora,49101,LUELMO
8,07 Castilla y León,49,Zamora,49102,MADERAL (EL)
8,07 Castilla y León,49,Zamora,49103,MADRIDANOS
8,07 Castilla y León,49,Zamora,49104,MAHIDE
8,07 Castilla y León,49,Zamora,49105,MAIRE DE CASTROPONCE
8,07 Castilla y León,49,Zamora,49107,MALVA
8,07 Castilla y León,49,Zamora,49108,MANGANESES DE LA LAMPREANA
8,07 Castilla y León,49,Zamora,49109,MANGANESES DE LA POLVOROSA
8,07 Castilla y León,49,Zamora,49110,MANZANAL DE ARRIBA
8,07 Castilla y León,49,Zamora,49112,MANZANAL DE LOS INFANTES
8,07 Castilla y León,49,Zamora,49111,MANZANAL DEL BARCO
8,07 Castilla y León,49,Zamora,49113,MATILLA DE ARZÓN
8,07 Castilla y León,49,Zamora,49114,MATILLA LA SECA
8,07 Castilla y León,49,Zamora,49115,MAYALDE
8,07 Castilla y León,49,Zamora,49116,MELGAR DE TERA
8,07 Castilla y León,49,Zamora,49117,MICERECES DE TERA
8,07 Castilla y León,49,Zamora,49118,MILLES DE LA POLVOROSA
8,07 Castilla y León,49,Zamora,49119,MOLACILLOS
8,07 Castilla y León,49,Zamora,49120,MOLEZUELAS DE LA CARBALLEDA
8,07 Castilla y León,49,Zamora,49121,MOMBUEY
8,07 Castilla y León,49,Zamora,49122,MONFARRACINOS
8,07 Castilla y León,49,Zamora,49123,MONTAMARTA
8,07 Castilla y León,49,Zamora,49124,MORAL DE SAYAGO
8,07 Castilla y León,49,Zamora,49126,MORALEJA DE SAYAGO
8,07 Castilla y León,49,Zamora,49125,MORALEJA DEL VINO
8,07 Castilla y León,49,Zamora,49128,MORALES DE REY
8,07 Castilla y León,49,Zamora,49129,MORALES DE TORO
8,07 Castilla y León,49,Zamora,49130,MORALES DE VALVERDE
8,07 Castilla y León,49,Zamora,49127,MORALES DEL VINO
8,07 Castilla y León,49,Zamora,49131,MORALINA
8,07 Castilla y León,49,Zamora,49132,MORERUELA DE LOS INFANZONES
8,07 Castilla y León,49,Zamora,49133,MORERUELA DE TÁBARA
8,07 Castilla y León,49,Zamora,49134,MUELAS DE LOS CABALLEROS
8,07 Castilla y León,49,Zamora,49135,MUELAS DEL PAN
8,07 Castilla y León,49,Zamora,49136,MUGA DE SAYAGO
8,07 Castilla y León,49,Zamora,49137,NAVIANOS DE VALVERDE
8,07 Castilla y León,49,Zamora,49138,OLMILLOS DE CASTRO
8,07 Castilla y León,49,Zamora,49139,OTERO DE BODAS
8,07 Castilla y León,49,Zamora,49141,PAJARES DE LA LAMPREANA
8,07 Castilla y León,49,Zamora,49143,PALACIOS DE SANABRIA
8,07 Castilla y León,49,Zamora,49142,PALACIOS DEL PAN
8,07 Castilla y León,49,Zamora,49145,PEDRALBA DE LA PRADERÍA
8,07 Castilla y León,49,Zamora,49146,PEGO (EL)
8,07 Castilla y León,49,Zamora,49147,PELEAGONZALO
8,07 Castilla y León,49,Zamora,49148,PELEAS DE ABAJO
8,07 Castilla y León,49,Zamora,49149,PEÑAUSENDE
8,07 Castilla y León,49,Zamora,49150,PEQUE
8,07 Castilla y León,49,Zamora,49151,PERDIGÓN (EL)
8,07 Castilla y León,49,Zamora,49152,PERERUELA
8,07 Castilla y León,49,Zamora,49153,PERILLA DE CASTRO
8,07 Castilla y León,49,Zamora,49154,PÍAS
8,07 Castilla y León,49,Zamora,49155,PIEDRAHITA DE CASTRO
8,07 Castilla y León,49,Zamora,49156,PINILLA DE TORO
8,07 Castilla y León,49,Zamora,49157,PINO DEL ORO
8,07 Castilla y León,49,Zamora,49158,PIÑERO (EL)
8,07 Castilla y León,49,Zamora,49160,POBLADURA DE VALDERADUEY
8,07 Castilla y León,49,Zamora,49159,POBLADURA DEL VALLE
8,07 Castilla y León,49,Zamora,49162,PORTO
8,07 Castilla y León,49,Zamora,49163,POZOANTIGUO
8,07 Castilla y León,49,Zamora,49164,POZUELO DE TÁBARA
8,07 Castilla y León,49,Zamora,49165,PRADO
8,07 Castilla y León,49,Zamora,49166,PUEBLA DE SANABRIA
8,07 Castilla y León,49,Zamora,49167,PUEBLICA DE VALVERDE
8,07 Castilla y León,49,Zamora,49170,QUINTANILLA DE URZ
8,07 Castilla y León,49,Zamora,49168,QUINTANILLA DEL MONTE
8,07 Castilla y León,49,Zamora,49169,QUINTANILLA DEL OLMO
8,07 Castilla y León,49,Zamora,49171,QUIRUELAS DE VIDRIALES
8,07 Castilla y León,49,Zamora,49172,RABANALES
8,07 Castilla y León,49,Zamora,49173,RÁBANO DE ALISTE
8,07 Castilla y León,49,Zamora,49174,REQUEJO
8,07 Castilla y León,49,Zamora,49175,REVELLINOS
8,07 Castilla y León,49,Zamora,49176,RIOFRÍO DE ALISTE
8,07 Castilla y León,49,Zamora,49177,RIONEGRO DEL PUENTE
8,07 Castilla y León,49,Zamora,49178,ROALES
8,07 Castilla y León,49,Zamora,49179,ROBLEDA-CERVANTES
8,07 Castilla y León,49,Zamora,49180,ROELOS DE SAYAGO
8,07 Castilla y León,49,Zamora,49181,ROSINOS DE LA REQUEJADA
8,07 Castilla y León,49,Zamora,49183,SALCE
8,07 Castilla y León,49,Zamora,49184,SAMIR DE LOS CAÑOS
8,07 Castilla y León,49,Zamora,49185,SAN AGUSTÍN DEL POZO
8,07 Castilla y León,49,Zamora,49186,SAN CEBRIÁN DE CASTRO
8,07 Castilla y León,49,Zamora,49187,SAN CRISTÓBAL DE ENTREVIÑAS
8,07 Castilla y León,49,Zamora,49188,SAN ESTEBAN DEL MOLAR
8,07 Castilla y León,49,Zamora,49189,SAN JUSTO
8,07 Castilla y León,49,Zamora,49190,SAN MARTÍN DE VALDERADUEY
8,07 Castilla y León,49,Zamora,49191,SAN MIGUEL DE LA RIBERA
8,07 Castilla y León,49,Zamora,49192,SAN MIGUEL DEL VALLE
8,07 Castilla y León,49,Zamora,49193,SAN PEDRO DE CEQUE
8,07 Castilla y León,49,Zamora,49194,SAN PEDRO DE LA NAVE-ALMENDRA
8,07 Castilla y León,49,Zamora,49208,SAN VICENTE DE LA CABEZA
8,07 Castilla y León,49,Zamora,49209,SAN VITERO
8,07 Castilla y León,49,Zamora,49197,SANTA CLARA DE AVEDILLO
8,07 Castilla y León,49,Zamora,49199,SANTA COLOMBA DE LAS MONJAS
8,07 Castilla y León,49,Zamora,49200,SANTA CRISTINA DE LA POLVOROSA
8,07 Castilla y León,49,Zamora,49201,SANTA CROYA DE TERA
8,07 Castilla y León,49,Zamora,49202,SANTA EUFEMIA DEL BARCO
8,07 Castilla y León,49,Zamora,49203,SANTA MARÍA DE LA VEGA
8,07 Castilla y León,49,Zamora,49204,SANTA MARÍA DE VALVERDE
8,07 Castilla y León,49,Zamora,49205,SANTIBÁÑEZ DE TERA
8,07 Castilla y León,49,Zamora,49206,SANTIBÁÑEZ DE VIDRIALES
8,07 Castilla y León,49,Zamora,49207,SANTOVENIA
8,07 Castilla y León,49,Zamora,49210,SANZOLES
8,07 Castilla y León,49,Zamora,49214,TÁBARA
8,07 Castilla y León,49,Zamora,49216,TAPIOLES
8,07 Castilla y León,49,Zamora,49219,TORO
8,07 Castilla y León,49,Zamora,49220,TORRE DEL VALLE (LA)
8,07 Castilla y León,49,Zamora,49221,TORREGAMONES
8,07 Castilla y León,49,Zamora,49222,TORRES DEL CARRIZAL
8,07 Castilla y León,49,Zamora,49223,TRABAZOS
8,07 Castilla y León,49,Zamora,49224,TREFACIO
8,07 Castilla y León,49,Zamora,49225,UÑA DE QUINTANA
8,07 Castilla y León,49,Zamora,49226,VADILLO DE LA GUAREÑA
8,07 Castilla y León,49,Zamora,49227,VALCABADO
8,07 Castilla y León,49,Zamora,49228,VALDEFINJAS
8,07 Castilla y León,49,Zamora,49229,VALDESCORRIEL
8,07 Castilla y León,49,Zamora,49230,VALLESA DE LA GUAREÑA
8,07 Castilla y León,49,Zamora,49231,VEGA DE TERA
8,07 Castilla y León,49,Zamora,49232,VEGA DE VILLALOBOS
8,07 Castilla y León,49,Zamora,49233,VEGALATRAVE
8,07 Castilla y León,49,Zamora,49234,VENIALBO
8,07 Castilla y León,49,Zamora,49235,VEZDEMARBÁN
8,07 Castilla y León,49,Zamora,49236,VIDAYANES
8,07 Castilla y León,49,Zamora,49237,VIDEMALA
8,07 Castilla y León,49,Zamora,49238,VILLABRÁZARO
8,07 Castilla y León,49,Zamora,49239,VILLABUENA DEL PUENTE
8,07 Castilla y León,49,Zamora,49240,VILLADEPERA
8,07 Castilla y León,49,Zamora,49241,VILLAESCUSA
8,07 Castilla y León,49,Zamora,49242,VILLAFÁFILA
8,07 Castilla y León,49,Zamora,49243,VILLAFERRUEÑA
8,07 Castilla y León,49,Zamora,49244,VILLAGERIZ
8,07 Castilla y León,49,Zamora,49245,VILLALAZÁN
8,07 Castilla y León,49,Zamora,49246,VILLALBA DE LA LAMPREANA
8,07 Castilla y León,49,Zamora,49247,VILLALCAMPO
8,07 Castilla y León,49,Zamora,49248,VILLALOBOS
8,07 Castilla y León,49,Zamora,49249,VILLALONSO
8,07 Castilla y León,49,Zamora,49250,VILLALPANDO
8,07 Castilla y León,49,Zamora,49251,VILLALUBE
8,07 Castilla y León,49,Zamora,49252,VILLAMAYOR DE CAMPOS
8,07 Castilla y León,49,Zamora,49255,VILLAMOR DE LOS ESCUDEROS
8,07 Castilla y León,49,Zamora,49256,VILLANÁZAR
8,07 Castilla y León,49,Zamora,49257,VILLANUEVA DE AZOAGUE
8,07 Castilla y León,49,Zamora,49258,VILLANUEVA DE CAMPEÁN
8,07 Castilla y León,49,Zamora,49259,VILLANUEVA DE LAS PERAS
8,07 Castilla y León,49,Zamora,49260,VILLANUEVA DEL CAMPO
8,07 Castilla y León,49,Zamora,49263,VILLAR DE FALLAVES
8,07 Castilla y León,49,Zamora,49264,VILLAR DEL BUEY
8,07 Castilla y León,49,Zamora,49261,VILLARALBO
8,07 Castilla y León,49,Zamora,49262,VILLARDECIERVOS
8,07 Castilla y León,49,Zamora,49265,VILLARDIEGUA DE LA RIBERA
8,07 Castilla y León,49,Zamora,49266,VILLÁRDIGA
8,07 Castilla y León,49,Zamora,49267,VILLARDONDIEGO
8,07 Castilla y León,49,Zamora,49268,VILLARRÍN DE CAMPOS
8,07 Castilla y León,49,Zamora,49269,VILLASECO DEL PAN
8,07 Castilla y León,49,Zamora,49270,VILLAVENDIMIO
8,07 Castilla y León,49,Zamora,49272,VILLAVEZA DE VALVERDE
8,07 Castilla y León,49,Zamora,49271,VILLAVEZA DEL AGUA
8,07 Castilla y León,49,Zamora,49273,VIÑAS
8,07 Castilla y León,49,Zamora,49275,ZAMORA
7,08 Castilla - La Mancha,2,Albacete,2001,ABENGIBRE
7,08 Castilla - La Mancha,2,Albacete,2002,ALATOZ
7,08 Castilla - La Mancha,2,Albacete,2003,ALBACETE
7,08 Castilla - La Mancha,2,Albacete,2004,ALBATANA
7,08 Castilla - La Mancha,2,Albacete,2005,ALBOREA
7,08 Castilla - La Mancha,2,Albacete,2006,ALCADOZO
7,08 Castilla - La Mancha,2,Albacete,2007,ALCALÁ DEL JÚCAR
7,08 Castilla - La Mancha,2,Albacete,2008,ALCARAZ
7,08 Castilla - La Mancha,2,Albacete,2009,ALMANSA
7,08 Castilla - La Mancha,2,Albacete,2010,ALPERA
7,08 Castilla - La Mancha,2,Albacete,2011,AYNA
7,08 Castilla - La Mancha,2,Albacete,2012,BALAZOTE
7,08 Castilla - La Mancha,2,Albacete,2014,BALLESTERO (EL)
7,08 Castilla - La Mancha,2,Albacete,2013,BALSA DE VES
7,08 Castilla - La Mancha,2,Albacete,2015,BARRAX
7,08 Castilla - La Mancha,2,Albacete,2016,BIENSERVIDA
7,08 Castilla - La Mancha,2,Albacete,2017,BOGARRA
7,08 Castilla - La Mancha,2,Albacete,2018,BONETE
7,08 Castilla - La Mancha,2,Albacete,2019,BONILLO (EL)
7,08 Castilla - La Mancha,2,Albacete,2020,CARCELÉN
7,08 Castilla - La Mancha,2,Albacete,2021,CASAS DE JUAN NÚÑEZ
7,08 Castilla - La Mancha,2,Albacete,2022,CASAS DE LÁZARO
7,08 Castilla - La Mancha,2,Albacete,2023,CASAS DE VES
7,08 Castilla - La Mancha,2,Albacete,2024,CASAS-IBÁÑEZ
7,08 Castilla - La Mancha,2,Albacete,2025,CAUDETE
7,08 Castilla - La Mancha,2,Albacete,2026,CENIZATE
7,08 Castilla - La Mancha,2,Albacete,2029,CHINCHILLA DE MONTE-ARAGÓN
7,08 Castilla - La Mancha,2,Albacete,2027,CORRAL-RUBIO
7,08 Castilla - La Mancha,2,Albacete,2028,COTILLAS
7,08 Castilla - La Mancha,2,Albacete,2030,ELCHE DE LA SIERRA
7,08 Castilla - La Mancha,2,Albacete,2031,FÉREZ
7,08 Castilla - La Mancha,2,Albacete,2032,FUENSANTA
7,08 Castilla - La Mancha,2,Albacete,2033,FUENTE-ÁLAMO
7,08 Castilla - La Mancha,2,Albacete,2034,FUENTEALBILLA
7,08 Castilla - La Mancha,2,Albacete,2035,GINETA (LA)
7,08 Castilla - La Mancha,2,Albacete,2036,GOLOSALVO
7,08 Castilla - La Mancha,2,Albacete,2037,HELLÍN
7,08 Castilla - La Mancha,2,Albacete,2038,HERRERA (LA)
7,08 Castilla - La Mancha,2,Albacete,2039,HIGUERUELA
7,08 Castilla - La Mancha,2,Albacete,2040,HOYA-GONZALO
7,08 Castilla - La Mancha,2,Albacete,2041,JORQUERA
7,08 Castilla - La Mancha,2,Albacete,2042,LETUR
7,08 Castilla - La Mancha,2,Albacete,2043,LEZUZA
7,08 Castilla - La Mancha,2,Albacete,2044,LIÉTOR
7,08 Castilla - La Mancha,2,Albacete,2045,MADRIGUERAS
7,08 Castilla - La Mancha,2,Albacete,2046,MAHORA
7,08 Castilla - La Mancha,2,Albacete,2047,MASEGOSO
7,08 Castilla - La Mancha,2,Albacete,2048,MINAYA
7,08 Castilla - La Mancha,2,Albacete,2049,MOLINICOS
7,08 Castilla - La Mancha,2,Albacete,2050,MONTALVOS
7,08 Castilla - La Mancha,2,Albacete,2051,MONTEALEGRE DEL CASTILLO
7,08 Castilla - La Mancha,2,Albacete,2052,MOTILLEJA
7,08 Castilla - La Mancha,2,Albacete,2053,MUNERA
7,08 Castilla - La Mancha,2,Albacete,2054,NAVAS DE JORQUERA
7,08 Castilla - La Mancha,2,Albacete,2055,NERPIO
7,08 Castilla - La Mancha,2,Albacete,2056,ONTUR
7,08 Castilla - La Mancha,2,Albacete,2057,OSSA DE MONTIEL
7,08 Castilla - La Mancha,2,Albacete,2058,PATERNA DEL MADERA
7,08 Castilla - La Mancha,2,Albacete,2060,PEÑAS DE SAN PEDRO
7,08 Castilla - La Mancha,2,Albacete,2059,PEÑASCOSA
7,08 Castilla - La Mancha,2,Albacete,2061,PÉTROLA
7,08 Castilla - La Mancha,2,Albacete,2062,POVEDILLA
7,08 Castilla - La Mancha,2,Albacete,2901,POZO CAÑADA
7,08 Castilla - La Mancha,2,Albacete,2063,POZOHONDO
7,08 Castilla - La Mancha,2,Albacete,2064,POZO-LORENTE
7,08 Castilla - La Mancha,2,Albacete,2065,POZUELO
7,08 Castilla - La Mancha,2,Albacete,2066,RECUEJA (LA)
7,08 Castilla - La Mancha,2,Albacete,2067,RIÓPAR
7,08 Castilla - La Mancha,2,Albacete,2068,ROBLEDO
7,08 Castilla - La Mancha,2,Albacete,2069,RODA (LA)
7,08 Castilla - La Mancha,2,Albacete,2070,SALOBRE
7,08 Castilla - La Mancha,2,Albacete,2071,SAN PEDRO
7,08 Castilla - La Mancha,2,Albacete,2072,SOCOVOS
7,08 Castilla - La Mancha,2,Albacete,2073,TARAZONA DE LA MANCHA
7,08 Castilla - La Mancha,2,Albacete,2074,TOBARRA
7,08 Castilla - La Mancha,2,Albacete,2075,VALDEGANGA
7,08 Castilla - La Mancha,2,Albacete,2076,VIANOS
7,08 Castilla - La Mancha,2,Albacete,2077,VILLA DE VES
7,08 Castilla - La Mancha,2,Albacete,2078,VILLALGORDO DEL JÚCAR
7,08 Castilla - La Mancha,2,Albacete,2079,VILLAMALEA
7,08 Castilla - La Mancha,2,Albacete,2080,VILLAPALACIOS
7,08 Castilla - La Mancha,2,Albacete,2081,VILLARROBLEDO
7,08 Castilla - La Mancha,2,Albacete,2082,VILLATOYA
7,08 Castilla - La Mancha,2,Albacete,2083,VILLAVALIENTE
7,08 Castilla - La Mancha,2,Albacete,2084,VILLAVERDE DE GUADALIMAR
7,08 Castilla - La Mancha,2,Albacete,2085,VIVEROS
7,08 Castilla - La Mancha,2,Albacete,2086,YESTE
7,08 Castilla - La Mancha,13,Ciudad Real,13001,ABENÓJAR
7,08 Castilla - La Mancha,13,Ciudad Real,13002,AGUDO
7,08 Castilla - La Mancha,13,Ciudad Real,13003,ALAMILLO
7,08 Castilla - La Mancha,13,Ciudad Real,13004,ALBALADEJO
7,08 Castilla - La Mancha,13,Ciudad Real,13005,ALCÁZAR DE SAN JUAN
7,08 Castilla - La Mancha,13,Ciudad Real,13006,ALCOBA
7,08 Castilla - La Mancha,13,Ciudad Real,13007,ALCOLEA DE CALATRAVA
7,08 Castilla - La Mancha,13,Ciudad Real,13008,ALCUBILLAS
7,08 Castilla - La Mancha,13,Ciudad Real,13009,ALDEA DEL REY
7,08 Castilla - La Mancha,13,Ciudad Real,13010,ALHAMBRA
7,08 Castilla - La Mancha,13,Ciudad Real,13011,ALMADÉN
7,08 Castilla - La Mancha,13,Ciudad Real,13012,ALMADENEJOS
7,08 Castilla - La Mancha,13,Ciudad Real,13013,ALMAGRO
7,08 Castilla - La Mancha,13,Ciudad Real,13014,ALMEDINA
7,08 Castilla - La Mancha,13,Ciudad Real,13015,ALMODÓVAR DEL CAMPO
7,08 Castilla - La Mancha,13,Ciudad Real,13016,ALMURADIEL
7,08 Castilla - La Mancha,13,Ciudad Real,13017,ANCHURAS
7,08 Castilla - La Mancha,13,Ciudad Real,13903,ARENALES DE SAN GREGORIO
7,08 Castilla - La Mancha,13,Ciudad Real,13018,ARENAS DE SAN JUAN
7,08 Castilla - La Mancha,13,Ciudad Real,13019,ARGAMASILLA DE ALBA
7,08 Castilla - La Mancha,13,Ciudad Real,13020,ARGAMASILLA DE CALATRAVA
7,08 Castilla - La Mancha,13,Ciudad Real,13021,ARROBA DE LOS MONTES
7,08 Castilla - La Mancha,13,Ciudad Real,13022,BALLESTEROS DE CALATRAVA
7,08 Castilla - La Mancha,13,Ciudad Real,13023,BOLAÑOS DE CALATRAVA
7,08 Castilla - La Mancha,13,Ciudad Real,13024,BRAZATORTAS
7,08 Castilla - La Mancha,13,Ciudad Real,13025,CABEZARADOS
7,08 Castilla - La Mancha,13,Ciudad Real,13026,CABEZARRUBIAS DEL PUERTO
7,08 Castilla - La Mancha,13,Ciudad Real,13027,CALZADA DE CALATRAVA
7,08 Castilla - La Mancha,13,Ciudad Real,13028,CAMPO DE CRIPTANA
7,08 Castilla - La Mancha,13,Ciudad Real,13029,CAÑADA DE CALATRAVA
7,08 Castilla - La Mancha,13,Ciudad Real,13030,CARACUEL DE CALATRAVA
7,08 Castilla - La Mancha,13,Ciudad Real,13031,CARRIÓN DE CALATRAVA
7,08 Castilla - La Mancha,13,Ciudad Real,13032,CARRIZOSA
7,08 Castilla - La Mancha,13,Ciudad Real,13033,CASTELLAR DE SANTIAGO
7,08 Castilla - La Mancha,13,Ciudad Real,13038,CHILLÓN
7,08 Castilla - La Mancha,13,Ciudad Real,13034,CIUDAD REAL
7,08 Castilla - La Mancha,13,Ciudad Real,13035,CORRAL DE CALATRAVA
7,08 Castilla - La Mancha,13,Ciudad Real,13036,CORTIJOS (LOS)
7,08 Castilla - La Mancha,13,Ciudad Real,13037,CÓZAR
7,08 Castilla - La Mancha,13,Ciudad Real,13039,DAIMIEL
7,08 Castilla - La Mancha,13,Ciudad Real,13040,FERNÁN CABALLERO
7,08 Castilla - La Mancha,13,Ciudad Real,13041,FONTANAREJO
7,08 Castilla - La Mancha,13,Ciudad Real,13042,FUENCALIENTE
7,08 Castilla - La Mancha,13,Ciudad Real,13043,FUENLLANA
7,08 Castilla - La Mancha,13,Ciudad Real,13044,FUENTE EL FRESNO
7,08 Castilla - La Mancha,13,Ciudad Real,13045,GRANÁTULA DE CALATRAVA
7,08 Castilla - La Mancha,13,Ciudad Real,13046,GUADALMEZ
7,08 Castilla - La Mancha,13,Ciudad Real,13047,HERENCIA
7,08 Castilla - La Mancha,13,Ciudad Real,13048,HINOJOSAS DE CALATRAVA
7,08 Castilla - La Mancha,13,Ciudad Real,13049,HORCAJO DE LOS MONTES
7,08 Castilla - La Mancha,13,Ciudad Real,13050,LABORES (LAS)
7,08 Castilla - La Mancha,13,Ciudad Real,13904,LLANOS DEL CAUDILLO
7,08 Castilla - La Mancha,13,Ciudad Real,13051,LUCIANA
7,08 Castilla - La Mancha,13,Ciudad Real,13052,MALAGÓN
7,08 Castilla - La Mancha,13,Ciudad Real,13053,MANZANARES
7,08 Castilla - La Mancha,13,Ciudad Real,13054,MEMBRILLA
7,08 Castilla - La Mancha,13,Ciudad Real,13055,MESTANZA
7,08 Castilla - La Mancha,13,Ciudad Real,13056,MIGUELTURRA
7,08 Castilla - La Mancha,13,Ciudad Real,13057,MONTIEL
7,08 Castilla - La Mancha,13,Ciudad Real,13058,MORAL DE CALATRAVA
7,08 Castilla - La Mancha,13,Ciudad Real,13059,NAVALPINO
7,08 Castilla - La Mancha,13,Ciudad Real,13060,NAVAS DE ESTENA
7,08 Castilla - La Mancha,13,Ciudad Real,13061,PEDRO MUÑOZ
7,08 Castilla - La Mancha,13,Ciudad Real,13062,PICÓN
7,08 Castilla - La Mancha,13,Ciudad Real,13063,PIEDRABUENA
7,08 Castilla - La Mancha,13,Ciudad Real,13064,POBLETE
7,08 Castilla - La Mancha,13,Ciudad Real,13065,PORZUNA
7,08 Castilla - La Mancha,13,Ciudad Real,13066,POZUELO DE CALATRAVA
7,08 Castilla - La Mancha,13,Ciudad Real,13067,POZUELOS DE CALATRAVA (LOS)
7,08 Castilla - La Mancha,13,Ciudad Real,13068,PUEBLA DE DON RODRIGO
7,08 Castilla - La Mancha,13,Ciudad Real,13069,PUEBLA DEL PRÍNCIPE
7,08 Castilla - La Mancha,13,Ciudad Real,13070,PUERTO LÁPICE
7,08 Castilla - La Mancha,13,Ciudad Real,13071,PUERTOLLANO
7,08 Castilla - La Mancha,13,Ciudad Real,13072,RETUERTA DEL BULLAQUE
7,08 Castilla - La Mancha,13,Ciudad Real,13901,ROBLEDO (EL)
7,08 Castilla - La Mancha,13,Ciudad Real,13902,RUIDERA
7,08 Castilla - La Mancha,13,Ciudad Real,13073,SACERUELA
7,08 Castilla - La Mancha,13,Ciudad Real,13074,SAN CARLOS DEL VALLE
7,08 Castilla - La Mancha,13,Ciudad Real,13075,SAN LORENZO DE CALATRAVA
7,08 Castilla - La Mancha,13,Ciudad Real,13076,SANTA CRUZ DE LOS CÁÑAMOS
7,08 Castilla - La Mancha,13,Ciudad Real,13077,SANTA CRUZ DE MUDELA
7,08 Castilla - La Mancha,13,Ciudad Real,13078,SOCUÉLLAMOS
7,08 Castilla - La Mancha,13,Ciudad Real,13080,SOLANA DEL PINO
7,08 Castilla - La Mancha,13,Ciudad Real,13079,SOLANA (LA)
7,08 Castilla - La Mancha,13,Ciudad Real,13081,TERRINCHES
7,08 Castilla - La Mancha,13,Ciudad Real,13082,TOMELLOSO
7,08 Castilla - La Mancha,13,Ciudad Real,13083,TORRALBA DE CALATRAVA
7,08 Castilla - La Mancha,13,Ciudad Real,13084,TORRE DE JUAN ABAD
7,08 Castilla - La Mancha,13,Ciudad Real,13085,TORRENUEVA
7,08 Castilla - La Mancha,13,Ciudad Real,13086,VALDEMANCO DEL ESTERAS
7,08 Castilla - La Mancha,13,Ciudad Real,13087,VALDEPEÑAS
7,08 Castilla - La Mancha,13,Ciudad Real,13088,VALENZUELA DE CALATRAVA
7,08 Castilla - La Mancha,13,Ciudad Real,13089,VILLAHERMOSA
7,08 Castilla - La Mancha,13,Ciudad Real,13090,VILLAMANRIQUE
7,08 Castilla - La Mancha,13,Ciudad Real,13091,VILLAMAYOR DE CALATRAVA
7,08 Castilla - La Mancha,13,Ciudad Real,13092,VILLANUEVA DE LA FUENTE
7,08 Castilla - La Mancha,13,Ciudad Real,13093,VILLANUEVA DE LOS INFANTES
7,08 Castilla - La Mancha,13,Ciudad Real,13094,VILLANUEVA DE SAN CARLOS
7,08 Castilla - La Mancha,13,Ciudad Real,13095,VILLAR DEL POZO
7,08 Castilla - La Mancha,13,Ciudad Real,13096,VILLARRUBIA DE LOS OJOS
7,08 Castilla - La Mancha,13,Ciudad Real,13097,VILLARTA DE SAN JUAN
7,08 Castilla - La Mancha,13,Ciudad Real,13098,VISO DEL MARQUÉS
7,08 Castilla - La Mancha,16,Cuenca,16001,ABIA DE LA OBISPALÍA
7,08 Castilla - La Mancha,16,Cuenca,16002,ACEBRÓN (EL)
7,08 Castilla - La Mancha,16,Cuenca,16003,ALARCÓN
7,08 Castilla - La Mancha,16,Cuenca,16004,ALBALADEJO DEL CUENDE
7,08 Castilla - La Mancha,16,Cuenca,16005,ALBALATE DE LAS NOGUERAS
7,08 Castilla - La Mancha,16,Cuenca,16006,ALBENDEA
7,08 Castilla - La Mancha,16,Cuenca,16007,ALBERCA DE ZÁNCARA (LA)
7,08 Castilla - La Mancha,16,Cuenca,16008,ALCALÁ DE LA VEGA
7,08 Castilla - La Mancha,16,Cuenca,16009,ALCANTUD
7,08 Castilla - La Mancha,16,Cuenca,16010,ALCÁZAR DEL REY
7,08 Castilla - La Mancha,16,Cuenca,16011,ALCOHUJATE
7,08 Castilla - La Mancha,16,Cuenca,16012,ALCONCHEL DE LA ESTRELLA
7,08 Castilla - La Mancha,16,Cuenca,16013,ALGARRA
7,08 Castilla - La Mancha,16,Cuenca,16014,ALIAGUILLA
7,08 Castilla - La Mancha,16,Cuenca,16015,ALMARCHA (LA)
7,08 Castilla - La Mancha,16,Cuenca,16016,ALMENDROS
7,08 Castilla - La Mancha,16,Cuenca,16017,ALMODÓVAR DEL PINAR
7,08 Castilla - La Mancha,16,Cuenca,16018,ALMONACID DEL MARQUESADO
7,08 Castilla - La Mancha,16,Cuenca,16019,ALTAREJOS
7,08 Castilla - La Mancha,16,Cuenca,16020,ARANDILLA DEL ARROYO
7,08 Castilla - La Mancha,16,Cuenca,16905,ARCAS
7,08 Castilla - La Mancha,16,Cuenca,16022,ARCOS DE LA SIERRA
7,08 Castilla - La Mancha,16,Cuenca,16024,ARGUISUELAS
7,08 Castilla - La Mancha,16,Cuenca,16025,ARRANCACEPAS
7,08 Castilla - La Mancha,16,Cuenca,16026,ATALAYA DEL CAÑAVATE
7,08 Castilla - La Mancha,16,Cuenca,16027,BARAJAS DE MELO
7,08 Castilla - La Mancha,16,Cuenca,16029,BARCHÍN DEL HOYO
7,08 Castilla - La Mancha,16,Cuenca,16030,BASCUÑANA DE SAN PEDRO
7,08 Castilla - La Mancha,16,Cuenca,16031,BEAMUD
7,08 Castilla - La Mancha,16,Cuenca,16032,BELINCHÓN
7,08 Castilla - La Mancha,16,Cuenca,16033,BELMONTE
7,08 Castilla - La Mancha,16,Cuenca,16034,BELMONTEJO
7,08 Castilla - La Mancha,16,Cuenca,16035,BETETA
7,08 Castilla - La Mancha,16,Cuenca,16036,BONICHES
7,08 Castilla - La Mancha,16,Cuenca,16038,BUCIEGAS
7,08 Castilla - La Mancha,16,Cuenca,16039,BUENACHE DE ALARCÓN
7,08 Castilla - La Mancha,16,Cuenca,16040,BUENACHE DE LA SIERRA
7,08 Castilla - La Mancha,16,Cuenca,16041,BUENDÍA
7,08 Castilla - La Mancha,16,Cuenca,16042,CAMPILLO DE ALTOBUEY
7,08 Castilla - La Mancha,16,Cuenca,16043,CAMPILLOS-PARAVIENTOS
7,08 Castilla - La Mancha,16,Cuenca,16044,CAMPILLOS-SIERRA
7,08 Castilla - La Mancha,16,Cuenca,16901,CAMPOS DEL PARAÍSO
7,08 Castilla - La Mancha,16,Cuenca,16045,CANALEJAS DEL ARROYO
7,08 Castilla - La Mancha,16,Cuenca,16046,CAÑADA DEL HOYO
7,08 Castilla - La Mancha,16,Cuenca,16047,CAÑADA JUNCOSA
7,08 Castilla - La Mancha,16,Cuenca,16048,CAÑAMARES
7,08 Castilla - La Mancha,16,Cuenca,16049,CAÑAVATE (EL)
7,08 Castilla - La Mancha,16,Cuenca,16050,CAÑAVERAS
7,08 Castilla - La Mancha,16,Cuenca,16051,CAÑAVERUELAS
7,08 Castilla - La Mancha,16,Cuenca,16052,CAÑETE
7,08 Castilla - La Mancha,16,Cuenca,16053,CAÑIZARES
7,08 Castilla - La Mancha,16,Cuenca,16055,CARBONERAS DE GUADAZAÓN
7,08 Castilla - La Mancha,16,Cuenca,16056,CARDENETE
7,08 Castilla - La Mancha,16,Cuenca,16057,CARRASCOSA
7,08 Castilla - La Mancha,16,Cuenca,16058,CARRASCOSA DE HARO
7,08 Castilla - La Mancha,16,Cuenca,16060,CASAS DE BENÍTEZ
7,08 Castilla - La Mancha,16,Cuenca,16061,CASAS DE FERNANDO ALONSO
7,08 Castilla - La Mancha,16,Cuenca,16062,CASAS DE GARCIMOLINA
7,08 Castilla - La Mancha,16,Cuenca,16063,CASAS DE GUIJARRO
7,08 Castilla - La Mancha,16,Cuenca,16064,CASAS DE HARO
7,08 Castilla - La Mancha,16,Cuenca,16065,CASAS DE LOS PINOS
7,08 Castilla - La Mancha,16,Cuenca,16066,CASASIMARRO
7,08 Castilla - La Mancha,16,Cuenca,16067,CASTEJÓN
7,08 Castilla - La Mancha,16,Cuenca,16068,CASTILLEJO DE INIESTA
7,08 Castilla - La Mancha,16,Cuenca,16070,CASTILLEJO-SIERRA
7,08 Castilla - La Mancha,16,Cuenca,16072,CASTILLO DE GARCIMUÑOZ
7,08 Castilla - La Mancha,16,Cuenca,16071,CASTILLO-ALBARÁÑEZ
7,08 Castilla - La Mancha,16,Cuenca,16073,CERVERA DEL LLANO
7,08 Castilla - La Mancha,16,Cuenca,16023,CHILLARÓN DE CUENCA
7,08 Castilla - La Mancha,16,Cuenca,16081,CHUMILLAS
7,08 Castilla - La Mancha,16,Cuenca,16074,CIERVA (LA)
7,08 Castilla - La Mancha,16,Cuenca,16078,CUENCA
7,08 Castilla - La Mancha,16,Cuenca,16079,CUEVA DEL HIERRO
7,08 Castilla - La Mancha,16,Cuenca,16082,ENGUÍDANOS
7,08 Castilla - La Mancha,16,Cuenca,16083,FRESNEDA DE ALTAREJOS
7,08 Castilla - La Mancha,16,Cuenca,16084,FRESNEDA DE LA SIERRA
7,08 Castilla - La Mancha,16,Cuenca,16085,FRONTERA (LA)
7,08 Castilla - La Mancha,16,Cuenca,16086,FUENTE DE PEDRO NAHARRO
7,08 Castilla - La Mancha,16,Cuenca,16087,FUENTELESPINO DE HARO
7,08 Castilla - La Mancha,16,Cuenca,16088,FUENTELESPINO DE MOYA
7,08 Castilla - La Mancha,16,Cuenca,16904,FUENTENAVA DE JÁBAGA
7,08 Castilla - La Mancha,16,Cuenca,16089,FUENTES
7,08 Castilla - La Mancha,16,Cuenca,16091,FUERTESCUSA
7,08 Castilla - La Mancha,16,Cuenca,16092,GABALDÓN
7,08 Castilla - La Mancha,16,Cuenca,16093,GARABALLA
7,08 Castilla - La Mancha,16,Cuenca,16094,GASCUEÑA
7,08 Castilla - La Mancha,16,Cuenca,16095,GRAJA DE CAMPALBO
7,08 Castilla - La Mancha,16,Cuenca,16096,GRAJA DE INIESTA
7,08 Castilla - La Mancha,16,Cuenca,16097,HENAREJOS
7,08 Castilla - La Mancha,16,Cuenca,16098,HERRUMBLAR (EL)
7,08 Castilla - La Mancha,16,Cuenca,16099,HINOJOSA (LA)
7,08 Castilla - La Mancha,16,Cuenca,16100,HINOJOSOS (LOS)
7,08 Castilla - La Mancha,16,Cuenca,16101,HITO (EL)
7,08 Castilla - La Mancha,16,Cuenca,16102,HONRUBIA
7,08 Castilla - La Mancha,16,Cuenca,16103,HONTANAYA
7,08 Castilla - La Mancha,16,Cuenca,16104,HONTECILLAS
7,08 Castilla - La Mancha,16,Cuenca,16106,HORCAJO DE SANTIAGO
7,08 Castilla - La Mancha,16,Cuenca,16107,HUÉLAMO
7,08 Castilla - La Mancha,16,Cuenca,16108,HUELVES
7,08 Castilla - La Mancha,16,Cuenca,16109,HUÉRGUINA
7,08 Castilla - La Mancha,16,Cuenca,16110,HUERTA DE LA OBISPALÍA
7,08 Castilla - La Mancha,16,Cuenca,16111,HUERTA DEL MARQUESADO
7,08 Castilla - La Mancha,16,Cuenca,16112,HUETE
7,08 Castilla - La Mancha,16,Cuenca,16113,INIESTA
7,08 Castilla - La Mancha,16,Cuenca,16115,LAGUNA DEL MARQUESADO
7,08 Castilla - La Mancha,16,Cuenca,16116,LAGUNASECA
7,08 Castilla - La Mancha,16,Cuenca,16117,LANDETE
7,08 Castilla - La Mancha,16,Cuenca,16118,LEDAÑA
7,08 Castilla - La Mancha,16,Cuenca,16119,LEGANIEL
7,08 Castilla - La Mancha,16,Cuenca,16121,MAJADAS (LAS)
7,08 Castilla - La Mancha,16,Cuenca,16122,MARIANA
7,08 Castilla - La Mancha,16,Cuenca,16123,MASEGOSA
7,08 Castilla - La Mancha,16,Cuenca,16124,MESAS (LAS)
7,08 Castilla - La Mancha,16,Cuenca,16125,MINGLANILLA
7,08 Castilla - La Mancha,16,Cuenca,16126,MIRA
7,08 Castilla - La Mancha,16,Cuenca,16128,MONREAL DEL LLANO
7,08 Castilla - La Mancha,16,Cuenca,16129,MONTALBANEJO
7,08 Castilla - La Mancha,16,Cuenca,16130,MONTALBO
7,08 Castilla - La Mancha,16,Cuenca,16131,MONTEAGUDO DE LAS SALINAS
7,08 Castilla - La Mancha,16,Cuenca,16132,MOTA DE ALTAREJOS
7,08 Castilla - La Mancha,16,Cuenca,16133,MOTA DEL CUERVO
7,08 Castilla - La Mancha,16,Cuenca,16134,MOTILLA DEL PALANCAR
7,08 Castilla - La Mancha,16,Cuenca,16135,MOYA
7,08 Castilla - La Mancha,16,Cuenca,16137,NARBONETA
7,08 Castilla - La Mancha,16,Cuenca,16139,OLIVARES DE JÚCAR
7,08 Castilla - La Mancha,16,Cuenca,16140,OLMEDA DE LA CUESTA
7,08 Castilla - La Mancha,16,Cuenca,16141,OLMEDA DEL REY
7,08 Castilla - La Mancha,16,Cuenca,16142,OLMEDILLA DE ALARCÓN
7,08 Castilla - La Mancha,16,Cuenca,16143,OLMEDILLA DE ELIZ
7,08 Castilla - La Mancha,16,Cuenca,16145,OSA DE LA VEGA
7,08 Castilla - La Mancha,16,Cuenca,16146,PAJARÓN
7,08 Castilla - La Mancha,16,Cuenca,16147,PAJARONCILLO
7,08 Castilla - La Mancha,16,Cuenca,16148,PALOMARES DEL CAMPO
7,08 Castilla - La Mancha,16,Cuenca,16149,PALOMERA
7,08 Castilla - La Mancha,16,Cuenca,16150,PARACUELLOS
7,08 Castilla - La Mancha,16,Cuenca,16151,PAREDES
7,08 Castilla - La Mancha,16,Cuenca,16152,PARRA DE LAS VEGAS (LA)
7,08 Castilla - La Mancha,16,Cuenca,16153,PEDERNOSO (EL)
7,08 Castilla - La Mancha,16,Cuenca,16154,PEDROÑERAS (LAS)
7,08 Castilla - La Mancha,16,Cuenca,16155,PERAL (EL)
7,08 Castilla - La Mancha,16,Cuenca,16156,PERALEJA (LA)
7,08 Castilla - La Mancha,16,Cuenca,16157,PESQUERA (LA)
7,08 Castilla - La Mancha,16,Cuenca,16158,PICAZO (EL)
7,08 Castilla - La Mancha,16,Cuenca,16159,PINAREJO
7,08 Castilla - La Mancha,16,Cuenca,16160,PINEDA DE GIGÜELA
7,08 Castilla - La Mancha,16,Cuenca,16161,PIQUERAS DEL CASTILLO
7,08 Castilla - La Mancha,16,Cuenca,16162,PORTALRUBIO DE GUADAMEJUD
7,08 Castilla - La Mancha,16,Cuenca,16163,PORTILLA
7,08 Castilla - La Mancha,16,Cuenca,16165,POYATOS
7,08 Castilla - La Mancha,16,Cuenca,16166,POZOAMARGO
7,08 Castilla - La Mancha,16,Cuenca,16908,POZORRUBIELOS DE LA MANCHA
7,08 Castilla - La Mancha,16,Cuenca,16167,POZORRUBIO DE SANTIAGO
7,08 Castilla - La Mancha,16,Cuenca,16169,POZUELO (EL)
7,08 Castilla - La Mancha,16,Cuenca,16170,PRIEGO
7,08 Castilla - La Mancha,16,Cuenca,16171,PROVENCIO (EL)
7,08 Castilla - La Mancha,16,Cuenca,16172,PUEBLA DE ALMENARA
7,08 Castilla - La Mancha,16,Cuenca,16174,PUEBLA DEL SALVADOR
7,08 Castilla - La Mancha,16,Cuenca,16175,QUINTANAR DEL REY
7,08 Castilla - La Mancha,16,Cuenca,16176,RADA DE HARO
7,08 Castilla - La Mancha,16,Cuenca,16177,REÍLLO
7,08 Castilla - La Mancha,16,Cuenca,16181,ROZALÉN DEL MONTE
7,08 Castilla - La Mancha,16,Cuenca,16185,SACEDA-TRASIERRA
7,08 Castilla - La Mancha,16,Cuenca,16186,SAELICES
7,08 Castilla - La Mancha,16,Cuenca,16187,SALINAS DEL MANZANO
7,08 Castilla - La Mancha,16,Cuenca,16188,SALMERONCILLOS
7,08 Castilla - La Mancha,16,Cuenca,16189,SALVACAÑETE
7,08 Castilla - La Mancha,16,Cuenca,16190,SAN CLEMENTE
7,08 Castilla - La Mancha,16,Cuenca,16191,SAN LORENZO DE LA PARRILLA
7,08 Castilla - La Mancha,16,Cuenca,16192,SAN MARTÍN DE BONICHES
7,08 Castilla - La Mancha,16,Cuenca,16193,SAN PEDRO PALMICHES
7,08 Castilla - La Mancha,16,Cuenca,16194,SANTA CRUZ DE MOYA
7,08 Castilla - La Mancha,16,Cuenca,16196,SANTA MARÍA DE LOS LLANOS
7,08 Castilla - La Mancha,16,Cuenca,16195,SANTA MARÍA DEL CAMPO RUS
7,08 Castilla - La Mancha,16,Cuenca,16197,SANTA MARÍA DEL VAL
7,08 Castilla - La Mancha,16,Cuenca,16198,SISANTE
7,08 Castilla - La Mancha,16,Cuenca,16199,SOLERA DE GABALDÓN
7,08 Castilla - La Mancha,16,Cuenca,16909,SOTORRIBAS
7,08 Castilla - La Mancha,16,Cuenca,16202,TALAYUELAS
7,08 Castilla - La Mancha,16,Cuenca,16203,TARANCÓN
7,08 Castilla - La Mancha,16,Cuenca,16204,TÉBAR
7,08 Castilla - La Mancha,16,Cuenca,16205,TEJADILLOS
7,08 Castilla - La Mancha,16,Cuenca,16206,TINAJAS
7,08 Castilla - La Mancha,16,Cuenca,16209,TORRALBA
7,08 Castilla - La Mancha,16,Cuenca,16211,TORREJONCILLO DEL REY
7,08 Castilla - La Mancha,16,Cuenca,16212,TORRUBIA DEL CAMPO
7,08 Castilla - La Mancha,16,Cuenca,16213,TORRUBIA DEL CASTILLO
7,08 Castilla - La Mancha,16,Cuenca,16215,TRAGACETE
7,08 Castilla - La Mancha,16,Cuenca,16216,TRESJUNCOS
7,08 Castilla - La Mancha,16,Cuenca,16217,TRIBALDOS
7,08 Castilla - La Mancha,16,Cuenca,16218,UCLÉS
7,08 Castilla - La Mancha,16,Cuenca,16219,UÑA
7,08 Castilla - La Mancha,16,Cuenca,16906,VALDECOLMENAS (LOS)
7,08 Castilla - La Mancha,16,Cuenca,16224,VALDEMECA
7,08 Castilla - La Mancha,16,Cuenca,16225,VALDEMORILLO DE LA SIERRA
7,08 Castilla - La Mancha,16,Cuenca,16227,VALDEMORO-SIERRA
7,08 Castilla - La Mancha,16,Cuenca,16228,VALDEOLIVAS
7,08 Castilla - La Mancha,16,Cuenca,16902,VALDETÓRTOLA
7,08 Castilla - La Mancha,16,Cuenca,16903,VALERAS (LAS)
7,08 Castilla - La Mancha,16,Cuenca,16231,VALHERMOSO DE LA FUENTE
7,08 Castilla - La Mancha,16,Cuenca,16173,VALLE DE ALTOMIRA (EL)
7,08 Castilla - La Mancha,16,Cuenca,16234,VALSALOBRE
7,08 Castilla - La Mancha,16,Cuenca,16236,VALVERDE DE JÚCAR
7,08 Castilla - La Mancha,16,Cuenca,16237,VALVERDEJO
7,08 Castilla - La Mancha,16,Cuenca,16238,VARA DE REY
7,08 Castilla - La Mancha,16,Cuenca,16239,VEGA DEL CODORNO
7,08 Castilla - La Mancha,16,Cuenca,16240,VELLISCA
7,08 Castilla - La Mancha,16,Cuenca,16242,VILLACONEJOS DE TRABAQUE
7,08 Castilla - La Mancha,16,Cuenca,16243,VILLAESCUSA DE HARO
7,08 Castilla - La Mancha,16,Cuenca,16244,VILLAGARCÍA DEL LLANO
7,08 Castilla - La Mancha,16,Cuenca,16245,VILLALBA DE LA SIERRA
7,08 Castilla - La Mancha,16,Cuenca,16246,VILLALBA DEL REY
7,08 Castilla - La Mancha,16,Cuenca,16247,VILLALGORDO DEL MARQUESADO
7,08 Castilla - La Mancha,16,Cuenca,16248,VILLALPARDO
7,08 Castilla - La Mancha,16,Cuenca,16249,VILLAMAYOR DE SANTIAGO
7,08 Castilla - La Mancha,16,Cuenca,16250,VILLANUEVA DE GUADAMEJUD
7,08 Castilla - La Mancha,16,Cuenca,16251,VILLANUEVA DE LA JARA
7,08 Castilla - La Mancha,16,Cuenca,16253,VILLAR DE CAÑAS
7,08 Castilla - La Mancha,16,Cuenca,16254,VILLAR DE DOMINGO GARCÍA
7,08 Castilla - La Mancha,16,Cuenca,16255,VILLAR DE LA ENCINA
7,08 Castilla - La Mancha,16,Cuenca,16263,VILLAR DE OLALLA
7,08 Castilla - La Mancha,16,Cuenca,16258,VILLAR DEL HUMO
7,08 Castilla - La Mancha,16,Cuenca,16259,VILLAR DEL INFANTADO
7,08 Castilla - La Mancha,16,Cuenca,16910,VILLAR Y VELASCO
7,08 Castilla - La Mancha,16,Cuenca,16264,VILLAREJO DE FUENTES
7,08 Castilla - La Mancha,16,Cuenca,16265,VILLAREJO DE LA PEÑUELA
7,08 Castilla - La Mancha,16,Cuenca,16266,VILLAREJO-PERIESTEBAN
7,08 Castilla - La Mancha,16,Cuenca,16269,VILLARES DEL SAZ
7,08 Castilla - La Mancha,16,Cuenca,16270,VILLARRUBIO
7,08 Castilla - La Mancha,16,Cuenca,16271,VILLARTA
7,08 Castilla - La Mancha,16,Cuenca,16272,VILLAS DE LA VENTOSA
7,08 Castilla - La Mancha,16,Cuenca,16273,VILLAVERDE Y PASACONSOL
7,08 Castilla - La Mancha,16,Cuenca,16274,VÍLLORA
7,08 Castilla - La Mancha,16,Cuenca,16275,VINDEL
7,08 Castilla - La Mancha,16,Cuenca,16276,YÉMEDA
7,08 Castilla - La Mancha,16,Cuenca,16277,ZAFRA DE ZÁNCARA
7,08 Castilla - La Mancha,16,Cuenca,16278,ZAFRILLA
7,08 Castilla - La Mancha,16,Cuenca,16279,ZARZA DE TAJO
7,08 Castilla - La Mancha,16,Cuenca,16280,ZARZUELA
7,08 Castilla - La Mancha,19,Guadalajara,19001,ABÁNADES
7,08 Castilla - La Mancha,19,Guadalajara,19002,ABLANQUE
7,08 Castilla - La Mancha,19,Guadalajara,19003,ADOBES
7,08 Castilla - La Mancha,19,Guadalajara,19004,ALAMINOS
7,08 Castilla - La Mancha,19,Guadalajara,19005,ALARILLA
7,08 Castilla - La Mancha,19,Guadalajara,19006,ALBALATE DE ZORITA
7,08 Castilla - La Mancha,19,Guadalajara,19007,ALBARES
7,08 Castilla - La Mancha,19,Guadalajara,19008,ALBENDIEGO
7,08 Castilla - La Mancha,19,Guadalajara,19009,ALCOCER
7,08 Castilla - La Mancha,19,Guadalajara,19010,ALCOLEA DE LAS PEÑAS
7,08 Castilla - La Mancha,19,Guadalajara,19011,ALCOLEA DEL PINAR
7,08 Castilla - La Mancha,19,Guadalajara,19013,ALCOROCHES
7,08 Castilla - La Mancha,19,Guadalajara,19015,ALDEANUEVA DE GUADALAJARA
7,08 Castilla - La Mancha,19,Guadalajara,19016,ALGAR DE MESA
7,08 Castilla - La Mancha,19,Guadalajara,19017,ALGORA
7,08 Castilla - La Mancha,19,Guadalajara,19018,ALHÓNDIGA
7,08 Castilla - La Mancha,19,Guadalajara,19019,ALIQUE
7,08 Castilla - La Mancha,19,Guadalajara,19020,ALMADRONES
7,08 Castilla - La Mancha,19,Guadalajara,19021,ALMOGUERA
7,08 Castilla - La Mancha,19,Guadalajara,19022,ALMONACID DE ZORITA
7,08 Castilla - La Mancha,19,Guadalajara,19023,ALOCÉN
7,08 Castilla - La Mancha,19,Guadalajara,19024,ALOVERA
7,08 Castilla - La Mancha,19,Guadalajara,19027,ALUSTANTE
7,08 Castilla - La Mancha,19,Guadalajara,19031,ANGÓN
7,08 Castilla - La Mancha,19,Guadalajara,19032,ANGUITA
7,08 Castilla - La Mancha,19,Guadalajara,19033,ANQUELA DEL DUCADO
7,08 Castilla - La Mancha,19,Guadalajara,19034,ANQUELA DEL PEDREGAL
7,08 Castilla - La Mancha,19,Guadalajara,19036,ARANZUEQUE
7,08 Castilla - La Mancha,19,Guadalajara,19037,ARBANCÓN
7,08 Castilla - La Mancha,19,Guadalajara,19038,ARBETETA
7,08 Castilla - La Mancha,19,Guadalajara,19039,ARGECILLA
7,08 Castilla - La Mancha,19,Guadalajara,19040,ARMALLONES
7,08 Castilla - La Mancha,19,Guadalajara,19041,ARMUÑA DE TAJUÑA
7,08 Castilla - La Mancha,19,Guadalajara,19042,ARROYO DE LAS FRAGUAS
7,08 Castilla - La Mancha,19,Guadalajara,19043,ATANZÓN
7,08 Castilla - La Mancha,19,Guadalajara,19044,ATIENZA
7,08 Castilla - La Mancha,19,Guadalajara,19045,AUÑÓN
7,08 Castilla - La Mancha,19,Guadalajara,19046,AZUQUECA DE HENARES
7,08 Castilla - La Mancha,19,Guadalajara,19047,BAIDES
7,08 Castilla - La Mancha,19,Guadalajara,19048,BAÑOS DE TAJO
7,08 Castilla - La Mancha,19,Guadalajara,19049,BAÑUELOS
7,08 Castilla - La Mancha,19,Guadalajara,19050,BARRIOPEDRO
7,08 Castilla - La Mancha,19,Guadalajara,19051,BERNINCHES
7,08 Castilla - La Mancha,19,Guadalajara,19052,BODERA (LA)
7,08 Castilla - La Mancha,19,Guadalajara,19053,BRIHUEGA
7,08 Castilla - La Mancha,19,Guadalajara,19054,BUDIA
7,08 Castilla - La Mancha,19,Guadalajara,19055,BUJALARO
7,08 Castilla - La Mancha,19,Guadalajara,19057,BUSTARES
7,08 Castilla - La Mancha,19,Guadalajara,19058,CABANILLAS DEL CAMPO
7,08 Castilla - La Mancha,19,Guadalajara,19059,CAMPILLO DE DUEÑAS
7,08 Castilla - La Mancha,19,Guadalajara,19060,CAMPILLO DE RANAS
7,08 Castilla - La Mancha,19,Guadalajara,19061,CAMPISÁBALOS
7,08 Castilla - La Mancha,19,Guadalajara,19064,CANREDONDO
7,08 Castilla - La Mancha,19,Guadalajara,19065,CANTALOJAS
7,08 Castilla - La Mancha,19,Guadalajara,19066,CAÑIZAR
7,08 Castilla - La Mancha,19,Guadalajara,19067,CARDOSO DE LA SIERRA (EL)
7,08 Castilla - La Mancha,19,Guadalajara,19070,CASA DE UCEDA
7,08 Castilla - La Mancha,19,Guadalajara,19071,CASAR (EL)
7,08 Castilla - La Mancha,19,Guadalajara,19073,CASAS DE SAN GALINDO
7,08 Castilla - La Mancha,19,Guadalajara,19074,CASPUEÑAS
7,08 Castilla - La Mancha,19,Guadalajara,19075,CASTEJÓN DE HENARES
7,08 Castilla - La Mancha,19,Guadalajara,19076,CASTELLAR DE LA MUELA
7,08 Castilla - La Mancha,19,Guadalajara,19078,CASTILFORTE
7,08 Castilla - La Mancha,19,Guadalajara,19079,CASTILNUEVO
7,08 Castilla - La Mancha,19,Guadalajara,19080,CENDEJAS DE ENMEDIO
7,08 Castilla - La Mancha,19,Guadalajara,19081,CENDEJAS DE LA TORRE
7,08 Castilla - La Mancha,19,Guadalajara,19082,CENTENERA
7,08 Castilla - La Mancha,19,Guadalajara,19103,CHECA
7,08 Castilla - La Mancha,19,Guadalajara,19104,CHEQUILLA
7,08 Castilla - La Mancha,19,Guadalajara,19106,CHILLARÓN DEL REY
7,08 Castilla - La Mancha,19,Guadalajara,19105,CHILOECHES
7,08 Castilla - La Mancha,19,Guadalajara,19086,CIFUENTES
7,08 Castilla - La Mancha,19,Guadalajara,19087,CINCOVILLAS
7,08 Castilla - La Mancha,19,Guadalajara,19088,CIRUELAS
7,08 Castilla - La Mancha,19,Guadalajara,19089,CIRUELOS DEL PINAR
7,08 Castilla - La Mancha,19,Guadalajara,19090,COBETA
7,08 Castilla - La Mancha,19,Guadalajara,19091,COGOLLOR
7,08 Castilla - La Mancha,19,Guadalajara,19092,COGOLLUDO
7,08 Castilla - La Mancha,19,Guadalajara,19095,CONDEMIOS DE ABAJO
7,08 Castilla - La Mancha,19,Guadalajara,19096,CONDEMIOS DE ARRIBA
7,08 Castilla - La Mancha,19,Guadalajara,19097,CONGOSTRINA
7,08 Castilla - La Mancha,19,Guadalajara,19098,COPERNAL
7,08 Castilla - La Mancha,19,Guadalajara,19099,CORDUENTE
7,08 Castilla - La Mancha,19,Guadalajara,19102,CUBILLO DE UCEDA (EL)
7,08 Castilla - La Mancha,19,Guadalajara,19107,DRIEBES
7,08 Castilla - La Mancha,19,Guadalajara,19108,DURÓN
7,08 Castilla - La Mancha,19,Guadalajara,19109,EMBID
7,08 Castilla - La Mancha,19,Guadalajara,19110,ESCAMILLA
7,08 Castilla - La Mancha,19,Guadalajara,19111,ESCARICHE
7,08 Castilla - La Mancha,19,Guadalajara,19112,ESCOPETE
7,08 Castilla - La Mancha,19,Guadalajara,19113,ESPINOSA DE HENARES
7,08 Castilla - La Mancha,19,Guadalajara,19114,ESPLEGARES
7,08 Castilla - La Mancha,19,Guadalajara,19115,ESTABLÉS
7,08 Castilla - La Mancha,19,Guadalajara,19116,ESTRIÉGANA
7,08 Castilla - La Mancha,19,Guadalajara,19117,FONTANAR
7,08 Castilla - La Mancha,19,Guadalajara,19118,FUEMBELLIDA
7,08 Castilla - La Mancha,19,Guadalajara,19119,FUENCEMILLÁN
7,08 Castilla - La Mancha,19,Guadalajara,19120,FUENTELAHIGUERA DE ALBATAGES
7,08 Castilla - La Mancha,19,Guadalajara,19121,FUENTELENCINA
7,08 Castilla - La Mancha,19,Guadalajara,19122,FUENTELSAZ
7,08 Castilla - La Mancha,19,Guadalajara,19123,FUENTELVIEJO
7,08 Castilla - La Mancha,19,Guadalajara,19124,FUENTENOVILLA
7,08 Castilla - La Mancha,19,Guadalajara,19125,GAJANEJOS
7,08 Castilla - La Mancha,19,Guadalajara,19126,GALÁPAGOS
7,08 Castilla - La Mancha,19,Guadalajara,19127,GALVE DE SORBE
7,08 Castilla - La Mancha,19,Guadalajara,19129,GASCUEÑA DE BORNOVA
7,08 Castilla - La Mancha,19,Guadalajara,19130,GUADALAJARA
7,08 Castilla - La Mancha,19,Guadalajara,19132,HENCHE
7,08 Castilla - La Mancha,19,Guadalajara,19133,HERAS DE AYUSO
7,08 Castilla - La Mancha,19,Guadalajara,19134,HERRERÍA
7,08 Castilla - La Mancha,19,Guadalajara,19135,HIENDELAENCINA
7,08 Castilla - La Mancha,19,Guadalajara,19136,HIJES
7,08 Castilla - La Mancha,19,Guadalajara,19138,HITA
7,08 Castilla - La Mancha,19,Guadalajara,19139,HOMBRADOS
7,08 Castilla - La Mancha,19,Guadalajara,19142,HONTOBA
7,08 Castilla - La Mancha,19,Guadalajara,19143,HORCHE
7,08 Castilla - La Mancha,19,Guadalajara,19145,HORTEZUELA DE OCÉN
7,08 Castilla - La Mancha,19,Guadalajara,19146,HUERCE (LA)
7,08 Castilla - La Mancha,19,Guadalajara,19147,HUÉRMECES DEL CERRO
7,08 Castilla - La Mancha,19,Guadalajara,19148,HUERTAHERNANDO
7,08 Castilla - La Mancha,19,Guadalajara,19150,HUEVA
7,08 Castilla - La Mancha,19,Guadalajara,19151,HUMANES
7,08 Castilla - La Mancha,19,Guadalajara,19152,ILLANA
7,08 Castilla - La Mancha,19,Guadalajara,19153,INIÉSTOLA
7,08 Castilla - La Mancha,19,Guadalajara,19154,INVIERNAS (LAS)
7,08 Castilla - La Mancha,19,Guadalajara,19155,IRUESTE
7,08 Castilla - La Mancha,19,Guadalajara,19156,JADRAQUE
7,08 Castilla - La Mancha,19,Guadalajara,19157,JIRUEQUE
7,08 Castilla - La Mancha,19,Guadalajara,19159,LEDANCA
7,08 Castilla - La Mancha,19,Guadalajara,19160,LORANCA DE TAJUÑA
7,08 Castilla - La Mancha,19,Guadalajara,19161,LUPIANA
7,08 Castilla - La Mancha,19,Guadalajara,19162,LUZAGA
7,08 Castilla - La Mancha,19,Guadalajara,19163,LUZÓN
7,08 Castilla - La Mancha,19,Guadalajara,19165,MAJAELRAYO
7,08 Castilla - La Mancha,19,Guadalajara,19166,MÁLAGA DEL FRESNO
7,08 Castilla - La Mancha,19,Guadalajara,19167,MALAGUILLA
7,08 Castilla - La Mancha,19,Guadalajara,19168,MANDAYONA
7,08 Castilla - La Mancha,19,Guadalajara,19169,MANTIEL
7,08 Castilla - La Mancha,19,Guadalajara,19170,MARANCHÓN
7,08 Castilla - La Mancha,19,Guadalajara,19171,MARCHAMALO
7,08 Castilla - La Mancha,19,Guadalajara,19172,MASEGOSO DE TAJUÑA
7,08 Castilla - La Mancha,19,Guadalajara,19173,MATARRUBIA
7,08 Castilla - La Mancha,19,Guadalajara,19174,MATILLAS
7,08 Castilla - La Mancha,19,Guadalajara,19175,MAZARETE
7,08 Castilla - La Mancha,19,Guadalajara,19176,MAZUECOS
7,08 Castilla - La Mancha,19,Guadalajara,19177,MEDRANDA
7,08 Castilla - La Mancha,19,Guadalajara,19178,MEGINA
7,08 Castilla - La Mancha,19,Guadalajara,19179,MEMBRILLERA
7,08 Castilla - La Mancha,19,Guadalajara,19181,MIEDES DE ATIENZA
7,08 Castilla - La Mancha,19,Guadalajara,19182,MIERLA (LA)
7,08 Castilla - La Mancha,19,Guadalajara,19184,MILLANA
7,08 Castilla - La Mancha,19,Guadalajara,19183,MILMARCOS
7,08 Castilla - La Mancha,19,Guadalajara,19185,MIÑOSA (LA)
7,08 Castilla - La Mancha,19,Guadalajara,19186,MIRABUENO
7,08 Castilla - La Mancha,19,Guadalajara,19187,MIRALRÍO
7,08 Castilla - La Mancha,19,Guadalajara,19188,MOCHALES
7,08 Castilla - La Mancha,19,Guadalajara,19189,MOHERNANDO
7,08 Castilla - La Mancha,19,Guadalajara,19190,MOLINA DE ARAGÓN
7,08 Castilla - La Mancha,19,Guadalajara,19191,MONASTERIO
7,08 Castilla - La Mancha,19,Guadalajara,19192,MONDÉJAR
7,08 Castilla - La Mancha,19,Guadalajara,19193,MONTARRÓN
7,08 Castilla - La Mancha,19,Guadalajara,19194,MORATILLA DE LOS MELEROS
7,08 Castilla - La Mancha,19,Guadalajara,19195,MORENILLA
7,08 Castilla - La Mancha,19,Guadalajara,19196,MUDUEX
7,08 Castilla - La Mancha,19,Guadalajara,19197,NAVAS DE JADRAQUE (LAS)
7,08 Castilla - La Mancha,19,Guadalajara,19198,NEGREDO
7,08 Castilla - La Mancha,19,Guadalajara,19199,OCENTEJO
7,08 Castilla - La Mancha,19,Guadalajara,19200,OLIVAR (EL)
7,08 Castilla - La Mancha,19,Guadalajara,19201,OLMEDA DE COBETA
7,08 Castilla - La Mancha,19,Guadalajara,19202,OLMEDA DE JADRAQUE (LA)
7,08 Castilla - La Mancha,19,Guadalajara,19203,ORDIAL (EL)
7,08 Castilla - La Mancha,19,Guadalajara,19204,OREA
7,08 Castilla - La Mancha,19,Guadalajara,19208,PÁLMACES DE JADRAQUE
7,08 Castilla - La Mancha,19,Guadalajara,19209,PARDOS
7,08 Castilla - La Mancha,19,Guadalajara,19210,PAREDES DE SIGÜENZA
7,08 Castilla - La Mancha,19,Guadalajara,19211,PAREJA
7,08 Castilla - La Mancha,19,Guadalajara,19212,PASTRANA
7,08 Castilla - La Mancha,19,Guadalajara,19213,PEDREGAL (EL)
7,08 Castilla - La Mancha,19,Guadalajara,19214,PEÑALÉN
7,08 Castilla - La Mancha,19,Guadalajara,19215,PEÑALVER
7,08 Castilla - La Mancha,19,Guadalajara,19216,PERALEJOS DE LAS TRUCHAS
7,08 Castilla - La Mancha,19,Guadalajara,19217,PERALVECHE
7,08 Castilla - La Mancha,19,Guadalajara,19218,PINILLA DE JADRAQUE
7,08 Castilla - La Mancha,19,Guadalajara,19219,PINILLA DE MOLINA
7,08 Castilla - La Mancha,19,Guadalajara,19220,PIOZ
7,08 Castilla - La Mancha,19,Guadalajara,19221,PIQUERAS
7,08 Castilla - La Mancha,19,Guadalajara,19222,POBO DE DUEÑAS (EL)
7,08 Castilla - La Mancha,19,Guadalajara,19223,POVEDA DE LA SIERRA
7,08 Castilla - La Mancha,19,Guadalajara,19224,POZO DE ALMOGUERA
7,08 Castilla - La Mancha,19,Guadalajara,19225,POZO DE GUADALAJARA
7,08 Castilla - La Mancha,19,Guadalajara,19226,PRÁDENA DE ATIENZA
7,08 Castilla - La Mancha,19,Guadalajara,19227,PRADOS REDONDOS
7,08 Castilla - La Mancha,19,Guadalajara,19228,PUEBLA DE BELEÑA
7,08 Castilla - La Mancha,19,Guadalajara,19229,PUEBLA DE VALLES
7,08 Castilla - La Mancha,19,Guadalajara,19230,QUER
7,08 Castilla - La Mancha,19,Guadalajara,19231,REBOLLOSA DE JADRAQUE
7,08 Castilla - La Mancha,19,Guadalajara,19232,RECUENCO (EL)
7,08 Castilla - La Mancha,19,Guadalajara,19233,RENERA
7,08 Castilla - La Mancha,19,Guadalajara,19234,RETIENDAS
7,08 Castilla - La Mancha,19,Guadalajara,19235,RIBA DE SAELICES
7,08 Castilla - La Mancha,19,Guadalajara,19237,RILLO DE GALLO
7,08 Castilla - La Mancha,19,Guadalajara,19238,RIOFRÍO DEL LLANO
7,08 Castilla - La Mancha,19,Guadalajara,19239,ROBLEDILLO DE MOHERNANDO
7,08 Castilla - La Mancha,19,Guadalajara,19240,ROBLEDO DE CORPES
7,08 Castilla - La Mancha,19,Guadalajara,19241,ROMANILLOS DE ATIENZA
7,08 Castilla - La Mancha,19,Guadalajara,19242,ROMANONES
7,08 Castilla - La Mancha,19,Guadalajara,19243,RUEDA DE LA SIERRA
7,08 Castilla - La Mancha,19,Guadalajara,19244,SACECORBO
7,08 Castilla - La Mancha,19,Guadalajara,19245,SACEDÓN
7,08 Castilla - La Mancha,19,Guadalajara,19246,SAELICES DE LA SAL
7,08 Castilla - La Mancha,19,Guadalajara,19247,SALMERÓN
7,08 Castilla - La Mancha,19,Guadalajara,19248,SAN ANDRÉS DEL CONGOSTO
7,08 Castilla - La Mancha,19,Guadalajara,19249,SAN ANDRÉS DEL REY
7,08 Castilla - La Mancha,19,Guadalajara,19250,SANTIUSTE
7,08 Castilla - La Mancha,19,Guadalajara,19251,SAÚCA
7,08 Castilla - La Mancha,19,Guadalajara,19252,SAYATÓN
7,08 Castilla - La Mancha,19,Guadalajara,19254,SELAS
7,08 Castilla - La Mancha,19,Guadalajara,19901,SEMILLAS
7,08 Castilla - La Mancha,19,Guadalajara,19255,SETILES
7,08 Castilla - La Mancha,19,Guadalajara,19256,SIENES
7,08 Castilla - La Mancha,19,Guadalajara,19257,SIGÜENZA
7,08 Castilla - La Mancha,19,Guadalajara,19258,SOLANILLOS DEL EXTREMO
7,08 Castilla - La Mancha,19,Guadalajara,19259,SOMOLINOS
7,08 Castilla - La Mancha,19,Guadalajara,19260,SOTILLO (EL)
7,08 Castilla - La Mancha,19,Guadalajara,19261,SOTODOSOS
7,08 Castilla - La Mancha,19,Guadalajara,19262,TAMAJÓN
7,08 Castilla - La Mancha,19,Guadalajara,19263,TARAGUDO
7,08 Castilla - La Mancha,19,Guadalajara,19264,TARAVILLA
7,08 Castilla - La Mancha,19,Guadalajara,19265,TARTANEDO
7,08 Castilla - La Mancha,19,Guadalajara,19266,TENDILLA
7,08 Castilla - La Mancha,19,Guadalajara,19267,TERZAGA
7,08 Castilla - La Mancha,19,Guadalajara,19268,TIERZO
7,08 Castilla - La Mancha,19,Guadalajara,19269,TOBA (LA)
7,08 Castilla - La Mancha,19,Guadalajara,19271,TORDELLEGO
7,08 Castilla - La Mancha,19,Guadalajara,19270,TORDELRÁBANO
7,08 Castilla - La Mancha,19,Guadalajara,19272,TORDESILOS
7,08 Castilla - La Mancha,19,Guadalajara,19274,TORIJA
7,08 Castilla - La Mancha,19,Guadalajara,19279,TORRE DEL BURGO
7,08 Castilla - La Mancha,19,Guadalajara,19277,TORRECUADRADA DE MOLINA
7,08 Castilla - La Mancha,19,Guadalajara,19278,TORRECUADRADILLA
7,08 Castilla - La Mancha,19,Guadalajara,19280,TORREJÓN DEL REY
7,08 Castilla - La Mancha,19,Guadalajara,19281,TORREMOCHA DE JADRAQUE
7,08 Castilla - La Mancha,19,Guadalajara,19282,TORREMOCHA DEL CAMPO
7,08 Castilla - La Mancha,19,Guadalajara,19283,TORREMOCHA DEL PINAR
7,08 Castilla - La Mancha,19,Guadalajara,19284,TORREMOCHUELA
7,08 Castilla - La Mancha,19,Guadalajara,19285,TORRUBIA
7,08 Castilla - La Mancha,19,Guadalajara,19286,TÓRTOLA DE HENARES
7,08 Castilla - La Mancha,19,Guadalajara,19287,TORTUERA
7,08 Castilla - La Mancha,19,Guadalajara,19288,TORTUERO
7,08 Castilla - La Mancha,19,Guadalajara,19289,TRAÍD
7,08 Castilla - La Mancha,19,Guadalajara,19290,TRIJUEQUE
7,08 Castilla - La Mancha,19,Guadalajara,19291,TRILLO
7,08 Castilla - La Mancha,19,Guadalajara,19293,UCEDA
7,08 Castilla - La Mancha,19,Guadalajara,19294,UJADOS
7,08 Castilla - La Mancha,19,Guadalajara,19296,UTANDE
7,08 Castilla - La Mancha,19,Guadalajara,19297,VALDARACHAS
7,08 Castilla - La Mancha,19,Guadalajara,19298,VALDEARENAS
7,08 Castilla - La Mancha,19,Guadalajara,19299,VALDEAVELLANO
7,08 Castilla - La Mancha,19,Guadalajara,19300,VALDEAVERUELO
7,08 Castilla - La Mancha,19,Guadalajara,19301,VALDECONCHA
7,08 Castilla - La Mancha,19,Guadalajara,19302,VALDEGRUDAS
7,08 Castilla - La Mancha,19,Guadalajara,19303,VALDELCUBO
7,08 Castilla - La Mancha,19,Guadalajara,19304,VALDENUÑO FERNÁNDEZ
7,08 Castilla - La Mancha,19,Guadalajara,19305,VALDEPEÑAS DE LA SIERRA
7,08 Castilla - La Mancha,19,Guadalajara,19306,VALDERREBOLLO
7,08 Castilla - La Mancha,19,Guadalajara,19307,VALDESOTOS
7,08 Castilla - La Mancha,19,Guadalajara,19308,VALFERMOSO DE TAJUÑA
7,08 Castilla - La Mancha,19,Guadalajara,19309,VALHERMOSO
7,08 Castilla - La Mancha,19,Guadalajara,19310,VALTABLADO DEL RÍO
7,08 Castilla - La Mancha,19,Guadalajara,19311,VALVERDE DE LOS ARROYOS
7,08 Castilla - La Mancha,19,Guadalajara,19314,VIANA DE JADRAQUE
7,08 Castilla - La Mancha,19,Guadalajara,19317,VILLANUEVA DE ALCORÓN
7,08 Castilla - La Mancha,19,Guadalajara,19318,VILLANUEVA DE ARGECILLA
7,08 Castilla - La Mancha,19,Guadalajara,19319,VILLANUEVA DE LA TORRE
7,08 Castilla - La Mancha,19,Guadalajara,19321,VILLARES DE JADRAQUE
7,08 Castilla - La Mancha,19,Guadalajara,19322,VILLASECA DE HENARES
7,08 Castilla - La Mancha,19,Guadalajara,19323,VILLASECA DE UCEDA
7,08 Castilla - La Mancha,19,Guadalajara,19324,VILLEL DE MESA
7,08 Castilla - La Mancha,19,Guadalajara,19325,VIÑUELAS
7,08 Castilla - La Mancha,19,Guadalajara,19326,YEBES
7,08 Castilla - La Mancha,19,Guadalajara,19327,YEBRA
7,08 Castilla - La Mancha,19,Guadalajara,19329,YÉLAMOS DE ABAJO
7,08 Castilla - La Mancha,19,Guadalajara,19330,YÉLAMOS DE ARRIBA
7,08 Castilla - La Mancha,19,Guadalajara,19331,YUNQUERA DE HENARES
7,08 Castilla - La Mancha,19,Guadalajara,19332,YUNTA (LA)
7,08 Castilla - La Mancha,19,Guadalajara,19333,ZAOREJAS
7,08 Castilla - La Mancha,19,Guadalajara,19334,ZARZUELA DE JADRAQUE
7,08 Castilla - La Mancha,19,Guadalajara,19335,ZORITA DE LOS CANES
7,08 Castilla - La Mancha,45,Toledo,45001,AJOFRÍN
7,08 Castilla - La Mancha,45,Toledo,45002,ALAMEDA DE LA SAGRA
7,08 Castilla - La Mancha,45,Toledo,45003,ALBARREAL DE TAJO
7,08 Castilla - La Mancha,45,Toledo,45004,ALCABÓN
7,08 Castilla - La Mancha,45,Toledo,45005,ALCAÑIZO
7,08 Castilla - La Mancha,45,Toledo,45006,ALCAUDETE DE LA JARA
7,08 Castilla - La Mancha,45,Toledo,45007,ALCOLEA DE TAJO
7,08 Castilla - La Mancha,45,Toledo,45008,ALDEA EN CABO
7,08 Castilla - La Mancha,45,Toledo,45009,ALDEANUEVA DE BARBARROYA
7,08 Castilla - La Mancha,45,Toledo,45010,ALDEANUEVA DE SAN BARTOLOMÉ
7,08 Castilla - La Mancha,45,Toledo,45011,ALMENDRAL DE LA CAÑADA
7,08 Castilla - La Mancha,45,Toledo,45012,ALMONACID DE TOLEDO
7,08 Castilla - La Mancha,45,Toledo,45013,ALMOROX
7,08 Castilla - La Mancha,45,Toledo,45014,AÑOVER DE TAJO
7,08 Castilla - La Mancha,45,Toledo,45015,ARCICÓLLAR
7,08 Castilla - La Mancha,45,Toledo,45016,ARGÉS
7,08 Castilla - La Mancha,45,Toledo,45017,AZUTÁN
7,08 Castilla - La Mancha,45,Toledo,45018,BARCIENCE
7,08 Castilla - La Mancha,45,Toledo,45019,BARGAS
7,08 Castilla - La Mancha,45,Toledo,45020,BELVÍS DE LA JARA
7,08 Castilla - La Mancha,45,Toledo,45021,BOROX
7,08 Castilla - La Mancha,45,Toledo,45022,BUENAVENTURA
7,08 Castilla - La Mancha,45,Toledo,45023,BURGUILLOS DE TOLEDO
7,08 Castilla - La Mancha,45,Toledo,45024,BURUJÓN
7,08 Castilla - La Mancha,45,Toledo,45025,CABAÑAS DE LA SAGRA
7,08 Castilla - La Mancha,45,Toledo,45026,CABAÑAS DE YEPES
7,08 Castilla - La Mancha,45,Toledo,45027,CABEZAMESADA
7,08 Castilla - La Mancha,45,Toledo,45028,CALERA Y CHOZAS
7,08 Castilla - La Mancha,45,Toledo,45029,CALERUELA
7,08 Castilla - La Mancha,45,Toledo,45030,CALZADA DE OROPESA
7,08 Castilla - La Mancha,45,Toledo,45031,CAMARENA
7,08 Castilla - La Mancha,45,Toledo,45032,CAMARENILLA
7,08 Castilla - La Mancha,45,Toledo,45033,CAMPILLO DE LA JARA (EL)
7,08 Castilla - La Mancha,45,Toledo,45034,CAMUÑAS
7,08 Castilla - La Mancha,45,Toledo,45035,CARDIEL DE LOS MONTES
7,08 Castilla - La Mancha,45,Toledo,45036,CARMENA
7,08 Castilla - La Mancha,45,Toledo,45037,CARPIO DE TAJO (EL)
7,08 Castilla - La Mancha,45,Toledo,45038,CARRANQUE
7,08 Castilla - La Mancha,45,Toledo,45039,CARRICHES
7,08 Castilla - La Mancha,45,Toledo,45040,CASAR DE ESCALONA (EL)
7,08 Castilla - La Mancha,45,Toledo,45041,CASARRUBIOS DEL MONTE
7,08 Castilla - La Mancha,45,Toledo,45042,CASASBUENAS
7,08 Castilla - La Mancha,45,Toledo,45043,CASTILLO DE BAYUELA
7,08 Castilla - La Mancha,45,Toledo,45045,CAZALEGAS
7,08 Castilla - La Mancha,45,Toledo,45046,CEBOLLA
7,08 Castilla - La Mancha,45,Toledo,45047,CEDILLO DEL CONDADO
7,08 Castilla - La Mancha,45,Toledo,45048,CERRALBOS (LOS)
7,08 Castilla - La Mancha,45,Toledo,45049,CERVERA DE LOS MONTES
7,08 Castilla - La Mancha,45,Toledo,45056,CHOZAS DE CANALES
7,08 Castilla - La Mancha,45,Toledo,45057,CHUECA
7,08 Castilla - La Mancha,45,Toledo,45050,CIRUELOS
7,08 Castilla - La Mancha,45,Toledo,45051,COBEJA
7,08 Castilla - La Mancha,45,Toledo,45052,COBISA
7,08 Castilla - La Mancha,45,Toledo,45053,CONSUEGRA
7,08 Castilla - La Mancha,45,Toledo,45054,CORRAL DE ALMAGUER
7,08 Castilla - La Mancha,45,Toledo,45055,CUERVA
7,08 Castilla - La Mancha,45,Toledo,45058,DOMINGO PÉREZ
7,08 Castilla - La Mancha,45,Toledo,45059,DOSBARRIOS
7,08 Castilla - La Mancha,45,Toledo,45060,ERUSTES
7,08 Castilla - La Mancha,45,Toledo,45061,ESCALONA
7,08 Castilla - La Mancha,45,Toledo,45062,ESCALONILLA
7,08 Castilla - La Mancha,45,Toledo,45063,ESPINOSO DEL REY
7,08 Castilla - La Mancha,45,Toledo,45064,ESQUIVIAS
7,08 Castilla - La Mancha,45,Toledo,45065,ESTRELLA (LA)
7,08 Castilla - La Mancha,45,Toledo,45066,FUENSALIDA
7,08 Castilla - La Mancha,45,Toledo,45067,GÁLVEZ
7,08 Castilla - La Mancha,45,Toledo,45068,GARCIOTUM
7,08 Castilla - La Mancha,45,Toledo,45069,GERINDOTE
7,08 Castilla - La Mancha,45,Toledo,45070,GUADAMUR
7,08 Castilla - La Mancha,45,Toledo,45071,GUARDIA (LA)
7,08 Castilla - La Mancha,45,Toledo,45072,HERENCIAS (LAS)
7,08 Castilla - La Mancha,45,Toledo,45073,HERRERUELA DE OROPESA
7,08 Castilla - La Mancha,45,Toledo,45074,HINOJOSA DE SAN VICENTE
7,08 Castilla - La Mancha,45,Toledo,45075,HONTANAR
7,08 Castilla - La Mancha,45,Toledo,45076,HORMIGOS
7,08 Castilla - La Mancha,45,Toledo,45077,HUECAS
7,08 Castilla - La Mancha,45,Toledo,45078,HUERTA DE VALDECARÁBANOS
7,08 Castilla - La Mancha,45,Toledo,45079,IGLESUELA DEL TIÉTAR (LA)
7,08 Castilla - La Mancha,45,Toledo,45080,ILLÁN DE VACAS
7,08 Castilla - La Mancha,45,Toledo,45081,ILLESCAS
7,08 Castilla - La Mancha,45,Toledo,45082,LAGARTERA
7,08 Castilla - La Mancha,45,Toledo,45083,LAYOS
7,08 Castilla - La Mancha,45,Toledo,45084,LILLO
7,08 Castilla - La Mancha,45,Toledo,45085,LOMINCHAR
7,08 Castilla - La Mancha,45,Toledo,45086,LUCILLOS
7,08 Castilla - La Mancha,45,Toledo,45087,MADRIDEJOS
7,08 Castilla - La Mancha,45,Toledo,45088,MAGÁN
7,08 Castilla - La Mancha,45,Toledo,45089,MALPICA DE TAJO
7,08 Castilla - La Mancha,45,Toledo,45090,MANZANEQUE
7,08 Castilla - La Mancha,45,Toledo,45091,MAQUEDA
7,08 Castilla - La Mancha,45,Toledo,45092,MARJALIZA
7,08 Castilla - La Mancha,45,Toledo,45093,MARRUPE
7,08 Castilla - La Mancha,45,Toledo,45094,MASCARAQUE
7,08 Castilla - La Mancha,45,Toledo,45095,MATA (LA)
7,08 Castilla - La Mancha,45,Toledo,45096,MAZARAMBROZ
7,08 Castilla - La Mancha,45,Toledo,45097,MEJORADA
7,08 Castilla - La Mancha,45,Toledo,45098,MENASALBAS
7,08 Castilla - La Mancha,45,Toledo,45099,MÉNTRIDA
7,08 Castilla - La Mancha,45,Toledo,45100,MESEGAR DE TAJO
7,08 Castilla - La Mancha,45,Toledo,45101,MIGUEL ESTEBAN
7,08 Castilla - La Mancha,45,Toledo,45102,MOCEJÓN
7,08 Castilla - La Mancha,45,Toledo,45103,MOHEDAS DE LA JARA
7,08 Castilla - La Mancha,45,Toledo,45104,MONTEARAGÓN
7,08 Castilla - La Mancha,45,Toledo,45105,MONTESCLAROS
7,08 Castilla - La Mancha,45,Toledo,45106,MORA
7,08 Castilla - La Mancha,45,Toledo,45107,NAMBROCA
7,08 Castilla - La Mancha,45,Toledo,45108,NAVA DE RICOMALILLO (LA)
7,08 Castilla - La Mancha,45,Toledo,45109,NAVAHERMOSA
7,08 Castilla - La Mancha,45,Toledo,45110,NAVALCÁN
7,08 Castilla - La Mancha,45,Toledo,45111,NAVALMORALEJO
7,08 Castilla - La Mancha,45,Toledo,45112,NAVALMORALES (LOS)
7,08 Castilla - La Mancha,45,Toledo,45113,NAVALUCILLOS (LOS)
7,08 Castilla - La Mancha,45,Toledo,45114,NAVAMORCUENDE
7,08 Castilla - La Mancha,45,Toledo,45115,NOBLEJAS
7,08 Castilla - La Mancha,45,Toledo,45116,NOEZ
7,08 Castilla - La Mancha,45,Toledo,45117,NOMBELA
7,08 Castilla - La Mancha,45,Toledo,45118,NOVÉS
7,08 Castilla - La Mancha,45,Toledo,45119,NUMANCIA DE LA SAGRA
7,08 Castilla - La Mancha,45,Toledo,45120,NUÑO GÓMEZ
7,08 Castilla - La Mancha,45,Toledo,45121,OCAÑA
7,08 Castilla - La Mancha,45,Toledo,45122,OLÍAS DEL REY
7,08 Castilla - La Mancha,45,Toledo,45123,ONTÍGOLA
7,08 Castilla - La Mancha,45,Toledo,45124,ORGAZ
7,08 Castilla - La Mancha,45,Toledo,45125,OROPESA
7,08 Castilla - La Mancha,45,Toledo,45126,OTERO
7,08 Castilla - La Mancha,45,Toledo,45127,PALOMEQUE
7,08 Castilla - La Mancha,45,Toledo,45128,PANTOJA
7,08 Castilla - La Mancha,45,Toledo,45129,PAREDES DE ESCALONA
7,08 Castilla - La Mancha,45,Toledo,45130,PARRILLAS
7,08 Castilla - La Mancha,45,Toledo,45131,PELAHUSTÁN
7,08 Castilla - La Mancha,45,Toledo,45132,PEPINO
7,08 Castilla - La Mancha,45,Toledo,45133,POLÁN
7,08 Castilla - La Mancha,45,Toledo,45134,PORTILLO DE TOLEDO
7,08 Castilla - La Mancha,45,Toledo,45135,PUEBLA DE ALMORADIEL (LA)
7,08 Castilla - La Mancha,45,Toledo,45136,PUEBLA DE MONTALBÁN (LA)
7,08 Castilla - La Mancha,45,Toledo,45137,PUEBLANUEVA (LA)
7,08 Castilla - La Mancha,45,Toledo,45138,PUENTE DEL ARZOBISPO (EL)
7,08 Castilla - La Mancha,45,Toledo,45139,PUERTO DE SAN VICENTE
7,08 Castilla - La Mancha,45,Toledo,45140,PULGAR
7,08 Castilla - La Mancha,45,Toledo,45141,QUERO
7,08 Castilla - La Mancha,45,Toledo,45142,QUINTANAR DE LA ORDEN
7,08 Castilla - La Mancha,45,Toledo,45143,QUISMONDO
7,08 Castilla - La Mancha,45,Toledo,45144,REAL DE SAN VICENTE (EL)
7,08 Castilla - La Mancha,45,Toledo,45145,RECAS
7,08 Castilla - La Mancha,45,Toledo,45146,RETAMOSO DE LA JARA
7,08 Castilla - La Mancha,45,Toledo,45147,RIELVES
7,08 Castilla - La Mancha,45,Toledo,45148,ROBLEDO DEL MAZO
7,08 Castilla - La Mancha,45,Toledo,45149,ROMERAL (EL)
7,08 Castilla - La Mancha,45,Toledo,45150,SAN BARTOLOMÉ DE LAS ABIERTAS
7,08 Castilla - La Mancha,45,Toledo,45151,SAN MARTÍN DE MONTALBÁN
7,08 Castilla - La Mancha,45,Toledo,45152,SAN MARTÍN DE PUSA
7,08 Castilla - La Mancha,45,Toledo,45153,SAN PABLO DE LOS MONTES
7,08 Castilla - La Mancha,45,Toledo,45154,SAN ROMÁN DE LOS MONTES
7,08 Castilla - La Mancha,45,Toledo,45155,SANTA ANA DE PUSA
7,08 Castilla - La Mancha,45,Toledo,45156,SANTA CRUZ DE LA ZARZA
7,08 Castilla - La Mancha,45,Toledo,45157,SANTA CRUZ DEL RETAMAR
7,08 Castilla - La Mancha,45,Toledo,45158,SANTA OLALLA
7,08 Castilla - La Mancha,45,Toledo,45901,SANTO DOMINGO-CAUDILLA
7,08 Castilla - La Mancha,45,Toledo,45159,SARTAJADA
7,08 Castilla - La Mancha,45,Toledo,45160,SEGURILLA
7,08 Castilla - La Mancha,45,Toledo,45161,SESEÑA
7,08 Castilla - La Mancha,45,Toledo,45162,SEVILLEJA DE LA JARA
7,08 Castilla - La Mancha,45,Toledo,45163,SONSECA
7,08 Castilla - La Mancha,45,Toledo,45164,SOTILLO DE LAS PALOMAS
7,08 Castilla - La Mancha,45,Toledo,45165,TALAVERA DE LA REINA
7,08 Castilla - La Mancha,45,Toledo,45166,TEMBLEQUE
7,08 Castilla - La Mancha,45,Toledo,45167,TOBOSO (EL)
7,08 Castilla - La Mancha,45,Toledo,45168,TOLEDO
7,08 Castilla - La Mancha,45,Toledo,45169,TORRALBA DE OROPESA
7,08 Castilla - La Mancha,45,Toledo,45171,TORRE DE ESTEBAN HAMBRÁN (LA)
7,08 Castilla - La Mancha,45,Toledo,45170,TORRECILLA DE LA JARA
7,08 Castilla - La Mancha,45,Toledo,45172,TORRICO
7,08 Castilla - La Mancha,45,Toledo,45173,TORRIJOS
7,08 Castilla - La Mancha,45,Toledo,45174,TOTANÉS
7,08 Castilla - La Mancha,45,Toledo,45175,TURLEQUE
7,08 Castilla - La Mancha,45,Toledo,45176,UGENA
7,08 Castilla - La Mancha,45,Toledo,45177,URDA
7,08 Castilla - La Mancha,45,Toledo,45179,VALDEVERDEJA
7,08 Castilla - La Mancha,45,Toledo,45180,VALMOJADO
7,08 Castilla - La Mancha,45,Toledo,45181,VELADA
7,08 Castilla - La Mancha,45,Toledo,45182,VENTAS CON PEÑA AGUILERA (LAS)
7,08 Castilla - La Mancha,45,Toledo,45183,VENTAS DE RETAMOSA (LAS)
7,08 Castilla - La Mancha,45,Toledo,45184,VENTAS DE SAN JULIÁN (LAS)
7,08 Castilla - La Mancha,45,Toledo,45186,VILLA DE DON FADRIQUE (LA)
7,08 Castilla - La Mancha,45,Toledo,45185,VILLACAÑAS
7,08 Castilla - La Mancha,45,Toledo,45187,VILLAFRANCA DE LOS CABALLEROS
7,08 Castilla - La Mancha,45,Toledo,45188,VILLALUENGA DE LA SAGRA
7,08 Castilla - La Mancha,45,Toledo,45189,VILLAMIEL DE TOLEDO
7,08 Castilla - La Mancha,45,Toledo,45190,VILLAMINAYA
7,08 Castilla - La Mancha,45,Toledo,45191,VILLAMUELAS
7,08 Castilla - La Mancha,45,Toledo,45192,VILLANUEVA DE ALCARDETE
7,08 Castilla - La Mancha,45,Toledo,45193,VILLANUEVA DE BOGAS
7,08 Castilla - La Mancha,45,Toledo,45194,VILLAREJO DE MONTALBÁN
7,08 Castilla - La Mancha,45,Toledo,45195,VILLARRUBIA DE SANTIAGO
7,08 Castilla - La Mancha,45,Toledo,45196,VILLASECA DE LA SAGRA
7,08 Castilla - La Mancha,45,Toledo,45197,VILLASEQUILLA
7,08 Castilla - La Mancha,45,Toledo,45198,VILLATOBAS
7,08 Castilla - La Mancha,45,Toledo,45199,VISO DE SAN JUAN (EL)
7,08 Castilla - La Mancha,45,Toledo,45200,YÉBENES (LOS)
7,08 Castilla - La Mancha,45,Toledo,45201,YELES
7,08 Castilla - La Mancha,45,Toledo,45202,YEPES
7,08 Castilla - La Mancha,45,Toledo,45203,YUNCLER
7,08 Castilla - La Mancha,45,Toledo,45204,YUNCLILLOS
7,08 Castilla - La Mancha,45,Toledo,45205,YUNCOS
9,09 Cataluña,8,Barcelona,8001,ABRERA
9,09 Cataluña,8,Barcelona,8002,AGUILAR DE SEGARRA
9,09 Cataluña,8,Barcelona,8014,AIGUAFREDA
9,09 Cataluña,8,Barcelona,8003,ALELLA
9,09 Cataluña,8,Barcelona,8004,ALPENS
9,09 Cataluña,8,Barcelona,8005,AMETLLA DEL VALLÈS (L')
9,09 Cataluña,8,Barcelona,8006,ARENYS DE MAR
9,09 Cataluña,8,Barcelona,8007,ARENYS DE MUNT
9,09 Cataluña,8,Barcelona,8008,ARGENÇOLA
9,09 Cataluña,8,Barcelona,8009,ARGENTONA
9,09 Cataluña,8,Barcelona,8010,ARTÉS
9,09 Cataluña,8,Barcelona,8011,AVIÀ
9,09 Cataluña,8,Barcelona,8012,AVINYÓ
9,09 Cataluña,8,Barcelona,8013,AVINYONET DEL PENEDÈS
9,09 Cataluña,8,Barcelona,8015,BADALONA
9,09 Cataluña,8,Barcelona,8904,BADIA DEL VALLÈS
9,09 Cataluña,8,Barcelona,8016,BAGÀ
9,09 Cataluña,8,Barcelona,8017,BALENYÀ
9,09 Cataluña,8,Barcelona,8018,BALSARENY
9,09 Cataluña,8,Barcelona,8252,BARBERÀ DEL VALLÈS
9,09 Cataluña,8,Barcelona,8019,BARCELONA
9,09 Cataluña,8,Barcelona,8020,BEGUES
9,09 Cataluña,8,Barcelona,8021,BELLPRAT
9,09 Cataluña,8,Barcelona,8022,BERGA
9,09 Cataluña,8,Barcelona,8023,BIGUES I RIELLS DEL FAI
9,09 Cataluña,8,Barcelona,8024,BORREDÀ
9,09 Cataluña,8,Barcelona,8025,BRUC (EL)
9,09 Cataluña,8,Barcelona,8026,BRULL (EL)
9,09 Cataluña,8,Barcelona,8027,CABANYES (LES)
9,09 Cataluña,8,Barcelona,8028,CABRERA D'ANOIA
9,09 Cataluña,8,Barcelona,8029,CABRERA DE MAR
9,09 Cataluña,8,Barcelona,8030,CABRILS
9,09 Cataluña,8,Barcelona,8031,CALAF
9,09 Cataluña,8,Barcelona,8034,CALDERS
9,09 Cataluña,8,Barcelona,8033,CALDES DE MONTBUI
9,09 Cataluña,8,Barcelona,8032,CALDES D'ESTRAC
9,09 Cataluña,8,Barcelona,8035,CALELLA
9,09 Cataluña,8,Barcelona,8037,CALLDETENES
9,09 Cataluña,8,Barcelona,8038,CALLÚS
9,09 Cataluña,8,Barcelona,8036,CALONGE DE SEGARRA
9,09 Cataluña,8,Barcelona,8039,CAMPINS
9,09 Cataluña,8,Barcelona,8040,CANET DE MAR
9,09 Cataluña,8,Barcelona,8041,CANOVELLES
9,09 Cataluña,8,Barcelona,8042,CÀNOVES I SAMALÚS
9,09 Cataluña,8,Barcelona,8043,CANYELLES
9,09 Cataluña,8,Barcelona,8044,CAPELLADES
9,09 Cataluña,8,Barcelona,8045,CAPOLAT
9,09 Cataluña,8,Barcelona,8046,CARDEDEU
9,09 Cataluña,8,Barcelona,8047,CARDONA
9,09 Cataluña,8,Barcelona,8048,CARME
9,09 Cataluña,8,Barcelona,8049,CASSERRES
9,09 Cataluña,8,Barcelona,8057,CASTELL DE L'ARENY
9,09 Cataluña,8,Barcelona,8052,CASTELLAR DE N'HUG
9,09 Cataluña,8,Barcelona,8050,CASTELLAR DEL RIU
9,09 Cataluña,8,Barcelona,8051,CASTELLAR DEL VALLÈS
9,09 Cataluña,8,Barcelona,8053,CASTELLBELL I EL VILAR
9,09 Cataluña,8,Barcelona,8054,CASTELLBISBAL
9,09 Cataluña,8,Barcelona,8055,CASTELLCIR
9,09 Cataluña,8,Barcelona,8056,CASTELLDEFELS
9,09 Cataluña,8,Barcelona,8058,CASTELLET I LA GORNAL
9,09 Cataluña,8,Barcelona,8060,CASTELLFOLLIT DE RIUBREGÓS
9,09 Cataluña,8,Barcelona,8059,CASTELLFOLLIT DEL BOIX
9,09 Cataluña,8,Barcelona,8061,CASTELLGALÍ
9,09 Cataluña,8,Barcelona,8062,CASTELLNOU DE BAGES
9,09 Cataluña,8,Barcelona,8063,CASTELLOLÍ
9,09 Cataluña,8,Barcelona,8064,CASTELLTERÇOL
9,09 Cataluña,8,Barcelona,8065,CASTELLVÍ DE LA MARCA
9,09 Cataluña,8,Barcelona,8066,CASTELLVÍ DE ROSANES
9,09 Cataluña,8,Barcelona,8067,CENTELLES
9,09 Cataluña,8,Barcelona,8268,CERCS
9,09 Cataluña,8,Barcelona,8266,CERDANYOLA DEL VALLÈS
9,09 Cataluña,8,Barcelona,8068,CERVELLÓ
9,09 Cataluña,8,Barcelona,8069,COLLBATÓ
9,09 Cataluña,8,Barcelona,8070,COLLSUSPINA
9,09 Cataluña,8,Barcelona,8071,COPONS
9,09 Cataluña,8,Barcelona,8072,CORBERA DE LLOBREGAT
9,09 Cataluña,8,Barcelona,8073,CORNELLÀ DE LLOBREGAT
9,09 Cataluña,8,Barcelona,8074,CUBELLES
9,09 Cataluña,8,Barcelona,8075,DOSRIUS
9,09 Cataluña,8,Barcelona,8076,ESPARREGUERA
9,09 Cataluña,8,Barcelona,8077,ESPLUGUES DE LLOBREGAT
9,09 Cataluña,8,Barcelona,8078,ESPUNYOLA (L')
9,09 Cataluña,8,Barcelona,8254,ESQUIROL (L')
9,09 Cataluña,8,Barcelona,8079,ESTANY (L')
9,09 Cataluña,8,Barcelona,8134,FIGARÓ-MONTMANY
9,09 Cataluña,8,Barcelona,8080,FÍGOLS
9,09 Cataluña,8,Barcelona,8082,FOGARS DE LA SELVA
9,09 Cataluña,8,Barcelona,8081,FOGARS DE MONTCLÚS
9,09 Cataluña,8,Barcelona,8083,FOLGUEROLES
9,09 Cataluña,8,Barcelona,8084,FONOLLOSA
9,09 Cataluña,8,Barcelona,8085,FONT-RUBÍ
9,09 Cataluña,8,Barcelona,8086,FRANQUESES DEL VALLÈS (LES)
9,09 Cataluña,8,Barcelona,8090,GAIÀ
9,09 Cataluña,8,Barcelona,8087,GALLIFA
9,09 Cataluña,8,Barcelona,8088,GARRIGA (LA)
9,09 Cataluña,8,Barcelona,8089,GAVÀ
9,09 Cataluña,8,Barcelona,8091,GELIDA
9,09 Cataluña,8,Barcelona,8092,GIRONELLA
9,09 Cataluña,8,Barcelona,8093,GISCLARENY
9,09 Cataluña,8,Barcelona,8094,GRANADA (LA)
9,09 Cataluña,8,Barcelona,8095,GRANERA
9,09 Cataluña,8,Barcelona,8096,GRANOLLERS
9,09 Cataluña,8,Barcelona,8097,GUALBA
9,09 Cataluña,8,Barcelona,8099,GUARDIOLA DE BERGUEDÀ
9,09 Cataluña,8,Barcelona,8100,GURB
9,09 Cataluña,8,Barcelona,8101,HOSPITALET DE LLOBREGAT (L')
9,09 Cataluña,8,Barcelona,8162,HOSTALETS DE PIEROLA (ELS)
9,09 Cataluña,8,Barcelona,8102,IGUALADA
9,09 Cataluña,8,Barcelona,8103,JORBA
9,09 Cataluña,8,Barcelona,8104,LLACUNA (LA)
9,09 Cataluña,8,Barcelona,8105,LLAGOSTA (LA)
9,09 Cataluña,8,Barcelona,8107,LLIÇÀ D'AMUNT
9,09 Cataluña,8,Barcelona,8108,LLIÇÀ DE VALL
9,09 Cataluña,8,Barcelona,8106,LLINARS DEL VALLÈS
9,09 Cataluña,8,Barcelona,8109,LLUÇÀ
9,09 Cataluña,8,Barcelona,8110,MALGRAT DE MAR
9,09 Cataluña,8,Barcelona,8111,MALLA
9,09 Cataluña,8,Barcelona,8112,MANLLEU
9,09 Cataluña,8,Barcelona,8113,MANRESA
9,09 Cataluña,8,Barcelona,8242,MARGANELL
9,09 Cataluña,8,Barcelona,8114,MARTORELL
9,09 Cataluña,8,Barcelona,8115,MARTORELLES
9,09 Cataluña,8,Barcelona,8116,MASIES DE RODA (LES)
9,09 Cataluña,8,Barcelona,8117,MASIES DE VOLTREGÀ (LES)
9,09 Cataluña,8,Barcelona,8118,MASNOU (EL)
9,09 Cataluña,8,Barcelona,8119,MASQUEFA
9,09 Cataluña,8,Barcelona,8120,MATADEPERA
9,09 Cataluña,8,Barcelona,8121,MATARÓ
9,09 Cataluña,8,Barcelona,8122,MEDIONA
9,09 Cataluña,8,Barcelona,8138,MOIÀ
9,09 Cataluña,8,Barcelona,8123,MOLINS DE REI
9,09 Cataluña,8,Barcelona,8124,MOLLET DEL VALLÈS
9,09 Cataluña,8,Barcelona,8128,MONISTROL DE CALDERS
9,09 Cataluña,8,Barcelona,8127,MONISTROL DE MONTSERRAT
9,09 Cataluña,8,Barcelona,8125,MONTCADA I REIXAC
9,09 Cataluña,8,Barcelona,8130,MONTCLAR
9,09 Cataluña,8,Barcelona,8131,MONTESQUIU
9,09 Cataluña,8,Barcelona,8126,MONTGAT
9,09 Cataluña,8,Barcelona,8132,MONTMAJOR
9,09 Cataluña,8,Barcelona,8133,MONTMANEU
9,09 Cataluña,8,Barcelona,8135,MONTMELÓ
9,09 Cataluña,8,Barcelona,8136,MONTORNÈS DEL VALLÈS
9,09 Cataluña,8,Barcelona,8137,MONTSENY
9,09 Cataluña,8,Barcelona,8129,MUNTANYOLA
9,09 Cataluña,8,Barcelona,8139,MURA
9,09 Cataluña,8,Barcelona,8140,NAVARCLES
9,09 Cataluña,8,Barcelona,8141,NAVÀS
9,09 Cataluña,8,Barcelona,8142,NOU DE BERGUEDÀ (LA)
9,09 Cataluña,8,Barcelona,8143,ÒDENA
9,09 Cataluña,8,Barcelona,8145,OLÈRDOLA
9,09 Cataluña,8,Barcelona,8146,OLESA DE BONESVALLS
9,09 Cataluña,8,Barcelona,8147,OLESA DE MONTSERRAT
9,09 Cataluña,8,Barcelona,8148,OLIVELLA
9,09 Cataluña,8,Barcelona,8149,OLOST
9,09 Cataluña,8,Barcelona,8144,OLVAN
9,09 Cataluña,8,Barcelona,8150,ORÍS
9,09 Cataluña,8,Barcelona,8151,ORISTÀ
9,09 Cataluña,8,Barcelona,8152,ORPÍ
9,09 Cataluña,8,Barcelona,8153,ÒRRIUS
9,09 Cataluña,8,Barcelona,8154,PACS DEL PENEDÈS
9,09 Cataluña,8,Barcelona,8155,PALAFOLLS
9,09 Cataluña,8,Barcelona,8156,PALAU-SOLITÀ I PLEGAMANS
9,09 Cataluña,8,Barcelona,8157,PALLEJÀ
9,09 Cataluña,8,Barcelona,8905,PALMA DE CERVELLÓ (LA)
9,09 Cataluña,8,Barcelona,8158,PAPIOL (EL)
9,09 Cataluña,8,Barcelona,8159,PARETS DEL VALLÈS
9,09 Cataluña,8,Barcelona,8160,PERAFITA
9,09 Cataluña,8,Barcelona,8161,PIERA
9,09 Cataluña,8,Barcelona,8163,PINEDA DE MAR
9,09 Cataluña,8,Barcelona,8164,PLA DEL PENEDÈS (EL)
9,09 Cataluña,8,Barcelona,8165,POBLA DE CLARAMUNT (LA)
9,09 Cataluña,8,Barcelona,8166,POBLA DE LILLET (LA)
9,09 Cataluña,8,Barcelona,8167,POLINYÀ
9,09 Cataluña,8,Barcelona,8182,PONT DE VILOMARA I ROCAFORT (EL)
9,09 Cataluña,8,Barcelona,8168,PONTONS
9,09 Cataluña,8,Barcelona,8169,PRAT DE LLOBREGAT (EL)
9,09 Cataluña,8,Barcelona,8171,PRATS DE LLUÇANÈS
9,09 Cataluña,8,Barcelona,8170,PRATS DE REI (ELS)
9,09 Cataluña,8,Barcelona,8230,PREMIÀ DE DALT
9,09 Cataluña,8,Barcelona,8172,PREMIÀ DE MAR
9,09 Cataluña,8,Barcelona,8174,PUIGDÀLBER
9,09 Cataluña,8,Barcelona,8175,PUIG-REIG
9,09 Cataluña,8,Barcelona,8176,PUJALT
9,09 Cataluña,8,Barcelona,8177,QUAR (LA)
9,09 Cataluña,8,Barcelona,8178,RAJADELL
9,09 Cataluña,8,Barcelona,8179,RELLINARS
9,09 Cataluña,8,Barcelona,8180,RIPOLLET
9,09 Cataluña,8,Barcelona,8181,ROCA DEL VALLÈS (LA)
9,09 Cataluña,8,Barcelona,8183,RODA DE TER
9,09 Cataluña,8,Barcelona,8184,RUBÍ
9,09 Cataluña,8,Barcelona,8185,RUBIÓ
9,09 Cataluña,8,Barcelona,8901,RUPIT I PRUIT
9,09 Cataluña,8,Barcelona,8187,SABADELL
9,09 Cataluña,8,Barcelona,8188,SAGÀS
9,09 Cataluña,8,Barcelona,8190,SALDES
9,09 Cataluña,8,Barcelona,8191,SALLENT
9,09 Cataluña,8,Barcelona,8194,SANT ADRIÀ DE BESÒS
9,09 Cataluña,8,Barcelona,8195,SANT AGUSTÍ DE LLUÇANÈS
9,09 Cataluña,8,Barcelona,8196,SANT ANDREU DE LA BARCA
9,09 Cataluña,8,Barcelona,8197,SANT ANDREU DE LLAVANERES
9,09 Cataluña,8,Barcelona,8198,SANT ANTONI DE VILAMAJOR
9,09 Cataluña,8,Barcelona,8199,SANT BARTOMEU DEL GRAU
9,09 Cataluña,8,Barcelona,8200,SANT BOI DE LLOBREGAT
9,09 Cataluña,8,Barcelona,8201,SANT BOI DE LLUÇANÈS
9,09 Cataluña,8,Barcelona,8203,SANT CEBRIÀ DE VALLALTA
9,09 Cataluña,8,Barcelona,8202,SANT CELONI
9,09 Cataluña,8,Barcelona,8204,SANT CLIMENT DE LLOBREGAT
9,09 Cataluña,8,Barcelona,8205,SANT CUGAT DEL VALLÈS
9,09 Cataluña,8,Barcelona,8206,SANT CUGAT SESGARRIGUES
9,09 Cataluña,8,Barcelona,8207,SANT ESTEVE DE PALAUTORDERA
9,09 Cataluña,8,Barcelona,8208,SANT ESTEVE SESROVIRES
9,09 Cataluña,8,Barcelona,8210,SANT FELIU DE CODINES
9,09 Cataluña,8,Barcelona,8211,SANT FELIU DE LLOBREGAT
9,09 Cataluña,8,Barcelona,8212,SANT FELIU SASSERRA
9,09 Cataluña,8,Barcelona,8209,SANT FOST DE CAMPSENTELLES
9,09 Cataluña,8,Barcelona,8213,SANT FRUITÓS DE BAGES
9,09 Cataluña,8,Barcelona,8215,SANT HIPÒLIT DE VOLTREGÀ
9,09 Cataluña,8,Barcelona,8193,SANT ISCLE DE VALLALTA
9,09 Cataluña,8,Barcelona,8216,SANT JAUME DE FRONTANYÀ
9,09 Cataluña,8,Barcelona,8218,SANT JOAN DE VILATORRADA
9,09 Cataluña,8,Barcelona,8217,SANT JOAN DESPÍ
9,09 Cataluña,8,Barcelona,8903,SANT JULIÀ DE CERDANYOLA
9,09 Cataluña,8,Barcelona,8220,SANT JULIÀ DE VILATORTA
9,09 Cataluña,8,Barcelona,8221,SANT JUST DESVERN
9,09 Cataluña,8,Barcelona,8222,SANT LLORENÇ D'HORTONS
9,09 Cataluña,8,Barcelona,8223,SANT LLORENÇ SAVALL
9,09 Cataluña,8,Barcelona,8225,SANT MARTÍ D'ALBARS
9,09 Cataluña,8,Barcelona,8224,SANT MARTÍ DE CENTELLES
9,09 Cataluña,8,Barcelona,8226,SANT MARTÍ DE TOUS
9,09 Cataluña,8,Barcelona,8227,SANT MARTÍ SARROCA
9,09 Cataluña,8,Barcelona,8228,SANT MARTÍ SESGUEIOLES
9,09 Cataluña,8,Barcelona,8229,SANT MATEU DE BAGES
9,09 Cataluña,8,Barcelona,8231,SANT PERE DE RIBES
9,09 Cataluña,8,Barcelona,8232,SANT PERE DE RIUDEBITLLES
9,09 Cataluña,8,Barcelona,8233,SANT PERE DE TORELLÓ
9,09 Cataluña,8,Barcelona,8234,SANT PERE DE VILAMAJOR
9,09 Cataluña,8,Barcelona,8189,SANT PERE SALLAVINERA
9,09 Cataluña,8,Barcelona,8235,SANT POL DE MAR
9,09 Cataluña,8,Barcelona,8236,SANT QUINTÍ DE MEDIONA
9,09 Cataluña,8,Barcelona,8237,SANT QUIRZE DE BESORA
9,09 Cataluña,8,Barcelona,8238,SANT QUIRZE DEL VALLÈS
9,09 Cataluña,8,Barcelona,8239,SANT QUIRZE SAFAJA
9,09 Cataluña,8,Barcelona,8240,SANT SADURNÍ D'ANOIA
9,09 Cataluña,8,Barcelona,8241,SANT SADURNÍ D'OSORMORT
9,09 Cataluña,8,Barcelona,8098,SANT SALVADOR DE GUARDIOLA
9,09 Cataluña,8,Barcelona,8262,SANT VICENÇ DE CASTELLET
9,09 Cataluña,8,Barcelona,8264,SANT VICENÇ DE MONTALT
9,09 Cataluña,8,Barcelona,8265,SANT VICENÇ DE TORELLÓ
9,09 Cataluña,8,Barcelona,8263,SANT VICENÇ DELS HORTS
9,09 Cataluña,8,Barcelona,8243,SANTA CECÍLIA DE VOLTREGÀ
9,09 Cataluña,8,Barcelona,8244,SANTA COLOMA DE CERVELLÓ
9,09 Cataluña,8,Barcelona,8245,SANTA COLOMA DE GRAMENET
9,09 Cataluña,8,Barcelona,8246,SANTA EUGÈNIA DE BERGA
9,09 Cataluña,8,Barcelona,8247,SANTA EULÀLIA DE RIUPRIMER
9,09 Cataluña,8,Barcelona,8248,SANTA EULÀLIA DE RONÇANA
9,09 Cataluña,8,Barcelona,8249,SANTA FE DEL PENEDÈS
9,09 Cataluña,8,Barcelona,8250,SANTA MARGARIDA DE MONTBUI
9,09 Cataluña,8,Barcelona,8251,SANTA MARGARIDA I ELS MONJOS
9,09 Cataluña,8,Barcelona,8253,SANTA MARIA DE BESORA
9,09 Cataluña,8,Barcelona,8256,SANTA MARIA DE MARTORELLES
9,09 Cataluña,8,Barcelona,8255,SANTA MARIA DE MERLÈS
9,09 Cataluña,8,Barcelona,8257,SANTA MARIA DE MIRALLES
9,09 Cataluña,8,Barcelona,8259,SANTA MARIA DE PALAUTORDERA
9,09 Cataluña,8,Barcelona,8258,SANTA MARIA D'OLÓ
9,09 Cataluña,8,Barcelona,8260,SANTA PERPÈTUA DE MOGODA
9,09 Cataluña,8,Barcelona,8261,SANTA SUSANNA
9,09 Cataluña,8,Barcelona,8192,SANTPEDOR
9,09 Cataluña,8,Barcelona,8267,SENTMENAT
9,09 Cataluña,8,Barcelona,8269,SEVA
9,09 Cataluña,8,Barcelona,8270,SITGES
9,09 Cataluña,8,Barcelona,8271,SOBREMUNT
9,09 Cataluña,8,Barcelona,8272,SORA
9,09 Cataluña,8,Barcelona,8273,SUBIRATS
9,09 Cataluña,8,Barcelona,8274,SÚRIA
9,09 Cataluña,8,Barcelona,8276,TAGAMANENT
9,09 Cataluña,8,Barcelona,8277,TALAMANCA
9,09 Cataluña,8,Barcelona,8278,TARADELL
9,09 Cataluña,8,Barcelona,8275,TAVÈRNOLES
9,09 Cataluña,8,Barcelona,8280,TAVERTET
9,09 Cataluña,8,Barcelona,8281,TEIÀ
9,09 Cataluña,8,Barcelona,8279,TERRASSA
9,09 Cataluña,8,Barcelona,8282,TIANA
9,09 Cataluña,8,Barcelona,8283,TONA
9,09 Cataluña,8,Barcelona,8284,TORDERA
9,09 Cataluña,8,Barcelona,8285,TORELLÓ
9,09 Cataluña,8,Barcelona,8286,TORRE DE CLARAMUNT (LA)
9,09 Cataluña,8,Barcelona,8287,TORRELAVIT
9,09 Cataluña,8,Barcelona,8288,TORRELLES DE FOIX
9,09 Cataluña,8,Barcelona,8289,TORRELLES DE LLOBREGAT
9,09 Cataluña,8,Barcelona,8290,ULLASTRELL
9,09 Cataluña,8,Barcelona,8291,VACARISSES
9,09 Cataluña,8,Barcelona,8292,VALLBONA D'ANOIA
9,09 Cataluña,8,Barcelona,8293,VALLCEBRE
9,09 Cataluña,8,Barcelona,8294,VALLGORGUINA
9,09 Cataluña,8,Barcelona,8295,VALLIRANA
9,09 Cataluña,8,Barcelona,8296,VALLROMANES
9,09 Cataluña,8,Barcelona,8297,VECIANA
9,09 Cataluña,8,Barcelona,8298,VIC
9,09 Cataluña,8,Barcelona,8299,VILADA
9,09 Cataluña,8,Barcelona,8301,VILADECANS
9,09 Cataluña,8,Barcelona,8300,VILADECAVALLS
9,09 Cataluña,8,Barcelona,8305,VILAFRANCA DEL PENEDÈS
9,09 Cataluña,8,Barcelona,8306,VILALBA SASSERRA
9,09 Cataluña,8,Barcelona,8303,VILANOVA DE SAU
9,09 Cataluña,8,Barcelona,8302,VILANOVA DEL CAMÍ
9,09 Cataluña,8,Barcelona,8902,VILANOVA DEL VALLÈS
9,09 Cataluña,8,Barcelona,8307,VILANOVA I LA GELTRÚ
9,09 Cataluña,8,Barcelona,8214,VILASSAR DE DALT
9,09 Cataluña,8,Barcelona,8219,VILASSAR DE MAR
9,09 Cataluña,8,Barcelona,8304,VILOBÍ DEL PENEDÈS
9,09 Cataluña,8,Barcelona,8308,VIVER I SERRATEIX
9,09 Cataluña,17,Girona,17001,AGULLANA
9,09 Cataluña,17,Girona,17002,AIGUAVIVA
9,09 Cataluña,17,Girona,17003,ALBANYÀ
9,09 Cataluña,17,Girona,17004,ALBONS
9,09 Cataluña,17,Girona,17006,ALP
9,09 Cataluña,17,Girona,17007,AMER
9,09 Cataluña,17,Girona,17008,ANGLÈS
9,09 Cataluña,17,Girona,17009,ARBÚCIES
9,09 Cataluña,17,Girona,17010,ARGELAGUER
9,09 Cataluña,17,Girona,17011,ARMENTERA (L')
9,09 Cataluña,17,Girona,17012,AVINYONET DE PUIGVENTÓS
9,09 Cataluña,17,Girona,17015,BANYOLES
9,09 Cataluña,17,Girona,17016,BÀSCARA
9,09 Cataluña,17,Girona,17013,BEGUR
9,09 Cataluña,17,Girona,17018,BELLCAIRE D'EMPORDÀ
9,09 Cataluña,17,Girona,17019,BESALÚ
9,09 Cataluña,17,Girona,17020,BESCANÓ
9,09 Cataluña,17,Girona,17021,BEUDA
9,09 Cataluña,17,Girona,17022,BISBAL D'EMPORDÀ (LA)
9,09 Cataluña,17,Girona,17234,BIURE
9,09 Cataluña,17,Girona,17023,BLANES
9,09 Cataluña,17,Girona,17029,BOADELLA I LES ESCAULES
9,09 Cataluña,17,Girona,17024,BOLVIR
9,09 Cataluña,17,Girona,17025,BORDILS
9,09 Cataluña,17,Girona,17026,BORRASSÀ
9,09 Cataluña,17,Girona,17027,BREDA
9,09 Cataluña,17,Girona,17028,BRUNYOLA I SANT MARTÍ SAPRESA
9,09 Cataluña,17,Girona,17031,CABANELLES
9,09 Cataluña,17,Girona,17030,CABANES
9,09 Cataluña,17,Girona,17032,CADAQUÉS
9,09 Cataluña,17,Girona,17033,CALDES DE MALAVELLA
9,09 Cataluña,17,Girona,17034,CALONGE I SANT ANTONI
9,09 Cataluña,17,Girona,17035,CAMÓS
9,09 Cataluña,17,Girona,17036,CAMPDEVÀNOL
9,09 Cataluña,17,Girona,17037,CAMPELLES
9,09 Cataluña,17,Girona,17038,CAMPLLONG
9,09 Cataluña,17,Girona,17039,CAMPRODON
9,09 Cataluña,17,Girona,17040,CANET D'ADRI
9,09 Cataluña,17,Girona,17041,CANTALLOPS
9,09 Cataluña,17,Girona,17042,CAPMANY
9,09 Cataluña,17,Girona,17044,CASSÀ DE LA SELVA
9,09 Cataluña,17,Girona,17046,CASTELLFOLLIT DE LA ROCA
9,09 Cataluña,17,Girona,17047,CASTELLÓ D'EMPÚRIES
9,09 Cataluña,17,Girona,17048,CASTELL-PLATJA D'ARO
9,09 Cataluña,17,Girona,17189,CELLERA DE TER (LA)
9,09 Cataluña,17,Girona,17049,CELRÀ
9,09 Cataluña,17,Girona,17050,CERVIÀ DE TER
9,09 Cataluña,17,Girona,17051,CISTELLA
9,09 Cataluña,17,Girona,17054,COLERA
9,09 Cataluña,17,Girona,17055,COLOMERS
9,09 Cataluña,17,Girona,17057,CORÇÀ
9,09 Cataluña,17,Girona,17056,CORNELLÀ DEL TERRI
9,09 Cataluña,17,Girona,17058,CRESPIÀ
9,09 Cataluña,17,Girona,17901,"CRUÏLLES, MONELLS I SANT SADURNÍ DE L'HEURA"
9,09 Cataluña,17,Girona,17060,DARNIUS
9,09 Cataluña,17,Girona,17061,DAS
9,09 Cataluña,17,Girona,17062,ESCALA (L')
9,09 Cataluña,17,Girona,17063,ESPINELVES
9,09 Cataluña,17,Girona,17064,ESPOLLA
9,09 Cataluña,17,Girona,17065,ESPONELLÀ
9,09 Cataluña,17,Girona,17005,FAR D'EMPORDÀ (EL)
9,09 Cataluña,17,Girona,17066,FIGUERES
9,09 Cataluña,17,Girona,17067,FLAÇÀ
9,09 Cataluña,17,Girona,17068,FOIXÀ
9,09 Cataluña,17,Girona,17069,FONTANALS DE CERDANYA
9,09 Cataluña,17,Girona,17070,FONTANILLES
9,09 Cataluña,17,Girona,17071,FONTCOBERTA
9,09 Cataluña,17,Girona,17902,FORALLAC
9,09 Cataluña,17,Girona,17073,FORNELLS DE LA SELVA
9,09 Cataluña,17,Girona,17074,FORTIÀ
9,09 Cataluña,17,Girona,17075,GARRIGÀS
9,09 Cataluña,17,Girona,17076,GARRIGOLES
9,09 Cataluña,17,Girona,17077,GARRIGUELLA
9,09 Cataluña,17,Girona,17078,GER
9,09 Cataluña,17,Girona,17079,GIRONA
9,09 Cataluña,17,Girona,17080,GOMBRÈN
9,09 Cataluña,17,Girona,17081,GUALTA
9,09 Cataluña,17,Girona,17082,GUILS DE CERDANYA
9,09 Cataluña,17,Girona,17083,HOSTALRIC
9,09 Cataluña,17,Girona,17084,ISÒVOL
9,09 Cataluña,17,Girona,17085,JAFRE
9,09 Cataluña,17,Girona,17086,JONQUERA (LA)
9,09 Cataluña,17,Girona,17087,JUIÀ
9,09 Cataluña,17,Girona,17088,LLADÓ
9,09 Cataluña,17,Girona,17089,LLAGOSTERA
9,09 Cataluña,17,Girona,17090,LLAMBILLES
9,09 Cataluña,17,Girona,17091,LLANARS
9,09 Cataluña,17,Girona,17092,LLANÇÀ
9,09 Cataluña,17,Girona,17093,LLERS
9,09 Cataluña,17,Girona,17094,LLÍVIA
9,09 Cataluña,17,Girona,17095,LLORET DE MAR
9,09 Cataluña,17,Girona,17096,LLOSSES (LES)
9,09 Cataluña,17,Girona,17102,MAÇANET DE CABRENYS
9,09 Cataluña,17,Girona,17103,MAÇANET DE LA SELVA
9,09 Cataluña,17,Girona,17097,MADREMANYA
9,09 Cataluña,17,Girona,17098,MAIÀ DE MONTCAL
9,09 Cataluña,17,Girona,17100,MASARAC
9,09 Cataluña,17,Girona,17101,MASSANES
9,09 Cataluña,17,Girona,17099,MERANGES
9,09 Cataluña,17,Girona,17105,MIERES
9,09 Cataluña,17,Girona,17106,MOLLET DE PERALADA
9,09 Cataluña,17,Girona,17107,MOLLÓ
9,09 Cataluña,17,Girona,17109,MONTAGUT I OIX
9,09 Cataluña,17,Girona,17110,MONT-RAS
9,09 Cataluña,17,Girona,17111,NAVATA
9,09 Cataluña,17,Girona,17112,OGASSA
9,09 Cataluña,17,Girona,17114,OLOT
9,09 Cataluña,17,Girona,17115,ORDIS
9,09 Cataluña,17,Girona,17116,OSOR
9,09 Cataluña,17,Girona,17117,PALAFRUGELL
9,09 Cataluña,17,Girona,17118,PALAMÓS
9,09 Cataluña,17,Girona,17119,PALAU DE SANTA EULÀLIA
9,09 Cataluña,17,Girona,17121,PALAU-SATOR
9,09 Cataluña,17,Girona,17120,PALAU-SAVERDERA
9,09 Cataluña,17,Girona,17123,PALOL DE REVARDIT
9,09 Cataluña,17,Girona,17124,PALS
9,09 Cataluña,17,Girona,17125,PARDINES
9,09 Cataluña,17,Girona,17126,PARLAVÀ
9,09 Cataluña,17,Girona,17128,PAU
9,09 Cataluña,17,Girona,17129,PEDRET I MARZÀ
9,09 Cataluña,17,Girona,17130,PERA (LA)
9,09 Cataluña,17,Girona,17132,PERALADA
9,09 Cataluña,17,Girona,17133,PLANES D'HOSTOLES (LES)
9,09 Cataluña,17,Girona,17134,PLANOLES
9,09 Cataluña,17,Girona,17135,PONT DE MOLINS
9,09 Cataluña,17,Girona,17136,PONTÓS
9,09 Cataluña,17,Girona,17137,PORQUERES
9,09 Cataluña,17,Girona,17140,PORT DE LA SELVA (EL)
9,09 Cataluña,17,Girona,17138,PORTBOU
9,09 Cataluña,17,Girona,17139,PRESES (LES)
9,09 Cataluña,17,Girona,17141,PUIGCERDÀ
9,09 Cataluña,17,Girona,17142,QUART
9,09 Cataluña,17,Girona,17043,QUERALBS
9,09 Cataluña,17,Girona,17143,RABÓS
9,09 Cataluña,17,Girona,17144,REGENCÓS
9,09 Cataluña,17,Girona,17145,RIBES DE FRESER
9,09 Cataluña,17,Girona,17146,RIELLS I VIABREA
9,09 Cataluña,17,Girona,17147,RIPOLL
9,09 Cataluña,17,Girona,17148,RIUDARENES
9,09 Cataluña,17,Girona,17149,RIUDAURA
9,09 Cataluña,17,Girona,17150,RIUDELLOTS DE LA SELVA
9,09 Cataluña,17,Girona,17151,RIUMORS
9,09 Cataluña,17,Girona,17152,ROSES
9,09 Cataluña,17,Girona,17153,RUPIÀ
9,09 Cataluña,17,Girona,17154,SALES DE LLIERCA
9,09 Cataluña,17,Girona,17155,SALT
9,09 Cataluña,17,Girona,17157,SANT ANDREU SALOU
9,09 Cataluña,17,Girona,17183,SANT ANIOL DE FINESTRES
9,09 Cataluña,17,Girona,17158,SANT CLIMENT SESCEBES
9,09 Cataluña,17,Girona,17159,SANT FELIU DE BUIXALLEU
9,09 Cataluña,17,Girona,17160,SANT FELIU DE GUÍXOLS
9,09 Cataluña,17,Girona,17161,SANT FELIU DE PALLEROLS
9,09 Cataluña,17,Girona,17162,SANT FERRIOL
9,09 Cataluña,17,Girona,17163,SANT GREGORI
9,09 Cataluña,17,Girona,17164,SANT HILARI SACALM
9,09 Cataluña,17,Girona,17165,SANT JAUME DE LLIERCA
9,09 Cataluña,17,Girona,17167,SANT JOAN DE LES ABADESSES
9,09 Cataluña,17,Girona,17168,SANT JOAN DE MOLLET
9,09 Cataluña,17,Girona,17185,SANT JOAN LES FONTS
9,09 Cataluña,17,Girona,17166,SANT JORDI DESVALLS
9,09 Cataluña,17,Girona,17169,SANT JULIÀ DE RAMIS
9,09 Cataluña,17,Girona,17903,SANT JULIÀ DEL LLOR I BONMATÍ
9,09 Cataluña,17,Girona,17171,SANT LLORENÇ DE LA MUGA
9,09 Cataluña,17,Girona,17172,SANT MARTÍ DE LLÉMENA
9,09 Cataluña,17,Girona,17173,SANT MARTÍ VELL
9,09 Cataluña,17,Girona,17174,SANT MIQUEL DE CAMPMAJOR
9,09 Cataluña,17,Girona,17175,SANT MIQUEL DE FLUVIÀ
9,09 Cataluña,17,Girona,17176,SANT MORI
9,09 Cataluña,17,Girona,17177,SANT PAU DE SEGÚRIES
9,09 Cataluña,17,Girona,17178,SANT PERE PESCADOR
9,09 Cataluña,17,Girona,17180,SANTA COLOMA DE FARNERS
9,09 Cataluña,17,Girona,17181,SANTA CRISTINA D'ARO
9,09 Cataluña,17,Girona,17182,SANTA LLOGAIA D'ÀLGUEMA
9,09 Cataluña,17,Girona,17184,SANTA PAU
9,09 Cataluña,17,Girona,17186,SARRIÀ DE TER
9,09 Cataluña,17,Girona,17187,"SAUS, CAMALLERA I LLAMPAIES"
9,09 Cataluña,17,Girona,17188,SELVA DE MAR (LA)
9,09 Cataluña,17,Girona,17190,SERINYÀ
9,09 Cataluña,17,Girona,17191,SERRA DE DARÓ
9,09 Cataluña,17,Girona,17192,SETCASES
9,09 Cataluña,17,Girona,17193,SILS
9,09 Cataluña,17,Girona,17052,SIURANA
9,09 Cataluña,17,Girona,17194,SUSQUEDA
9,09 Cataluña,17,Girona,17195,TALLADA D'EMPORDÀ (LA)
9,09 Cataluña,17,Girona,17196,TERRADES
9,09 Cataluña,17,Girona,17197,TORRENT
9,09 Cataluña,17,Girona,17198,TORROELLA DE FLUVIÀ
9,09 Cataluña,17,Girona,17199,TORROELLA DE MONTGRÍ
9,09 Cataluña,17,Girona,17200,TORTELLÀ
9,09 Cataluña,17,Girona,17201,TOSES
9,09 Cataluña,17,Girona,17202,TOSSA DE MAR
9,09 Cataluña,17,Girona,17204,ULLÀ
9,09 Cataluña,17,Girona,17205,ULLASTRET
9,09 Cataluña,17,Girona,17203,ULTRAMORT
9,09 Cataluña,17,Girona,17206,URÚS
9,09 Cataluña,17,Girona,17014,VAJOL (LA)
9,09 Cataluña,17,Girona,17208,VALL DE BIANYA (LA)
9,09 Cataluña,17,Girona,17207,VALL D'EN BAS (LA)
9,09 Cataluña,17,Girona,17170,VALLFOGONA DE RIPOLLÈS
9,09 Cataluña,17,Girona,17209,VALL-LLOBREGA
9,09 Cataluña,17,Girona,17210,VENTALLÓ
9,09 Cataluña,17,Girona,17211,VERGES
9,09 Cataluña,17,Girona,17212,VIDRÀ
9,09 Cataluña,17,Girona,17213,VIDRERES
9,09 Cataluña,17,Girona,17214,VILABERTRAN
9,09 Cataluña,17,Girona,17215,VILABLAREIX
9,09 Cataluña,17,Girona,17217,VILADAMAT
9,09 Cataluña,17,Girona,17216,VILADASENS
9,09 Cataluña,17,Girona,17218,VILADEMULS
9,09 Cataluña,17,Girona,17220,VILADRAU
9,09 Cataluña,17,Girona,17221,VILAFANT
9,09 Cataluña,17,Girona,17223,VILAJUÏGA
9,09 Cataluña,17,Girona,17224,VILALLONGA DE TER
9,09 Cataluña,17,Girona,17225,VILAMACOLUM
9,09 Cataluña,17,Girona,17226,VILAMALLA
9,09 Cataluña,17,Girona,17227,VILAMANISCLE
9,09 Cataluña,17,Girona,17228,VILANANT
9,09 Cataluña,17,Girona,17230,VILA-SACRA
9,09 Cataluña,17,Girona,17222,VILAÜR
9,09 Cataluña,17,Girona,17233,VILOBÍ D'ONYAR
9,09 Cataluña,17,Girona,17232,VILOPRIU
9,09 Cataluña,25,Lleida,25001,ABELLA DE LA CONCA
9,09 Cataluña,25,Lleida,25002,ÀGER
9,09 Cataluña,25,Lleida,25003,AGRAMUNT
9,09 Cataluña,25,Lleida,25038,AITONA
9,09 Cataluña,25,Lleida,25004,ALAMÚS (ELS)
9,09 Cataluña,25,Lleida,25005,ALÀS I CERC
9,09 Cataluña,25,Lleida,25006,ALBAGÉS (L')
9,09 Cataluña,25,Lleida,25007,ALBATÀRREC
9,09 Cataluña,25,Lleida,25008,ALBESA
9,09 Cataluña,25,Lleida,25009,ALBI (L')
9,09 Cataluña,25,Lleida,25010,ALCANÓ
9,09 Cataluña,25,Lleida,25011,ALCARRÀS
9,09 Cataluña,25,Lleida,25012,ALCOLETGE
9,09 Cataluña,25,Lleida,25013,ALFARRÀS
9,09 Cataluña,25,Lleida,25014,ALFÉS
9,09 Cataluña,25,Lleida,25015,ALGERRI
9,09 Cataluña,25,Lleida,25016,ALGUAIRE
9,09 Cataluña,25,Lleida,25017,ALINS
9,09 Cataluña,25,Lleida,25019,ALMACELLES
9,09 Cataluña,25,Lleida,25020,ALMATRET
9,09 Cataluña,25,Lleida,25021,ALMENAR
9,09 Cataluña,25,Lleida,25022,ALÒS DE BALAGUER
9,09 Cataluña,25,Lleida,25023,ALPICAT
9,09 Cataluña,25,Lleida,25024,ALT ÀNEU
9,09 Cataluña,25,Lleida,25027,ANGLESOLA
9,09 Cataluña,25,Lleida,25029,ARBECA
9,09 Cataluña,25,Lleida,25031,ARRES
9,09 Cataluña,25,Lleida,25032,ARSÈGUEL
9,09 Cataluña,25,Lleida,25033,ARTESA DE LLEIDA
9,09 Cataluña,25,Lleida,25034,ARTESA DE SEGRE
9,09 Cataluña,25,Lleida,25036,ASPA
9,09 Cataluña,25,Lleida,25037,AVELLANES I SANTA LINYA (LES)
9,09 Cataluña,25,Lleida,25039,BAIX PALLARS
9,09 Cataluña,25,Lleida,25040,BALAGUER
9,09 Cataluña,25,Lleida,25041,BARBENS
9,09 Cataluña,25,Lleida,25042,BARONIA DE RIALB (LA)
9,09 Cataluña,25,Lleida,25044,BASSELLA
9,09 Cataluña,25,Lleida,25045,BAUSEN
9,09 Cataluña,25,Lleida,25046,BELIANES
9,09 Cataluña,25,Lleida,25170,BELLAGUARDA
9,09 Cataluña,25,Lleida,25047,BELLCAIRE D'URGELL
9,09 Cataluña,25,Lleida,25048,BELL-LLOC D'URGELL
9,09 Cataluña,25,Lleida,25049,BELLMUNT D'URGELL
9,09 Cataluña,25,Lleida,25050,BELLPUIG
9,09 Cataluña,25,Lleida,25051,BELLVER DE CERDANYA
9,09 Cataluña,25,Lleida,25052,BELLVÍS
9,09 Cataluña,25,Lleida,25053,BENAVENT DE SEGRIÀ
9,09 Cataluña,25,Lleida,25055,BIOSCA
9,09 Cataluña,25,Lleida,25057,BÒRDES (ES)
9,09 Cataluña,25,Lleida,25058,BORGES BLANQUES (LES)
9,09 Cataluña,25,Lleida,25059,BOSSÒST
9,09 Cataluña,25,Lleida,25056,BOVERA
9,09 Cataluña,25,Lleida,25060,CABANABONA
9,09 Cataluña,25,Lleida,25061,CABÓ
9,09 Cataluña,25,Lleida,25062,CAMARASA
9,09 Cataluña,25,Lleida,25063,CANEJAN
9,09 Cataluña,25,Lleida,25904,CASTELL DE MUR
9,09 Cataluña,25,Lleida,25064,CASTELLAR DE LA RIBERA
9,09 Cataluña,25,Lleida,25067,CASTELLDANS
9,09 Cataluña,25,Lleida,25068,CASTELLNOU DE SEANA
9,09 Cataluña,25,Lleida,25069,CASTELLÓ DE FARFANYA
9,09 Cataluña,25,Lleida,25070,CASTELLSERÀ
9,09 Cataluña,25,Lleida,25071,CAVA
9,09 Cataluña,25,Lleida,25072,CERVERA
9,09 Cataluña,25,Lleida,25073,CERVIÀ DE LES GARRIGUES
9,09 Cataluña,25,Lleida,25074,CIUTADILLA
9,09 Cataluña,25,Lleida,25075,CLARIANA DE CARDENER
9,09 Cataluña,25,Lleida,25076,COGUL (EL)
9,09 Cataluña,25,Lleida,25077,COLL DE NARGÓ
9,09 Cataluña,25,Lleida,25163,COMA I LA PEDRA (LA)
9,09 Cataluña,25,Lleida,25161,CONCA DE DALT
9,09 Cataluña,25,Lleida,25078,CORBINS
9,09 Cataluña,25,Lleida,25079,CUBELLS
9,09 Cataluña,25,Lleida,25081,ESPLUGA CALBA (L')
9,09 Cataluña,25,Lleida,25082,ESPOT
9,09 Cataluña,25,Lleida,25088,ESTAMARIU
9,09 Cataluña,25,Lleida,25085,ESTARÀS
9,09 Cataluña,25,Lleida,25086,ESTERRI D'ÀNEU
9,09 Cataluña,25,Lleida,25087,ESTERRI DE CARDÓS
9,09 Cataluña,25,Lleida,25089,FARRERA
9,09 Cataluña,25,Lleida,25908,FÍGOLS I ALINYÀ
9,09 Cataluña,25,Lleida,25092,FLORESTA (LA)
9,09 Cataluña,25,Lleida,25093,FONDARELLA
9,09 Cataluña,25,Lleida,25094,FORADADA
9,09 Cataluña,25,Lleida,25096,FULIOLA (LA)
9,09 Cataluña,25,Lleida,25097,FULLEDA
9,09 Cataluña,25,Lleida,25098,GAVET DE LA CONCA
9,09 Cataluña,25,Lleida,25912,GIMENELLS I EL PLA DE LA FONT
9,09 Cataluña,25,Lleida,25099,GOLMÉS
9,09 Cataluña,25,Lleida,25100,GÓSOL
9,09 Cataluña,25,Lleida,25101,GRANADELLA (LA)
9,09 Cataluña,25,Lleida,25102,GRANJA D'ESCARP (LA)
9,09 Cataluña,25,Lleida,25103,GRANYANELLA
9,09 Cataluña,25,Lleida,25105,GRANYENA DE LES GARRIGUES
9,09 Cataluña,25,Lleida,25104,GRANYENA DE SEGARRA
9,09 Cataluña,25,Lleida,25109,GUIMERÀ
9,09 Cataluña,25,Lleida,25903,GUINGUETA D'ÀNEU (LA)
9,09 Cataluña,25,Lleida,25110,GUISSONA
9,09 Cataluña,25,Lleida,25111,GUIXERS
9,09 Cataluña,25,Lleida,25115,ISONA I CONCA DELLÀ
9,09 Cataluña,25,Lleida,25112,IVARS DE NOGUERA
9,09 Cataluña,25,Lleida,25113,IVARS D'URGELL
9,09 Cataluña,25,Lleida,25114,IVORRA
9,09 Cataluña,25,Lleida,25910,JOSA I TUIXÉN
9,09 Cataluña,25,Lleida,25118,JUNCOSA
9,09 Cataluña,25,Lleida,25119,JUNEDA
9,09 Cataluña,25,Lleida,25121,LES
9,09 Cataluña,25,Lleida,25122,LINYOLA
9,09 Cataluña,25,Lleida,25123,LLADORRE
9,09 Cataluña,25,Lleida,25124,LLADURS
9,09 Cataluña,25,Lleida,25125,LLARDECANS
9,09 Cataluña,25,Lleida,25126,LLAVORSÍ
9,09 Cataluña,25,Lleida,25120,LLEIDA
9,09 Cataluña,25,Lleida,25127,LLES DE CERDANYA
9,09 Cataluña,25,Lleida,25128,LLIMIANA
9,09 Cataluña,25,Lleida,25129,LLOBERA
9,09 Cataluña,25,Lleida,25133,MAIALS
9,09 Cataluña,25,Lleida,25130,MALDÀ
9,09 Cataluña,25,Lleida,25131,MASSALCOREIG
9,09 Cataluña,25,Lleida,25132,MASSOTERES
9,09 Cataluña,25,Lleida,25134,MENÀRGUENS
9,09 Cataluña,25,Lleida,25135,MIRALCAMP
9,09 Cataluña,25,Lleida,25137,MOLLERUSSA
9,09 Cataluña,25,Lleida,25136,MOLSOSA (LA)
9,09 Cataluña,25,Lleida,25139,MONTELLÀ I MARTINET
9,09 Cataluña,25,Lleida,25140,MONTFERRER I CASTELLBÒ
9,09 Cataluña,25,Lleida,25138,MONTGAI
9,09 Cataluña,25,Lleida,25142,MONTOLIU DE LLEIDA
9,09 Cataluña,25,Lleida,25141,MONTOLIU DE SEGARRA
9,09 Cataluña,25,Lleida,25143,MONTORNÈS DE SEGARRA
9,09 Cataluña,25,Lleida,25145,NALEC
9,09 Cataluña,25,Lleida,25025,NAUT ARAN
9,09 Cataluña,25,Lleida,25146,NAVÈS
9,09 Cataluña,25,Lleida,25148,ODÈN
9,09 Cataluña,25,Lleida,25149,OLIANA
9,09 Cataluña,25,Lleida,25150,OLIOLA
9,09 Cataluña,25,Lleida,25151,OLIUS
9,09 Cataluña,25,Lleida,25152,OLUGES (LES)
9,09 Cataluña,25,Lleida,25153,OMELLONS (ELS)
9,09 Cataluña,25,Lleida,25154,OMELLS DE NA GAIA (ELS)
9,09 Cataluña,25,Lleida,25155,ORGANYÀ
9,09 Cataluña,25,Lleida,25156,OS DE BALAGUER
9,09 Cataluña,25,Lleida,25157,OSSÓ DE SIÓ
9,09 Cataluña,25,Lleida,25158,PALAU D'ANGLESOLA (EL)
9,09 Cataluña,25,Lleida,25164,PENELLES
9,09 Cataluña,25,Lleida,25165,PERAMOLA
9,09 Cataluña,25,Lleida,25166,PINELL DE SOLSONÈS
9,09 Cataluña,25,Lleida,25167,PINÓS
9,09 Cataluña,25,Lleida,25911,PLANS DE SIÓ (ELS)
9,09 Cataluña,25,Lleida,25168,POAL (EL)
9,09 Cataluña,25,Lleida,25169,POBLA DE CÉRVOLES (LA)
9,09 Cataluña,25,Lleida,25171,POBLA DE SEGUR (LA)
9,09 Cataluña,25,Lleida,25030,PONT DE BAR (EL)
9,09 Cataluña,25,Lleida,25173,PONT DE SUERT (EL)
9,09 Cataluña,25,Lleida,25172,PONTS
9,09 Cataluña,25,Lleida,25174,PORTELLA (LA)
9,09 Cataluña,25,Lleida,25175,PRATS I SANSOR
9,09 Cataluña,25,Lleida,25176,PREIXANA
9,09 Cataluña,25,Lleida,25177,PREIXENS
9,09 Cataluña,25,Lleida,25179,PRULLANS
9,09 Cataluña,25,Lleida,25180,PUIGGRÒS
9,09 Cataluña,25,Lleida,25181,PUIGVERD D'AGRAMUNT
9,09 Cataluña,25,Lleida,25182,PUIGVERD DE LLEIDA
9,09 Cataluña,25,Lleida,25183,RIALP
9,09 Cataluña,25,Lleida,25905,RIBERA D'ONDARA
9,09 Cataluña,25,Lleida,25185,RIBERA D'URGELLET
9,09 Cataluña,25,Lleida,25186,RINER
9,09 Cataluña,25,Lleida,25913,RIU DE CERDANYA
9,09 Cataluña,25,Lleida,25189,ROSSELLÓ
9,09 Cataluña,25,Lleida,25190,SALÀS DE PALLARS
9,09 Cataluña,25,Lleida,25191,SANAÜJA
9,09 Cataluña,25,Lleida,25196,SANT ESTEVE DE LA SARGA
9,09 Cataluña,25,Lleida,25192,SANT GUIM DE FREIXENET
9,09 Cataluña,25,Lleida,25197,SANT GUIM DE LA PLANA
9,09 Cataluña,25,Lleida,25193,SANT LLORENÇ DE MORUNYS
9,09 Cataluña,25,Lleida,25902,SANT MARTÍ DE RIUCORB
9,09 Cataluña,25,Lleida,25194,SANT RAMON
9,09 Cataluña,25,Lleida,25201,SARROCA DE BELLERA
9,09 Cataluña,25,Lleida,25200,SARROCA DE LLEIDA
9,09 Cataluña,25,Lleida,25202,SENTERADA
9,09 Cataluña,25,Lleida,25035,SENTIU DE SIÓ (LA)
9,09 Cataluña,25,Lleida,25204,SERÒS
9,09 Cataluña,25,Lleida,25203,SEU D'URGELL (LA)
9,09 Cataluña,25,Lleida,25205,SIDAMON
9,09 Cataluña,25,Lleida,25206,SOLERÀS (EL)
9,09 Cataluña,25,Lleida,25207,SOLSONA
9,09 Cataluña,25,Lleida,25208,SORIGUERA
9,09 Cataluña,25,Lleida,25209,SORT
9,09 Cataluña,25,Lleida,25210,SOSES
9,09 Cataluña,25,Lleida,25211,SUDANELL
9,09 Cataluña,25,Lleida,25212,SUNYER
9,09 Cataluña,25,Lleida,25215,TALARN
9,09 Cataluña,25,Lleida,25216,TALAVERA
9,09 Cataluña,25,Lleida,25217,TÀRREGA
9,09 Cataluña,25,Lleida,25218,TARRÉS
9,09 Cataluña,25,Lleida,25219,TARROJA DE SEGARRA
9,09 Cataluña,25,Lleida,25220,TÉRMENS
9,09 Cataluña,25,Lleida,25221,TÍRVIA
9,09 Cataluña,25,Lleida,25222,TIURANA
9,09 Cataluña,25,Lleida,25223,TORÀ
9,09 Cataluña,25,Lleida,25224,TORMS (ELS)
9,09 Cataluña,25,Lleida,25225,TORNABOUS
9,09 Cataluña,25,Lleida,25227,TORRE DE CABDELLA (LA)
9,09 Cataluña,25,Lleida,25226,TORREBESSES
9,09 Cataluña,25,Lleida,25228,TORREFARRERA
9,09 Cataluña,25,Lleida,25907,TORREFETA I FLOREJACS
9,09 Cataluña,25,Lleida,25230,TORREGROSSA
9,09 Cataluña,25,Lleida,25231,TORRELAMEU
9,09 Cataluña,25,Lleida,25232,TORRES DE SEGRE
9,09 Cataluña,25,Lleida,25233,TORRE-SERONA
9,09 Cataluña,25,Lleida,25234,TREMP
9,09 Cataluña,25,Lleida,25043,VALL DE BOÍ (LA)
9,09 Cataluña,25,Lleida,25901,VALL DE CARDÓS
9,09 Cataluña,25,Lleida,25238,VALLBONA DE LES MONGES
9,09 Cataluña,25,Lleida,25240,VALLFOGONA DE BALAGUER
9,09 Cataluña,25,Lleida,25906,VALLS D'AGUILAR (LES)
9,09 Cataluña,25,Lleida,25239,VALLS DE VALIRA (LES)
9,09 Cataluña,25,Lleida,25909,VANSA I FÓRNOLS (LA)
9,09 Cataluña,25,Lleida,25242,VERDÚ
9,09 Cataluña,25,Lleida,25243,VIELHA E MIJARAN
9,09 Cataluña,25,Lleida,25244,VILAGRASSA
9,09 Cataluña,25,Lleida,25245,VILALLER
9,09 Cataluña,25,Lleida,25247,VILAMÒS
9,09 Cataluña,25,Lleida,25248,VILANOVA DE BELLPUIG
9,09 Cataluña,25,Lleida,25254,VILANOVA DE LA BARCA
9,09 Cataluña,25,Lleida,25249,VILANOVA DE L'AGUDA
9,09 Cataluña,25,Lleida,25250,VILANOVA DE MEIÀ
9,09 Cataluña,25,Lleida,25251,VILANOVA DE SEGRIÀ
9,09 Cataluña,25,Lleida,25252,VILA-SANA
9,09 Cataluña,25,Lleida,25253,VILOSELL (EL)
9,09 Cataluña,25,Lleida,25255,VINAIXA
9,09 Cataluña,43,Tarragona,43001,AIGUAMÚRCIA
9,09 Cataluña,43,Tarragona,43002,ALBINYANA
9,09 Cataluña,43,Tarragona,43003,ALBIOL (L')
9,09 Cataluña,43,Tarragona,43004,ALCANAR
9,09 Cataluña,43,Tarragona,43005,ALCOVER
9,09 Cataluña,43,Tarragona,43904,ALDEA (L')
9,09 Cataluña,43,Tarragona,43006,ALDOVER
9,09 Cataluña,43,Tarragona,43007,ALEIXAR (L')
9,09 Cataluña,43,Tarragona,43008,ALFARA DE CARLES
9,09 Cataluña,43,Tarragona,43009,ALFORJA
9,09 Cataluña,43,Tarragona,43010,ALIÓ
9,09 Cataluña,43,Tarragona,43011,ALMOSTER
9,09 Cataluña,43,Tarragona,43012,ALTAFULLA
9,09 Cataluña,43,Tarragona,43013,AMETLLA DE MAR (L')
9,09 Cataluña,43,Tarragona,43906,AMPOLLA (L')
9,09 Cataluña,43,Tarragona,43014,AMPOSTA
9,09 Cataluña,43,Tarragona,43016,ARBOÇ (L')
9,09 Cataluña,43,Tarragona,43015,ARBOLÍ
9,09 Cataluña,43,Tarragona,43017,ARGENTERA (L')
9,09 Cataluña,43,Tarragona,43018,ARNES
9,09 Cataluña,43,Tarragona,43019,ASCÓ
9,09 Cataluña,43,Tarragona,43020,BANYERES DEL PENEDÈS
9,09 Cataluña,43,Tarragona,43021,BARBERÀ DE LA CONCA
9,09 Cataluña,43,Tarragona,43022,BATEA
9,09 Cataluña,43,Tarragona,43023,BELLMUNT DEL PRIORAT
9,09 Cataluña,43,Tarragona,43024,BELLVEI
9,09 Cataluña,43,Tarragona,43025,BENIFALLET
9,09 Cataluña,43,Tarragona,43026,BENISSANET
9,09 Cataluña,43,Tarragona,43027,BISBAL DE FALSET (LA)
9,09 Cataluña,43,Tarragona,43028,BISBAL DEL PENEDÈS (LA)
9,09 Cataluña,43,Tarragona,43029,BLANCAFORT
9,09 Cataluña,43,Tarragona,43030,BONASTRE
9,09 Cataluña,43,Tarragona,43031,BORGES DEL CAMP (LES)
9,09 Cataluña,43,Tarragona,43032,BOT
9,09 Cataluña,43,Tarragona,43033,BOTARELL
9,09 Cataluña,43,Tarragona,43034,BRÀFIM
9,09 Cataluña,43,Tarragona,43035,CABACÉS
9,09 Cataluña,43,Tarragona,43036,CABRA DEL CAMP
9,09 Cataluña,43,Tarragona,43037,CALAFELL
9,09 Cataluña,43,Tarragona,43903,CAMARLES
9,09 Cataluña,43,Tarragona,43038,CAMBRILS
9,09 Cataluña,43,Tarragona,43907,CANONJA (LA)
9,09 Cataluña,43,Tarragona,43039,CAPAFONTS
9,09 Cataluña,43,Tarragona,43040,CAPÇANES
9,09 Cataluña,43,Tarragona,43041,CASERES
9,09 Cataluña,43,Tarragona,43042,CASTELLVELL DEL CAMP
9,09 Cataluña,43,Tarragona,43043,CATLLAR (EL)
9,09 Cataluña,43,Tarragona,43045,COLLDEJOU
9,09 Cataluña,43,Tarragona,43046,CONESA
9,09 Cataluña,43,Tarragona,43047,CONSTANTÍ
9,09 Cataluña,43,Tarragona,43048,CORBERA D'EBRE
9,09 Cataluña,43,Tarragona,43049,CORNUDELLA DE MONTSANT
9,09 Cataluña,43,Tarragona,43050,CREIXELL
9,09 Cataluña,43,Tarragona,43051,CUNIT
9,09 Cataluña,43,Tarragona,43901,DELTEBRE
9,09 Cataluña,43,Tarragona,43053,DUESAIGÜES
9,09 Cataluña,43,Tarragona,43054,ESPLUGA DE FRANCOLÍ (L')
9,09 Cataluña,43,Tarragona,43055,FALSET
9,09 Cataluña,43,Tarragona,43056,FATARELLA (LA)
9,09 Cataluña,43,Tarragona,43057,FEBRÓ (LA)
9,09 Cataluña,43,Tarragona,43058,FIGUERA (LA)
9,09 Cataluña,43,Tarragona,43059,FIGUEROLA DEL CAMP
9,09 Cataluña,43,Tarragona,43060,FLIX
9,09 Cataluña,43,Tarragona,43061,FORÈS
9,09 Cataluña,43,Tarragona,43062,FREGINALS
9,09 Cataluña,43,Tarragona,43063,GALERA (LA)
9,09 Cataluña,43,Tarragona,43064,GANDESA
9,09 Cataluña,43,Tarragona,43065,GARCIA
9,09 Cataluña,43,Tarragona,43066,GARIDELLS (ELS)
9,09 Cataluña,43,Tarragona,43067,GINESTAR
9,09 Cataluña,43,Tarragona,43068,GODALL
9,09 Cataluña,43,Tarragona,43069,GRATALLOPS
9,09 Cataluña,43,Tarragona,43070,GUIAMETS (ELS)
9,09 Cataluña,43,Tarragona,43071,HORTA DE SANT JOAN
9,09 Cataluña,43,Tarragona,43072,LLOAR (EL)
9,09 Cataluña,43,Tarragona,43073,LLORAC
9,09 Cataluña,43,Tarragona,43074,LLORENÇ DEL PENEDÈS
9,09 Cataluña,43,Tarragona,43076,MARÇÀ
9,09 Cataluña,43,Tarragona,43075,MARGALEF
9,09 Cataluña,43,Tarragona,43077,MAS DE BARBERANS
9,09 Cataluña,43,Tarragona,43078,MASDENVERGE
9,09 Cataluña,43,Tarragona,43079,MASLLORENÇ
9,09 Cataluña,43,Tarragona,43080,MASÓ (LA)
9,09 Cataluña,43,Tarragona,43081,MASPUJOLS
9,09 Cataluña,43,Tarragona,43082,MASROIG (EL)
9,09 Cataluña,43,Tarragona,43083,MILÀ (EL)
9,09 Cataluña,43,Tarragona,43084,MIRAVET
9,09 Cataluña,43,Tarragona,43085,MOLAR (EL)
9,09 Cataluña,43,Tarragona,43086,MONTBLANC
9,09 Cataluña,43,Tarragona,43088,MONTBRIÓ DEL CAMP
9,09 Cataluña,43,Tarragona,43089,MONTFERRI
9,09 Cataluña,43,Tarragona,43090,MONTMELL (EL)
9,09 Cataluña,43,Tarragona,43091,MONT-RAL
9,09 Cataluña,43,Tarragona,43092,MONT-ROIG DEL CAMP
9,09 Cataluña,43,Tarragona,43093,MÓRA D'EBRE
9,09 Cataluña,43,Tarragona,43094,MÓRA LA NOVA
9,09 Cataluña,43,Tarragona,43095,MORELL (EL)
9,09 Cataluña,43,Tarragona,43096,MORERA DE MONTSANT (LA)
9,09 Cataluña,43,Tarragona,43097,NOU DE GAIÀ (LA)
9,09 Cataluña,43,Tarragona,43098,NULLES
9,09 Cataluña,43,Tarragona,43100,PALLARESOS (ELS)
9,09 Cataluña,43,Tarragona,43099,PALMA D'EBRE (LA)
9,09 Cataluña,43,Tarragona,43101,PASSANANT I BELLTALL
9,09 Cataluña,43,Tarragona,43102,PAÜLS
9,09 Cataluña,43,Tarragona,43103,PERAFORT
9,09 Cataluña,43,Tarragona,43104,PERELLÓ (EL)
9,09 Cataluña,43,Tarragona,43105,PILES (LES)
9,09 Cataluña,43,Tarragona,43106,PINELL DE BRAI (EL)
9,09 Cataluña,43,Tarragona,43107,PIRA
9,09 Cataluña,43,Tarragona,43108,PLA DE SANTA MARIA (EL)
9,09 Cataluña,43,Tarragona,43109,POBLA DE MAFUMET (LA)
9,09 Cataluña,43,Tarragona,43110,POBLA DE MASSALUCA (LA)
9,09 Cataluña,43,Tarragona,43111,POBLA DE MONTORNÈS (LA)
9,09 Cataluña,43,Tarragona,43112,POBOLEDA
9,09 Cataluña,43,Tarragona,43113,PONT D'ARMENTERA (EL)
9,09 Cataluña,43,Tarragona,43141,PONTILS
9,09 Cataluña,43,Tarragona,43114,PORRERA
9,09 Cataluña,43,Tarragona,43115,PRADELL DE LA TEIXETA
9,09 Cataluña,43,Tarragona,43116,PRADES
9,09 Cataluña,43,Tarragona,43117,PRAT DE COMTE
9,09 Cataluña,43,Tarragona,43118,PRATDIP
9,09 Cataluña,43,Tarragona,43119,PUIGPELAT
9,09 Cataluña,43,Tarragona,43120,QUEROL
9,09 Cataluña,43,Tarragona,43136,RÀPITA (LA)
9,09 Cataluña,43,Tarragona,43121,RASQUERA
9,09 Cataluña,43,Tarragona,43122,RENAU
9,09 Cataluña,43,Tarragona,43123,REUS
9,09 Cataluña,43,Tarragona,43124,RIBA (LA)
9,09 Cataluña,43,Tarragona,43125,RIBA-ROJA D'EBRE
9,09 Cataluña,43,Tarragona,43126,RIERA DE GAIÀ (LA)
9,09 Cataluña,43,Tarragona,43127,RIUDECANYES
9,09 Cataluña,43,Tarragona,43128,RIUDECOLS
9,09 Cataluña,43,Tarragona,43129,RIUDOMS
9,09 Cataluña,43,Tarragona,43130,ROCAFORT DE QUERALT
9,09 Cataluña,43,Tarragona,43131,RODA DE BERÀ
9,09 Cataluña,43,Tarragona,43132,RODONYÀ
9,09 Cataluña,43,Tarragona,43133,ROQUETES
9,09 Cataluña,43,Tarragona,43134,ROURELL (EL)
9,09 Cataluña,43,Tarragona,43135,SALOMÓ
9,09 Cataluña,43,Tarragona,43905,SALOU
9,09 Cataluña,43,Tarragona,43137,SANT JAUME DELS DOMENYS
9,09 Cataluña,43,Tarragona,43902,SANT JAUME D'ENVEJA
9,09 Cataluña,43,Tarragona,43138,SANTA BÀRBARA
9,09 Cataluña,43,Tarragona,43139,SANTA COLOMA DE QUERALT
9,09 Cataluña,43,Tarragona,43140,SANTA OLIVA
9,09 Cataluña,43,Tarragona,43142,SARRAL
9,09 Cataluña,43,Tarragona,43143,SAVALLÀ DEL COMTAT
9,09 Cataluña,43,Tarragona,43144,SECUITA (LA)
9,09 Cataluña,43,Tarragona,43145,SELVA DEL CAMP (LA)
9,09 Cataluña,43,Tarragona,43146,SENAN
9,09 Cataluña,43,Tarragona,43044,SÉNIA (LA)
9,09 Cataluña,43,Tarragona,43147,SOLIVELLA
9,09 Cataluña,43,Tarragona,43148,TARRAGONA
9,09 Cataluña,43,Tarragona,43149,TIVENYS
9,09 Cataluña,43,Tarragona,43150,TIVISSA
9,09 Cataluña,43,Tarragona,43151,TORRE DE FONTAUBELLA (LA)
9,09 Cataluña,43,Tarragona,43152,TORRE DE L'ESPANYOL (LA)
9,09 Cataluña,43,Tarragona,43153,TORREDEMBARRA
9,09 Cataluña,43,Tarragona,43154,TORROJA DEL PRIORAT
9,09 Cataluña,43,Tarragona,43155,TORTOSA
9,09 Cataluña,43,Tarragona,43156,ULLDECONA
9,09 Cataluña,43,Tarragona,43157,ULLDEMOLINS
9,09 Cataluña,43,Tarragona,43158,VALLCLARA
9,09 Cataluña,43,Tarragona,43159,VALLFOGONA DE RIUCORB
9,09 Cataluña,43,Tarragona,43160,VALLMOLL
9,09 Cataluña,43,Tarragona,43161,VALLS
9,09 Cataluña,43,Tarragona,43162,VANDELLÒS I L'HOSPITALET DE L'INFANT
9,09 Cataluña,43,Tarragona,43163,VENDRELL (EL)
9,09 Cataluña,43,Tarragona,43164,VESPELLA DE GAIÀ
9,09 Cataluña,43,Tarragona,43165,VILABELLA
9,09 Cataluña,43,Tarragona,43175,VILALBA DELS ARCS
9,09 Cataluña,43,Tarragona,43166,VILALLONGA DEL CAMP
9,09 Cataluña,43,Tarragona,43168,VILANOVA DE PRADES
9,09 Cataluña,43,Tarragona,43167,VILANOVA D'ESCORNALBOU
9,09 Cataluña,43,Tarragona,43169,VILAPLANA
9,09 Cataluña,43,Tarragona,43170,VILA-RODONA
9,09 Cataluña,43,Tarragona,43171,VILA-SECA
9,09 Cataluña,43,Tarragona,43172,VILAVERD
9,09 Cataluña,43,Tarragona,43173,VILELLA ALTA (LA)
9,09 Cataluña,43,Tarragona,43174,VILELLA BAIXA (LA)
9,09 Cataluña,43,Tarragona,43176,VIMBODÍ I POBLET
9,09 Cataluña,43,Tarragona,43177,VINEBRE
9,09 Cataluña,43,Tarragona,43178,VINYOLS I ELS ARCS
9,09 Cataluña,43,Tarragona,43052,XERTA
10,10 Comunitat Valenciana,3,Alicante/Alacant,3002,AGOST
10,10 Comunitat Valenciana,3,Alicante/Alacant,3003,AGRES
10,10 Comunitat Valenciana,3,Alicante/Alacant,3004,AIGÜES
10,10 Comunitat Valenciana,3,Alicante/Alacant,3014,ALACANT/ALICANTE
10,10 Comunitat Valenciana,3,Alicante/Alacant,3005,ALBATERA
10,10 Comunitat Valenciana,3,Alicante/Alacant,3006,ALCALALÍ
10,10 Comunitat Valenciana,3,Alicante/Alacant,3009,ALCOI/ALCOY
10,10 Comunitat Valenciana,3,Alicante/Alacant,3008,ALCOLEJA
10,10 Comunitat Valenciana,3,Alicante/Alacant,3007,ALCOSSER
10,10 Comunitat Valenciana,3,Alicante/Alacant,3010,ALFAFARA
10,10 Comunitat Valenciana,3,Alicante/Alacant,3011,ALFÀS DEL PI (L')
10,10 Comunitat Valenciana,3,Alicante/Alacant,3012,ALGORFA
10,10 Comunitat Valenciana,3,Alicante/Alacant,3013,ALGUEÑA
10,10 Comunitat Valenciana,3,Alicante/Alacant,3015,ALMORADÍ
10,10 Comunitat Valenciana,3,Alicante/Alacant,3016,ALMUDAINA
10,10 Comunitat Valenciana,3,Alicante/Alacant,3017,ALQUERIA D'ASNAR (L')
10,10 Comunitat Valenciana,3,Alicante/Alacant,3018,ALTEA
10,10 Comunitat Valenciana,3,Alicante/Alacant,3019,ASPE
10,10 Comunitat Valenciana,3,Alicante/Alacant,3001,ATZÚBIA (L')
10,10 Comunitat Valenciana,3,Alicante/Alacant,3020,BALONES
10,10 Comunitat Valenciana,3,Alicante/Alacant,3021,BANYERES DE MARIOLA
10,10 Comunitat Valenciana,3,Alicante/Alacant,3022,BENASAU
10,10 Comunitat Valenciana,3,Alicante/Alacant,3023,BENEIXAMA
10,10 Comunitat Valenciana,3,Alicante/Alacant,3024,BENEJÚZAR
10,10 Comunitat Valenciana,3,Alicante/Alacant,3025,BENFERRI
10,10 Comunitat Valenciana,3,Alicante/Alacant,3026,BENIARBEIG
10,10 Comunitat Valenciana,3,Alicante/Alacant,3027,BENIARDÀ
10,10 Comunitat Valenciana,3,Alicante/Alacant,3028,BENIARRÉS
10,10 Comunitat Valenciana,3,Alicante/Alacant,3030,BENIDOLEIG
10,10 Comunitat Valenciana,3,Alicante/Alacant,3031,BENIDORM
10,10 Comunitat Valenciana,3,Alicante/Alacant,3032,BENIFALLIM
10,10 Comunitat Valenciana,3,Alicante/Alacant,3033,BENIFATO
10,10 Comunitat Valenciana,3,Alicante/Alacant,3029,BENIGEMBLA
10,10 Comunitat Valenciana,3,Alicante/Alacant,3034,BENIJÓFAR
10,10 Comunitat Valenciana,3,Alicante/Alacant,3035,BENILLOBA
10,10 Comunitat Valenciana,3,Alicante/Alacant,3036,BENILLUP
10,10 Comunitat Valenciana,3,Alicante/Alacant,3037,BENIMANTELL
10,10 Comunitat Valenciana,3,Alicante/Alacant,3038,BENIMARFULL
10,10 Comunitat Valenciana,3,Alicante/Alacant,3039,BENIMASSOT
10,10 Comunitat Valenciana,3,Alicante/Alacant,3040,BENIMELI
10,10 Comunitat Valenciana,3,Alicante/Alacant,3041,BENISSA
10,10 Comunitat Valenciana,3,Alicante/Alacant,3043,BIAR
10,10 Comunitat Valenciana,3,Alicante/Alacant,3044,BIGASTRO
10,10 Comunitat Valenciana,3,Alicante/Alacant,3045,BOLULLA
10,10 Comunitat Valenciana,3,Alicante/Alacant,3046,BUSOT
10,10 Comunitat Valenciana,3,Alicante/Alacant,3049,CALLOSA DE SEGURA
10,10 Comunitat Valenciana,3,Alicante/Alacant,3048,CALLOSA D'EN SARRIÀ
10,10 Comunitat Valenciana,3,Alicante/Alacant,3047,CALP
10,10 Comunitat Valenciana,3,Alicante/Alacant,3051,CAMP DE MIRRA (EL)/CAMPO DE MIRRA
10,10 Comunitat Valenciana,3,Alicante/Alacant,3050,CAMPELLO (EL)
10,10 Comunitat Valenciana,3,Alicante/Alacant,3052,CAÑADA
10,10 Comunitat Valenciana,3,Alicante/Alacant,3053,CASTALLA
10,10 Comunitat Valenciana,3,Alicante/Alacant,3054,CASTELL DE CASTELLS
10,10 Comunitat Valenciana,3,Alicante/Alacant,3075,CASTELL DE GUADALEST (EL)
10,10 Comunitat Valenciana,3,Alicante/Alacant,3055,CATRAL
10,10 Comunitat Valenciana,3,Alicante/Alacant,3056,COCENTAINA
10,10 Comunitat Valenciana,3,Alicante/Alacant,3057,CONFRIDES
10,10 Comunitat Valenciana,3,Alicante/Alacant,3058,COX
10,10 Comunitat Valenciana,3,Alicante/Alacant,3059,CREVILLENT
10,10 Comunitat Valenciana,3,Alicante/Alacant,3061,DAYA NUEVA
10,10 Comunitat Valenciana,3,Alicante/Alacant,3062,DAYA VIEJA
10,10 Comunitat Valenciana,3,Alicante/Alacant,3063,DÉNIA
10,10 Comunitat Valenciana,3,Alicante/Alacant,3064,DOLORES
10,10 Comunitat Valenciana,3,Alicante/Alacant,3066,ELDA
10,10 Comunitat Valenciana,3,Alicante/Alacant,3065,ELX/ELCHE
10,10 Comunitat Valenciana,3,Alicante/Alacant,3067,FAGECA
10,10 Comunitat Valenciana,3,Alicante/Alacant,3068,FAMORCA
10,10 Comunitat Valenciana,3,Alicante/Alacant,3069,FINESTRAT
10,10 Comunitat Valenciana,3,Alicante/Alacant,3077,FONDÓ DE LES NEUS (EL)/HONDÓN DE LAS NIEVES
10,10 Comunitat Valenciana,3,Alicante/Alacant,3070,FORMENTERA DEL SEGURA
10,10 Comunitat Valenciana,3,Alicante/Alacant,3072,GAIANES
10,10 Comunitat Valenciana,3,Alicante/Alacant,3071,GATA DE GORGOS
10,10 Comunitat Valenciana,3,Alicante/Alacant,3073,GORGA
10,10 Comunitat Valenciana,3,Alicante/Alacant,3074,GRANJA DE ROCAMORA
10,10 Comunitat Valenciana,3,Alicante/Alacant,3076,GUARDAMAR DEL SEGURA
10,10 Comunitat Valenciana,3,Alicante/Alacant,3078,HONDÓN DE LOS FRAILES
10,10 Comunitat Valenciana,3,Alicante/Alacant,3079,IBI
10,10 Comunitat Valenciana,3,Alicante/Alacant,3080,JACARILLA
10,10 Comunitat Valenciana,3,Alicante/Alacant,3085,LLÍBER
10,10 Comunitat Valenciana,3,Alicante/Alacant,3086,MILLENA
10,10 Comunitat Valenciana,3,Alicante/Alacant,3088,MONFORTE DEL CID
10,10 Comunitat Valenciana,3,Alicante/Alacant,3089,MONÒVER/MONÓVAR
10,10 Comunitat Valenciana,3,Alicante/Alacant,3903,MONTESINOS (LOS)
10,10 Comunitat Valenciana,3,Alicante/Alacant,3091,MURLA
10,10 Comunitat Valenciana,3,Alicante/Alacant,3092,MURO DE ALCOY
10,10 Comunitat Valenciana,3,Alicante/Alacant,3090,MUTXAMEL
10,10 Comunitat Valenciana,3,Alicante/Alacant,3093,NOVELDA
10,10 Comunitat Valenciana,3,Alicante/Alacant,3094,NUCIA (LA)
10,10 Comunitat Valenciana,3,Alicante/Alacant,3095,ONDARA
10,10 Comunitat Valenciana,3,Alicante/Alacant,3096,ONIL
10,10 Comunitat Valenciana,3,Alicante/Alacant,3097,ORBA
10,10 Comunitat Valenciana,3,Alicante/Alacant,3099,ORIHUELA
10,10 Comunitat Valenciana,3,Alicante/Alacant,3084,ORXA (L')/LORCHA
10,10 Comunitat Valenciana,3,Alicante/Alacant,3098,ORXETA
10,10 Comunitat Valenciana,3,Alicante/Alacant,3100,PARCENT
10,10 Comunitat Valenciana,3,Alicante/Alacant,3101,PEDREGUER
10,10 Comunitat Valenciana,3,Alicante/Alacant,3102,PEGO
10,10 Comunitat Valenciana,3,Alicante/Alacant,3103,PENÀGUILA
10,10 Comunitat Valenciana,3,Alicante/Alacant,3104,PETRER
10,10 Comunitat Valenciana,3,Alicante/Alacant,3902,PILAR DE LA HORADADA
10,10 Comunitat Valenciana,3,Alicante/Alacant,3105,PINÓS (EL)/PINOSO
10,10 Comunitat Valenciana,3,Alicante/Alacant,3106,PLANES
10,10 Comunitat Valenciana,3,Alicante/Alacant,3042,POBLE NOU DE BENITATXELL (EL)/BENITACHELL
10,10 Comunitat Valenciana,3,Alicante/Alacant,3901,POBLETS (ELS)
10,10 Comunitat Valenciana,3,Alicante/Alacant,3107,POLOP
10,10 Comunitat Valenciana,3,Alicante/Alacant,3060,QUATRETONDETA
10,10 Comunitat Valenciana,3,Alicante/Alacant,3109,RAFAL
10,10 Comunitat Valenciana,3,Alicante/Alacant,3110,RÀFOL D'ALMÚNIA (EL)
10,10 Comunitat Valenciana,3,Alicante/Alacant,3111,REDOVÁN
10,10 Comunitat Valenciana,3,Alicante/Alacant,3112,RELLEU
10,10 Comunitat Valenciana,3,Alicante/Alacant,3113,ROJALES
10,10 Comunitat Valenciana,3,Alicante/Alacant,3114,ROMANA (LA)
10,10 Comunitat Valenciana,3,Alicante/Alacant,3115,SAGRA
10,10 Comunitat Valenciana,3,Alicante/Alacant,3116,SALINAS
10,10 Comunitat Valenciana,3,Alicante/Alacant,3118,SAN FULGENCIO
10,10 Comunitat Valenciana,3,Alicante/Alacant,3904,SAN ISIDRO
10,10 Comunitat Valenciana,3,Alicante/Alacant,3120,SAN MIGUEL DE SALINAS
10,10 Comunitat Valenciana,3,Alicante/Alacant,3117,SANET Y NEGRALS
10,10 Comunitat Valenciana,3,Alicante/Alacant,3119,SANT JOAN D'ALACANT
10,10 Comunitat Valenciana,3,Alicante/Alacant,3122,SANT VICENT DEL RASPEIG/SAN VICENTE DEL RASPEIG
10,10 Comunitat Valenciana,3,Alicante/Alacant,3121,SANTA POLA
10,10 Comunitat Valenciana,3,Alicante/Alacant,3123,SAX
10,10 Comunitat Valenciana,3,Alicante/Alacant,3124,SELLA
10,10 Comunitat Valenciana,3,Alicante/Alacant,3125,SENIJA
10,10 Comunitat Valenciana,3,Alicante/Alacant,3127,TÀRBENA
10,10 Comunitat Valenciana,3,Alicante/Alacant,3128,TEULADA
10,10 Comunitat Valenciana,3,Alicante/Alacant,3129,TIBI
10,10 Comunitat Valenciana,3,Alicante/Alacant,3130,TOLLOS
10,10 Comunitat Valenciana,3,Alicante/Alacant,3131,TORMOS
10,10 Comunitat Valenciana,3,Alicante/Alacant,3132,TORRE DE LES MAÇANES (LA)/TORREMANZANAS
10,10 Comunitat Valenciana,3,Alicante/Alacant,3133,TORREVIEJA
10,10 Comunitat Valenciana,3,Alicante/Alacant,3134,VALL D'ALCALÀ (LA)
10,10 Comunitat Valenciana,3,Alicante/Alacant,3136,VALL DE GALLINERA (LA)
10,10 Comunitat Valenciana,3,Alicante/Alacant,3137,VALL DE LAGUAR (LA)
10,10 Comunitat Valenciana,3,Alicante/Alacant,3135,VALL D'EBO (LA)
10,10 Comunitat Valenciana,3,Alicante/Alacant,3138,VERGER (EL)
10,10 Comunitat Valenciana,3,Alicante/Alacant,3139,VILA JOIOSA (LA)/VILLAJOYOSA
10,10 Comunitat Valenciana,3,Alicante/Alacant,3140,VILLENA
10,10 Comunitat Valenciana,3,Alicante/Alacant,3082,XÀBIA/JÁVEA
10,10 Comunitat Valenciana,3,Alicante/Alacant,3081,XALÓ
10,10 Comunitat Valenciana,3,Alicante/Alacant,3083,XIXONA/JIJONA
10,10 Comunitat Valenciana,12,Castellón/Castelló,12002,AÍN
10,10 Comunitat Valenciana,12,Castellón/Castelló,12003,ALBOCÀSSER
10,10 Comunitat Valenciana,12,Castellón/Castelló,12004,ALCALÀ DE XIVERT
10,10 Comunitat Valenciana,12,Castellón/Castelló,12005,ALCORA (L')
10,10 Comunitat Valenciana,12,Castellón/Castelló,12006,ALCUDIA DE VEO
10,10 Comunitat Valenciana,12,Castellón/Castelló,12007,ALFONDEGUILLA
10,10 Comunitat Valenciana,12,Castellón/Castelló,12008,ALGIMIA DE ALMONACID
10,10 Comunitat Valenciana,12,Castellón/Castelló,12009,ALMASSORA
10,10 Comunitat Valenciana,12,Castellón/Castelló,12010,ALMEDÍJAR
10,10 Comunitat Valenciana,12,Castellón/Castelló,12011,ALMENARA
10,10 Comunitat Valenciana,12,Castellón/Castelló,12901,ALQUERIES (LES)/ALQUERÍAS DEL NIÑO PERDIDO
10,10 Comunitat Valenciana,12,Castellón/Castelló,12012,ALTURA
10,10 Comunitat Valenciana,12,Castellón/Castelló,12013,ARAÑUEL
10,10 Comunitat Valenciana,12,Castellón/Castelló,12014,ARES DEL MAESTRAT
10,10 Comunitat Valenciana,12,Castellón/Castelló,12015,ARGELITA
10,10 Comunitat Valenciana,12,Castellón/Castelló,12016,ARTANA
10,10 Comunitat Valenciana,12,Castellón/Castelló,12001,ATZENETA DEL MAESTRAT
10,10 Comunitat Valenciana,12,Castellón/Castelló,12017,AYÓDAR
10,10 Comunitat Valenciana,12,Castellón/Castelló,12018,AZUÉBAR
10,10 Comunitat Valenciana,12,Castellón/Castelló,12020,BARRACAS
10,10 Comunitat Valenciana,12,Castellón/Castelló,12022,BEJÍS
10,10 Comunitat Valenciana,12,Castellón/Castelló,12024,BENAFER
10,10 Comunitat Valenciana,12,Castellón/Castelló,12025,BENAFIGOS
10,10 Comunitat Valenciana,12,Castellón/Castelló,12026,BENASSAL
10,10 Comunitat Valenciana,12,Castellón/Castelló,12027,BENICARLÓ
10,10 Comunitat Valenciana,12,Castellón/Castelló,12028,BENICÀSSIM/BENICASIM
10,10 Comunitat Valenciana,12,Castellón/Castelló,12029,BENLLOC
10,10 Comunitat Valenciana,12,Castellón/Castelló,12021,BETXÍ
10,10 Comunitat Valenciana,12,Castellón/Castelló,12032,BORRIANA/BURRIANA
10,10 Comunitat Valenciana,12,Castellón/Castelló,12031,BORRIOL
10,10 Comunitat Valenciana,12,Castellón/Castelló,12033,CABANES
10,10 Comunitat Valenciana,12,Castellón/Castelló,12034,CÀLIG
10,10 Comunitat Valenciana,12,Castellón/Castelló,12036,CANET LO ROIG
10,10 Comunitat Valenciana,12,Castellón/Castelló,12037,CASTELL DE CABRES
10,10 Comunitat Valenciana,12,Castellón/Castelló,12038,CASTELLFORT
10,10 Comunitat Valenciana,12,Castellón/Castelló,12039,CASTELLNOVO
10,10 Comunitat Valenciana,12,Castellón/Castelló,12040,CASTELLÓ DE LA PLANA
10,10 Comunitat Valenciana,12,Castellón/Castelló,12041,CASTILLO DE VILLAMALEFA
10,10 Comunitat Valenciana,12,Castellón/Castelló,12042,CATÍ
10,10 Comunitat Valenciana,12,Castellón/Castelló,12043,CAUDIEL
10,10 Comunitat Valenciana,12,Castellón/Castelló,12044,CERVERA DEL MAESTRE
10,10 Comunitat Valenciana,12,Castellón/Castelló,12053,CHILCHES/XILXES
10,10 Comunitat Valenciana,12,Castellón/Castelló,12056,CHÓVAR
10,10 Comunitat Valenciana,12,Castellón/Castelló,12045,CINCTORRES
10,10 Comunitat Valenciana,12,Castellón/Castelló,12046,CIRAT
10,10 Comunitat Valenciana,12,Castellón/Castelló,12048,CORTES DE ARENOSO
10,10 Comunitat Valenciana,12,Castellón/Castelló,12049,COSTUR
10,10 Comunitat Valenciana,12,Castellón/Castelló,12050,COVES DE VINROMÀ (LES)
10,10 Comunitat Valenciana,12,Castellón/Castelló,12051,CULLA
10,10 Comunitat Valenciana,12,Castellón/Castelló,12057,ESLIDA
10,10 Comunitat Valenciana,12,Castellón/Castelló,12058,ESPADILLA
10,10 Comunitat Valenciana,12,Castellón/Castelló,12059,FANZARA
10,10 Comunitat Valenciana,12,Castellón/Castelló,12060,FIGUEROLES
10,10 Comunitat Valenciana,12,Castellón/Castelló,12061,FORCALL
10,10 Comunitat Valenciana,12,Castellón/Castelló,12063,FUENTE LA REINA
10,10 Comunitat Valenciana,12,Castellón/Castelló,12064,FUENTES DE AYÓDAR
10,10 Comunitat Valenciana,12,Castellón/Castelló,12065,GAIBIEL
10,10 Comunitat Valenciana,12,Castellón/Castelló,12067,GELDO
10,10 Comunitat Valenciana,12,Castellón/Castelló,12068,HERBERS
10,10 Comunitat Valenciana,12,Castellón/Castelló,12069,HIGUERAS
10,10 Comunitat Valenciana,12,Castellón/Castelló,12070,JANA (LA)
10,10 Comunitat Valenciana,12,Castellón/Castelló,12071,JÉRICA
10,10 Comunitat Valenciana,12,Castellón/Castelló,12074,LLOSA (LA)
10,10 Comunitat Valenciana,12,Castellón/Castelló,12072,LLUCENA/LUCENA DEL CID
10,10 Comunitat Valenciana,12,Castellón/Castelló,12073,LUDIENTE
10,10 Comunitat Valenciana,12,Castellón/Castelló,12075,MATA DE MORELLA (LA)
10,10 Comunitat Valenciana,12,Castellón/Castelló,12076,MATET
10,10 Comunitat Valenciana,12,Castellón/Castelló,12077,MONCOFA
10,10 Comunitat Valenciana,12,Castellón/Castelló,12078,MONTÁN
10,10 Comunitat Valenciana,12,Castellón/Castelló,12079,MONTANEJOS
10,10 Comunitat Valenciana,12,Castellón/Castelló,12080,MORELLA
10,10 Comunitat Valenciana,12,Castellón/Castelló,12081,NAVAJAS
10,10 Comunitat Valenciana,12,Castellón/Castelló,12082,NULES
10,10 Comunitat Valenciana,12,Castellón/Castelló,12083,OLOCAU DEL REY
10,10 Comunitat Valenciana,12,Castellón/Castelló,12084,ONDA
10,10 Comunitat Valenciana,12,Castellón/Castelló,12085,ORPESA/OROPESA DEL MAR
10,10 Comunitat Valenciana,12,Castellón/Castelló,12087,PALANQUES
10,10 Comunitat Valenciana,12,Castellón/Castelló,12088,PAVÍAS
10,10 Comunitat Valenciana,12,Castellón/Castelló,12089,PENÍSCOLA/PEÑÍSCOLA
10,10 Comunitat Valenciana,12,Castellón/Castelló,12090,PINA DE MONTALGRAO
10,10 Comunitat Valenciana,12,Castellón/Castelló,12093,POBLA DE BENIFASSÀ (LA)
10,10 Comunitat Valenciana,12,Castellón/Castelló,12094,POBLA TORNESA (LA)
10,10 Comunitat Valenciana,12,Castellón/Castelló,12091,PORTELL DE MORELLA
10,10 Comunitat Valenciana,12,Castellón/Castelló,12092,PUEBLA DE ARENOSO
10,10 Comunitat Valenciana,12,Castellón/Castelló,12095,RIBESALBES
10,10 Comunitat Valenciana,12,Castellón/Castelló,12096,ROSSELL
10,10 Comunitat Valenciana,12,Castellón/Castelló,12097,SACAÑET
10,10 Comunitat Valenciana,12,Castellón/Castelló,12098,SALZADELLA (LA)
10,10 Comunitat Valenciana,12,Castellón/Castelló,12101,SAN RAFAEL DEL RÍO
10,10 Comunitat Valenciana,12,Castellón/Castelló,12902,SANT JOAN DE MORÓ
10,10 Comunitat Valenciana,12,Castellón/Castelló,12099,SANT JORDI/SAN JORGE
10,10 Comunitat Valenciana,12,Castellón/Castelló,12100,SANT MATEU
10,10 Comunitat Valenciana,12,Castellón/Castelló,12102,SANTA MAGDALENA DE PULPIS
10,10 Comunitat Valenciana,12,Castellón/Castelló,12104,SEGORBE
10,10 Comunitat Valenciana,12,Castellón/Castelló,12103,SERRATELLA (LA)
10,10 Comunitat Valenciana,12,Castellón/Castelló,12105,SIERRA ENGARCERÁN
10,10 Comunitat Valenciana,12,Castellón/Castelló,12106,SONEJA
10,10 Comunitat Valenciana,12,Castellón/Castelló,12107,SOT DE FERRER
10,10 Comunitat Valenciana,12,Castellón/Castelló,12108,SUERA/SUERAS
10,10 Comunitat Valenciana,12,Castellón/Castelló,12109,TALES
10,10 Comunitat Valenciana,12,Castellón/Castelló,12110,TERESA
10,10 Comunitat Valenciana,12,Castellón/Castelló,12111,TÍRIG
10,10 Comunitat Valenciana,12,Castellón/Castelló,12112,TODOLELLA
10,10 Comunitat Valenciana,12,Castellón/Castelló,12113,TOGA
10,10 Comunitat Valenciana,12,Castellón/Castelló,12114,TORÁS
10,10 Comunitat Valenciana,12,Castellón/Castelló,12115,TORO (EL)
10,10 Comunitat Valenciana,12,Castellón/Castelló,12116,TORRALBA DEL PINAR
10,10 Comunitat Valenciana,12,Castellón/Castelló,12119,TORRE D'EN BESORA (LA)
10,10 Comunitat Valenciana,12,Castellón/Castelló,12120,TORRE D'EN DOMÉNEC (LA)
10,10 Comunitat Valenciana,12,Castellón/Castelló,12117,TORREBLANCA
10,10 Comunitat Valenciana,12,Castellón/Castelló,12118,TORRECHIVA
10,10 Comunitat Valenciana,12,Castellón/Castelló,12121,TRAIGUERA
10,10 Comunitat Valenciana,12,Castellón/Castelló,12122,USERES (LES)/USERAS
10,10 Comunitat Valenciana,12,Castellón/Castelló,12124,VALL D'ALBA
10,10 Comunitat Valenciana,12,Castellón/Castelló,12125,VALL DE ALMONACID
10,10 Comunitat Valenciana,12,Castellón/Castelló,12126,VALL D'UIXÓ (LA)
10,10 Comunitat Valenciana,12,Castellón/Castelló,12123,VALLAT
10,10 Comunitat Valenciana,12,Castellón/Castelló,12127,VALLIBONA
10,10 Comunitat Valenciana,12,Castellón/Castelló,12128,VILAFAMÉS
10,10 Comunitat Valenciana,12,Castellón/Castelló,12129,VILAFRANCA/VILLAFRANCA DEL CID
10,10 Comunitat Valenciana,12,Castellón/Castelló,12132,VILANOVA D'ALCOLEA
10,10 Comunitat Valenciana,12,Castellón/Castelló,12134,VILAR DE CANES
10,10 Comunitat Valenciana,12,Castellón/Castelló,12135,VILA-REAL
10,10 Comunitat Valenciana,12,Castellón/Castelló,12136,VILAVELLA (LA)
10,10 Comunitat Valenciana,12,Castellón/Castelló,12130,VILLAHERMOSA DEL RÍO
10,10 Comunitat Valenciana,12,Castellón/Castelló,12131,VILLAMALUR
10,10 Comunitat Valenciana,12,Castellón/Castelló,12133,VILLANUEVA DE VIVER
10,10 Comunitat Valenciana,12,Castellón/Castelló,12137,VILLORES
10,10 Comunitat Valenciana,12,Castellón/Castelló,12138,VINARÒS
10,10 Comunitat Valenciana,12,Castellón/Castelló,12139,VISTABELLA DEL MAESTRAT
10,10 Comunitat Valenciana,12,Castellón/Castelló,12140,VIVER
10,10 Comunitat Valenciana,12,Castellón/Castelló,12052,XERT
10,10 Comunitat Valenciana,12,Castellón/Castelló,12055,XODOS/CHODOS
10,10 Comunitat Valenciana,12,Castellón/Castelló,12141,ZORITA DEL MAESTRAZGO
10,10 Comunitat Valenciana,12,Castellón/Castelló,12142,ZUCAINA
10,10 Comunitat Valenciana,46,Valencia/València,46001,ADEMUZ
10,10 Comunitat Valenciana,46,Valencia/València,46002,ADOR
10,10 Comunitat Valenciana,46,Valencia/València,46004,AGULLENT
10,10 Comunitat Valenciana,46,Valencia/València,46042,AIELO DE MALFERIT
10,10 Comunitat Valenciana,46,Valencia/València,46043,AIELO DE RUGAT
10,10 Comunitat Valenciana,46,Valencia/València,46005,ALAQUÀS
10,10 Comunitat Valenciana,46,Valencia/València,46006,ALBAIDA
10,10 Comunitat Valenciana,46,Valencia/València,46007,ALBAL
10,10 Comunitat Valenciana,46,Valencia/València,46008,ALBALAT DE LA RIBERA
10,10 Comunitat Valenciana,46,Valencia/València,46009,ALBALAT DELS SORELLS
10,10 Comunitat Valenciana,46,Valencia/València,46010,ALBALAT DELS TARONGERS
10,10 Comunitat Valenciana,46,Valencia/València,46011,ALBERIC
10,10 Comunitat Valenciana,46,Valencia/València,46012,ALBORACHE
10,10 Comunitat Valenciana,46,Valencia/València,46013,ALBORAIA/ALBORAYA
10,10 Comunitat Valenciana,46,Valencia/València,46014,ALBUIXECH
10,10 Comunitat Valenciana,46,Valencia/València,46016,ALCÀNTERA DE XÚQUER
10,10 Comunitat Valenciana,46,Valencia/València,46015,ALCÀSSER
10,10 Comunitat Valenciana,46,Valencia/València,46018,ALCUBLAS
10,10 Comunitat Valenciana,46,Valencia/València,46020,ALCÚDIA DE CRESPINS (L')
10,10 Comunitat Valenciana,46,Valencia/València,46019,ALCÚDIA (L')
10,10 Comunitat Valenciana,46,Valencia/València,46021,ALDAIA
10,10 Comunitat Valenciana,46,Valencia/València,46022,ALFAFAR
10,10 Comunitat Valenciana,46,Valencia/València,46024,ALFARA DE LA BARONIA
10,10 Comunitat Valenciana,46,Valencia/València,46025,ALFARA DEL PATRIARCA
10,10 Comunitat Valenciana,46,Valencia/València,46026,ALFARP
10,10 Comunitat Valenciana,46,Valencia/València,46027,ALFARRASÍ
10,10 Comunitat Valenciana,46,Valencia/València,46023,ALFAUIR
10,10 Comunitat Valenciana,46,Valencia/València,46028,ALGAR DE PALANCIA
10,10 Comunitat Valenciana,46,Valencia/València,46029,ALGEMESÍ
10,10 Comunitat Valenciana,46,Valencia/València,46030,ALGÍMIA D'ALFARA
10,10 Comunitat Valenciana,46,Valencia/València,46031,ALGINET
10,10 Comunitat Valenciana,46,Valencia/València,46032,ALMÀSSERA
10,10 Comunitat Valenciana,46,Valencia/València,46033,ALMISERÀ
10,10 Comunitat Valenciana,46,Valencia/València,46034,ALMOINES
10,10 Comunitat Valenciana,46,Valencia/València,46035,ALMUSSAFES
10,10 Comunitat Valenciana,46,Valencia/València,46036,ALPUENTE
10,10 Comunitat Valenciana,46,Valencia/València,46037,ALQUERIA DE LA COMTESSA (L')
10,10 Comunitat Valenciana,46,Valencia/València,46017,ALZIRA
10,10 Comunitat Valenciana,46,Valencia/València,46038,ANDILLA
10,10 Comunitat Valenciana,46,Valencia/València,46039,ANNA
10,10 Comunitat Valenciana,46,Valencia/València,46040,ANTELLA
10,10 Comunitat Valenciana,46,Valencia/València,46041,ARAS DE LOS OLMOS
10,10 Comunitat Valenciana,46,Valencia/València,46003,ATZENETA D'ALBAIDA
10,10 Comunitat Valenciana,46,Valencia/València,46044,AYORA
10,10 Comunitat Valenciana,46,Valencia/València,46046,BARX
10,10 Comunitat Valenciana,46,Valencia/València,46045,BARXETA
10,10 Comunitat Valenciana,46,Valencia/València,46047,BÈLGIDA
10,10 Comunitat Valenciana,46,Valencia/València,46048,BELLREGUARD
10,10 Comunitat Valenciana,46,Valencia/València,46049,BELLÚS
10,10 Comunitat Valenciana,46,Valencia/València,46050,BENAGÉBER
10,10 Comunitat Valenciana,46,Valencia/València,46051,BENAGUASIL
10,10 Comunitat Valenciana,46,Valencia/València,46052,BENAVITES
10,10 Comunitat Valenciana,46,Valencia/València,46053,BENEIXIDA
10,10 Comunitat Valenciana,46,Valencia/València,46054,BENETÚSSER
10,10 Comunitat Valenciana,46,Valencia/València,46055,BENIARJÓ
10,10 Comunitat Valenciana,46,Valencia/València,46056,BENIATJAR
10,10 Comunitat Valenciana,46,Valencia/València,46057,BENICOLET
10,10 Comunitat Valenciana,46,Valencia/València,46904,BENICULL DE XÚQUER
10,10 Comunitat Valenciana,46,Valencia/València,46060,BENIFAIÓ
10,10 Comunitat Valenciana,46,Valencia/València,46059,BENIFAIRÓ DE LA VALLDIGNA
10,10 Comunitat Valenciana,46,Valencia/València,46058,BENIFAIRÓ DE LES VALLS
10,10 Comunitat Valenciana,46,Valencia/València,46061,BENIFLÁ
10,10 Comunitat Valenciana,46,Valencia/València,46062,BENIGÀNIM
10,10 Comunitat Valenciana,46,Valencia/València,46063,BENIMODO
10,10 Comunitat Valenciana,46,Valencia/València,46064,BENIMUSLEM
10,10 Comunitat Valenciana,46,Valencia/València,46065,BENIPARRELL
10,10 Comunitat Valenciana,46,Valencia/València,46066,BENIRREDRÀ
10,10 Comunitat Valenciana,46,Valencia/València,46067,BENISSANÓ
10,10 Comunitat Valenciana,46,Valencia/València,46068,BENISSODA
10,10 Comunitat Valenciana,46,Valencia/València,46069,BENISSUERA
10,10 Comunitat Valenciana,46,Valencia/València,46070,BÉTERA
10,10 Comunitat Valenciana,46,Valencia/València,46071,BICORP
10,10 Comunitat Valenciana,46,Valencia/València,46072,BOCAIRENT
10,10 Comunitat Valenciana,46,Valencia/València,46073,BOLBAITE
10,10 Comunitat Valenciana,46,Valencia/València,46074,BONREPÒS I MIRAMBELL
10,10 Comunitat Valenciana,46,Valencia/València,46075,BUFALI
10,10 Comunitat Valenciana,46,Valencia/València,46076,BUGARRA
10,10 Comunitat Valenciana,46,Valencia/València,46077,BUÑOL
10,10 Comunitat Valenciana,46,Valencia/València,46078,BURJASSOT
10,10 Comunitat Valenciana,46,Valencia/València,46079,CALLES
10,10 Comunitat Valenciana,46,Valencia/València,46080,CAMPORROBLES
10,10 Comunitat Valenciana,46,Valencia/València,46081,CANALS
10,10 Comunitat Valenciana,46,Valencia/València,46082,CANET D'EN BERENGUER
10,10 Comunitat Valenciana,46,Valencia/València,46083,CARCAIXENT
10,10 Comunitat Valenciana,46,Valencia/València,46084,CÀRCER
10,10 Comunitat Valenciana,46,Valencia/València,46085,CARLET
10,10 Comunitat Valenciana,46,Valencia/València,46086,CARRÍCOLA
10,10 Comunitat Valenciana,46,Valencia/València,46087,CASAS ALTAS
10,10 Comunitat Valenciana,46,Valencia/València,46088,CASAS BAJAS
10,10 Comunitat Valenciana,46,Valencia/València,46089,CASINOS
10,10 Comunitat Valenciana,46,Valencia/València,46257,CASTELLÓ
10,10 Comunitat Valenciana,46,Valencia/València,46090,CASTELLÓ DE RUGAT
10,10 Comunitat Valenciana,46,Valencia/València,46091,CASTELLONET DE LA CONQUESTA
10,10 Comunitat Valenciana,46,Valencia/València,46092,CASTIELFABIB
10,10 Comunitat Valenciana,46,Valencia/València,46093,CATADAU
10,10 Comunitat Valenciana,46,Valencia/València,46094,CATARROJA
10,10 Comunitat Valenciana,46,Valencia/València,46095,CAUDETE DE LAS FUENTES
10,10 Comunitat Valenciana,46,Valencia/València,46096,CERDÀ
10,10 Comunitat Valenciana,46,Valencia/València,46107,CHELLA
10,10 Comunitat Valenciana,46,Valencia/València,46106,CHELVA
10,10 Comunitat Valenciana,46,Valencia/València,46108,CHERA
10,10 Comunitat Valenciana,46,Valencia/València,46109,CHESTE
10,10 Comunitat Valenciana,46,Valencia/València,46111,CHIVA
10,10 Comunitat Valenciana,46,Valencia/València,46112,CHULILLA
10,10 Comunitat Valenciana,46,Valencia/València,46097,COFRENTES
10,10 Comunitat Valenciana,46,Valencia/València,46098,CORBERA
10,10 Comunitat Valenciana,46,Valencia/València,46099,CORTES DE PALLÁS
10,10 Comunitat Valenciana,46,Valencia/València,46100,COTES
10,10 Comunitat Valenciana,46,Valencia/València,46105,CULLERA
10,10 Comunitat Valenciana,46,Valencia/València,46113,DAIMÚS
10,10 Comunitat Valenciana,46,Valencia/València,46114,DOMEÑO
10,10 Comunitat Valenciana,46,Valencia/València,46115,DOS AGUAS
10,10 Comunitat Valenciana,46,Valencia/València,46116,ELIANA (L')
10,10 Comunitat Valenciana,46,Valencia/València,46117,EMPERADOR
10,10 Comunitat Valenciana,46,Valencia/València,46118,ENGUERA
10,10 Comunitat Valenciana,46,Valencia/València,46119,ÉNOVA (L')
10,10 Comunitat Valenciana,46,Valencia/València,46120,ESTIVELLA
10,10 Comunitat Valenciana,46,Valencia/València,46121,ESTUBENY
10,10 Comunitat Valenciana,46,Valencia/València,46122,FAURA
10,10 Comunitat Valenciana,46,Valencia/València,46123,FAVARA
10,10 Comunitat Valenciana,46,Valencia/València,46126,FOIOS
10,10 Comunitat Valenciana,46,Valencia/València,46128,FONT DE LA FIGUERA (LA)
10,10 Comunitat Valenciana,46,Valencia/València,46127,FONT D'EN CARRÒS (LA)
10,10 Comunitat Valenciana,46,Valencia/València,46124,FONTANARS DELS ALFORINS
10,10 Comunitat Valenciana,46,Valencia/València,46125,FORTALENY
10,10 Comunitat Valenciana,46,Valencia/València,46129,FUENTERROBLES
10,10 Comunitat Valenciana,46,Valencia/València,46131,GANDIA
10,10 Comunitat Valenciana,46,Valencia/València,46902,GÁTOVA
10,10 Comunitat Valenciana,46,Valencia/València,46130,GAVARDA
10,10 Comunitat Valenciana,46,Valencia/València,46132,GENOVÉS (EL)
10,10 Comunitat Valenciana,46,Valencia/València,46133,GESTALGAR
10,10 Comunitat Valenciana,46,Valencia/València,46134,GILET
10,10 Comunitat Valenciana,46,Valencia/València,46135,GODELLA
10,10 Comunitat Valenciana,46,Valencia/València,46136,GODELLETA
10,10 Comunitat Valenciana,46,Valencia/València,46137,GRANJA DE LA COSTERA (LA)
10,10 Comunitat Valenciana,46,Valencia/València,46138,GUADASSÉQUIES
10,10 Comunitat Valenciana,46,Valencia/València,46139,GUADASSUAR
10,10 Comunitat Valenciana,46,Valencia/València,46140,GUARDAMAR DE LA SAFOR
10,10 Comunitat Valenciana,46,Valencia/València,46141,HIGUERUELAS
10,10 Comunitat Valenciana,46,Valencia/València,46142,JALANCE
10,10 Comunitat Valenciana,46,Valencia/València,46144,JARAFUEL
10,10 Comunitat Valenciana,46,Valencia/València,46154,LLANERA DE RANES
10,10 Comunitat Valenciana,46,Valencia/València,46155,LLAURÍ
10,10 Comunitat Valenciana,46,Valencia/València,46147,LLÍRIA
10,10 Comunitat Valenciana,46,Valencia/València,46152,LLOCNOU DE LA CORONA
10,10 Comunitat Valenciana,46,Valencia/València,46153,LLOCNOU DE SANT JERONI
10,10 Comunitat Valenciana,46,Valencia/València,46151,LLOCNOU D'EN FENOLLET
10,10 Comunitat Valenciana,46,Valencia/València,46156,LLOMBAI
10,10 Comunitat Valenciana,46,Valencia/València,46157,LLOSA DE RANES (LA)
10,10 Comunitat Valenciana,46,Valencia/València,46150,LLUTXENT
10,10 Comunitat Valenciana,46,Valencia/València,46148,LORIGUILLA
10,10 Comunitat Valenciana,46,Valencia/València,46149,LOSA DEL OBISPO
10,10 Comunitat Valenciana,46,Valencia/València,46158,MACASTRE
10,10 Comunitat Valenciana,46,Valencia/València,46159,MANISES
10,10 Comunitat Valenciana,46,Valencia/València,46160,MANUEL
10,10 Comunitat Valenciana,46,Valencia/València,46161,MARINES
10,10 Comunitat Valenciana,46,Valencia/València,46162,MASSALAVÉS
10,10 Comunitat Valenciana,46,Valencia/València,46163,MASSALFASSAR
10,10 Comunitat Valenciana,46,Valencia/València,46164,MASSAMAGRELL
10,10 Comunitat Valenciana,46,Valencia/València,46165,MASSANASSA
10,10 Comunitat Valenciana,46,Valencia/València,46166,MELIANA
10,10 Comunitat Valenciana,46,Valencia/València,46167,MILLARES
10,10 Comunitat Valenciana,46,Valencia/València,46168,MIRAMAR
10,10 Comunitat Valenciana,46,Valencia/València,46169,MISLATA
10,10 Comunitat Valenciana,46,Valencia/València,46170,MOIXENT/MOGENTE
10,10 Comunitat Valenciana,46,Valencia/València,46171,MONCADA
10,10 Comunitat Valenciana,46,Valencia/València,46173,MONTAVERNER
10,10 Comunitat Valenciana,46,Valencia/València,46174,MONTESA
10,10 Comunitat Valenciana,46,Valencia/València,46175,MONTITXELVO/MONTICHELVO
10,10 Comunitat Valenciana,46,Valencia/València,46176,MONTROI/MONTROY
10,10 Comunitat Valenciana,46,Valencia/València,46172,MONTSERRAT
10,10 Comunitat Valenciana,46,Valencia/València,46177,MUSEROS
10,10 Comunitat Valenciana,46,Valencia/València,46178,NÀQUERA/NÁQUERA
10,10 Comunitat Valenciana,46,Valencia/València,46179,NAVARRÉS
10,10 Comunitat Valenciana,46,Valencia/València,46180,NOVETLÈ/NOVELÉ
10,10 Comunitat Valenciana,46,Valencia/València,46181,OLIVA
10,10 Comunitat Valenciana,46,Valencia/València,46183,OLLERIA (L')
10,10 Comunitat Valenciana,46,Valencia/València,46182,OLOCAU
10,10 Comunitat Valenciana,46,Valencia/València,46184,ONTINYENT
10,10 Comunitat Valenciana,46,Valencia/València,46185,OTOS
10,10 Comunitat Valenciana,46,Valencia/València,46186,PAIPORTA
10,10 Comunitat Valenciana,46,Valencia/València,46187,PALMA DE GANDÍA
10,10 Comunitat Valenciana,46,Valencia/València,46188,PALMERA
10,10 Comunitat Valenciana,46,Valencia/València,46189,PALOMAR (EL)
10,10 Comunitat Valenciana,46,Valencia/València,46190,PATERNA
10,10 Comunitat Valenciana,46,Valencia/València,46191,PEDRALBA
10,10 Comunitat Valenciana,46,Valencia/València,46192,PETRÉS
10,10 Comunitat Valenciana,46,Valencia/València,46193,PICANYA
10,10 Comunitat Valenciana,46,Valencia/València,46194,PICASSENT
10,10 Comunitat Valenciana,46,Valencia/València,46195,PILES
10,10 Comunitat Valenciana,46,Valencia/València,46196,PINET
10,10 Comunitat Valenciana,46,Valencia/València,46199,POBLA DE FARNALS (LA)
10,10 Comunitat Valenciana,46,Valencia/València,46202,POBLA DE VALLBONA (LA)
10,10 Comunitat Valenciana,46,Valencia/València,46200,POBLA DEL DUC (LA)
10,10 Comunitat Valenciana,46,Valencia/València,46203,POBLA LLARGA (LA)
10,10 Comunitat Valenciana,46,Valencia/València,46197,POLINYÀ DE XÚQUER
10,10 Comunitat Valenciana,46,Valencia/València,46198,POTRIES
10,10 Comunitat Valenciana,46,Valencia/València,46205,PUÇOL
10,10 Comunitat Valenciana,46,Valencia/València,46201,PUEBLA DE SAN MIGUEL
10,10 Comunitat Valenciana,46,Valencia/València,46204,PUIG DE SANTA MARIA (EL)
10,10 Comunitat Valenciana,46,Valencia/València,46101,QUART DE LES VALLS
10,10 Comunitat Valenciana,46,Valencia/València,46102,QUART DE POBLET
10,10 Comunitat Valenciana,46,Valencia/València,46103,QUARTELL
10,10 Comunitat Valenciana,46,Valencia/València,46104,QUATRETONDA
10,10 Comunitat Valenciana,46,Valencia/València,46206,QUESA
10,10 Comunitat Valenciana,46,Valencia/València,46207,RAFELBUNYOL
10,10 Comunitat Valenciana,46,Valencia/València,46208,RAFELCOFER
10,10 Comunitat Valenciana,46,Valencia/València,46209,RAFELGUARAF
10,10 Comunitat Valenciana,46,Valencia/València,46210,RÁFOL DE SALEM
10,10 Comunitat Valenciana,46,Valencia/València,46212,REAL
10,10 Comunitat Valenciana,46,Valencia/València,46211,REAL DE GANDIA (EL)
10,10 Comunitat Valenciana,46,Valencia/València,46213,REQUENA
10,10 Comunitat Valenciana,46,Valencia/València,46214,RIBA-ROJA DE TÚRIA
10,10 Comunitat Valenciana,46,Valencia/València,46215,RIOLA
10,10 Comunitat Valenciana,46,Valencia/València,46216,ROCAFORT
10,10 Comunitat Valenciana,46,Valencia/València,46217,ROTGLÀ I CORBERÀ
10,10 Comunitat Valenciana,46,Valencia/València,46218,RÒTOVA
10,10 Comunitat Valenciana,46,Valencia/València,46219,RUGAT
10,10 Comunitat Valenciana,46,Valencia/València,46220,SAGUNT/SAGUNTO
10,10 Comunitat Valenciana,46,Valencia/València,46221,SALEM
10,10 Comunitat Valenciana,46,Valencia/València,46903,SAN ANTONIO DE BENAGÉBER
10,10 Comunitat Valenciana,46,Valencia/València,46222,SANT JOANET
10,10 Comunitat Valenciana,46,Valencia/València,46223,SEDAVÍ
10,10 Comunitat Valenciana,46,Valencia/València,46224,SEGART
10,10 Comunitat Valenciana,46,Valencia/València,46225,SELLENT
10,10 Comunitat Valenciana,46,Valencia/València,46226,SEMPERE
10,10 Comunitat Valenciana,46,Valencia/València,46227,SENYERA
10,10 Comunitat Valenciana,46,Valencia/València,46228,SERRA
10,10 Comunitat Valenciana,46,Valencia/València,46229,SIETE AGUAS
10,10 Comunitat Valenciana,46,Valencia/València,46230,SILLA
10,10 Comunitat Valenciana,46,Valencia/València,46231,SIMAT DE LA VALLDIGNA
10,10 Comunitat Valenciana,46,Valencia/València,46232,SINARCAS
10,10 Comunitat Valenciana,46,Valencia/València,46233,SOLLANA
10,10 Comunitat Valenciana,46,Valencia/València,46234,SOT DE CHERA
10,10 Comunitat Valenciana,46,Valencia/València,46235,SUECA
10,10 Comunitat Valenciana,46,Valencia/València,46236,SUMACÀRCER
10,10 Comunitat Valenciana,46,Valencia/València,46237,TAVERNES BLANQUES
10,10 Comunitat Valenciana,46,Valencia/València,46238,TAVERNES DE LA VALLDIGNA
10,10 Comunitat Valenciana,46,Valencia/València,46239,TERESA DE COFRENTES
10,10 Comunitat Valenciana,46,Valencia/València,46240,TERRATEIG
10,10 Comunitat Valenciana,46,Valencia/València,46241,TITAGUAS
10,10 Comunitat Valenciana,46,Valencia/València,46242,TORREBAJA
10,10 Comunitat Valenciana,46,Valencia/València,46243,TORRELLA
10,10 Comunitat Valenciana,46,Valencia/València,46244,TORRENT
10,10 Comunitat Valenciana,46,Valencia/València,46245,TORRES TORRES
10,10 Comunitat Valenciana,46,Valencia/València,46246,TOUS
10,10 Comunitat Valenciana,46,Valencia/València,46247,TUÉJAR
10,10 Comunitat Valenciana,46,Valencia/València,46248,TURÍS
10,10 Comunitat Valenciana,46,Valencia/València,46249,UTIEL
10,10 Comunitat Valenciana,46,Valencia/València,46250,VALÈNCIA
10,10 Comunitat Valenciana,46,Valencia/València,46251,VALLADA
10,10 Comunitat Valenciana,46,Valencia/València,46252,VALLANCA
10,10 Comunitat Valenciana,46,Valencia/València,46253,VALLÉS
10,10 Comunitat Valenciana,46,Valencia/València,46254,VENTA DEL MORO
10,10 Comunitat Valenciana,46,Valencia/València,46255,VILALLONGA/VILLALONGA
10,10 Comunitat Valenciana,46,Valencia/València,46256,VILAMARXANT
10,10 Comunitat Valenciana,46,Valencia/València,46258,VILLAR DEL ARZOBISPO
10,10 Comunitat Valenciana,46,Valencia/València,46259,VILLARGORDO DEL CABRIEL
10,10 Comunitat Valenciana,46,Valencia/València,46260,VINALESA
10,10 Comunitat Valenciana,46,Valencia/València,46145,XÀTIVA
10,10 Comunitat Valenciana,46,Valencia/València,46143,XERACO
10,10 Comunitat Valenciana,46,Valencia/València,46146,XERESA
10,10 Comunitat Valenciana,46,Valencia/València,46110,XIRIVELLA
10,10 Comunitat Valenciana,46,Valencia/València,46261,YÁTOVA
10,10 Comunitat Valenciana,46,Valencia/València,46262,YESA (LA)
10,10 Comunitat Valenciana,46,Valencia/València,46263,ZARRA
11,11 Extremadura,6,Badajoz,6001,ACEDERA
11,11 Extremadura,6,Badajoz,6002,ACEUCHAL
11,11 Extremadura,6,Badajoz,6003,AHILLONES
11,11 Extremadura,6,Badajoz,6004,ALANGE
11,11 Extremadura,6,Badajoz,6005,ALBUERA (LA)
11,11 Extremadura,6,Badajoz,6006,ALBURQUERQUE
11,11 Extremadura,6,Badajoz,6007,ALCONCHEL
11,11 Extremadura,6,Badajoz,6008,ALCONERA
11,11 Extremadura,6,Badajoz,6009,ALJUCÉN
11,11 Extremadura,6,Badajoz,6010,ALMENDRAL
11,11 Extremadura,6,Badajoz,6011,ALMENDRALEJO
11,11 Extremadura,6,Badajoz,6012,ARROYO DE SAN SERVÁN
11,11 Extremadura,6,Badajoz,6013,ATALAYA
11,11 Extremadura,6,Badajoz,6014,AZUAGA
11,11 Extremadura,6,Badajoz,6015,BADAJOZ
11,11 Extremadura,6,Badajoz,6016,BARCARROTA
11,11 Extremadura,6,Badajoz,6017,BATERNO
11,11 Extremadura,6,Badajoz,6018,BENQUERENCIA DE LA SERENA
11,11 Extremadura,6,Badajoz,6019,BERLANGA
11,11 Extremadura,6,Badajoz,6020,BIENVENIDA
11,11 Extremadura,6,Badajoz,6021,BODONAL DE LA SIERRA
11,11 Extremadura,6,Badajoz,6022,BURGUILLOS DEL CERRO
11,11 Extremadura,6,Badajoz,6023,CABEZA DEL BUEY
11,11 Extremadura,6,Badajoz,6024,CABEZA LA VACA
11,11 Extremadura,6,Badajoz,6025,CALAMONTE
11,11 Extremadura,6,Badajoz,6026,CALERA DE LEÓN
11,11 Extremadura,6,Badajoz,6027,CALZADILLA DE LOS BARROS
11,11 Extremadura,6,Badajoz,6028,CAMPANARIO
11,11 Extremadura,6,Badajoz,6029,CAMPILLO DE LLERENA
11,11 Extremadura,6,Badajoz,6030,CAPILLA
11,11 Extremadura,6,Badajoz,6031,CARMONITA
11,11 Extremadura,6,Badajoz,6032,CARRASCALEJO (EL)
11,11 Extremadura,6,Badajoz,6033,CASAS DE DON PEDRO
11,11 Extremadura,6,Badajoz,6034,CASAS DE REINA
11,11 Extremadura,6,Badajoz,6035,CASTILBLANCO
11,11 Extremadura,6,Badajoz,6036,CASTUERA
11,11 Extremadura,6,Badajoz,6042,CHELES
11,11 Extremadura,6,Badajoz,6037,CODOSERA (LA)
11,11 Extremadura,6,Badajoz,6038,CORDOBILLA DE LÁCARA
11,11 Extremadura,6,Badajoz,6039,CORONADA (LA)
11,11 Extremadura,6,Badajoz,6040,CORTE DE PELEAS
11,11 Extremadura,6,Badajoz,6041,CRISTINA
11,11 Extremadura,6,Badajoz,6043,DON ÁLVARO
11,11 Extremadura,6,Badajoz,6044,DON BENITO
11,11 Extremadura,6,Badajoz,6045,ENTRÍN BAJO
11,11 Extremadura,6,Badajoz,6046,ESPARRAGALEJO
11,11 Extremadura,6,Badajoz,6047,ESPARRAGOSA DE LA SERENA
11,11 Extremadura,6,Badajoz,6048,ESPARRAGOSA DE LARES
11,11 Extremadura,6,Badajoz,6049,FERIA
11,11 Extremadura,6,Badajoz,6050,FREGENAL DE LA SIERRA
11,11 Extremadura,6,Badajoz,6051,FUENLABRADA DE LOS MONTES
11,11 Extremadura,6,Badajoz,6052,FUENTE DE CANTOS
11,11 Extremadura,6,Badajoz,6053,FUENTE DEL ARCO
11,11 Extremadura,6,Badajoz,6054,FUENTE DEL MAESTRE
11,11 Extremadura,6,Badajoz,6055,FUENTES DE LEÓN
11,11 Extremadura,6,Badajoz,6056,GARBAYUELA
11,11 Extremadura,6,Badajoz,6057,GARLITOS
11,11 Extremadura,6,Badajoz,6058,GARROVILLA (LA)
11,11 Extremadura,6,Badajoz,6059,GRANJA DE TORREHERMOSA
11,11 Extremadura,6,Badajoz,6903,GUADIANA
11,11 Extremadura,6,Badajoz,6060,GUAREÑA
11,11 Extremadura,6,Badajoz,6061,HABA (LA)
11,11 Extremadura,6,Badajoz,6062,HELECHOSA DE LOS MONTES
11,11 Extremadura,6,Badajoz,6063,HERRERA DEL DUQUE
11,11 Extremadura,6,Badajoz,6064,HIGUERA DE LA SERENA
11,11 Extremadura,6,Badajoz,6065,HIGUERA DE LLERENA
11,11 Extremadura,6,Badajoz,6066,HIGUERA DE VARGAS
11,11 Extremadura,6,Badajoz,6067,HIGUERA LA REAL
11,11 Extremadura,6,Badajoz,6068,HINOJOSA DEL VALLE
11,11 Extremadura,6,Badajoz,6069,HORNACHOS
11,11 Extremadura,6,Badajoz,6070,JEREZ DE LOS CABALLEROS
11,11 Extremadura,6,Badajoz,6071,LAPA (LA)
11,11 Extremadura,6,Badajoz,6073,LLERA
11,11 Extremadura,6,Badajoz,6074,LLERENA
11,11 Extremadura,6,Badajoz,6072,LOBÓN
11,11 Extremadura,6,Badajoz,6075,MAGACELA
11,11 Extremadura,6,Badajoz,6076,MAGUILLA
11,11 Extremadura,6,Badajoz,6077,MALCOCINADO
11,11 Extremadura,6,Badajoz,6078,MALPARTIDA DE LA SERENA
11,11 Extremadura,6,Badajoz,6079,MANCHITA
11,11 Extremadura,6,Badajoz,6080,MEDELLÍN
11,11 Extremadura,6,Badajoz,6081,MEDINA DE LAS TORRES
11,11 Extremadura,6,Badajoz,6082,MENGABRIL
11,11 Extremadura,6,Badajoz,6083,MÉRIDA
11,11 Extremadura,6,Badajoz,6084,MIRANDILLA
11,11 Extremadura,6,Badajoz,6085,MONESTERIO
11,11 Extremadura,6,Badajoz,6086,MONTEMOLÍN
11,11 Extremadura,6,Badajoz,6087,MONTERRUBIO DE LA SERENA
11,11 Extremadura,6,Badajoz,6088,MONTIJO
11,11 Extremadura,6,Badajoz,6089,MORERA (LA)
11,11 Extremadura,6,Badajoz,6090,NAVA DE SANTIAGO (LA)
11,11 Extremadura,6,Badajoz,6091,NAVALVILLAR DE PELA
11,11 Extremadura,6,Badajoz,6092,NOGALES
11,11 Extremadura,6,Badajoz,6093,OLIVA DE LA FRONTERA
11,11 Extremadura,6,Badajoz,6094,OLIVA DE MÉRIDA
11,11 Extremadura,6,Badajoz,6095,OLIVENZA
11,11 Extremadura,6,Badajoz,6096,ORELLANA DE LA SIERRA
11,11 Extremadura,6,Badajoz,6097,ORELLANA LA VIEJA
11,11 Extremadura,6,Badajoz,6098,PALOMAS
11,11 Extremadura,6,Badajoz,6099,PARRA (LA)
11,11 Extremadura,6,Badajoz,6100,PEÑALSORDO
11,11 Extremadura,6,Badajoz,6101,PERALEDA DEL ZAUCEJO
11,11 Extremadura,6,Badajoz,6102,PUEBLA DE ALCOCER
11,11 Extremadura,6,Badajoz,6103,PUEBLA DE LA CALZADA
11,11 Extremadura,6,Badajoz,6104,PUEBLA DE LA REINA
11,11 Extremadura,6,Badajoz,6107,PUEBLA DE OBANDO
11,11 Extremadura,6,Badajoz,6108,PUEBLA DE SANCHO PÉREZ
11,11 Extremadura,6,Badajoz,6105,PUEBLA DEL MAESTRE
11,11 Extremadura,6,Badajoz,6106,PUEBLA DEL PRIOR
11,11 Extremadura,6,Badajoz,6902,PUEBLONUEVO DEL GUADIANA
11,11 Extremadura,6,Badajoz,6109,QUINTANA DE LA SERENA
11,11 Extremadura,6,Badajoz,6110,REINA
11,11 Extremadura,6,Badajoz,6111,RENA
11,11 Extremadura,6,Badajoz,6112,RETAMAL DE LLERENA
11,11 Extremadura,6,Badajoz,6113,RIBERA DEL FRESNO
11,11 Extremadura,6,Badajoz,6114,RISCO
11,11 Extremadura,6,Badajoz,6115,ROCA DE LA SIERRA (LA)
11,11 Extremadura,6,Badajoz,6116,SALVALEÓN
11,11 Extremadura,6,Badajoz,6117,SALVATIERRA DE LOS BARROS
11,11 Extremadura,6,Badajoz,6119,SAN PEDRO DE MÉRIDA
11,11 Extremadura,6,Badajoz,6123,SAN VICENTE DE ALCÁNTARA
11,11 Extremadura,6,Badajoz,6118,SANCTI-SPÍRITUS
11,11 Extremadura,6,Badajoz,6120,SANTA AMALIA
11,11 Extremadura,6,Badajoz,6121,SANTA MARTA
11,11 Extremadura,6,Badajoz,6122,SANTOS DE MAIMONA (LOS)
11,11 Extremadura,6,Badajoz,6124,SEGURA DE LEÓN
11,11 Extremadura,6,Badajoz,6125,SIRUELA
11,11 Extremadura,6,Badajoz,6126,SOLANA DE LOS BARROS
11,11 Extremadura,6,Badajoz,6127,TALARRUBIAS
11,11 Extremadura,6,Badajoz,6128,TALAVERA LA REAL
11,11 Extremadura,6,Badajoz,6129,TÁLIGA
11,11 Extremadura,6,Badajoz,6130,TAMUREJO
11,11 Extremadura,6,Badajoz,6131,TORRE DE MIGUEL SESMERO
11,11 Extremadura,6,Badajoz,6132,TORREMAYOR
11,11 Extremadura,6,Badajoz,6133,TORREMEJÍA
11,11 Extremadura,6,Badajoz,6134,TRASIERRA
11,11 Extremadura,6,Badajoz,6135,TRUJILLANOS
11,11 Extremadura,6,Badajoz,6136,USAGRE
11,11 Extremadura,6,Badajoz,6137,VALDECABALLEROS
11,11 Extremadura,6,Badajoz,6901,VALDELACALZADA
11,11 Extremadura,6,Badajoz,6138,VALDETORRES
11,11 Extremadura,6,Badajoz,6139,VALENCIA DE LAS TORRES
11,11 Extremadura,6,Badajoz,6140,VALENCIA DEL MOMBUEY
11,11 Extremadura,6,Badajoz,6141,VALENCIA DEL VENTOSO
11,11 Extremadura,6,Badajoz,6146,VALLE DE LA SERENA
11,11 Extremadura,6,Badajoz,6147,VALLE DE MATAMOROS
11,11 Extremadura,6,Badajoz,6148,VALLE DE SANTA ANA
11,11 Extremadura,6,Badajoz,6142,VALVERDE DE BURGUILLOS
11,11 Extremadura,6,Badajoz,6143,VALVERDE DE LEGANÉS
11,11 Extremadura,6,Badajoz,6144,VALVERDE DE LLERENA
11,11 Extremadura,6,Badajoz,6145,VALVERDE DE MÉRIDA
11,11 Extremadura,6,Badajoz,6149,VILLAFRANCA DE LOS BARROS
11,11 Extremadura,6,Badajoz,6150,VILLAGARCÍA DE LA TORRE
11,11 Extremadura,6,Badajoz,6151,VILLAGONZALO
11,11 Extremadura,6,Badajoz,6152,VILLALBA DE LOS BARROS
11,11 Extremadura,6,Badajoz,6153,VILLANUEVA DE LA SERENA
11,11 Extremadura,6,Badajoz,6154,VILLANUEVA DEL FRESNO
11,11 Extremadura,6,Badajoz,6156,VILLAR DE RENA
11,11 Extremadura,6,Badajoz,6155,VILLAR DEL REY
11,11 Extremadura,6,Badajoz,6157,VILLARTA DE LOS MONTES
11,11 Extremadura,6,Badajoz,6158,ZAFRA
11,11 Extremadura,6,Badajoz,6159,ZAHÍNOS
11,11 Extremadura,6,Badajoz,6160,ZALAMEA DE LA SERENA
11,11 Extremadura,6,Badajoz,6162,ZARZA (LA)
11,11 Extremadura,6,Badajoz,6161,ZARZA-CAPILLA
11,11 Extremadura,10,Cáceres,10001,ABADÍA
11,11 Extremadura,10,Cáceres,10002,ABERTURA
11,11 Extremadura,10,Cáceres,10003,ACEBO
11,11 Extremadura,10,Cáceres,10004,ACEHÚCHE
11,11 Extremadura,10,Cáceres,10005,ACEITUNA
11,11 Extremadura,10,Cáceres,10006,AHIGAL
11,11 Extremadura,10,Cáceres,10903,ALAGÓN DEL RÍO
11,11 Extremadura,10,Cáceres,10007,ALBALÁ
11,11 Extremadura,10,Cáceres,10008,ALCÁNTARA
11,11 Extremadura,10,Cáceres,10009,ALCOLLARÍN
11,11 Extremadura,10,Cáceres,10010,ALCUÉSCAR
11,11 Extremadura,10,Cáceres,10012,ALDEA DEL CANO
11,11 Extremadura,10,Cáceres,10013,ALDEA DEL OBISPO (LA)
11,11 Extremadura,10,Cáceres,10011,ALDEACENTENERA
11,11 Extremadura,10,Cáceres,10014,ALDEANUEVA DE LA VERA
11,11 Extremadura,10,Cáceres,10015,ALDEANUEVA DEL CAMINO
11,11 Extremadura,10,Cáceres,10016,ALDEHUELA DE JERTE
11,11 Extremadura,10,Cáceres,10017,ALÍA
11,11 Extremadura,10,Cáceres,10018,ALISEDA
11,11 Extremadura,10,Cáceres,10019,ALMARAZ
11,11 Extremadura,10,Cáceres,10020,ALMOHARÍN
11,11 Extremadura,10,Cáceres,10021,ARROYO DE LA LUZ
11,11 Extremadura,10,Cáceres,10023,ARROYOMOLINOS
11,11 Extremadura,10,Cáceres,10022,ARROYOMOLINOS DE LA VERA
11,11 Extremadura,10,Cáceres,10024,BAÑOS DE MONTEMAYOR
11,11 Extremadura,10,Cáceres,10025,BARRADO
11,11 Extremadura,10,Cáceres,10026,BELVÍS DE MONROY
11,11 Extremadura,10,Cáceres,10027,BENQUERENCIA
11,11 Extremadura,10,Cáceres,10028,BERROCALEJO
11,11 Extremadura,10,Cáceres,10029,BERZOCANA
11,11 Extremadura,10,Cáceres,10030,BOHONAL DE IBOR
11,11 Extremadura,10,Cáceres,10031,BOTIJA
11,11 Extremadura,10,Cáceres,10032,BROZAS
11,11 Extremadura,10,Cáceres,10033,CABAÑAS DEL CASTILLO
11,11 Extremadura,10,Cáceres,10034,CABEZABELLOSA
11,11 Extremadura,10,Cáceres,10035,CABEZUELA DEL VALLE
11,11 Extremadura,10,Cáceres,10036,CABRERO
11,11 Extremadura,10,Cáceres,10037,CÁCERES
11,11 Extremadura,10,Cáceres,10038,CACHORRILLA
11,11 Extremadura,10,Cáceres,10039,CADALSO
11,11 Extremadura,10,Cáceres,10040,CALZADILLA
11,11 Extremadura,10,Cáceres,10041,CAMINOMORISCO
11,11 Extremadura,10,Cáceres,10042,CAMPILLO DE DELEITOSA
11,11 Extremadura,10,Cáceres,10043,CAMPO LUGAR
11,11 Extremadura,10,Cáceres,10044,CAÑAMERO
11,11 Extremadura,10,Cáceres,10045,CAÑAVERAL
11,11 Extremadura,10,Cáceres,10046,CARBAJO
11,11 Extremadura,10,Cáceres,10047,CARCABOSO
11,11 Extremadura,10,Cáceres,10048,CARRASCALEJO
11,11 Extremadura,10,Cáceres,10049,CASAR DE CÁCERES
11,11 Extremadura,10,Cáceres,10050,CASAR DE PALOMERO
11,11 Extremadura,10,Cáceres,10051,CASARES DE LAS HURDES
11,11 Extremadura,10,Cáceres,10052,CASAS DE DON ANTONIO
11,11 Extremadura,10,Cáceres,10053,CASAS DE DON GÓMEZ
11,11 Extremadura,10,Cáceres,10056,CASAS DE MILLÁN
11,11 Extremadura,10,Cáceres,10057,CASAS DE MIRAVETE
11,11 Extremadura,10,Cáceres,10054,CASAS DEL CASTAÑAR
11,11 Extremadura,10,Cáceres,10055,CASAS DEL MONTE
11,11 Extremadura,10,Cáceres,10058,CASATEJADA
11,11 Extremadura,10,Cáceres,10059,CASILLAS DE CORIA
11,11 Extremadura,10,Cáceres,10060,CASTAÑAR DE IBOR
11,11 Extremadura,10,Cáceres,10061,CECLAVÍN
11,11 Extremadura,10,Cáceres,10062,CEDILLO
11,11 Extremadura,10,Cáceres,10063,CEREZO
11,11 Extremadura,10,Cáceres,10064,CILLEROS
11,11 Extremadura,10,Cáceres,10065,COLLADO DE LA VERA
11,11 Extremadura,10,Cáceres,10066,CONQUISTA DE LA SIERRA
11,11 Extremadura,10,Cáceres,10067,CORIA
11,11 Extremadura,10,Cáceres,10068,CUACOS DE YUSTE
11,11 Extremadura,10,Cáceres,10069,CUMBRE (LA)
11,11 Extremadura,10,Cáceres,10070,DELEITOSA
11,11 Extremadura,10,Cáceres,10071,DESCARGAMARÍA
11,11 Extremadura,10,Cáceres,10072,ELJAS
11,11 Extremadura,10,Cáceres,10073,ESCURIAL
11,11 Extremadura,10,Cáceres,10075,FRESNEDOSO DE IBOR
11,11 Extremadura,10,Cáceres,10076,GALISTEO
11,11 Extremadura,10,Cáceres,10077,GARCIAZ
11,11 Extremadura,10,Cáceres,10078,GARGANTA (LA)
11,11 Extremadura,10,Cáceres,10079,GARGANTA LA OLLA
11,11 Extremadura,10,Cáceres,10080,GARGANTILLA
11,11 Extremadura,10,Cáceres,10081,GARGÜERA
11,11 Extremadura,10,Cáceres,10082,GARROVILLAS DE ALCONÉTAR
11,11 Extremadura,10,Cáceres,10083,GARVÍN
11,11 Extremadura,10,Cáceres,10084,GATA
11,11 Extremadura,10,Cáceres,10085,GORDO (EL)
11,11 Extremadura,10,Cáceres,10086,GRANJA (LA)
11,11 Extremadura,10,Cáceres,10087,GUADALUPE
11,11 Extremadura,10,Cáceres,10088,GUIJO DE CORIA
11,11 Extremadura,10,Cáceres,10089,GUIJO DE GALISTEO
11,11 Extremadura,10,Cáceres,10090,GUIJO DE GRANADILLA
11,11 Extremadura,10,Cáceres,10091,GUIJO DE SANTA BÁRBARA
11,11 Extremadura,10,Cáceres,10092,HERGUIJUELA
11,11 Extremadura,10,Cáceres,10093,HERNÁN-PÉREZ
11,11 Extremadura,10,Cáceres,10094,HERRERA DE ALCÁNTARA
11,11 Extremadura,10,Cáceres,10095,HERRERUELA
11,11 Extremadura,10,Cáceres,10096,HERVÁS
11,11 Extremadura,10,Cáceres,10097,HIGUERA DE ALBALAT
11,11 Extremadura,10,Cáceres,10098,HINOJAL
11,11 Extremadura,10,Cáceres,10099,HOLGUERA
11,11 Extremadura,10,Cáceres,10100,HOYOS
11,11 Extremadura,10,Cáceres,10101,HUÉLAGA
11,11 Extremadura,10,Cáceres,10102,IBAHERNANDO
11,11 Extremadura,10,Cáceres,10103,JARAICEJO
11,11 Extremadura,10,Cáceres,10104,JARAÍZ DE LA VERA
11,11 Extremadura,10,Cáceres,10105,JARANDILLA DE LA VERA
11,11 Extremadura,10,Cáceres,10106,JARILLA
11,11 Extremadura,10,Cáceres,10107,JERTE
11,11 Extremadura,10,Cáceres,10108,LADRILLAR
11,11 Extremadura,10,Cáceres,10109,LOGROSÁN
11,11 Extremadura,10,Cáceres,10110,LOSAR DE LA VERA
11,11 Extremadura,10,Cáceres,10111,MADRIGAL DE LA VERA
11,11 Extremadura,10,Cáceres,10112,MADRIGALEJO
11,11 Extremadura,10,Cáceres,10113,MADROÑERA
11,11 Extremadura,10,Cáceres,10114,MAJADAS
11,11 Extremadura,10,Cáceres,10115,MALPARTIDA DE CÁCERES
11,11 Extremadura,10,Cáceres,10116,MALPARTIDA DE PLASENCIA
11,11 Extremadura,10,Cáceres,10117,MARCHAGAZ
11,11 Extremadura,10,Cáceres,10118,MATA DE ALCÁNTARA
11,11 Extremadura,10,Cáceres,10119,MEMBRÍO
11,11 Extremadura,10,Cáceres,10120,MESAS DE IBOR
11,11 Extremadura,10,Cáceres,10121,MIAJADAS
11,11 Extremadura,10,Cáceres,10122,MILLANES
11,11 Extremadura,10,Cáceres,10123,MIRABEL
11,11 Extremadura,10,Cáceres,10124,MOHEDAS DE GRANADILLA
11,11 Extremadura,10,Cáceres,10125,MONROY
11,11 Extremadura,10,Cáceres,10126,MONTÁNCHEZ
11,11 Extremadura,10,Cáceres,10127,MONTEHERMOSO
11,11 Extremadura,10,Cáceres,10128,MORALEJA
11,11 Extremadura,10,Cáceres,10129,MORCILLO
11,11 Extremadura,10,Cáceres,10130,NAVACONCEJO
11,11 Extremadura,10,Cáceres,10131,NAVALMORAL DE LA MATA
11,11 Extremadura,10,Cáceres,10132,NAVALVILLAR DE IBOR
11,11 Extremadura,10,Cáceres,10133,NAVAS DEL MADROÑO
11,11 Extremadura,10,Cáceres,10134,NAVEZUELAS
11,11 Extremadura,10,Cáceres,10135,NUÑOMORAL
11,11 Extremadura,10,Cáceres,10136,OLIVA DE PLASENCIA
11,11 Extremadura,10,Cáceres,10137,PALOMERO
11,11 Extremadura,10,Cáceres,10138,PASARÓN DE LA VERA
11,11 Extremadura,10,Cáceres,10139,PEDROSO DE ACIM
11,11 Extremadura,10,Cáceres,10140,PERALEDA DE LA MATA
11,11 Extremadura,10,Cáceres,10141,PERALEDA DE SAN ROMÁN
11,11 Extremadura,10,Cáceres,10142,PERALES DEL PUERTO
11,11 Extremadura,10,Cáceres,10143,PESCUEZA
11,11 Extremadura,10,Cáceres,10144,PESGA (LA)
11,11 Extremadura,10,Cáceres,10145,PIEDRAS ALBAS
11,11 Extremadura,10,Cáceres,10146,PINOFRANQUEADO
11,11 Extremadura,10,Cáceres,10147,PIORNAL
11,11 Extremadura,10,Cáceres,10148,PLASENCIA
11,11 Extremadura,10,Cáceres,10149,PLASENZUELA
11,11 Extremadura,10,Cáceres,10150,PORTAJE
11,11 Extremadura,10,Cáceres,10151,PORTEZUELO
11,11 Extremadura,10,Cáceres,10152,POZUELO DE ZARZÓN
11,11 Extremadura,10,Cáceres,10905,PUEBLONUEVO DE MIRAMONTES
11,11 Extremadura,10,Cáceres,10153,PUERTO DE SANTA CRUZ
11,11 Extremadura,10,Cáceres,10154,REBOLLAR
11,11 Extremadura,10,Cáceres,10155,RIOLOBOS
11,11 Extremadura,10,Cáceres,10156,ROBLEDILLO DE GATA
11,11 Extremadura,10,Cáceres,10157,ROBLEDILLO DE LA VERA
11,11 Extremadura,10,Cáceres,10158,ROBLEDILLO DE TRUJILLO
11,11 Extremadura,10,Cáceres,10159,ROBLEDOLLANO
11,11 Extremadura,10,Cáceres,10160,ROMANGORDO
11,11 Extremadura,10,Cáceres,10901,ROSALEJO
11,11 Extremadura,10,Cáceres,10161,RUANES
11,11 Extremadura,10,Cáceres,10162,SALORINO
11,11 Extremadura,10,Cáceres,10163,SALVATIERRA DE SANTIAGO
11,11 Extremadura,10,Cáceres,10164,SAN MARTÍN DE TREVEJO
11,11 Extremadura,10,Cáceres,10165,SANTA ANA
11,11 Extremadura,10,Cáceres,10166,SANTA CRUZ DE LA SIERRA
11,11 Extremadura,10,Cáceres,10167,SANTA CRUZ DE PANIAGUA
11,11 Extremadura,10,Cáceres,10168,SANTA MARTA DE MAGASCA
11,11 Extremadura,10,Cáceres,10169,SANTIAGO DE ALCÁNTARA
11,11 Extremadura,10,Cáceres,10170,SANTIAGO DEL CAMPO
11,11 Extremadura,10,Cáceres,10171,SANTIBÁÑEZ EL ALTO
11,11 Extremadura,10,Cáceres,10172,SANTIBÁÑEZ EL BAJO
11,11 Extremadura,10,Cáceres,10173,SAUCEDILLA
11,11 Extremadura,10,Cáceres,10174,SEGURA DE TORO
11,11 Extremadura,10,Cáceres,10175,SERRADILLA
11,11 Extremadura,10,Cáceres,10176,SERREJÓN
11,11 Extremadura,10,Cáceres,10177,SIERRA DE FUENTES
11,11 Extremadura,10,Cáceres,10178,TALAVÁN
11,11 Extremadura,10,Cáceres,10179,TALAVERUELA DE LA VERA
11,11 Extremadura,10,Cáceres,10180,TALAYUELA
11,11 Extremadura,10,Cáceres,10181,TEJEDA DE TIÉTAR
11,11 Extremadura,10,Cáceres,10904,TIÉTAR
11,11 Extremadura,10,Cáceres,10182,TORIL
11,11 Extremadura,10,Cáceres,10183,TORNAVACAS
11,11 Extremadura,10,Cáceres,10184,TORNO (EL)
11,11 Extremadura,10,Cáceres,10187,TORRE DE DON MIGUEL
11,11 Extremadura,10,Cáceres,10188,TORRE DE SANTA MARÍA
11,11 Extremadura,10,Cáceres,10185,TORRECILLA DE LOS ÁNGELES
11,11 Extremadura,10,Cáceres,10186,TORRECILLAS DE LA TIESA
11,11 Extremadura,10,Cáceres,10190,TORREJÓN EL RUBIO
11,11 Extremadura,10,Cáceres,10189,TORREJONCILLO
11,11 Extremadura,10,Cáceres,10191,TORREMENGA
11,11 Extremadura,10,Cáceres,10192,TORREMOCHA
11,11 Extremadura,10,Cáceres,10193,TORREORGAZ
11,11 Extremadura,10,Cáceres,10194,TORREQUEMADA
11,11 Extremadura,10,Cáceres,10195,TRUJILLO
11,11 Extremadura,10,Cáceres,10196,VALDASTILLAS
11,11 Extremadura,10,Cáceres,10197,VALDECAÑAS DE TAJO
11,11 Extremadura,10,Cáceres,10198,VALDEFUENTES
11,11 Extremadura,10,Cáceres,10199,VALDEHÚNCAR
11,11 Extremadura,10,Cáceres,10200,VALDELACASA DE TAJO
11,11 Extremadura,10,Cáceres,10201,VALDEMORALES
11,11 Extremadura,10,Cáceres,10202,VALDEOBISPO
11,11 Extremadura,10,Cáceres,10203,VALENCIA DE ALCÁNTARA
11,11 Extremadura,10,Cáceres,10204,VALVERDE DE LA VERA
11,11 Extremadura,10,Cáceres,10205,VALVERDE DEL FRESNO
11,11 Extremadura,10,Cáceres,10902,VEGAVIANA
11,11 Extremadura,10,Cáceres,10206,VIANDAR DE LA VERA
11,11 Extremadura,10,Cáceres,10207,VILLA DEL CAMPO
11,11 Extremadura,10,Cáceres,10208,VILLA DEL REY
11,11 Extremadura,10,Cáceres,10209,VILLAMESÍAS
11,11 Extremadura,10,Cáceres,10210,VILLAMIEL
11,11 Extremadura,10,Cáceres,10211,VILLANUEVA DE LA SIERRA
11,11 Extremadura,10,Cáceres,10212,VILLANUEVA DE LA VERA
11,11 Extremadura,10,Cáceres,10214,VILLAR DE PLASENCIA
11,11 Extremadura,10,Cáceres,10213,VILLAR DEL PEDROSO
11,11 Extremadura,10,Cáceres,10215,VILLASBUENAS DE GATA
11,11 Extremadura,10,Cáceres,10216,ZARZA DE GRANADILLA
11,11 Extremadura,10,Cáceres,10217,ZARZA DE MONTÁNCHEZ
11,11 Extremadura,10,Cáceres,10218,ZARZA LA MAYOR
11,11 Extremadura,10,Cáceres,10219,ZORITA
12,12 Galicia,15,Coruña (A),15001,ABEGONDO
12,12 Galicia,15,Coruña (A),15002,AMES
12,12 Galicia,15,Coruña (A),15003,ARANGA
12,12 Galicia,15,Coruña (A),15004,ARES
12,12 Galicia,15,Coruña (A),15005,ARTEIXO
12,12 Galicia,15,Coruña (A),15006,ARZÚA
12,12 Galicia,15,Coruña (A),15007,BAÑA (A)
12,12 Galicia,15,Coruña (A),15008,BERGONDO
12,12 Galicia,15,Coruña (A),15009,BETANZOS
12,12 Galicia,15,Coruña (A),15010,BOIMORTO
12,12 Galicia,15,Coruña (A),15011,BOIRO
12,12 Galicia,15,Coruña (A),15012,BOQUEIXÓN
12,12 Galicia,15,Coruña (A),15013,BRIÓN
12,12 Galicia,15,Coruña (A),15014,CABANA DE BERGANTIÑOS
12,12 Galicia,15,Coruña (A),15015,CABANAS
12,12 Galicia,15,Coruña (A),15016,CAMARIÑAS
12,12 Galicia,15,Coruña (A),15017,CAMBRE
12,12 Galicia,15,Coruña (A),15018,CAPELA (A)
12,12 Galicia,15,Coruña (A),15019,CARBALLO
12,12 Galicia,15,Coruña (A),15901,CARIÑO
12,12 Galicia,15,Coruña (A),15020,CARNOTA
12,12 Galicia,15,Coruña (A),15021,CARRAL
12,12 Galicia,15,Coruña (A),15022,CEDEIRA
12,12 Galicia,15,Coruña (A),15023,CEE
12,12 Galicia,15,Coruña (A),15024,CERCEDA
12,12 Galicia,15,Coruña (A),15025,CERDIDO
12,12 Galicia,15,Coruña (A),15027,COIRÓS
12,12 Galicia,15,Coruña (A),15028,CORCUBIÓN
12,12 Galicia,15,Coruña (A),15029,CORISTANCO
12,12 Galicia,15,Coruña (A),15030,CORUÑA (A)
12,12 Galicia,15,Coruña (A),15031,CULLEREDO
12,12 Galicia,15,Coruña (A),15032,CURTIS
12,12 Galicia,15,Coruña (A),15033,DODRO
12,12 Galicia,15,Coruña (A),15034,DUMBRÍA
12,12 Galicia,15,Coruña (A),15035,FENE
12,12 Galicia,15,Coruña (A),15036,FERROL
12,12 Galicia,15,Coruña (A),15037,FISTERRA
12,12 Galicia,15,Coruña (A),15038,FRADES
12,12 Galicia,15,Coruña (A),15039,IRIXOA
12,12 Galicia,15,Coruña (A),15041,LARACHA (A)
12,12 Galicia,15,Coruña (A),15040,LAXE
12,12 Galicia,15,Coruña (A),15042,LOUSAME
12,12 Galicia,15,Coruña (A),15043,MALPICA DE BERGANTIÑOS
12,12 Galicia,15,Coruña (A),15044,MAÑÓN
12,12 Galicia,15,Coruña (A),15045,MAZARICOS
12,12 Galicia,15,Coruña (A),15046,MELIDE
12,12 Galicia,15,Coruña (A),15047,MESÍA
12,12 Galicia,15,Coruña (A),15048,MIÑO
12,12 Galicia,15,Coruña (A),15049,MOECHE
12,12 Galicia,15,Coruña (A),15050,MONFERO
12,12 Galicia,15,Coruña (A),15051,MUGARDOS
12,12 Galicia,15,Coruña (A),15053,MUROS
12,12 Galicia,15,Coruña (A),15052,MUXÍA
12,12 Galicia,15,Coruña (A),15054,NARÓN
12,12 Galicia,15,Coruña (A),15055,NEDA
12,12 Galicia,15,Coruña (A),15056,NEGREIRA
12,12 Galicia,15,Coruña (A),15057,NOIA
12,12 Galicia,15,Coruña (A),15058,OLEIROS
12,12 Galicia,15,Coruña (A),15059,ORDES
12,12 Galicia,15,Coruña (A),15060,OROSO
12,12 Galicia,15,Coruña (A),15061,ORTIGUEIRA
12,12 Galicia,15,Coruña (A),15062,OUTES
12,12 Galicia,15,Coruña (A),15902,OZA-CESURAS
12,12 Galicia,15,Coruña (A),15064,PADERNE
12,12 Galicia,15,Coruña (A),15065,PADRÓN
12,12 Galicia,15,Coruña (A),15066,PINO (O)
12,12 Galicia,15,Coruña (A),15067,POBRA DO CARAMIÑAL (A)
12,12 Galicia,15,Coruña (A),15068,PONTECESO
12,12 Galicia,15,Coruña (A),15069,PONTEDEUME
12,12 Galicia,15,Coruña (A),15070,PONTES DE GARCÍA RODRÍGUEZ (AS)
12,12 Galicia,15,Coruña (A),15071,PORTO DO SON
12,12 Galicia,15,Coruña (A),15072,RIANXO
12,12 Galicia,15,Coruña (A),15073,RIBEIRA
12,12 Galicia,15,Coruña (A),15074,ROIS
12,12 Galicia,15,Coruña (A),15075,SADA
12,12 Galicia,15,Coruña (A),15076,SAN SADURNIÑO
12,12 Galicia,15,Coruña (A),15077,SANTA COMBA
12,12 Galicia,15,Coruña (A),15078,SANTIAGO DE COMPOSTELA
12,12 Galicia,15,Coruña (A),15079,SANTISO
12,12 Galicia,15,Coruña (A),15080,SOBRADO
12,12 Galicia,15,Coruña (A),15081,SOMOZAS (AS)
12,12 Galicia,15,Coruña (A),15082,TEO
12,12 Galicia,15,Coruña (A),15083,TOQUES
12,12 Galicia,15,Coruña (A),15084,TORDOIA
12,12 Galicia,15,Coruña (A),15085,TOURO
12,12 Galicia,15,Coruña (A),15086,TRAZO
12,12 Galicia,15,Coruña (A),15088,VAL DO DUBRA
12,12 Galicia,15,Coruña (A),15087,VALDOVIÑO
12,12 Galicia,15,Coruña (A),15089,VEDRA
12,12 Galicia,15,Coruña (A),15091,VILARMAIOR
12,12 Galicia,15,Coruña (A),15090,VILASANTAR
12,12 Galicia,15,Coruña (A),15092,VIMIANZO
12,12 Galicia,15,Coruña (A),15093,ZAS
12,12 Galicia,27,Lugo,27001,ABADÍN
12,12 Galicia,27,Lugo,27002,ALFOZ
12,12 Galicia,27,Lugo,27003,ANTAS DE ULLA
12,12 Galicia,27,Lugo,27004,BALEIRA
12,12 Galicia,27,Lugo,27901,BARALLA
12,12 Galicia,27,Lugo,27005,BARREIROS
12,12 Galicia,27,Lugo,27006,BECERREÁ
12,12 Galicia,27,Lugo,27007,BEGONTE
12,12 Galicia,27,Lugo,27008,BÓVEDA
12,12 Galicia,27,Lugo,27902,BURELA
12,12 Galicia,27,Lugo,27009,CARBALLEDO
12,12 Galicia,27,Lugo,27010,CASTRO DE REI
12,12 Galicia,27,Lugo,27011,CASTROVERDE
12,12 Galicia,27,Lugo,27012,CERVANTES
12,12 Galicia,27,Lugo,27013,CERVO
12,12 Galicia,27,Lugo,27016,CHANTADA
12,12 Galicia,27,Lugo,27014,CORGO (O)
12,12 Galicia,27,Lugo,27015,COSPEITO
12,12 Galicia,27,Lugo,27017,FOLGOSO DO COUREL
12,12 Galicia,27,Lugo,27018,FONSAGRADA (A)
12,12 Galicia,27,Lugo,27019,FOZ
12,12 Galicia,27,Lugo,27020,FRIOL
12,12 Galicia,27,Lugo,27022,GUITIRIZ
12,12 Galicia,27,Lugo,27023,GUNTÍN
12,12 Galicia,27,Lugo,27024,INCIO (O)
12,12 Galicia,27,Lugo,27026,LÁNCARA
12,12 Galicia,27,Lugo,27027,LOURENZÁ
12,12 Galicia,27,Lugo,27028,LUGO
12,12 Galicia,27,Lugo,27029,MEIRA
12,12 Galicia,27,Lugo,27030,MONDOÑEDO
12,12 Galicia,27,Lugo,27031,MONFORTE DE LEMOS
12,12 Galicia,27,Lugo,27032,MONTERROSO
12,12 Galicia,27,Lugo,27033,MURAS
12,12 Galicia,27,Lugo,27034,NAVIA DE SUARNA
12,12 Galicia,27,Lugo,27035,NEGUEIRA DE MUÑIZ
12,12 Galicia,27,Lugo,27037,NOGAIS (AS)
12,12 Galicia,27,Lugo,27038,OUROL
12,12 Galicia,27,Lugo,27039,OUTEIRO DE REI
12,12 Galicia,27,Lugo,27040,PALAS DE REI
12,12 Galicia,27,Lugo,27041,PANTÓN
12,12 Galicia,27,Lugo,27042,PARADELA
12,12 Galicia,27,Lugo,27043,PÁRAMO (O)
12,12 Galicia,27,Lugo,27044,PASTORIZA (A)
12,12 Galicia,27,Lugo,27045,PEDRAFITA DO CEBREIRO
12,12 Galicia,27,Lugo,27047,POBRA DO BROLLÓN (A)
12,12 Galicia,27,Lugo,27046,POL
12,12 Galicia,27,Lugo,27048,PONTENOVA (A)
12,12 Galicia,27,Lugo,27049,PORTOMARÍN
12,12 Galicia,27,Lugo,27050,QUIROGA
12,12 Galicia,27,Lugo,27056,RÁBADE
12,12 Galicia,27,Lugo,27051,RIBADEO
12,12 Galicia,27,Lugo,27052,RIBAS DE SIL
12,12 Galicia,27,Lugo,27053,RIBEIRA DE PIQUÍN
12,12 Galicia,27,Lugo,27054,RIOTORTO
12,12 Galicia,27,Lugo,27055,SAMOS
12,12 Galicia,27,Lugo,27057,SARRIA
12,12 Galicia,27,Lugo,27058,SAVIÑAO (O)
12,12 Galicia,27,Lugo,27059,SOBER
12,12 Galicia,27,Lugo,27060,TABOADA
12,12 Galicia,27,Lugo,27061,TRABADA
12,12 Galicia,27,Lugo,27062,TRIACASTELA
12,12 Galicia,27,Lugo,27063,VALADOURO (O)
12,12 Galicia,27,Lugo,27064,VICEDO (O)
12,12 Galicia,27,Lugo,27065,VILALBA
12,12 Galicia,27,Lugo,27066,VIVEIRO
12,12 Galicia,27,Lugo,27021,XERMADE
12,12 Galicia,27,Lugo,27025,XOVE
12,12 Galicia,32,Ourense,32001,ALLARIZ
12,12 Galicia,32,Ourense,32002,AMOEIRO
12,12 Galicia,32,Ourense,32003,ARNOIA (A)
12,12 Galicia,32,Ourense,32004,AVIÓN
12,12 Galicia,32,Ourense,32005,BALTAR
12,12 Galicia,32,Ourense,32006,BANDE
12,12 Galicia,32,Ourense,32007,BAÑOS DE MOLGAS
12,12 Galicia,32,Ourense,32008,BARBADÁS
12,12 Galicia,32,Ourense,32009,BARCO DE VALDEORRAS (O)
12,12 Galicia,32,Ourense,32010,BEADE
12,12 Galicia,32,Ourense,32011,BEARIZ
12,12 Galicia,32,Ourense,32012,BLANCOS (OS)
12,12 Galicia,32,Ourense,32013,BOBORÁS
12,12 Galicia,32,Ourense,32014,BOLA (A)
12,12 Galicia,32,Ourense,32015,BOLO (O)
12,12 Galicia,32,Ourense,32016,CALVOS DE RANDÍN
12,12 Galicia,32,Ourense,32018,CARBALLEDA DE AVIA
12,12 Galicia,32,Ourense,32017,CARBALLEDA DE VALDEORRAS
12,12 Galicia,32,Ourense,32019,CARBALLIÑO (O)
12,12 Galicia,32,Ourense,32020,CARTELLE
12,12 Galicia,32,Ourense,32022,CASTRELO DE MIÑO
12,12 Galicia,32,Ourense,32021,CASTRELO DO VAL
12,12 Galicia,32,Ourense,32023,CASTRO CALDELAS
12,12 Galicia,32,Ourense,32024,CELANOVA
12,12 Galicia,32,Ourense,32025,CENLLE
12,12 Galicia,32,Ourense,32029,CHANDREXA DE QUEIXA
12,12 Galicia,32,Ourense,32026,COLES
12,12 Galicia,32,Ourense,32027,CORTEGADA
12,12 Galicia,32,Ourense,32028,CUALEDRO
12,12 Galicia,32,Ourense,32030,ENTRIMO
12,12 Galicia,32,Ourense,32031,ESGOS
12,12 Galicia,32,Ourense,32033,GOMESENDE
12,12 Galicia,32,Ourense,32034,GUDIÑA (A)
12,12 Galicia,32,Ourense,32035,IRIXO (O)
12,12 Galicia,32,Ourense,32038,LAROUCO
12,12 Galicia,32,Ourense,32039,LAZA
12,12 Galicia,32,Ourense,32040,LEIRO
12,12 Galicia,32,Ourense,32041,LOBEIRA
12,12 Galicia,32,Ourense,32042,LOBIOS
12,12 Galicia,32,Ourense,32043,MACEDA
12,12 Galicia,32,Ourense,32044,MANZANEDA
12,12 Galicia,32,Ourense,32045,MASIDE
12,12 Galicia,32,Ourense,32046,MELÓN
12,12 Galicia,32,Ourense,32047,MERCA (A)
12,12 Galicia,32,Ourense,32048,MEZQUITA (A)
12,12 Galicia,32,Ourense,32049,MONTEDERRAMO
12,12 Galicia,32,Ourense,32050,MONTERREI
12,12 Galicia,32,Ourense,32051,MUÍÑOS
12,12 Galicia,32,Ourense,32052,NOGUEIRA DE RAMUÍN
12,12 Galicia,32,Ourense,32053,OÍMBRA
12,12 Galicia,32,Ourense,32054,OURENSE
12,12 Galicia,32,Ourense,32055,PADERNE DE ALLARIZ
12,12 Galicia,32,Ourense,32056,PADRENDA
12,12 Galicia,32,Ourense,32057,PARADA DE SIL
12,12 Galicia,32,Ourense,32058,PEREIRO DE AGUIAR (O)
12,12 Galicia,32,Ourense,32059,PEROXA (A)
12,12 Galicia,32,Ourense,32060,PETÍN
12,12 Galicia,32,Ourense,32061,PIÑOR
12,12 Galicia,32,Ourense,32063,POBRA DE TRIVES (A)
12,12 Galicia,32,Ourense,32064,PONTEDEVA
12,12 Galicia,32,Ourense,32062,PORQUEIRA
12,12 Galicia,32,Ourense,32065,PUNXÍN
12,12 Galicia,32,Ourense,32066,QUINTELA DE LEIRADO
12,12 Galicia,32,Ourense,32067,RAIRIZ DE VEIGA
12,12 Galicia,32,Ourense,32068,RAMIRÁS
12,12 Galicia,32,Ourense,32069,RIBADAVIA
12,12 Galicia,32,Ourense,32071,RIÓS
12,12 Galicia,32,Ourense,32072,RÚA (A)
12,12 Galicia,32,Ourense,32073,RUBIÁ
12,12 Galicia,32,Ourense,32074,SAN AMARO
12,12 Galicia,32,Ourense,32075,SAN CIBRAO DAS VIÑAS
12,12 Galicia,32,Ourense,32076,SAN CRISTOVO DE CEA
12,12 Galicia,32,Ourense,32070,SAN XOÁN DE RÍO
12,12 Galicia,32,Ourense,32077,SANDIÁS
12,12 Galicia,32,Ourense,32078,SARREAUS
12,12 Galicia,32,Ourense,32079,TABOADELA
12,12 Galicia,32,Ourense,32080,TEIXEIRA (A)
12,12 Galicia,32,Ourense,32081,TOÉN
12,12 Galicia,32,Ourense,32082,TRASMIRAS
12,12 Galicia,32,Ourense,32083,VEIGA (A)
12,12 Galicia,32,Ourense,32084,VEREA
12,12 Galicia,32,Ourense,32085,VERÍN
12,12 Galicia,32,Ourense,32086,VIANA DO BOLO
12,12 Galicia,32,Ourense,32087,VILAMARÍN
12,12 Galicia,32,Ourense,32088,VILAMARTÍN DE VALDEORRAS
12,12 Galicia,32,Ourense,32089,VILAR DE BARRIO
12,12 Galicia,32,Ourense,32090,VILAR DE SANTOS
12,12 Galicia,32,Ourense,32091,VILARDEVÓS
12,12 Galicia,32,Ourense,32092,VILARIÑO DE CONSO
12,12 Galicia,32,Ourense,32032,XINZO DE LIMIA
12,12 Galicia,32,Ourense,32036,XUNQUEIRA DE AMBÍA
12,12 Galicia,32,Ourense,32037,XUNQUEIRA DE ESPADANEDO
12,12 Galicia,36,Pontevedra,36020,AGOLADA
12,12 Galicia,36,Pontevedra,36001,ARBO
12,12 Galicia,36,Pontevedra,36003,BAIONA
12,12 Galicia,36,Pontevedra,36002,BARRO
12,12 Galicia,36,Pontevedra,36004,BUEU
12,12 Galicia,36,Pontevedra,36005,CALDAS DE REIS
12,12 Galicia,36,Pontevedra,36006,CAMBADOS
12,12 Galicia,36,Pontevedra,36007,CAMPO LAMEIRO
12,12 Galicia,36,Pontevedra,36008,CANGAS
12,12 Galicia,36,Pontevedra,36009,CAÑIZA (A)
12,12 Galicia,36,Pontevedra,36010,CATOIRA
12,12 Galicia,36,Pontevedra,36902,CERDEDO-COTOBADE
12,12 Galicia,36,Pontevedra,36013,COVELO
12,12 Galicia,36,Pontevedra,36014,CRECENTE
12,12 Galicia,36,Pontevedra,36015,CUNTIS
12,12 Galicia,36,Pontevedra,36016,DOZÓN
12,12 Galicia,36,Pontevedra,36017,ESTRADA (A)
12,12 Galicia,36,Pontevedra,36018,FORCAREI
12,12 Galicia,36,Pontevedra,36019,FORNELOS DE MONTES
12,12 Galicia,36,Pontevedra,36021,GONDOMAR
12,12 Galicia,36,Pontevedra,36022,GROVE (O)
12,12 Galicia,36,Pontevedra,36023,GUARDA (A)
12,12 Galicia,36,Pontevedra,36901,ILLA DE AROUSA (A)
12,12 Galicia,36,Pontevedra,36024,LALÍN
12,12 Galicia,36,Pontevedra,36025,LAMA (A)
12,12 Galicia,36,Pontevedra,36026,MARÍN
12,12 Galicia,36,Pontevedra,36027,MEAÑO
12,12 Galicia,36,Pontevedra,36028,MEIS
12,12 Galicia,36,Pontevedra,36029,MOAÑA
12,12 Galicia,36,Pontevedra,36030,MONDARIZ
12,12 Galicia,36,Pontevedra,36031,MONDARIZ-BALNEARIO
12,12 Galicia,36,Pontevedra,36032,MORAÑA
12,12 Galicia,36,Pontevedra,36033,MOS
12,12 Galicia,36,Pontevedra,36034,NEVES (AS)
12,12 Galicia,36,Pontevedra,36035,NIGRÁN
12,12 Galicia,36,Pontevedra,36036,OIA
12,12 Galicia,36,Pontevedra,36037,PAZOS DE BORBÉN
12,12 Galicia,36,Pontevedra,36041,POIO
12,12 Galicia,36,Pontevedra,36043,PONTE CALDELAS
12,12 Galicia,36,Pontevedra,36042,PONTEAREAS
12,12 Galicia,36,Pontevedra,36044,PONTECESURES
12,12 Galicia,36,Pontevedra,36038,PONTEVEDRA
12,12 Galicia,36,Pontevedra,36039,PORRIÑO (O)
12,12 Galicia,36,Pontevedra,36040,PORTAS
12,12 Galicia,36,Pontevedra,36045,REDONDELA
12,12 Galicia,36,Pontevedra,36046,RIBADUMIA
12,12 Galicia,36,Pontevedra,36047,RODEIRO
12,12 Galicia,36,Pontevedra,36048,ROSAL (O)
12,12 Galicia,36,Pontevedra,36049,SALCEDA DE CASELAS
12,12 Galicia,36,Pontevedra,36050,SALVATERRA DE MIÑO
12,12 Galicia,36,Pontevedra,36051,SANXENXO
12,12 Galicia,36,Pontevedra,36052,SILLEDA
12,12 Galicia,36,Pontevedra,36053,SOUTOMAIOR
12,12 Galicia,36,Pontevedra,36054,TOMIÑO
12,12 Galicia,36,Pontevedra,36055,TUI
12,12 Galicia,36,Pontevedra,36056,VALGA
12,12 Galicia,36,Pontevedra,36057,VIGO
12,12 Galicia,36,Pontevedra,36059,VILA DE CRUCES
12,12 Galicia,36,Pontevedra,36058,VILABOA
12,12 Galicia,36,Pontevedra,36060,VILAGARCÍA DE AROUSA
12,12 Galicia,36,Pontevedra,36061,VILANOVA DE AROUSA
13,"13 Madrid, Comunidad de",28,Madrid,28001,ACEBEDA (LA)
13,"13 Madrid, Comunidad de",28,Madrid,28002,AJALVIR
13,"13 Madrid, Comunidad de",28,Madrid,28003,ALAMEDA DEL VALLE
13,"13 Madrid, Comunidad de",28,Madrid,28004,ÁLAMO (EL)
13,"13 Madrid, Comunidad de",28,Madrid,28005,ALCALÁ DE HENARES
13,"13 Madrid, Comunidad de",28,Madrid,28006,ALCOBENDAS
13,"13 Madrid, Comunidad de",28,Madrid,28007,ALCORCÓN
13,"13 Madrid, Comunidad de",28,Madrid,28008,ALDEA DEL FRESNO
13,"13 Madrid, Comunidad de",28,Madrid,28009,ALGETE
13,"13 Madrid, Comunidad de",28,Madrid,28010,ALPEDRETE
13,"13 Madrid, Comunidad de",28,Madrid,28011,AMBITE
13,"13 Madrid, Comunidad de",28,Madrid,28012,ANCHUELO
13,"13 Madrid, Comunidad de",28,Madrid,28013,ARANJUEZ
13,"13 Madrid, Comunidad de",28,Madrid,28014,ARGANDA DEL REY
13,"13 Madrid, Comunidad de",28,Madrid,28015,ARROYOMOLINOS
13,"13 Madrid, Comunidad de",28,Madrid,28016,ATAZAR (EL)
13,"13 Madrid, Comunidad de",28,Madrid,28017,BATRES
13,"13 Madrid, Comunidad de",28,Madrid,28018,BECERRIL DE LA SIERRA
13,"13 Madrid, Comunidad de",28,Madrid,28019,BELMONTE DE TAJO
13,"13 Madrid, Comunidad de",28,Madrid,28021,BERRUECO (EL)
13,"13 Madrid, Comunidad de",28,Madrid,28020,BERZOSA DEL LOZOYA
13,"13 Madrid, Comunidad de",28,Madrid,28022,BOADILLA DEL MONTE
13,"13 Madrid, Comunidad de",28,Madrid,28023,BOALO (EL)
13,"13 Madrid, Comunidad de",28,Madrid,28024,BRAOJOS
13,"13 Madrid, Comunidad de",28,Madrid,28025,BREA DE TAJO
13,"13 Madrid, Comunidad de",28,Madrid,28026,BRUNETE
13,"13 Madrid, Comunidad de",28,Madrid,28027,BUITRAGO DEL LOZOYA
13,"13 Madrid, Comunidad de",28,Madrid,28028,BUSTARVIEJO
13,"13 Madrid, Comunidad de",28,Madrid,28029,CABANILLAS DE LA SIERRA
13,"13 Madrid, Comunidad de",28,Madrid,28030,CABRERA (LA)
13,"13 Madrid, Comunidad de",28,Madrid,28031,CADALSO DE LOS VIDRIOS
13,"13 Madrid, Comunidad de",28,Madrid,28032,CAMARMA DE ESTERUELAS
13,"13 Madrid, Comunidad de",28,Madrid,28033,CAMPO REAL
13,"13 Madrid, Comunidad de",28,Madrid,28034,CANENCIA
13,"13 Madrid, Comunidad de",28,Madrid,28035,CARABAÑA
13,"13 Madrid, Comunidad de",28,Madrid,28036,CASARRUBUELOS
13,"13 Madrid, Comunidad de",28,Madrid,28037,CENICIENTOS
13,"13 Madrid, Comunidad de",28,Madrid,28038,CERCEDILLA
13,"13 Madrid, Comunidad de",28,Madrid,28039,CERVERA DE BUITRAGO
13,"13 Madrid, Comunidad de",28,Madrid,28051,CHAPINERÍA
13,"13 Madrid, Comunidad de",28,Madrid,28052,CHINCHÓN
13,"13 Madrid, Comunidad de",28,Madrid,28040,CIEMPOZUELOS
13,"13 Madrid, Comunidad de",28,Madrid,28041,COBEÑA
13,"13 Madrid, Comunidad de",28,Madrid,28046,COLLADO MEDIANO
13,"13 Madrid, Comunidad de",28,Madrid,28047,COLLADO VILLALBA
13,"13 Madrid, Comunidad de",28,Madrid,28043,COLMENAR DE OREJA
13,"13 Madrid, Comunidad de",28,Madrid,28042,COLMENAR DEL ARROYO
13,"13 Madrid, Comunidad de",28,Madrid,28045,COLMENAR VIEJO
13,"13 Madrid, Comunidad de",28,Madrid,28044,COLMENAREJO
13,"13 Madrid, Comunidad de",28,Madrid,28048,CORPA
13,"13 Madrid, Comunidad de",28,Madrid,28049,COSLADA
13,"13 Madrid, Comunidad de",28,Madrid,28050,CUBAS DE LA SAGRA
13,"13 Madrid, Comunidad de",28,Madrid,28053,DAGANZO DE ARRIBA
13,"13 Madrid, Comunidad de",28,Madrid,28054,ESCORIAL (EL)
13,"13 Madrid, Comunidad de",28,Madrid,28055,ESTREMERA
13,"13 Madrid, Comunidad de",28,Madrid,28056,FRESNEDILLAS DE LA OLIVA
13,"13 Madrid, Comunidad de",28,Madrid,28057,FRESNO DE TOROTE
13,"13 Madrid, Comunidad de",28,Madrid,28058,FUENLABRADA
13,"13 Madrid, Comunidad de",28,Madrid,28059,FUENTE EL SAZ DE JARAMA
13,"13 Madrid, Comunidad de",28,Madrid,28060,FUENTIDUEÑA DE TAJO
13,"13 Madrid, Comunidad de",28,Madrid,28061,GALAPAGAR
13,"13 Madrid, Comunidad de",28,Madrid,28062,GARGANTA DE LOS MONTES
13,"13 Madrid, Comunidad de",28,Madrid,28063,GARGANTILLA DEL LOZOYA Y PINILLA DE BUITRAGO
13,"13 Madrid, Comunidad de",28,Madrid,28064,GASCONES
13,"13 Madrid, Comunidad de",28,Madrid,28065,GETAFE
13,"13 Madrid, Comunidad de",28,Madrid,28066,GRIÑÓN
13,"13 Madrid, Comunidad de",28,Madrid,28067,GUADALIX DE LA SIERRA
13,"13 Madrid, Comunidad de",28,Madrid,28068,GUADARRAMA
13,"13 Madrid, Comunidad de",28,Madrid,28069,HIRUELA (LA)
13,"13 Madrid, Comunidad de",28,Madrid,28070,HORCAJO DE LA SIERRA-AOSLOS
13,"13 Madrid, Comunidad de",28,Madrid,28071,HORCAJUELO DE LA SIERRA
13,"13 Madrid, Comunidad de",28,Madrid,28072,HOYO DE MANZANARES
13,"13 Madrid, Comunidad de",28,Madrid,28073,HUMANES DE MADRID
13,"13 Madrid, Comunidad de",28,Madrid,28074,LEGANÉS
13,"13 Madrid, Comunidad de",28,Madrid,28075,LOECHES
13,"13 Madrid, Comunidad de",28,Madrid,28076,LOZOYA
13,"13 Madrid, Comunidad de",28,Madrid,28901,LOZOYUELA-NAVAS-SIETEIGLESIAS
13,"13 Madrid, Comunidad de",28,Madrid,28078,MADARCOS
13,"13 Madrid, Comunidad de",28,Madrid,28079,MADRID
13,"13 Madrid, Comunidad de",28,Madrid,28080,MAJADAHONDA
13,"13 Madrid, Comunidad de",28,Madrid,28082,MANZANARES EL REAL
13,"13 Madrid, Comunidad de",28,Madrid,28083,MECO
13,"13 Madrid, Comunidad de",28,Madrid,28084,MEJORADA DEL CAMPO
13,"13 Madrid, Comunidad de",28,Madrid,28085,MIRAFLORES DE LA SIERRA
13,"13 Madrid, Comunidad de",28,Madrid,28086,MOLAR (EL)
13,"13 Madrid, Comunidad de",28,Madrid,28087,MOLINOS (LOS)
13,"13 Madrid, Comunidad de",28,Madrid,28088,MONTEJO DE LA SIERRA
13,"13 Madrid, Comunidad de",28,Madrid,28089,MORALEJA DE ENMEDIO
13,"13 Madrid, Comunidad de",28,Madrid,28090,MORALZARZAL
13,"13 Madrid, Comunidad de",28,Madrid,28091,MORATA DE TAJUÑA
13,"13 Madrid, Comunidad de",28,Madrid,28092,MÓSTOLES
13,"13 Madrid, Comunidad de",28,Madrid,28093,NAVACERRADA
13,"13 Madrid, Comunidad de",28,Madrid,28094,NAVALAFUENTE
13,"13 Madrid, Comunidad de",28,Madrid,28095,NAVALAGAMELLA
13,"13 Madrid, Comunidad de",28,Madrid,28096,NAVALCARNERO
13,"13 Madrid, Comunidad de",28,Madrid,28097,NAVARREDONDA Y SAN MAMÉS
13,"13 Madrid, Comunidad de",28,Madrid,28099,NAVAS DEL REY
13,"13 Madrid, Comunidad de",28,Madrid,28100,NUEVO BAZTÁN
13,"13 Madrid, Comunidad de",28,Madrid,28101,OLMEDA DE LAS FUENTES
13,"13 Madrid, Comunidad de",28,Madrid,28102,ORUSCO DE TAJUÑA
13,"13 Madrid, Comunidad de",28,Madrid,28104,PARACUELLOS DE JARAMA
13,"13 Madrid, Comunidad de",28,Madrid,28106,PARLA
13,"13 Madrid, Comunidad de",28,Madrid,28107,PATONES
13,"13 Madrid, Comunidad de",28,Madrid,28108,PEDREZUELA
13,"13 Madrid, Comunidad de",28,Madrid,28109,PELAYOS DE LA PRESA
13,"13 Madrid, Comunidad de",28,Madrid,28110,PERALES DE TAJUÑA
13,"13 Madrid, Comunidad de",28,Madrid,28111,PEZUELA DE LAS TORRES
13,"13 Madrid, Comunidad de",28,Madrid,28112,PINILLA DEL VALLE
13,"13 Madrid, Comunidad de",28,Madrid,28113,PINTO
13,"13 Madrid, Comunidad de",28,Madrid,28114,PIÑUÉCAR-GANDULLAS
13,"13 Madrid, Comunidad de",28,Madrid,28115,POZUELO DE ALARCÓN
13,"13 Madrid, Comunidad de",28,Madrid,28116,POZUELO DEL REY
13,"13 Madrid, Comunidad de",28,Madrid,28117,PRÁDENA DEL RINCÓN
13,"13 Madrid, Comunidad de",28,Madrid,28118,PUEBLA DE LA SIERRA
13,"13 Madrid, Comunidad de",28,Madrid,28902,PUENTES VIEJAS
13,"13 Madrid, Comunidad de",28,Madrid,28119,QUIJORNA
13,"13 Madrid, Comunidad de",28,Madrid,28120,RASCAFRÍA
13,"13 Madrid, Comunidad de",28,Madrid,28121,REDUEÑA
13,"13 Madrid, Comunidad de",28,Madrid,28122,RIBATEJADA
13,"13 Madrid, Comunidad de",28,Madrid,28123,RIVAS-VACIAMADRID
13,"13 Madrid, Comunidad de",28,Madrid,28124,ROBLEDILLO DE LA JARA
13,"13 Madrid, Comunidad de",28,Madrid,28125,ROBLEDO DE CHAVELA
13,"13 Madrid, Comunidad de",28,Madrid,28126,ROBREGORDO
13,"13 Madrid, Comunidad de",28,Madrid,28127,ROZAS DE MADRID (LAS)
13,"13 Madrid, Comunidad de",28,Madrid,28128,ROZAS DE PUERTO REAL
13,"13 Madrid, Comunidad de",28,Madrid,28129,SAN AGUSTÍN DEL GUADALIX
13,"13 Madrid, Comunidad de",28,Madrid,28130,SAN FERNANDO DE HENARES
13,"13 Madrid, Comunidad de",28,Madrid,28131,SAN LORENZO DE EL ESCORIAL
13,"13 Madrid, Comunidad de",28,Madrid,28132,SAN MARTÍN DE LA VEGA
13,"13 Madrid, Comunidad de",28,Madrid,28133,SAN MARTÍN DE VALDEIGLESIAS
13,"13 Madrid, Comunidad de",28,Madrid,28134,SAN SEBASTIÁN DE LOS REYES
13,"13 Madrid, Comunidad de",28,Madrid,28135,SANTA MARÍA DE LA ALAMEDA
13,"13 Madrid, Comunidad de",28,Madrid,28136,SANTORCAZ
13,"13 Madrid, Comunidad de",28,Madrid,28137,SANTOS DE LA HUMOSA (LOS)
13,"13 Madrid, Comunidad de",28,Madrid,28138,SERNA DEL MONTE (LA)
13,"13 Madrid, Comunidad de",28,Madrid,28140,SERRANILLOS DEL VALLE
13,"13 Madrid, Comunidad de",28,Madrid,28141,SEVILLA LA NUEVA
13,"13 Madrid, Comunidad de",28,Madrid,28143,SOMOSIERRA
13,"13 Madrid, Comunidad de",28,Madrid,28144,SOTO DEL REAL
13,"13 Madrid, Comunidad de",28,Madrid,28145,TALAMANCA DE JARAMA
13,"13 Madrid, Comunidad de",28,Madrid,28146,TIELMES
13,"13 Madrid, Comunidad de",28,Madrid,28147,TITULCIA
13,"13 Madrid, Comunidad de",28,Madrid,28148,TORREJÓN DE ARDOZ
13,"13 Madrid, Comunidad de",28,Madrid,28149,TORREJÓN DE LA CALZADA
13,"13 Madrid, Comunidad de",28,Madrid,28150,TORREJÓN DE VELASCO
13,"13 Madrid, Comunidad de",28,Madrid,28151,TORRELAGUNA
13,"13 Madrid, Comunidad de",28,Madrid,28152,TORRELODONES
13,"13 Madrid, Comunidad de",28,Madrid,28153,TORREMOCHA DE JARAMA
13,"13 Madrid, Comunidad de",28,Madrid,28154,TORRES DE LA ALAMEDA
13,"13 Madrid, Comunidad de",28,Madrid,28903,TRES CANTOS
13,"13 Madrid, Comunidad de",28,Madrid,28155,VALDARACETE
13,"13 Madrid, Comunidad de",28,Madrid,28156,VALDEAVERO
13,"13 Madrid, Comunidad de",28,Madrid,28157,VALDELAGUNA
13,"13 Madrid, Comunidad de",28,Madrid,28158,VALDEMANCO
13,"13 Madrid, Comunidad de",28,Madrid,28159,VALDEMAQUEDA
13,"13 Madrid, Comunidad de",28,Madrid,28160,VALDEMORILLO
13,"13 Madrid, Comunidad de",28,Madrid,28161,VALDEMORO
13,"13 Madrid, Comunidad de",28,Madrid,28162,VALDEOLMOS-ALALPARDO
13,"13 Madrid, Comunidad de",28,Madrid,28163,VALDEPIÉLAGOS
13,"13 Madrid, Comunidad de",28,Madrid,28164,VALDETORRES DE JARAMA
13,"13 Madrid, Comunidad de",28,Madrid,28165,VALDILECHA
13,"13 Madrid, Comunidad de",28,Madrid,28166,VALVERDE DE ALCALÁ
13,"13 Madrid, Comunidad de",28,Madrid,28167,VELILLA DE SAN ANTONIO
13,"13 Madrid, Comunidad de",28,Madrid,28168,VELLÓN (EL)
13,"13 Madrid, Comunidad de",28,Madrid,28169,VENTURADA
13,"13 Madrid, Comunidad de",28,Madrid,28171,VILLA DEL PRADO
13,"13 Madrid, Comunidad de",28,Madrid,28170,VILLACONEJOS
13,"13 Madrid, Comunidad de",28,Madrid,28172,VILLALBILLA
13,"13 Madrid, Comunidad de",28,Madrid,28173,VILLAMANRIQUE DE TAJO
13,"13 Madrid, Comunidad de",28,Madrid,28174,VILLAMANTA
13,"13 Madrid, Comunidad de",28,Madrid,28175,VILLAMANTILLA
13,"13 Madrid, Comunidad de",28,Madrid,28176,VILLANUEVA DE LA CAÑADA
13,"13 Madrid, Comunidad de",28,Madrid,28178,VILLANUEVA DE PERALES
13,"13 Madrid, Comunidad de",28,Madrid,28177,VILLANUEVA DEL PARDILLO
13,"13 Madrid, Comunidad de",28,Madrid,28179,VILLAR DEL OLMO
13,"13 Madrid, Comunidad de",28,Madrid,28180,VILLAREJO DE SALVANÉS
13,"13 Madrid, Comunidad de",28,Madrid,28181,VILLAVICIOSA DE ODÓN
13,"13 Madrid, Comunidad de",28,Madrid,28182,VILLAVIEJA DEL LOZOYA
13,"13 Madrid, Comunidad de",28,Madrid,28183,ZARZALEJO
14,"14 Murcia, Región de",30,Murcia,30001,ABANILLA
14,"14 Murcia, Región de",30,Murcia,30002,ABARÁN
14,"14 Murcia, Región de",30,Murcia,30003,ÁGUILAS
14,"14 Murcia, Región de",30,Murcia,30004,ALBUDEITE
14,"14 Murcia, Región de",30,Murcia,30005,ALCANTARILLA
14,"14 Murcia, Región de",30,Murcia,30902,ALCÁZARES (LOS)
14,"14 Murcia, Región de",30,Murcia,30006,ALEDO
14,"14 Murcia, Región de",30,Murcia,30007,ALGUAZAS
14,"14 Murcia, Región de",30,Murcia,30008,ALHAMA DE MURCIA
14,"14 Murcia, Región de",30,Murcia,30009,ARCHENA
14,"14 Murcia, Región de",30,Murcia,30010,BENIEL
14,"14 Murcia, Región de",30,Murcia,30011,BLANCA
14,"14 Murcia, Región de",30,Murcia,30012,BULLAS
14,"14 Murcia, Región de",30,Murcia,30013,CALASPARRA
14,"14 Murcia, Región de",30,Murcia,30014,CAMPOS DEL RÍO
14,"14 Murcia, Región de",30,Murcia,30015,CARAVACA DE LA CRUZ
14,"14 Murcia, Región de",30,Murcia,30016,CARTAGENA
14,"14 Murcia, Región de",30,Murcia,30017,CEHEGÍN
14,"14 Murcia, Región de",30,Murcia,30018,CEUTÍ
14,"14 Murcia, Región de",30,Murcia,30019,CIEZA
14,"14 Murcia, Región de",30,Murcia,30020,FORTUNA
14,"14 Murcia, Región de",30,Murcia,30021,FUENTE ÁLAMO DE MURCIA
14,"14 Murcia, Región de",30,Murcia,30022,JUMILLA
14,"14 Murcia, Región de",30,Murcia,30023,LIBRILLA
14,"14 Murcia, Región de",30,Murcia,30024,LORCA
14,"14 Murcia, Región de",30,Murcia,30025,LORQUÍ
14,"14 Murcia, Región de",30,Murcia,30026,MAZARRÓN
14,"14 Murcia, Región de",30,Murcia,30027,MOLINA DE SEGURA
14,"14 Murcia, Región de",30,Murcia,30028,MORATALLA
14,"14 Murcia, Región de",30,Murcia,30029,MULA
14,"14 Murcia, Región de",30,Murcia,30030,MURCIA
14,"14 Murcia, Región de",30,Murcia,30031,OJÓS
14,"14 Murcia, Región de",30,Murcia,30032,PLIEGO
14,"14 Murcia, Región de",30,Murcia,30033,PUERTO LUMBRERAS
14,"14 Murcia, Región de",30,Murcia,30034,RICOTE
14,"14 Murcia, Región de",30,Murcia,30035,SAN JAVIER
14,"14 Murcia, Región de",30,Murcia,30036,SAN PEDRO DEL PINATAR
14,"14 Murcia, Región de",30,Murcia,30901,SANTOMERA
14,"14 Murcia, Región de",30,Murcia,30037,TORRE-PACHECO
14,"14 Murcia, Región de",30,Murcia,30038,TORRES DE COTILLAS (LAS)
14,"14 Murcia, Región de",30,Murcia,30039,TOTANA
14,"14 Murcia, Región de",30,Murcia,30040,ULEA
14,"14 Murcia, Región de",30,Murcia,30041,UNIÓN (LA)
14,"14 Murcia, Región de",30,Murcia,30042,VILLANUEVA DEL RÍO SEGURA
14,"14 Murcia, Región de",30,Murcia,30043,YECLA
15,"15 Navarra, Com. Foral de",31,Navarra,31001,ABÁIGAR
15,"15 Navarra, Com. Foral de",31,Navarra,31002,ABÁRZUZA/ABARTZUZA
15,"15 Navarra, Com. Foral de",31,Navarra,31003,ABAURREGAINA/ABAURREA ALTA
15,"15 Navarra, Com. Foral de",31,Navarra,31004,ABAURREPEA/ABAURREA BAJA
15,"15 Navarra, Com. Foral de",31,Navarra,31005,ABERIN
15,"15 Navarra, Com. Foral de",31,Navarra,31006,ABLITAS
15,"15 Navarra, Com. Foral de",31,Navarra,31007,ADIÓS
15,"15 Navarra, Com. Foral de",31,Navarra,31008,AGUILAR DE CODÉS
15,"15 Navarra, Com. Foral de",31,Navarra,31009,AIBAR/OIBAR
15,"15 Navarra, Com. Foral de",31,Navarra,31011,ALLÍN/ALLIN
15,"15 Navarra, Com. Foral de",31,Navarra,31012,ALLO
15,"15 Navarra, Com. Foral de",31,Navarra,31010,ALTSASU/ALSASUA
15,"15 Navarra, Com. Foral de",31,Navarra,31013,AMÉSCOA BAJA
15,"15 Navarra, Com. Foral de",31,Navarra,31014,ANCÍN/ANTZIN
15,"15 Navarra, Com. Foral de",31,Navarra,31015,ANDOSILLA
15,"15 Navarra, Com. Foral de",31,Navarra,31016,ANSOÁIN/ANTSOAIN
15,"15 Navarra, Com. Foral de",31,Navarra,31017,ANUE
15,"15 Navarra, Com. Foral de",31,Navarra,31018,AÑORBE
15,"15 Navarra, Com. Foral de",31,Navarra,31019,AOIZ/AGOITZ
15,"15 Navarra, Com. Foral de",31,Navarra,31020,ARAITZ
15,"15 Navarra, Com. Foral de",31,Navarra,31025,ARAKIL
15,"15 Navarra, Com. Foral de",31,Navarra,31021,ARANARACHE/ARANARATXE
15,"15 Navarra, Com. Foral de",31,Navarra,31023,ARANGUREN
15,"15 Navarra, Com. Foral de",31,Navarra,31024,ARANO
15,"15 Navarra, Com. Foral de",31,Navarra,31022,ARANTZA
15,"15 Navarra, Com. Foral de",31,Navarra,31026,ARAS
15,"15 Navarra, Com. Foral de",31,Navarra,31027,ARBIZU
15,"15 Navarra, Com. Foral de",31,Navarra,31028,ARCE/ARTZI
15,"15 Navarra, Com. Foral de",31,Navarra,31029,ARCOS (LOS)
15,"15 Navarra, Com. Foral de",31,Navarra,31030,ARELLANO
15,"15 Navarra, Com. Foral de",31,Navarra,31031,ARESO
15,"15 Navarra, Com. Foral de",31,Navarra,31032,ARGUEDAS
15,"15 Navarra, Com. Foral de",31,Navarra,31033,ARIA
15,"15 Navarra, Com. Foral de",31,Navarra,31034,ARIBE
15,"15 Navarra, Com. Foral de",31,Navarra,31035,ARMAÑANZAS
15,"15 Navarra, Com. Foral de",31,Navarra,31036,ARRÓNIZ
15,"15 Navarra, Com. Foral de",31,Navarra,31037,ARRUAZU
15,"15 Navarra, Com. Foral de",31,Navarra,31038,ARTAJONA
15,"15 Navarra, Com. Foral de",31,Navarra,31039,ARTAZU
15,"15 Navarra, Com. Foral de",31,Navarra,31040,ATEZ/ATETZ
15,"15 Navarra, Com. Foral de",31,Navarra,31058,AURITZ/BURGUETE
15,"15 Navarra, Com. Foral de",31,Navarra,31041,AYEGUI/AIEGI
15,"15 Navarra, Com. Foral de",31,Navarra,31042,AZAGRA
15,"15 Navarra, Com. Foral de",31,Navarra,31043,AZUELO
15,"15 Navarra, Com. Foral de",31,Navarra,31044,BAKAIKU
15,"15 Navarra, Com. Foral de",31,Navarra,31901,BARAÑÁIN/BARAÑAIN
15,"15 Navarra, Com. Foral de",31,Navarra,31045,BARÁSOAIN
15,"15 Navarra, Com. Foral de",31,Navarra,31046,BARBARIN
15,"15 Navarra, Com. Foral de",31,Navarra,31047,BARGOTA
15,"15 Navarra, Com. Foral de",31,Navarra,31048,BARILLAS
15,"15 Navarra, Com. Foral de",31,Navarra,31049,BASABURUA
15,"15 Navarra, Com. Foral de",31,Navarra,31050,BAZTAN
15,"15 Navarra, Com. Foral de",31,Navarra,31137,BEINTZA-LABAIEN
15,"15 Navarra, Com. Foral de",31,Navarra,31051,BEIRE
15,"15 Navarra, Com. Foral de",31,Navarra,31052,BELASCOÁIN
15,"15 Navarra, Com. Foral de",31,Navarra,31250,BERA
15,"15 Navarra, Com. Foral de",31,Navarra,31053,BERBINZANA
15,"15 Navarra, Com. Foral de",31,Navarra,31905,BERIÁIN
15,"15 Navarra, Com. Foral de",31,Navarra,31902,BERRIOPLANO/BERRIOBEITI
15,"15 Navarra, Com. Foral de",31,Navarra,31903,BERRIOZAR
15,"15 Navarra, Com. Foral de",31,Navarra,31054,BERTIZARANA
15,"15 Navarra, Com. Foral de",31,Navarra,31055,BETELU
15,"15 Navarra, Com. Foral de",31,Navarra,31253,BIDAURRETA
15,"15 Navarra, Com. Foral de",31,Navarra,31056,BIURRUN-OLCOZ
15,"15 Navarra, Com. Foral de",31,Navarra,31057,BUÑUEL
15,"15 Navarra, Com. Foral de",31,Navarra,31059,BURGUI/BURGI
15,"15 Navarra, Com. Foral de",31,Navarra,31060,BURLADA/BURLATA
15,"15 Navarra, Com. Foral de",31,Navarra,31061,BUSTO (EL)
15,"15 Navarra, Com. Foral de",31,Navarra,31062,CABANILLAS
15,"15 Navarra, Com. Foral de",31,Navarra,31063,CABREDO
15,"15 Navarra, Com. Foral de",31,Navarra,31064,CADREITA
15,"15 Navarra, Com. Foral de",31,Navarra,31065,CAPARROSO
15,"15 Navarra, Com. Foral de",31,Navarra,31066,CÁRCAR
15,"15 Navarra, Com. Foral de",31,Navarra,31067,CARCASTILLO
15,"15 Navarra, Com. Foral de",31,Navarra,31068,CASCANTE
15,"15 Navarra, Com. Foral de",31,Navarra,31069,CÁSEDA
15,"15 Navarra, Com. Foral de",31,Navarra,31070,CASTEJÓN
15,"15 Navarra, Com. Foral de",31,Navarra,31071,CASTILLONUEVO
15,"15 Navarra, Com. Foral de",31,Navarra,31193,CENDEA DE OLZA/OLTZA ZENDEA
15,"15 Navarra, Com. Foral de",31,Navarra,31072,CINTRUÉNIGO
15,"15 Navarra, Com. Foral de",31,Navarra,31074,CIRAUQUI/ZIRAUKI
15,"15 Navarra, Com. Foral de",31,Navarra,31075,CIRIZA/ZIRITZA
15,"15 Navarra, Com. Foral de",31,Navarra,31076,CIZUR
15,"15 Navarra, Com. Foral de",31,Navarra,31077,CORELLA
15,"15 Navarra, Com. Foral de",31,Navarra,31078,CORTES
15,"15 Navarra, Com. Foral de",31,Navarra,31079,DESOJO
15,"15 Navarra, Com. Foral de",31,Navarra,31080,DICASTILLO
15,"15 Navarra, Com. Foral de",31,Navarra,31081,DONAMARIA
15,"15 Navarra, Com. Foral de",31,Navarra,31221,DONEZTEBE/SANTESTEBAN
15,"15 Navarra, Com. Foral de",31,Navarra,31083,ECHARRI/ETXARRI
15,"15 Navarra, Com. Foral de",31,Navarra,31087,ELGORRIAGA
15,"15 Navarra, Com. Foral de",31,Navarra,31089,ENÉRIZ/ENERITZ
15,"15 Navarra, Com. Foral de",31,Navarra,31090,ERATSUN
15,"15 Navarra, Com. Foral de",31,Navarra,31091,ERGOIENA
15,"15 Navarra, Com. Foral de",31,Navarra,31092,ERRO
15,"15 Navarra, Com. Foral de",31,Navarra,31094,ESLAVA
15,"15 Navarra, Com. Foral de",31,Navarra,31095,ESPARZA DE SALAZAR/ESPARTZA ZARAITZU
15,"15 Navarra, Com. Foral de",31,Navarra,31096,ESPRONCEDA
15,"15 Navarra, Com. Foral de",31,Navarra,31097,ESTELLA-LIZARRA
15,"15 Navarra, Com. Foral de",31,Navarra,31098,ESTERIBAR
15,"15 Navarra, Com. Foral de",31,Navarra,31099,ETAYO
15,"15 Navarra, Com. Foral de",31,Navarra,31082,ETXALAR
15,"15 Navarra, Com. Foral de",31,Navarra,31084,ETXARRI ARANATZ
15,"15 Navarra, Com. Foral de",31,Navarra,31085,ETXAURI
15,"15 Navarra, Com. Foral de",31,Navarra,31100,EULATE
15,"15 Navarra, Com. Foral de",31,Navarra,31101,EZCABARTE
15,"15 Navarra, Com. Foral de",31,Navarra,31093,EZCÁROZ/EZKAROZE
15,"15 Navarra, Com. Foral de",31,Navarra,31102,EZKURRA
15,"15 Navarra, Com. Foral de",31,Navarra,31103,EZPROGUI
15,"15 Navarra, Com. Foral de",31,Navarra,31104,FALCES
15,"15 Navarra, Com. Foral de",31,Navarra,31105,FITERO
15,"15 Navarra, Com. Foral de",31,Navarra,31106,FONTELLAS
15,"15 Navarra, Com. Foral de",31,Navarra,31107,FUNES
15,"15 Navarra, Com. Foral de",31,Navarra,31108,FUSTIÑANA
15,"15 Navarra, Com. Foral de",31,Navarra,31109,GALAR
15,"15 Navarra, Com. Foral de",31,Navarra,31110,GALLIPIENZO/GALIPENTZU
15,"15 Navarra, Com. Foral de",31,Navarra,31111,GALLUÉS/GALOZE
15,"15 Navarra, Com. Foral de",31,Navarra,31112,GARAIOA
15,"15 Navarra, Com. Foral de",31,Navarra,31113,GARDE
15,"15 Navarra, Com. Foral de",31,Navarra,31114,GARÍNOAIN
15,"15 Navarra, Com. Foral de",31,Navarra,31115,GARRALDA
15,"15 Navarra, Com. Foral de",31,Navarra,31116,GENEVILLA
15,"15 Navarra, Com. Foral de",31,Navarra,31117,GOIZUETA
15,"15 Navarra, Com. Foral de",31,Navarra,31118,GOÑI
15,"15 Navarra, Com. Foral de",31,Navarra,31119,GÜESA/GORZA
15,"15 Navarra, Com. Foral de",31,Navarra,31120,GUESÁLAZ/GESALATZ
15,"15 Navarra, Com. Foral de",31,Navarra,31121,GUIRGUILLANO
15,"15 Navarra, Com. Foral de",31,Navarra,31256,HIRIBERRI/VILLANUEVA DE AEZKOA
15,"15 Navarra, Com. Foral de",31,Navarra,31122,HUARTE/UHARTE
15,"15 Navarra, Com. Foral de",31,Navarra,31124,IBARGOITI
15,"15 Navarra, Com. Foral de",31,Navarra,31259,IGANTZI
15,"15 Navarra, Com. Foral de",31,Navarra,31125,IGÚZQUIZA
15,"15 Navarra, Com. Foral de",31,Navarra,31126,IMOTZ
15,"15 Navarra, Com. Foral de",31,Navarra,31127,IRAÑETA
15,"15 Navarra, Com. Foral de",31,Navarra,31904,IRURTZUN
15,"15 Navarra, Com. Foral de",31,Navarra,31128,ISABA/IZABA
15,"15 Navarra, Com. Foral de",31,Navarra,31129,ITUREN
15,"15 Navarra, Com. Foral de",31,Navarra,31130,ITURMENDI
15,"15 Navarra, Com. Foral de",31,Navarra,31132,IZAGAONDOA
15,"15 Navarra, Com. Foral de",31,Navarra,31131,IZA/ITZA
15,"15 Navarra, Com. Foral de",31,Navarra,31133,IZALZU/ITZALTZU
15,"15 Navarra, Com. Foral de",31,Navarra,31134,JAURRIETA
15,"15 Navarra, Com. Foral de",31,Navarra,31135,JAVIER
15,"15 Navarra, Com. Foral de",31,Navarra,31136,JUSLAPEÑA/TXULAPAIN
15,"15 Navarra, Com. Foral de",31,Navarra,31138,LAKUNTZA
15,"15 Navarra, Com. Foral de",31,Navarra,31139,LANA
15,"15 Navarra, Com. Foral de",31,Navarra,31140,LANTZ
15,"15 Navarra, Com. Foral de",31,Navarra,31141,LAPOBLACIÓN
15,"15 Navarra, Com. Foral de",31,Navarra,31142,LARRAGA
15,"15 Navarra, Com. Foral de",31,Navarra,31143,LARRAONA
15,"15 Navarra, Com. Foral de",31,Navarra,31144,LARRAUN
15,"15 Navarra, Com. Foral de",31,Navarra,31145,LAZAGURRÍA
15,"15 Navarra, Com. Foral de",31,Navarra,31146,LEACHE/LEATXE
15,"15 Navarra, Com. Foral de",31,Navarra,31147,LEGARDA
15,"15 Navarra, Com. Foral de",31,Navarra,31148,LEGARIA
15,"15 Navarra, Com. Foral de",31,Navarra,31149,LEITZA
15,"15 Navarra, Com. Foral de",31,Navarra,31908,LEKUNBERRI
15,"15 Navarra, Com. Foral de",31,Navarra,31150,LEOZ/LEOTZ
15,"15 Navarra, Com. Foral de",31,Navarra,31151,LERGA
15,"15 Navarra, Com. Foral de",31,Navarra,31152,LERÍN
15,"15 Navarra, Com. Foral de",31,Navarra,31153,LESAKA
15,"15 Navarra, Com. Foral de",31,Navarra,31154,LEZAUN
15,"15 Navarra, Com. Foral de",31,Navarra,31155,LIÉDENA
15,"15 Navarra, Com. Foral de",31,Navarra,31156,LIZOAIN-ARRIASGOITI/LIZOAINIBAR-ARRIASGOITI
15,"15 Navarra, Com. Foral de",31,Navarra,31157,LODOSA
15,"15 Navarra, Com. Foral de",31,Navarra,31158,LÓNGUIDA/LONGIDA
15,"15 Navarra, Com. Foral de",31,Navarra,31159,LUMBIER
15,"15 Navarra, Com. Foral de",31,Navarra,31160,LUQUIN
15,"15 Navarra, Com. Foral de",31,Navarra,31248,LUZAIDE/VALCARLOS
15,"15 Navarra, Com. Foral de",31,Navarra,31161,MAÑERU
15,"15 Navarra, Com. Foral de",31,Navarra,31162,MARAÑÓN
15,"15 Navarra, Com. Foral de",31,Navarra,31163,MARCILLA
15,"15 Navarra, Com. Foral de",31,Navarra,31164,MÉLIDA
15,"15 Navarra, Com. Foral de",31,Navarra,31165,MENDAVIA
15,"15 Navarra, Com. Foral de",31,Navarra,31166,MENDAZA
15,"15 Navarra, Com. Foral de",31,Navarra,31167,MENDIGORRIA
15,"15 Navarra, Com. Foral de",31,Navarra,31168,METAUTEN
15,"15 Navarra, Com. Foral de",31,Navarra,31169,MILAGRO
15,"15 Navarra, Com. Foral de",31,Navarra,31170,MIRAFUENTES
15,"15 Navarra, Com. Foral de",31,Navarra,31171,MIRANDA DE ARGA
15,"15 Navarra, Com. Foral de",31,Navarra,31172,MONREAL/ELO
15,"15 Navarra, Com. Foral de",31,Navarra,31173,MONTEAGUDO
15,"15 Navarra, Com. Foral de",31,Navarra,31174,MORENTIN
15,"15 Navarra, Com. Foral de",31,Navarra,31175,MUES
15,"15 Navarra, Com. Foral de",31,Navarra,31176,MURCHANTE
15,"15 Navarra, Com. Foral de",31,Navarra,31177,MURIETA
15,"15 Navarra, Com. Foral de",31,Navarra,31178,MURILLO EL CUENDE
15,"15 Navarra, Com. Foral de",31,Navarra,31179,MURILLO EL FRUTO
15,"15 Navarra, Com. Foral de",31,Navarra,31180,MURUZÁBAL
15,"15 Navarra, Com. Foral de",31,Navarra,31181,NAVASCUÉS/NABASKOZE
15,"15 Navarra, Com. Foral de",31,Navarra,31182,NAZAR
15,"15 Navarra, Com. Foral de",31,Navarra,31088,NOÁIN (VALLE DE ELORZ)/NOAIN (ELORTZIBAR)
15,"15 Navarra, Com. Foral de",31,Navarra,31183,OBANOS
15,"15 Navarra, Com. Foral de",31,Navarra,31185,OCHAGAVÍA/OTSAGABIA
15,"15 Navarra, Com. Foral de",31,Navarra,31184,OCO
15,"15 Navarra, Com. Foral de",31,Navarra,31186,ODIETA
15,"15 Navarra, Com. Foral de",31,Navarra,31187,OIZ
15,"15 Navarra, Com. Foral de",31,Navarra,31188,OLAIBAR
15,"15 Navarra, Com. Foral de",31,Navarra,31189,OLAZTI/OLAZAGUTÍA
15,"15 Navarra, Com. Foral de",31,Navarra,31190,OLEJUA
15,"15 Navarra, Com. Foral de",31,Navarra,31191,OLITE/ERRIBERRI
15,"15 Navarra, Com. Foral de",31,Navarra,31192,OLÓRIZ/OLORITZ
15,"15 Navarra, Com. Foral de",31,Navarra,31195,ORBAIZETA
15,"15 Navarra, Com. Foral de",31,Navarra,31196,ORBARA
15,"15 Navarra, Com. Foral de",31,Navarra,31197,ORÍSOAIN
15,"15 Navarra, Com. Foral de",31,Navarra,31906,ORKOIEN
15,"15 Navarra, Com. Foral de",31,Navarra,31198,ORONZ/ORONTZE
15,"15 Navarra, Com. Foral de",31,Navarra,31199,OROZ-BETELU/OROTZ-BETELU
15,"15 Navarra, Com. Foral de",31,Navarra,31211,ORREAGA/RONCESVALLES
15,"15 Navarra, Com. Foral de",31,Navarra,31200,OTEIZA
15,"15 Navarra, Com. Foral de",31,Navarra,31201,PAMPLONA/IRUÑA
15,"15 Navarra, Com. Foral de",31,Navarra,31202,PERALTA/AZKOIEN
15,"15 Navarra, Com. Foral de",31,Navarra,31203,PETILLA DE ARAGÓN
15,"15 Navarra, Com. Foral de",31,Navarra,31204,PIEDRAMILLERA
15,"15 Navarra, Com. Foral de",31,Navarra,31205,PITILLAS
15,"15 Navarra, Com. Foral de",31,Navarra,31206,PUENTE LA REINA/GARES
15,"15 Navarra, Com. Foral de",31,Navarra,31207,PUEYO/PUIU
15,"15 Navarra, Com. Foral de",31,Navarra,31208,RIBAFORADA
15,"15 Navarra, Com. Foral de",31,Navarra,31209,ROMANZADO/ERROMANTZATUA
15,"15 Navarra, Com. Foral de",31,Navarra,31210,RONCAL/ERRONKARI
15,"15 Navarra, Com. Foral de",31,Navarra,31212,SADA
15,"15 Navarra, Com. Foral de",31,Navarra,31213,SALDÍAS
15,"15 Navarra, Com. Foral de",31,Navarra,31214,SALINAS DE ORO/JAITZ
15,"15 Navarra, Com. Foral de",31,Navarra,31215,SAN ADRIÁN
15,"15 Navarra, Com. Foral de",31,Navarra,31217,SAN MARTÍN DE UNX
15,"15 Navarra, Com. Foral de",31,Navarra,31216,SANGÜESA/ZANGOZA
15,"15 Navarra, Com. Foral de",31,Navarra,31219,SANSOL
15,"15 Navarra, Com. Foral de",31,Navarra,31220,SANTACARA
15,"15 Navarra, Com. Foral de",31,Navarra,31222,SARRIÉS/SARTZE
15,"15 Navarra, Com. Foral de",31,Navarra,31223,SARTAGUDA
15,"15 Navarra, Com. Foral de",31,Navarra,31224,SESMA
15,"15 Navarra, Com. Foral de",31,Navarra,31225,SORLADA
15,"15 Navarra, Com. Foral de",31,Navarra,31226,SUNBILLA
15,"15 Navarra, Com. Foral de",31,Navarra,31227,TAFALLA
15,"15 Navarra, Com. Foral de",31,Navarra,31228,TIEBAS-MURUARTE DE RETA
15,"15 Navarra, Com. Foral de",31,Navarra,31229,TIRAPU
15,"15 Navarra, Com. Foral de",31,Navarra,31230,TORRALBA DEL RÍO
15,"15 Navarra, Com. Foral de",31,Navarra,31231,TORRES DEL RÍO
15,"15 Navarra, Com. Foral de",31,Navarra,31232,TUDELA
15,"15 Navarra, Com. Foral de",31,Navarra,31233,TULEBRAS
15,"15 Navarra, Com. Foral de",31,Navarra,31234,UCAR
15,"15 Navarra, Com. Foral de",31,Navarra,31123,UHARTE ARAKIL
15,"15 Navarra, Com. Foral de",31,Navarra,31235,UJUÉ/UXUE
15,"15 Navarra, Com. Foral de",31,Navarra,31236,ULTZAMA
15,"15 Navarra, Com. Foral de",31,Navarra,31237,UNCITI
15,"15 Navarra, Com. Foral de",31,Navarra,31238,UNZUÉ/UNTZUE
15,"15 Navarra, Com. Foral de",31,Navarra,31239,URDAZUBI/URDAX
15,"15 Navarra, Com. Foral de",31,Navarra,31240,URDIAIN
15,"15 Navarra, Com. Foral de",31,Navarra,31241,URRAUL ALTO
15,"15 Navarra, Com. Foral de",31,Navarra,31242,URRAUL BAJO
15,"15 Navarra, Com. Foral de",31,Navarra,31244,URROZ
15,"15 Navarra, Com. Foral de",31,Navarra,31243,URROZ-VILLA
15,"15 Navarra, Com. Foral de",31,Navarra,31245,URZAINQUI/URZAINKI
15,"15 Navarra, Com. Foral de",31,Navarra,31246,UTERGA
15,"15 Navarra, Com. Foral de",31,Navarra,31247,UZTÁRROZ/UZTARROZE
15,"15 Navarra, Com. Foral de",31,Navarra,31086,VALLE DE EGÜÉS/EGUESIBAR
15,"15 Navarra, Com. Foral de",31,Navarra,31194,VALLE DE OLLO/OLLARAN
15,"15 Navarra, Com. Foral de",31,Navarra,31260,VALLE DE YERRI/DEIERRI
15,"15 Navarra, Com. Foral de",31,Navarra,31249,VALTIERRA
15,"15 Navarra, Com. Foral de",31,Navarra,31251,VIANA
15,"15 Navarra, Com. Foral de",31,Navarra,31252,VIDÁNGOZ/BIDANKOZE
15,"15 Navarra, Com. Foral de",31,Navarra,31254,VILLAFRANCA
15,"15 Navarra, Com. Foral de",31,Navarra,31255,VILLAMAYOR DE MONJARDÍN
15,"15 Navarra, Com. Foral de",31,Navarra,31257,VILLATUERTA
15,"15 Navarra, Com. Foral de",31,Navarra,31258,VILLAVA/ATARRABIA
15,"15 Navarra, Com. Foral de",31,Navarra,31261,YESA
15,"15 Navarra, Com. Foral de",31,Navarra,31262,ZABALZA/ZABALTZA
15,"15 Navarra, Com. Foral de",31,Navarra,31073,ZIORDIA
15,"15 Navarra, Com. Foral de",31,Navarra,31907,ZIZUR MAYOR/ZIZUR NAGUSIA
15,"15 Navarra, Com. Foral de",31,Navarra,31263,ZUBIETA
15,"15 Navarra, Com. Foral de",31,Navarra,31264,ZUGARRAMURDI
15,"15 Navarra, Com. Foral de",31,Navarra,31265,ZÚÑIGA
16,16 País Vasco,1,Alava,1051,AGURAIN/SALVATIERRA
16,16 País Vasco,1,Alava,1001,ALEGRÍA-DULANTZI
16,16 País Vasco,1,Alava,1002,AMURRIO
16,16 País Vasco,1,Alava,1049,AÑANA
16,16 País Vasco,1,Alava,1003,ARAMAIO
16,16 País Vasco,1,Alava,1006,ARMIÑÓN
16,16 País Vasco,1,Alava,1037,ARRAIA-MAEZTU
16,16 País Vasco,1,Alava,1008,ARRATZUA-UBARRUNDIA
16,16 País Vasco,1,Alava,1004,ARTZINIEGA
16,16 País Vasco,1,Alava,1009,ASPARRENA
16,16 País Vasco,1,Alava,1010,AYALA/AIARA
16,16 País Vasco,1,Alava,1011,BAÑOS DE EBRO/MAÑUETA
16,16 País Vasco,1,Alava,1013,BARRUNDIA
16,16 País Vasco,1,Alava,1014,BERANTEVILLA
16,16 País Vasco,1,Alava,1016,BERNEDO
16,16 País Vasco,1,Alava,1017,CAMPEZO/KANPEZU
16,16 País Vasco,1,Alava,1021,ELBURGO/BURGELU
16,16 País Vasco,1,Alava,1022,ELCIEGO
16,16 País Vasco,1,Alava,1023,ELVILLAR/BILAR
16,16 País Vasco,1,Alava,1047,ERRIBERABEITIA
16,16 País Vasco,1,Alava,1046,ERRIBERAGOITIA/RIBERA ALTA
16,16 País Vasco,1,Alava,1056,HARANA/VALLE DE ARANA
16,16 País Vasco,1,Alava,1901,IRUÑA OKA/IRUÑA DE OCA
16,16 País Vasco,1,Alava,1027,IRURAIZ-GAUNA
16,16 País Vasco,1,Alava,1019,KRIPAN
16,16 País Vasco,1,Alava,1020,KUARTANGO
16,16 País Vasco,1,Alava,1028,LABASTIDA/BASTIDA
16,16 País Vasco,1,Alava,1030,LAGRÁN
16,16 País Vasco,1,Alava,1031,LAGUARDIA
16,16 País Vasco,1,Alava,1032,LANCIEGO/LANTZIEGO
16,16 País Vasco,1,Alava,1902,LANTARÓN
16,16 País Vasco,1,Alava,1033,LAPUEBLA DE LABARCA
16,16 País Vasco,1,Alava,1036,LAUDIO/LLODIO
16,16 País Vasco,1,Alava,1058,LEGUTIO
16,16 País Vasco,1,Alava,1034,LEZA
16,16 País Vasco,1,Alava,1039,MOREDA DE ÁLAVA/MOREDA ARABA
16,16 País Vasco,1,Alava,1041,NAVARIDAS
16,16 País Vasco,1,Alava,1042,OKONDO
16,16 País Vasco,1,Alava,1043,OYÓN-OION
16,16 País Vasco,1,Alava,1044,PEÑACERRADA-URIZAHARRA
16,16 País Vasco,1,Alava,1052,SAMANIEGO
16,16 País Vasco,1,Alava,1053,SAN MILLÁN/DONEMILIAGA
16,16 País Vasco,1,Alava,1054,URKABUSTAIZ
16,16 País Vasco,1,Alava,1055,VALDEGOVÍA/GAUBEA
16,16 País Vasco,1,Alava,1057,VILLABUENA DE ÁLAVA/ESKUERNAGA
16,16 País Vasco,1,Alava,1059,VITORIA-GASTEIZ
16,16 País Vasco,1,Alava,1060,YÉCORA/IEKORA
16,16 País Vasco,1,Alava,1061,ZALDUONDO
16,16 País Vasco,1,Alava,1062,ZAMBRANA
16,16 País Vasco,1,Alava,1018,ZIGOITIA
16,16 País Vasco,1,Alava,1063,ZUIA
16,16 País Vasco,20,Guipúzcoa,20001,ABALTZISKETA
16,16 País Vasco,20,Guipúzcoa,20002,ADUNA
16,16 País Vasco,20,Guipúzcoa,20016,AIA
16,16 País Vasco,20,Guipúzcoa,20003,AIZARNAZABAL
16,16 País Vasco,20,Guipúzcoa,20004,ALBIZTUR
16,16 País Vasco,20,Guipúzcoa,20005,ALEGIA
16,16 País Vasco,20,Guipúzcoa,20006,ALKIZA
16,16 País Vasco,20,Guipúzcoa,20906,ALTZAGA
16,16 País Vasco,20,Guipúzcoa,20007,ALTZO
16,16 País Vasco,20,Guipúzcoa,20008,AMEZKETA
16,16 País Vasco,20,Guipúzcoa,20009,ANDOAIN
16,16 País Vasco,20,Guipúzcoa,20010,ANOETA
16,16 País Vasco,20,Guipúzcoa,20011,ANTZUOLA
16,16 País Vasco,20,Guipúzcoa,20012,ARAMA
16,16 País Vasco,20,Guipúzcoa,20013,ARETXABALETA
16,16 País Vasco,20,Guipúzcoa,20055,ARRASATE/MONDRAGÓN
16,16 País Vasco,20,Guipúzcoa,20014,ASTEASU
16,16 País Vasco,20,Guipúzcoa,20903,ASTIGARRAGA
16,16 País Vasco,20,Guipúzcoa,20015,ATAUN
16,16 País Vasco,20,Guipúzcoa,20017,AZKOITIA
16,16 País Vasco,20,Guipúzcoa,20018,AZPEITIA
16,16 País Vasco,20,Guipúzcoa,20904,BALIARRAIN
16,16 País Vasco,20,Guipúzcoa,20019,BEASAIN
16,16 País Vasco,20,Guipúzcoa,20020,BEIZAMA
16,16 País Vasco,20,Guipúzcoa,20021,BELAUNTZA
16,16 País Vasco,20,Guipúzcoa,20022,BERASTEGI
16,16 País Vasco,20,Guipúzcoa,20074,BERGARA
16,16 País Vasco,20,Guipúzcoa,20023,BERROBI
16,16 País Vasco,20,Guipúzcoa,20024,BIDANIA-GOIATZ
16,16 País Vasco,20,Guipúzcoa,20029,DEBA
16,16 País Vasco,20,Guipúzcoa,20069,DONOSTIA/SAN SEBASTIÁN
16,16 País Vasco,20,Guipúzcoa,20030,EIBAR
16,16 País Vasco,20,Guipúzcoa,20031,ELDUAIN
16,16 País Vasco,20,Guipúzcoa,20033,ELGETA
16,16 País Vasco,20,Guipúzcoa,20032,ELGOIBAR
16,16 País Vasco,20,Guipúzcoa,20067,ERRENTERIA
16,16 País Vasco,20,Guipúzcoa,20066,ERREZIL
16,16 País Vasco,20,Guipúzcoa,20034,ESKORIATZA
16,16 País Vasco,20,Guipúzcoa,20035,EZKIO-ITSASO
16,16 País Vasco,20,Guipúzcoa,20038,GABIRIA
16,16 País Vasco,20,Guipúzcoa,20037,GAINTZA
16,16 País Vasco,20,Guipúzcoa,20907,GAZTELU
16,16 País Vasco,20,Guipúzcoa,20039,GETARIA
16,16 País Vasco,20,Guipúzcoa,20040,HERNANI
16,16 País Vasco,20,Guipúzcoa,20041,HERNIALDE
16,16 País Vasco,20,Guipúzcoa,20036,HONDARRIBIA
16,16 País Vasco,20,Guipúzcoa,20042,IBARRA
16,16 País Vasco,20,Guipúzcoa,20043,IDIAZABAL
16,16 País Vasco,20,Guipúzcoa,20044,IKAZTEGIETA
16,16 País Vasco,20,Guipúzcoa,20045,IRUN
16,16 País Vasco,20,Guipúzcoa,20046,IRURA
16,16 País Vasco,20,Guipúzcoa,20047,ITSASONDO
16,16 País Vasco,20,Guipúzcoa,20048,LARRAUL
16,16 País Vasco,20,Guipúzcoa,20902,LASARTE-ORIA
16,16 País Vasco,20,Guipúzcoa,20049,LAZKAO
16,16 País Vasco,20,Guipúzcoa,20050,LEABURU
16,16 País Vasco,20,Guipúzcoa,20051,LEGAZPI
16,16 País Vasco,20,Guipúzcoa,20052,LEGORRETA
16,16 País Vasco,20,Guipúzcoa,20068,LEINTZ-GATZAGA
16,16 País Vasco,20,Guipúzcoa,20053,LEZO
16,16 País Vasco,20,Guipúzcoa,20054,LIZARTZA
16,16 País Vasco,20,Guipúzcoa,20901,MENDARO
16,16 País Vasco,20,Guipúzcoa,20057,MUTILOA
16,16 País Vasco,20,Guipúzcoa,20056,MUTRIKU
16,16 País Vasco,20,Guipúzcoa,20063,OIARTZUN
16,16 País Vasco,20,Guipúzcoa,20058,OLABERRIA
16,16 País Vasco,20,Guipúzcoa,20059,OÑATI
16,16 País Vasco,20,Guipúzcoa,20076,ORDIZIA
16,16 País Vasco,20,Guipúzcoa,20905,ORENDAIN
16,16 País Vasco,20,Guipúzcoa,20060,OREXA
16,16 País Vasco,20,Guipúzcoa,20061,ORIO
16,16 País Vasco,20,Guipúzcoa,20062,ORMAIZTEGI
16,16 País Vasco,20,Guipúzcoa,20064,PASAIA
16,16 País Vasco,20,Guipúzcoa,20070,SEGURA
16,16 País Vasco,20,Guipúzcoa,20065,SORALUZE-PLACENCIA DE LAS ARMAS
16,16 País Vasco,20,Guipúzcoa,20071,TOLOSA
16,16 País Vasco,20,Guipúzcoa,20072,URNIETA
16,16 País Vasco,20,Guipúzcoa,20077,URRETXU
16,16 País Vasco,20,Guipúzcoa,20073,USURBIL
16,16 País Vasco,20,Guipúzcoa,20075,VILLABONA
16,16 País Vasco,20,Guipúzcoa,20078,ZALDIBIA
16,16 País Vasco,20,Guipúzcoa,20079,ZARAUTZ
16,16 País Vasco,20,Guipúzcoa,20025,ZEGAMA
16,16 País Vasco,20,Guipúzcoa,20026,ZERAIN
16,16 País Vasco,20,Guipúzcoa,20027,ZESTOA
16,16 País Vasco,20,Guipúzcoa,20028,ZIZURKIL
16,16 País Vasco,20,Guipúzcoa,20081,ZUMAIA
16,16 País Vasco,20,Guipúzcoa,20080,ZUMARRAGA
16,16 País Vasco,48,Vizcaya,48001,ABADIÑO
16,16 País Vasco,48,Vizcaya,48002,ABANTO Y CIÉRVANA-ABANTO ZIERBENA
16,16 País Vasco,48,Vizcaya,48911,AJANGIZ
16,16 País Vasco,48,Vizcaya,48912,ALONSOTEGI
16,16 País Vasco,48,Vizcaya,48003,AMOREBIETA-ETXANO
16,16 País Vasco,48,Vizcaya,48004,AMOROTO
16,16 País Vasco,48,Vizcaya,48005,ARAKALDO
16,16 País Vasco,48,Vizcaya,48006,ARANTZAZU
16,16 País Vasco,48,Vizcaya,48093,AREATZA
16,16 País Vasco,48,Vizcaya,48009,ARRANKUDIAGA-ZOLLO
16,16 País Vasco,48,Vizcaya,48914,ARRATZU
16,16 País Vasco,48,Vizcaya,48010,ARRIETA
16,16 País Vasco,48,Vizcaya,48011,ARRIGORRIAGA
16,16 País Vasco,48,Vizcaya,48023,ARTEA
16,16 País Vasco,48,Vizcaya,48008,ARTZENTALES
16,16 País Vasco,48,Vizcaya,48091,ATXONDO
16,16 País Vasco,48,Vizcaya,48070,AULESTI
16,16 País Vasco,48,Vizcaya,48012,BAKIO
16,16 País Vasco,48,Vizcaya,48090,BALMASEDA
16,16 País Vasco,48,Vizcaya,48013,BARAKALDO
16,16 País Vasco,48,Vizcaya,48014,BARRIKA
16,16 País Vasco,48,Vizcaya,48015,BASAURI
16,16 País Vasco,48,Vizcaya,48092,BEDIA
16,16 País Vasco,48,Vizcaya,48016,BERANGO
16,16 País Vasco,48,Vizcaya,48017,BERMEO
16,16 País Vasco,48,Vizcaya,48018,BERRIATUA
16,16 País Vasco,48,Vizcaya,48019,BERRIZ
16,16 País Vasco,48,Vizcaya,48020,BILBAO
16,16 País Vasco,48,Vizcaya,48021,BUSTURIA
16,16 País Vasco,48,Vizcaya,48901,DERIO
16,16 País Vasco,48,Vizcaya,48026,DIMA
16,16 País Vasco,48,Vizcaya,48027,DURANGO
16,16 País Vasco,48,Vizcaya,48028,EA
16,16 País Vasco,48,Vizcaya,48031,ELANTXOBE
16,16 País Vasco,48,Vizcaya,48032,ELORRIO
16,16 País Vasco,48,Vizcaya,48902,ERANDIO
16,16 País Vasco,48,Vizcaya,48033,EREÑO
16,16 País Vasco,48,Vizcaya,48034,ERMUA
16,16 País Vasco,48,Vizcaya,48079,ERRIGOITI
16,16 País Vasco,48,Vizcaya,48029,ETXEBARRI
16,16 País Vasco,48,Vizcaya,48030,ETXEBARRIA
16,16 País Vasco,48,Vizcaya,48906,FORUA
16,16 País Vasco,48,Vizcaya,48035,FRUIZ
16,16 País Vasco,48,Vizcaya,48036,GALDAKAO
16,16 País Vasco,48,Vizcaya,48037,GALDAMES
16,16 País Vasco,48,Vizcaya,48038,GAMIZ-FIKA
16,16 País Vasco,48,Vizcaya,48039,GARAI
16,16 País Vasco,48,Vizcaya,48040,GATIKA
16,16 País Vasco,48,Vizcaya,48041,GAUTEGIZ ARTEAGA
16,16 País Vasco,48,Vizcaya,48046,GERNIKA-LUMO
16,16 País Vasco,48,Vizcaya,48044,GETXO
16,16 País Vasco,48,Vizcaya,48047,GIZABURUAGA
16,16 País Vasco,48,Vizcaya,48042,GORDEXOLA
16,16 País Vasco,48,Vizcaya,48043,GORLIZ
16,16 País Vasco,48,Vizcaya,48045,GÜEÑES
16,16 País Vasco,48,Vizcaya,48048,IBARRANGELU
16,16 País Vasco,48,Vizcaya,48094,IGORRE
16,16 País Vasco,48,Vizcaya,48049,ISPASTER
16,16 País Vasco,48,Vizcaya,48910,IURRETA
16,16 País Vasco,48,Vizcaya,48050,IZURTZA
16,16 País Vasco,48,Vizcaya,48022,KARRANTZA HARANA/VALLE DE CARRANZA
16,16 País Vasco,48,Vizcaya,48907,KORTEZUBI
16,16 País Vasco,48,Vizcaya,48051,LANESTOSA
16,16 País Vasco,48,Vizcaya,48052,LARRABETZU
16,16 País Vasco,48,Vizcaya,48053,LAUKIZ
16,16 País Vasco,48,Vizcaya,48054,LEIOA
16,16 País Vasco,48,Vizcaya,48057,LEKEITIO
16,16 País Vasco,48,Vizcaya,48055,LEMOA
16,16 País Vasco,48,Vizcaya,48056,LEMOIZ
16,16 País Vasco,48,Vizcaya,48081,LEZAMA
16,16 País Vasco,48,Vizcaya,48903,LOIU
16,16 País Vasco,48,Vizcaya,48058,MALLABIA
16,16 País Vasco,48,Vizcaya,48059,MAÑARIA
16,16 País Vasco,48,Vizcaya,48060,MARKINA-XEMEIN
16,16 País Vasco,48,Vizcaya,48061,MARURI-JATABE
16,16 País Vasco,48,Vizcaya,48062,MENDATA
16,16 País Vasco,48,Vizcaya,48063,MENDEXA
16,16 País Vasco,48,Vizcaya,48064,MEÑAKA
16,16 País Vasco,48,Vizcaya,48066,MORGA
16,16 País Vasco,48,Vizcaya,48068,MUNDAKA
16,16 País Vasco,48,Vizcaya,48069,MUNGIA
16,16 País Vasco,48,Vizcaya,48007,MUNITIBAR-ARBATZEGI GERRIKAITZ
16,16 País Vasco,48,Vizcaya,48908,MURUETA
16,16 País Vasco,48,Vizcaya,48071,MUSKIZ
16,16 País Vasco,48,Vizcaya,48067,MUXIKA
16,16 País Vasco,48,Vizcaya,48909,NABARNIZ
16,16 País Vasco,48,Vizcaya,48073,ONDARROA
16,16 País Vasco,48,Vizcaya,48075,OROZKO
16,16 País Vasco,48,Vizcaya,48083,ORTUELLA
16,16 País Vasco,48,Vizcaya,48072,OTXANDIO
16,16 País Vasco,48,Vizcaya,48077,PLENTZIA
16,16 País Vasco,48,Vizcaya,48078,PORTUGALETE
16,16 País Vasco,48,Vizcaya,48082,SANTURTZI
16,16 País Vasco,48,Vizcaya,48084,SESTAO
16,16 País Vasco,48,Vizcaya,48904,SONDIKA
16,16 País Vasco,48,Vizcaya,48085,SOPELA
16,16 País Vasco,48,Vizcaya,48086,SOPUERTA
16,16 País Vasco,48,Vizcaya,48076,SUKARRIETA
16,16 País Vasco,48,Vizcaya,48087,TRUCIOS-TURTZIOZ
16,16 País Vasco,48,Vizcaya,48088,UBIDE
16,16 País Vasco,48,Vizcaya,48065,UGAO-MIRABALLES
16,16 País Vasco,48,Vizcaya,48089,URDULIZ
16,16 País Vasco,48,Vizcaya,48074,URDUÑA/ORDUÑA
16,16 País Vasco,48,Vizcaya,48080,VALLE DE TRÁPAGA-TRAPAGARAN
16,16 País Vasco,48,Vizcaya,48095,ZALDIBAR
16,16 País Vasco,48,Vizcaya,48096,ZALLA
16,16 País Vasco,48,Vizcaya,48905,ZAMUDIO
16,16 País Vasco,48,Vizcaya,48097,ZARATAMO
16,16 País Vasco,48,Vizcaya,48024,ZEANURI
16,16 País Vasco,48,Vizcaya,48025,ZEBERIO
16,16 País Vasco,48,Vizcaya,48913,ZIERBENA
16,16 País Vasco,48,Vizcaya,48915,ZIORTZA-BOLIBAR
17,"17 Rioja, La",26,Rioja (La),26001,ÁBALOS
17,"17 Rioja, La",26,Rioja (La),26002,AGONCILLO
17,"17 Rioja, La",26,Rioja (La),26003,AGUILAR DEL RÍO ALHAMA
17,"17 Rioja, La",26,Rioja (La),26004,AJAMIL DE CAMEROS
17,"17 Rioja, La",26,Rioja (La),26005,ALBELDA DE IREGUA
17,"17 Rioja, La",26,Rioja (La),26006,ALBERITE
17,"17 Rioja, La",26,Rioja (La),26007,ALCANADRE
17,"17 Rioja, La",26,Rioja (La),26008,ALDEANUEVA DE EBRO
17,"17 Rioja, La",26,Rioja (La),26009,ALESANCO
17,"17 Rioja, La",26,Rioja (La),26010,ALESÓN
17,"17 Rioja, La",26,Rioja (La),26011,ALFARO
17,"17 Rioja, La",26,Rioja (La),26012,ALMARZA DE CAMEROS
17,"17 Rioja, La",26,Rioja (La),26013,ANGUCIANA
17,"17 Rioja, La",26,Rioja (La),26014,ANGUIANO
17,"17 Rioja, La",26,Rioja (La),26015,ARENZANA DE ABAJO
17,"17 Rioja, La",26,Rioja (La),26016,ARENZANA DE ARRIBA
17,"17 Rioja, La",26,Rioja (La),26017,ARNEDILLO
17,"17 Rioja, La",26,Rioja (La),26018,ARNEDO
17,"17 Rioja, La",26,Rioja (La),26019,ARRÚBAL
17,"17 Rioja, La",26,Rioja (La),26020,AUSEJO
17,"17 Rioja, La",26,Rioja (La),26021,AUTOL
17,"17 Rioja, La",26,Rioja (La),26022,AZOFRA
17,"17 Rioja, La",26,Rioja (La),26023,BADARÁN
17,"17 Rioja, La",26,Rioja (La),26024,BAÑARES
17,"17 Rioja, La",26,Rioja (La),26026,BAÑOS DE RÍO TOBÍA
17,"17 Rioja, La",26,Rioja (La),26025,BAÑOS DE RIOJA
17,"17 Rioja, La",26,Rioja (La),26027,BERCEO
17,"17 Rioja, La",26,Rioja (La),26028,BERGASA
17,"17 Rioja, La",26,Rioja (La),26029,BERGASILLAS BAJERA
17,"17 Rioja, La",26,Rioja (La),26030,BEZARES
17,"17 Rioja, La",26,Rioja (La),26031,BOBADILLA
17,"17 Rioja, La",26,Rioja (La),26032,BRIEVA DE CAMEROS
17,"17 Rioja, La",26,Rioja (La),26033,BRIÑAS
17,"17 Rioja, La",26,Rioja (La),26034,BRIONES
17,"17 Rioja, La",26,Rioja (La),26035,CABEZÓN DE CAMEROS
17,"17 Rioja, La",26,Rioja (La),26036,CALAHORRA
17,"17 Rioja, La",26,Rioja (La),26037,CAMPROVÍN
17,"17 Rioja, La",26,Rioja (La),26038,CANALES DE LA SIERRA
17,"17 Rioja, La",26,Rioja (La),26039,CANILLAS DE RÍO TUERTO
17,"17 Rioja, La",26,Rioja (La),26040,CAÑAS
17,"17 Rioja, La",26,Rioja (La),26041,CÁRDENAS
17,"17 Rioja, La",26,Rioja (La),26042,CASALARREINA
17,"17 Rioja, La",26,Rioja (La),26043,CASTAÑARES DE RIOJA
17,"17 Rioja, La",26,Rioja (La),26044,CASTROVIEJO
17,"17 Rioja, La",26,Rioja (La),26045,CELLORIGO
17,"17 Rioja, La",26,Rioja (La),26046,CENICERO
17,"17 Rioja, La",26,Rioja (La),26047,CERVERA DEL RÍO ALHAMA
17,"17 Rioja, La",26,Rioja (La),26048,CIDAMÓN
17,"17 Rioja, La",26,Rioja (La),26049,CIHURI
17,"17 Rioja, La",26,Rioja (La),26050,CIRUEÑA
17,"17 Rioja, La",26,Rioja (La),26051,CLAVIJO
17,"17 Rioja, La",26,Rioja (La),26052,CORDOVÍN
17,"17 Rioja, La",26,Rioja (La),26053,CORERA
17,"17 Rioja, La",26,Rioja (La),26054,CORNAGO
17,"17 Rioja, La",26,Rioja (La),26055,CORPORALES
17,"17 Rioja, La",26,Rioja (La),26056,CUZCURRITA DE RÍO TIRÓN
17,"17 Rioja, La",26,Rioja (La),26057,DAROCA DE RIOJA
17,"17 Rioja, La",26,Rioja (La),26058,ENCISO
17,"17 Rioja, La",26,Rioja (La),26059,ENTRENA
17,"17 Rioja, La",26,Rioja (La),26060,ESTOLLO
17,"17 Rioja, La",26,Rioja (La),26061,EZCARAY
17,"17 Rioja, La",26,Rioja (La),26062,FONCEA
17,"17 Rioja, La",26,Rioja (La),26063,FONZALECHE
17,"17 Rioja, La",26,Rioja (La),26064,FUENMAYOR
17,"17 Rioja, La",26,Rioja (La),26065,GALBÁRRULI
17,"17 Rioja, La",26,Rioja (La),26066,GALILEA
17,"17 Rioja, La",26,Rioja (La),26067,GALLINERO DE CAMEROS
17,"17 Rioja, La",26,Rioja (La),26068,GIMILEO
17,"17 Rioja, La",26,Rioja (La),26069,GRAÑÓN
17,"17 Rioja, La",26,Rioja (La),26070,GRÁVALOS
17,"17 Rioja, La",26,Rioja (La),26071,HARO
17,"17 Rioja, La",26,Rioja (La),26072,HERCE
17,"17 Rioja, La",26,Rioja (La),26073,HERRAMÉLLURI
17,"17 Rioja, La",26,Rioja (La),26074,HERVÍAS
17,"17 Rioja, La",26,Rioja (La),26075,HORMILLA
17,"17 Rioja, La",26,Rioja (La),26076,HORMILLEJA
17,"17 Rioja, La",26,Rioja (La),26077,HORNILLOS DE CAMEROS
17,"17 Rioja, La",26,Rioja (La),26078,HORNOS DE MONCALVILLO
17,"17 Rioja, La",26,Rioja (La),26079,HUÉRCANOS
17,"17 Rioja, La",26,Rioja (La),26080,IGEA
17,"17 Rioja, La",26,Rioja (La),26081,JALÓN DE CAMEROS
17,"17 Rioja, La",26,Rioja (La),26082,LAGUNA DE CAMEROS
17,"17 Rioja, La",26,Rioja (La),26083,LAGUNILLA DEL JUBERA
17,"17 Rioja, La",26,Rioja (La),26084,LARDERO
17,"17 Rioja, La",26,Rioja (La),26086,LEDESMA DE LA COGOLLA
17,"17 Rioja, La",26,Rioja (La),26087,LEIVA
17,"17 Rioja, La",26,Rioja (La),26088,LEZA DE RÍO LEZA
17,"17 Rioja, La",26,Rioja (La),26089,LOGROÑO
17,"17 Rioja, La",26,Rioja (La),26091,LUMBRERAS DE CAMEROS
17,"17 Rioja, La",26,Rioja (La),26092,MANJARRÉS
17,"17 Rioja, La",26,Rioja (La),26093,MANSILLA DE LA SIERRA
17,"17 Rioja, La",26,Rioja (La),26094,MANZANARES DE RIOJA
17,"17 Rioja, La",26,Rioja (La),26095,MATUTE
17,"17 Rioja, La",26,Rioja (La),26096,MEDRANO
17,"17 Rioja, La",26,Rioja (La),26098,MUNILLA
17,"17 Rioja, La",26,Rioja (La),26099,MURILLO DE RÍO LEZA
17,"17 Rioja, La",26,Rioja (La),26100,MURO DE AGUAS
17,"17 Rioja, La",26,Rioja (La),26101,MURO EN CAMEROS
17,"17 Rioja, La",26,Rioja (La),26102,NÁJERA
17,"17 Rioja, La",26,Rioja (La),26103,NALDA
17,"17 Rioja, La",26,Rioja (La),26104,NAVAJÚN
17,"17 Rioja, La",26,Rioja (La),26105,NAVARRETE
17,"17 Rioja, La",26,Rioja (La),26106,NESTARES
17,"17 Rioja, La",26,Rioja (La),26107,NIEVA DE CAMEROS
17,"17 Rioja, La",26,Rioja (La),26109,OCHÁNDURI
17,"17 Rioja, La",26,Rioja (La),26108,OCÓN
17,"17 Rioja, La",26,Rioja (La),26110,OJACASTRO
17,"17 Rioja, La",26,Rioja (La),26111,OLLAURI
17,"17 Rioja, La",26,Rioja (La),26112,ORTIGOSA DE CAMEROS
17,"17 Rioja, La",26,Rioja (La),26113,PAZUENGOS
17,"17 Rioja, La",26,Rioja (La),26114,PEDROSO
17,"17 Rioja, La",26,Rioja (La),26115,PINILLOS
17,"17 Rioja, La",26,Rioja (La),26117,PRADEJÓN
17,"17 Rioja, La",26,Rioja (La),26118,PRADILLO
17,"17 Rioja, La",26,Rioja (La),26119,PRÉJANO
17,"17 Rioja, La",26,Rioja (La),26120,QUEL
17,"17 Rioja, La",26,Rioja (La),26121,RABANERA
17,"17 Rioja, La",26,Rioja (La),26122,RASILLO DE CAMEROS (EL)
17,"17 Rioja, La",26,Rioja (La),26123,REDAL (EL)
17,"17 Rioja, La",26,Rioja (La),26124,RIBAFRECHA
17,"17 Rioja, La",26,Rioja (La),26125,RINCÓN DE SOTO
17,"17 Rioja, La",26,Rioja (La),26126,ROBRES DEL CASTILLO
17,"17 Rioja, La",26,Rioja (La),26127,RODEZNO
17,"17 Rioja, La",26,Rioja (La),26128,SAJAZARRA
17,"17 Rioja, La",26,Rioja (La),26129,SAN ASENSIO
17,"17 Rioja, La",26,Rioja (La),26130,SAN MILLÁN DE LA COGOLLA
17,"17 Rioja, La",26,Rioja (La),26131,SAN MILLÁN DE YÉCORA
17,"17 Rioja, La",26,Rioja (La),26132,SAN ROMÁN DE CAMEROS
17,"17 Rioja, La",26,Rioja (La),26139,SAN TORCUATO
17,"17 Rioja, La",26,Rioja (La),26142,SAN VICENTE DE LA SONSIERRA
17,"17 Rioja, La",26,Rioja (La),26134,SANTA COLOMA
17,"17 Rioja, La",26,Rioja (La),26135,SANTA ENGRACIA DEL JUBERA
17,"17 Rioja, La",26,Rioja (La),26136,SANTA EULALIA BAJERA
17,"17 Rioja, La",26,Rioja (La),26138,SANTO DOMINGO DE LA CALZADA
17,"17 Rioja, La",26,Rioja (La),26140,SANTURDE DE RIOJA
17,"17 Rioja, La",26,Rioja (La),26141,SANTURDEJO
17,"17 Rioja, La",26,Rioja (La),26143,SOJUELA
17,"17 Rioja, La",26,Rioja (La),26144,SORZANO
17,"17 Rioja, La",26,Rioja (La),26145,SOTÉS
17,"17 Rioja, La",26,Rioja (La),26146,SOTO EN CAMEROS
17,"17 Rioja, La",26,Rioja (La),26147,TERROBA
17,"17 Rioja, La",26,Rioja (La),26148,TIRGO
17,"17 Rioja, La",26,Rioja (La),26149,TOBÍA
17,"17 Rioja, La",26,Rioja (La),26150,TORMANTOS
17,"17 Rioja, La",26,Rioja (La),26153,TORRE EN CAMEROS
17,"17 Rioja, La",26,Rioja (La),26151,TORRECILLA EN CAMEROS
17,"17 Rioja, La",26,Rioja (La),26152,TORRECILLA SOBRE ALESANCO
17,"17 Rioja, La",26,Rioja (La),26154,TORREMONTALBO
17,"17 Rioja, La",26,Rioja (La),26155,TREVIANA
17,"17 Rioja, La",26,Rioja (La),26157,TRICIO
17,"17 Rioja, La",26,Rioja (La),26158,TUDELILLA
17,"17 Rioja, La",26,Rioja (La),26160,URUÑUELA
17,"17 Rioja, La",26,Rioja (La),26161,VALDEMADERA
17,"17 Rioja, La",26,Rioja (La),26162,VALGAÑÓN
17,"17 Rioja, La",26,Rioja (La),26163,VENTOSA
17,"17 Rioja, La",26,Rioja (La),26164,VENTROSA
17,"17 Rioja, La",26,Rioja (La),26165,VIGUERA
17,"17 Rioja, La",26,Rioja (La),26166,VILLALBA DE RIOJA
17,"17 Rioja, La",26,Rioja (La),26167,VILLALOBAR DE RIOJA
17,"17 Rioja, La",26,Rioja (La),26168,VILLAMEDIANA DE IREGUA
17,"17 Rioja, La",26,Rioja (La),26169,VILLANUEVA DE CAMEROS
17,"17 Rioja, La",26,Rioja (La),26170,VILLAR DE ARNEDO (EL)
17,"17 Rioja, La",26,Rioja (La),26171,VILLAR DE TORRE
17,"17 Rioja, La",26,Rioja (La),26172,VILLAREJO
17,"17 Rioja, La",26,Rioja (La),26173,VILLARROYA
17,"17 Rioja, La",26,Rioja (La),26174,VILLARTA-QUINTANA
17,"17 Rioja, La",26,Rioja (La),26175,VILLAVELAYO
17,"17 Rioja, La",26,Rioja (La),26176,VILLAVERDE DE RIOJA
17,"17 Rioja, La",26,Rioja (La),26177,VILLOSLADA DE CAMEROS
17,"17 Rioja, La",26,Rioja (La),26178,VINIEGRA DE ABAJO
17,"17 Rioja, La",26,Rioja (La),26179,VINIEGRA DE ARRIBA
17,"17 Rioja, La",26,Rioja (La),26180,ZARRATÓN
17,"17 Rioja, La",26,Rioja (La),26181,ZARZOSA
17,"17 Rioja, La",26,Rioja (La),26183,ZORRAQUÍN
18,18 Ceuta,51,Ceuta,51001,CEUTA
19,19 Melilla,52,Melilla,52001,MELILLA
